[INFO] [launch]: All log files can be found below /root/.ros/log/2026-09-09-22-13-55-864564-ExternalDrive-6613
[INFO] [launch]: Default logging verbosity is set to INFO
[INFO] [launch.user]: controller=pure_pursuit custom_amcl=True rviz=False
[INFO] [autodrive_bridge_40hz-1]: process started with pid [6711]
[INFO] [sensor_odometry_node-2]: process started with pid [6713]
[INFO] [ekf_localization_node-3]: process started with pid [6715]
[INFO] [map_server-4]: process started with pid [6717]
[INFO] [lifecycle_manager-5]: process started with pid [6719]
[INFO] [gpu_amcl_cpp_node-6]: process started with pid [6721]
[INFO] [ground_truth_amcl_monitor-7]: process started with pid [6723]
[INFO] [calibration-8]: process started with pid [6725]
[INFO] [component_container-9]: process started with pid [6727]
[INFO] [actuator_interface-10]: process started with pid [6729]
[ekf_localization_node-3] [INFO] [1788992036.090981354] [ekf_localization]: Local odometry trust filter ready: /odom -> /ekf_odom and /ekf_pose in frame odom; reset events=/autodrive/reset_command
[sensor_odometry_node-2] [INFO] [1788992036.098168082] [sensor_odometry]: Deterministic odometry observer: exact timestamp packets, encoders + IMU only
[lifecycle_manager-5] [INFO] [1788992036.107941271] [lifecycle_manager_map]: Creating
[lifecycle_manager-5] [INFO] [1788992036.112633220] [lifecycle_manager_map]: [34m[1mCreating and initializing lifecycle service clients[0m[0m
[map_server-4] [INFO] [1788992036.112747956] [map_server]: 
[map_server-4] 	map_server lifecycle node launched. 
[map_server-4] 	Waiting on external lifecycle transitions to activate
[map_server-4] 	See https://design.ros2.org/articles/node_lifecycle.html for more information.
[map_server-4] [INFO] [1788992036.112895733] [map_server]: Creating
[lifecycle_manager-5] [INFO] [1788992036.115033251] [lifecycle_manager_map]: [34m[1mStarting managed nodes bringup...[0m[0m
[lifecycle_manager-5] [INFO] [1788992036.115073296] [lifecycle_manager_map]: [34m[1mConfiguring map_server[0m[0m
[component_container-9] [INFO] [1788992036.297800871] [controller_container]: Load Library: /workspace/install/lib/libpure_pursuit_node.so
[gpu_amcl_cpp_node-6] [INFO] [1788992036.298948528] [gpu_amcl_cpp]: [AMCL] Parameters: update_min_d=0.02000, update_min_a=0.03500, max_scan_age=0.2500, odom_history=1.000s, cloud_publish_rate=1.0 Hz, debug_pre_resample=false, slip_threshold=1.00 rad/s, initial_raceline_heading=false, local_correction_gate=0.00m/0.00rad xy_gain=0.500 cross_track_only=false yaw_gain=0.000 association=0.80m recenter_cloud=true
[component_container-9] [INFO] [1788992036.300542484] [controller_container]: Found class: rclcpp_components::NodeFactoryTemplate<f1tenth_control::PurePursuitNode>
[component_container-9] [INFO] [1788992036.300606584] [controller_container]: Instantiate class: rclcpp_components::NodeFactoryTemplate<f1tenth_control::PurePursuitNode>
[component_container-9] [INFO] [1788992036.306314993] [pure_pursuit_node]: Initializing Pure Pursuit Node
[gpu_amcl_cpp_node-6] [INFO] [1788992036.308552048] [gpu_amcl_cpp]: Particle cloud publishing scan-synchronized, max 1.0 Hz
[gpu_amcl_cpp_node-6] [INFO] [1788992036.308599287] [gpu_amcl_cpp]: GPU AMCL C++ node created — waiting for map...
[component_container-9] [INFO] [1788992036.311576903] [pure_pursuit_node]: Loaded trajectory with 2586 waypoints (51.7 m)
[autodrive_bridge_40hz-1] /usr/local/lib/python3.10/dist-packages/numpy/core/getlimits.py:499: UserWarning: The value of the smallest subnormal for <class 'numpy.float64'> type is zero.
[autodrive_bridge_40hz-1]   setattr(self, word, getattr(machar, word).flat[0])
[autodrive_bridge_40hz-1] /usr/local/lib/python3.10/dist-packages/numpy/core/getlimits.py:89: UserWarning: The value of the smallest subnormal for <class 'numpy.float64'> type is zero.
[autodrive_bridge_40hz-1]   return self._float_to_str(self.smallest_subnormal)
[component_container-9] [INFO] [1788992036.315289992] [pure_pursuit_node]: Pure Pursuit Node initialized
[component_container-9] [INFO] [1788992036.315326591] [pure_pursuit_node]:   Trajectory: /workspace/src/f1tenth_planning/trajectories/autodrive_track_ftg_commit_20260909_025m_mintime_raceline.csv (2586 points)
[component_container-9] [INFO] [1788992036.315334085] [pure_pursuit_node]:   Lookahead: 0.75 - 1.10 m (gain: 0.05)
[component_container-9] [INFO] [1788992036.315344314] [pure_pursuit_node]:   Max speed cap: 1.50 m/s
[INFO] [launch_ros.actions.load_composable_nodes]: Loaded node '/pure_pursuit_node' in container '/controller_container'
[component_container-9] [INFO] [1788992036.315349885] [pure_pursuit_node]:   Lookahead adapt: cte_weight=1.00 cte_gain=0.042 curvature_gain=1.900
[component_container-9] [INFO] [1788992036.315356557] [pure_pursuit_node]:   Speed adapt: curvature_factor=0.102 floor_ratio=0.52
[component_container-9] [INFO] [1788992036.315362859] [pure_pursuit_node]:   Speed adapt (CTE): factor=1.500 floor_ratio=0.55
[component_container-9] [INFO] [1788992036.315368340] [pure_pursuit_node]:   Speed limits: max_lat_accel=6.50 min_reg_speed=0.00
[component_container-9] [INFO] [1788992036.315426699] [pure_pursuit_node]:   Yaw-rate damping: 0.000 s
[component_container-9] [INFO] [1788992036.315437349] [pure_pursuit_node]:   Target-heading turn-in gain: 0.000
[component_container-9] [INFO] [1788992036.315446456] [pure_pursuit_node]:   Command shaping: steer_rate=3.20 accel=3.00 decel=8.00
[component_container-9] [INFO] [1788992036.315455704] [pure_pursuit_node]:   Pose: /current_map_pose (map frame)
[component_container-9] [INFO] [1788992036.315469239] [pure_pursuit_node]:   Odom: /odom
[component_container-9] [INFO] [1788992036.315477214] [pure_pursuit_node]:   Control trigger: /odom (one command per odometry update; nominal 40.0 Hz)
[component_container-9] [INFO] [1788992036.315485159] [pure_pursuit_node]:   Steering feedback: /autodrive/roboracer_1/steering (lead gain 0.25)
[component_container-9] [INFO] [1788992036.315491010] [pure_pursuit_node]:   Startup path gate: distance <= 0.80 m, heading <= 0.75 rad
[component_container-9] [INFO] [1788992036.315496921] [pure_pursuit_node]:   Command: /cmd/speed
[map_server-4] [INFO] [1788992036.513875933] [map_server]: Configuring
[map_server-4] [INFO] [1788992036.513973046] [map_io]: Loading yaml file: /workspace/src/f1tenth_planning/maps/autodrive_track_ftg_commit_20260909_025m.yaml
[map_server-4] [INFO] [1788992036.514458538] [map_io]: resolution: 0.025
[map_server-4] [INFO] [1788992036.514475951] [map_io]: origin[0]: -6.82
[map_server-4] [INFO] [1788992036.514484978] [map_io]: origin[1]: -12.3
[map_server-4] [INFO] [1788992036.514492743] [map_io]: origin[2]: 0
[map_server-4] [INFO] [1788992036.514500267] [map_io]: free_thresh: 0.25
[map_server-4] [INFO] [1788992036.514507671] [map_io]: occupied_thresh: 0.65
[map_server-4] [INFO] [1788992036.514516487] [map_io]: mode: trinary
[map_server-4] [INFO] [1788992036.514524272] [map_io]: negate: 0
[map_server-4] [INFO] [1788992036.514799509] [map_io]: Loading image_file: /workspace/src/f1tenth_planning/maps/autodrive_track_ftg_commit_20260909_025m.pgm
[map_server-4] [INFO] [1788992036.547305957] [map_io]: Read map /workspace/src/f1tenth_planning/maps/autodrive_track_ftg_commit_20260909_025m.pgm: 349 X 877 map @ 0.025 m/cell
[lifecycle_manager-5] [INFO] [1788992036.552942691] [lifecycle_manager_map]: [34m[1mActivating map_server[0m[0m
[map_server-4] [INFO] [1788992036.553111559] [map_server]: Activating
[map_server-4] [INFO] [1788992036.553771008] [map_server]: Creating bond (map_server) to lifecycle manager.
[gpu_amcl_cpp_node-6] [INFO] [1788992036.554495440] [gpu_amcl_cpp]: Received first map (349x877 @ 0.025 m/cell) — initialising PF
[autodrive_bridge_40hz-1] [autodrive_bridge_40hz] camera decode/publication disabled
[autodrive_bridge_40hz-1] [autodrive_bridge_40hz] bounded request pacing enabled at 40 Hz (max one outstanding request)
[ground_truth_amcl_monitor-7] [INFO] [1788992036.568087446] [ground_truth_amcl_monitor]: Absolute map scoring enabled from explicit map start: (0.8006, 3.1583, -1.5708)
[gpu_amcl_cpp_node-6] [INFO] [1788992036.569532122] [gpu_amcl_cpp]: Loaded 2587 global heading points from /workspace/src/f1tenth_planning/trajectories/autodrive_track_ftg_commit_20260909_025m_mintime_raceline.csv
[ground_truth_amcl_monitor-7] [WARN] [1788992036.581730519] [ground_truth_amcl_monitor]: Ground-truth monitor is diagnostics-only; simulator IPS/odom are not controller inputs
[calibration-8] [INFO] [1788992036.584237231] [allowed_telemetry_recorder]: Calibration mode=sensor_record duration=200.000 s output=/workspace/src/f1tenth_planning/analysis/amcl_tuning_campaign_20260909/acceptance_single_sim_ramp_15_to_4mps_20260909_run04/telemetry/sensor_record_20260909_221356.csv
[gpu_amcl_cpp_node-6] [INFO] [1788992036.586075085] [gpu_amcl_cpp]: Global AMCL startup prior centred at saved map start (0.801, 3.158, -1.571) with covariance (0.500, 0.500, 0.200).
[gpu_amcl_cpp_node-6] [INFO] [1788992036.586126051] [gpu_amcl_cpp]: Particle filter initialised with 2500 particles (global)
[gpu_amcl_cpp_node-6] [INFO] [1788992036.586165826] [gpu_amcl_cpp]: Global particle initialization active; waiting for scans before publishing pose
[actuator_interface-10] [INFO] [1788992036.604753482] [autodrive_actuator_interface]: Actuator interface ready; no arming state
[actuator_interface-10] [WARN] [1788992036.605989655] [autodrive_actuator_interface]: Neutral output: no command
[autodrive_bridge_40hz-1] Connected!
[lifecycle_manager-5] [INFO] [1788992036.658301157] [lifecycle_manager_map]: Server map_server connected with bond.
[lifecycle_manager-5] [INFO] [1788992036.658356030] [lifecycle_manager_map]: [34m[1mManaged nodes are active[0m[0m
[lifecycle_manager-5] [INFO] [1788992036.658378783] [lifecycle_manager_map]: [34m[1mCreating bond timer...[0m[0m
[component_container-9] [WARN] [1788992036.695481209] [pure_pursuit_node]: No pose received on /current_map_pose yet
[gpu_amcl_cpp_node-6] [INFO] [1788992036.695471791] [gpu_amcl_cpp]: Received first odometry sample at (0.00, 0.00, 0.00).
[gpu_amcl_cpp_node-6] [INFO] [1788992036.696636700] [gpu_amcl_cpp]: Received LiDAR callback #1 (1081 ranges).
[gpu_amcl_cpp_node-6] [INFO] [1788992036.696699258] [gpu_amcl_cpp]: AMCL odom delta: at_scan=(0.000, 0.000, 0.000) baseline=(0.000, 0.000, 0.000) delta=(0.000, 0.000, 0.000) moved=false scan_age=0.068s
[gpu_amcl_cpp_node-6] [INFO] [1788992036.696719356] [gpu_amcl_cpp]: Starting AMCL scan update #1 (sampled from 1081 ranges).
[gpu_amcl_cpp_node-6] [INFO] [1788992036.698607314] [gpu_amcl_cpp]: AMCL scan update #1 completed; evaluating pose confidence.
[gpu_amcl_cpp_node-6] [INFO] [1788992036.705494419] [gpu_amcl_cpp]: Startup GPU scan refinement done: refined_particles=2230/2500, beams=180, best_mean_dist=0.000 m, time=6.82 ms
[gpu_amcl_cpp_node-6] [INFO] [1788992036.708135774] [gpu_amcl_cpp]: Global AMCL refining: cluster_weight=0.927, covariance xy=0.009 (max 0.250), yaw=0.000 (max 0.120).
[gpu_amcl_cpp_node-6] [INFO] [1788992036.708192921] [gpu_amcl_cpp]: Global AMCL lock evidence: quality=false stable_scans=1/5 travel=0.000/0.750 m (min_weight=0.500).
[gpu_amcl_cpp_node-6] [INFO] [1788992036.907791595] [gpu_amcl_cpp]: Publishing provisional global AMCL pose for localization ramp; travel=0.000/0.750 m stable_scans=5/5.
[ground_truth_amcl_monitor-7] [INFO] [1788992036.909099223] [ground_truth_amcl_monitor]: Relative GT alignment initialized: yaw=-0.000, translation=(-0.000, 0.000)
[ground_truth_amcl_monitor-7] [INFO] [1788992036.909701445] [ground_truth_amcl_monitor]: AMCL vs GT: gt=(0.801, 3.158) amcl=(0.801, 3.158) error=0.000 m / 0.000 rad; current_map=unavailable; odom=(0.801, 3.158, -1.571) error=0.000 m / 0.000 rad; ekf=(0.801, 3.158, -1.571) error=0.000 m / 0.000 rad; RMS=0.000 m / 0.000 rad max=0.000 m / 0.000 rad samples=1
[component_container-9] [INFO] [1788992037.202977260] [pure_pursuit_node]: Aligned closed trajectory seam to startup pose at original waypoint 1090
[component_container-9] [INFO] [1788992037.203075324] [pure_pursuit_node]: Startup path gate passed: path_distance=0.166 m heading_error=0.302 rad
[component_container-9] [INFO] [1788992037.203095131] [pure_pursuit_node]: Pure Pursuit: pose=(0.801, 3.158, -1.571) cte=-0.166 closest=0 target=38 path_dist=0.166 heading_err=0.302 steer=0.003 speed=0.003
[gpu_amcl_cpp_node-6] [INFO] [1788992037.705623425] [gpu_amcl_cpp]: AMCL odom delta: at_scan=(0.148, 0.003, 0.035) baseline=(0.106, 0.002, 0.026) delta=(0.041, 0.001, 0.009) moved=true scan_age=0.050s
[actuator_interface-10] [INFO] [1788992037.707037453] [autodrive_actuator_interface]: Collision baseline established at cumulative count 0
[ground_truth_amcl_monitor-7] [INFO] [1788992037.954993708] [ground_truth_amcl_monitor]: AMCL vs GT: gt=(0.825, 2.653) amcl=(0.817, 2.788) error=0.135 m / 0.013 rad; current_map=(0.823, 2.726, -1.472) error=0.072 m / 0.000 rad; odom=(0.823, 2.726, -1.472) error=0.072 m / 0.000 rad; ekf=(0.823, 2.726, -1.472) error=0.072 m / 0.000 rad; RMS=0.054 m / 0.005 rad max=0.135 m / 0.013 rad samples=42
[gpu_amcl_cpp_node-6] [INFO] [1788992038.208125400] [gpu_amcl_cpp]: Global AMCL lock accepted at (0.866, 2.397, -1.409); continuing with local tracking.
[component_container-9] [INFO] [1788992038.253271393] [pure_pursuit_node]: Pure Pursuit: pose=(0.890, 2.262, -1.388) cte=-0.002 closest=44 target=86 path_dist=0.002 heading_err=0.070 steer=0.033 speed=1.485
[gpu_amcl_cpp_node-6] [INFO] [1788992038.256945439] [gpu_amcl_cpp]: AMCL local correction: odom_prediction=(0.878, 2.329, -1.399) scan=(0.878, 2.325, -1.410) correction=0.004 m/0.011 rad cluster_weight=0.909 publish=true
[gpu_amcl_cpp_node-6] [INFO] [1788992038.755428399] [gpu_amcl_cpp]: AMCL odom delta: at_scan=(1.539, 0.223, 0.216) baseline=(1.468, 0.208, 0.216) delta=(0.071, 0.015, 0.001) moved=true scan_age=0.051s
[ground_truth_amcl_monitor-7] [INFO] [1788992038.958968131] [ground_truth_amcl_monitor]: AMCL vs GT: gt=(1.092, 1.243) amcl=(1.070, 1.379) error=0.138 m / 0.000 rad; current_map=(1.072, 1.378, -1.359) error=0.137 m / 0.000 rad; odom=(1.086, 1.338, -1.359) error=0.095 m / 0.000 rad; ekf=(1.086, 1.338, -1.359) error=0.095 m / 0.000 rad; RMS=0.103 m / 0.005 rad max=0.207 m / 0.014 rad samples=83
[component_container-9] [INFO] [1788992039.254592830] [pure_pursuit_node]: Pure Pursuit: pose=(1.163, 0.962, -1.388) cte=0.004 closest=110 target=152 path_dist=0.004 heading_err=-0.012 steer=-0.028 speed=1.478
[gpu_amcl_cpp_node-6] [INFO] [1788992039.258873285] [gpu_amcl_cpp]: AMCL local correction: odom_prediction=(1.149, 1.032, -1.384) scan=(1.144, 1.061, -1.382) correction=0.030 m/0.002 rad cluster_weight=0.962 publish=true
[gpu_amcl_cpp_node-6] [WARN] [1788992039.457841004] [gpu_amcl_cpp]: No local AMCL cluster near odometry prediction; using causal odometry pose.
[gpu_amcl_cpp_node-6] [INFO] [1788992039.802766626] [gpu_amcl_cpp]: AMCL odom delta: at_scan=(3.028, 0.495, 0.128) baseline=(2.956, 0.485, 0.134) delta=(0.072, 0.009, -0.006) moved=true scan_age=0.049s
[ground_truth_amcl_monitor-7] [INFO] [1788992039.959738431] [ground_truth_amcl_monitor]: AMCL vs GT: gt=(1.331, -0.200) amcl=(1.294, 0.123) error=0.325 m / 0.000 rad; current_map=(1.294, 0.123, -1.463) error=0.325 m / 0.000 rad; odom=(1.322, -0.088, -1.463) error=0.111 m / 0.000 rad; ekf=(1.322, -0.088, -1.463) error=0.111 m / 0.000 rad; RMS=0.187 m / 0.005 rad max=0.403 m / 0.014 rad samples=123
[component_container-9] [INFO] [1788992040.255111026] [pure_pursuit_node]: Pure Pursuit: pose=(1.342, -0.433, -1.505) cte=-0.006 closest=181 target=223 path_dist=0.006 heading_err=0.002 steer=-0.031 speed=1.474
[gpu_amcl_cpp_node-6] [INFO] [1788992040.308057331] [gpu_amcl_cpp]: AMCL local correction: odom_prediction=(1.351, -0.568, -1.505) scan=(1.352, -0.650, -1.498) correction=0.082 m/0.007 rad cluster_weight=0.975 publish=true
[gpu_amcl_cpp_node-6] [INFO] [1788992040.807899184] [gpu_amcl_cpp]: AMCL odom delta: at_scan=(4.483, 0.584, -0.018) baseline=(4.409, 0.585, -0.009) delta=(0.073, -0.001, -0.009) moved=true scan_age=0.051s
[ground_truth_amcl_monitor-7] [INFO] [1788992040.960791872] [ground_truth_amcl_monitor]: AMCL vs GT: gt=(1.387, -1.664) amcl=(1.392, -1.602) error=0.062 m / 0.000 rad; current_map=(1.391, -1.624, -1.613) error=0.041 m / 0.000 rad; odom=(1.378, -1.538, -1.613) error=0.126 m / 0.000 rad; ekf=(1.378, -1.538, -1.613) error=0.126 m / 0.000 rad; RMS=0.190 m / 0.005 rad max=0.403 m / 0.014 rad samples=163
[component_container-9] [INFO] [1788992041.256387286] [pure_pursuit_node]: Pure Pursuit: pose=(1.360, -2.130, -1.652) cte=-0.020 closest=266 target=308 path_dist=0.020 heading_err=0.027 steer=-0.017 speed=1.448
[gpu_amcl_cpp_node-6] [INFO] [1788992041.309736578] [gpu_amcl_cpp]: AMCL local correction: odom_prediction=(1.360, -2.119, -1.652) scan=(1.357, -2.118, -1.649) correction=0.003 m/0.004 rad cluster_weight=0.945 publish=true
[gpu_amcl_cpp_node-6] [INFO] [1788992041.704642430] [gpu_amcl_cpp]: Received LiDAR callback #101 (1081 ranges).
[gpu_amcl_cpp_node-6] [INFO] [1788992041.704695740] [gpu_amcl_cpp]: Starting AMCL scan update #101 (sampled from 1081 ranges).
[gpu_amcl_cpp_node-6] [INFO] [1788992041.705251384] [gpu_amcl_cpp]: AMCL scan update #101 completed; evaluating pose confidence.
[gpu_amcl_cpp_node-6] [INFO] [1788992041.855453836] [gpu_amcl_cpp]: AMCL odom delta: at_scan=(5.979, 0.468, -0.112) baseline=(5.906, 0.476, -0.110) delta=(0.073, -0.008, -0.002) moved=true scan_age=0.050s
[ground_truth_amcl_monitor-7] [INFO] [1788992042.005193388] [ground_truth_amcl_monitor]: AMCL vs GT: gt=(1.251, -3.181) amcl=(1.266, -3.078) error=0.104 m / 0.003 rad; current_map=(1.258, -3.150, -1.691) error=0.032 m / 0.000 rad; odom=(1.243, -3.036, -1.691) error=0.145 m / 0.000 rad; ekf=(1.243, -3.036, -1.691) error=0.145 m / 0.000 rad; RMS=0.173 m / 0.005 rad max=0.403 m / 0.014 rad samples=204
[component_container-9] [INFO] [1788992042.301858051] [pure_pursuit_node]: Pure Pursuit: pose=(1.195, -3.656, -1.710) cte=-0.005 closest=342 target=384 path_dist=0.005 heading_err=0.005 steer=-0.013 speed=1.483
[gpu_amcl_cpp_node-6] [INFO] [1788992042.356974775] [gpu_amcl_cpp]: AMCL local correction: odom_prediction=(1.191, -3.662, -1.710) scan=(1.189, -3.698, -1.710) correction=0.036 m/0.000 rad cluster_weight=0.953 publish=true
[gpu_amcl_cpp_node-6] [WARN] [1788992042.604327825] [gpu_amcl_cpp]: Queued LiDAR scan until source-time odometry arrives (queued=1).
[gpu_amcl_cpp_node-6] [INFO] [1788992042.856364878] [gpu_amcl_cpp]: AMCL odom delta: at_scan=(7.427, 0.265, -0.163) baseline=(7.354, 0.277, -0.161) delta=(0.073, -0.012, -0.002) moved=true scan_age=0.052s
[ground_truth_amcl_monitor-7] [INFO] [1788992043.008945039] [ground_truth_amcl_monitor]: AMCL vs GT: gt=(1.035, -4.647) amcl=(1.048, -4.605) error=0.044 m / 0.000 rad; current_map=(1.049, -4.583, -1.737) error=0.065 m / 0.000 rad; odom=(1.030, -4.487, -1.737) error=0.160 m / 0.000 rad; ekf=(1.030, -4.487, -1.737) error=0.160 m / 0.000 rad; RMS=0.163 m / 0.004 rad max=0.403 m / 0.014 rad samples=245
[component_container-9] [INFO] [1788992043.301893297] [pure_pursuit_node]: Pure Pursuit: pose=(0.953, -5.120, -1.757) cte=-0.000 closest=417 target=459 path_dist=0.000 heading_err=0.002 steer=-0.008 speed=1.496
[gpu_amcl_cpp_node-6] [INFO] [1788992043.407766459] [gpu_amcl_cpp]: AMCL local correction: odom_prediction=(0.937, -5.193, -1.759) scan=(0.935, -5.199, -1.757) correction=0.006 m/0.002 rad cluster_weight=0.935 publish=true
[gpu_amcl_cpp_node-6] [INFO] [1788992043.904153629] [gpu_amcl_cpp]: AMCL odom delta: at_scan=(8.949, -0.020, -0.211) baseline=(8.878, -0.005, -0.209) delta=(0.071, -0.015, -0.002) moved=true scan_age=0.050s
[ground_truth_amcl_monitor-7] [INFO] [1788992044.055988498] [ground_truth_amcl_monitor]: AMCL vs GT: gt=(0.736, -6.181) amcl=(0.758, -6.102) error=0.082 m / 0.001 rad; current_map=(0.743, -6.173, -1.786) error=0.011 m / 0.000 rad; odom=(0.734, -6.005, -1.786) error=0.176 m / 0.000 rad; ekf=(0.734, -6.005, -1.786) error=0.176 m / 0.000 rad; RMS=0.153 m / 0.004 rad max=0.403 m / 0.014 rad samples=286
[component_container-9] [INFO] [1788992044.303096267] [pure_pursuit_node]: Pure Pursuit: pose=(0.649, -6.592, -1.797) cte=-0.002 closest=492 target=534 path_dist=0.002 heading_err=0.004 steer=-0.005 speed=1.478
[gpu_amcl_cpp_node-6] [INFO] [1788992044.458960519] [gpu_amcl_cpp]: AMCL local correction: odom_prediction=(0.618, -6.726, -1.799) scan=(0.611, -6.717, -1.795) correction=0.011 m/0.005 rad cluster_weight=0.967 publish=true
[gpu_amcl_cpp_node-6] [INFO] [1788992044.905352581] [gpu_amcl_cpp]: AMCL odom delta: at_scan=(10.378, -0.349, -0.239) baseline=(10.304, -0.331, -0.236) delta=(0.073, -0.018, -0.003) moved=true scan_age=0.048s
[ground_truth_amcl_monitor-7] [INFO] [1788992045.058746851] [ground_truth_amcl_monitor]: AMCL vs GT: gt=(0.399, -7.618) amcl=(0.409, -7.593) error=0.027 m / 0.000 rad; current_map=(0.407, -7.597, -1.818) error=0.023 m / 0.000 rad; odom=(0.400, -7.427, -1.818) error=0.191 m / 0.000 rad; ekf=(0.400, -7.427, -1.818) error=0.191 m / 0.000 rad; RMS=0.145 m / 0.004 rad max=0.403 m / 0.014 rad samples=327
[component_container-9] [INFO] [1788992045.352148821] [pure_pursuit_node]: Pure Pursuit: pose=(0.280, -8.087, -1.850) cte=-0.000 closest=569 target=611 path_dist=0.000 heading_err=0.003 steer=-0.039 speed=1.455
[gpu_amcl_cpp_node-6] [INFO] [1788992045.506591091] [gpu_amcl_cpp]: AMCL local correction: odom_prediction=(0.236, -8.242, -1.868) scan=(0.233, -8.230, -1.866) correction=0.012 m/0.003 rad cluster_weight=0.982 publish=true
[gpu_amcl_cpp_node-6] [INFO] [1788992045.954090713] [gpu_amcl_cpp]: AMCL odom delta: at_scan=(11.808, -0.783, -0.391) baseline=(11.744, -0.757, -0.379) delta=(0.064, -0.026, -0.012) moved=true scan_age=0.049s
[ground_truth_amcl_monitor-7] [INFO] [1788992046.060704207] [ground_truth_amcl_monitor]: AMCL vs GT: gt=(-0.041, -8.975) amcl=(-0.028, -8.951) error=0.027 m / 0.000 rad; current_map=(-0.029, -8.953, -1.990) error=0.025 m / 0.000 rad; odom=(-0.036, -8.773, -1.990) error=0.202 m / 0.000 rad; ekf=(-0.036, -8.773, -1.990) error=0.202 m / 0.000 rad; RMS=0.139 m / 0.004 rad max=0.403 m / 0.015 rad samples=367
[component_container-9] [INFO] [1788992046.353263143] [pure_pursuit_node]: Pure Pursuit: pose=(-0.243, -9.369, -2.127) cte=0.009 closest=638 target=680 path_dist=0.009 heading_err=0.022 steer=-0.158 speed=1.343
[gpu_amcl_cpp_node-6] [INFO] [1788992046.507648826] [gpu_amcl_cpp]: AMCL local correction: odom_prediction=(-0.319, -9.478, -2.190) scan=(-0.320, -9.474, -2.183) correction=0.004 m/0.007 rad cluster_weight=0.998 publish=true
[gpu_amcl_cpp_node-6] [INFO] [1788992046.754490565] [gpu_amcl_cpp]: Received LiDAR callback #204 (1081 ranges).
[gpu_amcl_cpp_node-6] [INFO] [1788992046.754568792] [gpu_amcl_cpp]: Starting AMCL scan update #204 (sampled from 1081 ranges).
[gpu_amcl_cpp_node-6] [INFO] [1788992046.755645044] [gpu_amcl_cpp]: AMCL scan update #204 completed; evaluating pose confidence.
[gpu_amcl_cpp_node-6] [INFO] [1788992046.954253346] [gpu_amcl_cpp]: AMCL odom delta: at_scan=(12.866, -1.539, -0.978) baseline=(12.829, -1.487, -0.932) delta=(0.037, -0.052, -0.046) moved=true scan_age=0.049s
[ground_truth_amcl_monitor-7] [INFO] [1788992047.104127861] [ground_truth_amcl_monitor]: AMCL vs GT: gt=(-0.911, -10.006) amcl=(-0.838, -9.953) error=0.090 m / 0.049 rad; current_map=(-0.895, -9.982, -2.691) error=0.029 m / 0.000 rad; odom=(-0.846, -9.773, -2.643) error=0.242 m / 0.049 rad; ekf=(-0.846, -9.773, -2.643) error=0.242 m / 0.049 rad; RMS=0.134 m / 0.009 rad max=0.403 m / 0.049 rad samples=408
[component_container-9] [INFO] [1788992047.403235434] [pure_pursuit_node]: Pure Pursuit: pose=(-1.329, -10.099, -3.057) cte=0.007 closest=707 target=749 path_dist=0.007 heading_err=-0.027 steer=-0.283 speed=1.344
[gpu_amcl_cpp_node-6] [INFO] [1788992047.556625246] [gpu_amcl_cpp]: AMCL local correction: odom_prediction=(-1.467, -10.102, 3.114) scan=(-1.472, -10.100, 3.118) correction=0.005 m/0.004 rad cluster_weight=0.996 publish=true
[gpu_amcl_cpp_node-6] [INFO] [1788992047.954521286] [gpu_amcl_cpp]: AMCL odom delta: at_scan=(12.949, -2.775, -2.045) baseline=(12.978, -2.714, -1.991) delta=(-0.029, -0.060, -0.054) moved=true scan_age=0.051s
[ground_truth_amcl_monitor-7] [INFO] [1788992048.107094853] [ground_truth_amcl_monitor]: AMCL vs GT: gt=(-2.154, -9.884) amcl=(-2.117, -9.879) error=0.037 m / 0.052 rad; current_map=(-2.174, -9.840, 2.512) error=0.048 m / 0.000 rad; odom=(-2.148, -9.683, 2.512) error=0.201 m / 0.000 rad; ekf=(-2.148, -9.683, 2.512) error=0.201 m / 0.000 rad; RMS=0.129 m / 0.014 rad max=0.403 m / 0.058 rad samples=448
[component_container-9] [INFO] [1788992048.453248772] [pure_pursuit_node]: Pure Pursuit: pose=(-2.534, -9.463, 2.187) cte=-0.032 closest=778 target=820 path_dist=0.032 heading_err=-0.025 steer=-0.143 speed=1.372
[gpu_amcl_cpp_node-6] [INFO] [1788992048.558830967] [gpu_amcl_cpp]: AMCL local correction: odom_prediction=(-2.570, -9.406, 2.157) scan=(-2.576, -9.396, 2.159) correction=0.012 m/0.003 rad cluster_weight=0.973 publish=true
[gpu_amcl_cpp_node-6] [INFO] [1788992049.003505990] [gpu_amcl_cpp]: AMCL odom delta: at_scan=(11.867, -3.630, -2.764) baseline=(11.929, -3.604, -2.746) delta=(-0.062, -0.025, -0.018) moved=true scan_age=0.049s
[ground_truth_amcl_monitor-7] [INFO] [1788992049.107546347] [ground_truth_amcl_monitor]: AMCL vs GT: gt=(-2.887, -8.768) amcl=(-2.867, -8.796) error=0.034 m / 0.017 rad; current_map=(-2.891, -8.732, 1.914) error=0.036 m / 0.000 rad; odom=(-2.878, -8.579, 1.914) error=0.189 m / 0.000 rad; ekf=(-2.878, -8.579, 1.914) error=0.189 m / 0.000 rad; RMS=0.124 m / 0.015 rad max=0.403 m / 0.058 rad samples=488
[component_container-9] [INFO] [1788992049.503364732] [pure_pursuit_node]: Pure Pursuit: pose=(-3.058, -8.124, 1.774) cte=-0.003 closest=850 target=892 path_dist=0.003 heading_err=0.003 steer=-0.069 speed=1.440
[gpu_amcl_cpp_node-6] [INFO] [1788992049.607024664] [gpu_amcl_cpp]: AMCL local correction: odom_prediction=(-3.063, -8.067, 1.758) scan=(-3.061, -8.067, 1.769) correction=0.003 m/0.012 rad cluster_weight=0.973 publish=true
[gpu_amcl_cpp_node-6] [INFO] [1788992050.004533225] [gpu_amcl_cpp]: AMCL odom delta: at_scan=(10.497, -3.937, -3.055) baseline=(10.568, -3.930, -3.043) delta=(-0.070, -0.007, -0.012) moved=true scan_age=0.049s
[ground_truth_amcl_monitor-7] [INFO] [1788992050.109647631] [ground_truth_amcl_monitor]: AMCL vs GT: gt=(-3.158, -7.363) amcl=(-3.152, -7.345) error=0.019 m / 0.000 rad; current_map=(-3.151, -7.343, 1.631) error=0.021 m / 0.000 rad; odom=(-3.147, -7.193, 1.631) error=0.170 m / 0.000 rad; ekf=(-3.147, -7.193, 1.631) error=0.170 m / 0.000 rad; RMS=0.119 m / 0.015 rad max=0.403 m / 0.058 rad samples=529
[component_container-9] [INFO] [1788992050.553510136] [pure_pursuit_node]: Pure Pursuit: pose=(-3.147, -6.623, 1.520) cte=0.002 closest=925 target=968 path_dist=0.002 heading_err=-0.005 steer=-0.044 speed=1.471
[gpu_amcl_cpp_node-6] [INFO] [1788992050.607148050] [gpu_amcl_cpp]: AMCL local correction: odom_prediction=(-3.147, -6.621, 1.520) scan=(-3.147, -6.618, 1.521) correction=0.004 m/0.001 rad cluster_weight=0.991 publish=true
[gpu_amcl_cpp_node-6] [INFO] [1788992051.054451713] [gpu_amcl_cpp]: AMCL odom delta: at_scan=(8.978, -3.887, 3.002) baseline=(9.049, -3.897, 3.013) delta=(-0.071, 0.010, -0.010) moved=true scan_age=0.050s
[ground_truth_amcl_monitor-7] [INFO] [1788992051.110568216] [ground_truth_amcl_monitor]: AMCL vs GT: gt=(-3.086, -5.902) amcl=(-3.059, -5.872) error=0.041 m / 0.000 rad; current_map=(-3.062, -5.875, 1.421) error=0.037 m / 0.000 rad; odom=(-3.076, -5.748, 1.421) error=0.155 m / 0.000 rad; ekf=(-3.076, -5.748, 1.421) error=0.155 m / 0.000 rad; RMS=0.116 m / 0.014 rad max=0.403 m / 0.058 rad samples=569
[component_container-9] [INFO] [1788992051.554085942] [pure_pursuit_node]: Pure Pursuit: pose=(-2.904, -5.148, 1.332) cte=0.010 closest=1000 target=1042 path_dist=0.010 heading_err=-0.008 steer=-0.025 speed=1.441
[gpu_amcl_cpp_node-6] [INFO] [1788992051.611382402] [gpu_amcl_cpp]: AMCL local correction: odom_prediction=(-2.898, -5.138, 1.334) scan=(-2.910, -5.147, 1.328) correction=0.015 m/0.006 rad cluster_weight=0.937 publish=true
[gpu_amcl_cpp_node-6] [INFO] [1788992051.781452294] [gpu_amcl_cpp]: Received LiDAR callback #303 (1081 ranges).
[gpu_amcl_cpp_node-6] [INFO] [1788992051.781513800] [gpu_amcl_cpp]: Starting AMCL scan update #303 (sampled from 1081 ranges).
[gpu_amcl_cpp_node-6] [INFO] [1788992051.782617855] [gpu_amcl_cpp]: AMCL scan update #303 completed; evaluating pose confidence.
[gpu_amcl_cpp_node-6] [WARN] [1788992051.956038715] [gpu_amcl_cpp]: Queued LiDAR scan until source-time odometry arrives (queued=1).
[gpu_amcl_cpp_node-6] [INFO] [1788992052.063009841] [gpu_amcl_cpp]: AMCL odom delta: at_scan=(7.568, -3.569, 2.865) baseline=(7.646, -3.591, 2.868) delta=(-0.078, 0.022, -0.002) moved=true scan_age=0.052s
[ground_truth_amcl_monitor-7] [INFO] [1788992052.132476486] [ground_truth_amcl_monitor]: AMCL vs GT: gt=(-2.746, -4.452) amcl=(-2.723, -4.487) error=0.042 m / 0.002 rad; current_map=(-2.696, -4.390, 1.293) error=0.079 m / 0.000 rad; odom=(-2.741, -4.313, 1.293) error=0.139 m / 0.000 rad; ekf=(-2.741, -4.313, 1.293) error=0.139 m / 0.000 rad; RMS=0.113 m / 0.014 rad max=0.403 m / 0.058 rad samples=604
[component_container-9] [INFO] [1788992052.580181883] [pure_pursuit_node]: Pure Pursuit: pose=(-2.516, -3.707, 1.292) cte=-0.015 closest=1075 target=1117 path_dist=0.015 heading_err=0.006 steer=-0.008 speed=1.466
[gpu_amcl_cpp_node-6] [INFO] [1788992052.640186844] [gpu_amcl_cpp]: AMCL local correction: odom_prediction=(-2.524, -3.712, 1.292) scan=(-2.529, -3.719, 1.280) correction=0.009 m/0.012 rad cluster_weight=0.958 publish=true
[gpu_amcl_cpp_node-6] [INFO] [1788992053.108098609] [gpu_amcl_cpp]: AMCL odom delta: at_scan=(6.103, -3.146, 2.853) baseline=(6.201, -3.175, 2.853) delta=(-0.098, 0.029, 0.000) moved=true scan_age=0.054s
[ground_truth_amcl_monitor-7] [INFO] [1788992053.161760859] [ground_truth_amcl_monitor]: AMCL vs GT: gt=(-2.325, -2.996) amcl=(-2.335, -3.055) error=0.060 m / 0.000 rad; current_map=(-2.314, -2.982, 1.282) error=0.018 m / 0.000 rad; odom=(-2.345, -2.944, 1.282) error=0.055 m / 0.000 rad; ekf=(-2.345, -2.944, 1.282) error=0.055 m / 0.000 rad; RMS=0.111 m / 0.014 rad max=0.403 m / 0.058 rad samples=640
[component_container-9] [INFO] [1788992053.581072769] [pure_pursuit_node]: Pure Pursuit: pose=(-2.122, -2.330, 1.300) cte=0.001 closest=1147 target=1189 path_dist=0.001 heading_err=0.011 steer=0.014 speed=1.491
[gpu_amcl_cpp_node-6] [INFO] [1788992053.696296175] [gpu_amcl_cpp]: AMCL local correction: odom_prediction=(-2.103, -2.251, 1.304) scan=(-2.102, -2.259, 1.292) correction=0.009 m/0.011 rad cluster_weight=0.961 publish=true
[gpu_amcl_cpp_node-6] [INFO] [1788992054.167689303] [gpu_amcl_cpp]: AMCL odom delta: at_scan=(4.624, -2.737, 2.895) baseline=(4.698, -2.756, 2.892) delta=(-0.075, 0.019, 0.003) moved=true scan_age=0.061s
[ground_truth_amcl_monitor-7] [INFO] [1788992054.168837742] [ground_truth_amcl_monitor]: AMCL vs GT: gt=(-1.933, -1.573) amcl=(-1.931, -1.620) error=0.046 m / 0.003 rad; current_map=(-1.912, -1.545, 1.324) error=0.035 m / 0.000 rad; odom=(-1.937, -1.466, 1.324) error=0.108 m / 0.000 rad; ekf=(-1.937, -1.466, 1.324) error=0.108 m / 0.000 rad; RMS=0.108 m / 0.013 rad max=0.403 m / 0.058 rad samples=674
[component_container-9] [INFO] [1788992054.610631337] [pure_pursuit_node]: Pure Pursuit: pose=(-1.744, -0.820, 1.341) cte=-0.003 closest=1224 target=1267 path_dist=0.003 heading_err=-0.003 steer=0.004 speed=1.485
[gpu_amcl_cpp_node-6] [INFO] [1788992054.734492387] [gpu_amcl_cpp]: AMCL local correction: odom_prediction=(-1.722, -0.720, 1.342) scan=(-1.720, -0.722, 1.331) correction=0.002 m/0.010 rad cluster_weight=0.968 publish=true
[gpu_amcl_cpp_node-6] [INFO] [1788992055.182047521] [gpu_amcl_cpp]: AMCL odom delta: at_scan=(3.164, -2.397, 2.931) baseline=(3.264, -2.419, 2.927) delta=(-0.099, 0.021, 0.004) moved=true scan_age=0.052s
[ground_truth_amcl_monitor-7] [INFO] [1788992055.183123483] [ground_truth_amcl_monitor]: AMCL vs GT: gt=(-1.590, -0.099) amcl=(-1.604, -0.174) error=0.077 m / 0.004 rad; current_map=(-1.583, -0.074, 1.361) error=0.025 m / 0.000 rad; odom=(-1.597, -0.006, 1.361) error=0.093 m / 0.000 rad; ekf=(-1.597, -0.006, 1.361) error=0.093 m / 0.000 rad; RMS=0.106 m / 0.013 rad max=0.403 m / 0.058 rad samples=710
[component_container-9] [INFO] [1788992055.661452848] [pure_pursuit_node]: Pure Pursuit: pose=(-1.426, 0.712, 1.394) cte=-0.005 closest=1303 target=1345 path_dist=0.005 heading_err=0.004 steer=0.018 speed=1.457
[gpu_amcl_cpp_node-6] [INFO] [1788992055.786015788] [gpu_amcl_cpp]: AMCL local correction: odom_prediction=(-1.407, 0.808, 1.400) scan=(-1.409, 0.824, 1.394) correction=0.015 m/0.006 rad cluster_weight=0.945 publish=true
[gpu_amcl_cpp_node-6] [INFO] [1788992056.184585722] [gpu_amcl_cpp]: AMCL odom delta: at_scan=(1.734, -2.143, 3.017) baseline=(1.810, -2.152, 3.009) delta=(-0.076, 0.010, 0.008) moved=true scan_age=0.052s
[ground_truth_amcl_monitor-7] [INFO] [1788992056.185642538] [ground_truth_amcl_monitor]: AMCL vs GT: gt=(-1.333, 1.346) amcl=(-1.331, 1.321) error=0.026 m / 0.008 rad; current_map=(-1.321, 1.396, 1.446) error=0.051 m / 0.000 rad; odom=(-1.342, 1.424, 1.446) error=0.078 m / 0.000 rad; ekf=(-1.342, 1.424, 1.446) error=0.078 m / 0.000 rad; RMS=0.104 m / 0.013 rad max=0.403 m / 0.058 rad samples=746
[gpu_amcl_cpp_node-6] [WARN] [1788992056.684915967] [gpu_amcl_cpp]: Queued LiDAR scan until source-time odometry arrives (queued=1).
[component_container-9] [INFO] [1788992056.685245667] [pure_pursuit_node]: Pure Pursuit: pose=(-1.270, 2.181, 1.583) cte=-0.009 closest=1377 target=1419 path_dist=0.009 heading_err=-0.005 steer=0.098 speed=1.373
[gpu_amcl_cpp_node-6] [INFO] [1788992056.809408545] [gpu_amcl_cpp]: Received LiDAR callback #394 (1081 ranges).
[gpu_amcl_cpp_node-6] [INFO] [1788992056.809475581] [gpu_amcl_cpp]: Starting AMCL scan update #394 (sampled from 1081 ranges).
[gpu_amcl_cpp_node-6] [INFO] [1788992056.810306021] [gpu_amcl_cpp]: AMCL scan update #394 completed; evaluating pose confidence.
[gpu_amcl_cpp_node-6] [INFO] [1788992056.812522107] [gpu_amcl_cpp]: AMCL local correction: odom_prediction=(-1.271, 2.274, 1.611) scan=(-1.269, 2.276, 1.606) correction=0.003 m/0.005 rad cluster_weight=0.976 publish=true
[gpu_amcl_cpp_node-6] [INFO] [1788992057.210128469] [gpu_amcl_cpp]: AMCL odom delta: at_scan=(0.326, -2.160, -2.924) baseline=(0.391, -2.147, -2.949) delta=(-0.065, -0.014, 0.025) moved=true scan_age=0.051s
[ground_truth_amcl_monitor-7] [INFO] [1788992057.210718979] [ground_truth_amcl_monitor]: AMCL vs GT: gt=(-1.351, 2.760) amcl=(-1.325, 2.733) error=0.038 m / 0.025 rad; current_map=(-1.338, 2.798, 1.788) error=0.040 m / 0.000 rad; odom=(-1.360, 2.832, 1.788) error=0.073 m / 0.000 rad; ekf=(-1.360, 2.832, 1.788) error=0.073 m / 0.000 rad; RMS=0.102 m / 0.013 rad max=0.403 m / 0.058 rad samples=782
[component_container-9] [INFO] [1788992057.709271283] [pure_pursuit_node]: Pure Pursuit: pose=(-1.590, 3.411, 2.150) cte=-0.033 closest=1441 target=1483 path_dist=0.033 heading_err=-0.060 steer=0.317 speed=1.214
[gpu_amcl_cpp_node-6] [INFO] [1788992057.836031562] [gpu_amcl_cpp]: AMCL local correction: odom_prediction=(-1.640, 3.472, 2.233) scan=(-1.645, 3.476, 2.224) correction=0.006 m/0.008 rad cluster_weight=0.988 publish=true
[ground_truth_amcl_monitor-7] [INFO] [1788992058.234992400] [ground_truth_amcl_monitor]: AMCL vs GT: gt=(-2.002, 3.738) amcl=(-1.951, 3.745) error=0.052 m / 0.071 rad; current_map=(-2.004, 3.772, 2.716) error=0.034 m / 0.000 rad; odom=(-2.016, 3.816, 2.716) error=0.079 m / 0.000 rad; ekf=(-2.016, 3.816, 2.716) error=0.079 m / 0.000 rad; RMS=0.100 m / 0.015 rad max=0.403 m / 0.092 rad samples=818
[gpu_amcl_cpp_node-6] [INFO] [1788992058.236432597] [gpu_amcl_cpp]: AMCL odom delta: at_scan=(-0.658, -2.817, -1.996) baseline=(-0.631, -2.764, -2.067) delta=(-0.026, -0.053, 0.071) moved=true scan_age=0.055s
[component_container-9] [INFO] [1788992058.731795085] [pure_pursuit_node]: Pure Pursuit: pose=(-2.625, 3.774, -2.723) cte=-0.002 closest=1504 target=1545 path_dist=0.002 heading_err=0.080 steer=0.410 speed=1.313
[gpu_amcl_cpp_node-6] [INFO] [1788992058.839054512] [gpu_amcl_cpp]: AMCL local correction: odom_prediction=(-2.668, 3.740, -2.640) scan=(-2.663, 3.731, -2.646) correction=0.011 m/0.006 rad cluster_weight=0.989 publish=true
[gpu_amcl_cpp_node-6] [INFO] [1788992059.256996806] [gpu_amcl_cpp]: AMCL odom delta: at_scan=(-0.252, -3.868, -0.490) baseline=(-0.330, -3.823, -0.569) delta=(0.077, -0.045, 0.079) moved=true scan_age=0.053s
[ground_truth_amcl_monitor-7] [INFO] [1788992059.257984943] [ground_truth_amcl_monitor]: AMCL vs GT: gt=(-3.019, 3.337) amcl=(-2.968, 3.391) error=0.074 m / 0.079 rad; current_map=(-3.013, 3.314, -2.061) error=0.024 m / 0.000 rad; odom=(-3.067, 3.411, -2.061) error=0.088 m / 0.000 rad; ekf=(-3.067, 3.411, -2.061) error=0.088 m / 0.000 rad; RMS=0.099 m / 0.019 rad max=0.403 m / 0.108 rad samples=854
[component_container-9] [INFO] [1788992059.758550610] [pure_pursuit_node]: Pure Pursuit: pose=(-3.196, 2.574, -1.684) cte=0.047 closest=1573 target=1614 path_dist=0.047 heading_err=-0.003 steer=0.040 speed=1.393
[gpu_amcl_cpp_node-6] [INFO] [1788992059.883492562] [gpu_amcl_cpp]: AMCL local correction: odom_prediction=(-3.207, 2.475, -1.672) scan=(-3.206, 2.477, -1.665) correction=0.002 m/0.007 rad cluster_weight=0.969 publish=true
[gpu_amcl_cpp_node-6] [INFO] [1788992060.261617819] [gpu_amcl_cpp]: AMCL odom delta: at_scan=(1.069, -4.112, -0.077) baseline=(0.998, -4.106, -0.077) delta=(0.071, -0.005, 0.000) moved=true scan_age=0.053s
[ground_truth_amcl_monitor-7] [INFO] [1788992060.262579145] [ground_truth_amcl_monitor]: AMCL vs GT: gt=(-3.263, 2.001) amcl=(-3.246, 2.044) error=0.046 m / 0.000 rad; current_map=(-3.251, 1.973, -1.648) error=0.030 m / 0.000 rad; odom=(-3.311, 2.089, -1.648) error=0.101 m / 0.000 rad; ekf=(-3.311, 2.089, -1.648) error=0.101 m / 0.000 rad; RMS=0.097 m / 0.019 rad max=0.403 m / 0.108 rad samples=890
[component_container-9] [INFO] [1788992060.784136967] [pure_pursuit_node]: Pure Pursuit: pose=(-3.328, 1.213, -1.705) cte=0.017 closest=1641 target=1683 path_dist=0.017 heading_err=0.014 steer=-0.068 speed=1.378
[gpu_amcl_cpp_node-6] [INFO] [1788992060.911011181] [gpu_amcl_cpp]: AMCL local correction: odom_prediction=(-3.342, 1.120, -1.724) scan=(-3.344, 1.137, -1.713) correction=0.017 m/0.011 rad cluster_weight=0.977 publish=true
[gpu_amcl_cpp_node-6] [INFO] [1788992061.306167768] [gpu_amcl_cpp]: AMCL odom delta: at_scan=(2.461, -4.315, -0.306) baseline=(2.376, -4.290, -0.274) delta=(0.085, -0.025, -0.032) moved=true scan_age=0.052s
[ground_truth_amcl_monitor-7] [INFO] [1788992061.307244171] [ground_truth_amcl_monitor]: AMCL vs GT: gt=(-3.468, 0.598) amcl=(-3.431, 0.705) error=0.113 m / 0.032 rad; current_map=(-3.456, 0.620, -1.877) error=0.025 m / 0.000 rad; odom=(-3.515, 0.698, -1.877) error=0.110 m / 0.000 rad; ekf=(-3.515, 0.698, -1.877) error=0.110 m / 0.000 rad; RMS=0.096 m / 0.019 rad max=0.403 m / 0.108 rad samples=926
[component_container-9] [INFO] [1788992061.807311290] [pure_pursuit_node]: Pure Pursuit: pose=(-3.765, 0.008, -2.249) cte=0.015 closest=1706 target=1748 path_dist=0.015 heading_err=-0.000 steer=-0.241 speed=1.253
[gpu_amcl_cpp_node-6] [INFO] [1788992061.860078437] [gpu_amcl_cpp]: Received LiDAR callback #484 (1081 ranges).
[gpu_amcl_cpp_node-6] [INFO] [1788992061.860145112] [gpu_amcl_cpp]: Starting AMCL scan update #484 (sampled from 1081 ranges).
[gpu_amcl_cpp_node-6] [INFO] [1788992061.861266710] [gpu_amcl_cpp]: AMCL scan update #484 completed; evaluating pose confidence.
[gpu_amcl_cpp_node-6] [INFO] [1788992061.959250444] [gpu_amcl_cpp]: AMCL local correction: odom_prediction=(-3.815, -0.057, -2.331) scan=(-3.841, -0.087, -2.329) correction=0.039 m/0.002 rad cluster_weight=0.976 publish=true
[gpu_amcl_cpp_node-6] [INFO] [1788992062.334872925] [gpu_amcl_cpp]: AMCL odom delta: at_scan=(3.431, -5.082, -1.127) baseline=(3.402, -5.027, -1.071) delta=(0.028, -0.056, -0.056) moved=true scan_age=0.051s
[ground_truth_amcl_monitor-7] [INFO] [1788992062.335326668] [ground_truth_amcl_monitor]: AMCL vs GT: gt=(-4.234, -0.369) amcl=(-4.156, -0.347) error=0.081 m / 0.056 rad; current_map=(-4.212, -0.375, -2.697) error=0.023 m / 0.000 rad; odom=(-4.282, -0.272, -2.697) error=0.108 m / 0.000 rad; ekf=(-4.282, -0.272, -2.697) error=0.108 m / 0.000 rad; RMS=0.095 m / 0.020 rad max=0.403 m / 0.108 rad samples=962
[component_container-9] [INFO] [1788992062.829816645] [pure_pursuit_node]: Pure Pursuit: pose=(-4.860, -0.461, 2.926) cte=0.010 closest=1769 target=1811 path_dist=0.010 heading_err=-0.002 steer=-0.335 speed=1.279
[gpu_amcl_cpp_node-6] [INFO] [1788992062.987036774] [gpu_amcl_cpp]: AMCL local correction: odom_prediction=(-4.980, -0.407, 2.800) scan=(-4.978, -0.408, 2.813) correction=0.002 m/0.013 rad cluster_weight=0.966 publish=true
[ground_truth_amcl_monitor-7] [INFO] [1788992063.335642186] [ground_truth_amcl_monitor]: AMCL vs GT: gt=(-5.364, -0.186) amcl=(-5.346, -0.202) error=0.024 m / 0.000 rad; current_map=(-5.346, -0.192, 2.396) error=0.020 m / 0.000 rad; odom=(-5.424, -0.092, 2.396) error=0.111 m / 0.000 rad; ekf=(-5.424, -0.092, 2.396) error=0.111 m / 0.000 rad; RMS=0.094 m / 0.021 rad max=0.403 m / 0.108 rad samples=999
[gpu_amcl_cpp_node-6] [INFO] [1788992063.381401812] [gpu_amcl_cpp]: AMCL odom delta: at_scan=(3.204, -6.272, -2.370) baseline=(3.251, -6.225, -2.316) delta=(-0.046, -0.048, -0.054) moved=true scan_age=0.050s
[component_container-9] [INFO] [1788992063.881352873] [pure_pursuit_node]: Pure Pursuit: pose=(-5.768, 0.462, 1.923) cte=-0.053 closest=1836 target=1877 path_dist=0.053 heading_err=0.011 steer=-0.101 speed=1.354
[gpu_amcl_cpp_node-6] [INFO] [1788992063.988136505] [gpu_amcl_cpp]: AMCL local correction: odom_prediction=(-5.793, 0.533, 1.901) scan=(-5.791, 0.526, 1.902) correction=0.008 m/0.000 rad cluster_weight=0.964 publish=true
[ground_truth_amcl_monitor-7] [INFO] [1788992064.381877741] [ground_truth_amcl_monitor]: AMCL vs GT: gt=(-5.944, 1.070) amcl=(-5.908, 0.953) error=0.123 m / 0.014 rad; current_map=(-5.928, 1.047, 1.783) error=0.028 m / 0.000 rad; odom=(-6.002, 1.152, 1.783) error=0.100 m / 0.000 rad; ekf=(-6.002, 1.152, 1.783) error=0.100 m / 0.000 rad; RMS=0.093 m / 0.021 rad max=0.403 m / 0.108 rad samples=1036
[gpu_amcl_cpp_node-6] [INFO] [1788992064.432410499] [gpu_amcl_cpp]: AMCL odom delta: at_scan=(1.938, -6.817, -2.938) baseline=(2.007, -6.803, -2.929) delta=(-0.069, -0.015, -0.010) moved=true scan_age=0.051s
[component_container-9] [INFO] [1788992064.929806436] [pure_pursuit_node]: Pure Pursuit: pose=(-6.070, 1.860, 1.699) cte=-0.006 closest=1907 target=1949 path_dist=0.006 heading_err=0.022 steer=-0.026 speed=1.468
[gpu_amcl_cpp_node-6] [INFO] [1788992065.036656423] [gpu_amcl_cpp]: AMCL local correction: odom_prediction=(-6.081, 1.943, 1.694) scan=(-6.082, 1.936, 1.693) correction=0.007 m/0.001 rad cluster_weight=0.973 publish=true
[ground_truth_amcl_monitor-7] [INFO] [1788992065.431647969] [ground_truth_amcl_monitor]: AMCL vs GT: gt=(-6.153, 2.571) amcl=(-6.133, 2.451) error=0.122 m / 0.010 rad; current_map=(-6.141, 2.552, 1.641) error=0.022 m / 0.000 rad; odom=(-6.209, 2.633, 1.641) error=0.084 m / 0.000 rad; ekf=(-6.209, 2.633, 1.641) error=0.084 m / 0.000 rad; RMS=0.093 m / 0.021 rad max=0.403 m / 0.108 rad samples=1074
[gpu_amcl_cpp_node-6] [INFO] [1788992065.482757831] [gpu_amcl_cpp]: AMCL odom delta: at_scan=(0.450, -7.015, -3.079) baseline=(0.525, -7.010, -3.071) delta=(-0.075, -0.005, -0.008) moved=true scan_age=0.052s
[component_container-9] [INFO] [1788992065.932917216] [pure_pursuit_node]: Pure Pursuit: pose=(-6.162, 3.350, 1.554) cte=-0.000 closest=1982 target=2024 path_dist=0.000 heading_err=0.001 steer=-0.039 speed=1.476
[gpu_amcl_cpp_node-6] [INFO] [1788992066.059042671] [gpu_amcl_cpp]: AMCL local correction: odom_prediction=(-6.159, 3.454, 1.541) scan=(-6.162, 3.457, 1.542) correction=0.004 m/0.001 rad cluster_weight=0.965 publish=true
[ground_truth_amcl_monitor-7] [INFO] [1788992066.433195831] [ground_truth_amcl_monitor]: AMCL vs GT: gt=(-6.138, 4.045) amcl=(-6.132, 3.937) error=0.109 m / 0.010 rad; current_map=(-6.125, 4.012, 1.473) error=0.036 m / 0.000 rad; odom=(-6.194, 4.093, 1.473) error=0.074 m / 0.000 rad; ekf=(-6.194, 4.093, 1.473) error=0.074 m / 0.000 rad; RMS=0.093 m / 0.021 rad max=0.403 m / 0.108 rad samples=1110
[gpu_amcl_cpp_node-6] [INFO] [1788992066.484179716] [gpu_amcl_cpp]: AMCL odom delta: at_scan=(-1.009, -6.987, 3.033) baseline=(-0.935, -6.995, 3.043) delta=(-0.074, 0.008, -0.010) moved=true scan_age=0.052s
[gpu_amcl_cpp_node-6] [INFO] [1788992066.884639880] [gpu_amcl_cpp]: Received LiDAR callback #574 (1081 ranges).
[gpu_amcl_cpp_node-6] [INFO] [1788992066.884720271] [gpu_amcl_cpp]: Starting AMCL scan update #574 (sampled from 1081 ranges).
[gpu_amcl_cpp_node-6] [INFO] [1788992066.885783700] [gpu_amcl_cpp]: AMCL scan update #574 completed; evaluating pose confidence.
[component_container-9] [INFO] [1788992066.935053273] [pure_pursuit_node]: Pure Pursuit: pose=(-6.002, 4.825, 1.346) cte=-0.005 closest=2056 target=2098 path_dist=0.005 heading_err=0.007 steer=-0.055 speed=1.456
[gpu_amcl_cpp_node-6] [INFO] [1788992067.061950158] [gpu_amcl_cpp]: AMCL local correction: odom_prediction=(-5.975, 4.923, 1.328) scan=(-5.972, 4.928, 1.330) correction=0.006 m/0.002 rad cluster_weight=0.989 publish=true
[ground_truth_amcl_monitor-7] [INFO] [1788992067.459228331] [ground_truth_amcl_monitor]: AMCL vs GT: gt=(-5.820, 5.507) amcl=(-5.830, 5.418) error=0.089 m / 0.014 rad; current_map=(-5.805, 5.489, 1.230) error=0.023 m / 0.000 rad; odom=(-5.880, 5.540, 1.230) error=0.069 m / 0.000 rad; ekf=(-5.880, 5.540, 1.230) error=0.069 m / 0.000 rad; RMS=0.092 m / 0.020 rad max=0.403 m / 0.108 rad samples=1146
[gpu_amcl_cpp_node-6] [INFO] [1788992067.508354335] [gpu_amcl_cpp]: AMCL odom delta: at_scan=(-2.449, -6.656, 2.787) baseline=(-2.382, -6.680, 2.801) delta=(-0.067, 0.024, -0.014) moved=true scan_age=0.050s
[component_container-9] [INFO] [1788992067.955451884] [pure_pursuit_node]: Pure Pursuit: pose=(-5.494, 6.186, 1.080) cte=0.003 closest=2129 target=2171 path_dist=0.003 heading_err=-0.005 steer=-0.087 speed=1.381
[gpu_amcl_cpp_node-6] [INFO] [1788992068.064260232] [gpu_amcl_cpp]: AMCL local correction: odom_prediction=(-5.457, 6.258, 1.061) scan=(-5.458, 6.249, 1.063) correction=0.008 m/0.002 rad cluster_weight=0.992 publish=true
[ground_truth_amcl_monitor-7] [INFO] [1788992068.461291971] [ground_truth_amcl_monitor]: AMCL vs GT: gt=(-5.177, 6.716) amcl=(-5.165, 6.696) error=0.023 m / 0.000 rad; current_map=(-5.164, 6.699, 0.885) error=0.021 m / 0.000 rad; odom=(-5.243, 6.739, 0.885) error=0.071 m / 0.000 rad; ekf=(-5.243, 6.739, 0.885) error=0.071 m / 0.000 rad; RMS=0.091 m / 0.020 rad max=0.403 m / 0.108 rad samples=1183
[gpu_amcl_cpp_node-6] [INFO] [1788992068.556436968] [gpu_amcl_cpp]: AMCL odom delta: at_scan=(-3.686, -5.953, 2.402) baseline=(-3.635, -5.999, 2.429) delta=(-0.051, 0.045, -0.026) moved=true scan_age=0.050s
[component_container-9] [INFO] [1788992069.006932594] [pure_pursuit_node]: Pure Pursuit: pose=(-4.560, 7.237, 0.559) cte=-0.006 closest=2200 target=2242 path_dist=0.006 heading_err=-0.017 steer=-0.144 speed=1.405
[gpu_amcl_cpp_node-6] [INFO] [1788992069.116351689] [gpu_amcl_cpp]: AMCL local correction: odom_prediction=(-4.501, 7.274, 0.529) scan=(-4.495, 7.279, 0.540) correction=0.008 m/0.011 rad cluster_weight=0.996 publish=true
[ground_truth_amcl_monitor-7] [INFO] [1788992069.462921404] [ground_truth_amcl_monitor]: AMCL vs GT: gt=(-4.052, 7.499) amcl=(-4.050, 7.482) error=0.017 m / 0.000 rad; current_map=(-4.056, 7.482, 0.324) error=0.018 m / 0.000 rad; odom=(-4.130, 7.517, 0.324) error=0.080 m / 0.000 rad; ekf=(-4.130, 7.517, 0.324) error=0.080 m / 0.000 rad; RMS=0.091 m / 0.020 rad max=0.403 m / 0.108 rad samples=1219
[gpu_amcl_cpp_node-6] [INFO] [1788992069.559337881] [gpu_amcl_cpp]: AMCL odom delta: at_scan=(-4.400, -4.795, 1.834) baseline=(-4.380, -4.863, 1.865) delta=(-0.019, 0.068, -0.031) moved=true scan_age=0.051s
[component_container-9] [INFO] [1788992070.057862848] [pure_pursuit_node]: Pure Pursuit: pose=(-3.167, 7.606, -0.054) cte=-0.015 closest=2273 target=2315 path_dist=0.015 heading_err=0.007 steer=-0.134 speed=1.391
[gpu_amcl_cpp_node-6] [INFO] [1788992070.183997240] [gpu_amcl_cpp]: AMCL local correction: odom_prediction=(-3.036, 7.595, -0.094) scan=(-3.026, 7.593, -0.094) correction=0.010 m/0.001 rad cluster_weight=0.977 publish=true
[ground_truth_amcl_monitor-7] [INFO] [1788992070.510203872] [ground_truth_amcl_monitor]: AMCL vs GT: gt=(-2.613, 7.525) amcl=(-2.681, 7.544) error=0.071 m / 0.030 rad; current_map=(-2.611, 7.525, -0.279) error=0.002 m / 0.000 rad; odom=(-2.771, 7.563, -0.249) error=0.163 m / 0.030 rad; ekf=(-2.771, 7.563, -0.249) error=0.163 m / 0.030 rad; RMS=0.090 m / 0.020 rad max=0.403 m / 0.108 rad samples=1256
[gpu_amcl_cpp_node-6] [INFO] [1788992070.560940172] [gpu_amcl_cpp]: AMCL odom delta: at_scan=(-4.365, -3.432, 1.263) baseline=(-4.386, -3.502, 1.292) delta=(0.021, 0.070, -0.029) moved=true scan_age=0.051s
[component_container-9] [INFO] [1788992071.108132991] [pure_pursuit_node]: Pure Pursuit: pose=(-1.794, 7.142, -0.590) cte=-0.012 closest=2346 target=2388 path_dist=0.012 heading_err=0.017 steer=-0.095 speed=1.427
[gpu_amcl_cpp_node-6] [INFO] [1788992071.234113263] [gpu_amcl_cpp]: AMCL local correction: odom_prediction=(-1.711, 7.082, -0.619) scan=(-1.731, 7.096, -0.611) correction=0.024 m/0.008 rad cluster_weight=0.979 publish=true
[ground_truth_amcl_monitor-7] [INFO] [1788992071.511478507] [ground_truth_amcl_monitor]: AMCL vs GT: gt=(-1.398, 6.831) amcl=(-1.404, 6.835) error=0.007 m / 0.000 rad; current_map=(-1.406, 6.838, -0.723) error=0.010 m / 0.000 rad; odom=(-1.498, 6.859, -0.723) error=0.104 m / 0.000 rad; ekf=(-1.498, 6.859, -0.723) error=0.104 m / 0.000 rad; RMS=0.089 m / 0.020 rad max=0.403 m / 0.108 rad samples=1293
[gpu_amcl_cpp_node-6] [INFO] [1788992071.607572076] [gpu_amcl_cpp]: AMCL odom delta: at_scan=(-3.604, -2.193, 0.813) baseline=(-3.653, -2.246, 0.830) delta=(0.049, 0.053, -0.017) moved=true scan_age=0.051s
[gpu_amcl_cpp_node-6] [INFO] [1788992071.934279359] [gpu_amcl_cpp]: Received LiDAR callback #665 (1081 ranges).
[gpu_amcl_cpp_node-6] [INFO] [1788992071.934339522] [gpu_amcl_cpp]: Starting AMCL scan update #665 (sampled from 1081 ranges).
[gpu_amcl_cpp_node-6] [INFO] [1788992071.935469956] [gpu_amcl_cpp]: AMCL scan update #665 completed; evaluating pose confidence.
[component_container-9] [INFO] [1788992072.155819467] [pure_pursuit_node]: Pure Pursuit: pose=(-0.720, 6.077, -0.952) cte=-0.012 closest=2422 target=2464 path_dist=0.012 heading_err=0.003 steer=-0.056 speed=1.442
[gpu_amcl_cpp_node-6] [INFO] [1788992072.262084554] [gpu_amcl_cpp]: AMCL local correction: odom_prediction=(-0.675, 6.013, -0.965) scan=(-0.677, 6.017, -0.967) correction=0.004 m/0.002 rad cluster_weight=0.980 publish=true
[ground_truth_amcl_monitor-7] [INFO] [1788992072.532746148] [ground_truth_amcl_monitor]: AMCL vs GT: gt=(-0.469, 5.685) amcl=(-0.508, 5.758) error=0.082 m / 0.011 rad; current_map=(-0.471, 5.697, -1.027) error=0.012 m / 0.000 rad; odom=(-0.615, 5.787, -1.016) error=0.178 m / 0.011 rad; ekf=(-0.615, 5.787, -1.016) error=0.178 m / 0.011 rad; RMS=0.088 m / 0.020 rad max=0.403 m / 0.108 rad samples=1330
[gpu_amcl_cpp_node-6] [INFO] [1788992072.633160669] [gpu_amcl_cpp]: AMCL odom delta: at_scan=(-2.443, -1.305, 0.525) baseline=(-2.507, -1.342, 0.535) delta=(0.063, 0.037, -0.009) moved=true scan_age=0.050s
[component_container-9] [INFO] [1788992073.182979813] [pure_pursuit_node]: Pure Pursuit: pose=(0.007, 4.794, -1.141) cte=-0.007 closest=2496 target=2538 path_dist=0.007 heading_err=0.005 steer=-0.030 speed=1.471
[gpu_amcl_cpp_node-6] [INFO] [1788992073.310113163] [gpu_amcl_cpp]: AMCL local correction: odom_prediction=(0.048, 4.704, -1.151) scan=(0.045, 4.737, -1.151) correction=0.033 m/0.000 rad cluster_weight=0.956 publish=true
[ground_truth_amcl_monitor-7] [INFO] [1788992073.536437223] [ground_truth_amcl_monitor]: AMCL vs GT: gt=(0.182, 4.376) amcl=(0.178, 4.407) error=0.031 m / 0.000 rad; current_map=(0.177, 4.406, -1.177) error=0.031 m / 0.000 rad; odom=(0.066, 4.432, -1.177) error=0.129 m / 0.000 rad; ekf=(0.066, 4.432, -1.177) error=0.129 m / 0.000 rad; RMS=0.088 m / 0.020 rad max=0.403 m / 0.108 rad samples=1367
[gpu_amcl_cpp_node-6] [INFO] [1788992073.682769136] [gpu_amcl_cpp]: AMCL odom delta: at_scan=(-1.067, -0.651, 0.375) baseline=(-1.136, -0.678, 0.381) delta=(0.068, 0.027, -0.006) moved=true scan_age=0.051s
[component_container-9] [INFO] [1788992074.229786124] [pure_pursuit_node]: Pure Pursuit: pose=(0.560, 3.419, -1.259) cte=-0.016 closest=2570 target=26 path_dist=0.016 heading_err=0.009 steer=-0.025 speed=1.448
[gpu_amcl_cpp_node-6] [INFO] [1788992074.337216341] [gpu_amcl_cpp]: AMCL local correction: odom_prediction=(0.583, 3.317, -1.264) scan=(0.580, 3.303, -1.270) correction=0.014 m/0.006 rad cluster_weight=0.927 publish=true
[ground_truth_amcl_monitor-7] [INFO] [1788992074.557191197] [ground_truth_amcl_monitor]: AMCL vs GT: gt=(0.681, 2.955) amcl=(0.659, 3.069) error=0.116 m / 0.003 rad; current_map=(0.680, 2.998, -1.280) error=0.043 m / 0.000 rad; odom=(0.560, 3.026, -1.280) error=0.140 m / 0.000 rad; ekf=(0.560, 3.026, -1.280) error=0.140 m / 0.000 rad; RMS=0.088 m / 0.020 rad max=0.403 m / 0.108 rad samples=1404
[gpu_amcl_cpp_node-6] [INFO] [1788992074.708205451] [gpu_amcl_cpp]: AMCL odom delta: at_scan=(0.342, -0.178, 0.283) baseline=(0.272, -0.199, 0.286) delta=(0.070, 0.020, -0.004) moved=true scan_age=0.052s
[component_container-9] [INFO] [1788992075.258978407] [pure_pursuit_node]: Pure Pursuit: pose=(0.966, 1.931, -1.336) cte=0.003 closest=61 target=103 path_dist=0.003 heading_err=-0.003 steer=-0.019 speed=1.484
[gpu_amcl_cpp_node-6] [INFO] [1788992075.386051363] [gpu_amcl_cpp]: AMCL local correction: odom_prediction=(0.991, 1.853, -1.342) scan=(0.991, 1.855, -1.356) correction=0.002 m/0.014 rad cluster_weight=0.954 publish=true
[ground_truth_amcl_monitor-7] [INFO] [1788992075.605979752] [ground_truth_amcl_monitor]: AMCL vs GT: gt=(1.069, 1.459) amcl=(1.035, 1.659) error=0.203 m / 0.008 rad; current_map=(1.056, 1.560, -1.366) error=0.102 m / 0.000 rad; odom=(0.923, 1.644, -1.358) error=0.236 m / 0.008 rad; ekf=(0.923, 1.644, -1.358) error=0.236 m / 0.008 rad; RMS=0.089 m / 0.019 rad max=0.403 m / 0.108 rad samples=1442
[gpu_amcl_cpp_node-6] [WARN] [1788992075.710017232] [gpu_amcl_cpp]: No local AMCL cluster near odometry prediction; using causal odometry pose.
[gpu_amcl_cpp_node-6] [INFO] [1788992075.757174685] [gpu_amcl_cpp]: AMCL odom delta: at_scan=(1.831, 0.187, 0.191) baseline=(1.758, 0.172, 0.195) delta=(0.073, 0.014, -0.004) moved=true scan_age=0.050s
[component_container-9] [INFO] [1788992076.304182054] [pure_pursuit_node]: Pure Pursuit: pose=(1.224, 0.599, -1.428) cte=0.001 closest=129 target=171 path_dist=0.001 heading_err=0.003 steer=-0.020 speed=1.485
[gpu_amcl_cpp_node-6] [INFO] [1788992076.461923321] [gpu_amcl_cpp]: AMCL local correction: odom_prediction=(1.241, 0.448, -1.437) scan=(1.240, 0.474, -1.426) correction=0.026 m/0.011 rad cluster_weight=0.926 publish=true
[ground_truth_amcl_monitor-7] [INFO] [1788992076.632242659] [ground_truth_amcl_monitor]: AMCL vs GT: gt=(1.311, -0.035) amcl=(1.266, 0.333) error=0.370 m / 0.004 rad; current_map=(1.275, 0.257, -1.453) error=0.294 m / 0.000 rad; odom=(1.184, 0.068, -1.453) error=0.164 m / 0.000 rad; ekf=(1.175, 0.143, -1.448) error=0.225 m / 0.004 rad; RMS=0.097 m / 0.019 rad max=0.403 m / 0.108 rad samples=1480
[gpu_amcl_cpp_node-6] [INFO] [1788992076.783631717] [gpu_amcl_cpp]: AMCL odom delta: at_scan=(3.309, 0.408, 0.104) baseline=(3.236, 0.400, 0.109) delta=(0.073, 0.008, -0.005) moved=true scan_age=0.051s
[gpu_amcl_cpp_node-6] [INFO] [1788992076.956208628] [gpu_amcl_cpp]: Received LiDAR callback #757 (1081 ranges).
[gpu_amcl_cpp_node-6] [INFO] [1788992076.956269903] [gpu_amcl_cpp]: Starting AMCL scan update #757 (sampled from 1081 ranges).
[gpu_amcl_cpp_node-6] [INFO] [1788992076.957347608] [gpu_amcl_cpp]: AMCL scan update #757 completed; evaluating pose confidence.
[component_container-9] [INFO] [1788992077.329383856] [pure_pursuit_node]: Pure Pursuit: pose=(1.372, -1.153, -1.550) cte=-0.008 closest=217 target=259 path_dist=0.008 heading_err=-0.012 steer=-0.041 speed=1.470
[gpu_amcl_cpp_node-6] [INFO] [1788992077.488124371] [gpu_amcl_cpp]: AMCL local correction: odom_prediction=(1.387, -1.318, -1.567) scan=(1.393, -1.303, -1.567) correction=0.016 m/0.000 rad cluster_weight=0.954 publish=true
[ground_truth_amcl_monitor-7] [INFO] [1788992077.658471401] [ground_truth_amcl_monitor]: AMCL vs GT: gt=(1.391, -1.538) amcl=(1.391, -1.484) error=0.054 m / 0.009 rad; current_map=(1.389, -1.558, -1.599) error=0.020 m / 0.000 rad; odom=(1.263, -1.420, -1.599) error=0.174 m / 0.000 rad; ekf=(1.263, -1.420, -1.599) error=0.174 m / 0.000 rad; RMS=0.100 m / 0.019 rad max=0.403 m / 0.108 rad samples=1518
[gpu_amcl_cpp_node-6] [INFO] [1788992077.811697060] [gpu_amcl_cpp]: AMCL odom delta: at_scan=(4.798, 0.454, -0.052) baseline=(4.726, 0.457, -0.045) delta=(0.072, -0.003, -0.007) moved=true scan_age=0.052s
[component_container-9] [INFO] [1788992078.331287538] [pure_pursuit_node]: Pure Pursuit: pose=(1.320, -2.556, -1.670) cte=-0.008 closest=287 target=329 path_dist=0.008 heading_err=0.019 steer=-0.011 speed=1.473
[gpu_amcl_cpp_node-6] [INFO] [1788992078.490726957] [gpu_amcl_cpp]: AMCL local correction: odom_prediction=(1.305, -2.701, -1.675) scan=(1.305, -2.713, -1.675) correction=0.012 m/0.000 rad cluster_weight=0.917 publish=true
[ground_truth_amcl_monitor-7] [INFO] [1788992078.662191787] [ground_truth_amcl_monitor]: AMCL vs GT: gt=(1.273, -2.981) amcl=(1.279, -2.956) error=0.026 m / 0.000 rad; current_map=(1.279, -2.941, -1.683) error=0.040 m / 0.000 rad; odom=(1.147, -2.847, -1.683) error=0.184 m / 0.000 rad; ekf=(1.147, -2.847, -1.683) error=0.184 m / 0.000 rad; RMS=0.099 m / 0.019 rad max=0.403 m / 0.108 rad samples=1555
[gpu_amcl_cpp_node-6] [INFO] [1788992078.830874549] [gpu_amcl_cpp]: AMCL odom delta: at_scan=(6.255, 0.317, -0.121) baseline=(6.154, 0.329, -0.117) delta=(0.102, -0.012, -0.004) moved=true scan_age=0.052s
[gpu_amcl_cpp_node-6] [WARN] [1788992079.040105120] [gpu_amcl_cpp]: No local AMCL cluster near odometry prediction; using causal odometry pose.
[component_container-9] [INFO] [1788992079.382556642] [pure_pursuit_node]: Pure Pursuit: pose=(1.133, -4.075, -1.726) cte=-0.003 closest=363 target=406 path_dist=0.003 heading_err=0.004 steer=-0.010 speed=1.488
[gpu_amcl_cpp_node-6] [INFO] [1788992079.560118983] [gpu_amcl_cpp]: AMCL local correction: odom_prediction=(1.101, -4.246, -1.731) scan=(1.105, -4.231, -1.729) correction=0.015 m/0.002 rad cluster_weight=0.925 publish=true
[ground_truth_amcl_monitor-7] [INFO] [1788992079.665771388] [ground_truth_amcl_monitor]: AMCL vs GT: gt=(1.066, -4.453) amcl=(1.078, -4.401) error=0.054 m / 0.000 rad; current_map=(1.077, -4.401, -1.735) error=0.053 m / 0.000 rad; odom=(0.942, -4.303, -1.735) error=0.195 m / 0.000 rad; ekf=(0.942, -4.303, -1.735) error=0.195 m / 0.000 rad; RMS=0.099 m / 0.019 rad max=0.403 m / 0.108 rad samples=1591
[gpu_amcl_cpp_node-6] [INFO] [1788992079.832297757] [gpu_amcl_cpp]: AMCL odom delta: at_scan=(7.713, 0.099, -0.169) baseline=(7.637, 0.112, -0.168) delta=(0.076, -0.013, -0.002) moved=true scan_age=0.051s
[component_container-9] [INFO] [1788992080.434423840] [pure_pursuit_node]: Pure Pursuit: pose=(0.852, -5.635, -1.769) cte=0.000 closest=443 target=485 path_dist=0.000 heading_err=-0.001 steer=-0.009 speed=1.495
[gpu_amcl_cpp_node-6] [INFO] [1788992080.611007812] [gpu_amcl_cpp]: AMCL local correction: odom_prediction=(0.819, -5.814, -1.774) scan=(0.820, -5.822, -1.773) correction=0.008 m/0.002 rad cluster_weight=0.968 publish=true
[ground_truth_amcl_monitor-7] [INFO] [1788992080.710336181] [ground_truth_amcl_monitor]: AMCL vs GT: gt=(0.775, -6.000) amcl=(0.804, -5.895) error=0.109 m / 0.002 rad; current_map=(0.788, -5.969, -1.778) error=0.033 m / 0.000 rad; odom=(0.654, -5.833, -1.779) error=0.206 m / 0.000 rad; ekf=(0.654, -5.833, -1.779) error=0.206 m / 0.000 rad; RMS=0.099 m / 0.018 rad max=0.403 m / 0.108 rad samples=1628
[gpu_amcl_cpp_node-6] [INFO] [1788992080.882129198] [gpu_amcl_cpp]: AMCL odom delta: at_scan=(9.239, -0.200, -0.216) baseline=(9.164, -0.183, -0.213) delta=(0.075, -0.016, -0.003) moved=true scan_age=0.052s
[component_container-9] [INFO] [1788992081.480122724] [pure_pursuit_node]: Pure Pursuit: pose=(0.516, -7.162, -1.805) cte=-0.001 closest=521 target=563 path_dist=0.001 heading_err=0.000 steer=-0.009 speed=1.476
[gpu_amcl_cpp_node-6] [INFO] [1788992081.640341677] [gpu_amcl_cpp]: AMCL local correction: odom_prediction=(0.479, -7.318, -1.810) scan=(0.482, -7.320, -1.810) correction=0.003 m/0.000 rad cluster_weight=0.962 publish=true
[ground_truth_amcl_monitor-7] [INFO] [1788992081.711183826] [ground_truth_amcl_monitor]: AMCL vs GT: gt=(0.446, -7.437) amcl=(0.455, -7.412) error=0.027 m / 0.000 rad; current_map=(0.457, -7.417, -1.813) error=0.023 m / 0.000 rad; odom=(0.328, -7.256, -1.813) error=0.216 m / 0.000 rad; ekf=(0.328, -7.256, -1.813) error=0.216 m / 0.000 rad; RMS=0.098 m / 0.018 rad max=0.403 m / 0.108 rad samples=1665
[gpu_amcl_cpp_node-6] [INFO] [1788992081.909706000] [gpu_amcl_cpp]: AMCL odom delta: at_scan=(10.702, -0.545, -0.255) baseline=(10.631, -0.527, -0.251) delta=(0.071, -0.018, -0.005) moved=true scan_age=0.052s
[gpu_amcl_cpp_node-6] [INFO] [1788992081.962412783] [gpu_amcl_cpp]: Received LiDAR callback #848 (1081 ranges).
[gpu_amcl_cpp_node-6] [INFO] [1788992081.962475511] [gpu_amcl_cpp]: Starting AMCL scan update #848 (sampled from 1081 ranges).
[gpu_amcl_cpp_node-6] [INFO] [1788992081.963835337] [gpu_amcl_cpp]: AMCL scan update #848 completed; evaluating pose confidence.
[component_container-9] [INFO] [1788992082.508133852] [pure_pursuit_node]: Pure Pursuit: pose=(0.113, -8.597, -1.920) cte=0.007 closest=596 target=638 path_dist=0.007 heading_err=0.007 steer=-0.054 speed=1.377
[gpu_amcl_cpp_node-6] [INFO] [1788992082.684116073] [gpu_amcl_cpp]: AMCL local correction: odom_prediction=(0.053, -8.759, -1.947) scan=(0.055, -8.766, -1.945) correction=0.006 m/0.001 rad cluster_weight=0.986 publish=true
[ground_truth_amcl_monitor-7] [INFO] [1788992082.735792279] [ground_truth_amcl_monitor]: AMCL vs GT: gt=(0.013, -8.855) amcl=(0.054, -8.763) error=0.101 m / 0.013 rad; current_map=(0.028, -8.827, -1.960) error=0.032 m / 0.000 rad; odom=(-0.101, -8.661, -1.960) error=0.224 m / 0.000 rad; ekf=(-0.101, -8.661, -1.960) error=0.224 m / 0.000 rad; RMS=0.098 m / 0.018 rad max=0.403 m / 0.108 rad samples=1702
[gpu_amcl_cpp_node-6] [INFO] [1788992082.958134012] [gpu_amcl_cpp]: AMCL odom delta: at_scan=(12.096, -1.025, -0.459) baseline=(12.034, -0.995, -0.441) delta=(0.062, -0.030, -0.018) moved=true scan_age=0.052s
[component_container-9] [INFO] [1788992083.510054733] [pure_pursuit_node]: Pure Pursuit: pose=(-0.556, -9.757, -2.398) cte=0.024 closest=663 target=705 path_dist=0.024 heading_err=0.035 steer=-0.238 speed=1.312
[gpu_amcl_cpp_node-6] [INFO] [1788992083.689295428] [gpu_amcl_cpp]: AMCL local correction: odom_prediction=(-0.681, -9.857, -2.514) scan=(-0.679, -9.860, -2.501) correction=0.004 m/0.013 rad cluster_weight=1.000 publish=true
[ground_truth_amcl_monitor-7] [INFO] [1788992083.756820912] [ground_truth_amcl_monitor]: AMCL vs GT: gt=(-0.773, -9.935) amcl=(-0.680, -9.859) error=0.121 m / 0.064 rad; current_map=(-0.755, -9.910, -2.578) error=0.031 m / 0.000 rad; odom=(-0.884, -9.739, -2.578) error=0.226 m / 0.000 rad; ekf=(-0.884, -9.739, -2.578) error=0.226 m / 0.000 rad; RMS=0.098 m / 0.018 rad max=0.403 m / 0.108 rad samples=1738
[gpu_amcl_cpp_node-6] [INFO] [1788992083.980756181] [gpu_amcl_cpp]: AMCL odom delta: at_scan=(13.023, -1.942, -1.232) baseline=(12.990, -1.859, -1.158) delta=(0.033, -0.083, -0.074) moved=true scan_age=0.051s
[component_container-9] [INFO] [1788992084.558085006] [pure_pursuit_node]: Pure Pursuit: pose=(-1.842, -10.026, 2.792) cte=-0.008 closest=733 target=775 path_dist=0.008 heading_err=-0.020 steer=-0.265 speed=1.362
[gpu_amcl_cpp_node-6] [INFO] [1788992084.733809632] [gpu_amcl_cpp]: AMCL local correction: odom_prediction=(-1.996, -9.956, 2.661) scan=(-2.001, -9.954, 2.668) correction=0.006 m/0.007 rad cluster_weight=0.989 publish=true
[ground_truth_amcl_monitor-7] [INFO] [1788992084.783284701] [ground_truth_amcl_monitor]: AMCL vs GT: gt=(-2.047, -9.957) amcl=(-1.998, -9.955) error=0.049 m / 0.054 rad; current_map=(-2.059, -9.922, 2.608) error=0.037 m / 0.000 rad; odom=(-2.162, -9.762, 2.608) error=0.225 m / 0.000 rad; ekf=(-2.162, -9.762, 2.608) error=0.225 m / 0.000 rad; RMS=0.097 m / 0.019 rad max=0.403 m / 0.108 rad samples=1776
[gpu_amcl_cpp_node-6] [INFO] [1788992085.007161049] [gpu_amcl_cpp]: AMCL odom delta: at_scan=(12.741, -3.202, -2.320) baseline=(12.787, -3.149, -2.272) delta=(-0.047, -0.053, -0.048) moved=true scan_age=0.050s
[component_container-9] [INFO] [1788992085.608118253] [pure_pursuit_node]: Pure Pursuit: pose=(-2.778, -9.021, 1.994) cte=-0.028 closest=803 target=845 path_dist=0.028 heading_err=0.020 steer=-0.089 speed=1.390
[gpu_amcl_cpp_node-6] [INFO] [1788992085.784255715] [gpu_amcl_cpp]: AMCL local correction: odom_prediction=(-2.848, -8.860, 1.950) scan=(-2.847, -8.852, 1.954) correction=0.008 m/0.005 rad cluster_weight=0.977 publish=true
[ground_truth_amcl_monitor-7] [INFO] [1788992085.786517305] [ground_truth_amcl_monitor]: AMCL vs GT: gt=(-2.838, -8.899) amcl=(-2.847, -8.856) error=0.044 m / 0.000 rad; current_map=(-2.848, -8.860, 1.950) error=0.040 m / 0.000 rad; odom=(-2.951, -8.714, 1.950) error=0.217 m / 0.000 rad; ekf=(-2.951, -8.714, 1.950) error=0.217 m / 0.000 rad; RMS=0.096 m / 0.019 rad max=0.403 m / 0.108 rad samples=1813
[gpu_amcl_cpp_node-6] [INFO] [1788992086.035435600] [gpu_amcl_cpp]: AMCL odom delta: at_scan=(11.544, -3.866, -2.850) baseline=(11.611, -3.845, -2.833) delta=(-0.067, -0.021, -0.017) moved=true scan_age=0.051s
[component_container-9] [INFO] [1788992086.635048266] [pure_pursuit_node]: Pure Pursuit: pose=(-3.126, -7.631, 1.679) cte=0.003 closest=875 target=917 path_dist=0.003 heading_err=-0.005 steer=-0.056 speed=1.464
[ground_truth_amcl_monitor-7] [INFO] [1788992086.807034496] [ground_truth_amcl_monitor]: AMCL vs GT: gt=(-3.150, -7.474) amcl=(-3.134, -7.530) error=0.059 m / 0.012 rad; current_map=(-3.140, -7.457, 1.649) error=0.020 m / 0.000 rad; odom=(-3.260, -7.306, 1.649) error=0.201 m / 0.000 rad; ekf=(-3.260, -7.306, 1.649) error=0.201 m / 0.000 rad; RMS=0.095 m / 0.019 rad max=0.403 m / 0.108 rad samples=1850
[gpu_amcl_cpp_node-6] [INFO] [1788992086.808857041] [gpu_amcl_cpp]: AMCL local correction: odom_prediction=(-3.140, -7.457, 1.649) scan=(-3.140, -7.458, 1.659) correction=0.001 m/0.009 rad cluster_weight=0.991 publish=true
[gpu_amcl_cpp_node-6] [INFO] [1788992087.030559373] [gpu_amcl_cpp]: Received LiDAR callback #940 (1081 ranges).
[gpu_amcl_cpp_node-6] [INFO] [1788992087.030616290] [gpu_amcl_cpp]: Starting AMCL scan update #940 (sampled from 1081 ranges).
[gpu_amcl_cpp_node-6] [INFO] [1788992087.031429949] [gpu_amcl_cpp]: AMCL scan update #940 completed; evaluating pose confidence.
[gpu_amcl_cpp_node-6] [INFO] [1788992087.083113218] [gpu_amcl_cpp]: AMCL odom delta: at_scan=(10.065, -4.079, -3.127) baseline=(10.139, -4.077, -3.116) delta=(-0.074, -0.002, -0.011) moved=true scan_age=0.052s
[component_container-9] [INFO] [1788992087.657108116] [pure_pursuit_node]: Pure Pursuit: pose=(-3.106, -6.142, 1.458) cte=0.001 closest=950 target=992 path_dist=0.001 heading_err=-0.004 steer=-0.052 speed=1.460
[ground_truth_amcl_monitor-7] [INFO] [1788992087.831247853] [ground_truth_amcl_monitor]: AMCL vs GT: gt=(-3.098, -5.975) amcl=(-3.094, -6.059) error=0.083 m / 0.015 rad; current_map=(-3.081, -5.960, 1.431) error=0.023 m / 0.000 rad; odom=(-3.221, -5.918, 1.446) error=0.136 m / 0.015 rad; ekf=(-3.221, -5.918, 1.446) error=0.136 m / 0.015 rad; RMS=0.095 m / 0.019 rad max=0.403 m / 0.108 rad samples=1886
[gpu_amcl_cpp_node-6] [INFO] [1788992087.833903975] [gpu_amcl_cpp]: AMCL local correction: odom_prediction=(-3.081, -5.960, 1.431) scan=(-3.067, -5.942, 1.427) correction=0.024 m/0.003 rad cluster_weight=0.976 publish=true
[gpu_amcl_cpp_node-6] [INFO] [1788992088.087237247] [gpu_amcl_cpp]: AMCL odom delta: at_scan=(8.618, -3.948, 2.950) baseline=(8.689, -3.961, 2.958) delta=(-0.071, 0.014, -0.008) moved=true scan_age=0.053s
[component_container-9] [INFO] [1788992088.681816422] [pure_pursuit_node]: Pure Pursuit: pose=(-2.797, -4.692, 1.289) cte=-0.012 closest=1024 target=1066 path_dist=0.012 heading_err=-0.010 steer=-0.012 speed=1.470
[ground_truth_amcl_monitor-7] [INFO] [1788992088.861252984] [ground_truth_amcl_monitor]: AMCL vs GT: gt=(-2.759, -4.522) amcl=(-2.785, -4.611) error=0.093 m / 0.003 rad; current_map=(-2.763, -4.537, 1.282) error=0.016 m / 0.000 rad; odom=(-2.874, -4.383, 1.282) error=0.180 m / 0.000 rad; ekf=(-2.874, -4.383, 1.282) error=0.180 m / 0.000 rad; RMS=0.094 m / 0.019 rad max=0.403 m / 0.108 rad samples=1924
[gpu_amcl_cpp_node-6] [INFO] [1788992088.863260217] [gpu_amcl_cpp]: AMCL local correction: odom_prediction=(-2.763, -4.537, 1.282) scan=(-2.750, -4.517, 1.271) correction=0.024 m/0.012 rad cluster_weight=0.941 publish=true
[gpu_amcl_cpp_node-6] [INFO] [1788992089.136150195] [gpu_amcl_cpp]: AMCL odom delta: at_scan=(7.156, -3.558, 2.845) baseline=(7.230, -3.581, 2.846) delta=(-0.073, 0.022, -0.001) moved=true scan_age=0.051s
[component_container-9] [INFO] [1788992089.681908070] [pure_pursuit_node]: Pure Pursuit: pose=(-2.399, -3.309, 1.289) cte=-0.008 closest=1096 target=1138 path_dist=0.008 heading_err=0.012 steer=0.005 speed=1.479
[ground_truth_amcl_monitor-7] [INFO] [1788992089.863065667] [ground_truth_amcl_monitor]: AMCL vs GT: gt=(-2.341, -3.116) amcl=(-2.339, -3.121) error=0.006 m / 0.000 rad; current_map=(-2.340, -3.124, 1.290) error=0.008 m / 0.000 rad; odom=(-2.461, -2.993, 1.290) error=0.171 m / 0.000 rad; ekf=(-2.461, -2.993, 1.290) error=0.171 m / 0.000 rad; RMS=0.094 m / 0.019 rad max=0.403 m / 0.108 rad samples=1959
[gpu_amcl_cpp_node-6] [INFO] [1788992089.912537961] [gpu_amcl_cpp]: AMCL local correction: odom_prediction=(-2.318, -3.047, 1.292) scan=(-2.304, -3.021, 1.283) correction=0.029 m/0.009 rad cluster_weight=0.963 publish=true
[gpu_amcl_cpp_node-6] [INFO] [1788992090.190192985] [gpu_amcl_cpp]: AMCL odom delta: at_scan=(5.683, -3.131, 2.877) baseline=(5.758, -3.151, 2.875) delta=(-0.075, 0.020, 0.002) moved=true scan_age=0.055s
[component_container-9] [INFO] [1788992090.708975479] [pure_pursuit_node]: Pure Pursuit: pose=(-1.910, -1.525, 1.325) cte=0.003 closest=1188 target=1233 path_dist=0.003 heading_err=-0.004 steer=0.008 speed=3.209
[ground_truth_amcl_monitor-7] [INFO] [1788992090.885565120] [ground_truth_amcl_monitor]: AMCL vs GT: gt=(-1.832, -1.164) amcl=(-1.856, -1.302) error=0.141 m / 0.004 rad; current_map=(-1.818, -1.147, 1.335) error=0.021 m / 0.000 rad; odom=(-2.003, -1.250, 1.331) error=0.192 m / 0.004 rad; ekf=(-2.003, -1.250, 1.331) error=0.192 m / 0.004 rad; RMS=0.093 m / 0.018 rad max=0.403 m / 0.108 rad samples=1994
[gpu_amcl_cpp_node-6] [INFO] [1788992090.940418578] [gpu_amcl_cpp]: AMCL local correction: odom_prediction=(-1.776, -0.975, 1.339) scan=(-1.779, -0.982, 1.330) correction=0.008 m/0.009 rad cluster_weight=0.942 publish=true
[gpu_amcl_cpp_node-6] [INFO] [1788992091.233738083] [gpu_amcl_cpp]: AMCL odom delta: at_scan=(3.019, -2.487, 2.939) baseline=(3.223, -2.530, 2.930) delta=(-0.204, 0.043, 0.009) moved=true scan_age=0.052s
[component_container-9] [INFO] [1788992091.729915812] [pure_pursuit_node]: Pure Pursuit: pose=(-1.296, 1.625, 1.546) cte=-0.006 closest=1349 target=1391 path_dist=0.006 heading_err=-0.072 steer=-0.003 speed=3.258
[ground_truth_amcl_monitor-7] [INFO] [1788992091.888282052] [ground_truth_amcl_monitor]: AMCL vs GT: gt=(-1.260, 2.353) amcl=(-1.247, 2.225) error=0.128 m / 0.000 rad; current_map=(-1.247, 2.183, 1.533) error=0.170 m / 0.000 rad; odom=(-1.438, 1.989, 1.533) error=0.405 m / 0.000 rad; ekf=(-1.438, 1.989, 1.533) error=0.405 m / 0.000 rad; RMS=0.096 m / 0.018 rad max=0.403 m / 0.108 rad samples=2031
[gpu_amcl_cpp_node-6] [INFO] [1788992091.991321926] [gpu_amcl_cpp]: AMCL local correction: odom_prediction=(-1.241, 2.597, 1.600) scan=(-1.231, 2.640, 1.585) correction=0.044 m/0.016 rad cluster_weight=0.979 publish=true
[gpu_amcl_cpp_node-6] [INFO] [1788992092.055920549] [gpu_amcl_cpp]: Received LiDAR callback #1029 (1081 ranges).
[gpu_amcl_cpp_node-6] [INFO] [1788992092.055983337] [gpu_amcl_cpp]: Starting AMCL scan update #1029 (sampled from 1081 ranges).
[gpu_amcl_cpp_node-6] [INFO] [1788992092.056791496] [gpu_amcl_cpp]: AMCL scan update #1029 completed; evaluating pose confidence.
[gpu_amcl_cpp_node-6] [INFO] [1788992092.260032488] [gpu_amcl_cpp]: AMCL odom delta: at_scan=(0.546, -2.295, -2.736) baseline=(0.607, -2.271, -2.777) delta=(-0.061, -0.025, 0.041) moved=true scan_age=0.052s
[component_container-9] [INFO] [1788992092.758314170] [pure_pursuit_node]: Pure Pursuit: pose=(-1.997, 3.981, 2.869) cte=0.159 closest=1473 target=1516 path_dist=0.159 heading_err=0.039 steer=0.431 speed=1.589
[ground_truth_amcl_monitor-7] [INFO] [1788992092.937314723] [ground_truth_amcl_monitor]: AMCL vs GT: gt=(-2.154, 3.960) amcl=(-2.086, 3.999) error=0.078 m / 0.104 rad; current_map=(-2.170, 4.006, 3.118) error=0.048 m / 0.000 rad; odom=(-2.318, 3.317, 3.118) error=0.663 m / 0.000 rad; ekf=(-2.318, 3.317, 3.118) error=0.663 m / 0.000 rad; RMS=0.097 m / 0.020 rad max=0.403 m / 0.153 rad samples=2068
[gpu_amcl_cpp_node-6] [INFO] [1788992093.010569265] [gpu_amcl_cpp]: AMCL local correction: odom_prediction=(-2.279, 4.004, -3.032) scan=(-2.268, 4.021, -3.032) correction=0.021 m/0.000 rad cluster_weight=0.978 publish=true
[gpu_amcl_cpp_node-6] [INFO] [1788992093.310311742] [gpu_amcl_cpp]: AMCL odom delta: at_scan=(0.017, -3.657, -0.930) baseline=(-0.030, -3.587, -1.019) delta=(0.048, -0.070, 0.089) moved=true scan_age=0.051s
[component_container-9] [INFO] [1788992093.779986076] [pure_pursuit_node]: Pure Pursuit: pose=(-3.125, 2.908, -1.756) cte=0.018 closest=1556 target=1600 path_dist=0.018 heading_err=0.035 steer=0.063 speed=2.919
[ground_truth_amcl_monitor-7] [INFO] [1788992093.958811630] [ground_truth_amcl_monitor]: AMCL vs GT: gt=(-3.189, 2.586) amcl=(-3.149, 2.735) error=0.155 m / 0.038 rad; current_map=(-3.174, 2.545, -1.683) error=0.043 m / 0.000 rad; odom=(-3.377, 1.954, -1.683) error=0.659 m / 0.000 rad; ekf=(-3.352, 2.144, -1.721) error=0.471 m / 0.038 rad; RMS=0.096 m / 0.022 rad max=0.403 m / 0.153 rad samples=2102
[gpu_amcl_cpp_node-6] [INFO] [1788992094.020388303] [gpu_amcl_cpp]: AMCL local correction: odom_prediction=(-3.189, 2.386, -1.665) scan=(-3.192, 2.389, -1.658) correction=0.004 m/0.007 rad cluster_weight=0.947 publish=true
[gpu_amcl_cpp_node-6] [INFO] [1788992094.311674907] [gpu_amcl_cpp]: AMCL odom delta: at_scan=(2.365, -4.291, -0.121) baseline=(2.183, -4.271, -0.106) delta=(0.182, -0.021, -0.015) moved=true scan_age=0.051s
[component_container-9] [INFO] [1788992094.829642078] [pure_pursuit_node]: Pure Pursuit: pose=(-3.656, 0.208, -1.966) cte=0.042 closest=1695 target=1739 path_dist=0.042 heading_err=-0.156 steer=-0.297 speed=1.970
[ground_truth_amcl_monitor-7] [INFO] [1788992094.983512117] [ground_truth_amcl_monitor]: AMCL vs GT: gt=(-3.826, -0.247) amcl=(-3.753, -0.087) error=0.176 m / 0.063 rad; current_map=(-3.803, -0.187, -2.069) error=0.065 m / 0.000 rad; odom=(-3.867, -0.422, -2.069) error=0.179 m / 0.000 rad; ekf=(-3.816, -0.322, -2.006) error=0.076 m / 0.063 rad; RMS=0.098 m / 0.022 rad max=0.403 m / 0.153 rad samples=2138
[gpu_amcl_cpp_node-6] [INFO] [1788992095.038330228] [gpu_amcl_cpp]: AMCL local correction: odom_prediction=(-3.838, -0.265, -2.168) scan=(-3.847, -0.310, -2.146) correction=0.046 m/0.022 rad cluster_weight=0.975 publish=true
[gpu_amcl_cpp_node-6] [INFO] [1788992095.381400739] [gpu_amcl_cpp]: AMCL odom delta: at_scan=(3.815, -4.982, -1.218) baseline=(3.768, -4.873, -1.107) delta=(0.047, -0.109, -0.111) moved=true scan_age=0.052s
[component_container-9] [INFO] [1788992095.879549180] [pure_pursuit_node]: Pure Pursuit: pose=(-5.048, -0.527, 2.588) cte=-0.112 closest=1777 target=1819 path_dist=0.112 heading_err=0.141 steer=-0.262 speed=1.800
[ground_truth_amcl_monitor-7] [INFO] [1788992095.983609241] [ground_truth_amcl_monitor]: AMCL vs GT: gt=(-5.140, -0.471) amcl=(-5.053, -0.538) error=0.110 m / 0.072 rad; current_map=(-5.122, -0.492, 2.518) error=0.028 m / 0.000 rad; odom=(-5.086, -0.521, 2.518) error=0.073 m / 0.000 rad; ekf=(-5.086, -0.521, 2.518) error=0.073 m / 0.000 rad; RMS=0.098 m / 0.023 rad max=0.403 m / 0.153 rad samples=2174
[gpu_amcl_cpp_node-6] [INFO] [1788992096.087086948] [gpu_amcl_cpp]: AMCL local correction: odom_prediction=(-5.255, -0.390, 2.381) scan=(-5.258, -0.366, 2.390) correction=0.025 m/0.010 rad cluster_weight=0.961 publish=true
[gpu_amcl_cpp_node-6] [INFO] [1788992096.410039107] [gpu_amcl_cpp]: AMCL odom delta: at_scan=(3.027, -6.394, -2.711) baseline=(3.134, -6.341, -2.660) delta=(-0.107, -0.053, -0.051) moved=true scan_age=0.052s
[component_container-9] [INFO] [1788992096.907232322] [pure_pursuit_node]: Pure Pursuit: pose=(-6.069, 1.867, 1.712) cte=-0.004 closest=1907 target=1955 path_dist=0.004 heading_err=0.009 steer=-0.035 speed=3.926
[ground_truth_amcl_monitor-7] [INFO] [1788992097.012238100] [ground_truth_amcl_monitor]: AMCL vs GT: gt=(-6.115, 2.115) amcl=(-6.075, 1.873) error=0.244 m / 0.022 rad; current_map=(-6.100, 2.069, 1.688) error=0.048 m / 0.000 rad; odom=(-6.051, 2.043, 1.688) error=0.096 m / 0.000 rad; ekf=(-6.051, 2.043, 1.688) error=0.096 m / 0.000 rad; RMS=0.099 m / 0.023 rad max=0.403 m / 0.153 rad samples=2212
[gpu_amcl_cpp_node-6] [INFO] [1788992097.081151182] [gpu_amcl_cpp]: Received LiDAR callback #1118 (1081 ranges).
[gpu_amcl_cpp_node-6] [INFO] [1788992097.081212999] [gpu_amcl_cpp]: Starting AMCL scan update #1118 (sampled from 1081 ranges).
[gpu_amcl_cpp_node-6] [INFO] [1788992097.082022430] [gpu_amcl_cpp]: AMCL scan update #1118 completed; evaluating pose confidence.
[gpu_amcl_cpp_node-6] [INFO] [1788992097.135225856] [gpu_amcl_cpp]: AMCL local correction: odom_prediction=(-6.147, 2.544, 1.640) scan=(-6.150, 2.550, 1.638) correction=0.007 m/0.002 rad cluster_weight=0.957 publish=true
[gpu_amcl_cpp_node-6] [INFO] [1788992097.457404571] [gpu_amcl_cpp]: AMCL odom delta: at_scan=(-0.631, -6.892, 3.058) baseline=(-0.434, -6.906, 3.083) delta=(-0.197, 0.014, -0.025) moved=true scan_age=0.050s
[component_container-9] [INFO] [1788992097.929815167] [pure_pursuit_node]: Pure Pursuit: pose=(-5.742, 5.682, 1.153) cte=-0.006 closest=2101 target=2146 path_dist=0.006 heading_err=0.037 steer=-0.044 speed=2.856
[ground_truth_amcl_monitor-7] [INFO] [1788992098.035581885] [ground_truth_amcl_monitor]: AMCL vs GT: gt=(-5.650, 5.948) amcl=(-5.727, 5.713) error=0.248 m / 0.030 rad; current_map=(-5.691, 5.790, 1.127) error=0.163 m / 0.000 rad; odom=(-5.657, 5.696, 1.127) error=0.252 m / 0.000 rad; ekf=(-5.657, 5.696, 1.127) error=0.252 m / 0.000 rad; RMS=0.101 m / 0.023 rad max=0.403 m / 0.153 rad samples=2250
[gpu_amcl_cpp_node-6] [INFO] [1788992098.158551888] [gpu_amcl_cpp]: AMCL local correction: odom_prediction=(-5.547, 6.059, 1.087) scan=(-5.476, 6.189, 1.109) correction=0.149 m/0.022 rad cluster_weight=0.989 publish=true
[gpu_amcl_cpp_node-6] [INFO] [1788992098.481719892] [gpu_amcl_cpp]: AMCL odom delta: at_scan=(-3.491, -5.870, 2.358) baseline=(-3.345, -5.997, 2.495) delta=(-0.146, 0.127, -0.137) moved=true scan_age=0.052s
[component_container-9] [INFO] [1788992098.932315386] [pure_pursuit_node]: Pure Pursuit: pose=(-3.654, 7.588, 0.102) cte=-0.022 closest=2249 target=2295 path_dist=0.022 heading_err=0.047 steer=-0.111 speed=3.471
[ground_truth_amcl_monitor-7] [INFO] [1788992099.036407727] [ground_truth_amcl_monitor]: AMCL vs GT: gt=(-3.453, 7.625) amcl=(-3.633, 7.595) error=0.182 m / 0.056 rad; current_map=(-3.460, 7.607, 0.046) error=0.019 m / 0.000 rad; odom=(-3.515, 7.232, 0.046) error=0.398 m / 0.000 rad; ekf=(-3.515, 7.232, 0.046) error=0.398 m / 0.000 rad; RMS=0.102 m / 0.024 rad max=0.403 m / 0.153 rad samples=2286
[gpu_amcl_cpp_node-6] [INFO] [1788992099.161282820] [gpu_amcl_cpp]: AMCL local correction: odom_prediction=(-3.032, 7.601, -0.098) scan=(-3.050, 7.612, -0.085) correction=0.021 m/0.013 rad cluster_weight=0.969 publish=true
[gpu_amcl_cpp_node-6] [INFO] [1788992099.510521333] [gpu_amcl_cpp]: AMCL odom delta: at_scan=(-3.651, -2.741, 1.006) baseline=(-3.750, -2.909, 1.068) delta=(0.100, 0.169, -0.062) moved=true scan_age=0.053s
[component_container-9] [INFO] [1788992099.956280467] [pure_pursuit_node]: Pure Pursuit: pose=(-0.574, 5.871, -1.006) cte=-0.015 closest=2435 target=2483 path_dist=0.015 heading_err=0.022 steer=-0.043 speed=3.826
[ground_truth_amcl_monitor-7] [INFO] [1788992100.063625643] [ground_truth_amcl_monitor]: AMCL vs GT: gt=(-0.473, 5.696) amcl=(-0.570, 5.868) error=0.197 m / 0.027 rad; current_map=(-0.465, 5.698, -1.030) error=0.008 m / 0.000 rad; odom=(-0.524, 5.289, -1.030) error=0.411 m / 0.000 rad; ekf=(-0.524, 5.289, -1.030) error=0.411 m / 0.000 rad; RMS=0.103 m / 0.024 rad max=0.403 m / 0.153 rad samples=2322
[gpu_amcl_cpp_node-6] [INFO] [1788992100.184833553] [gpu_amcl_cpp]: AMCL local correction: odom_prediction=(-0.250, 5.312, -1.087) scan=(-0.252, 5.317, -1.087) correction=0.005 m/0.000 rad cluster_weight=0.972 publish=true
[gpu_amcl_cpp_node-6] [INFO] [1788992100.510845361] [gpu_amcl_cpp]: AMCL odom delta: at_scan=(-0.560, -0.569, 0.380) baseline=(-0.745, -0.644, 0.393) delta=(0.185, 0.075, -0.012) moved=true scan_age=0.052s
[component_container-9] [INFO] [1788992100.958099545] [pure_pursuit_node]: Pure Pursuit: pose=(0.887, 2.263, -1.313) cte=0.000 closest=44 target=92 path_dist=0.000 heading_err=-0.005 steer=-0.024 speed=3.970
[ground_truth_amcl_monitor-7] [INFO] [1788992101.066919652] [ground_truth_amcl_monitor]: AMCL vs GT: gt=(0.942, 2.063) amcl=(0.933, 2.071) error=0.012 m / 0.000 rad; current_map=(0.935, 2.082, -1.329) error=0.020 m / 0.000 rad; odom=(0.890, 1.653, -1.329) error=0.413 m / 0.000 rad; ekf=(0.890, 1.653, -1.329) error=0.413 m / 0.000 rad; RMS=0.104 m / 0.024 rad max=0.403 m / 0.153 rad samples=2359
[gpu_amcl_cpp_node-6] [INFO] [1788992101.186113387] [gpu_amcl_cpp]: AMCL local correction: odom_prediction=(1.039, 1.585, -1.362) scan=(1.035, 1.624, -1.374) correction=0.040 m/0.011 rad cluster_weight=0.921 publish=true
[gpu_amcl_cpp_node-6] [INFO] [1788992101.512220073] [gpu_amcl_cpp]: AMCL odom delta: at_scan=(3.255, 0.422, 0.137) baseline=(3.056, 0.393, 0.152) delta=(0.198, 0.029, -0.014) moved=true scan_age=0.052s
[component_container-9] [INFO] [1788992102.006400474] [pure_pursuit_node]: Pure Pursuit: pose=(1.377, -1.834, -1.625) cte=-0.023 closest=251 target=299 path_dist=0.023 heading_err=0.017 steer=-0.024 speed=3.840
[gpu_amcl_cpp_node-6] [INFO] [1788992102.110338465] [gpu_amcl_cpp]: Received LiDAR callback #1209 (1081 ranges).
[gpu_amcl_cpp_node-6] [INFO] [1788992102.110404149] [gpu_amcl_cpp]: Starting AMCL scan update #1209 (sampled from 1081 ranges).
[ground_truth_amcl_monitor-7] [INFO] [1788992102.111232886] [ground_truth_amcl_monitor]: AMCL vs GT: gt=(1.380, -2.039) amcl=(1.395, -1.813) error=0.226 m / 0.020 rad; current_map=(1.382, -2.011, -1.645) error=0.027 m / 0.000 rad; odom=(1.323, -2.449, -1.645) error=0.414 m / 0.000 rad; ekf=(1.323, -2.449, -1.645) error=0.414 m / 0.000 rad; RMS=0.107 m / 0.024 rad max=0.449 m / 0.153 rad samples=2396
[gpu_amcl_cpp_node-6] [INFO] [1788992102.111487425] [gpu_amcl_cpp]: AMCL scan update #1209 completed; evaluating pose confidence.
[gpu_amcl_cpp_node-6] [INFO] [1788992102.236360944] [gpu_amcl_cpp]: AMCL local correction: odom_prediction=(1.343, -2.467, -1.673) scan=(1.345, -2.482, -1.670) correction=0.015 m/0.003 rad cluster_weight=0.936 publish=true
[gpu_amcl_cpp_node-6] [INFO] [1788992102.560190030] [gpu_amcl_cpp]: AMCL odom delta: at_scan=(7.327, 0.319, -0.146) baseline=(7.130, 0.348, -0.143) delta=(0.196, -0.029, -0.003) moved=true scan_age=0.052s
[component_container-9] [INFO] [1788992103.009507210] [pure_pursuit_node]: Pure Pursuit: pose=(0.852, -5.669, -1.765) cte=-0.006 closest=444 target=493 path_dist=0.006 heading_err=-0.006 steer=-0.019 speed=3.953
[ground_truth_amcl_monitor-7] [INFO] [1788992103.133652170] [ground_truth_amcl_monitor]: AMCL vs GT: gt=(0.776, -5.994) amcl=(0.833, -5.726) error=0.274 m / 0.009 rad; current_map=(0.791, -5.927, -1.783) error=0.069 m / 0.000 rad; odom=(0.719, -6.403, -1.783) error=0.413 m / 0.000 rad; ekf=(0.719, -6.403, -1.783) error=0.413 m / 0.000 rad; RMS=0.109 m / 0.024 rad max=0.449 m / 0.153 rad samples=2432
[gpu_amcl_cpp_node-6] [INFO] [1788992103.238311026] [gpu_amcl_cpp]: AMCL local correction: odom_prediction=(0.703, -6.329, -1.799) scan=(0.701, -6.346, -1.794) correction=0.017 m/0.005 rad cluster_weight=0.953 publish=true
[gpu_amcl_cpp_node-6] [INFO] [1788992103.609868497] [gpu_amcl_cpp]: AMCL odom delta: at_scan=(11.402, -0.508, -0.259) baseline=(11.209, -0.458, -0.241) delta=(0.193, -0.049, -0.018) moved=true scan_age=0.050s
[component_container-9] [INFO] [1788992104.033958413] [pure_pursuit_node]: Pure Pursuit: pose=(-0.050, -8.984, -2.038) cte=0.013 closest=617 target=660 path_dist=0.013 heading_err=0.043 steer=-0.054 speed=2.549
[ground_truth_amcl_monitor-7] [INFO] [1788992104.157606659] [ground_truth_amcl_monitor]: AMCL vs GT: gt=(-0.279, -9.501) amcl=(-0.168, -9.258) error=0.267 m / 0.000 rad; current_map=(-0.233, -9.389, -2.029) error=0.121 m / 0.000 rad; odom=(-0.189, -9.543, -2.029) error=0.100 m / 0.000 rad; ekf=(-0.189, -9.543, -2.029) error=0.100 m / 0.000 rad; RMS=0.111 m / 0.024 rad max=0.449 m / 0.153 rad samples=2470
[gpu_amcl_cpp_node-6] [INFO] [1788992104.259337221] [gpu_amcl_cpp]: AMCL local correction: odom_prediction=(-0.378, -9.683, -2.094) scan=(-0.381, -9.698, -2.079) correction=0.015 m/0.014 rad cluster_weight=0.999 publish=true
[gpu_amcl_cpp_node-6] [INFO] [1788992104.631925630] [gpu_amcl_cpp]: AMCL odom delta: at_scan=(13.526, -1.736, -1.111) baseline=(13.454, -1.608, -1.009) delta=(0.072, -0.128, -0.102) moved=true scan_age=0.052s
[component_container-9] [INFO] [1788992105.058060027] [pure_pursuit_node]: Pure Pursuit: pose=(-1.838, -10.373, 2.864) cte=-0.335 closest=728 target=770 path_dist=0.335 heading_err=-0.018 steer=-0.394 speed=1.782
[gpu_amcl_cpp_node-6] [WARN] [1788992105.110422683] [gpu_amcl_cpp]: Queued LiDAR scan until source-time odometry arrives (queued=1).
[ground_truth_amcl_monitor-7] [INFO] [1788992105.181630908] [ground_truth_amcl_monitor]: AMCL vs GT: gt=(-1.942, -10.364) amcl=(-1.846, -10.369) error=0.096 m / 0.145 rad; current_map=(-1.959, -10.327, 2.709) error=0.041 m / 0.000 rad; odom=(-1.905, -10.423, 2.709) error=0.070 m / 0.000 rad; ekf=(-1.905, -10.423, 2.709) error=0.070 m / 0.000 rad; RMS=0.111 m / 0.025 rad max=0.449 m / 0.153 rad samples=2508
[gpu_amcl_cpp_node-6] [INFO] [1788992105.286232026] [gpu_amcl_cpp]: AMCL local correction: odom_prediction=(-2.105, -10.243, 2.512) scan=(-2.105, -10.244, 2.521) correction=0.000 m/0.009 rad cluster_weight=0.984 publish=true
[gpu_amcl_cpp_node-6] [INFO] [1788992105.659704585] [gpu_amcl_cpp]: AMCL odom delta: at_scan=(12.945, -3.282, -2.690) baseline=(13.037, -3.234, -2.648) delta=(-0.092, -0.047, -0.042) moved=true scan_age=0.051s
[component_container-9] [INFO] [1788992106.104921829] [pure_pursuit_node]: Pure Pursuit: pose=(-2.976, -8.405, 1.849) cte=0.007 closest=835 target=882 path_dist=0.007 heading_err=0.009 steer=-0.077 speed=3.817
[ground_truth_amcl_monitor-7] [INFO] [1788992106.209557120] [ground_truth_amcl_monitor]: AMCL vs GT: gt=(-3.037, -8.210) amcl=(-2.982, -8.379) error=0.178 m / 0.038 rad; current_map=(-3.028, -8.199, 1.803) error=0.013 m / 0.000 rad; odom=(-3.000, -8.290, 1.803) error=0.088 m / 0.000 rad; ekf=(-3.000, -8.290, 1.803) error=0.088 m / 0.000 rad; RMS=0.111 m / 0.025 rad max=0.449 m / 0.153 rad samples=2546
[gpu_amcl_cpp_node-6] [INFO] [1788992106.333475675] [gpu_amcl_cpp]: AMCL local correction: odom_prediction=(-3.111, -7.754, 1.699) scan=(-3.109, -7.759, 1.712) correction=0.005 m/0.013 rad cluster_weight=0.991 publish=true
[gpu_amcl_cpp_node-6] [INFO] [1788992106.686323771] [gpu_amcl_cpp]: AMCL odom delta: at_scan=(9.620, -3.908, 3.058) baseline=(9.818, -3.922, 3.090) delta=(-0.198, 0.013, -0.031) moved=true scan_age=0.052s
[component_container-9] [INFO] [1788992107.133359993] [pure_pursuit_node]: Pure Pursuit: pose=(-2.724, -4.481, 1.272) cte=-0.002 closest=1035 target=1083 path_dist=0.002 heading_err=0.012 steer=0.014 speed=3.976
[gpu_amcl_cpp_node-6] [INFO] [1788992107.135142242] [gpu_amcl_cpp]: Received LiDAR callback #1302 (1081 ranges).
[gpu_amcl_cpp_node-6] [INFO] [1788992107.135188019] [gpu_amcl_cpp]: Starting AMCL scan update #1302 (sampled from 1081 ranges).
[gpu_amcl_cpp_node-6] [INFO] [1788992107.135738513] [gpu_amcl_cpp]: AMCL scan update #1302 completed; evaluating pose confidence.
[ground_truth_amcl_monitor-7] [INFO] [1788992107.256458956] [ground_truth_amcl_monitor]: AMCL vs GT: gt=(-2.668, -4.229) amcl=(-2.723, -4.476) error=0.253 m / 0.003 rad; current_map=(-2.645, -4.217, 1.281) error=0.026 m / 0.000 rad; odom=(-2.627, -4.300, 1.281) error=0.082 m / 0.000 rad; ekf=(-2.627, -4.300, 1.281) error=0.082 m / 0.000 rad; RMS=0.111 m / 0.025 rad max=0.449 m / 0.153 rad samples=2584
[gpu_amcl_cpp_node-6] [INFO] [1788992107.362283202] [gpu_amcl_cpp]: AMCL local correction: odom_prediction=(-2.528, -3.812, 1.299) scan=(-2.528, -3.814, 1.289) correction=0.003 m/0.010 rad cluster_weight=0.946 publish=true
[gpu_amcl_cpp_node-6] [INFO] [1788992107.705663614] [gpu_amcl_cpp]: AMCL odom delta: at_scan=(5.736, -2.952, 2.862) baseline=(6.001, -3.027, 2.867) delta=(-0.265, 0.075, -0.005) moved=true scan_age=0.051s
[component_container-9] [INFO] [1788992108.135257292] [pure_pursuit_node]: Pure Pursuit: pose=(-1.704, -0.657, 1.334) cte=-0.002 closest=1233 target=1281 path_dist=0.002 heading_err=0.010 steer=0.016 speed=3.968
[ground_truth_amcl_monitor-7] [INFO] [1788992108.257657052] [ground_truth_amcl_monitor]: AMCL vs GT: gt=(-1.652, -0.396) amcl=(-1.689, -0.580) error=0.188 m / 0.006 rad; current_map=(-1.643, -0.385, 1.341) error=0.014 m / 0.000 rad; odom=(-1.611, -0.464, 1.341) error=0.079 m / 0.000 rad; ekf=(-1.611, -0.464, 1.341) error=0.079 m / 0.000 rad; RMS=0.112 m / 0.025 rad max=0.449 m / 0.153 rad samples=2620
[gpu_amcl_cpp_node-6] [INFO] [1788992108.410129322] [gpu_amcl_cpp]: AMCL local correction: odom_prediction=(-1.518, 0.211, 1.382) scan=(-1.517, 0.221, 1.372) correction=0.010 m/0.010 rad cluster_weight=0.947 publish=true
[gpu_amcl_cpp_node-6] [INFO] [1788992108.733633817] [gpu_amcl_cpp]: AMCL odom delta: at_scan=(1.859, -2.086, 3.008) baseline=(1.992, -2.105, 2.987) delta=(-0.133, 0.019, 0.022) moved=true scan_age=0.051s
[component_container-9] [INFO] [1788992109.179616939] [pure_pursuit_node]: Pure Pursuit: pose=(-1.263, 2.740, 1.708) cte=0.050 closest=1404 target=1448 path_dist=0.050 heading_err=0.052 steer=0.236 speed=1.967
[ground_truth_amcl_monitor-7] [INFO] [1788992109.285468556] [ground_truth_amcl_monitor]: AMCL vs GT: gt=(-1.306, 3.092) amcl=(-1.255, 2.828) error=0.269 m / 0.097 rad; current_map=(-1.262, 2.861, 1.821) error=0.236 m / 0.000 rad; odom=(-1.275, 2.357, 1.821) error=0.736 m / 0.000 rad; ekf=(-1.275, 2.357, 1.821) error=0.736 m / 0.000 rad; RMS=0.113 m / 0.025 rad max=0.449 m / 0.153 rad samples=2658
[gpu_amcl_cpp_node-6] [INFO] [1788992109.459279643] [gpu_amcl_cpp]: AMCL local correction: odom_prediction=(-1.361, 3.208, 1.995) scan=(-1.402, 3.348, 1.979) correction=0.146 m/0.016 rad cluster_weight=0.979 publish=true
[gpu_amcl_cpp_node-6] [INFO] [1788992109.781034819] [gpu_amcl_cpp]: AMCL odom delta: at_scan=(0.198, -2.442, -2.242) baseline=(0.238, -2.396, -2.353) delta=(-0.040, -0.045, 0.111) moved=true scan_age=0.050s
[component_container-9] [INFO] [1788992110.209126354] [pure_pursuit_node]: Pure Pursuit: pose=(-2.289, 4.064, -3.030) cte=0.209 closest=1486 target=1528 path_dist=0.209 heading_err=-0.108 steer=0.402 speed=1.448
[ground_truth_amcl_monitor-7] [INFO] [1788992110.286306614] [ground_truth_amcl_monitor]: AMCL vs GT: gt=(-2.300, 4.018) amcl=(-2.310, 4.062) error=0.044 m / 0.000 rad; current_map=(-2.313, 4.061, -2.992) error=0.045 m / 0.000 rad; odom=(-2.161, 3.061, -2.993) error=0.968 m / 0.000 rad; ekf=(-2.161, 3.061, -2.993) error=0.968 m / 0.000 rad; RMS=0.114 m / 0.026 rad max=0.449 m / 0.153 rad samples=2695
[gpu_amcl_cpp_node-6] [INFO] [1788992110.484288228] [gpu_amcl_cpp]: AMCL local correction: odom_prediction=(-2.572, 3.974, -2.654) scan=(-2.560, 3.962, -2.655) correction=0.017 m/0.002 rad cluster_weight=0.978 publish=true
[gpu_amcl_cpp_node-6] [INFO] [1788992110.806203445] [gpu_amcl_cpp]: AMCL odom delta: at_scan=(0.521, -3.593, -0.580) baseline=(0.453, -3.544, -0.657) delta=(0.068, -0.048, 0.077) moved=true scan_age=0.050s
[component_container-9] [INFO] [1788992111.233885190] [pure_pursuit_node]: Pure Pursuit: pose=(-3.179, 2.610, -1.663) cte=0.035 closest=1571 target=1615 path_dist=0.035 heading_err=-0.025 steer=0.009 speed=3.177
[ground_truth_amcl_monitor-7] [INFO] [1788992111.306174958] [ground_truth_amcl_monitor]: AMCL vs GT: gt=(-3.199, 2.547) amcl=(-3.164, 2.711) error=0.167 m / 0.030 rad; current_map=(-3.184, 2.520, -1.660) error=0.031 m / 0.000 rad; odom=(-3.073, 1.603, -1.660) error=0.953 m / 0.000 rad; ekf=(-3.073, 1.603, -1.660) error=0.953 m / 0.000 rad; RMS=0.113 m / 0.026 rad max=0.449 m / 0.153 rad samples=2732
[gpu_amcl_cpp_node-6] [INFO] [1788992111.512101595] [gpu_amcl_cpp]: AMCL local correction: odom_prediction=(-3.240, 1.901, -1.662) scan=(-3.237, 1.930, -1.650) correction=0.029 m/0.012 rad cluster_weight=0.949 publish=true
[gpu_amcl_cpp_node-6] [INFO] [1788992111.856182322] [gpu_amcl_cpp]: AMCL odom delta: at_scan=(3.153, -4.050, -0.240) baseline=(3.082, -4.035, -0.174) delta=(0.071, -0.015, -0.066) moved=true scan_age=0.052s
[gpu_amcl_cpp_node-6] [INFO] [1788992112.181187175] [gpu_amcl_cpp]: Received LiDAR callback #1394 (1081 ranges).
[gpu_amcl_cpp_node-6] [INFO] [1788992112.181251847] [gpu_amcl_cpp]: Starting AMCL scan update #1394 (sampled from 1081 ranges).
[gpu_amcl_cpp_node-6] [INFO] [1788992112.182099901] [gpu_amcl_cpp]: AMCL scan update #1394 completed; evaluating pose confidence.
[component_container-9] [INFO] [1788992112.281732409] [pure_pursuit_node]: Pure Pursuit: pose=(-3.771, -0.171, -2.112) cte=-0.099 closest=1713 target=1757 path_dist=0.099 heading_err=-0.226 steer=-0.466 speed=1.747
[ground_truth_amcl_monitor-7] [INFO] [1788992112.379175192] [ground_truth_amcl_monitor]: AMCL vs GT: gt=(-3.826, -0.327) amcl=(-3.716, -0.127) error=0.228 m / 0.167 rad; current_map=(-3.783, -0.242, -2.179) error=0.094 m / 0.000 rad; odom=(-3.555, -0.764, -2.179) error=0.515 m / 0.000 rad; ekf=(-3.555, -0.764, -2.179) error=0.515 m / 0.000 rad; RMS=0.115 m / 0.026 rad max=0.449 m / 0.167 rad samples=2770
[gpu_amcl_cpp_node-6] [INFO] [1788992112.536148041] [gpu_amcl_cpp]: AMCL local correction: odom_prediction=(-3.983, -0.526, -2.434) scan=(-3.990, -0.551, -2.419) correction=0.026 m/0.015 rad cluster_weight=0.979 publish=true
[gpu_amcl_cpp_node-6] [INFO] [1788992112.857742895] [gpu_amcl_cpp]: AMCL odom delta: at_scan=(4.300, -4.888, -1.421) baseline=(4.286, -4.818, -1.340) delta=(0.014, -0.070, -0.081) moved=true scan_age=0.051s
[component_container-9] [INFO] [1788992113.304323850] [pure_pursuit_node]: Pure Pursuit: pose=(-5.031, -0.548, 2.566) cte=-0.125 closest=1776 target=1817 path_dist=0.125 heading_err=0.187 steer=-0.244 speed=1.753
[ground_truth_amcl_monitor-7] [INFO] [1788992113.411209420] [ground_truth_amcl_monitor]: AMCL vs GT: gt=(-5.129, -0.485) amcl=(-5.041, -0.527) error=0.098 m / 0.066 rad; current_map=(-5.109, -0.479, 2.499) error=0.021 m / 0.000 rad; odom=(-4.844, -0.934, 2.499) error=0.532 m / 0.000 rad; ekf=(-4.844, -0.934, 2.499) error=0.532 m / 0.000 rad; RMS=0.114 m / 0.027 rad max=0.449 m / 0.167 rad samples=2808
[gpu_amcl_cpp_node-6] [INFO] [1788992113.585478778] [gpu_amcl_cpp]: AMCL local correction: odom_prediction=(-5.331, -0.279, 2.289) scan=(-5.332, -0.283, 2.297) correction=0.004 m/0.008 rad cluster_weight=0.970 publish=true
[gpu_amcl_cpp_node-6] [INFO] [1788992113.858754186] [gpu_amcl_cpp]: AMCL odom delta: at_scan=(3.391, -6.175, -2.718) baseline=(3.503, -6.121, -2.667) delta=(-0.112, -0.054, -0.052) moved=true scan_age=0.050s
[component_container-9] [INFO] [1788992114.304703563] [pure_pursuit_node]: Pure Pursuit: pose=(-6.056, 1.753, 1.723) cte=-0.009 closest=1902 target=1949 path_dist=0.009 heading_err=0.013 steer=-0.038 speed=3.895
[ground_truth_amcl_monitor-7] [INFO] [1788992114.413429252] [ground_truth_amcl_monitor]: AMCL vs GT: gt=(-6.102, 1.992) amcl=(-6.086, 1.946) error=0.049 m / 0.000 rad; current_map=(-6.087, 1.953, 1.701) error=0.041 m / 0.000 rad; odom=(-5.803, 1.517, 1.701) error=0.561 m / 0.000 rad; ekf=(-5.803, 1.517, 1.701) error=0.561 m / 0.000 rad; RMS=0.114 m / 0.027 rad max=0.449 m / 0.167 rad samples=2845
[gpu_amcl_cpp_node-6] [WARN] [1788992114.581176852] [gpu_amcl_cpp]: Queued LiDAR scan until source-time odometry arrives (queued=1).
[gpu_amcl_cpp_node-6] [INFO] [1788992114.633884034] [gpu_amcl_cpp]: AMCL local correction: odom_prediction=(-6.161, 2.818, 1.606) scan=(-6.166, 2.819, 1.605) correction=0.006 m/0.000 rad cluster_weight=0.958 publish=true
[gpu_amcl_cpp_node-6] [INFO] [1788992114.905509231] [gpu_amcl_cpp]: AMCL odom delta: at_scan=(-0.294, -6.652, 3.056) baseline=(-0.017, -6.670, 3.093) delta=(-0.277, 0.019, -0.037) moved=true scan_age=0.051s
[component_container-9] [INFO] [1788992115.334342488] [pure_pursuit_node]: Pure Pursuit: pose=(-5.730, 5.705, 1.183) cte=-0.003 closest=2102 target=2150 path_dist=0.003 heading_err=0.002 steer=-0.067 speed=2.856
[ground_truth_amcl_monitor-7] [INFO] [1788992115.457082867] [ground_truth_amcl_monitor]: AMCL vs GT: gt=(-5.650, 5.951) amcl=(-5.724, 5.714) error=0.248 m / 0.039 rad; current_map=(-5.699, 5.771, 1.130) error=0.186 m / 0.000 rad; odom=(-5.445, 5.244, 1.169) error=0.736 m / 0.039 rad; ekf=(-5.445, 5.244, 1.169) error=0.736 m / 0.039 rad; RMS=0.116 m / 0.027 rad max=0.449 m / 0.167 rad samples=2882
[gpu_amcl_cpp_node-6] [INFO] [1788992115.684314677] [gpu_amcl_cpp]: AMCL local correction: odom_prediction=(-5.376, 6.384, 1.076) scan=(-5.337, 6.480, 1.089) correction=0.103 m/0.012 rad cluster_weight=0.996 publish=true
[gpu_amcl_cpp_node-6] [INFO] [1788992115.906340221] [gpu_amcl_cpp]: AMCL odom delta: at_scan=(-3.046, -5.688, 2.439) baseline=(-2.883, -5.811, 2.560) delta=(-0.164, 0.123, -0.121) moved=true scan_age=0.052s
[component_container-9] [INFO] [1788992116.355871139] [pure_pursuit_node]: Pure Pursuit: pose=(-3.827, 7.618, 0.047) cte=-0.082 closest=2241 target=2286 path_dist=0.082 heading_err=0.165 steer=-0.072 speed=3.303
[ground_truth_amcl_monitor-7] [INFO] [1788992116.460555222] [ground_truth_amcl_monitor]: AMCL vs GT: gt=(-3.656, 7.644) amcl=(-3.836, 7.625) error=0.181 m / 0.044 rad; current_map=(-3.682, 7.631, 0.015) error=0.030 m / 0.000 rad; odom=(-3.518, 6.776, 0.015) error=0.879 m / 0.000 rad; ekf=(-3.518, 6.776, 0.015) error=0.879 m / 0.000 rad; RMS=0.116 m / 0.028 rad max=0.449 m / 0.167 rad samples=2918
[gpu_amcl_cpp_node-6] [INFO] [1788992116.687140816] [gpu_amcl_cpp]: AMCL local correction: odom_prediction=(-2.930, 7.588, -0.159) scan=(-2.955, 7.602, -0.147) correction=0.028 m/0.012 rad cluster_weight=0.979 publish=true
[gpu_amcl_cpp_node-6] [INFO] [1788992116.909023592] [gpu_amcl_cpp]: AMCL odom delta: at_scan=(-3.341, -2.842, 1.127) baseline=(-3.412, -3.006, 1.197) delta=(0.071, 0.164, -0.071) moved=true scan_age=0.051s
[gpu_amcl_cpp_node-6] [INFO] [1788992117.181715724] [gpu_amcl_cpp]: Received LiDAR callback #1485 (1081 ranges).
[gpu_amcl_cpp_node-6] [INFO] [1788992117.181786236] [gpu_amcl_cpp]: Starting AMCL scan update #1485 (sampled from 1081 ranges).
[gpu_amcl_cpp_node-6] [INFO] [1788992117.182927040] [gpu_amcl_cpp]: AMCL scan update #1485 completed; evaluating pose confidence.
[component_container-9] [INFO] [1788992117.383106615] [pure_pursuit_node]: Pure Pursuit: pose=(-0.744, 6.111, -0.966) cte=-0.012 closest=2420 target=2468 path_dist=0.012 heading_err=0.024 steer=-0.041 speed=3.840
[ground_truth_amcl_monitor-7] [INFO] [1788992117.505935140] [ground_truth_amcl_monitor]: AMCL vs GT: gt=(-0.585, 5.869) amcl=(-0.733, 6.099) error=0.273 m / 0.033 rad; current_map=(-0.585, 5.879, -0.995) error=0.010 m / 0.000 rad; odom=(-0.588, 5.205, -0.962) error=0.664 m / 0.033 rad; ekf=(-0.588, 5.205, -0.962) error=0.664 m / 0.033 rad; RMS=0.117 m / 0.028 rad max=0.449 m / 0.167 rad samples=2956
[gpu_amcl_cpp_node-6] [INFO] [1788992117.712067363] [gpu_amcl_cpp]: AMCL local correction: odom_prediction=(-0.194, 5.211, -1.097) scan=(-0.195, 5.214, -1.099) correction=0.003 m/0.002 rad cluster_weight=0.962 publish=true
[gpu_amcl_cpp_node-6] [INFO] [1788992117.930899896] [gpu_amcl_cpp]: AMCL odom delta: at_scan=(-0.371, -0.490, 0.397) baseline=(-0.617, -0.596, 0.415) delta=(0.247, 0.106, -0.018) moved=true scan_age=0.052s
[gpu_amcl_cpp_node-6] [WARN] [1788992118.309188214] [gpu_amcl_cpp]: No local AMCL cluster near odometry prediction; using causal odometry pose.
[component_container-9] [INFO] [1788992118.404662206] [pure_pursuit_node]: Pure Pursuit: pose=(0.822, 2.531, -1.296) cte=-0.007 closest=30 target=78 path_dist=0.007 heading_err=-0.001 steer=-0.033 speed=3.920
[ground_truth_amcl_monitor-7] [INFO] [1788992118.510436758] [ground_truth_amcl_monitor]: AMCL vs GT: gt=(0.883, 2.259) amcl=(0.822, 2.502) error=0.251 m / 0.014 rad; current_map=(0.876, 2.304, -1.312) error=0.045 m / 0.000 rad; odom=(1.026, 1.373, -1.312) error=0.898 m / 0.000 rad; ekf=(1.026, 1.373, -1.312) error=0.898 m / 0.000 rad; RMS=0.118 m / 0.028 rad max=0.449 m / 0.167 rad samples=2994
[gpu_amcl_cpp_node-6] [INFO] [1788992118.741494498] [gpu_amcl_cpp]: AMCL local correction: odom_prediction=(1.063, 1.460, -1.380) scan=(1.058, 1.501, -1.393) correction=0.042 m/0.012 rad cluster_weight=0.925 publish=true
[gpu_amcl_cpp_node-6] [INFO] [1788992118.958877336] [gpu_amcl_cpp]: AMCL odom delta: at_scan=(3.515, 0.580, 0.166) baseline=(3.316, 0.545, 0.184) delta=(0.199, 0.035, -0.019) moved=true scan_age=0.051s
[component_container-9] [INFO] [1788992119.429912630] [pure_pursuit_node]: Pure Pursuit: pose=(1.374, -1.519, -1.596) cte=-0.012 closest=235 target=283 path_dist=0.012 heading_err=0.008 steer=-0.023 speed=3.905
[ground_truth_amcl_monitor-7] [INFO] [1788992119.532730655] [ground_truth_amcl_monitor]: AMCL vs GT: gt=(1.398, -1.712) amcl=(1.401, -1.498) error=0.213 m / 0.028 rad; current_map=(1.394, -1.694, -1.618) error=0.018 m / 0.000 rad; odom=(1.537, -2.599, -1.618) error=0.898 m / 0.000 rad; ekf=(1.537, -2.599, -1.618) error=0.898 m / 0.000 rad; RMS=0.119 m / 0.028 rad max=0.449 m / 0.167 rad samples=3032
[gpu_amcl_cpp_node-6] [INFO] [1788992119.759322721] [gpu_amcl_cpp]: AMCL local correction: odom_prediction=(1.334, -2.572, -1.670) scan=(1.337, -2.561, -1.667) correction=0.011 m/0.003 rad cluster_weight=0.957 publish=true
[gpu_amcl_cpp_node-6] [INFO] [1788992119.961736405] [gpu_amcl_cpp]: AMCL odom delta: at_scan=(7.402, 0.571, -0.148) baseline=(7.209, 0.599, -0.143) delta=(0.193, -0.028, -0.005) moved=true scan_age=0.052s
[component_container-9] [INFO] [1788992120.454995278] [pure_pursuit_node]: Pure Pursuit: pose=(0.886, -5.438, -1.769) cte=0.005 closest=433 target=481 path_dist=0.005 heading_err=0.004 steer=-0.001 speed=3.958
[ground_truth_amcl_monitor-7] [INFO] [1788992120.560631880] [ground_truth_amcl_monitor]: AMCL vs GT: gt=(0.831, -5.670) amcl=(0.884, -5.420) error=0.256 m / 0.009 rad; current_map=(0.846, -5.616, -1.761) error=0.056 m / 0.000 rad; odom=(0.970, -6.555, -1.761) error=0.896 m / 0.000 rad; ekf=(0.970, -6.555, -1.761) error=0.896 m / 0.000 rad; RMS=0.120 m / 0.027 rad max=0.449 m / 0.167 rad samples=3070
[gpu_amcl_cpp_node-6] [INFO] [1788992120.786216523] [gpu_amcl_cpp]: AMCL local correction: odom_prediction=(0.671, -6.502, -1.785) scan=(0.671, -6.478, -1.781) correction=0.024 m/0.004 rad cluster_weight=0.959 publish=true
[gpu_amcl_cpp_node-6] [INFO] [1788992120.987911456] [gpu_amcl_cpp]: AMCL odom delta: at_scan=(11.365, -0.191, -0.240) baseline=(11.170, -0.143, -0.242) delta=(0.195, -0.048, 0.002) moved=true scan_age=0.053s
[component_container-9] [INFO] [1788992121.504095817] [pure_pursuit_node]: Pure Pursuit: pose=(0.029, -8.818, -2.029) cte=0.007 closest=607 target=649 path_dist=0.007 heading_err=0.072 steer=-0.012 speed=2.626
[ground_truth_amcl_monitor-7] [INFO] [1788992121.562365804] [ground_truth_amcl_monitor]: AMCL vs GT: gt=(-0.136, -9.201) amcl=(-0.078, -9.047) error=0.165 m / 0.000 rad; current_map=(-0.048, -8.986, -2.018) error=0.233 m / 0.000 rad; odom=(0.150, -9.731, -2.018) error=0.602 m / 0.000 rad; ekf=(0.150, -9.731, -2.018) error=0.602 m / 0.000 rad; RMS=0.122 m / 0.027 rad max=0.449 m / 0.167 rad samples=3107
[gpu_amcl_cpp_node-6] [INFO] [1788992121.834350214] [gpu_amcl_cpp]: AMCL local correction: odom_prediction=(-0.459, -9.796, -2.228) scan=(-0.467, -9.817, -2.210) correction=0.022 m/0.018 rad cluster_weight=0.999 publish=true
[gpu_amcl_cpp_node-6] [INFO] [1788992122.033595663] [gpu_amcl_cpp]: AMCL odom delta: at_scan=(13.677, -1.150, -1.048) baseline=(13.657, -1.119, -0.953) delta=(0.020, -0.031, -0.095) moved=true scan_age=0.050s
[gpu_amcl_cpp_node-6] [INFO] [1788992122.206733834] [gpu_amcl_cpp]: Received LiDAR callback #1578 (1081 ranges).
[gpu_amcl_cpp_node-6] [INFO] [1788992122.206800359] [gpu_amcl_cpp]: Starting AMCL scan update #1578 (sampled from 1081 ranges).
[gpu_amcl_cpp_node-6] [INFO] [1788992122.207634937] [gpu_amcl_cpp]: AMCL scan update #1578 completed; evaluating pose confidence.
[component_container-9] [INFO] [1788992122.530025796] [pure_pursuit_node]: Pure Pursuit: pose=(-1.882, -10.120, 2.656) cte=-0.110 closest=733 target=777 path_dist=0.110 heading_err=0.113 steer=-0.235 speed=2.314
[ground_truth_amcl_monitor-7] [INFO] [1788992122.583968270] [ground_truth_amcl_monitor]: AMCL vs GT: gt=(-1.873, -10.150) amcl=(-1.788, -10.164) error=0.087 m / 0.089 rad; current_map=(-1.885, -10.118, 2.657) error=0.033 m / 0.000 rad; odom=(-1.472, -10.551, 2.657) error=0.568 m / 0.000 rad; ekf=(-1.472, -10.551, 2.657) error=0.568 m / 0.000 rad; RMS=0.122 m / 0.028 rad max=0.449 m / 0.167 rad samples=3144
[gpu_amcl_cpp_node-6] [INFO] [1788992122.858983727] [gpu_amcl_cpp]: AMCL local correction: odom_prediction=(-2.353, -9.723, 2.262) scan=(-2.357, -9.718, 2.268) correction=0.007 m/0.006 rad cluster_weight=0.962 publish=true
[gpu_amcl_cpp_node-6] [INFO] [1788992123.080497388] [gpu_amcl_cpp]: AMCL odom delta: at_scan=(12.812, -3.065, -2.674) baseline=(12.990, -2.969, -2.615) delta=(-0.178, -0.097, -0.059) moved=true scan_age=0.051s
[component_container-9] [INFO] [1788992123.555902224] [pure_pursuit_node]: Pure Pursuit: pose=(-3.149, -7.421, 1.623) cte=-0.002 closest=885 target=933 path_dist=0.002 heading_err=0.012 steer=-0.043 speed=3.918
[ground_truth_amcl_monitor-7] [INFO] [1788992123.609730794] [ground_truth_amcl_monitor]: AMCL vs GT: gt=(-3.150, -7.432) amcl=(-3.133, -7.619) error=0.188 m / 0.036 rad; current_map=(-3.147, -7.423, 1.627) error=0.009 m / 0.000 rad; odom=(-2.742, -7.834, 1.627) error=0.572 m / 0.000 rad; ekf=(-2.742, -7.834, 1.627) error=0.572 m / 0.000 rad; RMS=0.122 m / 0.028 rad max=0.449 m / 0.167 rad samples=3182
[gpu_amcl_cpp_node-6] [INFO] [1788992123.886355976] [gpu_amcl_cpp]: AMCL local correction: odom_prediction=(-3.123, -6.366, 1.490) scan=(-3.116, -6.359, 1.490) correction=0.010 m/0.001 rad cluster_weight=0.989 publish=true
[gpu_amcl_cpp_node-6] [INFO] [1788992124.105986438] [gpu_amcl_cpp]: AMCL odom delta: at_scan=(9.060, -3.404, 2.937) baseline=(9.255, -3.442, 2.964) delta=(-0.195, 0.038, -0.027) moved=true scan_age=0.051s
[component_container-9] [INFO] [1788992124.583061853] [pure_pursuit_node]: Pure Pursuit: pose=(-2.449, -3.526, 1.288) cte=0.001 closest=1085 target=1133 path_dist=0.001 heading_err=0.011 steer=0.011 speed=3.989
[ground_truth_amcl_monitor-7] [INFO] [1788992124.636331412] [ground_truth_amcl_monitor]: AMCL vs GT: gt=(-2.456, -3.521) amcl=(-2.497, -3.709) error=0.192 m / 0.009 rad; current_map=(-2.443, -3.522, 1.292) error=0.013 m / 0.000 rad; odom=(-2.046, -3.922, 1.292) error=0.573 m / 0.000 rad; ekf=(-2.046, -3.922, 1.292) error=0.573 m / 0.000 rad; RMS=0.122 m / 0.028 rad max=0.449 m / 0.167 rad samples=3220
[gpu_amcl_cpp_node-6] [INFO] [1788992124.936533917] [gpu_amcl_cpp]: AMCL local correction: odom_prediction=(-2.134, -2.379, 1.314) scan=(-2.140, -2.379, 1.301) correction=0.006 m/0.013 rad cluster_weight=0.937 publish=true
[gpu_amcl_cpp_node-6] [INFO] [1788992125.110156758] [gpu_amcl_cpp]: AMCL odom delta: at_scan=(5.262, -2.360, 2.885) baseline=(5.474, -2.416, 2.884) delta=(-0.212, 0.056, 0.002) moved=true scan_age=0.051s
[component_container-9] [INFO] [1788992125.632033055] [pure_pursuit_node]: Pure Pursuit: pose=(-1.455, 0.550, 1.372) cte=-0.005 closest=1294 target=1343 path_dist=0.005 heading_err=0.018 steer=0.032 speed=3.763
[ground_truth_amcl_monitor-7] [INFO] [1788992125.638887648] [ground_truth_amcl_monitor]: AMCL vs GT: gt=(-1.504, 0.320) amcl=(-1.494, 0.347) error=0.029 m / 0.000 rad; current_map=(-1.493, 0.354, 1.367) error=0.036 m / 0.000 rad; odom=(-1.096, -0.084, 1.367) error=0.574 m / 0.000 rad; ekf=(-1.096, -0.084, 1.367) error=0.574 m / 0.000 rad; RMS=0.122 m / 0.028 rad max=0.449 m / 0.167 rad samples=3255
[gpu_amcl_cpp_node-6] [INFO] [1788992125.962189569] [gpu_amcl_cpp]: AMCL local correction: odom_prediction=(-1.310, 1.525, 1.466) scan=(-1.300, 1.527, 1.454) correction=0.010 m/0.012 rad cluster_weight=0.956 publish=true
[gpu_amcl_cpp_node-6] [INFO] [1788992126.131177378] [gpu_amcl_cpp]: AMCL odom delta: at_scan=(1.904, -1.699, 3.121) baseline=(1.952, -1.700, 3.094) delta=(-0.048, 0.002, 0.027) moved=true scan_age=0.050s
[component_container-9] [INFO] [1788992126.656210778] [pure_pursuit_node]: Pure Pursuit: pose=(-1.368, 3.200, 2.046) cte=0.078 closest=1427 target=1468 path_dist=0.078 heading_err=-0.098 steer=0.244 speed=1.773
[ground_truth_amcl_monitor-7] [INFO] [1788992126.658637229] [ground_truth_amcl_monitor]: AMCL vs GT: gt=(-1.434, 3.423) amcl=(-1.343, 3.172) error=0.267 m / 0.036 rad; current_map=(-1.367, 3.224, 2.016) error=0.210 m / 0.000 rad; odom=(-0.954, 2.145, 2.016) error=1.365 m / 0.000 rad; ekf=(-0.954, 2.145, 2.016) error=1.365 m / 0.000 rad; RMS=0.124 m / 0.028 rad max=0.449 m / 0.167 rad samples=3292
[gpu_amcl_cpp_node-6] [INFO] [1788992127.009825581] [gpu_amcl_cpp]: AMCL local correction: odom_prediction=(-1.718, 3.857, 2.494) scan=(-1.742, 3.898, 2.473) correction=0.047 m/0.021 rad cluster_weight=0.981 publish=true
[gpu_amcl_cpp_node-6] [INFO] [1788992127.160357813] [gpu_amcl_cpp]: AMCL odom delta: at_scan=(0.520, -2.138, -2.002) baseline=(0.545, -2.090, -2.084) delta=(-0.024, -0.048, 0.083) moved=true scan_age=0.050s
[gpu_amcl_cpp_node-6] [INFO] [1788992127.231119068] [gpu_amcl_cpp]: Received LiDAR callback #1669 (1081 ranges).
[gpu_amcl_cpp_node-6] [INFO] [1788992127.231191644] [gpu_amcl_cpp]: Starting AMCL scan update #1669 (sampled from 1081 ranges).
[gpu_amcl_cpp_node-6] [INFO] [1788992127.232021233] [gpu_amcl_cpp]: AMCL scan update #1669 completed; evaluating pose confidence.
[component_container-9] [INFO] [1788992127.658469525] [pure_pursuit_node]: Pure Pursuit: pose=(-2.622, 3.941, -2.592) cte=0.148 closest=1500 target=1542 path_dist=0.148 heading_err=-0.148 steer=0.345 speed=1.567
[ground_truth_amcl_monitor-7] [INFO] [1788992127.661024968] [ground_truth_amcl_monitor]: AMCL vs GT: gt=(-2.545, 3.943) amcl=(-2.490, 4.012) error=0.088 m / 0.085 rad; current_map=(-2.557, 3.982, -2.674) error=0.040 m / 0.000 rad; odom=(-2.051, 2.623, -2.674) error=1.409 m / 0.000 rad; ekf=(-2.051, 2.623, -2.674) error=1.409 m / 0.000 rad; RMS=0.123 m / 0.029 rad max=0.449 m / 0.167 rad samples=3328
[gpu_amcl_cpp_node-6] [INFO] [1788992128.059593550] [gpu_amcl_cpp]: AMCL local correction: odom_prediction=(-2.966, 3.497, -2.062) scan=(-2.968, 3.479, -2.055) correction=0.018 m/0.007 rad cluster_weight=0.969 publish=true
[gpu_amcl_cpp_node-6] [INFO] [1788992128.209832741] [gpu_amcl_cpp]: AMCL odom delta: at_scan=(1.246, -3.394, -0.293) baseline=(1.150, -3.362, -0.352) delta=(0.096, -0.032, 0.058) moved=true scan_age=0.050s
[ground_truth_amcl_monitor-7] [INFO] [1788992128.663125145] [ground_truth_amcl_monitor]: AMCL vs GT: gt=(-3.238, 2.044) amcl=(-3.225, 2.037) error=0.016 m / 0.000 rad; current_map=(-3.227, 2.037, -1.657) error=0.013 m / 0.000 rad; odom=(-2.747, 0.750, -1.657) error=1.384 m / 0.000 rad; ekf=(-2.747, 0.750, -1.657) error=1.384 m / 0.000 rad; RMS=0.123 m / 0.029 rad max=0.449 m / 0.167 rad samples=3365
[component_container-9] [INFO] [1788992128.707216474] [pure_pursuit_node]: Pure Pursuit: pose=(-3.259, 1.701, -1.674) cte=0.005 closest=1616 target=1663 path_dist=0.005 heading_err=-0.015 steer=-0.023 speed=3.395
[gpu_amcl_cpp_node-6] [INFO] [1788992129.061389435] [gpu_amcl_cpp]: AMCL local correction: odom_prediction=(-3.372, 0.929, -1.833) scan=(-3.403, 0.819, -1.817) correction=0.114 m/0.016 rad cluster_weight=0.970 publish=true
[gpu_amcl_cpp_node-6] [INFO] [1788992129.231328893] [gpu_amcl_cpp]: AMCL odom delta: at_scan=(3.657, -3.732, -0.375) baseline=(3.598, -3.709, -0.360) delta=(0.059, -0.023, -0.016) moved=true scan_age=0.052s
[ground_truth_amcl_monitor-7] [INFO] [1788992129.681893560] [ground_truth_amcl_monitor]: AMCL vs GT: gt=(-3.968, -0.489) amcl=(-3.892, -0.410) error=0.110 m / 0.095 rad; current_map=(-3.920, -0.440, -2.372) error=0.069 m / 0.000 rad; odom=(-3.288, -1.257, -2.277) error=1.026 m / 0.095 rad; ekf=(-3.288, -1.257, -2.277) error=1.026 m / 0.095 rad; RMS=0.124 m / 0.029 rad max=0.449 m / 0.167 rad samples=3400
[component_container-9] [INFO] [1788992129.729734376] [pure_pursuit_node]: Pure Pursuit: pose=(-3.960, -0.473, -2.514) cte=-0.219 closest=1728 target=1767 path_dist=0.219 heading_err=-0.103 steer=-0.420 speed=1.512
[gpu_amcl_cpp_node-6] [WARN] [1788992130.005564743] [gpu_amcl_cpp]: Queued LiDAR scan until source-time odometry arrives (queued=1).
[gpu_amcl_cpp_node-6] [INFO] [1788992130.111248203] [gpu_amcl_cpp]: AMCL local correction: odom_prediction=(-4.463, -0.696, -3.093) scan=(-4.453, -0.701, -3.076) correction=0.012 m/0.017 rad cluster_weight=0.980 publish=true
[gpu_amcl_cpp_node-6] [INFO] [1788992130.281125634] [gpu_amcl_cpp]: AMCL odom delta: at_scan=(4.594, -4.837, -1.791) baseline=(4.611, -4.737, -1.685) delta=(-0.017, -0.100, -0.106) moved=true scan_age=0.052s
[ground_truth_amcl_monitor-7] [INFO] [1788992130.707425586] [ground_truth_amcl_monitor]: AMCL vs GT: gt=(-5.301, -0.332) amcl=(-5.218, -0.393) error=0.103 m / 0.062 rad; current_map=(-5.284, -0.330, 2.344) error=0.018 m / 0.000 rad; odom=(-4.614, -1.096, 2.344) error=1.027 m / 0.000 rad; ekf=(-4.614, -1.096, 2.344) error=1.027 m / 0.000 rad; RMS=0.123 m / 0.030 rad max=0.449 m / 0.167 rad samples=3438
[component_container-9] [INFO] [1788992130.756692241] [pure_pursuit_node]: Pure Pursuit: pose=(-5.407, -0.186, 2.220) cte=-0.060 closest=1800 target=1843 path_dist=0.060 heading_err=0.066 steer=-0.168 speed=2.353
[gpu_amcl_cpp_node-6] [INFO] [1788992131.136011103] [gpu_amcl_cpp]: AMCL local correction: odom_prediction=(-5.773, 0.523, 1.894) scan=(-5.774, 0.498, 1.895) correction=0.025 m/0.001 rad cluster_weight=0.978 publish=true
[gpu_amcl_cpp_node-6] [INFO] [1788992131.287610441] [gpu_amcl_cpp]: AMCL odom delta: at_scan=(2.947, -6.025, -2.904) baseline=(3.109, -5.983, -2.878) delta=(-0.162, -0.041, -0.026) moved=true scan_age=0.053s
[ground_truth_amcl_monitor-7] [INFO] [1788992131.707657780] [ground_truth_amcl_monitor]: AMCL vs GT: gt=(-6.157, 2.537) amcl=(-6.118, 2.226) error=0.313 m / 0.027 rad; current_map=(-6.144, 2.512, 1.647) error=0.028 m / 0.000 rad; odom=(-5.459, 1.762, 1.647) error=1.043 m / 0.000 rad; ekf=(-5.459, 1.762, 1.647) error=1.043 m / 0.000 rad; RMS=0.124 m / 0.030 rad max=0.449 m / 0.167 rad samples=3474
[component_container-9] [INFO] [1788992131.757150341] [pure_pursuit_node]: Pure Pursuit: pose=(-6.165, 2.911, 1.601) cte=-0.007 closest=1960 target=2008 path_dist=0.007 heading_err=0.002 steer=-0.040 speed=3.904
[gpu_amcl_cpp_node-6] [INFO] [1788992132.159445255] [gpu_amcl_cpp]: AMCL local correction: odom_prediction=(-6.101, 4.243, 1.444) scan=(-6.101, 4.255, 1.447) correction=0.012 m/0.003 rad cluster_weight=0.972 publish=true
[gpu_amcl_cpp_node-6] [INFO] [1788992132.258126003] [gpu_amcl_cpp]: Received LiDAR callback #1761 (1081 ranges).
[gpu_amcl_cpp_node-6] [INFO] [1788992132.258191727] [gpu_amcl_cpp]: Starting AMCL scan update #1761 (sampled from 1081 ranges).
[gpu_amcl_cpp_node-6] [INFO] [1788992132.258795632] [gpu_amcl_cpp]: AMCL scan update #1761 completed; evaluating pose confidence.
[gpu_amcl_cpp_node-6] [INFO] [1788992132.308824941] [gpu_amcl_cpp]: AMCL odom delta: at_scan=(-0.943, -6.108, 2.915) baseline=(-0.750, -6.148, 2.955) delta=(-0.193, 0.041, -0.041) moved=true scan_age=0.051s
[ground_truth_amcl_monitor-7] [INFO] [1788992132.737465882] [ground_truth_amcl_monitor]: AMCL vs GT: gt=(-5.491, 6.264) amcl=(-5.585, 5.981) error=0.298 m / 0.016 rad; current_map=(-5.541, 6.067, 1.088) error=0.204 m / 0.000 rad; odom=(-4.954, 5.111, 1.088) error=1.272 m / 0.000 rad; ekf=(-4.954, 5.111, 1.088) error=1.272 m / 0.000 rad; RMS=0.124 m / 0.029 rad max=0.449 m / 0.167 rad samples=3512
[component_container-9] [INFO] [1788992132.805671503] [pure_pursuit_node]: Pure Pursuit: pose=(-5.379, 6.374, 1.079) cte=0.012 closest=2140 target=2186 path_dist=0.012 heading_err=-0.044 steer=-0.177 speed=2.856
[gpu_amcl_cpp_node-6] [INFO] [1788992133.209759457] [gpu_amcl_cpp]: AMCL local correction: odom_prediction=(-4.717, 7.300, 0.562) scan=(-4.731, 7.302, 0.586) correction=0.014 m/0.023 rad cluster_weight=0.995 publish=true
[gpu_amcl_cpp_node-6] [INFO] [1788992133.312360884] [gpu_amcl_cpp]: AMCL odom delta: at_scan=(-3.156, -4.690, 1.929) baseline=(-3.097, -4.828, 2.022) delta=(-0.059, 0.137, -0.094) moved=true scan_age=0.053s
[ground_truth_amcl_monitor-7] [INFO] [1788992133.761760981] [ground_truth_amcl_monitor]: AMCL vs GT: gt=(-3.062, 7.616) amcl=(-3.257, 7.617) error=0.195 m / 0.064 rad; current_map=(-3.077, 7.606, -0.093) error=0.018 m / 0.000 rad; odom=(-2.505, 6.470, -0.093) error=1.274 m / 0.000 rad; ekf=(-2.505, 6.470, -0.093) error=1.274 m / 0.000 rad; RMS=0.125 m / 0.030 rad max=0.449 m / 0.167 rad samples=3548
[component_container-9] [INFO] [1788992133.831248832] [pure_pursuit_node]: Pure Pursuit: pose=(-2.667, 7.530, -0.272) cte=-0.011 closest=2298 target=2346 path_dist=0.011 heading_err=0.021 steer=-0.108 speed=3.687
[gpu_amcl_cpp_node-6] [INFO] [1788992134.260524966] [gpu_amcl_cpp]: AMCL local correction: odom_prediction=(-1.445, 6.898, -0.717) scan=(-1.448, 6.903, -0.716) correction=0.006 m/0.000 rad cluster_weight=0.966 publish=true
[gpu_amcl_cpp_node-6] [INFO] [1788992134.359634019] [gpu_amcl_cpp]: AMCL odom delta: at_scan=(-2.318, -1.421, 0.739) baseline=(-2.457, -1.555, 0.793) delta=(0.139, 0.134, -0.054) moved=true scan_age=0.051s
[ground_truth_amcl_monitor-7] [INFO] [1788992134.786158742] [ground_truth_amcl_monitor]: AMCL vs GT: gt=(-0.253, 5.306) amcl=(-0.362, 5.508) error=0.229 m / 0.032 rad; current_map=(-0.265, 5.336, -1.074) error=0.033 m / 0.000 rad; odom=(0.316, 4.144, -1.074) error=1.294 m / 0.000 rad; ekf=(0.316, 4.144, -1.074) error=1.294 m / 0.000 rad; RMS=0.125 m / 0.030 rad max=0.449 m / 0.167 rad samples=3586
[component_container-9] [INFO] [1788992134.853976955] [pure_pursuit_node]: Pure Pursuit: pose=(-0.063, 4.931, -1.140) cte=-0.002 closest=2488 target=2536 path_dist=0.002 heading_err=0.017 steer=-0.017 speed=3.949
[gpu_amcl_cpp_node-6] [INFO] [1788992135.265658661] [gpu_amcl_cpp]: AMCL local correction: odom_prediction=(0.465, 3.674, -1.251) scan=(0.471, 3.698, -1.254) correction=0.025 m/0.003 rad cluster_weight=0.943 publish=true
[gpu_amcl_cpp_node-6] [INFO] [1788992135.381288775] [gpu_amcl_cpp]: AMCL odom delta: at_scan=(1.177, 0.393, 0.298) baseline=(0.983, 0.332, 0.306) delta=(0.194, 0.061, -0.008) moved=true scan_age=0.050s
[ground_truth_amcl_monitor-7] [INFO] [1788992135.810012340] [ground_truth_amcl_monitor]: AMCL vs GT: gt=(1.043, 1.524) amcl=(0.995, 1.803) error=0.283 m / 0.002 rad; current_map=(1.033, 1.611, -1.374) error=0.087 m / 0.000 rad; odom=(1.573, 0.552, -1.372) error=1.107 m / 0.002 rad; ekf=(1.573, 0.552, -1.372) error=1.107 m / 0.002 rad; RMS=0.126 m / 0.030 rad max=0.449 m / 0.167 rad samples=3624
[component_container-9] [INFO] [1788992135.860183967] [pure_pursuit_node]: Pure Pursuit: pose=(1.113, 1.222, -1.364) cte=0.007 closest=97 target=145 path_dist=0.007 heading_err=-0.019 steer=-0.030 speed=3.926
[gpu_amcl_cpp_node-6] [WARN] [1788992136.138470850] [gpu_amcl_cpp]: No local AMCL cluster near odometry prediction; using causal odometry pose.
[gpu_amcl_cpp_node-6] [INFO] [1788992136.311148203] [gpu_amcl_cpp]: AMCL local correction: odom_prediction=(1.306, -0.262, -1.483) scan=(1.310, -0.412, -1.477) correction=0.149 m/0.006 rad cluster_weight=0.904 publish=true
[gpu_amcl_cpp_node-6] [INFO] [1788992136.409812760] [gpu_amcl_cpp]: AMCL odom delta: at_scan=(5.131, 1.143, 0.075) baseline=(4.931, 1.127, 0.084) delta=(0.199, 0.016, -0.009) moved=true scan_age=0.050s
[ground_truth_amcl_monitor-7] [INFO] [1788992136.813454094] [ground_truth_amcl_monitor]: AMCL vs GT: gt=(1.353, -2.355) amcl=(1.357, -2.344) error=0.012 m / 0.000 rad; current_map=(1.356, -2.354, -1.650) error=0.003 m / 0.000 rad; odom=(1.919, -3.518, -1.650) error=1.293 m / 0.000 rad; ekf=(1.919, -3.518, -1.650) error=1.293 m / 0.000 rad; RMS=0.127 m / 0.030 rad max=0.449 m / 0.167 rad samples=3661
[component_container-9] [INFO] [1788992136.908507034] [pure_pursuit_node]: Pure Pursuit: pose=(1.296, -2.935, -1.701) cte=-0.019 closest=306 target=354 path_dist=0.019 heading_err=0.028 steer=-0.010 speed=3.868
[gpu_amcl_cpp_node-6] [INFO] [1788992137.307772713] [gpu_amcl_cpp]: Received LiDAR callback #1853 (1081 ranges).
[gpu_amcl_cpp_node-6] [INFO] [1788992137.307834029] [gpu_amcl_cpp]: Starting AMCL scan update #1853 (sampled from 1081 ranges).
[gpu_amcl_cpp_node-6] [INFO] [1788992137.308630766] [gpu_amcl_cpp]: AMCL scan update #1853 completed; evaluating pose confidence.
[gpu_amcl_cpp_node-6] [INFO] [1788992137.363323750] [gpu_amcl_cpp]: AMCL local correction: odom_prediction=(1.075, -4.456, -1.721) scan=(1.084, -4.422, -1.721) correction=0.036 m/0.001 rad cluster_weight=0.918 publish=true
[gpu_amcl_cpp_node-6] [INFO] [1788992137.410939032] [gpu_amcl_cpp]: AMCL odom delta: at_scan=(9.012, 0.796, -0.164) baseline=(8.806, 0.829, -0.151) delta=(0.206, -0.033, -0.014) moved=true scan_age=0.051s
[ground_truth_amcl_monitor-7] [INFO] [1788992137.833788597] [ground_truth_amcl_monitor]: AMCL vs GT: gt=(0.699, -6.293) amcl=(0.766, -5.943) error=0.357 m / 0.011 rad; current_map=(0.740, -6.072, -1.766) error=0.225 m / 0.000 rad; odom=(1.305, -7.260, -1.766) error=1.141 m / 0.000 rad; ekf=(1.305, -7.260, -1.766) error=1.141 m / 0.000 rad; RMS=0.128 m / 0.030 rad max=0.449 m / 0.167 rad samples=3696
[component_container-9] [INFO] [1788992137.933892690] [pure_pursuit_node]: Pure Pursuit: pose=(0.619, -6.682, -1.766) cte=0.008 closest=496 target=545 path_dist=0.008 heading_err=-0.029 steer=-0.024 speed=3.907
[gpu_amcl_cpp_node-6] [INFO] [1788992138.384655537] [gpu_amcl_cpp]: AMCL local correction: odom_prediction=(0.230, -8.320, -1.874) scan=(0.231, -8.331, -1.865) correction=0.011 m/0.009 rad cluster_weight=0.981 publish=true
[gpu_amcl_cpp_node-6] [INFO] [1788992138.431269867] [gpu_amcl_cpp]: AMCL odom delta: at_scan=(12.638, -0.028, -0.340) baseline=(12.506, 0.015, -0.303) delta=(0.132, -0.044, -0.037) moved=true scan_age=0.050s
[ground_truth_amcl_monitor-7] [INFO] [1788992138.882150936] [ground_truth_amcl_monitor]: AMCL vs GT: gt=(-0.398, -9.738) amcl=(-0.276, -9.506) error=0.262 m / 0.084 rad; current_map=(-0.368, -9.668, -2.131) error=0.076 m / 0.000 rad; odom=(0.348, -10.351, -2.131) error=0.966 m / 0.000 rad; ekf=(0.348, -10.351, -2.131) error=0.966 m / 0.000 rad; RMS=0.130 m / 0.029 rad max=0.449 m / 0.167 rad samples=3734
[component_container-9] [INFO] [1788992138.981963662] [pure_pursuit_node]: Pure Pursuit: pose=(-0.500, -9.836, -2.459) cte=-0.072 closest=664 target=705 path_dist=0.072 heading_err=0.085 steer=-0.267 speed=2.301
[gpu_amcl_cpp_node-6] [INFO] [1788992139.411839702] [gpu_amcl_cpp]: AMCL local correction: odom_prediction=(-1.323, -10.239, -3.086) scan=(-1.330, -10.243, -3.069) correction=0.008 m/0.018 rad cluster_weight=0.998 publish=true
[gpu_amcl_cpp_node-6] [INFO] [1788992139.460116237] [gpu_amcl_cpp]: AMCL odom delta: at_scan=(13.893, -1.364, -1.629) baseline=(13.894, -1.253, -1.516) delta=(-0.000, -0.112, -0.113) moved=true scan_age=0.051s
[ground_truth_amcl_monitor-7] [INFO] [1788992139.888274238] [ground_truth_amcl_monitor]: AMCL vs GT: gt=(-2.246, -9.864) amcl=(-2.173, -9.912) error=0.087 m / 0.071 rad; current_map=(-2.259, -9.829, 2.343) error=0.037 m / 0.000 rad; odom=(-1.381, -10.327, 2.343) error=0.982 m / 0.000 rad; ekf=(-1.381, -10.327, 2.343) error=0.982 m / 0.000 rad; RMS=0.130 m / 0.030 rad max=0.449 m / 0.167 rad samples=3772
[component_container-9] [INFO] [1788992140.005668287] [pure_pursuit_node]: Pure Pursuit: pose=(-2.512, -9.508, 2.132) cte=-0.039 closest=776 target=820 path_dist=0.039 heading_err=0.052 steer=-0.094 speed=3.096
[gpu_amcl_cpp_node-6] [INFO] [1788992140.459413980] [gpu_amcl_cpp]: AMCL local correction: odom_prediction=(-3.011, -8.302, 1.823) scan=(-3.009, -8.302, 1.835) correction=0.002 m/0.012 rad cluster_weight=0.979 publish=true
[gpu_amcl_cpp_node-6] [INFO] [1788992140.506106377] [gpu_amcl_cpp]: AMCL odom delta: at_scan=(11.769, -2.982, -2.928) baseline=(11.963, -2.936, -2.889) delta=(-0.194, -0.046, -0.039) moved=true scan_age=0.050s
[ground_truth_amcl_monitor-7] [INFO] [1788992140.932325083] [ground_truth_amcl_monitor]: AMCL vs GT: gt=(-3.148, -6.508) amcl=(-3.151, -6.721) error=0.213 m / 0.023 rad; current_map=(-3.141, -6.520, 1.509) error=0.014 m / 0.000 rad; odom=(-2.274, -6.972, 1.509) error=0.990 m / 0.000 rad; ekf=(-2.274, -6.972, 1.509) error=0.990 m / 0.000 rad; RMS=0.130 m / 0.030 rad max=0.449 m / 0.167 rad samples=3810
[component_container-9] [INFO] [1788992141.034062906] [pure_pursuit_node]: Pure Pursuit: pose=(-3.075, -5.924, 1.421) cte=0.003 closest=961 target=1009 path_dist=0.003 heading_err=0.003 steer=-0.043 speed=3.880
[gpu_amcl_cpp_node-6] [INFO] [1788992141.463406896] [gpu_amcl_cpp]: AMCL local correction: odom_prediction=(-2.749, -4.525, 1.286) scan=(-2.727, -4.490, 1.281) correction=0.041 m/0.005 rad cluster_weight=0.953 publish=true
[gpu_amcl_cpp_node-6] [INFO] [1788992141.530533559] [gpu_amcl_cpp]: AMCL odom delta: at_scan=(7.859, -2.595, 2.854) baseline=(8.122, -2.672, 2.857) delta=(-0.263, 0.078, -0.003) moved=true scan_age=0.051s
[ground_truth_amcl_monitor-7] [INFO] [1788992141.960585379] [ground_truth_amcl_monitor]: AMCL vs GT: gt=(-2.209, -2.602) amcl=(-2.245, -2.778) error=0.180 m / 0.003 rad; current_map=(-2.192, -2.580, 1.314) error=0.027 m / 0.000 rad; odom=(-1.333, -3.066, 1.314) error=0.990 m / 0.000 rad; ekf=(-1.333, -3.066, 1.314) error=0.990 m / 0.000 rad; RMS=0.130 m / 0.030 rad max=0.449 m / 0.167 rad samples=3848
[component_container-9] [INFO] [1788992142.058965031] [pure_pursuit_node]: Pure Pursuit: pose=(-2.040, -2.003, 1.311) cte=-0.002 closest=1163 target=1212 path_dist=0.002 heading_err=0.004 steer=0.006 speed=3.970
[gpu_amcl_cpp_node-6] [INFO] [1788992142.335865558] [gpu_amcl_cpp]: Received LiDAR callback #1945 (1081 ranges).
[gpu_amcl_cpp_node-6] [INFO] [1788992142.335928957] [gpu_amcl_cpp]: Starting AMCL scan update #1945 (sampled from 1081 ranges).
[gpu_amcl_cpp_node-6] [INFO] [1788992142.336994459] [gpu_amcl_cpp]: AMCL scan update #1945 completed; evaluating pose confidence.
[gpu_amcl_cpp_node-6] [WARN] [1788992142.405791391] [gpu_amcl_cpp]: Queued LiDAR scan until source-time odometry arrives (queued=1).
[gpu_amcl_cpp_node-6] [INFO] [1788992142.512483746] [gpu_amcl_cpp]: AMCL local correction: odom_prediction=(-1.661, -0.452, 1.357) scan=(-1.670, -0.465, 1.351) correction=0.016 m/0.006 rad cluster_weight=0.925 publish=true
[gpu_amcl_cpp_node-6] [INFO] [1788992142.560082757] [gpu_amcl_cpp]: AMCL odom delta: at_scan=(3.903, -1.559, 2.928) baseline=(4.100, -1.602, 2.928) delta=(-0.197, 0.043, -0.000) moved=true scan_age=0.050s
[ground_truth_amcl_monitor-7] [INFO] [1788992142.962659990] [ground_truth_amcl_monitor]: AMCL vs GT: gt=(-1.347, 1.237) amcl=(-1.343, 1.232) error=0.006 m / 0.000 rad; current_map=(-1.347, 1.220, 1.429) error=0.017 m / 0.000 rad; odom=(-0.481, 0.728, 1.429) error=1.005 m / 0.000 rad; ekf=(-0.481, 0.728, 1.429) error=1.005 m / 0.000 rad; RMS=0.130 m / 0.030 rad max=0.449 m / 0.167 rad samples=3885
[component_container-9] [INFO] [1788992143.108282633] [pure_pursuit_node]: Pure Pursuit: pose=(-1.311, 1.484, 1.507) cte=-0.006 closest=1342 target=1383 path_dist=0.006 heading_err=-0.055 steer=0.004 speed=3.321
[gpu_amcl_cpp_node-6] [INFO] [1788992143.559330685] [gpu_amcl_cpp]: AMCL local correction: odom_prediction=(-1.239, 2.777, 1.876) scan=(-1.274, 2.941, 1.850) correction=0.168 m/0.026 rad cluster_weight=0.942 publish=true
[gpu_amcl_cpp_node-6] [INFO] [1788992143.607575790] [gpu_amcl_cpp]: AMCL odom delta: at_scan=(1.291, -1.239, -2.795) baseline=(1.320, -1.229, -2.836) delta=(-0.029, -0.010, 0.041) moved=true scan_age=0.051s
[ground_truth_amcl_monitor-7] [INFO] [1788992143.983148789] [ground_truth_amcl_monitor]: AMCL vs GT: gt=(-1.651, 3.765) amcl=(-1.588, 3.707) error=0.085 m / 0.120 rad; current_map=(-1.629, 3.754, 2.347) error=0.024 m / 0.000 rad; odom=(-0.735, 2.437, 2.347) error=1.613 m / 0.000 rad; ekf=(-0.735, 2.437, 2.347) error=1.613 m / 0.000 rad; RMS=0.131 m / 0.030 rad max=0.449 m / 0.167 rad samples=3922
[component_container-9] [INFO] [1788992144.132059041] [pure_pursuit_node]: Pure Pursuit: pose=(-1.726, 3.843, 2.636) cte=0.147 closest=1461 target=1500 path_dist=0.147 heading_err=-0.125 steer=0.387 speed=1.553
[gpu_amcl_cpp_node-6] [INFO] [1788992144.565557809] [gpu_amcl_cpp]: AMCL local correction: odom_prediction=(-2.346, 4.015, -2.950) scan=(-2.339, 4.029, -2.957) correction=0.016 m/0.007 rad cluster_weight=0.983 publish=true
[gpu_amcl_cpp_node-6] [INFO] [1788992144.630758572] [gpu_amcl_cpp]: AMCL odom delta: at_scan=(0.580, -2.303, -1.254) baseline=(0.554, -2.201, -1.379) delta=(0.026, -0.101, 0.125) moved=true scan_age=0.052s
[ground_truth_amcl_monitor-7] [INFO] [1788992145.007283028] [ground_truth_amcl_monitor]: AMCL vs GT: gt=(-2.882, 3.606) amcl=(-2.829, 3.672) error=0.084 m / 0.081 rad; current_map=(-2.883, 3.606, -2.208) error=0.001 m / 0.000 rad; odom=(-1.963, 2.237, -2.208) error=1.649 m / 0.000 rad; ekf=(-1.963, 2.237, -2.208) error=1.649 m / 0.000 rad; RMS=0.131 m / 0.031 rad max=0.449 m / 0.167 rad samples=3960
[component_container-9] [INFO] [1788992145.158045051] [pure_pursuit_node]: Pure Pursuit: pose=(-3.056, 3.255, -1.907) cte=0.020 closest=1538 target=1581 path_dist=0.020 heading_err=0.047 steer=0.154 speed=2.388
[gpu_amcl_cpp_node-6] [INFO] [1788992145.609326701] [gpu_amcl_cpp]: AMCL local correction: odom_prediction=(-3.213, 2.240, -1.659) scan=(-3.223, 2.252, -1.647) correction=0.016 m/0.013 rad cluster_weight=0.965 publish=true
[gpu_amcl_cpp_node-6] [INFO] [1788992145.657542701] [gpu_amcl_cpp]: AMCL odom delta: at_scan=(2.433, -3.119, -0.090) baseline=(2.267, -3.104, -0.089) delta=(0.165, -0.015, -0.001) moved=true scan_age=0.051s
[ground_truth_amcl_monitor-7] [INFO] [1788992146.033656135] [ground_truth_amcl_monitor]: AMCL vs GT: gt=(-3.393, 0.813) amcl=(-3.350, 0.993) error=0.185 m / 0.052 rad; current_map=(-3.372, 0.883, -1.798) error=0.073 m / 0.000 rad; odom=(-2.466, -0.490, -1.798) error=1.600 m / 0.000 rad; ekf=(-2.466, -0.490, -1.798) error=1.600 m / 0.000 rad; RMS=0.130 m / 0.031 rad max=0.449 m / 0.167 rad samples=3998
[component_container-9] [INFO] [1788992146.183189649] [pure_pursuit_node]: Pure Pursuit: pose=(-3.442, 0.684, -1.995) cte=0.032 closest=1668 target=1708 path_dist=0.032 heading_err=0.154 steer=-0.009 speed=2.292
[gpu_amcl_cpp_node-6] [INFO] [1788992146.637691881] [gpu_amcl_cpp]: AMCL local correction: odom_prediction=(-3.861, -0.268, -2.386) scan=(-3.906, -0.301, -2.369) correction=0.056 m/0.017 rad cluster_weight=0.977 publish=true
[gpu_amcl_cpp_node-6] [INFO] [1788992146.684686717] [gpu_amcl_cpp]: AMCL odom delta: at_scan=(4.459, -3.660, -0.890) baseline=(4.441, -3.640, -0.816) delta=(0.018, -0.021, -0.074) moved=true scan_age=0.050s
[gpu_amcl_cpp_node-6] [WARN] [1788992146.805556928] [gpu_amcl_cpp]: Queued LiDAR scan until source-time odometry arrives (queued=1).
[ground_truth_amcl_monitor-7] [INFO] [1788992147.059312464] [ground_truth_amcl_monitor]: AMCL vs GT: gt=(-4.531, -0.612) amcl=(-4.432, -0.619) error=0.100 m / 0.099 rad; current_map=(-4.516, -0.629, -3.075) error=0.022 m / 0.000 rad; odom=(-3.425, -1.525, -3.075) error=1.434 m / 0.000 rad; ekf=(-3.425, -1.525, -3.075) error=1.434 m / 0.000 rad; RMS=0.131 m / 0.031 rad max=0.449 m / 0.167 rad samples=4036
[component_container-9] [INFO] [1788992147.234288215] [pure_pursuit_node]: Pure Pursuit: pose=(-4.866, -0.568, 2.806) cte=-0.096 closest=1768 target=1811 path_dist=0.096 heading_err=0.140 steer=-0.301 speed=1.776
[gpu_amcl_cpp_node-6] [INFO] [1788992147.358048118] [gpu_amcl_cpp]: Received LiDAR callback #2039 (1081 ranges).
[gpu_amcl_cpp_node-6] [INFO] [1788992147.358110726] [gpu_amcl_cpp]: Starting AMCL scan update #2039 (sampled from 1081 ranges).
[gpu_amcl_cpp_node-6] [INFO] [1788992147.359211855] [gpu_amcl_cpp]: AMCL scan update #2039 completed; evaluating pose confidence.
[gpu_amcl_cpp_node-6] [INFO] [1788992147.684315177] [gpu_amcl_cpp]: AMCL local correction: odom_prediction=(-5.420, -0.151, 2.233) scan=(-5.424, -0.149, 2.240) correction=0.004 m/0.007 rad cluster_weight=0.971 publish=true
[gpu_amcl_cpp_node-6] [INFO] [1788992147.732241923] [gpu_amcl_cpp]: AMCL odom delta: at_scan=(4.128, -5.211, -2.542) baseline=(4.212, -5.149, -2.479) delta=(-0.085, -0.062, -0.062) moved=true scan_age=0.051s
[ground_truth_amcl_monitor-7] [INFO] [1788992148.060196393] [ground_truth_amcl_monitor]: AMCL vs GT: gt=(-5.855, 0.749) amcl=(-5.796, 0.591) error=0.169 m / 0.035 rad; current_map=(-5.842, 0.743, 1.845) error=0.014 m / 0.000 rad; odom=(-4.758, -0.176, 1.845) error=1.434 m / 0.000 rad; ekf=(-4.758, -0.176, 1.845) error=1.434 m / 0.000 rad; RMS=0.130 m / 0.031 rad max=0.449 m / 0.167 rad samples=4072
[component_container-9] [INFO] [1788992148.282974938] [pure_pursuit_node]: Pure Pursuit: pose=(-6.046, 1.675, 1.730) cte=-0.012 closest=1898 target=1945 path_dist=0.012 heading_err=0.015 steer=-0.038 speed=3.878
[gpu_amcl_cpp_node-6] [INFO] [1788992148.734987391] [gpu_amcl_cpp]: AMCL local correction: odom_prediction=(-6.165, 3.187, 1.574) scan=(-6.170, 3.190, 1.575) correction=0.006 m/0.001 rad cluster_weight=0.965 publish=true
[gpu_amcl_cpp_node-6] [INFO] [1788992148.783651013] [gpu_amcl_cpp]: AMCL odom delta: at_scan=(0.651, -5.878, 3.121) baseline=(0.851, -5.880, -3.139) delta=(-0.199, 0.002, -0.023) moved=true scan_age=0.051s
[ground_truth_amcl_monitor-7] [INFO] [1788992149.062249570] [ground_truth_amcl_monitor]: AMCL vs GT: gt=(-6.078, 4.513) amcl=(-6.098, 4.265) error=0.249 m / 0.024 rad; current_map=(-6.068, 4.461, 1.409) error=0.054 m / 0.000 rad; odom=(-4.977, 3.585, 1.409) error=1.440 m / 0.000 rad; ekf=(-4.977, 3.585, 1.409) error=1.440 m / 0.000 rad; RMS=0.131 m / 0.031 rad max=0.449 m / 0.167 rad samples=4108
[component_container-9] [INFO] [1788992149.284131019] [pure_pursuit_node]: Pure Pursuit: pose=(-5.811, 5.510, 1.219) cte=-0.009 closest=2092 target=2140 path_dist=0.009 heading_err=0.009 steer=-0.067 speed=3.048
[gpu_amcl_cpp_node-6] [INFO] [1788992149.784336588] [gpu_amcl_cpp]: AMCL local correction: odom_prediction=(-5.191, 6.713, 1.018) scan=(-5.182, 6.741, 1.036) correction=0.029 m/0.018 rad cluster_weight=0.996 publish=true
[gpu_amcl_cpp_node-6] [INFO] [1788992149.830939046] [gpu_amcl_cpp]: AMCL odom delta: at_scan=(-2.466, -4.980, 2.542) baseline=(-2.338, -5.063, 2.589) delta=(-0.128, 0.083, -0.048) moved=true scan_age=0.050s
[ground_truth_amcl_monitor-7] [INFO] [1788992150.107253781] [ground_truth_amcl_monitor]: AMCL vs GT: gt=(-4.551, 7.417) amcl=(-4.678, 7.323) error=0.158 m / 0.105 rad; current_map=(-4.551, 7.393, 0.458) error=0.023 m / 0.000 rad; odom=(-3.605, 6.137, 0.458) error=1.591 m / 0.000 rad; ekf=(-3.605, 6.137, 0.458) error=1.591 m / 0.000 rad; RMS=0.131 m / 0.031 rad max=0.449 m / 0.167 rad samples=4146
[component_container-9] [INFO] [1788992150.308236230] [pure_pursuit_node]: Pure Pursuit: pose=(-3.855, 7.586, 0.116) cte=-0.057 closest=2239 target=2285 path_dist=0.057 heading_err=0.109 steer=-0.094 speed=3.417
[gpu_amcl_cpp_node-6] [INFO] [1788992150.809368081] [gpu_amcl_cpp]: AMCL local correction: odom_prediction=(-2.366, 7.451, -0.370) scan=(-2.363, 7.454, -0.368) correction=0.005 m/0.002 rad cluster_weight=0.935 publish=true
[gpu_amcl_cpp_node-6] [INFO] [1788992150.858753259] [gpu_amcl_cpp]: AMCL odom delta: at_scan=(-2.938, -2.049, 1.136) baseline=(-3.009, -2.214, 1.201) delta=(0.070, 0.165, -0.065) moved=true scan_age=0.053s
[ground_truth_amcl_monitor-7] [INFO] [1788992151.137505053] [ground_truth_amcl_monitor]: AMCL vs GT: gt=(-1.369, 6.817) amcl=(-1.510, 6.948) error=0.193 m / 0.054 rad; current_map=(-1.368, 6.823, -0.751) error=0.006 m / 0.000 rad; odom=(-0.411, 5.527, -0.751) error=1.607 m / 0.000 rad; ekf=(-0.411, 5.527, -0.751) error=1.607 m / 0.000 rad; RMS=0.131 m / 0.031 rad max=0.449 m / 0.167 rad samples=4184
[component_container-9] [INFO] [1788992151.310965606] [pure_pursuit_node]: Pure Pursuit: pose=(-0.793, 6.175, -0.934) cte=-0.010 closest=2416 target=2464 path_dist=0.010 heading_err=0.006 steer=-0.053 speed=3.851
[gpu_amcl_cpp_node-6] [INFO] [1788992151.809418992] [gpu_amcl_cpp]: AMCL local correction: odom_prediction=(0.051, 4.699, -1.151) scan=(0.055, 4.671, -1.155) correction=0.028 m/0.003 rad cluster_weight=0.948 publish=true
[gpu_amcl_cpp_node-6] [INFO] [1788992151.906501055] [gpu_amcl_cpp]: AMCL odom delta: at_scan=(0.140, 0.368, 0.389) baseline=(-0.040, 0.292, 0.404) delta=(0.180, 0.076, -0.015) moved=true scan_age=0.050s
[gpu_amcl_cpp_node-6] [WARN] [1788992152.063173726] [gpu_amcl_cpp]: No local AMCL cluster near odometry prediction; using causal odometry pose.
[ground_truth_amcl_monitor-7] [INFO] [1788992152.181127786] [ground_truth_amcl_monitor]: AMCL vs GT: gt=(0.579, 3.311) amcl=(0.485, 3.592) error=0.297 m / 0.017 rad; current_map=(0.572, 3.334, -1.255) error=0.024 m / 0.000 rad; odom=(1.538, 2.010, -1.255) error=1.617 m / 0.000 rad; ekf=(1.451, 2.268, -1.238) error=1.359 m / 0.017 rad; RMS=0.132 m / 0.031 rad max=0.449 m / 0.167 rad samples=4222
[component_container-9] [INFO] [1788992152.331357027] [pure_pursuit_node]: Pure Pursuit: pose=(0.807, 2.548, -1.298) cte=0.003 closest=29 target=77 path_dist=0.003 heading_err=0.004 steer=-0.019 speed=3.939
[gpu_amcl_cpp_node-6] [INFO] [1788992152.383818797] [gpu_amcl_cpp]: Received LiDAR callback #2131 (1081 ranges).
[gpu_amcl_cpp_node-6] [INFO] [1788992152.383881404] [gpu_amcl_cpp]: Starting AMCL scan update #2131 (sampled from 1081 ranges).
[gpu_amcl_cpp_node-6] [INFO] [1788992152.384672020] [gpu_amcl_cpp]: AMCL scan update #2131 completed; evaluating pose confidence.
[gpu_amcl_cpp_node-6] [INFO] [1788992152.886412915] [gpu_amcl_cpp]: AMCL local correction: odom_prediction=(1.205, 0.685, -1.419) scan=(1.190, 0.749, -1.416) correction=0.065 m/0.003 rad cluster_weight=0.961 publish=true
[gpu_amcl_cpp_node-6] [INFO] [1788992152.934190501] [gpu_amcl_cpp]: AMCL odom delta: at_scan=(4.049, 1.413, 0.142) baseline=(3.848, 1.383, 0.152) delta=(0.201, 0.030, -0.010) moved=true scan_age=0.051s
[ground_truth_amcl_monitor-7] [INFO] [1788992153.209638546] [ground_truth_amcl_monitor]: AMCL vs GT: gt=(1.369, -0.664) amcl=(1.320, -0.425) error=0.244 m / 0.013 rad; current_map=(1.334, -0.631, -1.508) error=0.049 m / 0.000 rad; odom=(2.325, -1.966, -1.508) error=1.615 m / 0.000 rad; ekf=(2.325, -1.966, -1.508) error=1.615 m / 0.000 rad; RMS=0.133 m / 0.031 rad max=0.449 m / 0.167 rad samples=4260
[component_container-9] [INFO] [1788992153.379913341] [pure_pursuit_node]: Pure Pursuit: pose=(1.376, -1.560, -1.566) cte=-0.015 closest=237 target=285 path_dist=0.015 heading_err=-0.025 steer=-0.053 speed=3.888
[gpu_amcl_cpp_node-6] [INFO] [1788992153.912408697] [gpu_amcl_cpp]: AMCL local correction: odom_prediction=(1.234, -3.368, -1.707) scan=(1.241, -3.327, -1.706) correction=0.041 m/0.001 rad cluster_weight=0.943 publish=true
[gpu_amcl_cpp_node-6] [INFO] [1788992153.959505043] [gpu_amcl_cpp]: AMCL odom delta: at_scan=(8.023, 1.353, -0.141) baseline=(7.828, 1.380, -0.136) delta=(0.194, -0.027, -0.005) moved=true scan_age=0.050s
[ground_truth_amcl_monitor-7] [INFO] [1788992154.233587001] [ground_truth_amcl_monitor]: AMCL vs GT: gt=(1.035, -4.631) amcl=(1.079, -4.399) error=0.236 m / 0.007 rad; current_map=(1.047, -4.595, -1.741) error=0.038 m / 0.000 rad; odom=(1.988, -5.933, -1.741) error=1.614 m / 0.000 rad; ekf=(1.988, -5.933, -1.741) error=1.614 m / 0.000 rad; RMS=0.133 m / 0.031 rad max=0.449 m / 0.167 rad samples=4298
[component_container-9] [INFO] [1788992154.384837040] [pure_pursuit_node]: Pure Pursuit: pose=(0.902, -5.399, -1.765) cte=-0.002 closest=431 target=479 path_dist=0.002 heading_err=0.001 steer=-0.009 speed=3.975
[gpu_amcl_cpp_node-6] [INFO] [1788992154.935979031] [gpu_amcl_cpp]: AMCL local correction: odom_prediction=(0.480, -7.316, -1.806) scan=(0.484, -7.302, -1.803) correction=0.014 m/0.003 rad cluster_weight=0.977 publish=true
[gpu_amcl_cpp_node-6] [INFO] [1788992154.984458166] [gpu_amcl_cpp]: AMCL odom delta: at_scan=(12.005, 0.571, -0.246) baseline=(11.809, 0.619, -0.235) delta=(0.196, -0.048, -0.011) moved=true scan_age=0.052s
[ground_truth_amcl_monitor-7] [INFO] [1788992155.257103903] [ground_truth_amcl_monitor]: AMCL vs GT: gt=(0.129, -8.558) amcl=(0.206, -8.330) error=0.240 m / 0.019 rad; current_map=(0.146, -8.513, -1.895) error=0.048 m / 0.000 rad; odom=(1.081, -9.856, -1.895) error=1.610 m / 0.000 rad; ekf=(1.081, -9.856, -1.895) error=1.610 m / 0.000 rad; RMS=0.133 m / 0.031 rad max=0.449 m / 0.167 rad samples=4336
[component_container-9] [INFO] [1788992155.406957558] [pure_pursuit_node]: Pure Pursuit: pose=(0.036, -8.803, -2.033) cte=0.006 closest=606 target=647 path_dist=0.006 heading_err=0.079 steer=-0.005 speed=2.657
[gpu_amcl_cpp_node-6] [INFO] [1788992155.965991011] [gpu_amcl_cpp]: AMCL local correction: odom_prediction=(-0.775, -10.161, -2.463) scan=(-0.765, -10.154, -2.442) correction=0.011 m/0.021 rad cluster_weight=1.000 publish=true
[gpu_amcl_cpp_node-6] [INFO] [1788992156.030627092] [gpu_amcl_cpp]: AMCL odom delta: at_scan=(14.391, -0.629, -0.991) baseline=(14.302, -0.506, -0.892) delta=(0.089, -0.123, -0.099) moved=true scan_age=0.051s
[ground_truth_amcl_monitor-7] [INFO] [1788992156.283686017] [ground_truth_amcl_monitor]: AMCL vs GT: gt=(-1.354, -10.463) amcl=(-1.254, -10.417) error=0.110 m / 0.073 rad; current_map=(-1.342, -10.439, -2.928) error=0.027 m / 0.000 rad; odom=(-0.191, -11.402, -2.855) error=1.494 m / 0.073 rad; ekf=(-0.191, -11.402, -2.855) error=1.494 m / 0.073 rad; RMS=0.134 m / 0.031 rad max=0.449 m / 0.167 rad samples=4374
[component_container-9] [INFO] [1788992156.434099603] [pure_pursuit_node]: Pure Pursuit: pose=(-1.686, -10.462, 3.047) cte=-0.384 closest=721 target=763 path_dist=0.384 heading_err=-0.107 steer=-0.436 speed=1.673
[gpu_amcl_cpp_node-6] [INFO] [1788992156.987468690] [gpu_amcl_cpp]: AMCL local correction: odom_prediction=(-2.356, -10.031, 2.185) scan=(-2.340, -10.048, 2.199) correction=0.023 m/0.014 rad cluster_weight=0.977 publish=true
[gpu_amcl_cpp_node-6] [INFO] [1788992157.034655315] [gpu_amcl_cpp]: AMCL odom delta: at_scan=(14.103, -2.151, -2.584) baseline=(14.178, -2.102, -2.527) delta=(-0.075, -0.050, -0.057) moved=true scan_age=0.051s
[ground_truth_amcl_monitor-7] [INFO] [1788992157.307201235] [ground_truth_amcl_monitor]: AMCL vs GT: gt=(-2.628, -9.479) amcl=(-2.591, -9.573) error=0.102 m / 0.024 rad; current_map=(-2.632, -9.466, 1.926) error=0.013 m / 0.000 rad; odom=(-1.545, -10.552, 1.950) error=1.525 m / 0.024 rad; ekf=(-1.545, -10.552, 1.950) error=1.525 m / 0.024 rad; RMS=0.133 m / 0.031 rad max=0.449 m / 0.167 rad samples=4412
[gpu_amcl_cpp_node-6] [INFO] [1788992157.408664151] [gpu_amcl_cpp]: Received LiDAR callback #2224 (1081 ranges).
[gpu_amcl_cpp_node-6] [INFO] [1788992157.408754531] [gpu_amcl_cpp]: Starting AMCL scan update #2224 (sampled from 1081 ranges).
[gpu_amcl_cpp_node-6] [INFO] [1788992157.409832437] [gpu_amcl_cpp]: AMCL scan update #2224 completed; evaluating pose confidence.
[component_container-9] [INFO] [1788992157.457244606] [pure_pursuit_node]: Pure Pursuit: pose=(-2.810, -8.953, 1.898) cte=-0.029 closest=807 target=852 path_dist=0.029 heading_err=0.098 steer=-0.037 speed=3.425
[gpu_amcl_cpp_node-6] [INFO] [1788992157.987687483] [gpu_amcl_cpp]: AMCL local correction: odom_prediction=(-3.146, -7.291, 1.621) scan=(-3.148, -7.315, 1.629) correction=0.024 m/0.009 rad cluster_weight=0.992 publish=true
[gpu_amcl_cpp_node-6] [INFO] [1788992158.034689361] [gpu_amcl_cpp]: AMCL odom delta: at_scan=(11.233, -2.913, -3.120) baseline=(11.431, -2.905, -3.092) delta=(-0.199, -0.007, -0.028) moved=true scan_age=0.050s
[ground_truth_amcl_monitor-7] [INFO] [1788992158.309699663] [ground_truth_amcl_monitor]: AMCL vs GT: gt=(-3.106, -6.040) amcl=(-3.124, -6.258) error=0.219 m / 0.028 rad; current_map=(-3.101, -6.059, 1.443) error=0.020 m / 0.000 rad; odom=(-2.055, -7.014, 1.443) error=1.433 m / 0.000 rad; ekf=(-2.055, -7.014, 1.443) error=1.433 m / 0.000 rad; RMS=0.133 m / 0.031 rad max=0.449 m / 0.167 rad samples=4450
[component_container-9] [INFO] [1788992158.482559987] [pure_pursuit_node]: Pure Pursuit: pose=(-2.929, -5.195, 1.314) cte=-0.003 closest=998 target=1046 path_dist=0.003 heading_err=0.003 steer=-0.018 speed=3.881
[gpu_amcl_cpp_node-6] [INFO] [1788992159.013558268] [gpu_amcl_cpp]: AMCL local correction: odom_prediction=(-2.424, -3.419, 1.305) scan=(-2.425, -3.412, 1.292) correction=0.008 m/0.013 rad cluster_weight=0.932 publish=true
[gpu_amcl_cpp_node-6] [INFO] [1788992159.064431141] [gpu_amcl_cpp]: AMCL odom delta: at_scan=(7.323, -2.117, 2.874) baseline=(7.539, -2.176, 2.876) delta=(-0.217, 0.059, -0.001) moved=true scan_age=0.054s
[ground_truth_amcl_monitor-7] [INFO] [1788992159.312170017] [ground_truth_amcl_monitor]: AMCL vs GT: gt=(-2.110, -2.255) amcl=(-2.092, -2.234) error=0.027 m / 0.000 rad; current_map=(-2.093, -2.239, 1.304) error=0.023 m / 0.000 rad; odom=(-1.057, -3.228, 1.304) error=1.433 m / 0.000 rad; ekf=(-1.057, -3.228, 1.304) error=1.433 m / 0.000 rad; RMS=0.133 m / 0.031 rad max=0.449 m / 0.167 rad samples=4485
[component_container-9] [INFO] [1788992159.529830862] [pure_pursuit_node]: Pure Pursuit: pose=(-1.829, -1.185, 1.345) cte=-0.001 closest=1206 target=1254 path_dist=0.001 heading_err=-0.015 steer=-0.003 speed=3.978
[gpu_amcl_cpp_node-6] [INFO] [1788992160.060345213] [gpu_amcl_cpp]: AMCL local correction: odom_prediction=(-1.437, 0.675, 1.398) scan=(-1.438, 0.702, 1.394) correction=0.027 m/0.004 rad cluster_weight=0.938 publish=true
[gpu_amcl_cpp_node-6] [INFO] [1788992160.108282920] [gpu_amcl_cpp]: AMCL odom delta: at_scan=(3.292, -1.162, 2.972) baseline=(3.486, -1.196, 2.969) delta=(-0.194, 0.034, 0.003) moved=true scan_age=0.051s
[ground_truth_amcl_monitor-7] [INFO] [1788992160.333557124] [ground_truth_amcl_monitor]: AMCL vs GT: gt=(-1.300, 1.583) amcl=(-1.319, 1.344) error=0.240 m / 0.027 rad; current_map=(-1.314, 1.384, 1.468) error=0.200 m / 0.000 rad; odom=(-0.292, 0.311, 1.468) error=1.623 m / 0.000 rad; ekf=(-0.292, 0.311, 1.468) error=1.623 m / 0.000 rad; RMS=0.133 m / 0.031 rad max=0.449 m / 0.167 rad samples=4522
[component_container-9] [INFO] [1788992160.532894070] [pure_pursuit_node]: Pure Pursuit: pose=(-1.232, 2.210, 1.505) cte=0.029 closest=1378 target=1425 path_dist=0.029 heading_err=0.081 steer=0.230 speed=2.589
[gpu_amcl_cpp_node-6] [INFO] [1788992161.084596783] [gpu_amcl_cpp]: AMCL local correction: odom_prediction=(-1.474, 3.425, 2.088) scan=(-1.493, 3.485, 2.078) correction=0.063 m/0.010 rad cluster_weight=0.985 publish=true
[gpu_amcl_cpp_node-6] [INFO] [1788992161.132696364] [gpu_amcl_cpp]: AMCL odom delta: at_scan=(1.314, -1.273, -2.573) baseline=(1.394, -1.224, -2.624) delta=(-0.080, -0.049, 0.051) moved=true scan_age=0.052s
[ground_truth_amcl_monitor-7] [INFO] [1788992161.356485326] [ground_truth_amcl_monitor]: AMCL vs GT: gt=(-1.804, 3.833) amcl=(-1.710, 3.792) error=0.102 m / 0.153 rad; current_map=(-1.804, 3.862, 2.581) error=0.029 m / 0.000 rad; odom=(-0.739, 2.120, 2.581) error=2.017 m / 0.000 rad; ekf=(-0.739, 2.120, 2.581) error=2.017 m / 0.000 rad; RMS=0.134 m / 0.031 rad max=0.449 m / 0.167 rad samples=4560
[component_container-9] [INFO] [1788992161.580065065] [pure_pursuit_node]: Pure Pursuit: pose=(-2.219, 3.991, -3.132) cte=0.137 closest=1483 target=1525 path_dist=0.137 heading_err=-0.052 steer=0.402 speed=1.583
[gpu_amcl_cpp_node-6] [INFO] [1788992162.112281044] [gpu_amcl_cpp]: AMCL local correction: odom_prediction=(-2.840, 3.646, -2.288) scan=(-2.836, 3.648, -2.288) correction=0.005 m/0.000 rad cluster_weight=0.976 publish=true
[gpu_amcl_cpp_node-6] [INFO] [1788992162.159429988] [gpu_amcl_cpp]: AMCL odom delta: at_scan=(1.309, -2.697, -0.631) baseline=(1.238, -2.640, -0.717) delta=(0.071, -0.057, 0.085) moved=true scan_age=0.051s
[ground_truth_amcl_monitor-7] [INFO] [1788992162.360328128] [ground_truth_amcl_monitor]: AMCL vs GT: gt=(-3.076, 3.201) amcl=(-3.027, 3.291) error=0.102 m / 0.068 rad; current_map=(-3.064, 3.194, -1.900) error=0.013 m / 0.000 rad; odom=(-2.078, 1.494, -1.900) error=1.978 m / 0.000 rad; ekf=(-2.078, 1.494, -1.900) error=1.978 m / 0.000 rad; RMS=0.133 m / 0.032 rad max=0.449 m / 0.167 rad samples=4598
[gpu_amcl_cpp_node-6] [INFO] [1788992162.411613417] [gpu_amcl_cpp]: Received LiDAR callback #2316 (1081 ranges).
[gpu_amcl_cpp_node-6] [INFO] [1788992162.411679551] [gpu_amcl_cpp]: Starting AMCL scan update #2316 (sampled from 1081 ranges).
[gpu_amcl_cpp_node-6] [INFO] [1788992162.412820555] [gpu_amcl_cpp]: AMCL scan update #2316 completed; evaluating pose confidence.
[component_container-9] [INFO] [1788992162.582242026] [pure_pursuit_node]: Pure Pursuit: pose=(-3.184, 2.532, -1.652) cte=0.030 closest=1575 target=1619 path_dist=0.030 heading_err=-0.036 steer=-0.004 speed=3.285
[gpu_amcl_cpp_node-6] [INFO] [1788992163.162246711] [gpu_amcl_cpp]: AMCL local correction: odom_prediction=(-3.378, 0.921, -1.772) scan=(-3.375, 0.894, -1.754) correction=0.028 m/0.018 rad cluster_weight=0.980 publish=true
[gpu_amcl_cpp_node-6] [INFO] [1788992163.210308561] [gpu_amcl_cpp]: AMCL odom delta: at_scan=(4.048, -3.212, -0.229) baseline=(3.877, -3.175, -0.201) delta=(0.172, -0.037, -0.028) moved=true scan_age=0.051s
[ground_truth_amcl_monitor-7] [INFO] [1788992163.384607198] [ground_truth_amcl_monitor]: AMCL vs GT: gt=(-3.567, 0.215) amcl=(-3.485, 0.472) error=0.270 m / 0.075 rad; current_map=(-3.497, 0.442, -2.007) error=0.237 m / 0.000 rad; odom=(-2.464, -1.070, -1.932) error=1.694 m / 0.075 rad; ekf=(-2.464, -1.070, -1.932) error=1.694 m / 0.075 rad; RMS=0.134 m / 0.032 rad max=0.449 m / 0.167 rad samples=4634
[component_container-9] [INFO] [1788992163.607329175] [pure_pursuit_node]: Pure Pursuit: pose=(-3.837, -0.183, -2.195) cte=-0.060 closest=1716 target=1760 path_dist=0.060 heading_err=-0.182 steer=-0.472 speed=1.843
[gpu_amcl_cpp_node-6] [WARN] [1788992163.956003003] [gpu_amcl_cpp]: Queued LiDAR scan until source-time odometry arrives (queued=1).
[gpu_amcl_cpp_node-6] [INFO] [1788992164.162724568] [gpu_amcl_cpp]: AMCL local correction: odom_prediction=(-4.483, -0.659, -3.063) scan=(-4.484, -0.670, -3.045) correction=0.011 m/0.018 rad cluster_weight=0.979 publish=true
[gpu_amcl_cpp_node-6] [INFO] [1788992164.261547581] [gpu_amcl_cpp]: AMCL odom delta: at_scan=(4.972, -4.229, -1.660) baseline=(4.976, -4.149, -1.573) delta=(-0.004, -0.080, -0.087) moved=true scan_age=0.051s
[ground_truth_amcl_monitor-7] [INFO] [1788992164.388349691] [ground_truth_amcl_monitor]: AMCL vs GT: gt=(-4.843, -0.625) amcl=(-4.824, -0.641) error=0.025 m / 0.000 rad; current_map=(-4.826, -0.636, 2.848) error=0.021 m / 0.000 rad; odom=(-3.612, -1.778, 2.848) error=1.687 m / 0.000 rad; ekf=(-3.612, -1.778, 2.848) error=1.687 m / 0.000 rad; RMS=0.134 m / 0.032 rad max=0.449 m / 0.167 rad samples=4671
[component_container-9] [INFO] [1788992164.657488465] [pure_pursuit_node]: Pure Pursuit: pose=(-5.266, -0.364, 2.362) cte=-0.085 closest=1789 target=1831 path_dist=0.085 heading_err=0.089 steer=-0.212 speed=2.004
[gpu_amcl_cpp_node-6] [INFO] [1788992165.218037724] [gpu_amcl_cpp]: AMCL local correction: odom_prediction=(-5.827, 0.667, 1.843) scan=(-5.826, 0.673, 1.843) correction=0.006 m/0.000 rad cluster_weight=0.962 publish=true
[gpu_amcl_cpp_node-6] [INFO] [1788992165.280879813] [gpu_amcl_cpp]: AMCL odom delta: at_scan=(3.413, -5.460, -2.908) baseline=(3.629, -5.404, -2.869) delta=(-0.216, -0.056, -0.039) moved=true scan_age=0.052s
[ground_truth_amcl_monitor-7] [INFO] [1788992165.389792259] [ground_truth_amcl_monitor]: AMCL vs GT: gt=(-5.973, 1.265) amcl=(-5.958, 1.230) error=0.038 m / 0.000 rad; current_map=(-5.957, 1.224, 1.767) error=0.044 m / 0.000 rad; odom=(-4.735, 0.091, 1.767) error=1.706 m / 0.000 rad; ekf=(-4.735, 0.091, 1.767) error=1.706 m / 0.000 rad; RMS=0.133 m / 0.032 rad max=0.449 m / 0.167 rad samples=4707
[component_container-9] [INFO] [1788992165.679734523] [pure_pursuit_node]: Pure Pursuit: pose=(-6.143, 2.522, 1.634) cte=-0.005 closest=1940 target=1989 path_dist=0.005 heading_err=0.011 steer=-0.031 speed=3.918
[gpu_amcl_cpp_node-6] [INFO] [1788992166.234237488] [gpu_amcl_cpp]: AMCL local correction: odom_prediction=(-6.066, 4.478, 1.383) scan=(-6.061, 4.478, 1.390) correction=0.004 m/0.008 rad cluster_weight=0.978 publish=true
[gpu_amcl_cpp_node-6] [INFO] [1788992166.283352057] [gpu_amcl_cpp]: AMCL odom delta: at_scan=(-0.387, -5.594, 2.926) baseline=(-0.194, -5.633, 2.953) delta=(-0.193, 0.040, -0.028) moved=true scan_age=0.052s
[ground_truth_amcl_monitor-7] [INFO] [1788992166.435551930] [ground_truth_amcl_monitor]: AMCL vs GT: gt=(-5.891, 5.295) amcl=(-5.937, 5.065) error=0.234 m / 0.023 rad; current_map=(-5.885, 5.254, 1.290) error=0.042 m / 0.000 rad; odom=(-4.648, 4.120, 1.290) error=1.711 m / 0.000 rad; ekf=(-4.648, 4.120, 1.290) error=1.711 m / 0.000 rad; RMS=0.134 m / 0.032 rad max=0.449 m / 0.167 rad samples=4744
[component_container-9] [INFO] [1788992166.728802772] [pure_pursuit_node]: Pure Pursuit: pose=(-5.622, 5.905, 1.058) cte=0.016 closest=2113 target=2155 path_dist=0.016 heading_err=0.078 steer=0.015 speed=2.856
[gpu_amcl_cpp_node-6] [INFO] [1788992167.240534610] [gpu_amcl_cpp]: AMCL local correction: odom_prediction=(-4.701, 7.308, 0.533) scan=(-4.708, 7.312, 0.558) correction=0.008 m/0.025 rad cluster_weight=0.994 publish=true
[gpu_amcl_cpp_node-6] [INFO] [1788992167.305490692] [gpu_amcl_cpp]: AMCL odom delta: at_scan=(-2.668, -4.256, 1.972) baseline=(-2.580, -4.430, 2.104) delta=(-0.088, 0.174, -0.132) moved=true scan_age=0.051s
[gpu_amcl_cpp_node-6] [INFO] [1788992167.458403545] [gpu_amcl_cpp]: Received LiDAR callback #2408 (1081 ranges).
[gpu_amcl_cpp_node-6] [INFO] [1788992167.458461985] [gpu_amcl_cpp]: Starting AMCL scan update #2408 (sampled from 1081 ranges).
[ground_truth_amcl_monitor-7] [INFO] [1788992167.459150999] [ground_truth_amcl_monitor]: AMCL vs GT: gt=(-4.115, 7.545) amcl=(-4.267, 7.493) error=0.160 m / 0.048 rad; current_map=(-4.127, 7.526, 0.204) error=0.023 m / 0.000 rad; odom=(-3.041, 5.950, 0.204) error=1.923 m / 0.000 rad; ekf=(-3.041, 5.950, 0.204) error=1.923 m / 0.000 rad; RMS=0.134 m / 0.032 rad max=0.449 m / 0.167 rad samples=4782
[gpu_amcl_cpp_node-6] [INFO] [1788992167.459287947] [gpu_amcl_cpp]: AMCL scan update #2408 completed; evaluating pose confidence.
[component_container-9] [INFO] [1788992167.729736944] [pure_pursuit_node]: Pure Pursuit: pose=(-3.074, 7.598, -0.094) cte=-0.013 closest=2278 target=2325 path_dist=0.013 heading_err=0.012 steer=-0.132 speed=3.471
[gpu_amcl_cpp_node-6] [INFO] [1788992168.284340807] [gpu_amcl_cpp]: AMCL local correction: odom_prediction=(-1.465, 6.905, -0.719) scan=(-1.462, 6.906, -0.714) correction=0.003 m/0.005 rad cluster_weight=0.965 publish=true
[gpu_amcl_cpp_node-6] [INFO] [1788992168.331242176] [gpu_amcl_cpp]: AMCL odom delta: at_scan=(-1.996, -1.030, 0.800) baseline=(-2.125, -1.170, 0.851) delta=(0.129, 0.140, -0.051) moved=true scan_age=0.050s
[ground_truth_amcl_monitor-7] [INFO] [1788992168.485960403] [ground_truth_amcl_monitor]: AMCL vs GT: gt=(-0.924, 6.335) amcl=(-1.063, 6.507) error=0.221 m / 0.035 rad; current_map=(-0.937, 6.356, -0.890) error=0.025 m / 0.000 rad; odom=(0.162, 4.723, -0.890) error=1.943 m / 0.000 rad; ekf=(0.162, 4.723, -0.890) error=1.943 m / 0.000 rad; RMS=0.134 m / 0.032 rad max=0.449 m / 0.167 rad samples=4820
[component_container-9] [INFO] [1788992168.779644138] [pure_pursuit_node]: Pure Pursuit: pose=(-0.204, 5.229, -1.103) cte=-0.009 closest=2472 target=2520 path_dist=0.009 heading_err=0.013 steer=-0.028 speed=3.905
[gpu_amcl_cpp_node-6] [INFO] [1788992169.334536563] [gpu_amcl_cpp]: AMCL local correction: odom_prediction=(0.539, 3.426, -1.249) scan=(0.542, 3.446, -1.255) correction=0.020 m/0.006 rad cluster_weight=0.919 publish=true
[gpu_amcl_cpp_node-6] [INFO] [1788992169.383620224] [gpu_amcl_cpp]: AMCL odom delta: at_scan=(1.555, 0.893, 0.308) baseline=(1.361, 0.830, 0.322) delta=(0.194, 0.063, -0.014) moved=true scan_age=0.052s
[ground_truth_amcl_monitor-7] [INFO] [1788992169.508611389] [ground_truth_amcl_monitor]: AMCL vs GT: gt=(0.752, 2.752) amcl=(0.665, 3.039) error=0.300 m / 0.013 rad; current_map=(0.745, 2.769, -1.287) error=0.018 m / 0.000 rad; odom=(1.836, 1.136, -1.287) error=1.946 m / 0.000 rad; ekf=(1.755, 1.406, -1.273) error=1.680 m / 0.013 rad; RMS=0.135 m / 0.032 rad max=0.449 m / 0.167 rad samples=4856
[component_container-9] [INFO] [1788992169.804526558] [pure_pursuit_node]: Pure Pursuit: pose=(1.079, 1.469, -1.377) cte=-0.008 closest=85 target=133 path_dist=0.008 heading_err=0.010 steer=-0.020 speed=3.923
[gpu_amcl_cpp_node-6] [WARN] [1788992169.984488318] [gpu_amcl_cpp]: No local AMCL cluster near odometry prediction; using causal odometry pose.
[gpu_amcl_cpp_node-6] [INFO] [1788992170.360584464] [gpu_amcl_cpp]: AMCL local correction: odom_prediction=(1.322, -0.431, -1.492) scan=(1.331, -0.570, -1.486) correction=0.140 m/0.006 rad cluster_weight=0.947 publish=true
[gpu_amcl_cpp_node-6] [INFO] [1788992170.407228850] [gpu_amcl_cpp]: AMCL odom delta: at_scan=(5.519, 1.655, 0.066) baseline=(5.320, 1.641, 0.078) delta=(0.199, 0.014, -0.013) moved=true scan_age=0.049s
[ground_truth_amcl_monitor-7] [INFO] [1788992170.509165345] [ground_truth_amcl_monitor]: AMCL vs GT: gt=(1.395, -1.133) amcl=(1.362, -0.933) error=0.203 m / 0.013 rad; current_map=(1.372, -1.132, -1.530) error=0.023 m / 0.000 rad; odom=(2.477, -2.753, -1.530) error=1.948 m / 0.000 rad; ekf=(2.477, -2.753, -1.530) error=1.948 m / 0.000 rad; RMS=0.136 m / 0.032 rad max=0.449 m / 0.167 rad samples=4892
[component_container-9] [INFO] [1788992170.833431378] [pure_pursuit_node]: Pure Pursuit: pose=(1.328, -2.573, -1.691) cte=-0.018 closest=288 target=336 path_dist=0.018 heading_err=0.039 steer=-0.004 speed=3.873
[gpu_amcl_cpp_node-6] [INFO] [1788992171.385699821] [gpu_amcl_cpp]: AMCL local correction: odom_prediction=(1.066, -4.482, -1.747) scan=(1.072, -4.459, -1.745) correction=0.024 m/0.002 rad cluster_weight=0.943 publish=true
[gpu_amcl_cpp_node-6] [INFO] [1788992171.435757642] [gpu_amcl_cpp]: AMCL odom delta: at_scan=(9.490, 1.299, -0.177) baseline=(9.295, 1.334, -0.176) delta=(0.195, -0.035, -0.001) moved=true scan_age=0.053s
[ground_truth_amcl_monitor-7] [INFO] [1788992171.556689869] [ground_truth_amcl_monitor]: AMCL vs GT: gt=(0.935, -5.188) amcl=(1.000, -4.851) error=0.344 m / 0.003 rad; current_map=(0.952, -5.119, -1.750) error=0.071 m / 0.000 rad; odom=(2.015, -6.806, -1.750) error=1.946 m / 0.000 rad; ekf=(2.015, -6.806, -1.750) error=1.946 m / 0.000 rad; RMS=0.136 m / 0.032 rad max=0.449 m / 0.167 rad samples=4930
[component_container-9] [INFO] [1788992171.881910005] [pure_pursuit_node]: Pure Pursuit: pose=(0.644, -6.604, -1.793) cte=0.000 closest=492 target=541 path_dist=0.000 heading_err=-0.001 steer=-0.006 speed=3.949
[gpu_amcl_cpp_node-6] [INFO] [1788992172.413832769] [gpu_amcl_cpp]: AMCL local correction: odom_prediction=(0.181, -8.410, -1.880) scan=(0.182, -8.410, -1.877) correction=0.001 m/0.004 rad cluster_weight=0.984 publish=true
[gpu_amcl_cpp_node-6] [INFO] [1788992172.481157503] [gpu_amcl_cpp]: Received LiDAR callback #2499 (1081 ranges).
[gpu_amcl_cpp_node-6] [INFO] [1788992172.481223366] [gpu_amcl_cpp]: AMCL odom delta: at_scan=(13.387, 0.390, -0.349) baseline=(13.240, 0.440, -0.310) delta=(0.147, -0.050, -0.040) moved=true scan_age=0.052s
[gpu_amcl_cpp_node-6] [INFO] [1788992172.481247121] [gpu_amcl_cpp]: Starting AMCL scan update #2499 (sampled from 1081 ranges).
[gpu_amcl_cpp_node-6] [INFO] [1788992172.482311041] [gpu_amcl_cpp]: AMCL scan update #2499 completed; evaluating pose confidence.
[ground_truth_amcl_monitor-7] [INFO] [1788992172.584614014] [ground_truth_amcl_monitor]: AMCL vs GT: gt=(-0.028, -8.977) amcl=(0.074, -8.700) error=0.295 m / 0.036 rad; current_map=(0.058, -8.736, -1.990) error=0.255 m / 0.000 rad; odom=(1.170, -10.282, -1.954) error=1.772 m / 0.036 rad; ekf=(1.170, -10.282, -1.954) error=1.772 m / 0.036 rad; RMS=0.137 m / 0.032 rad max=0.449 m / 0.167 rad samples=4968
[component_container-9] [INFO] [1788992172.906837659] [pure_pursuit_node]: Pure Pursuit: pose=(-0.463, -9.814, -2.201) cte=-0.083 closest=662 target=707 path_dist=0.083 heading_err=-0.143 steer=-0.441 speed=2.252
[gpu_amcl_cpp_node-6] [INFO] [1788992173.461514748] [gpu_amcl_cpp]: AMCL local correction: odom_prediction=(-1.291, -10.345, -3.087) scan=(-1.333, -10.352, -3.069) correction=0.042 m/0.018 rad cluster_weight=0.998 publish=true
[gpu_amcl_cpp_node-6] [INFO] [1788992173.508587359] [gpu_amcl_cpp]: AMCL odom delta: at_scan=(14.657, -0.824, -1.595) baseline=(14.656, -0.796, -1.516) delta=(0.000, -0.028, -0.079) moved=true scan_age=0.050s
[ground_truth_amcl_monitor-7] [INFO] [1788992173.611037669] [ground_truth_amcl_monitor]: AMCL vs GT: gt=(-1.535, -10.361) amcl=(-1.427, -10.349) error=0.108 m / 0.082 rad; current_map=(-1.487, -10.341, 2.967) error=0.052 m / 0.000 rad; odom=(-0.112, -11.489, 2.967) error=1.815 m / 0.000 rad; ekf=(-0.112, -11.489, 2.967) error=1.815 m / 0.000 rad; RMS=0.137 m / 0.032 rad max=0.449 m / 0.167 rad samples=5006
[component_container-9] [INFO] [1788992173.956320822] [pure_pursuit_node]: Pure Pursuit: pose=(-2.197, -9.969, 2.342) cte=-0.130 closest=749 target=793 path_dist=0.130 heading_err=0.160 steer=-0.168 speed=2.270
[gpu_amcl_cpp_node-6] [INFO] [1788992174.508440795] [gpu_amcl_cpp]: AMCL local correction: odom_prediction=(-2.840, -8.846, 1.939) scan=(-2.831, -8.852, 1.948) correction=0.011 m/0.009 rad cluster_weight=0.983 publish=true
[gpu_amcl_cpp_node-6] [INFO] [1788992174.555738810] [gpu_amcl_cpp]: AMCL odom delta: at_scan=(13.006, -2.279, -2.804) baseline=(13.165, -2.221, -2.773) delta=(-0.159, -0.059, -0.031) moved=true scan_age=0.050s
[ground_truth_amcl_monitor-7] [INFO] [1788992174.613745220] [ground_truth_amcl_monitor]: AMCL vs GT: gt=(-2.950, -8.541) amcl=(-2.951, -8.516) error=0.025 m / 0.000 rad; current_map=(-2.950, -8.517, 1.873) error=0.024 m / 0.000 rad; odom=(-1.534, -9.681, 1.873) error=1.818 m / 0.000 rad; ekf=(-1.534, -9.681, 1.873) error=1.818 m / 0.000 rad; RMS=0.136 m / 0.032 rad max=0.449 m / 0.167 rad samples=5043
[component_container-9] [INFO] [1788992174.983582461] [pure_pursuit_node]: Pure Pursuit: pose=(-3.161, -6.925, 1.561) cte=-0.002 closest=910 target=958 path_dist=0.002 heading_err=-0.004 steer=-0.048 speed=3.919
[gpu_amcl_cpp_node-6] [INFO] [1788992175.513008843] [gpu_amcl_cpp]: AMCL local correction: odom_prediction=(-2.900, -5.103, 1.316) scan=(-2.894, -5.081, 1.313) correction=0.022 m/0.002 rad cluster_weight=0.928 publish=true
[gpu_amcl_cpp_node-6] [INFO] [1788992175.561323628] [gpu_amcl_cpp]: AMCL odom delta: at_scan=(9.203, -2.249, 2.869) baseline=(9.393, -2.301, 2.886) delta=(-0.190, 0.051, -0.017) moved=true scan_age=0.051s
[ground_truth_amcl_monitor-7] [INFO] [1788992175.631855479] [ground_truth_amcl_monitor]: AMCL vs GT: gt=(-2.795, -4.653) amcl=(-2.851, -4.908) error=0.261 m / 0.010 rad; current_map=(-2.777, -4.650, 1.289) error=0.018 m / 0.000 rad; odom=(-1.375, -5.786, 1.289) error=1.817 m / 0.000 rad; ekf=(-1.375, -5.786, 1.289) error=1.817 m / 0.000 rad; RMS=0.137 m / 0.032 rad max=0.449 m / 0.167 rad samples=5080
[component_container-9] [INFO] [1788992176.009316809] [pure_pursuit_node]: Pure Pursuit: pose=(-2.321, -3.041, 1.282) cte=-0.005 closest=1110 target=1158 path_dist=0.005 heading_err=0.021 steer=0.014 speed=3.955
[gpu_amcl_cpp_node-6] [INFO] [1788992176.515758431] [gpu_amcl_cpp]: AMCL local correction: odom_prediction=(-1.855, -1.303, 1.326) scan=(-1.851, -1.296, 1.314) correction=0.008 m/0.012 rad cluster_weight=0.950 publish=true
[gpu_amcl_cpp_node-6] [INFO] [1788992176.581346401] [gpu_amcl_cpp]: AMCL odom delta: at_scan=(5.327, -1.178, 2.907) baseline=(5.598, -1.244, 2.896) delta=(-0.270, 0.066, 0.010) moved=true scan_age=0.052s
[ground_truth_amcl_monitor-7] [INFO] [1788992176.632259449] [ground_truth_amcl_monitor]: AMCL vs GT: gt=(-1.749, -0.836) amcl=(-1.787, -1.032) error=0.199 m / 0.006 rad; current_map=(-1.739, -0.829, 1.342) error=0.011 m / 0.000 rad; odom=(-0.329, -1.967, 1.342) error=1.815 m / 0.000 rad; ekf=(-0.377, -2.169, 1.336) error=1.912 m / 0.006 rad; RMS=0.137 m / 0.032 rad max=0.449 m / 0.167 rad samples=5116
[component_container-9] [INFO] [1788992177.057172292] [pure_pursuit_node]: Pure Pursuit: pose=(-1.371, 1.032, 1.411) cte=-0.003 closest=1319 target=1367 path_dist=0.003 heading_err=0.006 steer=0.037 speed=3.536
[gpu_amcl_cpp_node-6] [INFO] [1788992177.485672807] [gpu_amcl_cpp]: Received LiDAR callback #2591 (1081 ranges).
[gpu_amcl_cpp_node-6] [INFO] [1788992177.485738601] [gpu_amcl_cpp]: Starting AMCL scan update #2591 (sampled from 1081 ranges).
[gpu_amcl_cpp_node-6] [INFO] [1788992177.487119687] [gpu_amcl_cpp]: AMCL scan update #2591 completed; evaluating pose confidence.
[gpu_amcl_cpp_node-6] [INFO] [1788992177.559334731] [gpu_amcl_cpp]: AMCL local correction: odom_prediction=(-1.264, 2.308, 1.601) scan=(-1.261, 2.378, 1.584) correction=0.071 m/0.017 rad cluster_weight=0.965 publish=true
[gpu_amcl_cpp_node-6] [INFO] [1788992177.607342399] [gpu_amcl_cpp]: AMCL odom delta: at_scan=(2.022, -0.684, -3.103) baseline=(2.190, -0.678, -3.112) delta=(-0.168, -0.006, 0.009) moved=true scan_age=0.051s
[ground_truth_amcl_monitor-7] [INFO] [1788992177.659613580] [ground_truth_amcl_monitor]: AMCL vs GT: gt=(-1.292, 2.785) amcl=(-1.267, 2.541) error=0.245 m / 0.028 rad; current_map=(-1.276, 2.706, 1.637) error=0.080 m / 0.000 rad; odom=(0.108, 1.301, 1.637) error=2.039 m / 0.000 rad; ekf=(0.108, 1.301, 1.637) error=2.039 m / 0.000 rad; RMS=0.137 m / 0.032 rad max=0.449 m / 0.167 rad samples=5154
[component_container-9] [INFO] [1788992178.104314824] [pure_pursuit_node]: Pure Pursuit: pose=(-1.617, 3.641, 2.184) cte=0.075 closest=1451 target=1495 path_dist=0.075 heading_err=0.074 steer=0.524 speed=1.704
[gpu_amcl_cpp_node-6] [INFO] [1788992178.586544050] [gpu_amcl_cpp]: AMCL local correction: odom_prediction=(-2.052, 4.071, 2.884) scan=(-2.079, 4.092, 2.873) correction=0.034 m/0.011 rad cluster_weight=0.980 publish=true
[gpu_amcl_cpp_node-6] [INFO] [1788992178.634249580] [gpu_amcl_cpp]: AMCL odom delta: at_scan=(1.011, -1.340, -1.732) baseline=(1.026, -1.267, -1.828) delta=(-0.016, -0.074, 0.097) moved=true scan_age=0.051s
[ground_truth_amcl_monitor-7] [INFO] [1788992178.686343918] [ground_truth_amcl_monitor]: AMCL vs GT: gt=(-2.204, 4.077) amcl=(-2.137, 4.098) error=0.070 m / 0.098 rad; current_map=(-2.213, 4.107, 3.079) error=0.031 m / 0.000 rad; odom=(-0.616, 2.156, 3.079) error=2.493 m / 0.000 rad; ekf=(-0.616, 2.156, 3.079) error=2.493 m / 0.000 rad; RMS=0.137 m / 0.032 rad max=0.449 m / 0.167 rad samples=5192
[component_container-9] [INFO] [1788992179.135401099] [pure_pursuit_node]: Pure Pursuit: pose=(-2.800, 3.863, -2.357) cte=0.167 closest=1508 target=1550 path_dist=0.167 heading_err=-0.173 steer=0.314 speed=1.650
[gpu_amcl_cpp_node-6] [INFO] [1788992179.634728850] [gpu_amcl_cpp]: AMCL local correction: odom_prediction=(-3.116, 3.130, -1.781) scan=(-3.118, 3.125, -1.778) correction=0.005 m/0.003 rad cluster_weight=0.964 publish=true
[gpu_amcl_cpp_node-6] [INFO] [1788992179.683068301] [gpu_amcl_cpp]: AMCL odom delta: at_scan=(2.023, -2.393, -0.165) baseline=(1.920, -2.373, -0.210) delta=(0.104, -0.020, 0.045) moved=true scan_age=0.051s
[ground_truth_amcl_monitor-7] [INFO] [1788992179.688324791] [ground_truth_amcl_monitor]: AMCL vs GT: gt=(-3.147, 3.052) amcl=(-3.137, 3.024) error=0.030 m / 0.000 rad; current_map=(-3.136, 3.024, -1.736) error=0.030 m / 0.000 rad; odom=(-1.592, 1.135, -1.736) error=2.468 m / 0.000 rad; ekf=(-1.592, 1.135, -1.736) error=2.468 m / 0.000 rad; RMS=0.137 m / 0.033 rad max=0.449 m / 0.167 rad samples=5229
[component_container-9] [INFO] [1788992180.182912723] [pure_pursuit_node]: Pure Pursuit: pose=(-3.296, 1.408, -1.692) cte=0.008 closest=1631 target=1678 path_dist=0.008 heading_err=0.009 steer=-0.053 speed=3.283
[gpu_amcl_cpp_node-6] [INFO] [1788992180.685214273] [gpu_amcl_cpp]: AMCL local correction: odom_prediction=(-3.545, 0.416, -1.991) scan=(-3.586, 0.319, -1.977) correction=0.106 m/0.013 rad cluster_weight=0.985 publish=true
[gpu_amcl_cpp_node-6] [INFO] [1788992180.734245675] [gpu_amcl_cpp]: AMCL odom delta: at_scan=(4.553, -2.773, -0.420) baseline=(4.447, -2.725, -0.420) delta=(0.107, -0.048, -0.000) moved=true scan_age=0.052s
[ground_truth_amcl_monitor-7] [INFO] [1788992180.735040118] [ground_truth_amcl_monitor]: AMCL vs GT: gt=(-3.661, 0.091) amcl=(-3.566, 0.367) error=0.292 m / 0.000 rad; current_map=(-3.613, 0.261, -1.991) error=0.176 m / 0.000 rad; odom=(-1.972, -1.395, -1.991) error=2.249 m / 0.000 rad; ekf=(-1.925, -1.288, -1.991) error=2.217 m / 0.000 rad; RMS=0.137 m / 0.033 rad max=0.449 m / 0.167 rad samples=5266
[component_container-9] [INFO] [1788992181.229291398] [pure_pursuit_node]: Pure Pursuit: pose=(-4.208, -0.525, -2.806) cte=-0.159 closest=1738 target=1781 path_dist=0.159 heading_err=0.029 steer=-0.337 speed=1.706
[gpu_amcl_cpp_node-6] [INFO] [1788992181.716701620] [gpu_amcl_cpp]: AMCL local correction: odom_prediction=(-4.897, -0.568, 2.764) scan=(-4.893, -0.560, 2.783) correction=0.009 m/0.019 rad cluster_weight=0.986 publish=true
[gpu_amcl_cpp_node-6] [INFO] [1788992181.782132374] [gpu_amcl_cpp]: AMCL odom delta: at_scan=(5.076, -4.077, -2.056) baseline=(5.124, -3.972, -1.948) delta=(-0.048, -0.105, -0.107) moved=true scan_age=0.053s
[ground_truth_amcl_monitor-7] [INFO] [1788992181.782792595] [ground_truth_amcl_monitor]: AMCL vs GT: gt=(-5.024, -0.506) amcl=(-4.895, -0.564) error=0.141 m / 0.107 rad; current_map=(-5.000, -0.516, 2.657) error=0.026 m / 0.000 rad; odom=(-3.276, -1.918, 2.657) error=2.246 m / 0.000 rad; ekf=(-3.276, -1.918, 2.657) error=2.246 m / 0.000 rad; RMS=0.137 m / 0.033 rad max=0.449 m / 0.167 rad samples=5304
[component_container-9] [INFO] [1788992182.230136995] [pure_pursuit_node]: Pure Pursuit: pose=(-5.652, 0.218, 1.992) cte=-0.043 closest=1823 target=1867 path_dist=0.043 heading_err=0.036 steer=-0.100 speed=2.985
[gpu_amcl_cpp_node-6] [INFO] [1788992182.505747821] [gpu_amcl_cpp]: Received LiDAR callback #2682 (1081 ranges).
[gpu_amcl_cpp_node-6] [INFO] [1788992182.505802384] [gpu_amcl_cpp]: Starting AMCL scan update #2682 (sampled from 1081 ranges).
[gpu_amcl_cpp_node-6] [INFO] [1788992182.506885239] [gpu_amcl_cpp]: AMCL scan update #2682 completed; evaluating pose confidence.
[gpu_amcl_cpp_node-6] [INFO] [1788992182.733774044] [gpu_amcl_cpp]: AMCL local correction: odom_prediction=(-6.037, 1.612, 1.740) scan=(-6.042, 1.627, 1.734) correction=0.016 m/0.006 rad cluster_weight=0.946 publish=true
[ground_truth_amcl_monitor-7] [INFO] [1788992182.782721018] [ground_truth_amcl_monitor]: AMCL vs GT: gt=(-6.081, 1.840) amcl=(-6.040, 1.619) error=0.224 m / 0.018 rad; current_map=(-6.071, 1.815, 1.722) error=0.027 m / 0.000 rad; odom=(-4.324, 0.412, 1.722) error=2.263 m / 0.000 rad; ekf=(-4.324, 0.412, 1.722) error=2.263 m / 0.000 rad; RMS=0.137 m / 0.033 rad max=0.449 m / 0.167 rad samples=5340
[gpu_amcl_cpp_node-6] [INFO] [1788992182.834341475] [gpu_amcl_cpp]: AMCL odom delta: at_scan=(2.551, -5.152, -3.011) baseline=(2.746, -5.125, -2.990) delta=(-0.195, -0.028, -0.021) moved=true scan_age=0.052s
[component_container-9] [INFO] [1788992183.230990336] [pure_pursuit_node]: Pure Pursuit: pose=(-6.149, 3.744, 1.531) cte=-0.003 closest=2002 target=2050 path_dist=0.003 heading_err=-0.023 steer=-0.071 speed=3.912
[gpu_amcl_cpp_node-6] [INFO] [1788992183.734344483] [gpu_amcl_cpp]: AMCL local correction: odom_prediction=(-5.825, 5.457, 1.270) scan=(-5.822, 5.465, 1.274) correction=0.008 m/0.004 rad cluster_weight=0.991 publish=true
[ground_truth_amcl_monitor-7] [INFO] [1788992183.786567995] [ground_truth_amcl_monitor]: AMCL vs GT: gt=(-5.773, 5.680) amcl=(-5.763, 5.647) error=0.035 m / 0.000 rad; current_map=(-5.762, 5.644, 1.223) error=0.038 m / 0.000 rad; odom=(-4.009, 4.254, 1.223) error=2.268 m / 0.000 rad; ekf=(-4.009, 4.254, 1.223) error=2.268 m / 0.000 rad; RMS=0.137 m / 0.033 rad max=0.449 m / 0.167 rad samples=5377
[gpu_amcl_cpp_node-6] [INFO] [1788992183.882269561] [gpu_amcl_cpp]: AMCL odom delta: at_scan=(-1.277, -4.734, 2.678) baseline=(-1.217, -4.762, 2.735) delta=(-0.060, 0.028, -0.057) moved=true scan_age=0.050s
[component_container-9] [INFO] [1788992184.279253561] [pure_pursuit_node]: Pure Pursuit: pose=(-4.959, 7.043, 0.857) cte=-0.081 closest=2179 target=2224 path_dist=0.081 heading_err=-0.145 steer=-0.302 speed=2.735
[gpu_amcl_cpp_node-6] [INFO] [1788992184.739602201] [gpu_amcl_cpp]: AMCL local correction: odom_prediction=(-4.015, 7.589, 0.145) scan=(-4.000, 7.595, 0.156) correction=0.016 m/0.011 rad cluster_weight=0.991 publish=true
[ground_truth_amcl_monitor-7] [INFO] [1788992184.808731947] [ground_truth_amcl_monitor]: AMCL vs GT: gt=(-3.786, 7.633) amcl=(-4.007, 7.592) error=0.225 m / 0.069 rad; current_map=(-3.798, 7.615, 0.076) error=0.021 m / 0.000 rad; odom=(-2.187, 5.848, 0.076) error=2.396 m / 0.000 rad; ekf=(-2.187, 5.848, 0.076) error=2.396 m / 0.000 rad; RMS=0.137 m / 0.033 rad max=0.449 m / 0.167 rad samples=5414
[gpu_amcl_cpp_node-6] [INFO] [1788992184.911064656] [gpu_amcl_cpp]: AMCL odom delta: at_scan=(-2.700, -2.663, 1.560) baseline=(-2.699, -2.823, 1.602) delta=(-0.002, 0.160, -0.042) moved=true scan_age=0.052s
[component_container-9] [INFO] [1788992185.305441285] [pure_pursuit_node]: Pure Pursuit: pose=(-1.996, 7.266, -0.526) cte=-0.015 closest=2334 target=2382 path_dist=0.015 heading_err=0.027 steer=-0.091 speed=3.788
[gpu_amcl_cpp_node-6] [INFO] [1788992185.787505819] [gpu_amcl_cpp]: AMCL local correction: odom_prediction=(-0.815, 6.203, -0.938) scan=(-0.813, 6.198, -0.934) correction=0.005 m/0.004 rad cluster_weight=0.979 publish=true
[ground_truth_amcl_monitor-7] [INFO] [1788992185.834987148] [ground_truth_amcl_monitor]: AMCL vs GT: gt=(-0.694, 6.026) amcl=(-0.814, 6.201) error=0.212 m / 0.032 rad; current_map=(-0.698, 6.037, -0.970) error=0.012 m / 0.000 rad; odom=(0.915, 4.227, -0.970) error=2.414 m / 0.000 rad; ekf=(0.915, 4.227, -0.970) error=2.414 m / 0.000 rad; RMS=0.137 m / 0.033 rad max=0.449 m / 0.167 rad samples=5452
[gpu_amcl_cpp_node-6] [INFO] [1788992185.956168171] [gpu_amcl_cpp]: AMCL odom delta: at_scan=(-0.680, 0.365, 0.544) baseline=(-0.910, 0.221, 0.575) delta=(0.230, 0.144, -0.031) moved=true scan_age=0.052s
[component_container-9] [INFO] [1788992186.330131985] [pure_pursuit_node]: Pure Pursuit: pose=(0.270, 4.176, -1.202) cte=-0.003 closest=2529 target=2578 path_dist=0.003 heading_err=0.012 steer=-0.018 speed=3.950
[gpu_amcl_cpp_node-6] [WARN] [1788992186.609523456] [gpu_amcl_cpp]: No local AMCL cluster near odometry prediction; using causal odometry pose.
[gpu_amcl_cpp_node-6] [INFO] [1788992186.833667763] [gpu_amcl_cpp]: AMCL local correction: odom_prediction=(0.826, 2.451, -1.299) scan=(0.830, 2.435, -1.310) correction=0.017 m/0.011 rad cluster_weight=0.922 publish=true
[ground_truth_amcl_monitor-7] [INFO] [1788992186.835542086] [ground_truth_amcl_monitor]: AMCL vs GT: gt=(0.834, 2.466) amcl=(0.828, 2.443) error=0.024 m / 0.000 rad; current_map=(0.826, 2.451, -1.299) error=0.017 m / 0.000 rad; odom=(2.441, 0.663, -1.299) error=2.416 m / 0.000 rad; ekf=(2.441, 0.663, -1.299) error=2.416 m / 0.000 rad; RMS=0.137 m / 0.033 rad max=0.449 m / 0.167 rad samples=5489
[gpu_amcl_cpp_node-6] [INFO] [1788992186.984210019] [gpu_amcl_cpp]: AMCL odom delta: at_scan=(3.082, 1.794, 0.234) baseline=(2.883, 1.744, 0.249) delta=(0.199, 0.049, -0.015) moved=true scan_age=0.051s
[component_container-9] [INFO] [1788992187.359118539] [pure_pursuit_node]: Pure Pursuit: pose=(1.262, 0.258, -1.452) cte=0.009 closest=146 target=194 path_dist=0.009 heading_err=0.002 steer=-0.017 speed=3.913
[gpu_amcl_cpp_node-6] [INFO] [1788992187.531287751] [gpu_amcl_cpp]: Received LiDAR callback #2774 (1081 ranges).
[gpu_amcl_cpp_node-6] [INFO] [1788992187.531350960] [gpu_amcl_cpp]: Starting AMCL scan update #2774 (sampled from 1081 ranges).
[gpu_amcl_cpp_node-6] [INFO] [1788992187.532208492] [gpu_amcl_cpp]: AMCL scan update #2774 completed; evaluating pose confidence.
[gpu_amcl_cpp_node-6] [INFO] [1788992187.837497335] [gpu_amcl_cpp]: AMCL local correction: odom_prediction=(1.382, -1.495, -1.583) scan=(1.397, -1.465, -1.578) correction=0.034 m/0.005 rad cluster_weight=0.939 publish=true
[ground_truth_amcl_monitor-7] [INFO] [1788992187.839854746] [ground_truth_amcl_monitor]: AMCL vs GT: gt=(1.399, -1.423) amcl=(1.389, -1.480) error=0.057 m / 0.000 rad; current_map=(1.382, -1.495, -1.583) error=0.074 m / 0.000 rad; odom=(3.003, -3.229, -1.583) error=2.415 m / 0.000 rad; ekf=(3.003, -3.229, -1.583) error=2.415 m / 0.000 rad; RMS=0.137 m / 0.033 rad max=0.449 m / 0.167 rad samples=5527
[gpu_amcl_cpp_node-6] [INFO] [1788992188.030966420] [gpu_amcl_cpp]: AMCL odom delta: at_scan=(7.207, 2.162, -0.075) baseline=(6.837, 2.187, -0.060) delta=(0.370, -0.025, -0.014) moved=true scan_age=0.051s
[component_container-9] [INFO] [1788992188.406457945] [pure_pursuit_node]: Pure Pursuit: pose=(1.183, -3.720, -1.709) cte=-0.002 closest=346 target=394 path_dist=0.002 heading_err=0.001 steer=-0.015 speed=3.975
[ground_truth_amcl_monitor-7] [INFO] [1788992188.856091386] [ground_truth_amcl_monitor]: AMCL vs GT: gt=(0.898, -5.380) amcl=(0.969, -5.046) error=0.341 m / 0.001 rad; current_map=(0.915, -5.320, -1.766) error=0.062 m / 0.000 rad; odom=(2.570, -6.771, -1.765) error=2.175 m / 0.001 rad; ekf=(2.570, -6.771, -1.765) error=2.175 m / 0.001 rad; RMS=0.138 m / 0.033 rad max=0.449 m / 0.167 rad samples=5562
[gpu_amcl_cpp_node-6] [INFO] [1788992188.858818792] [gpu_amcl_cpp]: AMCL local correction: odom_prediction=(0.915, -5.320, -1.766) scan=(0.909, -5.356, -1.767) correction=0.036 m/0.001 rad cluster_weight=0.958 publish=true
[gpu_amcl_cpp_node-6] [INFO] [1788992189.059278675] [gpu_amcl_cpp]: AMCL odom delta: at_scan=(10.997, 1.555, -0.211) baseline=(10.803, 1.595, -0.203) delta=(0.195, -0.041, -0.008) moved=true scan_age=0.050s
[component_container-9] [INFO] [1788992189.433470617] [pure_pursuit_node]: Pure Pursuit: pose=(0.369, -7.755, -1.813) cte=0.001 closest=551 target=600 path_dist=0.001 heading_err=-0.007 steer=-0.039 speed=3.798
[ground_truth_amcl_monitor-7] [INFO] [1788992189.882816858] [ground_truth_amcl_monitor]: AMCL vs GT: gt=(-0.086, -9.098) amcl=(0.053, -8.758) error=0.367 m / 0.027 rad; current_map=(0.021, -8.828, -2.013) error=0.291 m / 0.000 rad; odom=(1.672, -10.411, -2.013) error=2.195 m / 0.000 rad; ekf=(1.704, -10.341, -1.985) error=2.180 m / 0.027 rad; RMS=0.138 m / 0.033 rad max=0.449 m / 0.167 rad samples=5600
[gpu_amcl_cpp_node-6] [INFO] [1788992189.884965236] [gpu_amcl_cpp]: AMCL local correction: odom_prediction=(0.021, -8.828, -2.013) scan=(-0.057, -8.990, -1.984) correction=0.180 m/0.029 rad cluster_weight=0.979 publish=true
[gpu_amcl_cpp_node-6] [INFO] [1788992190.108515416] [gpu_amcl_cpp]: AMCL odom delta: at_scan=(14.102, 0.612, -0.476) baseline=(13.972, 0.677, -0.453) delta=(0.130, -0.065, -0.024) moved=true scan_age=0.053s
[component_container-9] [INFO] [1788992190.480243898] [pure_pursuit_node]: Pure Pursuit: pose=(-0.880, -10.208, -2.806) cte=-0.190 closest=687 target=729 path_dist=0.190 heading_err=0.003 steer=-0.349 speed=2.018
[ground_truth_amcl_monitor-7] [INFO] [1788992190.907431392] [ground_truth_amcl_monitor]: AMCL vs GT: gt=(-1.683, -10.278) amcl=(-1.600, -10.284) error=0.083 m / 0.079 rad; current_map=(-1.689, -10.252, 2.761) error=0.027 m / 0.000 rad; odom=(0.255, -11.482, 2.841) error=2.281 m / 0.079 rad; ekf=(0.255, -11.482, 2.841) error=2.281 m / 0.079 rad; RMS=0.138 m / 0.033 rad max=0.449 m / 0.167 rad samples=5638
[gpu_amcl_cpp_node-6] [INFO] [1788992190.909695478] [gpu_amcl_cpp]: AMCL local correction: odom_prediction=(-1.689, -10.252, 2.761) scan=(-1.694, -10.243, 2.767) correction=0.010 m/0.006 rad cluster_weight=0.994 publish=true
[gpu_amcl_cpp_node-6] [INFO] [1788992191.133465521] [gpu_amcl_cpp]: AMCL odom delta: at_scan=(14.372, -1.018, -2.276) baseline=(14.440, -0.933, -2.207) delta=(-0.067, -0.085, -0.069) moved=true scan_age=0.052s
[component_container-9] [INFO] [1788992191.510598440] [pure_pursuit_node]: Pure Pursuit: pose=(-2.709, -9.138, 2.022) cte=-0.019 closest=796 target=842 path_dist=0.019 heading_err=0.027 steer=-0.075 speed=3.502
[ground_truth_amcl_monitor-7] [INFO] [1788992191.911715547] [ground_truth_amcl_monitor]: AMCL vs GT: gt=(-3.084, -8.014) amcl=(-3.080, -7.996) error=0.018 m / 0.000 rad; current_map=(-3.080, -7.993, 1.741) error=0.020 m / 0.000 rad; odom=(-1.223, -9.195, 1.741) error=2.204 m / 0.000 rad; ekf=(-1.223, -9.195, 1.741) error=2.204 m / 0.000 rad; RMS=0.138 m / 0.033 rad max=0.449 m / 0.167 rad samples=5675
[gpu_amcl_cpp_node-6] [INFO] [1788992191.962045168] [gpu_amcl_cpp]: AMCL local correction: odom_prediction=(-3.109, -7.806, 1.700) scan=(-3.108, -7.805, 1.712) correction=0.001 m/0.012 rad cluster_weight=0.984 publish=true
[gpu_amcl_cpp_node-6] [INFO] [1788992192.182856340] [gpu_amcl_cpp]: AMCL odom delta: at_scan=(11.289, -2.103, 3.138) baseline=(11.488, -2.101, -3.120) delta=(-0.199, -0.002, -0.025) moved=true scan_age=0.050s
[component_container-9] [INFO] [1788992192.557398550] [pure_pursuit_node]: Pure Pursuit: pose=(-2.958, -5.309, 1.338) cte=-0.002 closest=992 target=1040 path_dist=0.002 heading_err=-0.012 steer=-0.031 speed=3.887
[gpu_amcl_cpp_node-6] [INFO] [1788992192.558840480] [gpu_amcl_cpp]: Received LiDAR callback #2866 (1081 ranges).
[gpu_amcl_cpp_node-6] [INFO] [1788992192.558898990] [gpu_amcl_cpp]: Starting AMCL scan update #2866 (sampled from 1081 ranges).
[gpu_amcl_cpp_node-6] [INFO] [1788992192.560291197] [gpu_amcl_cpp]: AMCL scan update #2866 completed; evaluating pose confidence.
[ground_truth_amcl_monitor-7] [INFO] [1788992192.936398689] [ground_truth_amcl_monitor]: AMCL vs GT: gt=(-2.621, -4.084) amcl=(-2.677, -4.289) error=0.213 m / 0.009 rad; current_map=(-2.618, -4.092, 1.288) error=0.008 m / 0.000 rad; odom=(-0.757, -5.264, 1.288) error=2.206 m / 0.000 rad; ekf=(-0.757, -5.264, 1.288) error=2.206 m / 0.000 rad; RMS=0.138 m / 0.033 rad max=0.449 m / 0.167 rad samples=5712
[gpu_amcl_cpp_node-6] [INFO] [1788992192.989509528] [gpu_amcl_cpp]: AMCL local correction: odom_prediction=(-2.561, -3.898, 1.295) scan=(-2.561, -3.917, 1.284) correction=0.019 m/0.011 rad cluster_weight=0.932 publish=true
[gpu_amcl_cpp_node-6] [INFO] [1788992193.210677640] [gpu_amcl_cpp]: AMCL odom delta: at_scan=(7.378, -1.260, 2.861) baseline=(7.574, -1.317, 2.862) delta=(-0.196, 0.057, -0.001) moved=true scan_age=0.052s
[component_container-9] [INFO] [1788992193.604101988] [pure_pursuit_node]: Pure Pursuit: pose=(-1.850, -1.317, 1.319) cte=0.010 closest=1199 target=1247 path_dist=0.010 heading_err=0.008 steer=0.025 speed=3.924
[ground_truth_amcl_monitor-7] [INFO] [1788992193.937667645] [ground_truth_amcl_monitor]: AMCL vs GT: gt=(-1.628, -0.266) amcl=(-1.618, -0.234) error=0.034 m / 0.000 rad; current_map=(-1.615, -0.225, 1.369) error=0.044 m / 0.000 rad; odom=(0.235, -1.443, 1.369) error=2.204 m / 0.000 rad; ekf=(0.235, -1.443, 1.369) error=2.204 m / 0.000 rad; RMS=0.138 m / 0.033 rad max=0.449 m / 0.167 rad samples=5749
[gpu_amcl_cpp_node-6] [INFO] [1788992194.037423009] [gpu_amcl_cpp]: AMCL local correction: odom_prediction=(-1.537, 0.175, 1.365) scan=(-1.544, 0.175, 1.358) correction=0.007 m/0.006 rad cluster_weight=0.931 publish=true
[gpu_amcl_cpp_node-6] [INFO] [1788992194.257924208] [gpu_amcl_cpp]: AMCL odom delta: at_scan=(3.354, -0.318, 2.978) baseline=(3.543, -0.351, 2.962) delta=(-0.188, 0.033, 0.017) moved=true scan_age=0.051s
[component_container-9] [INFO] [1788992194.630147760] [pure_pursuit_node]: Pure Pursuit: pose=(-1.272, 1.931, 1.620) cte=-0.005 closest=1364 target=1405 path_dist=0.005 heading_err=-0.098 steer=-0.000 speed=3.134
[ground_truth_amcl_monitor-7] [INFO] [1788992194.959699823] [ground_truth_amcl_monitor]: AMCL vs GT: gt=(-1.337, 3.163) amcl=(-1.296, 2.966) error=0.201 m / 0.088 rad; current_map=(-1.307, 3.030, 1.782) error=0.136 m / 0.000 rad; odom=(0.523, 1.459, 1.782) error=2.522 m / 0.000 rad; ekf=(0.523, 1.459, 1.782) error=2.522 m / 0.000 rad; RMS=0.139 m / 0.033 rad max=0.449 m / 0.167 rad samples=5786
[gpu_amcl_cpp_node-6] [INFO] [1788992195.066874812] [gpu_amcl_cpp]: AMCL local correction: odom_prediction=(-1.345, 3.203, 1.996) scan=(-1.375, 3.334, 1.975) correction=0.135 m/0.021 rad cluster_weight=0.981 publish=true
[gpu_amcl_cpp_node-6] [INFO] [1788992195.309686032] [gpu_amcl_cpp]: AMCL odom delta: at_scan=(1.346, -0.487, -2.448) baseline=(1.420, -0.429, -2.505) delta=(-0.074, -0.058, 0.057) moved=true scan_age=0.053s
[component_container-9] [INFO] [1788992195.655586952] [pure_pursuit_node]: Pure Pursuit: pose=(-2.081, 4.043, 3.051) cte=0.204 closest=1477 target=1518 path_dist=0.204 heading_err=-0.061 steer=0.403 speed=1.483
[ground_truth_amcl_monitor-7] [INFO] [1788992195.985384526] [ground_truth_amcl_monitor]: AMCL vs GT: gt=(-2.501, 3.960) amcl=(-2.447, 4.033) error=0.090 m / 0.085 rad; current_map=(-2.514, 4.008, -2.747) error=0.049 m / 0.000 rad; odom=(-0.558, 2.028, -2.747) error=2.740 m / 0.000 rad; ekf=(-0.558, 2.028, -2.747) error=2.740 m / 0.000 rad; RMS=0.139 m / 0.033 rad max=0.449 m / 0.167 rad samples=5822
[gpu_amcl_cpp_node-6] [INFO] [1788992196.109767567] [gpu_amcl_cpp]: AMCL local correction: odom_prediction=(-2.657, 3.912, -2.548) scan=(-2.656, 3.902, -2.541) correction=0.010 m/0.006 rad cluster_weight=0.979 publish=true
[gpu_amcl_cpp_node-6] [INFO] [1788992196.330599898] [gpu_amcl_cpp]: AMCL odom delta: at_scan=(1.456, -1.759, -0.622) baseline=(1.367, -1.688, -0.730) delta=(0.089, -0.071, 0.108) moved=true scan_age=0.052s
[component_container-9] [INFO] [1788992196.684084330] [pure_pursuit_node]: Pure Pursuit: pose=(-3.148, 2.860, -1.713) cte=0.034 closest=1558 target=1602 path_dist=0.034 heading_err=0.008 steer=0.046 speed=2.849
[ground_truth_amcl_monitor-7] [INFO] [1788992197.008578557] [ground_truth_amcl_monitor]: AMCL vs GT: gt=(-3.238, 2.091) amcl=(-3.210, 2.225) error=0.137 m / 0.008 rad; current_map=(-3.224, 2.061, -1.662) error=0.033 m / 0.000 rad; odom=(-1.302, 0.177, -1.662) error=2.722 m / 0.000 rad; ekf=(-1.302, 0.177, -1.662) error=2.722 m / 0.000 rad; RMS=0.138 m / 0.033 rad max=0.449 m / 0.167 rad samples=5860
[gpu_amcl_cpp_node-6] [INFO] [1788992197.111589340] [gpu_amcl_cpp]: AMCL local correction: odom_prediction=(-3.256, 1.720, -1.677) scan=(-3.253, 1.727, -1.668) correction=0.007 m/0.010 rad cluster_weight=0.956 publish=true
[gpu_amcl_cpp_node-6] [INFO] [1788992197.331021589] [gpu_amcl_cpp]: AMCL odom delta: at_scan=(4.072, -2.234, -0.182) baseline=(3.845, -2.198, -0.136) delta=(0.227, -0.036, -0.046) moved=true scan_age=0.051s
[gpu_amcl_cpp_node-6] [INFO] [1788992197.582181369] [gpu_amcl_cpp]: Received LiDAR callback #2958 (1081 ranges).
[gpu_amcl_cpp_node-6] [INFO] [1788992197.582238977] [gpu_amcl_cpp]: Starting AMCL scan update #2958 (sampled from 1081 ranges).
[gpu_amcl_cpp_node-6] [INFO] [1788992197.583335638] [gpu_amcl_cpp]: AMCL scan update #2958 completed; evaluating pose confidence.
[component_container-9] [INFO] [1788992197.685052689] [pure_pursuit_node]: Pure Pursuit: pose=(-3.640, 0.236, -1.992) cte=0.042 closest=1693 target=1737 path_dist=0.042 heading_err=-0.111 steer=-0.324 speed=1.991
[ground_truth_amcl_monitor-7] [INFO] [1788992198.032167400] [ground_truth_amcl_monitor]: AMCL vs GT: gt=(-3.999, -0.410) amcl=(-3.903, -0.328) error=0.126 m / 0.125 rad; current_map=(-3.932, -0.356, -2.430) error=0.086 m / 0.000 rad; odom=(-1.902, -1.921, -2.430) error=2.585 m / 0.000 rad; ekf=(-1.902, -1.921, -2.430) error=2.585 m / 0.000 rad; RMS=0.138 m / 0.033 rad max=0.449 m / 0.167 rad samples=5898
[gpu_amcl_cpp_node-6] [INFO] [1788992198.140660977] [gpu_amcl_cpp]: AMCL local correction: odom_prediction=(-4.014, -0.418, -2.567) scan=(-4.063, -0.461, -2.551) correction=0.065 m/0.016 rad cluster_weight=0.987 publish=true
[gpu_amcl_cpp_node-6] [INFO] [1788992198.358545057] [gpu_amcl_cpp]: AMCL odom delta: at_scan=(5.228, -3.041, -1.346) baseline=(5.206, -2.960, -1.268) delta=(0.022, -0.081, -0.077) moved=true scan_age=0.052s
[component_container-9] [INFO] [1788992198.706134469] [pure_pursuit_node]: Pure Pursuit: pose=(-4.987, -0.526, 2.676) cte=-0.088 closest=1774 target=1816 path_dist=0.088 heading_err=0.112 steer=-0.280 speed=1.827
[ground_truth_amcl_monitor-7] [INFO] [1788992199.034402148] [ground_truth_amcl_monitor]: AMCL vs GT: gt=(-5.389, -0.215) amcl=(-5.303, -0.300) error=0.122 m / 0.067 rad; current_map=(-5.370, -0.227, 2.281) error=0.023 m / 0.000 rad; odom=(-3.187, -1.758, 2.347) error=2.689 m / 0.067 rad; ekf=(-3.187, -1.758, 2.347) error=2.689 m / 0.067 rad; RMS=0.138 m / 0.034 rad max=0.449 m / 0.167 rad samples=5934
[gpu_amcl_cpp_node-6] [INFO] [1788992199.159428979] [gpu_amcl_cpp]: AMCL local correction: odom_prediction=(-5.519, -0.044, 2.132) scan=(-5.525, -0.041, 2.136) correction=0.006 m/0.004 rad cluster_weight=0.960 publish=true
[gpu_amcl_cpp_node-6] [INFO] [1788992199.413904930] [gpu_amcl_cpp]: AMCL odom delta: at_scan=(4.045, -4.467, -2.835) baseline=(4.186, -4.419, -2.796) delta=(-0.141, -0.048, -0.038) moved=true scan_age=0.056s
[component_container-9] [INFO] [1788992199.731882289] [pure_pursuit_node]: Pure Pursuit: pose=(-6.066, 1.825, 1.721) cte=-0.008 closest=1905 target=1953 path_dist=0.008 heading_err=0.006 steer=-0.043 speed=3.905
[ground_truth_amcl_monitor-7] [INFO] [1788992200.061865071] [ground_truth_amcl_monitor]: AMCL vs GT: gt=(-6.174, 2.938) amcl=(-6.155, 2.689) error=0.249 m / 0.020 rad; current_map=(-6.161, 2.894, 1.594) error=0.046 m / 0.000 rad; odom=(-4.030, 1.455, 1.594) error=2.607 m / 0.000 rad; ekf=(-4.023, 1.251, 1.614) error=2.733 m / 0.020 rad; RMS=0.138 m / 0.034 rad max=0.449 m / 0.167 rad samples=5972
[gpu_amcl_cpp_node-6] [INFO] [1788992200.184593561] [gpu_amcl_cpp]: AMCL local correction: odom_prediction=(-6.164, 3.365, 1.556) scan=(-6.168, 3.380, 1.556) correction=0.015 m/0.000 rad cluster_weight=0.973 publish=true
[gpu_amcl_cpp_node-6] [INFO] [1788992200.456706500] [gpu_amcl_cpp]: AMCL odom delta: at_scan=(0.151, -4.736, 2.966) baseline=(0.351, -4.769, 2.996) delta=(-0.200, 0.032, -0.030) moved=true scan_age=0.050s
[component_container-9] [INFO] [1788992200.759236366] [pure_pursuit_node]: Pure Pursuit: pose=(-5.703, 5.769, 1.151) cte=-0.003 closest=2106 target=2154 path_dist=0.003 heading_err=0.019 steer=-0.055 speed=2.856
[ground_truth_amcl_monitor-7] [INFO] [1788992201.107926598] [ground_truth_amcl_monitor]: AMCL vs GT: gt=(-5.304, 6.579) amcl=(-5.408, 6.314) error=0.285 m / 0.006 rad; current_map=(-5.335, 6.445, 1.069) error=0.137 m / 0.000 rad; odom=(-3.436, 4.556, 1.063) error=2.754 m / 0.006 rad; ekf=(-3.436, 4.556, 1.063) error=2.754 m / 0.006 rad; RMS=0.139 m / 0.033 rad max=0.449 m / 0.167 rad samples=6010
[gpu_amcl_cpp_node-6] [INFO] [1788992201.211527028] [gpu_amcl_cpp]: AMCL local correction: odom_prediction=(-5.163, 6.763, 1.038) scan=(-5.157, 6.796, 1.054) correction=0.033 m/0.016 rad cluster_weight=0.997 publish=true
[gpu_amcl_cpp_node-6] [INFO] [1788992201.485542873] [gpu_amcl_cpp]: AMCL odom delta: at_scan=(-2.354, -3.498, 2.159) baseline=(-2.269, -3.614, 2.256) delta=(-0.086, 0.116, -0.097) moved=true scan_age=0.051s
[component_container-9] [INFO] [1788992201.759489388] [pure_pursuit_node]: Pure Pursuit: pose=(-3.819, 7.621, 0.041) cte=-0.083 closest=2241 target=2287 path_dist=0.083 heading_err=0.167 steer=-0.072 speed=3.297
[ground_truth_amcl_monitor-7] [INFO] [1788992202.112040897] [ground_truth_amcl_monitor]: AMCL vs GT: gt=(-2.863, 7.582) amcl=(-2.886, 7.583) error=0.023 m / 0.000 rad; current_map=(-2.863, 7.571, -0.186) error=0.011 m / 0.000 rad; odom=(-0.895, 5.700, -0.186) error=2.723 m / 0.000 rad; ekf=(-0.895, 5.700, -0.186) error=2.723 m / 0.000 rad; RMS=0.139 m / 0.034 rad max=0.449 m / 0.167 rad samples=6047
[gpu_amcl_cpp_node-6] [INFO] [1788992202.215841784] [gpu_amcl_cpp]: AMCL local correction: odom_prediction=(-2.526, 7.494, -0.316) scan=(-2.531, 7.507, -0.303) correction=0.014 m/0.013 rad cluster_weight=0.965 publish=true
[gpu_amcl_cpp_node-6] [INFO] [1788992202.488688943] [gpu_amcl_cpp]: AMCL odom delta: at_scan=(-1.983, -0.450, 0.937) baseline=(-2.095, -0.612, 0.989) delta=(0.113, 0.162, -0.052) moved=true scan_age=0.053s
[gpu_amcl_cpp_node-6] [INFO] [1788992202.612121466] [gpu_amcl_cpp]: Received LiDAR callback #3049 (1081 ranges).
[gpu_amcl_cpp_node-6] [INFO] [1788992202.612213399] [gpu_amcl_cpp]: Starting AMCL scan update #3049 (sampled from 1081 ranges).
[gpu_amcl_cpp_node-6] [INFO] [1788992202.613084977] [gpu_amcl_cpp]: AMCL scan update #3049 completed; evaluating pose confidence.
[component_container-9] [INFO] [1788992202.786171011] [pure_pursuit_node]: Pure Pursuit: pose=(-0.719, 6.077, -0.986) cte=-0.013 closest=2422 target=2470 path_dist=0.013 heading_err=0.037 steer=-0.031 speed=3.839
[ground_truth_amcl_monitor-7] [INFO] [1788992203.133766214] [ground_truth_amcl_monitor]: AMCL vs GT: gt=(-0.144, 5.103) amcl=(-0.238, 5.299) error=0.217 m / 0.032 rad; current_map=(-0.147, 5.123, -1.110) error=0.020 m / 0.000 rad; odom=(1.829, 3.207, -1.110) error=2.736 m / 0.000 rad; ekf=(1.829, 3.207, -1.110) error=2.736 m / 0.000 rad; RMS=0.139 m / 0.034 rad max=0.449 m / 0.167 rad samples=6082
[gpu_amcl_cpp_node-6] [INFO] [1788992203.239827700] [gpu_amcl_cpp]: AMCL local correction: odom_prediction=(0.027, 4.751, -1.156) scan=(0.022, 4.758, -1.158) correction=0.009 m/0.002 rad cluster_weight=0.966 publish=true
[gpu_amcl_cpp_node-6] [INFO] [1788992203.511537741] [gpu_amcl_cpp]: AMCL odom delta: at_scan=(1.320, 1.606, 0.349) baseline=(1.130, 1.535, 0.366) delta=(0.190, 0.071, -0.017) moved=true scan_age=0.052s
[component_container-9] [INFO] [1788992203.808030681] [pure_pursuit_node]: Pure Pursuit: pose=(0.834, 2.460, -1.286) cte=0.001 closest=34 target=82 path_dist=0.001 heading_err=-0.017 steer=-0.040 speed=3.963
[ground_truth_amcl_monitor-7] [INFO] [1788992204.157128437] [ground_truth_amcl_monitor]: AMCL vs GT: gt=(1.103, 1.290) amcl=(1.042, 1.581) error=0.297 m / 0.018 rad; current_map=(1.090, 1.312, -1.402) error=0.025 m / 0.000 rad; odom=(3.026, -0.342, -1.384) error=2.522 m / 0.018 rad; ekf=(3.026, -0.342, -1.384) error=2.522 m / 0.018 rad; RMS=0.139 m / 0.034 rad max=0.449 m / 0.167 rad samples=6118
[gpu_amcl_cpp_node-6] [WARN] [1788992204.159672809] [gpu_amcl_cpp]: No local AMCL cluster near odometry prediction; using causal odometry pose.
[gpu_amcl_cpp_node-6] [INFO] [1788992204.261667792] [gpu_amcl_cpp]: AMCL local correction: odom_prediction=(1.151, 0.927, -1.402) scan=(1.141, 0.954, -1.405) correction=0.029 m/0.003 rad cluster_weight=0.946 publish=true
[gpu_amcl_cpp_node-6] [INFO] [1788992204.531568192] [gpu_amcl_cpp]: AMCL odom delta: at_scan=(5.218, 2.499, 0.101) baseline=(5.021, 2.477, 0.124) delta=(0.196, 0.022, -0.023) moved=true scan_age=0.051s
[component_container-9] [INFO] [1788992204.854652969] [pure_pursuit_node]: Pure Pursuit: pose=(1.379, -1.651, -1.584) cte=-0.019 closest=242 target=290 path_dist=0.019 heading_err=-0.012 steer=-0.042 speed=3.865
[ground_truth_amcl_monitor-7] [INFO] [1788992205.185088591] [ground_truth_amcl_monitor]: AMCL vs GT: gt=(1.315, -2.685) amcl=(1.340, -2.472) error=0.214 m / 0.003 rad; current_map=(1.318, -2.670, -1.687) error=0.015 m / 0.000 rad; odom=(3.282, -4.580, -1.687) error=2.731 m / 0.000 rad; ekf=(3.282, -4.580, -1.687) error=2.731 m / 0.000 rad; RMS=0.139 m / 0.034 rad max=0.449 m / 0.167 rad samples=6156
[gpu_amcl_cpp_node-6] [INFO] [1788992205.289729487] [gpu_amcl_cpp]: AMCL local correction: odom_prediction=(1.276, -3.037, -1.694) scan=(1.286, -3.018, -1.695) correction=0.021 m/0.001 rad cluster_weight=0.961 publish=true
[gpu_amcl_cpp_node-6] [INFO] [1788992205.561454907] [gpu_amcl_cpp]: AMCL odom delta: at_scan=(9.196, 2.283, -0.154) baseline=(8.995, 2.314, -0.152) delta=(0.202, -0.031, -0.003) moved=true scan_age=0.051s
[component_container-9] [INFO] [1788992205.857304407] [pure_pursuit_node]: Pure Pursuit: pose=(0.886, -5.464, -1.773) cte=0.000 closest=434 target=482 path_dist=0.000 heading_err=0.007 steer=-0.003 speed=3.988
[ground_truth_amcl_monitor-7] [INFO] [1788992206.187940175] [ground_truth_amcl_monitor]: AMCL vs GT: gt=(0.651, -6.564) amcl=(0.663, -6.516) error=0.050 m / 0.000 rad; current_map=(0.662, -6.518, -1.791) error=0.047 m / 0.000 rad; odom=(2.615, -8.465, -1.791) error=2.733 m / 0.000 rad; ekf=(2.615, -8.465, -1.791) error=2.733 m / 0.000 rad; RMS=0.140 m / 0.033 rad max=0.449 m / 0.167 rad samples=6193
[gpu_amcl_cpp_node-6] [INFO] [1788992206.358604317] [gpu_amcl_cpp]: AMCL local correction: odom_prediction=(0.511, -7.183, -1.804) scan=(0.511, -7.166, -1.798) correction=0.017 m/0.006 rad cluster_weight=0.963 publish=true
[gpu_amcl_cpp_node-6] [INFO] [1788992206.631130892] [gpu_amcl_cpp]: AMCL odom delta: at_scan=(13.329, 1.390, -0.303) baseline=(13.070, 1.466, -0.269) delta=(0.259, -0.076, -0.034) moved=true scan_age=0.052s
[component_container-9] [INFO] [1788992206.906984691] [pure_pursuit_node]: Pure Pursuit: pose=(0.041, -8.782, -2.018) cte=0.009 closest=605 target=645 path_dist=0.009 heading_err=0.069 steer=-0.006 speed=2.819
[ground_truth_amcl_monitor-7] [INFO] [1788992207.233136272] [ground_truth_amcl_monitor]: AMCL vs GT: gt=(-0.484, -9.890) amcl=(-0.385, -9.706) error=0.209 m / 0.079 rad; current_map=(-0.456, -9.822, -2.160) error=0.074 m / 0.000 rad; odom=(1.750, -11.186, -2.081) error=2.584 m / 0.079 rad; ekf=(1.750, -11.186, -2.081) error=2.584 m / 0.079 rad; RMS=0.140 m / 0.033 rad max=0.449 m / 0.167 rad samples=6230
[gpu_amcl_cpp_node-6] [INFO] [1788992207.391747872] [gpu_amcl_cpp]: AMCL local correction: odom_prediction=(-0.686, -10.120, -2.391) scan=(-0.681, -10.123, -2.374) correction=0.005 m/0.017 rad cluster_weight=0.999 publish=true
[gpu_amcl_cpp_node-6] [INFO] [1788992207.630426152] [gpu_amcl_cpp]: Received LiDAR callback #3139 (1081 ranges).
[gpu_amcl_cpp_node-6] [INFO] [1788992207.630480283] [gpu_amcl_cpp]: Starting AMCL scan update #3139 (sampled from 1081 ranges).
[gpu_amcl_cpp_node-6] [INFO] [1788992207.631295295] [gpu_amcl_cpp]: AMCL scan update #3139 completed; evaluating pose confidence.
[gpu_amcl_cpp_node-6] [INFO] [1788992207.681263106] [gpu_amcl_cpp]: AMCL odom delta: at_scan=(15.043, 0.133, -1.251) baseline=(15.010, 0.222, -1.177) delta=(0.033, -0.089, -0.074) moved=true scan_age=0.051s
[component_container-9] [INFO] [1788992207.954612228] [pure_pursuit_node]: Pure Pursuit: pose=(-1.727, -10.472, 2.941) cte=-0.402 closest=723 target=764 path_dist=0.402 heading_err=-0.019 steer=-0.406 speed=1.651
[ground_truth_amcl_monitor-7] [INFO] [1788992208.236704010] [ground_truth_amcl_monitor]: AMCL vs GT: gt=(-2.036, -10.356) amcl=(-2.052, -10.326) error=0.034 m / 0.000 rad; current_map=(-2.060, -10.320, 2.515) error=0.043 m / 0.000 rad; odom=(0.066, -11.779, 2.515) error=2.538 m / 0.000 rad; ekf=(0.066, -11.779, 2.515) error=2.538 m / 0.000 rad; RMS=0.140 m / 0.034 rad max=0.449 m / 0.167 rad samples=6267
[gpu_amcl_cpp_node-6] [INFO] [1788992208.408108523] [gpu_amcl_cpp]: AMCL local correction: odom_prediction=(-2.250, -10.136, 2.261) scan=(-2.241, -10.147, 2.270) correction=0.014 m/0.009 rad cluster_weight=0.975 publish=true
[gpu_amcl_cpp_node-6] [INFO] [1788992208.730944502] [gpu_amcl_cpp]: AMCL odom delta: at_scan=(14.202, -1.252, -2.732) baseline=(14.338, -1.190, -2.694) delta=(-0.136, -0.062, -0.038) moved=true scan_age=0.051s
[component_container-9] [INFO] [1788992208.982332429] [pure_pursuit_node]: Pure Pursuit: pose=(-2.847, -8.828, 1.908) cte=-0.013 closest=813 target=859 path_dist=0.013 heading_err=0.057 steer=-0.059 speed=3.557
[ground_truth_amcl_monitor-7] [INFO] [1788992209.257205003] [ground_truth_amcl_monitor]: AMCL vs GT: gt=(-3.058, -8.097) amcl=(-3.009, -8.270) error=0.179 m / 0.038 rad; current_map=(-3.049, -8.091, 1.768) error=0.012 m / 0.000 rad; odom=(-0.945, -9.549, 1.768) error=2.564 m / 0.000 rad; ekf=(-0.945, -9.549, 1.768) error=2.564 m / 0.000 rad; RMS=0.140 m / 0.034 rad max=0.449 m / 0.167 rad samples=6304
[gpu_amcl_cpp_node-6] [INFO] [1788992209.414807296] [gpu_amcl_cpp]: AMCL local correction: odom_prediction=(-3.139, -7.517, 1.674) scan=(-3.135, -7.535, 1.685) correction=0.019 m/0.011 rad cluster_weight=0.982 publish=true
[gpu_amcl_cpp_node-6] [INFO] [1788992209.733461835] [gpu_amcl_cpp]: AMCL odom delta: at_scan=(10.890, -1.818, 3.028) baseline=(11.085, -1.837, 3.051) delta=(-0.194, 0.020, -0.023) moved=true scan_age=0.052s
[component_container-9] [INFO] [1788992210.006940861] [pure_pursuit_node]: Pure Pursuit: pose=(-2.902, -5.060, 1.293) cte=-0.010 closest=1005 target=1053 path_dist=0.010 heading_err=0.024 steer=-0.012 speed=3.841
[ground_truth_amcl_monitor-7] [INFO] [1788992210.285875319] [ground_truth_amcl_monitor]: AMCL vs GT: gt=(-2.648, -4.205) amcl=(-2.697, -4.393) error=0.195 m / 0.012 rad; current_map=(-2.639, -4.204, 1.279) error=0.010 m / 0.000 rad; odom=(-0.530, -5.651, 1.279) error=2.565 m / 0.000 rad; ekf=(-0.530, -5.651, 1.279) error=2.565 m / 0.000 rad; RMS=0.140 m / 0.034 rad max=0.449 m / 0.167 rad samples=6342
[gpu_amcl_cpp_node-6] [INFO] [1788992210.460841646] [gpu_amcl_cpp]: AMCL local correction: odom_prediction=(-2.450, -3.539, 1.307) scan=(-2.449, -3.546, 1.298) correction=0.007 m/0.009 rad cluster_weight=0.949 publish=true
[gpu_amcl_cpp_node-6] [INFO] [1788992210.783811576] [gpu_amcl_cpp]: AMCL odom delta: at_scan=(6.902, -0.811, 2.883) baseline=(7.097, -0.862, 2.883) delta=(-0.195, 0.052, 0.001) moved=true scan_age=0.053s
[component_container-9] [INFO] [1788992211.007725778] [pure_pursuit_node]: Pure Pursuit: pose=(-1.834, -1.220, 1.319) cte=0.002 closest=1204 target=1252 path_dist=0.002 heading_err=0.010 steer=0.020 speed=3.968
[ground_truth_amcl_monitor-7] [INFO] [1788992211.289543334] [ground_truth_amcl_monitor]: AMCL vs GT: gt=(-1.649, -0.369) amcl=(-1.639, -0.343) error=0.028 m / 0.000 rad; current_map=(-1.638, -0.356, 1.362) error=0.017 m / 0.000 rad; odom=(0.469, -1.811, 1.362) error=2.562 m / 0.000 rad; ekf=(0.469, -1.811, 1.362) error=2.562 m / 0.000 rad; RMS=0.140 m / 0.033 rad max=0.449 m / 0.167 rad samples=6379
[gpu_amcl_cpp_node-6] [INFO] [1788992211.510717556] [gpu_amcl_cpp]: AMCL local correction: odom_prediction=(-1.458, 0.531, 1.376) scan=(-1.457, 0.527, 1.372) correction=0.004 m/0.004 rad cluster_weight=0.938 publish=true
[gpu_amcl_cpp_node-6] [INFO] [1788992211.784595881] [gpu_amcl_cpp]: AMCL odom delta: at_scan=(3.111, 0.002, 3.042) baseline=(3.252, -0.014, 3.023) delta=(-0.141, 0.015, 0.019) moved=true scan_age=0.050s
[component_container-9] [INFO] [1788992212.008111954] [pure_pursuit_node]: Pure Pursuit: pose=(-1.271, 1.949, 1.568) cte=-0.004 closest=1365 target=1408 path_dist=0.004 heading_err=-0.043 steer=0.057 speed=3.120
[ground_truth_amcl_monitor-7] [INFO] [1788992212.289862976] [ground_truth_amcl_monitor]: AMCL vs GT: gt=(-1.294, 3.056) amcl=(-1.273, 2.996) error=0.063 m / 0.000 rad; current_map=(-1.275, 2.968, 1.729) error=0.090 m / 0.000 rad; odom=(0.798, 1.154, 1.729) error=2.827 m / 0.000 rad; ekf=(0.798, 1.154, 1.729) error=2.827 m / 0.000 rad; RMS=0.140 m / 0.033 rad max=0.449 m / 0.167 rad samples=6415
[gpu_amcl_cpp_node-6] [INFO] [1788992212.514615843] [gpu_amcl_cpp]: AMCL local correction: odom_prediction=(-1.364, 3.289, 2.115) scan=(-1.420, 3.405, 2.095) correction=0.128 m/0.020 rad cluster_weight=0.979 publish=true
[gpu_amcl_cpp_node-6] [INFO] [1788992212.632065782] [gpu_amcl_cpp]: Received LiDAR callback #3230 (1081 ranges).
[gpu_amcl_cpp_node-6] [INFO] [1788992212.632122399] [gpu_amcl_cpp]: Starting AMCL scan update #3230 (sampled from 1081 ranges).
[gpu_amcl_cpp_node-6] [INFO] [1788992212.632943372] [gpu_amcl_cpp]: AMCL scan update #3230 completed; evaluating pose confidence.
[gpu_amcl_cpp_node-6] [INFO] [1788992212.836327949] [gpu_amcl_cpp]: AMCL odom delta: at_scan=(1.488, -0.384, -2.204) baseline=(1.540, -0.319, -2.308) delta=(-0.053, -0.065, 0.104) moved=true scan_age=0.052s
[component_container-9] [INFO] [1788992213.058902552] [pure_pursuit_node]: Pure Pursuit: pose=(-2.194, 4.069, 3.097) cte=0.216 closest=1482 target=1524 path_dist=0.216 heading_err=-0.016 steer=0.433 speed=1.444
[ground_truth_amcl_monitor-7] [INFO] [1788992213.311806838] [ground_truth_amcl_monitor]: AMCL vs GT: gt=(-2.419, 3.980) amcl=(-2.379, 4.040) error=0.072 m / 0.083 rad; current_map=(-2.422, 4.028, -2.823) error=0.048 m / 0.000 rad; odom=(-0.259, 1.774, -2.823) error=3.087 m / 0.000 rad; ekf=(-0.259, 1.774, -2.823) error=3.087 m / 0.000 rad; RMS=0.140 m / 0.034 rad max=0.449 m / 0.182 rad samples=6450
[gpu_amcl_cpp_node-6] [INFO] [1788992213.535112866] [gpu_amcl_cpp]: AMCL local correction: odom_prediction=(-2.672, 3.877, -2.492) scan=(-2.674, 3.870, -2.490) correction=0.008 m/0.002 rad cluster_weight=0.980 publish=true
[gpu_amcl_cpp_node-6] [INFO] [1788992213.856883071] [gpu_amcl_cpp]: AMCL odom delta: at_scan=(1.924, -1.624, -0.445) baseline=(1.841, -1.580, -0.521) delta=(0.083, -0.044, 0.076) moved=true scan_age=0.051s
[component_container-9] [INFO] [1788992214.079647591] [pure_pursuit_node]: Pure Pursuit: pose=(-3.156, 2.856, -1.704) cte=0.042 closest=1558 target=1602 path_dist=0.042 heading_err=0.000 steer=0.046 speed=2.892
[ground_truth_amcl_monitor-7] [INFO] [1788992214.357908763] [ground_truth_amcl_monitor]: AMCL vs GT: gt=(-3.225, 2.218) amcl=(-3.202, 2.352) error=0.135 m / 0.002 rad; current_map=(-3.213, 2.196, -1.647) error=0.025 m / 0.000 rad; odom=(-1.036, 0.048, -1.647) error=3.083 m / 0.000 rad; ekf=(-1.036, 0.048, -1.647) error=3.083 m / 0.000 rad; RMS=0.140 m / 0.034 rad max=0.449 m / 0.182 rad samples=6488
[gpu_amcl_cpp_node-6] [INFO] [1788992214.585562833] [gpu_amcl_cpp]: AMCL local correction: odom_prediction=(-3.286, 1.439, -1.691) scan=(-3.281, 1.445, -1.681) correction=0.008 m/0.010 rad cluster_weight=0.967 publish=true
[gpu_amcl_cpp_node-6] [INFO] [1788992214.909035437] [gpu_amcl_cpp]: AMCL odom delta: at_scan=(4.465, -2.017, -0.373) baseline=(4.433, -2.005, -0.335) delta=(0.032, -0.012, -0.038) moved=true scan_age=0.054s
[component_container-9] [INFO] [1788992215.083283193] [pure_pursuit_node]: Pure Pursuit: pose=(-3.653, 0.212, -1.907) cte=0.041 closest=1695 target=1739 path_dist=0.041 heading_err=-0.212 steer=-0.333 speed=1.970
[ground_truth_amcl_monitor-7] [INFO] [1788992215.361983791] [ground_truth_amcl_monitor]: AMCL vs GT: gt=(-3.889, -0.360) amcl=(-3.855, -0.316) error=0.055 m / 0.000 rad; current_map=(-3.842, -0.300, -2.285) error=0.076 m / 0.000 rad; odom=(-1.560, -2.098, -2.285) error=2.906 m / 0.000 rad; ekf=(-1.560, -2.098, -2.285) error=2.906 m / 0.000 rad; RMS=0.140 m / 0.034 rad max=0.449 m / 0.182 rad samples=6525
[gpu_amcl_cpp_node-6] [INFO] [1788992215.637771174] [gpu_amcl_cpp]: AMCL local correction: odom_prediction=(-4.171, -0.557, -2.753) scan=(-4.179, -0.581, -2.738) correction=0.026 m/0.015 rad cluster_weight=0.982 publish=true
[gpu_amcl_cpp_node-6] [INFO] [1788992215.909360457] [gpu_amcl_cpp]: AMCL odom delta: at_scan=(5.486, -3.042, -1.642) baseline=(5.488, -2.965, -1.556) delta=(-0.002, -0.077, -0.086) moved=true scan_age=0.053s
[component_container-9] [INFO] [1788992216.133472520] [pure_pursuit_node]: Pure Pursuit: pose=(-5.008, -0.528, 2.636) cte=-0.098 closest=1775 target=1817 path_dist=0.098 heading_err=0.131 steer=-0.268 speed=1.806
[ground_truth_amcl_monitor-7] [INFO] [1788992216.365888419] [ground_truth_amcl_monitor]: AMCL vs GT: gt=(-5.266, -0.342) amcl=(-5.248, -0.355) error=0.022 m / 0.000 rad; current_map=(-5.248, -0.359, 2.394) error=0.024 m / 0.000 rad; odom=(-2.898, -2.027, 2.394) error=2.906 m / 0.000 rad; ekf=(-2.898, -2.027, 2.394) error=2.906 m / 0.000 rad; RMS=0.140 m / 0.034 rad max=0.449 m / 0.182 rad samples=6561
[gpu_amcl_cpp_node-6] [INFO] [1788992216.687301542] [gpu_amcl_cpp]: AMCL local correction: odom_prediction=(-5.646, 0.232, 2.006) scan=(-5.650, 0.240, 2.009) correction=0.009 m/0.002 rad cluster_weight=0.964 publish=true
[gpu_amcl_cpp_node-6] [INFO] [1788992216.909745609] [gpu_amcl_cpp]: AMCL odom delta: at_scan=(4.025, -4.303, -2.877) baseline=(4.176, -4.260, -2.844) delta=(-0.151, -0.044, -0.033) moved=true scan_age=0.053s
[component_container-9] [INFO] [1788992217.184416233] [pure_pursuit_node]: Pure Pursuit: pose=(-6.089, 1.964, 1.701) cte=-0.010 closest=1912 target=1960 path_dist=0.010 heading_err=0.008 steer=-0.041 speed=3.895
[ground_truth_amcl_monitor-7] [INFO] [1788992217.410737267] [ground_truth_amcl_monitor]: AMCL vs GT: gt=(-6.166, 2.664) amcl=(-6.137, 2.410) error=0.256 m / 0.025 rad; current_map=(-6.151, 2.615, 1.627) error=0.051 m / 0.000 rad; odom=(-3.787, 0.960, 1.627) error=2.926 m / 0.000 rad; ekf=(-3.787, 0.960, 1.627) error=2.926 m / 0.000 rad; RMS=0.140 m / 0.034 rad max=0.449 m / 0.182 rad samples=6598
[gpu_amcl_cpp_node-6] [WARN] [1788992217.580555117] [gpu_amcl_cpp]: Queued LiDAR scan until source-time odometry arrives (queued=1).
[gpu_amcl_cpp_node-6] [INFO] [1788992217.632650647] [gpu_amcl_cpp]: Received LiDAR callback #3321 (1081 ranges).
[gpu_amcl_cpp_node-6] [INFO] [1788992217.632705530] [gpu_amcl_cpp]: Starting AMCL scan update #3321 (sampled from 1081 ranges).
[gpu_amcl_cpp_node-6] [INFO] [1788992217.633530150] [gpu_amcl_cpp]: AMCL scan update #3321 completed; evaluating pose confidence.
[gpu_amcl_cpp_node-6] [INFO] [1788992217.736174853] [gpu_amcl_cpp]: AMCL local correction: odom_prediction=(-6.141, 3.880, 1.500) scan=(-6.145, 3.881, 1.502) correction=0.004 m/0.002 rad cluster_weight=0.975 publish=true
[gpu_amcl_cpp_node-6] [INFO] [1788992217.956313698] [gpu_amcl_cpp]: AMCL odom delta: at_scan=(0.065, -4.445, 2.917) baseline=(0.263, -4.487, 2.951) delta=(-0.198, 0.042, -0.035) moved=true scan_age=0.050s
[component_container-9] [INFO] [1788992218.229993700] [pure_pursuit_node]: Pure Pursuit: pose=(-5.673, 5.849, 1.139) cte=-0.007 closest=2110 target=2155 path_dist=0.007 heading_err=0.012 steer=-0.061 speed=2.856
[ground_truth_amcl_monitor-7] [INFO] [1788992218.434606966] [ground_truth_amcl_monitor]: AMCL vs GT: gt=(-5.437, 6.359) amcl=(-5.541, 6.092) error=0.286 m / 0.015 rad; current_map=(-5.495, 6.173, 1.046) error=0.194 m / 0.000 rad; odom=(-3.219, 4.315, 1.046) error=3.016 m / 0.000 rad; ekf=(-3.219, 4.315, 1.046) error=3.016 m / 0.000 rad; RMS=0.140 m / 0.034 rad max=0.449 m / 0.182 rad samples=6636
[gpu_amcl_cpp_node-6] [INFO] [1788992218.761873860] [gpu_amcl_cpp]: AMCL local correction: odom_prediction=(-4.923, 7.108, 0.806) scan=(-4.935, 7.111, 0.825) correction=0.012 m/0.019 rad cluster_weight=0.995 publish=true
[gpu_amcl_cpp_node-6] [INFO] [1788992218.981514208] [gpu_amcl_cpp]: AMCL odom delta: at_scan=(-2.287, -2.990, 1.935) baseline=(-2.229, -3.122, 2.037) delta=(-0.058, 0.132, -0.102) moved=true scan_age=0.050s
[component_container-9] [INFO] [1788992219.254393535] [pure_pursuit_node]: Pure Pursuit: pose=(-3.498, 7.614, 0.017) cte=-0.030 closest=2257 target=2303 path_dist=0.030 heading_err=0.070 steer=-0.104 speed=3.471
[ground_truth_amcl_monitor-7] [INFO] [1788992219.481674834] [ground_truth_amcl_monitor]: AMCL vs GT: gt=(-2.892, 7.593) amcl=(-3.122, 7.612) error=0.230 m / 0.085 rad; current_map=(-2.886, 7.581, -0.172) error=0.013 m / 0.000 rad; odom=(-0.650, 5.556, -0.172) error=3.029 m / 0.000 rad; ekf=(-0.650, 5.556, -0.172) error=3.029 m / 0.000 rad; RMS=0.140 m / 0.034 rad max=0.449 m / 0.182 rad samples=6674
[gpu_amcl_cpp_node-6] [INFO] [1788992219.812131954] [gpu_amcl_cpp]: AMCL local correction: odom_prediction=(-1.842, 7.179, -0.566) scan=(-1.841, 7.185, -0.559) correction=0.005 m/0.007 rad cluster_weight=0.970 publish=true
[gpu_amcl_cpp_node-6] [INFO] [1788992219.982683423] [gpu_amcl_cpp]: AMCL odom delta: at_scan=(-1.556, 0.155, 0.821) baseline=(-1.686, 0.008, 0.877) delta=(0.130, 0.148, -0.055) moved=true scan_age=0.051s
[component_container-9] [INFO] [1788992220.256204746] [pure_pursuit_node]: Pure Pursuit: pose=(-0.547, 5.819, -1.024) cte=-0.009 closest=2438 target=2485 path_dist=0.009 heading_err=0.034 steer=-0.032 speed=3.858
[ground_truth_amcl_monitor-7] [INFO] [1788992220.531339161] [ground_truth_amcl_monitor]: AMCL vs GT: gt=(-0.117, 5.051) amcl=(-0.248, 5.317) error=0.296 m / 0.037 rad; current_map=(-0.125, 5.078, -1.113) error=0.028 m / 0.000 rad; odom=(2.010, 3.238, -1.076) error=2.795 m / 0.037 rad; ekf=(2.010, 3.238, -1.076) error=2.795 m / 0.037 rad; RMS=0.140 m / 0.034 rad max=0.449 m / 0.182 rad samples=6712
[gpu_amcl_cpp_node-6] [WARN] [1788992220.839809317] [gpu_amcl_cpp]: No local AMCL cluster near odometry prediction; using causal odometry pose.
[gpu_amcl_cpp_node-6] [INFO] [1788992220.909481682] [gpu_amcl_cpp]: AMCL local correction: odom_prediction=(0.445, 3.693, -1.224) scan=(0.446, 3.687, -1.229) correction=0.006 m/0.005 rad cluster_weight=0.925 publish=true
[gpu_amcl_cpp_node-6] [INFO] [1788992221.008894631] [gpu_amcl_cpp]: AMCL odom delta: at_scan=(1.902, 2.028, 0.309) baseline=(1.708, 1.964, 0.328) delta=(0.194, 0.064, -0.019) moved=true scan_age=0.051s
[component_container-9] [INFO] [1788992221.279287524] [pure_pursuit_node]: Pure Pursuit: pose=(0.926, 2.123, -1.315) cte=-0.003 closest=51 target=99 path_dist=0.003 heading_err=-0.013 steer=-0.033 speed=3.952
[ground_truth_amcl_monitor-7] [INFO] [1788992221.535585888] [ground_truth_amcl_monitor]: AMCL vs GT: gt=(1.106, 1.304) amcl=(1.053, 1.569) error=0.270 m / 0.008 rad; current_map=(1.092, 1.367, -1.385) error=0.065 m / 0.000 rad; odom=(3.353, -0.748, -1.385) error=3.043 m / 0.000 rad; ekf=(3.353, -0.748, -1.385) error=3.043 m / 0.000 rad; RMS=0.141 m / 0.034 rad max=0.449 m / 0.182 rad samples=6750
[gpu_amcl_cpp_node-6] [WARN] [1788992221.911740232] [gpu_amcl_cpp]: No local AMCL cluster near odometry prediction; using causal odometry pose.
[gpu_amcl_cpp_node-6] [INFO] [1788992221.962757495] [gpu_amcl_cpp]: AMCL local correction: odom_prediction=(1.305, -0.189, -1.474) scan=(1.308, -0.300, -1.466) correction=0.111 m/0.008 rad cluster_weight=0.910 publish=true
[gpu_amcl_cpp_node-6] [INFO] [1788992222.010890347] [gpu_amcl_cpp]: AMCL odom delta: at_scan=(5.760, 2.807, 0.087) baseline=(5.563, 2.788, 0.096) delta=(0.198, 0.018, -0.009) moved=true scan_age=0.051s
[component_container-9] [INFO] [1788992222.283149157] [pure_pursuit_node]: Pure Pursuit: pose=(1.383, -1.800, -1.618) cte=-0.028 closest=249 target=297 path_dist=0.028 heading_err=0.012 steer=-0.031 speed=3.816
[ground_truth_amcl_monitor-7] [INFO] [1788992222.561677561] [ground_truth_amcl_monitor]: AMCL vs GT: gt=(1.322, -2.687) amcl=(1.351, -2.421) error=0.267 m / 0.012 rad; current_map=(1.329, -2.618, -1.689) error=0.070 m / 0.000 rad; odom=(3.565, -4.740, -1.689) error=3.041 m / 0.000 rad; ekf=(3.565, -4.740, -1.689) error=3.041 m / 0.000 rad; RMS=0.141 m / 0.034 rad max=0.449 m / 0.182 rad samples=6788
[gpu_amcl_cpp_node-6] [INFO] [1788992222.632881623] [gpu_amcl_cpp]: Received LiDAR callback #3413 (1081 ranges).
[gpu_amcl_cpp_node-6] [INFO] [1788992222.632934513] [gpu_amcl_cpp]: Starting AMCL scan update #3413 (sampled from 1081 ranges).
[gpu_amcl_cpp_node-6] [INFO] [1788992222.634066911] [gpu_amcl_cpp]: AMCL scan update #3413 completed; evaluating pose confidence.
[gpu_amcl_cpp_node-6] [INFO] [1788992223.012823866] [gpu_amcl_cpp]: AMCL local correction: odom_prediction=(1.092, -4.358, -1.744) scan=(1.093, -4.349, -1.741) correction=0.009 m/0.003 rad cluster_weight=0.923 publish=true
[gpu_amcl_cpp_node-6] [INFO] [1788992223.060554212] [gpu_amcl_cpp]: AMCL odom delta: at_scan=(9.825, 2.487, -0.182) baseline=(9.631, 2.522, -0.174) delta=(0.194, -0.035, -0.008) moved=true scan_age=0.051s
[component_container-9] [INFO] [1788992223.332432357] [pure_pursuit_node]: Pure Pursuit: pose=(0.820, -5.796, -1.770) cte=-0.000 closest=451 target=499 path_dist=0.000 heading_err=-0.004 steer=-0.011 speed=3.988
[ground_truth_amcl_monitor-7] [INFO] [1788992223.564404611] [ground_truth_amcl_monitor]: AMCL vs GT: gt=(0.658, -6.548) amcl=(0.674, -6.478) error=0.072 m / 0.000 rad; current_map=(0.674, -6.477, -1.795) error=0.073 m / 0.000 rad; odom=(2.901, -8.602, -1.795) error=3.040 m / 0.000 rad; ekf=(2.901, -8.602, -1.795) error=3.040 m / 0.000 rad; RMS=0.142 m / 0.034 rad max=0.449 m / 0.182 rad samples=6825
[gpu_amcl_cpp_node-6] [INFO] [1788992224.014727669] [gpu_amcl_cpp]: AMCL local correction: odom_prediction=(0.242, -8.236, -1.875) scan=(0.248, -8.225, -1.870) correction=0.013 m/0.005 rad cluster_weight=0.981 publish=true
[gpu_amcl_cpp_node-6] [INFO] [1788992224.080684560] [gpu_amcl_cpp]: AMCL odom delta: at_scan=(13.734, 1.587, -0.333) baseline=(13.485, 1.669, -0.304) delta=(0.249, -0.082, -0.029) moved=true scan_age=0.051s
[component_container-9] [INFO] [1788992224.382094958] [pure_pursuit_node]: Pure Pursuit: pose=(-0.122, -9.139, -2.051) cte=0.012 closest=625 target=668 path_dist=0.012 heading_err=0.018 steer=-0.113 speed=2.549
[ground_truth_amcl_monitor-7] [INFO] [1788992224.610351539] [ground_truth_amcl_monitor]: AMCL vs GT: gt=(-0.487, -9.846) amcl=(-0.388, -9.672) error=0.200 m / 0.069 rad; current_map=(-0.462, -9.786, -2.183) error=0.065 m / 0.000 rad; odom=(1.925, -11.498, -2.183) error=2.924 m / 0.000 rad; ekf=(1.925, -11.498, -2.183) error=2.924 m / 0.000 rad; RMS=0.142 m / 0.034 rad max=0.449 m / 0.182 rad samples=6862
[gpu_amcl_cpp_node-6] [INFO] [1788992225.058631046] [gpu_amcl_cpp]: AMCL local correction: odom_prediction=(-1.247, -10.384, -2.855) scan=(-1.249, -10.378, -2.842) correction=0.007 m/0.012 rad cluster_weight=0.999 publish=true
[gpu_amcl_cpp_node-6] [INFO] [1788992225.107075594] [gpu_amcl_cpp]: AMCL odom delta: at_scan=(15.259, 0.237, -1.359) baseline=(15.235, 0.330, -1.284) delta=(0.024, -0.093, -0.075) moved=true scan_age=0.052s
[component_container-9] [INFO] [1788992225.431890789] [pure_pursuit_node]: Pure Pursuit: pose=(-1.983, -10.356, 2.726) cte=-0.366 closest=734 target=776 path_dist=0.366 heading_err=0.039 steer=-0.374 speed=1.742
[ground_truth_amcl_monitor-7] [INFO] [1788992225.610976638] [ground_truth_amcl_monitor]: AMCL vs GT: gt=(-2.136, -10.288) amcl=(-2.152, -10.255) error=0.037 m / 0.000 rad; current_map=(-2.157, -10.254, 2.494) error=0.040 m / 0.000 rad; odom=(0.219, -11.947, 2.494) error=2.881 m / 0.000 rad; ekf=(0.219, -11.947, 2.494) error=2.881 m / 0.000 rad; RMS=0.142 m / 0.034 rad max=0.449 m / 0.182 rad samples=6899
[gpu_amcl_cpp_node-6] [INFO] [1788992226.107639708] [gpu_amcl_cpp]: AMCL local correction: odom_prediction=(-2.627, -9.494, 1.922) scan=(-2.633, -9.478, 1.926) correction=0.018 m/0.005 rad cluster_weight=0.982 publish=true
[gpu_amcl_cpp_node-6] [INFO] [1788992226.156617227] [gpu_amcl_cpp]: AMCL odom delta: at_scan=(14.216, -1.115, -2.808) baseline=(14.326, -1.076, -2.791) delta=(-0.110, -0.039, -0.017) moved=true scan_age=0.052s
[component_container-9] [INFO] [1788992226.480873522] [pure_pursuit_node]: Pure Pursuit: pose=(-3.013, -8.276, 1.820) cte=0.006 closest=842 target=889 path_dist=0.006 heading_err=0.004 steer=-0.075 speed=3.825
[ground_truth_amcl_monitor-7] [INFO] [1788992226.636985242] [ground_truth_amcl_monitor]: AMCL vs GT: gt=(-3.095, -7.902) amcl=(-3.054, -8.087) error=0.190 m / 0.044 rad; current_map=(-3.088, -7.896, 1.721) error=0.009 m / 0.000 rad; odom=(-0.699, -9.778, 1.765) error=3.043 m / 0.044 rad; ekf=(-0.699, -9.778, 1.765) error=3.043 m / 0.044 rad; RMS=0.142 m / 0.034 rad max=0.449 m / 0.182 rad samples=6936
[gpu_amcl_cpp_node-6] [INFO] [1788992227.108654458] [gpu_amcl_cpp]: AMCL local correction: odom_prediction=(-3.108, -6.119, 1.442) scan=(-3.109, -6.098, 1.440) correction=0.020 m/0.002 rad cluster_weight=0.977 publish=true
[gpu_amcl_cpp_node-6] [INFO] [1788992227.156772482] [gpu_amcl_cpp]: AMCL odom delta: at_scan=(10.737, -1.522, 2.982) baseline=(10.936, -1.551, 3.013) delta=(-0.200, 0.029, -0.031) moved=true scan_age=0.051s
[component_container-9] [INFO] [1788992227.481299345] [pure_pursuit_node]: Pure Pursuit: pose=(-2.729, -4.485, 1.272) cte=-0.006 closest=1035 target=1083 path_dist=0.006 heading_err=0.011 steer=0.011 speed=3.953
[gpu_amcl_cpp_node-6] [INFO] [1788992227.635480016] [gpu_amcl_cpp]: Received LiDAR callback #3504 (1081 ranges).
[gpu_amcl_cpp_node-6] [INFO] [1788992227.635547262] [gpu_amcl_cpp]: Starting AMCL scan update #3504 (sampled from 1081 ranges).
[gpu_amcl_cpp_node-6] [INFO] [1788992227.636075585] [gpu_amcl_cpp]: AMCL scan update #3504 completed; evaluating pose confidence.
[ground_truth_amcl_monitor-7] [INFO] [1788992227.637421595] [ground_truth_amcl_monitor]: AMCL vs GT: gt=(-2.624, -4.090) amcl=(-2.674, -4.288) error=0.205 m / 0.006 rad; current_map=(-2.616, -4.095, 1.283) error=0.010 m / 0.000 rad; odom=(-0.257, -5.770, 1.283) error=2.903 m / 0.000 rad; ekf=(-0.257, -5.770, 1.283) error=2.903 m / 0.000 rad; RMS=0.142 m / 0.034 rad max=0.449 m / 0.182 rad samples=6972
[gpu_amcl_cpp_node-6] [INFO] [1788992228.119889947] [gpu_amcl_cpp]: AMCL local correction: odom_prediction=(-2.111, -2.282, 1.307) scan=(-2.105, -2.285, 1.298) correction=0.007 m/0.009 rad cluster_weight=0.958 publish=true
[gpu_amcl_cpp_node-6] [INFO] [1788992228.184746540] [gpu_amcl_cpp]: AMCL odom delta: at_scan=(6.850, -0.479, 2.882) baseline=(7.112, -0.549, 2.877) delta=(-0.262, 0.070, 0.004) moved=true scan_age=0.056s
[component_container-9] [INFO] [1788992228.483073762] [pure_pursuit_node]: Pure Pursuit: pose=(-1.685, -0.608, 1.349) cte=0.006 closest=1235 target=1284 path_dist=0.006 heading_err=-0.005 steer=0.012 speed=3.943
[ground_truth_amcl_monitor-7] [INFO] [1788992228.659657858] [ground_truth_amcl_monitor]: AMCL vs GT: gt=(-1.605, -0.171) amcl=(-1.638, -0.353) error=0.185 m / 0.007 rad; current_map=(-1.596, -0.152, 1.367) error=0.022 m / 0.000 rad; odom=(0.762, -1.845, 1.367) error=2.899 m / 0.000 rad; ekf=(0.762, -1.845, 1.367) error=2.899 m / 0.000 rad; RMS=0.142 m / 0.034 rad max=0.449 m / 0.182 rad samples=7006
[gpu_amcl_cpp_node-6] [INFO] [1788992229.158586376] [gpu_amcl_cpp]: AMCL local correction: odom_prediction=(-1.294, 1.622, 1.497) scan=(-1.277, 1.658, 1.481) correction=0.040 m/0.016 rad cluster_weight=0.955 publish=true
[gpu_amcl_cpp_node-6] [INFO] [1788992229.206225159] [gpu_amcl_cpp]: AMCL odom delta: at_scan=(3.179, 0.266, 3.095) baseline=(3.234, 0.262, 3.067) delta=(-0.055, 0.003, 0.027) moved=true scan_age=0.051s
[component_container-9] [INFO] [1788992229.532715732] [pure_pursuit_node]: Pure Pursuit: pose=(-1.287, 2.874, 1.682) cte=0.055 closest=1411 target=1458 path_dist=0.055 heading_err=0.133 steer=0.321 speed=1.829
[ground_truth_amcl_monitor-7] [INFO] [1788992229.661693556] [ground_truth_amcl_monitor]: AMCL vs GT: gt=(-1.331, 3.167) amcl=(-1.297, 3.047) error=0.125 m / 0.000 rad; current_map=(-1.289, 2.989, 1.838) error=0.184 m / 0.000 rad; odom=(1.036, 0.929, 1.838) error=3.257 m / 0.000 rad; ekf=(1.036, 0.929, 1.838) error=3.257 m / 0.000 rad; RMS=0.142 m / 0.034 rad max=0.449 m / 0.182 rad samples=7043
[gpu_amcl_cpp_node-6] [INFO] [1788992230.159684711] [gpu_amcl_cpp]: AMCL local correction: odom_prediction=(-1.814, 3.932, 2.502) scan=(-1.815, 3.954, 2.481) correction=0.023 m/0.020 rad cluster_weight=0.985 publish=true
[gpu_amcl_cpp_node-6] [INFO] [1788992230.207094624] [gpu_amcl_cpp]: AMCL odom delta: at_scan=(1.675, -0.204, -2.110) baseline=(1.707, -0.155, -2.211) delta=(-0.032, -0.048, 0.101) moved=true scan_age=0.051s
[component_container-9] [INFO] [1788992230.532747874] [pure_pursuit_node]: Pure Pursuit: pose=(-2.346, 4.073, -2.971) cte=0.220 closest=1488 target=1530 path_dist=0.220 heading_err=-0.130 steer=0.402 speed=1.427
[ground_truth_amcl_monitor-7] [INFO] [1788992230.686159789] [ground_truth_amcl_monitor]: AMCL vs GT: gt=(-2.476, 4.004) amcl=(-2.423, 4.087) error=0.099 m / 0.084 rad; current_map=(-2.491, 4.067, -2.805) error=0.064 m / 0.000 rad; odom=(0.108, 1.523, -2.889) error=3.582 m / 0.084 rad; ekf=(0.108, 1.523, -2.889) error=3.582 m / 0.084 rad; RMS=0.142 m / 0.034 rad max=0.449 m / 0.182 rad samples=7080
[gpu_amcl_cpp_node-6] [INFO] [1788992231.160774400] [gpu_amcl_cpp]: AMCL local correction: odom_prediction=(-2.966, 3.551, -2.068) scan=(-2.959, 3.521, -2.065) correction=0.030 m/0.004 rad cluster_weight=0.962 publish=true
[gpu_amcl_cpp_node-6] [INFO] [1788992231.207675838] [gpu_amcl_cpp]: AMCL odom delta: at_scan=(2.180, -1.302, -0.427) baseline=(2.101, -1.262, -0.498) delta=(0.079, -0.039, 0.071) moved=true scan_age=0.050s
[component_container-9] [INFO] [1788992231.581478039] [pure_pursuit_node]: Pure Pursuit: pose=(-3.187, 2.556, -1.642) cte=0.036 closest=1573 target=1618 path_dist=0.036 heading_err=-0.046 steer=-0.006 speed=3.241
[ground_truth_amcl_monitor-7] [INFO] [1788992231.686716276] [ground_truth_amcl_monitor]: AMCL vs GT: gt=(-3.212, 2.391) amcl=(-3.189, 2.531) error=0.142 m / 0.004 rad; current_map=(-3.201, 2.384, -1.649) error=0.013 m / 0.000 rad; odom=(-0.703, -0.090, -1.649) error=3.528 m / 0.000 rad; ekf=(-0.703, -0.090, -1.649) error=3.528 m / 0.000 rad; RMS=0.142 m / 0.034 rad max=0.449 m / 0.182 rad samples=7116
[gpu_amcl_cpp_node-6] [INFO] [1788992232.190997693] [gpu_amcl_cpp]: AMCL local correction: odom_prediction=(-3.375, 0.894, -1.839) scan=(-3.391, 0.826, -1.819) correction=0.070 m/0.021 rad cluster_weight=0.981 publish=true
[gpu_amcl_cpp_node-6] [INFO] [1788992232.256525757] [gpu_amcl_cpp]: AMCL odom delta: at_scan=(4.794, -1.692, -0.348) baseline=(4.747, -1.677, -0.268) delta=(0.047, -0.015, -0.079) moved=true scan_age=0.052s
[component_container-9] [INFO] [1788992232.630197163] [pure_pursuit_node]: Pure Pursuit: pose=(-3.816, -0.171, -2.197) cte=-0.066 closest=1715 target=1757 path_dist=0.066 heading_err=-0.162 steer=-0.420 speed=1.824
[gpu_amcl_cpp_node-6] [INFO] [1788992232.685476306] [gpu_amcl_cpp]: Received LiDAR callback #3594 (1081 ranges).
[gpu_amcl_cpp_node-6] [INFO] [1788992232.686301527] [gpu_amcl_cpp]: Starting AMCL scan update #3594 (sampled from 1081 ranges).
[gpu_amcl_cpp_node-6] [INFO] [1788992232.687136396] [gpu_amcl_cpp]: AMCL scan update #3594 completed; evaluating pose confidence.
[ground_truth_amcl_monitor-7] [INFO] [1788992232.691473226] [ground_truth_amcl_monitor]: AMCL vs GT: gt=(-3.849, -0.270) amcl=(-3.812, -0.211) error=0.069 m / 0.000 rad; current_map=(-3.797, -0.175, -2.207) error=0.107 m / 0.000 rad; odom=(-1.192, -2.308, -2.207) error=3.348 m / 0.000 rad; ekf=(-1.192, -2.308, -2.207) error=3.348 m / 0.000 rad; RMS=0.142 m / 0.034 rad max=0.449 m / 0.182 rad samples=7153
[gpu_amcl_cpp_node-6] [INFO] [1788992233.256631666] [gpu_amcl_cpp]: AMCL odom delta: at_scan=(5.755, -2.726, -1.627) baseline=(5.754, -2.614, -1.497) delta=(0.001, -0.112, -0.130) moved=true scan_age=0.053s
[gpu_amcl_cpp_node-6] [INFO] [1788992233.259282809] [gpu_amcl_cpp]: AMCL local correction: odom_prediction=(-4.621, -0.637, 3.085) scan=(-4.616, -0.648, 3.095) correction=0.012 m/0.009 rad cluster_weight=0.967 publish=true
[component_container-9] [INFO] [1788992233.634205596] [pure_pursuit_node]: Pure Pursuit: pose=(-5.232, -0.360, 2.407) cte=-0.061 closest=1788 target=1830 path_dist=0.061 heading_err=0.074 steer=-0.216 speed=2.071
[ground_truth_amcl_monitor-7] [INFO] [1788992233.705942660] [ground_truth_amcl_monitor]: AMCL vs GT: gt=(-5.281, -0.326) amcl=(-5.164, -0.413) error=0.146 m / 0.094 rad; current_map=(-5.258, -0.332, 2.383) error=0.024 m / 0.000 rad; odom=(-2.584, -2.292, 2.383) error=3.337 m / 0.000 rad; ekf=(-2.584, -2.292, 2.383) error=3.337 m / 0.000 rad; RMS=0.142 m / 0.035 rad max=0.449 m / 0.182 rad samples=7188
[gpu_amcl_cpp_node-6] [INFO] [1788992234.280895938] [gpu_amcl_cpp]: AMCL odom delta: at_scan=(4.150, -4.007, -2.926) baseline=(4.313, -3.969, -2.898) delta=(-0.163, -0.038, -0.027) moved=true scan_age=0.050s
[gpu_amcl_cpp_node-6] [INFO] [1788992234.283975997] [gpu_amcl_cpp]: AMCL local correction: odom_prediction=(-5.899, 0.973, 1.787) scan=(-5.903, 0.977, 1.785) correction=0.006 m/0.001 rad cluster_weight=0.965 publish=true
[component_container-9] [INFO] [1788992234.658312272] [pure_pursuit_node]: Pure Pursuit: pose=(-6.140, 2.555, 1.602) cte=0.000 closest=1942 target=1990 path_dist=0.000 heading_err=0.039 steer=-0.008 speed=3.946
[ground_truth_amcl_monitor-7] [INFO] [1788992234.710865461] [ground_truth_amcl_monitor]: AMCL vs GT: gt=(-6.161, 2.606) amcl=(-6.136, 2.361) error=0.246 m / 0.027 rad; current_map=(-6.148, 2.557, 1.618) error=0.050 m / 0.000 rad; odom=(-3.441, 0.427, 1.645) error=3.485 m / 0.027 rad; ekf=(-3.441, 0.427, 1.645) error=3.485 m / 0.027 rad; RMS=0.142 m / 0.035 rad max=0.449 m / 0.182 rad samples=7224
[gpu_amcl_cpp_node-6] [INFO] [1788992235.282350721] [gpu_amcl_cpp]: AMCL odom delta: at_scan=(0.312, -4.102, 2.929) baseline=(0.512, -4.144, 2.941) delta=(-0.200, 0.042, -0.011) moved=true scan_age=0.051s
[gpu_amcl_cpp_node-6] [INFO] [1788992235.285632559] [gpu_amcl_cpp]: AMCL local correction: odom_prediction=(-6.007, 4.793, 1.358) scan=(-6.003, 4.792, 1.358) correction=0.004 m/0.000 rad cluster_weight=0.987 publish=true
[component_container-9] [INFO] [1788992235.658319624] [pure_pursuit_node]: Pure Pursuit: pose=(-5.649, 5.866, 1.053) cte=0.008 closest=2111 target=2152 path_dist=0.008 heading_err=0.092 steer=0.021 speed=2.856
[ground_truth_amcl_monitor-7] [INFO] [1788992235.711758227] [ground_truth_amcl_monitor]: AMCL vs GT: gt=(-5.495, 6.230) amcl=(-5.594, 5.965) error=0.283 m / 0.004 rad; current_map=(-5.572, 6.005, 1.070) error=0.238 m / 0.000 rad; odom=(-2.958, 3.890, 1.070) error=3.451 m / 0.000 rad; ekf=(-2.958, 3.890, 1.070) error=3.451 m / 0.000 rad; RMS=0.142 m / 0.034 rad max=0.449 m / 0.182 rad samples=7260
[gpu_amcl_cpp_node-6] [INFO] [1788992236.282977467] [gpu_amcl_cpp]: AMCL odom delta: at_scan=(-1.936, -2.804, 2.059) baseline=(-1.865, -2.922, 2.161) delta=(-0.071, 0.118, -0.102) moved=true scan_age=0.050s
[gpu_amcl_cpp_node-6] [INFO] [1788992236.285903136] [gpu_amcl_cpp]: AMCL local correction: odom_prediction=(-4.530, 7.454, 0.488) scan=(-4.542, 7.455, 0.515) correction=0.012 m/0.027 rad cluster_weight=0.995 publish=true
[calibration-8] [INFO] [1788992236.574932763] [allowed_telemetry_recorder]: Finished (recording duration reached); Data: /workspace/src/f1tenth_planning/analysis/amcl_tuning_campaign_20260909/acceptance_single_sim_ramp_15_to_4mps_20260909_run04/telemetry/sensor_record_20260909_221356.csv
[INFO] [calibration-8]: process has finished cleanly [pid 6725]
[component_container-9] [INFO] [1788992236.706901778] [pure_pursuit_node]: Pure Pursuit: pose=(-3.301, 7.633, -0.037) cte=-0.038 closest=2266 target=2310 path_dist=0.038 heading_err=0.044 steer=-0.158 speed=3.471
[ground_truth_amcl_monitor-7] [INFO] [1788992236.712168787] [ground_truth_amcl_monitor]: AMCL vs GT: gt=(-3.350, 7.645) amcl=(-3.401, 7.637) error=0.052 m / 0.000 rad; current_map=(-3.407, 7.636, -0.045) error=0.057 m / 0.000 rad; odom=(-0.860, 5.265, -0.045) error=3.445 m / 0.000 rad; ekf=(-0.860, 5.265, -0.045) error=3.445 m / 0.000 rad; RMS=0.142 m / 0.035 rad max=0.449 m / 0.182 rad samples=7297
[gpu_amcl_cpp_node-6] [INFO] [1788992237.307139706] [gpu_amcl_cpp]: AMCL odom delta: at_scan=(-1.388, 0.191, 0.823) baseline=(-1.511, 0.049, 0.902) delta=(0.122, 0.143, -0.079) moved=true scan_age=0.050s
[gpu_amcl_cpp_node-6] [INFO] [1788992237.310590311] [gpu_amcl_cpp]: AMCL local correction: odom_prediction=(-1.462, 6.950, -0.748) scan=(-1.455, 6.951, -0.737) correction=0.008 m/0.011 rad cluster_weight=0.971 publish=true
[component_container-9] [INFO] [1788992237.733654245] [pure_pursuit_node]: Pure Pursuit: pose=(-0.393, 5.561, -1.087) cte=-0.004 closest=2453 target=2500 path_dist=0.004 heading_err=0.044 steer=-0.009 speed=3.915
[gpu_amcl_cpp_node-6] [INFO] [1788992237.734965188] [gpu_amcl_cpp]: Received LiDAR callback #3685 (1081 ranges).
[gpu_amcl_cpp_node-6] [INFO] [1788992237.735022807] [gpu_amcl_cpp]: Starting AMCL scan update #3685 (sampled from 1081 ranges).
[gpu_amcl_cpp_node-6] [INFO] [1788992237.736099811] [gpu_amcl_cpp]: AMCL scan update #3685 completed; evaluating pose confidence.
[ground_truth_amcl_monitor-7] [INFO] [1788992237.736160545] [ground_truth_amcl_monitor]: AMCL vs GT: gt=(-0.477, 5.710) amcl=(-0.583, 5.893) error=0.211 m / 0.041 rad; current_map=(-0.484, 5.730, -1.047) error=0.021 m / 0.000 rad; odom=(1.963, 3.315, -1.047) error=3.420 m / 0.000 rad; ekf=(1.963, 3.315, -1.047) error=3.420 m / 0.000 rad; RMS=0.142 m / 0.035 rad max=0.449 m / 0.182 rad samples=7334
[gpu_amcl_cpp_node-6] [INFO] [1788992238.355509730] [gpu_amcl_cpp]: AMCL odom delta: at_scan=(1.923, 2.105, 0.309) baseline=(1.668, 2.019, 0.342) delta=(0.255, 0.086, -0.033) moved=true scan_age=0.096s
[gpu_amcl_cpp_node-6] [INFO] [1788992238.357970575] [gpu_amcl_cpp]: AMCL local correction: odom_prediction=(0.460, 3.666, -1.261) scan=(0.490, 3.689, -1.265) correction=0.038 m/0.004 rad cluster_weight=0.922 publish=true
[gpu_amcl_cpp_node-6] [WARN] [1788992238.410633932] [gpu_amcl_cpp]: No local AMCL cluster near odometry prediction; using causal odometry pose.
[component_container-9] [INFO] [1788992238.755319710] [pure_pursuit_node]: Pure Pursuit: pose=(0.957, 2.004, -1.357) cte=-0.005 closest=57 target=106 path_dist=0.005 heading_err=0.022 steer=-0.008 speed=3.939
[ground_truth_amcl_monitor-7] [INFO] [1788992238.757872308] [ground_truth_amcl_monitor]: AMCL vs GT: gt=(0.937, 2.040) amcl=(0.854, 2.439) error=0.407 m / 0.022 rad; current_map=(0.917, 2.183, -1.340) error=0.144 m / 0.000 rad; odom=(3.326, -0.197, -1.340) error=3.273 m / 0.000 rad; ekf=(3.326, -0.197, -1.340) error=3.273 m / 0.000 rad; RMS=0.143 m / 0.035 rad max=0.449 m / 0.182 rad samples=7368
[gpu_amcl_cpp_node-6] [INFO] [1788992239.408157093] [gpu_amcl_cpp]: AMCL odom delta: at_scan=(5.882, 2.938, 0.120) baseline=(5.620, 2.906, 0.118) delta=(0.262, 0.031, 0.002) moved=true scan_age=0.054s
[gpu_amcl_cpp_node-6] [INFO] [1788992239.411704380] [gpu_amcl_cpp]: AMCL local correction: odom_prediction=(1.312, -0.351, -1.451) scan=(1.321, -0.434, -1.443) correction=0.084 m/0.007 rad cluster_weight=0.911 publish=true
[component_container-9] [INFO] [1788992239.755669273] [pure_pursuit_node]: Pure Pursuit: pose=(1.372, -1.976, -1.647) cte=-0.024 closest=258 target=306 path_dist=0.024 heading_err=0.031 steer=-0.016 speed=3.837
[ground_truth_amcl_monitor-7] [INFO] [1788992239.764384383] [ground_truth_amcl_monitor]: AMCL vs GT: gt=(1.394, -1.833) amcl=(1.394, -1.770) error=0.062 m / 0.000 rad; current_map=(1.390, -1.779, -1.636) error=0.054 m / 0.000 rad; odom=(3.780, -4.075, -1.636) error=3.274 m / 0.000 rad; ekf=(3.780, -4.075, -1.636) error=3.274 m / 0.000 rad; RMS=0.143 m / 0.034 rad max=0.449 m / 0.182 rad samples=7403
[gpu_amcl_cpp_node-6] [INFO] [1788992240.461444919] [gpu_amcl_cpp]: AMCL odom delta: at_scan=(9.942, 2.641, -0.160) baseline=(9.730, 2.674, -0.152) delta=(0.212, -0.033, -0.007) moved=true scan_age=0.053s
[gpu_amcl_cpp_node-6] [INFO] [1788992240.464583238] [gpu_amcl_cpp]: AMCL local correction: odom_prediction=(1.068, -4.499, -1.730) scan=(1.068, -4.485, -1.727) correction=0.015 m/0.004 rad cluster_weight=0.929 publish=true
[component_container-9] [INFO] [1788992240.756027172] [pure_pursuit_node]: Pure Pursuit: pose=(0.808, -5.816, -1.772) cte=0.007 closest=452 target=500 path_dist=0.007 heading_err=-0.003 steer=-0.004 speed=3.950
[ground_truth_amcl_monitor-7] [INFO] [1788992240.811472387] [ground_truth_amcl_monitor]: AMCL vs GT: gt=(0.790, -5.907) amcl=(0.848, -5.636) error=0.277 m / 0.005 rad; current_map=(0.805, -5.846, -1.771) error=0.062 m / 0.000 rad; odom=(3.176, -8.144, -1.771) error=3.270 m / 0.000 rad; ekf=(3.176, -8.144, -1.771) error=3.270 m / 0.000 rad; RMS=0.144 m / 0.034 rad max=0.449 m / 0.182 rad samples=7438
[gpu_amcl_cpp_node-6] [INFO] [1788992241.463423343] [gpu_amcl_cpp]: AMCL odom delta: at_scan=(13.789, 1.778, -0.271) baseline=(13.590, 1.832, -0.255) delta=(0.200, -0.054, -0.016) moved=true scan_age=0.052s
[gpu_amcl_cpp_node-6] [INFO] [1788992241.467850454] [gpu_amcl_cpp]: AMCL local correction: odom_prediction=(0.211, -8.352, -1.842) scan=(0.213, -8.342, -1.835) correction=0.010 m/0.008 rad cluster_weight=0.985 publish=true
[component_container-9] [INFO] [1788992241.759070717] [pure_pursuit_node]: Pure Pursuit: pose=(-0.053, -9.005, -2.046) cte=0.008 closest=618 target=661 path_dist=0.008 heading_err=0.046 steer=-0.068 speed=2.549
[ground_truth_amcl_monitor-7] [INFO] [1788992241.815877080] [ground_truth_amcl_monitor]: AMCL vs GT: gt=(-0.141, -9.236) amcl=(-0.072, -9.064) error=0.185 m / 0.000 rad; current_map=(-0.143, -9.205, -2.040) error=0.031 m / 0.006 rad; odom=(2.342, -11.187, -2.040) error=3.157 m / 0.006 rad; ekf=(2.413, -11.047, -2.046) error=3.131 m / 0.000 rad; RMS=0.144 m / 0.034 rad max=0.449 m / 0.182 rad samples=7472
[gpu_amcl_cpp_node-6] [INFO] [1788992242.483205036] [gpu_amcl_cpp]: AMCL odom delta: at_scan=(15.195, 0.529, -1.560) baseline=(15.183, 0.674, -1.413) delta=(0.012, -0.145, -0.147) moved=true scan_age=0.054s
[gpu_amcl_cpp_node-6] [INFO] [1788992242.485884322] [gpu_amcl_cpp]: AMCL local correction: odom_prediction=(-1.270, -10.291, -3.130) scan=(-1.286, -10.284, -3.123) correction=0.018 m/0.008 rad cluster_weight=0.998 publish=true
[component_container-9] [INFO] [1788992242.787627552] [pure_pursuit_node]: Pure Pursuit: pose=(-1.949, -10.072, 2.542) cte=-0.092 closest=737 target=781 path_dist=0.092 heading_err=0.167 steer=-0.181 speed=2.377
[gpu_amcl_cpp_node-6] [INFO] [1788992242.790115148] [gpu_amcl_cpp]: Received LiDAR callback #3770 (1081 ranges).
[gpu_amcl_cpp_node-6] [INFO] [1788992242.790165753] [gpu_amcl_cpp]: Starting AMCL scan update #3770 (sampled from 1081 ranges).
[gpu_amcl_cpp_node-6] [INFO] [1788992242.791255972] [gpu_amcl_cpp]: AMCL scan update #3770 completed; evaluating pose confidence.
[ground_truth_amcl_monitor-7] [INFO] [1788992242.858696571] [ground_truth_amcl_monitor]: AMCL vs GT: gt=(-1.974, -10.076) amcl=(-1.863, -10.121) error=0.119 m / 0.101 rad; current_map=(-1.985, -10.043, 2.521) error=0.034 m / 0.000 rad; odom=(0.620, -11.798, 2.521) error=3.114 m / 0.000 rad; ekf=(0.620, -11.798, 2.521) error=3.114 m / 0.000 rad; RMS=0.144 m / 0.035 rad max=0.449 m / 0.182 rad samples=7506
[gpu_amcl_cpp_node-6] [INFO] [1788992243.489529387] [gpu_amcl_cpp]: AMCL odom delta: at_scan=(13.526, -1.119, -2.821) baseline=(13.704, -1.056, -2.775) delta=(-0.178, -0.064, -0.046) moved=true scan_age=0.052s
[gpu_amcl_cpp_node-6] [INFO] [1788992243.493878911] [gpu_amcl_cpp]: AMCL local correction: odom_prediction=(-2.931, -8.597, 1.891) scan=(-2.926, -8.612, 1.904) correction=0.016 m/0.013 rad cluster_weight=0.984 publish=true
[component_container-9] [INFO] [1788992243.835967407] [pure_pursuit_node]: Pure Pursuit: pose=(-3.157, -7.128, 1.586) cte=0.002 closest=900 target=948 path_dist=0.002 heading_err=0.002 steer=-0.043 speed=3.922
[ground_truth_amcl_monitor-7] [INFO] [1788992243.908023290] [ground_truth_amcl_monitor]: AMCL vs GT: gt=(-3.162, -7.069) amcl=(-3.149, -7.342) error=0.273 m / 0.039 rad; current_map=(-3.156, -7.073, 1.579) error=0.007 m / 0.000 rad; odom=(-0.553, -8.802, 1.579) error=3.131 m / 0.000 rad; ekf=(-0.553, -8.802, 1.579) error=3.131 m / 0.000 rad; RMS=0.144 m / 0.035 rad max=0.449 m / 0.182 rad samples=7542
[gpu_amcl_cpp_node-6] [INFO] [1788992244.535125154] [gpu_amcl_cpp]: AMCL odom delta: at_scan=(9.544, -0.980, 2.843) baseline=(9.737, -1.038, 2.853) delta=(-0.193, 0.058, -0.010) moved=true scan_age=0.052s
[gpu_amcl_cpp_node-6] [INFO] [1788992244.538648015] [gpu_amcl_cpp]: AMCL local correction: odom_prediction=(-2.784, -4.660, 1.272) scan=(-2.815, -4.700, 1.259) correction=0.051 m/0.013 rad cluster_weight=0.934 publish=true
[component_container-9] [INFO] [1788992244.884326408] [pure_pursuit_node]: Pure Pursuit: pose=(-2.330, -3.127, 1.280) cte=0.010 closest=1105 target=1154 path_dist=0.010 heading_err=0.022 steer=0.026 speed=3.931
[ground_truth_amcl_monitor-7] [INFO] [1788992244.940811637] [ground_truth_amcl_monitor]: AMCL vs GT: gt=(-2.349, -3.127) amcl=(-2.400, -3.337) error=0.216 m / 0.007 rad; current_map=(-2.341, -3.136, 1.282) error=0.012 m / 0.000 rad; odom=(0.262, -4.858, 1.282) error=3.132 m / 0.000 rad; ekf=(0.262, -4.858, 1.282) error=3.132 m / 0.000 rad; RMS=0.144 m / 0.035 rad max=0.449 m / 0.182 rad samples=7578
[gpu_amcl_cpp_node-6] [INFO] [1788992245.539990271] [gpu_amcl_cpp]: AMCL odom delta: at_scan=(5.732, 0.064, 2.881) baseline=(5.934, 0.009, 2.867) delta=(-0.201, 0.055, 0.013) moved=true scan_age=0.053s
[gpu_amcl_cpp_node-6] [INFO] [1788992245.544053828] [gpu_amcl_cpp]: AMCL local correction: odom_prediction=(-1.732, -0.829, 1.310) scan=(-1.732, -0.827, 1.301) correction=0.002 m/0.009 rad cluster_weight=0.939 publish=true
[component_container-9] [INFO] [1788992245.906477923] [pure_pursuit_node]: Pure Pursuit: pose=(-1.417, 0.777, 1.363) cte=-0.007 closest=1306 target=1354 path_dist=0.007 heading_err=0.039 steer=0.044 speed=3.636
[ground_truth_amcl_monitor-7] [INFO] [1788992245.962191892] [ground_truth_amcl_monitor]: AMCL vs GT: gt=(-1.427, 0.778) amcl=(-1.458, 0.594) error=0.187 m / 0.010 rad; current_map=(-1.416, 0.802, 1.368) error=0.026 m / 0.000 rad; odom=(1.183, -0.952, 1.368) error=3.131 m / 0.000 rad; ekf=(1.183, -0.952, 1.368) error=3.131 m / 0.000 rad; RMS=0.144 m / 0.035 rad max=0.449 m / 0.182 rad samples=7612
[gpu_amcl_cpp_node-6] [WARN] [1788992246.138713590] [gpu_amcl_cpp]: Queued LiDAR scan until source-time odometry arrives (queued=1).
[gpu_amcl_cpp_node-6] [INFO] [1788992246.562179737] [gpu_amcl_cpp]: AMCL odom delta: at_scan=(2.651, 0.509, -3.128) baseline=(2.831, 0.512, -3.126) delta=(-0.179, -0.003, -0.002) moved=true scan_age=0.053s
[gpu_amcl_cpp_node-6] [INFO] [1788992246.567047967] [gpu_amcl_cpp]: AMCL local correction: odom_prediction=(-1.272, 2.546, 1.584) scan=(-1.271, 2.636, 1.578) correction=0.089 m/0.006 rad cluster_weight=0.978 publish=true
[component_container-9] [INFO] [1788992246.930774699] [pure_pursuit_node]: Pure Pursuit: pose=(-1.379, 3.354, 2.208) cte=0.129 closest=1434 target=1474 path_dist=0.129 heading_err=-0.198 steer=0.238 speed=1.649
[ground_truth_amcl_monitor-7] [INFO] [1788992246.986811936] [ground_truth_amcl_monitor]: AMCL vs GT: gt=(-1.464, 3.583) amcl=(-1.410, 3.455) error=0.139 m / 0.000 rad; current_map=(-1.445, 3.506, 2.193) error=0.079 m / 0.058 rad; odom=(1.202, 1.092, 2.193) error=3.648 m / 0.058 rad; ekf=(1.202, 1.092, 2.193) error=3.648 m / 0.058 rad; RMS=0.144 m / 0.035 rad max=0.449 m / 0.182 rad samples=7646
[gpu_amcl_cpp_node-6] [INFO] [1788992247.582740632] [gpu_amcl_cpp]: AMCL odom delta: at_scan=(1.656, -0.386, -1.461) baseline=(1.652, -0.285, -1.589) delta=(0.005, -0.100, 0.129) moved=true scan_age=0.053s
[gpu_amcl_cpp_node-6] [INFO] [1788992247.585707378] [gpu_amcl_cpp]: AMCL local correction: odom_prediction=(-2.265, 4.101, -3.031) scan=(-2.253, 4.089, -3.036) correction=0.017 m/0.004 rad cluster_weight=0.970 publish=true
[gpu_amcl_cpp_node-6] [INFO] [1788992247.812276755] [gpu_amcl_cpp]: Received LiDAR callback #3856 (1081 ranges).
[gpu_amcl_cpp_node-6] [INFO] [1788992247.812322972] [gpu_amcl_cpp]: Starting AMCL scan update #3856 (sampled from 1081 ranges).
[gpu_amcl_cpp_node-6] [INFO] [1788992247.813428430] [gpu_amcl_cpp]: AMCL scan update #3856 completed; evaluating pose confidence.
[component_container-9] [INFO] [1788992247.934262957] [pure_pursuit_node]: Pure Pursuit: pose=(-2.740, 3.847, -2.393) cte=0.120 closest=1507 target=1548 path_dist=0.120 heading_err=-0.180 steer=0.296 speed=1.731
[ground_truth_amcl_monitor-7] [INFO] [1788992247.988393401] [ground_truth_amcl_monitor]: AMCL vs GT: gt=(-2.734, 3.811) amcl=(-2.678, 3.884) error=0.092 m / 0.077 rad; current_map=(-2.736, 3.834, -2.393) error=0.023 m / 0.000 rad; odom=(-0.087, 1.265, -2.393) error=3.673 m / 0.000 rad; ekf=(-0.087, 1.265, -2.393) error=3.673 m / 0.000 rad; RMS=0.144 m / 0.035 rad max=0.449 m / 0.182 rad samples=7680
[gpu_amcl_cpp_node-6] [INFO] [1788992248.582742518] [gpu_amcl_cpp]: AMCL odom delta: at_scan=(2.929, -1.318, -0.122) baseline=(2.761, -1.294, -0.165) delta=(0.168, -0.024, 0.042) moved=true scan_age=0.053s
[gpu_amcl_cpp_node-6] [INFO] [1788992248.586595629] [gpu_amcl_cpp]: AMCL local correction: odom_prediction=(-3.157, 2.738, -1.693) scan=(-3.158, 2.732, -1.687) correction=0.006 m/0.006 rad cluster_weight=0.957 publish=true
[component_container-9] [INFO] [1788992248.986474406] [pure_pursuit_node]: Pure Pursuit: pose=(-3.305, 1.266, -1.701) cte=0.000 closest=1638 target=1686 path_dist=0.000 heading_err=0.015 steer=-0.090 speed=3.015
[ground_truth_amcl_monitor-7] [INFO] [1788992248.988579212] [ground_truth_amcl_monitor]: AMCL vs GT: gt=(-3.296, 1.461) amcl=(-3.257, 1.634) error=0.177 m / 0.010 rad; current_map=(-3.280, 1.444, -1.692) error=0.024 m / 0.000 rad; odom=(-0.643, -1.047, -1.692) error=3.651 m / 0.000 rad; ekf=(-0.643, -1.047, -1.692) error=3.651 m / 0.000 rad; RMS=0.144 m / 0.035 rad max=0.449 m / 0.182 rad samples=7714
[gpu_amcl_cpp_node-6] [INFO] [1788992249.583617423] [gpu_amcl_cpp]: AMCL odom delta: at_scan=(5.263, -1.730, -0.407) baseline=(5.108, -1.664, -0.401) delta=(0.155, -0.066, -0.006) moved=true scan_age=0.054s
[gpu_amcl_cpp_node-6] [INFO] [1788992249.586757665] [gpu_amcl_cpp]: AMCL local correction: odom_prediction=(-3.696, 0.104, -1.978) scan=(-3.714, 0.035, -1.969) correction=0.071 m/0.009 rad cluster_weight=0.977 publish=true
[ground_truth_amcl_monitor-7] [INFO] [1788992249.992537182] [ground_truth_amcl_monitor]: AMCL vs GT: gt=(-4.107, -0.549) amcl=(-4.064, -0.518) error=0.053 m / 0.000 rad; current_map=(-4.045, -0.487, -2.606) error=0.088 m / 0.000 rad; odom=(-1.200, -2.493, -2.606) error=3.497 m / 0.000 rad; ekf=(-1.200, -2.493, -2.606) error=3.497 m / 0.000 rad; RMS=0.144 m / 0.035 rad max=0.449 m / 0.182 rad samples=7749
[component_container-9] [INFO] [1788992250.038557192] [pure_pursuit_node]: Pure Pursuit: pose=(-4.210, -0.564, -2.801) cte=-0.195 closest=1739 target=1782 path_dist=0.195 heading_err=0.011 steer=-0.362 speed=1.629
[gpu_amcl_cpp_node-6] [INFO] [1788992250.632502830] [gpu_amcl_cpp]: AMCL odom delta: at_scan=(5.645, -2.976, -2.109) baseline=(5.694, -2.883, -2.011) delta=(-0.050, -0.094, -0.098) moved=true scan_age=0.054s
[gpu_amcl_cpp_node-6] [INFO] [1788992250.635490836] [gpu_amcl_cpp]: AMCL local correction: odom_prediction=(-5.023, -0.547, 2.603) scan=(-5.034, -0.529, 2.609) correction=0.021 m/0.006 rad cluster_weight=0.965 publish=true
[ground_truth_amcl_monitor-7] [INFO] [1788992250.993505702] [ground_truth_amcl_monitor]: AMCL vs GT: gt=(-5.497, -0.084) amcl=(-5.477, -0.104) error=0.029 m / 0.000 rad; current_map=(-5.477, -0.084, 2.150) error=0.020 m / 0.000 rad; odom=(-2.620, -2.042, 2.150) error=3.480 m / 0.000 rad; ekf=(-2.620, -2.042, 2.150) error=3.480 m / 0.000 rad; RMS=0.144 m / 0.035 rad max=0.449 m / 0.182 rad samples=7783
[component_container-9] [INFO] [1788992251.055944410] [pure_pursuit_node]: Pure Pursuit: pose=(-5.602, 0.137, 2.017) cte=-0.036 closest=1818 target=1862 path_dist=0.036 heading_err=0.058 steer=-0.096 speed=2.882
[gpu_amcl_cpp_node-6] [INFO] [1788992251.658801076] [gpu_amcl_cpp]: AMCL odom delta: at_scan=(3.272, -3.995, -2.998) baseline=(3.530, -3.955, -2.975) delta=(-0.259, -0.040, -0.023) moved=true scan_age=0.054s
[gpu_amcl_cpp_node-6] [INFO] [1788992251.662138338] [gpu_amcl_cpp]: AMCL local correction: odom_prediction=(-6.067, 1.826, 1.714) scan=(-6.069, 1.835, 1.710) correction=0.010 m/0.004 rad cluster_weight=0.943 publish=true
[ground_truth_amcl_monitor-7] [INFO] [1788992252.010963473] [ground_truth_amcl_monitor]: AMCL vs GT: gt=(-6.181, 3.239) amcl=(-6.172, 2.998) error=0.241 m / 0.025 rad; current_map=(-6.172, 3.209, 1.558) error=0.031 m / 0.000 rad; odom=(-3.292, 1.257, 1.558) error=3.504 m / 0.000 rad; ekf=(-3.292, 1.257, 1.558) error=3.504 m / 0.000 rad; RMS=0.144 m / 0.035 rad max=0.449 m / 0.182 rad samples=7816
[component_container-9] [INFO] [1788992252.062771852] [pure_pursuit_node]: Pure Pursuit: pose=(-6.159, 3.619, 1.518) cte=-0.005 closest=1995 target=2044 path_dist=0.005 heading_err=0.006 steer=-0.045 speed=3.900
[gpu_amcl_cpp_node-6] [INFO] [1788992252.662275505] [gpu_amcl_cpp]: AMCL odom delta: at_scan=(-0.590, -3.659, 2.770) baseline=(-0.395, -3.730, 2.813) delta=(-0.195, 0.071, -0.043) moved=true scan_age=0.054s
[gpu_amcl_cpp_node-6] [INFO] [1788992252.666941274] [gpu_amcl_cpp]: AMCL local correction: odom_prediction=(-5.746, 5.695, 1.199) scan=(-5.752, 5.700, 1.201) correction=0.008 m/0.001 rad cluster_weight=0.993 publish=true
[gpu_amcl_cpp_node-6] [INFO] [1788992252.837954698] [gpu_amcl_cpp]: Received LiDAR callback #3941 (1081 ranges).
[gpu_amcl_cpp_node-6] [INFO] [1788992252.838016014] [gpu_amcl_cpp]: Starting AMCL scan update #3941 (sampled from 1081 ranges).
[gpu_amcl_cpp_node-6] [INFO] [1788992252.839405665] [gpu_amcl_cpp]: AMCL scan update #3941 completed; evaluating pose confidence.
[ground_truth_amcl_monitor-7] [INFO] [1788992253.033897575] [ground_truth_amcl_monitor]: AMCL vs GT: gt=(-5.208, 6.722) amcl=(-5.353, 6.408) error=0.345 m / 0.010 rad; current_map=(-5.244, 6.582, 1.017) error=0.144 m / 0.000 rad; odom=(-2.534, 4.334, 1.017) error=3.585 m / 0.000 rad; ekf=(-2.534, 4.334, 1.017) error=3.585 m / 0.000 rad; RMS=0.144 m / 0.035 rad max=0.449 m / 0.182 rad samples=7850
[component_container-9] [INFO] [1788992253.085690796] [pure_pursuit_node]: Pure Pursuit: pose=(-5.080, 6.849, 1.023) cte=-0.025 closest=2168 target=2214 path_dist=0.025 heading_err=-0.195 steer=-0.291 speed=2.652
[gpu_amcl_cpp_node-6] [INFO] [1788992253.686204667] [gpu_amcl_cpp]: AMCL odom delta: at_scan=(-2.159, -1.951, 1.603) baseline=(-2.149, -2.100, 1.681) delta=(-0.011, 0.149, -0.078) moved=true scan_age=0.053s
[gpu_amcl_cpp_node-6] [INFO] [1788992253.689569080] [gpu_amcl_cpp]: AMCL local correction: odom_prediction=(-3.855, 7.675, 0.033) scan=(-3.868, 7.681, 0.047) correction=0.015 m/0.014 rad cluster_weight=0.975 publish=true
[ground_truth_amcl_monitor-7] [INFO] [1788992254.039890177] [ground_truth_amcl_monitor]: AMCL vs GT: gt=(-2.773, 7.569) amcl=(-2.978, 7.608) error=0.209 m / 0.044 rad; current_map=(-2.802, 7.571, -0.230) error=0.029 m / 0.000 rad; odom=(-0.073, 5.197, -0.230) error=3.594 m / 0.000 rad; ekf=(-0.073, 5.197, -0.230) error=3.594 m / 0.000 rad; RMS=0.144 m / 0.035 rad max=0.449 m / 0.182 rad samples=7884
[component_container-9] [INFO] [1788992254.105720469] [pure_pursuit_node]: Pure Pursuit: pose=(-2.406, 7.450, -0.363) cte=-0.013 closest=2312 target=2359 path_dist=0.013 heading_err=0.008 steer=-0.107 speed=3.790
[gpu_amcl_cpp_node-6] [INFO] [1788992254.709389720] [gpu_amcl_cpp]: AMCL odom delta: at_scan=(-0.657, 1.106, 0.605) baseline=(-0.869, 0.946, 0.689) delta=(0.212, 0.160, -0.084) moved=true scan_age=0.055s
[gpu_amcl_cpp_node-6] [INFO] [1788992254.712863719] [gpu_amcl_cpp]: AMCL local correction: odom_prediction=(-0.806, 6.215, -0.966) scan=(-0.795, 6.210, -0.968) correction=0.012 m/0.002 rad cluster_weight=0.966 publish=true
[ground_truth_amcl_monitor-7] [INFO] [1788992255.062511110] [ground_truth_amcl_monitor]: AMCL vs GT: gt=(-0.115, 5.034) amcl=(-0.217, 5.232) error=0.223 m / 0.025 rad; current_map=(-0.115, 5.044, -1.086) error=0.011 m / 0.000 rad; odom=(2.592, 2.647, -1.086) error=3.609 m / 0.000 rad; ekf=(2.592, 2.647, -1.086) error=3.609 m / 0.000 rad; RMS=0.144 m / 0.035 rad max=0.449 m / 0.182 rad samples=7918
[component_container-9] [INFO] [1788992255.130916872] [pure_pursuit_node]: Pure Pursuit: pose=(0.089, 4.619, -1.161) cte=-0.009 closest=2505 target=2554 path_dist=0.009 heading_err=0.008 steer=-0.026 speed=3.916
[gpu_amcl_cpp_node-6] [INFO] [1788992255.712438438] [gpu_amcl_cpp]: AMCL odom delta: at_scan=(2.889, 2.692, 0.266) baseline=(2.684, 2.633, 0.292) delta=(0.205, 0.059, -0.026) moved=true scan_age=0.054s
[gpu_amcl_cpp_node-6] [INFO] [1788992255.716865248] [gpu_amcl_cpp]: AMCL local correction: odom_prediction=(0.780, 2.674, -1.305) scan=(0.779, 2.665, -1.308) correction=0.009 m/0.003 rad cluster_weight=0.925 publish=true
[ground_truth_amcl_monitor-7] [INFO] [1788992256.082725689] [ground_truth_amcl_monitor]: AMCL vs GT: gt=(1.118, 1.246) amcl=(1.043, 1.535) error=0.298 m / 0.012 rad; current_map=(1.104, 1.267, -1.353) error=0.025 m / 0.000 rad; odom=(3.824, -1.145, -1.353) error=3.611 m / 0.000 rad; ekf=(3.824, -1.145, -1.353) error=3.611 m / 0.000 rad; RMS=0.145 m / 0.035 rad max=0.449 m / 0.182 rad samples=7952
[component_container-9] [INFO] [1788992256.134840865] [pure_pursuit_node]: Pure Pursuit: pose=(1.185, 0.862, -1.397) cte=-0.001 closest=116 target=164 path_dist=0.001 heading_err=-0.010 steer=-0.030 speed=3.964
[gpu_amcl_cpp_node-6] [WARN] [1788992256.493015872] [gpu_amcl_cpp]: No local AMCL cluster near odometry prediction; using causal odometry pose.
[gpu_amcl_cpp_node-6] [INFO] [1788992256.759552603] [gpu_amcl_cpp]: AMCL odom delta: at_scan=(6.938, 3.313, -0.010) baseline=(6.739, 3.311, 0.027) delta=(0.199, 0.002, -0.037) moved=true scan_age=0.050s
[gpu_amcl_cpp_node-6] [INFO] [1788992256.762562169] [gpu_amcl_cpp]: AMCL local correction: odom_prediction=(1.395, -1.391, -1.581) scan=(1.415, -1.362, -1.575) correction=0.035 m/0.006 rad cluster_weight=0.937 publish=true
[ground_truth_amcl_monitor-7] [INFO] [1788992257.084823499] [ground_truth_amcl_monitor]: AMCL vs GT: gt=(1.326, -2.633) amcl=(1.350, -2.398) error=0.236 m / 0.013 rad; current_map=(1.330, -2.596, -1.676) error=0.038 m / 0.000 rad; odom=(4.029, -5.029, -1.676) error=3.612 m / 0.000 rad; ekf=(4.029, -5.029, -1.676) error=3.612 m / 0.000 rad; RMS=0.145 m / 0.035 rad max=0.449 m / 0.182 rad samples=7988
[component_container-9] [INFO] [1788992257.204506543] [pure_pursuit_node]: Pure Pursuit: pose=(1.247, -3.240, -1.720) cte=-0.004 closest=321 target=369 path_dist=0.004 heading_err=0.032 steer=0.006 speed=3.958
[gpu_amcl_cpp_node-6] [INFO] [1788992257.783640321] [gpu_amcl_cpp]: AMCL odom delta: at_scan=(10.902, 2.803, -0.197) baseline=(10.702, 2.844, -0.200) delta=(0.200, -0.040, 0.003) moved=true scan_age=0.050s
[gpu_amcl_cpp_node-6] [INFO] [1788992257.786706223] [gpu_amcl_cpp]: AMCL local correction: odom_prediction=(0.919, -5.261, -1.768) scan=(0.919, -5.283, -1.769) correction=0.022 m/0.001 rad cluster_weight=0.965 publish=true
[gpu_amcl_cpp_node-6] [INFO] [1788992257.884547507] [gpu_amcl_cpp]: Received LiDAR callback #4028 (1081 ranges).
[gpu_amcl_cpp_node-6] [INFO] [1788992257.884611687] [gpu_amcl_cpp]: Starting AMCL scan update #4028 (sampled from 1081 ranges).
[gpu_amcl_cpp_node-6] [INFO] [1788992257.885141593] [gpu_amcl_cpp]: AMCL scan update #4028 completed; evaluating pose confidence.
[ground_truth_amcl_monitor-7] [INFO] [1788992258.108859630] [ground_truth_amcl_monitor]: AMCL vs GT: gt=(0.652, -6.600) amcl=(0.711, -6.342) error=0.265 m / 0.017 rad; current_map=(0.668, -6.539, -1.797) error=0.063 m / 0.000 rad; odom=(3.354, -8.995, -1.797) error=3.611 m / 0.000 rad; ekf=(3.354, -8.995, -1.797) error=3.611 m / 0.000 rad; RMS=0.145 m / 0.035 rad max=0.449 m / 0.182 rad samples=8026
[component_container-9] [INFO] [1788992258.208237081] [pure_pursuit_node]: Pure Pursuit: pose=(0.526, -7.140, -1.821) cte=-0.006 closest=520 target=568 path_dist=0.006 heading_err=0.017 steer=-0.003 speed=3.894
[gpu_amcl_cpp_node-6] [INFO] [1788992258.807110067] [gpu_amcl_cpp]: AMCL odom delta: at_scan=(14.302, 1.955, -0.431) baseline=(14.263, 1.973, -0.413) delta=(0.039, -0.017, -0.018) moved=true scan_age=0.050s
[gpu_amcl_cpp_node-6] [INFO] [1788992258.810091941] [gpu_amcl_cpp]: AMCL local correction: odom_prediction=(0.023, -8.828, -2.002) scan=(-0.040, -8.982, -1.984) correction=0.166 m/0.018 rad cluster_weight=0.983 publish=true
[ground_truth_amcl_monitor-7] [INFO] [1788992259.132819748] [ground_truth_amcl_monitor]: AMCL vs GT: gt=(-0.481, -9.843) amcl=(-0.389, -9.691) error=0.178 m / 0.088 rad; current_map=(-0.461, -9.800, -2.204) error=0.047 m / 0.000 rad; odom=(2.437, -11.774, -2.116) error=3.499 m / 0.088 rad; ekf=(2.437, -11.774, -2.116) error=3.499 m / 0.088 rad; RMS=0.145 m / 0.035 rad max=0.449 m / 0.182 rad samples=8064
[component_container-9] [INFO] [1788992259.232737283] [pure_pursuit_node]: Pure Pursuit: pose=(-0.574, -9.929, -2.483) cte=-0.092 closest=670 target=710 path_dist=0.092 heading_err=0.020 steer=-0.325 speed=2.244
[gpu_amcl_cpp_node-6] [INFO] [1788992259.834593035] [gpu_amcl_cpp]: AMCL odom delta: at_scan=(15.264, 0.417, -1.949) baseline=(15.299, 0.519, -1.854) delta=(-0.035, -0.102, -0.095) moved=true scan_age=0.051s
[gpu_amcl_cpp_node-6] [INFO] [1788992259.837395943] [gpu_amcl_cpp]: AMCL local correction: odom_prediction=(-1.764, -10.178, 2.764) scan=(-1.762, -10.176, 2.779) correction=0.003 m/0.015 rad cluster_weight=0.990 publish=true
[gpu_amcl_cpp_node-6] [WARN] [1788992260.057299831] [gpu_amcl_cpp]: Queued LiDAR scan until source-time odometry arrives (queued=1).
[ground_truth_amcl_monitor-7] [INFO] [1788992260.159339395] [ground_truth_amcl_monitor]: AMCL vs GT: gt=(-2.322, -9.776) amcl=(-2.251, -9.840) error=0.096 m / 0.061 rad; current_map=(-2.331, -9.751, 2.274) error=0.027 m / 0.000 rad; odom=(0.645, -11.675, 2.274) error=3.523 m / 0.000 rad; ekf=(0.645, -11.675, 2.274) error=3.523 m / 0.000 rad; RMS=0.145 m / 0.035 rad max=0.449 m / 0.182 rad samples=8102
[component_container-9] [INFO] [1788992260.257829919] [pure_pursuit_node]: Pure Pursuit: pose=(-2.551, -9.441, 2.114) cte=-0.034 closest=779 target=824 path_dist=0.034 heading_err=0.038 steer=-0.092 speed=3.164
[gpu_amcl_cpp_node-6] [INFO] [1788992260.860600910] [gpu_amcl_cpp]: AMCL odom delta: at_scan=(12.728, -0.960, -3.040) baseline=(12.924, -0.936, -2.997) delta=(-0.195, -0.024, -0.043) moved=true scan_age=0.052s
[gpu_amcl_cpp_node-6] [INFO] [1788992260.863684776] [gpu_amcl_cpp]: AMCL local correction: odom_prediction=(-3.128, -7.651, 1.673) scan=(-3.130, -7.661, 1.688) correction=0.011 m/0.016 rad cluster_weight=0.985 publish=true
[ground_truth_amcl_monitor-7] [INFO] [1788992261.208621572] [ground_truth_amcl_monitor]: AMCL vs GT: gt=(-3.136, -6.325) amcl=(-3.139, -6.597) error=0.273 m / 0.034 rad; current_map=(-3.121, -6.329, 1.483) error=0.016 m / 0.000 rad; odom=(-0.159, -8.225, 1.483) error=3.531 m / 0.000 rad; ekf=(-0.159, -8.225, 1.483) error=3.531 m / 0.000 rad; RMS=0.145 m / 0.035 rad max=0.449 m / 0.182 rad samples=8140
[component_container-9] [INFO] [1788992261.309339492] [pure_pursuit_node]: Pure Pursuit: pose=(-3.039, -5.718, 1.392) cte=0.005 closest=971 target=1019 path_dist=0.005 heading_err=-0.001 steer=-0.040 speed=3.867
[gpu_amcl_cpp_node-6] [INFO] [1788992261.884337165] [gpu_amcl_cpp]: AMCL odom delta: at_scan=(8.815, -0.352, 2.872) baseline=(9.006, -0.406, 2.859) delta=(-0.192, 0.054, 0.013) moved=true scan_age=0.053s
[gpu_amcl_cpp_node-6] [INFO] [1788992261.887316455] [gpu_amcl_cpp]: AMCL local correction: odom_prediction=(-2.509, -3.736, 1.301) scan=(-2.500, -3.722, 1.292) correction=0.016 m/0.009 rad cluster_weight=0.947 publish=true
[ground_truth_amcl_monitor-7] [INFO] [1788992262.209261329] [ground_truth_amcl_monitor]: AMCL vs GT: gt=(-2.202, -2.518) amcl=(-2.236, -2.688) error=0.173 m / 0.012 rad; current_map=(-2.180, -2.489, 1.288) error=0.037 m / 0.000 rad; odom=(0.777, -4.415, 1.288) error=3.532 m / 0.000 rad; ekf=(0.777, -4.415, 1.288) error=3.532 m / 0.000 rad; RMS=0.145 m / 0.035 rad max=0.449 m / 0.182 rad samples=8176
[component_container-9] [INFO] [1788992262.333070958] [pure_pursuit_node]: Pure Pursuit: pose=(-1.990, -1.838, 1.295) cte=0.004 closest=1172 target=1220 path_dist=0.004 heading_err=0.021 steer=0.027 speed=3.961
[gpu_amcl_cpp_node-6] [INFO] [1788992262.933744246] [gpu_amcl_cpp]: Received LiDAR callback #4121 (1081 ranges).
[gpu_amcl_cpp_node-6] [INFO] [1788992262.933798388] [gpu_amcl_cpp]: AMCL odom delta: at_scan=(4.801, 0.668, 2.946) baseline=(4.999, 0.627, 2.926) delta=(-0.198, 0.041, 0.020) moved=true scan_age=0.051s
[gpu_amcl_cpp_node-6] [INFO] [1788992262.933827052] [gpu_amcl_cpp]: Starting AMCL scan update #4121 (sampled from 1081 ranges).
[gpu_amcl_cpp_node-6] [INFO] [1788992262.934642584] [gpu_amcl_cpp]: AMCL scan update #4121 completed; evaluating pose confidence.
[gpu_amcl_cpp_node-6] [INFO] [1788992262.936855553] [gpu_amcl_cpp]: AMCL local correction: odom_prediction=(-1.502, 0.289, 1.375) scan=(-1.504, 0.225, 1.362) correction=0.064 m/0.013 rad cluster_weight=0.927 publish=true
[ground_truth_amcl_monitor-7] [INFO] [1788992263.211419079] [ground_truth_amcl_monitor]: AMCL vs GT: gt=(-1.335, 1.296) amcl=(-1.328, 1.324) error=0.028 m / 0.000 rad; current_map=(-1.327, 1.324, 1.426) error=0.030 m / 0.000 rad; odom=(1.640, -0.605, 1.426) error=3.531 m / 0.000 rad; ekf=(1.640, -0.605, 1.426) error=3.531 m / 0.000 rad; RMS=0.145 m / 0.035 rad max=0.449 m / 0.182 rad samples=8213
[component_container-9] [INFO] [1788992263.358067872] [pure_pursuit_node]: Pure Pursuit: pose=(-1.292, 1.617, 1.546) cte=-0.002 closest=1348 target=1389 path_dist=0.002 heading_err=-0.074 steer=-0.003 speed=3.287
[gpu_amcl_cpp_node-6] [INFO] [1788992263.980785600] [gpu_amcl_cpp]: AMCL odom delta: at_scan=(2.403, 0.838, -2.620) baseline=(2.411, 0.842, -2.741) delta=(-0.008, -0.004, 0.121) moved=true scan_age=0.052s
[gpu_amcl_cpp_node-6] [INFO] [1788992263.983828719] [gpu_amcl_cpp]: AMCL local correction: odom_prediction=(-1.309, 3.273, 2.093) scan=(-1.376, 3.431, 2.074) correction=0.171 m/0.019 rad cluster_weight=0.968 publish=true
[ground_truth_amcl_monitor-7] [INFO] [1788992264.235452031] [ground_truth_amcl_monitor]: AMCL vs GT: gt=(-1.655, 3.838) amcl=(-1.575, 3.734) error=0.131 m / 0.071 rad; current_map=(-1.635, 3.796, 2.368) error=0.047 m / 0.000 rad; odom=(1.433, 1.011, 2.368) error=4.187 m / 0.000 rad; ekf=(1.433, 1.011, 2.368) error=4.187 m / 0.000 rad; RMS=0.146 m / 0.035 rad max=0.501 m / 0.182 rad samples=8248
[component_container-9] [INFO] [1788992264.404142418] [pure_pursuit_node]: Pure Pursuit: pose=(-1.929, 4.019, 2.816) cte=0.214 closest=1471 target=1513 path_dist=0.214 heading_err=0.026 steer=0.438 speed=1.491
[gpu_amcl_cpp_node-6] [INFO] [1788992265.010176812] [gpu_amcl_cpp]: AMCL odom delta: at_scan=(2.088, -0.407, -0.954) baseline=(2.049, -0.347, -1.031) delta=(0.039, -0.060, 0.076) moved=true scan_age=0.050s
[gpu_amcl_cpp_node-6] [INFO] [1788992265.015126885] [gpu_amcl_cpp]: AMCL local correction: odom_prediction=(-2.638, 3.922, -2.525) scan=(-2.634, 3.915, -2.526) correction=0.008 m/0.000 rad cluster_weight=0.983 publish=true
[ground_truth_amcl_monitor-7] [INFO] [1788992265.239077859] [ground_truth_amcl_monitor]: AMCL vs GT: gt=(-2.869, 3.641) amcl=(-2.867, 3.631) error=0.010 m / 0.000 rad; current_map=(-2.869, 3.653, -2.201) error=0.012 m / 0.000 rad; odom=(0.154, 0.831, -2.201) error=4.127 m / 0.000 rad; ekf=(0.154, 0.831, -2.201) error=4.127 m / 0.000 rad; RMS=0.145 m / 0.035 rad max=0.501 m / 0.182 rad samples=8285
[component_container-9] [INFO] [1788992265.404783166] [pure_pursuit_node]: Pure Pursuit: pose=(-3.048, 3.263, -1.895) cte=0.015 closest=1538 target=1581 path_dist=0.015 heading_err=0.026 steer=0.139 speed=2.419
[gpu_amcl_cpp_node-6] [INFO] [1788992266.010409963] [gpu_amcl_cpp]: AMCL odom delta: at_scan=(4.225, -1.045, -0.104) baseline=(4.043, -1.027, -0.095) delta=(0.181, -0.018, -0.009) moved=true scan_age=0.051s
[gpu_amcl_cpp_node-6] [INFO] [1788992266.084035094] [gpu_amcl_cpp]: AMCL local correction: odom_prediction=(-3.284, 1.447, -1.687) scan=(-3.283, 1.470, -1.677) correction=0.023 m/0.009 rad cluster_weight=0.962 publish=true
[ground_truth_amcl_monitor-7] [INFO] [1788992266.239710371] [ground_truth_amcl_monitor]: AMCL vs GT: gt=(-3.369, 0.961) amcl=(-3.353, 1.010) error=0.051 m / 0.000 rad; current_map=(-3.347, 1.021, -1.755) error=0.064 m / 0.000 rad; odom=(-0.335, -1.773, -1.755) error=4.084 m / 0.000 rad; ekf=(-0.335, -1.773, -1.755) error=4.084 m / 0.000 rad; RMS=0.145 m / 0.035 rad max=0.501 m / 0.182 rad samples=8321
[component_container-9] [INFO] [1788992266.404866766] [pure_pursuit_node]: Pure Pursuit: pose=(-3.411, 0.810, -1.972) cte=0.033 closest=1662 target=1702 path_dist=0.033 heading_err=0.185 steer=0.032 speed=2.292
[gpu_amcl_cpp_node-6] [INFO] [1788992267.055960173] [gpu_amcl_cpp]: AMCL odom delta: at_scan=(5.939, -1.689, -1.072) baseline=(5.893, -1.613, -0.987) delta=(0.046, -0.076, -0.085) moved=true scan_age=0.050s
[gpu_amcl_cpp_node-6] [INFO] [1788992267.108994866] [gpu_amcl_cpp]: AMCL local correction: odom_prediction=(-4.158, -0.500, -2.718) scan=(-4.162, -0.508, -2.705) correction=0.009 m/0.013 rad cluster_weight=0.978 publish=true
[ground_truth_amcl_monitor-7] [INFO] [1788992267.258335718] [ground_truth_amcl_monitor]: AMCL vs GT: gt=(-4.428, -0.591) amcl=(-4.325, -0.567) error=0.106 m / 0.090 rad; current_map=(-4.409, -0.587, -2.961) error=0.020 m / 0.000 rad; odom=(-1.215, -2.899, -2.961) error=3.955 m / 0.000 rad; ekf=(-1.215, -2.899, -2.961) error=3.955 m / 0.000 rad; RMS=0.145 m / 0.035 rad max=0.501 m / 0.182 rad samples=8358
[component_container-9] [INFO] [1788992267.409991791] [pure_pursuit_node]: Pure Pursuit: pose=(-4.733, -0.588, 2.957) cte=-0.102 closest=1763 target=1805 path_dist=0.102 heading_err=0.178 steer=-0.322 speed=1.741
[gpu_amcl_cpp_node-6] [WARN] [1788992267.684995203] [gpu_amcl_cpp]: Queued LiDAR scan until source-time odometry arrives (queued=1).
[gpu_amcl_cpp_node-6] [INFO] [1788992267.982807752] [gpu_amcl_cpp]: Received LiDAR callback #4213 (1081 ranges).
[gpu_amcl_cpp_node-6] [INFO] [1788992267.982880148] [gpu_amcl_cpp]: Starting AMCL scan update #4213 (sampled from 1081 ranges).
[gpu_amcl_cpp_node-6] [INFO] [1788992267.983985566] [gpu_amcl_cpp]: AMCL scan update #4213 completed; evaluating pose confidence.
[gpu_amcl_cpp_node-6] [INFO] [1788992268.086010642] [gpu_amcl_cpp]: AMCL odom delta: at_scan=(5.316, -3.234, -2.667) baseline=(5.424, -3.174, -2.607) delta=(-0.108, -0.060, -0.060) moved=true scan_age=0.052s
[gpu_amcl_cpp_node-6] [INFO] [1788992268.159923594] [gpu_amcl_cpp]: AMCL local correction: odom_prediction=(-5.692, 0.307, 1.967) scan=(-5.705, 0.326, 1.966) correction=0.023 m/0.001 rad cluster_weight=0.951 publish=true
[ground_truth_amcl_monitor-7] [INFO] [1788992268.261768892] [ground_truth_amcl_monitor]: AMCL vs GT: gt=(-5.813, 0.608) amcl=(-5.753, 0.454) error=0.166 m / 0.045 rad; current_map=(-5.800, 0.597, 1.870) error=0.018 m / 0.000 rad; odom=(-2.612, -1.710, 1.870) error=3.952 m / 0.000 rad; ekf=(-2.612, -1.710, 1.870) error=3.952 m / 0.000 rad; RMS=0.145 m / 0.035 rad max=0.501 m / 0.182 rad samples=8394
[component_container-9] [INFO] [1788992268.432917019] [pure_pursuit_node]: Pure Pursuit: pose=(-5.978, 1.332, 1.765) cte=-0.013 closest=1880 target=1927 path_dist=0.013 heading_err=0.024 steer=-0.033 speed=3.876
[gpu_amcl_cpp_node-6] [INFO] [1788992269.110768444] [gpu_amcl_cpp]: AMCL odom delta: at_scan=(1.714, -3.755, 3.084) baseline=(1.916, -3.764, 3.108) delta=(-0.202, 0.009, -0.024) moved=true scan_age=0.051s
[gpu_amcl_cpp_node-6] [INFO] [1788992269.183823413] [gpu_amcl_cpp]: AMCL local correction: odom_prediction=(-6.129, 3.992, 1.472) scan=(-6.125, 3.996, 1.476) correction=0.006 m/0.003 rad cluster_weight=0.975 publish=true
[ground_truth_amcl_monitor-7] [INFO] [1788992269.285459458] [ground_truth_amcl_monitor]: AMCL vs GT: gt=(-6.084, 4.440) amcl=(-6.105, 4.196) error=0.245 m / 0.035 rad; current_map=(-6.074, 4.399, 1.401) error=0.042 m / 0.000 rad; odom=(-2.878, 2.117, 1.401) error=3.959 m / 0.000 rad; ekf=(-2.878, 2.117, 1.401) error=3.959 m / 0.000 rad; RMS=0.145 m / 0.035 rad max=0.501 m / 0.182 rad samples=8430
[component_container-9] [INFO] [1788992269.455995724] [pure_pursuit_node]: Pure Pursuit: pose=(-5.890, 5.249, 1.307) cte=-0.003 closest=2078 target=2126 path_dist=0.003 heading_err=-0.028 steer=-0.099 speed=3.490
[gpu_amcl_cpp_node-6] [INFO] [1788992270.158411024] [gpu_amcl_cpp]: AMCL odom delta: at_scan=(-1.185, -2.792, 2.438) baseline=(-1.072, -2.879, 2.532) delta=(-0.113, 0.087, -0.095) moved=true scan_age=0.052s
[gpu_amcl_cpp_node-6] [INFO] [1788992270.215098854] [gpu_amcl_cpp]: AMCL local correction: odom_prediction=(-4.914, 7.149, 0.776) scan=(-4.931, 7.146, 0.799) correction=0.017 m/0.023 rad cluster_weight=0.996 publish=true
[ground_truth_amcl_monitor-7] [INFO] [1788992270.286350895] [ground_truth_amcl_monitor]: AMCL vs GT: gt=(-4.774, 7.305) amcl=(-4.783, 7.274) error=0.032 m / 0.000 rad; current_map=(-4.776, 7.273, 0.643) error=0.032 m / 0.000 rad; odom=(-1.748, 4.574, 0.643) error=4.077 m / 0.000 rad; ekf=(-1.748, 4.574, 0.643) error=4.077 m / 0.000 rad; RMS=0.145 m / 0.035 rad max=0.501 m / 0.182 rad samples=8467
[component_container-9] [INFO] [1788992270.482053809] [pure_pursuit_node]: Pure Pursuit: pose=(-4.159, 7.544, 0.196) cte=-0.103 closest=2224 target=2270 path_dist=0.103 heading_err=0.162 steer=-0.100 speed=3.137
[gpu_amcl_cpp_node-6] [INFO] [1788992271.186466813] [gpu_amcl_cpp]: AMCL odom delta: at_scan=(-1.414, 0.178, 1.084) baseline=(-1.497, 0.009, 1.142) delta=(0.083, 0.169, -0.058) moved=true scan_age=0.052s
[gpu_amcl_cpp_node-6] [INFO] [1788992271.259867613] [gpu_amcl_cpp]: AMCL local correction: odom_prediction=(-1.838, 7.179, -0.568) scan=(-1.852, 7.190, -0.561) correction=0.018 m/0.007 rad cluster_weight=0.963 publish=true
[ground_truth_amcl_monitor-7] [INFO] [1788992271.309462531] [ground_truth_amcl_monitor]: AMCL vs GT: gt=(-1.675, 7.065) amcl=(-1.845, 7.185) error=0.208 m / 0.055 rad; current_map=(-1.683, 7.075, -0.622) error=0.013 m / 0.000 rad; odom=(1.369, 4.330, -0.622) error=4.092 m / 0.000 rad; ekf=(1.369, 4.330, -0.622) error=4.092 m / 0.000 rad; RMS=0.145 m / 0.035 rad max=0.501 m / 0.182 rad samples=8504
[component_container-9] [INFO] [1788992271.529673666] [pure_pursuit_node]: Pure Pursuit: pose=(-0.943, 6.363, -0.903) cte=-0.008 closest=2404 target=2452 path_dist=0.008 heading_err=0.022 steer=-0.047 speed=3.862
[gpu_amcl_cpp_node-6] [INFO] [1788992272.232173845] [gpu_amcl_cpp]: AMCL odom delta: at_scan=(1.744, 2.518, 0.388) baseline=(1.555, 2.439, 0.405) delta=(0.188, 0.079, -0.017) moved=true scan_age=0.051s
[gpu_amcl_cpp_node-6] [INFO] [1788992272.285857458] [gpu_amcl_cpp]: AMCL local correction: odom_prediction=(0.348, 3.984, -1.201) scan=(0.340, 4.038, -1.203) correction=0.054 m/0.002 rad cluster_weight=0.934 publish=true
[ground_truth_amcl_monitor-7] [INFO] [1788992272.333639880] [ground_truth_amcl_monitor]: AMCL vs GT: gt=(0.420, 3.782) amcl=(0.344, 4.011) error=0.241 m / 0.026 rad; current_map=(0.414, 3.824, -1.227) error=0.043 m / 0.000 rad; odom=(3.393, 1.228, -1.201) error=3.919 m / 0.026 rad; ekf=(3.393, 1.228, -1.201) error=3.919 m / 0.026 rad; RMS=0.145 m / 0.035 rad max=0.501 m / 0.182 rad samples=8542
[gpu_amcl_cpp_node-6] [WARN] [1788992272.508898972] [gpu_amcl_cpp]: No local AMCL cluster near odometry prediction; using causal odometry pose.
[component_container-9] [INFO] [1788992272.554793897] [pure_pursuit_node]: Pure Pursuit: pose=(0.736, 2.808, -1.283) cte=-0.002 closest=16 target=64 path_dist=0.002 heading_err=0.002 steer=-0.023 speed=3.940
[gpu_amcl_cpp_node-6] [INFO] [1788992272.983454422] [gpu_amcl_cpp]: Received LiDAR callback #4304 (1081 ranges).
[gpu_amcl_cpp_node-6] [INFO] [1788992272.983527489] [gpu_amcl_cpp]: Starting AMCL scan update #4304 (sampled from 1081 ranges).
[gpu_amcl_cpp_node-6] [INFO] [1788992272.984326901] [gpu_amcl_cpp]: AMCL scan update #4304 completed; evaluating pose confidence.
[gpu_amcl_cpp_node-6] [INFO] [1788992273.255743792] [gpu_amcl_cpp]: AMCL odom delta: at_scan=(5.639, 3.513, 0.116) baseline=(5.436, 3.487, 0.136) delta=(0.203, 0.026, -0.020) moved=true scan_age=0.050s
[gpu_amcl_cpp_node-6] [INFO] [1788992273.308709296] [gpu_amcl_cpp]: AMCL local correction: odom_prediction=(1.263, 0.207, -1.468) scan=(1.257, 0.198, -1.458) correction=0.011 m/0.010 rad cluster_weight=0.918 publish=true
[ground_truth_amcl_monitor-7] [INFO] [1788992273.358825073] [ground_truth_amcl_monitor]: AMCL vs GT: gt=(1.316, -0.133) amcl=(1.260, 0.202) error=0.340 m / 0.004 rad; current_map=(1.280, 0.006, -1.472) error=0.143 m / 0.000 rad; odom=(4.355, -2.875, -1.472) error=4.093 m / 0.000 rad; ekf=(4.355, -2.875, -1.472) error=4.093 m / 0.000 rad; RMS=0.146 m / 0.035 rad max=0.501 m / 0.182 rad samples=8580
[component_container-9] [INFO] [1788992273.558690951] [pure_pursuit_node]: Pure Pursuit: pose=(1.360, -1.068, -1.538) cte=0.003 closest=213 target=261 path_dist=0.003 heading_err=-0.017 steer=-0.033 speed=3.952
[gpu_amcl_cpp_node-6] [INFO] [1788992274.282775064] [gpu_amcl_cpp]: AMCL odom delta: at_scan=(9.617, 3.415, -0.147) baseline=(9.425, 3.444, -0.153) delta=(0.191, -0.029, 0.007) moved=true scan_age=0.052s
[gpu_amcl_cpp_node-6] [INFO] [1788992274.337629718] [gpu_amcl_cpp]: AMCL local correction: odom_prediction=(1.162, -3.875, -1.713) scan=(1.157, -3.872, -1.711) correction=0.006 m/0.002 rad cluster_weight=0.939 publish=true
[ground_truth_amcl_monitor-7] [INFO] [1788992274.386177809] [ground_truth_amcl_monitor]: AMCL vs GT: gt=(1.121, -4.121) amcl=(1.160, -3.873) error=0.251 m / 0.000 rad; current_map=(1.131, -4.075, -1.713) error=0.047 m / 0.000 rad; odom=(4.157, -6.862, -1.713) error=4.090 m / 0.000 rad; ekf=(4.157, -6.862, -1.713) error=4.090 m / 0.000 rad; RMS=0.146 m / 0.035 rad max=0.501 m / 0.182 rad samples=8618
[component_container-9] [INFO] [1788992274.606122603] [pure_pursuit_node]: Pure Pursuit: pose=(0.948, -5.130, -1.771) cte=0.002 closest=417 target=465 path_dist=0.002 heading_err=0.016 steer=0.004 speed=3.973
[gpu_amcl_cpp_node-6] [INFO] [1788992275.331793097] [gpu_amcl_cpp]: AMCL odom delta: at_scan=(13.677, 2.592, -0.242) baseline=(13.414, 2.656, -0.238) delta=(0.263, -0.064, -0.004) moved=true scan_age=0.052s
[gpu_amcl_cpp_node-6] [INFO] [1788992275.386106774] [gpu_amcl_cpp]: AMCL local correction: odom_prediction=(0.324, -7.923, -1.823) scan=(0.323, -7.927, -1.819) correction=0.005 m/0.004 rad cluster_weight=0.987 publish=true
[ground_truth_amcl_monitor-7] [INFO] [1788992275.388621951] [ground_truth_amcl_monitor]: AMCL vs GT: gt=(0.307, -7.977) amcl=(0.324, -7.925) error=0.054 m / 0.000 rad; current_map=(0.324, -7.923, -1.823) error=0.057 m / 0.000 rad; odom=(3.342, -10.717, -1.823) error=4.089 m / 0.000 rad; ekf=(3.342, -10.717, -1.823) error=4.089 m / 0.000 rad; RMS=0.146 m / 0.035 rad max=0.501 m / 0.182 rad samples=8655
[WARNING] [launch]: user interrupted with ctrl-c (SIGINT)
[INFO] [actuator_interface-10]: sending signal 'SIGINT' to process[actuator_interface-10]
[INFO] [component_container-9]: sending signal 'SIGINT' to process[component_container-9]
[INFO] [ground_truth_amcl_monitor-7]: sending signal 'SIGINT' to process[ground_truth_amcl_monitor-7]
[INFO] [gpu_amcl_cpp_node-6]: sending signal 'SIGINT' to process[gpu_amcl_cpp_node-6]
[INFO] [lifecycle_manager-5]: sending signal 'SIGINT' to process[lifecycle_manager-5]
[INFO] [map_server-4]: sending signal 'SIGINT' to process[map_server-4]
[INFO] [ekf_localization_node-3]: sending signal 'SIGINT' to process[ekf_localization_node-3]
[INFO] [sensor_odometry_node-2]: sending signal 'SIGINT' to process[sensor_odometry_node-2]
[INFO] [autodrive_bridge_40hz-1]: sending signal 'SIGINT' to process[autodrive_bridge_40hz-1]
[component_container-9] [INFO] [1788992275.609945667] [pure_pursuit_node]: Pure Pursuit: pose=(0.037, -8.798, -1.986) cte=0.007 closest=606 target=651 path_dist=0.007 heading_err=0.033 steer=-0.047 speed=2.549
[component_container-9] [INFO] [1788992275.639427875] [rclcpp]: signal_handler(SIGINT/SIGTERM)
[gpu_amcl_cpp_node-6] [INFO] [1788992275.644202429] [rclcpp]: signal_handler(SIGINT/SIGTERM)
[lifecycle_manager-5] [INFO] [1788992275.646069408] [rclcpp]: signal_handler(SIGINT/SIGTERM)
[lifecycle_manager-5] [INFO] [1788992275.646237704] [lifecycle_manager_map]: Running Nav2 LifecycleManager rcl preshutdown (lifecycle_manager_map)
[lifecycle_manager-5] [INFO] [1788992275.646295823] [lifecycle_manager_map]: [34m[1mTerminating bond timer...[0m[0m
[map_server-4] [INFO] [1788992275.648392243] [rclcpp]: signal_handler(SIGINT/SIGTERM)
[map_server-4] [INFO] [1788992275.648525985] [map_server]: Running Nav2 LifecycleNode rcl preshutdown (map_server)
[map_server-4] [INFO] [1788992275.648618168] [map_server]: Deactivating
[map_server-4] [INFO] [1788992275.648649677] [map_server]: Destroying bond (map_server) to lifecycle manager.
[ekf_localization_node-3] [INFO] [1788992275.651667819] [rclcpp]: signal_handler(SIGINT/SIGTERM)
[autodrive_bridge_40hz-1] KeyboardInterrupt
[sensor_odometry_node-2] [INFO] [1788992275.655392590] [rclcpp]: signal_handler(SIGINT/SIGTERM)
[autodrive_bridge_40hz-1] 2026-09-09T22:17:55Z
[map_server-4] [INFO] [1788992275.659487085] [map_server]: Cleaning up
[map_server-4] [INFO] [1788992275.659647817] [map_server]: Destroying bond (map_server) to lifecycle manager.
[lifecycle_manager-5] [INFO] [1788992275.662238175] [lifecycle_manager_map]: Destroying lifecycle_manager_map
[map_server-4] [INFO] [1788992275.666436215] [map_server]: Destroying
[autodrive_bridge_40hz-1] Traceback (most recent call last):
[autodrive_bridge_40hz-1]   File "src/gevent/greenlet.py", line 906, in gevent._gevent_cgreenlet.Greenlet.run
[autodrive_bridge_40hz-1]   File "/usr/local/lib/python3.10/dist-packages/socketio/server.py", line 640, in _handle_event_internal
[autodrive_bridge_40hz-1]     r = server._trigger_event(data[0], namespace, sid, *data[1:])
[autodrive_bridge_40hz-1]   File "/usr/local/lib/python3.10/dist-packages/socketio/server.py", line 669, in _trigger_event
[autodrive_bridge_40hz-1]     return self.handlers[namespace][event](*args)
[autodrive_bridge_40hz-1]   File "/workspace/build/sdu_apex_autodrive/sdu_apex_autodrive/bridge_40hz.py", line 368, in packet_handler
[autodrive_bridge_40hz-1]     result = original_handler(sid, data)
[autodrive_bridge_40hz-1]   File "/home/autodrive_devkit/install/autodrive_roboracer/lib/python3.10/site-packages/autodrive_roboracer/autodrive_bridge.py", line 345, in bridge
[autodrive_bridge_40hz-1]     publish_actuator_feedbacks(autodrive.throttle, autodrive.steering)
[autodrive_bridge_40hz-1]   File "/home/autodrive_devkit/install/autodrive_roboracer/lib/python3.10/site-packages/autodrive_roboracer/autodrive_bridge.py", line 241, in publish_actuator_feedbacks
[autodrive_bridge_40hz-1]     publishers['pub_throttle'].publish(create_float_msg(msg_float32, throttle))
[autodrive_bridge_40hz-1]   File "/opt/ros/humble/local/lib/python3.10/dist-packages/rclpy/publisher.py", line 70, in publish
[autodrive_bridge_40hz-1]     self.__publisher.publish(msg)
[autodrive_bridge_40hz-1] rclpy._rclpy_pybind11.RCLError: Failed to publish: publisher's context is invalid, at ./src/rcl/publisher.c:389
[autodrive_bridge_40hz-1] 2026-09-09T22:17:55Z <Thread at 0x71cc903fd6c0: <bound method Server._handle_event_internal of <socketio.server.Server object at 0x71ccd853aef0>>(<socketio.server.Server object at 0x71ccd853aef0>, '1466c1dba54c478bb2ae1fa560c980ae', ['Bridge', {'V1 Throttle': '0.0000', 'V1 Steering', '/', None)> failed with RCLError
[autodrive_bridge_40hz-1] 
[autodrive_bridge_40hz-1] Traceback (most recent call last):
[autodrive_bridge_40hz-1]   File "/workspace/install/lib/sdu_apex_autodrive/autodrive_bridge_40hz", line 33, in <module>
[autodrive_bridge_40hz-1]     sys.exit(load_entry_point('sdu-apex-autodrive', 'console_scripts', 'autodrive_bridge_40hz')())
[autodrive_bridge_40hz-1]   File "/workspace/build/sdu_apex_autodrive/sdu_apex_autodrive/bridge_40hz.py", line 443, in main
[autodrive_bridge_40hz-1]     official_bridge.main()
[autodrive_bridge_40hz-1]   File "/home/autodrive_devkit/install/autodrive_roboracer/lib/python3.10/site-packages/autodrive_roboracer/autodrive_bridge.py", line 442, in main
[autodrive_bridge_40hz-1]     pywsgi.WSGIServer(('', 4567), app, handler_class=WebSocketHandler).serve_forever() # Deploy as a gevent WSGI server
[autodrive_bridge_40hz-1]   File "/usr/local/lib/python3.10/dist-packages/gevent/baseserver.py", line 400, in serve_forever
[autodrive_bridge_40hz-1]     self._stop_event.wait()
[autodrive_bridge_40hz-1]   File "src/gevent/event.py", line 163, in gevent._gevent_cevent.Event.wait
[autodrive_bridge_40hz-1]   File "src/gevent/_abstract_linkable.py", line 521, in gevent._gevent_c_abstract_linkable.AbstractLinkable._wait
[autodrive_bridge_40hz-1]   File "src/gevent/_abstract_linkable.py", line 487, in gevent._gevent_c_abstract_linkable.AbstractLinkable._wait_core
[autodrive_bridge_40hz-1]   File "src/gevent/_abstract_linkable.py", line 490, in gevent._gevent_c_abstract_linkable.AbstractLinkable._wait_core
[autodrive_bridge_40hz-1]   File "src/gevent/_abstract_linkable.py", line 442, in gevent._gevent_c_abstract_linkable.AbstractLinkable._AbstractLinkable__wait_to_be_notified
[autodrive_bridge_40hz-1]   File "src/gevent/_abstract_linkable.py", line 451, in gevent._gevent_c_abstract_linkable.AbstractLinkable._switch_to_hub
[autodrive_bridge_40hz-1]   File "src/gevent/_greenlet_primitives.py", line 61, in gevent._gevent_c_greenlet_primitives.SwitchOutGreenletWithLoop.switch
[autodrive_bridge_40hz-1]   File "src/gevent/_greenlet_primitives.py", line 65, in gevent._gevent_c_greenlet_primitives.SwitchOutGreenletWithLoop.switch
[autodrive_bridge_40hz-1]   File "src/gevent/_gevent_c_greenlet_primitives.pxd", line 35, in gevent._gevent_c_greenlet_primitives._greenlet_switch
[autodrive_bridge_40hz-1]   File "/usr/local/lib/python3.10/dist-packages/socketio/client.py", line 25, in signal_handler
[autodrive_bridge_40hz-1]     return original_signal_handler(sig, frame)
[autodrive_bridge_40hz-1] KeyboardInterrupt
[INFO] [component_container-9]: process has finished cleanly [pid 6727]
[INFO] [ekf_localization_node-3]: process has finished cleanly [pid 6715]
[INFO] [sensor_odometry_node-2]: process has finished cleanly [pid 6713]
[INFO] [lifecycle_manager-5]: process has finished cleanly [pid 6719]
[INFO] [map_server-4]: process has finished cleanly [pid 6717]
[INFO] [ground_truth_amcl_monitor-7]: process has finished cleanly [pid 6723]
[INFO] [actuator_interface-10]: process has finished cleanly [pid 6729]
[INFO] [gpu_amcl_cpp_node-6]: process has finished cleanly [pid 6721]
[ERROR] [autodrive_bridge_40hz-1]: process has died [pid 6711, exit code -2, cmd '/workspace/install/lib/sdu_apex_autodrive/autodrive_bridge_40hz --ros-args -r __node:=autodrive_bridge'].
