scan_index,bag_time,time,finite_count,min_range,max_range,angle_min,angle_max,angle_increment,range_min,range_max,odom_index,odom_dt
0,1788891627.6430984,1788891627.6430984,1081,0.9374279975891113,6.074977874755859,-2.3561899662017822,2.3561899662017822,0.004363323096185923,0.05999999865889549,10.0,0,0.0
1,1788891627.7148883,1788891627.7148883,1081,0.9350916147232056,6.061845779418945,-2.3561899662017822,2.3561899662017822,0.004363323096185923,0.05999999865889549,10.0,1,0.0
2,1788891627.767882,1788891627.767882,1081,0.9315115809440613,6.0420241355896,-2.3561899662017822,2.3561899662017822,0.004363323096185923,0.05999999865889549,10.0,2,0.0
3,1788891627.8219192,1788891627.8219192,1081,0.9290931820869446,6.01839017868042,-2.3561899662017822,2.3561899662017822,0.004363323096185923,0.05999999865889549,10.0,3,0.0
4,1788891627.8924868,1788891627.8924868,1081,0.9254143238067627,5.998538017272949,-2.3561899662017822,2.3561899662017822,0.004363323096185923,0.05999999865889549,10.0,4,0.0
5,1788891627.9657776,1788891627.9657776,1081,0.9216774106025696,5.978693962097168,-2.3561899662017822,2.3561899662017822,0.004363323096185923,0.05999999865889549,10.0,5,0.0
6,1788891628.039816,1788891628.039816,1081,0.919151782989502,5.965493202209473,-2.3561899662017822,2.3561899662017822,0.004363323096185923,0.05999999865889549,10.0,6,0.0
7,1788891628.0901368,1788891628.0901368,1081,0.9169023036956787,5.950372219085693,-2.3561899662017822,2.3561899662017822,0.004363323096185923,0.05999999865889549,10.0,7,0.0
8,1788891628.1402397,1788891628.1402397,1081,0.9161794185638428,5.936286926269531,-2.3561899662017822,2.3561899662017822,0.004363323096185923,0.05999999865889549,10.0,8,0.0
9,1788891628.1916625,1788891628.1916625,1081,0.91550612449646,5.919576168060303,-2.3561899662017822,2.3561899662017822,0.004363323096185923,0.05999999865889549,10.0,9,0.0
10,1788891628.2462103,1788891628.2462103,1081,0.9151291847229004,5.904963970184326,-2.3561899662017822,2.3561899662017822,0.004363323096185923,0.05999999865889549,10.0,10,0.0
11,1788891628.315204,1788891628.315204,1081,0.9148092865943909,5.9008588790893555,-2.3561899662017822,2.3561899662017822,0.004363323096185923,0.05999999865889549,10.0,11,0.0
12,1788891628.366108,1788891628.366108,1081,0.9138160943984985,5.881943225860596,-2.3561899662017822,2.3561899662017822,0.004363323096185923,0.05999999865889549,10.0,12,0.0
13,1788891628.4210804,1788891628.4210804,1081,0.910497784614563,5.862275123596191,-2.3561899662017822,2.3561899662017822,0.004363323096185923,0.05999999865889549,10.0,13,0.0
14,1788891628.4902477,1788891628.4902477,1081,0.9082193970680237,5.848979949951172,-2.3561899662017822,2.3561899662017822,0.004363323096185923,0.05999999865889549,10.0,14,0.0
15,1788891628.5419993,1788891628.5419993,1081,0.904747724533081,5.829031944274902,-2.3561899662017822,2.3561899662017822,0.004363323096185923,0.05999999865889549,10.0,15,0.0
16,1788891628.5961044,1788891628.5961044,1081,0.9024044275283813,5.815730094909668,-2.3561899662017822,2.3561899662017822,0.004363323096185923,0.05999999865889549,10.0,16,0.0
17,1788891628.6649966,1788891628.6649966,1081,0.9000306129455566,5.802440166473389,-2.3561899662017822,2.3561899662017822,0.004363323096185923,0.05999999865889549,10.0,17,0.0
18,1788891628.7175245,1788891628.7175245,1081,0.8964239954948425,5.771891117095947,-2.3561899662017822,2.3561899662017822,0.004363323096185923,0.05999999865889549,10.0,18,0.0
19,1788891628.79001,1788891628.79001,1081,0.895021378993988,5.762391090393066,-2.3561899662017822,2.3561899662017822,0.004363323096185923,0.05999999865889549,10.0,19,0.0
20,1788891628.8422735,1788891628.8422735,1081,0.8944519758224487,5.745480060577393,-2.3561899662017822,2.3561899662017822,0.004363323096185923,0.05999999865889549,10.0,20,0.0
21,1788891628.8955934,1788891628.8955934,1081,0.8941527009010315,5.730742931365967,-2.3561899662017822,2.3561899662017822,0.004363323096185923,0.05999999865889549,10.0,21,0.0
22,1788891628.9658315,1788891628.9658315,1081,0.8938087821006775,5.724723815917969,-2.3561899662017822,2.3561899662017822,0.004363323096185923,0.05999999865889549,10.0,22,0.0
23,1788891629.0402396,1788891629.0402396,1081,0.8920012712478638,5.700899124145508,-2.3561899662017822,2.3561899662017822,0.004363323096185923,0.05999999865889549,10.0,23,0.0
24,1788891629.0903726,1788891629.0903726,1081,0.8898509740829468,5.687603950500488,-2.3561899662017822,2.3561899662017822,0.004363323096185923,0.05999999865889549,10.0,24,0.0
25,1788891629.142387,1788891629.142387,1081,0.8865606784820557,5.667531967163086,-2.3561899662017822,2.3561899662017822,0.004363323096185923,0.05999999865889549,10.0,25,0.0
26,1788891629.1966898,1788891629.1966898,1081,0.884331226348877,5.6541547775268555,-2.3561899662017822,2.3561899662017822,0.004363323096185923,0.05999999865889549,10.0,26,0.0
27,1788891629.2651803,1788891629.2651803,1081,0.882077693939209,5.640773773193359,-2.3561899662017822,2.3561899662017822,0.004363323096185923,0.05999999865889549,10.0,27,0.0
28,1788891629.3169498,1788891629.3169498,1081,0.8786457777023315,5.620722770690918,-2.3561899662017822,2.3561899662017822,0.004363323096185923,0.05999999865889549,10.0,28,0.0
29,1788891629.3700566,1788891629.3700566,1081,0.8763254284858704,5.607354164123535,-2.3561899662017822,2.3561899662017822,0.004363323096185923,0.05999999865889549,10.0,29,0.0
30,1788891629.4403524,1788891629.4403524,1081,0.8739805817604065,5.592588901519775,-2.3561899662017822,2.3561899662017822,0.004363323096185923,0.05999999865889549,10.0,30,0.0
31,1788891629.4923818,1788891629.4923818,1081,0.8714814782142639,5.569392204284668,-2.3561899662017822,2.3561899662017822,0.004363323096185923,0.05999999865889549,10.0,31,0.0
32,1788891629.5457888,1788891629.5457888,1081,0.871128499507904,5.556734085083008,-2.3561899662017822,2.3561899662017822,0.004363323096185923,0.05999999865889549,10.0,32,0.0
33,1788891629.6153238,1788891629.6153238,1081,0.8708459734916687,5.544172763824463,-2.3561899662017822,2.3561899662017822,0.004363323096185923,0.05999999865889549,10.0,33,0.0
34,1788891629.6671588,1788891629.6671588,1081,0.8705270290374756,5.524394989013672,-2.3561899662017822,2.3561899662017822,0.004363323096185923,0.05999999865889549,10.0,34,0.0
35,1788891629.7404978,1788891629.7404978,1081,0.8703858256340027,5.51190185546875,-2.3561899662017822,2.3561899662017822,0.004363323096185923,0.05999999865889549,10.0,35,0.0
36,1788891629.7908525,1788891629.7908525,1081,0.8695774078369141,5.497490882873535,-2.3561899662017822,2.3561899662017822,0.004363323096185923,0.05999999865889549,10.0,36,0.0
37,1788891629.8404837,1788891629.8404837,1081,0.8674756288528442,5.483457088470459,-2.3561899662017822,2.3561899662017822,0.004363323096185923,0.05999999865889549,10.0,37,0.0
38,1788891629.8935463,1788891629.8935463,1081,0.8639144897460938,5.461490154266357,-2.3561899662017822,2.3561899662017822,0.004363323096185923,0.05999999865889549,10.0,38,0.0
39,1788891629.9648085,1788891629.9648085,1081,0.8614963889122009,5.445812225341797,-2.3561899662017822,2.3561899662017822,0.004363323096185923,0.05999999865889549,10.0,39,0.0
40,1788891630.0169818,1788891630.0169818,1081,0.8577883839607239,5.424026966094971,-2.3561899662017822,2.3561899662017822,0.004363323096185923,0.05999999865889549,10.0,40,0.0
41,1788891630.0701776,1788891630.0701776,1081,0.8552606105804443,5.409904956817627,-2.3561899662017822,2.3561899662017822,0.004363323096185923,0.05999999865889549,10.0,41,0.0
42,1788891630.1221726,1788891630.1221726,1081,0.8526883125305176,5.394352912902832,-2.3561899662017822,2.3561899662017822,0.004363323096185923,0.05999999865889549,10.0,42,0.0
43,1788891630.1899085,1788891630.1899085,1081,0.8500682711601257,5.380384922027588,-2.3561899662017822,2.3561899662017822,0.004363323096185923,0.05999999865889549,10.0,43,0.0
44,1788891630.2430305,1788891630.2430305,1081,0.8460561037063599,5.3583760261535645,-2.3561899662017822,2.3561899662017822,0.004363323096185923,0.05999999865889549,10.0,44,0.0
45,1788891630.3154805,1788891630.3154805,1081,0.8442615866661072,5.343371868133545,-2.3561899662017822,2.3561899662017822,0.004363323096185923,0.05999999865889549,10.0,45,0.0
46,1788891630.367257,1788891630.367257,1081,0.8435220718383789,5.3251519203186035,-2.3561899662017822,2.3561899662017822,0.004363323096185923,0.05999999865889549,10.0,46,0.0
47,1788891630.421036,1788891630.421036,1081,0.8431606292724609,5.310934066772461,-2.3561899662017822,2.3561899662017822,0.004363323096185923,0.05999999865889549,10.0,47,0.0
48,1788891630.4907467,1788891630.4907467,1081,0.842856228351593,5.29837703704834,-2.3561899662017822,2.3561899662017822,0.004363323096185923,0.05999999865889549,10.0,48,0.0
49,1788891630.5415924,1788891630.5415924,1081,0.8425058126449585,5.27882194519043,-2.3561899662017822,2.3561899662017822,0.004363323096185923,0.05999999865889549,10.0,49,0.0
50,1788891630.5962925,1788891630.5962925,1081,0.840445876121521,5.265663146972656,-2.3561899662017822,2.3561899662017822,0.004363323096185923,0.05999999865889549,10.0,50,0.0
51,1788891630.6658478,1788891630.6658478,1081,0.8380007743835449,5.250207901000977,-2.3561899662017822,2.3561899662017822,0.004363323096185923,0.05999999865889549,10.0,51,0.0
52,1788891630.7176933,1788891630.7176933,1081,0.8332055807113647,5.228453159332275,-2.3561899662017822,2.3561899662017822,0.004363323096185923,0.05999999865889549,10.0,52,0.0
53,1788891630.790387,1788891630.790387,1081,0.8299521803855896,5.214418888092041,-2.3561899662017822,2.3561899662017822,0.004363323096185923,0.05999999865889549,10.0,53,0.0
54,1788891630.8405492,1788891630.8405492,1081,0.8266565799713135,5.198905944824219,-2.3561899662017822,2.3561899662017822,0.004363323096185923,0.05999999865889549,10.0,54,0.0
55,1788891630.8912048,1788891630.8912048,1081,0.8216270208358765,5.177079200744629,-2.3561899662017822,2.3561899662017822,0.004363323096185923,0.05999999865889549,10.0,55,0.0
56,1788891630.9650185,1788891630.9650185,1081,0.8182178139686584,5.162991046905518,-2.3561899662017822,2.3561899662017822,0.004363323096185923,0.05999999865889549,10.0,56,0.0
57,1788891631.015092,1788891631.015092,1081,0.8150318264961243,5.148114204406738,-2.3561899662017822,2.3561899662017822,0.004363323096185923,0.05999999865889549,10.0,57,0.0
58,1788891631.0657089,1788891631.0657089,1081,0.8134521245956421,5.134866237640381,-2.3561899662017822,2.3561899662017822,0.004363323096185923,0.05999999865889549,10.0,58,0.0
59,1788891631.118112,1788891631.118112,1081,0.8118116855621338,5.115289211273193,-2.3561899662017822,2.3561899662017822,0.004363323096185923,0.05999999865889549,10.0,59,0.0
60,1788891631.1712384,1788891631.1712384,1081,0.8107889890670776,5.102725982666016,-2.3561899662017822,2.3561899662017822,0.004363323096185923,0.05999999865889549,10.0,60,0.0
61,1788891631.239904,1788891631.239904,1081,0.8098235130310059,5.090171813964844,-2.3561899662017822,2.3561899662017822,0.004363323096185923,0.05999999865889549,10.0,61,0.0
62,1788891631.2898078,1788891631.2898078,1081,0.8089144229888916,5.0776472091674805,-2.3561899662017822,2.3561899662017822,0.004363323096185923,0.05999999865889549,10.0,62,0.0
63,1788891631.3404815,1788891631.3404815,1081,0.8071808218955994,5.0636138916015625,-2.3561899662017822,2.3561899662017822,0.004363323096185923,0.05999999865889549,10.0,63,0.0
64,1788891631.393173,1788891631.393173,1081,0.8025100827217102,5.042102813720703,-2.3561899662017822,2.3561899662017822,0.004363323096185923,0.05999999865889549,10.0,64,0.0
65,1788891631.465236,1788891631.465236,1081,0.7992932796478271,5.02801513671875,-2.3561899662017822,2.3561899662017822,0.004363323096185923,0.05999999865889549,10.0,65,0.0
66,1788891631.5168233,1788891631.5168233,1081,0.794386625289917,5.005557060241699,-2.3561899662017822,2.3561899662017822,0.004363323096185923,0.05999999865889549,10.0,66,0.0
67,1788891631.5715785,1788891631.5715785,1081,0.7910593152046204,4.990933895111084,-2.3561899662017822,2.3561899662017822,0.004363323096185923,0.05999999865889549,10.0,67,0.0
68,1788891631.6400986,1788891631.6400986,1081,0.7876893281936646,4.976776123046875,-2.3561899662017822,2.3561899662017822,0.004363323096185923,0.05999999865889549,10.0,68,0.0
69,1788891631.6926336,1788891631.6926336,1081,0.7825495004653931,4.953849792480469,-2.3561899662017822,2.3561899662017822,0.004363323096185923,0.05999999865889549,10.0,69,0.0
70,1788891631.7655797,1788891631.7655797,1081,0.7800343036651611,4.940371036529541,-2.3561899662017822,2.3561899662017822,0.004363323096185923,0.05999999865889549,10.0,70,0.0
71,1788891631.817546,1788891631.817546,1081,0.7782850861549377,4.9208807945251465,-2.3561899662017822,2.3561899662017822,0.004363323096185923,0.05999999865889549,10.0,71,0.0
72,1788891631.8710463,1788891631.8710463,1081,0.7772250175476074,4.908312797546387,-2.3561899662017822,2.3561899662017822,0.004363323096185923,0.05999999865889549,10.0,72,0.0
73,1788891631.940025,1788891631.940025,1081,0.7762212753295898,4.895768165588379,-2.3561899662017822,2.3561899662017822,0.004363323096185923,0.05999999865889549,10.0,73,0.0
74,1788891631.9903233,1788891631.9903233,1081,0.7744476199150085,4.88207483291626,-2.3561899662017822,2.3561899662017822,0.004363323096185923,0.05999999865889549,10.0,74,0.0
75,1788891632.0411916,1788891632.0411916,1081,0.7696602940559387,4.8605217933654785,-2.3561899662017822,2.3561899662017822,0.004363323096185923,0.05999999865889549,10.0,75,0.0
76,1788891632.0959451,1788891632.0959451,1081,0.766346275806427,4.846333026885986,-2.3561899662017822,2.3561899662017822,0.004363323096185923,0.05999999865889549,10.0,76,0.0
77,1788891632.1657856,1788891632.1657856,1081,0.7629882097244263,4.831211090087891,-2.3561899662017822,2.3561899662017822,0.004363323096185923,0.05999999865889549,10.0,77,0.0
78,1788891632.2151847,1788891632.2151847,1081,0.7578657865524292,4.809412956237793,-2.3561899662017822,2.3561899662017822,0.004363323096185923,0.05999999865889549,10.0,78,0.0
79,1788891632.2708135,1788891632.2708135,1081,0.7543951869010925,4.795155048370361,-2.3561899662017822,2.3561899662017822,0.004363323096185923,0.05999999865889549,10.0,79,0.0
80,1788891632.3405428,1788891632.3405428,1081,0.7508804202079773,4.780034065246582,-2.3561899662017822,2.3561899662017822,0.004363323096185923,0.05999999865889549,10.0,80,0.0
81,1788891632.3919554,1788891632.3919554,1081,0.7455248236656189,4.758179187774658,-2.3561899662017822,2.3561899662017822,0.004363323096185923,0.05999999865889549,10.0,81,0.0
82,1788891632.4452577,1788891632.4452577,1081,0.7418997883796692,4.74384880065918,-2.3561899662017822,2.3561899662017822,0.004363323096185923,0.05999999865889549,10.0,82,0.0
83,1788891632.49576,1788891632.49576,1081,0.738229513168335,4.728752136230469,-2.3561899662017822,2.3561899662017822,0.004363323096185923,0.05999999865889549,10.0,83,0.0
84,1788891632.5649786,1788891632.5649786,1081,0.7345126271247864,4.714745044708252,-2.3561899662017822,2.3561899662017822,0.004363323096185923,0.05999999865889549,10.0,84,0.0
85,1788891632.6152287,1788891632.6152287,1081,0.7310255169868469,4.700890064239502,-2.3561899662017822,2.3561899662017822,0.004363323096185923,0.05999999865889549,10.0,85,0.0
86,1788891632.668259,1788891632.668259,1081,0.7284510731697083,4.683215141296387,-2.3561899662017822,2.3561899662017822,0.004363323096185923,0.05999999865889549,10.0,86,0.0
87,1788891632.7206054,1788891632.7206054,1081,0.7270833849906921,4.670547008514404,-2.3561899662017822,2.3561899662017822,0.004363323096185923,0.05999999865889549,10.0,87,0.0
88,1788891632.7715917,1788891632.7715917,1081,0.7257714867591858,4.658977031707764,-2.3561899662017822,2.3561899662017822,0.004363323096185923,0.05999999865889549,10.0,88,0.0
89,1788891632.840628,1788891632.840628,1081,0.7228335738182068,4.645683765411377,-2.3561899662017822,2.3561899662017822,0.004363323096185923,0.05999999865889549,10.0,89,0.0
90,1788891632.8916984,1788891632.8916984,1081,0.7174388766288757,4.625133991241455,-2.3561899662017822,2.3561899662017822,0.004363323096185923,0.05999999865889549,10.0,90,0.0
91,1788891632.9455957,1788891632.9455957,1081,0.713754415512085,4.6114349365234375,-2.3561899662017822,2.3561899662017822,0.004363323096185923,0.05999999865889549,10.0,91,0.0
92,1788891633.0149465,1788891633.0149465,1081,0.7100250720977783,4.597754001617432,-2.3561899662017822,2.3561899662017822,0.004363323096185923,0.05999999865889549,10.0,92,0.0
93,1788891633.0660555,1788891633.0660555,1081,0.7062504291534424,4.584121227264404,-2.3561899662017822,2.3561899662017822,0.004363323096185923,0.05999999865889549,10.0,93,0.0
94,1788891633.1166675,1788891633.1166675,1081,0.700506329536438,4.563717842102051,-2.3561899662017822,2.3561899662017822,0.004363323096185923,0.05999999865889549,10.0,94,0.0
95,1788891633.1903863,1788891633.1903863,1081,0.696622371673584,4.550137996673584,-2.3561899662017822,2.3561899662017822,0.004363323096185923,0.05999999865889549,10.0,95,0.0
96,1788891633.2413158,1788891633.2413158,1081,0.6907119750976562,4.529821872711182,-2.3561899662017822,2.3561899662017822,0.004363323096185923,0.05999999865889549,10.0,96,0.0
97,1788891633.2953968,1788891633.2953968,1081,0.6867175102233887,4.516321182250977,-2.3561899662017822,2.3561899662017822,0.004363323096185923,0.05999999865889549,10.0,97,0.0
98,1788891633.3654397,1788891633.3654397,1081,0.6826766133308411,4.502833843231201,-2.3561899662017822,2.3561899662017822,0.004363323096185923,0.05999999865889549,10.0,98,0.0
99,1788891633.4151745,1788891633.4151745,1081,0.6785920858383179,4.489360809326172,-2.3561899662017822,2.3561899662017822,0.004363323096185923,0.05999999865889549,10.0,99,0.0
100,1788891633.4658263,1788891633.4658263,1081,0.6744629144668579,4.475934982299805,-2.3561899662017822,2.3561899662017822,0.004363323096185923,0.05999999865889549,10.0,100,0.0
101,1788891633.5173917,1788891633.5173917,1081,0.6681843996047974,4.455657958984375,-2.3561899662017822,2.3561899662017822,0.004363323096185923,0.05999999865889549,10.0,101,0.0
102,1788891633.571485,1788891633.571485,1081,0.6639441847801208,4.440499782562256,-2.3561899662017822,2.3561899662017822,0.004363323096185923,0.05999999865889549,10.0,102,0.0
103,1788891633.6405396,1788891633.6405396,1081,0.6596574187278748,4.427093982696533,-2.3561899662017822,2.3561899662017822,0.004363323096185923,0.05999999865889549,10.0,103,0.0
104,1788891633.6909854,1788891633.6909854,1081,0.6553264260292053,4.411747932434082,-2.3561899662017822,2.3561899662017822,0.004363323096185923,0.05999999865889549,10.0,104,0.0
105,1788891633.740407,1788891633.740407,1081,0.6509522199630737,4.398335933685303,-2.3561899662017822,2.3561899662017822,0.004363323096185923,0.05999999865889549,10.0,105,0.0
106,1788891633.7926025,1788891633.7926025,1081,0.6443064212799072,4.376227855682373,-2.3561899662017822,2.3561899662017822,0.004363323096185923,0.05999999865889549,10.0,106,0.0
107,1788891633.8455443,1788891633.8455443,1081,0.6398199796676636,4.362631797790527,-2.3561899662017822,2.3561899662017822,0.004363323096185923,0.05999999865889549,10.0,107,0.0
108,1788891633.915188,1788891633.915188,1081,0.6352894902229309,4.347401142120361,-2.3561899662017822,2.3561899662017822,0.004363323096185923,0.05999999865889549,10.0,108,0.0
109,1788891633.9654934,1788891633.9654934,1081,0.6307147145271301,4.333975791931152,-2.3561899662017822,2.3561899662017822,0.004363323096185923,0.05999999865889549,10.0,109,0.0
110,1788891634.0167463,1788891634.0167463,1081,0.6239538788795471,4.311101913452148,-2.3561899662017822,2.3561899662017822,0.004363323096185923,0.05999999865889549,10.0,110,0.0
111,1788891634.0906093,1788891634.0906093,1081,0.6193739771842957,4.295482158660889,-2.3561899662017822,2.3561899662017822,0.004363323096185923,0.05999999865889549,10.0,111,0.0
112,1788891634.1421795,1788891634.1421795,1081,0.6124358177185059,4.2724609375,-2.3561899662017822,2.3561899662017822,0.004363323096185923,0.05999999865889549,10.0,112,0.0
113,1788891634.2149358,1788891634.2149358,1081,0.6077744960784912,4.257225036621094,-2.3561899662017822,2.3561899662017822,0.004363323096185923,0.05999999865889549,10.0,113,0.0
114,1788891634.265819,1788891634.265819,1081,0.6030895113945007,4.241982936859131,-2.3561899662017822,2.3561899662017822,0.004363323096185923,0.05999999865889549,10.0,114,0.0
115,1788891634.3154342,1788891634.3154342,1081,0.598377525806427,4.226772785186768,-2.3561899662017822,2.3561899662017822,0.004363323096185923,0.05999999865889549,10.0,115,0.0
116,1788891634.367389,1788891634.367389,1081,0.5912588238716125,4.203950881958008,-2.3561899662017822,2.3561899662017822,0.004363323096185923,0.05999999865889549,10.0,116,0.0
117,1788891634.419776,1788891634.419776,1081,0.5864818096160889,4.188340187072754,-2.3561899662017822,2.3561899662017822,0.004363323096185923,0.05999999865889549,10.0,117,0.0
118,1788891634.4900591,1788891634.4900591,1081,0.5816764235496521,4.172682762145996,-2.3561899662017822,2.3561899662017822,0.004363323096185923,0.05999999865889549,10.0,118,0.0
119,1788891634.540672,1788891634.540672,1081,0.5768468976020813,4.15703010559082,-2.3561899662017822,2.3561899662017822,0.004363323096185923,0.05999999865889549,10.0,119,0.0
120,1788891634.591736,1788891634.591736,1081,0.5695505142211914,4.133592128753662,-2.3561899662017822,2.3561899662017822,0.004363323096185923,0.05999999865889549,10.0,120,0.0
121,1788891634.6656113,1788891634.6656113,1081,0.5646553039550781,4.117971897125244,-2.3561899662017822,2.3561899662017822,0.004363323096185923,0.05999999865889549,10.0,121,0.0
122,1788891634.7152846,1788891634.7152846,1081,0.5597329139709473,4.102712154388428,-2.3561899662017822,2.3561899662017822,0.004363323096185923,0.05999999865889549,10.0,122,0.0
123,1788891634.7678738,1788891634.7678738,1081,0.5523002743721008,4.079831123352051,-2.3561899662017822,2.3561899662017822,0.004363323096185923,0.05999999865889549,10.0,123,0.0
124,1788891634.8223572,1788891634.8223572,1081,0.547312319278717,4.064580917358398,-2.3561899662017822,2.3561899662017822,0.004363323096185923,0.05999999865889549,10.0,124,0.0
125,1788891634.8898473,1788891634.8898473,1081,0.5422974824905396,4.049349784851074,-2.3561899662017822,2.3561899662017822,0.004363323096185923,0.05999999865889549,10.0,125,0.0
126,1788891634.940208,1788891634.940208,1081,0.5352007150650024,4.026325225830078,-2.3561899662017822,2.3561899662017822,0.004363323096185923,0.05999999865889549,10.0,126,0.0
127,1788891634.9960525,1788891634.9960525,1081,0.5308743715286255,4.010630130767822,-2.3561899662017822,2.3561899662017822,0.004363323096185923,0.05999999865889549,10.0,127,0.0
128,1788891635.065224,1788891635.065224,1081,0.526863694190979,3.9969000816345215,-2.3561899662017822,2.3561899662017822,0.004363323096185923,0.05999999865889549,10.0,128,0.0
129,1788891635.1159484,1788891635.1159484,1081,0.5232744812965393,3.9819579124450684,-2.3561899662017822,2.3561899662017822,0.004363323096185923,0.05999999865889549,10.0,129,0.0
130,1788891635.1658168,1788891635.1658168,1081,0.5201036930084229,3.9678590297698975,-2.3561899662017822,2.3561899662017822,0.004363323096185923,0.05999999865889549,10.0,130,0.0
131,1788891635.2176757,1788891635.2176757,1081,0.5158662796020508,3.945631980895996,-2.3561899662017822,2.3561899662017822,0.004363323096185923,0.05999999865889549,10.0,131,0.0
132,1788891635.270276,1788891635.270276,1081,0.5139006972312927,3.930669069290161,-2.3561899662017822,2.3561899662017822,0.004363323096185923,0.05999999865889549,10.0,132,0.0
133,1788891635.339887,1788891635.339887,1081,0.5123264193534851,3.9154140949249268,-2.3561899662017822,2.3561899662017822,0.004363323096185923,0.05999999865889549,10.0,133,0.0
134,1788891635.39184,1788891635.39184,1081,0.5098609924316406,3.8931310176849365,-2.3561899662017822,2.3561899662017822,0.004363323096185923,0.05999999865889549,10.0,134,0.0
135,1788891635.4658124,1788891635.4658124,1081,0.5083714127540588,3.877882957458496,-2.3561899662017822,2.3561899662017822,0.004363323096185923,0.05999999865889549,10.0,135,0.0
136,1788891635.5178387,1788891635.5178387,1081,0.505784273147583,3.8551290035247803,-2.3561899662017822,2.3561899662017822,0.004363323096185923,0.05999999865889549,10.0,136,0.0
137,1788891635.5901418,1788891635.5901418,1081,0.5038748979568481,3.8408689498901367,-2.3561899662017822,2.3561899662017822,0.004363323096185923,0.05999999865889549,10.0,137,0.0
138,1788891635.6429868,1788891635.6429868,1081,0.5009310841560364,3.819257974624634,-2.3561899662017822,2.3561899662017822,0.004363323096185923,0.05999999865889549,10.0,138,0.0
139,1788891635.6961143,1788891635.6961143,1081,0.4989157021045685,3.8044281005859375,-2.3561899662017822,2.3561899662017822,0.004363323096185923,0.05999999865889549,10.0,139,0.0
140,1788891635.7460794,1788891635.7460794,1081,0.4968506991863251,3.790060043334961,-2.3561899662017822,2.3561899662017822,0.004363323096185923,0.05999999865889549,10.0,140,0.0
141,1788891635.8151,1788891635.8151,1081,0.4947377145290375,3.775559902191162,-2.3561899662017822,2.3561899662017822,0.004363323096185923,0.05999999865889549,10.0,141,0.0
142,1788891635.868103,1788891635.868103,1081,0.4914880096912384,3.754163980484009,-2.3561899662017822,2.3561899662017822,0.004363323096185923,0.05999999865889549,10.0,142,0.0
143,1788891635.9399629,1788891635.9399629,1081,0.48926040530204773,3.7390270233154297,-2.3561899662017822,2.3561899662017822,0.004363323096185923,0.05999999865889549,10.0,143,0.0
144,1788891635.9904563,1788891635.9904563,1081,0.4869909882545471,3.724910020828247,-2.3561899662017822,2.3561899662017822,0.004363323096185923,0.05999999865889549,10.0,144,0.0
145,1788891636.0398543,1788891636.0398543,1081,0.48467370867729187,3.710057020187378,-2.3561899662017822,2.3561899662017822,0.004363323096185923,0.05999999865889549,10.0,145,0.0
146,1788891636.0899622,1788891636.0899622,1081,0.48230838775634766,3.6956329345703125,-2.3561899662017822,2.3561899662017822,0.004363323096185923,0.05999999865889549,10.0,146,0.0
147,1788891636.1418257,1788891636.1418257,1081,0.47867920994758606,3.6734399795532227,-2.3561899662017822,2.3561899662017822,0.004363323096185923,0.05999999865889549,10.0,147,0.0
148,1788891636.1957622,1788891636.1957622,1081,0.4761982858181,3.659614086151123,-2.3561899662017822,2.3561899662017822,0.004363323096185923,0.05999999865889549,10.0,148,0.0
149,1788891636.2651715,1788891636.2651715,1081,0.4736771881580353,3.64438796043396,-2.3561899662017822,2.3561899662017822,0.004363323096185923,0.05999999865889549,10.0,149,0.0
150,1788891636.3171608,1788891636.3171608,1081,0.4698024094104767,3.6229100227355957,-2.3561899662017822,2.3561899662017822,0.004363323096185923,0.05999999865889549,10.0,150,0.0
151,1788891636.3901088,1788891636.3901088,1081,0.4671665132045746,3.607697010040283,-2.3561899662017822,2.3561899662017822,0.004363323096185923,0.05999999865889549,10.0,151,0.0
152,1788891636.4400241,1788891636.4400241,1081,0.46447908878326416,3.5937750339508057,-2.3561899662017822,2.3561899662017822,0.004363323096185923,0.05999999865889549,10.0,152,0.0
153,1788891636.4914837,1788891636.4914837,1081,0.46036839485168457,3.571568012237549,-2.3561899662017822,2.3561899662017822,0.004363323096185923,0.05999999865889549,10.0,153,0.0
154,1788891636.545465,1788891636.545465,1081,0.4575673043727875,3.5569939613342285,-2.3561899662017822,2.3561899662017822,0.004363323096185923,0.05999999865889549,10.0,154,0.0
155,1788891636.6158097,1788891636.6158097,1081,0.4547230005264282,3.54217791557312,-2.3561899662017822,2.3561899662017822,0.004363323096185923,0.05999999865889549,10.0,155,0.0
156,1788891636.6669078,1788891636.6669078,1081,0.4503689110279083,3.5201780796051025,-2.3561899662017822,2.3561899662017822,0.004363323096185923,0.05999999865889549,10.0,156,0.0
157,1788891636.721395,1788891636.721395,1081,0.44740989804267883,3.506067991256714,-2.3561899662017822,2.3561899662017822,0.004363323096185923,0.05999999865889549,10.0,157,0.0
158,1788891636.7899606,1788891636.7899606,1081,0.44440510869026184,3.490921974182129,-2.3561899662017822,2.3561899662017822,0.004363323096185923,0.05999999865889549,10.0,158,0.0
159,1788891636.8402486,1788891636.8402486,1081,0.4413529932498932,3.476633071899414,-2.3561899662017822,2.3561899662017822,0.004363323096185923,0.05999999865889549,10.0,159,0.0
160,1788891636.891901,1788891636.891901,1081,0.4366919994354248,3.454040050506592,-2.3561899662017822,2.3561899662017822,0.004363323096185923,0.05999999865889549,10.0,160,0.0
161,1788891636.946198,1788891636.946198,1081,0.4335280954837799,3.439910888671875,-2.3561899662017822,2.3561899662017822,0.004363323096185923,0.05999999865889549,10.0,161,0.0
162,1788891637.0148892,1788891637.0148892,1081,0.4303201138973236,3.4247100353240967,-2.3561899662017822,2.3561899662017822,0.004363323096185923,0.05999999865889549,10.0,162,0.0
163,1788891637.067523,1788891637.067523,1081,0.4254179894924164,3.4029479026794434,-2.3561899662017822,2.3561899662017822,0.004363323096185923,0.05999999865889549,10.0,163,0.0
164,1788891637.1200466,1788891637.1200466,1081,0.42209601402282715,3.3881990909576416,-2.3561899662017822,2.3561899662017822,0.004363323096185923,0.05999999865889549,10.0,164,0.0
165,1788891637.1711607,1788891637.1711607,1081,0.4187260866165161,3.3741281032562256,-2.3561899662017822,2.3561899662017822,0.004363323096185923,0.05999999865889549,10.0,165,0.0
166,1788891637.2404263,1788891637.2404263,1081,0.41531598567962646,3.359426975250244,-2.3561899662017822,2.3561899662017822,0.004363323096185923,0.05999999865889549,10.0,166,0.0
167,1788891637.2921445,1788891637.2921445,1081,0.4101065993309021,3.338728904724121,-2.3561899662017822,2.3561899662017822,0.004363323096185923,0.05999999865889549,10.0,167,0.0
168,1788891637.3653646,1788891637.3653646,1081,0.4065799117088318,3.3238730430603027,-2.3561899662017822,2.3561899662017822,0.004363323096185923,0.05999999865889549,10.0,168,0.0
169,1788891637.416159,1788891637.416159,1081,0.4012027978897095,3.3031580448150635,-2.3561899662017822,2.3561899662017822,0.004363323096185923,0.05999999865889549,10.0,169,0.0
170,1788891637.4699311,1788891637.4699311,1081,0.3978002965450287,3.288408041000366,-2.3561899662017822,2.3561899662017822,0.004363323096185923,0.05999999865889549,10.0,170,0.0
171,1788891637.5400932,1788891637.5400932,1081,0.39431190490722656,3.2732110023498535,-2.3561899662017822,2.3561899662017822,0.004363323096185923,0.05999999865889549,10.0,171,0.0
172,1788891637.5924795,1788891637.5924795,1081,0.38880670070648193,3.2510769367218018,-2.3561899662017822,2.3561899662017822,0.004363323096185923,0.05999999865889549,10.0,172,0.0
173,1788891637.6467004,1788891637.6467004,1081,0.3850480020046234,3.2363169193267822,-2.3561899662017822,2.3561899662017822,0.004363323096185923,0.05999999865889549,10.0,173,0.0
174,1788891637.7158356,1788891637.7158356,1081,0.37934279441833496,3.215622901916504,-2.3561899662017822,2.3561899662017822,0.004363323096185923,0.05999999865889549,10.0,174,0.0
175,1788891637.7704093,1788891637.7704093,1081,0.3754824101924896,3.2006289958953857,-2.3561899662017822,2.3561899662017822,0.004363323096185923,0.05999999865889549,10.0,175,0.0
176,1788891637.8398361,1788891637.8398361,1081,0.37158191204071045,3.186815023422241,-2.3561899662017822,2.3561899662017822,0.004363323096185923,0.05999999865889549,10.0,176,0.0
177,1788891637.8903043,1788891637.8903043,1081,0.3676289916038513,3.173029899597168,-2.3561899662017822,2.3561899662017822,0.004363323096185923,0.05999999865889549,10.0,177,0.0
178,1788891637.9422488,1788891637.9422488,1081,0.361490398645401,3.1520609855651855,-2.3561899662017822,2.3561899662017822,0.004363323096185923,0.05999999865889549,10.0,178,0.0
179,1788891637.9958663,1788891637.9958663,1081,0.357342004776001,3.138416051864624,-2.3561899662017822,2.3561899662017822,0.004363323096185923,0.05999999865889549,10.0,179,0.0
180,1788891638.0650828,1788891638.0650828,1081,0.3531515896320343,3.125308036804199,-2.3561899662017822,2.3561899662017822,0.004363323096185923,0.05999999865889549,10.0,180,0.0
181,1788891638.1167965,1788891638.1167965,1081,0.34676310420036316,3.109339952468872,-2.3561899662017822,2.3561899662017822,0.004363323096185923,0.05999999865889549,10.0,181,0.0
182,1788891638.170391,1788891638.170391,1081,0.3425809144973755,3.109934091567993,-2.3561899662017822,2.3561899662017822,0.004363323096185923,0.05999999865889549,10.0,182,0.0
183,1788891638.2211802,1788891638.2211802,1081,0.3382585048675537,3.1109530925750732,-2.3561899662017822,2.3561899662017822,0.004363323096185923,0.05999999865889549,10.0,183,0.0
184,1788891638.2899013,1788891638.2899013,1081,0.33388909697532654,3.1127350330352783,-2.3561899662017822,2.3561899662017822,0.004363323096185923,0.05999999865889549,10.0,184,0.0
185,1788891638.3403246,1788891638.3403246,1081,0.32986029982566833,3.1199519634246826,-2.3561899662017822,2.3561899662017822,0.004363323096185923,0.05999999865889549,10.0,185,0.0
186,1788891638.3921685,1788891638.3921685,1081,0.32483118772506714,3.1301798820495605,-2.3561899662017822,2.3561899662017822,0.004363323096185923,0.05999999865889549,10.0,186,0.0
187,1788891638.4652853,1788891638.4652853,1081,0.3222387135028839,3.1410889625549316,-2.3561899662017822,2.3561899662017822,0.004363323096185923,0.05999999865889549,10.0,187,0.0
188,1788891638.515425,1788891638.515425,1081,0.3203218877315521,3.15401291847229,-2.3561899662017822,2.3561899662017822,0.004363323096185923,0.05999999865889549,10.0,188,0.0
189,1788891638.5661926,1788891638.5661926,1081,0.31794819235801697,3.172640085220337,-2.3561899662017822,2.3561899662017822,0.004363323096185923,0.05999999865889549,10.0,189,0.0
190,1788891638.6206272,1788891638.6206272,1081,0.31714311242103577,3.1912190914154053,-2.3561899662017822,2.3561899662017822,0.004363323096185923,0.05999999865889549,10.0,190,0.0
191,1788891638.6906104,1788891638.6906104,1081,0.3168675899505615,3.211688995361328,-2.3561899662017822,2.3561899662017822,0.004363323096185923,0.05999999865889549,10.0,191,0.0
192,1788891638.7422724,1788891638.7422724,1081,0.3174014985561371,3.23834490776062,-2.3561899662017822,2.3561899662017822,0.004363323096185923,0.05999999865889549,10.0,192,0.0
193,1788891638.7949135,1788891638.7949135,1081,0.31844979524612427,3.271604061126709,-2.3561899662017822,2.3561899662017822,0.004363323096185923,0.05999999865889549,10.0,193,0.0
194,1788891638.8461182,1788891638.8461182,1081,0.3200136125087738,3.299314022064209,-2.3561899662017822,2.3561899662017822,0.004363323096185923,0.05999999865889549,10.0,194,0.0
195,1788891638.8988678,1788891638.8988678,1081,0.32223939895629883,3.329308032989502,-2.3561899662017822,2.3561899662017822,0.004363323096185923,0.05999999865889549,10.0,195,0.0
196,1788891638.9657173,1788891638.9657173,1081,0.32481539249420166,3.3715760707855225,-2.3561899662017822,2.3561899662017822,0.004363323096185923,0.05999999865889549,10.0,196,0.0
197,1788891639.0154889,1788891639.0154889,1081,0.32794681191444397,3.3966379165649414,-2.3561899662017822,2.3561899662017822,0.004363323096185923,0.05999999865889549,10.0,197,0.0
198,1788891639.06707,1788891639.06707,1081,0.33311760425567627,3.442863941192627,-2.3561899662017822,2.3561899662017822,0.004363323096185923,0.05999999865889549,10.0,198,0.0
199,1788891639.1406024,1788891639.1406024,1081,0.3353317081928253,3.4676549434661865,-2.3561899662017822,2.3561899662017822,0.004363323096185923,0.05999999865889549,10.0,199,0.0
200,1788891639.1931813,1788891639.1931813,1081,0.33583131432533264,3.4894309043884277,-2.3561899662017822,2.3561899662017822,0.004363323096185923,0.05999999865889549,10.0,200,0.0
201,1788891639.246067,1788891639.246067,1081,0.3356871008872986,3.518568992614746,-2.3561899662017822,2.3561899662017822,0.004363323096185923,0.05999999865889549,10.0,201,0.0
202,1788891639.2957337,1788891639.2957337,1081,0.33546409010887146,3.53617000579834,-2.3561899662017822,2.3561899662017822,0.004363323096185923,0.05999999865889549,10.0,202,0.0
203,1788891639.3657417,1788891639.3657417,1081,0.3351612091064453,3.5543930530548096,-2.3561899662017822,2.3561899662017822,0.004363323096185923,0.05999999865889549,10.0,203,0.0
204,1788891639.41766,1788891639.41766,1081,0.3345435857772827,3.5829479694366455,-2.3561899662017822,2.3561899662017822,0.004363323096185923,0.05999999865889549,10.0,204,0.0
205,1788891639.4710824,1788891639.4710824,1081,0.33403220772743225,3.602816104888916,-2.3561899662017822,2.3561899662017822,0.004363323096185923,0.05999999865889549,10.0,205,0.0
206,1788891639.5402951,1788891639.5402951,1081,0.33343270421028137,3.623392105102539,-2.3561899662017822,2.3561899662017822,0.004363323096185923,0.05999999865889549,10.0,206,0.0
207,1788891639.5918787,1788891639.5918787,1081,0.3323720097541809,3.6706740856170654,-2.3561899662017822,2.3561899662017822,0.004363323096185923,0.05999999865889549,10.0,207,0.0
208,1788891639.6470385,1788891639.6470385,1081,0.33155348896980286,3.6935269832611084,-2.3561899662017822,2.3561899662017822,0.004363323096185923,0.05999999865889549,10.0,208,0.0
209,1788891639.7153592,1788891639.7153592,1081,0.33065369725227356,3.7171630859375,-2.3561899662017822,2.3561899662017822,0.004363323096185923,0.05999999865889549,10.0,209,0.0
210,1788891639.7650466,1788891639.7650466,1081,0.32966840267181396,3.758112907409668,-2.3561899662017822,2.3561899662017822,0.004363323096185923,0.05999999865889549,10.0,210,0.0
211,1788891639.8148086,1788891639.8148086,1081,0.32859331369400024,3.7838950157165527,-2.3561899662017822,2.3561899662017822,0.004363323096185923,0.05999999865889549,10.0,211,0.0
212,1788891639.868361,1788891639.868361,1081,0.3268217146396637,3.842165946960449,-2.3561899662017822,2.3561899662017822,0.004363323096185923,0.05999999865889549,10.0,212,0.0
213,1788891639.919738,1788891639.919738,1081,0.32553181052207947,3.8707900047302246,-2.3561899662017822,2.3561899662017822,0.004363323096185923,0.05999999865889549,10.0,213,0.0
214,1788891639.9711697,1788891639.9711697,1081,0.3242954909801483,3.9183640480041504,-2.3561899662017822,2.3561899662017822,0.004363323096185923,0.05999999865889549,10.0,214,0.0
215,1788891640.0406206,1788891640.0406206,1081,0.32293230295181274,3.9693470001220703,-2.3561899662017822,2.3561899662017822,0.004363323096185923,0.05999999865889549,10.0,215,0.0
216,1788891640.0910137,1788891640.0910137,1081,0.32145729660987854,4.0230607986450195,-2.3561899662017822,2.3561899662017822,0.004363323096185923,0.05999999865889549,10.0,216,0.0
217,1788891640.1425216,1788891640.1425216,1081,0.3189525902271271,4.098769187927246,-2.3561899662017822,2.3561899662017822,0.004363323096185923,0.05999999865889549,10.0,217,0.0
218,1788891640.195867,1788891640.195867,1081,0.317169189453125,4.159392833709717,-2.3561899662017822,2.3561899662017822,0.004363323096185923,0.05999999865889549,10.0,218,0.0
219,1788891640.2651172,1788891640.2651172,1081,0.31530559062957764,4.198911190032959,-2.3561899662017822,2.3561899662017822,0.004363323096185923,0.05999999865889549,10.0,219,0.0
220,1788891640.3153985,1788891640.3153985,1081,0.3133598864078522,4.264787197113037,-2.3561899662017822,2.3561899662017822,0.004363323096185923,0.05999999865889549,10.0,220,0.0
221,1788891640.3677175,1788891640.3677175,1081,0.3102785050868988,4.3568501472473145,-2.3561899662017822,2.3561899662017822,0.004363323096185923,0.05999999865889549,10.0,221,0.0
222,1788891640.4402425,1788891640.4402425,1081,0.3081207871437073,4.429440021514893,-2.3561899662017822,2.3561899662017822,0.004363323096185923,0.05999999865889549,10.0,222,0.0
223,1788891640.4911015,1788891640.4911015,1081,0.30587470531463623,4.5039381980896,-2.3561899662017822,2.3561899662017822,0.004363323096185923,0.05999999865889549,10.0,223,0.0
224,1788891640.5426238,1788891640.5426238,1081,0.3023526072502136,4.638429164886475,-2.3561899662017822,2.3561899662017822,0.004363323096185923,0.05999999865889549,10.0,224,0.0
225,1788891640.5949426,1788891640.5949426,1081,0.29989808797836304,4.724356174468994,-2.3561899662017822,2.3561899662017822,0.004363323096185923,0.05999999865889549,10.0,225,0.0
226,1788891640.6655245,1788891640.6655245,1081,0.29735881090164185,4.8151631355285645,-2.3561899662017822,2.3561899662017822,0.004363323096185923,0.05999999865889549,10.0,226,0.0
227,1788891640.7177389,1788891640.7177389,1081,0.2933967113494873,4.979568004608154,-2.3561899662017822,2.3561899662017822,0.004363323096185923,0.05999999865889549,10.0,227,0.0
228,1788891640.7704253,1788891640.7704253,1081,0.29064810276031494,5.07785701751709,-2.3561899662017822,2.3561899662017822,0.004363323096185923,0.05999999865889549,10.0,228,0.0
229,1788891640.8400626,1788891640.8400626,1081,0.2878167927265167,5.148777961730957,-2.3561899662017822,2.3561899662017822,0.004363323096185923,0.05999999865889549,10.0,229,0.0
230,1788891640.8900387,1788891640.8900387,1081,0.2850083112716675,5.250791072845459,-2.3561899662017822,2.3561899662017822,0.004363323096185923,0.05999999865889549,10.0,230,0.0
231,1788891640.9405382,1788891640.9405382,1081,0.28224021196365356,5.332688808441162,-2.3561899662017822,2.3561899662017822,0.004363323096185923,0.05999999865889549,10.0,231,0.0
232,1788891640.99065,1788891640.99065,1081,0.27952080965042114,5.4224982261657715,-2.3561899662017822,2.3561899662017822,0.004363323096185923,0.05999999865889549,10.0,232,0.0
233,1788891641.0407853,1788891641.0407853,1081,0.2769047021865845,5.513473987579346,-2.3561899662017822,2.3561899662017822,0.004363323096185923,0.05999999865889549,10.0,233,0.0
234,1788891641.0908353,1788891641.0908353,1081,0.27442988753318787,5.591214179992676,-2.3561899662017822,2.3561899662017822,0.004363323096185923,0.05999999865889549,10.0,234,0.0
235,1788891641.141174,1788891641.141174,1081,0.271076500415802,5.673019886016846,-2.3561899662017822,2.3561899662017822,0.004363323096185923,0.05999999865889549,10.0,235,0.0
236,1788891641.1954892,1788891641.1954892,1081,0.26907050609588623,5.687702178955078,-2.3561899662017822,2.3561899662017822,0.004363323096185923,0.05999999865889549,10.0,236,0.0
237,1788891641.2457674,1788891641.2457674,1081,0.267281711101532,5.710691928863525,-2.3561899662017822,2.3561899662017822,0.004363323096185923,0.05999999865889549,10.0,237,0.0
238,1788891641.3152256,1788891641.3152256,1081,0.26551979780197144,5.7298078536987305,-2.3561899662017822,2.3561899662017822,0.004363323096185923,0.05999999865889549,10.0,238,0.0
239,1788891641.3676102,1788891641.3676102,1081,0.26292848587036133,5.761054992675781,-2.3561899662017822,2.3561899662017822,0.004363323096185923,0.05999999865889549,10.0,239,0.0
240,1788891641.4215636,1788891641.4215636,1081,0.2615255117416382,5.7768049240112305,-2.3561899662017822,2.3561899662017822,0.004363323096185923,0.05999999865889549,10.0,240,0.0
241,1788891641.4906137,1788891641.4906137,1081,0.26023489236831665,5.801033973693848,-2.3561899662017822,2.3561899662017822,0.004363323096185923,0.05999999865889549,10.0,241,0.0
242,1788891641.541196,1788891641.541196,1081,0.25848209857940674,5.834571838378906,-2.3561899662017822,2.3561899662017822,0.004363323096185923,0.05999999865889549,10.0,242,0.0
243,1788891641.615472,1788891641.615472,1081,0.25770848989486694,5.832604885101318,-2.3561899662017822,2.3561899662017822,0.004363323096185923,0.05999999865889549,10.0,243,0.0
244,1788891641.6651895,1788891641.6651895,1081,0.2570160925388336,5.8391947746276855,-2.3561899662017822,2.3561899662017822,0.004363323096185923,0.05999999865889549,10.0,244,0.0
245,1788891641.7178829,1788891641.7178829,1081,0.2561396062374115,5.838586807250977,-2.3561899662017822,2.3561899662017822,0.004363323096185923,0.05999999865889549,10.0,245,0.0
246,1788891641.7899137,1788891641.7899137,1081,0.25598931312561035,5.8366851806640625,-2.3561899662017822,2.3561899662017822,0.004363323096185923,0.05999999865889549,10.0,246,0.0
247,1788891641.8399274,1788891641.8399274,1081,0.2561933100223541,5.841517925262451,-2.3561899662017822,2.3561899662017822,0.004363323096185923,0.05999999865889549,10.0,247,0.0
248,1788891641.8900063,1788891641.8900063,1081,0.2572416067123413,5.84461784362793,-2.3561899662017822,2.3561899662017822,0.004363323096185923,0.05999999865889549,10.0,248,0.0
249,1788891641.940176,1788891641.940176,1081,0.25868749618530273,5.8393402099609375,-2.3561899662017822,2.3561899662017822,0.004363323096185923,0.05999999865889549,10.0,249,0.0
250,1788891641.9920995,1788891641.9920995,1081,0.261432409286499,5.849193096160889,-2.3561899662017822,2.3561899662017822,0.004363323096185923,0.05999999865889549,10.0,250,0.0
251,1788891642.0460176,1788891642.0460176,1081,0.2632687985897064,5.853063106536865,-2.3561899662017822,2.3561899662017822,0.004363323096185923,0.05999999865889549,10.0,251,0.0
252,1788891642.115247,1788891642.115247,1081,0.2650020122528076,5.847794055938721,-2.3561899662017822,2.3561899662017822,0.004363323096185923,0.05999999865889549,10.0,252,0.0
253,1788891642.1672227,1788891642.1672227,1081,0.2674049139022827,5.858652114868164,-2.3561899662017822,2.3561899662017822,0.004363323096185923,0.05999999865889549,10.0,253,0.0
254,1788891642.2214837,1788891642.2214837,1081,0.26887691020965576,5.863006114959717,-2.3561899662017822,2.3561899662017822,0.004363323096185923,0.05999999865889549,10.0,254,0.0
255,1788891642.2904584,1788891642.2904584,1081,0.2702473998069763,5.857664108276367,-2.3561899662017822,2.3561899662017822,0.004363323096185923,0.05999999865889549,10.0,255,0.0
256,1788891642.3401306,1788891642.3401306,1081,0.2716447114944458,5.8610711097717285,-2.3561899662017822,2.3561899662017822,0.004363323096185923,0.05999999865889549,10.0,256,0.0
257,1788891642.3902936,1788891642.3902936,1081,0.27311810851097107,5.872945785522461,-2.3561899662017822,2.3561899662017822,0.004363323096185923,0.05999999865889549,10.0,257,0.0
258,1788891642.4431636,1788891642.4431636,1081,0.27515751123428345,5.868628978729248,-2.3561899662017822,2.3561899662017822,0.004363323096185923,0.05999999865889549,10.0,258,0.0
259,1788891642.4973218,1788891642.4973218,1081,0.2763986885547638,5.867793083190918,-2.3561899662017822,2.3561899662017822,0.004363323096185923,0.05999999865889549,10.0,259,0.0
260,1788891642.5654912,1788891642.5654912,1081,0.27754849195480347,5.873370170593262,-2.3561899662017822,2.3561899662017822,0.004363323096185923,0.05999999865889549,10.0,260,0.0
261,1788891642.6173153,1788891642.6173153,1081,0.27909329533576965,5.869295120239258,-2.3561899662017822,2.3561899662017822,0.004363323096185923,0.05999999865889549,10.0,261,0.0
262,1788891642.670339,1788891642.670339,1081,0.2800058126449585,5.868797779083252,-2.3561899662017822,2.3561899662017822,0.004363323096185923,0.05999999865889549,10.0,262,0.0
263,1788891642.7406762,1788891642.7406762,1081,0.28082528710365295,5.875248908996582,-2.3561899662017822,2.3561899662017822,0.004363323096185923,0.05999999865889549,10.0,263,0.0
264,1788891642.792133,1788891642.792133,1081,0.28188151121139526,5.87143611907959,-2.3561899662017822,2.3561899662017822,0.004363323096185923,0.05999999865889549,10.0,264,0.0
265,1788891642.8459947,1788891642.8459947,1081,0.28246718645095825,5.878568172454834,-2.3561899662017822,2.3561899662017822,0.004363323096185923,0.05999999865889549,10.0,265,0.0
266,1788891642.9158096,1788891642.9158096,1081,0.2829613983631134,5.878650188446045,-2.3561899662017822,2.3561899662017822,0.004363323096185923,0.05999999865889549,10.0,266,0.0
267,1788891642.9655898,1788891642.9655898,1081,0.2833940088748932,5.878818035125732,-2.3561899662017822,2.3561899662017822,0.004363323096185923,0.05999999865889549,10.0,267,0.0
268,1788891643.016156,1788891643.016156,1081,0.28444838523864746,5.883156776428223,-2.3561899662017822,2.3561899662017822,0.004363323096185923,0.05999999865889549,10.0,268,0.0
269,1788891643.0710328,1788891643.0710328,1081,0.28548508882522583,5.883608818054199,-2.3561899662017822,2.3561899662017822,0.004363323096185923,0.05999999865889549,10.0,269,0.0
270,1788891643.140224,1788891643.140224,1081,0.2867982089519501,5.884153842926025,-2.3561899662017822,2.3561899662017822,0.004363323096185923,0.05999999865889549,10.0,270,0.0
271,1788891643.1921854,1788891643.1921854,1081,0.28916481137275696,5.889348983764648,-2.3561899662017822,2.3561899662017822,0.004363323096185923,0.05999999865889549,10.0,271,0.0
272,1788891643.2649212,1788891643.2649212,1081,0.29104501008987427,5.890191078186035,-2.3561899662017822,2.3561899662017822,0.004363323096185923,0.05999999865889549,10.0,272,0.0
273,1788891643.3150344,1788891643.3150344,1081,0.2933332920074463,5.891121864318848,-2.3561899662017822,2.3561899662017822,0.004363323096185923,0.05999999865889549,10.0,273,0.0
274,1788891643.3652205,1788891643.3652205,1081,0.2955532968044281,5.892148971557617,-2.3561899662017822,2.3561899662017822,0.004363323096185923,0.05999999865889549,10.0,274,0.0
275,1788891643.415155,1788891643.415155,1081,0.298211008310318,5.893272876739502,-2.3561899662017822,2.3561899662017822,0.004363323096185923,0.05999999865889549,10.0,275,0.0
276,1788891643.4688551,1788891643.4688551,1081,0.3024345934391022,5.899776935577393,-2.3561899662017822,2.3561899662017822,0.004363323096185923,0.05999999865889549,10.0,276,0.0
277,1788891643.5196927,1788891643.5196927,1081,0.3056165874004364,5.90121603012085,-2.3561899662017822,2.3561899662017822,0.004363323096185923,0.05999999865889549,10.0,277,0.0
278,1788891643.5708663,1788891643.5708663,1081,0.3089466094970703,5.902754783630371,-2.3561899662017822,2.3561899662017822,0.004363323096185923,0.05999999865889549,10.0,278,0.0
279,1788891643.640245,1788891643.640245,1081,0.31259679794311523,5.914218902587891,-2.3561899662017822,2.3561899662017822,0.004363323096185923,0.05999999865889549,10.0,279,0.0
280,1788891643.6928303,1788891643.6928303,1081,0.31835120916366577,5.912048816680908,-2.3561899662017822,2.3561899662017822,0.004363323096185923,0.05999999865889549,10.0,280,0.0
281,1788891643.7650042,1788891643.7650042,1081,0.32230401039123535,5.9242939949035645,-2.3561899662017822,2.3561899662017822,0.004363323096185923,0.05999999865889549,10.0,281,0.0
282,1788891643.8152812,1788891643.8152812,1081,0.3265868127346039,5.926519870758057,-2.3561899662017822,2.3561899662017822,0.004363323096185923,0.05999999865889549,10.0,282,0.0
283,1788891643.8669913,1788891643.8669913,1081,0.33322760462760925,5.935451984405518,-2.3561899662017822,2.3561899662017822,0.004363323096185923,0.05999999865889549,10.0,283,0.0
284,1788891643.9217813,1788891643.9217813,1081,0.3378100097179413,5.938027858734131,-2.3561899662017822,2.3561899662017822,0.004363323096185923,0.05999999865889549,10.0,284,0.0
285,1788891643.9901586,1788891643.9901586,1081,0.34252649545669556,5.940718173980713,-2.3561899662017822,2.3561899662017822,0.004363323096185923,0.05999999865889549,10.0,285,0.0
286,1788891644.0409849,1788891644.0409849,1081,0.34738650918006897,5.943517208099365,-2.3561899662017822,2.3561899662017822,0.004363323096185923,0.05999999865889549,10.0,286,0.0
287,1788891644.0928168,1788891644.0928168,1081,0.35523170232772827,5.953711986541748,-2.3561899662017822,2.3561899662017822,0.004363323096185923,0.05999999865889549,10.0,287,0.0
288,1788891644.1452777,1788891644.1452777,1081,0.3604572117328644,5.956882953643799,-2.3561899662017822,2.3561899662017822,0.004363323096185923,0.05999999865889549,10.0,288,0.0
289,1788891644.2155182,1788891644.2155182,1081,0.36563169956207275,5.972171783447266,-2.3561899662017822,2.3561899662017822,0.004363323096185923,0.05999999865889549,10.0,289,0.0
290,1788891644.2670875,1788891644.2670875,1081,0.3732996881008148,5.971438884735107,-2.3561899662017822,2.3561899662017822,0.004363323096185923,0.05999999865889549,10.0,290,0.0
291,1788891644.3199284,1788891644.3199284,1081,0.3783493936061859,5.987607955932617,-2.3561899662017822,2.3561899662017822,0.004363323096185923,0.05999999865889549,10.0,291,0.0
292,1788891644.3698487,1788891644.3698487,1081,0.383341908454895,5.991578102111816,-2.3561899662017822,2.3561899662017822,0.004363323096185923,0.05999999865889549,10.0,292,0.0
293,1788891644.4212358,1788891644.4212358,1081,0.3882538974285126,5.995674133300781,-2.3561899662017822,2.3561899662017822,0.004363323096185923,0.05999999865889549,10.0,293,0.0
294,1788891644.4907324,1788891644.4907324,1081,0.39308321475982666,5.999900817871094,-2.3561899662017822,2.3561899662017822,0.004363323096185923,0.05999999865889549,10.0,294,0.0
295,1788891644.5415852,1788891644.5415852,1081,0.4001750946044922,6.013179779052734,-2.3561899662017822,2.3561899662017822,0.004363323096185923,0.05999999865889549,10.0,295,0.0
296,1788891644.5956578,1788891644.5956578,1081,0.4047994911670685,6.017829895019531,-2.3561899662017822,2.3561899662017822,0.004363323096185923,0.05999999865889549,10.0,296,0.0
297,1788891644.665753,1788891644.665753,1081,0.4115805923938751,6.033238887786865,-2.3561899662017822,2.3561899662017822,0.004363323096185923,0.05999999865889549,10.0,297,0.0
298,1788891644.7199576,1788891644.7199576,1081,0.4159959852695465,6.0554938316345215,-2.3561899662017822,2.3561899662017822,0.004363323096185923,0.05999999865889549,10.0,298,0.0
299,1788891644.7907898,1788891644.7907898,1081,0.4209108054637909,6.060315132141113,-2.3561899662017822,2.3561899662017822,0.004363323096185923,0.05999999865889549,10.0,299,0.0
300,1788891644.8401566,1788891644.8401566,1081,0.42598581314086914,6.0658369064331055,-2.3561899662017822,2.3561899662017822,0.004363323096185923,0.05999999865889549,10.0,300,0.0
301,1788891644.8909323,1788891644.8909323,1081,0.4307555854320526,6.072546005249023,-2.3561899662017822,2.3561899662017822,0.004363323096185923,0.05999999865889549,10.0,301,0.0
302,1788891644.9415436,1788891644.9415436,1081,0.4374910891056061,6.073249816894531,-2.3561899662017822,2.3561899662017822,0.004363323096185923,0.05999999865889549,10.0,302,0.0
303,1788891644.994948,1788891644.994948,1081,0.44223400950431824,6.0624470710754395,-2.3561899662017822,2.3561899662017822,0.004363323096185923,0.05999999865889549,10.0,303,0.0
304,1788891645.0649855,1788891645.0649855,1081,0.44689759612083435,6.068417072296143,-2.3561899662017822,2.3561899662017822,0.004363323096185923,0.05999999865889549,10.0,304,0.0
305,1788891645.1173553,1788891645.1173553,1081,0.45371168851852417,6.069116115570068,-2.3561899662017822,2.3561899662017822,0.004363323096185923,0.05999999865889549,10.0,305,0.0
306,1788891645.170972,1788891645.170972,1081,0.4581320881843567,6.058218955993652,-2.3561899662017822,2.3561899662017822,0.004363323096185923,0.05999999865889549,10.0,306,0.0
307,1788891645.2405455,1788891645.2405455,1081,0.4624564051628113,6.064454078674316,-2.3561899662017822,2.3561899662017822,0.004363323096185923,0.05999999865889549,10.0,307,0.0
308,1788891645.2902706,1788891645.2902706,1081,0.4666799008846283,6.070847034454346,-2.3561899662017822,2.3561899662017822,0.004363323096185923,0.05999999865889549,10.0,308,0.0
309,1788891645.3428805,1788891645.3428805,1081,0.47283318638801575,6.071896076202393,-2.3561899662017822,2.3561899662017822,0.004363323096185923,0.05999999865889549,10.0,309,0.0
310,1788891645.3956094,1788891645.3956094,1081,0.4768123924732208,6.0608391761779785,-2.3561899662017822,2.3561899662017822,0.004363323096185923,0.05999999865889549,10.0,310,0.0
311,1788891645.464915,1788891645.464915,1081,0.48069119453430176,6.067515850067139,-2.3561899662017822,2.3561899662017822,0.004363323096185923,0.05999999865889549,10.0,311,0.0
312,1788891645.5152924,1788891645.5152924,1081,0.4846074879169464,6.071922779083252,-2.3561899662017822,2.3561899662017822,0.004363323096185923,0.05999999865889549,10.0,312,0.0
313,1788891645.565628,1788891645.565628,1081,0.4886144995689392,6.074166774749756,-2.3561899662017822,2.3561899662017822,0.004363323096185923,0.05999999865889549,10.0,313,0.0
314,1788891645.6158988,1788891645.6158988,1081,0.4925352931022644,6.058239936828613,-2.3561899662017822,2.3561899662017822,0.004363323096185923,0.05999999865889549,10.0,314,0.0
315,1788891645.666952,1788891645.666952,1081,0.49825260043144226,6.070850849151611,-2.3561899662017822,2.3561899662017822,0.004363323096185923,0.05999999865889549,10.0,315,0.0
316,1788891645.719946,1788891645.719946,1081,0.5019565224647522,6.073299884796143,-2.3561899662017822,2.3561899662017822,0.004363323096185923,0.05999999865889549,10.0,316,0.0
317,1788891645.7903948,1788891645.7903948,1081,0.5055732727050781,6.075836181640625,-2.3561899662017822,2.3561899662017822,0.004363323096185923,0.05999999865889549,10.0,317,0.0
318,1788891645.8423426,1788891645.8423426,1081,0.5108317136764526,6.0703020095825195,-2.3561899662017822,2.3561899662017822,0.004363323096185923,0.05999999865889549,10.0,318,0.0
319,1788891645.915434,1788891645.915434,1081,0.5142248272895813,6.072062015533447,-2.3561899662017822,2.3561899662017822,0.004363323096185923,0.05999999865889549,10.0,319,0.0
320,1788891645.9650054,1788891645.9650054,1081,0.5175362229347229,6.072677135467529,-2.3561899662017822,2.3561899662017822,0.004363323096185923,0.05999999865889549,10.0,320,0.0
321,1788891646.0155392,1788891646.0155392,1081,0.5207526087760925,6.0733561515808105,-2.3561899662017822,2.3561899662017822,0.004363323096185923,0.05999999865889549,10.0,321,0.0
322,1788891646.0678346,1788891646.0678346,1081,0.525416374206543,6.066590785980225,-2.3561899662017822,2.3561899662017822,0.004363323096185923,0.05999999865889549,10.0,322,0.0
323,1788891646.121486,1788891646.121486,1081,0.528415322303772,6.0673828125,-2.3561899662017822,2.3561899662017822,0.004363323096185923,0.05999999865889549,10.0,323,0.0
324,1788891646.1900961,1788891646.1900961,1081,0.5313208103179932,6.068243980407715,-2.3561899662017822,2.3561899662017822,0.004363323096185923,0.05999999865889549,10.0,324,0.0
325,1788891646.2404094,1788891646.2404094,1081,0.5341401100158691,6.069174766540527,-2.3561899662017822,2.3561899662017822,0.004363323096185923,0.05999999865889549,10.0,325,0.0
326,1788891646.292366,1788891646.292366,1081,0.5382024049758911,6.062539100646973,-2.3561899662017822,2.3561899662017822,0.004363323096185923,0.05999999865889549,10.0,326,0.0
327,1788891646.3462143,1788891646.3462143,1081,0.5407953262329102,6.063592910766602,-2.3561899662017822,2.3561899662017822,0.004363323096185923,0.05999999865889549,10.0,327,0.0
328,1788891646.4157333,1788891646.4157333,1081,0.543301522731781,6.064720153808594,-2.3561899662017822,2.3561899662017822,0.004363323096185923,0.05999999865889549,10.0,328,0.0
329,1788891646.466152,1788891646.466152,1081,0.5457171201705933,6.065928936004639,-2.3561899662017822,2.3561899662017822,0.004363323096185923,0.05999999865889549,10.0,329,0.0
330,1788891646.5172482,1788891646.5172482,1081,0.5491707921028137,6.059433937072754,-2.3561899662017822,2.3561899662017822,0.004363323096185923,0.05999999865889549,10.0,330,0.0
331,1788891646.5707266,1788891646.5707266,1081,0.5513607263565063,6.060780048370361,-2.3561899662017822,2.3561899662017822,0.004363323096185923,0.05999999865889549,10.0,331,0.0
332,1788891646.6402485,1788891646.6402485,1081,0.5534576773643494,6.062191009521484,-2.3561899662017822,2.3561899662017822,0.004363323096185923,0.05999999865889549,10.0,332,0.0
333,1788891646.6919107,1788891646.6919107,1081,0.5564358234405518,6.0558319091796875,-2.3561899662017822,2.3561899662017822,0.004363323096185923,0.05999999865889549,10.0,333,0.0
334,1788891646.7452939,1788891646.7452939,1081,0.5583050847053528,6.057388782501221,-2.3561899662017822,2.3561899662017822,0.004363323096185923,0.05999999865889549,10.0,334,0.0
335,1788891646.8154397,1788891646.8154397,1081,0.5600876808166504,6.059041976928711,-2.3561899662017822,2.3561899662017822,0.004363323096185923,0.05999999865889549,10.0,335,0.0
336,1788891646.8671782,1788891646.8671782,1081,0.5625864863395691,6.052810192108154,-2.3561899662017822,2.3561899662017822,0.004363323096185923,0.05999999865889549,10.0,336,0.0
337,1788891646.9399953,1788891646.9399953,1081,0.5641434788703918,6.054602146148682,-2.3561899662017822,2.3561899662017822,0.004363323096185923,0.05999999865889549,10.0,337,0.0
338,1788891646.9901466,1788891646.9901466,1081,0.5656012296676636,6.056478977203369,-2.3561899662017822,2.3561899662017822,0.004363323096185923,0.05999999865889549,10.0,338,0.0
339,1788891647.0429175,1788891647.0429175,1081,0.5680490136146545,6.0468058586120605,-2.3561899662017822,2.3561899662017822,0.004363323096185923,0.05999999865889549,10.0,339,0.0
340,1788891647.1154652,1788891647.1154652,1081,0.5697978138923645,6.045620918273926,-2.3561899662017822,2.3561899662017822,0.004363323096185923,0.05999999865889549,10.0,340,0.0
341,1788891647.167023,1788891647.167023,1081,0.572249174118042,6.053225040435791,-2.3561899662017822,2.3561899662017822,0.004363323096185923,0.05999999865889549,10.0,341,0.0
342,1788891647.240377,1788891647.240377,1081,0.5737587213516235,6.052289009094238,-2.3561899662017822,2.3561899662017822,0.004363323096185923,0.05999999865889549,10.0,342,0.0
343,1788891647.2925415,1788891647.2925415,1081,0.5758439898490906,6.060458183288574,-2.3561899662017822,2.3561899662017822,0.004363323096185923,0.05999999865889549,10.0,343,0.0
344,1788891647.3459098,1788891647.3459098,1081,0.5771117210388184,6.059751033782959,-2.3561899662017822,2.3561899662017822,0.004363323096185923,0.05999999865889549,10.0,344,0.0
345,1788891647.4150264,1788891647.4150264,1081,0.5782821774482727,6.059117794036865,-2.3561899662017822,2.3561899662017822,0.004363323096185923,0.05999999865889549,10.0,345,0.0
346,1788891647.4661186,1788891647.4661186,1081,0.5798543095588684,6.048616886138916,-2.3561899662017822,2.3561899662017822,0.004363323096185923,0.05999999865889549,10.0,346,0.0
347,1788891647.5214436,1788891647.5214436,1081,0.5807799100875854,6.048092842102051,-2.3561899662017822,2.3561899662017822,0.004363323096185923,0.05999999865889549,10.0,347,0.0
348,1788891647.590026,1788891647.590026,1081,0.5819898247718811,6.065009117126465,-2.3561899662017822,2.3561899662017822,0.004363323096185923,0.05999999865889549,10.0,348,0.0
349,1788891647.6661656,1788891647.6661656,1081,0.5826719999313354,6.068081855773926,-2.3561899662017822,2.3561899662017822,0.004363323096185923,0.05999999865889549,10.0,349,0.0
350,1788891647.715689,1788891647.715689,1081,0.5832551121711731,6.071267127990723,-2.3561899662017822,2.3561899662017822,0.004363323096185923,0.05999999865889549,10.0,350,0.0
351,1788891647.7675023,1788891647.7675023,1081,0.5839530825614929,6.089817047119141,-2.3561899662017822,2.3561899662017822,0.004363323096185923,0.05999999865889549,10.0,351,0.0
352,1788891647.840289,1788891647.840289,1081,0.5842931866645813,6.093395233154297,-2.3561899662017822,2.3561899662017822,0.004363323096185923,0.05999999865889549,10.0,352,0.0
353,1788891647.8919077,1788891647.8919077,1081,0.5846236944198608,6.0851898193359375,-2.3561899662017822,2.3561899662017822,0.004363323096185923,0.05999999865889549,10.0,353,0.0
354,1788891647.9460175,1788891647.9460175,1081,0.5847222805023193,6.089000225067139,-2.3561899662017822,2.3561899662017822,0.004363323096185923,0.05999999865889549,10.0,354,0.0
355,1788891648.0155988,1788891648.0155988,1081,0.584721028804779,6.092923164367676,-2.3561899662017822,2.3561899662017822,0.004363323096185923,0.05999999865889549,10.0,355,0.0
356,1788891648.0674582,1788891648.0674582,1081,0.5845407843589783,6.113245964050293,-2.3561899662017822,2.3561899662017822,0.004363323096185923,0.05999999865889549,10.0,356,0.0
357,1788891648.120741,1788891648.120741,1081,0.5842950940132141,6.117609024047852,-2.3561899662017822,2.3561899662017822,0.004363323096185923,0.05999999865889549,10.0,357,0.0
358,1788891648.1713192,1788891648.1713192,1081,0.5839552283287048,6.122111797332764,-2.3561899662017822,2.3561899662017822,0.004363323096185923,0.05999999865889549,10.0,358,0.0
359,1788891648.2398953,1788891648.2398953,1081,0.5835192203521729,6.126759052276611,-2.3561899662017822,2.3561899662017822,0.004363323096185923,0.05999999865889549,10.0,359,0.0
360,1788891648.2920666,1788891648.2920666,1081,0.5830398797988892,6.139659881591797,-2.3561899662017822,2.3561899662017822,0.004363323096185923,0.05999999865889549,10.0,360,0.0
361,1788891648.3459675,1788891648.3459675,1081,0.5827568769454956,6.135715007781982,-2.3561899662017822,2.3561899662017822,0.004363323096185923,0.05999999865889549,10.0,361,0.0
362,1788891648.396212,1788891648.396212,1081,0.5823938846588135,6.1617231369018555,-2.3561899662017822,2.3561899662017822,0.004363323096185923,0.05999999865889549,10.0,362,0.0
363,1788891648.465167,1788891648.465167,1081,0.5819510221481323,6.157958984375,-2.3561899662017822,2.3561899662017822,0.004363323096185923,0.05999999865889549,10.0,363,0.0
364,1788891648.5169547,1788891648.5169547,1081,0.5811247229576111,6.137254238128662,-2.3561899662017822,2.3561899662017822,0.004363323096185923,0.05999999865889549,10.0,364,0.0
365,1788891648.570963,1788891648.570963,1081,0.5804756879806519,6.13355016708374,-2.3561899662017822,2.3561899662017822,0.004363323096185923,0.05999999865889549,10.0,365,0.0
366,1788891648.6214306,1788891648.6214306,1081,0.5797461271286011,6.160498142242432,-2.3561899662017822,2.3561899662017822,0.004363323096185923,0.05999999865889549,10.0,366,0.0
367,1788891648.6900644,1788891648.6900644,1081,0.5789315104484558,6.156990051269531,-2.3561899662017822,2.3561899662017822,0.004363323096185923,0.05999999865889549,10.0,367,0.0
368,1788891648.7400572,1788891648.7400572,1081,0.5780388116836548,6.15351676940918,-2.3561899662017822,2.3561899662017822,0.004363323096185923,0.05999999865889549,10.0,368,0.0
369,1788891648.792634,1788891648.792634,1081,0.5765488147735596,6.132829189300537,-2.3561899662017822,2.3561899662017822,0.004363323096185923,0.05999999865889549,10.0,369,0.0
370,1788891648.8652017,1788891648.8652017,1081,0.5754531025886536,6.129434108734131,-2.3561899662017822,2.3561899662017822,0.004363323096185923,0.05999999865889549,10.0,370,0.0
371,1788891648.9154146,1788891648.9154146,1081,0.5742747187614441,6.126070022583008,-2.3561899662017822,2.3561899662017822,0.004363323096185923,0.05999999865889549,10.0,371,0.0
372,1788891648.9678617,1788891648.9678617,1081,0.5723593831062317,6.1369099617004395,-2.3561899662017822,2.3561899662017822,0.004363323096185923,0.05999999865889549,10.0,372,0.0
373,1788891649.021782,1788891649.021782,1081,0.5709822177886963,6.133596897125244,-2.3561899662017822,2.3561899662017822,0.004363323096185923,0.05999999865889549,10.0,373,0.0
374,1788891649.0901425,1788891649.0901425,1081,0.5695248246192932,6.129055023193359,-2.3561899662017822,2.3561899662017822,0.004363323096185923,0.05999999865889549,10.0,374,0.0
375,1788891649.1416955,1788891649.1416955,1081,0.5671815872192383,6.135455131530762,-2.3561899662017822,2.3561899662017822,0.004363323096185923,0.05999999865889549,10.0,375,0.0
376,1788891649.2155597,1788891649.2155597,1081,0.5655211210250854,6.131056785583496,-2.3561899662017822,2.3561899662017822,0.004363323096185923,0.05999999865889549,10.0,376,0.0
377,1788891649.2671382,1788891649.2671382,1081,0.5628811717033386,6.111278057098389,-2.3561899662017822,2.3561899662017822,0.004363323096185923,0.05999999865889549,10.0,377,0.0
378,1788891649.3403869,1788891649.3403869,1081,0.5610224008560181,6.133624076843262,-2.3561899662017822,2.3561899662017822,0.004363323096185923,0.05999999865889549,10.0,378,0.0
379,1788891649.3926525,1788891649.3926525,1081,0.5580762028694153,6.1138691902160645,-2.3561899662017822,2.3561899662017822,0.004363323096185923,0.05999999865889549,10.0,379,0.0
380,1788891649.4469144,1788891649.4469144,1081,0.5560144782066345,6.109685897827148,-2.3561899662017822,2.3561899662017822,0.004363323096185923,0.05999999865889549,10.0,380,0.0
381,1788891649.5151415,1788891649.5151415,1081,0.5538737773895264,6.10552978515625,-2.3561899662017822,2.3561899662017822,0.004363323096185923,0.05999999865889549,10.0,381,0.0
382,1788891649.5660038,1788891649.5660038,1081,0.5516762733459473,6.101438045501709,-2.3561899662017822,2.3561899662017822,0.004363323096185923,0.05999999865889549,10.0,382,0.0
383,1788891649.6154068,1788891649.6154068,1081,0.5496535897254944,6.0973801612854,-2.3561899662017822,2.3561899662017822,0.004363323096185923,0.05999999865889549,10.0,383,0.0
384,1788891649.6680074,1788891649.6680074,1081,0.5472326278686523,6.098013877868652,-2.3561899662017822,2.3561899662017822,0.004363323096185923,0.05999999865889549,10.0,384,0.0
385,1788891649.7408245,1788891649.7408245,1081,0.5459079146385193,6.087348937988281,-2.3561899662017822,2.3561899662017822,0.004363323096185923,0.05999999865889549,10.0,385,0.0
386,1788891649.790492,1788891649.790492,1081,0.5450605154037476,6.104393005371094,-2.3561899662017822,2.3561899662017822,0.004363323096185923,0.05999999865889549,10.0,386,0.0
387,1788891649.8416352,1788891649.8416352,1081,0.5439578294754028,6.102521896362305,-2.3561899662017822,2.3561899662017822,0.004363323096185923,0.05999999865889549,10.0,387,0.0
388,1788891649.9156108,1788891649.9156108,1081,0.5437257289886475,6.091996192932129,-2.3561899662017822,2.3561899662017822,0.004363323096185923,0.05999999865889549,10.0,388,0.0
389,1788891649.9678702,1788891649.9678702,1081,0.5437644124031067,6.100389003753662,-2.3561899662017822,2.3561899662017822,0.004363323096185923,0.05999999865889549,10.0,389,0.0
390,1788891650.0402822,1788891650.0402822,1081,0.5439953804016113,6.0914387702941895,-2.3561899662017822,2.3561899662017822,0.004363323096185923,0.05999999865889549,10.0,390,0.0
391,1788891650.092086,1788891650.092086,1081,0.5451738834381104,6.104599952697754,-2.3561899662017822,2.3561899662017822,0.004363323096185923,0.05999999865889549,10.0,391,0.0
392,1788891650.1449943,1788891650.1449943,1081,0.5460965037345886,6.149713039398193,-2.3561899662017822,2.3561899662017822,0.004363323096185923,0.05999999865889549,10.0,392,0.0
393,1788891650.2154994,1788891650.2154994,1081,0.5474333763122559,6.1411309242248535,-2.3561899662017822,2.3561899662017822,0.004363323096185923,0.05999999865889549,10.0,393,0.0
394,1788891650.2667553,1788891650.2667553,1081,0.5498402118682861,6.15586519241333,-2.3561899662017822,2.3561899662017822,0.004363323096185923,0.05999999865889549,10.0,394,0.0
395,1788891650.3199627,1788891650.3199627,1081,0.5516030192375183,6.147554874420166,-2.3561899662017822,2.3561899662017822,0.004363323096185923,0.05999999865889549,10.0,395,0.0
396,1788891650.3711224,1788891650.3711224,1081,0.5532845258712769,6.139286041259766,-2.3561899662017822,2.3561899662017822,0.004363323096185923,0.05999999865889549,10.0,396,0.0
397,1788891650.4406207,1788891650.4406207,1081,0.5548893809318542,6.187211036682129,-2.3561899662017822,2.3561899662017822,0.004363323096185923,0.05999999865889549,10.0,397,0.0
398,1788891650.4928164,1788891650.4928164,1081,0.5571516156196594,6.203888893127441,-2.3561899662017822,2.3561899662017822,0.004363323096185923,0.05999999865889549,10.0,398,0.0
399,1788891650.5463343,1788891650.5463343,1081,0.5585607290267944,6.196092128753662,-2.3561899662017822,2.3561899662017822,0.004363323096185923,0.05999999865889549,10.0,399,0.0
400,1788891650.6150455,1788891650.6150455,1081,0.5605301856994629,6.213600158691406,-2.3561899662017822,2.3561899662017822,0.004363323096185923,0.05999999865889549,10.0,400,0.0
401,1788891650.6904016,1788891650.6904016,1081,0.5617414712905884,6.206085205078125,-2.3561899662017822,2.3561899662017822,0.004363323096185923,0.05999999865889549,10.0,401,0.0
402,1788891650.7411253,1788891650.7411253,1081,0.5628752708435059,6.198645114898682,-2.3561899662017822,2.3561899662017822,0.004363323096185923,0.05999999865889549,10.0,402,0.0
403,1788891650.7933042,1788891650.7933042,1081,0.5644322037696838,6.218387126922607,-2.3561899662017822,2.3561899662017822,0.004363323096185923,0.05999999865889549,10.0,403,0.0
404,1788891650.865787,1788891650.865787,1081,0.5653725862503052,6.288689136505127,-2.3561899662017822,2.3561899662017822,0.004363323096185923,0.05999999865889549,10.0,404,0.0
405,1788891650.9176176,1788891650.9176176,1081,0.5666350722312927,6.31963586807251,-2.3561899662017822,2.3561899662017822,0.004363323096185923,0.05999999865889549,10.0,405,0.0
406,1788891650.990038,1788891650.990038,1081,0.5673794150352478,6.314579963684082,-2.3561899662017822,2.3561899662017822,0.004363323096185923,0.05999999865889549,10.0,406,0.0
407,1788891651.040628,1788891651.040628,1081,0.5680440068244934,6.309741020202637,-2.3561899662017822,2.3561899662017822,0.004363323096185923,0.05999999865889549,10.0,407,0.0
408,1788891651.0911455,1788891651.0911455,1081,0.568631112575531,6.385334014892578,-2.3561899662017822,2.3561899662017822,0.004363323096185923,0.05999999865889549,10.0,408,0.0
409,1788891651.1430357,1788891651.1430357,1081,0.5693628191947937,6.338415145874023,-2.3561899662017822,2.3561899662017822,0.004363323096185923,0.05999999865889549,10.0,409,0.0
410,1788891651.1966882,1788891651.1966882,1081,0.5697509050369263,6.416377067565918,-2.3561899662017822,2.3561899662017822,0.004363323096185923,0.05999999865889549,10.0,410,0.0
411,1788891651.2654574,1788891651.2654574,1081,0.5700606107711792,6.41270112991333,-2.3561899662017822,2.3561899662017822,0.004363323096185923,0.05999999865889549,10.0,411,0.0
412,1788891651.3169146,1788891651.3169146,1081,0.5703797936439514,6.449778079986572,-2.3561899662017822,2.3561899662017822,0.004363323096185923,0.05999999865889549,10.0,412,0.0
413,1788891651.3706107,1788891651.3706107,1081,0.5704960227012634,6.446660041809082,-2.3561899662017822,2.3561899662017822,0.004363323096185923,0.05999999865889549,10.0,413,0.0
414,1788891651.4218066,1788891651.4218066,1081,0.5705320835113525,6.5111470222473145,-2.3561899662017822,2.3561899662017822,0.004363323096185923,0.05999999865889549,10.0,414,0.0
415,1788891651.4900582,1788891651.4900582,1081,0.5704882144927979,6.506251811981201,-2.3561899662017822,2.3561899662017822,0.004363323096185923,0.05999999865889549,10.0,415,0.0
416,1788891651.5413132,1788891651.5413132,1081,0.5702757835388184,6.533474922180176,-2.3561899662017822,2.3561899662017822,0.004363323096185923,0.05999999865889549,10.0,416,0.0
417,1788891651.6156394,1788891651.6156394,1081,0.5700374841690063,6.529033184051514,-2.3561899662017822,2.3561899662017822,0.004363323096185923,0.05999999865889549,10.0,417,0.0
418,1788891651.6672893,1788891651.6672893,1081,0.5695316791534424,6.557590007781982,-2.3561899662017822,2.3561899662017822,0.004363323096185923,0.05999999865889549,10.0,418,0.0
419,1788891651.740227,1788891651.740227,1081,0.5694739818572998,6.601294040679932,-2.3561899662017822,2.3561899662017822,0.004363323096185923,0.05999999865889549,10.0,419,0.0
420,1788891651.79094,1788891651.79094,1081,0.5693926811218262,6.573328018188477,-2.3561899662017822,2.3561899662017822,0.004363323096185923,0.05999999865889549,10.0,420,0.0
421,1788891651.8428783,1788891651.8428783,1081,0.5691626071929932,6.639801025390625,-2.3561899662017822,2.3561899662017822,0.004363323096185923,0.05999999865889549,10.0,421,0.0
422,1788891651.9151113,1788891651.9151113,1081,0.5689371228218079,6.611629962921143,-2.3561899662017822,2.3561899662017822,0.004363323096185923,0.05999999865889549,10.0,422,0.0
423,1788891651.9667134,1788891651.9667134,1081,0.5684840083122253,6.680359840393066,-2.3561899662017822,2.3561899662017822,0.004363323096185923,0.05999999865889549,10.0,423,0.0
424,1788891652.0206053,1788891652.0206053,1081,0.5681130290031433,6.732244968414307,-2.3561899662017822,2.3561899662017822,0.004363323096185923,0.05999999865889549,10.0,424,0.0
425,1788891652.0899222,1788891652.0899222,1081,0.567676305770874,6.701611042022705,-2.3561899662017822,2.3561899662017822,0.004363323096185923,0.05999999865889549,10.0,425,0.0
426,1788891652.1398656,1788891652.1398656,1081,0.5671849250793457,6.75820779800415,-2.3561899662017822,2.3561899662017822,0.004363323096185923,0.05999999865889549,10.0,426,0.0
427,1788891652.1914027,1788891652.1914027,1081,0.5663334131240845,6.756350994110107,-2.3561899662017822,2.3561899662017822,0.004363323096185923,0.05999999865889549,10.0,427,0.0
428,1788891652.2651355,1788891652.2651355,1081,0.5656980872154236,6.815340995788574,-2.3561899662017822,2.3561899662017822,0.004363323096185923,0.05999999865889549,10.0,428,0.0
429,1788891652.3164485,1788891652.3164485,1081,0.5646234750747681,6.907230854034424,-2.3561899662017822,2.3561899662017822,0.004363323096185923,0.05999999865889549,10.0,429,0.0
430,1788891652.370873,1788891652.370873,1081,0.5638406872749329,6.875810146331787,-2.3561899662017822,2.3561899662017822,0.004363323096185923,0.05999999865889549,10.0,430,0.0
431,1788891652.4402938,1788891652.4402938,1081,0.562991201877594,6.9392409324646,-2.3561899662017822,2.3561899662017822,0.004363323096185923,0.05999999865889549,10.0,431,0.0
432,1788891652.4917731,1788891652.4917731,1081,0.5616139769554138,6.939972877502441,-2.3561899662017822,2.3561899662017822,0.004363323096185923,0.05999999865889549,10.0,432,0.0
433,1788891652.5652397,1788891652.5652397,1081,0.5606173872947693,7.006103038787842,-2.3561899662017822,2.3561899662017822,0.004363323096185923,0.05999999865889549,10.0,433,0.0
434,1788891652.6160007,1788891652.6160007,1081,0.559569776058197,7.074386119842529,-2.3561899662017822,2.3561899662017822,0.004363323096185923,0.05999999865889549,10.0,434,0.0
435,1788891652.6666126,1788891652.6666126,1081,0.5578786134719849,7.077055931091309,-2.3561899662017822,2.3561899662017822,0.004363323096185923,0.05999999865889549,10.0,435,0.0
436,1788891652.7403293,1788891652.7403293,1081,0.5566834211349487,7.148417949676514,-2.3561899662017822,2.3561899662017822,0.004363323096185923,0.05999999865889549,10.0,436,0.0
437,1788891652.791312,1788891652.791312,1081,0.555587112903595,7.205121040344238,-2.3561899662017822,2.3561899662017822,0.004363323096185923,0.05999999865889549,10.0,437,0.0
438,1788891652.8455245,1788891652.8455245,1081,0.5541161894798279,7.268537998199463,-2.3561899662017822,2.3561899662017822,0.004363323096185923,0.05999999865889549,10.0,438,0.0
439,1788891652.915576,1788891652.915576,1081,0.5530716180801392,7.312521934509277,-2.3561899662017822,2.3561899662017822,0.004363323096185923,0.05999999865889549,10.0,439,0.0
440,1788891652.9660022,1788891652.9660022,1081,0.551984429359436,7.3577799797058105,-2.3561899662017822,2.3561899662017822,0.004363323096185923,0.05999999865889549,10.0,440,0.0
441,1788891653.0154424,1788891653.0154424,1081,0.5508407950401306,7.4040961265563965,-2.3561899662017822,2.3561899662017822,0.004363323096185923,0.05999999865889549,10.0,441,0.0
442,1788891653.0682576,1788891653.0682576,1081,0.5490478873252869,7.585363864898682,-2.3561899662017822,2.3561899662017822,0.004363323096185923,0.05999999865889549,10.0,442,0.0
443,1788891653.121978,1788891653.121978,1081,0.5477967262268066,7.631258010864258,-2.3561899662017822,2.3561899662017822,0.004363323096185923,0.05999999865889549,10.0,443,0.0
444,1788891653.1898851,1788891653.1898851,1081,0.5464900732040405,7.678258895874023,-2.3561899662017822,2.3561899662017822,0.004363323096185923,0.05999999865889549,10.0,444,0.0
445,1788891653.240377,1788891653.240377,1081,0.545141875743866,7.726558208465576,-2.3561899662017822,2.3561899662017822,0.004363323096185923,0.05999999865889549,10.0,445,0.0
446,1788891653.2922812,1788891653.2922812,1081,0.5430396795272827,7.910573959350586,-2.3561899662017822,2.3561899662017822,0.004363323096185923,0.05999999865889549,10.0,446,0.0
447,1788891653.3461833,1788891653.3461833,1081,0.541569709777832,8.12248706817627,-2.3561899662017822,2.3561899662017822,0.004363323096185923,0.05999999865889549,10.0,447,0.0
448,1788891653.4157357,1788891653.4157357,1079,0.5400581955909729,7.910891056060791,-2.3561899662017822,2.3561899662017822,0.004363323096185923,0.05999999865889549,10.0,448,0.0
449,1788891653.465903,1788891653.465903,1079,0.5385062098503113,8.129070281982422,-2.3561899662017822,2.3561899662017822,0.004363323096185923,0.05999999865889549,10.0,449,0.0
450,1788891653.5173025,1788891653.5173025,1078,0.5360794067382812,8.023033142089844,-2.3561899662017822,2.3561899662017822,0.004363323096185923,0.05999999865889549,10.0,450,0.0
451,1788891653.5720856,1788891653.5720856,1077,0.5341507196426392,7.927249908447266,-2.3561899662017822,2.3561899662017822,0.004363323096185923,0.05999999865889549,10.0,451,0.0
452,1788891653.6399102,1788891653.6399102,1076,0.5321407914161682,7.842422008514404,-2.3561899662017822,2.3561899662017822,0.004363323096185923,0.05999999865889549,10.0,452,0.0
453,1788891653.6918323,1788891653.6918323,1075,0.5290347933769226,7.932982921600342,-2.3561899662017822,2.3561899662017822,0.004363323096185923,0.05999999865889549,10.0,453,0.0
454,1788891653.7450435,1788891653.7450435,1075,0.5268834829330444,7.846829891204834,-2.3561899662017822,2.3561899662017822,0.004363323096185923,0.05999999865889549,10.0,454,0.0
455,1788891653.8150086,1788891653.8150086,1074,0.5246819853782654,7.76137113571167,-2.3561899662017822,2.3561899662017822,0.004363323096185923,0.05999999865889549,10.0,455,0.0
456,1788891653.867038,1788891653.867038,1073,0.5212680101394653,7.855457782745361,-2.3561899662017822,2.3561899662017822,0.004363323096185923,0.05999999865889549,10.0,456,0.0
457,1788891653.94014,1788891653.94014,1072,0.5189148187637329,7.769592761993408,-2.3561899662017822,2.3561899662017822,0.004363323096185923,0.05999999865889549,10.0,457,0.0
458,1788891653.9922564,1788891653.9922564,1071,0.515289306640625,7.869093894958496,-2.3561899662017822,2.3561899662017822,0.004363323096185923,0.05999999865889549,10.0,458,0.0
459,1788891654.0453267,1788891654.0453267,1070,0.5127897262573242,7.783023834228516,-2.3561899662017822,2.3561899662017822,0.004363323096185923,0.05999999865889549,10.0,459,0.0
460,1788891654.0959466,1788891654.0959466,1070,0.5102365016937256,7.697636127471924,-2.3561899662017822,2.3561899662017822,0.004363323096185923,0.05999999865889549,10.0,460,0.0
461,1788891654.164964,1788891654.164964,1069,0.5078743100166321,7.944186210632324,-2.3561899662017822,2.3561899662017822,0.004363323096185923,0.05999999865889549,10.0,461,0.0
462,1788891654.21666,1788891654.21666,1068,0.5041946172714233,7.840170860290527,-2.3561899662017822,2.3561899662017822,0.004363323096185923,0.05999999865889549,10.0,462,0.0
463,1788891654.27144,1788891654.27144,1066,0.5016754269599915,7.614563941955566,-2.3561899662017822,2.3561899662017822,0.004363323096185923,0.05999999865889549,10.0,463,0.0
464,1788891654.3398821,1788891654.3398821,1066,0.4991081953048706,7.86630392074585,-2.3561899662017822,2.3561899662017822,0.004363323096185923,0.05999999865889549,10.0,464,0.0
465,1788891654.390048,1788891654.390048,1065,0.4964982867240906,7.635018825531006,-2.3561899662017822,2.3561899662017822,0.004363323096185923,0.05999999865889549,10.0,465,0.0
466,1788891654.4458785,1788891654.4458785,1063,0.4925050139427185,7.533415794372559,-2.3561899662017822,2.3561899662017822,0.004363323096185923,0.05999999865889549,10.0,466,0.0
467,1788891654.4965637,1788891654.4965637,1063,0.48978111147880554,7.79241418838501,-2.3561899662017822,2.3561899662017822,0.004363323096185923,0.05999999865889549,10.0,467,0.0
468,1788891654.5649934,1788891654.5649934,1061,0.48700690269470215,7.5578508377075195,-2.3561899662017822,2.3561899662017822,0.004363323096185923,0.05999999865889549,10.0,468,0.0
469,1788891654.616086,1788891654.616086,1061,0.48418939113616943,7.826176166534424,-2.3561899662017822,2.3561899662017822,0.004363323096185923,0.05999999865889549,10.0,469,0.0
470,1788891654.6669362,1788891654.6669362,1059,0.47988519072532654,7.721877098083496,-2.3561899662017822,2.3561899662017822,0.004363323096185923,0.05999999865889549,10.0,470,0.0
471,1788891654.7208154,1788891654.7208154,1058,0.4772292971611023,7.824122905731201,-2.3561899662017822,2.3561899662017822,0.004363323096185923,0.05999999865889549,10.0,471,0.0
472,1788891654.7715755,1788891654.7715755,1056,0.4745117127895355,7.401395797729492,-2.3561899662017822,2.3561899662017822,0.004363323096185923,0.05999999865889549,10.0,472,0.0
473,1788891654.8400955,1788891654.8400955,1055,0.47178229689598083,7.491243839263916,-2.3561899662017822,2.3561899662017822,0.004363323096185923,0.05999999865889549,10.0,473,0.0
474,1788891654.8900597,1788891654.8900597,1054,0.469494104385376,7.586670875549316,-2.3561899662017822,2.3561899662017822,0.004363323096185923,0.05999999865889549,10.0,474,0.0
475,1788891654.9408324,1788891654.9408324,1053,0.46763479709625244,7.68759298324585,-2.3561899662017822,2.3561899662017822,0.004363323096185923,0.05999999865889549,10.0,475,0.0
476,1788891654.9919708,1788891654.9919708,1054,0.4659945070743561,9.971531867980957,-2.3561899662017822,2.3561899662017822,0.004363323096185923,0.05999999865889549,10.0,476,0.0
477,1788891655.046992,1788891655.046992,1053,0.46544909477233887,9.92641544342041,-2.3561899662017822,2.3561899662017822,0.004363323096185923,0.05999999865889549,10.0,477,0.0
478,1788891655.1157908,1788891655.1157908,1053,0.4655933082103729,9.88185977935791,-2.3561899662017822,2.3561899662017822,0.004363323096185923,0.05999999865889549,10.0,478,0.0
479,1788891655.1680577,1788891655.1680577,1054,0.46666088700294495,9.957793235778809,-2.3561899662017822,2.3561899662017822,0.004363323096185923,0.05999999865889549,10.0,479,0.0
480,1788891655.221366,1788891655.221366,1054,0.46767720580101013,9.91271686553955,-2.3561899662017822,2.3561899662017822,0.004363323096185923,0.05999999865889549,10.0,480,0.0
481,1788891655.2901897,1788891655.2901897,1053,0.468667596578598,9.868011474609375,-2.3561899662017822,2.3561899662017822,0.004363323096185923,0.05999999865889549,10.0,481,0.0
482,1788891655.3404803,1788891655.3404803,1054,0.46963080763816833,9.965486526489258,-2.3561899662017822,2.3561899662017822,0.004363323096185923,0.05999999865889549,10.0,482,0.0
483,1788891655.3904202,1788891655.3904202,1054,0.47056910395622253,9.92025375366211,-2.3561899662017822,2.3561899662017822,0.004363323096185923,0.05999999865889549,10.0,483,0.0
484,1788891655.4434414,1788891655.4434414,1055,0.47191938757896423,9.99522876739502,-2.3561899662017822,2.3561899662017822,0.004363323096185923,0.05999999865889549,10.0,484,0.0
485,1788891655.496189,1788891655.496189,1054,0.47278690338134766,9.949349403381348,-2.3561899662017822,2.3561899662017822,0.004363323096185923,0.05999999865889549,10.0,485,0.0
486,1788891655.5657203,1788891655.5657203,1054,0.47362759709358215,9.904027938842773,-2.3561899662017822,2.3561899662017822,0.004363323096185923,0.05999999865889549,10.0,486,0.0
487,1788891655.6170456,1788891655.6170456,1055,0.4748362898826599,9.978086471557617,-2.3561899662017822,2.3561899662017822,0.004363323096185923,0.05999999865889549,10.0,487,0.0
488,1788891655.6902213,1788891655.6902213,1055,0.47604900598526,9.98747730255127,-2.3561899662017822,2.3561899662017822,0.004363323096185923,0.05999999865889549,10.0,488,0.0
489,1788891655.740882,1788891655.740882,1055,0.4773173928260803,9.9986572265625,-2.3561899662017822,2.3561899662017822,0.004363323096185923,0.05999999865889549,10.0,489,0.0
490,1788891655.7908351,1788891655.7908351,1054,0.4785858988761902,9.868071556091309,-2.3561899662017822,2.3561899662017822,0.004363323096185923,0.05999999865889549,10.0,490,0.0
491,1788891655.8428552,1788891655.8428552,1055,0.4804741144180298,9.884366989135742,-2.3561899662017822,2.3561899662017822,0.004363323096185923,0.05999999865889549,10.0,491,0.0
492,1788891655.8948448,1788891655.8948448,1055,0.4817293882369995,9.895204544067383,-2.3561899662017822,2.3561899662017822,0.004363323096185923,0.05999999865889549,10.0,492,0.0
493,1788891655.946076,1788891655.946076,1055,0.48298341035842896,9.90606689453125,-2.3561899662017822,2.3561899662017822,0.004363323096185923,0.05999999865889549,10.0,493,0.0
494,1788891656.014852,1788891656.014852,1055,0.48424020409584045,9.916925430297852,-2.3561899662017822,2.3561899662017822,0.004363323096185923,0.05999999865889549,10.0,494,0.0
495,1788891656.0651135,1788891656.0651135,1055,0.48549550771713257,9.927791595458984,-2.3561899662017822,2.3561899662017822,0.004363323096185923,0.05999999865889549,10.0,495,0.0
496,1788891656.1166577,1788891656.1166577,1056,0.4873785078525543,9.944132804870605,-2.3561899662017822,2.3561899662017822,0.004363323096185923,0.05999999865889549,10.0,496,0.0
497,1788891656.1718416,1788891656.1718416,1056,0.488633394241333,9.954952239990234,-2.3561899662017822,2.3561899662017822,0.004363323096185923,0.05999999865889549,10.0,497,0.0
498,1788891656.2398252,1788891656.2398252,1056,0.48988890647888184,9.96571159362793,-2.3561899662017822,2.3561899662017822,0.004363323096185923,0.05999999865889549,10.0,498,0.0
499,1788891656.2927954,1788891656.2927954,1056,0.49176838994026184,9.981778144836426,-2.3561899662017822,2.3561899662017822,0.004363323096185923,0.05999999865889549,10.0,499,0.0
500,1788891656.346144,1788891656.346144,1056,0.49302420020103455,9.992648124694824,-2.3561899662017822,2.3561899662017822,0.004363323096185923,0.05999999865889549,10.0,500,0.0
501,1788891656.4151833,1788891656.4151833,1056,0.4942767918109894,9.864018440246582,-2.3561899662017822,2.3561899662017822,0.004363323096185923,0.05999999865889549,10.0,501,0.0
502,1788891656.4650223,1788891656.4650223,1056,0.49553221464157104,9.874658584594727,-2.3561899662017822,2.3561899662017822,0.004363323096185923,0.05999999865889549,10.0,502,0.0
503,1788891656.5152047,1788891656.5152047,1056,0.4967885911464691,9.885452270507812,-2.3561899662017822,2.3561899662017822,0.004363323096185923,0.05999999865889549,10.0,503,0.0
504,1788891656.565454,1788891656.565454,1056,0.4980441927909851,9.89621353149414,-2.3561899662017822,2.3561899662017822,0.004363323096185923,0.05999999865889549,10.0,504,0.0
505,1788891656.6168199,1788891656.6168199,1056,0.49992790818214417,9.912311553955078,-2.3561899662017822,2.3561899662017822,0.004363323096185923,0.05999999865889549,10.0,505,0.0
506,1788891656.671307,1788891656.671307,1057,0.5011836886405945,9.922986030578613,-2.3561899662017822,2.3561899662017822,0.004363323096185923,0.05999999865889549,10.0,506,0.0
507,1788891656.7399876,1788891656.7399876,1057,0.5024389028549194,9.933594703674316,-2.3561899662017822,2.3561899662017822,0.004363323096185923,0.05999999865889549,10.0,507,0.0
508,1788891656.790125,1788891656.790125,1057,0.503694474697113,9.944234848022461,-2.3561899662017822,2.3561899662017822,0.004363323096185923,0.05999999865889549,10.0,508,0.0
509,1788891656.8405075,1788891656.8405075,1057,0.504949688911438,9.954936027526855,-2.3561899662017822,2.3561899662017822,0.004363323096185923,0.05999999865889549,10.0,509,0.0
510,1788891656.8923662,1788891656.8923662,1058,0.5068327784538269,9.971001625061035,-2.3561899662017822,2.3561899662017822,0.004363323096185923,0.05999999865889549,10.0,510,0.0
511,1788891656.945707,1788891656.945707,1058,0.5080822110176086,9.981741905212402,-2.3561899662017822,2.3561899662017822,0.004363323096185923,0.05999999865889549,10.0,511,0.0
512,1788891657.0151396,1788891657.0151396,1058,0.5093289017677307,9.992411613464355,-2.3561899662017822,2.3561899662017822,0.004363323096185923,0.05999999865889549,10.0,512,0.0
513,1788891657.0650046,1788891657.0650046,1057,0.5105788111686707,9.865914344787598,-2.3561899662017822,2.3561899662017822,0.004363323096185923,0.05999999865889549,10.0,513,0.0
514,1788891657.1154406,1788891657.1154406,1057,0.5118287801742554,9.876448631286621,-2.3561899662017822,2.3561899662017822,0.004363323096185923,0.05999999865889549,10.0,514,0.0
515,1788891657.1664689,1788891657.1664689,1058,0.5137045979499817,9.892197608947754,-2.3561899662017822,2.3561899662017822,0.004363323096185923,0.05999999865889549,10.0,515,0.0
516,1788891657.2211065,1788891657.2211065,1058,0.5149595737457275,9.902690887451172,-2.3561899662017822,2.3561899662017822,0.004363323096185923,0.05999999865889549,10.0,516,0.0
517,1788891657.2898176,1788891657.2898176,1058,0.5162153840065002,9.913199424743652,-2.3561899662017822,2.3561899662017822,0.004363323096185923,0.05999999865889549,10.0,517,0.0
518,1788891657.341626,1788891657.341626,1058,0.5180987119674683,9.929031372070312,-2.3561899662017822,2.3561899662017822,0.004363323096185923,0.05999999865889549,10.0,518,0.0
519,1788891657.3960342,1788891657.3960342,1059,0.519353985786438,9.939509391784668,-2.3561899662017822,2.3561899662017822,0.004363323096185923,0.05999999865889549,10.0,519,0.0
520,1788891657.4656234,1788891657.4656234,1059,0.5206094980239868,9.950031280517578,-2.3561899662017822,2.3561899662017822,0.004363323096185923,0.05999999865889549,10.0,520,0.0
521,1788891657.514961,1788891657.514961,1059,0.5218651294708252,9.96051025390625,-2.3561899662017822,2.3561899662017822,0.004363323096185923,0.05999999865889549,10.0,521,0.0
522,1788891657.565382,1788891657.565382,1059,0.5231205224990845,9.971049308776855,-2.3561899662017822,2.3561899662017822,0.004363323096185923,0.05999999865889549,10.0,522,0.0
523,1788891657.6168823,1788891657.6168823,1060,0.5250039100646973,9.986818313598633,-2.3561899662017822,2.3561899662017822,0.004363323096185923,0.05999999865889549,10.0,523,0.0
524,1788891657.670565,1788891657.670565,1060,0.5262594223022461,9.997370719909668,-2.3561899662017822,2.3561899662017822,0.004363323096185923,0.05999999865889549,10.0,524,0.0
525,1788891657.7407575,1788891657.7407575,1059,0.5275154113769531,9.872689247131348,-2.3561899662017822,2.3561899662017822,0.004363323096185923,0.05999999865889549,10.0,525,0.0
526,1788891657.795187,1788891657.795187,1059,0.5293992161750793,9.888351440429688,-2.3561899662017822,2.3561899662017822,0.004363323096185923,0.05999999865889549,10.0,526,0.0
527,1788891657.8461359,1788891657.8461359,1059,0.5306546092033386,9.898761749267578,-2.3561899662017822,2.3561899662017822,0.004363323096185923,0.05999999865889549,10.0,527,0.0
528,1788891657.9150176,1788891657.9150176,1060,0.5319104194641113,9.909233093261719,-2.3561899662017822,2.3561899662017822,0.004363323096185923,0.05999999865889549,10.0,528,0.0
529,1788891657.9653964,1788891657.9653964,1060,0.5331658720970154,9.919553756713867,-2.3561899662017822,2.3561899662017822,0.004363323096185923,0.05999999865889549,10.0,529,0.0
530,1788891658.017256,1788891658.017256,1060,0.5350496768951416,9.935214042663574,-2.3561899662017822,2.3561899662017822,0.004363323096185923,0.05999999865889549,10.0,530,0.0
531,1788891658.0900428,1788891658.0900428,1060,0.5363047122955322,9.945566177368164,-2.3561899662017822,2.3561899662017822,0.004363323096185923,0.05999999865889549,10.0,531,0.0
532,1788891658.1403093,1788891658.1403093,1061,0.5375608801841736,9.956036567687988,-2.3561899662017822,2.3561899662017822,0.004363323096185923,0.05999999865889549,10.0,532,0.0
533,1788891658.1898413,1788891658.1898413,1061,0.5388246178627014,9.96641731262207,-2.3561899662017822,2.3561899662017822,0.004363323096185923,0.05999999865889549,10.0,533,0.0
534,1788891658.2410655,1788891658.2410655,1061,0.540346622467041,9.976709365844727,-2.3561899662017822,2.3561899662017822,0.004363323096185923,0.05999999865889549,10.0,534,0.0
535,1788891658.2901695,1788891658.2901695,1061,0.5423843264579773,9.987059593200684,-2.3561899662017822,2.3561899662017822,0.004363323096185923,0.05999999865889549,10.0,535,0.0
536,1788891658.3402338,1788891658.3402338,1062,0.5449379086494446,9.99749755859375,-2.3561899662017822,2.3561899662017822,0.004363323096185923,0.05999999865889549,10.0,536,0.0
537,1788891658.3911,1788891658.3911,1061,0.5480157136917114,9.87459945678711,-2.3561899662017822,2.3561899662017822,0.004363323096185923,0.05999999865889549,10.0,537,0.0
538,1788891658.442117,1788891658.442117,1061,0.553369402885437,9.889992713928223,-2.3561899662017822,2.3561899662017822,0.004363323096185923,0.05999999865889549,10.0,538,0.0
539,1788891658.515313,1788891658.515313,1061,0.5573651790618896,9.900277137756348,-2.3561899662017822,2.3561899662017822,0.004363323096185923,0.05999999865889549,10.0,539,0.0
540,1788891658.5669024,1788891658.5669024,1062,0.5645263195037842,9.915936470031738,-2.3561899662017822,2.3561899662017822,0.004363323096185923,0.05999999865889549,10.0,540,0.0
541,1788891658.6214645,1788891658.6214645,1062,0.5697345733642578,9.926206588745117,-2.3561899662017822,2.3561899662017822,0.004363323096185923,0.05999999865889549,10.0,541,0.0
542,1788891658.6902418,1788891658.6902418,1062,0.5752894282341003,9.936464309692383,-2.3561899662017822,2.3561899662017822,0.004363323096185923,0.05999999865889549,10.0,542,0.0
543,1788891658.7426445,1788891658.7426445,1063,0.58453768491745,9.951957702636719,-2.3561899662017822,2.3561899662017822,0.004363323096185923,0.05999999865889549,10.0,543,0.0
544,1788891658.7951643,1788891658.7951643,1063,0.5911282896995544,9.962259292602539,-2.3561899662017822,2.3561899662017822,0.004363323096185923,0.05999999865889549,10.0,544,0.0
545,1788891658.846219,1788891658.846219,1063,0.5979455709457397,9.972588539123535,-2.3561899662017822,2.3561899662017822,0.004363323096185923,0.05999999865889549,10.0,545,0.0
546,1788891658.9153676,1788891658.9153676,1063,0.6054707169532776,9.982892036437988,-2.3561899662017822,2.3561899662017822,0.004363323096185923,0.05999999865889549,10.0,546,0.0
547,1788891658.9651096,1788891658.9651096,1064,0.6129363775253296,9.993162155151367,-2.3561899662017822,2.3561899662017822,0.004363323096185923,0.05999999865889549,10.0,547,0.0
548,1788891659.0165453,1788891659.0165453,1063,0.622841477394104,9.912528038024902,-2.3561899662017822,2.3561899662017822,0.004363323096185923,0.05999999865889549,10.0,548,0.0
549,1788891659.071041,1788891659.071041,1064,0.6267017722129822,9.936196327209473,-2.3561899662017822,2.3561899662017822,0.004363323096185923,0.05999999865889549,10.0,549,0.0
550,1788891659.1406865,1788891659.1406865,1064,0.6300566792488098,9.916666030883789,-2.3561899662017822,2.3561899662017822,0.004363323096185923,0.05999999865889549,10.0,550,0.0
551,1788891659.190109,1788891659.190109,1063,0.6335117220878601,9.897170066833496,-2.3561899662017822,2.3561899662017822,0.004363323096185923,0.05999999865889549,10.0,551,0.0
552,1788891659.2399142,1788891659.2399142,1063,0.637109100818634,9.877355575561523,-2.3561899662017822,2.3561899662017822,0.004363323096185923,0.05999999865889549,10.0,552,0.0
553,1788891659.2905395,1788891659.2905395,1064,0.6407294869422913,9.988433837890625,-2.3561899662017822,2.3561899662017822,0.004363323096185923,0.05999999865889549,10.0,553,0.0
554,1788891659.3423846,1788891659.3423846,1064,0.6460899710655212,9.957114219665527,-2.3561899662017822,2.3561899662017822,0.004363323096185923,0.05999999865889549,10.0,554,0.0
555,1788891659.4154882,1788891659.4154882,1064,0.6495426893234253,9.935952186584473,-2.3561899662017822,2.3561899662017822,0.004363323096185923,0.05999999865889549,10.0,555,0.0
556,1788891659.4660854,1788891659.4660854,1064,0.6528971195220947,9.91455078125,-2.3561899662017822,2.3561899662017822,0.004363323096185923,0.05999999865889549,10.0,556,0.0
557,1788891659.517073,1788891659.517073,1064,0.6577438116073608,9.881872177124023,-2.3561899662017822,2.3561899662017822,0.004363323096185923,0.05999999865889549,10.0,557,0.0
558,1788891659.5902653,1788891659.5902653,1065,0.6608515977859497,9.99134635925293,-2.3561899662017822,2.3561899662017822,0.004363323096185923,0.05999999865889549,10.0,558,0.0
559,1788891659.6412077,1788891659.6412077,1065,0.6653195023536682,9.956952095031738,-2.3561899662017822,2.3561899662017822,0.004363323096185923,0.05999999865889549,10.0,559,0.0
560,1788891659.6963544,1788891659.6963544,1065,0.6681687831878662,9.93360710144043,-2.3561899662017822,2.3561899662017822,0.004363323096185923,0.05999999865889549,10.0,560,0.0
561,1788891659.7656014,1788891659.7656014,1065,0.6709191799163818,9.909987449645996,-2.3561899662017822,2.3561899662017822,0.004363323096185923,0.05999999865889549,10.0,561,0.0
562,1788891659.817073,1788891659.817073,1064,0.6748567223548889,9.874152183532715,-2.3561899662017822,2.3561899662017822,0.004363323096185923,0.05999999865889549,10.0,562,0.0
563,1788891659.8709352,1788891659.8709352,1065,0.6773504018783569,9.981681823730469,-2.3561899662017822,2.3561899662017822,0.004363323096185923,0.05999999865889549,10.0,563,0.0
564,1788891659.9404788,1788891659.9404788,1065,0.6797447204589844,9.956703186035156,-2.3561899662017822,2.3561899662017822,0.004363323096185923,0.05999999865889549,10.0,564,0.0
565,1788891659.9901214,1788891659.9901214,1065,0.6820337772369385,9.931461334228516,-2.3561899662017822,2.3561899662017822,0.004363323096185923,0.05999999865889549,10.0,565,0.0
566,1788891660.06524,1788891660.06524,1065,0.6852750778198242,9.893059730529785,-2.3561899662017822,2.3561899662017822,0.004363323096185923,0.05999999865889549,10.0,566,0.0
567,1788891660.1170757,1788891660.1170757,1066,0.6882851719856262,9.98670768737793,-2.3561899662017822,2.3561899662017822,0.004363323096185923,0.05999999865889549,10.0,567,0.0
568,1788891660.1902466,1788891660.1902466,1066,0.6904634833335876,9.995698928833008,-2.3561899662017822,2.3561899662017822,0.004363323096185923,0.05999999865889549,10.0,568,0.0
569,1788891660.242377,1788891660.242377,1065,0.6936122179031372,9.876579284667969,-2.3561899662017822,2.3561899662017822,0.004363323096185923,0.05999999865889549,10.0,569,0.0
570,1788891660.2964745,1788891660.2964745,1065,0.6955965757369995,9.885296821594238,-2.3561899662017822,2.3561899662017822,0.004363323096185923,0.05999999865889549,10.0,570,0.0
571,1788891660.3655248,1788891660.3655248,1065,0.6974909901618958,9.89384937286377,-2.3561899662017822,2.3561899662017822,0.004363323096185923,0.05999999865889549,10.0,571,0.0
572,1788891660.4171615,1788891660.4171615,1065,0.7001590132713318,9.906325340270996,-2.3561899662017822,2.3561899662017822,0.004363323096185923,0.05999999865889549,10.0,572,0.0
573,1788891660.4899325,1788891660.4899325,1066,0.7018246054649353,9.914176940917969,-2.3561899662017822,2.3561899662017822,0.004363323096185923,0.05999999865889549,10.0,573,0.0
574,1788891660.5427582,1788891660.5427582,1066,0.7041513919830322,9.925649642944336,-2.3561899662017822,2.3561899662017822,0.004363323096185923,0.05999999865889549,10.0,574,0.0
575,1788891660.6156065,1788891660.6156065,1066,0.7055860161781311,9.932779312133789,-2.3561899662017822,2.3561899662017822,0.004363323096185923,0.05999999865889549,10.0,575,0.0
576,1788891660.6679223,1788891660.6679223,1066,0.7075703740119934,9.93094253540039,-2.3561899662017822,2.3561899662017822,0.004363323096185923,0.05999999865889549,10.0,576,0.0
577,1788891660.7209058,1788891660.7209058,1066,0.7087785005569458,9.929230690002441,-2.3561899662017822,2.3561899662017822,0.004363323096185923,0.05999999865889549,10.0,577,0.0
578,1788891660.790214,1788891660.790214,1067,0.7098938822746277,9.999664306640625,-2.3561899662017822,2.3561899662017822,0.004363323096185923,0.05999999865889549,10.0,578,0.0
579,1788891660.8428543,1788891660.8428543,1067,0.7113962173461914,9.996578216552734,-2.3561899662017822,2.3561899662017822,0.004363323096185923,0.05999999865889549,10.0,579,0.0
580,1788891660.9148593,1788891660.9148593,1067,0.7122820019721985,9.994370460510254,-2.3561899662017822,2.3561899662017822,0.004363323096185923,0.05999999865889549,10.0,580,0.0
581,1788891660.9650652,1788891660.9650652,1068,0.7130761742591858,9.991996765136719,-2.3561899662017822,2.3561899662017822,0.004363323096185923,0.05999999865889549,10.0,581,0.0
582,1788891661.016867,1788891661.016867,1068,0.7140942811965942,9.988092422485352,-2.3561899662017822,2.3561899662017822,0.004363323096185923,0.05999999865889549,10.0,582,0.0
583,1788891661.0901659,1788891661.0901659,1068,0.7146561741828918,9.985298156738281,-2.3561899662017822,2.3561899662017822,0.004363323096185923,0.05999999865889549,10.0,583,0.0
584,1788891661.1400404,1788891661.1400404,1068,0.7152916789054871,9.989025115966797,-2.3561899662017822,2.3561899662017822,0.004363323096185923,0.05999999865889549,10.0,584,0.0
585,1788891661.190101,1788891661.190101,1068,0.7160859704017639,9.99322509765625,-2.3561899662017822,2.3561899662017822,0.004363323096185923,0.05999999865889549,10.0,585,0.0
586,1788891661.2401297,1788891661.2401297,1068,0.7167989015579224,9.995963096618652,-2.3561899662017822,2.3561899662017822,0.004363323096185923,0.05999999865889549,10.0,586,0.0
587,1788891661.290105,1788891661.290105,1068,0.7174103260040283,9.99848461151123,-2.3561899662017822,2.3561899662017822,0.004363323096185923,0.05999999865889549,10.0,587,0.0
588,1788891661.343348,1788891661.343348,1068,0.7181442975997925,9.928126335144043,-2.3561899662017822,2.3561899662017822,0.004363323096185923,0.05999999865889549,10.0,588,0.0
589,1788891661.4155564,1788891661.4155564,1068,0.7185111045837402,9.930145263671875,-2.3561899662017822,2.3561899662017822,0.004363323096185923,0.05999999865889549,10.0,589,0.0
590,1788891661.467596,1788891661.467596,1068,0.7188780903816223,9.932851791381836,-2.3561899662017822,2.3561899662017822,0.004363323096185923,0.05999999865889549,10.0,590,0.0
591,1788891661.5398645,1788891661.5398645,1068,0.7189993262290955,9.934462547302246,-2.3561899662017822,2.3561899662017822,0.004363323096185923,0.05999999865889549,10.0,591,0.0
592,1788891661.5901446,1788891661.5901446,1068,0.7190235257148743,9.935956001281738,-2.3561899662017822,2.3561899662017822,0.004363323096185923,0.05999999865889549,10.0,592,0.0
593,1788891661.6429248,1788891661.6429248,1069,0.7188754081726074,9.93798542022705,-2.3561899662017822,2.3561899662017822,0.004363323096185923,0.05999999865889549,10.0,593,0.0
594,1788891661.7157207,1788891661.7157207,1069,0.7186564803123474,9.939208984375,-2.3561899662017822,2.3561899662017822,0.004363323096185923,0.05999999865889549,10.0,594,0.0
595,1788891661.766906,1788891661.766906,1069,0.7181453704833984,9.940718650817871,-2.3561899662017822,2.3561899662017822,0.004363323096185923,0.05999999865889549,10.0,595,0.0
596,1788891661.8201342,1788891661.8201342,1069,0.7180262207984924,9.963956832885742,-2.3561899662017822,2.3561899662017822,0.004363323096185923,0.05999999865889549,10.0,596,0.0
597,1788891661.870701,1788891661.870701,1070,0.7178645133972168,9.98789119720459,-2.3561899662017822,2.3561899662017822,0.004363323096185923,0.05999999865889549,10.0,597,0.0
598,1788891661.940494,1788891661.940494,1069,0.7176169753074646,9.936149597167969,-2.3561899662017822,2.3561899662017822,0.004363323096185923,0.05999999865889549,10.0,598,0.0
599,1788891661.9924319,1788891661.9924319,1070,0.7172768115997314,9.971532821655273,-2.3561899662017822,2.3561899662017822,0.004363323096185923,0.05999999865889549,10.0,599,0.0
600,1788891662.0652583,1788891662.0652583,1069,0.7175828814506531,9.934826850891113,-2.3561899662017822,2.3561899662017822,0.004363323096185923,0.05999999865889549,10.0,600,0.0
601,1788891662.116771,1788891662.116771,1070,0.7184860706329346,9.988959312438965,-2.3561899662017822,2.3561899662017822,0.004363323096185923,0.05999999865889549,10.0,601,0.0
602,1788891662.1697621,1788891662.1697621,1070,0.7192993760108948,9.948432922363281,-2.3561899662017822,2.3561899662017822,0.004363323096185923,0.05999999865889549,10.0,602,0.0
603,1788891662.220344,1788891662.220344,1070,0.7202838063240051,9.984237670898438,-2.3561899662017822,2.3561899662017822,0.004363323096185923,0.05999999865889549,10.0,603,0.0
604,1788891662.2899747,1788891662.2899747,1070,0.7217460870742798,9.967851638793945,-2.3561899662017822,2.3561899662017822,0.004363323096185923,0.05999999865889549,10.0,604,0.0
605,1788891662.3402112,1788891662.3402112,1070,0.7234960794448853,9.952614784240723,-2.3561899662017822,2.3561899662017822,0.004363323096185923,0.05999999865889549,10.0,605,0.0
606,1788891662.3900247,1788891662.3900247,1070,0.7255017161369324,9.937302589416504,-2.3561899662017822,2.3561899662017822,0.004363323096185923,0.05999999865889549,10.0,606,0.0
607,1788891662.4419384,1788891662.4419384,1070,0.728794515132904,9.95256519317627,-2.3561899662017822,2.3561899662017822,0.004363323096185923,0.05999999865889549,10.0,607,0.0
608,1788891662.5156343,1788891662.5156343,1070,0.7311701774597168,9.936934471130371,-2.3561899662017822,2.3561899662017822,0.004363323096185923,0.05999999865889549,10.0,608,0.0
609,1788891662.56602,1788891662.56602,1071,0.7334979176521301,9.998855590820312,-2.3561899662017822,2.3561899662017822,0.004363323096185923,0.05999999865889549,10.0,609,0.0
610,1788891662.6163433,1788891662.6163433,1071,0.735765814781189,9.982860565185547,-2.3561899662017822,2.3561899662017822,0.004363323096185923,0.05999999865889549,10.0,610,0.0
611,1788891662.6664648,1788891662.6664648,1071,0.7395799160003662,9.941889762878418,-2.3561899662017822,2.3561899662017822,0.004363323096185923,0.05999999865889549,10.0,611,0.0
612,1788891662.7211595,1788891662.7211595,1071,0.7423539757728577,9.945880889892578,-2.3561899662017822,2.3561899662017822,0.004363323096185923,0.05999999865889549,10.0,612,0.0
613,1788891662.7903788,1788891662.7903788,1071,0.7450904846191406,9.949714660644531,-2.3561899662017822,2.3561899662017822,0.004363323096185923,0.05999999865889549,10.0,613,0.0
614,1788891662.8408217,1788891662.8408217,1071,0.7477769255638123,9.953414916992188,-2.3561899662017822,2.3561899662017822,0.004363323096185923,0.05999999865889549,10.0,614,0.0
615,1788891662.8899753,1788891662.8899753,1071,0.750419020652771,9.957131385803223,-2.3561899662017822,2.3561899662017822,0.004363323096185923,0.05999999865889549,10.0,615,0.0
616,1788891662.940136,1788891662.940136,1072,0.7530152797698975,9.960803031921387,-2.3561899662017822,2.3561899662017822,0.004363323096185923,0.05999999865889549,10.0,616,0.0
617,1788891662.9899309,1788891662.9899309,1072,0.7555633187294006,9.964406967163086,-2.3561899662017822,2.3561899662017822,0.004363323096185923,0.05999999865889549,10.0,617,0.0
618,1788891663.0652914,1788891663.0652914,1071,0.7592998147010803,9.930045127868652,-2.3561899662017822,2.3561899662017822,0.004363323096185923,0.05999999865889549,10.0,618,0.0
619,1788891663.116037,1788891663.116037,1072,0.7619646191596985,9.946751594543457,-2.3561899662017822,2.3561899662017822,0.004363323096185923,0.05999999865889549,10.0,619,0.0
620,1788891663.1673422,1788891663.1673422,1072,0.7665321826934814,9.949661254882812,-2.3561899662017822,2.3561899662017822,0.004363323096185923,0.05999999865889549,10.0,620,0.0
621,1788891663.2202876,1788891663.2202876,1072,0.7695673704147339,9.978043556213379,-2.3561899662017822,2.3561899662017822,0.004363323096185923,0.05999999865889549,10.0,621,0.0
622,1788891663.2900255,1788891663.2900255,1072,0.7725715041160583,9.926114082336426,-2.3561899662017822,2.3561899662017822,0.004363323096185923,0.05999999865889549,10.0,622,0.0
623,1788891663.34252,1788891663.34252,1072,0.777030885219574,9.928384780883789,-2.3561899662017822,2.3561899662017822,0.004363323096185923,0.05999999865889549,10.0,623,0.0
624,1788891663.4156666,1788891663.4156666,1073,0.7799646854400635,9.956722259521484,-2.3561899662017822,2.3561899662017822,0.004363323096185923,0.05999999865889549,10.0,624,0.0
625,1788891663.46685,1788891663.46685,1073,0.7843173146247864,9.958900451660156,-2.3561899662017822,2.3561899662017822,0.004363323096185923,0.05999999865889549,10.0,625,0.0
626,1788891663.5202656,1788891663.5202656,1073,0.7871844172477722,9.987663269042969,-2.3561899662017822,2.3561899662017822,0.004363323096185923,0.05999999865889549,10.0,626,0.0
627,1788891663.5906126,1788891663.5906126,1073,0.7900261282920837,9.93452262878418,-2.3561899662017822,2.3561899662017822,0.004363323096185923,0.05999999865889549,10.0,627,0.0
628,1788891663.6428866,1788891663.6428866,1073,0.7942368984222412,9.936495780944824,-2.3561899662017822,2.3561899662017822,0.004363323096185923,0.05999999865889549,10.0,628,0.0
629,1788891663.7153823,1788891663.7153823,1074,0.7974439263343811,9.997201919555664,-2.3561899662017822,2.3561899662017822,0.004363323096185923,0.05999999865889549,10.0,629,0.0
630,1788891663.7697725,1788891663.7697725,1074,0.8023257255554199,9.965767860412598,-2.3561899662017822,2.3561899662017822,0.004363323096185923,0.05999999865889549,10.0,630,0.0
631,1788891663.840495,1788891663.840495,1074,0.8055797815322876,9.944868087768555,-2.3561899662017822,2.3561899662017822,0.004363323096185923,0.05999999865889549,10.0,631,0.0
632,1788891663.8934367,1788891663.8934367,1074,0.8104612827301025,9.996756553649902,-2.3561899662017822,2.3561899662017822,0.004363323096185923,0.05999999865889549,10.0,632,0.0
633,1788891663.964907,1788891663.964907,1074,0.8137146830558777,9.975635528564453,-2.3561899662017822,2.3561899662017822,0.004363323096185923,0.05999999865889549,10.0,633,0.0
634,1788891664.01826,1788891664.01826,1074,0.8185951709747314,9.944025039672852,-2.3561899662017822,2.3561899662017822,0.004363323096185923,0.05999999865889549,10.0,634,0.0
635,1788891664.089835,1788891664.089835,1074,0.8218479752540588,9.922845840454102,-2.3561899662017822,2.3561899662017822,0.004363323096185923,0.05999999865889549,10.0,635,0.0
636,1788891664.140904,1788891664.140904,1075,0.8251006007194519,9.985830307006836,-2.3561899662017822,2.3561899662017822,0.004363323096185923,0.05999999865889549,10.0,636,0.0
637,1788891664.1904008,1788891664.1904008,1075,0.8283522129058838,9.96445083618164,-2.3561899662017822,2.3561899662017822,0.004363323096185923,0.05999999865889549,10.0,637,0.0
638,1788891664.2426224,1788891664.2426224,1074,0.8332325220108032,9.932412147521973,-2.3561899662017822,2.3561899662017822,0.004363323096185923,0.05999999865889549,10.0,638,0.0
639,1788891664.2960577,1788891664.2960577,1075,0.8364844918251038,9.996162414550781,-2.3561899662017822,2.3561899662017822,0.004363323096185923,0.05999999865889549,10.0,639,0.0
640,1788891664.365258,1788891664.365258,1075,0.8397377729415894,9.974583625793457,-2.3561899662017822,2.3561899662017822,0.004363323096185923,0.05999999865889549,10.0,640,0.0
641,1788891664.4174833,1788891664.4174833,1075,0.8446177840232849,9.942394256591797,-2.3561899662017822,2.3561899662017822,0.004363323096185923,0.05999999865889549,10.0,641,0.0
642,1788891664.49051,1788891664.49051,1076,0.8478720188140869,9.9981689453125,-2.3561899662017822,2.3561899662017822,0.004363323096185923,0.05999999865889549,10.0,642,0.0
643,1788891664.5472193,1788891664.5472193,1076,0.8527482748031616,9.968317985534668,-2.3561899662017822,2.3561899662017822,0.004363323096185923,0.05999999865889549,10.0,643,0.0
644,1788891664.6152809,1788891664.6152809,1075,0.8560019731521606,9.948402404785156,-2.3561899662017822,2.3561899662017822,0.004363323096185923,0.05999999865889549,10.0,644,0.0
645,1788891664.6674464,1788891664.6674464,1076,0.8608794212341309,9.977752685546875,-2.3561899662017822,2.3561899662017822,0.004363323096185923,0.05999999865889549,10.0,645,0.0
646,1788891664.721469,1788891664.721469,1076,0.8641328811645508,9.957741737365723,-2.3561899662017822,2.3561899662017822,0.004363323096185923,0.05999999865889549,10.0,646,0.0
647,1788891664.7903411,1788891664.7903411,1077,0.8673859238624573,9.99758529663086,-2.3561899662017822,2.3561899662017822,0.004363323096185923,0.05999999865889549,10.0,647,0.0
648,1788891664.8423471,1788891664.8423471,1077,0.8722661733627319,9.96730899810791,-2.3561899662017822,2.3561899662017822,0.004363323096185923,0.05999999865889549,10.0,648,0.0
649,1788891664.8949518,1788891664.8949518,1077,0.8755192756652832,9.947152137756348,-2.3561899662017822,2.3561899662017822,0.004363323096185923,0.05999999865889549,10.0,649,0.0
650,1788891664.9468439,1788891664.9468439,1077,0.8787726163864136,9.987378120422363,-2.3561899662017822,2.3561899662017822,0.004363323096185923,0.05999999865889549,10.0,650,0.0
651,1788891665.0150285,1788891665.0150285,1077,0.8820257782936096,9.967123985290527,-2.3561899662017822,2.3561899662017822,0.004363323096185923,0.05999999865889549,10.0,651,0.0
652,1788891665.0667017,1788891665.0667017,1078,0.8869063258171082,9.997761726379395,-2.3561899662017822,2.3561899662017822,0.004363323096185923,0.05999999865889549,10.0,652,0.0
653,1788891665.1401536,1788891665.1401536,1078,0.8901594877243042,9.977349281311035,-2.3561899662017822,2.3561899662017822,0.004363323096185923,0.05999999865889549,10.0,653,0.0
654,1788891665.1904953,1788891665.1904953,1078,0.8934128284454346,9.956945419311523,-2.3561899662017822,2.3561899662017822,0.004363323096185923,0.05999999865889549,10.0,654,0.0
655,1788891665.2422,1788891665.2422,1078,0.8982924818992615,9.98785400390625,-2.3561899662017822,2.3561899662017822,0.004363323096185923,0.05999999865889549,10.0,655,0.0
656,1788891665.2967765,1788891665.2967765,1078,0.9015457034111023,9.967314720153809,-2.3561899662017822,2.3561899662017822,0.004363323096185923,0.05999999865889549,10.0,656,0.0
657,1788891665.3656373,1788891665.3656373,1078,0.9047989249229431,9.946792602539062,-2.3561899662017822,2.3561899662017822,0.004363323096185923,0.05999999865889549,10.0,657,0.0
658,1788891665.4190757,1788891665.4190757,1079,0.909679114818573,9.978041648864746,-2.3561899662017822,2.3561899662017822,0.004363323096185923,0.05999999865889549,10.0,658,0.0
659,1788891665.4898274,1788891665.4898274,1079,0.912932276725769,9.957366943359375,-2.3561899662017822,2.3561899662017822,0.004363323096185923,0.05999999865889549,10.0,659,0.0
660,1788891665.5433066,1788891665.5433066,1080,0.9178118705749512,9.989055633544922,-2.3561899662017822,2.3561899662017822,0.004363323096185923,0.05999999865889549,10.0,660,0.0
661,1788891665.602723,1788891665.602723,1080,0.9214500188827515,9.990045547485352,-2.3561899662017822,2.3561899662017822,0.004363323096185923,0.05999999865889549,10.0,661,0.0
662,1788891665.66529,1788891665.66529,1080,0.9252064228057861,9.99433708190918,-2.3561899662017822,2.3561899662017822,0.004363323096185923,0.05999999865889549,10.0,662,0.0
663,1788891665.7244794,1788891665.7244794,1080,0.9304425716400146,9.975881576538086,-2.3561899662017822,2.3561899662017822,0.004363323096185923,0.05999999865889549,10.0,663,0.0
664,1788891665.7898247,1788891665.7898247,1080,0.9341034293174744,9.975014686584473,-2.3561899662017822,2.3561899662017822,0.004363323096185923,0.05999999865889549,10.0,664,0.0
665,1788891665.8430433,1788891665.8430433,1080,0.9398368000984192,9.981708526611328,-2.3561899662017822,2.3561899662017822,0.004363323096185923,0.05999999865889549,10.0,665,0.0
666,1788891665.9157424,1788891665.9157424,1081,0.9436963200569153,9.986273765563965,-2.3561899662017822,2.3561899662017822,0.004363323096185923,0.05999999865889549,10.0,666,0.0
667,1788891665.9673083,1788891665.9673083,1081,0.9495283961296082,9.993277549743652,-2.3561899662017822,2.3561899662017822,0.004363323096185923,0.05999999865889549,10.0,667,0.0
668,1788891666.0408056,1788891666.0408056,1081,0.9534540772438049,9.998074531555176,-2.3561899662017822,2.3561899662017822,0.004363323096185923,0.05999999865889549,10.0,668,0.0
669,1788891666.093519,1788891666.093519,1081,0.9595714211463928,9.961405754089355,-2.3561899662017822,2.3561899662017822,0.004363323096185923,0.05999999865889549,10.0,669,0.0
670,1788891666.1472464,1788891666.1472464,1081,0.9637172818183899,9.924592018127441,-2.3561899662017822,2.3561899662017822,0.004363323096185923,0.05999999865889549,10.0,670,0.0
671,1788891666.2148352,1788891666.2148352,1081,0.9678953886032104,9.952393531799316,-2.3561899662017822,2.3561899662017822,0.004363323096185923,0.05999999865889549,10.0,671,0.0
672,1788891666.2672002,1788891666.2672002,1081,0.9742441773414612,9.929503440856934,-2.3561899662017822,2.3561899662017822,0.004363323096185923,0.05999999865889549,10.0,672,0.0
673,1788891666.3214467,1788891666.3214467,1081,0.9785304069519043,9.892730712890625,-2.3561899662017822,2.3561899662017822,0.004363323096185923,0.05999999865889549,10.0,673,0.0
674,1788891666.390715,1788891666.390715,1081,0.9828612208366394,9.920777320861816,-2.3561899662017822,2.3561899662017822,0.004363323096185923,0.05999999865889549,10.0,674,0.0
675,1788891666.4423175,1788891666.4423175,1081,0.9894446730613708,9.898093223571777,-2.3561899662017822,2.3561899662017822,0.004363323096185923,0.05999999865889549,10.0,675,0.0
676,1788891666.5153713,1788891666.5153713,1081,0.993891716003418,9.861474990844727,-2.3561899662017822,2.3561899662017822,0.004363323096185923,0.05999999865889549,10.0,676,0.0
677,1788891666.5675404,1788891666.5675404,1081,1.0006409883499146,9.839049339294434,-2.3561899662017822,2.3561899662017822,0.004363323096185923,0.05999999865889549,10.0,677,0.0
678,1788891666.622101,1788891666.622101,1081,1.0050079822540283,9.844841957092285,-2.3561899662017822,2.3561899662017822,0.004363323096185923,0.05999999865889549,10.0,678,0.0
679,1788891666.690355,1788891666.690355,1081,1.0094939470291138,9.850138664245605,-2.3561899662017822,2.3561899662017822,0.004363323096185923,0.05999999865889549,10.0,679,0.0
680,1788891666.7414632,1788891666.7414632,1081,1.0162889957427979,9.793359756469727,-2.3561899662017822,2.3561899662017822,0.004363323096185923,0.05999999865889549,10.0,680,0.0
681,1788891666.7955768,1788891666.7955768,1081,1.0208580493927002,9.79863166809082,-2.3561899662017822,2.3561899662017822,0.004363323096185923,0.05999999865889549,10.0,681,0.0
682,1788891666.846119,1788891666.846119,1081,1.0254499912261963,9.803985595703125,-2.3561899662017822,2.3561899662017822,0.004363323096185923,0.05999999865889549,10.0,682,0.0
683,1788891666.9150062,1788891666.9150062,1081,1.030066967010498,9.744794845581055,-2.3561899662017822,2.3561899662017822,0.004363323096185923,0.05999999865889549,10.0,683,0.0
684,1788891666.9652247,1788891666.9652247,1081,1.0347139835357666,9.75007152557373,-2.3561899662017822,2.3561899662017822,0.004363323096185923,0.05999999865889549,10.0,684,0.0
685,1788891667.0165002,1788891667.0165002,1081,1.0417309999465942,9.758187294006348,-2.3561899662017822,2.3561899662017822,0.004363323096185923,0.05999999865889549,10.0,685,0.0
686,1788891667.0711892,1788891667.0711892,1081,1.0464409589767456,9.763752937316895,-2.3561899662017822,2.3561899662017822,0.004363323096185923,0.05999999865889549,10.0,686,0.0
687,1788891667.1401188,1788891667.1401188,1081,1.0511809587478638,9.704591751098633,-2.3561899662017822,2.3561899662017822,0.004363323096185923,0.05999999865889549,10.0,687,0.0
688,1788891667.190849,1788891667.190849,1081,1.0559450387954712,9.710028648376465,-2.3561899662017822,2.3561899662017822,0.004363323096185923,0.05999999865889549,10.0,688,0.0
689,1788891667.241039,1788891667.241039,1081,1.0607320070266724,9.715558052062988,-2.3561899662017822,2.3561899662017822,0.004363323096185923,0.05999999865889549,10.0,689,0.0
690,1788891667.2922673,1788891667.2922673,1081,1.0576729774475098,9.659236907958984,-2.3561899662017822,2.3561899662017822,0.004363323096185923,0.05999999865889549,10.0,690,0.0
691,1788891667.34614,1788891667.34614,1081,1.0528310537338257,9.664679527282715,-2.3561899662017822,2.3561899662017822,0.004363323096185923,0.05999999865889549,10.0,691,0.0
692,1788891667.4148533,1788891667.4148533,1081,1.0479509830474854,9.67027473449707,-2.3561899662017822,2.3561899662017822,0.004363323096185923,0.05999999865889549,10.0,692,0.0
693,1788891667.4702735,1788891667.4702735,1081,1.041043996810913,9.652177810668945,-2.3561899662017822,2.3561899662017822,0.004363323096185923,0.05999999865889549,10.0,693,0.0
694,1788891667.5216682,1788891667.5216682,1081,1.0366020202636719,9.63210678100586,-2.3561899662017822,2.3561899662017822,0.004363323096185923,0.05999999865889549,10.0,694,0.0
695,1788891667.5900035,1788891667.5900035,1081,1.0321600437164307,9.61201000213623,-2.3561899662017822,2.3561899662017822,0.004363323096185923,0.05999999865889549,10.0,695,0.0
696,1788891667.641968,1788891667.641968,1081,1.025496006011963,9.581852912902832,-2.3561899662017822,2.3561899662017822,0.004363323096185923,0.05999999865889549,10.0,696,0.0
697,1788891667.7150574,1788891667.7150574,1081,1.0210520029067993,9.561768531799316,-2.3561899662017822,2.3561899662017822,0.004363323096185923,0.05999999865889549,10.0,697,0.0
698,1788891667.7679446,1788891667.7679446,1081,1.0143870115280151,9.596147537231445,-2.3561899662017822,2.3561899662017822,0.004363323096185923,0.05999999865889549,10.0,698,0.0
699,1788891667.8399162,1788891667.8399162,1081,1.0099430084228516,9.575958251953125,-2.3561899662017822,2.3561899662017822,0.004363323096185923,0.05999999865889549,10.0,699,0.0
700,1788891667.8904264,1788891667.8904264,1081,1.005499005317688,9.555766105651855,-2.3561899662017822,2.3561899662017822,0.004363323096185923,0.05999999865889549,10.0,700,0.0
701,1788891667.9433448,1788891667.9433448,1081,0.9988335967063904,9.525493621826172,-2.3561899662017822,2.3561899662017822,0.004363323096185923,0.05999999865889549,10.0,701,0.0
702,1788891667.9961119,1788891667.9961119,1081,0.994391918182373,9.505290985107422,-2.3561899662017822,2.3561899662017822,0.004363323096185923,0.05999999865889549,10.0,702,0.0
703,1788891668.0648544,1788891668.0648544,1081,0.989947497844696,9.48505973815918,-2.3561899662017822,2.3561899662017822,0.004363323096185923,0.05999999865889549,10.0,703,0.0
704,1788891668.1178138,1788891668.1178138,1081,0.9832835793495178,9.519412994384766,-2.3561899662017822,2.3561899662017822,0.004363323096185923,0.05999999865889549,10.0,704,0.0
705,1788891668.1907861,1788891668.1907861,1081,0.9788389205932617,9.499146461486816,-2.3561899662017822,2.3561899662017822,0.004363323096185923,0.05999999865889549,10.0,705,0.0
706,1788891668.24121,1788891668.24121,1081,0.9743937253952026,9.478819847106934,-2.3561899662017822,2.3561899662017822,0.004363323096185923,0.05999999865889549,10.0,706,0.0
707,1788891668.2926831,1788891668.2926831,1081,0.9677339196205139,9.448311805725098,-2.3561899662017822,2.3561899662017822,0.004363323096185923,0.05999999865889549,10.0,707,0.0
708,1788891668.3654294,1788891668.3654294,1081,0.9632894992828369,9.427956581115723,-2.3561899662017822,2.3561899662017822,0.004363323096185923,0.05999999865889549,10.0,708,0.0
709,1788891668.4160635,1788891668.4160635,1081,0.9591817259788513,9.459696769714355,-2.3561899662017822,2.3561899662017822,0.004363323096185923,0.05999999865889549,10.0,709,0.0
710,1788891668.4673526,1788891668.4673526,1081,0.9552773237228394,9.465812683105469,-2.3561899662017822,2.3561899662017822,0.004363323096185923,0.05999999865889549,10.0,710,0.0
711,1788891668.540286,1788891668.540286,1081,0.9528263807296753,9.448186874389648,-2.3561899662017822,2.3561899662017822,0.004363323096185923,0.05999999865889549,10.0,711,0.0
712,1788891668.589815,1788891668.589815,1081,0.9504327178001404,9.430475234985352,-2.3561899662017822,2.3561899662017822,0.004363323096185923,0.05999999865889549,10.0,712,0.0
713,1788891668.6399653,1788891668.6399653,1081,0.9474294781684875,9.443074226379395,-2.3561899662017822,2.3561899662017822,0.004363323096185923,0.05999999865889549,10.0,713,0.0
714,1788891668.6915271,1788891668.6915271,1081,0.9408714771270752,9.428350448608398,-2.3561899662017822,2.3561899662017822,0.004363323096185923,0.05999999865889549,10.0,714,0.0
715,1788891668.74586,1788891668.74586,1081,0.936206579208374,9.377191543579102,-2.3561899662017822,2.3561899662017822,0.004363323096185923,0.05999999865889549,10.0,715,0.0
716,1788891668.8150768,1788891668.8150768,1081,0.9315165877342224,9.382128715515137,-2.3561899662017822,2.3561899662017822,0.004363323096185923,0.05999999865889549,10.0,716,0.0
717,1788891668.8659372,1788891668.8659372,1081,0.9268025159835815,9.378786087036133,-2.3561899662017822,2.3561899662017822,0.004363323096185923,0.05999999865889549,10.0,717,0.0
718,1788891668.9200544,1788891668.9200544,1081,0.9183403849601746,9.329434394836426,-2.3561899662017822,2.3561899662017822,0.004363323096185923,0.05999999865889549,10.0,718,0.0
719,1788891668.99046,1788891668.99046,1081,0.9120250940322876,9.331561088562012,-2.3561899662017822,2.3561899662017822,0.004363323096185923,0.05999999865889549,10.0,719,0.0
720,1788891669.0422308,1788891669.0422308,1081,0.9025018811225891,9.32502555847168,-2.3561899662017822,2.3561899662017822,0.004363323096185923,0.05999999865889549,10.0,720,0.0
721,1788891669.0960903,1788891669.0960903,1081,0.897476315498352,9.293574333190918,-2.3561899662017822,2.3561899662017822,0.004363323096185923,0.05999999865889549,10.0,721,0.0
722,1788891669.1649387,1788891669.1649387,1081,0.8936306834220886,9.313831329345703,-2.3561899662017822,2.3561899662017822,0.004363323096185923,0.05999999865889549,10.0,722,0.0
723,1788891669.2183518,1788891669.2183518,1081,0.888022780418396,9.30835247039795,-2.3561899662017822,2.3561899662017822,0.004363323096185923,0.05999999865889549,10.0,723,0.0
724,1788891669.2905495,1788891669.2905495,1081,0.8843532204627991,9.292427062988281,-2.3561899662017822,2.3561899662017822,0.004363323096185923,0.05999999865889549,10.0,724,0.0
725,1788891669.3423064,1788891669.3423064,1081,0.8789504170417786,9.286788940429688,-2.3561899662017822,2.3561899662017822,0.004363323096185923,0.05999999865889549,10.0,725,0.0
726,1788891669.3957105,1788891669.3957105,1081,0.8734838962554932,9.243902206420898,-2.3561899662017822,2.3561899662017822,0.004363323096185923,0.05999999865889549,10.0,726,0.0
727,1788891669.4454243,1788891669.4454243,1081,0.8674654960632324,9.23929500579834,-2.3561899662017822,2.3561899662017822,0.004363323096185923,0.05999999865889549,10.0,727,0.0
728,1788891669.5154393,1788891669.5154393,1081,0.861381471157074,9.234699249267578,-2.3561899662017822,2.3561899662017822,0.004363323096185923,0.05999999865889549,10.0,728,0.0
729,1788891669.5668297,1788891669.5668297,1081,0.8523703217506409,9.227899551391602,-2.3561899662017822,2.3561899662017822,0.004363323096185923,0.05999999865889549,10.0,729,0.0
730,1788891669.6400728,1788891669.6400728,1081,0.8466976881027222,9.223381042480469,-2.3561899662017822,2.3561899662017822,0.004363323096185923,0.05999999865889549,10.0,730,0.0
731,1788891669.6907473,1788891669.6907473,1081,0.8412989974021912,9.182110786437988,-2.3561899662017822,2.3561899662017822,0.004363323096185923,0.05999999865889549,10.0,731,0.0
732,1788891669.74265,1788891669.74265,1081,0.8348569869995117,9.183606147766113,-2.3561899662017822,2.3561899662017822,0.004363323096185923,0.05999999865889549,10.0,732,0.0
733,1788891669.815279,1788891669.815279,1081,0.8325018882751465,9.167241096496582,-2.3561899662017822,2.3561899662017822,0.004363323096185923,0.05999999865889549,10.0,733,0.0
734,1788891669.8674767,1788891669.8674767,1081,0.8293609023094177,9.1614408493042,-2.3561899662017822,2.3561899662017822,0.004363323096185923,0.05999999865889549,10.0,734,0.0
735,1788891669.9201405,1788891669.9201405,1081,0.8276587724685669,9.145307540893555,-2.3561899662017822,2.3561899662017822,0.004363323096185923,0.05999999865889549,10.0,735,0.0
736,1788891669.9698646,1788891669.9698646,1081,0.8260809779167175,9.166083335876465,-2.3561899662017822,2.3561899662017822,0.004363323096185923,0.05999999865889549,10.0,736,0.0
737,1788891670.0217736,1788891670.0217736,1081,0.8231536746025085,9.121647834777832,-2.3561899662017822,2.3561899662017822,0.004363323096185923,0.05999999865889549,10.0,737,0.0
738,1788891670.089949,1788891670.089949,1081,0.8201640248298645,9.116888046264648,-2.3561899662017822,2.3561899662017822,0.004363323096185923,0.05999999865889549,10.0,738,0.0
739,1788891670.1409101,1788891670.1409101,1081,0.8174502849578857,9.112113952636719,-2.3561899662017822,2.3561899662017822,0.004363323096185923,0.05999999865889549,10.0,739,0.0
740,1788891670.1927934,1788891670.1927934,1081,0.8139035105705261,9.105060577392578,-2.3561899662017822,2.3561899662017822,0.004363323096185923,0.05999999865889549,10.0,740,0.0
741,1788891670.2470176,1788891670.2470176,1081,0.8118842840194702,9.100341796875,-2.3561899662017822,2.3561899662017822,0.004363323096185923,0.05999999865889549,10.0,741,0.0
742,1788891670.3154564,1788891670.3154564,1081,0.8101367950439453,9.095687866210938,-2.3561899662017822,2.3561899662017822,0.004363323096185923,0.05999999865889549,10.0,742,0.0
743,1788891670.3668704,1788891670.3668704,1081,0.8077796101570129,9.051413536071777,-2.3561899662017822,2.3561899662017822,0.004363323096185923,0.05999999865889549,10.0,743,0.0
744,1788891670.4207277,1788891670.4207277,1081,0.8061782121658325,9.046731948852539,-2.3561899662017822,2.3561899662017822,0.004363323096185923,0.05999999865889549,10.0,744,0.0
745,1788891670.489999,1788891670.489999,1081,0.8045514225959778,9.04207992553711,-2.3561899662017822,2.3561899662017822,0.004363323096185923,0.05999999865889549,10.0,745,0.0
746,1788891670.5399342,1788891670.5399342,1081,0.8031715154647827,9.029265403747559,-2.3561899662017822,2.3561899662017822,0.004363323096185923,0.05999999865889549,10.0,746,0.0
747,1788891670.5906508,1788891670.5906508,1081,0.8032296895980835,9.015559196472168,-2.3561899662017822,2.3561899662017822,0.004363323096185923,0.05999999865889549,10.0,747,0.0
748,1788891670.6426888,1788891670.6426888,1081,0.8037043809890747,9.009636878967285,-2.3561899662017822,2.3561899662017822,0.004363323096185923,0.05999999865889549,10.0,748,0.0
749,1788891670.6968875,1788891670.6968875,1081,0.8040903210639954,8.993194580078125,-2.3561899662017822,2.3561899662017822,0.004363323096185923,0.05999999865889549,10.0,749,0.0
750,1788891670.7649195,1788891670.7649195,1081,0.8045331835746765,9.014283180236816,-2.3561899662017822,2.3561899662017822,0.004363323096185923,0.05999999865889549,10.0,750,0.0
751,1788891670.8153355,1788891670.8153355,1081,0.8042892813682556,8.984912872314453,-2.3561899662017822,2.3561899662017822,0.004363323096185923,0.05999999865889549,10.0,751,0.0
752,1788891670.8659854,1788891670.8659854,1081,0.8022953271865845,8.977808952331543,-2.3561899662017822,2.3561899662017822,0.004363323096185923,0.05999999865889549,10.0,752,0.0
753,1788891670.9407706,1788891670.9407706,1081,0.8005946278572083,8.985905647277832,-2.3561899662017822,2.3561899662017822,0.004363323096185923,0.05999999865889549,10.0,753,0.0
754,1788891670.9910657,1788891670.9910657,1081,0.7988240718841553,8.957255363464355,-2.3561899662017822,2.3561899662017822,0.004363323096185923,0.05999999865889549,10.0,754,0.0
755,1788891671.0430295,1788891671.0430295,1081,0.7960898280143738,8.933273315429688,-2.3561899662017822,2.3561899662017822,0.004363323096185923,0.05999999865889549,10.0,755,0.0
756,1788891671.0964067,1788891671.0964067,1081,0.7945423126220703,8.92910099029541,-2.3561899662017822,2.3561899662017822,0.004363323096185923,0.05999999865889549,10.0,756,0.0
757,1788891671.1657717,1788891671.1657717,1081,0.7929673790931702,8.924395561218262,-2.3561899662017822,2.3561899662017822,0.004363323096185923,0.05999999865889549,10.0,757,0.0
758,1788891671.2180107,1788891671.2180107,1081,0.7905460000038147,8.917381286621094,-2.3561899662017822,2.3561899662017822,0.004363323096185923,0.05999999865889549,10.0,758,0.0
759,1788891671.2902465,1788891671.2902465,1081,0.7888960838317871,8.91273307800293,-2.3561899662017822,2.3561899662017822,0.004363323096185923,0.05999999865889549,10.0,759,0.0
760,1788891671.3407466,1788891671.3407466,1081,0.7872185707092285,8.908150672912598,-2.3561899662017822,2.3561899662017822,0.004363323096185923,0.05999999865889549,10.0,760,0.0
761,1788891671.3926344,1788891671.3926344,1081,0.785672128200531,8.871696472167969,-2.3561899662017822,2.3561899662017822,0.004363323096185923,0.05999999865889549,10.0,761,0.0
762,1788891671.4657881,1788891671.4657881,1081,0.7858937978744507,8.892993927001953,-2.3561899662017822,2.3561899662017822,0.004363323096185923,0.05999999865889549,10.0,762,0.0
763,1788891671.5169544,1788891671.5169544,1081,0.7863466739654541,8.887187957763672,-2.3561899662017822,2.3561899662017822,0.004363323096185923,0.05999999865889549,10.0,763,0.0
764,1788891671.5697875,1788891671.5697875,1081,0.7868056893348694,8.870394706726074,-2.3561899662017822,2.3561899662017822,0.004363323096185923,0.05999999865889549,10.0,764,0.0
765,1788891671.621265,1788891671.621265,1081,0.7859967947006226,8.863856315612793,-2.3561899662017822,2.3561899662017822,0.004363323096185923,0.05999999865889549,10.0,765,0.0
766,1788891671.6720629,1788891671.6720629,1081,0.7849224209785461,8.870607376098633,-2.3561899662017822,2.3561899662017822,0.004363323096185923,0.05999999865889549,10.0,766,0.0
767,1788891671.7402334,1788891671.7402334,1081,0.7839540243148804,8.841437339782715,-2.3561899662017822,2.3561899662017822,0.004363323096185923,0.05999999865889549,10.0,767,0.0
768,1788891671.7904832,1788891671.7904832,1081,0.7832322716712952,8.851066589355469,-2.3561899662017822,2.3561899662017822,0.004363323096185923,0.05999999865889549,10.0,768,0.0
769,1788891671.8417575,1788891671.8417575,1081,0.7821146249771118,8.826777458190918,-2.3561899662017822,2.3561899662017822,0.004363323096185923,0.05999999865889549,10.0,769,0.0
770,1788891671.895462,1788891671.895462,1081,0.7816944718360901,8.822766304016113,-2.3561899662017822,2.3561899662017822,0.004363323096185923,0.05999999865889549,10.0,770,0.0
771,1788891671.965598,1788891671.965598,1081,0.7812888026237488,8.81821060180664,-2.3561899662017822,2.3561899662017822,0.004363323096185923,0.05999999865889549,10.0,771,0.0
772,1788891672.0151272,1788891672.0151272,1081,0.7808501124382019,8.813661575317383,-2.3561899662017822,2.3561899662017822,0.004363323096185923,0.05999999865889549,10.0,772,0.0
773,1788891672.065699,1788891672.065699,1081,0.7806218266487122,8.800498962402344,-2.3561899662017822,2.3561899662017822,0.004363323096185923,0.05999999865889549,10.0,773,0.0
774,1788891672.116822,1788891672.116822,1081,0.7823569774627686,8.797537803649902,-2.3561899662017822,2.3561899662017822,0.004363323096185923,0.05999999865889549,10.0,774,0.0
775,1788891672.171258,1788891672.171258,1081,0.7836925983428955,8.780559539794922,-2.3561899662017822,2.3561899662017822,0.004363323096185923,0.05999999865889549,10.0,775,0.0
776,1788891672.2404819,1788891672.2404819,1081,0.7850844860076904,8.803109169006348,-2.3561899662017822,2.3561899662017822,0.004363323096185923,0.05999999865889549,10.0,776,0.0
777,1788891672.2910056,1788891672.2910056,1081,0.7857561111450195,8.76929759979248,-2.3561899662017822,2.3561899662017822,0.004363323096185923,0.05999999865889549,10.0,777,0.0
778,1788891672.3650522,1788891672.3650522,1081,0.7851536273956299,8.778087615966797,-2.3561899662017822,2.3561899662017822,0.004363323096185923,0.05999999865889549,10.0,778,0.0
779,1788891672.4164443,1788891672.4164443,1081,0.7840731739997864,8.75338363647461,-2.3561899662017822,2.3561899662017822,0.004363323096185923,0.05999999865889549,10.0,779,0.0
780,1788891672.4710262,1788891672.4710262,1081,0.7832977771759033,8.763543128967285,-2.3561899662017822,2.3561899662017822,0.004363323096185923,0.05999999865889549,10.0,780,0.0
781,1788891672.540472,1788891672.540472,1081,0.7820510268211365,8.738860130310059,-2.3561899662017822,2.3561899662017822,0.004363323096185923,0.05999999865889549,10.0,781,0.0
782,1788891672.596657,1788891672.596657,1081,0.7811629176139832,8.749192237854004,-2.3561899662017822,2.3561899662017822,0.004363323096185923,0.05999999865889549,10.0,782,0.0
783,1788891672.665772,1788891672.665772,1081,0.7802255749702454,8.719475746154785,-2.3561899662017822,2.3561899662017822,0.004363323096185923,0.05999999865889549,10.0,783,0.0
784,1788891672.7166147,1788891672.7166147,1081,0.7791194915771484,8.720537185668945,-2.3561899662017822,2.3561899662017822,0.004363323096185923,0.05999999865889549,10.0,784,0.0
785,1788891672.7712452,1788891672.7712452,1081,0.7781649827957153,8.71403980255127,-2.3561899662017822,2.3561899662017822,0.004363323096185923,0.05999999865889549,10.0,785,0.0
786,1788891672.8658001,1788891672.8658001,1081,0.7774916887283325,8.709728240966797,-2.3561899662017822,2.3561899662017822,0.004363323096185923,0.05999999865889549,10.0,786,0.0
787,1788891672.9160182,1788891672.9160182,1081,0.7770200967788696,8.697129249572754,-2.3561899662017822,2.3561899662017822,0.004363323096185923,0.05999999865889549,10.0,787,0.0
788,1788891672.9672997,1788891672.9672997,1081,0.7784385085105896,8.694958686828613,-2.3561899662017822,2.3561899662017822,0.004363323096185923,0.05999999865889549,10.0,788,0.0
789,1788891673.0217416,1788891673.0217416,1081,0.779124915599823,8.677716255187988,-2.3561899662017822,2.3561899662017822,0.004363323096185923,0.05999999865889549,10.0,789,0.0
790,1788891673.090158,1788891673.090158,1081,0.7791382074356079,8.701401710510254,-2.3561899662017822,2.3561899662017822,0.004363323096185923,0.05999999865889549,10.0,790,0.0
791,1788891673.1422174,1788891673.1422174,1081,0.7775906920433044,8.708147048950195,-2.3561899662017822,2.3561899662017822,0.004363323096185923,0.05999999865889549,10.0,791,0.0
792,1788891673.2151484,1788891673.2151484,1081,0.7754579782485962,8.675806999206543,-2.3561899662017822,2.3561899662017822,0.004363323096185923,0.05999999865889549,10.0,792,0.0
793,1788891673.2685218,1788891673.2685218,1081,0.7721217274665833,8.692261695861816,-2.3561899662017822,2.3561899662017822,0.004363323096185923,0.05999999865889549,10.0,793,0.0
794,1788891673.3212092,1788891673.3212092,1081,0.7698442935943604,8.661699295043945,-2.3561899662017822,2.3561899662017822,0.004363323096185923,0.05999999865889549,10.0,794,0.0
795,1788891673.3902094,1788891673.3902094,1081,0.7675250172615051,8.668963432312012,-2.3561899662017822,2.3561899662017822,0.004363323096185923,0.05999999865889549,10.0,795,0.0
796,1788891673.4403195,1788891673.4403195,1081,0.7651572227478027,8.642233848571777,-2.3561899662017822,2.3561899662017822,0.004363323096185923,0.05999999865889549,10.0,796,0.0
797,1788891673.490724,1788891673.490724,1081,0.7627447247505188,8.645743370056152,-2.3561899662017822,2.3561899662017822,0.004363323096185923,0.05999999865889549,10.0,797,0.0
798,1788891673.5435436,1788891673.5435436,1081,0.7590432167053223,8.621912002563477,-2.3561899662017822,2.3561899662017822,0.004363323096185923,0.05999999865889549,10.0,798,0.0
799,1788891673.5964947,1788891673.5964947,1081,0.7565194964408875,8.623189926147461,-2.3561899662017822,2.3561899662017822,0.004363323096185923,0.05999999865889549,10.0,799,0.0
800,1788891673.6657777,1788891673.6657777,1081,0.7539489269256592,8.62455940246582,-2.3561899662017822,2.3561899662017822,0.004363323096185923,0.05999999865889549,10.0,800,0.0
801,1788891673.718187,1788891673.718187,1081,0.7502995729446411,8.59119987487793,-2.3561899662017822,2.3561899662017822,0.004363323096185923,0.05999999865889549,10.0,801,0.0
802,1788891673.7705917,1788891673.7705917,1081,0.7489376068115234,8.589824676513672,-2.3561899662017822,2.3561899662017822,0.004363323096185923,0.05999999865889549,10.0,802,0.0
803,1788891673.821777,1788891673.821777,1081,0.7485638856887817,8.599913597106934,-2.3561899662017822,2.3561899662017822,0.004363323096185923,0.05999999865889549,10.0,803,0.0
804,1788891673.8907263,1788891673.8907263,1081,0.7482596039772034,8.584129333496094,-2.3561899662017822,2.3561899662017822,0.004363323096185923,0.05999999865889549,10.0,804,0.0
805,1788891673.9432435,1788891673.9432435,1081,0.7479087710380554,8.57357120513916,-2.3561899662017822,2.3561899662017822,0.004363323096185923,0.05999999865889549,10.0,805,0.0
806,1788891673.996591,1788891673.996591,1081,0.7459331750869751,8.570395469665527,-2.3561899662017822,2.3561899662017822,0.004363323096185923,0.05999999865889549,10.0,806,0.0
807,1788891674.065536,1788891674.065536,1081,0.7435150742530823,8.571557998657227,-2.3561899662017822,2.3561899662017822,0.004363323096185923,0.05999999865889549,10.0,807,0.0
808,1788891674.1175723,1788891674.1175723,1081,0.7397469282150269,8.547432899475098,-2.3561899662017822,2.3561899662017822,0.004363323096185923,0.05999999865889549,10.0,808,0.0
809,1788891674.1708221,1788891674.1708221,1081,0.7371792197227478,8.549089431762695,-2.3561899662017822,2.3561899662017822,0.004363323096185923,0.05999999865889549,10.0,809,0.0
810,1788891674.2407708,1788891674.2407708,1081,0.7345656752586365,8.550859451293945,-2.3561899662017822,2.3561899662017822,0.004363323096185923,0.05999999865889549,10.0,810,0.0
811,1788891674.29389,1788891674.29389,1081,0.7305616736412048,8.526769638061523,-2.3561899662017822,2.3561899662017822,0.004363323096185923,0.05999999865889549,10.0,811,0.0
812,1788891674.3465765,1788891674.3465765,1081,0.7278375029563904,8.5286283493042,-2.3561899662017822,2.3561899662017822,0.004363323096185923,0.05999999865889549,10.0,812,0.0
813,1788891674.4156995,1788891674.4156995,1081,0.7251477837562561,8.530620574951172,-2.3561899662017822,2.3561899662017822,0.004363323096185923,0.05999999865889549,10.0,813,0.0
814,1788891674.4656339,1788891674.4656339,1081,0.7225180268287659,8.512420654296875,-2.3561899662017822,2.3561899662017822,0.004363323096185923,0.05999999865889549,10.0,814,0.0
815,1788891674.5401897,1788891674.5401897,1081,0.7224705815315247,8.496527671813965,-2.3561899662017822,2.3561899662017822,0.004363323096185923,0.05999999865889549,10.0,815,0.0
816,1788891674.5899315,1788891674.5899315,1081,0.7225220799446106,8.507830619812012,-2.3561899662017822,2.3561899662017822,0.004363323096185923,0.05999999865889549,10.0,816,0.0
817,1788891674.6401155,1788891674.6401155,1081,0.7226303815841675,8.49182415008545,-2.3561899662017822,2.3561899662017822,0.004363323096185923,0.05999999865889549,10.0,817,0.0
818,1788891674.6902282,1788891674.6902282,1081,0.7227954864501953,8.5032958984375,-2.3561899662017822,2.3561899662017822,0.004363323096185923,0.05999999865889549,10.0,818,0.0
819,1788891674.7414765,1788891674.7414765,1081,0.7213215827941895,8.506876945495605,-2.3561899662017822,2.3561899662017822,0.004363323096185923,0.05999999865889549,10.0,819,0.0
820,1788891674.7967198,1788891674.7967198,1081,0.7193450927734375,8.480944633483887,-2.3561899662017822,2.3561899662017822,0.004363323096185923,0.05999999865889549,10.0,820,0.0
821,1788891674.8657246,1788891674.8657246,1081,0.7172899842262268,8.483201026916504,-2.3561899662017822,2.3561899662017822,0.004363323096185923,0.05999999865889549,10.0,821,0.0
822,1788891674.9149954,1788891674.9149954,1081,0.7151892781257629,8.485570907592773,-2.3561899662017822,2.3561899662017822,0.004363323096185923,0.05999999865889549,10.0,822,0.0
823,1788891674.9654453,1788891674.9654453,1081,0.7130448818206787,8.459900856018066,-2.3561899662017822,2.3561899662017822,0.004363323096185923,0.05999999865889549,10.0,823,0.0
824,1788891675.0168557,1788891675.0168557,1081,0.709743082523346,8.463582992553711,-2.3561899662017822,2.3561899662017822,0.004363323096185923,0.05999999865889549,10.0,824,0.0
825,1788891675.0904734,1788891675.0904734,1081,0.7074863910675049,8.43787956237793,-2.3561899662017822,2.3561899662017822,0.004363323096185923,0.05999999865889549,10.0,825,0.0
826,1788891675.1424665,1788891675.1424665,1081,0.7040150761604309,8.441696166992188,-2.3561899662017822,2.3561899662017822,0.004363323096185923,0.05999999865889549,10.0,826,0.0
827,1788891675.1960673,1788891675.1960673,1081,0.7016426920890808,8.415985107421875,-2.3561899662017822,2.3561899662017822,0.004363323096185923,0.05999999865889549,10.0,827,0.0
828,1788891675.265451,1788891675.265451,1081,0.6992251873016357,8.4186372756958,-2.3561899662017822,2.3561899662017822,0.004363323096185923,0.05999999865889549,10.0,828,0.0
829,1788891675.3159962,1788891675.3159962,1081,0.6967626214027405,8.392956733703613,-2.3561899662017822,2.3561899662017822,0.004363323096185923,0.05999999865889549,10.0,829,0.0
830,1788891675.366463,1788891675.366463,1081,0.6939499974250793,8.374711036682129,-2.3561899662017822,2.3561899662017822,0.004363323096185923,0.05999999865889549,10.0,830,0.0
831,1788891675.4211051,1788891675.4211051,1081,0.6917148232460022,8.375326156616211,-2.3561899662017822,2.3561899662017822,0.004363323096185923,0.05999999865889549,10.0,831,0.0
832,1788891675.4906416,1788891675.4906416,1081,0.690012514591217,8.358309745788574,-2.3561899662017822,2.3561899662017822,0.004363323096185923,0.05999999865889549,10.0,832,0.0
833,1788891675.5430944,1788891675.5430944,1081,0.6874809861183167,8.367776870727539,-2.3561899662017822,2.3561899662017822,0.004363323096185923,0.05999999865889549,10.0,833,0.0
834,1788891675.6148634,1788891675.6148634,1081,0.6858395934104919,8.34898567199707,-2.3561899662017822,2.3561899662017822,0.004363323096185923,0.05999999865889549,10.0,834,0.0
835,1788891675.6670022,1788891675.6670022,1081,0.6833338141441345,8.32900619506836,-2.3561899662017822,2.3561899662017822,0.004363323096185923,0.05999999865889549,10.0,835,0.0
836,1788891675.720355,1788891675.720355,1081,0.6807512044906616,8.331851959228516,-2.3561899662017822,2.3561899662017822,0.004363323096185923,0.05999999865889549,10.0,836,0.0
837,1788891675.7901144,1788891675.7901144,1081,0.6781144738197327,8.305983543395996,-2.3561899662017822,2.3561899662017822,0.004363323096185923,0.05999999865889549,10.0,837,0.0
838,1788891675.8413086,1788891675.8413086,1081,0.675431489944458,8.308867454528809,-2.3561899662017822,2.3561899662017822,0.004363323096185923,0.05999999865889549,10.0,838,0.0
839,1788891675.8908398,1788891675.8908398,1081,0.6727048754692078,8.282978057861328,-2.3561899662017822,2.3561899662017822,0.004363323096185923,0.05999999865889549,10.0,839,0.0
840,1788891675.9418867,1788891675.9418867,1081,0.6685283780097961,8.28743839263916,-2.3561899662017822,2.3561899662017822,0.004363323096185923,0.05999999865889549,10.0,840,0.0
841,1788891676.0149505,1788891676.0149505,1081,0.6656895875930786,8.261553764343262,-2.3561899662017822,2.3561899662017822,0.004363323096185923,0.05999999865889549,10.0,841,0.0
842,1788891676.0698524,1788891676.0698524,1081,0.6613423228263855,8.266181945800781,-2.3561899662017822,2.3561899662017822,0.004363323096185923,0.05999999865889549,10.0,842,0.0
843,1788891676.1404865,1788891676.1404865,1081,0.6593369841575623,8.24735164642334,-2.3561899662017822,2.3561899662017822,0.004363323096185923,0.05999999865889549,10.0,843,0.0
844,1788891676.1925159,1788891676.1925159,1081,0.6582716107368469,8.238863945007324,-2.3561899662017822,2.3561899662017822,0.004363323096185923,0.05999999865889549,10.0,844,0.0
845,1788891676.2475657,1788891676.2475657,1081,0.6577029824256897,8.22252082824707,-2.3561899662017822,2.3561899662017822,0.004363323096185923,0.05999999865889549,10.0,845,0.0
846,1788891676.3153427,1788891676.3153427,1081,0.6571894884109497,8.235391616821289,-2.3561899662017822,2.3561899662017822,0.004363323096185923,0.05999999865889549,10.0,846,0.0
847,1788891676.3672729,1788891676.3672729,1081,0.654587984085083,8.212920188903809,-2.3561899662017822,2.3561899662017822,0.004363323096185923,0.05999999865889549,10.0,847,0.0
848,1788891676.4206836,1788891676.4206836,1081,0.6518601775169373,8.215970039367676,-2.3561899662017822,2.3561899662017822,0.004363323096185923,0.05999999865889549,10.0,848,0.0
849,1788891676.4716148,1788891676.4716148,1081,0.6490694284439087,8.189691543579102,-2.3561899662017822,2.3561899662017822,0.004363323096185923,0.05999999865889549,10.0,849,0.0
850,1788891676.540232,1788891676.540232,1081,0.6462330222129822,8.192900657653809,-2.3561899662017822,2.3561899662017822,0.004363323096185923,0.05999999865889549,10.0,850,0.0
851,1788891676.5910275,1788891676.5910275,1081,0.6433519721031189,8.196226119995117,-2.3561899662017822,2.3561899662017822,0.004363323096185923,0.05999999865889549,10.0,851,0.0
852,1788891676.6411018,1788891676.6411018,1081,0.6404263973236084,8.16990852355957,-2.3561899662017822,2.3561899662017822,0.004363323096185923,0.05999999865889549,10.0,852,0.0
853,1788891676.6921558,1788891676.6921558,1081,0.6359537243843079,8.14531421661377,-2.3561899662017822,2.3561899662017822,0.004363323096185923,0.05999999865889549,10.0,853,0.0
854,1788891676.7465682,1788891676.7465682,1081,0.6329172849655151,8.148682594299316,-2.3561899662017822,2.3561899662017822,0.004363323096185923,0.05999999865889549,10.0,854,0.0
855,1788891676.8154814,1788891676.8154814,1081,0.629832923412323,8.122443199157715,-2.3561899662017822,2.3561899662017822,0.004363323096185923,0.05999999865889549,10.0,855,0.0
856,1788891676.8676853,1788891676.8676853,1081,0.6261206269264221,8.104204177856445,-2.3561899662017822,2.3561899662017822,0.004363323096185923,0.05999999865889549,10.0,856,0.0
857,1788891676.9208126,1788891676.9208126,1081,0.6252424716949463,8.117472648620605,-2.3561899662017822,2.3561899662017822,0.004363323096185923,0.05999999865889549,10.0,857,0.0
858,1788891676.9719877,1788891676.9719877,1081,0.6244660019874573,8.100958824157715,-2.3561899662017822,2.3561899662017822,0.004363323096185923,0.05999999865889549,10.0,858,0.0
859,1788891677.0398834,1788891677.0398834,1081,0.6237459778785706,8.084394454956055,-2.3561899662017822,2.3561899662017822,0.004363323096185923,0.05999999865889549,10.0,859,0.0
860,1788891677.0912151,1788891677.0912151,1081,0.6230825185775757,8.067843437194824,-2.3561899662017822,2.3561899662017822,0.004363323096185923,0.05999999865889549,10.0,860,0.0
861,1788891677.1422634,1788891677.1422634,1081,0.6203215718269348,8.073348999023438,-2.3561899662017822,2.3561899662017822,0.004363323096185923,0.05999999865889549,10.0,861,0.0
862,1788891677.1966076,1788891677.1966076,1081,0.6174424886703491,8.046589851379395,-2.3561899662017822,2.3561899662017822,0.004363323096185923,0.05999999865889549,10.0,862,0.0
863,1788891677.2650666,1788891677.2650666,1081,0.6144928932189941,8.049948692321777,-2.3561899662017822,2.3561899662017822,0.004363323096185923,0.05999999865889549,10.0,863,0.0
864,1788891677.3161504,1788891677.3161504,1081,0.6114991903305054,8.023395538330078,-2.3561899662017822,2.3561899662017822,0.004363323096185923,0.05999999865889549,10.0,864,0.0
865,1788891677.3653078,1788891677.3653078,1081,0.6084629893302917,8.026763916015625,-2.3561899662017822,2.3561899662017822,0.004363323096185923,0.05999999865889549,10.0,865,0.0
866,1788891677.4157445,1788891677.4157445,1081,0.6053804159164429,8.000202178955078,-2.3561899662017822,2.3561899662017822,0.004363323096185923,0.05999999865889549,10.0,866,0.0
867,1788891677.465734,1788891677.465734,1081,0.602252721786499,8.003665924072266,-2.3561899662017822,2.3561899662017822,0.004363323096185923,0.05999999865889549,10.0,867,0.0
868,1788891677.517325,1788891677.517325,1081,0.5974789261817932,7.978870868682861,-2.3561899662017822,2.3561899662017822,0.004363323096185923,0.05999999865889549,10.0,868,0.0
869,1788891677.5708885,1788891677.5708885,1081,0.5942404270172119,7.982416152954102,-2.3561899662017822,2.3561899662017822,0.004363323096185923,0.05999999865889549,10.0,869,0.0
870,1788891677.6399715,1788891677.6399715,1081,0.5909559726715088,7.955903053283691,-2.3561899662017822,2.3561899662017822,0.004363323096185923,0.05999999865889549,10.0,870,0.0
871,1788891677.6900458,1788891677.6900458,1081,0.5878931283950806,7.95289421081543,-2.3561899662017822,2.3561899662017822,0.004363323096185923,0.05999999865889549,10.0,871,0.0
872,1788891677.7401035,1788891677.7401035,1081,0.5864338874816895,7.943339824676514,-2.3561899662017822,2.3561899662017822,0.004363323096185923,0.05999999865889549,10.0,872,0.0
873,1788891677.791593,1788891677.791593,1081,0.5849667191505432,7.933435916900635,-2.3561899662017822,2.3561899662017822,0.004363323096185923,0.05999999865889549,10.0,873,0.0
874,1788891677.8652582,1788891677.8652582,1081,0.5840603709220886,7.916722774505615,-2.3561899662017822,2.3561899662017822,0.004363323096185923,0.05999999865889549,10.0,874,0.0
875,1788891677.915981,1788891677.915981,1081,0.5823714733123779,7.892582893371582,-2.3561899662017822,2.3561899662017822,0.004363323096185923,0.05999999865889549,10.0,875,0.0
876,1788891677.966037,1788891677.966037,1081,0.5793688893318176,7.89362907409668,-2.3561899662017822,2.3561899662017822,0.004363323096185923,0.05999999865889549,10.0,876,0.0
877,1788891678.0173795,1788891678.0173795,1081,0.5745751857757568,7.8686041831970215,-2.3561899662017822,2.3561899662017822,0.004363323096185923,0.05999999865889549,10.0,877,0.0
878,1788891678.0714643,1788891678.0714643,1081,0.5713198184967041,7.8721442222595215,-2.3561899662017822,2.3561899662017822,0.004363323096185923,0.05999999865889549,10.0,878,0.0
879,1788891678.1406155,1788891678.1406155,1081,0.5680211186408997,7.845439910888672,-2.3561899662017822,2.3561899662017822,0.004363323096185923,0.05999999865889549,10.0,879,0.0
880,1788891678.1922615,1788891678.1922615,1081,0.5629627704620361,7.850821018218994,-2.3561899662017822,2.3561899662017822,0.004363323096185923,0.05999999865889549,10.0,880,0.0
881,1788891678.2463439,1788891678.2463439,1081,0.5592017769813538,7.824092864990234,-2.3561899662017822,2.3561899662017822,0.004363323096185923,0.05999999865889549,10.0,881,0.0
882,1788891678.3150403,1788891678.3150403,1081,0.555396318435669,7.8277668952941895,-2.3561899662017822,2.3561899662017822,0.004363323096185923,0.05999999865889549,10.0,882,0.0
883,1788891678.3663187,1788891678.3663187,1081,0.5515452027320862,7.801065921783447,-2.3561899662017822,2.3561899662017822,0.004363323096185923,0.05999999865889549,10.0,883,0.0
884,1788891678.4173238,1788891678.4173238,1081,0.5456864237785339,7.776246070861816,-2.3561899662017822,2.3561899662017822,0.004363323096185923,0.05999999865889549,10.0,884,0.0
885,1788891678.4709165,1788891678.4709165,1081,0.5417230129241943,7.779949188232422,-2.3561899662017822,2.3561899662017822,0.004363323096185923,0.05999999865889549,10.0,885,0.0
886,1788891678.5403895,1788891678.5403895,1081,0.5377160906791687,7.753345012664795,-2.3561899662017822,2.3561899662017822,0.004363323096185923,0.05999999865889549,10.0,886,0.0
887,1788891678.5926623,1788891678.5926623,1081,0.5326536297798157,7.734979152679443,-2.3561899662017822,2.3561899662017822,0.004363323096185923,0.05999999865889549,10.0,887,0.0
888,1788891678.665688,1788891678.665688,1081,0.530906081199646,7.748699188232422,-2.3561899662017822,2.3561899662017822,0.004363323096185923,0.05999999865889549,10.0,888,0.0
889,1788891678.7159562,1788891678.7159562,1081,0.5292611718177795,7.731927871704102,-2.3561899662017822,2.3561899662017822,0.004363323096185923,0.05999999865889549,10.0,889,0.0
890,1788891678.765103,1788891678.765103,1081,0.5276728868484497,7.715124130249023,-2.3561899662017822,2.3561899662017822,0.004363323096185923,0.05999999865889549,10.0,890,0.0
891,1788891678.8162787,1788891678.8162787,1081,0.5261403918266296,7.728890895843506,-2.3561899662017822,2.3561899662017822,0.004363323096185923,0.05999999865889549,10.0,891,0.0
892,1788891678.8672414,1788891678.8672414,1081,0.522079586982727,7.7032341957092285,-2.3561899662017822,2.3561899662017822,0.004363323096185923,0.05999999865889549,10.0,892,0.0
893,1788891678.921331,1788891678.921331,1081,0.5182843804359436,7.7067108154296875,-2.3561899662017822,2.3561899662017822,0.004363323096185923,0.05999999865889549,10.0,893,0.0
894,1788891678.9901328,1788891678.9901328,1081,0.5144122838973999,7.679605960845947,-2.3561899662017822,2.3561899662017822,0.004363323096185923,0.05999999865889549,10.0,894,0.0
895,1788891679.0405083,1788891679.0405083,1081,0.5104935169219971,7.683380126953125,-2.3561899662017822,2.3561899662017822,0.004363323096185923,0.05999999865889549,10.0,895,0.0
896,1788891679.0926287,1788891679.0926287,1081,0.5045338869094849,7.658239841461182,-2.3561899662017822,2.3561899662017822,0.004363323096185923,0.05999999865889549,10.0,896,0.0
897,1788891679.1653023,1788891679.1653023,1081,0.5005074739456177,7.63123893737793,-2.3561899662017822,2.3561899662017822,0.004363323096185923,0.05999999865889549,10.0,897,0.0
898,1788891679.2169547,1788891679.2169547,1081,0.4943842887878418,7.636989116668701,-2.3561899662017822,2.3561899662017822,0.004363323096185923,0.05999999865889549,10.0,898,0.0
899,1788891679.2900438,1788891679.2900438,1081,0.49024689197540283,7.610013008117676,-2.3561899662017822,2.3561899662017822,0.004363323096185923,0.05999999865889549,10.0,899,0.0
900,1788891679.340827,1788891679.340827,1081,0.48606589436531067,7.611400127410889,-2.3561899662017822,2.3561899662017822,0.004363323096185923,0.05999999865889549,10.0,900,0.0
901,1788891679.3914814,1788891679.3914814,1081,0.4807474911212921,7.591567039489746,-2.3561899662017822,2.3561899662017822,0.004363323096185923,0.05999999865889549,10.0,901,0.0
902,1788891679.4463599,1788891679.4463599,1081,0.4788348078727722,7.576825141906738,-2.3561899662017822,2.3561899662017822,0.004363323096185923,0.05999999865889549,10.0,902,0.0
903,1788891679.5157003,1788891679.5157003,1081,0.47713008522987366,7.561524868011475,-2.3561899662017822,2.3561899662017822,0.004363323096185923,0.05999999865889549,10.0,903,0.0
904,1788891679.5656598,1788891679.5656598,1081,0.47580188512802124,7.561913013458252,-2.3561899662017822,2.3561899662017822,0.004363323096185923,0.05999999865889549,10.0,904,0.0
905,1788891679.6179154,1788891679.6179154,1081,0.4747256934642792,7.547108173370361,-2.3561899662017822,2.3561899662017822,0.004363323096185923,0.05999999865889549,10.0,905,0.0
906,1788891679.6714673,1788891679.6714673,1081,0.47267240285873413,7.525606155395508,-2.3561899662017822,2.3561899662017822,0.004363323096185923,0.05999999865889549,10.0,906,0.0
907,1788891679.7402425,1788891679.7402425,1081,0.47060099244117737,7.519720077514648,-2.3561899662017822,2.3561899662017822,0.004363323096185923,0.05999999865889549,10.0,907,0.0
908,1788891679.791827,1788891679.791827,1081,0.46836569905281067,7.496153831481934,-2.3561899662017822,2.3561899662017822,0.004363323096185923,0.05999999865889549,10.0,908,0.0
909,1788891679.8655403,1788891679.8655403,1081,0.46702900528907776,7.490281105041504,-2.3561899662017822,2.3561899662017822,0.004363323096185923,0.05999999865889549,10.0,909,0.0
910,1788891679.9167478,1788891679.9167478,1081,0.4649384915828705,7.466748237609863,-2.3561899662017822,2.3561899662017822,0.004363323096185923,0.05999999865889549,10.0,910,0.0
911,1788891679.9706604,1788891679.9706604,1081,0.463486909866333,7.446165084838867,-2.3561899662017822,2.3561899662017822,0.004363323096185923,0.05999999865889549,10.0,911,0.0
912,1788891680.0219295,1788891680.0219295,1081,0.46199101209640503,7.440291881561279,-2.3561899662017822,2.3561899662017822,0.004363323096185923,0.05999999865889549,10.0,912,0.0
913,1788891680.090043,1788891680.090043,1081,0.46044841408729553,7.419713020324707,-2.3561899662017822,2.3561899662017822,0.004363323096185923,0.05999999865889549,10.0,913,0.0
914,1788891680.1402144,1788891680.1402144,1081,0.45885971188545227,7.413876056671143,-2.3561899662017822,2.3561899662017822,0.004363323096185923,0.05999999865889549,10.0,914,0.0
915,1788891680.1908271,1788891680.1908271,1081,0.45722681283950806,7.3932671546936035,-2.3561899662017822,2.3561899662017822,0.004363323096185923,0.05999999865889549,10.0,915,0.0
916,1788891680.2430243,1788891680.2430243,1081,0.4546900987625122,7.384554862976074,-2.3561899662017822,2.3561899662017822,0.004363323096185923,0.05999999865889549,10.0,916,0.0
917,1788891680.2965443,1788891680.2965443,1081,0.45383718609809875,7.367975234985352,-2.3561899662017822,2.3561899662017822,0.004363323096185923,0.05999999865889549,10.0,917,0.0
918,1788891680.3651657,1788891680.3651657,1081,0.45424389839172363,7.353322982788086,-2.3561899662017822,2.3561899662017822,0.004363323096185923,0.05999999865889549,10.0,918,0.0
919,1788891680.4156587,1788891680.4156587,1081,0.4547654092311859,7.338466167449951,-2.3561899662017822,2.3561899662017822,0.004363323096185923,0.05999999865889549,10.0,919,0.0
920,1788891680.4660933,1788891680.4660933,1081,0.4553435146808624,7.3384881019592285,-2.3561899662017822,2.3561899662017822,0.004363323096185923,0.05999999865889549,10.0,920,0.0
921,1788891680.5174594,1788891680.5174594,1081,0.4543878138065338,7.317325115203857,-2.3561899662017822,2.3561899662017822,0.004363323096185923,0.05999999865889549,10.0,921,0.0
922,1788891680.5904832,1788891680.5904832,1081,0.4528213143348694,7.311583995819092,-2.3561899662017822,2.3561899662017822,0.004363323096185923,0.05999999865889549,10.0,922,0.0
923,1788891680.6434262,1788891680.6434262,1081,0.4503796100616455,7.287958145141602,-2.3561899662017822,2.3561899662017822,0.004363323096185923,0.05999999865889549,10.0,923,0.0
924,1788891680.695963,1788891680.695963,1081,0.44869598746299744,7.267213821411133,-2.3561899662017822,2.3561899662017822,0.004363323096185923,0.05999999865889549,10.0,924,0.0
925,1788891680.7653143,1788891680.7653143,1081,0.44696640968322754,7.261469841003418,-2.3561899662017822,2.3561899662017822,0.004363323096185923,0.05999999865889549,10.0,925,0.0
926,1788891680.8176172,1788891680.8176172,1081,0.44428551197052,7.237875938415527,-2.3561899662017822,2.3561899662017822,0.004363323096185923,0.05999999865889549,10.0,926,0.0
927,1788891680.8898292,1788891680.8898292,1081,0.4424411952495575,7.232171058654785,-2.3561899662017822,2.3561899662017822,0.004363323096185923,0.05999999865889549,10.0,927,0.0
928,1788891680.9450336,1788891680.9450336,1081,0.4395903944969177,7.208559989929199,-2.3561899662017822,2.3561899662017822,0.004363323096185923,0.05999999865889549,10.0,928,0.0
929,1788891680.996445,1788891680.996445,1081,0.4376322031021118,7.187827110290527,-2.3561899662017822,2.3561899662017822,0.004363323096185923,0.05999999865889549,10.0,929,0.0
930,1788891681.0648832,1788891681.0648832,1081,0.4363912045955658,7.187932014465332,-2.3561899662017822,2.3561899662017822,0.004363323096185923,0.05999999865889549,10.0,930,0.0
931,1788891681.1166418,1788891681.1166418,1081,0.43666979670524597,7.173335075378418,-2.3561899662017822,2.3561899662017822,0.004363323096185923,0.05999999865889549,10.0,931,0.0
932,1788891681.1709082,1788891681.1709082,1081,0.43697670102119446,7.158361911773682,-2.3561899662017822,2.3561899662017822,0.004363323096185923,0.05999999865889549,10.0,932,0.0
933,1788891681.240019,1788891681.240019,1081,0.43734079599380493,7.143393039703369,-2.3561899662017822,2.3561899662017822,0.004363323096185923,0.05999999865889549,10.0,933,0.0
934,1788891681.2906194,1788891681.2906194,1081,0.4369142949581146,7.140011787414551,-2.3561899662017822,2.3561899662017822,0.004363323096185923,0.05999999865889549,10.0,934,0.0
935,1788891681.3427088,1788891681.3427088,1081,0.43432238698005676,7.115627765655518,-2.3561899662017822,2.3561899662017822,0.004363323096185923,0.05999999865889549,10.0,935,0.0
936,1788891681.3960574,1788891681.3960574,1081,0.4324774146080017,7.109978199005127,-2.3561899662017822,2.3561899662017822,0.004363323096185923,0.05999999865889549,10.0,936,0.0
937,1788891681.4461603,1788891681.4461603,1081,0.4305872917175293,7.089048862457275,-2.3561899662017822,2.3561899662017822,0.004363323096185923,0.05999999865889549,10.0,937,0.0
938,1788891681.5152695,1788891681.5152695,1081,0.42865368723869324,7.083416938781738,-2.3561899662017822,2.3561899662017822,0.004363323096185923,0.05999999865889549,10.0,938,0.0
939,1788891681.5678244,1788891681.5678244,1081,0.4256669878959656,7.059652805328369,-2.3561899662017822,2.3561899662017822,0.004363323096185923,0.05999999865889549,10.0,939,0.0
940,1788891681.6212647,1788891681.6212647,1081,0.4236181080341339,7.054080009460449,-2.3561899662017822,2.3561899662017822,0.004363323096185923,0.05999999865889549,10.0,940,0.0
941,1788891681.6902635,1788891681.6902635,1081,0.4215242862701416,7.033141136169434,-2.3561899662017822,2.3561899662017822,0.004363323096185923,0.05999999865889549,10.0,941,0.0
942,1788891681.7402835,1788891681.7402835,1081,0.41938549280166626,7.027581214904785,-2.3561899662017822,2.3561899662017822,0.004363323096185923,0.05999999865889549,10.0,942,0.0
943,1788891681.7912116,1788891681.7912116,1081,0.4174652099609375,7.006649017333984,-2.3561899662017822,2.3561899662017822,0.004363323096185923,0.05999999865889549,10.0,943,0.0
944,1788891681.8423114,1788891681.8423114,1081,0.4154936969280243,6.982953071594238,-2.3561899662017822,2.3561899662017822,0.004363323096185923,0.05999999865889549,10.0,944,0.0
945,1788891681.896361,1788891681.896361,1081,0.4146915078163147,6.977396011352539,-2.3561899662017822,2.3561899662017822,0.004363323096185923,0.05999999865889549,10.0,945,0.0
946,1788891681.964905,1788891681.964905,1081,0.4152047038078308,6.961504936218262,-2.3561899662017822,2.3561899662017822,0.004363323096185923,0.05999999865889549,10.0,946,0.0
947,1788891682.016974,1788891682.016974,1081,0.41877248883247375,6.9474029541015625,-2.3561899662017822,2.3561899662017822,0.004363323096185923,0.05999999865889549,10.0,947,0.0
948,1788891682.0716946,1788891682.0716946,1081,0.4217802882194519,6.94782018661499,-2.3561899662017822,2.3561899662017822,0.004363323096185923,0.05999999865889549,10.0,948,0.0
949,1788891682.1401322,1788891682.1401322,1081,0.42502379417419434,6.932700157165527,-2.3561899662017822,2.3561899662017822,0.004363323096185923,0.05999999865889549,10.0,949,0.0
950,1788891682.1900883,1788891682.1900883,1081,0.42753490805625916,6.913989067077637,-2.3561899662017822,2.3561899662017822,0.004363323096185923,0.05999999865889549,10.0,950,0.0
951,1788891682.2420456,1788891682.2420456,1081,0.42965230345726013,6.905139923095703,-2.3561899662017822,2.3561899662017822,0.004363323096185923,0.05999999865889549,10.0,951,0.0
952,1788891682.3151915,1788891682.3151915,1081,0.4309771955013275,6.88402795791626,-2.3561899662017822,2.3561899662017822,0.004363323096185923,0.05999999865889549,10.0,952,0.0
953,1788891682.3652356,1788891682.3652356,1081,0.4322584867477417,6.878512859344482,-2.3561899662017822,2.3561899662017822,0.004363323096185923,0.05999999865889549,10.0,953,0.0
954,1788891682.4161859,1788891682.4161859,1081,0.4334926903247833,6.873057842254639,-2.3561899662017822,2.3561899662017822,0.004363323096185923,0.05999999865889549,10.0,954,0.0
955,1788891682.4682655,1788891682.4682655,1081,0.4352605938911438,6.849174976348877,-2.3561899662017822,2.3561899662017822,0.004363323096185923,0.05999999865889549,10.0,955,0.0
956,1788891682.5220382,1788891682.5220382,1081,0.43638139963150024,6.828056812286377,-2.3561899662017822,2.3561899662017822,0.004363323096185923,0.05999999865889549,10.0,956,0.0
957,1788891682.5902233,1788891682.5902233,1081,0.43745630979537964,6.822600841522217,-2.3561899662017822,2.3561899662017822,0.004363323096185923,0.05999999865889549,10.0,957,0.0
958,1788891682.6402915,1788891682.6402915,1081,0.4384850859642029,6.8172101974487305,-2.3561899662017822,2.3561899662017822,0.004363323096185923,0.05999999865889549,10.0,958,0.0
959,1788891682.6902885,1788891682.6902885,1081,0.4394663870334625,6.796060085296631,-2.3561899662017822,2.3561899662017822,0.004363323096185923,0.05999999865889549,10.0,959,0.0
960,1788891682.7407265,1788891682.7407265,1081,0.44040220975875854,6.790698051452637,-2.3561899662017822,2.3561899662017822,0.004363323096185923,0.05999999865889549,10.0,960,0.0
961,1788891682.7951841,1788891682.7951841,1081,0.44172030687332153,6.766860008239746,-2.3561899662017822,2.3561899662017822,0.004363323096185923,0.05999999865889549,10.0,961,0.0
962,1788891682.86562,1788891682.86562,1081,0.44330859184265137,6.749938011169434,-2.3561899662017822,2.3561899662017822,0.004363323096185923,0.05999999865889549,10.0,962,0.0
963,1788891682.9166877,1788891682.9166877,1081,0.4474143087863922,6.7361040115356445,-2.3561899662017822,2.3561899662017822,0.004363323096185923,0.05999999865889549,10.0,963,0.0
964,1788891682.9702368,1788891682.9702368,1081,0.4502975046634674,6.736761093139648,-2.3561899662017822,2.3561899662017822,0.004363323096185923,0.05999999865889549,10.0,964,0.0
965,1788891683.0219405,1788891683.0219405,1081,0.45323559641838074,6.721499919891357,-2.3561899662017822,2.3561899662017822,0.004363323096185923,0.05999999865889549,10.0,965,0.0
966,1788891683.0901406,1788891683.0901406,1081,0.4547463059425354,6.711544036865234,-2.3561899662017822,2.3561899662017822,0.004363323096185923,0.05999999865889549,10.0,966,0.0
967,1788891683.1400273,1788891683.1400273,1081,0.4558382034301758,6.7053117752075195,-2.3561899662017822,2.3561899662017822,0.004363323096185923,0.05999999865889549,10.0,967,0.0
968,1788891683.1901062,1788891683.1901062,1081,0.4568088948726654,6.683948040008545,-2.3561899662017822,2.3561899662017822,0.004363323096185923,0.05999999865889549,10.0,968,0.0
969,1788891683.2406704,1788891683.2406704,1081,0.45773619413375854,6.678631782531738,-2.3561899662017822,2.3561899662017822,0.004363323096185923,0.05999999865889549,10.0,969,0.0
970,1788891683.291708,1788891683.291708,1081,0.45903798937797546,6.654623985290527,-2.3561899662017822,2.3561899662017822,0.004363323096185923,0.05999999865889549,10.0,970,0.0
971,1788891683.3653696,1788891683.3653696,1081,0.45984891057014465,6.649359226226807,-2.3561899662017822,2.3561899662017822,0.004363323096185923,0.05999999865889549,10.0,971,0.0
972,1788891683.415956,1788891683.415956,1081,0.46061480045318604,6.628005027770996,-2.3561899662017822,2.3561899662017822,0.004363323096185923,0.05999999865889549,10.0,972,0.0
973,1788891683.4671743,1788891683.4671743,1081,0.4616754949092865,6.620161056518555,-2.3561899662017822,2.3561899662017822,0.004363323096185923,0.05999999865889549,10.0,973,0.0
974,1788891683.5206919,1788891683.5206919,1081,0.4623248875141144,6.598785877227783,-2.3561899662017822,2.3561899662017822,0.004363323096185923,0.05999999865889549,10.0,974,0.0
975,1788891683.5899124,1788891683.5899124,1081,0.462927907705307,6.593564987182617,-2.3561899662017822,2.3561899662017822,0.004363323096185923,0.05999999865889549,10.0,975,0.0
976,1788891683.642279,1788891683.642279,1081,0.4637446105480194,6.569612979888916,-2.3561899662017822,2.3561899662017822,0.004363323096185923,0.05999999865889549,10.0,976,0.0
977,1788891683.7149658,1788891683.7149658,1081,0.465018093585968,6.5687642097473145,-2.3561899662017822,2.3561899662017822,0.004363323096185923,0.05999999865889549,10.0,977,0.0
978,1788891683.7671268,1788891683.7671268,1081,0.46874579787254333,6.554073810577393,-2.3561899662017822,2.3561899662017822,0.004363323096185923,0.05999999865889549,10.0,978,0.0
979,1788891683.8407652,1788891683.8407652,1081,0.4713338017463684,6.538670063018799,-2.3561899662017822,2.3561899662017822,0.004363323096185923,0.05999999865889549,10.0,979,0.0
980,1788891683.8911445,1788891683.8911445,1081,0.4739772081375122,6.52324914932251,-2.3561899662017822,2.3561899662017822,0.004363323096185923,0.05999999865889549,10.0,980,0.0
981,1788891683.943279,1788891683.943279,1081,0.4763188064098358,6.516833782196045,-2.3561899662017822,2.3561899662017822,0.004363323096185923,0.05999999865889549,10.0,981,0.0
982,1788891683.9962568,1788891683.9962568,1081,0.47702860832214355,6.5116658210754395,-2.3561899662017822,2.3561899662017822,0.004363323096185923,0.05999999865889549,10.0,982,0.0
983,1788891684.0651658,1788891684.0651658,1081,0.47768598794937134,6.490015983581543,-2.3561899662017822,2.3561899662017822,0.004363323096185923,0.05999999865889549,10.0,983,0.0
984,1788891684.1152568,1788891684.1152568,1081,0.4783017933368683,6.484893798828125,-2.3561899662017822,2.3561899662017822,0.004363323096185923,0.05999999865889549,10.0,984,0.0
985,1788891684.16552,1788891684.16552,1081,0.47886890172958374,6.463255882263184,-2.3561899662017822,2.3561899662017822,0.004363323096185923,0.05999999865889549,10.0,985,0.0
986,1788891684.2169926,1788891684.2169926,1081,0.47963330149650574,6.455623149871826,-2.3561899662017822,2.3561899662017822,0.004363323096185923,0.05999999865889549,10.0,986,0.0
987,1788891684.2901754,1788891684.2901754,1081,0.4800845980644226,6.433988094329834,-2.3561899662017822,2.3561899662017822,0.004363323096185923,0.05999999865889549,10.0,987,0.0
988,1788891684.3399847,1788891684.3399847,1081,0.48048990964889526,6.42892599105835,-2.3561899662017822,2.3561899662017822,0.004363323096185923,0.05999999865889549,10.0,988,0.0
989,1788891684.3905745,1788891684.3905745,1081,0.48085010051727295,6.423912048339844,-2.3561899662017822,2.3561899662017822,0.004363323096185923,0.05999999865889549,10.0,989,0.0
990,1788891684.4412491,1788891684.4412491,1081,0.4811632037162781,6.402237892150879,-2.3561899662017822,2.3561899662017822,0.004363323096185923,0.05999999865889549,10.0,990,0.0
991,1788891684.4928503,1788891684.4928503,1081,0.481546014547348,6.394773960113525,-2.3561899662017822,2.3561899662017822,0.004363323096185923,0.05999999865889549,10.0,991,0.0
992,1788891684.565124,1788891684.565124,1081,0.4817417860031128,6.373101234436035,-2.3561899662017822,2.3561899662017822,0.004363323096185923,0.05999999865889549,10.0,992,0.0
993,1788891684.615276,1788891684.615276,1081,0.4818927049636841,6.368152141571045,-2.3561899662017822,2.3561899662017822,0.004363323096185923,0.05999999865889549,10.0,993,0.0
994,1788891684.666685,1788891684.666685,1081,0.48291051387786865,6.3473992347717285,-2.3561899662017822,2.3561899662017822,0.004363323096185923,0.05999999865889549,10.0,994,0.0
995,1788891684.740509,1788891684.740509,1081,0.485021710395813,6.348659038543701,-2.3561899662017822,2.3561899662017822,0.004363323096185923,0.05999999865889549,10.0,995,0.0
996,1788891684.7948399,1788891684.7948399,1081,0.488339900970459,6.333715915679932,-2.3561899662017822,2.3561899662017822,0.004363323096185923,0.05999999865889549,10.0,996,0.0
997,1788891684.8448992,1788891684.8448992,1081,0.4906213879585266,6.318082809448242,-2.3561899662017822,2.3561899662017822,0.004363323096185923,0.05999999865889549,10.0,997,0.0
998,1788891684.9155967,1788891684.9155967,1081,0.4929597079753876,6.319433212280273,-2.3561899662017822,2.3561899662017822,0.004363323096185923,0.05999999865889549,10.0,998,0.0
999,1788891684.9694195,1788891684.9694195,1081,0.49466729164123535,6.298541069030762,-2.3561899662017822,2.3561899662017822,0.004363323096185923,0.05999999865889549,10.0,999,0.0
1000,1788891685.0215933,1788891685.0215933,1081,0.49502289295196533,6.293661117553711,-2.3561899662017822,2.3561899662017822,0.004363323096185923,0.05999999865889549,10.0,1000,0.0
1001,1788891685.0899208,1788891685.0899208,1081,0.49533408880233765,6.271605014801025,-2.3561899662017822,2.3561899662017822,0.004363323096185923,0.05999999865889549,10.0,1001,0.0
1002,1788891685.141858,1788891685.141858,1081,0.4957166910171509,6.26427698135376,-2.3561899662017822,2.3561899662017822,0.004363323096185923,0.05999999865889549,10.0,1002,0.0
1003,1788891685.215506,1788891685.215506,1081,0.4959140121936798,6.259472846984863,-2.3561899662017822,2.3561899662017822,0.004363323096185923,0.05999999865889549,10.0,1003,0.0
1004,1788891685.2668114,1788891685.2668114,1081,0.4961254894733429,6.2349748611450195,-2.3561899662017822,2.3561899662017822,0.004363323096185923,0.05999999865889549,10.0,1004,0.0
1005,1788891685.3403108,1788891685.3403108,1081,0.49620941281318665,6.230213165283203,-2.3561899662017822,2.3561899662017822,0.004363323096185923,0.05999999865889549,10.0,1005,0.0
1006,1788891685.390433,1788891685.390433,1081,0.49624720215797424,6.208106994628906,-2.3561899662017822,2.3561899662017822,0.004363323096185923,0.05999999865889549,10.0,1006,0.0
1007,1788891685.443294,1788891685.443294,1081,0.4962156116962433,6.1980719566345215,-2.3561899662017822,2.3561899662017822,0.004363323096185923,0.05999999865889549,10.0,1007,0.0
1008,1788891685.5154135,1788891685.5154135,1081,0.4961369037628174,6.188066005706787,-2.3561899662017822,2.3561899662017822,0.004363323096185923,0.05999999865889549,10.0,1008,0.0
1009,1788891685.5667315,1788891685.5667315,1081,0.49593260884284973,6.164982795715332,-2.3561899662017822,2.3561899662017822,0.004363323096185923,0.05999999865889549,10.0,1009,0.0
1010,1788891685.6198046,1788891685.6198046,1081,0.49573808908462524,6.154997825622559,-2.3561899662017822,2.3561899662017822,0.004363323096185923,0.05999999865889549,10.0,1010,0.0
1011,1788891685.6904259,1788891685.6904259,1081,0.4954969882965088,6.1368889808654785,-2.3561899662017822,2.3561899662017822,0.004363323096185923,0.05999999865889549,10.0,1011,0.0
1012,1788891685.7410781,1788891685.7410781,1081,0.4954111874103546,6.125462055206299,-2.3561899662017822,2.3561899662017822,0.004363323096185923,0.05999999865889549,10.0,1012,0.0
1013,1788891685.7929282,1788891685.7929282,1081,0.49766188859939575,6.110136032104492,-2.3561899662017822,2.3561899662017822,0.004363323096185923,0.05999999865889549,10.0,1013,0.0
1014,1788891685.845112,1788891685.845112,1081,0.4995046854019165,6.104237079620361,-2.3561899662017822,2.3561899662017822,0.004363323096185923,0.05999999865889549,10.0,1014,0.0
1015,1788891685.9157214,1788891685.9157214,1081,0.5014013051986694,6.090044975280762,-2.3561899662017822,2.3561899662017822,0.004363323096185923,0.05999999865889549,10.0,1015,0.0
1016,1788891685.9668412,1788891685.9668412,1081,0.5043529868125916,6.081399917602539,-2.3561899662017822,2.3561899662017822,0.004363323096185923,0.05999999865889549,10.0,1016,0.0
1017,1788891686.0215113,1788891686.0215113,1081,0.5046569108963013,6.070779800415039,-2.3561899662017822,2.3561899662017822,0.004363323096185923,0.05999999865889549,10.0,1017,0.0
1018,1788891686.0898867,1788891686.0898867,1081,0.5046160817146301,6.0524001121521,-2.3561899662017822,2.3561899662017822,0.004363323096185923,0.05999999865889549,10.0,1018,0.0
1019,1788891686.142131,1788891686.142131,1081,0.5044441223144531,6.037743091583252,-2.3561899662017822,2.3561899662017822,0.004363323096185923,0.05999999865889549,10.0,1019,0.0
1020,1788891686.2156193,1788891686.2156193,1081,0.5042753219604492,6.028013229370117,-2.3561899662017822,2.3561899662017822,0.004363323096185923,0.05999999865889549,10.0,1020,0.0
1021,1788891686.2671256,1788891686.2671256,1081,0.5039330124855042,6.004757881164551,-2.3561899662017822,2.3561899662017822,0.004363323096185923,0.05999999865889549,10.0,1021,0.0
1022,1788891686.32159,1788891686.32159,1081,0.5036478042602539,5.99505090713501,-2.3561899662017822,2.3561899662017822,0.004363323096185923,0.05999999865889549,10.0,1022,0.0
1023,1788891686.3907783,1788891686.3907783,1081,0.5033159255981445,5.9853949546813965,-2.3561899662017822,2.3561899662017822,0.004363323096185923,0.05999999865889549,10.0,1023,0.0
1024,1788891686.4424722,1788891686.4424722,1081,0.5032271146774292,5.962108135223389,-2.3561899662017822,2.3561899662017822,0.004363323096185923,0.05999999865889549,10.0,1024,0.0
1025,1788891686.515144,1788891686.515144,1081,0.5036661028862,5.952475070953369,-2.3561899662017822,2.3561899662017822,0.004363323096185923,0.05999999865889549,10.0,1025,0.0
1026,1788891686.5652373,1788891686.5652373,1081,0.5042340159416199,5.942883014678955,-2.3561899662017822,2.3561899662017822,0.004363323096185923,0.05999999865889549,10.0,1026,0.0
1027,1788891686.6157963,1788891686.6157963,1081,0.504959225654602,5.931573867797852,-2.3561899662017822,2.3561899662017822,0.004363323096185923,0.05999999865889549,10.0,1027,0.0
1028,1788891686.6660767,1788891686.6660767,1081,0.5070793032646179,5.91914176940918,-2.3561899662017822,2.3561899662017822,0.004363323096185923,0.05999999865889549,10.0,1028,0.0
1029,1788891686.717223,1788891686.717223,1081,0.510920524597168,5.902094841003418,-2.3561899662017822,2.3561899662017822,0.004363323096185923,0.05999999865889549,10.0,1029,0.0
1030,1788891686.7705982,1788891686.7705982,1081,0.5135493278503418,5.896842956542969,-2.3561899662017822,2.3561899662017822,0.004363323096185923,0.05999999865889549,10.0,1030,0.0
1031,1788891686.8207412,1788891686.8207412,1081,0.5162345767021179,5.891685962677002,-2.3561899662017822,2.3561899662017822,0.004363323096185923,0.05999999865889549,10.0,1031,0.0
1032,1788891686.8706129,1788891686.8706129,1081,0.5173984169960022,5.880490779876709,-2.3561899662017822,2.3561899662017822,0.004363323096185923,0.05999999865889549,10.0,1032,0.0
1033,1788891686.9398906,1788891686.9398906,1081,0.5181409120559692,5.871064186096191,-2.3561899662017822,2.3561899662017822,0.004363323096185923,0.05999999865889549,10.0,1033,0.0
1034,1788891686.9911752,1788891686.9911752,1081,0.5188233256340027,5.852290153503418,-2.3561899662017822,2.3561899662017822,0.004363323096185923,0.05999999865889549,10.0,1034,0.0
1035,1788891687.0423193,1788891687.0423193,1081,0.5197632908821106,5.838201999664307,-2.3561899662017822,2.3561899662017822,0.004363323096185923,0.05999999865889549,10.0,1035,0.0
1036,1788891687.114864,1788891687.114864,1081,0.5203315019607544,5.828866004943848,-2.3561899662017822,2.3561899662017822,0.004363323096185923,0.05999999865889549,10.0,1036,0.0
1037,1788891687.166471,1788891687.166471,1081,0.5210976004600525,5.8149309158325195,-2.3561899662017822,2.3561899662017822,0.004363323096185923,0.05999999865889549,10.0,1037,0.0
1038,1788891687.2405655,1788891687.2405655,1081,0.5215499997138977,5.805689811706543,-2.3561899662017822,2.3561899662017822,0.004363323096185923,0.05999999865889549,10.0,1038,0.0
1039,1788891687.292023,1788891687.292023,1081,0.5221428871154785,5.782137870788574,-2.3561899662017822,2.3561899662017822,0.004363323096185923,0.05999999865889549,10.0,1039,0.0
1040,1788891687.346068,1788891687.346068,1081,0.522479772567749,5.772916793823242,-2.3561899662017822,2.3561899662017822,0.004363323096185923,0.05999999865889549,10.0,1040,0.0
1041,1788891687.4154024,1788891687.4154024,1081,0.5227711200714111,5.763731002807617,-2.3561899662017822,2.3561899662017822,0.004363323096185923,0.05999999865889549,10.0,1041,0.0
1042,1788891687.4670992,1788891687.4670992,1081,0.5239555835723877,5.752769947052002,-2.3561899662017822,2.3561899662017822,0.004363323096185923,0.05999999865889549,10.0,1042,0.0
1043,1788891687.5218666,1788891687.5218666,1081,0.5261899828910828,5.7381439208984375,-2.3561899662017822,2.3561899662017822,0.004363323096185923,0.05999999865889549,10.0,1043,0.0
1044,1788891687.590063,1788891687.590063,1081,0.5285137295722961,5.733557224273682,-2.3561899662017822,2.3561899662017822,0.004363323096185923,0.05999999865889549,10.0,1044,0.0
1045,1788891687.6404035,1788891687.6404035,1081,0.5308917760848999,5.729069232940674,-2.3561899662017822,2.3561899662017822,0.004363323096185923,0.05999999865889549,10.0,1045,0.0
1046,1788891687.6908774,1788891687.6908774,1081,0.5324779748916626,5.722484111785889,-2.3561899662017822,2.3561899662017822,0.004363323096185923,0.05999999865889549,10.0,1046,0.0
1047,1788891687.7422316,1788891687.7422316,1081,0.5330973267555237,5.709167957305908,-2.3561899662017822,2.3561899662017822,0.004363323096185923,0.05999999865889549,10.0,1047,0.0
1048,1788891687.8152528,1788891687.8152528,1081,0.5334553718566895,5.700253963470459,-2.3561899662017822,2.3561899662017822,0.004363323096185923,0.05999999865889549,10.0,1048,0.0
1049,1788891687.8652208,1788891687.8652208,1081,0.5337666869163513,5.680895805358887,-2.3561899662017822,2.3561899662017822,0.004363323096185923,0.05999999865889549,10.0,1049,0.0
1050,1788891687.9149776,1788891687.9149776,1081,0.5340316891670227,5.671987056732178,-2.3561899662017822,2.3561899662017822,0.004363323096185923,0.05999999865889549,10.0,1050,0.0
1051,1788891687.9661057,1788891687.9661057,1081,0.5342516899108887,5.6631059646606445,-2.3561899662017822,2.3561899662017822,0.004363323096185923,0.05999999865889549,10.0,1051,0.0
1052,1788891688.0170112,1788891688.0170112,1081,0.5344946980476379,5.649862766265869,-2.3561899662017822,2.3561899662017822,0.004363323096185923,0.05999999865889549,10.0,1052,0.0
1053,1788891688.090361,1788891688.090361,1081,0.5346003174781799,5.641077995300293,-2.3561899662017822,2.3561899662017822,0.004363323096185923,0.05999999865889549,10.0,1053,0.0
1054,1788891688.1427352,1788891688.1427352,1081,0.5346701741218567,5.627964019775391,-2.3561899662017822,2.3561899662017822,0.004363323096185923,0.05999999865889549,10.0,1054,0.0
1055,1788891688.2151847,1788891688.2151847,1081,0.5346583724021912,5.619254112243652,-2.3561899662017822,2.3561899662017822,0.004363323096185923,0.05999999865889549,10.0,1055,0.0
1056,1788891688.266234,1788891688.266234,1081,0.5346000790596008,5.61021089553833,-2.3561899662017822,2.3561899662017822,0.004363323096185923,0.05999999865889549,10.0,1056,0.0
1057,1788891688.317546,1788891688.317546,1081,0.534425675868988,5.591854095458984,-2.3561899662017822,2.3561899662017822,0.004363323096185923,0.05999999865889549,10.0,1057,0.0
1058,1788891688.3907213,1788891688.3907213,1081,0.534252405166626,5.57965612411499,-2.3561899662017822,2.3561899662017822,0.004363323096185923,0.05999999865889549,10.0,1058,0.0
1059,1788891688.4438317,1788891688.4438317,1081,0.5339043736457825,5.5614237785339355,-2.3561899662017822,2.3561899662017822,0.004363323096185923,0.05999999865889549,10.0,1059,0.0
1060,1788891688.4955971,1788891688.4955971,1081,0.5336151719093323,5.549306869506836,-2.3561899662017822,2.3561899662017822,0.004363323096185923,0.05999999865889549,10.0,1060,0.0
1061,1788891688.565667,1788891688.565667,1081,0.5332775712013245,5.537223815917969,-2.3561899662017822,2.3561899662017822,0.004363323096185923,0.05999999865889549,10.0,1061,0.0
1062,1788891688.6159022,1788891688.6159022,1081,0.5328937768936157,5.525175094604492,-2.3561899662017822,2.3561899662017822,0.004363323096185923,0.05999999865889549,10.0,1062,0.0
1063,1788891688.6676867,1788891688.6676867,1081,0.5322331190109253,5.507164001464844,-2.3561899662017822,2.3561899662017822,0.004363323096185923,0.05999999865889549,10.0,1063,0.0
1064,1788891688.72061,1788891688.72061,1081,0.5317345261573792,5.49519681930542,-2.3561899662017822,2.3561899662017822,0.004363323096185923,0.05999999865889549,10.0,1064,0.0
1065,1788891688.7907615,1788891688.7907615,1081,0.5311880707740784,5.483263969421387,-2.3561899662017822,2.3561899662017822,0.004363323096185923,0.05999999865889549,10.0,1065,0.0
1066,1788891688.8438435,1788891688.8438435,1081,0.5302820801734924,5.465424060821533,-2.3561899662017822,2.3561899662017822,0.004363323096185923,0.05999999865889549,10.0,1066,0.0
1067,1788891688.896201,1788891688.896201,1081,0.5296196937561035,5.453567981719971,-2.3561899662017822,2.3561899662017822,0.004363323096185923,0.05999999865889549,10.0,1067,0.0
1068,1788891688.9649215,1788891688.9649215,1081,0.5296884179115295,5.4439921379089355,-2.3561899662017822,2.3561899662017822,0.004363323096185923,0.05999999865889549,10.0,1068,0.0
1069,1788891689.0170126,1788891689.0170126,1081,0.5322672128677368,5.4293317794799805,-2.3561899662017822,2.3561899662017822,0.004363323096185923,0.05999999865889549,10.0,1069,0.0
1070,1788891689.089974,1788891689.089974,1081,0.5342069864273071,5.415623188018799,-2.3561899662017822,2.3561899662017822,0.004363323096185923,0.05999999865889549,10.0,1070,0.0
1071,1788891689.140507,1788891689.140507,1081,0.5352029204368591,5.403685092926025,-2.3561899662017822,2.3561899662017822,0.004363323096185923,0.05999999865889549,10.0,1071,0.0
1072,1788891689.1909528,1788891689.1909528,1081,0.5347297787666321,5.389768123626709,-2.3561899662017822,2.3561899662017822,0.004363323096185923,0.05999999865889549,10.0,1072,0.0
1073,1788891689.2446935,1788891689.2446935,1081,0.5339167714118958,5.369502067565918,-2.3561899662017822,2.3561899662017822,0.004363323096185923,0.05999999865889549,10.0,1073,0.0
1074,1788891689.2953181,1788891689.2953181,1081,0.5333167910575867,5.3526930809021,-2.3561899662017822,2.3561899662017822,0.004363323096185923,0.05999999865889549,10.0,1074,0.0
1075,1788891689.3649065,1788891689.3649065,1081,0.5326732993125916,5.340981960296631,-2.3561899662017822,2.3561899662017822,0.004363323096185923,0.05999999865889549,10.0,1075,0.0
1076,1788891689.4150891,1788891689.4150891,1081,0.5319845080375671,5.324300765991211,-2.3561899662017822,2.3561899662017822,0.004363323096185923,0.05999999865889549,10.0,1076,0.0
1077,1788891689.4670858,1788891689.4670858,1081,0.5308634042739868,5.304623126983643,-2.3561899662017822,2.3561899662017822,0.004363323096185923,0.05999999865889549,10.0,1077,0.0
1078,1788891689.5401638,1788891689.5401638,1081,0.5300580859184265,5.289738178253174,-2.3561899662017822,2.3561899662017822,0.004363323096185923,0.05999999865889549,10.0,1078,0.0
1079,1788891689.5902572,1788891689.5902572,1081,0.5292056798934937,5.276104927062988,-2.3561899662017822,2.3561899662017822,0.004363323096185923,0.05999999865889549,10.0,1079,0.0
1080,1788891689.640726,1788891689.640726,1081,0.5283095836639404,5.261159896850586,-2.3561899662017822,2.3561899662017822,0.004363323096185923,0.05999999865889549,10.0,1080,0.0
1081,1788891689.6928964,1788891689.6928964,1081,0.52687668800354,5.238776206970215,-2.3561899662017822,2.3561899662017822,0.004363323096185923,0.05999999865889549,10.0,1081,0.0
1082,1788891689.7464654,1788891689.7464654,1081,0.5258650183677673,5.226696968078613,-2.3561899662017822,2.3561899662017822,0.004363323096185923,0.05999999865889549,10.0,1082,0.0
1083,1788891689.8152568,1788891689.8152568,1081,0.5248047113418579,5.210154056549072,-2.3561899662017822,2.3561899662017822,0.004363323096185923,0.05999999865889549,10.0,1083,0.0
1084,1788891689.866317,1788891689.866317,1081,0.5236986875534058,5.198061943054199,-2.3561899662017822,2.3561899662017822,0.004363323096185923,0.05999999865889549,10.0,1084,0.0
1085,1788891689.917578,1788891689.917578,1081,0.5219526290893555,5.175271034240723,-2.3561899662017822,2.3561899662017822,0.004363323096185923,0.05999999865889549,10.0,1085,0.0
1086,1788891689.9709053,1788891689.9709053,1081,0.5196747183799744,5.161451816558838,-2.3561899662017822,2.3561899662017822,0.004363323096185923,0.05999999865889549,10.0,1086,0.0
1087,1788891690.0403352,1788891690.0403352,1081,0.5173242092132568,5.146595001220703,-2.3561899662017822,2.3561899662017822,0.004363323096185923,0.05999999865889549,10.0,1087,0.0
1088,1788891690.092404,1788891690.092404,1081,0.5137125849723816,5.123897075653076,-2.3561899662017822,2.3561899662017822,0.004363323096185923,0.05999999865889549,10.0,1088,0.0
1089,1788891690.1457822,1788891690.1457822,1081,0.5112481713294983,5.112039089202881,-2.3561899662017822,2.3561899662017822,0.004363323096185923,0.05999999865889549,10.0,1089,0.0
1090,1788891690.2149708,1788891690.2149708,1081,0.5087376832962036,5.095063209533691,-2.3561899662017822,2.3561899662017822,0.004363323096185923,0.05999999865889549,10.0,1090,0.0
1091,1788891690.2653687,1788891690.2653687,1081,0.5061798095703125,5.0833258628845215,-2.3561899662017822,2.3561899662017822,0.004363323096185923,0.05999999865889549,10.0,1091,0.0
1092,1788891690.316561,1788891690.316561,1081,0.5022584199905396,5.060451984405518,-2.3561899662017822,2.3561899662017822,0.004363323096185923,0.05999999865889549,10.0,1092,0.0
1093,1788891690.3899262,1788891690.3899262,1081,0.4995866119861603,5.045838832855225,-2.3561899662017822,2.3561899662017822,0.004363323096185923,0.05999999865889549,10.0,1093,0.0
1094,1788891690.4404197,1788891690.4404197,1081,0.4968700110912323,5.03169584274292,-2.3561899662017822,2.3561899662017822,0.004363323096185923,0.05999999865889549,10.0,1094,0.0
1095,1788891690.4912016,1788891690.4912016,1081,0.49410611391067505,5.016798973083496,-2.3561899662017822,2.3561899662017822,0.004363323096185923,0.05999999865889549,10.0,1095,0.0
1096,1788891690.5424652,1788891690.5424652,1081,0.4898762106895447,4.996429920196533,-2.3561899662017822,2.3561899662017822,0.004363323096185923,0.05999999865889549,10.0,1096,0.0
1097,1788891690.6155105,1788891690.6155105,1081,0.4869978129863739,4.9800028800964355,-2.3561899662017822,2.3561899662017822,0.004363323096185923,0.05999999865889549,10.0,1097,0.0
1098,1788891690.6695912,1788891690.6695912,1081,0.4825957119464874,4.958552837371826,-2.3561899662017822,2.3561899662017822,0.004363323096185923,0.05999999865889549,10.0,1098,0.0
1099,1788891690.7217233,1788891690.7217233,1081,0.47960329055786133,4.945319175720215,-2.3561899662017822,2.3561899662017822,0.004363323096185923,0.05999999865889549,10.0,1099,0.0
1100,1788891690.7901382,1788891690.7901382,1081,0.47656679153442383,4.929346084594727,-2.3561899662017822,2.3561899662017822,0.004363323096185923,0.05999999865889549,10.0,1100,0.0
1101,1788891690.8404067,1788891690.8404067,1081,0.4734834134578705,4.916488170623779,-2.3561899662017822,2.3561899662017822,0.004363323096185923,0.05999999865889549,10.0,1101,0.0
1102,1788891690.890052,1788891690.890052,1081,0.4703555107116699,4.900091171264648,-2.3561899662017822,2.3561899662017822,0.004363323096185923,0.05999999865889549,10.0,1102,0.0
1103,1788891690.9402602,1788891690.9402602,1081,0.4671818017959595,4.887643814086914,-2.3561899662017822,2.3561899662017822,0.004363323096185923,0.05999999865889549,10.0,1103,0.0
1104,1788891690.9920573,1788891690.9920573,1081,0.4623365104198456,4.864671230316162,-2.3561899662017822,2.3561899662017822,0.004363323096185923,0.05999999865889549,10.0,1104,0.0
1105,1788891691.0460901,1788891691.0460901,1081,0.45904868841171265,4.8501200675964355,-2.3561899662017822,2.3561899662017822,0.004363323096185923,0.05999999865889549,10.0,1105,0.0
1106,1788891691.1156147,1788891691.1156147,1081,0.45571428537368774,4.835806846618652,-2.3561899662017822,2.3561899662017822,0.004363323096185923,0.05999999865889549,10.0,1106,0.0
1107,1788891691.1669645,1788891691.1669645,1081,0.4506303071975708,4.812817096710205,-2.3561899662017822,2.3561899662017822,0.004363323096185923,0.05999999865889549,10.0,1107,0.0
1108,1788891691.2214046,1788891691.2214046,1081,0.4471836984157562,4.7999348640441895,-2.3561899662017822,2.3561899662017822,0.004363323096185923,0.05999999865889549,10.0,1108,0.0
1109,1788891691.2904637,1788891691.2904637,1081,0.4436923861503601,4.783927917480469,-2.3561899662017822,2.3561899662017822,0.004363323096185923,0.05999999865889549,10.0,1109,0.0
1110,1788891691.34021,1788891691.34021,1081,0.44015538692474365,4.770407199859619,-2.3561899662017822,2.3561899662017822,0.004363323096185923,0.05999999865889549,10.0,1110,0.0
1111,1788891691.3902748,1788891691.3902748,1081,0.43657130002975464,4.755033016204834,-2.3561899662017822,2.3561899662017822,0.004363323096185923,0.05999999865889549,10.0,1111,0.0
1112,1788891691.4452574,1788891691.4452574,1081,0.4311138093471527,4.7321457862854,-2.3561899662017822,2.3561899662017822,0.004363323096185923,0.05999999865889549,10.0,1112,0.0
1113,1788891691.5148966,1788891691.5148966,1081,0.4274173080921173,4.719904899597168,-2.3561899662017822,2.3561899662017822,0.004363323096185923,0.05999999865889549,10.0,1113,0.0
1114,1788891691.5678077,1788891691.5678077,1081,0.4217900037765503,4.697192192077637,-2.3561899662017822,2.3561899662017822,0.004363323096185923,0.05999999865889549,10.0,1114,0.0
1115,1788891691.621275,1788891691.621275,1081,0.4179823100566864,4.681550979614258,-2.3561899662017822,2.3561899662017822,0.004363323096185923,0.05999999865889549,10.0,1115,0.0
1116,1788891691.6907718,1788891691.6907718,1081,0.41417258977890015,4.668262958526611,-2.3561899662017822,2.3561899662017822,0.004363323096185923,0.05999999865889549,10.0,1116,0.0
1117,1788891691.742252,1788891691.742252,1081,0.4091705083847046,4.645226001739502,-2.3561899662017822,2.3561899662017822,0.004363323096185923,0.05999999865889549,10.0,1117,0.0
1118,1788891691.8152106,1788891691.8152106,1081,0.4063909947872162,4.630760192871094,-2.3561899662017822,2.3561899662017822,0.004363323096185923,0.05999999865889549,10.0,1118,0.0
1119,1788891691.865168,1788891691.865168,1081,0.4039093852043152,4.6162872314453125,-2.3561899662017822,2.3561899662017822,0.004363323096185923,0.05999999865889549,10.0,1119,0.0
1120,1788891691.9171562,1788891691.9171562,1081,0.40010330080986023,4.593252182006836,-2.3561899662017822,2.3561899662017822,0.004363323096185923,0.05999999865889549,10.0,1120,0.0
1121,1788891691.970728,1788891691.970728,1081,0.39750799536705017,4.579773902893066,-2.3561899662017822,2.3561899662017822,0.004363323096185923,0.05999999865889549,10.0,1121,0.0
1122,1788891692.0400393,1788891692.0400393,1081,0.39486780762672424,4.564301013946533,-2.3561899662017822,2.3561899662017822,0.004363323096185923,0.05999999865889549,10.0,1122,0.0
1123,1788891692.0903523,1788891692.0903523,1081,0.39218050241470337,4.549869060516357,-2.3561899662017822,2.3561899662017822,0.004363323096185923,0.05999999865889549,10.0,1123,0.0
1124,1788891692.1432085,1788891692.1432085,1081,0.38806650042533875,4.528602123260498,-2.3561899662017822,2.3561899662017822,0.004363323096185923,0.05999999865889549,10.0,1124,0.0
1125,1788891692.196689,1788891692.196689,1081,0.3852652907371521,4.512299060821533,-2.3561899662017822,2.3561899662017822,0.004363323096185923,0.05999999865889549,10.0,1125,0.0
1126,1788891692.265392,1788891692.265392,1081,0.38241860270500183,4.498608112335205,-2.3561899662017822,2.3561899662017822,0.004363323096185923,0.05999999865889549,10.0,1126,0.0
1127,1788891692.315771,1788891692.315771,1081,0.379526287317276,4.483342170715332,-2.3561899662017822,2.3561899662017822,0.004363323096185923,0.05999999865889549,10.0,1127,0.0
1128,1788891692.3670774,1788891692.3670774,1081,0.37510231137275696,4.460299968719482,-2.3561899662017822,2.3561899662017822,0.004363323096185923,0.05999999865889549,10.0,1128,0.0
1129,1788891692.4403806,1788891692.4403806,1081,0.372094988822937,4.4471611976623535,-2.3561899662017822,2.3561899662017822,0.004363323096185923,0.05999999865889549,10.0,1129,0.0
1130,1788891692.4930537,1788891692.4930537,1081,0.36749958992004395,4.425426959991455,-2.3561899662017822,2.3561899662017822,0.004363323096185923,0.05999999865889549,10.0,1130,0.0
1131,1788891692.565195,1788891692.565195,1081,0.3643786907196045,4.408381938934326,-2.3561899662017822,2.3561899662017822,0.004363323096185923,0.05999999865889549,10.0,1131,0.0
1132,1788891692.616657,1788891692.616657,1081,0.35961291193962097,4.3868818283081055,-2.3561899662017822,2.3561899662017822,0.004363323096185923,0.05999999865889549,10.0,1132,0.0
1133,1788891692.6900635,1788891692.6900635,1081,0.356377512216568,4.373435974121094,-2.3561899662017822,2.3561899662017822,0.004363323096185923,0.05999999865889549,10.0,1133,0.0
1134,1788891692.7419791,1788891692.7419791,1081,0.3525668978691101,4.351746082305908,-2.3561899662017822,2.3561899662017822,0.004363323096185923,0.05999999865889549,10.0,1134,0.0
1135,1788891692.8154035,1788891692.8154035,1081,0.3497067093849182,4.337327003479004,-2.3561899662017822,2.3561899662017822,0.004363323096185923,0.05999999865889549,10.0,1135,0.0
1136,1788891692.867842,1788891692.867842,1081,0.34478840231895447,4.3160481452941895,-2.3561899662017822,2.3561899662017822,0.004363323096185923,0.05999999865889549,10.0,1136,0.0
1137,1788891692.940176,1788891692.940176,1081,0.3412347137928009,4.301208972930908,-2.3561899662017822,2.3561899662017822,0.004363323096185923,0.05999999865889549,10.0,1137,0.0
1138,1788891692.9906735,1788891692.9906735,1081,0.33765581250190735,4.286831855773926,-2.3561899662017822,2.3561899662017822,0.004363323096185923,0.05999999865889549,10.0,1138,0.0
1139,1788891693.0402453,1788891693.0402453,1081,0.3340323865413666,4.27249813079834,-2.3561899662017822,2.3561899662017822,0.004363323096185923,0.05999999865889549,10.0,1139,0.0
1140,1788891693.0904446,1788891693.0904446,1081,0.33035290241241455,4.258802890777588,-2.3561899662017822,2.3561899662017822,0.004363323096185923,0.05999999865889549,10.0,1140,0.0
1141,1788891693.1401908,1788891693.1401908,1081,0.3266170024871826,4.245622158050537,-2.3561899662017822,2.3561899662017822,0.004363323096185923,0.05999999865889549,10.0,1141,0.0
1142,1788891693.1899922,1788891693.1899922,1081,0.322826087474823,4.232425212860107,-2.3561899662017822,2.3561899662017822,0.004363323096185923,0.05999999865889549,10.0,1142,0.0
1143,1788891693.2402766,1788891693.2402766,1081,0.31897860765457153,4.21920108795166,-2.3561899662017822,2.3561899662017822,0.004363323096185923,0.05999999865889549,10.0,1143,0.0
1144,1788891693.2898796,1788891693.2898796,1081,0.3150744140148163,4.205956935882568,-2.3561899662017822,2.3561899662017822,0.004363323096185923,0.05999999865889549,10.0,1144,0.0
1145,1788891693.3406513,1788891693.3406513,1081,0.31111329793930054,4.1918230056762695,-2.3561899662017822,2.3561899662017822,0.004363323096185923,0.05999999865889549,10.0,1145,0.0
1146,1788891693.392464,1788891693.392464,1081,0.3050673007965088,4.170699119567871,-2.3561899662017822,2.3561899662017822,0.004363323096185923,0.05999999865889549,10.0,1146,0.0
1147,1788891693.4649868,1788891693.4649868,1081,0.30096471309661865,4.157383918762207,-2.3561899662017822,2.3561899662017822,0.004363323096185923,0.05999999865889549,10.0,1147,0.0
1148,1788891693.5154085,1788891693.5154085,1081,0.2970646917819977,4.1440510749816895,-2.3561899662017822,2.3561899662017822,0.004363323096185923,0.05999999865889549,10.0,1148,0.0
1149,1788891693.5657532,1788891693.5657532,1081,0.2935396134853363,4.1301069259643555,-2.3561899662017822,2.3561899662017822,0.004363323096185923,0.05999999865889549,10.0,1149,0.0
1150,1788891693.6171677,1788891693.6171677,1081,0.2889068126678467,4.10960578918457,-2.3561899662017822,2.3561899662017822,0.004363323096185923,0.05999999865889549,10.0,1150,0.0
1151,1788891693.6707425,1788891693.6707425,1081,0.28662869334220886,4.0950398445129395,-2.3561899662017822,2.3561899662017822,0.004363323096185923,0.05999999865889549,10.0,1151,0.0
1152,1788891693.7404747,1788891693.7404747,1081,0.2849319875240326,4.080189228057861,-2.3561899662017822,2.3561899662017822,0.004363323096185923,0.05999999865889549,10.0,1152,0.0
1153,1788891693.791089,1788891693.791089,1081,0.28343239426612854,4.067162990570068,-2.3561899662017822,2.3561899662017822,0.004363323096185923,0.05999999865889549,10.0,1153,0.0
1154,1788891693.8421788,1788891693.8421788,1081,0.2827698886394501,4.04600191116333,-2.3561899662017822,2.3561899662017822,0.004363323096185923,0.05999999865889549,10.0,1154,0.0
1155,1788891693.8965714,1788891693.8965714,1081,0.28308600187301636,4.033604145050049,-2.3561899662017822,2.3561899662017822,0.004363323096185923,0.05999999865889549,10.0,1155,0.0
1156,1788891693.9652114,1788891693.9652114,1081,0.2840408980846405,4.019054889678955,-2.3561899662017822,2.3561899662017822,0.004363323096185923,0.05999999865889549,10.0,1156,0.0
1157,1788891694.0163732,1788891694.0163732,1081,0.28566959500312805,4.004123210906982,-2.3561899662017822,2.3561899662017822,0.004363323096185923,0.05999999865889549,10.0,1157,0.0
1158,1788891694.0675743,1788891694.0675743,1081,0.2887991964817047,3.984981060028076,-2.3561899662017822,2.3561899662017822,0.004363323096185923,0.05999999865889549,10.0,1158,0.0
1159,1788891694.12111,1788891694.12111,1081,0.2924385964870453,3.9713780879974365,-2.3561899662017822,2.3561899662017822,0.004363323096185923,0.05999999865889549,10.0,1159,0.0
1160,1788891694.1901705,1788891694.1901705,1081,0.29591628909111023,3.9577620029449463,-2.3561899662017822,2.3561899662017822,0.004363323096185923,0.05999999865889549,10.0,1160,0.0
1161,1788891694.241819,1788891694.241819,1081,0.3031308948993683,3.935991048812866,-2.3561899662017822,2.3561899662017822,0.004363323096185923,0.05999999865889549,10.0,1161,0.0
1162,1788891694.2957644,1788891694.2957644,1081,0.30730319023132324,3.92297101020813,-2.3561899662017822,2.3561899662017822,0.004363323096185923,0.05999999865889549,10.0,1162,0.0
1163,1788891694.3648176,1788891694.3648176,1081,0.31225359439849854,3.9079580307006836,-2.3561899662017822,2.3561899662017822,0.004363323096185923,0.05999999865889549,10.0,1163,0.0
1164,1788891694.4180114,1788891694.4180114,1081,0.3213878870010376,3.8873000144958496,-2.3561899662017822,2.3561899662017822,0.004363323096185923,0.05999999865889549,10.0,1164,0.0
1165,1788891694.4697247,1788891694.4697247,1081,0.3288303017616272,3.873534917831421,-2.3561899662017822,2.3561899662017822,0.004363323096185923,0.05999999865889549,10.0,1165,0.0
1166,1788891694.5215642,1788891694.5215642,1081,0.33543679118156433,3.860948085784912,-2.3561899662017822,2.3561899662017822,0.004363323096185923,0.05999999865889549,10.0,1166,0.0
1167,1788891694.5903206,1788891694.5903206,1081,0.34077900648117065,3.845876932144165,-2.3561899662017822,2.3561899662017822,0.004363323096185923,0.05999999865889549,10.0,1167,0.0
1168,1788891694.6398396,1788891694.6398396,1081,0.3494583070278168,3.8321869373321533,-2.3561899662017822,2.3561899662017822,0.004363323096185923,0.05999999865889549,10.0,1168,0.0
1169,1788891694.690254,1788891694.690254,1081,0.3566223084926605,3.8191890716552734,-2.3561899662017822,2.3561899662017822,0.004363323096185923,0.05999999865889549,10.0,1169,0.0
1170,1788891694.7397819,1788891694.7397819,1081,0.36484280228614807,3.8053739070892334,-2.3561899662017822,2.3561899662017822,0.004363323096185923,0.05999999865889549,10.0,1170,0.0
1171,1788891694.791896,1788891694.791896,1081,0.3796471953392029,3.783690929412842,-2.3561899662017822,2.3561899662017822,0.004363323096185923,0.05999999865889549,10.0,1171,0.0
1172,1788891694.865784,1788891694.865784,1081,0.578584611415863,3.76985502243042,-2.3561899662017822,2.3561899662017822,0.004363323096185923,0.05999999865889549,10.0,1172,0.0
1173,1788891694.9165604,1788891694.9165604,1081,0.5843449831008911,3.750319004058838,-2.3561899662017822,2.3561899662017822,0.004363323096185923,0.05999999865889549,10.0,1173,0.0
1174,1788891694.9700086,1788891694.9700086,1081,0.5872418284416199,3.7366089820861816,-2.3561899662017822,2.3561899662017822,0.004363323096185923,0.05999999865889549,10.0,1174,0.0
1175,1788891695.0399175,1788891695.0399175,1081,0.5904614925384521,3.722913980484009,-2.3561899662017822,2.3561899662017822,0.004363323096185923,0.05999999865889549,10.0,1175,0.0
1176,1788891695.0909832,1788891695.0909832,1081,0.5940229296684265,3.709239959716797,-2.3561899662017822,2.3561899662017822,0.004363323096185923,0.05999999865889549,10.0,1176,0.0
1177,1788891695.1409605,1788891695.1409605,1081,0.6002644896507263,3.6946001052856445,-2.3561899662017822,2.3561899662017822,0.004363323096185923,0.05999999865889549,10.0,1177,0.0
1178,1788891695.1909742,1788891695.1909742,1081,0.603794515132904,3.6784889698028564,-2.3561899662017822,2.3561899662017822,0.004363323096185923,0.05999999865889549,10.0,1178,0.0
1179,1788891695.242185,1788891695.242185,1081,0.6126422882080078,3.6564559936523438,-2.3561899662017822,2.3561899662017822,0.004363323096185923,0.05999999865889549,10.0,1179,0.0
1180,1788891695.315002,1788891695.315002,1081,0.6203585267066956,3.6409249305725098,-2.3561899662017822,2.3561899662017822,0.004363323096185923,0.05999999865889549,10.0,1180,0.0
1181,1788891695.364993,1788891695.364993,1081,0.6254680752754211,3.666145086288452,-2.3561899662017822,2.3561899662017822,0.004363323096185923,0.05999999865889549,10.0,1181,0.0
1182,1788891695.4159288,1788891695.4159288,1081,0.6310467720031738,3.745431900024414,-2.3561899662017822,2.3561899662017822,0.004363323096185923,0.05999999865889549,10.0,1182,0.0
1183,1788891695.4659865,1788891695.4659865,1081,0.6371328234672546,3.8302459716796875,-2.3561899662017822,2.3561899662017822,0.004363323096185923,0.05999999865889549,10.0,1183,0.0
1184,1788891695.5173903,1788891695.5173903,1081,0.6437715888023376,8.327272415161133,-2.3561899662017822,2.3561899662017822,0.004363323096185923,0.05999999865889549,10.0,1184,0.0
1185,1788891695.5687487,1788891695.5687487,1081,0.654879629611969,8.699176788330078,-2.3561899662017822,2.3561899662017822,0.004363323096185923,0.05999999865889549,10.0,1185,0.0
1186,1788891695.640284,1788891695.640284,1081,0.6631333231925964,8.971964836120605,-2.3561899662017822,2.3561899662017822,0.004363323096185923,0.05999999865889549,10.0,1186,0.0
1187,1788891695.6901217,1788891695.6901217,1081,0.6721495985984802,9.267269134521484,-2.3561899662017822,2.3561899662017822,0.004363323096185923,0.05999999865889549,10.0,1187,0.0
1188,1788891695.7414992,1788891695.7414992,1081,0.6812406182289124,9.575054168701172,-2.3561899662017822,2.3561899662017822,0.004363323096185923,0.05999999865889549,10.0,1188,0.0
1189,1788891695.7926068,1788891695.7926068,1081,0.6921595931053162,9.982950210571289,-2.3561899662017822,2.3561899662017822,0.004363323096185923,0.05999999865889549,10.0,1189,0.0
1190,1788891695.8461754,1788891695.8461754,1077,0.7026656270027161,9.998170852661133,-2.3561899662017822,2.3561899662017822,0.004363323096185923,0.05999999865889549,10.0,1190,0.0
1191,1788891695.914848,1788891695.914848,1072,0.7134929895401001,9.945075035095215,-2.3561899662017822,2.3561899662017822,0.004363323096185923,0.05999999865889549,10.0,1191,0.0
1192,1788891695.9705114,1788891695.9705114,1068,0.7248104214668274,9.966972351074219,-2.3561899662017822,2.3561899662017822,0.004363323096185923,0.05999999865889549,10.0,1192,0.0
1193,1788891696.0402615,1788891696.0402615,1068,0.7380192875862122,9.981663703918457,-2.3561899662017822,2.3561899662017822,0.004363323096185923,0.05999999865889549,10.0,1193,0.0
1194,1788891696.0908082,1788891696.0908082,1068,0.7449138760566711,9.996406555175781,-2.3561899662017822,2.3561899662017822,0.004363323096185923,0.05999999865889549,10.0,1194,0.0
1195,1788891696.1399813,1788891696.1399813,1067,0.760551929473877,9.942801475524902,-2.3561899662017822,2.3561899662017822,0.004363323096185923,0.05999999865889549,10.0,1195,0.0
1196,1788891696.1898632,1788891696.1898632,1067,0.7691667079925537,9.957326889038086,-2.3561899662017822,2.3561899662017822,0.004363323096185923,0.05999999865889549,10.0,1196,0.0
1197,1788891696.2415838,1788891696.2415838,1068,0.7785713076591492,9.995332717895508,-2.3561899662017822,2.3561899662017822,0.004363323096185923,0.05999999865889549,10.0,1197,0.0
1198,1788891696.2909582,1788891696.2909582,1068,1.6009180545806885,9.987103462219238,-2.3561899662017822,2.3561899662017822,0.004363323096185923,0.05999999865889549,10.0,1198,0.0
1199,1788891696.3402581,1788891696.3402581,1067,1.6064950227737427,9.979015350341797,-2.3561899662017822,2.3561899662017822,0.004363323096185923,0.05999999865889549,10.0,1199,0.0
1200,1788891696.3898451,1788891696.3898451,1067,1.6120929718017578,9.97118091583252,-2.3561899662017822,2.3561899662017822,0.004363323096185923,0.05999999865889549,10.0,1200,0.0
1201,1788891696.4398506,1788891696.4398506,1067,1.617717981338501,9.963478088378906,-2.3561899662017822,2.3561899662017822,0.004363323096185923,0.05999999865889549,10.0,1201,0.0
1202,1788891696.4900067,1788891696.4900067,1067,1.623371958732605,9.975704193115234,-2.3561899662017822,2.3561899662017822,0.004363323096185923,0.05999999865889549,10.0,1202,0.0
1203,1788891696.5409925,1788891696.5409925,1067,1.6290459632873535,9.990309715270996,-2.3561899662017822,2.3561899662017822,0.004363323096185923,0.05999999865889549,10.0,1203,0.0
1204,1788891696.5929797,1788891696.5929797,1066,1.635077953338623,9.942789077758789,-2.3561899662017822,2.3561899662017822,0.004363323096185923,0.05999999865889549,10.0,1204,0.0
1205,1788891696.6464422,1788891696.6464422,1065,1.637727975845337,9.931314468383789,-2.3561899662017822,2.3561899662017822,0.004363323096185923,0.05999999865889549,10.0,1205,0.0
1206,1788891696.7151427,1788891696.7151427,1066,1.6403249502182007,9.989795684814453,-2.3561899662017822,2.3561899662017822,0.004363323096185923,0.05999999865889549,10.0,1206,0.0
1207,1788891696.7648504,1788891696.7648504,1066,1.6429239511489868,9.978251457214355,-2.3561899662017822,2.3561899662017822,0.004363323096185923,0.05999999865889549,10.0,1207,0.0
1208,1788891696.814954,1788891696.814954,1065,1.645522952079773,9.966691017150879,-2.3561899662017822,2.3561899662017822,0.004363323096185923,0.05999999865889549,10.0,1208,0.0
1209,1788891696.8669205,1788891696.8669205,1065,1.649425983428955,9.943172454833984,-2.3561899662017822,2.3561899662017822,0.004363323096185923,0.05999999865889549,10.0,1209,0.0
1210,1788891696.9402575,1788891696.9402575,1065,1.65202796459198,9.979910850524902,-2.3561899662017822,2.3561899662017822,0.004363323096185923,0.05999999865889549,10.0,1210,0.0
1211,1788891696.9900348,1788891696.9900348,1065,1.6546310186386108,9.995957374572754,-2.3561899662017822,2.3561899662017822,0.004363323096185923,0.05999999865889549,10.0,1211,0.0
1212,1788891697.0403726,1788891697.0403726,1065,1.6572329998016357,9.979716300964355,-2.3561899662017822,2.3561899662017822,0.004363323096185923,0.05999999865889549,10.0,1212,0.0
1213,1788891697.0916126,1788891697.0916126,1064,1.6611369848251343,9.955403327941895,-2.3561899662017822,2.3561899662017822,0.004363323096185923,0.05999999865889549,10.0,1213,0.0
1214,1788891697.1465092,1788891697.1465092,1064,1.6637380123138428,9.939188957214355,-2.3561899662017822,2.3561899662017822,0.004363323096185923,0.05999999865889549,10.0,1214,0.0
1215,1788891697.215811,1788891697.215811,1064,1.66634202003479,9.96106243133545,-2.3561899662017822,2.3561899662017822,0.004363323096185923,0.05999999865889549,10.0,1215,0.0
1216,1788891697.2668304,1788891697.2668304,1064,1.6702450513839722,9.984384536743164,-2.3561899662017822,2.3561899662017822,0.004363323096185923,0.05999999865889549,10.0,1216,0.0
1217,1788891697.339953,1788891697.339953,1064,1.6728490591049194,9.96800708770752,-2.3561899662017822,2.3561899662017822,0.004363323096185923,0.05999999865889549,10.0,1217,0.0
1218,1788891697.3915544,1788891697.3915544,1063,1.6767549514770508,9.943441390991211,-2.3561899662017822,2.3561899662017822,0.004363323096185923,0.05999999865889549,10.0,1218,0.0
1219,1788891697.446081,1788891697.446081,1063,1.6793580055236816,9.927176475524902,-2.3561899662017822,2.3561899662017822,0.004363323096185923,0.05999999865889549,10.0,1219,0.0
1220,1788891697.515377,1788891697.515377,1064,1.681962013244629,9.997723579406738,-2.3561899662017822,2.3561899662017822,0.004363323096185923,0.05999999865889549,10.0,1220,0.0
1221,1788891697.5661128,1788891697.5661128,1063,1.6845660209655762,9.981203079223633,-2.3561899662017822,2.3561899662017822,0.004363323096185923,0.05999999865889549,10.0,1221,0.0
1222,1788891697.6167018,1788891697.6167018,1063,1.6884599924087524,9.959636688232422,-2.3561899662017822,2.3561899662017822,0.004363323096185923,0.05999999865889549,10.0,1222,0.0
1223,1788891697.6907024,1788891697.6907024,1062,1.6910640001296997,9.939956665039062,-2.3561899662017822,2.3561899662017822,0.004363323096185923,0.05999999865889549,10.0,1223,0.0
1224,1788891697.740964,1788891697.740964,1062,1.6936670541763306,9.938048362731934,-2.3561899662017822,2.3561899662017822,0.004363323096185923,0.05999999865889549,10.0,1224,0.0
1225,1788891697.7907107,1788891697.7907107,1063,1.6962709426879883,9.994720458984375,-2.3561899662017822,2.3561899662017822,0.004363323096185923,0.05999999865889549,10.0,1225,0.0
1226,1788891697.8423915,1788891697.8423915,1062,1.7001769542694092,9.969757080078125,-2.3561899662017822,2.3561899662017822,0.004363323096185923,0.05999999865889549,10.0,1226,0.0
1227,1788891697.915114,1788891697.915114,1062,1.70278000831604,9.974052429199219,-2.3561899662017822,2.3561899662017822,0.004363323096185923,0.05999999865889549,10.0,1227,0.0
1228,1788891697.966683,1788891697.966683,1062,1.7079880237579346,9.953150749206543,-2.3561899662017822,2.3561899662017822,0.004363323096185923,0.05999999865889549,10.0,1228,0.0
1229,1788891698.0648668,1788891698.0648668,1063,1.7105909585952759,9.99078369140625,-2.3561899662017822,2.3561899662017822,0.004363323096185923,0.05999999865889549,10.0,1229,0.0
1230,1788891698.1154926,1788891698.1154926,1063,1.7131949663162231,9.932823181152344,-2.3561899662017822,2.3561899662017822,0.004363323096185923,0.05999999865889549,10.0,1230,0.0
1231,1788891698.1655073,1788891698.1655073,1063,1.7157989740371704,9.970067024230957,-2.3561899662017822,2.3561899662017822,0.004363323096185923,0.05999999865889549,10.0,1231,0.0
1232,1788891698.215696,1788891698.215696,1063,1.7184020280838013,9.9130277633667,-2.3561899662017822,2.3561899662017822,0.004363323096185923,0.05999999865889549,10.0,1232,0.0
1233,1788891698.26714,1788891698.26714,1064,1.7210450172424316,9.968454360961914,-2.3561899662017822,2.3561899662017822,0.004363323096185923,0.05999999865889549,10.0,1233,0.0
1234,1788891698.339924,1788891698.339924,1064,1.718999981880188,9.912158012390137,-2.3561899662017822,2.3561899662017822,0.004363323096185923,0.05999999865889549,10.0,1234,0.0
1235,1788891698.3906693,1788891698.3906693,1064,1.716953992843628,9.948708534240723,-2.3561899662017822,2.3561899662017822,0.004363323096185923,0.05999999865889549,10.0,1235,0.0
1236,1788891698.4428666,1788891698.4428666,1064,1.713886022567749,9.911420822143555,-2.3561899662017822,2.3561899662017822,0.004363323096185923,0.05999999865889549,10.0,1236,0.0
1237,1788891698.4960718,1788891698.4960718,1065,1.711840033531189,9.947627067565918,-2.3561899662017822,2.3561899662017822,0.004363323096185923,0.05999999865889549,10.0,1237,0.0
1238,1788891698.5648446,1788891698.5648446,1066,1.7097949981689453,9.983866691589355,-2.3561899662017822,2.3561899662017822,0.004363323096185923,0.05999999865889549,10.0,1238,0.0
1239,1788891698.616235,1788891698.616235,1065,1.7077499628067017,9.928824424743652,-2.3561899662017822,2.3561899662017822,0.004363323096185923,0.05999999865889549,10.0,1239,0.0
1240,1788891698.666821,1788891698.666821,1066,1.7046819925308228,9.982649803161621,-2.3561899662017822,2.3561899662017822,0.004363323096185923,0.05999999865889549,10.0,1240,0.0
1241,1788891698.740746,1788891698.740746,1066,1.7026360034942627,9.928321838378906,-2.3561899662017822,2.3561899662017822,0.004363323096185923,0.05999999865889549,10.0,1241,0.0
1242,1788891698.792387,1788891698.792387,1067,1.6995680332183838,9.981678009033203,-2.3561899662017822,2.3561899662017822,0.004363323096185923,0.05999999865889549,10.0,1242,0.0
1243,1788891698.8456173,1788891698.8456173,1067,1.6975229978561401,9.92802906036377,-2.3561899662017822,2.3561899662017822,0.004363323096185923,0.05999999865889549,10.0,1243,0.0
1244,1788891698.9154377,1788891698.9154377,1067,1.69547700881958,9.96328067779541,-2.3561899662017822,2.3561899662017822,0.004363323096185923,0.05999999865889549,10.0,1244,0.0
1245,1788891698.9649808,1788891698.9649808,1068,1.6934319734573364,9.998553276062012,-2.3561899662017822,2.3561899662017822,0.004363323096185923,0.05999999865889549,10.0,1245,0.0
1246,1788891699.0165193,1788891699.0165193,1067,1.6913859844207764,9.945387840270996,-2.3561899662017822,2.3561899662017822,0.004363323096185923,0.05999999865889549,10.0,1246,0.0
1247,1788891699.0663836,1788891699.0663836,1068,1.6893409490585327,9.980321884155273,-2.3561899662017822,2.3561899662017822,0.004363323096185923,0.05999999865889549,10.0,1247,0.0
1248,1788891699.1173704,1788891699.1173704,1068,1.6862729787826538,9.945343017578125,-2.3561899662017822,2.3561899662017822,0.004363323096185923,0.05999999865889549,10.0,1248,0.0
1249,1788891699.189848,1788891699.189848,1069,1.6842279434204102,9.97994327545166,-2.3561899662017822,2.3561899662017822,0.004363323096185923,0.05999999865889549,10.0,1249,0.0
1250,1788891699.2409592,1788891699.2409592,1068,1.68218195438385,9.928260803222656,-2.3561899662017822,2.3561899662017822,0.004363323096185923,0.05999999865889549,10.0,1250,0.0
1251,1788891699.2910132,1788891699.2910132,1069,1.680137038230896,9.962617874145508,-2.3561899662017822,2.3561899662017822,0.004363323096185923,0.05999999865889549,10.0,1251,0.0
1252,1788891699.3425202,1788891699.3425202,1069,1.6766690015792847,9.95775318145752,-2.3561899662017822,2.3561899662017822,0.004363323096185923,0.05999999865889549,10.0,1252,0.0
1253,1788891699.3959527,1788891699.3959527,1069,1.6741149425506592,4.5701680183410645,-2.3561899662017822,2.3561899662017822,0.004363323096185923,0.05999999865889549,10.0,1253,0.0
1254,1788891699.4654315,1788891699.4654315,1070,1.6715270280838013,4.582499980926514,-2.3561899662017822,2.3561899662017822,0.004363323096185923,0.05999999865889549,10.0,1254,0.0
1255,1788891699.516348,1788891699.516348,1071,1.6689200401306152,4.595094203948975,-2.3561899662017822,2.3561899662017822,0.004363323096185923,0.05999999865889549,10.0,1255,0.0
1256,1788891699.5670388,1788891699.5670388,1072,1.6649529933929443,4.591725826263428,-2.3561899662017822,2.3561899662017822,0.004363323096185923,0.05999999865889549,10.0,1256,0.0
1257,1788891699.6405015,1788891699.6405015,1073,1.6622730493545532,4.604722023010254,-2.3561899662017822,2.3561899662017822,0.004363323096185923,0.05999999865889549,10.0,1257,0.0
1258,1788891699.6914778,1788891699.6914778,1074,1.6567529439926147,4.617984771728516,-2.3561899662017822,2.3561899662017822,0.004363323096185923,0.05999999865889549,10.0,1258,0.0
1259,1788891699.7426271,1788891699.7426271,1075,1.6474770307540894,4.632527828216553,-2.3561899662017822,2.3561899662017822,0.004363323096185923,0.05999999865889549,10.0,1259,0.0
1260,1788891699.8149126,1788891699.8149126,1076,1.6410880088806152,4.6484150886535645,-2.3561899662017822,2.3561899662017822,0.004363323096185923,0.05999999865889549,10.0,1260,0.0
1261,1788891699.865142,1788891699.865142,1077,1.634587049484253,4.662524223327637,-2.3561899662017822,2.3561899662017822,0.004363323096185923,0.05999999865889549,10.0,1261,0.0
1262,1788891699.9147713,1788891699.9147713,1078,1.628061056137085,4.676888942718506,-2.3561899662017822,2.3561899662017822,0.004363323096185923,0.05999999865889549,10.0,1262,0.0
1263,1788891699.9652169,1788891699.9652169,1079,1.6215059757232666,4.6915130615234375,-2.3561899662017822,2.3561899662017822,0.004363323096185923,0.05999999865889549,10.0,1263,0.0
1264,1788891700.0154989,1788891700.0154989,1080,1.6151310205459595,4.715763092041016,-2.3561899662017822,2.3561899662017822,0.004363323096185923,0.05999999865889549,10.0,1264,0.0
1265,1788891700.066145,1788891700.066145,1080,1.608989953994751,4.699326038360596,-2.3561899662017822,2.3561899662017822,0.004363323096185923,0.05999999865889549,10.0,1265,0.0
1266,1788891700.1168764,1788891700.1168764,1081,1.5997810363769531,4.724380970001221,-2.3561899662017822,2.3561899662017822,0.004363323096185923,0.05999999865889549,10.0,1266,0.0
1267,1788891700.1721928,1788891700.1721928,1081,1.5936399698257446,4.7077717781066895,-2.3561899662017822,2.3561899662017822,0.004363323096185923,0.05999999865889549,10.0,1267,0.0
1268,1788891700.2406383,1788891700.2406383,1081,1.5875020027160645,4.691168785095215,-2.3561899662017822,2.3561899662017822,0.004363323096185923,0.05999999865889549,10.0,1268,0.0
1269,1788891700.292044,1788891700.292044,1081,1.5782910585403442,4.666210174560547,-2.3561899662017822,2.3561899662017822,0.004363323096185923,0.05999999865889549,10.0,1269,0.0
1270,1788891700.3656015,1788891700.3656015,1081,1.5721509456634521,4.649571895599365,-2.3561899662017822,2.3561899662017822,0.004363323096185923,0.05999999865889549,10.0,1270,0.0
1271,1788891700.4156532,1788891700.4156532,1081,1.5658700466156006,4.625874996185303,-2.3561899662017822,2.3561899662017822,0.004363323096185923,0.05999999865889549,10.0,1271,0.0
1272,1788891700.466637,1788891700.466637,1081,1.5592679977416992,4.591629981994629,-2.3561899662017822,2.3561899662017822,0.004363323096185923,0.05999999865889549,10.0,1272,0.0
1273,1788891700.5170064,1788891700.5170064,1081,1.5493220090866089,4.540987968444824,-2.3561899662017822,2.3561899662017822,0.004363323096185923,0.05999999865889549,10.0,1273,0.0
1274,1788891700.5904658,1788891700.5904658,1081,1.5426570177078247,4.507658004760742,-2.3561899662017822,2.3561899662017822,0.004363323096185923,0.05999999865889549,10.0,1274,0.0
1275,1788891700.6412742,1788891700.6412742,1081,1.5359699726104736,4.474638938903809,-2.3561899662017822,2.3561899662017822,0.004363323096185923,0.05999999865889549,10.0,1275,0.0
1276,1788891700.690866,1788891700.690866,1081,1.52925705909729,4.442019939422607,-2.3561899662017822,2.3561899662017822,0.004363323096185923,0.05999999865889549,10.0,1276,0.0
1277,1788891700.7419856,1788891700.7419856,1081,1.5191409587860107,4.393711090087891,-2.3561899662017822,2.3561899662017822,0.004363323096185923,0.05999999865889549,10.0,1277,0.0
1278,1788891700.8154917,1788891700.8154917,1081,1.5123679637908936,4.361907005310059,-2.3561899662017822,2.3561899662017822,0.004363323096185923,0.05999999865889549,10.0,1278,0.0
1279,1788891700.8672829,1788891700.8672829,1081,1.5021549463272095,4.314785003662109,-2.3561899662017822,2.3561899662017822,0.004363323096185923,0.05999999865889549,10.0,1279,0.0
1280,1788891700.9211462,1788891700.9211462,1081,1.4953219890594482,4.283792018890381,-2.3561899662017822,2.3561899662017822,0.004363323096185923,0.05999999865889549,10.0,1280,0.0
1281,1788891700.990582,1788891700.990582,1081,1.488839030265808,4.2673139572143555,-2.3561899662017822,2.3561899662017822,0.004363323096185923,0.05999999865889549,10.0,1281,0.0
1282,1788891701.0438092,1788891701.0438092,1081,1.4792230129241943,4.244519233703613,-2.3561899662017822,2.3561899662017822,0.004363323096185923,0.05999999865889549,10.0,1282,0.0
1283,1788891701.1149006,1788891701.1149006,1081,1.4728120565414429,4.229339122772217,-2.3561899662017822,2.3561899662017822,0.004363323096185923,0.05999999865889549,10.0,1283,0.0
1284,1788891701.167299,1788891701.167299,1081,1.4628119468688965,4.192561149597168,-2.3561899662017822,2.3561899662017822,0.004363323096185923,0.05999999865889549,10.0,1284,0.0
1285,1788891701.239939,1788891701.239939,1081,1.4536160230636597,4.162426948547363,-2.3561899662017822,2.3561899662017822,0.004363323096185923,0.05999999865889549,10.0,1285,0.0
1286,1788891701.29164,1788891701.29164,1081,1.4370460510253906,4.1178131103515625,-2.3561899662017822,2.3561899662017822,0.004363323096185923,0.05999999865889549,10.0,1286,0.0
1287,1788891701.3462205,1788891701.3462205,1081,1.4260239601135254,4.088466167449951,-2.3561899662017822,2.3561899662017822,0.004363323096185923,0.05999999865889549,10.0,1287,0.0
1288,1788891701.415614,1788891701.415614,1081,1.4150209426879883,4.059410095214844,-2.3561899662017822,2.3561899662017822,0.004363323096185923,0.05999999865889549,10.0,1288,0.0
1289,1788891701.4659564,1788891701.4659564,1081,1.4038909673690796,4.037720203399658,-2.3561899662017822,2.3561899662017822,0.004363323096185923,0.05999999865889549,10.0,1289,0.0
1290,1788891701.517242,1788891701.517242,1081,1.3897329568862915,4.040956020355225,-2.3561899662017822,2.3561899662017822,0.004363323096185923,0.05999999865889549,10.0,1290,0.0
1291,1788891701.5902305,1788891701.5902305,1081,1.3823570013046265,4.088119983673096,-2.3561899662017822,2.3561899662017822,0.004363323096185923,0.05999999865889549,10.0,1291,0.0
1292,1788891701.6401849,1788891701.6401849,1081,1.374511957168579,4.171473979949951,-2.3561899662017822,2.3561899662017822,0.004363323096185923,0.05999999865889549,10.0,1292,0.0
1293,1788891701.6929762,1788891701.6929762,1081,1.3624989986419678,4.315769195556641,-2.3561899662017822,2.3561899662017822,0.004363323096185923,0.05999999865889549,10.0,1293,0.0
1294,1788891701.7461395,1788891701.7461395,1081,1.3544410467147827,4.419045925140381,-2.3561899662017822,2.3561899662017822,0.004363323096185923,0.05999999865889549,10.0,1294,0.0
1295,1788891701.815087,1788891701.815087,1081,1.3461730480194092,4.547502040863037,-2.3561899662017822,2.3561899662017822,0.004363323096185923,0.05999999865889549,10.0,1295,0.0
1296,1788891701.8696604,1788891701.8696604,1081,1.3335249423980713,4.778212070465088,-2.3561899662017822,2.3561899662017822,0.004363323096185923,0.05999999865889549,10.0,1296,0.0
1297,1788891701.9403083,1788891701.9403083,1081,1.3250550031661987,4.948178768157959,-2.3561899662017822,2.3561899662017822,0.004363323096185923,0.05999999865889549,10.0,1297,0.0
1298,1788891701.9904895,1788891701.9904895,1081,1.3165520429611206,5.133113861083984,-2.3561899662017822,2.3561899662017822,0.004363323096185923,0.05999999865889549,10.0,1298,0.0
1299,1788891702.0403252,1788891702.0403252,1078,1.308019995689392,5.117280960083008,-2.3561899662017822,2.3561899662017822,0.004363323096185923,0.05999999865889549,10.0,1299,0.0
1300,1788891702.0907023,1788891702.0907023,1076,1.2994600534439087,9.988040924072266,-2.3561899662017822,2.3561899662017822,0.004363323096185923,0.05999999865889549,10.0,1300,0.0
1301,1788891702.1416636,1788891702.1416636,1076,1.286566972732544,9.96662712097168,-2.3561899662017822,2.3561899662017822,0.004363323096185923,0.05999999865889549,10.0,1301,0.0
1302,1788891702.195754,1788891702.195754,1076,1.2779409885406494,9.975488662719727,-2.3561899662017822,2.3561899662017822,0.004363323096185923,0.05999999865889549,10.0,1302,0.0
1303,1788891702.2652557,1788891702.2652557,1077,1.269292950630188,9.984292030334473,-2.3561899662017822,2.3561899662017822,0.004363323096185923,0.05999999865889549,10.0,1303,0.0
1304,1788891702.3160207,1788891702.3160207,1077,1.2606250047683716,9.993020057678223,-2.3561899662017822,2.3561899662017822,0.004363323096185923,0.05999999865889549,10.0,1304,0.0
1305,1788891702.366056,1788891702.366056,1076,1.2519359588623047,9.932924270629883,-2.3561899662017822,2.3561899662017822,0.004363323096185923,0.05999999865889549,10.0,1305,0.0
1306,1788891702.4163592,1788891702.4163592,1076,1.2432310581207275,9.941449165344238,-2.3561899662017822,2.3561899662017822,0.004363323096185923,0.05999999865889549,10.0,1306,0.0
1307,1788891702.4673638,1788891702.4673638,1077,1.2301419973373413,9.988387107849121,-2.3561899662017822,2.3561899662017822,0.004363323096185923,0.05999999865889549,10.0,1307,0.0
1308,1788891702.521142,1788891702.521142,1078,1.2213979959487915,9.996725082397461,-2.3561899662017822,2.3561899662017822,0.004363323096185923,0.05999999865889549,10.0,1308,0.0
1309,1788891702.590378,1788891702.590378,1077,1.212643027305603,9.936861038208008,-2.3561899662017822,2.3561899662017822,0.004363323096185923,0.05999999865889549,10.0,1309,0.0
1310,1788891702.6417215,1788891702.6417215,1078,1.199489951133728,9.983091354370117,-2.3561899662017822,2.3561899662017822,0.004363323096185923,0.05999999865889549,10.0,1310,0.0
1311,1788891702.696754,1788891702.696754,1078,1.1907110214233398,9.991175651550293,-2.3561899662017822,2.3561899662017822,0.004363323096185923,0.05999999865889549,10.0,1311,0.0
1312,1788891702.7649753,1788891702.7649753,1078,1.1819250583648682,9.999147415161133,-2.3561899662017822,2.3561899662017822,0.004363323096185923,0.05999999865889549,10.0,1312,0.0
1313,1788891702.8152208,1788891702.8152208,1078,1.1731369495391846,9.939482688903809,-2.3561899662017822,2.3561899662017822,0.004363323096185923,0.05999999865889549,10.0,1313,0.0
1314,1788891702.8651502,1788891702.8651502,1078,1.164342999458313,9.947283744812012,-2.3561899662017822,2.3561899662017822,0.004363323096185923,0.05999999865889549,10.0,1314,0.0
1315,1788891702.9151776,1788891702.9151776,1078,1.1555490493774414,9.95497989654541,-2.3561899662017822,2.3561899662017822,0.004363323096185923,0.05999999865889549,10.0,1315,0.0
1316,1788891702.9651759,1788891702.9651759,1078,1.1467540264129639,9.962591171264648,-2.3561899662017822,2.3561899662017822,0.004363323096185923,0.05999999865889549,10.0,1316,0.0
1317,1788891703.0171833,1788891703.0171833,1078,1.1335639953613281,9.940492630004883,-2.3561899662017822,2.3561899662017822,0.004363323096185923,0.05999999865889549,10.0,1317,0.0
1318,1788891703.0900397,1788891703.0900397,1079,1.1247789859771729,9.947820663452148,-2.3561899662017822,2.3561899662017822,0.004363323096185923,0.05999999865889549,10.0,1318,0.0
1319,1788891703.1401258,1788891703.1401258,1079,1.1159980297088623,9.95505428314209,-2.3561899662017822,2.3561899662017822,0.004363323096185923,0.05999999865889549,10.0,1319,0.0
1320,1788891703.191222,1788891703.191222,1079,1.1072219610214233,9.962177276611328,-2.3561899662017822,2.3561899662017822,0.004363323096185923,0.05999999865889549,10.0,1320,0.0
1321,1788891703.2415552,1788891703.2415552,1080,1.0984560251235962,9.969212532043457,-2.3561899662017822,2.3561899662017822,0.004363323096185923,0.05999999865889549,10.0,1321,0.0
1322,1788891703.2904136,1788891703.2904136,1080,1.0896999835968018,9.976044654846191,-2.3561899662017822,2.3561899662017822,0.004363323096185923,0.05999999865889549,10.0,1322,0.0
1323,1788891703.3407679,1788891703.3407679,1080,1.080957055091858,9.982773780822754,-2.3561899662017822,2.3561899662017822,0.004363323096185923,0.05999999865889549,10.0,1323,0.0
1324,1788891703.3907716,1788891703.3907716,1080,1.072227954864502,9.989419937133789,-2.3561899662017822,2.3561899662017822,0.004363323096185923,0.05999999865889549,10.0,1324,0.0
1325,1788891703.4432998,1788891703.4432998,1080,1.0591659545898438,9.9661865234375,-2.3561899662017822,2.3561899662017822,0.004363323096185923,0.05999999865889549,10.0,1325,0.0
1326,1788891703.515726,1788891703.515726,1081,1.0504800081253052,9.972521781921387,-2.3561899662017822,2.3561899662017822,0.004363323096185923,0.05999999865889549,10.0,1326,0.0
1327,1788891703.5650918,1788891703.5650918,1081,1.0418109893798828,9.978705406188965,-2.3561899662017822,2.3561899662017822,0.004363323096185923,0.05999999865889549,10.0,1327,0.0
1328,1788891703.6150796,1788891703.6150796,1081,1.0331629514694214,9.984766006469727,-2.3561899662017822,2.3561899662017822,0.004363323096185923,0.05999999865889549,10.0,1328,0.0
1329,1788891703.6654944,1788891703.6654944,1081,1.0245369672775269,9.990718841552734,-2.3561899662017822,2.3561899662017822,0.004363323096185923,0.05999999865889549,10.0,1329,0.0
1330,1788891703.7152781,1788891703.7152781,1081,1.0162290334701538,9.938982009887695,-2.3561899662017822,2.3561899662017822,0.004363323096185923,0.05999999865889549,10.0,1330,0.0
1331,1788891703.7651749,1788891703.7651749,1081,1.0087820291519165,9.969988822937012,-2.3561899662017822,2.3561899662017822,0.004363323096185923,0.05999999865889549,10.0,1331,0.0
1332,1788891703.8170655,1788891703.8170655,1081,0.9978032112121582,9.921825408935547,-2.3561899662017822,2.3561899662017822,0.004363323096185923,0.05999999865889549,10.0,1332,0.0
1333,1788891703.8709848,1788891703.8709848,1081,0.990513801574707,9.89011287689209,-2.3561899662017822,2.3561899662017822,0.004363323096185923,0.05999999865889549,10.0,1333,0.0
1334,1788891703.9400914,1788891703.9400914,1081,0.9832442998886108,9.92206859588623,-2.3561899662017822,2.3561899662017822,0.004363323096185923,0.05999999865889549,10.0,1334,0.0
1335,1788891703.9907587,1788891703.9907587,1081,0.97599858045578,9.890259742736816,-2.3561899662017822,2.3561899662017822,0.004363323096185923,0.05999999865889549,10.0,1335,0.0
1336,1788891704.0651457,1788891704.0651457,1081,0.9651712775230408,9.842488288879395,-2.3561899662017822,2.3561899662017822,0.004363323096185923,0.05999999865889549,10.0,1336,0.0
1337,1788891704.117072,1788891704.117072,1081,0.9544003009796143,9.858386993408203,-2.3561899662017822,2.3561899662017822,0.004363323096185923,0.05999999865889549,10.0,1337,0.0
1338,1788891704.1901422,1788891704.1901422,1081,0.9472525715827942,9.82507610321045,-2.3561899662017822,2.3561899662017822,0.004363323096185923,0.05999999865889549,10.0,1338,0.0
1339,1788891704.2403247,1788891704.2403247,1081,0.9401323199272156,9.857638359069824,-2.3561899662017822,2.3561899662017822,0.004363323096185923,0.05999999865889549,10.0,1339,0.0
1340,1788891704.2899904,1788891704.2899904,1081,0.9330400228500366,9.8243989944458,-2.3561899662017822,2.3561899662017822,0.004363323096185923,0.05999999865889549,10.0,1340,0.0
1341,1788891704.3412876,1788891704.3412876,1081,0.9259805083274841,9.790048599243164,-2.3561899662017822,2.3561899662017822,0.004363323096185923,0.05999999865889549,10.0,1341,0.0
1342,1788891704.392238,1788891704.392238,1081,0.9154422879219055,9.806077003479004,-2.3561899662017822,2.3561899662017822,0.004363323096185923,0.05999999865889549,10.0,1342,0.0
1343,1788891704.4470575,1788891704.4470575,1081,0.9084615111351013,9.771754264831543,-2.3561899662017822,2.3561899662017822,0.004363323096185923,0.05999999865889549,10.0,1343,0.0
1344,1788891704.514851,1788891704.514851,1081,0.901512622833252,9.737710952758789,-2.3561899662017822,2.3561899662017822,0.004363323096185923,0.05999999865889549,10.0,1344,0.0
1345,1788891704.5661192,1788891704.5661192,1081,0.8945937752723694,9.770085334777832,-2.3561899662017822,2.3561899662017822,0.004363323096185923,0.05999999865889549,10.0,1345,0.0
1346,1788891704.6205173,1788891704.6205173,1081,0.8842840790748596,9.718952178955078,-2.3561899662017822,2.3561899662017822,0.004363323096185923,0.05999999865889549,10.0,1346,0.0
1347,1788891704.6905134,1788891704.6905134,1081,0.8774555921554565,9.75082015991211,-2.3561899662017822,2.3561899662017822,0.004363323096185923,0.05999999865889549,10.0,1347,0.0
1348,1788891704.7423646,1788891704.7423646,1081,0.8672810792922974,9.699699401855469,-2.3561899662017822,2.3561899662017822,0.004363323096185923,0.05999999865889549,10.0,1348,0.0
1349,1788891704.7962606,1788891704.7962606,1081,0.8605567216873169,9.665949821472168,-2.3561899662017822,2.3561899662017822,0.004363323096185923,0.05999999865889549,10.0,1349,0.0
1350,1788891704.864942,1788891704.864942,1081,0.8538659811019897,9.696891784667969,-2.3561899662017822,2.3561899662017822,0.004363323096185923,0.05999999865889549,10.0,1350,0.0
1351,1788891704.91536,1788891704.91536,1081,0.8472139239311218,9.663013458251953,-2.3561899662017822,2.3561899662017822,0.004363323096185923,0.05999999865889549,10.0,1351,0.0
1352,1788891704.9656065,1788891704.9656065,1081,0.8406093716621399,9.629372596740723,-2.3561899662017822,2.3561899662017822,0.004363323096185923,0.05999999865889549,10.0,1352,0.0
1353,1788891705.0171418,1788891705.0171418,1081,0.8307756185531616,9.642699241638184,-2.3561899662017822,2.3561899662017822,0.004363323096185923,0.05999999865889549,10.0,1353,0.0
1354,1788891705.0715454,1788891705.0715454,1081,0.8242706060409546,9.609074592590332,-2.3561899662017822,2.3561899662017822,0.004363323096185923,0.05999999865889549,10.0,1354,0.0
1355,1788891705.140602,1788891705.140602,1081,0.8178132772445679,9.638776779174805,-2.3561899662017822,2.3561899662017822,0.004363323096185923,0.05999999865889549,10.0,1355,0.0
1356,1788891705.1923954,1788891705.1923954,1081,0.8082137703895569,9.588234901428223,-2.3561899662017822,2.3561899662017822,0.004363323096185923,0.05999999865889549,10.0,1356,0.0
1357,1788891705.2653148,1788891705.2653148,1081,0.8018754124641418,9.617403030395508,-2.3561899662017822,2.3561899662017822,0.004363323096185923,0.05999999865889549,10.0,1357,0.0
1358,1788891705.316236,1788891705.316236,1081,0.7955815196037292,9.583638191223145,-2.3561899662017822,2.3561899662017822,0.004363323096185923,0.05999999865889549,10.0,1358,0.0
1359,1788891705.3667758,1788891705.3667758,1081,0.7862311005592346,9.533417701721191,-2.3561899662017822,2.3561899662017822,0.004363323096185923,0.05999999865889549,10.0,1359,0.0
1360,1788891705.440425,1788891705.440425,1081,0.7800607085227966,9.56166934967041,-2.3561899662017822,2.3561899662017822,0.004363323096185923,0.05999999865889549,10.0,1360,0.0
1361,1788891705.4902236,1788891705.4902236,1081,0.7739437222480774,9.528117179870605,-2.3561899662017822,2.3561899662017822,0.004363323096185923,0.05999999865889549,10.0,1361,0.0
1362,1788891705.5403972,1788891705.5403972,1081,0.7678719758987427,9.494805335998535,-2.3561899662017822,2.3561899662017822,0.004363323096185923,0.05999999865889549,10.0,1362,0.0
1363,1788891705.5911343,1788891705.5911343,1081,0.7618566751480103,9.522335052490234,-2.3561899662017822,2.3561899662017822,0.004363323096185923,0.05999999865889549,10.0,1363,0.0
1364,1788891705.6414,1788891705.6414,1081,0.755892276763916,9.488879203796387,-2.3561899662017822,2.3561899662017822,0.004363323096185923,0.05999999865889549,10.0,1364,0.0
1365,1788891705.692962,1788891705.692962,1081,0.7470502853393555,9.499229431152344,-2.3561899662017822,2.3561899662017822,0.004363323096185923,0.05999999865889549,10.0,1365,0.0
1366,1788891705.765345,1788891705.765345,1081,0.7412214875221252,9.46574592590332,-2.3561899662017822,2.3561899662017822,0.004363323096185923,0.05999999865889549,10.0,1366,0.0
1367,1788891705.816467,1788891705.816467,1081,0.7354496121406555,9.432476997375488,-2.3561899662017822,2.3561899662017822,0.004363323096185923,0.05999999865889549,10.0,1367,0.0
1368,1788891705.8675761,1788891705.8675761,1081,0.7268986105918884,9.44201946258545,-2.3561899662017822,2.3561899662017822,0.004363323096185923,0.05999999865889549,10.0,1368,0.0
1369,1788891705.9400744,1788891705.9400744,1081,0.7212697267532349,9.408720016479492,-2.3561899662017822,2.3561899662017822,0.004363323096185923,0.05999999865889549,10.0,1369,0.0
1370,1788891705.990063,1788891705.990063,1081,0.7156990766525269,9.434455871582031,-2.3561899662017822,2.3561899662017822,0.004363323096185923,0.05999999865889549,10.0,1370,0.0
1371,1788891706.040853,1788891706.040853,1081,0.710188627243042,9.401006698608398,-2.3561899662017822,2.3561899662017822,0.004363323096185923,0.05999999865889549,10.0,1371,0.0
1372,1788891706.0922632,1788891706.0922632,1081,0.7020341753959656,9.40956974029541,-2.3561899662017822,2.3561899662017822,0.004363323096185923,0.05999999865889549,10.0,1372,0.0
1373,1788891706.1656253,1788891706.1656253,1081,0.696673572063446,9.376081466674805,-2.3561899662017822,2.3561899662017822,0.004363323096185923,0.05999999865889549,10.0,1373,0.0
1374,1788891706.2168367,1788891706.2168367,1081,0.6887515187263489,9.384071350097656,-2.3561899662017822,2.3561899662017822,0.004363323096185923,0.05999999865889549,10.0,1374,0.0
1375,1788891706.271262,1788891706.271262,1081,0.683546781539917,9.35061264038086,-2.3561899662017822,2.3561899662017822,0.004363323096185923,0.05999999865889549,10.0,1375,0.0
1376,1788891706.3400452,1788891706.3400452,1081,0.6784067749977112,9.322582244873047,-2.3561899662017822,2.3561899662017822,0.004363323096185923,0.05999999865889549,10.0,1376,0.0
1377,1788891706.391421,1788891706.391421,1081,0.6733304858207703,9.34138011932373,-2.3561899662017822,2.3561899662017822,0.004363323096185923,0.05999999865889549,10.0,1377,0.0
1378,1788891706.4430685,1788891706.4430685,1081,0.6658400297164917,9.299153327941895,-2.3561899662017822,2.3561899662017822,0.004363323096185923,0.05999999865889549,10.0,1378,0.0
1379,1788891706.496589,1788891706.496589,1081,0.6609265208244324,9.317486763000488,-2.3561899662017822,2.3561899662017822,0.004363323096185923,0.05999999865889549,10.0,1379,0.0
1380,1788891706.5658035,1788891706.5658035,1081,0.656080424785614,9.289223670959473,-2.3561899662017822,2.3561899662017822,0.004363323096185923,0.05999999865889549,10.0,1380,0.0
1381,1788891706.616663,1788891706.616663,1081,0.6513007283210754,9.261099815368652,-2.3561899662017822,2.3561899662017822,0.004363323096185923,0.05999999865889549,10.0,1381,0.0
1382,1788891706.6673312,1788891706.6673312,1081,0.6442605257034302,9.264671325683594,-2.3561899662017822,2.3561899662017822,0.004363323096185923,0.05999999865889549,10.0,1382,0.0
1383,1788891706.7209616,1788891706.7209616,1081,0.639651894569397,9.236473083496094,-2.3561899662017822,2.3561899662017822,0.004363323096185923,0.05999999865889549,10.0,1383,0.0
1384,1788891706.7898498,1788891706.7898498,1081,0.6351153254508972,9.253730773925781,-2.3561899662017822,2.3561899662017822,0.004363323096185923,0.05999999865889549,10.0,1384,0.0
1385,1788891706.8410246,1788891706.8410246,1081,0.6306462287902832,9.22537612915039,-2.3561899662017822,2.3561899662017822,0.004363323096185923,0.05999999865889549,10.0,1385,0.0
1386,1788891706.892059,1788891706.892059,1081,0.6240766048431396,9.228050231933594,-2.3561899662017822,2.3561899662017822,0.004363323096185923,0.05999999865889549,10.0,1386,0.0
1387,1788891706.9462206,1788891706.9462206,1081,0.61978679895401,9.199625968933105,-2.3561899662017822,2.3561899662017822,0.004363323096185923,0.05999999865889549,10.0,1387,0.0
1388,1788891707.015209,1788891707.015209,1081,0.6155697107315063,9.216093063354492,-2.3561899662017822,2.3561899662017822,0.004363323096185923,0.05999999865889549,10.0,1388,0.0
1389,1788891707.065499,1788891707.065499,1081,0.6114233136177063,9.187521934509277,-2.3561899662017822,2.3561899662017822,0.004363323096185923,0.05999999865889549,10.0,1389,0.0
1390,1788891707.115928,1788891707.115928,1081,0.6073511838912964,9.159071922302246,-2.3561899662017822,2.3561899662017822,0.004363323096185923,0.05999999865889549,10.0,1390,0.0
1391,1788891707.1670756,1788891707.1670756,1081,0.6013801097869873,9.160650253295898,-2.3561899662017822,2.3561899662017822,0.004363323096185923,0.05999999865889549,10.0,1391,0.0
1392,1788891707.22149,1788891707.22149,1081,0.5974944233894348,9.132129669189453,-2.3561899662017822,2.3561899662017822,0.004363323096185923,0.05999999865889549,10.0,1392,0.0
1393,1788891707.2898607,1788891707.2898607,1081,0.593681275844574,9.147557258605957,-2.3561899662017822,2.3561899662017822,0.004363323096185923,0.05999999865889549,10.0,1393,0.0
1394,1788891707.3403351,1788891707.3403351,1081,0.5899462103843689,9.118901252746582,-2.3561899662017822,2.3561899662017822,0.004363323096185923,0.05999999865889549,10.0,1394,0.0
1395,1788891707.3904383,1788891707.3904383,1081,0.5862879157066345,9.133993148803711,-2.3561899662017822,2.3561899662017822,0.004363323096185923,0.05999999865889549,10.0,1395,0.0
1396,1788891707.4454682,1788891707.4454682,1081,0.5809429287910461,9.090842247009277,-2.3561899662017822,2.3561899662017822,0.004363323096185923,0.05999999865889549,10.0,1396,0.0
1397,1788891707.4958832,1788891707.4958832,1081,0.5774747133255005,9.10549259185791,-2.3561899662017822,2.3561899662017822,0.004363323096185923,0.05999999865889549,10.0,1397,0.0
1398,1788891707.5652158,1788891707.5652158,1081,0.5740857124328613,9.07660961151123,-2.3561899662017822,2.3561899662017822,0.004363323096185923,0.05999999865889549,10.0,1398,0.0
1399,1788891707.6153173,1788891707.6153173,1081,0.5707803964614868,9.090927124023438,-2.3561899662017822,2.3561899662017822,0.004363323096185923,0.05999999865889549,10.0,1399,0.0
1400,1788891707.666247,1788891707.666247,1081,0.5675469040870667,9.061921119689941,-2.3561899662017822,2.3561899662017822,0.004363323096185923,0.05999999865889549,10.0,1400,0.0
1401,1788891707.7153604,1788891707.7153604,1081,0.5643938779830933,9.03305435180664,-2.3561899662017822,2.3561899662017822,0.004363323096185923,0.05999999865889549,10.0,1401,0.0
1402,1788891707.7664163,1788891707.7664163,1081,0.5613210797309875,9.046794891357422,-2.3561899662017822,2.3561899662017822,0.004363323096185923,0.05999999865889549,10.0,1402,0.0
1403,1788891707.8170552,1788891707.8170552,1081,0.5568606853485107,9.045836448669434,-2.3561899662017822,2.3561899662017822,0.004363323096185923,0.05999999865889549,10.0,1403,0.0
1404,1788891707.8710554,1788891707.8710554,1081,0.553988516330719,9.016646385192871,-2.3561899662017822,2.3561899662017822,0.004363323096185923,0.05999999865889549,10.0,1404,0.0
1405,1788891707.9398491,1788891707.9398491,1081,0.5511959791183472,8.987574577331543,-2.3561899662017822,2.3561899662017822,0.004363323096185923,0.05999999865889549,10.0,1405,0.0
1406,1788891707.9922662,1788891707.9922662,1081,0.5471599102020264,8.98595142364502,-2.3561899662017822,2.3561899662017822,0.004363323096185923,0.05999999865889549,10.0,1406,0.0
1407,1788891708.0475411,1788891708.0475411,1081,0.5445709824562073,8.998730659484863,-2.3561899662017822,2.3561899662017822,0.004363323096185923,0.05999999865889549,10.0,1407,0.0
1408,1788891708.1152325,1788891708.1152325,1081,0.5420662760734558,8.969327926635742,-2.3561899662017822,2.3561899662017822,0.004363323096185923,0.05999999865889549,10.0,1408,0.0
1409,1788891708.166691,1788891708.166691,1081,0.5384641885757446,8.967012405395508,-2.3561899662017822,2.3561899662017822,0.004363323096185923,0.05999999865889549,10.0,1409,0.0
1410,1788891708.2399895,1788891708.2399895,1081,0.5361660718917847,8.937599182128906,-2.3561899662017822,2.3561899662017822,0.004363323096185923,0.05999999865889549,10.0,1410,0.0
1411,1788891708.291183,1788891708.291183,1081,0.5339512228965759,8.949616432189941,-2.3561899662017822,2.3561899662017822,0.004363323096185923,0.05999999865889549,10.0,1411,0.0
1412,1788891708.343113,1788891708.343113,1081,0.5307853817939758,8.905346870422363,-2.3561899662017822,2.3561899662017822,0.004363323096185923,0.05999999865889549,10.0,1412,0.0
1413,1788891708.4148169,1788891708.4148169,1081,0.5287796854972839,8.916938781738281,-2.3561899662017822,2.3561899662017822,0.004363323096185923,0.05999999865889549,10.0,1413,0.0
1414,1788891708.4659474,1788891708.4659474,1081,0.526859700679779,8.887328147888184,-2.3561899662017822,2.3561899662017822,0.004363323096185923,0.05999999865889549,10.0,1414,0.0
1415,1788891708.517256,1788891708.517256,1081,0.5233991146087646,8.883742332458496,-2.3561899662017822,2.3561899662017822,0.004363323096185923,0.05999999865889549,10.0,1415,0.0
1416,1788891708.5901113,1788891708.5901113,1081,0.5205370187759399,8.894844055175781,-2.3561899662017822,2.3561899662017822,0.004363323096185923,0.05999999865889549,10.0,1416,0.0
1417,1788891708.6401403,1788891708.6401403,1081,0.5177540183067322,8.864936828613281,-2.3561899662017822,2.3561899662017822,0.004363323096185923,0.05999999865889549,10.0,1417,0.0
1418,1788891708.691408,1788891708.691408,1081,0.5150535702705383,8.875713348388672,-2.3561899662017822,2.3561899662017822,0.004363323096185923,0.05999999865889549,10.0,1418,0.0
1419,1788891708.7424486,1788891708.7424486,1081,0.5111551284790039,8.830768585205078,-2.3561899662017822,2.3561899662017822,0.004363323096185923,0.05999999865889549,10.0,1419,0.0
1420,1788891708.7976696,1788891708.7976696,1081,0.508660078048706,8.841135025024414,-2.3561899662017822,2.3561899662017822,0.004363323096185923,0.05999999865889549,10.0,1420,0.0
1421,1788891708.865365,1788891708.865365,1081,0.5062475204467773,8.811115264892578,-2.3561899662017822,2.3561899662017822,0.004363323096185923,0.05999999865889549,10.0,1421,0.0
1422,1788891708.9151871,1788891708.9151871,1081,0.5039172172546387,8.821174621582031,-2.3561899662017822,2.3561899662017822,0.004363323096185923,0.05999999865889549,10.0,1422,0.0
1423,1788891708.968726,1788891708.968726,1081,0.500580906867981,8.815956115722656,-2.3561899662017822,2.3561899662017822,0.004363323096185923,0.05999999865889549,10.0,1423,0.0
1424,1788891709.0403285,1788891709.0403285,1081,0.4984596073627472,8.78565502166748,-2.3561899662017822,2.3561899662017822,0.004363323096185923,0.05999999865889549,10.0,1424,0.0
1425,1788891709.0932488,1788891709.0932488,1081,0.49543678760528564,8.779999732971191,-2.3561899662017822,2.3561899662017822,0.004363323096185923,0.05999999865889549,10.0,1425,0.0
1426,1788891709.1469674,1788891709.1469674,1081,0.4935261011123657,8.749692916870117,-2.3561899662017822,2.3561899662017822,0.004363323096185923,0.05999999865889549,10.0,1426,0.0
1427,1788891709.2149734,1788891709.2149734,1081,0.49170130491256714,8.75885009765625,-2.3561899662017822,2.3561899662017822,0.004363323096185923,0.05999999865889549,10.0,1427,0.0
1428,1788891709.2692325,1788891709.2692325,1081,0.4891231060028076,8.752615928649902,-2.3561899662017822,2.3561899662017822,0.004363323096185923,0.05999999865889549,10.0,1428,0.0
1429,1788891709.3401163,1788891709.3401163,1081,0.48751100897789,8.722049713134766,-2.3561899662017822,2.3561899662017822,0.004363323096185923,0.05999999865889549,10.0,1429,0.0
1430,1788891709.3902812,1788891709.3902812,1081,0.48598378896713257,8.730737686157227,-2.3561899662017822,2.3561899662017822,0.004363323096185923,0.05999999865889549,10.0,1430,0.0
1431,1788891709.4403813,1788891709.4403813,1081,0.4845423996448517,8.700089454650879,-2.3561899662017822,2.3561899662017822,0.004363323096185923,0.05999999865889549,10.0,1431,0.0
1432,1788891709.4934275,1788891709.4934275,1081,0.48254090547561646,8.693095207214355,-2.3561899662017822,2.3561899662017822,0.004363323096185923,0.05999999865889549,10.0,1432,0.0
1433,1788891709.5469034,1788891709.5469034,1081,0.48131391406059265,8.701324462890625,-2.3561899662017822,2.3561899662017822,0.004363323096185923,0.05999999865889549,10.0,1433,0.0
1434,1788891709.6155026,1788891709.6155026,1081,0.4801703095436096,8.670453071594238,-2.3561899662017822,2.3561899662017822,0.004363323096185923,0.05999999865889549,10.0,1434,0.0
1435,1788891709.6652994,1788891709.6652994,1081,0.47912898659706116,8.678366661071777,-2.3561899662017822,2.3561899662017822,0.004363323096185923,0.05999999865889549,10.0,1435,0.0
1436,1788891709.7147224,1788891709.7147224,1081,0.4781618118286133,8.686246871948242,-2.3561899662017822,2.3561899662017822,0.004363323096185923,0.05999999865889549,10.0,1436,0.0
1437,1788891709.7651794,1788891709.7651794,1081,0.47728270292282104,8.65505313873291,-2.3561899662017822,2.3561899662017822,0.004363323096185923,0.05999999865889549,10.0,1437,0.0
1438,1788891709.8170154,1788891709.8170154,1081,0.47612619400024414,8.647018432617188,-2.3561899662017822,2.3561899662017822,0.004363323096185923,0.05999999865889549,10.0,1438,0.0
1439,1788891709.8904653,1788891709.8904653,1081,0.47546470165252686,8.654431343078613,-2.3561899662017822,2.3561899662017822,0.004363323096185923,0.05999999865889549,10.0,1439,0.0
1440,1788891709.941968,1788891709.941968,1081,0.47463399171829224,8.607439041137695,-2.3561899662017822,2.3561899662017822,0.004363323096185923,0.05999999865889549,10.0,1440,0.0
1441,1788891710.0152197,1788891710.0152197,1081,0.47418808937072754,8.614469528198242,-2.3561899662017822,2.3561899662017822,0.004363323096185923,0.05999999865889549,10.0,1441,0.0
1442,1788891710.0654676,1788891710.0654676,1081,0.4738300144672394,8.621413230895996,-2.3561899662017822,2.3561899662017822,0.004363323096185923,0.05999999865889549,10.0,1442,0.0
1443,1788891710.1169636,1788891710.1169636,1081,0.47345679998397827,8.612456321716309,-2.3561899662017822,2.3561899662017822,0.004363323096185923,0.05999999865889549,10.0,1443,0.0
1444,1788891710.1715212,1788891710.1715212,1081,0.4733180105686188,8.580780029296875,-2.3561899662017822,2.3561899662017822,0.004363323096185923,0.05999999865889549,10.0,1444,0.0
1445,1788891710.2401702,1788891710.2401702,1081,0.4732658863067627,8.587345123291016,-2.3561899662017822,2.3561899662017822,0.004363323096185923,0.05999999865889549,10.0,1445,0.0
1446,1788891710.290227,1788891710.290227,1081,0.47330090403556824,8.555630683898926,-2.3561899662017822,2.3561899662017822,0.004363323096185923,0.05999999865889549,10.0,1446,0.0
1447,1788891710.3399165,1788891710.3399165,1081,0.47342368960380554,8.561920166015625,-2.3561899662017822,2.3561899662017822,0.004363323096185923,0.05999999865889549,10.0,1447,0.0
1448,1788891710.391818,1788891710.391818,1081,0.4737741947174072,8.552079200744629,-2.3561899662017822,2.3561899662017822,0.004363323096185923,0.05999999865889549,10.0,1448,0.0
1449,1788891710.4461966,1788891710.4461966,1081,0.4741148054599762,8.558160781860352,-2.3561899662017822,2.3561899662017822,0.004363323096185923,0.05999999865889549,10.0,1449,0.0
1450,1788891710.514861,1788891710.514861,1081,0.47454649209976196,8.526040077209473,-2.3561899662017822,2.3561899662017822,0.004363323096185923,0.05999999865889549,10.0,1450,0.0
1451,1788891710.5666869,1788891710.5666869,1081,0.4753563106060028,8.515679359436035,-2.3561899662017822,2.3561899662017822,0.004363323096185923,0.05999999865889549,10.0,1451,0.0
1452,1788891710.622101,1788891710.622101,1081,0.4760020971298218,8.521319389343262,-2.3561899662017822,2.3561899662017822,0.004363323096185923,0.05999999865889549,10.0,1452,0.0
1453,1788891710.6898763,1788891710.6898763,1081,0.47673508524894714,8.4890775680542,-2.3561899662017822,2.3561899662017822,0.004363323096185923,0.05999999865889549,10.0,1453,0.0
1454,1788891710.7408636,1788891710.7408636,1081,0.47755590081214905,8.494492530822754,-2.3561899662017822,2.3561899662017822,0.004363323096185923,0.05999999865889549,10.0,1454,0.0
1455,1788891710.791594,1788891710.791594,1081,0.4784637987613678,8.499856948852539,-2.3561899662017822,2.3561899662017822,0.004363323096185923,0.05999999865889549,10.0,1455,0.0
1456,1788891710.843281,1788891710.843281,1081,0.4799877107143402,8.48882007598877,-2.3561899662017822,2.3561899662017822,0.004363323096185923,0.05999999865889549,10.0,1456,0.0
1457,1788891710.915206,1788891710.915206,1081,0.4811114966869354,8.456282615661621,-2.3561899662017822,2.3561899662017822,0.004363323096185923,0.05999999865889549,10.0,1457,0.0
1458,1788891710.966275,1788891710.966275,1081,0.48232319951057434,8.461261749267578,-2.3561899662017822,2.3561899662017822,0.004363323096185923,0.05999999865889549,10.0,1458,0.0
1459,1788891711.0185397,1788891711.0185397,1081,0.4843001067638397,8.449790000915527,-2.3561899662017822,2.3561899662017822,0.004363323096185923,0.05999999865889549,10.0,1459,0.0
1460,1788891711.0900874,1788891711.0900874,1081,0.4857251048088074,8.454571723937988,-2.3561899662017822,2.3561899662017822,0.004363323096185923,0.05999999865889549,10.0,1460,0.0
1461,1788891711.143202,1788891711.143202,1081,0.4880279004573822,8.442779541015625,-2.3561899662017822,2.3561899662017822,0.004363323096185923,0.05999999865889549,10.0,1461,0.0
1462,1788891711.2151625,1788891711.2151625,1081,0.4896669089794159,8.447372436523438,-2.3561899662017822,2.3561899662017822,0.004363323096185923,0.05999999865889549,10.0,1462,0.0
1463,1788891711.2651253,1788891711.2651253,1081,0.49139198660850525,8.414273262023926,-2.3561899662017822,2.3561899662017822,0.004363323096185923,0.05999999865889549,10.0,1463,0.0
1464,1788891711.3163097,1788891711.3163097,1081,0.49319911003112793,8.41866683959961,-2.3561899662017822,2.3561899662017822,0.004363323096185923,0.05999999865889549,10.0,1464,0.0
1465,1788891711.3677456,1788891711.3677456,1081,0.49607178568840027,8.40630054473877,-2.3561899662017822,2.3561899662017822,0.004363323096185923,0.05999999865889549,10.0,1465,0.0
1466,1788891711.4219093,1788891711.4219093,1081,0.4980924129486084,8.410486221313477,-2.3561899662017822,2.3561899662017822,0.004363323096185923,0.05999999865889549,10.0,1466,0.0
1467,1788891711.490264,1788891711.490264,1081,0.5003945231437683,8.403310775756836,-2.3561899662017822,2.3561899662017822,0.004363323096185923,0.05999999865889549,10.0,1467,0.0
1468,1788891711.5425768,1788891711.5425768,1081,0.5042870044708252,8.401264190673828,-2.3561899662017822,2.3561899662017822,0.004363323096185923,0.05999999865889549,10.0,1468,0.0
1469,1788891711.6155348,1788891711.6155348,1081,0.5067862272262573,8.394769668579102,-2.3561899662017822,2.3561899662017822,0.004363323096185923,0.05999999865889549,10.0,1469,0.0
1470,1788891711.6672757,1788891711.6672757,1081,0.510699987411499,8.366181373596191,-2.3561899662017822,2.3561899662017822,0.004363323096185923,0.05999999865889549,10.0,1470,0.0
1471,1788891711.720837,1788891711.720837,1081,0.5132017135620117,8.367276191711426,-2.3561899662017822,2.3561899662017822,0.004363323096185923,0.05999999865889549,10.0,1471,0.0
1472,1788891711.789906,1788891711.789906,1081,0.5157797932624817,8.368393898010254,-2.3561899662017822,2.3561899662017822,0.004363323096185923,0.05999999865889549,10.0,1472,0.0
1473,1788891711.842677,1788891711.842677,1081,0.5198336839675903,8.35109806060791,-2.3561899662017822,2.3561899662017822,0.004363323096185923,0.05999999865889549,10.0,1473,0.0
1474,1788891711.9153018,1788891711.9153018,1081,0.5224205255508423,8.322376251220703,-2.3561899662017822,2.3561899662017822,0.004363323096185923,0.05999999865889549,10.0,1474,0.0
1475,1788891711.9660413,1788891711.9660413,1081,0.5250738263130188,8.331154823303223,-2.3561899662017822,2.3561899662017822,0.004363323096185923,0.05999999865889549,10.0,1475,0.0
1476,1788891712.018247,1788891712.018247,1081,0.5292235016822815,8.325482368469238,-2.3561899662017822,2.3561899662017822,0.004363323096185923,0.05999999865889549,10.0,1476,0.0
1477,1788891712.0904307,1788891712.0904307,1081,0.5321056246757507,8.296672821044922,-2.3561899662017822,2.3561899662017822,0.004363323096185923,0.05999999865889549,10.0,1477,0.0
1478,1788891712.1411319,1788891712.1411319,1081,0.5349603891372681,8.309304237365723,-2.3561899662017822,2.3561899662017822,0.004363323096185923,0.05999999865889549,10.0,1478,0.0
1479,1788891712.1923902,1788891712.1923902,1081,0.5391898155212402,8.277782440185547,-2.3561899662017822,2.3561899662017822,0.004363323096185923,0.05999999865889549,10.0,1479,0.0
1480,1788891712.2649372,1788891712.2649372,1081,0.5415124893188477,8.29404354095459,-2.3561899662017822,2.3561899662017822,0.004363323096185923,0.05999999865889549,10.0,1480,0.0
1481,1788891712.3150325,1788891712.3150325,1081,0.5423848032951355,8.273614883422852,-2.3561899662017822,2.3561899662017822,0.004363323096185923,0.05999999865889549,10.0,1481,0.0
1482,1788891712.365445,1788891712.365445,1081,0.5432804822921753,8.286043167114258,-2.3561899662017822,2.3561899662017822,0.004363323096185923,0.05999999865889549,10.0,1482,0.0
1483,1788891712.4154255,1788891712.4154255,1081,0.5442928075790405,8.259942054748535,-2.3561899662017822,2.3561899662017822,0.004363323096185923,0.05999999865889549,10.0,1483,0.0
1484,1788891712.4661088,1788891712.4661088,1081,0.545407772064209,8.27123737335205,-2.3561899662017822,2.3561899662017822,0.004363323096185923,0.05999999865889549,10.0,1484,0.0
1485,1788891712.5173903,1788891712.5173903,1081,0.5469949245452881,8.2408447265625,-2.3561899662017822,2.3561899662017822,0.004363323096185923,0.05999999865889549,10.0,1485,0.0
1486,1788891712.5719218,1788891712.5719218,1081,0.5480489134788513,8.223626136779785,-2.3561899662017822,2.3561899662017822,0.004363323096185923,0.05999999865889549,10.0,1486,0.0
1487,1788891712.6405394,1788891712.6405394,1081,0.5491986870765686,8.2437744140625,-2.3561899662017822,2.3561899662017822,0.004363323096185923,0.05999999865889549,10.0,1487,0.0
1488,1788891712.6926334,1788891712.6926334,1081,0.5508903861045837,8.21969223022461,-2.3561899662017822,2.3561899662017822,0.004363323096185923,0.05999999865889549,10.0,1488,0.0
1489,1788891712.7654488,1788891712.7654488,1081,0.5520998239517212,8.20116138458252,-2.3561899662017822,2.3561899662017822,0.004363323096185923,0.05999999865889549,10.0,1489,0.0
1490,1788891712.8198383,1788891712.8198383,1081,0.5541179180145264,8.2103271484375,-2.3561899662017822,2.3561899662017822,0.004363323096185923,0.05999999865889549,10.0,1490,0.0
1491,1788891712.890124,1788891712.890124,1081,0.5555940270423889,8.191286087036133,-2.3561899662017822,2.3561899662017822,0.004363323096185923,0.05999999865889549,10.0,1491,0.0
1492,1788891712.9426284,1788891712.9426284,1081,0.5580059289932251,8.162603378295898,-2.3561899662017822,2.3561899662017822,0.004363323096185923,0.05999999865889549,10.0,1492,0.0
1493,1788891713.015294,1788891713.015294,1081,0.5594425797462463,8.190954208374023,-2.3561899662017822,2.3561899662017822,0.004363323096185923,0.05999999865889549,10.0,1493,0.0
1494,1788891713.0666475,1788891713.0666475,1081,0.5609341859817505,8.181817054748535,-2.3561899662017822,2.3561899662017822,0.004363323096185923,0.05999999865889549,10.0,1494,0.0
1495,1788891713.1188204,1788891713.1188204,1081,0.5633444786071777,8.167999267578125,-2.3561899662017822,2.3561899662017822,0.004363323096185923,0.05999999865889549,10.0,1495,0.0
1496,1788891713.171354,1788891713.171354,1081,0.565380871295929,8.152238845825195,-2.3561899662017822,2.3561899662017822,0.004363323096185923,0.05999999865889549,10.0,1496,0.0
1497,1788891713.239805,1788891713.239805,1081,0.5682927966117859,8.152555465698242,-2.3561899662017822,2.3561899662017822,0.004363323096185923,0.05999999865889549,10.0,1497,0.0
1498,1788891713.292552,1788891713.292552,1081,0.5726935863494873,8.14105224609375,-2.3561899662017822,2.3561899662017822,0.004363323096185923,0.05999999865889549,10.0,1498,0.0
1499,1788891713.3459582,1788891713.3459582,1081,0.575650691986084,8.148350715637207,-2.3561899662017822,2.3561899662017822,0.004363323096185923,0.05999999865889549,10.0,1499,0.0
1500,1788891713.4152932,1788891713.4152932,1081,0.5786936283111572,8.117624282836914,-2.3561899662017822,2.3561899662017822,0.004363323096185923,0.05999999865889549,10.0,1500,0.0
1501,1788891713.4652216,1788891713.4652216,1081,0.5818263292312622,8.124786376953125,-2.3561899662017822,2.3561899662017822,0.004363323096185923,0.05999999865889549,10.0,1501,0.0
1502,1788891713.5156598,1788891713.5156598,1081,0.5850461721420288,8.131982803344727,-2.3561899662017822,2.3561899662017822,0.004363323096185923,0.05999999865889549,10.0,1502,0.0
1503,1788891713.5672858,1788891713.5672858,1081,0.5897991061210632,8.131898880004883,-2.3561899662017822,2.3561899662017822,0.004363323096185923,0.05999999865889549,10.0,1503,0.0
1504,1788891713.6217923,1788891713.6217923,1081,0.5929775238037109,8.108857154846191,-2.3561899662017822,2.3561899662017822,0.004363323096185923,0.05999999865889549,10.0,1504,0.0
1505,1788891713.6906948,1788891713.6906948,1081,0.5962365865707397,8.124031066894531,-2.3561899662017822,2.3561899662017822,0.004363323096185923,0.05999999865889549,10.0,1505,0.0
1506,1788891713.742093,1788891713.742093,1081,0.6012784838676453,8.127617835998535,-2.3561899662017822,2.3561899662017822,0.004363323096185923,0.05999999865889549,10.0,1506,0.0
1507,1788891713.8157265,1788891713.8157265,1081,0.6047980785369873,8.103372573852539,-2.3561899662017822,2.3561899662017822,0.004363323096185923,0.05999999865889549,10.0,1507,0.0
1508,1788891713.8682756,1788891713.8682756,1081,0.6104813814163208,8.099252700805664,-2.3561899662017822,2.3561899662017822,0.004363323096185923,0.05999999865889549,10.0,1508,0.0
1509,1788891713.9405706,1788891713.9405706,1081,0.6144031882286072,8.109156608581543,-2.3561899662017822,2.3561899662017822,0.004363323096185923,0.05999999865889549,10.0,1509,0.0
1510,1788891713.9923785,1788891713.9923785,1081,0.6204602718353271,8.104679107666016,-2.3561899662017822,2.3561899662017822,0.004363323096185923,0.05999999865889549,10.0,1510,0.0
1511,1788891714.0493712,1788891714.0493712,1081,0.6246194839477539,8.114662170410156,-2.3561899662017822,2.3561899662017822,0.004363323096185923,0.05999999865889549,10.0,1511,0.0
1512,1788891714.1149004,1788891714.1149004,1081,0.6286557912826538,8.09343147277832,-2.3561899662017822,2.3561899662017822,0.004363323096185923,0.05999999865889549,10.0,1512,0.0
1513,1788891714.1672056,1788891714.1672056,1081,0.6347684264183044,8.102986335754395,-2.3561899662017822,2.3561899662017822,0.004363323096185923,0.05999999865889549,10.0,1513,0.0
1514,1788891714.2399158,1788891714.2399158,1081,0.6389524936676025,8.083075523376465,-2.3561899662017822,2.3561899662017822,0.004363323096185923,0.05999999865889549,10.0,1514,0.0
1515,1788891714.291589,1788891714.291589,1081,0.6432210803031921,8.102581024169922,-2.3561899662017822,2.3561899662017822,0.004363323096185923,0.05999999865889549,10.0,1515,0.0
1516,1788891714.3420198,1788891714.3420198,1081,0.6492410898208618,8.104415893554688,-2.3561899662017822,2.3561899662017822,0.004363323096185923,0.05999999865889549,10.0,1516,0.0
1517,1788891714.4156184,1788891714.4156184,1081,0.6522588133811951,8.081764221191406,-2.3561899662017822,2.3561899662017822,0.004363323096185923,0.05999999865889549,10.0,1517,0.0
1518,1788891714.4671843,1788891714.4671843,1081,0.6568391919136047,8.089077949523926,-2.3561899662017822,2.3561899662017822,0.004363323096185923,0.05999999865889549,10.0,1518,0.0
1519,1788891714.5217083,1788891714.5217083,1081,0.6599128246307373,8.06716537475586,-2.3561899662017822,2.3561899662017822,0.004363323096185923,0.05999999865889549,10.0,1519,0.0
1520,1788891714.590215,1788891714.590215,1081,0.6629869937896729,8.045241355895996,-2.3561899662017822,2.3561899662017822,0.004363323096185923,0.05999999865889549,10.0,1520,0.0
1521,1788891714.6416507,1788891714.6416507,1081,0.6658958196640015,8.029800415039062,-2.3561899662017822,2.3561899662017822,0.004363323096185923,0.05999999865889549,10.0,1521,0.0
1522,1788891714.6921494,1788891714.6921494,1081,0.6697552800178528,8.02061653137207,-2.3561899662017822,2.3561899662017822,0.004363323096185923,0.05999999865889549,10.0,1522,0.0
1523,1788891714.7649424,1788891714.7649424,1081,0.6722928881645203,8.014559745788574,-2.3561899662017822,2.3561899662017822,0.004363323096185923,0.05999999865889549,10.0,1523,0.0
1524,1788891714.814964,1788891714.814964,1081,0.6748021245002747,8.008500099182129,-2.3561899662017822,2.3561899662017822,0.004363323096185923,0.05999999865889549,10.0,1524,0.0
1525,1788891714.865298,1788891714.865298,1081,0.6772866249084473,8.002452850341797,-2.3561899662017822,2.3561899662017822,0.004363323096185923,0.05999999865889549,10.0,1525,0.0
1526,1788891714.9159148,1788891714.9159148,1081,0.679741621017456,7.998359203338623,-2.3561899662017822,2.3561899662017822,0.004363323096185923,0.05999999865889549,10.0,1526,0.0
1527,1788891714.96743,1788891714.96743,1081,0.6833770871162415,7.992566108703613,-2.3561899662017822,2.3561899662017822,0.004363323096185923,0.05999999865889549,10.0,1527,0.0
1528,1788891715.0211973,1788891715.0211973,1081,0.6857650876045227,7.9887871742248535,-2.3561899662017822,2.3561899662017822,0.004363323096185923,0.05999999865889549,10.0,1528,0.0
1529,1788891715.0900352,1788891715.0900352,1081,0.6881297826766968,7.985054016113281,-2.3561899662017822,2.3561899662017822,0.004363323096185923,0.05999999865889549,10.0,1529,0.0
1530,1788891715.140749,1788891715.140749,1081,0.690464198589325,7.981322765350342,-2.3561899662017822,2.3561899662017822,0.004363323096185923,0.05999999865889549,10.0,1530,0.0
1531,1788891715.1914747,1788891715.1914747,1081,0.6927711963653564,7.977688789367676,-2.3561899662017822,2.3561899662017822,0.004363323096185923,0.05999999865889549,10.0,1531,0.0
1532,1788891715.2419913,1788891715.2419913,1081,0.6961824893951416,7.972263813018799,-2.3561899662017822,2.3561899662017822,0.004363323096185923,0.05999999865889549,10.0,1532,0.0
1533,1788891715.2967663,1788891715.2967663,1081,0.6984208822250366,7.968637943267822,-2.3561899662017822,2.3561899662017822,0.004363323096185923,0.05999999865889549,10.0,1533,0.0
1534,1788891715.3652081,1788891715.3652081,1081,0.7006350755691528,7.965061187744141,-2.3561899662017822,2.3561899662017822,0.004363323096185923,0.05999999865889549,10.0,1534,0.0
1535,1788891715.4147298,1788891715.4147298,1081,0.7028198838233948,7.961520195007324,-2.3561899662017822,2.3561899662017822,0.004363323096185923,0.05999999865889549,10.0,1535,0.0
1536,1788891715.4655042,1788891715.4655042,1081,0.70497727394104,7.9580078125,-2.3561899662017822,2.3561899662017822,0.004363323096185923,0.05999999865889549,10.0,1536,0.0
1537,1788891715.515848,1788891715.515848,1081,0.707110583782196,7.954513072967529,-2.3561899662017822,2.3561899662017822,0.004363323096185923,0.05999999865889549,10.0,1537,0.0
1538,1788891715.5673134,1788891715.5673134,1081,0.7102550864219666,7.898077964782715,-2.3561899662017822,2.3561899662017822,0.004363323096185923,0.05999999865889549,10.0,1538,0.0
1539,1788891715.6209843,1788891715.6209843,1081,0.712318480014801,7.894557952880859,-2.3561899662017822,2.3561899662017822,0.004363323096185923,0.05999999865889549,10.0,1539,0.0
1540,1788891715.690474,1788891715.690474,1081,0.7143520712852478,7.891095161437988,-2.3561899662017822,2.3561899662017822,0.004363323096185923,0.05999999865889549,10.0,1540,0.0
1541,1788891715.7404487,1788891715.7404487,1081,0.7163609862327576,7.88765287399292,-2.3561899662017822,2.3561899662017822,0.004363323096185923,0.05999999865889549,10.0,1541,0.0
1542,1788891715.792341,1788891715.792341,1081,0.7193230986595154,7.882482051849365,-2.3561899662017822,2.3561899662017822,0.004363323096185923,0.05999999865889549,10.0,1542,0.0
1543,1788891715.8469841,1788891715.8469841,1081,0.7212632894515991,7.879055976867676,-2.3561899662017822,2.3561899662017822,0.004363323096185923,0.05999999865889549,10.0,1543,0.0
1544,1788891715.9157188,1788891715.9157188,1081,0.7231770753860474,7.875709056854248,-2.3561899662017822,2.3561899662017822,0.004363323096185923,0.05999999865889549,10.0,1544,0.0
1545,1788891715.9670362,1788891715.9670362,1081,0.7259935140609741,7.870777130126953,-2.3561899662017822,2.3561899662017822,0.004363323096185923,0.05999999865889549,10.0,1545,0.0
1546,1788891716.0212424,1788891716.0212424,1081,0.7278395295143127,7.867486000061035,-2.3561899662017822,2.3561899662017822,0.004363323096185923,0.05999999865889549,10.0,1546,0.0
1547,1788891716.0905704,1788891716.0905704,1081,0.72965407371521,7.86427116394043,-2.3561899662017822,2.3561899662017822,0.004363323096185923,0.05999999865889549,10.0,1547,0.0
1548,1788891716.1416676,1788891716.1416676,1081,0.7314454913139343,7.861032009124756,-2.3561899662017822,2.3561899662017822,0.004363323096185923,0.05999999865889549,10.0,1548,0.0
1549,1788891716.1909535,1788891716.1909535,1081,0.7332087755203247,7.85788106918335,-2.3561899662017822,2.3561899662017822,0.004363323096185923,0.05999999865889549,10.0,1549,0.0
1550,1788891716.2419894,1788891716.2419894,1081,0.7358018159866333,7.853207111358643,-2.3561899662017822,2.3561899662017822,0.004363323096185923,0.05999999865889549,10.0,1550,0.0
1551,1788891716.2959242,1788891716.2959242,1081,0.737496018409729,7.850131988525391,-2.3561899662017822,2.3561899662017822,0.004363323096185923,0.05999999865889549,10.0,1551,0.0
1552,1788891716.3653457,1788891716.3653457,1081,0.7387366890907288,7.8640828132629395,-2.3561899662017822,2.3561899662017822,0.004363323096185923,0.05999999865889549,10.0,1552,0.0
1553,1788891716.4169998,1788891716.4169998,1081,0.7402970790863037,7.835453987121582,-2.3561899662017822,2.3561899662017822,0.004363323096185923,0.05999999865889549,10.0,1553,0.0
1554,1788891716.4898486,1788891716.4898486,1081,0.7412741780281067,7.852266788482666,-2.3561899662017822,2.3561899662017822,0.004363323096185923,0.05999999865889549,10.0,1554,0.0
1555,1788891716.5406938,1788891716.5406938,1081,0.742207407951355,7.815219879150391,-2.3561899662017822,2.3561899662017822,0.004363323096185923,0.05999999865889549,10.0,1555,0.0
1556,1788891716.5925684,1788891716.5925684,1081,0.743520975112915,7.8407487869262695,-2.3561899662017822,2.3561899662017822,0.004363323096185923,0.05999999865889549,10.0,1556,0.0
1557,1788891716.6648319,1788891716.6648319,1081,0.7443395853042603,7.803675174713135,-2.3561899662017822,2.3561899662017822,0.004363323096185923,0.05999999865889549,10.0,1557,0.0
1558,1788891716.71574,1788891716.71574,1081,0.7451114058494568,7.82056999206543,-2.3561899662017822,2.3561899662017822,0.004363323096185923,0.05999999865889549,10.0,1558,0.0
1559,1788891716.7673295,1788891716.7673295,1081,0.7461826801300049,7.792439937591553,-2.3561899662017822,2.3561899662017822,0.004363323096185923,0.05999999865889549,10.0,1559,0.0
1560,1788891716.840467,1788891716.840467,1081,0.7468373775482178,7.8072381019592285,-2.3561899662017822,2.3561899662017822,0.004363323096185923,0.05999999865889549,10.0,1560,0.0
1561,1788891716.891926,1788891716.891926,1081,0.747735321521759,7.77950382232666,-2.3561899662017822,2.3561899662017822,0.004363323096185923,0.05999999865889549,10.0,1561,0.0
1562,1788891716.9652228,1788891716.9652228,1081,0.7482746839523315,7.7941999435424805,-2.3561899662017822,2.3561899662017822,0.004363323096185923,0.05999999865889549,10.0,1562,0.0
1563,1788891717.0164976,1788891717.0164976,1081,0.7487686276435852,7.809145927429199,-2.3561899662017822,2.3561899662017822,0.004363323096185923,0.05999999865889549,10.0,1563,0.0
1564,1788891717.070193,1788891717.070193,1081,0.7494214177131653,7.7813801765441895,-2.3561899662017822,2.3561899662017822,0.004363323096185923,0.05999999865889549,10.0,1564,0.0
1565,1788891717.1407728,1788891717.1407728,1081,0.7498002052307129,7.7965521812438965,-2.3561899662017822,2.3561899662017822,0.004363323096185923,0.05999999865889549,10.0,1565,0.0
1566,1788891717.1915731,1788891717.1915731,1081,0.7501301765441895,7.761228084564209,-2.3561899662017822,2.3561899662017822,0.004363323096185923,0.05999999865889549,10.0,1566,0.0
1567,1788891717.242206,1788891717.242206,1081,0.7505385279655457,7.784235000610352,-2.3561899662017822,2.3561899662017822,0.004363323096185923,0.05999999865889549,10.0,1567,0.0
1568,1788891717.315501,1788891717.315501,1081,0.7507532238960266,7.748967170715332,-2.3561899662017822,2.3561899662017822,0.004363323096185923,0.05999999865889549,10.0,1568,0.0
1569,1788891717.3649616,1788891717.3649616,1081,0.7509223222732544,7.764440059661865,-2.3561899662017822,2.3561899662017822,0.004363323096185923,0.05999999865889549,10.0,1569,0.0
1570,1788891717.4153914,1788891717.4153914,1081,0.7510427832603455,7.729143142700195,-2.3561899662017822,2.3561899662017822,0.004363323096185923,0.05999999865889549,10.0,1570,0.0
1571,1788891717.4654572,1788891717.4654572,1081,0.7511178851127625,7.744769096374512,-2.3561899662017822,2.3561899662017822,0.004363323096185923,0.05999999865889549,10.0,1571,0.0
1572,1788891717.5155478,1788891717.5155478,1081,0.7511472702026367,7.7606520652771,-2.3561899662017822,2.3561899662017822,0.004363323096185923,0.05999999865889549,10.0,1572,0.0
1573,1788891717.5660524,1788891717.5660524,1081,0.7511293292045593,7.725214004516602,-2.3561899662017822,2.3561899662017822,0.004363323096185923,0.05999999865889549,10.0,1573,0.0
1574,1788891717.6165752,1788891717.6165752,1081,0.7510644793510437,7.74118709564209,-2.3561899662017822,2.3561899662017822,0.004363323096185923,0.05999999865889549,10.0,1574,0.0
1575,1788891717.666975,1788891717.666975,1081,0.7508807182312012,7.713841915130615,-2.3561899662017822,2.3561899662017822,0.004363323096185923,0.05999999865889549,10.0,1575,0.0
1576,1788891717.7399795,1788891717.7399795,1081,0.7507005929946899,7.730123996734619,-2.3561899662017822,2.3561899662017822,0.004363323096185923,0.05999999865889549,10.0,1576,0.0
1577,1788891717.7916636,1788891717.7916636,1081,0.7503402829170227,7.702823162078857,-2.3561899662017822,2.3561899662017822,0.004363323096185923,0.05999999865889549,10.0,1577,0.0
1578,1788891717.8650217,1788891717.8650217,1081,0.7500423789024353,7.719325065612793,-2.3561899662017822,2.3561899662017822,0.004363323096185923,0.05999999865889549,10.0,1578,0.0
1579,1788891717.9158275,1788891717.9158275,1081,0.7496979236602783,7.683856964111328,-2.3561899662017822,2.3561899662017822,0.004363323096185923,0.05999999865889549,10.0,1579,0.0
1580,1788891717.967253,1788891717.967253,1081,0.7490938901901245,7.708878040313721,-2.3561899662017822,2.3561899662017822,0.004363323096185923,0.05999999865889549,10.0,1580,0.0
1581,1788891718.0220904,1788891718.0220904,1081,0.748631477355957,7.673314094543457,-2.3561899662017822,2.3561899662017822,0.004363323096185923,0.05999999865889549,10.0,1581,0.0
1582,1788891718.0905066,1788891718.0905066,1081,0.7481266260147095,7.690169811248779,-2.3561899662017822,2.3561899662017822,0.004363323096185923,0.05999999865889549,10.0,1582,0.0
1583,1788891718.141518,1788891718.141518,1081,0.747573971748352,7.7073750495910645,-2.3561899662017822,2.3561899662017822,0.004363323096185923,0.05999999865889549,10.0,1583,0.0
1584,1788891718.193241,1788891718.193241,1081,0.7466546297073364,7.6803460121154785,-2.3561899662017822,2.3561899662017822,0.004363323096185923,0.05999999865889549,10.0,1584,0.0
1585,1788891718.2459848,1788891718.2459848,1081,0.7459837198257446,7.69783878326416,-2.3561899662017822,2.3561899662017822,0.004363323096185923,0.05999999865889549,10.0,1585,0.0
1586,1788891718.315375,1788891718.315375,1081,0.7452654242515564,7.662148952484131,-2.3561899662017822,2.3561899662017822,0.004363323096185923,0.05999999865889549,10.0,1586,0.0
1587,1788891718.369093,1788891718.369093,1081,0.7441036105155945,7.688651084899902,-2.3561899662017822,2.3561899662017822,0.004363323096185923,0.05999999865889549,10.0,1587,0.0
1588,1788891718.4408019,1788891718.4408019,1081,0.7432699203491211,7.652865886688232,-2.3561899662017822,2.3561899662017822,0.004363323096185923,0.05999999865889549,10.0,1588,0.0
1589,1788891718.4919553,1788891718.4919553,1081,0.7419325113296509,7.679849147796631,-2.3561899662017822,2.3561899662017822,0.004363323096185923,0.05999999865889549,10.0,1589,0.0
1590,1788891718.565219,1788891718.565219,1081,0.7409843802452087,7.644042015075684,-2.3561899662017822,2.3561899662017822,0.004363323096185923,0.05999999865889549,10.0,1590,0.0
1591,1788891718.6159587,1788891718.6159587,1081,0.7399876713752747,7.662220001220703,-2.3561899662017822,2.3561899662017822,0.004363323096185923,0.05999999865889549,10.0,1591,0.0
1592,1788891718.6656008,1788891718.6656008,1081,0.7389451861381531,7.626400947570801,-2.3561899662017822,2.3561899662017822,0.004363323096185923,0.05999999865889549,10.0,1592,0.0
1593,1788891718.7185192,1788891718.7185192,1081,0.7372943758964539,7.6539788246154785,-2.3561899662017822,2.3561899662017822,0.004363323096185923,0.05999999865889549,10.0,1593,0.0
1594,1788891718.7714021,1788891718.7714021,1081,0.7361360788345337,7.618145942687988,-2.3561899662017822,2.3561899662017822,0.004363323096185923,0.05999999865889549,10.0,1594,0.0
1595,1788891718.8401692,1788891718.8401692,1081,0.7352688908576965,7.618706226348877,-2.3561899662017822,2.3561899662017822,0.004363323096185923,0.05999999865889549,10.0,1595,0.0
1596,1788891718.891553,1788891718.891553,1081,0.7346698045730591,7.605277061462402,-2.3561899662017822,2.3561899662017822,0.004363323096185923,0.05999999865889549,10.0,1596,0.0
1597,1788891718.9437363,1788891718.9437363,1081,0.7359082102775574,7.606960773468018,-2.3561899662017822,2.3561899662017822,0.004363323096185923,0.05999999865889549,10.0,1597,0.0
1598,1788891719.014992,1788891719.014992,1081,0.7369177937507629,7.6422319412231445,-2.3561899662017822,2.3561899662017822,0.004363323096185923,0.05999999865889549,10.0,1598,0.0
1599,1788891719.066815,1788891719.066815,1081,0.7385395169258118,7.640007972717285,-2.3561899662017822,2.3561899662017822,0.004363323096185923,0.05999999865889549,10.0,1599,0.0
1600,1788891719.120935,1788891719.120935,1081,0.7379025816917419,7.650039196014404,-2.3561899662017822,2.3561899662017822,0.004363323096185923,0.05999999865889549,10.0,1600,0.0
1601,1788891719.1901517,1788891719.1901517,1081,0.7368859052658081,7.66900110244751,-2.3561899662017822,2.3561899662017822,0.004363323096185923,0.05999999865889549,10.0,1601,0.0
1602,1788891719.2404263,1788891719.2404263,1081,0.7358081936836243,7.631871223449707,-2.3561899662017822,2.3561899662017822,0.004363323096185923,0.05999999865889549,10.0,1602,0.0
1603,1788891719.2909644,1788891719.2909644,1081,0.7346838116645813,7.651268005371094,-2.3561899662017822,2.3561899662017822,0.004363323096185923,0.05999999865889549,10.0,1603,0.0
1604,1788891719.3422956,1788891719.3422956,1081,0.7329152226448059,7.623989105224609,-2.3561899662017822,2.3561899662017822,0.004363323096185923,0.05999999865889549,10.0,1604,0.0
1605,1788891719.4155076,1788891719.4155076,1081,0.7316787838935852,7.64374303817749,-2.3561899662017822,2.3561899662017822,0.004363323096185923,0.05999999865889549,10.0,1605,0.0
1606,1788891719.4649227,1788891719.4649227,1081,0.7303963899612427,7.663819789886475,-2.3561899662017822,2.3561899662017822,0.004363323096185923,0.05999999865889549,10.0,1606,0.0
1607,1788891719.516722,1788891719.516722,1081,0.7283865213394165,7.636544227600098,-2.3561899662017822,2.3561899662017822,0.004363323096185923,0.05999999865889549,10.0,1607,0.0
1608,1788891719.5903983,1788891719.5903983,1081,0.7278689742088318,7.6122660636901855,-2.3561899662017822,2.3561899662017822,0.004363323096185923,0.05999999865889549,10.0,1608,0.0
1609,1788891719.6420906,1788891719.6420906,1081,0.7290288209915161,7.6689910888671875,-2.3561899662017822,2.3561899662017822,0.004363323096185923,0.05999999865889549,10.0,1609,0.0
1610,1788891719.7156177,1788891719.7156177,1081,0.7299041152000427,7.648466110229492,-2.3561899662017822,2.3561899662017822,0.004363323096185923,0.05999999865889549,10.0,1610,0.0
1611,1788891719.7671046,1788891719.7671046,1081,0.7313233017921448,7.646740913391113,-2.3561899662017822,2.3561899662017822,0.004363323096185923,0.05999999865889549,10.0,1611,0.0
1612,1788891719.8211172,1788891719.8211172,1081,0.7305629849433899,7.656947135925293,-2.3561899662017822,2.3561899662017822,0.004363323096185923,0.05999999865889549,10.0,1612,0.0
1613,1788891719.8907323,1788891719.8907323,1081,0.7294042110443115,7.6773362159729,-2.3561899662017822,2.3561899662017822,0.004363323096185923,0.05999999865889549,10.0,1613,0.0
1614,1788891719.942061,1788891719.942061,1081,0.7275524139404297,7.70927095413208,-2.3561899662017822,2.3561899662017822,0.004363323096185923,0.05999999865889549,10.0,1614,0.0
1615,1788891720.0155246,1788891720.0155246,1081,0.7262625098228455,7.670269966125488,-2.3561899662017822,2.3561899662017822,0.004363323096185923,0.05999999865889549,10.0,1615,0.0
1616,1788891720.0662084,1788891720.0662084,1081,0.7249264717102051,7.691894054412842,-2.3561899662017822,2.3561899662017822,0.004363323096185923,0.05999999865889549,10.0,1616,0.0
1617,1788891720.117304,1788891720.117304,1081,0.7228367924690247,7.663754940032959,-2.3561899662017822,2.3561899662017822,0.004363323096185923,0.05999999865889549,10.0,1617,0.0
1618,1788891720.1906738,1788891720.1906738,1081,0.7213844060897827,7.68570613861084,-2.3561899662017822,2.3561899662017822,0.004363323096185923,0.05999999865889549,10.0,1618,0.0
1619,1788891720.242034,1788891720.242034,1081,0.7191209197044373,7.719405174255371,-2.3561899662017822,2.3561899662017822,0.004363323096185923,0.05999999865889549,10.0,1619,0.0
1620,1788891720.3149555,1788891720.3149555,1081,0.7184423804283142,7.693982124328613,-2.3561899662017822,2.3561899662017822,0.004363323096185923,0.05999999865889549,10.0,1620,0.0
1621,1788891720.365497,1788891720.365497,1081,0.7189741730690002,7.738588809967041,-2.3561899662017822,2.3561899662017822,0.004363323096185923,0.05999999865889549,10.0,1621,0.0
1622,1788891720.4173203,1788891720.4173203,1081,0.7200282216072083,7.738204002380371,-2.3561899662017822,2.3561899662017822,0.004363323096185923,0.05999999865889549,10.0,1622,0.0
1623,1788891720.470939,1788891720.470939,1081,0.7208039164543152,7.780529022216797,-2.3561899662017822,2.3561899662017822,0.004363323096185923,0.05999999865889549,10.0,1623,0.0
1624,1788891720.540016,1788891720.540016,1081,0.7216346859931946,7.758775234222412,-2.3561899662017822,2.3561899662017822,0.004363323096185923,0.05999999865889549,10.0,1624,0.0
1625,1788891720.5916607,1788891720.5916607,1081,0.7216824889183044,7.787917137145996,-2.3561899662017822,2.3561899662017822,0.004363323096185923,0.05999999865889549,10.0,1625,0.0
1626,1788891720.6414015,1788891720.6414015,1081,0.7204937934875488,7.815606117248535,-2.3561899662017822,2.3561899662017822,0.004363323096185923,0.05999999865889549,10.0,1626,0.0
1627,1788891720.6908805,1788891720.6908805,1081,0.7191805243492126,7.861365795135498,-2.3561899662017822,2.3561899662017822,0.004363323096185923,0.05999999865889549,10.0,1627,0.0
1628,1788891720.742085,1788891720.742085,1081,0.7171245217323303,7.827293872833252,-2.3561899662017822,2.3561899662017822,0.004363323096185923,0.05999999865889549,10.0,1628,0.0
1629,1788891720.814887,1788891720.814887,1081,0.7156984210014343,7.874159812927246,-2.3561899662017822,2.3561899662017822,0.004363323096185923,0.05999999865889549,10.0,1629,0.0
1630,1788891720.870347,1788891720.870347,1081,0.7134729027748108,7.946483135223389,-2.3561899662017822,2.3561899662017822,0.004363323096185923,0.05999999865889549,10.0,1630,0.0
1631,1788891720.92235,1788891720.92235,1081,0.7119327783584595,7.8881940841674805,-2.3561899662017822,2.3561899662017822,0.004363323096185923,0.05999999865889549,10.0,1631,0.0
1632,1788891720.9901798,1788891720.9901798,1081,0.7103465795516968,7.93699312210083,-2.3561899662017822,2.3561899662017822,0.004363323096185923,0.05999999865889549,10.0,1632,0.0
1633,1788891721.040868,1788891721.040868,1081,0.70871502161026,7.987142086029053,-2.3561899662017822,2.3561899662017822,0.004363323096185923,0.05999999865889549,10.0,1633,0.0
1634,1788891721.0931244,1788891721.0931244,1081,0.7061803936958313,8.064594268798828,-2.3561899662017822,2.3561899662017822,0.004363323096185923,0.05999999865889549,10.0,1634,0.0
1635,1788891721.1657434,1788891721.1657434,1081,0.7044342756271362,8.004514694213867,-2.3561899662017822,2.3561899662017822,0.004363323096185923,0.05999999865889549,10.0,1635,0.0
1636,1788891721.2177112,1788891721.2177112,1081,0.7026661038398743,8.105499267578125,-2.3561899662017822,2.3561899662017822,0.004363323096185923,0.05999999865889549,10.0,1636,0.0
1637,1788891721.2899482,1788891721.2899482,1081,0.7030308842658997,8.194337844848633,-2.3561899662017822,2.3561899662017822,0.004363323096185923,0.05999999865889549,10.0,1637,0.0
1638,1788891721.341443,1788891721.341443,1081,0.7034950256347656,8.16560173034668,-2.3561899662017822,2.3561899662017822,0.004363323096185923,0.05999999865889549,10.0,1638,0.0
1639,1788891721.3924875,1788891721.3924875,1081,0.7042971849441528,8.30251407623291,-2.3561899662017822,2.3561899662017822,0.004363323096185923,0.05999999865889549,10.0,1639,0.0
1640,1788891721.465128,1788891721.465128,1081,0.7049021124839783,8.397254943847656,-2.3561899662017822,2.3561899662017822,0.004363323096185923,0.05999999865889549,10.0,1640,0.0
1641,1788891721.5171504,1788891721.5171504,1081,0.7040470242500305,8.523791313171387,-2.3561899662017822,2.3561899662017822,0.004363323096185923,0.05999999865889549,10.0,1641,0.0
1642,1788891721.5904305,1788891721.5904305,1081,0.7025294899940491,8.428323745727539,-2.3561899662017822,2.3561899662017822,0.004363323096185923,0.05999999865889549,10.0,1642,0.0
1643,1788891721.6410875,1788891721.6410875,1081,0.7009481191635132,8.515219688415527,-2.3561899662017822,2.3561899662017822,0.004363323096185923,0.05999999865889549,10.0,1643,0.0
1644,1788891721.6911278,1788891721.6911278,1081,0.6993216872215271,8.465685844421387,-2.3561899662017822,2.3561899662017822,0.004363323096185923,0.05999999865889549,10.0,1644,0.0
1645,1788891721.741122,1788891721.741122,1081,0.6976509094238281,8.475983619689941,-2.3561899662017822,2.3561899662017822,0.004363323096185923,0.05999999865889549,10.0,1645,0.0
1646,1788891721.7949452,1788891721.7949452,1081,0.6950579285621643,8.461374282836914,-2.3561899662017822,2.3561899662017822,0.004363323096185923,0.05999999865889549,10.0,1646,0.0
1647,1788891721.8656735,1788891721.8656735,1081,0.6932711005210876,8.412057876586914,-2.3561899662017822,2.3561899662017822,0.004363323096185923,0.05999999865889549,10.0,1647,0.0
1648,1788891721.917712,1788891721.917712,1081,0.690509021282196,8.397298812866211,-2.3561899662017822,2.3561899662017822,0.004363323096185923,0.05999999865889549,10.0,1648,0.0
1649,1788891721.9899335,1788891721.9899335,1081,0.6886085271835327,8.406935691833496,-2.3561899662017822,2.3561899662017822,0.004363323096185923,0.05999999865889549,10.0,1649,0.0
1650,1788891722.0426066,1788891722.0426066,1081,0.6856728196144104,8.391814231872559,-2.3561899662017822,2.3561899662017822,0.004363323096185923,0.05999999865889549,10.0,1650,0.0
1651,1788891722.1155958,1788891722.1155958,1081,0.6836584210395813,8.342659950256348,-2.3561899662017822,2.3561899662017822,0.004363323096185923,0.05999999865889549,10.0,1651,0.0
1652,1788891722.166599,1788891722.166599,1081,0.6815990209579468,8.351829528808594,-2.3561899662017822,2.3561899662017822,0.004363323096185923,0.05999999865889549,10.0,1652,0.0
1653,1788891722.2161171,1788891722.2161171,1081,0.6794930100440979,8.321059226989746,-2.3561899662017822,2.3561899662017822,0.004363323096185923,0.05999999865889549,10.0,1653,0.0
1654,1788891722.2675948,1788891722.2675948,1081,0.6762490272521973,8.287442207336426,-2.3561899662017822,2.3561899662017822,0.004363323096185923,0.05999999865889549,10.0,1654,0.0
1655,1788891722.340805,1788891722.340805,1081,0.6740275025367737,8.29615306854248,-2.3561899662017822,2.3561899662017822,0.004363323096185923,0.05999999865889549,10.0,1655,0.0
1656,1788891722.3909762,1788891722.3909762,1081,0.6719933152198792,8.259750366210938,-2.3561899662017822,2.3561899662017822,0.004363323096185923,0.05999999865889549,10.0,1656,0.0
1657,1788891722.443008,1788891722.443008,1081,0.6714913845062256,8.265461921691895,-2.3561899662017822,2.3561899662017822,0.004363323096185923,0.05999999865889549,10.0,1657,0.0
1658,1788891722.495985,1788891722.495985,1081,0.6715158820152283,8.260490417480469,-2.3561899662017822,2.3561899662017822,0.004363323096185923,0.05999999865889549,10.0,1658,0.0
1659,1788891722.565619,1788891722.565619,1081,0.6715962886810303,8.255613327026367,-2.3561899662017822,2.3561899662017822,0.004363323096185923,0.05999999865889549,10.0,1659,0.0
1660,1788891722.6171825,1788891722.6171825,1081,0.6699547171592712,8.217052459716797,-2.3561899662017822,2.3561899662017822,0.004363323096185923,0.05999999865889549,10.0,1660,0.0
1661,1788891722.690231,1788891722.690231,1081,0.6678656935691833,8.194646835327148,-2.3561899662017822,2.3561899662017822,0.004363323096185923,0.05999999865889549,10.0,1661,0.0
1662,1788891722.7416816,1788891722.7416816,1081,0.665714681148529,8.203243255615234,-2.3561899662017822,2.3561899662017822,0.004363323096185923,0.05999999865889549,10.0,1662,0.0
1663,1788891722.7920675,1788891722.7920675,1081,0.6624040007591248,8.180301666259766,-2.3561899662017822,2.3561899662017822,0.004363323096185923,0.05999999865889549,10.0,1663,0.0
1664,1788891722.8656209,1788891722.8656209,1081,0.6601417064666748,8.13986587524414,-2.3561899662017822,2.3561899662017822,0.004363323096185923,0.05999999865889549,10.0,1664,0.0
1665,1788891722.9180958,1788891722.9180958,1081,0.6566603779792786,8.12411117553711,-2.3561899662017822,2.3561899662017822,0.004363323096185923,0.05999999865889549,10.0,1665,0.0
1666,1788891722.990175,1788891722.990175,1081,0.654282808303833,8.132065773010254,-2.3561899662017822,2.3561899662017822,0.004363323096185923,0.05999999865889549,10.0,1666,0.0
1667,1788891723.0653114,1788891723.0653114,1081,0.6506323218345642,8.103769302368164,-2.3561899662017822,2.3561899662017822,0.004363323096185923,0.05999999865889549,10.0,1667,0.0
1668,1788891723.1169646,1788891723.1169646,1081,0.6468791961669922,8.061189651489258,-2.3561899662017822,2.3561899662017822,0.004363323096185923,0.05999999865889549,10.0,1668,0.0
1669,1788891723.1898634,1788891723.1898634,1081,0.6430227756500244,8.02845287322998,-2.3561899662017822,2.3561899662017822,0.004363323096185923,0.05999999865889549,10.0,1669,0.0
1670,1788891723.2651203,1788891723.2651203,1081,0.6403951048851013,8.035704612731934,-2.3561899662017822,2.3561899662017822,0.004363323096185923,0.05999999865889549,10.0,1670,0.0
1671,1788891723.3152037,1788891723.3152037,1081,0.6377211809158325,8.031044960021973,-2.3561899662017822,2.3561899662017822,0.004363323096185923,0.05999999865889549,10.0,1671,0.0
1672,1788891723.3654344,1788891723.3654344,1081,0.6350030899047852,7.995431900024414,-2.3561899662017822,2.3561899662017822,0.004363323096185923,0.05999999865889549,10.0,1672,0.0
1673,1788891723.4174984,1788891723.4174984,1081,0.6308364868164062,7.978600978851318,-2.3561899662017822,2.3561899662017822,0.004363323096185923,0.05999999865889549,10.0,1673,0.0
1674,1788891723.4708679,1788891723.4708679,1081,0.6280031800270081,7.9853410720825195,-2.3561899662017822,2.3561899662017822,0.004363323096185923,0.05999999865889549,10.0,1674,0.0
1675,1788891723.5401742,1788891723.5401742,1081,0.6251224279403687,7.938045024871826,-2.3561899662017822,2.3561899662017822,0.004363323096185923,0.05999999865889549,10.0,1675,0.0
1676,1788891723.5900276,1788891723.5900276,1081,0.6221991777420044,7.94455099105835,-2.3561899662017822,2.3561899662017822,0.004363323096185923,0.05999999865889549,10.0,1676,0.0
1677,1788891723.6410456,1788891723.6410456,1081,0.6192293167114258,7.923526763916016,-2.3561899662017822,2.3561899662017822,0.004363323096185923,0.05999999865889549,10.0,1677,0.0
1678,1788891723.6906705,1788891723.6906705,1081,0.6162118911743164,7.90361213684082,-2.3561899662017822,2.3561899662017822,0.004363323096185923,0.05999999865889549,10.0,1678,0.0
1679,1788891723.7421265,1788891723.7421265,1081,0.6116021871566772,7.886181831359863,-2.3561899662017822,2.3561899662017822,0.004363323096185923,0.05999999865889549,10.0,1679,0.0
1680,1788891723.815109,1788891723.815109,1081,0.6084718108177185,7.892177104949951,-2.3561899662017822,2.3561899662017822,0.004363323096185923,0.05999999865889549,10.0,1680,0.0
1681,1788891723.8652034,1788891723.8652034,1081,0.6052963137626648,7.845058917999268,-2.3561899662017822,2.3561899662017822,0.004363323096185923,0.05999999865889549,10.0,1681,0.0
1682,1788891723.9149885,1788891723.9149885,1081,0.6020768284797668,7.850788116455078,-2.3561899662017822,2.3561899662017822,0.004363323096185923,0.05999999865889549,10.0,1682,0.0
1683,1788891723.9678519,1788891723.9678519,1081,0.5971596837043762,7.83280611038208,-2.3561899662017822,2.3561899662017822,0.004363323096185923,0.05999999865889549,10.0,1683,0.0
1684,1788891724.040289,1788891724.040289,1081,0.5938230156898499,7.785912990570068,-2.3561899662017822,2.3561899662017822,0.004363323096185923,0.05999999865889549,10.0,1684,0.0
1685,1788891724.0912592,1788891724.0912592,1081,0.5904430150985718,7.791178226470947,-2.3561899662017822,2.3561899662017822,0.004363323096185923,0.05999999865889549,10.0,1685,0.0
1686,1788891724.1413543,1788891724.1413543,1081,0.5870177745819092,7.796380996704102,-2.3561899662017822,2.3561899662017822,0.004363323096185923,0.05999999865889549,10.0,1686,0.0
1687,1788891724.1917632,1788891724.1917632,1081,0.583545982837677,7.749416828155518,-2.3561899662017822,2.3561899662017822,0.004363323096185923,0.05999999865889549,10.0,1687,0.0
1688,1788891724.2423642,1788891724.2423642,1081,0.5782545208930969,7.730907917022705,-2.3561899662017822,2.3561899662017822,0.004363323096185923,0.05999999865889549,10.0,1688,0.0
1689,1788891724.315144,1788891724.315144,1081,0.5746684074401855,7.7357001304626465,-2.3561899662017822,2.3561899662017822,0.004363323096185923,0.05999999865889549,10.0,1689,0.0
1690,1788891724.36483,1788891724.36483,1081,0.5710409879684448,7.695911884307861,-2.3561899662017822,2.3561899662017822,0.004363323096185923,0.05999999865889549,10.0,1690,0.0
1691,1788891724.4167035,1788891724.4167035,1081,0.567366898059845,7.693570137023926,-2.3561899662017822,2.3561899662017822,0.004363323096185923,0.05999999865889549,10.0,1691,0.0
1692,1788891724.470674,1788891724.470674,1081,0.5617687702178955,7.674610137939453,-2.3561899662017822,2.3561899662017822,0.004363323096185923,0.05999999865889549,10.0,1692,0.0
1693,1788891724.5400503,1788891724.5400503,1081,0.557981014251709,7.678950786590576,-2.3561899662017822,2.3561899662017822,0.004363323096185923,0.05999999865889549,10.0,1693,0.0
1694,1788891724.5920196,1788891724.5920196,1081,0.5522153973579407,7.648392200469971,-2.3561899662017822,2.3561899662017822,0.004363323096185923,0.05999999865889549,10.0,1694,0.0
1695,1788891724.646189,1788891724.646189,1081,0.5483142733573914,7.612965106964111,-2.3561899662017822,2.3561899662017822,0.004363323096185923,0.05999999865889549,10.0,1695,0.0
1696,1788891724.7151692,1788891724.7151692,1081,0.5443683862686157,7.616803169250488,-2.3561899662017822,2.3561899662017822,0.004363323096185923,0.05999999865889549,10.0,1696,0.0
1697,1788891724.7671735,1788891724.7671735,1081,0.5394365787506104,7.590958118438721,-2.3561899662017822,2.3561899662017822,0.004363323096185923,0.05999999865889549,10.0,1697,0.0
1698,1788891724.821215,1788891724.821215,1081,0.5380650758743286,7.577160835266113,-2.3561899662017822,2.3561899662017822,0.004363323096185923,0.05999999865889549,10.0,1698,0.0
1699,1788891724.890051,1788891724.890051,1081,0.5369123220443726,7.556807994842529,-2.3561899662017822,2.3561899662017822,0.004363323096185923,0.05999999865889549,10.0,1699,0.0
1700,1788891724.940572,1788891724.940572,1081,0.5358319878578186,7.566537857055664,-2.3561899662017822,2.3561899662017822,0.004363323096185923,0.05999999865889549,10.0,1700,0.0
1701,1788891724.9921997,1788891724.9921997,1081,0.533965528011322,7.5391130447387695,-2.3561899662017822,2.3561899662017822,0.004363323096185923,0.05999999865889549,10.0,1701,0.0
1702,1788891725.0656893,1788891725.0656893,1081,0.5306798219680786,7.499589920043945,-2.3561899662017822,2.3561899662017822,0.004363323096185923,0.05999999865889549,10.0,1702,0.0
1703,1788891725.1170971,1788891725.1170971,1081,0.5251175165176392,7.481129169464111,-2.3561899662017822,2.3561899662017822,0.004363323096185923,0.05999999865889549,10.0,1703,0.0
1704,1788891725.1907177,1788891725.1907177,1081,0.52120441198349,7.472412109375,-2.3561899662017822,2.3561899662017822,0.004363323096185923,0.05999999865889549,10.0,1704,0.0
1705,1788891725.2426116,1788891725.2426116,1081,0.515303373336792,7.452219009399414,-2.3561899662017822,2.3561899662017822,0.004363323096185923,0.05999999865889549,10.0,1705,0.0
1706,1788891725.3151014,1788891725.3151014,1081,0.5114771127700806,7.4384989738464355,-2.3561899662017822,2.3561899662017822,0.004363323096185923,0.05999999865889549,10.0,1706,0.0
1707,1788891725.364967,1788891725.364967,1081,0.5075258016586304,7.442080974578857,-2.3561899662017822,2.3561899662017822,0.004363323096185923,0.05999999865889549,10.0,1707,0.0
1708,1788891725.4164782,1788891725.4164782,1081,0.5035185813903809,7.396870136260986,-2.3561899662017822,2.3561899662017822,0.004363323096185923,0.05999999865889549,10.0,1708,0.0
1709,1788891725.4677687,1788891725.4677687,1081,0.4974221885204315,7.377467155456543,-2.3561899662017822,2.3561899662017822,0.004363323096185923,0.05999999865889549,10.0,1709,0.0
1710,1788891725.521816,1788891725.521816,1081,0.4933016896247864,7.380503177642822,-2.3561899662017822,2.3561899662017822,0.004363323096185923,0.05999999865889549,10.0,1710,0.0
1711,1788891725.5907705,1788891725.5907705,1081,0.4891361892223358,7.370816230773926,-2.3561899662017822,2.3561899662017822,0.004363323096185923,0.05999999865889549,10.0,1711,0.0
1712,1788891725.6410828,1788891725.6410828,1081,0.48492610454559326,7.338254928588867,-2.3561899662017822,2.3561899662017822,0.004363323096185923,0.05999999865889549,10.0,1712,0.0
1713,1788891725.6918633,1788891725.6918633,1081,0.4785279929637909,7.318406105041504,-2.3561899662017822,2.3561899662017822,0.004363323096185923,0.05999999865889549,10.0,1713,0.0
1714,1788891725.7466915,1788891725.7466915,1081,0.47420769929885864,7.320971965789795,-2.3561899662017822,2.3561899662017822,0.004363323096185923,0.05999999865889549,10.0,1714,0.0
1715,1788891725.8156064,1788891725.8156064,1081,0.4698432981967926,7.275959014892578,-2.3561899662017822,2.3561899662017822,0.004363323096185923,0.05999999865889549,10.0,1715,0.0
1716,1788891725.864952,1788891725.864952,1081,0.465433806180954,7.278306007385254,-2.3561899662017822,2.3561899662017822,0.004363323096185923,0.05999999865889549,10.0,1716,0.0
1717,1788891725.9152412,1788891725.9152412,1081,0.46098199486732483,7.28055477142334,-2.3561899662017822,2.3561899662017822,0.004363323096185923,0.05999999865889549,10.0,1717,0.0
1718,1788891725.9655623,1788891725.9655623,1081,0.45648491382598877,7.23557186126709,-2.3561899662017822,2.3561899662017822,0.004363323096185923,0.05999999865889549,10.0,1718,0.0
1719,1788891726.0153205,1788891726.0153205,1081,0.4519417881965637,7.237546920776367,-2.3561899662017822,2.3561899662017822,0.004363323096185923,0.05999999865889549,10.0,1719,0.0
1720,1788891726.067891,1788891726.067891,1081,0.4450454115867615,7.216938018798828,-2.3561899662017822,2.3561899662017822,0.004363323096185923,0.05999999865889549,10.0,1720,0.0
1721,1788891726.14044,1788891726.14044,1081,0.4403918981552124,7.210198879241943,-2.3561899662017822,2.3561899662017822,0.004363323096185923,0.05999999865889549,10.0,1721,0.0
1722,1788891726.1908119,1788891726.1908119,1081,0.43569329380989075,7.173721790313721,-2.3561899662017822,2.3561899662017822,0.004363323096185923,0.05999999865889549,10.0,1722,0.0
1723,1788891726.241115,1788891726.241115,1081,0.43095171451568604,7.175205230712891,-2.3561899662017822,2.3561899662017822,0.004363323096185923,0.05999999865889549,10.0,1723,0.0
1724,1788891726.294887,1788891726.294887,1081,0.4237560033798218,7.154138088226318,-2.3561899662017822,2.3561899662017822,0.004363323096185923,0.05999999865889549,10.0,1724,0.0
1725,1788891726.365088,1788891726.365088,1081,0.4189032018184662,7.125060081481934,-2.3561899662017822,2.3561899662017822,0.004363323096185923,0.05999999865889549,10.0,1725,0.0
1726,1788891726.4151301,1788891726.4151301,1081,0.4140065908432007,7.110466003417969,-2.3561899662017822,2.3561899662017822,0.004363323096185923,0.05999999865889549,10.0,1726,0.0
1727,1788891726.4669435,1788891726.4669435,1081,0.40657830238342285,7.089057922363281,-2.3561899662017822,2.3561899662017822,0.004363323096185923,0.05999999865889549,10.0,1727,0.0
1728,1788891726.5223162,1788891726.5223162,1081,0.40157270431518555,7.090019226074219,-2.3561899662017822,2.3561899662017822,0.004363323096185923,0.05999999865889549,10.0,1728,0.0
1729,1788891726.5906148,1788891726.5906148,1081,0.39652279019355774,7.0452680587768555,-2.3561899662017822,2.3561899662017822,0.004363323096185923,0.05999999865889549,10.0,1729,0.0
1730,1788891726.6410306,1788891726.6410306,1081,0.3914282023906708,7.04594087600708,-2.3561899662017822,2.3561899662017822,0.004363323096185923,0.05999999865889549,10.0,1730,0.0
1731,1788891726.6917906,1788891726.6917906,1081,0.38628968596458435,7.046479225158691,-2.3561899662017822,2.3561899662017822,0.004363323096185923,0.05999999865889549,10.0,1731,0.0
1732,1788891726.7457478,1788891726.7457478,1081,0.37850069999694824,7.024527072906494,-2.3561899662017822,2.3561899662017822,0.004363323096185923,0.05999999865889549,10.0,1732,0.0
1733,1788891726.8157153,1788891726.8157153,1081,0.37325361371040344,6.979826927185059,-2.3561899662017822,2.3561899662017822,0.004363323096185923,0.05999999865889549,10.0,1733,0.0
1734,1788891726.867423,1788891726.867423,1081,0.3653002083301544,6.957733154296875,-2.3561899662017822,2.3561899662017822,0.004363323096185923,0.05999999865889549,10.0,1734,0.0
1735,1788891726.9206848,1788891726.9206848,1081,0.35994359850883484,6.9577717781066895,-2.3561899662017822,2.3561899662017822,0.004363323096185923,0.05999999865889549,10.0,1735,0.0
1736,1788891726.9905922,1788891726.9905922,1081,0.3545443117618561,6.957798957824707,-2.3561899662017822,2.3561899662017822,0.004363323096185923,0.05999999865889549,10.0,1736,0.0
1737,1788891727.0655441,1788891727.0655441,1081,0.34631919860839844,6.923574924468994,-2.3561899662017822,2.3561899662017822,0.004363323096185923,0.05999999865889549,10.0,1737,0.0
1738,1788891727.1153474,1788891727.1153474,1081,0.3408558964729309,6.911715030670166,-2.3561899662017822,2.3561899662017822,0.004363323096185923,0.05999999865889549,10.0,1738,0.0
1739,1788891727.1654854,1788891727.1654854,1081,0.3353731036186218,6.899909019470215,-2.3561899662017822,2.3561899662017822,0.004363323096185923,0.05999999865889549,10.0,1739,0.0
1740,1788891727.2166317,1788891727.2166317,1081,0.3302046060562134,6.887983798980713,-2.3561899662017822,2.3561899662017822,0.004363323096185923,0.05999999865889549,10.0,1740,0.0
1741,1788891727.266911,1788891727.266911,1081,0.3232590854167938,6.847953796386719,-2.3561899662017822,2.3561899662017822,0.004363323096185923,0.05999999865889549,10.0,1741,0.0
1742,1788891727.3405416,1788891727.3405416,1081,0.31934911012649536,6.835821151733398,-2.3561899662017822,2.3561899662017822,0.004363323096185923,0.05999999865889549,10.0,1742,0.0
1743,1788891727.3907409,1788891727.3907409,1081,0.3156712055206299,6.823636054992676,-2.3561899662017822,2.3561899662017822,0.004363323096185923,0.05999999865889549,10.0,1743,0.0
1744,1788891727.4404488,1788891727.4404488,1081,0.3126949965953827,6.811359882354736,-2.3561899662017822,2.3561899662017822,0.004363323096185923,0.05999999865889549,10.0,1744,0.0
1745,1788891727.4909477,1788891727.4909477,1081,0.31019869446754456,6.798914909362793,-2.3561899662017822,2.3561899662017822,0.004363323096185923,0.05999999865889549,10.0,1745,0.0
1746,1788891727.5423923,1788891727.5423923,1081,0.30758729577064514,6.8019700050354,-2.3561899662017822,2.3561899662017822,0.004363323096185923,0.05999999865889549,10.0,1746,0.0
1747,1788891727.61542,1788891727.61542,1081,0.3063167929649353,6.786728858947754,-2.3561899662017822,2.3561899662017822,0.004363323096185923,0.05999999865889549,10.0,1747,0.0
1748,1788891727.665442,1788891727.665442,1081,0.3061523139476776,6.767838001251221,-2.3561899662017822,2.3561899662017822,0.004363323096185923,0.05999999865889549,10.0,1748,0.0
1749,1788891727.7156763,1788891727.7156763,1081,0.3059394061565399,6.749488830566406,-2.3561899662017822,2.3561899662017822,0.004363323096185923,0.05999999865889549,10.0,1749,0.0
1750,1788891727.7649763,1788891727.7649763,1081,0.30624839663505554,6.73155403137207,-2.3561899662017822,2.3561899662017822,0.004363323096185923,0.05999999865889549,10.0,1750,0.0
1751,1788891727.815098,1788891727.815098,1081,0.3079673945903778,6.714072227478027,-2.3561899662017822,2.3561899662017822,0.004363323096185923,0.05999999865889549,10.0,1751,0.0
1752,1788891727.8651052,1788891727.8651052,1081,0.3094991147518158,6.696868896484375,-2.3561899662017822,2.3561899662017822,0.004363323096185923,0.05999999865889549,10.0,1752,0.0
1753,1788891727.9155157,1788891727.9155157,1081,0.3116675019264221,6.680072784423828,-2.3561899662017822,2.3561899662017822,0.004363323096185923,0.05999999865889549,10.0,1753,0.0
1754,1788891727.967023,1788891727.967023,1081,0.31563571095466614,6.6700239181518555,-2.3561899662017822,2.3561899662017822,0.004363323096185923,0.05999999865889549,10.0,1754,0.0
1755,1788891728.0402837,1788891728.0402837,1081,0.3196184039115906,6.656651020050049,-2.3561899662017822,2.3561899662017822,0.004363323096185923,0.05999999865889549,10.0,1755,0.0
1756,1788891728.0904846,1788891728.0904846,1081,0.3243401050567627,6.6497578620910645,-2.3561899662017822,2.3561899662017822,0.004363323096185923,0.05999999865889549,10.0,1756,0.0
1757,1788891728.1410248,1788891728.1410248,1081,0.3296087980270386,6.619058132171631,-2.3561899662017822,2.3561899662017822,0.004363323096185923,0.05999999865889549,10.0,1757,0.0
1758,1788891728.1919677,1788891728.1919677,1081,0.338514506816864,6.610547065734863,-2.3561899662017822,2.3561899662017822,0.004363323096185923,0.05999999865889549,10.0,1758,0.0
1759,1788891728.246205,1788891728.246205,1081,0.34511879086494446,6.592792987823486,-2.3561899662017822,2.3561899662017822,0.004363323096185923,0.05999999865889549,10.0,1759,0.0
1760,1788891728.3156075,1788891728.3156075,1081,0.35092949867248535,6.579794883728027,-2.3561899662017822,2.3561899662017822,0.004363323096185923,0.05999999865889549,10.0,1760,0.0
1761,1788891728.3651645,1788891728.3651645,1081,0.3577752113342285,6.566493034362793,-2.3561899662017822,2.3561899662017822,0.004363323096185923,0.05999999865889549,10.0,1761,0.0
1762,1788891728.4170337,1788891728.4170337,1081,0.3688477873802185,6.538124084472656,-2.3561899662017822,2.3561899662017822,0.004363323096185923,0.05999999865889549,10.0,1762,0.0
1763,1788891728.4902132,1788891728.4902132,1081,0.375661700963974,6.524051189422607,-2.3561899662017822,2.3561899662017822,0.004363323096185923,0.05999999865889549,10.0,1763,0.0
1764,1788891728.540641,1788891728.540641,1081,0.3835996985435486,6.509900093078613,-2.3561899662017822,2.3561899662017822,0.004363323096185923,0.05999999865889549,10.0,1764,0.0
1765,1788891728.5922182,1788891728.5922182,1081,0.39813581109046936,6.506593227386475,-2.3561899662017822,2.3561899662017822,0.004363323096185923,0.05999999865889549,10.0,1765,0.0
1766,1788891728.6477246,1788891728.6477246,1081,0.40540599822998047,6.494944095611572,-2.3561899662017822,2.3561899662017822,0.004363323096185923,0.05999999865889549,10.0,1766,0.0
1767,1788891728.7150235,1788891728.7150235,1081,0.4138788878917694,6.48041296005249,-2.3561899662017822,2.3561899662017822,0.004363323096185923,0.05999999865889549,10.0,1767,0.0
1768,1788891728.767319,1788891728.767319,1081,0.5933681130409241,6.449501991271973,-2.3561899662017822,2.3561899662017822,0.004363323096185923,0.05999999865889549,10.0,1768,0.0
1769,1788891728.8211503,1788891728.8211503,1081,0.5973324775695801,6.442998886108398,-2.3561899662017822,2.3561899662017822,0.004363323096185923,0.05999999865889549,10.0,1769,0.0
1770,1788891728.890812,1788891728.890812,1081,0.6017920970916748,6.399447917938232,-2.3561899662017822,2.3561899662017822,0.004363323096185923,0.05999999865889549,10.0,1770,0.0
1771,1788891728.9425473,1788891728.9425473,1081,0.6080613732337952,6.379938125610352,-2.3561899662017822,2.3561899662017822,0.004363323096185923,0.05999999865889549,10.0,1771,0.0
1772,1788891728.9965844,1788891728.9965844,1081,0.6139184832572937,6.367308139801025,-2.3561899662017822,2.3561899662017822,0.004363323096185923,0.05999999865889549,10.0,1772,0.0
1773,1788891729.0650592,1788891729.0650592,1081,0.6204587817192078,6.3625168800354,-2.3561899662017822,2.3561899662017822,0.004363323096185923,0.05999999865889549,10.0,1773,0.0
1774,1788891729.1160972,1788891729.1160972,1081,0.6248186230659485,6.349796772003174,-2.3561899662017822,2.3561899662017822,0.004363323096185923,0.05999999865889549,10.0,1774,0.0
1775,1788891729.168311,1788891729.168311,1081,0.6305953860282898,6.325930118560791,-2.3561899662017822,2.3561899662017822,0.004363323096185923,0.05999999865889549,10.0,1775,0.0
1776,1788891729.239952,1788891729.239952,1081,0.6336563229560852,6.29677677154541,-2.3561899662017822,2.3561899662017822,0.004363323096185923,0.05999999865889549,10.0,1776,0.0
1777,1788891729.2903614,1788891729.2903614,1081,0.6407396793365479,6.310628890991211,-2.3561899662017822,2.3561899662017822,0.004363323096185923,0.05999999865889549,10.0,1777,0.0
1778,1788891729.340418,1788891729.340418,1081,0.6481959819793701,6.299836158752441,-2.3561899662017822,2.3561899662017822,0.004363323096185923,0.05999999865889549,10.0,1778,0.0
1779,1788891729.3921402,1788891729.3921402,1081,0.6517170071601868,6.284214973449707,-2.3561899662017822,2.3561899662017822,0.004363323096185923,0.05999999865889549,10.0,1779,0.0
1780,1788891729.4430015,1788891729.4430015,1081,0.6600847244262695,6.240325927734375,-2.3561899662017822,2.3561899662017822,0.004363323096185923,0.05999999865889549,10.0,1780,0.0
1781,1788891729.5155082,1788891729.5155082,1081,0.6645495891571045,6.224517822265625,-2.3561899662017822,2.3561899662017822,0.004363323096185923,0.05999999865889549,10.0,1781,0.0
1782,1788891729.5654926,1788891729.5654926,1081,0.6749814748764038,6.2086567878723145,-2.3561899662017822,2.3561899662017822,0.004363323096185923,0.05999999865889549,10.0,1782,0.0
1783,1788891729.616919,1788891729.616919,1081,0.6824312210083008,6.18867301940918,-2.3561899662017822,2.3561899662017822,0.004363323096185923,0.05999999865889549,10.0,1783,0.0
1784,1788891729.690364,1788891729.690364,1081,0.6965221762657166,6.194764137268066,-2.3561899662017822,2.3561899662017822,0.004363323096185923,0.05999999865889549,10.0,1784,0.0
1785,1788891729.740852,1788891729.740852,1081,0.7052751183509827,6.16038703918457,-2.3561899662017822,2.3561899662017822,0.004363323096185923,0.05999999865889549,10.0,1785,0.0
1786,1788891729.7909846,1788891729.7909846,1081,0.7140722870826721,6.14473295211792,-2.3561899662017822,2.3561899662017822,0.004363323096185923,0.05999999865889549,10.0,1786,0.0
1787,1788891729.8418665,1788891729.8418665,1081,0.7278578877449036,6.133648872375488,-2.3561899662017822,2.3561899662017822,0.004363323096185923,0.05999999865889549,10.0,1787,0.0
1788,1788891729.9149642,1788891729.9149642,1081,0.7384325265884399,6.12634801864624,-2.3561899662017822,2.3561899662017822,0.004363323096185923,0.05999999865889549,10.0,1788,0.0
1789,1788891729.9659383,1788891729.9659383,1081,0.7502943277359009,6.109969139099121,-2.3561899662017822,2.3561899662017822,0.004363323096185923,0.05999999865889549,10.0,1789,0.0
1790,1788891730.0169933,1788891730.0169933,1081,0.770963728427887,6.19649600982666,-2.3561899662017822,2.3561899662017822,0.004363323096185923,0.05999999865889549,10.0,1790,0.0
1791,1788891730.0901682,1788891730.0901682,1081,0.7757781744003296,6.386203765869141,-2.3561899662017822,2.3561899662017822,0.004363323096185923,0.05999999865889549,10.0,1791,0.0
1792,1788891730.143129,1788891730.143129,1081,0.7901535034179688,6.738745212554932,-2.3561899662017822,2.3561899662017822,0.004363323096185923,0.05999999865889549,10.0,1792,0.0
1793,1788891730.214995,1788891730.214995,1081,0.8101748824119568,7.059969902038574,-2.3561899662017822,2.3561899662017822,0.004363323096185923,0.05999999865889549,10.0,1793,0.0
1794,1788891730.264868,1788891730.264868,1081,1.5561410188674927,7.1287407875061035,-2.3561899662017822,2.3561899662017822,0.004363323096185923,0.05999999865889549,10.0,1794,0.0
1795,1788891730.316089,1788891730.316089,1081,1.556033968925476,7.105920791625977,-2.3561899662017822,2.3561899662017822,0.004363323096185923,0.05999999865889549,10.0,1795,0.0
1796,1788891730.3682673,1788891730.3682673,1081,1.5558730363845825,7.071713924407959,-2.3561899662017822,2.3561899662017822,0.004363323096185923,0.05999999865889549,10.0,1796,0.0
1797,1788891730.4400513,1788891730.4400513,1081,1.555765986442566,7.048943042755127,-2.3561899662017822,2.3561899662017822,0.004363323096185923,0.05999999865889549,10.0,1797,0.0
1798,1788891730.491655,1788891730.491655,1081,1.5556509494781494,7.026227951049805,-2.3561899662017822,2.3561899662017822,0.004363323096185923,0.05999999865889549,10.0,1798,0.0
1799,1788891730.540939,1788891730.540939,1081,1.5555390119552612,7.003420829772949,-2.3561899662017822,2.3561899662017822,0.004363323096185923,0.05999999865889549,10.0,1799,0.0
1800,1788891730.5927346,1788891730.5927346,1081,1.555379033088684,6.969305992126465,-2.3561899662017822,2.3561899662017822,0.004363323096185923,0.05999999865889549,10.0,1800,0.0
1801,1788891730.6656134,1788891730.6656134,1081,1.5552719831466675,6.9465742111206055,-2.3561899662017822,2.3561899662017822,0.004363323096185923,0.05999999865889549,10.0,1801,0.0
1802,1788891730.715265,1788891730.715265,1081,1.5551650524139404,6.923821926116943,-2.3561899662017822,2.3561899662017822,0.004363323096185923,0.05999999865889549,10.0,1802,0.0
1803,1788891730.765838,1788891730.765838,1081,1.5550580024719238,6.901051998138428,-2.3561899662017822,2.3561899662017822,0.004363323096185923,0.05999999865889549,10.0,1803,0.0
1804,1788891730.8163073,1788891730.8163073,1081,1.5549509525299072,6.878270149230957,-2.3561899662017822,2.3561899662017822,0.004363323096185923,0.05999999865889549,10.0,1804,0.0
1805,1788891730.8679833,1788891730.8679833,1081,1.5547900199890137,6.8440937995910645,-2.3561899662017822,2.3561899662017822,0.004363323096185923,0.05999999865889549,10.0,1805,0.0
1806,1788891730.920973,1788891730.920973,1081,1.5546820163726807,6.8212571144104,-2.3561899662017822,2.3561899662017822,0.004363323096185923,0.05999999865889549,10.0,1806,0.0
1807,1788891730.9904466,1788891730.9904466,1081,1.554574966430664,6.798409938812256,-2.3561899662017822,2.3561899662017822,0.004363323096185923,0.05999999865889549,10.0,1807,0.0
1808,1788891731.065308,1788891731.065308,1081,1.554414987564087,6.764255046844482,-2.3561899662017822,2.3561899662017822,0.004363323096185923,0.05999999865889549,10.0,1808,0.0
1809,1788891731.1161127,1788891731.1161127,1081,1.5543080568313599,6.741455078125,-2.3561899662017822,2.3561899662017822,0.004363323096185923,0.05999999865889549,10.0,1809,0.0
1810,1788891731.1668,1788891731.1668,1081,1.5541490316390991,6.7073187828063965,-2.3561899662017822,2.3561899662017822,0.004363323096185923,0.05999999865889549,10.0,1810,0.0
1811,1788891731.240751,1788891731.240751,1081,1.5540419816970825,6.684521198272705,-2.3561899662017822,2.3561899662017822,0.004363323096185923,0.05999999865889549,10.0,1811,0.0
1812,1788891731.292973,1788891731.292973,1081,1.5538820028305054,6.650292873382568,-2.3561899662017822,2.3561899662017822,0.004363323096185923,0.05999999865889549,10.0,1812,0.0
1813,1788891731.365584,1788891731.365584,1081,1.5537749528884888,6.627467155456543,-2.3561899662017822,2.3561899662017822,0.004363323096185923,0.05999999865889549,10.0,1813,0.0
1814,1788891731.4169502,1788891731.4169502,1081,1.5536160469055176,6.593357086181641,-2.3561899662017822,2.3561899662017822,0.004363323096185923,0.05999999865889549,10.0,1814,0.0
1815,1788891731.4709318,1788891731.4709318,1081,1.553508996963501,6.570615768432617,-2.3561899662017822,2.3561899662017822,0.004363323096185923,0.05999999865889549,10.0,1815,0.0
1816,1788891731.5401552,1788891731.5401552,1081,1.5534019470214844,6.547835826873779,-2.3561899662017822,2.3561899662017822,0.004363323096185923,0.05999999865889549,10.0,1816,0.0
1817,1788891731.5910227,1788891731.5910227,1081,1.5532959699630737,6.525084972381592,-2.3561899662017822,2.3561899662017822,0.004363323096185923,0.05999999865889549,10.0,1817,0.0
1818,1788891731.6421616,1788891731.6421616,1081,1.5531359910964966,6.4908928871154785,-2.3561899662017822,2.3561899662017822,0.004363323096185923,0.05999999865889549,10.0,1818,0.0
1819,1788891731.6958873,1788891731.6958873,1081,1.55302894115448,6.468142032623291,-2.3561899662017822,2.3561899662017822,0.004363323096185923,0.05999999865889549,10.0,1819,0.0
1820,1788891731.7654355,1788891731.7654355,1081,1.552922010421753,6.445291996002197,-2.3561899662017822,2.3561899662017822,0.004363323096185923,0.05999999865889549,10.0,1820,0.0
1821,1788891731.8154285,1788891731.8154285,1081,1.5528149604797363,6.422475814819336,-2.3561899662017822,2.3561899662017822,0.004363323096185923,0.05999999865889549,10.0,1821,0.0
1822,1788891731.8650084,1788891731.8650084,1081,1.5527089834213257,6.399725914001465,-2.3561899662017822,2.3561899662017822,0.004363323096185923,0.05999999865889549,10.0,1822,0.0
1823,1788891731.9177458,1788891731.9177458,1081,1.5525490045547485,6.365551948547363,-2.3561899662017822,2.3561899662017822,0.004363323096185923,0.05999999865889549,10.0,1823,0.0
1824,1788891731.9709415,1788891731.9709415,1081,1.552441954612732,6.342658996582031,-2.3561899662017822,2.3561899662017822,0.004363323096185923,0.05999999865889549,10.0,1824,0.0
1825,1788891732.040524,1788891732.040524,1081,1.5523350238800049,6.319819927215576,-2.3561899662017822,2.3561899662017822,0.004363323096185923,0.05999999865889549,10.0,1825,0.0
1826,1788891732.0906773,1788891732.0906773,1081,1.5522279739379883,6.2970170974731445,-2.3561899662017822,2.3561899662017822,0.004363323096185923,0.05999999865889549,10.0,1826,0.0
1827,1788891732.1426709,1788891732.1426709,1081,1.5520679950714111,6.262819766998291,-2.3561899662017822,2.3561899662017822,0.004363323096185923,0.05999999865889549,10.0,1827,0.0
1828,1788891732.2155046,1788891732.2155046,1081,1.5519609451293945,6.2400431632995605,-2.3561899662017822,2.3561899662017822,0.004363323096185923,0.05999999865889549,10.0,1828,0.0
1829,1788891732.26706,1788891732.26706,1081,1.5518009662628174,6.205898761749268,-2.3561899662017822,2.3561899662017822,0.004363323096185923,0.05999999865889549,10.0,1829,0.0
1830,1788891732.321996,1788891732.321996,1081,1.5516940355300903,6.1830620765686035,-2.3561899662017822,2.3561899662017822,0.004363323096185923,0.05999999865889549,10.0,1830,0.0
1831,1788891732.3906085,1788891732.3906085,1081,1.5515869855880737,6.160293102264404,-2.3561899662017822,2.3561899662017822,0.004363323096185923,0.05999999865889549,10.0,1831,0.0
1832,1788891732.4403088,1788891732.4403088,1081,1.5513149499893188,6.125347137451172,-2.3561899662017822,2.3561899662017822,0.004363323096185923,0.05999999865889549,10.0,1832,0.0
1833,1788891732.4919922,1788891732.4919922,1081,1.550392985343933,6.047976016998291,-2.3561899662017822,2.3561899662017822,0.004363323096185923,0.05999999865889549,10.0,1833,0.0
1834,1788891732.546432,1788891732.546432,1081,1.5497440099716187,5.997209072113037,-2.3561899662017822,2.3561899662017822,0.004363323096185923,0.05999999865889549,10.0,1834,0.0
1835,1788891732.6155136,1788891732.6155136,1081,1.5490649938583374,5.947066783905029,-2.3561899662017822,2.3561899662017822,0.004363323096185923,0.05999999865889549,10.0,1835,0.0
1836,1788891732.6664603,1788891732.6664603,1081,1.5483640432357788,5.897539138793945,-2.3561899662017822,2.3561899662017822,0.004363323096185923,0.05999999865889549,10.0,1836,0.0
1837,1788891732.7164738,1788891732.7164738,1081,1.547842025756836,5.861937999725342,-2.3561899662017822,2.3561899662017822,0.004363323096185923,0.05999999865889549,10.0,1837,0.0
1838,1788891732.7673025,1788891732.7673025,1081,1.5474530458450317,5.829372882843018,-2.3561899662017822,2.3561899662017822,0.004363323096185923,0.05999999865889549,10.0,1838,0.0
1839,1788891732.8212242,1788891732.8212242,1081,1.5471919775009155,5.807653903961182,-2.3561899662017822,2.3561899662017822,0.004363323096185923,0.05999999865889549,10.0,1839,0.0
1840,1788891732.8900328,1788891732.8900328,1081,1.5469310283660889,5.785956859588623,-2.3561899662017822,2.3561899662017822,0.004363323096185923,0.05999999865889549,10.0,1840,0.0
1841,1788891732.9398785,1788891732.9398785,1081,1.5465079545974731,5.7531208992004395,-2.3561899662017822,2.3561899662017822,0.004363323096185923,0.05999999865889549,10.0,1841,0.0
1842,1788891732.990572,1788891732.990572,1081,1.5457520484924316,5.705030918121338,-2.3561899662017822,2.3561899662017822,0.004363323096185923,0.05999999865889549,10.0,1842,0.0
1843,1788891733.0422783,1788891733.0422783,1081,1.5441099405288696,5.633918762207031,-2.3561899662017822,2.3561899662017822,0.004363323096185923,0.05999999865889549,10.0,1843,0.0
1844,1788891733.1155381,1788891733.1155381,1081,1.5426490306854248,5.58725118637085,-2.3561899662017822,2.3561899662017822,0.004363323096185923,0.05999999865889549,10.0,1844,0.0
1845,1788891733.1662683,1788891733.1662683,1081,1.541375994682312,5.554068088531494,-2.3561899662017822,2.3561899662017822,0.004363323096185923,0.05999999865889549,10.0,1845,0.0
1846,1788891733.2189112,1788891733.2189112,1081,1.5398770570755005,5.522564888000488,-2.3561899662017822,2.3561899662017822,0.004363323096185923,0.05999999865889549,10.0,1846,0.0
1847,1788891733.2710664,1788891733.2710664,1081,1.538877010345459,5.501530170440674,-2.3561899662017822,2.3561899662017822,0.004363323096185923,0.05999999865889549,10.0,1847,0.0
1848,1788891733.3404546,1788891733.3404546,1081,1.5378799438476562,5.480525970458984,-2.3561899662017822,2.3561899662017822,0.004363323096185923,0.05999999865889549,10.0,1848,0.0
1849,1788891733.3917754,1788891733.3917754,1081,1.536882996559143,5.459534168243408,-2.3561899662017822,2.3561899662017822,0.004363323096185923,0.05999999865889549,10.0,1849,0.0
1850,1788891733.4411404,1788891733.4411404,1081,1.5358829498291016,5.438536167144775,-2.3561899662017822,2.3561899662017822,0.004363323096185923,0.05999999865889549,10.0,1850,0.0
1851,1788891733.4928794,1788891733.4928794,1081,1.5343849658966064,5.4070281982421875,-2.3561899662017822,2.3561899662017822,0.004363323096185923,0.05999999865889549,10.0,1851,0.0
1852,1788891733.5654335,1788891733.5654335,1081,1.5329890251159668,5.3649001121521,-2.3561899662017822,2.3561899662017822,0.004363323096185923,0.05999999865889549,10.0,1852,0.0
1853,1788891733.614843,1788891733.614843,1081,1.5314630270004272,5.320278167724609,-2.3561899662017822,2.3561899662017822,0.004363323096185923,0.05999999865889549,10.0,1853,0.0
1854,1788891733.6652172,1788891733.6652172,1081,1.5299140214920044,5.276100158691406,-2.3561899662017822,2.3561899662017822,0.004363323096185923,0.05999999865889549,10.0,1854,0.0
1855,1788891733.7155054,1788891733.7155054,1081,1.5285520553588867,5.244383811950684,-2.3561899662017822,2.3561899662017822,0.004363323096185923,0.05999999865889549,10.0,1855,0.0
1856,1788891733.7653613,1788891733.7653613,1081,1.5272860527038574,5.214426040649414,-2.3561899662017822,2.3561899662017822,0.004363323096185923,0.05999999865889549,10.0,1856,0.0
1857,1788891733.8157706,1788891733.8157706,1081,1.5256849527359009,5.171306133270264,-2.3561899662017822,2.3561899662017822,0.004363323096185923,0.05999999865889549,10.0,1857,0.0
1858,1788891733.8665507,1788891733.8665507,1081,1.5240600109100342,5.128686904907227,-2.3561899662017822,2.3561899662017822,0.004363323096185923,0.05999999865889549,10.0,1858,0.0
1859,1788891733.9210908,1788891733.9210908,1081,1.5220149755477905,5.087586879730225,-2.3561899662017822,2.3561899662017822,0.004363323096185923,0.05999999865889549,10.0,1859,0.0
1860,1788891733.9903338,1788891733.9903338,1081,1.5208419561386108,5.067647933959961,-2.3561899662017822,2.3561899662017822,0.004363323096185923,0.05999999865889549,10.0,1860,0.0
1861,1788891734.0420852,1788891734.0420852,1081,1.5190789699554443,5.037718772888184,-2.3561899662017822,2.3561899662017822,0.004363323096185923,0.05999999865889549,10.0,1861,0.0
1862,1788891734.115095,1788891734.115095,1081,1.5179040431976318,5.017773151397705,-2.3561899662017822,2.3561899662017822,0.004363323096185923,0.05999999865889549,10.0,1862,0.0
1863,1788891734.1654081,1788891734.1654081,1081,1.5161410570144653,4.987863063812256,-2.3561899662017822,2.3561899662017822,0.004363323096185923,0.05999999865889549,10.0,1863,0.0
1864,1788891734.240405,1788891734.240405,1081,1.5149660110473633,4.9678850173950195,-2.3561899662017822,2.3561899662017822,0.004363323096185923,0.05999999865889549,10.0,1864,0.0
1865,1788891734.2909524,1788891734.2909524,1081,1.5137939453125,4.947944164276123,-2.3561899662017822,2.3561899662017822,0.004363323096185923,0.05999999865889549,10.0,1865,0.0
1866,1788891734.3433971,1788891734.3433971,1081,1.5123250484466553,4.91809606552124,-2.3561899662017822,2.3561899662017822,0.004363323096185923,0.05999999865889549,10.0,1866,0.0
1867,1788891734.4154623,1788891734.4154623,1081,1.511139988899231,4.879642963409424,-2.3561899662017822,2.3561899662017822,0.004363323096185923,0.05999999865889549,10.0,1867,0.0
1868,1788891734.4667628,1788891734.4667628,1081,1.509469985961914,4.818912982940674,-2.3561899662017822,2.3561899662017822,0.004363323096185923,0.05999999865889549,10.0,1868,0.0
1869,1788891734.5217793,1788891734.5217793,1081,1.5085150003433228,4.778944969177246,-2.3561899662017822,2.3561899662017822,0.004363323096185923,0.05999999865889549,10.0,1869,0.0
1870,1788891734.5901504,1788891734.5901504,1081,1.5080280303955078,4.758310794830322,-2.3561899662017822,2.3561899662017822,0.004363323096185923,0.05999999865889549,10.0,1870,0.0
1871,1788891734.6419482,1788891734.6419482,1081,1.5079330205917358,4.729290962219238,-2.3561899662017822,2.3561899662017822,0.004363323096185923,0.05999999865889549,10.0,1871,0.0
1872,1788891734.7157226,1788891734.7157226,1081,1.508012056350708,4.709918022155762,-2.3561899662017822,2.3561899662017822,0.004363323096185923,0.05999999865889549,10.0,1872,0.0
1873,1788891734.7658281,1788891734.7658281,1081,1.508133053779602,4.6905598640441895,-2.3561899662017822,2.3561899662017822,0.004363323096185923,0.05999999865889549,10.0,1873,0.0
1874,1788891734.8169308,1788891734.8169308,1081,1.5083140134811401,4.6614837646484375,-2.3561899662017822,2.3561899662017822,0.004363323096185923,0.05999999865889549,10.0,1874,0.0
1875,1788891734.871593,1788891734.871593,1081,1.5080440044403076,4.624917984008789,-2.3561899662017822,2.3561899662017822,0.004363323096185923,0.05999999865889549,10.0,1875,0.0
1876,1788891734.9398637,1788891734.9398637,1081,1.50764799118042,4.5863728523254395,-2.3561899662017822,2.3561899662017822,0.004363323096185923,0.05999999865889549,10.0,1876,0.0
1877,1788891734.9903345,1788891734.9903345,1081,1.5072269439697266,4.548242092132568,-2.3561899662017822,2.3561899662017822,0.004363323096185923,0.05999999865889549,10.0,1877,0.0
1878,1788891735.041965,1788891735.041965,1081,1.5065430402755737,4.4918107986450195,-2.3561899662017822,2.3561899662017822,0.004363323096185923,0.05999999865889549,10.0,1878,0.0
1879,1788891735.1156104,1788891735.1156104,1081,1.5064940452575684,4.472726821899414,-2.3561899662017822,2.3561899662017822,0.004363323096185923,0.05999999865889549,10.0,1879,0.0
1880,1788891735.1688406,1788891735.1688406,1081,1.5064890384674072,4.444736003875732,-2.3561899662017822,2.3561899662017822,0.004363323096185923,0.05999999865889549,10.0,1880,0.0
1881,1788891735.2402623,1788891735.2402623,1081,1.5064860582351685,4.426115989685059,-2.3561899662017822,2.3561899662017822,0.004363323096185923,0.05999999865889549,10.0,1881,0.0
1882,1788891735.2982266,1788891735.2982266,1081,1.5064799785614014,4.398140907287598,-2.3561899662017822,2.3561899662017822,0.004363323096185923,0.05999999865889549,10.0,1882,0.0
1883,1788891735.3652515,1788891735.3652515,1081,1.5064760446548462,4.379483222961426,-2.3561899662017822,2.3561899662017822,0.004363323096185923,0.05999999865889549,10.0,1883,0.0
1884,1788891735.4173388,1788891735.4173388,1081,1.506469964981079,4.351466178894043,-2.3561899662017822,2.3561899662017822,0.004363323096185923,0.05999999865889549,10.0,1884,0.0
1885,1788891735.4906652,1788891735.4906652,1081,1.506080985069275,4.3171467781066895,-2.3561899662017822,2.3561899662017822,0.004363323096185923,0.05999999865889549,10.0,1885,0.0
1886,1788891735.5657463,1788891735.5657463,1081,1.505295991897583,4.28425407409668,-2.3561899662017822,2.3561899662017822,0.004363323096185923,0.05999999865889549,10.0,1886,0.0
1887,1788891735.618833,1788891735.618833,1081,1.5044549703598022,4.252030849456787,-2.3561899662017822,2.3561899662017822,0.004363323096185923,0.05999999865889549,10.0,1887,0.0
1888,1788891735.6903365,1788891735.6903365,1081,1.5038520097732544,4.246273040771484,-2.3561899662017822,2.3561899662017822,0.004363323096185923,0.05999999865889549,10.0,1888,0.0
1889,1788891735.7432454,1788891735.7432454,1081,1.5033680200576782,4.21770715713501,-2.3561899662017822,2.3561899662017822,0.004363323096185923,0.05999999865889549,10.0,1889,0.0
1890,1788891735.8152335,1788891735.8152335,1081,1.5020630359649658,4.206873893737793,-2.3561899662017822,2.3561899662017822,0.004363323096185923,0.05999999865889549,10.0,1890,0.0
1891,1788891735.8662744,1788891735.8662744,1081,1.5006029605865479,4.189664840698242,-2.3561899662017822,2.3561899662017822,0.004363323096185923,0.05999999865889549,10.0,1891,0.0
1892,1788891735.9171062,1788891735.9171062,1081,1.4961509704589844,4.162847995758057,-2.3561899662017822,2.3561899662017822,0.004363323096185923,0.05999999865889549,10.0,1892,0.0
1893,1788891735.971784,1788891735.971784,1081,1.4906150102615356,4.144970893859863,-2.3561899662017822,2.3561899662017822,0.004363323096185923,0.05999999865889549,10.0,1893,0.0
1894,1788891736.0405858,1788891736.0405858,1081,1.4850800037384033,4.127099990844727,-2.3561899662017822,2.3561899662017822,0.004363323096185923,0.05999999865889549,10.0,1894,0.0
1895,1788891736.0910351,1788891736.0910351,1081,1.4797120094299316,4.109227180480957,-2.3561899662017822,2.3561899662017822,0.004363323096185923,0.05999999865889549,10.0,1895,0.0
1896,1788891736.142327,1788891736.142327,1081,1.4721039533615112,4.082437992095947,-2.3561899662017822,2.3561899662017822,0.004363323096185923,0.05999999865889549,10.0,1896,0.0
1897,1788891736.2150755,1788891736.2150755,1081,1.4670829772949219,4.064589023590088,-2.3561899662017822,2.3561899662017822,0.004363323096185923,0.05999999865889549,10.0,1897,0.0
1898,1788891736.266736,1788891736.266736,1081,1.4623689651489258,4.046722888946533,-2.3561899662017822,2.3561899662017822,0.004363323096185923,0.05999999865889549,10.0,1898,0.0
1899,1788891736.3174162,1788891736.3174162,1081,1.4554810523986816,4.019927978515625,-2.3561899662017822,2.3561899662017822,0.004363323096185923,0.05999999865889549,10.0,1899,0.0
1900,1788891736.371383,1788891736.371383,1081,1.45107901096344,4.002078056335449,-2.3561899662017822,2.3561899662017822,0.004363323096185923,0.05999999865889549,10.0,1900,0.0
1901,1788891736.4398377,1788891736.4398377,1081,1.446673035621643,3.984208106994629,-2.3561899662017822,2.3561899662017822,0.004363323096185923,0.05999999865889549,10.0,1901,0.0
1902,1788891736.490372,1788891736.490372,1081,1.4422680139541626,3.966348886489868,-2.3561899662017822,2.3561899662017822,0.004363323096185923,0.05999999865889549,10.0,1902,0.0
1903,1788891736.540679,1788891736.540679,1081,1.4378670454025269,3.9544789791107178,-2.3561899662017822,2.3561899662017822,0.004363323096185923,0.05999999865889549,10.0,1903,0.0
1904,1788891736.5913014,1788891736.5913014,1081,1.4334650039672852,3.9438819885253906,-2.3561899662017822,2.3561899662017822,0.004363323096185923,0.05999999865889549,10.0,1904,0.0
1905,1788891736.6426249,1788891736.6426249,1081,1.4264849424362183,3.913806915283203,-2.3561899662017822,2.3561899662017822,0.004363323096185923,0.05999999865889549,10.0,1905,0.0
1906,1788891736.7155511,1788891736.7155511,1081,1.4215929508209229,3.907231092453003,-2.3561899662017822,2.3561899662017822,0.004363323096185923,0.05999999865889549,10.0,1906,0.0
1907,1788891736.7649364,1788891736.7649364,1081,1.4166820049285889,3.888216018676758,-2.3561899662017822,2.3561899662017822,0.004363323096185923,0.05999999865889549,10.0,1907,0.0
1908,1788891736.8152432,1788891736.8152432,1081,1.4119460582733154,3.8611791133880615,-2.3561899662017822,2.3561899662017822,0.004363323096185923,0.05999999865889549,10.0,1908,0.0
1909,1788891736.8661165,1788891736.8661165,1081,1.4074699878692627,3.8478310108184814,-2.3561899662017822,2.3561899662017822,0.004363323096185923,0.05999999865889549,10.0,1909,0.0
1910,1788891736.91782,1788891736.91782,1081,1.4007600545883179,3.8314619064331055,-2.3561899662017822,2.3561899662017822,0.004363323096185923,0.05999999865889549,10.0,1910,0.0
1911,1788891736.9718924,1788891736.9718924,1081,1.396285057067871,3.820539951324463,-2.3561899662017822,2.3561899662017822,0.004363323096185923,0.05999999865889549,10.0,1911,0.0
1912,1788891737.0402884,1788891737.0402884,1081,1.3918110132217407,3.807745933532715,-2.3561899662017822,2.3561899662017822,0.004363323096185923,0.05999999865889549,10.0,1912,0.0
1913,1788891737.0908632,1788891737.0908632,1081,1.3873369693756104,3.7898108959198,-2.3561899662017822,2.3561899662017822,0.004363323096185923,0.05999999865889549,10.0,1913,0.0
1914,1788891737.1424575,1788891737.1424575,1081,1.3806250095367432,3.762929916381836,-2.3561899662017822,2.3561899662017822,0.004363323096185923,0.05999999865889549,10.0,1914,0.0
1915,1788891737.1958992,1788891737.1958992,1081,1.3761509656906128,3.745023012161255,-2.3561899662017822,2.3561899662017822,0.004363323096185923,0.05999999865889549,10.0,1915,0.0
1916,1788891737.2654345,1788891737.2654345,1081,1.3716779947280884,3.7271130084991455,-2.3561899662017822,2.3561899662017822,0.004363323096185923,0.05999999865889549,10.0,1916,0.0
1917,1788891737.3150992,1788891737.3150992,1081,1.367203950881958,3.7092130184173584,-2.3561899662017822,2.3561899662017822,0.004363323096185923,0.05999999865889549,10.0,1917,0.0
1918,1788891737.366921,1788891737.366921,1081,1.3604929447174072,3.6823320388793945,-2.3561899662017822,2.3561899662017822,0.004363323096185923,0.05999999865889549,10.0,1918,0.0
1919,1788891737.4218318,1788891737.4218318,1081,1.3560160398483276,3.6644160747528076,-2.3561899662017822,2.3561899662017822,0.004363323096185923,0.05999999865889549,10.0,1919,0.0
1920,1788891737.4902694,1788891737.4902694,1081,1.3515419960021973,3.6465001106262207,-2.3561899662017822,2.3561899662017822,0.004363323096185923,0.05999999865889549,10.0,1920,0.0
1921,1788891737.540297,1788891737.540297,1081,1.3470669984817505,3.6285998821258545,-2.3561899662017822,2.3561899662017822,0.004363323096185923,0.05999999865889549,10.0,1921,0.0
1922,1788891737.5908947,1788891737.5908947,1081,1.3425929546356201,3.6106839179992676,-2.3561899662017822,2.3561899662017822,0.004363323096185923,0.05999999865889549,10.0,1922,0.0
1923,1788891737.6419475,1788891737.6419475,1081,1.3358819484710693,3.589448928833008,-2.3561899662017822,2.3561899662017822,0.004363323096185923,0.05999999865889549,10.0,1923,0.0
1924,1788891737.7154183,1788891737.7154183,1081,1.3314080238342285,3.578779935836792,-2.3561899662017822,2.3561899662017822,0.004363323096185923,0.05999999865889549,10.0,1924,0.0
1925,1788891737.765161,1788891737.765161,1081,1.3269339799880981,3.5681309700012207,-2.3561899662017822,2.3561899662017822,0.004363323096185923,0.05999999865889549,10.0,1925,0.0
1926,1788891737.815205,1788891737.815205,1081,1.3205369710922241,3.5551609992980957,-2.3561899662017822,2.3561899662017822,0.004363323096185923,0.05999999865889549,10.0,1926,0.0
1927,1788891737.864897,1788891737.864897,1081,1.3138970136642456,3.5371389389038086,-2.3561899662017822,2.3561899662017822,0.004363323096185923,0.05999999865889549,10.0,1927,0.0
1928,1788891737.9161046,1788891737.9161046,1081,1.3072580099105835,3.51910400390625,-2.3561899662017822,2.3561899662017822,0.004363323096185923,0.05999999865889549,10.0,1928,0.0
1929,1788891737.9658973,1788891737.9658973,1081,1.3004729747772217,3.5050790309906006,-2.3561899662017822,2.3561899662017822,0.004363323096185923,0.05999999865889549,10.0,1929,0.0
1930,1788891738.0163581,1788891738.0163581,1081,1.293370008468628,3.4726879596710205,-2.3561899662017822,2.3561899662017822,0.004363323096185923,0.05999999865889549,10.0,1930,0.0
1931,1788891738.0674982,1788891738.0674982,1081,1.2826679944992065,3.461198091506958,-2.3561899662017822,2.3561899662017822,0.004363323096185923,0.05999999865889549,10.0,1931,0.0
1932,1788891738.1214485,1788891738.1214485,1081,1.2755049467086792,3.4375550746917725,-2.3561899662017822,2.3561899662017822,0.004363323096185923,0.05999999865889549,10.0,1932,0.0
1933,1788891738.1906183,1788891738.1906183,1081,1.2687150239944458,3.4253458976745605,-2.3561899662017822,2.3561899662017822,0.004363323096185923,0.05999999865889549,10.0,1933,0.0
1934,1788891738.2432392,1788891738.2432392,1081,1.2585890293121338,3.408613920211792,-2.3561899662017822,2.3561899662017822,0.004363323096185923,0.05999999865889549,10.0,1934,0.0
1935,1788891738.2966063,1788891738.2966063,1081,1.251837968826294,3.391221046447754,-2.3561899662017822,2.3561899662017822,0.004363323096185923,0.05999999865889549,10.0,1935,0.0
1936,1788891738.3656807,1788891738.3656807,1081,1.2450870275497437,3.373302936553955,-2.3561899662017822,2.3561899662017822,0.004363323096185923,0.05999999865889549,10.0,1936,0.0
1937,1788891738.415708,1788891738.415708,1081,1.2383359670639038,3.355376958847046,-2.3561899662017822,2.3561899662017822,0.004363323096185923,0.05999999865889549,10.0,1937,0.0
1938,1788891738.4691021,1788891738.4691021,1081,1.2282099723815918,3.3285069465637207,-2.3561899662017822,2.3561899662017822,0.004363323096185923,0.05999999865889549,10.0,1938,0.0
1939,1788891738.5398407,1788891738.5398407,1081,1.2214549779891968,3.3106119632720947,-2.3561899662017822,2.3561899662017822,0.004363323096185923,0.05999999865889549,10.0,1939,0.0
1940,1788891738.5902498,1788891738.5902498,1081,1.2147029638290405,3.2927169799804688,-2.3561899662017822,2.3561899662017822,0.004363323096185923,0.05999999865889549,10.0,1940,0.0
1941,1788891738.64115,1788891738.64115,1081,1.2079520225524902,3.2748169898986816,-2.3561899662017822,2.3561899662017822,0.004363323096185923,0.05999999865889549,10.0,1941,0.0
1942,1788891738.6923316,1788891738.6923316,1081,1.1978249549865723,3.2479488849639893,-2.3561899662017822,2.3561899662017822,0.004363323096185923,0.05999999865889549,10.0,1942,0.0
1943,1788891738.7456975,1788891738.7456975,1081,1.191074013710022,3.2300350666046143,-2.3561899662017822,2.3561899662017822,0.004363323096185923,0.05999999865889549,10.0,1943,0.0
1944,1788891738.8157055,1788891738.8157055,1081,1.1843199729919434,3.2131519317626953,-2.3561899662017822,2.3561899662017822,0.004363323096185923,0.05999999865889549,10.0,1944,0.0
1945,1788891738.8668885,1788891738.8668885,1081,1.1775720119476318,3.202265977859497,-2.3561899662017822,2.3561899662017822,0.004363323096185923,0.05999999865889549,10.0,1945,0.0
1946,1788891738.9173212,1788891738.9173212,1081,1.1674449443817139,3.1858720779418945,-2.3561899662017822,2.3561899662017822,0.004363323096185923,0.05999999865889549,10.0,1946,0.0
1947,1788891738.9899197,1788891738.9899197,1081,1.16069495677948,3.172144889831543,-2.3561899662017822,2.3561899662017822,0.004363323096185923,0.05999999865889549,10.0,1947,0.0
1948,1788891739.0429225,1788891739.0429225,1081,1.1505670547485352,3.1451048851013184,-2.3561899662017822,2.3561899662017822,0.004363323096185923,0.05999999865889549,10.0,1948,0.0
1949,1788891739.1152709,1788891739.1152709,1081,1.143815040588379,3.127074956893921,-2.3561899662017822,2.3561899662017822,0.004363323096185923,0.05999999865889549,10.0,1949,0.0
1950,1788891739.1655154,1788891739.1655154,1081,1.137091040611267,3.1090400218963623,-2.3561899662017822,2.3561899662017822,0.004363323096185923,0.05999999865889549,10.0,1950,0.0
1951,1788891739.2153335,1788891739.2153335,1081,1.1305409669876099,3.091003894805908,-2.3561899662017822,2.3561899662017822,0.004363323096185923,0.05999999865889549,10.0,1951,0.0
1952,1788891739.2655182,1788891739.2655182,1081,1.1241810321807861,3.0729689598083496,-2.3561899662017822,2.3561899662017822,0.004363323096185923,0.05999999865889549,10.0,1952,0.0
1953,1788891739.31749,1788891739.31749,1081,1.1148719787597656,3.0459179878234863,-2.3561899662017822,2.3561899662017822,0.004363323096185923,0.05999999865889549,10.0,1953,0.0
1954,1788891739.371943,1788891739.371943,1081,1.1090079545974731,3.0278890132904053,-2.3561899662017822,2.3561899662017822,0.004363323096185923,0.05999999865889549,10.0,1954,0.0
1955,1788891739.4404898,1788891739.4404898,1081,1.1033389568328857,3.010113000869751,-2.3561899662017822,2.3561899662017822,0.004363323096185923,0.05999999865889549,10.0,1955,0.0
1956,1788891739.490308,1788891739.490308,1081,1.097862958908081,2.9993770122528076,-2.3561899662017822,2.3561899662017822,0.004363323096185923,0.05999999865889549,10.0,1956,0.0
1957,1788891739.5422802,1788891739.5422802,1081,1.0899200439453125,2.9833030700683594,-2.3561899662017822,2.3561899662017822,0.004363323096185923,0.05999999865889549,10.0,1957,0.0
1958,1788891739.6156042,1788891739.6156042,1081,1.0846439599990845,2.968203067779541,-2.3561899662017822,2.3561899662017822,0.004363323096185923,0.05999999865889549,10.0,1958,0.0
1959,1788891739.6660066,1788891739.6660066,1081,1.0793689489364624,2.9500210285186768,-2.3561899662017822,2.3561899662017822,0.004363323096185923,0.05999999865889549,10.0,1959,0.0
1960,1788891739.7161932,1788891739.7161932,1081,1.074092984199524,2.931852102279663,-2.3561899662017822,2.3561899662017822,0.004363323096185923,0.05999999865889549,10.0,1960,0.0
1961,1788891739.767066,1788891739.767066,1081,1.0661799907684326,2.9045960903167725,-2.3561899662017822,2.3561899662017822,0.004363323096185923,0.05999999865889549,10.0,1961,0.0
1962,1788891739.839837,1788891739.839837,1081,1.0609040260314941,2.886428117752075,-2.3561899662017822,2.3561899662017822,0.004363323096185923,0.05999999865889549,10.0,1962,0.0
1963,1788891739.8904688,1788891739.8904688,1081,1.0556279420852661,2.8682570457458496,-2.3561899662017822,2.3561899662017822,0.004363323096185923,0.05999999865889549,10.0,1963,0.0
1964,1788891739.9399695,1788891739.9399695,1081,1.0503519773483276,2.8501060009002686,-2.3561899662017822,2.3561899662017822,0.004363323096185923,0.05999999865889549,10.0,1964,0.0
1965,1788891739.991913,1788891739.991913,1081,1.042057991027832,2.830786943435669,-2.3561899662017822,2.3561899662017822,0.004363323096185923,0.05999999865889549,10.0,1965,0.0
1966,1788891740.0655046,1788891740.0655046,1081,1.0362980365753174,2.8213798999786377,-2.3561899662017822,2.3561899662017822,0.004363323096185923,0.05999999865889549,10.0,1966,0.0
1967,1788891740.1169374,1788891740.1169374,1081,1.027616024017334,2.7867000102996826,-2.3561899662017822,2.3561899662017822,0.004363323096185923,0.05999999865889549,10.0,1967,0.0
1968,1788891740.1712868,1788891740.1712868,1081,1.0222140550613403,2.7689011096954346,-2.3561899662017822,2.3561899662017822,0.004363323096185923,0.05999999865889549,10.0,1968,0.0
1969,1788891740.2401593,1788891740.2401593,1081,1.0168590545654297,2.7507920265197754,-2.3561899662017822,2.3561899662017822,0.004363323096185923,0.05999999865889549,10.0,1969,0.0
1970,1788891740.2957423,1788891740.2957423,1081,1.008829951286316,2.734294891357422,-2.3561899662017822,2.3561899662017822,0.004363323096185923,0.05999999865889549,10.0,1970,0.0
1971,1788891740.3655264,1788891740.3655264,1081,1.0034760236740112,2.723483085632324,-2.3561899662017822,2.3561899662017822,0.004363323096185923,0.05999999865889549,10.0,1971,0.0
1972,1788891740.4152193,1788891740.4152193,1081,0.9981219172477722,2.7072489261627197,-2.3561899662017822,2.3561899662017822,0.004363323096185923,0.05999999865889549,10.0,1972,0.0
1973,1788891740.4660797,1788891740.4660797,1081,0.9927682876586914,2.6890249252319336,-2.3561899662017822,2.3561899662017822,0.004363323096185923,0.05999999865889549,10.0,1973,0.0
1974,1788891740.517243,1788891740.517243,1081,0.9847370982170105,2.6616880893707275,-2.3561899662017822,2.3561899662017822,0.004363323096185923,0.05999999865889549,10.0,1974,0.0
1975,1788891740.590236,1788891740.590236,1081,0.97938072681427,2.643465995788574,-2.3561899662017822,2.3561899662017822,0.004363323096185923,0.05999999865889549,10.0,1975,0.0
1976,1788891740.6406727,1788891740.6406727,1081,0.9738674759864807,2.6286070346832275,-2.3561899662017822,2.3561899662017822,0.004363323096185923,0.05999999865889549,10.0,1976,0.0
1977,1788891740.6907766,1788891740.6907766,1081,0.9680368900299072,2.6186769008636475,-2.3561899662017822,2.3561899662017822,0.004363323096185923,0.05999999865889549,10.0,1977,0.0
1978,1788891740.7418656,1788891740.7418656,1081,0.9592449069023132,2.5844759941101074,-2.3561899662017822,2.3561899662017822,0.004363323096185923,0.05999999865889549,10.0,1978,0.0
1979,1788891740.796796,1788891740.796796,1081,0.9533482789993286,2.5745530128479004,-2.3561899662017822,2.3561899662017822,0.004363323096185923,0.05999999865889549,10.0,1979,0.0
1980,1788891740.8650408,1788891740.8650408,1081,0.9474291205406189,2.5546069145202637,-2.3561899662017822,2.3561899662017822,0.004363323096185923,0.05999999865889549,10.0,1980,0.0
1981,1788891740.91614,1788891740.91614,1081,0.9416825175285339,2.532205104827881,-2.3561899662017822,2.3561899662017822,0.004363323096185923,0.05999999865889549,10.0,1981,0.0
1982,1788891740.966857,1788891740.966857,1081,0.935504674911499,2.5209579467773438,-2.3561899662017822,2.3561899662017822,0.004363323096185923,0.05999999865889549,10.0,1982,0.0
1983,1788891741.0162203,1788891741.0162203,1081,0.9293270707130432,2.5097739696502686,-2.3561899662017822,2.3561899662017822,0.004363323096185923,0.05999999865889549,10.0,1983,0.0
1984,1788891741.0664835,1788891741.0664835,1081,0.9231479167938232,2.496166944503784,-2.3561899662017822,2.3561899662017822,0.004363323096185923,0.05999999865889549,10.0,1984,0.0
1985,1788891741.1174152,1788891741.1174152,1081,0.9138802886009216,2.468961000442505,-2.3561899662017822,2.3561899662017822,0.004363323096185923,0.05999999865889549,10.0,1985,0.0
1986,1788891741.1709676,1788891741.1709676,1081,0.9077013731002808,2.4508190155029297,-2.3561899662017822,2.3561899662017822,0.004363323096185923,0.05999999865889549,10.0,1986,0.0
1987,1788891741.2402852,1788891741.2402852,1081,0.9015216827392578,2.4326961040496826,-2.3561899662017822,2.3561899662017822,0.004363323096185923,0.05999999865889549,10.0,1987,0.0
1988,1788891741.2917268,1788891741.2917268,1081,0.8953446745872498,2.4145619869232178,-2.3561899662017822,2.3561899662017822,0.004363323096185923,0.05999999865889549,10.0,1988,0.0
1989,1788891741.342494,1788891741.342494,1081,0.8860703706741333,2.3873910903930664,-2.3561899662017822,2.3561899662017822,0.004363323096185923,0.05999999865889549,10.0,1989,0.0
1990,1788891741.4154027,1788891741.4154027,1081,0.8798913955688477,2.3713979721069336,-2.3561899662017822,2.3561899662017822,0.004363323096185923,0.05999999865889549,10.0,1990,0.0
1991,1788891741.4656346,1788891741.4656346,1081,0.8737121224403381,2.3603971004486084,-2.3561899662017822,2.3561899662017822,0.004363323096185923,0.05999999865889549,10.0,1991,0.0
1992,1788891741.5178328,1788891741.5178328,1081,0.8644399046897888,2.3414409160614014,-2.3561899662017822,2.3561899662017822,0.004363323096185923,0.05999999865889549,10.0,1992,0.0
1993,1788891741.5898645,1788891741.5898645,1081,0.8582609295845032,2.3231759071350098,-2.3561899662017822,2.3561899662017822,0.004363323096185923,0.05999999865889549,10.0,1993,0.0
1994,1788891741.6401448,1788891741.6401448,1081,0.8520811200141907,2.3049070835113525,-2.3561899662017822,2.3561899662017822,0.004363323096185923,0.05999999865889549,10.0,1994,0.0
1995,1788891741.6917744,1788891741.6917744,1081,0.8459025025367737,2.286639928817749,-2.3561899662017822,2.3561899662017822,0.004363323096185923,0.05999999865889549,10.0,1995,0.0
1996,1788891741.7428172,1788891741.7428172,1081,0.8366342186927795,2.259248971939087,-2.3561899662017822,2.3561899662017822,0.004363323096185923,0.05999999865889549,10.0,1996,0.0
1997,1788891741.815365,1788891741.815365,1081,0.8304545879364014,2.2409780025482178,-2.3561899662017822,2.3561899662017822,0.004363323096185923,0.05999999865889549,10.0,1997,0.0
1998,1788891741.8670468,1788891741.8670468,1081,0.82118821144104,2.2222840785980225,-2.3561899662017822,2.3561899662017822,0.004363323096185923,0.05999999865889549,10.0,1998,0.0
1999,1788891741.9401824,1788891741.9401824,1081,0.8150122165679932,2.2114930152893066,-2.3561899662017822,2.3561899662017822,0.004363323096185923,0.05999999865889549,10.0,1999,0.0
2000,1788891741.9913588,1788891741.9913588,1081,0.8088337779045105,2.193636894226074,-2.3561899662017822,2.3561899662017822,0.004363323096185923,0.05999999865889549,10.0,2000,0.0
2001,1788891742.0417132,1788891742.0417132,1081,0.8026552200317383,2.175244092941284,-2.3561899662017822,2.3561899662017822,0.004363323096185923,0.05999999865889549,10.0,2001,0.0
2002,1788891742.0940242,1788891742.0940242,1081,0.7933868765830994,2.1476430892944336,-2.3561899662017822,2.3561899662017822,0.004363323096185923,0.05999999865889549,10.0,2002,0.0
2003,1788891742.16509,1788891742.16509,1081,0.7872076034545898,2.1292459964752197,-2.3561899662017822,2.3561899662017822,0.004363323096185923,0.05999999865889549,10.0,2003,0.0
2004,1788891742.214925,1788891742.214925,1081,0.7810285091400146,2.1108450889587402,-2.3561899662017822,2.3561899662017822,0.004363323096185923,0.05999999865889549,10.0,2004,0.0
2005,1788891742.2652209,1788891742.2652209,1081,0.7748488187789917,2.100044012069702,-2.3561899662017822,2.3561899662017822,0.004363323096185923,0.05999999865889549,10.0,2005,0.0
2006,1788891742.316272,1788891742.316272,1081,0.768670380115509,2.0894429683685303,-2.3561899662017822,2.3561899662017822,0.004363323096185923,0.05999999865889549,10.0,2006,0.0
2007,1788891742.3657684,1788891742.3657684,1081,0.7624847292900085,2.0714468955993652,-2.3561899662017822,2.3561899662017822,0.004363323096185923,0.05999999865889549,10.0,2007,0.0
2008,1788891742.4189558,1788891742.4189558,1081,0.7532045245170593,2.0436320304870605,-2.3561899662017822,2.3561899662017822,0.004363323096185923,0.05999999865889549,10.0,2008,0.0
2009,1788891742.4900756,1788891742.4900756,1081,0.7470179200172424,2.0250720977783203,-2.3561899662017822,2.3561899662017822,0.004363323096185923,0.05999999865889549,10.0,2009,0.0
2010,1788891742.541275,1788891742.541275,1081,0.7408307194709778,2.0065290927886963,-2.3561899662017822,2.3561899662017822,0.004363323096185923,0.05999999865889549,10.0,2010,0.0
2011,1788891742.5931988,1788891742.5931988,1081,0.7318341732025146,1.9880059957504272,-2.3561899662017822,2.3561899662017822,0.004363323096185923,0.05999999865889549,10.0,2011,0.0
2012,1788891742.6651382,1788891742.6651382,1081,0.7261043190956116,1.977668046951294,-2.3561899662017822,2.3561899662017822,0.004363323096185923,0.05999999865889549,10.0,2012,0.0
2013,1788891742.7169821,1788891742.7169821,1081,0.7175427079200745,1.9518309831619263,-2.3561899662017822,2.3561899662017822,0.004363323096185923,0.05999999865889549,10.0,2013,0.0
2014,1788891742.771425,1788891742.771425,1081,0.7118381857872009,1.9346120357513428,-2.3561899662017822,2.3561899662017822,0.004363323096185923,0.05999999865889549,10.0,2014,0.0
2015,1788891742.8400395,1788891742.8400395,1081,0.7061321139335632,1.9173970222473145,-2.3561899662017822,2.3561899662017822,0.004363323096185923,0.05999999865889549,10.0,2015,0.0
2016,1788891742.8920445,1788891742.8920445,1081,0.6975737810134888,1.8945120573043823,-2.3561899662017822,2.3561899662017822,0.004363323096185923,0.05999999865889549,10.0,2016,0.0
2017,1788891742.9656186,1788891742.9656186,1081,0.69186931848526,1.8850829601287842,-2.3561899662017822,2.3561899662017822,0.004363323096185923,0.05999999865889549,10.0,2017,0.0
2018,1788891743.0156066,1788891743.0156066,1081,0.6861634254455566,1.8716579675674438,-2.3561899662017822,2.3561899662017822,0.004363323096185923,0.05999999865889549,10.0,2018,0.0
2019,1788891743.067397,1788891743.067397,1081,0.6775662899017334,1.8499259948730469,-2.3561899662017822,2.3561899662017822,0.004363323096185923,0.05999999865889549,10.0,2019,0.0
2020,1788891743.140393,1788891743.140393,1081,0.6722642183303833,1.8358010053634644,-2.3561899662017822,2.3561899662017822,0.004363323096185923,0.05999999865889549,10.0,2020,0.0
2021,1788891743.1924884,1788891743.1924884,1081,0.6644049882888794,1.8118849992752075,-2.3561899662017822,2.3561899662017822,0.004363323096185923,0.05999999865889549,10.0,2021,0.0
2022,1788891743.2651613,1788891743.2651613,1081,0.6588513255119324,1.8005789518356323,-2.3561899662017822,2.3561899662017822,0.004363323096185923,0.05999999865889549,10.0,2022,0.0
2023,1788891743.3158762,1788891743.3158762,1081,0.6532043814659119,1.7871079444885254,-2.3561899662017822,2.3561899662017822,0.004363323096185923,0.05999999865889549,10.0,2023,0.0
2024,1788891743.3677425,1788891743.3677425,1081,0.6450523138046265,1.7676550149917603,-2.3561899662017822,2.3561899662017822,0.004363323096185923,0.05999999865889549,10.0,2024,0.0
2025,1788891743.440004,1788891743.440004,1081,0.6397590041160583,1.7496180534362793,-2.3561899662017822,2.3561899662017822,0.004363323096185923,0.05999999865889549,10.0,2025,0.0
2026,1788891743.4919157,1788891743.4919157,1081,0.6345686912536621,1.734400987625122,-2.3561899662017822,2.3561899662017822,0.004363323096185923,0.05999999865889549,10.0,2026,0.0
2027,1788891743.542283,1788891743.542283,1081,0.6267899870872498,1.719871997833252,-2.3561899662017822,2.3561899662017822,0.004363323096185923,0.05999999865889549,10.0,2027,0.0
2028,1788891743.6156142,1788891743.6156142,1081,0.6216039061546326,1.704774022102356,-2.3561899662017822,2.3561899662017822,0.004363323096185923,0.05999999865889549,10.0,2028,0.0
2029,1788891743.6671343,1788891743.6671343,1081,0.6135907173156738,1.6810510158538818,-2.3561899662017822,2.3561899662017822,0.004363323096185923,0.05999999865889549,10.0,2029,0.0
2030,1788891743.7399437,1788891743.7399437,1081,0.6082397103309631,1.670153021812439,-2.3561899662017822,2.3561899662017822,0.004363323096185923,0.05999999865889549,10.0,2030,0.0
2031,1788891743.792514,1788891743.792514,1081,0.6003931760787964,1.6498709917068481,-2.3561899662017822,2.3561899662017822,0.004363323096185923,0.05999999865889549,10.0,2031,0.0
2032,1788891743.8650258,1788891743.8650258,1081,0.5950379967689514,1.6389390230178833,-2.3561899662017822,2.3561899662017822,0.004363323096185923,0.05999999865889549,10.0,2032,0.0
2033,1788891743.9198425,1788891743.9198425,1081,0.5871456265449524,1.6240719556808472,-2.3561899662017822,2.3561899662017822,0.004363323096185923,0.05999999865889549,10.0,2033,0.0
2034,1788891743.9904983,1788891743.9904983,1081,0.5818852186203003,1.6109189987182617,-2.3561899662017822,2.3561899662017822,0.004363323096185923,0.05999999865889549,10.0,2034,0.0
2035,1788891744.0423064,1788891744.0423064,1081,0.5739501714706421,1.5864200592041016,-2.3561899662017822,2.3561899662017822,0.004363323096185923,0.05999999865889549,10.0,2035,0.0
2036,1788891744.1154466,1788891744.1154466,1081,0.5689535737037659,1.5749739408493042,-2.3561899662017822,2.3561899662017822,0.004363323096185923,0.05999999865889549,10.0,2036,0.0
2037,1788891744.169786,1788891744.169786,1081,0.5615023970603943,1.5623979568481445,-2.3561899662017822,2.3561899662017822,0.004363323096185923,0.05999999865889549,10.0,2037,0.0
2038,1788891744.240069,1788891744.240069,1081,0.556536078453064,1.5488320589065552,-2.3561899662017822,2.3561899662017822,0.004363323096185923,0.05999999865889549,10.0,2038,0.0
2039,1788891744.2921202,1788891744.2921202,1081,0.5490853190422058,1.5271580219268799,-2.3561899662017822,2.3561899662017822,0.004363323096185923,0.05999999865889549,10.0,2039,0.0
2040,1788891744.3657532,1788891744.3657532,1081,0.5441176295280457,1.5127019882202148,-2.3561899662017822,2.3561899662017822,0.004363323096185923,0.05999999865889549,10.0,2040,0.0
2041,1788891744.4172246,1788891744.4172246,1081,0.5366672277450562,1.4944859743118286,-2.3561899662017822,2.3561899662017822,0.004363323096185923,0.05999999865889549,10.0,2041,0.0
2042,1788891744.4904594,1788891744.4904594,1081,0.5316985845565796,1.4862459897994995,-2.3561899662017822,2.3561899662017822,0.004363323096185923,0.05999999865889549,10.0,2042,0.0
2043,1788891744.5441666,1788891744.5441666,1081,0.5242478251457214,1.4667789936065674,-2.3561899662017822,2.3561899662017822,0.004363323096185923,0.05999999865889549,10.0,2043,0.0
2044,1788891744.6152456,1788891744.6152456,1081,0.5192810893058777,1.4522019624710083,-2.3561899662017822,2.3561899662017822,0.004363323096185923,0.05999999865889549,10.0,2044,0.0
2045,1788891744.6670437,1788891744.6670437,1081,0.5118299126625061,1.4303410053253174,-2.3561899662017822,2.3561899662017822,0.004363323096185923,0.05999999865889549,10.0,2045,0.0
2046,1788891744.7213619,1788891744.7213619,1081,0.5069112777709961,1.4199509620666504,-2.3561899662017822,2.3561899662017822,0.004363323096185923,0.05999999865889549,10.0,2046,0.0
2047,1788891744.7901816,1788891744.7901816,1081,0.5021107792854309,1.4105130434036255,-2.3561899662017822,2.3561899662017822,0.004363323096185923,0.05999999865889549,10.0,2047,0.0
2048,1788891744.8416886,1788891744.8416886,1081,0.49744901061058044,1.399253010749817,-2.3561899662017822,2.3561899662017822,0.004363323096185923,0.05999999865889549,10.0,2048,0.0
2049,1788891744.8927903,1788891744.8927903,1081,0.49072059988975525,1.3796039819717407,-2.3561899662017822,2.3561899662017822,0.004363323096185923,0.05999999865889549,10.0,2049,0.0
2050,1788891744.965321,1788891744.965321,1081,0.48598289489746094,1.369616985321045,-2.3561899662017822,2.3561899662017822,0.004363323096185923,0.05999999865889549,10.0,2050,0.0
2051,1788891745.0185492,1788891745.0185492,1081,0.4787518084049225,1.3553550243377686,-2.3561899662017822,2.3561899662017822,0.004363323096185923,0.05999999865889549,10.0,2051,0.0
2052,1788891745.0898395,1788891745.0898395,1081,0.47420069575309753,1.342344045639038,-2.3561899662017822,2.3561899662017822,0.004363323096185923,0.05999999865889549,10.0,2052,0.0
2053,1788891745.142456,1788891745.142456,1081,0.4674207866191864,1.323322057723999,-2.3561899662017822,2.3561899662017822,0.004363323096185923,0.05999999865889549,10.0,2053,0.0
2054,1788891745.2151308,1788891745.2151308,1081,0.4629029929637909,1.3160150051116943,-2.3561899662017822,2.3561899662017822,0.004363323096185923,0.05999999865889549,10.0,2054,0.0
2055,1788891745.2647955,1788891745.2647955,1081,0.4582759141921997,1.305853009223938,-2.3561899662017822,2.3561899662017822,0.004363323096185923,0.05999999865889549,10.0,2055,0.0
2056,1788891745.315226,1788891745.315226,1081,0.453438401222229,1.2915300130844116,-2.3561899662017822,2.3561899662017822,0.004363323096185923,0.05999999865889549,10.0,2056,0.0
2057,1788891745.3662045,1788891745.3662045,1081,0.4487256109714508,1.280729055404663,-2.3561899662017822,2.3561899662017822,0.004363323096185923,0.05999999865889549,10.0,2057,0.0
2058,1788891745.4169717,1788891745.4169717,1081,0.4419932961463928,1.2646809816360474,-2.3561899662017822,2.3561899662017822,0.004363323096185923,0.05999999865889549,10.0,2058,0.0
2059,1788891745.4906175,1788891745.4906175,1081,0.43765780329704285,1.2520920038223267,-2.3561899662017822,2.3561899662017822,0.004363323096185923,0.05999999865889549,10.0,2059,0.0
2060,1788891745.542882,1788891745.542882,1081,0.43116331100463867,1.238935947418213,-2.3561899662017822,2.3561899662017822,0.004363323096185923,0.05999999865889549,10.0,2060,0.0
2061,1788891745.6157694,1788891745.6157694,1081,0.4270654022693634,1.227349042892456,-2.3561899662017822,2.3561899662017822,0.004363323096185923,0.05999999865889549,10.0,2061,0.0
2062,1788891745.6675084,1788891745.6675084,1081,0.4209592044353485,1.2166290283203125,-2.3561899662017822,2.3561899662017822,0.004363323096185923,0.05999999865889549,10.0,2062,0.0
2063,1788891745.721865,1788891745.721865,1081,0.4166663885116577,1.2050909996032715,-2.3561899662017822,2.3561899662017822,0.004363323096185923,0.05999999865889549,10.0,2063,0.0
2064,1788891745.7899494,1788891745.7899494,1081,0.4123038053512573,1.1927679777145386,-2.3561899662017822,2.3561899662017822,0.004363323096185923,0.05999999865889549,10.0,2064,0.0
2065,1788891745.8404186,1788891745.8404186,1081,0.4079385995864868,1.1830979585647583,-2.3561899662017822,2.3561899662017822,0.004363323096185923,0.05999999865889549,10.0,2065,0.0
2066,1788891745.8912156,1788891745.8912156,1081,0.40369710326194763,1.1728500127792358,-2.3561899662017822,2.3561899662017822,0.004363323096185923,0.05999999865889549,10.0,2066,0.0
2067,1788891745.9426446,1788891745.9426446,1081,0.39781591296195984,1.1610859632492065,-2.3561899662017822,2.3561899662017822,0.004363323096185923,0.05999999865889549,10.0,2067,0.0
2068,1788891745.9953423,1788891745.9953423,1081,0.39396288990974426,1.1497290134429932,-2.3561899662017822,2.3561899662017822,0.004363323096185923,0.05999999865889549,10.0,2068,0.0
2069,1788891746.0651188,1788891746.0651188,1081,0.390264093875885,1.1376919746398926,-2.3561899662017822,2.3561899662017822,0.004363323096185923,0.05999999865889549,10.0,2069,0.0
2070,1788891746.1171517,1788891746.1171517,1081,0.38506901264190674,1.1238939762115479,-2.3561899662017822,2.3561899662017822,0.004363323096185923,0.05999999865889549,10.0,2070,0.0
2071,1788891746.1906126,1788891746.1906126,1081,0.3818958103656769,1.1149890422821045,-2.3561899662017822,2.3561899662017822,0.004363323096185923,0.05999999865889549,10.0,2071,0.0
2072,1788891746.2413073,1788891746.2413073,1081,0.3790189027786255,1.104653000831604,-2.3561899662017822,2.3561899662017822,0.004363323096185923,0.05999999865889549,10.0,2072,0.0
2073,1788891746.2927408,1788891746.2927408,1081,0.37475091218948364,1.089508056640625,-2.3561899662017822,2.3561899662017822,0.004363323096185923,0.05999999865889549,10.0,2073,0.0
2074,1788891746.3648365,1788891746.3648365,1081,0.3717691898345947,1.080536961555481,-2.3561899662017822,2.3561899662017822,0.004363323096185923,0.05999999865889549,10.0,2074,0.0
2075,1788891746.4170465,1788891746.4170465,1081,0.36727508902549744,1.0670679807662964,-2.3561899662017822,2.3561899662017822,0.004363323096185923,0.05999999865889549,10.0,2075,0.0
2076,1788891746.4900377,1788891746.4900377,1081,0.3645308017730713,1.0554319620132446,-2.3561899662017822,2.3561899662017822,0.004363323096185923,0.05999999865889549,10.0,2076,0.0
2077,1788891746.5407655,1788891746.5407655,1081,0.361818790435791,1.0436689853668213,-2.3561899662017822,2.3561899662017822,0.004363323096185923,0.05999999865889549,10.0,2077,0.0
2078,1788891746.591702,1788891746.591702,1081,0.3590882122516632,1.0332449674606323,-2.3561899662017822,2.3561899662017822,0.004363323096185923,0.05999999865889549,10.0,2078,0.0
2079,1788891746.6457303,1788891746.6457303,1081,0.3550998866558075,1.0212229490280151,-2.3561899662017822,2.3561899662017822,0.004363323096185923,0.05999999865889549,10.0,2079,0.0
2080,1788891746.7152913,1788891746.7152913,1081,0.35245248675346375,1.0132869482040405,-2.3561899662017822,2.3561899662017822,0.004363323096185923,0.05999999865889549,10.0,2080,0.0
2081,1788891746.7661185,1788891746.7661185,1081,0.3499087989330292,1.0041719675064087,-2.3561899662017822,2.3561899662017822,0.004363323096185923,0.05999999865889549,10.0,2081,0.0
2082,1788891746.8162282,1788891746.8162282,1081,0.3474965989589691,0.9938846826553345,-2.3561899662017822,2.3561899662017822,0.004363323096185923,0.05999999865889549,10.0,2082,0.0
2083,1788891746.8679905,1788891746.8679905,1081,0.34367918968200684,0.9806331992149353,-2.3561899662017822,2.3561899662017822,0.004363323096185923,0.05999999865889549,10.0,2083,0.0
2084,1788891746.9401984,1788891746.9401984,1081,0.34102439880371094,0.97242671251297,-2.3561899662017822,2.3561899662017822,0.004363323096185923,0.05999999865889549,10.0,2084,0.0
2085,1788891746.990186,1788891746.990186,1081,0.3383497893810272,0.9644147753715515,-2.3561899662017822,2.3561899662017822,0.004363323096185923,0.05999999865889549,10.0,2085,0.0
2086,1788891747.0419798,1788891747.0419798,1081,0.3345676064491272,0.9500892758369446,-2.3561899662017822,2.3561899662017822,0.004363323096185923,0.05999999865889549,10.0,2086,0.0
2087,1788891747.115443,1788891747.115443,1081,0.33213579654693604,0.9438658952713013,-2.3561899662017822,2.3561899662017822,0.004363323096185923,0.05999999865889549,10.0,2087,0.0
2088,1788891747.1706438,1788891747.1706438,1081,0.32848531007766724,0.9325398802757263,-2.3561899662017822,2.3561899662017822,0.004363323096185923,0.05999999865889549,10.0,2088,0.0
2089,1788891747.2399268,1788891747.2399268,1081,0.32585689425468445,0.9240502119064331,-2.3561899662017822,2.3561899662017822,0.004363323096185923,0.05999999865889549,10.0,2089,0.0
2090,1788891747.2910678,1788891747.2910678,1081,0.32317081093788147,0.9158487915992737,-2.3561899662017822,2.3561899662017822,0.004363323096185923,0.05999999865889549,10.0,2090,0.0
2091,1788891747.3418102,1788891747.3418102,1081,0.3205738961696625,0.9065979719161987,-2.3561899662017822,2.3561899662017822,0.004363323096185923,0.05999999865889549,10.0,2091,0.0
2092,1788891747.391166,1788891747.391166,1081,0.3181209862232208,0.8962070941925049,-2.3561899662017822,2.3561899662017822,0.004363323096185923,0.05999999865889549,10.0,2092,0.0
2093,1788891747.4421296,1788891747.4421296,1081,0.3144401013851166,0.8806160092353821,-2.3561899662017822,2.3561899662017822,0.004363323096185923,0.05999999865889549,10.0,2093,0.0
2094,1788891747.4966667,1788891747.4966667,1081,0.31178519129753113,0.8720415234565735,-2.3561899662017822,2.3561899662017822,0.004363323096185923,0.05999999865889549,10.0,2094,0.0
2095,1788891747.5648866,1788891747.5648866,1081,0.3090766966342926,0.8637487292289734,-2.3561899662017822,2.3561899662017822,0.004363323096185923,0.05999999865889549,10.0,2095,0.0
2096,1788891747.6183867,1788891747.6183867,1081,0.30499470233917236,0.8513047099113464,-2.3561899662017822,2.3561899662017822,0.004363323096185923,0.05999999865889549,10.0,2096,0.0
2097,1788891747.689913,1788891747.689913,1081,0.3025098145008087,0.8437116146087646,-2.3561899662017822,2.3561899662017822,0.004363323096185923,0.05999999865889549,10.0,2097,0.0
2098,1788891747.742341,1788891747.742341,1081,0.2989841103553772,0.8329694867134094,-2.3561899662017822,2.3561899662017822,0.004363323096185923,0.05999999865889549,10.0,2098,0.0
2099,1788891747.7957284,1788891747.7957284,1081,0.296627014875412,0.8258247971534729,-2.3561899662017822,2.3561899662017822,0.004363323096185923,0.05999999865889549,10.0,2099,0.0
2100,1788891747.8657336,1788891747.8657336,1081,0.2942694127559662,0.8186560273170471,-2.3561899662017822,2.3561899662017822,0.004363323096185923,0.05999999865889549,10.0,2100,0.0
2101,1788891747.9178815,1788891747.9178815,1081,0.29073119163513184,0.807872474193573,-2.3561899662017822,2.3561899662017822,0.004363323096185923,0.05999999865889549,10.0,2101,0.0
2102,1788891747.9908047,1788891747.9908047,1081,0.2883588969707489,0.8006862998008728,-2.3561899662017822,2.3561899662017822,0.004363323096185923,0.05999999865889549,10.0,2102,0.0
2103,1788891748.0652266,1788891748.0652266,1081,0.28504478931427,0.7906612753868103,-2.3561899662017822,2.3561899662017822,0.004363323096185923,0.05999999865889549,10.0,2103,0.0
2104,1788891748.1182241,1788891748.1182241,1081,0.28205710649490356,0.7810835838317871,-2.3561899662017822,2.3561899662017822,0.004363323096185923,0.05999999865889549,10.0,2104,0.0
2105,1788891748.1904008,1788891748.1904008,1081,0.2800680100917816,0.7744526863098145,-2.3561899662017822,2.3561899662017822,0.004363323096185923,0.05999999865889549,10.0,2105,0.0
2106,1788891748.240647,1788891748.240647,1081,0.2780793011188507,0.7678518295288086,-2.3561899662017822,2.3561899662017822,0.004363323096185923,0.05999999865889549,10.0,2106,0.0
2107,1788891748.292587,1788891748.292587,1081,0.2750735878944397,0.7579193711280823,-2.3561899662017822,2.3561899662017822,0.004363323096185923,0.05999999865889549,10.0,2107,0.0
2108,1788891748.3470016,1788891748.3470016,1081,0.27487289905548096,0.7573881149291992,-2.3561899662017822,2.3561899662017822,0.004363323096185923,0.05999999865889549,10.0,2108,0.0
2109,1788891748.4151537,1788891748.4151537,1081,0.2749072015285492,0.757476270198822,-2.3561899662017822,2.3561899662017822,0.004363323096185923,0.05999999865889549,10.0,2109,0.0
2110,1788891748.493013,1788891748.493013,1081,0.2749355137348175,0.757547914981842,-2.3561899662017822,2.3561899662017822,0.004363323096185923,0.05999999865889549,10.0,2110,0.0
2111,1788891748.5467596,1788891748.5467596,1081,0.27495309710502625,0.7575907111167908,-2.3561899662017822,2.3561899662017822,0.004363323096185923,0.05999999865889549,10.0,2111,0.0
2112,1788891748.6148186,1788891748.6148186,1081,0.2749685049057007,0.7576305270195007,-2.3561899662017822,2.3561899662017822,0.004363323096185923,0.05999999865889549,10.0,2112,0.0
2113,1788891748.66646,1788891748.66646,1081,0.27497249841690063,0.7576410174369812,-2.3561899662017822,2.3561899662017822,0.004363323096185923,0.05999999865889549,10.0,2113,0.0
2114,1788891748.7177908,1788891748.7177908,1081,0.27497538924217224,0.7576441764831543,-2.3561899662017822,2.3561899662017822,0.004363323096185923,0.05999999865889549,10.0,2114,0.0
2115,1788891748.7903478,1788891748.7903478,1081,0.27497878670692444,0.7576515078544617,-2.3561899662017822,2.3561899662017822,0.004363323096185923,0.05999999865889549,10.0,2115,0.0
2116,1788891748.842185,1788891748.842185,1081,0.2749800980091095,0.757645308971405,-2.3561899662017822,2.3561899662017822,0.004363323096185923,0.05999999865889549,10.0,2116,0.0
2117,1788891748.915313,1788891748.915313,1081,0.27498069405555725,0.7576498985290527,-2.3561899662017822,2.3561899662017822,0.004363323096185923,0.05999999865889549,10.0,2117,0.0
2118,1788891748.9654686,1788891748.9654686,1081,0.27498090267181396,0.7576497197151184,-2.3561899662017822,2.3561899662017822,0.004363323096185923,0.05999999865889549,10.0,2118,0.0
2119,1788891749.0172048,1788891749.0172048,1081,0.2749806046485901,0.7576513886451721,-2.3561899662017822,2.3561899662017822,0.004363323096185923,0.05999999865889549,10.0,2119,0.0
2120,1788891749.0719235,1788891749.0719235,1081,0.27497830986976624,0.7576388716697693,-2.3561899662017822,2.3561899662017822,0.004363323096185923,0.05999999865889549,10.0,2120,0.0
2121,1788891749.1407003,1788891749.1407003,1081,0.27497750520706177,0.7576205730438232,-2.3561899662017822,2.3561899662017822,0.004363323096185923,0.05999999865889549,10.0,2121,0.0
2122,1788891749.1913002,1788891749.1913002,1081,0.2749778926372528,0.7576348185539246,-2.3561899662017822,2.3561899662017822,0.004363323096185923,0.05999999865889549,10.0,2122,0.0
2123,1788891749.2413776,1788891749.2413776,1081,0.27497759461402893,0.7576519846916199,-2.3561899662017822,2.3561899662017822,0.004363323096185923,0.05999999865889549,10.0,2123,0.0
2124,1788891749.291979,1788891749.291979,1081,0.27497848868370056,0.7576712965965271,-2.3561899662017822,2.3561899662017822,0.004363323096185923,0.05999999865889549,10.0,2124,0.0
2125,1788891749.3656864,1788891749.3656864,1081,0.274978905916214,0.7576761841773987,-2.3561899662017822,2.3561899662017822,0.004363323096185923,0.05999999865889549,10.0,2125,0.0
2126,1788891749.415759,1788891749.415759,1081,0.27497848868370056,0.7576630115509033,-2.3561899662017822,2.3561899662017822,0.004363323096185923,0.05999999865889549,10.0,2126,0.0
2127,1788891749.4671533,1788891749.4671533,1081,0.2749786972999573,0.757652223110199,-2.3561899662017822,2.3561899662017822,0.004363323096185923,0.05999999865889549,10.0,2127,0.0
2128,1788891749.5407598,1788891749.5407598,1081,0.27498000860214233,0.7576671242713928,-2.3561899662017822,2.3561899662017822,0.004363323096185923,0.05999999865889549,10.0,2128,0.0
2129,1788891749.593129,1788891749.593129,1081,0.27497631311416626,0.7576599717140198,-2.3561899662017822,2.3561899662017822,0.004363323096185923,0.05999999865889549,10.0,2129,0.0
2130,1788891749.665358,1788891749.665358,1081,0.2749635875225067,0.7576133012771606,-2.3561899662017822,2.3561899662017822,0.004363323096185923,0.05999999865889549,10.0,2130,0.0
2131,1788891749.7169313,1788891749.7169313,1081,0.27495869994163513,0.7575948238372803,-2.3561899662017822,2.3561899662017822,0.004363323096185923,0.05999999865889549,10.0,2131,0.0
2132,1788891749.790628,1788891749.790628,1081,0.2749587893486023,0.7575945854187012,-2.3561899662017822,2.3561899662017822,0.004363323096185923,0.05999999865889549,10.0,2132,0.0
2133,1788891749.840565,1788891749.840565,1081,0.2749587893486023,0.757597029209137,-2.3561899662017822,2.3561899662017822,0.004363323096185923,0.05999999865889549,10.0,2133,0.0
2134,1788891749.8910496,1788891749.8910496,1081,0.27495959401130676,0.7576233148574829,-2.3561899662017822,2.3561899662017822,0.004363323096185923,0.05999999865889549,10.0,2134,0.0
2135,1788891749.940885,1788891749.940885,1081,0.2749600112438202,0.7576259970664978,-2.3561899662017822,2.3561899662017822,0.004363323096185923,0.05999999865889549,10.0,2135,0.0
2136,1788891749.9916553,1788891749.9916553,1081,0.2749604880809784,0.7576286196708679,-2.3561899662017822,2.3561899662017822,0.004363323096185923,0.05999999865889549,10.0,2136,0.0
2137,1788891750.0652995,1788891750.0652995,1081,0.2749604880809784,0.7576274275779724,-2.3561899662017822,2.3561899662017822,0.004363323096185923,0.05999999865889549,10.0,2137,0.0
2138,1788891750.1157255,1788891750.1157255,1081,0.27496010065078735,0.7576246857643127,-2.3561899662017822,2.3561899662017822,0.004363323096185923,0.05999999865889549,10.0,2138,0.0
2139,1788891750.166011,1788891750.166011,1081,0.2749604880809784,0.7576274275779724,-2.3561899662017822,2.3561899662017822,0.004363323096185923,0.05999999865889549,10.0,2139,0.0
2140,1788891750.2171082,1788891750.2171082,1081,0.2749604880809784,0.7576298117637634,-2.3561899662017822,2.3561899662017822,0.004363323096185923,0.05999999865889549,10.0,2140,0.0
2141,1788891750.2904181,1788891750.2904181,1081,0.27495959401130676,0.7576280832290649,-2.3561899662017822,2.3561899662017822,0.004363323096185923,0.05999999865889549,10.0,2141,0.0
2142,1788891750.3427157,1788891750.3427157,1081,0.27495959401130676,0.7576280832290649,-2.3561899662017822,2.3561899662017822,0.004363323096185923,0.05999999865889549,10.0,2142,0.0
2143,1788891750.3959033,1788891750.3959033,1081,0.27495959401130676,0.7576292157173157,-2.3561899662017822,2.3561899662017822,0.004363323096185923,0.05999999865889549,10.0,2143,0.0
2144,1788891750.4652405,1788891750.4652405,1081,0.2749609053134918,0.7576407194137573,-2.3561899662017822,2.3561899662017822,0.004363323096185923,0.05999999865889549,10.0,2144,0.0
2145,1788891750.517506,1788891750.517506,1081,0.27496230602264404,0.7576587796211243,-2.3561899662017822,2.3561899662017822,0.004363323096185923,0.05999999865889549,10.0,2145,0.0
2146,1788891750.571779,1788891750.571779,1081,0.27496230602264404,0.7576587796211243,-2.3561899662017822,2.3561899662017822,0.004363323096185923,0.05999999865889549,10.0,2146,0.0
2147,1788891750.6398718,1788891750.6398718,1081,0.27496230602264404,0.757659912109375,-2.3561899662017822,2.3561899662017822,0.004363323096185923,0.05999999865889549,10.0,2147,0.0
2148,1788891750.691158,1788891750.691158,1081,0.27496230602264404,0.7576587796211243,-2.3561899662017822,2.3561899662017822,0.004363323096185923,0.05999999865889549,10.0,2148,0.0
2149,1788891750.7419648,1788891750.7419648,1081,0.27496328949928284,0.7576627135276794,-2.3561899662017822,2.3561899662017822,0.004363323096185923,0.05999999865889549,10.0,2149,0.0
2150,1788891750.7932205,1788891750.7932205,1081,0.27496451139450073,0.7576966285705566,-2.3561899662017822,2.3561899662017822,0.004363323096185923,0.05999999865889549,10.0,2150,0.0
2151,1788891750.8651378,1788891750.8651378,1081,0.2749648988246918,0.7577062845230103,-2.3561899662017822,2.3561899662017822,0.004363323096185923,0.05999999865889549,10.0,2151,0.0
2152,1788891750.9160564,1788891750.9160564,1081,0.2749652862548828,0.7577148079872131,-2.3561899662017822,2.3561899662017822,0.004363323096185923,0.05999999865889549,10.0,2152,0.0
2153,1788891750.9678752,1788891750.9678752,1081,0.2749665081501007,0.7577056884765625,-2.3561899662017822,2.3561899662017822,0.004363323096185923,0.05999999865889549,10.0,2153,0.0
2154,1788891751.0407083,1788891751.0407083,1081,0.27496978640556335,0.757720410823822,-2.3561899662017822,2.3561899662017822,0.004363323096185923,0.05999999865889549,10.0,2154,0.0
2155,1788891751.0923185,1788891751.0923185,1081,0.27496978640556335,0.757718026638031,-2.3561899662017822,2.3561899662017822,0.004363323096185923,0.05999999865889549,10.0,2155,0.0
2156,1788891751.1656165,1788891751.1656165,1081,0.2749693989753723,0.7577093839645386,-2.3561899662017822,2.3561899662017822,0.004363323096185923,0.05999999865889549,10.0,2156,0.0
2157,1788891751.216127,1788891751.216127,1081,0.2749699056148529,0.757708728313446,-2.3561899662017822,2.3561899662017822,0.004363323096185923,0.05999999865889549,10.0,2157,0.0
2158,1788891751.2682707,1788891751.2682707,1081,0.2749694883823395,0.7577024102210999,-2.3561899662017822,2.3561899662017822,0.004363323096185923,0.05999999865889549,10.0,2158,0.0
2159,1788891751.3398488,1788891751.3398488,1081,0.27496978640556335,0.7577192187309265,-2.3561899662017822,2.3561899662017822,0.004363323096185923,0.05999999865889549,10.0,2159,0.0
2160,1788891751.3929718,1788891751.3929718,1081,0.2749718129634857,0.7577199935913086,-2.3561899662017822,2.3561899662017822,0.004363323096185923,0.05999999865889549,10.0,2160,0.0
2161,1788891751.4651818,1788891751.4651818,1081,0.2749738097190857,0.757725715637207,-2.3561899662017822,2.3561899662017822,0.004363323096185923,0.05999999865889549,10.0,2161,0.0
2162,1788891751.5174327,1788891751.5174327,1081,0.2749738097190857,0.757717490196228,-2.3561899662017822,2.3561899662017822,0.004363323096185923,0.05999999865889549,10.0,2162,0.0
2163,1788891751.590307,1788891751.590307,1081,0.2749738097190857,0.7577186226844788,-2.3561899662017822,2.3561899662017822,0.004363323096185923,0.05999999865889549,10.0,2163,0.0
2164,1788891751.641761,1788891751.641761,1081,0.2749747931957245,0.7577201724052429,-2.3561899662017822,2.3561899662017822,0.004363323096185923,0.05999999865889549,10.0,2164,0.0
2165,1788891751.692464,1788891751.692464,1081,0.27497708797454834,0.7577331066131592,-2.3561899662017822,2.3561899662017822,0.004363323096185923,0.05999999865889549,10.0,2165,0.0
2166,1788891751.765143,1788891751.765143,1081,0.27497678995132446,0.7577233910560608,-2.3561899662017822,2.3561899662017822,0.004363323096185923,0.05999999865889549,10.0,2166,0.0
2167,1788891751.8159947,1788891751.8159947,1081,0.27497759461402893,0.7577403783798218,-2.3561899662017822,2.3561899662017822,0.004363323096185923,0.05999999865889549,10.0,2167,0.0
2168,1788891751.8671212,1788891751.8671212,1081,0.27497759461402893,0.7577428221702576,-2.3561899662017822,2.3561899662017822,0.004363323096185923,0.05999999865889549,10.0,2168,0.0
2169,1788891751.939821,1788891751.939821,1081,0.27497759461402893,0.7577391862869263,-2.3561899662017822,2.3561899662017822,0.004363323096185923,0.05999999865889549,10.0,2169,0.0
2170,1788891751.990013,1788891751.990013,1081,0.27497848868370056,0.7577515244483948,-2.3561899662017822,2.3561899662017822,0.004363323096185923,0.05999999865889549,10.0,2170,0.0
2171,1788891752.0418608,1788891752.0418608,1081,0.27497848868370056,0.757749080657959,-2.3561899662017822,2.3561899662017822,0.004363323096185923,0.05999999865889549,10.0,2171,0.0
2172,1788891752.0922942,1788891752.0922942,1081,0.2749777138233185,0.7577273845672607,-2.3561899662017822,2.3561899662017822,0.004363323096185923,0.05999999865889549,10.0,2172,0.0
2173,1788891752.1650956,1788891752.1650956,1081,0.2749781012535095,0.7577325105667114,-2.3561899662017822,2.3561899662017822,0.004363323096185923,0.05999999865889549,10.0,2173,0.0
2174,1788891752.2180555,1788891752.2180555,1081,0.2749781012535095,0.7577406167984009,-2.3561899662017822,2.3561899662017822,0.004363323096185923,0.05999999865889549,10.0,2174,0.0
2175,1788891752.2720127,1788891752.2720127,1081,0.2749791145324707,0.7577399015426636,-2.3561899662017822,2.3561899662017822,0.004363323096185923,0.05999999865889549,10.0,2175,0.0
2176,1788891752.3403378,1788891752.3403378,1081,0.2749786972999573,0.7577313184738159,-2.3561899662017822,2.3561899662017822,0.004363323096185923,0.05999999865889549,10.0,2176,0.0
2177,1788891752.3911533,1788891752.3911533,1081,0.2749791145324707,0.7577375173568726,-2.3561899662017822,2.3561899662017822,0.004363323096185923,0.05999999865889549,10.0,2177,0.0
2178,1788891752.4429548,1788891752.4429548,1081,0.2749791145324707,0.7577353119850159,-2.3561899662017822,2.3561899662017822,0.004363323096185923,0.05999999865889549,10.0,2178,0.0
2179,1788891752.5151472,1788891752.5151472,1081,0.27498188614845276,0.7577555179595947,-2.3561899662017822,2.3561899662017822,0.004363323096185923,0.05999999865889549,10.0,2179,0.0
2180,1788891752.5674677,1788891752.5674677,1081,0.2749811112880707,0.7577372193336487,-2.3561899662017822,2.3561899662017822,0.004363323096185923,0.05999999865889549,10.0,2180,0.0
2181,1788891752.6406944,1788891752.6406944,1081,0.2749811112880707,0.7577360272407532,-2.3561899662017822,2.3561899662017822,0.004363323096185923,0.05999999865889549,10.0,2181,0.0
2182,1788891752.6907926,1788891752.6907926,1081,0.2749811112880707,0.7577360272407532,-2.3561899662017822,2.3561899662017822,0.004363323096185923,0.05999999865889549,10.0,2182,0.0
2183,1788891752.742647,1788891752.742647,1081,0.2749811112880707,0.7577360272407532,-2.3561899662017822,2.3561899662017822,0.004363323096185923,0.05999999865889549,10.0,2183,0.0
2184,1788891752.8150392,1788891752.8150392,1081,0.2749839127063751,0.7577493190765381,-2.3561899662017822,2.3561899662017822,0.004363323096185923,0.05999999865889549,10.0,2184,0.0
2185,1788891752.8674157,1788891752.8674157,1081,0.2749849855899811,0.7577484250068665,-2.3561899662017822,2.3561899662017822,0.004363323096185923,0.05999999865889549,10.0,2185,0.0
2186,1788891752.9406297,1788891752.9406297,1081,0.2749849855899811,0.7577459812164307,-2.3561899662017822,2.3561899662017822,0.004363323096185923,0.05999999865889549,10.0,2186,0.0
2187,1788891752.9914284,1788891752.9914284,1081,0.2749848961830139,0.7577567100524902,-2.3561899662017822,2.3561899662017822,0.004363323096185923,0.05999999865889549,10.0,2187,0.0
2188,1788891753.0413227,1788891753.0413227,1081,0.2749888002872467,0.7577750086784363,-2.3561899662017822,2.3561899662017822,0.004363323096185923,0.05999999865889549,10.0,2188,0.0
2189,1788891753.0950053,1788891753.0950053,1081,0.2749879062175751,0.7577568292617798,-2.3561899662017822,2.3561899662017822,0.004363323096185923,0.05999999865889549,10.0,2189,0.0
2190,1788891753.1653945,1788891753.1653945,1081,0.27498841285705566,0.7577617764472961,-2.3561899662017822,2.3561899662017822,0.004363323096185923,0.05999999865889549,10.0,2190,0.0
2191,1788891753.2175794,1788891753.2175794,1081,0.2749888002872467,0.7577750086784363,-2.3561899662017822,2.3561899662017822,0.004363323096185923,0.05999999865889549,10.0,2191,0.0
2192,1788891753.2899735,1788891753.2899735,1081,0.2749888002872467,0.7577772736549377,-2.3561899662017822,2.3561899662017822,0.004363323096185923,0.05999999865889549,10.0,2192,0.0
2193,1788891753.343116,1788891753.343116,1081,0.2749898135662079,0.7577813267707825,-2.3561899662017822,2.3561899662017822,0.004363323096185923,0.05999999865889549,10.0,2193,0.0
2194,1788891753.396083,1788891753.396083,1081,0.27499258518218994,0.7577897906303406,-2.3561899662017822,2.3561899662017822,0.004363323096185923,0.05999999865889549,10.0,2194,0.0
2195,1788891753.465515,1788891753.465515,1081,0.2749941051006317,0.7577918171882629,-2.3561899662017822,2.3561899662017822,0.004363323096185923,0.05999999865889549,10.0,2195,0.0
2196,1788891753.5181432,1788891753.5181432,1081,0.2749969959259033,0.7577989101409912,-2.3561899662017822,2.3561899662017822,0.004363323096185923,0.05999999865889549,10.0,2196,0.0
2197,1788891753.5902598,1788891753.5902598,1081,0.2749966084957123,0.7577831745147705,-2.3561899662017822,2.3561899662017822,0.004363323096185923,0.05999999865889549,10.0,2197,0.0
2198,1788891753.6657417,1788891753.6657417,1081,0.2749966084957123,0.7577878832817078,-2.3561899662017822,2.3561899662017822,0.004363323096185923,0.05999999865889549,10.0,2198,0.0
2199,1788891753.7166789,1788891753.7166789,1081,0.27499619126319885,0.7577794194221497,-2.3561899662017822,2.3561899662017822,0.004363323096185923,0.05999999865889549,10.0,2199,0.0
2200,1788891753.7686691,1788891753.7686691,1081,0.27499619126319885,0.7577806115150452,-2.3561899662017822,2.3561899662017822,0.004363323096185923,0.05999999865889549,10.0,2200,0.0
2201,1788891753.8407996,1788891753.8407996,1081,0.27499619126319885,0.7577794194221497,-2.3561899662017822,2.3561899662017822,0.004363323096185923,0.05999999865889549,10.0,2201,0.0
2202,1788891753.8937004,1788891753.8937004,1081,0.2749975919723511,0.7577931880950928,-2.3561899662017822,2.3561899662017822,0.004363323096185923,0.05999999865889549,10.0,2202,0.0
2203,1788891753.9657466,1788891753.9657466,1081,0.2749994993209839,0.7577962875366211,-2.3561899662017822,2.3561899662017822,0.004363323096185923,0.05999999865889549,10.0,2203,0.0
2204,1788891754.015976,1788891754.015976,1081,0.27499911189079285,0.7577878832817078,-2.3561899662017822,2.3561899662017822,0.004363323096185923,0.05999999865889549,10.0,2204,0.0
2205,1788891754.0670266,1788891754.0670266,1081,0.27500051259994507,0.7578004002571106,-2.3561899662017822,2.3561899662017822,0.004363323096185923,0.05999999865889549,10.0,2205,0.0
2206,1788891754.1213982,1788891754.1213982,1081,0.27500391006469727,0.7578150033950806,-2.3561899662017822,2.3561899662017822,0.004363323096185923,0.05999999865889549,10.0,2206,0.0
2207,1788891754.1902142,1788891754.1902142,1081,0.2750034034252167,0.7578054070472717,-2.3561899662017822,2.3561899662017822,0.004363323096185923,0.05999999865889549,10.0,2207,0.0
2208,1788891754.2452009,1788891754.2452009,1081,0.2750034034252167,0.7578054070472717,-2.3561899662017822,2.3561899662017822,0.004363323096185923,0.05999999865889549,10.0,2208,0.0
2209,1788891754.3154104,1788891754.3154104,1081,0.27500438690185547,0.7578138709068298,-2.3561899662017822,2.3561899662017822,0.004363323096185923,0.05999999865889549,10.0,2209,0.0
2210,1788891754.3671339,1788891754.3671339,1081,0.27500689029693604,0.7578126788139343,-2.3561899662017822,2.3561899662017822,0.004363323096185923,0.05999999865889549,10.0,2210,0.0
2211,1788891754.4220128,1788891754.4220128,1081,0.27500641345977783,0.7578076720237732,-2.3561899662017822,2.3561899662017822,0.004363323096185923,0.05999999865889549,10.0,2211,0.0
2212,1788891754.4903803,1788891754.4903803,1081,0.27500641345977783,0.7578088045120239,-2.3561899662017822,2.3561899662017822,0.004363323096185923,0.05999999865889549,10.0,2212,0.0
2213,1788891754.5461776,1788891754.5461776,1081,0.27500829100608826,0.7578216195106506,-2.3561899662017822,2.3561899662017822,0.004363323096185923,0.05999999865889549,10.0,2213,0.0
2214,1788891754.6157606,1788891754.6157606,1081,0.27501410245895386,0.7578455209732056,-2.3561899662017822,2.3561899662017822,0.004363323096185923,0.05999999865889549,10.0,2214,0.0
2215,1788891754.6688015,1788891754.6688015,1081,0.27501368522644043,0.7578383088111877,-2.3561899662017822,2.3561899662017822,0.004363323096185923,0.05999999865889549,10.0,2215,0.0
2216,1788891754.7403932,1788891754.7403932,1081,0.27501368522644043,0.757834792137146,-2.3561899662017822,2.3561899662017822,0.004363323096185923,0.05999999865889549,10.0,2216,0.0
2217,1788891754.7902212,1788891754.7902212,1081,0.2750132083892822,0.7578284740447998,-2.3561899662017822,2.3561899662017822,0.004363323096185923,0.05999999865889549,10.0,2217,0.0
2218,1788891754.8400974,1788891754.8400974,1081,0.27501368522644043,0.7578383088111877,-2.3561899662017822,2.3561899662017822,0.004363323096185923,0.05999999865889549,10.0,2218,0.0
2219,1788891754.8918033,1788891754.8918033,1081,0.27501410245895386,0.7578480243682861,-2.3561899662017822,2.3561899662017822,0.004363323096185923,0.05999999865889549,10.0,2219,0.0
2220,1788891754.9429584,1788891754.9429584,1081,0.27501410245895386,0.7578455209732056,-2.3561899662017822,2.3561899662017822,0.004363323096185923,0.05999999865889549,10.0,2220,0.0
2221,1788891754.9950216,1788891754.9950216,1081,0.2750144898891449,0.7578529119491577,-2.3561899662017822,2.3561899662017822,0.004363323096185923,0.05999999865889549,10.0,2221,0.0
2222,1788891755.0460513,1788891755.0460513,1081,0.2750144898891449,0.7578529119491577,-2.3561899662017822,2.3561899662017822,0.004363323096185923,0.05999999865889549,10.0,2222,0.0
2223,1788891755.115012,1788891755.115012,1081,0.27501749992370605,0.7578601241111755,-2.3561899662017822,2.3561899662017822,0.004363323096185923,0.05999999865889549,10.0,2223,0.0
2224,1788891755.1668072,1788891755.1668072,1081,0.2750180959701538,0.7578495740890503,-2.3561899662017822,2.3561899662017822,0.004363323096185923,0.05999999865889549,10.0,2224,0.0
2225,1788891755.217727,1788891755.217727,1081,0.27501940727233887,0.7578598260879517,-2.3561899662017822,2.3561899662017822,0.004363323096185923,0.05999999865889549,10.0,2225,0.0
2226,1788891755.2715995,1788891755.2715995,1081,0.27502140402793884,0.7578665018081665,-2.3561899662017822,2.3561899662017822,0.004363323096185923,0.05999999865889549,10.0,2226,0.0
2227,1788891755.340582,1788891755.340582,1081,0.27502191066741943,0.7578585743904114,-2.3561899662017822,2.3561899662017822,0.004363323096185923,0.05999999865889549,10.0,2227,0.0
2228,1788891755.3907886,1788891755.3907886,1081,0.27502140402793884,0.7578558921813965,-2.3561899662017822,2.3561899662017822,0.004363323096185923,0.05999999865889549,10.0,2228,0.0
2229,1788891755.4401495,1788891755.4401495,1081,0.27502140402793884,0.7578558921813965,-2.3561899662017822,2.3561899662017822,0.004363323096185923,0.05999999865889549,10.0,2229,0.0
2230,1788891755.4914377,1788891755.4914377,1081,0.27502140402793884,0.757853627204895,-2.3561899662017822,2.3561899662017822,0.004363323096185923,0.05999999865889549,10.0,2230,0.0
2231,1788891755.542961,1788891755.542961,1081,0.2750209867954254,0.7578520774841309,-2.3561899662017822,2.3561899662017822,0.004363323096185923,0.05999999865889549,10.0,2231,0.0
2232,1788891755.6152208,1788891755.6152208,1081,0.27502238750457764,0.7578669786453247,-2.3561899662017822,2.3561899662017822,0.004363323096185923,0.05999999865889549,10.0,2232,0.0
2233,1788891755.6659875,1788891755.6659875,1081,0.27502331137657166,0.7578709721565247,-2.3561899662017822,2.3561899662017822,0.004363323096185923,0.05999999865889549,10.0,2233,0.0
2234,1788891755.7150283,1788891755.7150283,1081,0.2750228941440582,0.7578672170639038,-2.3561899662017822,2.3561899662017822,0.004363323096185923,0.05999999865889549,10.0,2234,0.0
2235,1788891755.7647195,1788891755.7647195,1081,0.2750239074230194,0.7578617930412292,-2.3561899662017822,2.3561899662017822,0.004363323096185923,0.05999999865889549,10.0,2235,0.0
2236,1788891755.8171,1788891755.8171,1081,0.27502718567848206,0.757882297039032,-2.3561899662017822,2.3561899662017822,0.004363323096185923,0.05999999865889549,10.0,2236,0.0
2237,1788891755.871754,1788891755.871754,1081,0.2750264108181,0.7578675746917725,-2.3561899662017822,2.3561899662017822,0.004363323096185923,0.05999999865889549,10.0,2237,0.0
2238,1788891755.9402938,1788891755.9402938,1081,0.275026798248291,0.7578701972961426,-2.3561899662017822,2.3561899662017822,0.004363323096185923,0.05999999865889549,10.0,2238,0.0
2239,1788891755.9912975,1788891755.9912975,1081,0.275026798248291,0.7578701972961426,-2.3561899662017822,2.3561899662017822,0.004363323096185923,0.05999999865889549,10.0,2239,0.0
2240,1788891756.0462368,1788891756.0462368,1081,0.2750264108181,0.7578675746917725,-2.3561899662017822,2.3561899662017822,0.004363323096185923,0.05999999865889549,10.0,2240,0.0
2241,1788891756.1156285,1788891756.1156285,1081,0.2750273048877716,0.7578703761100769,-2.3561899662017822,2.3561899662017822,0.004363323096185923,0.05999999865889549,10.0,2241,0.0
2242,1788891756.1660075,1788891756.1660075,1081,0.2750296890735626,0.7578892111778259,-2.3561899662017822,2.3561899662017822,0.004363323096185923,0.05999999865889549,10.0,2242,0.0
2243,1788891756.217764,1788891756.217764,1081,0.2750302851200104,0.7578775882720947,-2.3561899662017822,2.3561899662017822,0.004363323096185923,0.05999999865889549,10.0,2243,0.0
2244,1788891756.2707763,1788891756.2707763,1081,0.2750296890735626,0.7578867077827454,-2.3561899662017822,2.3561899662017822,0.004363323096185923,0.05999999865889549,10.0,2244,0.0
2245,1788891756.3406036,1788891756.3406036,1081,0.2750360071659088,0.7579063177108765,-2.3561899662017822,2.3561899662017822,0.004363323096185923,0.05999999865889549,10.0,2245,0.0
2246,1788891756.3923717,1788891756.3923717,1081,0.2750355899333954,0.7578918933868408,-2.3561899662017822,2.3561899662017822,0.004363323096185923,0.05999999865889549,10.0,2246,0.0
2247,1788891756.4465177,1788891756.4465177,1081,0.2750355899333954,0.7578942179679871,-2.3561899662017822,2.3561899662017822,0.004363323096185923,0.05999999865889549,10.0,2247,0.0
2248,1788891756.5151107,1788891756.5151107,1081,0.2750355005264282,0.7579035758972168,-2.3561899662017822,2.3561899662017822,0.004363323096185923,0.05999999865889549,10.0,2248,0.0
2249,1788891756.5689936,1788891756.5689936,1081,0.2750351130962372,0.7578927874565125,-2.3561899662017822,2.3561899662017822,0.004363323096185923,0.05999999865889549,10.0,2249,0.0
2250,1788891756.6402242,1788891756.6402242,1081,0.2750351130962372,0.7578927874565125,-2.3561899662017822,2.3561899662017822,0.004363323096185923,0.05999999865889549,10.0,2250,0.0
2251,1788891756.6913147,1788891756.6913147,1081,0.2750374972820282,0.757903516292572,-2.3561899662017822,2.3561899662017822,0.004363323096185923,0.05999999865889549,10.0,2251,0.0
2252,1788891756.7411606,1788891756.7411606,1081,0.2750399112701416,0.7579197883605957,-2.3561899662017822,2.3561899662017822,0.004363323096185923,0.05999999865889549,10.0,2252,0.0
2253,1788891756.7934759,1788891756.7934759,1081,0.2750394940376282,0.7579054236412048,-2.3561899662017822,2.3561899662017822,0.004363323096185923,0.05999999865889549,10.0,2253,0.0
2254,1788891756.8457763,1788891756.8457763,1081,0.2750394940376282,0.7579054236412048,-2.3561899662017822,2.3561899662017822,0.004363323096185923,0.05999999865889549,10.0,2254,0.0
2255,1788891756.914879,1788891756.914879,1081,0.2750399112701416,0.7579126954078674,-2.3561899662017822,2.3561899662017822,0.004363323096185923,0.05999999865889549,10.0,2255,0.0
2256,1788891756.965125,1788891756.965125,1081,0.275041401386261,0.757918119430542,-2.3561899662017822,2.3561899662017822,0.004363323096185923,0.05999999865889549,10.0,2256,0.0
2257,1788891757.0199761,1788891757.0199761,1081,0.2750456929206848,0.7579295039176941,-2.3561899662017822,2.3561899662017822,0.004363323096185923,0.05999999865889549,10.0,2257,0.0
2258,1788891757.090281,1788891757.090281,1081,0.2750453054904938,0.7579209804534912,-2.3561899662017822,2.3561899662017822,0.004363323096185923,0.05999999865889549,10.0,2258,0.0
2259,1788891757.1402695,1788891757.1402695,1081,0.2750453054904938,0.7579221725463867,-2.3561899662017822,2.3561899662017822,0.004363323096185923,0.05999999865889549,10.0,2259,0.0
2260,1788891757.1924062,1788891757.1924062,1081,0.2750456929206848,0.7579295039176941,-2.3561899662017822,2.3561899662017822,0.004363323096185923,0.05999999865889549,10.0,2260,0.0
2261,1788891757.2464998,1788891757.2464998,1081,0.2750456929206848,0.7579318881034851,-2.3561899662017822,2.3561899662017822,0.004363323096185923,0.05999999865889549,10.0,2261,0.0
2262,1788891757.3152223,1788891757.3152223,1081,0.2750472128391266,0.7579445242881775,-2.3561899662017822,2.3561899662017822,0.004363323096185923,0.05999999865889549,10.0,2262,0.0
2263,1788891757.3669333,1788891757.3669333,1081,0.27505210041999817,0.7579525113105774,-2.3561899662017822,2.3561899662017822,0.004363323096185923,0.05999999865889549,10.0,2263,0.0
2264,1788891757.4400089,1788891757.4400089,1081,0.2750506103038788,0.757938802242279,-2.3561899662017822,2.3561899662017822,0.004363323096185923,0.05999999865889549,10.0,2264,0.0
2265,1788891757.49508,1788891757.49508,1081,0.27505019307136536,0.7579349875450134,-2.3561899662017822,2.3561899662017822,0.004363323096185923,0.05999999865889549,10.0,2265,0.0
2266,1788891757.5655107,1788891757.5655107,1081,0.2750506103038788,0.7579458951950073,-2.3561899662017822,2.3561899662017822,0.004363323096185923,0.05999999865889549,10.0,2266,0.0
2267,1788891757.6168947,1788891757.6168947,1081,0.2750549018383026,0.757969081401825,-2.3561899662017822,2.3561899662017822,0.004363323096185923,0.05999999865889549,10.0,2267,0.0
2268,1788891757.6672087,1788891757.6672087,1081,0.2750568985939026,0.7579712867736816,-2.3561899662017822,2.3561899662017822,0.004363323096185923,0.05999999865889549,10.0,2268,0.0
2269,1788891757.7398493,1788891757.7398493,1081,0.2750568985939026,0.7579594850540161,-2.3561899662017822,2.3561899662017822,0.004363323096185923,0.05999999865889549,10.0,2269,0.0
2270,1788891757.7904465,1788891757.7904465,1081,0.27505651116371155,0.7579532861709595,-2.3561899662017822,2.3561899662017822,0.004363323096185923,0.05999999865889549,10.0,2270,0.0
2271,1788891757.8410327,1788891757.8410327,1081,0.27505651116371155,0.757954478263855,-2.3561899662017822,2.3561899662017822,0.004363323096185923,0.05999999865889549,10.0,2271,0.0
2272,1788891757.8919892,1788891757.8919892,1081,0.2750597894191742,0.7579702138900757,-2.3561899662017822,2.3561899662017822,0.004363323096185923,0.05999999865889549,10.0,2272,0.0
2273,1788891757.9464536,1788891757.9464536,1081,0.275063693523407,0.7579908967018127,-2.3561899662017822,2.3561899662017822,0.004363323096185923,0.05999999865889549,10.0,2273,0.0
2274,1788891758.0149965,1788891758.0149965,1081,0.27506330609321594,0.7579786777496338,-2.3561899662017822,2.3561899662017822,0.004363323096185923,0.05999999865889549,10.0,2274,0.0
2275,1788891758.066379,1788891758.066379,1081,0.2750628888607025,0.7579727172851562,-2.3561899662017822,2.3561899662017822,0.004363323096185923,0.05999999865889549,10.0,2275,0.0
2276,1788891758.1179879,1788891758.1179879,1081,0.27506521344184875,0.7579833269119263,-2.3561899662017822,2.3561899662017822,0.004363323096185923,0.05999999865889549,10.0,2276,0.0
2277,1788891758.1899412,1788891758.1899412,1081,0.27506810426712036,0.7580010890960693,-2.3561899662017822,2.3561899662017822,0.004363323096185923,0.05999999865889549,10.0,2277,0.0
2278,1788891758.2403426,1788891758.2403426,1081,0.27506721019744873,0.7579841017723083,-2.3561899662017822,2.3561899662017822,0.004363323096185923,0.05999999865889549,10.0,2278,0.0
2279,1788891758.291906,1788891758.291906,1081,0.27506810426712036,0.7580010890960693,-2.3561899662017822,2.3561899662017822,0.004363323096185923,0.05999999865889549,10.0,2279,0.0
2280,1788891758.3651583,1788891758.3651583,1081,0.2750680148601532,0.7580035924911499,-2.3561899662017822,2.3561899662017822,0.004363323096185923,0.05999999865889549,10.0,2280,0.0
2281,1788891758.4161818,1788891758.4161818,1081,0.2750680148601532,0.7580047845840454,-2.3561899662017822,2.3561899662017822,0.004363323096185923,0.05999999865889549,10.0,2281,0.0
2282,1788891758.4702265,1788891758.4702265,1081,0.27506861090660095,0.7580013275146484,-2.3561899662017822,2.3561899662017822,0.004363323096185923,0.05999999865889549,10.0,2282,0.0
2283,1788891758.5408273,1788891758.5408273,1081,0.27506908774375916,0.758010983467102,-2.3561899662017822,2.3561899662017822,0.004363323096185923,0.05999999865889549,10.0,2283,0.0
2284,1788891758.5927744,1788891758.5927744,1081,0.275068998336792,0.7580121755599976,-2.3561899662017822,2.3561899662017822,0.004363323096185923,0.05999999865889549,10.0,2284,0.0
2285,1788891758.6653478,1788891758.6653478,1081,0.2750700116157532,0.758011519908905,-2.3561899662017822,2.3561899662017822,0.004363323096185923,0.05999999865889549,10.0,2285,0.0
2286,1788891758.7178924,1788891758.7178924,1081,0.27507439255714417,0.7580181956291199,-2.3561899662017822,2.3561899662017822,0.004363323096185923,0.05999999865889549,10.0,2286,0.0
2287,1788891758.79049,1788891758.79049,1081,0.2750740051269531,0.7580108046531677,-2.3561899662017822,2.3561899662017822,0.004363323096185923,0.05999999865889549,10.0,2287,0.0
2288,1788891758.8398907,1788891758.8398907,1081,0.2750740051269531,0.7580050230026245,-2.3561899662017822,2.3561899662017822,0.004363323096185923,0.05999999865889549,10.0,2288,0.0
2289,1788891758.8902268,1788891758.8902268,1081,0.2750735878944397,0.7580022811889648,-2.3561899662017822,2.3561899662017822,0.004363323096185923,0.05999999865889549,10.0,2289,0.0
2290,1788891758.9418879,1788891758.9418879,1081,0.2750740051269531,0.758015513420105,-2.3561899662017822,2.3561899662017822,0.004363323096185923,0.05999999865889549,10.0,2290,0.0
2291,1788891758.9932694,1788891758.9932694,1081,0.2750740051269531,0.758004903793335,-2.3561899662017822,2.3561899662017822,0.004363323096185923,0.05999999865889549,10.0,2291,0.0
2292,1788891759.0657015,1788891759.0657015,1081,0.2750740051269531,0.7580037117004395,-2.3561899662017822,2.3561899662017822,0.004363323096185923,0.05999999865889549,10.0,2292,0.0
2293,1788891759.116988,1788891759.116988,1081,0.2750740051269531,0.7580037117004395,-2.3561899662017822,2.3561899662017822,0.004363323096185923,0.05999999865889549,10.0,2293,0.0
2294,1788891759.1679063,1788891759.1679063,1081,0.27507930994033813,0.7580310106277466,-2.3561899662017822,2.3561899662017822,0.004363323096185923,0.05999999865889549,10.0,2294,0.0
2295,1788891759.2400203,1788891759.2400203,1081,0.2750799059867859,0.7580230236053467,-2.3561899662017822,2.3561899662017822,0.004363323096185923,0.05999999865889549,10.0,2295,0.0
2296,1788891759.291728,1788891759.291728,1081,0.27508220076560974,0.7580382227897644,-2.3561899662017822,2.3561899662017822,0.004363323096185923,0.05999999865889549,10.0,2296,0.0
2297,1788891759.3437982,1788891759.3437982,1081,0.27508410811424255,0.7580413818359375,-2.3561899662017822,2.3561899662017822,0.004363323096185923,0.05999999865889549,10.0,2297,0.0
2298,1788891759.3959267,1788891759.3959267,1081,0.2750838100910187,0.7580317258834839,-2.3561899662017822,2.3561899662017822,0.004363323096185923,0.05999999865889549,10.0,2298,0.0
2299,1788891759.4650917,1788891759.4650917,1081,0.27508410811424255,0.7580413818359375,-2.3561899662017822,2.3561899662017822,0.004363323096185923,0.05999999865889549,10.0,2299,0.0
2300,1788891759.5168557,1788891759.5168557,1081,0.27508461475372314,0.7580534815788269,-2.3561899662017822,2.3561899662017822,0.004363323096185923,0.05999999865889549,10.0,2300,0.0
2301,1788891759.5675979,1788891759.5675979,1081,0.27508461475372314,0.7580534815788269,-2.3561899662017822,2.3561899662017822,0.004363323096185923,0.05999999865889549,10.0,2301,0.0
2302,1788891759.6407843,1788891759.6407843,1081,0.27508461475372314,0.7580487728118896,-2.3561899662017822,2.3561899662017822,0.004363323096185923,0.05999999865889549,10.0,2302,0.0
2303,1788891759.6926227,1788891759.6926227,1081,0.27508461475372314,0.7580534815788269,-2.3561899662017822,2.3561899662017822,0.004363323096185923,0.05999999865889549,10.0,2303,0.0
2304,1788891759.7466474,1788891759.7466474,1081,0.27508410811424255,0.7580509781837463,-2.3561899662017822,2.3561899662017822,0.004363323096185923,0.05999999865889549,10.0,2304,0.0
2305,1788891759.8150847,1788891759.8150847,1081,0.2750855088233948,0.7580574154853821,-2.3561899662017822,2.3561899662017822,0.004363323096185923,0.05999999865889549,10.0,2305,0.0
2306,1788891759.8670828,1788891759.8670828,1081,0.27508610486984253,0.7580494284629822,-2.3561899662017822,2.3561899662017822,0.004363323096185923,0.05999999865889549,10.0,2306,0.0
2307,1788891759.9174786,1788891759.9174786,1081,0.2750856876373291,0.7580373287200928,-2.3561899662017822,2.3561899662017822,0.004363323096185923,0.05999999865889549,10.0,2307,0.0
2308,1788891759.970948,1788891759.970948,1081,0.27508610486984253,0.7580422759056091,-2.3561899662017822,2.3561899662017822,0.004363323096185923,0.05999999865889549,10.0,2308,0.0
2309,1788891760.0401378,1788891760.0401378,1081,0.2750856876373291,0.7580385208129883,-2.3561899662017822,2.3561899662017822,0.004363323096185923,0.05999999865889549,10.0,2309,0.0
2310,1788891760.091756,1788891760.091756,1081,0.2750866115093231,0.758049726486206,-2.3561899662017822,2.3561899662017822,0.004363323096185923,0.05999999865889549,10.0,2310,0.0
2311,1788891760.1423209,1788891760.1423209,1081,0.27508988976478577,0.7580630779266357,-2.3561899662017822,2.3561899662017822,0.004363323096185923,0.05999999865889549,10.0,2311,0.0
2312,1788891760.2156105,1788891760.2156105,1081,0.2750895023345947,0.7580509781837463,-2.3561899662017822,2.3561899662017822,0.004363323096185923,0.05999999865889549,10.0,2312,0.0
2313,1788891760.2666376,1788891760.2666376,1081,0.2750900089740753,0.7580549120903015,-2.3561899662017822,2.3561899662017822,0.004363323096185923,0.05999999865889549,10.0,2313,0.0
2314,1788891760.3180299,1788891760.3180299,1081,0.27509140968322754,0.7580683827400208,-2.3561899662017822,2.3561899662017822,0.004363323096185923,0.05999999865889549,10.0,2314,0.0
2315,1788891760.3907962,1788891760.3907962,1081,0.2750909924507141,0.758057713508606,-2.3561899662017822,2.3561899662017822,0.004363323096185923,0.05999999865889549,10.0,2315,0.0
2316,1788891760.4403265,1788891760.4403265,1081,0.2750920057296753,0.7580580711364746,-2.3561899662017822,2.3561899662017822,0.004363323096185923,0.05999999865889549,10.0,2316,0.0
2317,1788891760.4919655,1788891760.4919655,1081,0.2750934064388275,0.7580739855766296,-2.3561899662017822,2.3561899662017822,0.004363323096185923,0.05999999865889549,10.0,2317,0.0
2318,1788891760.5424042,1788891760.5424042,1081,0.2750925123691559,0.7580571174621582,-2.3561899662017822,2.3561899662017822,0.004363323096185923,0.05999999865889549,10.0,2318,0.0
2319,1788891760.5920568,1788891760.5920568,1081,0.2750973105430603,0.7580851912498474,-2.3561899662017822,2.3561899662017822,0.004363323096185923,0.05999999865889549,10.0,2319,0.0
2320,1788891760.6471007,1788891760.6471007,1081,0.2750973105430603,0.7580767869949341,-2.3561899662017822,2.3561899662017822,0.004363323096185923,0.05999999865889549,10.0,2320,0.0
2321,1788891760.7150373,1788891760.7150373,1081,0.2750968933105469,0.7580708265304565,-2.3561899662017822,2.3561899662017822,0.004363323096185923,0.05999999865889549,10.0,2321,0.0
2322,1788891760.7700334,1788891760.7700334,1081,0.27510109543800354,0.7580953240394592,-2.3561899662017822,2.3561899662017822,0.004363323096185923,0.05999999865889549,10.0,2322,0.0
2323,1788891760.8407755,1788891760.8407755,1081,0.2751002907752991,0.7580795288085938,-2.3561899662017822,2.3561899662017822,0.004363323096185923,0.05999999865889549,10.0,2323,0.0
2324,1788891760.8921826,1788891760.8921826,1081,0.2751007080078125,0.7580832839012146,-2.3561899662017822,2.3561899662017822,0.004363323096185923,0.05999999865889549,10.0,2324,0.0
2325,1788891760.9653068,1788891760.9653068,1081,0.2751012146472931,0.7580870985984802,-2.3561899662017822,2.3561899662017822,0.004363323096185923,0.05999999865889549,10.0,2325,0.0
2326,1788891761.0168345,1788891761.0168345,1081,0.2751025855541229,0.7581006288528442,-2.3561899662017822,2.3561899662017822,0.004363323096185923,0.05999999865889549,10.0,2326,0.0
2327,1788891761.070446,1788891761.070446,1081,0.27510419487953186,0.7580894827842712,-2.3561899662017822,2.3561899662017822,0.004363323096185923,0.05999999865889549,10.0,2327,0.0
2328,1788891761.1398551,1788891761.1398551,1081,0.2751046121120453,0.7580944895744324,-2.3561899662017822,2.3561899662017822,0.004363323096185923,0.05999999865889549,10.0,2328,0.0
2329,1788891761.190747,1788891761.190747,1081,0.27510368824005127,0.7580963969230652,-2.3561899662017822,2.3561899662017822,0.004363323096185923,0.05999999865889549,10.0,2329,0.0
2330,1788891761.2432008,1788891761.2432008,1081,0.2751075029373169,0.7581087946891785,-2.3561899662017822,2.3561899662017822,0.004363323096185923,0.05999999865889549,10.0,2330,0.0
2331,1788891761.3152864,1788891761.3152864,1081,0.2751075029373169,0.7581062912940979,-2.3561899662017822,2.3561899662017822,0.004363323096185923,0.05999999865889549,10.0,2331,0.0
2332,1788891761.3669882,1788891761.3669882,1081,0.2751075029373169,0.7581074833869934,-2.3561899662017822,2.3561899662017822,0.004363323096185923,0.05999999865889549,10.0,2332,0.0
2333,1788891761.4179971,1788891761.4179971,1081,0.27510789036750793,0.7581185102462769,-2.3561899662017822,2.3561899662017822,0.004363323096185923,0.05999999865889549,10.0,2333,0.0
2334,1788891761.4904807,1788891761.4904807,1081,0.2751080095767975,0.7581207156181335,-2.3561899662017822,2.3561899662017822,0.004363323096185923,0.05999999865889549,10.0,2334,0.0
2335,1788891761.54046,1788891761.54046,1081,0.2751089930534363,0.7581235766410828,-2.3561899662017822,2.3561899662017822,0.004363323096185923,0.05999999865889549,10.0,2335,0.0
2336,1788891761.5922773,1788891761.5922773,1081,0.2751094102859497,0.7581250071525574,-2.3561899662017822,2.3561899662017822,0.004363323096185923,0.05999999865889549,10.0,2336,0.0
2337,1788891761.6652553,1788891761.6652553,1081,0.2751098871231079,0.7581263780593872,-2.3561899662017822,2.3561899662017822,0.004363323096185923,0.05999999865889549,10.0,2337,0.0
2338,1788891761.7209475,1788891761.7209475,1081,0.2751103937625885,0.7581288814544678,-2.3561899662017822,2.3561899662017822,0.004363323096185923,0.05999999865889549,10.0,2338,0.0
2339,1788891761.790788,1788891761.790788,1081,0.27511051297187805,0.7581183910369873,-2.3561899662017822,2.3561899662017822,0.004363323096185923,0.05999999865889549,10.0,2339,0.0
2340,1788891761.8414454,1788891761.8414454,1081,0.27511000633239746,0.7581074833869934,-2.3561899662017822,2.3561899662017822,0.004363323096185923,0.05999999865889549,10.0,2340,0.0
2341,1788891761.8925266,1788891761.8925266,1081,0.27511000633239746,0.7581086754798889,-2.3561899662017822,2.3561899662017822,0.004363323096185923,0.05999999865889549,10.0,2341,0.0
2342,1788891761.965201,1788891761.965201,1081,0.27510949969291687,0.7581108808517456,-2.3561899662017822,2.3561899662017822,0.004363323096185923,0.05999999865889549,10.0,2342,0.0
2343,1788891762.0170372,1788891762.0170372,1081,0.2751114070415497,0.7581140995025635,-2.3561899662017822,2.3561899662017822,0.004363323096185923,0.05999999865889549,10.0,2343,0.0
2344,1788891762.089935,1788891762.089935,1081,0.2751114070415497,0.7581140995025635,-2.3561899662017822,2.3561899662017822,0.004363323096185923,0.05999999865889549,10.0,2344,0.0
2345,1788891762.1408563,1788891762.1408563,1081,0.27511098980903625,0.7581114172935486,-2.3561899662017822,2.3561899662017822,0.004363323096185923,0.05999999865889549,10.0,2345,0.0
2346,1788891762.1917233,1788891762.1917233,1081,0.27511098980903625,0.7581114172935486,-2.3561899662017822,2.3561899662017822,0.004363323096185923,0.05999999865889549,10.0,2346,0.0
2347,1788891762.243893,1788891762.243893,1081,0.2751128077507019,0.7581290006637573,-2.3561899662017822,2.3561899662017822,0.004363323096185923,0.05999999865889549,10.0,2347,0.0
2348,1788891762.2961848,1788891762.2961848,1081,0.2751162052154541,0.7581424117088318,-2.3561899662017822,2.3561899662017822,0.004363323096185923,0.05999999865889549,10.0,2348,0.0
2349,1788891762.3656275,1788891762.3656275,1081,0.2751157879829407,0.7581291794776917,-2.3561899662017822,2.3561899662017822,0.004363323096185923,0.05999999865889549,10.0,2349,0.0
2350,1788891762.4168525,1788891762.4168525,1081,0.27511540055274963,0.7581229209899902,-2.3561899662017822,2.3561899662017822,0.004363323096185923,0.05999999865889549,10.0,2350,0.0
2351,1788891762.4667091,1788891762.4667091,1081,0.27511531114578247,0.7581276893615723,-2.3561899662017822,2.3561899662017822,0.004363323096185923,0.05999999865889549,10.0,2351,0.0
2352,1788891762.5181122,1788891762.5181122,1081,0.2751167118549347,0.7581412196159363,-2.3561899662017822,2.3561899662017822,0.004363323096185923,0.05999999865889549,10.0,2352,0.0
2353,1788891762.5714674,1788891762.5714674,1081,0.2751205861568451,0.7581514120101929,-2.3561899662017822,2.3561899662017822,0.004363323096185923,0.05999999865889549,10.0,2353,0.0
2354,1788891762.6407664,1788891762.6407664,1081,0.275119811296463,0.7581353783607483,-2.3561899662017822,2.3561899662017822,0.004363323096185923,0.05999999865889549,10.0,2354,0.0
2355,1788891762.7148666,1788891762.7148666,1081,0.275119811296463,0.7581353783607483,-2.3561899662017822,2.3561899662017822,0.004363323096185923,0.05999999865889549,10.0,2355,0.0
2356,1788891762.76705,1788891762.76705,1081,0.2751215994358063,0.7581434845924377,-2.3561899662017822,2.3561899662017822,0.004363323096185923,0.05999999865889549,10.0,2356,0.0
2357,1788891762.8174603,1788891762.8174603,1081,0.2751274108886719,0.758174479007721,-2.3561899662017822,2.3561899662017822,0.004363323096185923,0.05999999865889549,10.0,2357,0.0
2358,1788891762.8904653,1788891762.8904653,1081,0.27512699365615845,0.758163571357727,-2.3561899662017822,2.3561899662017822,0.004363323096185923,0.05999999865889549,10.0,2358,0.0
2359,1788891762.9410923,1788891762.9410923,1081,0.27512699365615845,0.7581648230552673,-2.3561899662017822,2.3561899662017822,0.004363323096185923,0.05999999865889549,10.0,2359,0.0
2360,1788891762.9920437,1788891762.9920437,1081,0.2751274108886719,0.758174479007721,-2.3561899662017822,2.3561899662017822,0.004363323096185923,0.05999999865889549,10.0,2360,0.0
2361,1788891763.0651436,1788891763.0651436,1081,0.2751274108886719,0.758171021938324,-2.3561899662017822,2.3561899662017822,0.004363323096185923,0.05999999865889549,10.0,2361,0.0
2362,1788891763.1181862,1788891763.1181862,1081,0.2751274108886719,0.7581779956817627,-2.3561899662017822,2.3561899662017822,0.004363323096185923,0.05999999865889549,10.0,2362,0.0
2363,1788891763.189988,1788891763.189988,1081,0.2751274108886719,0.7581779956817627,-2.3561899662017822,2.3561899662017822,0.004363323096185923,0.05999999865889549,10.0,2363,0.0
2364,1788891763.241504,1788891763.241504,1081,0.2751274108886719,0.7581779956817627,-2.3561899662017822,2.3561899662017822,0.004363323096185923,0.05999999865889549,10.0,2364,0.0
2365,1788891763.2930899,1788891763.2930899,1081,0.27512699365615845,0.7581623196601868,-2.3561899662017822,2.3561899662017822,0.004363323096185923,0.05999999865889549,10.0,2365,0.0
2366,1788891763.3650193,1788891763.3650193,1081,0.27512699365615845,0.7581613063812256,-2.3561899662017822,2.3561899662017822,0.004363323096185923,0.05999999865889549,10.0,2366,0.0
2367,1788891763.4161096,1788891763.4161096,1081,0.27512699365615845,0.7581589221954346,-2.3561899662017822,2.3561899662017822,0.004363323096185923,0.05999999865889549,10.0,2367,0.0
2368,1788891763.467119,1788891763.467119,1081,0.2751266062259674,0.758155107498169,-2.3561899662017822,2.3561899662017822,0.004363323096185923,0.05999999865889549,10.0,2368,0.0
2369,1788891763.5212934,1788891763.5212934,1081,0.2751278877258301,0.75816410779953,-2.3561899662017822,2.3561899662017822,0.004363323096185923,0.05999999865889549,10.0,2369,0.0
2370,1788891763.5899675,1788891763.5899675,1081,0.2751303017139435,0.7581840753555298,-2.3561899662017822,2.3561899662017822,0.004363323096185923,0.05999999865889549,10.0,2370,0.0
2371,1788891763.6449502,1788891763.6449502,1081,0.275129497051239,0.7581635117530823,-2.3561899662017822,2.3561899662017822,0.004363323096185923,0.05999999865889549,10.0,2371,0.0
2372,1788891763.715074,1788891763.715074,1081,0.275129497051239,0.7581635117530823,-2.3561899662017822,2.3561899662017822,0.004363323096185923,0.05999999865889549,10.0,2372,0.0
2373,1788891763.7675426,1788891763.7675426,1081,0.27513039112091064,0.7581793069839478,-2.3561899662017822,2.3561899662017822,0.004363323096185923,0.05999999865889549,10.0,2373,0.0
2374,1788891763.8217392,1788891763.8217392,1081,0.27513569593429565,0.7581912875175476,-2.3561899662017822,2.3561899662017822,0.004363323096185923,0.05999999865889549,10.0,2374,0.0
2375,1788891763.890666,1788891763.890666,1081,0.2751353979110718,0.7581803798675537,-2.3561899662017822,2.3561899662017822,0.004363323096185923,0.05999999865889549,10.0,2375,0.0
2376,1788891763.9408088,1788891763.9408088,1081,0.2751353979110718,0.7581815719604492,-2.3561899662017822,2.3561899662017822,0.004363323096185923,0.05999999865889549,10.0,2376,0.0
2377,1788891763.9923165,1788891763.9923165,1081,0.27513769268989563,0.7581992745399475,-2.3561899662017822,2.3561899662017822,0.004363323096185923,0.05999999865889549,10.0,2377,0.0
2378,1788891764.0649657,1788891764.0649657,1081,0.27513858675956726,0.7581995725631714,-2.3561899662017822,2.3561899662017822,0.004363323096185923,0.05999999865889549,10.0,2378,0.0
2379,1788891764.1168792,1788891764.1168792,1081,0.2751382887363434,0.7581887245178223,-2.3561899662017822,2.3561899662017822,0.004363323096185923,0.05999999865889549,10.0,2379,0.0
2380,1788891764.1679327,1788891764.1679327,1081,0.27513858675956726,0.7581949830055237,-2.3561899662017822,2.3561899662017822,0.004363323096185923,0.05999999865889549,10.0,2380,0.0
2381,1788891764.2406123,1788891764.2406123,1081,0.27513858675956726,0.7581995725631714,-2.3561899662017822,2.3561899662017822,0.004363323096185923,0.05999999865889549,10.0,2381,0.0
2382,1788891764.2923348,1788891764.2923348,1081,0.27513858675956726,0.7582089900970459,-2.3561899662017822,2.3561899662017822,0.004363323096185923,0.05999999865889549,10.0,2382,0.0
2383,1788891764.365374,1788891764.365374,1081,0.27514010667800903,0.7582085132598877,-2.3561899662017822,2.3561899662017822,0.004363323096185923,0.05999999865889549,10.0,2383,0.0
2384,1788891764.416033,1788891764.416033,1081,0.2751406133174896,0.7582147121429443,-2.3561899662017822,2.3561899662017822,0.004363323096185923,0.05999999865889549,10.0,2384,0.0
2385,1788891764.4666798,1788891764.4666798,1081,0.27514201402664185,0.7582141757011414,-2.3561899662017822,2.3561899662017822,0.004363323096185923,0.05999999865889549,10.0,2385,0.0
2386,1788891764.5174873,1788891764.5174873,1081,0.27514299750328064,0.7582169771194458,-2.3561899662017822,2.3561899662017822,0.004363323096185923,0.05999999865889549,10.0,2386,0.0
2387,1788891764.5718153,1788891764.5718153,1081,0.27514350414276123,0.7582160234451294,-2.3561899662017822,2.3561899662017822,0.004363323096185923,0.05999999865889549,10.0,2387,0.0
2388,1788891764.640178,1788891764.640178,1081,0.2751430869102478,0.7582039833068848,-2.3561899662017822,2.3561899662017822,0.004363323096185923,0.05999999865889549,10.0,2388,0.0
2389,1788891764.6908379,1788891764.6908379,1081,0.2751430869102478,0.7582051157951355,-2.3561899662017822,2.3561899662017822,0.004363323096185923,0.05999999865889549,10.0,2389,0.0
2390,1788891764.7449665,1788891764.7449665,1081,0.2751430869102478,0.7582039833068848,-2.3561899662017822,2.3561899662017822,0.004363323096185923,0.05999999865889549,10.0,2390,0.0
2391,1788891764.815553,1788891764.815553,1081,0.2751430869102478,0.7582027912139893,-2.3561899662017822,2.3561899662017822,0.004363323096185923,0.05999999865889549,10.0,2391,0.0
2392,1788891764.8668416,1788891764.8668416,1081,0.27514639496803284,0.7582175135612488,-2.3561899662017822,2.3561899662017822,0.004363323096185923,0.05999999865889549,10.0,2392,0.0
2393,1788891764.9207494,1788891764.9207494,1081,0.275147408246994,0.7582225203514099,-2.3561899662017822,2.3561899662017822,0.004363323096185923,0.05999999865889549,10.0,2393,0.0
2394,1788891764.9906003,1788891764.9906003,1081,0.275147408246994,0.7582225203514099,-2.3561899662017822,2.3561899662017822,0.004363323096185923,0.05999999865889549,10.0,2394,0.0
2395,1788891765.041872,1788891765.041872,1081,0.2751508057117462,0.7582346796989441,-2.3561899662017822,2.3561899662017822,0.004363323096185923,0.05999999865889549,10.0,2395,0.0
2396,1788891765.0930743,1788891765.0930743,1081,0.2751528024673462,0.7582426071166992,-2.3561899662017822,2.3561899662017822,0.004363323096185923,0.05999999865889549,10.0,2396,0.0
2397,1788891765.1655188,1788891765.1655188,1081,0.2751528024673462,0.758239209651947,-2.3561899662017822,2.3561899662017822,0.004363323096185923,0.05999999865889549,10.0,2397,0.0
2398,1788891765.2213902,1788891765.2213902,1081,0.2751528024673462,0.758237898349762,-2.3561899662017822,2.3561899662017822,0.004363323096185923,0.05999999865889549,10.0,2398,0.0
2399,1788891765.2904344,1788891765.2904344,1081,0.2751528024673462,0.7582331895828247,-2.3561899662017822,2.3561899662017822,0.004363323096185923,0.05999999865889549,10.0,2399,0.0
2400,1788891765.3407788,1788891765.3407788,1081,0.27515238523483276,0.7582306265830994,-2.3561899662017822,2.3561899662017822,0.004363323096185923,0.05999999865889549,10.0,2400,0.0
2401,1788891765.3913279,1788891765.3913279,1081,0.27515318989753723,0.7582371234893799,-2.3561899662017822,2.3561899662017822,0.004363323096185923,0.05999999865889549,10.0,2401,0.0
2402,1788891765.4431224,1788891765.4431224,1081,0.27515709400177,0.7582600712776184,-2.3561899662017822,2.3561899662017822,0.004363323096185923,0.05999999865889549,10.0,2402,0.0
2403,1788891765.5151317,1788891765.5151317,1081,0.27515709400177,0.7582635879516602,-2.3561899662017822,2.3561899662017822,0.004363323096185923,0.05999999865889549,10.0,2403,0.0
2404,1788891765.567072,1788891765.567072,1081,0.27515798807144165,0.7582651972770691,-2.3561899662017822,2.3561899662017822,0.004363323096185923,0.05999999865889549,10.0,2404,0.0
2405,1788891765.6404784,1788891765.6404784,1081,0.27516090869903564,0.7582746744155884,-2.3561899662017822,2.3561899662017822,0.004363323096185923,0.05999999865889549,10.0,2405,0.0
2406,1788891765.691708,1788891765.691708,1081,0.2751634120941162,0.7582746744155884,-2.3561899662017822,2.3561899662017822,0.004363323096185923,0.05999999865889549,10.0,2406,0.0
2407,1788891765.7431219,1788891765.7431219,1081,0.2751629948616028,0.7582672834396362,-2.3561899662017822,2.3561899662017822,0.004363323096185923,0.05999999865889549,10.0,2407,0.0
2408,1788891765.8157315,1788891765.8157315,1081,0.2751629948616028,0.758262574672699,-2.3561899662017822,2.3561899662017822,0.004363323096185923,0.05999999865889549,10.0,2408,0.0
2409,1788891765.8674946,1788891765.8674946,1081,0.27516239881515503,0.7582718729972839,-2.3561899662017822,2.3561899662017822,0.004363323096185923,0.05999999865889549,10.0,2409,0.0
2410,1788891765.9399254,1788891765.9399254,1081,0.2751629948616028,0.7582684755325317,-2.3561899662017822,2.3561899662017822,0.004363323096185923,0.05999999865889549,10.0,2410,0.0
2411,1788891765.992194,1788891765.992194,1081,0.2751624882221222,0.7582588195800781,-2.3561899662017822,2.3561899662017822,0.004363323096185923,0.05999999865889549,10.0,2411,0.0
2412,1788891766.0469327,1788891766.0469327,1081,0.2751638889312744,0.7582713961601257,-2.3561899662017822,2.3561899662017822,0.004363323096185923,0.05999999865889549,10.0,2412,0.0
2413,1788891766.1149788,1788891766.1149788,1081,0.2751672863960266,0.7582870721817017,-2.3561899662017822,2.3561899662017822,0.004363323096185923,0.05999999865889549,10.0,2413,0.0
2414,1788891766.1660457,1788891766.1660457,1081,0.27516689896583557,0.758277416229248,-2.3561899662017822,2.3561899662017822,0.004363323096185923,0.05999999865889549,10.0,2414,0.0
2415,1788891766.216089,1788891766.216089,1081,0.27516689896583557,0.7582728266716003,-2.3561899662017822,2.3561899662017822,0.004363323096185923,0.05999999865889549,10.0,2415,0.0
2416,1788891766.2677653,1788891766.2677653,1081,0.27516651153564453,0.7582712769508362,-2.3561899662017822,2.3561899662017822,0.004363323096185923,0.05999999865889549,10.0,2416,0.0
2417,1788891766.321079,1788891766.321079,1081,0.27516791224479675,0.7582790851593018,-2.3561899662017822,2.3561899662017822,0.004363323096185923,0.05999999865889549,10.0,2417,0.0
2418,1788891766.3899984,1788891766.3899984,1081,0.275169312953949,0.7582926750183105,-2.3561899662017822,2.3561899662017822,0.004363323096185923,0.05999999865889549,10.0,2418,0.0
2419,1788891766.4404452,1788891766.4404452,1081,0.275169312953949,0.7582833766937256,-2.3561899662017822,2.3561899662017822,0.004363323096185923,0.05999999865889549,10.0,2419,0.0
2420,1788891766.4937816,1788891766.4937816,1081,0.27516889572143555,0.7582795023918152,-2.3561899662017822,2.3561899662017822,0.004363323096185923,0.05999999865889549,10.0,2420,0.0
2421,1788891766.5651104,1788891766.5651104,1081,0.27517271041870117,0.7582976818084717,-2.3561899662017822,2.3561899662017822,0.004363323096185923,0.05999999865889549,10.0,2421,0.0
2422,1788891766.616751,1788891766.616751,1081,0.2751750946044922,0.7583023905754089,-2.3561899662017822,2.3561899662017822,0.004363323096185923,0.05999999865889549,10.0,2422,0.0
2423,1788891766.66732,1788891766.66732,1081,0.27517470717430115,0.7582939267158508,-2.3561899662017822,2.3561899662017822,0.004363323096185923,0.05999999865889549,10.0,2423,0.0
2424,1788891766.7403738,1788891766.7403738,1081,0.27517470717430115,0.7582939267158508,-2.3561899662017822,2.3561899662017822,0.004363323096185923,0.05999999865889549,10.0,2424,0.0
2425,1788891766.7919388,1788891766.7919388,1081,0.27517709136009216,0.7583115100860596,-2.3561899662017822,2.3561899662017822,0.004363323096185923,0.05999999865889549,10.0,2425,0.0
2426,1788891766.8421395,1788891766.8421395,1081,0.27518001198768616,0.758321225643158,-2.3561899662017822,2.3561899662017822,0.004363323096185923,0.05999999865889549,10.0,2426,0.0
2427,1788891766.9149888,1788891766.9149888,1081,0.27518439292907715,0.7583348751068115,-2.3561899662017822,2.3561899662017822,0.004363323096185923,0.05999999865889549,10.0,2427,0.0
2428,1788891766.967307,1788891766.967307,1081,0.2751840054988861,0.7583205103874207,-2.3561899662017822,2.3561899662017822,0.004363323096185923,0.05999999865889549,10.0,2428,0.0
2429,1788891767.0221467,1788891767.0221467,1081,0.2751840054988861,0.7583193778991699,-2.3561899662017822,2.3561899662017822,0.004363323096185923,0.05999999865889549,10.0,2429,0.0
2430,1788891767.0900006,1788891767.0900006,1081,0.27518680691719055,0.7583385109901428,-2.3561899662017822,2.3561899662017822,0.004363323096185923,0.05999999865889549,10.0,2430,0.0
2431,1788891767.1402867,1788891767.1402867,1081,0.2751893103122711,0.7583476901054382,-2.3561899662017822,2.3561899662017822,0.004363323096185923,0.05999999865889549,10.0,2431,0.0
2432,1788891767.1911244,1788891767.1911244,1081,0.27518969774246216,0.7583444714546204,-2.3561899662017822,2.3561899662017822,0.004363323096185923,0.05999999865889549,10.0,2432,0.0
2433,1788891767.2423477,1788891767.2423477,1081,0.27519160509109497,0.7583479285240173,-2.3561899662017822,2.3561899662017822,0.004363323096185923,0.05999999865889549,10.0,2433,0.0
2434,1788891767.2962382,1788891767.2962382,1081,0.27519160509109497,0.7583454251289368,-2.3561899662017822,2.3561899662017822,0.004363323096185923,0.05999999865889549,10.0,2434,0.0
2435,1788891767.3648543,1788891767.3648543,1081,0.27519410848617554,0.7583581805229187,-2.3561899662017822,2.3561899662017822,0.004363323096185923,0.05999999865889549,10.0,2435,0.0
2436,1788891767.4160256,1788891767.4160256,1081,0.2751961052417755,0.7583639025688171,-2.3561899662017822,2.3561899662017822,0.004363323096185923,0.05999999865889549,10.0,2436,0.0
2437,1788891767.4664092,1788891767.4664092,1081,0.2751961052417755,0.7583613991737366,-2.3561899662017822,2.3561899662017822,0.004363323096185923,0.05999999865889549,10.0,2437,0.0
2438,1788891767.5160575,1788891767.5160575,1081,0.2751961052417755,0.7583662271499634,-2.3561899662017822,2.3561899662017822,0.004363323096185923,0.05999999865889549,10.0,2438,0.0
2439,1788891767.5672185,1788891767.5672185,1081,0.27519649267196655,0.7583736181259155,-2.3561899662017822,2.3561899662017822,0.004363323096185923,0.05999999865889549,10.0,2439,0.0
2440,1788891767.6401837,1788891767.6401837,1081,0.2751961052417755,0.7583686113357544,-2.3561899662017822,2.3561899662017822,0.004363323096185923,0.05999999865889549,10.0,2440,0.0
2441,1788891767.6921957,1788891767.6921957,1081,0.27519699931144714,0.7583773136138916,-2.3561899662017822,2.3561899662017822,0.004363323096185923,0.05999999865889549,10.0,2441,0.0
2442,1788891767.7465742,1788891767.7465742,1081,0.27519690990448,0.7583807706832886,-2.3561899662017822,2.3561899662017822,0.004363323096185923,0.05999999865889549,10.0,2442,0.0
2443,1788891767.815004,1788891767.815004,1081,0.2751973867416382,0.7583727836608887,-2.3561899662017822,2.3561899662017822,0.004363323096185923,0.05999999865889549,10.0,2443,0.0
2444,1788891767.865918,1788891767.865918,1081,0.27519699931144714,0.7583608031272888,-2.3561899662017822,2.3561899662017822,0.004363323096185923,0.05999999865889549,10.0,2444,0.0
2445,1788891767.9171526,1788891767.9171526,1081,0.2751980125904083,0.7583659887313843,-2.3561899662017822,2.3561899662017822,0.004363323096185923,0.05999999865889549,10.0,2445,0.0
2446,1788891767.9721894,1788891767.9721894,1081,0.27519890666007996,0.7583829164505005,-2.3561899662017822,2.3561899662017822,0.004363323096185923,0.05999999865889549,10.0,2446,0.0
2447,1788891768.0402722,1788891768.0402722,1081,0.27519848942756653,0.7583649754524231,-2.3561899662017822,2.3561899662017822,0.004363323096185923,0.05999999865889549,10.0,2447,0.0
2448,1788891768.092337,1788891768.092337,1081,0.2751981019973755,0.7583624124526978,-2.3561899662017822,2.3561899662017822,0.004363323096185923,0.05999999865889549,10.0,2448,0.0
2449,1788891768.1463203,1788891768.1463203,1081,0.27519989013671875,0.7583727240562439,-2.3561899662017822,2.3561899662017822,0.004363323096185923,0.05999999865889549,10.0,2449,0.0
2450,1788891768.2154598,1788891768.2154598,1081,0.27520090341567993,0.7583745121955872,-2.3561899662017822,2.3561899662017822,0.004363323096185923,0.05999999865889549,10.0,2450,0.0
2451,1788891768.2657766,1788891768.2657766,1081,0.2752004861831665,0.758368194103241,-2.3561899662017822,2.3561899662017822,0.004363323096185923,0.05999999865889549,10.0,2451,0.0
2452,1788891768.31655,1788891768.31655,1081,0.2752004861831665,0.7583693861961365,-2.3561899662017822,2.3561899662017822,0.004363323096185923,0.05999999865889549,10.0,2452,0.0
2453,1788891768.3678536,1788891768.3678536,1081,0.27520090341567993,0.7583767175674438,-2.3561899662017822,2.3561899662017822,0.004363323096185923,0.05999999865889549,10.0,2453,0.0
2454,1788891768.4216175,1788891768.4216175,1081,0.27520468831062317,0.7583974003791809,-2.3561899662017822,2.3561899662017822,0.004363323096185923,0.05999999865889549,10.0,2454,0.0
2455,1788891768.490707,1788891768.490707,1081,0.2752053141593933,0.7583845853805542,-2.3561899662017822,2.3561899662017822,0.004363323096185923,0.05999999865889549,10.0,2455,0.0
2456,1788891768.540401,1788891768.540401,1081,0.2752048969268799,0.7583819031715393,-2.3561899662017822,2.3561899662017822,0.004363323096185923,0.05999999865889549,10.0,2456,0.0
2457,1788891768.5914261,1788891768.5914261,1081,0.27520960569381714,0.7584090232849121,-2.3561899662017822,2.3561899662017822,0.004363323096185923,0.05999999865889549,10.0,2457,0.0
2458,1788891768.6440718,1788891768.6440718,1081,0.2752096951007843,0.7584018707275391,-2.3561899662017822,2.3561899662017822,0.004363323096185923,0.05999999865889549,10.0,2458,0.0
2459,1788891768.7152798,1788891768.7152798,1081,0.2752096951007843,0.7583960890769958,-2.3561899662017822,2.3561899662017822,0.004363323096185923,0.05999999865889549,10.0,2459,0.0
2460,1788891768.7677186,1788891768.7677186,1081,0.27520930767059326,0.7583945989608765,-2.3561899662017822,2.3561899662017822,0.004363323096185923,0.05999999865889549,10.0,2460,0.0
2461,1788891768.8403356,1788891768.8403356,1081,0.2752096951007843,0.7584006786346436,-2.3561899662017822,2.3561899662017822,0.004363323096185923,0.05999999865889549,10.0,2461,0.0
2462,1788891768.8924313,1788891768.8924313,1081,0.2752150893211365,0.7584161162376404,-2.3561899662017822,2.3561899662017822,0.004363323096185923,0.05999999865889549,10.0,2462,0.0
2463,1788891768.9653893,1788891768.9653893,1081,0.27521461248397827,0.758407711982727,-2.3561899662017822,2.3561899662017822,0.004363323096185923,0.05999999865889549,10.0,2463,0.0
2464,1788891769.019771,1788891769.019771,1081,0.2752183973789215,0.758427083492279,-2.3561899662017822,2.3561899662017822,0.004363323096185923,0.05999999865889549,10.0,2464,0.0
2465,1788891769.0904174,1788891769.0904174,1081,0.2752203047275543,0.7584398984909058,-2.3561899662017822,2.3561899662017822,0.004363323096185923,0.05999999865889549,10.0,2465,0.0
2466,1788891769.1427271,1788891769.1427271,1081,0.27521950006484985,0.7584239840507507,-2.3561899662017822,2.3561899662017822,0.004363323096185923,0.05999999865889549,10.0,2466,0.0
2467,1788891769.2156696,1788891769.2156696,1081,0.2752198874950409,0.7584313750267029,-2.3561899662017822,2.3561899662017822,0.004363323096185923,0.05999999865889549,10.0,2467,0.0
2468,1788891769.265973,1788891769.265973,1081,0.2752198874950409,0.7584372758865356,-2.3561899662017822,2.3561899662017822,0.004363323096185923,0.05999999865889549,10.0,2468,0.0
2469,1788891769.3201077,1788891769.3201077,1081,0.2752203047275543,0.758444607257843,-2.3561899662017822,2.3561899662017822,0.004363323096185923,0.05999999865889549,10.0,2469,0.0
2470,1788891769.3900273,1788891769.3900273,1081,0.27521979808807373,0.7584409117698669,-2.3561899662017822,2.3561899662017822,0.004363323096185923,0.05999999865889549,10.0,2470,0.0
2471,1788891769.4426455,1788891769.4426455,1081,0.2752217948436737,0.7584499716758728,-2.3561899662017822,2.3561899662017822,0.004363323096185923,0.05999999865889549,10.0,2471,0.0
2472,1788891769.514866,1788891769.514866,1081,0.2752233147621155,0.7584530115127563,-2.3561899662017822,2.3561899662017822,0.004363323096185923,0.05999999865889549,10.0,2472,0.0
2473,1788891769.5654185,1788891769.5654185,1081,0.2752237021923065,0.7584543824195862,-2.3561899662017822,2.3561899662017822,0.004363323096185923,0.05999999865889549,10.0,2473,0.0
2474,1788891769.616708,1788891769.616708,1081,0.2752251923084259,0.7584478855133057,-2.3561899662017822,2.3561899662017822,0.004363323096185923,0.05999999865889549,10.0,2474,0.0
2475,1788891769.6691823,1788891769.6691823,1081,0.2752251923084259,0.7584419846534729,-2.3561899662017822,2.3561899662017822,0.004363323096185923,0.05999999865889549,10.0,2475,0.0
2476,1788891769.7406852,1788891769.7406852,1081,0.27522480487823486,0.7584394216537476,-2.3561899662017822,2.3561899662017822,0.004363323096185923,0.05999999865889549,10.0,2476,0.0
2477,1788891769.7923748,1788891769.7923748,1081,0.2752267122268677,0.7584521770477295,-2.3561899662017822,2.3561899662017822,0.004363323096185923,0.05999999865889549,10.0,2477,0.0
2478,1788891769.8464189,1788891769.8464189,1081,0.2752271890640259,0.7584524154663086,-2.3561899662017822,2.3561899662017822,0.004363323096185923,0.05999999865889549,10.0,2478,0.0
2479,1788891769.9148982,1788891769.9148982,1081,0.2752271890640259,0.7584500908851624,-2.3561899662017822,2.3561899662017822,0.004363323096185923,0.05999999865889549,10.0,2479,0.0
2480,1788891769.964988,1788891769.964988,1081,0.27522680163383484,0.7584437727928162,-2.3561899662017822,2.3561899662017822,0.004363323096185923,0.05999999865889549,10.0,2480,0.0
2481,1788891770.0157583,1788891770.0157583,1081,0.2752281129360199,0.7584528923034668,-2.3561899662017822,2.3561899662017822,0.004363323096185923,0.05999999865889549,10.0,2481,0.0
2482,1788891770.0673969,1788891770.0673969,1081,0.2752329111099243,0.7584751844406128,-2.3561899662017822,2.3561899662017822,0.004363323096185923,0.05999999865889549,10.0,2482,0.0
2483,1788891770.1406896,1788891770.1406896,1081,0.27523210644721985,0.7584593296051025,-2.3561899662017822,2.3561899662017822,0.004363323096185923,0.05999999865889549,10.0,2483,0.0
2484,1788891770.1921704,1788891770.1921704,1081,0.27523210644721985,0.758460521697998,-2.3561899662017822,2.3561899662017822,0.004363323096185923,0.05999999865889549,10.0,2484,0.0
2485,1788891770.2464013,1788891770.2464013,1081,0.27523210644721985,0.7584593296051025,-2.3561899662017822,2.3561899662017822,0.004363323096185923,0.05999999865889549,10.0,2485,0.0
2486,1788891770.3150034,1788891770.3150034,1081,0.27523401379585266,0.7584744095802307,-2.3561899662017822,2.3561899662017822,0.004363323096185923,0.05999999865889549,10.0,2486,0.0
2487,1788891770.368013,1788891770.368013,1081,0.27523550391197205,0.7584702968597412,-2.3561899662017822,2.3561899662017822,0.004363323096185923,0.05999999865889549,10.0,2487,0.0
2488,1788891770.4213798,1788891770.4213798,1081,0.27523550391197205,0.7584692239761353,-2.3561899662017822,2.3561899662017822,0.004363323096185923,0.05999999865889549,10.0,2488,0.0
2489,1788891770.4905498,1788891770.4905498,1081,0.2752354145050049,0.7584739923477173,-2.3561899662017822,2.3561899662017822,0.004363323096185923,0.05999999865889549,10.0,2489,0.0
2490,1788891770.5421007,1788891770.5421007,1081,0.27524030208587646,0.758496105670929,-2.3561899662017822,2.3561899662017822,0.004363323096185923,0.05999999865889549,10.0,2490,0.0
2491,1788891770.6151419,1788891770.6151419,1081,0.27524518966674805,0.7585042715072632,-2.3561899662017822,2.3561899662017822,0.004363323096185923,0.05999999865889549,10.0,2491,0.0
2492,1788891770.6670537,1788891770.6670537,1081,0.275244802236557,0.758496880531311,-2.3561899662017822,2.3561899662017822,0.004363323096185923,0.05999999865889549,10.0,2492,0.0
2493,1788891770.7166371,1788891770.7166371,1081,0.275244802236557,0.7584958076477051,-2.3561899662017822,2.3561899662017822,0.004363323096185923,0.05999999865889549,10.0,2493,0.0
2494,1788891770.767696,1788891770.767696,1081,0.27524858713150024,0.7585210800170898,-2.3561899662017822,2.3561899662017822,0.004363323096185923,0.05999999865889549,10.0,2494,0.0
2495,1788891770.8398774,1788891770.8398774,1081,0.27524858713150024,0.7585151791572571,-2.3561899662017822,2.3561899662017822,0.004363323096185923,0.05999999865889549,10.0,2495,0.0
2496,1788891770.8908827,1788891770.8908827,1081,0.2752481997013092,0.7585055232048035,-2.3561899662017822,2.3561899662017822,0.004363323096185923,0.05999999865889549,10.0,2496,0.0
2497,1788891770.9434435,1788891770.9434435,1081,0.27524858713150024,0.7585175037384033,-2.3561899662017822,2.3561899662017822,0.004363323096185923,0.05999999865889549,10.0,2497,0.0
2498,1788891771.0153084,1788891771.0153084,1081,0.27524811029434204,0.7585079073905945,-2.3561899662017822,2.3561899662017822,0.004363323096185923,0.05999999865889549,10.0,2498,0.0
2499,1788891771.067509,1788891771.067509,1081,0.2752504050731659,0.7585291862487793,-2.3561899662017822,2.3561899662017822,0.004363323096185923,0.05999999865889549,10.0,2499,0.0
2500,1788891771.1403568,1788891771.1403568,1081,0.27525150775909424,0.75853431224823,-2.3561899662017822,2.3561899662017822,0.004363323096185923,0.05999999865889549,10.0,2500,0.0
2501,1788891771.191039,1788891771.191039,1081,0.27525389194488525,0.7585412859916687,-2.3561899662017822,2.3561899662017822,0.004363323096185923,0.05999999865889549,10.0,2501,0.0
2502,1788891771.2424328,1788891771.2424328,1081,0.27525439858436584,0.7585285902023315,-2.3561899662017822,2.3561899662017822,0.004363323096185923,0.05999999865889549,10.0,2502,0.0
2503,1788891771.2960436,1788891771.2960436,1081,0.2752540111541748,0.7585235834121704,-2.3561899662017822,2.3561899662017822,0.004363323096185923,0.05999999865889549,10.0,2503,0.0
2504,1788891771.3655765,1788891771.3655765,1081,0.2752540111541748,0.7585235834121704,-2.3561899662017822,2.3561899662017822,0.004363323096185923,0.05999999865889549,10.0,2504,0.0
2505,1788891771.4169168,1788891771.4169168,1081,0.27525588870048523,0.7585350871086121,-2.3561899662017822,2.3561899662017822,0.004363323096185923,0.05999999865889549,10.0,2505,0.0
2506,1788891771.4899006,1788891771.4899006,1081,0.27525970339775085,0.7585533261299133,-2.3561899662017822,2.3561899662017822,0.004363323096185923,0.05999999865889549,10.0,2506,0.0
2507,1788891771.5407152,1788891771.5407152,1081,0.2752622067928314,0.7585533261299133,-2.3561899662017822,2.3561899662017822,0.004363323096185923,0.05999999865889549,10.0,2507,0.0
2508,1788891771.5914803,1788891771.5914803,1081,0.2752622067928314,0.758552074432373,-2.3561899662017822,2.3561899662017822,0.004363323096185923,0.05999999865889549,10.0,2508,0.0
2509,1788891771.6461413,1788891771.6461413,1081,0.27526751160621643,0.7585783004760742,-2.3561899662017822,2.3561899662017822,0.004363323096185923,0.05999999865889549,10.0,2509,0.0
2510,1788891771.7151546,1788891771.7151546,1081,0.2752665877342224,0.7585600018501282,-2.3561899662017822,2.3561899662017822,0.004363323096185923,0.05999999865889549,10.0,2510,0.0
2511,1788891771.7660246,1788891771.7660246,1081,0.2752665877342224,0.7585588097572327,-2.3561899662017822,2.3561899662017822,0.004363323096185923,0.05999999865889549,10.0,2511,0.0
2512,1788891771.815432,1788891771.815432,1081,0.2752699851989746,0.7585734128952026,-2.3561899662017822,2.3561899662017822,0.004363323096185923,0.05999999865889549,10.0,2512,0.0
2513,1788891771.866978,1788891771.866978,1081,0.27527329325675964,0.7585926055908203,-2.3561899662017822,2.3561899662017822,0.004363323096185923,0.05999999865889549,10.0,2513,0.0
2514,1788891771.9196625,1788891771.9196625,1081,0.2752724885940552,0.7585768103599548,-2.3561899662017822,2.3561899662017822,0.004363323096185923,0.05999999865889549,10.0,2514,0.0
2515,1788891771.9710839,1788891771.9710839,1081,0.2752729058265686,0.7585818767547607,-2.3561899662017822,2.3561899662017822,0.004363323096185923,0.05999999865889549,10.0,2515,0.0
2516,1788891772.0400178,1788891772.0400178,1081,0.2752729058265686,0.7585852742195129,-2.3561899662017822,2.3561899662017822,0.004363323096185923,0.05999999865889549,10.0,2516,0.0
2517,1788891772.092911,1788891772.092911,1081,0.2752729058265686,0.7585865259170532,-2.3561899662017822,2.3561899662017822,0.004363323096185923,0.05999999865889549,10.0,2517,0.0
2518,1788891772.1650348,1788891772.1650348,1081,0.27527278661727905,0.7585948705673218,-2.3561899662017822,2.3561899662017822,0.004363323096185923,0.05999999865889549,10.0,2518,0.0
2519,1788891772.2181516,1788891772.2181516,1081,0.2752734124660492,0.7585890293121338,-2.3561899662017822,2.3561899662017822,0.004363323096185923,0.05999999865889549,10.0,2519,0.0
2520,1788891772.271606,1788891772.271606,1081,0.2752734124660492,0.758585512638092,-2.3561899662017822,2.3561899662017822,0.004363323096185923,0.05999999865889549,10.0,2520,0.0
2521,1788891772.3404987,1788891772.3404987,1081,0.2752738893032074,0.7585846781730652,-2.3561899662017822,2.3561899662017822,0.004363323096185923,0.05999999865889549,10.0,2521,0.0
2522,1788891772.3909879,1788891772.3909879,1081,0.2752748131752014,0.7585933208465576,-2.3561899662017822,2.3561899662017822,0.004363323096185923,0.05999999865889549,10.0,2522,0.0
2523,1788891772.4409873,1788891772.4409873,1081,0.27527570724487305,0.7586055994033813,-2.3561899662017822,2.3561899662017822,0.004363323096185923,0.05999999865889549,10.0,2523,0.0
2524,1788891772.4911847,1788891772.4911847,1081,0.2752757966518402,0.758599579334259,-2.3561899662017822,2.3561899662017822,0.004363323096185923,0.05999999865889549,10.0,2524,0.0
2525,1788891772.5437868,1788891772.5437868,1081,0.2752749025821686,0.7585837841033936,-2.3561899662017822,2.3561899662017822,0.004363323096185923,0.05999999865889549,10.0,2525,0.0
2526,1788891772.6157267,1788891772.6157267,1081,0.2752749025821686,0.7585827112197876,-2.3561899662017822,2.3561899662017822,0.004363323096185923,0.05999999865889549,10.0,2526,0.0
2527,1788891772.6663933,1788891772.6663933,1081,0.2752749025821686,0.7585837841033936,-2.3561899662017822,2.3561899662017822,0.004363323096185923,0.05999999865889549,10.0,2527,0.0
2528,1788891772.717802,1788891772.717802,1081,0.27527719736099243,0.7586038708686829,-2.3561899662017822,2.3561899662017822,0.004363323096185923,0.05999999865889549,10.0,2528,0.0
2529,1788891772.7899392,1788891772.7899392,1081,0.2752768099308014,0.7585942149162292,-2.3561899662017822,2.3561899662017822,0.004363323096185923,0.05999999865889549,10.0,2529,0.0
2530,1788891772.8414025,1788891772.8414025,1081,0.27527639269828796,0.7585868835449219,-2.3561899662017822,2.3561899662017822,0.004363323096185923,0.05999999865889549,10.0,2530,0.0
2531,1788891772.8928726,1788891772.8928726,1081,0.27528220415115356,0.7586154937744141,-2.3561899662017822,2.3561899662017822,0.004363323096185923,0.05999999865889549,10.0,2531,0.0
2532,1788891772.9652925,1788891772.9652925,1081,0.2752859890460968,0.7586290836334229,-2.3561899662017822,2.3561899662017822,0.004363323096185923,0.05999999865889549,10.0,2532,0.0
2533,1788891773.0159912,1788891773.0159912,1081,0.27528560161590576,0.758621871471405,-2.3561899662017822,2.3561899662017822,0.004363323096185923,0.05999999865889549,10.0,2533,0.0
2534,1788891773.0718303,1788891773.0718303,1081,0.27528849244117737,0.7586268186569214,-2.3561899662017822,2.3561899662017822,0.004363323096185923,0.05999999865889549,10.0,2534,0.0
2535,1788891773.140773,1788891773.140773,1081,0.27528810501098633,0.7586216926574707,-2.3561899662017822,2.3561899662017822,0.004363323096185923,0.05999999865889549,10.0,2535,0.0
2536,1788891773.1924942,1788891773.1924942,1081,0.27528810501098633,0.7586205005645752,-2.3561899662017822,2.3561899662017822,0.004363323096185923,0.05999999865889549,10.0,2536,0.0
2537,1788891773.2653098,1788891773.2653098,1081,0.275289386510849,0.7586318254470825,-2.3561899662017822,2.3561899662017822,0.004363323096185923,0.05999999865889549,10.0,2537,0.0
2538,1788891773.3180163,1788891773.3180163,1081,0.27529099583625793,0.758640706539154,-2.3561899662017822,2.3561899662017822,0.004363323096185923,0.05999999865889549,10.0,2538,0.0
2539,1788891773.3899474,1788891773.3899474,1081,0.27529048919677734,0.7586274147033691,-2.3561899662017822,2.3561899662017822,0.004363323096185923,0.05999999865889549,10.0,2539,0.0
2540,1788891773.440144,1788891773.440144,1081,0.27529090642929077,0.7586336731910706,-2.3561899662017822,2.3561899662017822,0.004363323096185923,0.05999999865889549,10.0,2540,0.0
2541,1788891773.4923244,1788891773.4923244,1081,0.27529141306877136,0.7586491703987122,-2.3561899662017822,2.3561899662017822,0.004363323096185923,0.05999999865889549,10.0,2541,0.0
2542,1788891773.547415,1788891773.547415,1081,0.2752912938594818,0.7586457133293152,-2.3561899662017822,2.3561899662017822,0.004363323096185923,0.05999999865889549,10.0,2542,0.0
2543,1788891773.615564,1788891773.615564,1081,0.2752918004989624,0.7586495280265808,-2.3561899662017822,2.3561899662017822,0.004363323096185923,0.05999999865889549,10.0,2543,0.0
2544,1788891773.6920528,1788891773.6920528,1081,0.2752918004989624,0.7586506009101868,-2.3561899662017822,2.3561899662017822,0.004363323096185923,0.05999999865889549,10.0,2544,0.0
2545,1788891773.7464752,1788891773.7464752,1081,0.275292307138443,0.7586544156074524,-2.3561899662017822,2.3561899662017822,0.004363323096185923,0.05999999865889549,10.0,2545,0.0
2546,1788891773.8151977,1788891773.8151977,1081,0.2752907872200012,0.7586455941200256,-2.3561899662017822,2.3561899662017822,0.004363323096185923,0.05999999865889549,10.0,2546,0.0
2547,1788891773.8670242,1788891773.8670242,1081,0.2752918004989624,0.758647084236145,-2.3561899662017822,2.3561899662017822,0.004363323096185923,0.05999999865889549,10.0,2547,0.0
2548,1788891773.917247,1788891773.917247,1081,0.27529099583625793,0.758628785610199,-2.3561899662017822,2.3561899662017822,0.004363323096185923,0.05999999865889549,10.0,2548,0.0
2549,1788891773.9715078,1788891773.9715078,1081,0.27529099583625793,0.7586299777030945,-2.3561899662017822,2.3561899662017822,0.004363323096185923,0.05999999865889549,10.0,2549,0.0
2550,1788891774.0399208,1788891774.0399208,1081,0.27529141306877136,0.7586420774459839,-2.3561899662017822,2.3561899662017822,0.004363323096185923,0.05999999865889549,10.0,2550,0.0
2551,1788891774.0917442,1788891774.0917442,1081,0.27529141306877136,0.7586374282836914,-2.3561899662017822,2.3561899662017822,0.004363323096185923,0.05999999865889549,10.0,2551,0.0
2552,1788891774.1432626,1788891774.1432626,1081,0.2752937972545624,0.7586504220962524,-2.3561899662017822,2.3561899662017822,0.004363323096185923,0.05999999865889549,10.0,2552,0.0
2553,1788891774.2155247,1788891774.2155247,1081,0.2752937972545624,0.7586514949798584,-2.3561899662017822,2.3561899662017822,0.004363323096185923,0.05999999865889549,10.0,2553,0.0
2554,1788891774.2659128,1788891774.2659128,1081,0.2752937972545624,0.7586444020271301,-2.3561899662017822,2.3561899662017822,0.004363323096185923,0.05999999865889549,10.0,2554,0.0
2555,1788891774.3155458,1788891774.3155458,1081,0.27529388666152954,0.7586385011672974,-2.3561899662017822,2.3561899662017822,0.004363323096185923,0.05999999865889549,10.0,2555,0.0
2556,1788891774.3676684,1788891774.3676684,1081,0.2752962112426758,0.7586526274681091,-2.3561899662017822,2.3561899662017822,0.004363323096185923,0.05999999865889549,10.0,2556,0.0
2557,1788891774.4407206,1788891774.4407206,1081,0.2752991020679474,0.758665919303894,-2.3561899662017822,2.3561899662017822,0.004363323096185923,0.05999999865889549,10.0,2557,0.0
2558,1788891774.4909987,1788891774.4909987,1081,0.2752982974052429,0.758651077747345,-2.3561899662017822,2.3561899662017822,0.004363323096185923,0.05999999865889549,10.0,2558,0.0
2559,1788891774.5415504,1788891774.5415504,1081,0.2752982974052429,0.758651077747345,-2.3561899662017822,2.3561899662017822,0.004363323096185923,0.05999999865889549,10.0,2559,0.0
2560,1788891774.5923345,1788891774.5923345,1081,0.2752982974052429,0.7586488127708435,-2.3561899662017822,2.3561899662017822,0.004363323096185923,0.05999999865889549,10.0,2560,0.0
2561,1788891774.6650956,1788891774.6650956,1081,0.27529871463775635,0.7586562037467957,-2.3561899662017822,2.3561899662017822,0.004363323096185923,0.05999999865889549,10.0,2561,0.0
2562,1788891774.716834,1788891774.716834,1081,0.27530398964881897,0.7586808800697327,-2.3561899662017822,2.3561899662017822,0.004363323096185923,0.05999999865889549,10.0,2562,0.0
2563,1788891774.790277,1788891774.790277,1081,0.275309294462204,0.7586951851844788,-2.3561899662017822,2.3561899662017822,0.004363323096185923,0.05999999865889549,10.0,2563,0.0
2564,1788891774.8409617,1788891774.8409617,1081,0.2753084897994995,0.7586793899536133,-2.3561899662017822,2.3561899662017822,0.004363323096185923,0.05999999865889549,10.0,2564,0.0
2565,1788891774.892146,1788891774.892146,1081,0.2753084897994995,0.7586793899536133,-2.3561899662017822,2.3561899662017822,0.004363323096185923,0.05999999865889549,10.0,2565,0.0
2566,1788891774.965558,1788891774.965558,1081,0.27530890703201294,0.7586902976036072,-2.3561899662017822,2.3561899662017822,0.004363323096185923,0.05999999865889549,10.0,2566,0.0
2567,1788891775.0164309,1788891775.0164309,1081,0.27531030774116516,0.7586991786956787,-2.3561899662017822,2.3561899662017822,0.004363323096185923,0.05999999865889549,10.0,2567,0.0
2568,1788891775.068249,1788891775.068249,1081,0.2753128111362457,0.7587003111839294,-2.3561899662017822,2.3561899662017822,0.004363323096185923,0.05999999865889549,10.0,2568,0.0
2569,1788891775.1407142,1788891775.1407142,1081,0.2753123939037323,0.7586904764175415,-2.3561899662017822,2.3561899662017822,0.004363323096185923,0.05999999865889549,10.0,2569,0.0
2570,1788891775.1928492,1788891775.1928492,1081,0.2753123939037323,0.7586904764175415,-2.3561899662017822,2.3561899662017822,0.004363323096185923,0.05999999865889549,10.0,2570,0.0
2571,1788891775.2649345,1788891775.2649345,1081,0.2753123939037323,0.7586917281150818,-2.3561899662017822,2.3561899662017822,0.004363323096185923,0.05999999865889549,10.0,2571,0.0
2572,1788891775.3150637,1788891775.3150637,1081,0.2753128111362457,0.7586989998817444,-2.3561899662017822,2.3561899662017822,0.004363323096185923,0.05999999865889549,10.0,2572,0.0
2573,1788891775.364954,1788891775.364954,1081,0.27531421184539795,0.7587103843688965,-2.3561899662017822,2.3561899662017822,0.004363323096185923,0.05999999865889549,10.0,2573,0.0
2574,1788891775.41475,1788891775.41475,1081,0.27531328797340393,0.758693277835846,-2.3561899662017822,2.3561899662017822,0.004363323096185923,0.05999999865889549,10.0,2574,0.0
2575,1788891775.4655526,1788891775.4655526,1081,0.27531328797340393,0.758693277835846,-2.3561899662017822,2.3561899662017822,0.004363323096185923,0.05999999865889549,10.0,2575,0.0
2576,1788891775.5172718,1788891775.5172718,1081,0.27531370520591736,0.7587031126022339,-2.3561899662017822,2.3561899662017822,0.004363323096185923,0.05999999865889549,10.0,2576,0.0
2577,1788891775.5905004,1788891775.5905004,1081,0.27531570196151733,0.7587146162986755,-2.3561899662017822,2.3561899662017822,0.004363323096185923,0.05999999865889549,10.0,2577,0.0
2578,1788891775.64163,1788891775.64163,1081,0.2753162086009979,0.7587066292762756,-2.3561899662017822,2.3561899662017822,0.004363323096185923,0.05999999865889549,10.0,2578,0.0
2579,1788891775.6926858,1788891775.6926858,1081,0.2753153145313263,0.7587000727653503,-2.3561899662017822,2.3561899662017822,0.004363323096185923,0.05999999865889549,10.0,2579,0.0
2580,1788891775.7654457,1788891775.7654457,1081,0.2753153145313263,0.7586988806724548,-2.3561899662017822,2.3561899662017822,0.004363323096185923,0.05999999865889549,10.0,2580,0.0
2581,1788891775.8186715,1788891775.8186715,1081,0.27531570196151733,0.75870281457901,-2.3561899662017822,2.3561899662017822,0.004363323096185923,0.05999999865889549,10.0,2581,0.0
2582,1788891775.8907194,1788891775.8907194,1081,0.27531570196151733,0.7587099075317383,-2.3561899662017822,2.3561899662017822,0.004363323096185923,0.05999999865889549,10.0,2582,0.0
2583,1788891775.941889,1788891775.941889,1081,0.27531570196151733,0.758705198764801,-2.3561899662017822,2.3561899662017822,0.004363323096185923,0.05999999865889549,10.0,2583,0.0
2584,1788891775.9954069,1788891775.9954069,1081,0.2753160893917084,0.7587218880653381,-2.3561899662017822,2.3561899662017822,0.004363323096185923,0.05999999865889549,10.0,2584,0.0
2585,1788891776.0657673,1788891776.0657673,1081,0.27531808614730835,0.758727490901947,-2.3561899662017822,2.3561899662017822,0.004363323096185923,0.05999999865889549,10.0,2585,0.0
2586,1788891776.1159296,1788891776.1159296,1081,0.27531901001930237,0.7587233185768127,-2.3561899662017822,2.3561899662017822,0.004363323096185923,0.05999999865889549,10.0,2586,0.0
2587,1788891776.16604,1788891776.16604,1081,0.27532050013542175,0.7587239742279053,-2.3561899662017822,2.3561899662017822,0.004363323096185923,0.05999999865889549,10.0,2587,0.0
2588,1788891776.2190685,1788891776.2190685,1081,0.2753201127052307,0.7587141990661621,-2.3561899662017822,2.3561899662017822,0.004363323096185923,0.05999999865889549,10.0,2588,0.0
2589,1788891776.2899697,1788891776.2899697,1081,0.27532050013542175,0.758716881275177,-2.3561899662017822,2.3561899662017822,0.004363323096185923,0.05999999865889549,10.0,2589,0.0
2590,1788891776.3418164,1788891776.3418164,1081,0.27532199025154114,0.7587270140647888,-2.3561899662017822,2.3561899662017822,0.004363323096185923,0.05999999865889549,10.0,2590,0.0
2591,1788891776.3937812,1788891776.3937812,1081,0.27532830834388733,0.7587499022483826,-2.3561899662017822,2.3561899662017822,0.004363323096185923,0.05999999865889549,10.0,2591,0.0
2592,1788891776.464959,1788891776.464959,1081,0.27532750368118286,0.7587363719940186,-2.3561899662017822,2.3561899662017822,0.004363323096185923,0.05999999865889549,10.0,2592,0.0
2593,1788891776.5147927,1788891776.5147927,1081,0.27532750368118286,0.7587339878082275,-2.3561899662017822,2.3561899662017822,0.004363323096185923,0.05999999865889549,10.0,2593,0.0
2594,1788891776.5672822,1788891776.5672822,1081,0.27532750368118286,0.7587339878082275,-2.3561899662017822,2.3561899662017822,0.004363323096185923,0.05999999865889549,10.0,2594,0.0
2595,1788891776.6172411,1788891776.6172411,1081,0.2753278911113739,0.7587401866912842,-2.3561899662017822,2.3561899662017822,0.004363323096185923,0.05999999865889549,10.0,2595,0.0
2596,1788891776.6906035,1788891776.6906035,1081,0.27532878518104553,0.7587524056434631,-2.3561899662017822,2.3561899662017822,0.004363323096185923,0.05999999865889549,10.0,2596,0.0
2597,1788891776.7409306,1788891776.7409306,1081,0.2753294110298157,0.7587466835975647,-2.3561899662017822,2.3561899662017822,0.004363323096185923,0.05999999865889549,10.0,2597,0.0
2598,1788891776.7935965,1788891776.7935965,1081,0.2753289043903351,0.7587382197380066,-2.3561899662017822,2.3561899662017822,0.004363323096185923,0.05999999865889549,10.0,2598,0.0
2599,1788891776.865677,1788891776.865677,1081,0.2753294110298157,0.758744478225708,-2.3561899662017822,2.3561899662017822,0.004363323096185923,0.05999999865889549,10.0,2599,0.0
2600,1788891776.9172776,1788891776.9172776,1081,0.2753294110298157,0.7587479948997498,-2.3561899662017822,2.3561899662017822,0.004363323096185923,0.05999999865889549,10.0,2600,0.0
2601,1788891776.9688604,1788891776.9688604,1081,0.2753294110298157,0.7587466835975647,-2.3561899662017822,2.3561899662017822,0.004363323096185923,0.05999999865889549,10.0,2601,0.0
2602,1788891777.0406156,1788891777.0406156,1081,0.27532970905303955,0.7587634921073914,-2.3561899662017822,2.3561899662017822,0.004363323096185923,0.05999999865889549,10.0,2602,0.0
2603,1788891777.0927145,1788891777.0927145,1081,0.27532970905303955,0.7587577104568481,-2.3561899662017822,2.3561899662017822,0.004363323096185923,0.05999999865889549,10.0,2603,0.0
2604,1788891777.165445,1788891777.165445,1081,0.2753289043903351,0.7587394118309021,-2.3561899662017822,2.3561899662017822,0.004363323096185923,0.05999999865889549,10.0,2604,0.0
2605,1788891777.21633,1788891777.21633,1081,0.27533018589019775,0.758756697177887,-2.3561899662017822,2.3561899662017822,0.004363323096185923,0.05999999865889549,10.0,2605,0.0
2606,1788891777.269131,1788891777.269131,1081,0.2753298878669739,0.7587422132492065,-2.3561899662017822,2.3561899662017822,0.004363323096185923,0.05999999865889549,10.0,2606,0.0
2607,1788891777.3398376,1788891777.3398376,1081,0.2753303050994873,0.7587530016899109,-2.3561899662017822,2.3561899662017822,0.004363323096185923,0.05999999865889549,10.0,2607,0.0
2608,1788891777.3906431,1788891777.3906431,1081,0.27533459663391113,0.7587680816650391,-2.3561899662017822,2.3561899662017822,0.004363323096185923,0.05999999865889549,10.0,2608,0.0
2609,1788891777.4431765,1788891777.4431765,1081,0.2753342092037201,0.7587655782699585,-2.3561899662017822,2.3561899662017822,0.004363323096185923,0.05999999865889549,10.0,2609,0.0
2610,1788891777.5155418,1788891777.5155418,1081,0.2753371000289917,0.7587692141532898,-2.3561899662017822,2.3561899662017822,0.004363323096185923,0.05999999865889549,10.0,2610,0.0
2611,1788891777.5659146,1788891777.5659146,1081,0.27533671259880066,0.7587618231773376,-2.3561899662017822,2.3561899662017822,0.004363323096185923,0.05999999865889549,10.0,2611,0.0
2612,1788891777.615496,1788891777.615496,1081,0.27533671259880066,0.7587605714797974,-2.3561899662017822,2.3561899662017822,0.004363323096185923,0.05999999865889549,10.0,2612,0.0
2613,1788891777.6680598,1788891777.6680598,1081,0.2753365933895111,0.7587677240371704,-2.3561899662017822,2.3561899662017822,0.004363323096185923,0.05999999865889549,10.0,2613,0.0
2614,1788891777.7212374,1788891777.7212374,1081,0.2753385901451111,0.7587792873382568,-2.3561899662017822,2.3561899662017822,0.004363323096185923,0.05999999865889549,10.0,2614,0.0
2615,1788891777.7901888,1788891777.7901888,1081,0.27534011006355286,0.7587763071060181,-2.3561899662017822,2.3561899662017822,0.004363323096185923,0.05999999865889549,10.0,2615,0.0
2616,1788891777.841593,1788891777.841593,1081,0.27534011006355286,0.7587763071060181,-2.3561899662017822,2.3561899662017822,0.004363323096185923,0.05999999865889549,10.0,2616,0.0
2617,1788891777.8934631,1788891777.8934631,1081,0.27534040808677673,0.7587897777557373,-2.3561899662017822,2.3561899662017822,0.004363323096185923,0.05999999865889549,10.0,2617,0.0
2618,1788891777.9655597,1788891777.9655597,1081,0.27534040808677673,0.7587848901748657,-2.3561899662017822,2.3561899662017822,0.004363323096185923,0.05999999865889549,10.0,2618,0.0
2619,1788891778.0168414,1788891778.0168414,1081,0.2753413915634155,0.7587947845458984,-2.3561899662017822,2.3561899662017822,0.004363323096185923,0.05999999865889549,10.0,2619,0.0
2620,1788891778.0677161,1788891778.0677161,1081,0.27534040808677673,0.7587848901748657,-2.3561899662017822,2.3561899662017822,0.004363323096185923,0.05999999865889549,10.0,2620,0.0
2621,1788891778.140804,1788891778.140804,1081,0.27534011006355286,0.7587752938270569,-2.3561899662017822,2.3561899662017822,0.004363323096185923,0.05999999865889549,10.0,2621,0.0
2622,1788891778.1909795,1788891778.1909795,1081,0.2753424048423767,0.7587916851043701,-2.3561899662017822,2.3561899662017822,0.004363323096185923,0.05999999865889549,10.0,2622,0.0
2623,1788891778.2420456,1788891778.2420456,1081,0.27534300088882446,0.758781373500824,-2.3561899662017822,2.3561899662017822,0.004363323096185923,0.05999999865889549,10.0,2623,0.0
2624,1788891778.2927752,1788891778.2927752,1081,0.2753426134586334,0.7587786912918091,-2.3561899662017822,2.3561899662017822,0.004363323096185923,0.05999999865889549,10.0,2624,0.0
2625,1788891778.3464563,1788891778.3464563,1081,0.27534210681915283,0.7587773203849792,-2.3561899662017822,2.3561899662017822,0.004363323096185923,0.05999999865889549,10.0,2625,0.0
2626,1788891778.415059,1788891778.415059,1081,0.2753429114818573,0.7587931156158447,-2.3561899662017822,2.3561899662017822,0.004363323096185923,0.05999999865889549,10.0,2626,0.0
2627,1788891778.4658587,1788891778.4658587,1081,0.27534541487693787,0.7587906718254089,-2.3561899662017822,2.3561899662017822,0.004363323096185923,0.05999999865889549,10.0,2627,0.0
2628,1788891778.520289,1788891778.520289,1081,0.27534350752830505,0.7587814927101135,-2.3561899662017822,2.3561899662017822,0.004363323096185923,0.05999999865889549,10.0,2628,0.0
2629,1788891778.5908022,1788891778.5908022,1081,0.2753491997718811,0.7588136792182922,-2.3561899662017822,2.3561899662017822,0.004363323096185923,0.05999999865889549,10.0,2629,0.0
2630,1788891778.6412656,1788891778.6412656,1081,0.27534881234169006,0.7587991952896118,-2.3561899662017822,2.3561899662017822,0.004363323096185923,0.05999999865889549,10.0,2630,0.0
2631,1788891778.6930158,1788891778.6930158,1081,0.2753502130508423,0.7588105201721191,-2.3561899662017822,2.3561899662017822,0.004363323096185923,0.05999999865889549,10.0,2631,0.0
2632,1788891778.7649379,1788891778.7649379,1081,0.2753531038761139,0.7588155269622803,-2.3561899662017822,2.3561899662017822,0.004363323096185923,0.05999999865889549,10.0,2632,0.0
2633,1788891778.8161383,1788891778.8161383,1081,0.27535268664360046,0.7588080763816833,-2.3561899662017822,2.3561899662017822,0.004363323096185923,0.05999999865889549,10.0,2633,0.0
2634,1788891778.8692443,1788891778.8692443,1081,0.2753550112247467,0.7588270902633667,-2.3561899662017822,2.3561899662017822,0.004363323096185923,0.05999999865889549,10.0,2634,0.0
2635,1788891778.940035,1788891778.940035,1081,0.27535560727119446,0.758822500705719,-2.3561899662017822,2.3561899662017822,0.004363323096185923,0.05999999865889549,10.0,2635,0.0
2636,1788891778.9906914,1788891778.9906914,1081,0.2753612995147705,0.7588487863540649,-2.3561899662017822,2.3561899662017822,0.004363323096185923,0.05999999865889549,10.0,2636,0.0
2637,1788891779.0434327,1788891779.0434327,1081,0.27536091208457947,0.7588332295417786,-2.3561899662017822,2.3561899662017822,0.004363323096185923,0.05999999865889549,10.0,2637,0.0
2638,1788891779.1148553,1788891779.1148553,1081,0.27536049485206604,0.7588292956352234,-2.3561899662017822,2.3561899662017822,0.004363323096185923,0.05999999865889549,10.0,2638,0.0
2639,1788891779.1651766,1788891779.1651766,1081,0.27536100149154663,0.758830726146698,-2.3561899662017822,2.3561899662017822,0.004363323096185923,0.05999999865889549,10.0,2639,0.0
2640,1788891779.2149513,1788891779.2149513,1081,0.27536100149154663,0.758830726146698,-2.3561899662017822,2.3561899662017822,0.004363323096185923,0.05999999865889549,10.0,2640,0.0
2641,1788891779.2653391,1788891779.2653391,1081,0.27536138892173767,0.7588403820991516,-2.3561899662017822,2.3561899662017822,0.004363323096185923,0.05999999865889549,10.0,2641,0.0
2642,1788891779.3160508,1788891779.3160508,1081,0.2753618061542511,0.7588514089584351,-2.3561899662017822,2.3561899662017822,0.004363323096185923,0.05999999865889549,10.0,2642,0.0
2643,1788891779.3678942,1788891779.3678942,1081,0.27536189556121826,0.758852481842041,-2.3561899662017822,2.3561899662017822,0.004363323096185923,0.05999999865889549,10.0,2643,0.0
2644,1788891779.4407914,1788891779.4407914,1081,0.2753618061542511,0.7588536739349365,-2.3561899662017822,2.3561899662017822,0.004363323096185923,0.05999999865889549,10.0,2644,0.0
2645,1788891779.4923937,1788891779.4923937,1081,0.2753627896308899,0.7588552832603455,-2.3561899662017822,2.3561899662017822,0.004363323096185923,0.05999999865889549,10.0,2645,0.0
2646,1788891779.5655482,1788891779.5655482,1081,0.2753638029098511,0.7588580846786499,-2.3561899662017822,2.3561899662017822,0.004363323096185923,0.05999999865889549,10.0,2646,0.0
2647,1788891779.6161256,1788891779.6161256,1081,0.27536338567733765,0.7588449120521545,-2.3561899662017822,2.3561899662017822,0.004363323096185923,0.05999999865889549,10.0,2647,0.0
2648,1788891779.6680777,1788891779.6680777,1081,0.27536529302597046,0.7588576078414917,-2.3561899662017822,2.3561899662017822,0.004363323096185923,0.05999999865889549,10.0,2648,0.0
2649,1788891779.7402706,1788891779.7402706,1081,0.2753661870956421,0.7588664293289185,-2.3561899662017822,2.3561899662017822,0.004363323096185923,0.05999999865889549,10.0,2649,0.0
2650,1788891779.7911863,1788891779.7911863,1081,0.2753666937351227,0.7588558793067932,-2.3561899662017822,2.3561899662017822,0.004363323096185923,0.05999999865889549,10.0,2650,0.0
2651,1788891779.8439715,1788891779.8439715,1081,0.2753663957118988,0.7588484883308411,-2.3561899662017822,2.3561899662017822,0.004363323096185923,0.05999999865889549,10.0,2651,0.0
2652,1788891779.915019,1788891779.915019,1081,0.2753663957118988,0.7588474154472351,-2.3561899662017822,2.3561899662017822,0.004363323096185923,0.05999999865889549,10.0,2652,0.0
2653,1788891779.96546,1788891779.96546,1081,0.2753663957118988,0.7588462233543396,-2.3561899662017822,2.3561899662017822,0.004363323096185923,0.05999999865889549,10.0,2653,0.0
2654,1788891780.0178833,1788891780.0178833,1081,0.27536728978157043,0.7588583827018738,-2.3561899662017822,2.3561899662017822,0.004363323096185923,0.05999999865889549,10.0,2654,0.0
2655,1788891780.0907767,1788891780.0907767,1081,0.2753711938858032,0.7588719725608826,-2.3561899662017822,2.3561899662017822,0.004363323096185923,0.05999999865889549,10.0,2655,0.0
2656,1788891780.1410866,1788891780.1410866,1081,0.27537161111831665,0.7588794231414795,-2.3561899662017822,2.3561899662017822,0.004363323096185923,0.05999999865889549,10.0,2656,0.0
2657,1788891780.1913133,1788891780.1913133,1081,0.27537161111831665,0.7588804960250854,-2.3561899662017822,2.3561899662017822,0.004363323096185923,0.05999999865889549,10.0,2657,0.0
2658,1788891780.242782,1788891780.242782,1081,0.27537068724632263,0.7588692903518677,-2.3561899662017822,2.3561899662017822,0.004363323096185923,0.05999999865889549,10.0,2658,0.0
2659,1788891780.2962024,1788891780.2962024,1081,0.27537110447883606,0.7588779926300049,-2.3561899662017822,2.3561899662017822,0.004363323096185923,0.05999999865889549,10.0,2659,0.0
2660,1788891780.3652394,1788891780.3652394,1081,0.27537259459495544,0.7588822245597839,-2.3561899662017822,2.3561899662017822,0.004363323096185923,0.05999999865889549,10.0,2660,0.0
2661,1788891780.4157894,1788891780.4157894,1081,0.27537310123443604,0.7588847279548645,-2.3561899662017822,2.3561899662017822,0.004363323096185923,0.05999999865889549,10.0,2661,0.0
2662,1788891780.4659972,1788891780.4659972,1081,0.27537208795547485,0.7588664889335632,-2.3561899662017822,2.3561899662017822,0.004363323096185923,0.05999999865889549,10.0,2662,0.0
2663,1788891780.51748,1788891780.51748,1081,0.2753756046295166,0.75887531042099,-2.3561899662017822,2.3561899662017822,0.004363323096185923,0.05999999865889549,10.0,2663,0.0
2664,1788891780.5901432,1788891780.5901432,1081,0.27537840604782104,0.7588942050933838,-2.3561899662017822,2.3561899662017822,0.004363323096185923,0.05999999865889549,10.0,2664,0.0
2665,1788891780.6409264,1788891780.6409264,1081,0.2753779888153076,0.7588844895362854,-2.3561899662017822,2.3561899662017822,0.004363323096185923,0.05999999865889549,10.0,2665,0.0
2666,1788891780.6909037,1788891780.6909037,1081,0.2753779888153076,0.7588797211647034,-2.3561899662017822,2.3561899662017822,0.004363323096185923,0.05999999865889549,10.0,2666,0.0
2667,1788891780.7433276,1788891780.7433276,1081,0.27538231015205383,0.7589089870452881,-2.3561899662017822,2.3561899662017822,0.004363323096185923,0.05999999865889549,10.0,2667,0.0
2668,1788891780.815335,1788891780.815335,1081,0.27538180351257324,0.7588933706283569,-2.3561899662017822,2.3561899662017822,0.004363323096185923,0.05999999865889549,10.0,2668,0.0
2669,1788891780.8669786,1788891780.8669786,1081,0.27538150548934937,0.758890688419342,-2.3561899662017822,2.3561899662017822,0.004363323096185923,0.05999999865889549,10.0,2669,0.0
2670,1788891780.918169,1788891780.918169,1081,0.27538180351257324,0.7588921785354614,-2.3561899662017822,2.3561899662017822,0.004363323096185923,0.05999999865889549,10.0,2670,0.0
2671,1788891780.9903715,1788891780.9903715,1081,0.27538278698921204,0.7589008808135986,-2.3561899662017822,2.3561899662017822,0.004363323096185923,0.05999999865889549,10.0,2671,0.0
2672,1788891781.0656414,1788891781.0656414,1081,0.2753852903842926,0.7589138150215149,-2.3561899662017822,2.3561899662017822,0.004363323096185923,0.05999999865889549,10.0,2672,0.0
2673,1788891781.116152,1788891781.116152,1081,0.2753848135471344,0.7588995099067688,-2.3561899662017822,2.3561899662017822,0.004363323096185923,0.05999999865889549,10.0,2673,0.0
2674,1788891781.1665845,1788891781.1665845,1081,0.2753852903842926,0.7589020729064941,-2.3561899662017822,2.3561899662017822,0.004363323096185923,0.05999999865889549,10.0,2674,0.0
2675,1788891781.2179534,1788891781.2179534,1081,0.2753848135471344,0.7589005827903748,-2.3561899662017822,2.3561899662017822,0.004363323096185923,0.05999999865889549,10.0,2675,0.0
2676,1788891781.2900913,1788891781.2900913,1081,0.2753852903842926,0.7589092254638672,-2.3561899662017822,2.3561899662017822,0.004363323096185923,0.05999999865889549,10.0,2676,0.0
2677,1788891781.34275,1788891781.34275,1081,0.275387704372406,0.7589197158813477,-2.3561899662017822,2.3561899662017822,0.004363323096185923,0.05999999865889549,10.0,2677,0.0
2678,1788891781.3962083,1788891781.3962083,1081,0.275387704372406,0.7589150071144104,-2.3561899662017822,2.3561899662017822,0.004363323096185923,0.05999999865889549,10.0,2678,0.0
2679,1788891781.4651184,1788891781.4651184,1081,0.2753872871398926,0.758907675743103,-2.3561899662017822,2.3561899662017822,0.004363323096185923,0.05999999865889549,10.0,2679,0.0
2680,1788891781.5164757,1788891781.5164757,1081,0.275387704372406,0.7589113712310791,-2.3561899662017822,2.3561899662017822,0.004363323096185923,0.05999999865889549,10.0,2680,0.0
2681,1788891781.5706997,1788891781.5706997,1081,0.27538809180259705,0.7589272260665894,-2.3561899662017822,2.3561899662017822,0.004363323096185923,0.05999999865889549,10.0,2681,0.0
2682,1788891781.6406128,1788891781.6406128,1081,0.27538809180259705,0.7589281797409058,-2.3561899662017822,2.3561899662017822,0.004363323096185923,0.05999999865889549,10.0,2682,0.0
2683,1788891781.691888,1788891781.691888,1081,0.275387704372406,0.7589185237884521,-2.3561899662017822,2.3561899662017822,0.004363323096185923,0.05999999865889549,10.0,2683,0.0
2684,1788891781.7436628,1788891781.7436628,1081,0.2753891050815582,0.7589300274848938,-2.3561899662017822,2.3561899662017822,0.004363323096185923,0.05999999865889549,10.0,2684,0.0
2685,1788891781.8152878,1788891781.8152878,1081,0.2753896117210388,0.7589312791824341,-2.3561899662017822,2.3561899662017822,0.004363323096185923,0.05999999865889549,10.0,2685,0.0
2686,1788891781.865933,1788891781.865933,1081,0.275390088558197,0.7589362263679504,-2.3561899662017822,2.3561899662017822,0.004363323096185923,0.05999999865889549,10.0,2686,0.0
2687,1788891781.9168983,1788891781.9168983,1081,0.27539050579071045,0.7589293122291565,-2.3561899662017822,2.3561899662017822,0.004363323096185923,0.05999999865889549,10.0,2687,0.0
2688,1788891781.9672573,1788891781.9672573,1081,0.275390088558197,0.7589172124862671,-2.3561899662017822,2.3561899662017822,0.004363323096185923,0.05999999865889549,10.0,2688,0.0
2689,1788891782.022701,1788891782.022701,1081,0.2753902077674866,0.7589172124862671,-2.3561899662017822,2.3561899662017822,0.004363323096185923,0.05999999865889549,10.0,2689,0.0
2690,1788891782.0905583,1788891782.0905583,1081,0.2753934860229492,0.7589387893676758,-2.3561899662017822,2.3561899662017822,0.004363323096185923,0.05999999865889549,10.0,2690,0.0
2691,1788891782.1412666,1788891782.1412666,1081,0.2753944993019104,0.7589393258094788,-2.3561899662017822,2.3561899662017822,0.004363323096185923,0.05999999865889549,10.0,2691,0.0
2692,1788891782.2149339,1788891782.2149339,1081,0.2753944993019104,0.7589393258094788,-2.3561899662017822,2.3561899662017822,0.004363323096185923,0.05999999865889549,10.0,2692,0.0
2693,1788891782.2649217,1788891782.2649217,1081,0.2753944993019104,0.7589393258094788,-2.3561899662017822,2.3561899662017822,0.004363323096185923,0.05999999865889549,10.0,2693,0.0
2694,1788891782.314958,1788891782.314958,1081,0.2753944993019104,0.7589393258094788,-2.3561899662017822,2.3561899662017822,0.004363323096185923,0.05999999865889549,10.0,2694,0.0
2695,1788891782.3651724,1788891782.3651724,1081,0.2753944993019104,0.7589393258094788,-2.3561899662017822,2.3561899662017822,0.004363323096185923,0.05999999865889549,10.0,2695,0.0
2696,1788891782.4155617,1788891782.4155617,1081,0.27539539337158203,0.7589480876922607,-2.3561899662017822,2.3561899662017822,0.004363323096185923,0.05999999865889549,10.0,2696,0.0
2697,1788891782.4674702,1788891782.4674702,1081,0.27539539337158203,0.7589492201805115,-2.3561899662017822,2.3561899662017822,0.004363323096185923,0.05999999865889549,10.0,2697,0.0
2698,1788891782.540449,1788891782.540449,1081,0.27540019154548645,0.758962094783783,-2.3561899662017822,2.3561899662017822,0.004363323096185923,0.05999999865889549,10.0,2698,0.0
2699,1788891782.591278,1788891782.591278,1081,0.2754017114639282,0.7589626908302307,-2.3561899662017822,2.3561899662017822,0.004363323096185923,0.05999999865889549,10.0,2699,0.0
2700,1788891782.6422641,1788891782.6422641,1081,0.2754007875919342,0.7589526772499084,-2.3561899662017822,2.3561899662017822,0.004363323096185923,0.05999999865889549,10.0,2700,0.0
2701,1788891782.7149322,1788891782.7149322,1081,0.2754012942314148,0.7589541077613831,-2.3561899662017822,2.3561899662017822,0.004363323096185923,0.05999999865889549,10.0,2701,0.0
2702,1788891782.7662566,1788891782.7662566,1081,0.27540040016174316,0.7589454054832458,-2.3561899662017822,2.3561899662017822,0.004363323096185923,0.05999999865889549,10.0,2702,0.0
2703,1788891782.8188946,1788891782.8188946,1081,0.275402694940567,0.7589678764343262,-2.3561899662017822,2.3561899662017822,0.004363323096185923,0.05999999865889549,10.0,2703,0.0
2704,1788891782.89079,1788891782.89079,1081,0.2754042148590088,0.7589625716209412,-2.3561899662017822,2.3561899662017822,0.004363323096185923,0.05999999865889549,10.0,2704,0.0
2705,1788891782.9434645,1788891782.9434645,1081,0.2754055857658386,0.7589775919914246,-2.3561899662017822,2.3561899662017822,0.004363323096185923,0.05999999865889549,10.0,2705,0.0
2706,1788891783.0152333,1788891783.0152333,1081,0.2754055857658386,0.7589775919914246,-2.3561899662017822,2.3561899662017822,0.004363323096185923,0.05999999865889549,10.0,2706,0.0
2707,1788891783.068311,1788891783.068311,1081,0.2754055857658386,0.7589797973632812,-2.3561899662017822,2.3561899662017822,0.004363323096185923,0.05999999865889549,10.0,2707,0.0
2708,1788891783.1398835,1788891783.1398835,1081,0.2754055857658386,0.7589775919914246,-2.3561899662017822,2.3561899662017822,0.004363323096185923,0.05999999865889549,10.0,2708,0.0
2709,1788891783.1914914,1788891783.1914914,1081,0.27540650963783264,0.7589827179908752,-2.3561899662017822,2.3561899662017822,0.004363323096185923,0.05999999865889549,10.0,2709,0.0
2710,1788891783.2456672,1788891783.2456672,1081,0.275407612323761,0.7589783072471619,-2.3561899662017822,2.3561899662017822,0.004363323096185923,0.05999999865889549,10.0,2710,0.0
2711,1788891783.3155043,1788891783.3155043,1081,0.2754073143005371,0.7589638829231262,-2.3561899662017822,2.3561899662017822,0.004363323096185923,0.05999999865889549,10.0,2711,0.0
2712,1788891783.3677084,1788891783.3677084,1081,0.27540868520736694,0.7589799761772156,-2.3561899662017822,2.3561899662017822,0.004363323096185923,0.05999999865889549,10.0,2712,0.0
2713,1788891783.4405112,1788891783.4405112,1081,0.27541008591651917,0.7589793801307678,-2.3561899662017822,2.3561899662017822,0.004363323096185923,0.05999999865889549,10.0,2713,0.0
2714,1788891783.4909596,1788891783.4909596,1081,0.27541008591651917,0.7589735984802246,-2.3561899662017822,2.3561899662017822,0.004363323096185923,0.05999999865889549,10.0,2714,0.0
2715,1788891783.5417454,1788891783.5417454,1081,0.2754096984863281,0.7589722275733948,-2.3561899662017822,2.3561899662017822,0.004363323096185923,0.05999999865889549,10.0,2715,0.0
2716,1788891783.5912917,1788891783.5912917,1081,0.2754096984863281,0.7589709758758545,-2.3561899662017822,2.3561899662017822,0.004363323096185923,0.05999999865889549,10.0,2716,0.0
2717,1788891783.642076,1788891783.642076,1081,0.2754096984863281,0.7589709758758545,-2.3561899662017822,2.3561899662017822,0.004363323096185923,0.05999999865889549,10.0,2717,0.0
2718,1788891783.6926198,1788891783.6926198,1081,0.27540960907936096,0.758979320526123,-2.3561899662017822,2.3561899662017822,0.004363323096185923,0.05999999865889549,10.0,2718,0.0
2719,1788891783.7653463,1788891783.7653463,1081,0.2754114866256714,0.7589905858039856,-2.3561899662017822,2.3561899662017822,0.004363323096185923,0.05999999865889549,10.0,2719,0.0
2720,1788891783.8157067,1788891783.8157067,1081,0.2754107117652893,0.7589737176895142,-2.3561899662017822,2.3561899662017822,0.004363323096185923,0.05999999865889549,10.0,2720,0.0
2721,1788891783.865769,1788891783.865769,1081,0.2754107117652893,0.7589749097824097,-2.3561899662017822,2.3561899662017822,0.004363323096185923,0.05999999865889549,10.0,2721,0.0
2722,1788891783.9183316,1788891783.9183316,1081,0.2754114866256714,0.7589836120605469,-2.3561899662017822,2.3561899662017822,0.004363323096185923,0.05999999865889549,10.0,2722,0.0
2723,1788891783.9711795,1788891783.9711795,1081,0.27541598677635193,0.7590010166168213,-2.3561899662017822,2.3561899662017822,0.004363323096185923,0.05999999865889549,10.0,2723,0.0
2724,1788891784.0402985,1788891784.0402985,1081,0.27541598677635193,0.7590010166168213,-2.3561899662017822,2.3561899662017822,0.004363323096185923,0.05999999865889549,10.0,2724,0.0
2725,1788891784.0923681,1788891784.0923681,1081,0.27541589736938477,0.7589985728263855,-2.3561899662017822,2.3561899662017822,0.004363323096185923,0.05999999865889549,10.0,2725,0.0
2726,1788891784.1449482,1788891784.1449482,1081,0.27541598677635193,0.7590010166168213,-2.3561899662017822,2.3561899662017822,0.004363323096185923,0.05999999865889549,10.0,2726,0.0
2727,1788891784.215099,1788891784.215099,1081,0.27541589736938477,0.7589961886405945,-2.3561899662017822,2.3561899662017822,0.004363323096185923,0.05999999865889549,10.0,2727,0.0
2728,1788891784.2671418,1788891784.2671418,1081,0.2754158079624176,0.7590069770812988,-2.3561899662017822,2.3561899662017822,0.004363323096185923,0.05999999865889549,10.0,2728,0.0
2729,1788891784.3188443,1788891784.3188443,1081,0.2754163146018982,0.7590072154998779,-2.3561899662017822,2.3561899662017822,0.004363323096185923,0.05999999865889549,10.0,2729,0.0
2730,1788891784.3899732,1788891784.3899732,1081,0.2754163146018982,0.7590035796165466,-2.3561899662017822,2.3561899662017822,0.004363323096185923,0.05999999865889549,10.0,2730,0.0
2731,1788891784.4404914,1788891784.4404914,1081,0.27541589736938477,0.7589997053146362,-2.3561899662017822,2.3561899662017822,0.004363323096185923,0.05999999865889549,10.0,2731,0.0
2732,1788891784.492291,1788891784.492291,1081,0.2754167914390564,0.7590085864067078,-2.3561899662017822,2.3561899662017822,0.004363323096185923,0.05999999865889549,10.0,2732,0.0
2733,1788891784.542466,1788891784.542466,1081,0.2754178047180176,0.759014904499054,-2.3561899662017822,2.3561899662017822,0.004363323096185923,0.05999999865889549,10.0,2733,0.0
2734,1788891784.6148772,1788891784.6148772,1081,0.2754206955432892,0.759020984172821,-2.3561899662017822,2.3561899662017822,0.004363323096185923,0.05999999865889549,10.0,2734,0.0
2735,1788891784.6662676,1788891784.6662676,1081,0.27542030811309814,0.7590088844299316,-2.3561899662017822,2.3561899662017822,0.004363323096185923,0.05999999865889549,10.0,2735,0.0
2736,1788891784.7186503,1788891784.7186503,1081,0.27542608976364136,0.7590327262878418,-2.3561899662017822,2.3561899662017822,0.004363323096185923,0.05999999865889549,10.0,2736,0.0
2737,1788891784.7902646,1788891784.7902646,1081,0.27542710304260254,0.7590296864509583,-2.3561899662017822,2.3561899662017822,0.004363323096185923,0.05999999865889549,10.0,2737,0.0
2738,1788891784.8417015,1788891784.8417015,1081,0.27542710304260254,0.7590262293815613,-2.3561899662017822,2.3561899662017822,0.004363323096185923,0.05999999865889549,10.0,2738,0.0
2739,1788891784.8932698,1788891784.8932698,1081,0.2754266858100891,0.7590211033821106,-2.3561899662017822,2.3561899662017822,0.004363323096185923,0.05999999865889549,10.0,2739,0.0
2740,1788891784.9655113,1788891784.9655113,1081,0.2754266858100891,0.7590211033821106,-2.3561899662017822,2.3561899662017822,0.004363323096185923,0.05999999865889549,10.0,2740,0.0
2741,1788891785.0172305,1788891785.0172305,1081,0.2754308879375458,0.7590492963790894,-2.3561899662017822,2.3561899662017822,0.004363323096185923,0.05999999865889549,10.0,2741,0.0
2742,1788891785.0906987,1788891785.0906987,1081,0.275432288646698,0.7590535283088684,-2.3561899662017822,2.3561899662017822,0.004363323096185923,0.05999999865889549,10.0,2742,0.0
2743,1788891785.1409395,1788891785.1409395,1081,0.275432288646698,0.7590547204017639,-2.3561899662017822,2.3561899662017822,0.004363323096185923,0.05999999865889549,10.0,2743,0.0
2744,1788891785.1917596,1788891785.1917596,1081,0.2754324972629547,0.7590473890304565,-2.3561899662017822,2.3561899662017822,0.004363323096185923,0.05999999865889549,10.0,2744,0.0
2745,1788891785.243042,1788891785.243042,1081,0.27543389797210693,0.7590492963790894,-2.3561899662017822,2.3561899662017822,0.004363323096185923,0.05999999865889549,10.0,2745,0.0
2746,1788891785.3152888,1788891785.3152888,1081,0.27543479204177856,0.7590638995170593,-2.3561899662017822,2.3561899662017822,0.004363323096185923,0.05999999865889549,10.0,2746,0.0
2747,1788891785.3677108,1788891785.3677108,1081,0.2754344046115875,0.7590494751930237,-2.3561899662017822,2.3561899662017822,0.004363323096185923,0.05999999865889549,10.0,2747,0.0
2748,1788891785.4211938,1788891785.4211938,1081,0.2754339873790741,0.7590410113334656,-2.3561899662017822,2.3561899662017822,0.004363323096185923,0.05999999865889549,10.0,2748,0.0
2749,1788891785.490203,1788891785.490203,1081,0.2754344046115875,0.7590448260307312,-2.3561899662017822,2.3561899662017822,0.004363323096185923,0.05999999865889549,10.0,2749,0.0
2750,1788891785.5410142,1788891785.5410142,1081,0.2754344046115875,0.7590448260307312,-2.3561899662017822,2.3561899662017822,0.004363323096185923,0.05999999865889549,10.0,2750,0.0
2751,1788891785.5936704,1788891785.5936704,1081,0.27543678879737854,0.7590636014938354,-2.3561899662017822,2.3561899662017822,0.004363323096185923,0.05999999865889549,10.0,2751,0.0
2752,1788891785.6653113,1788891785.6653113,1081,0.27543631196022034,0.7590550780296326,-2.3561899662017822,2.3561899662017822,0.004363323096185923,0.05999999865889549,10.0,2752,0.0
2753,1788891785.7178774,1788891785.7178774,1081,0.2754358947277069,0.7590466141700745,-2.3561899662017822,2.3561899662017822,0.004363323096185923,0.05999999865889549,10.0,2753,0.0
2754,1788891785.7906332,1788891785.7906332,1081,0.2754358947277069,0.7590466141700745,-2.3561899662017822,2.3561899662017822,0.004363323096185923,0.05999999865889549,10.0,2754,0.0
2755,1788891785.8414166,1788891785.8414166,1081,0.2754358947277069,0.7590466141700745,-2.3561899662017822,2.3561899662017822,0.004363323096185923,0.05999999865889549,10.0,2755,0.0
2756,1788891785.893901,1788891785.893901,1081,0.27543631196022034,0.7590563297271729,-2.3561899662017822,2.3561899662017822,0.004363323096185923,0.05999999865889549,10.0,2756,0.0
2757,1788891785.9459233,1788891785.9459233,1081,0.27544158697128296,0.7590777277946472,-2.3561899662017822,2.3561899662017822,0.004363323096185923,0.05999999865889549,10.0,2757,0.0
2758,1788891786.0154839,1788891786.0154839,1081,0.2754408121109009,0.7590618133544922,-2.3561899662017822,2.3561899662017822,0.004363323096185923,0.05999999865889549,10.0,2758,0.0
2759,1788891786.0679498,1788891786.0679498,1081,0.27544158697128296,0.7590764760971069,-2.3561899662017822,2.3561899662017822,0.004363323096185923,0.05999999865889549,10.0,2759,0.0
2760,1788891786.1227763,1788891786.1227763,1081,0.27544310688972473,0.7590736150741577,-2.3561899662017822,2.3561899662017822,0.004363323096185923,0.05999999865889549,10.0,2760,0.0
2761,1788891786.190761,1788891786.190761,1081,0.2754426896572113,0.7590686082839966,-2.3561899662017822,2.3561899662017822,0.004363323096185923,0.05999999865889549,10.0,2761,0.0
2762,1788891786.2429373,1788891786.2429373,1081,0.2754451036453247,0.7590780258178711,-2.3561899662017822,2.3561899662017822,0.004363323096185923,0.05999999865889549,10.0,2762,0.0
2763,1788891786.3148196,1788891786.3148196,1081,0.2754471004009247,0.7590907216072083,-2.3561899662017822,2.3561899662017822,0.004363323096185923,0.05999999865889549,10.0,2763,0.0
2764,1788891786.3654683,1788891786.3654683,1081,0.27544650435447693,0.7590857148170471,-2.3561899662017822,2.3561899662017822,0.004363323096185923,0.05999999865889549,10.0,2764,0.0
2765,1788891786.4160895,1788891786.4160895,1081,0.2754460871219635,0.7590771913528442,-2.3561899662017822,2.3561899662017822,0.004363323096185923,0.05999999865889549,10.0,2765,0.0
2766,1788891786.4671924,1788891786.4671924,1081,0.2754460871219635,0.7590749263763428,-2.3561899662017822,2.3561899662017822,0.004363323096185923,0.05999999865889549,10.0,2766,0.0
2767,1788891786.518185,1788891786.518185,1081,0.2754460871219635,0.7590759992599487,-2.3561899662017822,2.3561899662017822,0.004363323096185923,0.05999999865889549,10.0,2767,0.0
2768,1788891786.5898957,1788891786.5898957,1081,0.2754471004009247,0.7590907216072083,-2.3561899662017822,2.3561899662017822,0.004363323096185923,0.05999999865889549,10.0,2768,0.0
2769,1788891786.639714,1788891786.639714,1081,0.2754479944705963,0.7590888142585754,-2.3561899662017822,2.3561899662017822,0.004363323096185923,0.05999999865889549,10.0,2769,0.0
2770,1788891786.690742,1788891786.690742,1081,0.2754476070404053,0.759080171585083,-2.3561899662017822,2.3561899662017822,0.004363323096185923,0.05999999865889549,10.0,2770,0.0
2771,1788891786.7423828,1788891786.7423828,1081,0.2754476070404053,0.759080171585083,-2.3561899662017822,2.3561899662017822,0.004363323096185923,0.05999999865889549,10.0,2771,0.0
2772,1788891786.8150904,1788891786.8150904,1081,0.2754476070404053,0.759080171585083,-2.3561899662017822,2.3561899662017822,0.004363323096185923,0.05999999865889549,10.0,2772,0.0
2773,1788891786.8648918,1788891786.8648918,1081,0.2754490077495575,0.7590903043746948,-2.3561899662017822,2.3561899662017822,0.004363323096185923,0.05999999865889549,10.0,2773,0.0
2774,1788891786.9157512,1788891786.9157512,1081,0.2754504084587097,0.7591028809547424,-2.3561899662017822,2.3561899662017822,0.004363323096185923,0.05999999865889549,10.0,2774,0.0
2775,1788891786.965678,1788891786.965678,1081,0.27545151114463806,0.7591032981872559,-2.3561899662017822,2.3561899662017822,0.004363323096185923,0.05999999865889549,10.0,2775,0.0
2776,1788891787.0180795,1788891787.0180795,1081,0.27545151114463806,0.7590985894203186,-2.3561899662017822,2.3561899662017822,0.004363323096185923,0.05999999865889549,10.0,2776,0.0
2777,1788891787.0903602,1788891787.0903602,1081,0.27545151114463806,0.7591019868850708,-2.3561899662017822,2.3561899662017822,0.004363323096185923,0.05999999865889549,10.0,2777,0.0
2778,1788891787.1424186,1788891787.1424186,1081,0.2754518985748291,0.7591118216514587,-2.3561899662017822,2.3561899662017822,0.004363323096185923,0.05999999865889549,10.0,2778,0.0
2779,1788891787.2151499,1788891787.2151499,1081,0.27545151114463806,0.7590997815132141,-2.3561899662017822,2.3561899662017822,0.004363323096185923,0.05999999865889549,10.0,2779,0.0
2780,1788891787.265455,1788891787.265455,1081,0.27545228600502014,0.7591109275817871,-2.3561899662017822,2.3561899662017822,0.004363323096185923,0.05999999865889549,10.0,2780,0.0
2781,1788891787.3190253,1788891787.3190253,1081,0.27545619010925293,0.7591220736503601,-2.3561899662017822,2.3561899662017822,0.004363323096185923,0.05999999865889549,10.0,2781,0.0
2782,1788891787.390492,1788891787.390492,1081,0.2754572033882141,0.759121298789978,-2.3561899662017822,2.3561899662017822,0.004363323096185923,0.05999999865889549,10.0,2782,0.0
2783,1788891787.4414139,1788891787.4414139,1081,0.2754591107368469,0.7591270208358765,-2.3561899662017822,2.3561899662017822,0.004363323096185923,0.05999999865889549,10.0,2783,0.0
2784,1788891787.492039,1788891787.492039,1081,0.2754630148410797,0.7591382265090942,-2.3561899662017822,2.3561899662017822,0.004363323096185923,0.05999999865889549,10.0,2784,0.0
2785,1788891787.5454488,1788891787.5454488,1081,0.27546319365501404,0.7591263055801392,-2.3561899662017822,2.3561899662017822,0.004363323096185923,0.05999999865889549,10.0,2785,0.0
2786,1788891787.6154966,1788891787.6154966,1081,0.27546319365501404,0.7591251730918884,-2.3561899662017822,2.3561899662017822,0.004363323096185923,0.05999999865889549,10.0,2786,0.0
2787,1788891787.6680315,1788891787.6680315,1081,0.27546361088752747,0.7591394782066345,-2.3561899662017822,2.3561899662017822,0.004363323096185923,0.05999999865889549,10.0,2787,0.0
2788,1788891787.7399015,1788891787.7399015,1081,0.27546361088752747,0.7591323852539062,-2.3561899662017822,2.3561899662017822,0.004363323096185923,0.05999999865889549,10.0,2788,0.0
2789,1788891787.7903926,1788891787.7903926,1081,0.27546361088752747,0.7591289281845093,-2.3561899662017822,2.3561899662017822,0.004363323096185923,0.05999999865889549,10.0,2789,0.0
2790,1788891787.843333,1788891787.843333,1081,0.2754693031311035,0.7591611742973328,-2.3561899662017822,2.3561899662017822,0.004363323096185923,0.05999999865889549,10.0,2790,0.0
2791,1788891787.9155679,1788891787.9155679,1081,0.2754688858985901,0.7591478228569031,-2.3561899662017822,2.3561899662017822,0.004363323096185923,0.05999999865889549,10.0,2791,0.0
2792,1788891787.967676,1788891787.967676,1081,0.27546849846839905,0.7591404914855957,-2.3561899662017822,2.3561899662017822,0.004363323096185923,0.05999999865889549,10.0,2792,0.0
2793,1788891788.040777,1788891788.040777,1081,0.27546799182891846,0.7591391205787659,-2.3561899662017822,2.3561899662017822,0.004363323096185923,0.05999999865889549,10.0,2793,0.0
2794,1788891788.0917082,1788891788.0917082,1081,0.27546799182891846,0.7591391205787659,-2.3561899662017822,2.3561899662017822,0.004363323096185923,0.05999999865889549,10.0,2794,0.0
2795,1788891788.142865,1788891788.142865,1081,0.2754698097705841,0.7591589093208313,-2.3561899662017822,2.3561899662017822,0.004363323096185923,0.05999999865889549,10.0,2795,0.0
2796,1788891788.2150173,1788891788.2150173,1081,0.2754712998867035,0.759159505367279,-2.3561899662017822,2.3561899662017822,0.004363323096185923,0.05999999865889549,10.0,2796,0.0
2797,1788891788.2654138,1788891788.2654138,1081,0.27547091245651245,0.7591487169265747,-2.3561899662017822,2.3561899662017822,0.004363323096185923,0.05999999865889549,10.0,2797,0.0
2798,1788891788.3164113,1788891788.3164113,1081,0.2754712998867035,0.7591524720191956,-2.3561899662017822,2.3561899662017822,0.004363323096185923,0.05999999865889549,10.0,2798,0.0
2799,1788891788.3671708,1788891788.3671708,1081,0.2754761874675751,0.7591735124588013,-2.3561899662017822,2.3561899662017822,0.004363323096185923,0.05999999865889549,10.0,2799,0.0
2800,1788891788.4208639,1788891788.4208639,1081,0.2754761874675751,0.7591676712036133,-2.3561899662017822,2.3561899662017822,0.004363323096185923,0.05999999865889549,10.0,2800,0.0
2801,1788891788.4903862,1788891788.4903862,1081,0.27547580003738403,0.7591614723205566,-2.3561899662017822,2.3561899662017822,0.004363323096185923,0.05999999865889549,10.0,2801,0.0
2802,1788891788.5411224,1788891788.5411224,1081,0.27547580003738403,0.7591627240180969,-2.3561899662017822,2.3561899662017822,0.004363323096185923,0.05999999865889549,10.0,2802,0.0
2803,1788891788.5928938,1788891788.5928938,1081,0.2754775881767273,0.7591837048530579,-2.3561899662017822,2.3561899662017822,0.004363323096185923,0.05999999865889549,10.0,2803,0.0
2804,1788891788.6649404,1788891788.6649404,1081,0.27547770738601685,0.7591754198074341,-2.3561899662017822,2.3561899662017822,0.004363323096185923,0.05999999865889549,10.0,2804,0.0
2805,1788891788.7175386,1788891788.7175386,1081,0.2754809856414795,0.7591912150382996,-2.3561899662017822,2.3561899662017822,0.004363323096185923,0.05999999865889549,10.0,2805,0.0
2806,1788891788.7901523,1788891788.7901523,1081,0.2754809856414795,0.7591947913169861,-2.3561899662017822,2.3561899662017822,0.004363323096185923,0.05999999865889549,10.0,2806,0.0
2807,1788891788.8416135,1788891788.8416135,1081,0.2754809856414795,0.7591959238052368,-2.3561899662017822,2.3561899662017822,0.004363323096185923,0.05999999865889549,10.0,2807,0.0
2808,1788891788.891506,1788891788.891506,1081,0.2754809856414795,0.7591947913169861,-2.3561899662017822,2.3561899662017822,0.004363323096185923,0.05999999865889549,10.0,2808,0.0
2809,1788891788.9424503,1788891788.9424503,1081,0.2754809856414795,0.7591924071311951,-2.3561899662017822,2.3561899662017822,0.004363323096185923,0.05999999865889549,10.0,2809,0.0
2810,1788891789.0158417,1788891789.0158417,1081,0.27548059821128845,0.7591826915740967,-2.3561899662017822,2.3561899662017822,0.004363323096185923,0.05999999865889549,10.0,2810,0.0
2811,1788891789.0675118,1788891789.0675118,1081,0.2754800021648407,0.7591907978057861,-2.3561899662017822,2.3561899662017822,0.004363323096185923,0.05999999865889549,10.0,2811,0.0
2812,1788891789.1400852,1788891789.1400852,1081,0.2754805088043213,0.7591944932937622,-2.3561899662017822,2.3561899662017822,0.004363323096185923,0.05999999865889549,10.0,2812,0.0
2813,1788891789.1919408,1788891789.1919408,1081,0.2754800021648407,0.7591872215270996,-2.3561899662017822,2.3561899662017822,0.004363323096185923,0.05999999865889549,10.0,2813,0.0
2814,1788891789.2439375,1788891789.2439375,1081,0.27548250555992126,0.7591953873634338,-2.3561899662017822,2.3561899662017822,0.004363323096185923,0.05999999865889549,10.0,2814,0.0
2815,1788891789.3150556,1788891789.3150556,1081,0.2754825949668884,0.7591822743415833,-2.3561899662017822,2.3561899662017822,0.004363323096185923,0.05999999865889549,10.0,2815,0.0
2816,1788891789.3667638,1788891789.3667638,1081,0.2754825949668884,0.7591810822486877,-2.3561899662017822,2.3561899662017822,0.004363323096185923,0.05999999865889549,10.0,2816,0.0
2817,1788891789.4176214,1788891789.4176214,1081,0.2754858136177063,0.7592076063156128,-2.3561899662017822,2.3561899662017822,0.004363323096185923,0.05999999865889549,10.0,2817,0.0
2818,1788891789.490777,1788891789.490777,1081,0.27548688650131226,0.7592008709907532,-2.3561899662017822,2.3561899662017822,0.004363323096185923,0.05999999865889549,10.0,2818,0.0
2819,1788891789.5433605,1788891789.5433605,1081,0.27548688650131226,0.7591987252235413,-2.3561899662017822,2.3561899662017822,0.004363323096185923,0.05999999865889549,10.0,2819,0.0
2820,1788891789.615589,1788891789.615589,1081,0.27548688650131226,0.7591974139213562,-2.3561899662017822,2.3561899662017822,0.004363323096185923,0.05999999865889549,10.0,2820,0.0
2821,1788891789.6669433,1788891789.6669433,1081,0.27548789978027344,0.7592061161994934,-2.3561899662017822,2.3561899662017822,0.004363323096185923,0.05999999865889549,10.0,2821,0.0
2822,1788891789.7406003,1788891789.7406003,1081,0.27548930048942566,0.7592149972915649,-2.3561899662017822,2.3561899662017822,0.004363323096185923,0.05999999865889549,10.0,2822,0.0
2823,1788891789.7923365,1788891789.7923365,1081,0.2754884958267212,0.7591990828514099,-2.3561899662017822,2.3561899662017822,0.004363323096185923,0.05999999865889549,10.0,2823,0.0
2824,1788891789.865355,1788891789.865355,1081,0.2754884958267212,0.759198009967804,-2.3561899662017822,2.3561899662017822,0.004363323096185923,0.05999999865889549,10.0,2824,0.0
2825,1788891789.9162354,1788891789.9162354,1081,0.2754898965358734,0.7592139840126038,-2.3561899662017822,2.3561899662017822,0.004363323096185923,0.05999999865889549,10.0,2825,0.0
2826,1788891789.9687395,1788891789.9687395,1081,0.2754909098148346,0.7592098116874695,-2.3561899662017822,2.3561899662017822,0.004363323096185923,0.05999999865889549,10.0,2826,0.0
2827,1788891790.0401974,1788891790.0401974,1081,0.275490403175354,0.7592036128044128,-2.3561899662017822,2.3561899662017822,0.004363323096185923,0.05999999865889549,10.0,2827,0.0
2828,1788891790.0907292,1788891790.0907292,1081,0.275490403175354,0.7592046856880188,-2.3561899662017822,2.3561899662017822,0.004363323096185923,0.05999999865889549,10.0,2828,0.0
2829,1788891790.1437325,1788891790.1437325,1081,0.2754948139190674,0.7592281103134155,-2.3561899662017822,2.3561899662017822,0.004363323096185923,0.05999999865889549,10.0,2829,0.0
2830,1788891790.2150633,1788891790.2150633,1081,0.27549710869789124,0.759230375289917,-2.3561899662017822,2.3561899662017822,0.004363323096185923,0.05999999865889549,10.0,2830,0.0
2831,1788891790.2659087,1788891790.2659087,1081,0.27549681067466736,0.7592229843139648,-2.3561899662017822,2.3561899662017822,0.004363323096185923,0.05999999865889549,10.0,2831,0.0
2832,1788891790.316783,1788891790.316783,1081,0.27549681067466736,0.7592207193374634,-2.3561899662017822,2.3561899662017822,0.004363323096185923,0.05999999865889549,10.0,2832,0.0
2833,1788891790.36716,1788891790.36716,1081,0.2754991054534912,0.7592371106147766,-2.3561899662017822,2.3561899662017822,0.004363323096185923,0.05999999865889549,10.0,2833,0.0
2834,1788891790.4179702,1788891790.4179702,1081,0.2755044102668762,0.7592573165893555,-2.3561899662017822,2.3561899662017822,0.004363323096185923,0.05999999865889549,10.0,2834,0.0
2835,1788891790.4901097,1788891790.4901097,1081,0.27550479769706726,0.7592623233795166,-2.3561899662017822,2.3561899662017822,0.004363323096185923,0.05999999865889549,10.0,2835,0.0
2836,1788891790.5400681,1788891790.5400681,1081,0.2755048871040344,0.7592645883560181,-2.3561899662017822,2.3561899662017822,0.004363323096185923,0.05999999865889549,10.0,2836,0.0
2837,1788891790.590668,1788891790.590668,1081,0.2755048871040344,0.7592645883560181,-2.3561899662017822,2.3561899662017822,0.004363323096185923,0.05999999865889549,10.0,2837,0.0
2838,1788891790.6412532,1788891790.6412532,1081,0.2755044996738434,0.75925612449646,-2.3561899662017822,2.3561899662017822,0.004363323096185923,0.05999999865889549,10.0,2838,0.0
2839,1788891790.69443,1788891790.69443,1081,0.27550479769706726,0.7592657804489136,-2.3561899662017822,2.3561899662017822,0.004363323096185923,0.05999999865889549,10.0,2839,0.0
2840,1788891790.7650554,1788891790.7650554,1081,0.2755067050457001,0.7592784762382507,-2.3561899662017822,2.3561899662017822,0.004363323096185923,0.05999999865889549,10.0,2840,0.0
2841,1788891790.8161979,1788891790.8161979,1081,0.27550381422042847,0.7592558860778809,-2.3561899662017822,2.3561899662017822,0.004363323096185923,0.05999999865889549,10.0,2841,0.0
2842,1788891790.8663182,1788891790.8663182,1081,0.27550208568573,0.7592396140098572,-2.3561899662017822,2.3561899662017822,0.004363323096185923,0.05999999865889549,10.0,2842,0.0
2843,1788891790.9185264,1788891790.9185264,1081,0.2755034863948822,0.7592486143112183,-2.3561899662017822,2.3561899662017822,0.004363323096185923,0.05999999865889549,10.0,2843,0.0
2844,1788891790.9907541,1788891790.9907541,1081,0.2755034863948822,0.7592486143112183,-2.3561899662017822,2.3561899662017822,0.004363323096185923,0.05999999865889549,10.0,2844,0.0
2845,1788891791.042219,1788891791.042219,1081,0.27550581097602844,0.7592626810073853,-2.3561899662017822,2.3561899662017822,0.004363323096185923,0.05999999865889549,10.0,2845,0.0
2846,1788891791.09259,1788891791.09259,1081,0.2755069136619568,0.7592512965202332,-2.3561899662017822,2.3561899662017822,0.004363323096185923,0.05999999865889549,10.0,2846,0.0
2847,1788891791.165757,1788891791.165757,1081,0.2755069136619568,0.7592512965202332,-2.3561899662017822,2.3561899662017822,0.004363323096185923,0.05999999865889549,10.0,2847,0.0
2848,1788891791.217251,1788891791.217251,1081,0.2755092978477478,0.7592676877975464,-2.3561899662017822,2.3561899662017822,0.004363323096185923,0.05999999865889549,10.0,2848,0.0
2849,1788891791.2677584,1788891791.2677584,1081,0.2755146920681,0.7592747807502747,-2.3561899662017822,2.3561899662017822,0.004363323096185923,0.05999999865889549,10.0,2849,0.0
2850,1788891791.321221,1788891791.321221,1081,0.2755146920681,0.7592747807502747,-2.3561899662017822,2.3561899662017822,0.004363323096185923,0.05999999865889549,10.0,2850,0.0
2851,1788891791.3898964,1788891791.3898964,1081,0.2755146920681,0.7592747807502747,-2.3561899662017822,2.3561899662017822,0.004363323096185923,0.05999999865889549,10.0,2851,0.0
2852,1788891791.4401028,1788891791.4401028,1081,0.2755146026611328,0.759283185005188,-2.3561899662017822,2.3561899662017822,0.004363323096185923,0.05999999865889549,10.0,2852,0.0
2853,1788891791.4917705,1788891791.4917705,1081,0.2755180895328522,0.7592942118644714,-2.3561899662017822,2.3561899662017822,0.004363323096185923,0.05999999865889549,10.0,2853,0.0
2854,1788891791.5427115,1788891791.5427115,1081,0.27551761269569397,0.7592833042144775,-2.3561899662017822,2.3561899662017822,0.004363323096185923,0.05999999865889549,10.0,2854,0.0
2855,1788891791.6151264,1788891791.6151264,1081,0.27551761269569397,0.7592833042144775,-2.3561899662017822,2.3561899662017822,0.004363323096185923,0.05999999865889549,10.0,2855,0.0
2856,1788891791.668539,1788891791.668539,1081,0.275519996881485,0.7592939138412476,-2.3561899662017822,2.3561899662017822,0.004363323096185923,0.05999999865889549,10.0,2856,0.0
2857,1788891791.7215436,1788891791.7215436,1081,0.27552279829978943,0.7593175768852234,-2.3561899662017822,2.3561899662017822,0.004363323096185923,0.05999999865889549,10.0,2857,0.0
2858,1788891791.7898264,1788891791.7898264,1081,0.2755224108695984,0.7592985033988953,-2.3561899662017822,2.3561899662017822,0.004363323096185923,0.05999999865889549,10.0,2858,0.0
2859,1788891791.8401453,1788891791.8401453,1081,0.27552199363708496,0.7592958807945251,-2.3561899662017822,2.3561899662017822,0.004363323096185923,0.05999999865889549,10.0,2859,0.0
2860,1788891791.889983,1788891791.889983,1081,0.2755233943462372,0.7593094706535339,-2.3561899662017822,2.3561899662017822,0.004363323096185923,0.05999999865889549,10.0,2860,0.0
2861,1788891791.943564,1788891791.943564,1081,0.27552530169487,0.7593116164207458,-2.3561899662017822,2.3561899662017822,0.004363323096185923,0.05999999865889549,10.0,2861,0.0
2862,1788891792.0150597,1788891792.0150597,1081,0.27552530169487,0.7593116164207458,-2.3561899662017822,2.3561899662017822,0.004363323096185923,0.05999999865889549,10.0,2862,0.0
2863,1788891792.066855,1788891792.066855,1081,0.27552530169487,0.7593234777450562,-2.3561899662017822,2.3561899662017822,0.004363323096185923,0.05999999865889549,10.0,2863,0.0
2864,1788891792.118471,1788891792.118471,1081,0.27552780508995056,0.7593185901641846,-2.3561899662017822,2.3561899662017822,0.004363323096185923,0.05999999865889549,10.0,2864,0.0
2865,1788891792.1904476,1788891792.1904476,1081,0.2755278944969177,0.7593126893043518,-2.3561899662017822,2.3561899662017822,0.004363323096185923,0.05999999865889549,10.0,2865,0.0
2866,1788891792.2422204,1788891792.2422204,1081,0.27553069591522217,0.7593342065811157,-2.3561899662017822,2.3561899662017822,0.004363323096185923,0.05999999865889549,10.0,2866,0.0
2867,1788891792.29623,1788891792.29623,1081,0.2755360007286072,0.759349524974823,-2.3561899662017822,2.3561899662017822,0.004363323096185923,0.05999999865889549,10.0,2867,0.0
2868,1788891792.3653088,1788891792.3653088,1081,0.27553650736808777,0.7593415975570679,-2.3561899662017822,2.3561899662017822,0.004363323096185923,0.05999999865889549,10.0,2868,0.0
2869,1788891792.4159238,1788891792.4159238,1081,0.27553609013557434,0.7593364715576172,-2.3561899662017822,2.3561899662017822,0.004363323096185923,0.05999999865889549,10.0,2869,0.0
2870,1788891792.466604,1788891792.466604,1081,0.27553749084472656,0.7593479156494141,-2.3561899662017822,2.3561899662017822,0.004363323096185923,0.05999999865889549,10.0,2870,0.0
2871,1788891792.5175552,1788891792.5175552,1081,0.2755441963672638,0.7593721747398376,-2.3561899662017822,2.3561899662017822,0.004363323096185923,0.05999999865889549,10.0,2871,0.0
2872,1788891792.590638,1788891792.590638,1081,0.27554380893707275,0.7593625783920288,-2.3561899662017822,2.3561899662017822,0.004363323096185923,0.05999999865889549,10.0,2872,0.0
2873,1788891792.642752,1788891792.642752,1081,0.2755435109138489,0.7593563199043274,-2.3561899662017822,2.3561899662017822,0.004363323096185923,0.05999999865889549,10.0,2873,0.0
2874,1788891792.7154868,1788891792.7154868,1081,0.2755435109138489,0.7593575119972229,-2.3561899662017822,2.3561899662017822,0.004363323096185923,0.05999999865889549,10.0,2874,0.0
2875,1788891792.7674675,1788891792.7674675,1081,0.2755441963672638,0.7593793272972107,-2.3561899662017822,2.3561899662017822,0.004363323096185923,0.05999999865889549,10.0,2875,0.0
2876,1788891792.8411236,1788891792.8411236,1081,0.27554669976234436,0.7593863010406494,-2.3561899662017822,2.3561899662017822,0.004363323096185923,0.05999999865889549,10.0,2876,0.0
2877,1788891792.892514,1788891792.892514,1081,0.27554911375045776,0.7593802809715271,-2.3561899662017822,2.3561899662017822,0.004363323096185923,0.05999999865889549,10.0,2877,0.0
2878,1788891792.965359,1788891792.965359,1081,0.2755497097969055,0.759377121925354,-2.3561899662017822,2.3561899662017822,0.004363323096185923,0.05999999865889549,10.0,2878,0.0
2879,1788891793.0170832,1788891793.0170832,1081,0.27555060386657715,0.759391725063324,-2.3561899662017822,2.3561899662017822,0.004363323096185923,0.05999999865889549,10.0,2879,0.0
2880,1788891793.071308,1788891793.071308,1081,0.27555298805236816,0.7593914866447449,-2.3561899662017822,2.3561899662017822,0.004363323096185923,0.05999999865889549,10.0,2880,0.0
2881,1788891793.1404645,1788891793.1404645,1081,0.27555298805236816,0.7593901753425598,-2.3561899662017822,2.3561899662017822,0.004363323096185923,0.05999999865889549,10.0,2881,0.0
2882,1788891793.1923096,1788891793.1923096,1081,0.2755526900291443,0.7593830227851868,-2.3561899662017822,2.3561899662017822,0.004363323096185923,0.05999999865889549,10.0,2882,0.0
2883,1788891793.2649617,1788891793.2649617,1081,0.27555400133132935,0.7593954801559448,-2.3561899662017822,2.3561899662017822,0.004363323096185923,0.05999999865889549,10.0,2883,0.0
2884,1788891793.3149285,1788891793.3149285,1081,0.27555590867996216,0.7594059109687805,-2.3561899662017822,2.3561899662017822,0.004363323096185923,0.05999999865889549,10.0,2884,0.0
2885,1788891793.3711936,1788891793.3711936,1081,0.27555549144744873,0.7593938112258911,-2.3561899662017822,2.3561899662017822,0.004363323096185923,0.05999999865889549,10.0,2885,0.0
2886,1788891793.4405556,1788891793.4405556,1081,0.27555549144744873,0.7593938112258911,-2.3561899662017822,2.3561899662017822,0.004363323096185923,0.05999999865889549,10.0,2886,0.0
2887,1788891793.4921055,1788891793.4921055,1081,0.27555540204048157,0.7594069242477417,-2.3561899662017822,2.3561899662017822,0.004363323096185923,0.05999999865889549,10.0,2887,0.0
2888,1788891793.543971,1788891793.543971,1081,0.2755545973777771,0.7593898177146912,-2.3561899662017822,2.3561899662017822,0.004363323096185923,0.05999999865889549,10.0,2888,0.0
2889,1788891793.6156228,1788891793.6156228,1081,0.2755559980869293,0.759395182132721,-2.3561899662017822,2.3561899662017822,0.004363323096185923,0.05999999865889549,10.0,2889,0.0
2890,1788891793.667162,1788891793.667162,1081,0.2755559980869293,0.7594022750854492,-2.3561899662017822,2.3561899662017822,0.004363323096185923,0.05999999865889549,10.0,2890,0.0
2891,1788891793.719606,1788891793.719606,1081,0.27556079626083374,0.7594292759895325,-2.3561899662017822,2.3561899662017822,0.004363323096185923,0.05999999865889549,10.0,2891,0.0
2892,1788891793.790462,1788891793.790462,1081,0.27555981278419495,0.7594112157821655,-2.3561899662017822,2.3561899662017822,0.004363323096185923,0.05999999865889549,10.0,2892,0.0
2893,1788891793.8424687,1788891793.8424687,1081,0.27555951476097107,0.7594025731086731,-2.3561899662017822,2.3561899662017822,0.004363323096185923,0.05999999865889549,10.0,2893,0.0
2894,1788891793.9148183,1788891793.9148183,1081,0.27555951476097107,0.7594038248062134,-2.3561899662017822,2.3561899662017822,0.004363323096185923,0.05999999865889549,10.0,2894,0.0
2895,1788891793.965303,1788891793.965303,1081,0.27555951476097107,0.7594025731086731,-2.3561899662017822,2.3561899662017822,0.004363323096185923,0.05999999865889549,10.0,2895,0.0
2896,1788891794.017563,1788891794.017563,1081,0.2755618095397949,0.7594180107116699,-2.3561899662017822,2.3561899662017822,0.004363323096185923,0.05999999865889549,10.0,2896,0.0
2897,1788891794.0906122,1788891794.0906122,1081,0.2755672037601471,0.7594379782676697,-2.3561899662017822,2.3561899662017822,0.004363323096185923,0.05999999865889549,10.0,2897,0.0
2898,1788891794.1411161,1788891794.1411161,1081,0.2755672037601471,0.7594274878501892,-2.3561899662017822,2.3561899662017822,0.004363323096185923,0.05999999865889549,10.0,2898,0.0
2899,1788891794.196032,1788891794.196032,1081,0.2755672037601471,0.7594320774078369,-2.3561899662017822,2.3561899662017822,0.004363323096185923,0.05999999865889549,10.0,2899,0.0
2900,1788891794.2652423,1788891794.2652423,1081,0.27556848526000977,0.7594459056854248,-2.3561899662017822,2.3561899662017822,0.004363323096185923,0.05999999865889549,10.0,2900,0.0
2901,1788891794.31787,1788891794.31787,1081,0.2755686044692993,0.7594481706619263,-2.3561899662017822,2.3561899662017822,0.004363323096185923,0.05999999865889549,10.0,2901,0.0
2902,1788891794.3906121,1788891794.3906121,1081,0.27556848526000977,0.7594470977783203,-2.3561899662017822,2.3561899662017822,0.004363323096185923,0.05999999865889549,10.0,2902,0.0
2903,1788891794.440812,1788891794.440812,1081,0.27557000517845154,0.7594513893127441,-2.3561899662017822,2.3561899662017822,0.004363323096185923,0.05999999865889549,10.0,2903,0.0
2904,1788891794.492072,1788891794.492072,1081,0.27557438611984253,0.7594650983810425,-2.3561899662017822,2.3561899662017822,0.004363323096185923,0.05999999865889549,10.0,2904,0.0
2905,1788891794.5431945,1788891794.5431945,1081,0.2755745053291321,0.7594519257545471,-2.3561899662017822,2.3561899662017822,0.004363323096185923,0.05999999865889549,10.0,2905,0.0
2906,1788891794.6154838,1788891794.6154838,1081,0.27557408809661865,0.7594445943832397,-2.3561899662017822,2.3561899662017822,0.004363323096185923,0.05999999865889549,10.0,2906,0.0
2907,1788891794.6674716,1788891794.6674716,1081,0.2755754888057709,0.759459376335144,-2.3561899662017822,2.3561899662017822,0.004363323096185923,0.05999999865889549,10.0,2907,0.0
2908,1788891794.721285,1788891794.721285,1081,0.2755764126777649,0.7594599723815918,-2.3561899662017822,2.3561899662017822,0.004363323096185923,0.05999999865889549,10.0,2908,0.0
2909,1788891794.7903113,1788891794.7903113,1081,0.2755764126777649,0.7594587206840515,-2.3561899662017822,2.3561899662017822,0.004363323096185923,0.05999999865889549,10.0,2909,0.0
2910,1788891794.842735,1788891794.842735,1081,0.27557599544525146,0.7594503164291382,-2.3561899662017822,2.3561899662017822,0.004363323096185923,0.05999999865889549,10.0,2910,0.0
2911,1788891794.8957362,1788891794.8957362,1081,0.27557840943336487,0.7594643831253052,-2.3561899662017822,2.3561899662017822,0.004363323096185923,0.05999999865889549,10.0,2911,0.0
2912,1788891794.964879,1788891794.964879,1081,0.27557840943336487,0.7594702839851379,-2.3561899662017822,2.3561899662017822,0.004363323096185923,0.05999999865889549,10.0,2912,0.0
2913,1788891795.0168374,1788891795.0168374,1081,0.2755827009677887,0.7594830989837646,-2.3561899662017822,2.3561899662017822,0.004363323096185923,0.05999999865889549,10.0,2913,0.0
2914,1788891795.067859,1788891795.067859,1081,0.27558231353759766,0.7594743967056274,-2.3561899662017822,2.3561899662017822,0.004363323096185923,0.05999999865889549,10.0,2914,0.0
2915,1788891795.140311,1788891795.140311,1081,0.27558231353759766,0.759475588798523,-2.3561899662017822,2.3561899662017822,0.004363323096185923,0.05999999865889549,10.0,2915,0.0
2916,1788891795.1908774,1788891795.1908774,1081,0.2755855917930603,0.7594925761222839,-2.3561899662017822,2.3561899662017822,0.004363323096185923,0.05999999865889549,10.0,2916,0.0
2917,1788891795.2466545,1788891795.2466545,1081,0.27558478713035583,0.7594767212867737,-2.3561899662017822,2.3561899662017822,0.004363323096185923,0.05999999865889549,10.0,2917,0.0
2918,1788891795.3148465,1788891795.3148465,1081,0.27558478713035583,0.7594767212867737,-2.3561899662017822,2.3561899662017822,0.004363323096185923,0.05999999865889549,10.0,2918,0.0
2919,1788891795.3654006,1788891795.3654006,1081,0.27558478713035583,0.7594779133796692,-2.3561899662017822,2.3561899662017822,0.004363323096185923,0.05999999865889549,10.0,2919,0.0
2920,1788891795.416793,1788891795.416793,1081,0.2755871117115021,0.7594954967498779,-2.3561899662017822,2.3561899662017822,0.004363323096185923,0.05999999865889549,10.0,2920,0.0
2921,1788891795.4686804,1788891795.4686804,1081,0.27559199929237366,0.7594978213310242,-2.3561899662017822,2.3561899662017822,0.004363323096185923,0.05999999865889549,10.0,2921,0.0
2922,1788891795.540616,1788891795.540616,1081,0.2755916118621826,0.75949627161026,-2.3561899662017822,2.3561899662017822,0.004363323096185923,0.05999999865889549,10.0,2922,0.0
2923,1788891795.5922096,1788891795.5922096,1081,0.2755916118621826,0.75949627161026,-2.3561899662017822,2.3561899662017822,0.004363323096185923,0.05999999865889549,10.0,2923,0.0
2924,1788891795.6652637,1788891795.6652637,1081,0.2755916118621826,0.7594950795173645,-2.3561899662017822,2.3561899662017822,0.004363323096185923,0.05999999865889549,10.0,2924,0.0
2925,1788891795.7182047,1788891795.7182047,1081,0.2755953073501587,0.7595205903053284,-2.3561899662017822,2.3561899662017822,0.004363323096185923,0.05999999865889549,10.0,2925,0.0
2926,1788891795.7901127,1788891795.7901127,1081,0.27559641003608704,0.7595186233520508,-2.3561899662017822,2.3561899662017822,0.004363323096185923,0.05999999865889549,10.0,2926,0.0
2927,1788891795.8411672,1788891795.8411672,1081,0.27559641003608704,0.7595173716545105,-2.3561899662017822,2.3561899662017822,0.004363323096185923,0.05999999865889549,10.0,2927,0.0
2928,1788891795.8930666,1788891795.8930666,1081,0.2756021022796631,0.7595425844192505,-2.3561899662017822,2.3561899662017822,0.004363323096185923,0.05999999865889549,10.0,2928,0.0
2929,1788891795.9653492,1788891795.9653492,1081,0.2756012976169586,0.7595242857933044,-2.3561899662017822,2.3561899662017822,0.004363323096185923,0.05999999865889549,10.0,2929,0.0
2930,1788891796.0168245,1788891796.0168245,1081,0.2756012976169586,0.759522020816803,-2.3561899662017822,2.3561899662017822,0.004363323096185923,0.05999999865889549,10.0,2930,0.0
2931,1788891796.069599,1788891796.069599,1081,0.2756021022796631,0.7595391273498535,-2.3561899662017822,2.3561899662017822,0.004363323096185923,0.05999999865889549,10.0,2931,0.0
2932,1788891796.1400166,1788891796.1400166,1081,0.2756021022796631,0.7595461010932922,-2.3561899662017822,2.3561899662017822,0.004363323096185923,0.05999999865889549,10.0,2932,0.0
2933,1788891796.1908896,1788891796.1908896,1081,0.2756021022796631,0.759541392326355,-2.3561899662017822,2.3561899662017822,0.004363323096185923,0.05999999865889549,10.0,2933,0.0
2934,1788891796.2439175,1788891796.2439175,1081,0.2756060063838959,0.7595515251159668,-2.3561899662017822,2.3561899662017822,0.004363323096185923,0.05999999865889549,10.0,2934,0.0
2935,1788891796.31578,1788891796.31578,1081,0.27560558915138245,0.7595406770706177,-2.3561899662017822,2.3561899662017822,0.004363323096185923,0.05999999865889549,10.0,2935,0.0
2936,1788891796.3672378,1788891796.3672378,1081,0.27560651302337646,0.7595527768135071,-2.3561899662017822,2.3561899662017822,0.004363323096185923,0.05999999865889549,10.0,2936,0.0
2937,1788891796.4406114,1788891796.4406114,1081,0.27560850977897644,0.759558379650116,-2.3561899662017822,2.3561899662017822,0.004363323096185923,0.05999999865889549,10.0,2937,0.0
2938,1788891796.4930913,1788891796.4930913,1081,0.2756085991859436,0.7595440745353699,-2.3561899662017822,2.3561899662017822,0.004363323096185923,0.05999999865889549,10.0,2938,0.0
2939,1788891796.5657616,1788891796.5657616,1081,0.2756085991859436,0.7595453262329102,-2.3561899662017822,2.3561899662017822,0.004363323096185923,0.05999999865889549,10.0,2939,0.0
2940,1788891796.6184976,1788891796.6184976,1081,0.27561089396476746,0.7595654129981995,-2.3561899662017822,2.3561899662017822,0.004363323096185923,0.05999999865889549,10.0,2940,0.0
2941,1788891796.6902936,1788891796.6902936,1081,0.2756139039993286,0.7595667839050293,-2.3561899662017822,2.3561899662017822,0.004363323096185923,0.05999999865889549,10.0,2941,0.0
2942,1788891796.7426848,1788891796.7426848,1081,0.27561479806900024,0.7595791220664978,-2.3561899662017822,2.3561899662017822,0.004363323096185923,0.05999999865889549,10.0,2942,0.0
2943,1788891796.8155386,1788891796.8155386,1081,0.27561530470848083,0.7595710158348083,-2.3561899662017822,2.3561899662017822,0.004363323096185923,0.05999999865889549,10.0,2943,0.0
2944,1788891796.868741,1788891796.868741,1081,0.27561628818511963,0.7595701813697815,-2.3561899662017822,2.3561899662017822,0.004363323096185923,0.05999999865889549,10.0,2944,0.0
2945,1788891796.9404986,1788891796.9404986,1081,0.27561870217323303,0.7595865726470947,-2.3561899662017822,2.3561899662017822,0.004363323096185923,0.05999999865889549,10.0,2945,0.0
2946,1788891796.9975858,1788891796.9975858,1081,0.27561819553375244,0.7595793008804321,-2.3561899662017822,2.3561899662017822,0.004363323096185923,0.05999999865889549,10.0,2946,0.0
2947,1788891797.0657346,1788891797.0657346,1081,0.2756178081035614,0.7595707774162292,-2.3561899662017822,2.3561899662017822,0.004363323096185923,0.05999999865889549,10.0,2947,0.0
2948,1788891797.12101,1788891797.12101,1081,0.27561870217323303,0.759587824344635,-2.3561899662017822,2.3561899662017822,0.004363323096185923,0.05999999865889549,10.0,2948,0.0
2949,1788891797.1899617,1788891797.1899617,1081,0.27561959624290466,0.7595965266227722,-2.3561899662017822,2.3561899662017822,0.004363323096185923,0.05999999865889549,10.0,2949,0.0
2950,1788891797.2444227,1788891797.2444227,1081,0.27562209963798523,0.7596012949943542,-2.3561899662017822,2.3561899662017822,0.004363323096185923,0.05999999865889549,10.0,2950,0.0
2951,1788891797.315576,1788891797.315576,1081,0.2756217122077942,0.7595890760421753,-2.3561899662017822,2.3561899662017822,0.004363323096185923,0.05999999865889549,10.0,2951,0.0
2952,1788891797.3678966,1788891797.3678966,1081,0.27562129497528076,0.7595818042755127,-2.3561899662017822,2.3561899662017822,0.004363323096185923,0.05999999865889549,10.0,2952,0.0
2953,1788891797.4401429,1788891797.4401429,1081,0.2756251096725464,0.7596036791801453,-2.3561899662017822,2.3561899662017822,0.004363323096185923,0.05999999865889549,10.0,2953,0.0
2954,1788891797.4929664,1788891797.4929664,1081,0.275626003742218,0.7595958709716797,-2.3561899662017822,2.3561899662017822,0.004363323096185923,0.05999999865889549,10.0,2954,0.0
2955,1788891797.5650969,1788891797.5650969,1081,0.2756255865097046,0.7595921754837036,-2.3561899662017822,2.3561899662017822,0.004363323096185923,0.05999999865889549,10.0,2955,0.0
2956,1788891797.6193702,1788891797.6193702,1081,0.275626003742218,0.7596017718315125,-2.3561899662017822,2.3561899662017822,0.004363323096185923,0.05999999865889549,10.0,2956,0.0
2957,1788891797.6901631,1788891797.6901631,1081,0.27562639117240906,0.7596126794815063,-2.3561899662017822,2.3561899662017822,0.004363323096185923,0.05999999865889549,10.0,2957,0.0
2958,1788891797.745253,1788891797.745253,1081,0.27562689781188965,0.7596105933189392,-2.3561899662017822,2.3561899662017822,0.004363323096185923,0.05999999865889549,10.0,2958,0.0
2959,1788891797.8154652,1788891797.8154652,1081,0.27562689781188965,0.7596105933189392,-2.3561899662017822,2.3561899662017822,0.004363323096185923,0.05999999865889549,10.0,2959,0.0
2960,1788891797.8682013,1788891797.8682013,1081,0.27562740445137024,0.7596167922019958,-2.3561899662017822,2.3561899662017822,0.004363323096185923,0.05999999865889549,10.0,2960,0.0
2961,1788891797.9399858,1788891797.9399858,1081,0.27562659978866577,0.7596079707145691,-2.3561899662017822,2.3561899662017822,0.004363323096185923,0.05999999865889549,10.0,2961,0.0
2962,1788891797.9914052,1788891797.9914052,1081,0.2756285071372986,0.7596076130867004,-2.3561899662017822,2.3561899662017822,0.004363323096185923,0.05999999865889549,10.0,2962,0.0
2963,1788891798.0650573,1788891798.0650573,1081,0.2756288945674896,0.7596055865287781,-2.3561899662017822,2.3561899662017822,0.004363323096185923,0.05999999865889549,10.0,2963,0.0
2964,1788891798.1174731,1788891798.1174731,1081,0.2756285071372986,0.7596017122268677,-2.3561899662017822,2.3561899662017822,0.004363323096185923,0.05999999865889549,10.0,2964,0.0
2965,1788891798.1901784,1788891798.1901784,1081,0.2756285071372986,0.7596017122268677,-2.3561899662017822,2.3561899662017822,0.004363323096185923,0.05999999865889549,10.0,2965,0.0
2966,1788891798.2435176,1788891798.2435176,1081,0.275628000497818,0.7596108913421631,-2.3561899662017822,2.3561899662017822,0.004363323096185923,0.05999999865889549,10.0,2966,0.0
2967,1788891798.3153179,1788891798.3153179,1081,0.2756294906139374,0.7596163153648376,-2.3561899662017822,2.3561899662017822,0.004363323096185923,0.05999999865889549,10.0,2967,0.0
2968,1788891798.3705437,1788891798.3705437,1081,0.2756294906139374,0.7596114873886108,-2.3561899662017822,2.3561899662017822,0.004363323096185923,0.05999999865889549,10.0,2968,0.0
2969,1788891798.4404154,1788891798.4404154,1081,0.2756299078464508,0.7596188187599182,-2.3561899662017822,2.3561899662017822,0.004363323096185923,0.05999999865889549,10.0,2969,0.0
2970,1788891798.4922438,1788891798.4922438,1081,0.27563661336898804,0.7596421837806702,-2.3561899662017822,2.3561899662017822,0.004363323096185923,0.05999999865889549,10.0,2970,0.0
2971,1788891798.565743,1788891798.565743,1081,0.2756362855434418,0.759630024433136,-2.3561899662017822,2.3561899662017822,0.004363323096185923,0.05999999865889549,10.0,2971,0.0
2972,1788891798.6169164,1788891798.6169164,1081,0.27563580870628357,0.7596238851547241,-2.3561899662017822,2.3561899662017822,0.004363323096185923,0.05999999865889549,10.0,2972,0.0
2973,1788891798.69023,1788891798.69023,1081,0.275635302066803,0.7596225142478943,-2.3561899662017822,2.3561899662017822,0.004363323096185923,0.05999999865889549,10.0,2973,0.0
2974,1788891798.7418623,1788891798.7418623,1081,0.2756362855434418,0.759630024433136,-2.3561899662017822,2.3561899662017822,0.004363323096185923,0.05999999865889549,10.0,2974,0.0
2975,1788891798.7961729,1788891798.7961729,1081,0.275637686252594,0.7596380114555359,-2.3561899662017822,2.3561899662017822,0.004363323096185923,0.05999999865889549,10.0,2975,0.0
2976,1788891798.8901737,1788891798.8901737,1081,0.27563729882240295,0.7596269249916077,-2.3561899662017822,2.3561899662017822,0.004363323096185923,0.05999999865889549,10.0,2976,0.0
2977,1788891798.9417546,1788891798.9417546,1081,0.27563729882240295,0.7596281170845032,-2.3561899662017822,2.3561899662017822,0.004363323096185923,0.05999999865889549,10.0,2977,0.0
2978,1788891798.9926271,1788891798.9926271,1081,0.2756372094154358,0.7596293091773987,-2.3561899662017822,2.3561899662017822,0.004363323096185923,0.05999999865889549,10.0,2978,0.0
2979,1788891799.0465405,1788891799.0465405,1081,0.27563759684562683,0.7596485018730164,-2.3561899662017822,2.3561899662017822,0.004363323096185923,0.05999999865889549,10.0,2979,0.0
2980,1788891799.1153727,1788891799.1153727,1081,0.275637686252594,0.7596473097801208,-2.3561899662017822,2.3561899662017822,0.004363323096185923,0.05999999865889549,10.0,2980,0.0
2981,1788891799.1678174,1788891799.1678174,1081,0.2756381034851074,0.7596452236175537,-2.3561899662017822,2.3561899662017822,0.004363323096185923,0.05999999865889549,10.0,2981,0.0
2982,1788891799.2207212,1788891799.2207212,1081,0.275638610124588,0.7596536874771118,-2.3561899662017822,2.3561899662017822,0.004363323096185923,0.05999999865889549,10.0,2982,0.0
2983,1788891799.2904,1788891799.2904,1081,0.2756390869617462,0.7596539258956909,-2.3561899662017822,2.3561899662017822,0.004363323096185923,0.05999999865889549,10.0,2983,0.0
2984,1788891799.3430672,1788891799.3430672,1081,0.2756401002407074,0.759640097618103,-2.3561899662017822,2.3561899662017822,0.004363323096185923,0.05999999865889549,10.0,2984,0.0
2985,1788891799.4157104,1788891799.4157104,1081,0.2756395936012268,0.7596397995948792,-2.3561899662017822,2.3561899662017822,0.004363323096185923,0.05999999865889549,10.0,2985,0.0
2986,1788891799.4903438,1788891799.4903438,1081,0.275642991065979,0.7596579194068909,-2.3561899662017822,2.3561899662017822,0.004363323096185923,0.05999999865889549,10.0,2986,0.0
2987,1788891799.5427923,1788891799.5427923,1081,0.2756445109844208,0.7596502900123596,-2.3561899662017822,2.3561899662017822,0.004363323096185923,0.05999999865889549,10.0,2987,0.0
2988,1788891799.6149457,1788891799.6149457,1081,0.27564409375190735,0.759646475315094,-2.3561899662017822,2.3561899662017822,0.004363323096185923,0.05999999865889549,10.0,2988,0.0
2989,1788891799.6648207,1788891799.6648207,1081,0.27564409375190735,0.759646475315094,-2.3561899662017822,2.3561899662017822,0.004363323096185923,0.05999999865889549,10.0,2989,0.0
2990,1788891799.716057,1788891799.716057,1081,0.2756445109844208,0.7596549987792969,-2.3561899662017822,2.3561899662017822,0.004363323096185923,0.05999999865889549,10.0,2990,0.0
2991,1788891799.7701485,1788891799.7701485,1081,0.2756454050540924,0.7596566081047058,-2.3561899662017822,2.3561899662017822,0.004363323096185923,0.05999999865889549,10.0,2991,0.0
2992,1788891799.840608,1788891799.840608,1081,0.27564510703086853,0.7596505284309387,-2.3561899662017822,2.3561899662017822,0.004363323096185923,0.05999999865889549,10.0,2992,0.0
2993,1788891799.8910353,1788891799.8910353,1081,0.27564510703086853,0.7596492767333984,-2.3561899662017822,2.3561899662017822,0.004363323096185923,0.05999999865889549,10.0,2993,0.0
2994,1788891799.9419472,1788891799.9419472,1081,0.27564510703086853,0.7596492767333984,-2.3561899662017822,2.3561899662017822,0.004363323096185923,0.05999999865889549,10.0,2994,0.0
2995,1788891799.9929209,1788891799.9929209,1081,0.2756454050540924,0.7596601843833923,-2.3561899662017822,2.3561899662017822,0.004363323096185923,0.05999999865889549,10.0,2995,0.0
2996,1788891800.0655708,1788891800.0655708,1081,0.275645911693573,0.7596710920333862,-2.3561899662017822,2.3561899662017822,0.004363323096185923,0.05999999865889549,10.0,2996,0.0
2997,1788891800.1174102,1788891800.1174102,1081,0.2756488025188446,0.7596806883811951,-2.3561899662017822,2.3561899662017822,0.004363323096185923,0.05999999865889549,10.0,2997,0.0
2998,1788891800.189911,1788891800.189911,1081,0.2756521999835968,0.75968337059021,-2.3561899662017822,2.3561899662017822,0.004363323096185923,0.05999999865889549,10.0,2998,0.0
2999,1788891800.2401164,1788891800.2401164,1081,0.27565181255340576,0.7596747875213623,-2.3561899662017822,2.3561899662017822,0.004363323096185923,0.05999999865889549,10.0,2999,0.0
3000,1788891800.2915542,1788891800.2915542,1081,0.27565181255340576,0.7596712708473206,-2.3561899662017822,2.3561899662017822,0.004363323096185923,0.05999999865889549,10.0,3000,0.0
3001,1788891800.3433766,1788891800.3433766,1081,0.27565181255340576,0.7596818804740906,-2.3561899662017822,2.3561899662017822,0.004363323096185923,0.05999999865889549,10.0,3001,0.0
3002,1788891800.4150884,1788891800.4150884,1081,0.2756541967391968,0.7596889734268188,-2.3561899662017822,2.3561899662017822,0.004363323096185923,0.05999999865889549,10.0,3002,0.0
3003,1788891800.4653137,1788891800.4653137,1081,0.2756533920764923,0.7596743106842041,-2.3561899662017822,2.3561899662017822,0.004363323096185923,0.05999999865889549,10.0,3003,0.0
3004,1788891800.516689,1788891800.516689,1081,0.2756533920764923,0.7596719861030579,-2.3561899662017822,2.3561899662017822,0.004363323096185923,0.05999999865889549,10.0,3004,0.0
3005,1788891800.5673003,1788891800.5673003,1081,0.27565521001815796,0.7596942186355591,-2.3561899662017822,2.3561899662017822,0.004363323096185923,0.05999999865889549,10.0,3005,0.0
3006,1788891800.6405995,1788891800.6405995,1081,0.27565619349479675,0.7596874237060547,-2.3561899662017822,2.3561899662017822,0.004363323096185923,0.05999999865889549,10.0,3006,0.0
3007,1788891800.6920943,1788891800.6920943,1081,0.27565619349479675,0.7596827745437622,-2.3561899662017822,2.3561899662017822,0.004363323096185923,0.05999999865889549,10.0,3007,0.0
3008,1788891800.7438135,1788891800.7438135,1081,0.2756566107273102,0.7596901059150696,-2.3561899662017822,2.3561899662017822,0.004363323096185923,0.05999999865889549,10.0,3008,0.0
3009,1788891800.8149612,1788891800.8149612,1081,0.27565720677375793,0.7596939206123352,-2.3561899662017822,2.3561899662017822,0.004363323096185923,0.05999999865889549,10.0,3009,0.0
3010,1788891800.8657596,1788891800.8657596,1081,0.2756595015525818,0.7597081065177917,-2.3561899662017822,2.3561899662017822,0.004363323096185923,0.05999999865889549,10.0,3010,0.0
3011,1788891800.9161966,1788891800.9161966,1081,0.2756586968898773,0.7596886157989502,-2.3561899662017822,2.3561899662017822,0.004363323096185923,0.05999999865889549,10.0,3011,0.0
3012,1788891800.9702103,1788891800.9702103,1081,0.2756586968898773,0.7596886157989502,-2.3561899662017822,2.3561899662017822,0.004363323096185923,0.05999999865889549,10.0,3012,0.0
3013,1788891801.04043,1788891801.04043,1081,0.27565911412239075,0.759692370891571,-2.3561899662017822,2.3561899662017822,0.004363323096185923,0.05999999865889549,10.0,3013,0.0
3014,1788891801.095127,1788891801.095127,1081,0.27566200494766235,0.7597126960754395,-2.3561899662017822,2.3561899662017822,0.004363323096185923,0.05999999865889549,10.0,3014,0.0
3015,1788891801.1648839,1788891801.1648839,1081,0.27566251158714294,0.7597069144248962,-2.3561899662017822,2.3561899662017822,0.004363323096185923,0.05999999865889549,10.0,3015,0.0
3016,1788891801.2155595,1788891801.2155595,1081,0.2756620943546295,0.7596995234489441,-2.3561899662017822,2.3561899662017822,0.004363323096185923,0.05999999865889549,10.0,3016,0.0
3017,1788891801.268189,1788891801.268189,1081,0.27566349506378174,0.7597156167030334,-2.3561899662017822,2.3561899662017822,0.004363323096185923,0.05999999865889549,10.0,3017,0.0
3018,1788891801.340556,1788891801.340556,1081,0.27566638588905334,0.7597252130508423,-2.3561899662017822,2.3561899662017822,0.004363323096185923,0.05999999865889549,10.0,3018,0.0
3019,1788891801.391815,1788891801.391815,1081,0.27566590905189514,0.7597119808197021,-2.3561899662017822,2.3561899662017822,0.004363323096185923,0.05999999865889549,10.0,3019,0.0
3020,1788891801.4464657,1788891801.4464657,1081,0.27566689252853394,0.7597206830978394,-2.3561899662017822,2.3561899662017822,0.004363323096185923,0.05999999865889549,10.0,3020,0.0
3021,1788891801.5153368,1788891801.5153368,1081,0.27566829323768616,0.7597249746322632,-2.3561899662017822,2.3561899662017822,0.004363323096185923,0.05999999865889549,10.0,3021,0.0
3022,1788891801.566495,1788891801.566495,1081,0.27566829323768616,0.7597237229347229,-2.3561899662017822,2.3561899662017822,0.004363323096185923,0.05999999865889549,10.0,3022,0.0
3023,1788891801.6175022,1788891801.6175022,1081,0.27566879987716675,0.759732186794281,-2.3561899662017822,2.3561899662017822,0.004363323096185923,0.05999999865889549,10.0,3023,0.0
3024,1788891801.6901202,1788891801.6901202,1081,0.2756687104701996,0.7597358822822571,-2.3561899662017822,2.3561899662017822,0.004363323096185923,0.05999999865889549,10.0,3024,0.0
3025,1788891801.7419243,1788891801.7419243,1081,0.27566829323768616,0.7597271800041199,-2.3561899662017822,2.3561899662017822,0.004363323096185923,0.05999999865889549,10.0,3025,0.0
3026,1788891801.7922478,1788891801.7922478,1081,0.2756696939468384,0.7597386837005615,-2.3561899662017822,2.3561899662017822,0.004363323096185923,0.05999999865889549,10.0,3026,0.0
3027,1788891801.864894,1788891801.864894,1081,0.2756721079349518,0.7597445249557495,-2.3561899662017822,2.3561899662017822,0.004363323096185923,0.05999999865889549,10.0,3027,0.0
3028,1788891801.9151716,1788891801.9151716,1081,0.27567270398139954,0.7597398161888123,-2.3561899662017822,2.3561899662017822,0.004363323096185923,0.05999999865889549,10.0,3028,0.0
3029,1788891801.9664593,1788891801.9664593,1081,0.2756741940975189,0.7597439885139465,-2.3561899662017822,2.3561899662017822,0.004363323096185923,0.05999999865889549,10.0,3029,0.0
3030,1788891802.0178976,1788891802.0178976,1081,0.2756747007369995,0.7597407102584839,-2.3561899662017822,2.3561899662017822,0.004363323096185923,0.05999999865889549,10.0,3030,0.0
3031,1788891802.0901666,1788891802.0901666,1081,0.27567601203918457,0.7597522139549255,-2.3561899662017822,2.3561899662017822,0.004363323096185923,0.05999999865889549,10.0,3031,0.0
3032,1788891802.1425114,1788891802.1425114,1081,0.27567988634109497,0.7597644925117493,-2.3561899662017822,2.3561899662017822,0.004363323096185923,0.05999999865889549,10.0,3032,0.0
3033,1788891802.2156646,1788891802.2156646,1081,0.27567949891090393,0.7597537040710449,-2.3561899662017822,2.3561899662017822,0.004363323096185923,0.05999999865889549,10.0,3033,0.0
3034,1788891802.2670372,1788891802.2670372,1081,0.2756791114807129,0.7597485780715942,-2.3561899662017822,2.3561899662017822,0.004363323096185923,0.05999999865889549,10.0,3034,0.0
3035,1788891802.3405516,1788891802.3405516,1081,0.27567949891090393,0.7597594857215881,-2.3561899662017822,2.3561899662017822,0.004363323096185923,0.05999999865889549,10.0,3035,0.0
3036,1788891802.392239,1788891802.392239,1081,0.2756814956665039,0.759767472743988,-2.3561899662017822,2.3561899662017822,0.004363323096185923,0.05999999865889549,10.0,3036,0.0
3037,1788891802.4433408,1788891802.4433408,1081,0.2756809890270233,0.7597541809082031,-2.3561899662017822,2.3561899662017822,0.004363323096185923,0.05999999865889549,10.0,3037,0.0
3038,1788891802.4961507,1788891802.4961507,1081,0.2756820023059845,0.7597581744194031,-2.3561899662017822,2.3561899662017822,0.004363323096185923,0.05999999865889549,10.0,3038,0.0
3039,1788891802.5653157,1788891802.5653157,1081,0.2756839096546173,0.759773313999176,-2.3561899662017822,2.3561899662017822,0.004363323096185923,0.05999999865889549,10.0,3039,0.0
3040,1788891802.6189122,1788891802.6189122,1081,0.27568578720092773,0.7597789168357849,-2.3561899662017822,2.3561899662017822,0.004363323096185923,0.05999999865889549,10.0,3040,0.0
3041,1788891802.6904137,1788891802.6904137,1081,0.27568578720092773,0.7597681879997253,-2.3561899662017822,2.3561899662017822,0.004363323096185923,0.05999999865889549,10.0,3041,0.0
3042,1788891802.7422814,1788891802.7422814,1081,0.27568578720092773,0.7597754001617432,-2.3561899662017822,2.3561899662017822,0.004363323096185923,0.05999999865889549,10.0,3042,0.0
3043,1788891802.7969465,1788891802.7969465,1081,0.2756862938404083,0.7597826719284058,-2.3561899662017822,2.3561899662017822,0.004363323096185923,0.05999999865889549,10.0,3043,0.0
3044,1788891802.8653188,1788891802.8653188,1081,0.27568578720092773,0.7597799897193909,-2.3561899662017822,2.3561899662017822,0.004363323096185923,0.05999999865889549,10.0,3044,0.0
3045,1788891802.917925,1788891802.917925,1081,0.2756901979446411,0.7597963213920593,-2.3561899662017822,2.3561899662017822,0.004363323096185923,0.05999999865889549,10.0,3045,0.0
3046,1788891802.9906535,1788891802.9906535,1081,0.27569109201431274,0.7597991824150085,-2.3561899662017822,2.3561899662017822,0.004363323096185923,0.05999999865889549,10.0,3046,0.0
3047,1788891803.0423098,1788891803.0423098,1081,0.2756930887699127,0.7598081827163696,-2.3561899662017822,2.3561899662017822,0.004363323096185923,0.05999999865889549,10.0,3047,0.0
3048,1788891803.1153872,1788891803.1153872,1081,0.2756930887699127,0.7597951889038086,-2.3561899662017822,2.3561899662017822,0.004363323096185923,0.05999999865889549,10.0,3048,0.0
3049,1788891803.1663315,1788891803.1663315,1081,0.2756946086883545,0.7598065733909607,-2.3561899662017822,2.3561899662017822,0.004363323096185923,0.05999999865889549,10.0,3049,0.0
3050,1788891803.2183955,1788891803.2183955,1081,0.2756980061531067,0.7598078846931458,-2.3561899662017822,2.3561899662017822,0.004363323096185923,0.05999999865889549,10.0,3050,0.0
3051,1788891803.2900355,1788891803.2900355,1081,0.27569758892059326,0.7598006725311279,-2.3561899662017822,2.3561899662017822,0.004363323096185923,0.05999999865889549,10.0,3051,0.0
3052,1788891803.3416731,1788891803.3416731,1081,0.2757013142108917,0.7598251104354858,-2.3561899662017822,2.3561899662017822,0.004363323096185923,0.05999999865889549,10.0,3052,0.0
