[INFO] [launch]: All log files can be found below /root/.ros/log/2026-09-01-09-18-54-185695-ExternalDrive-115
[INFO] [launch]: Default logging verbosity is set to INFO
[INFO] [launch.user]: controller=pure_pursuit custom_amcl=True lateral_planner=False rviz=False
[INFO] [autodrive_bridge-1]: process started with pid [143]
[INFO] [sensor_odometry_node-2]: process started with pid [145]
[INFO] [map_server-3]: process started with pid [147]
[INFO] [lifecycle_manager-4]: process started with pid [149]
[INFO] [gpu_amcl_cpp_node-5]: process started with pid [151]
[INFO] [ekf_localization_node-6]: process started with pid [153]
[INFO] [ground_truth_amcl_monitor-7]: process started with pid [155]
[INFO] [component_container-8]: process started with pid [157]
[INFO] [actuator_interface-9]: process started with pid [159]
[lifecycle_manager-4] [INFO] [1788254334.542353603] [lifecycle_manager_map]: Creating
[lifecycle_manager-4] [INFO] [1788254334.549316889] [lifecycle_manager_map]: [34m[1mCreating and initializing lifecycle service clients[0m[0m
[ekf_localization_node-6] [INFO] [1788254334.549956865] [ekf_localization]: EKF ready: odom=/odom + AMCL=/amcl_pose -> /ekf_pose; odom-dominant causal fusion
[sensor_odometry_node-2] [INFO] [1788254334.549968977] [sensor_odometry]: Allowed sensor odometry: rear encoders + IMU -> /odom
[lifecycle_manager-4] [INFO] [1788254334.593233170] [lifecycle_manager_map]: [34m[1mStarting managed nodes bringup...[0m[0m
[lifecycle_manager-4] [INFO] [1788254334.593363125] [lifecycle_manager_map]: [34m[1mConfiguring map_server[0m[0m
[map_server-3] [INFO] [1788254334.597285313] [map_server]: 
[map_server-3] 	map_server lifecycle node launched. 
[map_server-3] 	Waiting on external lifecycle transitions to activate
[map_server-3] 	See https://design.ros2.org/articles/node_lifecycle.html for more information.
[map_server-3] [INFO] [1788254334.597660159] [map_server]: Creating
[map_server-3] [INFO] [1788254334.598743159] [map_server]: Configuring
[map_server-3] [INFO] [1788254334.598906156] [map_io]: Loading yaml file: /workspace/src/f1tenth_planning/maps/autodrive_compete_2026.yaml
[map_server-3] [INFO] [1788254334.599631211] [map_io]: resolution: 0.025
[map_server-3] [INFO] [1788254334.599666167] [map_io]: origin[0]: -4.74997
[map_server-3] [INFO] [1788254334.599684802] [map_io]: origin[1]: -12.2011
[map_server-3] [INFO] [1788254334.599699269] [map_io]: origin[2]: 0
[map_server-3] [INFO] [1788254334.599715280] [map_io]: free_thresh: 0.25
[map_server-3] [INFO] [1788254334.599730188] [map_io]: occupied_thresh: 0.65
[map_server-3] [INFO] [1788254334.599745937] [map_io]: mode: trinary
[map_server-3] [INFO] [1788254334.599762348] [map_io]: negate: 0
[map_server-3] [INFO] [1788254334.600627328] [map_io]: Loading image_file: /workspace/src/f1tenth_planning/maps/autodrive_compete_2026.pgm
[component_container-8] [INFO] [1788254334.724266795] [controller_container]: Load Library: /workspace/install/lib/libpure_pursuit_node.so
[component_container-8] [INFO] [1788254334.737802321] [controller_container]: Found class: rclcpp_components::NodeFactoryTemplate<f1tenth_control::PurePursuitNode>
[component_container-8] [INFO] [1788254334.737956511] [controller_container]: Instantiate class: rclcpp_components::NodeFactoryTemplate<f1tenth_control::PurePursuitNode>
[component_container-8] [INFO] [1788254334.779955992] [pure_pursuit_node]: Initializing Pure Pursuit Node
[component_container-8] [INFO] [1788254334.847802377] [pure_pursuit_node]: Loaded trajectory with 4468 waypoints (89.3 m)
[component_container-8] [INFO] [1788254334.864011288] [pure_pursuit_node]: Pure Pursuit Node initialized
[component_container-8] [INFO] [1788254334.864118741] [pure_pursuit_node]:   Trajectory: /workspace/src/f1tenth_planning/trajectories/icra_2025_raceline.csv (4468 points)
[component_container-8] [INFO] [1788254334.864158456] [pure_pursuit_node]:   Lookahead: 0.65 - 1.15 m (gain: 0.14)
[component_container-8] [INFO] [1788254334.864208259] [pure_pursuit_node]:   Max speed cap: 0.20 m/s
[component_container-8] [INFO] [1788254334.864264165] [pure_pursuit_node]:   Lookahead adapt: cte_weight=1.00 cte_gain=0.042 curvature_gain=1.900
[component_container-8] [INFO] [1788254334.864305402] [pure_pursuit_node]:   Speed adapt: curvature_factor=0.102 floor_ratio=0.52
[component_container-8] [INFO] [1788254334.864346209] [pure_pursuit_node]:   Speed adapt (CTE): factor=1.500 floor_ratio=0.55
[component_container-8] [INFO] [1788254334.864382658] [pure_pursuit_node]:   Speed limits: max_lat_accel=6.50 min_reg_speed=0.12
[component_container-8] [INFO] [1788254334.864419567] [pure_pursuit_node]:   Yaw-rate damping: 0.000 s
[component_container-8] [INFO] [1788254334.864453892] [pure_pursuit_node]:   Command shaping: steer_rate=3.20 accel=3.00 decel=8.00
[component_container-8] [INFO] [1788254334.864493907] [pure_pursuit_node]:   Pose: /ekf_pose (map frame)
[component_container-8] [INFO] [1788254334.864526819] [pure_pursuit_node]:   Odom: /odom
[component_container-8] [INFO] [1788254334.864558299] [pure_pursuit_node]:   Sensor trigger: /autodrive/roboracer_1/lidar (one command per scan; nominal 10.0 Hz)
[component_container-8] [INFO] [1788254334.864596811] [pure_pursuit_node]:   Steering feedback: /autodrive/roboracer_1/steering (lead gain 0.25)
[component_container-8] [INFO] [1788254334.864631376] [pure_pursuit_node]:   Command: /cmd/controller
[INFO] [launch_ros.actions.load_composable_nodes]: Loaded node '/pure_pursuit_node' in container '/controller_container'
[map_server-3] [INFO] [1788254334.877792607] [map_io]: Read map /workspace/src/f1tenth_planning/maps/autodrive_compete_2026.pgm: 1054 X 580 map @ 0.025 m/cell
[lifecycle_manager-4] [INFO] [1788254334.929300597] [lifecycle_manager_map]: [34m[1mActivating map_server[0m[0m
[map_server-3] [INFO] [1788254334.931228058] [map_server]: Activating
[map_server-3] [INFO] [1788254334.938877126] [map_server]: Creating bond (map_server) to lifecycle manager.
[gpu_amcl_cpp_node-5] [INFO] [1788254334.943021121] [gpu_amcl_cpp]: [AMCL] Parameters: update_min_d=0.02000, update_min_a=0.03500, max_scan_age=0.2500, odom_history=1.000s, cloud_publish_rate=1.0 Hz, debug_pre_resample=false, slip_threshold=1.00 rad/s, initial_raceline_heading=true, local_correction_gate=0.35m/0.45rad gain=0.250 association=0.80m recenter_cloud=true
[gpu_amcl_cpp_node-5] [INFO] [1788254334.967116127] [gpu_amcl_cpp]: Particle cloud publishing scan-synchronized, max 1.0 Hz
[gpu_amcl_cpp_node-5] [INFO] [1788254334.967225323] [gpu_amcl_cpp]: GPU AMCL C++ node created — waiting for map...
[gpu_amcl_cpp_node-5] [INFO] [1788254334.992903129] [gpu_amcl_cpp]: Received first map (1054x580 @ 0.025 m/cell) — initialising PF
[lifecycle_manager-4] [INFO] [1788254335.052642274] [lifecycle_manager_map]: Server map_server connected with bond.
[lifecycle_manager-4] [INFO] [1788254335.052736872] [lifecycle_manager_map]: [34m[1mManaged nodes are active[0m[0m
[lifecycle_manager-4] [INFO] [1788254335.052763262] [lifecycle_manager_map]: [34m[1mCreating bond timer...[0m[0m
[gpu_amcl_cpp_node-5] [INFO] [1788254335.062115428] [gpu_amcl_cpp]: Loaded 4469 global heading points from /workspace/src/f1tenth_planning/trajectories/icra_2025_raceline.csv
[gpu_amcl_cpp_node-5] [INFO] [1788254335.099789761] [gpu_amcl_cpp]: Particle filter initialised with 2500 particles (global)
[gpu_amcl_cpp_node-5] [INFO] [1788254335.099950835] [gpu_amcl_cpp]: Global particle initialization active; waiting for scans before publishing pose
[ground_truth_amcl_monitor-7] [WARN] [1788254335.308054359] [ground_truth_amcl_monitor]: Ground-truth monitor is diagnostics-only; simulator IPS/odom are not controller inputs
[actuator_interface-9] [INFO] [1788254335.344212787] [autodrive_actuator_interface]: Actuator interface ready; no arming state
[actuator_interface-9] [WARN] [1788254335.384907489] [autodrive_actuator_interface]: Neutral output: no command
[autodrive_bridge-1] Connected!
[gpu_amcl_cpp_node-5] [INFO] [1788254357.714510193] [gpu_amcl_cpp]: Received first odometry sample at (0.00, 0.00, 0.00).
[component_container-8] [WARN] [1788254357.716036407] [pure_pursuit_node]: No pose received on /ekf_pose yet
[gpu_amcl_cpp_node-5] [INFO] [1788254357.716077876] [gpu_amcl_cpp]: Received LiDAR callback #1 (1081 ranges).
[gpu_amcl_cpp_node-5] [INFO] [1788254357.716113783] [gpu_amcl_cpp]: AMCL odom delta: at_scan=(0.000, 0.000, 0.000) baseline=(0.000, 0.000, 0.000) delta=(0.000, 0.000, 0.000) moved=false scan_age=0.001s
[gpu_amcl_cpp_node-5] [INFO] [1788254357.716137177] [gpu_amcl_cpp]: Starting AMCL scan update #1 (sampled from 1081 ranges).
[gpu_amcl_cpp_node-5] [INFO] [1788254357.727344147] [gpu_amcl_cpp]: AMCL scan update #1 completed; evaluating pose confidence.
[gpu_amcl_cpp_node-5] [INFO] [1788254357.730803322] [gpu_amcl_cpp]: Global AMCL refining: cluster_weight=0.029, covariance xy=0.908 (max 0.250), yaw=0.278 (max 0.120).
[sensor_odometry_node-2] [INFO] [1788254357.904364961] [sensor_odometry]: Odometry: dl=0.000 dr=0.000 ds=0.000 wheel_speed=0.000 mapped=0.000 body_speed=0.000 speed=0.000 pose=(0.000, 0.000, 0.000) enc=(0.000, 0.000) wheel_slip=false confidence=1.00
[component_container-8] [WARN] [1788254358.791339207] [pure_pursuit_node]: No pose received on /ekf_pose yet
[gpu_amcl_cpp_node-5] [INFO] [1788254358.791355638] [gpu_amcl_cpp]: AMCL odom delta: at_scan=(0.000, 0.000, 0.000) baseline=(0.000, 0.000, 0.000) delta=(0.000, 0.000, 0.000) moved=false scan_age=0.000s
[actuator_interface-9] [INFO] [1788254358.792995116] [autodrive_actuator_interface]: Collision baseline established at cumulative count 0
[component_container-8] [WARN] [1788254359.845384566] [pure_pursuit_node]: No pose received on /ekf_pose yet
[gpu_amcl_cpp_node-5] [INFO] [1788254359.845412709] [gpu_amcl_cpp]: AMCL odom delta: at_scan=(0.000, 0.000, 0.000) baseline=(0.000, 0.000, 0.000) delta=(0.000, 0.000, 0.000) moved=false scan_age=0.000s
[gpu_amcl_cpp_node-5] [INFO] [1788254359.846684204] [gpu_amcl_cpp]: Global AMCL refining: cluster_weight=0.099, covariance xy=0.427 (max 0.250), yaw=0.006 (max 0.120).
[sensor_odometry_node-2] [INFO] [1788254360.016688642] [sensor_odometry]: Odometry: dl=0.000 dr=0.000 ds=0.000 wheel_speed=0.000 mapped=0.000 body_speed=0.000 speed=0.000 pose=(0.000, 0.000, 0.000) enc=(0.000, 0.000) wheel_slip=false confidence=1.00
[component_container-8] [WARN] [1788254360.966537597] [pure_pursuit_node]: No pose received on /ekf_pose yet
[gpu_amcl_cpp_node-5] [INFO] [1788254360.966568005] [gpu_amcl_cpp]: AMCL odom delta: at_scan=(0.000, 0.000, 0.000) baseline=(0.000, 0.000, 0.000) delta=(0.000, 0.000, 0.000) moved=false scan_age=0.000s
[component_container-8] [WARN] [1788254361.990938838] [pure_pursuit_node]: No pose received on /ekf_pose yet
[gpu_amcl_cpp_node-5] [INFO] [1788254361.990954647] [gpu_amcl_cpp]: AMCL odom delta: at_scan=(0.000, 0.000, 0.000) baseline=(0.000, 0.000, 0.000) delta=(0.000, 0.000, 0.000) moved=false scan_age=0.000s
[gpu_amcl_cpp_node-5] [INFO] [1788254361.993858757] [gpu_amcl_cpp]: Global AMCL refining: cluster_weight=0.120, covariance xy=0.183 (max 0.250), yaw=0.007 (max 0.120).
[sensor_odometry_node-2] [INFO] [1788254362.194100130] [sensor_odometry]: Odometry: dl=0.000 dr=0.000 ds=0.000 wheel_speed=0.000 mapped=0.000 body_speed=0.000 speed=0.000 pose=(0.000, 0.000, 0.000) enc=(0.000, 0.000) wheel_slip=false confidence=1.00
[gpu_amcl_cpp_node-5] [INFO] [1788254362.811016817] [gpu_amcl_cpp]: Received LiDAR callback #28 (1081 ranges).
[gpu_amcl_cpp_node-5] [INFO] [1788254362.811081909] [gpu_amcl_cpp]: Starting AMCL scan update #28 (sampled from 1081 ranges).
[gpu_amcl_cpp_node-5] [INFO] [1788254362.812507765] [gpu_amcl_cpp]: AMCL scan update #28 completed; evaluating pose confidence.
[component_container-8] [WARN] [1788254363.023616086] [pure_pursuit_node]: No pose received on /ekf_pose yet
[gpu_amcl_cpp_node-5] [INFO] [1788254363.023657524] [gpu_amcl_cpp]: AMCL odom delta: at_scan=(0.000, 0.000, 0.000) baseline=(0.000, 0.000, 0.000) delta=(0.000, 0.000, 0.000) moved=false scan_age=0.000s
[component_container-8] [WARN] [1788254364.064913721] [pure_pursuit_node]: No pose received on /ekf_pose yet
[gpu_amcl_cpp_node-5] [INFO] [1788254364.064960369] [gpu_amcl_cpp]: AMCL odom delta: at_scan=(0.000, 0.000, 0.000) baseline=(0.000, 0.000, 0.000) delta=(0.000, 0.000, 0.000) moved=false scan_age=0.000s
[gpu_amcl_cpp_node-5] [INFO] [1788254364.068006717] [gpu_amcl_cpp]: Global AMCL refining: cluster_weight=0.144, covariance xy=0.147 (max 0.250), yaw=0.005 (max 0.120).
[sensor_odometry_node-2] [INFO] [1788254364.268631521] [sensor_odometry]: Odometry: dl=0.000 dr=0.000 ds=0.000 wheel_speed=0.000 mapped=0.000 body_speed=0.000 speed=0.000 pose=(0.000, 0.000, 0.000) enc=(0.000, 0.000) wheel_slip=false confidence=1.00
[component_container-8] [WARN] [1788254365.100070639] [pure_pursuit_node]: No pose received on /ekf_pose yet
[gpu_amcl_cpp_node-5] [INFO] [1788254365.100081068] [gpu_amcl_cpp]: AMCL odom delta: at_scan=(0.000, 0.000, 0.000) baseline=(0.000, 0.000, 0.000) delta=(0.000, 0.000, 0.000) moved=false scan_age=0.001s
[component_container-8] [WARN] [1788254366.151015965] [pure_pursuit_node]: No pose received on /ekf_pose yet
[gpu_amcl_cpp_node-5] [INFO] [1788254366.151023169] [gpu_amcl_cpp]: AMCL odom delta: at_scan=(0.000, 0.000, 0.000) baseline=(0.000, 0.000, 0.000) delta=(0.000, 0.000, 0.000) moved=false scan_age=0.001s
[gpu_amcl_cpp_node-5] [INFO] [1788254366.154096357] [gpu_amcl_cpp]: Global AMCL refining: cluster_weight=0.160, covariance xy=0.126 (max 0.250), yaw=0.004 (max 0.120).
[sensor_odometry_node-2] [INFO] [1788254366.278028734] [sensor_odometry]: Odometry: dl=0.000 dr=0.000 ds=0.000 wheel_speed=0.000 mapped=0.000 body_speed=0.000 speed=0.000 pose=(0.000, 0.000, 0.000) enc=(0.000, 0.000) wheel_slip=false confidence=1.00
[component_container-8] [WARN] [1788254367.326235251] [pure_pursuit_node]: No pose received on /ekf_pose yet
[gpu_amcl_cpp_node-5] [INFO] [1788254367.326270217] [gpu_amcl_cpp]: AMCL odom delta: at_scan=(0.000, 0.000, 0.000) baseline=(0.000, 0.000, 0.000) delta=(0.000, 0.000, 0.000) moved=false scan_age=0.000s
[gpu_amcl_cpp_node-5] [INFO] [1788254367.979584520] [gpu_amcl_cpp]: Received LiDAR callback #55 (1081 ranges).
[gpu_amcl_cpp_node-5] [INFO] [1788254367.979648811] [gpu_amcl_cpp]: Starting AMCL scan update #55 (sampled from 1081 ranges).
[gpu_amcl_cpp_node-5] [INFO] [1788254367.981097220] [gpu_amcl_cpp]: AMCL scan update #55 completed; evaluating pose confidence.
[gpu_amcl_cpp_node-5] [INFO] [1788254368.196262111] [gpu_amcl_cpp]: Global AMCL refining: cluster_weight=0.173, covariance xy=0.110 (max 0.250), yaw=0.004 (max 0.120).
[sensor_odometry_node-2] [INFO] [1788254368.397325962] [sensor_odometry]: Odometry: dl=0.000 dr=0.000 ds=0.000 wheel_speed=0.000 mapped=0.000 body_speed=0.000 speed=0.000 pose=(0.000, 0.000, 0.000) enc=(0.000, 0.000) wheel_slip=false confidence=1.00
[component_container-8] [WARN] [1788254368.398703486] [pure_pursuit_node]: No pose received on /ekf_pose yet
[gpu_amcl_cpp_node-5] [INFO] [1788254368.398727682] [gpu_amcl_cpp]: AMCL odom delta: at_scan=(0.000, 0.000, 0.000) baseline=(0.000, 0.000, 0.000) delta=(0.000, 0.000, 0.000) moved=false scan_age=0.000s
[gpu_amcl_cpp_node-5] [INFO] [1788254369.434742864] [gpu_amcl_cpp]: AMCL odom delta: at_scan=(0.000, 0.000, 0.000) baseline=(0.000, 0.000, 0.000) delta=(0.000, 0.000, 0.000) moved=false scan_age=0.000s
[component_container-8] [WARN] [1788254369.434763363] [pure_pursuit_node]: No pose received on /ekf_pose yet
[gpu_amcl_cpp_node-5] [INFO] [1788254370.259220748] [gpu_amcl_cpp]: Global AMCL refining: cluster_weight=0.181, covariance xy=0.100 (max 0.250), yaw=0.003 (max 0.120).
[sensor_odometry_node-2] [INFO] [1788254370.455525444] [sensor_odometry]: Odometry: dl=0.000 dr=0.000 ds=0.000 wheel_speed=0.000 mapped=0.000 body_speed=0.000 speed=0.000 pose=(0.000, 0.000, 0.000) enc=(0.000, 0.000) wheel_slip=false confidence=1.00
[component_container-8] [WARN] [1788254370.456696801] [pure_pursuit_node]: No pose received on /ekf_pose yet
[gpu_amcl_cpp_node-5] [INFO] [1788254370.456721207] [gpu_amcl_cpp]: AMCL odom delta: at_scan=(0.000, 0.000, 0.000) baseline=(0.000, 0.000, 0.000) delta=(0.000, 0.000, 0.000) moved=false scan_age=0.000s
[component_container-8] [WARN] [1788254371.483527442] [pure_pursuit_node]: No pose received on /ekf_pose yet
[gpu_amcl_cpp_node-5] [INFO] [1788254371.483540296] [gpu_amcl_cpp]: AMCL odom delta: at_scan=(0.000, 0.000, 0.000) baseline=(0.000, 0.000, 0.000) delta=(0.000, 0.000, 0.000) moved=false scan_age=0.001s
[gpu_amcl_cpp_node-5] [INFO] [1788254372.312424789] [gpu_amcl_cpp]: Global AMCL refining: cluster_weight=0.187, covariance xy=0.092 (max 0.250), yaw=0.003 (max 0.120).
[sensor_odometry_node-2] [INFO] [1788254372.513174618] [sensor_odometry]: Odometry: dl=0.000 dr=0.000 ds=0.000 wheel_speed=0.000 mapped=0.000 body_speed=0.000 speed=0.000 pose=(0.000, 0.000, 0.000) enc=(0.000, 0.000) wheel_slip=false confidence=1.00
[component_container-8] [WARN] [1788254372.514643074] [pure_pursuit_node]: No pose received on /ekf_pose yet
[gpu_amcl_cpp_node-5] [INFO] [1788254372.514663182] [gpu_amcl_cpp]: AMCL odom delta: at_scan=(0.000, 0.000, 0.000) baseline=(0.000, 0.000, 0.000) delta=(0.000, 0.000, 0.000) moved=false scan_age=0.000s
[gpu_amcl_cpp_node-5] [INFO] [1788254373.139654384] [gpu_amcl_cpp]: Received LiDAR callback #80 (1081 ranges).
[gpu_amcl_cpp_node-5] [INFO] [1788254373.139725047] [gpu_amcl_cpp]: Starting AMCL scan update #80 (sampled from 1081 ranges).
[gpu_amcl_cpp_node-5] [INFO] [1788254373.141179778] [gpu_amcl_cpp]: AMCL scan update #80 completed; evaluating pose confidence.
[gpu_amcl_cpp_node-5] [INFO] [1788254373.545801265] [gpu_amcl_cpp]: AMCL odom delta: at_scan=(0.000, 0.000, 0.000) baseline=(0.000, 0.000, 0.000) delta=(0.000, 0.000, 0.000) moved=false scan_age=0.000s
[component_container-8] [WARN] [1788254373.545833005] [pure_pursuit_node]: No pose received on /ekf_pose yet
[gpu_amcl_cpp_node-5] [INFO] [1788254374.375170220] [gpu_amcl_cpp]: Global AMCL refining: cluster_weight=0.192, covariance xy=0.086 (max 0.250), yaw=0.003 (max 0.120).
[sensor_odometry_node-2] [INFO] [1788254374.579437584] [sensor_odometry]: Odometry: dl=0.000 dr=0.000 ds=0.000 wheel_speed=0.000 mapped=0.000 body_speed=0.000 speed=0.000 pose=(0.000, 0.000, 0.000) enc=(0.000, 0.000) wheel_slip=false confidence=1.00
[component_container-8] [WARN] [1788254374.580667080] [pure_pursuit_node]: No pose received on /ekf_pose yet
[gpu_amcl_cpp_node-5] [INFO] [1788254374.580680656] [gpu_amcl_cpp]: AMCL odom delta: at_scan=(0.000, 0.000, 0.000) baseline=(0.000, 0.000, 0.000) delta=(0.000, 0.000, 0.000) moved=false scan_age=0.000s
[component_container-8] [WARN] [1788254375.643528586] [pure_pursuit_node]: No pose received on /ekf_pose yet
[gpu_amcl_cpp_node-5] [INFO] [1788254375.643579502] [gpu_amcl_cpp]: AMCL odom delta: at_scan=(0.000, 0.000, 0.000) baseline=(0.000, 0.000, 0.000) delta=(0.000, 0.000, 0.000) moved=false scan_age=0.000s
[gpu_amcl_cpp_node-5] [INFO] [1788254376.490795132] [gpu_amcl_cpp]: Global AMCL refining: cluster_weight=0.196, covariance xy=0.080 (max 0.250), yaw=0.002 (max 0.120).
[sensor_odometry_node-2] [INFO] [1788254376.692348444] [sensor_odometry]: Odometry: dl=0.000 dr=0.000 ds=0.000 wheel_speed=0.000 mapped=0.000 body_speed=0.000 speed=0.000 pose=(0.000, 0.000, 0.000) enc=(0.000, 0.000) wheel_slip=false confidence=1.00
[gpu_amcl_cpp_node-5] [INFO] [1788254376.693600071] [gpu_amcl_cpp]: AMCL odom delta: at_scan=(0.000, 0.000, 0.000) baseline=(0.000, 0.000, 0.000) delta=(0.000, 0.000, 0.000) moved=false scan_age=0.000s
[component_container-8] [WARN] [1788254376.693614007] [pure_pursuit_node]: No pose received on /ekf_pose yet
[gpu_amcl_cpp_node-5] [INFO] [1788254377.879458531] [gpu_amcl_cpp]: AMCL odom delta: at_scan=(0.000, 0.000, 0.000) baseline=(0.000, 0.000, 0.000) delta=(0.000, 0.000, 0.000) moved=false scan_age=0.000s
[component_container-8] [WARN] [1788254377.880997600] [pure_pursuit_node]: No pose received on /ekf_pose yet
[gpu_amcl_cpp_node-5] [INFO] [1788254378.290157165] [gpu_amcl_cpp]: Received LiDAR callback #105 (1081 ranges).
[gpu_amcl_cpp_node-5] [INFO] [1788254378.290230292] [gpu_amcl_cpp]: Starting AMCL scan update #105 (sampled from 1081 ranges).
[gpu_amcl_cpp_node-5] [INFO] [1788254378.291671647] [gpu_amcl_cpp]: AMCL scan update #105 completed; evaluating pose confidence.
[gpu_amcl_cpp_node-5] [INFO] [1788254378.494417195] [gpu_amcl_cpp]: Global AMCL refining: cluster_weight=0.199, covariance xy=0.075 (max 0.250), yaw=0.002 (max 0.120).
[sensor_odometry_node-2] [INFO] [1788254378.894253298] [sensor_odometry]: Odometry: dl=0.000 dr=0.000 ds=0.000 wheel_speed=0.000 mapped=0.000 body_speed=0.000 speed=0.000 pose=(0.000, 0.000, 0.000) enc=(0.000, 0.000) wheel_slip=false confidence=1.00
[component_container-8] [WARN] [1788254378.895407071] [pure_pursuit_node]: No pose received on /ekf_pose yet
[gpu_amcl_cpp_node-5] [INFO] [1788254378.895455933] [gpu_amcl_cpp]: AMCL odom delta: at_scan=(0.000, 0.000, 0.000) baseline=(0.000, 0.000, 0.000) delta=(0.000, 0.000, 0.000) moved=false scan_age=0.000s
[gpu_amcl_cpp_node-5] [INFO] [1788254378.898823166] [gpu_amcl_cpp]: Global AMCL lock accepted at (10.330, -9.588, 2.922); continuing with local tracking.
[ekf_localization_node-6] [INFO] [1788254378.899091231] [ekf_localization]: EKF accepted AMCL map lock/relocalization
[ground_truth_amcl_monitor-7] [INFO] [1788254378.900342628] [ground_truth_amcl_monitor]: Ground-truth alignment initialized: map->world yaw=1.790, translation=(-6.307, -9.012)
[ground_truth_amcl_monitor-7] [INFO] [1788254379.103027972] [ground_truth_amcl_monitor]: AMCL vs GT: gt=(10.330, -9.588) amcl=(10.330, -9.588) error=0.000 m / 0.000 rad; odom=(10.330, -9.588, 2.922) error=0.000 m / 0.000 rad; ekf=(10.330, -9.588, 2.922) error=0.000 m / 0.000 rad; RMS=0.000 m / 0.000 rad max=0.000 m / 0.000 rad samples=1
[component_container-8] [INFO] [1788254379.510634040] [pure_pursuit_node]: Pure Pursuit: pose=(10.330, -9.588, 2.922) cte=0.393 closest=306 target=339 steer=0.003 speed=0.003
[gpu_amcl_cpp_node-5] [INFO] [1788254379.936322729] [gpu_amcl_cpp]: AMCL odom delta: at_scan=(0.000, 0.000, 0.000) baseline=(0.000, 0.000, 0.000) delta=(0.000, 0.000, 0.000) moved=false scan_age=0.001s
[gpu_amcl_cpp_node-5] [INFO] [1788254380.150851330] [gpu_amcl_cpp]: AMCL local correction: odom_prediction=(10.261, -9.573, 2.939) scan=(10.258, -9.570, 2.941) correction=0.004 m/0.002 rad cluster_weight=0.848 publish=true
[ground_truth_amcl_monitor-7] [INFO] [1788254380.152788849] [ground_truth_amcl_monitor]: AMCL vs GT: gt=(10.305, -9.582) amcl=(10.260, -9.572) error=0.046 m / 0.001 rad; odom=(10.261, -9.573, 2.939) error=0.045 m / 0.000 rad; ekf=(10.261, -9.573, 2.939) error=0.045 m / 0.000 rad; RMS=0.019 m / 0.000 rad max=0.046 m / 0.001 rad samples=6
[component_container-8] [INFO] [1788254380.580320609] [pure_pursuit_node]: Pure Pursuit: pose=(10.060, -9.561, -3.000) cte=0.352 closest=320 target=353 steer=0.011 speed=0.120
[sensor_odometry_node-2] [INFO] [1788254381.005921382] [sensor_odometry]: Odometry: dl=0.084 dr=0.084 ds=0.062 wheel_speed=0.389 mapped=0.385 body_speed=0.289 speed=0.289 pose=(0.328, 0.055, 0.362) enc=(6.038, 6.574) wheel_slip=false confidence=1.00
[gpu_amcl_cpp_node-5] [INFO] [1788254381.007701465] [gpu_amcl_cpp]: AMCL odom delta: at_scan=(0.328, 0.055, 0.362) baseline=(0.270, 0.033, 0.361) delta=(0.058, 0.022, 0.001) moved=true scan_age=0.001s
[gpu_amcl_cpp_node-5] [INFO] [1788254381.222324865] [gpu_amcl_cpp]: AMCL local correction: odom_prediction=(9.787, -9.606, -3.002) scan=(9.793, -9.603, -3.013) correction=0.007 m/0.012 rad cluster_weight=0.864 publish=true
[ground_truth_amcl_monitor-7] [INFO] [1788254381.224246605] [ground_truth_amcl_monitor]: AMCL vs GT: gt=(9.834, -9.608) amcl=(9.788, -9.605) error=0.046 m / 0.012 rad; odom=(9.789, -9.601, -2.993) error=0.046 m / 0.000 rad; ekf=(9.788, -9.602, -2.996) error=0.047 m / 0.003 rad; RMS=0.027 m / 0.005 rad max=0.052 m / 0.012 rad samples=11
[component_container-8] [INFO] [1788254381.638588250] [pure_pursuit_node]: Pure Pursuit: pose=(9.646, -9.623, -3.009) cte=0.190 closest=339 target=372 steer=-0.222 speed=0.120
[gpu_amcl_cpp_node-5] [INFO] [1788254382.054436412] [gpu_amcl_cpp]: AMCL odom delta: at_scan=(0.733, 0.209, 0.340) baseline=(0.659, 0.182, 0.370) delta=(0.073, 0.027, -0.030) moved=true scan_age=0.000s
[gpu_amcl_cpp_node-5] [INFO] [1788254382.263260879] [gpu_amcl_cpp]: AMCL local correction: odom_prediction=(9.409, -9.649, -3.138) scan=(9.417, -9.660, -3.129) correction=0.014 m/0.009 rad cluster_weight=0.846 publish=true
[ground_truth_amcl_monitor-7] [INFO] [1788254382.265137213] [ground_truth_amcl_monitor]: AMCL vs GT: gt=(9.212, -9.688) amcl=(9.411, -9.652) error=0.203 m / 0.009 rad; odom=(9.414, -9.642, -3.126) error=0.208 m / 0.000 rad; ekf=(9.412, -9.644, -3.131) error=0.205 m / 0.005 rad; RMS=0.119 m / 0.006 rad max=0.250 m / 0.012 rad samples=16
[component_container-8] [INFO] [1788254382.683537112] [pure_pursuit_node]: Pure Pursuit: pose=(9.334, -9.643, 3.051) cte=0.094 closest=354 target=387 steer=-0.131 speed=0.200
[sensor_odometry_node-2] [INFO] [1788254383.168091188] [sensor_odometry]: Odometry: dl=0.135 dr=0.136 ds=0.128 wheel_speed=0.497 mapped=0.492 body_speed=0.469 speed=0.469 pose=(1.086, 0.284, 0.124) enc=(21.788, 22.093) wheel_slip=false confidence=1.00
[gpu_amcl_cpp_node-5] [INFO] [1788254383.174977138] [gpu_amcl_cpp]: AMCL odom delta: at_scan=(1.086, 0.284, 0.124) baseline=(0.959, 0.267, 0.139) delta=(0.127, 0.017, -0.015) moved=true scan_age=0.002s
[gpu_amcl_cpp_node-5] [INFO] [1788254383.360243181] [gpu_amcl_cpp]: Received LiDAR callback #129 (1081 ranges).
[gpu_amcl_cpp_node-5] [INFO] [1788254383.360399285] [gpu_amcl_cpp]: Starting AMCL scan update #129 (sampled from 1081 ranges).
[gpu_amcl_cpp_node-5] [INFO] [1788254383.369338943] [gpu_amcl_cpp]: AMCL scan update #129 completed; evaluating pose confidence.
[gpu_amcl_cpp_node-5] [INFO] [1788254383.378176920] [gpu_amcl_cpp]: AMCL local correction: odom_prediction=(9.015, -9.617, 3.011) scan=(9.029, -9.617, 3.021) correction=0.015 m/0.010 rad cluster_weight=0.862 publish=true
[ground_truth_amcl_monitor-7] [INFO] [1788254383.385598940] [ground_truth_amcl_monitor]: AMCL vs GT: gt=(8.957, -9.672) amcl=(9.018, -9.617) error=0.082 m / 0.002 rad; odom=(9.019, -9.607, 3.015) error=0.090 m / 0.000 rad; ekf=(9.017, -9.612, 3.011) error=0.085 m / 0.004 rad; RMS=0.152 m / 0.006 rad max=0.273 m / 0.012 rad samples=21
[sensor_odometry_node-2] [INFO] [1788254383.602382298] [sensor_odometry]: Asymptotic passive coast: slip=-0.886 model=0.000 imu=1.060 fused=0.636 throttle=0.000
[component_container-8] [INFO] [1788254383.737007836] [pure_pursuit_node]: Pure Pursuit: pose=(8.795, -9.578, 2.949) cte=0.023 closest=381 target=417 steer=-0.112 speed=0.200
[gpu_amcl_cpp_node-5] [INFO] [1788254384.270714414] [gpu_amcl_cpp]: AMCL odom delta: at_scan=(1.749, 0.326, 0.030) baseline=(1.696, 0.324, 0.030) delta=(0.054, 0.002, 0.000) moved=true scan_age=0.001s
[gpu_amcl_cpp_node-5] [INFO] [1788254384.427770090] [gpu_amcl_cpp]: AMCL local correction: odom_prediction=(8.507, -9.518, 2.958) scan=(8.517, -9.516, 2.962) correction=0.010 m/0.003 rad cluster_weight=0.859 publish=true
[ground_truth_amcl_monitor-7] [INFO] [1788254384.432466005] [ground_truth_amcl_monitor]: AMCL vs GT: gt=(8.809, -9.648) amcl=(8.510, -9.517) error=0.327 m / 0.007 rad; odom=(8.504, -9.516, 2.952) error=0.333 m / 0.000 rad; ekf=(8.505, -9.521, 2.953) error=0.330 m / 0.000 rad; RMS=0.168 m / 0.006 rad max=0.327 m / 0.012 rad samples=27
[component_container-8] [INFO] [1788254384.738329923] [pure_pursuit_node]: Pure Pursuit: pose=(8.507, -9.519, 2.954) cte=0.009 closest=395 target=428 steer=-0.160 speed=0.200
[sensor_odometry_node-2] [INFO] [1788254385.219639567] [sensor_odometry]: Odometry: dl=0.064 dr=0.065 ds=0.114 wheel_speed=0.448 mapped=0.444 body_speed=0.790 speed=0.790 pose=(2.099, 0.328, -0.044) enc=(28.877, 29.207) wheel_slip=true confidence=0.00
[gpu_amcl_cpp_node-5] [INFO] [1788254385.368104031] [gpu_amcl_cpp]: AMCL odom delta: at_scan=(2.173, 0.324, -0.065) baseline=(2.099, 0.328, -0.044) delta=(0.074, -0.004, -0.021) moved=true scan_age=0.001s
[gpu_amcl_cpp_node-5] [INFO] [1788254385.556609756] [gpu_amcl_cpp]: AMCL local correction: odom_prediction=(8.105, -9.412, 2.869) scan=(8.109, -9.396, 2.881) correction=0.016 m/0.012 rad cluster_weight=0.854 publish=true
[ground_truth_amcl_monitor-7] [INFO] [1788254385.562946602] [ground_truth_amcl_monitor]: AMCL vs GT: gt=(8.604, -9.598) amcl=(8.106, -9.408) error=0.533 m / 0.016 rad; odom=(8.091, -9.417, 2.856) error=0.545 m / 0.000 rad; ekf=(8.099, -9.418, 2.862) error=0.536 m / 0.006 rad; RMS=0.246 m / 0.007 rad max=0.533 m / 0.016 rad samples=34
[component_container-8] [INFO] [1788254385.834835866] [pure_pursuit_node]: Pure Pursuit: pose=(8.078, -9.407, 2.865) cte=0.011 closest=418 target=451 steer=-0.065 speed=0.200
[gpu_amcl_cpp_node-5] [INFO] [1788254386.465127589] [gpu_amcl_cpp]: AMCL odom delta: at_scan=(2.509, 0.299, -0.095) baseline=(2.438, 0.305, -0.082) delta=(0.071, -0.006, -0.013) moved=true scan_age=0.002s
[gpu_amcl_cpp_node-5] [INFO] [1788254386.656688458] [gpu_amcl_cpp]: AMCL local correction: odom_prediction=(7.717, -9.289, 2.847) scan=(7.720, -9.284, 2.857) correction=0.006 m/0.011 rad cluster_weight=0.868 publish=true
[ground_truth_amcl_monitor-7] [INFO] [1788254386.663303899] [ground_truth_amcl_monitor]: AMCL vs GT: gt=(8.425, -9.543) amcl=(7.717, -9.287) error=0.753 m / 0.026 rad; odom=(7.700, -9.295, 2.824) error=0.766 m / 0.000 rad; ekf=(7.713, -9.292, 2.838) error=0.755 m / 0.015 rad; RMS=0.334 m / 0.010 rad max=0.753 m / 0.026 rad samples=40
[component_container-8] [INFO] [1788254387.064110368] [pure_pursuit_node]: Pure Pursuit: pose=(7.478, -9.217, 2.842) cte=0.043 closest=449 target=486 steer=0.030 speed=0.200
[sensor_odometry_node-2] [INFO] [1788254387.283806743] [sensor_odometry]: Odometry: dl=0.000 dr=0.000 ds=0.000 wheel_speed=0.000 mapped=0.000 body_speed=0.000 speed=0.000 pose=(2.874, 0.263, -0.099) enc=(32.277, 32.604) wheel_slip=false confidence=1.00
[gpu_amcl_cpp_node-5] [INFO] [1788254387.613108888] [gpu_amcl_cpp]: AMCL odom delta: at_scan=(2.932, 0.257, -0.098) baseline=(2.874, 0.263, -0.099) delta=(0.057, -0.006, 0.001) moved=true scan_age=0.001s
[gpu_amcl_cpp_node-5] [INFO] [1788254387.770592801] [gpu_amcl_cpp]: AMCL local correction: odom_prediction=(7.311, -9.167, 2.862) scan=(7.311, -9.171, 2.871) correction=0.004 m/0.009 rad cluster_weight=0.885 publish=true
[ground_truth_amcl_monitor-7] [INFO] [1788254387.776884793] [ground_truth_amcl_monitor]: AMCL vs GT: gt=(8.369, -9.524) amcl=(7.311, -9.168) error=1.116 m / 0.036 rad; odom=(7.296, -9.163, 2.828) error=1.132 m / 0.000 rad; ekf=(7.309, -9.166, 2.853) error=1.119 m / 0.025 rad; RMS=0.478 m / 0.015 rad max=1.116 m / 0.036 rad samples=46
[component_container-8] [INFO] [1788254388.081293820] [pure_pursuit_node]: Pure Pursuit: pose=(7.115, -9.112, 2.866) cte=0.052 closest=468 target=504 steer=0.017 speed=0.200
[gpu_amcl_cpp_node-5] [INFO] [1788254388.360701305] [gpu_amcl_cpp]: Received LiDAR callback #157 (1081 ranges).
[gpu_amcl_cpp_node-5] [INFO] [1788254388.662124378] [gpu_amcl_cpp]: AMCL odom delta: at_scan=(3.300, 0.224, -0.084) baseline=(3.254, 0.228, -0.085) delta=(0.046, -0.004, 0.001) moved=true scan_age=0.002s
[gpu_amcl_cpp_node-5] [INFO] [1788254388.662345635] [gpu_amcl_cpp]: Starting AMCL scan update #159 (sampled from 1081 ranges).
[gpu_amcl_cpp_node-5] [INFO] [1788254388.664099598] [gpu_amcl_cpp]: AMCL scan update #159 completed; evaluating pose confidence.
[gpu_amcl_cpp_node-5] [INFO] [1788254388.866641000] [gpu_amcl_cpp]: AMCL local correction: odom_prediction=(6.937, -9.069, 2.880) scan=(6.950, -9.076, 2.884) correction=0.015 m/0.004 rad cluster_weight=0.883 publish=true
[ground_truth_amcl_monitor-7] [INFO] [1788254388.875923865] [ground_truth_amcl_monitor]: AMCL vs GT: gt=(8.182, -9.465) amcl=(6.940, -9.070) error=1.303 m / 0.041 rad; odom=(6.921, -9.044, 2.839) error=1.329 m / 0.000 rad; ekf=(6.935, -9.066, 2.873) error=1.309 m / 0.034 rad; RMS=0.605 m / 0.019 rad max=1.303 m / 0.041 rad samples=52
[component_container-8] [INFO] [1788254389.224434200] [pure_pursuit_node]: Pure Pursuit: pose=(6.751, -9.018, 2.880) cte=0.049 closest=487 target=524 steer=0.006 speed=0.200
[sensor_odometry_node-2] [INFO] [1788254389.364586277] [sensor_odometry]: Odometry: dl=0.000 dr=0.000 ds=0.077 wheel_speed=0.000 mapped=0.000 body_speed=0.539 speed=0.539 pose=(3.711, 0.190, -0.079) enc=(41.122, 41.449) wheel_slip=true confidence=1.00
[gpu_amcl_cpp_node-5] [INFO] [1788254389.664513132] [gpu_amcl_cpp]: AMCL odom delta: at_scan=(3.855, 0.179, -0.079) baseline=(3.784, 0.184, -0.079) delta=(0.070, -0.006, 0.000) moved=true scan_age=0.001s
[ground_truth_amcl_monitor-7] [INFO] [1788254389.956514128] [ground_truth_amcl_monitor]: AMCL vs GT: gt=(8.065, -9.428) amcl=(6.482, -8.960) error=1.651 m / 0.042 rad; odom=(6.462, -8.903, 2.843) error=1.686 m / 0.000 rad; ekf=(6.479, -8.953, 2.883) error=1.655 m / 0.040 rad; RMS=0.770 m / 0.023 rad max=1.651 m / 0.043 rad samples=59
[component_container-8] [INFO] [1788254390.255747946] [pure_pursuit_node]: Pure Pursuit: pose=(6.438, -8.944, 2.884) cte=0.039 closest=503 target=538 steer=-0.006 speed=0.200
[gpu_amcl_cpp_node-5] [INFO] [1788254390.258806197] [gpu_amcl_cpp]: AMCL local correction: odom_prediction=(6.441, -8.949, 2.885) scan=(6.436, -8.955, 2.881) correction=0.008 m/0.004 rad cluster_weight=0.896 publish=true
[gpu_amcl_cpp_node-5] [INFO] [1788254390.779429389] [gpu_amcl_cpp]: AMCL odom delta: at_scan=(4.282, 0.145, -0.080) baseline=(4.241, 0.148, -0.080) delta=(0.040, -0.003, -0.000) moved=true scan_age=0.001s
[ground_truth_amcl_monitor-7] [INFO] [1788254391.033041276] [ground_truth_amcl_monitor]: AMCL vs GT: gt=(7.849, -9.362) amcl=(6.119, -8.874) error=1.797 m / 0.038 rad; odom=(6.075, -8.783, 2.842) error=1.865 m / 0.000 rad; ekf=(6.095, -8.861, 2.882) error=1.824 m / 0.040 rad; RMS=0.942 m / 0.026 rad max=1.797 m / 0.043 rad samples=67
[component_container-8] [INFO] [1788254391.283012846] [pure_pursuit_node]: Pure Pursuit: pose=(5.960, -8.828, 2.880) cte=0.025 closest=527 target=566 steer=-0.015 speed=0.200
[gpu_amcl_cpp_node-5] [INFO] [1788254391.285966409] [gpu_amcl_cpp]: AMCL local correction: odom_prediction=(5.966, -8.833, 2.879) scan=(5.959, -8.838, 2.873) correction=0.009 m/0.006 rad cluster_weight=0.903 publish=true
[sensor_odometry_node-2] [INFO] [1788254391.404151339] [sensor_odometry]: Odometry: dl=0.055 dr=0.054 ds=0.105 wheel_speed=0.441 mapped=0.437 body_speed=0.846 speed=0.846 pose=(4.576, 0.121, -0.084) enc=(47.225, 47.546) wheel_slip=true confidence=0.00
[sensor_odometry_node-2] [INFO] [1788254391.523962973] [sensor_odometry]: Asymptotic passive coast: slip=-1.000 model=0.204 imu=0.867 fused=0.601 throttle=0.000
[gpu_amcl_cpp_node-5] [INFO] [1788254391.823875480] [gpu_amcl_cpp]: AMCL odom delta: at_scan=(4.804, 0.102, -0.085) baseline=(4.648, 0.115, -0.085) delta=(0.156, -0.013, 0.000) moved=true scan_age=0.002s
[ground_truth_amcl_monitor-7] [INFO] [1788254392.197559361] [ground_truth_amcl_monitor]: AMCL vs GT: gt=(7.738, -9.327) amcl=(5.457, -8.708) error=2.364 m / 0.029 rad; odom=(5.428, -8.581, 2.837) error=2.428 m / 0.000 rad; ekf=(5.453, -8.698, 2.874) error=2.371 m / 0.037 rad; RMS=1.102 m / 0.027 rad max=2.364 m / 0.043 rad samples=74
[component_container-8] [INFO] [1788254392.358643746] [pure_pursuit_node]: Pure Pursuit: pose=(5.454, -8.701, 2.873) cte=0.012 closest=553 target=586 steer=-0.038 speed=0.200
[gpu_amcl_cpp_node-5] [INFO] [1788254392.784550442] [gpu_amcl_cpp]: AMCL local correction: odom_prediction=(5.384, -8.687, 2.865) scan=(5.387, -8.712, 2.856) correction=0.025 m/0.009 rad cluster_weight=0.902 publish=true
[gpu_amcl_cpp_node-5] [INFO] [1788254392.967328327] [gpu_amcl_cpp]: AMCL odom delta: at_scan=(5.287, 0.060, -0.093) baseline=(5.080, 0.078, -0.086) delta=(0.207, -0.019, -0.007) moved=true scan_age=0.001s
[ground_truth_amcl_monitor-7] [INFO] [1788254393.257757231] [ground_truth_amcl_monitor]: AMCL vs GT: gt=(7.507, -9.251) amcl=(4.952, -8.572) error=2.643 m / 0.021 rad; odom=(4.921, -8.416, 2.811) error=2.717 m / 0.000 rad; ekf=(4.946, -8.561, 2.841) error=2.652 m / 0.030 rad; RMS=1.262 m / 0.027 rad max=2.643 m / 0.043 rad samples=80
[gpu_amcl_cpp_node-5] [INFO] [1788254393.384942464] [gpu_amcl_cpp]: Received LiDAR callback #189 (1081 ranges).
[component_container-8] [INFO] [1788254393.384933948] [pure_pursuit_node]: Pure Pursuit: pose=(4.872, -8.540, 2.838) cte=0.002 closest=584 target=621 steer=-0.013 speed=0.200
[sensor_odometry_node-2] [INFO] [1788254393.507539995] [sensor_odometry]: Odometry: dl=0.000 dr=0.000 ds=0.059 wheel_speed=0.000 mapped=0.000 body_speed=0.469 speed=0.469 pose=(5.670, 0.019, -0.113) enc=(52.007, 52.330) wheel_slip=true confidence=1.00
[gpu_amcl_cpp_node-5] [INFO] [1788254393.753061343] [gpu_amcl_cpp]: Starting AMCL scan update #192 (sampled from 1081 ranges).
[gpu_amcl_cpp_node-5] [INFO] [1788254393.754575425] [gpu_amcl_cpp]: AMCL scan update #192 completed; evaluating pose confidence.
[gpu_amcl_cpp_node-5] [INFO] [1788254393.873272770] [gpu_amcl_cpp]: AMCL local correction: odom_prediction=(4.692, -8.498, 2.825) scan=(4.686, -8.507, 2.821) correction=0.011 m/0.004 rad cluster_weight=0.911 publish=true
[gpu_amcl_cpp_node-5] [INFO] [1788254394.081650765] [gpu_amcl_cpp]: AMCL odom delta: at_scan=(5.802, 0.004, -0.113) baseline=(5.802, 0.004, -0.113) delta=(0.000, 0.000, 0.000) moved=false scan_age=0.001s
[ground_truth_amcl_monitor-7] [INFO] [1788254394.295517448] [ground_truth_amcl_monitor]: AMCL vs GT: gt=(7.494, -9.247) amcl=(4.691, -8.500) error=2.901 m / 0.015 rad; odom=(4.667, -8.329, 2.809) error=2.972 m / 0.000 rad; ekf=(4.692, -8.495, 2.831) error=2.901 m / 0.021 rad; RMS=1.453 m / 0.026 rad max=2.901 m / 0.043 rad samples=87
[component_container-8] [INFO] [1788254394.509936031] [pure_pursuit_node]: Pure Pursuit: pose=(4.579, -8.460, 2.828) cte=-0.005 closest=599 target=636 steer=-0.013 speed=0.200
[sensor_odometry_node-2] [INFO] [1788254394.947240996] [sensor_odometry]: Asymptotic passive coast: slip=-1.000 model=0.000 imu=0.977 fused=0.586 throttle=0.000
[gpu_amcl_cpp_node-5] [INFO] [1788254394.951682582] [gpu_amcl_cpp]: AMCL local correction: odom_prediction=(4.258, -8.356, 2.800) scan=(4.261, -8.347, 2.800) correction=0.009 m/0.000 rad cluster_weight=0.887 publish=true
[gpu_amcl_cpp_node-5] [INFO] [1788254395.176031179] [gpu_amcl_cpp]: AMCL odom delta: at_scan=(6.382, -0.070, -0.137) baseline=(6.256, -0.052, -0.136) delta=(0.126, -0.017, -0.000) moved=true scan_age=0.001s
[ground_truth_amcl_monitor-7] [INFO] [1788254395.305598508] [ground_truth_amcl_monitor]: AMCL vs GT: gt=(7.121, -9.112) amcl=(4.073, -8.289) error=3.157 m / 0.016 rad; odom=(4.053, -8.107, 2.785) error=3.228 m / 0.000 rad; ekf=(4.073, -8.288, 2.803) error=3.157 m / 0.017 rad; RMS=1.603 m / 0.025 rad max=3.157 m / 0.043 rad samples=93
[sensor_odometry_node-2] [INFO] [1788254395.539923156] [sensor_odometry]: Odometry: dl=0.000 dr=0.000 ds=0.000 wheel_speed=0.000 mapped=0.000 body_speed=0.000 speed=0.000 pose=(6.514, -0.088, -0.137) enc=(58.790, 59.101) wheel_slip=true confidence=0.00
[component_container-8] [INFO] [1788254395.543242097] [pure_pursuit_node]: Pure Pursuit: pose=(4.011, -8.267, 2.802) cte=0.011 closest=629 target=662 steer=0.029 speed=0.200
[gpu_amcl_cpp_node-5] [INFO] [1788254396.053945493] [gpu_amcl_cpp]: AMCL local correction: odom_prediction=(3.774, -8.189, 2.813) scan=(3.787, -8.197, 2.814) correction=0.016 m/0.001 rad cluster_weight=0.891 publish=true
[gpu_amcl_cpp_node-5] [INFO] [1788254396.177915440] [gpu_amcl_cpp]: AMCL odom delta: at_scan=(6.810, -0.127, -0.118) baseline=(6.764, -0.121, -0.125) delta=(0.047, -0.006, 0.006) moved=true scan_age=0.001s
[ground_truth_amcl_monitor-7] [INFO] [1788254396.309983970] [ground_truth_amcl_monitor]: AMCL vs GT: gt=(6.911, -9.036) amcl=(3.707, -8.170) error=3.319 m / 0.016 rad; odom=(3.686, -7.973, 2.805) error=3.396 m / 0.000 rad; ekf=(3.705, -8.164, 2.822) error=3.323 m / 0.016 rad; RMS=1.793 m / 0.025 rad max=3.336 m / 0.043 rad samples=101
[component_container-8] [INFO] [1788254396.560608188] [pure_pursuit_node]: Pure Pursuit: pose=(3.684, -8.159, 2.822) cte=0.015 closest=646 target=680 steer=0.010 speed=0.200
[gpu_amcl_cpp_node-5] [INFO] [1788254397.205554701] [gpu_amcl_cpp]: AMCL odom delta: at_scan=(7.063, -0.156, -0.111) baseline=(7.063, -0.156, -0.111) delta=(0.000, 0.000, -0.000) moved=false scan_age=0.000s
[gpu_amcl_cpp_node-5] [INFO] [1788254397.322757240] [gpu_amcl_cpp]: AMCL local correction: odom_prediction=(3.430, -8.078, 2.828) scan=(3.422, -8.074, 2.826) correction=0.009 m/0.001 rad cluster_weight=0.909 publish=true
[ground_truth_amcl_monitor-7] [INFO] [1788254397.325301563] [ground_truth_amcl_monitor]: AMCL vs GT: gt=(6.698, -8.963) amcl=(3.428, -8.077) error=3.388 m / 0.017 rad; odom=(3.409, -7.877, 2.811) error=3.464 m / 0.000 rad; ekf=(3.429, -8.077, 2.827) error=3.387 m / 0.017 rad; RMS=1.952 m / 0.024 rad max=3.394 m / 0.043 rad samples=109
[sensor_odometry_node-2] [INFO] [1788254397.761636891] [sensor_odometry]: Odometry: dl=0.126 dr=0.126 ds=0.135 wheel_speed=0.561 mapped=0.556 body_speed=0.604 speed=0.604 pose=(7.450, -0.200, -0.114) enc=(75.657, 75.964) wheel_slip=false confidence=1.00
[component_container-8] [INFO] [1788254397.763537040] [pure_pursuit_node]: Pure Pursuit: pose=(3.119, -7.976, 2.825) cte=0.011 closest=676 target=713 steer=-0.012 speed=0.200
[gpu_amcl_cpp_node-5] [INFO] [1788254398.248263967] [gpu_amcl_cpp]: AMCL odom delta: at_scan=(7.735, -0.233, -0.115) baseline=(7.671, -0.225, -0.115) delta=(0.065, -0.008, 0.000) moved=true scan_age=0.001s
[gpu_amcl_cpp_node-5] [INFO] [1788254398.378111184] [gpu_amcl_cpp]: AMCL local correction: odom_prediction=(2.790, -7.861, 2.829) scan=(2.800, -7.869, 2.828) correction=0.013 m/0.001 rad cluster_weight=0.891 publish=true
[ground_truth_amcl_monitor-7] [INFO] [1788254398.381702087] [ground_truth_amcl_monitor]: AMCL vs GT: gt=(6.264, -8.813) amcl=(2.792, -7.863) error=3.600 m / 0.021 rad; odom=(2.768, -7.655, 2.807) error=3.683 m / 0.000 rad; ekf=(2.786, -7.863, 2.825) error=3.605 m / 0.018 rad; RMS=2.071 m / 0.024 rad max=3.600 m / 0.043 rad samples=116
[gpu_amcl_cpp_node-5] [INFO] [1788254398.508279986] [gpu_amcl_cpp]: Received LiDAR callback #225 (1081 ranges).
[component_container-8] [INFO] [1788254398.777571195] [pure_pursuit_node]: Pure Pursuit: pose=(2.723, -7.841, 2.826) cte=0.009 closest=697 target=730 steer=-0.029 speed=0.200
[gpu_amcl_cpp_node-5] [INFO] [1788254398.905879422] [gpu_amcl_cpp]: Starting AMCL scan update #228 (sampled from 1081 ranges).
[gpu_amcl_cpp_node-5] [INFO] [1788254398.907438669] [gpu_amcl_cpp]: AMCL scan update #228 completed; evaluating pose confidence.
[gpu_amcl_cpp_node-5] [INFO] [1788254399.270241994] [gpu_amcl_cpp]: AMCL odom delta: at_scan=(8.161, -0.283, -0.131) baseline=(8.116, -0.277, -0.125) delta=(0.045, -0.006, -0.005) moved=true scan_age=0.001s
[gpu_amcl_cpp_node-5] [INFO] [1788254399.401385462] [gpu_amcl_cpp]: AMCL local correction: odom_prediction=(2.427, -7.742, 2.813) scan=(2.429, -7.736, 2.811) correction=0.007 m/0.002 rad cluster_weight=0.879 publish=true
[ground_truth_amcl_monitor-7] [INFO] [1788254399.404276217] [ground_truth_amcl_monitor]: AMCL vs GT: gt=(6.094, -8.752) amcl=(2.427, -7.741) error=3.804 m / 0.022 rad; odom=(2.401, -7.525, 2.791) error=3.892 m / 0.000 rad; ekf=(2.422, -7.740, 2.812) error=3.809 m / 0.021 rad; RMS=2.217 m / 0.024 rad max=3.804 m / 0.043 rad samples=124
[sensor_odometry_node-2] [INFO] [1788254399.889763086] [sensor_odometry]: Odometry: dl=0.130 dr=0.131 ds=0.103 wheel_speed=1.007 mapped=0.997 body_speed=0.796 speed=0.796 pose=(8.355, -0.310, -0.143) enc=(83.049, 83.360) wheel_slip=true confidence=1.00
[component_container-8] [INFO] [1788254399.892401465] [pure_pursuit_node]: Pure Pursuit: pose=(2.267, -7.686, 2.800) cte=0.000 closest=721 target=760 steer=-0.031 speed=0.200
[gpu_amcl_cpp_node-5] [INFO] [1788254400.285526814] [gpu_amcl_cpp]: AMCL odom delta: at_scan=(8.407, -0.318, -0.151) baseline=(8.382, -0.314, -0.149) delta=(0.025, -0.004, -0.002) moved=true scan_age=0.001s
[gpu_amcl_cpp_node-5] [INFO] [1788254400.417933361] [gpu_amcl_cpp]: AMCL local correction: odom_prediction=(2.165, -7.643, 2.794) scan=(2.176, -7.642, 2.799) correction=0.012 m/0.005 rad cluster_weight=0.893 publish=true
[ground_truth_amcl_monitor-7] [INFO] [1788254400.422659152] [ground_truth_amcl_monitor]: AMCL vs GT: gt=(5.909, -8.682) amcl=(2.168, -7.643) error=3.883 m / 0.027 rad; odom=(2.134, -7.424, 2.768) error=3.979 m / 0.000 rad; ekf=(2.161, -7.645, 2.792) error=3.889 m / 0.023 rad; RMS=2.347 m / 0.024 rad max=3.883 m / 0.043 rad samples=132
[component_container-8] [INFO] [1788254400.924311920] [pure_pursuit_node]: Pure Pursuit: pose=(2.035, -7.596, 2.781) cte=0.002 closest=733 target=766 steer=-0.020 speed=0.200
[gpu_amcl_cpp_node-5] [INFO] [1788254401.487778098] [gpu_amcl_cpp]: AMCL odom delta: at_scan=(9.029, -0.424, -0.193) baseline=(8.908, -0.402, -0.180) delta=(0.121, -0.023, -0.013) moved=true scan_age=0.000s
[gpu_amcl_cpp_node-5] [INFO] [1788254401.490734246] [gpu_amcl_cpp]: AMCL local correction: odom_prediction=(1.648, -7.442, 2.759) scan=(1.660, -7.436, 2.763) correction=0.014 m/0.004 rad cluster_weight=0.876 publish=true
[ground_truth_amcl_monitor-7] [INFO] [1788254401.492956782] [ground_truth_amcl_monitor]: AMCL vs GT: gt=(5.381, -8.462) amcl=(1.651, -7.440) error=3.867 m / 0.031 rad; odom=(1.611, -7.208, 2.729) error=3.973 m / 0.000 rad; ekf=(1.641, -7.442, 2.756) error=3.876 m / 0.027 rad; RMS=2.450 m / 0.024 rad max=3.968 m / 0.043 rad samples=139
[sensor_odometry_node-2] [INFO] [1788254402.048747281] [sensor_odometry]: Odometry: dl=0.000 dr=0.000 ds=0.066 wheel_speed=0.000 mapped=0.000 body_speed=0.295 speed=0.295 pose=(9.216, -0.461, -0.196) enc=(95.266, 95.547) wheel_slip=true confidence=1.00
[component_container-8] [INFO] [1788254402.049991836] [pure_pursuit_node]: Pure Pursuit: pose=(1.470, -7.369, 2.754) cte=0.003 closest=764 target=799 steer=0.013 speed=0.200
[gpu_amcl_cpp_node-5] [INFO] [1788254402.688928577] [gpu_amcl_cpp]: AMCL odom delta: at_scan=(9.272, -0.472, -0.195) baseline=(9.272, -0.472, -0.196) delta=(0.000, 0.000, 0.000) moved=false scan_age=0.000s
[ground_truth_amcl_monitor-7] [INFO] [1788254402.690680086] [ground_truth_amcl_monitor]: AMCL vs GT: gt=(5.338, -8.444) amcl=(1.433, -7.351) error=4.055 m / 0.031 rad; odom=(1.384, -7.108, 2.727) error=4.174 m / 0.000 rad; ekf=(1.427, -7.349, 2.756) error=4.062 m / 0.030 rad; RMS=2.533 m / 0.025 rad max=4.062 m / 0.043 rad samples=145
[gpu_amcl_cpp_node-5] [INFO] [1788254402.909955286] [gpu_amcl_cpp]: AMCL local correction: odom_prediction=(1.313, -7.302, 2.760) scan=(1.334, -7.313, 2.760) correction=0.023 m/0.001 rad cluster_weight=0.871 publish=true
[component_container-8] [INFO] [1788254403.121632644] [pure_pursuit_node]: Pure Pursuit: pose=(1.077, -7.210, 2.770) cte=-0.004 closest=785 target=826 steer=-0.015 speed=0.200
[gpu_amcl_cpp_node-5] [INFO] [1788254403.556382565] [gpu_amcl_cpp]: Received LiDAR callback #257 (1081 ranges).
[gpu_amcl_cpp_node-5] [INFO] [1788254403.776493479] [gpu_amcl_cpp]: AMCL odom delta: at_scan=(9.890, -0.587, -0.170) baseline=(9.844, -0.579, -0.170) delta=(0.046, -0.008, 0.000) moved=true scan_age=0.000s
[ground_truth_amcl_monitor-7] [INFO] [1788254403.781364825] [ground_truth_amcl_monitor]: AMCL vs GT: gt=(4.786, -8.210) amcl=(0.863, -7.129) error=4.070 m / 0.022 rad; odom=(0.805, -6.861, 2.752) error=4.204 m / 0.000 rad; ekf=(0.851, -7.124, 2.781) error=4.083 m / 0.029 rad; RMS=2.600 m / 0.025 rad max=4.163 m / 0.043 rad samples=150
[gpu_amcl_cpp_node-5] [INFO] [1788254403.994715535] [gpu_amcl_cpp]: Starting AMCL scan update #259 (sampled from 1081 ranges).
[gpu_amcl_cpp_node-5] [INFO] [1788254403.996240598] [gpu_amcl_cpp]: AMCL scan update #259 completed; evaluating pose confidence.
[gpu_amcl_cpp_node-5] [INFO] [1788254403.997632439] [gpu_amcl_cpp]: AMCL local correction: odom_prediction=(0.832, -7.117, 2.774) scan=(0.846, -7.119, 2.765) correction=0.014 m/0.008 rad cluster_weight=0.868 publish=true
[sensor_odometry_node-2] [INFO] [1788254404.211181433] [sensor_odometry]: Odometry: dl=0.036 dr=0.036 ds=0.036 wheel_speed=0.166 mapped=0.164 body_speed=0.166 speed=0.166 pose=(9.958, -0.599, -0.174) enc=(105.832, 106.127) wheel_slip=false confidence=1.00
[component_container-8] [INFO] [1788254404.213268424] [pure_pursuit_node]: Pure Pursuit: pose=(0.793, -7.101, 2.774) cte=-0.022 closest=800 target=834 steer=-0.039 speed=0.200
[gpu_amcl_cpp_node-5] [INFO] [1788254405.005491901] [gpu_amcl_cpp]: AMCL odom delta: at_scan=(10.262, -0.660, -0.216) baseline=(10.209, -0.648, -0.212) delta=(0.054, -0.012, -0.003) moved=true scan_age=0.000s
[gpu_amcl_cpp_node-5] [INFO] [1788254405.008429053] [gpu_amcl_cpp]: AMCL local correction: odom_prediction=(0.532, -6.991, 2.711) scan=(0.542, -7.005, 2.691) correction=0.017 m/0.020 rad cluster_weight=0.863 publish=true
[ground_truth_amcl_monitor-7] [INFO] [1788254405.010781343] [ground_truth_amcl_monitor]: AMCL vs GT: gt=(4.467, -8.070) amcl=(0.535, -6.994) error=4.077 m / 0.000 rad; odom=(0.458, -6.709, 2.707) error=4.234 m / 0.000 rad; ekf=(0.519, -6.986, 2.724) error=4.095 m / 0.017 rad; RMS=2.672 m / 0.024 rad max=4.163 m / 0.043 rad samples=156
[component_container-8] [INFO] [1788254405.247210383] [pure_pursuit_node]: Pure Pursuit: pose=(0.472, -6.965, 2.718) cte=-0.035 closest=817 target=852 steer=-0.014 speed=0.200
[gpu_amcl_cpp_node-5] [INFO] [1788254406.097237406] [gpu_amcl_cpp]: AMCL odom delta: at_scan=(10.536, -0.720, -0.222) baseline=(10.493, -0.711, -0.220) delta=(0.043, -0.010, -0.002) moved=true scan_age=0.001s
[gpu_amcl_cpp_node-5] [INFO] [1788254406.100253708] [gpu_amcl_cpp]: AMCL local correction: odom_prediction=(0.297, -6.888, 2.675) scan=(0.313, -6.901, 2.657) correction=0.021 m/0.018 rad cluster_weight=0.854 publish=true
[ground_truth_amcl_monitor-7] [INFO] [1788254406.103712843] [ground_truth_amcl_monitor]: AMCL vs GT: gt=(4.256, -7.971) amcl=(0.301, -6.892) error=4.100 m / 0.030 rad; odom=(0.204, -6.591, 2.700) error=4.281 m / 0.000 rad; ekf=(0.289, -6.883, 2.694) error=4.114 m / 0.007 rad; RMS=2.761 m / 0.024 rad max=4.163 m / 0.043 rad samples=164
[sensor_odometry_node-2] [INFO] [1788254406.220049080] [sensor_odometry]: Odometry: dl=0.000 dr=0.000 ds=0.000 wheel_speed=0.000 mapped=0.000 body_speed=0.000 speed=0.000 pose=(10.536, -0.720, -0.223) enc=(115.002, 115.208) wheel_slip=false confidence=1.00
[component_container-8] [INFO] [1788254406.342466962] [pure_pursuit_node]: Pure Pursuit: pose=(0.292, -6.885, 2.686) cte=-0.042 closest=827 target=860 steer=0.013 speed=0.200
[gpu_amcl_cpp_node-5] [INFO] [1788254407.125294169] [gpu_amcl_cpp]: AMCL odom delta: at_scan=(10.829, -0.786, -0.216) baseline=(10.829, -0.786, -0.216) delta=(0.000, 0.000, -0.000) moved=false scan_age=0.001s
[ground_truth_amcl_monitor-7] [INFO] [1788254407.128367588] [ground_truth_amcl_monitor]: AMCL vs GT: gt=(4.035, -7.868) amcl=(0.051, -6.771) error=4.132 m / 0.057 rad; odom=(-0.067, -6.463, 2.706) error=4.336 m / 0.000 rad; ekf=(0.037, -6.758, 2.673) error=4.150 m / 0.033 rad; RMS=2.839 m / 0.026 rad max=4.196 m / 0.057 rad samples=172
[gpu_amcl_cpp_node-5] [INFO] [1788254407.261734363] [gpu_amcl_cpp]: AMCL local correction: odom_prediction=(-0.019, -6.733, 2.650) scan=(-0.001, -6.747, 2.616) correction=0.023 m/0.034 rad cluster_weight=0.869 publish=true
[component_container-8] [INFO] [1788254407.410228552] [pure_pursuit_node]: Pure Pursuit: pose=(-0.143, -6.667, 2.671) cte=-0.049 closest=851 target=890 steer=-0.010 speed=0.200
[gpu_amcl_cpp_node-5] [INFO] [1788254408.222189885] [gpu_amcl_cpp]: AMCL odom delta: at_scan=(11.314, -0.889, -0.201) baseline=(11.127, -0.850, -0.206) delta=(0.187, -0.039, 0.005) moved=true scan_age=0.001s
[ground_truth_amcl_monitor-7] [INFO] [1788254408.228851793] [ground_truth_amcl_monitor]: AMCL vs GT: gt=(3.652, -7.693) amcl=(-0.356, -6.550) error=4.168 m / 0.120 rad; odom=(-0.519, -6.257, 2.721) error=4.411 m / 0.000 rad; ekf=(-0.369, -6.544, 2.647) error=4.182 m / 0.074 rad; RMS=2.909 m / 0.032 rad max=4.196 m / 0.120 rad samples=180
[sensor_odometry_node-2] [INFO] [1788254408.361645278] [sensor_odometry]: Odometry: dl=0.019 dr=0.019 ds=0.000 wheel_speed=0.134 mapped=0.133 body_speed=0.000 speed=0.000 pose=(11.314, -0.889, -0.200) enc=(130.245, 130.455) wheel_slip=false confidence=1.00
[component_container-8] [INFO] [1788254408.513068894] [pure_pursuit_node]: Pure Pursuit: pose=(-0.365, -6.544, 2.635) cte=-0.051 closest=864 target=897 steer=0.020 speed=0.200
[gpu_amcl_cpp_node-5] [INFO] [1788254408.659338833] [gpu_amcl_cpp]: Received LiDAR callback #291 (1081 ranges).
[gpu_amcl_cpp_node-5] [INFO] [1788254408.662501611] [gpu_amcl_cpp]: AMCL local correction: odom_prediction=(-0.396, -6.526, 2.602) scan=(-0.366, -6.550, 2.550) correction=0.039 m/0.052 rad cluster_weight=0.867 publish=true
[gpu_amcl_cpp_node-5] [INFO] [1788254409.252124664] [gpu_amcl_cpp]: AMCL odom delta: at_scan=(11.575, -0.942, -0.194) baseline=(11.575, -0.942, -0.194) delta=(0.000, 0.000, 0.000) moved=false scan_age=0.001s
[ground_truth_amcl_monitor-7] [INFO] [1788254409.255058530] [ground_truth_amcl_monitor]: AMCL vs GT: gt=(3.420, -7.591) amcl=(-0.564, -6.422) error=4.152 m / 0.162 rad; odom=(-0.762, -6.149, 2.728) error=4.424 m / 0.000 rad; ekf=(-0.584, -6.412, 2.609) error=4.174 m / 0.119 rad; RMS=2.965 m / 0.042 rad max=4.213 m / 0.162 rad samples=187
[gpu_amcl_cpp_node-5] [INFO] [1788254409.384733261] [gpu_amcl_cpp]: Starting AMCL scan update #296 (sampled from 1081 ranges).
[gpu_amcl_cpp_node-5] [INFO] [1788254409.386389260] [gpu_amcl_cpp]: AMCL scan update #296 completed; evaluating pose confidence.
[component_container-8] [INFO] [1788254409.525908123] [pure_pursuit_node]: Pure Pursuit: pose=(-0.816, -6.269, 2.597) cte=-0.048 closest=890 target=934 steer=-0.040 speed=0.200
[gpu_amcl_cpp_node-5] [INFO] [1788254409.671517057] [gpu_amcl_cpp]: AMCL local correction: odom_prediction=(-0.873, -6.214, 2.539) scan=(-0.844, -6.234, 2.462) correction=0.035 m/0.077 rad cluster_weight=0.877 publish=true
[gpu_amcl_cpp_node-5] [INFO] [1788254410.334338774] [gpu_amcl_cpp]: AMCL odom delta: at_scan=(12.224, -1.067, -0.186) baseline=(12.126, -1.048, -0.188) delta=(0.097, -0.018, 0.002) moved=true scan_age=0.001s
[ground_truth_amcl_monitor-7] [INFO] [1788254410.341085482] [ground_truth_amcl_monitor]: AMCL vs GT: gt=(3.139, -7.469) amcl=(-1.071, -6.067) error=4.437 m / 0.276 rad; odom=(-1.368, -5.885, 2.736) error=4.777 m / 0.000 rad; ekf=(-1.112, -6.054, 2.548) error=4.480 m / 0.188 rad; RMS=3.034 m / 0.061 rad max=4.440 m / 0.276 rad samples=195
[sensor_odometry_node-2] [INFO] [1788254410.463994249] [sensor_odometry]: Odometry: dl=0.000 dr=0.000 ds=0.000 wheel_speed=0.000 mapped=0.000 body_speed=0.000 speed=0.000 pose=(12.224, -1.067, -0.186) enc=(149.766, 149.972) wheel_slip=false confidence=1.00
[component_container-8] [INFO] [1788254410.607154130] [pure_pursuit_node]: Pure Pursuit: pose=(-1.102, -6.052, 2.524) cte=-0.029 closest=908 target=941 steer=0.021 speed=0.200
[gpu_amcl_cpp_node-5] [INFO] [1788254410.770256233] [gpu_amcl_cpp]: AMCL local correction: odom_prediction=(-1.105, -6.039, 2.459) scan=(-1.075, -6.053, 2.370) correction=0.033 m/0.089 rad cluster_weight=0.884 publish=true
[gpu_amcl_cpp_node-5] [INFO] [1788254411.398310163] [gpu_amcl_cpp]: AMCL odom delta: at_scan=(12.597, -1.136, -0.180) baseline=(12.545, -1.127, -0.180) delta=(0.051, -0.009, 0.000) moved=true scan_age=0.001s
[ground_truth_amcl_monitor-7] [INFO] [1788254411.404953396] [ground_truth_amcl_monitor]: AMCL vs GT: gt=(2.922, -7.377) amcl=(-1.323, -5.843) error=4.514 m / 0.390 rad; odom=(-1.717, -5.736, 2.742) error=4.921 m / 0.000 rad; ekf=(-1.374, -5.822, 2.467) error=4.569 m / 0.275 rad; RMS=3.093 m / 0.086 rad max=4.514 m / 0.390 rad samples=202
[component_container-8] [INFO] [1788254411.672963210] [pure_pursuit_node]: Pure Pursuit: pose=(-1.418, -5.770, 2.433) cte=0.001 closest=929 target=964 steer=0.057 speed=0.200
[gpu_amcl_cpp_node-5] [INFO] [1788254411.815541884] [gpu_amcl_cpp]: AMCL local correction: odom_prediction=(-1.406, -5.764, 2.309) scan=(-1.397, -5.801, 2.217) correction=0.037 m/0.091 rad cluster_weight=0.868 publish=true
[sensor_odometry_node-2] [INFO] [1788254412.504997049] [sensor_odometry]: Odometry: dl=0.124 dr=0.123 ds=0.125 wheel_speed=0.786 mapped=0.778 body_speed=0.800 speed=0.800 pose=(12.931, -1.195, -0.150) enc=(158.287, 158.487) wheel_slip=false confidence=1.00
[gpu_amcl_cpp_node-5] [INFO] [1788254412.508883106] [gpu_amcl_cpp]: AMCL odom delta: at_scan=(12.931, -1.195, -0.150) baseline=(12.807, -1.174, -0.175) delta=(0.124, -0.020, 0.025) moved=true scan_age=0.001s
[ground_truth_amcl_monitor-7] [INFO] [1788254412.517174463] [ground_truth_amcl_monitor]: AMCL vs GT: gt=(2.848, -7.347) amcl=(-1.537, -5.632) error=4.708 m / 0.503 rad; odom=(-2.031, -5.606, 2.772) error=5.179 m / 0.000 rad; ekf=(-1.565, -5.614, 2.382) error=4.740 m / 0.390 rad; RMS=3.157 m / 0.119 rad max=4.708 m / 0.503 rad samples=209
[component_container-8] [INFO] [1788254412.820130793] [pure_pursuit_node]: Pure Pursuit: pose=(-1.722, -5.453, 2.401) cte=0.033 closest=951 target=988 steer=0.017 speed=0.200
[gpu_amcl_cpp_node-5] [INFO] [1788254412.823184031] [gpu_amcl_cpp]: AMCL local correction: odom_prediction=(-1.686, -5.464, 2.296) scan=(-1.682, -5.489, 2.183) correction=0.026 m/0.112 rad cluster_weight=0.863 publish=true
[gpu_amcl_cpp_node-5] [INFO] [1788254413.597524484] [gpu_amcl_cpp]: AMCL odom delta: at_scan=(13.343, -1.240, -0.093) baseline=(13.343, -1.240, -0.093) delta=(0.000, 0.000, 0.001) moved=false scan_age=0.001s
[ground_truth_amcl_monitor-7] [INFO] [1788254413.600981069] [ground_truth_amcl_monitor]: AMCL vs GT: gt=(2.668, -7.284) amcl=(-1.797, -5.366) error=4.859 m / 0.670 rad; odom=(-2.422, -5.473, 2.829) error=5.403 m / 0.000 rad; ekf=(-1.808, -5.347, 2.327) error=4.877 m / 0.503 rad; RMS=3.223 m / 0.161 rad max=4.861 m / 0.670 rad samples=216
[gpu_amcl_cpp_node-5] [INFO] [1788254413.751695707] [gpu_amcl_cpp]: Received LiDAR callback #325 (1081 ranges).
[component_container-8] [INFO] [1788254413.905854710] [pure_pursuit_node]: Pure Pursuit: pose=(-1.846, -5.304, 2.307) cte=0.049 closest=961 target=997 steer=0.080 speed=0.200
[gpu_amcl_cpp_node-5] [INFO] [1788254413.908806295] [gpu_amcl_cpp]: AMCL local correction: odom_prediction=(-1.833, -5.314, 2.175) scan=(-1.848, -5.350, 2.074) correction=0.040 m/0.101 rad cluster_weight=0.859 publish=true
[gpu_amcl_cpp_node-5] [INFO] [1788254414.500925532] [gpu_amcl_cpp]: Starting AMCL scan update #330 (sampled from 1081 ranges).
[gpu_amcl_cpp_node-5] [INFO] [1788254414.502482127] [gpu_amcl_cpp]: AMCL scan update #330 completed; evaluating pose confidence.
[sensor_odometry_node-2] [INFO] [1788254414.617341131] [sensor_odometry]: Odometry: dl=0.000 dr=0.000 ds=0.000 wheel_speed=0.000 mapped=0.000 body_speed=0.000 speed=0.000 pose=(13.717, -1.254, 0.014) enc=(164.531, 164.829) wheel_slip=false confidence=1.00
[gpu_amcl_cpp_node-5] [INFO] [1788254414.620028841] [gpu_amcl_cpp]: AMCL odom delta: at_scan=(13.717, -1.254, 0.014) baseline=(13.717, -1.254, 0.014) delta=(0.000, 0.000, 0.000) moved=false scan_age=0.001s
[ground_truth_amcl_monitor-7] [INFO] [1788254414.621980407] [ground_truth_amcl_monitor]: AMCL vs GT: gt=(2.335, -7.197) amcl=(-2.028, -5.103) error=4.839 m / 0.785 rad; odom=(-2.785, -5.377, 2.936) error=5.433 m / 0.000 rad; ekf=(-2.036, -5.084, 2.315) error=4.855 m / 0.621 rad; RMS=3.286 m / 0.205 rad max=4.884 m / 0.785 rad samples=223
[component_container-8] [INFO] [1788254414.983066173] [pure_pursuit_node]: Pure Pursuit: pose=(-2.120, -4.983, 2.276) cte=0.053 closest=982 target=1021 steer=0.001 speed=0.200
[gpu_amcl_cpp_node-5] [INFO] [1788254414.986044735] [gpu_amcl_cpp]: AMCL local correction: odom_prediction=(-2.108, -4.997, 2.146) scan=(-2.132, -5.041, 2.071) correction=0.049 m/0.076 rad cluster_weight=0.873 publish=true
[gpu_amcl_cpp_node-5] [INFO] [1788254415.673582367] [gpu_amcl_cpp]: AMCL odom delta: at_scan=(14.049, -1.239, 0.085) baseline=(13.947, -1.247, 0.063) delta=(0.101, 0.008, 0.022) moved=true scan_age=0.000s
[ground_truth_amcl_monitor-7] [INFO] [1788254415.679285474] [ground_truth_amcl_monitor]: AMCL vs GT: gt=(1.962, -7.135) amcl=(-2.233, -4.864) error=4.770 m / 0.856 rad; odom=(-3.112, -5.320, 3.007) error=5.388 m / 0.000 rad; ekf=(-2.231, -4.843, 2.261) error=4.779 m / 0.746 rad; RMS=3.342 m / 0.249 rad max=4.884 m / 0.863 rad samples=230
[component_container-8] [INFO] [1788254416.036883411] [pure_pursuit_node]: Pure Pursuit: pose=(-2.395, -4.626, 2.213) cte=0.025 closest=1005 target=1041 steer=-0.078 speed=0.200
[gpu_amcl_cpp_node-5] [INFO] [1788254416.039836818] [gpu_amcl_cpp]: AMCL local correction: odom_prediction=(-2.397, -4.650, 2.127) scan=(-2.444, -4.692, 2.074) correction=0.063 m/0.053 rad cluster_weight=0.858 publish=true
[sensor_odometry_node-2] [INFO] [1788254416.658210246] [sensor_odometry]: Odometry: dl=0.165 dr=0.165 ds=0.151 wheel_speed=0.877 mapped=0.868 body_speed=0.802 speed=0.802 pose=(14.506, -1.201, 0.072) enc=(179.022, 179.342) wheel_slip=false confidence=1.00
[ground_truth_amcl_monitor-7] [INFO] [1788254416.690725422] [ground_truth_amcl_monitor]: AMCL vs GT: gt=(1.513, -7.075) amcl=(-2.520, -4.517) error=4.776 m / 0.921 rad; odom=(-3.566, -5.257, 2.994) error=5.394 m / 0.000 rad; ekf=(-2.500, -4.491, 2.152) error=4.773 m / 0.842 rad; RMS=3.391 m / 0.289 rad max=4.884 m / 0.921 rad samples=237
[gpu_amcl_cpp_node-5] [INFO] [1788254416.854496036] [gpu_amcl_cpp]: AMCL odom delta: at_scan=(14.671, -1.189, 0.068) baseline=(14.506, -1.201, 0.072) delta=(0.165, 0.012, -0.004) moved=true scan_age=0.001s
[component_container-8] [INFO] [1788254417.102656915] [pure_pursuit_node]: Pure Pursuit: pose=(-2.661, -4.250, 2.107) cte=-0.047 closest=1028 target=1065 steer=-0.189 speed=0.200
[gpu_amcl_cpp_node-5] [INFO] [1788254417.105537215] [gpu_amcl_cpp]: AMCL local correction: odom_prediction=(-2.672, -4.269, 2.031) scan=(-2.702, -4.306, 1.964) correction=0.047 m/0.067 rad cluster_weight=0.889 publish=true
[ground_truth_amcl_monitor-7] [INFO] [1788254417.744111534] [ground_truth_amcl_monitor]: AMCL vs GT: gt=(1.426, -7.062) amcl=(-2.831, -4.040) error=5.220 m / 1.055 rad; odom=(-4.193, -5.160, 2.986) error=5.931 m / 0.000 rad; ekf=(-2.828, -3.990, 2.039) error=5.247 m / 0.947 rad; RMS=3.457 m / 0.337 rad max=5.220 m / 1.055 rad samples=245
[gpu_amcl_cpp_node-5] [INFO] [1788254417.855100155] [gpu_amcl_cpp]: AMCL odom delta: at_scan=(15.138, -1.159, 0.064) baseline=(15.138, -1.159, 0.064) delta=(0.000, 0.000, 0.000) moved=false scan_age=0.001s
[component_container-8] [INFO] [1788254418.105101625] [pure_pursuit_node]: Pure Pursuit: pose=(-2.840, -3.986, 1.999) cte=-0.126 closest=1043 target=1077 steer=-0.276 speed=0.200
[gpu_amcl_cpp_node-5] [INFO] [1788254418.108052874] [gpu_amcl_cpp]: AMCL local correction: odom_prediction=(-2.842, -4.011, 1.930) scan=(-2.851, -4.069, 1.856) correction=0.058 m/0.074 rad cluster_weight=0.865 publish=true
[sensor_odometry_node-2] [INFO] [1788254418.740132274] [sensor_odometry]: Odometry: dl=0.000 dr=0.000 ds=0.000 wheel_speed=0.000 mapped=0.000 body_speed=0.000 speed=0.000 pose=(15.438, -1.159, -0.113) enc=(184.988, 185.331) wheel_slip=false confidence=1.00
[ground_truth_amcl_monitor-7] [INFO] [1788254418.746180818] [ground_truth_amcl_monitor]: AMCL vs GT: gt=(1.230, -7.014) amcl=(-2.923, -3.820) error=5.239 m / 1.138 rad; odom=(-4.485, -5.095, 2.809) error=6.029 m / 0.000 rad; ekf=(-2.921, -3.771, 1.759) error=5.268 m / 1.050 rad; RMS=3.528 m / 0.385 rad max=5.291 m / 1.138 rad samples=253
[gpu_amcl_cpp_node-5] [INFO] [1788254418.869751853] [gpu_amcl_cpp]: Received LiDAR callback #362 (1081 ranges).
[gpu_amcl_cpp_node-5] [INFO] [1788254418.869870375] [gpu_amcl_cpp]: AMCL odom delta: at_scan=(15.460, -1.162, -0.113) baseline=(15.438, -1.159, -0.113) delta=(0.021, -0.002, -0.000) moved=true scan_age=0.001s
[component_container-8] [INFO] [1788254419.163958102] [pure_pursuit_node]: Pure Pursuit: pose=(-2.947, -3.597, 1.662) cte=-0.140 closest=1062 target=1097 steer=-0.121 speed=0.200
[gpu_amcl_cpp_node-5] [INFO] [1788254419.167051154] [gpu_amcl_cpp]: AMCL local correction: odom_prediction=(-2.941, -3.644, 1.585) scan=(-2.951, -3.698, 1.531) correction=0.055 m/0.054 rad cluster_weight=0.884 publish=true
[gpu_amcl_cpp_node-5] [INFO] [1788254419.589037760] [gpu_amcl_cpp]: Starting AMCL scan update #367 (sampled from 1081 ranges).
[gpu_amcl_cpp_node-5] [INFO] [1788254419.590717953] [gpu_amcl_cpp]: AMCL scan update #367 completed; evaluating pose confidence.
[ground_truth_amcl_monitor-7] [INFO] [1788254419.853275836] [ground_truth_amcl_monitor]: AMCL vs GT: gt=(0.940, -6.890) amcl=(-2.947, -3.472) error=5.176 m / 1.229 rad; odom=(-4.888, -4.927, 2.690) error=6.150 m / 0.000 rad; ekf=(-2.944, -3.408, 1.544) error=5.216 m / 1.146 rad; RMS=3.592 m / 0.432 rad max=5.291 m / 1.229 rad samples=261
[gpu_amcl_cpp_node-5] [INFO] [1788254419.969318733] [gpu_amcl_cpp]: AMCL odom delta: at_scan=(15.896, -1.242, -0.245) baseline=(15.868, -1.236, -0.232) delta=(0.028, -0.007, -0.013) moved=true scan_age=0.001s
[component_container-8] [INFO] [1788254420.205119468] [pure_pursuit_node]: Pure Pursuit: pose=(-2.940, -3.403, 1.497) cte=-0.106 closest=1071 target=1104 steer=0.016 speed=0.200
[gpu_amcl_cpp_node-5] [INFO] [1788254420.327604952] [gpu_amcl_cpp]: AMCL local correction: odom_prediction=(-2.941, -3.408, 1.434) scan=(-2.960, -3.447, 1.384) correction=0.043 m/0.050 rad cluster_weight=0.897 publish=true
[sensor_odometry_node-2] [INFO] [1788254420.808246130] [sensor_odometry]: Odometry: dl=0.000 dr=0.000 ds=0.000 wheel_speed=0.000 mapped=0.000 body_speed=0.000 speed=0.000 pose=(16.187, -1.316, -0.240) enc=(199.167, 199.524) wheel_slip=false confidence=1.00
[ground_truth_amcl_monitor-7] [INFO] [1788254420.936879921] [ground_truth_amcl_monitor]: AMCL vs GT: gt=(0.485, -6.664) amcl=(-2.918, -3.183) error=4.868 m / 1.293 rad; odom=(-5.201, -4.770, 2.681) error=5.993 m / 0.000 rad; ekf=(-2.906, -3.122, 1.449) error=4.903 m / 1.231 rad; RMS=3.649 m / 0.484 rad max=5.291 m / 1.293 rad samples=270
[gpu_amcl_cpp_node-5] [INFO] [1788254421.053854652] [gpu_amcl_cpp]: AMCL odom delta: at_scan=(16.341, -1.353, -0.239) baseline=(16.208, -1.321, -0.241) delta=(0.133, -0.033, 0.002) moved=true scan_age=0.000s
[component_container-8] [INFO] [1788254421.306580261] [pure_pursuit_node]: Pure Pursuit: pose=(-2.856, -2.791, 1.438) cte=-0.024 closest=1101 target=1137 steer=-0.044 speed=0.200
[gpu_amcl_cpp_node-5] [INFO] [1788254421.447623762] [gpu_amcl_cpp]: AMCL local correction: odom_prediction=(-2.845, -2.795, 1.348) scan=(-2.851, -2.834, 1.277) correction=0.040 m/0.071 rad cluster_weight=0.901 publish=true
[ground_truth_amcl_monitor-7] [INFO] [1788254421.988383347] [ground_truth_amcl_monitor]: AMCL vs GT: gt=(0.277, -6.563) amcl=(-2.788, -2.583) error=5.024 m / 1.443 rad; odom=(-5.827, -4.467, 2.695) error=6.455 m / 0.000 rad; ekf=(-2.787, -2.520, 1.368) error=5.073 m / 1.327 rad; RMS=3.692 m / 0.531 rad max=5.291 m / 1.443 rad samples=278
[gpu_amcl_cpp_node-5] [INFO] [1788254422.115630100] [gpu_amcl_cpp]: AMCL odom delta: at_scan=(16.885, -1.480, -0.227) baseline=(16.885, -1.480, -0.227) delta=(0.000, 0.000, 0.000) moved=false scan_age=0.001s
[component_container-8] [INFO] [1788254422.373808261] [pure_pursuit_node]: Pure Pursuit: pose=(-2.776, -2.523, 1.326) cte=0.007 closest=1115 target=1150 steer=0.022 speed=0.200
[gpu_amcl_cpp_node-5] [INFO] [1788254422.501035514] [gpu_amcl_cpp]: AMCL local correction: odom_prediction=(-2.750, -2.464, 1.236) scan=(-2.766, -2.492, 1.159) correction=0.032 m/0.077 rad cluster_weight=0.877 publish=true
[sensor_odometry_node-2] [INFO] [1788254422.873142209] [sensor_odometry]: Odometry: dl=0.000 dr=0.000 ds=0.025 wheel_speed=0.000 mapped=0.000 body_speed=0.194 speed=0.194 pose=(17.189, -1.549, -0.217) enc=(211.203, 211.560) wheel_slip=true confidence=1.00
[ground_truth_amcl_monitor-7] [INFO] [1788254423.004137863] [ground_truth_amcl_monitor]: AMCL vs GT: gt=(0.052, -6.457) amcl=(-2.704, -2.330) error=4.963 m / 1.525 rad; odom=(-6.109, -4.333, 2.706) error=6.517 m / 0.000 rad; ekf=(-2.698, -2.292, 1.269) error=4.991 m / 1.437 rad; RMS=3.735 m / 0.579 rad max=5.291 m / 1.525 rad samples=286
[gpu_amcl_cpp_node-5] [INFO] [1788254423.151561338] [gpu_amcl_cpp]: AMCL odom delta: at_scan=(17.217, -1.555, -0.217) baseline=(17.189, -1.549, -0.217) delta=(0.028, -0.006, -0.000) moved=true scan_age=0.001s
[component_container-8] [INFO] [1788254423.465766476] [pure_pursuit_node]: Pure Pursuit: pose=(-2.632, -2.123, 1.241) cte=0.024 closest=1136 target=1173 steer=-0.024 speed=0.200
[gpu_amcl_cpp_node-5] [INFO] [1788254423.613022147] [gpu_amcl_cpp]: AMCL local correction: odom_prediction=(-2.618, -2.131, 1.154) scan=(-2.630, -2.158, 1.117) correction=0.029 m/0.037 rad cluster_weight=0.892 publish=true
[gpu_amcl_cpp_node-5] [INFO] [1788254423.894287256] [gpu_amcl_cpp]: Received LiDAR callback #400 (1081 ranges).
[ground_truth_amcl_monitor-7] [INFO] [1788254424.021436689] [ground_truth_amcl_monitor]: AMCL vs GT: gt=(-0.136, -6.371) amcl=(-2.610, -2.114) error=4.923 m / 1.578 rad; odom=(-6.358, -4.219, 2.715) error=6.584 m / 0.000 rad; ekf=(-2.605, -2.084, 1.198) error=4.947 m / 1.518 rad; RMS=3.769 m / 0.621 rad max=5.291 m / 1.578 rad samples=293
[gpu_amcl_cpp_node-5] [INFO] [1788254424.267234962] [gpu_amcl_cpp]: AMCL odom delta: at_scan=(17.673, -1.651, -0.187) baseline=(17.580, -1.632, -0.202) delta=(0.093, -0.018, 0.015) moved=true scan_age=0.001s
[component_container-8] [INFO] [1788254424.521741058] [pure_pursuit_node]: Pure Pursuit: pose=(-2.503, -1.862, 1.184) cte=0.033 closest=1151 target=1184 steer=-0.020 speed=0.200
[gpu_amcl_cpp_node-5] [INFO] [1788254424.855184103] [gpu_amcl_cpp]: Starting AMCL scan update #407 (sampled from 1081 ranges).
[gpu_amcl_cpp_node-5] [INFO] [1788254424.856738799] [gpu_amcl_cpp]: AMCL scan update #407 completed; evaluating pose confidence.
[gpu_amcl_cpp_node-5] [INFO] [1788254424.858180971] [gpu_amcl_cpp]: AMCL local correction: odom_prediction=(-2.448, -1.783, 1.131) scan=(-2.445, -1.813, 1.105) correction=0.030 m/0.026 rad cluster_weight=0.910 publish=true
[sensor_odometry_node-2] [INFO] [1788254425.073882568] [sensor_odometry]: Odometry: dl=0.292 dr=0.291 ds=0.245 wheel_speed=1.324 mapped=1.310 body_speed=1.114 speed=1.114 pose=(18.075, -1.728, -0.196) enc=(226.584, 226.944) wheel_slip=true confidence=1.00
[ground_truth_amcl_monitor-7] [INFO] [1788254425.080237269] [ground_truth_amcl_monitor]: AMCL vs GT: gt=(-0.602, -6.168) amcl=(-2.333, -1.579) error=4.905 m / 1.624 rad; odom=(-6.935, -3.966, 2.726) error=6.704 m / 0.000 rad; ekf=(-2.353, -1.538, 1.155) error=4.950 m / 1.571 rad; RMS=3.799 m / 0.661 rad max=5.291 m / 1.624 rad samples=300
[gpu_amcl_cpp_node-5] [INFO] [1788254425.290899725] [gpu_amcl_cpp]: AMCL odom delta: at_scan=(18.198, -1.754, -0.228) baseline=(18.075, -1.728, -0.196) delta=(0.123, -0.027, -0.032) moved=true scan_age=0.000s
[component_container-8] [INFO] [1788254425.630152044] [pure_pursuit_node]: Pure Pursuit: pose=(-2.286, -1.443, 1.081) cte=-0.001 closest=1175 target=1208 steer=-0.117 speed=0.200
[gpu_amcl_cpp_node-5] [INFO] [1788254425.870348677] [gpu_amcl_cpp]: AMCL local correction: odom_prediction=(-2.216, -1.386, 1.033) scan=(-2.197, -1.434, 1.015) correction=0.051 m/0.018 rad cluster_weight=0.903 publish=true
[ground_truth_amcl_monitor-7] [INFO] [1788254426.114325485] [ground_truth_amcl_monitor]: AMCL vs GT: gt=(-1.111, -5.914) amcl=(-2.081, -1.235) error=4.779 m / 1.648 rad; odom=(-7.348, -3.751, 2.593) error=6.602 m / 0.000 rad; ekf=(-2.104, -1.169, 0.985) error=4.848 m / 1.608 rad; RMS=3.824 m / 0.698 rad max=5.291 m / 1.648 rad samples=307
[sensor_odometry_node-2] [INFO] [1788254426.226413845] [sensor_odometry]: Asymptotic passive coast: slip=-1.000 model=0.275 imu=0.861 fused=0.627 throttle=0.000
[gpu_amcl_cpp_node-5] [INFO] [1788254426.345758393] [gpu_amcl_cpp]: AMCL odom delta: at_scan=(18.662, -1.902, -0.408) baseline=(18.596, -1.875, -0.380) delta=(0.066, -0.027, -0.028) moved=true scan_age=0.001s
[component_container-8] [INFO] [1788254426.712281387] [pure_pursuit_node]: Pure Pursuit: pose=(-1.911, -1.029, 0.876) cte=0.010 closest=1203 target=1238 steer=-0.078 speed=0.200
[sensor_odometry_node-2] [INFO] [1788254427.182919868] [sensor_odometry]: Odometry: dl=0.032 dr=0.031 ds=0.000 wheel_speed=0.134 mapped=0.133 body_speed=0.000 speed=0.000 pose=(18.799, -1.962, -0.415) enc=(236.575, 236.873) wheel_slip=false confidence=1.00
[ground_truth_amcl_monitor-7] [INFO] [1788254427.186104330] [ground_truth_amcl_monitor]: AMCL vs GT: gt=(-1.265, -5.810) amcl=(-1.884, -1.084) error=4.766 m / 1.674 rad; odom=(-7.591, -3.580, 2.507) error=6.708 m / 0.000 rad; ekf=(-1.888, -1.049, 0.855) error=4.801 m / 1.652 rad; RMS=3.850 m / 0.739 rad max=5.291 m / 1.679 rad samples=315
[gpu_amcl_cpp_node-5] [INFO] [1788254427.402456649] [gpu_amcl_cpp]: AMCL odom delta: at_scan=(18.922, -2.016, -0.424) baseline=(18.799, -1.962, -0.409) delta=(0.123, -0.055, -0.015) moved=true scan_age=0.000s
[gpu_amcl_cpp_node-5] [INFO] [1788254427.405424538] [gpu_amcl_cpp]: AMCL local correction: odom_prediction=(-1.792, -0.985, 0.818) scan=(-1.809, -1.043, 0.790) correction=0.060 m/0.028 rad cluster_weight=0.915 publish=true
[component_container-8] [INFO] [1788254427.838906856] [pure_pursuit_node]: Pure Pursuit: pose=(-1.556, -0.713, 0.797) cte=-0.009 closest=1227 target=1264 steer=-0.158 speed=0.200
[ground_truth_amcl_monitor-7] [INFO] [1788254428.200628647] [ground_truth_amcl_monitor]: AMCL vs GT: gt=(-1.753, -5.434) amcl=(-1.553, -0.790) error=4.649 m / 1.674 rad; odom=(-7.979, -3.286, 2.451) error=6.586 m / 0.000 rad; ekf=(-1.554, -0.741, 0.779) error=4.698 m / 1.672 rad; RMS=3.868 m / 0.767 rad max=5.291 m / 1.693 rad samples=321
[gpu_amcl_cpp_node-5] [INFO] [1788254428.433590707] [gpu_amcl_cpp]: AMCL odom delta: at_scan=(19.488, -2.294, -0.504) baseline=(19.366, -2.229, -0.481) delta=(0.122, -0.066, -0.023) moved=true scan_age=0.000s
[gpu_amcl_cpp_node-5] [INFO] [1788254428.436588396] [gpu_amcl_cpp]: AMCL local correction: odom_prediction=(-1.349, -0.617, 0.738) scan=(-1.351, -0.677, 0.743) correction=0.059 m/0.005 rad cluster_weight=0.883 publish=true
[sensor_odometry_node-2] [INFO] [1788254428.669690014] [sensor_odometry]: Asymptotic passive coast: slip=-1.000 model=0.314 imu=0.853 fused=0.637 throttle=0.000
[component_container-8] [INFO] [1788254428.903626045] [pure_pursuit_node]: Pure Pursuit: pose=(-1.123, -0.411, 0.656) cte=-0.041 closest=1253 target=1289 steer=-0.143 speed=0.200
[gpu_amcl_cpp_node-5] [INFO] [1788254428.903646699] [gpu_amcl_cpp]: Received LiDAR callback #435 (1081 ranges).
[sensor_odometry_node-2] [INFO] [1788254429.232883428] [sensor_odometry]: Odometry: dl=0.000 dr=0.000 ds=0.078 wheel_speed=0.000 mapped=0.000 body_speed=0.687 speed=0.687 pose=(19.934, -2.578, -0.587) enc=(253.978, 254.214) wheel_slip=true confidence=1.00
[ground_truth_amcl_monitor-7] [INFO] [1788254429.239517246] [ground_truth_amcl_monitor]: AMCL vs GT: gt=(-2.012, -5.197) amcl=(-0.962, -0.354) error=4.956 m / 1.681 rad; odom=(-8.564, -2.732, 2.335) error=7.001 m / 0.000 rad; ekf=(-0.946, -0.300, 0.656) error=5.012 m / 1.679 rad; RMS=3.893 m / 0.802 rad max=5.291 m / 1.693 rad samples=329
[gpu_amcl_cpp_node-5] [INFO] [1788254429.458051869] [gpu_amcl_cpp]: AMCL odom delta: at_scan=(19.934, -2.578, -0.587) baseline=(19.934, -2.578, -0.587) delta=(0.000, 0.000, 0.000) moved=false scan_age=0.000s
[gpu_amcl_cpp_node-5] [INFO] [1788254429.806796450] [gpu_amcl_cpp]: AMCL local correction: odom_prediction=(-0.873, -0.287, 0.639) scan=(-0.898, -0.329, 0.618) correction=0.049 m/0.021 rad cluster_weight=0.883 publish=true
[component_container-8] [INFO] [1788254429.919658279] [pure_pursuit_node]: Pure Pursuit: pose=(-0.794, -0.214, 0.594) cte=-0.073 closest=1272 target=1310 steer=-0.169 speed=0.200
[gpu_amcl_cpp_node-5] [INFO] [1788254429.919687587] [gpu_amcl_cpp]: Starting AMCL scan update #441 (sampled from 1081 ranges).
[gpu_amcl_cpp_node-5] [INFO] [1788254429.921237712] [gpu_amcl_cpp]: AMCL scan update #441 completed; evaluating pose confidence.
[ground_truth_amcl_monitor-7] [INFO] [1788254430.288494897] [ground_truth_amcl_monitor]: AMCL vs GT: gt=(-2.235, -4.913) amcl=(-0.594, -0.110) error=5.076 m / 1.652 rad; odom=(-8.861, -2.365, 2.137) error=7.100 m / 0.000 rad; ekf=(-0.571, -0.095, 0.459) error=5.097 m / 1.678 rad; RMS=3.920 m / 0.829 rad max=5.291 m / 1.693 rad samples=336
[gpu_amcl_cpp_node-5] [INFO] [1788254430.522619390] [gpu_amcl_cpp]: AMCL odom delta: at_scan=(20.405, -2.973, -0.785) baseline=(20.343, -2.911, -0.785) delta=(0.062, -0.061, 0.000) moved=true scan_age=0.000s
[component_container-8] [INFO] [1788254430.997562298] [pure_pursuit_node]: Pure Pursuit: pose=(-0.332, 0.035, 0.486) cte=-0.132 closest=1297 target=1330 steer=-0.234 speed=0.200
[sensor_odometry_node-2] [INFO] [1788254431.234396449] [sensor_odometry]: Odometry: dl=0.123 dr=0.123 ds=0.098 wheel_speed=1.023 mapped=1.013 body_speed=0.813 speed=0.813 pose=(20.588, -3.157, -0.805) enc=(262.264, 262.428) wheel_slip=true confidence=1.00
[gpu_amcl_cpp_node-5] [INFO] [1788254431.239181241] [gpu_amcl_cpp]: AMCL local correction: odom_prediction=(-0.260, 0.077, 0.494) scan=(-0.275, 0.043, 0.505) correction=0.037 m/0.011 rad cluster_weight=0.866 publish=true
[ground_truth_amcl_monitor-7] [INFO] [1788254431.363175282] [ground_truth_amcl_monitor]: AMCL vs GT: gt=(-2.287, -4.823) amcl=(-0.165, 0.113) error=5.373 m / 1.614 rad; odom=(-9.130, -1.930, 2.060) error=7.429 m / 0.000 rad; ekf=(-0.154, 0.125, 0.419) error=5.388 m / 1.641 rad; RMS=3.961 m / 0.859 rad max=5.373 m / 1.693 rad samples=345
[gpu_amcl_cpp_node-5] [INFO] [1788254431.598471038] [gpu_amcl_cpp]: AMCL odom delta: at_scan=(20.750, -3.355, -1.007) baseline=(20.726, -3.321, -0.948) delta=(0.023, -0.035, -0.059) moved=true scan_age=0.001s
[component_container-8] [INFO] [1788254432.092665362] [pure_pursuit_node]: Pure Pursuit: pose=(0.122, 0.218, 0.277) cte=-0.164 closest=1322 target=1362 steer=-0.091 speed=0.200
[ground_truth_amcl_monitor-7] [INFO] [1788254432.381548898] [ground_truth_amcl_monitor]: AMCL vs GT: gt=(-2.442, -4.404) amcl=(0.224, 0.259) error=5.372 m / 1.515 rad; odom=(-9.272, -1.544, 1.830) error=7.404 m / 0.000 rad; ekf=(0.227, 0.252, 0.239) error=5.367 m / 1.591 rad; RMS=3.998 m / 0.882 rad max=5.424 m / 1.693 rad samples=353
[gpu_amcl_cpp_node-5] [INFO] [1788254432.716835211] [gpu_amcl_cpp]: AMCL odom delta: at_scan=(20.913, -3.643, -1.099) baseline=(20.883, -3.583, -1.068) delta=(0.031, -0.060, -0.031) moved=true scan_age=0.001s
[gpu_amcl_cpp_node-5] [INFO] [1788254432.719978439] [gpu_amcl_cpp]: AMCL local correction: odom_prediction=(0.288, 0.278, 0.283) scan=(0.283, 0.305, 0.355) correction=0.027 m/0.072 rad cluster_weight=0.882 publish=true
[sensor_odometry_node-2] [INFO] [1788254433.251212068] [sensor_odometry]: Odometry: dl=0.000 dr=0.000 ds=0.000 wheel_speed=0.000 mapped=0.000 body_speed=0.000 speed=0.000 pose=(21.011, -3.842, -1.162) enc=(277.458, 277.534) wheel_slip=false confidence=1.00
[component_container-8] [INFO] [1788254433.255697147] [pure_pursuit_node]: Pure Pursuit: pose=(0.503, 0.337, 0.215) cte=-0.178 closest=1341 target=1374 steer=-0.121 speed=0.200
[ground_truth_amcl_monitor-7] [INFO] [1788254433.414200722] [ground_truth_amcl_monitor]: AMCL vs GT: gt=(-2.490, -4.195) amcl=(0.497, 0.357) error=5.444 m / 1.473 rad; odom=(-9.340, -1.264, 1.759) error=7.451 m / 0.000 rad; ekf=(0.502, 0.341, 0.226) error=5.434 m / 1.533 rad; RMS=4.026 m / 0.895 rad max=5.480 m / 1.693 rad samples=359
[gpu_amcl_cpp_node-5] [INFO] [1788254433.841319009] [gpu_amcl_cpp]: AMCL odom delta: at_scan=(21.125, -4.122, -1.228) baseline=(21.090, -4.031, -1.187) delta=(0.035, -0.092, -0.042) moved=true scan_age=0.001s
[gpu_amcl_cpp_node-5] [INFO] [1788254433.844543513] [gpu_amcl_cpp]: AMCL local correction: odom_prediction=(0.786, 0.446, 0.241) scan=(0.771, 0.471, 0.335) correction=0.029 m/0.094 rad cluster_weight=0.865 publish=true
[gpu_amcl_cpp_node-5] [INFO] [1788254433.994568033] [gpu_amcl_cpp]: Received LiDAR callback #471 (1081 ranges).
[component_container-8] [INFO] [1788254434.278488165] [pure_pursuit_node]: Pure Pursuit: pose=(0.838, 0.444, 0.184) cte=-0.204 closest=1358 target=1391 steer=-0.160 speed=0.120
[ground_truth_amcl_monitor-7] [INFO] [1788254434.424459284] [ground_truth_amcl_monitor]: AMCL vs GT: gt=(-2.529, -3.890) amcl=(0.926, 0.515) error=5.598 m / 1.365 rad; odom=(-9.402, -0.813, 1.634) error=7.531 m / 0.000 rad; ekf=(0.937, 0.469, 0.176) error=5.569 m / 1.458 rad; RMS=4.061 m / 0.908 rad max=5.598 m / 1.693 rad samples=366
[gpu_amcl_cpp_node-5] [INFO] [1788254434.945862998] [gpu_amcl_cpp]: AMCL odom delta: at_scan=(21.195, -4.367, -1.364) baseline=(21.195, -4.367, -1.360) delta=(0.000, 0.000, -0.004) moved=false scan_age=0.001s
[gpu_amcl_cpp_node-5] [INFO] [1788254435.068241775] [gpu_amcl_cpp]: Starting AMCL scan update #479 (sampled from 1081 ranges).
[gpu_amcl_cpp_node-5] [INFO] [1788254435.069823970] [gpu_amcl_cpp]: AMCL scan update #479 completed; evaluating pose confidence.
[gpu_amcl_cpp_node-5] [INFO] [1788254435.071237058] [gpu_amcl_cpp]: AMCL local correction: odom_prediction=(1.042, 0.562, 0.235) scan=(1.041, 0.627, 0.343) correction=0.065 m/0.108 rad cluster_weight=0.842 publish=true
[sensor_odometry_node-2] [INFO] [1788254435.318436107] [sensor_odometry]: Odometry: dl=0.072 dr=0.070 ds=0.067 wheel_speed=0.575 mapped=0.569 body_speed=0.546 speed=0.546 pose=(21.228, -4.543, -1.436) enc=(291.019, 291.052) wheel_slip=false confidence=1.00
[component_container-8] [INFO] [1788254435.320617615] [pure_pursuit_node]: Pure Pursuit: pose=(1.204, 0.572, 0.125) cte=-0.255 closest=1377 target=1410 steer=-0.182 speed=0.120
[ground_truth_amcl_monitor-7] [INFO] [1788254435.456698762] [ground_truth_amcl_monitor]: AMCL vs GT: gt=(-2.522, -3.546) amcl=(1.218, 0.675) error=5.640 m / 1.214 rad; odom=(-9.396, -0.505, 1.453) error=7.517 m / 0.000 rad; ekf=(1.228, 0.586, 0.109) error=5.580 m / 1.344 rad; RMS=4.100 m / 0.918 rad max=5.644 m / 1.693 rad samples=374
[gpu_amcl_cpp_node-5] [INFO] [1788254435.971835646] [gpu_amcl_cpp]: AMCL odom delta: at_scan=(21.241, -4.694, -1.515) baseline=(21.234, -4.604, -1.480) delta=(0.007, -0.091, -0.036) moved=true scan_age=0.001s
[gpu_amcl_cpp_node-5] [INFO] [1788254436.110922362] [gpu_amcl_cpp]: AMCL local correction: odom_prediction=(1.389, 0.791, 0.237) scan=(1.393, 0.989, 0.510) correction=0.198 m/0.273 rad cluster_weight=0.834 publish=true
[component_container-8] [INFO] [1788254436.404396995] [pure_pursuit_node]: Pure Pursuit: pose=(1.516, 0.742, 0.069) cte=-0.364 closest=1394 target=1427 steer=-0.280 speed=0.120
[ground_truth_amcl_monitor-7] [INFO] [1788254436.552720274] [ground_truth_amcl_monitor]: AMCL vs GT: gt=(-2.488, -3.363) amcl=(1.555, 1.013) error=5.958 m / 0.816 rad; odom=(-9.328, -0.166, 1.318) error=7.550 m / 0.000 rad; ekf=(1.561, 0.795, 0.080) error=5.804 m / 1.239 rad; RMS=4.141 m / 0.921 rad max=5.958 m / 1.693 rad samples=382
[gpu_amcl_cpp_node-5] [INFO] [1788254437.106785460] [gpu_amcl_cpp]: AMCL odom delta: at_scan=(21.235, -5.004, -1.604) baseline=(21.235, -5.004, -1.604) delta=(0.000, 0.000, -0.000) moved=false scan_age=0.001s
[gpu_amcl_cpp_node-5] [INFO] [1788254437.255601569] [gpu_amcl_cpp]: AMCL local correction: odom_prediction=(1.658, 1.100, 0.600) scan=(1.673, 1.126, 0.760) correction=0.030 m/0.160 rad cluster_weight=0.892 publish=true
[sensor_odometry_node-2] [INFO] [1788254437.389737204] [sensor_odometry]: Odometry: dl=0.077 dr=0.078 ds=0.078 wheel_speed=0.551 mapped=0.546 body_speed=0.555 speed=0.555 pose=(21.228, -5.110, -1.667) enc=(296.000, 295.958) wheel_slip=false confidence=1.00
[component_container-8] [INFO] [1788254437.528991023] [pure_pursuit_node]: Pure Pursuit: pose=(1.797, 1.050, -0.016) cte=-0.625 closest=1409 target=1442 steer=-0.384 speed=0.120
[ground_truth_amcl_monitor-7] [INFO] [1788254437.678517729] [ground_truth_amcl_monitor]: AMCL vs GT: gt=(-2.440, -3.231) amcl=(1.830, 1.219) error=6.168 m / 0.573 rad; odom=(-9.228, 0.135, 1.121) error=7.577 m / 0.000 rad; ekf=(1.861, 1.069, -0.036) error=6.082 m / 1.157 rad; RMS=4.191 m / 0.917 rad max=6.168 m / 1.693 rad samples=390
[gpu_amcl_cpp_node-5] [INFO] [1788254438.181494987] [gpu_amcl_cpp]: AMCL odom delta: at_scan=(21.154, -5.453, -1.801) baseline=(21.166, -5.402, -1.801) delta=(-0.012, -0.051, -0.000) moved=true scan_age=0.001s
[gpu_amcl_cpp_node-5] [INFO] [1788254438.321137548] [gpu_amcl_cpp]: AMCL local correction: odom_prediction=(2.066, 1.331, 0.623) scan=(2.059, 1.255, 0.667) correction=0.077 m/0.043 rad cluster_weight=0.880 publish=true
[component_container-8] [INFO] [1788254438.648907335] [pure_pursuit_node]: Pure Pursuit: pose=(2.089, 1.263, 0.052) cte=-0.797 closest=1425 target=1458 steer=-0.431 speed=0.120
[ground_truth_amcl_monitor-7] [INFO] [1788254438.816082583] [ground_truth_amcl_monitor]: AMCL vs GT: gt=(-2.437, -3.226) amcl=(2.093, 1.314) error=6.414 m / 0.477 rad; odom=(-9.087, 0.427, 1.111) error=7.587 m / 0.000 rad; ekf=(2.124, 1.275, 0.055) error=6.409 m / 1.056 rad; RMS=4.245 m / 0.910 rad max=6.414 m / 1.693 rad samples=398
[gpu_amcl_cpp_node-5] [INFO] [1788254439.091613010] [gpu_amcl_cpp]: Received LiDAR callback #508 (1081 ranges).
[gpu_amcl_cpp_node-5] [INFO] [1788254439.222228498] [gpu_amcl_cpp]: AMCL odom delta: at_scan=(21.070, -5.719, -2.016) baseline=(21.092, -5.670, -1.982) delta=(-0.022, -0.049, -0.034) moved=true scan_age=0.001s
[gpu_amcl_cpp_node-5] [INFO] [1788254439.356500044] [gpu_amcl_cpp]: AMCL local correction: odom_prediction=(2.290, 1.379, 0.461) scan=(2.291, 1.311, 0.489) correction=0.068 m/0.029 rad cluster_weight=0.878 publish=true
[sensor_odometry_node-2] [INFO] [1788254439.492887248] [sensor_odometry]: Odometry: dl=0.000 dr=0.000 ds=0.050 wheel_speed=0.000 mapped=0.000 body_speed=0.353 speed=0.353 pose=(21.027, -5.809, -2.016) enc=(299.672, 299.453) wheel_slip=true confidence=1.00
[component_container-8] [INFO] [1788254439.649527748] [pure_pursuit_node]: Pure Pursuit: pose=(2.416, 1.327, -0.065) cte=-0.822 closest=1441 target=1474 steer=-0.394 speed=0.120
[ground_truth_amcl_monitor-7] [INFO] [1788254439.853257639] [ground_truth_amcl_monitor]: AMCL vs GT: gt=(-2.358, -3.101) amcl=(2.436, 1.378) error=6.561 m / 0.426 rad; odom=(-8.858, 0.749, 0.906) error=7.554 m / 0.000 rad; ekf=(2.467, 1.337, -0.049) error=6.556 m / 0.955 rad; RMS=4.293 m / 0.904 rad max=6.561 m / 1.693 rad samples=405
[gpu_amcl_cpp_node-5] [INFO] [1788254440.286529024] [gpu_amcl_cpp]: AMCL odom delta: at_scan=(20.964, -5.942, -2.022) baseline=(20.978, -5.912, -2.016) delta=(-0.014, -0.030, -0.006) moved=true scan_age=0.001s
[gpu_amcl_cpp_node-5] [INFO] [1788254440.286691732] [gpu_amcl_cpp]: Starting AMCL scan update #516 (sampled from 1081 ranges).
[gpu_amcl_cpp_node-5] [INFO] [1788254440.288343958] [gpu_amcl_cpp]: AMCL scan update #516 completed; evaluating pose confidence.
[gpu_amcl_cpp_node-5] [INFO] [1788254440.437457628] [gpu_amcl_cpp]: AMCL local correction: odom_prediction=(2.538, 1.409, 0.414) scan=(2.525, 1.326, 0.424) correction=0.084 m/0.010 rad cluster_weight=0.867 publish=true
[component_container-8] [INFO] [1788254440.752405522] [pure_pursuit_node]: Pure Pursuit: pose=(2.678, 1.364, -0.141) cte=-0.832 closest=1453 target=1486 steer=-0.371 speed=0.120
[ground_truth_amcl_monitor-7] [INFO] [1788254440.902709909] [ground_truth_amcl_monitor]: AMCL vs GT: gt=(-2.259, -2.996) amcl=(2.707, 1.394) error=6.628 m / 0.410 rad; odom=(-8.649, 0.961, 0.713) error=7.517 m / 0.000 rad; ekf=(2.733, 1.366, -0.121) error=6.628 m / 0.835 rad; RMS=4.342 m / 0.898 rad max=6.628 m / 1.693 rad samples=412
[gpu_amcl_cpp_node-5] [INFO] [1788254441.320530074] [gpu_amcl_cpp]: AMCL odom delta: at_scan=(20.719, -6.302, -2.209) baseline=(20.753, -6.255, -2.209) delta=(-0.034, -0.046, -0.000) moved=true scan_age=0.001s
[sensor_odometry_node-2] [INFO] [1788254441.636672606] [sensor_odometry]: Odometry: dl=0.000 dr=0.000 ds=0.000 wheel_speed=0.000 mapped=0.000 body_speed=0.000 speed=0.000 pose=(20.719, -6.302, -2.209) enc=(302.332, 302.048) wheel_slip=false confidence=1.00
[component_container-8] [INFO] [1788254441.849001682] [pure_pursuit_node]: Pure Pursuit: pose=(2.931, 1.392, -0.009) cte=-0.838 closest=1465 target=1498 steer=-0.432 speed=0.120
[gpu_amcl_cpp_node-5] [INFO] [1788254441.852343770] [gpu_amcl_cpp]: AMCL local correction: odom_prediction=(2.919, 1.407, 0.294) scan=(2.916, 1.337, 0.300) correction=0.070 m/0.006 rad cluster_weight=0.854 publish=true
[ground_truth_amcl_monitor-7] [INFO] [1788254442.072566089] [ground_truth_amcl_monitor]: AMCL vs GT: gt=(-2.213, -2.960) amcl=(3.087, 1.413) error=6.872 m / 0.410 rad; odom=(-8.345, 1.213, 0.633) error=7.417 m / 0.000 rad; ekf=(3.102, 1.391, -0.053) error=6.869 m / 0.687 rad; RMS=4.393 m / 0.892 rad max=6.872 m / 1.693 rad samples=419
[gpu_amcl_cpp_node-5] [INFO] [1788254442.439035187] [gpu_amcl_cpp]: AMCL odom delta: at_scan=(20.402, -6.653, -2.393) baseline=(20.490, -6.569, -2.376) delta=(-0.088, -0.083, -0.016) moved=true scan_age=0.001s
[component_container-8] [INFO] [1788254442.892971438] [pure_pursuit_node]: Pure Pursuit: pose=(3.522, 1.403, -0.021) cte=-0.811 closest=1494 target=1527 steer=-0.432 speed=0.120
[gpu_amcl_cpp_node-5] [INFO] [1788254443.173561975] [gpu_amcl_cpp]: AMCL local correction: odom_prediction=(3.541, 1.391, 0.110) scan=(3.530, 1.307, 0.110) correction=0.084 m/0.000 rad cluster_weight=0.862 publish=true
[ground_truth_amcl_monitor-7] [INFO] [1788254443.177537732] [ground_truth_amcl_monitor]: AMCL vs GT: gt=(-2.149, -2.918) amcl=(3.538, 1.370) error=7.122 m / 0.416 rad; odom=(-7.950, 1.455, 0.526) error=7.264 m / 0.000 rad; ekf=(3.547, 1.404, 0.028) error=7.150 m / 0.498 rad; RMS=4.450 m / 0.886 rad max=7.122 m / 1.693 rad samples=426
[gpu_amcl_cpp_node-5] [INFO] [1788254443.469508685] [gpu_amcl_cpp]: AMCL odom delta: at_scan=(20.135, -6.888, -2.560) baseline=(20.182, -6.853, -2.456) delta=(-0.047, -0.035, -0.104) moved=true scan_age=0.001s
[sensor_odometry_node-2] [INFO] [1788254443.649767770] [sensor_odometry]: Odometry: dl=0.000 dr=0.000 ds=0.097 wheel_speed=0.000 mapped=0.000 body_speed=0.530 speed=0.530 pose=(20.053, -6.940, -2.599) enc=(307.510, 307.146) wheel_slip=true confidence=1.00
[component_container-8] [INFO] [1788254444.046273157] [pure_pursuit_node]: Pure Pursuit: pose=(3.967, 1.323, -0.126) cte=-0.716 closest=1515 target=1548 steer=-0.405 speed=0.120
[gpu_amcl_cpp_node-5] [INFO] [1788254444.251445770] [gpu_amcl_cpp]: Received LiDAR callback #540 (1081 ranges).
[gpu_amcl_cpp_node-5] [INFO] [1788254444.254871855] [gpu_amcl_cpp]: AMCL local correction: odom_prediction=(4.043, 1.252, -0.090) scan=(4.042, 1.182, -0.078) correction=0.070 m/0.012 rad cluster_weight=0.829 publish=true
[ground_truth_amcl_monitor-7] [INFO] [1788254444.260523085] [ground_truth_amcl_monitor]: AMCL vs GT: gt=(-2.022, -2.860) amcl=(4.043, 1.235) error=7.318 m / 0.410 rad; odom=(-7.458, 1.642, 0.323) error=7.059 m / 0.000 rad; ekf=(4.055, 1.295, -0.121) error=7.362 m / 0.444 rad; RMS=4.499 m / 0.882 rad max=7.318 m / 1.693 rad samples=432
[gpu_amcl_cpp_node-5] [INFO] [1788254444.581613074] [gpu_amcl_cpp]: AMCL odom delta: at_scan=(19.807, -7.088, -2.599) baseline=(19.807, -7.088, -2.599) delta=(0.000, 0.000, -0.000) moved=false scan_age=0.001s
[component_container-8] [INFO] [1788254445.143691365] [pure_pursuit_node]: Pure Pursuit: pose=(4.246, 1.215, -0.282) cte=-0.605 closest=1528 target=1561 steer=-0.332 speed=0.120
[gpu_amcl_cpp_node-5] [INFO] [1788254445.303638145] [gpu_amcl_cpp]: Starting AMCL scan update #546 (sampled from 1081 ranges).
[gpu_amcl_cpp_node-5] [INFO] [1788254445.305376370] [gpu_amcl_cpp]: AMCL scan update #546 completed; evaluating pose confidence.
[gpu_amcl_cpp_node-5] [INFO] [1788254445.306900042] [gpu_amcl_cpp]: AMCL local correction: odom_prediction=(4.322, 1.136, -0.287) scan=(4.306, 1.093, -0.280) correction=0.047 m/0.007 rad cluster_weight=0.822 publish=true
[ground_truth_amcl_monitor-7] [INFO] [1788254445.312367213] [ground_truth_amcl_monitor]: AMCL vs GT: gt=(-1.872, -2.827) amcl=(4.318, 1.126) error=7.344 m / 0.402 rad; odom=(-7.172, 1.707, 0.116) error=6.975 m / 0.000 rad; ekf=(4.331, 1.182, -0.305) error=7.385 m / 0.421 rad; RMS=4.550 m / 0.877 rad max=7.350 m / 1.693 rad samples=438
[gpu_amcl_cpp_node-5] [INFO] [1788254445.605141763] [gpu_amcl_cpp]: AMCL odom delta: at_scan=(19.395, -7.265, -2.806) baseline=(19.469, -7.239, -2.806) delta=(-0.074, -0.026, -0.000) moved=true scan_age=0.001s
[sensor_odometry_node-2] [INFO] [1788254445.741054398] [sensor_odometry]: Odometry: dl=0.000 dr=0.000 ds=0.068 wheel_speed=0.000 mapped=0.000 body_speed=0.489 speed=0.489 pose=(19.331, -7.287, -2.806) enc=(310.353, 309.925) wheel_slip=true confidence=1.00
[component_container-8] [INFO] [1788254446.245585038] [pure_pursuit_node]: Pure Pursuit: pose=(4.590, 1.031, -0.288) cte=-0.424 closest=1545 target=1578 steer=-0.294 speed=0.200
[gpu_amcl_cpp_node-5] [INFO] [1788254446.469972543] [gpu_amcl_cpp]: AMCL local correction: odom_prediction=(4.683, 0.975, -0.284) scan=(4.674, 0.939, -0.257) correction=0.037 m/0.027 rad cluster_weight=0.832 publish=true
[ground_truth_amcl_monitor-7] [INFO] [1788254446.476213845] [ground_truth_amcl_monitor]: AMCL vs GT: gt=(-1.855, -2.825) amcl=(4.681, 0.966) error=7.555 m / 0.377 rad; odom=(-6.787, 1.751, 0.100) error=6.728 m / 0.000 rad; ekf=(4.687, 0.996, -0.301) error=7.576 m / 0.401 rad; RMS=4.610 m / 0.871 rad max=7.555 m / 1.693 rad samples=445
[gpu_amcl_cpp_node-5] [INFO] [1788254446.654574487] [gpu_amcl_cpp]: AMCL odom delta: at_scan=(18.999, -7.393, -2.885) baseline=(19.175, -7.340, -2.822) delta=(-0.177, -0.052, -0.063) moved=true scan_age=0.001s
[component_container-8] [INFO] [1788254447.356848107] [pure_pursuit_node]: Pure Pursuit: pose=(5.247, 0.718, -0.476) cte=-0.139 closest=1577 target=1612 steer=0.083 speed=0.200
[gpu_amcl_cpp_node-5] [INFO] [1788254447.511629907] [gpu_amcl_cpp]: AMCL local correction: odom_prediction=(5.288, 0.685, -0.440) scan=(5.292, 0.680, -0.411) correction=0.006 m/0.028 rad cluster_weight=0.857 publish=true
[ground_truth_amcl_monitor-7] [INFO] [1788254447.515561604] [ground_truth_amcl_monitor]: AMCL vs GT: gt=(-1.605, -2.827) amcl=(5.289, 0.684) error=7.737 m / 0.332 rad; odom=(-6.126, 1.732, -0.100) error=6.421 m / 0.000 rad; ekf=(5.288, 0.694, -0.471) error=7.741 m / 0.371 rad; RMS=4.673 m / 0.866 rad max=7.737 m / 1.693 rad samples=452
[sensor_odometry_node-2] [INFO] [1788254447.788747335] [sensor_odometry]: Odometry: dl=0.000 dr=0.000 ds=0.000 wheel_speed=0.000 mapped=0.000 body_speed=0.000 speed=0.000 pose=(18.526, -7.466, -3.022) enc=(315.599, 315.203) wheel_slip=false confidence=1.00
[gpu_amcl_cpp_node-5] [INFO] [1788254447.792110494] [gpu_amcl_cpp]: AMCL odom delta: at_scan=(18.526, -7.466, -3.022) baseline=(18.526, -7.466, -3.022) delta=(0.000, 0.000, -0.000) moved=false scan_age=0.001s
[component_container-8] [INFO] [1788254448.556313394] [pure_pursuit_node]: Pure Pursuit: pose=(5.569, 0.563, -0.381) cte=-0.010 closest=1594 target=1627 steer=0.118 speed=0.200
[ground_truth_amcl_monitor-7] [INFO] [1788254448.559573625] [ground_truth_amcl_monitor]: AMCL vs GT: gt=(-1.406, -2.842) amcl=(5.569, 0.564) error=7.762 m / 0.302 rad; odom=(-5.822, 1.707, -0.046) error=6.340 m / 0.000 rad; ekf=(5.569, 0.563, -0.381) error=7.761 m / 0.335 rad; RMS=4.735 m / 0.860 rad max=7.804 m / 1.693 rad samples=459
[gpu_amcl_cpp_node-5] [INFO] [1788254448.844563765] [gpu_amcl_cpp]: AMCL odom delta: at_scan=(18.168, -7.517, -2.962) baseline=(18.224, -7.507, -2.971) delta=(-0.056, -0.010, 0.009) moved=true scan_age=0.001s
[gpu_amcl_cpp_node-5] [INFO] [1788254448.847842327] [gpu_amcl_cpp]: AMCL local correction: odom_prediction=(5.622, 0.545, -0.339) scan=(5.625, 0.540, -0.305) correction=0.006 m/0.034 rad cluster_weight=0.856 publish=true
[gpu_amcl_cpp_node-5] [INFO] [1788254449.305219083] [gpu_amcl_cpp]: Received LiDAR callback #572 (1081 ranges).
[component_container-8] [INFO] [1788254449.578640991] [pure_pursuit_node]: Pure Pursuit: pose=(5.896, 0.459, -0.260) cte=0.061 closest=1611 target=1645 steer=0.079 speed=0.200
[ground_truth_amcl_monitor-7] [INFO] [1788254449.585518669] [ground_truth_amcl_monitor]: AMCL vs GT: gt=(-1.164, -2.843) amcl=(5.898, 0.462) error=7.798 m / 0.267 rad; odom=(-5.481, 1.701, 0.039) error=6.268 m / 0.000 rad; ekf=(5.896, 0.459, -0.261) error=7.794 m / 0.300 rad; RMS=4.796 m / 0.854 rad max=7.840 m / 1.693 rad samples=466
[sensor_odometry_node-2] [INFO] [1788254449.861851774] [sensor_odometry]: Odometry: dl=0.108 dr=0.108 ds=0.096 wheel_speed=0.740 mapped=0.732 body_speed=0.655 speed=0.655 pose=(17.712, -7.626, -2.847) enc=(329.661, 329.252) wheel_slip=false confidence=1.00
[gpu_amcl_cpp_node-5] [INFO] [1788254449.864358283] [gpu_amcl_cpp]: AMCL odom delta: at_scan=(17.712, -7.626, -2.847) baseline=(17.804, -7.599, -2.870) delta=(-0.092, -0.027, 0.023) moved=true scan_age=0.001s
[gpu_amcl_cpp_node-5] [INFO] [1788254449.867434794] [gpu_amcl_cpp]: AMCL local correction: odom_prediction=(6.077, 0.423, -0.188) scan=(6.072, 0.425, -0.183) correction=0.005 m/0.005 rad cluster_weight=0.859 publish=true
[gpu_amcl_cpp_node-5] [INFO] [1788254450.387559774] [gpu_amcl_cpp]: Starting AMCL scan update #580 (sampled from 1081 ranges).
[gpu_amcl_cpp_node-5] [INFO] [1788254450.389198872] [gpu_amcl_cpp]: AMCL scan update #580 completed; evaluating pose confidence.
[component_container-8] [INFO] [1788254450.685048256] [pure_pursuit_node]: Pure Pursuit: pose=(6.348, 0.371, -0.168) cte=0.092 closest=1634 target=1667 steer=0.019 speed=0.200
[ground_truth_amcl_monitor-7] [INFO] [1788254450.689069310] [ground_truth_amcl_monitor]: AMCL vs GT: gt=(-0.790, -2.813) amcl=(6.346, 0.375) error=7.816 m / 0.270 rad; odom=(-5.021, 1.737, 0.108) error=6.213 m / 0.000 rad; ekf=(6.348, 0.371, -0.168) error=7.816 m / 0.276 rad; RMS=4.862 m / 0.848 rad max=7.867 m / 1.693 rad samples=474
[gpu_amcl_cpp_node-5] [INFO] [1788254450.973861265] [gpu_amcl_cpp]: AMCL odom delta: at_scan=(17.380, -7.734, -2.814) baseline=(17.448, -7.711, -2.820) delta=(-0.068, -0.023, 0.006) moved=true scan_age=0.001s
[gpu_amcl_cpp_node-5] [INFO] [1788254450.976887365] [gpu_amcl_cpp]: AMCL local correction: odom_prediction=(6.417, 0.364, -0.156) scan=(6.408, 0.365, -0.167) correction=0.009 m/0.011 rad cluster_weight=0.854 publish=true
[component_container-8] [INFO] [1788254451.765057254] [pure_pursuit_node]: Pure Pursuit: pose=(6.869, 0.290, -0.156) cte=0.095 closest=1660 target=1697 steer=-0.024 speed=0.200
[ground_truth_amcl_monitor-7] [INFO] [1788254451.770875562] [ground_truth_amcl_monitor]: AMCL vs GT: gt=(-0.485, -2.778) amcl=(6.855, 0.289) error=7.955 m / 0.275 rad; odom=(-4.497, 1.797, 0.117) error=6.085 m / 0.000 rad; ekf=(6.866, 0.291, -0.156) error=7.966 m / 0.273 rad; RMS=4.927 m / 0.841 rad max=7.955 m / 1.693 rad samples=482
[sensor_odometry_node-2] [INFO] [1788254451.895007610] [sensor_odometry]: Odometry: dl=0.127 dr=0.127 ds=0.106 wheel_speed=0.958 mapped=0.948 body_speed=0.805 speed=0.805 pose=(16.849, -7.919, -2.807) enc=(348.615, 348.203) wheel_slip=false confidence=1.00
[gpu_amcl_cpp_node-5] [INFO] [1788254452.045327529] [gpu_amcl_cpp]: AMCL odom delta: at_scan=(16.849, -7.919, -2.811) baseline=(16.849, -7.919, -2.807) delta=(0.000, 0.000, -0.004) moved=false scan_age=0.001s
[gpu_amcl_cpp_node-5] [INFO] [1788254452.342764255] [gpu_amcl_cpp]: AMCL local correction: odom_prediction=(7.026, 0.258, -0.163) scan=(7.021, 0.242, -0.154) correction=0.017 m/0.009 rad cluster_weight=0.860 publish=true
[component_container-8] [INFO] [1788254452.891294526] [pure_pursuit_node]: Pure Pursuit: pose=(7.267, 0.218, -0.178) cte=0.096 closest=1681 target=1714 steer=-0.030 speed=0.200
[ground_truth_amcl_monitor-7] [INFO] [1788254452.894879464] [ground_truth_amcl_monitor]: AMCL vs GT: gt=(-0.088, -2.735) amcl=(7.254, 0.205) error=7.909 m / 0.254 rad; odom=(-4.082, 1.842, 0.091) error=6.075 m / 0.000 rad; ekf=(7.267, 0.218, -0.178) error=7.926 m / 0.268 rad; RMS=4.991 m / 0.835 rad max=7.991 m / 1.693 rad samples=490
[gpu_amcl_cpp_node-5] [INFO] [1788254453.182466890] [gpu_amcl_cpp]: AMCL odom delta: at_scan=(16.358, -8.081, -2.836) baseline=(16.502, -8.035, -2.832) delta=(-0.144, -0.046, -0.005) moved=true scan_age=0.001s
[gpu_amcl_cpp_node-5] [INFO] [1788254453.345059662] [gpu_amcl_cpp]: AMCL local correction: odom_prediction=(7.532, 0.147, -0.172) scan=(7.525, 0.127, -0.152) correction=0.021 m/0.020 rad cluster_weight=0.859 publish=true
[sensor_odometry_node-2] [INFO] [1788254453.912771630] [sensor_odometry]: Odometry: dl=0.011 dr=0.011 ds=0.053 wheel_speed=0.077 mapped=0.076 body_speed=0.383 speed=0.383 pose=(16.127, -8.151, -2.850) enc=(360.678, 360.269) wheel_slip=true confidence=1.00
[component_container-8] [INFO] [1788254453.914934328] [pure_pursuit_node]: Pure Pursuit: pose=(7.695, 0.119, -0.178) cte=0.107 closest=1703 target=1738 steer=-0.036 speed=0.200
[ground_truth_amcl_monitor-7] [INFO] [1788254453.921279486] [ground_truth_amcl_monitor]: AMCL vs GT: gt=(0.093, -2.720) amcl=(7.678, 0.099) error=8.092 m / 0.219 rad; odom=(-3.635, 1.879, 0.072) error=5.920 m / 0.000 rad; ekf=(7.693, 0.120, -0.178) error=8.114 m / 0.250 rad; RMS=5.046 m / 0.830 rad max=8.092 m / 1.693 rad samples=497
[gpu_amcl_cpp_node-5] [INFO] [1788254454.305785099] [gpu_amcl_cpp]: Received LiDAR callback #608 (1081 ranges).
[gpu_amcl_cpp_node-5] [INFO] [1788254454.305888210] [gpu_amcl_cpp]: AMCL odom delta: at_scan=(15.963, -8.199, -2.860) baseline=(16.033, -8.179, -2.859) delta=(-0.071, -0.020, -0.002) moved=true scan_age=0.001s
[gpu_amcl_cpp_node-5] [INFO] [1788254454.430048299] [gpu_amcl_cpp]: AMCL local correction: odom_prediction=(7.907, 0.051, -0.140) scan=(7.906, 0.028, -0.109) correction=0.024 m/0.031 rad cluster_weight=0.866 publish=true
[component_container-8] [INFO] [1788254455.013798177] [pure_pursuit_node]: Pure Pursuit: pose=(8.148, 0.007, -0.141) cte=0.116 closest=1726 target=1759 steer=-0.078 speed=0.200
[ground_truth_amcl_monitor-7] [INFO] [1788254455.015329703] [ground_truth_amcl_monitor]: AMCL vs GT: gt=(0.188, -2.713) amcl=(8.141, -0.011) error=8.399 m / 0.157 rad; odom=(-3.154, 1.909, 0.062) error=5.705 m / 0.000 rad; ekf=(8.148, 0.007, -0.141) error=8.411 m / 0.202 rad; RMS=5.121 m / 0.823 rad max=8.399 m / 1.693 rad samples=506
[gpu_amcl_cpp_node-5] [INFO] [1788254455.434591797] [gpu_amcl_cpp]: AMCL odom delta: at_scan=(15.547, -8.319, -2.867) baseline=(15.664, -8.286, -2.861) delta=(-0.118, -0.034, -0.006) moved=true scan_age=0.000s
[gpu_amcl_cpp_node-5] [INFO] [1788254455.434666591] [gpu_amcl_cpp]: Starting AMCL scan update #616 (sampled from 1081 ranges).
[gpu_amcl_cpp_node-5] [INFO] [1788254455.436166044] [gpu_amcl_cpp]: AMCL scan update #616 completed; evaluating pose confidence.
[gpu_amcl_cpp_node-5] [INFO] [1788254455.437605658] [gpu_amcl_cpp]: AMCL local correction: odom_prediction=(8.262, -0.023, -0.102) scan=(8.254, -0.051, -0.067) correction=0.030 m/0.035 rad cluster_weight=0.849 publish=true
[sensor_odometry_node-2] [INFO] [1788254456.070557804] [sensor_odometry]: Odometry: dl=0.000 dr=0.000 ds=0.075 wheel_speed=0.000 mapped=0.000 body_speed=0.354 speed=0.354 pose=(15.097, -8.418, -3.002) enc=(371.703, 371.215) wheel_slip=true confidence=1.00
[component_container-8] [INFO] [1788254456.071965266] [pure_pursuit_node]: Pure Pursuit: pose=(8.720, -0.098, -0.248) cte=0.074 closest=1755 target=1790 steer=-0.056 speed=0.200
[ground_truth_amcl_monitor-7] [INFO] [1788254456.077160884] [ground_truth_amcl_monitor]: AMCL vs GT: gt=(0.759, -2.717) amcl=(8.724, -0.109) error=8.381 m / 0.093 rad; odom=(-2.572, 1.915, -0.080) error=5.705 m / 0.000 rad; ekf=(8.719, -0.098, -0.248) error=8.380 m / 0.167 rad; RMS=5.163 m / 0.819 rad max=8.504 m / 1.693 rad samples=511
[gpu_amcl_cpp_node-5] [INFO] [1788254456.624291768] [gpu_amcl_cpp]: AMCL odom delta: at_scan=(14.986, -8.434, -3.002) baseline=(15.032, -8.427, -3.002) delta=(-0.046, -0.007, -0.000) moved=true scan_age=0.003s
[gpu_amcl_cpp_node-5] [INFO] [1788254456.628663611] [gpu_amcl_cpp]: AMCL local correction: odom_prediction=(8.840, -0.131, -0.150) scan=(8.849, -0.147, -0.057) correction=0.018 m/0.093 rad cluster_weight=0.858 publish=true
[actuator_interface-9] [WARN] [1788254456.996135857] [autodrive_actuator_interface]: Neutral output: command timeout
[component_container-8] [INFO] [1788254457.300966606] [pure_pursuit_node]: Pure Pursuit: pose=(8.838, -0.127, -0.195) cte=0.069 closest=1762 target=1795 steer=-0.150 speed=0.200
[ground_truth_amcl_monitor-7] [INFO] [1788254457.306416880] [ground_truth_amcl_monitor]: AMCL vs GT: gt=(0.779, -2.719) amcl=(8.842, -0.135) error=8.467 m / 0.042 rad; odom=(-2.460, 1.906, -0.085) error=5.646 m / 0.000 rad; ekf=(8.838, -0.127, -0.195) error=8.465 m / 0.110 rad; RMS=5.197 m / 0.816 rad max=8.504 m / 1.693 rad samples=515
[gpu_amcl_cpp_node-5] [INFO] [1788254457.716799089] [gpu_amcl_cpp]: AMCL odom delta: at_scan=(14.704, -8.468, -3.041) baseline=(14.891, -8.446, -3.013) delta=(-0.187, -0.022, -0.028) moved=true scan_age=0.001s
[gpu_amcl_cpp_node-5] [INFO] [1788254457.720237568] [gpu_amcl_cpp]: AMCL local correction: odom_prediction=(9.128, -0.177, -0.144) scan=(9.149, -0.190, -0.063) correction=0.025 m/0.080 rad cluster_weight=0.854 publish=true
[sensor_odometry_node-2] [INFO] [1788254458.153518196] [sensor_odometry]: Odometry: dl=0.000 dr=0.000 ds=0.168 wheel_speed=0.000 mapped=0.000 body_speed=0.728 speed=0.728 pose=(14.302, -8.494, -3.108) enc=(376.641, 376.134) wheel_slip=true confidence=1.00
[actuator_interface-9] [WARN] [1788254458.490951923] [autodrive_actuator_interface]: Neutral output: command timeout
[component_container-8] [INFO] [1788254458.572235495] [pure_pursuit_node]: Pure Pursuit: pose=(9.638, -0.278, -0.230) cte=-0.040 closest=1802 target=1837 steer=-0.256 speed=0.200
[ground_truth_amcl_monitor-7] [INFO] [1788254458.585547471] [ground_truth_amcl_monitor]: AMCL vs GT: gt=(1.029, -2.753) amcl=(9.645, -0.268) error=8.967 m / 0.041 rad; odom=(-1.669, 1.795, -0.188) error=5.288 m / 0.000 rad; ekf=(9.635, -0.277, -0.230) error=8.955 m / 0.042 rad; RMS=5.243 m / 0.812 rad max=8.967 m / 1.693 rad samples=520
[gpu_amcl_cpp_node-5] [INFO] [1788254458.787972703] [gpu_amcl_cpp]: AMCL odom delta: at_scan=(14.190, -8.498, -3.111) baseline=(14.190, -8.498, -3.110) delta=(0.000, 0.000, -0.000) moved=false scan_age=0.002s
[gpu_amcl_cpp_node-5] [INFO] [1788254459.365190947] [gpu_amcl_cpp]: Received LiDAR callback #631 (1081 ranges).
[gpu_amcl_cpp_node-5] [INFO] [1788254459.369096216] [gpu_amcl_cpp]: AMCL local correction: odom_prediction=(9.736, -0.282, -0.160) scan=(9.742, -0.299, -0.119) correction=0.017 m/0.041 rad cluster_weight=0.850 publish=true
[actuator_interface-9] [WARN] [1788254459.690598174] [autodrive_actuator_interface]: Neutral output: command timeout
[component_container-8] [INFO] [1788254459.752231006] [pure_pursuit_node]: Pure Pursuit: pose=(10.320, -0.420, -0.262) cte=-0.174 closest=1836 target=1879 steer=-0.267 speed=0.200
[ground_truth_amcl_monitor-7] [INFO] [1788254459.779389143] [ground_truth_amcl_monitor]: AMCL vs GT: gt=(1.100, -2.769) amcl=(10.306, -0.397) error=9.507 m / 0.052 rad; odom=(-1.011, 1.645, -0.258) error=4.892 m / 0.000 rad; ekf=(10.302, -0.415, -0.252) error=9.498 m / 0.005 rad; RMS=5.283 m / 0.808 rad max=9.507 m / 1.693 rad samples=524
[sensor_odometry_node-2] [INFO] [1788254460.027025042] [sensor_odometry]: Asymptotic passive coast: slip=-0.922 model=0.000 imu=1.444 fused=0.866 throttle=0.000
[gpu_amcl_cpp_node-5] [INFO] [1788254460.037136365] [gpu_amcl_cpp]: AMCL odom delta: at_scan=(13.268, -8.480, 3.065) baseline=(13.515, -8.494, 3.103) delta=(-0.247, 0.014, -0.039) moved=true scan_age=0.003s
[sensor_odometry_node-2] [INFO] [1788254460.281923301] [sensor_odometry]: Odometry: dl=0.000 dr=0.000 ds=0.214 wheel_speed=0.000 mapped=0.000 body_speed=0.839 speed=0.839 pose=(13.054, -8.463, 3.061) enc=(380.807, 380.326) wheel_slip=true confidence=0.00
[gpu_amcl_cpp_node-5] [INFO] [1788254460.545065604] [gpu_amcl_cpp]: Starting AMCL scan update #635 (sampled from 1081 ranges).
[gpu_amcl_cpp_node-5] [INFO] [1788254460.547072034] [gpu_amcl_cpp]: AMCL scan update #635 completed; evaluating pose confidence.
[gpu_amcl_cpp_node-5] [INFO] [1788254460.548975924] [gpu_amcl_cpp]: AMCL local correction: odom_prediction=(10.953, -0.575, -0.254) scan=(10.911, -0.619, -0.292) correction=0.060 m/0.038 rad cluster_weight=0.829 publish=true
[component_container-8] [INFO] [1788254460.760067723] [pure_pursuit_node]: Pure Pursuit: pose=(10.950, -0.581, -0.273) cte=-0.315 closest=1867 target=1900 steer=-0.503 speed=0.200
[ground_truth_amcl_monitor-7] [INFO] [1788254460.788405839] [ground_truth_amcl_monitor]: AMCL vs GT: gt=(1.203, -2.800) amcl=(10.942, -0.586) error=9.987 m / 0.036 rad; odom=(-0.367, 1.452, -0.299) error=4.532 m / 0.000 rad; ekf=(10.950, -0.581, -0.273) error=9.996 m / 0.027 rad; RMS=5.333 m / 0.805 rad max=9.987 m / 1.693 rad samples=528
[gpu_amcl_cpp_node-5] [INFO] [1788254461.235488829] [gpu_amcl_cpp]: AMCL odom delta: at_scan=(12.750, -8.437, 3.036) baseline=(12.844, -8.446, 3.062) delta=(-0.094, 0.009, -0.026) moved=true scan_age=0.002s
[gpu_amcl_cpp_node-5] [INFO] [1788254461.739489872] [gpu_amcl_cpp]: AMCL local correction: odom_prediction=(11.351, -0.774, -0.532) scan=(11.278, -0.814, -0.563) correction=0.084 m/0.031 rad cluster_weight=0.813 publish=true
[component_container-8] [INFO] [1788254461.914277213] [pure_pursuit_node]: Pure Pursuit: pose=(11.456, -0.826, -0.557) cte=-0.351 closest=1894 target=1927 steer=-0.347 speed=0.120
[ground_truth_amcl_monitor-7] [INFO] [1788254461.921004965] [ground_truth_amcl_monitor]: AMCL vs GT: gt=(1.361, -2.874) amcl=(11.411, -0.853) error=10.251 m / 0.003 rad; odom=(0.156, 1.211, -0.580) error=4.259 m / 0.000 rad; ekf=(11.454, -0.824, -0.557) error=10.299 m / 0.023 rad; RMS=5.398 m / 0.802 rad max=10.251 m / 1.693 rad samples=533
[sensor_odometry_node-2] [INFO] [1788254462.045517845] [sensor_odometry]: Asymptotic passive coast: slip=-1.000 model=0.000 imu=0.928 fused=0.557 throttle=0.000
[sensor_odometry_node-2] [INFO] [1788254462.316648819] [sensor_odometry]: Odometry: dl=0.000 dr=0.000 ds=0.000 wheel_speed=0.000 mapped=0.000 body_speed=0.000 speed=0.000 pose=(12.146, -8.273, 2.781) enc=(384.711, 384.272) wheel_slip=true confidence=0.00
[gpu_amcl_cpp_node-5] [INFO] [1788254462.320509513] [gpu_amcl_cpp]: AMCL odom delta: at_scan=(12.146, -8.273, 2.781) baseline=(12.146, -8.273, 2.781) delta=(0.000, 0.000, -0.000) moved=false scan_age=0.001s
[gpu_amcl_cpp_node-5] [INFO] [1788254462.808321044] [gpu_amcl_cpp]: AMCL local correction: odom_prediction=(11.581, -1.031, -0.656) scan=(11.530, -1.072, -0.678) correction=0.065 m/0.022 rad cluster_weight=0.812 publish=true
[component_container-8] [INFO] [1788254462.931743372] [pure_pursuit_node]: Pure Pursuit: pose=(11.651, -1.051, -0.711) cte=-0.259 closest=1908 target=1941 steer=-0.155 speed=0.120
[ground_truth_amcl_monitor-7] [INFO] [1788254462.938180686] [ground_truth_amcl_monitor]: AMCL vs GT: gt=(1.471, -2.957) amcl=(11.595, -1.084) error=10.296 m / 0.023 rad; odom=(0.417, 1.030, -0.707) error=4.124 m / 0.000 rad; ekf=(11.650, -1.050, -0.709) error=10.356 m / 0.002 rad; RMS=5.490 m / 0.796 rad max=10.329 m / 1.693 rad samples=540
[gpu_amcl_cpp_node-5] [INFO] [1788254463.334238274] [gpu_amcl_cpp]: AMCL odom delta: at_scan=(11.895, -8.153, 2.627) baseline=(11.919, -8.167, 2.626) delta=(-0.025, 0.014, 0.000) moved=true scan_age=0.001s
[component_container-8] [INFO] [1788254464.060881560] [pure_pursuit_node]: Pure Pursuit: pose=(11.690, -1.233, -0.752) cte=-0.126 closest=1914 target=1948 steer=0.053 speed=0.200
[gpu_amcl_cpp_node-5] [INFO] [1788254464.063939134] [gpu_amcl_cpp]: AMCL local correction: odom_prediction=(11.661, -1.250, -0.753) scan=(11.617, -1.286, -0.738) correction=0.057 m/0.015 rad cluster_weight=0.830 publish=true
[ground_truth_amcl_monitor-7] [INFO] [1788254464.067535764] [ground_truth_amcl_monitor]: AMCL vs GT: gt=(1.496, -2.979) amcl=(11.650, -1.259) error=10.299 m / 0.014 rad; odom=(0.553, 0.908, -0.734) error=3.999 m / 0.000 rad; ekf=(11.690, -1.232, -0.752) error=10.342 m / 0.017 rad; RMS=5.590 m / 0.791 rad max=10.329 m / 1.693 rad samples=548
[sensor_odometry_node-2] [INFO] [1788254464.331993851] [sensor_odometry]: Odometry: dl=0.059 dr=0.059 ds=0.062 wheel_speed=0.425 mapped=0.421 body_speed=0.448 speed=0.448 pose=(11.709, -8.049, 2.638) enc=(390.261, 389.692) wheel_slip=false confidence=1.00
[gpu_amcl_cpp_node-5] [INFO] [1788254464.335429674] [gpu_amcl_cpp]: AMCL odom delta: at_scan=(11.709, -8.049, 2.638) baseline=(11.763, -8.079, 2.630) delta=(-0.054, 0.030, 0.008) moved=true scan_age=0.001s
[gpu_amcl_cpp_node-5] [INFO] [1788254464.509719394] [gpu_amcl_cpp]: Received LiDAR callback #659 (1081 ranges).
[component_container-8] [INFO] [1788254465.215409727] [pure_pursuit_node]: Pure Pursuit: pose=(11.913, -1.550, -0.723) cte=0.019 closest=1932 target=1965 steer=0.203 speed=0.200
[ground_truth_amcl_monitor-7] [INFO] [1788254465.219278923] [ground_truth_amcl_monitor]: AMCL vs GT: gt=(1.611, -3.082) amcl=(11.877, -1.575) error=10.376 m / 0.015 rad; odom=(0.853, 0.643, -0.717) error=3.801 m / 0.000 rad; ekf=(11.913, -1.550, -0.723) error=10.415 m / 0.006 rad; RMS=5.674 m / 0.786 rad max=10.376 m / 1.693 rad samples=555
[gpu_amcl_cpp_node-5] [INFO] [1788254465.375893158] [gpu_amcl_cpp]: AMCL odom delta: at_scan=(11.477, -7.923, 2.644) baseline=(11.477, -7.923, 2.644) delta=(0.000, 0.000, -0.000) moved=false scan_age=0.001s
[gpu_amcl_cpp_node-5] [INFO] [1788254465.557646691] [gpu_amcl_cpp]: Starting AMCL scan update #665 (sampled from 1081 ranges).
[gpu_amcl_cpp_node-5] [INFO] [1788254465.559588171] [gpu_amcl_cpp]: AMCL scan update #665 completed; evaluating pose confidence.
[gpu_amcl_cpp_node-5] [INFO] [1788254465.561457350] [gpu_amcl_cpp]: AMCL local correction: odom_prediction=(11.923, -1.614, -0.698) scan=(11.882, -1.635, -0.676) correction=0.046 m/0.022 rad cluster_weight=0.842 publish=true
[component_container-8] [INFO] [1788254466.274941186] [pure_pursuit_node]: Pure Pursuit: pose=(12.388, -1.970, -0.594) cte=0.108 closest=1964 target=2001 steer=0.113 speed=0.200
[ground_truth_amcl_monitor-7] [INFO] [1788254466.283584350] [ground_truth_amcl_monitor]: AMCL vs GT: gt=(1.763, -3.199) amcl=(12.350, -1.978) error=10.657 m / 0.031 rad; odom=(1.368, 0.246, -0.605) error=3.468 m / 0.000 rad; ekf=(12.385, -1.968, -0.594) error=10.693 m / 0.011 rad; RMS=5.747 m / 0.781 rad max=10.657 m / 1.693 rad samples=561
[sensor_odometry_node-2] [INFO] [1788254466.444594604] [sensor_odometry]: Odometry: dl=0.000 dr=0.000 ds=0.095 wheel_speed=0.000 mapped=0.000 body_speed=0.548 speed=0.548 pose=(10.800, -7.611, 2.756) enc=(394.361, 393.766) wheel_slip=true confidence=1.00
[gpu_amcl_cpp_node-5] [INFO] [1788254466.449752719] [gpu_amcl_cpp]: AMCL odom delta: at_scan=(10.800, -7.611, 2.756) baseline=(10.888, -7.647, 2.756) delta=(-0.088, 0.036, -0.000) moved=true scan_age=0.001s
[gpu_amcl_cpp_node-5] [INFO] [1788254466.660505515] [gpu_amcl_cpp]: AMCL local correction: odom_prediction=(12.502, -2.083, -0.573) scan=(12.465, -2.084, -0.567) correction=0.037 m/0.006 rad cluster_weight=0.870 publish=true
[component_container-8] [INFO] [1788254467.280038018] [pure_pursuit_node]: Pure Pursuit: pose=(12.645, -2.171, -0.552) cte=0.138 closest=1980 target=2019 steer=0.103 speed=0.200
[ground_truth_amcl_monitor-7] [INFO] [1788254467.287970465] [ground_truth_amcl_monitor]: AMCL vs GT: gt=(1.805, -3.227) amcl=(12.613, -2.171) error=10.860 m / 0.037 rad; odom=(1.663, 0.044, -0.578) error=3.274 m / 0.000 rad; ekf=(12.641, -2.169, -0.554) error=10.888 m / 0.025 rad; RMS=5.824 m / 0.777 rad max=10.860 m / 1.693 rad samples=567
[gpu_amcl_cpp_node-5] [INFO] [1788254467.571673111] [gpu_amcl_cpp]: AMCL odom delta: at_scan=(10.416, -7.467, 2.841) baseline=(10.488, -7.490, 2.824) delta=(-0.071, 0.023, 0.017) moved=true scan_age=0.001s
[gpu_amcl_cpp_node-5] [INFO] [1788254467.727191138] [gpu_amcl_cpp]: AMCL local correction: odom_prediction=(12.788, -2.278, -0.463) scan=(12.763, -2.295, -0.436) correction=0.030 m/0.027 rad cluster_weight=0.853 publish=true
[component_container-8] [INFO] [1788254468.343248651] [pure_pursuit_node]: Pure Pursuit: pose=(12.938, -2.361, -0.466) cte=0.137 closest=1997 target=2030 steer=0.089 speed=0.200
[ground_truth_amcl_monitor-7] [INFO] [1788254468.347352466] [ground_truth_amcl_monitor]: AMCL vs GT: gt=(1.914, -3.294) amcl=(12.914, -2.369) error=11.039 m / 0.091 rad; odom=(2.000, -0.153, -0.520) error=3.142 m / 0.000 rad; ekf=(12.938, -2.361, -0.466) error=11.064 m / 0.054 rad; RMS=5.913 m / 0.773 rad max=11.039 m / 1.693 rad samples=574
[sensor_odometry_node-2] [INFO] [1788254468.506342359] [sensor_odometry]: Odometry: dl=0.000 dr=0.000 ds=0.000 wheel_speed=0.000 mapped=0.000 body_speed=0.000 speed=0.000 pose=(10.184, -7.395, 2.841) enc=(398.452, 397.840) wheel_slip=false confidence=1.00
[gpu_amcl_cpp_node-5] [INFO] [1788254468.687533541] [gpu_amcl_cpp]: AMCL odom delta: at_scan=(10.126, -7.377, 2.843) baseline=(10.184, -7.395, 2.841) delta=(-0.059, 0.018, 0.002) moved=true scan_age=0.002s
[gpu_amcl_cpp_node-5] [INFO] [1788254468.856418024] [gpu_amcl_cpp]: AMCL local correction: odom_prediction=(13.079, -2.449, -0.401) scan=(13.033, -2.462, -0.358) correction=0.048 m/0.043 rad cluster_weight=0.876 publish=true
[sensor_odometry_node-2] [INFO] [1788254469.181493739] [sensor_odometry]: Asymptotic passive coast: slip=-1.000 model=0.000 imu=0.755 fused=0.453 throttle=0.000
[component_container-8] [INFO] [1788254469.363955839] [pure_pursuit_node]: Pure Pursuit: pose=(13.394, -2.581, -0.385) cte=0.086 closest=2022 target=2060 steer=-0.055 speed=0.200
[ground_truth_amcl_monitor-7] [INFO] [1788254469.375050667] [ground_truth_amcl_monitor]: AMCL vs GT: gt=(2.074, -3.381) amcl=(13.351, -2.588) error=11.304 m / 0.152 rad; odom=(2.463, -0.402, -0.477) error=3.003 m / 0.000 rad; ekf=(13.389, -2.579, -0.385) error=11.343 m / 0.092 rad; RMS=5.991 m / 0.769 rad max=11.304 m / 1.693 rad samples=580
[gpu_amcl_cpp_node-5] [INFO] [1788254469.550632943] [gpu_amcl_cpp]: Received LiDAR callback #689 (1081 ranges).
[gpu_amcl_cpp_node-5] [INFO] [1788254469.698541655] [gpu_amcl_cpp]: AMCL odom delta: at_scan=(9.455, -7.194, 2.884) baseline=(9.552, -7.219, 2.884) delta=(-0.097, 0.026, -0.000) moved=true scan_age=0.001s
[gpu_amcl_cpp_node-5] [INFO] [1788254470.127906680] [gpu_amcl_cpp]: AMCL local correction: odom_prediction=(13.584, -2.688, -0.303) scan=(13.533, -2.716, -0.247) correction=0.058 m/0.056 rad cluster_weight=0.866 publish=true
[component_container-8] [INFO] [1788254470.381344885] [pure_pursuit_node]: Pure Pursuit: pose=(13.789, -2.755, -0.359) cte=0.048 closest=2044 target=2082 steer=-0.007 speed=0.200
[ground_truth_amcl_monitor-7] [INFO] [1788254470.387268450] [ground_truth_amcl_monitor]: AMCL vs GT: gt=(2.195, -3.446) amcl=(13.749, -2.772) error=11.573 m / 0.223 rad; odom=(2.884, -0.623, -0.510) error=2.906 m / 0.000 rad; ekf=(13.787, -2.754, -0.359) error=11.613 m / 0.151 rad; RMS=6.086 m / 0.764 rad max=11.577 m / 1.693 rad samples=587
[sensor_odometry_node-2] [INFO] [1788254470.624880902] [sensor_odometry]: Odometry: dl=0.000 dr=0.000 ds=0.030 wheel_speed=0.000 mapped=0.000 body_speed=0.248 speed=0.248 pose=(9.143, -7.105, 2.838) enc=(407.023, 406.414) wheel_slip=true confidence=1.00
[gpu_amcl_cpp_node-5] [INFO] [1788254470.626460014] [gpu_amcl_cpp]: Starting AMCL scan update #697 (sampled from 1081 ranges).
[gpu_amcl_cpp_node-5] [INFO] [1788254470.628042372] [gpu_amcl_cpp]: AMCL scan update #697 completed; evaluating pose confidence.
[gpu_amcl_cpp_node-5] [INFO] [1788254470.740734471] [gpu_amcl_cpp]: AMCL odom delta: at_scan=(9.126, -7.100, 2.838) baseline=(9.143, -7.105, 2.838) delta=(-0.017, 0.005, -0.000) moved=false scan_age=0.000s
[gpu_amcl_cpp_node-5] [INFO] [1788254471.196027967] [gpu_amcl_cpp]: AMCL local correction: odom_prediction=(13.939, -2.854, -0.244) scan=(13.919, -2.875, -0.152) correction=0.029 m/0.091 rad cluster_weight=0.854 publish=true
[component_container-8] [INFO] [1788254471.425334856] [pure_pursuit_node]: Pure Pursuit: pose=(14.125, -2.895, -0.299) cte=0.031 closest=2062 target=2099 steer=0.028 speed=0.200
[ground_truth_amcl_monitor-7] [INFO] [1788254471.431443735] [ground_truth_amcl_monitor]: AMCL vs GT: gt=(2.558, -3.658) amcl=(14.098, -2.907) error=11.565 m / 0.357 rad; odom=(3.232, -0.827, -0.542) error=2.911 m / 0.000 rad; ekf=(14.123, -2.895, -0.299) error=11.591 m / 0.243 rad; RMS=6.192 m / 0.760 rad max=11.591 m / 1.693 rad samples=595
[gpu_amcl_cpp_node-5] [INFO] [1788254471.771270350] [gpu_amcl_cpp]: AMCL odom delta: at_scan=(8.710, -6.964, 2.820) baseline=(8.746, -6.976, 2.820) delta=(-0.035, 0.012, -0.000) moved=true scan_age=0.000s
[component_container-8] [INFO] [1788254472.527259738] [pure_pursuit_node]: Pure Pursuit: pose=(14.370, -2.965, -0.190) cte=0.004 closest=2074 target=2109 steer=-0.054 speed=0.200
[gpu_amcl_cpp_node-5] [INFO] [1788254472.530323119] [gpu_amcl_cpp]: AMCL local correction: odom_prediction=(14.359, -2.966, -0.109) scan=(14.336, -2.994, -0.048) correction=0.036 m/0.061 rad cluster_weight=0.862 publish=true
[ground_truth_amcl_monitor-7] [INFO] [1788254472.538411695] [ground_truth_amcl_monitor]: AMCL vs GT: gt=(2.600, -3.683) amcl=(14.354, -2.973) error=11.775 m / 0.448 rad; odom=(3.469, -0.969, -0.541) error=2.850 m / 0.000 rad; ekf=(14.367, -2.965, -0.190) error=11.790 m / 0.351 rad; RMS=6.283 m / 0.757 rad max=11.775 m / 1.693 rad samples=602
[sensor_odometry_node-2] [INFO] [1788254472.685257691] [sensor_odometry]: Odometry: dl=0.133 dr=0.133 ds=0.145 wheel_speed=0.804 mapped=0.796 body_speed=0.881 speed=0.881 pose=(8.435, -6.872, 2.812) enc=(415.410, 414.788) wheel_slip=true confidence=0.73
[sensor_odometry_node-2] [INFO] [1788254472.896979773] [sensor_odometry]: Asymptotic passive coast: slip=-0.893 model=0.000 imu=0.988 fused=0.593 throttle=0.000
[gpu_amcl_cpp_node-5] [INFO] [1788254472.901723307] [gpu_amcl_cpp]: AMCL odom delta: at_scan=(8.315, -6.830, 2.802) baseline=(8.435, -6.872, 2.812) delta=(-0.120, 0.042, -0.011) moved=true scan_age=0.001s
[component_container-8] [INFO] [1788254473.637902387] [pure_pursuit_node]: Pure Pursuit: pose=(14.893, -3.041, -0.133) cte=-0.084 closest=2101 target=2134 steer=-0.097 speed=0.200
[ground_truth_amcl_monitor-7] [INFO] [1788254473.643236231] [ground_truth_amcl_monitor]: AMCL vs GT: gt=(2.713, -3.753) amcl=(14.887, -3.040) error=12.195 m / 0.506 rad; odom=(3.930, -1.255, -0.562) error=2.779 m / 0.000 rad; ekf=(14.893, -3.041, -0.133) error=12.201 m / 0.429 rad; RMS=6.352 m / 0.755 rad max=12.195 m / 1.693 rad samples=607
[gpu_amcl_cpp_node-5] [INFO] [1788254474.004692075] [gpu_amcl_cpp]: AMCL odom delta: at_scan=(8.000, -6.718, 2.797) baseline=(8.060, -6.739, 2.799) delta=(-0.060, 0.021, -0.002) moved=true scan_age=0.002s
[gpu_amcl_cpp_node-5] [INFO] [1788254474.008025161] [gpu_amcl_cpp]: AMCL local correction: odom_prediction=(14.951, -3.043, -0.058) scan=(14.932, -3.068, -0.014) correction=0.031 m/0.044 rad cluster_weight=0.850 publish=true
[gpu_amcl_cpp_node-5] [INFO] [1788254474.623045494] [gpu_amcl_cpp]: Received LiDAR callback #721 (1081 ranges).
[sensor_odometry_node-2] [INFO] [1788254474.792177162] [sensor_odometry]: Odometry: dl=0.000 dr=0.000 ds=0.000 wheel_speed=0.000 mapped=0.000 body_speed=0.000 speed=0.000 pose=(7.679, -6.589, 2.719) enc=(420.541, 419.933) wheel_slip=false confidence=1.00
[component_container-8] [INFO] [1788254474.796044771] [pure_pursuit_node]: Pure Pursuit: pose=(15.287, -3.085, -0.139) cte=-0.129 closest=2121 target=2154 steer=-0.128 speed=0.200
[ground_truth_amcl_monitor-7] [INFO] [1788254474.799689527] [ground_truth_amcl_monitor]: AMCL vs GT: gt=(2.915, -3.892) amcl=(15.279, -3.090) error=12.390 m / 0.555 rad; odom=(4.270, -1.485, -0.642) error=2.762 m / 0.000 rad; ekf=(15.287, -3.085, -0.139) error=12.399 m / 0.503 rad; RMS=6.452 m / 0.753 rad max=12.390 m / 1.693 rad samples=614
[gpu_amcl_cpp_node-5] [INFO] [1788254475.092298900] [gpu_amcl_cpp]: AMCL odom delta: at_scan=(7.574, -6.541, 2.702) baseline=(7.653, -6.577, 2.717) delta=(-0.079, 0.036, -0.015) moved=true scan_age=0.001s
[gpu_amcl_cpp_node-5] [INFO] [1788254475.095431353] [gpu_amcl_cpp]: AMCL local correction: odom_prediction=(15.391, -3.104, -0.095) scan=(15.385, -3.119, -0.068) correction=0.016 m/0.027 rad cluster_weight=0.840 publish=true
[gpu_amcl_cpp_node-5] [INFO] [1788254475.725543982] [gpu_amcl_cpp]: Starting AMCL scan update #729 (sampled from 1081 ranges).
[gpu_amcl_cpp_node-5] [INFO] [1788254475.727207571] [gpu_amcl_cpp]: AMCL scan update #729 completed; evaluating pose confidence.
[component_container-8] [INFO] [1788254475.859759487] [pure_pursuit_node]: Pure Pursuit: pose=(15.681, -3.149, -0.180) cte=-0.124 closest=2141 target=2179 steer=-0.027 speed=0.200
[ground_truth_amcl_monitor-7] [INFO] [1788254475.865808643] [ground_truth_amcl_monitor]: AMCL vs GT: gt=(3.136, -4.075) amcl=(15.670, -3.152) error=12.568 m / 0.593 rad; odom=(4.587, -1.744, -0.735) error=2.745 m / 0.000 rad; ekf=(15.678, -3.148, -0.179) error=12.576 m / 0.557 rad; RMS=6.565 m / 0.751 rad max=12.568 m / 1.693 rad samples=622
[gpu_amcl_cpp_node-5] [INFO] [1788254476.106920778] [gpu_amcl_cpp]: AMCL odom delta: at_scan=(7.166, -6.317, 2.586) baseline=(7.234, -6.358, 2.598) delta=(-0.067, 0.041, -0.012) moved=true scan_age=0.001s
[gpu_amcl_cpp_node-5] [INFO] [1788254476.109899246] [gpu_amcl_cpp]: AMCL local correction: odom_prediction=(15.839, -3.183, -0.177) scan=(15.817, -3.188, -0.157) correction=0.023 m/0.020 rad cluster_weight=0.832 publish=true
[sensor_odometry_node-2] [INFO] [1788254476.896542291] [sensor_odometry]: Odometry: dl=0.000 dr=0.000 ds=0.000 wheel_speed=0.000 mapped=0.000 body_speed=0.000 speed=0.000 pose=(6.963, -6.190, 2.584) enc=(429.531, 428.870) wheel_slip=false confidence=1.00
[component_container-8] [INFO] [1788254476.900001272] [pure_pursuit_node]: Pure Pursuit: pose=(16.064, -3.226, -0.181) cte=-0.081 closest=2161 target=2194 steer=0.030 speed=0.200
[ground_truth_amcl_monitor-7] [INFO] [1788254476.904081802] [ground_truth_amcl_monitor]: AMCL vs GT: gt=(3.286, -4.217) amcl=(16.054, -3.227) error=12.806 m / 0.628 rad; odom=(4.882, -2.030, -0.777) error=2.707 m / 0.000 rad; ekf=(16.064, -3.226, -0.181) error=12.816 m / 0.596 rad; RMS=6.678 m / 0.749 rad max=12.806 m / 1.693 rad samples=630
[gpu_amcl_cpp_node-5] [INFO] [1788254477.257975024] [gpu_amcl_cpp]: AMCL odom delta: at_scan=(6.888, -6.143, 2.586) baseline=(6.963, -6.190, 2.584) delta=(-0.075, 0.047, 0.002) moved=true scan_age=0.001s
[gpu_amcl_cpp_node-5] [INFO] [1788254477.277005794] [gpu_amcl_cpp]: AMCL local correction: odom_prediction=(16.141, -3.240, -0.147) scan=(16.124, -3.240, -0.123) correction=0.018 m/0.024 rad cluster_weight=0.839 publish=true
[component_container-8] [INFO] [1788254477.916343649] [pure_pursuit_node]: Pure Pursuit: pose=(16.625, -3.303, -0.118) cte=-0.021 closest=2189 target=2225 steer=0.073 speed=0.200
[ground_truth_amcl_monitor-7] [INFO] [1788254477.923997026] [ground_truth_amcl_monitor]: AMCL vs GT: gt=(3.477, -4.400) amcl=(16.603, -3.292) error=13.173 m / 0.667 rad; odom=(5.303, -2.435, -0.743) error=2.683 m / 0.000 rad; ekf=(16.624, -3.303, -0.118) error=13.192 m / 0.625 rad; RMS=6.766 m / 0.748 rad max=13.173 m / 1.693 rad samples=636
[gpu_amcl_cpp_node-5] [INFO] [1788254478.308687956] [gpu_amcl_cpp]: AMCL odom delta: at_scan=(6.370, -5.833, 2.618) baseline=(6.395, -5.847, 2.618) delta=(-0.025, 0.014, -0.000) moved=true scan_age=0.001s
[gpu_amcl_cpp_node-5] [INFO] [1788254478.311860473] [gpu_amcl_cpp]: AMCL local correction: odom_prediction=(16.699, -3.301, -0.061) scan=(16.683, -3.299, -0.033) correction=0.016 m/0.028 rad cluster_weight=0.853 publish=true
[sensor_odometry_node-2] [INFO] [1788254478.902055849] [sensor_odometry]: Odometry: dl=0.000 dr=0.000 ds=0.000 wheel_speed=0.000 mapped=0.000 body_speed=0.000 speed=0.000 pose=(6.228, -5.751, 2.625) enc=(435.317, 434.669) wheel_slip=false confidence=1.00
[component_container-8] [INFO] [1788254479.044297481] [pure_pursuit_node]: Pure Pursuit: pose=(16.852, -3.311, -0.058) cte=-0.012 closest=2200 target=2233 steer=0.026 speed=0.200
[ground_truth_amcl_monitor-7] [INFO] [1788254479.047737417] [ground_truth_amcl_monitor]: AMCL vs GT: gt=(3.507, -4.427) amcl=(16.838, -3.309) error=13.378 m / 0.713 rad; odom=(5.504, -2.618, -0.735) error=2.695 m / 0.000 rad; ekf=(16.852, -3.311, -0.058) error=13.391 m / 0.677 rad; RMS=6.885 m / 0.748 rad max=13.378 m / 1.693 rad samples=644
[gpu_amcl_cpp_node-5] [INFO] [1788254479.314549396] [gpu_amcl_cpp]: AMCL odom delta: at_scan=(6.085, -5.671, 2.631) baseline=(6.189, -5.730, 2.626) delta=(-0.105, 0.059, 0.005) moved=true scan_age=0.001s
[gpu_amcl_cpp_node-5] [INFO] [1788254479.317652699] [gpu_amcl_cpp]: AMCL local correction: odom_prediction=(16.996, -3.316, -0.007) scan=(16.968, -3.328, 0.028) correction=0.030 m/0.035 rad cluster_weight=0.846 publish=true
[gpu_amcl_cpp_node-5] [INFO] [1788254479.707476419] [gpu_amcl_cpp]: Received LiDAR callback #757 (1081 ranges).
[component_container-8] [INFO] [1788254480.085223507] [pure_pursuit_node]: Pure Pursuit: pose=(17.237, -3.317, 0.012) cte=0.006 closest=2220 target=2255 steer=-0.042 speed=0.200
[ground_truth_amcl_monitor-7] [INFO] [1788254480.091260794] [ground_truth_amcl_monitor]: AMCL vs GT: gt=(3.675, -4.577) amcl=(17.205, -3.320) error=13.588 m / 0.780 rad; odom=(5.821, -2.900, -0.717) error=2.723 m / 0.000 rad; ekf=(17.237, -3.317, 0.012) error=13.620 m / 0.729 rad; RMS=7.005 m / 0.748 rad max=13.588 m / 1.693 rad samples=652
[gpu_amcl_cpp_node-5] [INFO] [1788254480.330391194] [gpu_amcl_cpp]: AMCL odom delta: at_scan=(5.789, -5.509, 2.636) baseline=(5.813, -5.522, 2.640) delta=(-0.024, 0.013, -0.004) moved=true scan_age=0.000s
[gpu_amcl_cpp_node-5] [INFO] [1788254480.333355447] [gpu_amcl_cpp]: AMCL local correction: odom_prediction=(17.277, -3.315, 0.062) scan=(17.239, -3.320, 0.078) correction=0.038 m/0.017 rad cluster_weight=0.868 publish=true
[gpu_amcl_cpp_node-5] [INFO] [1788254480.734414764] [gpu_amcl_cpp]: Starting AMCL scan update #765 (sampled from 1081 ranges).
[gpu_amcl_cpp_node-5] [INFO] [1788254480.736120270] [gpu_amcl_cpp]: AMCL scan update #765 completed; evaluating pose confidence.
[sensor_odometry_node-2] [INFO] [1788254481.044195241] [sensor_odometry]: Odometry: dl=0.076 dr=0.075 ds=0.083 wheel_speed=0.472 mapped=0.467 body_speed=0.519 speed=0.519 pose=(5.525, -5.356, 2.594) enc=(447.288, 446.597) wheel_slip=false confidence=1.00
[component_container-8] [INFO] [1788254481.204864950] [pure_pursuit_node]: Pure Pursuit: pose=(17.638, -3.304, 0.009) cte=0.018 closest=2240 target=2275 steer=0.042 speed=0.200
[ground_truth_amcl_monitor-7] [INFO] [1788254481.212062033] [ground_truth_amcl_monitor]: AMCL vs GT: gt=(3.978, -4.857) amcl=(17.597, -3.301) error=13.707 m / 0.818 rad; odom=(6.142, -3.194, -0.768) error=2.729 m / 0.000 rad; ekf=(17.636, -3.304, 0.008) error=13.746 m / 0.777 rad; RMS=7.123 m / 0.749 rad max=13.710 m / 1.693 rad samples=660
[gpu_amcl_cpp_node-5] [INFO] [1788254481.342067116] [gpu_amcl_cpp]: AMCL odom delta: at_scan=(5.480, -5.329, 2.594) baseline=(5.480, -5.329, 2.593) delta=(0.000, 0.000, 0.001) moved=false scan_age=0.001s
[gpu_amcl_cpp_node-5] [INFO] [1788254481.624099202] [gpu_amcl_cpp]: AMCL local correction: odom_prediction=(17.643, -3.298, 0.053) scan=(17.608, -3.307, 0.079) correction=0.036 m/0.026 rad cluster_weight=0.865 publish=true
[component_container-8] [INFO] [1788254482.245750829] [pure_pursuit_node]: Pure Pursuit: pose=(17.909, -3.285, 0.062) cte=0.021 closest=2253 target=2286 steer=0.022 speed=0.200
[ground_truth_amcl_monitor-7] [INFO] [1788254482.248759611] [ground_truth_amcl_monitor]: AMCL vs GT: gt=(4.160, -5.030) amcl=(17.871, -3.285) error=13.822 m / 0.842 rad; odom=(6.367, -3.409, -0.750) error=2.739 m / 0.000 rad; ekf=(17.909, -3.285, 0.062) error=13.859 m / 0.812 rad; RMS=7.224 m / 0.749 rad max=13.847 m / 1.693 rad samples=667
[gpu_amcl_cpp_node-5] [INFO] [1788254482.398933124] [gpu_amcl_cpp]: AMCL odom delta: at_scan=(5.180, -5.149, 2.612) baseline=(5.213, -5.168, 2.609) delta=(-0.033, 0.019, 0.003) moved=true scan_age=0.001s
[gpu_amcl_cpp_node-5] [INFO] [1788254482.678114467] [gpu_amcl_cpp]: AMCL local correction: odom_prediction=(18.085, -3.263, 0.117) scan=(18.042, -3.275, 0.132) correction=0.045 m/0.016 rad cluster_weight=0.869 publish=true
[sensor_odometry_node-2] [INFO] [1788254483.072662623] [sensor_odometry]: Odometry: dl=0.030 dr=0.030 ds=0.027 wheel_speed=0.222 mapped=0.220 body_speed=0.197 speed=0.197 pose=(4.969, -5.027, 2.628) enc=(457.701, 457.010) wheel_slip=false confidence=1.00
[component_container-8] [INFO] [1788254483.351963187] [pure_pursuit_node]: Pure Pursuit: pose=(18.353, -3.235, 0.115) cte=0.009 closest=2276 target=2314 steer=-0.062 speed=0.200
[ground_truth_amcl_monitor-7] [INFO] [1788254483.359040389] [ground_truth_amcl_monitor]: AMCL vs GT: gt=(4.417, -5.264) amcl=(18.292, -3.238) error=14.022 m / 0.875 rad; odom=(6.736, -3.745, -0.732) error=2.772 m / 0.000 rad; ekf=(18.350, -3.235, 0.115) error=14.080 m / 0.847 rad; RMS=7.340 m / 0.751 rad max=14.022 m / 1.693 rad samples=675
[gpu_amcl_cpp_node-5] [INFO] [1788254483.487042772] [gpu_amcl_cpp]: AMCL odom delta: at_scan=(4.763, -4.911, 2.628) baseline=(4.780, -4.921, 2.629) delta=(-0.017, 0.010, -0.001) moved=false scan_age=0.001s
[gpu_amcl_cpp_node-5] [INFO] [1788254483.749688609] [gpu_amcl_cpp]: AMCL local correction: odom_prediction=(18.335, -3.232, 0.141) scan=(18.287, -3.243, 0.156) correction=0.049 m/0.015 rad cluster_weight=0.863 publish=true
[component_container-8] [INFO] [1788254484.411409329] [pure_pursuit_node]: Pure Pursuit: pose=(18.605, -3.197, 0.103) cte=-0.011 closest=2288 target=2322 steer=-0.106 speed=0.200
[ground_truth_amcl_monitor-7] [INFO] [1788254484.418573783] [ground_truth_amcl_monitor]: AMCL vs GT: gt=(4.613, -5.444) amcl=(18.533, -3.200) error=14.099 m / 0.882 rad; odom=(6.965, -3.955, -0.767) error=2.783 m / 0.000 rad; ekf=(18.605, -3.197, 0.103) error=14.171 m / 0.871 rad; RMS=7.453 m / 0.753 rad max=14.120 m / 1.693 rad samples=683
[gpu_amcl_cpp_node-5] [INFO] [1788254484.561758721] [gpu_amcl_cpp]: AMCL odom delta: at_scan=(4.418, -4.707, 2.580) baseline=(4.511, -4.765, 2.594) delta=(-0.093, 0.058, -0.014) moved=true scan_age=0.001s
[gpu_amcl_cpp_node-5] [INFO] [1788254484.845502515] [gpu_amcl_cpp]: Received LiDAR callback #794 (1081 ranges).
[gpu_amcl_cpp_node-5] [INFO] [1788254484.848568125] [gpu_amcl_cpp]: AMCL local correction: odom_prediction=(18.731, -3.180, 0.060) scan=(18.668, -3.189, 0.052) correction=0.064 m/0.008 rad cluster_weight=0.869 publish=true
[sensor_odometry_node-2] [INFO] [1788254485.098121232] [sensor_odometry]: Odometry: dl=0.012 dr=0.012 ds=0.052 wheel_speed=0.097 mapped=0.096 body_speed=0.426 speed=0.426 pose=(4.244, -4.591, 2.539) enc=(472.574, 471.887) wheel_slip=true confidence=1.00
[component_container-8] [INFO] [1788254485.491776986] [pure_pursuit_node]: Pure Pursuit: pose=(18.931, -3.174, 0.018) cte=-0.028 closest=2305 target=2340 steer=-0.213 speed=0.200
[ground_truth_amcl_monitor-7] [INFO] [1788254485.498438441] [ground_truth_amcl_monitor]: AMCL vs GT: gt=(4.775, -5.613) amcl=(18.827, -3.183) error=14.261 m / 0.874 rad; odom=(7.260, -4.264, -0.859) error=2.827 m / 0.000 rad; ekf=(18.930, -3.174, 0.018) error=14.364 m / 0.877 rad; RMS=7.566 m / 0.754 rad max=14.261 m / 1.693 rad samples=691
[gpu_amcl_cpp_node-5] [INFO] [1788254485.608984784] [gpu_amcl_cpp]: AMCL odom delta: at_scan=(4.113, -4.496, 2.501) baseline=(4.156, -4.527, 2.502) delta=(-0.042, 0.032, -0.001) moved=true scan_age=0.001s
[gpu_amcl_cpp_node-5] [INFO] [1788254485.855387960] [gpu_amcl_cpp]: Starting AMCL scan update #802 (sampled from 1081 ranges).
[gpu_amcl_cpp_node-5] [INFO] [1788254485.856939553] [gpu_amcl_cpp]: AMCL scan update #802 completed; evaluating pose confidence.
[gpu_amcl_cpp_node-5] [INFO] [1788254485.858389856] [gpu_amcl_cpp]: AMCL local correction: odom_prediction=(18.914, -3.184, -0.021) scan=(18.834, -3.193, -0.031) correction=0.080 m/0.010 rad cluster_weight=0.877 publish=true
[component_container-8] [INFO] [1788254486.595747066] [pure_pursuit_node]: Pure Pursuit: pose=(19.213, -3.206, -0.079) cte=-0.016 closest=2319 target=2357 steer=-0.339 speed=0.200
[ground_truth_amcl_monitor-7] [INFO] [1788254486.601517279] [ground_truth_amcl_monitor]: AMCL vs GT: gt=(4.858, -5.718) amcl=(19.103, -3.210) error=14.465 m / 0.854 rad; odom=(7.543, -4.629, -0.946) error=2.898 m / 0.000 rad; ekf=(19.211, -3.206, -0.079) error=14.572 m / 0.867 rad; RMS=7.692 m / 0.756 rad max=14.465 m / 1.693 rad samples=700
[gpu_amcl_cpp_node-5] [INFO] [1788254486.714548227] [gpu_amcl_cpp]: AMCL odom delta: at_scan=(3.738, -4.178, 2.415) baseline=(3.800, -4.233, 2.415) delta=(-0.062, 0.055, 0.000) moved=true scan_age=0.001s
[gpu_amcl_cpp_node-5] [INFO] [1788254486.983239071] [gpu_amcl_cpp]: AMCL local correction: odom_prediction=(19.319, -3.224, -0.096) scan=(19.206, -3.192, -0.103) correction=0.118 m/0.007 rad cluster_weight=0.861 publish=true
[sensor_odometry_node-2] [INFO] [1788254487.166021916] [sensor_odometry]: Odometry: dl=0.000 dr=0.000 ds=0.000 wheel_speed=0.000 mapped=0.000 body_speed=0.000 speed=0.000 pose=(3.602, -4.057, 2.415) enc=(476.043, 475.176) wheel_slip=false confidence=1.00
[component_container-8] [INFO] [1788254487.601360790] [pure_pursuit_node]: Pure Pursuit: pose=(19.552, -3.249, -0.200) cte=-0.064 closest=2335 target=2375 steer=-0.497 speed=0.200
[ground_truth_amcl_monitor-7] [INFO] [1788254487.607536488] [ground_truth_amcl_monitor]: AMCL vs GT: gt=(4.900, -5.782) amcl=(19.451, -3.227) error=14.774 m / 0.842 rad; odom=(7.819, -5.027, -1.051) error=3.015 m / 0.000 rad; ekf=(19.549, -3.249, -0.196) error=14.866 m / 0.855 rad; RMS=7.791 m / 0.757 rad max=14.774 m / 1.693 rad samples=707
[gpu_amcl_cpp_node-5] [INFO] [1788254487.732616189] [gpu_amcl_cpp]: AMCL odom delta: at_scan=(3.383, -3.827, 2.164) baseline=(3.444, -3.905, 2.310) delta=(-0.062, 0.078, -0.145) moved=true scan_age=0.001s
[gpu_amcl_cpp_node-5] [INFO] [1788254488.012785042] [gpu_amcl_cpp]: AMCL local correction: odom_prediction=(19.545, -3.288, -0.518) scan=(19.404, -3.301, -0.526) correction=0.141 m/0.009 rad cluster_weight=0.857 publish=true
[component_container-8] [INFO] [1788254488.602198980] [pure_pursuit_node]: Pure Pursuit: pose=(19.765, -3.433, -0.693) cte=-0.016 closest=2348 target=2387 steer=-0.331 speed=0.200
[ground_truth_amcl_monitor-7] [INFO] [1788254488.609161324] [ground_truth_amcl_monitor]: AMCL vs GT: gt=(4.998, -6.140) amcl=(19.582, -3.441) error=14.831 m / 0.816 rad; odom=(7.919, -5.429, -1.528) error=3.006 m / 0.000 rad; ekf=(19.763, -3.432, -0.689) error=15.011 m / 0.839 rad; RMS=7.890 m / 0.757 rad max=14.831 m / 1.693 rad samples=714
[gpu_amcl_cpp_node-5] [INFO] [1788254488.866091696] [gpu_amcl_cpp]: AMCL odom delta: at_scan=(3.253, -3.507, 1.730) baseline=(3.253, -3.507, 1.752) delta=(0.000, 0.000, -0.023) moved=false scan_age=0.001s
[sensor_odometry_node-2] [INFO] [1788254489.173050527] [sensor_odometry]: Odometry: dl=0.119 dr=0.120 ds=0.103 wheel_speed=0.774 mapped=0.766 body_speed=0.667 speed=0.667 pose=(3.238, -3.405, 1.707) enc=(489.051, 488.282) wheel_slip=false confidence=1.00
[gpu_amcl_cpp_node-5] [INFO] [1788254489.178392312] [gpu_amcl_cpp]: AMCL local correction: odom_prediction=(19.621, -3.545, -0.842) scan=(19.402, -3.590, -0.876) correction=0.223 m/0.034 rad cluster_weight=0.892 publish=true
[sensor_odometry_node-2] [WARN] [1788254489.448096949] [sensor_odometry]: Ignoring discontinuous IMU yaw sample (step=0.902 rad); using gyro integration
[actuator_interface-9] [ERROR] [1788254489.455720999] [autodrive_actuator_interface]: Collision count increased to 1; terminal stop latched and simulator reset requested
[actuator_interface-9] [WARN] [1788254489.484405274] [autodrive_actuator_interface]: Neutral output: external stop
[sensor_odometry_node-2] [INFO] [1788254489.579511300] [sensor_odometry]: Asymptotic passive coast: slip=-1.000 model=0.185 imu=0.912 fused=0.622 throttle=0.000
[component_container-8] [INFO] [1788254489.724735465] [pure_pursuit_node]: Pure Pursuit: pose=(19.912, -3.858, -0.878) cte=0.122 closest=2371 target=2408 steer=-0.505 speed=0.200
[ground_truth_amcl_monitor-7] [INFO] [1788254489.731992358] [ground_truth_amcl_monitor]: AMCL vs GT: gt=(4.454, -5.308) amcl=(19.855, -3.833) error=15.472 m / 0.182 rad; odom=(7.868, -5.969, -1.681) error=3.478 m / 0.903 rad; ekf=(19.911, -3.857, -0.878) error=15.525 m / 0.100 rad; RMS=8.004 m / 0.756 rad max=15.472 m / 1.693 rad samples=722
[sensor_odometry_node-2] [WARN] [1788254489.853679206] [sensor_odometry]: Encoder discontinuity/reset (left=-29.066 m right=-29.019 m); rebaselining only
[gpu_amcl_cpp_node-5] [INFO] [1788254489.855829228] [gpu_amcl_cpp]: Received LiDAR callback #831 (1081 ranges).
[ground_truth_amcl_monitor-7] [INFO] [1788254489.856062400] [ground_truth_amcl_monitor]: Ground-truth jump/reset detected; waiting for fresh AMCL alignment
[ground_truth_amcl_monitor-7] [INFO] [1788254489.858525128] [ground_truth_amcl_monitor]: Ground-truth alignment initialized: map->world yaw=-0.611, translation=(-13.269, 17.686)
[actuator_interface-9] [ERROR] [1788254489.983712187] [autodrive_actuator_interface]: Simulator reset pulse completed; actuator remains latched neutral after collision
[gpu_amcl_cpp_node-5] [INFO] [1788254490.104688860] [gpu_amcl_cpp]: AMCL odom delta: at_scan=(3.174, -2.844, 1.681) baseline=(3.191, -2.996, 1.681) delta=(-0.017, 0.152, -0.000) moved=true scan_age=0.001s
[ground_truth_amcl_monitor-7] [INFO] [1788254490.111033935] [ground_truth_amcl_monitor]: AMCL vs GT: gt=(19.856, -3.833) amcl=(19.961, -3.945) error=0.154 m / 0.044 rad; odom=(19.970, -3.732, -0.960) error=0.153 m / 0.000 rad; ekf=(19.978, -3.967, -0.900) error=0.181 m / 0.060 rad; RMS=0.154 m / 0.044 rad max=0.154 m / 0.044 rad samples=1
[gpu_amcl_cpp_node-5] [INFO] [1788254490.353663291] [gpu_amcl_cpp]: AMCL local correction: odom_prediction=(20.044, -4.075, -1.004) scan=(20.063, -4.015, -1.183) correction=0.063 m/0.179 rad cluster_weight=0.867 publish=true
[component_container-8] [INFO] [1788254490.784711762] [pure_pursuit_node]: Pure Pursuit: pose=(20.050, -4.065, -0.967) cte=0.046 closest=2384 target=2417 steer=-0.524 speed=0.200
[actuator_interface-9] [INFO] [1788254490.927952610] [autodrive_actuator_interface]: Collision baseline established at cumulative count 0
[sensor_odometry_node-2] [INFO] [1788254491.202863760] [sensor_odometry]: Odometry: dl=0.000 dr=0.000 ds=0.000 wheel_speed=0.000 mapped=0.000 body_speed=0.000 speed=0.000 pose=(3.158, -2.691, 1.681) enc=(0.000, 0.000) wheel_slip=false confidence=1.00
[gpu_amcl_cpp_node-5] [INFO] [1788254491.205722487] [gpu_amcl_cpp]: AMCL odom delta: at_scan=(3.158, -2.691, 1.681) baseline=(3.158, -2.691, 1.681) delta=(0.000, 0.000, 0.000) moved=false scan_age=0.001s
[ground_truth_amcl_monitor-7] [INFO] [1788254491.208343424] [ground_truth_amcl_monitor]: AMCL vs GT: gt=(19.856, -3.834) amcl=(20.049, -4.060) error=0.296 m / 0.089 rad; odom=(20.086, -3.630, -0.960) error=0.308 m / 0.000 rad; ekf=(20.049, -4.062, -0.999) error=0.298 m / 0.039 rad; RMS=0.283 m / 0.084 rad max=0.298 m / 0.089 rad samples=8
[component_container-8] [INFO] [1788254491.914565700] [pure_pursuit_node]: Pure Pursuit: pose=(20.049, -4.060, -1.026) cte=0.047 closest=2384 target=2417 steer=-0.524 speed=0.200
[gpu_amcl_cpp_node-5] [INFO] [1788254492.221596893] [gpu_amcl_cpp]: AMCL odom delta: at_scan=(3.158, -2.691, 1.681) baseline=(3.158, -2.691, 1.681) delta=(0.000, 0.000, 0.000) moved=false scan_age=0.002s
[ground_truth_amcl_monitor-7] [INFO] [1788254492.226709533] [ground_truth_amcl_monitor]: AMCL vs GT: gt=(19.856, -3.834) amcl=(20.049, -4.060) error=0.296 m / 0.089 rad; odom=(20.086, -3.630, -0.960) error=0.308 m / 0.000 rad; ekf=(20.049, -4.060, -1.032) error=0.297 m / 0.072 rad; RMS=0.289 m / 0.086 rad max=0.298 m / 0.089 rad samples=15
[component_container-8] [INFO] [1788254492.947309049] [pure_pursuit_node]: Pure Pursuit: pose=(20.049, -4.060, -1.039) cte=0.047 closest=2384 target=2417 steer=-0.524 speed=0.200
[sensor_odometry_node-2] [INFO] [1788254493.318517705] [sensor_odometry]: Odometry: dl=0.000 dr=0.000 ds=0.000 wheel_speed=0.000 mapped=0.000 body_speed=0.000 speed=0.000 pose=(3.158, -2.691, 1.681) enc=(0.000, 0.000) wheel_slip=false confidence=1.00
[gpu_amcl_cpp_node-5] [INFO] [1788254493.323172429] [gpu_amcl_cpp]: AMCL odom delta: at_scan=(3.158, -2.691, 1.681) baseline=(3.158, -2.691, 1.681) delta=(0.000, 0.000, 0.000) moved=false scan_age=0.001s
[ground_truth_amcl_monitor-7] [INFO] [1788254493.329221418] [ground_truth_amcl_monitor]: AMCL vs GT: gt=(19.856, -3.834) amcl=(20.049, -4.060) error=0.296 m / 0.089 rad; odom=(20.086, -3.630, -0.960) error=0.308 m / 0.000 rad; ekf=(20.049, -4.060, -1.042) error=0.297 m / 0.081 rad; RMS=0.291 m / 0.087 rad max=0.298 m / 0.089 rad samples=20
[component_container-8] [INFO] [1788254494.010713601] [pure_pursuit_node]: Pure Pursuit: pose=(20.049, -4.060, -1.045) cte=0.047 closest=2384 target=2417 steer=-0.524 speed=0.200
[gpu_amcl_cpp_node-5] [INFO] [1788254494.452526436] [gpu_amcl_cpp]: AMCL odom delta: at_scan=(3.158, -2.691, 1.681) baseline=(3.158, -2.691, 1.681) delta=(0.000, 0.000, 0.000) moved=false scan_age=0.002s
[ground_truth_amcl_monitor-7] [INFO] [1788254494.462263779] [ground_truth_amcl_monitor]: AMCL vs GT: gt=(19.856, -3.834) amcl=(20.049, -4.060) error=0.296 m / 0.089 rad; odom=(20.086, -3.630, -0.960) error=0.308 m / 0.000 rad; ekf=(20.049, -4.060, -1.046) error=0.297 m / 0.086 rad; RMS=0.292 m / 0.087 rad max=0.298 m / 0.089 rad samples=26
[gpu_amcl_cpp_node-5] [INFO] [1788254494.936661290] [gpu_amcl_cpp]: Received LiDAR callback #859 (1081 ranges).
[component_container-8] [INFO] [1788254495.172477504] [pure_pursuit_node]: Pure Pursuit: pose=(20.049, -4.060, -1.047) cte=0.047 closest=2384 target=2417 steer=-0.524 speed=0.200
[sensor_odometry_node-2] [INFO] [1788254495.320927474] [sensor_odometry]: Odometry: dl=0.000 dr=0.000 ds=0.000 wheel_speed=0.000 mapped=0.000 body_speed=0.000 speed=0.000 pose=(3.158, -2.691, 1.681) enc=(0.000, 0.000) wheel_slip=false confidence=1.00
[gpu_amcl_cpp_node-5] [INFO] [1788254495.473003159] [gpu_amcl_cpp]: AMCL odom delta: at_scan=(3.158, -2.691, 1.681) baseline=(3.158, -2.691, 1.681) delta=(0.000, 0.000, 0.000) moved=false scan_age=0.001s
[ground_truth_amcl_monitor-7] [INFO] [1788254495.476212244] [ground_truth_amcl_monitor]: AMCL vs GT: gt=(19.856, -3.834) amcl=(20.049, -4.060) error=0.296 m / 0.089 rad; odom=(20.086, -3.630, -0.960) error=0.308 m / 0.000 rad; ekf=(20.049, -4.060, -1.048) error=0.296 m / 0.088 rad; RMS=0.293 m / 0.088 rad max=0.298 m / 0.089 rad samples=31
[component_container-8] [INFO] [1788254496.235081734] [pure_pursuit_node]: Pure Pursuit: pose=(20.049, -4.060, -1.048) cte=0.047 closest=2384 target=2417 steer=-0.524 speed=0.200
[gpu_amcl_cpp_node-5] [INFO] [1788254496.540762690] [gpu_amcl_cpp]: AMCL odom delta: at_scan=(3.158, -2.691, 1.681) baseline=(3.158, -2.691, 1.681) delta=(0.000, 0.000, 0.000) moved=false scan_age=0.001s
[ground_truth_amcl_monitor-7] [INFO] [1788254496.544973404] [ground_truth_amcl_monitor]: AMCL vs GT: gt=(19.856, -3.834) amcl=(20.049, -4.060) error=0.296 m / 0.089 rad; odom=(20.086, -3.630, -0.960) error=0.308 m / 0.000 rad; ekf=(20.049, -4.060, -1.048) error=0.296 m / 0.088 rad; RMS=0.294 m / 0.088 rad max=0.298 m / 0.089 rad samples=38
[component_container-8] [INFO] [1788254497.305105326] [pure_pursuit_node]: Pure Pursuit: pose=(20.049, -4.060, -1.049) cte=0.047 closest=2384 target=2417 steer=-0.524 speed=0.200
[sensor_odometry_node-2] [INFO] [1788254497.482024120] [sensor_odometry]: Odometry: dl=0.000 dr=0.000 ds=0.000 wheel_speed=0.000 mapped=0.000 body_speed=0.000 speed=0.000 pose=(3.158, -2.691, 1.681) enc=(0.000, 0.000) wheel_slip=false confidence=1.00
[gpu_amcl_cpp_node-5] [INFO] [1788254497.658790988] [gpu_amcl_cpp]: AMCL odom delta: at_scan=(3.158, -2.691, 1.681) baseline=(3.158, -2.691, 1.681) delta=(0.000, 0.000, 0.000) moved=false scan_age=0.001s
[ground_truth_amcl_monitor-7] [INFO] [1788254497.662015793] [ground_truth_amcl_monitor]: AMCL vs GT: gt=(19.856, -3.834) amcl=(20.049, -4.060) error=0.296 m / 0.089 rad; odom=(20.086, -3.630, -0.960) error=0.308 m / 0.000 rad; ekf=(20.049, -4.060, -1.049) error=0.296 m / 0.088 rad; RMS=0.294 m / 0.088 rad max=0.298 m / 0.089 rad samples=45
[component_container-8] [INFO] [1788254498.411840091] [pure_pursuit_node]: Pure Pursuit: pose=(20.049, -4.060, -1.049) cte=0.047 closest=2384 target=2417 steer=-0.524 speed=0.200
[gpu_amcl_cpp_node-5] [INFO] [1788254498.791863707] [gpu_amcl_cpp]: AMCL odom delta: at_scan=(3.158, -2.691, 1.681) baseline=(3.158, -2.691, 1.681) delta=(0.000, 0.000, 0.000) moved=false scan_age=0.001s
[ground_truth_amcl_monitor-7] [INFO] [1788254498.794572985] [ground_truth_amcl_monitor]: AMCL vs GT: gt=(19.856, -3.834) amcl=(20.049, -4.060) error=0.296 m / 0.089 rad; odom=(20.086, -3.630, -0.960) error=0.308 m / 0.000 rad; ekf=(20.049, -4.060, -1.049) error=0.296 m / 0.089 rad; RMS=0.294 m / 0.088 rad max=0.298 m / 0.089 rad samples=54
[component_container-8] [INFO] [1788254499.449742614] [pure_pursuit_node]: Pure Pursuit: pose=(20.049, -4.060, -1.049) cte=0.047 closest=2384 target=2417 steer=-0.524 speed=0.200
[sensor_odometry_node-2] [INFO] [1788254499.617477033] [sensor_odometry]: Odometry: dl=0.000 dr=0.000 ds=0.000 wheel_speed=0.000 mapped=0.000 body_speed=0.000 speed=0.000 pose=(3.158, -2.691, 1.681) enc=(0.000, 0.000) wheel_slip=false confidence=1.00
[gpu_amcl_cpp_node-5] [INFO] [1788254499.934924084] [gpu_amcl_cpp]: AMCL odom delta: at_scan=(3.158, -2.691, 1.681) baseline=(3.158, -2.691, 1.681) delta=(0.000, 0.000, 0.000) moved=false scan_age=0.001s
[ground_truth_amcl_monitor-7] [INFO] [1788254499.939409319] [ground_truth_amcl_monitor]: AMCL vs GT: gt=(19.856, -3.834) amcl=(20.049, -4.060) error=0.296 m / 0.089 rad; odom=(20.086, -3.630, -0.960) error=0.308 m / 0.000 rad; ekf=(20.049, -4.060, -1.049) error=0.296 m / 0.089 rad; RMS=0.295 m / 0.088 rad max=0.298 m / 0.089 rad samples=62
[gpu_amcl_cpp_node-5] [INFO] [1788254500.091722185] [gpu_amcl_cpp]: Received LiDAR callback #894 (1081 ranges).
[component_container-8] [INFO] [1788254500.513750663] [pure_pursuit_node]: Pure Pursuit: pose=(20.049, -4.060, -1.049) cte=0.047 closest=2384 target=2417 steer=-0.524 speed=0.200
[gpu_amcl_cpp_node-5] [INFO] [1788254501.011870131] [gpu_amcl_cpp]: AMCL odom delta: at_scan=(3.158, -2.691, 1.681) baseline=(3.158, -2.691, 1.681) delta=(0.000, 0.000, 0.000) moved=false scan_age=0.002s
[ground_truth_amcl_monitor-7] [INFO] [1788254501.016402301] [ground_truth_amcl_monitor]: AMCL vs GT: gt=(19.856, -3.834) amcl=(20.049, -4.060) error=0.296 m / 0.089 rad; odom=(20.086, -3.630, -0.960) error=0.308 m / 0.000 rad; ekf=(20.049, -4.060, -1.049) error=0.296 m / 0.089 rad; RMS=0.295 m / 0.088 rad max=0.298 m / 0.089 rad samples=69
[sensor_odometry_node-2] [INFO] [1788254501.669470288] [sensor_odometry]: Odometry: dl=0.000 dr=0.000 ds=0.000 wheel_speed=0.000 mapped=0.000 body_speed=0.000 speed=0.000 pose=(3.158, -2.691, 1.681) enc=(0.000, 0.000) wheel_slip=false confidence=1.00
[component_container-8] [INFO] [1788254501.674373625] [pure_pursuit_node]: Pure Pursuit: pose=(20.049, -4.060, -1.049) cte=0.047 closest=2384 target=2417 steer=-0.524 speed=0.200
[gpu_amcl_cpp_node-5] [INFO] [1788254502.074759976] [gpu_amcl_cpp]: AMCL odom delta: at_scan=(3.158, -2.691, 1.681) baseline=(3.158, -2.691, 1.681) delta=(0.000, 0.000, 0.000) moved=false scan_age=0.002s
[ground_truth_amcl_monitor-7] [INFO] [1788254502.080575566] [ground_truth_amcl_monitor]: AMCL vs GT: gt=(19.856, -3.834) amcl=(20.049, -4.060) error=0.296 m / 0.089 rad; odom=(20.086, -3.630, -0.960) error=0.308 m / 0.000 rad; ekf=(20.049, -4.060, -1.049) error=0.296 m / 0.089 rad; RMS=0.295 m / 0.088 rad max=0.298 m / 0.089 rad samples=75
[component_container-8] [INFO] [1788254502.932364921] [pure_pursuit_node]: Pure Pursuit: pose=(20.049, -4.060, -1.049) cte=0.047 closest=2384 target=2417 steer=-0.524 speed=0.200
[gpu_amcl_cpp_node-5] [INFO] [1788254503.132341177] [gpu_amcl_cpp]: AMCL odom delta: at_scan=(3.158, -2.691, 1.681) baseline=(3.158, -2.691, 1.681) delta=(0.000, 0.000, 0.000) moved=false scan_age=0.001s
[ground_truth_amcl_monitor-7] [INFO] [1788254503.137526856] [ground_truth_amcl_monitor]: AMCL vs GT: gt=(19.856, -3.834) amcl=(20.049, -4.060) error=0.296 m / 0.089 rad; odom=(20.086, -3.630, -0.960) error=0.308 m / 0.000 rad; ekf=(20.049, -4.060, -1.049) error=0.296 m / 0.089 rad; RMS=0.295 m / 0.088 rad max=0.298 m / 0.089 rad samples=80
[sensor_odometry_node-2] [INFO] [1788254503.714361141] [sensor_odometry]: Odometry: dl=0.000 dr=0.000 ds=0.000 wheel_speed=0.000 mapped=0.000 body_speed=0.000 speed=0.000 pose=(3.158, -2.691, 1.681) enc=(0.000, 0.000) wheel_slip=false confidence=1.00
[component_container-8] [INFO] [1788254503.977495770] [pure_pursuit_node]: Pure Pursuit: pose=(20.049, -4.060, -1.049) cte=0.047 closest=2384 target=2417 steer=-0.524 speed=0.200
[gpu_amcl_cpp_node-5] [INFO] [1788254504.262320903] [gpu_amcl_cpp]: AMCL odom delta: at_scan=(3.158, -2.691, 1.681) baseline=(3.158, -2.691, 1.681) delta=(0.000, 0.000, 0.000) moved=false scan_age=0.001s
[ground_truth_amcl_monitor-7] [INFO] [1788254504.265935501] [ground_truth_amcl_monitor]: AMCL vs GT: gt=(19.856, -3.834) amcl=(20.049, -4.060) error=0.296 m / 0.089 rad; odom=(20.086, -3.630, -0.960) error=0.308 m / 0.000 rad; ekf=(20.049, -4.060, -1.049) error=0.296 m / 0.089 rad; RMS=0.295 m / 0.088 rad max=0.298 m / 0.089 rad samples=88
[component_container-8] [INFO] [1788254505.071028990] [pure_pursuit_node]: Pure Pursuit: pose=(20.049, -4.060, -1.049) cte=0.047 closest=2384 target=2417 steer=-0.524 speed=0.200
[gpu_amcl_cpp_node-5] [INFO] [1788254505.211068487] [gpu_amcl_cpp]: Received LiDAR callback #926 (1081 ranges).
[gpu_amcl_cpp_node-5] [INFO] [1788254505.355676346] [gpu_amcl_cpp]: AMCL odom delta: at_scan=(3.158, -2.691, 1.681) baseline=(3.158, -2.691, 1.681) delta=(0.000, 0.000, 0.000) moved=false scan_age=0.001s
[ground_truth_amcl_monitor-7] [INFO] [1788254505.359661052] [ground_truth_amcl_monitor]: AMCL vs GT: gt=(19.856, -3.834) amcl=(20.049, -4.060) error=0.296 m / 0.089 rad; odom=(20.086, -3.630, -0.960) error=0.308 m / 0.000 rad; ekf=(20.049, -4.060, -1.049) error=0.296 m / 0.089 rad; RMS=0.295 m / 0.088 rad max=0.298 m / 0.089 rad samples=96
[sensor_odometry_node-2] [INFO] [1788254505.822590523] [sensor_odometry]: Odometry: dl=0.000 dr=0.000 ds=0.000 wheel_speed=0.000 mapped=0.000 body_speed=0.000 speed=0.000 pose=(3.158, -2.691, 1.681) enc=(0.000, 0.000) wheel_slip=false confidence=1.00
[component_container-8] [INFO] [1788254506.092423843] [pure_pursuit_node]: Pure Pursuit: pose=(20.049, -4.060, -1.049) cte=0.047 closest=2384 target=2417 steer=-0.524 speed=0.200
[gpu_amcl_cpp_node-5] [INFO] [1788254506.481918685] [gpu_amcl_cpp]: AMCL odom delta: at_scan=(3.158, -2.691, 1.681) baseline=(3.158, -2.691, 1.681) delta=(0.000, 0.000, 0.000) moved=false scan_age=0.001s
[ground_truth_amcl_monitor-7] [INFO] [1788254506.485493761] [ground_truth_amcl_monitor]: AMCL vs GT: gt=(19.856, -3.834) amcl=(20.049, -4.060) error=0.296 m / 0.089 rad; odom=(20.086, -3.630, -0.960) error=0.307 m / 0.000 rad; ekf=(20.049, -4.060, -1.049) error=0.296 m / 0.089 rad; RMS=0.295 m / 0.088 rad max=0.298 m / 0.089 rad samples=104
[component_container-8] [INFO] [1788254507.178794987] [pure_pursuit_node]: Pure Pursuit: pose=(20.049, -4.060, -1.049) cte=0.047 closest=2384 target=2417 steer=-0.524 speed=0.200
[gpu_amcl_cpp_node-5] [INFO] [1788254507.630057867] [gpu_amcl_cpp]: AMCL odom delta: at_scan=(3.158, -2.691, 1.681) baseline=(3.158, -2.691, 1.681) delta=(0.000, 0.000, 0.000) moved=false scan_age=0.001s
[ground_truth_amcl_monitor-7] [INFO] [1788254507.632884579] [ground_truth_amcl_monitor]: AMCL vs GT: gt=(19.856, -3.834) amcl=(20.049, -4.060) error=0.296 m / 0.089 rad; odom=(20.086, -3.630, -0.960) error=0.307 m / 0.000 rad; ekf=(20.049, -4.060, -1.049) error=0.296 m / 0.089 rad; RMS=0.295 m / 0.088 rad max=0.298 m / 0.089 rad samples=112
[sensor_odometry_node-2] [INFO] [1788254507.920419473] [sensor_odometry]: Odometry: dl=0.000 dr=0.000 ds=0.000 wheel_speed=0.000 mapped=0.000 body_speed=0.000 speed=0.000 pose=(3.158, -2.691, 1.681) enc=(0.000, 0.000) wheel_slip=false confidence=1.00
[component_container-8] [INFO] [1788254508.211962769] [pure_pursuit_node]: Pure Pursuit: pose=(20.049, -4.060, -1.049) cte=0.047 closest=2384 target=2417 steer=-0.524 speed=0.200
