run_id,event_index,request_sequence,request_monotonic_ns,packet_sequence,associated_packet_sequence,response_received,bridge_arrival_monotonic_ns,telemetry_sequence,simulation_time_s,simulation_physics_step,simulation_render_frame,sent_throttle_norm,sent_steering_norm,sent_reset,commanded_throttle_norm,commanded_steering_norm,applied_command_sequence,applied_throttle_norm,applied_steering_norm,simulator_angular_velocity_x,simulator_angular_velocity_y,simulator_angular_velocity_z,simulator_encoder_angles_left,simulator_encoder_angles_right,simulator_feedback_steering_norm,simulator_feedback_throttle_norm,simulator_linear_acceleration_x,simulator_linear_acceleration_y,simulator_linear_acceleration_z,simulator_linear_velocity_x,simulator_linear_velocity_y,simulator_linear_velocity_z,simulator_orientation_euler_x,simulator_orientation_euler_y,simulator_orientation_euler_z,simulator_orientation_quaternion_w,simulator_orientation_quaternion_x,simulator_orientation_quaternion_y,simulator_orientation_quaternion_z,simulator_position_x,simulator_position_y,simulator_position_z
open_plane_source_step_combined_5_20260913,404,6,7944738580068,1,1,True,7944743019096,7,0.131000012,132,139,0.0,0.0,False,0.0,0.0,5,0.0,0.0,-0.0031,1.5385,-0.0001,0.0,0.0,0.0,0.0,14.8983,0.0282,31.9156,0.1035,0.0002,-0.9468,0.0007,0.0059,4.7124,0.7071,0.0021,0.0021,-0.7071,0.8005,3.1598,0.0784
open_plane_source_step_combined_5_20260913,413,7,7944763689150,2,2,True,7944766934805,8,0.155,156,175,0.0,0.0,False,0.0,0.0,6,0.0,0.0,-0.0008,0.2057,0.0,0.0,0.0,0.0,0.0,-1.6309,-0.0085,8.7882,0.0182,0.0001,-0.1404,0.0033,0.0249,4.7124,0.7071,0.0088,0.0088,-0.7071,0.8005,3.1587,0.0716
open_plane_source_step_combined_5_20260913,422,8,7944788574342,3,3,True,7944792016786,9,0.18,181,210,0.0,0.0,False,0.0,0.0,7,0.0,0.0,0.0002,0.0352,0.0,0.0,0.0,0.0,0.0,-0.1416,0.0,0.8658,0.0042,0.0,-0.0633,0.0035,0.027,4.7124,0.707,0.0095,0.0096,-0.707,0.8005,3.1586,0.0697
open_plane_source_step_combined_5_20260913,431,9,7944813657335,4,4,True,7944817951221,10,0.206000015,207,254,0.0,0.0,False,0.0,0.0,8,0.0,0.0,0.0002,0.0191,0.0,0.0,0.0,0.0,0.0,-0.0224,0.0001,0.3019,0.0027,0.0,-0.0513,0.0031,0.0276,4.7124,0.707,0.0098,0.0098,-0.707,0.8005,3.1585,0.0684
open_plane_source_step_combined_5_20260913,440,10,7944838623519,5,5,True,7944841662946,11,0.23,231,289,0.0,0.0,False,0.0,0.0,9,0.0,0.0,0.0002,0.0161,0.0,0.0,0.0,0.0,0.0,-0.0126,0.0,0.2359,0.0024,0.0,-0.045,0.0028,0.0281,4.7124,0.707,0.0099,0.0099,-0.707,0.8005,3.1585,0.0673
open_plane_source_step_combined_5_20260913,448,11,7944863903523,6,6,True,7944868093493,12,0.256,257,329,0.0,0.0,False,0.0,0.0,10,0.0,0.0,0.0002,0.0141,0.0,0.0,0.0,0.0,0.0,-0.011,0.0004,0.2078,0.0021,0.0,-0.0393,0.0025,0.0284,4.7124,0.707,0.01,0.0101,-0.707,0.8005,3.1585,0.0662
open_plane_source_step_combined_5_20260913,458,12,7944888566246,7,7,True,7944891840945,13,0.28,281,371,0.0,0.0,False,0.0,0.0,11,0.0,0.0,0.0002,0.0126,0.0,0.0,0.0,0.0,0.0,-0.0098,-0.0002,0.1806,0.0019,0.0,-0.0347,0.0022,0.0288,4.7124,0.707,0.0102,0.0102,-0.707,0.8005,3.1585,0.0654
open_plane_source_step_combined_5_20260913,467,13,7944913528823,8,8,True,7944916494792,14,0.305,306,413,0.0,0.0,False,0.0,0.0,12,0.0,0.0,0.0001,0.0112,0.0,0.0,0.0,0.0,0.0,-0.0082,-0.0004,0.1564,0.0017,0.0,-0.0304,0.002,0.0291,4.7124,0.707,0.0103,0.0103,-0.707,0.8005,3.1585,0.0646
open_plane_source_step_combined_5_20260913,476,14,7944938316321,9,9,True,7944941822265,15,0.33,331,446,0.0,0.0,False,0.0,0.0,13,0.0,0.0,0.0001,0.0099,0.0,0.0,0.0,0.0,0.0,-0.0075,0.0003,0.1383,0.0015,0.0,-0.0267,0.0018,0.0293,4.7124,0.707,0.0104,0.0104,-0.707,0.8005,3.1584,0.064
open_plane_source_step_combined_5_20260913,485,15,7944964164824,10,10,True,7944967923684,16,0.356,357,485,0.0,0.0,False,0.0,0.0,14,0.0,0.0,0.0001,0.0087,0.0,0.0,0.0,0.0,0.0,-0.006,-0.0004,0.1219,0.0013,0.0,-0.0233,0.0016,0.0296,4.7124,0.707,0.0104,0.0105,-0.707,0.8005,3.1584,0.0634
open_plane_source_step_combined_5_20260913,494,16,7944988869536,11,11,True,7944992839523,17,0.381,382,525,0.0,0.0,False,0.0,0.0,15,0.0,0.0,0.0001,0.0077,0.0,0.0,0.0,0.0,0.0,-0.0061,0.0002,0.1094,0.0011,0.0,-0.0204,0.0014,0.0298,4.7124,0.707,0.0105,0.0105,-0.707,0.8005,3.1584,0.0629
open_plane_source_step_combined_5_20260913,503,17,7945013908397,12,12,True,7945017945319,18,0.406000018,407,565,0.0,0.0,False,0.0,0.0,16,0.0,0.0,0.0001,0.0068,0.0,0.0,0.0,0.0,0.0,-0.0048,0.0003,0.092,0.001,0.0,-0.018,0.0013,0.0299,4.7124,0.707,0.0106,0.0106,-0.707,0.8005,3.1584,0.0624
open_plane_source_step_combined_5_20260913,511,18,7945038723927,13,13,True,7945042724361,19,0.431000024,432,604,0.0,0.0,False,0.0,0.0,17,0.0,0.0,0.0001,0.0061,0.0,0.0,0.0,0.0,0.0,-0.0043,-0.0003,0.0829,0.0009,0.0,-0.0157,0.0011,0.0301,4.7124,0.707,0.0106,0.0107,-0.707,0.8005,3.1584,0.062
open_plane_source_step_combined_5_20260913,521,19,7945063415615,14,14,True,7945067126534,20,0.455,456,639,0.0,0.0,False,0.0,0.0,18,0.0,0.0,0.0001,0.0054,0.0,0.0,0.0,0.0,0.0,-0.004,0.0001,0.0712,0.0008,0.0,-0.0139,0.001,0.0302,4.7124,0.707,0.0107,0.0107,-0.707,0.8005,3.1584,0.0617
open_plane_source_step_combined_5_20260913,530,20,7945088674590,15,15,True,7945091862886,21,0.480000019,481,678,0.0,0.0,False,0.0,0.0,19,0.0,0.0,0.0001,0.0048,0.0,0.0,0.0,0.0,0.0,-0.0042,0.0002,0.0674,0.0007,0.0,-0.0122,0.0009,0.0304,4.7124,0.707,0.0107,0.0107,-0.707,0.8005,3.1584,0.0614
open_plane_source_step_combined_5_20260913,538,21,7945113307386,16,16,True,7945116463091,22,0.505,506,716,0.0,0.0,False,0.0,0.0,20,0.0,0.0,0.0001,0.0042,0.0,0.0,0.0,0.0,0.0,-0.0029,-0.0009,0.0547,0.0006,0.0,-0.0107,0.0008,0.0305,4.7124,0.707,0.0108,0.0108,-0.707,0.8005,3.1584,0.0611
open_plane_source_step_combined_5_20260913,548,22,7945138923102,17,17,True,7945142749939,23,0.531,532,758,0.0,0.0,False,0.0,0.0,21,0.0,0.0,0.0001,0.0037,0.0,0.0,0.0,0.0,0.0,-0.003,-0.0001,0.0396,0.0005,0.0,-0.0094,0.0007,0.0306,4.7124,0.707,0.0108,0.0108,-0.707,0.8005,3.1584,0.0609
open_plane_source_step_combined_5_20260913,557,23,7945164034288,18,18,True,7945167547956,24,0.556000054,557,796,0.0,0.0,False,0.0,0.0,22,0.0,0.0,0.0,0.0033,0.0,0.0,0.0,0.0,0.0,-0.0024,-0.0003,0.0431,0.0005,0.0,-0.0082,0.0006,0.0307,4.7124,0.707,0.0108,0.0108,-0.707,0.8005,3.1584,0.0607
open_plane_source_step_combined_5_20260913,566,24,7945188386607,19,19,True,7945191594280,25,0.580000043,581,835,0.0,0.0,False,0.0,0.0,23,0.0,0.0,0.0,0.0029,0.0,0.0,0.0,0.0,0.0,-0.0025,-0.0003,0.045,0.0004,0.0,-0.0072,0.0006,0.0307,4.7124,0.707,0.0109,0.0109,-0.707,0.8005,3.1584,0.0605
open_plane_source_step_combined_5_20260913,575,25,7945213715373,20,20,True,7945217908449,26,0.606,607,877,0.0,0.0,False,0.0,0.0,24,0.0,0.0,0.0,0.0026,0.0,0.0,0.0,0.0,0.0,-0.0017,0.0002,0.0291,0.0004,0.0,-0.0063,0.0005,0.0308,4.7124,0.707,0.0109,0.0109,-0.707,0.8005,3.1584,0.0603
open_plane_source_step_combined_5_20260913,584,26,7945238871544,21,21,True,7945242628961,27,0.631000042,632,916,0.0,0.0,False,0.0,0.0,25,0.0,0.0,0.0,0.0023,0.0,0.0,0.0,0.0,0.0,-0.0019,0.0002,0.0337,0.0003,0.0,-0.0056,0.0005,0.0309,4.7124,0.707,0.0109,0.0109,-0.707,0.8005,3.1584,0.0602
open_plane_source_step_combined_5_20260913,593,27,7945264180383,22,22,True,7945267871615,28,0.656,657,955,0.0,0.0,False,0.0,0.0,26,0.0,0.0,0.0,0.002,0.0,0.0,0.0,0.0,0.0,-0.0017,0.0007,0.0368,0.0003,0.0,-0.0049,0.0004,0.0309,4.7124,0.707,0.0109,0.0109,-0.707,0.8005,3.1583,0.0601
open_plane_source_step_combined_5_20260913,602,28,7945288566245,23,23,True,7945291782063,29,0.68,681,995,0.0,0.0,False,0.0,0.0,27,0.0,0.0,0.0,0.0018,0.0,0.0,0.0,0.0,0.0,-0.0011,-0.0005,0.0206,0.0003,0.0,-0.0043,0.0004,0.031,4.7124,0.707,0.011,0.011,-0.707,0.8005,3.1583,0.06
open_plane_source_step_combined_5_20260913,610,29,7945314198421,24,24,True,7945318962692,30,0.70600003,707,1030,0.0,0.0,False,0.0,0.0,28,0.0,0.0,0.0,0.0016,0.0,0.0,0.0,0.0,0.0,-0.0011,-0.0009,0.0278,0.0002,0.0,-0.0037,0.0003,0.031,4.7124,0.707,0.011,0.011,-0.707,0.8005,3.1583,0.0599
open_plane_source_step_combined_5_20260913,619,30,7945338746158,25,25,True,7945341944203,31,0.73,731,1067,0.0,0.0,False,0.0,0.0,29,0.0,0.0,0.0,0.0014,0.0,0.0,0.0,0.0,0.0,-0.001,0.0004,0.0169,0.0002,0.0,-0.0033,0.0003,0.0311,4.7124,0.707,0.011,0.011,-0.707,0.8005,3.1583,0.0598
open_plane_source_step_combined_5_20260913,628,31,7945363755704,26,26,True,7945366970810,32,0.755000055,756,1106,0.0,0.0,False,0.0,0.0,30,0.0,0.0,0.0,0.0012,0.0,0.0,0.0,0.0,0.0,-0.0008,-0.0005,0.0139,0.0002,0.0,-0.0029,0.0003,0.0311,4.7124,0.707,0.011,0.011,-0.707,0.8005,3.1583,0.0597
open_plane_source_step_combined_5_20260913,638,32,7945388743488,27,27,True,7945391875298,33,0.780000031,781,1145,0.0,0.0,False,0.0,0.0,31,0.0,0.0,0.0,0.0011,0.0,0.0,0.0,0.0,0.0,-0.0014,0.0,0.0221,0.0002,0.0,-0.0026,0.0002,0.0311,4.7124,0.707,0.011,0.011,-0.707,0.8005,3.1583,0.0596
open_plane_source_step_combined_5_20260913,646,33,7945413806053,28,28,True,7945416820492,34,0.805000067,806,1184,0.0,0.0,False,0.0,0.0,32,0.0,0.0,0.0,0.001,0.0,0.0,0.0,0.0,0.0,-0.0009,0.0002,0.0151,0.0001,0.0,-0.0023,0.0002,0.0311,4.7124,0.707,0.011,0.011,-0.707,0.8005,3.1583,0.0596
open_plane_source_step_combined_5_20260913,656,34,7945438474026,29,29,True,7945441657052,35,0.830000043,831,1218,0.0,0.0,False,0.0,0.0,33,0.0,0.0,0.0,0.0009,0.0,0.0,0.0,0.0,0.0,-0.0001,0.0001,0.0065,0.0001,0.0,-0.0019,0.0002,0.0312,4.7124,0.707,0.011,0.011,-0.707,0.8005,3.1583,0.0595
open_plane_source_step_combined_5_20260913,665,35,7945464100842,30,30,True,7945467759553,36,0.856000066,857,1259,0.0,0.0,False,0.0,0.0,34,0.0,0.0,0.0,0.0008,0.0,0.0,0.0,0.0,0.0,0.0,0.0001,0.0027,0.0001,0.0,-0.0017,0.0002,0.0312,4.7124,0.707,0.011,0.011,-0.707,0.8005,3.1583,0.0595
open_plane_source_step_combined_5_20260913,674,36,7945488213862,31,31,True,7945491650545,37,0.880000055,881,1296,0.0,0.0,False,0.0,0.0,35,0.0,0.0,0.0,0.0007,0.0,0.0,0.0,0.0,0.0,-0.0013,-0.0006,0.0107,0.0001,0.0,-0.0015,0.0002,0.0312,4.7124,0.707,0.011,0.011,-0.707,0.8005,3.1583,0.0595
open_plane_source_step_combined_5_20260913,683,37,7945514115845,32,32,True,7945517685859,38,0.906,907,1338,0.0,0.0,False,0.0,0.0,36,0.0,0.0,0.0,0.0006,0.0,0.0,0.0,0.0,0.0,-0.0005,0.0005,0.0022,0.0001,0.0,-0.0013,0.0001,0.0312,4.7124,0.707,0.011,0.011,-0.707,0.8005,3.1583,0.0594
open_plane_source_step_combined_5_20260913,692,38,7945538854882,33,33,True,7945542744698,39,0.931000054,932,1376,0.0,0.0,False,0.0,0.0,37,0.0,0.0,0.0,0.0005,0.0,0.0,0.0,0.0,0.0,0.0004,-0.0003,0.005,0.0001,0.0,-0.0012,0.0001,0.0312,4.7124,0.707,0.011,0.011,-0.707,0.8005,3.1583,0.0594
open_plane_source_step_combined_5_20260913,701,39,7945564059023,34,34,True,7945567587099,40,0.95600003,957,1413,0.0,0.0,False,0.0,0.0,38,0.0,0.0,0.0,0.0005,0.0,0.0,0.0,0.0,0.0,-0.001,0.0004,0.0018,0.0001,0.0,-0.001,0.0001,0.0313,4.7124,0.707,0.011,0.0111,-0.707,0.8005,3.1583,0.0594
open_plane_source_step_combined_5_20260913,710,40,7945589093135,35,35,True,7945592600201,41,0.981000066,982,1449,0.0,0.0,False,0.0,0.0,39,0.0,0.0,0.0,0.0004,0.0,0.0,0.0,0.0,0.0,-0.0003,0.0,0.0087,0.0001,0.0,-0.0009,0.0001,0.0313,4.7124,0.707,0.0111,0.0111,-0.707,0.8005,3.1583,0.0593
open_plane_source_step_combined_5_20260913,719,41,7945613508012,36,36,True,7945616774004,42,1.005,1006,1485,0.0,0.0,False,0.0,0.0,40,0.0,0.0,0.0,0.0004,0.0,0.0,0.0,0.0,0.0,-0.0002,0.0,0.0031,0.0001,0.0,-0.0008,0.0001,0.0313,4.7124,0.707,0.0111,0.0111,-0.707,0.8005,3.1583,0.0593
open_plane_source_step_combined_5_20260913,728,42,7945638609430,37,37,True,7945641654948,43,1.03000009,1031,1523,0.0,0.0,False,0.0,0.0,41,0.0,0.0,0.0,0.0003,0.0,0.0,0.0,0.0,0.0,-0.0005,-0.0005,0.0056,0.0,0.0,-0.0007,0.0001,0.0313,4.7124,0.707,0.0111,0.0111,-0.707,0.8005,3.1583,0.0593
open_plane_source_step_combined_5_20260913,736,43,7945664110700,38,38,True,7945667856715,44,1.056,1057,1567,0.0,0.0,False,0.0,0.0,42,0.0,0.0,0.0,0.0003,0.0,0.0,0.0,0.0,0.0,-0.0004,-0.0003,0.0108,0.0,0.0,-0.0006,0.0001,0.0313,4.7124,0.707,0.0111,0.0111,-0.707,0.8005,3.1583,0.0593
open_plane_source_step_combined_5_20260913,745,44,7945688999709,39,39,True,7945692605170,45,1.08100009,1082,1606,0.0,0.0,False,0.0,0.0,43,0.0,0.0,0.0,0.0003,0.0,0.0,0.0,0.0,0.0,0.0,-0.001,-0.0038,0.0,0.0,-0.0005,0.0001,0.0313,4.7124,0.707,0.0111,0.0111,-0.707,0.8005,3.1584,0.0593
open_plane_source_step_combined_5_20260913,755,45,7945713417401,40,40,True,7945718372610,46,1.105,1106,1640,0.0,0.0,False,0.0,0.0,44,0.0,0.0,0.0,0.0002,0.0,0.0,0.0,0.0,0.0,-0.0002,0.0004,0.0008,0.0,0.0,-0.0005,0.0001,0.0313,4.7124,0.707,0.0111,0.0111,-0.707,0.8005,3.1584,0.0593
open_plane_source_step_combined_5_20260913,763,46,7945738829233,41,41,True,7945742923904,47,1.131,1132,1676,0.0,0.0,False,0.0,0.0,45,0.0,0.0,0.0,0.0002,0.0,0.0,0.0,0.0,0.0,0.0001,-0.0002,0.0039,0.0,0.0,-0.0004,0.0,0.0313,4.7124,0.707,0.0111,0.0111,-0.707,0.8005,3.1584,0.0593
open_plane_source_step_combined_5_20260913,773,47,7945763697282,42,42,True,7945766826006,48,1.15500009,1156,1712,0.0,0.0,False,0.0,0.0,46,0.0,0.0,0.0,0.0002,0.0,0.0,0.0,0.0,0.0,0.0009,-0.0002,-0.0031,0.0,0.0,-0.0003,0.0,0.0313,4.7124,0.707,0.0111,0.0111,-0.707,0.8005,3.1584,0.0593
open_plane_source_step_combined_5_20260913,782,48,7945788381716,43,43,True,7945791666644,49,1.18000007,1181,1748,0.2,0.0,False,0.2,0.0,47,0.0,0.0,0.0,0.0002,0.0,0.0,0.0,0.0,0.0,-0.0005,0.0001,0.0012,0.0,0.0,-0.0003,0.0,0.0313,4.7124,0.707,0.0111,0.0111,-0.707,0.8005,3.1584,0.0592
open_plane_source_step_combined_5_20260913,790,49,7945813588312,44,44,True,7945816570270,50,1.205,1206,1781,0.2,0.0,False,0.2,0.0,48,0.2,0.0,0.0,-0.1039,0.0,1.9864,1.9864,0.0,0.2,5.3424,0.0001,0.1459,0.1272,0.0,0.0028,0.0,0.0295,4.7124,0.707,0.0104,0.0104,-0.707,0.8005,3.1568,0.0589
open_plane_source_step_combined_5_20260913,800,50,7945838884547,45,45,True,7945843243264,51,1.23100007,1232,1818,0.2,0.0,False,0.2,0.0,49,0.2,0.0,0.0,-0.0998,0.0,4.1757,4.1757,0.0,0.2,5.3095,0.0001,0.1419,0.2657,0.0,0.0061,0.0,0.0268,4.7124,0.707,0.0095,0.0095,-0.707,0.8005,3.1516,0.0585
open_plane_source_step_combined_5_20260913,808,51,7945863760270,46,46,True,7945867697275,52,1.256,1257,1860,0.2,0.0,False,0.2,0.0,50,0.2,0.0,0.0,-0.0888,0.0,6.2832,6.2832,0.0,0.2,5.2744,0.0,0.1303,0.398,0.0,0.0088,0.0,0.0244,4.7124,0.7071,0.0086,0.0086,-0.7071,0.8005,3.1432,0.0581
open_plane_source_step_combined_5_20260913,818,52,7945888492715,47,47,True,7945891566846,53,1.28000009,1281,1892,0.2,0.0,False,0.2,0.0,51,0.2,0.0,0.0,-0.0789,0.0,8.3056,8.3056,0.0,0.2,5.242,0.0004,0.1237,0.5242,0.0,0.0109,0.0,0.0224,4.7124,0.7071,0.0079,0.0079,-0.7071,0.8005,3.132,0.0578
open_plane_source_step_combined_5_20260913,827,53,7945913851547,48,48,True,7945917897506,54,1.30600011,1307,1936,0.2,0.0,False,0.2,0.0,52,0.2,0.0,0.0,-0.0694,0.0,10.4949,10.4949,0.0,0.2,5.2054,0.0,0.1131,0.66,0.0,0.0128,0.0,0.0205,4.7124,0.7071,0.0073,0.0073,-0.7071,0.8005,3.1165,0.0575
open_plane_source_step_combined_5_20260913,836,54,7945938470267,49,49,True,7945941486209,55,1.33,1331,1966,0.2,0.0,False,0.2,0.0,53,0.2,0.0,0.0,-0.0617,0.0,12.5173,12.5173,0.0,0.2,5.1712,-0.0001,0.1034,0.7845,0.0,0.0142,0.0,0.019,4.7124,0.7071,0.0067,0.0067,-0.7071,0.8006,3.0991,0.0572
open_plane_source_step_combined_5_20260913,845,55,7945964112603,50,50,True,7945967698226,56,1.35600007,1357,2006,0.2,0.0,False,0.2,0.0,54,0.2,0.0,0.0,-0.0542,0.0,14.7099,14.7099,0.0,0.2,5.134,0.0,0.0931,0.9185,0.0,0.0154,0.0,0.0175,4.7124,0.7071,0.0062,0.0062,-0.7071,0.8006,3.0769,0.0569
open_plane_source_step_combined_5_20260913,854,56,7945988210724,51,51,True,7945994289526,57,1.38000011,1381,2041,0.2,0.0,False,0.2,0.0,55,0.2,0.0,0.0,-0.0482,0.0,16.7323,16.7323,0.0,0.2,5.1001,0.0,0.0852,1.0413,0.0,0.0163,0.0,0.0162,4.7124,0.7071,0.0057,0.0057,-0.7071,0.8006,3.0533,0.0567
open_plane_source_step_combined_5_20260913,863,57,7946013802695,52,52,True,7946018543951,58,1.406,1407,2076,0.2,0.0,False,0.2,0.0,56,0.2,0.0,0.0,-0.0424,0.0,18.9216,18.9216,0.0,0.2,5.0653,0.0005,0.0813,1.1734,0.0,0.0172,0.0,0.0151,4.7124,0.7071,0.0053,0.0053,-0.7071,0.8006,3.0244,0.0565
open_plane_source_step_combined_5_20260913,872,58,7946039188387,53,53,True,7946042982713,59,1.43100011,1432,2111,0.2,0.0,False,0.2,0.0,57,0.2,0.0,0.0,-0.0374,0.0,21.029,21.029,0.0,0.2,5.0261,-0.0007,0.064,1.2996,0.0,0.0178,0.0,0.0141,4.7124,0.7071,0.005,0.005,-0.7071,0.8006,2.9934,0.0564
open_plane_source_step_combined_5_20260913,881,59,7946063542250,54,54,True,7946066649043,60,1.455,1456,2149,0.2,0.0,False,0.2,0.0,58,0.2,0.0,0.0,-0.0333,0.0,23.0514,23.0514,0.0,0.2,4.9966,0.0001,0.0675,1.4199,0.0,0.0184,0.0,0.0132,4.7124,0.7071,0.0047,0.0047,-0.7071,0.8006,2.9607,0.0562
open_plane_source_step_combined_5_20260913,890,60,7946089113521,55,55,True,7946092751814,61,1.48100007,1482,2190,0.2,0.0,False,0.2,0.0,59,0.2,0.0,0.0,-0.0293,0.0,25.2407,25.244,0.0,0.2,4.9605,0.0001,0.0612,1.5494,0.0,0.0189,0.0,0.0124,4.7124,0.7071,0.0044,0.0044,-0.7071,0.8006,2.922,0.0561
open_plane_source_step_combined_5_20260913,899,61,7946113397091,56,56,True,7946116482284,62,1.50500011,1506,2226,0.2,0.0,False,0.2,0.0,60,0.2,0.0,0.0,-0.026,0.0,27.2631,27.2664,0.0,0.2,4.9236,-0.0002,0.0464,1.668,0.0,0.0193,0.0,0.0117,4.7124,0.7071,0.0042,0.0042,-0.7071,0.8006,2.8833,0.056
open_plane_source_step_combined_5_20260913,907,62,7946138900906,57,57,True,7946142802374,63,1.531,1532,2263,0.2,0.0,False,0.2,0.0,61,0.2,0.0,0.0,-0.0229,0.0,29.4557,29.4557,0.0,0.2,4.8981,-0.0005,0.0657,1.7957,0.0,0.0197,0.0,0.0111,4.7124,0.7071,0.0039,0.0039,-0.7071,0.8006,2.8382,0.0559
open_plane_source_step_combined_5_20260913,917,63,7946163344247,58,58,True,7946166488550,64,1.55500007,1556,2296,0.2,0.0,False,0.2,0.0,62,0.2,0.0,0.0,-0.0203,0.0,31.4781,31.4781,0.0,0.2,4.8628,0.0,0.0545,1.9128,0.0,0.02,0.0,0.0106,4.7124,0.7071,0.0037,0.0037,-0.7071,0.8006,2.7937,0.0558
open_plane_source_step_combined_5_20260913,925,64,7946188233947,59,59,True,7946191550454,65,1.58,1581,2336,0.2,0.0,False,0.2,0.0,63,0.2,0.0,0.0,-0.018,0.0,33.5856,33.5856,0.0,0.2,4.8312,0.0004,0.056,2.0339,0.0,0.0204,0.0,0.0101,4.7124,0.7071,0.0036,0.0036,-0.7071,0.8006,2.7443,0.0557
open_plane_source_step_combined_5_20260913,935,65,7946213238923,60,60,True,7946216752191,66,1.605,1606,2372,0.2,0.0,False,0.2,0.0,64,0.2,0.0,0.0,-0.0159,0.0,35.6898,35.6931,0.0,0.2,4.7951,-0.001,0.045,2.1542,0.0,0.0207,0.0,0.0097,4.7124,0.7071,0.0034,0.0034,-0.7071,0.8006,2.6918,0.0556
open_plane_source_step_combined_5_20260913,944,66,7946238624787,61,61,True,7946241684832,67,1.63000011,1631,2412,0.2,0.0,False,0.2,0.0,65,0.2,0.0,0.0,-0.014,0.0,37.7973,37.7973,0.0,0.2,4.7646,0.0,0.0478,2.2737,0.0,0.021,0.0,0.0093,4.7124,0.7071,0.0033,0.0033,-0.7071,0.8006,2.6364,0.0556
open_plane_source_step_combined_5_20260913,952,67,7946263834138,62,62,True,7946267542732,68,1.65600014,1657,2450,0.2,0.0,False,0.2,0.0,66,0.2,0.0,0.0,-0.0123,0.0,39.9899,39.9899,0.0,0.2,4.7317,0.0,0.0484,2.3971,0.0,0.0214,0.0,0.009,4.7124,0.7071,0.0032,0.0032,-0.7071,0.8006,2.5756,0.0555
open_plane_source_step_combined_5_20260913,961,68,7946289204191,63,63,True,7946292868863,69,1.68100011,1682,2494,0.2,0.0,False,0.2,0.0,67,0.2,0.0,0.0,-0.0109,0.0,42.0941,42.0973,0.0,0.2,4.6997,0.0011,0.0471,2.5149,0.0,0.0217,0.0,0.0087,4.7124,0.7071,0.0031,0.0031,-0.7071,0.8006,2.5142,0.0555
open_plane_source_step_combined_5_20260913,971,69,7946313677768,64,64,True,7946316928622,70,1.705,1706,2533,0.2,0.0,False,0.2,0.0,68,0.2,0.0,0.0,-0.0097,0.0,44.1165,44.1197,0.0,0.2,4.6713,0.0002,0.0508,2.6273,0.0,0.0221,0.0,0.0085,4.7124,0.7071,0.003,0.003,-0.7071,0.8006,2.4524,0.0554
open_plane_source_step_combined_5_20260913,979,70,7946338475836,65,65,True,7946341718885,71,1.73000014,1731,2571,0.2,0.0,False,0.2,0.0,69,0.2,0.0,0.0,-0.0086,0.0,46.224,46.224,0.0,0.2,4.6354,0.0006,0.039,2.7436,0.0,0.0225,0.0,0.0082,4.7124,0.7071,0.0029,0.0029,-0.7071,0.8006,2.3852,0.0554
open_plane_source_step_combined_5_20260913,988,71,7946363299081,66,66,True,7946366618614,72,1.75500011,1756,2610,0.2,0.0,False,0.2,0.0,70,0.2,0.0,0.0,-0.0076,0.0,48.3314,48.3314,0.0,0.2,4.6042,0.0003,0.0392,2.859,0.0,0.0229,0.0,0.008,4.7124,0.7071,0.0028,0.0028,-0.7071,0.8006,2.3151,0.0554
open_plane_source_step_combined_5_20260913,997,72,7946388578794,67,67,True,7946392720754,73,1.78100014,1782,2649,0.2,0.0,False,0.2,0.0,71,0.2,0.0,0.0,-0.0067,0.0,50.5207,50.524,0.0,0.2,4.5713,-0.0001,0.0374,2.9783,0.0,0.0233,0.0,0.0078,4.7124,0.7071,0.0028,0.0028,-0.7071,0.8006,2.2391,0.0553
open_plane_source_step_combined_5_20260913,1007,73,7946413446193,68,68,True,7946417111716,74,1.80500007,1806,2686,0.2,0.0,False,0.2,0.0,72,0.2,0.0,0.0,-0.0059,0.0,52.5431,52.5464,0.0,0.2,4.5382,0.0004,0.0281,3.0876,0.0,0.0237,0.0,0.0077,4.7124,0.7071,0.0027,0.0027,-0.7071,0.8006,2.1663,0.0553
open_plane_source_step_combined_5_20260913,1016,74,7946438664030,69,69,True,7946441892702,75,1.83,1831,2724,0.2,0.0,False,0.2,0.0,73,0.2,0.0,0.0,-0.0052,0.0,54.6506,54.6506,0.0,0.2,4.5065,0.0,0.0264,3.2007,0.0,0.0241,0.0,0.0076,4.7124,0.7071,0.0027,0.0027,-0.7071,0.8006,2.0876,0.0553
open_plane_source_step_combined_5_20260913,1025,75,7946463492344,70,70,True,7946466453643,76,1.85500014,1856,2761,0.2,0.0,False,0.2,0.0,74,0.2,0.0,0.0,-0.0046,0.0,56.7581,56.7581,0.0,0.2,4.4758,0.0007,0.0253,3.3131,0.0,0.0245,0.0,0.0074,4.7124,0.7071,0.0026,0.0026,-0.7071,0.8006,2.0061,0.0553
open_plane_source_step_combined_5_20260913,1034,76,7946488871104,71,71,True,7946492780877,77,1.881,1882,2806,0.2,0.0,False,0.2,0.0,75,0.2,0.0,0.0,-0.0041,0.0,58.9474,58.9507,0.0,0.2,4.4492,0.0004,0.0367,3.4291,0.0,0.025,0.0,0.0073,4.7124,0.7071,0.0026,0.0026,-0.7071,0.8006,1.9184,0.0553
open_plane_source_step_combined_5_20260913,1042,77,7946513300588,72,72,True,7946516512819,78,1.90500009,1906,2834,0.2,0.0,False,0.2,0.0,76,0.2,0.0,0.0,-0.0036,0.0,60.9698,60.9731,0.0,0.2,4.4215,0.0001,0.0389,3.5355,0.0,0.0255,0.0,0.0072,4.7124,0.7071,0.0026,0.0026,-0.7071,0.8006,1.8348,0.0552
open_plane_source_step_combined_5_20260913,1051,78,7946539086624,73,73,True,7946543114419,79,1.93100011,1932,2864,0.2,0.0,False,0.2,0.0,77,0.2,0.0,0.0,-0.0032,0.0,63.1624,63.1624,0.0,0.2,4.3882,-0.0004,0.0328,3.65,0.0,0.026,0.0,0.0071,4.7124,0.7071,0.0025,0.0025,-0.7071,0.8006,1.7413,0.0552
open_plane_source_step_combined_5_20260913,1061,79,7946563671370,74,74,True,7946567174389,80,1.955,1956,2900,0.2,0.0,False,0.2,0.0,78,0.2,0.0,0.0,-0.0033,0.0,65.1848,65.1848,0.0,0.2,4.4244,-0.0002,0.0371,3.7552,0.0,0.0265,0.0,0.0071,4.7124,0.7071,0.0025,0.0025,-0.7071,0.8006,1.6524,0.0552
open_plane_source_step_combined_5_20260913,1069,80,7946588674103,75,75,True,7946591967647,81,1.98000014,1981,2932,0.2,0.0,False,0.2,0.0,79,0.2,0.0,0.0,-0.0131,0.0,67.2857,67.289,0.0,0.2,5.0806,0.0001,0.025,3.8727,0.0,0.0266,0.0,0.0069,4.7124,0.7071,0.0024,0.0024,-0.7071,0.8006,1.557,0.0552
open_plane_source_step_combined_5_20260913,1079,81,7946613391789,76,76,True,7946616826118,82,2.005,2006,2963,0.2,0.0,False,0.2,0.0,80,0.2,0.0,0.0,-0.0369,0.0,69.3834,69.3834,0.0,0.2,6.3934,0.0001,0.0332,4.0161,0.0,0.0249,0.0,0.0063,4.7124,0.7071,0.0022,0.0022,-0.7071,0.8006,1.4584,0.0551
open_plane_source_step_combined_5_20260913,1087,82,7946639128021,77,77,True,7946642772796,83,2.03100014,2032,3002,0.2,0.0,False,0.2,0.0,81,0.2,0.0,0.0,-0.0574,0.0,71.5531,71.5531,0.0,0.2,7.1702,0.0005,0.019,4.1966,0.0,0.0204,0.0,0.005,4.7124,0.7071,0.0018,0.0018,-0.7071,0.8006,1.3516,0.0549
open_plane_source_step_combined_5_20260913,1097,83,7946663498585,78,78,True,7946666595670,84,2.055,2056,3035,0.2,0.0,False,0.2,0.0,82,0.2,0.0,0.0,-0.0451,0.0,73.5558,73.5591,0.0,0.2,6.4101,0.0001,0.0253,4.3612,0.0,0.0156,0.0,0.0037,4.7124,0.7071,0.0013,0.0013,-0.7071,0.8006,1.2487,0.0547
open_plane_source_step_combined_5_20260913,1106,84,7946688478294,79,79,True,7946692076171,85,2.07700014,2078,3065,0.2,0.0,False,0.2,0.0,83,0.2,0.0,0.0,-0.0187,0.0,75.3982,75.4015,0.0,0.2,5.2537,0.0002,0.0279,4.4892,0.0,0.0132,0.0,0.003,4.7124,0.7071,0.0011,0.0011,-0.7071,0.8006,1.1513,0.0545
open_plane_source_step_combined_5_20260913,1115,85,7946713320194,80,80,True,7946716588441,86,2.105,2106,3101,0.2,0.0,False,0.2,0.0,84,0.2,0.0,0.0,0.0144,0.0,77.7544,77.7577,0.0,0.2,3.8418,0.0001,0.0182,4.6153,0.0,0.0138,0.0,0.003,4.7124,0.7071,0.0011,0.0011,-0.7071,0.8006,1.0236,0.0545
open_plane_source_step_combined_5_20260913,1123,86,7946739124685,81,81,True,7946743043154,87,2.131,2132,3137,0.2,0.0,False,0.2,0.0,85,0.2,0.0,0.0,0.0366,0.0,79.9535,79.9535,0.0,0.2,2.8066,0.0001,0.0241,4.7006,0.0,0.0175,0.0,0.0037,4.7124,0.7071,0.0013,0.0013,-0.7071,0.8006,0.9024,0.0546
open_plane_source_step_combined_5_20260913,1132,87,7946763721815,82,82,True,7946766758075,88,2.15500021,2156,3175,0.2,0.0,False,0.2,0.0,86,0.2,0.0,0.0,0.0497,0.0,81.9858,81.989,0.0,0.2,2.0818,0.0002,0.0126,4.7584,0.0,0.0229,0.0,0.0047,4.7124,0.7071,0.0017,0.0017,-0.7071,0.8006,0.7889,0.0548
open_plane_source_step_combined_5_20260913,1141,88,7946788332800,83,83,True,7946791287728,89,2.18,2181,3208,0.2,0.0,False,0.2,0.0,87,0.2,0.0,0.0,0.0571,0.0,84.1096,84.1096,0.0,0.2,1.5254,0.0004,0.0108,4.8029,0.0,0.0297,0.0,0.0061,4.7124,0.7071,0.0021,0.0021,-0.7071,0.8006,0.6693,0.055
open_plane_source_step_combined_5_20260913,1151,89,7946813418870,84,84,True,7946816922389,90,2.20500016,2206,3246,0.2,0.0,False,0.2,0.0,88,0.2,0.0,0.0,0.0601,0.0,86.2334,86.2367,0.0,0.2,1.1186,0.0004,0.0134,4.8354,0.0,0.0371,0.0,0.0075,4.7124,0.7071,0.0027,0.0027,-0.7071,0.8006,0.5488,0.0553
open_plane_source_step_combined_5_20260913,1159,90,7946838498096,85,85,True,7946841999782,91,2.23,2231,3279,0.2,0.0,False,0.2,0.0,89,0.2,0.0,0.0,0.0601,0.0,88.3606,88.3639,0.0,0.2,0.8206,-0.0002,0.0095,4.8592,0.0,0.0446,-0.0001,0.0091,4.7124,0.7071,0.0032,0.0032,-0.7071,0.8006,0.4276,0.0555
open_plane_source_step_combined_5_20260913,1169,91,7946863734628,86,86,True,7946867601921,92,2.256,2257,3314,0.2,0.0,False,0.2,0.0,90,0.2,0.0,0.0,0.0581,0.0,90.576,90.576,0.0,0.2,0.5951,0.0002,0.0007,4.8773,0.0,0.0522,-0.0001,0.0106,4.7124,0.7071,0.0037,0.0037,-0.7071,0.8006,0.3011,0.0558
open_plane_source_step_combined_5_20260913,1177,92,7946888802173,87,87,True,7946893264194,93,2.28100014,2282,3352,0.2,0.0,False,0.2,0.0,91,0.2,0.0,0.0,0.055,0.0,92.7064,92.7064,0.0,0.2,0.4373,0.0009,0.0009,4.8899,0.0,0.0592,-0.0001,0.012,4.7124,0.7071,0.0042,0.0042,-0.7071,0.8006,0.179,0.056
open_plane_source_step_combined_5_20260913,1187,93,7946913664481,88,88,True,7946916730548,94,2.305,2306,3381,0.2,0.0,False,0.2,0.0,92,0.2,0.0,0.0,0.0515,0.0,94.7518,94.7518,0.0,0.2,0.3256,-0.0003,0.0058,4.8989,0.0,0.0656,-0.0001,0.0133,4.7124,0.7071,0.0047,0.0047,-0.7071,0.8006,0.0615,0.0562
open_plane_source_step_combined_5_20260913,1196,94,7946938253916,89,89,True,7946941044735,95,2.329,2330,3413,0.2,0.0,False,0.2,0.0,93,0.2,0.0,0.0,0.0476,0.0,96.7971,96.7971,0.0,0.2,0.2418,0.0,0.0021,4.9055,0.0,0.0714,-0.0001,0.0145,4.7124,0.7071,0.0051,0.0051,-0.7071,0.8006,-0.0562,0.0564
open_plane_source_step_combined_5_20260913,1204,95,7946963538389,90,90,True,7946966576372,96,2.355,2356,3449,0.2,0.0,False,0.2,0.0,94,0.2,0.0,0.0,0.0434,0.0,99.0125,99.0158,0.0,0.2,0.1749,-0.0002,0.0049,4.9107,0.0,0.0773,0.0,0.0157,4.7124,0.7071,0.0055,0.0055,-0.7071,0.8006,-0.1838,0.0566
open_plane_source_step_combined_5_20260913,1213,96,7946988670154,91,91,True,7946992521497,97,2.381,2382,3484,0.2,0.0,False,0.2,0.0,95,0.2,0.0,0.0,0.0393,0.0,101.2313,101.2313,0.0,0.2,0.1254,0.0001,-0.0008,4.9145,0.0,0.0825,0.0,0.0167,4.7124,0.7071,0.0059,0.0059,-0.7071,0.8007,-0.3115,0.0568
open_plane_source_step_combined_5_20260913,1222,97,7947013206640,92,92,True,7947016067340,98,2.404,2405,3515,0.2,0.0,False,0.2,0.0,96,0.2,0.0,0.0,0.0358,0.0,103.1915,103.1948,0.0,0.2,0.0939,0.0,0.0051,4.9169,0.0,0.0868,0.0,0.0176,4.7124,0.7071,0.0062,0.0062,-0.7071,0.8007,-0.4246,0.0569
open_plane_source_step_combined_5_20260913,1231,98,7947038854155,93,93,True,7947042987509,99,2.43100023,2432,3559,0.2,0.0,False,0.2,0.0,97,0.2,0.0,0.0,0.0319,0.0,105.4953,105.4986,0.0,0.2,0.0653,0.0008,0.0006,4.9189,0.0,0.0913,0.0,0.0185,4.7124,0.7071,0.0065,0.0065,-0.7071,0.8007,-0.5574,0.0571
open_plane_source_step_combined_5_20260913,1241,99,7947063820058,94,94,True,7947067751672,100,2.456,2457,3596,0.2,0.0,False,0.2,0.0,98,0.2,0.0,0.0,0.0286,0.0,107.629,107.629,0.0,0.2,0.0472,-0.0006,0.0024,4.9202,0.0,0.095,0.0,0.0193,4.7124,0.7071,0.0068,0.0068,-0.7071,0.8007,-0.6804,0.0572
open_plane_source_step_combined_5_20260913,1250,100,7947088799156,95,95,True,7947091794870,101,2.48,2481,3632,0.2,0.0,False,0.2,0.0,99,0.2,0.0,0.0,0.0257,0.0,109.6743,109.6776,0.0,0.2,0.0324,-0.0009,0.0007,4.9211,0.0,0.0982,0.0,0.0199,4.7124,0.7071,0.007,0.007,-0.7071,0.8007,-0.7985,0.0573
open_plane_source_step_combined_5_20260913,1259,101,7947113330332,96,96,True,7947116619187,102,2.505,2506,3670,0.2,0.0,False,0.2,0.0,100,0.2,0.0,0.0,0.0229,0.0,111.808,111.808,0.0,0.2,0.022,-0.0002,-0.0048,4.9217,0.0,0.1011,0.0,0.0205,4.7124,0.7071,0.0073,0.0073,-0.7071,0.8007,-0.9215,0.0574
open_plane_source_step_combined_5_20260913,1268,102,7947138964241,97,97,True,7947143591374,103,2.53100014,2532,3705,0.2,0.0,False,0.2,0.0,101,0.2,0.0,0.0,0.0203,0.0,114.0267,114.0267,0.0,0.2,0.0152,-0.0008,0.0016,4.9221,0.0,0.1039,0.0001,0.0211,4.7124,0.7071,0.0074,0.0074,-0.7071,0.8007,-1.0495,0.0575
open_plane_source_step_combined_5_20260913,1276,103,7947164195163,98,98,True,7947167553249,104,2.55600023,2557,3751,0.2,0.0,False,0.2,0.0,102,0.2,0.0,0.0,0.0181,0.0,116.1571,116.1604,0.0,0.2,0.0104,0.0001,0.0048,4.9224,0.0,0.1062,0.0001,0.0215,4.7124,0.7071,0.0076,0.0076,-0.7071,0.8007,-1.1726,0.0576
open_plane_source_step_combined_5_20260913,1286,104,7947188617755,99,99,True,7947191306972,105,2.58000016,2581,3801,0.2,0.0,False,0.2,0.0,103,0.2,0.0,0.0,0.0161,0.0,118.2057,118.2057,0.0,0.2,0.0049,-0.0015,-0.0065,4.9225,0.0,0.1082,0.0001,0.022,4.7124,0.7071,0.0078,0.0078,-0.7071,0.8007,-1.2908,0.0577
open_plane_source_step_combined_5_20260913,1295,105,7947214121439,100,100,True,7947217306530,106,2.60600019,2607,3857,0.2,0.0,False,0.2,0.0,104,0.2,0.0,0.0,0.0142,0.0,120.4244,120.4244,0.0,0.2,0.004,0.0012,0.0132,4.9226,0.0,0.1101,0.0001,0.0223,4.7124,0.7071,0.0079,0.0079,-0.7071,0.8007,-1.4188,0.0577
open_plane_source_step_combined_5_20260913,1304,106,7947238730181,101,101,True,7947241510941,107,2.63,2631,3914,0.2,0.0,False,0.2,0.0,105,0.2,0.0,0.0,0.0126,0.0,122.4698,122.473,0.0,0.2,0.0007,0.0007,-0.01,4.9226,0.0,0.1117,0.0001,0.0227,4.7124,0.7071,0.008,0.008,-0.7071,0.8007,-1.537,0.0578
open_plane_source_step_combined_5_20260913,1312,107,7947264051242,102,102,True,7947267061233,108,2.65600014,2657,3972,0.2,0.0,False,0.2,0.0,106,0.2,0.0,0.0,0.0112,0.0,124.6885,124.6918,0.0,0.2,-0.0014,-0.0002,-0.0204,4.9226,0.0,0.1132,0.0001,0.023,4.7124,0.7071,0.0081,0.0081,-0.7071,0.8007,-1.665,0.0578
open_plane_source_step_combined_5_20260913,1322,108,7947288920514,103,103,True,7947291995176,109,2.68100023,2682,4028,0.2,0.0,False,0.2,0.0,107,0.2,0.0,0.0,0.0099,0.0,126.8222,126.8222,0.0,0.2,-0.0017,0.0008,-0.0079,4.9225,0.0,0.1145,0.0,0.0232,4.7124,0.7071,0.0082,0.0082,-0.7071,0.8007,-1.7881,0.0579
open_plane_source_step_combined_5_20260913,1330,109,7947313524917,104,104,True,7947316012706,110,2.70500016,2706,4084,0.2,0.0,False,0.2,0.0,108,0.2,0.0,0.0,0.0087,0.0,128.8675,128.8708,0.0,0.2,-0.0006,-0.0006,0.0034,4.9225,0.0,0.1156,0.0,0.0235,4.7124,0.7071,0.0083,0.0083,-0.7071,0.8007,-1.9062,0.0579
open_plane_source_step_combined_5_20260913,1340,110,7947338505338,105,105,True,7947341240532,111,2.73,2731,4130,0.2,0.0,False,0.2,0.0,109,0.2,0.0,0.0,0.0077,0.0,131.0011,131.0044,0.0,0.2,-0.0019,0.0018,-0.0014,4.9224,0.0,0.1166,0.0,0.0237,4.7124,0.7071,0.0084,0.0084,-0.7071,0.8007,-2.0293,0.0579
open_plane_source_step_combined_5_20260913,1348,111,7947363835807,106,106,True,7947366136974,112,2.755,2756,4194,0.2,0.0,False,0.2,0.0,110,0.2,0.0,0.0,0.0068,0.0,133.1348,133.1348,0.0,0.2,-0.002,0.0005,0.0029,4.9224,0.0,0.1174,-0.0001,0.0238,4.7124,0.7071,0.0084,0.0084,-0.707,0.8007,-2.1524,0.058
open_plane_source_step_combined_5_20260913,1357,112,7947388786972,107,107,True,7947391133485,113,2.78000021,2781,4248,0.2,0.0,False,0.2,0.0,111,0.2,0.0,0.0,0.0061,0.0,135.2652,135.2685,0.0,0.2,-0.0018,0.0013,-0.0047,4.9223,0.0,0.1182,-0.0001,0.024,4.7124,0.7071,0.0085,0.0085,-0.707,0.8007,-2.2755,0.058
open_plane_source_step_combined_5_20260913,1367,113,7947413715555,108,108,True,7947415972390,114,2.805,2806,4307,0.2,0.0,False,0.2,0.0,112,0.2,0.0,0.0,0.0053,0.0,137.3989,137.4021,0.0,0.2,-0.0027,-0.0002,-0.0078,4.9222,0.0,0.1189,-0.0001,0.0242,4.7124,0.7071,0.0085,0.0085,-0.707,0.8007,-2.3986,0.058
open_plane_source_step_combined_5_20260913,1375,114,7947438794461,109,109,True,7947442061646,115,2.831,2832,4364,0.2,0.0,False,0.2,0.0,113,0.2,0.0,0.0,0.0047,0.0,139.6176,139.6209,0.0,0.2,-0.0021,-0.0022,0.0065,4.9221,0.0,0.1196,0.0,0.0243,4.7124,0.7071,0.0086,0.0086,-0.707,0.8007,-2.5266,0.058
open_plane_source_step_combined_5_20260913,1384,115,7947463646710,110,110,True,7947465967114,116,2.855,2856,4424,0.2,0.0,False,0.2,0.0,114,0.2,0.0,0.0,0.0041,0.0,141.6629,141.6662,0.0,0.2,-0.0011,-0.0005,0.0052,4.9221,0.0,0.1201,0.0,0.0244,4.7124,0.7071,0.0086,0.0086,-0.707,0.8007,-2.6448,0.0581
open_plane_source_step_combined_5_20260913,1394,116,7947488385617,111,111,True,7947490906197,117,2.88,2881,4491,0.2,0.0,False,0.2,0.0,115,0.2,0.0,0.0,0.0036,0.0,143.7966,143.7999,0.0,0.2,-0.0007,-0.0003,0.0108,4.922,0.0,0.1205,0.0,0.0245,4.7124,0.7071,0.0087,0.0087,-0.707,0.8007,-2.7679,0.0581
open_plane_source_step_combined_5_20260913,1402,117,7947513357582,112,112,True,7947516080593,118,2.90500021,2906,4561,0.2,0.0,False,0.2,0.0,116,0.2,0.0,0.0,0.0033,0.0,145.9303,145.9335,0.0,0.2,-0.0011,0.0017,0.0061,4.922,0.0,0.121,-0.0001,0.0246,4.7124,0.7071,0.0087,0.0087,-0.707,0.8007,-2.891,0.0581
open_plane_source_step_combined_5_20260913,1412,118,7947539035374,113,113,True,7947541973509,119,2.93100023,2932,4623,0.2,0.0,False,0.2,0.0,117,0.2,0.0,0.0,0.0028,0.0,148.1457,148.1523,0.0,0.2,-0.0012,0.0001,-0.0098,4.922,0.0,0.1213,-0.0001,0.0246,4.7124,0.7071,0.0087,0.0087,-0.707,0.8007,-3.019,0.0581
open_plane_source_step_combined_5_20260913,1421,119,7947563296021,114,114,True,7947565927900,120,2.95500016,2956,4692,0.2,0.0,False,0.2,0.0,118,0.2,0.0,0.0,0.0025,0.0,150.1943,150.1976,0.0,0.2,-0.0006,0.0012,0.0057,4.9219,0.0,0.1216,-0.0001,0.0247,4.7124,0.7071,0.0087,0.0087,-0.707,0.8008,-3.1371,0.0581
open_plane_source_step_combined_5_20260913,1429,120,7947588615900,115,115,True,7947590851203,121,2.98000026,2981,4765,0.2,0.0,False,0.2,0.0,119,0.2,0.0,0.0,0.0022,0.0,152.328,152.3313,0.0,0.2,0.0004,0.0008,0.0235,4.9219,0.0,0.122,-0.0001,0.0248,4.7124,0.7071,0.0088,0.0088,-0.707,0.8008,-3.2602,0.0581
open_plane_source_step_combined_5_20260913,1438,121,7947613550213,116,116,True,7947615960136,122,3.005,3006,4836,0.2,0.0,False,0.2,0.0,120,0.2,0.0,0.0,0.0019,0.0,154.4584,154.4649,0.0,0.2,0.0006,-0.0009,0.014,4.9219,0.0,0.1222,-0.0001,0.0248,4.7124,0.7071,0.0088,0.0088,-0.707,0.8008,-3.3833,0.0581
open_plane_source_step_combined_5_20260913,1447,122,7947638419705,117,117,True,7947640864203,123,3.03000021,3031,4911,0.2,0.0,False,0.2,0.0,121,0.2,0.0,0.0,0.0017,0.0,156.592,156.5986,0.0,0.2,-0.0013,0.0013,-0.0062,4.9218,0.0,0.1224,-0.0001,0.0249,4.7124,0.7071,0.0088,0.0088,-0.707,0.8008,-3.5064,0.0581
open_plane_source_step_combined_5_20260913,1457,123,7947663290370,118,118,True,7947666101987,124,3.055,3056,4988,0.2,0.0,False,0.2,0.0,122,0.2,0.0,0.0,0.0015,0.0,158.7257,158.7322,0.0,0.2,-0.0013,0.0002,-0.0033,4.9218,0.0,0.1226,-0.0001,0.0249,4.7124,0.7071,0.0088,0.0088,-0.707,0.8008,-3.6295,0.0581
open_plane_source_step_combined_5_20260913,1466,124,7947688496575,119,119,True,7947691879998,125,3.08000016,3081,5072,0.2,0.0,False,0.2,0.0,123,0.2,0.0,0.0,0.0013,0.0,160.8594,160.8626,0.0,0.2,0.0001,-0.0008,0.0138,4.9218,0.0,0.1227,-0.0001,0.0249,4.7124,0.7071,0.0088,0.0088,-0.707,0.8008,-3.7525,0.0581
open_plane_source_step_combined_5_20260913,1475,125,7947713356168,120,120,True,7947715782331,126,3.10500026,3106,5136,0.2,0.0,False,0.2,0.0,124,0.2,0.0,0.0,0.0012,0.0,162.9898,162.9963,0.0,0.2,0.0005,0.0021,0.0162,4.9218,0.0,0.1229,0.0,0.025,4.7124,0.7071,0.0088,0.0088,-0.707,0.8008,-3.8756,0.0581
open_plane_source_step_combined_5_20260913,1483,126,7947738319406,121,121,True,7947740930176,127,3.13,3131,5216,0.2,0.0,False,0.2,0.0,125,0.2,0.0,0.0,0.001,0.0,165.1234,165.13,0.0,0.2,-0.0005,-0.0023,0.0016,4.9217,0.0,0.1231,0.0,0.025,4.7124,0.7071,0.0088,0.0088,-0.707,0.8008,-3.9987,0.0582
open_plane_source_step_combined_5_20260913,1493,127,7947763250845,122,122,True,7947765925815,128,3.15500021,3156,5300,0.2,0.0,False,0.2,0.0,126,0.2,0.0,0.0,0.0009,0.0,167.2571,167.2604,0.0,0.2,-0.0005,-0.0012,0.0016,4.9217,0.0,0.1232,0.0,0.025,4.7124,0.7071,0.0088,0.0088,-0.707,0.8008,-4.1218,0.0582
open_plane_source_step_combined_5_20260913,1501,128,7947788957641,123,123,True,7947790818541,129,3.18,3181,5385,0.2,0.0,False,0.2,0.0,127,0.2,0.0,0.0,0.0008,0.0,169.3875,169.394,0.0,0.2,-0.0001,0.0007,0.0046,4.9217,0.0,0.1233,0.0,0.0251,4.7124,0.7071,0.0089,0.0089,-0.707,0.8008,-4.2449,0.0582
open_plane_source_step_combined_5_20260913,1510,129,7947813243586,124,124,True,7947815785416,130,3.20500016,3206,5475,0.2,0.0,False,0.2,0.0,128,0.2,0.0,0.0,0.0007,0.0,171.5211,171.5277,0.0,0.2,-0.0005,0.0,0.001,4.9217,0.0,0.1234,0.0,0.0251,4.7124,0.7071,0.0089,0.0089,-0.707,0.8008,-4.368,0.0582
open_plane_source_step_combined_5_20260913,1520,130,7947838565799,125,125,True,7947840797707,131,3.23000026,3231,5567,0.2,0.0,False,0.2,0.0,129,0.2,0.0,0.0,0.0006,0.0,173.6548,173.6614,0.0,0.2,-0.0022,0.0024,-0.027,4.9217,0.0,0.1234,-0.0001,0.0251,4.7124,0.7071,0.0089,0.0089,-0.707,0.8008,-4.491,0.0582
open_plane_source_step_combined_5_20260913,1529,131,7947863117343,126,126,True,7947865612776,132,3.255,3256,5663,0.2,0.0,False,0.2,0.0,130,0.2,0.0,0.0,0.0005,0.0,175.7852,175.7917,0.0,0.2,0.0006,-0.0009,0.0148,4.9217,0.0,0.1236,-0.0001,0.0251,4.7124,0.7071,0.0089,0.0089,-0.707,0.8009,-4.6141,0.0582
open_plane_source_step_combined_5_20260913,1538,132,7947888384072,127,127,True,7947890748339,133,3.28000021,3281,5759,0.2,0.0,False,0.2,0.0,131,0.2,0.0,0.0,0.0005,0.0,177.9189,177.9254,0.0,0.2,-0.0004,-0.0004,-0.0048,4.9217,0.0,0.1236,-0.0002,0.0251,4.7124,0.7071,0.0089,0.0089,-0.707,0.8009,-4.7372,0.0582
open_plane_source_step_combined_5_20260913,1546,133,7947913901072,128,128,True,7947915896234,134,3.305,3306,5843,0.2,0.0,False,0.2,0.0,132,0.2,0.0,0.0,0.0004,0.0,180.0525,180.0591,0.0,0.2,-0.0015,-0.0008,-0.0154,4.9217,0.0,0.1237,-0.0001,0.0251,4.7124,0.7071,0.0089,0.0089,-0.707,0.8009,-4.8603,0.0582
open_plane_source_step_combined_5_20260913,1556,134,7947939096898,129,129,True,7947941678934,135,3.331,3332,5950,0.2,0.0,False,0.2,0.0,133,0.2,0.0,0.0,0.0004,0.0,182.268,182.2778,0.0,0.2,0.0002,-0.0005,0.0093,4.9216,0.0,0.1237,-0.0001,0.0251,4.7124,0.7071,0.0089,0.0089,-0.707,0.8009,-4.9883,0.0582
open_plane_source_step_combined_5_20260913,1564,135,7947963984123,130,130,True,7947966985618,136,3.35600019,3357,6043,0.2,0.0,False,0.2,0.0,134,0.2,0.0,0.0,0.0004,0.0,184.4017,184.4082,0.0,0.2,0.0006,0.0007,0.0123,4.9216,0.0,0.1237,-0.0001,0.0251,4.7124,0.7071,0.0089,0.0089,-0.707,0.8009,-5.1114,0.0582
open_plane_source_step_combined_5_20260913,1574,136,7947989136297,131,131,True,7947991780620,137,3.381,3382,6135,0.2,0.0,False,0.2,0.0,135,0.2,0.0,0.0,0.0004,0.0,186.5353,186.5419,0.0,0.2,-0.0004,0.0011,-0.0044,4.9216,0.0,0.1238,-0.0002,0.0252,4.7124,0.7071,0.0089,0.0089,-0.707,0.8009,-5.2345,0.0582
open_plane_source_step_combined_5_20260913,1582,137,7948013558247,132,132,True,7948016109575,138,3.40500021,3406,6219,0.2,0.0,False,0.2,0.0,136,0.2,0.0,0.0,0.0003,0.0,188.5806,188.5905,0.0,0.2,0.0009,0.0007,0.0192,4.9216,0.0,0.1238,-0.0002,0.0252,4.7124,0.7071,0.0089,0.0089,-0.707,0.8009,-5.3526,0.0582
open_plane_source_step_combined_5_20260913,1592,138,7948039106856,133,133,True,7948042828445,139,3.43100023,3432,6327,0.2,0.0,False,0.2,0.0,137,0.2,0.0,0.0,0.0002,0.0,190.7994,190.8059,0.0,0.2,0.0018,0.0028,0.0222,4.9216,0.0,0.1238,-0.0002,0.0252,4.7124,0.7071,0.0089,0.0089,-0.707,0.8009,-5.4806,0.0582
open_plane_source_step_combined_5_20260913,1600,139,7948063832578,134,134,True,7948065638244,140,3.45500016,3456,6423,0.2,0.0,False,0.2,0.0,138,0.2,0.0,-0.0001,0.0002,0.0,192.848,192.8545,0.0,0.2,0.0003,0.0009,0.006,4.9216,0.0,0.1239,-0.0002,0.0252,4.7124,0.7071,0.0089,0.0089,-0.707,0.801,-5.5988,0.0582
open_plane_source_step_combined_5_20260913,1610,140,7948089092674,135,135,True,7948091685851,141,3.48100019,3482,6544,0.2,0.0,False,0.2,0.0,139,0.2,0.0,0.0001,0.0002,0.0,195.0635,195.0733,0.0,0.2,-0.0015,-0.0015,-0.0154,4.9216,0.0,0.1238,-0.0001,0.0252,4.7124,0.7071,0.0089,0.0089,-0.707,0.801,-5.7268,0.0582
open_plane_source_step_combined_5_20260913,1619,141,7948113912002,136,136,True,7948115716796,142,3.505,3506,6653,0.2,0.0,False,0.2,0.0,140,0.2,0.0,0.0,0.0002,0.0,197.112,197.1186,0.0,0.2,0.0011,-0.004,0.0144,4.9216,0.0,0.1239,-0.0001,0.0252,4.7124,0.7071,0.0089,0.0089,-0.707,0.801,-5.8449,0.0582
open_plane_source_step_combined_5_20260913,1628,142,7948138860973,137,137,True,7948140580106,143,3.53000021,3531,6760,0.2,0.0,False,0.2,0.0,141,0.2,0.0,-0.0001,0.0002,0.0,199.2457,199.2522,0.0,0.2,-0.0021,0.0014,-0.0286,4.9216,0.0,0.1239,0.0,0.0252,4.7124,0.7071,0.0089,0.0089,-0.707,0.801,-5.968,0.0582
open_plane_source_step_combined_5_20260913,1637,143,7948163509810,138,138,True,7948165608106,144,3.555,3556,6878,0.2,0.0,False,0.2,0.0,142,0.2,0.0,0.0,0.0001,0.0,201.3761,201.3859,0.0,0.2,-0.0011,0.0016,-0.0122,4.9216,0.0,0.1239,0.0,0.0252,4.7124,0.7071,0.0089,0.0089,-0.707,0.801,-6.0911,0.0582
open_plane_source_step_combined_5_20260913,1646,144,7948188504017,139,139,True,7948190586854,145,3.58000016,3581,6996,0.2,0.0,False,0.2,0.0,143,0.2,0.0,0.0,0.0002,0.0,203.5098,203.5196,0.0,0.2,-0.0003,0.0016,-0.008,4.9216,0.0,0.1239,0.0,0.0252,4.7124,0.7071,0.0089,0.0089,-0.707,0.801,-6.2142,0.0582
open_plane_source_step_combined_5_20260913,1655,145,7948213603752,140,140,True,7948215493596,146,3.60500026,3606,7115,0.2,0.0,False,0.2,0.0,144,0.2,0.0,0.0,0.0001,0.0,205.6434,205.65,0.0,0.2,-0.0011,0.0012,-0.0129,4.9216,0.0,0.1238,0.0,0.0252,4.7124,0.7071,0.0089,0.0089,-0.707,0.801,-6.3373,0.0582
open_plane_source_step_combined_5_20260913,1664,146,7948238462874,141,141,True,7948240598711,147,3.63,3631,7217,0.2,0.0,False,0.2,0.0,145,0.2,0.0,0.0,0.0001,0.0,207.7738,207.7836,0.0,0.2,0.0007,-0.0015,0.0097,4.9216,0.0,0.1239,0.0,0.0252,4.7124,0.7071,0.0089,0.0089,-0.707,0.8011,-6.4604,0.0582
open_plane_source_step_combined_5_20260913,1672,147,7948263555546,142,142,True,7948265618856,148,3.65500021,3656,7340,0.2,0.0,False,0.2,0.0,146,0.2,0.0,0.0,0.0001,0.0,209.9075,209.9173,0.0,0.2,-0.0004,-0.0005,-0.0044,4.9216,0.0,0.1239,0.0001,0.0252,4.7124,0.7071,0.0089,0.0089,-0.707,0.8011,-6.5834,0.0582
open_plane_source_step_combined_5_20260913,1681,148,7948288731354,143,143,True,7948290631317,149,3.68,3681,7465,0.2,0.1,False,0.2,0.1,147,0.2,0.0,0.0,0.0,0.0,212.0412,212.0477,0.0,0.2,0.0009,-0.0017,0.0216,4.9216,0.0,0.124,0.0001,0.0252,4.7124,0.7071,0.0089,0.0089,-0.707,0.8011,-6.7065,0.0582
open_plane_source_step_combined_5_20260913,1691,149,7948313556021,144,144,True,7948315651793,150,3.70500016,3706,7579,0.2,0.1,False,0.2,0.1,148,0.2,0.0524,0.2122,0.0084,0.658,214.1715,214.1814,0.0524,0.2,-0.4085,6.0914,-0.042,4.9161,0.0783,0.1238,0.0038,0.0253,4.7206,0.7099,0.0102,0.0076,-0.7042,0.8012,-6.8295,0.0582
open_plane_source_step_combined_5_20260913,1699,150,7948338539357,145,145,True,7948340586157,151,3.73000026,3731,7700,0.2,0.1,False,0.2,0.1,149,0.2,0.0524,0.1208,0.009,0.7665,216.3019,216.3183,0.0524,0.2,-0.1543,3.8999,-0.0141,4.9121,0.0961,0.1238,0.0082,0.0254,4.7394,0.7165,0.0118,0.0062,-0.6975,0.8028,-6.9524,0.0582
open_plane_source_step_combined_5_20260913,1709,151,7948363747957,146,146,True,7948366362344,152,3.755,3756,7816,0.2,0.1,False,0.2,0.1,150,0.2,0.0524,0.098,0.0102,0.7655,218.429,218.4552,0.0524,0.2,-0.1265,3.7897,-0.0517,4.9105,0.098,0.1236,0.0114,0.0254,4.7585,0.7231,0.0129,0.0053,-0.6906,0.8068,-7.0752,0.0582
open_plane_source_step_combined_5_20260913,1718,152,7948388894691,147,147,True,7948390684386,153,3.78000021,3781,7930,0.2,0.1,False,0.2,0.1,151,0.2,0.0524,0.0844,0.0119,0.7648,220.5562,220.5922,0.0524,0.2,-0.1117,3.7773,-0.0634,4.9093,0.0989,0.1234,0.0141,0.0255,4.7777,0.7297,0.0139,0.0045,-0.6837,0.8132,-7.1978,0.0582
open_plane_source_step_combined_5_20260913,1727,153,7948413873338,148,148,True,7948415722315,154,3.805,3806,8052,0.2,0.1,False,0.2,0.1,152,0.2,0.0524,0.0728,0.0135,0.7644,222.6866,222.7291,0.0524,0.2,-0.1004,3.771,-0.0548,4.9085,0.0997,0.1233,0.0166,0.0255,4.7968,0.7361,0.0147,0.0038,-0.6767,0.8219,-7.3202,0.0582
open_plane_source_step_combined_5_20260913,1736,154,7948438951472,149,149,True,7948441680424,155,3.831,3832,8169,0.2,0.1,False,0.2,0.1,153,0.2,0.0524,0.0622,0.0151,0.7639,224.8988,224.9511,0.0524,0.2,-0.0926,3.7714,-0.065,4.9079,0.1004,0.1231,0.0188,0.0255,4.8167,0.7428,0.0155,0.0032,-0.6693,0.8335,-7.4473,0.0582
open_plane_source_step_combined_5_20260913,1745,155,7948463739150,150,150,True,7948465652418,156,3.85500026,3856,8264,0.2,0.1,False,0.2,0.1,154,0.2,0.0524,0.0535,0.0164,0.7636,226.9441,227.003,0.0524,0.2,-0.0877,3.7689,-0.0721,4.9075,0.101,0.123,0.0207,0.0255,4.835,0.7489,0.0162,0.0027,-0.6625,0.8464,-7.5645,0.0582
open_plane_source_step_combined_5_20260913,1754,156,7948488896654,151,151,True,7948491605478,157,3.88100028,3882,8387,0.2,0.1,False,0.2,0.1,155,0.2,0.0524,0.0452,0.0177,0.7633,229.1563,229.225,0.0524,0.2,-0.0829,3.7668,-0.0674,4.9072,0.1016,0.123,0.0224,0.0255,4.8549,0.7554,0.0168,0.0023,-0.655,0.8629,-7.691,0.0582
open_plane_source_step_combined_5_20260913,1762,157,7948513506417,152,152,True,7948515659807,158,3.90500021,3906,8502,0.2,0.1,False,0.2,0.1,156,0.2,0.0524,0.0382,0.0187,0.7631,231.1983,231.2769,0.0524,0.2,-0.0806,3.7614,-0.0887,4.907,0.1021,0.1228,0.0239,0.0256,4.8732,0.7614,0.0174,0.002,-0.6481,0.8803,-7.8075,0.0582
open_plane_source_step_combined_5_20260913,1771,158,7948538609178,153,153,True,7948540561470,159,3.93000031,3931,8620,0.2,0.1,False,0.2,0.1,157,0.2,0.0524,0.0318,0.0197,0.7628,233.3287,233.4138,0.0524,0.2,-0.0801,3.7529,-0.1134,4.9069,0.1025,0.1227,0.0253,0.0256,4.8923,0.7675,0.0179,0.0017,-0.6408,0.9006,-7.9285,0.0582
open_plane_source_step_combined_5_20260913,1781,159,7948563443173,154,154,True,7948565642650,160,3.95500016,3956,8744,0.2,0.1,False,0.2,0.1,158,0.2,0.0524,0.0262,0.0206,0.7626,235.4558,235.5507,0.0524,0.2,-0.0771,3.7541,-0.0989,4.9068,0.1029,0.1227,0.0265,0.0256,4.9114,0.7736,0.0183,0.0015,-0.6334,0.9234,-8.0491,0.0582
open_plane_source_step_combined_5_20260913,1789,160,7948588637115,155,155,True,7948590579228,161,3.98000026,3981,8855,0.2,0.1,False,0.2,0.1,159,0.2,0.0524,0.0211,0.0214,0.7625,237.5862,237.6877,0.0524,0.2,-0.0779,3.7481,-0.1258,4.9067,0.1033,0.1227,0.0275,0.0256,4.9304,0.7796,0.0187,0.0014,-0.626,0.9484,-8.1692,0.0582
open_plane_source_step_combined_5_20260913,1799,161,7948613525122,156,156,True,7948615532107,162,4.005,4006,8974,0.2,0.1,False,0.2,0.1,160,0.2,0.0524,0.0167,0.0222,0.7623,239.7133,239.8246,0.0524,0.2,-0.0734,3.7618,-0.0847,4.9067,0.1036,0.1226,0.0285,0.0256,4.9495,0.7855,0.0191,0.0012,-0.6185,0.9757,-8.2888,0.0582
open_plane_source_step_combined_5_20260913,1808,162,7948638490574,157,157,True,7948640699869,163,4.03,4031,9091,0.2,0.1,False,0.2,0.1,161,0.2,0.0524,0.0127,0.0228,0.7622,241.8405,241.9615,0.0524,0.2,-0.0737,3.7528,-0.1013,4.9067,0.1038,0.1226,0.0294,0.0256,4.9686,0.7914,0.0194,0.0012,-0.611,1.0052,-8.4079,0.0582
open_plane_source_step_combined_5_20260913,1817,163,7948663700236,158,158,True,7948665611471,164,4.05500031,4056,9205,0.2,0.1,False,0.2,0.1,162,0.2,0.0524,0.0091,0.0233,0.7621,243.9709,244.0985,0.0524,0.2,-0.0753,3.7447,-0.1193,4.9067,0.1041,0.1226,0.0301,0.0256,4.9877,0.7972,0.0197,0.0011,-0.6034,1.0371,-8.5264,0.0582
open_plane_source_step_combined_5_20260913,1825,164,7948688628028,159,159,True,7948691547518,165,4.0800004,4081,9306,0.2,0.1,False,0.2,0.1,163,0.2,0.0524,0.0058,0.0239,0.762,246.098,246.2354,0.0524,0.2,-0.0766,3.7402,-0.1396,4.9067,0.1043,0.1225,0.0308,0.0256,5.0067,0.8029,0.02,0.0011,-0.5958,1.0712,-8.6443,0.0582
open_plane_source_step_combined_5_20260913,1834,165,7948713808775,160,160,True,7948715630191,166,4.105,4106,9418,0.2,0.1,False,0.2,0.1,164,0.2,0.0524,0.0031,0.0243,0.7619,248.2284,248.3724,0.0524,0.2,-0.076,3.7415,-0.1353,4.9067,0.1045,0.1225,0.0314,0.0256,5.0258,0.8085,0.0202,0.0011,-0.5881,1.1075,-8.7615,0.0582
open_plane_source_step_combined_5_20260913,1844,166,7948738784787,161,161,True,7948740568261,167,4.13,4131,9534,0.2,0.1,False,0.2,0.1,165,0.2,0.0524,0.0006,0.0247,0.7618,250.3555,250.5093,0.0524,0.2,-0.0749,3.7411,-0.1281,4.9067,0.1047,0.1225,0.0319,0.0257,5.0449,0.8141,0.0204,0.0012,-0.5804,1.1461,-8.878,0.0582
open_plane_source_step_combined_5_20260913,1853,167,7948763754057,162,162,True,7948765604287,168,4.155,4156,9631,0.2,0.1,False,0.2,0.1,166,0.2,0.0524,-0.0016,0.0251,0.7618,252.4826,252.6462,0.0524,0.2,-0.0739,3.7469,-0.1138,4.9068,0.1048,0.1225,0.0324,0.0257,5.0639,0.8196,0.0206,0.0012,-0.5726,1.1869,-8.9937,0.0582
open_plane_source_step_combined_5_20260913,1861,168,7948789133257,163,163,True,7948791676931,169,4.181,4182,9746,0.2,0.1,False,0.2,0.1,167,0.2,0.0524,-0.0037,0.0254,0.7617,254.6981,254.8683,0.0524,0.2,-0.0718,3.7496,-0.0944,4.9068,0.105,0.1225,0.0328,0.0257,5.0837,0.8252,0.0208,0.0013,-0.5645,1.2316,-9.1132,0.0582
open_plane_source_step_combined_5_20260913,1871,169,7948813809396,164,164,True,7948815761096,170,4.2050004,4206,9856,0.2,0.1,False,0.2,0.1,168,0.2,0.0524,-0.0054,0.0256,0.7617,256.7401,256.9201,0.0524,0.2,-0.0738,3.7418,-0.1169,4.9068,0.1051,0.1225,0.0332,0.0257,5.102,0.8303,0.0209,0.0014,-0.5569,1.275,-9.2227,0.0582
open_plane_source_step_combined_5_20260913,1879,170,7948838800336,165,165,True,7948840631270,171,4.23,4231,9967,0.2,0.1,False,0.2,0.1,169,0.2,0.0524,-0.0069,0.0258,0.7616,258.8705,259.057,0.0524,0.2,-0.0754,3.7358,-0.1353,4.9068,0.1052,0.1225,0.0335,0.0257,5.1211,0.8356,0.0211,0.0015,-0.549,1.3224,-9.3359,0.0582
open_plane_source_step_combined_5_20260913,1888,171,7948863606459,166,166,True,7948865609516,172,4.255,4256,10067,0.2,0.1,False,0.2,0.1,170,0.2,0.0524,-0.0083,0.0261,0.7616,260.9977,261.194,0.0524,0.2,-0.0736,3.7435,-0.1147,4.9068,0.1053,0.1225,0.0338,0.0257,5.1401,0.8408,0.0212,0.0017,-0.541,1.3719,-9.4482,0.0582
open_plane_source_step_combined_5_20260913,1898,172,7948888968357,167,167,True,7948891809931,173,4.281,4282,10174,0.2,0.1,False,0.2,0.1,171,0.2,0.0524,-0.0097,0.0263,0.7615,263.2098,263.416,0.0524,0.2,-0.0763,3.74,-0.1468,4.9068,0.1054,0.1225,0.0341,0.0257,5.16,0.8461,0.0213,0.0018,-0.5326,1.4256,-9.5639,0.0582
open_plane_source_step_combined_5_20260913,1907,173,7948913499112,168,168,True,7948915601676,174,4.30500031,4306,10253,0.2,0.1,False,0.2,0.1,172,0.2,0.0524,-0.0107,0.0264,0.7615,265.2552,265.4646,0.0524,0.2,-0.0756,3.7406,-0.1359,4.9069,0.1054,0.1225,0.0343,0.0257,5.1782,0.8509,0.0214,0.0019,-0.5249,1.4772,-9.6698,0.0582
open_plane_source_step_combined_5_20260913,1916,174,7948938913479,169,169,True,7948940657068,175,4.3300004,4331,10356,0.2,0.1,False,0.2,0.1,173,0.2,0.0524,-0.0117,0.0265,0.7615,267.3823,267.6015,0.0524,0.2,-0.075,3.7365,-0.13,4.9069,0.1055,0.1226,0.0345,0.0257,5.1973,0.8559,0.0214,0.0021,-0.5167,1.533,-9.7791,0.0582
open_plane_source_step_combined_5_20260913,1925,175,7948964098774,170,170,True,7948966654020,176,4.35600042,4357,10469,0.2,0.1,False,0.2,0.1,174,0.2,0.0524,-0.0126,0.0267,0.7614,269.5945,269.8235,0.0524,0.2,-0.0781,3.7287,-0.1684,4.9069,0.1056,0.1226,0.0347,0.0257,5.2171,0.861,0.0215,0.0023,-0.5082,1.5933,-9.8916,0.0582
open_plane_source_step_combined_5_20260913,1932,176,7948989082060,171,171,True,7948991624853,177,4.381,4382,10589,0.2,0.1,False,0.2,0.1,175,0.2,0.0524,-0.0133,0.0269,0.7614,271.7249,271.9605,0.0524,0.2,-0.0728,3.7484,-0.1035,4.9069,0.1056,0.1226,0.0349,0.0257,5.2362,0.8658,0.0215,0.0024,-0.5,1.6533,-9.9986,0.0582
open_plane_source_step_combined_5_20260913,1942,177,7949013599620,172,172,True,7949015733233,178,4.405,4406,10703,0.2,0.1,False,0.2,0.1,176,0.2,0.0524,-0.014,0.0269,0.7614,273.7669,274.0123,0.0524,0.2,-0.0757,3.7355,-0.1412,4.9069,0.1057,0.1225,0.035,0.0257,5.2545,0.8703,0.0216,0.0026,-0.4921,1.7129,-10.1002,0.0582
open_plane_source_step_combined_5_20260913,1951,178,7949038896777,173,173,True,7949040731577,179,4.43000031,4431,10815,0.2,0.1,False,0.2,0.1,177,0.2,0.0524,-0.0146,0.027,0.7614,275.8973,276.1493,0.0524,0.2,-0.0741,3.7418,-0.1218,4.9069,0.1057,0.1226,0.0352,0.0257,5.2735,0.8749,0.0216,0.0028,-0.4837,1.7768,-10.2049,0.0582
open_plane_source_step_combined_5_20260913,1961,179,7949063707258,174,174,True,7949065575321,180,4.4550004,4456,10928,0.2,0.1,False,0.2,0.1,178,0.2,0.0524,-0.0153,0.027,0.7614,278.0244,278.2862,0.0524,0.2,-0.0769,3.7359,-0.1522,4.9069,0.1058,0.1226,0.0353,0.0257,5.2926,0.8795,0.0216,0.0029,-0.4754,1.8428,-10.3084,0.0582
open_plane_source_step_combined_5_20260913,1969,180,7949088540461,175,175,True,7949090738766,181,4.48,4481,11045,0.2,0.1,False,0.2,0.1,179,0.2,0.0524,-0.0156,0.0271,0.7613,280.1515,280.4232,0.0524,0.2,-0.0743,3.7438,-0.1145,4.9069,0.1058,0.1227,0.0354,0.0257,5.3116,0.884,0.0217,0.0031,-0.467,1.9107,-10.4106,0.0582
open_plane_source_step_combined_5_20260913,1979,181,7949113699117,176,176,True,7949115739795,182,4.505,4506,11155,0.2,0.1,False,0.2,0.1,180,0.2,0.0524,-0.0162,0.0272,0.7613,282.2819,282.5601,0.0524,0.2,-0.0786,3.7315,-0.1719,4.9069,0.1058,0.1226,0.0355,0.0258,5.3307,0.8884,0.0217,0.0033,-0.4585,1.9806,-10.5115,0.0582
open_plane_source_step_combined_5_20260913,1988,182,7949138843506,177,177,True,7949141215497,183,4.52800035,4529,11257,0.2,0.1,False,0.2,0.1,181,0.2,0.0524,-0.0164,0.0272,0.7613,284.2389,284.5269,0.0524,0.2,-0.0723,3.7451,-0.1006,4.9069,0.1059,0.1227,0.0356,0.0258,5.3482,0.8924,0.0217,0.0035,-0.4507,2.0466,-10.6031,0.0582
open_plane_source_step_combined_5_20260913,1996,183,7949163405450,178,178,True,7949165550854,184,4.55500031,4556,11368,0.2,0.1,False,0.2,0.1,182,0.2,0.0524,-0.0169,0.0273,0.7613,286.5395,286.834,0.0524,0.2,-0.0755,3.7397,-0.1336,4.9069,0.1059,0.1226,0.0356,0.0258,5.3688,0.897,0.0217,0.0037,-0.4415,2.126,-10.7091,0.0582
open_plane_source_step_combined_5_20260913,2005,184,7949188814566,179,179,True,7949190632636,185,4.5800004,4581,11486,0.2,0.1,False,0.2,0.1,183,0.2,0.0524,-0.0172,0.0274,0.7613,288.6666,288.9709,0.0524,0.2,-0.077,3.736,-0.1524,4.9069,0.1059,0.1226,0.0357,0.0258,5.3878,0.9011,0.0217,0.0039,-0.433,2.2015,-10.8059,0.0582
open_plane_source_step_combined_5_20260913,2015,185,7949213686794,180,180,True,7949215644515,186,4.605,4606,11595,0.2,0.1,False,0.2,0.1,184,0.2,0.0524,-0.0174,0.0273,0.7613,290.7937,291.1078,0.0524,0.2,-0.0762,3.7397,-0.1423,4.9069,0.1059,0.1226,0.0358,0.0258,5.4069,0.9052,0.0217,0.0041,-0.4244,2.2789,-10.9011,0.0582
open_plane_source_step_combined_5_20260913,2024,186,7949238626938,181,181,True,7949240530939,187,4.63,4631,11710,0.2,0.1,False,0.2,0.1,185,0.2,0.0524,-0.0177,0.0274,0.7613,292.924,293.2448,0.0524,0.2,-0.0753,3.7404,-0.1304,4.9069,0.1059,0.1226,0.0358,0.0258,5.4259,0.9092,0.0216,0.0043,-0.4157,2.358,-10.9949,0.0582
open_plane_source_step_combined_5_20260913,2033,187,7949263699412,182,182,True,7949265868191,188,4.655,4656,11814,0.2,0.1,False,0.2,0.1,186,0.2,0.0524,-0.0179,0.0274,0.7613,295.0512,295.3817,0.0524,0.2,-0.0745,3.7412,-0.1212,4.907,0.106,0.1227,0.0359,0.0258,5.445,0.9131,0.0216,0.0045,-0.4071,2.4389,-11.0871,0.0582
open_plane_source_step_combined_5_20260913,2042,188,7949288362406,183,183,True,7949290603100,189,4.68000031,4681,11913,0.2,0.1,False,0.2,0.1,187,0.2,0.0524,-0.0181,0.0274,0.7613,297.1816,297.5186,0.0524,0.2,-0.0764,3.737,-0.1355,4.907,0.106,0.1227,0.0359,0.0258,5.464,0.917,0.0216,0.0047,-0.3983,2.5216,-11.1778,0.0582
open_plane_source_step_combined_5_20260913,2051,189,7949313565515,184,184,True,7949315618346,190,4.7050004,4706,12011,0.2,0.1,False,0.2,0.1,188,0.2,0.0524,-0.0183,0.0275,0.7613,299.3087,299.6556,0.0524,0.2,-0.0757,3.7396,-0.1324,4.9069,0.106,0.1227,0.0359,0.0258,5.4831,0.9207,0.0216,0.0049,-0.3896,2.606,-11.2669,0.0582
open_plane_source_step_combined_5_20260913,2059,190,7949338180268,185,185,True,7949340681712,191,4.73,4731,12116,0.2,0.1,False,0.2,0.1,189,0.2,0.0524,-0.0185,0.0275,0.7613,301.4358,301.7925,0.0524,0.2,-0.0764,3.7383,-0.1457,4.9069,0.106,0.1227,0.036,0.0258,5.5021,0.9244,0.0215,0.0051,-0.3808,2.692,-11.3544,0.0582
open_plane_source_step_combined_5_20260913,2068,191,7949363242352,186,186,True,7949366613492,192,4.755,4756,12222,0.2,0.1,False,0.2,0.1,190,0.2,0.0524,-0.0185,0.0275,0.7613,303.5662,303.9295,0.0524,0.2,-0.0745,3.7409,-0.1216,4.907,0.106,0.1227,0.036,0.0258,5.5212,0.928,0.0215,0.0053,-0.372,2.7797,-11.4402,0.0582
open_plane_source_step_combined_5_20260913,2077,192,7949388396078,187,187,True,7949390618558,193,4.78,4781,12304,0.2,0.1,False,0.2,0.1,191,0.2,0.0524,-0.0187,0.0276,0.7612,305.6933,306.0664,0.0524,0.2,-0.0767,3.7358,-0.1464,4.907,0.106,0.1227,0.036,0.0258,5.5402,0.9315,0.0215,0.0055,-0.3631,2.869,-11.5244,0.0582
open_plane_source_step_combined_5_20260913,2086,193,7949413780609,188,188,True,7949415845142,194,4.80500031,4806,12405,0.2,0.1,False,0.2,0.1,192,0.2,0.0524,-0.0188,0.0275,0.7613,307.8237,308.2001,0.0524,0.2,-0.0759,3.7375,-0.1371,4.907,0.106,0.1227,0.036,0.0258,5.5593,0.9349,0.0214,0.0057,-0.3542,2.9599,-11.6068,0.0582
open_plane_source_step_combined_5_20260913,2096,194,7949438854025,189,189,True,7949440637198,195,4.8300004,4831,12507,0.2,0.1,False,0.2,0.1,193,0.2,0.0524,-0.0189,0.0275,0.7613,309.9508,310.337,0.0524,0.2,-0.0761,3.7369,-0.1381,4.907,0.106,0.1227,0.0361,0.0258,5.5783,0.9382,0.0214,0.0059,-0.3453,3.0524,-11.6874,0.0582
open_plane_source_step_combined_5_20260913,2105,195,7949463778971,190,190,True,7949465607690,196,4.855,4856,12612,0.2,0.1,False,0.2,0.1,194,0.2,0.0524,-0.0189,0.0275,0.7613,312.078,312.4739,0.0524,0.2,-0.0747,3.7418,-0.1244,4.907,0.106,0.1228,0.0361,0.0258,5.5974,0.9415,0.0213,0.0061,-0.3364,3.1464,-11.7663,0.0582
open_plane_source_step_combined_5_20260913,2114,196,7949488671977,191,191,True,7949490599783,197,4.88,4881,12727,0.2,0.1,False,0.2,0.1,195,0.2,0.0524,-0.019,0.0276,0.7612,314.2084,314.6109,0.0524,0.2,-0.0748,3.7407,-0.1282,4.907,0.106,0.1227,0.0361,0.0258,5.6164,0.9446,0.0213,0.0063,-0.3274,3.2418,-11.8434,0.0582
open_plane_source_step_combined_5_20260913,2122,197,7949513547710,192,192,True,7949515519699,198,4.905,4906,12842,0.2,0.1,False,0.2,0.1,196,0.2,0.0524,-0.0191,0.0275,0.7612,316.3355,316.7478,0.0524,0.2,-0.0748,3.7417,-0.1216,4.907,0.106,0.1227,0.0361,0.0258,5.6355,0.9477,0.0212,0.0065,-0.3184,3.3388,-11.9187,0.0582
open_plane_source_step_combined_5_20260913,2131,198,7949538498555,193,193,True,7949540576173,199,4.93000031,4931,12958,0.2,0.1,False,0.2,0.1,197,0.2,0.0524,-0.0192,0.0276,0.7612,318.4626,318.8848,0.0524,0.2,-0.0781,3.732,-0.1599,4.907,0.106,0.1227,0.0361,0.0258,5.6545,0.9507,0.0212,0.0067,-0.3093,3.4371,-11.9921,0.0582
open_plane_source_step_combined_5_20260913,2141,199,7949563928682,194,194,True,7949566583665,200,4.95600033,4957,13075,0.2,0.1,False,0.2,0.1,198,0.2,0.0524,-0.0192,0.0276,0.7612,320.6781,321.1068,0.0524,0.2,-0.0765,3.7365,-0.1366,4.907,0.106,0.1227,0.0361,0.0258,5.6743,0.9537,0.0211,0.0069,-0.2999,3.5408,-12.0664,0.0582
open_plane_source_step_combined_5_20260913,2150,200,7949589039868,195,195,True,7949591676507,201,4.98100042,4982,13187,0.2,0.1,False,0.2,0.1,199,0.2,0.0524,-0.0193,0.0276,0.7612,322.8052,323.2437,0.0524,0.2,-0.0776,3.7323,-0.1566,4.907,0.106,0.1228,0.0362,0.0258,5.6934,0.9565,0.021,0.0071,-0.2908,3.642,-12.136,0.0582
open_plane_source_step_combined_5_20260913,2158,201,7949613860248,196,196,True,7949615579581,202,5.005,5006,13299,0.2,0.1,False,0.2,0.1,200,0.2,0.0524,-0.0194,0.0276,0.7612,324.8505,325.2956,0.0524,0.2,-0.076,3.7397,-0.1315,4.907,0.1061,0.1228,0.0362,0.0258,5.7117,0.9591,0.021,0.0073,-0.282,3.7403,-12.2009,0.0582
open_plane_source_step_combined_5_20260913,2168,202,7949638176038,197,197,True,7949640611489,203,5.03,5031,13400,0.2,0.1,False,0.2,0.1,201,0.2,0.0524,-0.0193,0.0276,0.7612,326.9776,327.4325,0.0524,0.2,-0.0755,3.7363,-0.1363,4.907,0.1061,0.1227,0.0362,0.0258,5.7307,0.9618,0.0209,0.0075,-0.2729,3.8439,-12.2666,0.0582
open_plane_source_step_combined_5_20260913,2176,203,7949663279741,198,198,True,7949665927501,204,5.05500031,5056,13517,0.2,0.1,False,0.2,0.1,202,0.2,0.0524,-0.0194,0.0276,0.7612,329.1048,329.5694,0.0524,0.2,-0.0748,3.7421,-0.1232,4.907,0.1061,0.1227,0.0362,0.0258,5.7498,0.9643,0.0208,0.0077,-0.2637,3.9488,-12.3303,0.0582
open_plane_source_step_combined_5_20260913,2185,204,7949688831807,199,199,True,7949691628276,205,5.0800004,5081,13628,0.2,0.1,False,0.2,0.1,203,0.2,0.0524,-0.0193,0.0276,0.7612,331.2351,331.7064,0.0524,0.2,-0.0739,3.745,-0.1056,4.907,0.1061,0.1228,0.0362,0.0258,5.7688,0.9668,0.0208,0.0079,-0.2545,4.0548,-12.392,0.0582
open_plane_source_step_combined_5_20260913,2194,205,7949713270849,200,200,True,7949715602745,206,5.105,5106,13740,0.2,0.1,False,0.2,0.1,204,0.2,0.0524,-0.0194,0.0276,0.7612,333.3623,333.8433,0.0524,0.2,-0.0755,3.7397,-0.1316,4.907,0.1061,0.1227,0.0362,0.0258,5.7879,0.9692,0.0207,0.0081,-0.2453,4.1621,-12.4517,0.0582
open_plane_source_step_combined_5_20260913,2204,206,7949738617709,201,201,True,7949740696268,207,5.13,5131,13856,0.2,0.1,False,0.2,0.1,205,0.2,0.0524,-0.0195,0.0276,0.7612,335.4926,335.9803,0.0524,0.2,-0.0785,3.731,-0.1646,4.907,0.106,0.1227,0.0362,0.0258,5.8069,0.9715,0.0206,0.0083,-0.2361,4.2704,-12.5093,0.0582
open_plane_source_step_combined_5_20260913,2212,207,7949763859841,202,202,True,7949765765736,208,5.155,5156,13973,0.2,0.1,False,0.2,0.1,206,0.2,0.0524,-0.0194,0.0276,0.7612,337.6198,338.1172,0.0524,0.2,-0.0746,3.7416,-0.1249,4.907,0.1061,0.1228,0.0362,0.0258,5.826,0.9737,0.0205,0.0085,-0.2268,4.3798,-12.5648,0.0582
open_plane_source_step_combined_5_20260913,2221,208,7949789041991,203,203,True,7949791675584,209,5.181,5182,14093,0.2,0.1,False,0.2,0.1,207,0.2,0.0524,-0.0195,0.0276,0.7612,339.832,340.3392,0.0524,0.2,-0.0768,3.735,-0.1485,4.907,0.1061,0.1227,0.0362,0.0258,5.8458,0.9759,0.0205,0.0087,-0.2171,4.4947,-12.6204,0.0582
open_plane_source_step_combined_5_20260913,2230,209,7949813958842,204,204,True,7949816903981,210,5.20600033,5207,14204,0.2,0.1,False,0.2,0.1,208,0.2,0.0524,-0.0196,0.0276,0.7612,341.9624,342.4761,0.0524,0.2,-0.0775,3.7299,-0.1602,4.907,0.1061,0.1228,0.0362,0.0258,5.8648,0.9779,0.0204,0.0089,-0.2078,4.6062,-12.6716,0.0582
open_plane_source_step_combined_5_20260913,2240,210,7949838905550,205,205,True,7949840831381,211,5.23,5231,14307,0.2,0.1,False,0.2,0.1,209,0.2,0.0524,-0.0195,0.0276,0.7612,344.0044,344.528,0.0524,0.2,-0.0748,3.7428,-0.1221,4.907,0.1061,0.1227,0.0362,0.0258,5.8831,0.9798,0.0203,0.009,-0.1989,4.7141,-12.7188,0.0582
open_plane_source_step_combined_5_20260913,2249,211,7949863862336,206,206,True,7949865612928,212,5.255,5256,14395,0.2,0.1,False,0.2,0.1,210,0.2,0.0524,-0.0195,0.0276,0.7612,346.1348,346.6649,0.0524,0.2,-0.0749,3.7413,-0.1257,4.907,0.1061,0.1228,0.0362,0.0258,5.9022,0.9816,0.0202,0.0092,-0.1895,4.8274,-12.7659,0.0582
open_plane_source_step_combined_5_20260913,2257,212,7949888497697,207,207,True,7949890584372,213,5.28,5281,14507,0.2,0.1,False,0.2,0.1,211,0.2,0.0524,-0.0196,0.0276,0.7612,348.2619,348.8019,0.0524,0.2,-0.0766,3.7336,-0.1518,4.907,0.1061,0.1228,0.0362,0.0258,5.9212,0.9834,0.0201,0.0094,-0.1802,4.9416,-12.8108,0.0582
open_plane_source_step_combined_5_20260913,2267,213,7949913834137,208,208,True,7949915760140,214,5.30500031,5306,14619,0.2,0.1,False,0.2,0.1,212,0.2,0.0524,-0.0196,0.0276,0.7612,350.389,350.9388,0.0524,0.2,-0.0758,3.7381,-0.1379,4.907,0.1061,0.1228,0.0362,0.0258,5.9403,0.9851,0.02,0.0096,-0.1708,5.0567,-12.8535,0.0582
open_plane_source_step_combined_5_20260913,2276,214,7949938635030,209,209,True,7949940762031,215,5.3300004,5331,14727,0.2,0.1,False,0.2,0.1,213,0.2,0.0524,-0.0196,0.0276,0.7612,352.5194,353.0757,0.0524,0.2,-0.074,3.746,-0.122,4.907,0.1061,0.1227,0.0362,0.0258,5.9593,0.9866,0.0199,0.0098,-0.1614,5.1725,-12.894,0.0582
open_plane_source_step_combined_5_20260913,2285,215,7949963781563,210,210,True,7949965690473,216,5.355,5356,14832,0.2,0.1,False,0.2,0.1,214,0.2,0.0524,-0.0195,0.0275,0.7612,354.6465,355.2094,0.0524,0.2,-0.0742,3.7405,-0.1196,4.907,0.1061,0.1228,0.0362,0.0258,5.9784,0.9881,0.0199,0.01,-0.152,5.2891,-12.9323,0.0582
open_plane_source_step_combined_5_20260913,2294,216,7949988828058,211,211,True,7949990613376,217,5.38,5381,14925,0.2,0.1,False,0.2,0.1,215,0.2,0.0524,-0.0196,0.0276,0.7612,356.7737,357.3463,0.0524,0.2,-0.0753,3.74,-0.1328,4.907,0.1061,0.1228,0.0362,0.0258,5.9974,0.9895,0.0198,0.0102,-0.1426,5.4064,-12.9684,0.0582
open_plane_source_step_combined_5_20260913,2303,217,7950013664648,212,212,True,7950015758416,218,5.405,5406,15028,0.2,0.1,False,0.2,0.1,216,0.2,0.0524,-0.0196,0.0276,0.7612,358.9041,359.4833,0.0524,0.2,-0.0764,3.7348,-0.1456,4.907,0.1061,0.1227,0.0362,0.0258,6.0165,0.9908,0.0197,0.0104,-0.1332,5.5243,-13.0022,0.0582
open_plane_source_step_combined_5_20260913,2312,218,7950038112026,213,213,True,7950040785775,219,5.43000031,5431,15123,0.2,0.1,False,0.2,0.1,217,0.2,0.0524,-0.0197,0.0276,0.7612,361.0312,361.6202,0.0524,0.2,-0.0768,3.7352,-0.1503,4.907,0.1061,0.1228,0.0362,0.0258,6.0355,0.9921,0.0196,0.0106,-0.1237,5.6429,-13.0338,0.0582
open_plane_source_step_combined_5_20260913,2320,219,7950063508559,214,214,True,7950065687778,220,5.4550004,5456,15234,0.2,0.1,False,0.2,0.1,218,0.2,0.0524,-0.0196,0.0277,0.7612,363.1616,363.7572,0.0524,0.2,-0.076,3.7371,-0.1423,4.907,0.1061,0.1227,0.0362,0.0258,6.0546,0.9932,0.0195,0.0107,-0.1143,5.7621,-13.0631,0.0582
open_plane_source_step_combined_5_20260913,2330,220,7950088531690,215,215,True,7950090542652,221,5.4800005,5481,15351,0.2,0.1,False,0.2,0.1,219,0.2,0.0524,-0.0196,0.0275,0.7612,365.2887,365.8941,0.0524,0.2,-0.074,3.7431,-0.1168,4.907,0.1061,0.1228,0.0362,0.0258,6.0736,0.9942,0.0194,0.0109,-0.1048,5.8818,-13.0901,0.0582
open_plane_source_step_combined_5_20260913,2338,221,7950113415479,216,216,True,7950115727678,222,5.505,5506,15447,0.2,0.1,False,0.2,0.1,220,0.2,0.0524,-0.0196,0.0276,0.7612,367.4158,368.0311,0.0524,0.2,-0.0745,3.7419,-0.1258,4.907,0.1061,0.1228,0.0362,0.0258,6.0927,0.9952,0.0193,0.0111,-0.0953,6.002,-13.1149,0.0582
open_plane_source_step_combined_5_20260913,2348,222,7950138694802,217,217,True,7950140539621,223,5.53,5531,15555,0.2,0.1,False,0.2,0.1,221,0.2,0.0524,-0.0196,0.0276,0.7612,369.5462,370.168,0.0524,0.2,-0.0771,3.7335,-0.1477,4.907,0.1061,0.1227,0.0362,0.0258,6.1117,0.9961,0.0191,0.0113,-0.0858,6.1226,-13.1373,0.0582
open_plane_source_step_combined_5_20260913,2357,223,7950163583610,218,218,True,7950165721902,224,5.55500031,5556,15663,0.2,0.1,False,0.2,0.1,222,0.2,0.0524,-0.0196,0.0276,0.7612,371.6733,372.3049,0.0524,0.2,-0.0753,3.737,-0.1304,4.907,0.1061,0.1228,0.0362,0.0258,6.1308,0.9968,0.019,0.0115,-0.0764,6.2437,-13.1575,0.0582
open_plane_source_step_combined_5_20260913,2365,224,7950188705186,219,219,True,7950190694057,225,5.5800004,5581,15770,0.2,0.1,False,0.2,0.1,223,0.2,0.0524,-0.0197,0.0276,0.7612,373.8037,374.4419,0.0524,0.2,-0.0796,3.7271,-0.1724,4.907,0.1061,0.1227,0.0362,0.0258,6.1498,0.9975,0.0189,0.0117,-0.0669,6.3651,-13.1753,0.0582
open_plane_source_step_combined_5_20260913,2375,225,7950213689955,220,220,True,7950215763855,226,5.6050005,5606,15879,0.2,0.1,False,0.2,0.1,224,0.2,0.0524,-0.0197,0.0276,0.7612,375.9308,376.5788,0.0524,0.2,-0.0777,3.7297,-0.1577,4.907,0.1061,0.1228,0.0362,0.0258,6.1689,0.9981,0.0188,0.0118,-0.0573,6.4868,-13.1909,0.0582
open_plane_source_step_combined_5_20260913,2384,226,7950238837770,221,221,True,7950240696626,227,5.63,5631,15990,0.2,0.1,False,0.2,0.1,225,0.2,0.0524,-0.0196,0.0276,0.7612,378.058,378.7157,0.0524,0.2,-0.0756,3.7383,-0.1267,4.907,0.1061,0.1228,0.0362,0.0258,6.1879,0.9986,0.0187,0.012,-0.0478,6.6088,-13.2041,0.0582
open_plane_source_step_combined_5_20260913,2392,227,7950264131550,222,222,True,7950266579033,228,5.656,5657,16105,0.2,0.1,False,0.2,0.1,226,0.2,0.0524,-0.0196,0.0276,0.7612,380.2734,380.9378,0.0524,0.2,-0.0728,3.7464,-0.1058,4.907,0.1061,0.1228,0.0362,0.0258,6.2077,0.999,0.0186,0.0122,-0.0379,6.7359,-13.2154,0.0582
open_plane_source_step_combined_5_20260913,2402,228,7950288597213,223,223,True,7950290783013,229,5.68000031,5681,16206,0.2,0.1,False,0.2,0.1,227,0.2,0.0524,-0.0196,0.0276,0.7612,382.3155,382.9896,0.0524,0.2,-0.0748,3.7443,-0.123,4.907,0.1061,0.1228,0.0362,0.0258,6.226,0.9993,0.0185,0.0124,-0.0288,6.8534,-13.2235,0.0582
open_plane_source_step_combined_5_20260913,2411,229,7950313906943,224,224,True,7950315853814,230,5.7050004,5706,16306,0.2,0.1,False,0.2,0.1,228,0.2,0.0524,-0.0197,0.0276,0.7612,384.4459,385.1265,0.0524,0.2,-0.0772,3.733,-0.1527,4.907,0.1061,0.1228,0.0362,0.0258,6.2451,0.9996,0.0184,0.0125,-0.0193,6.976,-13.2298,0.0582
open_plane_source_step_combined_5_20260913,2419,230,7950338908152,225,225,True,7950340732343,231,5.7300005,5731,16398,0.2,0.1,False,0.2,0.1,229,0.2,0.0524,-0.0196,0.0276,0.7612,386.573,387.2635,0.0524,0.2,-0.0743,3.744,-0.1187,4.907,0.1061,0.1228,0.0362,0.0258,6.2641,0.9997,0.0182,0.0127,-0.0098,7.0986,-13.2336,0.0582
open_plane_source_step_combined_5_20260913,2428,231,7950363735625,226,226,True,7950366630610,232,5.755,5756,16505,0.2,0.1,False,0.2,0.1,230,0.2,0.0524,-0.0196,0.0276,0.7612,388.7001,389.4004,0.0524,0.2,-0.0757,3.7385,-0.1271,4.907,0.1061,0.1228,0.0362,0.0258,0.0016,0.9998,0.0181,0.0129,-0.0002,7.2213,-13.2352,0.0582
open_plane_source_step_combined_5_20260913,2437,232,7950388781258,227,227,True,7950390872381,233,5.78,5781,16603,0.2,0.1,False,0.2,0.1,231,0.2,0.0524,-0.0196,0.0276,0.7612,390.8305,391.5374,0.0524,0.2,-0.0756,3.7367,-0.1418,4.907,0.1061,0.1228,0.0362,0.0258,0.019,0.9997,0.018,0.0131,0.0093,7.344,-13.2344,0.0582
open_plane_source_step_combined_5_20260913,2447,233,7950413555411,228,228,True,7950415855016,234,5.80500031,5806,16706,0.2,0.1,False,0.2,0.1,232,0.2,0.0524,-0.0197,0.0276,0.7612,392.9576,393.6743,0.0524,0.2,-0.0773,3.7368,-0.1448,4.907,0.1061,0.1228,0.0362,0.0258,0.0381,0.9996,0.0179,0.0132,0.0188,7.4667,-13.2313,0.0582
open_plane_source_step_combined_5_20260913,2455,234,7950439082510,229,229,True,7950441844163,235,5.83100033,5832,16818,0.2,0.1,False,0.2,0.1,233,0.2,0.0524,-0.0196,0.0276,0.7612,395.1731,395.8963,0.0524,0.2,-0.0748,3.7417,-0.1235,4.907,0.1061,0.1228,0.0362,0.0258,0.0579,0.9993,0.0177,0.0134,0.0287,7.5942,-13.2256,0.0582
open_plane_source_step_combined_5_20260913,2465,235,7950464093818,230,230,True,7950466884176,236,5.85600042,5857,16918,0.2,0.1,False,0.2,0.1,234,0.2,0.0524,-0.0196,0.0276,0.7612,397.3002,398.0333,0.0524,0.2,-0.0757,3.7381,-0.1322,4.907,0.1061,0.1228,0.0362,0.0258,0.0769,0.999,0.0176,0.0136,0.0382,7.7166,-13.2177,0.0582
open_plane_source_step_combined_5_20260913,2474,236,7950489107441,231,231,True,7950491724513,237,5.881,5882,17017,0.2,0.1,False,0.2,0.1,235,0.2,0.0524,-0.0197,0.0276,0.7612,399.4273,400.1702,0.0524,0.2,-0.0761,3.7374,-0.1446,4.907,0.1061,0.1227,0.0362,0.0258,0.096,0.9986,0.0175,0.0137,0.0477,7.8389,-13.2075,0.0582
open_plane_source_step_combined_5_20260913,2482,237,7950513317002,232,232,True,7950515716665,238,5.905,5906,17110,0.2,0.1,False,0.2,0.1,236,0.2,0.0524,-0.0196,0.0276,0.7612,401.4727,402.2188,0.0524,0.2,-0.0742,3.743,-0.1179,4.907,0.1061,0.1228,0.0362,0.0258,0.1143,0.9981,0.0173,0.0139,0.0569,7.9561,-13.1955,0.0582
open_plane_source_step_combined_5_20260913,2491,238,7950538280662,233,233,True,7950540828353,239,5.93000031,5931,17214,0.2,0.1,False,0.2,0.1,237,0.2,0.0524,-0.0197,0.0276,0.7612,403.5998,404.3557,0.0524,0.2,-0.0767,3.7349,-0.1473,4.907,0.1061,0.1228,0.0362,0.0258,0.1333,0.9975,0.0172,0.0141,0.0664,8.0779,-13.1807,0.0582
open_plane_source_step_combined_5_20260913,2500,239,7950563100741,234,234,True,7950565711802,240,5.9550004,5956,17320,0.2,0.1,False,0.2,0.1,238,0.2,0.0524,-0.0196,0.0277,0.7612,405.7269,406.4926,0.0524,0.2,-0.0744,3.7413,-0.1229,4.907,0.1061,0.1228,0.0362,0.0258,0.1524,0.9969,0.0171,0.0142,0.0759,8.1994,-13.1636,0.0582
open_plane_source_step_combined_5_20260913,2510,240,7950588689205,235,235,True,7950590678927,241,5.9800005,5981,17410,0.2,0.1,False,0.2,0.1,239,0.2,0.0524,-0.0197,0.0276,0.7612,407.8573,408.6296,0.0524,0.2,-0.0767,3.7353,-0.1428,4.907,0.1061,0.1228,0.0362,0.0258,0.1714,0.9961,0.0169,0.0144,0.0853,8.3206,-13.1442,0.0582
open_plane_source_step_combined_5_20260913,2518,241,7950613831601,236,236,True,7950615702269,242,6.005,6006,17517,0.2,0.1,False,0.2,0.1,240,0.2,0.0524,-0.0197,0.0276,0.7612,409.9844,410.7665,0.0524,0.2,-0.0768,3.7371,-0.1534,4.907,0.1061,0.1228,0.0362,0.0258,0.1905,0.9952,0.0168,0.0146,0.0948,8.4414,-13.1225,0.0582
open_plane_source_step_combined_5_20260913,2528,242,7950638816249,237,237,True,7950640706504,243,6.03,6031,17623,0.2,0.1,False,0.2,0.1,241,0.2,0.0524,-0.0197,0.0276,0.7612,412.1148,412.9034,0.0524,0.2,-0.0771,3.7342,-0.1493,4.907,0.1061,0.1228,0.0362,0.0258,0.2095,0.9943,0.0167,0.0147,0.1043,8.5617,-13.0985,0.0582
open_plane_source_step_combined_5_20260913,2536,243,7950663393191,238,238,True,7950665674582,244,6.05500031,6056,17731,0.2,0.1,False,0.2,0.1,242,0.2,0.0524,-0.0197,0.0276,0.7612,414.2419,415.0404,0.0524,0.2,-0.0756,3.7399,-0.1394,4.907,0.1061,0.1228,0.0362,0.0258,0.2286,0.9933,0.0165,0.0149,0.1138,8.6816,-13.0722,0.0582
open_plane_source_step_combined_5_20260913,2545,244,7950688779996,239,239,True,7950690833849,245,6.0800004,6081,17832,0.2,0.1,False,0.2,0.1,243,0.2,0.0524,-0.0196,0.0276,0.7612,416.369,417.1773,0.0524,0.2,-0.076,3.7354,-0.1409,4.907,0.1061,0.1227,0.0362,0.0258,0.2476,0.9921,0.0164,0.015,0.1232,8.8009,-13.0436,0.0582
open_plane_source_step_combined_5_20260913,2555,245,7950714053117,240,240,True,7950717719703,246,6.10600042,6107,17942,0.2,0.1,False,0.2,0.1,244,0.2,0.0524,-0.0197,0.0276,0.7612,418.5845,419.3994,0.0524,0.2,-0.0769,3.736,-0.1475,4.907,0.1061,0.1227,0.0362,0.0258,0.2674,0.9909,0.0162,0.0152,0.1331,8.9244,-13.0115,0.0582
open_plane_source_step_combined_5_20260913,2564,246,7950739006858,241,241,True,7950741751349,247,6.13100052,6132,18050,0.2,0.1,False,0.2,0.1,245,0.2,0.0524,-0.0196,0.0276,0.7612,420.7116,421.5363,0.0524,0.2,-0.0753,3.7407,-0.1271,4.907,0.1061,0.1227,0.0362,0.0258,0.2865,0.9895,0.0161,0.0153,0.1425,9.0426,-12.9783,0.0582
open_plane_source_step_combined_5_20260913,2573,247,7950763911195,242,242,True,7950765828200,248,6.155,6156,18148,0.2,0.1,False,0.2,0.1,246,0.2,0.0524,-0.0197,0.0276,0.7612,422.7569,423.5882,0.0524,0.2,-0.0749,3.7409,-0.1293,4.907,0.1061,0.1228,0.0362,0.0258,0.3048,0.9882,0.0159,0.0155,0.1515,9.1554,-12.9443,0.0582
open_plane_source_step_combined_5_20260913,2581,248,7950788996133,243,243,True,7950791718723,249,6.181,6182,18255,0.4,0.1,False,0.4,0.1,247,0.2,0.0524,-0.0197,0.0276,0.7612,424.9691,425.8102,0.0524,0.2,-0.076,3.7401,-0.1348,4.907,0.1061,0.1228,0.0362,0.0258,0.3246,0.9867,0.0158,0.0157,0.1613,9.2768,-12.9052,0.0582
open_plane_source_step_combined_5_20260913,2591,249,7950813764856,244,244,True,7950815775717,250,6.2050004,6206,18346,0.4,0.1,False,0.4,0.1,248,0.4,0.0524,-0.0083,-0.0511,0.7974,428.9288,429.7601,0.0524,0.4,3.9404,4.0213,-0.0511,4.999,0.1066,0.1178,0.0364,0.0245,0.3435,0.9851,0.0158,0.0152,0.1706,9.3893,-12.8666,0.058
open_plane_source_step_combined_5_20260913,2600,250,7950838791022,245,245,True,7950840725961,251,6.2300005,6231,18432,0.4,0.1,False,0.4,0.1,249,0.4,0.0524,-0.0007,-0.0484,0.8113,433.1831,434.0012,0.0524,0.4,3.9193,4.1843,-0.0451,5.0994,0.1078,0.1095,0.0368,0.0224,0.3635,0.9833,0.0161,0.0143,0.1805,9.508,-12.8234,0.0577
open_plane_source_step_combined_5_20260913,2609,251,7950863816698,246,246,True,7950865868837,252,6.255,6256,18522,0.4,0.1,False,0.4,0.1,250,0.4,0.0524,0.0056,-0.0385,0.8269,437.4341,438.2424,0.0524,0.4,3.8895,4.3447,-0.0609,5.199,0.1088,0.1021,0.0373,0.0205,0.3839,0.9814,0.0163,0.0136,0.1906,9.6282,-12.7768,0.0574
open_plane_source_step_combined_5_20260913,2617,252,7950889096371,247,247,True,7950891922857,253,6.281,6282,18626,0.4,0.1,False,0.4,0.1,251,0.4,0.0524,0.0115,-0.0291,0.8429,441.8552,442.6504,0.0524,0.4,3.8504,4.5072,-0.0974,5.302,0.1099,0.0952,0.0379,0.0189,0.4056,0.9793,0.0167,0.0131,0.2012,9.7545,-12.7248,0.0571
open_plane_source_step_combined_5_20260913,2627,253,7950913266508,248,248,True,7950915855487,254,6.30500031,6306,18717,0.4,0.1,False,0.4,0.1,252,0.4,0.0524,0.0166,-0.0212,0.8576,445.9393,446.7214,0.0524,0.4,3.8269,4.6707,-0.1001,5.3963,0.1109,0.0895,0.0386,0.0175,0.426,0.9772,0.017,0.0126,0.2112,9.8722,-12.6734,0.0569
open_plane_source_step_combined_5_20260913,2635,254,7950938328763,249,249,True,7950940715281,255,6.3300004,6331,18824,0.4,0.1,False,0.4,0.1,253,0.4,0.0524,0.0215,-0.0137,0.8728,450.1902,450.9593,0.0524,0.4,3.7965,4.8334,-0.1174,5.4939,0.112,0.0841,0.0395,0.0162,0.4476,0.9749,0.0174,0.0123,0.2217,9.9959,-12.6163,0.0567
open_plane_source_step_combined_5_20260913,2645,255,7950963726639,250,250,True,7950965594992,256,6.3550005,6356,18921,0.4,0.1,False,0.4,0.1,254,0.4,0.0524,0.0258,-0.0067,0.8879,454.4445,455.1972,0.0524,0.4,3.7666,5.0019,-0.1352,5.5907,0.113,0.0792,0.0404,0.0151,0.4696,0.9724,0.0179,0.012,0.2324,10.1204,-12.5555,0.0565
open_plane_source_step_combined_5_20260913,2653,256,7950988711878,251,251,True,7950990675531,257,6.38,6381,19032,0.4,0.1,False,0.4,0.1,255,0.4,0.0524,0.0297,-0.0004,0.9029,458.6987,459.4383,0.0524,0.4,3.7314,5.1659,-0.1658,5.6869,0.114,0.0748,0.0414,0.0141,0.492,0.9697,0.0184,0.0119,0.2433,10.2458,-12.4909,0.0563
open_plane_source_step_combined_5_20260913,2662,257,7951013825769,252,252,True,7951015693602,258,6.405,6406,19141,0.4,0.1,False,0.4,0.1,256,0.4,0.0524,0.0334,0.0056,0.9178,462.9497,463.6762,0.0524,0.4,3.697,5.3342,-0.1955,5.7824,0.1149,0.0709,0.0425,0.0132,0.5147,0.9669,0.0189,0.0118,0.2543,10.3718,-12.4223,0.0562
open_plane_source_step_combined_5_20260913,2671,258,7951038414854,253,253,True,7951040698169,259,6.43000031,6431,19240,0.4,0.1,False,0.4,0.1,257,0.4,0.0524,0.0368,0.0111,0.9326,467.2039,467.9141,0.0524,0.4,3.6666,5.5005,-0.2147,5.8772,0.1159,0.0674,0.0437,0.0124,0.5378,0.9638,0.0194,0.0118,0.2655,10.4982,-12.3496,0.056
open_plane_source_step_combined_5_20260913,2680,259,7951063883353,254,254,True,7951069667341,260,6.452,6453,19332,0.4,0.1,False,0.4,0.1,258,0.4,0.0524,0.0397,0.0156,0.9455,470.9477,471.6447,0.0524,0.4,3.6624,5.6896,-0.1803,5.9601,0.1167,0.0646,0.0448,0.0118,0.5585,0.961,0.0199,0.0118,0.2754,10.6097,-12.2823,0.0559
open_plane_source_step_combined_5_20260913,2689,260,7951088994280,255,255,True,7951091750102,261,6.48100042,6482,19421,0.4,0.1,False,0.4,0.1,259,0.4,0.0524,0.0425,0.0213,0.9625,475.8826,476.56,0.0524,0.4,3.5864,5.8266,-0.3046,6.0686,0.1177,0.0613,0.0463,0.0111,0.5862,0.9571,0.0206,0.012,0.2887,10.7569,-12.1885,0.0558
open_plane_source_step_combined_5_20260913,2699,261,7951113859804,256,256,True,7951115733177,262,6.505,6506,19506,0.4,0.1,False,0.4,0.1,260,0.4,0.0524,0.0452,0.0257,0.9763,479.9666,480.6277,0.0524,0.4,3.5788,6.0272,-0.274,6.1577,0.1186,0.0588,0.0476,0.0105,0.6095,0.9537,0.0211,0.0122,0.2998,10.8786,-12.1066,0.0557
open_plane_source_step_combined_5_20260913,2708,262,7951139052374,257,257,True,7951141808227,263,6.531,6532,19623,0.4,0.1,False,0.4,0.1,261,0.4,0.0524,0.048,0.0302,0.9913,484.3911,485.0324,0.0524,0.4,3.5647,6.2363,-0.2577,6.2535,0.1195,0.0565,0.0491,0.01,0.6351,0.9498,0.0218,0.0124,0.312,11.0103,-12.0132,0.0556
open_plane_source_step_combined_5_20260913,2717,263,7951164016965,258,258,True,7951166795540,264,6.556,6557,19732,0.4,0.1,False,0.4,0.1,262,0.4,0.0524,0.0503,0.0344,1.0055,488.6486,489.2704,0.0524,0.4,3.5368,6.4123,-0.2782,6.3451,0.1203,0.0545,0.0506,0.0096,0.66,0.9458,0.0224,0.0127,0.3238,11.1364,-11.9188,0.0556
open_plane_source_step_combined_5_20260913,2725,264,7951188122479,259,259,True,7951190641757,265,6.5800004,6581,19828,0.4,0.1,False,0.4,0.1,263,0.4,0.0524,0.0525,0.0382,1.0191,492.7326,493.338,0.0524,0.4,3.5124,6.5853,-0.2925,6.4323,0.121,0.0527,0.052,0.0092,0.6844,0.9417,0.023,0.0131,0.3353,11.257,-11.824,0.0555
open_plane_source_step_combined_5_20260913,2735,265,7951213682310,260,260,True,7951215727346,266,6.6050005,6606,19936,0.4,0.1,False,0.4,0.1,264,0.4,0.0524,0.0543,0.0421,1.0331,496.9902,497.5727,0.0524,0.4,3.4855,6.7731,-0.311,6.5225,0.1217,0.051,0.0536,0.0089,0.71,0.9373,0.0236,0.0135,0.3474,11.3817,-11.7207,0.0554
open_plane_source_step_combined_5_20260913,2743,266,7951238929752,261,261,True,7951240810419,267,6.63,6631,20044,0.4,0.1,False,0.4,0.1,265,0.4,0.0524,0.0563,0.0459,1.0471,501.2444,501.8105,0.0524,0.4,3.4632,6.9663,-0.32,6.6121,0.1224,0.0495,0.0552,0.0086,0.7361,0.9327,0.0242,0.0139,0.3595,11.5055,-11.6128,0.0554
open_plane_source_step_combined_5_20260913,2753,267,7951264093438,262,262,True,7951266818182,268,6.656,6657,20159,0.4,0.1,False,0.4,0.1,266,0.4,0.0524,0.0578,0.0499,1.0614,505.6721,506.2153,0.0524,0.4,3.4133,7.1279,-0.3951,6.7046,0.123,0.048,0.0569,0.0083,0.7635,0.9277,0.0249,0.0144,0.3723,11.6329,-11.4955,0.0553
open_plane_source_step_combined_5_20260913,2762,268,7951288923034,263,263,True,7951292083889,269,6.681,6682,20265,0.4,0.1,False,0.4,0.1,267,0.4,0.0524,0.0593,0.0535,1.0751,509.9263,510.4499,0.0524,0.4,3.3708,7.2778,-0.4557,6.7928,0.1236,0.0468,0.0586,0.008,0.7903,0.9226,0.0255,0.015,0.3846,11.754,-11.378,0.0553
open_plane_source_step_combined_5_20260913,2770,269,7951314121104,264,264,True,7951316799051,270,6.70600033,6707,20365,0.4,0.1,False,0.4,0.1,268,0.4,0.0524,0.0614,0.057,1.0887,514.1838,514.6845,0.0524,0.4,3.3782,7.5264,-0.3978,6.8805,0.1242,0.0458,0.0603,0.0078,0.8173,0.9173,0.0261,0.0156,0.3971,11.8734,-11.2556,0.0552
open_plane_source_step_combined_5_20260913,2780,270,7951338909103,265,265,True,7951340891411,271,6.7300005,6731,20467,0.4,0.1,False,0.4,0.1,269,0.4,0.0524,0.0627,0.0605,1.1016,518.2712,518.7522,0.0524,0.4,3.3462,7.6941,-0.4371,6.9641,0.1247,0.0448,0.062,0.0076,0.8437,0.9119,0.0267,0.0162,0.4091,11.9863,-11.1337,0.0552
open_plane_source_step_combined_5_20260913,2788,271,7951363874345,266,266,True,7951365796841,272,6.755,6756,20552,0.4,0.1,False,0.4,0.1,270,0.4,0.0524,0.0638,0.064,1.115,522.5287,522.9836,0.0524,0.4,3.3015,7.8524,-0.5055,7.0505,0.1251,0.0438,0.0638,0.0074,0.8714,0.9062,0.0274,0.0168,0.4217,12.1018,-11.0019,0.0552
open_plane_source_step_combined_5_20260913,2797,272,7951388949874,267,267,True,7951392499480,273,6.781,6782,20658,0.4,0.1,False,0.4,0.1,271,0.4,0.0524,0.0656,0.0677,1.1288,526.9564,527.3884,0.0524,0.4,3.2791,8.0508,-0.5217,7.1398,0.1256,0.043,0.0657,0.0072,0.9007,0.8999,0.028,0.0176,0.4349,12.2194,-10.8598,0.0551
open_plane_source_step_combined_5_20260913,2807,273,7951413841498,268,268,True,7951415784162,274,6.80500031,6806,20753,0.4,0.1,False,0.4,0.1,272,0.4,0.0524,0.0669,0.071,1.1414,531.0437,531.4528,0.0524,0.4,3.2543,8.2324,-0.5488,7.2215,0.1259,0.0422,0.0675,0.0071,0.928,0.8938,0.0286,0.0183,0.4471,12.3255,-10.724,0.0551
open_plane_source_step_combined_5_20260913,2815,274,7951439120019,269,269,True,7951441695994,275,6.83100033,6832,20860,0.4,0.1,False,0.4,0.1,273,0.4,0.0524,0.0682,0.0747,1.155,535.4714,535.8542,0.0524,0.4,3.2258,8.436,-0.5822,7.3095,0.1261,0.0414,0.0695,0.0069,0.9579,0.887,0.0292,0.0191,0.4604,12.4376,-10.5719,0.0551
open_plane_source_step_combined_5_20260913,2824,275,7951463850209,270,270,True,7951465723923,276,6.8550005,6856,20957,0.4,0.1,False,0.4,0.1,274,0.4,0.0524,0.0692,0.078,1.1675,539.562,539.9187,0.0524,0.4,3.2031,8.5939,-0.6333,7.3901,0.1263,0.0408,0.0713,0.0068,0.9858,0.8805,0.0298,0.0199,0.4728,12.5381,-10.4269,0.055
open_plane_source_step_combined_5_20260913,2834,276,7951488703261,271,271,True,7951490750351,277,6.88,6881,21055,0.4,0.1,False,0.4,0.1,275,0.4,0.0524,0.0712,0.0802,1.182,543.8195,544.15,0.0524,0.4,3.2651,8.8037,-0.6312,7.4747,0.1263,0.0401,0.0733,0.0066,1.0152,0.8734,0.0304,0.0207,0.4857,12.6396,-10.2712,0.055
open_plane_source_step_combined_5_20260913,2842,277,7951513961063,272,272,True,7951516789202,278,6.906,6907,21160,0.4,0.1,False,0.4,0.1,276,0.4,0.0524,0.0682,0.0852,1.1971,548.2504,548.5516,0.0524,0.4,3.1382,8.8994,-0.6736,7.5617,0.1242,0.0393,0.0753,0.0065,1.0463,0.8657,0.031,0.0216,0.4991,12.7414,-10.1043,0.055
open_plane_source_step_combined_5_20260913,2852,278,7951538951683,273,273,True,7951540729596,279,6.93000031,6931,21256,0.4,0.1,False,0.4,0.1,277,0.4,0.0524,0.0667,0.0911,1.2115,552.3411,552.616,0.0524,0.4,3.0023,9.04,-0.6881,7.6388,0.1204,0.0393,0.0771,0.0064,1.0752,0.8583,0.0315,0.0225,0.5116,12.8317,-9.9458,0.0549
open_plane_source_step_combined_5_20260913,2861,279,7951563931702,274,274,True,7951565902659,280,6.9550004,6956,21361,0.4,0.1,False,0.4,0.1,278,0.4,0.0524,0.065,0.0974,1.2278,556.6019,556.8474,0.0524,0.4,2.8663,9.1772,-0.7015,7.7154,0.1142,0.0399,0.0789,0.0064,1.1058,0.8504,0.0319,0.0234,0.5247,12.922,-9.7764,0.0549
open_plane_source_step_combined_5_20260913,2869,280,7951588481663,275,275,True,7951590710766,281,6.9800005,6981,21466,0.4,0.1,False,0.4,0.1,279,0.4,0.0524,0.0607,0.1027,1.2468,560.866,561.0787,0.0524,0.4,2.7811,9.2206,-0.7416,7.7889,0.1049,0.0412,0.0807,0.0064,1.1369,0.8421,0.0323,0.0244,0.5378,13.0081,-9.6027,0.0549
open_plane_source_step_combined_5_20260913,2879,281,7951613829815,276,276,True,7951615711685,282,7.005,7006,21551,0.4,0.1,False,0.4,0.1,280,0.4,0.0524,0.049,0.1053,1.2737,565.1267,565.3133,0.0524,0.4,2.8746,9.13,-0.7255,7.8622,0.0882,0.0432,0.0823,0.0064,1.1685,0.8335,0.0325,0.0254,0.551,13.0897,-9.4249,0.0549
open_plane_source_step_combined_5_20260913,2887,282,7951638879867,277,277,True,7951640776604,283,7.03,7031,21653,0.4,0.1,False,0.4,0.1,281,0.4,0.0524,0.0345,0.1061,1.3053,569.3907,569.5446,0.0524,0.4,2.9948,8.9253,-0.7657,7.9379,0.0595,0.0457,0.0835,0.0064,1.2008,0.8245,0.0326,0.0262,0.5644,13.167,-9.2431,0.0549
open_plane_source_step_combined_5_20260913,2897,283,7951663871889,278,278,True,7951666727329,284,7.056,7057,21761,0.4,0.1,False,0.4,0.1,282,0.4,0.0524,0.0205,0.1066,1.3401,573.8217,573.9428,0.0524,0.4,3.1934,8.7937,-0.6745,8.0194,0.0153,0.0489,0.0845,0.0063,1.2353,0.8146,0.0326,0.027,0.5785,13.2428,-9.05,0.0549
open_plane_source_step_combined_5_20260913,2905,284,7951688834486,279,279,True,7951690626225,285,7.0800004,7081,21866,0.4,0.1,False,0.4,0.1,283,0.4,0.0524,0.0064,0.1067,1.3737,577.9091,578.004,0.0524,0.4,3.3589,8.5257,-0.7007,8.0972,-0.0398,0.0525,0.085,0.0061,1.268,0.805,0.0324,0.0276,0.5917,13.3085,-8.868,0.0549
open_plane_source_step_combined_5_20260913,2915,285,7951713643003,280,280,True,7951715776526,286,7.1050005,7106,21977,0.4,0.1,False,0.4,0.1,284,0.4,0.0524,-0.0103,0.1061,1.4102,582.1699,582.2288,0.0524,0.4,3.5913,8.2037,-0.6827,8.1811,-0.1139,0.0569,0.0851,0.0058,1.3029,0.7945,0.0321,0.0281,0.6057,13.3728,-8.6748,0.0548
open_plane_source_step_combined_5_20260913,2924,286,7951738769348,281,281,True,7951740831707,287,7.13,7131,22061,0.4,0.1,False,0.4,0.1,285,0.4,0.0524,-0.0299,0.1043,1.4483,586.4241,586.4536,0.0524,0.4,3.9277,7.829,-0.5662,8.2688,-0.208,0.062,0.0848,0.0054,1.3388,0.7836,0.0316,0.0284,0.6199,13.4329,-8.478,0.0547
open_plane_source_step_combined_5_20260913,2933,287,7951763689285,282,282,True,7951765682383,288,7.155,7156,22164,0.4,0.1,False,0.4,0.1,286,0.4,0.0524,-0.0549,0.101,1.4879,590.675,590.6783,0.0524,0.4,4.2781,7.2082,-0.5368,8.3606,-0.3263,0.0679,0.0839,0.0048,1.3756,0.772,0.0309,0.0285,0.6342,13.4891,-8.2774,0.0546
open_plane_source_step_combined_5_20260913,2941,288,7951788671579,283,283,True,7951790661792,289,7.18000031,7181,22266,0.4,0.1,False,0.4,0.1,287,0.4,0.0524,-0.0849,0.0966,1.5275,594.926,594.8966,0.0524,0.4,4.6701,6.447,-0.4656,8.4568,-0.4737,0.0744,0.0823,0.0041,1.4134,0.7599,0.03,0.0283,0.6487,13.5416,-8.0732,0.0545
open_plane_source_step_combined_5_20260913,2951,289,7951813263990,284,284,True,7951815675996,290,7.2050004,7206,22361,0.4,0.1,False,0.4,0.1,288,0.4,0.0524,-0.1081,0.0925,1.5586,599.1672,599.1181,0.0524,0.4,4.9282,5.7956,-0.4361,8.5551,-0.6509,0.0812,0.08,0.0034,1.4521,0.7473,0.0288,0.0278,0.6633,13.5908,-7.8653,0.0544
open_plane_source_step_combined_5_20260913,2959,290,7951838934749,285,285,True,7951840815035,291,7.2300005,7231,22466,0.4,0.1,False,0.4,0.1,289,0.4,0.0524,-0.1009,0.0912,1.5655,603.4116,603.3363,0.0524,0.4,4.8928,5.7754,-0.4772,8.649,-0.8437,0.0879,0.0775,0.0026,1.4913,0.7341,0.0276,0.0272,0.6779,13.6368,-7.6537,0.0543
open_plane_source_step_combined_5_20260913,2968,291,7951863433724,286,286,True,7951865636757,292,7.255,7256,22550,0.4,0.1,False,0.4,0.1,290,0.4,0.0524,-0.0846,0.0924,1.5606,607.6527,607.5579,0.0524,0.4,4.7909,5.9453,-0.4234,8.7335,-1.0366,0.0947,0.0752,0.0019,1.5304,0.7208,0.0265,0.0267,0.6922,13.6794,-7.4386,0.0542
open_plane_source_step_combined_5_20260913,2978,292,7951888220661,287,287,True,7951890819548,293,7.28,7281,22646,0.4,0.1,False,0.4,0.1,291,0.4,0.0524,-0.0732,0.0958,1.5508,611.8972,611.7794,0.0524,0.4,4.588,6.0337,-0.4525,8.8061,-1.2281,0.1021,0.0733,0.0013,1.5694,0.7072,0.0255,0.0264,0.7061,13.7184,-7.22,0.0541
open_plane_source_step_combined_5_20260913,2986,293,7951913893253,288,288,True,7951915708627,294,7.30500031,7306,22739,0.4,0.1,False,0.4,0.1,292,0.4,0.0524,-0.0639,0.0984,1.5331,616.1384,616.0042,0.0524,0.4,4.4115,6.1315,-0.397,8.867,-1.417,0.1105,0.0717,0.001,1.608,0.6934,0.0245,0.0261,0.7197,13.7535,-6.9984,0.0541
open_plane_source_step_combined_5_20260913,2995,294,7951938692402,289,289,True,7951940688005,295,7.3300004,7331,22838,0.4,0.1,False,0.4,0.1,293,0.4,0.0524,-0.0563,0.0996,1.5041,620.3828,620.2322,0.0524,0.4,4.2294,6.1931,-0.4099,8.9167,-1.6011,0.1194,0.0702,0.0007,1.6461,0.6796,0.0236,0.026,0.7327,13.7847,-6.774,0.054
open_plane_source_step_combined_5_20260913,3004,295,7951963761590,290,290,True,7951965923255,296,7.3550005,7356,22939,0.4,0.1,False,0.4,0.1,294,0.4,0.0524,-0.0499,0.0991,1.4666,624.6239,624.4636,0.0524,0.4,4.0561,6.2301,-0.4675,8.957,-1.7776,0.1286,0.0689,0.0006,1.6833,0.6659,0.0227,0.0259,0.7453,13.8116,-6.547,0.054
open_plane_source_step_combined_5_20260913,3013,296,7951989092129,291,291,True,7951991804961,297,7.38100052,7382,23045,0.4,0.1,False,0.4,0.1,295,0.4,0.0524,-0.0438,0.0972,1.4205,629.0385,628.8651,0.0524,0.4,3.9541,6.3085,-0.4485,8.991,-1.9511,0.1381,0.0677,0.0006,1.7209,0.6517,0.0218,0.0259,0.7577,13.8349,-6.3085,0.054
open_plane_source_step_combined_5_20260913,3023,297,7952013824553,292,292,True,7952015743492,298,7.405,7406,23138,0.4,0.1,False,0.4,0.1,296,0.4,0.0524,-0.0384,0.0944,1.3731,633.1127,632.9295,0.0524,0.4,3.9064,6.4024,-0.3853,9.0169,-2.1003,0.1467,0.0668,0.0007,1.7545,0.6389,0.0211,0.0259,0.7685,13.8522,-6.0864,0.054
open_plane_source_step_combined_5_20260913,3032,298,7952039043803,293,293,True,7952041867904,299,7.431,7432,23246,0.4,0.1,False,0.4,0.1,297,0.4,0.0524,-0.0335,0.0908,1.3178,637.5273,637.3342,0.0524,0.4,3.8357,6.464,-0.3839,9.0404,-2.2493,0.1554,0.0659,0.0008,1.7895,0.6254,0.0203,0.0259,0.7796,13.8661,-5.844,0.0541
open_plane_source_step_combined_5_20260913,3041,299,7952063581481,294,294,True,7952066603404,300,7.4550004,7456,23341,0.4,0.1,False,0.4,0.1,298,0.4,0.0524,-0.0298,0.0871,1.264,641.6016,641.3987,0.0524,0.4,3.7594,6.4943,-0.4248,9.0592,-2.3743,0.1628,0.0651,0.0009,1.8205,0.6132,0.0196,0.026,0.7892,13.8744,-5.6187,0.0541
open_plane_source_step_combined_5_20260913,3049,300,7952088850404,295,295,True,7952090730610,301,7.4800005,7481,23444,0.4,0.1,False,0.4,0.1,299,0.4,0.0524,-0.0261,0.083,1.2057,645.846,645.6334,0.0524,0.4,3.7138,6.5485,-0.4138,9.0771,-2.491,0.1699,0.0644,0.001,1.8515,0.601,0.019,0.026,0.7986,13.8783,-5.3826,0.0541
open_plane_source_step_combined_5_20260913,3059,301,7952113906947,296,296,True,7952115680182,302,7.50500059,7506,23544,0.4,0.1,False,0.4,0.1,300,0.4,0.0524,-0.0236,0.0793,1.1483,650.0905,649.8712,0.0524,0.4,3.6478,6.579,-0.4145,9.0938,-2.594,0.1763,0.0639,0.0011,1.8809,0.5891,0.0184,0.0261,0.8074,13.8775,-5.1455,0.0541
open_plane_source_step_combined_5_20260913,3067,302,7952138144180,297,297,True,7952140880787,303,7.53,7531,23637,0.4,0.1,False,0.4,0.1,301,0.4,0.0524,-0.0213,0.0758,1.0931,654.3381,654.1091,0.0524,0.4,3.5786,6.6002,-0.4253,9.1099,-2.684,0.182,0.0633,0.0013,1.909,0.5778,0.0178,0.0262,0.8156,13.8717,-4.9073,0.0542
open_plane_source_step_combined_5_20260913,3076,303,7952163386604,298,298,True,7952165777861,304,7.55500031,7556,23744,0.4,0.1,False,0.4,0.1,302,0.4,0.0524,-0.0191,0.0726,1.0403,658.5858,658.3469,0.0524,0.4,3.5279,6.6393,-0.398,9.1257,-2.7614,0.1872,0.0629,0.0015,1.9357,0.5668,0.0172,0.0263,0.8232,13.8611,-4.6684,0.0542
open_plane_source_step_combined_5_20260913,3086,304,7952188293486,299,299,True,7952190743203,305,7.5800004,7581,23849,0.4,0.1,False,0.4,0.1,303,0.4,0.0524,-0.0173,0.0695,0.9899,662.8303,662.5848,0.0524,0.4,3.4687,6.6685,-0.3827,9.1416,-2.8269,0.1918,0.0624,0.0016,1.9611,0.5563,0.0167,0.0264,0.8304,13.8456,-4.4289,0.0542
open_plane_source_step_combined_5_20260913,3095,305,7952213350560,300,300,True,7952215770672,306,7.6050005,7606,23953,0.4,0.1,False,0.4,0.1,304,0.4,0.0524,-0.016,0.0668,0.9416,667.0779,666.8227,0.0524,0.4,3.365,6.6533,-0.4442,9.1578,-2.881,0.196,0.0621,0.0018,1.9853,0.5462,0.0162,0.0265,0.837,13.8252,-4.1889,0.0542
open_plane_source_step_combined_5_20260913,3104,306,7952239029585,301,301,True,7952240772172,307,7.63000059,7631,24057,0.4,0.1,False,0.4,0.1,305,0.4,0.0524,-0.0144,0.0643,0.8955,671.3289,671.0605,0.0524,0.4,3.2948,6.6752,-0.433,9.1744,-2.9242,0.1996,0.0617,0.0021,2.0083,0.5366,0.0157,0.0266,0.8433,13.7999,-3.9487,0.0543
open_plane_source_step_combined_5_20260913,3112,307,7952263948350,302,302,True,7952265885212,308,7.655,7656,24162,0.4,0.1,False,0.4,0.1,306,0.4,0.0524,-0.0132,0.062,0.8515,675.5766,675.3017,0.0524,0.4,3.2218,6.6966,-0.4184,9.1915,-2.9571,0.203,0.0614,0.0023,2.0301,0.5273,0.0152,0.0267,0.8491,13.7698,-3.7085,0.0543
open_plane_source_step_combined_5_20260913,3122,308,7952288552032,303,303,True,7952290786734,309,7.68000031,7681,24266,0.4,0.1,False,0.4,0.1,307,0.4,0.0524,-0.012,0.0599,0.8096,679.8276,679.5429,0.0524,0.4,3.1228,6.6964,-0.4402,9.2091,-2.9801,0.2059,0.0612,0.0025,2.0509,0.5185,0.0148,0.0268,0.8545,13.7348,-3.4682,0.0544
open_plane_source_step_combined_5_20260913,3131,309,7952314030298,304,304,True,7952315706781,310,7.7050004,7706,24375,0.4,0.1,False,0.4,0.1,308,0.4,0.0524,-0.0109,0.058,0.7697,684.0785,683.7841,0.0524,0.4,3.0349,6.7088,-0.432,9.2272,-2.9939,0.2086,0.0609,0.0028,2.0707,0.51,0.0143,0.0269,0.8596,13.695,-3.2282,0.0544
open_plane_source_step_combined_5_20260913,3140,310,7952338827484,305,305,True,7952340699856,311,7.7300005,7731,24482,0.4,0.1,False,0.4,0.1,309,0.4,0.0524,-0.0101,0.0563,0.7316,688.3295,688.0252,0.0524,0.4,2.9351,6.7137,-0.4219,9.2456,-2.9989,0.211,0.0607,0.0031,2.0895,0.5019,0.0139,0.027,0.8644,13.6505,-2.9886,0.0545
open_plane_source_step_combined_5_20260913,3149,311,7952363823584,306,306,True,7952365938722,312,7.75500059,7756,24570,0.4,0.1,False,0.4,0.1,310,0.4,0.0524,-0.0098,0.0549,0.6951,692.5804,692.2664,0.0524,0.4,2.8465,6.7282,-0.3896,9.2642,-2.9956,0.2131,0.0606,0.0034,2.1073,0.4942,0.0135,0.0272,0.8688,13.6012,-2.7495,0.0545
open_plane_source_step_combined_5_20260913,3158,312,7952388137611,307,307,True,7952391885650,313,7.78,7781,24670,0.4,0.1,False,0.4,0.1,311,0.4,0.0524,-0.0091,0.0534,0.6603,696.8314,696.5107,0.0524,0.4,2.7223,6.7091,-0.415,9.2828,-2.9845,0.2151,0.0604,0.0037,2.1243,0.4868,0.0131,0.0273,0.873,13.5473,-2.5111,0.0546
open_plane_source_step_combined_5_20260913,3167,313,7952413212169,308,308,True,7952415701200,314,7.80500031,7806,24771,0.4,0.1,False,0.4,0.1,312,0.4,0.0524,-0.0084,0.0521,0.627,701.0857,700.7551,0.0524,0.4,2.6333,6.7316,-0.3615,9.3015,-2.9659,0.2168,0.0602,0.0041,2.1404,0.4798,0.0127,0.0274,0.8769,13.4887,-2.2734,0.0546
open_plane_source_step_combined_5_20260913,3176,314,7952438891494,309,309,True,7952440654820,315,7.8300004,7831,24868,0.4,0.1,False,0.4,0.1,313,0.4,0.0524,-0.008,0.0509,0.5953,705.3399,705.0029,0.0524,0.4,2.527,6.7317,-0.344,9.3201,-2.9403,0.2184,0.0601,0.0044,2.1558,0.473,0.0123,0.0275,0.8805,13.4256,-2.0367,0.0547
open_plane_source_step_combined_5_20260913,3185,315,7952463878226,310,310,True,7952465641633,316,7.8550005,7856,24961,0.4,0.1,False,0.4,0.1,314,0.4,0.0524,-0.0079,0.0497,0.5651,709.5941,709.2473,0.0524,0.4,2.3905,6.6967,-0.3879,9.3385,-2.908,0.2198,0.0599,0.0048,2.1703,0.4666,0.0119,0.0276,0.8839,13.3581,-1.801,0.0547
open_plane_source_step_combined_5_20260913,3194,316,7952488739413,311,311,True,7952490861674,317,7.88000059,7881,25063,0.4,0.1,False,0.4,0.1,315,0.4,0.0524,-0.0078,0.0486,0.5363,713.8517,713.495,0.0524,0.4,2.2743,6.6832,-0.3888,9.3567,-2.8693,0.2209,0.0598,0.0052,2.1841,0.4605,0.0115,0.0277,0.8871,13.2861,-1.5666,0.0548
open_plane_source_step_combined_5_20260913,3203,317,7952513892828,312,312,True,7952515757365,318,7.905,7906,25160,0.4,0.1,False,0.4,0.1,316,0.4,0.0524,-0.0072,0.0474,0.5089,718.1092,717.7427,0.0524,0.4,2.1708,6.6854,-0.3562,9.3746,-2.8246,0.2219,0.0597,0.0056,2.1972,0.4547,0.0111,0.0279,0.8901,13.2098,-1.3334,0.0549
open_plane_source_step_combined_5_20260913,3212,318,7952538352540,313,313,True,7952540733858,319,7.93000031,7931,25252,0.4,0.1,False,0.4,0.1,317,0.4,0.0524,-0.0071,0.0463,0.4829,722.3634,721.9904,0.0524,0.4,2.0503,6.6629,-0.3677,9.3921,-2.7743,0.2227,0.0596,0.0061,2.2096,0.4492,0.0107,0.028,0.8929,13.1292,-1.1016,0.055
open_plane_source_step_combined_5_20260913,3221,319,7952563405216,314,314,True,7952565848010,320,7.9550004,7956,25355,0.4,0.1,False,0.4,0.1,318,0.4,0.0524,-0.0066,0.0451,0.4582,726.6242,726.2413,0.0524,0.4,1.9509,6.6688,-0.3249,9.4091,-2.7187,0.2234,0.0595,0.0065,2.2214,0.4439,0.0103,0.0281,0.8956,13.0444,-0.8713,0.055
open_plane_source_step_combined_5_20260913,3230,320,7952589052882,315,315,True,7952591674101,321,7.98100042,7982,25466,0.4,0.1,False,0.4,0.1,319,0.4,0.0524,-0.0066,0.0439,0.4338,731.0519,730.6625,0.0524,0.4,1.8044,6.6092,-0.3979,9.4262,-2.6555,0.2239,0.0594,0.007,2.233,0.4387,0.0099,0.0282,0.8981,12.9518,-0.6334,0.0551
open_plane_source_step_combined_5_20260913,3238,321,7952613356309,316,316,True,7952615652988,322,8.005,8006,25564,0.4,0.1,False,0.4,0.1,320,0.4,0.0524,-0.0066,0.0429,0.4124,735.1393,734.7433,0.0524,0.4,1.7162,6.6124,-0.3549,9.4415,-2.5926,0.2242,0.0593,0.0074,2.2432,0.4341,0.0095,0.0283,0.9004,12.8625,-0.4156,0.0552
open_plane_source_step_combined_5_20260913,3248,322,7952638877216,317,317,True,7952640898497,323,8.030001,8031,25646,0.4,0.1,False,0.4,0.1,321,0.4,0.0524,-0.0064,0.0418,0.3912,739.4,738.9943,0.0524,0.4,1.5983,6.5762,-0.3801,9.4568,-2.5226,0.2243,0.0592,0.0079,2.2533,0.4296,0.0092,0.0284,0.9025,12.7656,-0.1903,0.0553
open_plane_source_step_combined_5_20260913,3257,323,7952664056591,318,318,True,7952666887725,324,8.056001,8057,25745,0.4,0.1,False,0.4,0.1,322,0.4,0.0524,-0.0062,0.0406,0.3704,743.831,743.4153,0.0524,0.4,1.4863,6.5487,-0.3867,9.4721,-2.4455,0.2243,0.0591,0.0084,2.2632,0.4251,0.0088,0.0285,0.9046,12.6606,0.0419,0.0553
open_plane_source_step_combined_5_20260913,3264,324,7952689133292,319,319,True,7952691837248,325,8.081,8082,25842,0.4,0.1,False,0.4,0.1,323,0.4,0.0524,-0.006,0.0394,0.3514,748.0918,747.6696,0.0524,0.4,1.4016,6.5512,-0.3384,9.4861,-2.3674,0.224,0.0591,0.0088,2.2723,0.421,0.0084,0.0286,0.9066,12.5558,0.2633,0.0554
open_plane_source_step_combined_5_20260913,3275,325,7952714010068,320,320,True,7952715737717,326,8.1050005,8106,25939,0.4,0.1,False,0.4,0.1,324,0.4,0.0524,-0.0061,0.0383,0.3341,752.1824,751.7537,0.0524,0.4,1.2897,6.4989,-0.39,9.4988,-2.2889,0.2235,0.059,0.0093,2.2805,0.4173,0.0081,0.0287,0.9083,12.4517,0.4739,0.0555
open_plane_source_step_combined_5_20260913,3284,326,7952738907182,321,321,True,7952740722035,327,8.13,8131,26034,0.4,0.1,False,0.4,0.1,325,0.4,0.0524,-0.0057,0.0371,0.317,756.4464,756.0079,0.0524,0.4,1.1926,6.4709,-0.3945,9.5115,-2.2038,0.2229,0.0589,0.0097,2.2887,0.4136,0.0078,0.0288,0.91,12.3396,0.6912,0.0556
open_plane_source_step_combined_5_20260913,3293,327,7952763474626,322,322,True,7952765704509,328,8.155001,8156,26135,0.4,0.1,False,0.4,0.1,326,0.4,0.0524,-0.0056,0.0359,0.3008,760.7072,760.2621,0.0524,0.4,1.1068,6.4529,-0.3783,9.5234,-2.1154,0.222,0.0589,0.0102,2.2965,0.4101,0.0074,0.0289,0.9116,12.224,0.9064,0.0556
open_plane_source_step_combined_5_20260913,3302,328,7952788627931,323,323,True,7952790832097,329,8.18,8181,26233,0.4,0.1,False,0.4,0.1,327,0.4,0.0524,-0.0053,0.0347,0.2854,764.9713,764.5197,0.0524,0.4,1.0317,6.4465,-0.3401,9.5347,-2.024,0.2209,0.0588,0.0106,2.3038,0.4067,0.0071,0.029,0.9131,12.1048,1.1194,0.0557
open_plane_source_step_combined_5_20260913,3311,329,7952813464752,324,324,True,7952815783954,330,8.205,8206,26340,0.4,0.1,False,0.4,0.1,328,0.4,0.0524,-0.0055,0.0336,0.2709,769.2354,768.7739,0.0524,0.4,0.939,6.4005,-0.3726,9.5452,-1.9299,0.2195,0.0587,0.0111,2.3108,0.4035,0.0068,0.0291,0.9145,11.9821,1.3301,0.0558
open_plane_source_step_combined_5_20260913,3320,330,7952839091348,325,325,True,7952841687901,331,8.231,8232,26445,0.4,0.1,False,0.4,0.1,329,0.4,0.0524,-0.0049,0.0322,0.2566,773.6696,773.2016,0.0524,0.4,0.8706,6.3965,-0.3241,9.5555,-1.8292,0.218,0.0587,0.0115,2.3177,0.4004,0.0065,0.0292,0.9159,11.8509,1.5468,0.0559
open_plane_source_step_combined_5_20260913,3328,331,7952863738221,326,326,True,7952865648203,332,8.255,8256,26539,0.4,0.1,False,0.4,0.1,330,0.4,0.0524,-0.005,0.0311,0.244,777.7635,777.2889,0.0524,0.4,0.7908,6.3551,-0.3481,9.5644,-1.7339,0.2163,0.0586,0.0119,2.3237,0.3976,0.0062,0.0293,0.9171,11.7266,1.7446,0.0559
open_plane_source_step_combined_5_20260913,3338,332,7952888730103,327,327,True,7952890739171,333,8.280001,8281,26622,0.4,0.1,False,0.4,0.1,331,0.4,0.0524,-0.0046,0.0299,0.2315,782.0275,781.5432,0.0524,0.4,0.7278,6.3431,-0.3153,9.5729,-1.6325,0.2143,0.0586,0.0124,2.3297,0.3949,0.0059,0.0293,0.9182,11.5939,1.9483,0.056
open_plane_source_step_combined_5_20260913,3347,333,7952913917713,328,328,True,7952915943032,334,8.305,8306,26723,0.4,0.1,False,0.4,0.1,332,0.4,0.0524,-0.0045,0.0288,0.2198,786.2916,785.804,0.0524,0.4,0.6531,6.2971,-0.3428,9.5809,-1.5289,0.2122,0.0585,0.0128,2.3354,0.3923,0.0056,0.0294,0.9194,11.458,2.1496,0.0561
open_plane_source_step_combined_5_20260913,3355,334,7952938314847,329,329,True,7952940758543,335,8.33,8331,26820,0.4,0.1,False,0.4,0.1,333,0.4,0.0524,-0.0047,0.0277,0.2085,790.5589,790.0615,0.0524,0.4,0.5796,6.2464,-0.3791,9.5882,-1.4234,0.2097,0.0585,0.0132,2.3407,0.3898,0.0053,0.0295,0.9204,11.319,2.3484,0.0561
open_plane_source_step_combined_5_20260913,3365,335,7952963253619,330,330,True,7952965917910,336,8.3550005,8356,26912,0.4,0.1,False,0.4,0.1,334,0.4,0.0524,-0.0045,0.0265,0.1979,794.823,794.319,0.0524,0.4,0.5175,6.2117,-0.3847,9.5949,-1.316,0.2071,0.0584,0.0135,2.3458,0.3875,0.0051,0.0295,0.9214,11.1768,2.5447,0.0562
open_plane_source_step_combined_5_20260913,3374,336,7952989115127,331,331,True,7952991828680,337,8.38100052,8382,27007,0.4,0.1,False,0.4,0.1,335,0.4,0.0524,-0.0043,0.0253,0.1874,799.2605,798.7467,0.0524,0.4,0.46,6.1804,-0.3803,9.6013,-1.2026,0.2042,0.0584,0.0139,2.3509,0.3852,0.0048,0.0296,0.9224,11.0258,2.7462,0.0562
open_plane_source_step_combined_5_20260913,3383,337,7953013440606,332,332,True,7953015822525,338,8.405001,8406,27101,0.4,0.1,False,0.4,0.1,336,0.4,0.0524,-0.0039,0.0242,0.1782,803.3544,802.8373,0.0524,0.4,0.4208,6.176,-0.3316,9.6067,-1.0964,0.2012,0.0583,0.0142,2.3553,0.3831,0.0046,0.0297,0.9232,10.8835,2.9297,0.0563
open_plane_source_step_combined_5_20260913,3391,338,7953038991198,333,333,True,7953041913044,339,8.431001,8432,27197,0.4,0.1,False,0.4,0.1,337,0.4,0.0524,-0.0031,0.0231,0.168,807.7919,807.265,0.0524,0.4,0.366,6.1641,-0.3454,9.612,-0.9797,0.1979,0.0583,0.0146,2.3598,0.381,0.0044,0.0297,0.9241,10.7263,3.1259,0.0564
open_plane_source_step_combined_5_20260913,3401,339,7953063388342,334,334,True,7953070030554,340,8.455001,8456,27289,0.4,0.1,False,0.4,0.1,338,0.4,0.0524,0.0071,0.0211,0.1438,811.889,811.3556,0.0524,0.4,0.3111,6.3577,-0.3991,9.6165,-0.8662,0.1943,0.0584,0.0149,2.3636,0.3793,0.0042,0.0298,0.9248,10.5783,3.3045,0.0564
open_plane_source_step_combined_5_20260913,3410,340,7953088248957,335,335,True,7953091102664,341,8.4800005,8481,27370,0.4,0.1,False,0.4,0.1,339,0.4,0.0524,0.0328,0.0159,0.0711,816.1531,815.6131,0.0524,0.4,0.2808,6.9423,-0.3759,9.6215,-0.7272,0.1895,0.0589,0.0152,2.3664,0.378,0.0041,0.0301,0.9253,10.4211,3.4877,0.0565
open_plane_source_step_combined_5_20260913,3419,341,7953113839255,336,336,True,7953115747153,342,8.505,8506,27464,0.4,0.1,False,0.4,0.1,340,0.4,0.0524,0.0789,0.0049,-0.0954,820.4237,819.8739,0.0524,0.4,0.2255,7.9078,-0.5378,9.6278,-0.5405,0.1818,0.0603,0.0155,2.3663,0.378,0.0042,0.0308,0.9253,10.2605,3.6676,0.0565
open_plane_source_step_combined_5_20260913,3428,342,7953139111164,337,337,True,7953141949291,343,8.531,8532,27567,0.4,0.1,False,0.4,0.1,341,0.4,0.0524,0.1431,-0.0148,-0.3873,824.8644,824.2983,0.0524,0.4,0.1617,9.3196,-0.5238,9.6358,-0.2528,0.1676,0.0632,0.0158,2.36,0.3809,0.0047,0.0322,0.924,10.0888,3.8502,0.0565
open_plane_source_step_combined_5_20260913,3437,343,7953163358135,338,338,True,7953165744232,344,8.555,8556,27644,0.4,0.1,False,0.4,0.1,342,0.4,0.0524,-0.1222,0.0012,-0.1699,828.9616,828.3857,0.0524,0.4,0.0469,3.6498,-0.1601,9.64,-0.0131,0.1555,0.0638,0.016,2.3511,0.3851,0.0049,0.0325,0.9223,9.9265,4.015,0.0566
open_plane_source_step_combined_5_20260913,3446,344,7953188807277,339,339,True,7953190895003,345,8.580001,8581,27736,0.4,0.1,False,0.4,0.1,343,0.4,0.0524,-0.0514,0.0453,0.4714,833.2289,832.6464,0.0524,0.4,-0.1228,5.9159,-0.3641,9.639,0.0567,0.155,0.0613,0.0164,2.3556,0.383,0.0042,0.0314,0.9232,9.7569,4.1863,0.0566
open_plane_source_step_combined_5_20260913,3454,345,7953214117758,340,340,True,7953216873822,346,8.606,8607,27835,0.4,0.1,False,0.4,0.1,344,0.4,0.0524,0.0795,0.0704,0.8506,837.6664,837.0807,0.0524,0.4,-0.3126,8.5687,-0.5703,9.634,0.0763,0.1574,0.0622,0.0168,2.3736,0.3747,0.0038,0.032,0.9266,9.5793,4.363,0.0567
open_plane_source_step_combined_5_20260913,3464,346,7953239116684,341,341,True,7953241811391,347,8.63100052,8632,27931,0.4,0.1,False,0.4,0.1,345,0.4,0.0524,0.1318,0.0824,1.0076,841.9338,841.3447,0.0524,0.4,-0.3863,9.7798,-0.6526,9.6265,0.0816,0.1605,0.0653,0.0172,2.3973,0.3637,0.0039,0.0336,0.9309,9.4054,4.5295,0.0568
open_plane_source_step_combined_5_20260913,3473,347,7953263953564,342,342,True,7953265887471,348,8.655001,8656,28023,0.4,0.1,False,0.4,0.1,346,0.4,0.0524,0.1437,0.0885,1.0681,846.0309,845.4386,0.0524,0.4,-0.4005,10.2323,-0.7561,9.6186,0.0827,0.1634,0.0691,0.0176,2.4224,0.3519,0.0039,0.0355,0.9353,9.2349,4.6853,0.0568
open_plane_source_step_combined_5_20260913,3482,348,7953288987375,343,343,True,7953290869655,349,8.68,8681,28130,0.4,-0.1,False,0.4,-0.1,347,0.4,0.0524,0.1391,0.0921,1.091,850.3015,849.6994,0.0524,0.4,-0.3687,10.4688,-0.7801,9.6108,0.083,0.1661,0.0732,0.018,2.4496,0.3392,0.004,0.0375,0.94,9.0535,4.843,0.0569
open_plane_source_step_combined_5_20260913,3491,349,7953314150179,344,344,True,7953317036156,350,8.706,8707,28234,0.4,-0.1,False,0.4,-0.1,348,0.4,-0.0308,-0.3268,0.0073,0.1011,854.7357,854.1336,-0.0276,0.4,0.2235,-1.4623,0.2202,9.6132,0.0015,0.1751,0.0711,0.0181,2.4683,0.3304,0.0032,0.0365,0.9431,8.8604,5.0016,0.0569
open_plane_source_step_combined_5_20260913,3500,350,7953338357044,345,345,True,7953340818153,351,8.7300005,8731,28319,0.4,-0.1,False,0.4,-0.1,349,0.4,-0.0524,-0.5151,-0.0343,-0.6017,858.8297,858.2242,-0.0524,0.4,-0.0282,-6.4522,0.3951,9.6157,-0.0301,0.1784,0.0604,0.0181,2.4607,0.334,0.0015,0.0315,0.9421,8.6801,5.1458,0.0569
open_plane_source_step_combined_5_20260913,3509,351,7953363855770,346,346,True,7953366171635,352,8.755,8756,28414,0.4,-0.1,False,0.4,-0.1,350,0.4,-0.0524,-0.5701,-0.0364,-0.8981,863.0937,862.4915,-0.0524,0.4,-0.2094,-8.9383,0.4008,9.6131,-0.0441,0.1794,0.0462,0.0182,2.4413,0.3431,-0.0006,0.0248,0.939,8.4937,5.2976,0.057
open_plane_source_step_combined_5_20260913,3517,352,7953388870936,347,347,True,7953390826614,353,8.780001,8781,28508,0.4,-0.1,False,0.4,-0.1,351,0.4,-0.0524,-0.5506,-0.0262,-1.0132,867.3577,866.7556,-0.0524,0.4,-0.2689,-9.8509,0.2883,9.6081,-0.0513,0.1797,0.0317,0.0184,2.4171,0.3545,-0.003,0.0181,0.9349,8.3105,5.4531,0.057
open_plane_source_step_combined_5_20260913,3527,353,7953413917220,348,348,True,7953417063016,354,8.805,8806,28605,0.4,-0.1,False,0.4,-0.1,352,0.4,-0.0524,-0.5094,-0.0134,-1.0571,871.6185,871.023,-0.0524,0.4,-0.2708,-10.2169,0.1642,9.6026,-0.0556,0.1797,0.0179,0.0185,2.3911,0.3666,-0.0053,0.0117,0.9303,8.1312,5.6129,0.0571
open_plane_source_step_combined_5_20260913,3536,354,7953438294677,349,349,True,7953440854341,355,8.830001,8831,28682,0.4,-0.1,False,0.4,-0.1,353,0.4,-0.0524,-0.4625,-0.001,-1.0737,875.8793,875.2903,-0.0524,0.4,-0.2626,-10.325,-0.002,9.5974,-0.0592,0.1797,0.0053,0.0187,2.3644,0.3789,-0.0076,0.006,0.9254,7.9563,5.7772,0.0571
open_plane_source_step_combined_5_20260913,3545,355,7953463513245,350,350,True,7953465824482,356,8.8550005,8856,28767,0.4,-0.1,False,0.4,-0.1,354,0.4,-0.0524,-0.4163,0.0105,-1.0799,880.1434,879.5544,-0.0524,0.4,-0.241,-10.3736,-0.1264,9.5929,-0.0624,0.1795,6.277,0.0188,2.3374,0.3913,-0.0098,0.0008,0.9202,7.7858,5.9461,0.0571
open_plane_source_step_combined_5_20260913,3554,356,7953488976654,351,351,True,7953491833917,357,8.88100052,8882,28863,0.4,-0.1,False,0.4,-0.1,355,0.4,-0.0524,-0.3715,0.0214,-1.0827,884.5743,883.9919,-0.0524,0.4,-0.2152,-10.408,-0.223,9.5887,-0.0656,0.1793,6.2663,0.0189,2.3093,0.4041,-0.012,-0.0039,0.9146,7.6136,6.1264,0.0571
open_plane_source_step_combined_5_20260913,3563,357,7953514065198,352,352,True,7953516825529,358,8.906,8907,28956,0.4,-0.1,False,0.4,-0.1,356,0.4,-0.0524,-0.333,0.0308,-1.0848,888.8351,888.2592,-0.0524,0.4,-0.1913,-10.4452,-0.2812,9.5853,-0.0685,0.1791,6.257,0.0189,2.2822,0.4164,-0.0141,-0.008,0.909,7.4529,6.3043,0.0572
open_plane_source_step_combined_5_20260913,3572,358,7953539065746,353,353,True,7953542011616,359,8.931001,8932,29047,0.4,-0.1,False,0.4,-0.1,357,0.4,-0.0524,-0.2983,0.0394,-1.0867,893.0959,892.5265,-0.0524,0.4,-0.1756,-10.4626,-0.358,9.5823,-0.0709,0.1788,6.2486,0.019,2.255,0.4287,-0.016,-0.0115,0.9032,7.2971,6.4864,0.0571
open_plane_source_step_combined_5_20260913,3581,359,7953563763565,354,354,True,7953566076415,360,8.955001,8956,29140,0.4,-0.1,False,0.4,-0.1,358,0.4,-0.0524,-0.2687,0.047,-1.0882,897.1898,896.6204,-0.0524,0.4,-0.1561,-10.5022,-0.3955,9.5797,-0.0731,0.1786,6.2414,0.019,2.2289,0.4404,-0.0178,-0.0146,0.8975,7.1523,6.665,0.0571
open_plane_source_step_combined_5_20260913,3590,360,7953588253433,355,355,True,7953590707368,361,8.9800005,8981,29226,0.4,-0.1,False,0.4,-0.1,359,0.4,-0.0524,-0.24,0.0542,-1.0896,901.4506,900.8877,-0.0524,0.4,-0.1607,-10.4481,-0.5332,9.5773,-0.075,0.1783,6.2345,0.0191,2.2017,0.4525,-0.0195,-0.0174,0.8914,7.0065,6.855,0.0571
open_plane_source_step_combined_5_20260913,3599,361,7953613888525,356,356,True,7953615802024,362,9.005,9006,29316,0.4,-0.1,False,0.4,-0.1,360,0.4,-0.0524,-0.2144,0.0608,-1.0907,905.7114,905.1551,-0.0524,0.4,-0.1464,-10.4755,-0.5775,9.5752,-0.0767,0.178,6.2283,0.0191,2.1744,0.4646,-0.0212,-0.0198,0.8851,6.8661,7.0489,0.0571
open_plane_source_step_combined_5_20260913,3607,362,7953638862033,357,357,True,7953640844701,363,9.030001,9031,29418,0.4,-0.1,False,0.4,-0.1,361,0.4,-0.0524,-0.1923,0.0666,-1.0916,909.9689,909.4191,-0.0524,0.4,-0.1291,-10.5162,-0.5961,9.5734,-0.0784,0.1777,6.2227,0.0191,2.147,0.4765,-0.0228,-0.022,0.8786,6.7309,7.2465,0.0571
open_plane_source_step_combined_5_20260913,3616,363,7953664120576,358,358,True,7953666917166,364,9.056001,9057,29515,0.4,-0.1,False,0.4,-0.1,362,0.4,-0.0524,-0.1703,0.0722,-1.0925,914.3998,913.8599,-0.0524,0.4,-0.1392,-10.4501,-0.7205,9.5716,-0.0798,0.1773,6.2175,0.0191,2.1186,0.4889,-0.0244,-0.0239,0.8716,6.5962,7.4558,0.0571
open_plane_source_step_combined_5_20260913,3626,364,7953688219278,359,359,True,7953690867078,365,9.080001,9081,29605,0.4,-0.1,False,0.4,-0.1,363,0.4,-0.0524,-0.1527,0.0769,-1.0933,918.4872,917.957,-0.0524,0.4,-0.1252,-10.4859,-0.734,9.5702,-0.081,0.1771,6.2131,0.0191,2.0923,0.5003,-0.0258,-0.0255,0.8651,6.4773,7.6523,0.0571
open_plane_source_step_combined_5_20260913,3635,365,7953713997980,360,360,True,7953716192077,366,9.1050005,9106,29690,0.4,-0.1,False,0.4,-0.1,364,0.4,-0.0524,-0.136,0.0813,-1.094,922.748,922.2277,-0.0524,0.4,-0.1238,-10.4732,-0.7923,9.5689,-0.0822,0.1768,6.209,0.0191,2.0649,0.5121,-0.0272,-0.0269,0.8581,6.3589,7.8602,0.0571
open_plane_source_step_combined_5_20260913,3643,366,7953738516282,361,361,True,7953741162839,367,9.13,9131,29780,0.4,-0.1,False,0.4,-0.1,365,0.4,-0.0524,-0.1212,0.0854,-1.0945,927.0055,926.495,-0.0524,0.4,-0.1177,-10.4853,-0.8231,9.5677,-0.0832,0.1764,6.2053,0.0191,2.0374,0.5237,-0.0286,-0.0281,0.8509,6.2463,8.0713,0.057
open_plane_source_step_combined_5_20260913,3653,367,7953763361568,362,362,True,7953766529446,368,9.155001,9156,29875,0.4,-0.1,False,0.4,-0.1,366,0.4,-0.0524,-0.1075,0.0891,-1.095,931.2663,930.7656,-0.0524,0.4,-0.1101,-10.4975,-0.8492,9.5666,-0.0841,0.1762,6.2019,0.0191,2.0099,0.5353,-0.0299,-0.0292,0.8436,6.1395,8.2853,0.057
open_plane_source_step_combined_5_20260913,3662,368,7953788610253,363,363,True,7953790759806,369,9.18,9181,29971,0.4,-0.1,False,0.4,-0.1,367,0.4,-0.0524,-0.0955,0.0923,-1.0955,935.5237,935.0329,-0.0524,0.4,-0.1046,-10.5082,-0.8719,9.5656,-0.0849,0.1759,6.1989,0.0191,1.9825,0.5468,-0.0311,-0.03,0.8361,6.0387,8.5022,0.057
open_plane_source_step_combined_5_20260913,3671,369,7953813724776,364,364,True,7953815881843,370,9.205001,9206,30063,0.4,-0.1,False,0.4,-0.1,368,0.4,-0.0524,-0.0839,0.0954,-1.0958,939.7845,939.3002,-0.0524,0.4,-0.1083,-10.4767,-0.9349,9.5648,-0.0856,0.1756,6.1961,0.0191,1.955,0.5582,-0.0323,-0.0307,0.8285,5.9438,8.7217,0.057
open_plane_source_step_combined_5_20260913,3679,370,7953838191541,365,365,True,7953840794806,371,9.2300005,9231,30163,0.4,-0.1,False,0.4,-0.1,369,0.4,-0.0524,-0.0747,0.0982,-1.096,944.0421,943.5709,-0.0524,0.4,-0.0972,-10.5139,-0.9237,9.564,-0.0864,0.1753,6.1936,0.0191,1.9275,0.5695,-0.0334,-0.0313,0.8207,5.8551,8.9437,0.057
open_plane_source_step_combined_5_20260913,3689,371,7953863112118,366,366,True,7953865730944,372,9.255,9256,30258,0.4,-0.1,False,0.4,-0.1,370,0.4,-0.0524,-0.0653,0.1007,-1.0965,948.3029,947.8381,-0.0524,0.4,-0.0999,-10.4886,-0.9732,9.5633,-0.087,0.1751,6.1913,0.0191,1.8999,0.5807,-0.0345,-0.0318,0.8128,5.7725,9.1681,0.057
open_plane_source_step_combined_5_20260913,3698,372,7953888933721,367,367,True,7953890936728,373,9.280001,9281,30363,0.4,-0.1,False,0.4,-0.1,371,0.4,-0.0524,-0.0574,0.103,-1.0967,952.5604,952.1088,-0.0524,0.4,-0.0985,-10.4887,-0.9967,9.5626,-0.0875,0.1749,6.1893,0.0191,1.8724,0.5918,-0.0355,-0.0321,0.8047,5.6961,9.3946,0.057
open_plane_source_step_combined_5_20260913,3707,373,7953913418970,368,368,True,7953915937016,374,9.305,9306,30459,0.4,-0.1,False,0.4,-0.1,372,0.4,-0.0524,-0.0495,0.105,-1.0969,956.8212,956.3761,-0.0524,0.4,-0.1033,-10.4632,-1.0425,9.5621,-0.0879,0.1746,6.1874,0.0191,1.8449,0.6028,-0.0365,-0.0324,0.7964,5.626,9.6232,0.0569
open_plane_source_step_combined_5_20260913,3716,374,7953938205807,369,369,True,7953940944277,375,9.330001,9331,30553,0.4,-0.1,False,0.4,-0.1,373,0.4,-0.0524,-0.0437,0.1068,-1.0971,961.0787,960.6467,-0.0524,0.4,-0.0845,-10.5301,-0.9959,9.5616,-0.0885,0.1744,6.1857,0.0191,1.8173,0.6137,-0.0375,-0.0325,0.788,5.5622,9.8536,0.0569
open_plane_source_step_combined_5_20260913,3725,375,7953963425537,370,370,True,7953965828697,376,9.3550005,9356,30642,0.4,-0.1,False,0.4,-0.1,374,0.4,-0.0524,-0.0367,0.1086,-1.0974,965.3395,964.9141,-0.0524,0.4,-0.1024,-10.4506,-1.0917,9.5611,-0.0888,0.1741,6.1842,0.0191,1.7897,0.6245,-0.0384,-0.0326,0.7794,5.5048,10.0856,0.0569
open_plane_source_step_combined_5_20260913,3733,376,7953988201874,371,371,True,7953990896171,377,9.38,9381,30716,0.4,-0.1,False,0.4,-0.1,375,0.4,-0.0524,-0.0317,0.1101,-1.0976,969.5969,969.1846,-0.0524,0.4,-0.0871,-10.5102,-1.0476,9.5607,-0.0892,0.174,6.1828,0.0191,1.7622,0.6351,-0.0393,-0.0326,0.7707,5.4538,10.3191,0.0569
open_plane_source_step_combined_5_20260913,3743,377,7954013505723,372,372,True,7954015892862,378,9.405001,9406,30804,0.4,-0.1,False,0.4,-0.1,376,0.4,-0.0524,-0.0266,0.1116,-1.0978,973.8577,973.452,-0.0524,0.4,-0.0913,-10.489,-1.0851,9.5603,-0.0895,0.1738,6.1816,0.0191,1.7346,0.6457,-0.0401,-0.0326,0.7619,5.4093,10.554,0.0569
open_plane_source_step_combined_5_20260913,3751,378,7954038292700,373,373,True,7954040938055,379,9.43,9431,30897,0.4,-0.1,False,0.4,-0.1,377,0.4,-0.0524,-0.0225,0.1128,-1.0978,978.1152,977.7193,-0.0524,0.4,-0.0833,-10.5131,-1.0723,9.5599,-0.0898,0.1736,6.1804,0.0191,1.707,0.6561,-0.0409,-0.0324,0.7529,5.3712,10.7899,0.0569
open_plane_source_step_combined_5_20260913,3760,379,7954063384329,374,374,True,7954066023503,380,9.455001,9456,30987,0.4,-0.1,False,0.4,-0.1,378,0.4,-0.0524,-0.0186,0.114,-1.098,982.376,981.9899,-0.0524,0.4,-0.082,-10.5156,-1.0802,9.5596,-0.0901,0.1735,6.1794,0.0191,1.6794,0.6664,-0.0417,-0.0323,0.7437,5.3397,11.0268,0.0569
open_plane_source_step_combined_5_20260913,3770,380,7954088642081,375,375,True,7954090843001,381,9.4800005,9481,31072,0.4,-0.1,False,0.4,-0.1,379,0.4,-0.0524,-0.0147,0.115,-1.0981,986.6336,986.2572,-0.0524,0.4,-0.0772,-10.5338,-1.0771,9.5593,-0.0903,0.1733,6.1785,0.019,1.6518,0.6766,-0.0425,-0.032,0.7344,5.3148,11.2645,0.0569
open_plane_source_step_combined_5_20260913,3778,381,7954113427445,376,376,True,7954115771714,382,9.505,9506,31157,0.4,-0.1,False,0.4,-0.1,380,0.4,-0.0524,-0.0116,0.116,-1.098,990.8943,990.5278,-0.0524,0.4,-0.0839,-10.5037,-1.1119,9.5591,-0.0906,0.1731,6.1776,0.019,1.6242,0.6866,-0.0432,-0.0317,0.725,5.2964,11.5028,0.0569
open_plane_source_step_combined_5_20260913,3787,382,7954138846701,377,377,True,7954140741324,383,9.530001,9531,31256,0.4,-0.1,False,0.4,-0.1,381,0.4,-0.0524,-0.0087,0.1168,-1.0981,995.1519,994.7952,-0.0524,0.4,-0.0742,-10.5391,-1.0884,9.5588,-0.0908,0.173,6.1769,0.019,1.5965,0.6966,-0.0439,-0.0314,0.7155,5.2846,11.7414,0.0569
open_plane_source_step_combined_5_20260913,3797,383,7954164033319,378,378,True,7954165913986,384,9.555,9556,31359,0.4,-0.1,False,0.4,-0.1,382,0.4,-0.0524,-0.0052,0.1177,-1.0981,999.4127,999.0657,-0.0524,0.4,-0.092,-10.4612,-1.1706,9.5586,-0.0909,0.1728,6.1762,0.019,1.5689,0.7064,-0.0446,-0.0311,0.7058,5.2794,11.9804,0.0569
open_plane_source_step_combined_5_20260913,3805,384,7954189072851,379,379,True,7954192162211,385,9.581,9582,31461,0.4,-0.1,False,0.4,-0.1,383,0.4,-0.0524,-0.0028,0.1184,-1.0983,1003.84,1003.503,-0.0524,0.4,-0.0873,-10.4737,-1.1636,9.5584,-0.0911,0.1727,6.1755,0.019,1.5402,0.7164,-0.0452,-0.0306,0.6955,5.281,12.2289,0.0569
open_plane_source_step_combined_5_20260913,3815,385,7954213799755,380,380,True,7954215818912,386,9.6050005,9606,31547,0.4,-0.1,False,0.4,-0.1,384,0.4,-0.0524,-0.0011,0.119,-1.0984,1007.931,1007.604,-0.0524,0.4,-0.0809,-10.5034,-1.1418,9.5583,-0.0913,0.1726,6.175,0.019,1.5137,0.7256,-0.0458,-0.0302,0.686,5.2888,12.4581,0.0569
open_plane_source_step_combined_5_20260913,3823,386,7954238918716,381,381,True,7954241798572,387,9.63100052,9632,31651,0.4,-0.1,False,0.4,-0.1,385,0.4,-0.0524,0.0013,0.1197,-1.0985,1012.359,1012.041,-0.0524,0.4,-0.081,-10.4956,-1.1554,9.5581,-0.0914,0.1725,6.1744,0.019,1.485,0.7353,-0.0465,-0.0298,0.6755,5.3041,12.7062,0.0569
open_plane_source_step_combined_5_20260913,3832,387,7954264066120,382,382,True,7954266110195,388,9.654,9655,31737,0.4,-0.1,False,0.4,-0.1,386,0.4,-0.0524,0.0032,0.1202,-1.0985,1016.279,1015.968,-0.0524,0.4,-0.0864,-10.4769,-1.1788,9.5579,-0.0915,0.1724,6.174,0.019,1.4595,0.7438,-0.047,-0.0293,0.6661,5.3236,12.9251,0.0568
open_plane_source_step_combined_5_20260913,3842,388,7954288282183,383,383,True,7954290948999,389,9.68,9681,31830,0.4,-0.1,False,0.4,-0.1,387,0.4,-0.0524,0.0047,0.1207,-1.0985,1020.707,1020.409,-0.0524,0.4,-0.0807,-10.4945,-1.1664,9.5578,-0.0916,0.1723,6.1735,0.019,1.4308,0.7533,-0.0476,-0.0288,0.6553,5.3523,13.172,0.0568
open_plane_source_step_combined_5_20260913,3850,389,7954313259919,384,384,True,7954315686332,390,9.705001,9706,31925,0.4,-0.1,False,0.4,-0.1,388,0.4,-0.0524,0.0061,0.1211,-1.0985,1024.968,1024.676,-0.0524,0.4,-0.0843,-10.4816,-1.182,9.5577,-0.0917,0.1723,6.1732,0.019,1.4032,0.7623,-0.0481,-0.0283,0.6448,5.3866,13.4084,0.0568
open_plane_source_step_combined_5_20260913,3860,390,7954338876857,385,385,True,7954340866238,391,9.7300005,9731,32018,0.4,-0.1,False,0.4,-0.1,389,0.4,-0.0524,0.0072,0.1215,-1.0986,1029.225,1028.947,-0.0524,0.4,-0.0733,-10.5248,-1.1462,9.5576,-0.0918,0.1722,6.1728,0.019,1.3755,0.7711,-0.0486,-0.0277,0.6342,5.4274,13.6439,0.0568
open_plane_source_step_combined_5_20260913,3868,391,7954364134428,386,386,True,7954367050092,392,9.75600052,9757,32110,0.4,-0.1,False,0.4,-0.1,390,0.4,-0.0524,0.009,0.1219,-1.0986,1033.656,1033.384,-0.0524,0.4,-0.0768,-10.5075,-1.1664,9.5575,-0.0919,0.1721,6.1725,0.019,1.3468,0.7802,-0.0492,-0.0271,0.6231,5.4767,13.8874,0.0568
open_plane_source_step_combined_5_20260913,3877,392,7954388431053,387,387,True,7954390842318,393,9.780001,9781,32204,0.4,-0.1,False,0.4,-0.1,391,0.4,-0.0524,0.0098,0.1222,-1.0985,1037.743,1037.485,-0.0524,0.4,-0.0714,-10.5304,-1.1496,9.5574,-0.0919,0.172,6.1722,0.019,1.3202,0.7883,-0.0496,-0.0265,0.6127,5.5284,14.1109,0.0568
open_plane_source_step_combined_5_20260913,3887,393,7954413301757,388,388,True,7954415809604,394,9.805,9806,32296,0.4,-0.1,False,0.4,-0.1,392,0.4,-0.0524,0.0106,0.1226,-1.0986,1042.004,1041.752,-0.0524,0.4,-0.0724,-10.5266,-1.1549,9.5573,-0.092,0.172,6.1719,0.019,1.2926,0.7967,-0.0501,-0.0259,0.6017,5.5886,14.3421,0.0568
open_plane_source_step_combined_5_20260913,3896,394,7954438136153,389,389,True,7954441064891,395,9.830001,9831,32381,0.4,-0.1,False,0.4,-0.1,393,0.4,-0.0524,0.0119,0.1229,-1.0987,1046.262,1046.019,-0.0524,0.4,-0.0799,-10.4926,-1.1882,9.5572,-0.0921,0.1719,6.1717,0.019,1.265,0.805,-0.0505,-0.0253,0.5906,5.6551,14.5716,0.0568
open_plane_source_step_combined_5_20260913,3905,395,7954463364179,390,390,True,7954465859632,396,9.8550005,9856,32470,0.4,-0.1,False,0.4,-0.1,394,0.4,-0.0524,0.0127,0.1231,-1.0987,1050.522,1050.29,-0.0524,0.4,-0.0837,-10.473,-1.2077,9.5572,-0.0922,0.1719,6.1715,0.019,1.2373,0.813,-0.051,-0.0247,0.5794,5.7279,14.7992,0.0568
open_plane_source_step_combined_5_20260913,3914,396,7954488271102,391,391,True,7954490831397,397,9.88,9881,32563,0.4,-0.1,False,0.4,-0.1,395,0.4,-0.0524,0.0134,0.1234,-1.0988,1054.783,1054.557,-0.0524,0.4,-0.0833,-10.4784,-1.2061,9.5571,-0.0922,0.1718,6.1713,0.019,1.2097,0.821,-0.0514,-0.024,0.5681,5.8071,15.0246,0.0568
open_plane_source_step_combined_5_20260913,3923,397,7954513317015,392,392,True,7954515998659,398,9.905001,9906,32642,0.4,-0.1,False,0.4,-0.1,396,0.4,-0.0524,0.0141,0.1236,-1.0987,1059.041,1058.828,-0.0524,0.4,-0.0769,-10.5036,-1.1855,9.5571,-0.0922,0.1718,6.1711,0.0189,1.182,0.8287,-0.0518,-0.0234,0.5567,5.8924,15.2478,0.0568
open_plane_source_step_combined_5_20260913,3931,398,7954538422461,393,393,True,7954540975613,399,9.93,9931,32726,0.4,-0.1,False,0.4,-0.1,397,0.4,-0.0524,0.0144,0.1237,-1.0988,1063.302,1063.095,-0.0524,0.4,-0.0723,-10.5215,-1.1684,9.557,-0.0923,0.1717,6.1709,0.0189,1.1544,0.8364,-0.0522,-0.0227,0.5452,5.9838,15.4685,0.0568
open_plane_source_step_combined_5_20260913,3941,399,7954563348048,394,394,True,7954565815028,400,9.955001,9956,32795,0.4,-0.1,False,0.4,-0.1,398,0.4,-0.0524,0.0147,0.1238,-1.0989,1067.559,1067.366,-0.0524,0.4,-0.0637,-10.558,-1.1369,9.557,-0.0924,0.1717,6.1708,0.0189,1.1267,0.8438,-0.0525,-0.022,0.5336,6.0813,15.6866,0.0568
open_plane_source_step_combined_5_20260913,3950,400,7954588996275,395,395,True,7954591940532,401,9.981001,9982,32886,0.4,-0.1,False,0.4,-0.1,399,0.4,-0.0524,0.0162,0.1241,-1.0989,1071.99,1071.803,-0.0524,0.4,-0.0889,-10.4522,-1.238,9.5569,-0.0923,0.1716,6.1707,0.0189,1.098,0.8514,-0.0529,-0.0213,0.5214,6.1891,15.9105,0.0568
open_plane_source_step_combined_5_20260913,3959,401,7954614095218,396,396,True,7954617159561,402,10.0060005,10007,32974,0.4,-0.1,False,0.4,-0.1,400,0.4,-0.0524,0.0165,0.1242,-1.0989,1076.248,1076.074,-0.0524,0.4,-0.0799,-10.4863,-1.2083,9.5569,-0.0924,0.1716,6.1705,0.0189,1.0703,0.8585,-0.0532,-0.0206,0.5096,6.2988,16.1228,0.0568
open_plane_source_step_combined_5_20260913,3968,402,7954638338853,397,397,True,7954640790895,403,10.0300007,10031,33059,0.4,-0.1,False,0.4,-0.1,401,0.4,-0.0524,0.0168,0.1243,-1.0989,1080.338,1080.171,-0.0524,0.4,-0.0813,-10.4839,-1.2107,9.5569,-0.0924,0.1716,6.1704,0.0189,1.0438,0.8652,-0.0536,-0.0199,0.4982,6.4095,16.3236,0.0568
open_plane_source_step_combined_5_20260913,3977,403,7954664027105,398,398,True,7954667036144,404,10.0560007,10057,33147,0.4,-0.1,False,0.4,-0.1,402,0.4,-0.0524,0.017,0.1245,-1.0989,1084.766,1084.612,-0.0524,0.4,-0.0726,-10.5202,-1.1789,9.5568,-0.0924,0.1716,6.1703,0.0189,1.015,0.8723,-0.0539,-0.0192,0.4857,6.5355,16.5378,0.0568
open_plane_source_step_combined_5_20260913,3986,404,7954688388822,399,399,True,7954690841825,405,10.0800009,10081,33230,0.4,-0.1,False,0.4,-0.1,403,0.4,-0.0524,0.0177,0.1246,-1.099,1088.856,1088.709,-0.0524,0.4,-0.0813,-10.4802,-1.2163,9.5568,-0.0925,0.1715,6.1702,0.0189,0.9885,0.8786,-0.0542,-0.0185,0.474,6.6571,16.7323,0.0568
open_plane_source_step_combined_5_20260913,3995,405,7954713929095,400,400,True,7954717135355,406,10.1060009,10107,33317,0.4,-0.1,False,0.4,-0.1,404,0.4,-0.0524,0.0181,0.1247,-1.0989,1093.284,1093.15,-0.0524,0.4,-0.0823,-10.4768,-1.2209,9.5568,-0.0924,0.1715,6.1701,0.0189,0.9597,0.8854,-0.0545,-0.0177,0.4614,6.7947,16.9392,0.0568
open_plane_source_step_combined_5_20260913,4003,406,7954738518951,401,401,True,7954740859804,407,10.13,10131,33398,0.4,-0.1,False,0.4,-0.1,405,0.4,-0.0524,0.018,0.1248,-1.0989,1097.375,1097.247,-0.0524,0.4,-0.0805,-10.4846,-1.2133,9.5567,-0.0925,0.1715,6.1701,0.0189,0.9332,0.8914,-0.0547,-0.017,0.4496,6.927,17.1266,0.0568
open_plane_source_step_combined_5_20260913,4012,407,7954764046491,402,402,True,7954766903093,408,10.156,10157,33489,0.4,-0.1,False,0.4,-0.1,406,0.4,-0.0524,0.0187,0.1249,-1.0989,1101.802,1101.685,-0.0524,0.4,-0.0785,-10.4906,-1.2105,9.5567,-0.0925,0.1715,6.17,0.0189,0.9044,0.8978,-0.055,-0.0162,0.4367,7.0758,17.3255,0.0568
open_plane_source_step_combined_5_20260913,4022,408,7954788442592,403,403,True,7954790963974,409,10.18,10181,33581,0.4,-0.1,False,0.4,-0.1,407,0.4,-0.0524,0.0185,0.1249,-1.0988,1105.893,1105.785,-0.0524,0.4,-0.0714,-10.5223,-1.182,9.5567,-0.0925,0.1714,6.1699,0.0189,0.8778,0.9035,-0.0552,-0.0155,0.4247,7.2182,17.5053,0.0568
open_plane_source_step_combined_5_20260913,4031,409,7954813258113,404,404,True,7954816933194,410,10.2050009,10206,33675,0.4,-0.1,False,0.4,-0.1,408,0.4,-0.0524,0.0188,0.125,-1.0989,1110.151,1110.052,-0.0524,0.4,-0.0757,-10.5041,-1.1978,9.5567,-0.0925,0.1714,6.1699,0.0189,0.8502,0.9093,-0.0555,-0.0147,0.4122,7.3716,17.6885,0.0568
open_plane_source_step_combined_5_20260913,4039,410,7954838440373,405,405,True,7954840832522,411,10.2300005,10231,33767,0.4,-0.1,False,0.4,-0.1,409,0.4,-0.0524,0.0189,0.1251,-1.099,1114.411,1114.323,-0.0524,0.4,-0.0726,-10.5168,-1.1859,9.5567,-0.0926,0.1714,6.1698,0.0189,0.8225,0.9149,-0.0557,-0.014,0.3996,7.53,17.8674,0.0568
open_plane_source_step_combined_5_20260913,4049,411,7954863469756,406,406,True,7954865750305,412,10.255,10256,33848,0.4,-0.1,False,0.4,-0.1,410,0.4,-0.0524,0.0195,0.1251,-1.099,1118.669,1118.59,-0.0524,0.4,-0.082,-10.4794,-1.2238,9.5566,-0.0925,0.1714,6.1698,0.0189,0.7949,0.9203,-0.0559,-0.0132,0.3869,7.6932,18.0419,0.0568
open_plane_source_step_combined_5_20260913,4058,412,7954888524406,407,407,True,7954891040658,413,10.2800007,10281,33931,0.4,-0.1,False,0.4,-0.1,411,0.4,-0.0524,0.0192,0.1252,-1.099,1122.93,1122.858,-0.0524,0.4,-0.0706,-10.5246,-1.1812,9.5566,-0.0926,0.1714,6.1698,0.0189,0.7672,0.9256,-0.0561,-0.0125,0.3742,7.8612,18.2118,0.0568
open_plane_source_step_combined_5_20260913,4067,413,7954914218839,408,408,True,7954917114806,414,10.3060007,10307,34029,0.4,-0.1,False,0.4,-0.1,412,0.4,-0.0524,0.0191,0.1252,-1.099,1127.357,1127.298,-0.0524,0.4,-0.071,-10.5237,-1.1819,9.5566,-0.0926,0.1714,6.1697,0.0189,0.7385,0.9309,-0.0563,-0.0117,0.3608,8.0409,18.3834,0.0568
open_plane_source_step_combined_5_20260913,4076,414,7954938973014,409,409,True,7954941064307,415,10.3300009,10331,34119,0.4,-0.1,False,0.4,-0.1,413,0.4,-0.0524,0.0194,0.1252,-1.0989,1131.448,1131.396,-0.0524,0.4,-0.0753,-10.5034,-1.2004,9.5566,-0.0926,0.1714,6.1697,0.0189,0.7119,0.9356,-0.0565,-0.0109,0.3484,8.211,18.5372,0.0568
open_plane_source_step_combined_5_20260913,4084,415,7954963180591,410,410,True,7954965687746,416,10.3550005,10356,34202,0.4,-0.1,False,0.4,-0.1,414,0.4,-0.0524,0.0195,0.1252,-1.099,1135.705,1135.666,-0.0524,0.4,-0.0706,-10.5255,-1.1807,9.5566,-0.0926,0.1714,6.1697,0.0189,0.6843,0.9403,-0.0566,-0.0101,0.3354,8.3925,18.6926,0.0568
open_plane_source_step_combined_5_20260913,4094,416,7954988868683,411,411,True,7954990755441,417,10.38,10381,34298,0.4,-0.1,False,0.4,-0.1,415,0.4,-0.0524,0.0199,0.1253,-1.099,1139.966,1139.933,-0.0524,0.4,-0.0748,-10.5049,-1.2004,9.5566,-0.0926,0.1713,6.1696,0.0189,0.6566,0.9449,-0.0568,-0.0094,0.3224,8.5782,18.8429,0.0568
open_plane_source_step_combined_5_20260913,4103,417,7955013263532,412,412,True,7955015922723,418,10.4050007,10406,34392,0.4,-0.1,False,0.4,-0.1,416,0.4,-0.0524,0.0197,0.1254,-1.0989,1144.224,1144.204,-0.0524,0.4,-0.0696,-10.5267,-1.1802,9.5566,-0.0926,0.1713,6.1696,0.0189,0.6289,0.9492,-0.0569,-0.0086,0.3093,8.7681,18.9879,0.0568
open_plane_source_step_combined_5_20260913,4112,418,7955038851585,413,413,True,7955040902172,419,10.43,10431,34480,0.4,-0.1,False,0.4,-0.1,417,0.4,-0.0524,0.02,0.1254,-1.099,1148.484,1148.471,-0.0524,0.4,-0.0779,-10.493,-1.2107,9.5566,-0.0926,0.1713,6.1696,0.0189,0.6013,0.9534,-0.057,-0.0078,0.2962,8.9618,19.1277,0.0568
open_plane_source_step_combined_5_20260913,4121,419,7955064140856,414,414,True,7955067043295,420,10.456,10457,34568,0.4,-0.1,False,0.4,-0.1,418,0.4,-0.0524,0.0202,0.1254,-1.099,1152.912,1152.912,-0.0524,0.4,-0.0798,-10.4857,-1.2188,9.5566,-0.0926,0.1713,6.1696,0.0189,0.5725,0.9576,-0.0571,-0.007,0.2824,9.1674,19.2673,0.0568
open_plane_source_step_combined_5_20260913,4129,420,7955088356829,415,415,True,7955090969663,421,10.4800005,10481,34652,0.4,-0.1,False,0.4,-0.1,419,0.4,-0.0524,0.0202,0.1254,-1.099,1157.003,1157.009,-0.0524,0.4,-0.0749,-10.5055,-1.2005,9.5566,-0.0926,0.1713,6.1695,0.0189,0.546,0.9612,-0.0572,-0.0062,0.2697,9.3606,19.3909,0.0568
open_plane_source_step_combined_5_20260913,4139,421,7955113358610,416,416,True,7955115742093,422,10.505,10506,34729,0.4,-0.1,False,0.4,-0.1,420,0.4,-0.0524,0.0206,0.1255,-1.0991,1161.26,1161.277,-0.0524,0.4,-0.0966,-10.4181,-1.2804,9.5566,-0.0926,0.1713,6.1695,0.0189,0.5183,0.9649,-0.0573,-0.0054,0.2564,9.5653,19.5142,0.0568
open_plane_source_step_combined_5_20260913,4148,422,7955138884456,417,417,True,7955141179162,423,10.5280008,10529,34809,0.4,-0.1,False,0.4,-0.1,421,0.4,-0.0524,0.0201,0.1254,-1.099,1165.181,1165.207,-0.0524,0.4,-0.0704,-10.5229,-1.1851,9.5566,-0.0927,0.1713,6.1695,0.0189,0.4929,0.968,-0.0574,-0.0047,0.2441,9.7565,19.6225,0.0568
open_plane_source_step_combined_5_20260913,4157,423,7955163693925,418,418,True,7955165872994,424,10.555,10556,34895,0.4,-0.1,False,0.4,-0.1,422,0.4,-0.0524,0.02,0.1254,-1.099,1169.779,1169.815,-0.0524,0.4,-0.0714,-10.5195,-1.186,9.5566,-0.0927,0.1713,6.1695,0.0189,0.463,0.9716,-0.0575,-0.0038,0.2296,9.9844,19.7434,0.0568
open_plane_source_step_combined_5_20260913,4166,424,7955188392676,419,419,True,7955190849657,425,10.5800009,10581,34977,0.4,-0.1,False,0.4,-0.1,423,0.4,-0.0524,0.0205,0.1255,-1.099,1174.039,1174.085,-0.0524,0.4,-0.0771,-10.4969,-1.2107,9.5565,-0.0926,0.1713,6.1695,0.0189,0.4353,0.9747,-0.0575,-0.0031,0.2161,10.1986,19.8493,0.0568
open_plane_source_step_combined_5_20260913,4175,425,7955213349442,420,420,True,7955215766358,426,10.6050005,10606,35067,0.4,-0.1,False,0.4,-0.1,424,0.4,-0.0524,0.0202,0.1255,-1.099,1178.297,1178.352,-0.0524,0.4,-0.0717,-10.5186,-1.1885,9.5565,-0.0927,0.1713,6.1695,0.0189,0.4077,0.9776,-0.0576,-0.0023,0.2026,10.4157,19.9492,0.0568
open_plane_source_step_combined_5_20260913,4184,426,7955238641609,421,421,True,7955240974557,427,10.63,10631,35150,0.4,-0.1,False,0.4,-0.1,425,0.4,-0.0524,0.0205,0.1255,-1.099,1182.558,1182.623,-0.0524,0.4,-0.0732,-10.5094,-1.1988,9.5565,-0.0927,0.1713,6.1694,0.0189,0.38,0.9803,-0.0576,-0.0015,0.1891,10.6354,20.043,0.0568
open_plane_source_step_combined_5_20260913,4193,427,7955263893650,422,422,True,7955265876399,428,10.6550007,10656,35243,0.4,-0.1,False,0.4,-0.1,426,0.4,-0.0524,0.0204,0.1255,-1.099,1186.815,1186.891,-0.0524,0.4,-0.0737,-10.5116,-1.1966,9.5565,-0.0926,0.1713,6.1694,0.0189,0.3524,0.9828,-0.0576,-0.0007,0.1755,10.8576,20.1307,0.0568
open_plane_source_step_combined_5_20260913,4202,428,7955289094656,423,423,True,7955291835831,429,10.6810007,10682,35337,0.4,-0.1,False,0.4,-0.1,427,0.4,-0.0524,0.0204,0.1256,-1.099,1191.246,1191.331,-0.0524,0.4,-0.0691,-10.5249,-1.1838,9.5565,-0.0927,0.1713,6.1694,0.0189,0.3236,0.9852,-0.0576,0.0002,0.1614,11.0912,20.2154,0.0568
open_plane_source_step_combined_5_20260913,4210,429,7955313203237,424,424,True,7955315792556,430,10.7050009,10706,35420,0.4,-0.1,False,0.4,-0.1,428,0.4,-0.0524,0.0204,0.1255,-1.099,1195.333,1195.428,-0.0524,0.4,-0.0718,-10.5181,-1.1902,9.5565,-0.0927,0.1713,6.1694,0.0189,0.297,0.9873,-0.0576,0.0009,0.1483,11.3089,20.2876,0.0568
open_plane_source_step_combined_5_20260913,4219,430,7955338273436,425,425,True,7955341120450,431,10.7300005,10731,35502,0.4,-0.1,False,0.4,-0.1,429,0.4,-0.0524,0.0208,0.1256,-1.099,1199.594,1199.696,-0.0524,0.4,-0.0821,-10.4761,-1.2295,9.5565,-0.0926,0.1713,6.1694,0.0189,0.2694,0.9892,-0.0576,0.0017,0.1346,11.5376,20.3566,0.0568
open_plane_source_step_combined_5_20260913,4229,431,7955363670240,426,426,True,7955365835241,432,10.755,10756,35581,0.4,-0.1,False,0.4,-0.1,430,0.4,-0.0524,0.0202,0.1256,-1.099,1203.855,1203.966,-0.0524,0.4,-0.069,-10.5265,-1.1821,9.5565,-0.0927,0.1713,6.1694,0.0189,0.2417,0.991,-0.0576,0.0025,0.1209,11.7682,20.4193,0.0568
open_plane_source_step_combined_5_20260913,4238,432,7955388407974,427,427,True,7955390874282,433,10.7800007,10781,35671,0.4,-0.1,False,0.4,-0.1,431,0.4,-0.0524,0.0204,0.1256,-1.0989,1208.113,1208.234,-0.0524,0.4,-0.0751,-10.5033,-1.203,9.5565,-0.0927,0.1713,6.1694,0.0189,0.2141,0.9926,-0.0575,0.0033,0.1072,12.0004,20.4755,0.0568
open_plane_source_step_combined_5_20260913,4245,433,7955413231630,428,428,True,7955416014022,434,10.805,10806,35761,0.4,-0.1,False,0.4,-0.1,432,0.4,-0.0524,0.0205,0.1256,-1.099,1212.373,1212.504,-0.0524,0.4,-0.0724,-10.5143,-1.1934,9.5565,-0.0927,0.1713,6.1694,0.0189,0.1864,0.994,-0.0575,0.0041,0.0934,12.2341,20.5254,0.0568
open_plane_source_step_combined_5_20260913,4256,434,7955438328790,429,429,True,7955441117514,435,10.8300009,10831,35839,0.4,-0.1,False,0.4,-0.1,433,0.4,-0.0524,0.0208,0.1256,-1.099,1216.631,1216.772,-0.0524,0.4,-0.074,-10.5105,-1.1982,9.5565,-0.0927,0.1713,6.1694,0.0189,0.1587,0.9952,-0.0574,0.0049,0.0797,12.469,20.5687,0.0568
open_plane_source_step_combined_5_20260913,4265,435,7955463274114,430,430,True,7955465903038,436,10.8550005,10856,35933,0.4,-0.1,False,0.4,-0.1,434,0.4,-0.0524,0.0201,0.1256,-1.099,1220.892,1221.042,-0.0524,0.4,-0.0621,-10.5565,-1.1547,9.5565,-0.0927,0.1713,6.1694,0.0189,0.1311,0.9962,-0.0574,0.0057,0.0659,12.7051,20.6055,0.0568
open_plane_source_step_combined_5_20260913,4273,436,7955489081209,431,431,True,7955492023774,437,10.8810005,10882,36032,0.4,-0.1,False,0.4,-0.1,435,0.4,-0.0524,0.021,0.1255,-1.099,1225.319,1225.48,-0.0524,0.4,-0.0847,-10.4689,-1.237,9.5565,-0.0926,0.1712,6.1694,0.0189,0.1023,0.997,-0.0573,0.0065,0.0516,12.9516,20.6369,0.0568
open_plane_source_step_combined_5_20260913,4283,437,7955513308674,432,432,True,7955515802334,438,10.9050007,10906,36125,0.4,-0.1,False,0.4,-0.1,436,0.4,-0.0524,0.0208,0.1256,-1.0989,1229.41,1229.58,-0.0524,0.4,-0.0807,-10.484,-1.2219,9.5565,-0.0926,0.1712,6.1694,0.0189,0.0758,0.9976,-0.0572,0.0073,0.0384,13.1798,20.6595,0.0568
open_plane_source_step_combined_5_20260913,4292,438,7955539017414,433,433,True,7955543103018,439,10.9310007,10932,36222,0.4,-0.1,False,0.4,-0.1,437,0.4,-0.0524,0.0208,0.1256,-1.099,1233.838,1234.018,-0.0524,0.4,-0.0777,-10.4961,-1.2116,9.5565,-0.0927,0.1712,6.1694,0.0189,0.047,0.998,-0.0571,0.0081,0.024,13.4276,20.6772,0.0568
open_plane_source_step_combined_5_20260913,4300,439,7955563887096,434,434,True,7955565949726,440,10.9550009,10956,36301,0.4,-0.1,False,0.4,-0.1,438,0.4,-0.0524,0.0208,0.1257,-1.099,1237.928,1238.115,-0.0524,0.4,-0.081,-10.4822,-1.2229,9.5565,-0.0927,0.1712,6.1694,0.0189,0.0205,0.9983,-0.057,0.0089,0.0107,13.6568,20.6872,0.0568
open_plane_source_step_combined_5_20260913,4310,440,7955588434192,435,435,True,7955590777269,441,10.9800005,10981,36391,0.4,-0.1,False,0.4,-0.1,439,0.4,-0.0524,0.0209,0.1257,-1.0989,1242.186,1242.385,-0.0524,0.4,-0.0882,-10.4542,-1.2488,9.5565,-0.0926,0.1712,6.1694,0.0189,6.276,0.9983,-0.0568,0.0096,-0.0031,13.8957,20.6911,0.0568
open_plane_source_step_combined_5_20260913,4319,441,7955613281552,436,436,True,7955615976621,442,11.005,11006,36480,0.4,-0.1,False,0.4,-0.1,440,0.4,-0.0524,0.0207,0.1256,-1.099,1246.447,1246.653,-0.0524,0.4,-0.0699,-10.5253,-1.1847,9.5565,-0.0927,0.1713,6.1694,0.0189,6.2483,0.9982,-0.0567,0.0104,-0.0169,14.1346,20.6884,0.0568
open_plane_source_step_combined_5_20260913,4327,442,7955638630716,437,437,True,7955640985806,443,11.0300007,11031,36569,0.4,-0.1,False,0.4,-0.1,441,0.4,-0.0524,0.0203,0.1256,-1.099,1250.704,1250.923,-0.0524,0.4,-0.0638,-10.5467,-1.1629,9.5565,-0.0927,0.1713,6.1694,0.0189,6.2207,0.9979,-0.0566,0.0112,-0.0307,14.3733,20.6791,0.0568
open_plane_source_step_combined_5_20260913,4336,443,7955663272420,438,438,True,7955665962158,444,11.055,11056,36662,0.4,-0.1,False,0.4,-0.1,442,0.4,-0.0524,0.0206,0.1256,-1.099,1254.965,1255.191,-0.0524,0.4,-0.0716,-10.5169,-1.1915,9.5565,-0.0927,0.1713,6.1694,0.0189,6.193,0.9973,-0.0564,0.012,-0.0445,14.6117,20.6633,0.0568
open_plane_source_step_combined_5_20260913,4346,444,7955688481641,439,439,True,7955690891172,445,11.0800009,11081,36754,0.4,-0.1,False,0.4,-0.1,443,0.4,-0.0524,0.0205,0.1256,-1.099,1259.222,1259.461,-0.0524,0.4,-0.0686,-10.5287,-1.1804,9.5565,-0.0927,0.1712,6.1694,0.0189,6.1653,0.9966,-0.0562,0.0128,-0.0582,14.8496,20.6408,0.0568
open_plane_source_step_combined_5_20260913,4354,445,7955713168178,440,440,True,7955715726450,446,11.1050005,11106,36842,0.4,-0.1,False,0.4,-0.1,444,0.4,-0.0524,0.0207,0.1256,-1.099,1263.483,1263.729,-0.0524,0.4,-0.0764,-10.499,-1.2066,9.5565,-0.0927,0.1713,6.1694,0.0189,6.1377,0.9957,-0.056,0.0135,-0.072,15.0867,20.6118,0.0568
open_plane_source_step_combined_5_20260913,4363,446,7955738854647,441,441,True,7955740827577,447,11.13,11131,36914,0.4,-0.1,False,0.4,-0.1,445,0.4,-0.0524,0.0209,0.1257,-1.099,1267.741,1267.999,-0.0524,0.4,-0.0786,-10.4873,-1.2192,9.5565,-0.0927,0.1713,6.1694,0.0189,6.11,0.9946,-0.0559,0.0143,-0.0858,15.3229,20.5762,0.0568
open_plane_source_step_combined_5_20260913,4373,447,7955764068386,442,442,True,7955766949635,448,11.156,11157,37002,0.4,-0.1,False,0.4,-0.1,446,0.4,-0.0524,0.0209,0.1256,-1.099,1272.172,1272.437,-0.0524,0.4,-0.0766,-10.4972,-1.2109,9.5565,-0.0927,0.1713,6.1694,0.0189,6.0813,0.9933,-0.0556,0.0151,-0.1001,15.5675,20.5323,0.0568
open_plane_source_step_combined_5_20260913,4382,448,7955789132023,443,443,True,7955791814929,449,11.1810007,11182,37087,0.1,-0.1,False,0.1,-0.1,447,0.4,-0.0524,0.0208,0.1256,-1.099,1276.429,1276.707,-0.0524,0.4,-0.0774,-10.4936,-1.2136,9.5565,-0.0927,0.1712,6.1694,0.0189,6.0536,0.9918,-0.0554,0.0159,-0.1138,15.8014,20.4835,0.0568
open_plane_source_step_combined_5_20260913,4391,449,7955813996035,444,444,True,7955816315587,450,11.2050009,11206,37175,0.1,-0.1,False,0.1,-0.1,448,0.1,-0.0524,0.0857,0.2736,-0.9759,1277.715,1277.967,-0.0524,0.1,-7.6433,-9.2826,-1.1794,9.3893,-0.0887,0.1952,6.1705,0.0215,6.0289,0.9904,-0.0545,0.0178,-0.126,16.0227,20.431,0.0572
open_plane_source_step_combined_5_20260913,4400,450,7955838536157,445,445,True,7955840882600,451,11.2300005,11231,37270,0.1,-0.1,False,0.1,-0.1,449,0.1,-0.0524,0.0848,0.2669,-1.0007,1278.821,1279.044,-0.0524,0.1,-7.5289,-9.3098,-1.2241,9.2004,-0.0909,0.2284,6.1721,0.0256,6.0036,0.9887,-0.0532,0.0204,-0.1384,16.2473,20.3719,0.0579
open_plane_source_step_combined_5_20260913,4408,451,7955863156751,446,446,True,7955865887777,452,11.255,11256,37366,0.1,-0.1,False,0.1,-0.1,450,0.1,-0.0524,0.0804,0.2496,-1.0273,1279.924,1280.124,-0.0524,0.1,-7.4069,-9.3326,-1.2735,9.0145,-0.0923,0.256,6.1734,0.0292,5.9776,0.9869,-0.052,0.0227,-0.1511,16.4659,20.3085,0.0585
open_plane_source_step_combined_5_20260913,4417,452,7955889045991,447,447,True,7955891932880,453,11.281,11282,37464,0.1,-0.1,False,0.1,-0.1,451,0.1,-0.0524,0.0765,0.2332,-1.0475,1281.076,1281.246,-0.0524,0.1,-7.3316,-9.3826,-1.2665,8.8236,-0.0944,0.2792,6.1746,0.0325,5.9501,0.9847,-0.0508,0.025,-0.1646,16.6868,20.2381,0.0591
open_plane_source_step_combined_5_20260913,4427,453,7955913234061,448,448,True,7955916092988,454,11.305,11306,37549,0.1,-0.1,False,0.1,-0.1,452,0.1,-0.0524,0.0752,0.2201,-1.0626,1282.136,1282.28,-0.0524,0.1,-7.2614,-9.362,-1.3039,8.6492,-0.0977,0.2962,6.1755,0.0351,5.9243,0.9825,-0.0498,0.0269,-0.1773,16.8848,20.1693,0.0595
open_plane_source_step_combined_5_20260913,4435,454,7955938446949,449,449,True,7955940947091,455,11.3300009,11331,37643,0.1,-0.1,False,0.1,-0.1,453,0.1,-0.0524,0.0746,0.2087,-1.078,1283.239,1283.36,-0.0524,0.1,-7.2095,-9.3274,-1.3345,8.4689,-0.1025,0.3102,6.1764,0.0376,5.8971,0.98,-0.0488,0.0286,-0.1905,17.085,20.0937,0.0599
open_plane_source_step_combined_5_20260913,4444,455,7955963362858,450,450,True,7955966070030,456,11.3550005,11356,37737,0.1,-0.1,False,0.1,-0.1,454,0.1,-0.0524,0.0748,0.1992,-1.0956,1284.345,1284.437,-0.0524,0.1,-7.199,-9.3478,-1.2957,8.2896,-0.1084,0.3209,6.1772,0.0398,5.8695,0.9773,-0.0477,0.0303,-0.204,17.2789,20.0144,0.0603
open_plane_source_step_combined_5_20260913,4454,456,7955988294016,451,451,True,7955990782576,457,11.38,11381,37826,0.1,-0.1,False,0.1,-0.1,455,0.1,-0.0524,0.0755,0.1914,-1.1163,1285.451,1285.517,-0.0524,0.1,-7.1686,-9.3208,-1.3026,8.1112,-0.1145,0.3289,6.178,0.0417,5.8415,0.9744,-0.0467,0.0318,-0.2176,17.4664,19.9315,0.0606
open_plane_source_step_combined_5_20260913,4462,457,7956014135085,452,452,True,7956016910254,458,11.406,11407,37911,0.1,-0.1,False,0.1,-0.1,456,0.1,-0.0524,0.0765,0.1848,-1.1408,1286.6,1286.639,-0.0524,0.1,-7.1461,-9.3243,-1.2811,7.9268,-0.1207,0.3347,6.1787,0.0435,5.8118,0.9711,-0.0457,0.0333,-0.232,17.6547,19.8418,0.0609
open_plane_source_step_combined_5_20260913,4472,458,7956038264605,453,453,True,7956040882759,459,11.43,11431,38006,0.1,-0.1,False,0.1,-0.1,457,0.1,-0.0524,0.0778,0.1799,-1.1632,1287.664,1287.673,-0.0524,0.1,-7.1556,-9.2793,-1.271,7.7575,-0.1262,0.3382,6.1793,0.0449,5.7838,0.9677,-0.0448,0.0346,-0.2456,17.8222,19.7558,0.0611
open_plane_source_step_combined_5_20260913,4481,459,7956064123649,454,454,True,7956066882146,460,11.456,11457,38106,0.1,-0.1,False,0.1,-0.1,458,0.1,-0.0524,0.0868,0.1764,-1.1702,1288.816,1288.796,-0.0524,0.1,-7.2944,-9.0386,-1.2861,7.5721,-0.1305,0.3405,6.18,0.0464,5.753,0.9638,-0.0437,0.0359,-0.2604,17.9969,19.6597,0.0614
open_plane_source_step_combined_5_20260913,4490,460,7956088227420,455,455,True,7956090975378,461,11.4800005,11481,38187,0.1,-0.1,False,0.1,-0.1,459,0.1,-0.0524,0.0983,0.1735,-1.1569,1289.876,1289.83,-0.0524,0.1,-7.5169,-8.7423,-1.2552,7.3964,-0.1341,0.3419,6.1809,0.0477,5.7248,0.9601,-0.0426,0.037,-0.274,18.1516,19.5683,0.0616
open_plane_source_step_combined_5_20260913,4498,461,7956113285156,456,456,True,7956115829141,462,11.505,11506,38275,0.1,-0.1,False,0.1,-0.1,460,0.1,-0.0524,0.1189,0.1662,-1.1321,1290.985,1290.91,-0.0524,0.1,-7.5342,-8.2323,-1.2219,7.2099,-0.1361,0.3426,6.1822,0.0491,5.6959,0.956,-0.0412,0.038,-0.2878,18.3061,19.471,0.0618
open_plane_source_step_combined_5_20260913,4508,462,7956139107400,457,457,True,7956142109165,463,11.531,11532,38367,0.1,-0.1,False,0.1,-0.1,461,0.1,-0.0524,0.1348,0.1545,-1.102,1292.134,1292.032,-0.0524,0.1,-7.4651,-7.756,-1.1808,7.017,-0.1365,0.3422,6.1841,0.0503,5.6665,0.9517,-0.0396,0.039,-0.3018,18.4597,19.3677,0.062
open_plane_source_step_combined_5_20260913,4517,463,7956163612667,458,458,True,7956165886874,464,11.555,11556,38452,0.1,-0.1,False,0.1,-0.1,462,0.1,-0.0524,0.1464,0.1437,-1.074,1293.194,1293.07,-0.0524,0.1,-7.3964,-7.3445,-1.1511,6.8404,-0.1362,0.3403,6.1861,0.0513,5.6402,0.9477,-0.0379,0.0396,-0.3143,18.5951,19.271,0.0622
open_plane_source_step_combined_5_20260913,4525,464,7956188262866,459,459,True,7956190962093,465,11.5800009,11581,38541,0.1,-0.1,False,0.1,-0.1,463,0.1,-0.0524,0.1553,0.1331,-1.0451,1294.3,1294.153,-0.0524,0.1,-7.3869,-7.022,-1.0056,6.6579,-0.1357,0.3374,6.1885,0.0522,5.6134,0.9435,-0.0361,0.0402,-0.327,18.7297,19.1692,0.0623
open_plane_source_step_combined_5_20260913,4535,465,7956213309772,460,460,True,7956215946351,466,11.6050005,11606,38631,0.1,-0.1,False,0.1,-0.1,464,0.1,-0.0524,0.163,0.123,-1.0164,1295.403,1295.236,-0.0524,0.1,-7.2932,-6.5802,-1.0196,6.4769,-0.1347,0.3333,6.1911,0.053,5.5875,0.9392,-0.0342,0.0406,-0.3393,18.8581,19.0667,0.0625
open_plane_source_step_combined_5_20260913,4543,466,7956238380292,461,461,True,7956240985712,467,11.63,11631,38719,0.1,-0.1,False,0.1,-0.1,465,0.1,-0.0524,0.1684,0.1135,-0.9881,1296.506,1296.319,-0.0524,0.1,-7.2443,-6.2271,-0.9545,6.2973,-0.1334,0.3284,6.1939,0.0536,5.5622,0.9349,-0.0323,0.0408,-0.3511,18.9803,18.9637,0.0626
open_plane_source_step_combined_5_20260913,4553,467,7956263393755,462,462,True,7956266947177,468,11.6550007,11656,38807,0.1,-0.1,False,0.1,-0.1,466,0.1,-0.0524,0.172,0.1045,-0.9601,1297.609,1297.402,-0.0524,0.1,-7.1985,-5.8793,-0.8836,6.1192,-0.1319,0.3228,6.1969,0.0542,5.5377,0.9305,-0.0303,0.0409,-0.3626,19.0965,18.8607,0.0627
open_plane_source_step_combined_5_20260913,4562,468,7956288339350,463,463,True,7956290781252,469,11.68,11681,38884,0.1,-0.1,False,0.1,-0.1,467,0.1,-0.0524,0.1746,0.096,-0.9323,1298.712,1298.486,-0.0524,0.1,-7.1326,-5.526,-0.8572,5.9424,-0.1301,0.3165,6.1999,0.0547,5.5139,0.9262,-0.0283,0.0409,-0.3737,19.2069,18.7578,0.0628
open_plane_source_step_combined_5_20260913,4571,469,7956313673736,464,464,True,7956315824240,470,11.7050009,11706,38955,0.1,-0.1,False,0.1,-0.1,468,0.1,-0.0524,0.1756,0.0881,-0.9048,1299.814,1299.569,-0.0524,0.1,-7.0837,-5.202,-0.8002,5.7669,-0.1282,0.3098,6.203,0.0551,5.4908,0.9219,-0.0263,0.0409,-0.3844,19.3116,18.6554,0.0629
open_plane_source_step_combined_5_20260913,4580,470,7956338125292,465,465,True,7956340996271,471,11.7300005,11731,39048,0.1,-0.1,False,0.1,-0.1,469,0.1,-0.0524,0.176,0.0806,-0.8775,1300.914,1300.655,-0.0524,0.1,-7.001,-4.8485,-0.8118,5.5928,-0.126,0.3025,6.2062,0.0555,5.4684,0.9175,-0.0243,0.0407,-0.3948,19.4109,18.5538,0.063
open_plane_source_step_combined_5_20260913,4589,471,7956363442065,466,466,True,7956365826930,472,11.755,11756,39126,0.1,-0.1,False,0.1,-0.1,470,0.1,-0.0524,0.1752,0.0736,-0.8504,1302.013,1301.742,-0.0524,0.1,-6.9445,-4.5448,-0.7771,5.42,-0.1236,0.2949,6.2094,0.0558,5.4467,0.9132,-0.0224,0.0404,-0.4048,19.5049,18.4531,0.063
open_plane_source_step_combined_5_20260913,4597,472,7956389121079,467,467,True,7956391097286,473,11.7800007,11781,39216,0.1,-0.1,False,0.1,-0.1,471,0.1,-0.0524,0.1734,0.0672,-0.8235,1303.116,1302.828,-0.0524,0.1,-6.9141,-4.2724,-0.696,5.2485,-0.1212,0.2871,6.2126,0.056,5.4257,0.909,-0.0205,0.0401,-0.4144,19.5939,18.3536,0.0631
open_plane_source_step_combined_5_20260913,4607,473,7956413481864,468,468,True,7956416035156,474,11.805,11806,39305,0.1,-0.1,False,0.1,-0.1,472,0.1,-0.0524,0.1712,0.0612,-0.7968,1304.216,1303.915,-0.0524,0.1,-6.8535,-3.9801,-0.6765,5.0782,-0.1185,0.279,6.2157,0.0562,5.4054,0.9047,-0.0186,0.0398,-0.4237,19.6779,18.2555,0.0631
open_plane_source_step_combined_5_20260913,4616,474,7956438412311,469,469,True,7956440956365,475,11.8300009,11831,39397,0.1,-0.1,False,0.1,-0.1,473,0.1,-0.0524,0.1663,0.0555,-0.7704,1305.315,1305.001,-0.0524,0.1,-6.8227,-3.7467,-0.6076,4.9092,-0.1154,0.2706,6.2188,0.0564,5.3857,0.9006,-0.0168,0.0393,-0.4326,19.7572,18.159,0.0631
open_plane_source_step_combined_5_20260913,4625,475,7956463838319,470,470,True,7956465820187,476,11.8550005,11856,39489,0.1,-0.1,False,0.1,-0.1,474,0.1,-0.0524,0.1651,0.0505,-0.7441,1306.412,1306.088,-0.0524,0.1,-6.7644,-3.4644,-0.5883,4.7413,-0.1127,0.2622,6.2219,0.0565,5.3667,0.8964,-0.015,0.0389,-0.4412,19.832,18.0642,0.0632
open_plane_source_step_combined_5_20260913,4634,476,7956488119405,471,471,True,7956490812660,477,11.88,11881,39581,0.1,-0.1,False,0.1,-0.1,475,0.1,-0.0524,0.1616,0.0456,-0.718,1307.511,1307.177,-0.0524,0.1,-6.7041,-3.2081,-0.5773,4.5747,-0.1098,0.2537,6.2249,0.0566,5.3484,0.8924,-0.0133,0.0384,-0.4495,19.9025,17.9714,0.0632
open_plane_source_step_combined_5_20260913,4642,477,7956513362329,472,472,True,7956515911463,478,11.9050007,11906,39669,0.1,-0.1,False,0.1,-0.1,476,0.1,-0.0524,0.1577,0.0411,-0.692,1308.608,1308.264,-0.0524,0.1,-6.6526,-2.9695,-0.5539,4.4092,-0.1068,0.2451,6.2279,0.0567,5.3307,0.8884,-0.0116,0.0378,-0.4574,19.9687,17.8806,0.0632
open_plane_source_step_combined_5_20260913,4651,478,7956539084264,473,473,True,7956542051485,479,11.9310007,11932,39761,0.1,-0.1,False,0.1,-0.1,477,0.1,-0.0524,0.1533,0.0369,-0.6652,1309.75,1309.396,-0.0524,0.1,-6.6042,-2.7341,-0.5212,4.2384,-0.1035,0.2361,6.2309,0.0567,5.313,0.8843,-0.0099,0.0373,-0.4653,20.0334,17.7886,0.0632
open_plane_source_step_combined_5_20260913,4660,479,7956563451501,474,474,True,7956565853178,480,11.9550009,11956,39846,0.1,-0.1,False,0.1,-0.1,478,0.1,-0.0524,0.149,0.0332,-0.6407,1310.803,1310.44,-0.0524,0.1,-6.56,-2.5245,-0.493,4.0819,-0.1005,0.2277,6.2337,0.0568,5.2973,0.8807,-0.0084,0.0367,-0.4723,20.0895,17.7059,0.0633
open_plane_source_step_combined_5_20260913,4669,480,7956588188875,475,475,True,7956591274438,481,11.9780006,11979,39929,0.1,-0.1,False,0.1,-0.1,479,0.1,-0.0524,0.1449,0.03,-0.6173,1311.811,1311.442,-0.0524,0.1,-6.5083,-2.3307,-0.4881,3.9329,-0.0975,0.2197,6.2362,0.0568,5.2828,0.8772,-0.007,0.0362,-0.4787,20.1401,17.6288,0.0633
open_plane_source_step_combined_5_20260913,4679,481,7956613724830,476,476,True,7956616061224,482,12.005,12006,40006,0.1,-0.1,False,0.1,-0.1,480,0.1,-0.0524,0.1399,0.0265,-0.5901,1312.996,1312.616,-0.0524,0.1,-6.451,-2.1152,-0.4782,3.7592,-0.0939,0.2102,6.2392,0.0568,5.2665,0.8733,-0.0054,0.0355,-0.4859,20.1957,17.541,0.0633
open_plane_source_step_combined_5_20260913,4687,482,7956638402191,477,477,True,7956641035884,483,12.0300007,12031,40089,0.1,-0.1,False,0.1,-0.1,481,0.1,-0.0524,0.1351,0.0235,-0.565,1314.092,1313.709,-0.0524,0.1,-6.4034,-1.9264,-0.46,3.5996,-0.0906,0.2015,6.2418,0.0568,5.252,0.8698,-0.004,0.0349,-0.4922,20.2437,17.4625,0.0633
open_plane_source_step_combined_5_20260913,4697,483,7956663475817,478,478,True,7956665818482,484,12.055,12056,40183,0.1,-0.1,False,0.1,-0.1,482,0.1,-0.0524,0.1306,0.0223,-0.5415,1315.185,1314.799,-0.0524,0.1,-6.5155,-1.7467,-0.4379,3.4402,-0.0871,0.1927,6.2443,0.0568,5.2382,0.8663,-0.0027,0.0343,-0.4983,20.2885,17.3867,0.0633
open_plane_source_step_combined_5_20260913,4705,484,7956689117701,479,479,True,7956691812529,485,12.081,12082,40279,0.1,-0.1,False,0.1,-0.1,483,0.1,-0.0524,0.1275,0.041,-0.5178,1316.327,1315.938,-0.0524,0.1,-7.9799,-1.5378,-0.4829,3.2567,-0.0829,0.1834,6.2469,0.0571,5.2243,0.8629,-0.0013,0.0338,-0.5043,20.3319,17.3111,0.0633
open_plane_source_step_combined_5_20260913,4715,485,7956713954121,480,480,True,7956715951367,486,12.1050005,12106,40373,0.1,-0.1,False,0.1,-0.1,484,0.1,-0.0524,0.1233,0.069,-0.4741,1317.384,1316.992,-0.0524,0.1,-8.9512,-1.3033,-0.5503,3.0473,-0.0786,0.175,6.2492,0.0581,5.2124,0.8598,0.0002,0.0336,-0.5095,20.3687,17.2449,0.0635
open_plane_source_step_combined_5_20260913,4723,486,7956738299447,481,481,True,7956740969679,487,12.13,12131,40465,0.1,-0.1,False,0.1,-0.1,485,0.1,-0.0524,0.1187,0.035,-0.4374,1318.487,1318.085,-0.0524,0.1,-6.8148,-1.1246,-0.4518,2.8488,-0.0747,0.1666,6.2515,0.0591,5.201,0.8569,0.0017,0.0335,-0.5144,20.4036,17.1801,0.0637
open_plane_source_step_combined_5_20260913,4733,487,7956763399172,482,482,True,7956765949528,488,12.1550007,12156,40559,0.1,-0.1,False,0.1,-0.1,486,0.1,-0.0524,0.1117,-0.0197,-0.4161,1319.583,1319.171,-0.0524,0.1,-4.4664,-1.034,-0.2948,2.7109,-0.0715,0.1579,6.2538,0.0589,5.1903,0.8541,0.0028,0.0328,-0.519,20.4359,17.1186,0.0636
open_plane_source_step_combined_5_20260913,4742,488,7956788313258,483,483,True,7956790919098,489,12.18,12181,40649,0.1,-0.1,False,0.1,-0.1,487,0.1,-0.0524,0.1033,-0.0579,-0.4038,1320.673,1320.248,-0.0524,0.1,-2.8072,-0.9895,-0.2188,2.6232,-0.0691,0.1492,6.2559,0.0576,5.1801,0.8515,0.0035,0.0317,-0.5234,20.4662,17.0593,0.0634
open_plane_source_step_combined_5_20260913,4751,489,7956813418653,484,484,True,7956816322855,490,12.2050009,12206,40737,0.1,-0.1,False,0.1,-0.1,488,0.1,-0.0524,0.0947,-0.0772,-0.3966,1321.753,1321.321,-0.0524,0.1,-1.778,-0.9697,-0.1342,2.5683,-0.0672,0.1409,6.2578,0.0556,5.1701,0.8489,0.0039,0.0303,-0.5277,20.4952,17.0011,0.0631
open_plane_source_step_combined_5_20260913,4760,490,7956838634526,485,485,True,7956840801181,491,12.2300005,12231,40815,0.1,-0.1,False,0.1,-0.1,489,0.1,-0.0524,0.0864,-0.0843,-0.3921,1322.833,1322.388,-0.0524,0.1,-1.1333,-0.9572,-0.0784,2.5337,-0.0659,0.1332,6.2595,0.0533,5.1603,0.8463,0.0042,0.0289,-0.5319,20.5231,16.9437,0.0628
open_plane_source_step_combined_5_20260913,4769,491,7956863297390,486,486,True,7956865938196,492,12.255,12256,40907,0.1,-0.1,False,0.1,-0.1,490,0.1,-0.0524,0.0787,-0.0846,-0.3891,1323.906,1323.455,-0.0524,0.1,-0.7148,-0.9514,-0.057,2.5121,-0.0648,0.1262,6.2611,0.051,5.1506,0.8437,0.0043,0.0274,-0.5361,20.5501,16.8867,0.0624
open_plane_source_step_combined_5_20260913,4778,492,7956888324839,487,487,True,7956890959694,493,12.2800007,12281,40980,0.1,-0.1,False,0.1,-0.1,491,0.1,-0.0524,0.0716,-0.081,-0.3871,1324.98,1324.522,-0.0524,0.1,-0.449,-0.9481,-0.0466,2.4988,-0.064,0.1199,6.2625,0.0487,5.1409,0.8411,0.0044,0.0261,-0.5402,20.5764,16.8298,0.062
open_plane_source_step_combined_5_20260913,4787,493,7956913325076,488,488,True,7956916094084,494,12.305,12306,41072,0.1,-0.1,False,0.1,-0.1,492,0.1,-0.0524,0.0651,-0.0754,-0.3859,1326.053,1325.585,-0.0524,0.1,-0.2826,-0.9478,-0.0172,2.4908,-0.0634,0.1142,6.2637,0.0465,5.1313,0.8385,0.0045,0.0248,-0.5443,20.6021,16.7728,0.0617
open_plane_source_step_combined_5_20260913,4795,494,7956938379125,489,489,True,7956940887032,495,12.3300009,12331,41153,0.1,-0.1,False,0.1,-0.1,493,0.1,-0.0524,0.0593,-0.0688,-0.3852,1327.123,1326.649,-0.0524,0.1,-0.1772,-0.9453,-0.0229,2.486,-0.0629,0.1092,6.2648,0.0446,5.1217,0.8359,0.0045,0.0237,-0.5483,20.6271,16.7158,0.0613
open_plane_source_step_combined_5_20260913,4804,495,7956963204885,490,490,True,7956965999741,496,12.3550005,12356,41241,0.1,-0.1,False,0.1,-0.1,494,0.1,-0.0524,0.0541,-0.0621,-0.3847,1328.197,1327.709,-0.0524,0.1,-0.1122,-0.9436,-0.0313,2.4832,-0.0624,0.1047,6.2658,0.0428,5.1121,0.8333,0.0046,0.0226,-0.5524,20.6516,16.6586,0.061
open_plane_source_step_combined_5_20260913,4813,496,7956988800523,491,491,True,7956990800193,497,12.38,12381,41324,0.1,-0.1,False,0.1,-0.1,495,0.1,-0.0524,0.0494,-0.0554,-0.3845,1329.267,1328.769,-0.0524,0.1,-0.0717,-0.9438,-0.0189,2.4817,-0.0621,0.1007,6.2667,0.0411,5.1025,0.8306,0.0046,0.0217,-0.5564,20.6755,16.6013,0.0608
open_plane_source_step_combined_5_20260913,4822,497,7957013455281,492,492,True,7957016073976,498,12.4050007,12406,41407,0.1,-0.1,False,0.1,-0.1,496,0.1,-0.0524,0.0452,-0.0491,-0.3843,1330.337,1329.833,-0.0524,0.1,-0.0473,-0.946,-0.0214,2.481,-0.0617,0.0971,6.2675,0.0397,5.0929,0.828,0.0046,0.0208,-0.5604,20.6988,16.5437,0.0605
open_plane_source_step_combined_5_20260913,4831,498,7957038416195,493,493,True,7957040840344,499,12.43,12431,41491,0.1,-0.1,False,0.1,-0.1,497,0.1,-0.0524,0.0414,-0.0434,-0.3843,1331.41,1330.893,-0.0524,0.1,-0.0319,-0.9458,-0.017,2.4808,-0.0615,0.0939,6.2682,0.0384,5.0833,0.8253,0.0046,0.0201,-0.5644,20.7216,16.486,0.0603
open_plane_source_step_combined_5_20260913,4840,499,7957063239099,494,494,True,7957065876790,500,12.4550009,12456,41576,0.1,-0.1,False,0.1,-0.1,498,0.1,-0.0524,0.0381,-0.0381,-0.3843,1332.48,1331.957,-0.0524,0.1,-0.0229,-0.947,-0.0175,2.4808,-0.0612,0.0911,6.2688,0.0372,5.0737,0.8226,0.0047,0.0194,-0.5683,20.7438,16.428,0.0601
open_plane_source_step_combined_5_20260913,4849,500,7957089101067,495,495,True,7957092280537,501,12.4810009,12482,41672,0.1,-0.1,False,0.1,-0.1,499,0.1,-0.0524,0.035,-0.0332,-0.3843,1333.596,1333.06,-0.0524,0.1,-0.0178,-0.9479,-0.0146,2.4809,-0.061,0.0885,6.2694,0.0361,5.0637,0.8197,0.0047,0.0188,-0.5724,20.7663,16.3675,0.06
open_plane_source_step_combined_5_20260913,4858,501,7957113739415,496,496,True,7957116146161,502,12.5050011,12506,41752,0.1,-0.1,False,0.1,-0.1,500,0.1,-0.0524,0.0324,-0.0292,-0.3843,1334.624,1334.081,-0.0524,0.1,-0.0157,-0.9502,-0.0063,2.4811,-0.0608,0.0865,6.2699,0.0353,5.0545,0.8171,0.0047,0.0182,-0.5762,20.7866,16.3115,0.0598
open_plane_source_step_combined_5_20260913,4867,502,7957138570244,497,497,True,7957140841044,503,12.5300007,12531,41836,0.1,-0.1,False,0.1,-0.1,501,0.1,-0.0524,0.0301,-0.0254,-0.3844,1335.694,1335.141,-0.0524,0.1,-0.0146,-0.9494,-0.0221,2.4814,-0.0607,0.0845,6.2703,0.0345,5.0449,0.8143,0.0048,0.0178,-0.5802,20.8071,16.2529,0.0597
open_plane_source_step_combined_5_20260913,4877,503,7957164109826,498,498,True,7957167081485,504,12.5560007,12557,41934,0.1,-0.1,False,0.1,-0.1,502,0.1,-0.0524,0.0279,-0.0219,-0.3844,1336.81,1336.247,-0.0524,0.1,-0.0138,-0.9517,0.0033,2.4817,-0.0605,0.0828,6.2707,0.0337,5.0349,0.8114,0.0048,0.0173,-0.5842,20.8279,16.1918,0.0596
open_plane_source_step_combined_5_20260913,4885,504,7957188389238,499,499,True,7957190947700,505,12.5800009,12581,42003,0.1,-0.1,False,0.1,-0.1,503,0.1,-0.0524,0.0261,-0.019,-0.3844,1337.838,1337.265,-0.0524,0.1,-0.0141,-0.9499,-0.0176,2.482,-0.0604,0.0813,6.2711,0.0331,5.0257,0.8087,0.0048,0.017,-0.588,20.8465,16.1352,0.0595
open_plane_source_step_combined_5_20260913,4895,505,7957213359079,500,500,True,7957215958527,506,12.6050005,12606,42087,0.1,-0.1,False,0.1,-0.1,504,0.1,-0.0524,0.0244,-0.0163,-0.3845,1338.911,1338.328,-0.0524,0.1,-0.0152,-0.9503,-0.0308,2.4822,-0.0603,0.08,6.2714,0.0326,5.0161,0.8059,0.0049,0.0166,-0.5919,20.8654,16.076,0.0594
open_plane_source_step_combined_5_20260913,4904,506,7957238317378,501,501,True,7957240873154,507,12.6300011,12631,42183,0.1,-0.1,False,0.1,-0.1,505,0.1,-0.0524,0.0229,-0.014,-0.3845,1339.981,1339.389,-0.0524,0.1,-0.0149,-0.9528,-0.0083,2.4824,-0.0602,0.0788,6.2717,0.0321,5.0064,0.803,0.0049,0.0163,-0.5957,20.8837,16.0167,0.0593
open_plane_source_step_combined_5_20260913,4913,507,7957264126597,502,502,True,7957266762354,508,12.656,12657,42273,0.1,-0.1,False,0.1,-0.1,506,0.1,-0.0524,0.0215,-0.0119,-0.3846,1341.094,1340.495,-0.0524,0.1,-0.0157,-0.9518,0.0005,2.4826,-0.0601,0.0778,6.2719,0.0316,4.9964,0.8,0.005,0.016,-0.5997,20.9021,15.9548,0.0592
open_plane_source_step_combined_5_20260913,4922,508,7957289091097,503,503,True,7957291831772,509,12.6810007,12682,42362,0.1,-0.1,False,0.1,-0.1,507,0.1,-0.0524,0.0203,-0.01,-0.3846,1342.167,1341.555,-0.0524,0.1,-0.0164,-0.9503,-0.0187,2.4828,-0.06,0.0769,6.2721,0.0313,4.9868,0.7971,0.005,0.0158,-0.6036,20.9192,15.8951,0.0592
open_plane_source_step_combined_5_20260913,4931,509,7957313650196,504,504,True,7957315937046,510,12.7050009,12706,42448,0.1,-0.1,False,0.1,-0.1,508,0.1,-0.0524,0.0194,-0.0085,-0.3846,1343.195,1342.573,-0.0524,0.1,-0.0172,-0.9555,-0.0001,2.483,-0.0599,0.0761,6.2723,0.0309,4.9776,0.7943,0.0051,0.0156,-0.6073,20.9352,15.8376,0.0591
open_plane_source_step_combined_5_20260913,4939,510,7957338381147,505,505,True,7957340963103,511,12.7300005,12731,42535,0.1,-0.1,False,0.1,-0.1,509,0.1,-0.0524,0.0185,-0.0071,-0.3846,1344.268,1343.636,-0.0524,0.1,-0.0178,-0.9556,-0.0039,2.4831,-0.0598,0.0753,6.2725,0.0306,4.968,0.7914,0.0051,0.0154,-0.6111,20.9512,15.7776,0.0591
open_plane_source_step_combined_5_20260913,4949,511,7957363251781,506,506,True,7957367146666,512,12.7550011,12756,42626,0.1,-0.1,False,0.1,-0.1,510,0.1,-0.0524,0.0176,-0.0058,-0.3847,1345.338,1344.697,-0.0524,0.1,-0.0184,-0.9552,-0.0081,2.4833,-0.0598,0.0747,6.2727,0.0304,4.9584,0.7885,0.0052,0.0152,-0.6149,20.9666,15.7175,0.059
open_plane_source_step_combined_5_20260913,4957,512,7957388440944,507,507,True,7957390797316,513,12.7800007,12781,42715,0.1,-0.1,False,0.1,-0.1,511,0.1,-0.0524,0.0169,-0.0047,-0.3847,1346.408,1345.76,-0.0524,0.1,-0.0186,-0.9562,-0.0029,2.4834,-0.0597,0.0742,6.2728,0.0301,4.9487,0.7855,0.0053,0.0151,-0.6187,20.9815,15.6572,0.059
open_plane_source_step_combined_5_20260913,4966,513,7957414027154,508,508,True,7957415978143,514,12.805,12806,42802,0.1,-0.1,False,0.1,-0.1,512,0.1,-0.0524,0.0162,-0.0037,-0.3847,1347.482,1346.82,-0.0524,0.1,-0.0191,-0.9542,-0.0062,2.4835,-0.0597,0.0737,6.2729,0.0299,4.9391,0.7825,0.0053,0.0149,-0.6224,20.9957,15.5967,0.059
open_plane_source_step_combined_5_20260913,4976,514,7957438517903,509,509,True,7957441162567,515,12.8300009,12831,42890,0.1,-0.1,False,0.1,-0.1,513,0.1,-0.0524,0.0156,-0.0029,-0.3847,1348.552,1347.884,-0.0524,0.1,-0.0196,-0.953,-0.0171,2.4836,-0.0597,0.0733,6.273,0.0298,4.9295,0.7795,0.0054,0.0148,-0.6262,21.0094,15.5361,0.0589
open_plane_source_step_combined_5_20260913,4985,515,7957463276056,510,510,True,7957465697029,516,12.8550005,12856,42988,0.1,-0.1,False,0.1,-0.1,514,0.1,-0.0524,0.0151,-0.0021,-0.3847,1349.622,1348.944,-0.0524,0.1,-0.0199,-0.9553,-0.0159,2.4837,-0.0596,0.0729,6.2731,0.0296,4.9199,0.7765,0.0054,0.0147,-0.6299,21.0225,15.4754,0.0589
open_plane_source_step_combined_5_20260913,4993,516,7957488278718,511,511,True,7957490908224,517,12.8800011,12881,43062,0.1,-0.1,False,0.1,-0.1,515,0.1,-0.0524,0.0147,-0.0014,-0.3847,1350.695,1350.008,-0.0524,0.1,-0.0202,-0.9577,0.0028,2.4837,-0.0596,0.0726,6.2732,0.0295,4.9103,0.7734,0.0055,0.0146,-0.6337,21.035,15.4146,0.0589
open_plane_source_step_combined_5_20260913,5002,517,7957514137140,512,512,True,7957517038406,518,12.906,12907,43149,0.1,-0.1,False,0.1,-0.1,516,0.1,-0.0524,0.0142,-0.0008,-0.3847,1351.808,1351.111,-0.0524,0.1,-0.0203,-0.955,-0.0143,2.4838,-0.0596,0.0722,6.2733,0.0293,4.9003,0.7703,0.0055,0.0144,-0.6375,21.0474,15.3512,0.0589
open_plane_source_step_combined_5_20260913,5012,518,7957538542679,513,513,True,7957541043753,519,12.93,12931,43236,0.1,-0.1,False,0.1,-0.1,517,0.1,-0.0524,0.0139,-0.0003,-0.3848,1352.839,1352.132,-0.0524,0.1,-0.0207,-0.9553,-0.0148,2.4839,-0.0595,0.072,6.2734,0.0292,4.891,0.7673,0.0056,0.0144,-0.6411,21.0583,15.2925,0.0588
open_plane_source_step_combined_5_20260913,5021,519,7957563289701,514,514,True,7957566013924,520,12.9550009,12956,43326,0.1,-0.1,False,0.1,-0.1,518,0.1,-0.0524,0.0135,0.0001,-0.3848,1353.909,1353.192,-0.0524,0.1,-0.0201,-0.9569,0.0175,2.4839,-0.0595,0.0718,6.2734,0.0291,4.8814,0.7642,0.0057,0.0143,-0.6448,21.0691,15.2313,0.0588
open_plane_source_step_combined_5_20260913,5030,520,7957589100082,515,515,True,7957592097329,521,12.9810009,12982,43422,0.1,-0.1,False,0.1,-0.1,519,0.1,-0.0524,0.0133,0.0005,-0.3848,1355.025,1354.298,-0.0524,0.1,-0.021,-0.956,-0.0011,2.484,-0.0595,0.0715,6.2735,0.029,4.8714,0.761,0.0057,0.0142,-0.6486,21.0797,15.1676,0.0588
open_plane_source_step_combined_5_20260913,5038,521,7957613488550,516,516,True,7957615913320,522,13.0050011,13006,43503,0.1,-0.1,False,0.1,-0.1,520,0.1,-0.0524,0.013,0.0009,-0.3848,1356.052,1355.316,-0.0524,0.1,-0.0209,-0.9564,-0.0069,2.484,-0.0595,0.0714,6.2735,0.029,4.8621,0.758,0.0058,0.0141,-0.6521,21.0889,15.1087,0.0588
open_plane_source_step_combined_5_20260913,5048,522,7957638398518,517,517,True,7957640925089,523,13.0300007,13031,43590,0.1,-0.1,False,0.1,-0.1,521,0.1,-0.0524,0.0127,0.0012,-0.3848,1357.122,1356.376,-0.0524,0.1,-0.0212,-0.9548,-0.0052,2.484,-0.0595,0.0712,6.2736,0.0289,4.8525,0.7548,0.0059,0.0141,-0.6557,21.0979,15.0472,0.0588
open_plane_source_step_combined_5_20260913,5057,523,7957663307824,518,518,True,7957665931859,524,13.055,13056,43682,0.1,-0.1,False,0.1,-0.1,522,0.1,-0.0524,0.0126,0.0015,-0.3848,1358.196,1357.44,-0.0524,0.1,-0.0212,-0.9576,0.0025,2.4841,-0.0594,0.0711,6.2736,0.0289,4.8429,0.7517,0.0059,0.014,-0.6594,21.1063,14.9856,0.0588
open_plane_source_step_combined_5_20260913,5066,524,7957688403071,519,519,True,7957690963276,525,13.0800009,13081,43766,0.1,-0.1,False,0.1,-0.1,523,0.1,-0.0524,0.0124,0.0017,-0.3848,1359.266,1358.5,-0.0524,0.1,-0.0219,-0.955,-0.0249,2.4841,-0.0594,0.071,6.2737,0.0288,4.8333,0.7485,0.006,0.0139,-0.663,21.1141,14.924,0.0588
open_plane_source_step_combined_5_20260913,5075,525,7957713238679,520,520,True,7957715907488,526,13.1050005,13106,43856,0.1,-0.1,False,0.1,-0.1,524,0.1,-0.0524,0.0122,0.0019,-0.3848,1360.336,1359.564,-0.0524,0.1,-0.0219,-0.9554,-0.0166,2.4841,-0.0594,0.0708,6.2737,0.0288,4.8237,0.7453,0.006,0.0139,-0.6666,21.1213,14.8623,0.0588
open_plane_source_step_combined_5_20260913,5084,526,7957738591380,521,521,True,7957740982276,527,13.1300011,13131,43939,0.1,-0.1,False,0.1,-0.1,525,0.1,-0.0524,0.0121,0.0021,-0.3848,1361.409,1360.624,-0.0524,0.1,-0.0219,-0.9554,-0.0272,2.4841,-0.0594,0.0707,6.2737,0.0287,4.814,0.7421,0.0061,0.0138,-0.6701,21.128,14.8005,0.0588
open_plane_source_step_combined_5_20260913,5093,527,7957763791363,522,522,True,7957768258124,528,13.1550007,13156,44025,0.1,-0.1,False,0.1,-0.1,526,0.1,-0.0524,0.012,0.0023,-0.3848,1362.479,1361.687,-0.0524,0.1,-0.0221,-0.9539,-0.0285,2.4841,-0.0594,0.0706,6.2737,0.0287,4.8044,0.7388,0.0062,0.0138,-0.6737,21.134,14.7387,0.0588
open_plane_source_step_combined_5_20260913,5102,528,7957788524679,523,523,True,7957790844492,529,13.18,13181,44104,0.1,-0.1,False,0.1,-0.1,527,0.1,-0.0524,0.0119,0.0024,-0.3848,1363.553,1362.748,-0.0524,0.1,-0.0222,-0.9574,-0.0159,2.4842,-0.0594,0.0706,6.2738,0.0286,4.7948,0.7356,0.0062,0.0137,-0.6773,21.1394,14.6768,0.0587
open_plane_source_step_combined_5_20260913,5111,529,7957813689096,524,524,True,7957815885837,530,13.2050009,13206,44196,0.1,-0.1,False,0.1,-0.1,528,0.1,-0.0524,0.0118,0.0026,-0.3848,1364.623,1363.811,-0.0524,0.1,-0.0218,-0.9561,-0.0116,2.4842,-0.0594,0.0705,6.2738,0.0286,4.7852,0.7323,0.0063,0.0137,-0.6808,21.1443,14.6149,0.0587
open_plane_source_step_combined_5_20260913,5120,530,7957838227735,525,525,True,7957840772892,531,13.2300005,13231,44287,0.1,-0.1,False,0.1,-0.1,529,0.1,-0.0524,0.0116,0.0027,-0.3848,1365.693,1364.871,-0.0524,0.1,-0.0221,-0.9558,-0.0047,2.4842,-0.0594,0.0705,6.2738,0.0286,4.7755,0.729,0.0064,0.0136,-0.6843,21.1485,14.5529,0.0587
open_plane_source_step_combined_5_20260913,5129,531,7957863968846,526,526,True,7957865962255,532,13.2550011,13256,44381,0.1,-0.1,False,0.1,-0.1,530,0.1,-0.0524,0.0116,0.0028,-0.3848,1366.766,1365.935,-0.0524,0.1,-0.0222,-0.9573,-0.0069,2.4842,-0.0594,0.0704,6.2738,0.0286,4.7659,0.7257,0.0064,0.0136,-0.6878,21.1522,14.4909,0.0587
open_plane_source_step_combined_5_20260913,5137,532,7957888147739,527,527,True,7957890855552,533,13.2800007,13281,44467,0.1,-0.1,False,0.1,-0.1,531,0.1,-0.0524,0.0115,0.0029,-0.3848,1367.836,1366.995,-0.0524,0.1,-0.0222,-0.957,-0.0086,2.4842,-0.0594,0.0704,6.2738,0.0286,4.7563,0.7224,0.0065,0.0135,-0.6913,21.1552,14.4288,0.0587
open_plane_source_step_combined_5_20260913,5146,533,7957913613623,528,528,True,7957915902037,534,13.305,13306,44551,0.1,-0.1,False,0.1,-0.1,532,0.1,-0.0524,0.0114,0.003,-0.3848,1368.91,1368.059,-0.0524,0.1,-0.0225,-0.9548,-0.0241,2.4842,-0.0594,0.0703,6.2738,0.0285,4.7466,0.7191,0.0066,0.0135,-0.6948,21.1576,14.3667,0.0587
open_plane_source_step_combined_5_20260913,5155,534,7957938639830,529,529,True,7957941071924,535,13.3300009,13331,44642,0.1,-0.1,False,0.1,-0.1,533,0.1,-0.0524,0.0114,0.003,-0.3848,1369.98,1369.119,-0.0524,0.1,-0.0223,-0.9561,-0.0298,2.4842,-0.0594,0.0702,6.2738,0.0285,4.737,0.7157,0.0066,0.0135,-0.6982,21.1595,14.3046,0.0587
open_plane_source_step_combined_5_20260913,5164,535,7957963353609,530,530,True,7957965872796,536,13.3550005,13356,44733,0.1,-0.1,False,0.1,-0.1,534,0.1,-0.0524,0.0114,0.0031,-0.3848,1371.05,1370.183,-0.0524,0.1,-0.0223,-0.9568,-0.0138,2.4842,-0.0594,0.0702,6.2739,0.0285,4.7274,0.7124,0.0067,0.0134,-0.7017,21.1608,14.2425,0.0587
open_plane_source_step_combined_5_20260913,5174,536,7957988714505,531,531,True,7957990859028,537,13.3800011,13381,44817,0.1,-0.1,False,0.1,-0.1,535,0.1,-0.0524,0.0113,0.0032,-0.3848,1372.123,1371.243,-0.0524,0.1,-0.0225,-0.9572,-0.0099,2.4842,-0.0594,0.0702,6.2739,0.0285,4.7178,0.709,0.0067,0.0134,-0.7051,21.1614,14.1804,0.0587
open_plane_source_step_combined_5_20260913,5182,537,7958013836972,532,532,True,7958015933004,538,13.4050007,13406,44901,0.1,-0.1,False,0.1,-0.1,536,0.1,-0.0524,0.0113,0.0032,-0.3848,1373.193,1372.303,-0.0524,0.1,-0.0223,-0.957,-0.0043,2.4842,-0.0594,0.0702,6.2739,0.0285,4.7082,0.7056,0.0068,0.0133,-0.7085,21.1615,14.1183,0.0587
open_plane_source_step_combined_5_20260913,5191,538,7958038777408,533,533,True,7958040940496,539,13.43,13431,44986,0.1,-0.1,False,0.1,-0.1,537,0.1,-0.0524,0.0112,0.0032,-0.3848,1374.264,1373.367,-0.0524,0.1,-0.0222,-0.9551,-0.0125,2.4842,-0.0594,0.0702,6.2739,0.0285,4.6985,0.7022,0.0069,0.0133,-0.7119,21.1609,14.0561,0.0587
open_plane_source_step_combined_5_20260913,5200,539,7958064028267,534,534,True,7958066942848,540,13.456,13457,45062,0.1,-0.1,False,0.1,-0.1,538,0.1,-0.0524,0.0112,0.0033,-0.3848,1375.379,1374.47,-0.0524,0.1,-0.0221,-0.9567,-0.0048,2.4843,-0.0594,0.0702,6.2739,0.0285,4.6885,0.6986,0.0069,0.0133,-0.7154,21.1597,13.9915,0.0587
open_plane_source_step_combined_5_20260913,5209,540,7958088221998,535,535,True,7958090864999,541,13.4800005,13481,45144,0.1,-0.1,False,0.1,-0.1,539,0.1,-0.0524,0.0112,0.0033,-0.3848,1376.407,1375.491,-0.0524,0.1,-0.0224,-0.9562,-0.0108,2.4843,-0.0594,0.0701,6.2739,0.0285,4.6793,0.6953,0.007,0.0132,-0.7186,21.1581,13.9319,0.0587
open_plane_source_step_combined_5_20260913,5218,541,7958114182943,536,536,True,7958116469072,542,13.5050011,13506,45218,0.1,-0.1,False,0.1,-0.1,540,0.1,-0.0524,0.0111,0.0033,-0.3848,1377.48,1376.551,-0.0524,0.1,-0.0222,-0.9566,-0.0047,2.4843,-0.0594,0.0701,6.2739,0.0285,4.6696,0.6918,0.0071,0.0132,-0.7219,21.1557,13.8698,0.0587
open_plane_source_step_combined_5_20260913,5227,542,7958138898936,537,537,True,7958141378158,543,13.5300007,13531,45300,0.1,-0.1,False,0.1,-0.1,541,0.1,-0.0524,0.0111,0.0034,-0.3848,1378.551,1377.615,-0.0524,0.1,-0.0226,-0.9566,-0.0116,2.4843,-0.0594,0.0701,6.2739,0.0285,4.66,0.6883,0.0071,0.0132,-0.7253,21.1528,13.8078,0.0587
open_plane_source_step_combined_5_20260913,5236,543,7958163679721,538,538,True,7958165994424,544,13.555,13556,45382,0.1,-0.1,False,0.1,-0.1,542,0.1,-0.0524,0.0111,0.0034,-0.3848,1379.621,1378.675,-0.0524,0.1,-0.0224,-0.9579,-0.0039,2.4843,-0.0593,0.0701,6.2739,0.0284,4.6504,0.6848,0.0072,0.0131,-0.7286,21.1493,13.7457,0.0587
open_plane_source_step_combined_5_20260913,5245,544,7958188667385,539,539,True,7958191013768,545,13.5800009,13581,45471,0.1,-0.1,False,0.1,-0.1,543,0.1,-0.0524,0.0111,0.0034,-0.3848,1380.694,1379.738,-0.0524,0.1,-0.0222,-0.9559,-0.0188,2.4843,-0.0593,0.0701,6.2739,0.0284,4.6408,0.6813,0.0072,0.0131,-0.7318,21.1452,13.6838,0.0587
open_plane_source_step_combined_5_20260913,5254,545,7958213499276,540,540,True,7958216061685,546,13.6050005,13606,45553,0.1,-0.1,False,0.1,-0.1,544,0.1,-0.0524,0.0111,0.0034,-0.3848,1381.764,1380.799,-0.0524,0.1,-0.0226,-0.9563,-0.0104,2.4843,-0.0593,0.0701,6.2739,0.0284,4.6311,0.6778,0.0073,0.013,-0.7351,21.1405,13.6218,0.0587
open_plane_source_step_combined_5_20260913,5264,546,7958238283938,541,541,True,7958240795873,547,13.6300011,13631,45641,0.1,-0.1,False,0.1,-0.1,545,0.1,-0.0524,0.011,0.0035,-0.3848,1382.838,1381.862,-0.0524,0.1,-0.0224,-0.9572,-0.0181,2.4843,-0.0593,0.0701,6.2739,0.0284,4.6215,0.6742,0.0074,0.013,-0.7384,21.1352,13.5599,0.0587
open_plane_source_step_combined_5_20260913,5272,547,7958263412137,542,542,True,7958266146439,548,13.6550007,13656,45731,0.1,-0.1,False,0.1,-0.1,546,0.1,-0.0524,0.011,0.0034,-0.3848,1383.908,1382.922,-0.0524,0.1,-0.0218,-0.9583,0.0102,2.4843,-0.0593,0.0701,6.2739,0.0284,4.6119,0.6707,0.0074,0.013,-0.7416,21.1292,13.4981,0.0587
open_plane_source_step_combined_5_20260913,5282,548,7958288756572,543,543,True,7958290882139,549,13.68,13681,45808,0.1,0.25,False,0.1,0.25,547,0.1,-0.0524,0.011,0.0035,-0.3848,1384.978,1383.986,-0.0524,0.1,-0.0224,-0.9582,0.007,2.4843,-0.0593,0.0701,6.2739,0.0284,4.6023,0.6671,0.0075,0.0129,-0.7448,21.1227,13.4363,0.0587
open_plane_source_step_combined_5_20260913,5291,549,7958313386954,544,544,True,7958315922783,550,13.7050009,13706,45889,0.1,0.25,False,0.1,0.25,548,0.1,0.0276,0.1667,-0.0013,0.1373,1386.048,1385.05,0.0244,0.1,-0.1198,3.7217,0.025,2.4853,0.0099,0.0707,6.2766,0.0284,4.5987,0.6658,0.0084,0.0119,-0.746,21.1156,13.3745,0.0587
open_plane_source_step_combined_5_20260913,5300,550,7958338679882,545,545,True,7958340928281,551,13.7300005,13731,45970,0.1,0.25,False,0.1,0.25,549,0.1,0.1076,0.1996,0.0066,0.7217,1387.108,1386.12,0.1044,0.1,-0.6272,5.2058,-0.0067,2.4768,0.0962,0.0708,6.2816,0.0285,4.6098,0.6699,0.01,0.0101,-0.7424,21.1086,13.3129,0.0587
open_plane_source_step_combined_5_20260913,5309,551,7958363604187,546,546,True,7958365930943,552,13.7550011,13756,46053,0.1,0.25,False,0.1,0.25,550,0.1,0.1309,0.09,0.007,0.9658,1388.165,1387.197,0.1309,0.1,-0.1762,2.6752,-0.0006,2.4679,0.1397,0.0705,0.003,0.0287,4.6327,0.6783,0.0115,0.0086,-0.7347,21.1027,13.2514,0.0588
open_plane_source_step_combined_5_20260913,5318,552,7958388333736,547,547,True,7958391044133,553,13.7800007,13781,46129,0.1,0.25,False,0.1,0.25,551,0.1,0.1309,0.0572,0.0056,0.9643,1389.219,1388.273,0.1309,0.1,-0.1252,2.4193,-0.0171,2.4678,0.1426,0.0701,0.0054,0.0287,4.6568,0.6871,0.0123,0.0079,-0.7264,21.0984,13.1898,0.0588
open_plane_source_step_combined_5_20260913,5327,553,7958413410818,548,548,True,7958416219541,554,13.805,13806,46220,0.1,0.25,False,0.1,0.25,552,0.1,0.1309,0.0465,0.0074,0.964,1390.276,1389.346,0.1309,0.1,-0.1254,2.4036,-0.0073,2.4681,0.1434,0.0698,0.0073,0.0287,4.6809,0.6958,0.0129,0.0074,-0.7181,21.0955,13.1281,0.0588
open_plane_source_step_combined_5_20260913,5335,554,7958438583961,549,549,True,7958440885860,555,13.8300009,13831,46301,0.1,0.25,False,0.1,0.25,553,0.1,0.1309,0.0381,0.0093,0.9638,1391.33,1390.423,0.1309,0.1,-0.1285,2.3985,-0.0238,2.4683,0.144,0.0696,0.0091,0.0288,4.705,0.7044,0.0134,0.0069,-0.7097,21.0942,13.0664,0.0588
open_plane_source_step_combined_5_20260913,5345,555,7958463356361,550,550,True,7958467196202,556,13.8550005,13856,46388,0.1,0.25,False,0.1,0.25,554,0.1,0.1309,0.0308,0.0109,0.9636,1392.383,1391.5,0.1309,0.1,-0.1306,2.3945,-0.037,2.4685,0.1445,0.0695,0.0106,0.0288,4.7291,0.7129,0.0139,0.0065,-0.7011,21.0944,13.0047,0.0588
open_plane_source_step_combined_5_20260913,5353,556,7958488644510,551,551,True,7958490918497,557,13.8800011,13881,46474,0.1,0.25,False,0.1,0.25,555,0.1,0.1309,0.0242,0.0124,0.9634,1393.44,1392.576,0.1309,0.1,-0.1321,2.3958,-0.0297,2.4686,0.1449,0.0693,0.012,0.0288,4.7532,0.7213,0.0143,0.0062,-0.6925,21.0961,12.943,0.0588
open_plane_source_step_combined_5_20260913,5363,557,7958513998593,552,552,True,7958517118130,558,13.9060011,13907,46559,0.1,0.25,False,0.1,0.25,556,0.1,0.1309,0.0182,0.0137,0.9632,1394.537,1393.696,0.1309,0.1,-0.1333,2.3922,-0.037,2.4688,0.1453,0.0692,0.0133,0.0288,4.7783,0.7299,0.0147,0.006,-0.6834,21.0994,12.8789,0.0588
open_plane_source_step_combined_5_20260913,5372,558,7958538676405,553,553,True,7958540849401,559,13.93,13931,46640,0.1,0.25,False,0.1,0.25,557,0.1,0.1309,0.0133,0.0147,0.9631,1395.548,1394.73,0.1309,0.1,-0.1344,2.3906,-0.0348,2.4689,0.1457,0.0691,0.0143,0.0288,4.8014,0.7377,0.015,0.0058,-0.6749,21.1039,12.8198,0.0588
open_plane_source_step_combined_5_20260913,5380,559,7958563284224,554,554,True,7958565848507,560,13.9550009,13956,46731,0.1,0.25,False,0.1,0.25,558,0.1,0.1309,0.0087,0.0157,0.9629,1396.602,1395.806,0.1309,0.1,-0.1355,2.3885,-0.0486,2.4689,0.146,0.069,0.0153,0.0289,4.8255,0.7458,0.0153,0.0057,-0.666,21.1101,12.7584,0.0588
open_plane_source_step_combined_5_20260913,5390,560,7958588229308,555,555,True,7958590996122,561,13.9800005,13981,46817,0.1,0.25,False,0.1,0.25,559,0.1,0.1309,0.0046,0.0165,0.9628,1397.659,1396.88,0.1309,0.1,-0.1362,2.3874,-0.0438,2.469,0.1463,0.0689,0.0161,0.0289,4.8496,0.7537,0.0156,0.0056,-0.657,21.1177,12.6971,0.0588
open_plane_source_step_combined_5_20260913,5398,561,7958613374058,556,556,True,7958615926128,562,14.0050011,14006,46904,0.1,0.25,False,0.1,0.25,560,0.1,0.1309,0.001,0.0172,0.9627,1398.712,1397.956,0.1309,0.1,-0.1368,2.384,-0.0572,2.4691,0.1465,0.0689,0.0169,0.0289,4.8737,0.7616,0.0158,0.0055,-0.6479,21.1268,12.636,0.0588
open_plane_source_step_combined_5_20260913,5408,562,7958638932626,557,557,True,7958641034709,563,14.0300007,14031,46988,0.1,0.25,False,0.1,0.25,561,0.1,0.1309,-0.0023,0.0178,0.9626,1399.766,1399.033,0.1309,0.1,-0.1368,2.3843,-0.0501,2.4691,0.1468,0.0689,0.0176,0.0289,4.8977,0.7693,0.016,0.0055,-0.6386,21.1374,12.5752,0.0588
open_plane_source_step_combined_5_20260913,5416,563,7958663791979,558,558,True,7958666170402,564,14.055,14056,47070,0.1,0.25,False,0.1,0.25,562,0.1,0.1309,-0.0052,0.0184,0.9625,1400.82,1400.11,0.1309,0.1,-0.1376,2.3836,-0.0567,2.4692,0.147,0.0688,0.0182,0.029,4.9218,0.7769,0.0162,0.0055,-0.6293,21.1494,12.5146,0.0588
open_plane_source_step_combined_5_20260913,5426,564,7958688251139,559,559,True,7958690893087,565,14.0800009,14081,47135,0.1,0.25,False,0.1,0.25,563,0.1,0.1309,-0.0077,0.0189,0.9624,1401.877,1401.186,0.1309,0.1,-0.1374,2.3834,-0.0516,2.4692,0.1471,0.0688,0.0187,0.029,4.9459,0.7845,0.0163,0.0056,-0.6199,21.163,12.4544,0.0588
open_plane_source_step_combined_5_20260913,5435,565,7958713224977,560,560,True,7958715938741,566,14.1050005,14106,47216,0.1,0.25,False,0.1,0.25,564,0.1,0.1309,-0.01,0.0193,0.9624,1402.931,1402.263,0.1309,0.1,-0.1385,2.382,-0.0662,2.4693,0.1473,0.0687,0.0192,0.029,4.97,0.7919,0.0164,0.0056,-0.6104,21.1779,12.3945,0.0588
open_plane_source_step_combined_5_20260913,5444,566,7958738280879,561,561,True,7958741130629,567,14.1300011,14131,47300,0.1,0.25,False,0.1,0.25,565,0.1,0.1309,-0.012,0.0197,0.9623,1403.984,1403.34,0.1309,0.1,-0.1376,2.3836,-0.0418,2.4693,0.1474,0.0687,0.0196,0.029,4.9941,0.7992,0.0166,0.0057,-0.6009,21.1943,12.3349,0.0588
open_plane_source_step_combined_5_20260913,5453,567,7958763607521,562,562,True,7958766158799,568,14.1550007,14156,47379,0.1,0.25,False,0.1,0.25,566,0.1,0.1309,-0.0137,0.02,0.9623,1405.038,1404.413,0.1309,0.1,-0.1382,2.3815,-0.0421,2.4693,0.1476,0.0688,0.02,0.029,5.0181,0.8063,0.0166,0.0058,-0.5912,21.2121,12.2758,0.0588
open_plane_source_step_combined_5_20260913,5461,568,7958788662822,563,563,True,7958791076822,569,14.18,14181,47462,0.1,0.25,False,0.1,0.25,567,0.1,0.1309,-0.0154,0.0203,0.9622,1406.095,1405.49,0.1309,0.1,-0.1391,2.3832,-0.0451,2.4693,0.1477,0.0688,0.0203,0.0291,5.0422,0.8134,0.0167,0.0059,-0.5815,21.2314,12.2171,0.0588
open_plane_source_step_combined_5_20260913,5471,569,7958814126883,564,564,True,7958817122657,570,14.206,14207,47547,0.1,0.25,False,0.1,0.25,568,0.1,0.1309,-0.0168,0.0205,0.9622,1407.191,1406.609,0.1309,0.1,-0.1386,2.3794,-0.0497,2.4694,0.1478,0.0687,0.0206,0.0291,5.0672,0.8206,0.0168,0.006,-0.5712,21.2529,12.1566,0.0588
open_plane_source_step_combined_5_20260913,5479,570,7958839108285,565,565,True,7958842052662,571,14.2310009,14232,47630,0.1,0.25,False,0.1,0.25,569,0.1,0.1309,-0.0181,0.0207,0.9621,1408.245,1407.686,0.1309,0.1,-0.139,2.3829,-0.0426,2.4694,0.1479,0.0687,0.0209,0.0291,5.0913,0.8274,0.0168,0.0062,-0.5613,21.275,12.0989,0.0588
open_plane_source_step_combined_5_20260913,5489,571,7958863488947,566,566,True,7958865968150,572,14.2550011,14256,47705,0.1,0.25,False,0.1,0.25,570,0.1,0.1309,-0.0192,0.0209,0.9621,1409.26,1408.72,0.1309,0.1,-0.1387,2.3832,-0.0492,2.4694,0.1479,0.0687,0.0211,0.0291,5.1144,0.8338,0.0168,0.0063,-0.5517,21.2975,12.0441,0.0588
open_plane_source_step_combined_5_20260913,5497,572,7958889043167,567,567,True,7958892076191,573,14.2810011,14282,47791,0.1,0.25,False,0.1,0.25,571,0.1,0.1309,-0.0202,0.0211,0.9621,1410.356,1409.839,0.1309,0.1,-0.1394,2.3778,-0.0599,2.4694,0.148,0.0688,0.0213,0.0291,5.1394,0.8407,0.0168,0.0065,-0.5413,21.3233,11.9853,0.0588
open_plane_source_step_combined_5_20260913,5507,573,7958913728793,568,568,True,7958915971922,574,14.305,14306,47871,0.1,0.25,False,0.1,0.25,572,0.1,0.1309,-0.021,0.0212,0.962,1411.367,1410.873,0.1309,0.1,-0.1398,2.3773,-0.0698,2.4694,0.1481,0.0687,0.0215,0.0291,5.1625,0.8469,0.0168,0.0066,-0.5315,21.3485,11.9316,0.0588
open_plane_source_step_combined_5_20260913,5516,574,7958938296127,569,569,True,7958941092586,575,14.3300009,14331,47940,0.1,0.25,False,0.1,0.25,573,0.1,0.1309,-0.0219,0.0213,0.962,1412.421,1411.946,0.1309,0.1,-0.1397,2.3765,-0.0684,2.4694,0.1481,0.0688,0.0217,0.0291,5.1866,0.8532,0.0168,0.0068,-0.5213,21.376,11.8763,0.0588
open_plane_source_step_combined_5_20260913,5524,575,7958963799691,570,570,True,7958965953802,576,14.3550005,14356,48030,0.1,0.25,False,0.1,0.25,574,0.1,0.1309,-0.0225,0.0214,0.962,1413.478,1413.023,0.1309,0.1,-0.1392,2.3793,-0.052,2.4694,0.1482,0.0688,0.0218,0.0292,5.2107,0.8594,0.0168,0.007,-0.511,21.4048,11.8217,0.0588
open_plane_source_step_combined_5_20260913,5533,576,7958988379989,571,571,True,7958990980971,577,14.3800011,14381,48115,0.1,0.25,False,0.1,0.25,575,0.1,0.1309,-0.0231,0.0215,0.962,1414.532,1414.1,0.1309,0.1,-0.1395,2.3779,-0.0539,2.4694,0.1482,0.0688,0.0219,0.0292,5.2347,0.8655,0.0168,0.0071,-0.5006,21.4349,11.7678,0.0588
open_plane_source_step_combined_5_20260913,5543,577,7959014165855,572,572,True,7959017277016,578,14.4060011,14407,48189,0.1,0.25,False,0.1,0.25,576,0.1,0.1309,-0.0237,0.0216,0.9619,1415.628,1415.219,0.1309,0.1,-0.1396,2.3794,-0.0531,2.4694,0.1482,0.0688,0.0221,0.0292,5.2597,0.8717,0.0168,0.0073,-0.4897,21.4676,11.7125,0.0588
open_plane_source_step_combined_5_20260913,5551,578,7959038211447,573,573,True,7959040978451,579,14.43,14431,48278,0.1,0.25,False,0.1,0.25,577,0.1,0.1309,-0.0242,0.0216,0.9619,1416.639,1416.253,0.1309,0.1,-0.1395,2.3733,-0.0717,2.4695,0.1483,0.0688,0.0222,0.0292,5.2829,0.8773,0.0167,0.0075,-0.4796,21.499,11.6622,0.0588
open_plane_source_step_combined_5_20260913,5561,579,7959063571101,574,574,True,7959065903327,580,14.4550009,14456,48368,0.1,0.25,False,0.1,0.25,578,0.1,0.1309,-0.0247,0.0217,0.9619,1417.696,1417.33,0.1309,0.1,-0.14,2.3787,-0.0644,2.4695,0.1483,0.0688,0.0223,0.0292,5.3069,0.883,0.0167,0.0077,-0.469,21.5329,11.6106,0.0588
open_plane_source_step_combined_5_20260913,5569,580,7959088367906,575,575,True,7959091096247,581,14.4800005,14481,48459,0.1,0.25,False,0.1,0.25,579,0.1,0.1309,-0.025,0.0217,0.9619,1418.75,1418.406,0.1309,0.1,-0.1395,2.3765,-0.0589,2.4695,0.1483,0.0688,0.0223,0.0292,5.331,0.8886,0.0166,0.0079,-0.4584,21.5681,11.5599,0.0588
open_plane_source_step_combined_5_20260913,5578,581,7959113468212,576,576,True,7959115982741,582,14.5050011,14506,48547,0.1,0.25,False,0.1,0.25,580,0.1,0.1309,-0.0254,0.0218,0.9619,1419.803,1419.48,0.1309,0.1,-0.1401,2.3788,-0.0612,2.4695,0.1484,0.0688,0.0224,0.0292,5.355,0.894,0.0166,0.008,-0.4477,21.6044,11.51,0.0588
open_plane_source_step_combined_5_20260913,5587,582,7959138432833,577,577,True,7959140881628,583,14.5300007,14531,48633,0.1,0.25,False,0.1,0.25,581,0.1,0.1309,-0.0257,0.0218,0.9619,1420.857,1420.556,0.1309,0.1,-0.1397,2.3771,-0.0588,2.4695,0.1484,0.0688,0.0225,0.0292,5.3791,0.8993,0.0165,0.0082,-0.4369,21.642,11.461,0.0588
open_plane_source_step_combined_5_20260913,5597,583,7959163196115,578,578,True,7959166214922,584,14.555,14556,48721,0.1,0.25,False,0.1,0.25,582,0.1,0.1309,-0.026,0.0219,0.9619,1421.914,1421.633,0.1309,0.1,-0.14,2.3808,-0.0499,2.4695,0.1484,0.0688,0.0225,0.0292,5.4032,0.9045,0.0164,0.0084,-0.426,21.6807,11.4129,0.0588
open_plane_source_step_combined_5_20260913,5605,584,7959189156679,579,579,True,7959192045041,585,14.581,14582,48803,0.1,0.25,False,0.1,0.25,583,0.1,0.1309,-0.0263,0.0219,0.9619,1423.011,1422.752,0.1309,0.1,-0.1401,2.3771,-0.065,2.4695,0.1484,0.0688,0.0226,0.0292,5.4282,0.9098,0.0163,0.0086,-0.4147,21.7222,11.3638,0.0588
open_plane_source_step_combined_5_20260913,5615,585,7959213353756,580,580,True,7959216139996,586,14.6050005,14606,48876,0.1,0.25,False,0.1,0.25,584,0.1,0.1309,-0.0264,0.022,0.9619,1424.022,1423.786,0.1309,0.1,-0.1398,2.3813,-0.0438,2.4695,0.1484,0.0688,0.0226,0.0292,5.4513,0.9145,0.0162,0.0088,-0.4041,21.7616,11.3195,0.0588
open_plane_source_step_combined_5_20260913,5624,586,7959238603293,581,581,True,7959241081904,587,14.6300011,14631,48959,0.1,0.25,False,0.1,0.25,585,0.1,0.1309,-0.0266,0.022,0.9618,1425.076,1424.863,0.1309,0.1,-0.1399,2.3772,-0.0605,2.4695,0.1484,0.0688,0.0227,0.0292,5.4754,0.9193,0.0162,0.009,-0.3931,21.8037,11.2744,0.0588
open_plane_source_step_combined_5_20260913,5633,587,7959263411028,582,582,True,7959265927992,588,14.6550007,14656,49049,0.1,0.25,False,0.1,0.25,586,0.1,0.1309,-0.0269,0.022,0.9618,1426.133,1425.939,0.1309,0.1,-0.1407,2.3762,-0.0792,2.4695,0.1485,0.0688,0.0227,0.0292,5.4994,0.924,0.0161,0.0092,-0.382,21.8469,11.2302,0.0588
open_plane_source_step_combined_5_20260913,5641,588,7959288296250,583,583,True,7959290953988,589,14.68,14681,49128,0.1,0.25,False,0.1,0.25,587,0.1,0.1309,-0.0269,0.022,0.9618,1427.186,1427.013,0.1309,0.1,-0.1399,2.3778,-0.0431,2.4695,0.1485,0.0689,0.0227,0.0292,5.5235,0.9285,0.016,0.0094,-0.3709,21.8912,11.1871,0.0588
open_plane_source_step_combined_5_20260913,5650,589,7959313547419,584,584,True,7959315777013,590,14.7050009,14706,49201,0.1,0.25,False,0.1,0.25,588,0.1,0.1309,-0.0271,0.022,0.9618,1428.24,1428.09,0.1309,0.1,-0.1404,2.3759,-0.0612,2.4695,0.1485,0.0688,0.0228,0.0292,5.5475,0.9329,0.0159,0.0096,-0.3597,21.9364,11.1451,0.0588
open_plane_source_step_combined_5_20260913,5660,590,7959338424095,585,585,True,7959341144301,591,14.7300005,14731,49285,0.1,0.25,False,0.1,0.25,589,0.1,0.1309,-0.0272,0.022,0.9618,1429.297,1429.166,0.1309,0.1,-0.1396,2.3822,-0.0352,2.4695,0.1485,0.0688,0.0228,0.0292,5.5716,0.9372,0.0158,0.0097,-0.3484,21.9827,11.1042,0.0588
open_plane_source_step_combined_5_20260913,5669,591,7959363554618,586,586,True,7959365914606,592,14.7550011,14756,49364,0.1,0.25,False,0.1,0.25,590,0.1,0.1309,-0.0273,0.022,0.9618,1430.351,1430.243,0.1309,0.1,-0.1403,2.3777,-0.054,2.4695,0.1485,0.0689,0.0228,0.0293,5.5957,0.9413,0.0157,0.0099,-0.3371,22.0299,11.0644,0.0588
open_plane_source_step_combined_5_20260913,5678,592,7959388376079,587,587,True,7959390850092,593,14.7800007,14781,49446,0.1,0.25,False,0.1,0.25,591,0.1,0.1309,-0.0274,0.0221,0.9618,1431.405,1431.32,0.1309,0.1,-0.1401,2.3753,-0.0639,2.4695,0.1485,0.0689,0.0228,0.0293,5.6197,0.9453,0.0156,0.0101,-0.3258,22.078,11.0257,0.0588
open_plane_source_step_combined_5_20260913,5686,593,7959413455205,588,588,True,7959415953815,594,14.805,14806,49533,0.1,0.25,False,0.1,0.25,592,0.1,0.1309,-0.0275,0.0221,0.9618,1432.458,1432.396,0.1309,0.1,-0.1403,2.3777,-0.0662,2.4695,0.1485,0.0688,0.0228,0.0293,5.6438,0.9491,0.0154,0.0103,-0.3144,22.1271,10.9883,0.0588
open_plane_source_step_combined_5_20260913,5695,594,7959438640962,589,589,True,7959441089277,595,14.8300009,14831,49612,0.1,0.25,False,0.1,0.25,593,0.1,0.1309,-0.0275,0.022,0.9618,1433.515,1433.473,0.1309,0.1,-0.1396,2.378,-0.0476,2.4695,0.1485,0.0689,0.0229,0.0293,5.6678,0.9528,0.0153,0.0105,-0.3029,22.1771,10.952,0.0588
open_plane_source_step_combined_5_20260913,5705,595,7959463498351,590,590,True,7959466092350,596,14.8550005,14856,49691,0.1,0.25,False,0.1,0.25,594,0.1,0.1309,-0.0276,0.022,0.9618,1434.569,1434.546,0.1309,0.1,-0.14,2.3784,-0.0516,2.4695,0.1485,0.0689,0.0229,0.0293,5.6919,0.9564,0.0152,0.0107,-0.2915,22.2279,10.9169,0.0588
open_plane_source_step_combined_5_20260913,5713,596,7959488534707,591,591,True,7959490955520,597,14.8800011,14881,49774,0.1,0.25,False,0.1,0.25,595,0.1,0.1309,-0.0277,0.022,0.9618,1435.623,1435.623,0.1309,0.1,-0.1402,2.3758,-0.0628,2.4695,0.1485,0.0689,0.0229,0.0293,5.716,0.9598,0.0151,0.0108,-0.2799,22.2796,10.8831,0.0588
open_plane_source_step_combined_5_20260913,5723,597,7959513399139,592,592,True,7959515910152,598,14.9050007,14906,49862,0.1,0.25,False,0.1,0.25,596,0.1,0.1309,-0.0278,0.0221,0.9618,1436.677,1436.699,0.1309,0.1,-0.1408,2.3746,-0.0824,2.4695,0.1485,0.0689,0.0229,0.0293,5.74,0.9631,0.0149,0.011,-0.2684,22.332,10.8505,0.0588
open_plane_source_step_combined_5_20260913,5732,598,7959538814217,593,593,True,7959542349646,599,14.93,14931,49938,0.1,0.25,False,0.1,0.25,597,0.1,0.1309,-0.0278,0.0221,0.9618,1437.734,1437.776,0.1309,0.1,-0.1403,2.3752,-0.0666,2.4695,0.1485,0.0689,0.0229,0.0293,5.7641,0.9663,0.0148,0.0112,-0.2568,22.3853,10.8192,0.0588
open_plane_source_step_combined_5_20260913,5740,599,7959564107787,594,594,True,7959566865102,600,14.956,14957,50020,0.1,0.25,False,0.1,0.25,598,0.1,0.1309,-0.0279,0.0221,0.9618,1438.83,1438.895,0.1309,0.1,-0.141,2.3744,-0.0744,2.4695,0.1485,0.0689,0.0229,0.0293,5.7891,0.9694,0.0147,0.0114,-0.2446,22.4414,10.788,0.0588
open_plane_source_step_combined_5_20260913,5750,600,7959588148590,595,595,True,7959590939178,601,14.9800005,14981,50104,0.1,0.25,False,0.1,0.25,599,0.1,0.1309,-0.0279,0.0221,0.9618,1439.841,1439.929,0.1309,0.1,-0.1404,2.3775,-0.0608,2.4695,0.1485,0.0689,0.0229,0.0293,5.8122,0.9722,0.0146,0.0116,-0.2334,22.4939,10.7604,0.0588
open_plane_source_step_combined_5_20260913,5759,601,7959613297447,596,596,True,7959616062237,602,15.0050011,15006,50176,0.1,0.25,False,0.1,0.25,600,0.1,0.1309,-0.0279,0.0221,0.9618,1440.895,1441.006,0.1309,0.1,-0.1402,2.3766,-0.0577,2.4695,0.1485,0.0689,0.0229,0.0293,5.8363,0.9749,0.0144,0.0117,-0.2217,22.5493,10.733,0.0588
open_plane_source_step_combined_5_20260913,5768,602,7959638702266,597,597,True,7959641058077,603,15.0300007,15031,50270,0.1,0.25,False,0.1,0.25,601,0.1,0.1309,-0.0279,0.0221,0.9618,1441.952,1442.079,0.1309,0.1,-0.1406,2.3749,-0.068,2.4695,0.1485,0.0689,0.0229,0.0293,5.8603,0.9775,0.0143,0.0119,-0.21,22.6053,10.707,0.0588
open_plane_source_step_combined_5_20260913,5777,603,7959663457383,598,598,True,7959665833512,604,15.055,15056,50362,0.1,0.25,False,0.1,0.25,602,0.1,0.1309,-0.028,0.0221,0.9618,1443.006,1443.156,0.1309,0.1,-0.1405,2.3767,-0.0682,2.4695,0.1485,0.0689,0.0229,0.0293,5.8844,0.98,0.0141,0.0121,-0.1982,22.6618,10.6823,0.0588
open_plane_source_step_combined_5_20260913,5786,604,7959688340811,599,599,True,7959690851092,605,15.0800009,15081,50446,0.1,0.25,False,0.1,0.25,603,0.1,0.1309,-0.028,0.0221,0.9618,1444.059,1444.233,0.1309,0.1,-0.14,2.376,-0.0599,2.4695,0.1485,0.0689,0.0229,0.0293,5.9085,0.9823,0.014,0.0122,-0.1864,22.719,10.6589,0.0588
open_plane_source_step_combined_5_20260913,5794,605,7959714114053,600,600,True,7959716972278,606,15.1060009,15107,50534,0.1,0.25,False,0.1,0.25,604,0.1,0.1309,-0.028,0.0221,0.9618,1445.156,1445.352,0.1309,0.1,-0.1402,2.3792,-0.0501,2.4695,0.1485,0.0689,0.0229,0.0293,5.9335,0.9846,0.0138,0.0124,-0.1741,22.7791,10.6361,0.0588
open_plane_source_step_combined_5_20260913,5803,606,7959738443759,601,601,True,7959740976693,607,15.1300011,15131,50617,0.1,0.25,False,0.1,0.25,605,0.1,0.1309,-0.028,0.0221,0.9618,1446.17,1446.386,0.1309,0.1,-0.1408,2.3748,-0.0685,2.4695,0.1485,0.0689,0.0229,0.0293,5.9566,0.9865,0.0137,0.0126,-0.1627,22.835,10.6164,0.0588
open_plane_source_step_combined_5_20260913,5812,607,7959763348197,602,602,True,7959765980187,608,15.1550007,15156,50699,0.1,0.25,False,0.1,0.25,606,0.1,0.1309,-0.028,0.0221,0.9618,1447.224,1447.463,0.1309,0.1,-0.14,2.3782,-0.0583,2.4695,0.1485,0.0689,0.023,0.0293,5.9806,0.9884,0.0135,0.0127,-0.1508,22.8937,10.5973,0.0588
open_plane_source_step_combined_5_20260913,5821,608,7959788207440,603,603,True,7959790923137,609,15.18,15181,50782,0.1,0.25,False,0.1,0.25,607,0.1,0.1309,-0.0281,0.0221,0.9618,1448.277,1448.539,0.1309,0.1,-0.1403,2.3766,-0.0681,2.4695,0.1485,0.0689,0.023,0.0293,6.0047,0.9901,0.0134,0.0129,-0.1389,22.9529,10.5796,0.0588
open_plane_source_step_combined_5_20260913,5830,609,7959813409667,604,604,True,7959816215885,610,15.2050009,15206,50870,0.1,0.25,False,0.1,0.25,608,0.1,0.1309,-0.0281,0.0221,0.9618,1449.334,1449.613,0.1309,0.1,-0.1408,2.3748,-0.0672,2.4695,0.1485,0.0689,0.023,0.0293,6.0288,0.9917,0.0132,0.0131,-0.127,23.0124,10.5633,0.0588
open_plane_source_step_combined_5_20260913,5840,610,7959838645819,605,605,True,7959840915297,611,15.2300005,15231,50958,0.1,0.25,False,0.1,0.25,609,0.1,0.1309,-0.0281,0.0221,0.9618,1450.388,1450.689,0.1309,0.1,-0.1404,2.3774,-0.057,2.4695,0.1485,0.0689,0.023,0.0293,6.0528,0.9932,0.0131,0.0132,-0.1151,23.0724,10.5484,0.0588
open_plane_source_step_combined_5_20260913,5849,611,7959863264208,606,606,True,7959865906137,612,15.2550011,15256,51047,0.1,0.25,False,0.1,0.25,610,0.1,0.1309,-0.0281,0.0222,0.9618,1451.442,1451.766,0.1309,0.1,-0.1403,2.3774,-0.0583,2.4695,0.1485,0.0689,0.023,0.0293,6.0769,0.9945,0.0129,0.0134,-0.1031,23.1326,10.535,0.0588
open_plane_source_step_combined_5_20260913,5858,612,7959888224230,607,607,True,7959890915021,613,15.2800007,15281,51136,0.1,0.25,False,0.1,0.25,611,0.1,0.1309,-0.0281,0.0221,0.9618,1452.496,1452.843,0.1309,0.1,-0.1405,2.3758,-0.0668,2.4695,0.1485,0.0689,0.023,0.0293,6.101,0.9957,0.0128,0.0135,-0.0911,23.1932,10.523,0.0588
open_plane_source_step_combined_5_20260913,5867,613,7959913650249,608,608,True,7959916092442,614,15.305,15306,51206,0.1,0.25,False,0.1,0.25,612,0.1,0.1309,-0.0281,0.0221,0.9618,1453.553,1453.919,0.1309,0.1,-0.1406,2.3754,-0.062,2.4695,0.1485,0.0689,0.023,0.0293,6.125,0.9967,0.0126,0.0137,-0.0792,23.2541,10.5125,0.0588
open_plane_source_step_combined_5_20260913,5876,614,7959938429992,609,609,True,7959940833723,615,15.3300009,15331,51297,0.1,0.25,False,0.1,0.25,613,0.1,0.1309,-0.0281,0.0221,0.9618,1454.607,1454.996,0.1309,0.1,-0.1413,2.373,-0.074,2.4695,0.1485,0.0689,0.023,0.0293,6.1491,0.9976,0.0124,0.0138,-0.0672,23.3152,10.5035,0.0588
open_plane_source_step_combined_5_20260913,5885,615,7959963599989,610,610,True,7959965838419,616,15.3550005,15356,51387,0.1,0.25,False,0.1,0.25,614,0.1,0.1309,-0.0281,0.0221,0.9618,1455.66,1456.073,0.1309,0.1,-0.1398,2.3785,-0.0474,2.4695,0.1485,0.0689,0.023,0.0293,6.1731,0.9983,0.0123,0.014,-0.0552,23.3765,10.4959,0.0588
open_plane_source_step_combined_5_20260913,5893,616,7959988388378,611,611,True,7959991058670,617,15.3800011,15381,51475,0.1,0.25,False,0.1,0.25,615,0.1,0.1309,-0.0281,0.0221,0.9618,1456.714,1457.146,0.1309,0.1,-0.1405,2.3779,-0.0527,2.4695,0.1485,0.0689,0.023,0.0293,6.1972,0.9989,0.0121,0.0141,-0.0431,23.438,10.4899,0.0588
open_plane_source_step_combined_5_20260913,5903,617,7960013498743,612,612,True,7960016125554,618,15.4050007,15406,51566,0.1,0.25,False,0.1,0.25,616,0.1,0.1309,-0.0281,0.0221,0.9618,1457.771,1458.223,0.1309,0.1,-0.1405,2.3761,-0.0726,2.4695,0.1485,0.0689,0.023,0.0293,6.2213,0.9993,0.0119,0.0143,-0.0311,23.4995,10.4852,0.0588
open_plane_source_step_combined_5_20260913,5911,618,7960038413941,613,613,True,7960041015083,619,15.43,15431,51658,0.1,0.25,False,0.1,0.25,617,0.1,0.1309,-0.0282,0.0221,0.9618,1458.825,1459.299,0.1309,0.1,-0.1408,2.3746,-0.0743,2.4695,0.1485,0.0689,0.023,0.0293,6.2453,0.9996,0.0118,0.0144,-0.0191,23.5612,10.4821,0.0588
open_plane_source_step_combined_5_20260913,5920,619,7960063350309,614,614,True,7960065945089,620,15.4550009,15456,51752,0.1,0.25,False,0.1,0.25,618,0.1,0.1309,-0.0281,0.0221,0.9618,1459.879,1460.376,0.1309,0.1,-0.1406,2.3762,-0.0654,2.4695,0.1485,0.0688,0.023,0.0293,6.2694,0.9998,0.0116,0.0146,-0.0071,23.623,10.4805,0.0588
open_plane_source_step_combined_5_20260913,5930,620,7960088273732,615,615,True,7960091026950,621,15.4800005,15481,51841,0.1,0.25,False,0.1,0.25,619,0.1,0.1309,-0.0281,0.022,0.9618,1460.936,1461.453,0.1309,0.1,-0.1403,2.3798,-0.051,2.4695,0.1485,0.0689,0.023,0.0293,0.0103,0.9998,0.0114,0.0147,0.005,23.6847,10.4803,0.0588
open_plane_source_step_combined_5_20260913,5938,621,7960113433951,616,616,True,7960116037628,622,15.5050011,15506,51930,0.1,0.25,False,0.1,0.25,620,0.1,0.1309,-0.0282,0.0221,0.9618,1461.989,1462.529,0.1309,0.1,-0.1406,2.3748,-0.079,2.4695,0.1485,0.0688,0.023,0.0293,0.0343,0.9997,0.0112,0.0148,0.017,23.7465,10.4817,0.0588
open_plane_source_step_combined_5_20260913,5947,622,7960138888433,617,617,True,7960140981720,623,15.5300007,15531,52021,0.1,0.25,False,0.1,0.25,621,0.1,0.1309,-0.0281,0.0221,0.9618,1463.043,1463.606,0.1309,0.1,-0.1395,2.3765,-0.0482,2.4695,0.1485,0.0689,0.023,0.0293,0.0584,0.9994,0.0111,0.015,0.029,23.8082,10.4845,0.0588
open_plane_source_step_combined_5_20260913,5957,623,7960164122310,618,618,True,7960167058352,624,15.5560007,15557,52118,0.1,0.25,False,0.1,0.25,622,0.1,0.1309,-0.0281,0.0221,0.9618,1464.139,1464.725,0.1309,0.1,-0.14,2.382,-0.0435,2.4695,0.1485,0.0689,0.023,0.0293,0.0834,0.999,0.0109,0.0151,0.0415,23.8722,10.489,0.0588
open_plane_source_step_combined_5_20260913,5966,624,7960188373299,619,619,True,7960190972848,625,15.5800009,15581,52206,0.1,0.25,False,0.1,0.25,623,0.1,0.1309,-0.0282,0.0221,0.9618,1465.154,1465.756,0.1309,0.1,-0.1405,2.3756,-0.0693,2.4695,0.1485,0.0689,0.023,0.0293,0.1065,0.9984,0.0107,0.0152,0.0531,23.9313,10.4946,0.0588
open_plane_source_step_combined_5_20260913,5974,625,7960213307011,620,620,True,7960215812794,626,15.6050005,15606,52282,0.1,0.25,False,0.1,0.25,624,0.1,0.1309,-0.0282,0.0222,0.9618,1466.208,1466.833,0.1309,0.1,-0.1403,2.3775,-0.0565,2.4695,0.1485,0.0689,0.023,0.0293,0.1306,0.9977,0.0105,0.0154,0.0651,23.9926,10.5018,0.0588
open_plane_source_step_combined_5_20260913,5983,626,7960238326065,621,621,True,7960240886049,627,15.6300011,15631,52372,0.1,0.25,False,0.1,0.25,625,0.1,0.1309,-0.0281,0.0221,0.9618,1467.261,1467.909,0.1309,0.1,-0.1396,2.3807,-0.0434,2.4695,0.1485,0.0689,0.023,0.0293,0.1546,0.9969,0.0103,0.0155,0.0771,24.0537,10.5106,0.0588
open_plane_source_step_combined_5_20260913,5992,627,7960263397937,622,622,True,7960267137610,628,15.6550007,15656,52459,0.1,0.25,False,0.1,0.25,626,0.1,0.1309,-0.0282,0.0221,0.9618,1468.315,1468.986,0.1309,0.1,-0.1395,2.3798,-0.0459,2.4695,0.1485,0.0689,0.023,0.0293,0.1787,0.9959,0.0101,0.0156,0.089,24.1146,10.5208,0.0588
open_plane_source_step_combined_5_20260913,6001,628,7960288564297,623,623,True,7960291156332,629,15.68,15681,52540,0.1,0.25,False,0.1,0.25,627,0.1,0.1309,-0.0282,0.0221,0.9618,1469.372,1470.063,0.1309,0.1,-0.1407,2.3738,-0.0733,2.4695,0.1485,0.0689,0.023,0.0293,0.2028,0.9947,0.0099,0.0157,0.101,24.1753,10.5324,0.0588
open_plane_source_step_combined_5_20260913,6010,629,7960313486408,624,624,True,7960315920556,630,15.7050009,15706,52630,0.1,0.25,False,0.1,0.25,628,0.1,0.1309,-0.0282,0.0221,0.9618,1470.426,1471.139,0.1309,0.1,-0.1402,2.3782,-0.0518,2.4695,0.1485,0.0689,0.023,0.0293,0.2268,0.9934,0.0098,0.0158,0.113,24.2356,10.5456,0.0588
open_plane_source_step_combined_5_20260913,6019,630,7960338334219,625,625,True,7960341091445,631,15.7300005,15731,52717,0.1,0.25,False,0.1,0.25,629,0.1,0.1309,-0.0282,0.0221,0.9618,1471.48,1472.213,0.1309,0.1,-0.1398,2.3791,-0.0507,2.4695,0.1485,0.0689,0.023,0.0293,0.2509,0.992,0.0096,0.016,0.1249,24.2956,10.5601,0.0588
open_plane_source_step_combined_5_20260913,6029,631,7960363529614,626,626,True,7960365911664,632,15.7550011,15756,52805,0.1,0.25,False,0.1,0.25,630,0.1,0.1309,-0.0282,0.0221,0.9618,1472.533,1473.289,0.1309,0.1,-0.1408,2.376,-0.0666,2.4695,0.1485,0.0689,0.023,0.0293,0.2749,0.9904,0.0094,0.0161,0.1368,24.3553,10.5761,0.0588
open_plane_source_step_combined_5_20260913,6037,632,7960388177239,627,627,True,7960390969500,633,15.7800007,15781,52891,0.1,0.25,False,0.1,0.25,631,0.1,0.1309,-0.0282,0.0221,0.9618,1473.59,1474.366,0.1309,0.1,-0.1402,2.3757,-0.0636,2.4695,0.1485,0.0688,0.023,0.0293,0.299,0.9887,0.0092,0.0162,0.1488,24.4145,10.5936,0.0588
open_plane_source_step_combined_5_20260913,6047,633,7960413184971,628,628,True,7960415951493,634,15.805,15806,52979,0.1,0.25,False,0.1,0.25,632,0.1,0.1309,-0.0282,0.0221,0.9618,1474.644,1475.443,0.1309,0.1,-0.1398,2.3787,-0.0484,2.4695,0.1485,0.0689,0.023,0.0293,0.3231,0.9868,0.009,0.0163,0.1606,24.4733,10.6124,0.0588
open_plane_source_step_combined_5_20260913,6055,634,7960438534645,629,629,True,7960441064343,635,15.8300009,15831,53067,0.1,0.25,False,0.1,0.25,633,0.1,0.1309,-0.0281,0.0221,0.9618,1475.698,1476.519,0.1309,0.1,-0.1398,2.3789,-0.0454,2.4695,0.1485,0.0689,0.023,0.0293,0.3471,0.9848,0.0088,0.0164,0.1725,24.5317,10.6327,0.0588
open_plane_source_step_combined_5_20260913,6065,635,7960463798980,630,630,True,7960466103504,636,15.8550005,15856,53154,0.1,0.25,False,0.1,0.25,634,0.1,0.1309,-0.0282,0.0221,0.9618,1476.755,1477.596,0.1309,0.1,-0.1403,2.3764,-0.0656,2.4695,0.1485,0.0689,0.023,0.0293,0.3712,0.9827,0.0086,0.0165,0.1843,24.5895,10.6544,0.0588
open_plane_source_step_combined_5_20260913,6074,636,7960488724267,631,631,True,7960490954010,637,15.8800011,15881,53239,0.1,0.25,False,0.1,0.25,635,0.1,0.1309,-0.0282,0.0221,0.9618,1477.808,1478.672,0.1309,0.1,-0.1405,2.3725,-0.0806,2.4695,0.1485,0.0689,0.023,0.0293,0.3953,0.9804,0.0084,0.0166,0.1961,24.6468,10.6774,0.0588
open_plane_source_step_combined_5_20260913,6082,637,7960513310817,632,632,True,7960515946043,638,15.9050007,15906,53301,0.1,0.25,False,0.1,0.25,636,0.1,0.1309,-0.0282,0.0221,0.9618,1478.862,1479.746,0.1309,0.1,-0.1404,2.3781,-0.057,2.4695,0.1485,0.0689,0.023,0.0293,0.4193,0.978,0.0082,0.0167,0.2079,24.7035,10.7018,0.0588
open_plane_source_step_combined_5_20260913,6092,638,7960538334889,633,633,True,7960540924209,639,15.93,15931,53374,0.1,0.25,False,0.1,0.25,637,0.1,0.1309,-0.0282,0.0221,0.9618,1479.916,1480.823,0.1309,0.1,-0.1403,2.377,-0.0591,2.4695,0.1485,0.0689,0.023,0.0293,0.4434,0.9754,0.008,0.0168,0.2197,24.7597,10.7276,0.0588
open_plane_source_step_combined_5_20260913,6101,639,7960563180396,634,634,True,7960565964843,640,15.9550009,15956,53466,0.1,0.25,False,0.1,0.25,638,0.1,0.1309,-0.0282,0.0221,0.9618,1480.973,1481.899,0.1309,0.1,-0.14,2.3788,-0.0488,2.4695,0.1485,0.0689,0.023,0.0293,0.4674,0.9727,0.0078,0.0169,0.2314,24.8151,10.7547,0.0588
open_plane_source_step_combined_5_20260913,6109,640,7960588195301,635,635,True,7960590976091,641,15.9800005,15981,53558,0.1,0.25,False,0.1,0.25,639,0.1,0.1309,-0.0282,0.0221,0.9618,1482.027,1482.976,0.1309,0.1,-0.1405,2.3755,-0.0686,2.4695,0.1485,0.0689,0.023,0.0293,0.4915,0.9698,0.0076,0.017,0.2431,24.8699,10.7832,0.0588
open_plane_source_step_combined_5_20260913,6119,641,7960613185069,636,636,True,7960617254302,642,16.0050011,16006,53649,0.1,0.25,False,0.1,0.25,640,0.1,0.1309,-0.0282,0.0222,0.9618,1483.08,1484.052,0.1309,0.1,-0.14,2.3788,-0.0532,2.4695,0.1485,0.0689,0.023,0.0293,0.5156,0.9668,0.0074,0.0171,0.2547,24.9241,10.813,0.0588
open_plane_source_step_combined_5_20260913,6127,642,7960638534784,637,637,True,7960641126248,643,16.03,16031,53733,0.1,0.25,False,0.1,0.25,641,0.1,0.1309,-0.0282,0.0221,0.9618,1484.134,1485.129,0.1309,0.1,-0.1401,2.3784,-0.0548,2.4695,0.1485,0.0689,0.023,0.0293,0.5396,0.9637,0.0072,0.0172,0.2663,24.9774,10.844,0.0588
open_plane_source_step_combined_5_20260913,6137,643,7960663706655,638,638,True,7960666023713,644,16.055,16056,53818,0.1,0.25,False,0.1,0.25,642,0.1,0.1309,-0.0282,0.0221,0.9618,1485.191,1486.206,0.1309,0.1,-0.14,2.3771,-0.0556,2.4695,0.1485,0.0689,0.023,0.0293,0.5637,0.9604,0.007,0.0173,0.2779,25.0301,10.8763,0.0588
open_plane_source_step_combined_5_20260913,6145,644,7960688417448,639,639,True,7960690962114,645,16.08,16081,53906,0.1,0.25,False,0.1,0.25,643,0.1,0.1309,-0.0282,0.0222,0.9618,1486.245,1487.279,0.1309,0.1,-0.1403,2.375,-0.0678,2.4695,0.1485,0.0689,0.023,0.0293,0.5877,0.957,0.0068,0.0173,0.2895,25.0819,10.9099,0.0588
open_plane_source_step_combined_5_20260913,6155,645,7960713697863,640,640,True,7960715979544,646,16.1050014,16106,53990,0.1,0.25,False,0.1,0.25,644,0.1,0.1309,-0.0282,0.0221,0.9618,1487.299,1488.356,0.1309,0.1,-0.1401,2.3745,-0.0703,2.4695,0.1485,0.0689,0.023,0.0293,0.6118,0.9535,0.0065,0.0174,0.3009,25.1329,10.9448,0.0588
open_plane_source_step_combined_5_20260913,6164,646,7960738448662,641,641,True,7960741131187,647,16.1300011,16131,54074,0.1,0.25,False,0.1,0.25,645,0.1,0.1309,-0.0282,0.0221,0.9618,1488.352,1489.432,0.1309,0.1,-0.14,2.3781,-0.0519,2.4695,0.1485,0.0689,0.023,0.0293,0.6359,0.9498,0.0063,0.0175,0.3124,25.183,10.9808,0.0588
open_plane_source_step_combined_5_20260913,6173,647,7960763392544,642,642,True,7960765891463,648,16.155,16156,54158,0.1,0.25,False,0.1,0.25,646,0.1,0.1309,-0.0282,0.0221,0.9618,1489.41,1490.509,0.1309,0.1,-0.14,2.3757,-0.0651,2.4695,0.1485,0.0689,0.023,0.0293,0.6599,0.9459,0.0061,0.0176,0.3238,25.2323,11.018,0.0588
open_plane_source_step_combined_5_20260913,6181,648,7960788195651,643,643,True,7960791091166,649,16.18,16181,54239,0.7,0.25,False,0.7,0.25,647,0.1,0.1309,-0.0282,0.0221,0.9618,1490.463,1491.586,0.1309,0.1,-0.1403,2.3765,-0.0635,2.4695,0.1485,0.0689,0.023,0.0293,0.684,0.942,0.0059,0.0176,0.3352,25.2807,11.0564,0.0588
open_plane_source_step_combined_5_20260913,6190,649,7960813657376,644,644,True,7960815981467,650,16.205,16206,54309,0.7,0.25,False,0.7,0.25,648,0.7,0.1309,-0.0096,-0.0691,1.0328,1497.555,1498.671,0.1309,0.7,4.5185,2.8833,0.0379,2.5807,0.1535,0.0671,0.0233,0.0276,0.7092,0.9377,0.0061,0.017,0.347,25.3292,11.0968,0.0586
open_plane_source_step_combined_5_20260913,6200,650,7960838565731,645,645,True,7960841239360,651,16.2300014,16231,54395,0.7,0.25,False,0.7,0.25,649,0.7,0.1309,0.0003,-0.0641,1.0787,1505.016,1506.122,0.1309,0.7,4.4851,3.1314,0.0465,2.6974,0.1591,0.0637,0.0239,0.0253,0.7355,0.933,0.0066,0.0161,0.3593,25.3789,11.1404,0.0582
open_plane_source_step_combined_5_20260913,6209,651,7960863632123,646,646,True,7960866015937,652,16.2550011,16256,54472,0.7,0.25,False,0.7,0.25,650,0.7,0.1309,0.0094,-0.0521,1.1244,1512.477,1513.574,0.1309,0.7,4.4399,3.3829,0.0231,2.8134,0.1647,0.0605,0.0247,0.0232,0.7631,0.928,0.0071,0.0154,0.3722,25.4296,11.1872,0.0578
open_plane_source_step_combined_5_20260913,6218,652,7960888720617,647,647,True,7960890873747,653,16.28,16281,54562,0.7,0.25,False,0.7,0.25,651,0.7,0.1309,0.0178,-0.0406,1.1699,1519.939,1521.025,0.1309,0.7,4.391,3.6347,-0.0102,2.9287,0.1702,0.0574,0.0256,0.0213,0.7917,0.9226,0.0077,0.0148,0.3854,25.481,11.2374,0.0575
open_plane_source_step_combined_5_20260913,6227,653,7960913821514,648,648,True,7960916064773,654,16.305,16306,54656,0.7,0.25,False,0.7,0.25,652,0.7,0.1309,0.0258,-0.0298,1.215,1527.4,1528.477,0.1309,0.7,4.3577,3.9113,-0.0022,3.0431,0.1757,0.0545,0.0268,0.0197,0.8215,0.9167,0.0084,0.0144,0.3991,25.5329,11.2912,0.0573
open_plane_source_step_combined_5_20260913,6236,654,7960938263101,649,649,True,7960940836641,655,16.33,16331,54740,0.7,0.25,False,0.7,0.25,653,0.7,0.1309,0.0333,-0.0196,1.2598,1534.861,1535.928,0.1309,0.7,4.3008,4.1786,-0.0536,3.1568,0.181,0.0518,0.0281,0.0182,0.8525,0.9105,0.009,0.0141,0.4133,25.5851,11.3486,0.057
open_plane_source_step_combined_5_20260913,6245,655,7960963131531,650,650,True,7960965955402,656,16.3550014,16356,54817,0.7,0.25,False,0.7,0.25,654,0.7,0.1309,0.0404,-0.01,1.3043,1542.326,1543.379,0.1309,0.7,4.2553,4.463,-0.0773,3.2698,0.1863,0.0493,0.0296,0.0169,0.8845,0.9037,0.0098,0.014,0.4278,25.6373,11.4097,0.0568
open_plane_source_step_combined_5_20260913,6254,656,7960988447864,651,651,True,7960991553304,657,16.3800011,16381,54899,0.7,0.25,False,0.7,0.25,655,0.7,0.1309,0.0471,-0.0008,1.3485,1549.787,1550.831,0.1309,0.7,4.2195,4.7593,-0.0777,3.382,0.1915,0.0469,0.0313,0.0158,0.9177,0.8965,0.0105,0.014,0.4427,25.6892,11.4747,0.0566
open_plane_source_step_combined_5_20260913,6263,657,7961014081433,652,652,True,7961016084920,658,16.405,16406,54979,0.7,0.25,False,0.7,0.25,656,0.7,0.1309,0.0535,0.0081,1.3923,1557.252,1558.279,0.1309,0.7,4.1714,5.0587,-0.109,3.4934,0.1966,0.0446,0.033,0.0148,0.952,0.8887,0.0113,0.0141,0.458,25.7407,11.5437,0.0565
open_plane_source_step_combined_5_20260913,6271,658,7961038241189,653,653,True,7961041195145,659,16.43,16431,55057,0.7,0.25,False,0.7,0.25,657,0.7,0.1309,0.0597,0.0167,1.4358,1564.716,1565.731,0.1309,0.7,4.1301,5.3647,-0.1257,3.6041,0.2017,0.0426,0.035,0.0139,0.9874,0.8805,0.0121,0.0144,0.4737,25.7913,11.6166,0.0563
open_plane_source_step_combined_5_20260913,6280,659,7961063601995,654,654,True,7961065857798,660,16.455,16456,55131,0.7,0.25,False,0.7,0.25,658,0.7,0.1309,0.0654,0.0251,1.479,1572.181,1573.179,0.1309,0.7,4.0795,5.6736,-0.1663,3.714,0.2066,0.0406,0.037,0.0131,1.0238,0.8717,0.0129,0.0148,0.4896,25.8407,11.6936,0.0562
open_plane_source_step_combined_5_20260913,6289,660,7961088936442,655,655,True,7961090871952,661,16.4800014,16481,55216,0.7,0.25,False,0.7,0.25,659,0.7,0.1309,0.071,0.0335,1.5218,1579.645,1580.627,0.1309,0.7,4.0346,5.9939,-0.1943,3.8232,0.2114,0.0387,0.0392,0.0124,1.0613,0.8623,0.0138,0.0153,0.5059,25.8887,11.7748,0.056
open_plane_source_step_combined_5_20260913,6298,661,7961114151313,656,656,True,7961117442733,662,16.506,16507,55294,0.7,0.25,False,0.7,0.25,660,0.7,0.1309,0.0766,0.0421,1.566,1587.411,1588.373,0.1309,0.7,3.9916,6.338,-0.2161,3.936,0.2163,0.0369,0.0416,0.0118,1.1015,0.852,0.0146,0.0159,0.5231,25.9367,11.8636,0.0559
open_plane_source_step_combined_5_20260913,6308,662,7961138745036,657,657,True,7961140952017,663,16.53,16531,55375,0.7,0.25,False,0.7,0.25,661,0.7,0.1309,0.0816,0.0501,1.6064,1594.578,1595.523,0.1309,0.7,3.9495,6.6649,-0.2438,4.0394,0.2207,0.0353,0.044,0.0113,1.1396,0.8419,0.0155,0.0166,0.5392,25.9789,11.9495,0.0558
open_plane_source_step_combined_5_20260913,6317,663,7961163229274,658,658,True,7961165985137,664,16.555,16556,55466,0.7,0.25,False,0.7,0.25,662,0.7,0.1309,0.0866,0.0585,1.6481,1602.042,1602.968,0.1309,0.7,3.9076,7.0093,-0.2706,4.1464,0.2252,0.0337,0.0465,0.0108,1.1804,0.8307,0.0163,0.0174,0.5562,26.0204,12.0431,0.0558
open_plane_source_step_combined_5_20260913,6325,664,7961188299613,659,659,True,7961190972821,665,16.58,16581,55547,0.7,0.25,False,0.7,0.25,663,0.7,0.1309,0.0915,0.0669,1.6895,1609.51,1610.416,0.1309,0.7,3.8578,7.3442,-0.3208,4.2527,0.2295,0.0323,0.0492,0.0104,1.2221,0.8189,0.0172,0.0183,0.5735,26.059,12.1407,0.0557
open_plane_source_step_combined_5_20260913,6335,665,7961213222416,660,660,True,7961216121107,666,16.6050014,16606,55631,0.7,0.25,False,0.7,0.25,664,0.7,0.1309,0.0962,0.0755,1.7305,1616.978,1617.861,0.1309,0.7,3.8118,7.6984,-0.3622,4.3582,0.2337,0.0308,0.052,0.01,1.2649,0.8064,0.018,0.0194,0.5908,26.0944,12.2424,0.0556
open_plane_source_step_combined_5_20260913,6344,666,7961238543046,661,661,True,7961241125723,667,16.6300011,16631,55711,0.7,0.25,False,0.7,0.25,665,0.7,0.1309,0.1009,0.0842,1.7711,1624.446,1625.303,0.1309,0.7,3.7618,8.0429,-0.4155,4.463,0.2377,0.0294,0.0549,0.0096,1.3088,0.7932,0.0188,0.0205,0.6083,26.1261,12.3481,0.0556
open_plane_source_step_combined_5_20260913,6353,667,7961263616782,662,662,True,7961266215038,668,16.655,16656,55794,0.7,0.25,False,0.7,0.25,666,0.7,0.1309,0.1054,0.0934,1.8108,1631.917,1632.748,0.1309,0.7,3.7076,8.4036,-0.4582,4.5669,0.2415,0.0281,0.0579,0.0093,1.3536,0.7793,0.0196,0.0218,0.6259,26.1537,12.4575,0.0555
open_plane_source_step_combined_5_20260913,6361,668,7961288799653,663,663,True,7961290997887,669,16.68,16681,55873,0.7,0.25,False,0.7,0.25,667,0.7,0.1309,0.1099,0.1028,1.8503,1639.385,1640.193,0.1309,0.7,3.6456,8.7633,-0.5033,4.6697,0.245,0.0268,0.061,0.0091,1.3995,0.7647,0.0204,0.0231,0.6436,26.177,12.5706,0.0554
open_plane_source_step_combined_5_20260913,6371,669,7961314099875,664,664,True,7961317160461,670,16.7060013,16707,55962,0.7,0.25,False,0.7,0.25,668,0.7,0.1309,0.114,0.1136,1.8909,1647.153,1647.936,0.1309,0.7,3.5294,9.112,-0.5614,4.7749,0.2481,0.0255,0.0643,0.0088,1.4482,0.7488,0.0212,0.0246,0.662,26.196,12.692,0.0554
open_plane_source_step_combined_5_20260913,6379,670,7961338540921,665,665,True,7961341258031,671,16.7300014,16731,56036,0.7,0.25,False,0.7,0.25,669,0.7,0.1309,0.1135,0.1264,1.9226,1654.327,1655.083,0.1309,0.7,3.2648,9.3607,-0.6052,4.8676,0.2493,0.0248,0.0675,0.0087,1.4941,0.7334,0.0218,0.0261,0.679,26.2086,12.807,0.0554
open_plane_source_step_combined_5_20260913,6388,671,7961363811567,666,666,True,7961366048785,672,16.7550011,16756,56107,0.7,0.25,False,0.7,0.25,670,0.7,0.1309,0.1123,0.1407,1.9519,1661.801,1662.528,0.1309,0.7,2.9747,9.606,-0.6541,4.9572,0.2487,0.0249,0.0707,0.0087,1.5427,0.7166,0.0223,0.0278,0.6965,26.2162,12.9296,0.0553
open_plane_source_step_combined_5_20260913,6398,672,7961388396494,667,667,True,7961391049934,673,16.78,16781,56192,0.7,0.25,False,0.7,0.25,671,0.7,0.1309,0.1087,0.1539,1.9758,1669.272,1669.976,0.1309,0.7,2.7462,9.8007,-0.6838,5.0404,0.2458,0.0258,0.074,0.0088,1.5919,0.6992,0.0227,0.0295,0.7139,26.218,13.0545,0.0554
open_plane_source_step_combined_5_20260913,6407,673,7961413329395,668,668,True,7961416039352,674,16.805,16806,56272,0.7,0.25,False,0.7,0.25,672,0.7,0.1309,0.0992,0.163,1.9925,1676.747,1677.427,0.1309,0.7,2.6492,9.8524,-0.7308,5.1191,0.2395,0.0273,0.077,0.009,1.6417,0.6812,0.0229,0.0313,0.7311,26.2138,13.1814,0.0554
open_plane_source_step_combined_5_20260913,6415,674,7961438386730,669,669,True,7961441032587,675,16.83,16831,56344,0.7,0.25,False,0.7,0.25,673,0.7,0.1309,0.0869,0.169,2.0084,1684.221,1684.875,0.1309,0.7,2.6357,9.8518,-0.7546,5.1964,0.2279,0.0295,0.0798,0.0093,1.6919,0.6626,0.023,0.0329,0.7479,26.2032,13.3099,0.0554
open_plane_source_step_combined_5_20260913,6424,675,7961463432464,670,670,True,7961466028246,676,16.8550014,16856,56423,0.7,0.25,False,0.7,0.25,674,0.7,0.1309,0.075,0.174,2.0243,1691.692,1692.324,0.1309,0.7,2.6311,9.8241,-0.7931,5.2729,0.21,0.0321,0.0823,0.0094,1.7425,0.6435,0.0229,0.0345,0.7644,26.1864,13.4397,0.0554
open_plane_source_step_combined_5_20260913,6433,676,7961488729640,671,671,True,7961490995742,677,16.8800011,16881,56493,0.7,0.25,False,0.7,0.25,675,0.7,0.1309,0.0641,0.1782,2.0397,1699.166,1699.775,0.1309,0.7,2.6641,9.8188,-0.7852,5.3487,0.1858,0.0354,0.0845,0.0096,1.7935,0.6237,0.0226,0.036,0.7805,26.1632,13.5705,0.0554
open_plane_source_step_combined_5_20260913,6443,677,7961513303306,672,672,True,7961516038680,678,16.905,16906,56575,0.7,0.25,False,0.7,0.25,676,0.7,0.1309,0.0525,0.1813,2.0546,1706.641,1707.223,0.1309,0.7,2.7134,9.7333,-0.8284,5.4242,0.1545,0.039,0.0865,0.0097,1.8449,0.6035,0.0222,0.0374,0.7962,26.1337,13.7019,0.0554
open_plane_source_step_combined_5_20260913,6450,678,7961538534127,673,673,True,7961541118477,679,16.93,16931,56663,0.7,0.25,False,0.7,0.25,677,0.7,0.1309,0.0402,0.1831,2.0688,1714.112,1714.675,0.1309,0.7,2.8303,9.6519,-0.8142,5.4999,0.1154,0.0432,0.0881,0.0098,1.8967,0.5826,0.0217,0.0386,0.8115,26.0978,13.8336,0.0554
open_plane_source_step_combined_5_20260913,6461,679,7961563469252,674,674,True,7961565977279,680,16.955,16956,56754,0.7,0.25,False,0.7,0.25,678,0.7,0.1309,0.0262,0.1831,2.0821,1721.586,1722.12,0.1309,0.7,3.0065,9.4796,-0.8188,5.5771,0.0673,0.048,0.0895,0.0097,1.9487,0.5613,0.0211,0.0397,0.8264,26.0555,13.9656,0.0554
open_plane_source_step_combined_5_20260913,6470,680,7961588803608,675,675,True,7961590876136,681,16.9800014,16981,56835,0.7,0.25,False,0.7,0.25,679,0.7,0.1309,0.0089,0.181,2.0939,1729.061,1729.565,0.1309,0.7,3.2663,9.1931,-0.8098,5.6571,0.0079,0.0533,0.0904,0.0096,2.0012,0.5394,0.0204,0.0406,0.8408,26.0068,14.0975,0.0554
open_plane_source_step_combined_5_20260913,6479,681,7961613233524,676,676,True,7961616134790,682,17.0050011,17006,56915,0.7,0.25,False,0.7,0.25,680,0.7,0.1309,-0.0273,0.177,2.0879,1736.529,1737.01,0.1309,0.7,3.4574,8.4035,-0.7094,5.7398,-0.0689,0.0596,0.0907,0.0093,2.0537,0.5172,0.0195,0.0412,0.8547,25.952,14.2293,0.0554
open_plane_source_step_combined_5_20260913,6488,682,7961638689689,677,677,True,7961641021965,683,17.03,17031,56999,0.7,0.25,False,0.7,0.25,681,0.7,0.1309,-0.0887,0.1748,2.0709,1743.996,1744.454,0.1309,0.7,3.5162,7.1147,-0.5319,5.82,-0.1764,0.0685,0.0897,0.009,2.1058,0.4947,0.0183,0.0412,0.8679,25.8913,14.3609,0.0553
open_plane_source_step_combined_5_20260913,6497,683,7961663603444,678,678,True,7961666058992,684,17.055,17056,57082,0.7,0.25,False,0.7,0.25,682,0.7,0.1309,-0.131,0.173,2.0756,1751.464,1751.899,0.1309,0.7,3.4895,6.1844,-0.5092,5.8943,-0.3164,0.0798,0.0873,0.0087,2.1578,0.472,0.0168,0.0405,0.8805,25.8255,14.4924,0.0553
open_plane_source_step_combined_5_20260913,6506,684,7961688421750,679,679,True,7961691247704,685,17.08,17081,57168,0.7,0.25,False,0.7,0.25,683,0.7,0.1309,-0.1268,0.1715,2.1066,1758.929,1759.344,0.1309,0.7,3.4781,6.1578,-0.4714,5.9602,-0.4731,0.0917,0.0845,0.0085,2.2102,0.4488,0.0152,0.0396,0.8926,25.755,14.624,0.0553
open_plane_source_step_combined_5_20260913,6515,685,7961713588440,680,680,True,7961717450233,686,17.1050014,17106,57253,0.7,0.25,False,0.7,0.25,684,0.7,0.1309,-0.1156,0.1696,2.1386,1766.393,1766.789,0.1309,0.7,3.4352,6.164,-0.5273,6.0167,-0.637,0.1033,0.0819,0.0084,2.2635,0.4249,0.0136,0.0388,0.9043,25.68,14.7555,0.0552
open_plane_source_step_combined_5_20260913,6524,686,7961738353205,681,681,True,7961741166316,687,17.1300011,17131,57334,0.7,0.25,False,0.7,0.25,685,0.7,0.1309,-0.1052,0.1679,2.1705,1773.855,1774.231,0.1309,0.7,3.4428,6.2411,-0.467,6.0633,-0.8073,0.1148,0.0796,0.0082,2.3175,0.4003,0.0122,0.0381,0.9155,25.6004,14.8866,0.0552
open_plane_source_step_combined_5_20260913,6533,687,7961763234720,682,682,True,7961766090631,688,17.155,17156,57402,0.7,0.25,False,0.7,0.25,686,0.7,0.1309,-0.096,0.1665,2.2025,1781.319,1781.676,0.1309,0.7,3.4294,6.2842,-0.4678,6.0996,-0.9835,0.1263,0.0775,0.0081,2.3724,0.3751,0.0108,0.0375,0.9262,25.5163,15.017,0.0552
open_plane_source_step_combined_5_20260913,6541,688,7961788311992,683,683,True,7961790997884,689,17.18,17181,57481,0.7,0.25,False,0.7,0.25,687,0.7,0.1309,-0.0879,0.1653,2.2344,1788.784,1789.121,0.1309,0.7,3.4305,6.3458,-0.4407,6.1249,-1.165,0.1377,0.0757,0.008,2.428,0.3492,0.0095,0.0369,0.9363,25.4277,15.1465,0.0552
open_plane_source_step_combined_5_20260913,6550,689,7961813410174,684,684,True,7961816023549,690,17.205,17206,57561,0.7,0.25,False,0.7,0.25,688,0.7,0.1309,-0.0804,0.1644,2.2663,1796.248,1796.566,0.1309,0.7,3.4319,6.4054,-0.4209,6.1389,-1.3512,0.1491,0.074,0.0079,2.4844,0.3226,0.0082,0.0363,0.9458,25.3345,15.2747,0.0552
open_plane_source_step_combined_5_20260913,6559,690,7961838899262,685,685,True,7961840908741,691,17.2300014,17231,57646,0.7,0.25,False,0.7,0.25,689,0.7,0.1309,-0.074,0.1638,2.2981,1803.709,1804.01,0.1309,0.7,3.4225,6.4451,-0.4378,6.1411,-1.5415,0.1603,0.0726,0.0078,2.5417,0.2954,0.007,0.0358,0.9547,25.2369,15.4016,0.0552
open_plane_source_step_combined_5_20260913,6569,691,7961863406081,686,686,True,7961865907285,692,17.2550011,17256,57720,0.7,0.25,False,0.7,0.25,690,0.7,0.1309,-0.0679,0.1633,2.3299,1811.174,1811.459,0.1309,0.7,3.4339,6.5102,-0.4122,6.131,-1.735,0.1715,0.0712,0.0077,2.5997,0.2676,0.0058,0.0353,0.9629,25.1349,15.5266,0.0552
open_plane_source_step_combined_5_20260913,6578,692,7961889011547,687,687,True,7961892136795,693,17.281,17282,57808,0.7,0.25,False,0.7,0.25,691,0.7,0.1309,-0.063,0.1632,2.3629,1818.936,1819.208,0.1309,0.7,3.4103,6.5229,-0.4838,6.107,-1.9391,0.1829,0.07,0.0076,2.6608,0.2381,0.0046,0.0349,0.9706,25.0242,15.6546,0.0552
open_plane_source_step_combined_5_20260913,6587,693,7961913466500,688,688,True,7961915980478,694,17.305,17306,57887,0.7,0.25,False,0.7,0.25,692,0.7,0.1309,-0.0583,0.1631,2.3933,1826.103,1826.358,0.1309,0.7,3.4386,6.6023,-0.4341,6.0724,-2.1291,0.1935,0.069,0.0076,2.7181,0.2102,0.0035,0.0345,0.977,24.918,15.7705,0.0552
open_plane_source_step_combined_5_20260913,6595,694,7961938334288,689,689,True,7961941174560,695,17.33,17331,57971,0.7,0.25,False,0.7,0.25,693,0.7,0.1309,-0.054,0.1632,2.4249,1833.564,1833.807,0.1309,0.7,3.4608,6.6685,-0.4103,6.0233,-2.3278,0.2043,0.0681,0.0075,2.7784,0.1806,0.0024,0.0341,0.983,24.8034,15.8887,0.0552
open_plane_source_step_combined_5_20260913,6605,695,7961963832432,690,690,True,7961965995891,696,17.3550014,17356,58046,0.7,0.25,False,0.7,0.25,694,0.7,0.1309,-0.0504,0.1635,2.4563,1841.029,1841.258,0.1309,0.7,3.4843,6.732,-0.3924,5.9606,-2.5266,0.2149,0.0672,0.0075,2.8396,0.1505,0.0014,0.0338,0.988,24.6847,16.0041,0.0552
open_plane_source_step_combined_5_20260913,6612,696,7961988437277,691,691,True,7961990984567,697,17.3800011,17381,58123,0.7,0.25,False,0.7,0.25,695,0.7,0.1309,-0.0472,0.1639,2.4878,1848.494,1848.706,0.1309,0.7,3.4951,6.771,-0.417,5.8842,-2.7244,0.2253,0.0665,0.0074,2.9016,0.1198,0.0003,0.0334,0.9922,24.5622,16.1164,0.0552
open_plane_source_step_combined_5_20260913,6622,697,7962013720707,692,692,True,7962016253821,698,17.405,17406,58201,0.7,0.25,False,0.7,0.25,696,0.7,0.1309,-0.0444,0.1645,2.5192,1855.958,1856.154,0.1309,0.7,3.5088,6.8096,-0.4431,5.7939,-2.9203,0.2354,0.0658,0.0074,2.9643,0.0886,-0.0008,0.0331,0.9955,24.4361,16.2254,0.0552
open_plane_source_step_combined_5_20260913,6632,698,7962038601370,693,693,True,7962041176824,699,17.43,17431,58288,0.7,0.25,False,0.7,0.25,697,0.7,0.1309,-0.0419,0.1652,2.5505,1863.423,1863.606,0.1309,0.7,3.5389,6.8642,-0.4389,5.6897,-3.1133,0.2452,0.0652,0.0074,3.0278,0.0569,-0.0018,0.0327,0.9978,24.3065,16.3307,0.0551
open_plane_source_step_combined_5_20260913,6641,699,7962063759775,694,694,True,7962066476745,700,17.453001,17454,58361,0.7,0.25,False,0.7,0.25,698,0.7,0.1309,-0.0395,0.1658,2.5793,1870.288,1870.458,0.1309,0.7,3.5867,6.9376,-0.3925,5.5816,-3.2873,0.254,0.0647,0.0073,3.087,0.0274,-0.0028,0.0324,0.9991,24.1843,16.4243,0.0551
open_plane_source_step_combined_5_20260913,6650,700,7962089132644,695,695,True,7962092310941,701,17.4800014,17481,58442,0.7,0.25,False,0.7,0.25,699,0.7,0.1309,-0.0373,0.1667,2.6129,1878.348,1878.502,0.1309,0.7,3.6186,6.9825,-0.4093,5.4397,-3.4863,0.2638,0.0641,0.0073,3.1572,-0.0077,-0.0039,0.032,0.9994,24.0375,16.5297,0.0551
open_plane_source_step_combined_5_20260913,6657,701,7962113829040,696,696,True,7962116167969,702,17.5050011,17506,58523,0.7,0.25,False,0.7,0.25,700,0.7,0.1309,-0.0356,0.1677,2.644,1885.813,1885.954,0.1309,0.7,3.6578,7.0298,-0.4113,5.2942,-3.6642,0.2724,0.0637,0.0073,3.2231,-0.0406,-0.0049,0.0317,0.9987,23.8986,16.6229,0.0551
open_plane_source_step_combined_5_20260913,6667,702,7962138473098,697,697,True,7962140982227,703,17.53,17531,58598,0.7,0.25,False,0.7,0.25,701,0.7,0.1309,-0.034,0.1688,2.675,1893.278,1893.402,0.1309,0.7,3.6957,7.0692,-0.4246,5.1353,-3.835,0.2806,0.0633,0.0073,3.2897,-0.0738,-0.006,0.0313,0.9968,23.7571,16.7116,0.0551
open_plane_source_step_combined_5_20260913,6676,703,7962163765635,698,698,True,7962166035865,704,17.555,17556,58684,0.7,0.25,False,0.7,0.25,702,0.7,0.1309,-0.0323,0.1701,2.7057,1900.739,1900.85,0.1309,0.7,3.7616,7.1532,-0.3639,4.9632,-3.9976,0.2878,0.063,0.0072,3.3571,-0.1074,-0.007,0.0309,0.9937,23.6133,16.7956,0.0551
open_plane_source_step_combined_5_20260913,6684,704,7962188409954,699,699,True,7962191071429,705,17.58,17581,58769,0.7,0.25,False,0.7,0.25,703,0.7,0.1309,-0.0315,0.1709,2.7367,1908.203,1908.302,0.1309,0.7,3.7954,7.1721,-0.4044,4.7786,-4.1505,0.295,0.0627,0.0072,3.4253,-0.1412,-0.008,0.0305,0.9895,23.4675,16.8746,0.0551
open_plane_source_step_combined_5_20260913,6695,705,7962213411003,700,700,True,7962216045778,706,17.6050014,17606,58852,0.7,0.25,False,0.7,0.25,704,0.7,0.1309,-0.0305,0.1722,2.7674,1915.668,1915.75,0.1309,0.7,3.8441,7.2039,-0.417,4.5819,-4.2932,0.3013,0.0624,0.0072,3.4943,-0.1752,-0.009,0.0301,0.984,23.3199,16.9486,0.0551
open_plane_source_step_combined_5_20260913,6704,706,7962238550102,701,701,True,7962241268845,707,17.6300011,17631,58935,0.7,0.25,False,0.7,0.25,705,0.7,0.1309,-0.0296,0.1735,2.798,1923.133,1923.201,0.1309,0.7,3.8981,7.235,-0.4251,4.3738,-4.4244,0.3068,0.0621,0.0072,3.564,-0.2094,-0.01,0.0296,0.9773,23.1709,17.0175,0.0551
open_plane_source_step_combined_5_20260913,6712,707,7962263609661,702,702,True,7962266011388,708,17.655,17656,59017,0.7,0.25,False,0.7,0.25,706,0.7,0.1309,-0.0289,0.1749,2.8285,1930.594,1930.65,0.1309,0.7,3.9552,7.2638,-0.4323,4.1549,-4.5432,0.3116,0.0619,0.0072,3.6345,-0.2437,-0.011,0.0291,0.9693,23.0208,17.0809,0.0551
open_plane_source_step_combined_5_20260913,6721,708,7962288314093,703,703,True,7962291080836,709,17.68,17681,59102,0.7,0.25,False,0.7,0.25,707,0.7,0.1309,-0.028,0.1762,2.859,1938.058,1938.098,0.1309,0.7,4.0233,7.2998,-0.4187,3.9262,-4.6486,0.3154,0.0617,0.0072,3.7057,-0.2781,-0.012,0.0286,0.9601,22.8699,17.139,0.0551
open_plane_source_step_combined_5_20260913,6730,709,7962313737026,704,704,True,7962316362343,710,17.705,17706,59183,0.7,0.25,False,0.7,0.25,708,0.7,0.1309,-0.0274,0.1776,2.8894,1945.523,1945.549,0.1309,0.7,4.0888,7.3251,-0.4176,3.6884,-4.7395,0.3185,0.0615,0.0072,3.7777,-0.3125,-0.013,0.0281,0.9494,22.7187,17.1915,0.0551
open_plane_source_step_combined_5_20260913,6740,710,7962339125413,705,705,True,7962342670460,711,17.731,17732,59264,0.7,0.25,False,0.7,0.25,709,0.7,0.1309,-0.0269,0.1791,2.9209,1953.285,1953.295,0.1309,0.7,4.1552,7.3417,-0.4261,3.4327,-4.8179,0.3206,0.0614,0.0071,3.8534,-0.3482,-0.014,0.0275,0.9369,22.5613,17.2402,0.0551
open_plane_source_step_combined_5_20260913,6749,711,7962363800820,706,706,True,7962365901000,712,17.7550011,17756,59339,0.7,0.25,False,0.7,0.25,710,0.7,0.1309,-0.0266,0.1806,2.9499,1960.449,1960.445,0.1309,0.7,4.2118,7.3447,-0.4487,3.1901,-4.8749,0.3217,0.0612,0.0071,3.924,-0.381,-0.015,0.0269,0.9241,22.4164,17.2797,0.0551
open_plane_source_step_combined_5_20260913,6757,712,7962388221438,707,707,True,7962391021193,713,17.78,17781,59401,0.7,0.25,False,0.7,0.25,711,0.7,0.1309,-0.0262,0.1821,2.98,1967.913,1967.897,0.1309,0.7,4.2874,7.362,-0.4368,2.9317,-4.9177,0.3218,0.0611,0.0071,3.9983,-0.4151,-0.0159,0.0263,0.9093,22.2661,17.3154,0.0551
open_plane_source_step_combined_5_20260913,6766,713,7962413456137,708,708,True,7962416118644,714,17.805,17806,59482,0.7,0.25,False,0.7,0.25,712,0.7,0.1309,-0.0258,0.1836,3.0101,1975.378,1975.345,0.1309,0.7,4.3666,7.3792,-0.4176,2.6689,-4.9431,0.3209,0.061,0.0071,4.0733,-0.4489,-0.0169,0.0256,0.8931,22.1169,17.3454,0.0551
open_plane_source_step_combined_5_20260913,6775,714,7962438431948,709,709,True,7962441129301,715,17.83,17831,59551,0.7,0.25,False,0.7,0.25,713,0.7,0.1309,-0.0254,0.1851,3.0401,1982.842,1982.797,0.1309,0.7,4.4392,7.3808,-0.4171,2.4029,-4.9505,0.319,0.0609,0.0071,4.1491,-0.4824,-0.0178,0.0249,0.8754,21.9692,17.3699,0.0551
open_plane_source_step_combined_5_20260913,6785,715,7962463408081,710,710,True,7962466068284,716,17.8550014,17856,59624,0.7,0.25,False,0.7,0.25,714,0.7,0.1309,-0.0254,0.1867,3.07,1990.304,1990.245,0.1309,0.7,4.5095,7.3734,-0.423,2.1352,-4.9394,0.3159,0.0608,0.0071,4.2256,-0.5155,-0.0187,0.0242,0.8563,21.8233,17.3889,0.0551
open_plane_source_step_combined_5_20260913,6793,716,7962488411485,711,711,True,7962491222882,717,17.8800011,17881,59704,0.7,0.25,False,0.7,0.25,715,0.7,0.1309,-0.0251,0.1883,3.0998,1997.768,1997.693,0.1309,0.7,4.5926,7.3783,-0.3973,1.8672,-4.9094,0.3118,0.0607,0.0071,4.3029,-0.5482,-0.0196,0.0234,0.8358,21.6797,17.4024,0.0551
open_plane_source_step_combined_5_20260913,6803,717,7962513739839,712,712,True,7962516069050,718,17.905,17906,59782,0.7,0.25,False,0.7,0.25,716,0.7,0.1309,-0.025,0.1899,3.1296,2005.233,2005.145,0.1309,0.7,4.6585,7.3556,-0.4126,1.6004,-4.8604,0.3065,0.0607,0.0071,4.381,-0.5804,-0.0205,0.0226,0.8137,21.5387,17.4107,0.0551
open_plane_source_step_combined_5_20260913,6812,718,7962538471091,713,713,True,7962541341520,719,17.93,17931,59855,0.7,0.25,False,0.7,0.25,717,0.7,0.1309,-0.0249,0.1914,3.1593,2012.697,2012.593,0.1309,0.7,4.7317,7.3393,-0.4075,1.3365,-4.7921,0.3002,0.0606,0.0071,4.4597,-0.612,-0.0213,0.0218,0.7903,21.4007,17.4139,0.0551
open_plane_source_step_combined_5_20260913,6821,719,7962563633474,714,714,True,7962566181055,720,17.955,17956,59922,0.7,0.25,False,0.7,0.25,718,0.7,0.1309,-0.0249,0.1931,3.1889,2020.162,2020.041,0.1309,0.7,4.8001,7.3108,-0.4119,1.077,-4.7048,0.2928,0.0605,0.0071,4.5392,-0.6429,-0.0222,0.0209,0.7653,21.266,17.4122,0.0551
open_plane_source_step_combined_5_20260913,6830,720,7962588554984,715,715,True,7962590891779,721,17.9800014,17981,60002,0.7,0.25,False,0.7,0.25,719,0.7,0.1309,-0.0247,0.1947,3.2184,2027.623,2027.492,0.1309,0.7,4.8719,7.2859,-0.4026,0.8235,-4.5983,0.2843,0.0605,0.0071,4.6195,-0.6731,-0.023,0.02,0.7389,21.1351,17.4058,0.0551
open_plane_source_step_combined_5_20260913,6839,721,7962613479439,716,716,True,7962616027952,722,18.0050011,18006,60065,0.7,0.25,False,0.7,0.25,720,0.7,0.1309,-0.0248,0.1964,3.2479,2035.088,2034.941,0.1309,0.7,4.9397,7.2521,-0.3986,0.5777,-4.4732,0.2747,0.0604,0.0071,4.7005,-0.7025,-0.0238,0.019,0.711,21.0082,17.395,0.0551
open_plane_source_step_combined_5_20260913,6847,722,7962638584784,717,717,True,7962641242022,723,18.03,18031,60149,0.7,0.25,False,0.7,0.25,721,0.7,0.1309,-0.0247,0.198,3.2772,2042.552,2042.389,0.1309,0.7,5.0051,7.2137,-0.3942,0.3412,-4.3299,0.2642,0.0604,0.0071,4.7822,-0.7309,-0.0245,0.018,0.6818,20.8857,17.38,0.0551
open_plane_source_step_combined_5_20260913,6857,723,7962663652028,718,718,True,7962666169833,724,18.055,18056,60219,0.7,0.25,False,0.7,0.25,722,0.7,0.1309,-0.0247,0.1997,3.3066,2050.017,2049.84,0.1309,0.7,5.0683,7.1722,-0.3869,0.1156,-4.1688,0.2527,0.0604,0.0071,4.8647,-0.7584,-0.0252,0.017,0.651,20.7679,17.3612,0.0551
open_plane_source_step_combined_5_20260913,6866,724,7962688835110,719,719,True,7962691093447,725,18.08,18081,60296,0.7,0.25,False,0.7,0.25,723,0.7,0.1309,-0.0248,0.2014,3.3357,2057.478,2057.288,0.1309,0.7,5.1257,7.1221,-0.3852,-0.0975,-3.9909,0.2403,0.0603,0.0071,4.9479,-0.7848,-0.0259,0.0159,0.6189,20.655,17.3389,0.0551
open_plane_source_step_combined_5_20260913,6875,725,7962713491290,720,720,True,7962716223779,726,18.1050014,18106,60381,0.7,0.25,False,0.7,0.25,724,0.7,0.1309,-0.0249,0.203,3.3649,2064.943,2064.74,0.1309,0.7,5.173,7.059,-0.3993,-0.2965,-3.7969,0.2271,0.0603,0.0071,5.0318,-0.8101,-0.0265,0.0148,0.5855,20.5473,17.3135,0.0551
open_plane_source_step_combined_5_20260913,6883,726,7962738712574,721,721,True,7962741084976,727,18.1300011,18131,60447,0.7,0.25,False,0.7,0.25,725,0.7,0.1309,-0.025,0.2047,3.394,2072.407,2072.188,0.1309,0.7,5.2251,7.0047,-0.3906,-0.48,-3.588,0.2131,0.0603,0.0071,5.1165,-0.8342,-0.0271,0.0136,0.5507,20.4451,17.2852,0.0551
open_plane_source_step_combined_5_20260913,6892,727,7962763406616,722,722,True,7962766228413,728,18.155,18156,60531,0.7,0.25,False,0.7,0.25,726,0.7,0.1309,-0.0251,0.2064,3.423,2079.872,2079.636,0.1309,0.7,5.2724,6.9461,-0.3825,-0.6464,-3.3654,0.1984,0.0602,0.0071,5.2018,-0.8569,-0.0276,0.0125,0.5146,20.3486,17.2547,0.0551
open_plane_source_step_combined_5_20260913,6902,728,7962788763905,723,723,True,7962791286820,729,18.18,18181,60612,0.7,0.25,False,0.7,0.25,727,0.7,0.1309,-0.0252,0.2081,3.4519,2087.333,2087.088,0.1309,0.7,5.3152,6.885,-0.3723,-0.7946,-3.1304,0.1831,0.0602,0.0071,5.288,-0.8783,-0.0281,0.0113,0.4772,20.2579,17.2222,0.0551
open_plane_source_step_combined_5_20260913,6910,729,7962813859051,724,724,True,7962816284553,730,18.205,18206,60693,0.7,0.25,False,0.7,0.25,728,0.7,0.1309,-0.0254,0.2098,3.4807,2094.798,2094.536,0.1309,0.7,5.345,6.8101,-0.3813,-0.9232,-2.8845,0.1673,0.0602,0.0071,5.3748,-0.8982,-0.0286,0.01,0.4386,20.1731,17.1883,0.0551
open_plane_source_step_combined_5_20260913,6920,730,7962838715879,725,725,True,7962841095625,731,18.2300014,18231,60767,0.7,0.25,False,0.7,0.25,729,0.7,0.1309,-0.0255,0.2114,3.5095,2102.262,2101.984,0.1309,0.7,5.3782,6.7453,-0.368,-1.0312,-2.6294,0.1511,0.0602,0.0071,5.4623,-0.9165,-0.029,0.0088,0.3989,20.0944,17.1534,0.0551
open_plane_source_step_combined_5_20260913,6929,731,7962863711649,726,726,True,7962866066878,732,18.2550011,18256,60850,0.7,0.25,False,0.7,0.25,730,0.7,0.1309,-0.0255,0.2131,3.5382,2109.727,2109.436,0.1309,0.7,5.4063,6.6798,-0.3517,-1.1177,-2.3667,0.1346,0.0602,0.0071,5.5506,-0.9332,-0.0293,0.0075,0.3581,20.0217,17.1179,0.0551
open_plane_source_step_combined_5_20260913,6938,732,7962888479109,727,727,True,7962891102182,733,18.28,18281,60927,0.7,0.25,False,0.7,0.25,731,0.7,0.1309,-0.0257,0.2147,3.5669,2117.188,2116.884,0.1309,0.7,5.4173,6.5972,-0.3637,-1.1817,-2.0983,0.118,0.0602,0.0071,5.6396,-0.9482,-0.0296,0.0062,0.3162,19.9552,17.0824,0.0551
open_plane_source_step_combined_5_20260913,6947,733,7962913720340,728,728,True,7962916170508,734,18.305,18306,61006,0.7,0.25,False,0.7,0.25,732,0.7,0.1309,-0.0259,0.2164,3.5954,2124.653,2124.332,0.1309,0.7,5.4297,6.5241,-0.3569,-1.2226,-1.8263,0.1013,0.0601,0.0071,5.7293,-0.9614,-0.0299,0.0048,0.2734,19.8948,17.0474,0.0551
open_plane_source_step_combined_5_20260913,6956,734,7962938826617,729,729,True,7962941169734,735,18.33,18331,61086,0.7,0.25,False,0.7,0.25,733,0.7,0.1309,-0.0261,0.2181,3.6239,2132.117,2131.783,0.1309,0.7,5.4315,6.4452,-0.36,-1.2401,-1.5526,0.0847,0.0601,0.0071,5.8197,-0.9728,-0.0301,0.0035,0.2297,19.8405,17.0133,0.0551
open_plane_source_step_combined_5_20260913,6965,735,7962963610007,730,730,True,7962966248680,736,18.3550014,18356,61159,0.7,0.25,False,0.7,0.25,734,0.7,0.1309,-0.0262,0.2198,3.6523,2139.582,2139.232,0.1309,0.7,5.4314,6.3725,-0.3516,-1.2337,-1.2795,0.0683,0.0601,0.0071,5.9109,-0.9823,-0.0302,0.0021,0.1851,19.792,16.9807,0.0551
open_plane_source_step_combined_5_20260913,6974,736,7962988511639,731,731,True,7962991178866,737,18.3800011,18381,61231,0.7,0.25,False,0.7,0.25,735,0.7,0.1309,-0.019,0.2225,3.6922,2147.043,2146.683,0.1309,0.7,5.3756,6.6323,-0.3678,-1.2037,-1.0072,0.0521,0.0601,0.0071,6.0028,-0.9897,-0.0303,0.0007,0.1398,19.7494,16.9499,0.0551
open_plane_source_step_combined_5_20260913,6982,737,7963013925365,732,732,True,7963016242853,738,18.405,18406,61314,0.7,0.25,False,0.7,0.25,736,0.7,0.1309,-0.0468,0.2228,3.6631,2154.508,2154.131,0.1309,0.7,5.2464,5.4555,-0.2917,-1.1515,-0.7481,0.0368,0.0601,0.0071,6.0957,-0.9951,-0.0302,-0.0007,0.0937,19.7122,16.9215,0.0551
open_plane_source_step_combined_5_20260913,6992,738,7963038883463,733,733,True,7963041045469,739,18.43,18431,61396,0.7,0.25,False,0.7,0.25,737,0.7,0.1309,-0.1888,0.1658,3.007,2161.969,2161.583,0.1309,0.7,5.9206,1.8552,-0.0323,-1.0607,-0.5991,0.0271,0.0567,0.007,6.1797,-0.9982,-0.0285,-0.002,0.0518,19.6805,16.8961,0.0551
open_plane_source_step_combined_5_20260913,7001,739,7963063387338,734,734,True,7963066087766,740,18.455,18456,61461,0.7,0.25,False,0.7,0.25,738,0.7,0.1309,-0.1473,0.1187,2.3174,2169.43,2169.038,0.1309,0.7,5.7808,2.3146,-0.0883,-0.9505,-0.4801,0.0194,0.053,0.0069,6.2458,-0.9995,-0.0266,-0.0029,0.0188,19.6538,16.8741,0.0551
open_plane_source_step_combined_5_20260913,7009,740,7963088573916,735,735,True,7963091074709,741,18.4800014,18481,61546,0.7,0.25,False,0.7,0.25,739,0.7,0.1309,-0.1102,0.0825,1.7098,2176.888,2176.492,0.1309,0.7,5.663,2.7109,-0.1187,-0.829,-0.3722,0.0133,0.0502,0.0068,0.0126,-0.9997,-0.0251,-0.0035,-0.0062,19.6314,16.856,0.0551
open_plane_source_step_combined_5_20260913,7018,741,7963113616353,736,736,True,7963116240999,742,18.5050011,18506,61628,0.7,0.25,False,0.7,0.25,740,0.7,0.1309,-0.0811,0.0536,1.1692,2184.349,2183.944,0.1309,0.7,5.5834,3.0226,-0.0957,-0.7001,-0.2727,0.0086,0.048,0.0067,0.0482,-0.9994,-0.0239,-0.0039,-0.024,19.6127,16.8418,0.0551
open_plane_source_step_combined_5_20260913,7028,742,7963138717470,737,737,True,7963141225096,743,18.53,18531,61713,0.7,0.25,False,0.7,0.25,741,0.7,0.1309,-0.0594,0.0297,0.6788,2191.811,2191.392,0.1309,0.7,5.5105,3.2416,-0.0933,-0.567,-0.1796,0.0047,0.0465,0.0066,0.071,-0.9991,-0.0231,-0.0041,-0.0354,19.5975,16.8317,0.0551
open_plane_source_step_combined_5_20260913,7037,743,7963163674467,738,738,True,7963166049133,744,18.555,18556,61795,0.7,0.25,False,0.7,0.25,742,0.7,0.1309,-0.0411,0.008,0.2233,2199.275,2198.843,0.1309,0.7,5.5543,3.5269,-0.1205,-0.4313,-0.0906,0.0014,0.0453,0.0066,0.082,-0.9989,-0.0225,-0.0042,-0.0409,19.5855,16.8257,0.0551
open_plane_source_step_combined_5_20260913,7046,744,7963188377966,739,739,True,7963190955203,745,18.5800018,18581,61876,0.7,0.25,False,0.7,0.25,743,0.7,0.1309,-0.1359,-0.0059,-0.1182,2206.74,2206.295,0.1309,0.7,5.4329,0.9066,0.0253,-0.296,-0.0097,-0.0014,0.0444,0.0066,0.0812,-0.9989,-0.022,-0.0042,-0.0405,19.5766,16.8241,0.0551
open_plane_source_step_combined_5_20260913,7055,745,7963213385067,740,740,True,7963216161048,746,18.6050014,18606,61946,0.7,0.25,False,0.7,0.25,744,0.7,0.1309,-0.1718,-0.0029,-0.0655,2214.198,2213.75,0.1309,0.7,5.4016,0.3216,0.0197,-0.1604,0.0018,-0.0007,0.0402,0.0066,0.079,-0.999,-0.0199,-0.0041,-0.0394,19.571,16.8239,0.0551
open_plane_source_step_combined_5_20260913,7063,746,7963238674719,741,741,True,7963241019098,747,18.6300011,18631,62030,0.7,0.25,False,0.7,0.25,745,0.7,0.1309,-0.1561,-0.0004,-0.0118,2221.656,2221.201,0.1309,0.7,5.3719,0.2862,0.0353,-0.0259,0.009,-0.0001,0.0361,0.0066,0.078,-0.9991,-0.0179,-0.004,-0.0389,19.5687,16.8239,0.0551
open_plane_source_step_combined_5_20260913,7072,747,7963263525025,742,742,True,7963266121358,748,18.655,18656,62115,0.7,0.25,False,0.7,0.25,746,0.7,0.1309,-0.1393,0.0015,0.0416,2229.117,2228.656,0.1309,0.7,5.3274,0.2884,0.0169,0.1078,0.0162,0.0004,0.0324,0.0066,0.0784,-0.9991,-0.0161,-0.0039,-0.0391,19.5698,16.8242,0.0551
open_plane_source_step_combined_5_20260913,7082,748,7963288774562,743,743,True,7963290933191,749,18.68,18681,62200,0.7,-0.25,False,0.7,-0.25,747,0.7,0.1309,-0.1237,0.003,0.0946,2236.575,2236.11,0.1309,0.7,5.2929,0.3077,0.0232,0.2406,0.0233,0.0011,0.0291,0.0066,0.0801,-0.9991,-0.0144,-0.0039,-0.04,19.5742,16.8248,0.0551
open_plane_source_step_combined_5_20260913,7091,749,7963313739383,744,744,True,7963315967703,750,18.7050018,18706,62287,0.7,-0.25,False,0.7,-0.25,748,0.7,0.0509,-0.1334,0.001,0.0627,2244.033,2243.565,0.0541,0.7,5.3074,-0.3784,0.0499,0.3737,0.019,0.0022,0.0259,0.0066,0.0823,-0.9991,-0.0128,-0.0038,-0.0411,19.5819,16.8256,0.0551
open_plane_source_step_combined_5_20260913,7099,750,7963338293582,745,745,True,7963341130337,751,18.7300014,18731,62369,0.7,-0.25,False,0.7,-0.25,749,0.7,-0.0291,-0.1354,-0.001,-0.0369,2251.488,2251.027,-0.0259,0.7,5.2319,-0.8137,0.0645,0.5054,0.0038,0.0034,0.0225,0.0065,0.0827,-0.9991,-0.0111,-0.0037,-0.0413,19.5929,16.8267,0.0551
open_plane_source_step_combined_5_20260913,7109,751,7963364028531,746,746,True,7963367115747,752,18.756,18757,62454,0.7,-0.25,False,0.7,-0.25,750,0.7,-0.1123,-0.139,-0.0026,-0.208,2259.24,2258.782,-0.1091,0.7,5.0956,-1.3271,0.0731,0.6396,-0.0223,0.0048,0.0189,0.0066,0.0796,-0.9992,-0.0093,-0.0037,-0.0397,19.6078,16.8281,0.0551
open_plane_source_step_combined_5_20260913,7118,752,7963388386932,747,747,True,7963391119441,753,18.78,18781,62520,0.7,-0.25,False,0.7,-0.25,751,0.7,-0.1309,-0.1019,-0.0044,-0.305,2266.397,2265.942,-0.1309,0.7,5.136,-0.621,0.0357,0.7627,-0.0397,0.0058,0.016,0.0066,0.073,-0.9993,-0.0079,-0.0036,-0.0364,19.6246,16.8295,0.0551
open_plane_source_step_combined_5_20260913,7126,753,7963413571707,748,748,True,7963416052382,754,18.805,18806,62602,0.7,-0.25,False,0.7,-0.25,752,0.7,-0.1309,-0.0891,-0.0047,-0.356,2273.849,2273.401,-0.1309,0.7,5.1033,-0.6473,0.0457,0.891,-0.0485,0.0066,0.0136,0.0066,0.0647,-0.9994,-0.0067,-0.0035,-0.0323,19.6453,16.8311,0.0551
open_plane_source_step_combined_5_20260913,7136,754,7963438420440,749,749,True,7963441134263,755,18.8300018,18831,62686,0.7,-0.25,False,0.7,-0.25,753,0.7,-0.1309,-0.0823,-0.0044,-0.4068,2281.304,2280.862,-0.1309,0.7,5.0553,-0.7339,0.0244,1.0186,-0.0566,0.0074,0.0114,0.0066,0.0551,-0.9996,-0.0056,-0.0035,-0.0275,19.6692,16.8327,0.0551
open_plane_source_step_combined_5_20260913,7145,755,7963463989146,750,750,True,7963466275045,756,18.8550014,18856,62760,0.7,-0.25,False,0.7,-0.25,754,0.7,-0.1309,-0.077,-0.0041,-0.4573,2288.758,2288.32,-0.1309,0.7,5.0231,-0.8365,0.0418,1.1453,-0.0646,0.0082,0.0093,0.0066,0.0443,-0.9997,-0.0046,-0.0034,-0.0221,19.6963,16.8341,0.0551
open_plane_source_step_combined_5_20260913,7154,756,7963488753300,751,751,True,7963491175626,757,18.8800011,18881,62834,0.7,-0.25,False,0.7,-0.25,755,0.7,-0.1309,-0.0727,-0.0035,-0.5075,2296.213,2295.778,-0.1309,0.7,4.985,-0.9512,0.0455,1.2711,-0.0724,0.009,0.0074,0.0066,0.0322,-0.9999,-0.0036,-0.0034,-0.0161,19.7265,16.8354,0.0551
open_plane_source_step_combined_5_20260913,7163,757,7963513832306,752,752,True,7963516285440,758,18.905,18906,62909,0.7,-0.25,False,0.7,-0.25,756,0.7,-0.1309,-0.0694,-0.0027,-0.5573,2303.668,2303.239,-0.1309,0.7,4.9465,-1.0785,0.0492,1.3962,-0.0801,0.0097,0.0055,0.0066,0.0189,-0.9999,-0.0027,-0.0033,-0.0094,19.7599,16.8364,0.0551
open_plane_source_step_combined_5_20260913,7172,758,7963538866938,753,753,True,7963541273124,759,18.93,18931,62987,0.7,-0.25,False,0.7,-0.25,757,0.7,-0.1309,-0.0669,-0.0018,-0.6068,2311.122,2310.697,-0.1309,0.7,4.897,-1.2144,0.0273,1.5204,-0.0876,0.0104,0.0037,0.0066,0.0043,-1.0,-0.0018,-0.0033,-0.0021,19.7964,16.8369,0.0551
open_plane_source_step_combined_5_20260913,7180,759,7963563769733,754,754,True,7963566218358,760,18.9550018,18956,63063,0.7,-0.25,False,0.7,-0.25,758,0.7,-0.1309,-0.0651,-0.0007,-0.6559,2318.574,2318.155,-0.1309,0.7,4.8601,-1.366,0.0356,1.6438,-0.0949,0.0111,0.0019,0.0066,6.2717,-1.0,-0.001,-0.0033,0.0058,19.836,16.8369,0.0551
open_plane_source_step_combined_5_20260913,7190,760,7963588635778,755,755,True,7963591379178,761,18.9800014,18981,63127,0.7,-0.25,False,0.7,-0.25,759,0.7,-0.1309,-0.064,0.0003,-0.7048,2326.029,2325.616,-0.1309,0.7,4.823,-1.5283,0.0437,1.7665,-0.1022,0.0118,0.0002,0.0067,6.2546,-0.9999,-0.0002,-0.0033,0.0143,19.8787,16.8362,0.0551
open_plane_source_step_combined_5_20260913,7199,761,7963613766892,756,756,True,7963615915653,762,19.0050011,19006,63201,0.7,-0.25,False,0.7,-0.25,760,0.7,-0.1309,-0.0634,0.0018,-0.7533,2333.483,2333.074,-0.1309,0.7,4.7723,-1.6971,0.019,1.8883,-0.1092,0.0124,6.2817,0.0067,6.2364,-0.9997,0.0007,-0.0034,0.0234,19.9244,16.8346,0.0551
open_plane_source_step_combined_5_20260913,7208,762,7963638610435,757,757,True,7963641170129,763,19.03,19031,63282,0.7,-0.25,False,0.7,-0.25,761,0.7,-0.1309,-0.0633,0.0032,-0.8015,2340.938,2340.532,-0.1309,0.7,4.7357,-1.8818,0.029,2.0093,-0.1162,0.013,6.28,0.0067,6.2169,-0.9994,0.0015,-0.0034,0.0331,19.9732,16.832,0.0551
open_plane_source_step_combined_5_20260913,7217,763,7963663526054,758,758,True,7963666066351,764,19.055,19056,63369,0.7,-0.25,False,0.7,-0.25,762,0.7,-0.1309,-0.0636,0.0049,-0.8493,2348.393,2347.99,-0.1309,0.7,4.6881,-2.0721,0.0121,2.1296,-0.123,0.0136,6.2782,0.0067,6.1963,-0.999,0.0023,-0.0035,0.0434,20.0248,16.8282,0.0552
open_plane_source_step_combined_5_20260913,7226,764,7963688592857,759,759,True,7963691177087,765,19.0800018,19081,63458,0.7,-0.25,False,0.7,-0.25,763,0.7,-0.1309,-0.0643,0.0068,-0.8968,2355.848,2355.452,-0.1309,0.7,4.6444,-2.2757,0.0047,2.249,-0.1297,0.0142,6.2765,0.0067,6.1744,-0.9985,0.0032,-0.0035,0.0543,20.0794,16.8231,0.0552
open_plane_source_step_combined_5_20260913,7235,765,7963714166303,760,760,True,7963716936392,766,19.106,19107,63533,0.7,-0.25,False,0.7,-0.25,764,0.7,-0.1309,-0.0654,0.0089,-0.946,2363.597,2363.208,-0.1309,0.7,4.6087,-2.4999,0.0202,2.3725,-0.1365,0.0148,6.2747,0.0067,6.1504,-0.9978,0.004,-0.0036,0.0663,20.1391,16.816,0.0552
open_plane_source_step_combined_5_20260913,7244,766,7963738339796,761,761,True,7963741127088,767,19.1300011,19131,63619,0.7,-0.25,False,0.7,-0.25,765,0.7,-0.1309,-0.0666,0.011,-0.9909,2370.754,2370.368,-0.1309,0.7,4.5576,-2.7108,-0.01,2.4857,-0.1427,0.0152,6.2729,0.0068,6.1272,-0.9969,0.0049,-0.0038,0.0779,20.1969,16.8079,0.0552
open_plane_source_step_combined_5_20260913,7252,767,7963763596896,762,762,True,7963766011207,768,19.155,19156,63703,0.7,-0.25,False,0.7,-0.25,766,0.7,-0.1309,-0.0682,0.0134,-1.0375,2378.208,2377.829,-0.1309,0.7,4.5192,-2.9461,-0.006,2.6028,-0.149,0.0157,6.2711,0.0068,6.1018,-0.9959,0.0057,-0.0039,0.0906,20.2597,16.7974,0.0552
open_plane_source_step_combined_5_20260913,7262,768,7963789051058,763,763,True,7963791051811,769,19.18,19181,63783,0.7,-0.25,False,0.7,-0.25,767,0.7,-0.1309,-0.0699,0.016,-1.0837,2385.663,2385.287,-0.1309,0.7,4.4701,-3.1848,-0.028,2.7192,-0.1552,0.0162,6.2691,0.0068,6.0752,-0.9946,0.0066,-0.0041,0.1038,20.325,16.7848,0.0552
open_plane_source_step_combined_5_20260913,7270,769,7963813502794,764,764,True,7963816152487,770,19.2050018,19206,63835,0.7,-0.25,False,0.7,-0.25,768,0.7,-0.1309,-0.0718,0.0189,-1.1296,2393.118,2392.748,-0.1309,0.7,4.4281,-3.4357,-0.0346,2.8349,-0.1613,0.0167,6.2672,0.0068,6.0475,-0.993,0.0075,-0.0043,0.1175,20.3929,16.7698,0.0552
open_plane_source_step_combined_5_20260913,7280,770,7963838244776,765,765,True,7963841162113,771,19.2300014,19231,63909,0.7,-0.25,False,0.7,-0.25,769,0.7,-0.1309,-0.0739,0.022,-1.1752,2400.57,2400.21,-0.1309,0.7,4.3894,-3.6961,-0.0339,2.9498,-0.1672,0.0171,6.2652,0.0069,6.0187,-0.9912,0.0085,-0.0046,0.1318,20.4631,16.7522,0.0552
open_plane_source_step_combined_5_20260913,7288,771,7963863525261,766,766,True,7963866053466,772,19.2550011,19256,63984,0.7,-0.25,False,0.7,-0.25,770,0.7,-0.1309,-0.0761,0.0254,-1.2205,2408.018,2407.674,-0.1309,0.7,4.348,-3.9667,-0.0395,3.064,-0.1731,0.0174,6.2631,0.0069,5.9887,-0.9891,0.0094,-0.0049,0.1467,20.5354,16.7317,0.0552
open_plane_source_step_combined_5_20260913,7297,772,7963888977699,767,767,True,7963892219316,773,19.281,19282,64069,0.7,-0.25,False,0.7,-0.25,771,0.7,-0.1309,-0.0786,0.0291,-1.2671,2415.764,2415.437,-0.1309,0.7,4.2991,-4.2539,-0.0616,3.1819,-0.1791,0.0178,6.2609,0.0069,5.9564,-0.9866,0.0105,-0.0052,0.1626,20.6129,16.7073,0.0552
open_plane_source_step_combined_5_20260913,7306,773,7963913816684,768,768,True,7963916344107,774,19.305,19306,64137,0.7,-0.25,False,0.7,-0.25,772,0.7,-0.1309,-0.0809,0.0328,-1.3099,2422.917,2422.603,-0.1309,0.7,4.2579,-4.5287,-0.0728,3.29,-0.1844,0.0181,6.2587,0.0069,5.9254,-0.984,0.0114,-0.0056,0.1779,20.6862,16.6816,0.0552
open_plane_source_step_combined_5_20260913,7315,774,7963938432989,769,769,True,7963941117759,775,19.3300018,19331,64210,0.7,-0.25,False,0.7,-0.25,773,0.7,-0.1309,-0.0834,0.037,-1.3542,2430.366,2430.068,-0.1309,0.7,4.2102,-4.815,-0.0997,3.4019,-0.1899,0.0183,6.2564,0.0069,5.8921,-0.9809,0.0124,-0.006,0.1943,20.7643,16.6513,0.0552
open_plane_source_step_combined_5_20260913,7324,775,7963963866021,770,770,True,7963966075627,776,19.3550014,19356,64272,0.7,-0.25,False,0.7,-0.25,774,0.7,-0.1309,-0.0861,0.0414,-1.3981,2437.814,2437.529,-0.1309,0.7,4.1636,-5.1142,-0.1234,3.5131,-0.1953,0.0186,6.2541,0.007,5.8576,-0.9773,0.0135,-0.0065,0.2111,20.8438,16.6174,0.0552
open_plane_source_step_combined_5_20260913,7333,776,7963988537300,771,771,True,7963991022173,777,19.3800011,19381,64352,0.7,-0.25,False,0.7,-0.25,775,0.7,-0.1309,-0.0888,0.0461,-1.4416,2445.265,2444.994,-0.1309,0.7,4.1197,-5.4258,-0.1436,3.6236,-0.2005,0.0187,6.2516,0.007,5.8221,-0.9734,0.0146,-0.007,0.2284,20.9246,16.5796,0.0552
open_plane_source_step_combined_5_20260913,7343,777,7964013412292,772,772,True,7964016077034,778,19.405,19406,64427,0.7,-0.25,False,0.7,-0.25,776,0.7,-0.1309,-0.0916,0.0511,-1.4848,2452.714,2452.458,-0.1309,0.7,4.0723,-5.7348,-0.1744,3.7333,-0.2057,0.0188,6.2491,0.007,5.7855,-0.9691,0.0156,-0.0076,0.2462,21.0065,16.5376,0.0552
open_plane_source_step_combined_5_20260913,7351,778,7964038681957,773,773,True,7964041168894,779,19.43,19431,64498,0.7,-0.25,False,0.7,-0.25,777,0.7,-0.1309,-0.0945,0.0565,-1.5277,2460.165,2459.923,-0.1309,0.7,4.0332,-6.0635,-0.1853,3.8423,-0.2107,0.0189,6.2465,0.007,5.7478,-0.9642,0.0167,-0.0082,0.2644,21.0891,16.4913,0.0552
open_plane_source_step_combined_5_20260913,7361,779,7964063468112,774,774,True,7964066377173,780,19.4550018,19456,64557,0.7,-0.25,False,0.7,-0.25,778,0.7,-0.1309,-0.0974,0.0621,-1.5702,2467.613,2467.384,-0.1309,0.7,3.9844,-6.3839,-0.2246,3.9506,-0.2155,0.019,6.2439,0.007,5.709,-0.9589,0.0179,-0.0089,0.2831,21.1723,16.4405,0.0552
open_plane_source_step_combined_5_20260913,7370,780,7964088940027,775,775,True,7964091215376,781,19.4800014,19481,64632,0.7,-0.25,False,0.7,-0.25,779,0.7,-0.1309,-0.1003,0.0682,-1.6124,2475.061,2474.852,-0.1309,0.7,3.9379,-6.7207,-0.2592,4.0581,-0.2202,0.0189,6.2411,0.007,5.6691,-0.953,0.019,-0.0097,0.3021,21.2556,16.385,0.0552
open_plane_source_step_combined_5_20260913,7379,781,7964113757771,776,776,True,7964116045624,782,19.5050011,19506,64711,0.7,-0.25,False,0.7,-0.25,780,0.7,-0.1309,-0.1034,0.0745,-1.6541,2482.509,2482.32,-0.1309,0.7,3.897,-7.0683,-0.2833,4.1649,-0.2248,0.0188,6.2383,0.007,5.6282,-0.9466,0.0201,-0.0106,0.3215,21.3388,16.3246,0.0552
open_plane_source_step_combined_5_20260913,7388,782,7964139126893,777,777,True,7964142069938,783,19.531,19532,64780,0.7,-0.25,False,0.7,-0.25,781,0.7,-0.1309,-0.1067,0.0815,-1.6972,2490.249,2490.085,-0.1309,0.7,3.8449,-7.4198,-0.335,4.2752,-0.2294,0.0187,6.2352,0.007,5.5846,-0.9394,0.0213,-0.0115,0.3421,21.4248,16.2565,0.0551
open_plane_source_step_combined_5_20260913,7396,783,7964163368594,778,778,True,7964166101925,784,19.555,19556,64853,0.7,-0.25,False,0.7,-0.25,782,0.7,-0.1309,-0.1098,0.0882,-1.7366,2497.396,2497.255,-0.1309,0.7,3.8003,-7.7516,-0.3774,4.3763,-0.2335,0.0185,6.2324,0.007,5.5433,-0.9321,0.0224,-0.0125,0.3613,21.5035,16.1886,0.0551
open_plane_source_step_combined_5_20260913,7406,784,7964188542428,779,779,True,7964191214173,785,19.5800018,19581,64933,0.7,-0.25,False,0.7,-0.25,783,0.7,-0.1309,-0.113,0.0958,-1.7771,2504.841,2504.727,-0.1309,0.7,3.7533,-8.1112,-0.4193,4.481,-0.2376,0.0183,6.2293,0.007,5.4993,-0.9239,0.0236,-0.0136,0.3817,21.5841,16.1128,0.0551
open_plane_source_step_combined_5_20260913,7415,785,7964213610213,780,780,True,7964215987424,786,19.6050014,19606,65015,0.7,-0.25,False,0.7,-0.25,784,0.7,-0.1309,-0.1163,0.1037,-1.8168,2512.286,2512.194,-0.1309,0.7,3.6979,-8.4659,-0.4647,4.5847,-0.2414,0.018,6.2261,0.007,5.4543,-0.915,0.0247,-0.0147,0.4024,21.6632,16.0316,0.0551
open_plane_source_step_combined_5_20260913,7424,786,7964238359890,781,781,True,7964240991469,787,19.6300011,19631,65091,0.7,-0.25,False,0.7,-0.25,785,0.7,-0.1309,-0.1198,0.1121,-1.8565,2519.731,2519.662,-0.1309,0.7,3.6324,-8.8218,-0.5081,4.6873,-0.245,0.0176,6.2228,0.007,5.4083,-0.9055,0.0259,-0.016,0.4233,21.7403,15.9451,0.0551
open_plane_source_step_combined_5_20260913,7432,787,7964263508386,782,782,True,7964266054745,788,19.655,19656,65172,0.7,-0.25,False,0.7,-0.25,786,0.7,-0.1309,-0.1222,0.1218,-1.895,2527.176,2527.133,-0.1309,0.7,3.5035,-9.1466,-0.5621,4.788,-0.2478,0.0174,6.2194,0.007,5.3613,-0.8952,0.027,-0.0173,0.4445,21.8148,15.853,0.0551
open_plane_source_step_combined_5_20260913,7442,788,7964288633018,783,783,True,7964290964493,789,19.68,19681,65250,0.7,-0.25,False,0.7,-0.25,787,0.7,-0.1309,-0.1205,0.1348,-1.9275,2534.621,2534.604,-0.1309,0.7,3.2067,-9.3941,-0.6253,4.8835,-0.2488,0.0175,6.2161,0.0071,5.3134,-0.8843,0.028,-0.0188,0.4658,21.8865,15.7556,0.0551
open_plane_source_step_combined_5_20260913,7451,789,7964313337169,784,784,True,7964316278581,790,19.7050018,19706,65325,0.7,-0.25,False,0.7,-0.25,788,0.7,-0.1309,-0.1183,0.1483,-1.9564,2542.066,2542.079,-0.1309,0.7,2.9265,-9.6427,-0.6618,4.9718,-0.248,0.0184,6.2127,0.0073,5.2647,-0.8726,0.029,-0.0204,0.4871,21.9547,15.653,0.0551
open_plane_source_step_combined_5_20260913,7460,790,7964338789747,785,785,True,7964341270823,791,19.7300014,19731,65392,0.7,-0.25,False,0.7,-0.25,789,0.7,-0.1309,-0.1126,0.1605,-1.9793,2549.514,2549.553,-0.1309,0.7,2.7096,-9.8028,-0.709,5.0541,-0.2446,0.0201,6.2093,0.0076,5.2153,-0.8603,0.0298,-0.0221,0.5085,22.019,15.5455,0.0552
open_plane_source_step_combined_5_20260913,7469,791,7964364140534,786,786,True,7964367073650,792,19.756,19757,65475,0.7,-0.25,False,0.7,-0.25,790,0.7,-0.1309,-0.1018,0.1685,-1.9965,2557.263,2557.325,-0.1309,0.7,2.6494,-9.8664,-0.7191,5.1355,-0.2371,0.0224,6.2062,0.008,5.1634,-0.8468,0.0305,-0.0238,0.5306,22.0813,15.4286,0.0552
open_plane_source_step_combined_5_20260913,7478,792,7964388455944,787,787,True,7964391389151,793,19.78,19781,65537,0.7,-0.25,False,0.7,-0.25,791,0.7,-0.1309,-0.0896,0.1735,-2.0124,2564.414,2564.499,-0.1309,0.7,2.6387,-9.8642,-0.7412,5.2095,-0.2247,0.0252,6.2035,0.0083,5.1151,-0.8337,0.0309,-0.0254,0.5508,22.1343,15.3164,0.0553
open_plane_source_step_combined_5_20260913,7487,793,7964413935092,788,788,True,7964416056412,794,19.805,19806,65613,0.7,-0.25,False,0.7,-0.25,792,0.7,-0.1309,-0.0769,0.1781,-2.0287,2571.862,2571.973,-0.1309,0.7,2.6283,-9.8056,-0.8099,5.2859,-0.2056,0.0284,6.201,0.0086,5.0644,-0.8194,0.0312,-0.0271,0.5717,22.1849,15.1954,0.0553
open_plane_source_step_combined_5_20260913,7496,794,7964438440720,789,789,True,7964441021684,795,19.8300018,19831,65686,0.7,-0.25,False,0.7,-0.25,793,0.7,-0.1309,-0.0652,0.1817,-2.0444,2579.313,2579.447,-0.1309,0.7,2.6553,-9.7625,-0.8369,5.3615,-0.1799,0.0321,6.1988,0.0089,5.0133,-0.8045,0.0313,-0.0286,0.5925,22.2304,15.0703,0.0553
open_plane_source_step_combined_5_20260913,7505,795,7964463404109,790,790,True,7964466179799,796,19.8550014,19856,65765,0.7,-0.25,False,0.7,-0.25,794,0.7,-0.1309,-0.0536,0.1843,-2.0597,2586.761,2586.918,-0.1309,0.7,2.7409,-9.7443,-0.7986,5.437,-0.147,0.0364,6.1968,0.0091,4.9618,-0.7889,0.0313,-0.0301,0.6129,22.2708,14.9415,0.0553
open_plane_source_step_combined_5_20260913,7514,796,7964488658234,791,791,True,7964491307306,797,19.8800011,19881,65821,0.7,-0.25,False,0.7,-0.25,795,0.7,-0.1309,-0.0404,0.1855,-2.0742,2594.209,2594.393,-0.1309,0.7,2.8501,-9.5952,-0.8439,5.513,-0.1061,0.0411,6.1952,0.0092,4.9099,-0.7727,0.0311,-0.0314,0.6332,22.3058,14.8091,0.0554
open_plane_source_step_combined_5_20260913,7523,797,7964513696203,792,792,True,7964515999805,798,19.905,19906,65887,0.7,-0.25,False,0.7,-0.25,796,0.7,-0.1309,-0.0258,0.1849,-2.0878,2601.657,2601.867,-0.1309,0.7,3.0628,-9.4508,-0.7954,5.5906,-0.0556,0.0463,6.1939,0.0092,4.8576,-0.7559,0.0308,-0.0327,0.6531,22.3354,14.6734,0.0553
open_plane_source_step_combined_5_20260913,7532,798,7964538599768,793,793,True,7964541017115,799,19.93,19931,65962,0.7,-0.25,False,0.7,-0.25,797,0.7,-0.1309,-0.0065,0.182,-2.0994,2609.103,2609.338,-0.1309,0.7,3.3348,-9.105,-0.7841,5.6714,0.007,0.052,6.193,0.0091,4.8051,-0.7385,0.0303,-0.0337,0.6727,22.3596,14.5346,0.0553
open_plane_source_step_combined_5_20260913,7540,799,7964563350026,794,794,True,7964566103394,800,19.9550018,19956,66042,0.7,-0.25,False,0.7,-0.25,798,0.7,-0.1309,0.0383,0.1783,-2.0897,2616.547,2616.806,-0.1309,0.7,3.4729,-8.1282,-0.6662,5.7541,0.09,0.059,6.1928,0.0088,4.7525,-0.7205,0.0295,-0.0345,0.6919,22.3784,14.3927,0.0553
open_plane_source_step_combined_5_20260913,7550,800,7964588410958,795,795,True,7964591248495,801,19.9800014,19981,66115,0.7,-0.25,False,0.7,-0.25,799,0.7,-0.1309,0.1009,0.1763,-2.0769,2623.989,2624.277,-0.1309,0.7,3.4798,-6.7556,-0.6067,5.8331,0.2064,0.0688,6.1942,0.0086,4.7002,-0.7022,0.0282,-0.0347,0.7105,22.3922,14.2481,0.0552
open_plane_source_step_combined_5_20260913,7558,801,7964613948105,796,796,True,7964616184972,802,20.0050011,20006,66193,0.7,-0.25,False,0.7,-0.25,800,0.7,-0.1309,0.1316,0.1746,-2.0917,2631.434,2631.742,-0.1309,0.7,3.4859,-6.1297,-0.5015,5.9056,0.3531,0.0807,6.1968,0.0084,4.648,-0.6835,0.0265,-0.0344,0.7287,22.4018,14.1009,0.0552
open_plane_source_step_combined_5_20260913,7567,802,7964638718311,797,797,True,7964641073109,803,20.03,20031,66274,0.7,-0.25,False,0.7,-0.25,801,0.7,-0.1309,0.1226,0.1728,-2.1236,2638.879,2639.206,-0.1309,0.7,3.4632,-6.1513,-0.498,5.9692,0.5129,0.0928,6.1995,0.0082,4.5951,-0.664,0.0247,-0.034,0.7465,22.4074,13.9513,0.0552
open_plane_source_step_combined_5_20260913,7575,803,7964663291916,798,798,True,7964666188133,804,20.055,20056,66354,0.7,-0.25,False,0.7,-0.25,802,0.7,-0.1309,0.1117,0.1707,-2.1557,2646.324,2646.671,-0.1309,0.7,3.4473,-6.1962,-0.4899,6.0231,0.6794,0.1046,6.202,0.0081,4.5415,-0.6438,0.023,-0.0336,0.7641,22.409,13.7996,0.0552
open_plane_source_step_combined_5_20260913,7586,804,7964688709138,799,799,True,7964691047496,805,20.0800018,20081,66432,0.7,-0.25,False,0.7,-0.25,803,0.7,-0.1309,0.102,0.169,-2.1877,2653.769,2654.132,-0.1309,0.7,3.4425,-6.2538,-0.4641,6.0671,0.8523,0.1164,6.2042,0.008,4.487,-0.6227,0.0215,-0.0333,0.7814,22.4064,13.646,0.0552
open_plane_source_step_combined_5_20260913,7594,805,7964713499681,800,800,True,7964716036021,806,20.1050014,20106,66501,0.7,-0.25,False,0.7,-0.25,804,0.7,-0.1309,0.093,0.1675,-2.2197,2661.214,2661.597,-0.1309,0.7,3.436,-6.3075,-0.4487,6.1004,1.0309,0.1281,6.2062,0.0079,4.4317,-0.6009,0.02,-0.0331,0.7984,22.3995,13.4906,0.0552
open_plane_source_step_combined_5_20260913,7604,806,7964738411683,801,801,True,7964741069892,807,20.1300011,20131,66570,0.7,-0.25,False,0.7,-0.25,805,0.7,-0.1309,0.0849,0.1663,-2.2517,2668.659,2669.061,-0.1309,0.7,3.4284,-6.3553,-0.4464,6.1226,1.2146,0.1397,6.208,0.0078,4.3757,-0.5783,0.0186,-0.0329,0.8149,22.3883,13.3339,0.0552
open_plane_source_step_combined_5_20260913,7613,807,7964763462486,802,802,True,7964766266640,808,20.155,20156,66656,0.7,-0.25,False,0.7,-0.25,806,0.7,-0.1309,0.0782,0.1655,-2.2836,2676.104,2676.526,-0.1309,0.7,3.4136,-6.3902,-0.4698,6.1331,1.4029,0.1511,6.2096,0.0077,4.3188,-0.5549,0.0172,-0.0327,0.8311,22.3725,13.1759,0.0552
open_plane_source_step_combined_5_20260913,7621,808,7964788858077,803,803,True,7964790974187,809,20.18,20181,66734,0.7,-0.25,False,0.7,-0.25,807,0.7,-0.1309,0.0716,0.1647,-2.3155,2683.548,2683.987,-0.1309,0.7,3.4299,-6.4665,-0.4245,6.1317,1.595,0.1626,6.211,0.0076,4.2611,-0.5308,0.0159,-0.0326,0.8467,22.3521,13.0169,0.0552
open_plane_source_step_combined_5_20260913,7631,809,7964813444827,804,804,True,7964816039567,810,20.2050018,20206,66809,0.7,-0.25,False,0.7,-0.25,808,0.7,-0.1309,0.0663,0.1643,-2.3473,2690.993,2691.452,-0.1309,0.7,3.4296,-6.5148,-0.43,6.1178,1.7902,0.1738,6.2123,0.0076,4.2027,-0.5058,0.0147,-0.0325,0.8619,22.327,12.8573,0.0552
open_plane_source_step_combined_5_20260913,7640,810,7964838351339,805,805,True,7964841280428,811,20.2300014,20231,66878,0.7,-0.25,False,0.7,-0.25,809,0.7,-0.1309,0.0611,0.1641,-2.379,2698.442,2698.916,-0.1309,0.7,3.4435,-6.5774,-0.4113,6.0909,1.9878,0.185,6.2135,0.0075,4.1435,-0.4801,0.0134,-0.0324,0.8765,22.2972,12.6973,0.0552
open_plane_source_step_combined_5_20260913,7649,811,7964863508672,806,806,True,7964866101819,812,20.2550011,20256,66951,0.7,-0.25,False,0.7,-0.25,810,0.7,-0.1309,0.0568,0.1641,-2.4107,2705.886,2706.381,-0.1309,0.7,3.4503,-6.6263,-0.4185,6.051,2.1867,0.196,6.2145,0.0075,4.0834,-0.4535,0.0122,-0.0323,0.8906,22.2625,12.5372,0.0552
open_plane_source_step_combined_5_20260913,7657,812,7964888599470,807,807,True,7964891156780,813,20.28,20281,67030,0.7,-0.25,False,0.7,-0.25,811,0.7,-0.1309,0.0529,0.1642,-2.4422,2713.338,2713.842,-0.1309,0.7,3.4504,-6.66,-0.4528,5.9975,2.3863,0.2069,6.2154,0.0074,4.0226,-0.4263,0.0111,-0.0322,0.904,22.223,12.3773,0.0552
open_plane_source_step_combined_5_20260913,7667,813,7964913686982,808,808,True,7964916309695,814,20.305,20306,67104,0.7,-0.25,False,0.7,-0.25,812,0.7,-0.1309,0.0491,0.1644,-2.4738,2720.786,2721.306,-0.1309,0.7,3.4842,-6.7364,-0.4131,5.9304,2.5856,0.2175,6.2162,0.0074,3.961,-0.3982,0.0099,-0.0322,0.9167,22.1786,12.2178,0.0551
open_plane_source_step_combined_5_20260913,7675,814,7964938755248,809,809,True,7964941256151,815,20.3300018,20331,67177,0.7,-0.25,False,0.7,-0.25,813,0.7,-0.1309,0.0461,0.1649,-2.5052,2728.234,2728.771,-0.1309,0.7,3.5053,-6.7886,-0.4147,5.8493,2.7835,0.2279,6.2169,0.0074,3.8986,-0.3694,0.0088,-0.0321,0.9287,22.1294,12.0591,0.0551
open_plane_source_step_combined_5_20260913,7684,815,7964964104642,810,810,True,7964966898907,816,20.356,20357,67254,0.7,-0.25,False,0.7,-0.25,814,0.7,-0.1309,0.0433,0.1655,-2.5378,2735.98,2736.533,-0.1309,0.7,3.5361,-6.8492,-0.405,5.7502,2.987,0.2385,6.2176,0.0073,3.8329,-0.3387,0.0077,-0.0321,0.9403,22.073,11.8952,0.0551
open_plane_source_step_combined_5_20260913,7694,816,7964988398171,811,811,True,7964991212353,817,20.3800011,20381,67322,0.7,-0.25,False,0.7,-0.25,815,0.7,-0.1309,0.0408,0.1661,-2.5679,2743.134,2743.697,-0.1309,0.7,3.5661,-6.9017,-0.401,5.6454,3.1716,0.2479,6.2182,0.0073,3.7715,-0.3097,0.0066,-0.032,0.9503,22.0163,11.7453,0.0551
open_plane_source_step_combined_5_20260913,7703,817,7965013296988,812,812,True,7965016131569,818,20.405,20406,67397,0.7,-0.25,False,0.7,-0.25,816,0.7,-0.1309,0.039,0.1669,-2.5991,2750.582,2751.161,-0.1309,0.7,3.5769,-6.9209,-0.4573,5.5224,3.3597,0.2572,6.2187,0.0073,3.7067,-0.2788,0.0055,-0.032,0.9598,21.9526,11.5908,0.0551
open_plane_source_step_combined_5_20260913,7712,818,7965038632085,813,813,True,7965041103944,819,20.43,20431,67474,0.7,-0.25,False,0.7,-0.25,817,0.7,-0.1309,0.0368,0.1677,-2.6302,2758.031,2758.626,-0.1309,0.7,3.6294,-6.9919,-0.4199,5.3857,3.5423,0.2663,6.2192,0.0073,3.6412,-0.2472,0.0044,-0.0319,0.9684,21.8842,11.4383,0.0551
open_plane_source_step_combined_5_20260913,7721,819,7965063782075,814,814,True,7965066243935,820,20.4550018,20456,67552,0.7,-0.25,False,0.7,-0.25,818,0.7,-0.1309,0.0351,0.1687,-2.6613,2765.482,2766.091,-0.1309,0.7,3.6686,-7.0368,-0.4251,5.2353,3.7184,0.2748,6.2196,0.0072,3.5749,-0.215,0.0033,-0.0318,0.9761,21.8112,11.2882,0.0551
open_plane_source_step_combined_5_20260913,7730,820,7965088679429,815,815,True,7965092429742,821,20.4800014,20481,67613,0.7,-0.25,False,0.7,-0.25,819,0.7,-0.1309,0.0335,0.1697,-2.6922,2772.93,2773.552,-0.1309,0.7,3.7221,-7.0951,-0.4034,5.0717,3.8869,0.2828,6.22,0.0072,3.5079,-0.1821,0.0022,-0.0317,0.9828,21.7336,11.1407,0.0551
open_plane_source_step_combined_5_20260913,7738,821,7965113804281,816,816,True,7965116264328,822,20.5050011,20506,67684,0.7,-0.25,False,0.7,-0.25,820,0.7,-0.1309,0.032,0.1707,-2.7231,2780.382,2781.016,-0.1309,0.7,3.7532,-7.1282,-0.4318,4.8949,4.0468,0.2901,6.2203,0.0072,3.44,-0.1487,0.0011,-0.0316,0.9884,21.6517,10.9961,0.0551
open_plane_source_step_combined_5_20260913,7748,822,7965138612197,817,817,True,7965141153066,823,20.53,20531,67763,0.7,-0.25,False,0.7,-0.25,821,0.7,-0.1309,0.0313,0.172,-2.7539,2787.83,2788.481,-0.1309,0.7,3.8076,-7.173,-0.4248,4.7057,4.1967,0.2969,6.2206,0.0072,3.3714,-0.1147,0.0,-0.0315,0.9929,21.5656,10.8548,0.0551
open_plane_source_step_combined_5_20260913,7757,823,7965163124427,818,818,True,7965166067803,824,20.555,20556,67843,0.7,-0.25,False,0.7,-0.25,822,0.7,-0.1309,0.03,0.1731,-2.7846,2795.278,2795.946,-0.1309,0.7,3.8771,-7.231,-0.3895,4.5046,4.3359,0.303,6.2209,0.0072,3.302,-0.0802,-0.0011,-0.0313,0.9963,21.4755,10.7171,0.0551
open_plane_source_step_combined_5_20260913,7766,824,7965188179448,819,819,True,7965191033165,825,20.5800018,20581,67924,0.7,-0.25,False,0.7,-0.25,823,0.7,-0.1309,0.0293,0.1745,-2.8151,2802.729,2803.407,-0.1309,0.7,3.9235,-7.2497,-0.4186,4.2923,4.4632,0.3082,6.2211,0.0072,3.2319,-0.0452,-0.0022,-0.0312,0.9985,21.3816,10.5832,0.0551
open_plane_source_step_combined_5_20260913,7775,825,7965213830520,820,820,True,7965216038542,826,20.6050014,20606,68001,0.7,-0.25,False,0.7,-0.25,824,0.7,-0.1309,0.0286,0.1758,-2.8456,2810.177,2810.871,-0.1309,0.7,3.9767,-7.2708,-0.4363,4.0694,4.5777,0.3127,6.2213,0.0072,3.161,-0.0098,-0.0033,-0.031,0.9995,21.284,10.4534,0.0551
open_plane_source_step_combined_5_20260913,7783,826,7965238743564,821,821,True,7965240945755,827,20.6300011,20631,68081,0.7,-0.25,False,0.7,-0.25,825,0.7,-0.1309,0.0277,0.1772,-2.8761,2817.626,2818.336,-0.1309,0.7,4.0488,-7.3102,-0.4148,3.837,4.6782,0.3163,6.2215,0.0071,3.0893,0.026,-0.0044,-0.0307,0.9992,21.1831,10.328,0.0551
open_plane_source_step_combined_5_20260913,7792,827,7965263240895,822,822,True,7965266065999,828,20.655,20656,68161,0.7,-0.25,False,0.7,-0.25,826,0.7,-0.1309,0.0273,0.1786,-2.9064,2825.077,2825.801,-0.1309,0.7,4.1102,-7.3266,-0.4277,3.5959,4.7641,0.319,6.2217,0.0071,3.0169,0.0622,-0.0055,-0.0305,0.9976,21.0792,10.2072,0.0551
open_plane_source_step_combined_5_20260913,7801,828,7965288378782,823,823,True,7965291032934,829,20.68,20681,68237,0.7,-0.25,False,0.7,-0.25,827,0.7,-0.1309,0.0267,0.1801,-2.9367,2832.526,2833.265,-0.1309,0.7,4.1907,-7.3628,-0.3953,3.3472,4.8343,0.3208,6.2218,0.0071,2.9437,0.0986,-0.0066,-0.0302,0.9946,20.9724,10.0912,0.0551
open_plane_source_step_combined_5_20260913,7810,829,7965313893868,824,824,True,7965315967207,830,20.7050018,20706,68320,0.7,-0.25,False,0.7,-0.25,828,0.7,-0.1309,0.0263,0.1815,-2.9669,2839.974,2840.726,-0.1309,0.7,4.2487,-7.3605,-0.425,3.092,4.8881,0.3216,6.222,0.0071,2.8697,0.1353,-0.0077,-0.0298,0.9903,20.8631,9.9804,0.0551
open_plane_source_step_combined_5_20260913,7819,830,7965338223675,825,825,True,7965340946596,831,20.7300014,20731,68397,0.7,-0.25,False,0.7,-0.25,829,0.7,-0.1309,0.026,0.183,-2.997,2847.425,2848.191,-0.1309,0.7,4.323,-7.375,-0.4168,2.8315,4.9248,0.3214,6.2221,0.0071,2.795,0.1722,-0.0088,-0.0295,0.9846,20.7517,9.8748,0.0551
open_plane_source_step_combined_5_20260913,7828,831,7965363186943,826,826,True,7965366060287,832,20.7550011,20756,68483,0.7,-0.25,False,0.7,-0.25,830,0.7,-0.1309,0.0257,0.1845,-3.027,2854.874,2855.656,-0.1309,0.7,4.3964,-7.382,-0.4122,2.567,4.9437,0.32,6.2222,0.0071,2.7196,0.2093,-0.0099,-0.0291,0.9774,20.6384,9.7746,0.0551
open_plane_source_step_combined_5_20260913,7837,832,7965389080311,827,827,True,7965391176353,833,20.78,20781,68561,0.7,-0.25,False,0.7,-0.25,831,0.7,-0.1309,0.0253,0.1861,-3.057,2862.325,2863.12,-0.1309,0.7,4.4745,-7.3896,-0.3982,2.2998,4.9444,0.3177,6.2223,0.0071,2.6433,0.2463,-0.0109,-0.0286,0.9687,20.5237,9.6801,0.0551
open_plane_source_step_combined_5_20260913,7847,833,7965413558847,828,828,True,7965416218259,834,20.805,20806,68631,0.7,-0.25,False,0.7,-0.25,832,0.7,-0.1309,0.0253,0.1877,-3.0868,2869.773,2870.581,-0.1309,0.7,4.5383,-7.3702,-0.4221,2.0314,4.9263,0.3142,6.2224,0.0071,2.5664,0.2834,-0.012,-0.0281,0.9585,20.4079,9.5913,0.0551
open_plane_source_step_combined_5_20260913,7855,834,7965438496688,829,829,True,7965441292686,835,20.8300018,20831,68710,0.7,-0.25,False,0.7,-0.25,833,0.7,-0.1309,0.0251,0.1892,-3.1167,2877.221,2878.046,-0.1309,0.7,4.6121,-7.3601,-0.4199,1.7634,4.8893,0.3097,6.2225,0.0071,2.4887,0.3204,-0.0131,-0.0276,0.9468,20.2914,9.5083,0.0551
open_plane_source_step_combined_5_20260913,7864,835,7965463723592,830,830,True,7965469547505,836,20.8550014,20856,68783,0.7,-0.25,False,0.7,-0.25,834,0.7,-0.1309,0.025,0.1909,-3.1463,2884.673,2885.51,-0.1309,0.7,4.6887,-7.3516,-0.4069,1.4972,4.833,0.304,6.2226,0.0071,2.4102,0.3573,-0.0141,-0.027,0.9335,20.1746,9.4311,0.0551
open_plane_source_step_combined_5_20260913,7873,836,7965489133841,831,831,True,7965492252676,837,20.881,20882,68844,0.7,-0.25,False,0.7,-0.25,835,0.7,-0.1309,0.0249,0.1925,-3.1772,2892.419,2893.273,-0.1309,0.7,4.7668,-7.3344,-0.3962,1.224,4.7541,0.297,6.2226,0.0071,2.3279,0.3954,-0.0152,-0.0264,0.918,20.0533,9.3572,0.0551
open_plane_source_step_combined_5_20260913,7882,837,7965513582301,832,832,True,7965516104895,838,20.905,20906,68916,0.7,-0.25,False,0.7,-0.25,836,0.7,-0.1309,0.0248,0.1941,-3.2055,2899.569,2900.436,-0.1309,0.7,4.8284,-7.3001,-0.4096,0.9766,4.6628,0.2894,6.2227,0.0071,2.2511,0.4304,-0.0162,-0.0258,0.9021,19.9417,9.2947,0.0551
open_plane_source_step_combined_5_20260913,7892,838,7965538578100,833,833,True,7965541041753,839,20.93,20931,68985,0.7,-0.25,False,0.7,-0.25,837,0.7,-0.1309,0.0249,0.1957,-3.235,2907.021,2907.901,-0.1309,0.7,4.8926,-7.2634,-0.4173,0.7256,4.5491,0.2805,6.2227,0.0071,2.1704,0.4664,-0.0172,-0.0251,0.884,19.8265,9.2353,0.0551
open_plane_source_step_combined_5_20260913,7900,839,7965563516682,834,834,True,7965566077668,840,20.9550018,20956,69054,0.7,-0.25,False,0.7,-0.25,838,0.7,-0.1309,0.0249,0.1973,-3.2645,2914.469,2915.365,-0.1309,0.7,4.9628,-7.2326,-0.4048,0.4828,4.4168,0.2706,6.2228,0.0071,2.089,0.502,-0.0182,-0.0243,0.8643,19.7127,9.1818,0.0551
open_plane_source_step_combined_5_20260913,7909,840,7965588459341,835,835,True,7965591092584,841,20.9800014,20981,69127,0.7,-0.25,False,0.7,-0.25,839,0.7,-0.1309,0.0248,0.199,-3.2938,2921.917,2922.83,-0.1309,0.7,5.0323,-7.1996,-0.3872,0.25,4.2664,0.2596,6.2228,0.0071,2.0069,0.5371,-0.0192,-0.0236,0.843,19.6006,9.1341,0.0551
open_plane_source_step_combined_5_20260913,7919,841,7965613693619,836,836,True,7965616135021,842,21.0050011,21006,69202,0.7,-0.25,False,0.7,-0.25,840,0.7,-0.1309,0.0249,0.2007,-3.323,2929.368,2930.291,-0.1309,0.7,5.0904,-7.1502,-0.3895,0.0289,4.0985,0.2478,6.2228,0.0071,1.924,0.5715,-0.0201,-0.0227,0.82,19.4907,9.0921,0.0551
open_plane_source_step_combined_5_20260913,7927,842,7965638766824,837,837,True,7965641038657,843,21.03,21031,69285,0.7,-0.25,False,0.7,-0.25,841,0.7,-0.1309,0.0248,0.2023,-3.3522,2936.816,2937.756,-0.1309,0.7,5.1507,-7.1047,-0.3775,-0.1792,3.9141,0.235,6.2229,0.0071,1.8404,0.6053,-0.0211,-0.0219,0.7954,19.3835,9.0555,0.0551
open_plane_source_step_combined_5_20260913,7936,843,7965663576283,838,838,True,7965666132160,844,21.055,21056,69360,0.7,-0.25,False,0.7,-0.25,842,0.7,-0.1309,0.0251,0.204,-3.3813,2944.268,2945.22,-0.1309,0.7,5.1975,-7.0411,-0.3886,-0.3725,3.714,0.2215,6.2229,0.0071,1.7561,0.6383,-0.022,-0.0209,0.7692,19.2793,9.0242,0.0551
open_plane_source_step_combined_5_20260913,7946,844,7965688479999,839,839,True,7965691113372,845,21.0800018,21081,69436,0.7,-0.25,False,0.7,-0.25,843,0.7,-0.1309,0.025,0.2056,-3.4104,2951.716,2952.685,-0.1309,0.7,5.2461,-6.9826,-0.3845,-0.5496,3.4993,0.2072,6.2229,0.0071,1.671,0.6704,-0.0228,-0.02,0.7414,19.1785,8.998,0.0551
open_plane_source_step_combined_5_20260913,7955,845,7965713201152,840,840,True,7965716141893,846,21.1050014,21106,69516,0.7,-0.25,False,0.7,-0.25,844,0.7,-0.1309,0.0252,0.2073,-3.4393,2959.164,2960.146,-0.1309,0.7,5.2871,-6.9164,-0.3869,-0.7092,3.2714,0.1922,6.223,0.0071,1.5852,0.7016,-0.0237,-0.019,0.7119,19.0815,8.9766,0.0551
open_plane_source_step_combined_5_20260913,7964,846,7965738670292,841,841,True,7965741129467,847,21.1300011,21131,69595,0.7,-0.25,False,0.7,-0.25,845,0.7,-0.1309,0.0253,0.209,-3.4682,2966.616,2967.611,-0.1309,0.7,5.3283,-6.855,-0.376,-0.8499,3.0317,0.1767,6.223,0.0071,1.4987,0.7317,-0.0244,-0.0179,0.6809,18.9887,8.9596,0.0551
open_plane_source_step_combined_5_20260913,7973,847,7965763517742,842,842,True,7965766150914,848,21.155,21156,69662,0.7,-0.25,False,0.7,-0.25,846,0.7,-0.1309,0.0254,0.2107,-3.4971,2974.064,2975.075,-0.1309,0.7,5.3652,-6.7921,-0.3616,-0.9706,2.7816,0.1607,6.223,0.0071,1.4114,0.7607,-0.0252,-0.0168,0.6484,18.9004,8.9469,0.0551
open_plane_source_step_combined_5_20260913,7982,848,7965788900990,843,843,True,7965791132868,849,21.18,21181,69742,0.0,0.0,False,0.0,0.0,847,0.7,-0.1309,0.0256,0.2124,-3.5258,2981.512,2982.54,-0.1309,0.7,5.3859,-6.7118,-0.3735,-1.0702,2.523,0.1444,6.223,0.0071,1.3235,0.7885,-0.0259,-0.0157,0.6143,18.8168,8.938,0.0551
open_plane_source_step_combined_5_20260913,7991,849,7965813465098,844,844,True,7965816139137,850,21.2050018,21206,69822,0.0,0.0,False,0.0,0.0,848,0.0,0.0,0.0349,0.2058,-3.5189,2981.81,2982.837,0.0,0.0,5.7118,-6.3995,-0.3411,-1.1399,2.2643,0.1279,6.2232,0.007,1.2352,0.8148,-0.0264,-0.0145,0.5789,18.7384,8.9325,0.0551
open_plane_source_step_combined_5_20260913,8000,850,7965838263185,845,845,True,7965842376872,851,21.2300014,21231,69905,0.0,0.0,False,0.0,0.0,849,0.0,0.0,0.0332,0.2043,-3.5067,2981.81,2982.837,0.0,0.0,5.728,-6.3332,-0.3269,-1.1852,2.0028,0.1116,6.2235,0.0068,1.1473,0.8395,-0.0269,-0.0133,0.5425,18.6654,8.9303,0.0551
open_plane_source_step_combined_5_20260913,8008,851,7965863854014,846,846,True,7965866127259,852,21.2550011,21256,69979,0.0,0.0,False,0.0,0.0,850,0.0,0.0,0.0318,0.2035,-3.4943,2981.81,2982.837,0.0,0.0,5.7279,-6.2544,-0.3356,-1.2067,1.7406,0.0955,6.2237,0.0067,1.0596,0.8625,-0.0274,-0.0121,0.5052,18.5979,8.9307,0.0551
open_plane_source_step_combined_5_20260913,8018,852,7965888354171,847,847,True,7965891275786,853,21.28,21281,70060,0.0,0.0,False,0.0,0.0,851,0.0,0.0,0.0304,0.2025,-3.482,2981.81,2982.837,0.0,0.0,5.7273,-6.1834,-0.3307,-1.2045,1.4797,0.0798,6.2239,0.0066,0.9723,0.8837,-0.0277,-0.0109,0.4671,18.5363,8.9334,0.055
open_plane_source_step_combined_5_20260913,8026,853,7965913930633,848,848,True,7965916156819,854,21.305,21306,70143,0.0,0.0,False,0.0,0.0,852,0.0,0.0,0.0292,0.2017,-3.4698,2981.81,2982.837,0.0,0.0,5.7136,-6.1049,-0.3413,-1.1794,1.222,0.0646,6.2241,0.0065,0.8852,0.9032,-0.0281,-0.0097,0.4282,18.4806,8.9377,0.055
open_plane_source_step_combined_5_20260913,8036,854,7965938697421,849,849,True,7965941120949,855,21.3300018,21331,70223,0.0,0.0,False,0.0,0.0,853,0.0,0.0,0.0282,0.2009,-3.4576,2981.81,2982.837,0.0,0.0,5.7023,-6.0381,-0.3332,-1.1319,0.9697,0.0499,6.2242,0.0064,0.7985,0.9209,-0.0284,-0.0085,0.3886,18.4308,8.9433,0.055
open_plane_source_step_combined_5_20260913,8044,855,7965963494136,850,850,True,7965966346841,856,21.3550014,21356,70298,0.0,0.0,False,0.0,0.0,854,0.0,0.0,0.0142,0.201,-3.4615,2981.81,2982.837,0.0,0.0,5.675,-6.6252,-0.3686,-1.063,0.7218,0.0357,6.2243,0.0063,0.712,0.9369,-0.0287,-0.0073,0.3485,18.3871,8.9495,0.055
open_plane_source_step_combined_5_20260913,8053,856,7965988828372,851,851,True,7965991111646,857,21.3800011,21381,70372,0.0,0.0,False,0.0,0.0,855,0.0,0.0,0.1808,0.1819,-3.1466,2981.81,2982.837,0.0,0.0,5.6646,-1.9483,-0.0522,-0.9748,0.5314,0.0248,6.2257,0.0063,0.6268,0.9509,-0.0283,-0.0059,0.3083,18.3494,8.956,0.055
open_plane_source_step_combined_5_20260913,8062,857,7966013445028,852,852,True,7966016310848,858,21.405,21406,70441,0.0,0.0,False,0.0,0.0,856,0.0,0.0,0.1587,0.1343,-2.4656,2981.81,2982.837,0.0,0.0,5.6273,-2.2318,-0.0781,-0.8669,0.4152,0.0173,6.2296,0.0063,0.557,0.9611,-0.0266,-0.0043,0.2749,18.3176,8.962,0.055
open_plane_source_step_combined_5_20260913,8071,858,7966038630695,853,853,True,7966041042170,859,21.43,21431,70523,0.0,0.0,False,0.0,0.0,857,0.0,0.0,0.1242,0.0941,-1.8508,2981.81,2982.837,0.0,0.0,5.5892,-2.5663,-0.0995,-0.7464,0.3114,0.0114,6.2328,0.0064,0.5034,0.9682,-0.0252,-0.0032,0.2491,18.2914,8.9668,0.055
open_plane_source_step_combined_5_20260913,8080,859,7966063540483,854,854,True,7966066195606,860,21.4550018,21456,70606,0.0,0.0,False,0.0,0.0,858,0.0,0.0,0.0964,0.0618,-1.2932,2981.81,2982.837,0.0,0.0,5.5496,-2.825,-0.1148,-0.6176,0.2169,0.0067,6.2352,0.0064,0.4645,0.9729,-0.0241,-0.0024,0.2302,18.2705,8.9701,0.055
open_plane_source_step_combined_5_20260913,8090,860,7966088729295,855,855,True,7966091057744,861,21.4800014,21481,70671,0.0,0.0,False,0.0,0.0,859,0.0,0.0,0.0745,0.035,-0.7791,2981.81,2982.837,0.0,0.0,5.5235,-3.0183,-0.0921,-0.4837,0.1293,0.0031,6.2372,0.0063,0.4389,0.9757,-0.0231,-0.0019,0.2177,18.2545,8.9716,0.055
open_plane_source_step_combined_5_20260913,8099,861,7966113553562,856,856,True,7966116019740,862,21.5050011,21506,70747,0.0,0.0,False,0.0,0.0,860,0.0,0.0,0.0438,0.0115,-0.2834,2981.81,2982.837,0.0,0.0,5.4752,-3.8248,-0.1488,-0.3476,0.0448,-0.0001,6.2387,0.0063,0.4257,0.9772,-0.0224,-0.0016,0.2113,18.2434,8.9711,0.055
open_plane_source_step_combined_5_20260913,8108,862,7966138835469,857,857,True,7966141126208,863,21.53,21531,70824,0.0,0.0,False,0.0,0.0,861,0.0,0.0,0.1698,0.0001,0.0008,2981.81,2982.837,0.0,0.0,5.4513,-0.2622,0.0445,-0.213,-0.0113,-0.0015,6.2406,0.0063,0.4245,0.9773,-0.0215,-0.0014,0.2107,18.2369,8.9685,0.055
open_plane_source_step_combined_5_20260913,8116,863,7966163535092,858,858,True,7966165999015,864,21.555,21556,70898,0.0,0.0,False,0.0,0.0,862,0.0,0.0,0.1785,0.0597,0.0016,2981.81,2982.837,0.0,0.0,0.4906,0.0148,0.0815,0.0039,-0.0122,-0.0002,6.2451,0.0043,0.4246,0.9774,-0.0191,-0.0019,0.2107,18.2363,8.9679,0.0547
open_plane_source_step_combined_5_20260913,8126,864,7966188409893,859,859,True,7966191198498,865,21.5800018,21581,70978,0.0,0.0,False,0.0,0.0,863,0.0,0.0,0.164,0.114,0.0025,2981.81,2982.837,0.0,0.0,0.0136,0.0495,0.0081,0.0078,-0.0112,0.001,6.2494,0.0068,0.4246,0.9774,-0.0173,-0.0002,0.2107,18.2365,8.9678,0.0551
open_plane_source_step_combined_5_20260913,8135,865,7966213581884,860,860,True,7966216154563,866,21.6050014,21606,71050,0.0,0.0,False,0.0,0.0,864,0.0,0.0,0.1456,0.1073,0.0025,2981.81,2982.837,0.0,0.0,-0.0294,0.0483,-0.0117,0.0073,-0.01,0.0011,6.2532,0.0096,0.4245,0.9774,-0.0157,0.0015,0.2107,18.2367,8.9676,0.0556
open_plane_source_step_combined_5_20260913,8144,866,7966238620624,861,861,True,7966241116078,867,21.6300011,21631,71127,0.0,0.0,False,0.0,0.0,865,0.0,0.0,0.1288,0.0957,0.0024,2981.81,2982.837,0.0,0.0,-0.031,0.0432,-0.0134,0.0066,-0.0088,0.001,6.2566,0.0122,0.4245,0.9774,-0.0143,0.0031,0.2107,18.2369,8.9675,0.056
open_plane_source_step_combined_5_20260913,8153,867,7966263958948,862,862,True,7966266087892,868,21.655,21656,71192,0.0,0.0,False,0.0,0.0,866,0.0,0.0,0.1138,0.0848,0.0023,2981.81,2982.837,0.0,0.0,-0.0285,0.0379,-0.0008,0.0058,-0.0078,0.0009,6.2597,0.0144,0.4245,0.9774,-0.013,0.0046,0.2107,18.2371,8.9674,0.0564
open_plane_source_step_combined_5_20260913,8162,868,7966288583950,863,863,True,7966291066128,869,21.68,21681,71274,0.0,0.0,False,0.0,0.0,867,0.0,0.0,0.1007,0.075,0.0022,2981.81,2982.837,0.0,0.0,-0.0265,0.0341,0.002,0.0051,-0.0069,0.0008,6.2623,0.0164,0.4245,0.9775,-0.0119,0.0058,0.2107,18.2373,8.9673,0.0567
open_plane_source_step_combined_5_20260913,8170,869,7966313547629,864,864,True,7966316289606,870,21.7050018,21706,71361,0.0,0.0,False,0.0,0.0,868,0.0,0.0,0.0891,0.0662,0.002,2981.81,2982.837,0.0,0.0,-0.022,0.0294,-0.0127,0.0045,-0.0061,0.0006,6.2647,0.0182,0.4246,0.9775,-0.011,0.0069,0.2108,18.2375,8.9673,0.057
open_plane_source_step_combined_5_20260913,8180,870,7966338694833,865,865,True,7966341281488,871,21.7300014,21731,71429,0.0,0.0,False,0.0,0.0,869,0.0,0.0,0.0789,0.0585,0.0019,2981.81,2982.837,0.0,0.0,-0.0192,0.0267,-0.0202,0.004,-0.0054,0.0005,6.2668,0.0197,0.4246,0.9775,-0.0101,0.0079,0.2108,18.2376,8.9672,0.0573
open_plane_source_step_combined_5_20260913,8188,871,7966363708226,866,866,True,7966366154927,872,21.7550011,21756,71504,0.0,0.0,False,0.0,0.0,870,0.0,0.0,0.0698,0.0517,0.0017,2981.81,2982.837,0.0,0.0,-0.0179,0.0232,0.0026,0.0035,-0.0048,0.0005,6.2686,0.0211,0.4246,0.9775,-0.0093,0.0088,0.2108,18.2377,8.9671,0.0575
open_plane_source_step_combined_5_20260913,8197,872,7966388657047,867,867,True,7966391336135,873,21.78,21781,71585,0.0,0.0,False,0.0,0.0,871,0.0,0.0,0.0619,0.0456,0.0016,2981.81,2982.837,0.0,0.0,-0.0155,0.0209,-0.0043,0.0031,-0.0043,0.0004,6.2703,0.0223,0.4246,0.9774,-0.0087,0.0095,0.2108,18.2378,8.9671,0.0577
open_plane_source_step_combined_5_20260913,8207,873,7966414024876,868,868,True,7966417188746,874,21.8060017,21807,71671,0.0,0.0,False,0.0,0.0,872,0.0,0.0,0.0546,0.04,0.0014,2981.81,2982.837,0.0,0.0,-0.0134,0.0177,-0.0109,0.0027,-0.0038,0.0004,6.2718,0.0234,0.4247,0.9774,-0.008,0.0102,0.2108,18.2379,8.967,0.0579
open_plane_source_step_combined_5_20260913,8216,874,7966438422099,869,869,True,7966441176630,875,21.8300018,21831,71734,0.0,0.0,False,0.0,0.0,873,0.0,0.0,0.0486,0.0355,0.0013,2981.81,2982.837,0.0,0.0,-0.0127,0.0165,0.0028,0.0024,-0.0033,0.0003,6.273,0.0243,0.4247,0.9774,-0.0075,0.0108,0.2108,18.238,8.967,0.058
open_plane_source_step_combined_5_20260913,8224,875,7966463698016,870,870,True,7966466230338,876,21.8550014,21856,71817,0.0,0.0,False,0.0,0.0,874,0.0,0.0,0.0431,0.0314,0.0012,2981.81,2982.837,0.0,0.0,-0.009,0.0136,-0.0153,0.0021,-0.003,0.0003,6.2742,0.0251,0.4247,0.9774,-0.0071,0.0113,0.2108,18.2381,8.9669,0.0582
open_plane_source_step_combined_5_20260913,8234,876,7966488752746,871,871,True,7966491084461,877,21.8800011,21881,71893,0.0,0.0,False,0.0,0.0,875,0.0,0.0,0.0382,0.0276,0.0011,2981.81,2982.837,0.0,0.0,-0.011,0.0131,0.0096,0.0019,-0.0026,0.0002,6.2752,0.0259,0.4247,0.9774,-0.0066,0.0118,0.2108,18.2382,8.9669,0.0583
open_plane_source_step_combined_5_20260913,8243,877,7966513641624,872,872,True,7966516123011,878,21.905,21906,71967,0.0,0.0,False,0.0,0.0,876,0.0,0.0,0.0339,0.0244,0.001,2981.81,2982.837,0.0,0.0,-0.0078,0.0115,-0.0063,0.0017,-0.0023,0.0001,6.2761,0.0265,0.4247,0.9774,-0.0063,0.0122,0.2108,18.2382,8.9669,0.0584
open_plane_source_step_combined_5_20260913,8252,878,7966538782005,873,873,True,7966541336620,879,21.93,21931,72049,0.0,0.0,False,0.0,0.0,877,0.0,0.0,0.0301,0.0214,0.0009,2981.81,2982.837,0.0,0.0,-0.008,0.0098,0.0188,0.0015,-0.0021,0.0002,6.2769,0.0271,0.4248,0.9774,-0.0059,0.0126,0.2108,18.2383,8.9668,0.0585
open_plane_source_step_combined_5_20260913,8261,879,7966563692945,874,874,True,7966567310238,880,21.9550018,21956,72120,0.0,0.0,False,0.0,0.0,878,0.0,0.0,0.0267,0.019,0.0008,2981.81,2982.837,0.0,0.0,-0.0068,0.0089,-0.0097,0.0013,-0.0018,0.0002,6.2776,0.0276,0.4248,0.9774,-0.0056,0.0129,0.2108,18.2383,8.9668,0.0586
open_plane_source_step_combined_5_20260913,8270,880,7966588697241,875,875,True,7966591219474,881,21.9800014,21981,72188,0.0,0.0,False,0.0,0.0,879,0.0,0.0,0.0237,0.0167,0.0007,2981.81,2982.837,0.0,0.0,-0.0055,0.0078,-0.0205,0.0011,-0.0016,0.0001,6.2782,0.028,0.4248,0.9774,-0.0054,0.0132,0.2108,18.2383,8.9668,0.0587
open_plane_source_step_combined_5_20260913,8279,881,7966613633368,876,876,True,7966616379973,882,22.0050011,22006,72259,0.0,0.0,False,0.0,0.0,880,0.0,0.0,0.021,0.0147,0.0006,2981.81,2982.837,0.0,0.0,-0.0037,0.0065,-0.0206,0.001,-0.0014,0.0001,6.2788,0.0284,0.4248,0.9774,-0.0052,0.0134,0.2108,18.2384,8.9668,0.0587
open_plane_source_step_combined_5_20260913,8288,882,7966638960561,877,877,True,7966641341558,883,22.03,22031,72337,0.0,0.0,False,0.0,0.0,881,0.0,0.0,0.0187,0.013,0.0006,2981.81,2982.837,0.0,0.0,-0.0038,0.0052,0.015,0.0009,-0.0013,0.0001,6.2793,0.0288,0.4248,0.9774,-0.005,0.0136,0.2108,18.2384,8.9668,0.0588
open_plane_source_step_combined_5_20260913,8297,883,7966663786110,878,878,True,7966666221921,884,22.055,22056,72416,0.0,0.0,False,0.0,0.0,882,0.0,0.0,0.0166,0.0114,0.0005,2981.81,2982.837,0.0,0.0,-0.0059,0.005,0.0192,0.0008,-0.0011,0.0001,6.2797,0.0291,0.4248,0.9774,-0.0048,0.0138,0.2108,18.2385,8.9667,0.0588
open_plane_source_step_combined_5_20260913,8306,884,7966688811164,879,879,True,7966691229192,885,22.0800018,22081,72489,0.0,0.0,False,0.0,0.0,883,0.0,0.0,0.0147,0.0101,0.0004,2981.81,2982.837,0.0,0.0,-0.0045,0.0054,-0.0084,0.0007,-0.001,0.0,6.2801,0.0293,0.4248,0.9774,-0.0046,0.014,0.2108,18.2385,8.9667,0.0589
open_plane_source_step_combined_5_20260913,8314,885,7966713751880,880,880,True,7966716210263,886,22.1050014,22106,72561,0.0,0.0,False,0.0,0.0,884,0.0,0.0,0.013,0.0089,0.0004,2981.81,2982.837,0.0,0.0,-0.003,0.0045,0.0059,0.0006,-0.0009,0.0,6.2804,0.0296,0.4249,0.9774,-0.0045,0.0142,0.2108,18.2385,8.9667,0.0589
open_plane_source_step_combined_5_20260913,8324,886,7966738735296,881,881,True,7966741260154,887,22.1300011,22131,72643,0.0,0.0,False,0.0,0.0,885,0.0,0.0,0.0116,0.0078,0.0004,2981.81,2982.837,0.0,0.0,-0.0037,0.0036,0.0045,0.0005,-0.0008,0.0001,6.2807,0.0298,0.4249,0.9774,-0.0043,0.0143,0.2108,18.2385,8.9667,0.0589
open_plane_source_step_combined_5_20260913,8332,887,7966763514268,882,882,True,7966766179560,888,22.155,22156,72706,0.0,0.0,False,0.0,0.0,886,0.0,0.0,0.0103,0.0069,0.0003,2981.81,2982.837,0.0,0.0,-0.0025,0.0033,-0.0028,0.0005,-0.0007,0.0001,6.281,0.03,0.4249,0.9774,-0.0042,0.0144,0.2108,18.2386,8.9667,0.059
open_plane_source_step_combined_5_20260913,8341,888,7966788629211,883,883,True,7966791142307,889,22.18,22181,72787,0.0,0.0,False,0.0,0.0,887,0.0,0.0,0.0091,0.0061,0.0003,2981.81,2982.837,0.0,0.0,-0.0032,0.0035,0.0134,0.0004,-0.0006,0.0,6.2813,0.0301,0.4249,0.9774,-0.0041,0.0145,0.2108,18.2385,8.9667,0.059
open_plane_source_step_combined_5_20260913,8350,889,7966813627175,884,884,True,7966816208970,890,22.2050018,22206,72865,0.0,0.0,False,0.0,0.0,888,0.0,0.0,0.0081,0.0055,0.0002,2981.81,2982.837,0.0,0.0,-0.0018,0.0023,-0.0034,0.0004,-0.0006,0.0,6.2815,0.0303,0.4249,0.9774,-0.004,0.0146,0.2108,18.2385,8.9667,0.059
open_plane_source_step_combined_5_20260913,8360,890,7966838587898,885,885,True,7966841482652,891,22.2300014,22231,72943,0.0,0.0,False,0.0,0.0,889,0.0,0.0,0.0072,0.0047,0.0002,2981.81,2982.837,0.0,0.0,-0.002,0.0028,0.0022,0.0003,-0.0005,0.0001,6.2817,0.0304,0.4249,0.9774,-0.004,0.0147,0.2108,18.2385,8.9667,0.059
open_plane_source_step_combined_5_20260913,8368,891,7966864110538,886,886,True,7966866198595,892,22.2550011,22256,73021,0.0,0.0,False,0.0,0.0,890,0.0,0.0,0.0064,0.0042,0.0002,2981.81,2982.837,0.0,0.0,-0.0019,0.0029,-0.002,0.0003,-0.0004,0.0001,6.2818,0.0305,0.4249,0.9774,-0.0039,0.0148,0.2108,18.2385,8.9667,0.0591
open_plane_source_step_combined_5_20260913,8378,892,7966888940205,887,887,True,7966891120165,893,22.28,22281,73096,0.0,0.0,False,0.0,0.0,891,0.0,0.0,0.0057,0.0037,0.0002,2981.81,2982.837,0.0,0.0,-0.0012,0.0017,-0.0073,0.0003,-0.0004,0.0,6.282,0.0306,0.4249,0.9774,-0.0038,0.0148,0.2108,18.2385,8.9667,0.0591
open_plane_source_step_combined_5_20260913,8386,893,7966913869920,888,888,True,7966916305541,894,22.305,22306,73177,0.0,0.0,False,0.0,0.0,892,0.0,0.0,0.0051,0.0032,0.0002,2981.81,2982.837,0.0,0.0,-0.0016,0.0019,-0.0035,0.0002,-0.0003,0.0,6.2821,0.0307,0.4249,0.9774,-0.0038,0.0149,0.2108,18.2385,8.9667,0.0591
open_plane_source_step_combined_5_20260913,8395,894,7966938820094,889,889,True,7966942752840,895,22.3300018,22331,73249,0.0,0.0,False,0.0,0.0,893,0.0,0.0,0.0045,0.0029,0.0001,2981.81,2982.837,0.0,0.0,-0.0011,0.0013,0.0064,0.0002,-0.0003,0.0,6.2822,0.0308,0.4249,0.9774,-0.0037,0.0149,0.2108,18.2385,8.9667,0.0591
open_plane_source_step_combined_5_20260913,8405,895,7966963741433,890,890,True,7966966016953,896,22.3550014,22356,73315,0.0,0.0,False,0.0,0.0,894,0.0,0.0,0.004,0.0025,0.0001,2981.81,2982.837,0.0,0.0,-0.0005,0.0007,-0.0072,0.0002,-0.0003,0.0,6.2823,0.0308,0.4249,0.9774,-0.0037,0.015,0.2108,18.2385,8.9667,0.0591
open_plane_source_step_combined_5_20260913,8414,896,7966989155940,891,891,True,7966992221375,897,22.381,22382,73381,0.0,0.0,False,0.0,0.0,895,0.0,0.0,0.0035,0.0022,0.0001,2981.81,2982.837,0.0,0.0,-0.0015,0.0006,0.0116,0.0001,-0.0002,0.0,6.2824,0.0309,0.4249,0.9774,-0.0036,0.015,0.2108,18.2385,8.9667,0.0591
open_plane_source_step_combined_5_20260913,8423,897,7967013978143,892,892,True,7967016189442,898,22.405,22406,73450,0.0,0.0,False,0.0,0.0,896,0.0,0.0,0.0031,0.002,0.0001,2981.81,2982.837,0.0,0.0,-0.0003,0.0008,0.007,0.0001,-0.0002,0.0,6.2825,0.031,0.4249,0.9774,-0.0036,0.0151,0.2108,18.2385,8.9667,0.0591
open_plane_source_step_combined_5_20260913,8431,898,7967038646867,893,893,True,7967041144595,899,22.43,22431,73532,0.0,0.0,False,0.0,0.0,897,0.0,0.0,0.0028,0.0018,0.0001,2981.81,2982.837,0.0,0.0,0.0001,0.001,-0.0052,0.0001,-0.0002,0.0,6.2826,0.031,0.4249,0.9774,-0.0036,0.0151,0.2108,18.2385,8.9667,0.0591
open_plane_source_step_combined_5_20260913,8441,899,7967064078316,894,894,True,7967066167245,900,22.4550018,22456,73613,0.0,0.0,False,0.0,0.0,898,0.0,0.0,0.0025,0.0016,0.0001,2981.81,2982.837,0.0,0.0,0.0,0.0003,-0.0045,0.0001,-0.0002,0.0,6.2827,0.031,0.4249,0.9774,-0.0035,0.0151,0.2108,18.2385,8.9667,0.0591
open_plane_source_step_combined_5_20260913,8450,900,7967088629299,895,895,True,7967091230030,901,22.4800014,22481,73686,0.0,0.0,False,0.0,0.0,899,0.0,0.0,0.0022,0.0014,0.0001,2981.81,2982.837,0.0,0.0,0.0002,0.0008,0.0068,0.0001,-0.0002,0.0,6.2827,0.0311,0.4249,0.9774,-0.0035,0.0151,0.2108,18.2385,8.9667,0.0591
open_plane_source_step_combined_5_20260913,8459,901,7967113704938,896,896,True,7967116209378,902,22.5050011,22506,73750,0.0,0.0,False,0.0,0.0,900,0.0,0.0,0.0019,0.0012,0.0001,2981.81,2982.837,0.0,0.0,0.0016,0.0008,-0.0136,0.0001,-0.0001,0.0,6.2828,0.0311,0.4249,0.9774,-0.0035,0.0152,0.2108,18.2385,8.9667,0.0592
open_plane_source_step_combined_5_20260913,8468,902,7967138152487,897,897,True,7967141126971,903,22.53,22531,73828,0.0,0.0,False,0.0,0.0,901,0.0,0.0,0.0017,0.0009,0.0001,2981.81,2982.837,0.0,0.0,-0.0017,0.0003,0.0033,0.0001,-0.0001,0.0,6.2828,0.0311,0.4249,0.9774,-0.0035,0.0152,0.2108,18.2385,8.9667,0.0592
open_plane_source_step_combined_5_20260913,8476,903,7967163859664,898,898,True,7967166154350,904,22.555,22556,73905,0.0,0.0,False,0.0,0.0,902,0.0,0.0,0.0015,0.0009,0.0,2981.81,2982.837,0.0,0.0,-0.0005,0.0004,0.0057,0.0001,-0.0001,0.0,6.2829,0.0312,0.4249,0.9774,-0.0034,0.0152,0.2109,18.2385,8.9667,0.0592
open_plane_source_step_combined_5_20260913,8486,904,7967188291172,899,899,True,7967191103982,905,22.5800018,22581,73985,0.0,0.0,False,0.0,0.0,903,0.0,0.0,0.0014,0.0008,0.0,2981.81,2982.837,0.0,0.0,-0.0007,0.0005,0.0008,0.0001,-0.0001,0.0,6.2829,0.0312,0.4249,0.9774,-0.0034,0.0152,0.2109,18.2385,8.9667,0.0592
open_plane_source_step_combined_5_20260913,8495,905,7967213193235,900,900,True,7967216200361,906,22.6050014,22606,74058,0.0,0.0,False,0.0,0.0,904,0.0,0.0,0.0012,0.0007,0.0,2981.81,2982.837,0.0,0.0,-0.0012,0.0006,0.0035,0.0001,-0.0001,-0.0001,6.2829,0.0312,0.4249,0.9774,-0.0034,0.0152,0.2109,18.2385,8.9667,0.0592
open_plane_source_step_combined_5_20260913,8503,906,7967238932012,901,901,True,7967241077838,907,22.6300011,22631,74132,0.0,0.0,False,0.0,0.0,905,0.0,0.0,0.0011,0.0007,0.0,2981.81,2982.837,0.0,0.0,0.0005,0.0002,0.0014,0.0001,-0.0001,-0.0001,6.283,0.0312,0.4249,0.9774,-0.0034,0.0152,0.2108,18.2385,8.9667,0.0592
open_plane_source_step_combined_5_20260913,8511,907,7967264090637,902,902,True,7967266414919,908,22.655,22656,74210,0.0,0.0,False,0.0,0.0,906,0.0,0.0,0.001,0.0005,0.0,2981.81,2982.837,0.0,0.0,-0.0011,0.0006,0.006,0.0,-0.0001,0.0,6.283,0.0312,0.4249,0.9774,-0.0034,0.0152,0.2108,18.2385,8.9667,0.0592
open_plane_source_step_combined_5_20260913,8522,908,7967288935152,903,903,True,7967291182589,909,22.68,22681,74285,0.0,0.0,False,0.0,0.0,907,0.0,0.0,0.0009,0.0005,0.0,2981.81,2982.837,0.0,0.0,0.0006,0.0,-0.002,0.0,-0.0001,-0.0001,6.283,0.0313,0.4249,0.9774,-0.0034,0.0153,0.2108,18.2386,8.9667,0.0592
open_plane_source_step_combined_5_20260913,8531,909,7967313449627,904,904,True,7967316215007,910,22.7050018,22706,74355,0.0,0.0,False,0.0,0.0,908,0.0,0.0,0.0008,0.0004,0.0,2981.81,2982.837,0.0,0.0,-0.0002,0.0004,-0.0068,0.0,-0.0001,-0.0001,6.283,0.0313,0.4249,0.9774,-0.0034,0.0153,0.2108,18.2386,8.9667,0.0592
open_plane_source_step_combined_5_20260913,8540,910,7967339033031,905,905,True,7967341205026,911,22.7300014,22731,74437,0.0,0.0,False,0.0,0.0,909,0.0,0.0,0.0007,0.0003,0.0,2981.81,2982.837,0.0,0.0,-0.0017,0.0004,0.0062,0.0,0.0,-0.0001,6.283,0.0313,0.4249,0.9774,-0.0034,0.0153,0.2108,18.2386,8.9667,0.0592
open_plane_source_step_combined_5_20260913,8548,911,7967363323183,906,906,True,7967365990049,912,22.7550011,22756,74517,0.0,0.0,False,0.0,0.0,910,0.0,0.0,0.0006,0.0003,0.0,2981.81,2982.837,0.0,0.0,-0.0003,0.0002,-0.0038,0.0,0.0,0.0,6.2831,0.0313,0.4249,0.9774,-0.0034,0.0153,0.2109,18.2386,8.9667,0.0592
open_plane_source_step_combined_5_20260913,8558,912,7967388244683,907,907,True,7967391277367,913,22.78,22781,74601,0.0,0.0,False,0.0,0.0,911,0.0,0.0,0.0005,0.0003,0.0,2981.81,2982.837,0.0,0.0,-0.0004,0.0004,-0.0081,0.0,0.0,0.0,6.2831,0.0313,0.4249,0.9774,-0.0034,0.0153,0.2109,18.2386,8.9667,0.0592
open_plane_source_step_combined_5_20260913,8567,913,7967413837435,908,908,True,7967416097936,914,22.805,22806,74679,0.0,0.0,False,0.0,0.0,912,0.0,0.0,0.0005,0.0002,0.0,2981.81,2982.837,0.0,0.0,0.0001,0.0003,-0.0021,0.0,0.0,-0.0001,6.2831,0.0313,0.4249,0.9774,-0.0033,0.0153,0.2108,18.2386,8.9667,0.0592
open_plane_source_step_combined_5_20260913,8576,914,7967438787398,909,909,True,7967444042782,915,22.8300018,22831,74745,0.0,0.0,False,0.0,0.0,913,0.0,0.0,0.0004,0.0002,0.0,2981.81,2982.837,0.0,0.0,-0.0002,0.0004,-0.0038,0.0,0.0,-0.0001,6.2831,0.0313,0.4249,0.9774,-0.0033,0.0153,0.2108,18.2386,8.9667,0.0592
open_plane_source_step_combined_5_20260913,8585,915,7967463443579,910,910,True,7967465970030,916,22.8550014,22856,74810,0.0,0.0,False,0.0,0.0,914,0.0,0.0,0.0004,0.0002,0.0,2981.81,2982.837,0.0,0.0,-0.0013,0.0007,-0.0046,0.0,0.0,-0.0001,0.0046,0.0313,0.4249,0.9774,-0.0033,0.0153,0.2108,18.2386,8.9667,0.0592
open_plane_source_step_combined_5_20260913,8594,916,7967488321807,911,911,True,7967491055408,917,22.8800011,22881,74888,0.0,0.0,False,0.0,0.0,915,0.0,0.0,0.0003,0.0001,0.0,2981.81,2982.837,0.0,0.0,-0.0012,0.0006,0.0079,0.0,0.0,-0.0001,0.0041,0.0313,0.4249,0.9774,-0.0033,0.0153,0.2108,18.2386,8.9667,0.0592
open_plane_source_step_combined_5_20260913,8603,917,7967513473269,912,912,True,7967516017164,918,22.905,22906,74964,0.0,0.0,False,0.0,0.0,916,0.0,0.0,0.0003,0.0001,0.0,2981.81,2982.837,0.0,0.0,-0.001,0.0005,-0.004,0.0,0.0,-0.0001,0.0036,0.0313,0.4249,0.9774,-0.0033,0.0153,0.2108,18.2386,8.9667,0.0592
open_plane_source_step_combined_5_20260913,8611,918,7967538572533,913,913,True,7967541221515,919,22.93,22931,75037,0.0,0.0,False,0.0,0.0,917,0.0,0.0,0.0003,0.0002,0.0,2981.81,2982.837,0.0,0.0,-0.0008,0.0008,-0.0038,0.0,0.0,-0.0001,0.0032,0.0313,0.4249,0.9774,-0.0033,0.0153,0.2108,18.2386,8.9667,0.0592
open_plane_source_step_combined_5_20260913,8620,919,7967563126432,914,914,True,7967566147143,920,22.9550018,22956,75118,0.0,0.0,False,0.0,0.0,918,0.0,0.0,0.0002,0.0001,0.0,2981.81,2982.837,0.0,0.0,-0.0003,0.0001,0.0155,0.0,0.0,0.0,0.0029,0.0313,0.4249,0.9774,-0.0033,0.0153,0.2109,18.2386,8.9667,0.0592
open_plane_source_step_combined_5_20260913,8629,920,7967588696962,915,915,True,7967591321147,921,22.9800014,22981,75193,0.0,0.0,False,0.0,0.0,919,0.0,0.0,0.0002,0.0001,0.0,2981.81,2982.837,0.0,0.0,0.0015,-0.0006,0.0052,0.0,0.0,0.0,0.0025,0.0313,0.4249,0.9774,-0.0033,0.0153,0.2109,18.2386,8.9667,0.0592
open_plane_source_step_combined_5_20260913,8638,921,7967613968199,916,916,True,7967616128652,922,23.0050011,23006,75267,0.0,0.0,False,0.0,0.0,920,0.0,0.0,0.0002,0.0,0.0,2981.81,2982.837,0.0,0.0,-0.0002,0.0005,-0.0162,0.0,0.0,0.0,0.0023,0.0313,0.4249,0.9774,-0.0033,0.0153,0.2109,18.2386,8.9667,0.0592
open_plane_source_step_combined_5_20260913,8648,922,7967638702056,917,917,True,7967641356518,923,23.03,23031,75344,0.0,0.0,False,0.0,0.0,921,0.0,0.0,0.0002,0.0001,0.0,2981.81,2982.837,0.0,0.0,0.0001,0.0002,-0.0035,0.0,0.0,-0.0001,0.002,0.0313,0.4249,0.9774,-0.0033,0.0153,0.2109,18.2386,8.9667,0.0592
open_plane_source_step_combined_5_20260913,8657,923,7967664036212,918,918,True,7967668316081,924,23.0560017,23057,75429,0.0,0.0,False,0.0,0.0,922,0.0,0.0,0.0001,-0.0001,0.0,2981.81,2982.837,0.0,0.0,-0.0011,0.0007,-0.0039,0.0,0.0,-0.0001,0.0018,0.0313,0.4249,0.9774,-0.0033,0.0153,0.2109,18.2386,8.9667,0.0592
open_plane_source_step_combined_5_20260913,8665,924,7967688835472,919,919,True,7967691442465,925,23.0800018,23081,75503,0.0,0.0,False,0.0,0.0,923,0.0,0.0,0.0001,0.0,0.0,2981.81,2982.837,0.0,0.0,0.0006,0.0,-0.0048,0.0,0.0,0.0,0.0016,0.0313,0.4249,0.9774,-0.0033,0.0153,0.2109,18.2386,8.9667,0.0592
open_plane_source_step_combined_5_20260913,8675,925,7967714025106,920,920,True,7967717385796,926,23.106,23107,75586,0.0,0.0,False,0.0,0.0,924,0.0,0.0,0.0001,0.0,0.0,2981.81,2982.837,0.0,0.0,0.0002,-0.0005,-0.0064,0.0,0.0,0.0,0.0014,0.0313,0.4249,0.9774,-0.0033,0.0153,0.2109,18.2386,8.9667,0.0592
open_plane_source_step_combined_5_20260913,8684,926,7967738231500,921,921,True,7967741096058,927,23.1300011,23131,75664,0.0,0.0,False,0.0,0.0,925,0.0,0.0,0.0001,-0.0001,0.0,2981.81,2982.837,0.0,0.0,-0.0006,0.0004,-0.0063,0.0,0.0,0.0,0.0012,0.0313,0.4249,0.9774,-0.0033,0.0153,0.2109,18.2386,8.9667,0.0592
open_plane_source_step_combined_5_20260913,8692,927,7967763248139,922,922,True,7967766265293,928,23.155,23156,75738,0.0,0.0,False,0.0,0.0,926,0.0,0.0,0.0001,-0.0001,0.0,2981.81,2982.837,0.0,0.0,0.0006,0.0004,0.0111,0.0,0.0,0.0,0.0011,0.0313,0.4249,0.9774,-0.0033,0.0153,0.2109,18.2386,8.9667,0.0592
open_plane_source_step_combined_5_20260913,8702,928,7967788356670,923,923,True,7967791045437,929,23.18,23181,75795,0.0,0.0,False,0.0,0.0,927,0.0,0.0,0.0001,0.0001,0.0,2981.81,2982.837,0.0,0.0,-0.0001,0.0001,-0.0106,0.0,0.0,0.0,0.001,0.0313,0.4249,0.9774,-0.0033,0.0153,0.2109,18.2386,8.9667,0.0592
open_plane_source_step_combined_5_20260913,8710,929,7967813568296,924,924,True,7967816249879,930,23.2050018,23206,75875,0.0,0.0,False,0.0,0.0,928,0.0,0.0,0.0001,0.0,0.0,2981.81,2982.837,0.0,0.0,0.0005,0.0004,-0.0154,0.0,0.0,0.0,0.0009,0.0313,0.4249,0.9774,-0.0033,0.0153,0.2109,18.2386,8.9667,0.0592
open_plane_source_step_combined_5_20260913,8720,930,7967838905327,925,925,True,7967841113850,931,23.2300014,23231,75955,0.0,0.0,False,0.0,0.0,929,0.0,0.0,0.0001,-0.0001,0.0,2981.81,2982.837,0.0,0.0,-0.0009,0.0002,0.0091,0.0,0.0,0.0,0.0008,0.0313,0.4249,0.9774,-0.0033,0.0153,0.2109,18.2386,8.9667,0.0592
open_plane_source_step_combined_5_20260913,8728,931,7967863412938,926,926,True,7967866170274,932,23.2550011,23256,76038,0.0,0.0,False,0.0,0.0,930,0.0,0.0,0.0001,0.0001,0.0,2981.81,2982.837,0.0,0.0,0.0016,-0.0001,0.0062,0.0,0.0,0.0,0.0007,0.0313,0.4249,0.9774,-0.0033,0.0153,0.2109,18.2386,8.9667,0.0592
open_plane_source_step_combined_5_20260913,8737,932,7967888746573,927,927,True,7967891041990,933,23.28,23281,76115,0.0,0.0,False,0.0,0.0,931,0.0,0.0,0.0001,0.0001,0.0,2981.81,2982.837,0.0,0.0,-0.0001,0.0002,-0.0042,0.0,0.0,0.0,0.0006,0.0313,0.4249,0.9774,-0.0033,0.0153,0.2109,18.2386,8.9667,0.0592
open_plane_source_step_combined_5_20260913,8747,933,7967913475090,928,928,True,7967915972526,934,23.305,23306,76193,0.0,0.0,False,0.0,0.0,932,0.0,0.0,0.0001,0.0,0.0,2981.81,2982.837,0.0,0.0,-0.0002,0.0002,0.0001,0.0,0.0,0.0,0.0006,0.0313,0.4249,0.9774,-0.0033,0.0153,0.2109,18.2386,8.9667,0.0592
open_plane_source_step_combined_5_20260913,8755,934,7967938616663,929,929,True,7967941205572,935,23.3300018,23331,76277,0.0,0.0,False,0.0,0.0,933,0.0,0.0,0.0,-0.0001,0.0,2981.81,2982.837,0.0,0.0,-0.0003,0.0003,-0.0144,0.0,0.0,0.0,0.0005,0.0313,0.4249,0.9774,-0.0033,0.0153,0.2109,18.2386,8.9667,0.0592
open_plane_source_step_combined_5_20260913,8764,935,7967963624054,930,930,True,7967966265803,936,23.3550014,23356,76357,0.0,0.0,False,0.0,0.0,934,0.0,0.0,0.0,-0.0001,0.0,2981.81,2982.837,0.0,0.0,-0.0004,-0.0001,0.006,0.0,0.0,0.0,0.0004,0.0313,0.4249,0.9774,-0.0033,0.0153,0.2109,18.2386,8.9667,0.0592
open_plane_source_step_combined_5_20260913,8773,936,7967988665730,931,931,True,7967991216798,937,23.3800011,23381,76436,0.0,0.0,False,0.0,0.0,935,0.0,0.0,0.0,0.0,0.0,2981.81,2982.837,0.0,0.0,0.0001,-0.0004,0.0068,0.0,0.0,0.0,0.0004,0.0313,0.4249,0.9774,-0.0033,0.0153,0.2109,18.2387,8.9667,0.0592
open_plane_source_step_combined_5_20260913,8782,937,7968013555730,932,932,True,7968015998064,938,23.405,23406,76503,0.0,0.0,False,0.0,0.0,936,0.0,0.0,0.0001,0.0001,0.0,2981.81,2982.837,0.0,0.0,0.0017,-0.0005,-0.0073,0.0,0.0,0.0,0.0003,0.0313,0.4249,0.9774,-0.0033,0.0153,0.2109,18.2387,8.9667,0.0592
open_plane_source_step_combined_5_20260913,8790,938,7968039076457,933,933,True,7968042535132,939,23.43,23431,76584,0.0,0.0,False,0.0,0.0,937,0.0,0.0,0.0,0.0001,0.0,2981.81,2982.837,0.0,0.0,0.0005,0.0004,-0.0263,0.0,0.0,0.0,0.0003,0.0313,0.4249,0.9774,-0.0033,0.0153,0.2109,18.2387,8.9667,0.0592
open_plane_source_step_combined_5_20260913,8801,939,7968063156805,934,934,True,7968066580664,940,23.4550018,23456,76649,0.0,0.0,False,0.0,0.0,938,0.0,0.0,0.0,0.0001,0.0,2981.81,2982.837,0.0,0.0,0.0003,-0.0001,-0.0008,0.0,0.0,0.0,0.0003,0.0313,0.4249,0.9774,-0.0033,0.0153,0.2109,18.2388,8.9667,0.0592
open_plane_source_step_combined_5_20260913,8810,940,7968088590257,935,935,True,7968091154099,941,23.4800014,23481,76713,0.0,0.0,False,0.0,0.0,939,0.0,0.0,0.0,0.0001,0.0,2981.81,2982.837,0.0,0.0,-0.0004,0.0005,0.0009,0.0,0.0,0.0,0.0002,0.0313,0.4249,0.9774,-0.0033,0.0153,0.2109,18.2388,8.9667,0.0592
open_plane_source_step_combined_5_20260913,8819,941,7968113552674,936,936,True,7968116345626,942,23.5050011,23506,76779,0.0,0.0,False,0.0,0.0,940,0.0,0.0,0.0,0.0,0.0,2981.81,2982.837,0.0,0.0,-0.0004,0.0,0.0026,0.0,0.0,0.0,0.0002,0.0313,0.4249,0.9774,-0.0033,0.0153,0.2109,18.2388,8.9667,0.0592
open_plane_source_step_combined_5_20260913,8827,942,7968138964987,937,937,True,7968141070166,943,23.53,23531,76848,0.0,0.0,False,0.0,0.0,941,0.0,0.0,0.0,0.0001,0.0,2981.81,2982.837,0.0,0.0,-0.0003,-0.0003,0.0038,0.0,0.0,0.0,0.0002,0.0313,0.4249,0.9774,-0.0033,0.0153,0.2109,18.2388,8.9667,0.0592
open_plane_source_step_combined_5_20260913,8837,943,7968163258956,938,938,True,7968166042671,944,23.555,23556,76929,0.0,0.0,False,0.0,0.0,942,0.0,0.0,0.0,0.0,0.0,2981.81,2982.837,0.0,0.0,0.0,0.0,-0.0008,0.0,0.0,0.0,0.0002,0.0313,0.4249,0.9774,-0.0033,0.0153,0.2109,18.2388,8.9667,0.0592
open_plane_source_step_combined_5_20260913,8846,944,7968188390080,939,939,True,7968190948221,945,23.5800018,23581,77013,0.0,0.0,False,0.0,0.0,943,0.0,0.0,0.0,0.0,0.0,2981.81,2982.837,0.0,0.0,0.0005,-0.0006,-0.0043,0.0,0.0,0.0,0.0002,0.0313,0.4249,0.9774,-0.0033,0.0153,0.2109,18.2388,8.9667,0.0592
open_plane_source_step_combined_5_20260913,8855,945,7968214089723,940,940,True,7968216338031,946,23.6050014,23606,77083,0.0,0.0,False,0.0,0.0,944,0.0,0.0,0.0,0.0,0.0,2981.81,2982.837,0.0,0.0,-0.0005,0.0001,0.0119,0.0,0.0,0.0,0.0001,0.0314,0.4249,0.9774,-0.0033,0.0153,0.2109,18.2388,8.9667,0.0592
open_plane_source_step_combined_5_20260913,8864,946,7968238853256,941,941,True,7968241243130,947,23.6300011,23631,77162,0.0,0.0,False,0.0,0.0,945,0.0,0.0,0.0,0.0,0.0,2981.81,2982.837,0.0,0.0,-0.0008,0.0006,0.0039,0.0,0.0,0.0,0.0001,0.0314,0.4249,0.9774,-0.0033,0.0153,0.2109,18.2388,8.9667,0.0592
open_plane_source_step_combined_5_20260913,8873,947,7968264150372,942,942,True,7968266254960,948,23.655,23656,77246,0.0,0.0,False,0.0,0.0,946,0.0,0.0,0.0,0.0,0.0,2981.81,2982.837,0.0,0.0,-0.0004,0.0009,-0.0135,0.0,0.0,0.0,0.0001,0.0313,0.4249,0.9774,-0.0033,0.0153,0.2109,18.2388,8.9667,0.0592
open_plane_source_step_combined_5_20260913,8881,948,7968288787276,943,943,True,7968291096228,949,23.68,23681,77328,0.0,0.0,False,0.0,0.0,947,0.0,0.0,0.0,0.0,0.0,2981.81,2982.837,0.0,0.0,0.0004,-0.0001,-0.0135,0.0,0.0,0.0,0.0001,0.0313,0.4249,0.9774,-0.0033,0.0153,0.2109,18.2388,8.9667,0.0592
open_plane_source_step_combined_5_20260913,8891,949,7968313137822,944,944,True,7968316008360,950,23.7050018,23706,77404,0.0,0.0,False,0.0,0.0,948,0.0,0.0,0.0,0.0,0.0,2981.81,2982.837,0.0,0.0,0.0005,-0.0004,0.0006,0.0,0.0,0.0,0.0001,0.0313,0.4249,0.9774,-0.0033,0.0153,0.2109,18.2388,8.9667,0.0592
open_plane_source_step_combined_5_20260913,8900,950,7968338906775,945,945,True,7968341176294,951,23.7300014,23731,77474,0.0,0.0,False,0.0,0.0,949,0.0,0.0,0.0,0.0,0.0,2981.81,2982.837,0.0,0.0,-0.0005,-0.0005,0.0028,0.0,0.0,0.0001,0.0001,0.0313,0.4249,0.9774,-0.0033,0.0153,0.2109,18.2388,8.9667,0.0592
open_plane_source_step_combined_5_20260913,8908,951,7968363507662,946,946,True,7968366081012,952,23.7550011,23756,77548,0.0,0.0,False,0.0,0.0,950,0.0,0.0,0.0,0.0,0.0,2981.81,2982.837,0.0,0.0,0.0004,0.0002,-0.0065,0.0,0.0,0.0,0.0001,0.0313,0.4249,0.9774,-0.0033,0.0153,0.2109,18.2388,8.9667,0.0592
open_plane_source_step_combined_5_20260913,8917,952,7968388743753,947,947,True,7968391219790,953,23.78,23781,77626,0.0,0.0,False,0.0,0.0,951,0.0,0.0,0.0,0.0,0.0,2981.81,2982.837,0.0,0.0,0.0004,-0.0003,-0.0003,0.0,0.0,0.0,0.0001,0.0313,0.4249,0.9774,-0.0033,0.0153,0.2109,18.2388,8.9667,0.0592
open_plane_source_step_combined_5_20260913,8926,953,7968413580624,948,948,True,7968417414935,954,23.805,23806,77707,0.0,0.0,False,0.0,0.0,952,0.0,0.0,0.0,0.0,0.0,2981.81,2982.837,0.0,0.0,0.001,-0.0004,0.0018,0.0,0.0,0.0,0.0001,0.0313,0.4249,0.9774,-0.0033,0.0153,0.2109,18.2388,8.9667,0.0592
open_plane_source_step_combined_5_20260913,8935,954,7968439048110,949,949,True,7968441163519,955,23.8300018,23831,77790,0.0,0.0,False,0.0,0.0,953,0.0,0.0,0.0,0.0,0.0,2981.81,2982.837,0.0,0.0,-0.001,-0.0001,-0.0108,0.0,0.0,0.0,0.0,0.0314,0.4249,0.9774,-0.0033,0.0153,0.2109,18.2388,8.9667,0.0592
open_plane_source_step_combined_5_20260913,8944,955,7968463594805,950,950,True,7968465982726,956,23.8550014,23856,77854,0.0,0.0,False,0.0,0.0,954,0.0,0.0,0.0,-0.0001,0.0,2981.81,2982.837,0.0,0.0,0.0001,-0.0002,0.0039,0.0,0.0,0.0,0.0,0.0314,0.4249,0.9774,-0.0033,0.0153,0.2109,18.2388,8.9667,0.0592
open_plane_source_step_combined_5_20260913,8953,956,7968488770342,951,951,True,7968491196545,957,23.8800011,23881,77921,0.0,0.0,False,0.0,0.0,955,0.0,0.0,0.0,-0.0001,0.0,2981.81,2982.837,0.0,0.0,-0.0005,0.0001,0.0087,0.0,0.0,0.0,0.0,0.0314,0.425,0.9774,-0.0033,0.0153,0.2109,18.2388,8.9667,0.0592
open_plane_source_step_combined_5_20260913,8963,957,7968513875808,952,952,True,7968515966770,958,23.905,23906,77997,0.0,0.0,False,0.0,0.0,956,0.0,0.0,0.0,-0.0001,0.0,2981.81,2982.837,0.0,0.0,0.0003,-0.0002,0.0057,0.0,0.0,0.0,0.0,0.0314,0.4249,0.9774,-0.0033,0.0153,0.2109,18.2388,8.9667,0.0592
open_plane_source_step_combined_5_20260913,8972,958,7968538297347,953,953,True,7968541165492,959,23.93,23931,78080,0.0,0.0,False,0.0,0.0,957,0.0,0.0,0.0,-0.0001,0.0,2981.81,2982.837,0.0,0.0,-0.0003,0.0002,0.003,0.0,0.0,0.0,0.0,0.0314,0.4249,0.9774,-0.0033,0.0153,0.2109,18.2388,8.9667,0.0592
open_plane_source_step_combined_5_20260913,8981,959,7968563632124,954,954,True,7968566116577,960,23.9550018,23956,78159,0.0,0.0,False,0.0,0.0,958,0.0,0.0,0.0,-0.0001,0.0,2981.81,2982.837,0.0,0.0,-0.0003,-0.0001,0.0086,0.0,0.0,0.0,0.0,0.0314,0.4249,0.9774,-0.0033,0.0153,0.2109,18.2388,8.9667,0.0592
open_plane_source_step_combined_5_20260913,8990,960,7968588687315,955,955,True,7968591216322,961,23.9800014,23981,78232,0.0,0.0,False,0.0,0.0,959,0.0,0.0,0.0,-0.0001,0.0,2981.81,2982.837,0.0,0.0,-0.0005,0.0,0.0043,0.0,0.0,0.0,0.0,0.0314,0.4249,0.9774,-0.0033,0.0153,0.2109,18.2388,8.9667,0.0592
open_plane_source_step_combined_5_20260913,8999,961,7968613686561,956,956,True,7968616082507,962,24.0050011,24006,78304,0.0,0.0,False,0.0,0.0,960,0.0,0.0,0.0,-0.0001,0.0,2981.81,2982.837,0.0,0.0,0.0005,-0.0004,-0.0009,0.0,0.0,0.0,0.0,0.0314,0.4249,0.9774,-0.0033,0.0153,0.2109,18.2388,8.9667,0.0592
open_plane_source_step_combined_5_20260913,9008,962,7968638466595,957,957,True,7968641066515,963,24.03,24031,78386,0.0,0.0,False,0.0,0.0,961,0.0,0.0,0.0,-0.0001,0.0,2981.81,2982.837,0.0,0.0,0.0001,-0.0001,-0.0016,0.0,0.0,0.0,0.0,0.0314,0.4249,0.9774,-0.0033,0.0153,0.2109,18.2388,8.9667,0.0592
open_plane_source_step_combined_5_20260913,9016,963,7968663619810,958,958,True,7968666189563,964,24.055,24056,78464,0.0,0.0,False,0.0,0.0,962,0.0,0.0,-0.0001,-0.0001,0.0,2981.81,2982.837,0.0,0.0,-0.0006,0.0001,0.0061,0.0,0.0,0.0,0.0,0.0314,0.425,0.9774,-0.0033,0.0153,0.2109,18.2388,8.9667,0.0592
open_plane_source_step_combined_5_20260913,9025,964,7968688797352,959,959,True,7968691130870,965,24.0800018,24081,78540,0.0,0.0,False,0.0,0.0,963,0.0,0.0,0.0,-0.0001,0.0,2981.81,2982.837,0.0,0.0,-0.0005,0.0003,0.0025,0.0,0.0,0.0,0.0,0.0314,0.425,0.9774,-0.0033,0.0153,0.2109,18.2388,8.9667,0.0592
open_plane_source_step_combined_5_20260913,9035,965,7968713434236,960,960,True,7968716239341,966,24.1050014,24106,78617,0.0,0.0,False,0.0,0.0,964,0.0,0.0,0.0,0.0,0.0,2981.81,2982.837,0.0,0.0,0.0001,0.0004,0.0001,0.0,0.0,0.0001,0.0,0.0313,0.425,0.9774,-0.0033,0.0153,0.2109,18.2388,8.9667,0.0592
open_plane_source_step_combined_5_20260913,9044,966,7968738355345,961,961,True,7968741093945,967,24.1300011,24131,78681,0.0,0.0,False,0.0,0.0,965,0.0,0.0,0.0,0.0,0.0,2981.81,2982.837,0.0,0.0,-0.001,0.0006,0.0064,0.0,0.0,0.0,0.0,0.0313,0.425,0.9774,-0.0033,0.0153,0.2109,18.2388,8.9667,0.0592
open_plane_source_step_combined_5_20260913,9053,967,7968763579684,962,962,True,7968766301212,968,24.155,24156,78761,0.0,0.0,False,0.0,0.0,966,0.0,0.0,0.0,-0.0001,0.0,2981.81,2982.837,0.0,0.0,-0.0008,0.0,0.0036,0.0,0.0,0.0001,0.0,0.0314,0.425,0.9774,-0.0033,0.0153,0.2109,18.2388,8.9667,0.0592
open_plane_source_step_combined_5_20260913,9062,968,7968788857965,963,963,True,7968794955823,969,24.18,24181,78841,0.0,0.0,False,0.0,0.0,967,0.0,0.0,0.0,0.0,0.0,2981.81,2982.837,0.0,0.0,0.0,0.0005,-0.0025,0.0,0.0,0.0,0.0,0.0314,0.425,0.9774,-0.0033,0.0153,0.2109,18.2388,8.9667,0.0592
open_plane_source_step_combined_5_20260913,9070,969,7968814106790,964,964,True,7968817102674,970,24.2060013,24207,78905,0.0,0.0,False,0.0,0.0,968,0.0,0.0,0.0,0.0,0.0,2981.81,2982.837,0.0,0.0,0.0002,-0.0001,-0.0035,0.0,0.0,0.0,0.0,0.0313,0.425,0.9774,-0.0033,0.0153,0.2109,18.2388,8.9667,0.0592
open_plane_source_step_combined_5_20260913,9079,970,7968838595496,965,965,True,7968841099485,971,24.2300014,24231,78978,0.0,0.0,False,0.0,0.0,969,0.0,0.0,0.0,0.0,0.0,2981.81,2982.837,0.0,0.0,-0.0001,-0.0001,0.0032,0.0,0.0,0.0001,0.0,0.0314,0.425,0.9774,-0.0033,0.0153,0.2109,18.2388,8.9667,0.0592
open_plane_source_step_combined_5_20260913,9088,971,7968863665284,966,966,True,7968866157071,972,24.2550011,24256,79051,0.0,0.0,False,0.0,0.0,970,0.0,0.0,0.0,0.0,0.0,2981.81,2982.837,0.0,0.0,0.0004,0.0002,0.0058,0.0,0.0,0.0001,0.0,0.0314,0.425,0.9774,-0.0033,0.0153,0.2109,18.2388,8.9667,0.0592
open_plane_source_step_combined_5_20260913,9097,972,7968888616229,967,967,True,7968891162939,973,24.28,24281,79134,0.0,0.0,False,0.0,0.0,971,0.0,0.0,0.0,0.0,0.0,2981.81,2982.837,0.0,0.0,0.0001,-0.0002,-0.0056,0.0,0.0,0.0,0.0,0.0314,0.425,0.9774,-0.0033,0.0153,0.2109,18.2388,8.9667,0.0592
open_plane_source_step_combined_5_20260913,9107,973,7968913525255,968,968,True,7968916274726,974,24.305,24306,79215,0.0,0.0,False,0.0,0.0,972,0.0,0.0,0.0,0.0,0.0,2981.81,2982.837,0.0,0.0,0.001,-0.0002,-0.0066,0.0,0.0,0.0,0.0,0.0314,0.425,0.9774,-0.0033,0.0153,0.2109,18.2388,8.9667,0.0592
open_plane_source_step_combined_5_20260913,9116,974,7968938852989,969,969,True,7968941315029,975,24.3300018,24331,79297,0.0,0.0,False,0.0,0.0,973,0.0,0.0,0.0,0.0,0.0,2981.81,2982.837,0.0,0.0,-0.0007,0.0001,0.0017,0.0,0.0,0.0,0.0,0.0314,0.425,0.9774,-0.0033,0.0153,0.2109,18.2388,8.9667,0.0592
open_plane_source_step_combined_5_20260913,9125,975,7968963769730,970,970,True,7968966038877,976,24.3550014,24356,79374,0.0,0.0,False,0.0,0.0,974,0.0,0.0,0.0,0.0,0.0,2981.81,2982.837,0.0,0.0,-0.0006,0.0007,0.002,0.0,0.0,0.0,0.0,0.0314,0.425,0.9774,-0.0033,0.0153,0.2109,18.2388,8.9667,0.0592
open_plane_source_step_combined_5_20260913,9134,976,7968988633030,971,971,True,7968991164280,977,24.3800011,24381,79447,0.0,0.0,False,0.0,0.0,975,0.0,0.0,0.0,0.0,0.0,2981.81,2982.837,0.0,0.0,-0.0002,0.0006,0.0003,0.0,0.0,0.0,0.0,0.0313,0.425,0.9774,-0.0033,0.0153,0.2109,18.2388,8.9667,0.0592
open_plane_source_step_combined_5_20260913,9142,977,7969013655670,972,972,True,7969016505920,978,24.405,24406,79526,0.0,0.0,False,0.0,0.0,976,0.0,0.0,0.0,-0.0001,0.0,2981.81,2982.837,0.0,0.0,0.0004,0.0,-0.0025,0.0,0.0,0.0001,0.0,0.0314,0.425,0.9774,-0.0033,0.0153,0.2109,18.2388,8.9667,0.0592
open_plane_source_step_combined_5_20260913,9152,978,7969038344342,973,973,True,7969040813485,979,24.429,24430,79597,0.0,0.0,False,0.0,0.0,977,0.0,0.0,0.0,0.0,0.0,2981.81,2982.837,0.0,0.0,0.0008,0.0001,-0.0054,0.0,0.0,0.0001,0.0,0.0313,0.425,0.9774,-0.0033,0.0153,0.2109,18.2388,8.9667,0.0592
open_plane_source_step_combined_5_20260913,9160,979,7969063225245,974,974,True,7969066055247,980,24.4550018,24456,79659,0.0,0.0,False,0.0,0.0,978,0.0,0.0,0.0,0.0,0.0,2981.81,2982.837,0.0,0.0,-0.0012,0.0001,0.0147,0.0,0.0,0.0001,0.0,0.0314,0.425,0.9774,-0.0033,0.0153,0.2109,18.2388,8.9667,0.0592
open_plane_source_step_combined_5_20260913,9170,980,7969088540695,975,975,True,7969091140184,981,24.4800014,24481,79740,0.0,0.0,False,0.0,0.0,979,0.0,0.0,0.0,0.0,0.0,2981.81,2982.837,0.0,0.0,-0.0001,-0.0001,0.007,0.0,0.0,0.0001,0.0,0.0314,0.425,0.9774,-0.0033,0.0153,0.2109,18.2388,8.9667,0.0592
open_plane_source_step_combined_5_20260913,9178,981,7969113474939,976,976,True,7969116197279,982,24.5050011,24506,79820,0.0,0.0,False,0.0,0.0,980,0.0,0.0,0.0,0.0,0.0,2981.81,2982.837,0.0,0.0,-0.0011,-0.0004,0.0199,0.0,0.0,0.0001,0.0,0.0314,0.425,0.9774,-0.0033,0.0153,0.2109,18.2388,8.9667,0.0592
open_plane_source_step_combined_5_20260913,9187,982,7969138675864,977,977,True,7969141439211,983,24.53,24531,79885,0.0,0.0,False,0.0,0.0,981,0.0,0.0,0.0,0.0,0.0,2981.81,2982.837,0.0,0.0,-0.0001,-0.0001,0.0138,0.0,0.0,0.0001,0.0,0.0314,0.425,0.9774,-0.0033,0.0153,0.2109,18.2388,8.9667,0.0592
open_plane_source_step_combined_5_20260913,9197,983,7969163816576,978,978,True,7969166315546,984,24.555,24556,79961,0.0,0.0,False,0.0,0.0,982,0.0,0.0,0.0,0.0,0.0,2981.81,2982.837,0.0,0.0,0.0001,-0.0002,0.0006,0.0,0.0,0.0001,0.0,0.0314,0.425,0.9774,-0.0033,0.0153,0.2109,18.2388,8.9667,0.0592
open_plane_source_step_combined_5_20260913,9205,984,7969188444784,979,979,True,7969191213742,985,24.5800018,24581,80041,0.0,0.0,False,0.0,0.0,983,0.0,0.0,0.0,0.0,0.0,2981.81,2982.837,0.0,0.0,0.0004,-0.0003,0.0015,0.0,0.0,0.0001,0.0,0.0314,0.425,0.9774,-0.0033,0.0153,0.2109,18.2388,8.9667,0.0592
open_plane_source_step_combined_5_20260913,9214,985,7969213840045,980,980,True,7969216322694,986,24.6050014,24606,80122,0.0,0.0,False,0.0,0.0,984,0.0,0.0,0.0,0.0,0.0,2981.81,2982.837,0.0,0.0,0.0002,0.0002,-0.014,0.0,0.0,0.0001,0.0,0.0314,0.425,0.9774,-0.0033,0.0153,0.2109,18.2388,8.9667,0.0592
open_plane_source_step_combined_5_20260913,9223,986,7969238786161,981,981,True,7969241486229,987,24.6300011,24631,80201,0.0,0.0,False,0.0,0.0,985,0.0,0.0,0.0,0.0,0.0,2981.81,2982.837,0.0,0.0,0.0004,0.0004,-0.0017,0.0,0.0,0.0001,0.0,0.0313,0.425,0.9774,-0.0033,0.0153,0.2109,18.2388,8.9667,0.0592
