[INFO] [launch]: All log files can be found below /root/.ros/log/2026-09-10-03-48-29-675249-ExternalDrive-87
[INFO] [launch]: Default logging verbosity is set to INFO
[INFO] [launch.user]: controller=pure_pursuit custom_amcl=True rviz=False
[INFO] [autodrive_bridge_40hz-1]: process started with pid [140]
[INFO] [sensor_odometry_node-2]: process started with pid [142]
[INFO] [ekf_localization_node-3]: process started with pid [144]
[INFO] [map_server-4]: process started with pid [146]
[INFO] [lifecycle_manager-5]: process started with pid [148]
[INFO] [gpu_amcl_cpp_node-6]: process started with pid [150]
[INFO] [ground_truth_amcl_monitor-7]: process started with pid [152]
[INFO] [calibration-8]: process started with pid [154]
[INFO] [component_container-9]: process started with pid [156]
[INFO] [actuator_interface-10]: process started with pid [158]
[ekf_localization_node-3] [INFO] [1789012109.854256264] [ekf_localization]: Local odometry trust filter ready: /odom -> /ekf_odom and /ekf_pose in frame odom; reset events=/autodrive/reset_command
[lifecycle_manager-5] [INFO] [1789012109.855822099] [lifecycle_manager_map]: Creating
[sensor_odometry_node-2] [INFO] [1789012109.857466692] [sensor_odometry]: Deterministic odometry observer: exact timestamp packets, encoders + IMU only
[lifecycle_manager-5] [INFO] [1789012109.860308978] [lifecycle_manager_map]: [34m[1mCreating and initializing lifecycle service clients[0m[0m
[lifecycle_manager-5] [INFO] [1789012109.873160880] [lifecycle_manager_map]: [34m[1mStarting managed nodes bringup...[0m[0m
[lifecycle_manager-5] [INFO] [1789012109.873214751] [lifecycle_manager_map]: [34m[1mConfiguring map_server[0m[0m
[map_server-4] [INFO] [1789012109.874908947] [map_server]: 
[map_server-4] 	map_server lifecycle node launched. 
[map_server-4] 	Waiting on external lifecycle transitions to activate
[map_server-4] 	See https://design.ros2.org/articles/node_lifecycle.html for more information.
[map_server-4] [INFO] [1789012109.875057827] [map_server]: Creating
[map_server-4] [INFO] [1789012109.875794733] [map_server]: Configuring
[map_server-4] [INFO] [1789012109.875849156] [map_io]: Loading yaml file: /workspace/src/f1tenth_planning/maps/autodrive_track_ftg_commit_20260909_025m.yaml
[map_server-4] [INFO] [1789012109.876126287] [map_io]: resolution: 0.025
[map_server-4] [INFO] [1789012109.876137358] [map_io]: origin[0]: -6.82
[map_server-4] [INFO] [1789012109.876144732] [map_io]: origin[1]: -12.3
[map_server-4] [INFO] [1789012109.876150783] [map_io]: origin[2]: 0
[map_server-4] [INFO] [1789012109.876157255] [map_io]: free_thresh: 0.25
[map_server-4] [INFO] [1789012109.876163166] [map_io]: occupied_thresh: 0.65
[map_server-4] [INFO] [1789012109.876169799] [map_io]: mode: trinary
[map_server-4] [INFO] [1789012109.876177724] [map_io]: negate: 0
[map_server-4] [INFO] [1789012109.876419499] [map_io]: Loading image_file: /workspace/src/f1tenth_planning/maps/autodrive_track_ftg_commit_20260909_025m.pgm
[map_server-4] [INFO] [1789012109.916094469] [map_io]: Read map /workspace/src/f1tenth_planning/maps/autodrive_track_ftg_commit_20260909_025m.pgm: 349 X 877 map @ 0.025 m/cell
[lifecycle_manager-5] [INFO] [1789012109.923887316] [lifecycle_manager_map]: [34m[1mActivating map_server[0m[0m
[map_server-4] [INFO] [1789012109.924040324] [map_server]: Activating
[map_server-4] [INFO] [1789012109.924613331] [map_server]: Creating bond (map_server) to lifecycle manager.
[lifecycle_manager-5] [INFO] [1789012110.029458845] [lifecycle_manager_map]: Server map_server connected with bond.
[lifecycle_manager-5] [INFO] [1789012110.029517175] [lifecycle_manager_map]: [34m[1mManaged nodes are active[0m[0m
[lifecycle_manager-5] [INFO] [1789012110.029530921] [lifecycle_manager_map]: [34m[1mCreating bond timer...[0m[0m
[gpu_amcl_cpp_node-6] [INFO] [1789012110.056581287] [gpu_amcl_cpp]: [AMCL] Parameters: update_min_d=0.02000, update_min_a=0.03500, max_scan_age=0.2500, odom_history=1.000s, cloud_publish_rate=1.0 Hz, debug_pre_resample=false, slip_threshold=1.00 rad/s, initial_raceline_heading=false, local_correction_gate=0.00m/0.00rad xy_gain=0.500 cross_track_only=false along_track_gain=0.250 yaw_gain=0.000 association=0.80m recenter_cloud=true
[gpu_amcl_cpp_node-6] [INFO] [1789012110.070280062] [gpu_amcl_cpp]: Particle cloud publishing scan-synchronized, max 1.0 Hz
[gpu_amcl_cpp_node-6] [INFO] [1789012110.070341247] [gpu_amcl_cpp]: GPU AMCL C++ node created — waiting for map...
[component_container-9] [INFO] [1789012110.072449562] [controller_container]: Load Library: /workspace/install/lib/libpure_pursuit_node.so
[component_container-9] [INFO] [1789012110.074865236] [controller_container]: Found class: rclcpp_components::NodeFactoryTemplate<f1tenth_control::PurePursuitNode>
[component_container-9] [INFO] [1789012110.074925839] [controller_container]: Instantiate class: rclcpp_components::NodeFactoryTemplate<f1tenth_control::PurePursuitNode>
[autodrive_bridge_40hz-1] /usr/local/lib/python3.10/dist-packages/numpy/core/getlimits.py:499: UserWarning: The value of the smallest subnormal for <class 'numpy.float64'> type is zero.
[autodrive_bridge_40hz-1]   setattr(self, word, getattr(machar, word).flat[0])
[autodrive_bridge_40hz-1] /usr/local/lib/python3.10/dist-packages/numpy/core/getlimits.py:89: UserWarning: The value of the smallest subnormal for <class 'numpy.float64'> type is zero.
[autodrive_bridge_40hz-1]   return self._float_to_str(self.smallest_subnormal)
[component_container-9] [INFO] [1789012110.081538196] [pure_pursuit_node]: Initializing Pure Pursuit Node
[gpu_amcl_cpp_node-6] [INFO] [1789012110.081550429] [gpu_amcl_cpp]: Received first map (349x877 @ 0.025 m/cell) — initialising PF
[component_container-9] [INFO] [1789012110.087004417] [pure_pursuit_node]: Loaded trajectory with 2586 waypoints (51.7 m)
[component_container-9] [INFO] [1789012110.090777193] [pure_pursuit_node]: Pure Pursuit Node initialized
[component_container-9] [INFO] [1789012110.090810796] [pure_pursuit_node]:   Trajectory: /workspace/src/f1tenth_planning/trajectories/autodrive_track_ftg_commit_20260909_025m_mintime_raceline.csv (2586 points)
[INFO] [launch_ros.actions.load_composable_nodes]: Loaded node '/pure_pursuit_node' in container '/controller_container'
[component_container-9] [INFO] [1789012110.090820063] [pure_pursuit_node]:   Lookahead: 0.75 - 1.10 m (gain: 0.05)
[component_container-9] [INFO] [1789012110.090834010] [pure_pursuit_node]:   Max speed cap: 1.50 m/s
[component_container-9] [INFO] [1789012110.090842355] [pure_pursuit_node]:   Lookahead adapt: cte_weight=1.00 cte_gain=0.042 curvature_gain=1.900
[component_container-9] [INFO] [1789012110.090852204] [pure_pursuit_node]:   Speed adapt: curvature_factor=0.102 floor_ratio=0.52
[component_container-9] [INFO] [1789012110.090861471] [pure_pursuit_node]:   Speed adapt (CTE): factor=1.500 floor_ratio=0.55
[component_container-9] [INFO] [1789012110.090869867] [pure_pursuit_node]:   Speed limits: max_lat_accel=6.50 min_reg_speed=0.00
[component_container-9] [INFO] [1789012110.090878393] [pure_pursuit_node]:   Yaw-rate damping: 0.000 s
[component_container-9] [INFO] [1789012110.090887180] [pure_pursuit_node]:   Target-heading turn-in gain: 0.000
[component_container-9] [INFO] [1789012110.090895104] [pure_pursuit_node]:   Command shaping: steer_rate=3.20 accel=3.00 decel=8.00
[component_container-9] [INFO] [1789012110.090909712] [pure_pursuit_node]:   Pose: /current_map_pose (map frame)
[component_container-9] [INFO] [1789012110.090917406] [pure_pursuit_node]:   Odom: /odom
[component_container-9] [INFO] [1789012110.090924369] [pure_pursuit_node]:   Control trigger: /odom (one command per odometry update; nominal 40.0 Hz)
[component_container-9] [INFO] [1789012110.090933046] [pure_pursuit_node]:   Steering feedback: /autodrive/roboracer_1/steering (lead gain 0.25)
[component_container-9] [INFO] [1789012110.090942083] [pure_pursuit_node]:   Startup path gate: distance <= 0.80 m, heading <= 0.75 rad
[component_container-9] [INFO] [1789012110.090952492] [pure_pursuit_node]:   Command: /cmd/speed
[calibration-8] [INFO] [1789012110.097390321] [allowed_telemetry_recorder]: Calibration mode=sensor_record duration=0.000 s output=/workspace/src/f1tenth_planning/analysis/amcl_tuning_campaign_20260909/acceptance_midpoint_odom_slowfirst_20260910_run27/sensor_record_20260910_034830.csv
[ground_truth_amcl_monitor-7] [INFO] [1789012110.102064121] [ground_truth_amcl_monitor]: Absolute map scoring enabled from explicit map start: (0.8006, 3.1583, -1.5708)
[ground_truth_amcl_monitor-7] [WARN] [1789012110.109280714] [ground_truth_amcl_monitor]: Ground-truth monitor is diagnostics-only; simulator IPS/odom are not controller inputs
[gpu_amcl_cpp_node-6] [INFO] [1789012110.128388081] [gpu_amcl_cpp]: Loaded 2587 global heading points from /workspace/src/f1tenth_planning/trajectories/autodrive_track_ftg_commit_20260909_025m_mintime_raceline.csv
[actuator_interface-10] [INFO] [1789012110.132509002] [autodrive_actuator_interface]: Actuator interface ready; no arming state
[actuator_interface-10] [WARN] [1789012110.133616365] [autodrive_actuator_interface]: Neutral output: no command
[gpu_amcl_cpp_node-6] [INFO] [1789012110.143208606] [gpu_amcl_cpp]: Global AMCL startup prior centred at saved map start (0.801, 3.158, -1.571) with covariance (0.500, 0.500, 0.200).
[gpu_amcl_cpp_node-6] [INFO] [1789012110.143280040] [gpu_amcl_cpp]: Particle filter initialised with 2500 particles (global)
[gpu_amcl_cpp_node-6] [INFO] [1789012110.143334883] [gpu_amcl_cpp]: Global particle initialization active; waiting for scans before publishing pose
[autodrive_bridge_40hz-1] [autodrive_bridge_40hz] camera decode/publication disabled
[autodrive_bridge_40hz-1] [autodrive_bridge_40hz] bounded request pacing enabled at 40 Hz (max one outstanding request)
[autodrive_bridge_40hz-1] Connected!
[autodrive_bridge_40hz-1] [autodrive_bridge_40hz] dropping incomplete startup packet (missing V1 LIDAR Range Array); requesting retry
[component_container-9] [WARN] [1789012121.911919738] [pure_pursuit_node]: No pose received on /current_map_pose yet
[gpu_amcl_cpp_node-6] [INFO] [1789012121.912146164] [gpu_amcl_cpp]: Received first odometry sample at (0.00, 0.00, 0.00).
[gpu_amcl_cpp_node-6] [INFO] [1789012121.913067517] [gpu_amcl_cpp]: Received LiDAR callback #1 (1081 ranges).
[gpu_amcl_cpp_node-6] [INFO] [1789012121.913135986] [gpu_amcl_cpp]: AMCL odom delta: at_scan=(0.000, 0.000, 0.000) baseline=(0.000, 0.000, 0.000) delta=(0.000, 0.000, 0.000) moved=false scan_age=0.050s
[gpu_amcl_cpp_node-6] [INFO] [1789012121.913157476] [gpu_amcl_cpp]: Starting AMCL scan update #1 (sampled from 1081 ranges).
[gpu_amcl_cpp_node-6] [INFO] [1789012121.914769217] [gpu_amcl_cpp]: AMCL scan update #1 completed; evaluating pose confidence.
[gpu_amcl_cpp_node-6] [INFO] [1789012121.921382045] [gpu_amcl_cpp]: Startup GPU scan refinement done: refined_particles=2232/2500, beams=180, best_mean_dist=0.000 m, time=6.56 ms
[gpu_amcl_cpp_node-6] [INFO] [1789012121.926627631] [gpu_amcl_cpp]: Global AMCL refining: cluster_weight=0.928, covariance xy=0.009 (max 0.250), yaw=0.000 (max 0.120).
[gpu_amcl_cpp_node-6] [INFO] [1789012121.926660142] [gpu_amcl_cpp]: Global AMCL lock evidence: quality=false stable_scans=1/5 travel=0.000/0.750 m (min_weight=0.500).
[gpu_amcl_cpp_node-6] [INFO] [1789012122.114594789] [gpu_amcl_cpp]: Publishing provisional global AMCL pose for localization ramp; travel=0.000/0.750 m stable_scans=5/5.
[ground_truth_amcl_monitor-7] [INFO] [1789012122.115687484] [ground_truth_amcl_monitor]: Relative GT alignment initialized: yaw=0.000, translation=(-0.000, -0.001)
[ground_truth_amcl_monitor-7] [INFO] [1789012122.116187104] [ground_truth_amcl_monitor]: AMCL vs GT: gt=(0.801, 3.157) amcl=(0.801, 3.158) error=0.001 m / 0.000 rad; current_map=unavailable; odom=(0.801, 3.157, -1.571) error=0.000 m / 0.000 rad; ekf=(0.801, 3.157, -1.571) error=0.000 m / 0.000 rad; RMS=0.001 m / 0.000 rad max=0.001 m / 0.000 rad samples=1
[component_container-9] [INFO] [1789012122.410349855] [pure_pursuit_node]: Aligned closed trajectory seam to startup pose at original waypoint 1090
[component_container-9] [INFO] [1789012122.410444523] [pure_pursuit_node]: Startup path gate passed: path_distance=0.166 m heading_error=0.301 rad
[component_container-9] [INFO] [1789012122.410463689] [pure_pursuit_node]: Pure Pursuit: pose=(0.801, 3.158, -1.571) cte=-0.166 closest=0 target=38 path_dist=0.166 heading_err=0.301 steer=0.003 speed=0.003
[gpu_amcl_cpp_node-6] [INFO] [1789012122.961830078] [gpu_amcl_cpp]: AMCL odom delta: at_scan=(0.187, 0.005, 0.046) baseline=(0.139, 0.003, 0.035) delta=(0.048, 0.002, 0.011) moved=true scan_age=0.049s
[actuator_interface-10] [INFO] [1789012122.962477686] [autodrive_actuator_interface]: Collision baseline established at cumulative count 0
[ground_truth_amcl_monitor-7] [INFO] [1789012123.117429920] [ground_truth_amcl_monitor]: AMCL vs GT: gt=(0.819, 2.715) amcl=(0.817, 2.794) error=0.079 m / 0.000 rad; current_map=(0.817, 2.794, -1.486) error=0.079 m / 0.000 rad; odom=(0.817, 2.793, -1.486) error=0.078 m / 0.000 rad; ekf=(0.817, 2.793, -1.486) error=0.078 m / 0.000 rad; RMS=0.056 m / 0.005 rad max=0.140 m / 0.013 rad samples=41
[component_container-9] [INFO] [1789012123.411599624] [pure_pursuit_node]: Pure Pursuit: pose=(0.876, 2.339, -1.401) cte=-0.009 closest=40 target=82 path_dist=0.009 heading_err=0.088 steer=0.038 speed=1.470
[gpu_amcl_cpp_node-6] [INFO] [1789012123.417970978] [gpu_amcl_cpp]: Global AMCL lock accepted at (0.865, 2.406, -1.412); continuing with local tracking.
[gpu_amcl_cpp_node-6] [INFO] [1789012123.467633162] [gpu_amcl_cpp]: AMCL local correction: odom_prediction=(0.877, 2.337, -1.401) scan=(0.877, 2.333, -1.412) correction=0.004 m/0.010 rad cluster_weight=0.909 publish=true
[gpu_amcl_cpp_node-6] [WARN] [1789012123.667999942] [gpu_amcl_cpp]: No local AMCL cluster near odometry prediction; using causal odometry pose.
[gpu_amcl_cpp_node-6] [INFO] [1789012124.011545973] [gpu_amcl_cpp]: AMCL odom delta: at_scan=(1.600, 0.234, 0.212) baseline=(1.529, 0.219, 0.211) delta=(0.071, 0.015, 0.001) moved=true scan_age=0.049s
[ground_truth_amcl_monitor-7] [INFO] [1789012124.121223604] [ground_truth_amcl_monitor]: AMCL vs GT: gt=(1.072, 1.314) amcl=(1.055, 1.426) error=0.113 m / 0.000 rad; current_map=(1.054, 1.423, -1.358) error=0.111 m / 0.000 rad; odom=(1.065, 1.417, -1.358) error=0.103 m / 0.000 rad; ekf=(1.065, 1.417, -1.358) error=0.103 m / 0.000 rad; RMS=0.105 m / 0.005 rad max=0.183 m / 0.013 rad samples=81
[component_container-9] [INFO] [1789012124.411639137] [pure_pursuit_node]: Pure Pursuit: pose=(1.149, 0.952, -1.379) cte=0.019 closest=111 target=153 path_dist=0.019 heading_err=-0.022 steer=-0.022 speed=1.446
[gpu_amcl_cpp_node-6] [INFO] [1789012124.515567476] [gpu_amcl_cpp]: AMCL local correction: odom_prediction=(1.161, 0.887, -1.384) scan=(1.148, 0.927, -1.382) correction=0.042 m/0.002 rad cluster_weight=0.928 publish=true
[gpu_amcl_cpp_node-6] [WARN] [1789012124.766888770] [gpu_amcl_cpp]: No local AMCL cluster near odometry prediction; using causal odometry pose.
[gpu_amcl_cpp_node-6] [INFO] [1789012125.012697958] [gpu_amcl_cpp]: AMCL odom delta: at_scan=(3.004, 0.494, 0.136) baseline=(2.933, 0.484, 0.142) delta=(0.072, 0.010, -0.006) moved=true scan_age=0.050s
[ground_truth_amcl_monitor-7] [INFO] [1789012125.164800893] [ground_truth_amcl_monitor]: AMCL vs GT: gt=(1.331, -0.182) amcl=(1.286, 0.070) error=0.255 m / 0.007 rad; current_map=(1.295, -0.002, -1.457) error=0.183 m / 0.000 rad; odom=(1.321, -0.062, -1.457) error=0.120 m / 0.000 rad; ekf=(1.321, -0.062, -1.457) error=0.120 m / 0.000 rad; RMS=0.141 m / 0.005 rad max=0.258 m / 0.013 rad samples=122
[component_container-9] [INFO] [1789012125.459056007] [pure_pursuit_node]: Pure Pursuit: pose=(1.336, -0.538, -1.503) cte=0.007 closest=186 target=228 path_dist=0.007 heading_err=-0.009 steer=-0.025 speed=1.472
[gpu_amcl_cpp_node-6] [INFO] [1789012125.517811004] [gpu_amcl_cpp]: AMCL local correction: odom_prediction=(1.343, -0.572, -1.503) scan=(1.354, -0.650, -1.496) correction=0.078 m/0.007 rad cluster_weight=0.972 publish=true
[gpu_amcl_cpp_node-6] [INFO] [1789012126.060968033] [gpu_amcl_cpp]: AMCL odom delta: at_scan=(4.520, 0.588, -0.024) baseline=(4.450, 0.589, -0.016) delta=(0.070, -0.001, -0.009) moved=true scan_age=0.049s
[ground_truth_amcl_monitor-7] [INFO] [1789012126.170907076] [ground_truth_amcl_monitor]: AMCL vs GT: gt=(1.393, -1.641) amcl=(1.399, -1.544) error=0.096 m / 0.000 rad; current_map=(1.398, -1.544, -1.612) error=0.097 m / 0.000 rad; odom=(1.383, -1.505, -1.612) error=0.136 m / 0.000 rad; ekf=(1.383, -1.505, -1.612) error=0.136 m / 0.000 rad; RMS=0.147 m / 0.005 rad max=0.258 m / 0.013 rad samples=163
[component_container-9] [INFO] [1789012126.461379586] [pure_pursuit_node]: Pure Pursuit: pose=(1.368, -2.041, -1.652) cte=-0.023 closest=261 target=303 path_dist=0.023 heading_err=0.032 steer=-0.014 speed=1.442
[gpu_amcl_cpp_node-6] [INFO] [1789012126.567154798] [gpu_amcl_cpp]: AMCL local correction: odom_prediction=(1.361, -2.110, -1.655) scan=(1.365, -2.107, -1.650) correction=0.006 m/0.005 rad cluster_weight=0.932 publish=true
[gpu_amcl_cpp_node-6] [INFO] [1789012126.914151368] [gpu_amcl_cpp]: Received LiDAR callback #101 (1081 ranges).
[gpu_amcl_cpp_node-6] [INFO] [1789012126.914219506] [gpu_amcl_cpp]: Starting AMCL scan update #101 (sampled from 1081 ranges).
[gpu_amcl_cpp_node-6] [INFO] [1789012126.964849601] [gpu_amcl_cpp]: AMCL scan update #102 completed; evaluating pose confidence.
[gpu_amcl_cpp_node-6] [INFO] [1789012127.064102526] [gpu_amcl_cpp]: AMCL odom delta: at_scan=(5.940, 0.476, -0.110) baseline=(5.867, 0.484, -0.108) delta=(0.073, -0.008, -0.002) moved=true scan_age=0.049s
[ground_truth_amcl_monitor-7] [INFO] [1789012127.171045574] [ground_truth_amcl_monitor]: AMCL vs GT: gt=(1.268, -3.080) amcl=(1.278, -3.003) error=0.077 m / 0.000 rad; current_map=(1.278, -3.001, -1.685) error=0.079 m / 0.000 rad; odom=(1.260, -2.925, -1.685) error=0.155 m / 0.000 rad; ekf=(1.260, -2.925, -1.685) error=0.155 m / 0.000 rad; RMS=0.143 m / 0.005 rad max=0.258 m / 0.013 rad samples=203
[component_container-9] [INFO] [1789012127.486648450] [pure_pursuit_node]: Pure Pursuit: pose=(1.211, -3.556, -1.708) cte=-0.007 closest=337 target=379 path_dist=0.007 heading_err=0.007 steer=-0.014 speed=1.477
[gpu_amcl_cpp_node-6] [INFO] [1789012127.593360924] [gpu_amcl_cpp]: AMCL local correction: odom_prediction=(1.197, -3.640, -1.711) scan=(1.196, -3.652, -1.710) correction=0.011 m/0.001 rad cluster_weight=0.938 publish=true
[gpu_amcl_cpp_node-6] [INFO] [1789012128.085865195] [gpu_amcl_cpp]: AMCL odom delta: at_scan=(7.415, 0.270, -0.166) baseline=(7.345, 0.282, -0.163) delta=(0.070, -0.012, -0.002) moved=true scan_age=0.048s
[ground_truth_amcl_monitor-7] [INFO] [1789012128.188402527] [ground_truth_amcl_monitor]: AMCL vs GT: gt=(1.051, -4.575) amcl=(1.076, -4.428) error=0.149 m / 0.001 rad; current_map=(1.063, -4.500, -1.740) error=0.076 m / 0.000 rad; odom=(1.045, -4.402, -1.740) error=0.173 m / 0.000 rad; ekf=(1.045, -4.402, -1.740) error=0.173 m / 0.000 rad; RMS=0.139 m / 0.004 rad max=0.258 m / 0.013 rad samples=242
[component_container-9] [INFO] [1789012128.487776439] [pure_pursuit_node]: Pure Pursuit: pose=(0.973, -5.021, -1.757) cte=-0.002 closest=411 target=454 path_dist=0.002 heading_err=0.004 steer=-0.006 speed=1.491
[gpu_amcl_cpp_node-6] [INFO] [1789012128.641574732] [gpu_amcl_cpp]: AMCL local correction: odom_prediction=(0.943, -5.168, -1.761) scan=(0.936, -5.183, -1.758) correction=0.016 m/0.003 rad cluster_weight=0.934 publish=true
[gpu_amcl_cpp_node-6] [INFO] [1789012129.110835678] [gpu_amcl_cpp]: AMCL odom delta: at_scan=(8.896, -0.009, -0.204) baseline=(8.825, 0.006, -0.202) delta=(0.072, -0.015, -0.002) moved=true scan_age=0.049s
[ground_truth_amcl_monitor-7] [INFO] [1789012129.211343603] [ground_truth_amcl_monitor]: AMCL vs GT: gt=(0.763, -6.076) amcl=(0.790, -5.949) error=0.130 m / 0.002 rad; current_map=(0.775, -6.021, -1.779) error=0.056 m / 0.000 rad; odom=(0.760, -5.885, -1.779) error=0.190 m / 0.000 rad; ekf=(0.760, -5.885, -1.779) error=0.190 m / 0.000 rad; RMS=0.135 m / 0.004 rad max=0.258 m / 0.013 rad samples=282
[component_container-9] [INFO] [1789012129.512954091] [pure_pursuit_node]: Pure Pursuit: pose=(0.667, -6.529, -1.795) cte=-0.005 closest=488 target=531 path_dist=0.005 heading_err=0.004 steer=-0.008 speed=1.474
[gpu_amcl_cpp_node-6] [INFO] [1789012129.665021970] [gpu_amcl_cpp]: AMCL local correction: odom_prediction=(0.633, -6.675, -1.798) scan=(0.637, -6.683, -1.799) correction=0.008 m/0.001 rad cluster_weight=0.985 publish=true
[gpu_amcl_cpp_node-6] [WARN] [1789012129.864035053] [gpu_amcl_cpp]: Queued LiDAR scan until source-time odometry arrives (queued=1).
[gpu_amcl_cpp_node-6] [INFO] [1789012130.113792156] [gpu_amcl_cpp]: AMCL odom delta: at_scan=(10.325, -0.334, -0.239) baseline=(10.255, -0.317, -0.237) delta=(0.070, -0.017, -0.002) moved=true scan_age=0.051s
[ground_truth_amcl_monitor-7] [INFO] [1789012130.215308047] [ground_truth_amcl_monitor]: AMCL vs GT: gt=(0.429, -7.517) amcl=(0.457, -7.408) error=0.113 m / 0.004 rad; current_map=(0.439, -7.478, -1.815) error=0.041 m / 0.000 rad; odom=(0.430, -7.310, -1.815) error=0.207 m / 0.000 rad; ekf=(0.430, -7.310, -1.815) error=0.207 m / 0.000 rad; RMS=0.131 m / 0.004 rad max=0.258 m / 0.013 rad samples=322
[component_container-9] [INFO] [1789012130.561790099] [pure_pursuit_node]: Pure Pursuit: pose=(0.294, -8.048, -1.850) cte=-0.003 closest=567 target=609 path_dist=0.003 heading_err=0.005 steer=-0.037 speed=1.451
[gpu_amcl_cpp_node-6] [INFO] [1789012130.668544533] [gpu_amcl_cpp]: AMCL local correction: odom_prediction=(0.271, -8.122, -1.859) scan=(0.266, -8.134, -1.853) correction=0.013 m/0.006 rad cluster_weight=0.986 publish=true
[gpu_amcl_cpp_node-6] [INFO] [1789012131.161651817] [gpu_amcl_cpp]: AMCL odom delta: at_scan=(11.766, -0.768, -0.385) baseline=(11.701, -0.742, -0.372) delta=(0.064, -0.026, -0.012) moved=true scan_age=0.049s
[ground_truth_amcl_monitor-7] [INFO] [1789012131.221626177] [ground_truth_amcl_monitor]: AMCL vs GT: gt=(-0.000, -8.891) amcl=(0.014, -8.862) error=0.032 m / 0.000 rad; current_map=(0.016, -8.863, -1.968) error=0.033 m / 0.000 rad; odom=(0.005, -8.671, -1.968) error=0.221 m / 0.000 rad; ekf=(0.005, -8.671, -1.968) error=0.221 m / 0.000 rad; RMS=0.126 m / 0.004 rad max=0.258 m / 0.013 rad samples=363
[component_container-9] [INFO] [1789012131.612415533] [pure_pursuit_node]: Pure Pursuit: pose=(-0.256, -9.397, -2.144) cte=0.006 closest=640 target=682 path_dist=0.006 heading_err=0.029 steer=-0.164 speed=1.350
[gpu_amcl_cpp_node-6] [INFO] [1789012131.669388858] [gpu_amcl_cpp]: AMCL local correction: odom_prediction=(-0.259, -9.397, -2.147) scan=(-0.266, -9.408, -2.146) correction=0.013 m/0.001 rad cluster_weight=0.996 publish=true
[gpu_amcl_cpp_node-6] [INFO] [1789012131.962919680] [gpu_amcl_cpp]: Received LiDAR callback #203 (1081 ranges).
[gpu_amcl_cpp_node-6] [INFO] [1789012131.962997556] [gpu_amcl_cpp]: Starting AMCL scan update #203 (sampled from 1081 ranges).
[gpu_amcl_cpp_node-6] [INFO] [1789012132.013673678] [gpu_amcl_cpp]: AMCL scan update #204 completed; evaluating pose confidence.
[gpu_amcl_cpp_node-6] [INFO] [1789012132.162824841] [gpu_amcl_cpp]: AMCL odom delta: at_scan=(12.836, -1.515, -0.962) baseline=(12.798, -1.462, -0.916) delta=(0.039, -0.053, -0.047) moved=true scan_age=0.050s
[ground_truth_amcl_monitor-7] [INFO] [1789012132.221548809] [ground_truth_amcl_monitor]: AMCL vs GT: gt=(-0.777, -9.937) amcl=(-0.759, -9.912) error=0.031 m / 0.000 rad; current_map=(-0.758, -9.910, -2.580) error=0.033 m / 0.000 rad; odom=(-0.769, -9.714, -2.580) error=0.224 m / 0.000 rad; ekf=(-0.769, -9.714, -2.580) error=0.224 m / 0.000 rad; RMS=0.122 m / 0.008 rad max=0.258 m / 0.047 rad samples=403
[component_container-9] [INFO] [1789012132.620047444] [pure_pursuit_node]: Pure Pursuit: pose=(-1.316, -10.100, -3.052) cte=0.006 closest=707 target=748 path_dist=0.006 heading_err=-0.022 steer=-0.277 speed=1.346
[gpu_amcl_cpp_node-6] [INFO] [1789012132.692534878] [gpu_amcl_cpp]: AMCL local correction: odom_prediction=(-1.340, -10.100, -3.070) scan=(-1.324, -10.096, -3.045) correction=0.017 m/0.025 rad cluster_weight=0.997 publish=true
[gpu_amcl_cpp_node-6] [WARN] [1789012133.160919695] [gpu_amcl_cpp]: Queued LiDAR scan until source-time odometry arrives (queued=1).
[gpu_amcl_cpp_node-6] [INFO] [1789012133.163026267] [gpu_amcl_cpp]: AMCL odom delta: at_scan=(12.943, -2.748, -2.020) baseline=(12.970, -2.689, -1.968) delta=(-0.027, -0.060, -0.052) moved=true scan_age=0.051s
[ground_truth_amcl_monitor-7] [INFO] [1789012133.264704112] [ground_truth_amcl_monitor]: AMCL vs GT: gt=(-2.077, -9.940) amcl=(-2.022, -9.939) error=0.056 m / 0.052 rad; current_map=(-2.081, -9.905, 2.588) error=0.036 m / 0.000 rad; odom=(-2.069, -9.720, 2.588) error=0.220 m / 0.000 rad; ekf=(-2.069, -9.720, 2.588) error=0.220 m / 0.000 rad; RMS=0.118 m / 0.014 rad max=0.258 m / 0.083 rad samples=442
[component_container-9] [INFO] [1789012133.663755968] [pure_pursuit_node]: Pure Pursuit: pose=(-2.525, -9.491, 2.208) cte=-0.040 closest=777 target=818 path_dist=0.040 heading_err=-0.035 steer=-0.156 speed=1.352
[gpu_amcl_cpp_node-6] [INFO] [1789012133.728325670] [gpu_amcl_cpp]: AMCL local correction: odom_prediction=(-2.525, -9.492, 2.209) scan=(-2.523, -9.495, 2.210) correction=0.003 m/0.001 rad cluster_weight=0.970 publish=true
[gpu_amcl_cpp_node-6] [INFO] [1789012134.211207213] [gpu_amcl_cpp]: AMCL odom delta: at_scan=(11.889, -3.618, -2.755) baseline=(11.982, -3.578, -2.727) delta=(-0.093, -0.040, -0.028) moved=true scan_age=0.049s
[ground_truth_amcl_monitor-7] [INFO] [1789012134.268387908] [ground_truth_amcl_monitor]: AMCL vs GT: gt=(-2.855, -8.877) amcl=(-2.859, -8.842) error=0.036 m / 0.000 rad; current_map=(-2.861, -8.841, 1.939) error=0.037 m / 0.000 rad; odom=(-2.844, -8.668, 1.939) error=0.210 m / 0.000 rad; ekf=(-2.844, -8.668, 1.939) error=0.210 m / 0.000 rad; RMS=0.113 m / 0.015 rad max=0.258 m / 0.083 rad samples=481
[component_container-9] [INFO] [1789012134.709622861] [pure_pursuit_node]: Pure Pursuit: pose=(-3.048, -8.183, 1.780) cte=-0.006 closest=847 target=889 path_dist=0.006 heading_err=0.015 steer=-0.066 speed=1.435
[gpu_amcl_cpp_node-6] [INFO] [1789012134.768423764] [gpu_amcl_cpp]: AMCL local correction: odom_prediction=(-3.054, -8.180, 1.779) scan=(-3.048, -8.176, 1.787) correction=0.006 m/0.007 rad cluster_weight=0.985 publish=true
[gpu_amcl_cpp_node-6] [INFO] [1789012135.211406905] [gpu_amcl_cpp]: AMCL odom delta: at_scan=(10.536, -3.928, -3.051) baseline=(10.608, -3.922, -3.040) delta=(-0.072, -0.007, -0.011) moved=true scan_age=0.049s
[ground_truth_amcl_monitor-7] [INFO] [1789012135.269226231] [ground_truth_amcl_monitor]: AMCL vs GT: gt=(-3.150, -7.495) amcl=(-3.145, -7.479) error=0.017 m / 0.000 rad; current_map=(-3.145, -7.479, 1.650) error=0.016 m / 0.000 rad; odom=(-3.135, -7.306, 1.650) error=0.190 m / 0.000 rad; ekf=(-3.135, -7.306, 1.650) error=0.190 m / 0.000 rad; RMS=0.110 m / 0.015 rad max=0.258 m / 0.083 rad samples=521
[component_container-9] [INFO] [1789012135.711712739] [pure_pursuit_node]: Pure Pursuit: pose=(-3.155, -6.750, 1.536) cte=-0.001 closest=919 target=961 path_dist=0.001 heading_err=-0.004 steer=-0.044 speed=1.474
[gpu_amcl_cpp_node-6] [INFO] [1789012135.817147390] [gpu_amcl_cpp]: AMCL local correction: odom_prediction=(-3.149, -6.672, 1.525) scan=(-3.152, -6.699, 1.526) correction=0.028 m/0.001 rad cluster_weight=0.990 publish=true
[gpu_amcl_cpp_node-6] [INFO] [1789012136.212890362] [gpu_amcl_cpp]: AMCL odom delta: at_scan=(9.082, -3.898, 3.017) baseline=(9.152, -3.906, 3.028) delta=(-0.069, 0.008, -0.011) moved=true scan_age=0.050s
[ground_truth_amcl_monitor-7] [INFO] [1789012136.272293537] [ground_truth_amcl_monitor]: AMCL vs GT: gt=(-3.103, -6.026) amcl=(-3.087, -6.014) error=0.020 m / 0.000 rad; current_map=(-3.089, -6.017, 1.438) error=0.017 m / 0.000 rad; odom=(-3.089, -5.853, 1.438) error=0.173 m / 0.000 rad; ekf=(-3.089, -5.853, 1.438) error=0.173 m / 0.000 rad; RMS=0.106 m / 0.015 rad max=0.258 m / 0.083 rad samples=561
[component_container-9] [INFO] [1789012136.713596959] [pure_pursuit_node]: Pure Pursuit: pose=(-2.954, -5.304, 1.345) cte=-0.000 closest=992 target=1034 path_dist=0.000 heading_err=-0.020 steer=-0.038 speed=1.461
[gpu_amcl_cpp_node-6] [INFO] [1789012136.819129734] [gpu_amcl_cpp]: AMCL local correction: odom_prediction=(-2.940, -5.227, 1.339) scan=(-2.923, -5.192, 1.331) correction=0.039 m/0.008 rad cluster_weight=0.949 publish=true
[gpu_amcl_cpp_node-6] [INFO] [1789012136.965239818] [gpu_amcl_cpp]: Received LiDAR callback #302 (1081 ranges).
[gpu_amcl_cpp_node-6] [INFO] [1789012136.965306373] [gpu_amcl_cpp]: Starting AMCL scan update #302 (sampled from 1081 ranges).
[gpu_amcl_cpp_node-6] [INFO] [1789012137.014696856] [gpu_amcl_cpp]: AMCL scan update #303 completed; evaluating pose confidence.
[gpu_amcl_cpp_node-6] [INFO] [1789012137.261283065] [gpu_amcl_cpp]: AMCL odom delta: at_scan=(7.615, -3.577, 2.857) baseline=(7.684, -3.597, 2.862) delta=(-0.069, 0.020, -0.005) moved=true scan_age=0.049s
[ground_truth_amcl_monitor-7] [INFO] [1789012137.311614167] [ground_truth_amcl_monitor]: AMCL vs GT: gt=(-2.766, -4.542) amcl=(-2.766, -4.591) error=0.049 m / 0.003 rad; current_map=(-2.746, -4.521, 1.283) error=0.028 m / 0.000 rad; odom=(-2.757, -4.388, 1.283) error=0.154 m / 0.000 rad; ekf=(-2.777, -4.457, 1.286) error=0.085 m / 0.003 rad; RMS=0.103 m / 0.014 rad max=0.258 m / 0.083 rad samples=602
[component_container-9] [INFO] [1789012137.759712329] [pure_pursuit_node]: Pure Pursuit: pose=(-2.539, -3.827, 1.290) cte=-0.004 closest=1069 target=1111 path_dist=0.004 heading_err=0.007 steer=0.004 speed=1.489
[gpu_amcl_cpp_node-6] [INFO] [1789012137.867082590] [gpu_amcl_cpp]: AMCL local correction: odom_prediction=(-2.524, -3.751, 1.290) scan=(-2.506, -3.712, 1.284) correction=0.044 m/0.006 rad cluster_weight=0.964 publish=true
[gpu_amcl_cpp_node-6] [INFO] [1789012138.312649391] [gpu_amcl_cpp]: AMCL odom delta: at_scan=(6.141, -3.149, 2.864) baseline=(6.213, -3.169, 2.864) delta=(-0.072, 0.020, 0.000) moved=true scan_age=0.050s
[ground_truth_amcl_monitor-7] [INFO] [1789012138.313732989] [ground_truth_amcl_monitor]: AMCL vs GT: gt=(-2.353, -3.120) amcl=(-2.372, -3.194) error=0.077 m / 0.000 rad; current_map=(-2.352, -3.123, 1.293) error=0.003 m / 0.000 rad; odom=(-2.349, -2.983, 1.293) error=0.137 m / 0.000 rad; ekf=(-2.349, -2.983, 1.293) error=0.137 m / 0.000 rad; RMS=0.101 m / 0.014 rad max=0.258 m / 0.083 rad samples=642
[component_container-9] [INFO] [1789012138.759846317] [pure_pursuit_node]: Pure Pursuit: pose=(-2.152, -2.421, 1.304) cte=-0.004 closest=1142 target=1184 path_dist=0.004 heading_err=0.005 steer=0.004 speed=1.486
[gpu_amcl_cpp_node-6] [INFO] [1789012138.868647189] [gpu_amcl_cpp]: AMCL local correction: odom_prediction=(-2.127, -2.349, 1.305) scan=(-2.123, -2.338, 1.296) correction=0.011 m/0.009 rad cluster_weight=0.957 publish=true
[gpu_amcl_cpp_node-6] [INFO] [1789012139.317004378] [gpu_amcl_cpp]: AMCL odom delta: at_scan=(4.732, -2.764, 2.893) baseline=(4.801, -2.782, 2.891) delta=(-0.069, 0.018, 0.002) moved=true scan_age=0.052s
[ground_truth_amcl_monitor-7] [INFO] [1789012139.317251042] [ground_truth_amcl_monitor]: AMCL vs GT: gt=(-1.964, -1.695) amcl=(-1.975, -1.768) error=0.074 m / 0.002 rad; current_map=(-1.957, -1.699, 1.322) error=0.008 m / 0.000 rad; odom=(-1.964, -1.574, 1.322) error=0.121 m / 0.000 rad; ekf=(-1.982, -1.643, 1.320) error=0.054 m / 0.002 rad; RMS=0.098 m / 0.013 rad max=0.258 m / 0.083 rad samples=682
[component_container-9] [INFO] [1789012139.789647904] [pure_pursuit_node]: Pure Pursuit: pose=(-1.761, -0.920, 1.339) cte=0.003 closest=1219 target=1261 path_dist=0.003 heading_err=-0.002 steer=0.010 speed=1.487
[gpu_amcl_cpp_node-6] [INFO] [1789012139.898697614] [gpu_amcl_cpp]: AMCL local correction: odom_prediction=(-1.747, -0.837, 1.340) scan=(-1.747, -0.828, 1.328) correction=0.009 m/0.013 rad cluster_weight=0.962 publish=true
[gpu_amcl_cpp_node-6] [INFO] [1789012140.340460339] [gpu_amcl_cpp]: AMCL odom delta: at_scan=(3.263, -2.415, 2.927) baseline=(3.337, -2.432, 2.925) delta=(-0.074, 0.016, 0.003) moved=true scan_age=0.050s
[ground_truth_amcl_monitor-7] [INFO] [1789012140.342009443] [ground_truth_amcl_monitor]: AMCL vs GT: gt=(-1.612, -0.211) amcl=(-1.620, -0.271) error=0.061 m / 0.003 rad; current_map=(-1.603, -0.197, 1.357) error=0.016 m / 0.000 rad; odom=(-1.615, -0.106, 1.357) error=0.105 m / 0.000 rad; ekf=(-1.631, -0.180, 1.354) error=0.037 m / 0.003 rad; RMS=0.096 m / 0.013 rad max=0.258 m / 0.083 rad samples=720
[component_container-9] [INFO] [1789012140.814662978] [pure_pursuit_node]: Pure Pursuit: pose=(-1.446, 0.561, 1.389) cte=0.001 closest=1295 target=1337 path_dist=0.001 heading_err=0.001 steer=0.020 speed=1.468
[gpu_amcl_cpp_node-6] [INFO] [1789012140.925421332] [gpu_amcl_cpp]: AMCL local correction: odom_prediction=(-1.433, 0.635, 1.393) scan=(-1.433, 0.651, 1.386) correction=0.016 m/0.007 rad cluster_weight=0.953 publish=true
[ground_truth_amcl_monitor-7] [INFO] [1789012141.349452498] [ground_truth_amcl_monitor]: AMCL vs GT: gt=(-1.349, 1.232) amcl=(-1.339, 1.254) error=0.024 m / 0.000 rad; current_map=(-1.336, 1.250, 1.438) error=0.022 m / 0.000 rad; odom=(-1.355, 1.320, 1.438) error=0.088 m / 0.000 rad; ekf=(-1.355, 1.320, 1.438) error=0.088 m / 0.000 rad; RMS=0.095 m / 0.013 rad max=0.258 m / 0.083 rad samples=759
[gpu_amcl_cpp_node-6] [INFO] [1789012141.390839338] [gpu_amcl_cpp]: AMCL odom delta: at_scan=(1.767, -2.146, 3.015) baseline=(1.837, -2.156, 3.008) delta=(-0.071, 0.009, 0.006) moved=true scan_age=0.051s
[component_container-9] [INFO] [1789012141.838880592] [pure_pursuit_node]: Pure Pursuit: pose=(-1.272, 2.043, 1.551) cte=-0.009 closest=1370 target=1412 path_dist=0.009 heading_err=-0.007 steer=0.084 speed=1.410
[gpu_amcl_cpp_node-6] [INFO] [1789012141.945376569] [gpu_amcl_cpp]: AMCL local correction: odom_prediction=(-1.271, 2.119, 1.569) scan=(-1.270, 2.143, 1.561) correction=0.024 m/0.007 rad cluster_weight=0.966 publish=true
[gpu_amcl_cpp_node-6] [INFO] [1789012141.989915888] [gpu_amcl_cpp]: Received LiDAR callback #400 (1081 ranges).
[gpu_amcl_cpp_node-6] [INFO] [1789012141.989975110] [gpu_amcl_cpp]: Starting AMCL scan update #400 (sampled from 1081 ranges).
[gpu_amcl_cpp_node-6] [INFO] [1789012142.040631474] [gpu_amcl_cpp]: AMCL scan update #401 completed; evaluating pose confidence.
[ground_truth_amcl_monitor-7] [INFO] [1789012142.353545251] [ground_truth_amcl_monitor]: AMCL vs GT: gt=(-1.323, 2.629) amcl=(-1.310, 2.672) error=0.044 m / 0.000 rad; current_map=(-1.310, 2.671, 1.736) error=0.044 m / 0.000 rad; odom=(-1.329, 2.707, 1.736) error=0.078 m / 0.000 rad; ekf=(-1.329, 2.707, 1.736) error=0.078 m / 0.000 rad; RMS=0.093 m / 0.013 rad max=0.258 m / 0.083 rad samples=799
[gpu_amcl_cpp_node-6] [INFO] [1789012142.412537443] [gpu_amcl_cpp]: AMCL odom delta: at_scan=(0.361, -2.146, -2.943) baseline=(0.451, -2.130, -2.976) delta=(-0.090, -0.017, 0.033) moved=true scan_age=0.050s
[component_container-9] [INFO] [1789012142.863926113] [pure_pursuit_node]: Pure Pursuit: pose=(-1.542, 3.336, 2.088) cte=-0.026 closest=1437 target=1478 path_dist=0.026 heading_err=-0.052 steer=0.282 speed=1.226
[gpu_amcl_cpp_node-6] [INFO] [1789012142.972941559] [gpu_amcl_cpp]: AMCL local correction: odom_prediction=(-1.581, 3.386, 2.141) scan=(-1.575, 3.376, 2.138) correction=0.012 m/0.003 rad cluster_weight=0.987 publish=true
[ground_truth_amcl_monitor-7] [INFO] [1789012143.391518386] [ground_truth_amcl_monitor]: AMCL vs GT: gt=(-1.931, 3.697) amcl=(-1.883, 3.704) error=0.049 m / 0.065 rad; current_map=(-1.930, 3.733, 2.628) error=0.036 m / 0.000 rad; odom=(-1.939, 3.780, 2.628) error=0.083 m / 0.000 rad; ekf=(-1.939, 3.780, 2.628) error=0.083 m / 0.000 rad; RMS=0.091 m / 0.014 rad max=0.258 m / 0.083 rad samples=838
[gpu_amcl_cpp_node-6] [INFO] [1789012143.441972660] [gpu_amcl_cpp]: AMCL odom delta: at_scan=(-0.648, -2.790, -2.018) baseline=(-0.622, -2.740, -2.085) delta=(-0.026, -0.050, 0.067) moved=true scan_age=0.052s
[component_container-9] [INFO] [1789012143.915818607] [pure_pursuit_node]: Pure Pursuit: pose=(-2.579, 3.788, -2.798) cte=-0.010 closest=1501 target=1543 path_dist=0.010 heading_err=0.088 steer=0.419 speed=1.279
[gpu_amcl_cpp_node-6] [INFO] [1789012143.974444120] [gpu_amcl_cpp]: AMCL local correction: odom_prediction=(-2.577, 3.782, -2.800) scan=(-2.562, 3.773, -2.792) correction=0.018 m/0.008 rad cluster_weight=0.984 publish=true
[ground_truth_amcl_monitor-7] [INFO] [1789012144.416089825] [ground_truth_amcl_monitor]: AMCL vs GT: gt=(-2.971, 3.412) amcl=(-2.930, 3.449) error=0.055 m / 0.061 rad; current_map=(-2.968, 3.397, -2.156) error=0.015 m / 0.000 rad; odom=(-3.010, 3.495, -2.156) error=0.092 m / 0.000 rad; ekf=(-2.973, 3.547, -2.217) error=0.136 m / 0.061 rad; RMS=0.089 m / 0.018 rad max=0.258 m / 0.118 rad samples=876
[gpu_amcl_cpp_node-6] [INFO] [1789012144.466759464] [gpu_amcl_cpp]: AMCL odom delta: at_scan=(-0.282, -3.845, -0.528) baseline=(-0.337, -3.811, -0.585) delta=(0.055, -0.034, 0.058) moved=true scan_age=0.051s
[component_container-9] [INFO] [1789012144.965691714] [pure_pursuit_node]: Pure Pursuit: pose=(-3.206, 2.627, -1.707) cte=0.064 closest=1570 target=1612 path_dist=0.064 heading_err=0.019 steer=0.066 speed=1.366
[gpu_amcl_cpp_node-6] [INFO] [1789012145.024474011] [gpu_amcl_cpp]: AMCL local correction: odom_prediction=(-3.207, 2.620, -1.708) scan=(-3.212, 2.613, -1.696) correction=0.008 m/0.011 rad cluster_weight=0.969 publish=true
[ground_truth_amcl_monitor-7] [INFO] [1789012145.441190800] [ground_truth_amcl_monitor]: AMCL vs GT: gt=(-3.268, 2.087) amcl=(-3.256, 2.125) error=0.040 m / 0.003 rad; current_map=(-3.260, 2.058, -1.637) error=0.030 m / 0.000 rad; odom=(-3.307, 2.184, -1.637) error=0.104 m / 0.000 rad; ekf=(-3.307, 2.184, -1.637) error=0.104 m / 0.000 rad; RMS=0.088 m / 0.019 rad max=0.258 m / 0.118 rad samples=916
[gpu_amcl_cpp_node-6] [INFO] [1789012145.489916363] [gpu_amcl_cpp]: AMCL odom delta: at_scan=(1.039, -4.112, -0.064) baseline=(0.974, -4.108, -0.066) delta=(0.065, -0.004, 0.001) moved=true scan_age=0.049s
[component_container-9] [INFO] [1789012145.989861096] [pure_pursuit_node]: Pure Pursuit: pose=(-3.327, 1.262, -1.687) cte=0.022 closest=1638 target=1680 path_dist=0.022 heading_err=0.001 steer=-0.063 speed=1.374
[gpu_amcl_cpp_node-6] [INFO] [1789012146.046385737] [gpu_amcl_cpp]: AMCL local correction: odom_prediction=(-3.324, 1.264, -1.688) scan=(-3.325, 1.276, -1.678) correction=0.011 m/0.010 rad cluster_weight=0.962 publish=true
[ground_truth_amcl_monitor-7] [INFO] [1789012146.442403666] [ground_truth_amcl_monitor]: AMCL vs GT: gt=(-3.427, 0.744) amcl=(-3.404, 0.814) error=0.074 m / 0.022 rad; current_map=(-3.419, 0.752, -1.827) error=0.011 m / 0.000 rad; odom=(-3.465, 0.858, -1.827) error=0.120 m / 0.000 rad; ekf=(-3.449, 0.920, -1.804) error=0.178 m / 0.022 rad; RMS=0.086 m / 0.018 rad max=0.258 m / 0.118 rad samples=956
[gpu_amcl_cpp_node-6] [INFO] [1789012146.489977292] [gpu_amcl_cpp]: AMCL odom delta: at_scan=(2.364, -4.283, -0.279) baseline=(2.300, -4.265, -0.256) delta=(0.064, -0.018, -0.023) moved=true scan_age=0.048s
[component_container-9] [INFO] [1789012147.028608036] [pure_pursuit_node]: Pure Pursuit: pose=(-3.770, 0.004, -2.211) cte=0.017 closest=1707 target=1749 path_dist=0.017 heading_err=-0.042 steer=-0.280 speed=1.251
[gpu_amcl_cpp_node-6] [INFO] [1789012147.030383565] [gpu_amcl_cpp]: Received LiDAR callback #497 (1081 ranges).
[gpu_amcl_cpp_node-6] [INFO] [1789012147.030449069] [gpu_amcl_cpp]: Starting AMCL scan update #497 (sampled from 1081 ranges).
[gpu_amcl_cpp_node-6] [INFO] [1789012147.088917315] [gpu_amcl_cpp]: AMCL scan update #498 completed; evaluating pose confidence.
[gpu_amcl_cpp_node-6] [INFO] [1789012147.094055399] [gpu_amcl_cpp]: AMCL local correction: odom_prediction=(-3.782, -0.002, -2.237) scan=(-3.746, 0.021, -2.216) correction=0.043 m/0.021 rad cluster_weight=0.978 publish=true
[ground_truth_amcl_monitor-7] [INFO] [1789012147.449443902] [ground_truth_amcl_monitor]: AMCL vs GT: gt=(-4.066, -0.263) amcl=(-4.050, -0.264) error=0.016 m / 0.000 rad; current_map=(-4.048, -0.267, -2.532) error=0.018 m / 0.000 rad; odom=(-4.102, -0.151, -2.532) error=0.118 m / 0.000 rad; ekf=(-4.102, -0.151, -2.532) error=0.118 m / 0.000 rad; RMS=0.085 m / 0.019 rad max=0.258 m / 0.118 rad samples=995
[gpu_amcl_cpp_node-6] [INFO] [1789012147.490552058] [gpu_amcl_cpp]: AMCL odom delta: at_scan=(3.343, -4.954, -1.012) baseline=(3.309, -4.903, -0.962) delta=(0.034, -0.052, -0.050) moved=true scan_age=0.051s
[component_container-9] [INFO] [1789012148.038814086] [pure_pursuit_node]: Pure Pursuit: pose=(-4.810, -0.464, 2.993) cte=0.017 closest=1767 target=1808 path_dist=0.017 heading_err=0.009 steer=-0.344 speed=1.264
[gpu_amcl_cpp_node-6] [INFO] [1789012148.097415313] [gpu_amcl_cpp]: AMCL local correction: odom_prediction=(-4.812, -0.459, 2.990) scan=(-4.808, -0.474, 2.991) correction=0.015 m/0.001 rad cluster_weight=0.980 publish=true
[ground_truth_amcl_monitor-7] [INFO] [1789012148.450046560] [ground_truth_amcl_monitor]: AMCL vs GT: gt=(-5.213, -0.298) amcl=(-5.202, -0.291) error=0.014 m / 0.000 rad; current_map=(-5.202, -0.292, 2.558) error=0.013 m / 0.000 rad; odom=(-5.261, -0.191, 2.558) error=0.118 m / 0.000 rad; ekf=(-5.261, -0.191, 2.558) error=0.118 m / 0.000 rad; RMS=0.084 m / 0.020 rad max=0.258 m / 0.118 rad samples=1035
[gpu_amcl_cpp_node-6] [INFO] [1789012148.491122135] [gpu_amcl_cpp]: AMCL odom delta: at_scan=(3.312, -6.114, -2.210) baseline=(3.349, -6.062, -2.154) delta=(-0.036, -0.052, -0.056) moved=true scan_age=0.050s
[component_container-9] [INFO] [1789012149.040648681] [pure_pursuit_node]: Pure Pursuit: pose=(-5.728, 0.363, 1.986) cte=-0.053 closest=1831 target=1872 path_dist=0.053 heading_err=-0.022 steer=-0.134 speed=1.343
[gpu_amcl_cpp_node-6] [INFO] [1789012149.148544902] [gpu_amcl_cpp]: AMCL local correction: odom_prediction=(-5.751, 0.432, 1.959) scan=(-5.753, 0.420, 1.954) correction=0.013 m/0.005 rad cluster_weight=0.978 publish=true
[ground_truth_amcl_monitor-7] [INFO] [1789012149.450572143] [ground_truth_amcl_monitor]: AMCL vs GT: gt=(-5.887, 0.815) amcl=(-5.876, 0.815) error=0.011 m / 0.000 rad; current_map=(-5.875, 0.812, 1.836) error=0.012 m / 0.000 rad; odom=(-5.933, 0.911, 1.836) error=0.106 m / 0.000 rad; ekf=(-5.933, 0.911, 1.836) error=0.106 m / 0.000 rad; RMS=0.084 m / 0.021 rad max=0.258 m / 0.118 rad samples=1071
[gpu_amcl_cpp_node-6] [INFO] [1789012149.541288642] [gpu_amcl_cpp]: AMCL odom delta: at_scan=(2.112, -6.768, -2.903) baseline=(2.177, -6.752, -2.890) delta=(-0.064, -0.016, -0.013) moved=true scan_age=0.051s
[component_container-9] [INFO] [1789012150.064580266] [pure_pursuit_node]: Pure Pursuit: pose=(-6.057, 1.726, 1.711) cte=-0.015 closest=1900 target=1942 path_dist=0.015 heading_err=0.028 steer=-0.031 speed=1.449
[gpu_amcl_cpp_node-6] [INFO] [1789012150.169812716] [gpu_amcl_cpp]: AMCL local correction: odom_prediction=(-6.069, 1.799, 1.704) scan=(-6.067, 1.809, 1.700) correction=0.009 m/0.004 rad cluster_weight=0.952 publish=true
[ground_truth_amcl_monitor-7] [INFO] [1789012150.489505012] [ground_truth_amcl_monitor]: AMCL vs GT: gt=(-6.131, 2.283) amcl=(-6.113, 2.185) error=0.100 m / 0.006 rad; current_map=(-6.120, 2.258, 1.662) error=0.028 m / 0.000 rad; odom=(-6.175, 2.361, 1.662) error=0.090 m / 0.000 rad; ekf=(-6.175, 2.361, 1.662) error=0.090 m / 0.000 rad; RMS=0.083 m / 0.020 rad max=0.258 m / 0.118 rad samples=1110
[gpu_amcl_cpp_node-6] [INFO] [1789012150.592650287] [gpu_amcl_cpp]: AMCL odom delta: at_scan=(0.648, -6.989, -3.063) baseline=(0.723, -6.982, -3.056) delta=(-0.075, -0.006, -0.006) moved=true scan_age=0.053s
[component_container-9] [INFO] [1789012151.115445327] [pure_pursuit_node]: Pure Pursuit: pose=(-6.161, 3.249, 1.565) cte=0.002 closest=1977 target=2019 path_dist=0.002 heading_err=-0.000 steer=-0.036 speed=1.473
[gpu_amcl_cpp_node-6] [INFO] [1789012151.172483995] [gpu_amcl_cpp]: AMCL local correction: odom_prediction=(-6.166, 3.255, 1.565) scan=(-6.162, 3.274, 1.564) correction=0.019 m/0.000 rad cluster_weight=0.954 publish=true
[ground_truth_amcl_monitor-7] [INFO] [1789012151.491085498] [ground_truth_amcl_monitor]: AMCL vs GT: gt=(-6.159, 3.757) amcl=(-6.148, 3.658) error=0.099 m / 0.009 rad; current_map=(-6.144, 3.731, 1.509) error=0.029 m / 0.000 rad; odom=(-6.204, 3.817, 1.509) error=0.075 m / 0.000 rad; ekf=(-6.204, 3.817, 1.509) error=0.075 m / 0.000 rad; RMS=0.083 m / 0.020 rad max=0.258 m / 0.118 rad samples=1148
[gpu_amcl_cpp_node-6] [INFO] [1789012151.594167284] [gpu_amcl_cpp]: AMCL odom delta: at_scan=(-0.804, -6.995, 3.064) baseline=(-0.731, -7.000, 3.072) delta=(-0.073, 0.005, -0.008) moved=true scan_age=0.054s
[gpu_amcl_cpp_node-6] [INFO] [1789012152.037524097] [gpu_amcl_cpp]: Received LiDAR callback #592 (1081 ranges).
[gpu_amcl_cpp_node-6] [INFO] [1789012152.037594149] [gpu_amcl_cpp]: Starting AMCL scan update #592 (sampled from 1081 ranges).
[component_container-9] [INFO] [1789012152.136557368] [pure_pursuit_node]: Pure Pursuit: pose=(-6.013, 4.744, 1.365) cte=0.001 closest=2052 target=2094 path_dist=0.001 heading_err=0.001 steer=-0.054 speed=1.465
[gpu_amcl_cpp_node-6] [INFO] [1789012152.138794475] [gpu_amcl_cpp]: AMCL scan update #594 completed; evaluating pose confidence.
[gpu_amcl_cpp_node-6] [INFO] [1789012152.196395451] [gpu_amcl_cpp]: AMCL local correction: odom_prediction=(-6.016, 4.745, 1.366) scan=(-6.008, 4.766, 1.366) correction=0.023 m/0.000 rad cluster_weight=0.987 publish=true
[ground_truth_amcl_monitor-7] [INFO] [1789012152.514799904] [ground_truth_amcl_monitor]: AMCL vs GT: gt=(-5.911, 5.235) amcl=(-5.928, 5.107) error=0.128 m / 0.017 rad; current_map=(-5.899, 5.210, 1.286) error=0.028 m / 0.000 rad; odom=(-5.959, 5.278, 1.286) error=0.065 m / 0.000 rad; ekf=(-5.988, 5.175, 1.303) error=0.097 m / 0.017 rad; RMS=0.083 m / 0.020 rad max=0.258 m / 0.118 rad samples=1186
[gpu_amcl_cpp_node-6] [INFO] [1789012152.615816886] [gpu_amcl_cpp]: AMCL odom delta: at_scan=(-2.261, -6.716, 2.832) baseline=(-2.191, -6.738, 2.845) delta=(-0.070, 0.022, -0.013) moved=true scan_age=0.050s
[component_container-9] [INFO] [1789012153.165551634] [pure_pursuit_node]: Pure Pursuit: pose=(-5.525, 6.141, 1.092) cte=-0.002 closest=2126 target=2168 path_dist=0.002 heading_err=-0.008 steer=-0.089 speed=1.384
[gpu_amcl_cpp_node-6] [INFO] [1789012153.221686001] [gpu_amcl_cpp]: AMCL local correction: odom_prediction=(-5.523, 6.144, 1.090) scan=(-5.512, 6.145, 1.097) correction=0.011 m/0.007 rad cluster_weight=0.995 publish=true
[ground_truth_amcl_monitor-7] [INFO] [1789012153.517396502] [ground_truth_amcl_monitor]: AMCL vs GT: gt=(-5.334, 6.505) amcl=(-5.348, 6.441) error=0.065 m / 0.020 rad; current_map=(-5.312, 6.497, 0.977) error=0.024 m / 0.000 rad; odom=(-5.386, 6.540, 0.977) error=0.063 m / 0.000 rad; ekf=(-5.386, 6.540, 0.977) error=0.063 m / 0.000 rad; RMS=0.082 m / 0.019 rad max=0.258 m / 0.118 rad samples=1226
[gpu_amcl_cpp_node-6] [INFO] [1789012153.615949038] [gpu_amcl_cpp]: AMCL odom delta: at_scan=(-3.491, -6.110, 2.502) baseline=(-3.438, -6.149, 2.526) delta=(-0.054, 0.039, -0.024) moved=true scan_age=0.050s
[component_container-9] [INFO] [1789012154.215048301] [pure_pursuit_node]: Pure Pursuit: pose=(-4.607, 7.205, 0.577) cte=-0.003 closest=2197 target=2239 path_dist=0.003 heading_err=-0.015 steer=-0.136 speed=1.411
[gpu_amcl_cpp_node-6] [INFO] [1789012154.221926226] [gpu_amcl_cpp]: AMCL local correction: odom_prediction=(-4.660, 7.169, 0.605) scan=(-4.663, 7.166, 0.620) correction=0.004 m/0.014 rad cluster_weight=0.996 publish=true
[ground_truth_amcl_monitor-7] [INFO] [1789012154.543184667] [ground_truth_amcl_monitor]: AMCL vs GT: gt=(-4.273, 7.408) amcl=(-4.335, 7.361) error=0.078 m / 0.029 rad; current_map=(-4.270, 7.391, 0.421) error=0.017 m / 0.000 rad; odom=(-4.332, 7.437, 0.421) error=0.066 m / 0.000 rad; ekf=(-4.332, 7.437, 0.421) error=0.066 m / 0.000 rad; RMS=0.081 m / 0.019 rad max=0.258 m / 0.118 rad samples=1264
[gpu_amcl_cpp_node-6] [INFO] [1789012154.642187902] [gpu_amcl_cpp]: AMCL odom delta: at_scan=(-4.330, -5.010, 1.934) baseline=(-4.305, -5.072, 1.963) delta=(-0.025, 0.062, -0.029) moved=true scan_age=0.051s
[component_container-9] [INFO] [1789012155.264268487] [pure_pursuit_node]: Pure Pursuit: pose=(-3.225, 7.603, -0.019) cte=-0.009 closest=2270 target=2312 path_dist=0.009 heading_err=-0.005 steer=-0.141 speed=1.403
[gpu_amcl_cpp_node-6] [INFO] [1789012155.271185707] [gpu_amcl_cpp]: AMCL local correction: odom_prediction=(-3.296, 7.603, 0.008) scan=(-3.318, 7.612, 0.019) correction=0.023 m/0.012 rad cluster_weight=0.964 publish=true
[ground_truth_amcl_monitor-7] [INFO] [1789012155.564774427] [ground_truth_amcl_monitor]: AMCL vs GT: gt=(-2.880, 7.584) amcl=(-2.984, 7.600) error=0.106 m / 0.041 rad; current_map=(-2.892, 7.587, -0.162) error=0.013 m / 0.000 rad; odom=(-2.959, 7.613, -0.162) error=0.085 m / 0.000 rad; ekf=(-3.051, 7.626, -0.121) error=0.177 m / 0.041 rad; RMS=0.081 m / 0.020 rad max=0.258 m / 0.118 rad samples=1300
[gpu_amcl_cpp_node-6] [INFO] [1789012155.668678449] [gpu_amcl_cpp]: AMCL odom delta: at_scan=(-4.427, -3.616, 1.351) baseline=(-4.442, -3.689, 1.379) delta=(0.015, 0.072, -0.028) moved=true scan_age=0.051s
[component_container-9] [INFO] [1789012156.264550050] [pure_pursuit_node]: Pure Pursuit: pose=(-1.915, 7.221, -0.542) cte=-0.016 closest=2339 target=2381 path_dist=0.016 heading_err=0.014 steer=-0.102 speed=1.419
[gpu_amcl_cpp_node-6] [INFO] [1789012156.320448774] [gpu_amcl_cpp]: AMCL local correction: odom_prediction=(-1.916, 7.221, -0.543) scan=(-1.901, 7.217, -0.544) correction=0.016 m/0.001 rad cluster_weight=0.972 publish=true
[ground_truth_amcl_monitor-7] [INFO] [1789012156.567290622] [ground_truth_amcl_monitor]: AMCL vs GT: gt=(-1.619, 7.018) amcl=(-1.680, 7.070) error=0.080 m / 0.020 rad; current_map=(-1.623, 7.028, -0.647) error=0.011 m / 0.000 rad; odom=(-1.708, 7.054, -0.647) error=0.096 m / 0.000 rad; ekf=(-1.708, 7.054, -0.647) error=0.096 m / 0.000 rad; RMS=0.080 m / 0.020 rad max=0.258 m / 0.118 rad samples=1338
[gpu_amcl_cpp_node-6] [INFO] [1789012156.715920053] [gpu_amcl_cpp]: AMCL odom delta: at_scan=(-3.765, -2.346, 0.863) baseline=(-3.808, -2.398, 0.883) delta=(0.043, 0.052, -0.020) moved=true scan_age=0.051s
[gpu_amcl_cpp_node-6] [INFO] [1789012157.070766747] [gpu_amcl_cpp]: Received LiDAR callback #687 (1081 ranges).
[gpu_amcl_cpp_node-6] [INFO] [1789012157.070844182] [gpu_amcl_cpp]: Starting AMCL scan update #687 (sampled from 1081 ranges).
[gpu_amcl_cpp_node-6] [INFO] [1789012157.141205998] [gpu_amcl_cpp]: AMCL scan update #688 completed; evaluating pose confidence.
[component_container-9] [INFO] [1789012157.289720403] [pure_pursuit_node]: Pure Pursuit: pose=(-0.841, 6.241, -0.912) cte=-0.012 closest=2412 target=2454 path_dist=0.012 heading_err=-0.001 steer=-0.063 speed=1.440
[gpu_amcl_cpp_node-6] [INFO] [1789012157.345228072] [gpu_amcl_cpp]: AMCL local correction: odom_prediction=(-0.840, 6.239, -0.912) scan=(-0.830, 6.218, -0.913) correction=0.023 m/0.002 rad cluster_weight=0.975 publish=true
[ground_truth_amcl_monitor-7] [INFO] [1789012157.613882074] [ground_truth_amcl_monitor]: AMCL vs GT: gt=(-0.609, 5.909) amcl=(-0.667, 6.004) error=0.111 m / 0.017 rad; current_map=(-0.610, 5.920, -0.982) error=0.011 m / 0.000 rad; odom=(-0.712, 5.962, -0.982) error=0.115 m / 0.000 rad; ekf=(-0.712, 5.962, -0.982) error=0.115 m / 0.000 rad; RMS=0.080 m / 0.019 rad max=0.258 m / 0.118 rad samples=1378
[gpu_amcl_cpp_node-6] [INFO] [1789012157.769604085] [gpu_amcl_cpp]: AMCL odom delta: at_scan=(-2.621, -1.394, 0.555) baseline=(-2.678, -1.430, 0.566) delta=(0.057, 0.036, -0.011) moved=true scan_age=0.054s
[component_container-9] [INFO] [1789012158.338860368] [pure_pursuit_node]: Pure Pursuit: pose=(-0.061, 4.941, -1.127) cte=-0.008 closest=2488 target=2530 path_dist=0.008 heading_err=0.005 steer=-0.031 speed=1.468
[gpu_amcl_cpp_node-6] [INFO] [1789012158.345533369] [gpu_amcl_cpp]: AMCL local correction: odom_prediction=(-0.095, 5.007, -1.120) scan=(-0.090, 4.995, -1.122) correction=0.013 m/0.002 rad cluster_weight=0.975 publish=true
[ground_truth_amcl_monitor-7] [INFO] [1789012158.640841051] [ground_truth_amcl_monitor]: AMCL vs GT: gt=(0.094, 4.589) amcl=(0.067, 4.675) error=0.090 m / 0.005 rad; current_map=(0.097, 4.608, -1.158) error=0.019 m / 0.000 rad; odom=(-0.017, 4.659, -1.158) error=0.130 m / 0.000 rad; ekf=(-0.017, 4.659, -1.158) error=0.130 m / 0.000 rad; RMS=0.079 m / 0.019 rad max=0.258 m / 0.118 rad samples=1416
[gpu_amcl_cpp_node-6] [INFO] [1789012158.790640112] [gpu_amcl_cpp]: AMCL odom delta: at_scan=(-1.300, -0.731, 0.393) baseline=(-1.368, -0.760, 0.400) delta=(0.068, 0.028, -0.007) moved=true scan_age=0.050s
[gpu_amcl_cpp_node-6] [INFO] [1789012159.345686059] [gpu_amcl_cpp]: AMCL local correction: odom_prediction=(0.466, 3.666, -1.241) scan=(0.466, 3.676, -1.248) correction=0.009 m/0.007 rad cluster_weight=0.954 publish=true
[component_container-9] [INFO] [1789012159.389564285] [pure_pursuit_node]: Pure Pursuit: pose=(0.512, 3.531, -1.248) cte=-0.006 closest=2564 target=20 path_dist=0.006 heading_err=0.007 steer=-0.020 speed=1.468
[ground_truth_amcl_monitor-7] [INFO] [1789012159.642706062] [ground_truth_amcl_monitor]: AMCL vs GT: gt=(0.602, 3.213) amcl=(0.583, 3.333) error=0.121 m / 0.003 rad; current_map=(0.605, 3.264, -1.265) error=0.051 m / 0.000 rad; odom=(0.486, 3.298, -1.265) error=0.143 m / 0.000 rad; ekf=(0.486, 3.298, -1.265) error=0.143 m / 0.000 rad; RMS=0.079 m / 0.019 rad max=0.258 m / 0.118 rad samples=1456
[gpu_amcl_cpp_node-6] [INFO] [1789012159.790695990] [gpu_amcl_cpp]: AMCL odom delta: at_scan=(0.067, -0.250, 0.292) baseline=(-0.001, -0.271, 0.298) delta=(0.069, 0.021, -0.005) moved=true scan_age=0.049s
[gpu_amcl_cpp_node-6] [INFO] [1789012160.371599189] [gpu_amcl_cpp]: AMCL local correction: odom_prediction=(0.890, 2.248, -1.321) scan=(0.890, 2.272, -1.330) correction=0.024 m/0.010 rad cluster_weight=0.954 publish=true
[component_container-9] [INFO] [1789012160.413582370] [pure_pursuit_node]: Pure Pursuit: pose=(0.925, 2.109, -1.328) cte=0.001 closest=52 target=94 path_dist=0.001 heading_err=-0.001 steer=-0.019 speed=1.487
[ground_truth_amcl_monitor-7] [INFO] [1789012160.666547535] [ground_truth_amcl_monitor]: AMCL vs GT: gt=(0.997, 1.761) amcl=(0.972, 1.894) error=0.136 m / 0.003 rad; current_map=(0.988, 1.824, -1.346) error=0.064 m / 0.000 rad; odom=(0.876, 1.866, -1.346) error=0.161 m / 0.000 rad; ekf=(0.876, 1.866, -1.346) error=0.161 m / 0.000 rad; RMS=0.080 m / 0.019 rad max=0.258 m / 0.118 rad samples=1496
[gpu_amcl_cpp_node-6] [INFO] [1789012160.815020923] [gpu_amcl_cpp]: AMCL odom delta: at_scan=(1.505, 0.123, 0.213) baseline=(1.434, 0.107, 0.217) delta=(0.071, 0.016, -0.003) moved=true scan_age=0.050s
[gpu_amcl_cpp_node-6] [INFO] [1789012161.396498191] [gpu_amcl_cpp]: AMCL local correction: odom_prediction=(1.181, 0.826, -1.403) scan=(1.177, 0.832, -1.405) correction=0.007 m/0.003 rad cluster_weight=0.934 publish=true
[component_container-9] [INFO] [1789012161.439637136] [pure_pursuit_node]: Pure Pursuit: pose=(1.204, 0.683, -1.413) cte=0.008 closest=125 target=167 path_dist=0.008 heading_err=-0.006 steer=-0.020 speed=1.470
[gpu_amcl_cpp_node-6] [WARN] [1789012161.496003700] [gpu_amcl_cpp]: No local AMCL cluster near odometry prediction; using causal odometry pose.
[ground_truth_amcl_monitor-7] [INFO] [1789012161.692435287] [ground_truth_amcl_monitor]: AMCL vs GT: gt=(1.274, 0.278) amcl=(1.235, 0.475) error=0.202 m / 0.004 rad; current_map=(1.245, 0.404, -1.430) error=0.130 m / 0.000 rad; odom=(1.150, 0.398, -1.430) error=0.173 m / 0.000 rad; ekf=(1.150, 0.398, -1.430) error=0.173 m / 0.000 rad; RMS=0.082 m / 0.018 rad max=0.258 m / 0.118 rad samples=1536
[gpu_amcl_cpp_node-6] [INFO] [1789012161.845299583] [gpu_amcl_cpp]: AMCL odom delta: at_scan=(2.975, 0.379, 0.127) baseline=(2.901, 0.369, 0.132) delta=(0.074, 0.010, -0.005) moved=true scan_age=0.053s
[gpu_amcl_cpp_node-6] [WARN] [1789012161.912552782] [gpu_amcl_cpp]: Queued LiDAR scan until source-time odometry arrives (queued=1).
[gpu_amcl_cpp_node-6] [INFO] [1789012162.115904735] [gpu_amcl_cpp]: Received LiDAR callback #785 (1081 ranges).
[gpu_amcl_cpp_node-6] [INFO] [1789012162.115973815] [gpu_amcl_cpp]: Starting AMCL scan update #785 (sampled from 1081 ranges).
[gpu_amcl_cpp_node-6] [INFO] [1789012162.168447738] [gpu_amcl_cpp]: AMCL scan update #786 completed; evaluating pose confidence.
[gpu_amcl_cpp_node-6] [INFO] [1789012162.397741321] [gpu_amcl_cpp]: AMCL local correction: odom_prediction=(1.351, -0.679, -1.506) scan=(1.357, -0.804, -1.500) correction=0.125 m/0.006 rad cluster_weight=0.934 publish=true
[component_container-9] [INFO] [1789012162.441465898] [pure_pursuit_node]: Pure Pursuit: pose=(1.360, -0.824, -1.521) cte=-0.003 closest=200 target=242 path_dist=0.003 heading_err=-0.014 steer=-0.041 speed=1.481
[ground_truth_amcl_monitor-7] [INFO] [1789012162.699519573] [ground_truth_amcl_monitor]: AMCL vs GT: gt=(1.399, -1.186) amcl=(1.394, -1.139) error=0.047 m / 0.000 rad; current_map=(1.391, -1.136, -1.554) error=0.050 m / 0.000 rad; odom=(1.273, -1.042, -1.554) error=0.191 m / 0.000 rad; ekf=(1.273, -1.042, -1.554) error=0.191 m / 0.000 rad; RMS=0.084 m / 0.018 rad max=0.258 m / 0.118 rad samples=1573
[gpu_amcl_cpp_node-6] [INFO] [1789012162.893244439] [gpu_amcl_cpp]: AMCL odom delta: at_scan=(4.495, 0.472, -0.024) baseline=(4.421, 0.474, -0.013) delta=(0.075, -0.001, -0.011) moved=true scan_age=0.051s
[gpu_amcl_cpp_node-6] [INFO] [1789012163.420667142] [gpu_amcl_cpp]: AMCL local correction: odom_prediction=(1.356, -2.176, -1.655) scan=(1.352, -2.171, -1.653) correction=0.006 m/0.002 rad cluster_weight=0.950 publish=true
[component_container-9] [INFO] [1789012163.464656847] [pure_pursuit_node]: Pure Pursuit: pose=(1.343, -2.316, -1.662) cte=-0.014 closest=275 target=317 path_dist=0.014 heading_err=0.026 steer=-0.011 speed=1.460
[ground_truth_amcl_monitor-7] [INFO] [1789012163.703612784] [ground_truth_amcl_monitor]: AMCL vs GT: gt=(1.316, -2.623) amcl=(1.319, -2.573) error=0.049 m / 0.000 rad; current_map=(1.317, -2.571, -1.670) error=0.051 m / 0.000 rad; odom=(1.192, -2.460, -1.670) error=0.204 m / 0.000 rad; ekf=(1.192, -2.460, -1.670) error=0.204 m / 0.000 rad; RMS=0.084 m / 0.018 rad max=0.258 m / 0.118 rad samples=1611
[gpu_amcl_cpp_node-6] [INFO] [1789012163.943216358] [gpu_amcl_cpp]: AMCL odom delta: at_scan=(5.985, 0.353, -0.111) baseline=(5.913, 0.361, -0.108) delta=(0.072, -0.008, -0.003) moved=true scan_age=0.052s
[gpu_amcl_cpp_node-6] [INFO] [1789012164.445646815] [gpu_amcl_cpp]: AMCL local correction: odom_prediction=(1.196, -3.671, -1.715) scan=(1.194, -3.664, -1.714) correction=0.008 m/0.001 rad cluster_weight=0.932 publish=true
[component_container-9] [INFO] [1789012164.488911297] [pure_pursuit_node]: Pure Pursuit: pose=(1.175, -3.815, -1.717) cte=-0.007 closest=350 target=392 path_dist=0.007 heading_err=0.006 steer=-0.015 speed=1.479
[ground_truth_amcl_monitor-7] [INFO] [1789012164.741043004] [ground_truth_amcl_monitor]: AMCL vs GT: gt=(1.117, -4.157) amcl=(1.140, -4.034) error=0.125 m / 0.002 rad; current_map=(1.129, -4.108, -1.728) error=0.051 m / 0.000 rad; odom=(0.995, -3.981, -1.728) error=0.214 m / 0.000 rad; ekf=(0.995, -3.981, -1.728) error=0.214 m / 0.000 rad; RMS=0.085 m / 0.018 rad max=0.258 m / 0.118 rad samples=1650
[gpu_amcl_cpp_node-6] [INFO] [1789012164.966636439] [gpu_amcl_cpp]: AMCL odom delta: at_scan=(7.468, 0.141, -0.165) baseline=(7.392, 0.154, -0.163) delta=(0.077, -0.013, -0.003) moved=true scan_age=0.051s
[gpu_amcl_cpp_node-6] [INFO] [1789012165.446258147] [gpu_amcl_cpp]: AMCL local correction: odom_prediction=(0.944, -5.147, -1.758) scan=(0.948, -5.148, -1.755) correction=0.004 m/0.002 rad cluster_weight=0.954 publish=true
[component_container-9] [INFO] [1789012165.491598052] [pure_pursuit_node]: Pure Pursuit: pose=(0.916, -5.293, -1.761) cte=0.004 closest=425 target=467 path_dist=0.004 heading_err=-0.000 steer=-0.005 speed=1.487
[ground_truth_amcl_monitor-7] [INFO] [1789012165.767192327] [ground_truth_amcl_monitor]: AMCL vs GT: gt=(0.846, -5.666) amcl=(0.870, -5.544) error=0.125 m / 0.001 rad; current_map=(0.855, -5.615, -1.767) error=0.052 m / 0.000 rad; odom=(0.727, -5.472, -1.767) error=0.228 m / 0.000 rad; ekf=(0.741, -5.400, -1.766) error=0.286 m / 0.001 rad; RMS=0.085 m / 0.018 rad max=0.258 m / 0.118 rad samples=1688
[gpu_amcl_cpp_node-6] [INFO] [1789012165.991219065] [gpu_amcl_cpp]: AMCL odom delta: at_scan=(8.961, -0.141, -0.207) baseline=(8.880, -0.124, -0.205) delta=(0.082, -0.017, -0.002) moved=true scan_age=0.049s
[gpu_amcl_cpp_node-6] [INFO] [1789012166.448694902] [gpu_amcl_cpp]: AMCL local correction: odom_prediction=(0.649, -6.603, -1.792) scan=(0.647, -6.605, -1.787) correction=0.002 m/0.006 rad cluster_weight=0.962 publish=true
[component_container-9] [INFO] [1789012166.539861527] [pure_pursuit_node]: Pure Pursuit: pose=(0.600, -6.815, -1.796) cte=-0.004 closest=503 target=545 path_dist=0.004 heading_err=-0.002 steer=-0.013 speed=1.474
[ground_truth_amcl_monitor-7] [INFO] [1789012166.790862998] [ground_truth_amcl_monitor]: AMCL vs GT: gt=(0.518, -7.158) amcl=(0.547, -7.041) error=0.120 m / 0.001 rad; current_map=(0.530, -7.113, -1.805) error=0.046 m / 0.000 rad; odom=(0.403, -6.944, -1.805) error=0.242 m / 0.000 rad; ekf=(0.420, -6.873, -1.804) error=0.301 m / 0.001 rad; RMS=0.085 m / 0.017 rad max=0.258 m / 0.118 rad samples=1728
[gpu_amcl_cpp_node-6] [INFO] [1789012167.040185542] [gpu_amcl_cpp]: AMCL odom delta: at_scan=(10.456, -0.483, -0.248) baseline=(10.388, -0.466, -0.245) delta=(0.068, -0.017, -0.003) moved=true scan_age=0.050s
[gpu_amcl_cpp_node-6] [INFO] [1789012167.140800348] [gpu_amcl_cpp]: Received LiDAR callback #881 (1081 ranges).
[gpu_amcl_cpp_node-6] [INFO] [1789012167.140866843] [gpu_amcl_cpp]: Starting AMCL scan update #881 (sampled from 1081 ranges).
[gpu_amcl_cpp_node-6] [INFO] [1789012167.191398041] [gpu_amcl_cpp]: AMCL scan update #882 completed; evaluating pose confidence.
[gpu_amcl_cpp_node-6] [INFO] [1789012167.497284831] [gpu_amcl_cpp]: AMCL local correction: odom_prediction=(0.269, -8.124, -1.858) scan=(0.263, -8.148, -1.858) correction=0.024 m/0.000 rad cluster_weight=0.991 publish=true
[component_container-9] [INFO] [1789012167.589746241] [pure_pursuit_node]: Pure Pursuit: pose=(0.206, -8.331, -1.881) cte=0.002 closest=581 target=623 path_dist=0.002 heading_err=0.011 steer=-0.046 speed=1.420
[ground_truth_amcl_monitor-7] [INFO] [1789012167.813096917] [ground_truth_amcl_monitor]: AMCL vs GT: gt=(0.114, -8.598) amcl=(0.159, -8.476) error=0.129 m / 0.014 rad; current_map=(0.126, -8.571, -1.915) error=0.029 m / 0.000 rad; odom=(0.004, -8.370, -1.915) error=0.254 m / 0.000 rad; ekf=(0.037, -8.275, -1.901) error=0.332 m / 0.014 rad; RMS=0.085 m / 0.017 rad max=0.258 m / 0.118 rad samples=1768
[gpu_amcl_cpp_node-6] [INFO] [1789012168.064916517] [gpu_amcl_cpp]: AMCL odom delta: at_scan=(11.848, -0.921, -0.407) baseline=(11.787, -0.896, -0.393) delta=(0.061, -0.026, -0.015) moved=true scan_age=0.050s
[gpu_amcl_cpp_node-6] [INFO] [1789012168.520180163] [gpu_amcl_cpp]: AMCL local correction: odom_prediction=(-0.281, -9.430, -2.160) scan=(-0.283, -9.435, -2.159) correction=0.006 m/0.001 rad cluster_weight=0.996 publish=true
[component_container-9] [INFO] [1789012168.614638470] [pure_pursuit_node]: Pure Pursuit: pose=(-0.398, -9.588, -2.256) cte=0.016 closest=652 target=693 path_dist=0.016 heading_err=0.026 steer=-0.209 speed=1.327
[ground_truth_amcl_monitor-7] [INFO] [1789012168.838249415] [ground_truth_amcl_monitor]: AMCL vs GT: gt=(-0.572, -9.781) amcl=(-0.508, -9.706) error=0.099 m / 0.042 rad; current_map=(-0.556, -9.752, -2.400) error=0.033 m / 0.000 rad; odom=(-0.628, -9.498, -2.358) error=0.289 m / 0.042 rad; ekf=(-0.628, -9.498, -2.358) error=0.289 m / 0.042 rad; RMS=0.085 m / 0.017 rad max=0.258 m / 0.118 rad samples=1808
[gpu_amcl_cpp_node-6] [INFO] [1789012169.090051192] [gpu_amcl_cpp]: AMCL odom delta: at_scan=(12.892, -1.738, -1.060) baseline=(12.860, -1.683, -1.012) delta=(0.032, -0.054, -0.048) moved=true scan_age=0.049s
[gpu_amcl_cpp_node-6] [INFO] [1789012169.523656653] [gpu_amcl_cpp]: AMCL local correction: odom_prediction=(-1.344, -10.102, -3.071) scan=(-1.361, -10.099, -3.072) correction=0.018 m/0.001 rad cluster_weight=0.998 publish=true
[component_container-9] [INFO] [1789012169.665444917] [pure_pursuit_node]: Pure Pursuit: pose=(-1.608, -10.089, 2.991) cte=-0.003 closest=721 target=763 path_dist=0.003 heading_err=-0.046 steer=-0.279 speed=1.373
[ground_truth_amcl_monitor-7] [INFO] [1789012169.890280626] [ground_truth_amcl_monitor]: AMCL vs GT: gt=(-1.836, -10.057) amcl=(-1.745, -10.055) error=0.091 m / 0.082 rad; current_map=(-1.837, -10.026, 2.796) error=0.031 m / 0.000 rad; odom=(-1.937, -9.824, 2.796) error=0.254 m / 0.000 rad; ekf=(-1.846, -9.853, 2.878) error=0.204 m / 0.082 rad; RMS=0.085 m / 0.018 rad max=0.258 m / 0.118 rad samples=1848
[gpu_amcl_cpp_node-6] [INFO] [1789012170.141131103] [gpu_amcl_cpp]: AMCL odom delta: at_scan=(12.827, -3.036, -2.176) baseline=(12.863, -2.981, -2.127) delta=(-0.036, -0.055, -0.048) moved=true scan_age=0.051s
[gpu_amcl_cpp_node-6] [INFO] [1789012170.545497161] [gpu_amcl_cpp]: AMCL local correction: odom_prediction=(-2.517, -9.494, 2.210) scan=(-2.524, -9.477, 2.212) correction=0.019 m/0.002 rad cluster_weight=0.980 publish=true
[component_container-9] [INFO] [1789012170.689558891] [pure_pursuit_node]: Pure Pursuit: pose=(-2.661, -9.272, 2.091) cte=-0.040 closest=789 target=831 path_dist=0.040 heading_err=-0.003 steer=-0.118 speed=1.365
[ground_truth_amcl_monitor-7] [INFO] [1789012170.890683565] [ground_truth_amcl_monitor]: AMCL vs GT: gt=(-2.747, -9.126) amcl=(-2.725, -9.144) error=0.028 m / 0.023 rad; current_map=(-2.755, -9.084, 2.020) error=0.043 m / 0.000 rad; odom=(-2.848, -8.902, 2.020) error=0.246 m / 0.000 rad; ekf=(-2.848, -8.902, 2.020) error=0.246 m / 0.000 rad; RMS=0.084 m / 0.018 rad max=0.258 m / 0.118 rad samples=1888
[gpu_amcl_cpp_node-6] [INFO] [1789012171.142883821] [gpu_amcl_cpp]: AMCL odom delta: at_scan=(11.750, -3.778, -2.790) baseline=(11.814, -3.754, -2.773) delta=(-0.064, -0.024, -0.017) moved=true scan_age=0.052s
[gpu_amcl_cpp_node-6] [INFO] [1789012171.571193471] [gpu_amcl_cpp]: AMCL local correction: odom_prediction=(-3.041, -8.207, 1.785) scan=(-3.041, -8.201, 1.794) correction=0.007 m/0.009 rad cluster_weight=0.987 publish=true
[component_container-9] [INFO] [1789012171.715593748] [pure_pursuit_node]: Pure Pursuit: pose=(-3.092, -7.931, 1.731) cte=-0.003 closest=860 target=902 path_dist=0.003 heading_err=-0.003 steer=-0.062 speed=1.458
[ground_truth_amcl_monitor-7] [INFO] [1789012171.915971086] [ground_truth_amcl_monitor]: AMCL vs GT: gt=(-3.125, -7.746) amcl=(-3.109, -7.788) error=0.045 m / 0.013 rad; current_map=(-3.118, -7.717, 1.691) error=0.030 m / 0.000 rad; odom=(-3.222, -7.541, 1.691) error=0.227 m / 0.000 rad; ekf=(-3.213, -7.612, 1.704) error=0.160 m / 0.013 rad; RMS=0.083 m / 0.018 rad max=0.258 m / 0.118 rad samples=1928
[gpu_amcl_cpp_node-6] [INFO] [1789012172.166922643] [gpu_amcl_cpp]: Received LiDAR callback #979 (1081 ranges).
[gpu_amcl_cpp_node-6] [INFO] [1789012172.166991443] [gpu_amcl_cpp]: AMCL odom delta: at_scan=(10.340, -4.054, -3.081) baseline=(10.411, -4.049, -3.069) delta=(-0.072, -0.005, -0.012) moved=true scan_age=0.051s
[gpu_amcl_cpp_node-6] [INFO] [1789012172.167029114] [gpu_amcl_cpp]: Starting AMCL scan update #979 (sampled from 1081 ranges).
[gpu_amcl_cpp_node-6] [INFO] [1789012172.258819362] [gpu_amcl_cpp]: AMCL scan update #980 completed; evaluating pose confidence.
[gpu_amcl_cpp_node-6] [INFO] [1789012172.622934987] [gpu_amcl_cpp]: AMCL local correction: odom_prediction=(-3.153, -6.730, 1.532) scan=(-3.150, -6.712, 1.529) correction=0.018 m/0.003 rad cluster_weight=0.995 publish=true
[component_container-9] [INFO] [1789012172.736062506] [pure_pursuit_node]: Pure Pursuit: pose=(-3.138, -6.475, 1.499) cte=0.001 closest=933 target=975 path_dist=0.001 heading_err=-0.003 steer=-0.044 speed=1.469
[ground_truth_amcl_monitor-7] [INFO] [1789012172.942321206] [ground_truth_amcl_monitor]: AMCL vs GT: gt=(-3.130, -6.259) amcl=(-3.121, -6.323) error=0.065 m / 0.010 rad; current_map=(-3.115, -6.255, 1.470) error=0.016 m / 0.000 rad; odom=(-3.227, -6.071, 1.470) error=0.212 m / 0.000 rad; ekf=(-3.227, -6.071, 1.470) error=0.212 m / 0.000 rad; RMS=0.083 m / 0.018 rad max=0.258 m / 0.118 rad samples=1966
[gpu_amcl_cpp_node-6] [INFO] [1789012173.189785053] [gpu_amcl_cpp]: AMCL odom delta: at_scan=(8.873, -3.982, 2.992) baseline=(8.945, -3.993, 3.003) delta=(-0.071, 0.010, -0.011) moved=true scan_age=0.048s
[gpu_amcl_cpp_node-6] [INFO] [1789012173.674739000] [gpu_amcl_cpp]: AMCL local correction: odom_prediction=(-2.931, -5.207, 1.330) scan=(-2.922, -5.186, 1.323) correction=0.023 m/0.007 rad cluster_weight=0.958 publish=true
[component_container-9] [INFO] [1789012173.738604457] [pure_pursuit_node]: Pure Pursuit: pose=(-2.888, -5.037, 1.312) cte=-0.002 closest=1006 target=1048 path_dist=0.002 heading_err=-0.002 steer=-0.020 speed=1.459
[ground_truth_amcl_monitor-7] [INFO] [1789012173.950322314] [ground_truth_amcl_monitor]: AMCL vs GT: gt=(-2.847, -4.839) amcl=(-2.833, -4.822) error=0.022 m / 0.000 rad; current_map=(-2.833, -4.821, 1.299) error=0.022 m / 0.000 rad; odom=(-2.949, -4.670, 1.299) error=0.197 m / 0.000 rad; ekf=(-2.949, -4.670, 1.299) error=0.197 m / 0.000 rad; RMS=0.082 m / 0.018 rad max=0.258 m / 0.118 rad samples=2005
[gpu_amcl_cpp_node-6] [INFO] [1789012174.217265729] [gpu_amcl_cpp]: AMCL odom delta: at_scan=(7.444, -3.637, 2.853) baseline=(7.514, -3.658, 2.854) delta=(-0.070, 0.021, -0.001) moved=true scan_age=0.054s
[gpu_amcl_cpp_node-6] [INFO] [1789012174.725521431] [gpu_amcl_cpp]: AMCL local correction: odom_prediction=(-2.529, -3.748, 1.283) scan=(-2.521, -3.738, 1.270) correction=0.013 m/0.012 rad cluster_weight=0.954 publish=true
[component_container-9] [INFO] [1789012174.788959585] [pure_pursuit_node]: Pure Pursuit: pose=(-2.478, -3.577, 1.285) cte=-0.013 closest=1082 target=1124 path_dist=0.013 heading_err=0.014 steer=-0.000 speed=1.469
[ground_truth_amcl_monitor-7] [INFO] [1789012174.950437000] [ground_truth_amcl_monitor]: AMCL vs GT: gt=(-2.430, -3.428) amcl=(-2.428, -3.429) error=0.002 m / 0.000 rad; current_map=(-2.432, -3.432, 1.285) error=0.004 m / 0.000 rad; odom=(-2.537, -3.277, 1.285) error=0.185 m / 0.000 rad; ekf=(-2.537, -3.277, 1.285) error=0.185 m / 0.000 rad; RMS=0.082 m / 0.018 rad max=0.258 m / 0.118 rad samples=2043
[gpu_amcl_cpp_node-6] [INFO] [1789012175.240191348] [gpu_amcl_cpp]: AMCL odom delta: at_scan=(6.016, -3.217, 2.867) baseline=(6.084, -3.236, 2.866) delta=(-0.068, 0.019, 0.001) moved=true scan_age=0.050s
[gpu_amcl_cpp_node-6] [INFO] [1789012175.769620372] [gpu_amcl_cpp]: AMCL local correction: odom_prediction=(-2.098, -2.257, 1.314) scan=(-2.096, -2.254, 1.300) correction=0.003 m/0.014 rad cluster_weight=0.950 publish=true
[component_container-9] [INFO] [1789012175.814684308] [pure_pursuit_node]: Pure Pursuit: pose=(-2.060, -2.112, 1.317) cte=0.005 closest=1158 target=1200 path_dist=0.005 heading_err=-0.004 steer=0.006 speed=1.482
[ground_truth_amcl_monitor-7] [INFO] [1789012175.990027131] [ground_truth_amcl_monitor]: AMCL vs GT: gt=(-2.020, -1.931) amcl=(-2.040, -2.036) error=0.107 m / 0.002 rad; current_map=(-2.014, -1.933, 1.321) error=0.007 m / 0.000 rad; odom=(-2.133, -1.800, 1.321) error=0.172 m / 0.000 rad; ekf=(-2.159, -1.903, 1.319) error=0.142 m / 0.002 rad; RMS=0.081 m / 0.018 rad max=0.258 m / 0.118 rad samples=2082
[gpu_amcl_cpp_node-6] [INFO] [1789012176.290062825] [gpu_amcl_cpp]: AMCL odom delta: at_scan=(4.533, -2.825, 2.898) baseline=(4.634, -2.851, 2.897) delta=(-0.102, 0.025, 0.001) moved=true scan_age=0.052s
[gpu_amcl_cpp_node-6] [INFO] [1789012176.797968629] [gpu_amcl_cpp]: AMCL local correction: odom_prediction=(-1.730, -0.774, 1.344) scan=(-1.724, -0.754, 1.334) correction=0.021 m/0.010 rad cluster_weight=0.951 publish=true
[component_container-9] [INFO] [1789012176.839721177] [pure_pursuit_node]: Pure Pursuit: pose=(-1.698, -0.633, 1.346) cte=-0.001 closest=1234 target=1276 path_dist=0.001 heading_err=-0.002 steer=0.009 speed=1.489
[ground_truth_amcl_monitor-7] [INFO] [1789012176.991252646] [ground_truth_amcl_monitor]: AMCL vs GT: gt=(-1.672, -0.489) amcl=(-1.680, -0.548) error=0.060 m / 0.002 rad; current_map=(-1.663, -0.474, 1.349) error=0.017 m / 0.000 rad; odom=(-1.789, -0.375, 1.349) error=0.163 m / 0.000 rad; ekf=(-1.805, -0.448, 1.347) error=0.139 m / 0.002 rad; RMS=0.081 m / 0.017 rad max=0.258 m / 0.118 rad samples=2120
[gpu_amcl_cpp_node-6] [INFO] [1789012177.190032750] [gpu_amcl_cpp]: Received LiDAR callback #1074 (1081 ranges).
[gpu_amcl_cpp_node-6] [INFO] [1789012177.190107711] [gpu_amcl_cpp]: Starting AMCL scan update #1074 (sampled from 1081 ranges).
[gpu_amcl_cpp_node-6] [INFO] [1789012177.290506760] [gpu_amcl_cpp]: AMCL scan update #1076 completed; evaluating pose confidence.
[gpu_amcl_cpp_node-6] [INFO] [1789012177.340769243] [gpu_amcl_cpp]: AMCL odom delta: at_scan=(3.035, -2.481, 2.936) baseline=(3.105, -2.496, 2.934) delta=(-0.070, 0.015, 0.003) moved=true scan_age=0.051s
[gpu_amcl_cpp_node-6] [INFO] [1789012177.821506178] [gpu_amcl_cpp]: AMCL local correction: odom_prediction=(-1.421, 0.727, 1.399) scan=(-1.420, 0.762, 1.391) correction=0.036 m/0.008 rad cluster_weight=0.949 publish=true
[component_container-9] [INFO] [1789012177.865562239] [pure_pursuit_node]: Pure Pursuit: pose=(-1.397, 0.866, 1.405) cte=-0.003 closest=1310 target=1353 path_dist=0.003 heading_err=0.002 steer=0.024 speed=1.456
[ground_truth_amcl_monitor-7] [INFO] [1789012178.017433977] [ground_truth_amcl_monitor]: AMCL vs GT: gt=(-1.383, 0.992) amcl=(-1.383, 0.945) error=0.047 m / 0.005 rad; current_map=(-1.372, 1.015, 1.415) error=0.026 m / 0.000 rad; odom=(-1.503, 1.086, 1.415) error=0.152 m / 0.000 rad; ekf=(-1.503, 1.086, 1.415) error=0.152 m / 0.000 rad; RMS=0.080 m / 0.017 rad max=0.258 m / 0.118 rad samples=2160
[gpu_amcl_cpp_node-6] [INFO] [1789012178.342603072] [gpu_amcl_cpp]: AMCL odom delta: at_scan=(1.609, -2.241, 3.030) baseline=(1.680, -2.249, 3.021) delta=(-0.071, 0.008, 0.009) moved=true scan_age=0.052s
[gpu_amcl_cpp_node-6] [INFO] [1789012178.846325728] [gpu_amcl_cpp]: AMCL local correction: odom_prediction=(-1.265, 2.193, 1.586) scan=(-1.267, 2.189, 1.578) correction=0.004 m/0.007 rad cluster_weight=0.975 publish=true
[component_container-9] [INFO] [1789012178.890555065] [pure_pursuit_node]: Pure Pursuit: pose=(-1.269, 2.328, 1.624) cte=-0.004 closest=1384 target=1426 path_dist=0.004 heading_err=-0.005 steer=0.112 speed=1.367
[ground_truth_amcl_monitor-7] [INFO] [1789012179.045942626] [ground_truth_amcl_monitor]: AMCL vs GT: gt=(-1.297, 2.443) amcl=(-1.277, 2.400) error=0.047 m / 0.023 rad; current_map=(-1.283, 2.469, 1.671) error=0.029 m / 0.000 rad; odom=(-1.417, 2.524, 1.671) error=0.145 m / 0.000 rad; ekf=(-1.417, 2.524, 1.671) error=0.145 m / 0.000 rad; RMS=0.080 m / 0.017 rad max=0.258 m / 0.118 rad samples=2198
[gpu_amcl_cpp_node-6] [WARN] [1789012179.265022228] [gpu_amcl_cpp]: Queued LiDAR scan until source-time odometry arrives (queued=1).
[gpu_amcl_cpp_node-6] [INFO] [1789012179.367682681] [gpu_amcl_cpp]: AMCL odom delta: at_scan=(0.218, -2.290, -2.891) baseline=(0.280, -2.275, -2.917) delta=(-0.062, -0.015, 0.026) moved=true scan_age=0.051s
[gpu_amcl_cpp_node-6] [INFO] [1789012179.872363800] [gpu_amcl_cpp]: AMCL local correction: odom_prediction=(-1.617, 3.450, 2.198) scan=(-1.617, 3.437, 2.192) correction=0.013 m/0.007 rad cluster_weight=0.981 publish=true
[component_container-9] [INFO] [1789012179.915651385] [pure_pursuit_node]: Pure Pursuit: pose=(-1.692, 3.542, 2.312) cte=-0.045 closest=1450 target=1491 path_dist=0.045 heading_err=-0.081 steer=0.331 speed=1.193
[ground_truth_amcl_monitor-7] [INFO] [1789012180.068109717] [ground_truth_amcl_monitor]: AMCL vs GT: gt=(-1.779, 3.596) amcl=(-1.735, 3.582) error=0.045 m / 0.059 rad; current_map=(-1.778, 3.621, 2.431) error=0.026 m / 0.000 rad; odom=(-1.898, 3.678, 2.431) error=0.145 m / 0.000 rad; ekf=(-1.855, 3.639, 2.372) error=0.088 m / 0.059 rad; RMS=0.079 m / 0.017 rad max=0.258 m / 0.118 rad samples=2236
[gpu_amcl_cpp_node-6] [INFO] [1789012180.416547355] [gpu_amcl_cpp]: AMCL odom delta: at_scan=(-0.708, -3.050, -1.820) baseline=(-0.692, -2.996, -1.893) delta=(-0.016, -0.053, 0.072) moved=true scan_age=0.051s
[gpu_amcl_cpp_node-6] [INFO] [1789012180.897559607] [gpu_amcl_cpp]: AMCL local correction: odom_prediction=(-2.669, 3.741, -2.657) scan=(-2.660, 3.740, -2.649) correction=0.010 m/0.008 rad cluster_weight=0.982 publish=true
[component_container-9] [INFO] [1789012180.941674118] [pure_pursuit_node]: Pure Pursuit: pose=(-2.773, 3.675, -2.503) cte=0.001 closest=1513 target=1554 path_dist=0.001 heading_err=0.073 steer=0.370 speed=1.313
[ground_truth_amcl_monitor-7] [INFO] [1789012181.076052034] [ground_truth_amcl_monitor]: AMCL vs GT: gt=(-2.821, 3.591) amcl=(-2.783, 3.649) error=0.069 m / 0.077 rad; current_map=(-2.837, 3.603, -2.395) error=0.020 m / 0.000 rad; odom=(-2.976, 3.674, -2.395) error=0.175 m / 0.000 rad; ekf=(-2.922, 3.720, -2.472) error=0.163 m / 0.077 rad; RMS=0.079 m / 0.019 rad max=0.258 m / 0.118 rad samples=2274
[gpu_amcl_cpp_node-6] [INFO] [1789012181.465869288] [gpu_amcl_cpp]: AMCL odom delta: at_scan=(-0.090, -4.047, -0.362) baseline=(-0.149, -4.024, -0.404) delta=(0.059, -0.024, 0.042) moved=true scan_age=0.050s
[gpu_amcl_cpp_node-6] [INFO] [1789012181.922446934] [gpu_amcl_cpp]: AMCL local correction: odom_prediction=(-3.209, 2.546, -1.686) scan=(-3.214, 2.526, -1.677) correction=0.021 m/0.010 rad cluster_weight=0.963 publish=true
[component_container-9] [INFO] [1789012181.965574077] [pure_pursuit_node]: Pure Pursuit: pose=(-3.223, 2.412, -1.667) cte=0.055 closest=1581 target=1622 path_dist=0.055 heading_err=-0.023 steer=0.030 speed=1.337
[ground_truth_amcl_monitor-7] [INFO] [1789012182.078837632] [ground_truth_amcl_monitor]: AMCL vs GT: gt=(-3.243, 2.364) amcl=(-3.233, 2.337) error=0.029 m / 0.000 rad; current_map=(-3.230, 2.336, -1.662) error=0.030 m / 0.000 rad; odom=(-3.398, 2.458, -1.662) error=0.181 m / 0.000 rad; ekf=(-3.398, 2.458, -1.662) error=0.181 m / 0.000 rad; RMS=0.078 m / 0.019 rad max=0.258 m / 0.118 rad samples=2311
[gpu_amcl_cpp_node-6] [INFO] [1789012182.217831460] [gpu_amcl_cpp]: Received LiDAR callback #1171 (1081 ranges).
[gpu_amcl_cpp_node-6] [INFO] [1789012182.217905149] [gpu_amcl_cpp]: Starting AMCL scan update #1171 (sampled from 1081 ranges).
[gpu_amcl_cpp_node-6] [INFO] [1789012182.342528930] [gpu_amcl_cpp]: AMCL scan update #1173 completed; evaluating pose confidence.
[gpu_amcl_cpp_node-6] [INFO] [1789012182.491690351] [gpu_amcl_cpp]: AMCL odom delta: at_scan=(1.417, -4.252, -0.076) baseline=(1.313, -4.244, -0.070) delta=(0.104, -0.008, -0.006) moved=true scan_age=0.052s
[gpu_amcl_cpp_node-6] [INFO] [1789012182.948016394] [gpu_amcl_cpp]: AMCL local correction: odom_prediction=(-3.508, 0.459, -1.963) scan=(-3.506, 0.480, -1.954) correction=0.021 m/0.009 rad cluster_weight=0.987 publish=true
[component_container-9] [INFO] [1789012182.989507210] [pure_pursuit_node]: Pure Pursuit: pose=(-3.597, 0.274, -2.068) cte=0.023 closest=1690 target=1734 path_dist=0.023 heading_err=-0.004 steer=-0.201 speed=1.996
[ground_truth_amcl_monitor-7] [INFO] [1789012183.091452046] [ground_truth_amcl_monitor]: AMCL vs GT: gt=(-3.640, 0.188) amcl=(-3.589, 0.279) error=0.104 m / 0.045 rad; current_map=(-3.629, 0.209, -2.108) error=0.024 m / 0.000 rad; odom=(-3.793, 0.336, -2.108) error=0.213 m / 0.000 rad; ekf=(-3.754, 0.406, -2.063) error=0.246 m / 0.045 rad; RMS=0.079 m / 0.019 rad max=0.258 m / 0.118 rad samples=2350
[gpu_amcl_cpp_node-6] [INFO] [1789012183.543579613] [gpu_amcl_cpp]: AMCL odom delta: at_scan=(3.378, -5.174, -1.104) baseline=(3.331, -5.089, -1.031) delta=(0.047, -0.085, -0.073) moved=true scan_age=0.052s
[gpu_amcl_cpp_node-6] [INFO] [1789012183.993559119] [gpu_amcl_cpp]: AMCL local correction: odom_prediction=(-5.016, -0.418, 2.765) scan=(-4.965, -0.424, 2.811) correction=0.051 m/0.046 rad cluster_weight=0.972 publish=true
[component_container-9] [INFO] [1789012184.036203584] [pure_pursuit_node]: Pure Pursuit: pose=(-5.192, -0.328, 2.581) cte=-0.012 closest=1787 target=1831 path_dist=0.012 heading_err=-0.086 steer=-0.287 speed=2.222
[ground_truth_amcl_monitor-7] [INFO] [1789012184.099017093] [ground_truth_amcl_monitor]: AMCL vs GT: gt=(-5.188, -0.310) amcl=(-5.177, -0.311) error=0.011 m / 0.000 rad; current_map=(-5.177, -0.315, 2.576) error=0.012 m / 0.000 rad; odom=(-5.391, -0.179, 2.576) error=0.242 m / 0.000 rad; ekf=(-5.391, -0.179, 2.576) error=0.242 m / 0.000 rad; RMS=0.079 m / 0.020 rad max=0.258 m / 0.139 rad samples=2389
[gpu_amcl_cpp_node-6] [WARN] [1789012184.365809143] [gpu_amcl_cpp]: Queued LiDAR scan until source-time odometry arrives (queued=1).
[gpu_amcl_cpp_node-6] [INFO] [1789012184.566502515] [gpu_amcl_cpp]: AMCL odom delta: at_scan=(2.395, -6.837, -2.817) baseline=(2.541, -6.784, -2.773) delta=(-0.146, -0.053, -0.045) moved=true scan_age=0.049s
[gpu_amcl_cpp_node-6] [INFO] [1789012185.022563970] [gpu_amcl_cpp]: AMCL local correction: odom_prediction=(-6.125, 2.289, 1.670) scan=(-6.127, 2.295, 1.664) correction=0.007 m/0.006 rad cluster_weight=0.951 publish=true
[component_container-9] [INFO] [1789012185.066819836] [pure_pursuit_node]: Pure Pursuit: pose=(-6.162, 2.742, 1.636) cte=-0.011 closest=1951 target=2001 path_dist=0.011 heading_err=-0.015 steer=-0.060 speed=4.933
[ground_truth_amcl_monitor-7] [INFO] [1789012185.119919715] [ground_truth_amcl_monitor]: AMCL vs GT: gt=(-6.172, 2.767) amcl=(-6.144, 2.523) error=0.246 m / 0.028 rad; current_map=(-6.161, 2.755, 1.626) error=0.017 m / 0.000 rad; odom=(-6.371, 2.886, 1.626) error=0.232 m / 0.000 rad; ekf=(-6.355, 2.653, 1.655) error=0.215 m / 0.028 rad; RMS=0.080 m / 0.021 rad max=0.312 m / 0.139 rad samples=2426
[gpu_amcl_cpp_node-6] [INFO] [1789012185.590764565] [gpu_amcl_cpp]: AMCL odom delta: at_scan=(-1.799, -7.020, 2.912) baseline=(-1.611, -7.056, 2.984) delta=(-0.188, 0.037, -0.073) moved=true scan_age=0.050s
[gpu_amcl_cpp_node-6] [INFO] [1789012186.047736553] [gpu_amcl_cpp]: AMCL local correction: odom_prediction=(-5.416, 6.365, 0.994) scan=(-5.426, 6.343, 0.993) correction=0.024 m/0.001 rad cluster_weight=0.994 publish=true
[component_container-9] [INFO] [1789012186.092352897] [pure_pursuit_node]: Pure Pursuit: pose=(-5.289, 6.550, 0.943) cte=-0.005 closest=2150 target=2194 path_dist=0.005 heading_err=0.048 steer=-0.131 speed=2.856
[ground_truth_amcl_monitor-7] [INFO] [1789012186.163621578] [ground_truth_amcl_monitor]: AMCL vs GT: gt=(-5.286, 6.577) amcl=(-5.350, 6.456) error=0.137 m / 0.028 rad; current_map=(-5.246, 6.602, 0.938) error=0.047 m / 0.000 rad; odom=(-5.452, 6.754, 0.938) error=0.243 m / 0.000 rad; ekf=(-5.452, 6.754, 0.938) error=0.243 m / 0.000 rad; RMS=0.081 m / 0.021 rad max=0.348 m / 0.139 rad samples=2466
[gpu_amcl_cpp_node-6] [INFO] [1789012186.640173541] [gpu_amcl_cpp]: AMCL odom delta: at_scan=(-4.461, -5.143, 1.969) baseline=(-4.390, -5.296, 2.038) delta=(-0.071, 0.153, -0.069) moved=true scan_age=0.052s
[gpu_amcl_cpp_node-6] [INFO] [1789012187.074980952] [gpu_amcl_cpp]: AMCL local correction: odom_prediction=(-2.767, 7.570, -0.197) scan=(-2.785, 7.581, -0.192) correction=0.021 m/0.005 rad cluster_weight=0.940 publish=true
[component_container-9] [INFO] [1789012187.118078079] [pure_pursuit_node]: Pure Pursuit: pose=(-2.425, 7.473, -0.354) cte=-0.028 closest=2311 target=2358 path_dist=0.028 heading_err=0.008 steer=-0.111 speed=3.787
[ground_truth_amcl_monitor-7] [INFO] [1789012187.194021202] [ground_truth_amcl_monitor]: AMCL vs GT: gt=(-2.371, 7.453) amcl=(-2.588, 7.529) error=0.230 m / 0.117 rad; current_map=(-2.362, 7.449, -0.397) error=0.010 m / 0.000 rad; odom=(-2.509, 7.631, -0.397) error=0.225 m / 0.000 rad; ekf=(-2.509, 7.631, -0.397) error=0.225 m / 0.000 rad; RMS=0.082 m / 0.022 rad max=0.348 m / 0.139 rad samples=2504
[gpu_amcl_cpp_node-6] [INFO] [1789012187.242129403] [gpu_amcl_cpp]: Received LiDAR callback #1267 (1081 ranges).
[gpu_amcl_cpp_node-6] [INFO] [1789012187.242208672] [gpu_amcl_cpp]: Starting AMCL scan update #1267 (sampled from 1081 ranges).
[gpu_amcl_cpp_node-6] [INFO] [1789012187.365872518] [gpu_amcl_cpp]: AMCL scan update #1269 completed; evaluating pose confidence.
[gpu_amcl_cpp_node-6] [WARN] [1789012187.500197815] [gpu_amcl_cpp]: Queued LiDAR scan until source-time odometry arrives (queued=1).
[gpu_amcl_cpp_node-6] [INFO] [1789012187.694104502] [gpu_amcl_cpp]: AMCL odom delta: at_scan=(-3.280, -1.790, 0.599) baseline=(-3.508, -1.965, 0.707) delta=(0.228, 0.174, -0.109) moved=true scan_age=0.056s
[gpu_amcl_cpp_node-6] [INFO] [1789012188.122196793] [gpu_amcl_cpp]: AMCL local correction: odom_prediction=(0.143, 4.561, -1.118) scan=(0.152, 4.565, -1.128) correction=0.009 m/0.010 rad cluster_weight=0.945 publish=true
[component_container-9] [INFO] [1789012188.166779794] [pure_pursuit_node]: Pure Pursuit: pose=(0.312, 4.150, -1.245) cte=-0.033 closest=2531 target=2581 path_dist=0.033 heading_err=0.052 steer=0.023 speed=4.769
[ground_truth_amcl_monitor-7] [INFO] [1789012188.240740569] [ground_truth_amcl_monitor]: AMCL vs GT: gt=(0.351, 4.098) amcl=(0.246, 4.348) error=0.271 m / 0.028 rad; current_map=(0.357, 4.079, -1.195) error=0.019 m / 0.000 rad; odom=(0.230, 4.246, -1.195) error=0.191 m / 0.000 rad; ekf=(0.230, 4.246, -1.195) error=0.191 m / 0.000 rad; RMS=0.084 m / 0.022 rad max=0.348 m / 0.139 rad samples=2538
[gpu_amcl_cpp_node-6] [INFO] [1789012188.742043514] [gpu_amcl_cpp]: AMCL odom delta: at_scan=(1.208, 0.116, 0.187) baseline=(0.973, 0.069, 0.214) delta=(0.235, 0.048, -0.026) moved=true scan_age=0.050s
[gpu_amcl_cpp_node-6] [WARN] [1789012189.016175357] [gpu_amcl_cpp]: No local AMCL cluster near odometry prediction; using causal odometry pose.
[gpu_amcl_cpp_node-6] [INFO] [1789012189.125659534] [gpu_amcl_cpp]: AMCL recovery candidate: pose=(1.259, -0.262, -1.445) weight=0.877 stable_scans=1/3 odom_prediction=(1.287, -0.224).
[component_container-9] [INFO] [1789012189.167843824] [pure_pursuit_node]: Pure Pursuit: pose=(1.363, -0.734, -1.393) cte=-0.010 closest=196 target=247 path_dist=0.010 heading_err=-0.135 steer=-0.131 speed=4.359
[gpu_amcl_cpp_node-6] [INFO] [1789012189.176759662] [gpu_amcl_cpp]: AMCL local correction: odom_prediction=(1.319, -0.500, -1.457) scan=(1.294, -0.604, -1.458) correction=0.107 m/0.000 rad cluster_weight=0.945 publish=true
[ground_truth_amcl_monitor-7] [INFO] [1789012189.248749240] [ground_truth_amcl_monitor]: AMCL vs GT: gt=(1.369, -0.782) amcl=(1.332, -0.845) error=0.073 m / 0.000 rad; current_map=(1.337, -0.844, -1.488) error=0.070 m / 0.000 rad; odom=(1.252, -0.679, -1.488) error=0.156 m / 0.000 rad; ekf=(1.252, -0.679, -1.488) error=0.156 m / 0.000 rad; RMS=0.086 m / 0.022 rad max=0.385 m / 0.139 rad samples=2573
[gpu_amcl_cpp_node-6] [INFO] [1789012189.787332811] [gpu_amcl_cpp]: AMCL odom delta: at_scan=(6.214, 0.407, -0.222) baseline=(6.023, 0.445, -0.174) delta=(0.191, -0.038, -0.048) moved=true scan_age=0.050s
[component_container-9] [INFO] [1789012190.215829302] [pure_pursuit_node]: Pure Pursuit: pose=(0.845, -5.485, -1.842) cte=0.036 closest=435 target=487 path_dist=0.036 heading_err=0.075 steer=0.093 speed=4.883
[gpu_amcl_cpp_node-6] [INFO] [1789012190.224758316] [gpu_amcl_cpp]: AMCL local correction: odom_prediction=(0.912, -5.239, -1.778) scan=(0.915, -5.236, -1.782) correction=0.005 m/0.004 rad cluster_weight=0.949 publish=true
[ground_truth_amcl_monitor-7] [INFO] [1789012190.269631092] [ground_truth_amcl_monitor]: AMCL vs GT: gt=(0.858, -5.420) amcl=(0.913, -5.239) error=0.189 m / 0.000 rad; current_map=(0.859, -5.496, -1.778) error=0.076 m / 0.000 rad; odom=(0.723, -5.375, -1.778) error=0.142 m / 0.000 rad; ekf=(0.723, -5.375, -1.778) error=0.142 m / 0.000 rad; RMS=0.087 m / 0.022 rad max=0.385 m / 0.139 rad samples=2610
[gpu_amcl_cpp_node-6] [WARN] [1789012190.439057657] [gpu_amcl_cpp]: Queued LiDAR scan until source-time odometry arrives (queued=1).
[gpu_amcl_cpp_node-6] [INFO] [1789012190.791852560] [gpu_amcl_cpp]: AMCL odom delta: at_scan=(10.687, -0.564, -0.201) baseline=(10.494, -0.523, -0.215) delta=(0.193, -0.041, 0.014) moved=true scan_age=0.050s
[component_container-9] [INFO] [1789012191.263856639] [pure_pursuit_node]: Pure Pursuit: pose=(-0.054, -9.142, -2.092) cte=-0.050 closest=624 target=667 path_dist=0.050 heading_err=0.064 steer=-0.092 speed=2.443
[gpu_amcl_cpp_node-6] [INFO] [1789012191.270559946] [gpu_amcl_cpp]: AMCL local correction: odom_prediction=(-0.010, -9.064, -2.030) scan=(-0.005, -9.048, -2.028) correction=0.017 m/0.002 rad cluster_weight=0.990 publish=true
[ground_truth_amcl_monitor-7] [INFO] [1789012191.274395380] [ground_truth_amcl_monitor]: AMCL vs GT: gt=(-0.016, -9.065) amcl=(-0.010, -9.062) error=0.006 m / 0.000 rad; current_map=(-0.010, -9.064, -2.030) error=0.006 m / 0.000 rad; odom=(-0.155, -9.009, -2.030) error=0.149 m / 0.000 rad; ekf=(-0.155, -9.009, -2.030) error=0.149 m / 0.000 rad; RMS=0.088 m / 0.022 rad max=0.385 m / 0.139 rad samples=2649
[gpu_amcl_cpp_node-6] [INFO] [1789012191.837519337] [gpu_amcl_cpp]: AMCL odom delta: at_scan=(13.149, -1.891, -1.174) baseline=(13.069, -1.728, -1.049) delta=(0.080, -0.162, -0.125) moved=true scan_age=0.050s
[gpu_amcl_cpp_node-6] [INFO] [1789012192.263429674] [gpu_amcl_cpp]: Received LiDAR callback #1360 (1081 ranges).
[gpu_amcl_cpp_node-6] [INFO] [1789012192.263509904] [gpu_amcl_cpp]: Starting AMCL scan update #1360 (sampled from 1081 ranges).
[component_container-9] [INFO] [1789012192.314765906] [pure_pursuit_node]: Pure Pursuit: pose=(-2.174, -9.844, 2.477) cte=-0.017 closest=752 target=797 path_dist=0.017 heading_err=-0.018 steer=-0.179 speed=2.665
[ground_truth_amcl_monitor-7] [INFO] [1789012192.316926169] [ground_truth_amcl_monitor]: AMCL vs GT: gt=(-2.048, -9.961) amcl=(-1.950, -9.981) error=0.100 m / 0.106 rad; current_map=(-2.063, -9.919, 2.585) error=0.045 m / 0.000 rad; odom=(-2.229, -9.907, 2.585) error=0.189 m / 0.000 rad; ekf=(-2.229, -9.907, 2.585) error=0.189 m / 0.000 rad; RMS=0.088 m / 0.023 rad max=0.385 m / 0.153 rad samples=2688
[gpu_amcl_cpp_node-6] [INFO] [1789012192.321347374] [gpu_amcl_cpp]: AMCL local correction: odom_prediction=(-2.063, -9.919, 2.585) scan=(-2.061, -9.937, 2.583) correction=0.018 m/0.001 rad cluster_weight=0.992 publish=true
[gpu_amcl_cpp_node-6] [INFO] [1789012192.366592090] [gpu_amcl_cpp]: AMCL scan update #1362 completed; evaluating pose confidence.
[gpu_amcl_cpp_node-6] [INFO] [1789012192.868786411] [gpu_amcl_cpp]: AMCL odom delta: at_scan=(11.765, -3.908, -2.822) baseline=(11.934, -3.848, -2.786) delta=(-0.169, -0.059, -0.036) moved=true scan_age=0.053s
[component_container-9] [INFO] [1789012193.341251066] [pure_pursuit_node]: Pure Pursuit: pose=(-3.142, -6.396, 1.503) cte=-0.009 closest=937 target=987 path_dist=0.009 heading_err=-0.017 steer=-0.063 speed=5.010
[ground_truth_amcl_monitor-7] [INFO] [1789012193.343580097] [ground_truth_amcl_monitor]: AMCL vs GT: gt=(-3.161, -6.676) amcl=(-3.156, -6.883) error=0.207 m / 0.035 rad; current_map=(-3.154, -6.634, 1.545) error=0.043 m / 0.000 rad; odom=(-3.336, -6.616, 1.545) error=0.185 m / 0.000 rad; ekf=(-3.336, -6.616, 1.545) error=0.185 m / 0.000 rad; RMS=0.088 m / 0.024 rad max=0.385 m / 0.153 rad samples=2728
[gpu_amcl_cpp_node-6] [INFO] [1789012193.349475415] [gpu_amcl_cpp]: AMCL local correction: odom_prediction=(-3.154, -6.634, 1.545) scan=(-3.153, -6.655, 1.543) correction=0.021 m/0.002 rad cluster_weight=0.989 publish=true
[gpu_amcl_cpp_node-6] [INFO] [1789012193.890054920] [gpu_amcl_cpp]: AMCL odom delta: at_scan=(7.055, -3.568, 2.784) baseline=(7.310, -3.657, 2.829) delta=(-0.255, 0.089, -0.045) moved=true scan_age=0.049s
[component_container-9] [INFO] [1789012194.364780407] [pure_pursuit_node]: Pure Pursuit: pose=(-1.852, -1.362, 1.332) cte=0.019 closest=1197 target=1249 path_dist=0.019 heading_err=-0.006 steer=0.001 speed=5.188
[ground_truth_amcl_monitor-7] [INFO] [1789012194.366718743] [ground_truth_amcl_monitor]: AMCL vs GT: gt=(-1.943, -1.681) amcl=(-2.005, -1.873) error=0.201 m / 0.031 rad; current_map=(-1.922, -1.624, 1.263) error=0.061 m / 0.000 rad; odom=(-2.095, -1.552, 1.263) error=0.199 m / 0.000 rad; ekf=(-2.178, -1.801, 1.232) error=0.264 m / 0.031 rad; RMS=0.090 m / 0.024 rad max=0.385 m / 0.153 rad samples=2766
[gpu_amcl_cpp_node-6] [INFO] [1789012194.372281906] [gpu_amcl_cpp]: AMCL local correction: odom_prediction=(-1.922, -1.624, 1.263) scan=(-1.919, -1.626, 1.253) correction=0.003 m/0.009 rad cluster_weight=0.941 publish=true
[gpu_amcl_cpp_node-6] [INFO] [1789012194.915125509] [gpu_amcl_cpp]: AMCL odom delta: at_scan=(2.313, -2.386, 3.003) baseline=(2.498, -2.409, 3.028) delta=(-0.186, 0.024, -0.026) moved=true scan_age=0.050s
[component_container-9] [INFO] [1789012195.365567805] [pure_pursuit_node]: Pure Pursuit: pose=(-1.267, 2.491, 1.617) cte=0.010 closest=1392 target=1438 path_dist=0.010 heading_err=0.054 steer=0.201 speed=1.973
[ground_truth_amcl_monitor-7] [INFO] [1789012195.367621167] [ground_truth_amcl_monitor]: AMCL vs GT: gt=(-1.277, 2.262) amcl=(-1.259, 2.183) error=0.081 m / 0.022 rad; current_map=(-1.261, 2.344, 1.595) error=0.083 m / 0.000 rad; odom=(-1.429, 2.414, 1.595) error=0.214 m / 0.000 rad; ekf=(-1.429, 2.414, 1.595) error=0.214 m / 0.000 rad; RMS=0.090 m / 0.024 rad max=0.385 m / 0.153 rad samples=2806
[gpu_amcl_cpp_node-6] [INFO] [1789012195.373788948] [gpu_amcl_cpp]: AMCL local correction: odom_prediction=(-1.261, 2.344, 1.595) scan=(-1.261, 2.330, 1.595) correction=0.014 m/0.000 rad cluster_weight=0.970 publish=true
[gpu_amcl_cpp_node-6] [INFO] [1789012195.962981072] [gpu_amcl_cpp]: AMCL odom delta: at_scan=(-0.359, -2.549, -2.535) baseline=(-0.242, -2.477, -2.648) delta=(-0.117, -0.072, 0.112) moved=true scan_age=0.051s
[component_container-9] [INFO] [1789012196.388828110] [pure_pursuit_node]: Pure Pursuit: pose=(-2.276, 3.821, 3.046) cte=-0.034 closest=1486 target=1528 path_dist=0.034 heading_err=0.091 steer=0.450 speed=1.811
[ground_truth_amcl_monitor-7] [INFO] [1789012196.391386863] [ground_truth_amcl_monitor]: AMCL vs GT: gt=(-2.158, 3.753) amcl=(-2.096, 3.775) error=0.066 m / 0.103 rad; current_map=(-2.182, 3.797, 2.941) error=0.051 m / 0.000 rad; odom=(-2.345, 3.928, 2.941) error=0.256 m / 0.000 rad; ekf=(-2.345, 3.928, 2.941) error=0.256 m / 0.000 rad; RMS=0.090 m / 0.024 rad max=0.385 m / 0.153 rad samples=2844
[gpu_amcl_cpp_node-6] [INFO] [1789012196.396179767] [gpu_amcl_cpp]: AMCL local correction: odom_prediction=(-2.182, 3.797, 2.941) scan=(-2.177, 3.796, 2.939) correction=0.005 m/0.002 rad cluster_weight=0.977 publish=true
[gpu_amcl_cpp_node-6] [INFO] [1789012196.991248484] [gpu_amcl_cpp]: AMCL odom delta: at_scan=(-0.282, -4.061, -0.469) baseline=(-0.373, -4.010, -0.554) delta=(0.091, -0.051, 0.086) moved=true scan_age=0.051s
[gpu_amcl_cpp_node-6] [INFO] [1789012197.265840483] [gpu_amcl_cpp]: Received LiDAR callback #1455 (1081 ranges).
[gpu_amcl_cpp_node-6] [INFO] [1789012197.265905646] [gpu_amcl_cpp]: Starting AMCL scan update #1455 (sampled from 1081 ranges).
[component_container-9] [INFO] [1789012197.453749600] [pure_pursuit_node]: Pure Pursuit: pose=(-3.245, 1.961, -1.680) cte=0.022 closest=1603 target=1649 path_dist=0.022 heading_err=-0.013 steer=0.013 speed=3.456
[gpu_amcl_cpp_node-6] [INFO] [1789012197.456232470] [gpu_amcl_cpp]: AMCL scan update #1458 completed; evaluating pose confidence.
[ground_truth_amcl_monitor-7] [INFO] [1789012197.456585534] [ground_truth_amcl_monitor]: AMCL vs GT: gt=(-3.249, 2.053) amcl=(-3.207, 2.323) error=0.273 m / 0.001 rad; current_map=(-3.223, 2.174, -1.678) error=0.124 m / 0.000 rad; odom=(-3.494, 2.363, -1.678) error=0.396 m / 0.000 rad; ekf=(-3.494, 2.363, -1.678) error=0.396 m / 0.000 rad; RMS=0.090 m / 0.026 rad max=0.385 m / 0.170 rad samples=2882
[gpu_amcl_cpp_node-6] [INFO] [1789012197.461795603] [gpu_amcl_cpp]: AMCL local correction: odom_prediction=(-3.223, 2.174, -1.678) scan=(-3.244, 2.154, -1.661) correction=0.029 m/0.017 rad cluster_weight=0.945 publish=true
[gpu_amcl_cpp_node-6] [INFO] [1789012198.040670884] [gpu_amcl_cpp]: AMCL odom delta: at_scan=(2.539, -4.590, -0.413) baseline=(2.458, -4.557, -0.379) delta=(0.081, -0.034, -0.034) moved=true scan_age=0.052s
[component_container-9] [INFO] [1789012198.465617368] [pure_pursuit_node]: Pure Pursuit: pose=(-4.085, -0.317, -2.584) cte=-0.021 closest=1729 target=1773 path_dist=0.021 heading_err=-0.055 steer=-0.297 speed=1.945
[ground_truth_amcl_monitor-7] [INFO] [1789012198.467651353] [ground_truth_amcl_monitor]: AMCL vs GT: gt=(-4.026, -0.270) amcl=(-3.927, -0.213) error=0.115 m / 0.068 rad; current_map=(-4.003, -0.272, -2.518) error=0.024 m / 0.000 rad; odom=(-4.289, -0.033, -2.518) error=0.354 m / 0.000 rad; ekf=(-4.289, -0.033, -2.518) error=0.354 m / 0.000 rad; RMS=0.091 m / 0.026 rad max=0.385 m / 0.170 rad samples=2920
[gpu_amcl_cpp_node-6] [INFO] [1789012198.472691002] [gpu_amcl_cpp]: AMCL local correction: odom_prediction=(-4.003, -0.272, -2.518) scan=(-4.020, -0.289, -2.515) correction=0.025 m/0.002 rad cluster_weight=0.979 publish=true
[gpu_amcl_cpp_node-6] [INFO] [1789012199.088302676] [gpu_amcl_cpp]: AMCL odom delta: at_scan=(3.283, -6.220, -2.086) baseline=(3.343, -6.094, -1.951) delta=(-0.061, -0.126, -0.135) moved=true scan_age=0.050s
[ground_truth_amcl_monitor-7] [INFO] [1789012199.475610519] [ground_truth_amcl_monitor]: AMCL vs GT: gt=(-5.670, 0.262) amcl=(-5.656, 0.258) error=0.015 m / 0.000 rad; current_map=(-5.651, 0.259, 2.036) error=0.019 m / 0.000 rad; odom=(-5.969, 0.497, 2.036) error=0.380 m / 0.000 rad; ekf=(-5.969, 0.497, 2.036) error=0.380 m / 0.000 rad; RMS=0.090 m / 0.027 rad max=0.385 m / 0.170 rad samples=2959
[component_container-9] [INFO] [1789012199.514775290] [pure_pursuit_node]: Pure Pursuit: pose=(-5.765, 0.523, 1.916) cte=-0.029 closest=1839 target=1884 path_dist=0.029 heading_err=0.004 steer=-0.060 speed=3.469
[gpu_amcl_cpp_node-6] [INFO] [1789012199.521754706] [gpu_amcl_cpp]: AMCL local correction: odom_prediction=(-5.718, 0.391, 1.977) scan=(-5.725, 0.380, 1.972) correction=0.013 m/0.005 rad cluster_weight=0.958 publish=true
[gpu_amcl_cpp_node-6] [INFO] [1789012200.117563506] [gpu_amcl_cpp]: AMCL odom delta: at_scan=(0.322, -7.256, -3.062) baseline=(0.549, -7.237, -3.051) delta=(-0.226, -0.019, -0.011) moved=true scan_age=0.050s
[ground_truth_amcl_monitor-7] [INFO] [1789012200.492631739] [ground_truth_amcl_monitor]: AMCL vs GT: gt=(-6.089, 4.387) amcl=(-6.104, 4.140) error=0.248 m / 0.002 rad; current_map=(-6.078, 4.370, 1.458) error=0.020 m / 0.000 rad; odom=(-6.380, 4.627, 1.458) error=0.377 m / 0.000 rad; ekf=(-6.406, 4.397, 1.460) error=0.317 m / 0.002 rad; RMS=0.092 m / 0.027 rad max=0.385 m / 0.170 rad samples=2996
[component_container-9] [INFO] [1789012200.540059831] [pure_pursuit_node]: Pure Pursuit: pose=(-6.019, 4.810, 1.416) cte=-0.018 closest=2055 target=2105 path_dist=0.018 heading_err=-0.059 steer=-0.126 speed=4.175
[gpu_amcl_cpp_node-6] [INFO] [1789012200.547982642] [gpu_amcl_cpp]: AMCL local correction: odom_prediction=(-6.051, 4.598, 1.440) scan=(-6.052, 4.610, 1.439) correction=0.012 m/0.001 rad cluster_weight=0.980 publish=true
[gpu_amcl_cpp_node-6] [INFO] [1789012201.166654942] [gpu_amcl_cpp]: AMCL odom delta: at_scan=(-3.744, -6.335, 2.464) baseline=(-3.636, -6.418, 2.511) delta=(-0.108, 0.083, -0.047) moved=true scan_age=0.051s
[ground_truth_amcl_monitor-7] [INFO] [1789012201.499773657] [ground_truth_amcl_monitor]: AMCL vs GT: gt=(-4.580, 7.253) amcl=(-4.566, 7.242) error=0.017 m / 0.000 rad; current_map=(-4.565, 7.243, 0.537) error=0.017 m / 0.000 rad; odom=(-4.848, 7.524, 0.537) error=0.381 m / 0.000 rad; ekf=(-4.848, 7.524, 0.537) error=0.381 m / 0.000 rad; RMS=0.092 m / 0.027 rad max=0.385 m / 0.170 rad samples=3035
[component_container-9] [INFO] [1789012201.543198099] [pure_pursuit_node]: Pure Pursuit: pose=(-4.268, 7.391, 0.388) cte=-0.005 closest=2217 target=2263 path_dist=0.005 heading_err=0.046 steer=-0.108 speed=3.354
[gpu_amcl_cpp_node-6] [INFO] [1789012201.551835334] [gpu_amcl_cpp]: AMCL local correction: odom_prediction=(-4.430, 7.316, 0.465) scan=(-4.445, 7.314, 0.476) correction=0.015 m/0.011 rad cluster_weight=0.994 publish=true
[gpu_amcl_cpp_node-6] [INFO] [1789012202.215978355] [gpu_amcl_cpp]: AMCL odom delta: at_scan=(-4.509, -3.295, 1.143) baseline=(-4.579, -3.462, 1.205) delta=(0.070, 0.167, -0.063) moved=true scan_age=0.050s
[gpu_amcl_cpp_node-6] [INFO] [1789012202.316164103] [gpu_amcl_cpp]: Received LiDAR callback #1550 (1081 ranges).
[gpu_amcl_cpp_node-6] [INFO] [1789012202.316225979] [gpu_amcl_cpp]: Starting AMCL scan update #1550 (sampled from 1081 ranges).
[gpu_amcl_cpp_node-6] [INFO] [1789012202.488882249] [gpu_amcl_cpp]: AMCL scan update #1553 completed; evaluating pose confidence.
[ground_truth_amcl_monitor-7] [INFO] [1789012202.542082848] [ground_truth_amcl_monitor]: AMCL vs GT: gt=(-1.213, 6.676) amcl=(-1.350, 6.827) error=0.204 m / 0.052 rad; current_map=(-1.198, 6.677, -0.805) error=0.015 m / 0.000 rad; odom=(-1.462, 6.928, -0.805) error=0.354 m / 0.000 rad; ekf=(-1.614, 7.078, -0.753) error=0.568 m / 0.052 rad; RMS=0.093 m / 0.027 rad max=0.385 m / 0.170 rad samples=3074
[component_container-9] [INFO] [1789012202.591350239] [pure_pursuit_node]: Pure Pursuit: pose=(-0.927, 6.349, -0.959) cte=-0.012 closest=2405 target=2454 path_dist=0.012 heading_err=0.074 steer=0.013 speed=4.806
[gpu_amcl_cpp_node-6] [INFO] [1789012202.598892996] [gpu_amcl_cpp]: AMCL local correction: odom_prediction=(-1.053, 6.513, -0.867) scan=(-1.041, 6.498, -0.872) correction=0.020 m/0.005 rad cluster_weight=0.972 publish=true
[gpu_amcl_cpp_node-6] [INFO] [1789012203.267659953] [gpu_amcl_cpp]: AMCL odom delta: at_scan=(-1.034, -0.663, 0.350) baseline=(-1.271, -0.750, 0.353) delta=(0.237, 0.087, -0.004) moved=true scan_age=0.052s
[gpu_amcl_cpp_node-6] [WARN] [1789012203.497676325] [gpu_amcl_cpp]: No local AMCL cluster near odometry prediction; using causal odometry pose.
[ground_truth_amcl_monitor-7] [INFO] [1789012203.549304186] [ground_truth_amcl_monitor]: AMCL vs GT: gt=(0.803, 2.632) amcl=(0.814, 2.576) error=0.058 m / 0.000 rad; current_map=(0.811, 2.572, -1.281) error=0.061 m / 0.000 rad; odom=(0.573, 2.817, -1.281) error=0.295 m / 0.000 rad; ekf=(0.573, 2.817, -1.281) error=0.295 m / 0.000 rad; RMS=0.094 m / 0.027 rad max=0.385 m / 0.170 rad samples=3113
[component_container-9] [INFO] [1789012203.638539087] [pure_pursuit_node]: Pure Pursuit: pose=(1.026, 1.822, -1.336) cte=-0.031 closest=67 target=119 path_dist=0.031 heading_err=-0.010 steer=-0.033 speed=5.269
[gpu_amcl_cpp_node-6] [INFO] [1789012203.695702249] [gpu_amcl_cpp]: AMCL local correction: odom_prediction=(1.044, 1.816, -1.267) scan=(1.031, 1.843, -1.280) correction=0.029 m/0.013 rad cluster_weight=0.921 publish=true
[gpu_amcl_cpp_node-6] [INFO] [1789012204.315748934] [gpu_amcl_cpp]: AMCL odom delta: at_scan=(4.125, 0.350, 0.041) baseline=(3.846, 0.339, 0.035) delta=(0.279, 0.011, 0.005) moved=true scan_age=0.050s
[ground_truth_amcl_monitor-7] [INFO] [1789012204.568518790] [ground_truth_amcl_monitor]: AMCL vs GT: gt=(1.403, -2.395) amcl=(1.396, -2.294) error=0.101 m / 0.022 rad; current_map=(1.395, -2.565, -1.584) error=0.171 m / 0.000 rad; odom=(1.175, -2.347, -1.584) error=0.233 m / 0.000 rad; ekf=(1.175, -2.347, -1.584) error=0.233 m / 0.000 rad; RMS=0.095 m / 0.027 rad max=0.385 m / 0.170 rad samples=3152
[component_container-9] [INFO] [1789012204.667472771] [pure_pursuit_node]: Pure Pursuit: pose=(1.341, -3.296, -1.720) cte=-0.104 closest=324 target=374 path_dist=0.104 heading_err=0.031 steer=-0.032 speed=4.790
[gpu_amcl_cpp_node-6] [WARN] [1789012204.745363567] [gpu_amcl_cpp]: No local AMCL cluster near odometry prediction; using causal odometry pose.
[gpu_amcl_cpp_node-6] [INFO] [1789012204.795809886] [gpu_amcl_cpp]: AMCL local correction: odom_prediction=(1.279, -3.654, -1.797) scan=(1.291, -3.606, -1.795) correction=0.049 m/0.002 rad cluster_weight=0.929 publish=true
[gpu_amcl_cpp_node-6] [INFO] [1789012205.340983881] [gpu_amcl_cpp]: AMCL odom delta: at_scan=(9.378, -0.341, -0.228) baseline=(9.150, -0.285, -0.252) delta=(0.228, -0.056, 0.024) moved=true scan_age=0.051s
[ground_truth_amcl_monitor-7] [INFO] [1789012205.568508827] [ground_truth_amcl_monitor]: AMCL vs GT: gt=(0.528, -7.061) amcl=(0.556, -7.015) error=0.053 m / 0.028 rad; current_map=(0.511, -7.201, -1.820) error=0.141 m / 0.000 rad; odom=(0.271, -7.097, -1.820) error=0.259 m / 0.000 rad; ekf=(0.271, -7.097, -1.820) error=0.259 m / 0.000 rad; RMS=0.095 m / 0.027 rad max=0.385 m / 0.170 rad samples=3190
[component_container-9] [INFO] [1789012205.686229885] [pure_pursuit_node]: Pure Pursuit: pose=(0.314, -7.859, -1.852) cte=0.028 closest=557 target=606 path_dist=0.028 heading_err=0.020 steer=-0.014 speed=3.598
[gpu_amcl_cpp_node-6] [INFO] [1789012205.799020039] [gpu_amcl_cpp]: AMCL local correction: odom_prediction=(0.251, -8.019, -1.847) scan=(0.263, -7.948, -1.854) correction=0.073 m/0.006 rad cluster_weight=0.966 publish=true
[gpu_amcl_cpp_node-6] [INFO] [1789012206.388248301] [gpu_amcl_cpp]: AMCL odom delta: at_scan=(12.682, -1.387, -0.600) baseline=(12.532, -1.295, -0.505) delta=(0.150, -0.093, -0.095) moved=true scan_age=0.051s
[ground_truth_amcl_monitor-7] [INFO] [1789012206.590905245] [ground_truth_amcl_monitor]: AMCL vs GT: gt=(-0.661, -9.861) amcl=(-0.574, -9.780) error=0.119 m / 0.092 rad; current_map=(-0.664, -9.858, -2.475) error=0.004 m / 0.000 rad; odom=(-0.924, -9.896, -2.475) error=0.265 m / 0.000 rad; ekf=(-0.924, -9.896, -2.475) error=0.265 m / 0.000 rad; RMS=0.095 m / 0.027 rad max=0.385 m / 0.170 rad samples=3228
[component_container-9] [INFO] [1789012206.691391027] [pure_pursuit_node]: Pure Pursuit: pose=(-0.989, -10.039, -2.788) cte=0.005 closest=690 target=735 path_dist=0.005 heading_err=-0.052 steer=-0.267 speed=2.519
[gpu_amcl_cpp_node-6] [INFO] [1789012206.820825005] [gpu_amcl_cpp]: AMCL local correction: odom_prediction=(-1.152, -10.084, -2.919) scan=(-1.147, -10.078, -2.913) correction=0.008 m/0.007 rad cluster_weight=0.999 publish=true
[gpu_amcl_cpp_node-6] [INFO] [1789012207.317042183] [gpu_amcl_cpp]: Received LiDAR callback #1645 (1081 ranges).
[gpu_amcl_cpp_node-6] [INFO] [1789012207.317095333] [gpu_amcl_cpp]: Starting AMCL scan update #1645 (sampled from 1081 ranges).
[gpu_amcl_cpp_node-6] [INFO] [1789012207.437906733] [gpu_amcl_cpp]: AMCL odom delta: at_scan=(12.707, -3.603, -2.511) baseline=(12.856, -3.481, -2.403) delta=(-0.149, -0.122, -0.108) moved=true scan_age=0.050s
[gpu_amcl_cpp_node-6] [INFO] [1789012207.490106399] [gpu_amcl_cpp]: AMCL scan update #1648 completed; evaluating pose confidence.
[ground_truth_amcl_monitor-7] [INFO] [1789012207.595273857] [ground_truth_amcl_monitor]: AMCL vs GT: gt=(-2.731, -9.125) amcl=(-2.676, -9.213) error=0.104 m / 0.053 rad; current_map=(-2.751, -9.068, 2.018) error=0.060 m / 0.000 rad; odom=(-3.037, -9.152, 2.018) error=0.308 m / 0.000 rad; ekf=(-3.037, -9.152, 2.018) error=0.308 m / 0.000 rad; RMS=0.095 m / 0.028 rad max=0.385 m / 0.170 rad samples=3266
[component_container-9] [INFO] [1789012207.715838112] [pure_pursuit_node]: Pure Pursuit: pose=(-2.972, -8.495, 1.880) cte=-0.016 closest=831 target=879 path_dist=0.016 heading_err=0.000 steer=-0.099 speed=4.180
[gpu_amcl_cpp_node-6] [INFO] [1789012207.821706448] [gpu_amcl_cpp]: AMCL local correction: odom_prediction=(-3.020, -8.323, 1.835) scan=(-3.016, -8.321, 1.842) correction=0.005 m/0.007 rad cluster_weight=0.982 publish=true
[gpu_amcl_cpp_node-6] [INFO] [1789012208.442511188] [gpu_amcl_cpp]: AMCL odom delta: at_scan=(8.735, -4.089, 2.899) baseline=(8.988, -4.150, 2.912) delta=(-0.252, 0.061, -0.013) moved=true scan_age=0.054s
[ground_truth_amcl_monitor-7] [INFO] [1789012208.615881140] [ground_truth_amcl_monitor]: AMCL vs GT: gt=(-2.821, -4.714) amcl=(-2.813, -4.930) error=0.216 m / 0.004 rad; current_map=(-2.770, -4.676, 1.404) error=0.064 m / 0.000 rad; odom=(-3.114, -4.713, 1.404) error=0.294 m / 0.000 rad; ekf=(-3.114, -4.713, 1.404) error=0.294 m / 0.000 rad; RMS=0.096 m / 0.028 rad max=0.385 m / 0.170 rad samples=3304
[component_container-9] [INFO] [1789012208.716544165] [pure_pursuit_node]: Pure Pursuit: pose=(-2.614, -3.963, 1.241) cte=-0.040 closest=1061 target=1111 path_dist=0.040 heading_err=0.055 steer=0.051 speed=5.060
[gpu_amcl_cpp_node-6] [INFO] [1789012208.848873508] [gpu_amcl_cpp]: AMCL local correction: odom_prediction=(-2.500, -3.624, 1.184) scan=(-2.521, -3.635, 1.175) correction=0.024 m/0.009 rad cluster_weight=0.956 publish=true
[gpu_amcl_cpp_node-6] [INFO] [1789012209.490703893] [gpu_amcl_cpp]: AMCL odom delta: at_scan=(3.583, -2.738, 2.961) baseline=(3.824, -2.784, 2.944) delta=(-0.241, 0.046, 0.017) moved=true scan_age=0.050s
[ground_truth_amcl_monitor-7] [INFO] [1789012209.640811122] [ground_truth_amcl_monitor]: AMCL vs GT: gt=(-1.515, 0.182) amcl=(-1.545, 0.040) error=0.145 m / 0.004 rad; current_map=(-1.499, 0.233, 1.336) error=0.053 m / 0.000 rad; odom=(-1.801, 0.215, 1.336) error=0.287 m / 0.000 rad; ekf=(-1.801, 0.215, 1.336) error=0.287 m / 0.000 rad; RMS=0.097 m / 0.028 rad max=0.385 m / 0.170 rad samples=3342
[component_container-9] [INFO] [1789012209.738917580] [pure_pursuit_node]: Pure Pursuit: pose=(-1.410, 0.730, 1.467) cte=0.008 closest=1304 target=1350 path_dist=0.008 heading_err=-0.067 steer=-0.053 speed=3.657
[gpu_amcl_cpp_node-6] [INFO] [1789012209.898639342] [gpu_amcl_cpp]: AMCL local correction: odom_prediction=(-1.361, 1.109, 1.446) scan=(-1.364, 1.120, 1.439) correction=0.012 m/0.008 rad cluster_weight=0.949 publish=true
[gpu_amcl_cpp_node-6] [INFO] [1789012210.515916457] [gpu_amcl_cpp]: AMCL odom delta: at_scan=(0.352, -2.445, -2.919) baseline=(0.441, -2.427, -2.960) delta=(-0.089, -0.018, 0.041) moved=true scan_age=0.051s
[ground_truth_amcl_monitor-7] [INFO] [1789012210.689412736] [ground_truth_amcl_monitor]: AMCL vs GT: gt=(-1.449, 3.070) amcl=(-1.394, 2.988) error=0.099 m / 0.063 rad; current_map=(-1.439, 3.120, 1.931) error=0.051 m / 0.000 rad; odom=(-1.740, 3.126, 1.931) error=0.296 m / 0.000 rad; ekf=(-1.695, 2.994, 1.868) error=0.258 m / 0.063 rad; RMS=0.097 m / 0.028 rad max=0.385 m / 0.170 rad samples=3382
[component_container-9] [INFO] [1789012210.792512435] [pure_pursuit_node]: Pure Pursuit: pose=(-1.565, 3.384, 2.112) cte=-0.023 closest=1440 target=1483 path_dist=0.023 heading_err=-0.046 steer=0.327 speed=1.848
[gpu_amcl_cpp_node-6] [INFO] [1789012210.918979552] [gpu_amcl_cpp]: AMCL local correction: odom_prediction=(-1.642, 3.486, 2.238) scan=(-1.619, 3.462, 2.205) correction=0.033 m/0.032 rad cluster_weight=0.979 publish=true
[gpu_amcl_cpp_node-6] [INFO] [1789012211.544102734] [gpu_amcl_cpp]: AMCL odom delta: at_scan=(-0.648, -3.739, -1.184) baseline=(-0.677, -3.654, -1.298) delta=(0.029, -0.085, 0.114) moved=true scan_age=0.053s
[ground_truth_amcl_monitor-7] [INFO] [1789012211.717715142] [ground_truth_amcl_monitor]: AMCL vs GT: gt=(-2.820, 3.569) amcl=(-2.791, 3.624) error=0.062 m / 0.113 rad; current_map=(-2.862, 3.562, -2.359) error=0.042 m / 0.000 rad; odom=(-3.208, 3.626, -2.359) error=0.392 m / 0.000 rad; ekf=(-3.208, 3.626, -2.359) error=0.392 m / 0.000 rad; RMS=0.096 m / 0.029 rad max=0.385 m / 0.170 rad samples=3420
[component_container-9] [INFO] [1789012211.815363898] [pure_pursuit_node]: Pure Pursuit: pose=(-3.029, 3.313, -2.054) cte=0.013 closest=1535 target=1578 path_dist=0.013 heading_err=0.141 steer=0.217 speed=2.321
[gpu_amcl_cpp_node-6] [INFO] [1789012211.921071060] [gpu_amcl_cpp]: AMCL local correction: odom_prediction=(-3.043, 3.202, -1.980) scan=(-3.030, 3.193, -1.969) correction=0.015 m/0.011 rad cluster_weight=0.959 publish=true
[gpu_amcl_cpp_node-6] [INFO] [1789012212.317654298] [gpu_amcl_cpp]: Received LiDAR callback #1739 (1081 ranges).
[gpu_amcl_cpp_node-6] [INFO] [1789012212.317729450] [gpu_amcl_cpp]: Starting AMCL scan update #1739 (sampled from 1081 ranges).
[gpu_amcl_cpp_node-6] [INFO] [1789012212.491004292] [gpu_amcl_cpp]: AMCL scan update #1742 completed; evaluating pose confidence.
[gpu_amcl_cpp_node-6] [INFO] [1789012212.592191744] [gpu_amcl_cpp]: AMCL odom delta: at_scan=(1.837, -4.530, -0.121) baseline=(1.668, -4.512, -0.100) delta=(0.169, -0.019, -0.021) moved=true scan_age=0.050s
[ground_truth_amcl_monitor-7] [INFO] [1789012212.723109201] [ground_truth_amcl_monitor]: AMCL vs GT: gt=(-3.398, 0.864) amcl=(-3.384, 0.865) error=0.014 m / 0.000 rad; current_map=(-3.392, 0.860, -1.793) error=0.007 m / 0.000 rad; odom=(-3.794, 0.946, -1.793) error=0.405 m / 0.000 rad; ekf=(-3.794, 0.946, -1.793) error=0.405 m / 0.000 rad; RMS=0.096 m / 0.029 rad max=0.385 m / 0.170 rad samples=3459
[component_container-9] [INFO] [1789012212.866512382] [pure_pursuit_node]: Pure Pursuit: pose=(-3.526, 0.434, -1.975) cte=0.030 closest=1682 target=1725 path_dist=0.030 heading_err=-0.000 steer=-0.166 speed=1.996
[gpu_amcl_cpp_node-6] [INFO] [1789012212.943817706] [gpu_amcl_cpp]: AMCL local correction: odom_prediction=(-3.543, 0.411, -1.990) scan=(-3.525, 0.426, -1.969) correction=0.024 m/0.021 rad cluster_weight=0.988 publish=true
[gpu_amcl_cpp_node-6] [INFO] [1789012213.641037386] [gpu_amcl_cpp]: AMCL odom delta: at_scan=(3.543, -5.714, -1.360) baseline=(3.518, -5.620, -1.268) delta=(0.025, -0.095, -0.092) moved=true scan_age=0.050s
[ground_truth_amcl_monitor-7] [INFO] [1789012213.741682248] [ground_truth_amcl_monitor]: AMCL vs GT: gt=(-4.681, -0.466) amcl=(-4.584, -0.469) error=0.097 m / 0.103 rad; current_map=(-4.680, -0.474, -3.133) error=0.008 m / 0.000 rad; odom=(-5.103, -0.406, -3.133) error=0.426 m / 0.000 rad; ekf=(-5.103, -0.406, -3.133) error=0.426 m / 0.000 rad; RMS=0.096 m / 0.030 rad max=0.385 m / 0.170 rad samples=3496
[component_container-9] [INFO] [1789012213.889535888] [pure_pursuit_node]: Pure Pursuit: pose=(-5.050, -0.383, 2.748) cte=0.016 closest=1780 target=1823 path_dist=0.016 heading_err=-0.082 steer=-0.312 speed=2.146
[gpu_amcl_cpp_node-6] [INFO] [1789012213.947228616] [gpu_amcl_cpp]: AMCL local correction: odom_prediction=(-5.050, -0.391, 2.745) scan=(-5.035, -0.403, 2.746) correction=0.019 m/0.001 rad cluster_weight=0.980 publish=true
[gpu_amcl_cpp_node-6] [INFO] [1789012214.643318291] [gpu_amcl_cpp]: AMCL odom delta: at_scan=(2.016, -7.192, -2.921) baseline=(2.186, -7.151, -2.892) delta=(-0.170, -0.041, -0.029) moved=true scan_age=0.052s
[ground_truth_amcl_monitor-7] [INFO] [1789012214.765469460] [ground_truth_amcl_monitor]: AMCL vs GT: gt=(-6.043, 1.549) amcl=(-6.001, 1.341) error=0.212 m / 0.025 rad; current_map=(-6.035, 1.532, 1.731) error=0.019 m / 0.000 rad; odom=(-6.477, 1.590, 1.731) error=0.436 m / 0.000 rad; ekf=(-6.477, 1.590, 1.731) error=0.436 m / 0.000 rad; RMS=0.096 m / 0.030 rad max=0.385 m / 0.170 rad samples=3536
[component_container-9] [INFO] [1789012214.914639177] [pure_pursuit_node]: Pure Pursuit: pose=(-6.133, 2.359, 1.653) cte=-0.009 closest=1932 target=1981 path_dist=0.009 heading_err=0.010 steer=-0.036 speed=4.970
[gpu_amcl_cpp_node-6] [INFO] [1789012214.971559151] [gpu_amcl_cpp]: AMCL local correction: odom_prediction=(-6.134, 2.370, 1.650) scan=(-6.133, 2.385, 1.646) correction=0.014 m/0.004 rad cluster_weight=0.939 publish=true
[gpu_amcl_cpp_node-6] [INFO] [1789012215.690643453] [gpu_amcl_cpp]: AMCL odom delta: at_scan=(-2.579, -6.975, 2.751) baseline=(-2.389, -7.049, 2.789) delta=(-0.190, 0.074, -0.038) moved=true scan_age=0.050s
[ground_truth_amcl_monitor-7] [INFO] [1789012215.797853973] [ground_truth_amcl_monitor]: AMCL vs GT: gt=(-5.601, 6.024) amcl=(-5.660, 5.845) error=0.188 m / 0.033 rad; current_map=(-5.588, 6.002, 1.126) error=0.025 m / 0.000 rad; odom=(-6.029, 6.066, 1.126) error=0.430 m / 0.000 rad; ekf=(-6.029, 6.066, 1.126) error=0.430 m / 0.000 rad; RMS=0.097 m / 0.030 rad max=0.385 m / 0.170 rad samples=3576
[component_container-9] [INFO] [1789012215.964988106] [pure_pursuit_node]: Pure Pursuit: pose=(-5.309, 6.501, 0.979) cte=0.004 closest=2147 target=2191 path_dist=0.004 heading_err=0.025 steer=-0.127 speed=2.856
[gpu_amcl_cpp_node-6] [INFO] [1789012215.971731459] [gpu_amcl_cpp]: AMCL local correction: odom_prediction=(-5.372, 6.415, 1.011) scan=(-5.350, 6.439, 1.012) correction=0.032 m/0.002 rad cluster_weight=0.997 publish=true
[gpu_amcl_cpp_node-6] [INFO] [1789012216.692165409] [gpu_amcl_cpp]: AMCL odom delta: at_scan=(-4.486, -4.840, 1.698) baseline=(-4.459, -5.007, 1.769) delta=(-0.027, 0.167, -0.071) moved=true scan_age=0.051s
[ground_truth_amcl_monitor-7] [INFO] [1789012216.800183578] [ground_truth_amcl_monitor]: AMCL vs GT: gt=(-3.278, 7.627) amcl=(-3.276, 7.626) error=0.003 m / 0.000 rad; current_map=(-3.275, 7.621, -0.011) error=0.007 m / 0.000 rad; odom=(-3.695, 7.663, -0.011) error=0.418 m / 0.000 rad; ekf=(-3.695, 7.663, -0.011) error=0.418 m / 0.000 rad; RMS=0.098 m / 0.030 rad max=0.385 m / 0.170 rad samples=3615
[component_container-9] [INFO] [1789012217.014587385] [pure_pursuit_node]: Pure Pursuit: pose=(-2.350, 7.442, -0.377) cte=-0.025 closest=2315 target=2362 path_dist=0.025 heading_err=0.003 steer=-0.117 speed=3.895
[gpu_amcl_cpp_node-6] [INFO] [1789012217.021265405] [gpu_amcl_cpp]: AMCL local correction: odom_prediction=(-2.512, 7.503, -0.312) scan=(-2.502, 7.506, -0.313) correction=0.011 m/0.001 rad cluster_weight=0.965 publish=true
[gpu_amcl_cpp_node-6] [INFO] [1789012217.366359422] [gpu_amcl_cpp]: Received LiDAR callback #1835 (1081 ranges).
[gpu_amcl_cpp_node-6] [INFO] [1789012217.366424765] [gpu_amcl_cpp]: Starting AMCL scan update #1835 (sampled from 1081 ranges).
[gpu_amcl_cpp_node-6] [INFO] [1789012217.540232190] [gpu_amcl_cpp]: AMCL scan update #1838 completed; evaluating pose confidence.
[gpu_amcl_cpp_node-6] [INFO] [1789012217.713027881] [gpu_amcl_cpp]: AMCL odom delta: at_scan=(-2.463, -1.619, 0.514) baseline=(-2.755, -1.799, 0.592) delta=(0.292, 0.180, -0.078) moved=true scan_age=0.050s
[ground_truth_amcl_monitor-7] [INFO] [1789012217.818616771] [ground_truth_amcl_monitor]: AMCL vs GT: gt=(-0.184, 5.163) amcl=(-0.289, 5.384) error=0.244 m / 0.045 rad; current_map=(-0.172, 5.146, -1.135) error=0.021 m / 0.000 rad; odom=(-0.580, 5.159, -1.135) error=0.396 m / 0.000 rad; ekf=(-0.580, 5.159, -1.135) error=0.396 m / 0.000 rad; RMS=0.098 m / 0.030 rad max=0.385 m / 0.170 rad samples=3652
[component_container-9] [INFO] [1789012218.038396739] [pure_pursuit_node]: Pure Pursuit: pose=(0.458, 3.724, -1.184) cte=-0.019 closest=2554 target=21 path_dist=0.019 heading_err=-0.043 steer=-0.051 speed=5.639
[gpu_amcl_cpp_node-6] [INFO] [1789012218.044982065] [gpu_amcl_cpp]: AMCL local correction: odom_prediction=(0.333, 4.006, -1.122) scan=(0.332, 4.014, -1.131) correction=0.008 m/0.009 rad cluster_weight=0.931 publish=true
[gpu_amcl_cpp_node-6] [INFO] [1789012218.741502659] [gpu_amcl_cpp]: AMCL odom delta: at_scan=(2.583, 0.060, 0.117) baseline=(2.316, 0.021, 0.170) delta=(0.268, 0.039, -0.053) moved=true scan_age=0.051s
[gpu_amcl_cpp_node-6] [WARN] [1789012218.799637849] [gpu_amcl_cpp]: No local AMCL cluster near odometry prediction; using causal odometry pose.
[ground_truth_amcl_monitor-7] [INFO] [1789012218.863331503] [ground_truth_amcl_monitor]: AMCL vs GT: gt=(1.301, -0.018) amcl=(1.248, 0.317) error=0.339 m / 0.019 rad; current_map=(1.283, -0.079, -1.494) error=0.064 m / 0.000 rad; odom=(0.924, -0.096, -1.494) error=0.385 m / 0.000 rad; ekf=(0.889, 0.300, -1.474) error=0.520 m / 0.019 rad; RMS=0.099 m / 0.030 rad max=0.385 m / 0.170 rad samples=3692
[component_container-9] [INFO] [1789012219.065825571] [pure_pursuit_node]: Pure Pursuit: pose=(1.374, -1.597, -1.565) cte=-0.013 closest=239 target=292 path_dist=0.013 heading_err=-0.029 steer=-0.022 speed=5.702
[gpu_amcl_cpp_node-6] [INFO] [1789012219.073184271] [gpu_amcl_cpp]: AMCL local correction: odom_prediction=(1.375, -1.311, -1.507) scan=(1.399, -1.303, -1.508) correction=0.025 m/0.002 rad cluster_weight=0.960 publish=true
[gpu_amcl_cpp_node-6] [INFO] [1789012219.790664205] [gpu_amcl_cpp]: AMCL odom delta: at_scan=(8.278, -0.247, -0.234) baseline=(7.999, -0.181, -0.230) delta=(0.279, -0.066, -0.004) moved=true scan_age=0.052s
[ground_truth_amcl_monitor-7] [INFO] [1789012219.893772580] [ground_truth_amcl_monitor]: AMCL vs GT: gt=(0.811, -5.531) amcl=(0.876, -5.357) error=0.186 m / 0.007 rad; current_map=(0.813, -5.625, -1.798) error=0.094 m / 0.000 rad; odom=(0.421, -5.676, -1.798) error=0.416 m / 0.000 rad; ekf=(0.421, -5.676, -1.798) error=0.416 m / 0.000 rad; RMS=0.100 m / 0.030 rad max=0.385 m / 0.170 rad samples=3730
[component_container-9] [INFO] [1789012220.111826532] [pure_pursuit_node]: Pure Pursuit: pose=(0.576, -6.761, -1.652) cte=0.032 closest=501 target=549 path_dist=0.032 heading_err=-0.145 steer=-0.077 speed=4.023
[gpu_amcl_cpp_node-6] [INFO] [1789012220.119883255] [gpu_amcl_cpp]: AMCL local correction: odom_prediction=(0.588, -6.585, -1.766) scan=(0.597, -6.542, -1.798) correction=0.044 m/0.032 rad cluster_weight=0.958 publish=true
[gpu_amcl_cpp_node-6] [INFO] [1789012220.793158379] [gpu_amcl_cpp]: AMCL odom delta: at_scan=(12.172, -1.093, -0.412) baseline=(12.050, -1.044, -0.351) delta=(0.121, -0.049, -0.061) moved=true scan_age=0.052s
[ground_truth_amcl_monitor-7] [INFO] [1789012220.917849486] [ground_truth_amcl_monitor]: AMCL vs GT: gt=(-0.033, -9.127) amcl=(0.036, -9.017) error=0.130 m / 0.030 rad; current_map=(-0.019, -9.113, -2.105) error=0.020 m / 0.000 rad; odom=(-0.417, -9.249, -2.105) error=0.403 m / 0.000 rad; ekf=(-0.417, -9.249, -2.105) error=0.403 m / 0.000 rad; RMS=0.100 m / 0.030 rad max=0.385 m / 0.170 rad samples=3766
[component_container-9] [INFO] [1789012221.115305168] [pure_pursuit_node]: Pure Pursuit: pose=(-0.370, -9.594, -2.284) cte=-0.009 closest=651 target=696 path_dist=0.009 heading_err=0.062 steer=-0.222 speed=2.519
[gpu_amcl_cpp_node-6] [INFO] [1789012221.122666533] [gpu_amcl_cpp]: AMCL local correction: odom_prediction=(-0.297, -9.506, -2.247) scan=(-0.293, -9.501, -2.244) correction=0.007 m/0.003 rad cluster_weight=0.997 publish=true
[gpu_amcl_cpp_node-6] [INFO] [1789012221.816885659] [gpu_amcl_cpp]: AMCL odom delta: at_scan=(13.343, -3.017, -1.893) baseline=(13.379, -2.889, -1.790) delta=(-0.036, -0.128, -0.102) moved=true scan_age=0.051s
[ground_truth_amcl_monitor-7] [INFO] [1789012221.927730614] [ground_truth_amcl_monitor]: AMCL vs GT: gt=(-2.021, -9.966) amcl=(-2.039, -9.933) error=0.038 m / 0.000 rad; current_map=(-2.038, -9.933, 2.619) error=0.037 m / 0.000 rad; odom=(-2.441, -10.085, 2.619) error=0.437 m / 0.000 rad; ekf=(-2.441, -10.085, 2.619) error=0.437 m / 0.000 rad; RMS=0.100 m / 0.031 rad max=0.385 m / 0.170 rad samples=3805
[component_container-9] [INFO] [1789012222.115364092] [pure_pursuit_node]: Pure Pursuit: pose=(-2.519, -9.493, 2.203) cte=-0.037 closest=776 target=821 path_dist=0.037 heading_err=-0.028 steer=-0.132 speed=3.122
[gpu_amcl_cpp_node-6] [INFO] [1789012222.122718614] [gpu_amcl_cpp]: AMCL local correction: odom_prediction=(-2.437, -9.593, 2.281) scan=(-2.440, -9.582, 2.281) correction=0.011 m/0.000 rad cluster_weight=0.974 publish=true
[gpu_amcl_cpp_node-6] [INFO] [1789012222.414358986] [gpu_amcl_cpp]: Received LiDAR callback #1928 (1081 ranges).
[gpu_amcl_cpp_node-6] [INFO] [1789012222.414447072] [gpu_amcl_cpp]: Starting AMCL scan update #1928 (sampled from 1081 ranges).
[gpu_amcl_cpp_node-6] [INFO] [1789012222.569797112] [gpu_amcl_cpp]: AMCL scan update #1931 completed; evaluating pose confidence.
[gpu_amcl_cpp_node-6] [INFO] [1789012222.817270145] [gpu_amcl_cpp]: AMCL odom delta: at_scan=(10.545, -4.365, -3.131) baseline=(10.751, -4.359, -3.088) delta=(-0.206, -0.007, -0.043) moved=true scan_age=0.050s
[ground_truth_amcl_monitor-7] [INFO] [1789012222.929430274] [ground_truth_amcl_monitor]: AMCL vs GT: gt=(-3.146, -6.857) amcl=(-3.138, -6.814) error=0.044 m / 0.000 rad; current_map=(-3.141, -6.811, 1.570) error=0.046 m / 0.000 rad; odom=(-3.567, -6.943, 1.570) error=0.430 m / 0.000 rad; ekf=(-3.567, -6.943, 1.570) error=0.430 m / 0.000 rad; RMS=0.100 m / 0.031 rad max=0.385 m / 0.170 rad samples=3841
[component_container-9] [INFO] [1789012223.142524978] [pure_pursuit_node]: Pure Pursuit: pose=(-2.988, -5.469, 1.276) cte=0.005 closest=984 target=1034 path_dist=0.005 heading_err=0.073 steer=0.062 speed=5.010
[gpu_amcl_cpp_node-6] [INFO] [1789012223.150840478] [gpu_amcl_cpp]: AMCL local correction: odom_prediction=(-3.050, -5.689, 1.368) scan=(-3.047, -5.692, 1.362) correction=0.005 m/0.006 rad cluster_weight=0.953 publish=true
[gpu_amcl_cpp_node-6] [INFO] [1789012223.865641564] [gpu_amcl_cpp]: AMCL odom delta: at_scan=(5.252, -3.248, 2.882) baseline=(5.535, -3.324, 2.876) delta=(-0.283, 0.076, 0.006) moved=true scan_age=0.050s
[ground_truth_amcl_monitor-7] [INFO] [1789012223.967811032] [ground_truth_amcl_monitor]: AMCL vs GT: gt=(-1.898, -1.523) amcl=(-1.936, -1.721) error=0.202 m / 0.006 rad; current_map=(-1.857, -1.429, 1.304) error=0.103 m / 0.000 rad; odom=(-2.292, -1.515, 1.304) error=0.394 m / 0.000 rad; ekf=(-2.292, -1.515, 1.304) error=0.394 m / 0.000 rad; RMS=0.101 m / 0.031 rad max=0.385 m / 0.170 rad samples=3880
[component_container-9] [INFO] [1789012224.191442174] [pure_pursuit_node]: Pure Pursuit: pose=(-1.487, -0.119, 1.261) cte=0.093 closest=1261 target=1311 path_dist=0.093 heading_err=0.101 steer=0.184 speed=3.581
[gpu_amcl_cpp_node-6] [INFO] [1789012224.199799522] [gpu_amcl_cpp]: AMCL local correction: odom_prediction=(-1.554, -0.323, 1.289) scan=(-1.560, -0.337, 1.290) correction=0.016 m/0.001 rad cluster_weight=0.928 publish=true
[gpu_amcl_cpp_node-6] [INFO] [1789012224.917118383] [gpu_amcl_cpp]: AMCL odom delta: at_scan=(1.103, -2.501, 3.093) baseline=(1.264, -2.509, 3.098) delta=(-0.161, 0.007, -0.005) moved=true scan_age=0.052s
[ground_truth_amcl_monitor-7] [INFO] [1789012224.969313611] [ground_truth_amcl_monitor]: AMCL vs GT: gt=(-1.293, 2.207) amcl=(-1.287, 2.129) error=0.079 m / 0.012 rad; current_map=(-1.281, 2.291, 1.534) error=0.085 m / 0.000 rad; odom=(-1.694, 2.217, 1.534) error=0.401 m / 0.000 rad; ekf=(-1.694, 2.217, 1.534) error=0.401 m / 0.000 rad; RMS=0.101 m / 0.031 rad max=0.385 m / 0.170 rad samples=3916
[component_container-9] [INFO] [1789012225.238699597] [pure_pursuit_node]: Pure Pursuit: pose=(-1.349, 2.966, 1.869) cte=0.020 closest=1416 target=1459 path_dist=0.020 heading_err=-0.012 steer=0.162 speed=1.923
[gpu_amcl_cpp_node-6] [INFO] [1789012225.245603542] [gpu_amcl_cpp]: AMCL local correction: odom_prediction=(-1.328, 2.883, 1.799) scan=(-1.330, 2.860, 1.799) correction=0.023 m/0.000 rad cluster_weight=0.982 publish=true
[gpu_amcl_cpp_node-6] [INFO] [1789012225.940995363] [gpu_amcl_cpp]: AMCL odom delta: at_scan=(-0.626, -3.324, -1.833) baseline=(-0.599, -3.239, -1.939) delta=(-0.028, -0.085, 0.106) moved=true scan_age=0.049s
[ground_truth_amcl_monitor-7] [INFO] [1789012225.992688948] [ground_truth_amcl_monitor]: AMCL vs GT: gt=(-2.174, 3.770) amcl=(-2.119, 3.800) error=0.062 m / 0.108 rad; current_map=(-2.206, 3.818, 2.988) error=0.058 m / 0.000 rad; odom=(-2.609, 3.802, 2.988) error=0.437 m / 0.000 rad; ekf=(-2.609, 3.802, 2.988) error=0.437 m / 0.000 rad; RMS=0.101 m / 0.031 rad max=0.385 m / 0.170 rad samples=3956
[component_container-9] [INFO] [1789012226.239522277] [pure_pursuit_node]: Pure Pursuit: pose=(-2.713, 3.709, -2.624) cte=-0.010 closest=1509 target=1552 path_dist=0.010 heading_err=0.112 steer=0.396 speed=2.045
[gpu_amcl_cpp_node-6] [INFO] [1789012226.246088106] [gpu_amcl_cpp]: AMCL local correction: odom_prediction=(-2.627, 3.739, -2.734) scan=(-2.587, 3.736, -2.723) correction=0.040 m/0.011 rad cluster_weight=0.983 publish=true
[gpu_amcl_cpp_node-6] [INFO] [1789012226.965858878] [gpu_amcl_cpp]: AMCL odom delta: at_scan=(0.848, -4.536, -0.118) baseline=(0.699, -4.517, -0.139) delta=(0.149, -0.019, 0.022) moved=true scan_age=0.049s
[ground_truth_amcl_monitor-7] [INFO] [1789012227.015543565] [ground_truth_amcl_monitor]: AMCL vs GT: gt=(-3.248, 2.140) amcl=(-3.221, 2.267) error=0.130 m / 0.020 rad; current_map=(-3.238, 2.112, -1.669) error=0.030 m / 0.000 rad; odom=(-3.752, 2.155, -1.669) error=0.504 m / 0.000 rad; ekf=(-3.735, 2.310, -1.688) error=0.516 m / 0.020 rad; RMS=0.101 m / 0.031 rad max=0.385 m / 0.170 rad samples=3996
[component_container-9] [INFO] [1789012227.242547409] [pure_pursuit_node]: Pure Pursuit: pose=(-3.325, 1.182, -1.708) cte=0.010 closest=1642 target=1689 path_dist=0.010 heading_err=0.013 steer=-0.095 speed=2.900
[gpu_amcl_cpp_node-6] [INFO] [1789012227.250870363] [gpu_amcl_cpp]: AMCL local correction: odom_prediction=(-3.308, 1.346, -1.682) scan=(-3.306, 1.352, -1.670) correction=0.006 m/0.013 rad cluster_weight=0.955 publish=true
[gpu_amcl_cpp_node-6] [INFO] [1789012227.416564347] [gpu_amcl_cpp]: Received LiDAR callback #2022 (1081 ranges).
[gpu_amcl_cpp_node-6] [INFO] [1789012227.416620293] [gpu_amcl_cpp]: Starting AMCL scan update #2022 (sampled from 1081 ranges).
[gpu_amcl_cpp_node-6] [INFO] [1789012227.615998860] [gpu_amcl_cpp]: AMCL scan update #2026 completed; evaluating pose confidence.
[gpu_amcl_cpp_node-6] [INFO] [1789012227.965990849] [gpu_amcl_cpp]: AMCL odom delta: at_scan=(3.280, -5.225, -0.809) baseline=(3.212, -5.159, -0.735) delta=(0.068, -0.066, -0.074) moved=true scan_age=0.051s
[ground_truth_amcl_monitor-7] [INFO] [1789012228.017288148] [ground_truth_amcl_monitor]: AMCL vs GT: gt=(-3.956, -0.150) amcl=(-3.885, -0.124) error=0.075 m / 0.074 rad; current_map=(-3.959, -0.189, -2.454) error=0.039 m / 0.000 rad; odom=(-4.498, -0.186, -2.454) error=0.543 m / 0.000 rad; ekf=(-4.498, -0.186, -2.454) error=0.543 m / 0.000 rad; RMS=0.101 m / 0.031 rad max=0.385 m / 0.170 rad samples=4034
[component_container-9] [INFO] [1789012228.290706118] [pure_pursuit_node]: Pure Pursuit: pose=(-4.502, -0.454, -2.950) cte=-0.000 closest=1751 target=1794 path_dist=0.000 heading_err=0.031 steer=-0.355 speed=1.970
[gpu_amcl_cpp_node-6] [INFO] [1789012228.297069426] [gpu_amcl_cpp]: AMCL local correction: odom_prediction=(-4.413, -0.421, -2.858) scan=(-4.401, -0.407, -2.856) correction=0.018 m/0.002 rad cluster_weight=0.978 publish=true
[gpu_amcl_cpp_node-6] [WARN] [1789012228.340577114] [gpu_amcl_cpp]: Queued LiDAR scan until source-time odometry arrives (queued=1).
[gpu_amcl_cpp_node-6] [INFO] [1789012228.966358703] [gpu_amcl_cpp]: AMCL odom delta: at_scan=(3.116, -6.925, -2.538) baseline=(3.211, -6.854, -2.462) delta=(-0.095, -0.071, -0.076) moved=true scan_age=0.050s
[ground_truth_amcl_monitor-7] [INFO] [1789012229.026670316] [ground_truth_amcl_monitor]: AMCL vs GT: gt=(-5.617, 0.178) amcl=(-5.613, 0.192) error=0.015 m / 0.000 rad; current_map=(-5.616, 0.188, 2.111) error=0.010 m / 0.000 rad; odom=(-6.193, 0.149, 2.111) error=0.577 m / 0.000 rad; ekf=(-6.193, 0.149, 2.111) error=0.577 m / 0.000 rad; RMS=0.100 m / 0.032 rad max=0.385 m / 0.170 rad samples=4073
[component_container-9] [INFO] [1789012229.339734131] [pure_pursuit_node]: Pure Pursuit: pose=(-5.982, 1.307, 1.726) cte=-0.022 closest=1879 target=1926 path_dist=0.022 heading_err=0.066 steer=0.005 speed=4.167
[gpu_amcl_cpp_node-6] [INFO] [1789012229.346865273] [gpu_amcl_cpp]: AMCL local correction: odom_prediction=(-5.953, 1.141, 1.764) scan=(-5.957, 1.133, 1.760) correction=0.009 m/0.004 rad cluster_weight=0.943 publish=true
[gpu_amcl_cpp_node-6] [INFO] [1789012229.990023303] [gpu_amcl_cpp]: AMCL odom delta: at_scan=(-0.782, -7.542, 3.088) baseline=(-0.557, -7.547, -3.131) delta=(-0.226, 0.005, -0.063) moved=true scan_age=0.049s
[ground_truth_amcl_monitor-7] [INFO] [1789012230.049586719] [ground_truth_amcl_monitor]: AMCL vs GT: gt=(-6.158, 4.189) amcl=(-6.164, 3.976) error=0.213 m / 0.080 rad; current_map=(-6.144, 4.185, 1.438) error=0.014 m / 0.000 rad; odom=(-6.722, 4.150, 1.438) error=0.565 m / 0.000 rad; ekf=(-6.742, 3.941, 1.518) error=0.634 m / 0.080 rad; RMS=0.101 m / 0.032 rad max=0.385 m / 0.170 rad samples=4112
[component_container-9] [INFO] [1789012230.365513518] [pure_pursuit_node]: Pure Pursuit: pose=(-5.784, 5.649, 1.184) cte=-0.032 closest=2099 target=2147 path_dist=0.032 heading_err=0.016 steer=-0.058 speed=2.856
[gpu_amcl_cpp_node-6] [INFO] [1789012230.372994278] [gpu_amcl_cpp]: AMCL local correction: odom_prediction=(-5.852, 5.457, 1.264) scan=(-5.844, 5.464, 1.264) correction=0.010 m/0.001 rad cluster_weight=0.992 publish=true
[gpu_amcl_cpp_node-6] [INFO] [1789012231.017014920] [gpu_amcl_cpp]: AMCL odom delta: at_scan=(-3.857, -6.206, 2.276) baseline=(-3.764, -6.310, 2.327) delta=(-0.093, 0.104, -0.050) moved=true scan_age=0.051s
[ground_truth_amcl_monitor-7] [INFO] [1789012231.067115148] [ground_truth_amcl_monitor]: AMCL vs GT: gt=(-4.745, 7.124) amcl=(-4.837, 7.030) error=0.131 m / 0.062 rad; current_map=(-4.720, 7.123, 0.643) error=0.025 m / 0.000 rad; odom=(-5.289, 7.109, 0.643) error=0.544 m / 0.000 rad; ekf=(-5.405, 7.016, 0.706) error=0.669 m / 0.062 rad; RMS=0.101 m / 0.032 rad max=0.385 m / 0.170 rad samples=4152
[component_container-9] [INFO] [1789012231.389472001] [pure_pursuit_node]: Pure Pursuit: pose=(-3.625, 7.569, 0.134) cte=0.001 closest=2250 target=2297 path_dist=0.001 heading_err=0.005 steer=-0.118 speed=3.471
[gpu_amcl_cpp_node-6] [INFO] [1789012231.396304952] [gpu_amcl_cpp]: AMCL local correction: odom_prediction=(-3.780, 7.543, 0.207) scan=(-3.774, 7.546, 0.207) correction=0.007 m/0.001 rad cluster_weight=0.981 publish=true
[gpu_amcl_cpp_node-6] [INFO] [1789012232.017024961] [gpu_amcl_cpp]: AMCL odom delta: at_scan=(-3.904, -3.029, 0.975) baseline=(-4.014, -3.203, 1.039) delta=(0.110, 0.174, -0.064) moved=true scan_age=0.050s
[ground_truth_amcl_monitor-7] [INFO] [1789012232.067681244] [ground_truth_amcl_monitor]: AMCL vs GT: gt=(-1.531, 6.963) amcl=(-1.689, 7.085) error=0.199 m / 0.084 rad; current_map=(-1.522, 6.962, -0.680) error=0.009 m / 0.000 rad; odom=(-2.062, 6.939, -0.680) error=0.531 m / 0.000 rad; ekf=(-2.062, 6.939, -0.680) error=0.531 m / 0.000 rad; RMS=0.101 m / 0.032 rad max=0.385 m / 0.170 rad samples=4190
[component_container-9] [INFO] [1789012232.389833272] [pure_pursuit_node]: Pure Pursuit: pose=(-0.484, 5.754, -0.958) cte=-0.026 closest=2442 target=2492 path_dist=0.026 heading_err=-0.044 steer=-0.108 speed=4.731
[gpu_amcl_cpp_node-6] [INFO] [1789012232.396657978] [gpu_amcl_cpp]: AMCL local correction: odom_prediction=(-0.622, 5.940, -0.933) scan=(-0.615, 5.930, -0.936) correction=0.012 m/0.003 rad cluster_weight=0.981 publish=true
[gpu_amcl_cpp_node-6] [INFO] [1789012232.441631673] [gpu_amcl_cpp]: Received LiDAR callback #2120 (1081 ranges).
[gpu_amcl_cpp_node-6] [INFO] [1789012232.441700302] [gpu_amcl_cpp]: Starting AMCL scan update #2120 (sampled from 1081 ranges).
[gpu_amcl_cpp_node-6] [WARN] [1789012232.491403323] [gpu_amcl_cpp]: Queued LiDAR scan until source-time odometry arrives (queued=1).
[gpu_amcl_cpp_node-6] [INFO] [1789012232.664606691] [gpu_amcl_cpp]: AMCL scan update #2125 completed; evaluating pose confidence.
[gpu_amcl_cpp_node-6] [WARN] [1789012233.021090218] [gpu_amcl_cpp]: No local AMCL cluster near odometry prediction; using causal odometry pose.
[gpu_amcl_cpp_node-6] [INFO] [1789012233.066447596] [gpu_amcl_cpp]: AMCL odom delta: at_scan=(0.307, -0.587, 0.269) baseline=(0.072, -0.650, 0.254) delta=(0.235, 0.063, 0.015) moved=true scan_age=0.051s
[ground_truth_amcl_monitor-7] [INFO] [1789012233.076714415] [ground_truth_amcl_monitor]: AMCL vs GT: gt=(0.730, 2.911) amcl=(0.732, 2.869) error=0.042 m / 0.000 rad; current_map=(0.732, 2.868, -1.302) error=0.043 m / 0.000 rad; odom=(0.214, 2.851, -1.302) error=0.520 m / 0.000 rad; ekf=(0.214, 2.851, -1.302) error=0.520 m / 0.000 rad; RMS=0.102 m / 0.032 rad max=0.385 m / 0.170 rad samples=4229
[component_container-9] [INFO] [1789012233.414973236] [pure_pursuit_node]: Pure Pursuit: pose=(1.188, 0.824, -1.408) cte=0.002 closest=117 target=169 path_dist=0.002 heading_err=-0.002 steer=-0.035 speed=5.795
[gpu_amcl_cpp_node-6] [INFO] [1789012233.421984573] [gpu_amcl_cpp]: AMCL local correction: odom_prediction=(1.144, 1.089, -1.441) scan=(1.126, 1.155, -1.453) correction=0.068 m/0.012 rad cluster_weight=0.943 publish=true
[gpu_amcl_cpp_node-6] [INFO] [1789012234.089833962] [gpu_amcl_cpp]: AMCL odom delta: at_scan=(5.737, 0.037, -0.187) baseline=(5.458, 0.078, -0.108) delta=(0.278, -0.041, -0.078) moved=true scan_age=0.050s
[ground_truth_amcl_monitor-7] [INFO] [1789012234.091298817] [ground_truth_amcl_monitor]: AMCL vs GT: gt=(1.367, -2.424) amcl=(1.398, -2.284) error=0.143 m / 0.078 rad; current_map=(1.357, -2.562, -1.757) error=0.138 m / 0.000 rad; odom=(0.837, -2.579, -1.757) error=0.553 m / 0.000 rad; ekf=(0.837, -2.579, -1.757) error=0.553 m / 0.000 rad; RMS=0.103 m / 0.032 rad max=0.385 m / 0.170 rad samples=4268
[component_container-9] [INFO] [1789012234.464741871] [pure_pursuit_node]: Pure Pursuit: pose=(1.032, -4.642, -1.813) cte=0.006 closest=392 target=444 path_dist=0.006 heading_err=0.072 steer=0.064 speed=5.774
[gpu_amcl_cpp_node-6] [INFO] [1789012234.471260442] [gpu_amcl_cpp]: AMCL local correction: odom_prediction=(1.090, -4.395, -1.772) scan=(1.100, -4.342, -1.773) correction=0.053 m/0.001 rad cluster_weight=0.938 publish=true
[gpu_amcl_cpp_node-6] [WARN] [1789012234.595584348] [gpu_amcl_cpp]: No local AMCL cluster near odometry prediction; using causal odometry pose.
[gpu_amcl_cpp_node-6] [INFO] [1789012234.819787895] [gpu_amcl_cpp]: AMCL recovery candidate: pose=(0.833, -6.139, -1.756) weight=0.865 stable_scans=1/3 odom_prediction=(0.794, -6.259).
[ground_truth_amcl_monitor-7] [INFO] [1789012235.098196321] [ground_truth_amcl_monitor]: AMCL vs GT: gt=(0.519, -7.131) amcl=(0.509, -7.297) error=0.166 m / 0.000 rad; current_map=(0.509, -7.307, -1.790) error=0.176 m / 0.000 rad; odom=(-0.029, -7.425, -1.790) error=0.622 m / 0.000 rad; ekf=(-0.029, -7.425, -1.790) error=0.622 m / 0.000 rad; RMS=0.103 m / 0.032 rad max=0.385 m / 0.170 rad samples=4305
[gpu_amcl_cpp_node-6] [INFO] [1789012235.140817422] [gpu_amcl_cpp]: AMCL odom delta: at_scan=(10.770, -0.870, -0.219) baseline=(10.582, -0.829, -0.219) delta=(0.188, -0.042, -0.000) moved=true scan_age=0.052s
[component_container-9] [INFO] [1789012235.490915229] [pure_pursuit_node]: Pure Pursuit: pose=(0.023, -8.786, -1.914) cte=0.024 closest=606 target=653 path_dist=0.024 heading_err=-0.037 steer=-0.093 speed=2.549
[gpu_amcl_cpp_node-6] [INFO] [1789012235.497570556] [gpu_amcl_cpp]: AMCL local correction: odom_prediction=(0.076, -8.629, -1.857) scan=(0.097, -8.548, -1.865) correction=0.084 m/0.008 rad cluster_weight=0.987 publish=true
[ground_truth_amcl_monitor-7] [INFO] [1789012236.099809907] [ground_truth_amcl_monitor]: AMCL vs GT: gt=(-0.657, -9.803) amcl=(-0.664, -9.811) error=0.011 m / 0.000 rad; current_map=(-0.673, -9.817, -2.476) error=0.021 m / 0.000 rad; odom=(-1.219, -10.121, -2.476) error=0.646 m / 0.000 rad; ekf=(-1.219, -10.121, -2.476) error=0.646 m / 0.000 rad; RMS=0.103 m / 0.032 rad max=0.385 m / 0.170 rad samples=4343
[gpu_amcl_cpp_node-6] [INFO] [1789012236.142244707] [gpu_amcl_cpp]: AMCL odom delta: at_scan=(13.352, -2.120, -0.991) baseline=(13.279, -2.019, -0.905) delta=(0.073, -0.102, -0.085) moved=true scan_age=0.054s
[component_container-9] [INFO] [1789012236.492180109] [pure_pursuit_node]: Pure Pursuit: pose=(-1.676, -10.050, 2.977) cte=0.020 closest=725 target=770 path_dist=0.020 heading_err=-0.087 steer=-0.294 speed=2.581
[gpu_amcl_cpp_node-6] [INFO] [1789012236.499990268] [gpu_amcl_cpp]: AMCL local correction: odom_prediction=(-1.554, -10.061, 3.067) scan=(-1.541, -10.053, 3.073) correction=0.015 m/0.006 rad cluster_weight=0.996 publish=true
[ground_truth_amcl_monitor-7] [INFO] [1789012237.116830440] [ground_truth_amcl_monitor]: AMCL vs GT: gt=(-2.746, -9.099) amcl=(-2.682, -9.199) error=0.119 m / 0.059 rad; current_map=(-2.759, -9.050, 2.019) error=0.050 m / 0.000 rad; odom=(-3.347, -9.409, 2.019) error=0.677 m / 0.000 rad; ekf=(-3.347, -9.409, 2.019) error=0.677 m / 0.000 rad; RMS=0.103 m / 0.033 rad max=0.385 m / 0.170 rad samples=4380
[gpu_amcl_cpp_node-6] [INFO] [1789012237.167508945] [gpu_amcl_cpp]: AMCL odom delta: at_scan=(12.420, -4.213, -2.742) baseline=(12.567, -4.147, -2.693) delta=(-0.146, -0.066, -0.049) moved=true scan_age=0.052s
[gpu_amcl_cpp_node-6] [INFO] [1789012237.492436813] [gpu_amcl_cpp]: Received LiDAR callback #2216 (1081 ranges).
[gpu_amcl_cpp_node-6] [INFO] [1789012237.492507506] [gpu_amcl_cpp]: Starting AMCL scan update #2216 (sampled from 1081 ranges).
[component_container-9] [INFO] [1789012237.541285997] [pure_pursuit_node]: Pure Pursuit: pose=(-3.152, -7.257, 1.577) cte=0.003 closest=894 target=943 path_dist=0.003 heading_err=0.030 steer=-0.027 speed=4.852
[gpu_amcl_cpp_node-6] [INFO] [1789012237.549856366] [gpu_amcl_cpp]: AMCL local correction: odom_prediction=(-3.144, -7.475, 1.612) scan=(-3.146, -7.491, 1.624) correction=0.016 m/0.012 rad cluster_weight=0.990 publish=true
[gpu_amcl_cpp_node-6] [INFO] [1789012237.715885190] [gpu_amcl_cpp]: AMCL scan update #2220 completed; evaluating pose confidence.
[ground_truth_amcl_monitor-7] [INFO] [1789012238.119790508] [ground_truth_amcl_monitor]: AMCL vs GT: gt=(-2.857, -4.829) amcl=(-2.878, -5.031) error=0.203 m / 0.017 rad; current_map=(-2.829, -4.787, 1.366) error=0.051 m / 0.000 rad; odom=(-3.445, -5.110, 1.366) error=0.652 m / 0.000 rad; ekf=(-3.445, -5.110, 1.366) error=0.652 m / 0.000 rad; RMS=0.103 m / 0.033 rad max=0.385 m / 0.170 rad samples=4418
[gpu_amcl_cpp_node-6] [INFO] [1789012238.188408573] [gpu_amcl_cpp]: AMCL odom delta: at_scan=(7.922, -4.157, 2.851) baseline=(8.268, -4.245, 2.936) delta=(-0.346, 0.088, -0.085) moved=true scan_age=0.051s
[component_container-9] [INFO] [1789012238.564567135] [pure_pursuit_node]: Pure Pursuit: pose=(-2.093, -2.404, 1.429) cte=0.049 closest=1143 target=1194 path_dist=0.049 heading_err=-0.119 steer=-0.068 speed=5.444
[gpu_amcl_cpp_node-6] [INFO] [1789012238.571492179] [gpu_amcl_cpp]: AMCL local correction: odom_prediction=(-2.130, -2.663, 1.386) scan=(-2.143, -2.674, 1.374) correction=0.018 m/0.012 rad cluster_weight=0.944 publish=true
[ground_truth_amcl_monitor-7] [INFO] [1789012239.141849236] [ground_truth_amcl_monitor]: AMCL vs GT: gt=(-1.532, 0.090) amcl=(-1.542, -0.001) error=0.092 m / 0.029 rad; current_map=(-1.510, 0.202, 1.404) error=0.114 m / 0.000 rad; odom=(-2.097, -0.096, 1.404) error=0.595 m / 0.000 rad; ekf=(-2.128, -0.299, 1.433) error=0.712 m / 0.029 rad; RMS=0.104 m / 0.033 rad max=0.385 m / 0.170 rad samples=4456
[gpu_amcl_cpp_node-6] [INFO] [1789012239.190791175] [gpu_amcl_cpp]: AMCL odom delta: at_scan=(3.064, -2.862, 2.939) baseline=(3.253, -2.898, 2.975) delta=(-0.190, 0.035, -0.036) moved=true scan_age=0.050s
[component_container-9] [INFO] [1789012239.614827885] [pure_pursuit_node]: Pure Pursuit: pose=(-1.279, 2.030, 1.496) cte=-0.016 closest=1369 target=1416 path_dist=0.016 heading_err=0.045 steer=0.136 speed=2.952
[gpu_amcl_cpp_node-6] [INFO] [1789012239.621468895] [gpu_amcl_cpp]: AMCL local correction: odom_prediction=(-1.292, 1.874, 1.466) scan=(-1.291, 1.868, 1.461) correction=0.006 m/0.004 rad cluster_weight=0.955 publish=true
[ground_truth_amcl_monitor-7] [INFO] [1789012240.166841451] [ground_truth_amcl_monitor]: AMCL vs GT: gt=(-1.434, 2.987) amcl=(-1.414, 3.035) error=0.052 m / 0.035 rad; current_map=(-1.440, 3.106, 1.933) error=0.119 m / 0.000 rad; odom=(-2.010, 2.869, 1.933) error=0.589 m / 0.000 rad; ekf=(-1.985, 2.799, 1.897) error=0.583 m / 0.035 rad; RMS=0.104 m / 0.033 rad max=0.385 m / 0.170 rad samples=4494
[gpu_amcl_cpp_node-6] [INFO] [1789012240.216444935] [gpu_amcl_cpp]: AMCL odom delta: at_scan=(0.203, -2.845, -2.740) baseline=(0.288, -2.811, -2.780) delta=(-0.086, -0.034, 0.040) moved=true scan_age=0.050s
[gpu_amcl_cpp_node-6] [WARN] [1789012240.265837591] [gpu_amcl_cpp]: Queued LiDAR scan until source-time odometry arrives (queued=1).
[component_container-9] [INFO] [1789012240.641390424] [pure_pursuit_node]: Pure Pursuit: pose=(-2.031, 3.744, 2.723) cte=-0.080 closest=1472 target=1515 path_dist=0.080 heading_err=0.145 steer=0.417 speed=1.757
[gpu_amcl_cpp_node-6] [INFO] [1789012240.649972154] [gpu_amcl_cpp]: AMCL local correction: odom_prediction=(-1.959, 3.694, 2.632) scan=(-1.940, 3.668, 2.625) correction=0.031 m/0.006 rad cluster_weight=0.977 publish=true
[ground_truth_amcl_monitor-7] [INFO] [1789012241.173619660] [ground_truth_amcl_monitor]: AMCL vs GT: gt=(-2.704, 3.590) amcl=(-2.737, 3.600) error=0.034 m / 0.000 rad; current_map=(-2.753, 3.606, -2.552) error=0.051 m / 0.000 rad; odom=(-3.368, 3.507, -2.552) error=0.669 m / 0.000 rad; ekf=(-3.368, 3.507, -2.552) error=0.669 m / 0.000 rad; RMS=0.104 m / 0.033 rad max=0.385 m / 0.170 rad samples=4531
[gpu_amcl_cpp_node-6] [INFO] [1789012241.267333916] [gpu_amcl_cpp]: AMCL odom delta: at_scan=(-0.228, -4.313, -0.762) baseline=(-0.294, -4.242, -0.870) delta=(0.067, -0.071, 0.108) moved=true scan_age=0.051s
[component_container-9] [INFO] [1789012241.661730770] [pure_pursuit_node]: Pure Pursuit: pose=(-3.191, 2.535, -1.722) cte=0.037 closest=1574 target=1620 path_dist=0.037 heading_err=0.034 steer=0.042 speed=3.273
[gpu_amcl_cpp_node-6] [INFO] [1789012241.669780660] [gpu_amcl_cpp]: AMCL local correction: odom_prediction=(-3.164, 2.671, -1.759) scan=(-3.149, 2.693, -1.765) correction=0.026 m/0.006 rad cluster_weight=0.954 publish=true
[ground_truth_amcl_monitor-7] [INFO] [1789012242.178700847] [ground_truth_amcl_monitor]: AMCL vs GT: gt=(-3.354, 1.067) amcl=(-3.345, 1.074) error=0.012 m / 0.000 rad; current_map=(-3.345, 1.072, -1.710) error=0.011 m / 0.000 rad; odom=(-4.037, 0.997, -1.710) error=0.686 m / 0.000 rad; ekf=(-4.037, 0.997, -1.710) error=0.686 m / 0.000 rad; RMS=0.104 m / 0.033 rad max=0.385 m / 0.170 rad samples=4569
[gpu_amcl_cpp_node-6] [INFO] [1789012242.290148967] [gpu_amcl_cpp]: AMCL odom delta: at_scan=(2.506, -4.905, -0.260) baseline=(2.373, -4.874, -0.204) delta=(0.133, -0.031, -0.055) moved=true scan_age=0.052s
[gpu_amcl_cpp_node-6] [INFO] [1789012242.539674730] [gpu_amcl_cpp]: Received LiDAR callback #2311 (1081 ranges).
[gpu_amcl_cpp_node-6] [INFO] [1789012242.539738660] [gpu_amcl_cpp]: Starting AMCL scan update #2311 (sampled from 1081 ranges).
[component_container-9] [INFO] [1789012242.689803238] [pure_pursuit_node]: Pure Pursuit: pose=(-3.810, -0.042, -2.312) cte=0.018 closest=1710 target=1753 path_dist=0.018 heading_err=0.020 steer=-0.228 speed=1.961
[gpu_amcl_cpp_node-6] [INFO] [1789012242.697209588] [gpu_amcl_cpp]: AMCL local correction: odom_prediction=(-3.746, 0.030, -2.246) scan=(-3.743, 0.045, -2.244) correction=0.015 m/0.002 rad cluster_weight=0.984 publish=true
[gpu_amcl_cpp_node-6] [INFO] [1789012242.741960475] [gpu_amcl_cpp]: AMCL scan update #2315 completed; evaluating pose confidence.
[ground_truth_amcl_monitor-7] [INFO] [1789012243.216846771] [ground_truth_amcl_monitor]: AMCL vs GT: gt=(-4.594, -0.458) amcl=(-4.496, -0.455) error=0.099 m / 0.099 rad; current_map=(-4.592, -0.470, -3.043) error=0.012 m / 0.000 rad; odom=(-5.305, -0.555, -3.043) error=0.717 m / 0.000 rad; ekf=(-5.208, -0.540, -2.944) error=0.620 m / 0.099 rad; RMS=0.103 m / 0.033 rad max=0.385 m / 0.170 rad samples=4608
[gpu_amcl_cpp_node-6] [INFO] [1789012243.339025673] [gpu_amcl_cpp]: AMCL odom delta: at_scan=(3.706, -6.337, -1.729) baseline=(3.717, -6.198, -1.576) delta=(-0.011, -0.139, -0.153) moved=true scan_age=0.051s
[component_container-9] [INFO] [1789012243.739507692] [pure_pursuit_node]: Pure Pursuit: pose=(-5.551, 0.050, 2.161) cte=-0.036 closest=1813 target=1857 path_dist=0.036 heading_err=-0.033 steer=-0.163 speed=2.853
[gpu_amcl_cpp_node-6] [INFO] [1789012243.746552952] [gpu_amcl_cpp]: AMCL local correction: odom_prediction=(-5.479, -0.035, 2.241) scan=(-5.478, -0.032, 2.237) correction=0.003 m/0.004 rad cluster_weight=0.958 publish=true
[ground_truth_amcl_monitor-7] [INFO] [1789012244.217843095] [ground_truth_amcl_monitor]: AMCL vs GT: gt=(-5.998, 1.285) amcl=(-5.949, 1.092) error=0.199 m / 0.035 rad; current_map=(-5.987, 1.273, 1.756) error=0.016 m / 0.000 rad; odom=(-6.722, 1.177, 1.756) error=0.731 m / 0.000 rad; ekf=(-6.722, 1.177, 1.756) error=0.731 m / 0.000 rad; RMS=0.103 m / 0.034 rad max=0.385 m / 0.170 rad samples=4646
[gpu_amcl_cpp_node-6] [INFO] [1789012244.339360292] [gpu_amcl_cpp]: AMCL odom delta: at_scan=(1.521, -7.593, -3.017) baseline=(1.792, -7.555, -2.987) delta=(-0.271, -0.038, -0.031) moved=true scan_age=0.052s
[component_container-9] [INFO] [1789012244.741617279] [pure_pursuit_node]: Pure Pursuit: pose=(-6.131, 3.794, 1.427) cte=0.012 closest=2004 target=2054 path_dist=0.012 heading_err=0.074 steer=0.032 speed=4.548
[gpu_amcl_cpp_node-6] [INFO] [1789012244.749838361] [gpu_amcl_cpp]: AMCL local correction: odom_prediction=(-6.161, 3.565, 1.476) scan=(-6.157, 3.554, 1.478) correction=0.011 m/0.002 rad cluster_weight=0.972 publish=true
[ground_truth_amcl_monitor-7] [INFO] [1789012245.241020657] [ground_truth_amcl_monitor]: AMCL vs GT: gt=(-5.777, 5.680) amcl=(-5.840, 5.468) error=0.221 m / 0.016 rad; current_map=(-5.766, 5.638, 1.153) error=0.044 m / 0.000 rad; odom=(-6.494, 5.564, 1.153) error=0.726 m / 0.000 rad; ekf=(-6.494, 5.564, 1.153) error=0.726 m / 0.000 rad; RMS=0.104 m / 0.034 rad max=0.385 m / 0.170 rad samples=4682
[gpu_amcl_cpp_node-6] [INFO] [1789012245.342163815] [gpu_amcl_cpp]: AMCL odom delta: at_scan=(-2.696, -7.168, 2.728) baseline=(-2.554, -7.230, 2.730) delta=(-0.142, 0.062, -0.002) moved=true scan_age=0.050s
[component_container-9] [INFO] [1789012245.741915290] [pure_pursuit_node]: Pure Pursuit: pose=(-4.928, 6.975, 0.741) cte=-0.009 closest=2178 target=2223 path_dist=0.009 heading_err=-0.019 steer=-0.147 speed=3.160
[gpu_amcl_cpp_node-6] [INFO] [1789012245.750016777] [gpu_amcl_cpp]: AMCL local correction: odom_prediction=(-5.033, 6.872, 0.802) scan=(-5.036, 6.870, 0.813) correction=0.004 m/0.011 rad cluster_weight=0.997 publish=true
[ground_truth_amcl_monitor-7] [INFO] [1789012246.267439224] [ground_truth_amcl_monitor]: AMCL vs GT: gt=(-3.589, 7.608) amcl=(-3.754, 7.573) error=0.168 m / 0.085 rad; current_map=(-3.579, 7.598, 0.098) error=0.015 m / 0.000 rad; odom=(-4.298, 7.484, 0.098) error=0.719 m / 0.000 rad; ekf=(-4.472, 7.460, 0.183) error=0.895 m / 0.085 rad; RMS=0.105 m / 0.034 rad max=0.385 m / 0.170 rad samples=4722
[gpu_amcl_cpp_node-6] [INFO] [1789012246.367460502] [gpu_amcl_cpp]: AMCL odom delta: at_scan=(-4.337, -4.757, 1.543) baseline=(-4.337, -4.927, 1.597) delta=(0.000, 0.169, -0.054) moved=true scan_age=0.051s
[component_container-9] [INFO] [1789012246.742553399] [pure_pursuit_node]: Pure Pursuit: pose=(-1.815, 7.181, -0.554) cte=-0.033 closest=2344 target=2392 path_dist=0.033 heading_err=-0.006 steer=-0.135 speed=4.118
[gpu_amcl_cpp_node-6] [INFO] [1789012246.797237057] [gpu_amcl_cpp]: AMCL local correction: odom_prediction=(-1.824, 7.183, -0.568) scan=(-1.816, 7.187, -0.573) correction=0.009 m/0.005 rad cluster_weight=0.977 publish=true
[ground_truth_amcl_monitor-7] [INFO] [1789012247.268739499] [ground_truth_amcl_monitor]: AMCL vs GT: gt=(-0.464, 5.704) amcl=(-0.593, 5.904) error=0.239 m / 0.030 rad; current_map=(-0.455, 5.700, -0.988) error=0.010 m / 0.000 rad; odom=(-1.163, 5.560, -0.988) error=0.714 m / 0.000 rad; ekf=(-1.163, 5.560, -0.988) error=0.714 m / 0.000 rad; RMS=0.105 m / 0.034 rad max=0.385 m / 0.170 rad samples=4760
[gpu_amcl_cpp_node-6] [INFO] [1789012247.390737781] [gpu_amcl_cpp]: AMCL odom delta: at_scan=(-1.879, -1.668, 0.455) baseline=(-2.095, -1.779, 0.499) delta=(0.216, 0.112, -0.044) moved=true scan_age=0.051s
[gpu_amcl_cpp_node-6] [INFO] [1789012247.540739341] [gpu_amcl_cpp]: Received LiDAR callback #2405 (1081 ranges).
[gpu_amcl_cpp_node-6] [INFO] [1789012247.540813711] [gpu_amcl_cpp]: Starting AMCL scan update #2405 (sampled from 1081 ranges).
[component_container-9] [INFO] [1789012247.827668822] [pure_pursuit_node]: Pure Pursuit: pose=(0.767, 2.885, -1.164) cte=-0.054 closest=12 target=65 path_dist=0.054 heading_err=-0.115 steer=-0.157 speed=4.613
[gpu_amcl_cpp_node-6] [INFO] [1789012247.830300301] [gpu_amcl_cpp]: AMCL scan update #2410 completed; evaluating pose confidence.
[gpu_amcl_cpp_node-6] [INFO] [1789012247.837069773] [gpu_amcl_cpp]: AMCL local correction: odom_prediction=(0.616, 3.262, -1.189) scan=(0.644, 3.290, -1.199) correction=0.039 m/0.010 rad cluster_weight=0.924 publish=true
[gpu_amcl_cpp_node-6] [WARN] [1789012247.895598854] [gpu_amcl_cpp]: No local AMCL cluster near odometry prediction; using causal odometry pose.
[ground_truth_amcl_monitor-7] [INFO] [1789012248.274411717] [ground_truth_amcl_monitor]: AMCL vs GT: gt=(1.221, 1.175) amcl=(1.205, 1.240) error=0.066 m / 0.000 rad; current_map=(1.205, 1.235, -1.499) error=0.061 m / 0.000 rad; odom=(0.504, 1.068, -1.499) error=0.725 m / 0.000 rad; ekf=(0.504, 1.068, -1.499) error=0.725 m / 0.000 rad; RMS=0.106 m / 0.034 rad max=0.499 m / 0.170 rad samples=4797
[gpu_amcl_cpp_node-6] [INFO] [1789012248.416367505] [gpu_amcl_cpp]: AMCL odom delta: at_scan=(2.756, -0.269, 0.060) baseline=(2.531, -0.279, 0.026) delta=(0.225, 0.010, 0.035) moved=true scan_age=0.050s
[component_container-9] [INFO] [1789012248.840193358] [pure_pursuit_node]: Pure Pursuit: pose=(1.382, -1.959, -1.645) cte=-0.033 closest=257 target=310 path_dist=0.033 heading_err=0.030 steer=-0.010 speed=5.834
[gpu_amcl_cpp_node-6] [INFO] [1789012248.847486605] [gpu_amcl_cpp]: AMCL local correction: odom_prediction=(1.410, -1.667, -1.580) scan=(1.421, -1.658, -1.579) correction=0.015 m/0.001 rad cluster_weight=0.931 publish=true
[ground_truth_amcl_monitor-7] [INFO] [1789012249.276634106] [ground_truth_amcl_monitor]: AMCL vs GT: gt=(1.199, -3.996) amcl=(1.205, -3.982) error=0.016 m / 0.000 rad; current_map=(1.204, -3.985, -1.817) error=0.012 m / 0.000 rad; odom=(0.474, -4.150, -1.817) error=0.741 m / 0.000 rad; ekf=(0.474, -4.150, -1.817) error=0.741 m / 0.000 rad; RMS=0.107 m / 0.034 rad max=0.499 m / 0.170 rad samples=4835
[gpu_amcl_cpp_node-6] [INFO] [1789012249.465128312] [gpu_amcl_cpp]: AMCL odom delta: at_scan=(8.395, -0.606, -0.229) baseline=(8.124, -0.541, -0.239) delta=(0.271, -0.065, 0.010) moved=true scan_age=0.049s
[component_container-9] [INFO] [1789012249.840395126] [pure_pursuit_node]: Pure Pursuit: pose=(0.565, -6.955, -1.685) cte=-0.001 closest=510 target=558 path_dist=0.001 heading_err=-0.115 steer=-0.102 speed=4.141
[gpu_amcl_cpp_node-6] [INFO] [1789012249.848486705] [gpu_amcl_cpp]: AMCL local correction: odom_prediction=(0.586, -6.787, -1.753) scan=(0.583, -6.793, -1.752) correction=0.006 m/0.000 rad cluster_weight=0.953 publish=true
[ground_truth_amcl_monitor-7] [INFO] [1789012250.289510353] [ground_truth_amcl_monitor]: AMCL vs GT: gt=(0.242, -8.427) amcl=(0.301, -8.279) error=0.160 m / 0.048 rad; current_map=(0.249, -8.424, -1.940) error=0.008 m / 0.000 rad; odom=(-0.497, -8.638, -1.940) error=0.768 m / 0.000 rad; ekf=(-0.497, -8.638, -1.940) error=0.768 m / 0.000 rad; RMS=0.108 m / 0.034 rad max=0.499 m / 0.170 rad samples=4872
[gpu_amcl_cpp_node-6] [INFO] [1789012250.491685940] [gpu_amcl_cpp]: AMCL odom delta: at_scan=(12.306, -1.534, -0.454) baseline=(12.185, -1.474, -0.458) delta=(0.122, -0.060, 0.004) moved=true scan_age=0.051s
[component_container-9] [INFO] [1789012250.866178137] [pure_pursuit_node]: Pure Pursuit: pose=(-0.586, -9.808, -2.423) cte=0.007 closest=666 target=711 path_dist=0.007 heading_err=0.015 steer=-0.257 speed=2.519
[gpu_amcl_cpp_node-6] [INFO] [1789012250.873847622] [gpu_amcl_cpp]: AMCL local correction: odom_prediction=(-0.499, -9.724, -2.323) scan=(-0.501, -9.723, -2.312) correction=0.002 m/0.011 rad cluster_weight=0.998 publish=true
[ground_truth_amcl_monitor-7] [INFO] [1789012251.339141898] [ground_truth_amcl_monitor]: AMCL vs GT: gt=(-1.530, -10.157) amcl=(-1.360, -10.139) error=0.171 m / 0.152 rad; current_map=(-1.529, -10.132, 3.029) error=0.025 m / 0.000 rad; odom=(-2.300, -10.364, 3.029) error=0.797 m / 0.000 rad; ekf=(-2.300, -10.364, 3.029) error=0.797 m / 0.000 rad; RMS=0.108 m / 0.034 rad max=0.499 m / 0.170 rad samples=4910
[gpu_amcl_cpp_node-6] [INFO] [1789012251.492587966] [gpu_amcl_cpp]: AMCL odom delta: at_scan=(13.427, -3.457, -1.976) baseline=(13.470, -3.340, -1.881) delta=(-0.044, -0.117, -0.095) moved=true scan_age=0.052s
[component_container-9] [INFO] [1789012251.889621889] [pure_pursuit_node]: Pure Pursuit: pose=(-2.690, -9.214, 2.051) cte=-0.037 closest=793 target=838 path_dist=0.037 heading_err=0.018 steer=-0.084 speed=3.472
[gpu_amcl_cpp_node-6] [INFO] [1789012251.896482212] [gpu_amcl_cpp]: AMCL local correction: odom_prediction=(-2.620, -9.341, 2.116) scan=(-2.631, -9.326, 2.116) correction=0.018 m/0.000 rad cluster_weight=0.965 publish=true
[ground_truth_amcl_monitor-7] [INFO] [1789012252.341457853] [ground_truth_amcl_monitor]: AMCL vs GT: gt=(-3.109, -7.873) amcl=(-3.080, -8.049) error=0.178 m / 0.048 rad; current_map=(-3.111, -7.833, 1.690) error=0.040 m / 0.000 rad; odom=(-3.892, -8.066, 1.690) error=0.806 m / 0.000 rad; ekf=(-3.892, -8.066, 1.690) error=0.806 m / 0.000 rad; RMS=0.108 m / 0.034 rad max=0.499 m / 0.170 rad samples=4946
[gpu_amcl_cpp_node-6] [INFO] [1789012252.541666340] [gpu_amcl_cpp]: Received LiDAR callback #2497 (1081 ranges).
[gpu_amcl_cpp_node-6] [INFO] [1789012252.541742674] [gpu_amcl_cpp]: AMCL odom delta: at_scan=(10.365, -4.747, -3.125) baseline=(10.588, -4.740, -3.096) delta=(-0.224, -0.007, -0.029) moved=true scan_age=0.051s
[gpu_amcl_cpp_node-6] [INFO] [1789012252.541768402] [gpu_amcl_cpp]: Starting AMCL scan update #2497 (sampled from 1081 ranges).
[gpu_amcl_cpp_node-6] [INFO] [1789012252.843069193] [gpu_amcl_cpp]: AMCL scan update #2503 completed; evaluating pose confidence.
[component_container-9] [INFO] [1789012252.891353585] [pure_pursuit_node]: Pure Pursuit: pose=(-2.880, -4.976, 1.383) cte=-0.011 closest=1009 target=1060 path_dist=0.011 heading_err=-0.087 steer=-0.086 speed=5.161
[gpu_amcl_cpp_node-6] [INFO] [1789012252.899038458] [gpu_amcl_cpp]: AMCL local correction: odom_prediction=(-2.927, -5.232, 1.380) scan=(-2.917, -5.238, 1.375) correction=0.012 m/0.005 rad cluster_weight=0.947 publish=true
[ground_truth_amcl_monitor-7] [INFO] [1789012253.368849068] [ground_truth_amcl_monitor]: AMCL vs GT: gt=(-2.267, -2.964) amcl=(-2.280, -3.150) error=0.186 m / 0.058 rad; current_map=(-2.228, -2.885, 1.406) error=0.089 m / 0.000 rad; odom=(-3.031, -3.097, 1.406) error=0.775 m / 0.000 rad; ekf=(-3.083, -3.362, 1.348) error=0.908 m / 0.058 rad; RMS=0.109 m / 0.034 rad max=0.499 m / 0.170 rad samples=4984
[gpu_amcl_cpp_node-6] [WARN] [1789012253.489444351] [gpu_amcl_cpp]: Queued LiDAR scan until source-time odometry arrives (queued=1).
[gpu_amcl_cpp_node-6] [INFO] [1789012253.543093453] [gpu_amcl_cpp]: AMCL odom delta: at_scan=(5.319, -3.648, 2.872) baseline=(5.607, -3.719, 2.932) delta=(-0.288, 0.070, -0.060) moved=true scan_age=0.053s
[component_container-9] [INFO] [1789012253.939764444] [pure_pursuit_node]: Pure Pursuit: pose=(-1.525, 0.198, 1.304) cte=-0.007 closest=1276 target=1325 path_dist=0.007 heading_err=0.070 steer=0.092 speed=3.897
[gpu_amcl_cpp_node-6] [INFO] [1789012253.946454406] [gpu_amcl_cpp]: AMCL local correction: odom_prediction=(-1.578, -0.001, 1.364) scan=(-1.584, -0.011, 1.357) correction=0.012 m/0.007 rad cluster_weight=0.943 publish=true
[ground_truth_amcl_monitor-7] [INFO] [1789012254.396218743] [ground_truth_amcl_monitor]: AMCL vs GT: gt=(-1.301, 1.547) amcl=(-1.318, 1.464) error=0.084 m / 0.007 rad; current_map=(-1.292, 1.632, 1.419) error=0.085 m / 0.000 rad; odom=(-2.052, 1.439, 1.419) error=0.759 m / 0.000 rad; ekf=(-2.052, 1.439, 1.419) error=0.759 m / 0.000 rad; RMS=0.109 m / 0.034 rad max=0.499 m / 0.170 rad samples=5022
[gpu_amcl_cpp_node-6] [INFO] [1789012254.565788306] [gpu_amcl_cpp]: AMCL odom delta: at_scan=(1.148, -2.823, -3.080) baseline=(1.312, -2.818, 3.134) delta=(-0.164, -0.004, 0.070) moved=true scan_age=0.051s
[component_container-9] [INFO] [1789012254.941689533] [pure_pursuit_node]: Pure Pursuit: pose=(-1.427, 3.113, 1.936) cte=-0.009 closest=1424 target=1467 path_dist=0.009 heading_err=-0.012 steer=0.211 speed=1.955
[gpu_amcl_cpp_node-6] [INFO] [1789012254.949215578] [gpu_amcl_cpp]: AMCL local correction: odom_prediction=(-1.391, 3.018, 1.893) scan=(-1.395, 2.998, 1.898) correction=0.021 m/0.004 rad cluster_weight=0.983 publish=true
[ground_truth_amcl_monitor-7] [INFO] [1789012255.419429305] [ground_truth_amcl_monitor]: AMCL vs GT: gt=(-1.888, 3.646) amcl=(-1.821, 3.656) error=0.068 m / 0.092 rad; current_map=(-1.897, 3.709, 2.580) error=0.064 m / 0.000 rad; odom=(-2.660, 3.558, 2.580) error=0.777 m / 0.000 rad; ekf=(-2.660, 3.558, 2.580) error=0.777 m / 0.000 rad; RMS=0.109 m / 0.034 rad max=0.499 m / 0.170 rad samples=5058
[gpu_amcl_cpp_node-6] [INFO] [1789012255.593152069] [gpu_amcl_cpp]: AMCL odom delta: at_scan=(-0.514, -3.737, -1.787) baseline=(-0.489, -3.648, -1.895) delta=(-0.025, -0.089, 0.108) moved=true scan_age=0.052s
[component_container-9] [INFO] [1789012255.987224533] [pure_pursuit_node]: Pure Pursuit: pose=(-2.888, 3.549, -2.335) cte=0.000 closest=1521 target=1564 path_dist=0.000 heading_err=0.116 steer=0.319 speed=2.193
[gpu_amcl_cpp_node-6] [INFO] [1789012255.995081410] [gpu_amcl_cpp]: AMCL local correction: odom_prediction=(-2.802, 3.603, -2.449) scan=(-2.750, 3.624, -2.480) correction=0.056 m/0.031 rad cluster_weight=0.976 publish=true
[ground_truth_amcl_monitor-7] [INFO] [1789012256.442102176] [ground_truth_amcl_monitor]: AMCL vs GT: gt=(-3.176, 2.734) amcl=(-3.140, 2.815) error=0.088 m / 0.042 rad; current_map=(-3.167, 2.684, -1.751) error=0.051 m / 0.000 rad; odom=(-4.038, 2.624, -1.751) error=0.869 m / 0.000 rad; ekf=(-4.038, 2.624, -1.751) error=0.869 m / 0.000 rad; RMS=0.108 m / 0.035 rad max=0.499 m / 0.171 rad samples=5096
[gpu_amcl_cpp_node-6] [INFO] [1789012256.662436967] [gpu_amcl_cpp]: AMCL odom delta: at_scan=(1.200, -4.924, -0.097) baseline=(0.968, -4.900, -0.114) delta=(0.232, -0.025, 0.016) moved=true scan_age=0.050s
[component_container-9] [INFO] [1789012257.014708472] [pure_pursuit_node]: Pure Pursuit: pose=(-3.425, 0.736, -1.846) cte=0.029 closest=1665 target=1711 path_dist=0.029 heading_err=0.029 steer=-0.126 speed=2.292
[gpu_amcl_cpp_node-6] [INFO] [1789012257.021478294] [gpu_amcl_cpp]: AMCL local correction: odom_prediction=(-3.390, 0.865, -1.802) scan=(-3.390, 0.890, -1.797) correction=0.025 m/0.005 rad cluster_weight=0.983 publish=true
[ground_truth_amcl_monitor-7] [INFO] [1789012257.467533395] [ground_truth_amcl_monitor]: AMCL vs GT: gt=(-3.724, 0.102) amcl=(-3.674, 0.159) error=0.076 m / 0.040 rad; current_map=(-3.717, 0.096, -2.184) error=0.009 m / 0.000 rad; odom=(-4.594, 0.004, -2.184) error=0.876 m / 0.000 rad; ekf=(-4.594, 0.004, -2.184) error=0.876 m / 0.000 rad; RMS=0.108 m / 0.035 rad max=0.499 m / 0.171 rad samples=5134
[gpu_amcl_cpp_node-6] [INFO] [1789012257.568290357] [gpu_amcl_cpp]: Received LiDAR callback #2590 (1081 ranges).
[gpu_amcl_cpp_node-6] [INFO] [1789012257.568366600] [gpu_amcl_cpp]: Starting AMCL scan update #2590 (sampled from 1081 ranges).
[gpu_amcl_cpp_node-6] [INFO] [1789012257.688333922] [gpu_amcl_cpp]: AMCL odom delta: at_scan=(3.465, -5.680, -0.893) baseline=(3.401, -5.605, -0.821) delta=(0.065, -0.075, -0.072) moved=true scan_age=0.050s
[gpu_amcl_cpp_node-6] [INFO] [1789012257.864745022] [gpu_amcl_cpp]: AMCL scan update #2595 completed; evaluating pose confidence.
[component_container-9] [INFO] [1789012258.017387699] [pure_pursuit_node]: Pure Pursuit: pose=(-4.634, -0.470, -3.106) cte=0.010 closest=1758 target=1801 path_dist=0.010 heading_err=0.104 steer=-0.343 speed=1.970
[gpu_amcl_cpp_node-6] [INFO] [1789012258.026075729] [gpu_amcl_cpp]: AMCL local correction: odom_prediction=(-4.539, -0.465, -3.005) scan=(-4.541, -0.455, -3.004) correction=0.010 m/0.001 rad cluster_weight=0.987 publish=true
[ground_truth_amcl_monitor-7] [INFO] [1789012258.474532217] [ground_truth_amcl_monitor]: AMCL vs GT: gt=(-5.333, -0.181) amcl=(-5.321, -0.188) error=0.014 m / 0.000 rad; current_map=(-5.321, -0.191, 2.422) error=0.015 m / 0.000 rad; odom=(-6.258, -0.302, 2.422) error=0.932 m / 0.000 rad; ekf=(-6.258, -0.302, 2.422) error=0.932 m / 0.000 rad; RMS=0.108 m / 0.035 rad max=0.499 m / 0.171 rad samples=5171
[gpu_amcl_cpp_node-6] [WARN] [1789012258.667415327] [gpu_amcl_cpp]: Queued LiDAR scan until source-time odometry arrives (queued=1).
[gpu_amcl_cpp_node-6] [INFO] [1789012258.738811868] [gpu_amcl_cpp]: AMCL odom delta: at_scan=(2.931, -7.441, -2.703) baseline=(3.099, -7.352, -2.608) delta=(-0.168, -0.089, -0.095) moved=true scan_age=0.051s
[component_container-9] [INFO] [1789012259.064875621] [pure_pursuit_node]: Pure Pursuit: pose=(-6.053, 1.567, 1.767) cte=-0.039 closest=1893 target=1941 path_dist=0.039 heading_err=-0.008 steer=-0.083 speed=4.391
[gpu_amcl_cpp_node-6] [INFO] [1789012259.071504940] [gpu_amcl_cpp]: AMCL local correction: odom_prediction=(-6.010, 1.368, 1.789) scan=(-6.015, 1.357, 1.781) correction=0.013 m/0.007 rad cluster_weight=0.958 publish=true
[ground_truth_amcl_monitor-7] [INFO] [1789012259.475686696] [ground_truth_amcl_monitor]: AMCL vs GT: gt=(-6.192, 3.120) amcl=(-6.180, 3.111) error=0.015 m / 0.000 rad; current_map=(-6.182, 3.112, 1.637) error=0.013 m / 0.000 rad; odom=(-7.112, 3.004, 1.637) error=0.927 m / 0.000 rad; ekf=(-7.112, 3.004, 1.637) error=0.927 m / 0.000 rad; RMS=0.108 m / 0.035 rad max=0.499 m / 0.171 rad samples=5209
[gpu_amcl_cpp_node-6] [INFO] [1789012259.790876538] [gpu_amcl_cpp]: AMCL odom delta: at_scan=(-1.204, -7.805, 3.013) baseline=(-1.033, -7.828, 3.006) delta=(-0.171, 0.023, 0.007) moved=true scan_age=0.052s
[component_container-9] [INFO] [1789012260.089647289] [pure_pursuit_node]: Pure Pursuit: pose=(-5.703, 5.759, 1.170) cte=0.001 closest=2105 target=2153 path_dist=0.001 heading_err=0.001 steer=-0.075 speed=2.856
[gpu_amcl_cpp_node-6] [INFO] [1789012260.096119782] [gpu_amcl_cpp]: AMCL local correction: odom_prediction=(-5.772, 5.594, 1.174) scan=(-5.784, 5.541, 1.165) correction=0.054 m/0.009 rad cluster_weight=0.989 publish=true
[ground_truth_amcl_monitor-7] [INFO] [1789012260.475928649] [ground_truth_amcl_monitor]: AMCL vs GT: gt=(-5.343, 6.428) amcl=(-5.289, 6.491) error=0.082 m / 0.000 rad; current_map=(-5.289, 6.501, 0.970) error=0.090 m / 0.000 rad; odom=(-6.202, 6.491, 0.970) error=0.862 m / 0.000 rad; ekf=(-6.202, 6.491, 0.970) error=0.862 m / 0.000 rad; RMS=0.109 m / 0.035 rad max=0.499 m / 0.171 rad samples=5247
[gpu_amcl_cpp_node-6] [INFO] [1789012260.790958860] [gpu_amcl_cpp]: AMCL odom delta: at_scan=(-4.000, -6.368, 2.199) baseline=(-3.912, -6.483, 2.250) delta=(-0.088, 0.115, -0.051) moved=true scan_age=0.050s
[component_container-9] [INFO] [1789012261.089788703] [pure_pursuit_node]: Pure Pursuit: pose=(-3.656, 7.555, 0.191) cte=0.010 closest=2249 target=2295 path_dist=0.010 heading_err=-0.039 steer=-0.150 speed=3.471
[gpu_amcl_cpp_node-6] [INFO] [1789012261.096163022] [gpu_amcl_cpp]: AMCL local correction: odom_prediction=(-3.817, 7.518, 0.256) scan=(-3.838, 7.516, 0.261) correction=0.021 m/0.005 rad cluster_weight=0.986 publish=true
[ground_truth_amcl_monitor-7] [INFO] [1789012261.514495943] [ground_truth_amcl_monitor]: AMCL vs GT: gt=(-2.425, 7.459) amcl=(-2.638, 7.534) error=0.225 m / 0.088 rad; current_map=(-2.398, 7.459, -0.344) error=0.028 m / 0.000 rad; odom=(-3.274, 7.513, -0.344) error=0.850 m / 0.000 rad; ekf=(-3.514, 7.588, -0.255) error=1.096 m / 0.088 rad; RMS=0.108 m / 0.035 rad max=0.499 m / 0.171 rad samples=5286
[gpu_amcl_cpp_node-6] [INFO] [1789012261.841112486] [gpu_amcl_cpp]: AMCL odom delta: at_scan=(-3.703, -3.025, 0.821) baseline=(-3.836, -3.175, 0.871) delta=(0.133, 0.150, -0.049) moved=true scan_age=0.051s
[component_container-9] [INFO] [1789012262.111402812] [pure_pursuit_node]: Pure Pursuit: pose=(-0.459, 5.686, -1.078) cte=-0.011 closest=2445 target=2496 path_dist=0.011 heading_err=0.060 steer=0.017 speed=4.597
[gpu_amcl_cpp_node-6] [INFO] [1789012262.118992025] [gpu_amcl_cpp]: AMCL local correction: odom_prediction=(-0.577, 5.892, -0.973) scan=(-0.595, 5.921, -0.967) correction=0.034 m/0.006 rad cluster_weight=0.967 publish=true
[ground_truth_amcl_monitor-7] [INFO] [1789012262.538597229] [ground_truth_amcl_monitor]: AMCL vs GT: gt=(0.317, 4.177) amcl=(0.220, 4.355) error=0.202 m / 0.021 rad; current_map=(0.323, 4.137, -1.139) error=0.041 m / 0.000 rad; odom=(-0.505, 4.179, -1.139) error=0.822 m / 0.000 rad; ekf=(-0.608, 4.397, -1.118) error=0.951 m / 0.021 rad; RMS=0.109 m / 0.035 rad max=0.499 m / 0.171 rad samples=5324
[gpu_amcl_cpp_node-6] [INFO] [1789012262.588626864] [gpu_amcl_cpp]: Received LiDAR callback #2685 (1081 ranges).
[gpu_amcl_cpp_node-6] [INFO] [1789012262.588702336] [gpu_amcl_cpp]: Starting AMCL scan update #2685 (sampled from 1081 ranges).
[gpu_amcl_cpp_node-6] [INFO] [1789012262.841646407] [gpu_amcl_cpp]: AMCL odom delta: at_scan=(0.239, -0.879, 0.247) baseline=(0.024, -0.934, 0.260) delta=(0.214, 0.055, -0.013) moved=true scan_age=0.051s
[gpu_amcl_cpp_node-6] [INFO] [1789012262.891694777] [gpu_amcl_cpp]: AMCL scan update #2691 completed; evaluating pose confidence.
[component_container-9] [INFO] [1789012263.115450442] [pure_pursuit_node]: Pure Pursuit: pose=(1.157, 1.297, -1.303) cte=-0.050 closest=94 target=146 path_dist=0.050 heading_err=-0.076 steer=-0.114 speed=4.722
[gpu_amcl_cpp_node-6] [INFO] [1789012263.123442674] [gpu_amcl_cpp]: AMCL local correction: odom_prediction=(1.072, 1.579, -1.357) scan=(1.062, 1.601, -1.369) correction=0.024 m/0.012 rad cluster_weight=0.916 publish=true
[gpu_amcl_cpp_node-6] [WARN] [1789012263.494640003] [gpu_amcl_cpp]: No local AMCL cluster near odometry prediction; using causal odometry pose.
[ground_truth_amcl_monitor-7] [INFO] [1789012263.541765806] [ground_truth_amcl_monitor]: AMCL vs GT: gt=(1.431, -0.352) amcl=(1.373, -0.134) error=0.226 m / 0.031 rad; current_map=(1.396, -0.345, -1.478) error=0.036 m / 0.000 rad; odom=(0.580, -0.149, -1.448) error=0.875 m / 0.031 rad; ekf=(0.580, -0.149, -1.448) error=0.875 m / 0.031 rad; RMS=0.109 m / 0.035 rad max=0.499 m / 0.171 rad samples=5362
[gpu_amcl_cpp_node-6] [INFO] [1789012263.890971925] [gpu_amcl_cpp]: AMCL odom delta: at_scan=(5.050, -0.192, -0.045) baseline=(4.813, -0.184, -0.026) delta=(0.237, -0.008, -0.019) moved=true scan_age=0.050s
[component_container-9] [INFO] [1789012264.167284387] [pure_pursuit_node]: Pure Pursuit: pose=(1.311, -3.298, -1.672) cte=-0.074 closest=324 target=373 path_dist=0.074 heading_err=-0.018 steer=-0.098 speed=5.110
[gpu_amcl_cpp_node-6] [INFO] [1789012264.175111849] [gpu_amcl_cpp]: AMCL local correction: odom_prediction=(1.340, -3.047, -1.710) scan=(1.345, -2.990, -1.709) correction=0.058 m/0.001 rad cluster_weight=0.936 publish=true
[ground_truth_amcl_monitor-7] [INFO] [1789012264.564677275] [ground_truth_amcl_monitor]: AMCL vs GT: gt=(0.928, -4.856) amcl=(0.996, -4.745) error=0.130 m / 0.004 rad; current_map=(0.925, -5.025, -1.815) error=0.168 m / 0.000 rad; odom=(0.067, -5.040, -1.815) error=0.881 m / 0.000 rad; ekf=(0.137, -4.760, -1.818) error=0.797 m / 0.004 rad; RMS=0.110 m / 0.035 rad max=0.499 m / 0.171 rad samples=5400
[gpu_amcl_cpp_node-6] [WARN] [1789012264.569883577] [gpu_amcl_cpp]: No local AMCL cluster near odometry prediction; using causal odometry pose.
[gpu_amcl_cpp_node-6] [INFO] [1789012264.913939680] [gpu_amcl_cpp]: AMCL odom delta: at_scan=(9.911, -1.063, -0.154) baseline=(9.704, -1.031, -0.147) delta=(0.206, -0.031, -0.007) moved=true scan_age=0.051s
[component_container-9] [INFO] [1789012265.215422842] [pure_pursuit_node]: Pure Pursuit: pose=(0.325, -8.002, -1.905) cte=-0.020 closest=564 target=612 path_dist=0.020 heading_err=0.061 steer=0.022 speed=3.566
[gpu_amcl_cpp_node-6] [INFO] [1789012265.223813653] [gpu_amcl_cpp]: AMCL local correction: odom_prediction=(0.384, -7.812, -1.818) scan=(0.396, -7.742, -1.822) correction=0.070 m/0.003 rad cluster_weight=0.961 publish=true
[ground_truth_amcl_monitor-7] [INFO] [1789012265.614295483] [ground_truth_amcl_monitor]: AMCL vs GT: gt=(-0.017, -8.904) amcl=(0.042, -8.800) error=0.119 m / 0.012 rad; current_map=(-0.025, -8.954, -1.987) error=0.051 m / 0.000 rad; odom=(-0.885, -9.115, -1.987) error=0.893 m / 0.000 rad; ekf=(-0.885, -9.115, -1.987) error=0.893 m / 0.000 rad; RMS=0.110 m / 0.035 rad max=0.499 m / 0.171 rad samples=5438
[gpu_amcl_cpp_node-6] [INFO] [1789012265.941664040] [gpu_amcl_cpp]: AMCL odom delta: at_scan=(12.940, -2.043, -0.623) baseline=(12.840, -1.975, -0.570) delta=(0.100, -0.068, -0.053) moved=true scan_age=0.051s
[component_container-9] [INFO] [1789012266.263427195] [pure_pursuit_node]: Pure Pursuit: pose=(-1.111, -10.078, -2.886) cte=-0.001 closest=696 target=741 path_dist=0.001 heading_err=-0.043 steer=-0.280 speed=2.519
[gpu_amcl_cpp_node-6] [INFO] [1789012266.270998865] [gpu_amcl_cpp]: AMCL local correction: odom_prediction=(-0.983, -10.034, -2.789) scan=(-0.963, -10.019, -2.789) correction=0.025 m/0.000 rad cluster_weight=1.000 publish=true
[ground_truth_amcl_monitor-7] [INFO] [1789012266.668441416] [ground_truth_amcl_monitor]: AMCL vs GT: gt=(-1.914, -9.998) amcl=(-1.766, -10.027) error=0.151 m / 0.162 rad; current_map=(-1.935, -9.964, 2.703) error=0.040 m / 0.000 rad; odom=(-2.834, -10.239, 2.703) error=0.951 m / 0.000 rad; ekf=(-2.834, -10.239, 2.703) error=0.951 m / 0.000 rad; RMS=0.109 m / 0.035 rad max=0.499 m / 0.171 rad samples=5476
[gpu_amcl_cpp_node-6] [INFO] [1789012266.992348734] [gpu_amcl_cpp]: AMCL odom delta: at_scan=(12.818, -4.278, -2.525) baseline=(12.932, -4.193, -2.471) delta=(-0.114, -0.085, -0.054) moved=true scan_age=0.051s
[component_container-9] [INFO] [1789012267.290713581] [pure_pursuit_node]: Pure Pursuit: pose=(-3.023, -8.287, 1.812) cte=-0.007 closest=842 target=889 path_dist=0.007 heading_err=0.014 steer=-0.073 speed=4.247
[gpu_amcl_cpp_node-6] [INFO] [1789012267.297336377] [gpu_amcl_cpp]: AMCL local correction: odom_prediction=(-2.973, -8.466, 1.850) scan=(-2.972, -8.460, 1.856) correction=0.007 m/0.006 rad cluster_weight=0.978 publish=true
[gpu_amcl_cpp_node-6] [INFO] [1789012267.613117571] [gpu_amcl_cpp]: Received LiDAR callback #2778 (1081 ranges).
[gpu_amcl_cpp_node-6] [INFO] [1789012267.613189296] [gpu_amcl_cpp]: Starting AMCL scan update #2778 (sampled from 1081 ranges).
[ground_truth_amcl_monitor-7] [INFO] [1789012267.672831720] [ground_truth_amcl_monitor]: AMCL vs GT: gt=(-3.155, -6.966) amcl=(-3.150, -6.943) error=0.024 m / 0.000 rad; current_map=(-3.154, -6.930, 1.547) error=0.036 m / 0.000 rad; odom=(-4.081, -7.201, 1.547) error=0.956 m / 0.000 rad; ekf=(-4.081, -7.201, 1.547) error=0.956 m / 0.000 rad; RMS=0.109 m / 0.035 rad max=0.499 m / 0.171 rad samples=5515
[gpu_amcl_cpp_node-6] [INFO] [1789012267.940217373] [gpu_amcl_cpp]: AMCL scan update #2784 completed; evaluating pose confidence.
[gpu_amcl_cpp_node-6] [INFO] [1789012267.994018471] [gpu_amcl_cpp]: AMCL odom delta: at_scan=(8.766, -4.698, 2.859) baseline=(9.019, -4.763, 2.916) delta=(-0.252, 0.066, -0.058) moved=true scan_age=0.055s
[component_container-9] [INFO] [1789012268.336471990] [pure_pursuit_node]: Pure Pursuit: pose=(-2.443, -3.386, 1.264) cte=-0.031 closest=1091 target=1143 path_dist=0.031 heading_err=0.036 steer=0.028 speed=5.465
[gpu_amcl_cpp_node-6] [INFO] [1789012268.344900181] [gpu_amcl_cpp]: AMCL local correction: odom_prediction=(-2.525, -3.650, 1.350) scan=(-2.521, -3.681, 1.374) correction=0.031 m/0.023 rad cluster_weight=0.907 publish=true
[gpu_amcl_cpp_node-6] [WARN] [1789012268.645670222] [gpu_amcl_cpp]: No local AMCL cluster near odometry prediction; using causal odometry pose.
[ground_truth_amcl_monitor-7] [INFO] [1789012268.693938995] [ground_truth_amcl_monitor]: AMCL vs GT: gt=(-2.068, -1.845) amcl=(-2.088, -2.079) error=0.235 m / 0.023 rad; current_map=(-2.042, -1.785, 1.425) error=0.066 m / 0.000 rad; odom=(-2.980, -2.013, 1.425) error=0.927 m / 0.000 rad; ekf=(-2.980, -2.013, 1.425) error=0.927 m / 0.000 rad; RMS=0.110 m / 0.035 rad max=0.499 m / 0.171 rad samples=5550
[gpu_amcl_cpp_node-6] [INFO] [1789012269.020292964] [gpu_amcl_cpp]: AMCL odom delta: at_scan=(3.577, -3.364, 2.840) baseline=(3.780, -3.431, 2.812) delta=(-0.203, 0.066, 0.027) moved=true scan_age=0.057s
[component_container-9] [INFO] [1789012269.340624025] [pure_pursuit_node]: Pure Pursuit: pose=(-1.359, 1.127, 1.404) cte=-0.006 closest=1324 target=1371 path_dist=0.006 heading_err=0.019 steer=0.044 speed=3.478
[gpu_amcl_cpp_node-6] [INFO] [1789012269.347843433] [gpu_amcl_cpp]: AMCL local correction: odom_prediction=(-1.390, 0.950, 1.363) scan=(-1.390, 0.960, 1.358) correction=0.010 m/0.005 rad cluster_weight=0.944 publish=true
[ground_truth_amcl_monitor-7] [INFO] [1789012269.717539319] [ground_truth_amcl_monitor]: AMCL vs GT: gt=(-1.259, 2.168) amcl=(-1.252, 2.072) error=0.097 m / 0.021 rad; current_map=(-1.247, 2.242, 1.550) error=0.074 m / 0.000 rad; odom=(-2.168, 2.019, 1.550) error=0.921 m / 0.000 rad; ekf=(-2.168, 2.019, 1.550) error=0.921 m / 0.000 rad; RMS=0.110 m / 0.035 rad max=0.499 m / 0.171 rad samples=5588
[gpu_amcl_cpp_node-6] [INFO] [1789012270.050330164] [gpu_amcl_cpp]: AMCL odom delta: at_scan=(0.451, -3.053, -2.854) baseline=(0.515, -3.035, -2.879) delta=(-0.063, -0.018, 0.025) moved=true scan_age=0.057s
[component_container-9] [INFO] [1789012270.366682482] [pure_pursuit_node]: Pure Pursuit: pose=(-1.643, 3.512, 2.284) cte=-0.024 closest=1447 target=1491 path_dist=0.024 heading_err=-0.099 steer=0.330 speed=1.830
[gpu_amcl_cpp_node-6] [INFO] [1789012270.375120862] [gpu_amcl_cpp]: AMCL local correction: odom_prediction=(-1.584, 3.433, 2.209) scan=(-1.582, 3.424, 2.205) correction=0.009 m/0.003 rad cluster_weight=0.984 publish=true
[ground_truth_amcl_monitor-7] [INFO] [1789012270.741409489] [ground_truth_amcl_monitor]: AMCL vs GT: gt=(-2.117, 3.775) amcl=(-2.042, 3.796) error=0.078 m / 0.104 rad; current_map=(-2.124, 3.821, 2.897) error=0.047 m / 0.000 rad; odom=(-3.043, 3.607, 2.897) error=0.942 m / 0.000 rad; ekf=(-2.961, 3.582, 2.793) error=0.866 m / 0.104 rad; RMS=0.110 m / 0.035 rad max=0.499 m / 0.171 rad samples=5626
[gpu_amcl_cpp_node-6] [INFO] [1789012271.063920240] [gpu_amcl_cpp]: AMCL odom delta: at_scan=(-0.381, -4.416, -1.082) baseline=(-0.420, -4.331, -1.198) delta=(0.039, -0.085, 0.115) moved=true scan_age=0.051s
[component_container-9] [INFO] [1789012271.392333442] [pure_pursuit_node]: Pure Pursuit: pose=(-3.087, 3.128, -1.905) cte=0.020 closest=1545 target=1588 path_dist=0.020 heading_err=0.128 steer=0.143 speed=2.612
[gpu_amcl_cpp_node-6] [INFO] [1789012271.401046008] [gpu_amcl_cpp]: AMCL local correction: odom_prediction=(-3.036, 3.223, -1.988) scan=(-3.026, 3.217, -1.978) correction=0.011 m/0.010 rad cluster_weight=0.968 publish=true
[ground_truth_amcl_monitor-7] [INFO] [1789012271.766632034] [ground_truth_amcl_monitor]: AMCL vs GT: gt=(-3.233, 2.302) amcl=(-3.211, 2.435) error=0.134 m / 0.007 rad; current_map=(-3.230, 2.286, -1.690) error=0.016 m / 0.000 rad; odom=(-4.235, 2.122, -1.690) error=1.018 m / 0.000 rad; ekf=(-4.217, 2.270, -1.697) error=0.984 m / 0.007 rad; RMS=0.110 m / 0.036 rad max=0.499 m / 0.171 rad samples=5664
[gpu_amcl_cpp_node-6] [INFO] [1789012272.091857210] [gpu_amcl_cpp]: AMCL odom delta: at_scan=(2.134, -5.127, -0.107) baseline=(1.954, -5.111, -0.072) delta=(0.180, -0.016, -0.034) moved=true scan_age=0.049s
[component_container-9] [INFO] [1789012272.414704723] [pure_pursuit_node]: Pure Pursuit: pose=(-3.546, 0.377, -2.016) cte=0.024 closest=1685 target=1727 path_dist=0.024 heading_err=0.008 steer=-0.174 speed=1.996
[gpu_amcl_cpp_node-6] [INFO] [1789012272.421833621] [gpu_amcl_cpp]: AMCL local correction: odom_prediction=(-3.518, 0.434, -1.987) scan=(-3.527, 0.424, -1.980) correction=0.014 m/0.007 rad cluster_weight=0.988 publish=true
[gpu_amcl_cpp_node-6] [INFO] [1789012272.643778580] [gpu_amcl_cpp]: Received LiDAR callback #2870 (1081 ranges).
[gpu_amcl_cpp_node-6] [INFO] [1789012272.643844624] [gpu_amcl_cpp]: Starting AMCL scan update #2870 (sampled from 1081 ranges).
[ground_truth_amcl_monitor-7] [INFO] [1789012272.768945060] [ground_truth_amcl_monitor]: AMCL vs GT: gt=(-3.906, -0.136) amcl=(-3.820, -0.059) error=0.116 m / 0.074 rad; current_map=(-3.889, -0.129, -2.387) error=0.018 m / 0.000 rad; odom=(-4.914, -0.307, -2.387) error=1.023 m / 0.000 rad; ekf=(-4.914, -0.307, -2.387) error=1.023 m / 0.000 rad; RMS=0.110 m / 0.036 rad max=0.499 m / 0.171 rad samples=5700
[gpu_amcl_cpp_node-6] [INFO] [1789012272.941455644] [gpu_amcl_cpp]: AMCL scan update #2875 completed; evaluating pose confidence.
[gpu_amcl_cpp_node-6] [WARN] [1789012273.141781061] [gpu_amcl_cpp]: Queued LiDAR scan until source-time odometry arrives (queued=1).
[gpu_amcl_cpp_node-6] [INFO] [1789012273.143732391] [gpu_amcl_cpp]: AMCL odom delta: at_scan=(3.805, -6.391, -1.395) baseline=(3.785, -6.307, -1.299) delta=(0.019, -0.084, -0.097) moved=true scan_age=0.055s
[component_container-9] [INFO] [1789012273.439671476] [pure_pursuit_node]: Pure Pursuit: pose=(-5.136, -0.373, 2.662) cte=-0.017 closest=1784 target=1827 path_dist=0.017 heading_err=-0.078 steer=-0.318 speed=2.206
[gpu_amcl_cpp_node-6] [INFO] [1789012273.445915851] [gpu_amcl_cpp]: AMCL local correction: odom_prediction=(-5.052, -0.413, 2.754) scan=(-5.044, -0.401, 2.756) correction=0.015 m/0.003 rad cluster_weight=0.976 publish=true
[ground_truth_amcl_monitor-7] [INFO] [1789012273.792732335] [ground_truth_amcl_monitor]: AMCL vs GT: gt=(-5.587, 0.072) amcl=(-5.520, -0.019) error=0.113 m / 0.078 rad; current_map=(-5.584, 0.074, 2.136) error=0.004 m / 0.000 rad; odom=(-6.643, -0.101, 2.136) error=1.070 m / 0.000 rad; ekf=(-6.579, -0.194, 2.214) error=1.027 m / 0.078 rad; RMS=0.110 m / 0.036 rad max=0.499 m / 0.171 rad samples=5738
[gpu_amcl_cpp_node-6] [INFO] [1789012274.166139851] [gpu_amcl_cpp]: AMCL odom delta: at_scan=(2.210, -7.809, -2.938) baseline=(2.384, -7.772, -2.924) delta=(-0.174, -0.037, -0.013) moved=true scan_age=0.050s
[component_container-9] [INFO] [1789012274.485791394] [pure_pursuit_node]: Pure Pursuit: pose=(-6.140, 2.619, 1.590) cte=0.005 closest=1945 target=1995 path_dist=0.005 heading_err=0.044 steer=0.009 speed=5.046
[gpu_amcl_cpp_node-6] [INFO] [1789012274.493519038] [gpu_amcl_cpp]: AMCL local correction: odom_prediction=(-6.132, 2.385, 1.618) scan=(-6.138, 2.358, 1.622) correction=0.028 m/0.004 rad cluster_weight=0.938 publish=true
[ground_truth_amcl_monitor-7] [INFO] [1789012274.814103746] [ground_truth_amcl_monitor]: AMCL vs GT: gt=(-6.168, 3.940) amcl=(-6.166, 3.679) error=0.261 m / 0.064 rad; current_map=(-6.155, 3.929, 1.492) error=0.018 m / 0.000 rad; odom=(-7.214, 3.777, 1.492) error=1.058 m / 0.000 rad; ekf=(-7.214, 3.777, 1.492) error=1.058 m / 0.000 rad; RMS=0.110 m / 0.036 rad max=0.499 m / 0.171 rad samples=5776
[gpu_amcl_cpp_node-6] [INFO] [1789012275.192363377] [gpu_amcl_cpp]: AMCL odom delta: at_scan=(-2.073, -7.726, 2.856) baseline=(-1.884, -7.776, 2.908) delta=(-0.189, 0.050, -0.051) moved=true scan_age=0.051s
[component_container-9] [INFO] [1789012275.514963676] [pure_pursuit_node]: Pure Pursuit: pose=(-5.368, 6.428, 1.017) cte=-0.007 closest=2143 target=2187 path_dist=0.007 heading_err=0.007 steer=-0.142 speed=2.856
[gpu_amcl_cpp_node-6] [INFO] [1789012275.522430139] [gpu_amcl_cpp]: AMCL local correction: odom_prediction=(-5.429, 6.312, 1.051) scan=(-5.435, 6.269, 1.051) correction=0.044 m/0.000 rad cluster_weight=0.995 publish=true
[ground_truth_amcl_monitor-7] [INFO] [1789012275.842814901] [ground_truth_amcl_monitor]: AMCL vs GT: gt=(-4.904, 6.939) amcl=(-4.987, 6.859) error=0.115 m / 0.040 rad; current_map=(-4.880, 6.959, 0.731) error=0.031 m / 0.000 rad; odom=(-5.895, 6.917, 0.731) error=0.992 m / 0.000 rad; ekf=(-5.895, 6.917, 0.731) error=0.992 m / 0.000 rad; RMS=0.110 m / 0.036 rad max=0.499 m / 0.171 rad samples=5814
[gpu_amcl_cpp_node-6] [INFO] [1789012276.220151586] [gpu_amcl_cpp]: AMCL odom delta: at_scan=(-4.330, -5.682, 1.859) baseline=(-4.273, -5.853, 1.915) delta=(-0.056, 0.172, -0.055) moved=true scan_age=0.053s
[component_container-9] [INFO] [1789012276.564891655] [pure_pursuit_node]: Pure Pursuit: pose=(-2.543, 7.502, -0.279) cte=-0.017 closest=2305 target=2352 path_dist=0.017 heading_err=-0.022 steer=-0.141 speed=3.781
[gpu_amcl_cpp_node-6] [INFO] [1789012276.573270764] [gpu_amcl_cpp]: AMCL local correction: odom_prediction=(-2.712, 7.548, -0.223) scan=(-2.684, 7.550, -0.231) correction=0.027 m/0.008 rad cluster_weight=0.953 publish=true
[ground_truth_amcl_monitor-7] [INFO] [1789012276.843667420] [ground_truth_amcl_monitor]: AMCL vs GT: gt=(-1.819, 7.173) amcl=(-1.972, 7.272) error=0.182 m / 0.077 rad; current_map=(-1.801, 7.168, -0.583) error=0.018 m / 0.000 rad; odom=(-2.797, 7.135, -0.583) error=0.979 m / 0.000 rad; ekf=(-2.797, 7.135, -0.583) error=0.979 m / 0.000 rad; RMS=0.110 m / 0.036 rad max=0.499 m / 0.171 rad samples=5850
[gpu_amcl_cpp_node-6] [INFO] [1789012277.240866813] [gpu_amcl_cpp]: AMCL odom delta: at_scan=(-2.733, -2.414, 0.612) baseline=(-2.935, -2.559, 0.635) delta=(0.202, 0.145, -0.023) moved=true scan_age=0.050s
[component_container-9] [INFO] [1789012277.591472233] [pure_pursuit_node]: Pure Pursuit: pose=(0.281, 4.196, -1.267) cte=-0.021 closest=2529 target=2579 path_dist=0.021 heading_err=0.077 steer=0.044 speed=5.236
[gpu_amcl_cpp_node-6] [INFO] [1789012277.600313762] [gpu_amcl_cpp]: AMCL local correction: odom_prediction=(0.204, 4.432, -1.183) scan=(0.206, 4.418, -1.189) correction=0.015 m/0.006 rad cluster_weight=0.933 publish=true
[gpu_amcl_cpp_node-6] [INFO] [1789012277.663616079] [gpu_amcl_cpp]: Received LiDAR callback #2964 (1081 ranges).
[gpu_amcl_cpp_node-6] [INFO] [1789012277.663682805] [gpu_amcl_cpp]: Starting AMCL scan update #2964 (sampled from 1081 ranges).
[ground_truth_amcl_monitor-7] [INFO] [1789012277.865811543] [ground_truth_amcl_monitor]: AMCL vs GT: gt=(0.650, 3.154) amcl=(0.580, 3.387) error=0.243 m / 0.004 rad; current_map=(0.667, 3.124, -1.248) error=0.034 m / 0.000 rad; odom=(-0.302, 3.061, -1.248) error=0.957 m / 0.000 rad; ekf=(-0.389, 3.324, -1.252) error=1.053 m / 0.004 rad; RMS=0.111 m / 0.036 rad max=0.499 m / 0.171 rad samples=5888
[gpu_amcl_cpp_node-6] [INFO] [1789012277.989315156] [gpu_amcl_cpp]: AMCL scan update #2970 completed; evaluating pose confidence.
[gpu_amcl_cpp_node-6] [INFO] [1789012278.242705216] [gpu_amcl_cpp]: AMCL odom delta: at_scan=(1.903, -0.555, 0.195) baseline=(1.682, -0.604, 0.244) delta=(0.221, 0.049, -0.049) moved=true scan_age=0.051s
[gpu_amcl_cpp_node-6] [WARN] [1789012278.523064999] [gpu_amcl_cpp]: No local AMCL cluster near odometry prediction; using causal odometry pose.
[component_container-9] [INFO] [1789012278.617432343] [pure_pursuit_node]: Pure Pursuit: pose=(1.367, -0.707, -1.456) cte=-0.015 closest=194 target=246 path_dist=0.015 heading_err=-0.070 steer=-0.108 speed=5.365
[gpu_amcl_cpp_node-6] [INFO] [1789012278.626203550] [gpu_amcl_cpp]: AMCL local correction: odom_prediction=(1.336, -0.435, -1.518) scan=(1.329, -0.560, -1.513) correction=0.124 m/0.005 rad cluster_weight=0.917 publish=true
[ground_truth_amcl_monitor-7] [INFO] [1789012278.915446912] [ground_truth_amcl_monitor]: AMCL vs GT: gt=(1.422, -2.050) amcl=(1.404, -1.711) error=0.340 m / 0.014 rad; current_map=(1.412, -2.081, -1.555) error=0.033 m / 0.000 rad; odom=(0.458, -2.157, -1.555) error=0.970 m / 0.000 rad; ekf=(0.458, -2.157, -1.555) error=0.970 m / 0.000 rad; RMS=0.111 m / 0.036 rad max=0.499 m / 0.171 rad samples=5926
[gpu_amcl_cpp_node-6] [INFO] [1789012279.291630859] [gpu_amcl_cpp]: AMCL odom delta: at_scan=(7.086, -0.467, -0.245) baseline=(6.891, -0.423, -0.196) delta=(0.196, -0.044, -0.049) moved=true scan_age=0.050s
[component_container-9] [INFO] [1789012279.664437845] [pure_pursuit_node]: Pure Pursuit: pose=(0.800, -5.795, -1.819) cte=0.019 closest=451 target=503 path_dist=0.019 heading_err=0.045 steer=0.052 speed=4.665
[gpu_amcl_cpp_node-6] [INFO] [1789012279.671125293] [gpu_amcl_cpp]: AMCL local correction: odom_prediction=(0.867, -5.537, -1.765) scan=(0.872, -5.494, -1.769) correction=0.044 m/0.004 rad cluster_weight=0.933 publish=true
[ground_truth_amcl_monitor-7] [INFO] [1789012279.943098343] [ground_truth_amcl_monitor]: AMCL vs GT: gt=(0.609, -6.738) amcl=(0.648, -6.633) error=0.111 m / 0.001 rad; current_map=(0.603, -6.858, -1.768) error=0.120 m / 0.000 rad; odom=(-0.392, -7.010, -1.768) error=1.038 m / 0.000 rad; ekf=(-0.392, -7.010, -1.768) error=1.038 m / 0.000 rad; RMS=0.111 m / 0.036 rad max=0.499 m / 0.171 rad samples=5964
[gpu_amcl_cpp_node-6] [INFO] [1789012280.315930707] [gpu_amcl_cpp]: AMCL odom delta: at_scan=(11.442, -1.516, -0.313) baseline=(11.267, -1.460, -0.297) delta=(0.175, -0.055, -0.016) moved=true scan_age=0.049s
[component_container-9] [INFO] [1789012280.711939190] [pure_pursuit_node]: Pure Pursuit: pose=(-0.167, -9.224, -1.996) cte=0.014 closest=630 target=673 path_dist=0.014 heading_err=-0.062 steer=-0.209 speed=2.548
[gpu_amcl_cpp_node-6] [INFO] [1789012280.718803670] [gpu_amcl_cpp]: AMCL local correction: odom_prediction=(-0.132, -9.132, -2.000) scan=(-0.083, -9.009, -2.000) correction=0.133 m/0.000 rad cluster_weight=0.988 publish=true
[ground_truth_amcl_monitor-7] [INFO] [1789012280.942831657] [ground_truth_amcl_monitor]: AMCL vs GT: gt=(-0.325, -9.439) amcl=(-0.286, -9.415) error=0.045 m / 0.045 rad; current_map=(-0.354, -9.519, -2.168) error=0.086 m / 0.000 rad; odom=(-1.392, -9.876, -2.168) error=1.153 m / 0.000 rad; ekf=(-1.324, -9.772, -2.124) error=1.054 m / 0.045 rad; RMS=0.111 m / 0.036 rad max=0.499 m / 0.171 rad samples=6000
[gpu_amcl_cpp_node-6] [WARN] [1789012281.063178592] [gpu_amcl_cpp]: Queued LiDAR scan until source-time odometry arrives (queued=1).
[gpu_amcl_cpp_node-6] [INFO] [1789012281.365773225] [gpu_amcl_cpp]: AMCL odom delta: at_scan=(13.649, -3.009, -1.332) baseline=(13.614, -2.891, -1.234) delta=(0.035, -0.118, -0.098) moved=true scan_age=0.050s
[component_container-9] [INFO] [1789012281.715351062] [pure_pursuit_node]: Pure Pursuit: pose=(-2.083, -9.864, 2.595) cte=0.022 closest=748 target=793 path_dist=0.022 heading_err=-0.068 steer=-0.213 speed=2.627
[gpu_amcl_cpp_node-6] [INFO] [1789012281.724257773] [gpu_amcl_cpp]: AMCL local correction: odom_prediction=(-1.971, -9.920, 2.695) scan=(-1.959, -9.923, 2.692) correction=0.012 m/0.003 rad cluster_weight=0.981 publish=true
[ground_truth_amcl_monitor-7] [INFO] [1789012281.968004316] [ground_truth_amcl_monitor]: AMCL vs GT: gt=(-2.435, -9.570) amcl=(-2.380, -9.609) error=0.067 m / 0.071 rad; current_map=(-2.470, -9.510, 2.274) error=0.070 m / 0.000 rad; odom=(-3.552, -10.006, 2.274) error=1.199 m / 0.000 rad; ekf=(-3.552, -10.006, 2.274) error=1.199 m / 0.000 rad; RMS=0.111 m / 0.036 rad max=0.499 m / 0.171 rad samples=6040
[gpu_amcl_cpp_node-6] [INFO] [1789012282.413423449] [gpu_amcl_cpp]: AMCL odom delta: at_scan=(11.789, -4.958, -2.918) baseline=(11.987, -4.908, -2.870) delta=(-0.198, -0.050, -0.049) moved=true scan_age=0.050s
[gpu_amcl_cpp_node-6] [INFO] [1789012282.690587883] [gpu_amcl_cpp]: Received LiDAR callback #3059 (1081 ranges).
[gpu_amcl_cpp_node-6] [INFO] [1789012282.690648246] [gpu_amcl_cpp]: Starting AMCL scan update #3059 (sampled from 1081 ranges).
[component_container-9] [INFO] [1789012282.740580047] [pure_pursuit_node]: Pure Pursuit: pose=(-3.138, -6.508, 1.578) cte=0.004 closest=931 target=981 path_dist=0.004 heading_err=-0.078 steer=-0.117 speed=4.818
[gpu_amcl_cpp_node-6] [INFO] [1789012282.747172536] [gpu_amcl_cpp]: AMCL local correction: odom_prediction=(-3.130, -6.753, 1.569) scan=(-3.119, -6.771, 1.572) correction=0.021 m/0.003 rad cluster_weight=0.990 publish=true
[ground_truth_amcl_monitor-7] [INFO] [1789012282.975599716] [ground_truth_amcl_monitor]: AMCL vs GT: gt=(-3.066, -5.692) amcl=(-3.035, -5.661) error=0.044 m / 0.000 rad; current_map=(-3.026, -5.663, 1.356) error=0.049 m / 0.000 rad; odom=(-4.165, -6.102, 1.356) error=1.173 m / 0.000 rad; ekf=(-4.165, -6.102, 1.356) error=1.173 m / 0.000 rad; RMS=0.111 m / 0.036 rad max=0.499 m / 0.171 rad samples=6077
[gpu_amcl_cpp_node-6] [INFO] [1789012283.016303871] [gpu_amcl_cpp]: AMCL scan update #3065 completed; evaluating pose confidence.
[gpu_amcl_cpp_node-6] [WARN] [1789012283.144086752] [gpu_amcl_cpp]: No local AMCL cluster near odometry prediction; using causal odometry pose.
[gpu_amcl_cpp_node-6] [INFO] [1789012283.441173796] [gpu_amcl_cpp]: AMCL odom delta: at_scan=(7.031, -4.378, 2.752) baseline=(7.261, -4.469, 2.777) delta=(-0.230, 0.091, -0.025) moved=true scan_age=0.050s
[component_container-9] [INFO] [1789012283.786760116] [pure_pursuit_node]: Pure Pursuit: pose=(-1.883, -1.497, 1.205) cte=0.022 closest=1190 target=1242 path_dist=0.022 heading_err=0.118 steer=0.138 speed=4.703
[gpu_amcl_cpp_node-6] [INFO] [1789012283.794122002] [gpu_amcl_cpp]: AMCL local correction: odom_prediction=(-1.972, -1.750, 1.261) scan=(-2.008, -1.815, 1.289) correction=0.073 m/0.028 rad cluster_weight=0.924 publish=true
[ground_truth_amcl_monitor-7] [INFO] [1789012283.992751960] [ground_truth_amcl_monitor]: AMCL vs GT: gt=(-1.696, -0.870) amcl=(-1.728, -0.995) error=0.129 m / 0.055 rad; current_map=(-1.658, -0.747, 1.324) error=0.129 m / 0.000 rad; odom=(-2.762, -1.143, 1.324) error=1.101 m / 0.000 rad; ekf=(-2.762, -1.143, 1.324) error=1.101 m / 0.000 rad; RMS=0.112 m / 0.036 rad max=0.499 m / 0.171 rad samples=6114
[gpu_amcl_cpp_node-6] [INFO] [1789012284.465871441] [gpu_amcl_cpp]: AMCL odom delta: at_scan=(2.497, -3.262, 3.020) baseline=(2.684, -3.284, 3.034) delta=(-0.187, 0.022, -0.014) moved=true scan_age=0.052s
[component_container-9] [INFO] [1789012284.789493141] [pure_pursuit_node]: Pure Pursuit: pose=(-1.256, 2.289, 1.625) cte=0.008 closest=1382 target=1428 path_dist=0.008 heading_err=-0.017 steer=0.104 speed=2.288
[gpu_amcl_cpp_node-6] [INFO] [1789012284.796905281] [gpu_amcl_cpp]: AMCL local correction: odom_prediction=(-1.248, 2.129, 1.567) scan=(-1.248, 2.103, 1.565) correction=0.026 m/0.002 rad cluster_weight=0.961 publish=true
[ground_truth_amcl_monitor-7] [INFO] [1789012284.992793132] [ground_truth_amcl_monitor]: AMCL vs GT: gt=(-1.309, 2.560) amcl=(-1.279, 2.563) error=0.030 m / 0.033 rad; current_map=(-1.297, 2.683, 1.737) error=0.123 m / 0.000 rad; odom=(-2.372, 2.334, 1.737) error=1.087 m / 0.000 rad; ekf=(-2.372, 2.334, 1.737) error=1.087 m / 0.000 rad; RMS=0.111 m / 0.036 rad max=0.499 m / 0.171 rad samples=6152
[gpu_amcl_cpp_node-6] [INFO] [1789012285.492051875] [gpu_amcl_cpp]: AMCL odom delta: at_scan=(-0.020, -3.517, -2.467) baseline=(0.059, -3.459, -2.551) delta=(-0.079, -0.058, 0.084) moved=true scan_age=0.053s
[component_container-9] [INFO] [1789012285.837678281] [pure_pursuit_node]: Pure Pursuit: pose=(-2.224, 3.805, 2.958) cte=-0.049 closest=1483 target=1526 path_dist=0.049 heading_err=0.139 steer=0.459 speed=1.780
[gpu_amcl_cpp_node-6] [INFO] [1789012285.845534907] [gpu_amcl_cpp]: AMCL local correction: odom_prediction=(-2.149, 3.782, 2.866) scan=(-2.121, 3.773, 2.823) correction=0.029 m/0.042 rad cluster_weight=0.975 publish=true
[ground_truth_amcl_monitor-7] [INFO] [1789012285.993310580] [ground_truth_amcl_monitor]: AMCL vs GT: gt=(-2.360, 3.742) amcl=(-2.318, 3.805) error=0.075 m / 0.114 rad; current_map=(-2.404, 3.804, -3.081) error=0.077 m / 0.000 rad; odom=(-3.472, 3.542, -3.081) error=1.130 m / 0.000 rad; ekf=(-3.386, 3.543, 3.088) error=1.045 m / 0.114 rad; RMS=0.111 m / 0.036 rad max=0.499 m / 0.171 rad samples=6188
[gpu_amcl_cpp_node-6] [INFO] [1789012286.541727759] [gpu_amcl_cpp]: AMCL odom delta: at_scan=(0.261, -5.034, -0.360) baseline=(0.158, -4.991, -0.430) delta=(0.103, -0.043, 0.069) moved=true scan_age=0.050s
[component_container-9] [INFO] [1789012286.839653831] [pure_pursuit_node]: Pure Pursuit: pose=(-3.236, 2.166, -1.673) cte=0.038 closest=1593 target=1639 path_dist=0.038 heading_err=-0.020 steer=0.016 speed=3.465
[gpu_amcl_cpp_node-6] [INFO] [1789012286.847279402] [gpu_amcl_cpp]: AMCL local correction: odom_prediction=(-3.218, 2.318, -1.686) scan=(-3.217, 2.295, -1.676) correction=0.024 m/0.010 rad cluster_weight=0.954 publish=true
[ground_truth_amcl_monitor-7] [INFO] [1789012287.014421720] [ground_truth_amcl_monitor]: AMCL vs GT: gt=(-3.285, 1.759) amcl=(-3.251, 1.992) error=0.236 m / 0.011 rad; current_map=(-3.275, 1.747, -1.663) error=0.015 m / 0.000 rad; odom=(-4.452, 1.552, -1.663) error=1.185 m / 0.000 rad; ekf=(-4.452, 1.552, -1.663) error=1.185 m / 0.000 rad; RMS=0.111 m / 0.036 rad max=0.499 m / 0.174 rad samples=6226
[gpu_amcl_cpp_node-6] [INFO] [1789012287.563614527] [gpu_amcl_cpp]: AMCL odom delta: at_scan=(3.069, -5.567, -0.461) baseline=(2.967, -5.519, -0.420) delta=(0.102, -0.048, -0.041) moved=true scan_age=0.051s
[gpu_amcl_cpp_node-6] [INFO] [1789012287.717017924] [gpu_amcl_cpp]: Received LiDAR callback #3152 (1081 ranges).
[gpu_amcl_cpp_node-6] [INFO] [1789012287.717085952] [gpu_amcl_cpp]: Starting AMCL scan update #3152 (sampled from 1081 ranges).
[component_container-9] [INFO] [1789012287.866038178] [pure_pursuit_node]: Pure Pursuit: pose=(-4.013, -0.243, -2.495) cte=0.005 closest=1724 target=1768 path_dist=0.005 heading_err=-0.054 steer=-0.273 speed=1.970
[gpu_amcl_cpp_node-6] [INFO] [1789012287.874397139] [gpu_amcl_cpp]: AMCL local correction: odom_prediction=(-3.940, -0.177, -2.427) scan=(-3.941, -0.197, -2.423) correction=0.020 m/0.004 rad cluster_weight=0.985 publish=true
[ground_truth_amcl_monitor-7] [INFO] [1789012288.050760318] [ground_truth_amcl_monitor]: AMCL vs GT: gt=(-4.234, -0.377) amcl=(-4.124, -0.331) error=0.119 m / 0.082 rad; current_map=(-4.213, -0.380, -2.684) error=0.021 m / 0.000 rad; odom=(-5.412, -0.583, -2.684) error=1.196 m / 0.000 rad; ekf=(-5.322, -0.534, -2.603) error=1.100 m / 0.082 rad; RMS=0.111 m / 0.037 rad max=0.499 m / 0.174 rad samples=6264
[gpu_amcl_cpp_node-6] [INFO] [1789012288.050853193] [gpu_amcl_cpp]: AMCL scan update #3158 completed; evaluating pose confidence.
[gpu_amcl_cpp_node-6] [INFO] [1789012288.567599065] [gpu_amcl_cpp]: AMCL odom delta: at_scan=(3.699, -7.189, -2.124) baseline=(3.750, -7.098, -2.030) delta=(-0.051, -0.091, -0.094) moved=true scan_age=0.050s
[component_container-9] [INFO] [1789012288.891826674] [pure_pursuit_node]: Pure Pursuit: pose=(-5.681, 0.309, 1.988) cte=-0.031 closest=1827 target=1872 path_dist=0.031 heading_err=0.001 steer=-0.078 speed=3.186
[gpu_amcl_cpp_node-6] [INFO] [1789012288.900044981] [gpu_amcl_cpp]: AMCL local correction: odom_prediction=(-5.636, 0.188, 2.066) scan=(-5.636, 0.188, 2.060) correction=0.000 m/0.006 rad cluster_weight=0.967 publish=true
[ground_truth_amcl_monitor-7] [INFO] [1789012289.067804128] [ground_truth_amcl_monitor]: AMCL vs GT: gt=(-5.835, 0.647) amcl=(-5.773, 0.496) error=0.164 m / 0.037 rad; current_map=(-5.824, 0.645, 1.886) error=0.012 m / 0.000 rad; odom=(-7.052, 0.446, 1.886) error=1.234 m / 0.000 rad; ekf=(-7.052, 0.446, 1.886) error=1.234 m / 0.000 rad; RMS=0.111 m / 0.037 rad max=0.499 m / 0.174 rad samples=6300
[gpu_amcl_cpp_node-6] [INFO] [1789012289.612627698] [gpu_amcl_cpp]: AMCL odom delta: at_scan=(0.594, -8.188, -3.079) baseline=(0.918, -8.163, -3.052) delta=(-0.324, -0.025, -0.027) moved=true scan_age=0.051s
[component_container-9] [INFO] [1789012289.936440166] [pure_pursuit_node]: Pure Pursuit: pose=(-6.077, 4.519, 1.493) cte=-0.020 closest=2040 target=2091 path_dist=0.020 heading_err=-0.092 steer=-0.159 speed=4.105
[gpu_amcl_cpp_node-6] [INFO] [1789012289.943757068] [gpu_amcl_cpp]: AMCL local correction: odom_prediction=(-6.095, 4.290, 1.482) scan=(-6.104, 4.237, 1.474) correction=0.053 m/0.008 rad cluster_weight=0.973 publish=true
[ground_truth_amcl_monitor-7] [INFO] [1789012290.113621885] [ground_truth_amcl_monitor]: AMCL vs GT: gt=(-5.989, 5.093) amcl=(-6.039, 4.750) error=0.346 m / 0.099 rad; current_map=(-5.974, 5.061, 1.315) error=0.035 m / 0.000 rad; odom=(-7.193, 4.906, 1.315) error=1.218 m / 0.000 rad; ekf=(-7.258, 4.596, 1.414) error=1.363 m / 0.099 rad; RMS=0.112 m / 0.037 rad max=0.499 m / 0.174 rad samples=6338
[gpu_amcl_cpp_node-6] [INFO] [1789012290.642897733] [gpu_amcl_cpp]: AMCL odom delta: at_scan=(-3.192, -7.329, 2.526) baseline=(-3.077, -7.406, 2.573) delta=(-0.115, 0.077, -0.047) moved=true scan_age=0.051s
[component_container-9] [INFO] [1789012290.965724377] [pure_pursuit_node]: Pure Pursuit: pose=(-4.551, 7.265, 0.512) cte=-0.025 closest=2201 target=2247 path_dist=0.025 heading_err=0.022 steer=-0.116 speed=3.273
[gpu_amcl_cpp_node-6] [INFO] [1789012290.974120498] [gpu_amcl_cpp]: AMCL local correction: odom_prediction=(-4.678, 7.186, 0.593) scan=(-4.680, 7.192, 0.600) correction=0.006 m/0.007 rad cluster_weight=0.996 publish=true
[ground_truth_amcl_monitor-7] [INFO] [1789012291.139138520] [ground_truth_amcl_monitor]: AMCL vs GT: gt=(-4.202, 7.464) amcl=(-4.355, 7.378) error=0.175 m / 0.056 rad; current_map=(-4.201, 7.445, 0.383) error=0.019 m / 0.000 rad; odom=(-5.553, 7.205, 0.439) error=1.375 m / 0.056 rad; ekf=(-5.553, 7.205, 0.439) error=1.375 m / 0.056 rad; RMS=0.112 m / 0.037 rad max=0.499 m / 0.174 rad samples=6376
[gpu_amcl_cpp_node-6] [INFO] [1789012291.665997432] [gpu_amcl_cpp]: AMCL odom delta: at_scan=(-4.146, -4.448, 1.257) baseline=(-4.194, -4.611, 1.319) delta=(0.047, 0.163, -0.062) moved=true scan_age=0.050s
[component_container-9] [INFO] [1789012292.015658335] [pure_pursuit_node]: Pure Pursuit: pose=(-1.212, 6.699, -0.837) cte=-0.036 closest=2383 target=2431 path_dist=0.036 heading_err=0.054 steer=-0.038 speed=4.439
[gpu_amcl_cpp_node-6] [INFO] [1789012292.022135688] [gpu_amcl_cpp]: AMCL local correction: odom_prediction=(-1.348, 6.842, -0.747) scan=(-1.351, 6.843, -0.747) correction=0.003 m/0.000 rad cluster_weight=0.964 publish=true
[ground_truth_amcl_monitor-7] [INFO] [1789012292.188924970] [ground_truth_amcl_monitor]: AMCL vs GT: gt=(-0.873, 6.314) amcl=(-1.062, 6.553) error=0.306 m / 0.046 rad; current_map=(-0.864, 6.319, -0.892) error=0.010 m / 0.000 rad; odom=(-2.059, 6.116, -0.892) error=1.203 m / 0.000 rad; ekf=(-2.059, 6.116, -0.892) error=1.203 m / 0.000 rad; RMS=0.112 m / 0.037 rad max=0.499 m / 0.174 rad samples=6416
[gpu_amcl_cpp_node-6] [INFO] [1789012292.716056526] [gpu_amcl_cpp]: AMCL odom delta: at_scan=(-0.836, -1.682, 0.425) baseline=(-1.052, -1.780, 0.427) delta=(0.216, 0.098, -0.002) moved=true scan_age=0.050s
[gpu_amcl_cpp_node-6] [INFO] [1789012292.766903908] [gpu_amcl_cpp]: Received LiDAR callback #3245 (1081 ranges).
[gpu_amcl_cpp_node-6] [INFO] [1789012292.766981464] [gpu_amcl_cpp]: Starting AMCL scan update #3245 (sampled from 1081 ranges).
[component_container-9] [INFO] [1789012293.065881357] [pure_pursuit_node]: Pure Pursuit: pose=(0.854, 2.589, -1.407) cte=-0.053 closest=28 target=77 path_dist=0.053 heading_err=0.115 steer=0.047 speed=4.974
[gpu_amcl_cpp_node-6] [INFO] [1789012293.067770470] [gpu_amcl_cpp]: AMCL scan update #3251 completed; evaluating pose confidence.
[gpu_amcl_cpp_node-6] [INFO] [1789012293.072580186] [gpu_amcl_cpp]: AMCL local correction: odom_prediction=(0.813, 2.805, -1.329) scan=(0.813, 2.832, -1.339) correction=0.027 m/0.010 rad cluster_weight=0.922 publish=true
[ground_truth_amcl_monitor-7] [INFO] [1789012293.188949861] [ground_truth_amcl_monitor]: AMCL vs GT: gt=(0.932, 2.247) amcl=(0.871, 2.592) error=0.350 m / 0.044 rad; current_map=(0.938, 2.267, -1.390) error=0.021 m / 0.000 rad; odom=(-0.251, 2.030, -1.390) error=1.203 m / 0.000 rad; ekf=(-0.251, 2.030, -1.390) error=1.203 m / 0.000 rad; RMS=0.112 m / 0.037 rad max=0.499 m / 0.174 rad samples=6454
[gpu_amcl_cpp_node-6] [WARN] [1789012293.244493416] [gpu_amcl_cpp]: No local AMCL cluster near odometry prediction; using causal odometry pose.
[gpu_amcl_cpp_node-6] [INFO] [1789012293.720683089] [gpu_amcl_cpp]: AMCL odom delta: at_scan=(3.903, -0.701, 0.116) baseline=(3.653, -0.730, 0.117) delta=(0.250, 0.029, -0.001) moved=true scan_age=0.054s
[component_container-9] [INFO] [1789012294.111968938] [pure_pursuit_node]: Pure Pursuit: pose=(1.453, -2.749, -1.717) cte=-0.157 closest=296 target=345 path_dist=0.157 heading_err=0.056 steer=-0.068 speed=3.995
[gpu_amcl_cpp_node-6] [INFO] [1789012294.119724615] [gpu_amcl_cpp]: AMCL local correction: odom_prediction=(1.477, -2.544, -1.634) scan=(1.486, -2.489, -1.605) correction=0.056 m/0.029 rad cluster_weight=0.941 publish=true
[ground_truth_amcl_monitor-7] [INFO] [1789012294.217137106] [ground_truth_amcl_monitor]: AMCL vs GT: gt=(1.434, -2.831) amcl=(1.462, -2.746) error=0.089 m / 0.069 rad; current_map=(1.425, -2.945, -1.786) error=0.115 m / 0.000 rad; odom=(0.252, -3.176, -1.786) error=1.232 m / 0.000 rad; ekf=(0.252, -3.176, -1.786) error=1.232 m / 0.000 rad; RMS=0.113 m / 0.037 rad max=0.499 m / 0.174 rad samples=6492
[gpu_amcl_cpp_node-6] [INFO] [1789012294.762942462] [gpu_amcl_cpp]: AMCL odom delta: at_scan=(8.724, -1.094, -0.152) baseline=(8.356, -1.023, -0.228) delta=(0.368, -0.071, 0.076) moved=true scan_age=0.050s
[gpu_amcl_cpp_node-6] [WARN] [1789012294.768842258] [gpu_amcl_cpp]: No local AMCL cluster near odometry prediction; using causal odometry pose.
[component_container-9] [INFO] [1789012295.136513254] [pure_pursuit_node]: Pure Pursuit: pose=(0.534, -7.159, -1.845) cte=-0.018 closest=521 target=568 path_dist=0.018 heading_err=0.041 steer=0.002 speed=3.947
[gpu_amcl_cpp_node-6] [INFO] [1789012295.143734946] [gpu_amcl_cpp]: AMCL local correction: odom_prediction=(0.579, -7.003, -1.856) scan=(0.605, -6.935, -1.872) correction=0.073 m/0.016 rad cluster_weight=0.940 publish=true
[ground_truth_amcl_monitor-7] [INFO] [1789012295.243497918] [ground_truth_amcl_monitor]: AMCL vs GT: gt=(0.497, -7.224) amcl=(0.539, -7.152) error=0.083 m / 0.021 rad; current_map=(0.497, -7.326, -1.801) error=0.102 m / 0.000 rad; odom=(-0.704, -7.669, -1.801) error=1.280 m / 0.000 rad; ekf=(-0.704, -7.669, -1.801) error=1.280 m / 0.000 rad; RMS=0.113 m / 0.037 rad max=0.499 m / 0.174 rad samples=6530
[gpu_amcl_cpp_node-6] [INFO] [1789012295.791533478] [gpu_amcl_cpp]: AMCL odom delta: at_scan=(12.620, -2.108, -0.406) baseline=(12.510, -2.064, -0.355) delta=(0.111, -0.044, -0.051) moved=true scan_age=0.050s
[component_container-9] [INFO] [1789012296.165777897] [pure_pursuit_node]: Pure Pursuit: pose=(-0.637, -9.831, -2.439) cte=0.023 closest=669 target=713 path_dist=0.023 heading_err=-0.013 steer=-0.269 speed=2.470
[gpu_amcl_cpp_node-6] [INFO] [1789012296.174246304] [gpu_amcl_cpp]: AMCL local correction: odom_prediction=(-0.553, -9.742, -2.342) scan=(-0.545, -9.720, -2.337) correction=0.023 m/0.005 rad cluster_weight=0.999 publish=true
[ground_truth_amcl_monitor-7] [INFO] [1789012296.267815988] [ground_truth_amcl_monitor]: AMCL vs GT: gt=(-0.730, -9.895) amcl=(-0.640, -9.819) error=0.118 m / 0.093 rad; current_map=(-0.736, -9.891, -2.540) error=0.007 m / 0.000 rad; odom=(-1.948, -10.360, -2.540) error=1.304 m / 0.000 rad; ekf=(-1.853, -10.288, -2.447) error=1.189 m / 0.093 rad; RMS=0.113 m / 0.037 rad max=0.499 m / 0.174 rad samples=6568
[gpu_amcl_cpp_node-6] [INFO] [1789012296.791638078] [gpu_amcl_cpp]: AMCL odom delta: at_scan=(13.625, -3.977, -2.013) baseline=(13.672, -3.863, -1.913) delta=(-0.047, -0.114, -0.100) moved=true scan_age=0.051s
[component_container-9] [INFO] [1789012297.215656981] [pure_pursuit_node]: Pure Pursuit: pose=(-2.798, -8.976, 1.972) cte=-0.027 closest=806 target=852 path_dist=0.027 heading_err=0.031 steer=-0.066 speed=3.732
[gpu_amcl_cpp_node-6] [INFO] [1789012297.222437464] [gpu_amcl_cpp]: AMCL local correction: odom_prediction=(-2.730, -9.124, 2.033) scan=(-2.729, -9.119, 2.034) correction=0.005 m/0.001 rad cluster_weight=0.976 publish=true
[ground_truth_amcl_monitor-7] [INFO] [1789012297.275156166] [ground_truth_amcl_monitor]: AMCL vs GT: gt=(-2.779, -9.024) amcl=(-2.798, -8.968) error=0.059 m / 0.000 rad; current_map=(-2.799, -8.971, 1.983) error=0.056 m / 0.000 rad; odom=(-4.038, -9.477, 1.983) error=1.338 m / 0.000 rad; ekf=(-4.038, -9.477, 1.983) error=1.338 m / 0.000 rad; RMS=0.113 m / 0.037 rad max=0.499 m / 0.174 rad samples=6607
[gpu_amcl_cpp_node-6] [INFO] [1789012297.816808331] [gpu_amcl_cpp]: Received LiDAR callback #3340 (1081 ranges).
[gpu_amcl_cpp_node-6] [INFO] [1789012297.816881098] [gpu_amcl_cpp]: AMCL odom delta: at_scan=(10.475, -5.221, -3.139) baseline=(10.705, -5.216, -3.104) delta=(-0.230, -0.005, -0.035) moved=true scan_age=0.051s
[gpu_amcl_cpp_node-6] [INFO] [1789012297.816914581] [gpu_amcl_cpp]: Starting AMCL scan update #3340 (sampled from 1081 ranges).
[gpu_amcl_cpp_node-6] [INFO] [1789012298.089583429] [gpu_amcl_cpp]: AMCL scan update #3345 completed; evaluating pose confidence.
[component_container-9] [INFO] [1789012298.229815213] [pure_pursuit_node]: Pure Pursuit: pose=(-2.799, -4.643, 1.324) cte=-0.027 closest=1026 target=1077 path_dist=0.027 heading_err=-0.044 steer=-0.037 speed=4.859
[gpu_amcl_cpp_node-6] [INFO] [1789012298.237425786] [gpu_amcl_cpp]: AMCL local correction: odom_prediction=(-2.876, -4.974, 1.358) scan=(-2.900, -4.922, 1.357) correction=0.057 m/0.001 rad cluster_weight=0.963 publish=true
[ground_truth_amcl_monitor-7] [INFO] [1789012298.289030293] [ground_truth_amcl_monitor]: AMCL vs GT: gt=(-2.807, -4.549) amcl=(-2.893, -4.964) error=0.424 m / 0.061 rad; current_map=(-2.776, -4.496, 1.297) error=0.061 m / 0.000 rad; odom=(-4.036, -4.987, 1.297) error=1.304 m / 0.000 rad; ekf=(-4.036, -4.987, 1.297) error=1.304 m / 0.000 rad; RMS=0.113 m / 0.037 rad max=0.499 m / 0.174 rad samples=6644
[gpu_amcl_cpp_node-6] [INFO] [1789012298.841024869] [gpu_amcl_cpp]: AMCL odom delta: at_scan=(5.571, -4.047, 2.875) baseline=(5.834, -4.121, 2.861) delta=(-0.263, 0.074, 0.014) moved=true scan_age=0.049s
[component_container-9] [INFO] [1789012299.264737967] [pure_pursuit_node]: Pure Pursuit: pose=(-1.523, 0.401, 1.394) cte=-0.045 closest=1286 target=1335 path_dist=0.045 heading_err=-0.012 steer=-0.051 speed=3.622
[gpu_amcl_cpp_node-6] [INFO] [1789012299.270979556] [gpu_amcl_cpp]: AMCL local correction: odom_prediction=(-1.557, 0.216, 1.319) scan=(-1.560, 0.222, 1.319) correction=0.006 m/0.000 rad cluster_weight=0.929 publish=true
[ground_truth_amcl_monitor-7] [INFO] [1789012299.321669753] [ground_truth_amcl_monitor]: AMCL vs GT: gt=(-1.531, 0.299) amcl=(-1.559, 0.217) error=0.086 m / 0.010 rad; current_map=(-1.511, 0.406, 1.330) error=0.109 m / 0.000 rad; odom=(-2.743, -0.060, 1.330) error=1.264 m / 0.000 rad; ekf=(-2.790, -0.248, 1.319) error=1.373 m / 0.010 rad; RMS=0.113 m / 0.037 rad max=0.499 m / 0.174 rad samples=6684
[gpu_amcl_cpp_node-6] [INFO] [1789012299.842220921] [gpu_amcl_cpp]: AMCL odom delta: at_scan=(1.487, -3.257, 3.066) baseline=(1.648, -3.272, 3.038) delta=(-0.161, 0.014, 0.027) moved=true scan_age=0.050s
[component_container-9] [INFO] [1789012300.265327118] [pure_pursuit_node]: Pure Pursuit: pose=(-1.386, 3.107, 1.952) cte=0.028 closest=1423 target=1466 path_dist=0.028 heading_err=-0.036 steer=0.216 speed=1.900
[gpu_amcl_cpp_node-6] [INFO] [1789012300.271493405] [gpu_amcl_cpp]: AMCL local correction: odom_prediction=(-1.357, 3.021, 1.915) scan=(-1.348, 2.968, 1.921) correction=0.053 m/0.006 rad cluster_weight=0.982 publish=true
[ground_truth_amcl_monitor-7] [INFO] [1789012300.326682022] [ground_truth_amcl_monitor]: AMCL vs GT: gt=(-1.390, 2.987) amcl=(-1.393, 3.090) error=0.104 m / 0.000 rad; current_map=(-1.391, 3.097, 1.965) error=0.110 m / 0.000 rad; odom=(-2.604, 2.698, 1.965) error=1.248 m / 0.000 rad; ekf=(-2.604, 2.698, 1.965) error=1.248 m / 0.000 rad; RMS=0.113 m / 0.037 rad max=0.499 m / 0.174 rad samples=6723
[gpu_amcl_cpp_node-6] [INFO] [1789012300.863472664] [gpu_amcl_cpp]: AMCL odom delta: at_scan=(-0.252, -4.068, -1.935) baseline=(-0.216, -3.986, -2.026) delta=(-0.035, -0.081, 0.092) moved=true scan_age=0.050s
[component_container-9] [INFO] [1789012301.312030108] [pure_pursuit_node]: Pure Pursuit: pose=(-2.841, 3.575, -2.434) cte=-0.021 closest=1519 target=1562 path_dist=0.021 heading_err=0.162 steer=0.355 speed=2.085
[gpu_amcl_cpp_node-6] [INFO] [1789012301.319466705] [gpu_amcl_cpp]: AMCL local correction: odom_prediction=(-2.751, 3.618, -2.541) scan=(-2.704, 3.637, -2.571) correction=0.051 m/0.030 rad cluster_weight=0.976 publish=true
[ground_truth_amcl_monitor-7] [INFO] [1789012301.366725608] [ground_truth_amcl_monitor]: AMCL vs GT: gt=(-2.787, 3.557) amcl=(-2.741, 3.616) error=0.075 m / 0.115 rad; current_map=(-2.818, 3.556, -2.426) error=0.031 m / 0.000 rad; odom=(-4.083, 3.269, -2.426) error=1.328 m / 0.000 rad; ekf=(-4.083, 3.269, -2.426) error=1.328 m / 0.000 rad; RMS=0.113 m / 0.037 rad max=0.499 m / 0.174 rad samples=6760
[gpu_amcl_cpp_node-6] [INFO] [1789012301.888448460] [gpu_amcl_cpp]: AMCL odom delta: at_scan=(0.976, -5.323, -0.121) baseline=(0.772, -5.294, -0.165) delta=(0.205, -0.029, 0.043) moved=true scan_age=0.050s
[component_container-9] [INFO] [1789012302.336100331] [pure_pursuit_node]: Pure Pursuit: pose=(-3.390, 0.832, -1.777) cte=0.016 closest=1660 target=1707 path_dist=0.016 heading_err=0.000 steer=-0.162 speed=2.292
[gpu_amcl_cpp_node-6] [INFO] [1789012302.344083375] [gpu_amcl_cpp]: AMCL local correction: odom_prediction=(-3.358, 0.986, -1.747) scan=(-3.345, 1.022, -1.727) correction=0.039 m/0.020 rad cluster_weight=0.968 publish=true
[ground_truth_amcl_monitor-7] [INFO] [1789012302.389108728] [ground_truth_amcl_monitor]: AMCL vs GT: gt=(-3.399, 0.829) amcl=(-3.354, 0.990) error=0.167 m / 0.047 rad; current_map=(-3.385, 0.836, -1.793) error=0.016 m / 0.000 rad; odom=(-4.707, 0.555, -1.793) error=1.336 m / 0.000 rad; ekf=(-4.707, 0.555, -1.793) error=1.336 m / 0.000 rad; RMS=0.113 m / 0.037 rad max=0.499 m / 0.174 rad samples=6798
[gpu_amcl_cpp_node-6] [WARN] [1789012302.588283600] [gpu_amcl_cpp]: Queued LiDAR scan until source-time odometry arrives (queued=1).
[gpu_amcl_cpp_node-6] [INFO] [1789012302.840803723] [gpu_amcl_cpp]: Received LiDAR callback #3435 (1081 ranges).
[gpu_amcl_cpp_node-6] [INFO] [1789012302.840881479] [gpu_amcl_cpp]: Starting AMCL scan update #3435 (sampled from 1081 ranges).
[gpu_amcl_cpp_node-6] [INFO] [1789012302.892160083] [gpu_amcl_cpp]: AMCL odom delta: at_scan=(3.536, -5.981, -0.779) baseline=(3.464, -5.915, -0.712) delta=(0.071, -0.066, -0.067) moved=true scan_age=0.051s
[gpu_amcl_cpp_node-6] [INFO] [1789012303.093277619] [gpu_amcl_cpp]: AMCL scan update #3440 completed; evaluating pose confidence.
[component_container-9] [INFO] [1789012303.386777395] [pure_pursuit_node]: Pure Pursuit: pose=(-4.796, -0.494, 3.016) cte=-0.012 closest=1766 target=1809 path_dist=0.012 heading_err=0.014 steer=-0.357 speed=1.987
[ground_truth_amcl_monitor-7] [INFO] [1789012303.389769393] [ground_truth_amcl_monitor]: AMCL vs GT: gt=(-4.706, -0.488) amcl=(-4.560, -0.496) error=0.146 m / 0.150 rad; current_map=(-4.697, -0.503, 3.113) error=0.017 m / 0.000 rad; odom=(-6.032, -0.762, 3.113) error=1.354 m / 0.000 rad; ekf=(-6.032, -0.762, 3.113) error=1.354 m / 0.000 rad; RMS=0.113 m / 0.037 rad max=0.499 m / 0.174 rad samples=6836
[gpu_amcl_cpp_node-6] [INFO] [1789012303.393741814] [gpu_amcl_cpp]: AMCL local correction: odom_prediction=(-4.697, -0.503, 3.113) scan=(-4.657, -0.512, -3.125) correction=0.041 m/0.045 rad cluster_weight=0.984 publish=true
[gpu_amcl_cpp_node-6] [INFO] [1789012303.893341347] [gpu_amcl_cpp]: AMCL odom delta: at_scan=(3.428, -7.681, -2.529) baseline=(3.514, -7.615, -2.445) delta=(-0.086, -0.066, -0.084) moved=true scan_age=0.052s
[component_container-9] [INFO] [1789012304.390712759] [pure_pursuit_node]: Pure Pursuit: pose=(-6.045, 1.602, 1.699) cte=-0.024 closest=1894 target=1942 path_dist=0.024 heading_err=0.055 steer=-0.006 speed=4.382
[ground_truth_amcl_monitor-7] [INFO] [1789012304.392713332] [ground_truth_amcl_monitor]: AMCL vs GT: gt=(-6.029, 1.430) amcl=(-5.983, 1.235) error=0.201 m / 0.039 rad; current_map=(-6.019, 1.421, 1.741) error=0.013 m / 0.000 rad; odom=(-7.377, 1.159, 1.741) error=1.375 m / 0.000 rad; ekf=(-7.377, 1.159, 1.741) error=1.375 m / 0.000 rad; RMS=0.113 m / 0.037 rad max=0.499 m / 0.174 rad samples=6874
[gpu_amcl_cpp_node-6] [INFO] [1789012304.397474516] [gpu_amcl_cpp]: AMCL local correction: odom_prediction=(-6.019, 1.421, 1.741) scan=(-6.024, 1.437, 1.736) correction=0.016 m/0.005 rad cluster_weight=0.956 publish=true
[gpu_amcl_cpp_node-6] [WARN] [1789012304.787795231] [gpu_amcl_cpp]: Queued LiDAR scan until source-time odometry arrives (queued=1).
[gpu_amcl_cpp_node-6] [INFO] [1789012304.938094640] [gpu_amcl_cpp]: AMCL odom delta: at_scan=(-0.455, -8.273, 3.022) baseline=(-0.217, -8.302, 3.018) delta=(-0.237, 0.029, 0.004) moved=true scan_age=0.050s
[component_container-9] [INFO] [1789012305.414633631] [pure_pursuit_node]: Pure Pursuit: pose=(-5.696, 5.865, 1.138) cte=-0.035 closest=2110 target=2158 path_dist=0.035 heading_err=0.011 steer=-0.091 speed=2.856
[ground_truth_amcl_monitor-7] [INFO] [1789012305.416777323] [ground_truth_amcl_monitor]: AMCL vs GT: gt=(-5.775, 5.748) amcl=(-5.836, 5.545) error=0.212 m / 0.029 rad; current_map=(-5.767, 5.712, 1.165) error=0.036 m / 0.000 rad; odom=(-7.113, 5.482, 1.165) error=1.365 m / 0.000 rad; ekf=(-7.182, 5.315, 1.194) error=1.473 m / 0.029 rad; RMS=0.113 m / 0.037 rad max=0.499 m / 0.174 rad samples=6912
[gpu_amcl_cpp_node-6] [INFO] [1789012305.423940044] [gpu_amcl_cpp]: AMCL local correction: odom_prediction=(-5.767, 5.712, 1.165) scan=(-5.746, 5.733, 1.171) correction=0.030 m/0.006 rad cluster_weight=0.993 publish=true
[gpu_amcl_cpp_node-6] [INFO] [1789012305.941918293] [gpu_amcl_cpp]: AMCL odom delta: at_scan=(-3.535, -7.104, 2.307) baseline=(-3.438, -7.204, 2.375) delta=(-0.097, 0.100, -0.068) moved=true scan_age=0.051s
[component_container-9] [INFO] [1789012306.416651789] [pure_pursuit_node]: Pure Pursuit: pose=(-3.472, 7.606, 0.073) cte=-0.019 closest=2258 target=2305 path_dist=0.019 heading_err=0.004 steer=-0.143 speed=3.471
[ground_truth_amcl_monitor-7] [INFO] [1789012306.418872665] [ground_truth_amcl_monitor]: AMCL vs GT: gt=(-3.647, 7.602) amcl=(-3.809, 7.563) error=0.167 m / 0.066 rad; current_map=(-3.646, 7.591, 0.135) error=0.011 m / 0.000 rad; odom=(-4.980, 7.333, 0.135) error=1.360 m / 0.000 rad; ekf=(-4.980, 7.333, 0.135) error=1.360 m / 0.000 rad; RMS=0.113 m / 0.037 rad max=0.499 m / 0.174 rad samples=6950
[gpu_amcl_cpp_node-6] [INFO] [1789012306.425252114] [gpu_amcl_cpp]: AMCL local correction: odom_prediction=(-3.646, 7.591, 0.135) scan=(-3.649, 7.594, 0.145) correction=0.005 m/0.009 rad cluster_weight=0.981 publish=true
[gpu_amcl_cpp_node-6] [INFO] [1789012306.963054187] [gpu_amcl_cpp]: AMCL odom delta: at_scan=(-3.743, -3.942, 1.012) baseline=(-3.876, -4.178, 1.100) delta=(0.133, 0.236, -0.088) moved=true scan_age=0.050s
[ground_truth_amcl_monitor-7] [INFO] [1789012307.424891688] [ground_truth_amcl_monitor]: AMCL vs GT: gt=(-0.493, 5.783) amcl=(-0.486, 5.780) error=0.007 m / 0.000 rad; current_map=(-0.485, 5.781, -1.011) error=0.009 m / 0.000 rad; odom=(-1.814, 5.493, -1.011) error=1.353 m / 0.000 rad; ekf=(-1.814, 5.493, -1.011) error=1.353 m / 0.000 rad; RMS=0.114 m / 0.037 rad max=0.499 m / 0.174 rad samples=6989
[component_container-9] [INFO] [1789012307.464521552] [pure_pursuit_node]: Pure Pursuit: pose=(-0.259, 5.377, -1.111) cte=-0.030 closest=2464 target=2514 path_dist=0.030 heading_err=0.038 steer=-0.015 speed=5.144
[gpu_amcl_cpp_node-6] [INFO] [1789012307.471070039] [gpu_amcl_cpp]: AMCL local correction: odom_prediction=(-0.369, 5.581, -1.066) scan=(-0.357, 5.573, -1.071) correction=0.014 m/0.005 rad cluster_weight=0.962 publish=true
[gpu_amcl_cpp_node-6] [INFO] [1789012307.866857765] [gpu_amcl_cpp]: Received LiDAR callback #3531 (1081 ranges).
[gpu_amcl_cpp_node-6] [INFO] [1789012307.866922367] [gpu_amcl_cpp]: Starting AMCL scan update #3531 (sampled from 1081 ranges).
[gpu_amcl_cpp_node-6] [INFO] [1789012307.967697351] [gpu_amcl_cpp]: AMCL odom delta: at_scan=(0.249, -1.480, 0.286) baseline=(-0.005, -1.557, 0.302) delta=(0.254, 0.077, -0.016) moved=true scan_age=0.051s
[gpu_amcl_cpp_node-6] [WARN] [1789012308.038182678] [gpu_amcl_cpp]: Queued LiDAR scan until source-time odometry arrives (queued=1).
[gpu_amcl_cpp_node-6] [INFO] [1789012308.139637451] [gpu_amcl_cpp]: AMCL scan update #3537 completed; evaluating pose confidence.
[gpu_amcl_cpp_node-6] [WARN] [1789012308.419974271] [gpu_amcl_cpp]: No local AMCL cluster near odometry prediction; using causal odometry pose.
[component_container-9] [INFO] [1789012308.465866944] [pure_pursuit_node]: Pure Pursuit: pose=(1.290, 0.363, -1.492) cte=-0.032 closest=141 target=193 path_dist=0.032 heading_err=0.050 steer=-0.015 speed=5.891
[ground_truth_amcl_monitor-7] [INFO] [1789012308.468091549] [ground_truth_amcl_monitor]: AMCL vs GT: gt=(1.274, 0.721) amcl=(1.246, 0.907) error=0.188 m / 0.021 rad; current_map=(1.266, 0.640, -1.506) error=0.081 m / 0.000 rad; odom=(-0.032, 0.347, -1.506) error=1.359 m / 0.000 rad; ekf=(-0.032, 0.347, -1.506) error=1.359 m / 0.000 rad; RMS=0.114 m / 0.037 rad max=0.499 m / 0.174 rad samples=7026
[gpu_amcl_cpp_node-6] [INFO] [1789012308.472312918] [gpu_amcl_cpp]: AMCL local correction: odom_prediction=(1.266, 0.640, -1.506) scan=(1.247, 0.718, -1.510) correction=0.080 m/0.004 rad cluster_weight=0.916 publish=true
[gpu_amcl_cpp_node-6] [INFO] [1789012308.626348544] [gpu_amcl_cpp]: AMCL recovery candidate: pose=(1.279, -0.266, -1.510) weight=0.862 stable_scans=1/3 odom_prediction=(1.308, -0.182).
[gpu_amcl_cpp_node-6] [INFO] [1789012308.992504269] [gpu_amcl_cpp]: AMCL odom delta: at_scan=(5.835, -0.663, -0.062) baseline=(5.574, -0.653, -0.011) delta=(0.261, -0.009, -0.051) moved=true scan_age=0.051s
[gpu_amcl_cpp_node-6] [INFO] [1789012309.474243230] [gpu_amcl_cpp]: AMCL local correction: odom_prediction=(1.016, -4.777, -1.728) scan=(1.024, -4.745, -1.731) correction=0.033 m/0.002 rad cluster_weight=0.936 publish=true
[ground_truth_amcl_monitor-7] [INFO] [1789012309.478667651] [ground_truth_amcl_monitor]: AMCL vs GT: gt=(1.022, -4.640) amcl=(1.018, -4.774) error=0.133 m / 0.000 rad; current_map=(1.016, -4.777, -1.728) error=0.137 m / 0.000 rad; odom=(-0.294, -5.133, -1.728) error=1.405 m / 0.000 rad; ekf=(-0.294, -5.133, -1.728) error=1.405 m / 0.000 rad; RMS=0.114 m / 0.037 rad max=0.499 m / 0.174 rad samples=7065
[component_container-9] [INFO] [1789012309.515647662] [pure_pursuit_node]: Pure Pursuit: pose=(0.934, -5.369, -1.688) cte=-0.029 closest=429 target=483 path_dist=0.029 heading_err=-0.075 steer=-0.094 speed=5.183
[gpu_amcl_cpp_node-6] [WARN] [1789012309.676319299] [gpu_amcl_cpp]: No local AMCL cluster near odometry prediction; using causal odometry pose.
[gpu_amcl_cpp_node-6] [INFO] [1789012310.013536137] [gpu_amcl_cpp]: AMCL odom delta: at_scan=(10.890, -1.584, -0.217) baseline=(10.715, -1.547, -0.203) delta=(0.174, -0.037, -0.014) moved=true scan_age=0.051s
[ground_truth_amcl_monitor-7] [INFO] [1789012310.491845046] [ground_truth_amcl_monitor]: AMCL vs GT: gt=(0.081, -8.718) amcl=(0.119, -8.659) error=0.070 m / 0.016 rad; current_map=(0.070, -8.784, -1.955) error=0.067 m / 0.000 rad; odom=(-1.254, -9.303, -1.955) error=1.458 m / 0.000 rad; ekf=(-1.254, -9.303, -1.955) error=1.458 m / 0.000 rad; RMS=0.114 m / 0.037 rad max=0.499 m / 0.174 rad samples=7102
[gpu_amcl_cpp_node-6] [INFO] [1789012310.496398801] [gpu_amcl_cpp]: AMCL local correction: odom_prediction=(0.070, -8.784, -1.955) scan=(0.086, -8.727, -1.958) correction=0.059 m/0.003 rad cluster_weight=0.986 publish=true
[component_container-9] [INFO] [1789012310.540825297] [pure_pursuit_node]: Pure Pursuit: pose=(-0.022, -8.982, -2.052) cte=-0.011 closest=616 target=660 path_dist=0.011 heading_err=0.060 steer=-0.037 speed=2.549
[gpu_amcl_cpp_node-6] [INFO] [1789012311.016889505] [gpu_amcl_cpp]: AMCL odom delta: at_scan=(13.516, -2.712, -0.820) baseline=(13.432, -2.628, -0.747) delta=(0.084, -0.084, -0.073) moved=true scan_age=0.051s
[ground_truth_amcl_monitor-7] [INFO] [1789012311.539221823] [ground_truth_amcl_monitor]: AMCL vs GT: gt=(-1.732, -10.087) amcl=(-1.578, -10.092) error=0.154 m / 0.148 rad; current_map=(-1.754, -10.058, 2.879) error=0.036 m / 0.000 rad; odom=(-3.102, -10.680, 2.879) error=1.493 m / 0.000 rad; ekf=(-2.927, -10.713, 3.027) error=1.349 m / 0.148 rad; RMS=0.114 m / 0.037 rad max=0.499 m / 0.174 rad samples=7142
[gpu_amcl_cpp_node-6] [INFO] [1789012311.544237536] [gpu_amcl_cpp]: AMCL local correction: odom_prediction=(-1.754, -10.058, 2.879) scan=(-1.710, -10.060, 2.918) correction=0.044 m/0.038 rad cluster_weight=0.988 publish=true
[component_container-9] [INFO] [1789012311.587133894] [pure_pursuit_node]: Pure Pursuit: pose=(-1.991, -9.966, 2.661) cte=-0.016 closest=741 target=786 path_dist=0.016 heading_err=-0.022 steer=-0.232 speed=2.642
[gpu_amcl_cpp_node-6] [INFO] [1789012312.039527203] [gpu_amcl_cpp]: AMCL odom delta: at_scan=(12.967, -4.870, -2.644) baseline=(13.149, -4.760, -2.554) delta=(-0.182, -0.110, -0.090) moved=true scan_age=0.052s
[ground_truth_amcl_monitor-7] [INFO] [1789012312.567782951] [ground_truth_amcl_monitor]: AMCL vs GT: gt=(-3.164, -7.274) amcl=(-3.154, -7.454) error=0.180 m / 0.057 rad; current_map=(-3.160, -7.238, 1.571) error=0.037 m / 0.000 rad; odom=(-4.544, -7.854, 1.571) error=1.496 m / 0.000 rad; ekf=(-4.544, -7.854, 1.571) error=1.496 m / 0.000 rad; RMS=0.114 m / 0.037 rad max=0.499 m / 0.174 rad samples=7180
[gpu_amcl_cpp_node-6] [INFO] [1789012312.571570635] [gpu_amcl_cpp]: AMCL local correction: odom_prediction=(-3.160, -7.238, 1.571) scan=(-3.158, -7.250, 1.575) correction=0.013 m/0.004 rad cluster_weight=0.993 publish=true
[component_container-9] [INFO] [1789012312.615589935] [pure_pursuit_node]: Pure Pursuit: pose=(-3.155, -6.789, 1.550) cte=0.001 closest=917 target=967 path_dist=0.001 heading_err=-0.012 steer=-0.059 speed=5.219
[gpu_amcl_cpp_node-6] [INFO] [1789012312.868076324] [gpu_amcl_cpp]: Received LiDAR callback #3626 (1081 ranges).
[gpu_amcl_cpp_node-6] [INFO] [1789012312.868137329] [gpu_amcl_cpp]: Starting AMCL scan update #3626 (sampled from 1081 ranges).
[gpu_amcl_cpp_node-6] [INFO] [1789012313.066684551] [gpu_amcl_cpp]: AMCL odom delta: at_scan=(8.585, -5.027, 2.853) baseline=(8.821, -5.097, 2.855) delta=(-0.235, 0.070, -0.002) moved=true scan_age=0.050s
[gpu_amcl_cpp_node-6] [WARN] [1789012313.120824515] [gpu_amcl_cpp]: No local AMCL cluster near odometry prediction; using causal odometry pose.
[gpu_amcl_cpp_node-6] [INFO] [1789012313.169435512] [gpu_amcl_cpp]: AMCL scan update #3632 completed; evaluating pose confidence.
[ground_truth_amcl_monitor-7] [INFO] [1789012313.568014537] [ground_truth_amcl_monitor]: AMCL vs GT: gt=(-2.126, -2.302) amcl=(-2.150, -2.515) error=0.214 m / 0.066 rad; current_map=(-2.083, -2.205, 1.391) error=0.107 m / 0.000 rad; odom=(-3.489, -2.788, 1.391) error=1.447 m / 0.000 rad; ekf=(-3.489, -2.788, 1.391) error=1.447 m / 0.000 rad; RMS=0.114 m / 0.037 rad max=0.499 m / 0.174 rad samples=7218
[gpu_amcl_cpp_node-6] [INFO] [1789012313.572671396] [gpu_amcl_cpp]: AMCL local correction: odom_prediction=(-2.083, -2.205, 1.391) scan=(-2.095, -2.230, 1.383) correction=0.028 m/0.009 rad cluster_weight=0.929 publish=true
[component_container-9] [INFO] [1789012313.618771710] [pure_pursuit_node]: Pure Pursuit: pose=(-1.973, -1.617, 1.381) cte=-0.035 closest=1183 target=1236 path_dist=0.035 heading_err=-0.063 steer=-0.064 speed=5.314
[gpu_amcl_cpp_node-6] [WARN] [1789012313.687134475] [gpu_amcl_cpp]: Queued LiDAR scan until source-time odometry arrives (queued=1).
[gpu_amcl_cpp_node-6] [INFO] [1789012314.113798292] [gpu_amcl_cpp]: AMCL odom delta: at_scan=(3.331, -3.681, 2.947) baseline=(3.510, -3.713, 2.984) delta=(-0.179, 0.032, -0.037) moved=true scan_age=0.051s
[ground_truth_amcl_monitor-7] [INFO] [1789012314.592136566] [ground_truth_amcl_monitor]: AMCL vs GT: gt=(-1.285, 1.965) amcl=(-1.291, 1.903) error=0.062 m / 0.010 rad; current_map=(-1.276, 2.061, 1.480) error=0.097 m / 0.000 rad; odom=(-2.639, 1.505, 1.480) error=1.429 m / 0.000 rad; ekf=(-2.639, 1.505, 1.480) error=1.429 m / 0.000 rad; RMS=0.114 m / 0.037 rad max=0.499 m / 0.174 rad samples=7256
[gpu_amcl_cpp_node-6] [INFO] [1789012314.596954468] [gpu_amcl_cpp]: AMCL local correction: odom_prediction=(-1.276, 2.061, 1.480) scan=(-1.271, 2.048, 1.475) correction=0.014 m/0.005 rad cluster_weight=0.965 publish=true
[component_container-9] [INFO] [1789012314.641135803] [pure_pursuit_node]: Pure Pursuit: pose=(-1.264, 2.367, 1.586) cte=0.003 closest=1386 target=1432 path_dist=0.003 heading_err=0.045 steer=0.162 speed=2.170
[gpu_amcl_cpp_node-6] [INFO] [1789012315.141641199] [gpu_amcl_cpp]: AMCL odom delta: at_scan=(0.443, -3.640, -2.688) baseline=(0.530, -3.600, -2.739) delta=(-0.087, -0.040, 0.052) moved=true scan_age=0.050s
[ground_truth_amcl_monitor-7] [INFO] [1789012315.594034346] [ground_truth_amcl_monitor]: AMCL vs GT: gt=(-2.010, 3.709) amcl=(-1.948, 3.734) error=0.067 m / 0.091 rad; current_map=(-2.024, 3.770, 2.750) error=0.063 m / 0.000 rad; odom=(-3.387, 3.265, 2.750) error=1.447 m / 0.000 rad; ekf=(-3.387, 3.265, 2.750) error=1.447 m / 0.000 rad; RMS=0.114 m / 0.037 rad max=0.499 m / 0.174 rad samples=7294
[gpu_amcl_cpp_node-6] [INFO] [1789012315.599663564] [gpu_amcl_cpp]: AMCL local correction: odom_prediction=(-2.024, 3.770, 2.750) scan=(-2.024, 3.763, 2.743) correction=0.007 m/0.007 rad cluster_weight=0.975 publish=true
[component_container-9] [INFO] [1789012315.641499588] [pure_pursuit_node]: Pure Pursuit: pose=(-2.186, 3.818, 2.954) cte=-0.033 closest=1481 target=1523 path_dist=0.033 heading_err=0.092 steer=0.430 speed=1.824
[gpu_amcl_cpp_node-6] [INFO] [1789012316.142209709] [gpu_amcl_cpp]: AMCL odom delta: at_scan=(0.090, -5.093, -0.755) baseline=(0.024, -5.023, -0.865) delta=(0.066, -0.070, 0.109) moved=true scan_age=0.051s
[ground_truth_amcl_monitor-7] [INFO] [1789012316.617239881] [ground_truth_amcl_monitor]: AMCL vs GT: gt=(-3.205, 2.503) amcl=(-3.174, 2.613) error=0.114 m / 0.011 rad; current_map=(-3.195, 2.472, -1.713) error=0.032 m / 0.000 rad; odom=(-4.664, 2.049, -1.713) error=1.528 m / 0.000 rad; ekf=(-4.644, 2.189, -1.724) error=1.472 m / 0.011 rad; RMS=0.114 m / 0.038 rad max=0.499 m / 0.174 rad samples=7334
[gpu_amcl_cpp_node-6] [INFO] [1789012316.623455421] [gpu_amcl_cpp]: AMCL local correction: odom_prediction=(-3.195, 2.472, -1.713) scan=(-3.192, 2.454, -1.703) correction=0.019 m/0.009 rad cluster_weight=0.945 publish=true
[component_container-9] [INFO] [1789012316.665523211] [pure_pursuit_node]: Pure Pursuit: pose=(-3.235, 2.163, -1.688) cte=0.037 closest=1593 target=1639 path_dist=0.037 heading_err=-0.006 steer=0.029 speed=3.473
[gpu_amcl_cpp_node-6] [INFO] [1789012317.163665793] [gpu_amcl_cpp]: AMCL odom delta: at_scan=(2.864, -5.689, -0.280) baseline=(2.734, -5.654, -0.242) delta=(0.130, -0.035, -0.038) moved=true scan_age=0.050s
[ground_truth_amcl_monitor-7] [INFO] [1789012317.617601222] [ground_truth_amcl_monitor]: AMCL vs GT: gt=(-3.848, -0.073) amcl=(-3.774, -0.002) error=0.103 m / 0.066 rad; current_map=(-3.835, -0.072, -2.323) error=0.013 m / 0.000 rad; odom=(-5.312, -0.517, -2.323) error=1.530 m / 0.000 rad; ekf=(-5.312, -0.517, -2.323) error=1.530 m / 0.000 rad; RMS=0.114 m / 0.038 rad max=0.499 m / 0.174 rad samples=7372
[gpu_amcl_cpp_node-6] [INFO] [1789012317.673485377] [gpu_amcl_cpp]: AMCL local correction: odom_prediction=(-3.905, -0.141, -2.394) scan=(-3.906, -0.172, -2.391) correction=0.032 m/0.003 rad cluster_weight=0.975 publish=true
[component_container-9] [INFO] [1789012317.714548247] [pure_pursuit_node]: Pure Pursuit: pose=(-4.052, -0.260, -2.527) cte=0.011 closest=1726 target=1770 path_dist=0.011 heading_err=-0.069 steer=-0.272 speed=1.970
[gpu_amcl_cpp_node-6] [INFO] [1789012317.891479985] [gpu_amcl_cpp]: Received LiDAR callback #3722 (1081 ranges).
[gpu_amcl_cpp_node-6] [INFO] [1789012317.891542653] [gpu_amcl_cpp]: Starting AMCL scan update #3722 (sampled from 1081 ranges).
[gpu_amcl_cpp_node-6] [INFO] [1789012318.167748532] [gpu_amcl_cpp]: AMCL odom delta: at_scan=(4.072, -7.054, -1.675) baseline=(4.076, -6.915, -1.526) delta=(-0.004, -0.139, -0.149) moved=true scan_age=0.055s
[gpu_amcl_cpp_node-6] [INFO] [1789012318.239493198] [gpu_amcl_cpp]: AMCL scan update #3728 completed; evaluating pose confidence.
[ground_truth_amcl_monitor-7] [INFO] [1789012318.626017080] [ground_truth_amcl_monitor]: AMCL vs GT: gt=(-5.511, -0.001) amcl=(-5.499, 0.000) error=0.012 m / 0.000 rad; current_map=(-5.498, -0.001, 2.214) error=0.013 m / 0.000 rad; odom=(-7.021, -0.443, 2.214) error=1.574 m / 0.000 rad; ekf=(-7.021, -0.443, 2.214) error=1.574 m / 0.000 rad; RMS=0.114 m / 0.038 rad max=0.499 m / 0.174 rad samples=7409
[gpu_amcl_cpp_node-6] [INFO] [1789012318.676354073] [gpu_amcl_cpp]: AMCL local correction: odom_prediction=(-5.570, 0.103, 2.138) scan=(-5.576, 0.095, 2.134) correction=0.010 m/0.004 rad cluster_weight=0.957 publish=true
[component_container-9] [INFO] [1789012318.739822472] [pure_pursuit_node]: Pure Pursuit: pose=(-5.720, 0.387, 1.976) cte=-0.036 closest=1832 target=1877 path_dist=0.036 heading_err=-0.018 steer=-0.092 speed=3.299
[gpu_amcl_cpp_node-6] [INFO] [1789012319.218316409] [gpu_amcl_cpp]: AMCL odom delta: at_scan=(1.790, -8.390, -2.991) baseline=(1.991, -8.358, -2.973) delta=(-0.201, -0.032, -0.018) moved=true scan_age=0.050s
[gpu_amcl_cpp_node-6] [WARN] [1789012319.441027808] [gpu_amcl_cpp]: Queued LiDAR scan until source-time odometry arrives (queued=1).
[ground_truth_amcl_monitor-7] [INFO] [1789012319.642519899] [ground_truth_amcl_monitor]: AMCL vs GT: gt=(-6.173, 3.785) amcl=(-6.162, 3.527) error=0.258 m / 0.035 rad; current_map=(-6.158, 3.764, 1.538) error=0.026 m / 0.000 rad; odom=(-7.675, 3.341, 1.538) error=1.566 m / 0.000 rad; ekf=(-7.678, 3.103, 1.574) error=1.652 m / 0.035 rad; RMS=0.114 m / 0.038 rad max=0.499 m / 0.174 rad samples=7444
[gpu_amcl_cpp_node-6] [INFO] [1789012319.696488040] [gpu_amcl_cpp]: AMCL local correction: odom_prediction=(-6.142, 4.009, 1.481) scan=(-6.149, 3.997, 1.485) correction=0.014 m/0.004 rad cluster_weight=0.972 publish=true
[component_container-9] [INFO] [1789012319.740737193] [pure_pursuit_node]: Pure Pursuit: pose=(-6.073, 4.462, 1.359) cte=-0.006 closest=2038 target=2088 path_dist=0.006 heading_err=0.051 steer=-0.005 speed=4.356
[gpu_amcl_cpp_node-6] [INFO] [1789012320.267091124] [gpu_amcl_cpp]: AMCL odom delta: at_scan=(-2.713, -7.776, 2.613) baseline=(-2.576, -7.855, 2.624) delta=(-0.137, 0.079, -0.011) moved=true scan_age=0.050s
[ground_truth_amcl_monitor-7] [INFO] [1789012320.650523973] [ground_truth_amcl_monitor]: AMCL vs GT: gt=(-4.877, 7.027) amcl=(-4.844, 7.033) error=0.033 m / 0.000 rad; current_map=(-4.841, 7.036, 0.678) error=0.037 m / 0.000 rad; odom=(-6.333, 6.639, 0.678) error=1.507 m / 0.000 rad; ekf=(-6.333, 6.639, 0.678) error=1.507 m / 0.000 rad; RMS=0.114 m / 0.038 rad max=0.499 m / 0.174 rad samples=7483
[gpu_amcl_cpp_node-6] [INFO] [1789012320.697524460] [gpu_amcl_cpp]: AMCL local correction: odom_prediction=(-4.730, 7.120, 0.634) scan=(-4.751, 7.100, 0.641) correction=0.029 m/0.007 rad cluster_weight=0.995 publish=true
[component_container-9] [INFO] [1789012320.740977275] [pure_pursuit_node]: Pure Pursuit: pose=(-4.467, 7.286, 0.493) cte=-0.001 closest=2206 target=2252 path_dist=0.001 heading_err=0.014 steer=-0.114 speed=3.354
[gpu_amcl_cpp_node-6] [INFO] [1789012321.313025295] [gpu_amcl_cpp]: AMCL odom delta: at_scan=(-4.005, -5.045, 1.376) baseline=(-4.034, -5.213, 1.432) delta=(0.028, 0.168, -0.055) moved=true scan_age=0.050s
[ground_truth_amcl_monitor-7] [INFO] [1789012321.665534484] [ground_truth_amcl_monitor]: AMCL vs GT: gt=(-1.642, 7.057) amcl=(-1.879, 7.220) error=0.288 m / 0.084 rad; current_map=(-1.637, 7.060, -0.627) error=0.006 m / 0.000 rad; odom=(-3.094, 6.653, -0.627) error=1.507 m / 0.000 rad; ekf=(-3.094, 6.653, -0.627) error=1.507 m / 0.000 rad; RMS=0.114 m / 0.038 rad max=0.499 m / 0.174 rad samples=7520
[gpu_amcl_cpp_node-6] [INFO] [1789012321.725433581] [gpu_amcl_cpp]: AMCL local correction: odom_prediction=(-1.474, 6.939, -0.698) scan=(-1.462, 6.932, -0.703) correction=0.014 m/0.005 rad cluster_weight=0.966 publish=true
[component_container-9] [INFO] [1789012321.787420814] [pure_pursuit_node]: Pure Pursuit: pose=(-1.107, 6.598, -0.801) cte=-0.040 closest=2390 target=2439 path_dist=0.040 heading_err=-0.018 steer=-0.113 speed=4.483
[gpu_amcl_cpp_node-6] [INFO] [1789012322.317492487] [gpu_amcl_cpp]: AMCL odom delta: at_scan=(-1.101, -2.148, 0.457) baseline=(-1.345, -2.273, 0.491) delta=(0.244, 0.125, -0.033) moved=true scan_age=0.052s
[ground_truth_amcl_monitor-7] [INFO] [1789012322.691802929] [ground_truth_amcl_monitor]: AMCL vs GT: gt=(0.691, 3.091) amcl=(0.632, 3.328) error=0.245 m / 0.003 rad; current_map=(0.701, 3.099, -1.281) error=0.013 m / 0.000 rad; odom=(-0.749, 2.652, -1.281) error=1.505 m / 0.000 rad; ekf=(-0.817, 2.882, -1.279) error=1.522 m / 0.003 rad; RMS=0.115 m / 0.038 rad max=0.499 m / 0.174 rad samples=7556
[gpu_amcl_cpp_node-6] [WARN] [1789012322.749266375] [gpu_amcl_cpp]: No local AMCL cluster near odometry prediction; using causal odometry pose.
[component_container-9] [INFO] [1789012322.790586118] [pure_pursuit_node]: Pure Pursuit: pose=(0.928, 2.363, -1.235) cte=-0.064 closest=40 target=91 path_dist=0.064 heading_err=-0.077 steer=-0.142 speed=4.608
[gpu_amcl_cpp_node-6] [INFO] [1789012322.797499841] [gpu_amcl_cpp]: AMCL local correction: odom_prediction=(0.842, 2.611, -1.274) scan=(0.833, 2.643, -1.286) correction=0.033 m/0.012 rad cluster_weight=0.936 publish=true
[gpu_amcl_cpp_node-6] [INFO] [1789012322.893241338] [gpu_amcl_cpp]: Received LiDAR callback #3814 (1081 ranges).
[gpu_amcl_cpp_node-6] [INFO] [1789012322.893304337] [gpu_amcl_cpp]: Starting AMCL scan update #3814 (sampled from 1081 ranges).
[gpu_amcl_cpp_node-6] [INFO] [1789012323.289806987] [gpu_amcl_cpp]: AMCL scan update #3821 completed; evaluating pose confidence.
[gpu_amcl_cpp_node-6] [INFO] [1789012323.343864477] [gpu_amcl_cpp]: AMCL odom delta: at_scan=(3.525, -0.877, 0.166) baseline=(3.273, -0.919, 0.164) delta=(0.253, 0.042, 0.002) moved=true scan_age=0.055s
[ground_truth_amcl_monitor-7] [INFO] [1789012323.693413568] [ground_truth_amcl_monitor]: AMCL vs GT: gt=(1.464, -1.349) amcl=(1.454, -1.190) error=0.159 m / 0.012 rad; current_map=(1.451, -1.411, -1.591) error=0.064 m / 0.000 rad; odom=(0.015, -1.855, -1.591) error=1.536 m / 0.000 rad; ekf=(0.015, -1.855, -1.591) error=1.536 m / 0.000 rad; RMS=0.115 m / 0.038 rad max=0.499 m / 0.174 rad samples=7592
[component_container-9] [INFO] [1789012323.841301742] [pure_pursuit_node]: Pure Pursuit: pose=(1.401, -2.362, -1.714) cte=-0.075 closest=277 target=328 path_dist=0.075 heading_err=0.076 steer=0.009 speed=4.826
[gpu_amcl_cpp_node-6] [INFO] [1789012323.850330573] [gpu_amcl_cpp]: AMCL local correction: odom_prediction=(1.436, -2.117, -1.641) scan=(1.437, -2.106, -1.642) correction=0.011 m/0.001 rad cluster_weight=0.955 publish=true
[gpu_amcl_cpp_node-6] [WARN] [1789012324.195781336] [gpu_amcl_cpp]: No local AMCL cluster near odometry prediction; using causal odometry pose.
[gpu_amcl_cpp_node-6] [INFO] [1789012324.392068267] [gpu_amcl_cpp]: AMCL odom delta: at_scan=(8.459, -1.218, -0.167) baseline=(8.213, -1.177, -0.159) delta=(0.246, -0.041, -0.008) moved=true scan_age=0.050s
[ground_truth_amcl_monitor-7] [INFO] [1789012324.717604706] [ground_truth_amcl_monitor]: AMCL vs GT: gt=(0.730, -6.339) amcl=(0.774, -6.180) error=0.165 m / 0.007 rad; current_map=(0.726, -6.396, -1.792) error=0.057 m / 0.000 rad; odom=(-0.734, -6.905, -1.792) error=1.569 m / 0.000 rad; ekf=(-0.734, -6.905, -1.792) error=1.569 m / 0.000 rad; RMS=0.116 m / 0.038 rad max=0.499 m / 0.174 rad samples=7630
[component_container-9] [INFO] [1789012324.867165125] [pure_pursuit_node]: Pure Pursuit: pose=(0.553, -7.179, -1.753) cte=-0.041 closest=521 target=570 path_dist=0.041 heading_err=-0.052 steer=-0.104 speed=3.818
[gpu_amcl_cpp_node-6] [INFO] [1789012324.875355849] [gpu_amcl_cpp]: AMCL local correction: odom_prediction=(0.596, -6.962, -1.804) scan=(0.606, -6.912, -1.807) correction=0.051 m/0.003 rad cluster_weight=0.952 publish=true
[gpu_amcl_cpp_node-6] [INFO] [1789012325.416474870] [gpu_amcl_cpp]: AMCL odom delta: at_scan=(12.585, -2.219, -0.325) baseline=(12.449, -2.176, -0.288) delta=(0.136, -0.043, -0.036) moved=true scan_age=0.053s
[ground_truth_amcl_monitor-7] [INFO] [1789012325.738258871] [ground_truth_amcl_monitor]: AMCL vs GT: gt=(-0.300, -9.515) amcl=(-0.218, -9.401) error=0.141 m / 0.043 rad; current_map=(-0.288, -9.503, -2.194) error=0.017 m / 0.000 rad; odom=(-1.775, -10.113, -2.194) error=1.591 m / 0.000 rad; ekf=(-1.775, -10.113, -2.194) error=1.591 m / 0.000 rad; RMS=0.116 m / 0.038 rad max=0.499 m / 0.174 rad samples=7668
[component_container-9] [INFO] [1789012325.886981905] [pure_pursuit_node]: Pure Pursuit: pose=(-0.626, -9.851, -2.516) cte=0.001 closest=669 target=714 path_dist=0.001 heading_err=0.061 steer=-0.224 speed=2.519
[gpu_amcl_cpp_node-6] [INFO] [1789012325.894674543] [gpu_amcl_cpp]: AMCL local correction: odom_prediction=(-0.523, -9.772, -2.412) scan=(-0.493, -9.748, -2.381) correction=0.038 m/0.031 rad cluster_weight=0.999 publish=true
[gpu_amcl_cpp_node-6] [INFO] [1789012326.467033168] [gpu_amcl_cpp]: AMCL odom delta: at_scan=(13.836, -4.149, -1.923) baseline=(13.873, -4.029, -1.823) delta=(-0.037, -0.119, -0.100) moved=true scan_age=0.053s
[ground_truth_amcl_monitor-7] [INFO] [1789012326.743741763] [ground_truth_amcl_monitor]: AMCL vs GT: gt=(-2.399, -9.685) amcl=(-2.322, -9.745) error=0.097 m / 0.083 rad; current_map=(-2.412, -9.651, 2.296) error=0.037 m / 0.000 rad; odom=(-3.924, -10.276, 2.296) error=1.635 m / 0.000 rad; ekf=(-3.924, -10.276, 2.296) error=1.635 m / 0.000 rad; RMS=0.116 m / 0.038 rad max=0.499 m / 0.174 rad samples=7706
[gpu_amcl_cpp_node-6] [WARN] [1789012326.913309771] [gpu_amcl_cpp]: Queued LiDAR scan until source-time odometry arrives (queued=1).
[component_container-9] [INFO] [1789012326.913813288] [pure_pursuit_node]: Pure Pursuit: pose=(-2.746, -9.128, 2.010) cte=-0.046 closest=798 target=843 path_dist=0.046 heading_err=0.033 steer=-0.082 speed=3.510
[gpu_amcl_cpp_node-6] [INFO] [1789012326.925482455] [gpu_amcl_cpp]: AMCL local correction: odom_prediction=(-2.678, -9.262, 2.067) scan=(-2.675, -9.266, 2.090) correction=0.005 m/0.023 rad cluster_weight=0.968 publish=true
[gpu_amcl_cpp_node-6] [INFO] [1789012327.486969332] [gpu_amcl_cpp]: AMCL odom delta: at_scan=(10.984, -5.473, -3.128) baseline=(11.200, -5.466, -3.098) delta=(-0.215, -0.006, -0.030) moved=true scan_age=0.050s
[ground_truth_amcl_monitor-7] [INFO] [1789012327.750799236] [ground_truth_amcl_monitor]: AMCL vs GT: gt=(-3.117, -6.005) amcl=(-3.102, -5.992) error=0.020 m / 0.000 rad; current_map=(-3.103, -5.994, 1.434) error=0.018 m / 0.000 rad; odom=(-4.625, -6.593, 1.434) error=1.618 m / 0.000 rad; ekf=(-4.625, -6.593, 1.434) error=1.618 m / 0.000 rad; RMS=0.116 m / 0.038 rad max=0.499 m / 0.174 rad samples=7743
[component_container-9] [INFO] [1789012327.940184966] [pure_pursuit_node]: Pure Pursuit: pose=(-2.805, -4.770, 1.346) cte=0.003 closest=1020 target=1071 path_dist=0.003 heading_err=-0.067 steer=-0.051 speed=5.312
[gpu_amcl_cpp_node-6] [INFO] [1789012327.941510049] [gpu_amcl_cpp]: Received LiDAR callback #3909 (1081 ranges).
[gpu_amcl_cpp_node-6] [INFO] [1789012327.941561175] [gpu_amcl_cpp]: Starting AMCL scan update #3909 (sampled from 1081 ranges).
[gpu_amcl_cpp_node-6] [INFO] [1789012327.946739213] [gpu_amcl_cpp]: AMCL local correction: odom_prediction=(-2.864, -4.999, 1.324) scan=(-2.888, -5.025, 1.314) correction=0.034 m/0.009 rad cluster_weight=0.930 publish=true
[gpu_amcl_cpp_node-6] [INFO] [1789012328.316486824] [gpu_amcl_cpp]: AMCL scan update #3916 completed; evaluating pose confidence.
[gpu_amcl_cpp_node-6] [INFO] [1789012328.492637743] [gpu_amcl_cpp]: AMCL odom delta: at_scan=(6.142, -4.458, 2.982) baseline=(6.375, -4.497, 2.965) delta=(-0.233, 0.039, 0.017) moved=true scan_age=0.054s
[ground_truth_amcl_monitor-7] [INFO] [1789012328.767902612] [ground_truth_amcl_monitor]: AMCL vs GT: gt=(-1.796, -1.105) amcl=(-1.844, -1.259) error=0.162 m / 0.043 rad; current_map=(-1.765, -1.017, 1.276) error=0.094 m / 0.000 rad; odom=(-3.280, -1.599, 1.276) error=1.564 m / 0.000 rad; ekf=(-3.280, -1.599, 1.276) error=1.564 m / 0.000 rad; RMS=0.116 m / 0.038 rad max=0.499 m / 0.174 rad samples=7780
[component_container-9] [INFO] [1789012328.986653603] [pure_pursuit_node]: Pure Pursuit: pose=(-1.491, 0.198, 1.316) cte=0.025 closest=1277 target=1326 path_dist=0.025 heading_err=0.058 steer=0.101 speed=3.788
[gpu_amcl_cpp_node-6] [INFO] [1789012328.994622230] [gpu_amcl_cpp]: AMCL local correction: odom_prediction=(-1.543, 0.017, 1.348) scan=(-1.566, 0.008, 1.359) correction=0.025 m/0.012 rad cluster_weight=0.944 publish=true
[gpu_amcl_cpp_node-6] [INFO] [1789012329.541952341] [gpu_amcl_cpp]: AMCL odom delta: at_scan=(1.743, -3.564, -3.137) baseline=(1.912, -3.569, 3.081) delta=(-0.169, 0.005, 0.065) moved=true scan_age=0.050s
[ground_truth_amcl_monitor-7] [INFO] [1789012329.773848825] [ground_truth_amcl_monitor]: AMCL vs GT: gt=(-1.311, 2.559) amcl=(-1.295, 2.608) error=0.051 m / 0.000 rad; current_map=(-1.297, 2.609, 1.681) error=0.052 m / 0.000 rad; odom=(-2.802, 2.040, 1.681) error=1.579 m / 0.000 rad; ekf=(-2.802, 2.040, 1.681) error=1.579 m / 0.000 rad; RMS=0.116 m / 0.038 rad max=0.499 m / 0.174 rad samples=7819
[component_container-9] [INFO] [1789012329.990725290] [pure_pursuit_node]: Pure Pursuit: pose=(-1.415, 3.107, 1.940) cte=0.001 closest=1424 target=1467 path_dist=0.001 heading_err=-0.021 steer=0.200 speed=1.967
[gpu_amcl_cpp_node-6] [INFO] [1789012329.997483871] [gpu_amcl_cpp]: AMCL local correction: odom_prediction=(-1.380, 3.011, 1.888) scan=(-1.385, 3.010, 1.887) correction=0.005 m/0.001 rad cluster_weight=0.983 publish=true
[gpu_amcl_cpp_node-6] [INFO] [1789012330.563322322] [gpu_amcl_cpp]: AMCL odom delta: at_scan=(-0.089, -4.346, -1.932) baseline=(-0.053, -4.265, -2.031) delta=(-0.036, -0.082, 0.099) moved=true scan_age=0.050s
[ground_truth_amcl_monitor-7] [INFO] [1789012330.777255040] [ground_truth_amcl_monitor]: AMCL vs GT: gt=(-2.358, 3.792) amcl=(-2.390, 3.838) error=0.056 m / 0.000 rad; current_map=(-2.393, 3.844, -3.056) error=0.063 m / 0.000 rad; odom=(-3.905, 3.297, -3.056) error=1.624 m / 0.000 rad; ekf=(-3.905, 3.297, -3.056) error=1.624 m / 0.000 rad; RMS=0.116 m / 0.038 rad max=0.499 m / 0.174 rad samples=7855
[component_container-9] [INFO] [1789012331.039823050] [pure_pursuit_node]: Pure Pursuit: pose=(-2.879, 3.582, -2.457) cte=0.013 closest=1520 target=1562 path_dist=0.013 heading_err=0.205 steer=0.513 speed=2.128
[gpu_amcl_cpp_node-6] [INFO] [1789012331.046839957] [gpu_amcl_cpp]: AMCL local correction: odom_prediction=(-2.806, 3.621, -2.469) scan=(-2.778, 3.617, -2.455) correction=0.028 m/0.014 rad cluster_weight=0.980 publish=true
[gpu_amcl_cpp_node-6] [INFO] [1789012331.590914867] [gpu_amcl_cpp]: AMCL odom delta: at_scan=(1.096, -5.661, -0.084) baseline=(0.965, -5.647, -0.124) delta=(0.131, -0.014, 0.040) moved=true scan_age=0.049s
[ground_truth_amcl_monitor-7] [INFO] [1789012331.792726798] [ground_truth_amcl_monitor]: AMCL vs GT: gt=(-3.285, 1.973) amcl=(-3.267, 2.086) error=0.115 m / 0.002 rad; current_map=(-3.276, 1.925, -1.631) error=0.048 m / 0.000 rad; odom=(-4.898, 1.450, -1.631) error=1.695 m / 0.000 rad; ekf=(-4.898, 1.450, -1.631) error=1.695 m / 0.000 rad; RMS=0.116 m / 0.038 rad max=0.499 m / 0.174 rad samples=7894
[component_container-9] [INFO] [1789012332.040466199] [pure_pursuit_node]: Pure Pursuit: pose=(-3.369, 0.953, -1.749) cte=0.019 closest=1654 target=1701 path_dist=0.019 heading_err=-0.000 steer=-0.126 speed=2.292
[gpu_amcl_cpp_node-6] [INFO] [1789012332.048535876] [gpu_amcl_cpp]: AMCL local correction: odom_prediction=(-3.342, 1.113, -1.703) scan=(-3.335, 1.123, -1.696) correction=0.012 m/0.007 rad cluster_weight=0.974 publish=true
[gpu_amcl_cpp_node-6] [INFO] [1789012332.616764462] [gpu_amcl_cpp]: AMCL odom delta: at_scan=(3.721, -6.261, -0.740) baseline=(3.643, -6.195, -0.671) delta=(0.078, -0.067, -0.068) moved=true scan_age=0.052s
[ground_truth_amcl_monitor-7] [INFO] [1789012332.817640093] [ground_truth_amcl_monitor]: AMCL vs GT: gt=(-4.130, -0.275) amcl=(-4.046, -0.237) error=0.093 m / 0.068 rad; current_map=(-4.125, -0.290, -2.582) error=0.016 m / 0.000 rad; odom=(-5.755, -0.808, -2.582) error=1.710 m / 0.000 rad; ekf=(-5.675, -0.755, -2.514) error=1.618 m / 0.068 rad; RMS=0.115 m / 0.038 rad max=0.499 m / 0.174 rad samples=7934
[gpu_amcl_cpp_node-6] [INFO] [1789012332.988237477] [gpu_amcl_cpp]: Received LiDAR callback #4004 (1081 ranges).
[gpu_amcl_cpp_node-6] [INFO] [1789012332.988308471] [gpu_amcl_cpp]: Starting AMCL scan update #4004 (sampled from 1081 ranges).
[component_container-9] [INFO] [1789012333.089464802] [pure_pursuit_node]: Pure Pursuit: pose=(-4.706, -0.462, 3.129) cte=0.024 closest=1761 target=1805 path_dist=0.024 heading_err=0.047 steer=-0.361 speed=1.939
[gpu_amcl_cpp_node-6] [INFO] [1789012333.096144155] [gpu_amcl_cpp]: AMCL local correction: odom_prediction=(-4.603, -0.462, -3.057) scan=(-4.598, -0.468, -3.057) correction=0.008 m/0.001 rad cluster_weight=0.971 publish=true
[gpu_amcl_cpp_node-6] [INFO] [1789012333.363661974] [gpu_amcl_cpp]: AMCL scan update #4011 completed; evaluating pose confidence.
[gpu_amcl_cpp_node-6] [INFO] [1789012333.667031361] [gpu_amcl_cpp]: AMCL odom delta: at_scan=(3.607, -8.032, -2.541) baseline=(3.699, -7.964, -2.470) delta=(-0.092, -0.068, -0.071) moved=true scan_age=0.051s
[ground_truth_amcl_monitor-7] [INFO] [1789012333.824874368] [ground_truth_amcl_monitor]: AMCL vs GT: gt=(-5.765, 0.440) amcl=(-5.756, 0.430) error=0.014 m / 0.000 rad; current_map=(-5.758, 0.428, 1.968) error=0.014 m / 0.000 rad; odom=(-7.425, -0.095, 1.968) error=1.744 m / 0.000 rad; ekf=(-7.425, -0.095, 1.968) error=1.744 m / 0.000 rad; RMS=0.115 m / 0.038 rad max=0.499 m / 0.174 rad samples=7973
[component_container-9] [INFO] [1789012334.090669467] [pure_pursuit_node]: Pure Pursuit: pose=(-6.021, 1.498, 1.733) cte=-0.021 closest=1889 target=1937 path_dist=0.021 heading_err=0.035 steer=-0.031 speed=4.335
[gpu_amcl_cpp_node-6] [INFO] [1789012334.097644415] [gpu_amcl_cpp]: AMCL local correction: odom_prediction=(-5.987, 1.300, 1.752) scan=(-5.991, 1.332, 1.748) correction=0.033 m/0.004 rad cluster_weight=0.954 publish=true
[gpu_amcl_cpp_node-6] [INFO] [1789012334.668289136] [gpu_amcl_cpp]: AMCL odom delta: at_scan=(-0.202, -8.617, 3.074) baseline=(0.046, -8.628, 3.121) delta=(-0.248, 0.011, -0.047) moved=true scan_age=0.051s
[ground_truth_amcl_monitor-7] [INFO] [1789012334.839041772] [ground_truth_amcl_monitor]: AMCL vs GT: gt=(-6.036, 4.686) amcl=(-6.086, 4.431) error=0.259 m / 0.034 rad; current_map=(-6.036, 4.659, 1.335) error=0.026 m / 0.000 rad; odom=(-7.683, 4.155, 1.335) error=1.730 m / 0.000 rad; ekf=(-7.683, 4.155, 1.335) error=1.730 m / 0.000 rad; RMS=0.116 m / 0.038 rad max=0.499 m / 0.174 rad samples=8010
[gpu_amcl_cpp_node-6] [INFO] [1789012335.098628204] [gpu_amcl_cpp]: AMCL local correction: odom_prediction=(-5.757, 5.681, 1.225) scan=(-5.750, 5.724, 1.220) correction=0.043 m/0.005 rad cluster_weight=0.990 publish=true
[component_container-9] [INFO] [1789012335.140486129] [pure_pursuit_node]: Pure Pursuit: pose=(-5.627, 5.968, 1.065) cte=-0.015 closest=2116 target=2163 path_dist=0.015 heading_err=0.058 steer=-0.009 speed=2.856
[gpu_amcl_cpp_node-6] [INFO] [1789012335.713858800] [gpu_amcl_cpp]: AMCL odom delta: at_scan=(-3.458, -7.197, 2.215) baseline=(-3.326, -7.360, 2.287) delta=(-0.131, 0.162, -0.072) moved=true scan_age=0.051s
[ground_truth_amcl_monitor-7] [INFO] [1789012335.867711872] [ground_truth_amcl_monitor]: AMCL vs GT: gt=(-4.343, 7.421) amcl=(-4.481, 7.330) error=0.166 m / 0.074 rad; current_map=(-4.343, 7.402, 0.443) error=0.019 m / 0.000 rad; odom=(-5.994, 6.860, 0.443) error=1.744 m / 0.000 rad; ekf=(-5.994, 6.860, 0.443) error=1.744 m / 0.000 rad; RMS=0.116 m / 0.038 rad max=0.499 m / 0.174 rad samples=8050
[gpu_amcl_cpp_node-6] [INFO] [1789012336.100564945] [gpu_amcl_cpp]: AMCL local correction: odom_prediction=(-3.640, 7.614, 0.122) scan=(-3.635, 7.618, 0.128) correction=0.006 m/0.006 rad cluster_weight=0.986 publish=true
[component_container-9] [INFO] [1789012336.162093175] [pure_pursuit_node]: Pure Pursuit: pose=(-3.231, 7.636, -0.011) cte=-0.043 closest=2270 target=2317 path_dist=0.043 heading_err=-0.011 steer=-0.177 speed=3.471
[gpu_amcl_cpp_node-6] [INFO] [1789012336.741148845] [gpu_amcl_cpp]: AMCL odom delta: at_scan=(-3.247, -3.958, 0.868) baseline=(-3.363, -4.104, 0.926) delta=(0.116, 0.146, -0.057) moved=true scan_age=0.050s
[ground_truth_amcl_monitor-7] [INFO] [1789012336.873559548] [ground_truth_amcl_monitor]: AMCL vs GT: gt=(-1.156, 6.637) amcl=(-1.156, 6.647) error=0.010 m / 0.000 rad; current_map=(-1.152, 6.642, -0.813) error=0.006 m / 0.000 rad; odom=(-2.795, 6.065, -0.813) error=1.736 m / 0.000 rad; ekf=(-2.795, 6.065, -0.813) error=1.736 m / 0.000 rad; RMS=0.116 m / 0.038 rad max=0.499 m / 0.174 rad samples=8087
[gpu_amcl_cpp_node-6] [INFO] [1789012337.144293937] [gpu_amcl_cpp]: AMCL local correction: odom_prediction=(-0.442, 5.711, -1.017) scan=(-0.464, 5.737, -1.024) correction=0.034 m/0.008 rad cluster_weight=0.974 publish=true
[component_container-9] [INFO] [1789012337.186874962] [pure_pursuit_node]: Pure Pursuit: pose=(-0.234, 5.330, -1.126) cte=-0.030 closest=2466 target=2516 path_dist=0.030 heading_err=0.047 steer=0.010 speed=4.668
[gpu_amcl_cpp_node-6] [INFO] [1789012337.766738531] [gpu_amcl_cpp]: AMCL odom delta: at_scan=(0.562, -1.732, 0.301) baseline=(0.368, -1.795, 0.326) delta=(0.194, 0.063, -0.025) moved=true scan_age=0.051s
[ground_truth_amcl_monitor-7] [INFO] [1789012337.875448329] [ground_truth_amcl_monitor]: AMCL vs GT: gt=(0.804, 2.801) amcl=(0.800, 2.775) error=0.026 m / 0.000 rad; current_map=(0.807, 2.787, -1.332) error=0.014 m / 0.000 rad; odom=(-0.821, 2.185, -1.332) error=1.737 m / 0.000 rad; ekf=(-0.821, 2.185, -1.332) error=1.737 m / 0.000 rad; RMS=0.116 m / 0.038 rad max=0.499 m / 0.174 rad samples=8125
[gpu_amcl_cpp_node-6] [INFO] [1789012338.038114587] [gpu_amcl_cpp]: Received LiDAR callback #4099 (1081 ranges).
[gpu_amcl_cpp_node-6] [INFO] [1789012338.038187564] [gpu_amcl_cpp]: Starting AMCL scan update #4099 (sampled from 1081 ranges).
[gpu_amcl_cpp_node-6] [INFO] [1789012338.145600433] [gpu_amcl_cpp]: AMCL local correction: odom_prediction=(1.044, 1.479, -1.402) scan=(1.029, 1.600, -1.409) correction=0.122 m/0.006 rad cluster_weight=0.930 publish=true
[component_container-9] [INFO] [1789012338.190634752] [pure_pursuit_node]: Pure Pursuit: pose=(1.149, 0.961, -1.339) cte=0.018 closest=110 target=162 path_dist=0.018 heading_err=-0.061 steer=-0.079 speed=5.472
[gpu_amcl_cpp_node-6] [WARN] [1789012338.197994013] [gpu_amcl_cpp]: No local AMCL cluster near odometry prediction; using causal odometry pose.
[gpu_amcl_cpp_node-6] [INFO] [1789012338.364249821] [gpu_amcl_cpp]: AMCL scan update #4105 completed; evaluating pose confidence.
[gpu_amcl_cpp_node-6] [INFO] [1789012338.788185416] [gpu_amcl_cpp]: AMCL odom delta: at_scan=(5.377, -0.960, -0.127) baseline=(5.178, -0.938, -0.092) delta=(0.199, -0.022, -0.034) moved=true scan_age=0.050s
[ground_truth_amcl_monitor-7] [INFO] [1789012338.891992783] [ground_truth_amcl_monitor]: AMCL vs GT: gt=(1.412, -2.029) amcl=(1.446, -1.827) error=0.205 m / 0.021 rad; current_map=(1.419, -2.058, -1.679) error=0.030 m / 0.000 rad; odom=(-0.216, -2.672, -1.679) error=1.750 m / 0.000 rad; ekf=(-0.216, -2.672, -1.679) error=1.750 m / 0.000 rad; RMS=0.117 m / 0.038 rad max=0.499 m / 0.174 rad samples=8162
[gpu_amcl_cpp_node-6] [INFO] [1789012339.148934742] [gpu_amcl_cpp]: AMCL local correction: odom_prediction=(1.237, -3.320, -1.793) scan=(1.244, -3.281, -1.792) correction=0.040 m/0.001 rad cluster_weight=0.950 publish=true
[component_container-9] [INFO] [1789012339.239447044] [pure_pursuit_node]: Pure Pursuit: pose=(1.105, -4.124, -1.658) cte=0.018 closest=366 target=418 path_dist=0.018 heading_err=-0.065 steer=-0.085 speed=5.735
[gpu_amcl_cpp_node-6] [INFO] [1789012339.790911341] [gpu_amcl_cpp]: AMCL odom delta: at_scan=(10.569, -1.811, -0.202) baseline=(10.351, -1.769, -0.178) delta=(0.218, -0.042, -0.024) moved=true scan_age=0.050s
[ground_truth_amcl_monitor-7] [INFO] [1789012339.893491100] [ground_truth_amcl_monitor]: AMCL vs GT: gt=(0.557, -7.035) amcl=(0.588, -6.921) error=0.118 m / 0.016 rad; current_map=(0.547, -7.106, -1.796) error=0.071 m / 0.000 rad; odom=(-1.094, -7.796, -1.796) error=1.818 m / 0.000 rad; ekf=(-1.094, -7.796, -1.796) error=1.818 m / 0.000 rad; RMS=0.117 m / 0.038 rad max=0.499 m / 0.174 rad samples=8202
[gpu_amcl_cpp_node-6] [INFO] [1789012340.173333809] [gpu_amcl_cpp]: AMCL local correction: odom_prediction=(0.273, -8.098, -1.885) scan=(0.290, -8.050, -1.889) correction=0.051 m/0.004 rad cluster_weight=0.979 publish=true
[component_container-9] [INFO] [1789012340.266470587] [pure_pursuit_node]: Pure Pursuit: pose=(0.122, -8.591, -1.824) cte=0.000 closest=595 target=642 path_dist=0.000 heading_err=-0.087 steer=-0.149 speed=2.764
[gpu_amcl_cpp_node-6] [INFO] [1789012340.817156319] [gpu_amcl_cpp]: AMCL odom delta: at_scan=(13.594, -2.889, -0.677) baseline=(13.495, -2.815, -0.608) delta=(0.099, -0.074, -0.069) moved=true scan_age=0.051s
[ground_truth_amcl_monitor-7] [INFO] [1789012340.916974454] [ground_truth_amcl_monitor]: AMCL vs GT: gt=(-0.599, -9.853) amcl=(-0.504, -9.752) error=0.138 m / 0.091 rad; current_map=(-0.591, -9.836, -2.421) error=0.018 m / 0.000 rad; odom=(-2.259, -10.614, -2.421) error=1.826 m / 0.000 rad; ekf=(-2.259, -10.614, -2.421) error=1.826 m / 0.000 rad; RMS=0.117 m / 0.038 rad max=0.499 m / 0.174 rad samples=8240
[gpu_amcl_cpp_node-6] [INFO] [1789012341.194509814] [gpu_amcl_cpp]: AMCL local correction: odom_prediction=(-1.188, -10.115, -2.979) scan=(-1.139, -10.105, -2.937) correction=0.051 m/0.042 rad cluster_weight=0.999 publish=true
[component_container-9] [INFO] [1789012341.286558526] [pure_pursuit_node]: Pure Pursuit: pose=(-1.544, -10.118, 3.001) cte=-0.020 closest=718 target=762 path_dist=0.020 heading_err=-0.003 steer=-0.252 speed=2.513
[gpu_amcl_cpp_node-6] [INFO] [1789012341.865963632] [gpu_amcl_cpp]: AMCL odom delta: at_scan=(13.303, -5.110, -2.574) baseline=(13.424, -5.027, -2.513) delta=(-0.121, -0.082, -0.061) moved=true scan_age=0.050s
[ground_truth_amcl_monitor-7] [INFO] [1789012341.918486606] [ground_truth_amcl_monitor]: AMCL vs GT: gt=(-2.683, -9.256) amcl=(-2.610, -9.353) error=0.121 m / 0.062 rad; current_map=(-2.685, -9.227, 2.076) error=0.030 m / 0.000 rad; odom=(-4.385, -10.019, 2.076) error=1.866 m / 0.000 rad; ekf=(-4.385, -10.019, 2.076) error=1.866 m / 0.000 rad; RMS=0.117 m / 0.038 rad max=0.499 m / 0.174 rad samples=8278
[gpu_amcl_cpp_node-6] [INFO] [1789012342.246728212] [gpu_amcl_cpp]: AMCL local correction: odom_prediction=(-3.069, -8.156, 1.766) scan=(-3.063, -8.147, 1.776) correction=0.011 m/0.010 rad cluster_weight=0.984 publish=true
[component_container-9] [INFO] [1789012342.293355637] [pure_pursuit_node]: Pure Pursuit: pose=(-3.131, -7.739, 1.666) cte=-0.013 closest=870 target=918 path_dist=0.013 heading_err=0.029 steer=-0.039 speed=4.566
[gpu_amcl_cpp_node-6] [INFO] [1789012342.888221392] [gpu_amcl_cpp]: AMCL odom delta: at_scan=(9.100, -5.418, 2.899) baseline=(9.446, -5.501, 2.914) delta=(-0.346, 0.083, -0.015) moved=true scan_age=0.050s
[ground_truth_amcl_monitor-7] [INFO] [1789012342.939707184] [ground_truth_amcl_monitor]: AMCL vs GT: gt=(-2.866, -4.951) amcl=(-2.894, -5.178) error=0.228 m / 0.011 rad; current_map=(-2.833, -4.925, 1.339) error=0.042 m / 0.000 rad; odom=(-4.557, -5.689, 1.339) error=1.845 m / 0.000 rad; ekf=(-4.557, -5.689, 1.339) error=1.845 m / 0.000 rad; RMS=0.117 m / 0.038 rad max=0.499 m / 0.174 rad samples=8316
[gpu_amcl_cpp_node-6] [INFO] [1789012343.038316355] [gpu_amcl_cpp]: Received LiDAR callback #4194 (1081 ranges).
[gpu_amcl_cpp_node-6] [INFO] [1789012343.038412977] [gpu_amcl_cpp]: Starting AMCL scan update #4194 (sampled from 1081 ranges).
[gpu_amcl_cpp_node-6] [INFO] [1789012343.246910643] [gpu_amcl_cpp]: AMCL local correction: odom_prediction=(-2.406, -3.403, 1.295) scan=(-2.426, -3.423, 1.284) correction=0.028 m/0.011 rad cluster_weight=0.946 publish=true
[component_container-9] [INFO] [1789012343.340457442] [pure_pursuit_node]: Pure Pursuit: pose=(-2.241, -2.626, 1.414) cte=-0.037 closest=1131 target=1183 path_dist=0.037 heading_err=-0.108 steer=-0.122 speed=5.483
[gpu_amcl_cpp_node-6] [INFO] [1789012343.393873145] [gpu_amcl_cpp]: AMCL scan update #4201 completed; evaluating pose confidence.
[gpu_amcl_cpp_node-6] [INFO] [1789012343.916122284] [gpu_amcl_cpp]: AMCL odom delta: at_scan=(3.879, -4.052, 2.883) baseline=(4.076, -4.100, 2.928) delta=(-0.198, 0.048, -0.045) moved=true scan_age=0.049s
[ground_truth_amcl_monitor-7] [INFO] [1789012343.967943548] [ground_truth_amcl_monitor]: AMCL vs GT: gt=(-1.523, 0.172) amcl=(-1.560, 0.019) error=0.157 m / 0.005 rad; current_map=(-1.514, 0.193, 1.306) error=0.023 m / 0.000 rad; odom=(-3.206, -0.547, 1.306) error=1.830 m / 0.000 rad; ekf=(-3.206, -0.547, 1.306) error=1.830 m / 0.000 rad; RMS=0.117 m / 0.038 rad max=0.499 m / 0.174 rad samples=8356
[gpu_amcl_cpp_node-6] [INFO] [1789012344.250674569] [gpu_amcl_cpp]: AMCL local correction: odom_prediction=(-1.367, 1.235, 1.463) scan=(-1.365, 1.235, 1.453) correction=0.002 m/0.010 rad cluster_weight=0.949 publish=true
[component_container-9] [INFO] [1789012344.361835167] [pure_pursuit_node]: Pure Pursuit: pose=(-1.266, 1.830, 1.369) cte=0.007 closest=1359 target=1406 path_dist=0.007 heading_err=0.136 steer=0.228 speed=3.158
[gpu_amcl_cpp_node-6] [INFO] [1789012344.938071273] [gpu_amcl_cpp]: AMCL odom delta: at_scan=(0.859, -3.862, -2.788) baseline=(0.927, -3.838, -2.824) delta=(-0.069, -0.024, 0.036) moved=true scan_age=0.050s
[ground_truth_amcl_monitor-7] [INFO] [1789012344.990145933] [ground_truth_amcl_monitor]: AMCL vs GT: gt=(-1.401, 3.062) amcl=(-1.359, 3.037) error=0.049 m / 0.036 rad; current_map=(-1.391, 3.120, 1.960) error=0.058 m / 0.000 rad; odom=(-3.093, 2.382, 1.960) error=1.825 m / 0.000 rad; ekf=(-3.093, 2.382, 1.960) error=1.825 m / 0.000 rad; RMS=0.117 m / 0.038 rad max=0.499 m / 0.174 rad samples=8394
[gpu_amcl_cpp_node-6] [INFO] [1789012345.298264723] [gpu_amcl_cpp]: AMCL local correction: odom_prediction=(-1.695, 3.559, 2.380) scan=(-1.695, 3.553, 2.377) correction=0.005 m/0.002 rad cluster_weight=0.979 publish=true
[component_container-9] [INFO] [1789012345.390466172] [pure_pursuit_node]: Pure Pursuit: pose=(-1.914, 3.719, 2.628) cte=-0.059 closest=1465 target=1508 path_dist=0.059 heading_err=0.019 steer=0.390 speed=1.808
[gpu_amcl_cpp_node-6] [INFO] [1789012345.940768102] [gpu_amcl_cpp]: AMCL odom delta: at_scan=(0.167, -5.262, -1.001) baseline=(0.122, -5.184, -1.107) delta=(0.045, -0.078, 0.106) moved=true scan_age=0.049s
[ground_truth_amcl_monitor-7] [INFO] [1789012345.992677271] [ground_truth_amcl_monitor]: AMCL vs GT: gt=(-2.764, 3.615) amcl=(-2.724, 3.661) error=0.061 m / 0.113 rad; current_map=(-2.799, 3.607, -2.459) error=0.036 m / 0.000 rad; odom=(-4.536, 2.937, -2.459) error=1.898 m / 0.000 rad; ekf=(-4.536, 2.937, -2.459) error=1.898 m / 0.000 rad; RMS=0.117 m / 0.038 rad max=0.499 m / 0.174 rad samples=8434
[gpu_amcl_cpp_node-6] [INFO] [1789012346.346422083] [gpu_amcl_cpp]: AMCL local correction: odom_prediction=(-3.121, 2.963, -1.835) scan=(-3.117, 2.966, -1.827) correction=0.005 m/0.008 rad cluster_weight=0.959 publish=true
[component_container-9] [INFO] [1789012346.440101702] [pure_pursuit_node]: Pure Pursuit: pose=(-3.195, 2.580, -1.707) cte=0.047 closest=1572 target=1617 path_dist=0.047 heading_err=0.019 steer=0.038 speed=3.276
[gpu_amcl_cpp_node-6] [INFO] [1789012346.940992000] [gpu_amcl_cpp]: AMCL odom delta: at_scan=(2.702, -5.940, -0.141) baseline=(2.536, -5.918, -0.116) delta=(0.167, -0.022, -0.026) moved=true scan_age=0.049s
[ground_truth_amcl_monitor-7] [INFO] [1789012346.993058034] [ground_truth_amcl_monitor]: AMCL vs GT: gt=(-3.375, 0.976) amcl=(-3.345, 1.110) error=0.138 m / 0.038 rad; current_map=(-3.369, 0.961, -1.750) error=0.016 m / 0.000 rad; odom=(-5.163, 0.307, -1.750) error=1.909 m / 0.000 rad; ekf=(-5.139, 0.456, -1.712) error=1.839 m / 0.038 rad; RMS=0.117 m / 0.038 rad max=0.499 m / 0.174 rad samples=8474
[gpu_amcl_cpp_node-6] [INFO] [1789012347.371544840] [gpu_amcl_cpp]: AMCL local correction: odom_prediction=(-3.629, 0.228, -2.086) scan=(-3.638, 0.223, -2.078) correction=0.010 m/0.008 rad cluster_weight=0.979 publish=true
[component_container-9] [INFO] [1789012347.464508813] [pure_pursuit_node]: Pure Pursuit: pose=(-3.800, -0.013, -2.280) cte=0.029 closest=1708 target=1752 path_dist=0.029 heading_err=0.007 steer=-0.225 speed=1.939
[gpu_amcl_cpp_node-6] [INFO] [1789012347.942084001] [gpu_amcl_cpp]: AMCL odom delta: at_scan=(4.280, -7.089, -1.360) baseline=(4.255, -6.994, -1.263) delta=(0.025, -0.094, -0.097) moved=true scan_age=0.050s
[ground_truth_amcl_monitor-7] [INFO] [1789012347.993723663] [ground_truth_amcl_monitor]: AMCL vs GT: gt=(-4.573, -0.461) amcl=(-4.476, -0.449) error=0.098 m / 0.096 rad; current_map=(-4.572, -0.465, -3.027) error=0.004 m / 0.000 rad; odom=(-6.384, -1.138, -3.027) error=1.933 m / 0.000 rad; ekf=(-6.384, -1.138, -3.027) error=1.933 m / 0.000 rad; RMS=0.116 m / 0.038 rad max=0.499 m / 0.174 rad samples=8512
[gpu_amcl_cpp_node-6] [INFO] [1789012348.043705878] [gpu_amcl_cpp]: Received LiDAR callback #4291 (1081 ranges).
[gpu_amcl_cpp_node-6] [INFO] [1789012348.043782883] [gpu_amcl_cpp]: Starting AMCL scan update #4291 (sampled from 1081 ranges).
[gpu_amcl_cpp_node-6] [INFO] [1789012348.372547062] [gpu_amcl_cpp]: AMCL local correction: odom_prediction=(-5.235, -0.274, 2.517) scan=(-5.232, -0.272, 2.518) correction=0.004 m/0.001 rad cluster_weight=0.973 publish=true
[gpu_amcl_cpp_node-6] [INFO] [1789012348.417915048] [gpu_amcl_cpp]: AMCL scan update #4298 completed; evaluating pose confidence.
[component_container-9] [INFO] [1789012348.465816249] [pure_pursuit_node]: Pure Pursuit: pose=(-5.468, -0.052, 2.260) cte=-0.025 closest=1806 target=1850 path_dist=0.025 heading_err=-0.059 steer=-0.195 speed=2.680
[gpu_amcl_cpp_node-6] [INFO] [1789012348.966731825] [gpu_amcl_cpp]: AMCL odom delta: at_scan=(2.697, -8.594, -2.898) baseline=(2.860, -8.553, -2.891) delta=(-0.163, -0.041, -0.008) moved=true scan_age=0.051s
[ground_truth_amcl_monitor-7] [INFO] [1789012349.017712758] [ground_truth_amcl_monitor]: AMCL vs GT: gt=(-6.003, 1.320) amcl=(-5.950, 1.138) error=0.190 m / 0.018 rad; current_map=(-5.992, 1.314, 1.796) error=0.013 m / 0.000 rad; odom=(-7.836, 0.637, 1.796) error=1.956 m / 0.000 rad; ekf=(-7.836, 0.637, 1.796) error=1.956 m / 0.000 rad; RMS=0.116 m / 0.039 rad max=0.499 m / 0.174 rad samples=8550
[gpu_amcl_cpp_node-6] [INFO] [1789012349.396336752] [gpu_amcl_cpp]: AMCL local correction: odom_prediction=(-6.169, 2.904, 1.663) scan=(-6.168, 2.871, 1.662) correction=0.033 m/0.000 rad cluster_weight=0.962 publish=true
[component_container-9] [INFO] [1789012349.490299484] [pure_pursuit_node]: Pure Pursuit: pose=(-6.185, 3.622, 1.491) cte=-0.032 closest=1995 target=2046 path_dist=0.032 heading_err=0.033 steer=-0.022 speed=4.478
[gpu_amcl_cpp_node-6] [INFO] [1789012350.017512238] [gpu_amcl_cpp]: AMCL odom delta: at_scan=(-1.726, -8.443, 2.740) baseline=(-1.575, -8.503, 2.775) delta=(-0.151, 0.061, -0.035) moved=true scan_age=0.051s
[ground_truth_amcl_monitor-7] [INFO] [1789012350.018100644] [ground_truth_amcl_monitor]: AMCL vs GT: gt=(-5.819, 5.553) amcl=(-5.863, 5.392) error=0.167 m / 0.035 rad; current_map=(-5.802, 5.542, 1.169) error=0.020 m / 0.000 rad; odom=(-7.642, 4.884, 1.169) error=1.942 m / 0.000 rad; ekf=(-7.703, 4.734, 1.204) error=2.054 m / 0.035 rad; RMS=0.117 m / 0.039 rad max=0.499 m / 0.174 rad samples=8588
[gpu_amcl_cpp_node-6] [INFO] [1789012350.423318304] [gpu_amcl_cpp]: AMCL local correction: odom_prediction=(-5.270, 6.556, 0.937) scan=(-5.270, 6.565, 0.940) correction=0.009 m/0.003 rad cluster_weight=0.996 publish=true
[component_container-9] [INFO] [1789012350.514572352] [pure_pursuit_node]: Pure Pursuit: pose=(-5.004, 6.881, 0.813) cte=0.008 closest=2172 target=2217 path_dist=0.008 heading_err=-0.031 steer=-0.163 speed=3.007
[gpu_amcl_cpp_node-6] [INFO] [1789012351.037382416] [gpu_amcl_cpp]: AMCL odom delta: at_scan=(-3.739, -6.348, 1.731) baseline=(-3.688, -6.582, 1.844) delta=(-0.052, 0.234, -0.113) moved=true scan_age=0.050s
[ground_truth_amcl_monitor-7] [INFO] [1789012351.038316422] [ground_truth_amcl_monitor]: AMCL vs GT: gt=(-3.724, 7.583) amcl=(-3.948, 7.519) error=0.233 m / 0.113 rad; current_map=(-3.714, 7.571, 0.160) error=0.016 m / 0.000 rad; odom=(-5.547, 6.898, 0.160) error=1.947 m / 0.000 rad; ekf=(-5.547, 6.898, 0.160) error=1.947 m / 0.000 rad; RMS=0.117 m / 0.039 rad max=0.499 m / 0.174 rad samples=8628
[gpu_amcl_cpp_node-6] [INFO] [1789012351.446419769] [gpu_amcl_cpp]: AMCL local correction: odom_prediction=(-2.367, 7.451, -0.375) scan=(-2.345, 7.449, -0.379) correction=0.022 m/0.004 rad cluster_weight=0.980 publish=true
[component_container-9] [INFO] [1789012351.539701761] [pure_pursuit_node]: Pure Pursuit: pose=(-1.872, 7.208, -0.548) cte=-0.026 closest=2341 target=2389 path_dist=0.026 heading_err=0.007 steer=-0.113 speed=4.210
[gpu_amcl_cpp_node-6] [INFO] [1789012352.042569929] [gpu_amcl_cpp]: AMCL odom delta: at_scan=(-1.954, -3.151, 0.592) baseline=(-2.153, -3.291, 0.635) delta=(0.200, 0.141, -0.043) moved=true scan_age=0.050s
[ground_truth_amcl_monitor-7] [INFO] [1789012352.043558428] [ground_truth_amcl_monitor]: AMCL vs GT: gt=(-0.535, 5.815) amcl=(-0.665, 6.010) error=0.235 m / 0.043 rad; current_map=(-0.525, 5.810, -0.979) error=0.011 m / 0.000 rad; odom=(-2.350, 5.111, -0.979) error=1.946 m / 0.000 rad; ekf=(-2.350, 5.111, -0.979) error=1.946 m / 0.000 rad; RMS=0.117 m / 0.039 rad max=0.499 m / 0.174 rad samples=8668
[gpu_amcl_cpp_node-6] [INFO] [1789012352.448937421] [gpu_amcl_cpp]: AMCL local correction: odom_prediction=(0.369, 3.931, -1.100) scan=(0.386, 3.926, -1.108) correction=0.018 m/0.008 rad cluster_weight=0.928 publish=true
[component_container-9] [INFO] [1789012352.543758638] [pure_pursuit_node]: Pure Pursuit: pose=(0.701, 3.196, -1.230) cte=-0.082 closest=2583 target=48 path_dist=0.082 heading_err=-0.036 steer=-0.075 speed=4.774
[gpu_amcl_cpp_node-6] [WARN] [1789012352.969414417] [gpu_amcl_cpp]: No local AMCL cluster near odometry prediction; using causal odometry pose.
[gpu_amcl_cpp_node-6] [INFO] [1789012353.063262563] [gpu_amcl_cpp]: Received LiDAR callback #4386 (1081 ranges).
[gpu_amcl_cpp_node-6] [INFO] [1789012353.063338516] [gpu_amcl_cpp]: AMCL odom delta: at_scan=(2.964, -1.424, 0.228) baseline=(2.686, -1.487, 0.216) delta=(0.278, 0.063, 0.012) moved=true scan_age=0.050s
[gpu_amcl_cpp_node-6] [INFO] [1789012353.063382719] [gpu_amcl_cpp]: Starting AMCL scan update #4386 (sampled from 1081 ranges).
[ground_truth_amcl_monitor-7] [INFO] [1789012353.064448874] [ground_truth_amcl_monitor]: AMCL vs GT: gt=(1.176, 0.961) amcl=(1.096, 1.184) error=0.236 m / 0.012 rad; current_map=(1.159, 0.905, -1.343) error=0.058 m / 0.000 rad; odom=(-0.624, 0.193, -1.343) error=1.956 m / 0.000 rad; ekf=(-0.624, 0.193, -1.343) error=1.956 m / 0.000 rad; RMS=0.117 m / 0.039 rad max=0.499 m / 0.174 rad samples=8704
[gpu_amcl_cpp_node-6] [INFO] [1789012353.439203350] [gpu_amcl_cpp]: AMCL scan update #4393 completed; evaluating pose confidence.
[gpu_amcl_cpp_node-6] [INFO] [1789012353.494313489] [gpu_amcl_cpp]: AMCL local correction: odom_prediction=(1.405, -1.598, -1.507) scan=(1.419, -1.541, -1.503) correction=0.059 m/0.004 rad cluster_weight=0.960 publish=true
[component_container-9] [INFO] [1789012353.589563813] [pure_pursuit_node]: Pure Pursuit: pose=(1.439, -2.506, -1.597) cte=-0.123 closest=284 target=337 path_dist=0.123 heading_err=-0.050 steer=-0.109 speed=4.620
[gpu_amcl_cpp_node-6] [INFO] [1789012354.067029695] [gpu_amcl_cpp]: AMCL odom delta: at_scan=(8.472, -1.557, -0.148) baseline=(8.201, -1.510, -0.190) delta=(0.271, -0.046, 0.041) moved=true scan_age=0.053s
[ground_truth_amcl_monitor-7] [INFO] [1789012354.067909660] [ground_truth_amcl_monitor]: AMCL vs GT: gt=(1.055, -4.448) amcl=(1.115, -4.301) error=0.158 m / 0.041 rad; current_map=(1.069, -4.573, -1.719) error=0.126 m / 0.000 rad; odom=(-0.757, -5.314, -1.719) error=2.009 m / 0.000 rad; ekf=(-0.757, -5.314, -1.719) error=2.009 m / 0.000 rad; RMS=0.117 m / 0.038 rad max=0.499 m / 0.174 rad samples=8742
[gpu_amcl_cpp_node-6] [WARN] [1789012354.271758602] [gpu_amcl_cpp]: Queued LiDAR scan until source-time odometry arrives (queued=1).
[gpu_amcl_cpp_node-6] [INFO] [1789012354.497418215] [gpu_amcl_cpp]: AMCL local correction: odom_prediction=(0.632, -6.655, -1.679) scan=(0.634, -6.571, -1.681) correction=0.084 m/0.002 rad cluster_weight=0.933 publish=true
[component_container-9] [INFO] [1789012354.590592674] [pure_pursuit_node]: Pure Pursuit: pose=(0.511, -7.248, -1.859) cte=-0.016 closest=525 target=574 path_dist=0.016 heading_err=0.053 steer=0.059 speed=3.924
[gpu_amcl_cpp_node-6] [INFO] [1789012355.089141689] [gpu_amcl_cpp]: AMCL odom delta: at_scan=(12.784, -2.564, -0.427) baseline=(12.597, -2.483, -0.391) delta=(0.187, -0.081, -0.035) moved=true scan_age=0.051s
[ground_truth_amcl_monitor-7] [INFO] [1789012355.090299155] [ground_truth_amcl_monitor]: AMCL vs GT: gt=(0.060, -8.705) amcl=(0.141, -8.544) error=0.181 m / 0.035 rad; current_map=(0.060, -8.731, -1.997) error=0.025 m / 0.000 rad; odom=(-1.765, -9.627, -1.997) error=2.044 m / 0.000 rad; ekf=(-1.684, -9.440, -1.962) error=1.892 m / 0.035 rad; RMS=0.117 m / 0.038 rad max=0.499 m / 0.174 rad samples=8780
[gpu_amcl_cpp_node-6] [INFO] [1789012355.524565719] [gpu_amcl_cpp]: AMCL local correction: odom_prediction=(-0.398, -9.565, -2.240) scan=(-0.395, -9.536, -2.235) correction=0.029 m/0.005 rad cluster_weight=0.998 publish=true
[component_container-9] [INFO] [1789012355.616531596] [pure_pursuit_node]: Pure Pursuit: pose=(-0.660, -9.822, -2.451) cte=0.044 closest=670 target=714 path_dist=0.044 heading_err=-0.012 steer=-0.269 speed=2.396
[gpu_amcl_cpp_node-6] [INFO] [1789012356.115761420] [gpu_amcl_cpp]: AMCL odom delta: at_scan=(14.188, -4.310, -1.745) baseline=(14.203, -4.187, -1.643) delta=(-0.015, -0.123, -0.102) moved=true scan_age=0.052s
[ground_truth_amcl_monitor-7] [INFO] [1789012356.117047018] [ground_truth_amcl_monitor]: AMCL vs GT: gt=(-1.646, -10.088) amcl=(-1.528, -10.073) error=0.119 m / 0.102 rad; current_map=(-1.651, -10.058, 2.968) error=0.031 m / 0.000 rad; odom=(-3.511, -11.030, 2.968) error=2.089 m / 0.000 rad; ekf=(-3.511, -11.030, 2.968) error=2.089 m / 0.000 rad; RMS=0.117 m / 0.039 rad max=0.499 m / 0.174 rad samples=8818
[gpu_amcl_cpp_node-6] [INFO] [1789012356.548472048] [gpu_amcl_cpp]: AMCL local correction: odom_prediction=(-2.541, -9.454, 2.185) scan=(-2.540, -9.446, 2.189) correction=0.009 m/0.004 rad cluster_weight=0.973 publish=true
[component_container-9] [INFO] [1789012356.664964372] [pure_pursuit_node]: Pure Pursuit: pose=(-2.788, -8.988, 1.955) cte=-0.023 closest=805 target=851 path_dist=0.023 heading_err=0.051 steer=-0.043 speed=3.758
[ground_truth_amcl_monitor-7] [INFO] [1789012357.121858173] [ground_truth_amcl_monitor]: AMCL vs GT: gt=(-3.138, -7.552) amcl=(-3.145, -7.525) error=0.027 m / 0.000 rad; current_map=(-3.144, -7.517, 1.592) error=0.035 m / 0.000 rad; odom=(-5.017, -8.471, 1.592) error=2.091 m / 0.000 rad; ekf=(-5.017, -8.471, 1.592) error=2.091 m / 0.000 rad; RMS=0.117 m / 0.039 rad max=0.499 m / 0.174 rad samples=8855
[gpu_amcl_cpp_node-6] [INFO] [1789012357.163384915] [gpu_amcl_cpp]: AMCL odom delta: at_scan=(11.410, -5.819, -3.137) baseline=(11.629, -5.816, -3.120) delta=(-0.219, -0.003, -0.016) moved=true scan_age=0.050s
[gpu_amcl_cpp_node-6] [INFO] [1789012357.594385696] [gpu_amcl_cpp]: AMCL local correction: odom_prediction=(-2.949, -5.369, 1.316) scan=(-2.950, -5.408, 1.311) correction=0.038 m/0.005 rad cluster_weight=0.966 publish=true
[component_container-9] [INFO] [1789012357.689421487] [pure_pursuit_node]: Pure Pursuit: pose=(-2.779, -4.644, 1.368) cte=-0.008 closest=1026 target=1077 path_dist=0.008 heading_err=-0.088 steer=-0.073 speed=5.318
[gpu_amcl_cpp_node-6] [INFO] [1789012358.113466135] [gpu_amcl_cpp]: Received LiDAR callback #4483 (1081 ranges).
[gpu_amcl_cpp_node-6] [INFO] [1789012358.113540796] [gpu_amcl_cpp]: Starting AMCL scan update #4483 (sampled from 1081 ranges).
[gpu_amcl_cpp_node-6] [INFO] [1789012358.163469600] [gpu_amcl_cpp]: AMCL odom delta: at_scan=(6.595, -4.833, 2.930) baseline=(6.833, -4.886, 2.918) delta=(-0.239, 0.053, 0.012) moved=true scan_age=0.050s
[ground_truth_amcl_monitor-7] [INFO] [1789012358.164718589] [ground_truth_amcl_monitor]: AMCL vs GT: gt=(-2.175, -2.610) amcl=(-2.200, -2.817) error=0.209 m / 0.012 rad; current_map=(-2.148, -2.579, 1.359) error=0.042 m / 0.000 rad; odom=(-4.034, -3.437, 1.359) error=2.034 m / 0.000 rad; ekf=(-4.034, -3.437, 1.359) error=2.034 m / 0.000 rad; RMS=0.118 m / 0.039 rad max=0.499 m / 0.174 rad samples=8894
[gpu_amcl_cpp_node-6] [INFO] [1789012358.466612761] [gpu_amcl_cpp]: AMCL scan update #4490 completed; evaluating pose confidence.
[gpu_amcl_cpp_node-6] [INFO] [1789012358.624580021] [gpu_amcl_cpp]: AMCL local correction: odom_prediction=(-1.660, -0.293, 1.332) scan=(-1.670, -0.312, 1.325) correction=0.022 m/0.008 rad cluster_weight=0.951 publish=true
[component_container-9] [INFO] [1789012358.736731451] [pure_pursuit_node]: Pure Pursuit: pose=(-1.502, 0.313, 1.310) cte=-0.007 closest=1282 target=1329 path_dist=0.007 heading_err=0.069 steer=0.072 speed=3.852
[gpu_amcl_cpp_node-6] [INFO] [1789012359.163849420] [gpu_amcl_cpp]: AMCL odom delta: at_scan=(2.311, -3.925, 3.018) baseline=(2.486, -3.950, 2.984) delta=(-0.175, 0.025, 0.034) moved=true scan_age=0.050s
[ground_truth_amcl_monitor-7] [INFO] [1789012359.164946463] [ground_truth_amcl_monitor]: AMCL vs GT: gt=(-1.280, 1.611) amcl=(-1.304, 1.510) error=0.103 m / 0.034 rad; current_map=(-1.279, 1.685, 1.447) error=0.074 m / 0.000 rad; odom=(-3.125, 0.847, 1.447) error=1.997 m / 0.000 rad; ekf=(-3.125, 0.847, 1.447) error=1.997 m / 0.000 rad; RMS=0.118 m / 0.039 rad max=0.499 m / 0.174 rad samples=8932
[gpu_amcl_cpp_node-6] [INFO] [1789012359.644702713] [gpu_amcl_cpp]: AMCL local correction: odom_prediction=(-1.315, 2.849, 1.824) scan=(-1.314, 2.833, 1.808) correction=0.017 m/0.015 rad cluster_weight=0.980 publish=true
[component_container-9] [INFO] [1789012359.736790298] [pure_pursuit_node]: Pure Pursuit: pose=(-1.394, 3.095, 1.943) cte=0.016 closest=1423 target=1466 path_dist=0.016 heading_err=-0.031 steer=0.195 speed=1.934
[gpu_amcl_cpp_node-6] [INFO] [1789012360.212605465] [gpu_amcl_cpp]: AMCL odom delta: at_scan=(0.263, -4.519, -2.148) baseline=(0.342, -4.414, -2.278) delta=(-0.079, -0.105, 0.130) moved=true scan_age=0.050s
[ground_truth_amcl_monitor-7] [INFO] [1789012360.213716314] [ground_truth_amcl_monitor]: AMCL vs GT: gt=(-1.864, 3.678) amcl=(-1.757, 3.624) error=0.120 m / 0.130 rad; current_map=(-1.863, 3.702, 2.565) error=0.025 m / 0.000 rad; odom=(-3.719, 2.895, 2.565) error=2.013 m / 0.000 rad; ekf=(-3.719, 2.895, 2.565) error=2.013 m / 0.000 rad; RMS=0.117 m / 0.039 rad max=0.499 m / 0.174 rad samples=8972
[gpu_amcl_cpp_node-6] [INFO] [1789012360.675617642] [gpu_amcl_cpp]: AMCL local correction: odom_prediction=(-2.626, 3.788, -2.738) scan=(-2.595, 3.787, -2.730) correction=0.030 m/0.009 rad cluster_weight=0.982 publish=true
[component_container-9] [INFO] [1789012360.787435525] [pure_pursuit_node]: Pure Pursuit: pose=(-2.878, 3.606, -2.356) cte=0.027 closest=1519 target=1562 path_dist=0.027 heading_err=0.082 steer=0.332 speed=2.065
[gpu_amcl_cpp_node-6] [INFO] [1789012361.216874920] [gpu_amcl_cpp]: AMCL odom delta: at_scan=(1.064, -5.898, -0.198) baseline=(0.947, -5.871, -0.245) delta=(0.117, -0.026, 0.047) moved=true scan_age=0.053s
[ground_truth_amcl_monitor-7] [INFO] [1789012361.217866275] [ground_truth_amcl_monitor]: AMCL vs GT: gt=(-3.148, 2.894) amcl=(-3.104, 2.989) error=0.104 m / 0.047 rad; current_map=(-3.130, 2.872, -1.769) error=0.028 m / 0.000 rad; odom=(-5.097, 2.094, -1.769) error=2.108 m / 0.000 rad; ekf=(-5.097, 2.094, -1.769) error=2.108 m / 0.000 rad; RMS=0.117 m / 0.039 rad max=0.499 m / 0.174 rad samples=9008
[gpu_amcl_cpp_node-6] [INFO] [1789012361.698284218] [gpu_amcl_cpp]: AMCL local correction: odom_prediction=(-3.300, 1.403, -1.650) scan=(-3.301, 1.418, -1.639) correction=0.015 m/0.012 rad cluster_weight=0.952 publish=true
[component_container-9] [INFO] [1789012361.811624835] [pure_pursuit_node]: Pure Pursuit: pose=(-3.387, 0.846, -1.811) cte=0.017 closest=1660 target=1706 path_dist=0.017 heading_err=0.039 steer=-0.116 speed=2.292
[gpu_amcl_cpp_node-6] [INFO] [1789012362.237799680] [gpu_amcl_cpp]: AMCL odom delta: at_scan=(3.845, -6.471, -0.615) baseline=(3.762, -6.416, -0.556) delta=(0.083, -0.055, -0.059) moved=true scan_age=0.049s
[ground_truth_amcl_monitor-7] [INFO] [1789012362.238780535] [ground_truth_amcl_monitor]: AMCL vs GT: gt=(-3.716, 0.102) amcl=(-3.643, 0.199) error=0.121 m / 0.059 rad; current_map=(-3.698, 0.116, -2.185) error=0.022 m / 0.000 rad; odom=(-5.671, -0.687, -2.185) error=2.109 m / 0.000 rad; ekf=(-5.671, -0.687, -2.185) error=2.109 m / 0.000 rad; RMS=0.117 m / 0.039 rad max=0.499 m / 0.174 rad samples=9046
[gpu_amcl_cpp_node-6] [INFO] [1789012362.746391382] [gpu_amcl_cpp]: AMCL local correction: odom_prediction=(-4.458, -0.457, -2.908) scan=(-4.462, -0.479, -2.909) correction=0.023 m/0.001 rad cluster_weight=0.992 publish=true
[component_container-9] [INFO] [1789012362.840863562] [pure_pursuit_node]: Pure Pursuit: pose=(-4.745, -0.492, 3.075) cte=-0.006 closest=1763 target=1807 path_dist=0.006 heading_err=0.037 steer=-0.363 speed=1.970
[gpu_amcl_cpp_node-6] [INFO] [1789012363.141909348] [gpu_amcl_cpp]: Received LiDAR callback #4578 (1081 ranges).
[gpu_amcl_cpp_node-6] [INFO] [1789012363.141975002] [gpu_amcl_cpp]: Starting AMCL scan update #4578 (sampled from 1081 ranges).
[gpu_amcl_cpp_node-6] [INFO] [1789012363.242095725] [gpu_amcl_cpp]: AMCL odom delta: at_scan=(4.141, -8.149, -2.318) baseline=(4.210, -8.068, -2.231) delta=(-0.069, -0.081, -0.087) moved=true scan_age=0.050s
[ground_truth_amcl_monitor-7] [INFO] [1789012363.242757730] [ground_truth_amcl_monitor]: AMCL vs GT: gt=(-5.349, -0.195) amcl=(-5.273, -0.246) error=0.091 m / 0.087 rad; current_map=(-5.354, -0.177, 2.394) error=0.019 m / 0.000 rad; odom=(-7.349, -0.983, 2.394) error=2.149 m / 0.000 rad; ekf=(-7.268, -1.052, 2.481) error=2.101 m / 0.087 rad; RMS=0.117 m / 0.039 rad max=0.499 m / 0.174 rad samples=9086
[gpu_amcl_cpp_node-6] [INFO] [1789012363.513761425] [gpu_amcl_cpp]: AMCL scan update #4585 completed; evaluating pose confidence.
[gpu_amcl_cpp_node-6] [INFO] [1789012363.793602861] [gpu_amcl_cpp]: AMCL local correction: odom_prediction=(-5.958, 1.201, 1.795) scan=(-5.952, 1.167, 1.791) correction=0.035 m/0.004 rad cluster_weight=0.964 publish=true
[component_container-9] [INFO] [1789012363.886821433] [pure_pursuit_node]: Pure Pursuit: pose=(-6.065, 1.768, 1.708) cte=-0.015 closest=1903 target=1951 path_dist=0.015 heading_err=0.026 steer=-0.025 speed=4.545
[gpu_amcl_cpp_node-6] [INFO] [1789012364.268423306] [gpu_amcl_cpp]: AMCL odom delta: at_scan=(0.673, -8.994, -3.107) baseline=(0.932, -8.980, -3.067) delta=(-0.258, -0.014, -0.039) moved=true scan_age=0.051s
[ground_truth_amcl_monitor-7] [INFO] [1789012364.269521392] [ground_truth_amcl_monitor]: AMCL vs GT: gt=(-6.201, 3.255) amcl=(-6.177, 2.985) error=0.271 m / 0.039 rad; current_map=(-6.191, 3.243, 1.606) error=0.015 m / 0.000 rad; odom=(-8.193, 2.485, 1.606) error=2.136 m / 0.000 rad; ekf=(-8.193, 2.485, 1.606) error=2.136 m / 0.000 rad; RMS=0.117 m / 0.039 rad max=0.499 m / 0.174 rad samples=9124
[gpu_amcl_cpp_node-6] [INFO] [1789012364.795627584] [gpu_amcl_cpp]: AMCL local correction: odom_prediction=(-5.895, 5.374, 1.291) scan=(-5.928, 5.309, 1.313) correction=0.073 m/0.022 rad cluster_weight=0.987 publish=true
[component_container-9] [INFO] [1789012364.890796214] [pure_pursuit_node]: Pure Pursuit: pose=(-5.701, 5.851, 1.072) cte=-0.034 closest=2109 target=2156 path_dist=0.034 heading_err=0.081 steer=-0.012 speed=2.856
[ground_truth_amcl_monitor-7] [INFO] [1789012365.278568893] [ground_truth_amcl_monitor]: AMCL vs GT: gt=(-5.282, 6.583) amcl=(-5.259, 6.582) error=0.023 m / 0.000 rad; current_map=(-5.257, 6.582, 0.914) error=0.025 m / 0.000 rad; odom=(-7.254, 5.875, 0.914) error=2.095 m / 0.000 rad; ekf=(-7.254, 5.875, 0.914) error=2.095 m / 0.000 rad; RMS=0.117 m / 0.039 rad max=0.499 m / 0.174 rad samples=9161
[gpu_amcl_cpp_node-6] [INFO] [1789012365.338448302] [gpu_amcl_cpp]: AMCL odom delta: at_scan=(-2.871, -7.928, 2.418) baseline=(-2.716, -8.055, 2.485) delta=(-0.155, 0.128, -0.067) moved=true scan_age=0.051s
[gpu_amcl_cpp_node-6] [INFO] [1789012365.823632159] [gpu_amcl_cpp]: AMCL local correction: odom_prediction=(-3.957, 7.506, 0.296) scan=(-3.970, 7.515, 0.312) correction=0.016 m/0.016 rad cluster_weight=0.992 publish=true
[component_container-9] [INFO] [1789012365.919446313] [pure_pursuit_node]: Pure Pursuit: pose=(-3.445, 7.608, 0.061) cte=-0.020 closest=2259 target=2306 path_dist=0.020 heading_err=0.006 steer=-0.131 speed=3.471
[ground_truth_amcl_monitor-7] [INFO] [1789012366.291738277] [ground_truth_amcl_monitor]: AMCL vs GT: gt=(-2.354, 7.451) amcl=(-2.535, 7.509) error=0.190 m / 0.067 rad; current_map=(-2.362, 7.451, -0.358) error=0.008 m / 0.000 rad; odom=(-4.305, 6.731, -0.358) error=2.079 m / 0.000 rad; ekf=(-4.305, 6.731, -0.358) error=2.079 m / 0.000 rad; RMS=0.117 m / 0.039 rad max=0.499 m / 0.174 rad samples=9198
[gpu_amcl_cpp_node-6] [INFO] [1789012366.341151772] [gpu_amcl_cpp]: AMCL odom delta: at_scan=(-3.507, -4.947, 1.140) baseline=(-3.573, -5.106, 1.212) delta=(0.066, 0.159, -0.073) moved=true scan_age=0.050s
[gpu_amcl_cpp_node-6] [INFO] [1789012366.851933663] [gpu_amcl_cpp]: AMCL local correction: odom_prediction=(-0.657, 5.992, -0.986) scan=(-0.656, 5.991, -0.987) correction=0.001 m/0.001 rad cluster_weight=0.979 publish=true
[component_container-9] [INFO] [1789012366.966908493] [pure_pursuit_node]: Pure Pursuit: pose=(-0.177, 5.243, -1.013) cte=-0.040 closest=2472 target=2523 path_dist=0.040 heading_err=-0.076 steer=-0.127 speed=4.683
[ground_truth_amcl_monitor-7] [INFO] [1789012367.296329517] [ground_truth_amcl_monitor]: AMCL vs GT: gt=(0.328, 3.992) amcl=(0.257, 4.206) error=0.226 m / 0.034 rad; current_map=(0.341, 3.965, -1.218) error=0.030 m / 0.000 rad; odom=(-1.613, 3.223, -1.218) error=2.088 m / 0.000 rad; ekf=(-1.613, 3.223, -1.218) error=2.088 m / 0.000 rad; RMS=0.118 m / 0.039 rad max=0.499 m / 0.174 rad samples=9236
[gpu_amcl_cpp_node-6] [INFO] [1789012367.363847161] [gpu_amcl_cpp]: AMCL odom delta: at_scan=(0.277, -2.273, 0.427) baseline=(-0.066, -2.414, 0.352) delta=(0.342, 0.141, 0.075) moved=true scan_age=0.051s
[gpu_amcl_cpp_node-6] [WARN] [1789012367.650541706] [gpu_amcl_cpp]: No local AMCL cluster near odometry prediction; using causal odometry pose.
[gpu_amcl_cpp_node-6] [INFO] [1789012367.881716412] [gpu_amcl_cpp]: AMCL local correction: odom_prediction=(1.131, 1.313, -1.402) scan=(1.121, 1.319, -1.420) correction=0.012 m/0.018 rad cluster_weight=0.923 publish=true
[component_container-9] [INFO] [1789012367.991003335] [pure_pursuit_node]: Pure Pursuit: pose=(1.260, 0.426, -1.450) cte=-0.011 closest=138 target=189 path_dist=0.011 heading_err=0.013 steer=-0.023 speed=5.954
[gpu_amcl_cpp_node-6] [INFO] [1789012368.162777622] [gpu_amcl_cpp]: Received LiDAR callback #4670 (1081 ranges).
[gpu_amcl_cpp_node-6] [INFO] [1789012368.162855328] [gpu_amcl_cpp]: Starting AMCL scan update #4670 (sampled from 1081 ranges).
[ground_truth_amcl_monitor-7] [INFO] [1789012368.316964261] [ground_truth_amcl_monitor]: AMCL vs GT: gt=(1.380, -1.115) amcl=(1.314, -0.884) error=0.240 m / 0.011 rad; current_map=(1.338, -1.214, -1.492) error=0.108 m / 0.000 rad; odom=(-0.556, -1.954, -1.492) error=2.111 m / 0.000 rad; ekf=(-0.556, -1.954, -1.492) error=2.111 m / 0.000 rad; RMS=0.118 m / 0.039 rad max=0.499 m / 0.174 rad samples=9272
[gpu_amcl_cpp_node-6] [INFO] [1789012368.367737734] [gpu_amcl_cpp]: AMCL odom delta: at_scan=(5.445, -1.333, 0.064) baseline=(5.112, -1.356, 0.079) delta=(0.333, 0.024, -0.015) moved=true scan_age=0.052s
[gpu_amcl_cpp_node-6] [INFO] [1789012368.539909769] [gpu_amcl_cpp]: AMCL scan update #4677 completed; evaluating pose confidence.
[gpu_amcl_cpp_node-6] [WARN] [1789012368.769253049] [gpu_amcl_cpp]: No local AMCL cluster near odometry prediction; using causal odometry pose.
[gpu_amcl_cpp_node-6] [INFO] [1789012368.921914269] [gpu_amcl_cpp]: AMCL local correction: odom_prediction=(1.094, -4.731, -1.752) scan=(1.112, -4.677, -1.756) correction=0.057 m/0.004 rad cluster_weight=0.930 publish=true
[component_container-9] [INFO] [1789012369.014641187] [pure_pursuit_node]: Pure Pursuit: pose=(0.915, -5.476, -1.837) cte=-0.030 closest=434 target=485 path_dist=0.030 heading_err=0.072 steer=0.027 speed=4.946
[ground_truth_amcl_monitor-7] [INFO] [1789012369.325441990] [ground_truth_amcl_monitor]: AMCL vs GT: gt=(0.674, -6.458) amcl=(0.666, -6.591) error=0.134 m / 0.000 rad; current_map=(0.665, -6.599, -1.844) error=0.142 m / 0.000 rad; odom=(-1.296, -7.435, -1.844) error=2.199 m / 0.000 rad; ekf=(-1.296, -7.435, -1.844) error=2.199 m / 0.000 rad; RMS=0.118 m / 0.039 rad max=0.499 m / 0.174 rad samples=9311
[gpu_amcl_cpp_node-6] [INFO] [1789012369.416082854] [gpu_amcl_cpp]: AMCL odom delta: at_scan=(10.975, -2.211, -0.295) baseline=(10.787, -2.153, -0.301) delta=(0.189, -0.058, 0.006) moved=true scan_age=0.050s
[gpu_amcl_cpp_node-6] [INFO] [1789012369.976263412] [gpu_amcl_cpp]: AMCL local correction: odom_prediction=(0.004, -8.862, -1.914) scan=(0.015, -8.817, -1.917) correction=0.046 m/0.004 rad cluster_weight=0.989 publish=true
[component_container-9] [INFO] [1789012370.037746186] [pure_pursuit_node]: Pure Pursuit: pose=(-0.110, -9.117, -2.072) cte=0.012 closest=624 target=668 path_dist=0.012 heading_err=0.045 steer=-0.047 speed=2.549
[ground_truth_amcl_monitor-7] [INFO] [1789012370.326592078] [ground_truth_amcl_monitor]: AMCL vs GT: gt=(-0.356, -9.511) amcl=(-0.364, -9.526) error=0.017 m / 0.000 rad; current_map=(-0.362, -9.534, -2.182) error=0.023 m / 0.000 rad; odom=(-2.343, -10.513, -2.182) error=2.225 m / 0.000 rad; ekf=(-2.343, -10.513, -2.182) error=2.225 m / 0.000 rad; RMS=0.118 m / 0.039 rad max=0.499 m / 0.174 rad samples=9347
[gpu_amcl_cpp_node-6] [INFO] [1789012370.437853324] [gpu_amcl_cpp]: AMCL odom delta: at_scan=(13.905, -3.333, -0.781) baseline=(13.774, -3.218, -0.664) delta=(0.131, -0.115, -0.117) moved=true scan_age=0.050s
[gpu_amcl_cpp_node-6] [INFO] [1789012371.019142642] [gpu_amcl_cpp]: AMCL local correction: odom_prediction=(-1.835, -10.016, 2.797) scan=(-1.818, -10.017, 2.834) correction=0.017 m/0.037 rad cluster_weight=0.991 publish=true
[component_container-9] [INFO] [1789012371.061914015] [pure_pursuit_node]: Pure Pursuit: pose=(-2.063, -9.907, 2.595) cte=-0.002 closest=746 target=791 path_dist=0.002 heading_err=-0.034 steer=-0.216 speed=2.701
[ground_truth_amcl_monitor-7] [INFO] [1789012371.367089959] [ground_truth_amcl_monitor]: AMCL vs GT: gt=(-2.537, -9.481) amcl=(-2.467, -9.550) error=0.098 m / 0.069 rad; current_map=(-2.551, -9.441, 2.198) error=0.043 m / 0.000 rad; odom=(-4.575, -10.481, 2.198) error=2.270 m / 0.000 rad; ekf=(-4.575, -10.481, 2.198) error=2.270 m / 0.000 rad; RMS=0.118 m / 0.039 rad max=0.499 m / 0.174 rad samples=9386
[gpu_amcl_cpp_node-6] [INFO] [1789012371.466057193] [gpu_amcl_cpp]: AMCL odom delta: at_scan=(13.387, -5.532, -2.645) baseline=(13.520, -5.455, -2.584) delta=(-0.132, -0.077, -0.061) moved=true scan_age=0.049s
[gpu_amcl_cpp_node-6] [INFO] [1789012372.019888309] [gpu_amcl_cpp]: AMCL local correction: odom_prediction=(-3.155, -7.171, 1.586) scan=(-3.153, -7.247, 1.596) correction=0.076 m/0.010 rad cluster_weight=0.993 publish=true
[component_container-9] [INFO] [1789012372.065569424] [pure_pursuit_node]: Pure Pursuit: pose=(-3.147, -6.699, 1.520) cte=0.006 closest=922 target=972 path_dist=0.006 heading_err=0.005 steer=-0.032 speed=5.225
[ground_truth_amcl_monitor-7] [INFO] [1789012372.388982498] [ground_truth_amcl_monitor]: AMCL vs GT: gt=(-2.986, -5.400) amcl=(-3.041, -5.723) error=0.327 m / 0.081 rad; current_map=(-2.965, -5.373, 1.317) error=0.034 m / 0.000 rad; odom=(-5.012, -6.386, 1.317) error=2.253 m / 0.000 rad; ekf=(-5.012, -6.386, 1.317) error=2.253 m / 0.000 rad; RMS=0.118 m / 0.039 rad max=0.499 m / 0.174 rad samples=9424
[gpu_amcl_cpp_node-6] [INFO] [1789012372.488337772] [gpu_amcl_cpp]: AMCL odom delta: at_scan=(9.049, -5.672, 2.845) baseline=(9.295, -5.744, 2.867) delta=(-0.246, 0.072, -0.022) moved=true scan_age=0.050s
[gpu_amcl_cpp_node-6] [INFO] [1789012373.044480345] [gpu_amcl_cpp]: AMCL local correction: odom_prediction=(-2.090, -1.946, 1.334) scan=(-2.090, -1.982, 1.342) correction=0.036 m/0.009 rad cluster_weight=0.955 publish=true
[component_container-9] [INFO] [1789012373.086879498] [pure_pursuit_node]: Pure Pursuit: pose=(-1.969, -1.374, 1.392) cte=-0.091 closest=1195 target=1248 path_dist=0.091 heading_err=-0.066 steer=-0.117 speed=4.781
[gpu_amcl_cpp_node-6] [INFO] [1789012373.188826686] [gpu_amcl_cpp]: Received LiDAR callback #4764 (1081 ranges).
[gpu_amcl_cpp_node-6] [INFO] [1789012373.188900686] [gpu_amcl_cpp]: Starting AMCL scan update #4764 (sampled from 1081 ranges).
[ground_truth_amcl_monitor-7] [INFO] [1789012373.392595047] [ground_truth_amcl_monitor]: AMCL vs GT: gt=(-1.676, -0.255) amcl=(-1.715, -0.408) error=0.158 m / 0.006 rad; current_map=(-1.661, -0.215, 1.296) error=0.042 m / 0.000 rad; odom=(-3.692, -1.184, 1.296) error=2.220 m / 0.000 rad; ekf=(-3.692, -1.184, 1.296) error=2.220 m / 0.000 rad; RMS=0.119 m / 0.039 rad max=0.499 m / 0.174 rad samples=9462
[gpu_amcl_cpp_node-6] [INFO] [1789012373.512912305] [gpu_amcl_cpp]: AMCL odom delta: at_scan=(3.933, -4.380, 2.889) baseline=(4.161, -4.442, 2.871) delta=(-0.228, 0.061, 0.018) moved=true scan_age=0.051s
[gpu_amcl_cpp_node-6] [INFO] [1789012373.564735633] [gpu_amcl_cpp]: AMCL scan update #4771 completed; evaluating pose confidence.
[gpu_amcl_cpp_node-6] [INFO] [1789012374.048182933] [gpu_amcl_cpp]: AMCL local correction: odom_prediction=(-1.207, 2.007, 1.501) scan=(-1.202, 2.008, 1.495) correction=0.005 m/0.006 rad cluster_weight=0.973 publish=true
[component_container-9] [INFO] [1789012374.090463813] [pure_pursuit_node]: Pure Pursuit: pose=(-1.196, 2.306, 1.570) cte=0.068 closest=1383 target=1429 path_dist=0.068 heading_err=0.042 steer=0.221 speed=2.289
[ground_truth_amcl_monitor-7] [INFO] [1789012374.414727777] [ground_truth_amcl_monitor]: AMCL vs GT: gt=(-1.310, 2.872) amcl=(-1.265, 2.844) error=0.053 m / 0.031 rad; current_map=(-1.291, 2.930, 1.881) error=0.061 m / 0.000 rad; odom=(-3.335, 1.978, 1.881) error=2.214 m / 0.000 rad; ekf=(-3.335, 1.978, 1.881) error=2.214 m / 0.000 rad; RMS=0.118 m / 0.039 rad max=0.499 m / 0.174 rad samples=9500
[gpu_amcl_cpp_node-6] [INFO] [1789012374.538539408] [gpu_amcl_cpp]: AMCL odom delta: at_scan=(0.995, -4.205, -2.739) baseline=(1.100, -4.163, -2.789) delta=(-0.105, -0.042, 0.050) moved=true scan_age=0.051s
[gpu_amcl_cpp_node-6] [INFO] [1789012375.094467006] [gpu_amcl_cpp]: AMCL local correction: odom_prediction=(-2.019, 3.778, 2.754) scan=(-1.989, 3.762, 2.720) correction=0.033 m/0.035 rad cluster_weight=0.979 publish=true
[component_container-9] [INFO] [1789012375.137569893] [pure_pursuit_node]: Pure Pursuit: pose=(-2.189, 3.827, 2.963) cte=-0.024 closest=1481 target=1524 path_dist=0.024 heading_err=0.089 steer=0.434 speed=1.847
[WARNING] [launch]: user interrupted with ctrl-c (SIGINT)
[INFO] [actuator_interface-10]: sending signal 'SIGINT' to process[actuator_interface-10]
[INFO] [component_container-9]: sending signal 'SIGINT' to process[component_container-9]
[INFO] [calibration-8]: sending signal 'SIGINT' to process[calibration-8]
[INFO] [ground_truth_amcl_monitor-7]: sending signal 'SIGINT' to process[ground_truth_amcl_monitor-7]
[INFO] [gpu_amcl_cpp_node-6]: sending signal 'SIGINT' to process[gpu_amcl_cpp_node-6]
[INFO] [lifecycle_manager-5]: sending signal 'SIGINT' to process[lifecycle_manager-5]
[INFO] [map_server-4]: sending signal 'SIGINT' to process[map_server-4]
[INFO] [ekf_localization_node-3]: sending signal 'SIGINT' to process[ekf_localization_node-3]
[INFO] [sensor_odometry_node-2]: sending signal 'SIGINT' to process[sensor_odometry_node-2]
[INFO] [autodrive_bridge_40hz-1]: sending signal 'SIGINT' to process[autodrive_bridge_40hz-1]
[ground_truth_amcl_monitor-7] [INFO] [1789012375.415330054] [ground_truth_amcl_monitor]: AMCL vs GT: gt=(-2.540, 3.749) amcl=(-2.454, 3.812) error=0.107 m / 0.159 rad; current_map=(-2.578, 3.781, -2.817) error=0.049 m / 0.000 rad; odom=(-4.624, 2.876, -2.817) error=2.260 m / 0.000 rad; ekf=(-4.624, 2.876, -2.817) error=2.260 m / 0.000 rad; RMS=0.118 m / 0.039 rad max=0.499 m / 0.174 rad samples=9536
[gpu_amcl_cpp_node-6] [INFO] [1789012375.565895031] [gpu_amcl_cpp]: AMCL odom delta: at_scan=(0.416, -5.673, -0.900) baseline=(0.361, -5.595, -1.019) delta=(0.054, -0.078, 0.119) moved=true scan_age=0.052s
[gpu_amcl_cpp_node-6] [INFO] [1789012376.119198004] [gpu_amcl_cpp]: AMCL local correction: odom_prediction=(-3.197, 2.470, -1.710) scan=(-3.191, 2.487, -1.706) correction=0.018 m/0.004 rad cluster_weight=0.961 publish=true
[component_container-9] [INFO] [1789012376.162356364] [pure_pursuit_node]: Pure Pursuit: pose=(-3.234, 2.163, -1.673) cte=0.036 closest=1593 target=1639 path_dist=0.036 heading_err=-0.020 steer=0.012 speed=3.478
[component_container-9] [INFO] [1789012376.178618770] [rclcpp]: signal_handler(SIGINT/SIGTERM)
[gpu_amcl_cpp_node-6] [INFO] [1789012376.183876168] [rclcpp]: signal_handler(SIGINT/SIGTERM)
[lifecycle_manager-5] [INFO] [1789012376.185941362] [rclcpp]: signal_handler(SIGINT/SIGTERM)
[lifecycle_manager-5] [INFO] [1789012376.186054966] [lifecycle_manager_map]: Running Nav2 LifecycleManager rcl preshutdown (lifecycle_manager_map)
[lifecycle_manager-5] [INFO] [1789012376.186112794] [lifecycle_manager_map]: [34m[1mTerminating bond timer...[0m[0m
[map_server-4] [INFO] [1789012376.188312001] [rclcpp]: signal_handler(SIGINT/SIGTERM)
[map_server-4] [INFO] [1789012376.188464768] [map_server]: Running Nav2 LifecycleNode rcl preshutdown (map_server)
[map_server-4] [INFO] [1789012376.188552784] [map_server]: Deactivating
[map_server-4] [INFO] [1789012376.188583722] [map_server]: Destroying bond (map_server) to lifecycle manager.
[ekf_localization_node-3] [INFO] [1789012376.190009794] [rclcpp]: signal_handler(SIGINT/SIGTERM)
[autodrive_bridge_40hz-1] KeyboardInterrupt
[autodrive_bridge_40hz-1] 2026-09-10T03:52:56Z
[sensor_odometry_node-2] [INFO] [1789012376.192428533] [rclcpp]: signal_handler(SIGINT/SIGTERM)
[map_server-4] [INFO] [1789012376.198919982] [map_server]: Cleaning up
[map_server-4] [INFO] [1789012376.199091695] [map_server]: Destroying bond (map_server) to lifecycle manager.
[lifecycle_manager-5] [INFO] [1789012376.204135220] [lifecycle_manager_map]: Destroying lifecycle_manager_map
[map_server-4] [INFO] [1789012376.206613091] [map_server]: Destroying
[autodrive_bridge_40hz-1] Traceback (most recent call last):
[autodrive_bridge_40hz-1]   File "src/gevent/greenlet.py", line 906, in gevent._gevent_cgreenlet.Greenlet.run
[autodrive_bridge_40hz-1]   File "/usr/local/lib/python3.10/dist-packages/socketio/server.py", line 640, in _handle_event_internal
[autodrive_bridge_40hz-1]     r = server._trigger_event(data[0], namespace, sid, *data[1:])
[autodrive_bridge_40hz-1]   File "/usr/local/lib/python3.10/dist-packages/socketio/server.py", line 669, in _trigger_event
[autodrive_bridge_40hz-1]     return self.handlers[namespace][event](*args)
[autodrive_bridge_40hz-1]   File "/workspace/build/sdu_apex_autodrive/sdu_apex_autodrive/bridge_40hz.py", line 368, in packet_handler
[autodrive_bridge_40hz-1]     result = original_handler(sid, data)
[autodrive_bridge_40hz-1]   File "/home/autodrive_devkit/install/autodrive_roboracer/lib/python3.10/site-packages/autodrive_roboracer/autodrive_bridge.py", line 345, in bridge
[autodrive_bridge_40hz-1]     publish_actuator_feedbacks(autodrive.throttle, autodrive.steering)
[autodrive_bridge_40hz-1]   File "/home/autodrive_devkit/install/autodrive_roboracer/lib/python3.10/site-packages/autodrive_roboracer/autodrive_bridge.py", line 241, in publish_actuator_feedbacks
[autodrive_bridge_40hz-1]     publishers['pub_throttle'].publish(create_float_msg(msg_float32, throttle))
[autodrive_bridge_40hz-1]   File "/opt/ros/humble/local/lib/python3.10/dist-packages/rclpy/publisher.py", line 70, in publish
[autodrive_bridge_40hz-1]     self.__publisher.publish(msg)
[autodrive_bridge_40hz-1] rclpy._rclpy_pybind11.RCLError: Failed to publish: publisher's context is invalid, at ./src/rcl/publisher.c:389
[autodrive_bridge_40hz-1] 2026-09-10T03:52:56Z <Thread at 0x73a5ebc856c0: <bound method Server._handle_event_internal of <socketio.server.Server object at 0x73a647bbaf50>>(<socketio.server.Server object at 0x73a647bbaf50>, '707b2708b2f848a8b31eaf976b4e42a9', ['Bridge', {'V1 Throttle': '0.1380', 'V1 Steering', '/', None)> failed with RCLError
[autodrive_bridge_40hz-1] 
[autodrive_bridge_40hz-1] Traceback (most recent call last):
[autodrive_bridge_40hz-1]   File "/workspace/install/lib/sdu_apex_autodrive/autodrive_bridge_40hz", line 33, in <module>
[autodrive_bridge_40hz-1]     sys.exit(load_entry_point('sdu-apex-autodrive', 'console_scripts', 'autodrive_bridge_40hz')())
[autodrive_bridge_40hz-1]   File "/workspace/build/sdu_apex_autodrive/sdu_apex_autodrive/bridge_40hz.py", line 465, in main
[autodrive_bridge_40hz-1]     official_bridge.main()
[autodrive_bridge_40hz-1]   File "/home/autodrive_devkit/install/autodrive_roboracer/lib/python3.10/site-packages/autodrive_roboracer/autodrive_bridge.py", line 442, in main
[autodrive_bridge_40hz-1]     pywsgi.WSGIServer(('', 4567), app, handler_class=WebSocketHandler).serve_forever() # Deploy as a gevent WSGI server
[autodrive_bridge_40hz-1]   File "/usr/local/lib/python3.10/dist-packages/gevent/baseserver.py", line 400, in serve_forever
[autodrive_bridge_40hz-1]     self._stop_event.wait()
[autodrive_bridge_40hz-1]   File "src/gevent/event.py", line 163, in gevent._gevent_cevent.Event.wait
[autodrive_bridge_40hz-1]   File "src/gevent/_abstract_linkable.py", line 521, in gevent._gevent_c_abstract_linkable.AbstractLinkable._wait
[autodrive_bridge_40hz-1]   File "src/gevent/_abstract_linkable.py", line 487, in gevent._gevent_c_abstract_linkable.AbstractLinkable._wait_core
[autodrive_bridge_40hz-1]   File "src/gevent/_abstract_linkable.py", line 490, in gevent._gevent_c_abstract_linkable.AbstractLinkable._wait_core
[autodrive_bridge_40hz-1]   File "src/gevent/_abstract_linkable.py", line 442, in gevent._gevent_c_abstract_linkable.AbstractLinkable._AbstractLinkable__wait_to_be_notified
[autodrive_bridge_40hz-1]   File "src/gevent/_abstract_linkable.py", line 451, in gevent._gevent_c_abstract_linkable.AbstractLinkable._switch_to_hub
[autodrive_bridge_40hz-1]   File "src/gevent/_greenlet_primitives.py", line 61, in gevent._gevent_c_greenlet_primitives.SwitchOutGreenletWithLoop.switch
[autodrive_bridge_40hz-1]   File "src/gevent/_greenlet_primitives.py", line 65, in gevent._gevent_c_greenlet_primitives.SwitchOutGreenletWithLoop.switch
[autodrive_bridge_40hz-1]   File "src/gevent/_gevent_c_greenlet_primitives.pxd", line 35, in gevent._gevent_c_greenlet_primitives._greenlet_switch
[autodrive_bridge_40hz-1]   File "/usr/local/lib/python3.10/dist-packages/socketio/client.py", line 25, in signal_handler
[autodrive_bridge_40hz-1]     return original_signal_handler(sig, frame)
[autodrive_bridge_40hz-1] KeyboardInterrupt
[INFO] [component_container-9]: process has finished cleanly [pid 156]
[INFO] [ekf_localization_node-3]: process has finished cleanly [pid 144]
[INFO] [sensor_odometry_node-2]: process has finished cleanly [pid 142]
[INFO] [lifecycle_manager-5]: process has finished cleanly [pid 148]
[INFO] [map_server-4]: process has finished cleanly [pid 146]
[ERROR] [autodrive_bridge_40hz-1]: process has died [pid 140, exit code -2, cmd '/workspace/install/lib/sdu_apex_autodrive/autodrive_bridge_40hz --ros-args -r __node:=autodrive_bridge'].
[INFO] [actuator_interface-10]: process has finished cleanly [pid 158]
[INFO] [ground_truth_amcl_monitor-7]: process has finished cleanly [pid 152]
[INFO] [gpu_amcl_cpp_node-6]: process has finished cleanly [pid 150]
[INFO] [calibration-8]: process has finished cleanly [pid 154]
