[INFO] [launch]: All log files can be found below /root/.ros/log/2026-09-10-01-30-45-169960-ExternalDrive-14225
[INFO] [launch]: Default logging verbosity is set to INFO
[INFO] [launch.user]: controller=pure_pursuit custom_amcl=True rviz=False
[INFO] [autodrive_bridge_40hz-1]: process started with pid [14253]
[INFO] [sensor_odometry_node-2]: process started with pid [14255]
[INFO] [ekf_localization_node-3]: process started with pid [14257]
[INFO] [map_server-4]: process started with pid [14259]
[INFO] [lifecycle_manager-5]: process started with pid [14261]
[INFO] [gpu_amcl_cpp_node-6]: process started with pid [14263]
[INFO] [ground_truth_amcl_monitor-7]: process started with pid [14265]
[INFO] [calibration-8]: process started with pid [14267]
[INFO] [component_container-9]: process started with pid [14269]
[INFO] [actuator_interface-10]: process started with pid [14271]
[lifecycle_manager-5] [INFO] [1789003845.397002626] [lifecycle_manager_map]: Creating
[lifecycle_manager-5] [INFO] [1789003845.399608428] [lifecycle_manager_map]: [34m[1mCreating and initializing lifecycle service clients[0m[0m
[ekf_localization_node-3] [INFO] [1789003845.404994741] [ekf_localization]: Local odometry trust filter ready: /odom -> /ekf_odom and /ekf_pose in frame odom; reset events=/autodrive/reset_command
[lifecycle_manager-5] [INFO] [1789003845.410792648] [lifecycle_manager_map]: [34m[1mStarting managed nodes bringup...[0m[0m
[lifecycle_manager-5] [INFO] [1789003845.410879822] [lifecycle_manager_map]: [34m[1mConfiguring map_server[0m[0m
[map_server-4] [INFO] [1789003845.414434419] [map_server]: 
[map_server-4] 	map_server lifecycle node launched. 
[map_server-4] 	Waiting on external lifecycle transitions to activate
[map_server-4] 	See https://design.ros2.org/articles/node_lifecycle.html for more information.
[map_server-4] [INFO] [1789003845.414625238] [map_server]: Creating
[sensor_odometry_node-2] [INFO] [1789003845.420899130] [sensor_odometry]: Deterministic odometry observer: exact timestamp packets, encoders + IMU only
[map_server-4] [INFO] [1789003845.542115432] [map_server]: Configuring
[map_server-4] [INFO] [1789003845.542222003] [map_io]: Loading yaml file: /workspace/src/f1tenth_planning/maps/autodrive_track_ftg_commit_20260909_025m.yaml
[map_server-4] [INFO] [1789003845.542583383] [map_io]: resolution: 0.025
[map_server-4] [INFO] [1789003845.542601086] [map_io]: origin[0]: -6.82
[map_server-4] [INFO] [1789003845.542611375] [map_io]: origin[1]: -12.3
[map_server-4] [INFO] [1789003845.542620092] [map_io]: origin[2]: 0
[map_server-4] [INFO] [1789003845.542627937] [map_io]: free_thresh: 0.25
[map_server-4] [INFO] [1789003845.542635401] [map_io]: occupied_thresh: 0.65
[map_server-4] [INFO] [1789003845.542643656] [map_io]: mode: trinary
[map_server-4] [INFO] [1789003845.542652373] [map_io]: negate: 0
[map_server-4] [INFO] [1789003845.542942659] [map_io]: Loading image_file: /workspace/src/f1tenth_planning/maps/autodrive_track_ftg_commit_20260909_025m.pgm
[component_container-9] [INFO] [1789003845.593443821] [controller_container]: Load Library: /workspace/install/lib/libpure_pursuit_node.so
[component_container-9] [INFO] [1789003845.597431553] [controller_container]: Found class: rclcpp_components::NodeFactoryTemplate<f1tenth_control::PurePursuitNode>
[component_container-9] [INFO] [1789003845.597509690] [controller_container]: Instantiate class: rclcpp_components::NodeFactoryTemplate<f1tenth_control::PurePursuitNode>
[map_server-4] [INFO] [1789003845.599505454] [map_io]: Read map /workspace/src/f1tenth_planning/maps/autodrive_track_ftg_commit_20260909_025m.pgm: 349 X 877 map @ 0.025 m/cell
[lifecycle_manager-5] [INFO] [1789003845.607603258] [lifecycle_manager_map]: [34m[1mActivating map_server[0m[0m
[component_container-9] [INFO] [1789003845.607746688] [pure_pursuit_node]: Initializing Pure Pursuit Node
[map_server-4] [INFO] [1789003845.608074655] [map_server]: Activating
[map_server-4] [INFO] [1789003845.609320048] [map_server]: Creating bond (map_server) to lifecycle manager.
[component_container-9] [INFO] [1789003845.615305477] [pure_pursuit_node]: Loaded trajectory with 2586 waypoints (51.7 m)
[component_container-9] [INFO] [1789003845.623903532] [pure_pursuit_node]: Pure Pursuit Node initialized
[component_container-9] [INFO] [1789003845.624113497] [pure_pursuit_node]:   Trajectory: /workspace/src/f1tenth_planning/trajectories/autodrive_track_ftg_commit_20260909_025m_mintime_raceline.csv (2586 points)
[component_container-9] [INFO] [1789003845.624148403] [pure_pursuit_node]:   Lookahead: 0.75 - 1.10 m (gain: 0.05)
[INFO] [launch_ros.actions.load_composable_nodes]: Loaded node '/pure_pursuit_node' in container '/controller_container'
[component_container-9] [INFO] [1789003845.624166767] [pure_pursuit_node]:   Max speed cap: 10.25 m/s
[component_container-9] [INFO] [1789003845.624188719] [pure_pursuit_node]:   Lookahead adapt: cte_weight=1.00 cte_gain=0.042 curvature_gain=1.900
[component_container-9] [INFO] [1789003845.624199238] [pure_pursuit_node]:   Speed adapt: curvature_factor=0.102 floor_ratio=0.52
[component_container-9] [INFO] [1789003845.624206221] [pure_pursuit_node]:   Speed adapt (CTE): factor=1.500 floor_ratio=0.55
[component_container-9] [INFO] [1789003845.624212153] [pure_pursuit_node]:   Speed limits: max_lat_accel=6.50 min_reg_speed=0.00
[component_container-9] [INFO] [1789003845.624217763] [pure_pursuit_node]:   Yaw-rate damping: 0.000 s
[component_container-9] [INFO] [1789003845.624222963] [pure_pursuit_node]:   Target-heading turn-in gain: 0.000
[component_container-9] [INFO] [1789003845.624265162] [pure_pursuit_node]:   Command shaping: steer_rate=3.20 accel=3.00 decel=8.00
[component_container-9] [INFO] [1789003845.624277586] [pure_pursuit_node]:   Pose: /current_map_pose (map frame)
[component_container-9] [INFO] [1789003845.624287174] [pure_pursuit_node]:   Odom: /odom
[component_container-9] [INFO] [1789003845.624326588] [pure_pursuit_node]:   Control trigger: /odom (one command per odometry update; nominal 40.0 Hz)
[component_container-9] [INFO] [1789003845.624335394] [pure_pursuit_node]:   Steering feedback: /autodrive/roboracer_1/steering (lead gain 0.25)
[component_container-9] [INFO] [1789003845.624341556] [pure_pursuit_node]:   Startup path gate: distance <= 0.80 m, heading <= 0.75 rad
[component_container-9] [INFO] [1789003845.624347627] [pure_pursuit_node]:   Command: /cmd/speed
[gpu_amcl_cpp_node-6] [INFO] [1789003845.637405111] [gpu_amcl_cpp]: [AMCL] Parameters: update_min_d=0.02000, update_min_a=0.03500, max_scan_age=0.2500, odom_history=1.000s, cloud_publish_rate=1.0 Hz, debug_pre_resample=false, slip_threshold=1.00 rad/s, initial_raceline_heading=false, local_correction_gate=0.00m/0.00rad xy_gain=0.500 cross_track_only=false yaw_gain=0.000 association=0.80m recenter_cloud=true
[autodrive_bridge_40hz-1] /usr/local/lib/python3.10/dist-packages/numpy/core/getlimits.py:499: UserWarning: The value of the smallest subnormal for <class 'numpy.float64'> type is zero.
[autodrive_bridge_40hz-1]   setattr(self, word, getattr(machar, word).flat[0])
[autodrive_bridge_40hz-1] /usr/local/lib/python3.10/dist-packages/numpy/core/getlimits.py:89: UserWarning: The value of the smallest subnormal for <class 'numpy.float64'> type is zero.
[autodrive_bridge_40hz-1]   return self._float_to_str(self.smallest_subnormal)
[gpu_amcl_cpp_node-6] [INFO] [1789003845.661809040] [gpu_amcl_cpp]: Particle cloud publishing scan-synchronized, max 1.0 Hz
[gpu_amcl_cpp_node-6] [INFO] [1789003845.661861889] [gpu_amcl_cpp]: GPU AMCL C++ node created — waiting for map...
[gpu_amcl_cpp_node-6] [INFO] [1789003845.673842307] [gpu_amcl_cpp]: Received first map (349x877 @ 0.025 m/cell) — initialising PF
[gpu_amcl_cpp_node-6] [INFO] [1789003845.688385525] [gpu_amcl_cpp]: Loaded 2587 global heading points from /workspace/src/f1tenth_planning/trajectories/autodrive_track_ftg_commit_20260909_025m_mintime_raceline.csv
[ground_truth_amcl_monitor-7] [INFO] [1789003845.690835364] [ground_truth_amcl_monitor]: Absolute map scoring enabled from explicit map start: (0.8006, 3.1583, -1.5708)
[calibration-8] [INFO] [1789003845.696351691] [allowed_telemetry_recorder]: Calibration mode=sensor_record duration=0.000 s output=/workspace/src/f1tenth_planning/analysis/amcl_tuning_campaign_20260909/acceptance_full_raceline_10p248_feedback_lead_burstfix_20260910_run12/telemetry/sensor_record_20260910_013045.csv
[ground_truth_amcl_monitor-7] [WARN] [1789003845.701687329] [ground_truth_amcl_monitor]: Ground-truth monitor is diagnostics-only; simulator IPS/odom are not controller inputs
[gpu_amcl_cpp_node-6] [INFO] [1789003845.701942038] [gpu_amcl_cpp]: Global AMCL startup prior centred at saved map start (0.801, 3.158, -1.571) with covariance (0.500, 0.500, 0.200).
[gpu_amcl_cpp_node-6] [INFO] [1789003845.701988576] [gpu_amcl_cpp]: Particle filter initialised with 2500 particles (global)
[gpu_amcl_cpp_node-6] [INFO] [1789003845.702042788] [gpu_amcl_cpp]: Global particle initialization active; waiting for scans before publishing pose
[lifecycle_manager-5] [INFO] [1789003845.724753661] [lifecycle_manager_map]: Server map_server connected with bond.
[lifecycle_manager-5] [INFO] [1789003845.724812131] [lifecycle_manager_map]: [34m[1mManaged nodes are active[0m[0m
[lifecycle_manager-5] [INFO] [1789003845.724846225] [lifecycle_manager_map]: [34m[1mCreating bond timer...[0m[0m
[actuator_interface-10] [INFO] [1789003845.731473272] [autodrive_actuator_interface]: Actuator interface ready; no arming state
[actuator_interface-10] [WARN] [1789003845.732725348] [autodrive_actuator_interface]: Neutral output: no command
[autodrive_bridge_40hz-1] [autodrive_bridge_40hz] camera decode/publication disabled
[autodrive_bridge_40hz-1] [autodrive_bridge_40hz] bounded request pacing enabled at 40 Hz (max one outstanding request)
[autodrive_bridge_40hz-1] Connected!
[component_container-9] [WARN] [1789003846.025152461] [pure_pursuit_node]: No pose received on /current_map_pose yet
[gpu_amcl_cpp_node-6] [INFO] [1789003846.025324394] [gpu_amcl_cpp]: Received first odometry sample at (0.00, 0.00, 0.00).
[gpu_amcl_cpp_node-6] [INFO] [1789003846.026222313] [gpu_amcl_cpp]: Received LiDAR callback #1 (1081 ranges).
[gpu_amcl_cpp_node-6] [INFO] [1789003846.026263902] [gpu_amcl_cpp]: AMCL odom delta: at_scan=(0.000, 0.000, 0.000) baseline=(0.000, 0.000, 0.000) delta=(0.000, 0.000, 0.000) moved=false scan_age=0.051s
[gpu_amcl_cpp_node-6] [INFO] [1789003846.026278750] [gpu_amcl_cpp]: Starting AMCL scan update #1 (sampled from 1081 ranges).
[gpu_amcl_cpp_node-6] [INFO] [1789003846.029427713] [gpu_amcl_cpp]: AMCL scan update #1 completed; evaluating pose confidence.
[gpu_amcl_cpp_node-6] [INFO] [1789003846.036302065] [gpu_amcl_cpp]: Startup GPU scan refinement done: refined_particles=2233/2500, beams=180, best_mean_dist=0.000 m, time=6.83 ms
[gpu_amcl_cpp_node-6] [INFO] [1789003846.039220626] [gpu_amcl_cpp]: Global AMCL refining: cluster_weight=0.928, covariance xy=0.009 (max 0.250), yaw=0.000 (max 0.120).
[gpu_amcl_cpp_node-6] [INFO] [1789003846.039252145] [gpu_amcl_cpp]: Global AMCL lock evidence: quality=false stable_scans=1/5 travel=0.000/0.750 m (min_weight=0.500).
[gpu_amcl_cpp_node-6] [INFO] [1789003846.278428122] [gpu_amcl_cpp]: Publishing provisional global AMCL pose for localization ramp; travel=0.000/0.750 m stable_scans=5/5.
[ground_truth_amcl_monitor-7] [INFO] [1789003846.279559000] [ground_truth_amcl_monitor]: Relative GT alignment initialized: yaw=0.000, translation=(0.000, -0.000)
[ground_truth_amcl_monitor-7] [INFO] [1789003846.280084208] [ground_truth_amcl_monitor]: AMCL vs GT: gt=(0.801, 3.158) amcl=(0.801, 3.158) error=0.000 m / 0.000 rad; current_map=unavailable; odom=(0.801, 3.158, -1.571) error=0.000 m / 0.000 rad; ekf=(0.801, 3.158, -1.571) error=0.000 m / 0.000 rad; RMS=0.000 m / 0.000 rad max=0.000 m / 0.000 rad samples=1
[component_container-9] [INFO] [1789003846.573991686] [pure_pursuit_node]: Aligned closed trajectory seam to startup pose at original waypoint 1090
[component_container-9] [INFO] [1789003846.574089099] [pure_pursuit_node]: Startup path gate passed: path_distance=0.166 m heading_error=0.302 rad
[component_container-9] [INFO] [1789003846.574116822] [pure_pursuit_node]: Pure Pursuit: pose=(0.801, 3.158, -1.571) cte=-0.166 closest=0 target=38 path_dist=0.166 heading_err=0.302 steer=0.003 speed=0.003
[gpu_amcl_cpp_node-6] [INFO] [1789003847.072849797] [gpu_amcl_cpp]: AMCL odom delta: at_scan=(0.162, 0.003, 0.034) baseline=(0.115, 0.001, 0.025) delta=(0.047, 0.001, 0.009) moved=true scan_age=0.047s
[actuator_interface-10] [INFO] [1789003847.073416463] [autodrive_actuator_interface]: Collision baseline established at cumulative count 0
[ground_truth_amcl_monitor-7] [INFO] [1789003847.323867902] [ground_truth_amcl_monitor]: AMCL vs GT: gt=(0.829, 2.614) amcl=(0.819, 2.745) error=0.131 m / 0.018 rad; current_map=(0.827, 2.666, -1.461) error=0.052 m / 0.000 rad; odom=(0.827, 2.666, -1.461) error=0.052 m / 0.000 rad; ekf=(0.827, 2.666, -1.461) error=0.052 m / 0.000 rad; RMS=0.046 m / 0.006 rad max=0.131 m / 0.018 rad samples=42
[gpu_amcl_cpp_node-6] [INFO] [1789003847.478180153] [gpu_amcl_cpp]: Global AMCL lock accepted at (0.867, 2.379, -1.404); continuing with local tracking.
[gpu_amcl_cpp_node-6] [INFO] [1789003847.527931977] [gpu_amcl_cpp]: AMCL local correction: odom_prediction=(0.886, 2.271, -1.387) scan=(0.882, 2.267, -1.401) correction=0.006 m/0.014 rad cluster_weight=0.929 publish=true
[component_container-9] [INFO] [1789003847.621742012] [pure_pursuit_node]: Pure Pursuit: pose=(0.957, 1.918, -1.349) cte=0.015 closest=61 target=106 path_dist=0.015 heading_err=0.010 steer=0.000 speed=3.146
[gpu_amcl_cpp_node-6] [INFO] [1789003848.074277019] [gpu_amcl_cpp]: AMCL odom delta: at_scan=(2.565, 0.430, 0.161) baseline=(2.376, 0.398, 0.175) delta=(0.189, 0.032, -0.014) moved=true scan_age=0.048s
[gpu_amcl_cpp_node-6] [WARN] [1789003848.176733811] [gpu_amcl_cpp]: No local AMCL cluster near odometry prediction; using causal odometry pose.
[ground_truth_amcl_monitor-7] [INFO] [1789003848.324615115] [ground_truth_amcl_monitor]: AMCL vs GT: gt=(1.370, -0.536) amcl=(1.306, -0.172) error=0.370 m / 0.019 rad; current_map=(1.328, -0.407, -1.486) error=0.136 m / 0.000 rad; odom=(1.366, -0.488, -1.486) error=0.049 m / 0.000 rad; ekf=(1.366, -0.488, -1.486) error=0.049 m / 0.000 rad; RMS=0.150 m / 0.008 rad max=0.379 m / 0.020 rad samples=82
[gpu_amcl_cpp_node-6] [INFO] [1789003848.577715827] [gpu_amcl_cpp]: AMCL local correction: odom_prediction=(1.400, -1.758, -1.605) scan=(1.414, -1.742, -1.602) correction=0.022 m/0.003 rad cluster_weight=0.931 publish=true
[component_container-9] [INFO] [1789003848.623018511] [pure_pursuit_node]: Pure Pursuit: pose=(1.367, -2.292, -1.660) cte=-0.036 closest=274 target=326 path_dist=0.036 heading_err=0.025 steer=-0.025 speed=6.150
[gpu_amcl_cpp_node-6] [INFO] [1789003849.074892334] [gpu_amcl_cpp]: AMCL odom delta: at_scan=(8.032, 0.199, -0.171) baseline=(7.695, 0.253, -0.149) delta=(0.337, -0.054, -0.022) moved=true scan_age=0.049s
[ground_truth_amcl_monitor-7] [INFO] [1789003849.325163033] [ground_truth_amcl_monitor]: AMCL vs GT: gt=(0.700, -6.209) amcl=(0.785, -5.881) error=0.339 m / 0.048 rad; current_map=(0.733, -6.131, -1.753) error=0.085 m / 0.000 rad; odom=(0.732, -6.036, -1.801) error=0.176 m / 0.048 rad; ekf=(0.732, -6.036, -1.801) error=0.176 m / 0.048 rad; RMS=0.181 m / 0.012 rad max=0.379 m / 0.048 rad samples=122
[gpu_amcl_cpp_node-6] [INFO] [1789003849.578127900] [gpu_amcl_cpp]: AMCL local correction: odom_prediction=(0.524, -7.152, -1.863) scan=(0.526, -7.176, -1.859) correction=0.024 m/0.003 rad cluster_weight=0.978 publish=true
[component_container-9] [INFO] [1789003849.672073971] [pure_pursuit_node]: Pure Pursuit: pose=(0.383, -7.715, -1.754) cte=-0.002 closest=549 target=598 path_dist=0.002 heading_err=-0.064 steer=-0.116 speed=3.810
[gpu_amcl_cpp_node-6] [INFO] [1789003850.075176085] [gpu_amcl_cpp]: AMCL odom delta: at_scan=(12.178, -0.846, -0.376) baseline=(12.051, -0.795, -0.388) delta=(0.127, -0.051, 0.012) moved=true scan_age=0.049s
[ground_truth_amcl_monitor-7] [INFO] [1789003850.325297954] [ground_truth_amcl_monitor]: AMCL vs GT: gt=(-0.252, -9.414) amcl=(-0.172, -9.281) error=0.155 m / 0.047 rad; current_map=(-0.235, -9.389, -2.129) error=0.031 m / 0.000 rad; odom=(-0.230, -9.420, -2.082) error=0.023 m / 0.047 rad; ekf=(-0.230, -9.420, -2.082) error=0.023 m / 0.047 rad; RMS=0.179 m / 0.017 rad max=0.379 m / 0.066 rad samples=162
[gpu_amcl_cpp_node-6] [INFO] [1789003850.627808986] [gpu_amcl_cpp]: AMCL local correction: odom_prediction=(-0.707, -9.905, -2.583) scan=(-0.700, -9.904, -2.558) correction=0.007 m/0.025 rad cluster_weight=1.000 publish=true
[component_container-9] [INFO] [1789003850.674009439] [pure_pursuit_node]: Pure Pursuit: pose=(-0.925, -10.018, -2.743) cte=0.004 closest=686 target=731 path_dist=0.004 heading_err=-0.040 steer=-0.281 speed=2.519
[gpu_amcl_cpp_node-6] [INFO] [1789003851.073912064] [gpu_amcl_cpp]: Received LiDAR callback #101 (1081 ranges).
[gpu_amcl_cpp_node-6] [INFO] [1789003851.073960916] [gpu_amcl_cpp]: Starting AMCL scan update #101 (sampled from 1081 ranges).
[gpu_amcl_cpp_node-6] [INFO] [1789003851.075332506] [gpu_amcl_cpp]: AMCL scan update #101 completed; evaluating pose confidence.
[gpu_amcl_cpp_node-6] [INFO] [1789003851.125116019] [gpu_amcl_cpp]: AMCL odom delta: at_scan=(13.331, -2.786, -1.971) baseline=(13.373, -2.670, -1.872) delta=(-0.042, -0.115, -0.099) moved=true scan_age=0.049s
[ground_truth_amcl_monitor-7] [INFO] [1789003851.329401209] [ground_truth_amcl_monitor]: AMCL vs GT: gt=(-2.314, -9.777) amcl=(-2.322, -9.741) error=0.037 m / 0.000 rad; current_map=(-2.323, -9.738, 2.375) error=0.039 m / 0.000 rad; odom=(-2.407, -9.890, 2.375) error=0.147 m / 0.000 rad; ekf=(-2.407, -9.890, 2.375) error=0.147 m / 0.000 rad; RMS=0.167 m / 0.032 rad max=0.379 m / 0.103 rad samples=203
[gpu_amcl_cpp_node-6] [INFO] [1789003851.678439238] [gpu_amcl_cpp]: AMCL local correction: odom_prediction=(-2.857, -8.883, 1.947) scan=(-2.848, -8.897, 1.959) correction=0.016 m/0.012 rad cluster_weight=0.973 publish=true
[component_container-9] [INFO] [1789003851.723884540] [pure_pursuit_node]: Pure Pursuit: pose=(-2.968, -8.565, 1.868) cte=-0.033 closest=828 target=875 path_dist=0.033 heading_err=0.028 steer=-0.089 speed=4.052
[gpu_amcl_cpp_node-6] [INFO] [1789003852.127519677] [gpu_amcl_cpp]: AMCL odom delta: at_scan=(10.416, -4.063, -3.103) baseline=(10.647, -4.051, -3.080) delta=(-0.231, -0.012, -0.023) moved=true scan_age=0.052s
[ground_truth_amcl_monitor-7] [INFO] [1789003852.329899032] [ground_truth_amcl_monitor]: AMCL vs GT: gt=(-3.129, -6.220) amcl=(-3.118, -6.258) error=0.040 m / 0.000 rad; current_map=(-3.116, -6.255, 1.439) error=0.038 m / 0.000 rad; odom=(-3.224, -6.279, 1.439) error=0.112 m / 0.000 rad; ekf=(-3.224, -6.279, 1.439) error=0.112 m / 0.000 rad; RMS=0.163 m / 0.032 rad max=0.379 m / 0.103 rad samples=243
[gpu_amcl_cpp_node-6] [INFO] [1789003852.727886645] [gpu_amcl_cpp]: AMCL local correction: odom_prediction=(-2.725, -4.350, 1.204) scan=(-2.712, -4.331, 1.195) correction=0.023 m/0.008 rad cluster_weight=0.935 publish=true
[component_container-9] [INFO] [1789003852.772944598] [pure_pursuit_node]: Pure Pursuit: pose=(-2.566, -3.877, 1.289) cte=-0.017 closest=1066 target=1117 path_dist=0.017 heading_err=0.007 steer=-0.027 speed=5.753
[gpu_amcl_cpp_node-6] [INFO] [1789003853.172729011] [gpu_amcl_cpp]: AMCL odom delta: at_scan=(5.076, -2.862, 2.878) baseline=(5.333, -2.939, 2.826) delta=(-0.257, 0.077, 0.052) moved=true scan_age=0.047s
[ground_truth_amcl_monitor-7] [INFO] [1789003853.375116501] [ground_truth_amcl_monitor]: AMCL vs GT: gt=(-1.764, -0.900) amcl=(-1.815, -1.172) error=0.277 m / 0.049 rad; current_map=(-1.755, -0.908, 1.321) error=0.013 m / 0.000 rad; odom=(-1.837, -0.873, 1.321) error=0.077 m / 0.000 rad; ekf=(-1.837, -0.873, 1.321) error=0.077 m / 0.000 rad; RMS=0.174 m / 0.032 rad max=0.379 m / 0.103 rad samples=284
[gpu_amcl_cpp_node-6] [INFO] [1789003853.776870068] [gpu_amcl_cpp]: AMCL local correction: odom_prediction=(-1.417, 0.725, 1.367) scan=(-1.418, 0.724, 1.371) correction=0.001 m/0.004 rad cluster_weight=0.937 publish=true
[component_container-9] [INFO] [1789003853.821836820] [pure_pursuit_node]: Pure Pursuit: pose=(-1.345, 1.083, 1.375) cte=0.015 closest=1322 target=1370 path_dist=0.015 heading_err=0.044 steer=0.091 speed=3.448
[gpu_amcl_cpp_node-6] [INFO] [1789003854.175034724] [gpu_amcl_cpp]: AMCL odom delta: at_scan=(1.093, -2.153, 3.091) baseline=(1.256, -2.163, 3.072) delta=(-0.163, 0.010, 0.018) moved=true scan_age=0.048s
[ground_truth_amcl_monitor-7] [INFO] [1789003854.379050267] [ground_truth_amcl_monitor]: AMCL vs GT: gt=(-1.305, 2.616) amcl=(-1.284, 2.634) error=0.028 m / 0.000 rad; current_map=(-1.285, 2.630, 1.748) error=0.024 m / 0.000 rad; odom=(-1.385, 2.640, 1.748) error=0.084 m / 0.000 rad; ekf=(-1.385, 2.640, 1.748) error=0.084 m / 0.000 rad; RMS=0.169 m / 0.032 rad max=0.379 m / 0.103 rad samples=325
[gpu_amcl_cpp_node-6] [INFO] [1789003854.780348978] [gpu_amcl_cpp]: AMCL local correction: odom_prediction=(-1.504, 3.305, 2.066) scan=(-1.501, 3.291, 2.050) correction=0.014 m/0.016 rad cluster_weight=0.981 publish=true
[component_container-9] [INFO] [1789003854.822750083] [pure_pursuit_node]: Pure Pursuit: pose=(-1.603, 3.461, 2.202) cte=-0.018 closest=1444 target=1487 path_dist=0.018 heading_err=-0.074 steer=0.339 speed=1.851
[gpu_amcl_cpp_node-6] [INFO] [1789003855.222738189] [gpu_amcl_cpp]: AMCL odom delta: at_scan=(-0.681, -3.021, -1.846) baseline=(-0.653, -2.937, -1.950) delta=(-0.028, -0.083, 0.104) moved=true scan_age=0.047s
[ground_truth_amcl_monitor-7] [INFO] [1789003855.423998549] [ground_truth_amcl_monitor]: AMCL vs GT: gt=(-2.439, 3.803) amcl=(-2.362, 3.863) error=0.098 m / 0.113 rad; current_map=(-2.453, 3.852, -2.966) error=0.050 m / 0.000 rad; odom=(-2.581, 3.857, -2.966) error=0.152 m / 0.000 rad; ekf=(-2.581, 3.857, -2.966) error=0.152 m / 0.000 rad; RMS=0.161 m / 0.036 rad max=0.379 m / 0.113 rad samples=366
[component_container-9] [INFO] [1789003855.822901203] [pure_pursuit_node]: Pure Pursuit: pose=(-3.034, 3.313, -2.031) cte=0.017 closest=1535 target=1578 path_dist=0.017 heading_err=0.120 steer=0.211 speed=2.308
[gpu_amcl_cpp_node-6] [INFO] [1789003855.828138515] [gpu_amcl_cpp]: AMCL local correction: odom_prediction=(-2.982, 3.395, -2.119) scan=(-2.969, 3.396, -2.129) correction=0.013 m/0.010 rad cluster_weight=0.967 publish=true
[gpu_amcl_cpp_node-6] [INFO] [1789003856.123999187] [gpu_amcl_cpp]: Received LiDAR callback #202 (1081 ranges).
[gpu_amcl_cpp_node-6] [INFO] [1789003856.124051906] [gpu_amcl_cpp]: Starting AMCL scan update #202 (sampled from 1081 ranges).
[gpu_amcl_cpp_node-6] [INFO] [1789003856.125133972] [gpu_amcl_cpp]: AMCL scan update #202 completed; evaluating pose confidence.
[gpu_amcl_cpp_node-6] [INFO] [1789003856.223952228] [gpu_amcl_cpp]: AMCL odom delta: at_scan=(0.684, -4.232, -0.096) baseline=(0.535, -4.215, -0.122) delta=(0.149, -0.016, 0.027) moved=true scan_age=0.047s
[ground_truth_amcl_monitor-7] [INFO] [1789003856.424167893] [ground_truth_amcl_monitor]: AMCL vs GT: gt=(-3.286, 1.822) amcl=(-3.258, 1.988) error=0.168 m / 0.006 rad; current_map=(-3.272, 1.820, -1.652) error=0.014 m / 0.000 rad; odom=(-3.483, 1.827, -1.652) error=0.197 m / 0.000 rad; ekf=(-3.483, 1.827, -1.652) error=0.197 m / 0.000 rad; RMS=0.156 m / 0.038 rad max=0.379 m / 0.118 rad samples=406
[component_container-9] [INFO] [1789003856.823606595] [pure_pursuit_node]: Pure Pursuit: pose=(-3.480, 0.544, -1.931) cte=0.027 closest=1676 target=1720 path_dist=0.027 heading_err=0.019 steer=-0.144 speed=2.278
[gpu_amcl_cpp_node-6] [INFO] [1789003856.879662748] [gpu_amcl_cpp]: AMCL local correction: odom_prediction=(-3.480, 0.554, -1.933) scan=(-3.482, 0.535, -1.913) correction=0.019 m/0.020 rad cluster_weight=0.983 publish=true
[gpu_amcl_cpp_node-6] [INFO] [1789003857.224524099] [gpu_amcl_cpp]: AMCL odom delta: at_scan=(3.219, -4.838, -0.745) baseline=(3.144, -4.775, -0.665) delta=(0.074, -0.063, -0.080) moved=true scan_age=0.048s
[ground_truth_amcl_monitor-7] [INFO] [1789003857.424789046] [ground_truth_amcl_monitor]: AMCL vs GT: gt=(-4.139, -0.336) amcl=(-4.022, -0.281) error=0.129 m / 0.070 rad; current_map=(-4.105, -0.335, -2.597) error=0.034 m / 0.000 rad; odom=(-4.337, -0.304, -2.597) error=0.201 m / 0.000 rad; ekf=(-4.337, -0.304, -2.597) error=0.201 m / 0.000 rad; RMS=0.153 m / 0.038 rad max=0.379 m / 0.118 rad samples=446
[component_container-9] [INFO] [1789003857.874850650] [pure_pursuit_node]: Pure Pursuit: pose=(-5.001, -0.438, 2.762) cte=-0.012 closest=1776 target=1820 path_dist=0.012 heading_err=-0.026 steer=-0.305 speed=2.045
[gpu_amcl_cpp_node-6] [INFO] [1789003857.928148493] [gpu_amcl_cpp]: AMCL local correction: odom_prediction=(-4.998, -0.422, 2.761) scan=(-4.995, -0.427, 2.789) correction=0.006 m/0.029 rad cluster_weight=0.973 publish=true
[gpu_amcl_cpp_node-6] [INFO] [1789003858.274722917] [gpu_amcl_cpp]: AMCL odom delta: at_scan=(3.072, -6.623, -2.546) baseline=(3.170, -6.551, -2.466) delta=(-0.097, -0.072, -0.079) moved=true scan_age=0.048s
[ground_truth_amcl_monitor-7] [INFO] [1789003858.428523326] [ground_truth_amcl_monitor]: AMCL vs GT: gt=(-5.764, 0.391) amcl=(-5.743, 0.368) error=0.031 m / 0.000 rad; current_map=(-5.740, 0.362, 1.961) error=0.038 m / 0.000 rad; odom=(-6.006, 0.435, 1.961) error=0.247 m / 0.000 rad; ekf=(-6.006, 0.435, 1.961) error=0.247 m / 0.000 rad; RMS=0.149 m / 0.040 rad max=0.379 m / 0.118 rad samples=487
[component_container-9] [INFO] [1789003858.922351192] [pure_pursuit_node]: Pure Pursuit: pose=(-6.133, 2.317, 1.658) cte=-0.013 closest=1930 target=1979 path_dist=0.013 heading_err=0.009 steer=-0.040 speed=4.936
[gpu_amcl_cpp_node-6] [INFO] [1789003858.978203781] [gpu_amcl_cpp]: AMCL local correction: odom_prediction=(-6.135, 2.321, 1.650) scan=(-6.135, 2.320, 1.651) correction=0.002 m/0.001 rad cluster_weight=0.925 publish=true
[gpu_amcl_cpp_node-6] [INFO] [1789003859.323398069] [gpu_amcl_cpp]: AMCL odom delta: at_scan=(-0.988, -7.199, 3.059) baseline=(-0.753, -7.214, 3.100) delta=(-0.236, 0.015, -0.041) moved=true scan_age=0.048s
[ground_truth_amcl_monitor-7] [INFO] [1789003859.429541305] [ground_truth_amcl_monitor]: AMCL vs GT: gt=(-6.092, 4.517) amcl=(-6.088, 4.447) error=0.071 m / 0.000 rad; current_map=(-6.083, 4.446, 1.371) error=0.072 m / 0.000 rad; odom=(-6.333, 4.605, 1.371) error=0.257 m / 0.000 rad; ekf=(-6.333, 4.605, 1.371) error=0.257 m / 0.000 rad; RMS=0.152 m / 0.039 rad max=0.379 m / 0.118 rad samples=527
[component_container-9] [INFO] [1789003859.922775775] [pure_pursuit_node]: Pure Pursuit: pose=(-5.402, 6.403, 1.030) cte=-0.024 closest=2141 target=2186 path_dist=0.024 heading_err=0.002 steer=-0.172 speed=2.856
[gpu_amcl_cpp_node-6] [INFO] [1789003859.979401779] [gpu_amcl_cpp]: AMCL local correction: odom_prediction=(-5.394, 6.417, 1.013) scan=(-5.385, 6.431, 1.024) correction=0.016 m/0.010 rad cluster_weight=0.996 publish=true
[gpu_amcl_cpp_node-6] [INFO] [1789003860.325084455] [gpu_amcl_cpp]: AMCL odom delta: at_scan=(-4.065, -5.782, 2.200) baseline=(-3.976, -5.898, 2.250) delta=(-0.089, 0.116, -0.050) moved=true scan_age=0.049s
[ground_truth_amcl_monitor-7] [INFO] [1789003860.431013749] [ground_truth_amcl_monitor]: AMCL vs GT: gt=(-4.484, 7.327) amcl=(-4.513, 7.286) error=0.050 m / 0.000 rad; current_map=(-4.507, 7.286, 0.504) error=0.047 m / 0.000 rad; odom=(-4.719, 7.390, 0.504) error=0.243 m / 0.000 rad; ekf=(-4.719, 7.390, 0.504) error=0.243 m / 0.000 rad; RMS=0.153 m / 0.039 rad max=0.379 m / 0.118 rad samples=567
[component_container-9] [INFO] [1789003860.948949947] [pure_pursuit_node]: Pure Pursuit: pose=(-2.650, 7.539, -0.276) cte=-0.023 closest=2299 target=2346 path_dist=0.023 heading_err=0.019 steer=-0.115 speed=3.620
[gpu_amcl_cpp_node-6] [INFO] [1789003861.004116356] [gpu_amcl_cpp]: AMCL local correction: odom_prediction=(-2.647, 7.550, -0.273) scan=(-2.635, 7.560, -0.264) correction=0.016 m/0.009 rad cluster_weight=0.967 publish=true
[gpu_amcl_cpp_node-6] [INFO] [1789003861.151272245] [gpu_amcl_cpp]: Received LiDAR callback #302 (1081 ranges).
[gpu_amcl_cpp_node-6] [INFO] [1789003861.151334993] [gpu_amcl_cpp]: Starting AMCL scan update #302 (sampled from 1081 ranges).
[gpu_amcl_cpp_node-6] [INFO] [1789003861.151920124] [gpu_amcl_cpp]: AMCL scan update #302 completed; evaluating pose confidence.
[gpu_amcl_cpp_node-6] [INFO] [1789003861.358336182] [gpu_amcl_cpp]: AMCL odom delta: at_scan=(-3.816, -2.470, 0.850) baseline=(-3.950, -2.630, 0.900) delta=(0.134, 0.160, -0.050) moved=true scan_age=0.053s
[ground_truth_amcl_monitor-7] [INFO] [1789003861.478499803] [ground_truth_amcl_monitor]: AMCL vs GT: gt=(-1.113, 6.580) amcl=(-1.336, 6.814) error=0.324 m / 0.040 rad; current_map=(-1.124, 6.603, -0.804) error=0.026 m / 0.000 rad; odom=(-1.292, 6.612, -0.804) error=0.182 m / 0.000 rad; ekf=(-1.292, 6.612, -0.804) error=0.182 m / 0.000 rad; RMS=0.153 m / 0.040 rad max=0.379 m / 0.118 rad samples=606
[component_container-9] [INFO] [1789003861.972898493] [pure_pursuit_node]: Pure Pursuit: pose=(0.230, 4.369, -1.155) cte=-0.040 closest=2520 target=2571 path_dist=0.040 heading_err=-0.021 steer=-0.058 speed=5.185
[gpu_amcl_cpp_node-6] [INFO] [1789003862.031758089] [gpu_amcl_cpp]: AMCL local correction: odom_prediction=(0.251, 4.354, -1.151) scan=(0.248, 4.366, -1.143) correction=0.012 m/0.008 rad cluster_weight=0.949 publish=true
[gpu_amcl_cpp_node-6] [WARN] [1789003862.205136417] [gpu_amcl_cpp]: No local AMCL cluster near odometry prediction; using causal odometry pose.
[gpu_amcl_cpp_node-6] [INFO] [1789003862.411169335] [gpu_amcl_cpp]: AMCL odom delta: at_scan=(0.831, -0.037, 0.294) baseline=(0.537, -0.133, 0.336) delta=(0.294, 0.096, -0.042) moved=true scan_age=0.053s
[ground_truth_amcl_monitor-7] [INFO] [1789003862.482985745] [ground_truth_amcl_monitor]: AMCL vs GT: gt=(0.998, 2.041) amcl=(0.972, 2.031) error=0.028 m / 0.000 rad; current_map=(0.972, 2.031, -1.366) error=0.028 m / 0.000 rad; odom=(0.854, 1.975, -1.366) error=0.159 m / 0.000 rad; ekf=(0.854, 1.975, -1.366) error=0.159 m / 0.000 rad; RMS=0.158 m / 0.039 rad max=0.398 m / 0.118 rad samples=643
[component_container-9] [INFO] [1789003862.977880268] [pure_pursuit_node]: Pure Pursuit: pose=(1.348, -0.703, -1.527) cte=0.004 closest=194 target=246 path_dist=0.004 heading_err=0.002 steer=-0.025 speed=5.577
[gpu_amcl_cpp_node-6] [INFO] [1789003863.034819972] [gpu_amcl_cpp]: AMCL local correction: odom_prediction=(1.355, -0.798, -1.506) scan=(1.359, -0.832, -1.516) correction=0.034 m/0.010 rad cluster_weight=0.961 publish=true
[gpu_amcl_cpp_node-6] [INFO] [1789003863.451812335] [gpu_amcl_cpp]: AMCL odom delta: at_scan=(6.114, 0.382, -0.136) baseline=(5.864, 0.420, -0.164) delta=(0.250, -0.038, 0.028) moved=true scan_age=0.049s
[ground_truth_amcl_monitor-7] [INFO] [1789003863.505582016] [ground_truth_amcl_monitor]: AMCL vs GT: gt=(1.302, -3.008) amcl=(1.334, -2.838) error=0.172 m / 0.027 rad; current_map=(1.303, -3.089, -1.680) error=0.081 m / 0.000 rad; odom=(1.152, -3.206, -1.680) error=0.249 m / 0.000 rad; ekf=(1.152, -3.206, -1.680) error=0.249 m / 0.000 rad; RMS=0.159 m / 0.039 rad max=0.398 m / 0.118 rad samples=682
[gpu_amcl_cpp_node-6] [WARN] [1789003863.706664702] [gpu_amcl_cpp]: No local AMCL cluster near odometry prediction; using causal odometry pose.
[gpu_amcl_cpp_node-6] [WARN] [1789003863.926024430] [gpu_amcl_cpp]: Queued LiDAR scan until source-time odometry arrives (queued=1).
[component_container-9] [INFO] [1789003864.023574320] [pure_pursuit_node]: Pure Pursuit: pose=(0.808, -6.080, -1.810) cte=-0.047 closest=465 target=516 path_dist=0.047 heading_err=0.029 steer=0.017 speed=4.223
[gpu_amcl_cpp_node-6] [INFO] [1789003864.080471274] [gpu_amcl_cpp]: AMCL local correction: odom_prediction=(0.808, -6.049, -1.822) scan=(0.818, -6.053, -1.806) correction=0.011 m/0.015 rad cluster_weight=0.957 publish=true
[gpu_amcl_cpp_node-6] [INFO] [1789003864.461314123] [gpu_amcl_cpp]: AMCL odom delta: at_scan=(11.012, -0.549, -0.283) baseline=(10.802, -0.494, -0.226) delta=(0.210, -0.055, -0.057) moved=true scan_age=0.052s
[ground_truth_amcl_monitor-7] [INFO] [1789003864.528506485] [ground_truth_amcl_monitor]: AMCL vs GT: gt=(0.337, -7.850) amcl=(0.444, -7.539) error=0.330 m / 0.063 rad; current_map=(0.362, -7.790, -1.917) error=0.065 m / 0.000 rad; odom=(0.252, -7.854, -1.854) error=0.085 m / 0.063 rad; ekf=(0.252, -7.854, -1.854) error=0.085 m / 0.063 rad; RMS=0.161 m / 0.038 rad max=0.398 m / 0.118 rad samples=720
[component_container-9] [INFO] [1789003865.051577011] [pure_pursuit_node]: Pure Pursuit: pose=(-0.211, -9.343, -2.104) cte=-0.005 closest=636 target=681 path_dist=0.005 heading_err=0.011 steer=-0.186 speed=2.549
[gpu_amcl_cpp_node-6] [INFO] [1789003865.105006081] [gpu_amcl_cpp]: AMCL local correction: odom_prediction=(-0.217, -9.365, -2.090) scan=(-0.204, -9.350, -2.083) correction=0.020 m/0.007 rad cluster_weight=0.997 publish=true
[gpu_amcl_cpp_node-6] [INFO] [1789003865.500877472] [gpu_amcl_cpp]: AMCL odom delta: at_scan=(13.460, -1.912, -1.160) baseline=(13.404, -1.798, -1.076) delta=(0.056, -0.115, -0.084) moved=true scan_age=0.048s
[ground_truth_amcl_monitor-7] [INFO] [1789003865.549647658] [ground_truth_amcl_monitor]: AMCL vs GT: gt=(-1.036, -10.091) amcl=(-0.886, -10.021) error=0.166 m / 0.087 rad; current_map=(-0.998, -10.065, -2.818) error=0.046 m / 0.000 rad; odom=(-1.224, -10.345, -2.818) error=0.316 m / 0.000 rad; ekf=(-1.224, -10.345, -2.818) error=0.316 m / 0.000 rad; RMS=0.161 m / 0.039 rad max=0.398 m / 0.118 rad samples=760
[component_container-9] [INFO] [1789003866.075350606] [pure_pursuit_node]: Pure Pursuit: pose=(-2.331, -9.730, 2.357) cte=-0.041 closest=762 target=806 path_dist=0.041 heading_err=-0.026 steer=-0.175 speed=2.798
[gpu_amcl_cpp_node-6] [INFO] [1789003866.129411956] [gpu_amcl_cpp]: AMCL local correction: odom_prediction=(-2.334, -9.727, 2.363) scan=(-2.326, -9.739, 2.384) correction=0.014 m/0.021 rad cluster_weight=0.977 publish=true
[gpu_amcl_cpp_node-6] [INFO] [1789003866.175135230] [gpu_amcl_cpp]: Received LiDAR callback #398 (1081 ranges).
[gpu_amcl_cpp_node-6] [INFO] [1789003866.175190805] [gpu_amcl_cpp]: Starting AMCL scan update #398 (sampled from 1081 ranges).
[gpu_amcl_cpp_node-6] [INFO] [1789003866.176563126] [gpu_amcl_cpp]: AMCL scan update #398 completed; evaluating pose confidence.
[gpu_amcl_cpp_node-6] [INFO] [1789003866.525491648] [gpu_amcl_cpp]: AMCL odom delta: at_scan=(12.140, -3.940, -2.810) baseline=(12.300, -3.881, -2.768) delta=(-0.160, -0.059, -0.042) moved=true scan_age=0.049s
[ground_truth_amcl_monitor-7] [INFO] [1789003866.577821450] [ground_truth_amcl_monitor]: AMCL vs GT: gt=(-2.966, -8.577) amcl=(-2.924, -8.705) error=0.135 m / 0.051 rad; current_map=(-2.980, -8.528, 1.851) error=0.052 m / 0.000 rad; odom=(-3.139, -8.981, 1.902) error=0.440 m / 0.051 rad; ekf=(-3.139, -8.981, 1.902) error=0.440 m / 0.051 rad; RMS=0.158 m / 0.040 rad max=0.398 m / 0.133 rad samples=800
[component_container-9] [INFO] [1789003867.123769954] [pure_pursuit_node]: Pure Pursuit: pose=(-3.075, -5.976, 1.436) cte=0.011 closest=958 target=1009 path_dist=0.011 heading_err=-0.005 steer=-0.045 speed=5.010
[gpu_amcl_cpp_node-6] [INFO] [1789003867.177696891] [gpu_amcl_cpp]: AMCL local correction: odom_prediction=(-3.077, -5.978, 1.429) scan=(-3.079, -5.986, 1.431) correction=0.009 m/0.002 rad cluster_weight=0.978 publish=true
[gpu_amcl_cpp_node-6] [INFO] [1789003867.528037118] [gpu_amcl_cpp]: AMCL odom delta: at_scan=(7.545, -3.688, 2.836) baseline=(7.800, -3.771, 2.820) delta=(-0.254, 0.083, 0.016) moved=true scan_age=0.050s
[ground_truth_amcl_monitor-7] [INFO] [1789003867.579478059] [ground_truth_amcl_monitor]: AMCL vs GT: gt=(-2.591, -3.976) amcl=(-2.657, -4.247) error=0.280 m / 0.034 rad; current_map=(-2.579, -3.985, 1.300) error=0.015 m / 0.000 rad; odom=(-2.809, -4.124, 1.300) error=0.264 m / 0.000 rad; ekf=(-2.809, -4.124, 1.300) error=0.264 m / 0.000 rad; RMS=0.159 m / 0.039 rad max=0.398 m / 0.133 rad samples=840
[component_container-9] [INFO] [1789003868.123831001] [pure_pursuit_node]: Pure Pursuit: pose=(-1.749, -0.800, 1.359) cte=-0.013 closest=1225 target=1278 path_dist=0.013 heading_err=-0.020 steer=-0.014 speed=4.698
[gpu_amcl_cpp_node-6] [INFO] [1789003868.177914462] [gpu_amcl_cpp]: AMCL local correction: odom_prediction=(-1.744, -0.806, 1.323) scan=(-1.758, -0.837, 1.323) correction=0.034 m/0.001 rad cluster_weight=0.936 publish=true
[gpu_amcl_cpp_node-6] [INFO] [1789003868.531691985] [gpu_amcl_cpp]: AMCL odom delta: at_scan=(2.604, -2.428, 2.955) baseline=(2.772, -2.461, 2.943) delta=(-0.167, 0.033, 0.012) moved=true scan_age=0.052s
[ground_truth_amcl_monitor-7] [INFO] [1789003868.584424355] [ground_truth_amcl_monitor]: AMCL vs GT: gt=(-1.390, 0.814) amcl=(-1.415, 0.630) error=0.185 m / 0.016 rad; current_map=(-1.381, 0.816, 1.400) error=0.009 m / 0.000 rad; odom=(-1.594, 0.740, 1.400) error=0.217 m / 0.000 rad; ekf=(-1.594, 0.740, 1.400) error=0.217 m / 0.000 rad; RMS=0.160 m / 0.039 rad max=0.398 m / 0.133 rad samples=880
[component_container-9] [INFO] [1789003869.149620778] [pure_pursuit_node]: Pure Pursuit: pose=(-1.244, 2.687, 1.813) cte=0.059 closest=1402 target=1445 path_dist=0.059 heading_err=-0.074 steer=0.110 speed=1.967
[gpu_amcl_cpp_node-6] [INFO] [1789003869.204406300] [gpu_amcl_cpp]: AMCL local correction: odom_prediction=(-1.234, 2.694, 1.781) scan=(-1.242, 2.686, 1.770) correction=0.011 m/0.012 rad cluster_weight=0.970 publish=true
[gpu_amcl_cpp_node-6] [INFO] [1789003869.551278984] [gpu_amcl_cpp]: AMCL odom delta: at_scan=(0.012, -2.461, -2.652) baseline=(0.095, -2.420, -2.708) delta=(-0.084, -0.042, 0.056) moved=true scan_age=0.049s
[ground_truth_amcl_monitor-7] [INFO] [1789003869.602037149] [ground_truth_amcl_monitor]: AMCL vs GT: gt=(-1.498, 3.314) amcl=(-1.432, 3.248) error=0.094 m / 0.063 rad; current_map=(-1.477, 3.326, 2.124) error=0.025 m / 0.000 rad; odom=(-1.705, 3.224, 2.124) error=0.226 m / 0.000 rad; ekf=(-1.705, 3.224, 2.124) error=0.226 m / 0.000 rad; RMS=0.158 m / 0.038 rad max=0.398 m / 0.133 rad samples=920
[component_container-9] [INFO] [1789003870.197757754] [pure_pursuit_node]: Pure Pursuit: pose=(-2.460, 3.846, -2.954) cte=0.008 closest=1495 target=1538 path_dist=0.008 heading_err=0.028 steer=0.427 speed=1.874
[gpu_amcl_cpp_node-6] [INFO] [1789003870.254647685] [gpu_amcl_cpp]: AMCL local correction: odom_prediction=(-2.454, 3.845, -2.943) scan=(-2.444, 3.847, -2.964) correction=0.010 m/0.021 rad cluster_weight=0.978 publish=true
[gpu_amcl_cpp_node-6] [INFO] [1789003870.558114373] [gpu_amcl_cpp]: AMCL odom delta: at_scan=(-0.275, -3.992, -0.710) baseline=(-0.350, -3.920, -0.816) delta=(0.075, -0.072, 0.106) moved=true scan_age=0.053s
[ground_truth_amcl_monitor-7] [INFO] [1789003870.611901006] [ground_truth_amcl_monitor]: AMCL vs GT: gt=(-2.952, 3.454) amcl=(-2.882, 3.542) error=0.113 m / 0.102 rad; current_map=(-2.948, 3.457, -2.179) error=0.006 m / 0.000 rad; odom=(-3.257, 3.348, -2.179) error=0.323 m / 0.000 rad; ekf=(-3.257, 3.348, -2.179) error=0.323 m / 0.000 rad; RMS=0.155 m / 0.040 rad max=0.398 m / 0.133 rad samples=960
[component_container-9] [INFO] [1789003871.199293443] [pure_pursuit_node]: Pure Pursuit: pose=(-3.274, 1.787, -1.654) cte=0.030 closest=1612 target=1659 path_dist=0.030 heading_err=-0.037 steer=-0.011 speed=3.335
[gpu_amcl_cpp_node-6] [INFO] [1789003871.200934270] [gpu_amcl_cpp]: Received LiDAR callback #497 (1081 ranges).
[gpu_amcl_cpp_node-6] [INFO] [1789003871.200980036] [gpu_amcl_cpp]: Starting AMCL scan update #497 (sampled from 1081 ranges).
[gpu_amcl_cpp_node-6] [INFO] [1789003871.202341467] [gpu_amcl_cpp]: AMCL scan update #497 completed; evaluating pose confidence.
[gpu_amcl_cpp_node-6] [INFO] [1789003871.291631850] [gpu_amcl_cpp]: AMCL local correction: odom_prediction=(-3.272, 1.788, -1.665) scan=(-3.299, 1.726, -1.645) correction=0.067 m/0.020 rad cluster_weight=0.947 publish=true
[gpu_amcl_cpp_node-6] [INFO] [1789003871.600591482] [gpu_amcl_cpp]: AMCL odom delta: at_scan=(2.492, -4.529, -0.205) baseline=(2.352, -4.503, -0.155) delta=(0.140, -0.025, -0.050) moved=true scan_age=0.049s
[ground_truth_amcl_monitor-7] [INFO] [1789003871.650644441] [ground_truth_amcl_monitor]: AMCL vs GT: gt=(-3.456, 0.513) amcl=(-3.410, 0.709) error=0.202 m / 0.070 rad; current_map=(-3.440, 0.588, -1.846) error=0.076 m / 0.000 rad; odom=(-3.728, 0.666, -1.776) error=0.312 m / 0.070 rad; ekf=(-3.728, 0.666, -1.776) error=0.312 m / 0.070 rad; RMS=0.155 m / 0.040 rad max=0.398 m / 0.133 rad samples=998
[component_container-9] [INFO] [1789003872.201517388] [pure_pursuit_node]: Pure Pursuit: pose=(-4.110, -0.366, -2.656) cte=-0.053 closest=1731 target=1774 path_dist=0.053 heading_err=-0.021 steer=-0.296 speed=1.858
[gpu_amcl_cpp_node-6] [INFO] [1789003872.305549692] [gpu_amcl_cpp]: AMCL local correction: odom_prediction=(-4.192, -0.407, -2.739) scan=(-4.189, -0.409, -2.712) correction=0.004 m/0.026 rad cluster_weight=0.983 publish=true
[gpu_amcl_cpp_node-6] [INFO] [1789003872.651007244] [gpu_amcl_cpp]: AMCL odom delta: at_scan=(3.604, -5.969, -1.772) baseline=(3.618, -5.876, -1.680) delta=(-0.015, -0.093, -0.093) moved=true scan_age=0.049s
[ground_truth_amcl_monitor-7] [INFO] [1789003872.651590371] [ground_truth_amcl_monitor]: AMCL vs GT: gt=(-4.845, -0.477) amcl=(-4.721, -0.517) error=0.130 m / 0.093 rad; current_map=(-4.813, -0.502, 2.940) error=0.040 m / 0.000 rad; odom=(-5.075, -0.460, 3.033) error=0.231 m / 0.093 rad; ekf=(-5.075, -0.460, 3.033) error=0.231 m / 0.093 rad; RMS=0.153 m / 0.041 rad max=0.398 m / 0.133 rad samples=1038
[component_container-9] [INFO] [1789003873.249462322] [pure_pursuit_node]: Pure Pursuit: pose=(-5.788, 0.515, 1.909) cte=-0.054 closest=1839 target=1884 path_dist=0.054 heading_err=0.011 steer=-0.075 speed=3.411
[gpu_amcl_cpp_node-6] [INFO] [1789003873.353571130] [gpu_amcl_cpp]: AMCL local correction: odom_prediction=(-5.843, 0.644, 1.870) scan=(-5.849, 0.656, 1.873) correction=0.014 m/0.003 rad cluster_weight=0.957 publish=true
[gpu_amcl_cpp_node-6] [INFO] [1789003873.652884596] [gpu_amcl_cpp]: AMCL odom delta: at_scan=(1.360, -7.228, -3.013) baseline=(1.565, -7.199, -2.991) delta=(-0.206, -0.029, -0.021) moved=true scan_age=0.049s
[ground_truth_amcl_monitor-7] [INFO] [1789003873.654681065] [ground_truth_amcl_monitor]: AMCL vs GT: gt=(-6.080, 1.729) amcl=(-6.034, 1.492) error=0.241 m / 0.021 rad; current_map=(-6.063, 1.698, 1.700) error=0.035 m / 0.000 rad; odom=(-6.428, 1.799, 1.700) error=0.355 m / 0.000 rad; ekf=(-6.428, 1.799, 1.700) error=0.355 m / 0.000 rad; RMS=0.152 m / 0.041 rad max=0.398 m / 0.133 rad samples=1078
[component_container-9] [INFO] [1789003874.299409361] [pure_pursuit_node]: Pure Pursuit: pose=(-6.000, 4.851, 1.312) cte=-0.008 closest=2057 target=2107 path_dist=0.008 heading_err=0.037 steer=-0.027 speed=4.220
[gpu_amcl_cpp_node-6] [INFO] [1789003874.403234747] [gpu_amcl_cpp]: AMCL local correction: odom_prediction=(-5.948, 5.074, 1.275) scan=(-5.952, 5.081, 1.282) correction=0.008 m/0.007 rad cluster_weight=0.991 publish=true
[ground_truth_amcl_monitor-7] [INFO] [1789003874.656510947] [ground_truth_amcl_monitor]: AMCL vs GT: gt=(-5.615, 6.084) amcl=(-5.615, 6.020) error=0.064 m / 0.000 rad; current_map=(-5.618, 6.006, 1.126) error=0.078 m / 0.000 rad; odom=(-5.964, 6.149, 1.126) error=0.356 m / 0.000 rad; ekf=(-5.964, 6.149, 1.126) error=0.356 m / 0.000 rad; RMS=0.155 m / 0.040 rad max=0.398 m / 0.133 rad samples=1119
[gpu_amcl_cpp_node-6] [INFO] [1789003874.700438273] [gpu_amcl_cpp]: AMCL odom delta: at_scan=(-3.119, -6.698, 2.630) baseline=(-2.990, -6.765, 2.696) delta=(-0.129, 0.067, -0.066) moved=true scan_age=0.049s
[component_container-9] [INFO] [1789003875.350420563] [pure_pursuit_node]: Pure Pursuit: pose=(-4.088, 7.478, 0.337) cte=-0.017 closest=2227 target=2273 path_dist=0.017 heading_err=-0.001 steer=-0.153 speed=3.471
[gpu_amcl_cpp_node-6] [INFO] [1789003875.403421888] [gpu_amcl_cpp]: AMCL local correction: odom_prediction=(-4.084, 7.484, 0.323) scan=(-4.084, 7.492, 0.342) correction=0.008 m/0.020 rad cluster_weight=0.987 publish=true
[ground_truth_amcl_monitor-7] [INFO] [1789003875.657229488] [ground_truth_amcl_monitor]: AMCL vs GT: gt=(-3.235, 7.643) amcl=(-3.246, 7.627) error=0.019 m / 0.000 rad; current_map=(-3.244, 7.624, -0.009) error=0.021 m / 0.000 rad; odom=(-3.560, 7.704, -0.009) error=0.331 m / 0.000 rad; ekf=(-3.560, 7.704, -0.009) error=0.331 m / 0.000 rad; RMS=0.154 m / 0.040 rad max=0.398 m / 0.133 rad samples=1159
[gpu_amcl_cpp_node-6] [INFO] [1789003875.701106019] [gpu_amcl_cpp]: AMCL odom delta: at_scan=(-4.538, -4.187, 1.488) baseline=(-4.546, -4.361, 1.562) delta=(0.008, 0.174, -0.074) moved=true scan_age=0.049s
[gpu_amcl_cpp_node-6] [INFO] [1789003876.225787744] [gpu_amcl_cpp]: Received LiDAR callback #596 (1081 ranges).
[gpu_amcl_cpp_node-6] [INFO] [1789003876.225855672] [gpu_amcl_cpp]: Starting AMCL scan update #596 (sampled from 1081 ranges).
[gpu_amcl_cpp_node-6] [INFO] [1789003876.226680544] [gpu_amcl_cpp]: AMCL scan update #596 completed; evaluating pose confidence.
[component_container-9] [INFO] [1789003876.374614626] [pure_pursuit_node]: Pure Pursuit: pose=(-0.770, 6.164, -0.870) cte=-0.022 closest=2417 target=2467 path_dist=0.022 heading_err=-0.062 steer=-0.127 speed=4.630
[gpu_amcl_cpp_node-6] [INFO] [1789003876.428612386] [gpu_amcl_cpp]: AMCL local correction: odom_prediction=(-0.789, 6.179, -0.896) scan=(-0.806, 6.197, -0.889) correction=0.025 m/0.007 rad cluster_weight=0.978 publish=true
[ground_truth_amcl_monitor-7] [INFO] [1789003876.678616741] [ground_truth_amcl_monitor]: AMCL vs GT: gt=(-0.155, 5.138) amcl=(-0.269, 5.389) error=0.276 m / 0.015 rad; current_map=(-0.159, 5.159, -1.130) error=0.022 m / 0.000 rad; odom=(-0.431, 5.139, -1.130) error=0.276 m / 0.000 rad; ekf=(-0.431, 5.139, -1.130) error=0.276 m / 0.000 rad; RMS=0.154 m / 0.041 rad max=0.398 m / 0.133 rad samples=1198
[gpu_amcl_cpp_node-6] [INFO] [1789003876.726745350] [gpu_amcl_cpp]: AMCL odom delta: at_scan=(-1.745, -1.121, 0.440) baseline=(-1.980, -1.232, 0.441) delta=(0.235, 0.111, -0.001) moved=true scan_age=0.049s
[component_container-9] [INFO] [1789003877.374647887] [pure_pursuit_node]: Pure Pursuit: pose=(1.139, 1.292, -1.353) cte=-0.032 closest=94 target=146 path_dist=0.032 heading_err=-0.026 steer=-0.071 speed=6.029
[gpu_amcl_cpp_node-6] [INFO] [1789003877.429083461] [gpu_amcl_cpp]: AMCL local correction: odom_prediction=(1.143, 1.271, -1.391) scan=(1.134, 1.322, -1.391) correction=0.052 m/0.000 rad cluster_weight=0.936 publish=true
[gpu_amcl_cpp_node-6] [WARN] [1789003877.628650574] [gpu_amcl_cpp]: No local AMCL cluster near odometry prediction; using causal odometry pose.
[ground_truth_amcl_monitor-7] [INFO] [1789003877.680603939] [ground_truth_amcl_monitor]: AMCL vs GT: gt=(1.400, -0.177) amcl=(1.358, -0.104) error=0.084 m / 0.000 rad; current_map=(1.358, -0.104, -1.432) error=0.084 m / 0.000 rad; odom=(1.139, -0.253, -1.432) error=0.271 m / 0.000 rad; ekf=(1.139, -0.253, -1.432) error=0.271 m / 0.000 rad; RMS=0.157 m / 0.040 rad max=0.398 m / 0.133 rad samples=1239
[gpu_amcl_cpp_node-6] [INFO] [1789003877.774825207] [gpu_amcl_cpp]: AMCL odom delta: at_scan=(3.955, 0.399, 0.083) baseline=(3.687, 0.373, 0.108) delta=(0.268, 0.026, -0.025) moved=true scan_age=0.049s
[component_container-9] [INFO] [1789003878.423494536] [pure_pursuit_node]: Pure Pursuit: pose=(1.085, -4.485, -1.782) cte=-0.020 closest=384 target=437 path_dist=0.020 heading_err=0.046 steer=0.033 speed=5.538
[gpu_amcl_cpp_node-6] [INFO] [1789003878.479700260] [gpu_amcl_cpp]: AMCL local correction: odom_prediction=(1.103, -4.472, -1.709) scan=(1.104, -4.468, -1.716) correction=0.004 m/0.007 rad cluster_weight=0.948 publish=true
[ground_truth_amcl_monitor-7] [INFO] [1789003878.681074462] [ground_truth_amcl_monitor]: AMCL vs GT: gt=(0.944, -5.489) amcl=(0.960, -5.437) error=0.055 m / 0.000 rad; current_map=(0.960, -5.449, -1.729) error=0.043 m / 0.000 rad; odom=(0.662, -5.611, -1.729) error=0.307 m / 0.000 rad; ekf=(0.662, -5.611, -1.729) error=0.307 m / 0.000 rad; RMS=0.159 m / 0.039 rad max=0.398 m / 0.133 rad samples=1279
[gpu_amcl_cpp_node-6] [INFO] [1789003878.777923925] [gpu_amcl_cpp]: AMCL odom delta: at_scan=(9.259, -0.227, -0.191) baseline=(9.011, -0.180, -0.181) delta=(0.248, -0.047, -0.010) moved=true scan_age=0.049s
[gpu_amcl_cpp_node-6] [WARN] [1789003879.198464861] [gpu_amcl_cpp]: Queued LiDAR scan until source-time odometry arrives (queued=1).
[component_container-9] [INFO] [1789003879.457320508] [pure_pursuit_node]: Pure Pursuit: pose=(0.127, -8.584, -1.923) cte=-0.002 closest=595 target=642 path_dist=0.002 heading_err=0.013 steer=-0.052 speed=2.748
[gpu_amcl_cpp_node-6] [INFO] [1789003879.528526510] [gpu_amcl_cpp]: AMCL local correction: odom_prediction=(0.134, -8.617, -1.851) scan=(0.130, -8.644, -1.849) correction=0.027 m/0.002 rad cluster_weight=0.984 publish=true
[ground_truth_amcl_monitor-7] [INFO] [1789003879.727865113] [ground_truth_amcl_monitor]: AMCL vs GT: gt=(-0.068, -9.188) amcl=(0.004, -9.029) error=0.175 m / 0.039 rad; current_map=(-0.035, -9.121, -1.992) error=0.075 m / 0.000 rad; odom=(-0.337, -9.254, -1.992) error=0.277 m / 0.000 rad; ekf=(-0.337, -9.254, -1.992) error=0.277 m / 0.000 rad; RMS=0.160 m / 0.039 rad max=0.398 m / 0.133 rad samples=1318
[gpu_amcl_cpp_node-6] [INFO] [1789003879.825802462] [gpu_amcl_cpp]: AMCL odom delta: at_scan=(12.626, -1.247, -0.520) baseline=(12.519, -1.189, -0.475) delta=(0.107, -0.058, -0.046) moved=true scan_age=0.049s
[component_container-9] [INFO] [1789003880.472545096] [pure_pursuit_node]: Pure Pursuit: pose=(-1.476, -10.138, 3.045) cte=-0.033 closest=714 target=759 path_dist=0.033 heading_err=0.017 steer=-0.255 speed=2.434
[gpu_amcl_cpp_node-6] [INFO] [1789003880.578620915] [gpu_amcl_cpp]: AMCL local correction: odom_prediction=(-1.608, -10.121, 2.953) scan=(-1.606, -10.127, 2.974) correction=0.007 m/0.022 rad cluster_weight=0.994 publish=true
[ground_truth_amcl_monitor-7] [INFO] [1789003880.731221164] [ground_truth_amcl_monitor]: AMCL vs GT: gt=(-1.957, -10.035) amcl=(-1.958, -10.005) error=0.030 m / 0.000 rad; current_map=(-1.953, -10.009, 2.674) error=0.026 m / 0.000 rad; odom=(-2.277, -10.123, 2.674) error=0.332 m / 0.000 rad; ekf=(-2.277, -10.123, 2.674) error=0.332 m / 0.000 rad; RMS=0.159 m / 0.040 rad max=0.398 m / 0.133 rad samples=1359
[gpu_amcl_cpp_node-6] [INFO] [1789003880.877191312] [gpu_amcl_cpp]: AMCL odom delta: at_scan=(13.066, -3.389, -2.306) baseline=(13.148, -3.289, -2.219) delta=(-0.082, -0.099, -0.087) moved=true scan_age=0.051s
[gpu_amcl_cpp_node-6] [INFO] [1789003881.251992834] [gpu_amcl_cpp]: Received LiDAR callback #697 (1081 ranges).
[gpu_amcl_cpp_node-6] [INFO] [1789003881.252059299] [gpu_amcl_cpp]: Starting AMCL scan update #697 (sampled from 1081 ranges).
[gpu_amcl_cpp_node-6] [INFO] [1789003881.253177733] [gpu_amcl_cpp]: AMCL scan update #697 completed; evaluating pose confidence.
[component_container-9] [INFO] [1789003881.502606235] [pure_pursuit_node]: Pure Pursuit: pose=(-3.116, -7.827, 1.694) cte=-0.010 closest=865 target=914 path_dist=0.010 heading_err=0.019 steer=-0.049 speed=4.553
[gpu_amcl_cpp_node-6] [INFO] [1789003881.606468289] [gpu_amcl_cpp]: AMCL local correction: odom_prediction=(-3.135, -7.641, 1.662) scan=(-3.131, -7.669, 1.677) correction=0.028 m/0.015 rad cluster_weight=0.984 publish=true
[ground_truth_amcl_monitor-7] [INFO] [1789003881.751465606] [ground_truth_amcl_monitor]: AMCL vs GT: gt=(-3.169, -6.990) amcl=(-3.157, -7.246) error=0.256 m / 0.033 rad; current_map=(-3.160, -7.017, 1.568) error=0.028 m / 0.000 rad; odom=(-3.502, -7.249, 1.600) error=0.422 m / 0.033 rad; ekf=(-3.502, -7.249, 1.600) error=0.422 m / 0.033 rad; RMS=0.158 m / 0.040 rad max=0.398 m / 0.133 rad samples=1398
[gpu_amcl_cpp_node-6] [INFO] [1789003881.899898496] [gpu_amcl_cpp]: AMCL odom delta: at_scan=(9.430, -4.265, 3.039) baseline=(9.681, -4.287, 3.069) delta=(-0.252, 0.022, -0.030) moved=true scan_age=0.049s
[component_container-9] [INFO] [1789003882.548549120] [pure_pursuit_node]: Pure Pursuit: pose=(-2.229, -2.790, 1.183) cte=0.018 closest=1123 target=1176 path_dist=0.018 heading_err=0.121 steer=0.123 speed=5.265
[gpu_amcl_cpp_node-6] [INFO] [1789003882.653270340] [gpu_amcl_cpp]: AMCL local correction: odom_prediction=(-2.126, -2.475, 1.260) scan=(-2.119, -2.472, 1.243) correction=0.008 m/0.018 rad cluster_weight=0.952 publish=true
[ground_truth_amcl_monitor-7] [INFO] [1789003882.753075402] [ground_truth_amcl_monitor]: AMCL vs GT: gt=(-1.987, -1.940) amcl=(-2.050, -2.229) error=0.296 m / 0.038 rad; current_map=(-1.990, -1.974, 1.360) error=0.034 m / 0.000 rad; odom=(-2.364, -2.150, 1.321) error=0.432 m / 0.038 rad; ekf=(-2.364, -2.150, 1.321) error=0.432 m / 0.038 rad; RMS=0.159 m / 0.039 rad max=0.398 m / 0.133 rad samples=1438
[gpu_amcl_cpp_node-6] [INFO] [1789003882.902970262] [gpu_amcl_cpp]: AMCL odom delta: at_scan=(4.244, -2.917, 2.876) baseline=(4.519, -2.987, 2.906) delta=(-0.275, 0.070, -0.030) moved=true scan_age=0.052s
[component_container-9] [INFO] [1789003883.574351616] [pure_pursuit_node]: Pure Pursuit: pose=(-1.275, 1.689, 1.487) cte=0.009 closest=1352 target=1399 path_dist=0.009 heading_err=-0.002 steer=0.091 speed=3.220
[gpu_amcl_cpp_node-6] [INFO] [1789003883.678429867] [gpu_amcl_cpp]: AMCL local correction: odom_prediction=(-1.261, 1.862, 1.490) scan=(-1.258, 1.868, 1.482) correction=0.007 m/0.007 rad cluster_weight=0.964 publish=true
[ground_truth_amcl_monitor-7] [INFO] [1789003883.778530786] [ground_truth_amcl_monitor]: AMCL vs GT: gt=(-1.254, 2.182) amcl=(-1.246, 2.034) error=0.148 m / 0.060 rad; current_map=(-1.243, 2.193, 1.578) error=0.016 m / 0.000 rad; odom=(-1.568, 2.242, 1.578) error=0.320 m / 0.000 rad; ekf=(-1.568, 2.242, 1.578) error=0.320 m / 0.000 rad; RMS=0.160 m / 0.039 rad max=0.398 m / 0.133 rad samples=1478
[gpu_amcl_cpp_node-6] [INFO] [1789003883.928957126] [gpu_amcl_cpp]: AMCL odom delta: at_scan=(0.496, -2.413, -2.956) baseline=(0.618, -2.393, -2.997) delta=(-0.122, -0.020, 0.041) moved=true scan_age=0.050s
[component_container-9] [INFO] [1789003884.623523445] [pure_pursuit_node]: Pure Pursuit: pose=(-1.968, 3.764, 2.691) cte=-0.041 closest=1469 target=1512 path_dist=0.041 heading_err=0.083 steer=0.418 speed=1.855
[gpu_amcl_cpp_node-6] [INFO] [1789003884.728745417] [gpu_amcl_cpp]: AMCL local correction: odom_prediction=(-2.050, 3.814, 2.804) scan=(-2.047, 3.818, 2.777) correction=0.005 m/0.027 rad cluster_weight=0.977 publish=true
[ground_truth_amcl_monitor-7] [INFO] [1789003884.780780094] [ground_truth_amcl_monitor]: AMCL vs GT: gt=(-2.139, 3.798) amcl=(-2.135, 3.850) error=0.053 m / 0.000 rad; current_map=(-2.134, 3.841, 2.912) error=0.043 m / 0.000 rad; odom=(-2.478, 3.860, 2.912) error=0.344 m / 0.000 rad; ekf=(-2.478, 3.860, 2.912) error=0.344 m / 0.000 rad; RMS=0.158 m / 0.039 rad max=0.398 m / 0.133 rad samples=1519
[gpu_amcl_cpp_node-6] [INFO] [1789003884.977996114] [gpu_amcl_cpp]: AMCL odom delta: at_scan=(-0.701, -3.652, -1.337) baseline=(-0.718, -3.557, -1.457) delta=(0.017, -0.095, 0.120) moved=true scan_age=0.050s
[component_container-9] [INFO] [1789003885.648518822] [pure_pursuit_node]: Pure Pursuit: pose=(-3.200, 2.635, -1.695) cte=0.058 closest=1570 target=1614 path_dist=0.058 heading_err=0.007 steer=0.036 speed=3.168
[gpu_amcl_cpp_node-6] [INFO] [1789003885.754743260] [gpu_amcl_cpp]: AMCL local correction: odom_prediction=(-3.214, 2.457, -1.677) scan=(-3.213, 2.460, -1.675) correction=0.003 m/0.002 rad cluster_weight=0.960 publish=true
[ground_truth_amcl_monitor-7] [INFO] [1789003885.804147719] [ground_truth_amcl_monitor]: AMCL vs GT: gt=(-3.248, 2.341) amcl=(-3.214, 2.459) error=0.123 m / 0.017 rad; current_map=(-3.229, 2.304, -1.660) error=0.041 m / 0.000 rad; odom=(-3.669, 2.366, -1.660) error=0.423 m / 0.000 rad; ekf=(-3.669, 2.366, -1.660) error=0.423 m / 0.000 rad; RMS=0.156 m / 0.040 rad max=0.398 m / 0.142 rad samples=1558
[gpu_amcl_cpp_node-6] [INFO] [1789003886.002203640] [gpu_amcl_cpp]: AMCL odom delta: at_scan=(1.460, -4.525, -0.088) baseline=(1.290, -4.510, -0.081) delta=(0.169, -0.014, -0.007) moved=true scan_age=0.050s
[gpu_amcl_cpp_node-6] [INFO] [1789003886.252292233] [gpu_amcl_cpp]: Received LiDAR callback #796 (1081 ranges).
[gpu_amcl_cpp_node-6] [INFO] [1789003886.252344912] [gpu_amcl_cpp]: Starting AMCL scan update #796 (sampled from 1081 ranges).
[gpu_amcl_cpp_node-6] [INFO] [1789003886.253198047] [gpu_amcl_cpp]: AMCL scan update #796 completed; evaluating pose confidence.
[component_container-9] [INFO] [1789003886.650615804] [pure_pursuit_node]: Pure Pursuit: pose=(-3.749, 0.020, -2.209) cte=0.010 closest=1705 target=1748 path_dist=0.010 heading_err=-0.028 steer=-0.272 speed=1.970
[gpu_amcl_cpp_node-6] [INFO] [1789003886.804939956] [gpu_amcl_cpp]: AMCL local correction: odom_prediction=(-3.877, -0.148, -2.374) scan=(-3.867, -0.156, -2.351) correction=0.013 m/0.024 rad cluster_weight=0.972 publish=true
[ground_truth_amcl_monitor-7] [INFO] [1789003886.807676384] [ground_truth_amcl_monitor]: AMCL vs GT: gt=(-3.901, -0.155) amcl=(-3.872, -0.152) error=0.029 m / 0.000 rad; current_map=(-3.877, -0.148, -2.374) error=0.024 m / 0.000 rad; odom=(-4.327, -0.112, -2.374) error=0.429 m / 0.000 rad; ekf=(-4.327, -0.112, -2.374) error=0.429 m / 0.000 rad; RMS=0.156 m / 0.040 rad max=0.398 m / 0.142 rad samples=1599
[gpu_amcl_cpp_node-6] [INFO] [1789003887.052028446] [gpu_amcl_cpp]: AMCL odom delta: at_scan=(3.534, -5.535, -1.198) baseline=(3.495, -5.446, -1.115) delta=(0.039, -0.089, -0.084) moved=true scan_age=0.049s
[component_container-9] [INFO] [1789003887.654994036] [pure_pursuit_node]: Pure Pursuit: pose=(-5.414, -0.124, 2.315) cte=-0.025 closest=1802 target=1846 path_dist=0.025 heading_err=-0.064 steer=-0.211 speed=2.556
[ground_truth_amcl_monitor-7] [INFO] [1789003887.827844470] [ground_truth_amcl_monitor]: AMCL vs GT: gt=(-5.611, 0.098) amcl=(-5.484, -0.052) error=0.196 m / 0.105 rad; current_map=(-5.582, 0.086, 2.134) error=0.031 m / 0.000 rad; odom=(-6.086, 0.151, 2.134) error=0.477 m / 0.000 rad; ekf=(-6.086, 0.151, 2.134) error=0.477 m / 0.000 rad; RMS=0.155 m / 0.041 rad max=0.398 m / 0.142 rad samples=1638
[gpu_amcl_cpp_node-6] [INFO] [1789003887.829408783] [gpu_amcl_cpp]: AMCL local correction: odom_prediction=(-5.582, 0.086, 2.134) scan=(-5.588, 0.082, 2.149) correction=0.007 m/0.014 rad cluster_weight=0.961 publish=true
[gpu_amcl_cpp_node-6] [INFO] [1789003888.074909485] [gpu_amcl_cpp]: AMCL odom delta: at_scan=(2.351, -7.162, -2.854) baseline=(2.505, -7.114, -2.820) delta=(-0.153, -0.048, -0.034) moved=true scan_age=0.049s
[component_container-9] [INFO] [1789003888.675339776] [pure_pursuit_node]: Pure Pursuit: pose=(-6.155, 3.395, 1.517) cte=0.006 closest=1984 target=2035 path_dist=0.006 heading_err=0.033 steer=-0.011 speed=4.723
[ground_truth_amcl_monitor-7] [INFO] [1789003888.829168426] [ground_truth_amcl_monitor]: AMCL vs GT: gt=(-6.152, 3.924) amcl=(-6.150, 3.608) error=0.317 m / 0.005 rad; current_map=(-6.143, 3.851, 1.538) error=0.074 m / 0.000 rad; odom=(-6.629, 4.032, 1.538) error=0.489 m / 0.000 rad; ekf=(-6.629, 4.032, 1.538) error=0.489 m / 0.000 rad; RMS=0.155 m / 0.041 rad max=0.398 m / 0.142 rad samples=1678
[gpu_amcl_cpp_node-6] [INFO] [1789003888.830900475] [gpu_amcl_cpp]: AMCL local correction: odom_prediction=(-6.143, 3.851, 1.538) scan=(-6.141, 3.839, 1.539) correction=0.012 m/0.001 rad cluster_weight=0.968 publish=true
[gpu_amcl_cpp_node-6] [INFO] [1789003889.077720850] [gpu_amcl_cpp]: AMCL odom delta: at_scan=(-1.981, -7.251, 2.855) baseline=(-1.785, -7.307, 2.874) delta=(-0.196, 0.056, -0.018) moved=true scan_age=0.048s
[component_container-9] [INFO] [1789003889.699564633] [pure_pursuit_node]: Pure Pursuit: pose=(-4.997, 6.928, 0.725) cte=-0.021 closest=2174 target=2219 path_dist=0.021 heading_err=0.039 steer=-0.103 speed=3.010
[ground_truth_amcl_monitor-7] [INFO] [1789003889.852030259] [ground_truth_amcl_monitor]: AMCL vs GT: gt=(-4.794, 7.134) amcl=(-4.924, 7.005) error=0.184 m / 0.044 rad; current_map=(-4.810, 7.093, 0.638) error=0.044 m / 0.000 rad; odom=(-5.262, 7.214, 0.638) error=0.475 m / 0.000 rad; ekf=(-5.262, 7.214, 0.638) error=0.475 m / 0.000 rad; RMS=0.156 m / 0.041 rad max=0.398 m / 0.142 rad samples=1718
[gpu_amcl_cpp_node-6] [INFO] [1789003889.853768519] [gpu_amcl_cpp]: AMCL local correction: odom_prediction=(-4.810, 7.093, 0.638) scan=(-4.819, 7.096, 0.657) correction=0.010 m/0.019 rad cluster_weight=0.995 publish=true
[gpu_amcl_cpp_node-6] [INFO] [1789003890.125559569] [gpu_amcl_cpp]: AMCL odom delta: at_scan=(-4.453, -5.282, 1.853) baseline=(-4.378, -5.498, 1.953) delta=(-0.075, 0.216, -0.100) moved=true scan_age=0.049s
[component_container-9] [INFO] [1789003890.751344096] [pure_pursuit_node]: Pure Pursuit: pose=(-1.780, 7.177, -0.571) cte=-0.049 closest=2346 target=2394 path_dist=0.049 heading_err=0.001 steer=-0.133 speed=4.032
[ground_truth_amcl_monitor-7] [INFO] [1789003890.853002123] [ground_truth_amcl_monitor]: AMCL vs GT: gt=(-1.626, 7.065) amcl=(-1.776, 7.181) error=0.189 m / 0.085 rad; current_map=(-1.619, 7.068, -0.667) error=0.008 m / 0.000 rad; odom=(-2.050, 7.129, -0.667) error=0.429 m / 0.000 rad; ekf=(-2.050, 7.129, -0.667) error=0.429 m / 0.000 rad; RMS=0.156 m / 0.041 rad max=0.398 m / 0.142 rad samples=1756
[gpu_amcl_cpp_node-6] [INFO] [1789003890.854902438] [gpu_amcl_cpp]: AMCL local correction: odom_prediction=(-1.619, 7.068, -0.667) scan=(-1.641, 7.089, -0.649) correction=0.031 m/0.018 rad cluster_weight=0.960 publish=true
[gpu_amcl_cpp_node-6] [INFO] [1789003891.154107147] [gpu_amcl_cpp]: AMCL odom delta: at_scan=(-3.026, -1.963, 0.657) baseline=(-3.212, -2.113, 0.702) delta=(0.186, 0.150, -0.045) moved=true scan_age=0.049s
[gpu_amcl_cpp_node-6] [INFO] [1789003891.275829640] [gpu_amcl_cpp]: Received LiDAR callback #894 (1081 ranges).
[gpu_amcl_cpp_node-6] [INFO] [1789003891.275891386] [gpu_amcl_cpp]: Starting AMCL scan update #894 (sampled from 1081 ranges).
[gpu_amcl_cpp_node-6] [INFO] [1789003891.276710387] [gpu_amcl_cpp]: AMCL scan update #894 completed; evaluating pose confidence.
[component_container-9] [INFO] [1789003891.773474712] [pure_pursuit_node]: Pure Pursuit: pose=(0.623, 3.326, -1.315) cte=-0.047 closest=2575 target=39 path_dist=0.047 heading_err=0.058 steer=0.002 speed=5.188
[ground_truth_amcl_monitor-7] [INFO] [1789003891.878413351] [ground_truth_amcl_monitor]: AMCL vs GT: gt=(0.707, 3.057) amcl=(0.634, 3.326) error=0.279 m / 0.005 rad; current_map=(0.703, 3.086, -1.292) error=0.029 m / 0.000 rad; odom=(0.332, 3.017, -1.292) error=0.378 m / 0.000 rad; ekf=(0.332, 3.017, -1.292) error=0.378 m / 0.000 rad; RMS=0.156 m / 0.041 rad max=0.398 m / 0.142 rad samples=1796
[gpu_amcl_cpp_node-6] [INFO] [1789003891.880361887] [gpu_amcl_cpp]: AMCL local correction: odom_prediction=(0.703, 3.086, -1.292) scan=(0.695, 3.075, -1.299) correction=0.013 m/0.007 rad cluster_weight=0.945 publish=true
[gpu_amcl_cpp_node-6] [INFO] [1789003892.177921882] [gpu_amcl_cpp]: AMCL odom delta: at_scan=(1.767, -0.110, 0.173) baseline=(1.474, -0.160, 0.161) delta=(0.292, 0.049, 0.012) moved=true scan_age=0.049s
[gpu_amcl_cpp_node-6] [WARN] [1789003892.753367572] [gpu_amcl_cpp]: No local AMCL cluster near odometry prediction; using causal odometry pose.
[component_container-9] [INFO] [1789003892.799959199] [pure_pursuit_node]: Pure Pursuit: pose=(1.416, -2.248, -1.706) cte=-0.082 closest=271 target=322 path_dist=0.082 heading_err=0.074 steer=-0.003 speed=4.984
[ground_truth_amcl_monitor-7] [INFO] [1789003892.903037639] [ground_truth_amcl_monitor]: AMCL vs GT: gt=(1.421, -2.473) amcl=(1.436, -2.249) error=0.225 m / 0.039 rad; current_map=(1.411, -2.495, -1.691) error=0.025 m / 0.000 rad; odom=(1.052, -2.576, -1.691) error=0.383 m / 0.000 rad; ekf=(1.052, -2.576, -1.691) error=0.383 m / 0.000 rad; RMS=0.157 m / 0.040 rad max=0.398 m / 0.142 rad samples=1836
[gpu_amcl_cpp_node-6] [INFO] [1789003892.905500592] [gpu_amcl_cpp]: AMCL local correction: odom_prediction=(1.411, -2.495, -1.691) scan=(1.435, -2.418, -1.675) correction=0.081 m/0.016 rad cluster_weight=0.906 publish=true
[gpu_amcl_cpp_node-6] [INFO] [1789003893.200592605] [gpu_amcl_cpp]: AMCL odom delta: at_scan=(7.282, -0.012, -0.183) baseline=(7.002, 0.040, -0.190) delta=(0.280, -0.053, 0.007) moved=true scan_age=0.049s
[component_container-9] [INFO] [1789003893.801585163] [pure_pursuit_node]: Pure Pursuit: pose=(0.598, -7.120, -1.938) cte=-0.071 closest=518 target=565 path_dist=0.071 heading_err=0.134 steer=0.068 speed=3.688
[ground_truth_amcl_monitor-7] [INFO] [1789003893.907034933] [ground_truth_amcl_monitor]: AMCL vs GT: gt=(0.525, -7.413) amcl=(0.554, -7.324) error=0.095 m / 0.000 rad; current_map=(0.555, -7.310, -1.896) error=0.108 m / 0.000 rad; odom=(0.155, -7.510, -1.896) error=0.382 m / 0.000 rad; ekf=(0.155, -7.510, -1.896) error=0.382 m / 0.000 rad; RMS=0.159 m / 0.040 rad max=0.398 m / 0.142 rad samples=1877
[gpu_amcl_cpp_node-6] [INFO] [1789003893.955160737] [gpu_amcl_cpp]: AMCL local correction: odom_prediction=(0.496, -7.497, -1.897) scan=(0.493, -7.529, -1.902) correction=0.033 m/0.006 rad cluster_weight=0.976 publish=true
[gpu_amcl_cpp_node-6] [INFO] [1789003894.201088552] [gpu_amcl_cpp]: AMCL odom delta: at_scan=(11.689, -0.995, -0.332) baseline=(11.522, -0.936, -0.335) delta=(0.167, -0.058, 0.003) moved=true scan_age=0.050s
[component_container-9] [INFO] [1789003894.848563512] [pure_pursuit_node]: Pure Pursuit: pose=(-0.680, -9.939, -2.561) cte=-0.038 closest=674 target=718 path_dist=0.038 heading_err=0.017 steer=-0.288 speed=2.418
[ground_truth_amcl_monitor-7] [INFO] [1789003894.950788255] [ground_truth_amcl_monitor]: AMCL vs GT: gt=(-0.810, -10.036) amcl=(-0.677, -9.945) error=0.161 m / 0.091 rad; current_map=(-0.779, -10.004, -2.664) error=0.045 m / 0.000 rad; odom=(-1.190, -10.130, -2.664) error=0.392 m / 0.000 rad; ekf=(-1.190, -10.130, -2.664) error=0.392 m / 0.000 rad; RMS=0.159 m / 0.040 rad max=0.398 m / 0.142 rad samples=1918
[gpu_amcl_cpp_node-6] [INFO] [1789003895.003624139] [gpu_amcl_cpp]: AMCL local correction: odom_prediction=(-0.884, -10.056, -2.762) scan=(-0.875, -10.058, -2.735) correction=0.010 m/0.027 rad cluster_weight=1.000 publish=true
[gpu_amcl_cpp_node-6] [INFO] [1789003895.250222446] [gpu_amcl_cpp]: AMCL odom delta: at_scan=(13.424, -2.687, -1.660) baseline=(13.429, -2.568, -1.570) delta=(-0.005, -0.119, -0.090) moved=true scan_age=0.049s
[component_container-9] [INFO] [1789003895.849901433] [pure_pursuit_node]: Pure Pursuit: pose=(-2.728, -9.155, 2.032) cte=-0.043 closest=796 target=842 path_dist=0.043 heading_err=0.019 steer=-0.092 speed=3.484
[ground_truth_amcl_monitor-7] [INFO] [1789003895.954551859] [ground_truth_amcl_monitor]: AMCL vs GT: gt=(-2.797, -9.031) amcl=(-2.738, -9.137) error=0.121 m / 0.043 rad; current_map=(-2.809, -8.986, 1.990) error=0.047 m / 0.000 rad; odom=(-3.217, -9.109, 1.990) error=0.427 m / 0.000 rad; ekf=(-3.217, -9.109, 1.990) error=0.427 m / 0.000 rad; RMS=0.158 m / 0.040 rad max=0.398 m / 0.142 rad samples=1958
[gpu_amcl_cpp_node-6] [INFO] [1789003896.006660896] [gpu_amcl_cpp]: AMCL local correction: odom_prediction=(-2.872, -8.835, 1.945) scan=(-2.867, -8.849, 1.959) correction=0.015 m/0.014 rad cluster_weight=0.967 publish=true
[gpu_amcl_cpp_node-6] [INFO] [1789003896.285825105] [gpu_amcl_cpp]: Received LiDAR callback #993 (1081 ranges).
[gpu_amcl_cpp_node-6] [INFO] [1789003896.285897261] [gpu_amcl_cpp]: AMCL odom delta: at_scan=(11.066, -4.331, -3.027) baseline=(11.294, -4.301, -2.989) delta=(-0.228, -0.031, -0.038) moved=true scan_age=0.053s
[gpu_amcl_cpp_node-6] [INFO] [1789003896.285942286] [gpu_amcl_cpp]: Starting AMCL scan update #993 (sampled from 1081 ranges).
[gpu_amcl_cpp_node-6] [INFO] [1789003896.286780793] [gpu_amcl_cpp]: AMCL scan update #993 completed; evaluating pose confidence.
[component_container-9] [INFO] [1789003896.851742019] [pure_pursuit_node]: Pure Pursuit: pose=(-2.872, -4.973, 1.269) cte=-0.004 closest=1009 target=1060 path_dist=0.004 heading_err=0.025 steer=0.030 speed=5.163
[ground_truth_amcl_monitor-7] [INFO] [1789003896.956193561] [ground_truth_amcl_monitor]: AMCL vs GT: gt=(-2.828, -4.712) amcl=(-2.876, -4.968) error=0.261 m / 0.048 rad; current_map=(-2.800, -4.727, 1.242) error=0.031 m / 0.000 rad; odom=(-3.232, -4.711, 1.242) error=0.404 m / 0.000 rad; ekf=(-3.232, -4.711, 1.242) error=0.404 m / 0.000 rad; RMS=0.159 m / 0.040 rad max=0.424 m / 0.142 rad samples=1994
[gpu_amcl_cpp_node-6] [INFO] [1789003897.011251235] [gpu_amcl_cpp]: AMCL local correction: odom_prediction=(-2.723, -4.483, 1.238) scan=(-2.734, -4.500, 1.228) correction=0.021 m/0.010 rad cluster_weight=0.925 publish=true
[gpu_amcl_cpp_node-6] [WARN] [1789003897.127978029] [gpu_amcl_cpp]: No local AMCL cluster near odometry prediction; using causal odometry pose.
[gpu_amcl_cpp_node-6] [INFO] [1789003897.324744253] [gpu_amcl_cpp]: AMCL odom delta: at_scan=(5.958, -3.535, 2.846) baseline=(6.201, -3.602, 2.899) delta=(-0.243, 0.067, -0.053) moved=true scan_age=0.048s
[component_container-9] [INFO] [1789003897.874442857] [pure_pursuit_node]: Pure Pursuit: pose=(-1.545, 0.013, 1.421) cte=0.010 closest=1267 target=1315 path_dist=0.010 heading_err=-0.055 steer=-0.040 speed=3.970
[ground_truth_amcl_monitor-7] [INFO] [1789003897.975604220] [ground_truth_amcl_monitor]: AMCL vs GT: gt=(-1.512, 0.236) amcl=(-1.535, 0.011) error=0.226 m / 0.006 rad; current_map=(-1.508, 0.202, 1.429) error=0.035 m / 0.000 rad; odom=(-1.942, 0.071, 1.422) error=0.460 m / 0.006 rad; ekf=(-1.942, 0.071, 1.422) error=0.460 m / 0.006 rad; RMS=0.159 m / 0.040 rad max=0.424 m / 0.142 rad samples=2034
[gpu_amcl_cpp_node-6] [INFO] [1789003898.028009754] [gpu_amcl_cpp]: AMCL local correction: odom_prediction=(-1.475, 0.403, 1.406) scan=(-1.477, 0.401, 1.402) correction=0.003 m/0.004 rad cluster_weight=0.939 publish=true
[gpu_amcl_cpp_node-6] [INFO] [1789003898.325324297] [gpu_amcl_cpp]: AMCL odom delta: at_scan=(1.593, -2.501, 3.064) baseline=(1.766, -2.517, 3.032) delta=(-0.174, 0.016, 0.031) moved=true scan_age=0.049s
[component_container-9] [INFO] [1789003898.900279693] [pure_pursuit_node]: Pure Pursuit: pose=(-1.372, 3.080, 1.908) cte=0.032 closest=1422 target=1465 path_dist=0.032 heading_err=-0.004 steer=0.238 speed=1.889
[ground_truth_amcl_monitor-7] [INFO] [1789003899.005362924] [ground_truth_amcl_monitor]: AMCL vs GT: gt=(-1.420, 3.141) amcl=(-1.372, 3.076) error=0.081 m / 0.044 rad; current_map=(-1.407, 3.164, 1.965) error=0.027 m / 0.000 rad; odom=(-1.831, 3.161, 1.965) error=0.411 m / 0.000 rad; ekf=(-1.831, 3.161, 1.965) error=0.411 m / 0.000 rad; RMS=0.159 m / 0.040 rad max=0.424 m / 0.142 rad samples=2074
[gpu_amcl_cpp_node-6] [INFO] [1789003899.061660330] [gpu_amcl_cpp]: AMCL local correction: odom_prediction=(-1.442, 3.247, 2.025) scan=(-1.440, 3.228, 2.006) correction=0.019 m/0.019 rad cluster_weight=0.986 publish=true
[gpu_amcl_cpp_node-6] [INFO] [1789003899.350364435] [gpu_amcl_cpp]: AMCL odom delta: at_scan=(-0.513, -3.013, -2.214) baseline=(-0.436, -2.922, -2.324) delta=(-0.076, -0.091, 0.110) moved=true scan_age=0.049s
[component_container-9] [INFO] [1789003899.901533595] [pure_pursuit_node]: Pure Pursuit: pose=(-2.769, 3.696, -2.496) cte=0.015 closest=1512 target=1555 path_dist=0.015 heading_err=0.045 steer=0.353 speed=2.068
[ground_truth_amcl_monitor-7] [INFO] [1789003900.005534139] [ground_truth_amcl_monitor]: AMCL vs GT: gt=(-2.818, 3.607) amcl=(-2.745, 3.690) error=0.110 m / 0.107 rad; current_map=(-2.819, 3.627, -2.385) error=0.020 m / 0.000 rad; odom=(-3.319, 3.624, -2.385) error=0.501 m / 0.000 rad; ekf=(-3.319, 3.624, -2.385) error=0.501 m / 0.000 rad; RMS=0.158 m / 0.041 rad max=0.424 m / 0.162 rad samples=2110
[gpu_amcl_cpp_node-6] [INFO] [1789003900.111471397] [gpu_amcl_cpp]: AMCL local correction: odom_prediction=(-2.939, 3.467, -2.187) scan=(-2.923, 3.456, -2.204) correction=0.020 m/0.017 rad cluster_weight=0.970 publish=true
[gpu_amcl_cpp_node-6] [INFO] [1789003900.374678277] [gpu_amcl_cpp]: AMCL odom delta: at_scan=(0.232, -4.479, -0.217) baseline=(0.120, -4.451, -0.268) delta=(0.112, -0.028, 0.051) moved=true scan_age=0.049s
[component_container-9] [INFO] [1789003900.926738853] [pure_pursuit_node]: Pure Pursuit: pose=(-3.352, 1.065, -1.727) cte=0.020 closest=1648 target=1695 path_dist=0.020 heading_err=-0.004 steer=-0.109 speed=2.551
[ground_truth_amcl_monitor-7] [INFO] [1789003901.027494844] [ground_truth_amcl_monitor]: AMCL vs GT: gt=(-3.394, 0.894) amcl=(-3.348, 1.091) error=0.202 m / 0.037 rad; current_map=(-3.375, 0.945, -1.770) error=0.055 m / 0.000 rad; odom=(-3.883, 1.048, -1.733) error=0.513 m / 0.037 rad; ekf=(-3.883, 1.048, -1.733) error=0.513 m / 0.037 rad; RMS=0.157 m / 0.041 rad max=0.424 m / 0.162 rad samples=2150
[gpu_amcl_cpp_node-6] [INFO] [1789003901.130139627] [gpu_amcl_cpp]: AMCL local correction: odom_prediction=(-3.431, 0.710, -1.862) scan=(-3.431, 0.717, -1.841) correction=0.007 m/0.021 rad cluster_weight=0.981 publish=true
[gpu_amcl_cpp_node-6] [INFO] [1789003901.327304200] [gpu_amcl_cpp]: Received LiDAR callback #1089 (1081 ranges).
[gpu_amcl_cpp_node-6] [INFO] [1789003901.327383509] [gpu_amcl_cpp]: Starting AMCL scan update #1089 (sampled from 1081 ranges).
[gpu_amcl_cpp_node-6] [INFO] [1789003901.328245480] [gpu_amcl_cpp]: AMCL scan update #1089 completed; evaluating pose confidence.
[gpu_amcl_cpp_node-6] [INFO] [1789003901.378121226] [gpu_amcl_cpp]: AMCL odom delta: at_scan=(2.991, -4.983, -0.516) baseline=(2.897, -4.933, -0.468) delta=(0.094, -0.050, -0.048) moved=true scan_age=0.051s
[component_container-9] [INFO] [1789003901.975607817] [pure_pursuit_node]: Pure Pursuit: pose=(-4.629, -0.492, -3.138) cte=-0.013 closest=1758 target=1801 path_dist=0.013 heading_err=0.137 steer=-0.334 speed=1.968
[ground_truth_amcl_monitor-7] [INFO] [1789003902.028020765] [ground_truth_amcl_monitor]: AMCL vs GT: gt=(-4.657, -0.483) amcl=(-4.529, -0.496) error=0.129 m / 0.090 rad; current_map=(-4.621, -0.500, -3.142) error=0.040 m / 0.000 rad; odom=(-5.102, -0.467, -3.051) error=0.445 m / 0.090 rad; ekf=(-5.102, -0.467, -3.051) error=0.445 m / 0.090 rad; RMS=0.156 m / 0.041 rad max=0.424 m / 0.162 rad samples=2190
[gpu_amcl_cpp_node-6] [INFO] [1789003902.131412183] [gpu_amcl_cpp]: AMCL local correction: odom_prediction=(-4.808, -0.481, 2.952) scan=(-4.806, -0.471, 2.981) correction=0.010 m/0.029 rad cluster_weight=0.983 publish=true
[gpu_amcl_cpp_node-6] [INFO] [1789003902.379139584] [gpu_amcl_cpp]: AMCL odom delta: at_scan=(3.408, -6.637, -2.219) baseline=(3.466, -6.551, -2.129) delta=(-0.059, -0.085, -0.090) moved=true scan_age=0.050s
[component_container-9] [INFO] [1789003902.977185677] [pure_pursuit_node]: Pure Pursuit: pose=(-6.009, 1.334, 1.739) cte=-0.042 closest=1881 target=1928 path_dist=0.042 heading_err=0.049 steer=-0.033 speed=4.194
[ground_truth_amcl_monitor-7] [INFO] [1789003903.029801026] [ground_truth_amcl_monitor]: AMCL vs GT: gt=(-6.030, 1.374) amcl=(-5.980, 1.160) error=0.219 m / 0.028 rad; current_map=(-6.015, 1.351, 1.738) error=0.027 m / 0.000 rad; odom=(-6.557, 1.216, 1.766) error=0.551 m / 0.028 rad; ekf=(-6.557, 1.216, 1.766) error=0.551 m / 0.028 rad; RMS=0.155 m / 0.041 rad max=0.424 m / 0.162 rad samples=2230
[gpu_amcl_cpp_node-6] [INFO] [1789003903.131552319] [gpu_amcl_cpp]: AMCL local correction: odom_prediction=(-6.071, 1.711, 1.698) scan=(-6.074, 1.709, 1.697) correction=0.004 m/0.001 rad cluster_weight=0.952 publish=true
[gpu_amcl_cpp_node-6] [INFO] [1789003903.425914398] [gpu_amcl_cpp]: AMCL odom delta: at_scan=(0.017, -7.544, -3.139) baseline=(0.263, -7.540, -3.112) delta=(-0.246, -0.004, -0.027) moved=true scan_age=0.050s
[component_container-9] [INFO] [1789003904.025713078] [pure_pursuit_node]: Pure Pursuit: pose=(-5.672, 5.883, 1.124) cte=-0.020 closest=2111 target=2160 path_dist=0.020 heading_err=0.020 steer=-0.060 speed=2.856
[ground_truth_amcl_monitor-7] [INFO] [1789003904.031981991] [ground_truth_amcl_monitor]: AMCL vs GT: gt=(-5.742, 5.792) amcl=(-5.747, 5.724) error=0.069 m / 0.000 rad; current_map=(-5.749, 5.717, 1.186) error=0.075 m / 0.000 rad; odom=(-6.303, 5.830, 1.186) error=0.562 m / 0.000 rad; ekf=(-6.303, 5.830, 1.186) error=0.562 m / 0.000 rad; RMS=0.156 m / 0.041 rad max=0.424 m / 0.162 rad samples=2271
[gpu_amcl_cpp_node-6] [INFO] [1789003904.132195310] [gpu_amcl_cpp]: AMCL local correction: odom_prediction=(-5.596, 6.050, 1.076) scan=(-5.586, 6.068, 1.094) correction=0.020 m/0.018 rad cluster_weight=0.994 publish=true
[gpu_amcl_cpp_node-6] [INFO] [1789003904.475025697] [gpu_amcl_cpp]: AMCL odom delta: at_scan=(-3.756, -6.419, 2.369) baseline=(-3.657, -6.511, 2.427) delta=(-0.100, 0.092, -0.059) moved=true scan_age=0.049s
[component_container-9] [INFO] [1789003905.073300550] [pure_pursuit_node]: Pure Pursuit: pose=(-3.214, 7.622, -0.020) cte=-0.029 closest=2271 target=2318 path_dist=0.029 heading_err=-0.009 steer=-0.162 speed=3.471
[ground_truth_amcl_monitor-7] [INFO] [1789003905.075938963] [ground_truth_amcl_monitor]: AMCL vs GT: gt=(-3.348, 7.642) amcl=(-3.537, 7.612) error=0.191 m / 0.058 rad; current_map=(-3.365, 7.623, 0.034) error=0.026 m / 0.000 rad; odom=(-3.898, 7.657, 0.034) error=0.550 m / 0.000 rad; ekf=(-3.898, 7.657, 0.034) error=0.550 m / 0.000 rad; RMS=0.156 m / 0.041 rad max=0.424 m / 0.162 rad samples=2312
[gpu_amcl_cpp_node-6] [INFO] [1789003905.177711286] [gpu_amcl_cpp]: AMCL local correction: odom_prediction=(-3.051, 7.622, -0.106) scan=(-3.028, 7.631, -0.088) correction=0.025 m/0.018 rad cluster_weight=0.967 publish=true
[gpu_amcl_cpp_node-6] [INFO] [1789003905.478592407] [gpu_amcl_cpp]: AMCL odom delta: at_scan=(-4.151, -3.342, 1.085) baseline=(-4.235, -3.511, 1.134) delta=(0.084, 0.170, -0.049) moved=true scan_age=0.051s
[component_container-9] [INFO] [1789003906.124831330] [pure_pursuit_node]: Pure Pursuit: pose=(-0.155, 5.136, -1.178) cte=-0.010 closest=2477 target=2526 path_dist=0.010 heading_err=0.077 steer=0.034 speed=4.955
[ground_truth_amcl_monitor-7] [INFO] [1789003906.127594758] [ground_truth_amcl_monitor]: AMCL vs GT: gt=(-0.212, 5.280) amcl=(-0.370, 5.606) error=0.363 m / 0.063 rad; current_map=(-0.239, 5.337, -1.150) error=0.063 m / 0.000 rad; odom=(-0.715, 5.245, -1.150) error=0.504 m / 0.000 rad; ekf=(-0.715, 5.245, -1.150) error=0.504 m / 0.000 rad; RMS=0.157 m / 0.041 rad max=0.424 m / 0.162 rad samples=2352
[gpu_amcl_cpp_node-6] [INFO] [1789003906.178939938] [gpu_amcl_cpp]: AMCL local correction: odom_prediction=(-0.142, 5.130, -1.163) scan=(-0.141, 5.139, -1.165) correction=0.009 m/0.002 rad cluster_weight=0.954 publish=true
[gpu_amcl_cpp_node-6] [INFO] [1789003906.327888808] [gpu_amcl_cpp]: Received LiDAR callback #1188 (1081 ranges).
[gpu_amcl_cpp_node-6] [WARN] [1789003906.327940535] [gpu_amcl_cpp]: Queued LiDAR scan until source-time odometry arrives (queued=1).
[gpu_amcl_cpp_node-6] [INFO] [1789003906.329298890] [gpu_amcl_cpp]: Starting AMCL scan update #1189 (sampled from 1081 ranges).
[gpu_amcl_cpp_node-6] [INFO] [1789003906.329843405] [gpu_amcl_cpp]: AMCL scan update #1189 completed; evaluating pose confidence.
[gpu_amcl_cpp_node-6] [INFO] [1789003906.525792751] [gpu_amcl_cpp]: AMCL odom delta: at_scan=(-0.351, -0.779, 0.258) baseline=(-0.555, -0.837, 0.292) delta=(0.203, 0.057, -0.033) moved=true scan_age=0.050s
[gpu_amcl_cpp_node-6] [WARN] [1789003907.031955565] [gpu_amcl_cpp]: No local AMCL cluster near odometry prediction; using causal odometry pose.
[component_container-9] [INFO] [1789003907.132204090] [pure_pursuit_node]: Pure Pursuit: pose=(1.303, 0.279, -1.396) cte=-0.034 closest=145 target=198 path_dist=0.034 heading_err=-0.052 steer=-0.083 speed=5.153
[ground_truth_amcl_monitor-7] [INFO] [1789003907.134737406] [ground_truth_amcl_monitor]: AMCL vs GT: gt=(1.248, 0.724) amcl=(1.158, 0.896) error=0.194 m / 0.011 rad; current_map=(1.233, 0.597, -1.328) error=0.128 m / 0.000 rad; odom=(0.815, 0.466, -1.328) error=0.505 m / 0.000 rad; ekf=(0.739, 0.764, -1.316) error=0.511 m / 0.011 rad; RMS=0.157 m / 0.041 rad max=0.424 m / 0.162 rad samples=2392
[gpu_amcl_cpp_node-6] [INFO] [1789003907.305077196] [gpu_amcl_cpp]: AMCL local correction: odom_prediction=(1.360, -0.242, -1.509) scan=(1.358, -0.375, -1.497) correction=0.133 m/0.012 rad cluster_weight=0.908 publish=true
[gpu_amcl_cpp_node-6] [INFO] [1789003907.550830913] [gpu_amcl_cpp]: AMCL odom delta: at_scan=(4.959, 0.184, 0.009) baseline=(4.670, 0.179, 0.022) delta=(0.289, 0.004, -0.013) moved=true scan_age=0.050s
[component_container-9] [INFO] [1789003908.149705424] [pure_pursuit_node]: Pure Pursuit: pose=(0.951, -5.312, -1.820) cte=-0.035 closest=426 target=478 path_dist=0.035 heading_err=0.059 steer=0.016 speed=5.093
[ground_truth_amcl_monitor-7] [INFO] [1789003908.151881818] [ground_truth_amcl_monitor]: AMCL vs GT: gt=(1.005, -4.988) amcl=(1.079, -4.768) error=0.232 m / 0.026 rad; current_map=(1.021, -5.030, -1.803) error=0.045 m / 0.000 rad; odom=(0.617, -5.076, -1.776) error=0.398 m / 0.026 rad; ekf=(0.617, -5.076, -1.776) error=0.398 m / 0.026 rad; RMS=0.157 m / 0.041 rad max=0.424 m / 0.162 rad samples=2432
[gpu_amcl_cpp_node-6] [INFO] [1789003908.352742614] [gpu_amcl_cpp]: AMCL local correction: odom_prediction=(0.821, -5.893, -1.782) scan=(0.818, -5.873, -1.780) correction=0.020 m/0.001 rad cluster_weight=0.955 publish=true
[gpu_amcl_cpp_node-6] [INFO] [1789003908.599743176] [gpu_amcl_cpp]: AMCL odom delta: at_scan=(10.487, -0.723, -0.217) baseline=(10.278, -0.672, -0.260) delta=(0.210, -0.051, 0.044) moved=true scan_age=0.049s
[ground_truth_amcl_monitor-7] [INFO] [1789003909.154741959] [ground_truth_amcl_monitor]: AMCL vs GT: gt=(-0.027, -9.008) amcl=(0.002, -8.944) error=0.071 m / 0.000 rad; current_map=(-0.000, -8.942, -1.984) error=0.072 m / 0.000 rad; odom=(-0.460, -9.292, -1.984) error=0.517 m / 0.000 rad; ekf=(-0.460, -9.292, -1.984) error=0.517 m / 0.000 rad; RMS=0.157 m / 0.040 rad max=0.424 m / 0.162 rad samples=2473
[component_container-9] [INFO] [1789003909.198432349] [pure_pursuit_node]: Pure Pursuit: pose=(-0.106, -9.152, -2.090) cte=-0.007 closest=625 target=670 path_dist=0.007 heading_err=0.055 steer=-0.072 speed=2.549
[gpu_amcl_cpp_node-6] [INFO] [1789003909.355594318] [gpu_amcl_cpp]: AMCL local correction: odom_prediction=(-0.214, -9.363, -2.116) scan=(-0.205, -9.353, -2.113) correction=0.013 m/0.003 rad cluster_weight=0.996 publish=true
[gpu_amcl_cpp_node-6] [INFO] [1789003909.601223802] [gpu_amcl_cpp]: AMCL odom delta: at_scan=(13.308, -1.861, -0.906) baseline=(13.226, -1.767, -0.810) delta=(0.082, -0.094, -0.097) moved=true scan_age=0.050s
[component_container-9] [INFO] [1789003910.199254255] [pure_pursuit_node]: Pure Pursuit: pose=(-2.084, -9.919, 2.576) cte=-0.024 closest=746 target=791 path_dist=0.024 heading_err=-0.023 steer=-0.223 speed=2.614
[ground_truth_amcl_monitor-7] [INFO] [1789003910.201475964] [ground_truth_amcl_monitor]: AMCL vs GT: gt=(-1.973, -10.016) amcl=(-1.865, -10.029) error=0.109 m / 0.101 rad; current_map=(-1.980, -9.977, 2.673) error=0.039 m / 0.000 rad; odom=(-2.348, -10.371, 2.774) error=0.517 m / 0.101 rad; ekf=(-2.348, -10.371, 2.774) error=0.517 m / 0.101 rad; RMS=0.157 m / 0.041 rad max=0.424 m / 0.162 rad samples=2514
[gpu_amcl_cpp_node-6] [INFO] [1789003910.402852440] [gpu_amcl_cpp]: AMCL local correction: odom_prediction=(-2.376, -9.684, 2.318) scan=(-2.366, -9.695, 2.339) correction=0.015 m/0.020 rad cluster_weight=0.964 publish=true
[gpu_amcl_cpp_node-6] [INFO] [1789003910.602424270] [gpu_amcl_cpp]: AMCL odom delta: at_scan=(12.703, -3.996, -2.649) baseline=(12.836, -3.920, -2.592) delta=(-0.133, -0.076, -0.057) moved=true scan_age=0.051s
[component_container-9] [INFO] [1789003911.223362747] [pure_pursuit_node]: Pure Pursuit: pose=(-3.154, -6.731, 1.520) cte=-0.001 closest=920 target=970 path_dist=0.001 heading_err=0.009 steer=-0.032 speed=5.208
[ground_truth_amcl_monitor-7] [INFO] [1789003911.226021649] [ground_truth_amcl_monitor]: AMCL vs GT: gt=(-3.173, -6.921) amcl=(-3.161, -7.175) error=0.253 m / 0.036 rad; current_map=(-3.162, -6.951, 1.556) error=0.032 m / 0.000 rad; odom=(-3.683, -7.169, 1.556) error=0.567 m / 0.000 rad; ekf=(-3.683, -7.169, 1.556) error=0.567 m / 0.000 rad; RMS=0.156 m / 0.041 rad max=0.424 m / 0.162 rad samples=2554
[gpu_amcl_cpp_node-6] [INFO] [1789003911.375222072] [gpu_amcl_cpp]: Received LiDAR callback #1289 (1081 ranges).
[gpu_amcl_cpp_node-6] [INFO] [1789003911.375288006] [gpu_amcl_cpp]: Starting AMCL scan update #1289 (sampled from 1081 ranges).
[gpu_amcl_cpp_node-6] [INFO] [1789003911.376655228] [gpu_amcl_cpp]: AMCL scan update #1289 completed; evaluating pose confidence.
[gpu_amcl_cpp_node-6] [INFO] [1789003911.429755459] [gpu_amcl_cpp]: AMCL local correction: odom_prediction=(-3.087, -5.982, 1.439) scan=(-3.088, -5.985, 1.443) correction=0.003 m/0.003 rad cluster_weight=0.976 publish=true
[gpu_amcl_cpp_node-6] [INFO] [1789003911.627826286] [gpu_amcl_cpp]: AMCL odom delta: at_scan=(8.352, -4.198, 2.849) baseline=(8.599, -4.267, 2.887) delta=(-0.247, 0.069, -0.037) moved=true scan_age=0.051s
[component_container-9] [INFO] [1789003912.223764863] [pure_pursuit_node]: Pure Pursuit: pose=(-1.931, -1.574, 1.378) cte=-0.005 closest=1186 target=1237 path_dist=0.005 heading_err=-0.058 steer=-0.041 speed=5.494
[ground_truth_amcl_monitor-7] [INFO] [1789003912.226024193] [ground_truth_amcl_monitor]: AMCL vs GT: gt=(-1.998, -1.833) amcl=(-2.024, -2.080) error=0.248 m / 0.022 rad; current_map=(-1.975, -1.819, 1.397) error=0.027 m / 0.000 rad; odom=(-2.490, -2.012, 1.397) error=0.524 m / 0.000 rad; ekf=(-2.490, -2.012, 1.397) error=0.524 m / 0.000 rad; RMS=0.157 m / 0.040 rad max=0.424 m / 0.162 rad samples=2594
[gpu_amcl_cpp_node-6] [INFO] [1789003912.478137103] [gpu_amcl_cpp]: AMCL local correction: odom_prediction=(-1.682, -0.584, 1.332) scan=(-1.680, -0.584, 1.316) correction=0.002 m/0.016 rad cluster_weight=0.934 publish=true
[gpu_amcl_cpp_node-6] [INFO] [1789003912.628836335] [gpu_amcl_cpp]: AMCL odom delta: at_scan=(3.273, -2.867, 2.982) baseline=(3.485, -2.899, 2.999) delta=(-0.212, 0.032, -0.017) moved=true scan_age=0.049s
[component_container-9] [INFO] [1789003913.249806772] [pure_pursuit_node]: Pure Pursuit: pose=(-1.263, 2.425, 1.702) cte=0.009 closest=1389 target=1435 path_dist=0.009 heading_err=-0.053 steer=0.064 speed=2.032
[ground_truth_amcl_monitor-7] [INFO] [1789003913.252367108] [ground_truth_amcl_monitor]: AMCL vs GT: gt=(-1.255, 2.250) amcl=(-1.247, 2.110) error=0.139 m / 0.088 rad; current_map=(-1.246, 2.269, 1.607) error=0.022 m / 0.000 rad; odom=(-1.751, 2.059, 1.607) error=0.531 m / 0.000 rad; ekf=(-1.751, 2.059, 1.607) error=0.531 m / 0.000 rad; RMS=0.157 m / 0.040 rad max=0.424 m / 0.162 rad samples=2634
[gpu_amcl_cpp_node-6] [INFO] [1789003913.503773559] [gpu_amcl_cpp]: AMCL local correction: odom_prediction=(-1.316, 2.841, 1.808) scan=(-1.318, 2.849, 1.804) correction=0.008 m/0.003 rad cluster_weight=0.978 publish=true
[gpu_amcl_cpp_node-6] [INFO] [1789003913.649855124] [gpu_amcl_cpp]: AMCL odom delta: at_scan=(0.301, -2.707, -2.778) baseline=(0.386, -2.677, -2.822) delta=(-0.085, -0.030, 0.044) moved=true scan_age=0.049s
[ground_truth_amcl_monitor-7] [INFO] [1789003914.254932333] [ground_truth_amcl_monitor]: AMCL vs GT: gt=(-2.123, 3.793) amcl=(-2.124, 3.841) error=0.048 m / 0.000 rad; current_map=(-2.125, 3.838, 2.888) error=0.046 m / 0.000 rad; odom=(-2.647, 3.618, 2.888) error=0.552 m / 0.000 rad; ekf=(-2.647, 3.618, 2.888) error=0.552 m / 0.000 rad; RMS=0.156 m / 0.040 rad max=0.424 m / 0.162 rad samples=2675
[component_container-9] [INFO] [1789003914.299501215] [pure_pursuit_node]: Pure Pursuit: pose=(-2.302, 3.864, 3.110) cte=0.009 closest=1487 target=1530 path_dist=0.009 heading_err=0.045 steer=0.440 speed=1.874
[gpu_amcl_cpp_node-6] [INFO] [1789003914.504615081] [gpu_amcl_cpp]: AMCL local correction: odom_prediction=(-2.547, 3.819, -2.821) scan=(-2.525, 3.807, -2.844) correction=0.025 m/0.023 rad cluster_weight=0.979 publish=true
[gpu_amcl_cpp_node-6] [INFO] [1789003914.654425822] [gpu_amcl_cpp]: AMCL odom delta: at_scan=(-0.314, -4.145, -0.917) baseline=(-0.369, -4.065, -1.027) delta=(0.055, -0.080, 0.111) moved=true scan_age=0.051s
[ground_truth_amcl_monitor-7] [INFO] [1789003915.301501777] [ground_truth_amcl_monitor]: AMCL vs GT: gt=(-3.256, 2.285) amcl=(-3.223, 2.406) error=0.125 m / 0.014 rad; current_map=(-3.237, 2.254, -1.658) error=0.037 m / 0.000 rad; odom=(-3.863, 2.075, -1.658) error=0.642 m / 0.000 rad; ekf=(-3.863, 2.075, -1.658) error=0.642 m / 0.000 rad; RMS=0.155 m / 0.041 rad max=0.424 m / 0.162 rad samples=2716
[component_container-9] [INFO] [1789003915.350735094] [pure_pursuit_node]: Pure Pursuit: pose=(-3.263, 1.932, -1.647) cte=0.037 closest=1605 target=1651 path_dist=0.037 heading_err=-0.046 steer=-0.008 speed=3.363
[gpu_amcl_cpp_node-6] [INFO] [1789003915.505617575] [gpu_amcl_cpp]: AMCL local correction: odom_prediction=(-3.294, 1.618, -1.654) scan=(-3.292, 1.651, -1.643) correction=0.033 m/0.011 rad cluster_weight=0.955 publish=true
[gpu_amcl_cpp_node-6] [INFO] [1789003915.701158593] [gpu_amcl_cpp]: AMCL odom delta: at_scan=(2.403, -4.795, -0.178) baseline=(2.247, -4.770, -0.140) delta=(0.156, -0.025, -0.038) moved=true scan_age=0.050s
[ground_truth_amcl_monitor-7] [INFO] [1789003916.304766357] [ground_truth_amcl_monitor]: AMCL vs GT: gt=(-3.916, -0.172) amcl=(-3.886, -0.169) error=0.029 m / 0.000 rad; current_map=(-3.889, -0.162, -2.392) error=0.028 m / 0.000 rad; odom=(-4.525, -0.360, -2.392) error=0.638 m / 0.000 rad; ekf=(-4.525, -0.360, -2.392) error=0.638 m / 0.000 rad; RMS=0.155 m / 0.041 rad max=0.424 m / 0.162 rad samples=2757
[component_container-9] [INFO] [1789003916.399647485] [pure_pursuit_node]: Pure Pursuit: pose=(-4.116, -0.340, -2.602) cte=-0.028 closest=1731 target=1774 path_dist=0.028 heading_err=-0.069 steer=-0.316 speed=1.927
[gpu_amcl_cpp_node-6] [INFO] [1789003916.401758636] [gpu_amcl_cpp]: Received LiDAR callback #1389 (1081 ranges).
[gpu_amcl_cpp_node-6] [INFO] [1789003916.401806967] [gpu_amcl_cpp]: Starting AMCL scan update #1389 (sampled from 1081 ranges).
[gpu_amcl_cpp_node-6] [INFO] [1789003916.402643471] [gpu_amcl_cpp]: AMCL scan update #1389 completed; evaluating pose confidence.
[gpu_amcl_cpp_node-6] [INFO] [1789003916.553967058] [gpu_amcl_cpp]: AMCL local correction: odom_prediction=(-4.286, -0.425, -2.781) scan=(-4.281, -0.433, -2.753) correction=0.009 m/0.028 rad cluster_weight=0.987 publish=true
[gpu_amcl_cpp_node-6] [INFO] [1789003916.703662341] [gpu_amcl_cpp]: AMCL odom delta: at_scan=(3.840, -6.016, -1.485) baseline=(3.828, -5.922, -1.395) delta=(0.012, -0.094, -0.090) moved=true scan_age=0.050s
[ground_truth_amcl_monitor-7] [INFO] [1789003917.328313401] [ground_truth_amcl_monitor]: AMCL vs GT: gt=(-5.617, 0.104) amcl=(-5.529, -0.003) error=0.138 m / 0.072 rad; current_map=(-5.596, 0.098, 2.122) error=0.021 m / 0.000 rad; odom=(-6.272, -0.074, 2.122) error=0.678 m / 0.000 rad; ekf=(-6.272, -0.074, 2.122) error=0.678 m / 0.000 rad; RMS=0.154 m / 0.041 rad max=0.424 m / 0.162 rad samples=2796
[component_container-9] [INFO] [1789003917.424518510] [pure_pursuit_node]: Pure Pursuit: pose=(-5.766, 0.447, 1.927) cte=-0.057 closest=1835 target=1880 path_dist=0.057 heading_err=0.010 steer=-0.084 speed=3.303
[gpu_amcl_cpp_node-6] [INFO] [1789003917.578059808] [gpu_amcl_cpp]: AMCL local correction: odom_prediction=(-5.871, 0.750, 1.848) scan=(-5.875, 0.763, 1.851) correction=0.014 m/0.002 rad cluster_weight=0.949 publish=true
[gpu_amcl_cpp_node-6] [INFO] [1789003917.724783812] [gpu_amcl_cpp]: AMCL odom delta: at_scan=(2.075, -7.460, -2.955) baseline=(2.254, -7.424, -2.928) delta=(-0.179, -0.036, -0.027) moved=true scan_age=0.049s
[ground_truth_amcl_monitor-7] [INFO] [1789003918.331057100] [ground_truth_amcl_monitor]: AMCL vs GT: gt=(-6.153, 3.894) amcl=(-6.143, 3.820) error=0.074 m / 0.000 rad; current_map=(-6.141, 3.824, 1.496) error=0.071 m / 0.000 rad; odom=(-6.807, 3.767, 1.496) error=0.667 m / 0.000 rad; ekf=(-6.807, 3.767, 1.496) error=0.667 m / 0.000 rad; RMS=0.154 m / 0.041 rad max=0.424 m / 0.162 rad samples=2837
[component_container-9] [INFO] [1789003918.473332936] [pure_pursuit_node]: Pure Pursuit: pose=(-6.020, 4.731, 1.364) cte=-0.003 closest=2051 target=2101 path_dist=0.003 heading_err=0.004 steer=-0.054 speed=4.294
[gpu_amcl_cpp_node-6] [INFO] [1789003918.629880240] [gpu_amcl_cpp]: AMCL local correction: odom_prediction=(-5.919, 5.179, 1.286) scan=(-5.924, 5.186, 1.293) correction=0.008 m/0.007 rad cluster_weight=0.987 publish=true
[gpu_amcl_cpp_node-6] [INFO] [1789003918.774723105] [gpu_amcl_cpp]: AMCL odom delta: at_scan=(-2.517, -7.175, 2.740) baseline=(-2.348, -7.243, 2.781) delta=(-0.169, 0.067, -0.041) moved=true scan_age=0.049s
[ground_truth_amcl_monitor-7] [INFO] [1789003919.350872605] [ground_truth_amcl_monitor]: AMCL vs GT: gt=(-4.767, 7.140) amcl=(-4.899, 7.011) error=0.185 m / 0.058 rad; current_map=(-4.785, 7.099, 0.632) error=0.045 m / 0.000 rad; odom=(-5.425, 6.971, 0.632) error=0.679 m / 0.000 rad; ekf=(-5.425, 6.971, 0.632) error=0.679 m / 0.000 rad; RMS=0.155 m / 0.041 rad max=0.424 m / 0.162 rad samples=2876
[component_container-9] [INFO] [1789003919.499500871] [pure_pursuit_node]: Pure Pursuit: pose=(-4.243, 7.416, 0.408) cte=-0.017 closest=2218 target=2265 path_dist=0.017 heading_err=0.013 steer=-0.155 speed=3.354
[gpu_amcl_cpp_node-6] [INFO] [1789003919.654481687] [gpu_amcl_cpp]: AMCL local correction: odom_prediction=(-3.936, 7.532, 0.249) scan=(-3.926, 7.540, 0.272) correction=0.013 m/0.023 rad cluster_weight=0.991 publish=true
[gpu_amcl_cpp_node-6] [INFO] [1789003919.800836787] [gpu_amcl_cpp]: AMCL odom delta: at_scan=(-4.313, -4.849, 1.624) baseline=(-4.298, -5.021, 1.683) delta=(-0.014, 0.171, -0.059) moved=true scan_age=0.050s
[ground_truth_amcl_monitor-7] [INFO] [1789003920.351741336] [ground_truth_amcl_monitor]: AMCL vs GT: gt=(-1.590, 7.018) amcl=(-1.755, 7.145) error=0.209 m / 0.069 rad; current_map=(-1.594, 7.026, -0.673) error=0.009 m / 0.000 rad; odom=(-2.369, 6.958, -0.604) error=0.781 m / 0.069 rad; ekf=(-2.369, 6.958, -0.604) error=0.781 m / 0.069 rad; RMS=0.154 m / 0.041 rad max=0.424 m / 0.162 rad samples=2916
[component_container-9] [INFO] [1789003920.500737234] [pure_pursuit_node]: Pure Pursuit: pose=(-1.000, 6.432, -0.874) cte=-0.010 closest=2399 target=2449 path_dist=0.010 heading_err=0.013 steer=-0.055 speed=4.955
[gpu_amcl_cpp_node-6] [INFO] [1789003920.704164457] [gpu_amcl_cpp]: AMCL local correction: odom_prediction=(-0.572, 5.889, -0.978) scan=(-0.576, 5.891, -0.971) correction=0.004 m/0.007 rad cluster_weight=0.977 publish=true
[gpu_amcl_cpp_node-6] [INFO] [1789003920.851957832] [gpu_amcl_cpp]: AMCL odom delta: at_scan=(-1.820, -1.586, 0.436) baseline=(-2.060, -1.704, 0.471) delta=(0.240, 0.117, -0.035) moved=true scan_age=0.051s
[gpu_amcl_cpp_node-6] [WARN] [1789003921.103102359] [gpu_amcl_cpp]: No local AMCL cluster near odometry prediction; using causal odometry pose.
[ground_truth_amcl_monitor-7] [INFO] [1789003921.351735572] [ground_truth_amcl_monitor]: AMCL vs GT: gt=(0.790, 2.704) amcl=(0.704, 2.960) error=0.270 m / 0.030 rad; current_map=(0.788, 2.688, -1.256) error=0.016 m / 0.000 rad; odom=(0.225, 2.402, -1.256) error=0.640 m / 0.000 rad; ekf=(0.225, 2.402, -1.256) error=0.640 m / 0.000 rad; RMS=0.155 m / 0.041 rad max=0.424 m / 0.162 rad samples=2956
[gpu_amcl_cpp_node-6] [INFO] [1789003921.449473735] [gpu_amcl_cpp]: Received LiDAR callback #1489 (1081 ranges).
[gpu_amcl_cpp_node-6] [INFO] [1789003921.449537024] [gpu_amcl_cpp]: Starting AMCL scan update #1489 (sampled from 1081 ranges).
[gpu_amcl_cpp_node-6] [INFO] [1789003921.450611516] [gpu_amcl_cpp]: AMCL scan update #1489 completed; evaluating pose confidence.
[component_container-9] [INFO] [1789003921.548557079] [pure_pursuit_node]: Pure Pursuit: pose=(1.095, 1.384, -1.491) cte=-0.006 closest=89 target=140 path_dist=0.006 heading_err=0.118 steer=0.089 speed=5.521
[gpu_amcl_cpp_node-6] [INFO] [1789003921.802943184] [gpu_amcl_cpp]: AMCL local correction: odom_prediction=(1.242, 0.691, -1.338) scan=(1.231, 0.718, -1.335) correction=0.029 m/0.003 rad cluster_weight=0.925 publish=true
[gpu_amcl_cpp_node-6] [INFO] [1789003921.899907331] [gpu_amcl_cpp]: AMCL odom delta: at_scan=(3.158, -0.042, 0.174) baseline=(2.987, -0.076, 0.221) delta=(0.172, 0.034, -0.047) moved=true scan_age=0.049s
[gpu_amcl_cpp_node-6] [INFO] [1789003922.003579667] [gpu_amcl_cpp]: AMCL recovery candidate: pose=(1.456, -0.152, -1.474) weight=0.845 stable_scans=1/3 odom_prediction=(1.360, 0.010).
[gpu_amcl_cpp_node-6] [WARN] [1789003922.203525911] [gpu_amcl_cpp]: No local AMCL cluster near odometry prediction; using causal odometry pose.
[ground_truth_amcl_monitor-7] [INFO] [1789003922.354966848] [ground_truth_amcl_monitor]: AMCL vs GT: gt=(1.509, -2.527) amcl=(1.517, -1.459) error=1.068 m / 0.000 rad; current_map=(1.509, -1.451, -1.605) error=1.077 m / 0.000 rad; odom=(0.821, -1.579, -1.605) error=1.171 m / 0.000 rad; ekf=(0.821, -1.579, -1.605) error=1.171 m / 0.000 rad; RMS=0.172 m / 0.041 rad max=1.252 m / 0.162 rad samples=2995
[component_container-9] [INFO] [1789003922.548575400] [pure_pursuit_node]: Pure Pursuit: pose=(1.369, -2.680, -1.750) cte=-0.067 closest=293 target=343 path_dist=0.067 heading_err=0.092 steer=-0.002 speed=5.337
[gpu_amcl_cpp_node-6] [INFO] [1789003922.903469628] [gpu_amcl_cpp]: AMCL odom delta: at_scan=(7.511, -0.476, -0.311) baseline=(7.245, -0.392, -0.295) delta=(0.266, -0.083, -0.016) moved=true scan_age=0.052s
[gpu_amcl_cpp_node-6] [INFO] [1789003922.906358453] [gpu_amcl_cpp]: AMCL local correction: odom_prediction=(1.106, -4.342, -1.881) scan=(1.121, -4.365, -1.874) correction=0.027 m/0.007 rad cluster_weight=0.914 publish=true
[gpu_amcl_cpp_node-6] [WARN] [1789003923.257664081] [gpu_amcl_cpp]: No local AMCL cluster near odometry prediction; using causal odometry pose.
[ground_truth_amcl_monitor-7] [INFO] [1789003923.357828127] [ground_truth_amcl_monitor]: AMCL vs GT: gt=(0.535, -7.509) amcl=(0.672, -6.433) error=1.085 m / 0.028 rad; current_map=(0.626, -6.628, -1.790) error=0.885 m / 0.000 rad; odom=(-0.111, -6.371, -1.818) error=1.309 m / 0.028 rad; ekf=(-0.111, -6.371, -1.818) error=1.309 m / 0.028 rad; RMS=0.210 m / 0.041 rad max=1.321 m / 0.162 rad samples=3034
[component_container-9] [INFO] [1789003923.573518108] [pure_pursuit_node]: Pure Pursuit: pose=(0.406, -7.833, -1.884) cte=-0.054 closest=555 target=603 path_dist=0.054 heading_err=0.058 steer=-0.010 speed=3.483
[gpu_amcl_cpp_node-6] [INFO] [1789003923.926257553] [gpu_amcl_cpp]: AMCL odom delta: at_scan=(11.600, -1.496, -0.490) baseline=(11.507, -1.450, -0.421) delta=(0.094, -0.046, -0.070) moved=true scan_age=0.050s
[gpu_amcl_cpp_node-6] [INFO] [1789003923.929421786] [gpu_amcl_cpp]: AMCL local correction: odom_prediction=(0.033, -9.288, -2.061) scan=(0.025, -9.347, -2.040) correction=0.060 m/0.021 rad cluster_weight=0.994 publish=true
[ground_truth_amcl_monitor-7] [INFO] [1789003924.375010406] [ground_truth_amcl_monitor]: AMCL vs GT: gt=(-0.656, -10.012) amcl=(-0.531, -9.936) error=0.147 m / 0.068 rad; current_map=(-0.623, -9.982, -2.702) error=0.045 m / 0.000 rad; odom=(-1.263, -9.019, -2.634) error=1.164 m / 0.068 rad; ekf=(-1.263, -9.019, -2.634) error=1.164 m / 0.068 rad; RMS=0.215 m / 0.041 rad max=1.321 m / 0.162 rad samples=3074
[component_container-9] [INFO] [1789003924.574573369] [pure_pursuit_node]: Pure Pursuit: pose=(-1.146, -10.128, -3.050) cte=-0.044 closest=698 target=743 path_dist=0.044 heading_err=0.092 steer=-0.218 speed=2.399
[gpu_amcl_cpp_node-6] [INFO] [1789003924.974754581] [gpu_amcl_cpp]: AMCL odom delta: at_scan=(12.210, -3.497, -2.066) baseline=(12.264, -3.384, -1.975) delta=(-0.054, -0.113, -0.091) moved=true scan_age=0.049s
[gpu_amcl_cpp_node-6] [INFO] [1789003924.977921829] [gpu_amcl_cpp]: AMCL local correction: odom_prediction=(-1.977, -9.972, 2.646) scan=(-1.973, -9.985, 2.671) correction=0.014 m/0.024 rad cluster_weight=0.985 publish=true
[ground_truth_amcl_monitor-7] [INFO] [1789003925.378180486] [ground_truth_amcl_monitor]: AMCL vs GT: gt=(-2.709, -9.220) amcl=(-2.638, -9.326) error=0.127 m / 0.055 rad; current_map=(-2.712, -9.194, 2.058) error=0.027 m / 0.000 rad; odom=(-3.429, -8.262, 2.058) error=1.199 m / 0.000 rad; ekf=(-3.429, -8.262, 2.058) error=1.199 m / 0.000 rad; RMS=0.214 m / 0.041 rad max=1.321 m / 0.162 rad samples=3114
[component_container-9] [INFO] [1789003925.575846009] [pure_pursuit_node]: Pure Pursuit: pose=(-3.012, -8.401, 1.814) cte=-0.026 closest=836 target=884 path_dist=0.026 heading_err=0.041 steer=-0.064 speed=4.233
[gpu_amcl_cpp_node-6] [INFO] [1789003925.981587120] [gpu_amcl_cpp]: AMCL odom delta: at_scan=(9.078, -4.704, 3.122) baseline=(9.327, -4.702, -3.109) delta=(-0.249, -0.002, -0.052) moved=true scan_age=0.050s
[gpu_amcl_cpp_node-6] [INFO] [1789003925.984860418] [gpu_amcl_cpp]: AMCL local correction: odom_prediction=(-3.168, -6.955, 1.551) scan=(-3.170, -6.988, 1.569) correction=0.033 m/0.017 rad cluster_weight=0.993 publish=true
[ground_truth_amcl_monitor-7] [INFO] [1789003926.402288483] [ground_truth_amcl_monitor]: AMCL vs GT: gt=(-2.899, -4.876) amcl=(-2.949, -5.132) error=0.261 m / 0.078 rad; current_map=(-2.889, -4.921, 1.257) error=0.046 m / 0.000 rad; odom=(-3.618, -3.862, 1.257) error=1.243 m / 0.000 rad; ekf=(-3.618, -3.862, 1.257) error=1.243 m / 0.000 rad; RMS=0.214 m / 0.041 rad max=1.321 m / 0.162 rad samples=3154
[gpu_amcl_cpp_node-6] [INFO] [1789003926.449544971] [gpu_amcl_cpp]: Received LiDAR callback #1587 (1081 ranges).
[gpu_amcl_cpp_node-6] [INFO] [1789003926.449608711] [gpu_amcl_cpp]: Starting AMCL scan update #1587 (sampled from 1081 ranges).
[gpu_amcl_cpp_node-6] [INFO] [1789003926.501904899] [gpu_amcl_cpp]: AMCL scan update #1588 completed; evaluating pose confidence.
[component_container-9] [INFO] [1789003926.600545189] [pure_pursuit_node]: Pure Pursuit: pose=(-2.550, -3.761, 1.374) cte=-0.033 closest=1072 target=1123 path_dist=0.033 heading_err=-0.076 steer=-0.103 speed=5.595
[gpu_amcl_cpp_node-6] [INFO] [1789003927.003460103] [gpu_amcl_cpp]: AMCL odom delta: at_scan=(3.972, -3.506, 2.949) baseline=(4.228, -3.560, 2.918) delta=(-0.256, 0.054, 0.031) moved=true scan_age=0.050s
[gpu_amcl_cpp_node-6] [INFO] [1789003927.006668759] [gpu_amcl_cpp]: AMCL local correction: odom_prediction=(-2.002, -1.948, 1.378) scan=(-2.002, -1.962, 1.369) correction=0.014 m/0.009 rad cluster_weight=0.946 publish=true
[ground_truth_amcl_monitor-7] [INFO] [1789003927.406420041] [ground_truth_amcl_monitor]: AMCL vs GT: gt=(-1.585, -0.032) amcl=(-1.575, -0.005) error=0.029 m / 0.000 rad; current_map=(-1.573, -0.008, 1.427) error=0.027 m / 0.000 rad; odom=(-2.260, 1.151, 1.427) error=1.361 m / 0.000 rad; ekf=(-2.260, 1.151, 1.427) error=1.361 m / 0.000 rad; RMS=0.213 m / 0.041 rad max=1.321 m / 0.162 rad samples=3195
[component_container-9] [INFO] [1789003927.651218289] [pure_pursuit_node]: Pure Pursuit: pose=(-1.367, 1.089, 1.484) cte=-0.007 closest=1322 target=1370 path_dist=0.007 heading_err=-0.064 steer=-0.051 speed=3.486
[gpu_amcl_cpp_node-6] [WARN] [1789003927.900937685] [gpu_amcl_cpp]: Queued LiDAR scan until source-time odometry arrives (queued=1).
[gpu_amcl_cpp_node-6] [INFO] [1789003928.052361781] [gpu_amcl_cpp]: AMCL odom delta: at_scan=(-0.203, -2.739, -3.099) baseline=(-0.051, -2.737, 3.123) delta=(-0.152, -0.002, 0.061) moved=true scan_age=0.050s
[gpu_amcl_cpp_node-6] [INFO] [1789003928.055723785] [gpu_amcl_cpp]: AMCL local correction: odom_prediction=(-1.249, 2.206, 1.613) scan=(-1.241, 2.203, 1.594) correction=0.008 m/0.019 rad cluster_weight=0.968 publish=true
[ground_truth_amcl_monitor-7] [INFO] [1789003928.408828306] [ground_truth_amcl_monitor]: AMCL vs GT: gt=(-1.389, 2.974) amcl=(-1.342, 2.897) error=0.090 m / 0.045 rad; current_map=(-1.370, 2.985, 1.900) error=0.022 m / 0.000 rad; odom=(-2.065, 4.164, 1.900) error=1.368 m / 0.000 rad; ekf=(-2.065, 4.164, 1.900) error=1.368 m / 0.000 rad; RMS=0.212 m / 0.040 rad max=1.321 m / 0.162 rad samples=3234
[component_container-9] [INFO] [1789003928.673483820] [pure_pursuit_node]: Pure Pursuit: pose=(-1.648, 3.525, 2.273) cte=-0.020 closest=1448 target=1491 path_dist=0.020 heading_err=-0.076 steer=0.345 speed=1.840
[gpu_amcl_cpp_node-6] [INFO] [1789003929.075457773] [gpu_amcl_cpp]: AMCL odom delta: at_scan=(-1.862, -3.688, -1.735) baseline=(-1.842, -3.601, -1.847) delta=(-0.020, -0.087, 0.112) moved=true scan_age=0.049s
[gpu_amcl_cpp_node-6] [INFO] [1789003929.078979819] [gpu_amcl_cpp]: AMCL local correction: odom_prediction=(-2.179, 3.852, 2.978) scan=(-2.178, 3.858, 2.950) correction=0.006 m/0.028 rad cluster_weight=0.972 publish=true
[ground_truth_amcl_monitor-7] [INFO] [1789003929.429721726] [ground_truth_amcl_monitor]: AMCL vs GT: gt=(-2.741, 3.675) amcl=(-2.668, 3.755) error=0.108 m / 0.107 rad; current_map=(-2.745, 3.705, -2.511) error=0.030 m / 0.000 rad; odom=(-3.506, 4.872, -2.511) error=1.420 m / 0.000 rad; ekf=(-3.428, 4.923, -2.618) error=1.424 m / 0.107 rad; RMS=0.211 m / 0.041 rad max=1.321 m / 0.162 rad samples=3274
[component_container-9] [INFO] [1789003929.723225027] [pure_pursuit_node]: Pure Pursuit: pose=(-3.106, 3.120, -1.885) cte=0.037 closest=1545 target=1589 path_dist=0.037 heading_err=0.113 steer=0.144 speed=2.568
[gpu_amcl_cpp_node-6] [INFO] [1789003930.076316353] [gpu_amcl_cpp]: AMCL odom delta: at_scan=(-0.351, -4.832, -0.087) baseline=(-0.505, -4.818, -0.104) delta=(0.154, -0.015, 0.017) moved=true scan_age=0.049s
[gpu_amcl_cpp_node-6] [INFO] [1789003930.079677576] [gpu_amcl_cpp]: AMCL local correction: odom_prediction=(-3.233, 2.297, -1.657) scan=(-3.227, 2.299, -1.652) correction=0.006 m/0.006 rad cluster_weight=0.955 publish=true
[ground_truth_amcl_monitor-7] [INFO] [1789003930.435970225] [ground_truth_amcl_monitor]: AMCL vs GT: gt=(-3.355, 1.167) amcl=(-3.338, 1.212) error=0.049 m / 0.000 rad; current_map=(-3.338, 1.199, -1.702) error=0.037 m / 0.000 rad; odom=(-4.137, 2.346, -1.702) error=1.415 m / 0.000 rad; ekf=(-4.137, 2.346, -1.702) error=1.415 m / 0.000 rad; RMS=0.210 m / 0.041 rad max=1.321 m / 0.162 rad samples=3315
[component_container-9] [INFO] [1789003930.724463281] [pure_pursuit_node]: Pure Pursuit: pose=(-3.560, 0.385, -1.995) cte=0.040 closest=1685 target=1728 path_dist=0.040 heading_err=-0.012 steer=-0.185 speed=1.996
[gpu_amcl_cpp_node-6] [INFO] [1789003931.078482783] [gpu_amcl_cpp]: AMCL odom delta: at_scan=(2.131, -5.495, -0.805) baseline=(2.061, -5.427, -0.729) delta=(0.070, -0.068, -0.076) moved=true scan_age=0.050s
[gpu_amcl_cpp_node-6] [INFO] [1789003931.082094287] [gpu_amcl_cpp]: AMCL local correction: odom_prediction=(-3.879, -0.149, -2.375) scan=(-3.875, -0.154, -2.349) correction=0.006 m/0.026 rad cluster_weight=0.973 publish=true
[ground_truth_amcl_monitor-7] [INFO] [1789003931.438625134] [ground_truth_amcl_monitor]: AMCL vs GT: gt=(-4.489, -0.479) amcl=(-4.444, -0.488) error=0.046 m / 0.000 rad; current_map=(-4.447, -0.489, -2.953) error=0.043 m / 0.000 rad; odom=(-5.285, 0.710, -2.953) error=1.431 m / 0.000 rad; ekf=(-5.285, 0.710, -2.953) error=1.431 m / 0.000 rad; RMS=0.209 m / 0.041 rad max=1.321 m / 0.162 rad samples=3355
[gpu_amcl_cpp_node-6] [INFO] [1789003931.484680242] [gpu_amcl_cpp]: Received LiDAR callback #1688 (1081 ranges).
[gpu_amcl_cpp_node-6] [INFO] [1789003931.484752898] [gpu_amcl_cpp]: Starting AMCL scan update #1688 (sampled from 1081 ranges).
[gpu_amcl_cpp_node-6] [INFO] [1789003931.551781371] [gpu_amcl_cpp]: AMCL scan update #1689 completed; evaluating pose confidence.
[gpu_amcl_cpp_node-6] [WARN] [1789003931.700844735] [gpu_amcl_cpp]: Queued LiDAR scan until source-time odometry arrives (queued=1).
[component_container-9] [INFO] [1789003931.748565065] [pure_pursuit_node]: Pure Pursuit: pose=(-5.118, -0.382, 2.635) cte=-0.015 closest=1783 target=1826 path_dist=0.015 heading_err=-0.029 steer=-0.288 speed=2.203
[gpu_amcl_cpp_node-6] [INFO] [1789003932.099897583] [gpu_amcl_cpp]: AMCL odom delta: at_scan=(1.883, -7.232, -2.575) baseline=(1.981, -7.164, -2.501) delta=(-0.098, -0.067, -0.074) moved=true scan_age=0.049s
[gpu_amcl_cpp_node-6] [INFO] [1789003932.103036588] [gpu_amcl_cpp]: AMCL local correction: odom_prediction=(-5.577, 0.048, 2.137) scan=(-5.581, 0.053, 2.151) correction=0.006 m/0.014 rad cluster_weight=0.943 publish=true
[ground_truth_amcl_monitor-7] [INFO] [1789003932.458311441] [ground_truth_amcl_monitor]: AMCL vs GT: gt=(-5.966, 1.066) amcl=(-5.910, 0.871) error=0.203 m / 0.028 rad; current_map=(-5.951, 1.045, 1.785) error=0.025 m / 0.000 rad; odom=(-6.756, 2.105, 1.812) error=1.305 m / 0.028 rad; ekf=(-6.756, 2.105, 1.812) error=1.305 m / 0.028 rad; RMS=0.208 m / 0.041 rad max=1.321 m / 0.162 rad samples=3394
[component_container-9] [INFO] [1789003932.773248112] [pure_pursuit_node]: Pure Pursuit: pose=(-6.141, 2.461, 1.644) cte=-0.008 closest=1937 target=1987 path_dist=0.008 heading_err=0.007 steer=-0.040 speed=5.014
[gpu_amcl_cpp_node-6] [INFO] [1789003933.125410321] [gpu_amcl_cpp]: AMCL odom delta: at_scan=(-2.068, -7.777, 3.053) baseline=(-1.828, -7.796, 3.069) delta=(-0.241, 0.019, -0.016) moved=true scan_age=0.049s
[gpu_amcl_cpp_node-6] [INFO] [1789003933.129024109] [gpu_amcl_cpp]: AMCL local correction: odom_prediction=(-6.134, 3.908, 1.483) scan=(-6.147, 3.917, 1.482) correction=0.016 m/0.001 rad cluster_weight=0.968 publish=true
[ground_truth_amcl_monitor-7] [INFO] [1789003933.476770570] [ground_truth_amcl_monitor]: AMCL vs GT: gt=(-5.847, 5.467) amcl=(-5.909, 5.233) error=0.242 m / 0.024 rad; current_map=(-5.851, 5.395, 1.216) error=0.072 m / 0.000 rad; odom=(-6.736, 6.531, 1.240) error=1.387 m / 0.024 rad; ekf=(-6.736, 6.531, 1.240) error=1.387 m / 0.024 rad; RMS=0.208 m / 0.041 rad max=1.321 m / 0.162 rad samples=3434
[component_container-9] [INFO] [1789003933.776487771] [pure_pursuit_node]: Pure Pursuit: pose=(-5.431, 6.325, 1.018) cte=-0.009 closest=2137 target=2182 path_dist=0.009 heading_err=0.030 steer=-0.092 speed=2.856
[gpu_amcl_cpp_node-6] [INFO] [1789003934.127077000] [gpu_amcl_cpp]: AMCL odom delta: at_scan=(-5.073, -6.548, 2.275) baseline=(-4.978, -6.654, 2.335) delta=(-0.095, 0.106, -0.060) moved=true scan_age=0.049s
[gpu_amcl_cpp_node-6] [INFO] [1789003934.129898417] [gpu_amcl_cpp]: AMCL local correction: odom_prediction=(-4.936, 6.969, 0.704) scan=(-4.946, 6.966, 0.728) correction=0.011 m/0.024 rad cluster_weight=0.994 publish=true
[ground_truth_amcl_monitor-7] [INFO] [1789003934.477110954] [ground_truth_amcl_monitor]: AMCL vs GT: gt=(-3.972, 7.546) amcl=(-4.152, 7.466) error=0.197 m / 0.077 rad; current_map=(-3.994, 7.518, 0.277) error=0.036 m / 0.000 rad; odom=(-4.952, 8.713, 0.354) error=1.523 m / 0.077 rad; ekf=(-4.952, 8.713, 0.354) error=1.523 m / 0.077 rad; RMS=0.207 m / 0.041 rad max=1.321 m / 0.162 rad samples=3474
[component_container-9] [INFO] [1789003934.824605011] [pure_pursuit_node]: Pure Pursuit: pose=(-2.647, 7.543, -0.281) cte=-0.028 closest=2299 target=2346 path_dist=0.028 heading_err=0.024 steer=-0.111 speed=3.621
[gpu_amcl_cpp_node-6] [INFO] [1789003935.127786789] [gpu_amcl_cpp]: AMCL odom delta: at_scan=(-5.230, -3.408, 0.969) baseline=(-5.334, -3.573, 1.045) delta=(0.104, 0.164, -0.076) moved=true scan_age=0.049s
[gpu_amcl_cpp_node-6] [INFO] [1789003935.130327047] [gpu_amcl_cpp]: AMCL local correction: odom_prediction=(-1.796, 7.180, -0.602) scan=(-1.822, 7.200, -0.586) correction=0.033 m/0.016 rad cluster_weight=0.967 publish=true
[ground_truth_amcl_monitor-7] [INFO] [1789003935.477362301] [ground_truth_amcl_monitor]: AMCL vs GT: gt=(-0.769, 6.154) amcl=(-0.920, 6.361) error=0.256 m / 0.073 rad; current_map=(-0.776, 6.172, -0.954) error=0.020 m / 0.000 rad; odom=(-1.544, 7.334, -0.954) error=1.412 m / 0.000 rad; ekf=(-1.544, 7.334, -0.954) error=1.412 m / 0.000 rad; RMS=0.207 m / 0.041 rad max=1.321 m / 0.162 rad samples=3514
[component_container-9] [INFO] [1789003935.827790056] [pure_pursuit_node]: Pure Pursuit: pose=(0.182, 4.462, -1.201) cte=-0.031 closest=2514 target=2566 path_dist=0.031 heading_err=0.033 steer=-0.002 speed=4.990
[gpu_amcl_cpp_node-6] [INFO] [1789003936.131219930] [gpu_amcl_cpp]: AMCL local correction: odom_prediction=(0.618, 3.334, -1.202) scan=(0.608, 3.346, -1.206) correction=0.016 m/0.004 rad cluster_weight=0.902 publish=true
[gpu_amcl_cpp_node-6] [INFO] [1789003936.176911324] [gpu_amcl_cpp]: AMCL odom delta: at_scan=(-1.003, -0.832, 0.329) baseline=(-1.247, -0.921, 0.369) delta=(0.244, 0.089, -0.040) moved=true scan_age=0.049s
[gpu_amcl_cpp_node-6] [WARN] [1789003936.180293887] [gpu_amcl_cpp]: No local AMCL cluster near odometry prediction; using causal odometry pose.
[gpu_amcl_cpp_node-6] [INFO] [1789003936.502493140] [gpu_amcl_cpp]: Received LiDAR callback #1789 (1081 ranges).
[gpu_amcl_cpp_node-6] [INFO] [1789003936.502554104] [gpu_amcl_cpp]: Starting AMCL scan update #1789 (sampled from 1081 ranges).
[ground_truth_amcl_monitor-7] [INFO] [1789003936.503927698] [ground_truth_amcl_monitor]: AMCL vs GT: gt=(1.076, 1.579) amcl=(1.001, 1.881) error=0.311 m / 0.024 rad; current_map=(1.075, 1.618, -1.284) error=0.038 m / 0.000 rad; odom=(0.345, 2.610, -1.284) error=1.264 m / 0.000 rad; ekf=(0.345, 2.610, -1.284) error=1.264 m / 0.000 rad; RMS=0.207 m / 0.041 rad max=1.321 m / 0.162 rad samples=3554
[gpu_amcl_cpp_node-6] [INFO] [1789003936.553885147] [gpu_amcl_cpp]: AMCL scan update #1790 completed; evaluating pose confidence.
[component_container-9] [INFO] [1789003936.874328436] [pure_pursuit_node]: Pure Pursuit: pose=(1.338, -0.418, -1.528) cte=-0.002 closest=180 target=231 path_dist=0.002 heading_err=0.026 steer=-0.015 speed=5.788
[gpu_amcl_cpp_node-6] [INFO] [1789003937.178095745] [gpu_amcl_cpp]: AMCL local correction: odom_prediction=(1.387, -1.912, -1.666) scan=(1.404, -1.890, -1.651) correction=0.028 m/0.015 rad cluster_weight=0.929 publish=true
[gpu_amcl_cpp_node-6] [INFO] [1789003937.226453594] [gpu_amcl_cpp]: AMCL odom delta: at_scan=(4.371, -0.155, -0.119) baseline=(4.087, -0.124, -0.095) delta=(0.284, -0.031, -0.024) moved=true scan_age=0.050s
[ground_truth_amcl_monitor-7] [INFO] [1789003937.527364911] [ground_truth_amcl_monitor]: AMCL vs GT: gt=(1.239, -3.828) amcl=(1.264, -3.667) error=0.163 m / 0.051 rad; current_map=(1.229, -3.935, -1.723) error=0.108 m / 0.000 rad; odom=(0.505, -3.011, -1.723) error=1.098 m / 0.000 rad; ekf=(0.505, -3.011, -1.723) error=1.098 m / 0.000 rad; RMS=0.207 m / 0.041 rad max=1.321 m / 0.162 rad samples=3594
[gpu_amcl_cpp_node-6] [WARN] [1789003937.579826099] [gpu_amcl_cpp]: No local AMCL cluster near odometry prediction; using causal odometry pose.
[component_container-9] [INFO] [1789003937.882724183] [pure_pursuit_node]: Pure Pursuit: pose=(0.795, -6.052, -1.827) cte=-0.029 closest=464 target=515 path_dist=0.029 heading_err=0.047 steer=0.013 speed=4.344
[gpu_amcl_cpp_node-6] [INFO] [1789003938.205632760] [gpu_amcl_cpp]: AMCL local correction: odom_prediction=(0.508, -6.998, -1.745) scan=(0.495, -6.970, -1.747) correction=0.031 m/0.003 rad cluster_weight=0.970 publish=true
[gpu_amcl_cpp_node-6] [INFO] [1789003938.253641472] [gpu_amcl_cpp]: AMCL odom delta: at_scan=(9.616, -1.085, -0.171) baseline=(9.409, -1.049, -0.174) delta=(0.207, -0.036, 0.002) moved=true scan_age=0.051s
[ground_truth_amcl_monitor-7] [INFO] [1789003938.531514910] [ground_truth_amcl_monitor]: AMCL vs GT: gt=(0.210, -8.291) amcl=(0.236, -8.217) error=0.078 m / 0.000 rad; current_map=(0.236, -8.218, -1.816) error=0.078 m / 0.000 rad; odom=(-0.524, -7.482, -1.816) error=1.093 m / 0.000 rad; ekf=(-0.524, -7.482, -1.816) error=1.093 m / 0.000 rad; RMS=0.206 m / 0.041 rad max=1.321 m / 0.162 rad samples=3633
[component_container-9] [INFO] [1789003938.928061212] [pure_pursuit_node]: Pure Pursuit: pose=(-0.213, -9.410, -2.113) cte=-0.038 closest=639 target=684 path_dist=0.038 heading_err=0.001 steer=-0.241 speed=2.459
[gpu_amcl_cpp_node-6] [INFO] [1789003939.253112640] [gpu_amcl_cpp]: AMCL local correction: odom_prediction=(-0.643, -9.908, -2.537) scan=(-0.640, -9.908, -2.510) correction=0.003 m/0.026 rad cluster_weight=0.999 publish=true
[gpu_amcl_cpp_node-6] [INFO] [1789003939.299687185] [gpu_amcl_cpp]: AMCL odom delta: at_scan=(12.328, -2.320, -1.060) baseline=(12.265, -2.219, -0.966) delta=(0.063, -0.102, -0.094) moved=true scan_age=0.048s
[gpu_amcl_cpp_node-6] [WARN] [1789003939.551385984] [gpu_amcl_cpp]: Queued LiDAR scan until source-time odometry arrives (queued=1).
[ground_truth_amcl_monitor-7] [INFO] [1789003939.552781549] [ground_truth_amcl_monitor]: AMCL vs GT: gt=(-1.347, -10.174) amcl=(-1.201, -10.137) error=0.151 m / 0.093 rad; current_map=(-1.321, -10.148, -3.099) error=0.036 m / 0.000 rad; odom=(-2.098, -9.336, -3.099) error=1.125 m / 0.000 rad; ekf=(-2.098, -9.336, -3.099) error=1.125 m / 0.000 rad; RMS=0.206 m / 0.041 rad max=1.321 m / 0.162 rad samples=3672
[component_container-9] [INFO] [1789003939.949691445] [pure_pursuit_node]: Pure Pursuit: pose=(-2.313, -9.755, 2.368) cte=-0.046 closest=760 target=805 path_dist=0.046 heading_err=-0.020 steer=-0.186 speed=2.726
[gpu_amcl_cpp_node-6] [INFO] [1789003940.254496235] [gpu_amcl_cpp]: AMCL local correction: odom_prediction=(-2.703, -9.213, 2.044) scan=(-2.705, -9.221, 2.056) correction=0.009 m/0.012 rad cluster_weight=0.964 publish=true
[gpu_amcl_cpp_node-6] [INFO] [1789003940.300770325] [gpu_amcl_cpp]: AMCL odom delta: at_scan=(11.388, -4.353, -2.713) baseline=(11.533, -4.283, -2.668) delta=(-0.145, -0.070, -0.045) moved=true scan_age=0.049s
[ground_truth_amcl_monitor-7] [INFO] [1789003940.555821410] [ground_truth_amcl_monitor]: AMCL vs GT: gt=(-3.059, -8.239) amcl=(-3.055, -8.229) error=0.011 m / 0.000 rad; current_map=(-3.056, -8.227, 1.772) error=0.012 m / 0.000 rad; odom=(-3.834, -7.378, 1.772) error=1.158 m / 0.000 rad; ekf=(-3.834, -7.378, 1.772) error=1.158 m / 0.000 rad; RMS=0.205 m / 0.041 rad max=1.321 m / 0.162 rad samples=3713
[component_container-9] [INFO] [1789003940.957626073] [pure_pursuit_node]: Pure Pursuit: pose=(-3.108, -6.232, 1.417) cte=0.009 closest=945 target=996 path_dist=0.009 heading_err=0.048 steer=0.004 speed=5.010
[gpu_amcl_cpp_node-6] [INFO] [1789003941.281696736] [gpu_amcl_cpp]: AMCL local correction: odom_prediction=(-2.868, -4.898, 1.309) scan=(-2.891, -4.913, 1.320) correction=0.027 m/0.011 rad cluster_weight=0.943 publish=true
[gpu_amcl_cpp_node-6] [INFO] [1789003941.329070895] [gpu_amcl_cpp]: AMCL odom delta: at_scan=(6.875, -4.384, 2.801) baseline=(7.116, -4.459, 2.880) delta=(-0.241, 0.075, -0.079) moved=true scan_age=0.051s
[gpu_amcl_cpp_node-6] [INFO] [1789003941.534299295] [gpu_amcl_cpp]: Received LiDAR callback #1888 (1081 ranges).
[gpu_amcl_cpp_node-6] [INFO] [1789003941.534388873] [gpu_amcl_cpp]: Starting AMCL scan update #1888 (sampled from 1081 ranges).
[gpu_amcl_cpp_node-6] [INFO] [1789003941.587482702] [gpu_amcl_cpp]: AMCL scan update #1889 completed; evaluating pose confidence.
[ground_truth_amcl_monitor-7] [INFO] [1789003941.587771365] [ground_truth_amcl_monitor]: AMCL vs GT: gt=(-2.442, -3.451) amcl=(-2.501, -3.747) error=0.301 m / 0.010 rad; current_map=(-2.438, -3.485, 1.342) error=0.034 m / 0.000 rad; odom=(-3.268, -2.773, 1.332) error=1.068 m / 0.010 rad; ekf=(-3.268, -2.773, 1.332) error=1.068 m / 0.010 rad; RMS=0.205 m / 0.041 rad max=1.321 m / 0.162 rad samples=3752
[component_container-9] [INFO] [1789003941.998414325] [pure_pursuit_node]: Pure Pursuit: pose=(-1.804, -1.267, 1.383) cte=0.043 closest=1202 target=1252 path_dist=0.043 heading_err=-0.054 steer=-0.002 speed=4.936
[gpu_amcl_cpp_node-6] [INFO] [1789003942.304326418] [gpu_amcl_cpp]: AMCL local correction: odom_prediction=(-1.563, -0.049, 1.436) scan=(-1.567, -0.062, 1.422) correction=0.014 m/0.014 rad cluster_weight=0.926 publish=true
[gpu_amcl_cpp_node-6] [INFO] [1789003942.352734301] [gpu_amcl_cpp]: AMCL odom delta: at_scan=(2.034, -3.095, 3.001) baseline=(2.240, -3.124, 3.007) delta=(-0.206, 0.028, -0.006) moved=true scan_age=0.051s
[ground_truth_amcl_monitor-7] [INFO] [1789003942.603395639] [ground_truth_amcl_monitor]: AMCL vs GT: gt=(-1.383, 1.000) amcl=(-1.413, 0.864) error=0.140 m / 0.031 rad; current_map=(-1.380, 1.039, 1.401) error=0.039 m / 0.000 rad; odom=(-2.128, 2.021, 1.401) error=1.264 m / 0.000 rad; ekf=(-2.128, 2.021, 1.401) error=1.264 m / 0.000 rad; RMS=0.204 m / 0.041 rad max=1.321 m / 0.162 rad samples=3792
[component_container-9] [INFO] [1789003942.999576843] [pure_pursuit_node]: Pure Pursuit: pose=(-1.252, 2.485, 1.698) cte=0.025 closest=1392 target=1437 path_dist=0.025 heading_err=-0.030 steer=0.108 speed=1.991
[gpu_amcl_cpp_node-6] [INFO] [1789003943.353050348] [gpu_amcl_cpp]: AMCL local correction: odom_prediction=(-1.351, 3.040, 1.899) scan=(-1.348, 3.038, 1.890) correction=0.003 m/0.009 rad cluster_weight=0.984 publish=true
[gpu_amcl_cpp_node-6] [INFO] [1789003943.400051665] [gpu_amcl_cpp]: AMCL odom delta: at_scan=(-0.934, -2.948, -2.763) baseline=(-0.848, -2.916, -2.813) delta=(-0.087, -0.032, 0.050) moved=true scan_age=0.049s
[ground_truth_amcl_monitor-7] [INFO] [1789003943.603494867] [ground_truth_amcl_monitor]: AMCL vs GT: gt=(-1.573, 3.431) amcl=(-1.501, 3.359) error=0.101 m / 0.080 rad; current_map=(-1.554, 3.436, 2.212) error=0.019 m / 0.000 rad; odom=(-2.325, 4.419, 2.212) error=1.242 m / 0.000 rad; ekf=(-2.325, 4.419, 2.212) error=1.242 m / 0.000 rad; RMS=0.203 m / 0.041 rad max=1.321 m / 0.162 rad samples=3832
[component_container-9] [INFO] [1789003944.005693271] [pure_pursuit_node]: Pure Pursuit: pose=(-2.234, 3.856, 3.058) cte=0.002 closest=1483 target=1527 path_dist=0.002 heading_err=0.050 steer=0.420 speed=1.901
[gpu_amcl_cpp_node-6] [INFO] [1789003944.382957389] [gpu_amcl_cpp]: AMCL local correction: odom_prediction=(-2.753, 3.700, -2.503) scan=(-2.747, 3.701, -2.520) correction=0.006 m/0.018 rad cluster_weight=0.985 publish=true
[gpu_amcl_cpp_node-6] [INFO] [1789003944.431385771] [gpu_amcl_cpp]: AMCL odom delta: at_scan=(-1.445, -4.454, -0.825) baseline=(-1.507, -4.380, -0.932) delta=(0.062, -0.074, 0.107) moved=true scan_age=0.052s
[ground_truth_amcl_monitor-7] [INFO] [1789003944.605881818] [ground_truth_amcl_monitor]: AMCL vs GT: gt=(-3.016, 3.366) amcl=(-3.005, 3.340) error=0.028 m / 0.000 rad; current_map=(-3.011, 3.341, -2.067) error=0.025 m / 0.000 rad; odom=(-3.861, 4.333, -2.067) error=1.284 m / 0.000 rad; ekf=(-3.861, 4.333, -2.067) error=1.284 m / 0.000 rad; RMS=0.203 m / 0.041 rad max=1.321 m / 0.162 rad samples=3871
[component_container-9] [INFO] [1789003945.007505942] [pure_pursuit_node]: Pure Pursuit: pose=(-3.242, 2.209, -1.645) cte=0.049 closest=1591 target=1637 path_dist=0.049 heading_err=-0.047 steer=-0.001 speed=3.443
[gpu_amcl_cpp_node-6] [WARN] [1789003945.228447901] [gpu_amcl_cpp]: Queued LiDAR scan until source-time odometry arrives (queued=1).
[gpu_amcl_cpp_node-6] [INFO] [1789003945.383367462] [gpu_amcl_cpp]: AMCL local correction: odom_prediction=(-3.334, 1.181, -1.706) scan=(-3.331, 1.213, -1.689) correction=0.032 m/0.016 rad cluster_weight=0.980 publish=true
[gpu_amcl_cpp_node-6] [INFO] [1789003945.481454901] [gpu_amcl_cpp]: AMCL odom delta: at_scan=(1.340, -5.056, -0.217) baseline=(1.196, -5.028, -0.172) delta=(0.144, -0.028, -0.045) moved=true scan_age=0.051s
[ground_truth_amcl_monitor-7] [INFO] [1789003945.652783219] [ground_truth_amcl_monitor]: AMCL vs GT: gt=(-3.522, 0.468) amcl=(-3.449, 0.673) error=0.217 m / 0.058 rad; current_map=(-3.492, 0.553, -1.947) error=0.090 m / 0.000 rad; odom=(-4.365, 1.457, -1.947) error=1.299 m / 0.000 rad; ekf=(-4.365, 1.457, -1.947) error=1.299 m / 0.000 rad; RMS=0.202 m / 0.041 rad max=1.321 m / 0.162 rad samples=3910
[component_container-9] [INFO] [1789003946.025629136] [pure_pursuit_node]: Pure Pursuit: pose=(-3.919, -0.175, -2.408) cte=0.001 closest=1718 target=1762 path_dist=0.001 heading_err=-0.012 steer=-0.253 speed=1.970
[gpu_amcl_cpp_node-6] [INFO] [1789003946.428879759] [gpu_amcl_cpp]: AMCL local correction: odom_prediction=(-4.496, -0.504, -2.994) scan=(-4.489, -0.499, -2.966) correction=0.008 m/0.029 rad cluster_weight=0.978 publish=true
[gpu_amcl_cpp_node-6] [INFO] [1789003946.525078054] [gpu_amcl_cpp]: AMCL odom delta: at_scan=(2.695, -6.382, -1.616) baseline=(2.695, -6.288, -1.520) delta=(0.000, -0.094, -0.096) moved=true scan_age=0.049s
[gpu_amcl_cpp_node-6] [INFO] [1789003946.576967096] [gpu_amcl_cpp]: Received LiDAR callback #1987 (1081 ranges).
[gpu_amcl_cpp_node-6] [INFO] [1789003946.577039743] [gpu_amcl_cpp]: Starting AMCL scan update #1987 (sampled from 1081 ranges).
[gpu_amcl_cpp_node-6] [INFO] [1789003946.628714793] [gpu_amcl_cpp]: AMCL scan update #1988 completed; evaluating pose confidence.
[ground_truth_amcl_monitor-7] [INFO] [1789003946.678334436] [ground_truth_amcl_monitor]: AMCL vs GT: gt=(-4.976, -0.451) amcl=(-4.857, -0.474) error=0.121 m / 0.097 rad; current_map=(-4.950, -0.446, 2.804) error=0.026 m / 0.000 rad; odom=(-5.860, 0.517, 2.804) error=1.311 m / 0.000 rad; ekf=(-5.860, 0.517, 2.804) error=1.311 m / 0.000 rad; RMS=0.201 m / 0.041 rad max=1.321 m / 0.162 rad samples=3950
[component_container-9] [INFO] [1789003947.026270513] [pure_pursuit_node]: Pure Pursuit: pose=(-5.571, 0.053, 2.124) cte=-0.052 closest=1814 target=1856 path_dist=0.052 heading_err=-0.002 steer=-0.155 speed=2.849
[gpu_amcl_cpp_node-6] [INFO] [1789003947.455793879] [gpu_amcl_cpp]: AMCL local correction: odom_prediction=(-5.950, 1.086, 1.770) scan=(-5.954, 1.083, 1.764) correction=0.005 m/0.006 rad cluster_weight=0.962 publish=true
[gpu_amcl_cpp_node-6] [INFO] [1789003947.551362550] [gpu_amcl_cpp]: AMCL odom delta: at_scan=(0.672, -7.739, -2.961) baseline=(0.857, -7.706, -2.963) delta=(-0.185, -0.034, 0.002) moved=true scan_age=0.049s
[ground_truth_amcl_monitor-7] [INFO] [1789003947.700922167] [ground_truth_amcl_monitor]: AMCL vs GT: gt=(-6.126, 2.065) amcl=(-6.083, 1.827) error=0.243 m / 0.037 rad; current_map=(-6.111, 2.039, 1.682) error=0.031 m / 0.000 rad; odom=(-7.002, 2.874, 1.718) error=1.193 m / 0.037 rad; ekf=(-7.002, 2.874, 1.718) error=1.193 m / 0.037 rad; RMS=0.201 m / 0.041 rad max=1.321 m / 0.162 rad samples=3988
[component_container-9] [INFO] [1789003948.051862596] [pure_pursuit_node]: Pure Pursuit: pose=(-6.189, 3.878, 1.568) cte=-0.052 closest=2008 target=2058 path_dist=0.052 heading_err=-0.077 steer=-0.158 speed=4.125
[gpu_amcl_cpp_node-6] [INFO] [1789003948.477882071] [gpu_amcl_cpp]: AMCL local correction: odom_prediction=(-5.940, 5.320, 1.238) scan=(-5.945, 5.332, 1.241) correction=0.013 m/0.003 rad cluster_weight=0.992 publish=true
[gpu_amcl_cpp_node-6] [INFO] [1789003948.574888697] [gpu_amcl_cpp]: AMCL odom delta: at_scan=(-3.558, -7.515, 2.744) baseline=(-3.386, -7.584, 2.766) delta=(-0.172, 0.070, -0.022) moved=true scan_age=0.049s
[ground_truth_amcl_monitor-7] [INFO] [1789003948.726142031] [ground_truth_amcl_monitor]: AMCL vs GT: gt=(-5.606, 6.163) amcl=(-5.668, 5.988) error=0.186 m / 0.042 rad; current_map=(-5.606, 6.108, 1.069) error=0.055 m / 0.000 rad; odom=(-6.517, 7.127, 1.069) error=1.327 m / 0.000 rad; ekf=(-6.517, 7.127, 1.069) error=1.327 m / 0.000 rad; RMS=0.201 m / 0.041 rad max=1.321 m / 0.162 rad samples=4028
[component_container-9] [INFO] [1789003949.073683525] [pure_pursuit_node]: Pure Pursuit: pose=(-4.975, 6.956, 0.758) cte=-0.027 closest=2175 target=2221 path_dist=0.027 heading_err=-0.013 steer=-0.167 speed=3.039
[gpu_amcl_cpp_node-6] [INFO] [1789003949.478197815] [gpu_amcl_cpp]: AMCL local correction: odom_prediction=(-4.090, 7.499, 0.336) scan=(-4.095, 7.502, 0.357) correction=0.005 m/0.021 rad cluster_weight=0.995 publish=true
[gpu_amcl_cpp_node-6] [INFO] [1789003949.576077293] [gpu_amcl_cpp]: AMCL odom delta: at_scan=(-5.445, -5.431, 1.778) baseline=(-5.405, -5.594, 1.837) delta=(-0.039, 0.163, -0.059) moved=true scan_age=0.050s
[ground_truth_amcl_monitor-7] [INFO] [1789003949.726341165] [ground_truth_amcl_monitor]: AMCL vs GT: gt=(-3.246, 7.673) amcl=(-3.442, 7.651) error=0.197 m / 0.077 rad; current_map=(-3.269, 7.656, -0.006) error=0.029 m / 0.000 rad; odom=(-4.119, 8.655, -0.006) error=1.314 m / 0.000 rad; ekf=(-4.119, 8.655, -0.006) error=1.314 m / 0.000 rad; RMS=0.200 m / 0.041 rad max=1.321 m / 0.162 rad samples=4068
[component_container-9] [INFO] [1789003950.125349568] [pure_pursuit_node]: Pure Pursuit: pose=(-1.787, 7.180, -0.643) cte=-0.048 closest=2345 target=2393 path_dist=0.048 heading_err=0.075 steer=-0.061 speed=4.107
[gpu_amcl_cpp_node-6] [INFO] [1789003950.478596665] [gpu_amcl_cpp]: AMCL local correction: odom_prediction=(-0.910, 6.363, -0.889) scan=(-0.923, 6.375, -0.889) correction=0.018 m/0.000 rad cluster_weight=0.974 publish=true
[gpu_amcl_cpp_node-6] [INFO] [1789003950.625792135] [gpu_amcl_cpp]: AMCL odom delta: at_scan=(-3.567, -2.135, 0.573) baseline=(-3.765, -2.268, 0.612) delta=(0.198, 0.133, -0.038) moved=true scan_age=0.050s
[ground_truth_amcl_monitor-7] [INFO] [1789003950.730343233] [ground_truth_amcl_monitor]: AMCL vs GT: gt=(-0.254, 5.384) amcl=(-0.267, 5.415) error=0.034 m / 0.000 rad; current_map=(-0.267, 5.418, -1.057) error=0.036 m / 0.000 rad; odom=(-1.084, 6.315, -1.057) error=1.247 m / 0.000 rad; ekf=(-1.084, 6.315, -1.057) error=1.247 m / 0.000 rad; RMS=0.200 m / 0.041 rad max=1.321 m / 0.162 rad samples=4109
[component_container-9] [INFO] [1789003951.174653296] [pure_pursuit_node]: Pure Pursuit: pose=(0.672, 3.263, -1.219) cte=-0.074 closest=2579 target=43 path_dist=0.074 heading_err=-0.042 steer=-0.116 speed=4.803
[gpu_amcl_cpp_node-6] [WARN] [1789003951.381378581] [gpu_amcl_cpp]: No local AMCL cluster near odometry prediction; using causal odometry pose.
[gpu_amcl_cpp_node-6] [INFO] [1789003951.479927819] [gpu_amcl_cpp]: AMCL local correction: odom_prediction=(0.995, 2.093, -1.321) scan=(0.987, 2.144, -1.333) correction=0.052 m/0.012 rad cluster_weight=0.922 publish=true
[gpu_amcl_cpp_node-6] [INFO] [1789003951.625192717] [gpu_amcl_cpp]: Received LiDAR callback #2086 (1081 ranges).
[gpu_amcl_cpp_node-6] [INFO] [1789003951.625254252] [gpu_amcl_cpp]: Starting AMCL scan update #2086 (sampled from 1081 ranges).
[gpu_amcl_cpp_node-6] [INFO] [1789003951.676036042] [gpu_amcl_cpp]: AMCL odom delta: at_scan=(1.132, -0.419, 0.182) baseline=(0.909, -0.461, 0.191) delta=(0.223, 0.042, -0.009) moved=true scan_age=0.050s
[gpu_amcl_cpp_node-6] [INFO] [1789003951.676947486] [gpu_amcl_cpp]: AMCL scan update #2087 completed; evaluating pose confidence.
[ground_truth_amcl_monitor-7] [INFO] [1789003951.732044463] [ground_truth_amcl_monitor]: AMCL vs GT: gt=(1.247, 0.896) amcl=(1.219, 0.998) error=0.106 m / 0.000 rad; current_map=(1.221, 1.005, -1.412) error=0.112 m / 0.000 rad; odom=(0.423, 1.789, -1.412) error=1.215 m / 0.000 rad; ekf=(0.423, 1.789, -1.412) error=1.215 m / 0.000 rad; RMS=0.200 m / 0.041 rad max=1.321 m / 0.162 rad samples=4149
[component_container-9] [INFO] [1789003952.182656981] [pure_pursuit_node]: Pure Pursuit: pose=(1.440, -1.518, -1.498) cte=-0.077 closest=235 target=285 path_dist=0.077 heading_err=-0.090 steer=-0.165 speed=4.257
[gpu_amcl_cpp_node-6] [INFO] [1789003952.503857634] [gpu_amcl_cpp]: AMCL local correction: odom_prediction=(1.409, -2.683, -1.673) scan=(1.414, -2.654, -1.668) correction=0.029 m/0.004 rad cluster_weight=0.959 publish=true
[gpu_amcl_cpp_node-6] [INFO] [1789003952.699428185] [gpu_amcl_cpp]: AMCL odom delta: at_scan=(5.812, -0.357, -0.204) baseline=(5.599, -0.315, -0.189) delta=(0.212, -0.042, -0.015) moved=true scan_age=0.048s
[ground_truth_amcl_monitor-7] [INFO] [1789003952.753165274] [ground_truth_amcl_monitor]: AMCL vs GT: gt=(1.227, -3.742) amcl=(1.288, -3.499) error=0.250 m / 0.011 rad; current_map=(1.240, -3.727, -1.786) error=0.020 m / 0.000 rad; odom=(0.444, -2.654, -1.775) error=1.341 m / 0.011 rad; ekf=(0.444, -2.654, -1.775) error=1.341 m / 0.011 rad; RMS=0.200 m / 0.041 rad max=1.321 m / 0.162 rad samples=4188
[component_container-9] [INFO] [1789003953.227833375] [pure_pursuit_node]: Pure Pursuit: pose=(0.672, -6.257, -1.720) cte=0.049 closest=475 target=525 path_dist=0.049 heading_err=-0.065 steer=-0.046 speed=4.102
[gpu_amcl_cpp_node-6] [WARN] [1789003953.499934744] [gpu_amcl_cpp]: Queued LiDAR scan until source-time odometry arrives (queued=1).
[gpu_amcl_cpp_node-6] [INFO] [1789003953.509166490] [gpu_amcl_cpp]: AMCL local correction: odom_prediction=(0.464, -7.086, -1.775) scan=(0.462, -7.136, -1.775) correction=0.049 m/0.000 rad cluster_weight=0.951 publish=true
[gpu_amcl_cpp_node-6] [INFO] [1789003953.701624837] [gpu_amcl_cpp]: AMCL odom delta: at_scan=(10.203, -1.324, -0.166) baseline=(10.020, -1.293, -0.172) delta=(0.183, -0.031, 0.006) moved=true scan_age=0.049s
[ground_truth_amcl_monitor-7] [INFO] [1789003953.757016858] [ground_truth_amcl_monitor]: AMCL vs GT: gt=(0.273, -8.094) amcl=(0.295, -8.020) error=0.077 m / 0.000 rad; current_map=(0.294, -8.023, -1.739) error=0.074 m / 0.000 rad; odom=(-0.553, -7.222, -1.739) error=1.201 m / 0.000 rad; ekf=(-0.553, -7.222, -1.739) error=1.201 m / 0.000 rad; RMS=0.200 m / 0.040 rad max=1.321 m / 0.162 rad samples=4227
[component_container-9] [INFO] [1789003954.250224355] [pure_pursuit_node]: Pure Pursuit: pose=(-0.246, -9.496, -2.195) cte=-0.055 closest=644 target=688 path_dist=0.055 heading_err=0.051 steer=-0.238 speed=2.394
[gpu_amcl_cpp_node-6] [INFO] [1789003954.553143277] [gpu_amcl_cpp]: AMCL local correction: odom_prediction=(-0.671, -9.923, -2.575) scan=(-0.668, -9.925, -2.554) correction=0.004 m/0.021 rad cluster_weight=1.000 publish=true
[gpu_amcl_cpp_node-6] [INFO] [1789003954.750474330] [gpu_amcl_cpp]: AMCL odom delta: at_scan=(12.391, -2.780, -1.365) baseline=(12.360, -2.660, -1.272) delta=(0.031, -0.120, -0.093) moved=true scan_age=0.049s
[ground_truth_amcl_monitor-7] [INFO] [1789003954.801860375] [ground_truth_amcl_monitor]: AMCL vs GT: gt=(-1.270, -10.160) amcl=(-1.117, -10.114) error=0.159 m / 0.102 rad; current_map=(-1.242, -10.133, -3.038) error=0.038 m / 0.000 rad; odom=(-2.104, -9.252, -3.038) error=1.232 m / 0.000 rad; ekf=(-2.104, -9.252, -3.038) error=1.232 m / 0.000 rad; RMS=0.200 m / 0.041 rad max=1.321 m / 0.162 rad samples=4268
[component_container-9] [INFO] [1789003955.251575145] [pure_pursuit_node]: Pure Pursuit: pose=(-2.362, -9.696, 2.330) cte=-0.041 closest=764 target=809 path_dist=0.041 heading_err=-0.023 steer=-0.172 speed=2.856
[gpu_amcl_cpp_node-6] [INFO] [1789003955.555358081] [gpu_amcl_cpp]: AMCL local correction: odom_prediction=(-2.745, -9.128, 2.015) scan=(-2.738, -9.143, 2.031) correction=0.016 m/0.016 rad cluster_weight=0.962 publish=true
[gpu_amcl_cpp_node-6] [INFO] [1789003955.750891663] [gpu_amcl_cpp]: AMCL odom delta: at_scan=(10.738, -4.652, -2.859) baseline=(10.914, -4.596, -2.816) delta=(-0.176, -0.055, -0.043) moved=true scan_age=0.050s
[ground_truth_amcl_monitor-7] [INFO] [1789003955.802030634] [ground_truth_amcl_monitor]: AMCL vs GT: gt=(-3.037, -8.321) amcl=(-2.980, -8.508) error=0.195 m / 0.052 rad; current_map=(-3.029, -8.323, 1.802) error=0.009 m / 0.000 rad; odom=(-3.900, -7.394, 1.802) error=1.266 m / 0.000 rad; ekf=(-3.851, -7.579, 1.854) error=1.101 m / 0.052 rad; RMS=0.199 m / 0.041 rad max=1.321 m / 0.162 rad samples=4308
[component_container-9] [INFO] [1789003956.300795244] [pure_pursuit_node]: Pure Pursuit: pose=(-3.065, -5.884, 1.402) cte=0.007 closest=963 target=1014 path_dist=0.007 heading_err=0.016 steer=-0.031 speed=5.010
[gpu_amcl_cpp_node-6] [INFO] [1789003956.555426368] [gpu_amcl_cpp]: AMCL local correction: odom_prediction=(-2.882, -4.920, 1.283) scan=(-2.921, -4.960, 1.289) correction=0.056 m/0.006 rad cluster_weight=0.917 publish=true
[gpu_amcl_cpp_node-6] [INFO] [1789003956.651487375] [gpu_amcl_cpp]: Received LiDAR callback #2186 (1081 ranges).
[gpu_amcl_cpp_node-6] [INFO] [1789003956.651553750] [gpu_amcl_cpp]: Starting AMCL scan update #2186 (sampled from 1081 ranges).
[gpu_amcl_cpp_node-6] [INFO] [1789003956.702786858] [gpu_amcl_cpp]: AMCL scan update #2187 completed; evaluating pose confidence.
[gpu_amcl_cpp_node-6] [INFO] [1789003956.799947283] [gpu_amcl_cpp]: AMCL odom delta: at_scan=(5.835, -4.155, 2.913) baseline=(6.083, -4.217, 2.881) delta=(-0.247, 0.062, 0.032) moved=true scan_age=0.049s
[ground_truth_amcl_monitor-7] [INFO] [1789003956.805415229] [ground_truth_amcl_monitor]: AMCL vs GT: gt=(-2.504, -3.688) amcl=(-2.508, -3.730) error=0.042 m / 0.000 rad; current_map=(-2.510, -3.727, 1.342) error=0.040 m / 0.000 rad; odom=(-3.354, -2.677, 1.342) error=1.321 m / 0.000 rad; ekf=(-3.354, -2.677, 1.342) error=1.321 m / 0.000 rad; RMS=0.199 m / 0.041 rad max=1.321 m / 0.162 rad samples=4349
[component_container-9] [INFO] [1789003957.348274549] [pure_pursuit_node]: Pure Pursuit: pose=(-1.632, -0.538, 1.264) cte=0.042 closest=1239 target=1291 path_dist=0.042 heading_err=0.084 steer=0.116 speed=4.234
[gpu_amcl_cpp_node-6] [INFO] [1789003957.605978453] [gpu_amcl_cpp]: AMCL local correction: odom_prediction=(-1.477, 0.292, 1.434) scan=(-1.473, 0.297, 1.429) correction=0.007 m/0.005 rad cluster_weight=0.935 publish=true
[gpu_amcl_cpp_node-6] [INFO] [1789003957.800170932] [gpu_amcl_cpp]: AMCL odom delta: at_scan=(1.088, -2.997, 2.987) baseline=(1.267, -3.028, 2.951) delta=(-0.178, 0.031, 0.036) moved=true scan_age=0.049s
[ground_truth_amcl_monitor-7] [INFO] [1789003957.851205356] [ground_truth_amcl_monitor]: AMCL vs GT: gt=(-1.333, 1.186) amcl=(-1.351, 1.019) error=0.169 m / 0.048 rad; current_map=(-1.327, 1.200, 1.465) error=0.015 m / 0.000 rad; odom=(-2.173, 2.251, 1.465) error=1.356 m / 0.000 rad; ekf=(-2.173, 2.251, 1.465) error=1.356 m / 0.000 rad; RMS=0.199 m / 0.040 rad max=1.321 m / 0.162 rad samples=4390
[component_container-9] [INFO] [1789003958.361663874] [pure_pursuit_node]: Pure Pursuit: pose=(-1.324, 2.829, 1.789) cte=0.009 closest=1409 target=1452 path_dist=0.009 heading_err=0.012 steer=0.184 speed=1.967
[gpu_amcl_cpp_node-6] [INFO] [1789003958.628138408] [gpu_amcl_cpp]: AMCL local correction: odom_prediction=(-1.431, 3.171, 1.963) scan=(-1.425, 3.153, 1.954) correction=0.019 m/0.009 rad cluster_weight=0.984 publish=true
[gpu_amcl_cpp_node-6] [INFO] [1789003958.825365244] [gpu_amcl_cpp]: AMCL odom delta: at_scan=(-1.348, -3.279, -2.458) baseline=(-1.272, -3.223, -2.547) delta=(-0.076, -0.056, 0.090) moved=true scan_age=0.049s
[ground_truth_amcl_monitor-7] [INFO] [1789003958.876842041] [ground_truth_amcl_monitor]: AMCL vs GT: gt=(-1.691, 3.524) amcl=(-1.609, 3.472) error=0.097 m / 0.089 rad; current_map=(-1.671, 3.542, 2.344) error=0.026 m / 0.000 rad; odom=(-2.479, 4.506, 2.255) error=1.259 m / 0.089 rad; ekf=(-2.479, 4.506, 2.255) error=1.259 m / 0.089 rad; RMS=0.198 m / 0.040 rad max=1.321 m / 0.162 rad samples=4430
[component_container-9] [INFO] [1789003959.373681780] [pure_pursuit_node]: Pure Pursuit: pose=(-2.563, 3.815, -2.827) cte=0.009 closest=1500 target=1543 path_dist=0.009 heading_err=0.077 steer=0.421 speed=1.890
[gpu_amcl_cpp_node-6] [INFO] [1789003959.628423922] [gpu_amcl_cpp]: AMCL local correction: odom_prediction=(-2.831, 3.608, -2.380) scan=(-2.823, 3.608, -2.391) correction=0.007 m/0.011 rad cluster_weight=0.985 publish=true
[gpu_amcl_cpp_node-6] [INFO] [1789003959.875999052] [gpu_amcl_cpp]: AMCL odom delta: at_scan=(-1.042, -4.844, -0.358) baseline=(-1.143, -4.802, -0.434) delta=(0.101, -0.042, 0.076) moved=true scan_age=0.050s
[ground_truth_amcl_monitor-7] [INFO] [1789003959.881512845] [ground_truth_amcl_monitor]: AMCL vs GT: gt=(-3.095, 3.175) amcl=(-3.083, 3.152) error=0.027 m / 0.000 rad; current_map=(-3.085, 3.155, -1.929) error=0.023 m / 0.000 rad; odom=(-4.043, 4.200, -1.929) error=1.396 m / 0.000 rad; ekf=(-4.043, 4.200, -1.929) error=1.396 m / 0.000 rad; RMS=0.197 m / 0.041 rad max=1.321 m / 0.162 rad samples=4471
[component_container-9] [INFO] [1789003960.373839153] [pure_pursuit_node]: Pure Pursuit: pose=(-3.294, 1.578, -1.653) cte=0.025 closest=1623 target=1670 path_dist=0.025 heading_err=-0.033 steer=-0.041 speed=3.269
[gpu_amcl_cpp_node-6] [INFO] [1789003960.678269046] [gpu_amcl_cpp]: AMCL local correction: odom_prediction=(-3.399, 0.841, -1.802) scan=(-3.392, 0.842, -1.786) correction=0.006 m/0.016 rad cluster_weight=0.979 publish=true
[gpu_amcl_cpp_node-6] [INFO] [1789003960.924925689] [gpu_amcl_cpp]: AMCL odom delta: at_scan=(1.816, -5.339, -0.441) baseline=(1.715, -5.294, -0.398) delta=(0.101, -0.045, -0.043) moved=true scan_age=0.049s
[ground_truth_amcl_monitor-7] [INFO] [1789003960.925926321] [ground_truth_amcl_monitor]: AMCL vs GT: gt=(-3.588, 0.303) amcl=(-3.525, 0.435) error=0.147 m / 0.043 rad; current_map=(-3.570, 0.334, -2.012) error=0.036 m / 0.000 rad; odom=(-4.539, 1.343, -2.012) error=1.409 m / 0.000 rad; ekf=(-4.539, 1.343, -2.012) error=1.409 m / 0.000 rad; RMS=0.197 m / 0.041 rad max=1.321 m / 0.162 rad samples=4512
[component_container-9] [INFO] [1789003961.423573479] [pure_pursuit_node]: Pure Pursuit: pose=(-4.300, -0.413, -2.772) cte=-0.023 closest=1741 target=1784 path_dist=0.023 heading_err=-0.032 steer=-0.328 speed=1.970
[gpu_amcl_cpp_node-6] [INFO] [1789003961.674987390] [gpu_amcl_cpp]: Received LiDAR callback #2286 (1081 ranges).
[gpu_amcl_cpp_node-6] [INFO] [1789003961.675045900] [gpu_amcl_cpp]: Starting AMCL scan update #2286 (sampled from 1081 ranges).
[gpu_amcl_cpp_node-6] [INFO] [1789003961.678349545] [gpu_amcl_cpp]: AMCL local correction: odom_prediction=(-4.671, -0.504, 3.121) scan=(-4.664, -0.498, -3.136) correction=0.008 m/0.026 rad cluster_weight=0.985 publish=true
[gpu_amcl_cpp_node-6] [INFO] [1789003961.727042525] [gpu_amcl_cpp]: AMCL scan update #2287 completed; evaluating pose confidence.
[gpu_amcl_cpp_node-6] [INFO] [1789003961.924989596] [gpu_amcl_cpp]: AMCL odom delta: at_scan=(2.491, -6.933, -2.077) baseline=(2.535, -6.845, -1.986) delta=(-0.043, -0.087, -0.091) moved=true scan_age=0.049s
[ground_truth_amcl_monitor-7] [INFO] [1789003961.930324251] [ground_truth_amcl_monitor]: AMCL vs GT: gt=(-5.143, -0.368) amcl=(-5.114, -0.374) error=0.029 m / 0.000 rad; current_map=(-5.114, -0.365, 2.636) error=0.029 m / 0.000 rad; odom=(-6.132, 0.667, 2.636) error=1.432 m / 0.000 rad; ekf=(-6.132, 0.667, 2.636) error=1.432 m / 0.000 rad; RMS=0.196 m / 0.041 rad max=1.321 m / 0.162 rad samples=4553
[component_container-9] [INFO] [1789003962.425194014] [pure_pursuit_node]: Pure Pursuit: pose=(-5.865, 0.730, 1.844) cte=-0.058 closest=1850 target=1896 path_dist=0.058 heading_err=0.032 steer=-0.058 speed=3.650
[gpu_amcl_cpp_node-6] [INFO] [1789003962.728904524] [gpu_amcl_cpp]: AMCL local correction: odom_prediction=(-6.047, 1.569, 1.713) scan=(-6.048, 1.561, 1.714) correction=0.008 m/0.001 rad cluster_weight=0.961 publish=true
[gpu_amcl_cpp_node-6] [INFO] [1789003962.926340845] [gpu_amcl_cpp]: AMCL odom delta: at_scan=(-0.388, -7.964, -3.065) baseline=(-0.157, -7.945, -3.049) delta=(-0.230, -0.020, -0.016) moved=true scan_age=0.050s
[ground_truth_amcl_monitor-7] [INFO] [1789003962.931759167] [ground_truth_amcl_monitor]: AMCL vs GT: gt=(-6.157, 2.461) amcl=(-6.144, 2.423) error=0.040 m / 0.000 rad; current_map=(-6.143, 2.425, 1.647) error=0.038 m / 0.000 rad; odom=(-7.163, 3.546, 1.647) error=1.480 m / 0.000 rad; ekf=(-7.163, 3.546, 1.647) error=1.480 m / 0.000 rad; RMS=0.195 m / 0.041 rad max=1.321 m / 0.162 rad samples=4593
[component_container-9] [INFO] [1789003963.474616012] [pure_pursuit_node]: Pure Pursuit: pose=(-5.914, 5.166, 1.259) cte=-0.003 closest=2074 target=2123 path_dist=0.003 heading_err=0.035 steer=-0.034 speed=3.961
[gpu_amcl_cpp_node-6] [INFO] [1789003963.778961847] [gpu_amcl_cpp]: AMCL local correction: odom_prediction=(-5.579, 6.082, 1.099) scan=(-5.574, 6.090, 1.111) correction=0.010 m/0.013 rad cluster_weight=0.995 publish=true
[gpu_amcl_cpp_node-6] [INFO] [1789003963.977043141] [gpu_amcl_cpp]: AMCL odom delta: at_scan=(-4.478, -7.124, 2.524) baseline=(-4.365, -7.202, 2.554) delta=(-0.113, 0.077, -0.030) moved=true scan_age=0.051s
[ground_truth_amcl_monitor-7] [INFO] [1789003963.978077236] [ground_truth_amcl_monitor]: AMCL vs GT: gt=(-5.324, 6.554) amcl=(-5.382, 6.422) error=0.144 m / 0.030 rad; current_map=(-5.304, 6.534, 0.953) error=0.028 m / 0.000 rad; odom=(-6.323, 7.636, 0.953) error=1.473 m / 0.000 rad; ekf=(-6.323, 7.636, 0.953) error=1.473 m / 0.000 rad; RMS=0.195 m / 0.041 rad max=1.321 m / 0.162 rad samples=4634
[component_container-9] [INFO] [1789003964.475075542] [pure_pursuit_node]: Pure Pursuit: pose=(-4.074, 7.480, 0.343) cte=-0.014 closest=2227 target=2274 path_dist=0.014 heading_err=-0.015 steer=-0.158 speed=3.471
[gpu_amcl_cpp_node-6] [INFO] [1789003964.779455932] [gpu_amcl_cpp]: AMCL local correction: odom_prediction=(-3.257, 7.626, -0.011) scan=(-3.252, 7.634, 0.007) correction=0.010 m/0.017 rad cluster_weight=0.971 publish=true
[ground_truth_amcl_monitor-7] [INFO] [1789003964.982163680] [ground_truth_amcl_monitor]: AMCL vs GT: gt=(-2.550, 7.538) amcl=(-2.561, 7.541) error=0.012 m / 0.000 rad; current_map=(-2.567, 7.538, -0.314) error=0.017 m / 0.000 rad; odom=(-3.513, 8.628, -0.314) error=1.454 m / 0.000 rad; ekf=(-3.513, 8.628, -0.314) error=1.454 m / 0.000 rad; RMS=0.195 m / 0.041 rad max=1.321 m / 0.162 rad samples=4675
[gpu_amcl_cpp_node-6] [INFO] [1789003965.027177358] [gpu_amcl_cpp]: AMCL odom delta: at_scan=(-5.410, -4.148, 1.191) baseline=(-5.469, -4.313, 1.257) delta=(0.060, 0.166, -0.066) moved=true scan_age=0.050s
[component_container-9] [INFO] [1789003965.523368335] [pure_pursuit_node]: Pure Pursuit: pose=(-0.713, 6.104, -0.904) cte=-0.033 closest=2421 target=2471 path_dist=0.033 heading_err=-0.042 steer=-0.110 speed=4.658
[gpu_amcl_cpp_node-6] [INFO] [1789003965.828294742] [gpu_amcl_cpp]: AMCL local correction: odom_prediction=(-0.129, 5.094, -1.117) scan=(-0.134, 5.101, -1.128) correction=0.009 m/0.011 rad cluster_weight=0.947 publish=true
[ground_truth_amcl_monitor-7] [INFO] [1789003966.027207490] [ground_truth_amcl_monitor]: AMCL vs GT: gt=(0.341, 4.117) amcl=(0.220, 4.377) error=0.286 m / 0.063 rad; current_map=(0.327, 4.129, -1.195) error=0.018 m / 0.000 rad; odom=(-0.578, 5.129, -1.195) error=1.366 m / 0.000 rad; ekf=(-0.578, 5.129, -1.195) error=1.366 m / 0.000 rad; RMS=0.195 m / 0.041 rad max=1.321 m / 0.162 rad samples=4716
[gpu_amcl_cpp_node-6] [INFO] [1789003966.076890352] [gpu_amcl_cpp]: AMCL odom delta: at_scan=(-1.717, -1.288, 0.308) baseline=(-1.971, -1.379, 0.375) delta=(0.254, 0.090, -0.068) moved=true scan_age=0.051s
[component_container-9] [INFO] [1789003966.530215742] [pure_pursuit_node]: Pure Pursuit: pose=(1.130, 1.240, -1.445) cte=-0.013 closest=96 target=148 path_dist=0.013 heading_err=0.062 steer=0.019 speed=6.030
[gpu_amcl_cpp_node-6] [INFO] [1789003966.700999114] [gpu_amcl_cpp]: Received LiDAR callback #2386 (1081 ranges).
[gpu_amcl_cpp_node-6] [INFO] [1789003966.701063004] [gpu_amcl_cpp]: Starting AMCL scan update #2386 (sampled from 1081 ranges).
[gpu_amcl_cpp_node-6] [WARN] [1789003966.704002574] [gpu_amcl_cpp]: No local AMCL cluster near odometry prediction; using causal odometry pose.
[gpu_amcl_cpp_node-6] [INFO] [1789003966.749950890] [gpu_amcl_cpp]: AMCL scan update #2387 completed; evaluating pose confidence.
[gpu_amcl_cpp_node-6] [INFO] [1789003966.804738485] [gpu_amcl_cpp]: AMCL recovery candidate: pose=(1.333, -0.014, -1.416) weight=0.892 stable_scans=1/3 odom_prediction=(1.350, 0.003).
[gpu_amcl_cpp_node-6] [INFO] [1789003966.902955888] [gpu_amcl_cpp]: AMCL local correction: odom_prediction=(1.389, -0.537, -1.562) scan=(1.403, -0.589, -1.542) correction=0.053 m/0.020 rad cluster_weight=0.965 publish=true
[ground_truth_amcl_monitor-7] [INFO] [1789003967.052220299] [ground_truth_amcl_monitor]: AMCL vs GT: gt=(1.411, -1.437) amcl=(1.403, -1.142) error=0.295 m / 0.021 rad; current_map=(1.401, -1.430, -1.569) error=0.012 m / 0.000 rad; odom=(0.506, -0.243, -1.590) error=1.498 m / 0.021 rad; ekf=(0.506, -0.243, -1.590) error=1.498 m / 0.021 rad; RMS=0.196 m / 0.041 rad max=1.321 m / 0.162 rad samples=4756
[gpu_amcl_cpp_node-6] [INFO] [1789003967.101081846] [gpu_amcl_cpp]: AMCL odom delta: at_scan=(3.985, -0.296, 0.010) baseline=(3.689, -0.298, 0.002) delta=(0.296, 0.002, 0.008) moved=true scan_age=0.050s
[component_container-9] [INFO] [1789003967.551667903] [pure_pursuit_node]: Pure Pursuit: pose=(1.107, -4.531, -1.741) cte=-0.049 closest=386 target=440 path_dist=0.049 heading_err=0.004 steer=-0.026 speed=5.598
[gpu_amcl_cpp_node-6] [INFO] [1789003967.903012891] [gpu_amcl_cpp]: AMCL local correction: odom_prediction=(0.793, -6.037, -1.743) scan=(0.784, -6.072, -1.742) correction=0.036 m/0.001 rad cluster_weight=0.949 publish=true
[ground_truth_amcl_monitor-7] [INFO] [1789003968.055348159] [ground_truth_amcl_monitor]: AMCL vs GT: gt=(0.621, -6.759) amcl=(0.644, -6.671) error=0.091 m / 0.000 rad; current_map=(0.643, -6.663, -1.877) error=0.099 m / 0.000 rad; odom=(-0.303, -5.925, -1.877) error=1.244 m / 0.000 rad; ekf=(-0.303, -5.925, -1.877) error=1.244 m / 0.000 rad; RMS=0.196 m / 0.041 rad max=1.321 m / 0.162 rad samples=4797
[gpu_amcl_cpp_node-6] [INFO] [1789003968.149993733] [gpu_amcl_cpp]: AMCL odom delta: at_scan=(9.448, -1.214, -0.262) baseline=(9.255, -1.158, -0.306) delta=(0.192, -0.056, 0.044) moved=true scan_age=0.049s
[component_container-9] [INFO] [1789003968.600751102] [pure_pursuit_node]: Pure Pursuit: pose=(0.048, -8.813, -1.910) cte=-0.009 closest=607 target=653 path_dist=0.009 heading_err=-0.045 steer=-0.145 speed=2.549
[gpu_amcl_cpp_node-6] [WARN] [1789003968.602004470] [gpu_amcl_cpp]: Queued LiDAR scan until source-time odometry arrives (queued=1).
[gpu_amcl_cpp_node-6] [INFO] [1789003968.904111303] [gpu_amcl_cpp]: AMCL local correction: odom_prediction=(-0.222, -9.385, -2.112) scan=(-0.219, -9.386, -2.106) correction=0.002 m/0.006 rad cluster_weight=0.996 publish=true
[ground_truth_amcl_monitor-7] [INFO] [1789003969.057909462] [ground_truth_amcl_monitor]: AMCL vs GT: gt=(-0.474, -9.736) amcl=(-0.440, -9.697) error=0.052 m / 0.000 rad; current_map=(-0.440, -9.694, -2.325) error=0.054 m / 0.000 rad; odom=(-1.398, -8.896, -2.325) error=1.248 m / 0.000 rad; ekf=(-1.398, -8.896, -2.325) error=1.248 m / 0.000 rad; RMS=0.196 m / 0.041 rad max=1.321 m / 0.162 rad samples=4837
[gpu_amcl_cpp_node-6] [INFO] [1789003969.200802297] [gpu_amcl_cpp]: AMCL odom delta: at_scan=(12.286, -2.482, -1.012) baseline=(12.216, -2.379, -0.930) delta=(0.070, -0.102, -0.082) moved=true scan_age=0.050s
[component_container-9] [INFO] [1789003969.649546850] [pure_pursuit_node]: Pure Pursuit: pose=(-1.889, -10.028, 2.720) cte=-0.027 closest=735 target=780 path_dist=0.027 heading_err=0.019 steer=-0.232 speed=2.597
[gpu_amcl_cpp_node-6] [INFO] [1789003969.954270385] [gpu_amcl_cpp]: AMCL local correction: odom_prediction=(-2.407, -9.650, 2.299) scan=(-2.401, -9.664, 2.317) correction=0.015 m/0.018 rad cluster_weight=0.985 publish=true
[ground_truth_amcl_monitor-7] [INFO] [1789003970.101323276] [ground_truth_amcl_monitor]: AMCL vs GT: gt=(-2.637, -9.354) amcl=(-2.581, -9.424) error=0.090 m / 0.061 rad; current_map=(-2.656, -9.303, 2.094) error=0.055 m / 0.000 rad; odom=(-3.608, -8.509, 2.094) error=1.287 m / 0.000 rad; ekf=(-3.608, -8.509, 2.094) error=1.287 m / 0.000 rad; RMS=0.195 m / 0.041 rad max=1.321 m / 0.162 rad samples=4878
[gpu_amcl_cpp_node-6] [INFO] [1789003970.249238278] [gpu_amcl_cpp]: AMCL odom delta: at_scan=(11.247, -4.611, -2.758) baseline=(11.396, -4.547, -2.715) delta=(-0.149, -0.064, -0.043) moved=true scan_age=0.049s
[component_container-9] [INFO] [1789003970.698775332] [pure_pursuit_node]: Pure Pursuit: pose=(-3.163, -6.980, 1.532) cte=-0.003 closest=907 target=957 path_dist=0.003 heading_err=0.034 steer=-0.008 speed=5.145
[gpu_amcl_cpp_node-6] [INFO] [1789003971.003097903] [gpu_amcl_cpp]: AMCL local correction: odom_prediction=(-3.065, -5.765, 1.463) scan=(-3.071, -5.774, 1.467) correction=0.011 m/0.004 rad cluster_weight=0.969 publish=true
[ground_truth_amcl_monitor-7] [INFO] [1789003971.105228407] [ground_truth_amcl_monitor]: AMCL vs GT: gt=(-3.005, -5.264) amcl=(-2.997, -5.307) error=0.043 m / 0.000 rad; current_map=(-2.990, -5.312, 1.329) error=0.050 m / 0.000 rad; odom=(-3.973, -4.380, 1.329) error=1.311 m / 0.000 rad; ekf=(-3.973, -4.380, 1.329) error=1.311 m / 0.000 rad; RMS=0.195 m / 0.041 rad max=1.321 m / 0.162 rad samples=4919
[gpu_amcl_cpp_node-6] [INFO] [1789003971.251349936] [gpu_amcl_cpp]: AMCL odom delta: at_scan=(6.897, -4.574, 2.831) baseline=(7.125, -4.648, 2.817) delta=(-0.228, 0.075, 0.014) moved=true scan_age=0.050s
[component_container-9] [INFO] [1789003971.749569198] [pure_pursuit_node]: Pure Pursuit: pose=(-1.995, -1.977, 1.379) cte=0.034 closest=1165 target=1216 path_dist=0.034 heading_err=-0.064 steer=-0.026 speed=5.679
[gpu_amcl_cpp_node-6] [INFO] [1789003971.751114315] [gpu_amcl_cpp]: Received LiDAR callback #2488 (1081 ranges).
[gpu_amcl_cpp_node-6] [INFO] [1789003971.751166904] [gpu_amcl_cpp]: Starting AMCL scan update #2488 (sampled from 1081 ranges).
[gpu_amcl_cpp_node-6] [INFO] [1789003971.751985373] [gpu_amcl_cpp]: AMCL scan update #2488 completed; evaluating pose confidence.
[gpu_amcl_cpp_node-6] [INFO] [1789003972.003597828] [gpu_amcl_cpp]: AMCL local correction: odom_prediction=(-1.735, -0.922, 1.348) scan=(-1.738, -0.941, 1.327) correction=0.019 m/0.021 rad cluster_weight=0.955 publish=true
[ground_truth_amcl_monitor-7] [INFO] [1789003972.150814156] [ground_truth_amcl_monitor]: AMCL vs GT: gt=(-1.635, -0.236) amcl=(-1.684, -0.658) error=0.425 m / 0.040 rad; current_map=(-1.637, -0.236, 1.480) error=0.002 m / 0.000 rad; odom=(-2.636, 0.333, 1.440) error=1.150 m / 0.040 rad; ekf=(-2.636, 0.333, 1.440) error=1.150 m / 0.040 rad; RMS=0.195 m / 0.041 rad max=1.321 m / 0.162 rad samples=4958
[gpu_amcl_cpp_node-6] [INFO] [1789003972.301935450] [gpu_amcl_cpp]: AMCL odom delta: at_scan=(1.867, -3.319, 2.925) baseline=(2.029, -3.349, 2.996) delta=(-0.162, 0.030, -0.071) moved=true scan_age=0.051s
[component_container-9] [INFO] [1789003972.798621808] [pure_pursuit_node]: Pure Pursuit: pose=(-1.249, 2.160, 1.551) cte=0.012 closest=1376 target=1422 path_dist=0.012 heading_err=0.021 steer=0.140 speed=2.687
[gpu_amcl_cpp_node-6] [INFO] [1789003973.055047217] [gpu_amcl_cpp]: AMCL local correction: odom_prediction=(-1.285, 2.720, 1.755) scan=(-1.280, 2.698, 1.742) correction=0.023 m/0.013 rad cluster_weight=0.970 publish=true
[ground_truth_amcl_monitor-7] [INFO] [1789003973.152217620] [ground_truth_amcl_monitor]: AMCL vs GT: gt=(-1.346, 2.884) amcl=(-1.302, 2.808) error=0.088 m / 0.046 rad; current_map=(-1.322, 2.888, 1.839) error=0.024 m / 0.000 rad; odom=(-2.296, 3.859, 1.839) error=1.361 m / 0.000 rad; ekf=(-2.296, 3.859, 1.839) error=1.361 m / 0.000 rad; RMS=0.194 m / 0.041 rad max=1.321 m / 0.162 rad samples=4998
[gpu_amcl_cpp_node-6] [INFO] [1789003973.349775840] [gpu_amcl_cpp]: AMCL odom delta: at_scan=(-1.049, -3.227, -2.689) baseline=(-0.964, -3.188, -2.743) delta=(-0.085, -0.039, 0.054) moved=true scan_age=0.049s
[component_container-9] [INFO] [1789003973.848871510] [pure_pursuit_node]: Pure Pursuit: pose=(-2.205, 3.851, 3.007) cte=-0.002 closest=1482 target=1525 path_dist=0.002 heading_err=0.070 steer=0.426 speed=1.906
[gpu_amcl_cpp_node-6] [INFO] [1789003974.104079428] [gpu_amcl_cpp]: AMCL local correction: odom_prediction=(-2.552, 3.826, -2.815) scan=(-2.532, 3.826, -2.833) correction=0.021 m/0.017 rad cluster_weight=0.977 publish=true
[ground_truth_amcl_monitor-7] [INFO] [1789003974.156399611] [ground_truth_amcl_monitor]: AMCL vs GT: gt=(-2.616, 3.749) amcl=(-2.618, 3.784) error=0.035 m / 0.000 rad; current_map=(-2.628, 3.791, -2.702) error=0.044 m / 0.000 rad; odom=(-3.644, 4.744, -2.702) error=1.431 m / 0.000 rad; ekf=(-3.644, 4.744, -2.702) error=1.431 m / 0.000 rad; RMS=0.193 m / 0.041 rad max=1.321 m / 0.162 rad samples=5039
[gpu_amcl_cpp_node-6] [INFO] [1789003974.350449391] [gpu_amcl_cpp]: AMCL odom delta: at_scan=(-1.357, -4.741, -0.706) baseline=(-1.426, -4.675, -0.807) delta=(0.070, -0.066, 0.101) moved=true scan_age=0.050s
[component_container-9] [INFO] [1789003974.849899759] [pure_pursuit_node]: Pure Pursuit: pose=(-3.239, 2.254, -1.659) cte=0.052 closest=1589 target=1635 path_dist=0.052 heading_err=-0.033 steer=0.016 speed=3.452
[gpu_amcl_cpp_node-6] [INFO] [1789003975.104340333] [gpu_amcl_cpp]: AMCL local correction: odom_prediction=(-3.292, 1.603, -1.647) scan=(-3.293, 1.624, -1.636) correction=0.021 m/0.011 rad cluster_weight=0.966 publish=true
[ground_truth_amcl_monitor-7] [INFO] [1789003975.203684145] [ground_truth_amcl_monitor]: AMCL vs GT: gt=(-3.337, 1.267) amcl=(-3.304, 1.450) error=0.186 m / 0.026 rad; current_map=(-3.321, 1.283, -1.686) error=0.023 m / 0.000 rad; odom=(-4.381, 2.401, -1.659) error=1.541 m / 0.026 rad; ekf=(-4.381, 2.401, -1.659) error=1.541 m / 0.026 rad; RMS=0.193 m / 0.041 rad max=1.321 m / 0.162 rad samples=5080
[gpu_amcl_cpp_node-6] [WARN] [1789003975.400996101] [gpu_amcl_cpp]: Queued LiDAR scan until source-time odometry arrives (queued=1).
[gpu_amcl_cpp_node-6] [INFO] [1789003975.404691863] [gpu_amcl_cpp]: AMCL odom delta: at_scan=(1.478, -5.303, -0.278) baseline=(1.364, -5.273, -0.234) delta=(0.114, -0.030, -0.044) moved=true scan_age=0.053s
[component_container-9] [INFO] [1789003975.899789503] [pure_pursuit_node]: Pure Pursuit: pose=(-3.970, -0.216, -2.470) cte=0.002 closest=1722 target=1765 path_dist=0.002 heading_err=-0.022 steer=-0.257 speed=1.970
[gpu_amcl_cpp_node-6] [INFO] [1789003976.104492343] [gpu_amcl_cpp]: AMCL local correction: odom_prediction=(-4.208, -0.385, -2.691) scan=(-4.199, -0.373, -2.667) correction=0.015 m/0.023 rad cluster_weight=0.971 publish=true
[ground_truth_amcl_monitor-7] [INFO] [1789003976.205245335] [ground_truth_amcl_monitor]: AMCL vs GT: gt=(-4.413, -0.450) amcl=(-4.379, -0.462) error=0.036 m / 0.000 rad; current_map=(-4.381, -0.455, -2.874) error=0.032 m / 0.000 rad; odom=(-5.488, 0.522, -2.874) error=1.450 m / 0.000 rad; ekf=(-5.488, 0.522, -2.874) error=1.450 m / 0.000 rad; RMS=0.192 m / 0.041 rad max=1.321 m / 0.162 rad samples=5121
[gpu_amcl_cpp_node-6] [INFO] [1789003976.450434947] [gpu_amcl_cpp]: AMCL odom delta: at_scan=(2.651, -6.765, -1.779) baseline=(2.666, -6.670, -1.680) delta=(-0.015, -0.095, -0.099) moved=true scan_age=0.049s
[gpu_amcl_cpp_node-6] [INFO] [1789003976.751190728] [gpu_amcl_cpp]: Received LiDAR callback #2589 (1081 ranges).
[gpu_amcl_cpp_node-6] [INFO] [1789003976.751250130] [gpu_amcl_cpp]: Starting AMCL scan update #2589 (sampled from 1081 ranges).
[gpu_amcl_cpp_node-6] [INFO] [1789003976.752067958] [gpu_amcl_cpp]: AMCL scan update #2589 completed; evaluating pose confidence.
[component_container-9] [INFO] [1789003976.899936613] [pure_pursuit_node]: Pure Pursuit: pose=(-5.622, 0.139, 2.083) cte=-0.053 closest=1818 target=1863 path_dist=0.053 heading_err=-0.014 steer=-0.147 speed=2.936
[gpu_amcl_cpp_node-6] [INFO] [1789003977.153837092] [gpu_amcl_cpp]: AMCL local correction: odom_prediction=(-5.848, 0.669, 1.861) scan=(-5.850, 0.659, 1.864) correction=0.011 m/0.003 rad cluster_weight=0.955 publish=true
[ground_truth_amcl_monitor-7] [INFO] [1789003977.205256800] [ground_truth_amcl_monitor]: AMCL vs GT: gt=(-5.910, 0.849) amcl=(-5.849, 0.664) error=0.194 m / 0.037 rad; current_map=(-5.892, 0.818, 1.824) error=0.036 m / 0.000 rad; odom=(-7.027, 1.845, 1.824) error=1.496 m / 0.000 rad; ekf=(-7.027, 1.845, 1.824) error=1.496 m / 0.000 rad; RMS=0.192 m / 0.041 rad max=1.321 m / 0.162 rad samples=5160
[gpu_amcl_cpp_node-6] [INFO] [1789003977.453178692] [gpu_amcl_cpp]: AMCL odom delta: at_scan=(0.391, -8.004, -3.006) baseline=(0.589, -7.974, -2.985) delta=(-0.198, -0.029, -0.021) moved=true scan_age=0.049s
[component_container-9] [INFO] [1789003977.900122035] [pure_pursuit_node]: Pure Pursuit: pose=(-6.130, 3.963, 1.461) cte=-0.001 closest=2012 target=2063 path_dist=0.001 heading_err=0.018 steer=-0.030 speed=4.571
[gpu_amcl_cpp_node-6] [INFO] [1789003978.203357941] [gpu_amcl_cpp]: AMCL local correction: odom_prediction=(-5.950, 5.088, 1.307) scan=(-5.952, 5.112, 1.315) correction=0.024 m/0.008 rad cluster_weight=0.993 publish=true
[ground_truth_amcl_monitor-7] [INFO] [1789003978.205384003] [ground_truth_amcl_monitor]: AMCL vs GT: gt=(-5.952, 5.165) amcl=(-5.951, 5.100) error=0.065 m / 0.000 rad; current_map=(-5.950, 5.088, 1.307) error=0.077 m / 0.000 rad; odom=(-7.066, 6.187, 1.307) error=1.511 m / 0.000 rad; ekf=(-7.066, 6.187, 1.307) error=1.511 m / 0.000 rad; RMS=0.192 m / 0.041 rad max=1.321 m / 0.162 rad samples=5201
[gpu_amcl_cpp_node-6] [INFO] [1789003978.501122906] [gpu_amcl_cpp]: AMCL odom delta: at_scan=(-4.041, -7.457, 2.662) baseline=(-3.912, -7.521, 2.688) delta=(-0.129, 0.065, -0.026) moved=true scan_age=0.050s
[gpu_amcl_cpp_node-6] [WARN] [1789003978.551300959] [gpu_amcl_cpp]: Queued LiDAR scan until source-time odometry arrives (queued=1).
[component_container-9] [INFO] [1789003978.949769132] [pure_pursuit_node]: Pure Pursuit: pose=(-4.653, 7.192, 0.556) cte=-0.017 closest=2195 target=2241 path_dist=0.017 heading_err=0.022 steer=-0.107 speed=3.266
[gpu_amcl_cpp_node-6] [INFO] [1789003979.206005375] [gpu_amcl_cpp]: AMCL local correction: odom_prediction=(-4.092, 7.482, 0.339) scan=(-4.095, 7.484, 0.364) correction=0.003 m/0.025 rad cluster_weight=0.991 publish=true
[ground_truth_amcl_monitor-7] [INFO] [1789003979.208093853] [ground_truth_amcl_monitor]: AMCL vs GT: gt=(-4.059, 7.516) amcl=(-4.093, 7.483) error=0.047 m / 0.000 rad; current_map=(-4.092, 7.482, 0.339) error=0.047 m / 0.000 rad; odom=(-5.169, 8.504, 0.339) error=1.486 m / 0.000 rad; ekf=(-5.169, 8.504, 0.339) error=1.486 m / 0.000 rad; RMS=0.192 m / 0.041 rad max=1.321 m / 0.162 rad samples=5241
[gpu_amcl_cpp_node-6] [INFO] [1789003979.550412811] [gpu_amcl_cpp]: AMCL odom delta: at_scan=(-5.443, -4.800, 1.434) baseline=(-5.461, -4.967, 1.496) delta=(0.018, 0.167, -0.061) moved=true scan_age=0.049s
[component_container-9] [INFO] [1789003980.000074057] [pure_pursuit_node]: Pure Pursuit: pose=(-1.298, 6.778, -0.799) cte=-0.032 closest=2377 target=2425 path_dist=0.032 heading_err=0.045 steer=-0.048 speed=4.457
[ground_truth_amcl_monitor-7] [INFO] [1789003980.251866930] [ground_truth_amcl_monitor]: AMCL vs GT: gt=(-0.736, 6.101) amcl=(-0.888, 6.318) error=0.265 m / 0.001 rad; current_map=(-0.746, 6.133, -0.917) error=0.034 m / 0.000 rad; odom=(-1.801, 7.050, -0.917) error=1.427 m / 0.000 rad; ekf=(-1.801, 7.050, -0.917) error=1.427 m / 0.000 rad; RMS=0.191 m / 0.041 rad max=1.321 m / 0.162 rad samples=5282
[gpu_amcl_cpp_node-6] [INFO] [1789003980.254071087] [gpu_amcl_cpp]: AMCL local correction: odom_prediction=(-0.746, 6.133, -0.917) scan=(-0.754, 6.140, -0.924) correction=0.010 m/0.007 rad cluster_weight=0.987 publish=true
[gpu_amcl_cpp_node-6] [INFO] [1789003980.550867950] [gpu_amcl_cpp]: AMCL odom delta: at_scan=(-2.643, -1.882, 0.404) baseline=(-2.871, -1.980, 0.411) delta=(0.228, 0.098, -0.008) moved=true scan_age=0.050s
[component_container-9] [INFO] [1789003981.001516182] [pure_pursuit_node]: Pure Pursuit: pose=(0.881, 2.377, -1.256) cte=-0.023 closest=38 target=91 path_dist=0.023 heading_err=-0.055 steer=-0.093 speed=5.740
[ground_truth_amcl_monitor-7] [INFO] [1789003981.255255066] [ground_truth_amcl_monitor]: AMCL vs GT: gt=(1.166, 1.228) amcl=(1.148, 1.303) error=0.077 m / 0.000 rad; current_map=(1.147, 1.297, -1.434) error=0.071 m / 0.000 rad; odom=(0.119, 2.097, -1.434) error=1.361 m / 0.000 rad; ekf=(0.119, 2.097, -1.434) error=1.361 m / 0.000 rad; RMS=0.192 m / 0.041 rad max=1.321 m / 0.162 rad samples=5323
[gpu_amcl_cpp_node-6] [INFO] [1789003981.305518841] [gpu_amcl_cpp]: AMCL local correction: odom_prediction=(1.184, 1.033, -1.441) scan=(1.175, 1.034, -1.449) correction=0.009 m/0.008 rad cluster_weight=0.925 publish=true
[gpu_amcl_cpp_node-6] [INFO] [1789003981.599947318] [gpu_amcl_cpp]: AMCL odom delta: at_scan=(3.039, -0.428, -0.001) baseline=(2.775, -0.437, 0.065) delta=(0.265, 0.009, -0.067) moved=true scan_age=0.048s
[gpu_amcl_cpp_node-6] [INFO] [1789003981.800209163] [gpu_amcl_cpp]: Received LiDAR callback #2692 (1081 ranges).
[gpu_amcl_cpp_node-6] [INFO] [1789003981.800266742] [gpu_amcl_cpp]: Starting AMCL scan update #2692 (sampled from 1081 ranges).
[gpu_amcl_cpp_node-6] [INFO] [1789003981.801082316] [gpu_amcl_cpp]: AMCL scan update #2692 completed; evaluating pose confidence.
[component_container-9] [INFO] [1789003982.049488157] [pure_pursuit_node]: Pure Pursuit: pose=(1.294, -3.479, -1.807) cte=-0.080 closest=333 target=384 path_dist=0.080 heading_err=0.110 steer=0.027 speed=5.209
[ground_truth_amcl_monitor-7] [INFO] [1789003982.256253987] [ground_truth_amcl_monitor]: AMCL vs GT: gt=(1.142, -4.145) amcl=(1.163, -4.107) error=0.044 m / 0.000 rad; current_map=(1.158, -4.157, -1.754) error=0.020 m / 0.000 rad; odom=(0.088, -3.410, -1.754) error=1.285 m / 0.000 rad; ekf=(0.088, -3.410, -1.754) error=1.285 m / 0.000 rad; RMS=0.192 m / 0.041 rad max=1.321 m / 0.162 rad samples=5363
[gpu_amcl_cpp_node-6] [INFO] [1789003982.354199659] [gpu_amcl_cpp]: AMCL local correction: odom_prediction=(1.065, -4.639, -1.753) scan=(1.068, -4.637, -1.751) correction=0.005 m/0.001 rad cluster_weight=0.958 publish=true
[gpu_amcl_cpp_node-6] [INFO] [1789003982.601058761] [gpu_amcl_cpp]: AMCL odom delta: at_scan=(8.469, -1.127, -0.186) baseline=(8.220, -1.073, -0.239) delta=(0.250, -0.054, 0.053) moved=true scan_age=0.050s
[component_container-9] [INFO] [1789003983.049554384] [pure_pursuit_node]: Pure Pursuit: pose=(0.327, -7.982, -1.772) cte=-0.017 closest=563 target=612 path_dist=0.017 heading_err=-0.071 steer=-0.120 speed=3.591
[ground_truth_amcl_monitor-7] [INFO] [1789003983.257497930] [ground_truth_amcl_monitor]: AMCL vs GT: gt=(0.136, -8.563) amcl=(0.164, -8.499) error=0.071 m / 0.000 rad; current_map=(0.167, -8.493, -1.939) error=0.077 m / 0.000 rad; odom=(-0.928, -7.859, -1.939) error=1.276 m / 0.000 rad; ekf=(-0.928, -7.859, -1.939) error=1.276 m / 0.000 rad; RMS=0.192 m / 0.041 rad max=1.321 m / 0.162 rad samples=5403
[gpu_amcl_cpp_node-6] [INFO] [1789003983.354901562] [gpu_amcl_cpp]: AMCL local correction: odom_prediction=(0.059, -8.770, -1.950) scan=(0.053, -8.774, -1.944) correction=0.008 m/0.006 rad cluster_weight=0.985 publish=true
[gpu_amcl_cpp_node-6] [INFO] [1789003983.601291501] [gpu_amcl_cpp]: AMCL odom delta: at_scan=(11.816, -2.088, -0.536) baseline=(11.710, -2.028, -0.491) delta=(0.106, -0.060, -0.046) moved=true scan_age=0.050s
[component_container-9] [INFO] [1789003984.050101365] [pure_pursuit_node]: Pure Pursuit: pose=(-1.125, -10.104, -2.924) cte=-0.024 closest=697 target=742 path_dist=0.024 heading_err=-0.018 steer=-0.283 speed=2.471
[ground_truth_amcl_monitor-7] [INFO] [1789003984.302124281] [ground_truth_amcl_monitor]: AMCL vs GT: gt=(-1.635, -10.138) amcl=(-1.506, -10.126) error=0.130 m / 0.096 rad; current_map=(-1.623, -10.109, 2.954) error=0.031 m / 0.000 rad; odom=(-2.725, -9.416, 2.954) error=1.308 m / 0.000 rad; ekf=(-2.725, -9.416, 2.954) error=1.308 m / 0.000 rad; RMS=0.191 m / 0.041 rad max=1.321 m / 0.162 rad samples=5444
[gpu_amcl_cpp_node-6] [INFO] [1789003984.403243673] [gpu_amcl_cpp]: AMCL local correction: odom_prediction=(-1.858, -10.044, 2.763) scan=(-1.863, -10.040, 2.783) correction=0.007 m/0.020 rad cluster_weight=0.990 publish=true
[gpu_amcl_cpp_node-6] [INFO] [1789003984.651010592] [gpu_amcl_cpp]: AMCL odom delta: at_scan=(12.147, -4.274, -2.392) baseline=(12.237, -4.183, -2.315) delta=(-0.090, -0.091, -0.077) moved=true scan_age=0.050s
[component_container-9] [INFO] [1789003985.075544369] [pure_pursuit_node]: Pure Pursuit: pose=(-3.018, -8.388, 1.826) cte=-0.028 closest=837 target=884 path_dist=0.028 heading_err=0.025 steer=-0.085 speed=4.215
[ground_truth_amcl_monitor-7] [INFO] [1789003985.326614061] [ground_truth_amcl_monitor]: AMCL vs GT: gt=(-3.143, -7.613) amcl=(-3.115, -7.837) error=0.225 m / 0.036 rad; current_map=(-3.134, -7.628, 1.642) error=0.017 m / 0.000 rad; odom=(-4.238, -7.061, 1.678) error=1.227 m / 0.036 rad; ekf=(-4.238, -7.061, 1.678) error=1.227 m / 0.036 rad; RMS=0.191 m / 0.041 rad max=1.321 m / 0.162 rad samples=5484
[gpu_amcl_cpp_node-6] [INFO] [1789003985.429872617] [gpu_amcl_cpp]: AMCL local correction: odom_prediction=(-3.158, -7.188, 1.605) scan=(-3.150, -7.225, 1.613) correction=0.038 m/0.009 rad cluster_weight=0.993 publish=true
[gpu_amcl_cpp_node-6] [INFO] [1789003985.677019250] [gpu_amcl_cpp]: AMCL odom delta: at_scan=(8.322, -5.014, 2.955) baseline=(8.587, -5.055, 3.018) delta=(-0.265, 0.041, -0.063) moved=true scan_age=0.049s
[component_container-9] [INFO] [1789003986.124887112] [pure_pursuit_node]: Pure Pursuit: pose=(-2.471, -3.599, 1.293) cte=-0.001 closest=1081 target=1132 path_dist=0.001 heading_err=0.006 steer=-0.018 speed=5.748
[ground_truth_amcl_monitor-7] [INFO] [1789003986.328291648] [ground_truth_amcl_monitor]: AMCL vs GT: gt=(-2.285, -2.826) amcl=(-2.324, -3.082) error=0.259 m / 0.037 rad; current_map=(-2.249, -2.788, 1.299) error=0.052 m / 0.000 rad; odom=(-3.360, -1.932, 1.299) error=1.399 m / 0.000 rad; ekf=(-3.360, -1.932, 1.299) error=1.399 m / 0.000 rad; RMS=0.191 m / 0.041 rad max=1.321 m / 0.162 rad samples=5524
[gpu_amcl_cpp_node-6] [INFO] [1789003986.479070598] [gpu_amcl_cpp]: AMCL local correction: odom_prediction=(-1.989, -1.978, 1.255) scan=(-1.990, -1.982, 1.243) correction=0.005 m/0.011 rad cluster_weight=0.946 publish=true
[gpu_amcl_cpp_node-6] [INFO] [1789003986.725215606] [gpu_amcl_cpp]: AMCL odom delta: at_scan=(2.911, -3.580, 2.921) baseline=(3.145, -3.627, 2.961) delta=(-0.234, 0.048, -0.040) moved=true scan_age=0.049s
[gpu_amcl_cpp_node-6] [INFO] [1789003986.825228587] [gpu_amcl_cpp]: Received LiDAR callback #2792 (1081 ranges).
[gpu_amcl_cpp_node-6] [INFO] [1789003986.825290814] [gpu_amcl_cpp]: Starting AMCL scan update #2792 (sampled from 1081 ranges).
[gpu_amcl_cpp_node-6] [INFO] [1789003986.826104374] [gpu_amcl_cpp]: AMCL scan update #2792 completed; evaluating pose confidence.
[component_container-9] [INFO] [1789003987.125031084] [pure_pursuit_node]: Pure Pursuit: pose=(-1.372, 1.007, 1.312) cte=0.000 closest=1318 target=1366 path_dist=0.000 heading_err=0.103 steer=0.146 speed=3.563
[ground_truth_amcl_monitor-7] [INFO] [1789003987.330939851] [ground_truth_amcl_monitor]: AMCL vs GT: gt=(-1.301, 1.523) amcl=(-1.293, 1.547) error=0.026 m / 0.000 rad; current_map=(-1.295, 1.550, 1.486) error=0.028 m / 0.000 rad; odom=(-2.364, 2.501, 1.486) error=1.444 m / 0.000 rad; ekf=(-2.364, 2.501, 1.486) error=1.444 m / 0.000 rad; RMS=0.191 m / 0.041 rad max=1.321 m / 0.162 rad samples=5565
[gpu_amcl_cpp_node-6] [INFO] [1789003987.528244854] [gpu_amcl_cpp]: AMCL local correction: odom_prediction=(-1.252, 2.171, 1.546) scan=(-1.252, 2.161, 1.535) correction=0.011 m/0.011 rad cluster_weight=0.972 publish=true
[gpu_amcl_cpp_node-6] [INFO] [1789003987.725957643] [gpu_amcl_cpp]: AMCL odom delta: at_scan=(-0.510, -3.175, -2.949) baseline=(-0.394, -3.154, -2.990) delta=(-0.116, -0.020, 0.042) moved=true scan_age=0.050s
[component_container-9] [INFO] [1789003988.125197848] [pure_pursuit_node]: Pure Pursuit: pose=(-1.563, 3.419, 2.161) cte=-0.006 closest=1441 target=1484 path_dist=0.006 heading_err=-0.075 steer=0.326 speed=1.892
[ground_truth_amcl_monitor-7] [INFO] [1789003988.376073075] [ground_truth_amcl_monitor]: AMCL vs GT: gt=(-1.820, 3.629) amcl=(-1.733, 3.596) error=0.094 m / 0.080 rad; current_map=(-1.804, 3.652, 2.517) error=0.028 m / 0.000 rad; odom=(-2.915, 4.661, 2.517) error=1.504 m / 0.000 rad; ekf=(-2.915, 4.661, 2.517) error=1.504 m / 0.000 rad; RMS=0.190 m / 0.041 rad max=1.321 m / 0.162 rad samples=5606
[gpu_amcl_cpp_node-6] [INFO] [1789003988.528911358] [gpu_amcl_cpp]: AMCL local correction: odom_prediction=(-2.033, 3.784, 2.778) scan=(-2.032, 3.783, 2.750) correction=0.001 m/0.027 rad cluster_weight=0.977 publish=true
[gpu_amcl_cpp_node-6] [INFO] [1789003988.726580005] [gpu_amcl_cpp]: AMCL odom delta: at_scan=(-1.680, -4.298, -1.502) baseline=(-1.682, -4.206, -1.612) delta=(0.001, -0.092, 0.110) moved=true scan_age=0.050s
[component_container-9] [INFO] [1789003989.175639037] [pure_pursuit_node]: Pure Pursuit: pose=(-3.046, 3.291, -2.010) cte=0.022 closest=1536 target=1580 path_dist=0.022 heading_err=0.120 steer=0.201 speed=2.332
[ground_truth_amcl_monitor-7] [INFO] [1789003989.380289797] [ground_truth_amcl_monitor]: AMCL vs GT: gt=(-3.157, 2.974) amcl=(-3.141, 2.955) error=0.024 m / 0.000 rad; current_map=(-3.141, 2.947, -1.815) error=0.031 m / 0.000 rad; odom=(-4.344, 3.974, -1.815) error=1.553 m / 0.000 rad; ekf=(-4.344, 3.974, -1.815) error=1.553 m / 0.000 rad; RMS=0.189 m / 0.041 rad max=1.321 m / 0.162 rad samples=5647
[gpu_amcl_cpp_node-6] [INFO] [1789003989.529844804] [gpu_amcl_cpp]: AMCL local correction: odom_prediction=(-3.208, 2.561, -1.695) scan=(-3.215, 2.587, -1.691) correction=0.027 m/0.004 rad cluster_weight=0.972 publish=true
[gpu_amcl_cpp_node-6] [INFO] [1789003989.726967915] [gpu_amcl_cpp]: AMCL odom delta: at_scan=(0.197, -5.269, -0.075) baseline=(0.030, -5.257, -0.074) delta=(0.167, -0.012, -0.001) moved=true scan_age=0.051s
[component_container-9] [INFO] [1789003990.199791522] [pure_pursuit_node]: Pure Pursuit: pose=(-3.502, 0.509, -1.969) cte=0.035 closest=1678 target=1721 path_dist=0.035 heading_err=0.037 steer=-0.114 speed=1.996
[ground_truth_amcl_monitor-7] [INFO] [1789003990.402155280] [ground_truth_amcl_monitor]: AMCL vs GT: gt=(-3.646, 0.180) amcl=(-3.580, 0.311) error=0.147 m / 0.042 rad; current_map=(-3.625, 0.223, -2.070) error=0.048 m / 0.000 rad; odom=(-4.833, 1.204, -2.070) error=1.568 m / 0.000 rad; ekf=(-4.833, 1.204, -2.070) error=1.568 m / 0.000 rad; RMS=0.189 m / 0.041 rad max=1.321 m / 0.162 rad samples=5686
[gpu_amcl_cpp_node-6] [INFO] [1789003990.553383515] [gpu_amcl_cpp]: AMCL local correction: odom_prediction=(-3.783, -0.039, -2.276) scan=(-3.777, -0.056, -2.252) correction=0.018 m/0.024 rad cluster_weight=0.984 publish=true
[gpu_amcl_cpp_node-6] [INFO] [1789003990.752729978] [gpu_amcl_cpp]: AMCL odom delta: at_scan=(2.455, -6.093, -0.995) baseline=(2.398, -6.012, -0.921) delta=(0.057, -0.081, -0.074) moved=true scan_age=0.050s
[component_container-9] [INFO] [1789003991.226403924] [pure_pursuit_node]: Pure Pursuit: pose=(-5.007, -0.430, 2.751) cte=-0.006 closest=1777 target=1820 path_dist=0.006 heading_err=-0.025 steer=-0.299 speed=2.083
[ground_truth_amcl_monitor-7] [INFO] [1789003991.452268521] [ground_truth_amcl_monitor]: AMCL vs GT: gt=(-5.323, -0.240) amcl=(-5.175, -0.332) error=0.174 m / 0.120 rad; current_map=(-5.291, -0.246, 2.441) error=0.033 m / 0.000 rad; odom=(-6.559, 0.782, 2.441) error=1.604 m / 0.000 rad; ekf=(-6.559, 0.782, 2.441) error=1.604 m / 0.000 rad; RMS=0.189 m / 0.041 rad max=1.321 m / 0.162 rad samples=5726
[gpu_amcl_cpp_node-6] [INFO] [1789003991.556360365] [gpu_amcl_cpp]: AMCL local correction: odom_prediction=(-5.455, -0.065, 2.272) scan=(-5.453, -0.073, 2.290) correction=0.008 m/0.019 rad cluster_weight=0.965 publish=true
[gpu_amcl_cpp_node-6] [INFO] [1789003991.753618309] [gpu_amcl_cpp]: AMCL odom delta: at_scan=(1.782, -7.787, -2.715) baseline=(1.907, -7.725, -2.651) delta=(-0.125, -0.062, -0.063) moved=true scan_age=0.050s
[gpu_amcl_cpp_node-6] [INFO] [1789003991.854765062] [gpu_amcl_cpp]: Received LiDAR callback #2891 (1081 ranges).
[gpu_amcl_cpp_node-6] [INFO] [1789003991.854830415] [gpu_amcl_cpp]: Starting AMCL scan update #2891 (sampled from 1081 ranges).
[gpu_amcl_cpp_node-6] [INFO] [1789003991.855678971] [gpu_amcl_cpp]: AMCL scan update #2891 completed; evaluating pose confidence.
[component_container-9] [INFO] [1789003992.276031000] [pure_pursuit_node]: Pure Pursuit: pose=(-6.131, 2.320, 1.639) cte=-0.010 closest=1930 target=1980 path_dist=0.010 heading_err=0.027 steer=-0.022 speed=4.928
[ground_truth_amcl_monitor-7] [INFO] [1789003992.484783056] [ground_truth_amcl_monitor]: AMCL vs GT: gt=(-6.184, 3.084) amcl=(-6.162, 2.778) error=0.307 m / 0.020 rad; current_map=(-6.170, 3.032, 1.591) error=0.054 m / 0.000 rad; odom=(-7.427, 3.921, 1.611) error=1.499 m / 0.020 rad; ekf=(-7.427, 3.921, 1.611) error=1.499 m / 0.020 rad; RMS=0.188 m / 0.041 rad max=1.321 m / 0.162 rad samples=5766
[gpu_amcl_cpp_node-6] [INFO] [1789003992.603680561] [gpu_amcl_cpp]: AMCL local correction: odom_prediction=(-6.165, 3.605, 1.512) scan=(-6.169, 3.597, 1.520) correction=0.009 m/0.008 rad cluster_weight=0.979 publish=true
[gpu_amcl_cpp_node-6] [INFO] [1789003992.801806959] [gpu_amcl_cpp]: AMCL odom delta: at_scan=(-2.552, -8.107, 2.972) baseline=(-2.324, -8.145, 2.985) delta=(-0.228, 0.038, -0.013) moved=true scan_age=0.049s
[gpu_amcl_cpp_node-6] [WARN] [1789003993.126619513] [gpu_amcl_cpp]: Queued LiDAR scan until source-time odometry arrives (queued=1).
[component_container-9] [INFO] [1789003993.276509791] [pure_pursuit_node]: Pure Pursuit: pose=(-5.418, 6.347, 1.062) cte=-0.009 closest=2138 target=2183 path_dist=0.009 heading_err=-0.020 steer=-0.157 speed=2.856
[ground_truth_amcl_monitor-7] [INFO] [1789003993.526485515] [ground_truth_amcl_monitor]: AMCL vs GT: gt=(-5.073, 6.878) amcl=(-5.166, 6.739) error=0.167 m / 0.058 rad; current_map=(-5.074, 6.840, 0.806) error=0.038 m / 0.000 rad; odom=(-6.424, 7.820, 0.864) error=1.647 m / 0.058 rad; ekf=(-6.424, 7.820, 0.864) error=1.647 m / 0.058 rad; RMS=0.188 m / 0.041 rad max=1.321 m / 0.162 rad samples=5806
[gpu_amcl_cpp_node-6] [INFO] [1789003993.627990903] [gpu_amcl_cpp]: AMCL local correction: odom_prediction=(-4.881, 7.032, 0.694) scan=(-4.897, 7.029, 0.716) correction=0.016 m/0.021 rad cluster_weight=0.993 publish=true
[gpu_amcl_cpp_node-6] [INFO] [1789003993.824150901] [gpu_amcl_cpp]: AMCL odom delta: at_scan=(-5.279, -6.419, 2.015) baseline=(-5.207, -6.560, 2.078) delta=(-0.072, 0.141, -0.063) moved=true scan_age=0.048s
[component_container-9] [INFO] [1789003994.325531337] [pure_pursuit_node]: Pure Pursuit: pose=(-2.565, 7.516, -0.300) cte=-0.024 closest=2303 target=2350 path_dist=0.024 heading_err=0.008 steer=-0.117 speed=3.707
[ground_truth_amcl_monitor-7] [INFO] [1789003994.527756676] [ground_truth_amcl_monitor]: AMCL vs GT: gt=(-2.059, 7.319) amcl=(-2.230, 7.407) error=0.193 m / 0.063 rad; current_map=(-2.059, 7.322, -0.492) error=0.003 m / 0.000 rad; odom=(-3.290, 8.352, -0.492) error=1.607 m / 0.000 rad; ekf=(-3.461, 8.437, -0.430) error=1.793 m / 0.063 rad; RMS=0.188 m / 0.041 rad max=1.321 m / 0.162 rad samples=5846
[gpu_amcl_cpp_node-6] [INFO] [1789003994.630293844] [gpu_amcl_cpp]: AMCL local correction: odom_prediction=(-1.735, 7.126, -0.613) scan=(-1.730, 7.135, -0.611) correction=0.011 m/0.002 rad cluster_weight=0.961 publish=true
[gpu_amcl_cpp_node-6] [INFO] [1789003994.825860536] [gpu_amcl_cpp]: AMCL odom delta: at_scan=(-4.431, -3.140, 0.738) baseline=(-4.592, -3.294, 0.786) delta=(0.161, 0.153, -0.047) moved=true scan_age=0.050s
[component_container-9] [INFO] [1789003995.374477622] [pure_pursuit_node]: Pure Pursuit: pose=(0.383, 3.873, -1.266) cte=-0.000 closest=2545 target=13 path_dist=0.000 heading_err=0.051 steer=0.027 speed=6.581
[ground_truth_amcl_monitor-7] [INFO] [1789003995.528779789] [ground_truth_amcl_monitor]: AMCL vs GT: gt=(0.585, 3.267) amcl=(0.488, 3.564) error=0.313 m / 0.007 rad; current_map=(0.583, 3.257, -1.267) error=0.010 m / 0.000 rad; odom=(-0.590, 4.186, -1.267) error=1.492 m / 0.000 rad; ekf=(-0.590, 4.186, -1.267) error=1.492 m / 0.000 rad; RMS=0.188 m / 0.041 rad max=1.321 m / 0.162 rad samples=5886
[gpu_amcl_cpp_node-6] [INFO] [1789003995.631075153] [gpu_amcl_cpp]: AMCL local correction: odom_prediction=(0.794, 2.586, -1.210) scan=(0.771, 2.577, -1.230) correction=0.025 m/0.020 rad cluster_weight=0.937 publish=true
[gpu_amcl_cpp_node-6] [INFO] [1789003995.851078985] [gpu_amcl_cpp]: AMCL odom delta: at_scan=(0.941, -0.779, 0.159) baseline=(0.571, -0.855, 0.240) delta=(0.371, 0.075, -0.081) moved=true scan_age=0.050s
[gpu_amcl_cpp_node-6] [WARN] [1789003996.004930084] [gpu_amcl_cpp]: No local AMCL cluster near odometry prediction; using causal odometry pose.
[gpu_amcl_cpp_node-6] [WARN] [1789003996.113460857] [gpu_amcl_cpp]: Queued LiDAR scan until source-time odometry arrives (queued=1).
[component_container-9] [INFO] [1789003996.400163621] [pure_pursuit_node]: Pure Pursuit: pose=(1.346, -2.061, -1.602) cte=-0.002 closest=262 target=315 path_dist=0.002 heading_err=-0.019 steer=-0.050 speed=6.321
[ground_truth_amcl_monitor-7] [INFO] [1789003996.552907677] [ground_truth_amcl_monitor]: AMCL vs GT: gt=(1.354, -2.575) amcl=(1.352, -2.329) error=0.246 m / 0.000 rad; current_map=(1.352, -2.643, -1.569) error=0.068 m / 0.000 rad; odom=(0.188, -1.845, -1.569) error=1.375 m / 0.000 rad; ekf=(0.188, -1.845, -1.569) error=1.375 m / 0.000 rad; RMS=0.188 m / 0.041 rad max=1.321 m / 0.162 rad samples=5924
[gpu_amcl_cpp_node-6] [INFO] [1789003996.655421862] [gpu_amcl_cpp]: AMCL local correction: odom_prediction=(1.327, -3.236, -1.652) scan=(1.341, -3.173, -1.640) correction=0.065 m/0.013 rad cluster_weight=0.929 publish=true
[gpu_amcl_cpp_node-6] [INFO] [1789003996.860204280] [gpu_amcl_cpp]: Received LiDAR callback #2990 (1081 ranges).
[gpu_amcl_cpp_node-6] [INFO] [1789003996.860275795] [gpu_amcl_cpp]: AMCL odom delta: at_scan=(6.647, -0.822, -0.225) baseline=(6.377, -0.760, -0.226) delta=(0.270, -0.062, 0.001) moved=true scan_age=0.053s
[gpu_amcl_cpp_node-6] [INFO] [1789003996.860312323] [gpu_amcl_cpp]: Starting AMCL scan update #2990 (sampled from 1081 ranges).
[gpu_amcl_cpp_node-6] [INFO] [1789003996.860900680] [gpu_amcl_cpp]: AMCL scan update #2990 completed; evaluating pose confidence.
[component_container-9] [INFO] [1789003997.449851109] [pure_pursuit_node]: Pure Pursuit: pose=(0.495, -7.140, -1.705) cte=0.025 closest=520 target=568 path_dist=0.025 heading_err=-0.099 steer=-0.090 speed=3.918
[ground_truth_amcl_monitor-7] [INFO] [1789003997.553161142] [ground_truth_amcl_monitor]: AMCL vs GT: gt=(0.436, -7.421) amcl=(0.485, -7.168) error=0.258 m / 0.037 rad; current_map=(0.450, -7.364, -1.767) error=0.058 m / 0.000 rad; odom=(-0.746, -6.786, -1.767) error=1.342 m / 0.000 rad; ekf=(-0.746, -6.786, -1.767) error=1.342 m / 0.000 rad; RMS=0.189 m / 0.041 rad max=1.321 m / 0.162 rad samples=5960
[gpu_amcl_cpp_node-6] [INFO] [1789003997.703987300] [gpu_amcl_cpp]: AMCL local correction: odom_prediction=(0.316, -7.919, -1.830) scan=(0.317, -7.936, -1.831) correction=0.018 m/0.001 rad cluster_weight=0.984 publish=true
[gpu_amcl_cpp_node-6] [INFO] [1789003997.899185729] [gpu_amcl_cpp]: AMCL odom delta: at_scan=(11.205, -1.876, -0.335) baseline=(11.048, -1.826, -0.281) delta=(0.156, -0.050, -0.054) moved=true scan_age=0.048s
[component_container-9] [INFO] [1789003998.499694010] [pure_pursuit_node]: Pure Pursuit: pose=(-0.785, -9.965, -2.652) cte=-0.005 closest=679 target=724 path_dist=0.005 heading_err=0.008 steer=-0.252 speed=2.519
[ground_truth_amcl_monitor-7] [INFO] [1789003998.557385147] [ground_truth_amcl_monitor]: AMCL vs GT: gt=(-0.813, -10.001) amcl=(-0.779, -9.970) error=0.046 m / 0.000 rad; current_map=(-0.782, -9.966, -2.637) error=0.047 m / 0.000 rad; odom=(-1.999, -9.346, -2.637) error=1.355 m / 0.000 rad; ekf=(-1.999, -9.346, -2.637) error=1.355 m / 0.000 rad; RMS=0.188 m / 0.041 rad max=1.321 m / 0.162 rad samples=6001
[gpu_amcl_cpp_node-6] [INFO] [1789003998.704331546] [gpu_amcl_cpp]: AMCL local correction: odom_prediction=(-1.121, -10.101, -2.927) scan=(-1.120, -10.105, -2.903) correction=0.004 m/0.023 rad cluster_weight=0.999 publish=true
[gpu_amcl_cpp_node-6] [INFO] [1789003998.900757735] [gpu_amcl_cpp]: AMCL odom delta: at_scan=(12.646, -3.637, -1.746) baseline=(12.661, -3.516, -1.647) delta=(-0.015, -0.121, -0.099) moved=true scan_age=0.049s
[component_container-9] [INFO] [1789003999.500835676] [pure_pursuit_node]: Pure Pursuit: pose=(-2.829, -8.957, 1.967) cte=-0.047 closest=807 target=853 path_dist=0.047 heading_err=0.029 steer=-0.085 speed=3.695
[ground_truth_amcl_monitor-7] [INFO] [1789003999.558662337] [ground_truth_amcl_monitor]: AMCL vs GT: gt=(-2.814, -8.999) amcl=(-2.822, -8.968) error=0.032 m / 0.000 rad; current_map=(-2.826, -8.956, 1.963) error=0.044 m / 0.000 rad; odom=(-4.049, -8.321, 1.963) error=1.409 m / 0.000 rad; ekf=(-4.049, -8.321, 1.963) error=1.409 m / 0.000 rad; RMS=0.188 m / 0.041 rad max=1.321 m / 0.162 rad samples=6039
[gpu_amcl_cpp_node-6] [INFO] [1789003999.707553926] [gpu_amcl_cpp]: AMCL local correction: odom_prediction=(-2.994, -8.459, 1.835) scan=(-2.991, -8.475, 1.847) correction=0.017 m/0.012 rad cluster_weight=0.974 publish=true
[gpu_amcl_cpp_node-6] [INFO] [1789003999.925270535] [gpu_amcl_cpp]: AMCL odom delta: at_scan=(10.066, -5.179, -3.057) baseline=(10.356, -5.147, -3.005) delta=(-0.290, -0.032, -0.052) moved=true scan_age=0.049s
[component_container-9] [INFO] [1789004000.525942574] [pure_pursuit_node]: Pure Pursuit: pose=(-2.747, -4.545, 1.316) cte=-0.006 closest=1031 target=1082 path_dist=0.006 heading_err=-0.035 steer=-0.026 speed=5.318
[ground_truth_amcl_monitor-7] [INFO] [1789004000.578072018] [ground_truth_amcl_monitor]: AMCL vs GT: gt=(-2.768, -4.530) amcl=(-2.808, -4.780) error=0.253 m / 0.010 rad; current_map=(-2.742, -4.531, 1.316) error=0.026 m / 0.000 rad; odom=(-4.001, -3.774, 1.316) error=1.446 m / 0.000 rad; ekf=(-4.068, -4.023, 1.305) error=1.395 m / 0.010 rad; RMS=0.188 m / 0.041 rad max=1.321 m / 0.162 rad samples=6078
[gpu_amcl_cpp_node-6] [INFO] [1789004000.730220794] [gpu_amcl_cpp]: AMCL local correction: odom_prediction=(-2.544, -3.781, 1.286) scan=(-2.543, -3.771, 1.292) correction=0.010 m/0.006 rad cluster_weight=0.938 publish=true
[gpu_amcl_cpp_node-6] [INFO] [1789004000.929635094] [gpu_amcl_cpp]: AMCL odom delta: at_scan=(5.094, -4.255, 2.881) baseline=(5.374, -4.337, 2.830) delta=(-0.281, 0.083, 0.052) moved=true scan_age=0.053s
[component_container-9] [INFO] [1789004001.549738366] [pure_pursuit_node]: Pure Pursuit: pose=(-1.434, 0.385, 1.401) cte=0.046 closest=1287 target=1333 path_dist=0.046 heading_err=-0.018 steer=0.053 speed=3.608
[ground_truth_amcl_monitor-7] [INFO] [1789004001.602362720] [ground_truth_amcl_monitor]: AMCL vs GT: gt=(-1.429, 0.451) amcl=(-1.454, 0.236) error=0.216 m / 0.002 rad; current_map=(-1.426, 0.411, 1.411) error=0.040 m / 0.000 rad; odom=(-2.663, 1.211, 1.411) error=1.450 m / 0.000 rad; ekf=(-2.663, 1.211, 1.411) error=1.450 m / 0.000 rad; RMS=0.188 m / 0.041 rad max=1.321 m / 0.162 rad samples=6118
[gpu_amcl_cpp_node-6] [INFO] [1789004001.753339892] [gpu_amcl_cpp]: AMCL local correction: odom_prediction=(-1.347, 0.977, 1.466) scan=(-1.347, 0.987, 1.452) correction=0.011 m/0.014 rad cluster_weight=0.965 publish=true
[gpu_amcl_cpp_node-6] [INFO] [1789004001.901200041] [gpu_amcl_cpp]: Received LiDAR callback #3087 (1081 ranges).
[gpu_amcl_cpp_node-6] [INFO] [1789004001.901254202] [gpu_amcl_cpp]: Starting AMCL scan update #3087 (sampled from 1081 ranges).
[gpu_amcl_cpp_node-6] [INFO] [1789004001.901787616] [gpu_amcl_cpp]: AMCL scan update #3087 completed; evaluating pose confidence.
[gpu_amcl_cpp_node-6] [INFO] [1789004001.950480775] [gpu_amcl_cpp]: AMCL odom delta: at_scan=(0.721, -3.328, 3.053) baseline=(0.888, -3.343, 3.055) delta=(-0.166, 0.015, -0.002) moved=true scan_age=0.049s
[component_container-9] [INFO] [1789004002.575931968] [pure_pursuit_node]: Pure Pursuit: pose=(-1.493, 3.289, 2.030) cte=-0.002 closest=1434 target=1477 path_dist=0.002 heading_err=-0.025 steer=0.308 speed=1.928
[ground_truth_amcl_monitor-7] [INFO] [1789004002.628522148] [ground_truth_amcl_monitor]: AMCL vs GT: gt=(-1.513, 3.280) amcl=(-1.453, 3.204) error=0.096 m / 0.058 rad; current_map=(-1.494, 3.291, 2.041) error=0.023 m / 0.000 rad; odom=(-2.707, 3.921, 1.983) error=1.355 m / 0.058 rad; ekf=(-2.707, 3.921, 1.983) error=1.355 m / 0.058 rad; RMS=0.187 m / 0.041 rad max=1.321 m / 0.162 rad samples=6158
[gpu_amcl_cpp_node-6] [INFO] [1789004002.780330904] [gpu_amcl_cpp]: AMCL local correction: odom_prediction=(-1.651, 3.529, 2.285) scan=(-1.647, 3.532, 2.259) correction=0.004 m/0.026 rad cluster_weight=0.980 publish=true
[gpu_amcl_cpp_node-6] [INFO] [1789004002.979461450] [gpu_amcl_cpp]: AMCL odom delta: at_scan=(-1.314, -3.990, -2.049) baseline=(-1.270, -3.914, -2.144) delta=(-0.044, -0.076, 0.095) moved=true scan_age=0.051s
[component_container-9] [INFO] [1789004003.598716236] [pure_pursuit_node]: Pure Pursuit: pose=(-2.969, 3.463, -2.173) cte=0.020 closest=1527 target=1570 path_dist=0.020 heading_err=0.084 steer=0.271 speed=2.196
[ground_truth_amcl_monitor-7] [INFO] [1789004003.651648961] [ground_truth_amcl_monitor]: AMCL vs GT: gt=(-2.955, 3.456) amcl=(-2.896, 3.532) error=0.096 m / 0.095 rad; current_map=(-2.958, 3.451, -2.173) error=0.006 m / 0.000 rad; odom=(-4.232, 4.253, -2.269) error=1.505 m / 0.095 rad; ekf=(-4.232, 4.253, -2.269) error=1.505 m / 0.095 rad; RMS=0.187 m / 0.041 rad max=1.321 m / 0.162 rad samples=6198
[gpu_amcl_cpp_node-6] [INFO] [1789004003.802886903] [gpu_amcl_cpp]: AMCL local correction: odom_prediction=(-3.083, 3.160, -1.924) scan=(-3.077, 3.177, -1.931) correction=0.019 m/0.007 rad cluster_weight=0.952 publish=true
[gpu_amcl_cpp_node-6] [INFO] [1789004004.000530552] [gpu_amcl_cpp]: AMCL odom delta: at_scan=(-0.262, -5.349, -0.145) baseline=(-0.392, -5.328, -0.181) delta=(0.130, -0.021, 0.036) moved=true scan_age=0.049s
[component_container-9] [INFO] [1789004004.598877366] [pure_pursuit_node]: Pure Pursuit: pose=(-3.430, 0.721, -1.851) cte=0.031 closest=1666 target=1711 path_dist=0.031 heading_err=0.028 steer=-0.126 speed=2.292
[ground_truth_amcl_monitor-7] [INFO] [1789004004.654283744] [ground_truth_amcl_monitor]: AMCL vs GT: gt=(-3.451, 0.688) amcl=(-3.397, 0.864) error=0.184 m / 0.048 rad; current_map=(-3.428, 0.749, -1.858) error=0.065 m / 0.000 rad; odom=(-4.794, 1.413, -1.858) error=1.526 m / 0.000 rad; ekf=(-4.794, 1.413, -1.858) error=1.526 m / 0.000 rad; RMS=0.186 m / 0.041 rad max=1.321 m / 0.162 rad samples=6238
[gpu_amcl_cpp_node-6] [INFO] [1789004004.803403562] [gpu_amcl_cpp]: AMCL local correction: odom_prediction=(-3.538, 0.443, -1.979) scan=(-3.535, 0.416, -1.966) correction=0.027 m/0.013 rad cluster_weight=0.992 publish=true
[gpu_amcl_cpp_node-6] [INFO] [1789004005.050381777] [gpu_amcl_cpp]: AMCL odom delta: at_scan=(2.498, -5.967, -0.694) baseline=(2.420, -5.907, -0.616) delta=(0.078, -0.060, -0.079) moved=true scan_age=0.049s
[component_container-9] [INFO] [1789004005.600611725] [pure_pursuit_node]: Pure Pursuit: pose=(-4.792, -0.481, 2.990) cte=0.001 closest=1766 target=1809 path_dist=0.001 heading_err=0.045 steer=-0.335 speed=2.018
[ground_truth_amcl_monitor-7] [INFO] [1789004005.657836294] [ground_truth_amcl_monitor]: AMCL vs GT: gt=(-4.821, -0.475) amcl=(-4.785, -0.476) error=0.036 m / 0.000 rad; current_map=(-4.787, -0.472, 2.984) error=0.034 m / 0.000 rad; odom=(-6.197, 0.237, 2.984) error=1.549 m / 0.000 rad; ekf=(-6.197, 0.237, 2.984) error=1.549 m / 0.000 rad; RMS=0.186 m / 0.041 rad max=1.321 m / 0.162 rad samples=6279
[gpu_amcl_cpp_node-6] [INFO] [1789004005.804967140] [gpu_amcl_cpp]: AMCL local correction: odom_prediction=(-5.058, -0.400, 2.701) scan=(-5.055, -0.387, 2.728) correction=0.013 m/0.028 rad cluster_weight=0.961 publish=true
[gpu_amcl_cpp_node-6] [INFO] [1789004006.099831737] [gpu_amcl_cpp]: AMCL odom delta: at_scan=(2.418, -7.758, -2.522) baseline=(2.513, -7.685, -2.445) delta=(-0.094, -0.073, -0.078) moved=true scan_age=0.048s
[component_container-9] [INFO] [1789004006.648617999] [pure_pursuit_node]: Pure Pursuit: pose=(-6.082, 1.828, 1.681) cte=-0.023 closest=1906 target=1954 path_dist=0.023 heading_err=0.044 steer=-0.019 speed=4.574
[ground_truth_amcl_monitor-7] [INFO] [1789004006.702278133] [ground_truth_amcl_monitor]: AMCL vs GT: gt=(-6.100, 1.882) amcl=(-6.058, 1.634) error=0.252 m / 0.022 rad; current_map=(-6.084, 1.843, 1.684) error=0.043 m / 0.000 rad; odom=(-7.501, 2.623, 1.684) error=1.584 m / 0.000 rad; ekf=(-7.501, 2.623, 1.684) error=1.584 m / 0.000 rad; RMS=0.186 m / 0.041 rad max=1.321 m / 0.162 rad samples=6320
[gpu_amcl_cpp_node-6] [INFO] [1789004006.853157590] [gpu_amcl_cpp]: AMCL local correction: odom_prediction=(-6.142, 2.464, 1.642) scan=(-6.142, 2.460, 1.643) correction=0.004 m/0.001 rad cluster_weight=0.961 publish=true
[gpu_amcl_cpp_node-6] [INFO] [1789004006.948869640] [gpu_amcl_cpp]: Received LiDAR callback #3187 (1081 ranges).
[gpu_amcl_cpp_node-6] [INFO] [1789004006.948937538] [gpu_amcl_cpp]: Starting AMCL scan update #3187 (sampled from 1081 ranges).
[gpu_amcl_cpp_node-6] [INFO] [1789004006.949774061] [gpu_amcl_cpp]: AMCL scan update #3187 completed; evaluating pose confidence.
[gpu_amcl_cpp_node-6] [INFO] [1789004007.099963711] [gpu_amcl_cpp]: AMCL odom delta: at_scan=(-1.349, -8.368, 3.068) baseline=(-1.107, -8.382, 3.097) delta=(-0.242, 0.014, -0.029) moved=true scan_age=0.048s
[component_container-9] [INFO] [1789004007.649975920] [pure_pursuit_node]: Pure Pursuit: pose=(-5.614, 5.983, 1.152) cte=-0.010 closest=2117 target=2162 path_dist=0.010 heading_err=-0.032 steer=-0.114 speed=2.856
[ground_truth_amcl_monitor-7] [INFO] [1789004007.706611721] [ground_truth_amcl_monitor]: AMCL vs GT: gt=(-5.607, 6.066) amcl=(-5.603, 6.014) error=0.052 m / 0.000 rad; current_map=(-5.607, 6.002, 1.138) error=0.064 m / 0.000 rad; odom=(-7.021, 6.779, 1.138) error=1.583 m / 0.000 rad; ekf=(-7.021, 6.779, 1.138) error=1.583 m / 0.000 rad; RMS=0.186 m / 0.041 rad max=1.321 m / 0.162 rad samples=6361
[gpu_amcl_cpp_node-6] [INFO] [1789004007.854334481] [gpu_amcl_cpp]: AMCL local correction: odom_prediction=(-5.405, 6.386, 1.010) scan=(-5.408, 6.387, 1.022) correction=0.003 m/0.012 rad cluster_weight=0.995 publish=true
[gpu_amcl_cpp_node-6] [INFO] [1789004008.101417442] [gpu_amcl_cpp]: AMCL odom delta: at_scan=(-4.537, -7.179, 2.310) baseline=(-4.436, -7.282, 2.380) delta=(-0.100, 0.103, -0.070) moved=true scan_age=0.050s
[component_container-9] [INFO] [1789004008.699062997] [pure_pursuit_node]: Pure Pursuit: pose=(-3.091, 7.617, -0.069) cte=-0.030 closest=2277 target=2324 path_dist=0.030 heading_err=-0.006 steer=-0.159 speed=3.471
[ground_truth_amcl_monitor-7] [INFO] [1789004008.751971947] [ground_truth_amcl_monitor]: AMCL vs GT: gt=(-3.063, 7.639) amcl=(-3.246, 7.629) error=0.183 m / 0.069 rad; current_map=(-3.074, 7.622, -0.077) error=0.020 m / 0.000 rad; odom=(-4.450, 8.361, -0.077) error=1.564 m / 0.000 rad; ekf=(-4.450, 8.361, -0.077) error=1.564 m / 0.000 rad; RMS=0.186 m / 0.041 rad max=1.321 m / 0.162 rad samples=6402
[gpu_amcl_cpp_node-6] [INFO] [1789004008.902957735] [gpu_amcl_cpp]: AMCL local correction: odom_prediction=(-2.579, 7.544, -0.311) scan=(-2.589, 7.558, -0.297) correction=0.017 m/0.015 rad cluster_weight=0.973 publish=true
[gpu_amcl_cpp_node-6] [INFO] [1789004009.101957154] [gpu_amcl_cpp]: AMCL odom delta: at_scan=(-4.794, -4.079, 1.024) baseline=(-4.893, -4.254, 1.088) delta=(0.099, 0.175, -0.064) moved=true scan_age=0.048s
[component_container-9] [INFO] [1789004009.749677667] [pure_pursuit_node]: Pure Pursuit: pose=(0.040, 4.734, -1.146) cte=-0.012 closest=2499 target=2552 path_dist=0.012 heading_err=0.003 steer=-0.031 speed=6.123
[ground_truth_amcl_monitor-7] [INFO] [1789004009.752117857] [ground_truth_amcl_monitor]: AMCL vs GT: gt=(-0.074, 4.963) amcl=(-0.200, 5.222) error=0.288 m / 0.026 rad; current_map=(-0.074, 4.971, -1.120) error=0.008 m / 0.000 rad; odom=(-1.409, 5.611, -1.120) error=1.484 m / 0.000 rad; ekf=(-1.409, 5.611, -1.120) error=1.484 m / 0.000 rad; RMS=0.185 m / 0.041 rad max=1.321 m / 0.162 rad samples=6442
[gpu_amcl_cpp_node-6] [INFO] [1789004009.904927316] [gpu_amcl_cpp]: AMCL local correction: odom_prediction=(0.263, 4.195, -1.199) scan=(0.258, 4.203, -1.202) correction=0.010 m/0.003 rad cluster_weight=0.956 publish=true
[gpu_amcl_cpp_node-6] [INFO] [1789004010.103055816] [gpu_amcl_cpp]: AMCL odom delta: at_scan=(-0.427, -1.435, 0.318) baseline=(-0.751, -1.542, 0.318) delta=(0.324, 0.107, -0.000) moved=true scan_age=0.051s
[gpu_amcl_cpp_node-6] [WARN] [1789004010.604032071] [gpu_amcl_cpp]: No local AMCL cluster near odometry prediction; using causal odometry pose.
[ground_truth_amcl_monitor-7] [INFO] [1789004010.754993864] [ground_truth_amcl_monitor]: AMCL vs GT: gt=(1.556, -1.208) amcl=(1.537, -1.182) error=0.032 m / 0.000 rad; current_map=(1.519, -1.147, -1.520) error=0.071 m / 0.000 rad; odom=(0.251, -0.709, -1.520) error=1.398 m / 0.000 rad; ekf=(0.251, -0.709, -1.520) error=1.398 m / 0.000 rad; RMS=0.186 m / 0.041 rad max=1.321 m / 0.162 rad samples=6483
[component_container-9] [INFO] [1789004010.799508062] [pure_pursuit_node]: Pure Pursuit: pose=(1.508, -1.676, -1.664) cte=-0.149 closest=243 target=294 path_dist=0.149 heading_err=0.066 steer=-0.056 speed=4.599
[gpu_amcl_cpp_node-6] [INFO] [1789004010.956724590] [gpu_amcl_cpp]: AMCL local correction: odom_prediction=(1.488, -2.165, -1.780) scan=(1.495, -2.158, -1.769) correction=0.010 m/0.011 rad cluster_weight=0.957 publish=true
[gpu_amcl_cpp_node-6] [INFO] [1789004011.151026282] [gpu_amcl_cpp]: AMCL odom delta: at_scan=(5.791, -0.817, -0.157) baseline=(5.542, -0.776, -0.168) delta=(0.248, -0.041, 0.011) moved=true scan_age=0.048s
[ground_truth_amcl_monitor-7] [INFO] [1789004011.755503818] [ground_truth_amcl_monitor]: AMCL vs GT: gt=(0.740, -6.277) amcl=(0.767, -6.180) error=0.101 m / 0.000 rad; current_map=(0.763, -6.188, -1.818) error=0.092 m / 0.000 rad; odom=(-0.590, -5.862, -1.818) error=1.394 m / 0.000 rad; ekf=(-0.590, -5.862, -1.818) error=1.394 m / 0.000 rad; RMS=0.186 m / 0.041 rad max=1.321 m / 0.162 rad samples=6523
[component_container-9] [INFO] [1789004011.849685579] [pure_pursuit_node]: Pure Pursuit: pose=(0.637, -6.770, -1.772) cte=-0.030 closest=500 target=549 path_dist=0.030 heading_err=-0.024 steer=-0.058 speed=4.046
[gpu_amcl_cpp_node-6] [INFO] [1789004011.953896756] [gpu_amcl_cpp]: Received LiDAR callback #3287 (1081 ranges).
[gpu_amcl_cpp_node-6] [INFO] [1789004011.954005351] [gpu_amcl_cpp]: Starting AMCL scan update #3287 (sampled from 1081 ranges).
[gpu_amcl_cpp_node-6] [INFO] [1789004011.955414251] [gpu_amcl_cpp]: AMCL scan update #3287 completed; evaluating pose confidence.
[gpu_amcl_cpp_node-6] [INFO] [1789004011.957315217] [gpu_amcl_cpp]: AMCL local correction: odom_prediction=(0.592, -6.958, -1.798) scan=(0.595, -6.968, -1.787) correction=0.010 m/0.012 rad cluster_weight=0.970 publish=true
[gpu_amcl_cpp_node-6] [INFO] [1789004012.159283260] [gpu_amcl_cpp]: AMCL odom delta: at_scan=(10.579, -1.784, -0.279) baseline=(10.385, -1.727, -0.300) delta=(0.193, -0.058, 0.021) moved=true scan_age=0.051s
[ground_truth_amcl_monitor-7] [INFO] [1789004012.776598044] [ground_truth_amcl_monitor]: AMCL vs GT: gt=(-0.279, -9.509) amcl=(-0.187, -9.370) error=0.167 m / 0.057 rad; current_map=(-0.254, -9.471, -2.187) error=0.046 m / 0.000 rad; odom=(-1.548, -8.998, -2.130) error=1.368 m / 0.057 rad; ekf=(-1.548, -8.998, -2.130) error=1.368 m / 0.057 rad; RMS=0.186 m / 0.041 rad max=1.321 m / 0.162 rad samples=6562
[component_container-9] [INFO] [1789004012.873661456] [pure_pursuit_node]: Pure Pursuit: pose=(-0.487, -9.742, -2.405) cte=-0.016 closest=660 target=705 path_dist=0.016 heading_err=0.085 steer=-0.221 speed=2.490
[gpu_amcl_cpp_node-6] [INFO] [1789004012.979157980] [gpu_amcl_cpp]: AMCL local correction: odom_prediction=(-0.574, -9.827, -2.480) scan=(-0.570, -9.826, -2.455) correction=0.004 m/0.025 rad cluster_weight=0.999 publish=true
[gpu_amcl_cpp_node-6] [INFO] [1789004013.175773846] [gpu_amcl_cpp]: AMCL odom delta: at_scan=(12.845, -3.182, -1.260) baseline=(12.802, -3.067, -1.166) delta=(0.043, -0.115, -0.094) moved=true scan_age=0.049s
[ground_truth_amcl_monitor-7] [INFO] [1789004013.781228129] [ground_truth_amcl_monitor]: AMCL vs GT: gt=(-2.369, -9.718) amcl=(-2.378, -9.683) error=0.036 m / 0.000 rad; current_map=(-2.382, -9.674, 2.322) error=0.045 m / 0.000 rad; odom=(-3.752, -9.303, 2.322) error=1.444 m / 0.000 rad; ekf=(-3.752, -9.303, 2.322) error=1.444 m / 0.000 rad; RMS=0.186 m / 0.041 rad max=1.321 m / 0.162 rad samples=6603
[component_container-9] [INFO] [1789004013.873993896] [pure_pursuit_node]: Pure Pursuit: pose=(-2.613, -9.372, 2.115) cte=-0.049 closest=784 target=829 path_dist=0.049 heading_err=0.006 steer=-0.109 speed=3.267
[gpu_amcl_cpp_node-6] [INFO] [1789004014.028385440] [gpu_amcl_cpp]: AMCL local correction: odom_prediction=(-2.759, -9.101, 2.011) scan=(-2.752, -9.127, 2.025) correction=0.026 m/0.014 rad cluster_weight=0.969 publish=true
[gpu_amcl_cpp_node-6] [INFO] [1789004014.175915317] [gpu_amcl_cpp]: AMCL odom delta: at_scan=(11.390, -5.126, -2.838) baseline=(11.560, -5.068, -2.793) delta=(-0.170, -0.058, -0.045) moved=true scan_age=0.050s
[ground_truth_amcl_monitor-7] [INFO] [1789004014.826083083] [ground_truth_amcl_monitor]: AMCL vs GT: gt=(-3.084, -5.835) amcl=(-3.104, -6.108) error=0.274 m / 0.036 rad; current_map=(-3.069, -5.856, 1.413) error=0.026 m / 0.000 rad; odom=(-4.467, -5.358, 1.413) error=1.463 m / 0.000 rad; ekf=(-4.467, -5.358, 1.413) error=1.463 m / 0.000 rad; RMS=0.186 m / 0.041 rad max=1.321 m / 0.162 rad samples=6644
[component_container-9] [INFO] [1789004014.876333081] [pure_pursuit_node]: Pure Pursuit: pose=(-2.969, -5.362, 1.329) cte=-0.000 closest=989 target=1040 path_dist=0.000 heading_err=0.005 steer=-0.012 speed=5.010
[gpu_amcl_cpp_node-6] [INFO] [1789004015.077208288] [gpu_amcl_cpp]: AMCL local correction: odom_prediction=(-2.779, -4.651, 1.294) scan=(-2.792, -4.659, 1.282) correction=0.014 m/0.012 rad cluster_weight=0.934 publish=true
[gpu_amcl_cpp_node-6] [INFO] [1789004015.177608066] [gpu_amcl_cpp]: AMCL odom delta: at_scan=(6.796, -4.834, 2.885) baseline=(7.050, -4.901, 2.881) delta=(-0.253, 0.067, 0.004) moved=true scan_age=0.051s
[ground_truth_amcl_monitor-7] [INFO] [1789004015.827083259] [ground_truth_amcl_monitor]: AMCL vs GT: gt=(-1.712, -0.674) amcl=(-1.779, -0.930) error=0.264 m / 0.045 rad; current_map=(-1.711, -0.691, 1.317) error=0.016 m / 0.000 rad; odom=(-3.081, -0.149, 1.317) error=1.467 m / 0.000 rad; ekf=(-3.081, -0.149, 1.317) error=1.467 m / 0.000 rad; RMS=0.186 m / 0.041 rad max=1.321 m / 0.162 rad samples=6684
[component_container-9] [INFO] [1789004015.924085054] [pure_pursuit_node]: Pure Pursuit: pose=(-1.589, -0.033, 1.429) cte=-0.024 closest=1265 target=1314 path_dist=0.024 heading_err=-0.065 steer=-0.065 speed=3.899
[gpu_amcl_cpp_node-6] [INFO] [1789004016.079909253] [gpu_amcl_cpp]: AMCL local correction: odom_prediction=(-1.507, 0.337, 1.312) scan=(-1.504, 0.343, 1.308) correction=0.007 m/0.004 rad cluster_weight=0.933 publish=true
[gpu_amcl_cpp_node-6] [INFO] [1789004016.226243481] [gpu_amcl_cpp]: AMCL odom delta: at_scan=(1.768, -3.563, 2.986) baseline=(1.949, -3.597, 2.921) delta=(-0.181, 0.034, 0.065) moved=true scan_age=0.050s
[gpu_amcl_cpp_node-6] [WARN] [1789004016.375298025] [gpu_amcl_cpp]: Queued LiDAR scan until source-time odometry arrives (queued=1).
[ground_truth_amcl_monitor-7] [INFO] [1789004016.828000659] [ground_truth_amcl_monitor]: AMCL vs GT: gt=(-1.313, 2.733) amcl=(-1.276, 2.627) error=0.112 m / 0.038 rad; current_map=(-1.294, 2.739, 1.749) error=0.019 m / 0.000 rad; odom=(-2.693, 3.196, 1.749) error=1.456 m / 0.000 rad; ekf=(-2.693, 3.196, 1.749) error=1.456 m / 0.000 rad; RMS=0.185 m / 0.041 rad max=1.321 m / 0.162 rad samples=6724
[component_container-9] [INFO] [1789004016.926936602] [pure_pursuit_node]: Pure Pursuit: pose=(-1.356, 2.988, 1.888) cte=0.020 closest=1417 target=1460 path_dist=0.020 heading_err=-0.021 steer=0.162 speed=1.924
[gpu_amcl_cpp_node-6] [INFO] [1789004016.976760789] [gpu_amcl_cpp]: Received LiDAR callback #3388 (1081 ranges).
[gpu_amcl_cpp_node-6] [INFO] [1789004016.976817546] [gpu_amcl_cpp]: Starting AMCL scan update #3388 (sampled from 1081 ranges).
[gpu_amcl_cpp_node-6] [INFO] [1789004016.977912195] [gpu_amcl_cpp]: AMCL scan update #3388 completed; evaluating pose confidence.
[gpu_amcl_cpp_node-6] [INFO] [1789004017.128481610] [gpu_amcl_cpp]: AMCL local correction: odom_prediction=(-1.463, 3.254, 2.036) scan=(-1.462, 3.248, 2.023) correction=0.007 m/0.013 rad cluster_weight=0.983 publish=true
[gpu_amcl_cpp_node-6] [INFO] [1789004017.274971279] [gpu_amcl_cpp]: AMCL odom delta: at_scan=(-0.790, -3.818, -2.453) baseline=(-0.714, -3.761, -2.538) delta=(-0.076, -0.057, 0.085) moved=true scan_age=0.049s
[ground_truth_amcl_monitor-7] [INFO] [1789004017.832034060] [ground_truth_amcl_monitor]: AMCL vs GT: gt=(-2.473, 3.796) amcl=(-2.475, 3.838) error=0.042 m / 0.000 rad; current_map=(-2.484, 3.839, -2.907) error=0.044 m / 0.000 rad; odom=(-3.916, 4.283, -2.907) error=1.522 m / 0.000 rad; ekf=(-3.916, 4.283, -2.907) error=1.522 m / 0.000 rad; RMS=0.185 m / 0.041 rad max=1.321 m / 0.162 rad samples=6765
[component_container-9] [INFO] [1789004017.974530127] [pure_pursuit_node]: Pure Pursuit: pose=(-2.792, 3.687, -2.465) cte=0.023 closest=1513 target=1556 path_dist=0.023 heading_err=0.044 steer=0.349 speed=2.050
[gpu_amcl_cpp_node-6] [INFO] [1789004018.130251383] [gpu_amcl_cpp]: AMCL local correction: odom_prediction=(-2.910, 3.522, -2.256) scan=(-2.889, 3.519, -2.270) correction=0.021 m/0.013 rad cluster_weight=0.967 publish=true
[gpu_amcl_cpp_node-6] [INFO] [1789004018.275030054] [gpu_amcl_cpp]: AMCL odom delta: at_scan=(-0.562, -5.345, -0.423) baseline=(-0.657, -5.297, -0.505) delta=(0.095, -0.047, 0.081) moved=true scan_age=0.048s
[ground_truth_amcl_monitor-7] [INFO] [1789004018.874367370] [ground_truth_amcl_monitor]: AMCL vs GT: gt=(-3.309, 1.576) amcl=(-3.281, 1.733) error=0.160 m / 0.003 rad; current_map=(-3.295, 1.566, -1.655) error=0.018 m / 0.000 rad; odom=(-4.785, 2.189, -1.653) error=1.598 m / 0.003 rad; ekf=(-4.785, 2.189, -1.653) error=1.598 m / 0.003 rad; RMS=0.185 m / 0.041 rad max=1.321 m / 0.162 rad samples=6806
[component_container-9] [INFO] [1789004019.025445130] [pure_pursuit_node]: Pure Pursuit: pose=(-3.375, 0.932, -1.760) cte=0.021 closest=1655 target=1702 path_dist=0.021 heading_err=0.010 steer=-0.127 speed=2.292
[gpu_amcl_cpp_node-6] [INFO] [1789004019.178645263] [gpu_amcl_cpp]: AMCL local correction: odom_prediction=(-3.428, 0.738, -1.865) scan=(-3.433, 0.722, -1.844) correction=0.017 m/0.021 rad cluster_weight=0.980 publish=true
[gpu_amcl_cpp_node-6] [INFO] [1789004019.276854741] [gpu_amcl_cpp]: AMCL odom delta: at_scan=(2.192, -5.799, -0.364) baseline=(2.111, -5.769, -0.335) delta=(0.081, -0.030, -0.029) moved=true scan_age=0.051s
[ground_truth_amcl_monitor-7] [INFO] [1789004019.875572110] [ground_truth_amcl_monitor]: AMCL vs GT: gt=(-4.250, -0.398) amcl=(-4.133, -0.363) error=0.122 m / 0.080 rad; current_map=(-4.218, -0.406, -2.713) error=0.032 m / 0.000 rad; odom=(-5.749, 0.068, -2.713) error=1.571 m / 0.000 rad; ekf=(-5.749, 0.068, -2.713) error=1.571 m / 0.000 rad; RMS=0.184 m / 0.041 rad max=1.321 m / 0.162 rad samples=6846
[component_container-9] [INFO] [1789004020.026131956] [pure_pursuit_node]: Pure Pursuit: pose=(-4.587, -0.509, -3.083) cte=-0.037 closest=1756 target=1799 path_dist=0.037 heading_err=0.118 steer=-0.350 speed=1.900
[gpu_amcl_cpp_node-6] [INFO] [1789004020.179015664] [gpu_amcl_cpp]: AMCL local correction: odom_prediction=(-4.763, -0.504, 3.005) scan=(-4.760, -0.500, 3.031) correction=0.005 m/0.027 rad cluster_weight=0.982 publish=true
[gpu_amcl_cpp_node-6] [INFO] [1789004020.326356835] [gpu_amcl_cpp]: AMCL odom delta: at_scan=(3.098, -7.383, -1.989) baseline=(3.133, -7.292, -1.897) delta=(-0.035, -0.090, -0.091) moved=true scan_age=0.050s
[ground_truth_amcl_monitor-7] [INFO] [1789004020.877973180] [ground_truth_amcl_monitor]: AMCL vs GT: gt=(-5.829, 0.573) amcl=(-5.757, 0.420) error=0.169 m / 0.052 rad; current_map=(-5.812, 0.566, 1.901) error=0.019 m / 0.000 rad; odom=(-7.371, 1.057, 1.901) error=1.616 m / 0.000 rad; ekf=(-7.371, 1.057, 1.901) error=1.616 m / 0.000 rad; RMS=0.184 m / 0.041 rad max=1.321 m / 0.162 rad samples=6886
[component_container-9] [INFO] [1789004021.032011109] [pure_pursuit_node]: Pure Pursuit: pose=(-5.981, 1.213, 1.759) cte=-0.042 closest=1875 target=1922 path_dist=0.042 heading_err=0.044 steer=-0.037 speed=4.056
[gpu_amcl_cpp_node-6] [INFO] [1789004021.203378828] [gpu_amcl_cpp]: AMCL local correction: odom_prediction=(-6.059, 1.647, 1.709) scan=(-6.060, 1.657, 1.708) correction=0.010 m/0.001 rad cluster_weight=0.954 publish=true
[gpu_amcl_cpp_node-6] [INFO] [1789004021.349938850] [gpu_amcl_cpp]: AMCL odom delta: at_scan=(0.351, -8.488, -3.058) baseline=(0.573, -8.468, -3.041) delta=(-0.223, -0.021, -0.017) moved=true scan_age=0.049s
[ground_truth_amcl_monitor-7] [INFO] [1789004021.901301327] [ground_truth_amcl_monitor]: AMCL vs GT: gt=(-6.030, 4.875) amcl=(-6.065, 4.572) error=0.305 m / 0.057 rad; current_map=(-6.025, 4.794, 1.361) error=0.081 m / 0.000 rad; odom=(-7.570, 5.400, 1.361) error=1.627 m / 0.000 rad; ekf=(-7.570, 5.400, 1.361) error=1.627 m / 0.000 rad; RMS=0.184 m / 0.041 rad max=1.321 m / 0.162 rad samples=6926
[gpu_amcl_cpp_node-6] [INFO] [1789004022.001296323] [gpu_amcl_cpp]: Received LiDAR callback #3488 (1081 ranges).
[gpu_amcl_cpp_node-6] [INFO] [1789004022.001358490] [gpu_amcl_cpp]: Starting AMCL scan update #3488 (sampled from 1081 ranges).
[gpu_amcl_cpp_node-6] [INFO] [1789004022.001934945] [gpu_amcl_cpp]: AMCL scan update #3488 completed; evaluating pose confidence.
[component_container-9] [INFO] [1789004022.049219063] [pure_pursuit_node]: Pure Pursuit: pose=(-5.766, 5.608, 1.182) cte=-0.001 closest=2097 target=2146 path_dist=0.001 heading_err=0.024 steer=-0.050 speed=2.910
[gpu_amcl_cpp_node-6] [INFO] [1789004022.203779686] [gpu_amcl_cpp]: AMCL local correction: odom_prediction=(-5.640, 5.942, 1.161) scan=(-5.629, 5.968, 1.172) correction=0.028 m/0.010 rad cluster_weight=0.993 publish=true
[gpu_amcl_cpp_node-6] [INFO] [1789004022.350019475] [gpu_amcl_cpp]: AMCL odom delta: at_scan=(-3.705, -7.806, 2.585) baseline=(-3.605, -7.865, 2.635) delta=(-0.100, 0.059, -0.050) moved=true scan_age=0.048s
[ground_truth_amcl_monitor-7] [INFO] [1789004022.902247370] [ground_truth_amcl_monitor]: AMCL vs GT: gt=(-4.315, 7.431) amcl=(-4.482, 7.330) error=0.195 m / 0.061 rad; current_map=(-4.339, 7.398, 0.414) error=0.040 m / 0.000 rad; odom=(-5.873, 7.891, 0.414) error=1.625 m / 0.000 rad; ekf=(-5.873, 7.891, 0.414) error=1.625 m / 0.000 rad; RMS=0.184 m / 0.041 rad max=1.321 m / 0.162 rad samples=6964
[component_container-9] [INFO] [1789004023.098934809] [pure_pursuit_node]: Pure Pursuit: pose=(-3.557, 7.601, 0.081) cte=-0.022 closest=2254 target=2301 path_dist=0.022 heading_err=0.030 steer=-0.121 speed=3.471
[gpu_amcl_cpp_node-6] [INFO] [1789004023.254421834] [gpu_amcl_cpp]: AMCL local correction: odom_prediction=(-3.208, 7.623, -0.039) scan=(-3.193, 7.626, -0.024) correction=0.016 m/0.016 rad cluster_weight=0.977 publish=true
[gpu_amcl_cpp_node-6] [INFO] [1789004023.350341273] [gpu_amcl_cpp]: AMCL odom delta: at_scan=(-4.902, -5.190, 1.391) baseline=(-4.926, -5.358, 1.464) delta=(0.024, 0.169, -0.073) moved=true scan_age=0.050s
[ground_truth_amcl_monitor-7] [INFO] [1789004023.902739369] [ground_truth_amcl_monitor]: AMCL vs GT: gt=(-1.088, 6.539) amcl=(-1.240, 6.719) error=0.236 m / 0.046 rad; current_map=(-1.087, 6.551, -0.855) error=0.012 m / 0.000 rad; odom=(-2.760, 7.140, -0.809) error=1.777 m / 0.046 rad; ekf=(-2.760, 7.140, -0.809) error=1.777 m / 0.046 rad; RMS=0.184 m / 0.041 rad max=1.321 m / 0.162 rad samples=7004
[component_container-9] [INFO] [1789004024.148874006] [pure_pursuit_node]: Pure Pursuit: pose=(-0.288, 5.388, -1.118) cte=-0.010 closest=2463 target=2514 path_dist=0.010 heading_err=0.048 steer=0.010 speed=5.685
[gpu_amcl_cpp_node-6] [INFO] [1789004024.303686251] [gpu_amcl_cpp]: AMCL local correction: odom_prediction=(-0.057, 4.906, -1.134) scan=(-0.070, 4.923, -1.143) correction=0.021 m/0.009 rad cluster_weight=0.948 publish=true
[gpu_amcl_cpp_node-6] [INFO] [1789004024.351069987] [gpu_amcl_cpp]: AMCL odom delta: at_scan=(-1.861, -2.228, 0.462) baseline=(-2.118, -2.352, 0.437) delta=(0.257, 0.124, 0.025) moved=true scan_age=0.050s
[ground_truth_amcl_monitor-7] [INFO] [1789004024.903251655] [ground_truth_amcl_monitor]: AMCL vs GT: gt=(1.076, 1.704) amcl=(0.986, 1.999) error=0.309 m / 0.063 rad; current_map=(1.057, 1.715, -1.357) error=0.022 m / 0.000 rad; odom=(-0.472, 2.294, -1.294) error=1.657 m / 0.063 rad; ekf=(-0.472, 2.294, -1.294) error=1.657 m / 0.063 rad; RMS=0.184 m / 0.041 rad max=1.321 m / 0.162 rad samples=7044
[gpu_amcl_cpp_node-6] [WARN] [1789004024.906326890] [gpu_amcl_cpp]: No local AMCL cluster near odometry prediction; using causal odometry pose.
[component_container-9] [INFO] [1789004025.149643355] [pure_pursuit_node]: Pure Pursuit: pose=(1.303, 0.192, -1.380) cte=-0.024 closest=149 target=202 path_dist=0.024 heading_err=-0.075 steer=-0.112 speed=4.970
[gpu_amcl_cpp_node-6] [INFO] [1789004025.303810998] [gpu_amcl_cpp]: AMCL local correction: odom_prediction=(1.343, -0.341, -1.505) scan=(1.340, -0.488, -1.484) correction=0.147 m/0.021 rad cluster_weight=0.904 publish=true
[gpu_amcl_cpp_node-6] [INFO] [1789004025.399859320] [gpu_amcl_cpp]: AMCL odom delta: at_scan=(3.756, -0.875, 0.001) baseline=(3.496, -0.877, 0.016) delta=(0.260, 0.002, -0.014) moved=true scan_age=0.048s
[ground_truth_amcl_monitor-7] [INFO] [1789004025.906336300] [ground_truth_amcl_monitor]: AMCL vs GT: gt=(1.270, -3.303) amcl=(1.281, -3.304) error=0.011 m / 0.000 rad; current_map=(1.278, -3.329, -1.729) error=0.027 m / 0.000 rad; odom=(-0.210, -3.151, -1.729) error=1.487 m / 0.000 rad; ekf=(-0.210, -3.151, -1.729) error=1.487 m / 0.000 rad; RMS=0.184 m / 0.041 rad max=1.321 m / 0.162 rad samples=7085
[component_container-9] [INFO] [1789004026.150517713] [pure_pursuit_node]: Pure Pursuit: pose=(0.997, -4.881, -1.753) cte=-0.001 closest=404 target=457 path_dist=0.001 heading_err=0.005 steer=-0.019 speed=5.788
[gpu_amcl_cpp_node-6] [INFO] [1789004026.305552246] [gpu_amcl_cpp]: AMCL local correction: odom_prediction=(0.877, -5.425, -1.758) scan=(0.879, -5.357, -1.753) correction=0.068 m/0.005 rad cluster_weight=0.946 publish=true
[gpu_amcl_cpp_node-6] [INFO] [1789004026.399877837] [gpu_amcl_cpp]: AMCL odom delta: at_scan=(9.041, -1.533, -0.183) baseline=(8.796, -1.489, -0.172) delta=(0.245, -0.044, -0.010) moved=true scan_age=0.049s
[ground_truth_amcl_monitor-7] [INFO] [1789004026.927111674] [ground_truth_amcl_monitor]: AMCL vs GT: gt=(0.370, -7.853) amcl=(0.394, -7.778) error=0.079 m / 0.000 rad; current_map=(0.331, -8.034, -1.832) error=0.185 m / 0.037 rad; odom=(-1.120, -7.747, -1.796) error=1.494 m / 0.000 rad; ekf=(-1.120, -7.747, -1.796) error=1.494 m / 0.000 rad; RMS=0.184 m / 0.041 rad max=1.321 m / 0.162 rad samples=7124
[gpu_amcl_cpp_node-6] [INFO] [1789004027.026985743] [gpu_amcl_cpp]: Received LiDAR callback #3587 (1081 ranges).
[gpu_amcl_cpp_node-6] [INFO] [1789004027.027043501] [gpu_amcl_cpp]: Starting AMCL scan update #3587 (sampled from 1081 ranges).
[gpu_amcl_cpp_node-6] [INFO] [1789004027.028161705] [gpu_amcl_cpp]: AMCL scan update #3587 completed; evaluating pose confidence.
[component_container-9] [INFO] [1789004027.173659799] [pure_pursuit_node]: Pure Pursuit: pose=(0.063, -8.899, -1.920) cte=-0.056 closest=610 target=655 path_dist=0.056 heading_err=-0.050 steer=-0.201 speed=2.549
[gpu_amcl_cpp_node-6] [INFO] [1789004027.329386384] [gpu_amcl_cpp]: AMCL local correction: odom_prediction=(-0.036, -9.137, -2.027) scan=(-0.034, -9.146, -2.014) correction=0.009 m/0.013 rad cluster_weight=0.993 publish=true
[gpu_amcl_cpp_node-6] [INFO] [1789004027.425966646] [gpu_amcl_cpp]: AMCL odom delta: at_scan=(12.395, -2.454, -0.553) baseline=(12.287, -2.392, -0.496) delta=(0.107, -0.062, -0.057) moved=true scan_age=0.050s
[ground_truth_amcl_monitor-7] [INFO] [1789004027.930895675] [ground_truth_amcl_monitor]: AMCL vs GT: gt=(-1.072, -10.119) amcl=(-0.913, -10.053) error=0.172 m / 0.094 rad; current_map=(-1.034, -10.092, -2.873) error=0.046 m / 0.000 rad; odom=(-2.567, -9.970, -2.873) error=1.503 m / 0.000 rad; ekf=(-2.567, -9.970, -2.873) error=1.503 m / 0.000 rad; RMS=0.184 m / 0.041 rad max=1.321 m / 0.162 rad samples=7164
[component_container-9] [INFO] [1789004028.200075463] [pure_pursuit_node]: Pure Pursuit: pose=(-1.796, -10.071, 2.812) cte=-0.034 closest=730 target=775 path_dist=0.034 heading_err=0.002 steer=-0.267 speed=2.554
[gpu_amcl_cpp_node-6] [INFO] [1789004028.358239934] [gpu_amcl_cpp]: AMCL local correction: odom_prediction=(-2.051, -9.955, 2.609) scan=(-2.056, -9.945, 2.633) correction=0.011 m/0.024 rad cluster_weight=0.990 publish=true
[gpu_amcl_cpp_node-6] [INFO] [1789004028.457436508] [gpu_amcl_cpp]: AMCL odom delta: at_scan=(12.845, -4.574, -2.287) baseline=(12.923, -4.475, -2.195) delta=(-0.078, -0.098, -0.092) moved=true scan_age=0.053s
[ground_truth_amcl_monitor-7] [INFO] [1789004028.952747453] [ground_truth_amcl_monitor]: AMCL vs GT: gt=(-2.971, -8.567) amcl=(-2.900, -8.770) error=0.215 m / 0.063 rad; current_map=(-2.978, -8.534, 1.861) error=0.034 m / 0.000 rad; odom=(-4.504, -8.386, 1.861) error=1.543 m / 0.000 rad; ekf=(-4.504, -8.386, 1.861) error=1.543 m / 0.000 rad; RMS=0.183 m / 0.041 rad max=1.321 m / 0.162 rad samples=7202
[component_container-9] [INFO] [1789004029.222951007] [pure_pursuit_node]: Pure Pursuit: pose=(-3.160, -7.276, 1.639) cte=-0.006 closest=893 target=942 path_dist=0.006 heading_err=-0.029 steer=-0.082 speed=4.912
[gpu_amcl_cpp_node-6] [INFO] [1789004029.383486348] [gpu_amcl_cpp]: AMCL local correction: odom_prediction=(-3.166, -6.816, 1.551) scan=(-3.174, -6.852, 1.566) correction=0.036 m/0.016 rad cluster_weight=0.990 publish=true
[gpu_amcl_cpp_node-6] [INFO] [1789004029.485166905] [gpu_amcl_cpp]: AMCL odom delta: at_scan=(9.197, -5.468, 3.005) baseline=(9.471, -5.499, 3.052) delta=(-0.273, 0.031, -0.047) moved=true scan_age=0.051s
[ground_truth_amcl_monitor-7] [INFO] [1789004029.955601944] [ground_truth_amcl_monitor]: AMCL vs GT: gt=(-2.655, -4.153) amcl=(-2.647, -4.154) error=0.008 m / 0.000 rad; current_map=(-2.641, -4.131, 1.245) error=0.026 m / 0.000 rad; odom=(-4.160, -3.844, 1.245) error=1.536 m / 0.000 rad; ekf=(-4.160, -3.844, 1.245) error=1.536 m / 0.000 rad; RMS=0.183 m / 0.041 rad max=1.321 m / 0.162 rad samples=7241
[component_container-9] [INFO] [1789004030.249344869] [pure_pursuit_node]: Pure Pursuit: pose=(-2.090, -2.305, 1.264) cte=0.026 closest=1148 target=1202 path_dist=0.026 heading_err=0.047 steer=0.056 speed=6.051
[gpu_amcl_cpp_node-6] [INFO] [1789004030.407563763] [gpu_amcl_cpp]: AMCL local correction: odom_prediction=(-1.946, -1.737, 1.374) scan=(-1.928, -1.720, 1.351) correction=0.024 m/0.023 rad cluster_weight=0.921 publish=true
[gpu_amcl_cpp_node-6] [INFO] [1789004030.504125340] [gpu_amcl_cpp]: AMCL odom delta: at_scan=(3.905, -4.117, 2.923) baseline=(4.161, -4.169, 2.955) delta=(-0.256, 0.053, -0.032) moved=true scan_age=0.050s
[ground_truth_amcl_monitor-7] [INFO] [1789004030.960182502] [ground_truth_amcl_monitor]: AMCL vs GT: gt=(-1.425, 0.726) amcl=(-1.467, 0.531) error=0.199 m / 0.033 rad; current_map=(-1.422, 0.723, 1.325) error=0.004 m / 0.000 rad; odom=(-2.901, 1.128, 1.325) error=1.531 m / 0.000 rad; ekf=(-2.901, 1.128, 1.325) error=1.531 m / 0.000 rad; RMS=0.183 m / 0.041 rad max=1.321 m / 0.162 rad samples=7280
[component_container-9] [INFO] [1789004031.281095739] [pure_pursuit_node]: Pure Pursuit: pose=(-1.248, 2.051, 1.476) cte=0.014 closest=1370 target=1417 path_dist=0.014 heading_err=0.070 steer=0.207 speed=2.805
[gpu_amcl_cpp_node-6] [WARN] [1789004031.334655332] [gpu_amcl_cpp]: Queued LiDAR scan until source-time odometry arrives (queued=1).
[gpu_amcl_cpp_node-6] [INFO] [1789004031.453982535] [gpu_amcl_cpp]: AMCL local correction: odom_prediction=(-1.240, 2.427, 1.642) scan=(-1.235, 2.430, 1.617) correction=0.006 m/0.025 rad cluster_weight=0.969 publish=true
[gpu_amcl_cpp_node-6] [INFO] [1789004031.552060915] [gpu_amcl_cpp]: AMCL odom delta: at_scan=(0.117, -3.574, -2.928) baseline=(0.227, -3.554, -2.986) delta=(-0.110, -0.021, 0.058) moved=true scan_age=0.050s
[ground_truth_amcl_monitor-7] [INFO] [1789004031.999585557] [ground_truth_amcl_monitor]: AMCL vs GT: gt=(-1.606, 3.451) amcl=(-1.534, 3.390) error=0.094 m / 0.076 rad; current_map=(-1.588, 3.466, 2.227) error=0.023 m / 0.000 rad; odom=(-3.036, 3.733, 2.150) error=1.458 m / 0.076 rad; ekf=(-3.036, 3.733, 2.150) error=1.458 m / 0.076 rad; RMS=0.183 m / 0.041 rad max=1.321 m / 0.162 rad samples=7320
[gpu_amcl_cpp_node-6] [INFO] [1789004032.051835206] [gpu_amcl_cpp]: Received LiDAR callback #3686 (1081 ranges).
[gpu_amcl_cpp_node-6] [INFO] [1789004032.051903385] [gpu_amcl_cpp]: Starting AMCL scan update #3686 (sampled from 1081 ranges).
[gpu_amcl_cpp_node-6] [INFO] [1789004032.052964060] [gpu_amcl_cpp]: AMCL scan update #3686 completed; evaluating pose confidence.
[component_container-9] [INFO] [1789004032.298520709] [pure_pursuit_node]: Pure Pursuit: pose=(-2.096, 3.825, 2.880) cte=-0.014 closest=1476 target=1519 path_dist=0.014 heading_err=0.096 steer=0.415 speed=1.903
[gpu_amcl_cpp_node-6] [INFO] [1789004032.454245190] [gpu_amcl_cpp]: AMCL local correction: odom_prediction=(-2.282, 3.863, 3.112) scan=(-2.267, 3.873, 3.086) correction=0.018 m/0.026 rad cluster_weight=0.977 publish=true
[gpu_amcl_cpp_node-6] [INFO] [1789004032.599889910] [gpu_amcl_cpp]: AMCL odom delta: at_scan=(-0.996, -4.871, -1.261) baseline=(-1.019, -4.782, -1.375) delta=(0.023, -0.089, 0.114) moved=true scan_age=0.049s
[ground_truth_amcl_monitor-7] [INFO] [1789004033.000702248] [ground_truth_amcl_monitor]: AMCL vs GT: gt=(-3.038, 3.303) amcl=(-2.980, 3.374) error=0.092 m / 0.083 rad; current_map=(-3.029, 3.284, -2.026) error=0.021 m / 0.000 rad; odom=(-4.575, 3.736, -2.110) error=1.596 m / 0.083 rad; ekf=(-4.575, 3.736, -2.110) error=1.596 m / 0.083 rad; RMS=0.183 m / 0.041 rad max=1.321 m / 0.162 rad samples=7360
[component_container-9] [INFO] [1789004033.299540037] [pure_pursuit_node]: Pure Pursuit: pose=(-3.222, 2.418, -1.664) cte=0.055 closest=1580 target=1626 path_dist=0.055 heading_err=-0.025 steer=0.012 speed=3.417
[gpu_amcl_cpp_node-6] [INFO] [1789004033.505089848] [gpu_amcl_cpp]: AMCL local correction: odom_prediction=(-3.268, 1.954, -1.648) scan=(-3.265, 1.955, -1.641) correction=0.003 m/0.007 rad cluster_weight=0.945 publish=true
[gpu_amcl_cpp_node-6] [INFO] [1789004033.603174670] [gpu_amcl_cpp]: AMCL odom delta: at_scan=(1.204, -5.696, -0.077) baseline=(1.033, -5.683, -0.077) delta=(0.171, -0.013, 0.000) moved=true scan_age=0.050s
[ground_truth_amcl_monitor-7] [INFO] [1789004034.028460517] [ground_truth_amcl_monitor]: AMCL vs GT: gt=(-3.527, 0.425) amcl=(-3.468, 0.584) error=0.169 m / 0.039 rad; current_map=(-3.500, 0.496, -1.944) error=0.076 m / 0.000 rad; odom=(-5.108, 0.802, -1.944) error=1.625 m / 0.000 rad; ekf=(-5.076, 0.890, -1.905) error=1.617 m / 0.039 rad; RMS=0.182 m / 0.041 rad max=1.321 m / 0.162 rad samples=7400
[component_container-9] [INFO] [1789004034.332028243] [pure_pursuit_node]: Pure Pursuit: pose=(-3.845, -0.105, -2.337) cte=0.001 closest=1713 target=1757 path_dist=0.001 heading_err=-0.004 steer=-0.262 speed=1.970
[gpu_amcl_cpp_node-6] [INFO] [1789004034.512516840] [gpu_amcl_cpp]: AMCL local correction: odom_prediction=(-4.012, -0.279, -2.529) scan=(-4.009, -0.291, -2.502) correction=0.013 m/0.027 rad cluster_weight=0.981 publish=true
[gpu_amcl_cpp_node-6] [INFO] [1789004034.627638381] [gpu_amcl_cpp]: AMCL odom delta: at_scan=(3.196, -6.644, -1.142) baseline=(3.135, -6.528, -1.041) delta=(0.061, -0.117, -0.101) moved=true scan_age=0.051s
[ground_truth_amcl_monitor-7] [INFO] [1789004035.052314991] [ground_truth_amcl_monitor]: AMCL vs GT: gt=(-5.008, -0.428) amcl=(-4.847, -0.483) error=0.170 m / 0.126 rad; current_map=(-4.972, -0.445, 2.779) error=0.040 m / 0.000 rad; odom=(-6.507, -0.107, 2.905) error=1.533 m / 0.126 rad; ekf=(-6.507, -0.107, 2.905) error=1.533 m / 0.126 rad; RMS=0.182 m / 0.041 rad max=1.321 m / 0.162 rad samples=7438
[component_container-9] [INFO] [1789004035.355158435] [pure_pursuit_node]: Pure Pursuit: pose=(-5.536, 0.006, 2.174) cte=-0.048 closest=1811 target=1855 path_dist=0.048 heading_err=-0.022 steer=-0.172 speed=2.761
[gpu_amcl_cpp_node-6] [INFO] [1789004035.528490238] [gpu_amcl_cpp]: AMCL local correction: odom_prediction=(-5.692, 0.277, 2.004) scan=(-5.696, 0.255, 2.016) correction=0.022 m/0.012 rad cluster_weight=0.970 publish=true
[gpu_amcl_cpp_node-6] [INFO] [1789004035.675154556] [gpu_amcl_cpp]: AMCL odom delta: at_scan=(2.073, -8.313, -2.847) baseline=(2.225, -8.264, -2.811) delta=(-0.152, -0.049, -0.036) moved=true scan_age=0.049s
[ground_truth_amcl_monitor-7] [INFO] [1789004036.077554290] [ground_truth_amcl_monitor]: AMCL vs GT: gt=(-6.131, 2.180) amcl=(-6.093, 1.922) error=0.261 m / 0.010 rad; current_map=(-6.118, 2.144, 1.678) error=0.038 m / 0.000 rad; odom=(-7.753, 2.364, 1.688) error=1.632 m / 0.010 rad; ekf=(-7.753, 2.364, 1.688) error=1.632 m / 0.010 rad; RMS=0.182 m / 0.041 rad max=1.321 m / 0.162 rad samples=7478
[component_container-9] [INFO] [1789004036.375591593] [pure_pursuit_node]: Pure Pursuit: pose=(-6.144, 3.765, 1.523) cte=0.001 closest=2003 target=2053 path_dist=0.001 heading_err=-0.018 steer=-0.067 speed=4.629
[gpu_amcl_cpp_node-6] [INFO] [1789004036.528602410] [gpu_amcl_cpp]: AMCL local correction: odom_prediction=(-6.124, 4.220, 1.481) scan=(-6.123, 4.233, 1.491) correction=0.013 m/0.010 rad cluster_weight=0.976 publish=true
[gpu_amcl_cpp_node-6] [INFO] [1789004036.676110605] [gpu_amcl_cpp]: AMCL odom delta: at_scan=(-2.166, -8.466, 2.871) baseline=(-1.985, -8.512, 2.921) delta=(-0.181, 0.045, -0.050) moved=true scan_age=0.050s
[gpu_amcl_cpp_node-6] [INFO] [1789004037.057739516] [gpu_amcl_cpp]: Received LiDAR callback #3783 (1081 ranges).
[gpu_amcl_cpp_node-6] [INFO] [1789004037.057821300] [gpu_amcl_cpp]: Starting AMCL scan update #3783 (sampled from 1081 ranges).
[gpu_amcl_cpp_node-6] [INFO] [1789004037.058656050] [gpu_amcl_cpp]: AMCL scan update #3783 completed; evaluating pose confidence.
[ground_truth_amcl_monitor-7] [INFO] [1789004037.110591709] [ground_truth_amcl_monitor]: AMCL vs GT: gt=(-5.505, 6.249) amcl=(-5.580, 6.081) error=0.184 m / 0.037 rad; current_map=(-5.501, 6.212, 1.007) error=0.037 m / 0.000 rad; odom=(-7.200, 6.599, 1.044) error=1.731 m / 0.037 rad; ekf=(-7.200, 6.599, 1.044) error=1.731 m / 0.037 rad; RMS=0.182 m / 0.041 rad max=1.321 m / 0.162 rad samples=7518
[component_container-9] [INFO] [1789004037.424016849] [pure_pursuit_node]: Pure Pursuit: pose=(-4.892, 6.982, 0.700) cte=0.009 closest=2179 target=2225 path_dist=0.009 heading_err=0.006 steer=-0.098 speed=3.155
[gpu_amcl_cpp_node-6] [INFO] [1789004037.577878576] [gpu_amcl_cpp]: AMCL local correction: odom_prediction=(-4.682, 7.155, 0.611) scan=(-4.685, 7.157, 0.628) correction=0.003 m/0.016 rad cluster_weight=0.995 publish=true
[gpu_amcl_cpp_node-6] [INFO] [1789004037.724973924] [gpu_amcl_cpp]: AMCL odom delta: at_scan=(-4.780, -6.640, 1.998) baseline=(-4.706, -6.788, 2.071) delta=(-0.074, 0.148, -0.073) moved=true scan_age=0.049s
[ground_truth_amcl_monitor-7] [INFO] [1789004038.126025131] [ground_truth_amcl_monitor]: AMCL vs GT: gt=(-2.924, 7.621) amcl=(-3.109, 7.630) error=0.185 m / 0.083 rad; current_map=(-2.936, 7.611, -0.147) error=0.016 m / 0.000 rad; odom=(-4.501, 8.120, -0.147) error=1.654 m / 0.000 rad; ekf=(-4.501, 8.120, -0.147) error=1.654 m / 0.000 rad; RMS=0.182 m / 0.041 rad max=1.321 m / 0.162 rad samples=7558
[component_container-9] [INFO] [1789004038.474563695] [pure_pursuit_node]: Pure Pursuit: pose=(-1.619, 7.048, -0.661) cte=-0.034 closest=2356 target=2404 path_dist=0.034 heading_err=0.026 steer=-0.089 speed=4.273
[gpu_amcl_cpp_node-6] [INFO] [1789004038.581300152] [gpu_amcl_cpp]: AMCL local correction: odom_prediction=(-1.472, 6.923, -0.739) scan=(-1.490, 6.942, -0.728) correction=0.026 m/0.011 rad cluster_weight=0.964 publish=true
[gpu_amcl_cpp_node-6] [INFO] [1789004038.736184312] [gpu_amcl_cpp]: AMCL odom delta: at_scan=(-3.751, -3.358, 0.717) baseline=(-3.934, -3.523, 0.753) delta=(0.183, 0.166, -0.036) moved=true scan_age=0.054s
[ground_truth_amcl_monitor-7] [INFO] [1789004039.136844815] [ground_truth_amcl_monitor]: AMCL vs GT: gt=(-0.048, 4.852) amcl=(-0.153, 5.119) error=0.287 m / 0.010 rad; current_map=(-0.049, 4.879, -1.156) error=0.027 m / 0.000 rad; odom=(-1.568, 5.281, -1.156) error=1.580 m / 0.000 rad; ekf=(-1.568, 5.281, -1.156) error=1.580 m / 0.000 rad; RMS=0.182 m / 0.041 rad max=1.321 m / 0.162 rad samples=7596
[component_container-9] [INFO] [1789004039.475105644] [pure_pursuit_node]: Pure Pursuit: pose=(0.716, 2.985, -1.351) cte=-0.034 closest=7 target=59 path_dist=0.034 heading_err=0.075 steer=0.030 speed=5.698
[gpu_amcl_cpp_node-6] [INFO] [1789004039.581585749] [gpu_amcl_cpp]: AMCL local correction: odom_prediction=(0.798, 2.680, -1.342) scan=(0.792, 2.685, -1.353) correction=0.008 m/0.011 rad cluster_weight=0.938 publish=true
[gpu_amcl_cpp_node-6] [WARN] [1789004039.735358518] [gpu_amcl_cpp]: No local AMCL cluster near odometry prediction; using causal odometry pose.
[gpu_amcl_cpp_node-6] [INFO] [1789004039.785124936] [gpu_amcl_cpp]: AMCL odom delta: at_scan=(1.250, -1.203, 0.236) baseline=(0.938, -1.283, 0.270) delta=(0.312, 0.081, -0.034) moved=true scan_age=0.053s
[ground_truth_amcl_monitor-7] [INFO] [1789004040.180994697] [ground_truth_amcl_monitor]: AMCL vs GT: gt=(1.386, -0.610) amcl=(1.290, -0.368) error=0.260 m / 0.000 rad; current_map=(1.349, -0.666, -1.377) error=0.067 m / 0.000 rad; odom=(-0.106, -0.309, -1.377) error=1.522 m / 0.000 rad; ekf=(-0.106, -0.309, -1.377) error=1.522 m / 0.000 rad; RMS=0.182 m / 0.041 rad max=1.321 m / 0.162 rad samples=7634
[component_container-9] [INFO] [1789004040.501192086] [pure_pursuit_node]: Pure Pursuit: pose=(1.404, -2.366, -1.690) cte=-0.078 closest=277 target=327 path_dist=0.078 heading_err=0.052 steer=-0.046 speed=5.080
[gpu_amcl_cpp_node-6] [INFO] [1789004040.605900157] [gpu_amcl_cpp]: AMCL local correction: odom_prediction=(1.382, -2.611, -1.701) scan=(1.383, -2.574, -1.700) correction=0.037 m/0.001 rad cluster_weight=0.930 publish=true
[gpu_amcl_cpp_node-6] [INFO] [1789004040.804081175] [gpu_amcl_cpp]: AMCL odom delta: at_scan=(6.432, -1.117, -0.212) baseline=(6.168, -1.059, -0.217) delta=(0.264, -0.058, 0.004) moved=true scan_age=0.051s
[ground_truth_amcl_monitor-7] [INFO] [1789004041.208813738] [ground_truth_amcl_monitor]: AMCL vs GT: gt=(0.819, -5.692) amcl=(0.917, -5.371) error=0.335 m / 0.008 rad; current_map=(0.846, -5.639, -1.826) error=0.059 m / 0.000 rad; odom=(-0.707, -5.551, -1.826) error=1.533 m / 0.000 rad; ekf=(-0.707, -5.551, -1.826) error=1.533 m / 0.000 rad; RMS=0.182 m / 0.041 rad max=1.321 m / 0.162 rad samples=7674
[component_container-9] [INFO] [1789004041.524880166] [pure_pursuit_node]: Pure Pursuit: pose=(0.530, -7.122, -1.896) cte=-0.005 closest=519 target=566 path_dist=0.005 heading_err=0.092 steer=0.089 speed=4.041
[gpu_amcl_cpp_node-6] [INFO] [1789004041.632535882] [gpu_amcl_cpp]: AMCL local correction: odom_prediction=(0.471, -7.340, -1.841) scan=(0.474, -7.330, -1.853) correction=0.010 m/0.012 rad cluster_weight=0.968 publish=true
[gpu_amcl_cpp_node-6] [INFO] [1789004041.851500026] [gpu_amcl_cpp]: AMCL odom delta: at_scan=(11.295, -2.090, -0.317) baseline=(11.044, -2.019, -0.230) delta=(0.252, -0.071, -0.086) moved=true scan_age=0.050s
[gpu_amcl_cpp_node-6] [INFO] [1789004042.100073390] [gpu_amcl_cpp]: Received LiDAR callback #3879 (1081 ranges).
[gpu_amcl_cpp_node-6] [INFO] [1789004042.100134445] [gpu_amcl_cpp]: Starting AMCL scan update #3879 (sampled from 1081 ranges).
[gpu_amcl_cpp_node-6] [INFO] [1789004042.100963835] [gpu_amcl_cpp]: AMCL scan update #3879 completed; evaluating pose confidence.
[ground_truth_amcl_monitor-7] [INFO] [1789004042.250935755] [ground_truth_amcl_monitor]: AMCL vs GT: gt=(-0.189, -9.301) amcl=(-0.115, -9.165) error=0.155 m / 0.054 rad; current_map=(-0.157, -9.245, -2.075) error=0.066 m / 0.000 rad; odom=(-1.682, -9.108, -2.021) error=1.505 m / 0.054 rad; ekf=(-1.682, -9.108, -2.021) error=1.505 m / 0.054 rad; RMS=0.182 m / 0.041 rad max=1.321 m / 0.162 rad samples=7714
[component_container-9] [INFO] [1789004042.548674415] [pure_pursuit_node]: Pure Pursuit: pose=(-0.677, -9.884, -2.558) cte=0.005 closest=672 target=717 path_dist=0.005 heading_err=0.047 steer=-0.218 speed=2.519
[gpu_amcl_cpp_node-6] [INFO] [1789004042.653084035] [gpu_amcl_cpp]: AMCL local correction: odom_prediction=(-0.774, -9.951, -2.639) scan=(-0.767, -9.948, -2.617) correction=0.008 m/0.023 rad cluster_weight=1.000 publish=true
[gpu_amcl_cpp_node-6] [INFO] [1789004042.852073534] [gpu_amcl_cpp]: AMCL odom delta: at_scan=(13.229, -3.643, -1.436) baseline=(13.206, -3.520, -1.333) delta=(0.023, -0.123, -0.102) moved=true scan_age=0.051s
[ground_truth_amcl_monitor-7] [INFO] [1789004043.251208386] [ground_truth_amcl_monitor]: AMCL vs GT: gt=(-2.177, -9.888) amcl=(-2.070, -9.935) error=0.117 m / 0.094 rad; current_map=(-2.176, -9.861, 2.490) error=0.027 m / 0.000 rad; odom=(-3.678, -9.887, 2.584) error=1.501 m / 0.094 rad; ekf=(-3.678, -9.887, 2.584) error=1.501 m / 0.094 rad; RMS=0.181 m / 0.041 rad max=1.321 m / 0.162 rad samples=7754
[component_container-9] [INFO] [1789004043.599459418] [pure_pursuit_node]: Pure Pursuit: pose=(-2.821, -8.965, 1.968) cte=-0.044 closest=806 target=853 path_dist=0.044 heading_err=0.029 steer=-0.087 speed=3.717
[gpu_amcl_cpp_node-6] [INFO] [1789004043.653333674] [gpu_amcl_cpp]: AMCL local correction: odom_prediction=(-2.820, -8.970, 1.970) scan=(-2.824, -8.964, 1.985) correction=0.007 m/0.015 rad cluster_weight=0.972 publish=true
[gpu_amcl_cpp_node-6] [INFO] [1789004043.902002286] [gpu_amcl_cpp]: AMCL odom delta: at_scan=(11.166, -5.498, -2.968) baseline=(11.363, -5.458, -2.922) delta=(-0.197, -0.039, -0.045) moved=true scan_age=0.051s
[ground_truth_amcl_monitor-7] [INFO] [1789004044.254041905] [ground_truth_amcl_monitor]: AMCL vs GT: gt=(-3.163, -6.586) amcl=(-3.152, -6.620) error=0.036 m / 0.000 rad; current_map=(-3.151, -6.611, 1.506) error=0.027 m / 0.000 rad; odom=(-4.778, -6.457, 1.506) error=1.620 m / 0.000 rad; ekf=(-4.778, -6.457, 1.506) error=1.620 m / 0.000 rad; RMS=0.181 m / 0.041 rad max=1.321 m / 0.162 rad samples=7795
[component_container-9] [INFO] [1789004044.601843331] [pure_pursuit_node]: Pure Pursuit: pose=(-2.785, -4.652, 1.257) cte=-0.012 closest=1026 target=1077 path_dist=0.012 heading_err=0.023 steer=0.031 speed=5.315
[gpu_amcl_cpp_node-6] [INFO] [1789004044.655549060] [gpu_amcl_cpp]: AMCL local correction: odom_prediction=(-2.781, -4.639, 1.250) scan=(-2.811, -4.681, 1.252) correction=0.052 m/0.003 rad cluster_weight=0.927 publish=true
[gpu_amcl_cpp_node-6] [INFO] [1789004044.951767801] [gpu_amcl_cpp]: AMCL odom delta: at_scan=(6.076, -4.771, 2.887) baseline=(6.359, -4.841, 2.913) delta=(-0.283, 0.070, -0.026) moved=true scan_age=0.050s
[ground_truth_amcl_monitor-7] [INFO] [1789004045.254911139] [ground_truth_amcl_monitor]: AMCL vs GT: gt=(-1.852, -1.438) amcl=(-1.910, -1.728) error=0.296 m / 0.041 rad; current_map=(-1.848, -1.459, 1.366) error=0.021 m / 0.000 rad; odom=(-3.449, -1.234, 1.366) error=1.611 m / 0.000 rad; ekf=(-3.511, -1.504, 1.325) error=1.661 m / 0.041 rad; RMS=0.181 m / 0.041 rad max=1.321 m / 0.162 rad samples=7834
[component_container-9] [INFO] [1789004045.632894842] [pure_pursuit_node]: Pure Pursuit: pose=(-1.473, 0.404, 1.527) cte=0.004 closest=1287 target=1335 path_dist=0.004 heading_err=-0.144 steer=-0.123 speed=3.836
[gpu_amcl_cpp_node-6] [INFO] [1789004045.704515601] [gpu_amcl_cpp]: AMCL local correction: odom_prediction=(-1.455, 0.467, 1.483) scan=(-1.447, 0.477, 1.471) correction=0.012 m/0.012 rad cluster_weight=0.943 publish=true
[WARNING] [launch]: user interrupted with ctrl-c (SIGINT)
[INFO] [actuator_interface-10]: sending signal 'SIGINT' to process[actuator_interface-10]
[INFO] [component_container-9]: sending signal 'SIGINT' to process[component_container-9]
[INFO] [calibration-8]: sending signal 'SIGINT' to process[calibration-8]
[INFO] [ground_truth_amcl_monitor-7]: sending signal 'SIGINT' to process[ground_truth_amcl_monitor-7]
[INFO] [gpu_amcl_cpp_node-6]: sending signal 'SIGINT' to process[gpu_amcl_cpp_node-6]
[INFO] [lifecycle_manager-5]: sending signal 'SIGINT' to process[lifecycle_manager-5]
[INFO] [map_server-4]: sending signal 'SIGINT' to process[map_server-4]
[INFO] [ekf_localization_node-3]: sending signal 'SIGINT' to process[ekf_localization_node-3]
[INFO] [sensor_odometry_node-2]: sending signal 'SIGINT' to process[sensor_odometry_node-2]
[INFO] [autodrive_bridge_40hz-1]: sending signal 'SIGINT' to process[autodrive_bridge_40hz-1]
[gpu_amcl_cpp_node-6] [INFO] [1789004045.960640691] [gpu_amcl_cpp]: AMCL odom delta: at_scan=(1.587, -3.716, 3.017) baseline=(1.781, -3.746, 2.951) delta=(-0.194, 0.031, 0.066) moved=true scan_age=0.051s
[ground_truth_amcl_monitor-7] [INFO] [1789004046.275706847] [ground_truth_amcl_monitor]: AMCL vs GT: gt=(-1.273, 2.393) amcl=(-1.254, 2.269) error=0.126 m / 0.039 rad; current_map=(-1.257, 2.419, 1.613) error=0.030 m / 0.000 rad; odom=(-2.893, 2.503, 1.613) error=1.624 m / 0.000 rad; ekf=(-2.893, 2.503, 1.613) error=1.624 m / 0.000 rad; RMS=0.181 m / 0.041 rad max=1.321 m / 0.162 rad samples=7872
[component_container-9] [INFO] [1789004046.672630870] [pure_pursuit_node]: Pure Pursuit: pose=(-1.487, 3.278, 2.058) cte=-0.001 closest=1433 target=1476 path_dist=0.001 heading_err=-0.059 steer=0.259 speed=1.928
[component_container-9] [INFO] [1789004046.694916913] [rclcpp]: signal_handler(SIGINT/SIGTERM)
[gpu_amcl_cpp_node-6] [INFO] [1789004046.700356285] [rclcpp]: signal_handler(SIGINT/SIGTERM)
[lifecycle_manager-5] [INFO] [1789004046.702522290] [rclcpp]: signal_handler(SIGINT/SIGTERM)
[lifecycle_manager-5] [INFO] [1789004046.702659308] [lifecycle_manager_map]: Running Nav2 LifecycleManager rcl preshutdown (lifecycle_manager_map)
[lifecycle_manager-5] [INFO] [1789004046.702974180] [lifecycle_manager_map]: [34m[1mTerminating bond timer...[0m[0m
[map_server-4] [INFO] [1789004046.704595700] [rclcpp]: signal_handler(SIGINT/SIGTERM)
[map_server-4] [INFO] [1789004046.704718902] [map_server]: Running Nav2 LifecycleNode rcl preshutdown (map_server)
[map_server-4] [INFO] [1789004046.704819451] [map_server]: Deactivating
[map_server-4] [INFO] [1789004046.704854858] [map_server]: Destroying bond (map_server) to lifecycle manager.
[ekf_localization_node-3] [INFO] [1789004046.706922868] [rclcpp]: signal_handler(SIGINT/SIGTERM)
[sensor_odometry_node-2] [INFO] [1789004046.709131904] [rclcpp]: signal_handler(SIGINT/SIGTERM)
[autodrive_bridge_40hz-1] KeyboardInterrupt
[autodrive_bridge_40hz-1] 2026-09-10T01:34:06Z
[map_server-4] [INFO] [1789004046.715174611] [map_server]: Cleaning up
[map_server-4] [INFO] [1789004046.715395106] [map_server]: Destroying bond (map_server) to lifecycle manager.
[lifecycle_manager-5] [INFO] [1789004046.719343152] [lifecycle_manager_map]: Destroying lifecycle_manager_map
[map_server-4] [INFO] [1789004046.720501311] [map_server]: Destroying
[autodrive_bridge_40hz-1] Traceback (most recent call last):
[autodrive_bridge_40hz-1]   File "src/gevent/greenlet.py", line 906, in gevent._gevent_cgreenlet.Greenlet.run
[autodrive_bridge_40hz-1]   File "/usr/local/lib/python3.10/dist-packages/socketio/server.py", line 640, in _handle_event_internal
[autodrive_bridge_40hz-1]     r = server._trigger_event(data[0], namespace, sid, *data[1:])
[autodrive_bridge_40hz-1]   File "/usr/local/lib/python3.10/dist-packages/socketio/server.py", line 669, in _trigger_event
[autodrive_bridge_40hz-1]     return self.handlers[namespace][event](*args)
[autodrive_bridge_40hz-1]   File "/workspace/build/sdu_apex_autodrive/sdu_apex_autodrive/bridge_40hz.py", line 368, in packet_handler
[autodrive_bridge_40hz-1]     result = original_handler(sid, data)
[autodrive_bridge_40hz-1]   File "/home/autodrive_devkit/install/autodrive_roboracer/lib/python3.10/site-packages/autodrive_roboracer/autodrive_bridge.py", line 345, in bridge
[autodrive_bridge_40hz-1]     publish_actuator_feedbacks(autodrive.throttle, autodrive.steering)
[autodrive_bridge_40hz-1]   File "/home/autodrive_devkit/install/autodrive_roboracer/lib/python3.10/site-packages/autodrive_roboracer/autodrive_bridge.py", line 241, in publish_actuator_feedbacks
[autodrive_bridge_40hz-1]     publishers['pub_throttle'].publish(create_float_msg(msg_float32, throttle))
[autodrive_bridge_40hz-1]   File "/opt/ros/humble/local/lib/python3.10/dist-packages/rclpy/publisher.py", line 70, in publish
[autodrive_bridge_40hz-1]     self.__publisher.publish(msg)
[autodrive_bridge_40hz-1] rclpy._rclpy_pybind11.RCLError: Failed to publish: publisher's context is invalid, at ./src/rcl/publisher.c:389
[autodrive_bridge_40hz-1] 2026-09-10T01:34:06Z <Thread at 0x7f94cd5516c0: <bound method Server._handle_event_internal of <socketio.server.Server object at 0x7f95153bee90>>(<socketio.server.Server object at 0x7f95153bee90>, '07041162367b4344a2c15f3361897036', ['Bridge', {'V1 Throttle': '0.0780', 'V1 Steering', '/', None)> failed with RCLError
[autodrive_bridge_40hz-1] 
[autodrive_bridge_40hz-1] Traceback (most recent call last):
[autodrive_bridge_40hz-1]   File "/workspace/install/lib/sdu_apex_autodrive/autodrive_bridge_40hz", line 33, in <module>
[autodrive_bridge_40hz-1]     sys.exit(load_entry_point('sdu-apex-autodrive', 'console_scripts', 'autodrive_bridge_40hz')())
[autodrive_bridge_40hz-1]   File "/workspace/build/sdu_apex_autodrive/sdu_apex_autodrive/bridge_40hz.py", line 443, in main
[autodrive_bridge_40hz-1]     official_bridge.main()
[autodrive_bridge_40hz-1]   File "/home/autodrive_devkit/install/autodrive_roboracer/lib/python3.10/site-packages/autodrive_roboracer/autodrive_bridge.py", line 442, in main
[autodrive_bridge_40hz-1]     pywsgi.WSGIServer(('', 4567), app, handler_class=WebSocketHandler).serve_forever() # Deploy as a gevent WSGI server
[autodrive_bridge_40hz-1]   File "/usr/local/lib/python3.10/dist-packages/gevent/baseserver.py", line 400, in serve_forever
[autodrive_bridge_40hz-1]     self._stop_event.wait()
[autodrive_bridge_40hz-1]   File "src/gevent/event.py", line 163, in gevent._gevent_cevent.Event.wait
[autodrive_bridge_40hz-1]   File "src/gevent/_abstract_linkable.py", line 521, in gevent._gevent_c_abstract_linkable.AbstractLinkable._wait
[autodrive_bridge_40hz-1]   File "src/gevent/_abstract_linkable.py", line 487, in gevent._gevent_c_abstract_linkable.AbstractLinkable._wait_core
[autodrive_bridge_40hz-1]   File "src/gevent/_abstract_linkable.py", line 490, in gevent._gevent_c_abstract_linkable.AbstractLinkable._wait_core
[autodrive_bridge_40hz-1]   File "src/gevent/_abstract_linkable.py", line 442, in gevent._gevent_c_abstract_linkable.AbstractLinkable._AbstractLinkable__wait_to_be_notified
[autodrive_bridge_40hz-1]   File "src/gevent/_abstract_linkable.py", line 451, in gevent._gevent_c_abstract_linkable.AbstractLinkable._switch_to_hub
[autodrive_bridge_40hz-1]   File "src/gevent/_greenlet_primitives.py", line 61, in gevent._gevent_c_greenlet_primitives.SwitchOutGreenletWithLoop.switch
[autodrive_bridge_40hz-1]   File "src/gevent/_greenlet_primitives.py", line 65, in gevent._gevent_c_greenlet_primitives.SwitchOutGreenletWithLoop.switch
[autodrive_bridge_40hz-1]   File "src/gevent/_gevent_c_greenlet_primitives.pxd", line 35, in gevent._gevent_c_greenlet_primitives._greenlet_switch
[autodrive_bridge_40hz-1]   File "/usr/local/lib/python3.10/dist-packages/socketio/client.py", line 25, in signal_handler
[autodrive_bridge_40hz-1]     return original_signal_handler(sig, frame)
[autodrive_bridge_40hz-1] KeyboardInterrupt
[INFO] [component_container-9]: process has finished cleanly [pid 14269]
[INFO] [ekf_localization_node-3]: process has finished cleanly [pid 14257]
[INFO] [sensor_odometry_node-2]: process has finished cleanly [pid 14255]
[INFO] [lifecycle_manager-5]: process has finished cleanly [pid 14261]
[INFO] [map_server-4]: process has finished cleanly [pid 14259]
[ERROR] [autodrive_bridge_40hz-1]: process has died [pid 14253, exit code -2, cmd '/workspace/install/lib/sdu_apex_autodrive/autodrive_bridge_40hz --ros-args -r __node:=autodrive_bridge'].
[INFO] [actuator_interface-10]: process has finished cleanly [pid 14271]
[INFO] [ground_truth_amcl_monitor-7]: process has finished cleanly [pid 14265]
[INFO] [calibration-8]: process has finished cleanly [pid 14267]
[INFO] [gpu_amcl_cpp_node-6]: process has finished cleanly [pid 14263]
