[INFO] [launch]: All log files can be found below /root/.ros/log/2026-09-09-19-08-24-303047-ExternalDrive-2023
[INFO] [launch]: Default logging verbosity is set to INFO
[INFO] [launch.user]: controller=pure_pursuit custom_amcl=True rviz=False
[INFO] [autodrive_bridge_40hz-1]: process started with pid [2052]
[INFO] [sensor_odometry_node-2]: process started with pid [2054]
[INFO] [ekf_localization_node-3]: process started with pid [2056]
[INFO] [map_server-4]: process started with pid [2058]
[INFO] [lifecycle_manager-5]: process started with pid [2060]
[INFO] [gpu_amcl_cpp_node-6]: process started with pid [2062]
[INFO] [ground_truth_amcl_monitor-7]: process started with pid [2064]
[INFO] [calibration-8]: process started with pid [2066]
[INFO] [component_container-9]: process started with pid [2068]
[INFO] [actuator_interface-10]: process started with pid [2070]
[lifecycle_manager-5] [INFO] [1788980904.514876011] [lifecycle_manager_map]: Creating
[ekf_localization_node-3] [INFO] [1788980904.519774922] [ekf_localization]: Local odometry trust filter ready: /odom -> /ekf_odom and /ekf_pose in frame odom; reset events=/autodrive/reset_command
[lifecycle_manager-5] [INFO] [1788980904.520803393] [lifecycle_manager_map]: [34m[1mCreating and initializing lifecycle service clients[0m[0m
[sensor_odometry_node-2] [INFO] [1788980904.534360174] [sensor_odometry]: Deterministic odometry observer: exact timestamp packets, encoders + IMU only
[map_server-4] [INFO] [1788980904.537959413] [map_server]: 
[map_server-4] 	map_server lifecycle node launched. 
[map_server-4] 	Waiting on external lifecycle transitions to activate
[map_server-4] 	See https://design.ros2.org/articles/node_lifecycle.html for more information.
[map_server-4] [INFO] [1788980904.538116679] [map_server]: Creating
[lifecycle_manager-5] [INFO] [1788980904.600468900] [lifecycle_manager_map]: [34m[1mStarting managed nodes bringup...[0m[0m
[lifecycle_manager-5] [INFO] [1788980904.600539753] [lifecycle_manager_map]: [34m[1mConfiguring map_server[0m[0m
[component_container-9] [INFO] [1788980904.724957386] [controller_container]: Load Library: /workspace/install/lib/libpure_pursuit_node.so
[component_container-9] [INFO] [1788980904.727747726] [controller_container]: Found class: rclcpp_components::NodeFactoryTemplate<f1tenth_control::PurePursuitNode>
[component_container-9] [INFO] [1788980904.727799434] [controller_container]: Instantiate class: rclcpp_components::NodeFactoryTemplate<f1tenth_control::PurePursuitNode>
[gpu_amcl_cpp_node-6] [INFO] [1788980904.730019072] [gpu_amcl_cpp]: [AMCL] Parameters: update_min_d=0.02000, update_min_a=0.03500, max_scan_age=0.2500, odom_history=1.000s, cloud_publish_rate=1.0 Hz, debug_pre_resample=false, slip_threshold=1.00 rad/s, initial_raceline_heading=false, local_correction_gate=0.30m/0.20rad xy_gain=1.000 cross_track_only=false yaw_gain=0.000 association=0.80m recenter_cloud=true
[component_container-9] [INFO] [1788980904.734603422] [pure_pursuit_node]: Initializing Pure Pursuit Node
[component_container-9] [INFO] [1788980904.741542404] [pure_pursuit_node]: Loaded trajectory with 2586 waypoints (51.7 m)
[INFO] [launch_ros.actions.load_composable_nodes]: Loaded node '/pure_pursuit_node' in container '/controller_container'
[gpu_amcl_cpp_node-6] [INFO] [1788980904.746012789] [gpu_amcl_cpp]: Particle cloud publishing scan-synchronized, max 1.0 Hz
[gpu_amcl_cpp_node-6] [INFO] [1788980904.746069045] [gpu_amcl_cpp]: GPU AMCL C++ node created — waiting for map...
[component_container-9] [INFO] [1788980904.748053662] [pure_pursuit_node]: Pure Pursuit Node initialized
[component_container-9] [INFO] [1788980904.748110669] [pure_pursuit_node]:   Trajectory: /workspace/src/f1tenth_planning/trajectories/autodrive_track_ftg_commit_20260909_025m_mintime_raceline.csv (2586 points)
[component_container-9] [INFO] [1788980904.748122441] [pure_pursuit_node]:   Lookahead: 0.35 - 0.95 m (gain: 0.05)
[component_container-9] [INFO] [1788980904.748138902] [pure_pursuit_node]:   Max speed cap: 2.00 m/s
[component_container-9] [INFO] [1788980904.748148340] [pure_pursuit_node]:   Lookahead adapt: cte_weight=1.00 cte_gain=0.042 curvature_gain=1.900
[component_container-9] [INFO] [1788980904.748160874] [pure_pursuit_node]:   Speed adapt: curvature_factor=0.102 floor_ratio=0.52
[component_container-9] [INFO] [1788980904.748172285] [pure_pursuit_node]:   Speed adapt (CTE): factor=1.500 floor_ratio=0.55
[component_container-9] [INFO] [1788980904.748183125] [pure_pursuit_node]:   Speed limits: max_lat_accel=6.50 min_reg_speed=0.00
[component_container-9] [INFO] [1788980904.748195388] [pure_pursuit_node]:   Yaw-rate damping: 0.000 s
[component_container-9] [INFO] [1788980904.748206429] [pure_pursuit_node]:   Target-heading turn-in gain: 0.000
[component_container-9] [INFO] [1788980904.748216839] [pure_pursuit_node]:   Command shaping: steer_rate=3.20 accel=3.00 decel=8.00
[component_container-9] [INFO] [1788980904.748228971] [pure_pursuit_node]:   Pose: /current_map_pose (map frame)
[component_container-9] [INFO] [1788980904.748238820] [pure_pursuit_node]:   Odom: /odom
[component_container-9] [INFO] [1788980904.748248889] [pure_pursuit_node]:   Control trigger: /odom (one command per odometry update; nominal 40.0 Hz)
[component_container-9] [INFO] [1788980904.748284486] [pure_pursuit_node]:   Steering feedback: /autodrive/roboracer_1/steering (lead gain 0.25)
[component_container-9] [INFO] [1788980904.748296779] [pure_pursuit_node]:   Startup path gate: distance <= 0.80 m, heading <= 0.75 rad
[component_container-9] [INFO] [1788980904.748307238] [pure_pursuit_node]:   Command: /cmd/speed
[map_server-4] [INFO] [1788980904.758473321] [map_server]: Configuring
[map_server-4] [INFO] [1788980904.758594909] [map_io]: Loading yaml file: /workspace/src/f1tenth_planning/maps/autodrive_track_ftg_commit_20260909_025m.yaml
[map_server-4] [INFO] [1788980904.758956098] [map_io]: resolution: 0.025
[map_server-4] [INFO] [1788980904.758971116] [map_io]: origin[0]: -6.82
[map_server-4] [INFO] [1788980904.758979151] [map_io]: origin[1]: -12.3
[map_server-4] [INFO] [1788980904.758985823] [map_io]: origin[2]: 0
[map_server-4] [INFO] [1788980904.758992746] [map_io]: free_thresh: 0.25
[map_server-4] [INFO] [1788980904.758999810] [map_io]: occupied_thresh: 0.65
[map_server-4] [INFO] [1788980904.759008235] [map_io]: mode: trinary
[map_server-4] [INFO] [1788980904.759015960] [map_io]: negate: 0
[map_server-4] [INFO] [1788980904.759253286] [map_io]: Loading image_file: /workspace/src/f1tenth_planning/maps/autodrive_track_ftg_commit_20260909_025m.pgm
[autodrive_bridge_40hz-1] /usr/local/lib/python3.10/dist-packages/numpy/core/getlimits.py:499: UserWarning: The value of the smallest subnormal for <class 'numpy.float64'> type is zero.
[autodrive_bridge_40hz-1]   setattr(self, word, getattr(machar, word).flat[0])
[autodrive_bridge_40hz-1] /usr/local/lib/python3.10/dist-packages/numpy/core/getlimits.py:89: UserWarning: The value of the smallest subnormal for <class 'numpy.float64'> type is zero.
[autodrive_bridge_40hz-1]   return self._float_to_str(self.smallest_subnormal)
[map_server-4] [INFO] [1788980904.789228351] [map_io]: Read map /workspace/src/f1tenth_planning/maps/autodrive_track_ftg_commit_20260909_025m.pgm: 349 X 877 map @ 0.025 m/cell
[lifecycle_manager-5] [INFO] [1788980904.794547099] [lifecycle_manager_map]: [34m[1mActivating map_server[0m[0m
[map_server-4] [INFO] [1788980904.794675240] [map_server]: Activating
[map_server-4] [INFO] [1788980904.795234100] [map_server]: Creating bond (map_server) to lifecycle manager.
[gpu_amcl_cpp_node-6] [INFO] [1788980904.795864924] [gpu_amcl_cpp]: Received first map (349x877 @ 0.025 m/cell) — initialising PF
[gpu_amcl_cpp_node-6] [INFO] [1788980904.811322094] [gpu_amcl_cpp]: Loaded 2587 global heading points from /workspace/src/f1tenth_planning/trajectories/autodrive_track_ftg_commit_20260909_025m_mintime_raceline.csv
[ground_truth_amcl_monitor-7] [INFO] [1788980904.813679912] [ground_truth_amcl_monitor]: Absolute map scoring enabled from explicit map start: (0.8006, 3.1583, -1.5708)
[calibration-8] [INFO] [1788980904.821874201] [allowed_telemetry_recorder]: Calibration mode=sensor_record duration=60.000 s output=/workspace/src/f1tenth_planning/analysis/amcl_tuning_campaign_20260909/amcl_correction_budget_2mps/telemetry/sensor_record_20260909_190824.csv
[ground_truth_amcl_monitor-7] [WARN] [1788980904.822641272] [ground_truth_amcl_monitor]: Ground-truth monitor is diagnostics-only; simulator IPS/odom are not controller inputs
[gpu_amcl_cpp_node-6] [INFO] [1788980904.827862347] [gpu_amcl_cpp]: Global AMCL startup prior centred at saved map start (0.801, 3.158, -1.571) with covariance (0.500, 0.500, 0.200).
[gpu_amcl_cpp_node-6] [INFO] [1788980904.827921999] [gpu_amcl_cpp]: Particle filter initialised with 2500 particles (global)
[gpu_amcl_cpp_node-6] [INFO] [1788980904.827964018] [gpu_amcl_cpp]: Global particle initialization active; waiting for scans before publishing pose
[actuator_interface-10] [INFO] [1788980904.838988723] [autodrive_actuator_interface]: Actuator interface ready; no arming state
[actuator_interface-10] [WARN] [1788980904.842715022] [autodrive_actuator_interface]: Neutral output: no command
[lifecycle_manager-5] [INFO] [1788980904.900914223] [lifecycle_manager_map]: Server map_server connected with bond.
[lifecycle_manager-5] [INFO] [1788980904.900984876] [lifecycle_manager_map]: [34m[1mManaged nodes are active[0m[0m
[lifecycle_manager-5] [INFO] [1788980904.900998311] [lifecycle_manager_map]: [34m[1mCreating bond timer...[0m[0m
[autodrive_bridge_40hz-1] [autodrive_bridge_40hz] camera decode/publication disabled
[autodrive_bridge_40hz-1] [autodrive_bridge_40hz] bounded request pacing enabled at 40 Hz (max one outstanding request)
[autodrive_bridge_40hz-1] Connected!
[autodrive_bridge_40hz-1] [autodrive_bridge_40hz] dropping incomplete startup packet (missing V1 LIDAR Range Array); requesting retry
[component_container-9] [WARN] [1788980921.165861993] [pure_pursuit_node]: No pose received on /current_map_pose yet
[gpu_amcl_cpp_node-6] [INFO] [1788980921.166094540] [gpu_amcl_cpp]: Received first odometry sample at (0.00, 0.00, 0.00).
[gpu_amcl_cpp_node-6] [INFO] [1788980921.167115497] [gpu_amcl_cpp]: Received LiDAR callback #1 (1081 ranges).
[gpu_amcl_cpp_node-6] [INFO] [1788980921.167157256] [gpu_amcl_cpp]: AMCL odom delta: at_scan=(0.000, 0.000, 0.000) baseline=(0.000, 0.000, 0.000) delta=(0.000, 0.000, 0.000) moved=false scan_age=0.068s
[gpu_amcl_cpp_node-6] [INFO] [1788980921.167174027] [gpu_amcl_cpp]: Starting AMCL scan update #1 (sampled from 1081 ranges).
[gpu_amcl_cpp_node-6] [INFO] [1788980921.174781103] [gpu_amcl_cpp]: AMCL scan update #1 completed; evaluating pose confidence.
[gpu_amcl_cpp_node-6] [INFO] [1788980921.175462313] [gpu_amcl_cpp]: Global AMCL refining: cluster_weight=0.610, covariance xy=0.030 (max 0.250), yaw=0.004 (max 0.120).
[gpu_amcl_cpp_node-6] [INFO] [1788980921.175490906] [gpu_amcl_cpp]: Global AMCL lock evidence: quality=false stable_scans=1/5 travel=0.000/0.750 m (min_weight=0.500).
[gpu_amcl_cpp_node-6] [INFO] [1788980921.375573704] [gpu_amcl_cpp]: Publishing provisional global AMCL pose for localization ramp; travel=0.000/0.750 m stable_scans=5/5.
[ground_truth_amcl_monitor-7] [INFO] [1788980921.376361674] [ground_truth_amcl_monitor]: Relative GT alignment initialized: yaw=-0.000, translation=(-0.000, -0.001)
[ground_truth_amcl_monitor-7] [INFO] [1788980921.376852475] [ground_truth_amcl_monitor]: AMCL vs GT: gt=(0.801, 3.158) amcl=(0.801, 3.158) error=0.001 m / 0.000 rad; current_map=unavailable; odom=(0.801, 3.158, -1.571) error=0.000 m / 0.000 rad; ekf=(0.801, 3.158, -1.571) error=0.000 m / 0.000 rad; RMS=0.001 m / 0.000 rad max=0.001 m / 0.000 rad samples=1
[component_container-9] [INFO] [1788980921.700821272] [pure_pursuit_node]: Aligned closed trajectory seam to startup pose at original waypoint 1090
[component_container-9] [INFO] [1788980921.700929815] [pure_pursuit_node]: Startup path gate passed: path_distance=0.166 m heading_error=0.301 rad
[component_container-9] [INFO] [1788980921.700952688] [pure_pursuit_node]: Pure Pursuit: pose=(0.801, 3.158, -1.571) cte=-0.166 closest=0 target=31 path_dist=0.166 heading_err=0.301 steer=0.003 speed=0.003
[gpu_amcl_cpp_node-6] [INFO] [1788980922.176548792] [gpu_amcl_cpp]: AMCL odom delta: at_scan=(0.078, 0.001, 0.012) baseline=(0.054, 0.000, 0.009) delta=(0.024, 0.000, 0.003) moved=true scan_age=0.050s
[actuator_interface-10] [INFO] [1788980922.177329929] [autodrive_actuator_interface]: Collision baseline established at cumulative count 0
[ground_truth_amcl_monitor-7] [INFO] [1788980922.400561800] [ground_truth_amcl_monitor]: AMCL vs GT: gt=(0.812, 2.693) amcl=(0.804, 2.978) error=0.285 m / 0.019 rad; current_map=(0.807, 2.918, -1.510) error=0.226 m / 0.000 rad; odom=(0.807, 2.918, -1.510) error=0.225 m / 0.000 rad; ekf=(0.807, 2.918, -1.510) error=0.225 m / 0.000 rad; RMS=0.086 m / 0.004 rad max=0.285 m / 0.019 rad samples=38
[gpu_amcl_cpp_node-6] [INFO] [1788980922.629104404] [gpu_amcl_cpp]: Global AMCL candidate rejected: start-anchor distance 0.755 m > 0.750 m.
[component_container-9] [INFO] [1788980922.729504456] [pure_pursuit_node]: Pure Pursuit: pose=(0.881, 2.320, -1.393) cte=-0.008 closest=41 target=77 path_dist=0.008 heading_err=0.078 steer=0.042 speed=1.962
[gpu_amcl_cpp_node-6] [INFO] [1788980923.027260784] [gpu_amcl_cpp]: Global AMCL lock accepted at (0.982, 1.841, -1.345); continuing with local tracking.
[gpu_amcl_cpp_node-6] [INFO] [1788980923.077612866] [gpu_amcl_cpp]: AMCL local correction: odom_prediction=(1.005, 1.739, -1.345) scan=(0.993, 1.743, -1.352) correction=0.013 m/0.007 rad cluster_weight=0.904 publish=true
[gpu_amcl_cpp_node-6] [INFO] [1788980923.179046759] [gpu_amcl_cpp]: AMCL odom delta: at_scan=(1.617, 0.250, 0.220) baseline=(1.518, 0.227, 0.225) delta=(0.099, 0.022, -0.005) moved=true scan_age=0.051s
[ground_truth_amcl_monitor-7] [INFO] [1788980923.401742462] [ground_truth_amcl_monitor]: AMCL vs GT: gt=(1.147, 0.833) amcl=(1.094, 1.256) error=0.427 m / 0.002 rad; current_map=(1.114, 1.158, -1.377) error=0.327 m / 0.000 rad; odom=(1.121, 1.202, -1.375) error=0.370 m / 0.002 rad; ekf=(1.121, 1.202, -1.375) error=0.370 m / 0.002 rad; RMS=0.271 m / 0.018 rad max=0.841 m / 0.093 rad samples=64
[component_container-9] [INFO] [1788980923.751483918] [pure_pursuit_node]: Pure Pursuit: pose=(1.245, 0.436, -1.425) cte=0.003 closest=137 target=173 path_dist=0.003 heading_err=-0.012 steer=-0.032 speed=1.974
[gpu_amcl_cpp_node-6] [INFO] [1788980924.126969701] [gpu_amcl_cpp]: AMCL local correction: odom_prediction=(1.335, -0.220, -1.485) scan=(1.339, -0.281, -1.477) correction=0.061 m/0.009 rad cluster_weight=0.938 publish=true
[gpu_amcl_cpp_node-6] [INFO] [1788980924.227589916] [gpu_amcl_cpp]: AMCL odom delta: at_scan=(3.682, 0.572, 0.063) baseline=(3.580, 0.565, 0.075) delta=(0.102, 0.007, -0.012) moved=true scan_age=0.050s
[ground_truth_amcl_monitor-7] [INFO] [1788980924.427343483] [ground_truth_amcl_monitor]: AMCL vs GT: gt=(1.390, -1.152) amcl=(1.378, -1.070) error=0.083 m / 0.013 rad; current_map=(1.380, -1.169, -1.556) error=0.019 m / 0.000 rad; odom=(1.386, -0.824, -1.543) error=0.329 m / 0.013 rad; ekf=(1.386, -0.824, -1.543) error=0.329 m / 0.013 rad; RMS=0.317 m / 0.015 rad max=0.841 m / 0.093 rad samples=104
[component_container-9] [INFO] [1788980924.774785370] [pure_pursuit_node]: Pure Pursuit: pose=(1.364, -1.933, -1.647) cte=-0.014 closest=256 target=292 path_dist=0.014 heading_err=0.034 steer=-0.007 speed=1.946
[gpu_amcl_cpp_node-6] [INFO] [1788980925.154524399] [gpu_amcl_cpp]: AMCL local correction: odom_prediction=(1.307, -2.580, -1.658) scan=(1.307, -2.595, -1.657) correction=0.015 m/0.000 rad cluster_weight=0.938 publish=true
[gpu_amcl_cpp_node-6] [INFO] [1788980925.254841525] [gpu_amcl_cpp]: AMCL odom delta: at_scan=(5.724, 0.488, -0.092) baseline=(5.624, 0.497, -0.089) delta=(0.099, -0.009, -0.003) moved=true scan_age=0.052s
[ground_truth_amcl_monitor-7] [INFO] [1788980925.427438572] [ground_truth_amcl_monitor]: AMCL vs GT: gt=(1.258, -3.093) amcl=(1.271, -2.999) error=0.095 m / 0.006 rad; current_map=(1.260, -3.100, -1.679) error=0.008 m / 0.000 rad; odom=(1.254, -2.910, -1.679) error=0.183 m / 0.000 rad; ekf=(1.254, -2.910, -1.679) error=0.183 m / 0.000 rad; RMS=0.275 m / 0.013 rad max=0.841 m / 0.093 rad samples=140
[component_container-9] [INFO] [1788980925.800716337] [pure_pursuit_node]: Pure Pursuit: pose=(1.158, -3.875, -1.715) cte=0.002 closest=353 target=389 path_dist=0.002 heading_err=0.001 steer=-0.008 speed=1.986
[gpu_amcl_cpp_node-6] [INFO] [1788980926.176668293] [gpu_amcl_cpp]: Received LiDAR callback #94 (1081 ranges).
[gpu_amcl_cpp_node-6] [INFO] [1788980926.176723507] [gpu_amcl_cpp]: Starting AMCL scan update #94 (sampled from 1081 ranges).
[gpu_amcl_cpp_node-6] [INFO] [1788980926.177332270] [gpu_amcl_cpp]: AMCL scan update #94 completed; evaluating pose confidence.
[gpu_amcl_cpp_node-6] [INFO] [1788980926.177769732] [gpu_amcl_cpp]: AMCL local correction: odom_prediction=(1.055, -4.528, -1.740) scan=(1.055, -4.537, -1.738) correction=0.009 m/0.001 rad cluster_weight=0.931 publish=true
[gpu_amcl_cpp_node-6] [INFO] [1788980926.301687839] [gpu_amcl_cpp]: AMCL odom delta: at_scan=(7.787, 0.201, -0.176) baseline=(7.646, 0.226, -0.172) delta=(0.141, -0.025, -0.003) moved=true scan_age=0.053s
[ground_truth_amcl_monitor-7] [INFO] [1788980926.453747757] [ground_truth_amcl_monitor]: AMCL vs GT: gt=(0.951, -5.114) amcl=(0.983, -4.940) error=0.176 m / 0.002 rad; current_map=(0.965, -5.040, -1.752) error=0.075 m / 0.000 rad; odom=(0.946, -4.930, -1.752) error=0.184 m / 0.000 rad; ekf=(0.946, -4.930, -1.752) error=0.184 m / 0.000 rad; RMS=0.249 m / 0.012 rad max=0.841 m / 0.093 rad samples=178
[component_container-9] [INFO] [1788980926.851691774] [pure_pursuit_node]: Pure Pursuit: pose=(0.788, -5.957, -1.779) cte=-0.002 closest=459 target=495 path_dist=0.002 heading_err=0.001 steer=-0.010 speed=1.989
[gpu_amcl_cpp_node-6] [INFO] [1788980927.231826525] [gpu_amcl_cpp]: AMCL local correction: odom_prediction=(0.648, -6.599, -1.787) scan=(0.653, -6.603, -1.788) correction=0.007 m/0.001 rad cluster_weight=0.956 publish=true
[gpu_amcl_cpp_node-6] [INFO] [1788980927.301840100] [gpu_amcl_cpp]: AMCL odom delta: at_scan=(9.740, -0.195, -0.218) baseline=(9.600, -0.164, -0.217) delta=(0.140, -0.031, -0.002) moved=true scan_age=0.053s
[ground_truth_amcl_monitor-7] [INFO] [1788980927.475734723] [ground_truth_amcl_monitor]: AMCL vs GT: gt=(0.531, -7.103) amcl=(0.569, -6.953) error=0.155 m / 0.009 rad; current_map=(0.536, -7.089, -1.810) error=0.015 m / 0.000 rad; odom=(0.558, -6.785, -1.801) error=0.319 m / 0.009 rad; ekf=(0.558, -6.785, -1.801) error=0.319 m / 0.009 rad; RMS=0.230 m / 0.011 rad max=0.841 m / 0.093 rad samples=216
[component_container-9] [INFO] [1788980927.876282950] [pure_pursuit_node]: Pure Pursuit: pose=(0.317, -7.941, -1.836) cte=0.004 closest=561 target=597 path_dist=0.004 heading_err=-0.004 steer=-0.028 speed=1.946
[gpu_amcl_cpp_node-6] [INFO] [1788980928.251660876] [gpu_amcl_cpp]: AMCL local correction: odom_prediction=(0.136, -8.546, -1.918) scan=(0.134, -8.548, -1.914) correction=0.003 m/0.004 rad cluster_weight=0.985 publish=true
[gpu_amcl_cpp_node-6] [INFO] [1788980928.302922966] [gpu_amcl_cpp]: AMCL odom delta: at_scan=(11.664, -0.721, -0.363) baseline=(11.567, -0.685, -0.348) delta=(0.097, -0.036, -0.015) moved=true scan_age=0.052s
[ground_truth_amcl_monitor-7] [INFO] [1788980928.476578569] [ground_truth_amcl_monitor]: AMCL vs GT: gt=(-0.031, -8.959) amcl=(0.016, -8.854) error=0.115 m / 0.015 rad; current_map=(-0.024, -8.946, -1.982) error=0.015 m / 0.000 rad; odom=(-0.052, -8.826, -1.982) error=0.135 m / 0.000 rad; ekf=(-0.052, -8.826, -1.982) error=0.135 m / 0.000 rad; RMS=0.215 m / 0.010 rad max=0.841 m / 0.093 rad samples=254
[component_container-9] [INFO] [1788980928.877378658] [pure_pursuit_node]: Pure Pursuit: pose=(-0.438, -9.637, -2.278) cte=0.017 closest=655 target=690 path_dist=0.017 heading_err=0.008 steer=-0.218 speed=1.770
[gpu_amcl_cpp_node-6] [INFO] [1788980929.253650913] [gpu_amcl_cpp]: AMCL local correction: odom_prediction=(-0.867, -9.982, -2.669) scan=(-0.869, -9.980, -2.667) correction=0.002 m/0.002 rad cluster_weight=0.999 publish=true
[gpu_amcl_cpp_node-6] [INFO] [1788980929.303531528] [gpu_amcl_cpp]: AMCL odom delta: at_scan=(13.089, -1.794, -1.171) baseline=(13.052, -1.716, -1.098) delta=(0.036, -0.078, -0.073) moved=true scan_age=0.051s
[ground_truth_amcl_monitor-7] [INFO] [1788980929.477347071] [ground_truth_amcl_monitor]: AMCL vs GT: gt=(-1.240, -10.119) amcl=(-1.157, -10.078) error=0.092 m / 0.073 rad; current_map=(-1.243, -10.094, -2.997) error=0.026 m / 0.000 rad; odom=(-1.285, -10.012, -2.997) error=0.116 m / 0.000 rad; ekf=(-1.285, -10.012, -2.997) error=0.116 m / 0.000 rad; RMS=0.203 m / 0.018 rad max=0.841 m / 0.105 rad samples=292
[component_container-9] [INFO] [1788980929.925161311] [pure_pursuit_node]: Pure Pursuit: pose=(-2.101, -9.877, 2.550) cte=0.000 closest=748 target=784 path_dist=0.000 heading_err=-0.029 steer=-0.229 speed=1.844
[gpu_amcl_cpp_node-6] [INFO] [1788980930.303787124] [gpu_amcl_cpp]: AMCL local correction: odom_prediction=(-2.527, -9.425, 2.176) scan=(-2.511, -9.440, 2.175) correction=0.021 m/0.001 rad cluster_weight=0.964 publish=true
[gpu_amcl_cpp_node-6] [INFO] [1788980930.351863591] [gpu_amcl_cpp]: AMCL odom delta: at_scan=(12.453, -3.430, -2.577) baseline=(12.533, -3.377, -2.536) delta=(-0.080, -0.053, -0.041) moved=true scan_age=0.049s
[ground_truth_amcl_monitor-7] [INFO] [1788980930.501750977] [ground_truth_amcl_monitor]: AMCL vs GT: gt=(-2.674, -9.186) amcl=(-2.655, -9.198) error=0.023 m / 0.029 rad; current_map=(-2.701, -9.110, 2.044) error=0.081 m / 0.000 rad; odom=(-2.773, -9.045, 2.044) error=0.173 m / 0.000 rad; ekf=(-2.773, -9.045, 2.044) error=0.173 m / 0.000 rad; RMS=0.192 m / 0.023 rad max=0.841 m / 0.110 rad samples=330
[component_container-9] [INFO] [1788980930.975715045] [pure_pursuit_node]: Pure Pursuit: pose=(-3.033, -8.172, 1.802) cte=0.011 closest=847 target=883 path_dist=0.011 heading_err=-0.008 steer=-0.068 speed=1.898
[gpu_amcl_cpp_node-6] [INFO] [1788980931.177895255] [gpu_amcl_cpp]: Received LiDAR callback #188 (1081 ranges).
[gpu_amcl_cpp_node-6] [INFO] [1788980931.177966239] [gpu_amcl_cpp]: Starting AMCL scan update #188 (sampled from 1081 ranges).
[gpu_amcl_cpp_node-6] [INFO] [1788980931.178862993] [gpu_amcl_cpp]: AMCL scan update #188 completed; evaluating pose confidence.
[gpu_amcl_cpp_node-6] [INFO] [1788980931.352280878] [gpu_amcl_cpp]: AMCL local correction: odom_prediction=(-3.121, -7.590, 1.683) scan=(-3.121, -7.589, 1.691) correction=0.001 m/0.008 rad cluster_weight=0.985 publish=true
[gpu_amcl_cpp_node-6] [INFO] [1788980931.402560783] [gpu_amcl_cpp]: AMCL odom delta: at_scan=(10.485, -4.051, -3.046) baseline=(10.585, -4.041, -3.029) delta=(-0.099, -0.010, -0.017) moved=true scan_age=0.051s
[ground_truth_amcl_monitor-7] [INFO] [1788980931.526242445] [ground_truth_amcl_monitor]: AMCL vs GT: gt=(-3.152, -7.298) amcl=(-3.137, -7.411) error=0.114 m / 0.024 rad; current_map=(-3.146, -7.269, 1.625) error=0.029 m / 0.000 rad; odom=(-3.261, -7.226, 1.648) error=0.131 m / 0.024 rad; ekf=(-3.261, -7.226, 1.648) error=0.131 m / 0.024 rad; RMS=0.183 m / 0.023 rad max=0.841 m / 0.110 rad samples=368
[component_container-9] [INFO] [1788980932.024705780] [pure_pursuit_node]: Pure Pursuit: pose=(-3.107, -6.208, 1.480) cte=0.007 closest=946 target=982 path_dist=0.007 heading_err=-0.018 steer=-0.059 speed=1.942
[gpu_amcl_cpp_node-6] [INFO] [1788980932.378727736] [gpu_amcl_cpp]: AMCL local correction: odom_prediction=(-3.011, -5.610, 1.386) scan=(-3.017, -5.621, 1.378) correction=0.013 m/0.008 rad cluster_weight=0.962 publish=true
[gpu_amcl_cpp_node-6] [INFO] [1788980932.428286727] [gpu_amcl_cpp]: AMCL odom delta: at_scan=(8.450, -3.938, 2.942) baseline=(8.549, -3.957, 2.957) delta=(-0.100, 0.019, -0.014) moved=true scan_age=0.051s
[ground_truth_amcl_monitor-7] [INFO] [1788980932.552345437] [ground_truth_amcl_monitor]: AMCL vs GT: gt=(-2.972, -5.326) amcl=(-2.965, -5.409) error=0.083 m / 0.018 rad; current_map=(-2.934, -5.273, 1.339) error=0.066 m / 0.000 rad; odom=(-3.086, -5.056, 1.339) error=0.293 m / 0.000 rad; ekf=(-3.086, -5.056, 1.339) error=0.293 m / 0.000 rad; RMS=0.175 m / 0.022 rad max=0.841 m / 0.110 rad samples=406
[component_container-9] [INFO] [1788980933.025102004] [pure_pursuit_node]: Pure Pursuit: pose=(-2.655, -4.268, 1.289) cte=0.005 closest=1046 target=1082 path_dist=0.005 heading_err=0.001 steer=0.013 speed=1.979
[gpu_amcl_cpp_node-6] [WARN] [1788980933.300743422] [gpu_amcl_cpp]: Queued LiDAR scan until source-time odometry arrives (queued=1).
[gpu_amcl_cpp_node-6] [INFO] [1788980933.404405036] [gpu_amcl_cpp]: AMCL local correction: odom_prediction=(-2.523, -3.700, 1.294) scan=(-2.520, -3.698, 1.283) correction=0.003 m/0.011 rad cluster_weight=0.946 publish=true
[gpu_amcl_cpp_node-6] [INFO] [1788980933.455016834] [gpu_amcl_cpp]: AMCL odom delta: at_scan=(6.476, -3.408, 2.860) baseline=(6.575, -3.436, 2.865) delta=(-0.099, 0.028, -0.004) moved=true scan_age=0.052s
[ground_truth_amcl_monitor-7] [INFO] [1788980933.579072457] [ground_truth_amcl_monitor]: AMCL vs GT: gt=(-2.433, -3.384) amcl=(-2.455, -3.470) error=0.089 m / 0.002 rad; current_map=(-2.424, -3.366, 1.277) error=0.020 m / 0.000 rad; odom=(-2.569, -3.184, 1.279) error=0.242 m / 0.002 rad; ekf=(-2.569, -3.184, 1.279) error=0.242 m / 0.002 rad; RMS=0.168 m / 0.021 rad max=0.841 m / 0.110 rad samples=444
[component_container-9] [INFO] [1788980934.075616705] [pure_pursuit_node]: Pure Pursuit: pose=(-2.105, -2.286, 1.315) cte=0.007 closest=1149 target=1185 path_dist=0.007 heading_err=-0.003 steer=0.009 speed=1.972
[gpu_amcl_cpp_node-6] [INFO] [1788980934.452619587] [gpu_amcl_cpp]: AMCL local correction: odom_prediction=(-1.954, -1.686, 1.325) scan=(-1.953, -1.691, 1.316) correction=0.004 m/0.009 rad cluster_weight=0.960 publish=true
[gpu_amcl_cpp_node-6] [INFO] [1788980934.502033605] [gpu_amcl_cpp]: AMCL odom delta: at_scan=(4.462, -2.850, 2.896) baseline=(4.559, -2.874, 2.896) delta=(-0.097, 0.024, -0.000) moved=true scan_age=0.050s
[ground_truth_amcl_monitor-7] [INFO] [1788980934.603111918] [ground_truth_amcl_monitor]: AMCL vs GT: gt=(-1.902, -1.435) amcl=(-1.905, -1.480) error=0.045 m / 0.003 rad; current_map=(-1.881, -1.382, 1.329) error=0.058 m / 0.000 rad; odom=(-2.025, -1.207, 1.326) error=0.259 m / 0.003 rad; ekf=(-2.025, -1.207, 1.326) error=0.259 m / 0.003 rad; RMS=0.163 m / 0.020 rad max=0.841 m / 0.110 rad samples=482
[component_container-9] [INFO] [1788980935.124532221] [pure_pursuit_node]: Pure Pursuit: pose=(-1.620, -0.240, 1.349) cte=-0.012 closest=1254 target=1290 path_dist=0.012 heading_err=0.007 steer=0.004 speed=1.954
[gpu_amcl_cpp_node-6] [INFO] [1788980935.478196302] [gpu_amcl_cpp]: AMCL local correction: odom_prediction=(-1.502, 0.355, 1.364) scan=(-1.501, 0.336, 1.357) correction=0.020 m/0.007 rad cluster_weight=0.939 publish=true
[gpu_amcl_cpp_node-6] [INFO] [1788980935.526843650] [gpu_amcl_cpp]: AMCL odom delta: at_scan=(2.472, -2.387, 2.940) baseline=(2.570, -2.408, 2.935) delta=(-0.098, 0.020, 0.005) moved=true scan_age=0.050s
[ground_truth_amcl_monitor-7] [INFO] [1788980935.628004628] [ground_truth_amcl_monitor]: AMCL vs GT: gt=(-1.455, 0.530) amcl=(-1.456, 0.555) error=0.025 m / 0.007 rad; current_map=(-1.437, 0.656, 1.381) error=0.127 m / 0.000 rad; odom=(-1.567, 0.784, 1.374) error=0.277 m / 0.007 rad; ekf=(-1.567, 0.784, 1.374) error=0.277 m / 0.007 rad; RMS=0.157 m / 0.019 rad max=0.841 m / 0.110 rad samples=522
[component_container-9] [INFO] [1788980936.150763463] [pure_pursuit_node]: Pure Pursuit: pose=(-1.286, 1.762, 1.480) cte=-0.008 closest=1356 target=1392 path_dist=0.008 heading_err=0.015 steer=0.075 speed=1.896
[gpu_amcl_cpp_node-6] [INFO] [1788980936.201681626] [gpu_amcl_cpp]: Received LiDAR callback #283 (1081 ranges).
[gpu_amcl_cpp_node-6] [INFO] [1788980936.201728444] [gpu_amcl_cpp]: Starting AMCL scan update #283 (sampled from 1081 ranges).
[gpu_amcl_cpp_node-6] [INFO] [1788980936.202304255] [gpu_amcl_cpp]: AMCL scan update #283 completed; evaluating pose confidence.
[gpu_amcl_cpp_node-6] [INFO] [1788980936.527716761] [gpu_amcl_cpp]: AMCL odom delta: at_scan=(0.508, -2.171, -3.078) baseline=(0.605, -2.166, -3.106) delta=(-0.097, -0.005, 0.028) moved=true scan_age=0.051s
[gpu_amcl_cpp_node-6] [INFO] [1788980936.528960186] [gpu_amcl_cpp]: AMCL local correction: odom_prediction=(-1.274, 2.336, 1.634) scan=(-1.268, 2.320, 1.633) correction=0.017 m/0.001 rad cluster_weight=0.961 publish=true
[ground_truth_amcl_monitor-7] [INFO] [1788980936.629399178] [ground_truth_amcl_monitor]: AMCL vs GT: gt=(-1.303, 2.425) amcl=(-1.287, 2.507) error=0.083 m / 0.000 rad; current_map=(-1.291, 2.497, 1.701) error=0.073 m / 0.000 rad; odom=(-1.390, 2.850, 1.701) error=0.433 m / 0.000 rad; ekf=(-1.390, 2.850, 1.701) error=0.433 m / 0.000 rad; RMS=0.154 m / 0.019 rad max=0.841 m / 0.110 rad samples=561
[component_container-9] [INFO] [1788980937.201561500] [pure_pursuit_node]: Pure Pursuit: pose=(-1.549, 3.385, 1.996) cte=-0.009 closest=1439 target=1474 path_dist=0.009 heading_err=0.066 steer=0.417 speed=1.686
[gpu_amcl_cpp_node-6] [INFO] [1788980937.551460599] [gpu_amcl_cpp]: AMCL odom delta: at_scan=(-0.836, -2.709, -2.163) baseline=(-0.789, -2.645, -2.252) delta=(-0.047, -0.064, 0.090) moved=true scan_age=0.050s
[gpu_amcl_cpp_node-6] [INFO] [1788980937.552525569] [gpu_amcl_cpp]: AMCL local correction: odom_prediction=(-1.861, 3.755, 2.550) scan=(-1.860, 3.743, 2.544) correction=0.012 m/0.005 rad cluster_weight=0.971 publish=true
[ground_truth_amcl_monitor-7] [INFO] [1788980937.652656191] [ground_truth_amcl_monitor]: AMCL vs GT: gt=(-1.993, 3.773) amcl=(-1.938, 3.795) error=0.060 m / 0.104 rad; current_map=(-2.007, 3.828, 2.748) error=0.056 m / 0.000 rad; odom=(-2.042, 4.066, 2.748) error=0.297 m / 0.000 rad; ekf=(-2.042, 4.066, 2.748) error=0.297 m / 0.000 rad; RMS=0.149 m / 0.022 rad max=0.841 m / 0.129 rad samples=598
[component_container-9] [INFO] [1788980938.251057007] [pure_pursuit_node]: Pure Pursuit: pose=(-2.871, 3.544, -2.246) cte=-0.017 closest=1521 target=1556 path_dist=0.017 heading_err=0.021 steer=0.294 speed=1.737
[gpu_amcl_cpp_node-6] [INFO] [1788980938.577011196] [gpu_amcl_cpp]: AMCL odom delta: at_scan=(-0.258, -3.949, -0.303) baseline=(-0.338, -3.922, -0.359) delta=(0.080, -0.027, 0.056) moved=true scan_age=0.052s
[gpu_amcl_cpp_node-6] [INFO] [1788980938.578445900] [gpu_amcl_cpp]: AMCL local correction: odom_prediction=(-3.059, 3.028, -1.874) scan=(-3.059, 3.029, -1.865) correction=0.001 m/0.009 rad cluster_weight=0.952 publish=true
[ground_truth_amcl_monitor-7] [INFO] [1788980938.701884804] [ground_truth_amcl_monitor]: AMCL vs GT: gt=(-3.124, 2.905) amcl=(-3.082, 2.937) error=0.053 m / 0.051 rad; current_map=(-3.112, 2.805, -1.775) error=0.100 m / 0.000 rad; odom=(-3.204, 3.198, -1.775) error=0.304 m / 0.000 rad; ekf=(-3.204, 3.198, -1.775) error=0.304 m / 0.000 rad; RMS=0.146 m / 0.027 rad max=0.841 m / 0.145 rad samples=636
[component_container-9] [INFO] [1788980939.275763988] [pure_pursuit_node]: Pure Pursuit: pose=(-3.268, 1.618, -1.682) cte=0.004 closest=1620 target=1656 path_dist=0.004 heading_err=-0.005 steer=-0.016 speed=1.890
[gpu_amcl_cpp_node-6] [INFO] [1788980939.604286991] [gpu_amcl_cpp]: AMCL odom delta: at_scan=(1.728, -4.232, -0.143) baseline=(1.632, -4.219, -0.133) delta=(0.096, -0.013, -0.009) moved=true scan_age=0.051s
[gpu_amcl_cpp_node-6] [INFO] [1788980939.606720642] [gpu_amcl_cpp]: AMCL local correction: odom_prediction=(-3.336, 1.168, -1.714) scan=(-3.333, 1.174, -1.706) correction=0.007 m/0.007 rad cluster_weight=0.970 publish=true
[ground_truth_amcl_monitor-7] [INFO] [1788980939.727926702] [ground_truth_amcl_monitor]: AMCL vs GT: gt=(-3.380, 0.963) amcl=(-3.350, 1.053) error=0.096 m / 0.021 rad; current_map=(-3.368, 0.955, -1.760) error=0.015 m / 0.000 rad; odom=(-3.470, 1.200, -1.760) error=0.254 m / 0.000 rad; ekf=(-3.470, 1.200, -1.760) error=0.254 m / 0.000 rad; RMS=0.143 m / 0.026 rad max=0.841 m / 0.145 rad samples=674
[component_container-9] [INFO] [1788980940.277272451] [pure_pursuit_node]: Pure Pursuit: pose=(-3.710, 0.094, -2.089) cte=0.023 closest=1701 target=1736 path_dist=0.023 heading_err=-0.102 steer=-0.356 speed=1.657
[gpu_amcl_cpp_node-6] [INFO] [1788980940.652704757] [gpu_amcl_cpp]: AMCL odom delta: at_scan=(3.153, -4.917, -1.034) baseline=(3.111, -4.853, -0.954) delta=(0.042, -0.064, -0.079) moved=true scan_age=0.050s
[gpu_amcl_cpp_node-6] [INFO] [1788980940.653745602] [gpu_amcl_cpp]: AMCL local correction: odom_prediction=(-4.058, -0.352, -2.605) scan=(-4.060, -0.359, -2.600) correction=0.007 m/0.005 rad cluster_weight=0.979 publish=true
[ground_truth_amcl_monitor-7] [INFO] [1788980940.776815953] [ground_truth_amcl_monitor]: AMCL vs GT: gt=(-4.240, -0.415) amcl=(-4.128, -0.409) error=0.112 m / 0.094 rad; current_map=(-4.225, -0.451, -2.777) error=0.039 m / 0.000 rad; odom=(-4.183, -0.031, -2.683) error=0.388 m / 0.094 rad; ekf=(-4.183, -0.031, -2.683) error=0.388 m / 0.094 rad; RMS=0.140 m / 0.028 rad max=0.841 m / 0.145 rad samples=712
[gpu_amcl_cpp_node-6] [INFO] [1788980941.202798460] [gpu_amcl_cpp]: Received LiDAR callback #375 (1081 ranges).
[gpu_amcl_cpp_node-6] [INFO] [1788980941.202861047] [gpu_amcl_cpp]: Starting AMCL scan update #375 (sampled from 1081 ranges).
[gpu_amcl_cpp_node-6] [INFO] [1788980941.203764564] [gpu_amcl_cpp]: AMCL scan update #375 completed; evaluating pose confidence.
[component_container-9] [INFO] [1788980941.301495038] [pure_pursuit_node]: Pure Pursuit: pose=(-5.083, -0.370, 2.640) cte=0.013 closest=1781 target=1817 path_dist=0.013 heading_err=-0.008 steer=-0.282 speed=1.732
[gpu_amcl_cpp_node-6] [INFO] [1788980941.676540156] [gpu_amcl_cpp]: AMCL odom delta: at_scan=(2.820, -6.338, -2.520) baseline=(2.893, -6.282, -2.454) delta=(-0.073, -0.056, -0.066) moved=true scan_age=0.050s
[gpu_amcl_cpp_node-6] [INFO] [1788980941.677638949] [gpu_amcl_cpp]: AMCL local correction: odom_prediction=(-5.504, 0.042, 2.192) scan=(-5.503, 0.027, 2.191) correction=0.016 m/0.001 rad cluster_weight=0.940 publish=true
[ground_truth_amcl_monitor-7] [INFO] [1788980941.778870397] [ground_truth_amcl_monitor]: AMCL vs GT: gt=(-5.603, 0.150) amcl=(-5.599, 0.177) error=0.027 m / 0.000 rad; current_map=(-5.602, 0.178, 2.085) error=0.028 m / 0.000 rad; odom=(-5.634, 0.491, 2.085) error=0.342 m / 0.000 rad; ekf=(-5.634, 0.491, 2.085) error=0.342 m / 0.000 rad; RMS=0.137 m / 0.029 rad max=0.841 m / 0.145 rad samples=751
[component_container-9] [INFO] [1788980942.305527065] [pure_pursuit_node]: Pure Pursuit: pose=(-5.942, 1.191, 1.786) cte=-0.009 closest=1873 target=1909 path_dist=0.009 heading_err=0.021 steer=-0.033 speed=1.948
[gpu_amcl_cpp_node-6] [INFO] [1788980942.702000443] [gpu_amcl_cpp]: AMCL odom delta: at_scan=(0.927, -6.915, -2.995) baseline=(1.030, -6.899, -2.986) delta=(-0.103, -0.016, -0.009) moved=true scan_age=0.051s
[gpu_amcl_cpp_node-6] [INFO] [1788980942.703362481] [gpu_amcl_cpp]: AMCL local correction: odom_prediction=(-6.065, 1.861, 1.717) scan=(-6.062, 1.855, 1.711) correction=0.006 m/0.006 rad cluster_weight=0.950 publish=true
[ground_truth_amcl_monitor-7] [INFO] [1788980942.802192268] [ground_truth_amcl_monitor]: AMCL vs GT: gt=(-6.095, 2.039) amcl=(-6.075, 1.962) error=0.080 m / 0.009 rad; current_map=(-6.088, 2.062, 1.698) error=0.023 m / 0.000 rad; odom=(-6.142, 2.432, 1.698) error=0.395 m / 0.000 rad; ekf=(-6.142, 2.432, 1.698) error=0.395 m / 0.000 rad; RMS=0.135 m / 0.029 rad max=0.841 m / 0.145 rad samples=788
[component_container-9] [INFO] [1788980943.375592486] [pure_pursuit_node]: Pure Pursuit: pose=(-6.158, 3.233, 1.571) cte=0.005 closest=1976 target=2012 path_dist=0.005 heading_err=-0.005 steer=-0.035 speed=1.957
[gpu_amcl_cpp_node-6] [INFO] [1788980943.726610791] [gpu_amcl_cpp]: AMCL odom delta: at_scan=(-1.111, -6.999, 3.066) baseline=(-1.011, -7.006, 3.084) delta=(-0.100, 0.007, -0.018) moved=true scan_age=0.051s
[gpu_amcl_cpp_node-6] [INFO] [1788980943.727720526] [gpu_amcl_cpp]: AMCL local correction: odom_prediction=(-6.136, 3.831, 1.495) scan=(-6.139, 3.835, 1.495) correction=0.005 m/0.001 rad cluster_weight=0.975 publish=true
[ground_truth_amcl_monitor-7] [INFO] [1788980943.852870992] [ground_truth_amcl_monitor]: AMCL vs GT: gt=(-6.128, 4.093) amcl=(-6.131, 3.938) error=0.156 m / 0.019 rad; current_map=(-6.117, 4.080, 1.461) error=0.017 m / 0.000 rad; odom=(-6.175, 4.512, 1.461) error=0.422 m / 0.000 rad; ekf=(-6.175, 4.512, 1.461) error=0.422 m / 0.000 rad; RMS=0.133 m / 0.028 rad max=0.841 m / 0.145 rad samples=828
[component_container-9] [INFO] [1788980944.402679234] [pure_pursuit_node]: Pure Pursuit: pose=(-5.884, 5.249, 1.281) cte=0.003 closest=2078 target=2114 path_dist=0.003 heading_err=-0.002 steer=-0.062 speed=1.949
[gpu_amcl_cpp_node-6] [INFO] [1788980944.728021730] [gpu_amcl_cpp]: AMCL odom delta: at_scan=(-3.048, -6.561, 2.753) baseline=(-2.956, -6.598, 2.771) delta=(-0.092, 0.037, -0.018) moved=true scan_age=0.051s
[gpu_amcl_cpp_node-6] [INFO] [1788980944.729315189] [gpu_amcl_cpp]: AMCL local correction: odom_prediction=(-5.702, 5.748, 1.182) scan=(-5.699, 5.740, 1.183) correction=0.008 m/0.001 rad cluster_weight=0.994 publish=true
[ground_truth_amcl_monitor-7] [INFO] [1788980944.901548815] [ground_truth_amcl_monitor]: AMCL vs GT: gt=(-5.593, 6.039) amcl=(-5.628, 5.919) error=0.126 m / 0.027 rad; current_map=(-5.572, 6.040, 1.120) error=0.021 m / 0.000 rad; odom=(-5.625, 6.509, 1.120) error=0.471 m / 0.000 rad; ekf=(-5.625, 6.509, 1.120) error=0.471 m / 0.000 rad; RMS=0.131 m / 0.028 rad max=0.841 m / 0.145 rad samples=866
[gpu_amcl_cpp_node-6] [WARN] [1788980945.304290271] [gpu_amcl_cpp]: Clamped accumulated local AMCL correction from 0.506 to 0.500 m.
[component_container-9] [INFO] [1788980945.451471559] [pure_pursuit_node]: Pure Pursuit: pose=(-4.956, 6.933, 0.759) cte=0.004 closest=2175 target=2211 path_dist=0.004 heading_err=-0.014 steer=-0.141 speed=1.878
[gpu_amcl_cpp_node-6] [INFO] [1788980945.776481991] [gpu_amcl_cpp]: AMCL odom delta: at_scan=(-4.595, -5.368, 2.112) baseline=(-4.546, -5.447, 2.151) delta=(-0.050, 0.079, -0.039) moved=true scan_age=0.050s
[gpu_amcl_cpp_node-6] [INFO] [1788980945.777610340] [gpu_amcl_cpp]: AMCL local correction: odom_prediction=(-4.565, 7.254, 0.541) scan=(-4.568, 7.219, 0.555) correction=0.034 m/0.014 rad cluster_weight=0.995 publish=true
[ground_truth_amcl_monitor-7] [INFO] [1788980945.934787590] [ground_truth_amcl_monitor]: AMCL vs GT: gt=(-4.318, 7.373) amcl=(-4.401, 7.346) error=0.088 m / 0.041 rad; current_map=(-4.309, 7.389, 0.417) error=0.018 m / 0.000 rad; odom=(-4.306, 7.889, 0.417) error=0.516 m / 0.000 rad; ekf=(-4.306, 7.889, 0.417) error=0.516 m / 0.000 rad; RMS=0.128 m / 0.028 rad max=0.841 m / 0.145 rad samples=906
[gpu_amcl_cpp_node-6] [INFO] [1788980946.243545029] [gpu_amcl_cpp]: Received LiDAR callback #469 (1081 ranges).
[gpu_amcl_cpp_node-6] [INFO] [1788980946.243613327] [gpu_amcl_cpp]: Starting AMCL scan update #469 (sampled from 1081 ranges).
[gpu_amcl_cpp_node-6] [INFO] [1788980946.244435491] [gpu_amcl_cpp]: AMCL scan update #469 completed; evaluating pose confidence.
[gpu_amcl_cpp_node-6] [WARN] [1788980946.354361947] [gpu_amcl_cpp]: Clamped accumulated local AMCL correction from 0.537 to 0.500 m.
[component_container-9] [INFO] [1788980946.501779779] [pure_pursuit_node]: Pure Pursuit: pose=(-3.315, 7.598, -0.047) cte=-0.004 closest=2266 target=2300 path_dist=0.004 heading_err=0.060 steer=-0.073 speed=1.885
[gpu_amcl_cpp_node-6] [INFO] [1788980946.778600452] [gpu_amcl_cpp]: AMCL odom delta: at_scan=(-4.896, -3.602, 1.404) baseline=(-4.910, -3.699, 1.443) delta=(0.014, 0.097, -0.039) moved=true scan_age=0.052s
[gpu_amcl_cpp_node-6] [INFO] [1788980946.781275937] [gpu_amcl_cpp]: AMCL local correction: odom_prediction=(-2.808, 7.554, -0.167) scan=(-2.796, 7.536, -0.165) correction=0.022 m/0.001 rad cluster_weight=0.951 publish=true
[ground_truth_amcl_monitor-7] [INFO] [1788980946.952434402] [ground_truth_amcl_monitor]: AMCL vs GT: gt=(-2.481, 7.451) amcl=(-2.582, 7.498) error=0.110 m / 0.045 rad; current_map=(-2.489, 7.467, -0.336) error=0.018 m / 0.000 rad; odom=(-2.558, 7.997, -0.291) error=0.551 m / 0.045 rad; ekf=(-2.558, 7.997, -0.291) error=0.551 m / 0.045 rad; RMS=0.127 m / 0.028 rad max=0.841 m / 0.145 rad samples=942
[gpu_amcl_cpp_node-6] [WARN] [1788980947.401904029] [gpu_amcl_cpp]: Clamped accumulated local AMCL correction from 0.511 to 0.500 m.
[component_container-9] [INFO] [1788980947.531011636] [pure_pursuit_node]: Pure Pursuit: pose=(-1.430, 6.859, -0.728) cte=-0.005 closest=2369 target=2405 path_dist=0.005 heading_err=0.015 steer=-0.074 speed=1.931
[gpu_amcl_cpp_node-6] [INFO] [1788980947.826628566] [gpu_amcl_cpp]: AMCL odom delta: at_scan=(-3.843, -1.852, 0.739) baseline=(-3.916, -1.920, 0.758) delta=(0.073, 0.068, -0.018) moved=true scan_age=0.051s
[gpu_amcl_cpp_node-6] [INFO] [1788980947.827718794] [gpu_amcl_cpp]: AMCL local correction: odom_prediction=(-1.097, 6.504, -0.832) scan=(-1.106, 6.515, -0.834) correction=0.014 m/0.002 rad cluster_weight=0.979 publish=true
[ground_truth_amcl_monitor-7] [INFO] [1788980947.979222398] [ground_truth_amcl_monitor]: AMCL vs GT: gt=(-0.930, 6.305) amcl=(-0.981, 6.366) error=0.079 m / 0.014 rad; current_map=(-0.917, 6.290, -0.872) error=0.021 m / 0.000 rad; odom=(-0.853, 6.775, -0.872) error=0.476 m / 0.000 rad; ekf=(-0.853, 6.775, -0.872) error=0.476 m / 0.000 rad; RMS=0.125 m / 0.028 rad max=0.841 m / 0.145 rad samples=978
[component_container-9] [INFO] [1788980948.556151675] [pure_pursuit_node]: Pure Pursuit: pose=(-0.240, 5.288, -1.076) cte=-0.004 closest=2468 target=2504 path_dist=0.004 heading_err=-0.006 steer=-0.044 speed=1.965
[gpu_amcl_cpp_node-6] [INFO] [1788980948.828870564] [gpu_amcl_cpp]: AMCL odom delta: at_scan=(-2.182, -0.757, 0.445) baseline=(-2.272, -0.801, 0.456) delta=(0.091, 0.044, -0.010) moved=true scan_age=0.051s
[gpu_amcl_cpp_node-6] [INFO] [1788980948.830985776] [gpu_amcl_cpp]: AMCL local correction: odom_prediction=(-0.052, 4.912, -1.125) scan=(-0.054, 4.912, -1.127) correction=0.002 m/0.002 rad cluster_weight=0.955 publish=true
[ground_truth_amcl_monitor-7] [INFO] [1788980949.001544946] [ground_truth_amcl_monitor]: AMCL vs GT: gt=(0.086, 4.594) amcl=(0.057, 4.678) error=0.088 m / 0.009 rad; current_map=(0.098, 4.586, -1.156) error=0.015 m / 0.000 rad; odom=(0.187, 5.026, -1.156) error=0.443 m / 0.000 rad; ekf=(0.187, 5.026, -1.156) error=0.443 m / 0.000 rad; RMS=0.124 m / 0.027 rad max=0.841 m / 0.145 rad samples=1014
[component_container-9] [INFO] [1788980949.624865842] [pure_pursuit_node]: Pure Pursuit: pose=(0.569, 3.317, -1.253) cte=0.007 closest=2575 target=25 path_dist=0.007 heading_err=-0.003 steer=-0.010 speed=1.956
[gpu_amcl_cpp_node-6] [INFO] [1788980949.851351858] [gpu_amcl_cpp]: AMCL odom delta: at_scan=(-0.280, -0.025, 0.310) baseline=(-0.381, -0.057, 0.311) delta=(0.101, 0.032, -0.001) moved=true scan_age=0.050s
[gpu_amcl_cpp_node-6] [INFO] [1788980949.852447786] [gpu_amcl_cpp]: AMCL local correction: odom_prediction=(0.674, 3.003, -1.261) scan=(0.672, 2.995, -1.272) correction=0.008 m/0.011 rad cluster_weight=0.909 publish=true
[ground_truth_amcl_monitor-7] [INFO] [1788980950.003510512] [ground_truth_amcl_monitor]: AMCL vs GT: gt=(0.755, 2.749) amcl=(0.727, 2.804) error=0.061 m / 0.006 rad; current_map=(0.757, 2.708, -1.272) error=0.041 m / 0.000 rad; odom=(0.865, 3.152, -1.272) error=0.417 m / 0.000 rad; ekf=(0.865, 3.152, -1.272) error=0.417 m / 0.000 rad; RMS=0.122 m / 0.027 rad max=0.841 m / 0.145 rad samples=1052
[component_container-9] [INFO] [1788980950.625849622] [pure_pursuit_node]: Pure Pursuit: pose=(1.069, 1.594, -1.377) cte=-0.023 closest=79 target=114 path_dist=0.023 heading_err=0.016 steer=-0.038 speed=1.919
[gpu_amcl_cpp_node-6] [INFO] [1788980950.851471014] [gpu_amcl_cpp]: AMCL odom delta: at_scan=(1.655, 0.450, 0.161) baseline=(1.550, 0.433, 0.172) delta=(0.105, 0.018, -0.011) moved=true scan_age=0.050s
[gpu_amcl_cpp_node-6] [INFO] [1788980950.852593111] [gpu_amcl_cpp]: AMCL local correction: odom_prediction=(1.115, 1.296, -1.410) scan=(1.107, 1.295, -1.414) correction=0.009 m/0.005 rad cluster_weight=0.931 publish=true
[ground_truth_amcl_monitor-7] [INFO] [1788980951.003753520] [ground_truth_amcl_monitor]: AMCL vs GT: gt=(1.179, 0.837) amcl=(1.136, 1.110) error=0.276 m / 0.001 rad; current_map=(1.151, 1.010, -1.418) error=0.175 m / 0.000 rad; odom=(1.297, 1.207, -1.418) error=0.388 m / 0.000 rad; ekf=(1.297, 1.207, -1.418) error=0.388 m / 0.000 rad; RMS=0.124 m / 0.026 rad max=0.841 m / 0.145 rad samples=1090
[gpu_amcl_cpp_node-6] [INFO] [1788980951.276307968] [gpu_amcl_cpp]: Received LiDAR callback #561 (1081 ranges).
[gpu_amcl_cpp_node-6] [INFO] [1788980951.276350328] [gpu_amcl_cpp]: Starting AMCL scan update #561 (sampled from 1081 ranges).
[gpu_amcl_cpp_node-6] [INFO] [1788980951.276938953] [gpu_amcl_cpp]: AMCL scan update #561 completed; evaluating pose confidence.
[component_container-9] [INFO] [1788980951.675236939] [pure_pursuit_node]: Pure Pursuit: pose=(1.331, -0.244, -1.492) cte=-0.008 closest=171 target=207 path_dist=0.008 heading_err=0.004 steer=-0.034 speed=1.959
[gpu_amcl_cpp_node-6] [INFO] [1788980951.852348371] [gpu_amcl_cpp]: AMCL odom delta: at_scan=(3.625, 0.702, 0.052) baseline=(3.484, 0.693, 0.067) delta=(0.141, 0.008, -0.015) moved=true scan_age=0.054s
[gpu_amcl_cpp_node-6] [INFO] [1788980951.853739514] [gpu_amcl_cpp]: AMCL local correction: odom_prediction=(1.356, -0.815, -1.519) scan=(1.367, -0.825, -1.515) correction=0.014 m/0.004 rad cluster_weight=0.957 publish=true
[ground_truth_amcl_monitor-7] [INFO] [1788980952.027969796] [ground_truth_amcl_monitor]: AMCL vs GT: gt=(1.393, -1.161) amcl=(1.378, -1.094) error=0.068 m / 0.011 rad; current_map=(1.379, -1.200, -1.558) error=0.041 m / 0.000 rad; odom=(1.513, -0.822, -1.558) error=0.360 m / 0.000 rad; ekf=(1.513, -0.822, -1.558) error=0.360 m / 0.000 rad; RMS=0.132 m / 0.026 rad max=0.841 m / 0.145 rad samples=1126
[component_container-9] [INFO] [1788980952.726778528] [pure_pursuit_node]: Pure Pursuit: pose=(1.305, -2.642, -1.665) cte=-0.001 closest=291 target=327 path_dist=0.001 heading_err=0.010 steer=-0.010 speed=1.986
[gpu_amcl_cpp_node-6] [INFO] [1788980952.878734710] [gpu_amcl_cpp]: AMCL odom delta: at_scan=(5.673, 0.603, -0.098) baseline=(5.573, 0.612, -0.095) delta=(0.100, -0.010, -0.003) moved=true scan_age=0.050s
[gpu_amcl_cpp_node-6] [INFO] [1788980952.880820647] [gpu_amcl_cpp]: AMCL local correction: odom_prediction=(1.289, -2.838, -1.669) scan=(1.286, -2.832, -1.668) correction=0.007 m/0.001 rad cluster_weight=0.938 publish=true
[ground_truth_amcl_monitor-7] [INFO] [1788980953.055083560] [ground_truth_amcl_monitor]: AMCL vs GT: gt=(1.250, -3.161) amcl=(1.266, -3.058) error=0.104 m / 0.004 rad; current_map=(1.255, -3.159, -1.682) error=0.005 m / 0.000 rad; odom=(1.367, -2.861, -1.682) error=0.322 m / 0.000 rad; ekf=(1.367, -2.861, -1.682) error=0.322 m / 0.000 rad; RMS=0.131 m / 0.026 rad max=0.841 m / 0.145 rad samples=1164
[component_container-9] [INFO] [1788980953.750304482] [pure_pursuit_node]: Pure Pursuit: pose=(1.044, -4.623, -1.738) cte=-0.002 closest=391 target=427 path_dist=0.002 heading_err=-0.002 steer=-0.017 speed=1.986
[gpu_amcl_cpp_node-6] [INFO] [1788980953.925920546] [gpu_amcl_cpp]: AMCL odom delta: at_scan=(7.740, 0.310, -0.176) baseline=(7.637, 0.328, -0.171) delta=(0.103, -0.018, -0.005) moved=true scan_age=0.050s
[gpu_amcl_cpp_node-6] [INFO] [1788980953.926988331] [gpu_amcl_cpp]: AMCL local correction: odom_prediction=(1.000, -4.830, -1.747) scan=(1.001, -4.839, -1.744) correction=0.009 m/0.003 rad cluster_weight=0.950 publish=true
[ground_truth_amcl_monitor-7] [INFO] [1788980954.079658594] [ground_truth_amcl_monitor]: AMCL vs GT: gt=(0.939, -5.175) amcl=(0.968, -5.043) error=0.135 m / 0.002 rad; current_map=(0.949, -5.141, -1.757) error=0.036 m / 0.000 rad; odom=(1.055, -4.880, -1.757) error=0.317 m / 0.000 rad; ekf=(1.055, -4.880, -1.757) error=0.317 m / 0.000 rad; RMS=0.130 m / 0.025 rad max=0.841 m / 0.145 rad samples=1202
[component_container-9] [INFO] [1788980954.754489594] [pure_pursuit_node]: Pure Pursuit: pose=(0.660, -6.543, -1.789) cte=-0.002 closest=489 target=525 path_dist=0.002 heading_err=-0.003 steer=-0.014 speed=1.988
[gpu_amcl_cpp_node-6] [INFO] [1788980954.925926279] [gpu_amcl_cpp]: AMCL odom delta: at_scan=(9.692, -0.089, -0.223) baseline=(9.593, -0.067, -0.219) delta=(0.098, -0.022, -0.004) moved=true scan_age=0.050s
[gpu_amcl_cpp_node-6] [INFO] [1788980954.927045761] [gpu_amcl_cpp]: AMCL local correction: odom_prediction=(0.606, -6.807, -1.794) scan=(0.602, -6.796, -1.792) correction=0.012 m/0.002 rad cluster_weight=0.949 publish=true
[ground_truth_amcl_monitor-7] [INFO] [1788980955.101873784] [ground_truth_amcl_monitor]: AMCL vs GT: gt=(0.517, -7.157) amcl=(0.557, -6.997) error=0.165 m / 0.007 rad; current_map=(0.524, -7.134, -1.812) error=0.024 m / 0.000 rad; odom=(0.632, -6.868, -1.812) error=0.311 m / 0.000 rad; ekf=(0.632, -6.868, -1.812) error=0.311 m / 0.000 rad; RMS=0.129 m / 0.025 rad max=0.841 m / 0.145 rad samples=1240
[component_container-9] [INFO] [1788980955.800687209] [pure_pursuit_node]: Pure Pursuit: pose=(0.128, -8.560, -1.902) cte=0.005 closest=593 target=629 path_dist=0.005 heading_err=-0.004 steer=-0.064 speed=1.864
[gpu_amcl_cpp_node-6] [INFO] [1788980955.926491008] [gpu_amcl_cpp]: AMCL odom delta: at_scan=(11.606, -0.620, -0.365) baseline=(11.471, -0.571, -0.334) delta=(0.135, -0.049, -0.030) moved=true scan_age=0.052s
[gpu_amcl_cpp_node-6] [INFO] [1788980955.927681173] [gpu_amcl_cpp]: AMCL local correction: odom_prediction=(0.085, -8.693, -1.936) scan=(0.083, -8.686, -1.933) correction=0.008 m/0.002 rad cluster_weight=0.990 publish=true
[ground_truth_amcl_monitor-7] [INFO] [1788980956.104275813] [ground_truth_amcl_monitor]: AMCL vs GT: gt=(-0.051, -9.003) amcl=(-0.042, -8.985) error=0.020 m / 0.000 rad; current_map=(-0.044, -8.991, -1.997) error=0.014 m / 0.000 rad; odom=(0.048, -8.762, -1.997) error=0.261 m / 0.000 rad; ekf=(0.048, -8.762, -1.997) error=0.261 m / 0.000 rad; RMS=0.128 m / 0.025 rad max=0.841 m / 0.145 rad samples=1277
[gpu_amcl_cpp_node-6] [INFO] [1788980956.276515846] [gpu_amcl_cpp]: Received LiDAR callback #652 (1081 ranges).
[gpu_amcl_cpp_node-6] [INFO] [1788980956.276570348] [gpu_amcl_cpp]: Starting AMCL scan update #652 (sampled from 1081 ranges).
[gpu_amcl_cpp_node-6] [INFO] [1788980956.277148043] [gpu_amcl_cpp]: AMCL scan update #652 completed; evaluating pose confidence.
[component_container-9] [INFO] [1788980956.850101862] [pure_pursuit_node]: Pure Pursuit: pose=(-0.957, -10.017, -2.764) cte=0.017 closest=688 target=723 path_dist=0.017 heading_err=-0.046 steer=-0.260 speed=1.768
[gpu_amcl_cpp_node-6] [INFO] [1788980956.953837970] [gpu_amcl_cpp]: AMCL odom delta: at_scan=(13.018, -1.770, -1.256) baseline=(12.987, -1.687, -1.187) delta=(0.030, -0.083, -0.070) moved=true scan_age=0.052s
[gpu_amcl_cpp_node-6] [INFO] [1788980956.955971727] [gpu_amcl_cpp]: AMCL local correction: odom_prediction=(-1.034, -10.048, -2.827) scan=(-1.037, -10.044, -2.823) correction=0.006 m/0.004 rad cluster_weight=0.999 publish=true
[ground_truth_amcl_monitor-7] [INFO] [1788980957.126972502] [ground_truth_amcl_monitor]: AMCL vs GT: gt=(-1.340, -10.127) amcl=(-1.250, -10.090) error=0.097 m / 0.075 rad; current_map=(-1.338, -10.099, -3.076) error=0.028 m / 0.000 rad; odom=(-1.187, -9.910, -3.001) error=0.266 m / 0.075 rad; ekf=(-1.187, -9.910, -3.001) error=0.266 m / 0.075 rad; RMS=0.127 m / 0.025 rad max=0.841 m / 0.145 rad samples=1312
[component_container-9] [INFO] [1788980957.877509135] [pure_pursuit_node]: Pure Pursuit: pose=(-2.565, -9.368, 2.146) cte=-0.007 closest=783 target=819 path_dist=0.007 heading_err=-0.018 steer=-0.115 speed=1.915
[gpu_amcl_cpp_node-6] [INFO] [1788980958.002600556] [gpu_amcl_cpp]: AMCL odom delta: at_scan=(12.262, -3.369, -2.614) baseline=(12.348, -3.317, -2.580) delta=(-0.086, -0.052, -0.034) moved=true scan_age=0.052s
[gpu_amcl_cpp_node-6] [INFO] [1788980958.003971060] [gpu_amcl_cpp]: AMCL local correction: odom_prediction=(-2.617, -9.273, 2.098) scan=(-2.611, -9.275, 2.097) correction=0.006 m/0.001 rad cluster_weight=0.967 publish=true
[ground_truth_amcl_monitor-7] [INFO] [1788980958.178551547] [ground_truth_amcl_monitor]: AMCL vs GT: gt=(-2.737, -9.048) amcl=(-2.706, -9.096) error=0.057 m / 0.036 rad; current_map=(-2.766, -8.971, 1.999) error=0.083 m / 0.000 rad; odom=(-2.663, -8.931, 2.035) error=0.139 m / 0.036 rad; ekf=(-2.663, -8.931, 2.035) error=0.139 m / 0.036 rad; RMS=0.126 m / 0.026 rad max=0.841 m / 0.145 rad samples=1350
[gpu_amcl_cpp_node-6] [WARN] [1788980958.603429600] [gpu_amcl_cpp]: Queued LiDAR scan until source-time odometry arrives (queued=1).
[component_container-9] [INFO] [1788980958.926560982] [pure_pursuit_node]: Pure Pursuit: pose=(-3.124, -7.524, 1.680) cte=0.015 closest=880 target=916 path_dist=0.015 heading_err=-0.026 steer=-0.059 speed=1.919
[gpu_amcl_cpp_node-6] [INFO] [1788980959.027452598] [gpu_amcl_cpp]: AMCL odom delta: at_scan=(10.332, -3.939, -3.045) baseline=(10.429, -3.928, -3.032) delta=(-0.097, -0.010, -0.013) moved=true scan_age=0.051s
[gpu_amcl_cpp_node-6] [INFO] [1788980959.028630991] [gpu_amcl_cpp]: AMCL local correction: odom_prediction=(-3.132, -7.441, 1.667) scan=(-3.130, -7.454, 1.673) correction=0.013 m/0.006 rad cluster_weight=0.987 publish=true
[ground_truth_amcl_monitor-7] [INFO] [1788980959.201253209] [ground_truth_amcl_monitor]: AMCL vs GT: gt=(-3.158, -7.152) amcl=(-3.144, -7.216) error=0.066 m / 0.018 rad; current_map=(-3.149, -7.111, 1.609) error=0.042 m / 0.000 rad; odom=(-3.162, -6.827, 1.609) error=0.325 m / 0.000 rad; ekf=(-3.157, -6.932, 1.627) error=0.220 m / 0.018 rad; RMS=0.124 m / 0.026 rad max=0.841 m / 0.145 rad samples=1388
[component_container-9] [INFO] [1788980959.975540180] [pure_pursuit_node]: Pure Pursuit: pose=(-2.995, -5.525, 1.369) cte=0.010 closest=981 target=1017 path_dist=0.010 heading_err=-0.010 steer=-0.033 speed=1.919
[gpu_amcl_cpp_node-6] [INFO] [1788980960.027779590] [gpu_amcl_cpp]: AMCL odom delta: at_scan=(8.348, -3.820, 2.939) baseline=(8.445, -3.840, 2.950) delta=(-0.097, 0.019, -0.011) moved=true scan_age=0.050s
[gpu_amcl_cpp_node-6] [INFO] [1788980960.029160654] [gpu_amcl_cpp]: AMCL local correction: odom_prediction=(-3.000, -5.521, 1.368) scan=(-3.000, -5.518, 1.360) correction=0.003 m/0.008 rad cluster_weight=0.937 publish=true
[ground_truth_amcl_monitor-7] [INFO] [1788980960.202339648] [ground_truth_amcl_monitor]: AMCL vs GT: gt=(-2.947, -5.228) amcl=(-2.941, -5.315) error=0.087 m / 0.017 rad; current_map=(-2.909, -5.179, 1.333) error=0.062 m / 0.000 rad; odom=(-2.947, -4.858, 1.333) error=0.371 m / 0.000 rad; ekf=(-2.947, -4.858, 1.333) error=0.371 m / 0.000 rad; RMS=0.123 m / 0.026 rad max=0.841 m / 0.145 rad samples=1426
[component_container-9] [INFO] [1788980961.027531260] [pure_pursuit_node]: Pure Pursuit: pose=(-2.466, -3.515, 1.299) cte=-0.018 closest=1085 target=1121 path_dist=0.018 heading_err=0.000 steer=-0.022 speed=1.946
[gpu_amcl_cpp_node-6] [INFO] [1788980961.028875805] [gpu_amcl_cpp]: AMCL odom delta: at_scan=(6.424, -3.310, 2.874) baseline=(6.519, -3.336, 2.879) delta=(-0.096, 0.026, -0.005) moved=true scan_age=0.053s
[gpu_amcl_cpp_node-6] [INFO] [1788980961.030960460] [gpu_amcl_cpp]: AMCL local correction: odom_prediction=(-2.492, -3.624, 1.304) scan=(-2.490, -3.619, 1.296) correction=0.005 m/0.007 rad cluster_weight=0.944 publish=true
[ground_truth_amcl_monitor-7] [INFO] [1788980961.206057636] [ground_truth_amcl_monitor]: AMCL vs GT: gt=(-2.425, -3.337) amcl=(-2.438, -3.403) error=0.067 m / 0.007 rad; current_map=(-2.409, -3.307, 1.280) error=0.034 m / 0.000 rad; odom=(-2.414, -2.931, 1.280) error=0.407 m / 0.000 rad; ekf=(-2.414, -2.931, 1.280) error=0.407 m / 0.000 rad; RMS=0.122 m / 0.025 rad max=0.841 m / 0.145 rad samples=1462
[gpu_amcl_cpp_node-6] [INFO] [1788980961.277284463] [gpu_amcl_cpp]: Received LiDAR callback #744 (1081 ranges).
[gpu_amcl_cpp_node-6] [INFO] [1788980961.277337112] [gpu_amcl_cpp]: Starting AMCL scan update #744 (sampled from 1081 ranges).
[gpu_amcl_cpp_node-6] [INFO] [1788980961.278223416] [gpu_amcl_cpp]: AMCL scan update #744 completed; evaluating pose confidence.
[component_container-9] [INFO] [1788980962.051446605] [pure_pursuit_node]: Pure Pursuit: pose=(-1.921, -1.567, 1.324) cte=0.003 closest=1186 target=1222 path_dist=0.003 heading_err=-0.004 steer=0.009 speed=1.984
[gpu_amcl_cpp_node-6] [INFO] [1788980962.052726248] [gpu_amcl_cpp]: AMCL odom delta: at_scan=(4.461, -2.760, 2.893) baseline=(4.598, -2.795, 2.890) delta=(-0.137, 0.035, 0.003) moved=true scan_age=0.054s
[gpu_amcl_cpp_node-6] [INFO] [1788980962.054110487] [gpu_amcl_cpp]: AMCL local correction: odom_prediction=(-1.956, -1.682, 1.322) scan=(-1.951, -1.670, 1.309) correction=0.013 m/0.013 rad cluster_weight=0.962 publish=true
[ground_truth_amcl_monitor-7] [INFO] [1788980962.206093647] [ground_truth_amcl_monitor]: AMCL vs GT: gt=(-1.902, -1.435) amcl=(-1.876, -1.377) error=0.063 m / 0.000 rad; current_map=(-1.879, -1.379, 1.330) error=0.060 m / 0.000 rad; odom=(-1.885, -1.005, 1.330) error=0.430 m / 0.000 rad; ekf=(-1.885, -1.005, 1.330) error=0.430 m / 0.000 rad; RMS=0.121 m / 0.025 rad max=0.841 m / 0.145 rad samples=1499
[component_container-9] [INFO] [1788980963.100997838] [pure_pursuit_node]: Pure Pursuit: pose=(-1.470, 0.493, 1.374) cte=-0.009 closest=1291 target=1327 path_dist=0.009 heading_err=0.014 steer=0.018 speed=1.938
[gpu_amcl_cpp_node-6] [INFO] [1788980963.102478348] [gpu_amcl_cpp]: AMCL odom delta: at_scan=(2.416, -2.283, 2.941) baseline=(2.515, -2.304, 2.938) delta=(-0.099, 0.020, 0.003) moved=true scan_age=0.050s
[gpu_amcl_cpp_node-6] [INFO] [1788980963.103950834] [gpu_amcl_cpp]: AMCL local correction: odom_prediction=(-1.489, 0.390, 1.370) scan=(-1.485, 0.394, 1.366) correction=0.005 m/0.004 rad cluster_weight=0.936 publish=true
[ground_truth_amcl_monitor-7] [INFO] [1788980963.226583946] [ground_truth_amcl_monitor]: AMCL vs GT: gt=(-1.454, 0.541) amcl=(-1.466, 0.493) error=0.049 m / 0.006 rad; current_map=(-1.439, 0.633, 1.381) error=0.093 m / 0.000 rad; odom=(-1.463, 0.840, 1.375) error=0.299 m / 0.006 rad; ekf=(-1.463, 0.840, 1.375) error=0.299 m / 0.006 rad; RMS=0.120 m / 0.025 rad max=0.841 m / 0.145 rad samples=1536
[gpu_amcl_cpp_node-6] [WARN] [1788980963.601788943] [gpu_amcl_cpp]: Queued LiDAR scan until source-time odometry arrives (queued=1).
[component_container-9] [INFO] [1788980964.151341567] [pure_pursuit_node]: Pure Pursuit: pose=(-1.284, 2.509, 1.676) cte=-0.004 closest=1393 target=1429 path_dist=0.004 heading_err=0.001 steer=0.126 speed=1.821
[gpu_amcl_cpp_node-6] [INFO] [1788980964.152461771] [gpu_amcl_cpp]: AMCL odom delta: at_scan=(0.347, -2.066, -3.064) baseline=(0.444, -2.060, -3.090) delta=(-0.097, -0.006, 0.025) moved=true scan_age=0.051s
[gpu_amcl_cpp_node-6] [INFO] [1788980964.153825351] [gpu_amcl_cpp]: AMCL local correction: odom_prediction=(-1.276, 2.395, 1.648) scan=(-1.275, 2.382, 1.646) correction=0.013 m/0.002 rad cluster_weight=0.974 publish=true
[ground_truth_amcl_monitor-7] [INFO] [1788980964.278754976] [ground_truth_amcl_monitor]: AMCL vs GT: gt=(-1.315, 2.536) amcl=(-1.286, 2.479) error=0.063 m / 0.042 rad; current_map=(-1.304, 2.615, 1.718) error=0.080 m / 0.000 rad; odom=(-1.275, 2.912, 1.676) error=0.379 m / 0.042 rad; ekf=(-1.275, 2.912, 1.676) error=0.379 m / 0.042 rad; RMS=0.119 m / 0.025 rad max=0.841 m / 0.145 rad samples=1574
[calibration-8] [INFO] [1788980964.808924790] [allowed_telemetry_recorder]: Finished (recording duration reached); Data: /workspace/src/f1tenth_planning/analysis/amcl_tuning_campaign_20260909/amcl_correction_budget_2mps/telemetry/sensor_record_20260909_190824.csv
[INFO] [calibration-8]: process has finished cleanly [pid 2066]
[component_container-9] [INFO] [1788980965.201419564] [pure_pursuit_node]: Pure Pursuit: pose=(-1.942, 3.858, 2.623) cte=0.057 closest=1469 target=1504 path_dist=0.057 heading_err=0.165 steer=0.522 speed=1.565
[gpu_amcl_cpp_node-6] [INFO] [1788980965.202422427] [gpu_amcl_cpp]: AMCL odom delta: at_scan=(-0.955, -2.593, -2.210) baseline=(-0.906, -2.533, -2.314) delta=(-0.049, -0.059, 0.104) moved=true scan_age=0.050s
[gpu_amcl_cpp_node-6] [INFO] [1788980965.203838446] [gpu_amcl_cpp]: AMCL local correction: odom_prediction=(-1.881, 3.835, 2.502) scan=(-1.884, 3.834, 2.495) correction=0.003 m/0.007 rad cluster_weight=0.972 publish=true
[ground_truth_amcl_monitor-7] [INFO] [1788980965.302067560] [ground_truth_amcl_monitor]: AMCL vs GT: gt=(-1.997, 3.840) amcl=(-1.949, 3.871) error=0.057 m / 0.119 rad; current_map=(-2.018, 3.905, 2.742) error=0.068 m / 0.000 rad; odom=(-1.927, 4.190, 2.742) error=0.356 m / 0.000 rad; ekf=(-1.927, 4.190, 2.742) error=0.356 m / 0.000 rad; RMS=0.118 m / 0.025 rad max=0.841 m / 0.145 rad samples=1612
[component_container-9] [INFO] [1788980966.227119859] [pure_pursuit_node]: Pure Pursuit: pose=(-3.053, 3.085, -1.904) cte=-0.022 closest=1546 target=1581 path_dist=0.022 heading_err=0.140 steer=0.154 speed=1.861
[gpu_amcl_cpp_node-6] [INFO] [1788980966.228538183] [gpu_amcl_cpp]: AMCL odom delta: at_scan=(-0.415, -3.836, -0.383) baseline=(-0.493, -3.802, -0.435) delta=(0.078, -0.034, 0.052) moved=true scan_age=0.050s
[gpu_amcl_cpp_node-6] [INFO] [1788980966.229570171] [gpu_amcl_cpp]: AMCL local correction: odom_prediction=(-3.025, 3.157, -1.954) scan=(-3.023, 3.155, -1.949) correction=0.003 m/0.004 rad cluster_weight=0.954 publish=true
[gpu_amcl_cpp_node-6] [INFO] [1788980966.279811519] [gpu_amcl_cpp]: Received LiDAR callback #838 (1081 ranges).
[gpu_amcl_cpp_node-6] [INFO] [1788980966.279860210] [gpu_amcl_cpp]: Starting AMCL scan update #838 (sampled from 1081 ranges).
[gpu_amcl_cpp_node-6] [INFO] [1788980966.281211508] [gpu_amcl_cpp]: AMCL scan update #838 completed; evaluating pose confidence.
[ground_truth_amcl_monitor-7] [INFO] [1788980966.351493850] [ground_truth_amcl_monitor]: AMCL vs GT: gt=(-3.096, 3.019) amcl=(-3.049, 3.068) error=0.068 m / 0.065 rad; current_map=(-3.084, 2.953, -1.838) error=0.067 m / 0.000 rad; odom=(-3.101, 3.378, -1.838) error=0.359 m / 0.000 rad; ekf=(-3.101, 3.378, -1.838) error=0.359 m / 0.000 rad; RMS=0.117 m / 0.027 rad max=0.841 m / 0.145 rad samples=1652
[component_container-9] [INFO] [1788980967.250932758] [pure_pursuit_node]: Pure Pursuit: pose=(-3.325, 1.179, -1.699) cte=0.010 closest=1643 target=1679 path_dist=0.010 heading_err=0.004 steer=-0.086 speed=1.863
[gpu_amcl_cpp_node-6] [INFO] [1788980967.252984852] [gpu_amcl_cpp]: AMCL odom delta: at_scan=(1.533, -4.134, -0.121) baseline=(1.396, -4.118, -0.111) delta=(0.137, -0.016, -0.010) moved=true scan_age=0.054s
[gpu_amcl_cpp_node-6] [INFO] [1788980967.254300793] [gpu_amcl_cpp]: AMCL local correction: odom_prediction=(-3.309, 1.289, -1.692) scan=(-3.316, 1.311, -1.682) correction=0.023 m/0.010 rad cluster_weight=0.953 publish=true
[ground_truth_amcl_monitor-7] [INFO] [1788980967.355940771] [ground_truth_amcl_monitor]: AMCL vs GT: gt=(-3.348, 1.121) amcl=(-3.329, 1.227) error=0.108 m / 0.014 rad; current_map=(-3.342, 1.130, -1.720) error=0.011 m / 0.000 rad; odom=(-3.361, 1.425, -1.720) error=0.304 m / 0.000 rad; ekf=(-3.361, 1.425, -1.720) error=0.304 m / 0.000 rad; RMS=0.116 m / 0.027 rad max=0.841 m / 0.145 rad samples=1690
[component_container-9] [INFO] [1788980968.254055079] [pure_pursuit_node]: Pure Pursuit: pose=(-4.043, -0.284, -2.563) cte=-0.014 closest=1726 target=1762 path_dist=0.014 heading_err=-0.038 steer=-0.257 speed=1.674
[gpu_amcl_cpp_node-6] [INFO] [1788980968.255973382] [gpu_amcl_cpp]: AMCL odom delta: at_scan=(3.110, -4.805, -0.915) baseline=(3.054, -4.737, -0.830) delta=(0.057, -0.067, -0.085) moved=true scan_age=0.052s
[gpu_amcl_cpp_node-6] [INFO] [1788980968.258901300] [gpu_amcl_cpp]: AMCL local correction: odom_prediction=(-3.988, -0.256, -2.486) scan=(-3.981, -0.268, -2.475) correction=0.014 m/0.010 rad cluster_weight=0.973 publish=true
[ground_truth_amcl_monitor-7] [INFO] [1788980968.381418754] [ground_truth_amcl_monitor]: AMCL vs GT: gt=(-4.167, -0.355) amcl=(-4.079, -0.319) error=0.095 m / 0.075 rad; current_map=(-4.155, -0.360, -2.676) error=0.013 m / 0.000 rad; odom=(-4.173, -0.057, -2.676) error=0.298 m / 0.000 rad; ekf=(-4.173, -0.057, -2.676) error=0.298 m / 0.000 rad; RMS=0.115 m / 0.027 rad max=0.841 m / 0.145 rad samples=1724
[component_container-9] [INFO] [1788980969.302760388] [pure_pursuit_node]: Pure Pursuit: pose=(-5.522, 0.053, 2.142) cte=-0.010 closest=1812 target=1848 path_dist=0.010 heading_err=-0.007 steer=-0.158 speed=1.863
[gpu_amcl_cpp_node-6] [INFO] [1788980969.304466502] [gpu_amcl_cpp]: AMCL odom delta: at_scan=(2.883, -6.272, -2.506) baseline=(2.959, -6.212, -2.441) delta=(-0.075, -0.060, -0.065) moved=true scan_age=0.052s
[gpu_amcl_cpp_node-6] [INFO] [1788980969.306249610] [gpu_amcl_cpp]: AMCL local correction: odom_prediction=(-5.484, -0.020, 2.207) scan=(-5.475, -0.031, 2.208) correction=0.014 m/0.001 rad cluster_weight=0.952 publish=true
[ground_truth_amcl_monitor-7] [INFO] [1788980969.429167666] [ground_truth_amcl_monitor]: AMCL vs GT: gt=(-5.602, 0.160) amcl=(-5.526, 0.041) error=0.141 m / 0.070 rad; current_map=(-5.593, 0.153, 2.074) error=0.012 m / 0.000 rad; odom=(-5.592, 0.465, 2.074) error=0.305 m / 0.000 rad; ekf=(-5.526, 0.353, 2.144) error=0.208 m / 0.070 rad; RMS=0.115 m / 0.028 rad max=0.841 m / 0.145 rad samples=1758
[component_container-9] [INFO] [1788980970.305151240] [pure_pursuit_node]: Pure Pursuit: pose=(-6.070, 1.887, 1.712) cte=-0.002 closest=1908 target=1944 path_dist=0.002 heading_err=0.006 steer=-0.036 speed=1.969
[gpu_amcl_cpp_node-6] [INFO] [1788980970.307187605] [gpu_amcl_cpp]: AMCL odom delta: at_scan=(1.038, -6.865, -2.988) baseline=(1.138, -6.849, -2.976) delta=(-0.100, -0.016, -0.012) moved=true scan_age=0.053s
[gpu_amcl_cpp_node-6] [INFO] [1788980970.309868108] [gpu_amcl_cpp]: AMCL local correction: odom_prediction=(-6.051, 1.786, 1.724) scan=(-6.052, 1.778, 1.721) correction=0.008 m/0.003 rad cluster_weight=0.943 publish=true
[ground_truth_amcl_monitor-7] [INFO] [1788980970.429655174] [ground_truth_amcl_monitor]: AMCL vs GT: gt=(-6.094, 2.013) amcl=(-6.068, 1.912) error=0.104 m / 0.012 rad; current_map=(-6.083, 2.021, 1.699) error=0.013 m / 0.000 rad; odom=(-6.099, 2.365, 1.699) error=0.353 m / 0.000 rad; ekf=(-6.099, 2.365, 1.699) error=0.353 m / 0.000 rad; RMS=0.114 m / 0.028 rad max=0.841 m / 0.145 rad samples=1792
[gpu_amcl_cpp_node-6] [INFO] [1788980971.305442468] [gpu_amcl_cpp]: Received LiDAR callback #924 (1081 ranges).
[gpu_amcl_cpp_node-6] [INFO] [1788980971.305488434] [gpu_amcl_cpp]: Starting AMCL scan update #924 (sampled from 1081 ranges).
[gpu_amcl_cpp_node-6] [INFO] [1788980971.306550308] [gpu_amcl_cpp]: AMCL scan update #924 completed; evaluating pose confidence.
[component_container-9] [INFO] [1788980971.375389259] [pure_pursuit_node]: Pure Pursuit: pose=(-6.129, 3.962, 1.484) cte=0.000 closest=2012 target=2048 path_dist=0.000 heading_err=-0.006 steer=-0.051 speed=1.965
[gpu_amcl_cpp_node-6] [INFO] [1788980971.376939370] [gpu_amcl_cpp]: AMCL odom delta: at_scan=(-1.087, -6.956, 3.066) baseline=(-0.945, -6.965, 3.084) delta=(-0.142, 0.009, -0.018) moved=true scan_age=0.053s
[gpu_amcl_cpp_node-6] [INFO] [1788980971.378014389] [gpu_amcl_cpp]: AMCL local correction: odom_prediction=(-6.138, 3.853, 1.495) scan=(-6.136, 3.849, 1.497) correction=0.004 m/0.002 rad cluster_weight=0.969 publish=true
[ground_truth_amcl_monitor-7] [INFO] [1788980971.430108976] [ground_truth_amcl_monitor]: AMCL vs GT: gt=(-6.140, 3.973) amcl=(-6.136, 3.849) error=0.124 m / 0.013 rad; current_map=(-6.127, 3.955, 1.482) error=0.022 m / 0.000 rad; odom=(-6.146, 4.351, 1.482) error=0.378 m / 0.000 rad; ekf=(-6.146, 4.351, 1.482) error=0.378 m / 0.000 rad; RMS=0.114 m / 0.028 rad max=0.841 m / 0.145 rad samples=1826
[component_container-9] [INFO] [1788980972.406826843] [pure_pursuit_node]: Pure Pursuit: pose=(-5.630, 5.931, 1.143) cte=-0.003 closest=2114 target=2150 path_dist=0.003 heading_err=-0.012 steer=-0.077 speed=1.843
[gpu_amcl_cpp_node-6] [INFO] [1788980972.409109279] [gpu_amcl_cpp]: AMCL odom delta: at_scan=(-3.079, -6.488, 2.738) baseline=(-2.984, -6.527, 2.760) delta=(-0.095, 0.039, -0.022) moved=true scan_age=0.054s
[gpu_amcl_cpp_node-6] [INFO] [1788980972.410707280] [gpu_amcl_cpp]: AMCL local correction: odom_prediction=(-5.666, 5.822, 1.167) scan=(-5.672, 5.813, 1.167) correction=0.011 m/0.001 rad cluster_weight=0.990 publish=true
[ground_truth_amcl_monitor-7] [INFO] [1788980972.477602992] [ground_truth_amcl_monitor]: AMCL vs GT: gt=(-5.640, 5.935) amcl=(-5.672, 5.813) error=0.126 m / 0.028 rad; current_map=(-5.616, 5.937, 1.139) error=0.024 m / 0.000 rad; odom=(-5.631, 6.362, 1.139) error=0.427 m / 0.000 rad; ekf=(-5.631, 6.362, 1.139) error=0.427 m / 0.000 rad; RMS=0.113 m / 0.028 rad max=0.841 m / 0.145 rad samples=1862
[component_container-9] [INFO] [1788980973.452993954] [pure_pursuit_node]: Pure Pursuit: pose=(-4.419, 7.315, 0.502) cte=-0.003 closest=2208 target=2244 path_dist=0.003 heading_err=-0.012 steer=-0.155 speed=1.879
[gpu_amcl_cpp_node-6] [INFO] [1788980973.455168077] [gpu_amcl_cpp]: AMCL odom delta: at_scan=(-4.596, -5.266, 2.106) baseline=(-4.545, -5.350, 2.142) delta=(-0.052, 0.084, -0.036) moved=true scan_age=0.052s
[gpu_amcl_cpp_node-6] [INFO] [1788980973.456999226] [gpu_amcl_cpp]: AMCL local correction: odom_prediction=(-4.508, 7.261, 0.535) scan=(-4.512, 7.265, 0.544) correction=0.005 m/0.009 rad cluster_weight=0.993 publish=true
[ground_truth_amcl_monitor-7] [INFO] [1788980973.509113700] [ground_truth_amcl_monitor]: AMCL vs GT: gt=(-4.424, 7.331) amcl=(-4.512, 7.265) error=0.110 m / 0.038 rad; current_map=(-4.425, 7.314, 0.497) error=0.017 m / 0.000 rad; odom=(-4.378, 7.804, 0.497) error=0.475 m / 0.000 rad; ekf=(-4.378, 7.804, 0.497) error=0.475 m / 0.000 rad; RMS=0.113 m / 0.028 rad max=0.841 m / 0.145 rad samples=1898
[component_container-9] [INFO] [1788980974.503723531] [pure_pursuit_node]: Pure Pursuit: pose=(-2.504, 7.487, -0.306) cte=-0.016 closest=2307 target=2342 path_dist=0.016 heading_err=-0.011 steer=-0.141 speed=1.883
[gpu_amcl_cpp_node-6] [INFO] [1788980974.505656420] [gpu_amcl_cpp]: AMCL odom delta: at_scan=(-4.837, -3.317, 1.301) baseline=(-4.863, -3.417, 1.337) delta=(0.026, 0.101, -0.036) moved=true scan_age=0.053s
[gpu_amcl_cpp_node-6] [INFO] [1788980974.507023317] [gpu_amcl_cpp]: AMCL local correction: odom_prediction=(-2.612, 7.516, -0.270) scan=(-2.627, 7.519, -0.268) correction=0.015 m/0.002 rad cluster_weight=0.962 publish=true
[ground_truth_amcl_monitor-7] [INFO] [1788980974.510345386] [ground_truth_amcl_monitor]: AMCL vs GT: gt=(-2.623, 7.516) amcl=(-2.627, 7.519) error=0.005 m / 0.000 rad; current_map=(-2.612, 7.516, -0.270) error=0.011 m / 0.000 rad; odom=(-2.516, 7.995, -0.270) error=0.491 m / 0.000 rad; ekf=(-2.516, 7.995, -0.270) error=0.491 m / 0.000 rad; RMS=0.112 m / 0.028 rad max=0.841 m / 0.145 rad samples=1933
[component_container-9] [INFO] [1788980975.526476598] [pure_pursuit_node]: Pure Pursuit: pose=(-0.938, 6.352, -0.877) cte=-0.005 closest=2404 target=2440 path_dist=0.005 heading_err=-0.006 steer=-0.071 speed=1.940
[ground_truth_amcl_monitor-7] [INFO] [1788980975.528101189] [ground_truth_amcl_monitor]: AMCL vs GT: gt=(-1.018, 6.436) amcl=(-1.079, 6.516) error=0.100 m / 0.023 rad; current_map=(-1.008, 6.435, -0.856) error=0.011 m / 0.000 rad; odom=(-0.853, 6.879, -0.856) error=0.473 m / 0.000 rad; ekf=(-0.924, 6.959, -0.833) error=0.532 m / 0.023 rad; RMS=0.112 m / 0.028 rad max=0.841 m / 0.145 rad samples=1966
[gpu_amcl_cpp_node-6] [INFO] [1788980975.528140703] [gpu_amcl_cpp]: AMCL odom delta: at_scan=(-3.721, -1.654, 0.715) baseline=(-3.802, -1.725, 0.738) delta=(0.080, 0.071, -0.023) moved=true scan_age=0.050s
[gpu_amcl_cpp_node-6] [INFO] [1788980975.529272659] [gpu_amcl_cpp]: AMCL local correction: odom_prediction=(-1.008, 6.435, -0.856) scan=(-1.018, 6.437, -0.853) correction=0.010 m/0.003 rad cluster_weight=0.973 publish=true
[gpu_amcl_cpp_node-6] [INFO] [1788980976.330235100] [gpu_amcl_cpp]: Received LiDAR callback #1010 (1081 ranges).
[gpu_amcl_cpp_node-6] [INFO] [1788980976.330284904] [gpu_amcl_cpp]: Starting AMCL scan update #1010 (sampled from 1081 ranges).
[gpu_amcl_cpp_node-6] [INFO] [1788980976.331350996] [gpu_amcl_cpp]: AMCL scan update #1010 completed; evaluating pose confidence.
[ground_truth_amcl_monitor-7] [INFO] [1788980976.530830071] [ground_truth_amcl_monitor]: AMCL vs GT: gt=(-0.001, 4.785) amcl=(0.007, 4.781) error=0.009 m / 0.000 rad; current_map=(0.003, 4.781, -1.142) error=0.006 m / 0.000 rad; odom=(0.187, 5.196, -1.142) error=0.451 m / 0.000 rad; ekf=(0.187, 5.196, -1.142) error=0.451 m / 0.000 rad; RMS=0.111 m / 0.027 rad max=0.841 m / 0.145 rad samples=2001
[component_container-9] [INFO] [1788980976.577736896] [pure_pursuit_node]: Pure Pursuit: pose=(0.088, 4.591, -1.156) cte=0.003 closest=2507 target=2543 path_dist=0.003 heading_err=0.000 steer=-0.021 speed=1.974
[gpu_amcl_cpp_node-6] [INFO] [1788980976.579924704] [gpu_amcl_cpp]: AMCL odom delta: at_scan=(-1.940, -0.570, 0.422) baseline=(-2.038, -0.614, 0.429) delta=(0.098, 0.044, -0.007) moved=true scan_age=0.052s
[gpu_amcl_cpp_node-6] [INFO] [1788980976.582277222] [gpu_amcl_cpp]: AMCL local correction: odom_prediction=(0.051, 4.683, -1.149) scan=(0.047, 4.694, -1.153) correction=0.012 m/0.004 rad cluster_weight=0.959 publish=true
[ground_truth_amcl_monitor-7] [INFO] [1788980977.530885851] [ground_truth_amcl_monitor]: AMCL vs GT: gt=(0.686, 2.943) amcl=(0.691, 2.919) error=0.025 m / 0.000 rad; current_map=(0.686, 2.923, -1.282) error=0.020 m / 0.000 rad; odom=(0.882, 3.330, -1.282) error=0.434 m / 0.000 rad; ekf=(0.882, 3.330, -1.282) error=0.434 m / 0.000 rad; RMS=0.111 m / 0.027 rad max=0.841 m / 0.145 rad samples=2035
[component_container-9] [INFO] [1788980977.579421324] [pure_pursuit_node]: Pure Pursuit: pose=(0.746, 2.720, -1.287) cte=0.014 closest=20 target=56 path_dist=0.014 heading_err=0.006 steer=-0.001 speed=1.937
[gpu_amcl_cpp_node-6] [INFO] [1788980977.581352089] [gpu_amcl_cpp]: AMCL odom delta: at_scan=(-0.068, 0.112, 0.286) baseline=(-0.172, 0.082, 0.288) delta=(0.104, 0.031, -0.002) moved=true scan_age=0.054s
[gpu_amcl_cpp_node-6] [INFO] [1788980977.583980164] [gpu_amcl_cpp]: AMCL local correction: odom_prediction=(0.721, 2.814, -1.285) scan=(0.717, 2.818, -1.294) correction=0.006 m/0.009 rad cluster_weight=0.917 publish=true
[ground_truth_amcl_monitor-7] [INFO] [1788980978.533357404] [ground_truth_amcl_monitor]: AMCL vs GT: gt=(1.144, 1.029) amcl=(1.115, 1.233) error=0.206 m / 0.000 rad; current_map=(1.122, 1.185, -1.390) error=0.158 m / 0.000 rad; odom=(1.349, 1.382, -1.390) error=0.408 m / 0.000 rad; ekf=(1.349, 1.382, -1.390) error=0.408 m / 0.000 rad; RMS=0.112 m / 0.027 rad max=0.841 m / 0.145 rad samples=2069
[component_container-9] [INFO] [1788980978.603227701] [pure_pursuit_node]: Pure Pursuit: pose=(1.163, 0.950, -1.405) cte=0.006 closest=111 target=147 path_dist=0.006 heading_err=0.003 steer=-0.010 speed=1.966
[gpu_amcl_cpp_node-6] [INFO] [1788980978.604937823] [gpu_amcl_cpp]: AMCL odom delta: at_scan=(1.911, 0.573, 0.172) baseline=(1.775, 0.549, 0.181) delta=(0.136, 0.024, -0.009) moved=true scan_age=0.057s
[gpu_amcl_cpp_node-6] [INFO] [1788980978.607019141] [gpu_amcl_cpp]: AMCL local correction: odom_prediction=(1.140, 1.096, -1.399) scan=(1.137, 1.105, -1.399) correction=0.009 m/0.000 rad cluster_weight=0.928 publish=true
[ground_truth_amcl_monitor-7] [INFO] [1788980979.552352675] [ground_truth_amcl_monitor]: AMCL vs GT: gt=(1.385, -0.960) amcl=(1.358, -0.890) error=0.075 m / 0.014 rad; current_map=(1.364, -1.027, -1.529) error=0.071 m / 0.000 rad; odom=(1.593, -0.634, -1.529) error=0.386 m / 0.000 rad; ekf=(1.593, -0.634, -1.529) error=0.386 m / 0.000 rad; RMS=0.119 m / 0.027 rad max=0.841 m / 0.145 rad samples=2102
[component_container-9] [INFO] [1788980979.651506001] [pure_pursuit_node]: Pure Pursuit: pose=(1.376, -1.361, -1.569) cte=-0.012 closest=227 target=263 path_dist=0.012 heading_err=-0.008 steer=-0.044 speed=1.951
[gpu_amcl_cpp_node-6] [INFO] [1788980979.653467685] [gpu_amcl_cpp]: AMCL odom delta: at_scan=(4.000, 0.799, 0.015) baseline=(3.898, 0.796, 0.030) delta=(0.102, 0.002, -0.015) moved=true scan_age=0.050s
[gpu_amcl_cpp_node-6] [INFO] [1788980979.655019689] [gpu_amcl_cpp]: AMCL local correction: odom_prediction=(1.379, -1.241, -1.556) scan=(1.381, -1.230, -1.555) correction=0.011 m/0.001 rad cluster_weight=0.947 publish=true
[ground_truth_amcl_monitor-7] [INFO] [1788980980.578903872] [ground_truth_amcl_monitor]: AMCL vs GT: gt=(1.272, -2.960) amcl=(1.287, -2.855) error=0.106 m / 0.009 rad; current_map=(1.273, -2.992, -1.679) error=0.032 m / 0.000 rad; odom=(1.477, -2.673, -1.679) error=0.353 m / 0.000 rad; ekf=(1.477, -2.673, -1.679) error=0.353 m / 0.000 rad; RMS=0.119 m / 0.027 rad max=0.841 m / 0.145 rad samples=2138
[component_container-9] [INFO] [1788980980.679822884] [pure_pursuit_node]: Pure Pursuit: pose=(1.234, -3.310, -1.692) cte=0.001 closest=325 target=361 path_dist=0.001 heading_err=0.001 steer=-0.011 speed=1.989
[gpu_amcl_cpp_node-6] [INFO] [1788980980.681769599] [gpu_amcl_cpp]: AMCL odom delta: at_scan=(6.040, 0.654, -0.117) baseline=(5.938, 0.665, -0.112) delta=(0.102, -0.012, -0.005) moved=true scan_age=0.052s
[gpu_amcl_cpp_node-6] [INFO] [1788980980.684962024] [gpu_amcl_cpp]: AMCL local correction: odom_prediction=(1.257, -3.191, -1.688) scan=(1.257, -3.184, -1.688) correction=0.007 m/0.001 rad cluster_weight=0.952 publish=true
[gpu_amcl_cpp_node-6] [INFO] [1788980981.383857809] [gpu_amcl_cpp]: Received LiDAR callback #1096 (1081 ranges).
[gpu_amcl_cpp_node-6] [INFO] [1788980981.384535913] [gpu_amcl_cpp]: Starting AMCL scan update #1096 (sampled from 1081 ranges).
[gpu_amcl_cpp_node-6] [INFO] [1788980981.385405816] [gpu_amcl_cpp]: AMCL scan update #1096 completed; evaluating pose confidence.
[ground_truth_amcl_monitor-7] [INFO] [1788980981.580362226] [ground_truth_amcl_monitor]: AMCL vs GT: gt=(0.985, -4.922) amcl=(1.018, -4.765) error=0.160 m / 0.003 rad; current_map=(0.994, -4.902, -1.742) error=0.022 m / 0.000 rad; odom=(1.189, -4.644, -1.742) error=0.345 m / 0.000 rad; ekf=(1.213, -4.507, -1.739) error=0.473 m / 0.003 rad; RMS=0.118 m / 0.026 rad max=0.841 m / 0.145 rad samples=2172
[component_container-9] [INFO] [1788980981.703348015] [pure_pursuit_node]: Pure Pursuit: pose=(0.931, -5.272, -1.755) cte=-0.008 closest=424 target=460 path_dist=0.008 heading_err=-0.005 steer=-0.025 speed=1.972
[gpu_amcl_cpp_node-6] [INFO] [1788980981.705101538] [gpu_amcl_cpp]: AMCL odom delta: at_scan=(8.057, 0.345, -0.180) baseline=(7.949, 0.364, -0.175) delta=(0.108, -0.019, -0.005) moved=true scan_age=0.051s
[gpu_amcl_cpp_node-6] [INFO] [1788980981.707269409] [gpu_amcl_cpp]: AMCL local correction: odom_prediction=(0.946, -5.181, -1.750) scan=(0.949, -5.171, -1.752) correction=0.011 m/0.001 rad cluster_weight=0.955 publish=true
[ground_truth_amcl_monitor-7] [INFO] [1788980982.627623368] [ground_truth_amcl_monitor]: AMCL vs GT: gt=(0.559, -6.957) amcl=(0.599, -6.782) error=0.180 m / 0.005 rad; current_map=(0.568, -6.916, -1.797) error=0.042 m / 0.000 rad; odom=(0.759, -6.694, -1.797) error=0.331 m / 0.000 rad; ekf=(0.759, -6.694, -1.797) error=0.331 m / 0.000 rad; RMS=0.118 m / 0.026 rad max=0.841 m / 0.145 rad samples=2208
[component_container-9] [INFO] [1788980982.751448423] [pure_pursuit_node]: Pure Pursuit: pose=(0.487, -7.276, -1.807) cte=0.001 closest=527 target=563 path_dist=0.001 heading_err=0.000 steer=-0.009 speed=1.972
[gpu_amcl_cpp_node-6] [INFO] [1788980982.753385671] [gpu_amcl_cpp]: AMCL odom delta: at_scan=(10.093, -0.097, -0.234) baseline=(9.954, -0.064, -0.232) delta=(0.139, -0.033, -0.002) moved=true scan_age=0.055s
[gpu_amcl_cpp_node-6] [INFO] [1788980982.754659513] [gpu_amcl_cpp]: AMCL local correction: odom_prediction=(0.507, -7.181, -1.805) scan=(0.508, -7.179, -1.802) correction=0.003 m/0.003 rad cluster_weight=0.970 publish=true
[ground_truth_amcl_monitor-7] [INFO] [1788980983.652181314] [ground_truth_amcl_monitor]: AMCL vs GT: gt=(0.008, -8.878) amcl=(0.069, -8.736) error=0.155 m / 0.032 rad; current_map=(0.015, -8.867, -1.975) error=0.013 m / 0.000 rad; odom=(0.196, -8.653, -1.975) error=0.293 m / 0.000 rad; ekf=(0.196, -8.653, -1.975) error=0.293 m / 0.000 rad; RMS=0.118 m / 0.026 rad max=0.841 m / 0.145 rad samples=2242
[component_container-9] [INFO] [1788980983.753482863] [pure_pursuit_node]: Pure Pursuit: pose=(-0.113, -9.140, -2.040) cte=0.004 closest=625 target=661 path_dist=0.004 heading_err=0.008 steer=-0.103 speed=1.804
[gpu_amcl_cpp_node-6] [INFO] [1788980983.755314783] [gpu_amcl_cpp]: AMCL odom delta: at_scan=(11.995, -0.687, -0.448) baseline=(11.904, -0.645, -0.427) delta=(0.091, -0.043, -0.022) moved=true scan_age=0.052s
[gpu_amcl_cpp_node-6] [INFO] [1788980983.757951635] [gpu_amcl_cpp]: AMCL local correction: odom_prediction=(-0.065, -9.033, -2.019) scan=(-0.060, -9.034, -2.017) correction=0.006 m/0.002 rad cluster_weight=0.990 publish=true
[ground_truth_amcl_monitor-7] [INFO] [1788980984.653384672] [ground_truth_amcl_monitor]: AMCL vs GT: gt=(-1.175, -10.100) amcl=(-1.050, -10.047) error=0.135 m / 0.101 rad; current_map=(-1.169, -10.080, -2.928) error=0.021 m / 0.000 rad; odom=(-1.016, -9.915, -2.928) error=0.244 m / 0.000 rad; ekf=(-0.897, -9.882, -2.827) error=0.352 m / 0.101 rad; RMS=0.117 m / 0.026 rad max=0.841 m / 0.145 rad samples=2276
[component_container-9] [INFO] [1788980984.777037072] [pure_pursuit_node]: Pure Pursuit: pose=(-1.485, -10.103, 3.109) cte=0.001 closest=715 target=750 path_dist=0.001 heading_err=-0.058 steer=-0.306 speed=1.808
[gpu_amcl_cpp_node-6] [INFO] [1788980984.778840409] [gpu_amcl_cpp]: AMCL odom delta: at_scan=(13.099, -2.034, -1.536) baseline=(13.089, -1.909, -1.437) delta=(0.011, -0.125, -0.099) moved=true scan_age=0.055s
[gpu_amcl_cpp_node-6] [INFO] [1788980984.779860785] [gpu_amcl_cpp]: AMCL local correction: odom_prediction=(-1.390, -10.100, -3.107) scan=(-1.391, -10.099, -3.101) correction=0.002 m/0.005 rad cluster_weight=0.998 publish=true
[ground_truth_amcl_monitor-7] [INFO] [1788980985.654201421] [ground_truth_amcl_monitor]: AMCL vs GT: gt=(-2.615, -9.306) amcl=(-2.641, -9.236) error=0.074 m / 0.000 rad; current_map=(-2.645, -9.233, 2.083) error=0.079 m / 0.000 rad; odom=(-2.503, -9.095, 2.083) error=0.239 m / 0.000 rad; ekf=(-2.503, -9.095, 2.083) error=0.239 m / 0.000 rad; RMS=0.117 m / 0.027 rad max=0.841 m / 0.145 rad samples=2315
[component_container-9] [INFO] [1788980985.824450051] [pure_pursuit_node]: Pure Pursuit: pose=(-2.825, -8.852, 1.962) cte=-0.002 closest=812 target=848 path_dist=0.002 heading_err=0.011 steer=-0.071 speed=1.924
[gpu_amcl_cpp_node-6] [INFO] [1788980985.825545839] [gpu_amcl_cpp]: AMCL odom delta: at_scan=(11.944, -3.455, -2.727) baseline=(12.040, -3.411, -2.702) delta=(-0.096, -0.044, -0.024) moved=true scan_age=0.049s
[gpu_amcl_cpp_node-6] [INFO] [1788980985.826649812] [gpu_amcl_cpp]: AMCL local correction: odom_prediction=(-2.783, -8.941, 1.986) scan=(-2.789, -8.928, 1.987) correction=0.014 m/0.001 rad cluster_weight=0.962 publish=true
[gpu_amcl_cpp_node-6] [INFO] [1788980986.426648245] [gpu_amcl_cpp]: Received LiDAR callback #1184 (1081 ranges).
[gpu_amcl_cpp_node-6] [INFO] [1788980986.426699962] [gpu_amcl_cpp]: Starting AMCL scan update #1184 (sampled from 1081 ranges).
[gpu_amcl_cpp_node-6] [INFO] [1788980986.427290701] [gpu_amcl_cpp]: AMCL scan update #1184 completed; evaluating pose confidence.
[ground_truth_amcl_monitor-7] [INFO] [1788980986.680983967] [ground_truth_amcl_monitor]: AMCL vs GT: gt=(-3.139, -7.437) amcl=(-3.127, -7.498) error=0.063 m / 0.017 rad; current_map=(-3.135, -7.401, 1.647) error=0.036 m / 0.000 rad; odom=(-3.040, -7.246, 1.663) error=0.215 m / 0.017 rad; ekf=(-3.040, -7.246, 1.663) error=0.215 m / 0.017 rad; RMS=0.116 m / 0.027 rad max=0.841 m / 0.145 rad samples=2352
[component_container-9] [INFO] [1788980986.875575048] [pure_pursuit_node]: Pure Pursuit: pose=(-3.154, -6.920, 1.581) cte=0.005 closest=910 target=946 path_dist=0.005 heading_err=-0.025 steer=-0.063 speed=1.952
[gpu_amcl_cpp_node-6] [INFO] [1788980986.876778538] [gpu_amcl_cpp]: AMCL odom delta: at_scan=(9.917, -3.867, -3.118) baseline=(10.059, -3.862, -3.099) delta=(-0.142, -0.005, -0.019) moved=true scan_age=0.053s
[gpu_amcl_cpp_node-6] [INFO] [1788980986.877925993] [gpu_amcl_cpp]: AMCL local correction: odom_prediction=(-3.150, -7.032, 1.595) scan=(-3.146, -7.028, 1.596) correction=0.006 m/0.002 rad cluster_weight=0.994 publish=true
[ground_truth_amcl_monitor-7] [INFO] [1788980987.682634026] [ground_truth_amcl_monitor]: AMCL vs GT: gt=(-3.014, -5.513) amcl=(-2.993, -5.548) error=0.041 m / 0.012 rad; current_map=(-2.974, -5.452, 1.369) error=0.072 m / 0.000 rad; odom=(-2.918, -5.168, 1.369) error=0.358 m / 0.000 rad; ekf=(-2.918, -5.168, 1.369) error=0.358 m / 0.000 rad; RMS=0.115 m / 0.027 rad max=0.841 m / 0.145 rad samples=2388
[component_container-9] [INFO] [1788980987.899593181] [pure_pursuit_node]: Pure Pursuit: pose=(-2.844, -4.925, 1.312) cte=0.010 closest=1012 target=1048 path_dist=0.010 heading_err=-0.027 steer=-0.014 speed=1.946
[gpu_amcl_cpp_node-6] [INFO] [1788980987.900759821] [gpu_amcl_cpp]: AMCL odom delta: at_scan=(7.889, -3.617, 2.892) baseline=(7.986, -3.641, 2.901) delta=(-0.097, 0.024, -0.009) moved=true scan_age=0.049s
[gpu_amcl_cpp_node-6] [INFO] [1788980987.901978570] [gpu_amcl_cpp]: AMCL local correction: odom_prediction=(-2.874, -5.026, 1.321) scan=(-2.870, -5.020, 1.316) correction=0.007 m/0.006 rad cluster_weight=0.938 publish=true
[ground_truth_amcl_monitor-7] [INFO] [1788980988.705750493] [ground_truth_amcl_monitor]: AMCL vs GT: gt=(-2.492, -3.574) amcl=(-2.492, -3.613) error=0.039 m / 0.004 rad; current_map=(-2.463, -3.516, 1.277) error=0.065 m / 0.000 rad; odom=(-2.387, -3.193, 1.277) error=0.395 m / 0.000 rad; ekf=(-2.387, -3.193, 1.277) error=0.395 m / 0.000 rad; RMS=0.115 m / 0.026 rad max=0.841 m / 0.145 rad samples=2428
[component_container-9] [INFO] [1788980988.925656761] [pure_pursuit_node]: Pure Pursuit: pose=(-2.299, -2.987, 1.287) cte=0.002 closest=1112 target=1148 path_dist=0.002 heading_err=0.016 steer=0.021 speed=1.991
[gpu_amcl_cpp_node-6] [INFO] [1788980988.926921206] [gpu_amcl_cpp]: AMCL odom delta: at_scan=(5.924, -3.057, 2.851) baseline=(6.018, -3.085, 2.846) delta=(-0.094, 0.028, 0.006) moved=true scan_age=0.050s
[gpu_amcl_cpp_node-6] [INFO] [1788980988.928038454] [gpu_amcl_cpp]: AMCL local correction: odom_prediction=(-2.327, -3.090, 1.281) scan=(-2.338, -3.106, 1.272) correction=0.019 m/0.008 rad cluster_weight=0.939 publish=true
[ground_truth_amcl_monitor-7] [INFO] [1788980989.752436607] [ground_truth_amcl_monitor]: AMCL vs GT: gt=(-1.940, -1.583) amcl=(-1.931, -1.595) error=0.015 m / 0.004 rad; current_map=(-1.906, -1.498, 1.322) error=0.091 m / 0.000 rad; odom=(-1.828, -1.179, 1.322) error=0.419 m / 0.000 rad; ekf=(-1.828, -1.179, 1.322) error=0.419 m / 0.000 rad; RMS=0.114 m / 0.026 rad max=0.841 m / 0.145 rad samples=2468
[component_container-9] [INFO] [1788980989.950657353] [pure_pursuit_node]: Pure Pursuit: pose=(-1.786, -1.012, 1.334) cte=0.000 closest=1215 target=1251 path_dist=0.000 heading_err=-0.000 steer=0.010 speed=1.991
[gpu_amcl_cpp_node-6] [INFO] [1788980989.951929723] [gpu_amcl_cpp]: AMCL odom delta: at_scan=(3.951, -2.532, 2.904) baseline=(4.046, -2.556, 2.903) delta=(-0.095, 0.023, 0.001) moved=true scan_age=0.051s
[gpu_amcl_cpp_node-6] [INFO] [1788980989.953038394] [gpu_amcl_cpp]: AMCL local correction: odom_prediction=(-1.813, -1.109, 1.333) scan=(-1.813, -1.109, 1.328) correction=0.001 m/0.006 rad cluster_weight=0.941 publish=true
[ground_truth_amcl_monitor-7] [INFO] [1788980990.777813885] [ground_truth_amcl_monitor]: AMCL vs GT: gt=(-1.484, 0.382) amcl=(-1.488, 0.388) error=0.007 m / 0.004 rad; current_map=(-1.467, 0.488, 1.365) error=0.107 m / 0.000 rad; odom=(-1.367, 0.810, 1.365) error=0.444 m / 0.000 rad; ekf=(-1.367, 0.810, 1.365) error=0.444 m / 0.000 rad; RMS=0.114 m / 0.026 rad max=0.841 m / 0.145 rad samples=2508
[component_container-9] [INFO] [1788980990.975053828] [pure_pursuit_node]: Pure Pursuit: pose=(-1.379, 0.980, 1.411) cte=-0.003 closest=1316 target=1352 path_dist=0.003 heading_err=0.003 steer=0.023 speed=1.944
[gpu_amcl_cpp_node-6] [INFO] [1788980990.976215410] [gpu_amcl_cpp]: AMCL odom delta: at_scan=(1.956, -2.092, 2.971) baseline=(2.056, -2.110, 2.961) delta=(-0.100, 0.018, 0.010) moved=true scan_age=0.049s
[gpu_amcl_cpp_node-6] [INFO] [1788980990.977320385] [gpu_amcl_cpp]: AMCL local correction: odom_prediction=(-1.397, 0.873, 1.400) scan=(-1.400, 0.885, 1.396) correction=0.013 m/0.004 rad cluster_weight=0.937 publish=true
[gpu_amcl_cpp_node-6] [INFO] [1788980991.453842492] [gpu_amcl_cpp]: Received LiDAR callback #1280 (1081 ranges).
[gpu_amcl_cpp_node-6] [INFO] [1788980991.453888999] [gpu_amcl_cpp]: Starting AMCL scan update #1280 (sampled from 1081 ranges).
[gpu_amcl_cpp_node-6] [INFO] [1788980991.454947477] [gpu_amcl_cpp]: AMCL scan update #1280 completed; evaluating pose confidence.
[ground_truth_amcl_monitor-7] [INFO] [1788980991.778481439] [ground_truth_amcl_monitor]: AMCL vs GT: gt=(-1.288, 2.285) amcl=(-1.275, 2.377) error=0.092 m / 0.000 rad; current_map=(-1.274, 2.392, 1.646) error=0.108 m / 0.000 rad; odom=(-1.165, 2.782, 1.646) error=0.512 m / 0.000 rad; ekf=(-1.165, 2.782, 1.646) error=0.512 m / 0.000 rad; RMS=0.113 m / 0.026 rad max=0.841 m / 0.145 rad samples=2547
[component_container-9] [INFO] [1788980992.000791549] [pure_pursuit_node]: Pure Pursuit: pose=(-1.360, 2.866, 1.822) cte=-0.017 closest=1411 target=1447 path_dist=0.017 heading_err=-0.003 steer=0.114 speed=1.665
[gpu_amcl_cpp_node-6] [INFO] [1788980992.002120445] [gpu_amcl_cpp]: AMCL odom delta: at_scan=(-0.046, -2.025, -2.928) baseline=(0.049, -2.007, -2.964) delta=(-0.095, -0.019, 0.036) moved=true scan_age=0.051s
[gpu_amcl_cpp_node-6] [INFO] [1788980992.003334374] [gpu_amcl_cpp]: AMCL local correction: odom_prediction=(-1.338, 2.764, 1.784) scan=(-1.335, 2.765, 1.786) correction=0.003 m/0.002 rad cluster_weight=0.977 publish=true
[ground_truth_amcl_monitor-7] [INFO] [1788980992.779917063] [ground_truth_amcl_monitor]: AMCL vs GT: gt=(-1.865, 3.732) amcl=(-1.872, 3.787) error=0.056 m / 0.000 rad; current_map=(-1.875, 3.789, 2.564) error=0.058 m / 0.000 rad; odom=(-1.706, 4.105, 2.564) error=0.405 m / 0.000 rad; ekf=(-1.706, 4.105, 2.564) error=0.405 m / 0.000 rad; RMS=0.113 m / 0.026 rad max=0.841 m / 0.151 rad samples=2583
[component_container-9] [INFO] [1788980993.049698155] [pure_pursuit_node]: Pure Pursuit: pose=(-2.343, 3.908, -3.046) cte=0.054 closest=1489 target=1523 path_dist=0.054 heading_err=-0.049 steer=0.430 speed=1.571
[gpu_amcl_cpp_node-6] [INFO] [1788980993.050874574] [gpu_amcl_cpp]: AMCL odom delta: at_scan=(-1.067, -2.906, -1.566) baseline=(-1.059, -2.796, -1.720) delta=(-0.008, -0.110, 0.154) moved=true scan_age=0.052s
[gpu_amcl_cpp_node-6] [INFO] [1788980993.052021197] [gpu_amcl_cpp]: AMCL local correction: odom_prediction=(-2.269, 3.910, -3.137) scan=(-2.268, 3.899, -3.134) correction=0.010 m/0.003 rad cluster_weight=0.969 publish=true
[ground_truth_amcl_monitor-7] [INFO] [1788980993.826524519] [ground_truth_amcl_monitor]: AMCL vs GT: gt=(-3.084, 3.083) amcl=(-3.046, 3.078) error=0.038 m / 0.058 rad; current_map=(-3.071, 2.998, -1.845) error=0.086 m / 0.000 rad; odom=(-2.964, 3.465, -1.845) error=0.401 m / 0.000 rad; ekf=(-2.964, 3.465, -1.845) error=0.401 m / 0.000 rad; RMS=0.112 m / 0.027 rad max=0.841 m / 0.154 rad samples=2622
[component_container-9] [INFO] [1788980994.099603273] [pure_pursuit_node]: Pure Pursuit: pose=(-3.178, 2.371, -1.696) cte=0.005 closest=1582 target=1618 path_dist=0.005 heading_err=0.006 steer=0.011 speed=1.973
[gpu_amcl_cpp_node-6] [INFO] [1788980994.100738625] [gpu_amcl_cpp]: AMCL odom delta: at_scan=(0.215, -3.862, -0.135) baseline=(0.117, -3.848, -0.146) delta=(0.098, -0.014, 0.011) moved=true scan_age=0.050s
[gpu_amcl_cpp_node-6] [INFO] [1788980994.101902321] [gpu_amcl_cpp]: AMCL local correction: odom_prediction=(-3.167, 2.474, -1.706) scan=(-3.166, 2.492, -1.699) correction=0.019 m/0.007 rad cluster_weight=0.945 publish=true
[ground_truth_amcl_monitor-7] [INFO] [1788980994.852978789] [ground_truth_amcl_monitor]: AMCL vs GT: gt=(-3.349, 1.146) amcl=(-3.327, 1.213) error=0.071 m / 0.014 rad; current_map=(-3.342, 1.118, -1.730) error=0.029 m / 0.000 rad; odom=(-3.222, 1.569, -1.716) error=0.442 m / 0.014 rad; ekf=(-3.222, 1.569, -1.716) error=0.442 m / 0.014 rad; RMS=0.111 m / 0.027 rad max=0.841 m / 0.154 rad samples=2660
[component_container-9] [INFO] [1788980995.125605754] [pure_pursuit_node]: Pure Pursuit: pose=(-3.478, 0.573, -1.894) cte=0.034 closest=1674 target=1710 path_dist=0.034 heading_err=-0.003 steer=-0.131 speed=1.690
[gpu_amcl_cpp_node-6] [INFO] [1788980995.126825234] [gpu_amcl_cpp]: AMCL odom delta: at_scan=(2.193, -4.148, -0.289) baseline=(2.104, -4.123, -0.255) delta=(0.088, -0.025, -0.033) moved=true scan_age=0.051s
[gpu_amcl_cpp_node-6] [INFO] [1788980995.127941801] [gpu_amcl_cpp]: AMCL local correction: odom_prediction=(-3.454, 0.664, -1.859) scan=(-3.449, 0.677, -1.853) correction=0.014 m/0.007 rad cluster_weight=0.984 publish=true
[ground_truth_amcl_monitor-7] [INFO] [1788980995.877837009] [ground_truth_amcl_monitor]: AMCL vs GT: gt=(-4.073, -0.324) amcl=(-3.959, -0.290) error=0.119 m / 0.104 rad; current_map=(-4.050, -0.347, -2.631) error=0.033 m / 0.000 rad; odom=(-3.915, 0.120, -2.631) error=0.472 m / 0.000 rad; ekf=(-3.915, 0.120, -2.631) error=0.472 m / 0.000 rad; RMS=0.111 m / 0.027 rad max=0.841 m / 0.154 rad samples=2696
[component_container-9] [INFO] [1788980996.152158736] [pure_pursuit_node]: Pure Pursuit: pose=(-4.526, -0.483, -3.045) cte=-0.023 closest=1753 target=1787 path_dist=0.023 heading_err=0.113 steer=-0.316 speed=1.652
[gpu_amcl_cpp_node-6] [INFO] [1788980996.153817992] [gpu_amcl_cpp]: AMCL odom delta: at_scan=(3.174, -5.109, -1.412) baseline=(3.159, -5.029, -1.345) delta=(0.016, -0.080, -0.068) moved=true scan_age=0.050s
[gpu_amcl_cpp_node-6] [INFO] [1788980996.154999390] [gpu_amcl_cpp]: AMCL local correction: odom_prediction=(-4.458, -0.467, -2.983) scan=(-4.458, -0.455, -2.978) correction=0.012 m/0.005 rad cluster_weight=0.976 publish=true
[gpu_amcl_cpp_node-6] [INFO] [1788980996.502176025] [gpu_amcl_cpp]: Received LiDAR callback #1372 (1081 ranges).
[gpu_amcl_cpp_node-6] [INFO] [1788980996.502248872] [gpu_amcl_cpp]: Starting AMCL scan update #1372 (sampled from 1081 ranges).
[gpu_amcl_cpp_node-6] [INFO] [1788980996.502927105] [gpu_amcl_cpp]: AMCL scan update #1372 completed; evaluating pose confidence.
[ground_truth_amcl_monitor-7] [INFO] [1788980996.906261975] [ground_truth_amcl_monitor]: AMCL vs GT: gt=(-5.522, 0.018) amcl=(-5.461, -0.030) error=0.078 m / 0.062 rad; current_map=(-5.514, 0.043, 2.167) error=0.026 m / 0.000 rad; odom=(-5.339, 0.469, 2.167) error=0.487 m / 0.000 rad; ekf=(-5.339, 0.469, 2.167) error=0.487 m / 0.000 rad; RMS=0.111 m / 0.028 rad max=0.841 m / 0.162 rad samples=2732
[component_container-9] [INFO] [1788980997.176716419] [pure_pursuit_node]: Pure Pursuit: pose=(-5.781, 0.594, 1.901) cte=-0.021 closest=1842 target=1878 path_dist=0.021 heading_err=0.005 steer=-0.077 speed=1.901
[gpu_amcl_cpp_node-6] [INFO] [1788980997.177984139] [gpu_amcl_cpp]: AMCL odom delta: at_scan=(2.221, -6.377, -2.780) baseline=(2.309, -6.342, -2.747) delta=(-0.088, -0.035, -0.034) moved=true scan_age=0.051s
[gpu_amcl_cpp_node-6] [INFO] [1788980997.179208268] [gpu_amcl_cpp]: AMCL local correction: odom_prediction=(-5.748, 0.511, 1.932) scan=(-5.745, 0.518, 1.927) correction=0.007 m/0.006 rad cluster_weight=0.963 publish=true
[gpu_amcl_cpp_node-6] [WARN] [1788980997.528884505] [gpu_amcl_cpp]: Clamped accumulated local AMCL correction from 0.506 to 0.500 m.
[ground_truth_amcl_monitor-7] [INFO] [1788980997.927530670] [ground_truth_amcl_monitor]: AMCL vs GT: gt=(-6.076, 1.870) amcl=(-6.052, 1.802) error=0.072 m / 0.007 rad; current_map=(-6.067, 1.898, 1.720) error=0.029 m / 0.000 rad; odom=(-5.911, 2.373, 1.720) error=0.529 m / 0.000 rad; ekf=(-5.911, 2.373, 1.720) error=0.529 m / 0.000 rad; RMS=0.110 m / 0.028 rad max=0.841 m / 0.162 rad samples=2772
[component_container-9] [INFO] [1788980998.200876903] [pure_pursuit_node]: Pure Pursuit: pose=(-6.134, 2.530, 1.648) cte=0.004 closest=1941 target=1977 path_dist=0.004 heading_err=-0.005 steer=-0.034 speed=1.963
[gpu_amcl_cpp_node-6] [INFO] [1788980998.202145185] [gpu_amcl_cpp]: AMCL odom delta: at_scan=(0.247, -6.775, -3.056) baseline=(0.390, -6.761, -3.042) delta=(-0.143, -0.013, -0.014) moved=true scan_age=0.054s
[gpu_amcl_cpp_node-6] [INFO] [1788980998.203255049] [gpu_amcl_cpp]: AMCL local correction: odom_prediction=(-6.127, 2.435, 1.657) scan=(-6.137, 2.440, 1.649) correction=0.012 m/0.008 rad cluster_weight=0.945 publish=true
[gpu_amcl_cpp_node-6] [WARN] [1788980998.531325734] [gpu_amcl_cpp]: Clamped accumulated local AMCL correction from 0.521 to 0.500 m.
[ground_truth_amcl_monitor-7] [INFO] [1788980998.928246928] [ground_truth_amcl_monitor]: AMCL vs GT: gt=(-6.151, 3.824) amcl=(-6.138, 3.883) error=0.060 m / 0.000 rad; current_map=(-6.130, 3.880, 1.488) error=0.060 m / 0.000 rad; odom=(-5.987, 4.359, 1.488) error=0.560 m / 0.000 rad; ekf=(-5.987, 4.359, 1.488) error=0.560 m / 0.000 rad; RMS=0.110 m / 0.028 rad max=0.841 m / 0.162 rad samples=2809
[component_container-9] [INFO] [1788980999.225623686] [pure_pursuit_node]: Pure Pursuit: pose=(-6.038, 4.570, 1.401) cte=0.009 closest=2043 target=2079 path_dist=0.009 heading_err=-0.007 steer=-0.046 speed=1.932
[gpu_amcl_cpp_node-6] [INFO] [1788980999.227295956] [gpu_amcl_cpp]: AMCL odom delta: at_scan=(-1.796, -6.715, 2.985) baseline=(-1.698, -6.730, 2.997) delta=(-0.098, 0.015, -0.012) moved=true scan_age=0.051s
[gpu_amcl_cpp_node-6] [INFO] [1788980999.228705262] [gpu_amcl_cpp]: AMCL local correction: odom_prediction=(-6.057, 4.475, 1.414) scan=(-6.072, 4.444, 1.406) correction=0.035 m/0.008 rad cluster_weight=0.981 publish=true
[gpu_amcl_cpp_node-6] [WARN] [1788980999.551928344] [gpu_amcl_cpp]: Clamped accumulated local AMCL correction from 0.556 to 0.500 m.
[ground_truth_amcl_monitor-7] [INFO] [1788980999.953289224] [ground_truth_amcl_monitor]: AMCL vs GT: gt=(-5.696, 5.757) amcl=(-5.693, 5.768) error=0.011 m / 0.020 rad; current_map=(-5.654, 5.861, 1.161) error=0.112 m / 0.000 rad; odom=(-5.519, 6.342, 1.161) error=0.612 m / 0.000 rad; ekf=(-5.519, 6.342, 1.161) error=0.612 m / 0.000 rad; RMS=0.109 m / 0.028 rad max=0.841 m / 0.162 rad samples=2848
[component_container-9] [INFO] [1788981000.274751990] [pure_pursuit_node]: Pure Pursuit: pose=(-5.319, 6.487, 1.000) cte=0.003 closest=2146 target=2182 path_dist=0.003 heading_err=0.008 steer=-0.134 speed=1.842
[gpu_amcl_cpp_node-6] [INFO] [1788981000.275911207] [gpu_amcl_cpp]: AMCL odom delta: at_scan=(-3.733, -6.037, 2.598) baseline=(-3.647, -6.087, 2.623) delta=(-0.086, 0.051, -0.025) moved=true scan_age=0.049s
[gpu_amcl_cpp_node-6] [INFO] [1788981000.276962190] [gpu_amcl_cpp]: AMCL local correction: odom_prediction=(-5.368, 6.409, 1.027) scan=(-5.391, 6.312, 1.022) correction=0.100 m/0.005 rad cluster_weight=0.990 publish=true
[gpu_amcl_cpp_node-6] [WARN] [1788981000.577502387] [gpu_amcl_cpp]: Clamped accumulated local AMCL correction from 0.627 to 0.500 m.
[ground_truth_amcl_monitor-7] [INFO] [1788981000.978263059] [ground_truth_amcl_monitor]: AMCL vs GT: gt=(-4.499, 7.171) amcl=(-4.509, 7.281) error=0.111 m / 0.040 rad; current_map=(-4.423, 7.329, 0.484) error=0.175 m / 0.000 rad; odom=(-4.277, 7.807, 0.484) error=0.674 m / 0.000 rad; ekf=(-4.277, 7.807, 0.484) error=0.674 m / 0.000 rad; RMS=0.109 m / 0.028 rad max=0.841 m / 0.162 rad samples=2886
[component_container-9] [INFO] [1788981001.301142665] [pure_pursuit_node]: Pure Pursuit: pose=(-3.753, 7.562, 0.180) cte=-0.012 closest=2244 target=2280 path_dist=0.012 heading_err=0.007 steer=-0.137 speed=1.862
[gpu_amcl_cpp_node-6] [INFO] [1788981001.302866311] [gpu_amcl_cpp]: AMCL odom delta: at_scan=(-4.862, -4.497, 1.793) baseline=(-4.838, -4.594, 1.833) delta=(-0.024, 0.097, -0.040) moved=true scan_age=0.052s
[gpu_amcl_cpp_node-6] [INFO] [1788981001.304011702] [gpu_amcl_cpp]: AMCL local correction: odom_prediction=(-3.852, 7.545, 0.222) scan=(-3.903, 7.370, 0.219) correction=0.182 m/0.003 rad cluster_weight=0.983 publish=true
[gpu_amcl_cpp_node-6] [INFO] [1788981001.526732819] [gpu_amcl_cpp]: Received LiDAR callback #1466 (1081 ranges).
[gpu_amcl_cpp_node-6] [INFO] [1788981001.526793954] [gpu_amcl_cpp]: Starting AMCL scan update #1466 (sampled from 1081 ranges).
[gpu_amcl_cpp_node-6] [INFO] [1788981001.527445968] [gpu_amcl_cpp]: AMCL scan update #1466 completed; evaluating pose confidence.
[gpu_amcl_cpp_node-6] [WARN] [1788981001.579502140] [gpu_amcl_cpp]: Clamped accumulated local AMCL correction from 0.684 to 0.500 m.
[ground_truth_amcl_monitor-7] [INFO] [1788981001.980240709] [ground_truth_amcl_monitor]: AMCL vs GT: gt=(-2.708, 7.330) amcl=(-2.600, 7.510) error=0.210 m / 0.000 rad; current_map=(-2.589, 7.506, -0.289) error=0.212 m / 0.000 rad; odom=(-2.413, 7.974, -0.289) error=0.708 m / 0.000 rad; ekf=(-2.413, 7.974, -0.289) error=0.708 m / 0.000 rad; RMS=0.110 m / 0.028 rad max=0.841 m / 0.162 rad samples=2923
[component_container-9] [INFO] [1788981002.349512690] [pure_pursuit_node]: Pure Pursuit: pose=(-1.874, 7.178, -0.554) cte=-0.000 closest=2342 target=2378 path_dist=0.000 heading_err=0.008 steer=-0.092 speed=1.937
[gpu_amcl_cpp_node-6] [INFO] [1788981002.350789127] [gpu_amcl_cpp]: AMCL odom delta: at_scan=(-4.520, -2.541, 1.045) baseline=(-4.568, -2.626, 1.074) delta=(0.048, 0.086, -0.029) moved=true scan_age=0.050s
[gpu_amcl_cpp_node-6] [INFO] [1788981002.351856681] [gpu_amcl_cpp]: AMCL local correction: odom_prediction=(-1.956, 7.228, -0.525) scan=(-2.048, 7.059, -0.530) correction=0.192 m/0.004 rad cluster_weight=0.964 publish=true
[gpu_amcl_cpp_node-6] [WARN] [1788981002.626464681] [gpu_amcl_cpp]: Clamped accumulated local AMCL correction from 0.687 to 0.500 m.
[ground_truth_amcl_monitor-7] [INFO] [1788981003.002858525] [ground_truth_amcl_monitor]: AMCL vs GT: gt=(-1.095, 6.239) amcl=(-1.084, 6.504) error=0.265 m / 0.020 rad; current_map=(-1.012, 6.424, -0.846) error=0.202 m / 0.000 rad; odom=(-0.747, 6.847, -0.846) error=0.701 m / 0.000 rad; ekf=(-0.747, 6.847, -0.846) error=0.701 m / 0.000 rad; RMS=0.113 m / 0.028 rad max=0.841 m / 0.162 rad samples=2960
[component_container-9] [INFO] [1788981003.350884639] [pure_pursuit_node]: Pure Pursuit: pose=(-0.560, 5.816, -0.959) cte=0.004 closest=2437 target=2473 path_dist=0.004 heading_err=-0.030 steer=-0.079 speed=1.944
[gpu_amcl_cpp_node-6] [INFO] [1788981003.352559384] [gpu_amcl_cpp]: AMCL odom delta: at_scan=(-3.141, -1.132, 0.457) baseline=(-3.225, -1.182, 0.612) delta=(0.084, 0.050, -0.155) moved=true scan_age=0.052s
[actuator_interface-10] [ERROR] [1788981003.353454565] [autodrive_actuator_interface]: Collision count increased to 1; terminal stop latched, no simulator reset published
[ground_truth_amcl_monitor-7] [INFO] [1788981003.353457621] [ground_truth_amcl_monitor]: Collision epoch changed; discarding localization comparison; waiting for fresh AMCL alignment
[gpu_amcl_cpp_node-6] [WARN] [1788981003.353928776] [gpu_amcl_cpp]: No local AMCL cluster near odometry prediction; using causal odometry pose.
[actuator_interface-10] [WARN] [1788981003.359772279] [autodrive_actuator_interface]: Neutral output: external stop
[gpu_amcl_cpp_node-6] [INFO] [1788981003.455982663] [gpu_amcl_cpp]: AMCL local correction: odom_prediction=(-0.524, 5.703, -1.121) scan=(-0.113, 5.907, -1.051) correction=0.459 m/0.070 rad cluster_weight=0.660 publish=true
[gpu_amcl_cpp_node-6] [WARN] [1788981003.456037075] [gpu_amcl_cpp]: Rejected large local AMCL scan correction; restarting cloud at odometry prediction.
[component_container-9] [INFO] [1788981004.351474117] [pure_pursuit_node]: Pure Pursuit: pose=(-0.461, 5.572, -1.121) cte=0.050 closest=2450 target=2481 path_dist=0.050 heading_err=0.086 steer=0.173 speed=1.829
[gpu_amcl_cpp_node-6] [INFO] [1788981004.352565426] [gpu_amcl_cpp]: AMCL odom delta: at_scan=(-2.827, -0.980, 0.450) baseline=(-2.827, -0.980, 0.450) delta=(0.000, 0.000, 0.000) moved=false scan_age=0.051s
[component_container-9] [INFO] [1788981005.374678299] [pure_pursuit_node]: Pure Pursuit: pose=(-0.461, 5.572, -1.121) cte=0.050 closest=2450 target=2481 path_dist=0.050 heading_err=0.086 steer=0.173 speed=1.829
[gpu_amcl_cpp_node-6] [INFO] [1788981005.376328217] [gpu_amcl_cpp]: AMCL odom delta: at_scan=(-2.827, -0.980, 0.450) baseline=(-2.827, -0.980, 0.450) delta=(0.000, -0.000, 0.000) moved=false scan_age=0.050s
[component_container-9] [INFO] [1788981006.400385618] [pure_pursuit_node]: Pure Pursuit: pose=(-0.461, 5.572, -1.121) cte=0.050 closest=2450 target=2481 path_dist=0.050 heading_err=0.086 steer=0.173 speed=1.829
[gpu_amcl_cpp_node-6] [INFO] [1788981006.401563740] [gpu_amcl_cpp]: AMCL odom delta: at_scan=(-2.827, -0.980, 0.450) baseline=(-2.827, -0.980, 0.450) delta=(0.000, -0.000, 0.000) moved=false scan_age=0.050s
[gpu_amcl_cpp_node-6] [INFO] [1788981006.551693573] [gpu_amcl_cpp]: Received LiDAR callback #1561 (1081 ranges).
[component_container-9] [INFO] [1788981007.401801591] [pure_pursuit_node]: Pure Pursuit: pose=(-0.461, 5.572, -1.121) cte=0.050 closest=2450 target=2481 path_dist=0.050 heading_err=0.086 steer=0.173 speed=1.829
[gpu_amcl_cpp_node-6] [INFO] [1788981007.403051307] [gpu_amcl_cpp]: AMCL odom delta: at_scan=(-2.827, -0.980, 0.450) baseline=(-2.827, -0.980, 0.450) delta=(0.000, -0.000, 0.000) moved=false scan_age=0.051s
[component_container-9] [INFO] [1788981008.450872848] [pure_pursuit_node]: Pure Pursuit: pose=(-0.461, 5.572, -1.121) cte=0.050 closest=2450 target=2481 path_dist=0.050 heading_err=0.086 steer=0.173 speed=1.829
[gpu_amcl_cpp_node-6] [INFO] [1788981008.452078842] [gpu_amcl_cpp]: AMCL odom delta: at_scan=(-2.827, -0.980, 0.450) baseline=(-2.827, -0.980, 0.450) delta=(0.000, -0.000, 0.000) moved=false scan_age=0.051s
[component_container-9] [INFO] [1788981009.499847932] [pure_pursuit_node]: Pure Pursuit: pose=(-0.461, 5.572, -1.121) cte=0.050 closest=2450 target=2481 path_dist=0.050 heading_err=0.086 steer=0.173 speed=1.829
[gpu_amcl_cpp_node-6] [INFO] [1788981009.501276664] [gpu_amcl_cpp]: AMCL odom delta: at_scan=(-2.827, -0.980, 0.450) baseline=(-2.827, -0.980, 0.450) delta=(0.000, -0.000, 0.000) moved=false scan_age=0.050s
[gpu_amcl_cpp_node-6] [WARN] [1788981010.400618567] [gpu_amcl_cpp]: Queued LiDAR scan until source-time odometry arrives (queued=1).
[component_container-9] [INFO] [1788981010.500815575] [pure_pursuit_node]: Pure Pursuit: pose=(-0.461, 5.572, -1.121) cte=0.050 closest=2450 target=2481 path_dist=0.050 heading_err=0.086 steer=0.173 speed=1.829
[gpu_amcl_cpp_node-6] [INFO] [1788981010.502021991] [gpu_amcl_cpp]: AMCL odom delta: at_scan=(-2.827, -0.980, 0.450) baseline=(-2.827, -0.980, 0.450) delta=(0.000, -0.000, 0.000) moved=false scan_age=0.050s
[component_container-9] [INFO] [1788981011.550353441] [pure_pursuit_node]: Pure Pursuit: pose=(-0.461, 5.572, -1.121) cte=0.050 closest=2450 target=2481 path_dist=0.050 heading_err=0.086 steer=0.173 speed=1.829
[gpu_amcl_cpp_node-6] [INFO] [1788981011.551508210] [gpu_amcl_cpp]: AMCL odom delta: at_scan=(-2.827, -0.980, 0.450) baseline=(-2.827, -0.980, 0.450) delta=(0.000, -0.000, 0.000) moved=false scan_age=0.051s
[gpu_amcl_cpp_node-6] [INFO] [1788981011.602193295] [gpu_amcl_cpp]: Received LiDAR callback #1659 (1081 ranges).
[component_container-9] [INFO] [1788981012.575723693] [pure_pursuit_node]: Pure Pursuit: pose=(-0.461, 5.572, -1.121) cte=0.050 closest=2450 target=2481 path_dist=0.050 heading_err=0.086 steer=0.173 speed=1.829
[gpu_amcl_cpp_node-6] [INFO] [1788981012.576931100] [gpu_amcl_cpp]: AMCL odom delta: at_scan=(-2.827, -0.980, 0.450) baseline=(-2.827, -0.980, 0.450) delta=(0.000, -0.000, 0.000) moved=false scan_age=0.049s
[component_container-9] [INFO] [1788981013.600868459] [pure_pursuit_node]: Pure Pursuit: pose=(-0.461, 5.572, -1.121) cte=0.050 closest=2450 target=2481 path_dist=0.050 heading_err=0.086 steer=0.173 speed=1.829
[gpu_amcl_cpp_node-6] [INFO] [1788981013.601944489] [gpu_amcl_cpp]: AMCL odom delta: at_scan=(-2.827, -0.980, 0.450) baseline=(-2.827, -0.980, 0.450) delta=(0.000, -0.000, 0.000) moved=false scan_age=0.049s
[component_container-9] [INFO] [1788981014.649310830] [pure_pursuit_node]: Pure Pursuit: pose=(-0.461, 5.572, -1.121) cte=0.050 closest=2450 target=2481 path_dist=0.050 heading_err=0.086 steer=0.173 speed=1.829
[gpu_amcl_cpp_node-6] [INFO] [1788981014.650886339] [gpu_amcl_cpp]: AMCL odom delta: at_scan=(-2.827, -0.980, 0.450) baseline=(-2.827, -0.980, 0.450) delta=(0.000, -0.000, 0.000) moved=false scan_age=0.050s
[component_container-9] [INFO] [1788981015.699186480] [pure_pursuit_node]: Pure Pursuit: pose=(-0.461, 5.572, -1.121) cte=0.050 closest=2450 target=2481 path_dist=0.050 heading_err=0.086 steer=0.173 speed=1.829
[gpu_amcl_cpp_node-6] [INFO] [1788981015.700464780] [gpu_amcl_cpp]: AMCL odom delta: at_scan=(-2.827, -0.980, 0.450) baseline=(-2.827, -0.980, 0.450) delta=(0.000, -0.000, 0.000) moved=false scan_age=0.050s
[gpu_amcl_cpp_node-6] [INFO] [1788981016.651508715] [gpu_amcl_cpp]: Received LiDAR callback #1756 (1081 ranges).
[component_container-9] [INFO] [1788981016.699611491] [pure_pursuit_node]: Pure Pursuit: pose=(-0.461, 5.572, -1.121) cte=0.050 closest=2450 target=2481 path_dist=0.050 heading_err=0.086 steer=0.173 speed=1.829
[gpu_amcl_cpp_node-6] [INFO] [1788981016.700849986] [gpu_amcl_cpp]: AMCL odom delta: at_scan=(-2.827, -0.980, 0.450) baseline=(-2.827, -0.980, 0.450) delta=(0.000, -0.000, 0.000) moved=false scan_age=0.049s
[component_container-9] [INFO] [1788981017.724349383] [pure_pursuit_node]: Pure Pursuit: pose=(-0.461, 5.572, -1.121) cte=0.050 closest=2450 target=2481 path_dist=0.050 heading_err=0.086 steer=0.173 speed=1.829
[gpu_amcl_cpp_node-6] [INFO] [1788981017.725612615] [gpu_amcl_cpp]: AMCL odom delta: at_scan=(-2.827, -0.980, 0.450) baseline=(-2.827, -0.980, 0.450) delta=(0.000, -0.000, 0.000) moved=false scan_age=0.049s
[component_container-9] [INFO] [1788981018.752089551] [pure_pursuit_node]: Pure Pursuit: pose=(-0.461, 5.572, -1.121) cte=0.050 closest=2450 target=2481 path_dist=0.050 heading_err=0.086 steer=0.173 speed=1.829
[gpu_amcl_cpp_node-6] [INFO] [1788981018.753179337] [gpu_amcl_cpp]: AMCL odom delta: at_scan=(-2.827, -0.980, 0.450) baseline=(-2.827, -0.980, 0.450) delta=(0.000, -0.000, 0.000) moved=false scan_age=0.051s
[component_container-9] [INFO] [1788981019.799479423] [pure_pursuit_node]: Pure Pursuit: pose=(-0.461, 5.572, -1.121) cte=0.050 closest=2450 target=2481 path_dist=0.050 heading_err=0.086 steer=0.173 speed=1.829
[gpu_amcl_cpp_node-6] [INFO] [1788981019.800581072] [gpu_amcl_cpp]: AMCL odom delta: at_scan=(-2.827, -0.980, 0.450) baseline=(-2.827, -0.980, 0.450) delta=(0.000, -0.000, 0.000) moved=false scan_age=0.050s
[component_container-9] [INFO] [1788981020.801317538] [pure_pursuit_node]: Pure Pursuit: pose=(-0.461, 5.572, -1.121) cte=0.050 closest=2450 target=2481 path_dist=0.050 heading_err=0.086 steer=0.173 speed=1.829
[gpu_amcl_cpp_node-6] [INFO] [1788981020.802489859] [gpu_amcl_cpp]: AMCL odom delta: at_scan=(-2.827, -0.980, 0.450) baseline=(-2.827, -0.980, 0.450) delta=(0.000, -0.000, 0.000) moved=false scan_age=0.050s
[gpu_amcl_cpp_node-6] [INFO] [1788981021.678481562] [gpu_amcl_cpp]: Received LiDAR callback #1852 (1081 ranges).
[component_container-9] [INFO] [1788981021.841536771] [pure_pursuit_node]: Pure Pursuit: pose=(-0.461, 5.572, -1.121) cte=0.050 closest=2450 target=2481 path_dist=0.050 heading_err=0.086 steer=0.173 speed=1.829
[gpu_amcl_cpp_node-6] [INFO] [1788981021.843174566] [gpu_amcl_cpp]: AMCL odom delta: at_scan=(-2.827, -0.980, 0.450) baseline=(-2.827, -0.980, 0.450) delta=(0.000, -0.000, 0.000) moved=false scan_age=0.092s
[component_container-9] [INFO] [1788981022.852275605] [pure_pursuit_node]: Pure Pursuit: pose=(-0.461, 5.572, -1.121) cte=0.050 closest=2450 target=2481 path_dist=0.050 heading_err=0.086 steer=0.173 speed=1.829
[gpu_amcl_cpp_node-6] [INFO] [1788981022.853969926] [gpu_amcl_cpp]: AMCL odom delta: at_scan=(-2.827, -0.980, 0.450) baseline=(-2.827, -0.980, 0.450) delta=(0.000, -0.000, 0.000) moved=false scan_age=0.052s
[component_container-9] [INFO] [1788981023.875243259] [pure_pursuit_node]: Pure Pursuit: pose=(-0.461, 5.572, -1.121) cte=0.050 closest=2450 target=2481 path_dist=0.050 heading_err=0.086 steer=0.173 speed=1.829
[gpu_amcl_cpp_node-6] [INFO] [1788981023.876334578] [gpu_amcl_cpp]: AMCL odom delta: at_scan=(-2.827, -0.980, 0.450) baseline=(-2.827, -0.980, 0.450) delta=(0.000, -0.000, 0.000) moved=false scan_age=0.049s
[component_container-9] [INFO] [1788981024.900583896] [pure_pursuit_node]: Pure Pursuit: pose=(-0.461, 5.572, -1.121) cte=0.050 closest=2450 target=2481 path_dist=0.050 heading_err=0.086 steer=0.173 speed=1.829
[gpu_amcl_cpp_node-6] [INFO] [1788981024.901764794] [gpu_amcl_cpp]: AMCL odom delta: at_scan=(-2.827, -0.980, 0.450) baseline=(-2.827, -0.980, 0.450) delta=(0.000, -0.000, 0.000) moved=false scan_age=0.050s
[component_container-9] [INFO] [1788981025.925502178] [pure_pursuit_node]: Pure Pursuit: pose=(-0.461, 5.572, -1.121) cte=0.050 closest=2450 target=2481 path_dist=0.050 heading_err=0.086 steer=0.173 speed=1.829
[gpu_amcl_cpp_node-6] [INFO] [1788981025.926729413] [gpu_amcl_cpp]: AMCL odom delta: at_scan=(-2.827, -0.980, 0.450) baseline=(-2.827, -0.980, 0.450) delta=(0.000, -0.000, 0.000) moved=false scan_age=0.050s
[gpu_amcl_cpp_node-6] [INFO] [1788981026.702217044] [gpu_amcl_cpp]: Received LiDAR callback #1947 (1081 ranges).
[component_container-9] [INFO] [1788981026.975515881] [pure_pursuit_node]: Pure Pursuit: pose=(-0.461, 5.572, -1.121) cte=0.050 closest=2450 target=2481 path_dist=0.050 heading_err=0.086 steer=0.173 speed=1.829
[gpu_amcl_cpp_node-6] [INFO] [1788981026.976719241] [gpu_amcl_cpp]: AMCL odom delta: at_scan=(-2.827, -0.980, 0.450) baseline=(-2.827, -0.980, 0.450) delta=(0.000, -0.000, 0.000) moved=false scan_age=0.050s
[component_container-9] [INFO] [1788981027.999325757] [pure_pursuit_node]: Pure Pursuit: pose=(-0.461, 5.572, -1.121) cte=0.050 closest=2450 target=2481 path_dist=0.050 heading_err=0.086 steer=0.173 speed=1.829
[gpu_amcl_cpp_node-6] [INFO] [1788981028.000647589] [gpu_amcl_cpp]: AMCL odom delta: at_scan=(-2.827, -0.980, 0.450) baseline=(-2.827, -0.980, 0.450) delta=(0.000, -0.000, 0.000) moved=false scan_age=0.052s
[component_container-9] [INFO] [1788981029.052686360] [pure_pursuit_node]: Pure Pursuit: pose=(-0.461, 5.572, -1.121) cte=0.050 closest=2450 target=2481 path_dist=0.050 heading_err=0.086 steer=0.173 speed=1.829
[gpu_amcl_cpp_node-6] [INFO] [1788981029.053990919] [gpu_amcl_cpp]: AMCL odom delta: at_scan=(-2.827, -0.980, 0.450) baseline=(-2.827, -0.980, 0.450) delta=(0.000, -0.000, 0.000) moved=false scan_age=0.055s
[component_container-9] [INFO] [1788981030.101501414] [pure_pursuit_node]: Pure Pursuit: pose=(-0.461, 5.572, -1.121) cte=0.050 closest=2450 target=2481 path_dist=0.050 heading_err=0.086 steer=0.173 speed=1.829
[gpu_amcl_cpp_node-6] [INFO] [1788981030.103160149] [gpu_amcl_cpp]: AMCL odom delta: at_scan=(-2.827, -0.980, 0.450) baseline=(-2.827, -0.980, 0.450) delta=(0.000, -0.000, 0.000) moved=false scan_age=0.050s
[component_container-9] [INFO] [1788981031.150563400] [pure_pursuit_node]: Pure Pursuit: pose=(-0.461, 5.572, -1.121) cte=0.050 closest=2450 target=2481 path_dist=0.050 heading_err=0.086 steer=0.173 speed=1.829
[gpu_amcl_cpp_node-6] [INFO] [1788981031.152028992] [gpu_amcl_cpp]: AMCL odom delta: at_scan=(-2.827, -0.980, 0.450) baseline=(-2.827, -0.980, 0.450) delta=(0.000, -0.000, 0.000) moved=false scan_age=0.050s
[gpu_amcl_cpp_node-6] [INFO] [1788981031.702808151] [gpu_amcl_cpp]: Received LiDAR callback #2040 (1081 ranges).
[component_container-9] [INFO] [1788981032.174814675] [pure_pursuit_node]: Pure Pursuit: pose=(-0.461, 5.572, -1.121) cte=0.050 closest=2450 target=2481 path_dist=0.050 heading_err=0.086 steer=0.173 speed=1.829
[gpu_amcl_cpp_node-6] [INFO] [1788981032.176204665] [gpu_amcl_cpp]: AMCL odom delta: at_scan=(-2.827, -0.980, 0.450) baseline=(-2.827, -0.980, 0.450) delta=(0.000, -0.000, 0.000) moved=false scan_age=0.050s
[component_container-9] [INFO] [1788981033.202186478] [pure_pursuit_node]: Pure Pursuit: pose=(-0.461, 5.572, -1.121) cte=0.050 closest=2450 target=2481 path_dist=0.050 heading_err=0.086 steer=0.173 speed=1.829
[gpu_amcl_cpp_node-6] [INFO] [1788981033.203367225] [gpu_amcl_cpp]: AMCL odom delta: at_scan=(-2.827, -0.980, 0.450) baseline=(-2.827, -0.980, 0.450) delta=(0.000, -0.000, 0.000) moved=false scan_age=0.051s
[component_container-9] [INFO] [1788981034.225519404] [pure_pursuit_node]: Pure Pursuit: pose=(-0.461, 5.572, -1.121) cte=0.050 closest=2450 target=2481 path_dist=0.050 heading_err=0.086 steer=0.173 speed=1.829
[gpu_amcl_cpp_node-6] [INFO] [1788981034.226617095] [gpu_amcl_cpp]: AMCL odom delta: at_scan=(-2.827, -0.980, 0.450) baseline=(-2.827, -0.980, 0.450) delta=(0.000, -0.000, 0.000) moved=false scan_age=0.049s
[component_container-9] [INFO] [1788981035.251248257] [pure_pursuit_node]: Pure Pursuit: pose=(-0.461, 5.572, -1.121) cte=0.050 closest=2450 target=2481 path_dist=0.050 heading_err=0.086 steer=0.173 speed=1.829
[gpu_amcl_cpp_node-6] [INFO] [1788981035.252302457] [gpu_amcl_cpp]: AMCL odom delta: at_scan=(-2.827, -0.980, 0.450) baseline=(-2.827, -0.980, 0.450) delta=(0.000, -0.000, 0.000) moved=false scan_age=0.051s
[component_container-9] [INFO] [1788981036.300722255] [pure_pursuit_node]: Pure Pursuit: pose=(-0.461, 5.572, -1.121) cte=0.050 closest=2450 target=2481 path_dist=0.050 heading_err=0.086 steer=0.173 speed=1.829
[gpu_amcl_cpp_node-6] [INFO] [1788981036.301971461] [gpu_amcl_cpp]: AMCL odom delta: at_scan=(-2.827, -0.980, 0.450) baseline=(-2.827, -0.980, 0.450) delta=(0.000, -0.000, 0.000) moved=false scan_age=0.051s
[gpu_amcl_cpp_node-6] [INFO] [1788981036.751562790] [gpu_amcl_cpp]: Received LiDAR callback #2133 (1081 ranges).
[component_container-9] [INFO] [1788981037.301248029] [pure_pursuit_node]: Pure Pursuit: pose=(-0.461, 5.572, -1.121) cte=0.050 closest=2450 target=2481 path_dist=0.050 heading_err=0.086 steer=0.173 speed=1.829
[gpu_amcl_cpp_node-6] [INFO] [1788981037.302427934] [gpu_amcl_cpp]: AMCL odom delta: at_scan=(-2.827, -0.980, 0.450) baseline=(-2.827, -0.980, 0.450) delta=(0.000, -0.000, 0.000) moved=false scan_age=0.051s
[component_container-9] [INFO] [1788981038.349959770] [pure_pursuit_node]: Pure Pursuit: pose=(-0.461, 5.572, -1.121) cte=0.050 closest=2450 target=2481 path_dist=0.050 heading_err=0.086 steer=0.173 speed=1.829
[gpu_amcl_cpp_node-6] [INFO] [1788981038.351156618] [gpu_amcl_cpp]: AMCL odom delta: at_scan=(-2.827, -0.980, 0.450) baseline=(-2.827, -0.980, 0.450) delta=(0.000, -0.000, 0.000) moved=false scan_age=0.053s
[component_container-9] [INFO] [1788981039.350486161] [pure_pursuit_node]: Pure Pursuit: pose=(-0.461, 5.572, -1.121) cte=0.050 closest=2450 target=2481 path_dist=0.050 heading_err=0.086 steer=0.173 speed=1.829
[gpu_amcl_cpp_node-6] [INFO] [1788981039.351531754] [gpu_amcl_cpp]: AMCL odom delta: at_scan=(-2.827, -0.980, 0.450) baseline=(-2.827, -0.980, 0.450) delta=(0.000, -0.000, 0.000) moved=false scan_age=0.050s
[component_container-9] [INFO] [1788981040.374733340] [pure_pursuit_node]: Pure Pursuit: pose=(-0.461, 5.572, -1.121) cte=0.050 closest=2450 target=2481 path_dist=0.050 heading_err=0.086 steer=0.173 speed=1.829
[gpu_amcl_cpp_node-6] [INFO] [1788981040.376315882] [gpu_amcl_cpp]: AMCL odom delta: at_scan=(-2.827, -0.980, 0.450) baseline=(-2.827, -0.980, 0.450) delta=(0.000, -0.000, 0.000) moved=false scan_age=0.051s
[component_container-9] [INFO] [1788981041.425140739] [pure_pursuit_node]: Pure Pursuit: pose=(-0.461, 5.572, -1.121) cte=0.050 closest=2450 target=2481 path_dist=0.050 heading_err=0.086 steer=0.173 speed=1.829
[gpu_amcl_cpp_node-6] [INFO] [1788981041.426266893] [gpu_amcl_cpp]: AMCL odom delta: at_scan=(-2.827, -0.980, 0.450) baseline=(-2.827, -0.980, 0.450) delta=(0.000, -0.000, 0.000) moved=false scan_age=0.052s
[gpu_amcl_cpp_node-6] [INFO] [1788981041.752586239] [gpu_amcl_cpp]: Received LiDAR callback #2224 (1081 ranges).
[component_container-9] [INFO] [1788981042.427321359] [pure_pursuit_node]: Pure Pursuit: pose=(-0.461, 5.572, -1.121) cte=0.050 closest=2450 target=2481 path_dist=0.050 heading_err=0.086 steer=0.173 speed=1.829
[gpu_amcl_cpp_node-6] [INFO] [1788981042.428730745] [gpu_amcl_cpp]: AMCL odom delta: at_scan=(-2.827, -0.980, 0.450) baseline=(-2.827, -0.980, 0.450) delta=(0.000, -0.000, 0.000) moved=false scan_age=0.052s
[component_container-9] [INFO] [1788981043.477384787] [pure_pursuit_node]: Pure Pursuit: pose=(-0.461, 5.572, -1.121) cte=0.050 closest=2450 target=2481 path_dist=0.050 heading_err=0.086 steer=0.173 speed=1.829
[gpu_amcl_cpp_node-6] [INFO] [1788981043.478723220] [gpu_amcl_cpp]: AMCL odom delta: at_scan=(-2.827, -0.980, 0.450) baseline=(-2.827, -0.980, 0.450) delta=(0.000, -0.000, 0.000) moved=false scan_age=0.052s
[component_container-9] [INFO] [1788981044.525669793] [pure_pursuit_node]: Pure Pursuit: pose=(-0.461, 5.572, -1.121) cte=0.050 closest=2450 target=2481 path_dist=0.050 heading_err=0.086 steer=0.173 speed=1.829
[gpu_amcl_cpp_node-6] [INFO] [1788981044.526714154] [gpu_amcl_cpp]: AMCL odom delta: at_scan=(-2.827, -0.980, 0.450) baseline=(-2.827, -0.980, 0.450) delta=(0.000, -0.000, 0.000) moved=false scan_age=0.050s
[component_container-9] [INFO] [1788981045.551586055] [pure_pursuit_node]: Pure Pursuit: pose=(-0.461, 5.572, -1.121) cte=0.050 closest=2450 target=2481 path_dist=0.050 heading_err=0.086 steer=0.173 speed=1.829
[gpu_amcl_cpp_node-6] [INFO] [1788981045.552673357] [gpu_amcl_cpp]: AMCL odom delta: at_scan=(-2.827, -0.980, 0.450) baseline=(-2.827, -0.980, 0.450) delta=(0.000, -0.000, 0.000) moved=false scan_age=0.052s
[component_container-9] [INFO] [1788981046.600275817] [pure_pursuit_node]: Pure Pursuit: pose=(-0.461, 5.572, -1.121) cte=0.050 closest=2450 target=2481 path_dist=0.050 heading_err=0.086 steer=0.173 speed=1.829
[gpu_amcl_cpp_node-6] [INFO] [1788981046.601242672] [gpu_amcl_cpp]: AMCL odom delta: at_scan=(-2.827, -0.980, 0.450) baseline=(-2.827, -0.980, 0.450) delta=(0.000, -0.000, 0.000) moved=false scan_age=0.050s
[gpu_amcl_cpp_node-6] [INFO] [1788981046.754552503] [gpu_amcl_cpp]: Received LiDAR callback #2317 (1081 ranges).
[component_container-9] [INFO] [1788981047.649265429] [pure_pursuit_node]: Pure Pursuit: pose=(-0.461, 5.572, -1.121) cte=0.050 closest=2450 target=2481 path_dist=0.050 heading_err=0.086 steer=0.173 speed=1.829
[gpu_amcl_cpp_node-6] [INFO] [1788981047.650500849] [gpu_amcl_cpp]: AMCL odom delta: at_scan=(-2.827, -0.980, 0.450) baseline=(-2.827, -0.980, 0.450) delta=(0.000, -0.000, 0.000) moved=false scan_age=0.050s
[component_container-9] [INFO] [1788981048.676312497] [pure_pursuit_node]: Pure Pursuit: pose=(-0.461, 5.572, -1.121) cte=0.050 closest=2450 target=2481 path_dist=0.050 heading_err=0.086 steer=0.173 speed=1.829
[gpu_amcl_cpp_node-6] [INFO] [1788981048.677439504] [gpu_amcl_cpp]: AMCL odom delta: at_scan=(-2.827, -0.980, 0.450) baseline=(-2.827, -0.980, 0.450) delta=(0.000, -0.000, 0.000) moved=false scan_age=0.049s
[component_container-9] [INFO] [1788981049.677468578] [pure_pursuit_node]: Pure Pursuit: pose=(-0.461, 5.572, -1.121) cte=0.050 closest=2450 target=2481 path_dist=0.050 heading_err=0.086 steer=0.173 speed=1.829
[gpu_amcl_cpp_node-6] [INFO] [1788981049.678711562] [gpu_amcl_cpp]: AMCL odom delta: at_scan=(-2.827, -0.980, 0.450) baseline=(-2.827, -0.980, 0.450) delta=(0.000, -0.000, 0.000) moved=false scan_age=0.051s
[component_container-9] [INFO] [1788981050.747361854] [pure_pursuit_node]: Pure Pursuit: pose=(-0.461, 5.572, -1.121) cte=0.050 closest=2450 target=2481 path_dist=0.050 heading_err=0.086 steer=0.173 speed=1.829
[gpu_amcl_cpp_node-6] [INFO] [1788981050.748796638] [gpu_amcl_cpp]: AMCL odom delta: at_scan=(-2.827, -0.980, 0.450) baseline=(-2.827, -0.980, 0.450) delta=(0.000, -0.000, 0.000) moved=false scan_age=0.051s
[component_container-9] [INFO] [1788981051.775595995] [pure_pursuit_node]: Pure Pursuit: pose=(-0.461, 5.572, -1.121) cte=0.050 closest=2450 target=2481 path_dist=0.050 heading_err=0.086 steer=0.173 speed=1.829
[gpu_amcl_cpp_node-6] [INFO] [1788981051.776644985] [gpu_amcl_cpp]: Received LiDAR callback #2411 (1081 ranges).
[gpu_amcl_cpp_node-6] [INFO] [1788981051.776687044] [gpu_amcl_cpp]: AMCL odom delta: at_scan=(-2.827, -0.980, 0.450) baseline=(-2.827, -0.980, 0.450) delta=(0.000, -0.000, 0.000) moved=false scan_age=0.051s
[component_container-9] [INFO] [1788981052.777035461] [pure_pursuit_node]: Pure Pursuit: pose=(-0.461, 5.572, -1.121) cte=0.050 closest=2450 target=2481 path_dist=0.050 heading_err=0.086 steer=0.173 speed=1.829
[gpu_amcl_cpp_node-6] [INFO] [1788981052.778409461] [gpu_amcl_cpp]: AMCL odom delta: at_scan=(-2.827, -0.980, 0.450) baseline=(-2.827, -0.980, 0.450) delta=(0.000, -0.000, 0.000) moved=false scan_age=0.052s
[component_container-9] [INFO] [1788981053.824565399] [pure_pursuit_node]: Pure Pursuit: pose=(-0.461, 5.572, -1.121) cte=0.050 closest=2450 target=2481 path_dist=0.050 heading_err=0.086 steer=0.173 speed=1.829
[gpu_amcl_cpp_node-6] [INFO] [1788981053.825944198] [gpu_amcl_cpp]: AMCL odom delta: at_scan=(-2.827, -0.980, 0.450) baseline=(-2.827, -0.980, 0.450) delta=(0.000, -0.000, 0.000) moved=false scan_age=0.053s
[component_container-9] [INFO] [1788981054.826580762] [pure_pursuit_node]: Pure Pursuit: pose=(-0.461, 5.572, -1.121) cte=0.050 closest=2450 target=2481 path_dist=0.050 heading_err=0.086 steer=0.173 speed=1.829
[gpu_amcl_cpp_node-6] [INFO] [1788981054.827818325] [gpu_amcl_cpp]: AMCL odom delta: at_scan=(-2.827, -0.980, 0.450) baseline=(-2.827, -0.980, 0.450) delta=(0.000, -0.000, 0.000) moved=false scan_age=0.051s
[component_container-9] [INFO] [1788981055.875657940] [pure_pursuit_node]: Pure Pursuit: pose=(-0.461, 5.572, -1.121) cte=0.050 closest=2450 target=2481 path_dist=0.050 heading_err=0.086 steer=0.173 speed=1.829
[gpu_amcl_cpp_node-6] [INFO] [1788981055.876929848] [gpu_amcl_cpp]: AMCL odom delta: at_scan=(-2.827, -0.980, 0.450) baseline=(-2.827, -0.980, 0.450) delta=(0.000, -0.000, 0.000) moved=false scan_age=0.050s
[gpu_amcl_cpp_node-6] [INFO] [1788981056.802207037] [gpu_amcl_cpp]: Received LiDAR callback #2504 (1081 ranges).
[component_container-9] [INFO] [1788981056.901959270] [pure_pursuit_node]: Pure Pursuit: pose=(-0.461, 5.572, -1.121) cte=0.050 closest=2450 target=2481 path_dist=0.050 heading_err=0.086 steer=0.173 speed=1.829
[gpu_amcl_cpp_node-6] [INFO] [1788981056.903077771] [gpu_amcl_cpp]: AMCL odom delta: at_scan=(-2.827, -0.980, 0.450) baseline=(-2.827, -0.980, 0.450) delta=(0.000, -0.000, 0.000) moved=false scan_age=0.051s
[component_container-9] [INFO] [1788981057.947620430] [pure_pursuit_node]: Pure Pursuit: pose=(-0.461, 5.572, -1.121) cte=0.050 closest=2450 target=2481 path_dist=0.050 heading_err=0.086 steer=0.173 speed=1.829
[gpu_amcl_cpp_node-6] [INFO] [1788981057.948864506] [gpu_amcl_cpp]: AMCL odom delta: at_scan=(-2.827, -0.980, 0.450) baseline=(-2.827, -0.980, 0.450) delta=(0.000, -0.000, 0.000) moved=false scan_age=0.051s
[component_container-9] [INFO] [1788981058.976291365] [pure_pursuit_node]: Pure Pursuit: pose=(-0.461, 5.572, -1.121) cte=0.050 closest=2450 target=2481 path_dist=0.050 heading_err=0.086 steer=0.173 speed=1.829
[gpu_amcl_cpp_node-6] [INFO] [1788981058.977324545] [gpu_amcl_cpp]: AMCL odom delta: at_scan=(-2.827, -0.980, 0.450) baseline=(-2.827, -0.980, 0.450) delta=(0.000, -0.000, 0.000) moved=false scan_age=0.051s
[component_container-9] [INFO] [1788981060.001984777] [pure_pursuit_node]: Pure Pursuit: pose=(-0.461, 5.572, -1.121) cte=0.050 closest=2450 target=2481 path_dist=0.050 heading_err=0.086 steer=0.173 speed=1.829
[gpu_amcl_cpp_node-6] [INFO] [1788981060.003193176] [gpu_amcl_cpp]: AMCL odom delta: at_scan=(-2.827, -0.980, 0.450) baseline=(-2.827, -0.980, 0.450) delta=(0.000, -0.000, 0.000) moved=false scan_age=0.051s
[component_container-9] [INFO] [1788981061.025508714] [pure_pursuit_node]: Pure Pursuit: pose=(-0.461, 5.572, -1.121) cte=0.050 closest=2450 target=2481 path_dist=0.050 heading_err=0.086 steer=0.173 speed=1.829
[gpu_amcl_cpp_node-6] [INFO] [1788981061.026560479] [gpu_amcl_cpp]: AMCL odom delta: at_scan=(-2.827, -0.980, 0.450) baseline=(-2.827, -0.980, 0.450) delta=(0.000, -0.000, 0.000) moved=false scan_age=0.049s
[gpu_amcl_cpp_node-6] [INFO] [1788981061.827492919] [gpu_amcl_cpp]: Received LiDAR callback #2599 (1081 ranges).
[component_container-9] [INFO] [1788981062.050453225] [pure_pursuit_node]: Pure Pursuit: pose=(-0.461, 5.572, -1.121) cte=0.050 closest=2450 target=2481 path_dist=0.050 heading_err=0.086 steer=0.173 speed=1.829
[gpu_amcl_cpp_node-6] [INFO] [1788981062.051508817] [gpu_amcl_cpp]: AMCL odom delta: at_scan=(-2.827, -0.980, 0.450) baseline=(-2.827, -0.980, 0.450) delta=(0.000, -0.000, 0.000) moved=false scan_age=0.050s
[component_container-9] [INFO] [1788981063.101749034] [pure_pursuit_node]: Pure Pursuit: pose=(-0.461, 5.572, -1.121) cte=0.050 closest=2450 target=2481 path_dist=0.050 heading_err=0.086 steer=0.173 speed=1.829
[gpu_amcl_cpp_node-6] [INFO] [1788981063.103409932] [gpu_amcl_cpp]: AMCL odom delta: at_scan=(-2.827, -0.980, 0.450) baseline=(-2.827, -0.980, 0.450) delta=(0.000, -0.000, 0.000) moved=false scan_age=0.053s
[component_container-9] [INFO] [1788981064.151062397] [pure_pursuit_node]: Pure Pursuit: pose=(-0.461, 5.572, -1.121) cte=0.050 closest=2450 target=2481 path_dist=0.050 heading_err=0.086 steer=0.173 speed=1.829
[gpu_amcl_cpp_node-6] [INFO] [1788981064.152006420] [gpu_amcl_cpp]: AMCL odom delta: at_scan=(-2.827, -0.980, 0.450) baseline=(-2.827, -0.980, 0.450) delta=(0.000, -0.000, 0.000) moved=false scan_age=0.050s
[component_container-9] [INFO] [1788981065.201343977] [pure_pursuit_node]: Pure Pursuit: pose=(-0.461, 5.572, -1.121) cte=0.050 closest=2450 target=2481 path_dist=0.050 heading_err=0.086 steer=0.173 speed=1.829
[gpu_amcl_cpp_node-6] [INFO] [1788981065.202348282] [gpu_amcl_cpp]: AMCL odom delta: at_scan=(-2.827, -0.980, 0.450) baseline=(-2.827, -0.980, 0.450) delta=(0.000, -0.000, 0.000) moved=false scan_age=0.051s
[component_container-9] [INFO] [1788981066.202468934] [pure_pursuit_node]: Pure Pursuit: pose=(-0.461, 5.572, -1.121) cte=0.050 closest=2450 target=2481 path_dist=0.050 heading_err=0.086 steer=0.173 speed=1.829
[gpu_amcl_cpp_node-6] [INFO] [1788981066.203759558] [gpu_amcl_cpp]: AMCL odom delta: at_scan=(-2.827, -0.980, 0.450) baseline=(-2.827, -0.980, 0.450) delta=(0.000, -0.000, 0.000) moved=false scan_age=0.051s
[gpu_amcl_cpp_node-6] [INFO] [1788981066.850564029] [gpu_amcl_cpp]: Received LiDAR callback #2694 (1081 ranges).
[component_container-9] [INFO] [1788981067.226287030] [pure_pursuit_node]: Pure Pursuit: pose=(-0.461, 5.572, -1.121) cte=0.050 closest=2450 target=2481 path_dist=0.050 heading_err=0.086 steer=0.173 speed=1.829
[gpu_amcl_cpp_node-6] [INFO] [1788981067.227362179] [gpu_amcl_cpp]: AMCL odom delta: at_scan=(-2.827, -0.980, 0.450) baseline=(-2.827, -0.980, 0.450) delta=(0.000, -0.000, 0.000) moved=false scan_age=0.054s
[component_container-9] [INFO] [1788981068.226442192] [pure_pursuit_node]: Pure Pursuit: pose=(-0.461, 5.572, -1.121) cte=0.050 closest=2450 target=2481 path_dist=0.050 heading_err=0.086 steer=0.173 speed=1.829
[gpu_amcl_cpp_node-6] [INFO] [1788981068.228095226] [gpu_amcl_cpp]: AMCL odom delta: at_scan=(-2.827, -0.980, 0.450) baseline=(-2.827, -0.980, 0.450) delta=(0.000, -0.000, 0.000) moved=false scan_age=0.050s
[component_container-9] [INFO] [1788981069.277596301] [pure_pursuit_node]: Pure Pursuit: pose=(-0.461, 5.572, -1.121) cte=0.050 closest=2450 target=2481 path_dist=0.050 heading_err=0.086 steer=0.173 speed=1.829
[gpu_amcl_cpp_node-6] [INFO] [1788981069.278733216] [gpu_amcl_cpp]: AMCL odom delta: at_scan=(-2.827, -0.980, 0.450) baseline=(-2.827, -0.980, 0.450) delta=(0.000, -0.000, 0.000) moved=false scan_age=0.051s
[component_container-9] [INFO] [1788981070.325627865] [pure_pursuit_node]: Pure Pursuit: pose=(-0.461, 5.572, -1.121) cte=0.050 closest=2450 target=2481 path_dist=0.050 heading_err=0.086 steer=0.173 speed=1.829
[gpu_amcl_cpp_node-6] [INFO] [1788981070.326726017] [gpu_amcl_cpp]: AMCL odom delta: at_scan=(-2.827, -0.980, 0.450) baseline=(-2.827, -0.980, 0.450) delta=(0.000, -0.000, 0.000) moved=false scan_age=0.050s
[component_container-9] [INFO] [1788981071.350249250] [pure_pursuit_node]: Pure Pursuit: pose=(-0.461, 5.572, -1.121) cte=0.050 closest=2450 target=2481 path_dist=0.050 heading_err=0.086 steer=0.173 speed=1.829
[gpu_amcl_cpp_node-6] [INFO] [1788981071.351325711] [gpu_amcl_cpp]: AMCL odom delta: at_scan=(-2.827, -0.980, 0.450) baseline=(-2.827, -0.980, 0.450) delta=(0.000, -0.000, 0.000) moved=false scan_age=0.050s
[gpu_amcl_cpp_node-6] [INFO] [1788981071.903245435] [gpu_amcl_cpp]: Received LiDAR callback #2788 (1081 ranges).
[component_container-9] [INFO] [1788981072.376142261] [pure_pursuit_node]: Pure Pursuit: pose=(-0.461, 5.572, -1.121) cte=0.050 closest=2450 target=2481 path_dist=0.050 heading_err=0.086 steer=0.173 speed=1.829
[gpu_amcl_cpp_node-6] [INFO] [1788981072.377249920] [gpu_amcl_cpp]: AMCL odom delta: at_scan=(-2.827, -0.980, 0.450) baseline=(-2.827, -0.980, 0.450) delta=(0.000, -0.000, 0.000) moved=false scan_age=0.051s
[component_container-9] [INFO] [1788981073.426528358] [pure_pursuit_node]: Pure Pursuit: pose=(-0.461, 5.572, -1.121) cte=0.050 closest=2450 target=2481 path_dist=0.050 heading_err=0.086 steer=0.173 speed=1.829
[gpu_amcl_cpp_node-6] [INFO] [1788981073.427919170] [gpu_amcl_cpp]: AMCL odom delta: at_scan=(-2.827, -0.980, 0.450) baseline=(-2.827, -0.980, 0.450) delta=(0.000, -0.000, 0.000) moved=false scan_age=0.051s
[component_container-9] [INFO] [1788981074.476165588] [pure_pursuit_node]: Pure Pursuit: pose=(-0.461, 5.572, -1.121) cte=0.050 closest=2450 target=2481 path_dist=0.050 heading_err=0.086 steer=0.173 speed=1.829
[gpu_amcl_cpp_node-6] [INFO] [1788981074.477167199] [gpu_amcl_cpp]: AMCL odom delta: at_scan=(-2.827, -0.980, 0.450) baseline=(-2.827, -0.980, 0.450) delta=(0.000, -0.000, 0.000) moved=false scan_age=0.051s
[component_container-9] [INFO] [1788981075.500583593] [pure_pursuit_node]: Pure Pursuit: pose=(-0.461, 5.572, -1.121) cte=0.050 closest=2450 target=2481 path_dist=0.050 heading_err=0.086 steer=0.173 speed=1.829
[gpu_amcl_cpp_node-6] [INFO] [1788981075.502171624] [gpu_amcl_cpp]: AMCL odom delta: at_scan=(-2.827, -0.980, 0.450) baseline=(-2.827, -0.980, 0.450) delta=(0.000, -0.000, 0.000) moved=false scan_age=0.050s
[component_container-9] [INFO] [1788981076.525775879] [pure_pursuit_node]: Pure Pursuit: pose=(-0.461, 5.572, -1.121) cte=0.050 closest=2450 target=2481 path_dist=0.050 heading_err=0.086 steer=0.173 speed=1.829
[gpu_amcl_cpp_node-6] [INFO] [1788981076.526815902] [gpu_amcl_cpp]: AMCL odom delta: at_scan=(-2.827, -0.980, 0.450) baseline=(-2.827, -0.980, 0.450) delta=(0.000, -0.000, 0.000) moved=false scan_age=0.050s
[gpu_amcl_cpp_node-6] [INFO] [1788981076.927726499] [gpu_amcl_cpp]: Received LiDAR callback #2883 (1081 ranges).
[component_container-9] [INFO] [1788981077.550976859] [pure_pursuit_node]: Pure Pursuit: pose=(-0.461, 5.572, -1.121) cte=0.050 closest=2450 target=2481 path_dist=0.050 heading_err=0.086 steer=0.173 speed=1.829
[gpu_amcl_cpp_node-6] [INFO] [1788981077.552090360] [gpu_amcl_cpp]: AMCL odom delta: at_scan=(-2.827, -0.980, 0.450) baseline=(-2.827, -0.980, 0.450) delta=(0.000, -0.000, 0.000) moved=false scan_age=0.050s
[component_container-9] [INFO] [1788981078.576357666] [pure_pursuit_node]: Pure Pursuit: pose=(-0.461, 5.572, -1.121) cte=0.050 closest=2450 target=2481 path_dist=0.050 heading_err=0.086 steer=0.173 speed=1.829
[gpu_amcl_cpp_node-6] [INFO] [1788981078.577404721] [gpu_amcl_cpp]: AMCL odom delta: at_scan=(-2.827, -0.980, 0.450) baseline=(-2.827, -0.980, 0.450) delta=(0.000, -0.000, 0.000) moved=false scan_age=0.050s
[component_container-9] [INFO] [1788981079.601287152] [pure_pursuit_node]: Pure Pursuit: pose=(-0.461, 5.572, -1.121) cte=0.050 closest=2450 target=2481 path_dist=0.050 heading_err=0.086 steer=0.173 speed=1.829
[gpu_amcl_cpp_node-6] [INFO] [1788981079.602331122] [gpu_amcl_cpp]: AMCL odom delta: at_scan=(-2.827, -0.980, 0.450) baseline=(-2.827, -0.980, 0.450) delta=(0.000, -0.000, 0.000) moved=false scan_age=0.049s
[component_container-9] [INFO] [1788981080.646870898] [pure_pursuit_node]: Pure Pursuit: pose=(-0.461, 5.572, -1.121) cte=0.050 closest=2450 target=2481 path_dist=0.050 heading_err=0.086 steer=0.173 speed=1.829
[gpu_amcl_cpp_node-6] [INFO] [1788981080.648396362] [gpu_amcl_cpp]: AMCL odom delta: at_scan=(-2.827, -0.980, 0.450) baseline=(-2.827, -0.980, 0.450) delta=(0.000, -0.000, 0.000) moved=false scan_age=0.050s
[component_container-9] [INFO] [1788981081.650276506] [pure_pursuit_node]: Pure Pursuit: pose=(-0.461, 5.572, -1.121) cte=0.050 closest=2450 target=2481 path_dist=0.050 heading_err=0.086 steer=0.173 speed=1.829
[gpu_amcl_cpp_node-6] [INFO] [1788981081.651294808] [gpu_amcl_cpp]: AMCL odom delta: at_scan=(-2.827, -0.980, 0.450) baseline=(-2.827, -0.980, 0.450) delta=(0.000, -0.000, 0.000) moved=false scan_age=0.049s
[gpu_amcl_cpp_node-6] [INFO] [1788981081.927997454] [gpu_amcl_cpp]: Received LiDAR callback #2976 (1081 ranges).
[component_container-9] [INFO] [1788981082.675176932] [pure_pursuit_node]: Pure Pursuit: pose=(-0.461, 5.572, -1.121) cte=0.050 closest=2450 target=2481 path_dist=0.050 heading_err=0.086 steer=0.173 speed=1.829
[gpu_amcl_cpp_node-6] [INFO] [1788981082.676736059] [gpu_amcl_cpp]: AMCL odom delta: at_scan=(-2.827, -0.980, 0.450) baseline=(-2.827, -0.980, 0.450) delta=(0.000, -0.000, 0.000) moved=false scan_age=0.050s
[component_container-9] [INFO] [1788981083.706699820] [pure_pursuit_node]: Pure Pursuit: pose=(-0.461, 5.572, -1.121) cte=0.050 closest=2450 target=2481 path_dist=0.050 heading_err=0.086 steer=0.173 speed=1.829
[gpu_amcl_cpp_node-6] [INFO] [1788981083.708149001] [gpu_amcl_cpp]: AMCL odom delta: at_scan=(-2.827, -0.980, 0.450) baseline=(-2.827, -0.980, 0.450) delta=(0.000, -0.000, 0.000) moved=false scan_age=0.059s
[component_container-9] [INFO] [1788981084.727334031] [pure_pursuit_node]: Pure Pursuit: pose=(-0.461, 5.572, -1.121) cte=0.050 closest=2450 target=2481 path_dist=0.050 heading_err=0.086 steer=0.173 speed=1.829
[gpu_amcl_cpp_node-6] [INFO] [1788981084.728924707] [gpu_amcl_cpp]: AMCL odom delta: at_scan=(-2.827, -0.980, 0.450) baseline=(-2.827, -0.980, 0.450) delta=(0.000, -0.000, 0.000) moved=false scan_age=0.051s
[component_container-9] [INFO] [1788981085.778068156] [pure_pursuit_node]: Pure Pursuit: pose=(-0.461, 5.572, -1.121) cte=0.050 closest=2450 target=2481 path_dist=0.050 heading_err=0.086 steer=0.173 speed=1.829
[gpu_amcl_cpp_node-6] [INFO] [1788981085.779243373] [gpu_amcl_cpp]: AMCL odom delta: at_scan=(-2.827, -0.980, 0.450) baseline=(-2.827, -0.980, 0.450) delta=(0.000, -0.000, 0.000) moved=false scan_age=0.052s
[component_container-9] [INFO] [1788981086.825574138] [pure_pursuit_node]: Pure Pursuit: pose=(-0.461, 5.572, -1.121) cte=0.050 closest=2450 target=2481 path_dist=0.050 heading_err=0.086 steer=0.173 speed=1.829
[gpu_amcl_cpp_node-6] [INFO] [1788981086.826676828] [gpu_amcl_cpp]: AMCL odom delta: at_scan=(-2.827, -0.980, 0.450) baseline=(-2.827, -0.980, 0.450) delta=(0.000, -0.000, 0.000) moved=false scan_age=0.049s
[gpu_amcl_cpp_node-6] [INFO] [1788981086.951398429] [gpu_amcl_cpp]: Received LiDAR callback #3065 (1081 ranges).
[component_container-9] [INFO] [1788981087.871144664] [pure_pursuit_node]: Pure Pursuit: pose=(-0.461, 5.572, -1.121) cte=0.050 closest=2450 target=2481 path_dist=0.050 heading_err=0.086 steer=0.173 speed=1.829
[gpu_amcl_cpp_node-6] [INFO] [1788981087.872652264] [gpu_amcl_cpp]: AMCL odom delta: at_scan=(-2.827, -0.980, 0.450) baseline=(-2.827, -0.980, 0.450) delta=(0.000, -0.000, 0.000) moved=false scan_age=0.049s
[component_container-9] [INFO] [1788981088.897803789] [pure_pursuit_node]: Pure Pursuit: pose=(-0.461, 5.572, -1.121) cte=0.050 closest=2450 target=2481 path_dist=0.050 heading_err=0.086 steer=0.173 speed=1.829
[gpu_amcl_cpp_node-6] [INFO] [1788981088.899148444] [gpu_amcl_cpp]: AMCL odom delta: at_scan=(-2.827, -0.980, 0.450) baseline=(-2.827, -0.980, 0.450) delta=(0.000, -0.000, 0.000) moved=false scan_age=0.051s
[component_container-9] [INFO] [1788981089.900295605] [pure_pursuit_node]: Pure Pursuit: pose=(-0.461, 5.572, -1.121) cte=0.050 closest=2450 target=2481 path_dist=0.050 heading_err=0.086 steer=0.173 speed=1.829
[gpu_amcl_cpp_node-6] [INFO] [1788981089.901415818] [gpu_amcl_cpp]: AMCL odom delta: at_scan=(-2.827, -0.980, 0.450) baseline=(-2.827, -0.980, 0.450) delta=(0.000, -0.000, 0.000) moved=false scan_age=0.050s
[component_container-9] [INFO] [1788981090.900594662] [pure_pursuit_node]: Pure Pursuit: pose=(-0.461, 5.572, -1.121) cte=0.050 closest=2450 target=2481 path_dist=0.050 heading_err=0.086 steer=0.173 speed=1.829
[gpu_amcl_cpp_node-6] [INFO] [1788981090.901778675] [gpu_amcl_cpp]: AMCL odom delta: at_scan=(-2.827, -0.980, 0.450) baseline=(-2.827, -0.980, 0.450) delta=(0.000, -0.000, 0.000) moved=false scan_age=0.050s
[component_container-9] [INFO] [1788981091.951425356] [pure_pursuit_node]: Pure Pursuit: pose=(-0.461, 5.572, -1.121) cte=0.050 closest=2450 target=2481 path_dist=0.050 heading_err=0.086 steer=0.173 speed=1.829
[gpu_amcl_cpp_node-6] [INFO] [1788981091.952435022] [gpu_amcl_cpp]: Received LiDAR callback #3159 (1081 ranges).
[gpu_amcl_cpp_node-6] [INFO] [1788981091.952483483] [gpu_amcl_cpp]: AMCL odom delta: at_scan=(-2.827, -0.980, 0.450) baseline=(-2.827, -0.980, 0.450) delta=(0.000, -0.000, 0.000) moved=false scan_age=0.054s
[component_container-9] [INFO] [1788981093.001384822] [pure_pursuit_node]: Pure Pursuit: pose=(-0.461, 5.572, -1.121) cte=0.050 closest=2450 target=2481 path_dist=0.050 heading_err=0.086 steer=0.173 speed=1.829
[gpu_amcl_cpp_node-6] [INFO] [1788981093.002793908] [gpu_amcl_cpp]: AMCL odom delta: at_scan=(-2.827, -0.980, 0.450) baseline=(-2.827, -0.980, 0.450) delta=(0.000, -0.000, 0.000) moved=false scan_age=0.051s
[component_container-9] [INFO] [1788981094.050697711] [pure_pursuit_node]: Pure Pursuit: pose=(-0.461, 5.572, -1.121) cte=0.050 closest=2450 target=2481 path_dist=0.050 heading_err=0.086 steer=0.173 speed=1.829
[gpu_amcl_cpp_node-6] [INFO] [1788981094.051747723] [gpu_amcl_cpp]: AMCL odom delta: at_scan=(-2.827, -0.980, 0.450) baseline=(-2.827, -0.980, 0.450) delta=(0.000, -0.000, 0.000) moved=false scan_age=0.050s
[component_container-9] [INFO] [1788981095.100226174] [pure_pursuit_node]: Pure Pursuit: pose=(-0.461, 5.572, -1.121) cte=0.050 closest=2450 target=2481 path_dist=0.050 heading_err=0.086 steer=0.173 speed=1.829
[gpu_amcl_cpp_node-6] [INFO] [1788981095.101338322] [gpu_amcl_cpp]: AMCL odom delta: at_scan=(-2.827, -0.980, 0.450) baseline=(-2.827, -0.980, 0.450) delta=(0.000, -0.000, 0.000) moved=false scan_age=0.051s
[component_container-9] [INFO] [1788981096.100717291] [pure_pursuit_node]: Pure Pursuit: pose=(-0.461, 5.572, -1.121) cte=0.050 closest=2450 target=2481 path_dist=0.050 heading_err=0.086 steer=0.173 speed=1.829
[gpu_amcl_cpp_node-6] [INFO] [1788981096.101879634] [gpu_amcl_cpp]: AMCL odom delta: at_scan=(-2.827, -0.980, 0.450) baseline=(-2.827, -0.980, 0.450) delta=(0.000, -0.000, 0.000) moved=false scan_age=0.050s
[gpu_amcl_cpp_node-6] [INFO] [1788981096.981142290] [gpu_amcl_cpp]: Received LiDAR callback #3255 (1081 ranges).
[component_container-9] [INFO] [1788981097.150201526] [pure_pursuit_node]: Pure Pursuit: pose=(-0.461, 5.572, -1.121) cte=0.050 closest=2450 target=2481 path_dist=0.050 heading_err=0.086 steer=0.173 speed=1.829
[gpu_amcl_cpp_node-6] [INFO] [1788981097.151209569] [gpu_amcl_cpp]: AMCL odom delta: at_scan=(-2.827, -0.980, 0.450) baseline=(-2.827, -0.980, 0.450) delta=(0.000, -0.000, 0.000) moved=false scan_age=0.049s
[component_container-9] [INFO] [1788981098.177025171] [pure_pursuit_node]: Pure Pursuit: pose=(-0.461, 5.572, -1.121) cte=0.050 closest=2450 target=2481 path_dist=0.050 heading_err=0.086 steer=0.173 speed=1.829
[gpu_amcl_cpp_node-6] [INFO] [1788981098.178274878] [gpu_amcl_cpp]: AMCL odom delta: at_scan=(-2.827, -0.980, 0.450) baseline=(-2.827, -0.980, 0.450) delta=(0.000, -0.000, 0.000) moved=false scan_age=0.050s
[component_container-9] [INFO] [1788981099.226426667] [pure_pursuit_node]: Pure Pursuit: pose=(-0.461, 5.572, -1.121) cte=0.050 closest=2450 target=2481 path_dist=0.050 heading_err=0.086 steer=0.173 speed=1.829
[gpu_amcl_cpp_node-6] [INFO] [1788981099.227412207] [gpu_amcl_cpp]: AMCL odom delta: at_scan=(-2.827, -0.980, 0.450) baseline=(-2.827, -0.980, 0.450) delta=(0.000, -0.000, 0.000) moved=false scan_age=0.054s
[component_container-9] [INFO] [1788981100.250568914] [pure_pursuit_node]: Pure Pursuit: pose=(-0.461, 5.572, -1.121) cte=0.050 closest=2450 target=2481 path_dist=0.050 heading_err=0.086 steer=0.173 speed=1.829
[gpu_amcl_cpp_node-6] [INFO] [1788981100.251637029] [gpu_amcl_cpp]: AMCL odom delta: at_scan=(-2.827, -0.980, 0.450) baseline=(-2.827, -0.980, 0.450) delta=(0.000, -0.000, 0.000) moved=false scan_age=0.050s
[component_container-9] [INFO] [1788981101.299322629] [pure_pursuit_node]: Pure Pursuit: pose=(-0.461, 5.572, -1.121) cte=0.050 closest=2450 target=2481 path_dist=0.050 heading_err=0.086 steer=0.173 speed=1.829
[gpu_amcl_cpp_node-6] [INFO] [1788981101.300556075] [gpu_amcl_cpp]: AMCL odom delta: at_scan=(-2.827, -0.980, 0.450) baseline=(-2.827, -0.980, 0.450) delta=(0.000, -0.000, 0.000) moved=false scan_age=0.050s
[gpu_amcl_cpp_node-6] [INFO] [1788981102.027806636] [gpu_amcl_cpp]: Received LiDAR callback #3348 (1081 ranges).
[component_container-9] [INFO] [1788981102.300145146] [pure_pursuit_node]: Pure Pursuit: pose=(-0.461, 5.572, -1.121) cte=0.050 closest=2450 target=2481 path_dist=0.050 heading_err=0.086 steer=0.173 speed=1.829
[gpu_amcl_cpp_node-6] [INFO] [1788981102.301211879] [gpu_amcl_cpp]: AMCL odom delta: at_scan=(-2.827, -0.980, 0.450) baseline=(-2.827, -0.980, 0.450) delta=(0.000, -0.000, 0.000) moved=false scan_age=0.050s
[component_container-9] [INFO] [1788981103.346412008] [pure_pursuit_node]: Pure Pursuit: pose=(-0.461, 5.572, -1.121) cte=0.050 closest=2450 target=2481 path_dist=0.050 heading_err=0.086 steer=0.173 speed=1.829
[gpu_amcl_cpp_node-6] [INFO] [1788981103.347876828] [gpu_amcl_cpp]: AMCL odom delta: at_scan=(-2.827, -0.980, 0.450) baseline=(-2.827, -0.980, 0.450) delta=(0.000, -0.000, 0.000) moved=false scan_age=0.050s
[component_container-9] [INFO] [1788981104.351065294] [pure_pursuit_node]: Pure Pursuit: pose=(-0.461, 5.572, -1.121) cte=0.050 closest=2450 target=2481 path_dist=0.050 heading_err=0.086 steer=0.173 speed=1.829
[gpu_amcl_cpp_node-6] [INFO] [1788981104.352253044] [gpu_amcl_cpp]: AMCL odom delta: at_scan=(-2.827, -0.980, 0.450) baseline=(-2.827, -0.980, 0.450) delta=(0.000, -0.000, 0.000) moved=false scan_age=0.050s
[component_container-9] [INFO] [1788981105.403523306] [pure_pursuit_node]: Pure Pursuit: pose=(-0.461, 5.572, -1.121) cte=0.050 closest=2450 target=2481 path_dist=0.050 heading_err=0.086 steer=0.173 speed=1.829
[gpu_amcl_cpp_node-6] [INFO] [1788981105.405193682] [gpu_amcl_cpp]: AMCL odom delta: at_scan=(-2.827, -0.980, 0.450) baseline=(-2.827, -0.980, 0.450) delta=(0.000, -0.000, 0.000) moved=false scan_age=0.057s
[component_container-9] [INFO] [1788981106.425494244] [pure_pursuit_node]: Pure Pursuit: pose=(-0.461, 5.572, -1.121) cte=0.050 closest=2450 target=2481 path_dist=0.050 heading_err=0.086 steer=0.173 speed=1.829
[gpu_amcl_cpp_node-6] [INFO] [1788981106.426632230] [gpu_amcl_cpp]: AMCL odom delta: at_scan=(-2.827, -0.980, 0.450) baseline=(-2.827, -0.980, 0.450) delta=(0.000, -0.000, 0.000) moved=false scan_age=0.050s
[gpu_amcl_cpp_node-6] [INFO] [1788981107.051023618] [gpu_amcl_cpp]: Received LiDAR callback #3437 (1081 ranges).
[component_container-9] [INFO] [1788981107.452048826] [pure_pursuit_node]: Pure Pursuit: pose=(-0.461, 5.572, -1.121) cte=0.050 closest=2450 target=2481 path_dist=0.050 heading_err=0.086 steer=0.173 speed=1.829
[gpu_amcl_cpp_node-6] [INFO] [1788981107.453526190] [gpu_amcl_cpp]: AMCL odom delta: at_scan=(-2.827, -0.980, 0.450) baseline=(-2.827, -0.980, 0.450) delta=(0.000, -0.000, 0.000) moved=false scan_age=0.052s
[component_container-9] [INFO] [1788981108.474321336] [pure_pursuit_node]: Pure Pursuit: pose=(-0.461, 5.572, -1.121) cte=0.050 closest=2450 target=2481 path_dist=0.050 heading_err=0.086 steer=0.173 speed=1.829
[gpu_amcl_cpp_node-6] [INFO] [1788981108.475645983] [gpu_amcl_cpp]: AMCL odom delta: at_scan=(-2.827, -0.980, 0.450) baseline=(-2.827, -0.980, 0.450) delta=(0.000, -0.000, 0.000) moved=false scan_age=0.048s
