[INFO] [launch]: All log files can be found below /root/.ros/log/2026-09-09-22-44-29-119733-ExternalDrive-7377
[INFO] [launch]: Default logging verbosity is set to INFO
[INFO] [launch.user]: controller=pure_pursuit custom_amcl=True rviz=False
[INFO] [autodrive_bridge_40hz-1]: process started with pid [7405]
[INFO] [sensor_odometry_node-2]: process started with pid [7407]
[INFO] [ekf_localization_node-3]: process started with pid [7409]
[INFO] [map_server-4]: process started with pid [7411]
[INFO] [lifecycle_manager-5]: process started with pid [7413]
[INFO] [gpu_amcl_cpp_node-6]: process started with pid [7415]
[INFO] [ground_truth_amcl_monitor-7]: process started with pid [7417]
[INFO] [calibration-8]: process started with pid [7419]
[INFO] [component_container-9]: process started with pid [7421]
[INFO] [actuator_interface-10]: process started with pid [7423]
[ekf_localization_node-3] [INFO] [1788993869.336722943] [ekf_localization]: Local odometry trust filter ready: /odom -> /ekf_odom and /ekf_pose in frame odom; reset events=/autodrive/reset_command
[sensor_odometry_node-2] [INFO] [1788993869.343125372] [sensor_odometry]: Deterministic odometry observer: exact timestamp packets, encoders + IMU only
[component_container-9] [INFO] [1788993869.535225617] [controller_container]: Load Library: /workspace/install/lib/libpure_pursuit_node.so
[component_container-9] [INFO] [1788993869.537819010] [controller_container]: Found class: rclcpp_components::NodeFactoryTemplate<f1tenth_control::PurePursuitNode>
[component_container-9] [INFO] [1788993869.537918737] [controller_container]: Instantiate class: rclcpp_components::NodeFactoryTemplate<f1tenth_control::PurePursuitNode>
[gpu_amcl_cpp_node-6] [INFO] [1788993869.538313549] [gpu_amcl_cpp]: [AMCL] Parameters: update_min_d=0.02000, update_min_a=0.03500, max_scan_age=0.2500, odom_history=1.000s, cloud_publish_rate=1.0 Hz, debug_pre_resample=false, slip_threshold=1.00 rad/s, initial_raceline_heading=false, local_correction_gate=0.00m/0.00rad xy_gain=0.500 cross_track_only=false yaw_gain=0.000 association=0.80m recenter_cloud=true
[component_container-9] [INFO] [1788993869.544615660] [pure_pursuit_node]: Initializing Pure Pursuit Node
[gpu_amcl_cpp_node-6] [INFO] [1788993869.546845670] [gpu_amcl_cpp]: Particle cloud publishing scan-synchronized, max 1.0 Hz
[gpu_amcl_cpp_node-6] [INFO] [1788993869.546895023] [gpu_amcl_cpp]: GPU AMCL C++ node created — waiting for map...
[component_container-9] [INFO] [1788993869.550089094] [pure_pursuit_node]: Loaded trajectory with 2586 waypoints (51.7 m)
[autodrive_bridge_40hz-1] /usr/local/lib/python3.10/dist-packages/numpy/core/getlimits.py:499: UserWarning: The value of the smallest subnormal for <class 'numpy.float64'> type is zero.
[autodrive_bridge_40hz-1]   setattr(self, word, getattr(machar, word).flat[0])
[autodrive_bridge_40hz-1] /usr/local/lib/python3.10/dist-packages/numpy/core/getlimits.py:89: UserWarning: The value of the smallest subnormal for <class 'numpy.float64'> type is zero.
[autodrive_bridge_40hz-1]   return self._float_to_str(self.smallest_subnormal)
[component_container-9] [INFO] [1788993869.555041510] [pure_pursuit_node]: Pure Pursuit Node initialized
[component_container-9] [INFO] [1788993869.555096383] [pure_pursuit_node]:   Trajectory: /workspace/src/f1tenth_planning/trajectories/autodrive_track_ftg_commit_20260909_025m_mintime_raceline.csv (2586 points)
[INFO] [launch_ros.actions.load_composable_nodes]: Loaded node '/pure_pursuit_node' in container '/controller_container'
[component_container-9] [INFO] [1788993869.555144894] [pure_pursuit_node]:   Lookahead: 0.75 - 1.10 m (gain: 0.05)
[component_container-9] [INFO] [1788993869.555165372] [pure_pursuit_node]:   Max speed cap: 1.50 m/s
[component_container-9] [INFO] [1788993869.555185029] [pure_pursuit_node]:   Lookahead adapt: cte_weight=1.00 cte_gain=0.042 curvature_gain=1.900
[component_container-9] [INFO] [1788993869.555199597] [pure_pursuit_node]:   Speed adapt: curvature_factor=0.102 floor_ratio=0.52
[component_container-9] [INFO] [1788993869.555215657] [pure_pursuit_node]:   Speed adapt (CTE): factor=1.500 floor_ratio=0.55
[component_container-9] [INFO] [1788993869.555224614] [pure_pursuit_node]:   Speed limits: max_lat_accel=6.50 min_reg_speed=0.00
[component_container-9] [INFO] [1788993869.555233771] [pure_pursuit_node]:   Yaw-rate damping: 0.000 s
[component_container-9] [INFO] [1788993869.555274688] [pure_pursuit_node]:   Target-heading turn-in gain: 0.000
[component_container-9] [INFO] [1788993869.555288043] [pure_pursuit_node]:   Command shaping: steer_rate=3.20 accel=3.00 decel=8.00
[component_container-9] [INFO] [1788993869.555297461] [pure_pursuit_node]:   Pose: /current_map_pose (map frame)
[component_container-9] [INFO] [1788993869.555305716] [pure_pursuit_node]:   Odom: /odom
[component_container-9] [INFO] [1788993869.555316647] [pure_pursuit_node]:   Control trigger: /odom (one command per odometry update; nominal 40.0 Hz)
[component_container-9] [INFO] [1788993869.555330973] [pure_pursuit_node]:   Steering feedback: /autodrive/roboracer_1/steering (lead gain 0.25)
[component_container-9] [INFO] [1788993869.555346503] [pure_pursuit_node]:   Startup path gate: distance <= 0.80 m, heading <= 0.75 rad
[component_container-9] [INFO] [1788993869.555360008] [pure_pursuit_node]:   Command: /cmd/speed
[map_server-4] [INFO] [1788993869.671701857] [map_server]: 
[map_server-4] 	map_server lifecycle node launched. 
[map_server-4] 	Waiting on external lifecycle transitions to activate
[map_server-4] 	See https://design.ros2.org/articles/node_lifecycle.html for more information.
[map_server-4] [INFO] [1788993869.671894509] [map_server]: Creating
[lifecycle_manager-5] [INFO] [1788993869.682625472] [lifecycle_manager_map]: Creating
[lifecycle_manager-5] [INFO] [1788993869.688196510] [lifecycle_manager_map]: [34m[1mCreating and initializing lifecycle service clients[0m[0m
[lifecycle_manager-5] [INFO] [1788993869.690171270] [lifecycle_manager_map]: [34m[1mStarting managed nodes bringup...[0m[0m
[lifecycle_manager-5] [INFO] [1788993869.690241652] [lifecycle_manager_map]: [34m[1mConfiguring map_server[0m[0m
[ground_truth_amcl_monitor-7] [INFO] [1788993869.732641148] [ground_truth_amcl_monitor]: Absolute map scoring enabled from explicit map start: (0.8006, 3.1583, -1.5708)
[calibration-8] [INFO] [1788993869.735909339] [allowed_telemetry_recorder]: Calibration mode=sensor_record duration=200.000 s output=/workspace/src/f1tenth_planning/analysis/amcl_tuning_campaign_20260909/acceptance_single_sim_ramp_15_to_4mps_20260909_run05/telemetry/sensor_record_20260909_224429.csv
[ground_truth_amcl_monitor-7] [WARN] [1788993869.742510763] [ground_truth_amcl_monitor]: Ground-truth monitor is diagnostics-only; simulator IPS/odom are not controller inputs
[actuator_interface-10] [INFO] [1788993869.761186052] [autodrive_actuator_interface]: Actuator interface ready; no arming state
[actuator_interface-10] [WARN] [1788993869.762336905] [autodrive_actuator_interface]: Neutral output: no command
[map_server-4] [INFO] [1788993869.771098207] [map_server]: Configuring
[map_server-4] [INFO] [1788993869.771203084] [map_io]: Loading yaml file: /workspace/src/f1tenth_planning/maps/autodrive_track_ftg_commit_20260909_025m.yaml
[map_server-4] [INFO] [1788993869.771504059] [map_io]: resolution: 0.025
[map_server-4] [INFO] [1788993869.771516713] [map_io]: origin[0]: -6.82
[map_server-4] [INFO] [1788993869.771524327] [map_io]: origin[1]: -12.3
[map_server-4] [INFO] [1788993869.771530018] [map_io]: origin[2]: 0
[map_server-4] [INFO] [1788993869.771536350] [map_io]: free_thresh: 0.25
[map_server-4] [INFO] [1788993869.771542041] [map_io]: occupied_thresh: 0.65
[map_server-4] [INFO] [1788993869.771548393] [map_io]: mode: trinary
[map_server-4] [INFO] [1788993869.771554915] [map_io]: negate: 0
[map_server-4] [INFO] [1788993869.771766763] [map_io]: Loading image_file: /workspace/src/f1tenth_planning/maps/autodrive_track_ftg_commit_20260909_025m.pgm
[map_server-4] [INFO] [1788993869.797610201] [map_io]: Read map /workspace/src/f1tenth_planning/maps/autodrive_track_ftg_commit_20260909_025m.pgm: 349 X 877 map @ 0.025 m/cell
[lifecycle_manager-5] [INFO] [1788993869.802680628] [lifecycle_manager_map]: [34m[1mActivating map_server[0m[0m
[map_server-4] [INFO] [1788993869.802819108] [map_server]: Activating
[map_server-4] [INFO] [1788993869.803430637] [map_server]: Creating bond (map_server) to lifecycle manager.
[gpu_amcl_cpp_node-6] [INFO] [1788993869.803962657] [gpu_amcl_cpp]: Received first map (349x877 @ 0.025 m/cell) — initialising PF
[autodrive_bridge_40hz-1] [autodrive_bridge_40hz] camera decode/publication disabled
[autodrive_bridge_40hz-1] [autodrive_bridge_40hz] bounded request pacing enabled at 40 Hz (max one outstanding request)
[gpu_amcl_cpp_node-6] [INFO] [1788993869.817227310] [gpu_amcl_cpp]: Loaded 2587 global heading points from /workspace/src/f1tenth_planning/trajectories/autodrive_track_ftg_commit_20260909_025m_mintime_raceline.csv
[gpu_amcl_cpp_node-6] [INFO] [1788993869.830833245] [gpu_amcl_cpp]: Global AMCL startup prior centred at saved map start (0.801, 3.158, -1.571) with covariance (0.500, 0.500, 0.200).
[gpu_amcl_cpp_node-6] [INFO] [1788993869.831647816] [gpu_amcl_cpp]: Particle filter initialised with 2500 particles (global)
[gpu_amcl_cpp_node-6] [INFO] [1788993869.832310180] [gpu_amcl_cpp]: Global particle initialization active; waiting for scans before publishing pose
[autodrive_bridge_40hz-1] Connected!
[lifecycle_manager-5] [INFO] [1788993869.907451706] [lifecycle_manager_map]: Server map_server connected with bond.
[lifecycle_manager-5] [INFO] [1788993869.907526557] [lifecycle_manager_map]: [34m[1mManaged nodes are active[0m[0m
[lifecycle_manager-5] [INFO] [1788993869.907548649] [lifecycle_manager_map]: [34m[1mCreating bond timer...[0m[0m
[component_container-9] [WARN] [1788993869.942246944] [pure_pursuit_node]: No pose received on /current_map_pose yet
[gpu_amcl_cpp_node-6] [INFO] [1788993869.942590991] [gpu_amcl_cpp]: Received first odometry sample at (0.00, 0.00, 0.00).
[gpu_amcl_cpp_node-6] [INFO] [1788993870.850579886] [gpu_amcl_cpp]: Received LiDAR callback #1 (1081 ranges).
[gpu_amcl_cpp_node-6] [INFO] [1788993870.850665627] [gpu_amcl_cpp]: AMCL odom delta: at_scan=(0.000, 0.000, 0.000) baseline=(0.000, 0.000, 0.000) delta=(0.000, 0.000, 0.000) moved=false scan_age=0.049s
[gpu_amcl_cpp_node-6] [INFO] [1788993870.850694612] [gpu_amcl_cpp]: Starting AMCL scan update #1 (sampled from 1081 ranges).
[gpu_amcl_cpp_node-6] [INFO] [1788993870.854585482] [gpu_amcl_cpp]: AMCL scan update #1 completed; evaluating pose confidence.
[gpu_amcl_cpp_node-6] [INFO] [1788993870.861223875] [gpu_amcl_cpp]: Startup GPU scan refinement done: refined_particles=2232/2500, beams=180, best_mean_dist=0.000 m, time=6.57 ms
[gpu_amcl_cpp_node-6] [INFO] [1788993870.865887137] [gpu_amcl_cpp]: Global AMCL refining: cluster_weight=0.927, covariance xy=0.009 (max 0.250), yaw=0.000 (max 0.120).
[gpu_amcl_cpp_node-6] [INFO] [1788993870.865926712] [gpu_amcl_cpp]: Global AMCL lock evidence: quality=false stable_scans=1/5 travel=0.000/0.750 m (min_weight=0.500).
[component_container-9] [WARN] [1788993870.950211197] [pure_pursuit_node]: No pose received on /current_map_pose yet
[actuator_interface-10] [INFO] [1788993870.952166170] [autodrive_actuator_interface]: Collision baseline established at cumulative count 0
[gpu_amcl_cpp_node-6] [INFO] [1788993871.054463531] [gpu_amcl_cpp]: Publishing provisional global AMCL pose for localization ramp; travel=0.000/0.750 m stable_scans=5/5.
[ground_truth_amcl_monitor-7] [INFO] [1788993871.055525366] [ground_truth_amcl_monitor]: Relative GT alignment initialized: yaw=-0.000, translation=(-0.000, 0.000)
[ground_truth_amcl_monitor-7] [INFO] [1788993871.056159016] [ground_truth_amcl_monitor]: AMCL vs GT: gt=(0.801, 3.158) amcl=(0.801, 3.158) error=0.000 m / 0.000 rad; current_map=unavailable; odom=(0.801, 3.158, -1.571) error=0.000 m / 0.000 rad; ekf=(0.801, 3.158, -1.571) error=0.000 m / 0.000 rad; RMS=0.000 m / 0.000 rad max=0.000 m / 0.000 rad samples=1
[gpu_amcl_cpp_node-6] [WARN] [1788993871.250649422] [gpu_amcl_cpp]: Queued LiDAR scan until source-time odometry arrives (queued=1).
[component_container-9] [INFO] [1788993871.349507491] [pure_pursuit_node]: Aligned closed trajectory seam to startup pose at original waypoint 1090
[component_container-9] [INFO] [1788993871.349616045] [pure_pursuit_node]: Startup path gate passed: path_distance=0.166 m heading_error=0.302 rad
[component_container-9] [INFO] [1788993871.349643646] [pure_pursuit_node]: Pure Pursuit: pose=(0.801, 3.158, -1.571) cte=-0.166 closest=0 target=38 path_dist=0.166 heading_err=0.302 steer=0.003 speed=0.003
[gpu_amcl_cpp_node-6] [INFO] [1788993871.851234976] [gpu_amcl_cpp]: AMCL odom delta: at_scan=(0.135, 0.003, 0.034) baseline=(0.092, 0.001, 0.026) delta=(0.043, 0.001, 0.009) moved=true scan_age=0.049s
[ground_truth_amcl_monitor-7] [INFO] [1788993872.103242302] [ground_truth_amcl_monitor]: AMCL vs GT: gt=(0.824, 2.652) amcl=(0.817, 2.792) error=0.141 m / 0.013 rad; current_map=(0.822, 2.732, -1.475) error=0.080 m / 0.000 rad; odom=(0.822, 2.732, -1.475) error=0.080 m / 0.000 rad; ekf=(0.822, 2.732, -1.475) error=0.080 m / 0.000 rad; RMS=0.060 m / 0.005 rad max=0.142 m / 0.013 rad samples=42
[component_container-9] [INFO] [1788993872.352613124] [pure_pursuit_node]: Pure Pursuit: pose=(0.876, 2.337, -1.399) cte=-0.008 closest=40 target=82 path_dist=0.008 heading_err=0.086 steer=0.040 speed=1.471
[gpu_amcl_cpp_node-6] [INFO] [1788993872.356480791] [gpu_amcl_cpp]: Global AMCL lock accepted at (0.865, 2.403, -1.410); continuing with local tracking.
[gpu_amcl_cpp_node-6] [INFO] [1788993872.406302573] [gpu_amcl_cpp]: AMCL local correction: odom_prediction=(0.877, 2.334, -1.400) scan=(0.875, 2.330, -1.412) correction=0.004 m/0.012 rad cluster_weight=0.910 publish=true
[gpu_amcl_cpp_node-6] [WARN] [1788993872.603228064] [gpu_amcl_cpp]: No local AMCL cluster near odometry prediction; using causal odometry pose.
[gpu_amcl_cpp_node-6] [INFO] [1788993872.855643307] [gpu_amcl_cpp]: AMCL odom delta: at_scan=(1.464, 0.207, 0.216) baseline=(1.389, 0.191, 0.216) delta=(0.075, 0.017, 0.000) moved=true scan_age=0.050s
[ground_truth_amcl_monitor-7] [INFO] [1788993873.105094340] [ground_truth_amcl_monitor]: AMCL vs GT: gt=(1.091, 1.240) amcl=(1.053, 1.470) error=0.233 m / 0.003 rad; current_map=(1.067, 1.400, -1.362) error=0.162 m / 0.000 rad; odom=(1.069, 1.414, -1.359) error=0.176 m / 0.003 rad; ekf=(1.069, 1.414, -1.359) error=0.176 m / 0.003 rad; RMS=0.117 m / 0.005 rad max=0.233 m / 0.013 rad samples=82
[component_container-9] [INFO] [1788993873.399905632] [pure_pursuit_node]: Pure Pursuit: pose=(1.158, 0.971, -1.387) cte=0.008 closest=110 target=152 path_dist=0.008 heading_err=-0.013 steer=-0.025 speed=1.470
[gpu_amcl_cpp_node-6] [INFO] [1788993873.454499160] [gpu_amcl_cpp]: AMCL local correction: odom_prediction=(1.155, 0.987, -1.387) scan=(1.152, 0.941, -1.385) correction=0.046 m/0.002 rad cluster_weight=0.928 publish=true
[gpu_amcl_cpp_node-6] [WARN] [1788993873.654249308] [gpu_amcl_cpp]: No local AMCL cluster near odometry prediction; using causal odometry pose.
[gpu_amcl_cpp_node-6] [INFO] [1788993873.900772430] [gpu_amcl_cpp]: AMCL odom delta: at_scan=(2.947, 0.485, 0.137) baseline=(2.874, 0.474, 0.142) delta=(0.072, 0.010, -0.005) moved=true scan_age=0.049s
[ground_truth_amcl_monitor-7] [INFO] [1788993874.106293160] [ground_truth_amcl_monitor]: AMCL vs GT: gt=(1.331, -0.198) amcl=(1.293, 0.136) error=0.336 m / 0.000 rad; current_map=(1.293, 0.136, -1.461) error=0.336 m / 0.000 rad; odom=(1.321, -0.077, -1.461) error=0.121 m / 0.000 rad; ekf=(1.321, -0.077, -1.461) error=0.121 m / 0.000 rad; RMS=0.197 m / 0.005 rad max=0.409 m / 0.013 rad samples=123
[component_container-9] [INFO] [1788993874.400672511] [pure_pursuit_node]: Pure Pursuit: pose=(1.342, -0.421, -1.505) cte=-0.007 closest=180 target=222 path_dist=0.007 heading_err=0.003 steer=-0.031 speed=1.472
[gpu_amcl_cpp_node-6] [INFO] [1788993874.454517503] [gpu_amcl_cpp]: AMCL local correction: odom_prediction=(1.351, -0.558, -1.505) scan=(1.352, -0.642, -1.498) correction=0.084 m/0.008 rad cluster_weight=0.975 publish=true
[gpu_amcl_cpp_node-6] [INFO] [1788993874.951712291] [gpu_amcl_cpp]: AMCL odom delta: at_scan=(4.470, 0.584, -0.018) baseline=(4.399, 0.585, -0.009) delta=(0.072, -0.001, -0.009) moved=true scan_age=0.050s
[ground_truth_amcl_monitor-7] [INFO] [1788993875.150893971] [ground_truth_amcl_monitor]: AMCL vs GT: gt=(1.385, -1.730) amcl=(1.393, -1.586) error=0.144 m / 0.008 rad; current_map=(1.390, -1.656, -1.620) error=0.074 m / 0.000 rad; odom=(1.378, -1.525, -1.613) error=0.205 m / 0.008 rad; ekf=(1.378, -1.525, -1.613) error=0.205 m / 0.008 rad; RMS=0.199 m / 0.005 rad max=0.411 m / 0.013 rad samples=164
[component_container-9] [INFO] [1788993875.450278326] [pure_pursuit_node]: Pure Pursuit: pose=(1.355, -2.178, -1.656) cte=-0.018 closest=268 target=310 path_dist=0.018 heading_err=0.028 steer=-0.014 speed=1.452
[gpu_amcl_cpp_node-6] [INFO] [1788993875.454728808] [gpu_amcl_cpp]: AMCL local correction: odom_prediction=(1.361, -2.112, -1.652) scan=(1.359, -2.110, -1.648) correction=0.003 m/0.004 rad cluster_weight=0.945 publish=true
[gpu_amcl_cpp_node-6] [INFO] [1788993875.901118978] [gpu_amcl_cpp]: Received LiDAR callback #103 (1081 ranges).
[gpu_amcl_cpp_node-6] [INFO] [1788993875.901182146] [gpu_amcl_cpp]: Starting AMCL scan update #103 (sampled from 1081 ranges).
[gpu_amcl_cpp_node-6] [INFO] [1788993875.902289096] [gpu_amcl_cpp]: AMCL scan update #103 completed; evaluating pose confidence.
[gpu_amcl_cpp_node-6] [INFO] [1788993875.952310514] [gpu_amcl_cpp]: AMCL odom delta: at_scan=(5.892, 0.477, -0.109) baseline=(5.819, 0.485, -0.107) delta=(0.074, -0.008, -0.002) moved=true scan_age=0.050s
[ground_truth_amcl_monitor-7] [INFO] [1788993876.153343753] [ground_truth_amcl_monitor]: AMCL vs GT: gt=(1.251, -3.177) amcl=(1.268, -3.065) error=0.113 m / 0.003 rad; current_map=(1.259, -3.138, -1.690) error=0.040 m / 0.000 rad; odom=(1.244, -3.025, -1.690) error=0.152 m / 0.000 rad; ekf=(1.244, -3.025, -1.690) error=0.152 m / 0.000 rad; RMS=0.182 m / 0.005 rad max=0.411 m / 0.013 rad samples=204
[component_container-9] [INFO] [1788993876.500581230] [pure_pursuit_node]: Pure Pursuit: pose=(1.183, -3.730, -1.713) cte=-0.003 closest=346 target=388 path_dist=0.003 heading_err=0.005 steer=-0.011 speed=1.487
[gpu_amcl_cpp_node-6] [INFO] [1788993876.504638815] [gpu_amcl_cpp]: AMCL local correction: odom_prediction=(1.193, -3.652, -1.710) scan=(1.191, -3.690, -1.710) correction=0.037 m/0.000 rad cluster_weight=0.951 publish=true
[gpu_amcl_cpp_node-6] [INFO] [1788993877.001421729] [gpu_amcl_cpp]: AMCL odom delta: at_scan=(7.411, 0.267, -0.164) baseline=(7.338, 0.279, -0.162) delta=(0.073, -0.012, -0.002) moved=true scan_age=0.050s
[ground_truth_amcl_monitor-7] [INFO] [1788993877.153501147] [ground_truth_amcl_monitor]: AMCL vs GT: gt=(1.036, -4.641) amcl=(1.063, -4.511) error=0.132 m / 0.001 rad; current_map=(1.051, -4.584, -1.738) error=0.059 m / 0.000 rad; odom=(1.031, -4.472, -1.738) error=0.169 m / 0.000 rad; ekf=(1.031, -4.472, -1.738) error=0.169 m / 0.000 rad; RMS=0.171 m / 0.004 rad max=0.411 m / 0.013 rad samples=244
[component_container-9] [INFO] [1788993877.550618115] [pure_pursuit_node]: Pure Pursuit: pose=(0.929, -5.249, -1.762) cte=-0.001 closest=423 target=465 path_dist=0.001 heading_err=0.003 steer=-0.007 speed=1.494
[gpu_amcl_cpp_node-6] [INFO] [1788993877.554490211] [gpu_amcl_cpp]: AMCL local correction: odom_prediction=(0.939, -5.181, -1.761) scan=(0.937, -5.187, -1.758) correction=0.006 m/0.002 rad cluster_weight=0.935 publish=true
[gpu_amcl_cpp_node-6] [INFO] [1788993878.005077116] [gpu_amcl_cpp]: AMCL odom delta: at_scan=(8.870, -0.006, -0.206) baseline=(8.795, 0.010, -0.204) delta=(0.075, -0.016, -0.002) moved=true scan_age=0.050s
[ground_truth_amcl_monitor-7] [INFO] [1788993878.157203572] [ground_truth_amcl_monitor]: AMCL vs GT: gt=(0.751, -6.113) amcl=(0.759, -6.101) error=0.014 m / 0.000 rad; current_map=(0.761, -6.096, -1.782) error=0.020 m / 0.000 rad; odom=(0.749, -5.928, -1.782) error=0.185 m / 0.000 rad; ekf=(0.749, -5.928, -1.782) error=0.185 m / 0.000 rad; RMS=0.161 m / 0.004 rad max=0.411 m / 0.013 rad samples=285
[component_container-9] [INFO] [1788993878.599382469] [pure_pursuit_node]: Pure Pursuit: pose=(0.603, -6.800, -1.801) cte=-0.003 closest=502 target=544 path_dist=0.003 heading_err=0.003 steer=-0.007 speed=1.475
[gpu_amcl_cpp_node-6] [INFO] [1788993878.604131613] [gpu_amcl_cpp]: AMCL local correction: odom_prediction=(0.618, -6.727, -1.800) scan=(0.612, -6.717, -1.795) correction=0.012 m/0.005 rad cluster_weight=0.968 publish=true
[gpu_amcl_cpp_node-6] [WARN] [1788993879.050948154] [gpu_amcl_cpp]: Queued LiDAR scan until source-time odometry arrives (queued=1).
[gpu_amcl_cpp_node-6] [INFO] [1788993879.055077292] [gpu_amcl_cpp]: AMCL odom delta: at_scan=(10.369, -0.348, -0.238) baseline=(10.298, -0.331, -0.236) delta=(0.071, -0.017, -0.002) moved=true scan_age=0.054s
[ground_truth_amcl_monitor-7] [INFO] [1788993879.202413508] [ground_truth_amcl_monitor]: AMCL vs GT: gt=(0.398, -7.623) amcl=(0.425, -7.525) error=0.101 m / 0.003 rad; current_map=(0.407, -7.596, -1.818) error=0.028 m / 0.000 rad; odom=(0.400, -7.423, -1.818) error=0.199 m / 0.000 rad; ekf=(0.400, -7.423, -1.818) error=0.199 m / 0.000 rad; RMS=0.153 m / 0.004 rad max=0.411 m / 0.013 rad samples=326
[component_container-9] [INFO] [1788993879.649006439] [pure_pursuit_node]: Pure Pursuit: pose=(0.217, -8.296, -1.878) cte=0.001 closest=580 target=622 path_dist=0.001 heading_err=0.012 steer=-0.042 speed=1.429
[gpu_amcl_cpp_node-6] [INFO] [1788993879.653745072] [gpu_amcl_cpp]: AMCL local correction: odom_prediction=(0.237, -8.237, -1.870) scan=(0.234, -8.228, -1.866) correction=0.010 m/0.004 rad cluster_weight=0.982 publish=true
[gpu_amcl_cpp_node-6] [INFO] [1788993880.100117388] [gpu_amcl_cpp]: AMCL odom delta: at_scan=(11.803, -0.784, -0.391) baseline=(11.739, -0.758, -0.379) delta=(0.064, -0.026, -0.012) moved=true scan_age=0.048s
[ground_truth_amcl_monitor-7] [INFO] [1788993880.202607531] [ground_truth_amcl_monitor]: AMCL vs GT: gt=(-0.042, -8.979) amcl=(-0.001, -8.887) error=0.101 m / 0.015 rad; current_map=(-0.028, -8.949, -1.990) error=0.033 m / 0.000 rad; odom=(-0.036, -8.769, -1.990) error=0.210 m / 0.000 rad; ekf=(-0.036, -8.769, -1.990) error=0.210 m / 0.000 rad; RMS=0.147 m / 0.004 rad max=0.411 m / 0.015 rad samples=366
[component_container-9] [INFO] [1788993880.653003598] [pure_pursuit_node]: Pure Pursuit: pose=(-0.356, -9.535, -2.225) cte=0.014 closest=648 target=690 path_dist=0.014 heading_err=0.039 steer=-0.190 speed=1.331
[gpu_amcl_cpp_node-6] [INFO] [1788993880.657465722] [gpu_amcl_cpp]: AMCL local correction: odom_prediction=(-0.318, -9.481, -2.193) scan=(-0.318, -9.477, -2.184) correction=0.004 m/0.009 rad cluster_weight=0.998 publish=true
[gpu_amcl_cpp_node-6] [INFO] [1788993880.906183357] [gpu_amcl_cpp]: Received LiDAR callback #205 (1081 ranges).
[gpu_amcl_cpp_node-6] [INFO] [1788993880.906305346] [gpu_amcl_cpp]: Starting AMCL scan update #205 (sampled from 1081 ranges).
[gpu_amcl_cpp_node-6] [INFO] [1788993880.907455197] [gpu_amcl_cpp]: AMCL scan update #205 completed; evaluating pose confidence.
[gpu_amcl_cpp_node-6] [INFO] [1788993881.126822144] [gpu_amcl_cpp]: AMCL odom delta: at_scan=(12.879, -1.569, -1.002) baseline=(12.844, -1.516, -0.958) delta=(0.035, -0.053, -0.045) moved=true scan_age=0.050s
[ground_truth_amcl_monitor-7] [INFO] [1788993881.228733980] [ground_truth_amcl_monitor]: AMCL vs GT: gt=(-0.890, -9.999) amcl=(-0.810, -9.942) error=0.098 m / 0.050 rad; current_map=(-0.868, -9.973, -2.671) error=0.034 m / 0.000 rad; odom=(-0.881, -9.786, -2.671) error=0.214 m / 0.000 rad; ekf=(-0.881, -9.786, -2.671) error=0.214 m / 0.000 rad; RMS=0.141 m / 0.009 rad max=0.411 m / 0.062 rad samples=406
[component_container-9] [INFO] [1788993881.674151964] [pure_pursuit_node]: Pure Pursuit: pose=(-1.495, -10.103, 3.082) cte=0.000 closest=716 target=757 path_dist=0.000 heading_err=-0.042 steer=-0.279 speed=1.367
[gpu_amcl_cpp_node-6] [INFO] [1788993881.678548735] [gpu_amcl_cpp]: AMCL local correction: odom_prediction=(-1.437, -10.107, 3.135) scan=(-1.438, -10.108, -3.133) correction=0.001 m/0.015 rad cluster_weight=0.997 publish=true
[gpu_amcl_cpp_node-6] [INFO] [1788993882.175395139] [gpu_amcl_cpp]: AMCL odom delta: at_scan=(12.892, -2.866, -2.126) baseline=(12.926, -2.809, -2.075) delta=(-0.033, -0.057, -0.051) moved=true scan_age=0.049s
[ground_truth_amcl_monitor-7] [INFO] [1788993882.231654948] [ground_truth_amcl_monitor]: AMCL vs GT: gt=(-2.126, -9.909) amcl=(-2.146, -9.862) error=0.051 m / 0.000 rad; current_map=(-2.144, -9.867, 2.537) error=0.045 m / 0.000 rad; odom=(-2.120, -9.698, 2.537) error=0.211 m / 0.000 rad; ekf=(-2.120, -9.698, 2.537) error=0.211 m / 0.000 rad; RMS=0.136 m / 0.014 rad max=0.411 m / 0.062 rad samples=447
[component_container-9] [INFO] [1788993882.677506636] [pure_pursuit_node]: Pure Pursuit: pose=(-2.585, -9.396, 2.140) cte=-0.038 closest=782 target=824 path_dist=0.038 heading_err=-0.008 steer=-0.131 speed=1.372
[gpu_amcl_cpp_node-6] [INFO] [1788993882.681599386] [gpu_amcl_cpp]: AMCL local correction: odom_prediction=(-2.549, -9.445, 2.172) scan=(-2.549, -9.434, 2.178) correction=0.010 m/0.007 rad cluster_weight=0.955 publish=true
[gpu_amcl_cpp_node-6] [INFO] [1788993883.201256169] [gpu_amcl_cpp]: AMCL odom delta: at_scan=(11.800, -3.653, -2.782) baseline=(11.864, -3.628, -2.764) delta=(-0.064, -0.025, -0.018) moved=true scan_age=0.049s
[ground_truth_amcl_monitor-7] [INFO] [1788993883.250819927] [ground_truth_amcl_monitor]: AMCL vs GT: gt=(-2.884, -8.779) amcl=(-2.858, -8.819) error=0.048 m / 0.017 rad; current_map=(-2.881, -8.757, 1.914) error=0.022 m / 0.000 rad; odom=(-2.875, -8.580, 1.914) error=0.199 m / 0.000 rad; ekf=(-2.852, -8.642, 1.931) error=0.140 m / 0.017 rad; RMS=0.131 m / 0.015 rad max=0.411 m / 0.062 rad samples=486
[component_container-9] [INFO] [1788993883.700472978] [pure_pursuit_node]: Pure Pursuit: pose=(-3.069, -8.074, 1.762) cte=-0.004 closest=853 target=895 path_dist=0.004 heading_err=-0.003 steer=-0.067 speed=1.438
[gpu_amcl_cpp_node-6] [INFO] [1788993883.704589041] [gpu_amcl_cpp]: AMCL local correction: odom_prediction=(-3.056, -8.139, 1.776) scan=(-3.050, -8.151, 1.785) correction=0.013 m/0.009 rad cluster_weight=0.984 publish=true
[gpu_amcl_cpp_node-6] [WARN] [1788993884.153240991] [gpu_amcl_cpp]: Queued LiDAR scan until source-time odometry arrives (queued=1).
[gpu_amcl_cpp_node-6] [INFO] [1788993884.202214900] [gpu_amcl_cpp]: AMCL odom delta: at_scan=(10.427, -3.941, -3.066) baseline=(10.500, -3.935, -3.054) delta=(-0.073, -0.006, -0.012) moved=true scan_age=0.049s
[ground_truth_amcl_monitor-7] [INFO] [1788993884.253265020] [ground_truth_amcl_monitor]: AMCL vs GT: gt=(-3.157, -7.380) amcl=(-3.143, -7.438) error=0.060 m / 0.012 rad; current_map=(-3.148, -7.367, 1.635) error=0.015 m / 0.000 rad; odom=(-3.146, -7.198, 1.635) error=0.182 m / 0.000 rad; ekf=(-3.146, -7.198, 1.635) error=0.182 m / 0.000 rad; RMS=0.126 m / 0.015 rad max=0.411 m / 0.062 rad samples=526
[component_container-9] [INFO] [1788993884.749311081] [pure_pursuit_node]: Pure Pursuit: pose=(-3.145, -6.571, 1.513) cte=0.000 closest=928 target=970 path_dist=0.000 heading_err=-0.005 steer=-0.046 speed=1.474
[gpu_amcl_cpp_node-6] [INFO] [1788993884.753358957] [gpu_amcl_cpp]: AMCL local correction: odom_prediction=(-3.151, -6.647, 1.522) scan=(-3.148, -6.636, 1.524) correction=0.012 m/0.002 rad cluster_weight=0.987 publish=true
[gpu_amcl_cpp_node-6] [INFO] [1788993885.205939368] [gpu_amcl_cpp]: AMCL odom delta: at_scan=(8.974, -3.888, 3.003) baseline=(9.048, -3.898, 3.013) delta=(-0.074, 0.010, -0.009) moved=true scan_age=0.049s
[ground_truth_amcl_monitor-7] [INFO] [1788993885.256475392] [ground_truth_amcl_monitor]: AMCL vs GT: gt=(-3.088, -5.910) amcl=(-3.078, -5.965) error=0.055 m / 0.010 rad; current_map=(-3.068, -5.894, 1.423) error=0.026 m / 0.000 rad; odom=(-3.078, -5.744, 1.423) error=0.166 m / 0.000 rad; ekf=(-3.078, -5.744, 1.423) error=0.166 m / 0.000 rad; RMS=0.122 m / 0.014 rad max=0.411 m / 0.062 rad samples=566
[component_container-9] [INFO] [1788993885.777645038] [pure_pursuit_node]: Pure Pursuit: pose=(-2.884, -5.062, 1.320) cte=0.008 closest=1005 target=1047 path_dist=0.008 heading_err=-0.004 steer=-0.019 speed=1.443
[gpu_amcl_cpp_node-6] [INFO] [1788993885.781580362] [gpu_amcl_cpp]: AMCL local correction: odom_prediction=(-2.901, -5.130, 1.328) scan=(-2.912, -5.138, 1.322) correction=0.014 m/0.006 rad cluster_weight=0.936 publish=true
[gpu_amcl_cpp_node-6] [INFO] [1788993885.927103742] [gpu_amcl_cpp]: Received LiDAR callback #306 (1081 ranges).
[gpu_amcl_cpp_node-6] [INFO] [1788993885.927180246] [gpu_amcl_cpp]: Starting AMCL scan update #306 (sampled from 1081 ranges).
[gpu_amcl_cpp_node-6] [INFO] [1788993885.928019753] [gpu_amcl_cpp]: AMCL scan update #306 completed; evaluating pose confidence.
[gpu_amcl_cpp_node-6] [INFO] [1788993886.227692871] [gpu_amcl_cpp]: AMCL odom delta: at_scan=(7.541, -3.560, 2.862) baseline=(7.611, -3.580, 2.865) delta=(-0.070, 0.020, -0.003) moved=true scan_age=0.049s
[ground_truth_amcl_monitor-7] [INFO] [1788993886.278462113] [ground_truth_amcl_monitor]: AMCL vs GT: gt=(-2.745, -4.462) amcl=(-2.737, -4.503) error=0.041 m / 0.003 rad; current_map=(-2.716, -4.433, 1.288) error=0.041 m / 0.000 rad; odom=(-2.760, -4.382, 1.291) error=0.081 m / 0.003 rad; ekf=(-2.760, -4.382, 1.291) error=0.081 m / 0.003 rad; RMS=0.119 m / 0.014 rad max=0.411 m / 0.062 rad samples=606
[component_container-9] [INFO] [1788993886.779861282] [pure_pursuit_node]: Pure Pursuit: pose=(-2.505, -3.678, 1.290) cte=-0.012 closest=1076 target=1119 path_dist=0.012 heading_err=0.008 steer=-0.003 speed=1.471
[gpu_amcl_cpp_node-6] [INFO] [1788993886.784482445] [gpu_amcl_cpp]: AMCL local correction: odom_prediction=(-2.519, -3.736, 1.289) scan=(-2.525, -3.740, 1.280) correction=0.007 m/0.010 rad cluster_weight=0.953 publish=true
[gpu_amcl_cpp_node-6] [INFO] [1788993887.275828464] [gpu_amcl_cpp]: AMCL odom delta: at_scan=(6.071, -3.133, 2.862) baseline=(6.139, -3.153, 2.862) delta=(-0.068, 0.020, 0.000) moved=true scan_age=0.049s
[ground_truth_amcl_monitor-7] [INFO] [1788993887.281305435] [ground_truth_amcl_monitor]: AMCL vs GT: gt=(-2.334, -3.047) amcl=(-2.321, -3.034) error=0.018 m / 0.000 rad; current_map=(-2.327, -3.046, 1.292) error=0.007 m / 0.000 rad; odom=(-2.333, -2.913, 1.292) error=0.134 m / 0.000 rad; ekf=(-2.333, -2.913, 1.292) error=0.134 m / 0.000 rad; RMS=0.115 m / 0.014 rad max=0.411 m / 0.062 rad samples=647
[component_container-9] [INFO] [1788993887.826530260] [pure_pursuit_node]: Pure Pursuit: pose=(-2.083, -2.183, 1.311) cte=0.001 closest=1154 target=1196 path_dist=0.001 heading_err=0.002 steer=0.006 speed=1.491
[gpu_amcl_cpp_node-6] [INFO] [1788993887.831187310] [gpu_amcl_cpp]: AMCL local correction: odom_prediction=(-2.099, -2.251, 1.309) scan=(-2.099, -2.252, 1.299) correction=0.002 m/0.010 rad cluster_weight=0.958 publish=true
[gpu_amcl_cpp_node-6] [INFO] [1788993888.301148319] [gpu_amcl_cpp]: AMCL odom delta: at_scan=(4.619, -2.742, 2.895) baseline=(4.690, -2.759, 2.893) delta=(-0.070, 0.018, 0.001) moved=true scan_age=0.049s
[ground_truth_amcl_monitor-7] [INFO] [1788993888.301841962] [ground_truth_amcl_monitor]: AMCL vs GT: gt=(-1.938, -1.579) amcl=(-1.936, -1.614) error=0.035 m / 0.001 rad; current_map=(-1.918, -1.544, 1.324) error=0.041 m / 0.000 rad; odom=(-1.941, -1.461, 1.324) error=0.118 m / 0.000 rad; ekf=(-1.941, -1.461, 1.324) error=0.118 m / 0.000 rad; RMS=0.113 m / 0.013 rad max=0.411 m / 0.062 rad samples=686
[component_container-9] [INFO] [1788993888.850741301] [pure_pursuit_node]: Pure Pursuit: pose=(-1.713, -0.676, 1.343) cte=-0.007 closest=1232 target=1274 path_dist=0.007 heading_err=-0.000 steer=0.004 speed=1.478
[gpu_amcl_cpp_node-6] [INFO] [1788993888.854770682] [gpu_amcl_cpp]: AMCL local correction: odom_prediction=(-1.728, -0.747, 1.341) scan=(-1.729, -0.734, 1.336) correction=0.013 m/0.006 rad cluster_weight=0.958 publish=true
[gpu_amcl_cpp_node-6] [INFO] [1788993889.303917842] [gpu_amcl_cpp]: AMCL odom delta: at_scan=(3.186, -2.403, 2.928) baseline=(3.257, -2.419, 2.926) delta=(-0.071, 0.015, 0.003) moved=true scan_age=0.051s
[ground_truth_amcl_monitor-7] [INFO] [1788993889.304604001] [ground_truth_amcl_monitor]: AMCL vs GT: gt=(-1.596, -0.129) amcl=(-1.602, -0.158) error=0.029 m / 0.003 rad; current_map=(-1.586, -0.087, 1.357) error=0.043 m / 0.000 rad; odom=(-1.618, -0.098, 1.355) error=0.038 m / 0.003 rad; ekf=(-1.618, -0.098, 1.355) error=0.038 m / 0.003 rad; RMS=0.110 m / 0.013 rad max=0.411 m / 0.062 rad samples=726
[component_container-9] [INFO] [1788993889.851474909] [pure_pursuit_node]: Pure Pursuit: pose=(-1.414, 0.760, 1.397) cte=-0.002 closest=1305 target=1347 path_dist=0.002 heading_err=0.003 steer=0.021 speed=1.462
[gpu_amcl_cpp_node-6] [INFO] [1788993889.855588899] [gpu_amcl_cpp]: AMCL local correction: odom_prediction=(-1.425, 0.686, 1.393) scan=(-1.425, 0.703, 1.385) correction=0.017 m/0.008 rad cluster_weight=0.937 publish=true
[ground_truth_amcl_monitor-7] [INFO] [1788993890.306072320] [ground_truth_amcl_monitor]: AMCL vs GT: gt=(-1.337, 1.302) amcl=(-1.325, 1.333) error=0.033 m / 0.000 rad; current_map=(-1.327, 1.330, 1.442) error=0.030 m / 0.000 rad; odom=(-1.346, 1.390, 1.442) error=0.088 m / 0.000 rad; ekf=(-1.346, 1.390, 1.442) error=0.088 m / 0.000 rad; RMS=0.107 m / 0.012 rad max=0.411 m / 0.062 rad samples=767
[gpu_amcl_cpp_node-6] [INFO] [1788993890.352978644] [gpu_amcl_cpp]: AMCL odom delta: at_scan=(1.698, -2.138, 3.020) baseline=(1.768, -2.147, 3.013) delta=(-0.070, 0.009, 0.007) moved=true scan_age=0.051s
[component_container-9] [INFO] [1788993890.877234610] [pure_pursuit_node]: Pure Pursuit: pose=(-1.268, 2.230, 1.599) cte=-0.006 closest=1379 target=1421 path_dist=0.006 heading_err=-0.007 steer=0.102 speed=1.363
[gpu_amcl_cpp_node-6] [INFO] [1788993890.881632103] [gpu_amcl_cpp]: AMCL local correction: odom_prediction=(-1.267, 2.169, 1.582) scan=(-1.266, 2.166, 1.574) correction=0.003 m/0.008 rad cluster_weight=0.973 publish=true
[gpu_amcl_cpp_node-6] [INFO] [1788993890.929636009] [gpu_amcl_cpp]: Received LiDAR callback #405 (1081 ranges).
[gpu_amcl_cpp_node-6] [INFO] [1788993890.929702795] [gpu_amcl_cpp]: Starting AMCL scan update #405 (sampled from 1081 ranges).
[gpu_amcl_cpp_node-6] [INFO] [1788993890.930507927] [gpu_amcl_cpp]: AMCL scan update #405 completed; evaluating pose confidence.
[ground_truth_amcl_monitor-7] [INFO] [1788993891.327196411] [ground_truth_amcl_monitor]: AMCL vs GT: gt=(-1.342, 2.715) amcl=(-1.316, 2.691) error=0.035 m / 0.024 rad; current_map=(-1.328, 2.752, 1.778) error=0.040 m / 0.000 rad; odom=(-1.350, 2.795, 1.778) error=0.080 m / 0.000 rad; ekf=(-1.350, 2.795, 1.778) error=0.080 m / 0.000 rad; RMS=0.105 m / 0.012 rad max=0.411 m / 0.062 rad samples=806
[gpu_amcl_cpp_node-6] [INFO] [1788993891.375196451] [gpu_amcl_cpp]: AMCL odom delta: at_scan=(0.302, -2.165, -2.910) baseline=(0.364, -2.151, -2.934) delta=(-0.062, -0.014, 0.024) moved=true scan_age=0.049s
[component_container-9] [INFO] [1788993891.925730771] [pure_pursuit_node]: Pure Pursuit: pose=(-1.632, 3.462, 2.214) cte=-0.042 closest=1445 target=1486 path_dist=0.042 heading_err=-0.072 steer=0.317 speed=1.198
[gpu_amcl_cpp_node-6] [INFO] [1788993891.930415043] [gpu_amcl_cpp]: AMCL local correction: odom_prediction=(-1.600, 3.414, 2.167) scan=(-1.604, 3.413, 2.154) correction=0.004 m/0.013 rad cluster_weight=0.987 publish=true
[gpu_amcl_cpp_node-6] [WARN] [1788993892.276280393] [gpu_amcl_cpp]: Queued LiDAR scan until source-time odometry arrives (queued=1).
[ground_truth_amcl_monitor-7] [INFO] [1788993892.330218059] [ground_truth_amcl_monitor]: AMCL vs GT: gt=(-1.943, 3.711) amcl=(-1.940, 3.742) error=0.030 m / 0.000 rad; current_map=(-1.940, 3.743, 2.630) error=0.032 m / 0.000 rad; odom=(-1.956, 3.797, 2.630) error=0.087 m / 0.000 rad; ekf=(-1.956, 3.797, 2.630) error=0.087 m / 0.000 rad; RMS=0.103 m / 0.014 rad max=0.411 m / 0.065 rad samples=847
[gpu_amcl_cpp_node-6] [INFO] [1788993892.375590691] [gpu_amcl_cpp]: AMCL odom delta: at_scan=(-0.665, -2.807, -2.014) baseline=(-0.639, -2.756, -2.082) delta=(-0.026, -0.050, 0.068) moved=true scan_age=0.049s
[component_container-9] [INFO] [1788993892.927514934] [pure_pursuit_node]: Pure Pursuit: pose=(-2.670, 3.755, -2.653) cte=0.005 closest=1506 target=1548 path_dist=0.005 heading_err=0.070 steer=0.400 speed=1.307
[gpu_amcl_cpp_node-6] [INFO] [1788993892.931274638] [gpu_amcl_cpp]: AMCL local correction: odom_prediction=(-2.609, 3.776, -2.729) scan=(-2.598, 3.773, -2.740) correction=0.012 m/0.011 rad cluster_weight=0.981 publish=true
[ground_truth_amcl_monitor-7] [INFO] [1788993893.332471804] [ground_truth_amcl_monitor]: AMCL vs GT: gt=(-2.971, 3.427) amcl=(-2.962, 3.406) error=0.023 m / 0.000 rad; current_map=(-2.964, 3.407, -2.160) error=0.021 m / 0.000 rad; odom=(-3.019, 3.510, -2.160) error=0.096 m / 0.000 rad; ekf=(-3.019, 3.510, -2.160) error=0.096 m / 0.000 rad; RMS=0.101 m / 0.018 rad max=0.411 m / 0.082 rad samples=887
[gpu_amcl_cpp_node-6] [INFO] [1788993893.376718040] [gpu_amcl_cpp]: AMCL odom delta: at_scan=(-0.298, -3.853, -0.531) baseline=(-0.352, -3.819, -0.590) delta=(0.054, -0.034, 0.059) moved=true scan_age=0.049s
[component_container-9] [INFO] [1788993893.975517098] [pure_pursuit_node]: Pure Pursuit: pose=(-3.214, 2.496, -1.670) cte=0.056 closest=1577 target=1618 path_dist=0.056 heading_err=-0.018 steer=0.038 speed=1.356
[gpu_amcl_cpp_node-6] [INFO] [1788993893.980554643] [gpu_amcl_cpp]: AMCL local correction: odom_prediction=(-3.208, 2.560, -1.685) scan=(-3.210, 2.573, -1.677) correction=0.013 m/0.007 rad cluster_weight=0.951 publish=true
[gpu_amcl_cpp_node-6] [INFO] [1788993894.378430177] [gpu_amcl_cpp]: AMCL odom delta: at_scan=(0.998, -4.113, -0.068) baseline=(0.932, -4.108, -0.068) delta=(0.066, -0.004, 0.001) moved=true scan_age=0.051s
[ground_truth_amcl_monitor-7] [INFO] [1788993894.379603061] [ground_truth_amcl_monitor]: AMCL vs GT: gt=(-3.264, 2.063) amcl=(-3.247, 2.099) error=0.040 m / 0.001 rad; current_map=(-3.252, 2.033, -1.638) error=0.033 m / 0.000 rad; odom=(-3.312, 2.160, -1.638) error=0.108 m / 0.000 rad; ekf=(-3.312, 2.160, -1.638) error=0.108 m / 0.000 rad; RMS=0.099 m / 0.018 rad max=0.411 m / 0.082 rad samples=928
[component_container-9] [INFO] [1788993895.026366451] [pure_pursuit_node]: Pure Pursuit: pose=(-3.340, 1.126, -1.717) cte=0.018 closest=1645 target=1687 path_dist=0.018 heading_err=0.007 steer=-0.083 speed=1.366
[gpu_amcl_cpp_node-6] [INFO] [1788993895.030694804] [gpu_amcl_cpp]: AMCL local correction: odom_prediction=(-3.330, 1.197, -1.705) scan=(-3.332, 1.195, -1.694) correction=0.002 m/0.011 rad cluster_weight=0.976 publish=true
[ground_truth_amcl_monitor-7] [INFO] [1788993895.380250338] [ground_truth_amcl_monitor]: AMCL vs GT: gt=(-3.432, 0.711) amcl=(-3.423, 0.733) error=0.023 m / 0.000 rad; current_map=(-3.423, 0.734, -1.830) error=0.024 m / 0.000 rad; odom=(-3.483, 0.798, -1.830) error=0.101 m / 0.000 rad; ekf=(-3.483, 0.798, -1.830) error=0.101 m / 0.000 rad; RMS=0.098 m / 0.018 rad max=0.411 m / 0.082 rad samples=967
[gpu_amcl_cpp_node-6] [INFO] [1788993895.426677091] [gpu_amcl_cpp]: AMCL odom delta: at_scan=(2.400, -4.295, -0.282) baseline=(2.360, -4.284, -0.259) delta=(0.040, -0.011, -0.023) moved=true scan_age=0.050s
[gpu_amcl_cpp_node-6] [INFO] [1788993895.976714479] [gpu_amcl_cpp]: Received LiDAR callback #506 (1081 ranges).
[gpu_amcl_cpp_node-6] [INFO] [1788993895.976793156] [gpu_amcl_cpp]: Starting AMCL scan update #506 (sampled from 1081 ranges).
[gpu_amcl_cpp_node-6] [INFO] [1788993895.977928279] [gpu_amcl_cpp]: AMCL scan update #506 completed; evaluating pose confidence.
[component_container-9] [INFO] [1788993896.075749149] [pure_pursuit_node]: Pure Pursuit: pose=(-3.832, -0.087, -2.329) cte=0.004 closest=1712 target=1754 path_dist=0.004 heading_err=0.004 steer=-0.255 speed=1.275
[gpu_amcl_cpp_node-6] [INFO] [1788993896.079886923] [gpu_amcl_cpp]: AMCL local correction: odom_prediction=(-3.790, -0.040, -2.285) scan=(-3.787, -0.045, -2.274) correction=0.006 m/0.011 rad cluster_weight=0.982 publish=true
[ground_truth_amcl_monitor-7] [INFO] [1788993896.382205632] [ground_truth_amcl_monitor]: AMCL vs GT: gt=(-4.092, -0.296) amcl=(-4.071, -0.300) error=0.021 m / 0.000 rad; current_map=(-4.071, -0.298, -2.569) error=0.020 m / 0.000 rad; odom=(-4.128, -0.171, -2.569) error=0.131 m / 0.000 rad; ekf=(-4.128, -0.171, -2.569) error=0.131 m / 0.000 rad; RMS=0.097 m / 0.018 rad max=0.411 m / 0.082 rad samples=1007
[gpu_amcl_cpp_node-6] [INFO] [1788993896.428616896] [gpu_amcl_cpp]: AMCL odom delta: at_scan=(3.362, -4.982, -1.049) baseline=(3.329, -4.929, -0.998) delta=(0.033, -0.053, -0.051) moved=true scan_age=0.051s
[component_container-9] [INFO] [1788993897.101340324] [pure_pursuit_node]: Pure Pursuit: pose=(-4.971, -0.424, 2.796) cte=0.013 closest=1775 target=1817 path_dist=0.013 heading_err=-0.035 steer=-0.314 speed=1.299
[gpu_amcl_cpp_node-6] [INFO] [1788993897.105599987] [gpu_amcl_cpp]: AMCL local correction: odom_prediction=(-4.912, -0.434, 2.862) scan=(-4.909, -0.447, 2.876) correction=0.013 m/0.014 rad cluster_weight=0.983 publish=true
[ground_truth_amcl_monitor-7] [INFO] [1788993897.402851195] [ground_truth_amcl_monitor]: AMCL vs GT: gt=(-5.266, -0.267) amcl=(-5.194, -0.321) error=0.090 m / 0.058 rad; current_map=(-5.247, -0.284, 2.505) error=0.025 m / 0.000 rad; odom=(-5.314, -0.147, 2.505) error=0.130 m / 0.000 rad; ekf=(-5.314, -0.147, 2.505) error=0.130 m / 0.000 rad; RMS=0.096 m / 0.020 rad max=0.411 m / 0.082 rad samples=1046
[gpu_amcl_cpp_node-6] [INFO] [1788993897.450815266] [gpu_amcl_cpp]: AMCL odom delta: at_scan=(3.266, -6.165, -2.262) baseline=(3.305, -6.115, -2.208) delta=(-0.040, -0.050, -0.054) moved=true scan_age=0.049s
[component_container-9] [INFO] [1788993898.101502910] [pure_pursuit_node]: Pure Pursuit: pose=(-5.793, 0.552, 1.907) cte=-0.046 closest=1840 target=1882 path_dist=0.046 heading_err=0.006 steer=-0.094 speed=1.373
[gpu_amcl_cpp_node-6] [INFO] [1788993898.105914840] [gpu_amcl_cpp]: AMCL local correction: odom_prediction=(-5.770, 0.491, 1.931) scan=(-5.766, 0.472, 1.931) correction=0.020 m/0.000 rad cluster_weight=0.971 publish=true
[gpu_amcl_cpp_node-6] [WARN] [1788993898.351832484] [gpu_amcl_cpp]: Queued LiDAR scan until source-time odometry arrives (queued=1).
[ground_truth_amcl_monitor-7] [INFO] [1788993898.403943167] [ground_truth_amcl_monitor]: AMCL vs GT: gt=(-5.900, 0.870) amcl=(-5.871, 0.791) error=0.084 m / 0.013 rad; current_map=(-5.888, 0.857, 1.822) error=0.018 m / 0.000 rad; odom=(-5.947, 0.981, 1.822) error=0.121 m / 0.000 rad; ekf=(-5.947, 0.981, 1.822) error=0.121 m / 0.000 rad; RMS=0.095 m / 0.020 rad max=0.411 m / 0.082 rad samples=1086
[gpu_amcl_cpp_node-6] [INFO] [1788993898.453260943] [gpu_amcl_cpp]: AMCL odom delta: at_scan=(2.110, -6.765, -2.903) baseline=(2.178, -6.748, -2.890) delta=(-0.067, -0.017, -0.013) moved=true scan_age=0.050s
[component_container-9] [INFO] [1788993899.150140228] [pure_pursuit_node]: Pure Pursuit: pose=(-6.084, 1.950, 1.690) cte=-0.007 closest=1912 target=1954 path_dist=0.007 heading_err=0.020 steer=-0.028 speed=1.466
[gpu_amcl_cpp_node-6] [INFO] [1788993899.154661473] [gpu_amcl_cpp]: AMCL local correction: odom_prediction=(-6.079, 1.894, 1.696) scan=(-6.073, 1.885, 1.697) correction=0.010 m/0.001 rad cluster_weight=0.965 publish=true
[ground_truth_amcl_monitor-7] [INFO] [1788993899.406850942] [ground_truth_amcl_monitor]: AMCL vs GT: gt=(-6.129, 2.278) amcl=(-6.117, 2.237) error=0.042 m / 0.000 rad; current_map=(-6.118, 2.252, 1.665) error=0.028 m / 0.000 rad; odom=(-6.174, 2.370, 1.665) error=0.103 m / 0.000 rad; ekf=(-6.174, 2.370, 1.665) error=0.103 m / 0.000 rad; RMS=0.094 m / 0.020 rad max=0.411 m / 0.082 rad samples=1127
[gpu_amcl_cpp_node-6] [INFO] [1788993899.503095890] [gpu_amcl_cpp]: AMCL odom delta: at_scan=(0.643, -6.987, -3.061) baseline=(0.716, -6.981, -3.054) delta=(-0.073, -0.006, -0.007) moved=true scan_age=0.050s
[component_container-9] [INFO] [1788993900.153571306] [pure_pursuit_node]: Pure Pursuit: pose=(-6.161, 3.421, 1.549) cte=-0.000 closest=1985 target=2028 path_dist=0.000 heading_err=-0.002 steer=-0.044 speed=1.476
[gpu_amcl_cpp_node-6] [INFO] [1788993900.158496790] [gpu_amcl_cpp]: AMCL local correction: odom_prediction=(-6.163, 3.352, 1.557) scan=(-6.167, 3.366, 1.557) correction=0.014 m/0.000 rad cluster_weight=0.968 publish=true
[ground_truth_amcl_monitor-7] [INFO] [1788993900.410208441] [ground_truth_amcl_monitor]: AMCL vs GT: gt=(-6.161, 3.754) amcl=(-6.147, 3.712) error=0.044 m / 0.000 rad; current_map=(-6.145, 3.709, 1.509) error=0.048 m / 0.000 rad; odom=(-6.206, 3.830, 1.509) error=0.088 m / 0.000 rad; ekf=(-6.206, 3.830, 1.509) error=0.088 m / 0.000 rad; RMS=0.094 m / 0.019 rad max=0.411 m / 0.082 rad samples=1167
[gpu_amcl_cpp_node-6] [INFO] [1788993900.505153858] [gpu_amcl_cpp]: AMCL odom delta: at_scan=(-0.818, -6.996, 3.060) baseline=(-0.745, -7.002, 3.070) delta=(-0.073, 0.006, -0.010) moved=true scan_age=0.049s
[gpu_amcl_cpp_node-6] [INFO] [1788993900.976788713] [gpu_amcl_cpp]: Received LiDAR callback #606 (1081 ranges).
[gpu_amcl_cpp_node-6] [INFO] [1788993900.976878501] [gpu_amcl_cpp]: Starting AMCL scan update #606 (sampled from 1081 ranges).
[gpu_amcl_cpp_node-6] [INFO] [1788993901.030055738] [gpu_amcl_cpp]: AMCL scan update #607 completed; evaluating pose confidence.
[component_container-9] [INFO] [1788993901.175224351] [pure_pursuit_node]: Pure Pursuit: pose=(-5.982, 4.912, 1.336) cte=-0.005 closest=2061 target=2103 path_dist=0.005 heading_err=0.003 steer=-0.060 speed=1.456
[gpu_amcl_cpp_node-6] [INFO] [1788993901.179706553] [gpu_amcl_cpp]: AMCL local correction: odom_prediction=(-5.996, 4.853, 1.347) scan=(-5.997, 4.850, 1.349) correction=0.003 m/0.002 rad cluster_weight=0.984 publish=true
[ground_truth_amcl_monitor-7] [INFO] [1788993901.426387642] [ground_truth_amcl_monitor]: AMCL vs GT: gt=(-5.915, 5.224) amcl=(-5.922, 5.133) error=0.092 m / 0.013 rad; current_map=(-5.902, 5.202, 1.283) error=0.026 m / 0.000 rad; odom=(-5.963, 5.286, 1.283) error=0.078 m / 0.000 rad; ekf=(-5.963, 5.286, 1.283) error=0.078 m / 0.000 rad; RMS=0.093 m / 0.019 rad max=0.411 m / 0.082 rad samples=1206
[gpu_amcl_cpp_node-6] [INFO] [1788993901.527759554] [gpu_amcl_cpp]: AMCL odom delta: at_scan=(-2.265, -6.721, 2.828) baseline=(-2.196, -6.743, 2.841) delta=(-0.069, 0.022, -0.013) moved=true scan_age=0.050s
[component_container-9] [INFO] [1788993902.201903952] [pure_pursuit_node]: Pure Pursuit: pose=(-5.447, 6.274, 1.050) cte=0.003 closest=2134 target=2176 path_dist=0.003 heading_err=0.007 steer=-0.091 speed=1.382
[gpu_amcl_cpp_node-6] [INFO] [1788993902.206976874] [gpu_amcl_cpp]: AMCL local correction: odom_prediction=(-5.480, 6.209, 1.067) scan=(-5.480, 6.221, 1.066) correction=0.012 m/0.001 rad cluster_weight=0.991 publish=true
[ground_truth_amcl_monitor-7] [INFO] [1788993902.435519241] [ground_truth_amcl_monitor]: AMCL vs GT: gt=(-5.335, 6.499) amcl=(-5.361, 6.421) error=0.082 m / 0.021 rad; current_map=(-5.321, 6.482, 0.984) error=0.022 m / 0.000 rad; odom=(-5.390, 6.550, 0.984) error=0.074 m / 0.000 rad; ekf=(-5.390, 6.550, 0.984) error=0.074 m / 0.000 rad; RMS=0.092 m / 0.019 rad max=0.411 m / 0.082 rad samples=1242
[gpu_amcl_cpp_node-6] [INFO] [1788993902.556704221] [gpu_amcl_cpp]: AMCL odom delta: at_scan=(-3.529, -6.093, 2.498) baseline=(-3.472, -6.135, 2.523) delta=(-0.058, 0.042, -0.025) moved=true scan_age=0.052s
[component_container-9] [INFO] [1788993903.207774945] [pure_pursuit_node]: Pure Pursuit: pose=(-4.531, 7.255, 0.546) cte=-0.007 closest=2202 target=2244 path_dist=0.007 heading_err=-0.015 steer=-0.145 speed=1.403
[gpu_amcl_cpp_node-6] [INFO] [1788993903.213866450] [gpu_amcl_cpp]: AMCL local correction: odom_prediction=(-4.596, 7.216, 0.575) scan=(-4.594, 7.214, 0.588) correction=0.003 m/0.014 rad cluster_weight=0.996 publish=true
[ground_truth_amcl_monitor-7] [INFO] [1788993903.455693679] [ground_truth_amcl_monitor]: AMCL vs GT: gt=(-4.285, 7.409) amcl=(-4.386, 7.342) error=0.121 m / 0.042 rad; current_map=(-4.300, 7.384, 0.429) error=0.029 m / 0.000 rad; odom=(-4.350, 7.453, 0.429) error=0.078 m / 0.000 rad; ekf=(-4.436, 7.412, 0.471) error=0.151 m / 0.042 rad; RMS=0.092 m / 0.019 rad max=0.411 m / 0.082 rad samples=1276
[gpu_amcl_cpp_node-6] [INFO] [1788993903.559156500] [gpu_amcl_cpp]: AMCL odom delta: at_scan=(-4.351, -5.017, 1.940) baseline=(-4.324, -5.084, 1.970) delta=(-0.027, 0.067, -0.030) moved=true scan_age=0.052s
[component_container-9] [INFO] [1788993904.277945422] [pure_pursuit_node]: Pure Pursuit: pose=(-3.119, 7.608, -0.075) cte=-0.020 closest=2276 target=2317 path_dist=0.020 heading_err=0.009 steer=-0.138 speed=1.381
[gpu_amcl_cpp_node-6] [INFO] [1788993904.282742656] [gpu_amcl_cpp]: AMCL local correction: odom_prediction=(-3.173, 7.609, -0.048) scan=(-3.145, 7.606, -0.044) correction=0.028 m/0.004 rad cluster_weight=0.975 publish=true
[ground_truth_amcl_monitor-7] [INFO] [1788993904.458103889] [ground_truth_amcl_monitor]: AMCL vs GT: gt=(-2.934, 7.598) amcl=(-3.016, 7.599) error=0.082 m / 0.039 rad; current_map=(-2.922, 7.587, -0.148) error=0.016 m / 0.000 rad; odom=(-3.008, 7.643, -0.148) error=0.086 m / 0.000 rad; ekf=(-3.008, 7.643, -0.148) error=0.086 m / 0.000 rad; RMS=0.092 m / 0.019 rad max=0.411 m / 0.082 rad samples=1310
[gpu_amcl_cpp_node-6] [INFO] [1788993904.581543355] [gpu_amcl_cpp]: AMCL odom delta: at_scan=(-4.454, -3.641, 1.353) baseline=(-4.472, -3.735, 1.393) delta=(0.019, 0.093, -0.040) moved=true scan_age=0.054s
[component_container-9] [INFO] [1788993905.302169239] [pure_pursuit_node]: Pure Pursuit: pose=(-1.785, 7.142, -0.588) cte=-0.017 closest=2346 target=2388 path_dist=0.017 heading_err=0.013 steer=-0.103 speed=1.417
[gpu_amcl_cpp_node-6] [INFO] [1788993905.306249445] [gpu_amcl_cpp]: AMCL local correction: odom_prediction=(-1.844, 7.179, -0.568) scan=(-1.842, 7.182, -0.569) correction=0.004 m/0.000 rad cluster_weight=0.973 publish=true
[ground_truth_amcl_monitor-7] [INFO] [1788993905.480797982] [ground_truth_amcl_monitor]: AMCL vs GT: gt=(-1.639, 7.030) amcl=(-1.718, 7.095) error=0.102 m / 0.030 rad; current_map=(-1.638, 7.037, -0.642) error=0.006 m / 0.000 rad; odom=(-1.725, 7.083, -0.642) error=0.101 m / 0.000 rad; ekf=(-1.725, 7.083, -0.642) error=0.101 m / 0.000 rad; RMS=0.091 m / 0.019 rad max=0.411 m / 0.082 rad samples=1344
[gpu_amcl_cpp_node-6] [INFO] [1788993905.585567848] [gpu_amcl_cpp]: AMCL odom delta: at_scan=(-3.833, -2.408, 0.885) baseline=(-3.879, -2.466, 0.906) delta=(0.046, 0.058, -0.022) moved=true scan_age=0.053s
[gpu_amcl_cpp_node-6] [INFO] [1788993906.009439539] [gpu_amcl_cpp]: Received LiDAR callback #693 (1081 ranges).
[gpu_amcl_cpp_node-6] [INFO] [1788993906.009542061] [gpu_amcl_cpp]: Starting AMCL scan update #693 (sampled from 1081 ranges).
[gpu_amcl_cpp_node-6] [INFO] [1788993906.079061194] [gpu_amcl_cpp]: AMCL scan update #694 completed; evaluating pose confidence.
[component_container-9] [INFO] [1788993906.304967378] [pure_pursuit_node]: Pure Pursuit: pose=(-0.767, 6.136, -0.936) cte=-0.008 closest=2418 target=2460 path_dist=0.008 heading_err=0.000 steer=-0.056 speed=1.449
[gpu_amcl_cpp_node-6] [INFO] [1788993906.310094662] [gpu_amcl_cpp]: AMCL local correction: odom_prediction=(-0.811, 6.195, -0.923) scan=(-0.819, 6.209, -0.921) correction=0.016 m/0.002 rad cluster_weight=0.979 publish=true
[ground_truth_amcl_monitor-7] [INFO] [1788993906.486569368] [ground_truth_amcl_monitor]: AMCL vs GT: gt=(-0.659, 5.979) amcl=(-0.716, 6.067) error=0.105 m / 0.013 rad; current_map=(-0.672, 6.004, -0.967) error=0.028 m / 0.000 rad; odom=(-0.755, 6.044, -0.967) error=0.116 m / 0.000 rad; ekf=(-0.755, 6.044, -0.967) error=0.116 m / 0.000 rad; RMS=0.090 m / 0.019 rad max=0.411 m / 0.082 rad samples=1378
[gpu_amcl_cpp_node-6] [INFO] [1788993906.607736424] [gpu_amcl_cpp]: AMCL odom delta: at_scan=(-2.736, -1.456, 0.575) baseline=(-2.800, -1.498, 0.587) delta=(0.064, 0.042, -0.012) moved=true scan_age=0.053s
[component_container-9] [INFO] [1788993907.354946468] [pure_pursuit_node]: Pure Pursuit: pose=(-0.004, 4.809, -1.138) cte=-0.003 closest=2495 target=2537 path_dist=0.003 heading_err=0.003 steer=-0.027 speed=1.480
[gpu_amcl_cpp_node-6] [INFO] [1788993907.359956882] [gpu_amcl_cpp]: AMCL local correction: odom_prediction=(-0.032, 4.868, -1.131) scan=(-0.035, 4.877, -1.133) correction=0.009 m/0.002 rad cluster_weight=0.953 publish=true
[ground_truth_amcl_monitor-7] [INFO] [1788993907.533091652] [ground_truth_amcl_monitor]: AMCL vs GT: gt=(0.073, 4.638) amcl=(0.041, 4.724) error=0.092 m / 0.006 rad; current_map=(0.073, 4.653, -1.153) error=0.015 m / 0.000 rad; odom=(-0.062, 4.788, -1.147) error=0.201 m / 0.006 rad; ekf=(-0.062, 4.788, -1.147) error=0.201 m / 0.006 rad; RMS=0.090 m / 0.019 rad max=0.411 m / 0.082 rad samples=1414
[gpu_amcl_cpp_node-6] [INFO] [1788993907.654732378] [gpu_amcl_cpp]: AMCL odom delta: at_scan=(-1.396, -0.760, 0.404) baseline=(-1.488, -0.800, 0.411) delta=(0.092, 0.040, -0.008) moved=true scan_age=0.053s
[gpu_amcl_cpp_node-6] [WARN] [1788993907.759393901] [gpu_amcl_cpp]: Queued LiDAR scan until source-time odometry arrives (queued=1).
[component_container-9] [INFO] [1788993908.357901282] [pure_pursuit_node]: Pure Pursuit: pose=(0.530, 3.462, -1.253) cte=-0.002 closest=2567 target=23 path_dist=0.002 heading_err=0.007 steer=-0.014 speed=1.478
[gpu_amcl_cpp_node-6] [INFO] [1788993908.362823901] [gpu_amcl_cpp]: AMCL local correction: odom_prediction=(0.509, 3.541, -1.248) scan=(0.506, 3.537, -1.254) correction=0.004 m/0.006 rad cluster_weight=0.905 publish=true
[gpu_amcl_cpp_node-6] [WARN] [1788993908.486128172] [gpu_amcl_cpp]: No local AMCL cluster near odometry prediction; using causal odometry pose.
[ground_truth_amcl_monitor-7] [INFO] [1788993908.535159860] [ground_truth_amcl_monitor]: AMCL vs GT: gt=(0.591, 3.259) amcl=(0.564, 3.345) error=0.090 m / 0.003 rad; current_map=(0.588, 3.271, -1.261) error=0.013 m / 0.000 rad; odom=(0.458, 3.427, -1.257) error=0.214 m / 0.003 rad; ekf=(0.458, 3.427, -1.257) error=0.214 m / 0.003 rad; RMS=0.090 m / 0.019 rad max=0.411 m / 0.082 rad samples=1448
[gpu_amcl_cpp_node-6] [INFO] [1788993908.657400263] [gpu_amcl_cpp]: AMCL odom delta: at_scan=(-0.026, -0.265, 0.302) baseline=(-0.099, -0.288, 0.305) delta=(0.073, 0.023, -0.004) moved=true scan_age=0.053s
[component_container-9] [INFO] [1788993909.410490546] [pure_pursuit_node]: Pure Pursuit: pose=(0.954, 1.994, -1.334) cte=0.000 closest=58 target=100 path_dist=0.000 heading_err=-0.001 steer=-0.020 speed=1.489
[gpu_amcl_cpp_node-6] [INFO] [1788993909.414906463] [gpu_amcl_cpp]: AMCL local correction: odom_prediction=(0.936, 2.087, -1.330) scan=(0.936, 2.095, -1.341) correction=0.008 m/0.011 rad cluster_weight=0.943 publish=true
[ground_truth_amcl_monitor-7] [INFO] [1788993909.538838214] [ground_truth_amcl_monitor]: AMCL vs GT: gt=(0.984, 1.844) amcl=(0.977, 1.929) error=0.085 m / 0.000 rad; current_map=(0.976, 1.929, -1.340) error=0.086 m / 0.000 rad; odom=(0.872, 1.953, -1.340) error=0.156 m / 0.000 rad; ekf=(0.872, 1.953, -1.340) error=0.156 m / 0.000 rad; RMS=0.090 m / 0.018 rad max=0.411 m / 0.082 rad samples=1483
[gpu_amcl_cpp_node-6] [INFO] [1788993909.707726755] [gpu_amcl_cpp]: AMCL odom delta: at_scan=(1.455, 0.128, 0.212) baseline=(1.379, 0.111, 0.218) delta=(0.077, 0.017, -0.006) moved=true scan_age=0.053s
[gpu_amcl_cpp_node-6] [WARN] [1788993910.182946616] [gpu_amcl_cpp]: No local AMCL cluster near odometry prediction; using causal odometry pose.
[component_container-9] [INFO] [1788993910.457511177] [pure_pursuit_node]: Pure Pursuit: pose=(1.216, 0.639, -1.423) cte=0.003 closest=127 target=169 path_dist=0.003 heading_err=0.000 steer=-0.020 speed=1.480
[gpu_amcl_cpp_node-6] [INFO] [1788993910.532090828] [gpu_amcl_cpp]: AMCL local correction: odom_prediction=(1.220, 0.626, -1.423) scan=(1.214, 0.634, -1.413) correction=0.010 m/0.010 rad cluster_weight=0.939 publish=true
[ground_truth_amcl_monitor-7] [INFO] [1788993910.581309657] [ground_truth_amcl_monitor]: AMCL vs GT: gt=(1.266, 0.323) amcl=(1.217, 0.630) error=0.311 m / 0.004 rad; current_map=(1.228, 0.554, -1.427) error=0.234 m / 0.000 rad; odom=(1.151, 0.448, -1.427) error=0.170 m / 0.000 rad; ekf=(1.140, 0.523, -1.423) error=0.237 m / 0.004 rad; RMS=0.095 m / 0.018 rad max=0.411 m / 0.082 rad samples=1518
[gpu_amcl_cpp_node-6] [INFO] [1788993910.755150103] [gpu_amcl_cpp]: AMCL odom delta: at_scan=(2.960, 0.384, 0.125) baseline=(2.861, 0.371, 0.133) delta=(0.099, 0.013, -0.008) moved=true scan_age=0.054s
[gpu_amcl_cpp_node-6] [INFO] [1788993911.055972842] [gpu_amcl_cpp]: Received LiDAR callback #780 (1081 ranges).
[gpu_amcl_cpp_node-6] [INFO] [1788993911.056066067] [gpu_amcl_cpp]: Starting AMCL scan update #780 (sampled from 1081 ranges).
[gpu_amcl_cpp_node-6] [INFO] [1788993911.108305983] [gpu_amcl_cpp]: AMCL scan update #781 completed; evaluating pose confidence.
[component_container-9] [INFO] [1788993911.510026813] [pure_pursuit_node]: Pure Pursuit: pose=(1.377, -1.079, -1.550) cte=-0.014 closest=213 target=255 path_dist=0.014 heading_err=-0.006 steer=-0.041 speed=1.458
[gpu_amcl_cpp_node-6] [INFO] [1788993911.583025293] [gpu_amcl_cpp]: AMCL local correction: odom_prediction=(1.383, -1.124, -1.553) scan=(1.387, -1.134, -1.549) correction=0.011 m/0.005 rad cluster_weight=0.965 publish=true
[ground_truth_amcl_monitor-7] [INFO] [1788993911.585238972] [ground_truth_amcl_monitor]: AMCL vs GT: gt=(1.396, -1.141) amcl=(1.385, -1.129) error=0.016 m / 0.000 rad; current_map=(1.383, -1.124, -1.553) error=0.022 m / 0.000 rad; odom=(1.280, -1.001, -1.553) error=0.182 m / 0.000 rad; ekf=(1.280, -1.001, -1.553) error=0.182 m / 0.000 rad; RMS=0.101 m / 0.018 rad max=0.411 m / 0.082 rad samples=1553
[gpu_amcl_cpp_node-6] [INFO] [1788993911.808793679] [gpu_amcl_cpp]: AMCL odom delta: at_scan=(4.490, 0.478, -0.022) baseline=(4.413, 0.480, -0.013) delta=(0.077, -0.001, -0.009) moved=true scan_age=0.054s
[component_container-9] [INFO] [1788993912.527018301] [pure_pursuit_node]: Pure Pursuit: pose=(1.321, -2.527, -1.670) cte=-0.007 closest=285 target=328 path_dist=0.007 heading_err=0.021 steer=-0.008 speed=1.476
[gpu_amcl_cpp_node-6] [INFO] [1788993912.585163222] [gpu_amcl_cpp]: AMCL local correction: odom_prediction=(1.319, -2.536, -1.670) scan=(1.324, -2.528, -1.667) correction=0.009 m/0.003 rad cluster_weight=0.927 publish=true
[ground_truth_amcl_monitor-7] [INFO] [1788993912.587657880] [ground_truth_amcl_monitor]: AMCL vs GT: gt=(1.316, -2.584) amcl=(1.322, -2.532) error=0.052 m / 0.000 rad; current_map=(1.319, -2.536, -1.670) error=0.048 m / 0.000 rad; odom=(1.202, -2.428, -1.670) error=0.193 m / 0.000 rad; ekf=(1.202, -2.428, -1.670) error=0.193 m / 0.000 rad; RMS=0.101 m / 0.018 rad max=0.411 m / 0.082 rad samples=1587
[gpu_amcl_cpp_node-6] [INFO] [1788993912.809313528] [gpu_amcl_cpp]: AMCL odom delta: at_scan=(5.917, 0.367, -0.107) baseline=(5.841, 0.375, -0.105) delta=(0.075, -0.008, -0.002) moved=true scan_age=0.052s
[component_container-9] [INFO] [1788993913.528118952] [pure_pursuit_node]: Pure Pursuit: pose=(1.143, -4.006, -1.722) cte=-0.002 closest=360 target=402 path_dist=0.002 heading_err=0.003 steer=-0.012 speed=1.489
[ground_truth_amcl_monitor-7] [INFO] [1788993913.634450412] [ground_truth_amcl_monitor]: AMCL vs GT: gt=(1.121, -4.123) amcl=(1.146, -4.013) error=0.113 m / 0.003 rad; current_map=(1.135, -4.087, -1.725) error=0.038 m / 0.000 rad; odom=(1.008, -3.950, -1.725) error=0.206 m / 0.000 rad; ekf=(1.008, -3.950, -1.725) error=0.206 m / 0.000 rad; RMS=0.101 m / 0.018 rad max=0.411 m / 0.082 rad samples=1622
[gpu_amcl_cpp_node-6] [INFO] [1788993913.636865650] [gpu_amcl_cpp]: AMCL local correction: odom_prediction=(1.135, -4.087, -1.725) scan=(1.138, -4.073, -1.726) correction=0.015 m/0.000 rad cluster_weight=0.944 publish=true
[gpu_amcl_cpp_node-6] [INFO] [1788993913.829656012] [gpu_amcl_cpp]: AMCL odom delta: at_scan=(7.393, 0.162, -0.164) baseline=(7.288, 0.179, -0.161) delta=(0.105, -0.017, -0.003) moved=true scan_age=0.052s
[component_container-9] [INFO] [1788993914.532838752] [pure_pursuit_node]: Pure Pursuit: pose=(0.888, -5.464, -1.762) cte=-0.001 closest=434 target=476 path_dist=0.001 heading_err=-0.004 steer=-0.014 speed=1.494
[ground_truth_amcl_monitor-7] [INFO] [1788993914.656003682] [ground_truth_amcl_monitor]: AMCL vs GT: gt=(0.853, -5.620) amcl=(0.877, -5.506) error=0.117 m / 0.003 rad; current_map=(0.862, -5.580, -1.765) error=0.041 m / 0.000 rad; odom=(0.743, -5.431, -1.765) error=0.219 m / 0.000 rad; ekf=(0.743, -5.431, -1.765) error=0.219 m / 0.000 rad; RMS=0.101 m / 0.018 rad max=0.411 m / 0.082 rad samples=1656
[gpu_amcl_cpp_node-6] [INFO] [1788993914.659047461] [gpu_amcl_cpp]: AMCL local correction: odom_prediction=(0.862, -5.580, -1.765) scan=(0.862, -5.577, -1.762) correction=0.003 m/0.003 rad cluster_weight=0.948 publish=true
[gpu_amcl_cpp_node-6] [INFO] [1788993914.834701595] [gpu_amcl_cpp]: AMCL odom delta: at_scan=(8.846, -0.109, -0.204) baseline=(8.769, -0.093, -0.202) delta=(0.077, -0.016, -0.003) moved=true scan_age=0.054s
[component_container-9] [INFO] [1788993915.552688031] [pure_pursuit_node]: Pure Pursuit: pose=(0.568, -6.934, -1.796) cte=0.000 closest=509 target=551 path_dist=0.000 heading_err=-0.004 steer=-0.011 speed=1.482
[ground_truth_amcl_monitor-7] [INFO] [1788993915.658314066] [ground_truth_amcl_monitor]: AMCL vs GT: gt=(0.535, -7.074) amcl=(0.567, -6.947) error=0.130 m / 0.001 rad; current_map=(0.550, -7.020, -1.798) error=0.056 m / 0.000 rad; odom=(0.429, -6.870, -1.798) error=0.230 m / 0.000 rad; ekf=(0.445, -6.798, -1.797) error=0.290 m / 0.001 rad; RMS=0.101 m / 0.017 rad max=0.411 m / 0.082 rad samples=1690
[gpu_amcl_cpp_node-6] [INFO] [1788993915.660334532] [gpu_amcl_cpp]: AMCL local correction: odom_prediction=(0.550, -7.020, -1.798) scan=(0.546, -7.035, -1.791) correction=0.015 m/0.007 rad cluster_weight=0.955 publish=true
[gpu_amcl_cpp_node-6] [INFO] [1788993915.884899176] [gpu_amcl_cpp]: AMCL odom delta: at_scan=(10.350, -0.448, -0.239) baseline=(10.277, -0.430, -0.236) delta=(0.073, -0.018, -0.003) moved=true scan_age=0.054s
[gpu_amcl_cpp_node-6] [INFO] [1788993916.056935583] [gpu_amcl_cpp]: Received LiDAR callback #865 (1081 ranges).
[gpu_amcl_cpp_node-6] [INFO] [1788993916.057013419] [gpu_amcl_cpp]: Starting AMCL scan update #865 (sampled from 1081 ranges).
[gpu_amcl_cpp_node-6] [INFO] [1788993916.110382977] [gpu_amcl_cpp]: AMCL scan update #866 completed; evaluating pose confidence.
[component_container-9] [INFO] [1788993916.581956978] [pure_pursuit_node]: Pure Pursuit: pose=(0.177, -8.421, -1.895) cte=0.003 closest=586 target=628 path_dist=0.003 heading_err=0.012 steer=-0.046 speed=1.401
[ground_truth_amcl_monitor-7] [INFO] [1788993916.707490839] [ground_truth_amcl_monitor]: AMCL vs GT: gt=(0.129, -8.551) amcl=(0.170, -8.453) error=0.106 m / 0.010 rad; current_map=(0.146, -8.523, -1.909) error=0.033 m / 0.000 rad; odom=(0.027, -8.333, -1.909) error=0.241 m / 0.000 rad; ekf=(0.027, -8.333, -1.909) error=0.241 m / 0.000 rad; RMS=0.101 m / 0.017 rad max=0.411 m / 0.082 rad samples=1726
[gpu_amcl_cpp_node-6] [INFO] [1788993916.709768719] [gpu_amcl_cpp]: AMCL local correction: odom_prediction=(0.146, -8.523, -1.909) scan=(0.140, -8.522, -1.902) correction=0.006 m/0.008 rad cluster_weight=0.981 publish=true
[gpu_amcl_cpp_node-6] [INFO] [1788993916.936092118] [gpu_amcl_cpp]: AMCL odom delta: at_scan=(11.790, -0.887, -0.391) baseline=(11.724, -0.860, -0.377) delta=(0.066, -0.027, -0.014) moved=true scan_age=0.053s
[component_container-9] [INFO] [1788993917.633710743] [pure_pursuit_node]: Pure Pursuit: pose=(-0.477, -9.679, -2.325) cte=0.019 closest=658 target=700 path_dist=0.019 heading_err=0.028 steer=-0.227 speed=1.320
[ground_truth_amcl_monitor-7] [INFO] [1788993917.710505747] [ground_truth_amcl_monitor]: AMCL vs GT: gt=(-0.515, -9.729) amcl=(-0.493, -9.697) error=0.038 m / 0.000 rad; current_map=(-0.492, -9.694, -2.344) error=0.042 m / 0.000 rad; odom=(-0.613, -9.505, -2.344) error=0.244 m / 0.000 rad; ekf=(-0.613, -9.505, -2.344) error=0.244 m / 0.000 rad; RMS=0.100 m / 0.017 rad max=0.411 m / 0.082 rad samples=1761
[gpu_amcl_cpp_node-6] [INFO] [1788993917.759936304] [gpu_amcl_cpp]: AMCL local correction: odom_prediction=(-0.543, -9.746, -2.388) scan=(-0.539, -9.744, -2.370) correction=0.005 m/0.018 rad cluster_weight=0.999 publish=true
[gpu_amcl_cpp_node-6] [INFO] [1788993918.004575787] [gpu_amcl_cpp]: AMCL odom delta: at_scan=(12.904, -1.719, -1.044) baseline=(12.857, -1.644, -0.979) delta=(0.047, -0.075, -0.065) moved=true scan_age=0.053s
[component_container-9] [INFO] [1788993918.682867659] [pure_pursuit_node]: Pure Pursuit: pose=(-1.733, -10.065, 2.882) cte=-0.009 closest=728 target=769 path_dist=0.009 heading_err=-0.028 steer=-0.273 speed=1.360
[ground_truth_amcl_monitor-7] [INFO] [1788993918.758060312] [ground_truth_amcl_monitor]: AMCL vs GT: gt=(-1.763, -10.085) amcl=(-1.671, -10.078) error=0.092 m / 0.078 rad; current_map=(-1.761, -10.055, 2.859) error=0.029 m / 0.000 rad; odom=(-1.864, -9.865, 2.859) error=0.241 m / 0.000 rad; ekf=(-1.864, -9.865, 2.859) error=0.241 m / 0.000 rad; RMS=0.100 m / 0.018 rad max=0.411 m / 0.082 rad samples=1796
[gpu_amcl_cpp_node-6] [INFO] [1788993918.814528012] [gpu_amcl_cpp]: AMCL local correction: odom_prediction=(-1.834, -10.031, 2.799) scan=(-1.836, -10.023, 2.812) correction=0.008 m/0.013 rad cluster_weight=0.990 publish=true
[gpu_amcl_cpp_node-6] [INFO] [1788993919.055417920] [gpu_amcl_cpp]: AMCL odom delta: at_scan=(12.854, -3.023, -2.169) baseline=(12.904, -2.944, -2.098) delta=(-0.050, -0.079, -0.071) moved=true scan_age=0.053s
[component_container-9] [INFO] [1788993919.702843045] [pure_pursuit_node]: Pure Pursuit: pose=(-2.708, -9.168, 2.040) cte=-0.031 closest=795 target=837 path_dist=0.031 heading_err=0.016 steer=-0.097 speed=1.383
[ground_truth_amcl_monitor-7] [INFO] [1788993919.761691638] [ground_truth_amcl_monitor]: AMCL vs GT: gt=(-2.704, -9.197) amcl=(-2.712, -9.160) error=0.038 m / 0.000 rad; current_map=(-2.713, -9.159, 2.041) error=0.039 m / 0.000 rad; odom=(-2.806, -8.984, 2.041) error=0.237 m / 0.000 rad; ekf=(-2.806, -8.984, 2.041) error=0.237 m / 0.000 rad; RMS=0.099 m / 0.019 rad max=0.411 m / 0.082 rad samples=1831
[gpu_amcl_cpp_node-6] [INFO] [1788993919.881730073] [gpu_amcl_cpp]: AMCL local correction: odom_prediction=(-2.780, -9.014, 1.991) scan=(-2.784, -9.007, 1.997) correction=0.008 m/0.006 rad cluster_weight=0.970 publish=true
[gpu_amcl_cpp_node-6] [INFO] [1788993920.108203444] [gpu_amcl_cpp]: AMCL odom delta: at_scan=(11.704, -3.793, -2.802) baseline=(11.772, -3.768, -2.784) delta=(-0.068, -0.025, -0.018) moved=true scan_age=0.054s
[component_container-9] [INFO] [1788993920.732277484] [pure_pursuit_node]: Pure Pursuit: pose=(-3.103, -7.808, 1.707) cte=0.005 closest=866 target=908 path_dist=0.005 heading_err=0.002 steer=-0.053 speed=1.457
[ground_truth_amcl_monitor-7] [INFO] [1788993920.805344282] [ground_truth_amcl_monitor]: AMCL vs GT: gt=(-3.116, -7.788) amcl=(-3.097, -7.868) error=0.082 m / 0.018 rad; current_map=(-3.112, -7.767, 1.701) error=0.022 m / 0.000 rad; odom=(-3.198, -7.705, 1.719) error=0.116 m / 0.018 rad; ekf=(-3.198, -7.705, 1.719) error=0.116 m / 0.018 rad; RMS=0.099 m / 0.019 rad max=0.411 m / 0.082 rad samples=1864
[gpu_amcl_cpp_node-6] [INFO] [1788993920.915063358] [gpu_amcl_cpp]: AMCL local correction: odom_prediction=(-3.125, -7.626, 1.677) scan=(-3.127, -7.622, 1.686) correction=0.004 m/0.009 rad cluster_weight=0.989 publish=true
[gpu_amcl_cpp_node-6] [INFO] [1788993921.084095610] [gpu_amcl_cpp]: Received LiDAR callback #950 (1081 ranges).
[gpu_amcl_cpp_node-6] [INFO] [1788993921.084190168] [gpu_amcl_cpp]: Starting AMCL scan update #950 (sampled from 1081 ranges).
[gpu_amcl_cpp_node-6] [INFO] [1788993921.154684653] [gpu_amcl_cpp]: AMCL odom delta: at_scan=(10.262, -4.057, -3.094) baseline=(10.363, -4.052, -3.077) delta=(-0.101, -0.006, -0.017) moved=true scan_age=0.053s
[gpu_amcl_cpp_node-6] [INFO] [1788993921.155576619] [gpu_amcl_cpp]: AMCL scan update #951 completed; evaluating pose confidence.
[component_container-9] [INFO] [1788993921.781838780] [pure_pursuit_node]: Pure Pursuit: pose=(-3.123, -6.287, 1.476) cte=-0.001 closest=942 target=984 path_dist=0.001 heading_err=-0.004 steer=-0.050 speed=1.460
[ground_truth_amcl_monitor-7] [INFO] [1788993921.854893616] [ground_truth_amcl_monitor]: AMCL vs GT: gt=(-3.131, -6.251) amcl=(-3.127, -6.352) error=0.101 m / 0.013 rad; current_map=(-3.118, -6.251, 1.472) error=0.013 m / 0.000 rad; odom=(-3.227, -6.085, 1.472) error=0.193 m / 0.000 rad; ekf=(-3.227, -6.085, 1.472) error=0.193 m / 0.000 rad; RMS=0.098 m / 0.018 rad max=0.411 m / 0.082 rad samples=1900
[gpu_amcl_cpp_node-6] [INFO] [1788993921.962107935] [gpu_amcl_cpp]: AMCL local correction: odom_prediction=(-3.102, -6.100, 1.450) scan=(-3.094, -6.090, 1.448) correction=0.013 m/0.002 rad cluster_weight=0.983 publish=true
[gpu_amcl_cpp_node-6] [INFO] [1788993922.206667759] [gpu_amcl_cpp]: AMCL odom delta: at_scan=(8.740, -3.959, 2.967) baseline=(8.814, -3.971, 2.978) delta=(-0.073, 0.013, -0.011) moved=true scan_age=0.053s
[component_container-9] [INFO] [1788993922.783700962] [pure_pursuit_node]: Pure Pursuit: pose=(-2.854, -4.868, 1.292) cte=-0.015 closest=1014 target=1056 path_dist=0.015 heading_err=-0.010 steer=-0.021 speed=1.460
[ground_truth_amcl_monitor-7] [INFO] [1788993922.855831371] [ground_truth_amcl_monitor]: AMCL vs GT: gt=(-2.846, -4.833) amcl=(-2.871, -4.937) error=0.107 m / 0.009 rad; current_map=(-2.844, -4.841, 1.290) error=0.008 m / 0.000 rad; odom=(-2.946, -4.680, 1.290) error=0.183 m / 0.000 rad; ekf=(-2.946, -4.680, 1.290) error=0.183 m / 0.000 rad; RMS=0.097 m / 0.018 rad max=0.411 m / 0.082 rad samples=1934
[gpu_amcl_cpp_node-6] [INFO] [1788993922.965045839] [gpu_amcl_cpp]: AMCL local correction: odom_prediction=(-2.793, -4.681, 1.280) scan=(-2.791, -4.683, 1.272) correction=0.003 m/0.007 rad cluster_weight=0.942 publish=true
[gpu_amcl_cpp_node-6] [INFO] [1788993923.260635355] [gpu_amcl_cpp]: AMCL odom delta: at_scan=(7.282, -3.579, 2.848) baseline=(7.357, -3.601, 2.846) delta=(-0.075, 0.023, 0.001) moved=true scan_age=0.055s
[component_container-9] [INFO] [1788993923.806883254] [pure_pursuit_node]: Pure Pursuit: pose=(-2.423, -3.418, 1.293) cte=-0.002 closest=1090 target=1132 path_dist=0.002 heading_err=0.007 steer=0.005 speed=1.493
[ground_truth_amcl_monitor-7] [INFO] [1788993923.881106816] [ground_truth_amcl_monitor]: AMCL vs GT: gt=(-2.420, -3.384) amcl=(-2.450, -3.498) error=0.118 m / 0.001 rad; current_map=(-2.421, -3.398, 1.293) error=0.014 m / 0.000 rad; odom=(-2.524, -3.247, 1.293) error=0.172 m / 0.000 rad; ekf=(-2.524, -3.247, 1.293) error=0.172 m / 0.000 rad; RMS=0.097 m / 0.018 rad max=0.411 m / 0.082 rad samples=1968
[gpu_amcl_cpp_node-6] [INFO] [1788993924.011088624] [gpu_amcl_cpp]: AMCL local correction: odom_prediction=(-2.381, -3.243, 1.295) scan=(-2.380, -3.243, 1.279) correction=0.002 m/0.016 rad cluster_weight=0.912 publish=true
[gpu_amcl_cpp_node-6] [INFO] [1788993924.306898544] [gpu_amcl_cpp]: AMCL odom delta: at_scan=(5.801, -3.155, 2.869) baseline=(5.874, -3.175, 2.869) delta=(-0.074, 0.021, 0.000) moved=true scan_age=0.052s
[component_container-9] [INFO] [1788993924.830450459] [pure_pursuit_node]: Pure Pursuit: pose=(-2.018, -1.957, 1.321) cte=0.007 closest=1166 target=1208 path_dist=0.007 heading_err=-0.005 steer=0.007 speed=1.479
[ground_truth_amcl_monitor-7] [INFO] [1788993924.887060225] [ground_truth_amcl_monitor]: AMCL vs GT: gt=(-2.027, -1.948) amcl=(-2.034, -2.016) error=0.068 m / 0.001 rad; current_map=(-2.015, -1.944, 1.320) error=0.012 m / 0.000 rad; odom=(-2.135, -1.825, 1.320) error=0.164 m / 0.000 rad; ekf=(-2.135, -1.825, 1.320) error=0.164 m / 0.000 rad; RMS=0.097 m / 0.018 rad max=0.411 m / 0.082 rad samples=2002
[gpu_amcl_cpp_node-6] [INFO] [1788993925.060678434] [gpu_amcl_cpp]: AMCL local correction: odom_prediction=(-1.949, -1.686, 1.325) scan=(-1.956, -1.701, 1.312) correction=0.017 m/0.014 rad cluster_weight=0.962 publish=true
[gpu_amcl_cpp_node-6] [INFO] [1788993925.356764834] [gpu_amcl_cpp]: AMCL odom delta: at_scan=(4.314, -2.769, 2.903) baseline=(4.390, -2.788, 2.902) delta=(-0.076, 0.018, 0.002) moved=true scan_age=0.052s
[component_container-9] [INFO] [1788993925.876350726] [pure_pursuit_node]: Pure Pursuit: pose=(-1.652, -0.408, 1.352) cte=-0.006 closest=1246 target=1288 path_dist=0.006 heading_err=-0.001 steer=0.005 speed=1.478
[ground_truth_amcl_monitor-7] [INFO] [1788993925.929693454] [ground_truth_amcl_monitor]: AMCL vs GT: gt=(-1.664, -0.438) amcl=(-1.669, -0.500) error=0.062 m / 0.002 rad; current_map=(-1.652, -0.426, 1.352) error=0.017 m / 0.000 rad; odom=(-1.777, -0.332, 1.352) error=0.155 m / 0.000 rad; ekf=(-1.777, -0.332, 1.352) error=0.155 m / 0.000 rad; RMS=0.096 m / 0.018 rad max=0.411 m / 0.082 rad samples=2038
[gpu_amcl_cpp_node-6] [INFO] [1788993926.103940956] [gpu_amcl_cpp]: Received LiDAR callback #1035 (1081 ranges).
[gpu_amcl_cpp_node-6] [INFO] [1788993926.104017950] [gpu_amcl_cpp]: Starting AMCL scan update #1035 (sampled from 1081 ranges).
[gpu_amcl_cpp_node-6] [INFO] [1788993926.106852887] [gpu_amcl_cpp]: AMCL local correction: odom_prediction=(-1.598, -0.152, 1.357) scan=(-1.597, -0.176, 1.348) correction=0.023 m/0.009 rad cluster_weight=0.943 publish=true
[gpu_amcl_cpp_node-6] [INFO] [1788993926.157234551] [gpu_amcl_cpp]: AMCL scan update #1036 completed; evaluating pose confidence.
[gpu_amcl_cpp_node-6] [INFO] [1788993926.385070442] [gpu_amcl_cpp]: AMCL odom delta: at_scan=(2.842, -2.439, 2.942) baseline=(2.916, -2.454, 2.939) delta=(-0.074, 0.015, 0.003) moved=true scan_age=0.054s
[component_container-9] [INFO] [1788993926.911757347] [pure_pursuit_node]: Pure Pursuit: pose=(-1.365, 1.077, 1.418) cte=-0.003 closest=1321 target=1363 path_dist=0.003 heading_err=0.002 steer=0.031 speed=1.446
[ground_truth_amcl_monitor-7] [INFO] [1788993926.990201439] [ground_truth_amcl_monitor]: AMCL vs GT: gt=(-1.370, 1.071) amcl=(-1.379, 1.004) error=0.068 m / 0.007 rad; current_map=(-1.363, 1.103, 1.419) error=0.032 m / 0.000 rad; odom=(-1.485, 1.165, 1.419) error=0.148 m / 0.000 rad; ekf=(-1.485, 1.165, 1.419) error=0.148 m / 0.000 rad; RMS=0.095 m / 0.018 rad max=0.411 m / 0.082 rad samples=2074
[gpu_amcl_cpp_node-6] [INFO] [1788993927.133934205] [gpu_amcl_cpp]: AMCL local correction: odom_prediction=(-1.332, 1.334, 1.438) scan=(-1.328, 1.343, 1.431) correction=0.010 m/0.007 rad cluster_weight=0.964 publish=true
[gpu_amcl_cpp_node-6] [INFO] [1788993927.431585024] [gpu_amcl_cpp]: AMCL odom delta: at_scan=(1.321, -2.207, 3.073) baseline=(1.447, -2.217, 3.050) delta=(-0.126, 0.010, 0.023) moved=true scan_age=0.055s
[component_container-9] [INFO] [1788993927.955482869] [pure_pursuit_node]: Pure Pursuit: pose=(-1.391, 3.034, 1.903) cte=-0.000 closest=1420 target=1462 path_dist=0.000 heading_err=-0.014 steer=0.174 speed=1.967
[ground_truth_amcl_monitor-7] [INFO] [1788993928.012305095] [ground_truth_amcl_monitor]: AMCL vs GT: gt=(-1.406, 3.011) amcl=(-1.369, 2.963) error=0.061 m / 0.032 rad; current_map=(-1.389, 3.025, 1.904) error=0.022 m / 0.000 rad; odom=(-1.526, 3.060, 1.904) error=0.130 m / 0.000 rad; ekf=(-1.505, 2.997, 1.873) error=0.101 m / 0.032 rad; RMS=0.095 m / 0.018 rad max=0.411 m / 0.082 rad samples=2108
[gpu_amcl_cpp_node-6] [INFO] [1788993928.134023777] [gpu_amcl_cpp]: AMCL local correction: odom_prediction=(-1.457, 3.197, 1.994) scan=(-1.449, 3.186, 1.988) correction=0.014 m/0.005 rad cluster_weight=0.982 publish=true
[gpu_amcl_cpp_node-6] [INFO] [1788993928.481445684] [gpu_amcl_cpp]: AMCL odom delta: at_scan=(-0.590, -2.794, -2.179) baseline=(-0.533, -2.720, -2.278) delta=(-0.058, -0.075, 0.100) moved=true scan_age=0.053s
[component_container-9] [INFO] [1788993929.007683946] [pure_pursuit_node]: Pure Pursuit: pose=(-2.784, 3.695, -2.485) cte=0.023 closest=1512 target=1555 path_dist=0.023 heading_err=0.050 steer=0.369 speed=2.044
[ground_truth_amcl_monitor-7] [INFO] [1788993929.016230354] [ground_truth_amcl_monitor]: AMCL vs GT: gt=(-2.681, 3.710) amcl=(-2.683, 3.747) error=0.036 m / 0.000 rad; current_map=(-2.695, 3.747, -2.602) error=0.039 m / 0.000 rad; odom=(-2.893, 3.793, -2.602) error=0.228 m / 0.000 rad; ekf=(-2.893, 3.793, -2.602) error=0.228 m / 0.000 rad; RMS=0.095 m / 0.020 rad max=0.411 m / 0.161 rad samples=2143
[gpu_amcl_cpp_node-6] [INFO] [1788993929.185086585] [gpu_amcl_cpp]: AMCL local correction: odom_prediction=(-2.909, 3.517, -2.225) scan=(-2.891, 3.517, -2.239) correction=0.018 m/0.015 rad cluster_weight=0.975 publish=true
[gpu_amcl_cpp_node-6] [INFO] [1788993929.530344566] [gpu_amcl_cpp]: AMCL odom delta: at_scan=(0.284, -4.195, -0.147) baseline=(0.159, -4.174, -0.193) delta=(0.124, -0.021, 0.046) moved=true scan_age=0.052s
[component_container-9] [INFO] [1788993930.052247512] [pure_pursuit_node]: Pure Pursuit: pose=(-3.354, 0.943, -1.744) cte=0.002 closest=1654 target=1702 path_dist=0.002 heading_err=-0.005 steer=-0.160 speed=2.292
[ground_truth_amcl_monitor-7] [INFO] [1788993930.055239725] [ground_truth_amcl_monitor]: AMCL vs GT: gt=(-3.342, 1.130) amcl=(-3.293, 1.356) error=0.231 m / 0.030 rad; current_map=(-3.325, 1.117, -1.718) error=0.021 m / 0.000 rad; odom=(-3.579, 1.207, -1.718) error=0.250 m / 0.000 rad; ekf=(-3.579, 1.207, -1.718) error=0.250 m / 0.000 rad; RMS=0.095 m / 0.021 rad max=0.411 m / 0.161 rad samples=2178
[gpu_amcl_cpp_node-6] [INFO] [1788993930.231196447] [gpu_amcl_cpp]: AMCL local correction: odom_prediction=(-3.427, 0.684, -1.898) scan=(-3.430, 0.679, -1.882) correction=0.006 m/0.017 rad cluster_weight=0.981 publish=true
[gpu_amcl_cpp_node-6] [INFO] [1788993930.580508565] [gpu_amcl_cpp]: AMCL odom delta: at_scan=(3.012, -4.791, -0.619) baseline=(2.926, -4.734, -0.565) delta=(0.085, -0.057, -0.054) moved=true scan_age=0.052s
[component_container-9] [INFO] [1788993931.103042768] [pure_pursuit_node]: Pure Pursuit: pose=(-4.658, -0.496, -3.127) cte=-0.014 closest=1759 target=1802 path_dist=0.014 heading_err=0.089 steer=-0.366 speed=1.967
[gpu_amcl_cpp_node-6] [INFO] [1788993931.104627095] [gpu_amcl_cpp]: Received LiDAR callback #1120 (1081 ranges).
[gpu_amcl_cpp_node-6] [INFO] [1788993931.104702867] [gpu_amcl_cpp]: Starting AMCL scan update #1120 (sampled from 1081 ranges).
[ground_truth_amcl_monitor-7] [INFO] [1788993931.105543016] [ground_truth_amcl_monitor]: AMCL vs GT: gt=(-4.584, -0.491) amcl=(-4.421, -0.469) error=0.164 m / 0.133 rad; current_map=(-4.557, -0.493, -3.035) error=0.027 m / 0.000 rad; odom=(-4.825, -0.375, -3.035) error=0.268 m / 0.000 rad; ekf=(-4.825, -0.375, -3.035) error=0.268 m / 0.000 rad; RMS=0.095 m / 0.022 rad max=0.411 m / 0.161 rad samples=2214
[gpu_amcl_cpp_node-6] [INFO] [1788993931.157708382] [gpu_amcl_cpp]: AMCL scan update #1121 completed; evaluating pose confidence.
[gpu_amcl_cpp_node-6] [INFO] [1788993931.282718609] [gpu_amcl_cpp]: AMCL local correction: odom_prediction=(-4.881, -0.483, 2.894) scan=(-4.879, -0.473, 2.916) correction=0.011 m/0.022 rad cluster_weight=0.989 publish=true
[gpu_amcl_cpp_node-6] [INFO] [1788993931.628488221] [gpu_amcl_cpp]: AMCL odom delta: at_scan=(3.128, -6.537, -2.459) baseline=(3.237, -6.437, -2.345) delta=(-0.109, -0.100, -0.113) moved=true scan_age=0.052s
[component_container-9] [INFO] [1788993932.153857059] [pure_pursuit_node]: Pure Pursuit: pose=(-6.008, 1.457, 1.751) cte=-0.016 closest=1887 target=1934 path_dist=0.016 heading_err=0.021 steer=-0.039 speed=3.859
[ground_truth_amcl_monitor-7] [INFO] [1788993932.157239104] [ground_truth_amcl_monitor]: AMCL vs GT: gt=(-5.990, 1.321) amcl=(-5.920, 1.038) error=0.292 m / 0.023 rad; current_map=(-5.972, 1.284, 1.768) error=0.041 m / 0.000 rad; odom=(-6.258, 1.435, 1.768) error=0.290 m / 0.000 rad; ekf=(-6.206, 1.188, 1.790) error=0.253 m / 0.023 rad; RMS=0.096 m / 0.023 rad max=0.411 m / 0.161 rad samples=2250
[gpu_amcl_cpp_node-6] [INFO] [1788993932.332613403] [gpu_amcl_cpp]: AMCL local correction: odom_prediction=(-6.084, 1.923, 1.705) scan=(-6.080, 1.887, 1.706) correction=0.036 m/0.002 rad cluster_weight=0.945 publish=true
[gpu_amcl_cpp_node-6] [INFO] [1788993932.629830727] [gpu_amcl_cpp]: AMCL odom delta: at_scan=(-0.090, -7.245, -3.129) baseline=(0.181, -7.239, -3.111) delta=(-0.271, -0.006, -0.017) moved=true scan_age=0.053s
[component_container-9] [INFO] [1788993933.156207761] [pure_pursuit_node]: Pure Pursuit: pose=(-5.871, 5.298, 1.292) cte=0.001 closest=2081 target=2129 path_dist=0.001 heading_err=-0.023 steer=-0.092 speed=3.459
[ground_truth_amcl_monitor-7] [INFO] [1788993933.159104714] [ground_truth_amcl_monitor]: AMCL vs GT: gt=(-5.928, 5.167) amcl=(-5.975, 4.906) error=0.265 m / 0.018 rad; current_map=(-5.923, 5.107, 1.309) error=0.061 m / 0.000 rad; odom=(-6.242, 5.081, 1.327) error=0.326 m / 0.018 rad; ekf=(-6.242, 5.081, 1.327) error=0.326 m / 0.018 rad; RMS=0.098 m / 0.023 rad max=0.411 m / 0.161 rad samples=2284
[gpu_amcl_cpp_node-6] [INFO] [1788993933.340086398] [gpu_amcl_cpp]: AMCL local correction: odom_prediction=(-5.721, 5.743, 1.184) scan=(-5.719, 5.749, 1.199) correction=0.007 m/0.015 rad cluster_weight=0.992 publish=true
[gpu_amcl_cpp_node-6] [INFO] [1788993933.635262808] [gpu_amcl_cpp]: AMCL odom delta: at_scan=(-3.438, -6.413, 2.562) baseline=(-3.317, -6.490, 2.583) delta=(-0.120, 0.077, -0.022) moved=true scan_age=0.055s
[component_container-9] [INFO] [1788993934.177128925] [pure_pursuit_node]: Pure Pursuit: pose=(-4.017, 7.505, 0.284) cte=-0.021 closest=2230 target=2277 path_dist=0.021 heading_err=0.015 steer=-0.136 speed=3.471
[ground_truth_amcl_monitor-7] [INFO] [1788993934.179684236] [ground_truth_amcl_monitor]: AMCL vs GT: gt=(-4.145, 7.494) amcl=(-4.388, 7.366) error=0.275 m / 0.102 rad; current_map=(-4.173, 7.458, 0.354) error=0.046 m / 0.000 rad; odom=(-4.436, 7.542, 0.354) error=0.294 m / 0.000 rad; ekf=(-4.436, 7.542, 0.354) error=0.294 m / 0.000 rad; RMS=0.100 m / 0.024 rad max=0.411 m / 0.161 rad samples=2318
[gpu_amcl_cpp_node-6] [INFO] [1788993934.357785659] [gpu_amcl_cpp]: AMCL local correction: odom_prediction=(-3.593, 7.606, 0.110) scan=(-3.586, 7.615, 0.127) correction=0.012 m/0.017 rad cluster_weight=0.960 publish=true
[gpu_amcl_cpp_node-6] [INFO] [1788993934.654300213] [gpu_amcl_cpp]: AMCL odom delta: at_scan=(-4.421, -3.647, 1.266) baseline=(-4.482, -3.881, 1.368) delta=(0.061, 0.234, -0.101) moved=true scan_age=0.053s
[component_container-9] [INFO] [1788993935.227876992] [pure_pursuit_node]: Pure Pursuit: pose=(-0.799, 6.182, -0.954) cte=-0.010 closest=2415 target=2463 path_dist=0.010 heading_err=0.028 steer=-0.038 speed=3.851
[ground_truth_amcl_monitor-7] [INFO] [1788993935.230342445] [ground_truth_amcl_monitor]: AMCL vs GT: gt=(-0.894, 6.313) amcl=(-1.078, 6.537) error=0.291 m / 0.067 rad; current_map=(-0.907, 6.333, -0.906) error=0.025 m / 0.000 rad; odom=(-1.166, 6.346, -0.906) error=0.274 m / 0.000 rad; ekf=(-1.166, 6.346, -0.906) error=0.274 m / 0.000 rad; RMS=0.101 m / 0.024 rad max=0.411 m / 0.161 rad samples=2354
[gpu_amcl_cpp_node-6] [INFO] [1788993935.408366883] [gpu_amcl_cpp]: AMCL local correction: odom_prediction=(-0.527, 5.797, -1.010) scan=(-0.528, 5.796, -1.008) correction=0.002 m/0.002 rad cluster_weight=0.980 publish=true
[gpu_amcl_cpp_node-6] [INFO] [1788993935.704893901] [gpu_amcl_cpp]: AMCL odom delta: at_scan=(-1.615, -1.042, 0.412) baseline=(-1.871, -1.159, 0.450) delta=(0.256, 0.118, -0.039) moved=true scan_age=0.053s
[gpu_amcl_cpp_node-6] [INFO] [1788993936.105753504] [gpu_amcl_cpp]: Received LiDAR callback #1205 (1081 ranges).
[gpu_amcl_cpp_node-6] [INFO] [1788993936.105829877] [gpu_amcl_cpp]: Starting AMCL scan update #1205 (sampled from 1081 ranges).
[gpu_amcl_cpp_node-6] [INFO] [1788993936.158264218] [gpu_amcl_cpp]: AMCL scan update #1206 completed; evaluating pose confidence.
[component_container-9] [INFO] [1788993936.276976682] [pure_pursuit_node]: Pure Pursuit: pose=(0.819, 2.491, -1.301) cte=0.007 closest=32 target=80 path_dist=0.007 heading_err=0.001 steer=-0.020 speed=3.919
[ground_truth_amcl_monitor-7] [INFO] [1788993936.279505935] [ground_truth_amcl_monitor]: AMCL vs GT: gt=(0.777, 2.628) amcl=(0.695, 2.945) error=0.328 m / 0.000 rad; current_map=(0.766, 2.686, -1.302) error=0.059 m / 0.000 rad; odom=(0.502, 2.659, -1.302) error=0.277 m / 0.000 rad; ekf=(0.502, 2.659, -1.302) error=0.277 m / 0.000 rad; RMS=0.103 m / 0.024 rad max=0.411 m / 0.161 rad samples=2390
[gpu_amcl_cpp_node-6] [INFO] [1788993936.457865483] [gpu_amcl_cpp]: AMCL local correction: odom_prediction=(0.949, 2.037, -1.310) scan=(0.950, 2.035, -1.318) correction=0.003 m/0.008 rad cluster_weight=0.919 publish=true
[gpu_amcl_cpp_node-6] [INFO] [1788993936.734767997] [gpu_amcl_cpp]: AMCL odom delta: at_scan=(2.241, 0.096, 0.146) baseline=(2.035, 0.065, 0.149) delta=(0.206, 0.031, -0.003) moved=true scan_age=0.053s
[gpu_amcl_cpp_node-6] [WARN] [1788993937.036085065] [gpu_amcl_cpp]: No local AMCL cluster near odometry prediction; using causal odometry pose.
[component_container-9] [INFO] [1788993937.326811304] [pure_pursuit_node]: Pure Pursuit: pose=(1.376, -1.599, -1.554) cte=-0.015 closest=239 target=287 path_dist=0.015 heading_err=-0.040 steer=-0.057 speed=3.888
[ground_truth_amcl_monitor-7] [INFO] [1788993937.328985028] [ground_truth_amcl_monitor]: AMCL vs GT: gt=(1.393, -1.429) amcl=(1.377, -1.133) error=0.296 m / 0.005 rad; current_map=(1.380, -1.412, -1.558) error=0.021 m / 0.000 rad; odom=(1.113, -1.123, -1.562) error=0.414 m / 0.005 rad; ekf=(1.113, -1.123, -1.562) error=0.414 m / 0.005 rad; RMS=0.106 m / 0.024 rad max=0.414 m / 0.161 rad samples=2426
[gpu_amcl_cpp_node-6] [INFO] [1788993937.506054492] [gpu_amcl_cpp]: AMCL local correction: odom_prediction=(1.391, -2.073, -1.620) scan=(1.397, -2.083, -1.612) correction=0.011 m/0.008 rad cluster_weight=0.952 publish=true
[gpu_amcl_cpp_node-6] [INFO] [1788993937.785234245] [gpu_amcl_cpp]: AMCL odom delta: at_scan=(6.306, 0.171, -0.153) baseline=(6.106, 0.203, -0.164) delta=(0.200, -0.032, 0.011) moved=true scan_age=0.052s
[component_container-9] [INFO] [1788993938.327141078] [pure_pursuit_node]: Pure Pursuit: pose=(0.893, -5.397, -1.753) cte=0.006 closest=431 target=479 path_dist=0.006 heading_err=-0.010 steer=-0.011 speed=3.950
[ground_truth_amcl_monitor-7] [INFO] [1788993938.329342765] [ground_truth_amcl_monitor]: AMCL vs GT: gt=(0.909, -5.276) amcl=(0.988, -4.930) error=0.354 m / 0.019 rad; current_map=(0.930, -5.200, -1.773) error=0.079 m / 0.000 rad; odom=(0.630, -5.250, -1.773) error=0.280 m / 0.000 rad; ekf=(0.630, -5.250, -1.773) error=0.280 m / 0.000 rad; RMS=0.108 m / 0.024 rad max=0.414 m / 0.161 rad samples=2460
[gpu_amcl_cpp_node-6] [WARN] [1788993938.555198325] [gpu_amcl_cpp]: Queued LiDAR scan until source-time odometry arrives (queued=1).
[gpu_amcl_cpp_node-6] [INFO] [1788993938.562889036] [gpu_amcl_cpp]: AMCL local correction: odom_prediction=(0.770, -6.069, -1.764) scan=(0.769, -6.050, -1.757) correction=0.019 m/0.007 rad cluster_weight=0.969 publish=true
[gpu_amcl_cpp_node-6] [INFO] [1788993938.804389652] [gpu_amcl_cpp]: AMCL odom delta: at_scan=(10.246, -0.564, -0.253) baseline=(9.979, -0.494, -0.260) delta=(0.268, -0.070, 0.007) moved=true scan_age=0.052s
[component_container-9] [INFO] [1788993939.369162890] [pure_pursuit_node]: Pure Pursuit: pose=(-0.079, -9.074, -2.054) cte=0.003 closest=621 target=666 path_dist=0.003 heading_err=0.038 steer=-0.088 speed=2.549
[ground_truth_amcl_monitor-7] [INFO] [1788993939.370972580] [ground_truth_amcl_monitor]: AMCL vs GT: gt=(-0.051, -9.040) amcl=(0.048, -8.829) error=0.234 m / 0.026 rad; current_map=(-0.014, -8.956, -2.036) error=0.092 m / 0.000 rad; odom=(-0.315, -8.969, -2.036) error=0.273 m / 0.000 rad; ekf=(-0.253, -8.841, -2.010) error=0.284 m / 0.026 rad; RMS=0.110 m / 0.024 rad max=0.414 m / 0.161 rad samples=2494
[gpu_amcl_cpp_node-6] [INFO] [1788993939.613132205] [gpu_amcl_cpp]: AMCL local correction: odom_prediction=(-0.271, -9.431, -2.152) scan=(-0.285, -9.459, -2.142) correction=0.031 m/0.010 rad cluster_weight=0.996 publish=true
[gpu_amcl_cpp_node-6] [INFO] [1788993939.855051608] [gpu_amcl_cpp]: AMCL odom delta: at_scan=(13.006, -1.770, -0.942) baseline=(12.896, -1.637, -0.819) delta=(0.110, -0.133, -0.123) moved=true scan_age=0.053s
[component_container-9] [INFO] [1788993940.384899864] [pure_pursuit_node]: Pure Pursuit: pose=(-2.021, -9.972, 2.598) cte=-0.036 closest=742 target=787 path_dist=0.036 heading_err=0.021 steer=-0.226 speed=2.568
[ground_truth_amcl_monitor-7] [INFO] [1788993940.387079299] [ground_truth_amcl_monitor]: AMCL vs GT: gt=(-1.906, -10.059) amcl=(-1.794, -10.076) error=0.114 m / 0.099 rad; current_map=(-1.911, -10.027, 2.696) error=0.032 m / 0.000 rad; odom=(-2.083, -10.005, 2.796) error=0.184 m / 0.099 rad; ekf=(-2.083, -10.005, 2.796) error=0.184 m / 0.099 rad; RMS=0.111 m / 0.025 rad max=0.414 m / 0.161 rad samples=2528
[gpu_amcl_cpp_node-6] [INFO] [1788993940.634575100] [gpu_amcl_cpp]: AMCL local correction: odom_prediction=(-2.392, -9.653, 2.274) scan=(-2.383, -9.666, 2.289) correction=0.015 m/0.015 rad cluster_weight=0.972 publish=true
[gpu_amcl_cpp_node-6] [INFO] [1788993940.861034004] [gpu_amcl_cpp]: AMCL odom delta: at_scan=(12.200, -3.817, -2.698) baseline=(12.341, -3.745, -2.648) delta=(-0.142, -0.072, -0.050) moved=true scan_age=0.054s
[gpu_amcl_cpp_node-6] [INFO] [1788993941.106707942] [gpu_amcl_cpp]: Received LiDAR callback #1290 (1081 ranges).
[gpu_amcl_cpp_node-6] [INFO] [1788993941.106800506] [gpu_amcl_cpp]: Starting AMCL scan update #1290 (sampled from 1081 ranges).
[gpu_amcl_cpp_node-6] [INFO] [1788993941.160127694] [gpu_amcl_cpp]: AMCL scan update #1291 completed; evaluating pose confidence.
[component_container-9] [INFO] [1788993941.402992244] [pure_pursuit_node]: Pure Pursuit: pose=(-3.155, -7.020, 1.552) cte=0.005 closest=905 target=954 path_dist=0.005 heading_err=0.019 steer=-0.028 speed=3.903
[ground_truth_amcl_monitor-7] [INFO] [1788993941.405436266] [ground_truth_amcl_monitor]: AMCL vs GT: gt=(-3.163, -7.210) amcl=(-3.148, -7.491) error=0.281 m / 0.045 rad; current_map=(-3.158, -7.219, 1.584) error=0.011 m / 0.000 rad; odom=(-3.455, -7.104, 1.584) error=0.311 m / 0.000 rad; ekf=(-3.455, -7.104, 1.584) error=0.311 m / 0.000 rad; RMS=0.111 m / 0.026 rad max=0.414 m / 0.161 rad samples=2562
[gpu_amcl_cpp_node-6] [INFO] [1788993941.634595644] [gpu_amcl_cpp]: AMCL local correction: odom_prediction=(-3.126, -6.343, 1.497) scan=(-3.135, -6.368, 1.495) correction=0.026 m/0.002 rad cluster_weight=0.980 publish=true
[gpu_amcl_cpp_node-6] [INFO] [1788993941.929954317] [gpu_amcl_cpp]: AMCL odom delta: at_scan=(8.238, -4.027, 2.877) baseline=(8.501, -4.094, 2.909) delta=(-0.264, 0.067, -0.032) moved=true scan_age=0.053s
[component_container-9] [INFO] [1788993942.450608668] [pure_pursuit_node]: Pure Pursuit: pose=(-2.317, -3.038, 1.299) cte=-0.002 closest=1110 target=1158 path_dist=0.002 heading_err=0.003 steer=0.004 speed=3.972
[ground_truth_amcl_monitor-7] [INFO] [1788993942.452625046] [ground_truth_amcl_monitor]: AMCL vs GT: gt=(-2.378, -3.213) amcl=(-2.439, -3.476) error=0.270 m / 0.005 rad; current_map=(-2.363, -3.211, 1.294) error=0.015 m / 0.000 rad; odom=(-2.743, -3.368, 1.289) error=0.397 m / 0.005 rad; ekf=(-2.743, -3.368, 1.289) error=0.397 m / 0.005 rad; RMS=0.112 m / 0.026 rad max=0.414 m / 0.161 rad samples=2598
[gpu_amcl_cpp_node-6] [INFO] [1788993942.687052232] [gpu_amcl_cpp]: AMCL local correction: odom_prediction=(-2.129, -2.333, 1.314) scan=(-2.127, -2.337, 1.303) correction=0.005 m/0.011 rad cluster_weight=0.953 publish=true
[gpu_amcl_cpp_node-6] [INFO] [1788993942.930024354] [gpu_amcl_cpp]: AMCL odom delta: at_scan=(4.434, -2.981, 2.891) baseline=(4.706, -3.051, 2.887) delta=(-0.272, 0.070, 0.004) moved=true scan_age=0.053s
[component_container-9] [INFO] [1788993943.457600100] [pure_pursuit_node]: Pure Pursuit: pose=(-1.398, 0.838, 1.401) cte=0.001 closest=1309 target=1357 path_dist=0.001 heading_err=0.004 steer=0.031 speed=3.641
[ground_truth_amcl_monitor-7] [INFO] [1788993943.460504857] [ground_truth_amcl_monitor]: AMCL vs GT: gt=(-1.435, 0.670) amcl=(-1.470, 0.446) error=0.227 m / 0.010 rad; current_map=(-1.432, 0.652, 1.392) error=0.018 m / 0.000 rad; odom=(-1.727, 0.778, 1.392) error=0.311 m / 0.000 rad; ekf=(-1.727, 0.778, 1.392) error=0.311 m / 0.000 rad; RMS=0.113 m / 0.025 rad max=0.414 m / 0.161 rad samples=2632
[gpu_amcl_cpp_node-6] [INFO] [1788993943.706929887] [gpu_amcl_cpp]: AMCL local correction: odom_prediction=(-1.297, 1.601, 1.471) scan=(-1.289, 1.609, 1.463) correction=0.011 m/0.009 rad cluster_weight=0.954 publish=true
[gpu_amcl_cpp_node-6] [INFO] [1788993943.981831732] [gpu_amcl_cpp]: AMCL odom delta: at_scan=(0.693, -2.378, -3.049) baseline=(0.798, -2.370, -3.094) delta=(-0.105, -0.007, 0.045) moved=true scan_age=0.053s
[component_container-9] [INFO] [1788993944.506099433] [pure_pursuit_node]: Pure Pursuit: pose=(-1.614, 3.478, 2.204) cte=-0.019 closest=1445 target=1488 path_dist=0.019 heading_err=-0.058 steer=0.363 speed=1.847
[ground_truth_amcl_monitor-7] [INFO] [1788993944.507712043] [ground_truth_amcl_monitor]: AMCL vs GT: gt=(-1.585, 3.419) amcl=(-1.515, 3.324) error=0.118 m / 0.066 rad; current_map=(-1.564, 3.408, 2.131) error=0.023 m / 0.000 rad; odom=(-1.857, 3.408, 2.131) error=0.272 m / 0.000 rad; ekf=(-1.857, 3.408, 2.131) error=0.272 m / 0.000 rad; RMS=0.113 m / 0.026 rad max=0.414 m / 0.161 rad samples=2668
[gpu_amcl_cpp_node-6] [INFO] [1788993944.740035706] [gpu_amcl_cpp]: AMCL local correction: odom_prediction=(-1.852, 3.746, 2.525) scan=(-1.848, 3.763, 2.494) correction=0.018 m/0.031 rad cluster_weight=0.978 publish=true
[gpu_amcl_cpp_node-6] [INFO] [1788993945.032108375] [gpu_amcl_cpp]: AMCL odom delta: at_scan=(-0.714, -3.462, -1.502) baseline=(-0.715, -3.364, -1.624) delta=(0.001, -0.098, 0.123) moved=true scan_age=0.052s
[ground_truth_amcl_monitor-7] [INFO] [1788993945.511201956] [ground_truth_amcl_monitor]: AMCL vs GT: gt=(-2.956, 3.447) amcl=(-2.951, 3.447) error=0.005 m / 0.000 rad; current_map=(-2.955, 3.456, -2.109) error=0.009 m / 0.000 rad; odom=(-3.338, 3.433, -2.109) error=0.382 m / 0.000 rad; ekf=(-3.338, 3.433, -2.109) error=0.382 m / 0.000 rad; RMS=0.113 m / 0.027 rad max=0.414 m / 0.167 rad samples=2703
[component_container-9] [INFO] [1788993945.595538519] [pure_pursuit_node]: Pure Pursuit: pose=(-3.078, 3.191, -1.902) cte=0.025 closest=1541 target=1586 path_dist=0.025 heading_err=0.086 steer=0.158 speed=2.509
[gpu_amcl_cpp_node-6] [INFO] [1788993945.766358341] [gpu_amcl_cpp]: AMCL local correction: odom_prediction=(-3.119, 2.924, -1.733) scan=(-3.112, 2.922, -1.739) correction=0.008 m/0.007 rad cluster_weight=0.963 publish=true
[gpu_amcl_cpp_node-6] [INFO] [1788993946.055647429] [gpu_amcl_cpp]: AMCL odom delta: at_scan=(1.068, -4.403, -0.103) baseline=(0.903, -4.386, -0.095) delta=(0.165, -0.016, -0.008) moved=true scan_age=0.052s
[gpu_amcl_cpp_node-6] [INFO] [1788993946.107150080] [gpu_amcl_cpp]: Received LiDAR callback #1375 (1081 ranges).
[gpu_amcl_cpp_node-6] [INFO] [1788993946.107244297] [gpu_amcl_cpp]: Starting AMCL scan update #1375 (sampled from 1081 ranges).
[gpu_amcl_cpp_node-6] [INFO] [1788993946.165532948] [gpu_amcl_cpp]: AMCL scan update #1376 completed; evaluating pose confidence.
[ground_truth_amcl_monitor-7] [INFO] [1788993946.512954304] [ground_truth_amcl_monitor]: AMCL vs GT: gt=(-3.445, 0.638) amcl=(-3.425, 0.682) error=0.049 m / 0.000 rad; current_map=(-3.426, 0.683, -1.882) error=0.049 m / 0.000 rad; odom=(-3.821, 0.671, -1.882) error=0.378 m / 0.000 rad; ekf=(-3.821, 0.671, -1.882) error=0.378 m / 0.000 rad; RMS=0.113 m / 0.027 rad max=0.414 m / 0.167 rad samples=2737
[component_container-9] [INFO] [1788993946.627167935] [pure_pursuit_node]: Pure Pursuit: pose=(-3.536, 0.403, -2.013) cte=0.026 closest=1683 target=1726 path_dist=0.026 heading_err=0.021 steer=-0.155 speed=1.996
[gpu_amcl_cpp_node-6] [INFO] [1788993946.805994951] [gpu_amcl_cpp]: AMCL local correction: odom_prediction=(-3.657, 0.173, -2.126) scan=(-3.662, 0.153, -2.113) correction=0.021 m/0.013 rad cluster_weight=0.979 publish=true
[gpu_amcl_cpp_node-6] [INFO] [1788993947.104817853] [gpu_amcl_cpp]: AMCL odom delta: at_scan=(3.405, -5.240, -0.961) baseline=(3.317, -5.130, -0.840) delta=(0.087, -0.110, -0.121) moved=true scan_age=0.053s
[ground_truth_amcl_monitor-7] [INFO] [1788993947.516781771] [ground_truth_amcl_monitor]: AMCL vs GT: gt=(-4.781, -0.498) amcl=(-4.751, -0.516) error=0.035 m / 0.000 rad; current_map=(-4.760, -0.507, 3.007) error=0.023 m / 0.000 rad; odom=(-5.174, -0.438, 3.007) error=0.397 m / 0.000 rad; ekf=(-5.174, -0.438, 3.007) error=0.397 m / 0.000 rad; RMS=0.113 m / 0.028 rad max=0.414 m / 0.167 rad samples=2771
[component_container-9] [INFO] [1788993947.635003954] [pure_pursuit_node]: Pure Pursuit: pose=(-5.072, -0.415, 2.671) cte=-0.022 closest=1780 target=1823 path_dist=0.022 heading_err=-0.009 steer=-0.295 speed=2.130
[gpu_amcl_cpp_node-6] [INFO] [1788993947.814733416] [gpu_amcl_cpp]: AMCL local correction: odom_prediction=(-5.266, -0.276, 2.449) scan=(-5.263, -0.271, 2.475) correction=0.006 m/0.026 rad cluster_weight=0.966 publish=true
[gpu_amcl_cpp_node-6] [INFO] [1788993948.110148104] [gpu_amcl_cpp]: AMCL odom delta: at_scan=(2.824, -6.895, -2.705) baseline=(2.944, -6.834, -2.637) delta=(-0.121, -0.061, -0.069) moved=true scan_age=0.054s
[ground_truth_amcl_monitor-7] [INFO] [1788993948.580194877] [ground_truth_amcl_monitor]: AMCL vs GT: gt=(-6.075, 1.792) amcl=(-6.013, 1.498) error=0.300 m / 0.026 rad; current_map=(-6.058, 1.759, 1.727) error=0.037 m / 0.000 rad; odom=(-6.478, 1.844, 1.727) error=0.406 m / 0.000 rad; ekf=(-6.478, 1.844, 1.727) error=0.406 m / 0.000 rad; RMS=0.113 m / 0.029 rad max=0.414 m / 0.167 rad samples=2806
[component_container-9] [INFO] [1788993948.684844167] [pure_pursuit_node]: Pure Pursuit: pose=(-6.130, 2.363, 1.646) cte=-0.006 closest=1932 target=1981 path_dist=0.006 heading_err=0.016 steer=-0.028 speed=3.914
[gpu_amcl_cpp_node-6] [INFO] [1788993948.862455660] [gpu_amcl_cpp]: AMCL local correction: odom_prediction=(-6.159, 2.820, 1.602) scan=(-6.163, 2.815, 1.602) correction=0.006 m/0.000 rad cluster_weight=0.955 publish=true
[gpu_amcl_cpp_node-6] [INFO] [1788993949.155710610] [gpu_amcl_cpp]: AMCL odom delta: at_scan=(-0.931, -7.345, 3.036) baseline=(-0.727, -7.363, 3.070) delta=(-0.204, 0.018, -0.034) moved=true scan_age=0.052s
[gpu_amcl_cpp_node-6] [WARN] [1788993949.556508548] [gpu_amcl_cpp]: Queued LiDAR scan until source-time odometry arrives (queued=1).
[ground_truth_amcl_monitor-7] [INFO] [1788993949.609744505] [ground_truth_amcl_monitor]: AMCL vs GT: gt=(-5.748, 5.737) amcl=(-5.812, 5.504) error=0.242 m / 0.051 rad; current_map=(-5.744, 5.678, 1.176) error=0.059 m / 0.000 rad; odom=(-6.145, 5.787, 1.176) error=0.401 m / 0.000 rad; ekf=(-6.145, 5.787, 1.176) error=0.401 m / 0.000 rad; RMS=0.115 m / 0.028 rad max=0.414 m / 0.167 rad samples=2842
[component_container-9] [INFO] [1788993949.730906772] [pure_pursuit_node]: Pure Pursuit: pose=(-5.522, 6.145, 1.071) cte=-0.002 closest=2126 target=2172 path_dist=0.002 heading_err=0.013 steer=-0.078 speed=2.856
[gpu_amcl_cpp_node-6] [INFO] [1788993949.913195543] [gpu_amcl_cpp]: AMCL local correction: odom_prediction=(-5.367, 6.426, 1.008) scan=(-5.355, 6.452, 1.024) correction=0.029 m/0.016 rad cluster_weight=0.994 publish=true
[gpu_amcl_cpp_node-6] [INFO] [1788993950.206583964] [gpu_amcl_cpp]: AMCL odom delta: at_scan=(-3.966, -6.024, 2.244) baseline=(-3.869, -6.140, 2.306) delta=(-0.098, 0.115, -0.062) moved=true scan_age=0.052s
[ground_truth_amcl_monitor-7] [INFO] [1788993950.610239782] [ground_truth_amcl_monitor]: AMCL vs GT: gt=(-3.641, 7.620) amcl=(-3.846, 7.565) error=0.212 m / 0.068 rad; current_map=(-3.672, 7.596, 0.140) error=0.039 m / 0.000 rad; odom=(-4.059, 7.612, 0.140) error=0.418 m / 0.000 rad; ekf=(-4.059, 7.612, 0.140) error=0.418 m / 0.000 rad; RMS=0.115 m / 0.029 rad max=0.414 m / 0.167 rad samples=2876
[component_container-9] [INFO] [1788993950.782487366] [pure_pursuit_node]: Pure Pursuit: pose=(-2.901, 7.594, -0.171) cte=-0.028 closest=2286 target=2333 path_dist=0.028 heading_err=0.029 steer=-0.130 speed=3.471
[gpu_amcl_cpp_node-6] [INFO] [1788993950.982564800] [gpu_amcl_cpp]: AMCL local correction: odom_prediction=(-2.400, 7.479, -0.367) scan=(-2.393, 7.479, -0.359) correction=0.007 m/0.007 rad cluster_weight=0.975 publish=true
[gpu_amcl_cpp_node-6] [INFO] [1788993951.153478007] [gpu_amcl_cpp]: Received LiDAR callback #1462 (1081 ranges).
[gpu_amcl_cpp_node-6] [INFO] [1788993951.153565261] [gpu_amcl_cpp]: Starting AMCL scan update #1462 (sampled from 1081 ranges).
[gpu_amcl_cpp_node-6] [INFO] [1788993951.206257537] [gpu_amcl_cpp]: AMCL scan update #1463 completed; evaluating pose confidence.
[gpu_amcl_cpp_node-6] [INFO] [1788993951.258244928] [gpu_amcl_cpp]: AMCL odom delta: at_scan=(-3.794, -2.742, 0.876) baseline=(-3.913, -2.893, 0.931) delta=(0.119, 0.151, -0.055) moved=true scan_age=0.053s
[ground_truth_amcl_monitor-7] [INFO] [1788993951.612128086] [ground_truth_amcl_monitor]: AMCL vs GT: gt=(-0.680, 6.002) amcl=(-0.682, 6.018) error=0.017 m / 0.000 rad; current_map=(-0.682, 6.016, -0.977) error=0.015 m / 0.000 rad; odom=(-1.084, 5.979, -0.977) error=0.405 m / 0.000 rad; ekf=(-1.084, 5.979, -0.977) error=0.405 m / 0.000 rad; RMS=0.116 m / 0.029 rad max=0.414 m / 0.167 rad samples=2911
[component_container-9] [INFO] [1788993951.832887050] [pure_pursuit_node]: Pure Pursuit: pose=(-0.141, 5.099, -1.097) cte=-0.006 closest=2479 target=2527 path_dist=0.006 heading_err=-0.007 steer=-0.039 speed=3.926
[gpu_amcl_cpp_node-6] [INFO] [1788993952.010783718] [gpu_amcl_cpp]: AMCL local correction: odom_prediction=(0.062, 4.668, -1.161) scan=(0.055, 4.705, -1.160) correction=0.037 m/0.001 rad cluster_weight=0.933 publish=true
[gpu_amcl_cpp_node-6] [INFO] [1788993952.285501508] [gpu_amcl_cpp]: AMCL odom delta: at_scan=(-0.446, -0.731, 0.347) baseline=(-0.638, -0.802, 0.364) delta=(0.192, 0.071, -0.017) moved=true scan_age=0.054s
[gpu_amcl_cpp_node-6] [WARN] [1788993952.531720330] [gpu_amcl_cpp]: No local AMCL cluster near odometry prediction; using causal odometry pose.
[ground_truth_amcl_monitor-7] [INFO] [1788993952.634390993] [ground_truth_amcl_monitor]: AMCL vs GT: gt=(0.870, 2.311) amcl=(0.803, 2.529) error=0.228 m / 0.002 rad; current_map=(0.859, 2.330, -1.296) error=0.023 m / 0.000 rad; odom=(0.464, 2.287, -1.296) error=0.407 m / 0.000 rad; ekf=(0.408, 2.485, -1.298) error=0.494 m / 0.002 rad; RMS=0.117 m / 0.029 rad max=0.414 m / 0.167 rad samples=2946
[component_container-9] [INFO] [1788993952.880294663] [pure_pursuit_node]: Pure Pursuit: pose=(1.126, 1.226, -1.409) cte=-0.007 closest=97 target=145 path_dist=0.007 heading_err=0.026 steer=-0.009 speed=3.927
[gpu_amcl_cpp_node-6] [INFO] [1788993953.182209675] [gpu_amcl_cpp]: AMCL local correction: odom_prediction=(1.255, 0.310, -1.432) scan=(1.239, 0.287, -1.430) correction=0.028 m/0.002 rad cluster_weight=0.908 publish=true
[gpu_amcl_cpp_node-6] [INFO] [1788993953.335361739] [gpu_amcl_cpp]: AMCL odom delta: at_scan=(3.569, 0.148, 0.101) baseline=(3.366, 0.125, 0.126) delta=(0.203, 0.023, -0.024) moved=true scan_age=0.053s
[gpu_amcl_cpp_node-6] [WARN] [1788993953.581581974] [gpu_amcl_cpp]: No local AMCL cluster near odometry prediction; using causal odometry pose.
[ground_truth_amcl_monitor-7] [INFO] [1788993953.635280020] [ground_truth_amcl_monitor]: AMCL vs GT: gt=(1.386, -1.548) amcl=(1.378, -1.538) error=0.012 m / 0.000 rad; current_map=(1.373, -1.538, -1.571) error=0.017 m / 0.000 rad; odom=(0.976, -1.576, -1.571) error=0.411 m / 0.000 rad; ekf=(0.976, -1.576, -1.571) error=0.411 m / 0.000 rad; RMS=0.119 m / 0.029 rad max=0.414 m / 0.167 rad samples=2981
[component_container-9] [INFO] [1788993953.924470774] [pure_pursuit_node]: Pure Pursuit: pose=(1.304, -2.846, -1.720) cte=-0.018 closest=301 target=349 path_dist=0.018 heading_err=0.052 steer=0.007 speed=3.871
[gpu_amcl_cpp_node-6] [INFO] [1788993954.229305762] [gpu_amcl_cpp]: AMCL local correction: odom_prediction=(1.182, -3.795, -1.713) scan=(1.185, -3.757, -1.710) correction=0.038 m/0.004 rad cluster_weight=0.920 publish=true
[gpu_amcl_cpp_node-6] [INFO] [1788993954.375352336] [gpu_amcl_cpp]: AMCL odom delta: at_scan=(7.620, -0.138, -0.172) baseline=(7.425, -0.105, -0.163) delta=(0.194, -0.033, -0.009) moved=true scan_age=0.049s
[ground_truth_amcl_monitor-7] [INFO] [1788993954.681239201] [ground_truth_amcl_monitor]: AMCL vs GT: gt=(0.860, -5.598) amcl=(0.913, -5.312) error=0.290 m / 0.004 rad; current_map=(0.876, -5.508, -1.759) error=0.091 m / 0.000 rad; odom=(0.484, -5.433, -1.755) error=0.410 m / 0.004 rad; ekf=(0.484, -5.433, -1.755) error=0.410 m / 0.004 rad; RMS=0.120 m / 0.029 rad max=0.414 m / 0.167 rad samples=3022
[component_container-9] [INFO] [1788993954.925315858] [pure_pursuit_node]: Pure Pursuit: pose=(0.633, -6.661, -1.794) cte=-0.001 closest=495 target=544 path_dist=0.001 heading_err=-0.000 steer=-0.009 speed=3.943
[gpu_amcl_cpp_node-6] [INFO] [1788993955.279583879] [gpu_amcl_cpp]: AMCL local correction: odom_prediction=(0.352, -7.852, -1.841) scan=(0.354, -7.861, -1.841) correction=0.009 m/0.000 rad cluster_weight=0.987 publish=true
[gpu_amcl_cpp_node-6] [INFO] [1788993955.375439516] [gpu_amcl_cpp]: AMCL odom delta: at_scan=(11.470, -0.990, -0.296) baseline=(11.286, -0.936, -0.282) delta=(0.184, -0.055, -0.014) moved=true scan_age=0.049s
[ground_truth_amcl_monitor-7] [INFO] [1788993955.682415708] [ground_truth_amcl_monitor]: AMCL vs GT: gt=(-0.108, -9.141) amcl=(-0.083, -9.097) error=0.051 m / 0.000 rad; current_map=(-0.083, -9.089, -2.044) error=0.058 m / 0.000 rad; odom=(-0.515, -9.150, -2.044) error=0.407 m / 0.000 rad; ekf=(-0.515, -9.150, -2.044) error=0.407 m / 0.000 rad; RMS=0.121 m / 0.028 rad max=0.414 m / 0.167 rad samples=3063
[component_container-9] [INFO] [1788993955.926446699] [pure_pursuit_node]: Pure Pursuit: pose=(-0.440, -9.630, -2.316) cte=0.023 closest=655 target=699 path_dist=0.023 heading_err=0.049 steer=-0.198 speed=2.470
[gpu_amcl_cpp_node-6] [INFO] [1788993956.176804398] [gpu_amcl_cpp]: Received LiDAR callback #1556 (1081 ranges).
[gpu_amcl_cpp_node-6] [INFO] [1788993956.176877856] [gpu_amcl_cpp]: Starting AMCL scan update #1556 (sampled from 1081 ranges).
[gpu_amcl_cpp_node-6] [INFO] [1788993956.226543024] [gpu_amcl_cpp]: AMCL scan update #1557 completed; evaluating pose confidence.
[gpu_amcl_cpp_node-6] [INFO] [1788993956.328815639] [gpu_amcl_cpp]: AMCL local correction: odom_prediction=(-1.182, -10.125, -2.964) scan=(-1.188, -10.128, -2.948) correction=0.008 m/0.017 rad cluster_weight=0.999 publish=true
[gpu_amcl_cpp_node-6] [INFO] [1788993956.426590012] [gpu_amcl_cpp]: AMCL odom delta: at_scan=(13.297, -2.646, -1.598) baseline=(13.294, -2.522, -1.494) delta=(0.003, -0.124, -0.104) moved=true scan_age=0.050s
[ground_truth_amcl_monitor-7] [INFO] [1788993956.726831880] [ground_truth_amcl_monitor]: AMCL vs GT: gt=(-2.098, -9.941) amcl=(-1.998, -9.979) error=0.107 m / 0.090 rad; current_map=(-2.103, -9.912, 2.531) error=0.030 m / 0.000 rad; odom=(-2.528, -9.908, 2.531) error=0.431 m / 0.000 rad; ekf=(-2.528, -9.908, 2.531) error=0.431 m / 0.000 rad; RMS=0.121 m / 0.029 rad max=0.414 m / 0.167 rad samples=3104
[component_container-9] [INFO] [1788993956.926475921] [pure_pursuit_node]: Pure Pursuit: pose=(-2.547, -9.449, 2.153) cte=-0.035 closest=779 target=824 path_dist=0.035 heading_err=0.001 steer=-0.119 speed=3.213
[gpu_amcl_cpp_node-6] [INFO] [1788993957.329897759] [gpu_amcl_cpp]: AMCL local correction: odom_prediction=(-3.006, -8.373, 1.832) scan=(-3.001, -8.392, 1.844) correction=0.020 m/0.012 rad cluster_weight=0.970 publish=true
[gpu_amcl_cpp_node-6] [INFO] [1788993957.476864852] [gpu_amcl_cpp]: AMCL odom delta: at_scan=(10.991, -4.333, -3.010) baseline=(11.178, -4.304, -2.968) delta=(-0.187, -0.029, -0.042) moved=true scan_age=0.050s
[ground_truth_amcl_monitor-7] [INFO] [1788993957.727186844] [ground_truth_amcl_monitor]: AMCL vs GT: gt=(-3.160, -6.903) amcl=(-3.149, -7.117) error=0.214 m / 0.022 rad; current_map=(-3.150, -6.922, 1.564) error=0.022 m / 0.000 rad; odom=(-3.584, -6.875, 1.564) error=0.425 m / 0.000 rad; ekf=(-3.584, -6.875, 1.564) error=0.425 m / 0.000 rad; RMS=0.121 m / 0.029 rad max=0.414 m / 0.167 rad samples=3144
[component_container-9] [INFO] [1788993957.978640071] [pure_pursuit_node]: Pure Pursuit: pose=(-3.050, -5.755, 1.399) cte=0.000 closest=969 target=1017 path_dist=0.000 heading_err=-0.001 steer=-0.045 speed=3.896
[gpu_amcl_cpp_node-6] [INFO] [1788993958.332646711] [gpu_amcl_cpp]: AMCL local correction: odom_prediction=(-2.787, -4.630, 1.276) scan=(-2.807, -4.656, 1.264) correction=0.033 m/0.012 rad cluster_weight=0.930 publish=true
[gpu_amcl_cpp_node-6] [INFO] [1788993958.477668800] [gpu_amcl_cpp]: AMCL odom delta: at_scan=(7.182, -3.835, 2.847) baseline=(7.363, -3.890, 2.843) delta=(-0.181, 0.055, 0.003) moved=true scan_age=0.051s
[ground_truth_amcl_monitor-7] [INFO] [1788993958.728596259] [ground_truth_amcl_monitor]: AMCL vs GT: gt=(-2.337, -3.115) amcl=(-2.389, -3.318) error=0.209 m / 0.007 rad; current_map=(-2.335, -3.129, 1.297) error=0.014 m / 0.000 rad; odom=(-2.759, -3.087, 1.297) error=0.423 m / 0.000 rad; ekf=(-2.759, -3.087, 1.297) error=0.423 m / 0.000 rad; RMS=0.121 m / 0.029 rad max=0.414 m / 0.167 rad samples=3184
[component_container-9] [INFO] [1788993959.025517879] [pure_pursuit_node]: Pure Pursuit: pose=(-1.971, -1.776, 1.320) cte=0.006 closest=1175 target=1224 path_dist=0.006 heading_err=-0.004 steer=0.011 speed=3.946
[gpu_amcl_cpp_node-6] [INFO] [1788993959.379771282] [gpu_amcl_cpp]: AMCL local correction: odom_prediction=(-1.698, -0.612, 1.344) scan=(-1.695, -0.592, 1.335) correction=0.021 m/0.009 rad cluster_weight=0.956 publish=true
[gpu_amcl_cpp_node-6] [INFO] [1788993959.527407984] [gpu_amcl_cpp]: AMCL odom delta: at_scan=(3.168, -2.801, 2.935) baseline=(3.360, -2.842, 2.925) delta=(-0.192, 0.041, 0.010) moved=true scan_age=0.051s
[ground_truth_amcl_monitor-7] [INFO] [1788993959.729703687] [ground_truth_amcl_monitor]: AMCL vs GT: gt=(-1.425, 0.748) amcl=(-1.456, 0.574) error=0.176 m / 0.005 rad; current_map=(-1.421, 0.763, 1.392) error=0.016 m / 0.000 rad; odom=(-1.849, 0.774, 1.392) error=0.425 m / 0.000 rad; ekf=(-1.883, 0.585, 1.387) error=0.487 m / 0.005 rad; RMS=0.121 m / 0.029 rad max=0.414 m / 0.167 rad samples=3224
[component_container-9] [INFO] [1788993960.028390904] [pure_pursuit_node]: Pure Pursuit: pose=(-1.272, 1.945, 1.542) cte=-0.005 closest=1365 target=1411 path_dist=0.005 heading_err=-0.018 steer=0.074 speed=3.092
[gpu_amcl_cpp_node-6] [INFO] [1788993960.405027264] [gpu_amcl_cpp]: AMCL local correction: odom_prediction=(-1.320, 2.802, 1.796) scan=(-1.326, 2.827, 1.790) correction=0.026 m/0.006 rad cluster_weight=0.981 publish=true
[gpu_amcl_cpp_node-6] [INFO] [1788993960.550933895] [gpu_amcl_cpp]: AMCL odom delta: at_scan=(0.184, -2.628, -2.791) baseline=(0.229, -2.612, -2.833) delta=(-0.045, -0.015, 0.042) moved=true scan_age=0.049s
[ground_truth_amcl_monitor-7] [INFO] [1788993960.752590527] [ground_truth_amcl_monitor]: AMCL vs GT: gt=(-1.596, 3.446) amcl=(-1.524, 3.341) error=0.127 m / 0.053 rad; current_map=(-1.573, 3.427, 2.118) error=0.030 m / 0.000 rad; odom=(-1.987, 3.303, 2.118) error=0.416 m / 0.000 rad; ekf=(-1.987, 3.303, 2.118) error=0.416 m / 0.000 rad; RMS=0.121 m / 0.029 rad max=0.414 m / 0.167 rad samples=3264
[component_container-9] [INFO] [1788993961.051368435] [pure_pursuit_node]: Pure Pursuit: pose=(-2.065, 3.870, 2.828) cte=0.035 closest=1475 target=1518 path_dist=0.035 heading_err=0.126 steer=0.447 speed=1.855
[gpu_amcl_cpp_node-6] [INFO] [1788993961.201292274] [gpu_amcl_cpp]: Received LiDAR callback #1656 (1081 ranges).
[gpu_amcl_cpp_node-6] [INFO] [1788993961.201357977] [gpu_amcl_cpp]: Starting AMCL scan update #1656 (sampled from 1081 ranges).
[gpu_amcl_cpp_node-6] [INFO] [1788993961.252633231] [gpu_amcl_cpp]: AMCL scan update #1657 completed; evaluating pose confidence.
[gpu_amcl_cpp_node-6] [INFO] [1788993961.405615887] [gpu_amcl_cpp]: AMCL local correction: odom_prediction=(-2.548, 3.862, -2.775) scan=(-2.527, 3.855, -2.785) correction=0.022 m/0.010 rad cluster_weight=0.981 publish=true
[gpu_amcl_cpp_node-6] [INFO] [1788993961.551050832] [gpu_amcl_cpp]: AMCL odom delta: at_scan=(-0.413, -4.032, -0.904) baseline=(-0.463, -3.961, -1.002) delta=(0.050, -0.071, 0.099) moved=true scan_age=0.049s
[ground_truth_amcl_monitor-7] [INFO] [1788993961.752944519] [ground_truth_amcl_monitor]: AMCL vs GT: gt=(-2.969, 3.425) amcl=(-2.912, 3.491) error=0.087 m / 0.088 rad; current_map=(-2.965, 3.409, -2.103) error=0.017 m / 0.000 rad; odom=(-3.472, 3.292, -2.103) error=0.520 m / 0.000 rad; ekf=(-3.472, 3.292, -2.103) error=0.520 m / 0.000 rad; RMS=0.120 m / 0.030 rad max=0.414 m / 0.167 rad samples=3304
[component_container-9] [INFO] [1788993962.099323257] [pure_pursuit_node]: Pure Pursuit: pose=(-3.193, 2.493, -1.668) cte=0.035 closest=1577 target=1622 path_dist=0.035 heading_err=-0.020 steer=0.012 speed=3.351
[gpu_amcl_cpp_node-6] [INFO] [1788993962.454819545] [gpu_amcl_cpp]: AMCL local correction: odom_prediction=(-3.288, 1.497, -1.669) scan=(-3.282, 1.494, -1.660) correction=0.006 m/0.009 rad cluster_weight=0.961 publish=true
[gpu_amcl_cpp_node-6] [INFO] [1788993962.601202952] [gpu_amcl_cpp]: AMCL odom delta: at_scan=(2.256, -4.665, -0.187) baseline=(2.105, -4.639, -0.147) delta=(0.151, -0.025, -0.040) moved=true scan_age=0.049s
[ground_truth_amcl_monitor-7] [INFO] [1788993962.754462659] [ground_truth_amcl_monitor]: AMCL vs GT: gt=(-3.460, 0.622) amcl=(-3.409, 0.773) error=0.159 m / 0.044 rad; current_map=(-3.441, 0.669, -1.893) error=0.051 m / 0.000 rad; odom=(-3.923, 0.650, -1.849) error=0.464 m / 0.044 rad; ekf=(-3.923, 0.650, -1.849) error=0.464 m / 0.044 rad; RMS=0.120 m / 0.030 rad max=0.414 m / 0.167 rad samples=3344
[component_container-9] [INFO] [1788993963.102622954] [pure_pursuit_node]: Pure Pursuit: pose=(-3.816, -0.047, -2.236) cte=0.019 closest=1710 target=1754 path_dist=0.019 heading_err=-0.060 steer=-0.314 speed=1.958
[gpu_amcl_cpp_node-6] [INFO] [1788993963.457718400] [gpu_amcl_cpp]: AMCL local correction: odom_prediction=(-4.268, -0.443, -2.756) scan=(-4.258, -0.444, -2.734) correction=0.010 m/0.022 rad cluster_weight=0.974 publish=true
[gpu_amcl_cpp_node-6] [INFO] [1788993963.601742393] [gpu_amcl_cpp]: AMCL odom delta: at_scan=(3.679, -5.839, -1.468) baseline=(3.665, -5.748, -1.371) delta=(0.014, -0.092, -0.097) moved=true scan_age=0.049s
[ground_truth_amcl_monitor-7] [INFO] [1788993963.755281485] [ground_truth_amcl_monitor]: AMCL vs GT: gt=(-4.814, -0.491) amcl=(-4.792, -0.488) error=0.023 m / 0.000 rad; current_map=(-4.793, -0.489, 2.964) error=0.021 m / 0.000 rad; odom=(-5.314, -0.510, 2.964) error=0.500 m / 0.000 rad; ekf=(-5.314, -0.510, 2.964) error=0.500 m / 0.000 rad; RMS=0.120 m / 0.030 rad max=0.414 m / 0.167 rad samples=3385
[component_container-9] [INFO] [1788993964.149733810] [pure_pursuit_node]: Pure Pursuit: pose=(-5.514, -0.006, 2.179) cte=-0.035 closest=1810 target=1854 path_dist=0.035 heading_err=-0.014 steer=-0.176 speed=2.782
[gpu_amcl_cpp_node-6] [INFO] [1788993964.457931267] [gpu_amcl_cpp]: AMCL local correction: odom_prediction=(-5.820, 0.626, 1.869) scan=(-5.818, 0.634, 1.872) correction=0.009 m/0.002 rad cluster_weight=0.956 publish=true
[gpu_amcl_cpp_node-6] [INFO] [1788993964.604504140] [gpu_amcl_cpp]: AMCL odom delta: at_scan=(2.059, -7.263, -2.934) baseline=(2.226, -7.225, -2.911) delta=(-0.167, -0.037, -0.023) moved=true scan_age=0.051s
[ground_truth_amcl_monitor-7] [INFO] [1788993964.759038802] [ground_truth_amcl_monitor]: AMCL vs GT: gt=(-6.057, 1.674) amcl=(-6.044, 1.641) error=0.035 m / 0.000 rad; current_map=(-6.044, 1.650, 1.726) error=0.027 m / 0.000 rad; odom=(-6.562, 1.647, 1.726) error=0.505 m / 0.000 rad; ekf=(-6.562, 1.647, 1.726) error=0.505 m / 0.000 rad; RMS=0.120 m / 0.031 rad max=0.414 m / 0.167 rad samples=3425
[component_container-9] [INFO] [1788993965.151148295] [pure_pursuit_node]: Pure Pursuit: pose=(-6.166, 3.339, 1.554) cte=-0.004 closest=1981 target=2029 path_dist=0.004 heading_err=0.002 steer=-0.044 speed=3.912
[gpu_amcl_cpp_node-6] [WARN] [1788993965.251576585] [gpu_amcl_cpp]: Queued LiDAR scan until source-time odometry arrives (queued=1).
[gpu_amcl_cpp_node-6] [INFO] [1788993965.504767657] [gpu_amcl_cpp]: AMCL local correction: odom_prediction=(-6.059, 4.517, 1.396) scan=(-6.062, 4.513, 1.400) correction=0.005 m/0.004 rad cluster_weight=0.989 publish=true
[gpu_amcl_cpp_node-6] [INFO] [1788993965.654655158] [gpu_amcl_cpp]: AMCL odom delta: at_scan=(-1.951, -7.241, 2.880) baseline=(-1.758, -7.289, 2.913) delta=(-0.192, 0.048, -0.033) moved=true scan_age=0.051s
[ground_truth_amcl_monitor-7] [INFO] [1788993965.759912141] [ground_truth_amcl_monitor]: AMCL vs GT: gt=(-5.826, 5.516) amcl=(-5.823, 5.475) error=0.041 m / 0.000 rad; current_map=(-5.823, 5.470, 1.228) error=0.046 m / 0.000 rad; odom=(-6.324, 5.483, 1.228) error=0.499 m / 0.000 rad; ekf=(-6.324, 5.483, 1.228) error=0.499 m / 0.000 rad; RMS=0.121 m / 0.030 rad max=0.414 m / 0.167 rad samples=3465
[component_container-9] [INFO] [1788993966.152306870] [pure_pursuit_node]: Pure Pursuit: pose=(-5.231, 6.609, 0.905) cte=0.009 closest=2154 target=2199 path_dist=0.009 heading_err=0.053 steer=-0.110 speed=2.856
[gpu_amcl_cpp_node-6] [INFO] [1788993966.202594598] [gpu_amcl_cpp]: Received LiDAR callback #1757 (1081 ranges).
[gpu_amcl_cpp_node-6] [INFO] [1788993966.202662956] [gpu_amcl_cpp]: Starting AMCL scan update #1757 (sampled from 1081 ranges).
[gpu_amcl_cpp_node-6] [INFO] [1788993966.301657321] [gpu_amcl_cpp]: AMCL scan update #1759 completed; evaluating pose confidence.
[gpu_amcl_cpp_node-6] [INFO] [1788993966.554861368] [gpu_amcl_cpp]: AMCL local correction: odom_prediction=(-4.450, 7.337, 0.464) scan=(-4.451, 7.342, 0.485) correction=0.006 m/0.020 rad cluster_weight=0.995 publish=true
[gpu_amcl_cpp_node-6] [INFO] [1788993966.701999584] [gpu_amcl_cpp]: AMCL odom delta: at_scan=(-4.235, -5.340, 1.851) baseline=(-4.185, -5.494, 1.915) delta=(-0.050, 0.154, -0.064) moved=true scan_age=0.050s
[ground_truth_amcl_monitor-7] [INFO] [1788993966.802599095] [ground_truth_amcl_monitor]: AMCL vs GT: gt=(-3.664, 7.615) amcl=(-3.850, 7.564) error=0.192 m / 0.072 rad; current_map=(-3.687, 7.593, 0.137) error=0.032 m / 0.000 rad; odom=(-4.217, 7.462, 0.137) error=0.574 m / 0.000 rad; ekf=(-4.379, 7.433, 0.209) error=0.738 m / 0.072 rad; RMS=0.121 m / 0.031 rad max=0.414 m / 0.167 rad samples=3506
[component_container-9] [INFO] [1788993967.199649231] [pure_pursuit_node]: Pure Pursuit: pose=(-2.177, 7.374, -0.457) cte=-0.030 closest=2324 target=2371 path_dist=0.030 heading_err=0.023 steer=-0.107 speed=3.707
[gpu_amcl_cpp_node-6] [WARN] [1788993967.351694576] [gpu_amcl_cpp]: Queued LiDAR scan until source-time odometry arrives (queued=1).
[gpu_amcl_cpp_node-6] [INFO] [1788993967.555832391] [gpu_amcl_cpp]: AMCL local correction: odom_prediction=(-1.270, 6.736, -0.788) scan=(-1.270, 6.741, -0.782) correction=0.005 m/0.006 rad cluster_weight=0.967 publish=true
[gpu_amcl_cpp_node-6] [INFO] [1788993967.702480906] [gpu_amcl_cpp]: AMCL odom delta: at_scan=(-2.987, -2.245, 0.663) baseline=(-3.133, -2.363, 0.697) delta=(0.146, 0.118, -0.034) moved=true scan_age=0.051s
[ground_truth_amcl_monitor-7] [INFO] [1788993967.803194231] [ground_truth_amcl_monitor]: AMCL vs GT: gt=(-0.674, 6.001) amcl=(-0.787, 6.173) error=0.206 m / 0.027 rad; current_map=(-0.677, 6.018, -0.966) error=0.017 m / 0.000 rad; odom=(-1.217, 5.836, -0.966) error=0.568 m / 0.000 rad; ekf=(-1.217, 5.836, -0.966) error=0.568 m / 0.000 rad; RMS=0.121 m / 0.031 rad max=0.414 m / 0.167 rad samples=3546
[component_container-9] [INFO] [1788993968.202571419] [pure_pursuit_node]: Pure Pursuit: pose=(0.144, 4.475, -1.164) cte=-0.002 closest=2513 target=2561 path_dist=0.002 heading_err=-0.002 steer=-0.028 speed=3.955
[gpu_amcl_cpp_node-6] [INFO] [1788993968.556740665] [gpu_amcl_cpp]: AMCL local correction: odom_prediction=(0.556, 3.386, -1.249) scan=(0.557, 3.329, -1.255) correction=0.056 m/0.006 rad cluster_weight=0.959 publish=true
[gpu_amcl_cpp_node-6] [INFO] [1788993968.703732365] [gpu_amcl_cpp]: AMCL odom delta: at_scan=(0.534, -0.601, 0.290) baseline=(0.344, -0.659, 0.300) delta=(0.190, 0.058, -0.009) moved=true scan_age=0.050s
[ground_truth_amcl_monitor-7] [INFO] [1788993968.805658238] [ground_truth_amcl_monitor]: AMCL vs GT: gt=(0.853, 2.415) amcl=(0.789, 2.601) error=0.197 m / 0.011 rad; current_map=(0.842, 2.412, -1.303) error=0.011 m / 0.000 rad; odom=(0.308, 2.246, -1.303) error=0.571 m / 0.000 rad; ekf=(0.308, 2.246, -1.303) error=0.571 m / 0.000 rad; RMS=0.121 m / 0.030 rad max=0.414 m / 0.167 rad samples=3586
[component_container-9] [INFO] [1788993969.249494654] [pure_pursuit_node]: Pure Pursuit: pose=(1.216, 0.638, -1.440) cte=0.003 closest=127 target=175 path_dist=0.003 heading_err=0.018 steer=-0.009 speed=3.947
[gpu_amcl_cpp_node-6] [WARN] [1788993969.354702494] [gpu_amcl_cpp]: No local AMCL cluster near odometry prediction; using causal odometry pose.
[gpu_amcl_cpp_node-6] [INFO] [1788993969.605896424] [gpu_amcl_cpp]: AMCL local correction: odom_prediction=(1.338, -0.548, -1.504) scan=(1.351, -0.638, -1.497) correction=0.091 m/0.006 rad cluster_weight=0.949 publish=true
[gpu_amcl_cpp_node-6] [INFO] [1788993969.752635980] [gpu_amcl_cpp]: AMCL odom delta: at_scan=(4.595, 0.052, 0.024) baseline=(4.399, 0.046, 0.037) delta=(0.195, 0.006, -0.014) moved=true scan_age=0.050s
[ground_truth_amcl_monitor-7] [INFO] [1788993969.808853680] [ground_truth_amcl_monitor]: AMCL vs GT: gt=(1.404, -1.461) amcl=(1.397, -1.448) error=0.014 m / 0.000 rad; current_map=(1.390, -1.445, -1.564) error=0.021 m / 0.000 rad; odom=(0.856, -1.635, -1.564) error=0.575 m / 0.000 rad; ekf=(0.856, -1.635, -1.564) error=0.575 m / 0.000 rad; RMS=0.123 m / 0.030 rad max=0.414 m / 0.167 rad samples=3627
[component_container-9] [INFO] [1788993970.251687231] [pure_pursuit_node]: Pure Pursuit: pose=(1.240, -3.338, -1.704) cte=-0.009 closest=326 target=374 path_dist=0.009 heading_err=0.011 steer=-0.012 speed=3.932
[gpu_amcl_cpp_node-6] [WARN] [1788993970.501599994] [gpu_amcl_cpp]: Queued LiDAR scan until source-time odometry arrives (queued=1).
[gpu_amcl_cpp_node-6] [INFO] [1788993970.654828613] [gpu_amcl_cpp]: AMCL local correction: odom_prediction=(1.036, -4.683, -1.745) scan=(1.038, -4.677, -1.742) correction=0.006 m/0.002 rad cluster_weight=0.971 publish=true
[gpu_amcl_cpp_node-6] [INFO] [1788993970.794327143] [gpu_amcl_cpp]: AMCL odom delta: at_scan=(8.511, -0.414, -0.202) baseline=(8.261, -0.365, -0.184) delta=(0.250, -0.049, -0.019) moved=true scan_age=0.092s
[ground_truth_amcl_monitor-7] [INFO] [1788993970.851464782] [ground_truth_amcl_monitor]: AMCL vs GT: gt=(0.869, -5.514) amcl=(0.943, -5.138) error=0.383 m / 0.005 rad; current_map=(0.863, -5.524, -1.778) error=0.012 m / 0.000 rad; odom=(0.306, -5.739, -1.778) error=0.606 m / 0.000 rad; ekf=(0.306, -5.739, -1.778) error=0.606 m / 0.000 rad; RMS=0.124 m / 0.030 rad max=0.422 m / 0.167 rad samples=3666
[gpu_amcl_cpp_node-6] [INFO] [1788993971.203360857] [gpu_amcl_cpp]: Received LiDAR callback #1859 (1081 ranges).
[gpu_amcl_cpp_node-6] [INFO] [1788993971.203441638] [gpu_amcl_cpp]: Starting AMCL scan update #1859 (sampled from 1081 ranges).
[component_container-9] [INFO] [1788993971.301549879] [pure_pursuit_node]: Pure Pursuit: pose=(0.474, -7.341, -1.816) cte=-0.002 closest=530 target=579 path_dist=0.002 heading_err=0.009 steer=-0.010 speed=3.909
[gpu_amcl_cpp_node-6] [INFO] [1788993971.303814063] [gpu_amcl_cpp]: AMCL scan update #1861 completed; evaluating pose confidence.
[gpu_amcl_cpp_node-6] [INFO] [1788993971.704865347] [gpu_amcl_cpp]: AMCL local correction: odom_prediction=(0.109, -8.638, -1.933) scan=(0.111, -8.643, -1.924) correction=0.005 m/0.009 rad cluster_weight=0.987 publish=true
[gpu_amcl_cpp_node-6] [INFO] [1788993971.802146824] [gpu_amcl_cpp]: AMCL odom delta: at_scan=(12.289, -1.379, -0.424) baseline=(12.161, -1.323, -0.396) delta=(0.129, -0.056, -0.029) moved=true scan_age=0.050s
[ground_truth_amcl_monitor-7] [INFO] [1788993971.852818924] [ground_truth_amcl_monitor]: AMCL vs GT: gt=(-0.086, -9.100) amcl=(-0.008, -8.932) error=0.185 m / 0.029 rad; current_map=(-0.060, -9.045, -2.024) error=0.061 m / 0.000 rad; odom=(-0.631, -9.243, -2.024) error=0.563 m / 0.000 rad; ekf=(-0.631, -9.243, -2.024) error=0.563 m / 0.000 rad; RMS=0.125 m / 0.030 rad max=0.422 m / 0.167 rad samples=3706
[component_container-9] [INFO] [1788993972.351268916] [pure_pursuit_node]: Pure Pursuit: pose=(-0.891, -10.022, -2.663) cte=-0.012 closest=685 target=730 path_dist=0.012 heading_err=-0.093 steer=-0.320 speed=2.519
[gpu_amcl_cpp_node-6] [INFO] [1788993972.754792897] [gpu_amcl_cpp]: AMCL local correction: odom_prediction=(-1.701, -10.115, 2.867) scan=(-1.709, -10.110, 2.880) correction=0.010 m/0.013 rad cluster_weight=0.994 publish=true
[gpu_amcl_cpp_node-6] [INFO] [1788993972.802194682] [gpu_amcl_cpp]: AMCL odom delta: at_scan=(13.348, -3.169, -1.943) baseline=(13.386, -3.057, -1.846) delta=(-0.038, -0.112, -0.098) moved=true scan_age=0.050s
[ground_truth_amcl_monitor-7] [INFO] [1788993972.853634255] [ground_truth_amcl_monitor]: AMCL vs GT: gt=(-1.925, -10.054) amcl=(-1.820, -10.070) error=0.105 m / 0.097 rad; current_map=(-1.930, -10.021, 2.672) error=0.034 m / 0.000 rad; odom=(-2.477, -10.141, 2.672) error=0.560 m / 0.000 rad; ekf=(-2.477, -10.141, 2.672) error=0.560 m / 0.000 rad; RMS=0.125 m / 0.031 rad max=0.422 m / 0.167 rad samples=3746
[component_container-9] [INFO] [1788993973.398539333] [pure_pursuit_node]: Pure Pursuit: pose=(-2.900, -8.718, 1.903) cte=-0.021 closest=819 target=866 path_dist=0.021 heading_err=0.033 steer=-0.075 speed=3.739
[gpu_amcl_cpp_node-6] [INFO] [1788993973.802266606] [gpu_amcl_cpp]: AMCL odom delta: at_scan=(10.696, -4.497, -3.080) baseline=(10.888, -4.483, -3.050) delta=(-0.192, -0.015, -0.030) moved=true scan_age=0.051s
[gpu_amcl_cpp_node-6] [INFO] [1788993973.805002957] [gpu_amcl_cpp]: AMCL local correction: odom_prediction=(-3.142, -7.438, 1.632) scan=(-3.142, -7.453, 1.642) correction=0.015 m/0.009 rad cluster_weight=0.986 publish=true
[ground_truth_amcl_monitor-7] [INFO] [1788993973.855756751] [ground_truth_amcl_monitor]: AMCL vs GT: gt=(-3.157, -7.253) amcl=(-3.152, -7.254) error=0.005 m / 0.000 rad; current_map=(-3.152, -7.249, 1.606) error=0.006 m / 0.000 rad; odom=(-3.706, -7.341, 1.606) error=0.556 m / 0.000 rad; ekf=(-3.706, -7.341, 1.606) error=0.556 m / 0.000 rad; RMS=0.125 m / 0.031 rad max=0.422 m / 0.167 rad samples=3787
[gpu_amcl_cpp_node-6] [WARN] [1788993974.002738272] [gpu_amcl_cpp]: Queued LiDAR scan until source-time odometry arrives (queued=1).
[component_container-9] [INFO] [1788993974.403521993] [pure_pursuit_node]: Pure Pursuit: pose=(-2.863, -4.950, 1.303) cte=-0.002 closest=1010 target=1059 path_dist=0.002 heading_err=-0.014 steer=-0.014 speed=3.905
[gpu_amcl_cpp_node-6] [INFO] [1788993974.803547010] [gpu_amcl_cpp]: AMCL odom delta: at_scan=(6.870, -3.846, 2.868) baseline=(7.063, -3.900, 2.867) delta=(-0.192, 0.054, 0.001) moved=true scan_age=0.051s
[gpu_amcl_cpp_node-6] [INFO] [1788993974.806830599] [gpu_amcl_cpp]: AMCL local correction: odom_prediction=(-2.497, -3.644, 1.297) scan=(-2.506, -3.657, 1.284) correction=0.016 m/0.013 rad cluster_weight=0.946 publish=true
[ground_truth_amcl_monitor-7] [INFO] [1788993974.858130579] [ground_truth_amcl_monitor]: AMCL vs GT: gt=(-2.443, -3.428) amcl=(-2.442, -3.452) error=0.024 m / 0.000 rad; current_map=(-2.447, -3.458, 1.291) error=0.030 m / 0.000 rad; odom=(-2.991, -3.519, 1.291) error=0.555 m / 0.000 rad; ekf=(-2.991, -3.519, 1.291) error=0.555 m / 0.000 rad; RMS=0.125 m / 0.031 rad max=0.422 m / 0.167 rad samples=3827
[component_container-9] [INFO] [1788993975.452926180] [pure_pursuit_node]: Pure Pursuit: pose=(-1.769, -0.951, 1.334) cte=0.002 closest=1218 target=1266 path_dist=0.002 heading_err=0.002 steer=0.013 speed=3.967
[gpu_amcl_cpp_node-6] [INFO] [1788993975.804359254] [gpu_amcl_cpp]: AMCL odom delta: at_scan=(3.033, -2.874, 2.942) baseline=(3.228, -2.914, 2.938) delta=(-0.195, 0.040, 0.004) moved=true scan_age=0.050s
[gpu_amcl_cpp_node-6] [INFO] [1788993975.808041413] [gpu_amcl_cpp]: AMCL local correction: odom_prediction=(-1.519, 0.215, 1.371) scan=(-1.519, 0.184, 1.359) correction=0.032 m/0.013 rad cluster_weight=0.947 publish=true
[ground_truth_amcl_monitor-7] [INFO] [1788993975.860025769] [ground_truth_amcl_monitor]: AMCL vs GT: gt=(-1.485, 0.413) amcl=(-1.480, 0.407) error=0.008 m / 0.000 rad; current_map=(-1.480, 0.396, 1.378) error=0.018 m / 0.000 rad; odom=(-2.034, 0.322, 1.378) error=0.557 m / 0.000 rad; ekf=(-2.034, 0.322, 1.378) error=0.557 m / 0.000 rad; RMS=0.125 m / 0.030 rad max=0.422 m / 0.167 rad samples=3867
[gpu_amcl_cpp_node-6] [INFO] [1788993976.253463608] [gpu_amcl_cpp]: Received LiDAR callback #1960 (1081 ranges).
[gpu_amcl_cpp_node-6] [INFO] [1788993976.253542136] [gpu_amcl_cpp]: Starting AMCL scan update #1960 (sampled from 1081 ranges).
[gpu_amcl_cpp_node-6] [INFO] [1788993976.304825444] [gpu_amcl_cpp]: AMCL scan update #1961 completed; evaluating pose confidence.
[component_container-9] [INFO] [1788993976.453206485] [pure_pursuit_node]: Pure Pursuit: pose=(-1.287, 2.535, 1.702) cte=-0.005 closest=1394 target=1440 path_dist=0.005 heading_err=-0.015 steer=0.117 speed=1.994
[gpu_amcl_cpp_node-6] [WARN] [1788993976.800779617] [gpu_amcl_cpp]: Queued LiDAR scan until source-time odometry arrives (queued=1).
[gpu_amcl_cpp_node-6] [INFO] [1788993976.805393216] [gpu_amcl_cpp]: AMCL odom delta: at_scan=(0.269, -2.768, -2.768) baseline=(0.314, -2.752, -2.816) delta=(-0.045, -0.016, 0.048) moved=true scan_age=0.053s
[gpu_amcl_cpp_node-6] [INFO] [1788993976.809144785] [gpu_amcl_cpp]: AMCL local correction: odom_prediction=(-1.406, 3.081, 1.944) scan=(-1.417, 3.110, 1.935) correction=0.031 m/0.009 rad cluster_weight=0.980 publish=true
[ground_truth_amcl_monitor-7] [INFO] [1788993976.902281784] [ground_truth_amcl_monitor]: AMCL vs GT: gt=(-1.518, 3.301) amcl=(-1.446, 3.179) error=0.142 m / 0.056 rad; current_map=(-1.488, 3.266, 2.047) error=0.046 m / 0.000 rad; odom=(-1.995, 2.955, 1.991) error=0.590 m / 0.056 rad; ekf=(-1.995, 2.955, 1.991) error=0.590 m / 0.056 rad; RMS=0.125 m / 0.030 rad max=0.422 m / 0.167 rad samples=3906
[component_container-9] [INFO] [1788993977.483593178] [pure_pursuit_node]: Pure Pursuit: pose=(-2.422, 3.901, -2.990) cte=0.055 closest=1492 target=1536 path_dist=0.055 heading_err=-0.007 steer=0.429 speed=1.752
[gpu_amcl_cpp_node-6] [INFO] [1788993977.836196392] [gpu_amcl_cpp]: AMCL odom delta: at_scan=(-0.235, -4.229, -0.796) baseline=(-0.295, -4.161, -0.902) delta=(0.060, -0.068, 0.105) moved=true scan_age=0.054s
[gpu_amcl_cpp_node-6] [INFO] [1788993977.840497613] [gpu_amcl_cpp]: AMCL local correction: odom_prediction=(-2.811, 3.665, -2.367) scan=(-2.795, 3.648, -2.379) correction=0.023 m/0.012 rad cluster_weight=0.982 publish=true
[ground_truth_amcl_monitor-7] [INFO] [1788993977.906215724] [ground_truth_amcl_monitor]: AMCL vs GT: gt=(-2.881, 3.555) amcl=(-2.803, 3.657) error=0.129 m / 0.134 rad; current_map=(-2.887, 3.563, -2.234) error=0.010 m / 0.000 rad; odom=(-3.512, 3.300, -2.234) error=0.681 m / 0.000 rad; ekf=(-3.512, 3.300, -2.234) error=0.681 m / 0.000 rad; RMS=0.125 m / 0.031 rad max=0.422 m / 0.167 rad samples=3940
[component_container-9] [INFO] [1788993978.502210448] [pure_pursuit_node]: Pure Pursuit: pose=(-3.223, 1.994, -1.676) cte=0.004 closest=1602 target=1648 path_dist=0.004 heading_err=-0.018 steer=-0.006 speed=3.555
[gpu_amcl_cpp_node-6] [INFO] [1788993978.855685810] [gpu_amcl_cpp]: AMCL odom delta: at_scan=(2.436, -4.804, -0.175) baseline=(2.206, -4.768, -0.135) delta=(0.230, -0.036, -0.041) moved=true scan_age=0.054s
[gpu_amcl_cpp_node-6] [INFO] [1788993978.859175487] [gpu_amcl_cpp]: AMCL local correction: odom_prediction=(-3.354, 0.991, -1.746) scan=(-3.354, 0.994, -1.731) correction=0.004 m/0.015 rad cluster_weight=0.968 publish=true
[ground_truth_amcl_monitor-7] [INFO] [1788993978.909795680] [ground_truth_amcl_monitor]: AMCL vs GT: gt=(-3.402, 0.788) amcl=(-3.354, 0.992) error=0.210 m / 0.052 rad; current_map=(-3.387, 0.831, -1.798) error=0.046 m / 0.000 rad; odom=(-4.036, 0.561, -1.798) error=0.673 m / 0.000 rad; ekf=(-4.036, 0.561, -1.798) error=0.673 m / 0.000 rad; RMS=0.125 m / 0.031 rad max=0.422 m / 0.167 rad samples=3974
[component_container-9] [INFO] [1788993979.503322346] [pure_pursuit_node]: Pure Pursuit: pose=(-3.992, -0.226, -2.471) cte=0.007 closest=1723 target=1766 path_dist=0.007 heading_err=-0.047 steer=-0.275 speed=1.970
[gpu_amcl_cpp_node-6] [INFO] [1788993979.857055012] [gpu_amcl_cpp]: AMCL odom delta: at_scan=(3.847, -5.966, -1.423) baseline=(3.827, -5.868, -1.319) delta=(0.020, -0.099, -0.104) moved=true scan_age=0.053s
[gpu_amcl_cpp_node-6] [INFO] [1788993979.860015835] [gpu_amcl_cpp]: AMCL local correction: odom_prediction=(-4.507, -0.496, -2.994) scan=(-4.502, -0.513, -2.969) correction=0.017 m/0.025 rad cluster_weight=0.985 publish=true
[ground_truth_amcl_monitor-7] [INFO] [1788993979.913185197] [ground_truth_amcl_monitor]: AMCL vs GT: gt=(-4.629, -0.498) amcl=(-4.504, -0.504) error=0.125 m / 0.110 rad; current_map=(-4.608, -0.514, -3.103) error=0.026 m / 0.000 rad; odom=(-5.269, -0.698, -3.103) error=0.671 m / 0.000 rad; ekf=(-5.269, -0.698, -3.103) error=0.671 m / 0.000 rad; RMS=0.124 m / 0.032 rad max=0.422 m / 0.167 rad samples=4008
[component_container-9] [INFO] [1788993980.508704618] [pure_pursuit_node]: Pure Pursuit: pose=(-5.621, 0.188, 2.037) cte=-0.029 closest=1821 target=1865 path_dist=0.029 heading_err=0.011 steer=-0.114 speed=2.988
[gpu_amcl_cpp_node-6] [INFO] [1788993980.879173760] [gpu_amcl_cpp]: AMCL odom delta: at_scan=(2.256, -7.404, -2.924) baseline=(2.493, -7.348, -2.896) delta=(-0.237, -0.056, -0.028) moved=true scan_age=0.052s
[gpu_amcl_cpp_node-6] [INFO] [1788993980.882478590] [gpu_amcl_cpp]: AMCL local correction: odom_prediction=(-5.928, 1.074, 1.788) scan=(-5.924, 1.062, 1.787) correction=0.013 m/0.002 rad cluster_weight=0.955 publish=true
[ground_truth_amcl_monitor-7] [INFO] [1788993980.932426309] [ground_truth_amcl_monitor]: AMCL vs GT: gt=(-5.984, 1.295) amcl=(-5.926, 1.068) error=0.234 m / 0.016 rad; current_map=(-5.965, 1.251, 1.772) error=0.048 m / 0.000 rad; odom=(-6.642, 1.086, 1.772) error=0.691 m / 0.000 rad; ekf=(-6.642, 1.086, 1.772) error=0.691 m / 0.000 rad; RMS=0.125 m / 0.032 rad max=0.422 m / 0.167 rad samples=4042
[gpu_amcl_cpp_node-6] [INFO] [1788993981.281362913] [gpu_amcl_cpp]: Received LiDAR callback #2048 (1081 ranges).
[gpu_amcl_cpp_node-6] [INFO] [1788993981.281461989] [gpu_amcl_cpp]: Starting AMCL scan update #2048 (sampled from 1081 ranges).
[gpu_amcl_cpp_node-6] [INFO] [1788993981.334503442] [gpu_amcl_cpp]: AMCL scan update #2049 completed; evaluating pose confidence.
[component_container-9] [INFO] [1788993981.509169290] [pure_pursuit_node]: Pure Pursuit: pose=(-6.161, 3.662, 1.536) cte=-0.010 closest=1997 target=2046 path_dist=0.010 heading_err=-0.017 steer=-0.071 speed=3.871
[gpu_amcl_cpp_node-6] [INFO] [1788993981.879387501] [gpu_amcl_cpp]: AMCL odom delta: at_scan=(-1.569, -7.440, 2.914) baseline=(-1.308, -7.498, 2.931) delta=(-0.260, 0.058, -0.018) moved=true scan_age=0.052s
[gpu_amcl_cpp_node-6] [INFO] [1788993981.882686630] [gpu_amcl_cpp]: AMCL local correction: odom_prediction=(-5.985, 4.878, 1.343) scan=(-5.983, 4.889, 1.343) correction=0.011 m/0.000 rad cluster_weight=0.984 publish=true
[ground_truth_amcl_monitor-7] [INFO] [1788993981.934197196] [ground_truth_amcl_monitor]: AMCL vs GT: gt=(-5.938, 5.134) amcl=(-5.984, 4.883) error=0.255 m / 0.016 rad; current_map=(-5.936, 5.081, 1.327) error=0.053 m / 0.000 rad; odom=(-6.592, 4.925, 1.327) error=0.686 m / 0.000 rad; ekf=(-6.592, 4.925, 1.327) error=0.686 m / 0.000 rad; RMS=0.125 m / 0.032 rad max=0.422 m / 0.167 rad samples=4076
[component_container-9] [INFO] [1788993982.531246892] [pure_pursuit_node]: Pure Pursuit: pose=(-5.089, 6.782, 0.843) cte=0.013 closest=2165 target=2211 path_dist=0.013 heading_err=0.018 steer=-0.132 speed=2.856
[gpu_amcl_cpp_node-6] [INFO] [1788993982.884410738] [gpu_amcl_cpp]: AMCL odom delta: at_scan=(-3.953, -5.866, 2.052) baseline=(-3.869, -6.013, 2.124) delta=(-0.084, 0.147, -0.072) moved=true scan_age=0.054s
[gpu_amcl_cpp_node-6] [INFO] [1788993982.888003429] [gpu_amcl_cpp]: AMCL local correction: odom_prediction=(-4.404, 7.352, 0.482) scan=(-4.418, 7.359, 0.506) correction=0.016 m/0.025 rad cluster_weight=0.996 publish=true
[ground_truth_amcl_monitor-7] [INFO] [1788993982.955181162] [ground_truth_amcl_monitor]: AMCL vs GT: gt=(-4.168, 7.488) amcl=(-4.411, 7.356) error=0.277 m / 0.112 rad; current_map=(-4.199, 7.452, 0.369) error=0.048 m / 0.000 rad; odom=(-4.853, 7.208, 0.369) error=0.740 m / 0.000 rad; ekf=(-5.065, 7.112, 0.482) error=0.973 m / 0.112 rad; RMS=0.126 m / 0.032 rad max=0.422 m / 0.167 rad samples=4110
[component_container-9] [INFO] [1788993983.552153523] [pure_pursuit_node]: Pure Pursuit: pose=(-2.056, 7.317, -0.526) cte=-0.032 closest=2331 target=2378 path_dist=0.032 heading_err=0.051 steer=-0.088 speed=3.697
[gpu_amcl_cpp_node-6] [INFO] [1788993983.905853728] [gpu_amcl_cpp]: AMCL odom delta: at_scan=(-3.181, -2.636, 0.755) baseline=(-3.363, -2.820, 0.826) delta=(0.183, 0.185, -0.071) moved=true scan_age=0.054s
[gpu_amcl_cpp_node-6] [INFO] [1788993983.909487756] [gpu_amcl_cpp]: AMCL local correction: odom_prediction=(-1.181, 6.651, -0.816) scan=(-1.200, 6.673, -0.806) correction=0.029 m/0.010 rad cluster_weight=0.976 publish=true
[ground_truth_amcl_monitor-7] [INFO] [1788993983.960687979] [ground_truth_amcl_monitor]: AMCL vs GT: gt=(-1.032, 6.481) amcl=(-1.191, 6.662) error=0.240 m / 0.052 rad; current_map=(-1.055, 6.510, -0.868) error=0.037 m / 0.000 rad; odom=(-1.700, 6.187, -0.868) error=0.729 m / 0.000 rad; ekf=(-1.700, 6.187, -0.868) error=0.729 m / 0.000 rad; RMS=0.126 m / 0.032 rad max=0.422 m / 0.167 rad samples=4144
[component_container-9] [INFO] [1788993984.552780941] [pure_pursuit_node]: Pure Pursuit: pose=(0.179, 4.390, -1.203) cte=-0.000 closest=2518 target=2566 path_dist=0.000 heading_err=0.030 steer=-0.004 speed=3.967
[gpu_amcl_cpp_node-6] [INFO] [1788993984.958946997] [gpu_amcl_cpp]: AMCL odom delta: at_scan=(0.422, -0.797, 0.274) baseline=(0.225, -0.856, 0.307) delta=(0.197, 0.059, -0.033) moved=true scan_age=0.055s
[gpu_amcl_cpp_node-6] [INFO] [1788993984.962170353] [gpu_amcl_cpp]: AMCL local correction: odom_prediction=(0.662, 3.051, -1.297) scan=(0.668, 3.056, -1.297) correction=0.007 m/0.000 rad cluster_weight=0.913 publish=true
[ground_truth_amcl_monitor-7] [INFO] [1788993984.965492976] [ground_truth_amcl_monitor]: AMCL vs GT: gt=(0.673, 3.035) amcl=(0.665, 3.054) error=0.021 m / 0.000 rad; current_map=(0.662, 3.051, -1.297) error=0.020 m / 0.000 rad; odom=(0.004, 2.736, -1.297) error=0.733 m / 0.000 rad; ekf=(0.004, 2.736, -1.297) error=0.733 m / 0.000 rad; RMS=0.127 m / 0.032 rad max=0.422 m / 0.167 rad samples=4179
[component_container-9] [INFO] [1788993985.583565172] [pure_pursuit_node]: Pure Pursuit: pose=(1.216, 0.541, -1.495) cte=0.017 closest=132 target=180 path_dist=0.017 heading_err=0.066 steer=0.034 speed=3.867
[gpu_amcl_cpp_node-6] [WARN] [1788993985.784239549] [gpu_amcl_cpp]: No local AMCL cluster near odometry prediction; using causal odometry pose.
[gpu_amcl_cpp_node-6] [INFO] [1788993985.962443185] [gpu_amcl_cpp]: AMCL odom delta: at_scan=(4.248, -0.074, 0.098) baseline=(4.039, -0.099, 0.132) delta=(0.209, 0.024, -0.034) moved=true scan_age=0.056s
[gpu_amcl_cpp_node-6] [INFO] [1788993985.965897155] [gpu_amcl_cpp]: AMCL local correction: odom_prediction=(1.360, -0.729, -1.473) scan=(1.369, -0.767, -1.458) correction=0.039 m/0.015 rad cluster_weight=0.952 publish=true
[ground_truth_amcl_monitor-7] [INFO] [1788993985.969429783] [ground_truth_amcl_monitor]: AMCL vs GT: gt=(1.397, -0.787) amcl=(1.365, -0.748) error=0.051 m / 0.000 rad; current_map=(1.360, -0.729, -1.473) error=0.069 m / 0.000 rad; odom=(0.726, -1.090, -1.473) error=0.736 m / 0.000 rad; ekf=(0.726, -1.090, -1.473) error=0.736 m / 0.000 rad; RMS=0.128 m / 0.032 rad max=0.422 m / 0.167 rad samples=4211
[gpu_amcl_cpp_node-6] [INFO] [1788993986.332244874] [gpu_amcl_cpp]: Received LiDAR callback #2132 (1081 ranges).
[gpu_amcl_cpp_node-6] [INFO] [1788993986.332354981] [gpu_amcl_cpp]: Starting AMCL scan update #2132 (sampled from 1081 ranges).
[gpu_amcl_cpp_node-6] [INFO] [1788993986.391358285] [gpu_amcl_cpp]: AMCL scan update #2133 completed; evaluating pose confidence.
[component_container-9] [INFO] [1788993986.633132015] [pure_pursuit_node]: Pure Pursuit: pose=(1.205, -3.543, -1.788) cte=0.001 closest=337 target=385 path_dist=0.001 heading_err=0.087 steer=0.048 speed=3.980
[gpu_amcl_cpp_node-6] [INFO] [1788993987.003276278] [gpu_amcl_cpp]: AMCL odom delta: at_scan=(8.256, -0.459, -0.123) baseline=(7.977, -0.426, -0.113) delta=(0.279, -0.033, -0.010) moved=true scan_age=0.051s
[ground_truth_amcl_monitor-7] [INFO] [1788993987.003715503] [ground_truth_amcl_monitor]: AMCL vs GT: gt=(1.014, -4.791) amcl=(1.058, -4.447) error=0.347 m / 0.010 rad; current_map=(1.025, -4.726, -1.694) error=0.066 m / 0.000 rad; odom=(0.375, -4.819, -1.684) error=0.640 m / 0.010 rad; ekf=(0.375, -4.819, -1.684) error=0.640 m / 0.010 rad; RMS=0.129 m / 0.032 rad max=0.422 m / 0.167 rad samples=4244
[gpu_amcl_cpp_node-6] [INFO] [1788993987.006222333] [gpu_amcl_cpp]: AMCL local correction: odom_prediction=(1.025, -4.726, -1.694) scan=(1.031, -4.706, -1.694) correction=0.021 m/0.001 rad cluster_weight=0.950 publish=true
[gpu_amcl_cpp_node-6] [WARN] [1788993987.057378834] [gpu_amcl_cpp]: Queued LiDAR scan until source-time odometry arrives (queued=1).
[component_container-9] [INFO] [1788993987.702409283] [pure_pursuit_node]: Pure Pursuit: pose=(0.415, -7.615, -1.852) cte=-0.009 closest=544 target=592 path_dist=0.009 heading_err=0.039 steer=-0.005 speed=3.816
[gpu_amcl_cpp_node-6] [INFO] [1788993988.054028448] [gpu_amcl_cpp]: AMCL odom delta: at_scan=(12.191, -1.400, -0.341) baseline=(11.976, -1.328, -0.301) delta=(0.216, -0.072, -0.040) moved=true scan_age=0.052s
[ground_truth_amcl_monitor-7] [INFO] [1788993988.054948857] [ground_truth_amcl_monitor]: AMCL vs GT: gt=(0.072, -8.739) amcl=(0.172, -8.443) error=0.312 m / 0.040 rad; current_map=(0.101, -8.659, -1.912) error=0.085 m / 0.000 rad; odom=(-0.528, -8.817, -1.872) error=0.605 m / 0.040 rad; ekf=(-0.528, -8.817, -1.872) error=0.605 m / 0.040 rad; RMS=0.130 m / 0.032 rad max=0.422 m / 0.167 rad samples=4280
[gpu_amcl_cpp_node-6] [INFO] [1788993988.057447743] [gpu_amcl_cpp]: AMCL local correction: odom_prediction=(0.101, -8.659, -1.912) scan=(0.099, -8.677, -1.898) correction=0.018 m/0.014 rad cluster_weight=0.982 publish=true
[component_container-9] [INFO] [1788993988.751888241] [pure_pursuit_node]: Pure Pursuit: pose=(-1.030, -10.087, -2.848) cte=-0.030 closest=692 target=737 path_dist=0.030 heading_err=-0.030 steer=-0.282 speed=2.466
[gpu_amcl_cpp_node-6] [INFO] [1788993989.103648341] [gpu_amcl_cpp]: AMCL odom delta: at_scan=(13.522, -3.231, -1.874) baseline=(13.561, -3.071, -1.740) delta=(-0.038, -0.160, -0.135) moved=true scan_age=0.052s
[ground_truth_amcl_monitor-7] [INFO] [1788993989.104129335] [ground_truth_amcl_monitor]: AMCL vs GT: gt=(-1.743, -10.119) amcl=(-1.579, -10.134) error=0.165 m / 0.135 rad; current_map=(-1.738, -10.096, 2.838) error=0.023 m / 0.000 rad; odom=(-2.430, -10.364, 2.838) error=0.730 m / 0.000 rad; ekf=(-2.271, -10.403, 2.973) error=0.599 m / 0.135 rad; RMS=0.130 m / 0.032 rad max=0.422 m / 0.167 rad samples=4316
[gpu_amcl_cpp_node-6] [INFO] [1788993989.107044903] [gpu_amcl_cpp]: AMCL local correction: odom_prediction=(-1.738, -10.096, 2.838) scan=(-1.745, -10.087, 2.851) correction=0.011 m/0.013 rad cluster_weight=0.991 publish=true
[component_container-9] [INFO] [1788993989.756226703] [pure_pursuit_node]: Pure Pursuit: pose=(-2.922, -8.635, 1.893) cte=-0.012 closest=824 target=870 path_dist=0.012 heading_err=0.022 steer=-0.076 speed=3.788
[gpu_amcl_cpp_node-6] [INFO] [1788993990.110207896] [gpu_amcl_cpp]: AMCL odom delta: at_scan=(10.947, -4.636, -3.060) baseline=(11.155, -4.614, -3.019) delta=(-0.207, -0.021, -0.041) moved=true scan_age=0.054s
[ground_truth_amcl_monitor-7] [INFO] [1788993990.111039168] [ground_truth_amcl_monitor]: AMCL vs GT: gt=(-3.145, -7.540) amcl=(-3.115, -7.755) error=0.217 m / 0.041 rad; current_map=(-3.137, -7.548, 1.653) error=0.011 m / 0.000 rad; odom=(-3.835, -7.789, 1.653) error=0.734 m / 0.000 rad; ekf=(-3.814, -7.996, 1.693) error=0.810 m / 0.041 rad; RMS=0.130 m / 0.033 rad max=0.422 m / 0.167 rad samples=4350
[gpu_amcl_cpp_node-6] [INFO] [1788993990.114246835] [gpu_amcl_cpp]: AMCL local correction: odom_prediction=(-3.137, -7.548, 1.653) scan=(-3.133, -7.564, 1.673) correction=0.016 m/0.021 rad cluster_weight=0.991 publish=true
[component_container-9] [INFO] [1788993990.776886171] [pure_pursuit_node]: Pure Pursuit: pose=(-2.802, -4.778, 1.276) cte=0.008 closest=1019 target=1068 path_dist=0.008 heading_err=0.004 steer=0.014 speed=3.939
[gpu_amcl_cpp_node-6] [INFO] [1788993991.128732973] [gpu_amcl_cpp]: AMCL odom delta: at_scan=(7.044, -3.997, 2.875) baseline=(7.306, -4.068, 2.879) delta=(-0.262, 0.071, -0.004) moved=true scan_age=0.052s
[ground_truth_amcl_monitor-7] [INFO] [1788993991.129595243] [ground_truth_amcl_monitor]: AMCL vs GT: gt=(-2.508, -3.644) amcl=(-2.550, -3.890) error=0.249 m / 0.004 rad; current_map=(-2.479, -3.627, 1.304) error=0.034 m / 0.000 rad; odom=(-3.196, -3.886, 1.304) error=0.729 m / 0.000 rad; ekf=(-3.196, -3.886, 1.304) error=0.729 m / 0.000 rad; RMS=0.130 m / 0.033 rad max=0.422 m / 0.167 rad samples=4384
[gpu_amcl_cpp_node-6] [INFO] [1788993991.131668709] [gpu_amcl_cpp]: AMCL local correction: odom_prediction=(-2.479, -3.627, 1.304) scan=(-2.484, -3.626, 1.298) correction=0.005 m/0.006 rad cluster_weight=0.951 publish=true
[gpu_amcl_cpp_node-6] [INFO] [1788993991.355205143] [gpu_amcl_cpp]: Received LiDAR callback #2219 (1081 ranges).
[gpu_amcl_cpp_node-6] [INFO] [1788993991.355322694] [gpu_amcl_cpp]: Starting AMCL scan update #2219 (sampled from 1081 ranges).
[gpu_amcl_cpp_node-6] [INFO] [1788993991.409853204] [gpu_amcl_cpp]: AMCL scan update #2220 completed; evaluating pose confidence.
[component_container-9] [INFO] [1788993991.778665664] [pure_pursuit_node]: Pure Pursuit: pose=(-1.778, -0.946, 1.311) cte=-0.008 closest=1218 target=1266 path_dist=0.008 heading_err=0.025 steer=0.020 speed=3.936
[gpu_amcl_cpp_node-6] [INFO] [1788993992.133585230] [gpu_amcl_cpp]: AMCL odom delta: at_scan=(3.185, -3.016, 2.955) baseline=(3.393, -3.056, 2.945) delta=(-0.208, 0.040, 0.010) moved=true scan_age=0.052s
[ground_truth_amcl_monitor-7] [INFO] [1788993992.134711206] [ground_truth_amcl_monitor]: AMCL vs GT: gt=(-1.526, 0.214) amcl=(-1.561, 0.009) error=0.208 m / 0.010 rad; current_map=(-1.521, 0.217, 1.384) error=0.006 m / 0.000 rad; odom=(-2.215, -0.026, 1.384) error=0.730 m / 0.000 rad; ekf=(-2.215, -0.026, 1.384) error=0.730 m / 0.000 rad; RMS=0.130 m / 0.032 rad max=0.422 m / 0.167 rad samples=4418
[gpu_amcl_cpp_node-6] [INFO] [1788993992.137900639] [gpu_amcl_cpp]: AMCL local correction: odom_prediction=(-1.521, 0.217, 1.384) scan=(-1.522, 0.182, 1.373) correction=0.035 m/0.011 rad cluster_weight=0.935 publish=true
[component_container-9] [INFO] [1788993992.831900540] [pure_pursuit_node]: Pure Pursuit: pose=(-1.303, 2.665, 1.738) cte=-0.002 closest=1401 target=1446 path_dist=0.002 heading_err=-0.004 steer=0.135 speed=1.967
[gpu_amcl_cpp_node-6] [WARN] [1788993993.131953584] [gpu_amcl_cpp]: Queued LiDAR scan until source-time odometry arrives (queued=1).
[gpu_amcl_cpp_node-6] [INFO] [1788993993.135432130] [gpu_amcl_cpp]: AMCL odom delta: at_scan=(0.384, -2.919, -2.766) baseline=(0.450, -2.895, -2.813) delta=(-0.066, -0.024, 0.047) moved=true scan_age=0.055s
[gpu_amcl_cpp_node-6] [INFO] [1788993993.139021735] [gpu_amcl_cpp]: AMCL local correction: odom_prediction=(-1.414, 3.122, 1.946) scan=(-1.424, 3.147, 1.936) correction=0.027 m/0.011 rad cluster_weight=0.980 publish=true
[ground_truth_amcl_monitor-7] [INFO] [1788993993.142102804] [ground_truth_amcl_monitor]: AMCL vs GT: gt=(-1.444, 3.160) amcl=(-1.419, 3.134) error=0.036 m / 0.000 rad; current_map=(-1.414, 3.122, 1.946) error=0.049 m / 0.000 rad; odom=(-2.118, 2.774, 1.946) error=0.777 m / 0.000 rad; ekf=(-2.118, 2.774, 1.946) error=0.777 m / 0.000 rad; RMS=0.130 m / 0.032 rad max=0.422 m / 0.167 rad samples=4453
[component_container-9] [INFO] [1788993993.876712249] [pure_pursuit_node]: Pure Pursuit: pose=(-2.555, 3.872, -2.801) cte=0.059 closest=1499 target=1542 path_dist=0.059 heading_err=0.007 steer=0.411 speed=1.751
[gpu_amcl_cpp_node-6] [INFO] [1788993994.157007910] [gpu_amcl_cpp]: AMCL odom delta: at_scan=(-0.080, -4.394, -0.771) baseline=(-0.143, -4.327, -0.873) delta=(0.062, -0.067, 0.101) moved=true scan_age=0.053s
[ground_truth_amcl_monitor-7] [INFO] [1788993994.157687106] [ground_truth_amcl_monitor]: AMCL vs GT: gt=(-2.817, 3.619) amcl=(-2.757, 3.702) error=0.102 m / 0.101 rad; current_map=(-2.824, 3.640, -2.342) error=0.022 m / 0.000 rad; odom=(-3.593, 3.239, -2.342) error=0.864 m / 0.000 rad; ekf=(-3.526, 3.301, -2.443) error=0.777 m / 0.101 rad; RMS=0.130 m / 0.033 rad max=0.422 m / 0.167 rad samples=4488
[gpu_amcl_cpp_node-6] [INFO] [1788993994.160316627] [gpu_amcl_cpp]: AMCL local correction: odom_prediction=(-2.824, 3.640, -2.342) scan=(-2.813, 3.615, -2.348) correction=0.027 m/0.006 rad cluster_weight=0.982 publish=true
[component_container-9] [INFO] [1788993994.876944716] [pure_pursuit_node]: Pure Pursuit: pose=(-3.250, 1.745, -1.695) cte=0.001 closest=1614 target=1661 path_dist=0.001 heading_err=0.006 steer=-0.006 speed=3.416
[gpu_amcl_cpp_node-6] [INFO] [1788993995.179523917] [gpu_amcl_cpp]: AMCL odom delta: at_scan=(2.614, -4.962, -0.181) baseline=(2.405, -4.928, -0.146) delta=(0.209, -0.035, -0.035) moved=true scan_age=0.053s
[ground_truth_amcl_monitor-7] [INFO] [1788993995.180506403] [ground_truth_amcl_monitor]: AMCL vs GT: gt=(-3.382, 0.890) amcl=(-3.329, 1.142) error=0.258 m / 0.035 rad; current_map=(-3.363, 0.933, -1.752) error=0.047 m / 0.000 rad; odom=(-4.162, 0.544, -1.752) error=0.852 m / 0.000 rad; ekf=(-4.162, 0.544, -1.752) error=0.852 m / 0.000 rad; RMS=0.130 m / 0.033 rad max=0.422 m / 0.167 rad samples=4522
[gpu_amcl_cpp_node-6] [INFO] [1788993995.183532930] [gpu_amcl_cpp]: AMCL local correction: odom_prediction=(-3.363, 0.933, -1.752) scan=(-3.376, 0.944, -1.736) correction=0.017 m/0.016 rad cluster_weight=0.988 publish=true
[component_container-9] [INFO] [1788993995.903501675] [pure_pursuit_node]: Pure Pursuit: pose=(-4.174, -0.379, -2.673) cte=-0.037 closest=1734 target=1778 path_dist=0.037 heading_err=-0.047 steer=-0.309 speed=1.934
[gpu_amcl_cpp_node-6] [INFO] [1788993996.181248397] [gpu_amcl_cpp]: AMCL odom delta: at_scan=(3.974, -6.123, -1.491) baseline=(3.964, -6.054, -1.351) delta=(0.011, -0.070, -0.140) moved=true scan_age=0.054s
[ground_truth_amcl_monitor-7] [INFO] [1788993996.182183755] [ground_truth_amcl_monitor]: AMCL vs GT: gt=(-4.589, -0.506) amcl=(-4.443, -0.494) error=0.146 m / 0.140 rad; current_map=(-4.513, -0.505, -3.062) error=0.076 m / 0.000 rad; odom=(-5.253, -0.806, -2.922) error=0.728 m / 0.140 rad; ekf=(-5.323, -0.816, -3.062) error=0.797 m / 0.000 rad; RMS=0.130 m / 0.033 rad max=0.422 m / 0.167 rad samples=4554
[gpu_amcl_cpp_node-6] [INFO] [1788993996.185217245] [gpu_amcl_cpp]: AMCL local correction: odom_prediction=(-4.513, -0.505, -3.062) scan=(-4.561, -0.508, -3.041) correction=0.048 m/0.022 rad cluster_weight=0.988 publish=true
[gpu_amcl_cpp_node-6] [INFO] [1788993996.359725527] [gpu_amcl_cpp]: Received LiDAR callback #2304 (1081 ranges).
[gpu_amcl_cpp_node-6] [INFO] [1788993996.359828150] [gpu_amcl_cpp]: Starting AMCL scan update #2304 (sampled from 1081 ranges).
[gpu_amcl_cpp_node-6] [INFO] [1788993996.431026378] [gpu_amcl_cpp]: AMCL scan update #2305 completed; evaluating pose confidence.
[component_container-9] [INFO] [1788993996.903529568] [pure_pursuit_node]: Pure Pursuit: pose=(-5.728, 0.339, 1.908) cte=-0.062 closest=1829 target=1874 path_dist=0.062 heading_err=0.063 steer=-0.075 speed=3.228
[gpu_amcl_cpp_node-6] [INFO] [1788993997.203961925] [gpu_amcl_cpp]: AMCL odom delta: at_scan=(2.324, -7.482, -2.950) baseline=(2.562, -7.432, -2.919) delta=(-0.238, -0.050, -0.031) moved=true scan_age=0.052s
[ground_truth_amcl_monitor-7] [INFO] [1788993997.204520925] [ground_truth_amcl_monitor]: AMCL vs GT: gt=(-5.957, 1.149) amcl=(-5.888, 0.869) error=0.288 m / 0.031 rad; current_map=(-5.938, 1.108, 1.763) error=0.045 m / 0.000 rad; odom=(-6.631, 0.596, 1.793) error=0.872 m / 0.031 rad; ekf=(-6.631, 0.596, 1.793) error=0.872 m / 0.031 rad; RMS=0.130 m / 0.034 rad max=0.422 m / 0.167 rad samples=4588
[gpu_amcl_cpp_node-6] [INFO] [1788993997.207166597] [gpu_amcl_cpp]: AMCL local correction: odom_prediction=(-5.938, 1.108, 1.763) scan=(-5.941, 1.116, 1.765) correction=0.009 m/0.002 rad cluster_weight=0.959 publish=true
[component_container-9] [INFO] [1788993997.908937910] [pure_pursuit_node]: Pure Pursuit: pose=(-6.135, 3.983, 1.518) cte=-0.007 closest=2013 target=2062 path_dist=0.007 heading_err=-0.042 steer=-0.095 speed=3.881
[gpu_amcl_cpp_node-6] [INFO] [1788993998.209597164] [gpu_amcl_cpp]: AMCL odom delta: at_scan=(-1.522, -7.500, 2.858) baseline=(-1.326, -7.554, 2.893) delta=(-0.196, 0.053, -0.035) moved=true scan_age=0.052s
[ground_truth_amcl_monitor-7] [INFO] [1788993998.210993628] [ground_truth_amcl_monitor]: AMCL vs GT: gt=(-5.983, 4.994) amcl=(-6.029, 4.748) error=0.250 m / 0.035 rad; current_map=(-5.976, 4.944, 1.288) error=0.050 m / 0.000 rad; odom=(-6.700, 4.681, 1.288) error=0.782 m / 0.000 rad; ekf=(-6.753, 4.484, 1.322) error=0.924 m / 0.035 rad; RMS=0.130 m / 0.034 rad max=0.422 m / 0.167 rad samples=4622
[gpu_amcl_cpp_node-6] [INFO] [1788993998.214211284] [gpu_amcl_cpp]: AMCL local correction: odom_prediction=(-5.976, 4.944, 1.288) scan=(-5.984, 4.938, 1.292) correction=0.011 m/0.005 rad cluster_weight=0.989 publish=true
[component_container-9] [INFO] [1788993998.977737221] [pure_pursuit_node]: Pure Pursuit: pose=(-4.808, 7.073, 0.690) cte=-0.009 closest=2185 target=2231 path_dist=0.009 heading_err=-0.037 steer=-0.154 speed=3.227
[ground_truth_amcl_monitor-7] [INFO] [1788993999.211517523] [ground_truth_amcl_monitor]: AMCL vs GT: gt=(-4.350, 7.410) amcl=(-4.378, 7.376) error=0.043 m / 0.000 rad; current_map=(-4.376, 7.371, 0.446) error=0.047 m / 0.000 rad; odom=(-5.103, 7.020, 0.446) error=0.848 m / 0.000 rad; ekf=(-5.103, 7.020, 0.446) error=0.848 m / 0.000 rad; RMS=0.131 m / 0.034 rad max=0.422 m / 0.167 rad samples=4657
[gpu_amcl_cpp_node-6] [INFO] [1788993999.258460666] [gpu_amcl_cpp]: AMCL odom delta: at_scan=(-3.929, -5.750, 1.944) baseline=(-3.862, -5.903, 2.017) delta=(-0.067, 0.153, -0.073) moved=true scan_age=0.053s
[gpu_amcl_cpp_node-6] [INFO] [1788993999.262130021] [gpu_amcl_cpp]: AMCL local correction: odom_prediction=(-4.224, 7.443, 0.373) scan=(-4.231, 7.450, 0.399) correction=0.010 m/0.026 rad cluster_weight=0.994 publish=true
[component_container-9] [INFO] [1788994000.027333000] [pure_pursuit_node]: Pure Pursuit: pose=(-1.538, 6.974, -0.693) cte=-0.024 closest=2361 target=2409 path_dist=0.024 heading_err=0.026 steer=-0.085 speed=3.744
[ground_truth_amcl_monitor-7] [INFO] [1788994000.254527407] [ground_truth_amcl_monitor]: AMCL vs GT: gt=(-1.070, 6.521) amcl=(-1.262, 6.733) error=0.286 m / 0.064 rad; current_map=(-1.082, 6.540, -0.852) error=0.023 m / 0.000 rad; odom=(-1.803, 6.117, -0.852) error=0.838 m / 0.000 rad; ekf=(-1.803, 6.117, -0.852) error=0.838 m / 0.000 rad; RMS=0.131 m / 0.034 rad max=0.422 m / 0.167 rad samples=4692
[gpu_amcl_cpp_node-6] [INFO] [1788994000.307575962] [gpu_amcl_cpp]: AMCL odom delta: at_scan=(-2.810, -2.480, 0.676) baseline=(-2.958, -2.604, 0.719) delta=(0.148, 0.124, -0.044) moved=true scan_age=0.054s
[gpu_amcl_cpp_node-6] [INFO] [1788994000.310547676] [gpu_amcl_cpp]: AMCL local correction: odom_prediction=(-0.956, 6.390, -0.895) scan=(-0.948, 6.385, -0.894) correction=0.009 m/0.002 rad cluster_weight=0.978 publish=true
[component_container-9] [INFO] [1788994001.034230691] [pure_pursuit_node]: Pure Pursuit: pose=(0.439, 3.714, -1.216) cte=0.002 closest=2554 target=16 path_dist=0.002 heading_err=-0.012 steer=-0.031 speed=3.944
[ground_truth_amcl_monitor-7] [INFO] [1788994001.281860956] [ground_truth_amcl_monitor]: AMCL vs GT: gt=(0.692, 2.982) amcl=(0.621, 3.214) error=0.243 m / 0.023 rad; current_map=(0.681, 3.020, -1.283) error=0.040 m / 0.000 rad; odom=(-0.044, 2.573, -1.283) error=0.841 m / 0.000 rad; ekf=(-0.044, 2.573, -1.283) error=0.841 m / 0.000 rad; RMS=0.131 m / 0.034 rad max=0.422 m / 0.167 rad samples=4726
[gpu_amcl_cpp_node-6] [INFO] [1788994001.336660782] [gpu_amcl_cpp]: AMCL odom delta: at_scan=(0.786, -0.787, 0.272) baseline=(0.585, -0.844, 0.288) delta=(0.201, 0.058, -0.016) moved=true scan_age=0.056s
[gpu_amcl_cpp_node-6] [INFO] [1788994001.340216633] [gpu_amcl_cpp]: AMCL local correction: odom_prediction=(0.741, 2.820, -1.299) scan=(0.740, 2.856, -1.303) correction=0.036 m/0.005 rad cluster_weight=0.928 publish=true
[gpu_amcl_cpp_node-6] [INFO] [1788994001.405392385] [gpu_amcl_cpp]: Received LiDAR callback #2389 (1081 ranges).
[gpu_amcl_cpp_node-6] [INFO] [1788994001.405476123] [gpu_amcl_cpp]: Starting AMCL scan update #2389 (sampled from 1081 ranges).
[gpu_amcl_cpp_node-6] [WARN] [1788994001.408068143] [gpu_amcl_cpp]: No local AMCL cluster near odometry prediction; using causal odometry pose.
[gpu_amcl_cpp_node-6] [INFO] [1788994001.458214966] [gpu_amcl_cpp]: AMCL scan update #2390 completed; evaluating pose confidence.
[component_container-9] [INFO] [1788994002.102417681] [pure_pursuit_node]: Pure Pursuit: pose=(1.320, -0.280, -1.469) cte=0.005 closest=173 target=221 path_dist=0.005 heading_err=-0.022 steer=-0.040 speed=3.933
[ground_truth_amcl_monitor-7] [INFO] [1788994002.331557905] [ground_truth_amcl_monitor]: AMCL vs GT: gt=(1.391, -1.065) amcl=(1.356, -0.782) error=0.285 m / 0.025 rad; current_map=(1.364, -1.054, -1.555) error=0.029 m / 0.000 rad; odom=(0.653, -1.475, -1.555) error=0.845 m / 0.000 rad; ekf=(0.653, -1.475, -1.555) error=0.845 m / 0.000 rad; RMS=0.132 m / 0.034 rad max=0.422 m / 0.167 rad samples=4762
[gpu_amcl_cpp_node-6] [INFO] [1788994002.383316737] [gpu_amcl_cpp]: AMCL odom delta: at_scan=(4.847, -0.145, 0.007) baseline=(4.634, -0.148, 0.015) delta=(0.214, 0.002, -0.009) moved=true scan_age=0.053s
[gpu_amcl_cpp_node-6] [INFO] [1788994002.387237474] [gpu_amcl_cpp]: AMCL local correction: odom_prediction=(1.366, -1.268, -1.564) scan=(1.390, -1.260, -1.563) correction=0.025 m/0.001 rad cluster_weight=0.935 publish=true
[component_container-9] [INFO] [1788994003.103073885] [pure_pursuit_node]: Pure Pursuit: pose=(1.123, -4.204, -1.706) cte=-0.013 closest=370 target=418 path_dist=0.013 heading_err=-0.020 steer=-0.040 speed=3.910
[ground_truth_amcl_monitor-7] [INFO] [1788994003.332660006] [ground_truth_amcl_monitor]: AMCL vs GT: gt=(0.984, -4.956) amcl=(1.041, -4.705) error=0.258 m / 0.011 rad; current_map=(0.998, -4.910, -1.782) error=0.048 m / 0.000 rad; odom=(0.242, -5.371, -1.782) error=0.850 m / 0.000 rad; ekf=(0.242, -5.371, -1.782) error=0.850 m / 0.000 rad; RMS=0.133 m / 0.034 rad max=0.422 m / 0.167 rad samples=4796
[gpu_amcl_cpp_node-6] [INFO] [1788994003.386498897] [gpu_amcl_cpp]: AMCL odom delta: at_scan=(8.725, -0.601, -0.213) baseline=(8.529, -0.559, -0.212) delta=(0.196, -0.042, -0.002) moved=true scan_age=0.055s
[gpu_amcl_cpp_node-6] [INFO] [1788994003.390327901] [gpu_amcl_cpp]: AMCL local correction: odom_prediction=(0.957, -5.102, -1.784) scan=(0.967, -5.051, -1.782) correction=0.052 m/0.003 rad cluster_weight=0.944 publish=true
[component_container-9] [INFO] [1788994004.154454217] [pure_pursuit_node]: Pure Pursuit: pose=(0.242, -8.245, -1.830) cte=-0.008 closest=577 target=625 path_dist=0.008 heading_err=-0.030 steer=-0.092 speed=3.225
[ground_truth_amcl_monitor-7] [INFO] [1788994004.336503809] [ground_truth_amcl_monitor]: AMCL vs GT: gt=(0.082, -8.737) amcl=(0.107, -8.684) error=0.058 m / 0.000 rad; current_map=(0.104, -8.679, -1.947) error=0.062 m / 0.000 rad; odom=(-0.661, -9.148, -1.947) error=0.850 m / 0.000 rad; ekf=(-0.661, -9.148, -1.947) error=0.850 m / 0.000 rad; RMS=0.134 m / 0.034 rad max=0.422 m / 0.167 rad samples=4831
[gpu_amcl_cpp_node-6] [INFO] [1788994004.437029653] [gpu_amcl_cpp]: AMCL odom delta: at_scan=(12.584, -1.585, -0.454) baseline=(12.455, -1.525, -0.422) delta=(0.129, -0.060, -0.032) moved=true scan_age=0.055s
[gpu_amcl_cpp_node-6] [INFO] [1788994004.441177997] [gpu_amcl_cpp]: AMCL local correction: odom_prediction=(-0.014, -8.969, -2.025) scan=(-0.010, -8.963, -2.014) correction=0.007 m/0.011 rad cluster_weight=0.994 publish=true
[component_container-9] [INFO] [1788994005.154653453] [pure_pursuit_node]: Pure Pursuit: pose=(-1.359, -10.146, -3.128) cte=-0.038 closest=709 target=753 path_dist=0.038 heading_err=0.018 steer=-0.276 speed=2.415
[ground_truth_amcl_monitor-7] [INFO] [1788994005.337720697] [ground_truth_amcl_monitor]: AMCL vs GT: gt=(-1.651, -10.145) amcl=(-1.651, -10.115) error=0.030 m / 0.000 rad; current_map=(-1.650, -10.117, 2.918) error=0.028 m / 0.000 rad; odom=(-2.408, -10.508, 2.918) error=0.840 m / 0.000 rad; ekf=(-2.408, -10.508, 2.918) error=0.840 m / 0.000 rad; RMS=0.134 m / 0.034 rad max=0.422 m / 0.167 rad samples=4865
[gpu_amcl_cpp_node-6] [INFO] [1788994005.453789274] [gpu_amcl_cpp]: AMCL odom delta: at_scan=(13.567, -3.487, -2.032) baseline=(13.632, -3.331, -1.899) delta=(-0.065, -0.156, -0.133) moved=true scan_age=0.052s
[gpu_amcl_cpp_node-6] [INFO] [1788994005.457493664] [gpu_amcl_cpp]: AMCL local correction: odom_prediction=(-1.931, -10.012, 2.681) scan=(-1.936, -10.014, 2.692) correction=0.005 m/0.012 rad cluster_weight=0.986 publish=true
[component_container-9] [INFO] [1788994006.206344419] [pure_pursuit_node]: Pure Pursuit: pose=(-3.082, -7.986, 1.739) cte=-0.002 closest=857 target=905 path_dist=0.002 heading_err=-0.005 steer=-0.059 speed=3.896
[ground_truth_amcl_monitor-7] [INFO] [1788994006.383477573] [ground_truth_amcl_monitor]: AMCL vs GT: gt=(-3.145, -7.526) amcl=(-3.121, -7.731) error=0.207 m / 0.036 rad; current_map=(-3.141, -7.530, 1.649) error=0.006 m / 0.000 rad; odom=(-3.908, -7.886, 1.649) error=0.844 m / 0.000 rad; ekf=(-3.908, -7.886, 1.649) error=0.844 m / 0.000 rad; RMS=0.134 m / 0.034 rad max=0.422 m / 0.167 rad samples=4900
[gpu_amcl_cpp_node-6] [INFO] [1788994006.433578260] [gpu_amcl_cpp]: Received LiDAR callback #2475 (1081 ranges).
[gpu_amcl_cpp_node-6] [INFO] [1788994006.433661426] [gpu_amcl_cpp]: Starting AMCL scan update #2475 (sampled from 1081 ranges).
[gpu_amcl_cpp_node-6] [INFO] [1788994006.503517542] [gpu_amcl_cpp]: AMCL odom delta: at_scan=(10.568, -4.730, -3.132) baseline=(10.840, -4.722, -3.093) delta=(-0.272, -0.008, -0.039) moved=true scan_age=0.052s
[gpu_amcl_cpp_node-6] [INFO] [1788994006.504554701] [gpu_amcl_cpp]: AMCL scan update #2476 completed; evaluating pose confidence.
[gpu_amcl_cpp_node-6] [INFO] [1788994006.507061060] [gpu_amcl_cpp]: AMCL local correction: odom_prediction=(-3.160, -7.073, 1.580) scan=(-3.153, -7.076, 1.596) correction=0.008 m/0.015 rad cluster_weight=0.993 publish=true
[component_container-9] [INFO] [1788994007.258606958] [pure_pursuit_node]: Pure Pursuit: pose=(-2.587, -3.999, 1.293) cte=-0.003 closest=1060 target=1108 path_dist=0.003 heading_err=0.003 steer=0.002 speed=3.974
[ground_truth_amcl_monitor-7] [INFO] [1788994007.387651877] [ground_truth_amcl_monitor]: AMCL vs GT: gt=(-2.513, -3.710) amcl=(-2.504, -3.718) error=0.012 m / 0.000 rad; current_map=(-2.507, -3.721, 1.306) error=0.012 m / 0.000 rad; odom=(-3.273, -4.067, 1.306) error=0.840 m / 0.000 rad; ekf=(-3.273, -4.067, 1.306) error=0.840 m / 0.000 rad; RMS=0.134 m / 0.034 rad max=0.422 m / 0.167 rad samples=4935
[gpu_amcl_cpp_node-6] [INFO] [1788994007.507306723] [gpu_amcl_cpp]: AMCL local correction: odom_prediction=(-2.380, -3.260, 1.303) scan=(-2.377, -3.248, 1.293) correction=0.012 m/0.010 rad cluster_weight=0.937 publish=true
[gpu_amcl_cpp_node-6] [INFO] [1788994007.558650215] [gpu_amcl_cpp]: AMCL odom delta: at_scan=(6.556, -3.892, 2.870) baseline=(6.756, -3.947, 2.874) delta=(-0.201, 0.055, -0.004) moved=true scan_age=0.055s
[component_container-9] [INFO] [1788994008.285198043] [pure_pursuit_node]: Pure Pursuit: pose=(-1.561, -0.021, 1.362) cte=0.001 closest=1265 target=1314 path_dist=0.001 heading_err=0.003 steer=0.017 speed=3.944
[ground_truth_amcl_monitor-7] [INFO] [1788994008.411932761] [ground_truth_amcl_monitor]: AMCL vs GT: gt=(-1.514, 0.238) amcl=(-1.550, 0.081) error=0.161 m / 0.018 rad; current_map=(-1.509, 0.290, 1.388) error=0.052 m / 0.000 rad; odom=(-2.276, -0.117, 1.388) error=0.840 m / 0.000 rad; ekf=(-2.276, -0.117, 1.388) error=0.840 m / 0.000 rad; RMS=0.134 m / 0.034 rad max=0.422 m / 0.167 rad samples=4968
[gpu_amcl_cpp_node-6] [INFO] [1788994008.538264713] [gpu_amcl_cpp]: AMCL local correction: odom_prediction=(-1.423, 0.771, 1.408) scan=(-1.425, 0.778, 1.402) correction=0.007 m/0.006 rad cluster_weight=0.934 publish=true
[gpu_amcl_cpp_node-6] [INFO] [1788994008.605265023] [gpu_amcl_cpp]: AMCL odom delta: at_scan=(2.515, -2.947, 2.975) baseline=(2.788, -2.992, 2.979) delta=(-0.273, 0.045, -0.004) moved=true scan_age=0.054s
[component_container-9] [INFO] [1788994009.334513806] [pure_pursuit_node]: Pure Pursuit: pose=(-1.359, 2.913, 1.892) cte=-0.004 closest=1414 target=1456 path_dist=0.004 heading_err=-0.055 steer=0.108 speed=1.967
[ground_truth_amcl_monitor-7] [INFO] [1788994009.413459191] [ground_truth_amcl_monitor]: AMCL vs GT: gt=(-1.393, 2.926) amcl=(-1.367, 2.918) error=0.027 m / 0.000 rad; current_map=(-1.362, 2.910, 1.901) error=0.034 m / 0.000 rad; odom=(-2.143, 2.537, 1.901) error=0.845 m / 0.000 rad; ekf=(-2.143, 2.537, 1.901) error=0.845 m / 0.000 rad; RMS=0.134 m / 0.034 rad max=0.422 m / 0.167 rad samples=5001
[gpu_amcl_cpp_node-6] [INFO] [1788994009.585660318] [gpu_amcl_cpp]: AMCL local correction: odom_prediction=(-1.475, 3.181, 1.995) scan=(-1.482, 3.187, 1.988) correction=0.009 m/0.007 rad cluster_weight=0.983 publish=true
[gpu_amcl_cpp_node-6] [INFO] [1788994009.639745241] [gpu_amcl_cpp]: AMCL odom delta: at_scan=(0.266, -3.091, -2.671) baseline=(0.357, -3.048, -2.717) delta=(-0.091, -0.043, 0.047) moved=true scan_age=0.057s
[gpu_amcl_cpp_node-6] [WARN] [1788994010.234981531] [gpu_amcl_cpp]: Queued LiDAR scan until source-time odometry arrives (queued=1).
[component_container-9] [INFO] [1788994010.353550096] [pure_pursuit_node]: Pure Pursuit: pose=(-2.643, 3.829, -2.701) cte=0.055 closest=1503 target=1546 path_dist=0.055 heading_err=0.044 steer=0.409 speed=1.804
[ground_truth_amcl_monitor-7] [INFO] [1788994010.416712224] [ground_truth_amcl_monitor]: AMCL vs GT: gt=(-2.602, 3.780) amcl=(-2.608, 3.807) error=0.027 m / 0.000 rad; current_map=(-2.623, 3.816, -2.698) error=0.041 m / 0.000 rad; odom=(-3.441, 3.406, -2.698) error=0.918 m / 0.000 rad; ekf=(-3.441, 3.406, -2.698) error=0.918 m / 0.000 rad; RMS=0.134 m / 0.034 rad max=0.422 m / 0.167 rad samples=5035
[gpu_amcl_cpp_node-6] [INFO] [1788994010.589171427] [gpu_amcl_cpp]: AMCL local correction: odom_prediction=(-2.836, 3.634, -2.329) scan=(-2.825, 3.626, -2.343) correction=0.014 m/0.013 rad cluster_weight=0.975 publish=true
[gpu_amcl_cpp_node-6] [INFO] [1788994010.653294301] [gpu_amcl_cpp]: AMCL odom delta: at_scan=(0.033, -4.572, -0.624) baseline=(-0.066, -4.489, -0.759) delta=(0.099, -0.082, 0.135) moved=true scan_age=0.051s
[component_container-9] [INFO] [1788994011.358276809] [pure_pursuit_node]: Pure Pursuit: pose=(-3.273, 1.547, -1.694) cte=0.001 closest=1624 target=1671 path_dist=0.001 heading_err=0.009 steer=-0.029 speed=3.380
[ground_truth_amcl_monitor-7] [INFO] [1788994011.430854298] [ground_truth_amcl_monitor]: AMCL vs GT: gt=(-3.294, 1.474) amcl=(-3.251, 1.744) error=0.273 m / 0.016 rad; current_map=(-3.281, 1.491, -1.699) error=0.022 m / 0.000 rad; odom=(-4.159, 1.101, -1.699) error=0.942 m / 0.000 rad; ekf=(-4.159, 1.101, -1.699) error=0.942 m / 0.000 rad; RMS=0.134 m / 0.034 rad max=0.422 m / 0.167 rad samples=5068
[gpu_amcl_cpp_node-6] [INFO] [1788994011.481984159] [gpu_amcl_cpp]: Received LiDAR callback #2560 (1081 ranges).
[gpu_amcl_cpp_node-6] [INFO] [1788994011.482077274] [gpu_amcl_cpp]: Starting AMCL scan update #2560 (sampled from 1081 ranges).
[gpu_amcl_cpp_node-6] [INFO] [1788994011.535835172] [gpu_amcl_cpp]: AMCL scan update #2561 completed; evaluating pose confidence.
[gpu_amcl_cpp_node-6] [INFO] [1788994011.608694091] [gpu_amcl_cpp]: AMCL local correction: odom_prediction=(-3.366, 0.939, -1.764) scan=(-3.366, 0.940, -1.750) correction=0.001 m/0.014 rad cluster_weight=0.980 publish=true
[gpu_amcl_cpp_node-6] [INFO] [1788994011.658456582] [gpu_amcl_cpp]: AMCL odom delta: at_scan=(2.769, -5.078, -0.242) baseline=(2.628, -5.047, -0.193) delta=(0.142, -0.031, -0.048) moved=true scan_age=0.053s
[gpu_amcl_cpp_node-6] [WARN] [1788994012.305716672] [gpu_amcl_cpp]: Queued LiDAR scan until source-time odometry arrives (queued=1).
[component_container-9] [INFO] [1788994012.427907583] [pure_pursuit_node]: Pure Pursuit: pose=(-4.355, -0.469, -2.840) cte=-0.056 closest=1744 target=1788 path_dist=0.056 heading_err=0.061 steer=-0.354 speed=1.897
[ground_truth_amcl_monitor-7] [INFO] [1788994012.435629703] [ground_truth_amcl_monitor]: AMCL vs GT: gt=(-4.287, -0.427) amcl=(-4.258, -0.438) error=0.031 m / 0.000 rad; current_map=(-4.260, -0.435, -2.757) error=0.028 m / 0.000 rad; odom=(-5.146, -0.751, -2.757) error=0.919 m / 0.000 rad; ekf=(-5.146, -0.751, -2.757) error=0.919 m / 0.000 rad; RMS=0.134 m / 0.035 rad max=0.422 m / 0.167 rad samples=5103
[gpu_amcl_cpp_node-6] [INFO] [1788994012.660608086] [gpu_amcl_cpp]: AMCL local correction: odom_prediction=(-4.668, -0.510, 3.096) scan=(-4.658, -0.498, 3.121) correction=0.015 m/0.026 rad cluster_weight=0.968 publish=true
[gpu_amcl_cpp_node-6] [INFO] [1788994012.709838197] [gpu_amcl_cpp]: AMCL odom delta: at_scan=(3.973, -6.465, -1.719) baseline=(3.983, -6.366, -1.617) delta=(-0.010, -0.099, -0.102) moved=true scan_age=0.052s
[component_container-9] [INFO] [1788994013.476745970] [pure_pursuit_node]: Pure Pursuit: pose=(-5.882, 0.892, 1.795) cte=-0.028 closest=1858 target=1904 path_dist=0.028 heading_err=0.056 steer=-0.026 speed=3.776
[ground_truth_amcl_monitor-7] [INFO] [1788994013.479791813] [ground_truth_amcl_monitor]: AMCL vs GT: gt=(-5.865, 0.763) amcl=(-5.781, 0.522) error=0.255 m / 0.062 rad; current_map=(-5.845, 0.727, 1.838) error=0.041 m / 0.000 rad; odom=(-6.755, 0.435, 1.838) error=0.948 m / 0.000 rad; ekf=(-6.691, 0.229, 1.901) error=0.984 m / 0.062 rad; RMS=0.133 m / 0.035 rad max=0.422 m / 0.167 rad samples=5138
[gpu_amcl_cpp_node-6] [INFO] [1788994013.711209185] [gpu_amcl_cpp]: AMCL odom delta: at_scan=(1.943, -7.720, -2.971) baseline=(2.134, -7.686, -2.957) delta=(-0.192, -0.034, -0.014) moved=true scan_age=0.054s
[gpu_amcl_cpp_node-6] [INFO] [1788994013.715277740] [gpu_amcl_cpp]: AMCL local correction: odom_prediction=(-6.017, 1.517, 1.741) scan=(-6.017, 1.519, 1.737) correction=0.002 m/0.004 rad cluster_weight=0.954 publish=true
[component_container-9] [INFO] [1788994014.478076251] [pure_pursuit_node]: Pure Pursuit: pose=(-6.029, 4.666, 1.353) cte=0.001 closest=2048 target=2096 path_dist=0.001 heading_err=0.026 steer=-0.036 speed=3.907
[ground_truth_amcl_monitor-7] [INFO] [1788994014.480847148] [ground_truth_amcl_monitor]: AMCL vs GT: gt=(-6.080, 4.532) amcl=(-6.112, 4.202) error=0.332 m / 0.053 rad; current_map=(-6.071, 4.469, 1.392) error=0.064 m / 0.000 rad; odom=(-6.964, 4.199, 1.392) error=0.944 m / 0.000 rad; ekf=(-7.005, 3.931, 1.444) error=1.103 m / 0.053 rad; RMS=0.134 m / 0.035 rad max=0.422 m / 0.167 rad samples=5172
[gpu_amcl_cpp_node-6] [INFO] [1788994014.758733022] [gpu_amcl_cpp]: AMCL odom delta: at_scan=(-2.091, -7.491, 2.812) baseline=(-1.897, -7.554, 2.848) delta=(-0.193, 0.062, -0.036) moved=true scan_age=0.053s
[gpu_amcl_cpp_node-6] [INFO] [1788994014.763156072] [gpu_amcl_cpp]: AMCL local correction: odom_prediction=(-5.805, 5.539, 1.241) scan=(-5.809, 5.529, 1.247) correction=0.011 m/0.005 rad cluster_weight=0.990 publish=true
[ground_truth_amcl_monitor-7] [INFO] [1788994015.483447626] [ground_truth_amcl_monitor]: AMCL vs GT: gt=(-4.666, 7.215) amcl=(-4.690, 7.171) error=0.050 m / 0.000 rad; current_map=(-4.685, 7.169, 0.611) error=0.050 m / 0.000 rad; odom=(-5.577, 6.817, 0.611) error=0.994 m / 0.000 rad; ekf=(-5.577, 6.817, 0.611) error=0.994 m / 0.000 rad; RMS=0.134 m / 0.035 rad max=0.422 m / 0.167 rad samples=5207
[component_container-9] [INFO] [1788994015.530045050] [pure_pursuit_node]: Pure Pursuit: pose=(-4.414, 7.331, 0.469) cte=-0.016 closest=2209 target=2255 path_dist=0.016 heading_err=0.016 steer=-0.135 speed=3.354
[gpu_amcl_cpp_node-6] [INFO] [1788994015.759284770] [gpu_amcl_cpp]: AMCL odom delta: at_scan=(-4.025, -5.553, 1.798) baseline=(-3.979, -5.723, 1.873) delta=(-0.046, 0.171, -0.075) moved=true scan_age=0.052s
[gpu_amcl_cpp_node-6] [INFO] [1788994015.763257946] [gpu_amcl_cpp]: AMCL local correction: odom_prediction=(-3.867, 7.557, 0.228) scan=(-3.876, 7.566, 0.250) correction=0.013 m/0.022 rad cluster_weight=0.982 publish=true
[gpu_amcl_cpp_node-6] [INFO] [1788994016.529502412] [gpu_amcl_cpp]: Received LiDAR callback #2647 (1081 ranges).
[gpu_amcl_cpp_node-6] [INFO] [1788994016.529574959] [gpu_amcl_cpp]: Starting AMCL scan update #2647 (sampled from 1081 ranges).
[ground_truth_amcl_monitor-7] [INFO] [1788994016.530228336] [ground_truth_amcl_monitor]: AMCL vs GT: gt=(-1.369, 6.824) amcl=(-1.586, 7.016) error=0.290 m / 0.079 rad; current_map=(-1.387, 6.842, -0.757) error=0.025 m / 0.000 rad; odom=(-2.459, 6.586, -0.678) error=1.115 m / 0.079 rad; ekf=(-2.459, 6.586, -0.678) error=1.115 m / 0.079 rad; RMS=0.134 m / 0.035 rad max=0.422 m / 0.167 rad samples=5242
[component_container-9] [INFO] [1788994016.581829082] [pure_pursuit_node]: Pure Pursuit: pose=(-1.116, 6.559, -0.858) cte=-0.007 closest=2391 target=2439 path_dist=0.007 heading_err=0.035 steer=-0.046 speed=3.865
[gpu_amcl_cpp_node-6] [INFO] [1788994016.584515299] [gpu_amcl_cpp]: AMCL scan update #2648 completed; evaluating pose confidence.
[gpu_amcl_cpp_node-6] [INFO] [1788994016.759422551] [gpu_amcl_cpp]: AMCL odom delta: at_scan=(-2.604, -2.496, 0.639) baseline=(-2.763, -2.618, 0.666) delta=(0.159, 0.121, -0.028) moved=true scan_age=0.053s
[gpu_amcl_cpp_node-6] [INFO] [1788994016.831634033] [gpu_amcl_cpp]: AMCL local correction: odom_prediction=(-0.654, 5.974, -0.962) scan=(-0.640, 5.957, -0.968) correction=0.022 m/0.006 rad cluster_weight=0.979 publish=true
[ground_truth_amcl_monitor-7] [INFO] [1788994017.559471595] [ground_truth_amcl_monitor]: AMCL vs GT: gt=(0.556, 3.397) amcl=(0.484, 3.594) error=0.209 m / 0.027 rad; current_map=(0.548, 3.398, -1.268) error=0.008 m / 0.000 rad; odom=(-0.335, 2.978, -1.268) error=0.985 m / 0.000 rad; ekf=(-0.399, 3.174, -1.241) error=0.981 m / 0.027 rad; RMS=0.135 m / 0.035 rad max=0.422 m / 0.167 rad samples=5278
[component_container-9] [INFO] [1788994017.626507943] [pure_pursuit_node]: Pure Pursuit: pose=(0.680, 2.944, -1.309) cte=0.013 closest=8 target=57 path_dist=0.013 heading_err=0.032 steer=0.015 speed=3.880
[gpu_amcl_cpp_node-6] [INFO] [1788994017.802855752] [gpu_amcl_cpp]: AMCL odom delta: at_scan=(1.108, -0.864, 0.295) baseline=(0.844, -0.942, 0.283) delta=(0.264, 0.079, 0.012) moved=true scan_age=0.051s
[gpu_amcl_cpp_node-6] [INFO] [1788994017.857158975] [gpu_amcl_cpp]: AMCL local correction: odom_prediction=(0.876, 2.318, -1.281) scan=(0.873, 2.332, -1.290) correction=0.015 m/0.009 rad cluster_weight=0.920 publish=true
[gpu_amcl_cpp_node-6] [WARN] [1788994018.538103327] [gpu_amcl_cpp]: No local AMCL cluster near odometry prediction; using causal odometry pose.
[ground_truth_amcl_monitor-7] [INFO] [1788994018.604630619] [ground_truth_amcl_monitor]: AMCL vs GT: gt=(1.371, -0.606) amcl=(1.315, -0.174) error=0.435 m / 0.032 rad; current_map=(1.330, -0.450, -1.532) error=0.161 m / 0.000 rad; odom=(0.478, -1.029, -1.532) error=0.988 m / 0.000 rad; ekf=(0.478, -1.029, -1.532) error=0.988 m / 0.000 rad; RMS=0.136 m / 0.035 rad max=0.435 m / 0.167 rad samples=5314
[component_container-9] [INFO] [1788994018.655940598] [pure_pursuit_node]: Pure Pursuit: pose=(1.342, -0.863, -1.555) cte=0.017 closest=202 target=251 path_dist=0.017 heading_err=0.017 steer=-0.001 speed=3.869
[gpu_amcl_cpp_node-6] [INFO] [1788994018.830104714] [gpu_amcl_cpp]: AMCL odom delta: at_scan=(5.081, -0.293, 0.035) baseline=(4.878, -0.301, 0.036) delta=(0.203, 0.007, -0.001) moved=true scan_age=0.051s
[gpu_amcl_cpp_node-6] [INFO] [1788994018.885165080] [gpu_amcl_cpp]: AMCL local correction: odom_prediction=(1.401, -1.639, -1.555) scan=(1.410, -1.639, -1.550) correction=0.009 m/0.005 rad cluster_weight=0.910 publish=true
[ground_truth_amcl_monitor-7] [INFO] [1788994019.605110813] [ground_truth_amcl_monitor]: AMCL vs GT: gt=(1.077, -4.463) amcl=(1.145, -4.119) error=0.351 m / 0.052 rad; current_map=(1.090, -4.395, -1.793) error=0.070 m / 0.000 rad; odom=(0.235, -4.617, -1.741) error=0.856 m / 0.052 rad; ekf=(0.235, -4.617, -1.741) error=0.856 m / 0.052 rad; RMS=0.136 m / 0.035 rad max=0.435 m / 0.167 rad samples=5348
[component_container-9] [INFO] [1788994019.656921453] [pure_pursuit_node]: Pure Pursuit: pose=(0.998, -4.792, -1.804) cte=0.014 closest=400 target=448 path_dist=0.014 heading_err=0.058 steer=0.041 speed=3.905
[gpu_amcl_cpp_node-6] [INFO] [1788994019.836855210] [gpu_amcl_cpp]: AMCL odom delta: at_scan=(8.934, -0.812, -0.169) baseline=(8.723, -0.773, -0.195) delta=(0.211, -0.039, 0.027) moved=true scan_age=0.054s
[gpu_amcl_cpp_node-6] [INFO] [1788994019.906673205] [gpu_amcl_cpp]: AMCL local correction: odom_prediction=(0.860, -5.548, -1.716) scan=(0.855, -5.537, -1.716) correction=0.013 m/0.001 rad cluster_weight=0.942 publish=true
[ground_truth_amcl_monitor-7] [INFO] [1788994020.630381598] [ground_truth_amcl_monitor]: AMCL vs GT: gt=(0.226, -8.363) amcl=(0.312, -8.042) error=0.332 m / 0.062 rad; current_map=(0.244, -8.298, -1.863) error=0.068 m / 0.000 rad; odom=(-0.673, -8.795, -1.863) error=0.997 m / 0.000 rad; ekf=(-0.673, -8.795, -1.863) error=0.997 m / 0.000 rad; RMS=0.137 m / 0.035 rad max=0.435 m / 0.167 rad samples=5382
[component_container-9] [INFO] [1788994020.679092233] [pure_pursuit_node]: Pure Pursuit: pose=(0.123, -8.630, -1.978) cte=-0.014 closest=597 target=644 path_dist=0.014 heading_err=0.060 steer=-0.037 speed=2.635
[gpu_amcl_cpp_node-6] [INFO] [1788994020.856391270] [gpu_amcl_cpp]: AMCL odom delta: at_scan=(12.563, -1.720, -0.450) baseline=(12.452, -1.667, -0.435) delta=(0.112, -0.053, -0.015) moved=true scan_age=0.052s
[gpu_amcl_cpp_node-6] [INFO] [1788994020.913291743] [gpu_amcl_cpp]: AMCL local correction: odom_prediction=(-0.053, -9.042, -2.037) scan=(-0.058, -9.065, -2.031) correction=0.023 m/0.006 rad cluster_weight=0.992 publish=true
[gpu_amcl_cpp_node-6] [INFO] [1788994021.579963718] [gpu_amcl_cpp]: Received LiDAR callback #2733 (1081 ranges).
[gpu_amcl_cpp_node-6] [INFO] [1788994021.580043147] [gpu_amcl_cpp]: Starting AMCL scan update #2733 (sampled from 1081 ranges).
[gpu_amcl_cpp_node-6] [INFO] [1788994021.633574530] [gpu_amcl_cpp]: AMCL scan update #2734 completed; evaluating pose confidence.
[ground_truth_amcl_monitor-7] [INFO] [1788994021.633660982] [ground_truth_amcl_monitor]: AMCL vs GT: gt=(-1.286, -10.152) amcl=(-1.140, -10.109) error=0.152 m / 0.105 rad; current_map=(-1.266, -10.128, -3.048) error=0.031 m / 0.000 rad; odom=(-2.204, -10.556, -3.048) error=1.003 m / 0.000 rad; ekf=(-2.204, -10.556, -3.048) error=1.003 m / 0.000 rad; RMS=0.137 m / 0.035 rad max=0.435 m / 0.167 rad samples=5416
[component_container-9] [INFO] [1788994021.684923612] [pure_pursuit_node]: Pure Pursuit: pose=(-1.526, -10.126, 3.039) cte=-0.026 closest=717 target=762 path_dist=0.026 heading_err=-0.024 steer=-0.284 speed=2.488
[gpu_amcl_cpp_node-6] [INFO] [1788994021.878813953] [gpu_amcl_cpp]: AMCL odom delta: at_scan=(13.628, -3.598, -1.961) baseline=(13.682, -3.434, -1.817) delta=(-0.054, -0.164, -0.144) moved=true scan_age=0.052s
[gpu_amcl_cpp_node-6] [INFO] [1788994021.935499743] [gpu_amcl_cpp]: AMCL local correction: odom_prediction=(-1.982, -9.982, 2.650) scan=(-1.990, -9.983, 2.662) correction=0.008 m/0.012 rad cluster_weight=0.986 publish=true
[ground_truth_amcl_monitor-7] [INFO] [1788994022.657050422] [ground_truth_amcl_monitor]: AMCL vs GT: gt=(-3.053, -8.187) amcl=(-3.004, -8.369) error=0.189 m / 0.042 rad; current_map=(-3.052, -8.180, 1.798) error=0.007 m / 0.000 rad; odom=(-3.992, -8.588, 1.798) error=1.021 m / 0.000 rad; ekf=(-3.992, -8.588, 1.798) error=1.021 m / 0.000 rad; RMS=0.137 m / 0.035 rad max=0.435 m / 0.167 rad samples=5450
[component_container-9] [INFO] [1788994022.706174414] [pure_pursuit_node]: Pure Pursuit: pose=(-3.121, -7.797, 1.700) cte=-0.011 closest=867 target=915 path_dist=0.011 heading_err=0.007 steer=-0.062 speed=3.851
[gpu_amcl_cpp_node-6] [INFO] [1788994022.883012354] [gpu_amcl_cpp]: AMCL odom delta: at_scan=(10.892, -4.898, -3.112) baseline=(11.095, -4.888, -3.074) delta=(-0.202, -0.010, -0.038) moved=true scan_age=0.053s
[gpu_amcl_cpp_node-6] [INFO] [1788994022.940147318] [gpu_amcl_cpp]: AMCL local correction: odom_prediction=(-3.155, -7.140, 1.572) scan=(-3.151, -7.164, 1.583) correction=0.025 m/0.011 rad cluster_weight=0.993 publish=true
[ground_truth_amcl_monitor-7] [INFO] [1788994023.657891706] [ground_truth_amcl_monitor]: AMCL vs GT: gt=(-2.709, -4.376) amcl=(-2.747, -4.566) error=0.194 m / 0.005 rad; current_map=(-2.689, -4.367, 1.292) error=0.021 m / 0.000 rad; odom=(-3.701, -4.970, 1.288) error=1.157 m / 0.005 rad; ekf=(-3.701, -4.970, 1.288) error=1.157 m / 0.005 rad; RMS=0.137 m / 0.035 rad max=0.435 m / 0.167 rad samples=5484
[component_container-9] [INFO] [1788994023.710252179] [pure_pursuit_node]: Pure Pursuit: pose=(-2.577, -3.970, 1.299) cte=-0.002 closest=1061 target=1110 path_dist=0.002 heading_err=-0.003 steer=-0.001 speed=3.982
[gpu_amcl_cpp_node-6] [INFO] [1788994023.886739169] [gpu_amcl_cpp]: AMCL odom delta: at_scan=(7.059, -4.198, 2.865) baseline=(7.267, -4.256, 2.866) delta=(-0.208, 0.059, -0.001) moved=true scan_age=0.053s
[gpu_amcl_cpp_node-6] [INFO] [1788994023.957190714] [gpu_amcl_cpp]: AMCL local correction: odom_prediction=(-2.364, -3.233, 1.301) scan=(-2.385, -3.259, 1.286) correction=0.034 m/0.015 rad cluster_weight=0.965 publish=true
[ground_truth_amcl_monitor-7] [INFO] [1788994024.662092031] [ground_truth_amcl_monitor]: AMCL vs GT: gt=(-1.689, -0.565) amcl=(-1.678, -0.553) error=0.016 m / 0.000 rad; current_map=(-1.677, -0.561, 1.370) error=0.012 m / 0.000 rad; odom=(-2.625, -0.958, 1.370) error=1.016 m / 0.000 rad; ekf=(-2.625, -0.958, 1.370) error=1.016 m / 0.000 rad; RMS=0.137 m / 0.035 rad max=0.435 m / 0.167 rad samples=5519
[component_container-9] [INFO] [1788994024.777017981] [pure_pursuit_node]: Pure Pursuit: pose=(-1.545, 0.116, 1.369) cte=-0.011 closest=1272 target=1321 path_dist=0.011 heading_err=0.001 steer=0.008 speed=3.862
[gpu_amcl_cpp_node-6] [INFO] [1788994024.955167976] [gpu_amcl_cpp]: AMCL odom delta: at_scan=(2.966, -3.191, 2.936) baseline=(3.234, -3.247, 2.931) delta=(-0.268, 0.057, 0.005) moved=true scan_age=0.053s
[gpu_amcl_cpp_node-6] [INFO] [1788994024.958562244] [gpu_amcl_cpp]: AMCL local correction: odom_prediction=(-1.452, 0.604, 1.365) scan=(-1.452, 0.604, 1.357) correction=0.000 m/0.008 rad cluster_weight=0.937 publish=true
[ground_truth_amcl_monitor-7] [INFO] [1788994025.708624486] [ground_truth_amcl_monitor]: AMCL vs GT: gt=(-1.362, 2.871) amcl=(-1.318, 2.777) error=0.104 m / 0.034 rad; current_map=(-1.343, 2.878, 1.835) error=0.021 m / 0.000 rad; odom=(-2.301, 2.431, 1.835) error=1.037 m / 0.000 rad; ekf=(-2.301, 2.431, 1.835) error=1.037 m / 0.000 rad; RMS=0.137 m / 0.035 rad max=0.435 m / 0.167 rad samples=5554
[component_container-9] [INFO] [1788994025.827067064] [pure_pursuit_node]: Pure Pursuit: pose=(-1.422, 3.122, 1.934) cte=-0.001 closest=1425 target=1466 path_dist=0.001 heading_err=-0.008 steer=0.216 speed=1.967
[gpu_amcl_cpp_node-6] [INFO] [1788994026.006002074] [gpu_amcl_cpp]: AMCL odom delta: at_scan=(0.293, -3.272, -2.628) baseline=(0.410, -3.213, -2.711) delta=(-0.116, -0.059, 0.082) moved=true scan_age=0.054s
[gpu_amcl_cpp_node-6] [INFO] [1788994026.009490579] [gpu_amcl_cpp]: AMCL local correction: odom_prediction=(-1.515, 3.308, 2.084) scan=(-1.515, 3.314, 2.076) correction=0.006 m/0.008 rad cluster_weight=0.987 publish=true
[gpu_amcl_cpp_node-6] [INFO] [1788994026.580353654] [gpu_amcl_cpp]: Received LiDAR callback #2818 (1081 ranges).
[gpu_amcl_cpp_node-6] [INFO] [1788994026.580495871] [gpu_amcl_cpp]: Starting AMCL scan update #2818 (sampled from 1081 ranges).
[gpu_amcl_cpp_node-6] [INFO] [1788994026.634364598] [gpu_amcl_cpp]: AMCL scan update #2819 completed; evaluating pose confidence.
[ground_truth_amcl_monitor-7] [INFO] [1788994026.708942696] [ground_truth_amcl_monitor]: AMCL vs GT: gt=(-2.528, 3.794) amcl=(-2.542, 3.832) error=0.041 m / 0.000 rad; current_map=(-2.553, 3.837, -2.822) error=0.050 m / 0.000 rad; odom=(-3.544, 3.374, -2.822) error=1.100 m / 0.000 rad; ekf=(-3.544, 3.374, -2.822) error=1.100 m / 0.000 rad; RMS=0.137 m / 0.035 rad max=0.435 m / 0.167 rad samples=5589
[component_container-9] [INFO] [1788994026.859433221] [pure_pursuit_node]: Pure Pursuit: pose=(-2.849, 3.631, -2.363) cte=0.022 closest=1517 target=1560 path_dist=0.022 heading_err=0.046 steer=0.336 speed=2.065
[gpu_amcl_cpp_node-6] [INFO] [1788994027.055424289] [gpu_amcl_cpp]: AMCL odom delta: at_scan=(0.203, -4.833, -0.508) baseline=(0.086, -4.757, -0.646) delta=(0.117, -0.076, 0.139) moved=true scan_age=0.053s
[gpu_amcl_cpp_node-6] [INFO] [1788994027.058773181] [gpu_amcl_cpp]: AMCL local correction: odom_prediction=(-2.979, 3.402, -2.078) scan=(-2.970, 3.390, -2.080) correction=0.015 m/0.002 rad cluster_weight=0.971 publish=true
[gpu_amcl_cpp_node-6] [WARN] [1788994027.408625187] [gpu_amcl_cpp]: Queued LiDAR scan until source-time odometry arrives (queued=1).
[ground_truth_amcl_monitor-7] [INFO] [1788994027.710129629] [ground_truth_amcl_monitor]: AMCL vs GT: gt=(-3.274, 1.656) amcl=(-3.237, 1.846) error=0.194 m / 0.004 rad; current_map=(-3.259, 1.659, -1.687) error=0.016 m / 0.000 rad; odom=(-4.330, 1.231, -1.687) error=1.139 m / 0.000 rad; ekf=(-4.330, 1.231, -1.687) error=1.139 m / 0.000 rad; RMS=0.137 m / 0.036 rad max=0.435 m / 0.167 rad samples=5622
[component_container-9] [INFO] [1788994027.883752980] [pure_pursuit_node]: Pure Pursuit: pose=(-3.368, 0.882, -1.753) cte=0.005 closest=1658 target=1705 path_dist=0.005 heading_err=-0.005 steer=-0.175 speed=2.292
[gpu_amcl_cpp_node-6] [INFO] [1788994028.079389862] [gpu_amcl_cpp]: AMCL odom delta: at_scan=(3.038, -5.335, -0.373) baseline=(2.891, -5.285, -0.284) delta=(0.147, -0.050, -0.089) moved=true scan_age=0.053s
[gpu_amcl_cpp_node-6] [INFO] [1788994028.082322152] [gpu_amcl_cpp]: AMCL local correction: odom_prediction=(-3.463, 0.577, -1.944) scan=(-3.464, 0.589, -1.920) correction=0.012 m/0.024 rad cluster_weight=0.985 publish=true
[ground_truth_amcl_monitor-7] [INFO] [1788994028.757594216] [ground_truth_amcl_monitor]: AMCL vs GT: gt=(-4.144, -0.329) amcl=(-4.003, -0.274) error=0.151 m / 0.111 rad; current_map=(-4.120, -0.346, -2.648) error=0.029 m / 0.000 rad; odom=(-5.235, -0.768, -2.648) error=1.176 m / 0.000 rad; ekf=(-5.235, -0.768, -2.648) error=1.176 m / 0.000 rad; RMS=0.137 m / 0.036 rad max=0.435 m / 0.167 rad samples=5656
[component_container-9] [INFO] [1788994028.933793476] [pure_pursuit_node]: Pure Pursuit: pose=(-4.534, -0.473, -3.033) cte=-0.011 closest=1753 target=1796 path_dist=0.011 heading_err=0.098 steer=-0.329 speed=1.970
[gpu_amcl_cpp_node-6] [INFO] [1788994029.110258205] [gpu_amcl_cpp]: AMCL odom delta: at_scan=(4.059, -6.695, -1.693) baseline=(4.067, -6.589, -1.590) delta=(-0.008, -0.106, -0.104) moved=true scan_age=0.053s
[gpu_amcl_cpp_node-6] [INFO] [1788994029.114453738] [gpu_amcl_cpp]: AMCL local correction: odom_prediction=(-4.762, -0.463, 3.019) scan=(-4.750, -0.475, 3.049) correction=0.017 m/0.030 rad cluster_weight=0.974 publish=true
[ground_truth_amcl_monitor-7] [INFO] [1788994029.784054467] [ground_truth_amcl_monitor]: AMCL vs GT: gt=(-5.786, 0.522) amcl=(-5.714, 0.357) error=0.180 m / 0.057 rad; current_map=(-5.770, 0.501, 1.912) error=0.027 m / 0.000 rad; odom=(-6.907, 0.083, 1.912) error=1.204 m / 0.000 rad; ekf=(-6.907, 0.083, 1.912) error=1.204 m / 0.000 rad; RMS=0.137 m / 0.036 rad max=0.435 m / 0.167 rad samples=5690
[component_container-9] [INFO] [1788994029.968651676] [pure_pursuit_node]: Pure Pursuit: pose=(-5.967, 1.241, 1.765) cte=-0.022 closest=1876 target=1923 path_dist=0.022 heading_err=0.035 steer=-0.033 speed=3.822
[gpu_amcl_cpp_node-6] [INFO] [1788994030.154346448] [gpu_amcl_cpp]: AMCL odom delta: at_scan=(1.812, -7.994, -2.997) baseline=(2.079, -7.952, -2.971) delta=(-0.267, -0.042, -0.026) moved=true scan_age=0.052s
[gpu_amcl_cpp_node-6] [INFO] [1788994030.157908441] [gpu_amcl_cpp]: AMCL local correction: odom_prediction=(-6.062, 1.763, 1.715) scan=(-6.061, 1.749, 1.712) correction=0.015 m/0.003 rad cluster_weight=0.934 publish=true
[ground_truth_amcl_monitor-7] [INFO] [1788994030.807729374] [ground_truth_amcl_monitor]: AMCL vs GT: gt=(-6.110, 4.321) amcl=(-6.123, 4.053) error=0.269 m / 0.027 rad; current_map=(-6.099, 4.257, 1.444) error=0.065 m / 0.000 rad; odom=(-7.225, 3.881, 1.444) error=1.199 m / 0.000 rad; ekf=(-7.225, 3.881, 1.444) error=1.199 m / 0.000 rad; RMS=0.137 m / 0.036 rad max=0.435 m / 0.167 rad samples=5724
[component_container-9] [INFO] [1788994030.981187884] [pure_pursuit_node]: Pure Pursuit: pose=(-5.923, 5.133, 1.283) cte=-0.002 closest=2072 target=2120 path_dist=0.002 heading_err=0.018 steer=-0.052 speed=3.888
[gpu_amcl_cpp_node-6] [INFO] [1788994031.156473508] [gpu_amcl_cpp]: AMCL odom delta: at_scan=(-2.046, -7.696, 2.789) baseline=(-1.852, -7.764, 2.820) delta=(-0.193, 0.068, -0.031) moved=true scan_age=0.052s
[gpu_amcl_cpp_node-6] [INFO] [1788994031.159998421] [gpu_amcl_cpp]: AMCL local correction: odom_prediction=(-5.779, 5.602, 1.218) scan=(-5.778, 5.591, 1.226) correction=0.011 m/0.007 rad cluster_weight=0.992 publish=true
[gpu_amcl_cpp_node-6] [INFO] [1788994031.630409842] [gpu_amcl_cpp]: Received LiDAR callback #2903 (1081 ranges).
[gpu_amcl_cpp_node-6] [INFO] [1788994031.630502576] [gpu_amcl_cpp]: Starting AMCL scan update #2903 (sampled from 1081 ranges).
[gpu_amcl_cpp_node-6] [INFO] [1788994031.684442196] [gpu_amcl_cpp]: AMCL scan update #2904 completed; evaluating pose confidence.
[ground_truth_amcl_monitor-7] [INFO] [1788994031.810750925] [ground_truth_amcl_monitor]: AMCL vs GT: gt=(-4.788, 7.126) amcl=(-4.804, 7.087) error=0.043 m / 0.000 rad; current_map=(-4.800, 7.085, 0.663) error=0.042 m / 0.000 rad; odom=(-5.925, 6.631, 0.663) error=1.240 m / 0.000 rad; ekf=(-5.925, 6.631, 0.663) error=1.240 m / 0.000 rad; RMS=0.137 m / 0.036 rad max=0.435 m / 0.167 rad samples=5759
[component_container-9] [INFO] [1788994032.032471567] [pure_pursuit_node]: Pure Pursuit: pose=(-4.047, 7.493, 0.298) cte=-0.018 closest=2229 target=2275 path_dist=0.018 heading_err=0.016 steer=-0.135 speed=3.471
[gpu_amcl_cpp_node-6] [INFO] [1788994032.156909881] [gpu_amcl_cpp]: AMCL odom delta: at_scan=(-3.936, -5.733, 1.776) baseline=(-3.895, -5.899, 1.851) delta=(-0.041, 0.166, -0.075) moved=true scan_age=0.054s
[gpu_amcl_cpp_node-6] [INFO] [1788994032.160547756] [gpu_amcl_cpp]: AMCL local correction: odom_prediction=(-3.822, 7.565, 0.205) scan=(-3.818, 7.573, 0.223) correction=0.009 m/0.018 rad cluster_weight=0.978 publish=true
[ground_truth_amcl_monitor-7] [INFO] [1788994032.816119565] [ground_truth_amcl_monitor]: AMCL vs GT: gt=(-1.662, 7.064) amcl=(-1.662, 7.072) error=0.008 m / 0.000 rad; current_map=(-1.665, 7.070, -0.647) error=0.007 m / 0.000 rad; odom=(-2.785, 6.558, -0.647) error=1.231 m / 0.000 rad; ekf=(-2.785, 6.558, -0.647) error=1.231 m / 0.000 rad; RMS=0.137 m / 0.036 rad max=0.435 m / 0.167 rad samples=5793
[component_container-9] [INFO] [1788994033.057673133] [pure_pursuit_node]: Pure Pursuit: pose=(-0.868, 6.276, -0.915) cte=-0.013 closest=2410 target=2458 path_dist=0.013 heading_err=0.011 steer=-0.054 speed=3.837
[gpu_amcl_cpp_node-6] [INFO] [1788994033.181788480] [gpu_amcl_cpp]: AMCL odom delta: at_scan=(-2.383, -2.632, 0.606) baseline=(-2.545, -2.749, 0.643) delta=(0.162, 0.117, -0.037) moved=true scan_age=0.053s
[gpu_amcl_cpp_node-6] [INFO] [1788994033.184872134] [gpu_amcl_cpp]: AMCL local correction: odom_prediction=(-0.718, 6.076, -0.964) scan=(-0.737, 6.098, -0.956) correction=0.029 m/0.008 rad cluster_weight=0.977 publish=true
[ground_truth_amcl_monitor-7] [INFO] [1788994033.829425029] [ground_truth_amcl_monitor]: AMCL vs GT: gt=(0.410, 3.803) amcl=(0.306, 4.106) error=0.320 m / 0.019 rad; current_map=(0.398, 3.853, -1.232) error=0.051 m / 0.000 rad; odom=(-0.715, 3.292, -1.232) error=1.235 m / 0.000 rad; ekf=(-0.715, 3.292, -1.232) error=1.235 m / 0.000 rad; RMS=0.138 m / 0.036 rad max=0.435 m / 0.167 rad samples=5826
[component_container-9] [INFO] [1788994034.105017114] [pure_pursuit_node]: Pure Pursuit: pose=(0.796, 2.605, -1.298) cte=-0.001 closest=26 target=74 path_dist=0.001 heading_err=0.010 steer=-0.019 speed=3.945
[gpu_amcl_cpp_node-6] [INFO] [1788994034.230275558] [gpu_amcl_cpp]: AMCL odom delta: at_scan=(1.369, -1.048, 0.249) baseline=(1.103, -1.118, 0.269) delta=(0.265, 0.070, -0.019) moved=true scan_age=0.054s
[gpu_amcl_cpp_node-6] [INFO] [1788994034.233499967] [gpu_amcl_cpp]: AMCL local correction: odom_prediction=(0.868, 2.349, -1.321) scan=(0.869, 2.362, -1.330) correction=0.013 m/0.008 rad cluster_weight=0.927 publish=true
[gpu_amcl_cpp_node-6] [WARN] [1788994034.583168518] [gpu_amcl_cpp]: No local AMCL cluster near odometry prediction; using causal odometry pose.
[ground_truth_amcl_monitor-7] [INFO] [1788994034.880002295] [ground_truth_amcl_monitor]: AMCL vs GT: gt=(1.326, -0.221) amcl=(1.258, 0.182) error=0.409 m / 0.004 rad; current_map=(1.288, -0.090, -1.461) error=0.136 m / 0.000 rad; odom=(0.199, -0.733, -1.461) error=1.238 m / 0.000 rad; ekf=(0.199, -0.733, -1.461) error=1.238 m / 0.000 rad; RMS=0.139 m / 0.036 rad max=0.435 m / 0.167 rad samples=5862
[component_container-9] [INFO] [1788994035.155959836] [pure_pursuit_node]: Pure Pursuit: pose=(1.371, -1.505, -1.594) cte=-0.008 closest=234 target=283 path_dist=0.008 heading_err=0.007 steer=-0.021 speed=3.927
[gpu_amcl_cpp_node-6] [INFO] [1788994035.278971720] [gpu_amcl_cpp]: AMCL odom delta: at_scan=(5.451, -0.537, -0.036) baseline=(5.179, -0.530, -0.016) delta=(0.272, -0.007, -0.020) moved=true scan_age=0.052s
[gpu_amcl_cpp_node-6] [INFO] [1788994035.282083587] [gpu_amcl_cpp]: AMCL local correction: odom_prediction=(1.387, -1.773, -1.607) scan=(1.398, -1.785, -1.604) correction=0.016 m/0.003 rad cluster_weight=0.943 publish=true
[ground_truth_amcl_monitor-7] [INFO] [1788994035.912454985] [ground_truth_amcl_monitor]: AMCL vs GT: gt=(1.107, -4.210) amcl=(1.150, -3.934) error=0.279 m / 0.006 rad; current_map=(1.120, -4.155, -1.711) error=0.056 m / 0.000 rad; odom=(-0.023, -4.728, -1.711) error=1.243 m / 0.000 rad; ekf=(-0.023, -4.728, -1.711) error=1.243 m / 0.000 rad; RMS=0.139 m / 0.036 rad max=0.435 m / 0.167 rad samples=5898
[component_container-9] [INFO] [1788994036.157866642] [pure_pursuit_node]: Pure Pursuit: pose=(0.911, -5.316, -1.783) cte=0.005 closest=427 target=475 path_dist=0.005 heading_err=0.022 steer=0.010 speed=3.962
[gpu_amcl_cpp_node-6] [INFO] [1788994036.282872523] [gpu_amcl_cpp]: AMCL odom delta: at_scan=(9.330, -1.093, -0.204) baseline=(9.128, -1.051, -0.208) delta=(0.203, -0.042, 0.004) moved=true scan_age=0.054s
[gpu_amcl_cpp_node-6] [INFO] [1788994036.286072365] [gpu_amcl_cpp]: AMCL local correction: odom_prediction=(0.858, -5.584, -1.775) scan=(0.858, -5.585, -1.775) correction=0.001 m/0.001 rad cluster_weight=0.944 publish=true
[gpu_amcl_cpp_node-6] [INFO] [1788994036.632791364] [gpu_amcl_cpp]: Received LiDAR callback #2988 (1081 ranges).
[gpu_amcl_cpp_node-6] [INFO] [1788994036.632891542] [gpu_amcl_cpp]: Starting AMCL scan update #2988 (sampled from 1081 ranges).
[gpu_amcl_cpp_node-6] [INFO] [1788994036.687731133] [gpu_amcl_cpp]: AMCL scan update #2989 completed; evaluating pose confidence.
[ground_truth_amcl_monitor-7] [INFO] [1788994036.934731445] [ground_truth_amcl_monitor]: AMCL vs GT: gt=(0.259, -8.149) amcl=(0.329, -7.909) error=0.250 m / 0.004 rad; current_map=(0.278, -8.108, -1.824) error=0.045 m / 0.000 rad; odom=(-0.821, -8.465, -1.819) error=1.125 m / 0.004 rad; ekf=(-0.821, -8.465, -1.819) error=1.125 m / 0.004 rad; RMS=0.139 m / 0.036 rad max=0.435 m / 0.167 rad samples=5932
[component_container-9] [INFO] [1788994037.181660163] [pure_pursuit_node]: Pure Pursuit: pose=(-0.038, -9.019, -2.046) cte=-0.012 closest=618 target=663 path_dist=0.012 heading_err=0.045 steer=-0.078 speed=2.549
[gpu_amcl_cpp_node-6] [INFO] [1788994037.305997267] [gpu_amcl_cpp]: AMCL odom delta: at_scan=(12.858, -2.061, -0.517) baseline=(12.734, -1.993, -0.480) delta=(0.124, -0.068, -0.037) moved=true scan_age=0.054s
[gpu_amcl_cpp_node-6] [INFO] [1788994037.309448071] [gpu_amcl_cpp]: AMCL local correction: odom_prediction=(-0.104, -9.154, -2.088) scan=(-0.114, -9.175, -2.080) correction=0.023 m/0.008 rad cluster_weight=0.993 publish=true
[gpu_amcl_cpp_node-6] [WARN] [1788994037.609821228] [gpu_amcl_cpp]: Queued LiDAR scan until source-time odometry arrives (queued=1).
[ground_truth_amcl_monitor-7] [INFO] [1788994037.982804025] [ground_truth_amcl_monitor]: AMCL vs GT: gt=(-1.286, -10.152) amcl=(-1.091, -10.094) error=0.203 m / 0.149 rad; current_map=(-1.262, -10.127, -3.025) error=0.035 m / 0.000 rad; odom=(-2.445, -10.667, -3.025) error=1.269 m / 0.000 rad; ekf=(-2.445, -10.667, -3.025) error=1.269 m / 0.000 rad; RMS=0.140 m / 0.036 rad max=0.435 m / 0.167 rad samples=5966
[component_container-9] [INFO] [1788994038.230660586] [pure_pursuit_node]: Pure Pursuit: pose=(-1.976, -9.990, 2.646) cte=-0.030 closest=740 target=785 path_dist=0.030 heading_err=0.013 steer=-0.236 speed=2.586
[gpu_amcl_cpp_node-6] [INFO] [1788994038.356047833] [gpu_amcl_cpp]: AMCL odom delta: at_scan=(13.589, -4.118, -2.207) baseline=(13.681, -3.975, -2.074) delta=(-0.092, -0.143, -0.134) moved=true scan_age=0.054s
[gpu_amcl_cpp_node-6] [INFO] [1788994038.359263325] [gpu_amcl_cpp]: AMCL local correction: odom_prediction=(-2.138, -9.889, 2.505) scan=(-2.136, -9.897, 2.519) correction=0.008 m/0.014 rad cluster_weight=0.985 publish=true
[ground_truth_amcl_monitor-7] [INFO] [1788994039.030805001] [ground_truth_amcl_monitor]: AMCL vs GT: gt=(-3.066, -8.102) amcl=(-2.999, -8.364) error=0.270 m / 0.062 rad; current_map=(-3.063, -8.093, 1.773) error=0.009 m / 0.000 rad; odom=(-4.250, -8.616, 1.773) error=1.291 m / 0.000 rad; ekf=(-4.250, -8.616, 1.773) error=1.291 m / 0.000 rad; RMS=0.139 m / 0.036 rad max=0.435 m / 0.167 rad samples=6000
[component_container-9] [INFO] [1788994039.251560460] [pure_pursuit_node]: Pure Pursuit: pose=(-3.159, -7.062, 1.567) cte=0.001 closest=903 target=952 path_dist=0.001 heading_err=0.010 steer=-0.037 speed=3.929
[gpu_amcl_cpp_node-6] [INFO] [1788994039.358394747] [gpu_amcl_cpp]: AMCL odom delta: at_scan=(10.513, -5.144, 3.120) baseline=(10.719, -5.146, -3.141) delta=(-0.206, 0.002, -0.022) moved=true scan_age=0.053s
[gpu_amcl_cpp_node-6] [INFO] [1788994039.362331714] [gpu_amcl_cpp]: AMCL local correction: odom_prediction=(-3.154, -6.858, 1.550) scan=(-3.156, -6.885, 1.556) correction=0.026 m/0.007 rad cluster_weight=0.994 publish=true
[ground_truth_amcl_monitor-7] [INFO] [1788994040.031616209] [ground_truth_amcl_monitor]: AMCL vs GT: gt=(-2.681, -4.280) amcl=(-2.741, -4.548) error=0.274 m / 0.002 rad; current_map=(-2.663, -4.281, 1.288) error=0.018 m / 0.000 rad; odom=(-3.861, -4.788, 1.288) error=1.285 m / 0.000 rad; ekf=(-3.861, -4.788, 1.288) error=1.285 m / 0.000 rad; RMS=0.140 m / 0.036 rad max=0.435 m / 0.167 rad samples=6034
[component_container-9] [INFO] [1788994040.258100833] [pure_pursuit_node]: Pure Pursuit: pose=(-2.365, -3.206, 1.306) cte=-0.003 closest=1101 target=1150 path_dist=0.003 heading_err=-0.005 steer=-0.003 speed=3.974
[gpu_amcl_cpp_node-6] [INFO] [1788994040.383914802] [gpu_amcl_cpp]: AMCL odom delta: at_scan=(6.596, -4.285, 2.871) baseline=(6.801, -4.342, 2.875) delta=(-0.205, 0.057, -0.004) moved=true scan_age=0.054s
[gpu_amcl_cpp_node-6] [INFO] [1788994040.387404038] [gpu_amcl_cpp]: AMCL local correction: odom_prediction=(-2.291, -2.933, 1.300) scan=(-2.296, -2.937, 1.290) correction=0.007 m/0.010 rad cluster_weight=0.948 publish=true
[ground_truth_amcl_monitor-7] [INFO] [1788994041.034683085] [ground_truth_amcl_monitor]: AMCL vs GT: gt=(-1.664, -0.426) amcl=(-1.697, -0.601) error=0.178 m / 0.006 rad; current_map=(-1.649, -0.396, 1.344) error=0.033 m / 0.000 rad; odom=(-2.892, -1.133, 1.339) error=1.417 m / 0.006 rad; ekf=(-2.892, -1.133, 1.339) error=1.417 m / 0.006 rad; RMS=0.140 m / 0.036 rad max=0.435 m / 0.167 rad samples=6068
[component_container-9] [INFO] [1788994041.277221313] [pure_pursuit_node]: Pure Pursuit: pose=(-1.426, 0.741, 1.403) cte=-0.010 closest=1304 target=1352 path_dist=0.010 heading_err=-0.003 steer=0.012 speed=3.642
[gpu_amcl_cpp_node-6] [INFO] [1788994041.386863326] [gpu_amcl_cpp]: AMCL odom delta: at_scan=(2.724, -3.378, 2.974) baseline=(2.928, -3.413, 2.969) delta=(-0.204, 0.035, 0.004) moved=true scan_age=0.054s
[gpu_amcl_cpp_node-6] [INFO] [1788994041.390396194] [gpu_amcl_cpp]: AMCL local correction: odom_prediction=(-1.390, 0.930, 1.403) scan=(-1.396, 0.946, 1.396) correction=0.017 m/0.007 rad cluster_weight=0.933 publish=true
[gpu_amcl_cpp_node-6] [INFO] [1788994041.683214636] [gpu_amcl_cpp]: Received LiDAR callback #3074 (1081 ranges).
[gpu_amcl_cpp_node-6] [INFO] [1788994041.683288866] [gpu_amcl_cpp]: Starting AMCL scan update #3074 (sampled from 1081 ranges).
[gpu_amcl_cpp_node-6] [INFO] [1788994041.736018102] [gpu_amcl_cpp]: AMCL scan update #3075 completed; evaluating pose confidence.
[ground_truth_amcl_monitor-7] [INFO] [1788994042.055892912] [ground_truth_amcl_monitor]: AMCL vs GT: gt=(-1.363, 2.955) amcl=(-1.305, 2.787) error=0.177 m / 0.076 rad; current_map=(-1.337, 2.938, 1.820) error=0.030 m / 0.000 rad; odom=(-2.548, 2.371, 1.820) error=1.321 m / 0.000 rad; ekf=(-2.515, 2.221, 1.744) error=1.367 m / 0.076 rad; RMS=0.140 m / 0.036 rad max=0.435 m / 0.167 rad samples=6102
[component_container-9] [INFO] [1788994042.282449200] [pure_pursuit_node]: Pure Pursuit: pose=(-1.525, 3.379, 2.118) cte=0.009 closest=1438 target=1482 path_dist=0.009 heading_err=-0.067 steer=0.325 speed=1.888
[gpu_amcl_cpp_node-6] [INFO] [1788994042.404919817] [gpu_amcl_cpp]: AMCL odom delta: at_scan=(0.300, -3.578, -2.503) baseline=(0.377, -3.525, -2.569) delta=(-0.077, -0.054, 0.066) moved=true scan_age=0.052s
[gpu_amcl_cpp_node-6] [INFO] [1788994042.407859891] [gpu_amcl_cpp]: AMCL local correction: odom_prediction=(-1.582, 3.460, 2.210) scan=(-1.591, 3.478, 2.195) correction=0.019 m/0.015 rad cluster_weight=0.986 publish=true
[ground_truth_amcl_monitor-7] [INFO] [1788994043.059095774] [ground_truth_amcl_monitor]: AMCL vs GT: gt=(-2.575, 3.800) amcl=(-2.585, 3.837) error=0.038 m / 0.000 rad; current_map=(-2.596, 3.851, -2.733) error=0.055 m / 0.000 rad; odom=(-3.825, 3.199, -2.733) error=1.387 m / 0.000 rad; ekf=(-3.825, 3.199, -2.733) error=1.387 m / 0.000 rad; RMS=0.140 m / 0.036 rad max=0.435 m / 0.167 rad samples=6137
[component_container-9] [INFO] [1788994043.351512000] [pure_pursuit_node]: Pure Pursuit: pose=(-3.001, 3.407, -2.037) cte=0.022 closest=1530 target=1573 path_dist=0.022 heading_err=0.024 steer=0.216 speed=2.194
[gpu_amcl_cpp_node-6] [INFO] [1788994043.405360549] [gpu_amcl_cpp]: AMCL odom delta: at_scan=(0.390, -5.067, -0.473) baseline=(0.304, -5.018, -0.562) delta=(0.086, -0.049, 0.090) moved=true scan_age=0.052s
[gpu_amcl_cpp_node-6] [INFO] [1788994043.408606048] [gpu_amcl_cpp]: AMCL local correction: odom_prediction=(-2.991, 3.393, -2.043) scan=(-2.984, 3.379, -2.046) correction=0.015 m/0.002 rad cluster_weight=0.968 publish=true
[ground_truth_amcl_monitor-7] [INFO] [1788994044.060864481] [ground_truth_amcl_monitor]: AMCL vs GT: gt=(-3.277, 1.653) amcl=(-3.262, 1.628) error=0.028 m / 0.000 rad; current_map=(-3.263, 1.635, -1.682) error=0.023 m / 0.000 rad; odom=(-4.553, 1.055, -1.682) error=1.409 m / 0.000 rad; ekf=(-4.553, 1.055, -1.682) error=1.409 m / 0.000 rad; RMS=0.139 m / 0.036 rad max=0.435 m / 0.167 rad samples=6171
[component_container-9] [INFO] [1788994044.402077505] [pure_pursuit_node]: Pure Pursuit: pose=(-3.490, 0.503, -1.993) cte=0.022 closest=1678 target=1722 path_dist=0.022 heading_err=0.060 steer=-0.120 speed=1.996
[gpu_amcl_cpp_node-6] [INFO] [1788994044.456379506] [gpu_amcl_cpp]: AMCL odom delta: at_scan=(3.259, -5.581, -0.422) baseline=(3.162, -5.541, -0.362) delta=(0.097, -0.040, -0.060) moved=true scan_age=0.052s
[gpu_amcl_cpp_node-6] [INFO] [1788994044.459453061] [gpu_amcl_cpp]: AMCL local correction: odom_prediction=(-3.487, 0.521, -1.993) scan=(-3.489, 0.516, -1.973) correction=0.006 m/0.019 rad cluster_weight=0.986 publish=true
[ground_truth_amcl_monitor-7] [INFO] [1788994045.085419834] [ground_truth_amcl_monitor]: AMCL vs GT: gt=(-4.242, -0.399) amcl=(-4.127, -0.355) error=0.124 m / 0.088 rad; current_map=(-4.216, -0.404, -2.679) error=0.027 m / 0.000 rad; odom=(-5.421, -0.899, -2.591) error=1.280 m / 0.088 rad; ekf=(-5.421, -0.899, -2.591) error=1.280 m / 0.088 rad; RMS=0.139 m / 0.036 rad max=0.435 m / 0.167 rad samples=6206
[component_container-9] [INFO] [1788994045.433450898] [pure_pursuit_node]: Pure Pursuit: pose=(-4.942, -0.464, 2.824) cte=-0.014 closest=1773 target=1816 path_dist=0.014 heading_err=-0.010 steer=-0.322 speed=2.021
[gpu_amcl_cpp_node-6] [INFO] [1788994045.503954792] [gpu_amcl_cpp]: AMCL odom delta: at_scan=(4.153, -7.086, -1.924) baseline=(4.191, -6.958, -1.786) delta=(-0.038, -0.128, -0.138) moved=true scan_age=0.052s
[gpu_amcl_cpp_node-6] [INFO] [1788994045.506845474] [gpu_amcl_cpp]: AMCL local correction: odom_prediction=(-4.963, -0.447, 2.788) scan=(-4.965, -0.434, 2.808) correction=0.013 m/0.020 rad cluster_weight=0.986 publish=true
[ground_truth_amcl_monitor-7] [INFO] [1788994046.106542928] [ground_truth_amcl_monitor]: AMCL vs GT: gt=(-5.817, 0.612) amcl=(-5.731, 0.418) error=0.212 m / 0.068 rad; current_map=(-5.800, 0.614, 1.872) error=0.018 m / 0.000 rad; odom=(-7.121, 0.058, 1.872) error=1.417 m / 0.000 rad; ekf=(-7.121, 0.058, 1.872) error=1.417 m / 0.000 rad; RMS=0.139 m / 0.037 rad max=0.435 m / 0.167 rad samples=6240
[component_container-9] [INFO] [1788994046.503987879] [pure_pursuit_node]: Pure Pursuit: pose=(-6.107, 2.124, 1.687) cte=-0.007 closest=1920 target=1969 path_dist=0.007 heading_err=0.003 steer=-0.041 speed=3.906
[gpu_amcl_cpp_node-6] [INFO] [1788994046.505814791] [gpu_amcl_cpp]: AMCL odom delta: at_scan=(1.653, -8.219, -3.006) baseline=(2.033, -8.161, -2.977) delta=(-0.381, -0.058, -0.029) moved=true scan_age=0.054s
[gpu_amcl_cpp_node-6] [INFO] [1788994046.509032828] [gpu_amcl_cpp]: AMCL local correction: odom_prediction=(-6.105, 2.060, 1.706) scan=(-6.098, 2.004, 1.706) correction=0.056 m/0.001 rad cluster_weight=0.946 publish=true
[gpu_amcl_cpp_node-6] [INFO] [1788994046.735580931] [gpu_amcl_cpp]: Received LiDAR callback #3159 (1081 ranges).
[gpu_amcl_cpp_node-6] [INFO] [1788994046.735657896] [gpu_amcl_cpp]: Starting AMCL scan update #3159 (sampled from 1081 ranges).
[gpu_amcl_cpp_node-6] [INFO] [1788994046.736513644] [gpu_amcl_cpp]: AMCL scan update #3159 completed; evaluating pose confidence.
[ground_truth_amcl_monitor-7] [INFO] [1788994047.157853052] [ground_truth_amcl_monitor]: AMCL vs GT: gt=(-6.147, 4.533) amcl=(-6.128, 3.916) error=0.617 m / 0.034 rad; current_map=(-6.119, 4.074, 1.494) error=0.459 m / 0.000 rad; odom=(-7.462, 2.984, 1.528) error=2.032 m / 0.034 rad; ekf=(-7.462, 2.984, 1.528) error=2.032 m / 0.034 rad; RMS=0.140 m / 0.037 rad max=0.617 m / 0.167 rad samples=6274
[gpu_amcl_cpp_node-6] [WARN] [1788994047.161067792] [gpu_amcl_cpp]: No local AMCL cluster near odometry prediction; using causal odometry pose.
[component_container-9] [INFO] [1788994047.506879396] [pure_pursuit_node]: Pure Pursuit: pose=(-5.943, 4.981, 1.316) cte=0.017 closest=2064 target=2109 path_dist=0.017 heading_err=0.010 steer=-0.044 speed=3.816
[gpu_amcl_cpp_node-6] [INFO] [1788994047.508567207] [gpu_amcl_cpp]: AMCL odom delta: at_scan=(-0.777, -8.106, 2.892) baseline=(-0.659, -8.136, 2.899) delta=(-0.118, 0.030, -0.007) moved=true scan_age=0.053s
[ground_truth_amcl_monitor-7] [INFO] [1788994048.158393351] [ground_truth_amcl_monitor]: AMCL vs GT: gt=(-5.106, 7.999) amcl=(-5.386, 6.369) error=1.653 m / 0.054 rad; current_map=(-5.330, 6.465, 1.016) error=1.550 m / 0.000 rad; odom=(-6.664, 5.533, 1.016) error=2.916 m / 0.000 rad; ekf=(-6.664, 5.533, 1.016) error=2.916 m / 0.000 rad; RMS=0.171 m / 0.037 rad max=1.777 m / 0.167 rad samples=6308
[gpu_amcl_cpp_node-6] [WARN] [1788994048.213168060] [gpu_amcl_cpp]: No local AMCL cluster near odometry prediction; using causal odometry pose.
[component_container-9] [INFO] [1788994048.559174942] [pure_pursuit_node]: Pure Pursuit: pose=(-4.440, 7.303, 0.533) cte=-0.003 closest=2207 target=2253 path_dist=0.003 heading_err=-0.036 steer=-0.170 speed=3.354
[gpu_amcl_cpp_node-6] [INFO] [1788994048.560779016] [gpu_amcl_cpp]: AMCL odom delta: at_scan=(-3.131, -6.705, 2.160) baseline=(-3.040, -6.833, 2.215) delta=(-0.091, 0.128, -0.055) moved=true scan_age=0.053s
[actuator_interface-10] [ERROR] [1788994048.910987982] [autodrive_actuator_interface]: Collision count increased to 1; terminal stop latched, no simulator reset published
[ground_truth_amcl_monitor-7] [INFO] [1788994048.911213166] [ground_truth_amcl_monitor]: Collision epoch changed; discarding localization comparison; waiting for fresh AMCL alignment
[actuator_interface-10] [WARN] [1788994048.935106470] [autodrive_actuator_interface]: Neutral output: external stop
[component_container-9] [INFO] [1788994049.607541645] [pure_pursuit_node]: Pure Pursuit: pose=(-2.557, 7.512, -0.080) cte=-0.023 closest=2304 target=2342 path_dist=0.023 heading_err=-0.216 steer=-0.381 speed=2.586
[gpu_amcl_cpp_node-6] [INFO] [1788994049.609322812] [gpu_amcl_cpp]: AMCL odom delta: at_scan=(-3.422, -4.691, 1.491) baseline=(-3.422, -4.691, 1.491) delta=(0.000, 0.000, 0.000) moved=false scan_age=0.051s
[component_container-9] [INFO] [1788994050.655641046] [pure_pursuit_node]: Pure Pursuit: pose=(-2.557, 7.512, -0.080) cte=-0.023 closest=2304 target=2342 path_dist=0.023 heading_err=-0.216 steer=-0.381 speed=2.586
[gpu_amcl_cpp_node-6] [INFO] [1788994050.657131186] [gpu_amcl_cpp]: AMCL odom delta: at_scan=(-3.422, -4.691, 1.491) baseline=(-3.422, -4.691, 1.491) delta=(0.000, 0.000, 0.000) moved=false scan_age=0.052s
[component_container-9] [INFO] [1788994051.681782800] [pure_pursuit_node]: Pure Pursuit: pose=(-2.557, 7.512, -0.080) cte=-0.023 closest=2304 target=2342 path_dist=0.023 heading_err=-0.216 steer=-0.381 speed=2.586
[gpu_amcl_cpp_node-6] [INFO] [1788994051.683745789] [gpu_amcl_cpp]: AMCL odom delta: at_scan=(-3.422, -4.691, 1.491) baseline=(-3.422, -4.691, 1.491) delta=(0.000, 0.000, 0.000) moved=false scan_age=0.052s
[gpu_amcl_cpp_node-6] [INFO] [1788994051.752413182] [gpu_amcl_cpp]: Received LiDAR callback #3245 (1081 ranges).
[component_container-9] [INFO] [1788994052.729866021] [pure_pursuit_node]: Pure Pursuit: pose=(-2.557, 7.512, -0.080) cte=-0.023 closest=2304 target=2342 path_dist=0.023 heading_err=-0.216 steer=-0.381 speed=2.586
[gpu_amcl_cpp_node-6] [INFO] [1788994052.731640055] [gpu_amcl_cpp]: AMCL odom delta: at_scan=(-3.422, -4.691, 1.491) baseline=(-3.422, -4.691, 1.491) delta=(0.000, 0.000, 0.000) moved=false scan_age=0.052s
[component_container-9] [INFO] [1788994053.733093751] [pure_pursuit_node]: Pure Pursuit: pose=(-2.557, 7.512, -0.080) cte=-0.023 closest=2304 target=2342 path_dist=0.023 heading_err=-0.216 steer=-0.381 speed=2.586
[gpu_amcl_cpp_node-6] [INFO] [1788994053.734501316] [gpu_amcl_cpp]: AMCL odom delta: at_scan=(-3.422, -4.691, 1.491) baseline=(-3.422, -4.691, 1.491) delta=(0.000, 0.000, 0.000) moved=false scan_age=0.053s
[component_container-9] [INFO] [1788994054.776641701] [pure_pursuit_node]: Pure Pursuit: pose=(-2.557, 7.512, -0.080) cte=-0.023 closest=2304 target=2342 path_dist=0.023 heading_err=-0.216 steer=-0.381 speed=2.586
[gpu_amcl_cpp_node-6] [INFO] [1788994054.778019239] [gpu_amcl_cpp]: AMCL odom delta: at_scan=(-3.422, -4.691, 1.491) baseline=(-3.422, -4.691, 1.491) delta=(0.000, 0.000, 0.000) moved=false scan_age=0.051s
[component_container-9] [INFO] [1788994055.810080957] [pure_pursuit_node]: Pure Pursuit: pose=(-2.557, 7.512, -0.080) cte=-0.023 closest=2304 target=2342 path_dist=0.023 heading_err=-0.216 steer=-0.381 speed=2.586
[gpu_amcl_cpp_node-6] [INFO] [1788994055.811947063] [gpu_amcl_cpp]: AMCL odom delta: at_scan=(-3.422, -4.691, 1.491) baseline=(-3.422, -4.691, 1.491) delta=(0.000, 0.000, 0.000) moved=false scan_age=0.054s
[gpu_amcl_cpp_node-6] [INFO] [1788994056.753268915] [gpu_amcl_cpp]: Received LiDAR callback #3331 (1081 ranges).
[component_container-9] [INFO] [1788994056.856801027] [pure_pursuit_node]: Pure Pursuit: pose=(-2.557, 7.512, -0.080) cte=-0.023 closest=2304 target=2342 path_dist=0.023 heading_err=-0.216 steer=-0.381 speed=2.586
[gpu_amcl_cpp_node-6] [INFO] [1788994056.858312146] [gpu_amcl_cpp]: AMCL odom delta: at_scan=(-3.422, -4.691, 1.491) baseline=(-3.422, -4.691, 1.491) delta=(0.000, 0.000, 0.000) moved=false scan_age=0.052s
[component_container-9] [INFO] [1788994057.882602242] [pure_pursuit_node]: Pure Pursuit: pose=(-2.557, 7.512, -0.080) cte=-0.023 closest=2304 target=2342 path_dist=0.023 heading_err=-0.216 steer=-0.381 speed=2.586
[gpu_amcl_cpp_node-6] [INFO] [1788994057.884476062] [gpu_amcl_cpp]: AMCL odom delta: at_scan=(-3.422, -4.691, 1.491) baseline=(-3.422, -4.691, 1.491) delta=(0.000, 0.000, 0.000) moved=false scan_age=0.051s
[component_container-9] [INFO] [1788994058.931262668] [pure_pursuit_node]: Pure Pursuit: pose=(-2.557, 7.512, -0.080) cte=-0.023 closest=2304 target=2342 path_dist=0.023 heading_err=-0.216 steer=-0.381 speed=2.586
[gpu_amcl_cpp_node-6] [INFO] [1788994058.932943877] [gpu_amcl_cpp]: AMCL odom delta: at_scan=(-3.422, -4.691, 1.491) baseline=(-3.422, -4.691, 1.491) delta=(0.000, 0.000, 0.000) moved=false scan_age=0.053s
[component_container-9] [INFO] [1788994059.980035615] [pure_pursuit_node]: Pure Pursuit: pose=(-2.557, 7.512, -0.080) cte=-0.023 closest=2304 target=2342 path_dist=0.023 heading_err=-0.216 steer=-0.381 speed=2.586
[gpu_amcl_cpp_node-6] [INFO] [1788994059.981832361] [gpu_amcl_cpp]: AMCL odom delta: at_scan=(-3.422, -4.691, 1.491) baseline=(-3.422, -4.691, 1.491) delta=(0.000, 0.000, 0.000) moved=false scan_age=0.052s
[component_container-9] [INFO] [1788994061.007509323] [pure_pursuit_node]: Pure Pursuit: pose=(-2.557, 7.512, -0.080) cte=-0.023 closest=2304 target=2342 path_dist=0.023 heading_err=-0.216 steer=-0.381 speed=2.586
[gpu_amcl_cpp_node-6] [INFO] [1788994061.009240205] [gpu_amcl_cpp]: AMCL odom delta: at_scan=(-3.422, -4.691, 1.491) baseline=(-3.422, -4.691, 1.491) delta=(0.000, 0.000, 0.000) moved=false scan_age=0.053s
[gpu_amcl_cpp_node-6] [INFO] [1788994061.755694850] [gpu_amcl_cpp]: Received LiDAR callback #3418 (1081 ranges).
[component_container-9] [INFO] [1788994062.052431716] [pure_pursuit_node]: Pure Pursuit: pose=(-2.557, 7.512, -0.080) cte=-0.023 closest=2304 target=2342 path_dist=0.023 heading_err=-0.216 steer=-0.381 speed=2.586
[gpu_amcl_cpp_node-6] [INFO] [1788994062.054204647] [gpu_amcl_cpp]: AMCL odom delta: at_scan=(-3.422, -4.691, 1.491) baseline=(-3.422, -4.691, 1.491) delta=(0.000, 0.000, 0.000) moved=false scan_age=0.052s
[component_container-9] [INFO] [1788994063.102861376] [pure_pursuit_node]: Pure Pursuit: pose=(-2.557, 7.512, -0.080) cte=-0.023 closest=2304 target=2342 path_dist=0.023 heading_err=-0.216 steer=-0.381 speed=2.586
[gpu_amcl_cpp_node-6] [INFO] [1788994063.104467755] [gpu_amcl_cpp]: AMCL odom delta: at_scan=(-3.422, -4.691, 1.491) baseline=(-3.422, -4.691, 1.491) delta=(0.000, 0.000, 0.000) moved=false scan_age=0.053s
[component_container-9] [INFO] [1788994064.107217237] [pure_pursuit_node]: Pure Pursuit: pose=(-2.557, 7.512, -0.080) cte=-0.023 closest=2304 target=2342 path_dist=0.023 heading_err=-0.216 steer=-0.381 speed=2.586
[gpu_amcl_cpp_node-6] [INFO] [1788994064.109341969] [gpu_amcl_cpp]: AMCL odom delta: at_scan=(-3.422, -4.691, 1.491) baseline=(-3.422, -4.691, 1.491) delta=(0.000, 0.000, 0.000) moved=false scan_age=0.055s
[gpu_amcl_cpp_node-6] [WARN] [1788994064.734136440] [gpu_amcl_cpp]: Queued LiDAR scan until source-time odometry arrives (queued=1).
[component_container-9] [INFO] [1788994065.159095820] [pure_pursuit_node]: Pure Pursuit: pose=(-2.557, 7.512, -0.080) cte=-0.023 closest=2304 target=2342 path_dist=0.023 heading_err=-0.216 steer=-0.381 speed=2.586
[gpu_amcl_cpp_node-6] [INFO] [1788994065.160698431] [gpu_amcl_cpp]: AMCL odom delta: at_scan=(-3.422, -4.691, 1.491) baseline=(-3.422, -4.691, 1.491) delta=(0.000, 0.000, 0.000) moved=false scan_age=0.053s
[component_container-9] [INFO] [1788994066.207995606] [pure_pursuit_node]: Pure Pursuit: pose=(-2.557, 7.512, -0.080) cte=-0.023 closest=2304 target=2342 path_dist=0.023 heading_err=-0.216 steer=-0.381 speed=2.586
[gpu_amcl_cpp_node-6] [INFO] [1788994066.209831326] [gpu_amcl_cpp]: AMCL odom delta: at_scan=(-3.422, -4.691, 1.491) baseline=(-3.422, -4.691, 1.491) delta=(0.000, 0.000, 0.000) moved=false scan_age=0.054s
[gpu_amcl_cpp_node-6] [INFO] [1788994066.760491302] [gpu_amcl_cpp]: Received LiDAR callback #3504 (1081 ranges).
[component_container-9] [INFO] [1788994067.252913281] [pure_pursuit_node]: Pure Pursuit: pose=(-2.557, 7.512, -0.080) cte=-0.023 closest=2304 target=2342 path_dist=0.023 heading_err=-0.216 steer=-0.381 speed=2.586
[gpu_amcl_cpp_node-6] [INFO] [1788994067.254954025] [gpu_amcl_cpp]: AMCL odom delta: at_scan=(-3.422, -4.691, 1.491) baseline=(-3.422, -4.691, 1.491) delta=(0.000, 0.000, 0.000) moved=false scan_age=0.053s
[component_container-9] [INFO] [1788994068.258552192] [pure_pursuit_node]: Pure Pursuit: pose=(-2.557, 7.512, -0.080) cte=-0.023 closest=2304 target=2342 path_dist=0.023 heading_err=-0.216 steer=-0.381 speed=2.586
[gpu_amcl_cpp_node-6] [INFO] [1788994068.260196141] [gpu_amcl_cpp]: AMCL odom delta: at_scan=(-3.422, -4.691, 1.491) baseline=(-3.422, -4.691, 1.491) delta=(0.000, 0.000, 0.000) moved=false scan_age=0.053s
[component_container-9] [INFO] [1788994069.307791507] [pure_pursuit_node]: Pure Pursuit: pose=(-2.557, 7.512, -0.080) cte=-0.023 closest=2304 target=2342 path_dist=0.023 heading_err=-0.216 steer=-0.381 speed=2.586
[gpu_amcl_cpp_node-6] [INFO] [1788994069.309249056] [gpu_amcl_cpp]: AMCL odom delta: at_scan=(-3.422, -4.691, 1.491) baseline=(-3.422, -4.691, 1.491) delta=(0.000, 0.000, 0.000) moved=false scan_age=0.054s
[calibration-8] [INFO] [1788994069.720307777] [allowed_telemetry_recorder]: Finished (recording duration reached); Data: /workspace/src/f1tenth_planning/analysis/amcl_tuning_campaign_20260909/acceptance_single_sim_ramp_15_to_4mps_20260909_run05/telemetry/sensor_record_20260909_224429.csv
[INFO] [calibration-8]: process has finished cleanly [pid 7419]
[component_container-9] [INFO] [1788994070.352107100] [pure_pursuit_node]: Pure Pursuit: pose=(-2.557, 7.512, -0.080) cte=-0.023 closest=2304 target=2342 path_dist=0.023 heading_err=-0.216 steer=-0.381 speed=2.586
[gpu_amcl_cpp_node-6] [INFO] [1788994070.353814939] [gpu_amcl_cpp]: AMCL odom delta: at_scan=(-3.422, -4.691, 1.491) baseline=(-3.422, -4.691, 1.491) delta=(0.000, 0.000, 0.000) moved=false scan_age=0.052s
[component_container-9] [INFO] [1788994071.358541857] [pure_pursuit_node]: Pure Pursuit: pose=(-2.557, 7.512, -0.080) cte=-0.023 closest=2304 target=2342 path_dist=0.023 heading_err=-0.216 steer=-0.381 speed=2.586
[gpu_amcl_cpp_node-6] [INFO] [1788994071.361173923] [gpu_amcl_cpp]: AMCL odom delta: at_scan=(-3.422, -4.691, 1.491) baseline=(-3.422, -4.691, 1.491) delta=(0.000, 0.000, 0.000) moved=false scan_age=0.054s
[gpu_amcl_cpp_node-6] [INFO] [1788994071.809029935] [gpu_amcl_cpp]: Received LiDAR callback #3590 (1081 ranges).
[component_container-9] [INFO] [1788994072.408286381] [pure_pursuit_node]: Pure Pursuit: pose=(-2.557, 7.512, -0.080) cte=-0.023 closest=2304 target=2342 path_dist=0.023 heading_err=-0.216 steer=-0.381 speed=2.586
[gpu_amcl_cpp_node-6] [INFO] [1788994072.410480895] [gpu_amcl_cpp]: AMCL odom delta: at_scan=(-3.422, -4.691, 1.491) baseline=(-3.422, -4.691, 1.491) delta=(0.000, 0.000, 0.000) moved=false scan_age=0.053s
[component_container-9] [INFO] [1788994073.430577672] [pure_pursuit_node]: Pure Pursuit: pose=(-2.557, 7.512, -0.080) cte=-0.023 closest=2304 target=2342 path_dist=0.023 heading_err=-0.216 steer=-0.381 speed=2.586
[gpu_amcl_cpp_node-6] [INFO] [1788994073.432903362] [gpu_amcl_cpp]: AMCL odom delta: at_scan=(-3.422, -4.691, 1.491) baseline=(-3.422, -4.691, 1.491) delta=(0.000, 0.000, 0.000) moved=false scan_age=0.056s
[component_container-9] [INFO] [1788994074.454676850] [pure_pursuit_node]: Pure Pursuit: pose=(-2.557, 7.512, -0.080) cte=-0.023 closest=2304 target=2342 path_dist=0.023 heading_err=-0.216 steer=-0.381 speed=2.586
[gpu_amcl_cpp_node-6] [INFO] [1788994074.456906700] [gpu_amcl_cpp]: AMCL odom delta: at_scan=(-3.422, -4.691, 1.491) baseline=(-3.422, -4.691, 1.491) delta=(0.000, 0.000, 0.000) moved=false scan_age=0.055s
[component_container-9] [INFO] [1788994075.510515665] [pure_pursuit_node]: Pure Pursuit: pose=(-2.557, 7.512, -0.080) cte=-0.023 closest=2304 target=2342 path_dist=0.023 heading_err=-0.216 steer=-0.381 speed=2.586
[gpu_amcl_cpp_node-6] [INFO] [1788994075.513116823] [gpu_amcl_cpp]: AMCL odom delta: at_scan=(-3.422, -4.691, 1.491) baseline=(-3.422, -4.691, 1.491) delta=(0.000, 0.000, 0.000) moved=false scan_age=0.056s
[component_container-9] [INFO] [1788994076.577440320] [pure_pursuit_node]: Pure Pursuit: pose=(-2.557, 7.512, -0.080) cte=-0.023 closest=2304 target=2342 path_dist=0.023 heading_err=-0.216 steer=-0.381 speed=2.586
[gpu_amcl_cpp_node-6] [INFO] [1788994076.579699455] [gpu_amcl_cpp]: AMCL odom delta: at_scan=(-3.422, -4.691, 1.491) baseline=(-3.422, -4.691, 1.491) delta=(0.000, 0.000, 0.000) moved=false scan_age=0.053s
[gpu_amcl_cpp_node-6] [INFO] [1788994076.812120605] [gpu_amcl_cpp]: Received LiDAR callback #3671 (1081 ranges).
[component_container-9] [INFO] [1788994077.586711598] [pure_pursuit_node]: Pure Pursuit: pose=(-2.557, 7.512, -0.080) cte=-0.023 closest=2304 target=2342 path_dist=0.023 heading_err=-0.216 steer=-0.381 speed=2.586
[gpu_amcl_cpp_node-6] [INFO] [1788994077.589008343] [gpu_amcl_cpp]: AMCL odom delta: at_scan=(-3.422, -4.691, 1.491) baseline=(-3.422, -4.691, 1.491) delta=(0.000, 0.000, 0.000) moved=false scan_age=0.055s
[component_container-9] [INFO] [1788994078.607660426] [pure_pursuit_node]: Pure Pursuit: pose=(-2.557, 7.512, -0.080) cte=-0.023 closest=2304 target=2342 path_dist=0.023 heading_err=-0.216 steer=-0.381 speed=2.586
[gpu_amcl_cpp_node-6] [INFO] [1788994078.610049014] [gpu_amcl_cpp]: AMCL odom delta: at_scan=(-3.422, -4.691, 1.491) baseline=(-3.422, -4.691, 1.491) delta=(0.000, 0.000, 0.000) moved=false scan_age=0.053s
[component_container-9] [INFO] [1788994079.656750051] [pure_pursuit_node]: Pure Pursuit: pose=(-2.557, 7.512, -0.080) cte=-0.023 closest=2304 target=2342 path_dist=0.023 heading_err=-0.216 steer=-0.381 speed=2.586
[gpu_amcl_cpp_node-6] [INFO] [1788994079.659570129] [gpu_amcl_cpp]: AMCL odom delta: at_scan=(-3.422, -4.691, 1.491) baseline=(-3.422, -4.691, 1.491) delta=(0.000, 0.000, 0.000) moved=false scan_age=0.054s
[component_container-9] [INFO] [1788994080.678138496] [pure_pursuit_node]: Pure Pursuit: pose=(-2.557, 7.512, -0.080) cte=-0.023 closest=2304 target=2342 path_dist=0.023 heading_err=-0.216 steer=-0.381 speed=2.586
[gpu_amcl_cpp_node-6] [INFO] [1788994080.680115390] [gpu_amcl_cpp]: AMCL odom delta: at_scan=(-3.422, -4.691, 1.491) baseline=(-3.422, -4.691, 1.491) delta=(0.000, 0.000, 0.000) moved=false scan_age=0.053s
[component_container-9] [INFO] [1788994081.689938635] [pure_pursuit_node]: Pure Pursuit: pose=(-2.557, 7.512, -0.080) cte=-0.023 closest=2304 target=2342 path_dist=0.023 heading_err=-0.216 steer=-0.381 speed=2.586
[gpu_amcl_cpp_node-6] [INFO] [1788994081.692308808] [gpu_amcl_cpp]: AMCL odom delta: at_scan=(-3.422, -4.691, 1.491) baseline=(-3.422, -4.691, 1.491) delta=(0.000, 0.000, 0.000) moved=false scan_age=0.057s
[gpu_amcl_cpp_node-6] [INFO] [1788994081.878712593] [gpu_amcl_cpp]: Received LiDAR callback #3755 (1081 ranges).
[component_container-9] [INFO] [1788994082.738231652] [pure_pursuit_node]: Pure Pursuit: pose=(-2.557, 7.512, -0.080) cte=-0.023 closest=2304 target=2342 path_dist=0.023 heading_err=-0.216 steer=-0.381 speed=2.586
[gpu_amcl_cpp_node-6] [INFO] [1788994082.743146447] [gpu_amcl_cpp]: AMCL odom delta: at_scan=(-3.422, -4.691, 1.491) baseline=(-3.422, -4.691, 1.491) delta=(0.000, 0.000, 0.000) moved=false scan_age=0.061s
[WARNING] [launch]: user interrupted with ctrl-c (SIGINT)
[INFO] [actuator_interface-10]: sending signal 'SIGINT' to process[actuator_interface-10]
[INFO] [component_container-9]: sending signal 'SIGINT' to process[component_container-9]
[INFO] [ground_truth_amcl_monitor-7]: sending signal 'SIGINT' to process[ground_truth_amcl_monitor-7]
[INFO] [gpu_amcl_cpp_node-6]: sending signal 'SIGINT' to process[gpu_amcl_cpp_node-6]
[INFO] [lifecycle_manager-5]: sending signal 'SIGINT' to process[lifecycle_manager-5]
[INFO] [map_server-4]: sending signal 'SIGINT' to process[map_server-4]
[INFO] [ekf_localization_node-3]: sending signal 'SIGINT' to process[ekf_localization_node-3]
[INFO] [sensor_odometry_node-2]: sending signal 'SIGINT' to process[sensor_odometry_node-2]
[INFO] [autodrive_bridge_40hz-1]: sending signal 'SIGINT' to process[autodrive_bridge_40hz-1]
[component_container-9] [INFO] [1788994082.886523627] [rclcpp]: signal_handler(SIGINT/SIGTERM)
[gpu_amcl_cpp_node-6] [INFO] [1788994082.889693873] [rclcpp]: signal_handler(SIGINT/SIGTERM)
[lifecycle_manager-5] [INFO] [1788994082.891582191] [rclcpp]: signal_handler(SIGINT/SIGTERM)
[lifecycle_manager-5] [INFO] [1788994082.891734868] [lifecycle_manager_map]: Running Nav2 LifecycleManager rcl preshutdown (lifecycle_manager_map)
[lifecycle_manager-5] [INFO] [1788994082.891808527] [lifecycle_manager_map]: [34m[1mTerminating bond timer...[0m[0m
[map_server-4] [INFO] [1788994082.893688319] [rclcpp]: signal_handler(SIGINT/SIGTERM)
[map_server-4] [INFO] [1788994082.893804407] [map_server]: Running Nav2 LifecycleNode rcl preshutdown (map_server)
[map_server-4] [INFO] [1788994082.893901038] [map_server]: Deactivating
[map_server-4] [INFO] [1788994082.893932548] [map_server]: Destroying bond (map_server) to lifecycle manager.
[ekf_localization_node-3] [INFO] [1788994082.895752167] [rclcpp]: signal_handler(SIGINT/SIGTERM)
[sensor_odometry_node-2] [INFO] [1788994082.897585602] [rclcpp]: signal_handler(SIGINT/SIGTERM)
[autodrive_bridge_40hz-1] KeyboardInterrupt
[autodrive_bridge_40hz-1] 2026-09-09T22:48:02Z
[autodrive_bridge_40hz-1] Traceback (most recent call last):
[autodrive_bridge_40hz-1]   File "/workspace/install/lib/sdu_apex_autodrive/autodrive_bridge_40hz", line 33, in <module>
[autodrive_bridge_40hz-1]     sys.exit(load_entry_point('sdu-apex-autodrive', 'console_scripts', 'autodrive_bridge_40hz')())
[autodrive_bridge_40hz-1]   File "/workspace/build/sdu_apex_autodrive/sdu_apex_autodrive/bridge_40hz.py", line 443, in main
[autodrive_bridge_40hz-1]     official_bridge.main()
[autodrive_bridge_40hz-1]   File "/home/autodrive_devkit/install/autodrive_roboracer/lib/python3.10/site-packages/autodrive_roboracer/autodrive_bridge.py", line 442, in main
[autodrive_bridge_40hz-1]     pywsgi.WSGIServer(('', 4567), app, handler_class=WebSocketHandler).serve_forever() # Deploy as a gevent WSGI server
[autodrive_bridge_40hz-1]   File "/usr/local/lib/python3.10/dist-packages/gevent/baseserver.py", line 400, in serve_forever
[autodrive_bridge_40hz-1]     self._stop_event.wait()
[autodrive_bridge_40hz-1]   File "src/gevent/event.py", line 163, in gevent._gevent_cevent.Event.wait
[autodrive_bridge_40hz-1]   File "src/gevent/_abstract_linkable.py", line 521, in gevent._gevent_c_abstract_linkable.AbstractLinkable._wait
[autodrive_bridge_40hz-1]   File "src/gevent/_abstract_linkable.py", line 487, in gevent._gevent_c_abstract_linkable.AbstractLinkable._wait_core
[autodrive_bridge_40hz-1]   File "src/gevent/_abstract_linkable.py", line 490, in gevent._gevent_c_abstract_linkable.AbstractLinkable._wait_core
[autodrive_bridge_40hz-1]   File "src/gevent/_abstract_linkable.py", line 442, in gevent._gevent_c_abstract_linkable.AbstractLinkable._AbstractLinkable__wait_to_be_notified
[autodrive_bridge_40hz-1]   File "src/gevent/_abstract_linkable.py", line 451, in gevent._gevent_c_abstract_linkable.AbstractLinkable._switch_to_hub
[autodrive_bridge_40hz-1]   File "src/gevent/_greenlet_primitives.py", line 61, in gevent._gevent_c_greenlet_primitives.SwitchOutGreenletWithLoop.switch
[autodrive_bridge_40hz-1]   File "src/gevent/_greenlet_primitives.py", line 65, in gevent._gevent_c_greenlet_primitives.SwitchOutGreenletWithLoop.switch
[autodrive_bridge_40hz-1]   File "src/gevent/_gevent_c_greenlet_primitives.pxd", line 35, in gevent._gevent_c_greenlet_primitives._greenlet_switch
[autodrive_bridge_40hz-1]   File "/usr/local/lib/python3.10/dist-packages/socketio/client.py", line 25, in signal_handler
[autodrive_bridge_40hz-1]     return original_signal_handler(sig, frame)
[autodrive_bridge_40hz-1] KeyboardInterrupt
[map_server-4] [INFO] [1788994082.904241718] [map_server]: Cleaning up
[map_server-4] [INFO] [1788994082.904414493] [map_server]: Destroying bond (map_server) to lifecycle manager.
[lifecycle_manager-5] [INFO] [1788994082.916761292] [lifecycle_manager_map]: Destroying lifecycle_manager_map
[map_server-4] [INFO] [1788994082.917609315] [map_server]: Destroying
[INFO] [ekf_localization_node-3]: process has finished cleanly [pid 7409]
[INFO] [component_container-9]: process has finished cleanly [pid 7421]
[INFO] [lifecycle_manager-5]: process has finished cleanly [pid 7413]
[INFO] [sensor_odometry_node-2]: process has finished cleanly [pid 7407]
[INFO] [map_server-4]: process has finished cleanly [pid 7411]
[ERROR] [autodrive_bridge_40hz-1]: process has died [pid 7405, exit code -2, cmd '/workspace/install/lib/sdu_apex_autodrive/autodrive_bridge_40hz --ros-args -r __node:=autodrive_bridge'].
[INFO] [actuator_interface-10]: process has finished cleanly [pid 7423]
[INFO] [ground_truth_amcl_monitor-7]: process has finished cleanly [pid 7417]
[INFO] [gpu_amcl_cpp_node-6]: process has finished cleanly [pid 7415]
