event_index,arrival_monotonic_ns,topic,message_type,header_stamp_ns,simulation_time_s,payload_json
46,13663483107510,/odom,Odometry,1789302408409411127,,"{""lateral_speed_mps"":0.0,""speed_mps"":0.0,""x_m"":0.0,""y_m"":0.0,""yaw_rate_radps"":0.0}"
55,13663502732745,/odom,Odometry,1789302408434060539,,"{""lateral_speed_mps"":0.0,""speed_mps"":0.0,""x_m"":0.0,""y_m"":0.0,""yaw_rate_radps"":0.0}"
64,13663528789444,/odom,Odometry,1789302408459233667,,"{""lateral_speed_mps"":0.0,""speed_mps"":0.0,""x_m"":0.0,""y_m"":0.0,""yaw_rate_radps"":0.0}"
73,13663552508227,/odom,Odometry,1789302408484277582,,"{""lateral_speed_mps"":0.0,""speed_mps"":0.0,""x_m"":0.0,""y_m"":0.0,""yaw_rate_radps"":0.0}"
82,13663576953546,/odom,Odometry,1789302408509213494,,"{""lateral_speed_mps"":0.0,""speed_mps"":0.0,""x_m"":0.0,""y_m"":0.0,""yaw_rate_radps"":0.0}"
91,13663603169976,/odom,Odometry,1789302408533796021,,"{""lateral_speed_mps"":0.0,""speed_mps"":0.0,""x_m"":0.0,""y_m"":0.0,""yaw_rate_radps"":0.0}"
100,13663627973759,/odom,Odometry,1789302408558942408,,"{""lateral_speed_mps"":0.0,""speed_mps"":0.0,""x_m"":0.0,""y_m"":0.0,""yaw_rate_radps"":0.0}"
109,13663653426693,/odom,Odometry,1789302408583635594,,"{""lateral_speed_mps"":0.0,""speed_mps"":0.0,""x_m"":0.0,""y_m"":0.0,""yaw_rate_radps"":0.0}"
118,13663677848247,/odom,Odometry,1789302408608693926,,"{""lateral_speed_mps"":0.0,""speed_mps"":0.0,""x_m"":0.0,""y_m"":0.0,""yaw_rate_radps"":0.0}"
127,13663704442598,/odom,Odometry,1789302408634301210,,"{""lateral_speed_mps"":0.0,""speed_mps"":0.0,""x_m"":0.0,""y_m"":0.0,""yaw_rate_radps"":0.0}"
135,13663728564940,/odom,Odometry,1789302408659482293,,"{""lateral_speed_mps"":0.0,""speed_mps"":0.0,""x_m"":0.0,""y_m"":0.0,""yaw_rate_radps"":0.0}"
144,13663752798400,/odom,Odometry,1789302408684415169,,"{""lateral_speed_mps"":0.0,""speed_mps"":0.0,""x_m"":0.0,""y_m"":0.0,""yaw_rate_radps"":0.0}"
154,13663778168739,/odom,Odometry,1789302408708693404,,"{""lateral_speed_mps"":0.0,""speed_mps"":0.0,""x_m"":0.0,""y_m"":0.0,""yaw_rate_radps"":0.0}"
162,13663802173700,/odom,Odometry,1789302408733700479,,"{""lateral_speed_mps"":0.0,""speed_mps"":0.0,""x_m"":0.0,""y_m"":0.0,""yaw_rate_radps"":0.0}"
172,13663826993243,/odom,Odometry,1789302408758749975,,"{""lateral_speed_mps"":0.0,""speed_mps"":0.0,""x_m"":0.0,""y_m"":0.0,""yaw_rate_radps"":0.0}"
181,13663851939534,/odom,Odometry,1789302408783698780,,"{""lateral_speed_mps"":0.0,""speed_mps"":0.0,""x_m"":0.0,""y_m"":0.0,""yaw_rate_radps"":0.0}"
190,13663876818409,/odom,Odometry,1789302408808768303,,"{""lateral_speed_mps"":0.0,""speed_mps"":0.0,""x_m"":0.0,""y_m"":0.0,""yaw_rate_radps"":0.0}"
198,13663903041701,/odom,Odometry,1789302408834471859,,"{""lateral_speed_mps"":0.0,""speed_mps"":0.0,""x_m"":0.0,""y_m"":0.0,""yaw_rate_radps"":0.0}"
208,13663928914365,/odom,Odometry,1789302408859303364,,"{""lateral_speed_mps"":0.0,""speed_mps"":0.0,""x_m"":0.0,""y_m"":0.0,""yaw_rate_radps"":0.0}"
217,13663953302626,/odom,Odometry,1789302408884451304,,"{""lateral_speed_mps"":0.0,""speed_mps"":0.0,""x_m"":0.0,""y_m"":0.0,""yaw_rate_radps"":0.0}"
226,13663978650122,/odom,Odometry,1789302408909042448,,"{""lateral_speed_mps"":0.0,""speed_mps"":0.0,""x_m"":0.0,""y_m"":0.0,""yaw_rate_radps"":0.0}"
234,13664002445830,/odom,Odometry,1789302408933494239,,"{""lateral_speed_mps"":0.0,""speed_mps"":0.0,""x_m"":0.0,""y_m"":0.0,""yaw_rate_radps"":0.0}"
244,13664028247329,/odom,Odometry,1789302408958739292,,"{""lateral_speed_mps"":0.0,""speed_mps"":0.0,""x_m"":0.0,""y_m"":0.0,""yaw_rate_radps"":0.0}"
252,13664052403364,/odom,Odometry,1789302408983692877,,"{""lateral_speed_mps"":0.0,""speed_mps"":0.0,""x_m"":0.0,""y_m"":0.0,""yaw_rate_radps"":0.0}"
262,13664079188293,/odom,Odometry,1789302409009425908,,"{""lateral_speed_mps"":0.0,""speed_mps"":0.0,""x_m"":0.0,""y_m"":0.0,""yaw_rate_radps"":0.0}"
271,13664104273866,/odom,Odometry,1789302409034179036,,"{""lateral_speed_mps"":0.0,""speed_mps"":0.0,""x_m"":0.0,""y_m"":0.0,""yaw_rate_radps"":0.0}"
280,13664127835363,/odom,Odometry,1789302409058830433,,"{""lateral_speed_mps"":0.0,""speed_mps"":0.0,""x_m"":0.0,""y_m"":0.0,""yaw_rate_radps"":0.0}"
289,13664152170756,/odom,Odometry,1789302409083624638,,"{""lateral_speed_mps"":0.0,""speed_mps"":0.0,""x_m"":0.0,""y_m"":0.0,""yaw_rate_radps"":0.0}"
298,13664177745569,/odom,Odometry,1789302409108761417,,"{""lateral_speed_mps"":0.0,""speed_mps"":0.0,""x_m"":0.0,""y_m"":0.0,""yaw_rate_radps"":0.0}"
307,13664202504848,/odom,Odometry,1789302409133657223,,"{""lateral_speed_mps"":0.0,""speed_mps"":0.0,""x_m"":0.0,""y_m"":0.0,""yaw_rate_radps"":0.0}"
315,13664228273837,/odom,Odometry,1789302409158603374,,"{""lateral_speed_mps"":0.0,""speed_mps"":0.0,""x_m"":0.0,""y_m"":0.0,""yaw_rate_radps"":0.0}"
325,13664255357297,/odom,Odometry,1789302409183668369,,"{""lateral_speed_mps"":0.0,""speed_mps"":0.0,""x_m"":0.0,""y_m"":0.0,""yaw_rate_radps"":0.0}"
333,13664282729270,/odom,Odometry,1789302409208922679,,"{""lateral_speed_mps"":0.0,""speed_mps"":0.0,""x_m"":0.0,""y_m"":0.0,""yaw_rate_radps"":0.0}"
343,13664303250830,/odom,Odometry,1789302409233956796,,"{""lateral_speed_mps"":0.0,""speed_mps"":0.0,""x_m"":0.0,""y_m"":0.0,""yaw_rate_radps"":0.0}"
351,13664327742947,/odom,Odometry,1789302409258471666,,"{""lateral_speed_mps"":0.0,""speed_mps"":0.0,""x_m"":0.0,""y_m"":0.0,""yaw_rate_radps"":0.0}"
361,13664352157258,/odom,Odometry,1789302409283462641,,"{""lateral_speed_mps"":0.0,""speed_mps"":0.0,""x_m"":0.0,""y_m"":0.0,""yaw_rate_radps"":0.0}"
370,13664376947807,/odom,Odometry,1789302409308457724,,"{""lateral_speed_mps"":0.0,""speed_mps"":0.0,""x_m"":0.0,""y_m"":0.0,""yaw_rate_radps"":0.0}"
379,13664402153375,/odom,Odometry,1789302409334354002,,"{""lateral_speed_mps"":0.0,""speed_mps"":0.0,""x_m"":0.0,""y_m"":0.0,""yaw_rate_radps"":0.0}"
388,13664428474131,/odom,Odometry,1789302409359321112,,"{""lateral_speed_mps"":0.0,""speed_mps"":0.0,""x_m"":0.0,""y_m"":0.0,""yaw_rate_radps"":0.0}"
397,13664452236807,/odom,Odometry,1789302409384288062,,"{""lateral_speed_mps"":0.0,""speed_mps"":0.0,""x_m"":0.0,""y_m"":0.0,""yaw_rate_radps"":0.0}"
406,13664476688808,/odom,Odometry,1789302409408824372,,"{""lateral_speed_mps"":0.0,""speed_mps"":0.0,""x_m"":0.0,""y_m"":0.0,""yaw_rate_radps"":0.0}"
415,13664501687198,/odom,Odometry,1789302409434072271,,"{""lateral_speed_mps"":0.0,""speed_mps"":0.0,""x_m"":0.0,""y_m"":0.0,""yaw_rate_radps"":0.0}"
424,13664527119252,/odom,Odometry,1789302409458571972,,"{""lateral_speed_mps"":0.0,""speed_mps"":0.0,""x_m"":0.0,""y_m"":0.0,""yaw_rate_radps"":0.0}"
432,13664552789826,/odom,Odometry,1789302409483956618,,"{""lateral_speed_mps"":0.0,""speed_mps"":0.0,""x_m"":0.0,""y_m"":0.0,""yaw_rate_radps"":0.0}"
442,13664577144985,/odom,Odometry,1789302409508445369,,"{""lateral_speed_mps"":0.0,""speed_mps"":0.0,""x_m"":0.0,""y_m"":0.0,""yaw_rate_radps"":0.0}"
450,13664602569396,/odom,Odometry,1789302409533595884,,"{""lateral_speed_mps"":0.0,""speed_mps"":0.0,""x_m"":0.0,""y_m"":0.0,""yaw_rate_radps"":0.0}"
460,13664630219962,/odom,Odometry,1789302409559447467,,"{""lateral_speed_mps"":0.0,""speed_mps"":0.0,""x_m"":0.0,""y_m"":0.0,""yaw_rate_radps"":0.0}"
469,13664652432783,/odom,Odometry,1789302409584078145,,"{""lateral_speed_mps"":0.0,""speed_mps"":0.0,""x_m"":0.0,""y_m"":0.0,""yaw_rate_radps"":0.0}"
477,13664677083739,/odom,Odometry,1789302409608749339,,"{""lateral_speed_mps"":0.0,""speed_mps"":0.0,""x_m"":0.0,""y_m"":0.0,""yaw_rate_radps"":0.0}"
487,13664702090815,/odom,Odometry,1789302409633597676,,"{""lateral_speed_mps"":0.0,""speed_mps"":0.0,""x_m"":0.0,""y_m"":0.0,""yaw_rate_radps"":0.0}"
496,13664727482293,/odom,Odometry,1789302409658691916,,"{""lateral_speed_mps"":0.0,""speed_mps"":0.0,""x_m"":0.0,""y_m"":0.0,""yaw_rate_radps"":0.0}"
504,13664752529073,/odom,Odometry,1789302409684032037,,"{""lateral_speed_mps"":0.0,""speed_mps"":0.0,""x_m"":0.0,""y_m"":0.0,""yaw_rate_radps"":0.0}"
514,13664777390635,/odom,Odometry,1789302409709194655,,"{""lateral_speed_mps"":0.0,""speed_mps"":0.0,""x_m"":0.0,""y_m"":0.0,""yaw_rate_radps"":0.0}"
523,13664801979955,/odom,Odometry,1789302409733648631,,"{""lateral_speed_mps"":0.0,""speed_mps"":0.0,""x_m"":0.0,""y_m"":0.0,""yaw_rate_radps"":0.0}"
531,13664826965380,/odom,Odometry,1789302409759389256,,"{""lateral_speed_mps"":0.0,""speed_mps"":0.0,""x_m"":0.0,""y_m"":0.0,""yaw_rate_radps"":0.0}"
541,13664853639240,/odom,Odometry,1789302409784461995,,"{""lateral_speed_mps"":0.0,""speed_mps"":0.0,""x_m"":0.0,""y_m"":0.0,""yaw_rate_radps"":0.0}"
549,13664877687512,/odom,Odometry,1789302409808703360,,"{""lateral_speed_mps"":0.0,""speed_mps"":0.0,""x_m"":0.0,""y_m"":0.0,""yaw_rate_radps"":0.0}"
559,13664904462142,/odom,Odometry,1789302409834345360,,"{""lateral_speed_mps"":0.0,""speed_mps"":0.0,""x_m"":0.0,""y_m"":0.0,""yaw_rate_radps"":0.0}"
567,13664927104721,/odom,Odometry,1789302409858891849,,"{""lateral_speed_mps"":0.0,""speed_mps"":0.0,""x_m"":0.0,""y_m"":0.0,""yaw_rate_radps"":0.0}"
577,13664955236472,/odom,Odometry,1789302409883903113,,"{""lateral_speed_mps"":0.0,""speed_mps"":0.0,""x_m"":0.0,""y_m"":0.0,""yaw_rate_radps"":0.0}"
586,13664976614383,/odom,Odometry,1789302409909206836,,"{""lateral_speed_mps"":0.0,""speed_mps"":0.0,""x_m"":0.0,""y_m"":0.0,""yaw_rate_radps"":0.0}"
595,13665003022012,/odom,Odometry,1789302409934409419,,"{""lateral_speed_mps"":0.0,""speed_mps"":0.0,""x_m"":0.0,""y_m"":0.0,""yaw_rate_radps"":0.0}"
604,13665027191994,/odom,Odometry,1789302409959298323,,"{""lateral_speed_mps"":0.0,""speed_mps"":0.0,""x_m"":0.0,""y_m"":0.0,""yaw_rate_radps"":0.0}"
612,13665051439401,/odom,Odometry,1789302409983753711,,"{""lateral_speed_mps"":0.0,""speed_mps"":0.0,""x_m"":0.0,""y_m"":0.0,""yaw_rate_radps"":0.0}"
622,13665077319778,/odom,Odometry,1789302410009230510,,"{""lateral_speed_mps"":0.0,""speed_mps"":0.0,""x_m"":0.0,""y_m"":0.0,""yaw_rate_radps"":0.0}"
631,13665101641004,/odom,Odometry,1789302410033455294,,"{""lateral_speed_mps"":0.0,""speed_mps"":0.0,""x_m"":0.0,""y_m"":0.0,""yaw_rate_radps"":0.0}"
640,13665127465717,/odom,Odometry,1789302410059035227,,"{""lateral_speed_mps"":0.0,""speed_mps"":0.0,""x_m"":0.0,""y_m"":0.0,""yaw_rate_radps"":0.0}"
648,13665151695601,/odom,Odometry,1789302410083801299,,"{""lateral_speed_mps"":0.0,""speed_mps"":0.0,""x_m"":0.0,""y_m"":0.0,""yaw_rate_radps"":0.0}"
658,13665176533870,/odom,Odometry,1789302410109046462,,"{""lateral_speed_mps"":0.0,""speed_mps"":0.0,""x_m"":0.0,""y_m"":0.0,""yaw_rate_radps"":0.0}"
666,13665201467768,/odom,Odometry,1789302410133903215,,"{""lateral_speed_mps"":0.0,""speed_mps"":0.0,""x_m"":0.0,""y_m"":0.0,""yaw_rate_radps"":0.0}"
676,13665226855529,/odom,Odometry,1789302410159048651,,"{""lateral_speed_mps"":0.0,""speed_mps"":0.0,""x_m"":0.0,""y_m"":0.0,""yaw_rate_radps"":0.0}"
685,13665251901778,/odom,Odometry,1789302410184422747,,"{""lateral_speed_mps"":0.0,""speed_mps"":0.0,""x_m"":0.0,""y_m"":0.0,""yaw_rate_radps"":0.0}"
694,13665277998032,/odom,Odometry,1789302410209393113,,"{""lateral_speed_mps"":0.0,""speed_mps"":0.0,""x_m"":0.0,""y_m"":0.0,""yaw_rate_radps"":0.0}"
703,13665302230401,/odom,Odometry,1789302410233551122,,"{""lateral_speed_mps"":0.0,""speed_mps"":0.0,""x_m"":0.0,""y_m"":0.0,""yaw_rate_radps"":0.0}"
712,13665326958872,/odom,Odometry,1789302410258510177,,"{""lateral_speed_mps"":0.0,""speed_mps"":0.0,""x_m"":0.0,""y_m"":0.0,""yaw_rate_radps"":0.0}"
720,13665352363094,/odom,Odometry,1789302410284286369,,"{""lateral_speed_mps"":0.0,""speed_mps"":0.0,""x_m"":0.0,""y_m"":0.0,""yaw_rate_radps"":0.0}"
730,13665377994815,/odom,Odometry,1789302410308868355,,"{""lateral_speed_mps"":0.0,""speed_mps"":0.0,""x_m"":0.0,""y_m"":0.0,""yaw_rate_radps"":0.0}"
738,13665401638035,/odom,Odometry,1789302410334155778,,"{""lateral_speed_mps"":0.0,""speed_mps"":0.0,""x_m"":0.0,""y_m"":0.0,""yaw_rate_radps"":0.0}"
748,13665427083014,/odom,Odometry,1789302410359219240,,"{""lateral_speed_mps"":0.0,""speed_mps"":0.0,""x_m"":0.0,""y_m"":0.0,""yaw_rate_radps"":0.0}"
757,13665452091192,/odom,Odometry,1789302410383989850,,"{""lateral_speed_mps"":0.0,""speed_mps"":0.0,""x_m"":0.0,""y_m"":0.0,""yaw_rate_radps"":0.0}"
765,13665476903141,/odom,Odometry,1789302410408739402,,"{""lateral_speed_mps"":0.0,""speed_mps"":0.0,""x_m"":0.0,""y_m"":0.0,""yaw_rate_radps"":0.0}"
774,13665502151851,/odom,Odometry,1789302410433895407,,"{""lateral_speed_mps"":0.0,""speed_mps"":0.0,""x_m"":0.0,""y_m"":0.0,""yaw_rate_radps"":0.0}"
784,13665526925066,/odom,Odometry,1789302410459312173,,"{""lateral_speed_mps"":0.0,""speed_mps"":0.0,""x_m"":0.0,""y_m"":0.0,""yaw_rate_radps"":0.0}"
793,13665552051687,/odom,Odometry,1789302410483857270,,"{""lateral_speed_mps"":0.0,""speed_mps"":0.1310700559616089,""x_m"":0.0016085542666509271,""y_m"":2.4219949015924092e-08,""yaw_rate_radps"":0.0}"
802,13665577183186,/odom,Odometry,1789302410509396456,,"{""lateral_speed_mps"":0.0,""speed_mps"":0.2668706979751587,""x_m"":0.006690137946867744,""y_m"":2.682937191091637e-07,""yaw_rate_radps"":0.0}"
811,13665602763219,/odom,Odometry,1789302410533543665,,"{""lateral_speed_mps"":0.0,""speed_mps"":0.3942403141736984,""x_m"":0.014672151684678357,""y_m"":-2.1814973609381607e-07,""yaw_rate_radps"":0.0}"
820,13665629282128,/odom,Odometry,1789302410559203117,,"{""lateral_speed_mps"":0.0,""speed_mps"":0.5286925993919372,""x_m"":0.026513068251947308,""y_m"":-2.284974407088421e-06,""yaw_rate_radps"":0.0}"
829,13665652209122,/odom,Odometry,1789302410583902153,,"{""lateral_speed_mps"":0.0,""speed_mps"":5.86064141454456,""x_m"":0.10541882220384648,""y_m"":-1.4289980055270213e-05,""yaw_rate_radps"":0.0}"
838,13665679105200,/odom,Odometry,1789302410609090350,,"{""lateral_speed_mps"":0.0,""speed_mps"":5.991672224138991,""x_m"":0.25468667633725234,""y_m"":-3.438439493550864e-05,""yaw_rate_radps"":0.0}"
847,13665703757798,/odom,Odometry,1789302410634122793,,"{""lateral_speed_mps"":0.0,""speed_mps"":6.0252290564741395,""x_m"":0.4050933378486332,""y_m"":-5.239816710790325e-05,""yaw_rate_radps"":0.0}"
856,13665728220841,/odom,Odometry,1789302410658717563,,"{""lateral_speed_mps"":0.0,""speed_mps"":6.06444707796109,""x_m"":0.5537648222579608,""y_m"":-6.836031035545136e-05,""yaw_rate_radps"":0.0}"
865,13665753274013,/odom,Odometry,1789302410683668493,,"{""lateral_speed_mps"":0.0,""speed_mps"":6.0695762508338795,""x_m"":0.7051427151609717,""y_m"":-8.304605798274757e-05,""yaw_rate_radps"":0.0}"
874,13665779908118,/odom,Odometry,1789302410708766840,,"{""lateral_speed_mps"":0.0,""speed_mps"":6.064939659021635,""x_m"":0.857420719415279,""y_m"":-9.667843543508852e-05,""yaw_rate_radps"":0.0}"
883,13665804524429,/odom,Odometry,1789302410733923327,,"{""lateral_speed_mps"":0.0,""speed_mps"":6.064800365888731,""x_m"":1.009991608950737,""y_m"":-0.00010942151562065977,""yaw_rate_radps"":0.0}"
891,13665829678631,/odom,Odometry,1789302410759246336,,"{""lateral_speed_mps"":0.0,""speed_mps"":6.081871450868052,""x_m"":1.1637861721355585,""y_m"":-0.00012139932160906823,""yaw_rate_radps"":0.0}"
900,13665853674175,/odom,Odometry,1789302410784029992,,"{""lateral_speed_mps"":0.0,""speed_mps"":6.041805388879753,""x_m"":1.3140204188775706,""y_m"":-0.00013243124801788546,""yaw_rate_radps"":0.0}"
910,13665880375035,/odom,Odometry,1789302410809289191,,"{""lateral_speed_mps"":0.0,""speed_mps"":6.078451735235328,""x_m"":1.4670947594514359,""y_m"":-0.00014303642434180408,""yaw_rate_radps"":0.0}"
919,13665904669821,/odom,Odometry,1789302410834432683,,"{""lateral_speed_mps"":0.0,""speed_mps"":6.033820813471117,""x_m"":1.619367968577504,""y_m"":-0.00015298458043588276,""yaw_rate_radps"":0.0}"
927,13665928065587,/odom,Odometry,1789302410858663509,,"{""lateral_speed_mps"":0.0,""speed_mps"":6.06271800424364,""x_m"":1.7659218824255694,""y_m"":-0.00016222932454896803,""yaw_rate_radps"":0.0}"
936,13665952797124,/odom,Odometry,1789302410884016605,,"{""lateral_speed_mps"":0.0,""speed_mps"":6.025722729542933,""x_m"":1.9191621693483067,""y_m"":-0.0001715694324012258,""yaw_rate_radps"":0.0}"
946,13665979191248,/odom,Odometry,1789302410909468878,,"{""lateral_speed_mps"":0.0,""speed_mps"":6.042529583099565,""x_m"":2.0727450132960565,""y_m"":-0.00018061248770189685,""yaw_rate_radps"":0.0}"
954,13666002477267,/odom,Odometry,1789302410934128350,,"{""lateral_speed_mps"":0.0,""speed_mps"":6.019133875641639,""x_m"":2.221461676156865,""y_m"":-0.00018917270461760117,""yaw_rate_radps"":0.0}"
964,13666027764469,/odom,Odometry,1789302410959154491,,"{""lateral_speed_mps"":0.0,""speed_mps"":6.025175206445619,""x_m"":2.3721726152563187,""y_m"":-0.00019765479531188868,""yaw_rate_radps"":0.0}"
972,13666051772466,/odom,Odometry,1789302410983968905,,"{""lateral_speed_mps"":0.0,""speed_mps"":6.038037786334684,""x_m"":2.521844552052838,""y_m"":-0.0002058928100675441,""yaw_rate_radps"":0.0}"
981,13666076929514,/odom,Odometry,1789302411008522167,,"{""lateral_speed_mps"":0.0,""speed_mps"":6.072556104072161,""x_m"":2.670520624269838,""y_m"":-0.00021389759424461343,""yaw_rate_radps"":0.0}"
991,13666103477287,/odom,Odometry,1789302411034342021,,"{""lateral_speed_mps"":0.0,""speed_mps"":6.098219843115368,""x_m"":2.8276454441354955,""y_m"":-0.00022217499172704587,""yaw_rate_radps"":0.0}"
1000,13666129111842,/odom,Odometry,1789302411058827195,,"{""lateral_speed_mps"":0.0,""speed_mps"":5.990506388388848,""x_m"":2.975642347177978,""y_m"":-0.0002298871659743597,""yaw_rate_radps"":0.0}"
1009,13666151903251,/odom,Odometry,1789302411083495032,,"{""lateral_speed_mps"":0.0,""speed_mps"":6.071949316430995,""x_m"":3.1244191067290923,""y_m"":-0.00023755814914334255,""yaw_rate_radps"":0.0}"
1017,13666176866234,/odom,Odometry,1789302411108786503,,"{""lateral_speed_mps"":0.0,""speed_mps"":6.044093400608558,""x_m"":3.2776352076306225,""y_m"":-0.0002453737549413784,""yaw_rate_radps"":0.0}"
1027,13666202880273,/odom,Odometry,1789302411134416309,,"{""lateral_speed_mps"":0.0,""speed_mps"":6.0497446975047,""x_m"":3.4326177260521167,""y_m"":-0.00025319732325909596,""yaw_rate_radps"":0.0}"
1036,13666227121999,/odom,Odometry,1789302411159047107,,"{""lateral_speed_mps"":0.0,""speed_mps"":6.145329873529384,""x_m"":3.5828048557030985,""y_m"":-0.0002606992173645294,""yaw_rate_radps"":0.0}"
1045,13666252074843,/odom,Odometry,1789302411183770399,,"{""lateral_speed_mps"":0.0,""speed_mps"":6.053778133489944,""x_m"":3.73360445228906,""y_m"":-0.0002682317043849481,""yaw_rate_radps"":0.0}"
1053,13666276513249,/odom,Odometry,1789302411208576537,,"{""lateral_speed_mps"":0.0,""speed_mps"":6.0504345131141735,""x_m"":3.883734581540152,""y_m"":-0.00027565418294415057,""yaw_rate_radps"":0.0}"
1063,13666302440976,/odom,Odometry,1789302411234150258,,"{""lateral_speed_mps"":0.0,""speed_mps"":6.038792910155075,""x_m"":4.038316462055946,""y_m"":-0.00028321791860867876,""yaw_rate_radps"":0.0}"
1072,13666326940196,/odom,Odometry,1789302411258996511,,"{""lateral_speed_mps"":0.0,""speed_mps"":6.027177084693571,""x_m"":4.1882139098289155,""y_m"":-0.00029055244363812625,""yaw_rate_radps"":0.0}"
1081,13666351835542,/odom,Odometry,1789302411284399722,,"{""lateral_speed_mps"":0.0,""speed_mps"":6.018123246826457,""x_m"":4.3412088648306,""y_m"":-0.00029803853058297283,""yaw_rate_radps"":0.0}"
1090,13666377911447,/odom,Odometry,1789302411309465347,,"{""lateral_speed_mps"":0.0,""speed_mps"":6.053670595402293,""x_m"":4.4925026075500165,""y_m"":-0.0003053672410090297,""yaw_rate_radps"":0.0}"
1099,13666401773019,/odom,Odometry,1789302411334045851,,"{""lateral_speed_mps"":0.0,""speed_mps"":6.033850662238608,""x_m"":4.641062577536557,""y_m"":-0.00031249073059950674,""yaw_rate_radps"":0.0}"
1107,13666426987594,/odom,Odometry,1789302411359335858,,"{""lateral_speed_mps"":0.0,""speed_mps"":6.032631275063212,""x_m"":4.79364331602689,""y_m"":-0.0003198070170960755,""yaw_rate_radps"":0.0}"
1117,13666453075292,/odom,Odometry,1789302411384433133,,"{""lateral_speed_mps"":0.0,""speed_mps"":6.0994633314955555,""x_m"":4.945883704097385,""y_m"":-0.0003271069837005962,""yaw_rate_radps"":0.0}"
1126,13666476696040,/odom,Odometry,1789302411409017193,,"{""lateral_speed_mps"":0.0,""speed_mps"":6.0753860518258795,""x_m"":5.095535835675097,""y_m"":-0.0003342828427263022,""yaw_rate_radps"":0.0}"
1135,13666502384718,/odom,Odometry,1789302411434131991,,"{""lateral_speed_mps"":0.0,""speed_mps"":6.052201430636368,""x_m"":5.247828094883528,""y_m"":-0.00034158529656551454,""yaw_rate_radps"":0.0}"
1144,13666527179965,/odom,Odometry,1789302411458691756,,"{""lateral_speed_mps"":0.0,""speed_mps"":6.067080789010391,""x_m"":5.3966512821504535,""y_m"":-0.0003487214074937384,""yaw_rate_radps"":0.0}"
1153,13666552198742,/odom,Odometry,1789302411483651673,,"{""lateral_speed_mps"":0.0,""speed_mps"":6.084678384420507,""x_m"":5.548304037252772,""y_m"":-0.0003559219185727497,""yaw_rate_radps"":0.0}"
1161,13666576502836,/odom,Odometry,1789302411508620086,,"{""lateral_speed_mps"":0.0,""speed_mps"":6.050947142169699,""x_m"":5.699808973175408,""y_m"":-0.00036297602366346354,""yaw_rate_radps"":0.0}"
1171,13666601885117,/odom,Odometry,1789302411534019218,,"{""lateral_speed_mps"":0.0,""speed_mps"":6.05215228968032,""x_m"":5.853513543394365,""y_m"":-0.00036987431596422523,""yaw_rate_radps"":0.0}"
1179,13666626670556,/odom,Odometry,1789302411559203707,,"{""lateral_speed_mps"":0.0,""speed_mps"":6.226776698640663,""x_m"":6.008130765688756,""y_m"":-0.0003764131039903358,""yaw_rate_radps"":0.0}"
1189,13666652158395,/odom,Odometry,1789302411583575869,,"{""lateral_speed_mps"":0.0,""speed_mps"":6.066236696387141,""x_m"":6.157935511996774,""y_m"":-0.0003823573776138939,""yaw_rate_radps"":0.0}"
1198,13666676660011,/odom,Odometry,1789302411608886946,,"{""lateral_speed_mps"":0.0,""speed_mps"":6.01028088553722,""x_m"":6.310771278685128,""y_m"":-0.00038815293013321384,""yaw_rate_radps"":0.0}"
1207,13666702128023,/odom,Odometry,1789302411633520880,,"{""lateral_speed_mps"":0.0,""speed_mps"":6.018830214062011,""x_m"":6.458933144893337,""y_m"":-0.00039367642387478263,""yaw_rate_radps"":0.0}"
1215,13666727238473,/odom,Odometry,1789302411658695090,,"{""lateral_speed_mps"":0.0,""speed_mps"":6.031326464663647,""x_m"":6.610609316018406,""y_m"":-0.00039933093136308,""yaw_rate_radps"":0.0}"
1224,13666751918012,/odom,Odometry,1789302411683873127,,"{""lateral_speed_mps"":0.0,""speed_mps"":6.018345954854124,""x_m"":6.762302374661255,""y_m"":-0.0004050831522419373,""yaw_rate_radps"":0.0}"
1233,13666776936860,/odom,Odometry,1789302411709329978,,"{""lateral_speed_mps"":0.0,""speed_mps"":6.019431797054687,""x_m"":6.91552465905995,""y_m"":-0.00041111859942597444,""yaw_rate_radps"":0.0}"
1243,13666802432154,/odom,Odometry,1789302411733631417,,"{""lateral_speed_mps"":0.0,""speed_mps"":6.0447992891186875,""x_m"":7.062114289316354,""y_m"":-0.00041722114899361596,""yaw_rate_radps"":0.0}"
1252,13666827381952,/odom,Odometry,1789302411758819252,,"{""lateral_speed_mps"":0.0,""speed_mps"":6.0545821440193475,""x_m"":7.214492270289114,""y_m"":-0.00042407209455517375,""yaw_rate_radps"":0.0}"
1261,13666852145188,/odom,Odometry,1789302411783703136,,"{""lateral_speed_mps"":0.0,""speed_mps"":6.064321340672676,""x_m"":7.365274134830159,""y_m"":-0.00043154489034039946,""yaw_rate_radps"":0.0}"
1270,13666877061764,/odom,Odometry,1789302411808600205,,"{""lateral_speed_mps"":0.0,""speed_mps"":6.082272406378565,""x_m"":7.516483053317422,""y_m"":-0.00043988564839933725,""yaw_rate_radps"":0.0}"
1279,13666903113945,/odom,Odometry,1789302411834446158,,"{""lateral_speed_mps"":0.0,""speed_mps"":6.089475806092857,""x_m"":7.673777131483484,""y_m"":-0.00044960025402989676,""yaw_rate_radps"":0.0}"
1287,13666930348840,/odom,Odometry,1789302411859062980,,"{""lateral_speed_mps"":0.0,""speed_mps"":6.070299806327727,""x_m"":7.823445466064322,""y_m"":-0.00045985420666724743,""yaw_rate_radps"":0.0}"
1297,13666952653062,/odom,Odometry,1789302411883451362,,"{""lateral_speed_mps"":0.0,""speed_mps"":6.0958128115845485,""x_m"":7.9718009486890535,""y_m"":-0.0004710152341174264,""yaw_rate_radps"":0.0}"
1305,13666976785393,/odom,Odometry,1789302411908747140,,"{""lateral_speed_mps"":0.0,""speed_mps"":6.078800170053245,""x_m"":8.125785287727554,""y_m"":-0.0004837331511114298,""yaw_rate_radps"":0.0}"
1315,13667002037309,/odom,Odometry,1789302411933883008,,"{""lateral_speed_mps"":0.0,""speed_mps"":6.072256771789052,""x_m"":8.278496837011692,""y_m"":-0.0004974043407974758,""yaw_rate_radps"":0.0}"
1324,13667026905463,/odom,Odometry,1789302411959324851,,"{""lateral_speed_mps"":0.0,""speed_mps"":6.070488410953293,""x_m"":8.43296544704128,""y_m"":-0.0005123899306992139,""yaw_rate_radps"":0.0}"
1332,13667051968384,/odom,Odometry,1789302411984143893,,"{""lateral_speed_mps"":0.0,""speed_mps"":6.04883187991074,""x_m"":8.583359528716542,""y_m"":-0.0005281700047394237,""yaw_rate_radps"":0.0}"
1342,13667077488384,/odom,Odometry,1789302412009346135,,"{""lateral_speed_mps"":0.0,""speed_mps"":6.1023590247178845,""x_m"":8.736478351037183,""y_m"":-0.0005451471579987251,""yaw_rate_radps"":0.0}"
1351,13667101971514,/odom,Odometry,1789302412033834505,,"{""lateral_speed_mps"":0.0,""speed_mps"":6.086506628107984,""x_m"":8.885721558056222,""y_m"":-0.0005626275158341698,""yaw_rate_radps"":0.0}"
1360,13667128601532,/odom,Odometry,1789302412059279474,,"{""lateral_speed_mps"":0.0,""speed_mps"":6.11314144779499,""x_m"":9.04093003026794,""y_m"":-0.0005818078267587465,""yaw_rate_radps"":0.0}"
1369,13667151904032,/odom,Odometry,1789302412083651175,,"{""lateral_speed_mps"":0.0,""speed_mps"":6.120325597508607,""x_m"":9.190004758507701,""y_m"":-0.0006010293276944239,""yaw_rate_radps"":0.0}"
1378,13667177952265,/odom,Odometry,1789302412109382984,,"{""lateral_speed_mps"":0.0,""speed_mps"":6.09201534633082,""x_m"":9.347128982421907,""y_m"":-0.0006219346219504299,""yaw_rate_radps"":0.0}"
1387,13667201934003,/odom,Odometry,1789302412134162111,,"{""lateral_speed_mps"":0.0,""speed_mps"":6.072788305403057,""x_m"":9.497845310615444,""y_m"":-0.0006426250059973898,""yaw_rate_radps"":0.0}"
1395,13667226822345,/odom,Odometry,1789302412158889761,,"{""lateral_speed_mps"":0.0,""speed_mps"":6.084479903087468,""x_m"":9.64815523803224,""y_m"":-0.0006639045607587821,""yaw_rate_radps"":0.0}"
1405,13667252121419,/odom,Odometry,1789302412184059021,,"{""lateral_speed_mps"":0.0,""speed_mps"":6.068267999879455,""x_m"":9.801093756225946,""y_m"":-0.000686002923941892,""yaw_rate_radps"":0.0}"
1414,13667277800188,/odom,Odometry,1789302412209393031,,"{""lateral_speed_mps"":0.0,""speed_mps"":6.033887163845146,""x_m"":9.95439247888345,""y_m"":-0.000708838720012596,""yaw_rate_radps"":0.0}"
1423,13667302608129,/odom,Odometry,1789302412233559877,,"{""lateral_speed_mps"":0.0,""speed_mps"":6.073626691151711,""x_m"":10.100691102588351,""y_m"":-0.0007310707569051981,""yaw_rate_radps"":0.0}"
1432,13667327588735,/odom,Odometry,1789302412258675957,,"{""lateral_speed_mps"":0.0,""speed_mps"":6.1070276163401935,""x_m"":10.253657007409121,""y_m"":-0.000754550080372493,""yaw_rate_radps"":0.0}"
1441,13667352335511,/odom,Odometry,1789302412283829599,,"{""lateral_speed_mps"":0.0,""speed_mps"":6.094347300207927,""x_m"":10.407111482891414,""y_m"":-0.0007785771483479122,""yaw_rate_radps"":0.0}"
1450,13667378903001,/odom,Odometry,1789302412309062278,,"{""lateral_speed_mps"":0.0,""speed_mps"":6.0897870991670375,""x_m"":10.560831344825683,""y_m"":-0.0008031254918276746,""yaw_rate_radps"":0.0}"
1458,13667402246999,/odom,Odometry,1789302412334165174,,"{""lateral_speed_mps"":0.0,""speed_mps"":6.0588669769381855,""x_m"":10.713314286260811,""y_m"":-0.0008277157621302241,""yaw_rate_radps"":0.0}"
1468,13667427509876,/odom,Odometry,1789302412358885731,,"{""lateral_speed_mps"":0.0,""speed_mps"":6.073746593432267,""x_m"":10.863275998783537,""y_m"":-0.000852137944075162,""yaw_rate_radps"":0.0}"
1477,13667452263655,/odom,Odometry,1789302412384171741,,"{""lateral_speed_mps"":0.0,""speed_mps"":6.069948679641608,""x_m"":11.01680993622072,""y_m"":-0.0008773860653878457,""yaw_rate_radps"":0.0}"
1485,13667477410533,/odom,Odometry,1789302412408562838,,"{""lateral_speed_mps"":0.0,""speed_mps"":6.097944916007398,""x_m"":11.165204541052216,""y_m"":-0.0009020280186139714,""yaw_rate_radps"":0.0}"
1493,13667503264872,/odom,Odometry,1789302412433462822,,"{""lateral_speed_mps"":0.0,""speed_mps"":6.116019780813723,""x_m"":11.317266696431512,""y_m"":-0.0009275238775921736,""yaw_rate_radps"":0.0}"
1503,13667526891712,/odom,Odometry,1789302412458845244,,"{""lateral_speed_mps"":0.0,""speed_mps"":6.107087454964346,""x_m"":11.47239331866063,""y_m"":-0.0009535335476133114,""yaw_rate_radps"":0.0}"
1513,13667553904559,/odom,Odometry,1789302412484244948,,"{""lateral_speed_mps"":0.0,""speed_mps"":6.140467742101498,""x_m"":11.627935337868772,""y_m"":-0.0009798664670197768,""yaw_rate_radps"":0.0}"
1522,13667577270078,/odom,Odometry,1789302412509181320,,"{""lateral_speed_mps"":0.0,""speed_mps"":6.065830081367764,""x_m"":11.780126127688085,""y_m"":-0.0010058801676301069,""yaw_rate_radps"":0.0}"
1531,13667601979103,/odom,Odometry,1789302412534216989,,"{""lateral_speed_mps"":0.0,""speed_mps"":6.048497521141531,""x_m"":11.931770975077988,""y_m"":-0.001031800551273451,""yaw_rate_radps"":0.0}"
1539,13667626779510,/odom,Odometry,1789302412559266414,,"{""lateral_speed_mps"":0.0,""speed_mps"":6.061373130361478,""x_m"":12.083442316919601,""y_m"":-0.001057725463566232,""yaw_rate_radps"":0.0}"
1549,13667651519032,/odom,Odometry,1789302412584200413,,"{""lateral_speed_mps"":0.0,""speed_mps"":6.0709540943138744,""x_m"":12.234697808523938,""y_m"":-0.0010838289348472604,""yaw_rate_radps"":0.0}"
1558,13667676994960,/odom,Odometry,1789302412608492143,,"{""lateral_speed_mps"":0.0,""speed_mps"":6.076929375117027,""x_m"":12.382243055170434,""y_m"":-0.001109535612952513,""yaw_rate_radps"":0.0}"
1567,13667702129515,/odom,Odometry,1789302412634251373,,"{""lateral_speed_mps"":0.0,""speed_mps"":6.085540022967975,""x_m"":12.538890916026881,""y_m"":-0.0011368282314979353,""yaw_rate_radps"":0.0}"
1576,13667728697075,/odom,Odometry,1789302412659457693,,"{""lateral_speed_mps"":0.0,""speed_mps"":6.131822625932802,""x_m"":12.692869791793585,""y_m"":-0.001163655835126719,""yaw_rate_radps"":0.0}"
1584,13667754359372,/odom,Odometry,1789302412684287425,,"{""lateral_speed_mps"":0.0,""speed_mps"":6.091829126388901,""x_m"":12.844624140682038,""y_m"":-0.00119009586140079,""yaw_rate_radps"":0.0}"
1593,13667778816644,/odom,Odometry,1789302412709069167,,"{""lateral_speed_mps"":0.0,""speed_mps"":6.060615707650998,""x_m"":12.995203283463276,""y_m"":-0.0012163311325519943,""yaw_rate_radps"":0.0}"
1603,13667803057459,/odom,Odometry,1789302412734235402,,"{""lateral_speed_mps"":0.0,""speed_mps"":6.055528027236312,""x_m"":13.147662372328165,""y_m"":-0.0012428939450501825,""yaw_rate_radps"":0.0}"
1612,13667827798374,/odom,Odometry,1789302412758478681,,"{""lateral_speed_mps"":0.0,""speed_mps"":6.117567577387645,""x_m"":13.295219256805044,""y_m"":-0.0012686026508043518,""yaw_rate_radps"":0.0}"
1621,13667852981390,/odom,Odometry,1789302412784055638,,"{""lateral_speed_mps"":0.0,""speed_mps"":6.069339844679335,""x_m"":13.451071936365363,""y_m"":-0.0012957567256143472,""yaw_rate_radps"":0.0}"
1630,13667879635032,/odom,Odometry,1789302412809081389,,"{""lateral_speed_mps"":0.0,""speed_mps"":6.087162741237029,""x_m"":13.603185306195734,""y_m"":-0.00132225930379027,""yaw_rate_radps"":0.0}"
1639,13667906046448,/odom,Odometry,1789302412833497844,,"{""lateral_speed_mps"":0.0,""speed_mps"":6.113268987570445,""x_m"":13.752130899360084,""y_m"":-0.0013482099630334342,""yaw_rate_radps"":0.0}"
1648,13667927985414,/odom,Odometry,1789302412858492185,,"{""lateral_speed_mps"":0.0,""speed_mps"":6.041220179514886,""x_m"":13.904027816941941,""y_m"":-0.001374674828925131,""yaw_rate_radps"":0.0}"
1656,13667952630409,/odom,Odometry,1789302412884329732,,"{""lateral_speed_mps"":0.0,""speed_mps"":6.068625458568939,""x_m"":14.060471407046133,""y_m"":-0.0014021931912395452,""yaw_rate_radps"":0.0}"
1666,13667977553366,/odom,Odometry,1789302412909021205,,"{""lateral_speed_mps"":0.0,""speed_mps"":6.0881429634154625,""x_m"":14.210556325188154,""y_m"":-0.001428843777542631,""yaw_rate_radps"":0.0}"
1675,13668001984559,/odom,Odometry,1789302412933981833,,"{""lateral_speed_mps"":0.0,""speed_mps"":6.065609083619051,""x_m"":14.36223974429653,""y_m"":-0.0014557782097410063,""yaw_rate_radps"":0.0}"
1683,13668027923427,/odom,Odometry,1789302412958834448,,"{""lateral_speed_mps"":0.0,""speed_mps"":6.120219579673562,""x_m"":14.513663982263894,""y_m"":-0.0014826666191314125,""yaw_rate_radps"":0.0}"
1693,13668053310286,/odom,Odometry,1789302412984193746,,"{""lateral_speed_mps"":0.0,""speed_mps"":6.106639377340509,""x_m"":14.668695377890055,""y_m"":-0.0015101955516848696,""yaw_rate_radps"":0.0}"
1702,13668077542234,/odom,Odometry,1789302413008518278,,"{""lateral_speed_mps"":0.0,""speed_mps"":6.126859878178374,""x_m"":14.817483203220188,""y_m"":-0.0015366158131534936,""yaw_rate_radps"":0.0}"
1711,13668102827192,/odom,Odometry,1789302413033695844,,"{""lateral_speed_mps"":0.0,""speed_mps"":6.109567429267395,""x_m"":14.971524395292672,""y_m"":-0.0015639689152131772,""yaw_rate_radps"":0.0}"
1720,13668128560113,/odom,Odometry,1789302413058881145,,"{""lateral_speed_mps"":0.0,""speed_mps"":6.09059843977938,""x_m"":15.125155641512901,""y_m"":-0.0015912492231676947,""yaw_rate_radps"":0.0}"
1729,13668152664521,/odom,Odometry,1789302413083852052,,"{""lateral_speed_mps"":0.0,""speed_mps"":6.089939446755311,""x_m"":15.277235795451592,""y_m"":-0.0016182541035894198,""yaw_rate_radps"":0.0}"
1738,13668179035080,/odom,Odometry,1789302413109333279,,"{""lateral_speed_mps"":0.0,""speed_mps"":6.0994300148003475,""x_m"":15.432535820203567,""y_m"":-0.0016458307366299726,""yaw_rate_radps"":0.0}"
1747,13668202677039,/odom,Odometry,1789302413134275873,,"{""lateral_speed_mps"":0.0,""speed_mps"":6.061649846047851,""x_m"":15.584200514959184,""y_m"":-0.0016727618439441065,""yaw_rate_radps"":0.0}"
1756,13668227472006,/odom,Odometry,1789302413158888197,,"{""lateral_speed_mps"":0.0,""speed_mps"":6.085468507684643,""x_m"":15.733685543002329,""y_m"":-0.001699305907732803,""yaw_rate_radps"":0.0}"
1765,13668253449736,/odom,Odometry,1789302413184034835,,"{""lateral_speed_mps"":0.0,""speed_mps"":6.079171294606766,""x_m"":15.886634502948915,""y_m"":-0.001726465062080121,""yaw_rate_radps"":0.0}"
1774,13668278818913,/odom,Odometry,1789302413208597094,,"{""lateral_speed_mps"":0.0,""speed_mps"":6.098837316440944,""x_m"":16.036194809420245,""y_m"":-0.0017530224930630157,""yaw_rate_radps"":0.0}"
1782,13668303160868,/odom,Odometry,1789302413234032334,,"{""lateral_speed_mps"":0.0,""speed_mps"":6.062349787936871,""x_m"":16.19085597649376,""y_m"":-0.0017804856841141536,""yaw_rate_radps"":0.0}"
1791,13668327543519,/odom,Odometry,1789302413258481080,,"{""lateral_speed_mps"":0.0,""speed_mps"":6.1188537999861445,""x_m"":16.339764315449862,""y_m"":-0.0018069273451932733,""yaw_rate_radps"":0.0}"
1801,13668353027532,/odom,Odometry,1789302413284262522,,"{""lateral_speed_mps"":0.0,""speed_mps"":6.134971585060903,""x_m"":16.497723196505504,""y_m"":-0.0018349774740891581,""yaw_rate_radps"":0.0}"
1810,13668378649443,/odom,Odometry,1789302413308769487,,"{""lateral_speed_mps"":0.0,""speed_mps"":6.087925076076775,""x_m"":16.64749819503746,""y_m"":-0.001861574319965285,""yaw_rate_radps"":0.0}"
1818,13668403888876,/odom,Odometry,1789302413333752788,,"{""lateral_speed_mps"":0.0,""speed_mps"":6.083165982537184,""x_m"":16.799534396830424,""y_m"":-0.001888572707321746,""yaw_rate_radps"":0.0}"
1828,13668429959982,/odom,Odometry,1789302413359141140,,"{""lateral_speed_mps"":0.0,""speed_mps"":6.10639961024939,""x_m"":16.954271660845016,""y_m"":-0.0019160520805499741,""yaw_rate_radps"":0.0}"
1837,13668453343865,/odom,Odometry,1789302413383840547,,"{""lateral_speed_mps"":0.0,""speed_mps"":6.077562068111546,""x_m"":17.10473877936196,""y_m"":-0.00194277313016032,""yaw_rate_radps"":0.0}"
1846,13668478945549,/odom,Odometry,1789302413409442642,,"{""lateral_speed_mps"":0.0,""speed_mps"":6.053628500437047,""x_m"":17.26003076776825,""y_m"":-0.001970351015396599,""yaw_rate_radps"":0.0}"
1855,13668503967402,/odom,Odometry,1789302413434144513,,"{""lateral_speed_mps"":0.0,""speed_mps"":6.0644343040617175,""x_m"":17.409701396226577,""y_m"":-0.0019969306184864015,""yaw_rate_radps"":0.0}"
1864,13668530176538,/odom,Odometry,1789302413459659123,,"{""lateral_speed_mps"":0.0,""speed_mps"":6.060391396647641,""x_m"":17.564380003440196,""y_m"":-0.0020243995750116035,""yaw_rate_radps"":0.0}"
1873,13668554439845,/odom,Odometry,1789302413483893926,,"{""lateral_speed_mps"":0.0,""speed_mps"":6.083686247717965,""x_m"":17.7115359235889,""y_m"":-0.0020505325978374973,""yaw_rate_radps"":0.0}"
1881,13668579439036,/odom,Odometry,1789302413509049000,,"{""lateral_speed_mps"":0.0,""speed_mps"":6.080989046718622,""x_m"":17.864537534908305,""y_m"":-0.0020777037411864566,""yaw_rate_radps"":0.0}"
1891,13668603541941,/odom,Odometry,1789302413533619946,,"{""lateral_speed_mps"":0.0,""speed_mps"":6.081257687004899,""x_m"":18.01395646163839,""y_m"":-0.002104238645245444,""yaw_rate_radps"":0.0}"
1900,13668629200642,/odom,Odometry,1789302413559188547,,"{""lateral_speed_mps"":0.0,""speed_mps"":6.087446112206722,""x_m"":18.169524121047086,""y_m"":-0.002131865486151267,""yaw_rate_radps"":0.0}"
1909,13668653648646,/odom,Odometry,1789302413584301472,,"{""lateral_speed_mps"":0.0,""speed_mps"":6.068659591743998,""x_m"":18.32216290281135,""y_m"":-0.0021589721955784596,""yaw_rate_radps"":0.0}"
1918,13668678988678,/odom,Odometry,1789302413609351939,,"{""lateral_speed_mps"":0.0,""speed_mps"":6.071226397211623,""x_m"":18.474217410646297,""y_m"":-0.002185975145374942,""yaw_rate_radps"":0.0}"
1926,13668703530298,/odom,Odometry,1789302413633854486,,"{""lateral_speed_mps"":0.0,""speed_mps"":6.1266858346607425,""x_m"":18.623657176840442,""y_m"":-0.0022125137502581253,""yaw_rate_radps"":0.0}"
1936,13668729145678,/odom,Odometry,1789302413659235695,,"{""lateral_speed_mps"":0.0,""speed_mps"":6.144710322682638,""x_m"":18.77938786883685,""y_m"":-0.0022401695436813306,""yaw_rate_radps"":0.0}"
1945,13668754619250,/odom,Odometry,1789302413684160456,,"{""lateral_speed_mps"":0.0,""speed_mps"":6.140573520563655,""x_m"":18.932493176484105,""y_m"":-0.0022673591021813754,""yaw_rate_radps"":0.0}"
1954,13668779480351,/odom,Odometry,1789302413709237012,,"{""lateral_speed_mps"":0.0,""speed_mps"":6.100218188742931,""x_m"":19.08597060326337,""y_m"":-0.0022946147443140795,""yaw_rate_radps"":0.0}"
1963,13668806039395,/odom,Odometry,1789302413734178374,,"{""lateral_speed_mps"":0.0,""speed_mps"":6.12720471161432,""x_m"":19.238453937430286,""y_m"":-0.0023216938482218635,""yaw_rate_radps"":0.0}"
1972,13668830097326,/odom,Odometry,1789302413759289425,,"{""lateral_speed_mps"":0.0,""speed_mps"":6.0412969475668,""x_m"":19.391236764872215,""y_m"":-0.0023488261383323105,""yaw_rate_radps"":0.0}"
1980,13668855556943,/odom,Odometry,1789302413784176925,,"{""lateral_speed_mps"":0.0,""speed_mps"":6.0302930255694065,""x_m"":19.54145298323236,""y_m"":-0.002375502631260751,""yaw_rate_radps"":0.0}"
1990,13668879469099,/odom,Odometry,1789302413808830296,,"{""lateral_speed_mps"":0.0,""speed_mps"":6.053285765593747,""x_m"":19.690402401066653,""y_m"":-0.00240195415650169,""yaw_rate_radps"":0.0}"
1999,13668903177432,/odom,Odometry,1789302413833597059,,"{""lateral_speed_mps"":0.0,""speed_mps"":6.111709056320597,""x_m"":19.84104713761575,""y_m"":-0.0024287067488191452,""yaw_rate_radps"":0.0}"
2007,13668927865298,/odom,Odometry,1789302413858798761,,"{""lateral_speed_mps"":0.0,""speed_mps"":6.067473998680743,""x_m"":19.994515787640346,""y_m"":-0.002455960832311668,""yaw_rate_radps"":0.0}"
2016,13668952636750,/odom,Odometry,1789302413883599168,,"{""lateral_speed_mps"":0.0,""speed_mps"":6.115246734135997,""x_m"":20.14558335339677,""y_m"":-0.0024827885137272397,""yaw_rate_radps"":0.0}"
2025,13668977981901,/odom,Odometry,1789302413909190342,,"{""lateral_speed_mps"":0.0,""speed_mps"":6.075259132123008,""x_m"":20.301567791760505,""y_m"":-0.0025104893692831994,""yaw_rate_radps"":0.0}"
2035,13669003079116,/odom,Odometry,1789302413934315499,,"{""lateral_speed_mps"":0.0,""speed_mps"":6.050107103472962,""x_m"":20.4538943100406,""y_m"":-0.002537540624680739,""yaw_rate_radps"":0.0}"
2043,13669027705436,/odom,Odometry,1789302413958940937,,"{""lateral_speed_mps"":0.0,""speed_mps"":6.076770224781336,""x_m"":20.603208312074702,""y_m"":-0.002564056895446058,""yaw_rate_radps"":0.0}"
2053,13669052797792,/odom,Odometry,1789302413984118654,,"{""lateral_speed_mps"":0.0,""speed_mps"":6.061354878166913,""x_m"":20.756013450309087,""y_m"":-0.0025911931476699417,""yaw_rate_radps"":0.0}"
2062,13669077526374,/odom,Odometry,1789302414008614398,,"{""lateral_speed_mps"":0.0,""speed_mps"":6.084991489989007,""x_m"":20.9047809270138,""y_m"":-0.002617612362476564,""yaw_rate_radps"":0.0}"
2071,13669103445023,/odom,Odometry,1789302414034143435,,"{""lateral_speed_mps"":0.0,""speed_mps"":6.0917509143962825,""x_m"":21.060211843069773,""y_m"":-0.0026452149194993164,""yaw_rate_radps"":0.0}"
2080,13669129176651,/odom,Odometry,1789302414058779382,,"{""lateral_speed_mps"":0.0,""speed_mps"":6.113136510776619,""x_m"":21.21055037334283,""y_m"":-0.0026719131334703677,""yaw_rate_radps"":0.0}"
2089,13669152521391,/odom,Odometry,1789302414083991043,,"{""lateral_speed_mps"":0.0,""speed_mps"":6.091306648817361,""x_m"":21.3643969735846,""y_m"":-0.002699234336122232,""yaw_rate_radps"":0.0}"
2098,13669177393843,/odom,Odometry,1789302414108957602,,"{""lateral_speed_mps"":0.0,""speed_mps"":6.0733277985060115,""x_m"":21.51625246259635,""y_m"":-0.0027262019427028643,""yaw_rate_radps"":0.0}"
2107,13669202074134,/odom,Odometry,1789302414134021064,,"{""lateral_speed_mps"":0.0,""speed_mps"":6.071222276118675,""x_m"":21.668445014914123,""y_m"":-0.002753229407446602,""yaw_rate_radps"":0.0}"
2116,13669227947759,/odom,Odometry,1789302414159452227,,"{""lateral_speed_mps"":0.0,""speed_mps"":6.1039678520052885,""x_m"":21.82325814178072,""y_m"":-0.0027807222529540364,""yaw_rate_radps"":0.0}"
2125,13669251466406,/odom,Odometry,1789302414183670228,,"{""lateral_speed_mps"":0.0,""speed_mps"":6.096516417219606,""x_m"":21.970994306297797,""y_m"":-0.0028069583198117834,""yaw_rate_radps"":0.0}"
2134,13669277775059,/odom,Odometry,1789302414209392639,,"{""lateral_speed_mps"":0.0,""speed_mps"":6.120065539474792,""x_m"":22.128114840879988,""y_m"":-0.00283486093162994,""yaw_rate_radps"":0.0}"
2143,13669303234115,/odom,Odometry,1789302414234233312,,"{""lateral_speed_mps"":0.0,""speed_mps"":6.083635239746249,""x_m"":22.27968842262759,""y_m"":-0.002861778475060131,""yaw_rate_radps"":0.0}"
2152,13669327620192,/odom,Odometry,1789302414258692437,,"{""lateral_speed_mps"":0.0,""speed_mps"":6.102624947907732,""x_m"":22.428721042423113,""y_m"":-0.0028882447759128824,""yaw_rate_radps"":0.0}"
2161,13669352260989,/odom,Odometry,1789302414284180306,,"{""lateral_speed_mps"":0.0,""speed_mps"":6.065714037514315,""x_m"":22.583793742254247,""y_m"":-0.002915783718282749,""yaw_rate_radps"":0.0}"
2169,13669377896186,/odom,Odometry,1789302414308620596,,"{""lateral_speed_mps"":0.0,""speed_mps"":6.088350355149377,""x_m"":22.732318160279934,""y_m"":-0.0029421597689543466,""yaw_rate_radps"":0.0}"
2179,13669404142261,/odom,Odometry,1789302414334436482,,"{""lateral_speed_mps"":0.0,""speed_mps"":6.130067989990793,""x_m"":22.890033280303392,""y_m"":-0.0029701679715967992,""yaw_rate_radps"":0.0}"
2186,13669428775344,/odom,Odometry,1789302414358885919,,"{""lateral_speed_mps"":0.0,""speed_mps"":6.084514008677499,""x_m"":23.039352563675312,""y_m"":-0.0029966851802606517,""yaw_rate_radps"":0.0}"
2197,13669453466054,/odom,Odometry,1789302414384057023,,"{""lateral_speed_mps"":0.0,""speed_mps"":6.073393860396304,""x_m"":23.19236761229184,""y_m"":-0.0030238587099029528,""yaw_rate_radps"":0.0}"
2206,13669478341663,/odom,Odometry,1789302414408891835,,"{""lateral_speed_mps"":0.0,""speed_mps"":6.071997843983473,""x_m"":23.3431807819555,""y_m"":-0.0030506412138027825,""yaw_rate_radps"":0.0}"
2214,13669502706400,/odom,Odometry,1789302414434226887,,"{""lateral_speed_mps"":0.0,""speed_mps"":6.060967647874513,""x_m"":23.49687556561103,""y_m"":-0.003077935455756704,""yaw_rate_radps"":0.0}"
2223,13669527249092,/odom,Odometry,1789302414458909192,,"{""lateral_speed_mps"":0.0,""speed_mps"":6.083724286464987,""x_m"":23.646754927321215,""y_m"":-0.003104552127221532,""yaw_rate_radps"":0.0}"
2233,13669552885421,/odom,Odometry,1789302414483917720,,"{""lateral_speed_mps"":0.0,""speed_mps"":6.045738059106612,""x_m"":23.79842583663225,""y_m"":-0.0031314869547911196,""yaw_rate_radps"":0.0}"
2241,13669578313859,/odom,Odometry,1789302414509388087,,"{""lateral_speed_mps"":0.0,""speed_mps"":6.108448996577031,""x_m"":23.95321096697619,""y_m"":-0.003158974828471631,""yaw_rate_radps"":0.0}"
2251,13669602395735,/odom,Odometry,1789302414533789494,,"{""lateral_speed_mps"":0.0,""speed_mps"":6.096280086595123,""x_m"":24.1021173633388,""y_m"":-0.003185418713645488,""yaw_rate_radps"":0.0}"
2260,13669629344512,/odom,Odometry,1789302414558959365,,"{""lateral_speed_mps"":0.0,""speed_mps"":6.087607747926148,""x_m"":24.25545067184576,""y_m"":-0.0032126487622030518,""yaw_rate_radps"":0.0}"
2269,13669652759012,/odom,Odometry,1789302414584336507,,"{""lateral_speed_mps"":0.0,""speed_mps"":6.118732441038594,""x_m"":24.410331031362638,""y_m"":-0.0032401535473754526,""yaw_rate_radps"":0.0}"
2278,13669677126185,/odom,Odometry,1789302414608847570,,"{""lateral_speed_mps"":0.0,""speed_mps"":6.137801071128357,""x_m"":24.56054158130322,""y_m"":-0.0032668290336645566,""yaw_rate_radps"":0.0}"
2286,13669702519506,/odom,Odometry,1789302414633818517,,"{""lateral_speed_mps"":0.0,""speed_mps"":6.094140146401556,""x_m"":24.71326353173381,""y_m"":-0.003293950512790809,""yaw_rate_radps"":0.0}"
2296,13669728398552,/odom,Odometry,1789302414659041098,,"{""lateral_speed_mps"":0.0,""speed_mps"":6.08568133810809,""x_m"":24.866866546006218,""y_m"":-0.00332122845766758,""yaw_rate_radps"":0.0}"
2304,13669752635870,/odom,Odometry,1789302414683465758,,"{""lateral_speed_mps"":0.0,""speed_mps"":6.108508329628738,""x_m"":25.015786812731353,""y_m"":-0.003347674806041695,""yaw_rate_radps"":0.0}"
2314,13669777375532,/odom,Odometry,1789302414709017558,,"{""lateral_speed_mps"":0.0,""speed_mps"":6.082473245107296,""x_m"":25.171537547147288,""y_m"":-0.0033753328151817875,""yaw_rate_radps"":0.0}"
2322,13669802383620,/odom,Odometry,1789302414733843052,,"{""lateral_speed_mps"":0.0,""speed_mps"":6.086891382781207,""x_m"":25.32259181883358,""y_m"":-0.0034021555296414505,""yaw_rate_radps"":0.0}"
2332,13669828590582,/odom,Odometry,1789302414759282040,,"{""lateral_speed_mps"":0.0,""speed_mps"":6.127104879274186,""x_m"":25.477947888233537,""y_m"":-0.003429743454690703,""yaw_rate_radps"":0.0}"
2340,13669853492299,/odom,Odometry,1789302414784302591,,"{""lateral_speed_mps"":0.0,""speed_mps"":6.103103508862108,""x_m"":25.63095145793756,""y_m"":-0.00345691362595962,""yaw_rate_radps"":0.0}"
2350,13669877473105,/odom,Odometry,1789302414808477241,,"{""lateral_speed_mps"":0.0,""speed_mps"":6.090785295867368,""x_m"":25.77834319799142,""y_m"":-0.0034830872559516125,""yaw_rate_radps"":0.0}"
2359,13669902398427,/odom,Odometry,1789302414833640119,,"{""lateral_speed_mps"":0.0,""speed_mps"":6.105087336825735,""x_m"":25.93178517230113,""y_m"":-0.0035103366021759013,""yaw_rate_radps"":0.0}"
2367,13669927058079,/odom,Odometry,1789302414858802998,,"{""lateral_speed_mps"":0.0,""speed_mps"":6.093226346558641,""x_m"":26.085256404458324,""y_m"":-0.0035375911442223854,""yaw_rate_radps"":0.0}"
2377,13669952116701,/odom,Odometry,1789302414883483099,,"{""lateral_speed_mps"":0.0,""speed_mps"":6.08150363338686,""x_m"":26.235493407871903,""y_m"":-0.003564271328312386,""yaw_rate_radps"":0.0}"
2385,13669977776925,/odom,Odometry,1789302414908944258,,"{""lateral_speed_mps"":0.0,""speed_mps"":6.012563889862891,""x_m"":26.389459564431636,""y_m"":-0.0035916124344802826,""yaw_rate_radps"":0.0}"
2395,13670003198550,/odom,Odometry,1789302414933519051,,"{""lateral_speed_mps"":0.0,""speed_mps"":6.075933835965133,""x_m"":26.537994065799495,""y_m"":-0.003617987713200454,""yaw_rate_radps"":0.0}"
2403,13670027104475,/odom,Odometry,1789302414958765917,,"{""lateral_speed_mps"":0.0,""speed_mps"":6.081340549206724,""x_m"":26.691460557042486,""y_m"":-0.0036452387656055528,""yaw_rate_radps"":0.0}"
2412,13670052615248,/odom,Odometry,1789302414984356270,,"{""lateral_speed_mps"":0.0,""speed_mps"":6.093585766131329,""x_m"":26.847241292121097,""y_m"":-0.00367290210222359,""yaw_rate_radps"":0.0}"
2422,13670076924351,/odom,Odometry,1789302415008785298,,"{""lateral_speed_mps"":0.0,""speed_mps"":6.076701736745006,""x_m"":26.99589577075971,""y_m"":-0.0036993012500085272,""yaw_rate_radps"":0.0}"
2430,13670102623678,/odom,Odometry,1789302415034311480,,"{""lateral_speed_mps"":0.0,""speed_mps"":6.09700342867585,""x_m"":27.151269051914383,""y_m"":-0.0037268922314983863,""yaw_rate_radps"":0.0}"
2440,13670127591279,/odom,Odometry,1789302415059119070,,"{""lateral_speed_mps"":0.0,""speed_mps"":6.07213105570051,""x_m"":27.302213117040722,""y_m"":-0.003753695376573773,""yaw_rate_radps"":0.0}"
2449,13670152763696,/odom,Odometry,1789302415084176701,,"{""lateral_speed_mps"":0.0,""speed_mps"":6.069656479843458,""x_m"":27.454334864543988,""y_m"":-0.003780707642766807,""yaw_rate_radps"":0.0}"
2458,13670178505343,/odom,Odometry,1789302415109355619,,"{""lateral_speed_mps"":0.0,""speed_mps"":6.108226042627412,""x_m"":27.6076477618873,""y_m"":-0.0038079314214955785,""yaw_rate_radps"":0.0}"
2467,13670202497349,/odom,Odometry,1789302415133792403,,"{""lateral_speed_mps"":0.0,""speed_mps"":6.091750422776712,""x_m"":27.75671287115025,""y_m"":-0.003834400920285803,""yaw_rate_radps"":0.0}"
2476,13670229081360,/odom,Odometry,1789302415159274000,,"{""lateral_speed_mps"":0.0,""speed_mps"":6.133062514575013,""x_m"":27.91246592478046,""y_m"":-0.0038620579976865665,""yaw_rate_radps"":0.0}"
2485,13670252652756,/odom,Odometry,1789302415184283571,,"{""lateral_speed_mps"":0.0,""speed_mps"":6.089420038145117,""x_m"":28.065305818431472,""y_m"":-0.003889199103578764,""yaw_rate_radps"":0.0}"
2494,13670277323239,/odom,Odometry,1789302415209375877,,"{""lateral_speed_mps"":0.0,""speed_mps"":6.0365257385843645,""x_m"":28.21744013477431,""y_m"":-0.003916216226352836,""yaw_rate_radps"":0.0}"
2503,13670302935001,/odom,Odometry,1789302415233760822,,"{""lateral_speed_mps"":0.0,""speed_mps"":6.063822248435178,""x_m"":28.364972034173274,""y_m"":-0.003942416018319374,""yaw_rate_radps"":0.0}"
2512,13670327505436,/odom,Odometry,1789302415258887723,,"{""lateral_speed_mps"":0.0,""speed_mps"":6.0807833781555685,""x_m"":28.517550384097817,""y_m"":-0.003969511995819198,""yaw_rate_radps"":0.0}"
2521,13670351748344,/odom,Odometry,1789302415283838823,,"{""lateral_speed_mps"":0.0,""speed_mps"":6.063898840382775,""x_m"":28.66906125020255,""y_m"":-0.003996418401747582,""yaw_rate_radps"":0.0}"
2529,13670377481435,/odom,Odometry,1789302415309311975,,"{""lateral_speed_mps"":0.0,""speed_mps"":6.084142228508011,""x_m"":28.823786936687945,""y_m"":-0.0040238957189536375,""yaw_rate_radps"":0.0}"
2538,13670402133723,/odom,Odometry,1789302415334171213,,"{""lateral_speed_mps"":0.0,""speed_mps"":6.0672601568919315,""x_m"":28.97482394456098,""y_m"":-0.004050717973677145,""yaw_rate_radps"":0.0}"
2548,13670427420515,/odom,Odometry,1789302415358617183,,"{""lateral_speed_mps"":0.0,""speed_mps"":6.091838663262785,""x_m"":29.123444671476182,""y_m"":-0.004077111127584586,""yaw_rate_radps"":0.0}"
2557,13670452310430,/odom,Odometry,1789302415383851095,,"{""lateral_speed_mps"":0.0,""speed_mps"":6.088932778856396,""x_m"":29.277127912791343,""y_m"":-0.004104403319765423,""yaw_rate_radps"":0.0}"
2566,13670477495781,/odom,Odometry,1789302415408816342,,"{""lateral_speed_mps"":0.0,""speed_mps"":6.090061922006621,""x_m"":29.429155406745256,""y_m"":-0.004131401472239658,""yaw_rate_radps"":0.0}"
2575,13670502095761,/odom,Odometry,1789302415433804582,,"{""lateral_speed_mps"":0.0,""speed_mps"":6.110406356976473,""x_m"":29.58158911913475,""y_m"":-0.004158471763949872,""yaw_rate_radps"":0.0}"
2584,13670527768969,/odom,Odometry,1789302415458746275,,"{""lateral_speed_mps"":0.0,""speed_mps"":6.08484215884002,""x_m"":29.73367412690574,""y_m"":-0.004185480130147706,""yaw_rate_radps"":0.0}"
2593,13670551096095,/odom,Odometry,1789302415483464157,,"{""lateral_speed_mps"":0.0,""speed_mps"":6.052839778312553,""x_m"":29.88368256898692,""y_m"":-0.0042121197246473546,""yaw_rate_radps"":0.0}"
2602,13670577061533,/odom,Odometry,1789302415509377677,,"{""lateral_speed_mps"":0.0,""speed_mps"":6.054034505642523,""x_m"":30.040549613575628,""y_m"":-0.0042399773198614965,""yaw_rate_radps"":0.0}"
2610,13670601673255,/odom,Odometry,1789302415533748295,,"{""lateral_speed_mps"":0.0,""speed_mps"":6.086095364228854,""x_m"":30.18847971536855,""y_m"":-0.004266247827516809,""yaw_rate_radps"":0.0}"
2620,13670626986446,/odom,Odometry,1789302415559111270,,"{""lateral_speed_mps"":0.0,""speed_mps"":6.069868029908088,""x_m"":30.342635370928694,""y_m"":-0.004293623914468818,""yaw_rate_radps"":0.0}"
2628,13670651651208,/odom,Odometry,1789302415583594020,,"{""lateral_speed_mps"":0.0,""speed_mps"":6.131128878407971,""x_m"":30.491992207100406,""y_m"":-0.004320147792033067,""yaw_rate_radps"":0.0}"
2638,13670677102078,/odom,Odometry,1789302415609284210,,"{""lateral_speed_mps"":0.0,""speed_mps"":6.10275815650207,""x_m"":30.649136965205567,""y_m"":-0.0043480547056413115,""yaw_rate_radps"":0.0}"
2647,13670701747023,/odom,Odometry,1789302415633956135,,"{""lateral_speed_mps"":0.0,""speed_mps"":6.080445760980334,""x_m"":30.799429157653794,""y_m"":-0.004374744690603073,""yaw_rate_radps"":0.0}"
2656,13670727376399,/odom,Odometry,1789302415658802899,,"{""lateral_speed_mps"":0.0,""speed_mps"":6.085589224627425,""x_m"":30.9505726269913,""y_m"":-0.004401585851530818,""yaw_rate_radps"":0.0}"
2665,13670752123065,/odom,Odometry,1789302415683688296,,"{""lateral_speed_mps"":0.0,""speed_mps"":5.928200346842732,""x_m"":31.100056700430905,""y_m"":-0.00442813232481818,""yaw_rate_radps"":0.0}"
2674,13670776881182,/odom,Odometry,1789302415708473494,,"{""lateral_speed_mps"":0.0,""speed_mps"":6.070013487792279,""x_m"":31.24874624414769,""y_m"":-0.0044545376997157425,""yaw_rate_radps"":0.0}"
2683,13670802201937,/odom,Odometry,1789302415734235860,,"{""lateral_speed_mps"":0.0,""speed_mps"":6.071083910565416,""x_m"":31.405137657203895,""y_m"":-0.004482309479720254,""yaw_rate_radps"":0.0}"
2692,13670826957370,/odom,Odometry,1789302415759192551,,"{""lateral_speed_mps"":0.0,""speed_mps"":6.065586179979649,""x_m"":31.55658329137455,""y_m"":-0.0045092016884355325,""yaw_rate_radps"":0.0}"
2701,13670851985555,/odom,Odometry,1789302415783644933,,"{""lateral_speed_mps"":0.0,""speed_mps"":6.091499356764512,""x_m"":31.705218539329497,""y_m"":-0.004535594856732133,""yaw_rate_radps"":0.0}"
2710,13670877332219,/odom,Odometry,1789302415808575415,,"{""lateral_speed_mps"":0.0,""speed_mps"":6.083467689049926,""x_m"":31.856982405759027,""y_m"":-0.0045625435739652855,""yaw_rate_radps"":0.0}"
2719,13670900754444,/odom,Odometry,1789302415833504183,,"{""lateral_speed_mps"":0.0,""speed_mps"":6.04509144560107,""x_m"":32.00815766565517,""y_m"":-0.004589387772307329,""yaw_rate_radps"":0.0}"
2727,13670927870075,/odom,Odometry,1789302415859342382,,"{""lateral_speed_mps"":0.0,""speed_mps"":6.126361088038155,""x_m"":32.16540003926234,""y_m"":-0.0046173093083297185,""yaw_rate_radps"":0.0}"
2736,13670951858174,/odom,Odometry,1789302415884337434,,"{""lateral_speed_mps"":0.0,""speed_mps"":6.0591736898858795,""x_m"":32.31768929742899,""y_m"":-0.00464435263310187,""yaw_rate_radps"":0.0}"
2746,13670977702855,/odom,Odometry,1789302415909387972,,"{""lateral_speed_mps"":0.0,""speed_mps"":6.09411770578035,""x_m"":32.469913159457946,""y_m"":-0.00467138565805274,""yaw_rate_radps"":0.0}"
2755,13671002807834,/odom,Odometry,1789302415934385108,,"{""lateral_speed_mps"":0.0,""speed_mps"":6.147064751059004,""x_m"":32.6229110103092,""y_m"":-0.004698554813775358,""yaw_rate_radps"":0.0}"
2764,13671027187340,/odom,Odometry,1789302415958851427,,"{""lateral_speed_mps"":0.0,""speed_mps"":6.124085797076183,""x_m"":32.77302422421715,""y_m"":-0.004725211719490019,""yaw_rate_radps"":0.0}"
2772,13671052012353,/odom,Odometry,1789302415983669207,,"{""lateral_speed_mps"":0.0,""speed_mps"":6.080850811748532,""x_m"":32.9244749358639,""y_m"":-0.004752107442750508,""yaw_rate_radps"":0.0}"
2781,13671076387430,/odom,Odometry,1789302416008457571,,"{""lateral_speed_mps"":0.0,""speed_mps"":6.082387596911576,""x_m"":33.07522841932709,""y_m"":-0.004778879347139033,""yaw_rate_radps"":0.0}"
2791,13671102055368,/odom,Odometry,1789302416033746667,,"{""lateral_speed_mps"":0.0,""speed_mps"":6.072710550129472,""x_m"":33.22892391208659,""y_m"":-0.004806173715020816,""yaw_rate_radps"":0.0}"
2800,13671128515406,/odom,Odometry,1789302416059199541,,"{""lateral_speed_mps"":0.0,""speed_mps"":6.120958791845013,""x_m"":33.38410574170769,""y_m"":-0.0048337320374556465,""yaw_rate_radps"":0.0}"
2809,13671151981083,/odom,Odometry,1789302416084284523,,"{""lateral_speed_mps"":0.0,""speed_mps"":6.061512428705778,""x_m"":33.5369042163518,""y_m"":-0.004860867106310511,""yaw_rate_radps"":0.0}"
2818,13671177445679,/odom,Odometry,1789302416109283132,,"{""lateral_speed_mps"":0.0,""speed_mps"":6.0938257213237605,""x_m"":33.68883782626772,""y_m"":-0.004887848586171742,""yaw_rate_radps"":0.0}"
2827,13671202332909,/odom,Odometry,1789302416134324793,,"{""lateral_speed_mps"":0.0,""speed_mps"":6.0600775152722095,""x_m"":33.841014295190426,""y_m"":-0.004914873194708743,""yaw_rate_radps"":0.0}"
2836,13671226936897,/odom,Odometry,1789302416159051701,,"{""lateral_speed_mps"":0.0,""speed_mps"":6.0721388122728515,""x_m"":33.991011592970644,""y_m"":-0.0049415108101220516,""yaw_rate_radps"":0.0}"
2845,13671252063477,/odom,Odometry,1789302416184405138,,"{""lateral_speed_mps"":0.0,""speed_mps"":6.080387282144283,""x_m"":34.14506571071015,""y_m"":-0.004968868865246446,""yaw_rate_radps"":0.0}"
2854,13671277074229,/odom,Odometry,1789302416209063007,,"{""lateral_speed_mps"":0.0,""speed_mps"":6.097052055306923,""x_m"":34.295199691377576,""y_m"":-0.0049955307538049176,""yaw_rate_radps"":0.0}"
2862,13671301665333,/odom,Odometry,1789302416233926904,,"{""lateral_speed_mps"":0.0,""speed_mps"":6.104482252670623,""x_m"":34.44688890945894,""y_m"":-0.0050224688327796295,""yaw_rate_radps"":0.0}"
2872,13671327120190,/odom,Odometry,1789302416259093329,,"{""lateral_speed_mps"":0.0,""speed_mps"":6.089302362926344,""x_m"":34.600324964023095,""y_m"":-0.005049715804137222,""yaw_rate_radps"":0.0}"
2881,13671351949421,/odom,Odometry,1789302416283569486,,"{""lateral_speed_mps"":0.0,""speed_mps"":6.108571043218036,""x_m"":34.74960430357549,""y_m"":-0.005076224631548212,""yaw_rate_radps"":0.0}"
2889,13671376958811,/odom,Odometry,1789302416309287599,,"{""lateral_speed_mps"":0.0,""speed_mps"":6.0796564382174445,""x_m"":34.906334011018096,""y_m"":-0.0051040578374291195,""yaw_rate_radps"":0.0}"
2899,13671402259729,/odom,Odometry,1789302416333577345,,"{""lateral_speed_mps"":0.0,""speed_mps"":6.107283880252044,""x_m"":35.05434346301884,""y_m"":-0.005130341159890537,""yaw_rate_radps"":0.0}"
2907,13671428145086,/odom,Odometry,1789302416359424841,,"{""lateral_speed_mps"":0.0,""speed_mps"":6.0225242311801095,""x_m"":35.21110422790816,""y_m"":-0.0051581771766291895,""yaw_rate_radps"":0.0}"
2917,13671452312403,/odom,Odometry,1789302416383686154,,"{""lateral_speed_mps"":0.0,""speed_mps"":6.073137579679455,""x_m"":35.35783352154877,""y_m"":-0.0051842319045243635,""yaw_rate_radps"":0.0}"
2926,13671476533480,/odom,Odometry,1789302416409208569,,"{""lateral_speed_mps"":0.0,""speed_mps"":6.060410016203387,""x_m"":35.51267257423952,""y_m"":-0.005211726682733311,""yaw_rate_radps"":0.0}"
2934,13671502681501,/odom,Odometry,1789302416434250259,,"{""lateral_speed_mps"":0.0,""speed_mps"":6.05027362845585,""x_m"":35.664307899732364,""y_m"":-0.005238652574946009,""yaw_rate_radps"":0.0}"
2944,13671526985846,/odom,Odometry,1789302416459381288,,"{""lateral_speed_mps"":0.0,""speed_mps"":6.050281836308192,""x_m"":35.816357349386664,""y_m"":-0.005265652003206444,""yaw_rate_radps"":0.0}"
2952,13671552663642,/odom,Odometry,1789302416484414483,,"{""lateral_speed_mps"":0.0,""speed_mps"":6.096841260876947,""x_m"":35.968397151857964,""y_m"":-0.004688775583771926,""yaw_rate_radps"":0.4707}"
2962,13671576952167,/odom,Odometry,1789302416509168763,,"{""lateral_speed_mps"":0.0,""speed_mps"":6.070148964666763,""x_m"":36.11897621278745,""y_m"":-0.0026712065672268286,""yaw_rate_radps"":0.4768}"
2971,13671602254838,/odom,Odometry,1789302416533714711,,"{""lateral_speed_mps"":0.0,""speed_mps"":6.107278084801048,""x_m"":36.268382331923405,""y_m"":0.001071964494097836,""yaw_rate_radps"":0.4763}"
2980,13671627153520,/odom,Odometry,1789302416558595690,,"{""lateral_speed_mps"":0.0,""speed_mps"":6.119558947657254,""x_m"":36.42038522821953,""y_m"":0.006705879436150674,""yaw_rate_radps"":0.476}"
2989,13671651934410,/odom,Odometry,1789302416583742518,,"{""lateral_speed_mps"":0.0,""speed_mps"":6.120758928991004,""x_m"":36.57410410952466,""y_m"":0.014239927997558985,""yaw_rate_radps"":0.4757}"
2998,13671676666188,/odom,Odometry,1789302416608888685,,"{""lateral_speed_mps"":0.0,""speed_mps"":6.074770180493233,""x_m"":36.72715498887304,""y_m"":0.02356070127178023,""yaw_rate_radps"":0.4754}"
3007,13671701669186,/odom,Odometry,1789302416633663995,,"{""lateral_speed_mps"":0.0,""speed_mps"":6.108524147267431,""x_m"":36.87767942354234,""y_m"":0.034530579118063155,""yaw_rate_radps"":0.4752}"
3015,13671727055885,/odom,Odometry,1789302416659121297,,"{""lateral_speed_mps"":0.0,""speed_mps"":6.065697344915476,""x_m"":37.03208702840984,""y_m"":0.04762574956545318,""yaw_rate_radps"":0.475}"
3024,13671752905755,/odom,Odometry,1789302416684167746,,"{""lateral_speed_mps"":0.0,""speed_mps"":6.115802406355201,""x_m"":37.18392595612556,""y_m"":0.06234856154282199,""yaw_rate_radps"":0.4749}"
3034,13671777349151,/odom,Odometry,1789302416709307131,,"{""lateral_speed_mps"":0.0,""speed_mps"":5.969409725470094,""x_m"":37.33494605559293,""y_m"":0.07874033347822604,""yaw_rate_radps"":0.4747}"
3043,13671801996660,/odom,Odometry,1789302416734115152,,"{""lateral_speed_mps"":0.0,""speed_mps"":6.048665858172152,""x_m"":37.48294970258225,""y_m"":0.09655377538670472,""yaw_rate_radps"":0.4746}"
3052,13671825706667,/odom,Odometry,1789302416758466545,,"{""lateral_speed_mps"":0.0,""speed_mps"":6.0510568613529205,""x_m"":37.62899340027283,""y_m"":0.11593252432194219,""yaw_rate_radps"":0.4745}"
3060,13671851664560,/odom,Odometry,1789302416784248938,,"{""lateral_speed_mps"":0.0,""speed_mps"":6.029149731371936,""x_m"":37.78311444063973,""y_m"":0.13823674018256846,""yaw_rate_radps"":0.4744}"
3070,13671879043977,/odom,Odometry,1789302416809042592,,"{""lateral_speed_mps"":0.0,""speed_mps"":6.04514659057016,""x_m"":37.93098720052689,""y_m"":0.1614534250796202,""yaw_rate_radps"":0.4743}"
3079,13671903064968,/odom,Odometry,1789302416833782495,,"{""lateral_speed_mps"":0.0,""speed_mps"":6.188503501093214,""x_m"":38.080194780361715,""y_m"":0.18671025474082095,""yaw_rate_radps"":0.4742}"
3088,13671927410900,/odom,Odometry,1789302416858785574,,"{""lateral_speed_mps"":0.0,""speed_mps"":6.1397820910330925,""x_m"":38.231838534557454,""y_m"":0.21423658848523958,""yaw_rate_radps"":0.4741}"
3096,13671951777171,/odom,Odometry,1789302416883745971,,"{""lateral_speed_mps"":0.0,""speed_mps"":6.126957269289052,""x_m"":38.38213501558039,""y_m"":0.2433596695206443,""yaw_rate_radps"":0.4741}"
3106,13671978279047,/odom,Odometry,1789302416908465155,,"{""lateral_speed_mps"":0.0,""speed_mps"":6.127384280457787,""x_m"":38.53047326184635,""y_m"":0.2739398781785701,""yaw_rate_radps"":0.474}"
3115,13672003321780,/odom,Odometry,1789302416933947214,,"{""lateral_speed_mps"":0.0,""speed_mps"":6.08709510220771,""x_m"":38.68251130759273,""y_m"":0.3071635457577504,""yaw_rate_radps"":0.474}"
3124,13672027730320,/odom,Odometry,1789302416958848571,,"{""lateral_speed_mps"":0.0,""speed_mps"":6.08626119270323,""x_m"":38.830192451010966,""y_m"":0.34126279235856705,""yaw_rate_radps"":0.4739}"
3133,13672052507253,/odom,Odometry,1789302416984401643,,"{""lateral_speed_mps"":0.0,""speed_mps"":6.055710199807351,""x_m"":38.980922512874855,""y_m"":0.37795518348680157,""yaw_rate_radps"":0.4739}"
3142,13672076690128,/odom,Odometry,1789302417008879073,,"{""lateral_speed_mps"":0.0,""speed_mps"":6.063509524820832,""x_m"":39.12460891100187,""y_m"":0.4147549812300274,""yaw_rate_radps"":0.4739}"
3150,13672101732090,/odom,Odometry,1789302417034242017,,"{""lateral_speed_mps"":0.0,""speed_mps"":6.069952211149654,""x_m"":39.27320465264551,""y_m"":0.4546971379753805,""yaw_rate_radps"":0.4738}"
3160,13672126955341,/odom,Odometry,1789302417059204379,,"{""lateral_speed_mps"":0.0,""speed_mps"":6.069411907245521,""x_m"":39.419049272393345,""y_m"":0.4957560519311698,""yaw_rate_radps"":0.4738}"
3168,13672154274876,/odom,Odometry,1789302417084286706,,"{""lateral_speed_mps"":0.0,""speed_mps"":6.109804863145026,""x_m"":39.56556742880223,""y_m"":0.5389121980768818,""yaw_rate_radps"":0.4738}"
3178,13672177199976,/odom,Odometry,1789302417108668415,,"{""lateral_speed_mps"":0.0,""speed_mps"":6.123959698529205,""x_m"":39.708121545758964,""y_m"":0.5827407968444351,""yaw_rate_radps"":0.4738}"
3186,13672203157258,/odom,Odometry,1789302417134446801,,"{""lateral_speed_mps"":0.0,""speed_mps"":6.136830780340516,""x_m"":39.858610253023045,""y_m"":0.6309796456834855,""yaw_rate_radps"":0.4737}"
3196,13672227196704,/odom,Odometry,1789302417158543425,,"{""lateral_speed_mps"":0.0,""speed_mps"":6.126581483723427,""x_m"":39.99876780085925,""y_m"":0.6777463150829678,""yaw_rate_radps"":0.4737}"
3205,13672252401482,/odom,Odometry,1789302417183567152,,"{""lateral_speed_mps"":0.0,""speed_mps"":6.121847155592903,""x_m"":40.14356917181422,""y_m"":0.7279287527820599,""yaw_rate_radps"":0.4737}"
3214,13672277504618,/odom,Odometry,1789302417209236973,,"{""lateral_speed_mps"":0.0,""speed_mps"":6.065489395686695,""x_m"":40.29074867231133,""y_m"":0.7809047055584524,""yaw_rate_radps"":0.4737}"
3222,13672302659061,/odom,Odometry,1789302417233682934,,"{""lateral_speed_mps"":0.0,""speed_mps"":6.085548533893459,""x_m"":40.42988911701481,""y_m"":0.8328544969239631,""yaw_rate_radps"":0.4737}"
3232,13672326605261,/odom,Odometry,1789302417259194819,,"{""lateral_speed_mps"":0.0,""speed_mps"":6.055817426596435,""x_m"":40.57433273466225,""y_m"":0.8887325004519246,""yaw_rate_radps"":0.4737}"
3241,13672352709089,/odom,Odometry,1789302417284290741,,"{""lateral_speed_mps"":0.0,""speed_mps"":6.098934695188416,""x_m"":40.71590108383762,""y_m"":0.9454773589133796,""yaw_rate_radps"":0.4737}"
3250,13672376716685,/odom,Odometry,1789302417309345006,,"{""lateral_speed_mps"":0.0,""speed_mps"":6.084961460005098,""x_m"":40.856885792263334,""y_m"":1.0039488832352799,""yaw_rate_radps"":0.4737}"
3259,13672402094468,/odom,Odometry,1789302417333578707,,"{""lateral_speed_mps"":0.0,""speed_mps"":6.117125405150005,""x_m"":40.99278693580452,""y_m"":1.0621772073158982,""yaw_rate_radps"":0.4737}"
3268,13672426823130,/odom,Odometry,1789302417359344900,,"{""lateral_speed_mps"":0.0,""speed_mps"":6.087082350605747,""x_m"":41.136563285398786,""y_m"":1.1258080822157317,""yaw_rate_radps"":0.4736}"
3277,13672452876443,/odom,Odometry,1789302417384418871,,"{""lateral_speed_mps"":0.0,""speed_mps"":6.082912448129382,""x_m"":41.27533325261977,""y_m"":1.18922814952625,""yaw_rate_radps"":0.4736}"
3285,13672476582822,/odom,Odometry,1789302417409222594,,"{""lateral_speed_mps"":0.0,""speed_mps"":6.050258593663318,""x_m"":41.41144969379661,""y_m"":1.253376353021019,""yaw_rate_radps"":0.4736}"
3295,13672501885955,/odom,Odometry,1789302417434169407,,"{""lateral_speed_mps"":0.0,""speed_mps"":6.052838714259706,""x_m"":41.547247400799506,""y_m"":1.319328971654773,""yaw_rate_radps"":0.4736}"
3304,13672527642069,/odom,Odometry,1789302417458906374,,"{""lateral_speed_mps"":0.0,""speed_mps"":5.987684774477804,""x_m"":41.680454037851625,""y_m"":1.3859165292166975,""yaw_rate_radps"":0.4736}"
3313,13672552206412,/odom,Odometry,1789302417483560155,,"{""lateral_speed_mps"":0.0,""speed_mps"":6.107178465277135,""x_m"":41.81301353683175,""y_m"":1.4541562208424805,""yaw_rate_radps"":0.4736}"
3322,13672577064206,/odom,Odometry,1789302417508941354,,"{""lateral_speed_mps"":0.0,""speed_mps"":6.070769991605593,""x_m"":41.94954202346733,""y_m"":1.526572138703259,""yaw_rate_radps"":0.4736}"
3330,13672602779173,/odom,Odometry,1789302417534269273,,"{""lateral_speed_mps"":0.0,""speed_mps"":6.081902372167606,""x_m"":42.08464299233397,""y_m"":1.600282615542073,""yaw_rate_radps"":0.4736}"
3340,13672627017243,/odom,Odometry,1789302417558874463,,"{""lateral_speed_mps"":0.0,""speed_mps"":6.100846772104205,""x_m"":42.215353176436984,""y_m"":1.6736202547803156,""yaw_rate_radps"":0.4736}"
3349,13672652561538,/odom,Odometry,1789302417583787953,,"{""lateral_speed_mps"":0.0,""speed_mps"":6.079028684628434,""x_m"":42.34677829479872,""y_m"":1.7494320835963855,""yaw_rate_radps"":0.4736}"
3358,13672676695362,/odom,Odometry,1789302417608981859,,"{""lateral_speed_mps"":0.0,""speed_mps"":6.086256448471882,""x_m"":42.478601672194465,""y_m"":1.8275754632020635,""yaw_rate_radps"":0.4736}"
3367,13672701446977,/odom,Odometry,1789302417633445834,,"{""lateral_speed_mps"":0.0,""speed_mps"":6.0683907326263835,""x_m"":42.605606725341424,""y_m"":1.9048697019152179,""yaw_rate_radps"":0.4736}"
3376,13672727367380,/odom,Odometry,1789302417658929305,,"{""lateral_speed_mps"":0.0,""speed_mps"":6.084709465453962,""x_m"":42.736919042249966,""y_m"":1.986944960626243,""yaw_rate_radps"":0.4736}"
3385,13672752826325,/odom,Odometry,1789302417683911674,,"{""lateral_speed_mps"":0.0,""speed_mps"":6.083592625988627,""x_m"":42.86482362894026,""y_m"":2.069061146355178,""yaw_rate_radps"":0.4736}"
3394,13672777038025,/odom,Odometry,1789302417709149564,,"{""lateral_speed_mps"":0.0,""speed_mps"":6.080343510928527,""x_m"":42.992998981667895,""y_m"":2.1535119787992385,""yaw_rate_radps"":0.4736}"
3403,13672802484918,/odom,Odometry,1789302417733446514,,"{""lateral_speed_mps"":0.0,""speed_mps"":6.140945206483709,""x_m"":43.116006570941735,""y_m"":2.2366538384347234,""yaw_rate_radps"":0.4736}"
3412,13672827124222,/odom,Odometry,1789302417758917852,,"{""lateral_speed_mps"":0.0,""speed_mps"":6.1197604181820235,""x_m"":43.24434129597065,""y_m"":2.3256071895823025,""yaw_rate_radps"":0.4736}"
3420,13672851521580,/odom,Odometry,1789302417784188483,,"{""lateral_speed_mps"":0.0,""speed_mps"":6.080137370883359,""x_m"":43.36998457654642,""y_m"":2.4149130371545637,""yaw_rate_radps"":0.4736}"
3430,13672877130568,/odom,Odometry,1789302417808903570,,"{""lateral_speed_mps"":0.0,""speed_mps"":6.08868382037696,""x_m"":43.49150674340666,""y_m"":2.503489025384544,""yaw_rate_radps"":0.4736}"
3438,13672901486288,/odom,Odometry,1789302417833827659,,"{""lateral_speed_mps"":0.0,""speed_mps"":6.0692934998539565,""x_m"":43.61287676861487,""y_m"":2.5941835273250375,""yaw_rate_radps"":0.4736}"
3448,13672927235009,/odom,Odometry,1789302417858963257,,"{""lateral_speed_mps"":0.0,""speed_mps"":6.084571015939547,""x_m"":43.73414454555755,""y_m"":2.6870582914923395,""yaw_rate_radps"":0.4736}"
3456,13672952631988,/odom,Odometry,1789302417884209762,,"{""lateral_speed_mps"":0.0,""speed_mps"":6.1396615623156725,""x_m"":43.85551880316635,""y_m"":2.782347071635309,""yaw_rate_radps"":0.4736}"
3466,13672976874886,/odom,Odometry,1789302417909244751,,"{""lateral_speed_mps"":0.0,""speed_mps"":6.080608151051925,""x_m"":43.974703457081105,""y_m"":2.87823143943313,""yaw_rate_radps"":0.4736}"
3475,13673001940502,/odom,Odometry,1789302417934199628,,"{""lateral_speed_mps"":0.0,""speed_mps"":6.070212336256084,""x_m"":44.09171606971113,""y_m"":2.9746359479750577,""yaw_rate_radps"":0.4736}"
3484,13673027631203,/odom,Odometry,1789302417959087810,,"{""lateral_speed_mps"":0.0,""speed_mps"":6.080529343570301,""x_m"":44.20727248290994,""y_m"":3.0721565123129935,""yaw_rate_radps"":0.4736}"
3492,13673051600497,/odom,Odometry,1789302417983995909,,"{""lateral_speed_mps"":0.0,""speed_mps"":6.087007283978413,""x_m"":44.32190821924784,""y_m"":3.1712576460857904,""yaw_rate_radps"":0.4736}"
3502,13673077554944,/odom,Odometry,1789302418008459092,,"{""lateral_speed_mps"":0.0,""speed_mps"":6.079763619129394,""x_m"":44.433327883899324,""y_m"":3.269912262134635,""yaw_rate_radps"":0.4736}"
3511,13673102525120,/odom,Odometry,1789302418033994090,,"{""lateral_speed_mps"":0.0,""speed_mps"":6.098689399772663,""x_m"":44.54851304604553,""y_m"":3.3743594860821755,""yaw_rate_radps"":0.4736}"
3520,13673128184863,/odom,Odometry,1789302418058528397,,"{""lateral_speed_mps"":0.0,""speed_mps"":6.1184226947146545,""x_m"":44.658341467365624,""y_m"":3.4763338899610425,""yaw_rate_radps"":0.4736}"
3529,13673152056824,/odom,Odometry,1789302418083753412,,"{""lateral_speed_mps"":0.0,""speed_mps"":6.107372969027944,""x_m"":44.770086287431695,""y_m"":3.5825879644616734,""yaw_rate_radps"":0.4736}"
3537,13673176856679,/odom,Odometry,1789302418109375194,,"{""lateral_speed_mps"":0.0,""speed_mps"":6.0439881395572375,""x_m"":44.881617481035946,""y_m"":3.6911864133207204,""yaw_rate_radps"":0.4736}"
3547,13673202325894,/odom,Odometry,1789302418133572687,,"{""lateral_speed_mps"":0.0,""speed_mps"":6.07757117486252,""x_m"":44.985475809589595,""y_m"":3.7947310219634898,""yaw_rate_radps"":0.4736}"
3555,13673227733312,/odom,Odometry,1789302418159440451,,"{""lateral_speed_mps"":0.0,""speed_mps"":6.09170148467698,""x_m"":45.095584852533854,""y_m"":3.907200386864079,""yaw_rate_radps"":0.4736}"
3565,13673253199121,/odom,Odometry,1789302418184373587,,"{""lateral_speed_mps"":0.0,""speed_mps"":6.109613832463576,""x_m"":45.20067291244415,""y_m"":4.017170548247239,""yaw_rate_radps"":0.4736}"
3574,13673277842332,/odom,Odometry,1789302418209216504,,"{""lateral_speed_mps"":0.0,""speed_mps"":6.073008279728789,""x_m"":45.30394186937786,""y_m"":4.127783263214109,""yaw_rate_radps"":0.4736}"
3583,13673302158458,/odom,Odometry,1789302418234413807,,"{""lateral_speed_mps"":0.0,""speed_mps"":6.04186508287179,""x_m"":45.406802471310385,""y_m"":4.240547946254842,""yaw_rate_radps"":0.4736}"
3592,13673326959015,/odom,Odometry,1789302418259349038,,"{""lateral_speed_mps"":0.0,""speed_mps"":6.048756365647112,""x_m"":45.50707211928845,""y_m"":4.353104329307035,""yaw_rate_radps"":0.4736}"
3600,13673351699369,/odom,Odometry,1789302418284372334,,"{""lateral_speed_mps"":0.0,""speed_mps"":6.044500261124308,""x_m"":45.6063698949742,""y_m"":4.467268660145484,""yaw_rate_radps"":0.4736}"
3610,13673377493595,/odom,Odometry,1789302418308464539,,"{""lateral_speed_mps"":0.0,""speed_mps"":6.07800112417263,""x_m"":45.70089347082565,""y_m"":4.578579666787788,""yaw_rate_radps"":0.4736}"
3619,13673402737636,/odom,Odometry,1789302418334239849,,"{""lateral_speed_mps"":0.0,""speed_mps"":6.085754356186403,""x_m"":45.80094315600855,""y_m"":4.699262115189419,""yaw_rate_radps"":0.4736}"
3628,13673426925912,/odom,Odometry,1789302418359126478,,"{""lateral_speed_mps"":0.0,""speed_mps"":6.100460485282476,""x_m"":45.89632644779029,""y_m"":4.817142307237995,""yaw_rate_radps"":0.4736}"
3636,13673452255995,/odom,Odometry,1789302418383918018,,"{""lateral_speed_mps"":0.0,""speed_mps"":6.108636580197865,""x_m"":45.99012032100616,""y_m"":4.935915973609603,""yaw_rate_radps"":0.4736}"
3646,13673477273801,/odom,Odometry,1789302418408454679,,"{""lateral_speed_mps"":0.0,""speed_mps"":6.130248658166676,""x_m"":46.08177049278984,""y_m"":5.054848487824215,""yaw_rate_radps"":0.4736}"
3654,13673502072003,/odom,Odometry,1789302418433603060,,"{""lateral_speed_mps"":0.0,""speed_mps"":6.088856677914229,""x_m"":46.17411108529954,""y_m"":5.177651496038014,""yaw_rate_radps"":0.4736}"
3664,13673526891045,/odom,Odometry,1789302418458524665,,"{""lateral_speed_mps"":0.0,""speed_mps"":6.118796827104654,""x_m"":46.26409365655119,""y_m"":5.300299033127959,""yaw_rate_radps"":0.4736}"
3673,13673551837938,/odom,Odometry,1789302418483937724,,"{""lateral_speed_mps"":0.0,""speed_mps"":6.092470715427318,""x_m"":46.35438754934164,""y_m"":5.426485109812681,""yaw_rate_radps"":0.4736}"
3682,13673577206253,/odom,Odometry,1789302418509179481,,"{""lateral_speed_mps"":0.0,""speed_mps"":6.050709475308365,""x_m"":46.44208432995124,""y_m"":5.552170828617035,""yaw_rate_radps"":0.4736}"
3691,13673603115905,/odom,Odometry,1789302418534335727,,"{""lateral_speed_mps"":0.0,""speed_mps"":6.096891379389878,""x_m"":46.52800130296376,""y_m"":5.678520782001235,""yaw_rate_radps"":0.4736}"
3699,13673626593835,/odom,Odometry,1789302418559115956,,"{""lateral_speed_mps"":0.0,""speed_mps"":6.05978245989146,""x_m"":46.6112075127397,""y_m"":5.804075430948086,""yaw_rate_radps"":0.4736}"
3709,13673651789475,/odom,Odometry,1789302418584276110,,"{""lateral_speed_mps"":0.0,""speed_mps"":6.067164001225109,""x_m"":46.694003897207566,""y_m"":5.932211964652605,""yaw_rate_radps"":0.4736}"
3717,13673677105412,/odom,Odometry,1789302418609354108,,"{""lateral_speed_mps"":0.0,""speed_mps"":6.076749147135468,""x_m"":46.77513208975959,""y_m"":6.061069889479019,""yaw_rate_radps"":0.4736}"
3726,13673701162321,/odom,Odometry,1789302418633457505,,"{""lateral_speed_mps"":0.0,""speed_mps"":6.075752365950312,""x_m"":46.85171471942456,""y_m"":6.185910350479036,""yaw_rate_radps"":0.4736}"
3735,13673727445035,/odom,Odometry,1789302418658979859,,"{""lateral_speed_mps"":0.0,""speed_mps"":6.059757636284898,""x_m"":46.9311249631881,""y_m"":6.31886486146571,""yaw_rate_radps"":0.4736}"
3744,13673753306888,/odom,Odometry,1789302418683752644,,"{""lateral_speed_mps"":0.0,""speed_mps"":6.099103491390131,""x_m"":47.006774567870366,""y_m"":6.4490916213750324,""yaw_rate_radps"":0.4736}"
3754,13673777953205,/odom,Odometry,1789302418709416605,,"{""lateral_speed_mps"":0.0,""speed_mps"":6.087274431644222,""x_m"":47.08370911100124,""y_m"":6.5852333800131,""yaw_rate_radps"":0.4736}"
3763,13673802501087,/odom,Odometry,1789302418734200260,,"{""lateral_speed_mps"":0.0,""speed_mps"":6.101832380203358,""x_m"":47.15646756494568,""y_m"":6.717599585243975,""yaw_rate_radps"":0.4736}"
3772,13673827314058,/odom,Odometry,1789302418759078814,,"{""lateral_speed_mps"":0.0,""speed_mps"":6.0858498749238965,""x_m"":47.22791397320802,""y_m"":6.851314506724433,""yaw_rate_radps"":0.4736}"
3780,13673852150582,/odom,Odometry,1789302418783705995,,"{""lateral_speed_mps"":0.0,""speed_mps"":6.09929155414649,""x_m"":47.29705262253641,""y_m"":6.984478887054248,""yaw_rate_radps"":0.4736}"
3790,13673877493880,/odom,Odometry,1789302418808596151,,"{""lateral_speed_mps"":0.0,""speed_mps"":6.097061392469186,""x_m"":47.3653930992606,""y_m"":7.120008166580398,""yaw_rate_radps"":0.4736}"
3799,13673903829464,/odom,Odometry,1789302418834392781,,"{""lateral_speed_mps"":0.0,""speed_mps"":6.131067496777942,""x_m"":47.4346924873039,""y_m"":7.26169072617757,""yaw_rate_radps"":0.4736}"
3807,13673926915587,/odom,Odometry,1789302418858673070,,"{""lateral_speed_mps"":0.0,""speed_mps"":6.116635029708343,""x_m"":47.498444279926524,""y_m"":7.396019163864896,""yaw_rate_radps"":0.4736}"
3816,13673951984198,/odom,Odometry,1789302418883494837,,"{""lateral_speed_mps"":0.0,""speed_mps"":6.11681936738057,""x_m"":47.5619518916244,""y_m"":7.533926747922269,""yaw_rate_radps"":0.4736}"
3825,13673978803031,/odom,Odometry,1789302418908701738,,"{""lateral_speed_mps"":0.0,""speed_mps"":6.0869314695637105,""x_m"":47.624624980357495,""y_m"":7.674387506019217,""yaw_rate_radps"":0.4736}"
3834,13674002989483,/odom,Odometry,1789302418933926844,,"{""lateral_speed_mps"":0.0,""speed_mps"":6.074437978344129,""x_m"":47.68545992543196,""y_m"":7.815193948733005,""yaw_rate_radps"":0.4736}"
3844,13674027855684,/odom,Odometry,1789302418958972763,,"{""lateral_speed_mps"":0.0,""speed_mps"":6.071382394749131,""x_m"":47.744128089080576,""y_m"":7.955523634064631,""yaw_rate_radps"":0.4736}"
3852,13674052570780,/odom,Odometry,1789302418983905378,,"{""lateral_speed_mps"":0.0,""speed_mps"":6.065276020915263,""x_m"":47.80083267717613,""y_m"":8.095795110795416,""yaw_rate_radps"":0.4736}"
3862,13674077584619,/odom,Odometry,1789302419008551344,,"{""lateral_speed_mps"":0.0,""speed_mps"":6.083146951425701,""x_m"":47.855296305521186,""y_m"":8.23524337473775,""yaw_rate_radps"":0.4736}"
3870,13674101932014,/odom,Odometry,1789302419033820543,,"{""lateral_speed_mps"":0.0,""speed_mps"":6.083252500344821,""x_m"":47.909509012276075,""y_m"":8.379082746885128,""yaw_rate_radps"":0.4736}"
3879,13674126863507,/odom,Odometry,1789302419059425563,,"{""lateral_speed_mps"":0.0,""speed_mps"":6.0640572445011705,""x_m"":47.96262231851995,""y_m"":8.525247423857104,""yaw_rate_radps"":0.4736}"
3889,13674152116816,/odom,Odometry,1789302419084431566,,"{""lateral_speed_mps"":0.0,""speed_mps"":6.05817153694797,""x_m"":48.01270751450591,""y_m"":8.66829738178669,""yaw_rate_radps"":0.4736}"
3898,13674177752994,/odom,Odometry,1789302419109292988,,"{""lateral_speed_mps"":0.0,""speed_mps"":6.046291070787323,""x_m"":48.060740733691084,""y_m"":8.810892711718191,""yaw_rate_radps"":0.4736}"
3907,13674202251273,/odom,Odometry,1789302419134122700,,"{""lateral_speed_mps"":0.0,""speed_mps"":6.066221433332606,""x_m"":48.10704984261169,""y_m"":8.953959060664873,""yaw_rate_radps"":0.4736}"
3916,13674228426094,/odom,Odometry,1789302419158882741,,"{""lateral_speed_mps"":0.0,""speed_mps"":6.082407786756825,""x_m"":48.15166891612019,""y_m"":9.097588171867082,""yaw_rate_radps"":0.4736}"
3925,13674252022417,/odom,Odometry,1789302419183931004,,"{""lateral_speed_mps"":0.0,""speed_mps"":6.108625624941115,""x_m"":48.19522247023014,""y_m"":9.2439249626237,""yaw_rate_radps"":0.4736}"
3933,13674276887255,/odom,Odometry,1789302419209145760,,"{""lateral_speed_mps"":0.0,""speed_mps"":6.103866391190768,""x_m"":48.23739692589377,""y_m"":9.3920061773552,""yaw_rate_radps"":0.4736}"
3943,13674302289854,/odom,Odometry,1789302419233950565,,"{""lateral_speed_mps"":0.0,""speed_mps"":6.104868697153793,""x_m"":48.277149192630894,""y_m"":9.538111165212163,""yaw_rate_radps"":0.4736}"
3952,13674326571816,/odom,Odometry,1789302419258684046,,"{""lateral_speed_mps"":0.0,""speed_mps"":6.10965339144338,""x_m"":48.31506825913271,""y_m"":9.684328529321284,""yaw_rate_radps"":0.4736}"
3960,13674351546781,/odom,Odometry,1789302419283729684,,"{""lateral_speed_mps"":0.0,""speed_mps"":6.098464509966884,""x_m"":48.35168336692984,""y_m"":9.832759102568986,""yaw_rate_radps"":0.4736}"
3970,13674377457156,/odom,Odometry,1789302419309167009,,"{""lateral_speed_mps"":0.0,""speed_mps"":6.087740152094289,""x_m"":48.38702876226143,""y_m"":9.98366751634728,""yaw_rate_radps"":0.4736}"
3978,13674402306144,/odom,Odometry,1789302419333675988,,"{""lateral_speed_mps"":0.0,""speed_mps"":6.107086175670798,""x_m"":48.419392050510034,""y_m"":10.129562320181321,""yaw_rate_radps"":0.4736}"
3988,13674428341814,/odom,Odometry,1789302419358968480,,"{""lateral_speed_mps"":0.0,""speed_mps"":6.077040375079372,""x_m"":48.45097371264026,""y_m"":10.280375383840836,""yaw_rate_radps"":0.4736}"
3997,13674453543956,/odom,Odometry,1789302419383751665,,"{""lateral_speed_mps"":0.0,""speed_mps"":6.0860900364396855,""x_m"":48.48011408756826,""y_m"":10.428251790930874,""yaw_rate_radps"":0.4736}"
4006,13674479335537,/odom,Odometry,1789302419408919763,,"{""lateral_speed_mps"":0.0,""speed_mps"":6.038877683864605,""x_m"":48.50786739468006,""y_m"":10.578286734632833,""yaw_rate_radps"":0.4736}"
4015,13674502639610,/odom,Odometry,1789302419434228426,,"{""lateral_speed_mps"":0.0,""speed_mps"":6.053055764950414,""x_m"":48.533914660310025,""y_m"":10.729069935732129,""yaw_rate_radps"":0.4736}"
4024,13674527362902,/odom,Odometry,1789302419459370144,,"{""lateral_speed_mps"":0.0,""speed_mps"":6.062147879240528,""x_m"":48.55803077638552,""y_m"":10.879446953494279,""yaw_rate_radps"":0.4736}"
4033,13674552251825,/odom,Odometry,1789302419484057078,,"{""lateral_speed_mps"":0.0,""speed_mps"":6.0692649516715225,""x_m"":48.579990533679265,""y_m"":11.027570968328178,""yaw_rate_radps"":0.4736}"
4041,13674577364629,/odom,Odometry,1789302419509371331,,"{""lateral_speed_mps"":0.0,""speed_mps"":6.114184498949368,""x_m"":48.60079826232295,""y_m"":11.180368632166726,""yaw_rate_radps"":0.4736}"
4051,13674603617137,/odom,Odometry,1789302419534461903,,"{""lateral_speed_mps"":0.0,""speed_mps"":6.132299931114426,""x_m"":48.619681293212295,""y_m"":11.33283871368283,""yaw_rate_radps"":0.4736}"
4060,13674627091580,/odom,Odometry,1789302419558460953,,"{""lateral_speed_mps"":0.0,""speed_mps"":6.127526853700436,""x_m"":48.63602057503767,""y_m"":11.479040161485015,""yaw_rate_radps"":0.4736}"
4069,13674652167876,/odom,Odometry,1789302419583905882,,"{""lateral_speed_mps"":0.0,""speed_mps"":6.113473558883205,""x_m"":48.65151824885054,""y_m"":11.634003169722684,""yaw_rate_radps"":0.4736}"
4078,13674677408481,/odom,Odometry,1789302419608639804,,"{""lateral_speed_mps"":0.0,""speed_mps"":6.109395818045976,""x_m"":48.66478285201547,""y_m"":11.7845803973657,""yaw_rate_radps"":0.4736}"
4087,13674702230789,/odom,Odometry,1789302419634107366,,"{""lateral_speed_mps"":0.0,""speed_mps"":6.103039901665987,""x_m"":48.676598506474136,""y_m"":11.939641796243414,""yaw_rate_radps"":0.4736}"
4095,13674726967376,/odom,Odometry,1789302419658787296,,"{""lateral_speed_mps"":0.0,""speed_mps"":6.074305202639268,""x_m"":48.6862455768243,""y_m"":12.089599634475414,""yaw_rate_radps"":0.4736}"
4105,13674751865607,/odom,Odometry,1789302419684386144,,"{""lateral_speed_mps"":0.0,""speed_mps"":6.062095883542447,""x_m"":48.69438767391041,""y_m"":12.244724538992912,""yaw_rate_radps"":0.4736}"
4113,13674775643791,/odom,Odometry,1789302419708440488,,"{""lateral_speed_mps"":0.0,""speed_mps"":6.062879808294211,""x_m"":48.70034080305263,""y_m"":12.390433257371189,""yaw_rate_radps"":0.4736}"
4122,13674802214858,/odom,Odometry,1789302419734236387,,"{""lateral_speed_mps"":0.0,""speed_mps"":6.077677731213075,""x_m"":48.70486996854764,""y_m"":12.546954821211235,""yaw_rate_radps"":0.4736}"
4132,13674827932439,/odom,Odometry,1789302419759442357,,"{""lateral_speed_mps"":0.0,""speed_mps"":6.104131795103838,""x_m"":48.70742226139714,""y_m"":12.700461492382146,""yaw_rate_radps"":0.4736}"
4140,13674851800703,/odom,Odometry,1789302419784145461,,"{""lateral_speed_mps"":0.0,""speed_mps"":6.075894854161242,""x_m"":48.708147606327756,""y_m"":12.85090150016037,""yaw_rate_radps"":0.4736}"
4150,13674877120347,/odom,Odometry,1789302419809190938,,"{""lateral_speed_mps"":0.0,""speed_mps"":6.099788764324349,""x_m"":48.707098601472275,""y_m"":13.003370293744858,""yaw_rate_radps"":0.4736}"
4159,13674900875638,/odom,Odometry,1789302419833700318,,"{""lateral_speed_mps"":0.0,""speed_mps"":6.079905719063681,""x_m"":48.704340285766314,""y_m"":13.152603488855377,""yaw_rate_radps"":0.4736}"
4168,13674928090035,/odom,Odometry,1789302419859416687,,"{""lateral_speed_mps"":0.0,""speed_mps"":6.121347383773532,""x_m"":48.69955841384829,""y_m"":13.309416167937705,""yaw_rate_radps"":0.4736}"
4177,13674951776427,/odom,Odometry,1789302419884261157,,"{""lateral_speed_mps"":0.0,""speed_mps"":6.087971259390898,""x_m"":48.69310113273255,""y_m"":13.460945291751184,""yaw_rate_radps"":0.4736}"
4186,13674976062166,/odom,Odometry,1789302419908855677,,"{""lateral_speed_mps"":0.0,""speed_mps"":6.100983338947392,""x_m"":48.68498181482137,""y_m"":13.610616124253026,""yaw_rate_radps"":0.4736}"
4195,13675001748959,/odom,Odometry,1789302419933603274,,"{""lateral_speed_mps"":0.0,""speed_mps"":6.114584786198612,""x_m"":48.674997464190156,""y_m"":13.76144052566662,""yaw_rate_radps"":0.4736}"
4204,13675026951432,/odom,Odometry,1789302419959108697,,"{""lateral_speed_mps"":0.0,""speed_mps"":6.116546193363902,""x_m"":48.662841418761865,""y_m"":13.916945480557992,""yaw_rate_radps"":0.4736}"
4213,13675052197988,/odom,Odometry,1789302419984419353,,"{""lateral_speed_mps"":0.0,""speed_mps"":6.0841361083712835,""x_m"":48.64899063752329,""y_m"":14.070725764456052,""yaw_rate_radps"":0.4736}"
4222,13675077922042,/odom,Odometry,1789302420009268602,,"{""lateral_speed_mps"":0.0,""speed_mps"":6.0661693408375355,""x_m"":48.633673155337775,""y_m"":14.22090919813572,""yaw_rate_radps"":0.4736}"
4232,13675102948684,/odom,Odometry,1789302420034014416,,"{""lateral_speed_mps"":0.0,""speed_mps"":6.064316364255995,""x_m"":48.61668021050658,""y_m"":14.370034282479669,""yaw_rate_radps"":0.4736}"
4240,13675127055878,/odom,Odometry,1789302420059373795,,"{""lateral_speed_mps"":0.0,""speed_mps"":6.071527427666878,""x_m"":48.59745196035863,""y_m"":14.52270701373487,""yaw_rate_radps"":0.4736}"
4249,13675151498602,/odom,Odometry,1789302420084317130,,"{""lateral_speed_mps"":0.0,""speed_mps"":6.077888760534887,""x_m"":48.57674154309607,""y_m"":14.672808559822847,""yaw_rate_radps"":0.4736}"
4258,13675176830789,/odom,Odometry,1789302420109209590,,"{""lateral_speed_mps"":0.0,""speed_mps"":6.096158754808687,""x_m"":48.5542423587371,""y_m"":14.822650473375754,""yaw_rate_radps"":0.4736}"
4267,13675202811195,/odom,Odometry,1789302420134437812,,"{""lateral_speed_mps"":0.0,""speed_mps"":6.067671134281028,""x_m"":48.52964885407309,""y_m"":14.974102807853697,""yaw_rate_radps"":0.4736}"
4275,13675226837245,/odom,Odometry,1789302420158615097,,"{""lateral_speed_mps"":0.0,""speed_mps"":6.102533128804745,""x_m"":48.504348541134526,""y_m"":15.119030993184312,""yaw_rate_radps"":0.4736}"
4285,13675253418221,/odom,Odometry,1789302420184312671,,"{""lateral_speed_mps"":0.0,""speed_mps"":6.134502647835802,""x_m"":48.47544543748044,""y_m"":15.273582014286777,""yaw_rate_radps"":0.4736}"
4294,13675277717034,/odom,Odometry,1789302420208559266,,"{""lateral_speed_mps"":0.0,""speed_mps"":6.126776050385688,""x_m"":48.446390452714056,""y_m"":15.419364007254218,""yaw_rate_radps"":0.4736}"
4303,13675303081021,/odom,Odometry,1789302420233960142,,"{""lateral_speed_mps"":0.0,""speed_mps"":6.104179189914091,""x_m"":48.41426925108645,""y_m"":15.571345178386103,""yaw_rate_radps"":0.4736}"
4312,13675326815844,/odom,Odometry,1789302420259100579,,"{""lateral_speed_mps"":0.0,""speed_mps"":6.065451250505514,""x_m"":48.38087679181437,""y_m"":15.720630093335801,""yaw_rate_radps"":0.4736}"
4321,13675351865440,/odom,Odometry,1789302420284287222,,"{""lateral_speed_mps"":0.0,""speed_mps"":6.057914548561387,""x_m"":48.345781886953944,""y_m"":15.869216015071885,""yaw_rate_radps"":0.4736}"
4329,13675376993613,/odom,Odometry,1789302420309237260,,"{""lateral_speed_mps"":0.0,""speed_mps"":6.049652098485003,""x_m"":48.30931763925606,""y_m"":16.015788954529203,""yaw_rate_radps"":0.4736}"
4339,13675402301755,/odom,Odometry,1789302420333600555,,"{""lateral_speed_mps"":0.0,""speed_mps"":6.081351169901487,""x_m"":48.271938765907755,""y_m"":16.158758956208406,""yaw_rate_radps"":0.4736}"
4348,13675428205717,/odom,Odometry,1789302420359485331,,"{""lateral_speed_mps"":0.0,""speed_mps"":6.1196420078662355,""x_m"":48.23015004172977,""y_m"":16.311041262716955,""yaw_rate_radps"":0.4736}"
4357,13675451677605,/odom,Odometry,1789302420383612923,,"{""lateral_speed_mps"":0.0,""speed_mps"":6.113419293255457,""x_m"":48.1894181950066,""y_m"":16.4528853232835,""yaw_rate_radps"":0.4736}"
4366,13675476880589,/odom,Odometry,1789302420408975817,,"{""lateral_speed_mps"":0.0,""speed_mps"":6.104155982038208,""x_m"":48.14492819338269,""y_m"":16.601297283831943,""yaw_rate_radps"":0.4736}"
4375,13675501508873,/odom,Odometry,1789302420433580186,,"{""lateral_speed_mps"":0.0,""speed_mps"":6.118365690900262,""x_m"":48.100051127129184,""y_m"":16.744807587053224,""yaw_rate_radps"":0.4736}"
4384,13675526984229,/odom,Odometry,1789302420458950234,,"{""lateral_speed_mps"":0.0,""speed_mps"":6.07909005231425,""x_m"":48.05212659776278,""y_m"":16.891922367953164,""yaw_rate_radps"":0.4736}"
4393,13675551998107,/odom,Odometry,1789302420484075782,,"{""lateral_speed_mps"":0.0,""speed_mps"":6.062090337794598,""x_m"":48.002724211651596,""y_m"":17.03622683345558,""yaw_rate_radps"":0.9196}"
4401,13675576885027,/odom,Odometry,1789302420509232719,,"{""lateral_speed_mps"":0.0,""speed_mps"":6.07454588800388,""x_m"":47.95029296616533,""y_m"":17.17960117088726,""yaw_rate_radps"":0.9497}"
4411,13675602141691,/odom,Odometry,1789302420533554997,,"{""lateral_speed_mps"":0.0,""speed_mps"":6.111237082620145,""x_m"":47.89610650411764,""y_m"":17.317532243247687,""yaw_rate_radps"":0.9488}"
4420,13675626891754,/odom,Odometry,1789302420559367678,,"{""lateral_speed_mps"":0.0,""speed_mps"":6.065663740050408,""x_m"":47.83517609195561,""y_m"":17.46240066178724,""yaw_rate_radps"":0.9481}"
4428,13675652091291,/odom,Odometry,1789302420584287088,,"{""lateral_speed_mps"":0.0,""speed_mps"":6.078146697283029,""x_m"":47.77321977803067,""y_m"":17.6004418184966,""yaw_rate_radps"":0.9475}"
4437,13675676635787,/odom,Odometry,1789302420609264308,,"{""lateral_speed_mps"":0.0,""speed_mps"":6.0890552701421266,""x_m"":47.70773445157765,""y_m"":17.737559757832727,""yaw_rate_radps"":0.947}"
4447,13675702274330,/odom,Odometry,1789302420634389525,,"{""lateral_speed_mps"":0.0,""speed_mps"":6.0405796344130325,""x_m"":47.638832144406805,""y_m"":17.87347053891088,""yaw_rate_radps"":0.9466}"
4456,13675727889799,/odom,Odometry,1789302420659339253,,"{""lateral_speed_mps"":0.0,""speed_mps"":6.100345460462557,""x_m"":47.567093960533605,""y_m"":18.00686013039962,""yaw_rate_radps"":0.9463}"
4464,13675751619633,/odom,Odometry,1789302420684122798,,"{""lateral_speed_mps"":0.0,""speed_mps"":6.10123282188949,""x_m"":47.49234717423497,""y_m"":18.138291606657436,""yaw_rate_radps"":0.946}"
4473,13675777033654,/odom,Odometry,1789302420709190908,,"{""lateral_speed_mps"":0.0,""speed_mps"":6.093737013027086,""x_m"":47.41372895282851,""y_m"":18.269375231023837,""yaw_rate_radps"":0.9458}"
4483,13675802353488,/odom,Odometry,1789302420734390586,,"{""lateral_speed_mps"":0.0,""speed_mps"":6.088357987427595,""x_m"":47.33167838246821,""y_m"":18.399096403442833,""yaw_rate_radps"":0.9456}"
4492,13675827372686,/odom,Odometry,1789302420758770492,,"{""lateral_speed_mps"":0.0,""speed_mps"":6.118905386482904,""x_m"":47.249177027470196,""y_m"":18.52293671544802,""yaw_rate_radps"":0.9454}"
4501,13675852440956,/odom,Odometry,1789302420783626714,,"{""lateral_speed_mps"":0.0,""speed_mps"":6.0750276961582275,""x_m"":47.16219220345526,""y_m"":18.64703546299816,""yaw_rate_radps"":0.9452}"
4510,13675876791147,/odom,Odometry,1789302420809167804,,"{""lateral_speed_mps"":0.0,""speed_mps"":6.08663038136024,""x_m"":47.07006117582815,""y_m"":18.772070610616623,""yaw_rate_radps"":0.9451}"
4519,13675902321075,/odom,Odometry,1789302420834111731,,"{""lateral_speed_mps"":0.0,""speed_mps"":6.092911265582788,""x_m"":46.977089110044425,""y_m"":18.89219751520361,""yaw_rate_radps"":0.945}"
4528,13675927068853,/odom,Odometry,1789302420858844551,,"{""lateral_speed_mps"":0.0,""speed_mps"":6.083904952224748,""x_m"":46.882136592404485,""y_m"":19.009071059462617,""yaw_rate_radps"":0.9449}"
4537,13675952139879,/odom,Odometry,1789302420884313044,,"{""lateral_speed_mps"":0.0,""speed_mps"":6.046924011699302,""x_m"":46.78192300092758,""y_m"":19.12662998172469,""yaw_rate_radps"":0.9448}"
4546,13675976721424,/odom,Odometry,1789302420909294651,,"{""lateral_speed_mps"":0.0,""speed_mps"":6.081587933383776,""x_m"":46.68093487129356,""y_m"":19.23955425350283,""yaw_rate_radps"":0.9447}"
4555,13676002300335,/odom,Odometry,1789302420934059622,,"{""lateral_speed_mps"":0.0,""speed_mps"":6.094570574237813,""x_m"":46.57779070900469,""y_m"":19.349523741865646,""yaw_rate_radps"":0.9446}"
4564,13676027458034,/odom,Odometry,1789302420958667597,,"{""lateral_speed_mps"":0.0,""speed_mps"":6.1103201039378465,""x_m"":46.47250296488958,""y_m"":19.45659858871412,""yaw_rate_radps"":0.9446}"
4572,13676052989536,/odom,Odometry,1789302420984417329,,"{""lateral_speed_mps"":0.0,""speed_mps"":6.144266405803572,""x_m"":46.35920714085928,""y_m"":19.566406328160525,""yaw_rate_radps"":0.9445}"
4582,13676077642255,/odom,Odometry,1789302421009327622,,"{""lateral_speed_mps"":0.0,""speed_mps"":6.0861280502411885,""x_m"":46.24734619121969,""y_m"":19.669807575003784,""yaw_rate_radps"":0.9445}"
4591,13676101482516,/odom,Odometry,1789302421033458751,,"{""lateral_speed_mps"":0.0,""speed_mps"":6.080598634149256,""x_m"":46.13730565058952,""y_m"":19.766971011012977,""yaw_rate_radps"":0.9444}"
4600,13676126321085,/odom,Odometry,1789302421058545526,,"{""lateral_speed_mps"":0.0,""speed_mps"":6.064876923631415,""x_m"":46.02079624932081,""y_m"":19.865128415308877,""yaw_rate_radps"":0.9444}"
4609,13676151720548,/odom,Odometry,1789302421083591635,,"{""lateral_speed_mps"":0.0,""speed_mps"":6.092748468556831,""x_m"":45.902027183654106,""y_m"":19.960386790336404,""yaw_rate_radps"":0.9444}"
4618,13676176982012,/odom,Odometry,1789302421108456994,,"{""lateral_speed_mps"":0.0,""speed_mps"":6.086699569233686,""x_m"":45.78164858894592,""y_m"":20.05224552226003,""yaw_rate_radps"":0.9443}"
4627,13676202560212,/odom,Odometry,1789302421134250719,,"{""lateral_speed_mps"":0.0,""speed_mps"":6.100636097205176,""x_m"":45.65447744254849,""y_m"":20.14461798903786,""yaw_rate_radps"":0.9443}"
4636,13676226956859,/odom,Odometry,1789302421158857431,,"{""lateral_speed_mps"":0.0,""speed_mps"":6.129838717118707,""x_m"":45.5306731656933,""y_m"":20.230148567157748,""yaw_rate_radps"":0.9443}"
4645,13676252885648,/odom,Odometry,1789302421183751384,,"{""lateral_speed_mps"":0.0,""speed_mps"":6.079276120615604,""x_m"":45.403631041191275,""y_m"":20.313540540126137,""yaw_rate_radps"":0.9443}"
4654,13676277543677,/odom,Odometry,1789302421208896259,,"{""lateral_speed_mps"":0.0,""speed_mps"":6.061510374298138,""x_m"":45.274084742927,""y_m"":20.39426473637048,""yaw_rate_radps"":0.9443}"
4663,13676302870364,/odom,Odometry,1789302421233994095,,"{""lateral_speed_mps"":0.0,""speed_mps"":6.062555304401665,""x_m"":45.14309324657408,""y_m"":20.471650629800227,""yaw_rate_radps"":0.9442}"
4672,13676328069491,/odom,Odometry,1789302421259047257,,"{""lateral_speed_mps"":0.0,""speed_mps"":6.077752804661739,""x_m"":45.010361087162764,""y_m"":20.545877563832015,""yaw_rate_radps"":0.9442}"
4681,13676352877332,/odom,Odometry,1789302421283949606,,"{""lateral_speed_mps"":0.0,""speed_mps"":6.076391652941197,""x_m"":44.876569247576306,""y_m"":20.616599017087346,""yaw_rate_radps"":0.9442}"
4690,13676377406198,/odom,Odometry,1789302421309070175,,"{""lateral_speed_mps"":0.0,""speed_mps"":6.078721984038862,""x_m"":44.739953290924866,""y_m"":20.684750244786215,""yaw_rate_radps"":0.9442}"
4699,13676404310882,/odom,Odometry,1789302421333607798,,"{""lateral_speed_mps"":0.0,""speed_mps"":6.1033790199429845,""x_m"":44.60467412960919,""y_m"":20.748293158114024,""yaw_rate_radps"":0.9442}"
4707,13676426866547,/odom,Odometry,1789302421359117829,,"{""lateral_speed_mps"":0.0,""speed_mps"":6.084693092287929,""x_m"":44.462436853734914,""y_m"":20.811035519788867,""yaw_rate_radps"":0.9442}"
4716,13676450996594,/odom,Odometry,1789302421383443954,,"{""lateral_speed_mps"":0.0,""speed_mps"":6.069683383828441,""x_m"":44.32582559161967,""y_m"":20.867536094401842,""yaw_rate_radps"":0.9442}"
4726,13676477398753,/odom,Odometry,1789302421408628643,,"{""lateral_speed_mps"":0.0,""speed_mps"":6.104026820197621,""x_m"":44.182819275047,""y_m"":20.922754363575756,""yaw_rate_radps"":0.9442}"
4734,13676501701885,/odom,Odometry,1789302421433838731,,"{""lateral_speed_mps"":0.0,""speed_mps"":6.075237274242999,""x_m"":44.03831437954256,""y_m"":20.97458514666408,""yaw_rate_radps"":0.9442}"
4744,13676527103853,/odom,Odometry,1789302421459104002,,"{""lateral_speed_mps"":0.0,""speed_mps"":6.0649683968874895,""x_m"":43.89277629733249,""y_m"":21.022945379132036,""yaw_rate_radps"":0.9442}"
4753,13676552271230,/odom,Odometry,1789302421483633369,,"{""lateral_speed_mps"":0.0,""speed_mps"":6.1373364554745855,""x_m"":43.74967658100024,""y_m"":21.066762900453213,""yaw_rate_radps"":0.9442}"
4762,13676577062239,/odom,Odometry,1789302421508856902,,"{""lateral_speed_mps"":0.0,""speed_mps"":6.075425144192813,""x_m"":43.60137259011425,""y_m"":21.108348931689207,""yaw_rate_radps"":0.9442}"
4770,13676601859730,/odom,Odometry,1789302421533621822,,"{""lateral_speed_mps"":0.0,""speed_mps"":6.089629891417425,""x_m"":43.45541620722114,""y_m"":21.145589556432085,""yaw_rate_radps"":0.9442}"
4780,13676626608249,/odom,Odometry,1789302421558713707,,"{""lateral_speed_mps"":0.0,""speed_mps"":6.0942417178945645,""x_m"":43.30645010110903,""y_m"":21.17986369959005,""yaw_rate_radps"":0.9442}"
4789,13676652031768,/odom,Odometry,1789302421584304781,,"{""lateral_speed_mps"":0.0,""speed_mps"":6.048662868159594,""x_m"":43.154248456207846,""y_m"":21.21111446265882,""yaw_rate_radps"":0.9441}"
4798,13676677612623,/odom,Odometry,1789302421609343636,,"{""lateral_speed_mps"":0.0,""speed_mps"":6.0597851104979314,""x_m"":43.00507795902289,""y_m"":21.238090288995892,""yaw_rate_radps"":0.9441}"
4807,13676701936133,/odom,Odometry,1789302421633964736,,"{""lateral_speed_mps"":0.0,""speed_mps"":6.0681682646583575,""x_m"":42.857569678244836,""y_m"":21.26116833000878,""yaw_rate_radps"":0.9441}"
4816,13676727862106,/odom,Odometry,1789302421658459287,,"{""lateral_speed_mps"":0.0,""speed_mps"":6.096286141007776,""x_m"":42.709875596558625,""y_m"":21.280704622629944,""yaw_rate_radps"":0.9441}"
4824,13676750620523,/odom,Odometry,1789302421683531746,,"{""lateral_speed_mps"":0.0,""speed_mps"":6.049414232577958,""x_m"":42.5585072127911,""y_m"":21.297176593456633,""yaw_rate_radps"":0.9441}"
4834,13676777753186,/odom,Odometry,1789302421709058268,,"{""lateral_speed_mps"":0.0,""speed_mps"":6.10108554367419,""x_m"":42.40398379374274,""y_m"":21.310303753791896,""yaw_rate_radps"":0.9441}"
4843,13676801795708,/odom,Odometry,1789302421733868894,,"{""lateral_speed_mps"":0.0,""speed_mps"":6.1120468901248985,""x_m"":42.25275583794527,""y_m"":21.31947549388372,""yaw_rate_radps"":0.9441}"
4851,13676826611684,/odom,Odometry,1789302421759151358,,"{""lateral_speed_mps"":0.0,""speed_mps"":6.047147576785875,""x_m"":42.099152628017514,""y_m"":21.325154474348935,""yaw_rate_radps"":0.9441}"
4861,13676853234728,/odom,Odometry,1789302421784340325,,"{""lateral_speed_mps"":0.0,""speed_mps"":6.160841305722702,""x_m"":41.94541241499396,""y_m"":21.327140884217382,""yaw_rate_radps"":0.9441}"
4870,13676877048089,/odom,Odometry,1789302421809118881,,"{""lateral_speed_mps"":0.0,""speed_mps"":6.084460355676347,""x_m"":41.793710334564324,""y_m"":21.325519626103908,""yaw_rate_radps"":0.9441}"
4879,13676902103585,/odom,Odometry,1789302421834207209,,"{""lateral_speed_mps"":0.0,""speed_mps"":6.067887447918958,""x_m"":41.641356789746595,""y_m"":21.320358586583048,""yaw_rate_radps"":0.9441}"
4888,13676926842968,/odom,Odometry,1789302421859274488,,"{""lateral_speed_mps"":0.0,""speed_mps"":6.081790678566067,""x_m"":41.48932939587398,""y_m"":21.311591178602853,""yaw_rate_radps"":0.9441}"
4897,13676951539930,/odom,Odometry,1789302421883462303,,"{""lateral_speed_mps"":0.0,""speed_mps"":6.123033052705885,""x_m"":41.342213644464735,""y_m"":21.29959625873347,""yaw_rate_radps"":0.9441}"
4906,13676977560301,/odom,Odometry,1789302421909287347,,"{""lateral_speed_mps"":0.0,""speed_mps"":6.079040289457384,""x_m"":41.18552144507008,""y_m"":21.28308794803287,""yaw_rate_radps"":0.9441}"
4915,13677001571163,/odom,Odometry,1789302421933786176,,"{""lateral_speed_mps"":0.0,""speed_mps"":6.104622173287417,""x_m"":41.03751178462261,""y_m"":21.26394896193303,""yaw_rate_radps"":0.9441}"
4923,13677026592706,/odom,Odometry,1789302421959338237,,"{""lateral_speed_mps"":0.0,""speed_mps"":6.084257394392395,""x_m"":40.88358617539524,""y_m"":21.24033245725049,""yaw_rate_radps"":0.9441}"
4932,13677051394936,/odom,Odometry,1789302421983721870,,"{""lateral_speed_mps"":0.0,""speed_mps"":6.073503638570779,""x_m"":40.73764710961165,""y_m"":21.214394696746748,""yaw_rate_radps"":0.9441}"
4941,13677076783439,/odom,Odometry,1789302422008704429,,"{""lateral_speed_mps"":0.0,""speed_mps"":6.07750405025417,""x_m"":40.58887870668478,""y_m"":21.184304335061984,""yaw_rate_radps"":0.9441}"
4950,13677101767932,/odom,Odometry,1789302422034401352,,"{""lateral_speed_mps"":0.0,""speed_mps"":6.052045444530555,""x_m"":40.43689731467174,""y_m"":21.149817684282105,""yaw_rate_radps"":0.9441}"
4960,13677127113765,/odom,Odometry,1789302422058621097,,"{""lateral_speed_mps"":0.0,""speed_mps"":6.097317569838527,""x_m"":40.29422356534094,""y_m"":21.11388632363694,""yaw_rate_radps"":0.9441}"
4969,13677152292313,/odom,Odometry,1789302422084407709,,"{""lateral_speed_mps"":0.0,""speed_mps"":6.046683352620309,""x_m"":40.143340335223826,""y_m"":21.072053424733863,""yaw_rate_radps"":0.9441}"
4978,13677177704750,/odom,Odometry,1789302422109470439,,"{""lateral_speed_mps"":0.0,""speed_mps"":6.101940501692412,""x_m"":39.99766035691971,""y_m"":21.027847806211174,""yaw_rate_radps"":0.9441}"
4987,13677202300533,/odom,Odometry,1789302422134069046,,"{""lateral_speed_mps"":0.0,""speed_mps"":6.070435769268796,""x_m"":39.85546261920077,""y_m"":20.981014100704662,""yaw_rate_radps"":0.9441}"
4996,13677226626778,/odom,Odometry,1789302422158901173,,"{""lateral_speed_mps"":0.0,""speed_mps"":6.07199148261852,""x_m"":39.713400171558476,""y_m"":20.93054225290987,""yaw_rate_radps"":0.9441}"
5005,13677252336555,/odom,Odometry,1789302422184155503,,"{""lateral_speed_mps"":0.0,""speed_mps"":6.063148427186579,""x_m"":39.57027072131059,""y_m"":20.87582899798633,""yaw_rate_radps"":0.9441}"
5013,13677276619118,/odom,Odometry,1789302422208889595,,"{""lateral_speed_mps"":0.0,""speed_mps"":6.113706937043763,""x_m"":39.43090970519573,""y_m"":20.81876165131859,""yaw_rate_radps"":0.9441}"
5023,13677302460562,/odom,Odometry,1789302422234042685,,"{""lateral_speed_mps"":0.0,""speed_mps"":6.060686588891177,""x_m"":39.29062541346448,""y_m"":20.757416484519258,""yaw_rate_radps"":0.9441}"
5032,13677326816654,/odom,Odometry,1789302422258507652,,"{""lateral_speed_mps"":0.0,""speed_mps"":6.11674500533538,""x_m"":39.155596260474525,""y_m"":20.694512405701314,""yaw_rate_radps"":0.9441}"
5041,13677352207561,/odom,Odometry,1789302422284238799,,"{""lateral_speed_mps"":0.0,""speed_mps"":6.083054401965958,""x_m"":39.01492802055137,""y_m"":20.62488510289739,""yaw_rate_radps"":0.9441}"
5050,13677376936303,/odom,Odometry,1789302422308723201,,"{""lateral_speed_mps"":0.0,""speed_mps"":6.109494420660519,""x_m"":38.88275569207813,""y_m"":20.55553336905189,""yaw_rate_radps"":0.9441}"
5059,13677402152552,/odom,Odometry,1789302422334188990,,"{""lateral_speed_mps"":0.0,""speed_mps"":6.080086603927586,""x_m"":38.7470560413899,""y_m"":20.480196372308782,""yaw_rate_radps"":0.9441}"
5068,13677426952939,/odom,Odometry,1789302422359119812,,"{""lateral_speed_mps"":0.0,""speed_mps"":6.051110931858928,""x_m"":38.616618767776444,""y_m"":20.40368806792306,""yaw_rate_radps"":0.9441}"
5077,13677452554282,/odom,Odometry,1789302422384227987,,"{""lateral_speed_mps"":0.0,""speed_mps"":6.0534868500909935,""x_m"":38.48740249109705,""y_m"":20.323713342960144,""yaw_rate_radps"":0.9441}"
5086,13677477374366,/odom,Odometry,1789302422409416203,,"{""lateral_speed_mps"":0.0,""speed_mps"":6.04737389831292,""x_m"":38.35974994081813,""y_m"":20.240466761902336,""yaw_rate_radps"":0.9441}"
5094,13677503085345,/odom,Odometry,1789302422433490635,,"{""lateral_speed_mps"":0.0,""speed_mps"":6.100626561187504,""x_m"":38.239185550565594,""y_m"":20.157719531451594,""yaw_rate_radps"":0.9441}"
5104,13677528535955,/odom,Odometry,1789302422458741659,,"{""lateral_speed_mps"":0.0,""speed_mps"":6.062314103666471,""x_m"":38.114624922398534,""y_m"":20.067905340036532,""yaw_rate_radps"":0.9441}"
5112,13677553088335,/odom,Odometry,1789302422484447649,,"{""lateral_speed_mps"":0.0,""speed_mps"":6.136336997651596,""x_m"":37.989700567381526,""y_m"":19.973158945169892,""yaw_rate_radps"":0.9441}"
5122,13677577192883,/odom,Odometry,1789302422508739450,,"{""lateral_speed_mps"":0.0,""speed_mps"":6.112955041704539,""x_m"":37.87335995031451,""y_m"":19.880425798158907,""yaw_rate_radps"":0.9441}"
5129,13677602530901,/odom,Odometry,1789302422533554514,,"{""lateral_speed_mps"":0.0,""speed_mps"":6.085113528172073,""x_m"":37.7572211830733,""y_m"":19.78337933644893,""yaw_rate_radps"":0.9441}"
5140,13677627119209,/odom,Odometry,1789302422559321829,,"{""lateral_speed_mps"":0.0,""speed_mps"":6.113506545968259,""x_m"":37.63903971232691,""y_m"":19.67977759435952,""yaw_rate_radps"":0.9441}"
5148,13677651670728,/odom,Odometry,1789302422583831209,,"{""lateral_speed_mps"":0.0,""speed_mps"":6.132640665579124,""x_m"":37.5285573176439,""y_m"":19.57821205466934,""yaw_rate_radps"":0.9441}"
5158,13677677327295,/odom,Odometry,1789302422608983688,,"{""lateral_speed_mps"":0.0,""speed_mps"":6.073573530777759,""x_m"":37.418035791507556,""y_m"":19.471674901955485,""yaw_rate_radps"":0.9441}"
5167,13677702024758,/odom,Odometry,1789302422633925170,,"{""lateral_speed_mps"":0.0,""speed_mps"":6.065941618957257,""x_m"":37.311565308914105,""y_m"":19.364054817935518,""yaw_rate_radps"":0.9441}"
5176,13677727989435,/odom,Odometry,1789302422659423590,,"{""lateral_speed_mps"":0.0,""speed_mps"":6.143571572313534,""x_m"":37.204781105795675,""y_m"":19.250795708456373,""yaw_rate_radps"":0.9441}"
5184,13677751273059,/odom,Odometry,1789302422683456684,,"{""lateral_speed_mps"":0.0,""speed_mps"":6.081793387900928,""x_m"":37.106503724263554,""y_m"":19.141600877352452,""yaw_rate_radps"":0.9441}"
5193,13677776917744,/odom,Odometry,1789302422709333615,,"{""lateral_speed_mps"":0.0,""speed_mps"":6.067778999486182,""x_m"":37.004084686665784,""y_m"":19.022349645542526,""yaw_rate_radps"":0.9441}"
5203,13677802239611,/odom,Odometry,1789302422733565713,,"{""lateral_speed_mps"":0.0,""speed_mps"":6.108804589624086,""x_m"":36.9106792535962,""y_m"":18.908151429478504,""yaw_rate_radps"":0.9441}"
5212,13677826678248,/odom,Odometry,1789302422759077017,,"{""lateral_speed_mps"":0.0,""speed_mps"":6.080967788668507,""x_m"":36.815106700910384,""y_m"":18.78550177939625,""yaw_rate_radps"":0.9441}"
5221,13677851883426,/odom,Odometry,1789302422784420625,,"{""lateral_speed_mps"":0.0,""speed_mps"":6.092243471996929,""x_m"":36.72320198540516,""y_m"":18.661613728911615,""yaw_rate_radps"":0.9441}"
5230,13677877905791,/odom,Odometry,1789302422809099814,,"{""lateral_speed_mps"":0.0,""speed_mps"":6.107209991441669,""x_m"":36.636399528838496,""y_m"":18.538623873380807,""yaw_rate_radps"":0.9441}"
5238,13677901495992,/odom,Odometry,1789302422834251902,,"{""lateral_speed_mps"":0.0,""speed_mps"":6.0477891730484785,""x_m"":36.5512347450001,""y_m"":18.411685038298355,""yaw_rate_radps"":0.9441}"
5248,13677927213794,/odom,Odometry,1789302422859053321,,"{""lateral_speed_mps"":0.0,""speed_mps"":6.065394750224089,""x_m"":36.470507518280286,""y_m"":18.285008614240216,""yaw_rate_radps"":0.9441}"
5257,13677952147181,/odom,Odometry,1789302422884271053,,"{""lateral_speed_mps"":0.0,""speed_mps"":6.0796254721847705,""x_m"":36.39128475953054,""y_m"":18.15395848801757,""yaw_rate_radps"":0.9441}"
5266,13677977120593,/odom,Odometry,1789302422908702055,,"{""lateral_speed_mps"":0.0,""speed_mps"":6.122881209881116,""x_m"":36.31721553964876,""y_m"":18.02460419503182,""yaw_rate_radps"":0.9441}"
5275,13678002486463,/odom,Odometry,1789302422933734268,,"{""lateral_speed_mps"":0.0,""speed_mps"":6.106462829513792,""x_m"":36.24432681763951,""y_m"":17.8900106020538,""yaw_rate_radps"":0.9441}"
5283,13678027083878,/odom,Odometry,1789302422958534785,,"{""lateral_speed_mps"":0.0,""speed_mps"":6.124177583817025,""x_m"":36.17527662999094,""y_m"":17.754976341905575,""yaw_rate_radps"":0.9441}"
5292,13678051584051,/odom,Odometry,1789302422984195840,,"{""lateral_speed_mps"":0.0,""speed_mps"":6.082343952048095,""x_m"":36.107286981396676,""y_m"":17.613888097888974,""yaw_rate_radps"":0.9441}"
5302,13678077433991,/odom,Odometry,1789302423008524600,,"{""lateral_speed_mps"":0.0,""speed_mps"":6.1251750815582495,""x_m"":36.04601271270831,""y_m"":17.47862280178057,""yaw_rate_radps"":0.9441}"
5311,13678101924375,/odom,Odometry,1789302423033671589,,"{""lateral_speed_mps"":0.0,""speed_mps"":6.090528320629912,""x_m"":35.985951479332954,""y_m"":17.337257372077566,""yaw_rate_radps"":0.9441}"
5320,13678127316174,/odom,Odometry,1789302423059252353,,"{""lateral_speed_mps"":0.0,""speed_mps"":6.045615892308341,""x_m"":35.92864264751185,""y_m"":17.192998718017613,""yaw_rate_radps"":0.9441}"
5328,13678152495023,/odom,Odometry,1789302423083471327,,"{""lateral_speed_mps"":0.0,""speed_mps"":6.092143870046859,""x_m"":35.87762898137726,""y_m"":17.055153014661666,""yaw_rate_radps"":0.9441}"
5338,13678176972442,/odom,Odometry,1789302423109005624,,"{""lateral_speed_mps"":0.0,""speed_mps"":6.059846001278297,""x_m"":35.827230282510754,""y_m"":16.908421758967325,""yaw_rate_radps"":0.9441}"
5347,13678201652934,/odom,Odometry,1789302423133577190,,"{""lateral_speed_mps"":0.0,""speed_mps"":6.086487391197664,""x_m"":35.782103025228835,""y_m"":16.766180913891773,""yaw_rate_radps"":0.9441}"
5356,13678226742043,/odom,Odometry,1789302423158895862,,"{""lateral_speed_mps"":0.0,""speed_mps"":6.078383459401802,""x_m"":35.73902097578355,""y_m"":16.618331009599544,""yaw_rate_radps"":0.9441}"
5365,13678252539175,/odom,Odometry,1789302423184431221,,"{""lateral_speed_mps"":0.0,""speed_mps"":6.030544926643366,""x_m"":35.6992887203961,""y_m"":16.468920890542382,""yaw_rate_radps"":0.9441}"
5374,13678279404455,/odom,Odometry,1789302423209277303,,"{""lateral_speed_mps"":0.0,""speed_mps"":6.072781582356764,""x_m"":35.66409830066667,""y_m"":16.32273678975963,""yaw_rate_radps"":0.9441}"
5383,13678302640369,/odom,Odometry,1789302423234119369,,"{""lateral_speed_mps"":0.0,""speed_mps"":6.056152944704795,""x_m"":35.63231576483748,""y_m"":16.175472315301885,""yaw_rate_radps"":0.9441}"
5392,13678327551625,/odom,Odometry,1789302423258909436,,"{""lateral_speed_mps"":0.0,""speed_mps"":6.088174311830313,""x_m"":35.6040465990192,""y_m"":16.02762283799875,""yaw_rate_radps"":0.9441}"
5399,13678352194546,/odom,Odometry,1789302423284087724,,"{""lateral_speed_mps"":0.0,""speed_mps"":6.079033804363478,""x_m"":35.57885396861073,""y_m"":15.87653312930783,""yaw_rate_radps"":0.9441}"
5409,13678377445991,/odom,Odometry,1789302423309397759,,"{""lateral_speed_mps"":0.0,""speed_mps"":6.142130603453501,""x_m"":35.5570968095729,""y_m"":15.723412078659674,""yaw_rate_radps"":0.9441}"
5419,13678402250265,/odom,Odometry,1789302423334049907,,"{""lateral_speed_mps"":0.0,""speed_mps"":6.100152894842863,""x_m"":35.53940815776962,""y_m"":15.573554004296554,""yaw_rate_radps"":0.9441}"
5428,13678427051994,/odom,Odometry,1789302423359329555,,"{""lateral_speed_mps"":0.0,""speed_mps"":6.06294604244781,""x_m"":35.52494141702562,""y_m"":15.420496055088826,""yaw_rate_radps"":0.9441}"
5437,13678452552618,/odom,Odometry,1789302423383692760,,"{""lateral_speed_mps"":0.0,""speed_mps"":6.09915906221035,""x_m"":35.514489774202794,""y_m"":15.272710791693191,""yaw_rate_radps"":0.9441}"
5446,13678476561957,/odom,Odometry,1789302423408911203,,"{""lateral_speed_mps"":0.0,""speed_mps"":6.09789987835804,""x_m"":35.5072662465054,""y_m"":15.119086294647648,""yaw_rate_radps"":0.9441}"
5455,13678501443867,/odom,Odometry,1789302423434011954,,"{""lateral_speed_mps"":0.0,""speed_mps"":6.058645754558898,""x_m"":35.503700772820366,""y_m"":14.966559011007059,""yaw_rate_radps"":0.9441}"
5464,13678528780634,/odom,Odometry,1789302423459347357,,"{""lateral_speed_mps"":0.0,""speed_mps"":6.148726545897769,""x_m"":35.50381507675554,""y_m"":14.811918805726789,""yaw_rate_radps"":0.9441}"
5473,13678551615054,/odom,Odometry,1789302423483881413,,"{""lateral_speed_mps"":0.0,""speed_mps"":6.077540098059742,""x_m"":35.50746639750967,""y_m"":14.661983725128943,""yaw_rate_radps"":0.9441}"
5482,13678576679657,/odom,Odometry,1789302423508613382,,"{""lateral_speed_mps"":0.0,""speed_mps"":6.0931514874649855,""x_m"":35.51462216240223,""y_m"":14.51165047456128,""yaw_rate_radps"":0.9441}"
5491,13678601494822,/odom,Odometry,1789302423533591012,,"{""lateral_speed_mps"":0.0,""speed_mps"":6.103991803043971,""x_m"":35.52547168989142,""y_m"":14.359709147371866,""yaw_rate_radps"":0.9442}"
5500,13678627688008,/odom,Odometry,1789302423558669431,,"{""lateral_speed_mps"":0.0,""speed_mps"":6.105329950558813,""x_m"":35.53998131473617,""y_m"":14.207305243235822,""yaw_rate_radps"":0.9441}"
5508,13678651601086,/odom,Odometry,1789302423584468096,,"{""lateral_speed_mps"":0.0,""speed_mps"":6.052915166373935,""x_m"":35.558534021636625,""y_m"":14.051572404388516,""yaw_rate_radps"":0.9441}"
5517,13678676932311,/odom,Odometry,1789302423609047327,,"{""lateral_speed_mps"":0.0,""speed_mps"":6.062409982199915,""x_m"":35.579639569172116,""y_m"":13.904182823429682,""yaw_rate_radps"":0.9441}"
5526,13678701536189,/odom,Odometry,1789302423634029054,,"{""lateral_speed_mps"":0.0,""speed_mps"":6.0624496519944255,""x_m"":35.60463641253184,""y_m"":13.754809904753223,""yaw_rate_radps"":0.9441}"
5535,13678726844020,/odom,Odometry,1789302423659101413,,"{""lateral_speed_mps"":0.0,""speed_mps"":6.0627950554591115,""x_m"":35.63325646083939,""y_m"":13.60552446995959,""yaw_rate_radps"":0.9441}"
5544,13678751333592,/odom,Odometry,1789302423683449399,,"{""lateral_speed_mps"":0.0,""speed_mps"":6.051263619579049,""x_m"":35.664379636544616,""y_m"":13.46136928432567,""yaw_rate_radps"":0.9441}"
5554,13678777208520,/odom,Odometry,1789302423709388758,,"{""lateral_speed_mps"":0.0,""speed_mps"":6.067700017480084,""x_m"":35.70117367756059,""y_m"":13.308556781500807,""yaw_rate_radps"":0.9441}"
5563,13678803582676,/odom,Odometry,1789302423733895172,,"{""lateral_speed_mps"":0.0,""speed_mps"":6.096014265214652,""x_m"":35.73954615159647,""y_m"":13.164537104025415,""yaw_rate_radps"":0.9441}"
5571,13678826722911,/odom,Odometry,1789302423759295887,,"{""lateral_speed_mps"":0.0,""speed_mps"":6.077449095631341,""x_m"":35.78286949056645,""y_m"":13.016122745687388,""yaw_rate_radps"":0.9441}"
5581,13678851848569,/odom,Odometry,1789302423783473924,,"{""lateral_speed_mps"":0.0,""speed_mps"":6.148316174500863,""x_m"":35.8276315633548,""y_m"":12.875268169197545,""yaw_rate_radps"":0.9441}"
5590,13678876938631,/odom,Odometry,1789302423809335777,,"{""lateral_speed_mps"":0.0,""speed_mps"":6.093585824743882,""x_m"":35.87912681139685,""y_m"":12.72557816008938,""yaw_rate_radps"":0.9441}"
5599,13678903124103,/odom,Odometry,1789302423834394429,,"{""lateral_speed_mps"":0.0,""speed_mps"":6.119275603849059,""x_m"":35.932371204043335,""y_m"":12.582122397027764,""yaw_rate_radps"":0.9441}"
5608,13678927141697,/odom,Odometry,1789302423859205366,,"{""lateral_speed_mps"":0.0,""speed_mps"":6.07420853102851,""x_m"":35.98835202536987,""y_m"":12.441595938317246,""yaw_rate_radps"":0.9441}"
5617,13678952095022,/odom,Odometry,1789302423884233181,,"{""lateral_speed_mps"":0.0,""speed_mps"":6.04339588062843,""x_m"":36.047730442907515,""y_m"":12.302066920575705,""yaw_rate_radps"":0.9441}"
5626,13678976066089,/odom,Odometry,1789302423908445061,,"{""lateral_speed_mps"":0.0,""speed_mps"":6.041090919980801,""x_m"":36.10812843955082,""y_m"":12.16882103767055,""yaw_rate_radps"":0.9442}"
5635,13679001793319,/odom,Odometry,1789302423933524602,,"{""lateral_speed_mps"":0.0,""speed_mps"":6.079396254239506,""x_m"":36.17406396772908,""y_m"":12.031881775299496,""yaw_rate_radps"":0.9441}"
5644,13679027102893,/odom,Odometry,1789302423959312787,,"{""lateral_speed_mps"":0.0,""speed_mps"":6.0816056451986915,""x_m"":36.24546952134867,""y_m"":11.89227764179067,""yaw_rate_radps"":0.9441}"
5652,13679052917818,/odom,Odometry,1789302423984392729,,"{""lateral_speed_mps"":0.0,""speed_mps"":6.138877504062745,""x_m"":36.31858057299349,""y_m"":11.757597664046935,""yaw_rate_radps"":0.9441}"
5662,13679076634827,/odom,Odometry,1789302424008630388,,"{""lateral_speed_mps"":0.0,""speed_mps"":6.138469059549056,""x_m"":36.392635408592426,""y_m"":11.628551199656014,""yaw_rate_radps"":0.9441}"
5671,13679101987844,/odom,Odometry,1789302424034073744,,"{""lateral_speed_mps"":0.0,""speed_mps"":6.117066042116339,""x_m"":36.4733580746643,""y_m"":11.49516111041536,""yaw_rate_radps"":0.9441}"
5680,13679127031848,/odom,Odometry,1789302424059097311,,"{""lateral_speed_mps"":0.0,""speed_mps"":6.110619048626021,""x_m"":36.55563844963953,""y_m"":11.36618155385355,""yaw_rate_radps"":0.9441}"
5688,13679152823209,/odom,Odometry,1789302424084444957,,"{""lateral_speed_mps"":0.0,""speed_mps"":6.086109463127004,""x_m"":36.64189311985655,""y_m"":11.237906362365244,""yaw_rate_radps"":0.9441}"
5698,13679177345753,/odom,Odometry,1789302424109271803,,"{""lateral_speed_mps"":0.0,""speed_mps"":6.049602798377532,""x_m"":36.72888819900345,""y_m"":11.114917419827531,""yaw_rate_radps"":0.9441}"
5707,13679202318424,/odom,Odometry,1789302424133576798,,"{""lateral_speed_mps"":0.0,""speed_mps"":6.0918841737167915,""x_m"":36.81685559210905,""y_m"":10.996459281317097,""yaw_rate_radps"":0.9441}"
5715,13679225819197,/odom,Odometry,1789302424158454631,,"{""lateral_speed_mps"":0.0,""speed_mps"":6.070015369068882,""x_m"":36.90984346889055,""y_m"":10.877131724058199,""yaw_rate_radps"":0.9441}"
5725,13679251897577,/odom,Odometry,1789302424184280667,,"{""lateral_speed_mps"":0.0,""speed_mps"":6.079234071964915,""x_m"":37.00917231623365,""y_m"":10.755698229839181,""yaw_rate_radps"":0.9441}"
5733,13679276485635,/odom,Odometry,1789302424209103295,,"{""lateral_speed_mps"":0.0,""speed_mps"":6.056249799838816,""x_m"":37.107311263764196,""y_m"":10.641440155620767,""yaw_rate_radps"":0.9441}"
5743,13679303220229,/odom,Odometry,1789302424234100993,,"{""lateral_speed_mps"":0.0,""speed_mps"":5.9961693345728415,""x_m"":37.20809127980726,""y_m"":10.529476765020252,""yaw_rate_radps"":0.9441}"
5752,13679326707897,/odom,Odometry,1789302424258815278,,"{""lateral_speed_mps"":0.0,""speed_mps"":6.127721638409168,""x_m"":37.310924265448676,""y_m"":10.420525821872515,""yaw_rate_radps"":0.9441}"
5760,13679351909108,/odom,Odometry,1789302424283899168,,"{""lateral_speed_mps"":0.0,""speed_mps"":6.115956703011867,""x_m"":37.41899012226237,""y_m"":10.311427036302273,""yaw_rate_radps"":0.9441}"
5770,13679377799294,/odom,Odometry,1789302424308596070,,"{""lateral_speed_mps"":0.0,""speed_mps"":6.122809934495263,""x_m"":37.52785880886636,""y_m"":10.20660485476802,""yaw_rate_radps"":0.9441}"
5779,13679402126631,/odom,Odometry,1789302424334300647,,"{""lateral_speed_mps"":0.0,""speed_mps"":6.137563482437089,""x_m"":37.643925797377825,""y_m"":10.100030646754844,""yaw_rate_radps"":0.9441}"
5788,13679427294339,/odom,Odometry,1789302424359332860,,"{""lateral_speed_mps"":0.0,""speed_mps"":6.056780233280784,""x_m"":37.75874914714068,""y_m"":9.999480498785843,""yaw_rate_radps"":0.9441}"
5797,13679452128469,/odom,Odometry,1789302424383709200,,"{""lateral_speed_mps"":0.0,""speed_mps"":6.0935396625221765,""x_m"":37.87243286290842,""y_m"":9.90457857677886,""yaw_rate_radps"":0.9441}"
5806,13679476838005,/odom,Odometry,1789302424408982175,,"{""lateral_speed_mps"":0.0,""speed_mps"":6.065574106511662,""x_m"":37.992689631688926,""y_m"":9.808941906951443,""yaw_rate_radps"":0.9441}"
5815,13679502110229,/odom,Odometry,1789302424433585111,,"{""lateral_speed_mps"":0.0,""speed_mps"":6.088901876298793,""x_m"":38.11187506977121,""y_m"":9.718662621341478,""yaw_rate_radps"":0.9441}"
5824,13679527039458,/odom,Odometry,1789302424458528266,,"{""lateral_speed_mps"":0.0,""speed_mps"":6.125996692991017,""x_m"":38.2354460544117,""y_m"":9.629570973963336,""yaw_rate_radps"":0.9441}"
5832,13679552090156,/odom,Odometry,1789302424484129619,,"{""lateral_speed_mps"":0.0,""speed_mps"":6.064637833698598,""x_m"":38.36431456336614,""y_m"":9.541570601448338,""yaw_rate_radps"":1.229}"
5842,13679576963580,/odom,Odometry,1789302424508600847,,"{""lateral_speed_mps"":0.0,""speed_mps"":6.095930815649316,""x_m"":38.48968946923005,""y_m"":9.461443834182754,""yaw_rate_radps"":1.3948}"
5851,13679602234682,/odom,Odometry,1789302424533695597,,"{""lateral_speed_mps"":0.0,""speed_mps"":6.083128825803241,""x_m"":38.621200740132785,""y_m"":9.38361533615492,""yaw_rate_radps"":1.4106}"
5859,13679626602095,/odom,Odometry,1789302424558588168,,"{""lateral_speed_mps"":0.0,""speed_mps"":6.086772461701708,""x_m"":38.754196118830436,""y_m"":9.311121159337103,""yaw_rate_radps"":1.4094}"
5869,13679651238694,/odom,Odometry,1789302424584391180,,"{""lateral_speed_mps"":0.0,""speed_mps"":6.07310328336457,""x_m"":38.894516857541404,""y_m"":9.240965656479208,""yaw_rate_radps"":1.4081}"
5878,13679676799791,/odom,Odometry,1789302424608879129,,"{""lateral_speed_mps"":0.0,""speed_mps"":6.071238236776446,""x_m"":39.02977670795711,""y_m"":9.179199806370722,""yaw_rate_radps"":1.4072}"
5887,13679701986164,/odom,Odometry,1789302424634018033,,"{""lateral_speed_mps"":0.0,""speed_mps"":6.069992187509489,""x_m"":39.17074136158874,""y_m"":9.12073388147303,""yaw_rate_radps"":1.4063}"
5896,13679727158680,/odom,Odometry,1789302424659090030,,"{""lateral_speed_mps"":0.0,""speed_mps"":6.058595318411777,""x_m"":39.313146825362615,""y_m"":9.067462930156509,""yaw_rate_radps"":1.4056}"
5904,13679753326068,/odom,Odometry,1789302424684355211,,"{""lateral_speed_mps"":0.0,""speed_mps"":6.052134359826598,""x_m"":39.458237134653785,""y_m"":9.018932359178105,""yaw_rate_radps"":1.405}"
5914,13679777311592,/odom,Odometry,1789302424709327261,,"{""lateral_speed_mps"":0.0,""speed_mps"":6.061262330485202,""x_m"":39.60327762505127,""y_m"":8.976047571855457,""yaw_rate_radps"":1.4045}"
5922,13679802466616,/odom,Odometry,1789302424734460193,,"{""lateral_speed_mps"":0.0,""speed_mps"":6.121894233124322,""x_m"":39.75156063042703,""y_m"":8.937949640143515,""yaw_rate_radps"":1.4041}"
5932,13679827117382,/odom,Odometry,1789302424758995381,,"{""lateral_speed_mps"":0.0,""speed_mps"":6.087871622893532,""x_m"":39.89785544174778,""y_m"":8.905806312025513,""yaw_rate_radps"":1.4038}"
5941,13679851826336,/odom,Odometry,1789302424783709135,,"{""lateral_speed_mps"":0.0,""speed_mps"":6.104907382238151,""x_m"":40.0460396263932,""y_m"":8.878579642279725,""yaw_rate_radps"":1.4036}"
5949,13679876630571,/odom,Odometry,1789302424809167940,,"{""lateral_speed_mps"":0.0,""speed_mps"":6.094992186160457,""x_m"":40.19967505139653,""y_m"":8.855919915790032,""yaw_rate_radps"":1.4033}"
5959,13679901691537,/odom,Odometry,1789302424833535122,,"{""lateral_speed_mps"":0.0,""speed_mps"":6.124891781775329,""x_m"":40.347637553215584,""y_m"":8.839389880710453,""yaw_rate_radps"":1.4031}"
5968,13679927237256,/odom,Odometry,1789302424859177723,,"{""lateral_speed_mps"":0.0,""speed_mps"":6.075065748275263,""x_m"":40.50360219122117,""y_m"":8.827488503373361,""yaw_rate_radps"":1.4029}"
5976,13679951717220,/odom,Odometry,1789302424884331003,,"{""lateral_speed_mps"":0.0,""speed_mps"":6.048522179458526,""x_m"":40.65594879539929,""y_m"":8.821239326194394,""yaw_rate_radps"":1.4027}"
5986,13679977400588,/odom,Odometry,1789302424909429230,,"{""lateral_speed_mps"":0.0,""speed_mps"":6.06942955836603,""x_m"":40.808014967715906,""y_m"":8.820363611810945,""yaw_rate_radps"":1.4026}"
5995,13680001829155,/odom,Odometry,1789302424934155568,,"{""lateral_speed_mps"":0.0,""speed_mps"":6.048906302464138,""x_m"":40.957771455798444,""y_m"":8.824771844191691,""yaw_rate_radps"":1.4025}"
6004,13680027379883,/odom,Odometry,1789302424959282198,,"{""lateral_speed_mps"":0.0,""speed_mps"":6.080067889369173,""x_m"":41.10983437713409,""y_m"":8.834605015899202,""yaw_rate_radps"":1.4024}"
6013,13680052247907,/odom,Odometry,1789302424983771059,,"{""lateral_speed_mps"":0.0,""speed_mps"":6.106169057411717,""x_m"":41.25830531985766,""y_m"":8.84947697534715,""yaw_rate_radps"":1.4023}"
6022,13680076725537,/odom,Odometry,1789302425008468883,,"{""lateral_speed_mps"":0.0,""speed_mps"":6.079582909085334,""x_m"":41.40742855400083,""y_m"":8.869642446493692,""yaw_rate_radps"":1.4023}"
6030,13680101674654,/odom,Odometry,1789302425034255855,,"{""lateral_speed_mps"":0.0,""speed_mps"":6.079187460459623,""x_m"":41.56194668014771,""y_m"":8.896108767502415,""yaw_rate_radps"":1.4022}"
6040,13680128334176,/odom,Odometry,1789302425059259204,,"{""lateral_speed_mps"":0.0,""speed_mps"":6.08036456323406,""x_m"":41.71076131705183,""y_m"":8.927131445271907,""yaw_rate_radps"":1.4021}"
6049,13680151662916,/odom,Odometry,1789302425084185748,,"{""lateral_speed_mps"":0.0,""speed_mps"":6.061286474918786,""x_m"":41.857728611918226,""y_m"":8.963192983994757,""yaw_rate_radps"":1.4021}"
6057,13680177410504,/odom,Odometry,1789302425108798642,,"{""lateral_speed_mps"":0.0,""speed_mps"":6.127053053806988,""x_m"":42.00205606074027,""y_m"":9.004030657005874,""yaw_rate_radps"":1.402}"
6067,13680202402651,/odom,Odometry,1789302425133975748,,"{""lateral_speed_mps"":0.0,""speed_mps"":6.109966535985989,""x_m"":42.148717046727434,""y_m"":9.051159125024098,""yaw_rate_radps"":1.402}"
6075,13680226861306,/odom,Odometry,1789302425158628377,,"{""lateral_speed_mps"":0.0,""speed_mps"":6.117019922188927,""x_m"":42.290490561379016,""y_m"":9.102292396388018,""yaw_rate_radps"":1.402}"
6085,13680252490912,/odom,Odometry,1789302425183632537,,"{""lateral_speed_mps"":0.0,""speed_mps"":6.116731693541194,""x_m"":42.432448108461195,""y_m"":9.159225415192688,""yaw_rate_radps"":1.402}"
6094,13680278264519,/odom,Odometry,1789302425209428856,,"{""lateral_speed_mps"":0.0,""speed_mps"":6.107627084773347,""x_m"":42.576585349885626,""y_m"":9.223132322343615,""yaw_rate_radps"":1.4019}"
6103,13680302669091,/odom,Odometry,1789302425234384866,,"{""lateral_speed_mps"":0.0,""speed_mps"":6.121070808108213,""x_m"":42.71377242102966,""y_m"":9.2899435794209,""yaw_rate_radps"":1.4019}"
6112,13680327281795,/odom,Odometry,1789302425259243412,,"{""lateral_speed_mps"":0.0,""speed_mps"":6.048923492744321,""x_m"":42.84740775696552,""y_m"":9.360814993413872,""yaw_rate_radps"":1.4018}"
6120,13680351780615,/odom,Odometry,1789302425284419726,,"{""lateral_speed_mps"":0.0,""speed_mps"":6.038889945974152,""x_m"":42.979294801762414,""y_m"":9.436705869285799,""yaw_rate_radps"":1.4019}"
6129,13680377903068,/odom,Odometry,1789302425309206978,,"{""lateral_speed_mps"":0.0,""speed_mps"":6.010037255650363,""x_m"":43.1060764417776,""y_m"":9.51560908917433,""yaw_rate_radps"":1.4018}"
6139,13680402444849,/odom,Odometry,1789302425334328459,,"{""lateral_speed_mps"":0.0,""speed_mps"":6.042492750920612,""x_m"":43.23172058627516,""y_m"":9.600060449088284,""yaw_rate_radps"":1.4018}"
6148,13680425516655,/odom,Odometry,1789302425358444489,,"{""lateral_speed_mps"":0.0,""speed_mps"":6.034386944692738,""x_m"":43.349642740725535,""y_m"":9.685503395953473,""yaw_rate_radps"":1.4018}"
6157,13680452524733,/odom,Odometry,1789302425384014493,,"{""lateral_speed_mps"":0.0,""speed_mps"":6.0974880801667295,""x_m"":43.47195750162344,""y_m"":9.780880641102245,""yaw_rate_radps"":1.4017}"
6166,13680477279705,/odom,Odometry,1789302425409382246,,"{""lateral_speed_mps"":0.0,""speed_mps"":6.136217448351557,""x_m"":43.590824844144755,""y_m"":9.880622831049148,""yaw_rate_radps"":1.4018}"
6174,13680502071956,/odom,Odometry,1789302425433968891,,"{""lateral_speed_mps"":0.0,""speed_mps"":6.146454299774122,""x_m"":43.70300487429707,""y_m"":9.981692828626105,""yaw_rate_radps"":1.4017}"
6184,13680527242579,/odom,Odometry,1789302425459223402,,"{""lateral_speed_mps"":0.0,""speed_mps"":6.099460853014345,""x_m"":43.81418095743757,""y_m"":10.089168328187798,""yaw_rate_radps"":1.4018}"
6193,13680552351055,/odom,Odometry,1789302425483901068,,"{""lateral_speed_mps"":0.0,""speed_mps"":6.11332701306256,""x_m"":43.91878338531836,""y_m"":10.197641533373591,""yaw_rate_radps"":1.4018}"
6201,13680577255278,/odom,Odometry,1789302425508671459,,"{""lateral_speed_mps"":0.0,""speed_mps"":6.0533528844067686,""x_m"":44.01957104146786,""y_m"":10.309659800817588,""yaw_rate_radps"":1.4017}"
6211,13680601932663,/odom,Odometry,1789302425533685878,,"{""lateral_speed_mps"":0.0,""speed_mps"":6.120410659917897,""x_m"":44.117355805671046,""y_m"":10.426369507471579,""yaw_rate_radps"":1.4017}"
6219,13680626910083,/odom,Odometry,1789302425558755090,,"{""lateral_speed_mps"":0.0,""speed_mps"":6.096513642734333,""x_m"":44.21142732504351,""y_m"":10.547202944056878,""yaw_rate_radps"":1.4017}"
6229,13680650835164,/odom,Odometry,1789302425583464206,,"{""lateral_speed_mps"":0.0,""speed_mps"":6.0754622544048615,""x_m"":44.29966900513282,""y_m"":10.66897142705954,""yaw_rate_radps"":1.4018}"
6238,13680676731973,/odom,Odometry,1789302425609095425,,"{""lateral_speed_mps"":0.0,""speed_mps"":6.122998824815727,""x_m"":44.38689468647819,""y_m"":10.798705447300906,""yaw_rate_radps"":1.4017}"
6246,13680701925198,/odom,Odometry,1789302425634348804,,"{""lateral_speed_mps"":0.0,""speed_mps"":6.048043892536367,""x_m"":44.46800745603373,""y_m"":10.929235515086509,""yaw_rate_radps"":1.4017}"
6256,13680726692573,/odom,Odometry,1789302425658667445,,"{""lateral_speed_mps"":0.0,""speed_mps"":6.089261952600393,""x_m"":44.541441702789456,""y_m"":11.057250262096208,""yaw_rate_radps"":1.4017}"
6265,13680751604089,/odom,Odometry,1789302425684081385,,"{""lateral_speed_mps"":0.0,""speed_mps"":6.11209810372725,""x_m"":44.61381285768301,""y_m"":11.194365652830347,""yaw_rate_radps"":1.4017}"
6274,13680776096577,/odom,Odometry,1789302425708511045,,"{""lateral_speed_mps"":0.0,""speed_mps"":6.086092421188453,""x_m"":44.67877817995375,""y_m"":11.328455078381896,""yaw_rate_radps"":1.4017}"
6283,13680802290133,/odom,Odometry,1789302425733833333,,"{""lateral_speed_mps"":0.0,""speed_mps"":6.1018551936773555,""x_m"":44.741123778057975,""y_m"":11.469612691632287,""yaw_rate_radps"":1.4017}"
6291,13680826663357,/odom,Odometry,1789302425759404239,,"{""lateral_speed_mps"":0.0,""speed_mps"":6.044740379985336,""x_m"":44.79873646230714,""y_m"":11.613831846234088,""yaw_rate_radps"":1.4017}"
6300,13680851935892,/odom,Odometry,1789302425784367312,,"{""lateral_speed_mps"":0.0,""speed_mps"":6.07163059588418,""x_m"":44.849873151753606,""y_m"":11.756155265986834,""yaw_rate_radps"":1.4017}"
6310,13680876896149,/odom,Odometry,1789302425809282825,,"{""lateral_speed_mps"":0.0,""speed_mps"":6.103563192084413,""x_m"":44.89610407735998,""y_m"":11.900613167056346,""yaw_rate_radps"":1.4017}"
6319,13680902161841,/odom,Odometry,1789302425834272618,,"{""lateral_speed_mps"":0.0,""speed_mps"":6.0617946852912965,""x_m"":44.937310452189344,""y_m"":12.046925069432254,""yaw_rate_radps"":1.4017}"
6328,13680927176551,/odom,Odometry,1789302425858447318,,"{""lateral_speed_mps"":0.0,""speed_mps"":6.107444219066869,""x_m"":44.97217367967836,""y_m"":12.189829111908297,""yaw_rate_radps"":1.4017}"
6336,13680951807018,/odom,Odometry,1789302425883748407,,"{""lateral_speed_mps"":0.0,""speed_mps"":6.120252877340598,""x_m"":45.00353101798923,""y_m"":12.341303817801204,""yaw_rate_radps"":1.4017}"
6346,13680976460879,/odom,Odometry,1789302425909437846,,"{""lateral_speed_mps"":0.0,""speed_mps"":6.0789953186569265,""x_m"":45.02989273710037,""y_m"":12.495767350310635,""yaw_rate_radps"":1.4017}"
6354,13681002225630,/odom,Odometry,1789302425934207615,,"{""lateral_speed_mps"":0.0,""speed_mps"":6.092039455227873,""x_m"":45.05000104144303,""y_m"":12.645155587297348,""yaw_rate_radps"":1.4017}"
6364,13681029525236,/odom,Odometry,1789302425958714740,,"{""lateral_speed_mps"":0.0,""speed_mps"":6.072771144395651,""x_m"":45.064674708457126,""y_m"":12.7934933748704,""yaw_rate_radps"":1.4017}"
6373,13681052034374,/odom,Odometry,1789302425984367991,,"{""lateral_speed_mps"":0.0,""speed_mps"":6.051787318150611,""x_m"":45.07453226497069,""y_m"":12.948698493325761,""yaw_rate_radps"":1.4017}"
6381,13681077107003,/odom,Odometry,1789302426009367692,,"{""lateral_speed_mps"":0.0,""speed_mps"":6.059256058454283,""x_m"":45.078797654192016,""y_m"":13.100025567900671,""yaw_rate_radps"":1.4017}"
6391,13681102495125,/odom,Odometry,1789302426034434610,,"{""lateral_speed_mps"":0.0,""speed_mps"":6.013671155809567,""x_m"":45.07785059765298,""y_m"":13.251336308184609,""yaw_rate_radps"":1.4017}"
6400,13681126790422,/odom,Odometry,1789302426058978615,,"{""lateral_speed_mps"":0.0,""speed_mps"":6.073258120193365,""x_m"":45.07171192380679,""y_m"":13.399540029019544,""yaw_rate_radps"":1.4017}"
6409,13681151823857,/odom,Odometry,1789302426083915018,,"{""lateral_speed_mps"":0.0,""speed_mps"":6.079529387283346,""x_m"":45.060003124121494,""y_m"":13.550612026945297,""yaw_rate_radps"":1.4017}"
6418,13681176958343,/odom,Odometry,1789302426109347694,,"{""lateral_speed_mps"":0.0,""speed_mps"":6.09005195529533,""x_m"":45.04262603707621,""y_m"":13.704383802180237,""yaw_rate_radps"":1.4017}"
6427,13681202382202,/odom,Odometry,1789302426133717601,,"{""lateral_speed_mps"":0.0,""speed_mps"":6.1211311979728436,""x_m"":45.020723642113865,""y_m"":13.851555945158468,""yaw_rate_radps"":1.4017}"
6436,13681227162832,/odom,Odometry,1789302426159309296,,"{""lateral_speed_mps"":0.0,""speed_mps"":6.068064246091421,""x_m"":44.992340846036875,""y_m"":14.004923776809168,""yaw_rate_radps"":1.4017}"
6445,13681252146854,/odom,Odometry,1789302426184241340,,"{""lateral_speed_mps"":0.0,""speed_mps"":6.068338232533109,""x_m"":44.95960394341405,""y_m"":14.152632786986567,""yaw_rate_radps"":1.4017}"
6454,13681277028223,/odom,Odometry,1789302426209305403,,"{""lateral_speed_mps"":0.0,""speed_mps"":6.069416927194243,""x_m"":44.921487453759184,""y_m"":14.29988996159917,""yaw_rate_radps"":1.4017}"
6463,13681302537593,/odom,Odometry,1789302426233453694,,"{""lateral_speed_mps"":0.0,""speed_mps"":6.132447078854083,""x_m"":44.8795637791225,""y_m"":14.441125782753566,""yaw_rate_radps"":1.4017}"
6472,13681326874578,/odom,Odometry,1789302426258814935,,"{""lateral_speed_mps"":0.0,""speed_mps"":6.083393510711154,""x_m"":44.83029164540236,""y_m"":14.587985418682049,""yaw_rate_radps"":1.4017}"
6481,13681351505767,/odom,Odometry,1789302426283562783,,"{""lateral_speed_mps"":0.0,""speed_mps"":6.12586454295868,""x_m"":44.777235660397345,""y_m"":14.729439126576956,""yaw_rate_radps"":1.4017}"
6489,13681376613091,/odom,Odometry,1789302426309231493,,"{""lateral_speed_mps"":0.0,""speed_mps"":6.088843803464024,""x_m"":44.717056774330196,""y_m"":14.87419741948675,""yaw_rate_radps"":1.4017}"
6498,13681402067638,/odom,Odometry,1789302426333595680,,"{""lateral_speed_mps"":0.0,""speed_mps"":6.0795061732171325,""x_m"":44.655373852811586,""y_m"":15.008989018135605,""yaw_rate_radps"":1.4017}"
6508,13681427502628,/odom,Odometry,1789302426358678437,,"{""lateral_speed_mps"":0.0,""speed_mps"":6.077436589680792,""x_m"":44.587090590985134,""y_m"":15.145308667135488,""yaw_rate_radps"":1.4017}"
6517,13681450957505,/odom,Odometry,1789302426383442526,,"{""lateral_speed_mps"":0.0,""speed_mps"":6.0579850971436615,""x_m"":44.515196369672346,""y_m"":15.277254252650621,""yaw_rate_radps"":1.4017}"
6526,13681477277469,/odom,Odometry,1789302426409164205,,"{""lateral_speed_mps"":0.0,""speed_mps"":6.058981921200602,""x_m"":44.43586282785544,""y_m"":15.411383839223294,""yaw_rate_radps"":1.4017}"
6535,13681502298271,/odom,Odometry,1789302426433884391,,"{""lateral_speed_mps"":0.0,""speed_mps"":6.071742122973353,""x_m"":44.35495241864899,""y_m"":15.537616100162221,""yaw_rate_radps"":1.4017}"
6544,13681526609488,/odom,Odometry,1789302426458494330,,"{""lateral_speed_mps"":0.0,""speed_mps"":6.045522656733882,""x_m"":44.27021132463285,""y_m"":15.660295686042836,""yaw_rate_radps"":1.4017}"
6552,13681551640268,/odom,Odometry,1789302426483735536,,"{""lateral_speed_mps"":0.0,""speed_mps"":6.131004476314087,""x_m"":44.17848395828862,""y_m"":15.783592081924072,""yaw_rate_radps"":1.4017}"
6561,13681576611145,/odom,Odometry,1789302426509190614,,"{""lateral_speed_mps"":0.0,""speed_mps"":6.0868197207346135,""x_m"":44.081251912000866,""y_m"":15.904948423158118,""yaw_rate_radps"":1.4017}"
6570,13681602400171,/odom,Odometry,1789302426534272600,,"{""lateral_speed_mps"":0.0,""speed_mps"":6.064605493570178,""x_m"":43.98183950467972,""y_m"":16.020447176672448,""yaw_rate_radps"":1.4017}"
6579,13681626743158,/odom,Odometry,1789302426558466777,,"{""lateral_speed_mps"":0.0,""speed_mps"":6.059958635088346,""x_m"":43.882382585238254,""y_m"":16.128248326443224,""yaw_rate_radps"":1.4017}"
6589,13681652592698,/odom,Odometry,1789302426583469364,,"{""lateral_speed_mps"":0.0,""speed_mps"":6.089587219415036,""x_m"":43.77560127557436,""y_m"":16.236260448855123,""yaw_rate_radps"":1.4017}"
6597,13681676971452,/odom,Odometry,1789302426609326889,,"{""lateral_speed_mps"":0.0,""speed_mps"":6.080994257388606,""x_m"":43.66102495919423,""y_m"":16.34411115989098,""yaw_rate_radps"":1.4017}"
6607,13681702034823,/odom,Odometry,1789302426633539220,,"{""lateral_speed_mps"":0.0,""speed_mps"":6.120948498473161,""x_m"":43.54989602721455,""y_m"":16.441431451292914,""yaw_rate_radps"":1.4017}"
6616,13681726758426,/odom,Odometry,1789302426659226374,,"{""lateral_speed_mps"":0.0,""speed_mps"":6.10374737866501,""x_m"":43.42821256671613,""y_m"":16.54065126055877,""yaw_rate_radps"":1.4017}"
6625,13681752388242,/odom,Odometry,1789302426683904732,,"{""lateral_speed_mps"":0.0,""speed_mps"":6.123154106962901,""x_m"":43.30800789219854,""y_m"":16.631825681438833,""yaw_rate_radps"":1.4017}"
6634,13681777662190,/odom,Odometry,1789302426710218464,,"{""lateral_speed_mps"":0.0,""speed_mps"":6.095473520421747,""x_m"":43.17652871017797,""y_m"":16.724328271072096,""yaw_rate_radps"":1.4017}"
6643,13681801948089,/odom,Odometry,1789302426734061822,,"{""lateral_speed_mps"":0.0,""speed_mps"":6.05762922734531,""x_m"":43.05516829097895,""y_m"":16.80346929911173,""yaw_rate_radps"":1.4017}"
6652,13681827976685,/odom,Odometry,1789302426759471324,,"{""lateral_speed_mps"":0.0,""speed_mps"":6.134789990051017,""x_m"":42.922517313494815,""y_m"":16.88345779970242,""yaw_rate_radps"":1.4017}"
6661,13681852113314,/odom,Odometry,1789302426784187503,,"{""lateral_speed_mps"":0.0,""speed_mps"":6.070978421913746,""x_m"":42.79069228527067,""y_m"":16.9567707391685,""yaw_rate_radps"":1.4017}"
6669,13681876709166,/odom,Odometry,1789302426808806909,,"{""lateral_speed_mps"":0.0,""speed_mps"":6.093361183290103,""x_m"":42.657400502847565,""y_m"":17.025002012479142,""yaw_rate_radps"":1.4017}"
6679,13681902134889,/odom,Odometry,1789302426834273258,,"{""lateral_speed_mps"":0.0,""speed_mps"":6.075297120772416,""x_m"":42.5170708794906,""y_m"":17.090694303993132,""yaw_rate_radps"":1.4017}"
6688,13681926977335,/odom,Odometry,1789302426859065119,,"{""lateral_speed_mps"":0.0,""speed_mps"":6.088205075385187,""x_m"":42.37835042885147,""y_m"":17.14977724770659,""yaw_rate_radps"":1.4017}"
6697,13681952026570,/odom,Odometry,1789302426884163456,,"{""lateral_speed_mps"":0.0,""speed_mps"":6.054846046706803,""x_m"":42.236143375642186,""y_m"":17.204534687171474,""yaw_rate_radps"":1.4017}"
6705,13681976849078,/odom,Odometry,1789302426909324000,,"{""lateral_speed_mps"":0.0,""speed_mps"":6.057675605366148,""x_m"":42.09209849914131,""y_m"":17.254237709936685,""yaw_rate_radps"":1.4017}"
6714,13682002517618,/odom,Odometry,1789302426934479204,,"{""lateral_speed_mps"":0.0,""speed_mps"":6.138323696785954,""x_m"":41.945390862260616,""y_m"":17.29903812375053,""yaw_rate_radps"":1.4017}"
6723,13682026769743,/odom,Odometry,1789302426959086578,,"{""lateral_speed_mps"":0.0,""speed_mps"":6.087980906969356,""x_m"":41.80006817632332,""y_m"":17.33789906452527,""yaw_rate_radps"":1.4017}"
6733,13682051788050,/odom,Odometry,1789302426984343183,,"{""lateral_speed_mps"":0.0,""speed_mps"":6.078075265947211,""x_m"":41.65036362004384,""y_m"":17.372436232783166,""yaw_rate_radps"":1.4017}"
6742,13682077653770,/odom,Odometry,1789302427009322867,,"{""lateral_speed_mps"":0.0,""speed_mps"":6.081076590275464,""x_m"":41.5012727295706,""y_m"":17.401332296891496,""yaw_rate_radps"":1.4017}"
6751,13682102219897,/odom,Odometry,1789302427033557730,,"{""lateral_speed_mps"":0.0,""speed_mps"":6.126840309849828,""x_m"":41.35514663737686,""y_m"":17.424360554829512,""yaw_rate_radps"":1.4017}"
6760,13682127245317,/odom,Odometry,1789302427058578822,,"{""lateral_speed_mps"":0.0,""speed_mps"":6.082832341443489,""x_m"":41.20351685574677,""y_m"":17.44282246039538,""yaw_rate_radps"":1.4017}"
6769,13682151751781,/odom,Odometry,1789302427083617357,,"{""lateral_speed_mps"":0.0,""speed_mps"":6.111307431143039,""x_m"":41.05141961988507,""y_m"":17.455934433068077,""yaw_rate_radps"":1.4017}"
6778,13682176380024,/odom,Odometry,1789302427108515077,,"{""lateral_speed_mps"":0.0,""speed_mps"":6.0809032680022295,""x_m"":40.89984119132428,""y_m"":17.463748271857686,""yaw_rate_radps"":1.4017}"
6787,13682202080053,/odom,Odometry,1789302427133707832,,"{""lateral_speed_mps"":0.0,""speed_mps"":6.079014093014568,""x_m"":40.74669069542436,""y_m"":17.46624239696256,""yaw_rate_radps"":1.4017}"
6795,13682227123597,/odom,Odometry,1789302427158541411,,"{""lateral_speed_mps"":0.0,""speed_mps"":6.088940547537595,""x_m"":40.59563342888324,""y_m"":17.463291301262124,""yaw_rate_radps"":1.4017}"
6804,13682251927360,/odom,Odometry,1789302427183909616,,"{""lateral_speed_mps"":0.0,""speed_mps"":6.071540047192378,""x_m"":40.44161944838473,""y_m"":17.45485548991138,""yaw_rate_radps"":1.4017}"
6814,13682277732997,/odom,Odometry,1789302427208710874,,"{""lateral_speed_mps"":0.0,""speed_mps"":6.136671749637207,""x_m"":40.29084237772309,""y_m"":17.44125216781435,""yaw_rate_radps"":1.4017}"
6823,13682302434789,/odom,Odometry,1789302427233932232,,"{""lateral_speed_mps"":0.0,""speed_mps"":6.075357011282299,""x_m"":40.13804385439816,""y_m"":17.422025917855724,""yaw_rate_radps"":1.4017}"
6831,13682327018147,/odom,Odometry,1789302427258866040,,"{""lateral_speed_mps"":0.0,""speed_mps"":6.069862361063846,""x_m"":39.98857343207172,""y_m"":17.397856725623154,""yaw_rate_radps"":1.4017}"
6840,13682353376684,/odom,Odometry,1789302427283855573,,"{""lateral_speed_mps"":0.0,""speed_mps"":6.074012069144409,""x_m"":39.83973022784644,""y_m"":17.368372737585737,""yaw_rate_radps"":1.4017}"
6849,13682380235021,/odom,Odometry,1789302427308829386,,"{""lateral_speed_mps"":0.0,""speed_mps"":6.082065854364997,""x_m"":39.691961557479964,""y_m"":17.33365563668219,""yaw_rate_radps"":1.4017}"
6859,13682403131217,/odom,Odometry,1789302427333497544,,"{""lateral_speed_mps"":0.0,""speed_mps"":6.099682433529508,""x_m"":39.546992567307946,""y_m"":17.294166956234676,""yaw_rate_radps"":1.4017}"
6868,13682429621832,/odom,Odometry,1789302427358904962,,"{""lateral_speed_mps"":0.0,""speed_mps"":6.086607270217144,""x_m"":39.39914635687491,""y_m"":17.248251575937825,""yaw_rate_radps"":1.4017}"
6877,13682457041244,/odom,Odometry,1789302427384229785,,"{""lateral_speed_mps"":0.0,""speed_mps"":6.126891994386867,""x_m"":39.253193612344496,""y_m"":17.197117501185534,""yaw_rate_radps"":1.4017}"
6885,13682480133098,/odom,Odometry,1789302427409475870,,"{""lateral_speed_mps"":0.0,""speed_mps"":6.110600940398946,""x_m"":39.109333430838824,""y_m"":17.140844091095342,""yaw_rate_radps"":1.4017}"
6895,13682504579820,/odom,Odometry,1789302427433912303,,"{""lateral_speed_mps"":0.0,""speed_mps"":6.062992758058848,""x_m"":38.97276436329463,""y_m"":17.081916734396792,""yaw_rate_radps"":1.4017}"
6904,13682529718754,/odom,Odometry,1789302427458495732,,"{""lateral_speed_mps"":0.0,""speed_mps"":6.039800384040011,""x_m"":38.83824222069864,""y_m"":17.018399939417193,""yaw_rate_radps"":1.4017}"
6913,13682554833912,/odom,Odometry,1789302427483701200,,"{""lateral_speed_mps"":0.0,""speed_mps"":6.09831267313039,""x_m"":38.702292363889896,""y_m"":16.948266007842328,""yaw_rate_radps"":1.4017}"
6922,13682580417161,/odom,Odometry,1789302427509452966,,"{""lateral_speed_mps"":0.0,""speed_mps"":6.077745628493035,""x_m"":38.56569198090657,""y_m"":16.87132976182297,""yaw_rate_radps"":1.4017}"
6931,13682603829478,/odom,Odometry,1789302427533653735,,"{""lateral_speed_mps"":0.0,""speed_mps"":6.079691547009633,""x_m"":38.4401337883038,""y_m"":16.794670404638655,""yaw_rate_radps"":1.4017}"
6940,13682629060194,/odom,Odometry,1789302427558998907,,"{""lateral_speed_mps"":0.0,""speed_mps"":6.119327471134156,""x_m"":38.31104247236388,""y_m"":16.70961833625651,""yaw_rate_radps"":1.4017}"
6949,13682653755583,/odom,Odometry,1789302427583862783,,"{""lateral_speed_mps"":0.0,""speed_mps"":6.0794743960271,""x_m"":38.187426543869954,""y_m"":16.62176381260708,""yaw_rate_radps"":1.4017}"
6957,13682677841867,/odom,Odometry,1789302427608673499,,"{""lateral_speed_mps"":0.0,""speed_mps"":6.09041212709148,""x_m"":38.06751524852783,""y_m"":16.530036481828958,""yaw_rate_radps"":1.4017}"
6967,13682702885962,/odom,Odometry,1789302427633576589,,"{""lateral_speed_mps"":0.0,""speed_mps"":6.083262683652993,""x_m"":37.950430344498855,""y_m"":16.4337643380066,""yaw_rate_radps"":1.4017}"
6976,13682727730382,/odom,Odometry,1789302427659155390,,"{""lateral_speed_mps"":0.0,""speed_mps"":6.079464249268571,""x_m"":37.833833246218326,""y_m"":16.33079813669846,""yaw_rate_radps"":1.4017}"
6985,13682752761553,/odom,Odometry,1789302427684035497,,"{""lateral_speed_mps"":0.0,""speed_mps"":6.077625119983225,""x_m"":37.72405813017264,""y_m"":16.22677160776655,""yaw_rate_radps"":1.4017}"
6994,13682777856624,/odom,Odometry,1789302427709464716,,"{""lateral_speed_mps"":0.0,""speed_mps"":6.040616043658712,""x_m"":37.61601402138655,""y_m"":16.11692274199486,""yaw_rate_radps"":1.4017}"
7003,13682803494426,/odom,Odometry,1789302427734423080,,"{""lateral_speed_mps"":0.0,""speed_mps"":6.037048229021873,""x_m"":37.51417573021584,""y_m"":16.005815262961473,""yaw_rate_radps"":1.4017}"
7012,13682828957869,/odom,Odometry,1789302427759368229,,"{""lateral_speed_mps"":0.0,""speed_mps"":6.014515284249409,""x_m"":37.416487807808,""y_m"":15.891571773024262,""yaw_rate_radps"":1.4017}"
7020,13682853258697,/odom,Odometry,1789302427783901704,,"{""lateral_speed_mps"":0.0,""speed_mps"":6.100989195772458,""x_m"":37.323940045938194,""y_m"":15.77528862490748,""yaw_rate_radps"":1.4017}"
7030,13682877276091,/odom,Odometry,1789302427808538894,,"{""lateral_speed_mps"":0.0,""speed_mps"":6.113353047984495,""x_m"":37.23453766830184,""y_m"":15.654265694564922,""yaw_rate_radps"":1.4017}"
7039,13682902285171,/odom,Odometry,1789302427834080795,,"{""lateral_speed_mps"":0.0,""speed_mps"":6.107820728805109,""x_m"":37.14626403211684,""y_m"":15.525550065720186,""yaw_rate_radps"":1.4017}"
7047,13682926881153,/odom,Odometry,1789302427859029942,,"{""lateral_speed_mps"":0.0,""speed_mps"":6.108264815809182,""x_m"":37.064541210491555,""y_m"":15.396926212850426,""yaw_rate_radps"":1.4017}"
7057,13682951844617,/odom,Odometry,1789302427883845056,,"{""lateral_speed_mps"":0.0,""speed_mps"":6.163734384430488,""x_m"":36.98746049396449,""y_m"":15.265610785798101,""yaw_rate_radps"":1.4017}"
7066,13682977251253,/odom,Odometry,1789302427908913287,,"{""lateral_speed_mps"":0.0,""speed_mps"":6.066550159124622,""x_m"":36.91456446666039,""y_m"":15.130755793828449,""yaw_rate_radps"":1.4017}"
7075,13683002028407,/odom,Odometry,1789302427933801569,,"{""lateral_speed_mps"":0.0,""speed_mps"":6.076509236214463,""x_m"":36.84743051890293,""y_m"":14.995379276433837,""yaw_rate_radps"":1.4017}"
7084,13683026863168,/odom,Odometry,1789302427958724186,,"{""lateral_speed_mps"":0.0,""speed_mps"":6.106706276329293,""x_m"":36.78480567440855,""y_m"":14.857078644367313,""yaw_rate_radps"":1.4017}"
7092,13683052282569,/odom,Odometry,1789302427983624060,,"{""lateral_speed_mps"":0.0,""speed_mps"":6.108208420514618,""x_m"":36.72698239019352,""y_m"":14.716426716967618,""yaw_rate_radps"":1.4016}"
7102,13683077361850,/odom,Odometry,1789302428008991282,,"{""lateral_speed_mps"":0.0,""speed_mps"":6.083416699014838,""x_m"":36.67324625526716,""y_m"":14.571429748274536,""yaw_rate_radps"":1.4017}"
7111,13683101843528,/odom,Odometry,1789302428033558341,,"{""lateral_speed_mps"":0.0,""speed_mps"":6.105719795092238,""x_m"":36.626192874802534,""y_m"":14.429289449619956,""yaw_rate_radps"":1.4017}"
7120,13683127854631,/odom,Odometry,1789302428059420755,,"{""lateral_speed_mps"":0.0,""speed_mps"":6.046024784804315,""x_m"":36.58209671573328,""y_m"":14.27846651384146,""yaw_rate_radps"":1.4017}"
7128,13683152402874,/odom,Odometry,1789302428084078042,,"{""lateral_speed_mps"":0.0,""speed_mps"":6.061755491691307,""x_m"":36.54527005335475,""y_m"":14.133808260356778,""yaw_rate_radps"":1.4017}"
7140,13683181195729,/odom,Odometry,1789302428108808437,,"{""lateral_speed_mps"":0.0,""speed_mps"":6.080305159418728,""x_m"":36.51337105456684,""y_m"":13.987096788966442,""yaw_rate_radps"":1.4017}"
7146,13683202712841,/odom,Odometry,1789302428133668186,,"{""lateral_speed_mps"":0.0,""speed_mps"":6.082316547739141,""x_m"":36.48647219700371,""y_m"":13.838329686224185,""yaw_rate_radps"":1.4017}"
7156,13683227850713,/odom,Odometry,1789302428159219144,,"{""lateral_speed_mps"":0.0,""speed_mps"":6.057255696912527,""x_m"":36.46425939006181,""y_m"":13.684839055547632,""yaw_rate_radps"":1.4017}"
7165,13683252324766,/odom,Odometry,1789302428184414754,,"{""lateral_speed_mps"":0.0,""speed_mps"":6.068557579778594,""x_m"":36.447715384853,""y_m"":13.532979007598975,""yaw_rate_radps"":1.4017}"
7174,13683276895912,/odom,Odometry,1789302428208767339,,"{""lateral_speed_mps"":0.0,""speed_mps"":6.104223668116146,""x_m"":36.436854420260936,""y_m"":13.385158334316184,""yaw_rate_radps"":1.4017}"
7181,13683302301797,/odom,Odometry,1789302428234394270,,"{""lateral_speed_mps"":0.0,""speed_mps"":6.045653426427487,""x_m"":36.43091029654981,""y_m"":13.229588573880536,""yaw_rate_radps"":1.4017}"
7192,13683327798293,/odom,Odometry,1789302428259427004,,"{""lateral_speed_mps"":0.0,""speed_mps"":6.136212085599831,""x_m"":36.43056651204537,""y_m"":13.077117563629201,""yaw_rate_radps"":1.4017}"
7201,13683352796011,/odom,Odometry,1789302428284351354,,"{""lateral_speed_mps"":0.0,""speed_mps"":6.0819410364159205,""x_m"":36.43558803454896,""y_m"":12.924936064393666,""yaw_rate_radps"":1.4017}"
7210,13683378513713,/odom,Odometry,1789302428309228475,,"{""lateral_speed_mps"":0.0,""speed_mps"":6.120731935499579,""x_m"":36.445921380574575,""y_m"":12.773503376404866,""yaw_rate_radps"":1.4017}"
7218,13683401958591,/odom,Odometry,1789302428333738175,,"{""lateral_speed_mps"":0.0,""speed_mps"":6.090013220963637,""x_m"":36.46135205334535,""y_m"":12.624660437105437,""yaw_rate_radps"":1.4017}"
7228,13683427036199,/odom,Odometry,1789302428359328427,,"{""lateral_speed_mps"":0.0,""speed_mps"":6.091357480834583,""x_m"":36.482762315111245,""y_m"":12.47027622961568,""yaw_rate_radps"":1.4017}"
7237,13683452476800,/odom,Odometry,1789302428383913399,,"{""lateral_speed_mps"":0.0,""speed_mps"":6.065541863821564,""x_m"":36.50847813072786,""y_m"":12.323066742414616,""yaw_rate_radps"":1.4017}"
7246,13683477573774,/odom,Odometry,1789302428408798606,,"{""lateral_speed_mps"":0.0,""speed_mps"":6.11608195679395,""x_m"":36.53979779657098,""y_m"":12.174765469855101,""yaw_rate_radps"":1.4017}"
7255,13683502183683,/odom,Odometry,1789302428433565149,,"{""lateral_speed_mps"":0.0,""speed_mps"":6.072846018117929,""x_m"":36.57617550865277,""y_m"":12.028276546261898,""yaw_rate_radps"":1.4016}"
7263,13683526769647,/odom,Odometry,1789302428459426331,,"{""lateral_speed_mps"":0.0,""speed_mps"":6.083326187989637,""x_m"":36.61941175198562,""y_m"":11.87715434430434,""yaw_rate_radps"":1.4017}"
7273,13683553237058,/odom,Odometry,1789302428484161535,,"{""lateral_speed_mps"":0.0,""speed_mps"":6.073072007134076,""x_m"":36.66590027704922,""y_m"":11.734176723641585,""yaw_rate_radps"":1.4936}"
7282,13683577782065,/odom,Odometry,1789302428508615520,,"{""lateral_speed_mps"":0.0,""speed_mps"":6.102689144745908,""x_m"":36.71719077891345,""y_m"":11.594418920476157,""yaw_rate_radps"":1.5559}"
7291,13683600998363,/odom,Odometry,1789302428533544779,,"{""lateral_speed_mps"":0.0,""speed_mps"":6.052242294646526,""x_m"":36.774788425853615,""y_m"":11.454287395359612,""yaw_rate_radps"":1.5965}"
7300,13683626628620,/odom,Odometry,1789302428559387817,,"{""lateral_speed_mps"":0.0,""speed_mps"":6.048565950215077,""x_m"":36.83998293261935,""y_m"":11.312165676375873,""yaw_rate_radps"":1.6262}"
7309,13683651796609,/odom,Odometry,1789302428584169899,,"{""lateral_speed_mps"":0.0,""speed_mps"":6.0876225007788465,""x_m"":36.908316227629086,""y_m"":11.178207145133095,""yaw_rate_radps"":1.6464}"
7318,13683677873576,/odom,Odometry,1789302428608736847,,"{""lateral_speed_mps"":0.0,""speed_mps"":6.0807512023424115,""x_m"":36.981678640304544,""y_m"":11.047980034456135,""yaw_rate_radps"":1.6609}"
7327,13683702552454,/odom,Odometry,1789302428634300970,,"{""lateral_speed_mps"":0.0,""speed_mps"":6.10281591663499,""x_m"":37.063717936826656,""y_m"":10.915611562115455,""yaw_rate_radps"":1.6713}"
7335,13683727329517,/odom,Odometry,1789302428658685956,,"{""lateral_speed_mps"":0.0,""speed_mps"":6.12918082259527,""x_m"":37.147534943523816,""y_m"":10.792252624213779,""yaw_rate_radps"":1.6787}"
7345,13683753389994,/odom,Odometry,1789302428684302528,,"{""lateral_speed_mps"":0.0,""speed_mps"":6.078359626944513,""x_m"":37.24078028297223,""y_m"":10.666740997850864,""yaw_rate_radps"":1.6841}"
7354,13683777558883,/odom,Odometry,1789302428708530919,,"{""lateral_speed_mps"":0.0,""speed_mps"":6.117353207742913,""x_m"":37.3338287832799,""y_m"":10.551983203027932,""yaw_rate_radps"":1.6883}"
7363,13683802710941,/odom,Odometry,1789302428734136309,,"{""lateral_speed_mps"":0.0,""speed_mps"":6.065334893736325,""x_m"":37.437106141427655,""y_m"":10.435105244206705,""yaw_rate_radps"":1.6914}"
7372,13683827369972,/odom,Odometry,1789302428758956714,,"{""lateral_speed_mps"":0.0,""speed_mps"":6.067428350690087,""x_m"":37.54150517056464,""y_m"":10.326604199327287,""yaw_rate_radps"":1.694}"
7381,13683852382328,/odom,Odometry,1789302428783828325,,"{""lateral_speed_mps"":0.0,""speed_mps"":6.076434224407891,""x_m"":37.65075177478437,""y_m"":10.222338427068209,""yaw_rate_radps"":1.6961}"
7389,13683875845770,/odom,Odometry,1789302428808561034,,"{""lateral_speed_mps"":0.0,""speed_mps"":6.020928615423342,""x_m"":37.76319527050429,""y_m"":10.123660413459756,""yaw_rate_radps"":1.6977}"
7398,13683901704437,/odom,Odometry,1789302428833709496,,"{""lateral_speed_mps"":0.0,""speed_mps"":6.0744353805524005,""x_m"":37.88168162792093,""y_m"":10.028307428255818,""yaw_rate_radps"":1.699}"
7408,13683929204321,/odom,Odometry,1789302428858745606,,"{""lateral_speed_mps"":0.0,""speed_mps"":6.102407158603485,""x_m"":38.004491034008204,""y_m"":9.938014311059435,""yaw_rate_radps"":1.7001}"
7417,13683953066313,/odom,Odometry,1789302428884128478,,"{""lateral_speed_mps"":0.0,""speed_mps"":6.06507054278984,""x_m"":38.13270395490541,""y_m"":9.851946771337804,""yaw_rate_radps"":1.7009}"
7426,13683977566926,/odom,Odometry,1789302428909230502,,"{""lateral_speed_mps"":0.0,""speed_mps"":6.102687426632256,""x_m"":38.26302879923634,""y_m"":9.772333101628558,""yaw_rate_radps"":1.7016}"
7435,13684002165273,/odom,Odometry,1789302428933933576,,"{""lateral_speed_mps"":0.0,""speed_mps"":6.069972403338265,""x_m"":38.39456820329565,""y_m"":9.699513202400295,""yaw_rate_radps"":1.702}"
7444,13684027105342,/odom,Odometry,1789302428958568872,,"{""lateral_speed_mps"":0.0,""speed_mps"":6.090195306157527,""x_m"":38.52858958083847,""y_m"":9.632627098683136,""yaw_rate_radps"":1.7025}"
7453,13684052787588,/odom,Odometry,1789302428984470610,,"{""lateral_speed_mps"":0.0,""speed_mps"":6.123450159270583,""x_m"":38.673064236926,""y_m"":9.56823154369954,""yaw_rate_radps"":1.703}"
7462,13684077184355,/odom,Odometry,1789302429009241722,,"{""lateral_speed_mps"":0.0,""speed_mps"":6.082894411830223,""x_m"":38.81366379600042,""y_m"":9.512661240385103,""yaw_rate_radps"":1.7032}"
7470,13684101689948,/odom,Odometry,1789302429034166503,,"{""lateral_speed_mps"":0.0,""speed_mps"":6.069438185356695,""x_m"":38.956725595366564,""y_m"":9.462967152992938,""yaw_rate_radps"":1.7036}"
7479,13684126603848,/odom,Odometry,1789302429058608676,,"{""lateral_speed_mps"":0.0,""speed_mps"":6.081154772773111,""x_m"":39.098952948844136,""y_m"":9.420285480139663,""yaw_rate_radps"":1.7039}"
7489,13684152508822,/odom,Odometry,1789302429084271645,,"{""lateral_speed_mps"":0.0,""speed_mps"":6.048884380502133,""x_m"":39.24981142008373,""y_m"":9.381978897400636,""yaw_rate_radps"":1.7038}"
7497,13684177140081,/odom,Odometry,1789302429109216604,,"{""lateral_speed_mps"":0.0,""speed_mps"":6.046965728482891,""x_m"":39.39749225901615,""y_m"":9.351143791413993,""yaw_rate_radps"":1.704}"
7507,13684201967719,/odom,Odometry,1789302429133691869,,"{""lateral_speed_mps"":0.0,""speed_mps"":6.109987181356949,""x_m"":39.5442924746947,""y_m"":9.326997797409511,""yaw_rate_radps"":1.7043}"
7516,13684228381340,/odom,Odometry,1789302429159457491,,"{""lateral_speed_mps"":0.0,""speed_mps"":6.032077577646534,""x_m"":39.69958788790315,""y_m"":9.308240229085774,""yaw_rate_radps"":1.6864}"
7524,13684252349702,/odom,Odometry,1789302429184118696,,"{""lateral_speed_mps"":0.0,""speed_mps"":6.058384677295073,""x_m"":39.848221954669825,""y_m"":9.296675768058417,""yaw_rate_radps"":1.6928}"
7533,13684276810711,/odom,Odometry,1789302429209414445,,"{""lateral_speed_mps"":0.0,""speed_mps"":6.071276178190306,""x_m"":40.00153913370555,""y_m"":9.291257412202597,""yaw_rate_radps"":1.6723}"
7542,13684303186410,/odom,Odometry,1789302429234339446,,"{""lateral_speed_mps"":0.0,""speed_mps"":6.044435572506447,""x_m"":40.15252752310459,""y_m"":9.292304259656747,""yaw_rate_radps"":1.6823}"
7552,13684326716728,/odom,Odometry,1789302429259482928,,"{""lateral_speed_mps"":0.0,""speed_mps"":6.082024467904634,""x_m"":40.30479395139581,""y_m"":9.299815357965732,""yaw_rate_radps"":1.6907}"
7561,13684350935722,/odom,Odometry,1789302429283458804,,"{""lateral_speed_mps"":0.0,""speed_mps"":6.083977986862245,""x_m"":40.450041603177,""y_m"":9.313003179106083,""yaw_rate_radps"":1.6724}"
7570,13684377135911,/odom,Odometry,1789302429309166457,,"{""lateral_speed_mps"":0.0,""speed_mps"":6.081490383048821,""x_m"":40.60504038864166,""y_m"":9.333679552280291,""yaw_rate_radps"":1.6845}"
7579,13684401595707,/odom,Odometry,1789302429334165057,,"{""lateral_speed_mps"":0.0,""speed_mps"":6.095502848479502,""x_m"":40.75490312311191,""y_m"":9.360274770041269,""yaw_rate_radps"":1.6773}"
7588,13684427212780,/odom,Odometry,1789302429359320832,,"{""lateral_speed_mps"":0.0,""speed_mps"":6.0840184828581885,""x_m"":40.90447378657348,""y_m"":9.39339000428192,""yaw_rate_radps"":1.6871}"
7597,13684452353286,/odom,Odometry,1789302429383634544,,"{""lateral_speed_mps"":0.0,""speed_mps"":6.132767527307768,""x_m"":41.04798720066242,""y_m"":9.43161782944483,""yaw_rate_radps"":1.6904}"
7605,13684477667279,/odom,Odometry,1789302429408886490,,"{""lateral_speed_mps"":0.0,""speed_mps"":6.062596898285979,""x_m"":41.194993677695216,""y_m"":9.477429638355128,""yaw_rate_radps"":1.6952}"
7615,13684501829676,/odom,Odometry,1789302429434007429,,"{""lateral_speed_mps"":0.0,""speed_mps"":6.091079254584628,""x_m"":41.33866542384212,""y_m"":9.529027223667995,""yaw_rate_radps"":1.6992}"
7623,13684525935377,/odom,Odometry,1789302429458453230,,"{""lateral_speed_mps"":0.0,""speed_mps"":6.069926447745439,""x_m"":41.476288010599,""y_m"":9.585193427018412,""yaw_rate_radps"":1.7015}"
7633,13684551849748,/odom,Odometry,1789302429484409500,,"{""lateral_speed_mps"":0.0,""speed_mps"":6.036770667289608,""x_m"":41.61908940768687,""y_m"":9.650732929176543,""yaw_rate_radps"":1.703}"
7642,13684576658351,/odom,Odometry,1789302429509157749,,"{""lateral_speed_mps"":0.0,""speed_mps"":6.126365094161711,""x_m"":41.75302529638398,""y_m"":9.71938531193387,""yaw_rate_radps"":1.6682}"
7651,13684601826068,/odom,Odometry,1789302429534159344,,"{""lateral_speed_mps"":0.0,""speed_mps"":6.074065629164533,""x_m"":41.885692209141496,""y_m"":9.794622704526551,""yaw_rate_radps"":1.6804}"
7660,13684627444003,/odom,Odometry,1789302429559173964,,"{""lateral_speed_mps"":0.0,""speed_mps"":6.0992980546979245,""x_m"":42.014846986200325,""y_m"":9.875251348830588,""yaw_rate_radps"":1.6591}"
7669,13684652027672,/odom,Odometry,1789302429584302197,,"{""lateral_speed_mps"":0.0,""speed_mps"":6.090190942173082,""x_m"":42.14124731819519,""y_m"":9.961725206430668,""yaw_rate_radps"":1.6721}"
7678,13684677055587,/odom,Odometry,1789302429609366921,,"{""lateral_speed_mps"":0.0,""speed_mps"":6.07113830952068,""x_m"":42.26331200539576,""y_m"":10.052991220484254,""yaw_rate_radps"":1.6843}"
7687,13684702521565,/odom,Odometry,1789302429634430994,,"{""lateral_speed_mps"":0.0,""speed_mps"":6.066231499051865,""x_m"":42.38120516938828,""y_m"":10.149101963992823,""yaw_rate_radps"":1.6559}"
7696,13684726535192,/odom,Odometry,1789302429658475750,,"{""lateral_speed_mps"":0.0,""speed_mps"":6.067174570488992,""x_m"":42.49040974710479,""y_m"":10.245813435538269,""yaw_rate_radps"":1.6727}"
7705,13684752409128,/odom,Odometry,1789302429683800503,,"{""lateral_speed_mps"":0.0,""speed_mps"":6.101337477471998,""x_m"":42.60139612611328,""y_m"":10.352694216662588,""yaw_rate_radps"":1.65}"
7714,13684777289595,/odom,Odometry,1789302429708796157,,"{""lateral_speed_mps"":0.0,""speed_mps"":6.108063530455993,""x_m"":42.70670146624513,""y_m"":10.463123506064722,""yaw_rate_radps"":1.6684}"
7723,13684801831316,/odom,Odometry,1789302429733665192,,"{""lateral_speed_mps"":0.0,""speed_mps"":6.068518498899823,""x_m"":42.806607616771934,""y_m"":10.576895367478697,""yaw_rate_radps"":1.6411}"
7732,13684827657201,/odom,Odometry,1789302429759364740,,"{""lateral_speed_mps"":0.0,""speed_mps"":6.091088876350371,""x_m"":42.904723118091354,""y_m"":10.698497089102037,""yaw_rate_radps"":1.6575}"
7741,13684851715563,/odom,Odometry,1789302429784202678,,"{""lateral_speed_mps"":0.0,""speed_mps"":6.0592051595905145,""x_m"":42.994392446596706,""y_m"":10.819856354813368,""yaw_rate_radps"":1.6747}"
7749,13684876519406,/odom,Odometry,1789302429809197119,,"{""lateral_speed_mps"":0.0,""speed_mps"":6.059277102507899,""x_m"":43.079204426441414,""y_m"":10.945327874122501,""yaw_rate_radps"":1.6742}"
7758,13684901646297,/odom,Odometry,1789302429833462110,,"{""lateral_speed_mps"":0.0,""speed_mps"":6.050164245274625,""x_m"":43.15638993993237,""y_m"":11.070337178423365,""yaw_rate_radps"":1.6849}"
7768,13684926767587,/odom,Odometry,1789302429859396138,,"{""lateral_speed_mps"":0.0,""speed_mps"":6.081676560002861,""x_m"":43.23332091716496,""y_m"":11.207556531046533,""yaw_rate_radps"":1.6623}"
7777,13684952657443,/odom,Odometry,1789302429883586538,,"{""lateral_speed_mps"":0.0,""speed_mps"":6.121463162747401,""x_m"":43.29992015333424,""y_m"":11.339276597175951,""yaw_rate_radps"":1.676}"
7786,13684976996873,/odom,Odometry,1789302429909441408,,"{""lateral_speed_mps"":0.0,""speed_mps"":6.067591398413074,""x_m"":43.36505293200493,""y_m"":11.482759736220578,""yaw_rate_radps"":1.6297}"
7794,13685002173698,/odom,Odometry,1789302429934062848,,"{""lateral_speed_mps"":0.0,""speed_mps"":6.1082720615510935,""x_m"":43.421277624165796,""y_m"":11.621707708784026,""yaw_rate_radps"":1.6493}"
7804,13685027312130,/odom,Odometry,1789302429958787202,,"{""lateral_speed_mps"":0.0,""speed_mps"":6.116317308940541,""x_m"":43.472110136877234,""y_m"":11.764025368366203,""yaw_rate_radps"":1.6691}"
7813,13685051735428,/odom,Odometry,1789302429983646049,,"{""lateral_speed_mps"":0.0,""speed_mps"":6.079666714273394,""x_m"":43.517087234391354,""y_m"":11.908787426411147,""yaw_rate_radps"":1.666}"
7822,13685077096379,/odom,Odometry,1789302430009052696,,"{""lateral_speed_mps"":0.0,""speed_mps"":6.060286894750224,""x_m"":43.55662352538567,""y_m"":12.057850865209419,""yaw_rate_radps"":1.6798}"
7830,13685102203432,/odom,Odometry,1789302430034274886,,"{""lateral_speed_mps"":0.0,""speed_mps"":6.0707089120198034,""x_m"":43.589607531073064,""y_m"":12.207237186631703,""yaw_rate_radps"":1.6545}"
7840,13685127269228,/odom,Odometry,1789302430058670231,,"{""lateral_speed_mps"":0.0,""speed_mps"":6.102271399732477,""x_m"":43.61552364783338,""y_m"":12.353442236695134,""yaw_rate_radps"":1.6711}"
7849,13685151949800,/odom,Odometry,1789302430083481799,,"{""lateral_speed_mps"":0.0,""speed_mps"":6.098928731506796,""x_m"":43.6356613591975,""y_m"":12.50346176559657,""yaw_rate_radps"":1.6791}"
7857,13685179240450,/odom,Odometry,1789302430108590716,,"{""lateral_speed_mps"":0.0,""speed_mps"":6.085817955938004,""x_m"":43.64959274556503,""y_m"":12.655796881845959,""yaw_rate_radps"":1.6858}"
7867,13685202139882,/odom,Odometry,1789302430134113942,,"{""lateral_speed_mps"":0.0,""speed_mps"":5.934443204549712,""x_m"":43.657459388290455,""y_m"":12.808995586515163,""yaw_rate_radps"":1.692}"
7875,13685227200458,/odom,Odometry,1789302430158849266,,"{""lateral_speed_mps"":0.0,""speed_mps"":6.072702714285892,""x_m"":43.6587862995534,""y_m"":12.957489309988118,""yaw_rate_radps"":1.667}"
7885,13685252141018,/odom,Odometry,1789302430183852775,,"{""lateral_speed_mps"":0.0,""speed_mps"":6.060237113719258,""x_m"":43.653367626476374,""y_m"":13.1090750668013,""yaw_rate_radps"":1.6798}"
7894,13685276016496,/odom,Odometry,1789302430208457564,,"{""lateral_speed_mps"":0.0,""speed_mps"":6.035182677335126,""x_m"":43.64199627176575,""y_m"":13.257441167080321,""yaw_rate_radps"":1.5647}"
7902,13685301644168,/odom,Odometry,1789302430233743103,,"{""lateral_speed_mps"":0.0,""speed_mps"":6.0750122136064375,""x_m"":43.624143058969565,""y_m"":13.409504214675668,""yaw_rate_radps"":1.6022}"
7912,13685326835881,/odom,Odometry,1789302430259345669,,"{""lateral_speed_mps"":0.0,""speed_mps"":6.052674613193019,""x_m"":43.59972744423841,""y_m"":13.562822347338386,""yaw_rate_radps"":1.6371}"
7921,13685351957011,/odom,Odometry,1789302430283520710,,"{""lateral_speed_mps"":0.0,""speed_mps"":6.09845673493325,""x_m"":43.57069900778475,""y_m"":13.70680304918408,""yaw_rate_radps"":1.657}"
7929,13685376796852,/odom,Odometry,1789302430309337518,,"{""lateral_speed_mps"":0.0,""speed_mps"":6.090503634262443,""x_m"":43.53321329513319,""y_m"":13.859611613574703,""yaw_rate_radps"":1.6742}"
7939,13685401869211,/odom,Odometry,1789302430334443269,,"{""lateral_speed_mps"":0.0,""speed_mps"":6.041272872149828,""x_m"":43.49079458202323,""y_m"":14.00587311901575,""yaw_rate_radps"":1.6394}"
7948,13685426938884,/odom,Odometry,1789302430358543118,,"{""lateral_speed_mps"":0.0,""speed_mps"":6.093549985832673,""x_m"":43.44426932770518,""y_m"":14.144497545314914,""yaw_rate_radps"":1.6607}"
7957,13685452290527,/odom,Odometry,1789302430384340971,,"{""lateral_speed_mps"":0.0,""speed_mps"":6.034086833285313,""x_m"":43.388388788925866,""y_m"":14.290609785866407,""yaw_rate_radps"":1.6046}"
7965,13685476642872,/odom,Odometry,1789302430409353056,,"{""lateral_speed_mps"":0.0,""speed_mps"":6.082347886497474,""x_m"":43.328504547750484,""y_m"":14.429802754617171,""yaw_rate_radps"":1.6321}"
7975,13685502465942,/odom,Odometry,1789302430434300499,,"{""lateral_speed_mps"":0.0,""speed_mps"":6.084923891117192,""x_m"":43.26286374186214,""y_m"":14.566644630704229,""yaw_rate_radps"":1.6572}"
7984,13685526779132,/odom,Odometry,1789302430459168994,,"{""lateral_speed_mps"":0.0,""speed_mps"":6.045156932021495,""x_m"":43.192032282400405,""y_m"":14.699808224654747,""yaw_rate_radps"":1.6742}"
7993,13685552806797,/odom,Odometry,1789302430484442551,,"{""lateral_speed_mps"":0.0,""speed_mps"":6.138151445090559,""x_m"":43.11395954242081,""y_m"":14.832502046729553,""yaw_rate_radps"":1.6855}"
8002,13685576141317,/odom,Odometry,1789302430508581614,,"{""lateral_speed_mps"":0.0,""speed_mps"":6.072256093304087,""x_m"":43.03401416129175,""y_m"":14.95630656226109,""yaw_rate_radps"":1.6765}"
8011,13685602353449,/odom,Odometry,1789302430533458044,,"{""lateral_speed_mps"":0.0,""speed_mps"":6.127213787080353,""x_m"":42.94648261664412,""y_m"":15.08025416016365,""yaw_rate_radps"":1.6856}"
8020,13685626849513,/odom,Odometry,1789302430558718616,,"{""lateral_speed_mps"":0.0,""speed_mps"":6.1117739067126395,""x_m"":42.85196262769419,""y_m"":15.202574266928956,""yaw_rate_radps"":1.6362}"
8029,13685652049842,/odom,Odometry,1789302430583575610,,"{""lateral_speed_mps"":0.0,""speed_mps"":6.113048164291566,""x_m"":42.75413073244128,""y_m"":15.318820422895815,""yaw_rate_radps"":1.6515}"
8037,13685675983129,/odom,Odometry,1789302430608470364,,"{""lateral_speed_mps"":0.0,""speed_mps"":6.0336389436938145,""x_m"":42.65214289685066,""y_m"":15.43043652066228,""yaw_rate_radps"":1.6696}"
8046,13685702043294,/odom,Odometry,1789302430633721258,,"{""lateral_speed_mps"":0.0,""speed_mps"":6.06759080502528,""x_m"":42.54453946845779,""y_m"":15.538899938016092,""yaw_rate_radps"":1.619}"
8055,13685727302965,/odom,Odometry,1789302430658695642,,"{""lateral_speed_mps"":0.0,""speed_mps"":6.071567489837118,""x_m"":42.433408025766546,""y_m"":15.641989423312037,""yaw_rate_radps"":1.648}"
8065,13685752085629,/odom,Odometry,1789302430683697398,,"{""lateral_speed_mps"":0.0,""speed_mps"":6.075602892075814,""x_m"":42.317904657107775,""y_m"":15.740566800138652,""yaw_rate_radps"":1.6585}"
8074,13685777089007,/odom,Odometry,1789302430708616788,,"{""lateral_speed_mps"":0.0,""speed_mps"":6.134278221094224,""x_m"":42.198162527133064,""y_m"":15.834404763553655,""yaw_rate_radps"":1.6744}"
8082,13685802296239,/odom,Odometry,1789302430734202311,,"{""lateral_speed_mps"":0.0,""speed_mps"":6.053593756658638,""x_m"":42.07151018063275,""y_m"":15.925340974048993,""yaw_rate_radps"":1.6585}"
8092,13685826449028,/odom,Odometry,1789302430758582037,,"{""lateral_speed_mps"":0.0,""speed_mps"":6.041183143166665,""x_m"":41.948309748922625,""y_m"":16.00632460955081,""yaw_rate_radps"":1.6688}"
8101,13685851874110,/odom,Odometry,1789302430783827761,,"{""lateral_speed_mps"":0.0,""speed_mps"":6.075082097594068,""x_m"":41.81709162948908,""y_m"":16.08489264916723,""yaw_rate_radps"":1.682}"
8109,13685876833816,/odom,Odometry,1789302430808750288,,"{""lateral_speed_mps"":0.0,""speed_mps"":6.075449948192347,""x_m"":41.68397514967623,""y_m"":16.15704138152347,""yaw_rate_radps"":1.6676}"
8119,13685901850209,/odom,Odometry,1789302430833443373,,"{""lateral_speed_mps"":0.0,""speed_mps"":5.994334943328225,""x_m"":41.550204920173044,""y_m"":16.22271016135299,""yaw_rate_radps"":1.6798}"
8128,13685926818812,/odom,Odometry,1789302430859296209,,"{""lateral_speed_mps"":0.0,""speed_mps"":6.100822040502684,""x_m"":41.40709117978901,""y_m"":16.285662644638215,""yaw_rate_radps"":1.647}"
8137,13685951737632,/odom,Odometry,1789302430884087659,,"{""lateral_speed_mps"":0.0,""speed_mps"":6.067807236733821,""x_m"":41.2665138435507,""y_m"":16.340343782956044,""yaw_rate_radps"":1.6659}"
8145,13685976416540,/odom,Odometry,1789302430909157944,,"{""lateral_speed_mps"":0.0,""speed_mps"":6.058874244173816,""x_m"":41.122665479761196,""y_m"":16.38948497079078,""yaw_rate_radps"":1.6436}"
8154,13686002045696,/odom,Odometry,1789302430934056074,,"{""lateral_speed_mps"":0.0,""speed_mps"":6.167136169882365,""x_m"":40.97671597677787,""y_m"":16.432666118893174,""yaw_rate_radps"":1.6498}"
8164,13686027133473,/odom,Odometry,1789302430959408910,,"{""lateral_speed_mps"":0.0,""speed_mps"":6.076723193669396,""x_m"":40.8261850542929,""y_m"":16.47047913414109,""yaw_rate_radps"":1.6691}"
8173,13686051672398,/odom,Odometry,1789302430984435001,,"{""lateral_speed_mps"":0.0,""speed_mps"":6.062501898821792,""x_m"":40.6774478811241,""y_m"":16.501308443214313,""yaw_rate_radps"":1.6573}"
8182,13686077493825,/odom,Odometry,1789302431008684191,,"{""lateral_speed_mps"":0.0,""speed_mps"":6.1027968566583635,""x_m"":40.531892816409446,""y_m"":16.525183062381874,""yaw_rate_radps"":1.6737}"
8191,13686102209102,/odom,Odometry,1789302431033727876,,"{""lateral_speed_mps"":0.0,""speed_mps"":6.104105053540362,""x_m"":40.380149013202335,""y_m"":16.543565244618694,""yaw_rate_radps"":1.6722}"
8200,13686126871229,/odom,Odometry,1789302431058575181,,"{""lateral_speed_mps"":0.0,""speed_mps"":6.106847227380635,""x_m"":40.2289122180306,""y_m"":16.55544874804523,""yaw_rate_radps"":1.6828}"
8209,13686152718915,/odom,Odometry,1789302431084160113,,"{""lateral_speed_mps"":0.0,""speed_mps"":6.095250645777183,""x_m"":40.072919114021204,""y_m"":16.56108648857183,""yaw_rate_radps"":1.6907}"
8218,13686176920225,/odom,Odometry,1789302431108900607,,"{""lateral_speed_mps"":0.0,""speed_mps"":6.070434505543757,""x_m"":39.92242823303441,""y_m"":16.56015581867509,""yaw_rate_radps"":1.6824}"
8227,13686202175668,/odom,Odometry,1789302431134125352,,"{""lateral_speed_mps"":0.0,""speed_mps"":6.059492941510641,""x_m"":39.76962158887985,""y_m"":16.552733450229294,""yaw_rate_radps"":1.6903}"
8235,13686227775057,/odom,Odometry,1789302431158562776,,"{""lateral_speed_mps"":0.0,""speed_mps"":6.0426695238762855,""x_m"":39.62234596415234,""y_m"":16.539456673376545,""yaw_rate_radps"":1.6696}"
8245,13686251829812,/odom,Odometry,1789302431184186542,,"{""lateral_speed_mps"":0.0,""speed_mps"":6.081951983809134,""x_m"":39.46836004196025,""y_m"":16.51899515371319,""yaw_rate_radps"":1.6817}"
8254,13686277501267,/odom,Odometry,1789302431209092227,,"{""lateral_speed_mps"":0.0,""speed_mps"":6.071936823748926,""x_m"":39.31932535709653,""y_m"":16.492620560876066,""yaw_rate_radps"":1.6704}"
8263,13686301964480,/odom,Odometry,1789302431233999464,,"{""lateral_speed_mps"":0.0,""speed_mps"":6.078998453472983,""x_m"":39.17156106389956,""y_m"":16.459998967184237,""yaw_rate_radps"":1.6806}"
8272,13686326859755,/odom,Odometry,1789302431258656792,,"{""lateral_speed_mps"":0.0,""speed_mps"":6.138619308715397,""x_m"":39.02597942705942,""y_m"":16.42133702835916,""yaw_rate_radps"":1.6894}"
8280,13686352038573,/odom,Odometry,1789302431284048411,,"{""lateral_speed_mps"":0.0,""speed_mps"":6.10804138315522,""x_m"":38.87752780585022,""y_m"":16.375115117372722,""yaw_rate_radps"":1.6739}"
8290,13686376731899,/odom,Odometry,1789302431309215678,,"{""lateral_speed_mps"":0.0,""speed_mps"":6.0757868275270095,""x_m"":38.73319183347527,""y_m"":16.323413067393552,""yaw_rate_radps"":1.685}"
8299,13686402075267,/odom,Odometry,1789302431334206613,,"{""lateral_speed_mps"":0.0,""speed_mps"":6.07012843577496,""x_m"":38.59259579182601,""y_m"":16.266257717165967,""yaw_rate_radps"":1.6628}"
8307,13686425684955,/odom,Odometry,1789302431358466323,,"{""lateral_speed_mps"":0.0,""speed_mps"":6.059611799540782,""x_m"":38.45869771100921,""y_m"":16.205275164218108,""yaw_rate_radps"":1.6764}"
8317,13686452836473,/odom,Odometry,1789302431384221495,,"{""lateral_speed_mps"":0.0,""speed_mps"":6.073064050474839,""x_m"":38.31935605291496,""y_m"":16.134601985619323,""yaw_rate_radps"":1.6751}"
8325,13686476931163,/odom,Odometry,1789302431408905042,,"{""lateral_speed_mps"":0.0,""speed_mps"":6.09102099173775,""x_m"":38.18851308569616,""y_m"":16.060995477416466,""yaw_rate_radps"":1.684}"
8335,13686502058404,/odom,Odometry,1789302431433995014,,"{""lateral_speed_mps"":0.0,""speed_mps"":6.094105230116219,""x_m"":38.058580228860386,""y_m"":15.980470140801684,""yaw_rate_radps"":1.6918}"
8344,13686527896853,/odom,Odometry,1789302431459142533,,"{""lateral_speed_mps"":0.0,""speed_mps"":6.10397016322961,""x_m"":37.93177022516295,""y_m"":15.894193767448536,""yaw_rate_radps"":1.6967}"
8352,13686552132167,/odom,Odometry,1789302431484432351,,"{""lateral_speed_mps"":0.0,""speed_mps"":6.070766684965447,""x_m"":37.80829614683856,""y_m"":15.802247090285862,""yaw_rate_radps"":1.6998}"
8362,13686576853505,/odom,Odometry,1789302431509102843,,"{""lateral_speed_mps"":0.0,""speed_mps"":6.070406744882874,""x_m"":37.692102342484255,""y_m"":15.707756023777108,""yaw_rate_radps"":1.7019}"
8370,13686602183438,/odom,Odometry,1789302431534426805,,"{""lateral_speed_mps"":0.0,""speed_mps"":6.057407141717236,""x_m"":37.57722505687471,""y_m"":15.605852307366076,""yaw_rate_radps"":1.7031}"
8379,13686626698498,/odom,Odometry,1789302431558627123,,"{""lateral_speed_mps"":0.0,""speed_mps"":6.101069027726885,""x_m"":37.471457644178614,""y_m"":15.503591899804883,""yaw_rate_radps"":1.698}"
8389,13686651469269,/odom,Odometry,1789302431583453439,,"{""lateral_speed_mps"":0.0,""speed_mps"":6.067442206757434,""x_m"":37.367363561703144,""y_m"":15.394135028346698,""yaw_rate_radps"":1.6993}"
8397,13686677231505,/odom,Odometry,1789302431608950976,,"{""lateral_speed_mps"":0.0,""speed_mps"":6.106858920296024,""x_m"":37.26530895375435,""y_m"":15.277199201426626,""yaw_rate_radps"":1.7016}"
8407,13686701643281,/odom,Odometry,1789302431634312238,,"{""lateral_speed_mps"":0.0,""speed_mps"":6.073855541065444,""x_m"":37.16889632107714,""y_m"":15.156524836131354,""yaw_rate_radps"":1.6868}"
8416,13686726039889,/odom,Odometry,1789302431658459246,,"{""lateral_speed_mps"":0.0,""speed_mps"":6.081536740183564,""x_m"":37.082140432455155,""y_m"":15.038156770677064,""yaw_rate_radps"":1.6932}"
8425,13686751777117,/odom,Odometry,1789302431684232032,,"{""lateral_speed_mps"":0.0,""speed_mps"":6.097789585674014,""x_m"":36.99481893322381,""y_m"":14.907743787381479,""yaw_rate_radps"":1.6805}"
8433,13686775620535,/odom,Odometry,1789302431708462817,,"{""lateral_speed_mps"":0.0,""speed_mps"":6.083346168582166,""x_m"":36.91798543092767,""y_m"":14.78174158705742,""yaw_rate_radps"":1.6883}"
8443,13686802926764,/odom,Odometry,1789302431734435809,,"{""lateral_speed_mps"":0.0,""speed_mps"":6.135665904910471,""x_m"":36.84130456493512,""y_m"":14.642816270155922,""yaw_rate_radps"":1.6779}"
8452,13686827386159,/odom,Odometry,1789302431759438266,,"{""lateral_speed_mps"":0.0,""speed_mps"":6.084521527552175,""x_m"":36.77333400977094,""y_m"":14.506002854834778,""yaw_rate_radps"":1.6845}"
8461,13686851741820,/odom,Odometry,1789302431783601685,,"{""lateral_speed_mps"":0.0,""speed_mps"":6.076182883329228,""x_m"":36.71337754723383,""y_m"":14.371872259273308,""yaw_rate_radps"":1.692}"
8470,13686877303047,/odom,Odometry,1789302431808667682,,"{""lateral_speed_mps"":0.0,""speed_mps"":6.131557282575544,""x_m"":36.65691839353711,""y_m"":14.229671503235176,""yaw_rate_radps"":1.6836}"
8478,13686903013105,/odom,Odometry,1789302431833468129,,"{""lateral_speed_mps"":0.0,""speed_mps"":6.131515479371308,""x_m"":36.60696965255124,""y_m"":14.086043472002872,""yaw_rate_radps"":1.6914}"
8487,13686927395325,/odom,Odometry,1789302431859387740,,"{""lateral_speed_mps"":0.0,""speed_mps"":6.037693941431445,""x_m"":36.561537704753924,""y_m"":13.935018004462501,""yaw_rate_radps"":1.6899}"
8497,13686952738002,/odom,Odometry,1789302431884290369,,"{""lateral_speed_mps"":0.0,""speed_mps"":6.102367762950251,""x_m"":36.524193974847286,""y_m"":13.788544038307062,""yaw_rate_radps"":1.6952}"
8505,13686976603771,/odom,Odometry,1789302431909257720,,"{""lateral_speed_mps"":0.0,""speed_mps"":6.048157816519082,""x_m"":36.493023955138334,""y_m"":13.640097489108882,""yaw_rate_radps"":1.6991}"
8515,13687002231314,/odom,Odometry,1789302431933960032,,"{""lateral_speed_mps"":0.0,""speed_mps"":6.053799942564423,""x_m"":36.4685868500827,""y_m"":13.492636911237756,""yaw_rate_radps"":1.7015}"
8524,13687026858224,/odom,Odometry,1789302431959277752,,"{""lateral_speed_mps"":0.0,""speed_mps"":6.044872346099512,""x_m"":36.45003314497331,""y_m"":13.340608350435087,""yaw_rate_radps"":1.7032}"
8533,13687052859840,/odom,Odometry,1789302431983571075,,"{""lateral_speed_mps"":0.0,""speed_mps"":6.122423768369034,""x_m"":36.43842796303349,""y_m"":13.193272060406073,""yaw_rate_radps"":1.7041}"
8542,13687077222744,/odom,Odometry,1789302432008513880,,"{""lateral_speed_mps"":0.0,""speed_mps"":6.12113929670037,""x_m"":36.43297457772199,""y_m"":13.040676102827705,""yaw_rate_radps"":1.7048}"
8551,13687101999977,/odom,Odometry,1789302432033539951,,"{""lateral_speed_mps"":0.0,""speed_mps"":6.11756131819359,""x_m"":36.434070562871135,""y_m"":12.887536655984459,""yaw_rate_radps"":1.7054}"
8560,13687125706708,/odom,Odometry,1789302432058461376,,"{""lateral_speed_mps"":0.0,""speed_mps"":6.05883505749544,""x_m"":36.441522856820335,""y_m"":12.735991801685467,""yaw_rate_radps"":1.7055}"
8569,13687151558622,/odom,Odometry,1789302432084271902,,"{""lateral_speed_mps"":0.0,""speed_mps"":6.041244265538808,""x_m"":36.455875123710584,""y_m"":12.580499784342642,""yaw_rate_radps"":1.7058}"
8578,13687177103138,/odom,Odometry,1789302432109180743,,"{""lateral_speed_mps"":0.0,""speed_mps"":6.042425002560745,""x_m"":36.47623189875909,""y_m"":12.431388190935877,""yaw_rate_radps"":1.6954}"
8586,13687201552315,/odom,Odometry,1789302432133651610,,"{""lateral_speed_mps"":0.0,""speed_mps"":6.076781081143922,""x_m"":36.502542287200534,""y_m"":12.285456185889888,""yaw_rate_radps"":1.6991}"
8595,13687226853854,/odom,Odometry,1789302432159341269,,"{""lateral_speed_mps"":0.0,""speed_mps"":6.08968321303944,""x_m"":36.53682130825268,""y_m"":12.132986260437985,""yaw_rate_radps"":1.7017}"
8604,13687251935339,/odom,Odometry,1789302432184263756,,"{""lateral_speed_mps"":0.0,""speed_mps"":6.092680177444928,""x_m"":36.576422043054805,""y_m"":11.986435747719872,""yaw_rate_radps"":1.7035}"
8614,13687277744193,/odom,Odometry,1789302432208739642,,"{""lateral_speed_mps"":0.0,""speed_mps"":6.109121107503861,""x_m"":36.62151084229292,""y_m"":11.844079709199514,""yaw_rate_radps"":1.7014}"
8623,13687302197887,/odom,Odometry,1789302432234155477,,"{""lateral_speed_mps"":0.0,""speed_mps"":6.053067530770943,""x_m"":36.674449068244485,""y_m"":11.698872111683187,""yaw_rate_radps"":1.7027}"
8632,13687326843473,/odom,Odometry,1789302432259273791,,"{""lateral_speed_mps"":0.0,""speed_mps"":6.052992005836227,""x_m"":36.732598950543355,""y_m"":11.558390936794016,""yaw_rate_radps"":1.7039}"
8641,13687351923476,/odom,Odometry,1789302432284004868,,"{""lateral_speed_mps"":0.0,""speed_mps"":6.100445074231942,""x_m"":36.795947147090715,""y_m"":11.422110435900253,""yaw_rate_radps"":1.6894}"
8650,13687377518988,/odom,Odometry,1789302432308587916,,"{""lateral_speed_mps"":0.0,""speed_mps"":6.116173869409452,""x_m"":36.86496895906044,""y_m"":11.288752374427544,""yaw_rate_radps"":1.6954}"
8659,13687402293326,/odom,Odometry,1789302432333939660,,"{""lateral_speed_mps"":0.0,""speed_mps"":6.073622383621647,""x_m"":36.941783673501085,""y_m"":11.154682165045738,""yaw_rate_radps"":1.6994}"
8668,13687426776476,/odom,Odometry,1789302432359126894,,"{""lateral_speed_mps"":0.0,""speed_mps"":6.084517584851947,""x_m"":37.02351765630769,""y_m"":11.025208848166654,""yaw_rate_radps"":1.7019}"
8677,13687452193112,/odom,Odometry,1789302432384284723,,"{""lateral_speed_mps"":0.0,""speed_mps"":6.065456365158727,""x_m"":37.11055632015472,""y_m"":10.89958031090186,""yaw_rate_radps"":1.7035}"
8685,13687477034035,/odom,Odometry,1789302432409057017,,"{""lateral_speed_mps"":0.0,""speed_mps"":6.055164711724561,""x_m"":37.20126466907352,""y_m"":10.779953586456184,""yaw_rate_radps"":1.7045}"
8695,13687502254802,/odom,Odometry,1789302432433913389,,"{""lateral_speed_mps"":0.0,""speed_mps"":6.067316897076761,""x_m"":37.29734815919457,""y_m"":10.663908520237223,""yaw_rate_radps"":1.7052}"
8703,13687527159625,/odom,Odometry,1789302432459327811,,"{""lateral_speed_mps"":0.0,""speed_mps"":6.071358921064131,""x_m"":37.40071906953445,""y_m"":10.549421818262392,""yaw_rate_radps"":1.7055}"
8712,13687550854694,/odom,Odometry,1789302432483585878,,"{""lateral_speed_mps"":0.0,""speed_mps"":6.059994864504673,""x_m"":37.50301137616756,""y_m"":10.44365494095238,""yaw_rate_radps"":0.4565}"
8721,13687577473680,/odom,Odometry,1789302432509188273,,"{""lateral_speed_mps"":0.0,""speed_mps"":5.889653579175246,""x_m"":37.6109010546272,""y_m"":10.335211792059368,""yaw_rate_radps"":-0.0033}"
8730,13687601852044,/odom,Odometry,1789302432533876739,,"{""lateral_speed_mps"":0.0,""speed_mps"":6.089152254988668,""x_m"":37.71530971265175,""y_m"":10.230501942984992,""yaw_rate_radps"":-0.009}"
8740,13687628207254,/odom,Odometry,1789302432559145517,,"{""lateral_speed_mps"":0.0,""speed_mps"":6.068184959465367,""x_m"":37.823736053643806,""y_m"":10.121704521792926,""yaw_rate_radps"":-0.0082}"
8749,13687653367688,/odom,Odometry,1789302432584217144,,"{""lateral_speed_mps"":0.0,""speed_mps"":6.1021486693156595,""x_m"":37.93140827326917,""y_m"":10.013617653745483,""yaw_rate_radps"":-0.0074}"
8758,13687676779925,/odom,Odometry,1789302432608657023,,"{""lateral_speed_mps"":0.0,""speed_mps"":6.126907921315329,""x_m"":38.03684800603872,""y_m"":9.907720747507737,""yaw_rate_radps"":-0.0066}"
8767,13687702502235,/odom,Odometry,1789302432634309973,,"{""lateral_speed_mps"":0.0,""speed_mps"":6.059041214445415,""x_m"":38.14711357571487,""y_m"":9.796941969361143,""yaw_rate_radps"":-0.006}"
8776,13687727847276,/odom,Odometry,1789302432658962151,,"{""lateral_speed_mps"":0.0,""speed_mps"":6.081245362300315,""x_m"":38.25266264387695,""y_m"":9.690865037320243,""yaw_rate_radps"":-0.0053}"
8785,13687752161048,/odom,Odometry,1789302432684044187,,"{""lateral_speed_mps"":0.0,""speed_mps"":6.0926211238426236,""x_m"":38.36034023334511,""y_m"":9.582630922454934,""yaw_rate_radps"":-0.0048}"
8793,13687776701737,/odom,Odometry,1789302432708769142,,"{""lateral_speed_mps"":0.0,""speed_mps"":6.081330459422957,""x_m"":38.46647422541607,""y_m"":9.475928253200749,""yaw_rate_radps"":-0.0043}"
8803,13687801756231,/odom,Odometry,1789302432734167564,,"{""lateral_speed_mps"":0.0,""speed_mps"":6.063606103452895,""x_m"":38.5752296492913,""y_m"":9.366568176725682,""yaw_rate_radps"":-0.0038}"
8810,13687827702633,/odom,Odometry,1789302432758470235,,"{""lateral_speed_mps"":0.0,""speed_mps"":6.129543974519466,""x_m"":38.67969895368186,""y_m"":9.261503689911939,""yaw_rate_radps"":-0.0034}"
8821,13687852405477,/odom,Odometry,1789302432784234023,,"{""lateral_speed_mps"":0.0,""speed_mps"":6.077467785302994,""x_m"":38.79055506069933,""y_m"":9.149976856986022,""yaw_rate_radps"":-0.003}"
8830,13687877379009,/odom,Odometry,1789302432808844513,,"{""lateral_speed_mps"":0.0,""speed_mps"":6.08440317035437,""x_m"":38.896045575062125,""y_m"":9.043824303560399,""yaw_rate_radps"":-0.0027}"
8839,13687901964371,/odom,Odometry,1789302432833807696,,"{""lateral_speed_mps"":0.0,""speed_mps"":6.087172113775756,""x_m"":39.00313187669916,""y_m"":8.936063812674417,""yaw_rate_radps"":-0.0024}"
8848,13687927730835,/odom,Odometry,1789302432859259658,,"{""lateral_speed_mps"":0.0,""speed_mps"":6.041297002774246,""x_m"":39.11192800167907,""y_m"":8.826580368465983,""yaw_rate_radps"":-0.0021}"
8857,13687951902690,/odom,Odometry,1789302432884108686,,"{""lateral_speed_mps"":0.0,""speed_mps"":6.0580974047135685,""x_m"":39.217890901482,""y_m"":8.71994561490071,""yaw_rate_radps"":-0.0019}"
8866,13687976736209,/odom,Odometry,1789302432909441064,,"{""lateral_speed_mps"":0.0,""speed_mps"":6.053164246673853,""x_m"":39.32601828277487,""y_m"":8.611130153788524,""yaw_rate_radps"":-0.0017}"
8875,13688002039762,/odom,Odometry,1789302432934176218,,"{""lateral_speed_mps"":0.0,""speed_mps"":6.066056892553973,""x_m"":39.43165464399198,""y_m"":8.504797193438895,""yaw_rate_radps"":-0.0015}"
8884,13688028014157,/odom,Odometry,1789302432958918175,,"{""lateral_speed_mps"":0.0,""speed_mps"":6.0832123936252795,""x_m"":39.537569355095876,""y_m"":8.398159761865339,""yaw_rate_radps"":-0.0013}"
8892,13688051936863,/odom,Odometry,1789302432984223661,,"{""lateral_speed_mps"":0.0,""speed_mps"":6.081441903200546,""x_m"":39.64603295097893,""y_m"":8.28895397989623,""yaw_rate_radps"":-0.0012}"
8902,13688076202665,/odom,Odometry,1789302433008446091,,"{""lateral_speed_mps"":0.0,""speed_mps"":6.073549940456756,""x_m"":39.74976377705511,""y_m"":8.184497741112542,""yaw_rate_radps"":-0.0011}"
8911,13688101695965,/odom,Odometry,1789302433034054107,,"{""lateral_speed_mps"":0.0,""speed_mps"":6.102408587005662,""x_m"":39.8596096941367,""y_m"":8.073867243589527,""yaw_rate_radps"":-0.0009}"
8920,13688125874833,/odom,Odometry,1789302433058546194,,"{""lateral_speed_mps"":0.0,""speed_mps"":6.075914485899045,""x_m"":39.96468793692705,""y_m"":7.968036816856421,""yaw_rate_radps"":-0.0008}"
8928,13688151888090,/odom,Odometry,1789302433083857943,,"{""lateral_speed_mps"":0.0,""speed_mps"":6.089580621501693,""x_m"":40.073167588048854,""y_m"":7.858778846005919,""yaw_rate_radps"":-0.0007}"
8937,13688175651838,/odom,Odometry,1789302433108438516,,"{""lateral_speed_mps"":0.0,""speed_mps"":6.080432004063235,""x_m"":40.17855272261892,""y_m"":7.75263601470794,""yaw_rate_radps"":-0.0007}"
8947,13688202146962,/odom,Odometry,1789302433134218956,,"{""lateral_speed_mps"":0.0,""speed_mps"":6.078954296390796,""x_m"":40.28898433067275,""y_m"":7.641409230687426,""yaw_rate_radps"":-0.0006}"
8956,13688227453570,/odom,Odometry,1789302433158674725,,"{""lateral_speed_mps"":0.0,""speed_mps"":6.132493305075929,""x_m"":40.39418864551302,""y_m"":7.535446211800667,""yaw_rate_radps"":-0.0005}"
8965,13688251698072,/odom,Odometry,1789302433183676069,,"{""lateral_speed_mps"":0.0,""speed_mps"":6.131316171273652,""x_m"":40.50220225542382,""y_m"":7.426652422192903,""yaw_rate_radps"":-0.0005}"
8974,13688276577557,/odom,Odometry,1789302433209198704,,"{""lateral_speed_mps"":0.0,""speed_mps"":6.106647543378807,""x_m"":40.61223361637081,""y_m"":7.31582531552113,""yaw_rate_radps"":-0.0004}"
8982,13688301698577,/odom,Odometry,1789302433234165334,,"{""lateral_speed_mps"":0.0,""speed_mps"":6.102132257354704,""x_m"":40.719611843043324,""y_m"":7.207669501365465,""yaw_rate_radps"":-0.0004}"
8991,13688327846819,/odom,Odometry,1789302433259242982,,"{""lateral_speed_mps"":0.0,""speed_mps"":6.060991427366347,""x_m"":40.82706316244598,""y_m"":7.099439297447798,""yaw_rate_radps"":-0.0003}"
9001,13688351962378,/odom,Odometry,1789302433284222416,,"{""lateral_speed_mps"":0.0,""speed_mps"":6.056197011256039,""x_m"":40.93369015417481,""y_m"":6.992038897843072,""yaw_rate_radps"":-0.0003}"
9010,13688377155734,/odom,Odometry,1789302433309406684,,"{""lateral_speed_mps"":0.0,""speed_mps"":6.07357224643172,""x_m"":41.04130155663575,""y_m"":6.883646160034602,""yaw_rate_radps"":-0.0003}"
9018,13688402047332,/odom,Odometry,1789302433333529627,,"{""lateral_speed_mps"":0.0,""speed_mps"":6.073182747928301,""x_m"":41.14452242845688,""y_m"":6.77967506888414,""yaw_rate_radps"":-0.0002}"
9028,13688427060950,/odom,Odometry,1789302433358714076,,"{""lateral_speed_mps"":0.0,""speed_mps"":6.105609512569895,""x_m"":41.252570135195654,""y_m"":6.6708415433884936,""yaw_rate_radps"":-0.0002}"
9037,13688451998254,/odom,Odometry,1789302433383620162,,"{""lateral_speed_mps"":0.0,""speed_mps"":6.11763966238653,""x_m"":41.35981189650098,""y_m"":6.562819306654437,""yaw_rate_radps"":-0.0002}"
9046,13688476862751,/odom,Odometry,1789302433408711256,,"{""lateral_speed_mps"":0.0,""speed_mps"":6.114613648345179,""x_m"":41.46792973948736,""y_m"":6.453914320996101,""yaw_rate_radps"":-0.0002}"
9054,13688501545637,/odom,Odometry,1789302433434233340,,"{""lateral_speed_mps"":0.0,""speed_mps"":6.108020119330076,""x_m"":41.5778194322836,""y_m"":6.343224286464216,""yaw_rate_radps"":-0.0001}"
9064,13688526313263,/odom,Odometry,1789302433458543024,,"{""lateral_speed_mps"":0.0,""speed_mps"":6.09094783645509,""x_m"":41.68228636199564,""y_m"":6.237996285005606,""yaw_rate_radps"":-0.0001}"
9072,13688552106346,/odom,Odometry,1789302433484449701,,"{""lateral_speed_mps"":0.0,""speed_mps"":6.045991471523663,""x_m"":41.793048555083566,""y_m"":6.126426917515015,""yaw_rate_radps"":-0.0001}"
9082,13688578493206,/odom,Odometry,1789302433509430547,,"{""lateral_speed_mps"":0.0,""speed_mps"":6.09617465383326,""x_m"":41.899898474947626,""y_m"":6.018798041266592,""yaw_rate_radps"":-0.0001}"
9091,13688602181692,/odom,Odometry,1789302433533587574,,"{""lateral_speed_mps"":0.0,""speed_mps"":6.0946710393795165,""x_m"":42.00363812339477,""y_m"":5.91430182398334,""yaw_rate_radps"":-0.0001}"
9100,13688625864688,/odom,Odometry,1789302433558444297,,"{""lateral_speed_mps"":0.0,""speed_mps"":6.080549996367028,""x_m"":42.11024791971091,""y_m"":5.806914232099636,""yaw_rate_radps"":-0.0001}"
9109,13688652633066,/odom,Odometry,1789302433584273599,,"{""lateral_speed_mps"":0.0,""speed_mps"":6.0986435288712295,""x_m"":42.22106369540493,""y_m"":5.6952896655302645,""yaw_rate_radps"":-0.0001}"
9117,13688676779623,/odom,Odometry,1789302433609257390,,"{""lateral_speed_mps"":0.0,""speed_mps"":6.098451169469924,""x_m"":42.32840973487686,""y_m"":5.5871599251717186,""yaw_rate_radps"":-0.0001}"
9126,13688701551957,/odom,Odometry,1789302433633932431,,"{""lateral_speed_mps"":0.0,""speed_mps"":6.072858621306629,""x_m"":42.434204069698595,""y_m"":5.4805932830444695,""yaw_rate_radps"":-0.0001}"
9136,13688726752246,/odom,Odometry,1789302433659320914,,"{""lateral_speed_mps"":0.0,""speed_mps"":6.093105996977993,""x_m"":42.543009102951906,""y_m"":5.370993964140611,""yaw_rate_radps"":0.0}"
9144,13688752875941,/odom,Odometry,1789302433684411907,,"{""lateral_speed_mps"":0.0,""speed_mps"":6.134317395404686,""x_m"":42.65108406791545,""y_m"":5.262129739572174,""yaw_rate_radps"":0.0}"
9154,13688777259825,/odom,Odometry,1789302433708610803,,"{""lateral_speed_mps"":0.0,""speed_mps"":6.08146418470993,""x_m"":42.75521684417063,""y_m"":5.157236200641067,""yaw_rate_radps"":0.0}"
9163,13688802494098,/odom,Odometry,1789302433733629601,,"{""lateral_speed_mps"":0.0,""speed_mps"":6.113659234768333,""x_m"":42.862694802791346,""y_m"":5.04897304045036,""yaw_rate_radps"":0.0}"
9172,13688826975845,/odom,Odometry,1789302433758792389,,"{""lateral_speed_mps"":0.0,""speed_mps"":6.0981782972576095,""x_m"":42.97094057081696,""y_m"":4.939936461470677,""yaw_rate_radps"":0.0}"
9181,13688851810627,/odom,Odometry,1789302433784198355,,"{""lateral_speed_mps"":0.0,""speed_mps"":6.094897225984977,""x_m"":43.08006354122056,""y_m"":4.830016271536831,""yaw_rate_radps"":0.0}"
9190,13688877240477,/odom,Odometry,1789302433809094943,,"{""lateral_speed_mps"":0.0,""speed_mps"":6.116401597931889,""x_m"":43.187157933003654,""y_m"":4.722139480407446,""yaw_rate_radps"":0.0}"
9199,13688902053498,/odom,Odometry,1789302433833563095,,"{""lateral_speed_mps"":0.0,""speed_mps"":6.136507802595429,""x_m"":43.29277006053179,""y_m"":4.615755782508888,""yaw_rate_radps"":0.0}"
9208,13688926948853,/odom,Odometry,1789302433858572434,,"{""lateral_speed_mps"":0.0,""speed_mps"":6.098324638777947,""x_m"":43.40055790757105,""y_m"":4.507180469948254,""yaw_rate_radps"":0.0}"
9217,13688952322669,/odom,Odometry,1789302433883696981,,"{""lateral_speed_mps"":0.0,""speed_mps"":6.094401237356685,""x_m"":43.50846822511123,""y_m"":4.398481486037636,""yaw_rate_radps"":0.0}"
9225,13688976866593,/odom,Odometry,1789302433908624978,,"{""lateral_speed_mps"":0.0,""speed_mps"":6.113716919238092,""x_m"":43.61567078493307,""y_m"":4.290495128408042,""yaw_rate_radps"":0.0}"
9235,13689001908254,/odom,Odometry,1789302433933581097,,"{""lateral_speed_mps"":0.0,""speed_mps"":6.092030458326947,""x_m"":43.72297246459799,""y_m"":4.182408926233318,""yaw_rate_radps"":0.0}"
9243,13689025657334,/odom,Odometry,1789302433958620313,,"{""lateral_speed_mps"":0.0,""speed_mps"":6.034818016208077,""x_m"":43.8299370082314,""y_m"":4.074662325017088,""yaw_rate_radps"":0.0}"
9253,13689052422655,/odom,Odometry,1789302433983467128,,"{""lateral_speed_mps"":0.0,""speed_mps"":6.084907849112822,""x_m"":43.93601525516876,""y_m"":3.967808500541859,""yaw_rate_radps"":0.0}"
9262,13689076913470,/odom,Odometry,1789302434009349689,,"{""lateral_speed_mps"":0.0,""speed_mps"":6.0506686409492865,""x_m"":44.04666176472591,""y_m"":3.8563530131788593,""yaw_rate_radps"":0.0}"
9271,13689102116825,/odom,Odometry,1789302434034347457,,"{""lateral_speed_mps"":0.0,""speed_mps"":6.043155651360193,""x_m"":44.15315726961833,""y_m"":3.7490788800203902,""yaw_rate_radps"":0.0}"
9280,13689127442049,/odom,Odometry,1789302434059338403,,"{""lateral_speed_mps"":0.0,""speed_mps"":6.096805707048272,""x_m"":44.26003049870142,""y_m"":3.64142426098914,""yaw_rate_radps"":0.0}"
9289,13689153224582,/odom,Odometry,1789302434084248005,,"{""lateral_speed_mps"":0.0,""speed_mps"":6.050291772756997,""x_m"":44.366617645970706,""y_m"":3.534057815422288,""yaw_rate_radps"":0.0}"
9297,13689175778495,/odom,Odometry,1789302434108477899,,"{""lateral_speed_mps"":0.0,""speed_mps"":6.041606760662568,""x_m"":44.46982611712715,""y_m"":3.430094748726637,""yaw_rate_radps"":0.0}"
9307,13689201689510,/odom,Odometry,1789302434134345833,,"{""lateral_speed_mps"":0.0,""speed_mps"":6.082116688785643,""x_m"":44.58030040806853,""y_m"":3.318812739133793,""yaw_rate_radps"":0.0}"
9316,13689226964359,/odom,Odometry,1789302434159486961,,"{""lateral_speed_mps"":0.0,""speed_mps"":6.080314562457477,""x_m"":44.688014978588804,""y_m"":3.2103106273050246,""yaw_rate_radps"":0.0}"
9325,13689252660170,/odom,Odometry,1789302434184264956,,"{""lateral_speed_mps"":0.0,""speed_mps"":6.086817743882058,""x_m"":44.79421487502998,""y_m"":3.103334263901193,""yaw_rate_radps"":0.0}"
9334,13689277544975,/odom,Odometry,1789302434208932533,,"{""lateral_speed_mps"":0.0,""speed_mps"":6.116722830783345,""x_m"":44.90025699174272,""y_m"":2.9965168338121027,""yaw_rate_radps"":0.0}"
9342,13689302423910,/odom,Odometry,1789302434233806368,,"{""lateral_speed_mps"":0.0,""speed_mps"":6.120904413324494,""x_m"":45.00748434200887,""y_m"":2.8885055044860426,""yaw_rate_radps"":0.0}"
9351,13689326972904,/odom,Odometry,1789302434259093650,,"{""lateral_speed_mps"":0.0,""speed_mps"":6.103694270990123,""x_m"":45.11637885312365,""y_m"":2.778814825077995,""yaw_rate_radps"":0.0}"
9360,13689352144118,/odom,Odometry,1789302434283606126,,"{""lateral_speed_mps"":0.0,""speed_mps"":6.127414454646675,""x_m"":45.22199178668462,""y_m"":2.6724297160584105,""yaw_rate_radps"":0.0}"
9370,13689376838235,/odom,Odometry,1789302434308718459,,"{""lateral_speed_mps"":0.0,""speed_mps"":6.116950551485849,""x_m"":45.330307558870864,""y_m"":2.5633220069545644,""yaw_rate_radps"":0.0}"
9378,13689402555066,/odom,Odometry,1789302434334428366,,"{""lateral_speed_mps"":0.0,""speed_mps"":6.06045203119659,""x_m"":45.4405949607107,""y_m"":2.4522282528790345,""yaw_rate_radps"":0.0}"
9388,13689427857456,/odom,Odometry,1789302434358611242,,"{""lateral_speed_mps"":0.0,""speed_mps"":6.092261024505751,""x_m"":45.544120414018224,""y_m"":2.3479458864578344,""yaw_rate_radps"":0.0}"
9396,13689452983005,/odom,Odometry,1789302434384182037,,"{""lateral_speed_mps"":0.0,""speed_mps"":6.0600796072114065,""x_m"":45.65358478997607,""y_m"":2.2376811757127824,""yaw_rate_radps"":0.0}"
9406,13689477571403,/odom,Odometry,1789302434409273933,,"{""lateral_speed_mps"":0.0,""speed_mps"":6.0563142931702885,""x_m"":45.76067997564481,""y_m"":2.1298029772886813,""yaw_rate_radps"":0.0}"
9415,13689503049524,/odom,Odometry,1789302434434089478,,"{""lateral_speed_mps"":0.0,""speed_mps"":6.0690108261870925,""x_m"":45.86667586191482,""y_m"":2.023032115650299,""yaw_rate_radps"":0.0}"
9424,13689527453385,/odom,Odometry,1789302434459269368,,"{""lateral_speed_mps"":0.0,""speed_mps"":6.052390976276179,""x_m"":45.974191982637535,""y_m"":1.9147299045594037,""yaw_rate_radps"":0.0}"
9432,13689554548768,/odom,Odometry,1789302434483903603,,"{""lateral_speed_mps"":0.0,""speed_mps"":6.071698624687085,""x_m"":46.079401157970345,""y_m"":1.8087515057946342,""yaw_rate_radps"":0.0}"
9442,13689576839956,/odom,Odometry,1789302434509067243,,"{""lateral_speed_mps"":0.0,""speed_mps"":6.091401901988607,""x_m"":46.187217679780375,""y_m"":1.7001466972722916,""yaw_rate_radps"":0.0}"
9450,13689602042249,/odom,Odometry,1789302434534251491,,"{""lateral_speed_mps"":0.0,""speed_mps"":6.080247842947959,""x_m"":46.29519891953707,""y_m"":1.5913759664890728,""yaw_rate_radps"":0.0}"
9459,13689627832247,/odom,Odometry,1789302434559464244,,"{""lateral_speed_mps"":0.0,""speed_mps"":6.076904050401083,""x_m"":46.40317202283376,""y_m"":1.4826134316545554,""yaw_rate_radps"":0.0}"
9468,13689653028127,/odom,Odometry,1789302434584378405,,"{""lateral_speed_mps"":0.0,""speed_mps"":6.113221829020932,""x_m"":46.51015720746548,""y_m"":1.3748460385259897,""yaw_rate_radps"":0.0}"
9478,13689677465772,/odom,Odometry,1789302434608706884,,"{""lateral_speed_mps"":0.0,""speed_mps"":6.1002559872350925,""x_m"":46.614827039111546,""y_m"":1.269410926790365,""yaw_rate_radps"":0.0}"
9487,13689702232285,/odom,Odometry,1789302434633711134,,"{""lateral_speed_mps"":0.0,""speed_mps"":6.104727193868455,""x_m"":46.72232906057823,""y_m"":1.161122918040405,""yaw_rate_radps"":0.0}"
9496,13689727437153,/odom,Odometry,1789302434658860497,,"{""lateral_speed_mps"":0.0,""speed_mps"":5.983359242288303,""x_m"":46.82942074157829,""y_m"":1.0532482499089275,""yaw_rate_radps"":0.0}"
9505,13689752851785,/odom,Odometry,1789302434683754450,,"{""lateral_speed_mps"":0.0,""speed_mps"":6.1027359474343434,""x_m"":46.93540663282888,""y_m"":0.9464874563672703,""yaw_rate_radps"":0.0}"
9514,13689777653183,/odom,Odometry,1789302434709067842,,"{""lateral_speed_mps"":0.0,""speed_mps"":6.072421994338029,""x_m"":47.04397116953316,""y_m"":0.8371291639354276,""yaw_rate_radps"":0.0}"
9522,13689802109233,/odom,Odometry,1789302434733893997,,"{""lateral_speed_mps"":0.0,""speed_mps"":6.077313812169245,""x_m"":47.15022534456812,""y_m"":0.7300981250868126,""yaw_rate_radps"":0.0}"
9532,13689827121488,/odom,Odometry,1789302434758674306,,"{""lateral_speed_mps"":0.0,""speed_mps"":6.08900759501615,""x_m"":47.256428381157406,""y_m"":0.6231185985760784,""yaw_rate_radps"":0.0}"
9541,13689852872743,/odom,Odometry,1789302434783740863,,"{""lateral_speed_mps"":0.0,""speed_mps"":6.2182108148671595,""x_m"":47.3651006737979,""y_m"":0.5136517623642766,""yaw_rate_radps"":0.0}"
9550,13689877236238,/odom,Odometry,1789302434809406487,,"{""lateral_speed_mps"":0.0,""speed_mps"":6.09041484293963,""x_m"":47.476383215185734,""y_m"":0.40155559290519627,""yaw_rate_radps"":0.0}"
9559,13689903554038,/odom,Odometry,1789302434834087650,,"{""lateral_speed_mps"":0.0,""speed_mps"":6.078713395953496,""x_m"":47.58218558564501,""y_m"":0.2949796619436523,""yaw_rate_radps"":0.0}"
9567,13689928976605,/odom,Odometry,1789302434858922141,,"{""lateral_speed_mps"":0.0,""speed_mps"":6.074181543319744,""x_m"":47.68850209145633,""y_m"":0.18788583659517374,""yaw_rate_radps"":0.0}"
9577,13689952235754,/odom,Odometry,1789302434883889832,,"{""lateral_speed_mps"":0.0,""speed_mps"":6.07832861995065,""x_m"":47.79538577006864,""y_m"":0.08022069163430168,""yaw_rate_radps"":0.0}"
9585,13689976904082,/odom,Odometry,1789302434908868274,,"{""lateral_speed_mps"":0.0,""speed_mps"":6.081588577212488,""x_m"":47.902381573128594,""y_m"":-0.027557397557770966,""yaw_rate_radps"":0.0}"
9595,13690001855633,/odom,Odometry,1789302434933742410,,"{""lateral_speed_mps"":0.0,""speed_mps"":6.115578491524117,""x_m"":48.00925543156377,""y_m"":-0.13521265054254233,""yaw_rate_radps"":0.0}"
9604,13690026974359,/odom,Odometry,1789302434959369922,,"{""lateral_speed_mps"":0.0,""speed_mps"":6.069654016708159,""x_m"":48.11925965385561,""y_m"":-0.246021154639014,""yaw_rate_radps"":0.0}"
9613,13690053890234,/odom,Odometry,1789302434984319489,,"{""lateral_speed_mps"":0.0,""speed_mps"":6.063948111130381,""x_m"":48.22589958452905,""y_m"":-0.35344076952913184,""yaw_rate_radps"":0.0}"
9622,13690077583329,/odom,Odometry,1789302435009116981,,"{""lateral_speed_mps"":0.0,""speed_mps"":6.072406357206983,""x_m"":48.33191340103543,""y_m"":-0.46022969249851836,""yaw_rate_radps"":0.0}"
9630,13690101923710,/odom,Odometry,1789302435033641749,,"{""lateral_speed_mps"":0.0,""speed_mps"":6.096156828004129,""x_m"":48.43703941110751,""y_m"":-0.5661243179503888,""yaw_rate_radps"":0.0}"
9640,13690126961965,/odom,Odometry,1789302435059403213,,"{""lateral_speed_mps"":0.0,""speed_mps"":6.0885778660834795,""x_m"":48.54761426114514,""y_m"":-0.677507621864452,""yaw_rate_radps"":0.0}"
9649,13690152037639,/odom,Odometry,1789302435084318426,,"{""lateral_speed_mps"":0.0,""speed_mps"":6.090729390774584,""x_m"":48.65450858899797,""y_m"":-0.785183493926401,""yaw_rate_radps"":0.0}"
9657,13690176453032,/odom,Odometry,1789302435109125596,,"{""lateral_speed_mps"":0.0,""speed_mps"":6.088317042715048,""x_m"":48.76093726723016,""y_m"":-0.8923903118300545,""yaw_rate_radps"":0.0}"
9667,13690202257437,/odom,Odometry,1789302435134072779,,"{""lateral_speed_mps"":0.0,""speed_mps"":6.065948360030077,""x_m"":48.86774859561775,""y_m"":-0.9999825775867859,""yaw_rate_radps"":0.0}"
9675,13690226270483,/odom,Odometry,1789302435158625169,,"{""lateral_speed_mps"":0.0,""speed_mps"":6.044315551896776,""x_m"":48.972488932579516,""y_m"":-1.1054887101287156,""yaw_rate_radps"":0.0}"
9685,13690251895000,/odom,Odometry,1789302435183522338,,"{""lateral_speed_mps"":0.0,""speed_mps"":6.118695249517466,""x_m"":49.07916259523963,""y_m"":-1.212942303632611,""yaw_rate_radps"":0.0}"
9694,13690278218601,/odom,Odometry,1789302435209488767,,"{""lateral_speed_mps"":0.0,""speed_mps"":6.126236157494836,""x_m"":49.19116712163775,""y_m"":-1.3257657368030549,""yaw_rate_radps"":0.0}"
9703,13690304217742,/odom,Odometry,1789302435233609987,,"{""lateral_speed_mps"":0.0,""speed_mps"":6.116263837612164,""x_m"":49.29519216836458,""y_m"":-1.4305513493569593,""yaw_rate_radps"":0.0}"
9712,13690328747229,/odom,Odometry,1789302435259013839,,"{""lateral_speed_mps"":0.0,""speed_mps"":6.124553377728288,""x_m"":49.40473284382962,""y_m"":-1.540892917463289,""yaw_rate_radps"":0.0}"
9721,13690352023280,/odom,Odometry,1789302435283635319,,"{""lateral_speed_mps"":0.0,""speed_mps"":6.088729294523393,""x_m"":49.510661645060914,""y_m"":-1.6475962035792733,""yaw_rate_radps"":0.0}"
9730,13690378371948,/odom,Odometry,1789302435308835979,,"{""lateral_speed_mps"":0.0,""speed_mps"":6.075445619494959,""x_m"":49.61864706347974,""y_m"":-1.7563711435763756,""yaw_rate_radps"":0.0}"
9739,13690402484512,/odom,Odometry,1789302435333925940,,"{""lateral_speed_mps"":0.0,""speed_mps"":6.069697640340946,""x_m"":49.72598820070598,""y_m"":-1.8644970918013337,""yaw_rate_radps"":0.0}"
9748,13690428724415,/odom,Odometry,1789302435359076215,,"{""lateral_speed_mps"":0.0,""speed_mps"":6.0821567971337025,""x_m"":49.833647881721824,""y_m"":-1.9729439128080846,""yaw_rate_radps"":0.0}"
9756,13690454479498,/odom,Odometry,1789302435384312251,,"{""lateral_speed_mps"":0.0,""speed_mps"":6.103553287248205,""x_m"":49.94197594269542,""y_m"":-2.0820640005471827,""yaw_rate_radps"":0.0}"
9765,13690478517250,/odom,Odometry,1789302435408606817,,"{""lateral_speed_mps"":0.0,""speed_mps"":6.091627647493184,""x_m"":50.04634250528515,""y_m"":-2.1871936259135483,""yaw_rate_radps"":0.0}"
9775,13690502922685,/odom,Odometry,1789302435434079648,,"{""lateral_speed_mps"":0.0,""speed_mps"":6.08168942809481,""x_m"":50.15557665058359,""y_m"":-2.297226422697163,""yaw_rate_radps"":0.0}"
9784,13690527432836,/odom,Odometry,1789302435459316125,,"{""lateral_speed_mps"":0.0,""speed_mps"":6.075749514972316,""x_m"":50.26365440889888,""y_m"":-2.4060943777220696,""yaw_rate_radps"":0.0}"
9793,13690552566018,/odom,Odometry,1789302435484074293,,"{""lateral_speed_mps"":0.0,""speed_mps"":6.08697894143515,""x_m"":50.36933378110981,""y_m"":-2.5133375375392073,""yaw_rate_radps"":-0.4689}"
9802,13690577734337,/odom,Odometry,1789302435508702976,,"{""lateral_speed_mps"":0.0,""speed_mps"":6.08372166402195,""x_m"":50.47349652218102,""y_m"":-2.6210979589220296,""yaw_rate_radps"":-0.4767}"
9811,13690602395522,/odom,Odometry,1789302435533888057,,"{""lateral_speed_mps"":0.0,""speed_mps"":6.076603408203967,""x_m"":50.57860651466864,""y_m"":-2.7324557109928973,""yaw_rate_radps"":-0.4763}"
9820,13690627658910,/odom,Odometry,1789302435558855918,,"{""lateral_speed_mps"":0.0,""speed_mps"":6.096492235958843,""x_m"":50.68160550662582,""y_m"":-2.8441946635927016,""yaw_rate_radps"":-0.476}"
9828,13690652899925,/odom,Odometry,1789302435584061517,,"{""lateral_speed_mps"":0.0,""speed_mps"":6.100193152316475,""x_m"":50.784430202047695,""y_m"":-2.9584514036517056,""yaw_rate_radps"":-0.4757}"
9838,13690678398595,/odom,Odometry,1789302435609179251,,"{""lateral_speed_mps"":0.0,""speed_mps"":6.065270104210492,""x_m"":50.885265654335036,""y_m"":-3.0732342965013513,""yaw_rate_radps"":-0.4754}"
9846,13690703284703,/odom,Odometry,1789302435634289470,,"{""lateral_speed_mps"":0.0,""speed_mps"":6.063884462759308,""x_m"":50.98440991836938,""y_m"":-3.1888220686003277,""yaw_rate_radps"":-0.4752}"
9856,13690728695428,/odom,Odometry,1789302435658907695,,"{""lateral_speed_mps"":0.0,""speed_mps"":6.081708105340053,""x_m"":51.08039140414105,""y_m"":-3.303443637949643,""yaw_rate_radps"":-0.475}"
9865,13690753614638,/odom,Odometry,1789302435684070253,,"{""lateral_speed_mps"":0.0,""speed_mps"":6.087106128899773,""x_m"":51.17728018518242,""y_m"":-3.4219856228995194,""yaw_rate_radps"":-0.4749}"
9874,13690777499794,/odom,Odometry,1789302435709334832,,"{""lateral_speed_mps"":0.0,""speed_mps"":6.080802590951716,""x_m"":51.2731257977068,""y_m"":-3.5421513032026093,""yaw_rate_radps"":-0.4747}"
9883,13690802292256,/odom,Odometry,1789302435733755936,,"{""lateral_speed_mps"":0.0,""speed_mps"":6.105493799924449,""x_m"":51.36452257860505,""y_m"":-3.6595765482951674,""yaw_rate_radps"":-0.4746}"
9892,13690827380123,/odom,Odometry,1789302435758974840,,"{""lateral_speed_mps"":0.0,""speed_mps"":6.088141492635043,""x_m"":51.45751796584777,""y_m"":-3.782018946534652,""yaw_rate_radps"":-0.4745}"
9901,13690851924889,/odom,Odometry,1789302435783804442,,"{""lateral_speed_mps"":0.0,""speed_mps"":6.093101947203823,""x_m"":51.54755929048207,""y_m"":-3.9035196686491664,""yaw_rate_radps"":-0.4744}"
9910,13690877344390,/odom,Odometry,1789302435808857894,,"{""lateral_speed_mps"":0.0,""speed_mps"":6.098757935890574,""x_m"":51.637024170446225,""y_m"":-4.027296782217584,""yaw_rate_radps"":-0.4743}"
9918,13690902649156,/odom,Odometry,1789302435833719486,,"{""lateral_speed_mps"":0.0,""speed_mps"":6.0738469420125805,""x_m"":51.72422274314099,""y_m"":-4.150962037257171,""yaw_rate_radps"":-0.4742}"
9928,13690927030865,/odom,Odometry,1789302435858632986,,"{""lateral_speed_mps"":0.0,""speed_mps"":6.091196680886853,""x_m"":51.81007838996788,""y_m"":-4.275829541971681,""yaw_rate_radps"":-0.4741}"
9937,13690952353524,/odom,Odometry,1789302435883772230,,"{""lateral_speed_mps"":0.0,""speed_mps"":6.097058400461979,""x_m"":51.89535562567154,""y_m"":-4.4031037973230625,""yaw_rate_radps"":-0.4741}"
9946,13690976324892,/odom,Odometry,1789302435908619355,,"{""lateral_speed_mps"":0.0,""speed_mps"":6.056028866696805,""x_m"":51.97793099920362,""y_m"":-4.529505916868744,""yaw_rate_radps"":-0.474}"
9955,13691002332118,/odom,Odometry,1789302435933784788,,"{""lateral_speed_mps"":0.0,""speed_mps"":6.132462196890817,""x_m"":52.06027117686457,""y_m"":-4.658892722723022,""yaw_rate_radps"":-0.474}"
9964,13691025772798,/odom,Odometry,1789302435958453197,,"{""lateral_speed_mps"":0.0,""speed_mps"":6.106703915339405,""x_m"":52.13981157475073,""y_m"":-4.78719878637852,""yaw_rate_radps"":-0.4739}"
9973,13691051951647,/odom,Odometry,1789302435984222345,,"{""lateral_speed_mps"":0.0,""speed_mps"":6.0683721612635075,""x_m"":52.22088158636707,""y_m"":-4.9214977945300005,""yaw_rate_radps"":-0.4739}"
9981,13691076783824,/odom,Odometry,1789302436009149551,,"{""lateral_speed_mps"":0.0,""speed_mps"":6.110169838329223,""x_m"":52.29775318065139,""y_m"":-5.05237921601444,""yaw_rate_radps"":-0.4739}"
9990,13691100988150,/odom,Odometry,1789302436033460227,,"{""lateral_speed_mps"":0.0,""speed_mps"":6.09891232026096,""x_m"":52.37142436037945,""y_m"":-5.1812086761340375,""yaw_rate_radps"":-0.4738}"
9999,13691126757128,/odom,Odometry,1789302436059349060,,"{""lateral_speed_mps"":0.0,""speed_mps"":6.095437339245034,""x_m"":52.448148790046794,""y_m"":-5.319155387303979,""yaw_rate_radps"":-0.4738}"
10009,13691152034121,/odom,Odometry,1789302436084151501,,"{""lateral_speed_mps"":0.0,""speed_mps"":6.102290989167514,""x_m"":52.52007221484906,""y_m"":-5.452230895685939,""yaw_rate_radps"":-0.4738}"
10017,13691176744599,/odom,Odometry,1789302436109106819,,"{""lateral_speed_mps"":0.0,""speed_mps"":6.095936244625612,""x_m"":52.59084557971657,""y_m"":-5.586980686247867,""yaw_rate_radps"":-0.4737}"
10026,13691201920602,/odom,Odometry,1789302436134211929,,"{""lateral_speed_mps"":0.0,""speed_mps"":6.101676868263552,""x_m"":52.66041831730483,""y_m"":-5.723371559695489,""yaw_rate_radps"":-0.4737}"
10036,13691227123857,/odom,Odometry,1789302436158826877,,"{""lateral_speed_mps"":0.0,""speed_mps"":6.116367366891691,""x_m"":52.72715208121676,""y_m"":-5.858124929955665,""yaw_rate_radps"":-0.4737}"
10045,13691252164175,/odom,Odometry,1789302436184365522,,"{""lateral_speed_mps"":0.0,""speed_mps"":6.0812244460858675,""x_m"":52.7946186569254,""y_m"":-5.998511542947771,""yaw_rate_radps"":-0.4737}"
10054,13691277743817,/odom,Odometry,1789302436209355836,,"{""lateral_speed_mps"":0.0,""speed_mps"":6.074168078025593,""x_m"":52.85877510954814,""y_m"":-6.136178278172543,""yaw_rate_radps"":-0.4737}"
10063,13691302364836,/odom,Odometry,1789302436234073377,,"{""lateral_speed_mps"":0.0,""speed_mps"":6.087537170887195,""x_m"":52.92064536264604,""y_m"":-6.273157594393937,""yaw_rate_radps"":-0.4737}"
10072,13691328060306,/odom,Odometry,1789302436258721959,,"{""lateral_speed_mps"":0.0,""speed_mps"":6.1092887058316565,""x_m"":52.98089747150551,""y_m"":-6.41087145765171,""yaw_rate_radps"":-0.4737}"
10081,13691351551281,/odom,Odometry,1789302436283465098,,"{""lateral_speed_mps"":0.0,""speed_mps"":6.065527580654377,""x_m"":53.03967781824173,""y_m"":-6.5495511686058645,""yaw_rate_radps"":-0.4737}"
10090,13691377117187,/odom,Odometry,1789302436308850084,,"{""lateral_speed_mps"":0.0,""speed_mps"":6.107044255650713,""x_m"":53.09828550053289,""y_m"":-6.692503331191542,""yaw_rate_radps"":-0.4737}"
10099,13691403578888,/odom,Odometry,1789302436333651232,,"{""lateral_speed_mps"":0.0,""speed_mps"":6.121189894116758,""x_m"":53.15410228154528,""y_m"":-6.833492901141182,""yaw_rate_radps"":-0.4736}"
10108,13691428140206,/odom,Odometry,1789302436359434007,,"{""lateral_speed_mps"":0.0,""speed_mps"":6.057143614172832,""x_m"":53.210162594150965,""y_m"":-6.980138588959919,""yaw_rate_radps"":-0.4736}"
10117,13691452180002,/odom,Odometry,1789302436383714516,,"{""lateral_speed_mps"":0.0,""speed_mps"":6.123069054341783,""x_m"":53.26131266328438,""y_m"":-7.118881295023339,""yaw_rate_radps"":-0.4736}"
10126,13691478179143,/odom,Odometry,1789302436408730218,,"{""lateral_speed_mps"":0.0,""speed_mps"":6.1236154987259255,""x_m"":53.31258416128453,""y_m"":-7.263224810417467,""yaw_rate_radps"":-0.4736}"
10135,13691502398948,/odom,Odometry,1789302436434340047,,"{""lateral_speed_mps"":0.0,""speed_mps"":6.05793178588759,""x_m"":53.36306590043847,""y_m"":-7.4108146741193615,""yaw_rate_radps"":-0.4736}"
10143,13691527176021,/odom,Odometry,1789302436458751342,,"{""lateral_speed_mps"":0.0,""speed_mps"":6.079370279499665,""x_m"":53.409345357599086,""y_m"":-7.5515434166549325,""yaw_rate_radps"":-0.4736}"
10153,13691553154714,/odom,Odometry,1789302436483819763,,"{""lateral_speed_mps"":0.0,""speed_mps"":6.081029251406693,""x_m"":53.45523910339222,""y_m"":-7.696891667061117,""yaw_rate_radps"":-0.4736}"
10161,13691577585255,/odom,Odometry,1789302436509118887,,"{""lateral_speed_mps"":0.0,""speed_mps"":6.067908396627671,""x_m"":53.49977201361298,""y_m"":-7.843976263295825,""yaw_rate_radps"":-0.4736}"
10171,13691603019354,/odom,Odometry,1789302436534067563,,"{""lateral_speed_mps"":0.0,""speed_mps"":6.072242114508036,""x_m"":53.5419254429842,""y_m"":-7.989431135686387,""yaw_rate_radps"":-0.4736}"
10179,13691626867340,/odom,Odometry,1789302436559333085,,"{""lateral_speed_mps"":0.0,""speed_mps"":6.056683550123025,""x_m"":53.582835279938564,""y_m"":-8.137091658902271,""yaw_rate_radps"":-0.4736}"
10189,13691652725997,/odom,Odometry,1789302436584433105,,"{""lateral_speed_mps"":0.0,""speed_mps"":6.052755474311608,""x_m"":53.62168290169752,""y_m"":-8.284016066049723,""yaw_rate_radps"":-0.4736}"
10198,13691677668050,/odom,Odometry,1789302436608955619,,"{""lateral_speed_mps"":0.0,""speed_mps"":6.078073343498349,""x_m"":53.65799043322337,""y_m"":-8.42825603247951,""yaw_rate_radps"":-0.4736}"
10207,13691702504104,/odom,Odometry,1789302436633736119,,"{""lateral_speed_mps"":0.0,""speed_mps"":6.103404592103139,""x_m"":53.69308661992118,""y_m"":-8.57505049549977,""yaw_rate_radps"":-0.4736}"
10216,13691728072274,/odom,Odometry,1789302436658647725,,"{""lateral_speed_mps"":0.0,""speed_mps"":6.108540067850599,""x_m"":53.72669955552512,""y_m"":-8.723399951059367,""yaw_rate_radps"":-0.4736}"
10224,13691751554763,/odom,Odometry,1789302436683727697,,"{""lateral_speed_mps"":0.0,""speed_mps"":6.116492077810766,""x_m"":53.758812232630184,""y_m"":-8.873299044308878,""yaw_rate_radps"":-0.4736}"
10234,13691778042673,/odom,Odometry,1789302436708638953,,"{""lateral_speed_mps"":0.0,""speed_mps"":6.125575099974584,""x_m"":53.78899760374964,""y_m"":-9.022765003280972,""yaw_rate_radps"":-0.4736}"
10243,13691804342570,/odom,Odometry,1789302436733587127,,"{""lateral_speed_mps"":0.0,""speed_mps"":6.10934142074351,""x_m"":53.8174360827909,""y_m"":-9.172711118787676,""yaw_rate_radps"":-0.4736}"
10252,13691827284342,/odom,Odometry,1789302436758848211,,"{""lateral_speed_mps"":0.0,""speed_mps"":6.08086364324801,""x_m"":53.84433041879784,""y_m"":-9.324313445818538,""yaw_rate_radps"":-0.4736}"
10261,13691851944725,/odom,Odometry,1789302436783866136,,"{""lateral_speed_mps"":0.0,""speed_mps"":6.080534830269208,""x_m"":53.86912694723853,""y_m"":-9.474404258298181,""yaw_rate_radps"":-0.4736}"
10270,13691876143210,/odom,Odometry,1789302436808456979,,"{""lateral_speed_mps"":0.0,""speed_mps"":6.057445073100919,""x_m"":53.89173865398504,""y_m"":-9.621923708016434,""yaw_rate_radps"":-0.4736}"
10279,13691902404865,/odom,Odometry,1789302436834350802,,"{""lateral_speed_mps"":0.0,""speed_mps"":6.044703160592148,""x_m"":53.91364252148635,""y_m"":-9.777071201893301,""yaw_rate_radps"":-0.4736}"
10288,13691927539991,/odom,Odometry,1789302436859070457,,"{""lateral_speed_mps"":0.0,""speed_mps"":6.071051294262251,""x_m"":53.93277376638725,""y_m"":-9.925591657350376,""yaw_rate_radps"":-0.4736}"
10297,13691951525866,/odom,Odometry,1789302436883594474,,"{""lateral_speed_mps"":0.0,""speed_mps"":6.05477131794862,""x_m"":53.95005442778228,""y_m"":-10.073270722756117,""yaw_rate_radps"":-0.4736}"
10306,13691976955927,/odom,Odometry,1789302436909356399,,"{""lateral_speed_mps"":0.0,""speed_mps"":6.088387483401176,""x_m"":53.96639753437656,""y_m"":-10.228829644471066,""yaw_rate_radps"":-0.4736}"
10315,13692002136209,/odom,Odometry,1789302436933916304,,"{""lateral_speed_mps"":0.0,""speed_mps"":6.11072940340866,""x_m"":53.980243944818824,""y_m"":-10.377994824433133,""yaw_rate_radps"":-0.4736}"
10324,13692027233163,/odom,Odometry,1789302436958639376,,"{""lateral_speed_mps"":0.0,""speed_mps"":6.121446992876934,""x_m"":53.99244031175316,""y_m"":-10.528709055952035,""yaw_rate_radps"":-0.4736}"
10333,13692050858360,/odom,Odometry,1789302436983468867,,"{""lateral_speed_mps"":0.0,""speed_mps"":6.076689437661835,""x_m"":54.0029026860692,""y_m"":-10.67978479967646,""yaw_rate_radps"":-0.4736}"
10342,13692076831412,/odom,Odometry,1789302437009229700,,"{""lateral_speed_mps"":0.0,""speed_mps"":6.102270947729958,""x_m"":54.01187556651058,""y_m"":-10.836398391770201,""yaw_rate_radps"":-0.4736}"
10351,13692102241516,/odom,Odometry,1789302437034431752,,"{""lateral_speed_mps"":0.0,""speed_mps"":6.064593971310559,""x_m"":54.018791311483405,""y_m"":-10.989557217509088,""yaw_rate_radps"":-0.4736}"
10359,13692126960389,/odom,Odometry,1789302437058678558,,"{""lateral_speed_mps"":0.0,""speed_mps"":6.0834511618600455,""x_m"":54.023697715105676,""y_m"":-11.136750425794524,""yaw_rate_radps"":-0.4736}"
10369,13692152777959,/odom,Odometry,1789302437083637573,,"{""lateral_speed_mps"":0.0,""speed_mps"":6.131208465147703,""x_m"":54.026977208810095,""y_m"":-11.289148522169567,""yaw_rate_radps"":-0.4736}"
10377,13692178109835,/odom,Odometry,1789302437108990229,,"{""lateral_speed_mps"":0.0,""speed_mps"":6.115169714593155,""x_m"":54.028484976392214,""y_m"":-11.44438067662059,""yaw_rate_radps"":-0.4736}"
10387,13692202094308,/odom,Odometry,1789302437134000691,,"{""lateral_speed_mps"":0.0,""speed_mps"":6.1023648534094965,""x_m"":54.028150465177866,""y_m"":-11.597162702173348,""yaw_rate_radps"":-0.4736}"
10396,13692227898091,/odom,Odometry,1789302437158676273,,"{""lateral_speed_mps"":0.0,""speed_mps"":6.122617866140057,""x_m"":54.02602518288087,""y_m"":-11.74797716689239,""yaw_rate_radps"":-0.4736}"
10405,13692252259082,/odom,Odometry,1789302437183954057,,"{""lateral_speed_mps"":0.0,""speed_mps"":6.076646425134992,""x_m"":54.0220330226639,""y_m"":-11.902111080700973,""yaw_rate_radps"":-0.4736}"
10414,13692276934233,/odom,Odometry,1789302437209231211,,"{""lateral_speed_mps"":0.0,""speed_mps"":6.073640477944713,""x_m"":54.01624519810752,""y_m"":-12.055562757638043,""yaw_rate_radps"":-0.4736}"
10423,13692302391636,/odom,Odometry,1789302437233804851,,"{""lateral_speed_mps"":0.0,""speed_mps"":6.093533682624199,""x_m"":54.00883340657816,""y_m"":-12.204875782938458,""yaw_rate_radps"":-0.4736}"
10432,13692326203854,/odom,Odometry,1789302437258532912,,"{""lateral_speed_mps"":0.0,""speed_mps"":6.066981997988664,""x_m"":53.9996371371401,""y_m"":-12.354947255937214,""yaw_rate_radps"":-0.4736}"
10441,13692351879547,/odom,Odometry,1789302437284187515,,"{""lateral_speed_mps"":0.0,""speed_mps"":6.073801465411132,""x_m"":53.988276965771924,""y_m"":-12.510265556343686,""yaw_rate_radps"":-0.4736}"
10450,13692377150218,/odom,Odometry,1789302437308601886,,"{""lateral_speed_mps"":0.0,""speed_mps"":6.101493696847341,""x_m"":53.97564043933843,""y_m"":-12.658353047341079,""yaw_rate_radps"":-0.4736}"
10458,13692401992634,/odom,Odometry,1789302437334318426,,"{""lateral_speed_mps"":0.0,""speed_mps"":6.06457387067176,""x_m"":53.960498181926724,""y_m"":-12.814053068064437,""yaw_rate_radps"":-0.4736}"
10468,13692427495973,/odom,Odometry,1789302437358739259,,"{""lateral_speed_mps"":0.0,""speed_mps"":6.126400188373806,""x_m"":53.94433965357084,""y_m"":-12.962031210402376,""yaw_rate_radps"":-0.4736}"
10477,13692452562099,/odom,Odometry,1789302437383592245,,"{""lateral_speed_mps"":0.0,""speed_mps"":6.133645877470009,""x_m"":53.92599721193106,""y_m"":-13.113272398323476,""yaw_rate_radps"":-0.4736}"
10485,13692476914294,/odom,Odometry,1789302437408883615,,"{""lateral_speed_mps"":0.0,""speed_mps"":6.081067119845116,""x_m"":53.9055713171344,""y_m"":-13.266379766675147,""yaw_rate_radps"":-0.4736}"
10495,13692502263633,/odom,Odometry,1789302437433890279,,"{""lateral_speed_mps"":0.0,""speed_mps"":6.0760503834715465,""x_m"":53.883690074225136,""y_m"":-13.416800275036032,""yaw_rate_radps"":-0.4736}"
10504,13692527065492,/odom,Odometry,1789302437458481603,,"{""lateral_speed_mps"":0.0,""speed_mps"":6.079641863929436,""x_m"":53.860472046938845,""y_m"":-13.564448908065183,""yaw_rate_radps"":-0.4736}"
10513,13692554372503,/odom,Odometry,1789302437483787561,,"{""lateral_speed_mps"":0.0,""speed_mps"":6.076684582293522,""x_m"":53.83478307940676,""y_m"":-13.716100983131907,""yaw_rate_radps"":-0.4736}"
10522,13692577939129,/odom,Odometry,1789302437508761734,,"{""lateral_speed_mps"":0.0,""speed_mps"":6.07969449558844,""x_m"":53.8076122674353,""y_m"":-13.865448315099396,""yaw_rate_radps"":-0.4736}"
10531,13692602753943,/odom,Odometry,1789302437534121092,,"{""lateral_speed_mps"":0.0,""speed_mps"":6.074868830996131,""x_m"":53.77823144736711,""y_m"":-14.01673797423193,""yaw_rate_radps"":-0.4736}"
10540,13692627743055,/odom,Odometry,1789302437559241441,,"{""lateral_speed_mps"":0.0,""speed_mps"":6.099076889899202,""x_m"":53.74730634170854,""y_m"":-14.16648437255662,""yaw_rate_radps"":-0.4736}"
10549,13692653051648,/odom,Odometry,1789302437584479942,,"{""lateral_speed_mps"":0.0,""speed_mps"":6.055052608937498,""x_m"":53.714503149782615,""y_m"":-14.316311518189401,""yaw_rate_radps"":-0.4736}"
10557,13692678041110,/odom,Odometry,1789302437609407598,,"{""lateral_speed_mps"":0.0,""speed_mps"":6.050380323009182,""x_m"":53.680500712454105,""y_m"":-14.46330997414598,""yaw_rate_radps"":-0.4736}"
10566,13692702167550,/odom,Odometry,1789302437634385559,,"{""lateral_speed_mps"":0.0,""speed_mps"":6.06945499496017,""x_m"":53.64465718083219,""y_m"":-14.61037045667257,""yaw_rate_radps"":-0.4736}"
10575,13692726499796,/odom,Odometry,1789302437658547144,,"{""lateral_speed_mps"":0.0,""speed_mps"":6.068503570113264,""x_m"":53.60826691984779,""y_m"":-14.752419385333358,""yaw_rate_radps"":-0.4736}"
10584,13692752153768,/odom,Odometry,1789302437684325470,,"{""lateral_speed_mps"":0.0,""speed_mps"":6.08258225323824,""x_m"":53.56759309679682,""y_m"":-14.903661282619172,""yaw_rate_radps"":-0.4736}"
10593,13692777127952,/odom,Odometry,1789302437708668507,,"{""lateral_speed_mps"":0.0,""speed_mps"":6.121804632203591,""x_m"":53.52729502978292,""y_m"":-15.046636505097556,""yaw_rate_radps"":-0.4736}"
10603,13692801875940,/odom,Odometry,1789302437734249021,,"{""lateral_speed_mps"":0.0,""speed_mps"":6.100065204120089,""x_m"":53.48311528773489,""y_m"":-15.196585196371712,""yaw_rate_radps"":-0.4736}"
10612,13692826898264,/odom,Odometry,1789302437759324485,,"{""lateral_speed_mps"":0.0,""speed_mps"":6.1012229171065036,""x_m"":53.43813592243763,""y_m"":-15.342799447907668,""yaw_rate_radps"":-0.4736}"
10621,13692851825269,/odom,Odometry,1789302437784230771,,"{""lateral_speed_mps"":0.0,""speed_mps"":6.10319982050546,""x_m"":53.391731793540245,""y_m"":-15.487524638059588,""yaw_rate_radps"":-0.4736}"
10630,13692876751733,/odom,Odometry,1789302437809184306,,"{""lateral_speed_mps"":0.0,""speed_mps"":6.063999996208152,""x_m"":53.34366879403267,""y_m"":-15.631523035423841,""yaw_rate_radps"":-0.4736}"
10639,13692901903290,/odom,Odometry,1789302437834173147,,"{""lateral_speed_mps"":0.0,""speed_mps"":6.064002113451397,""x_m"":53.2939939852074,""y_m"":-15.774682242023475,""yaw_rate_radps"":-0.4736}"
10648,13692928166198,/odom,Odometry,1789302437859281974,,"{""lateral_speed_mps"":0.0,""speed_mps"":6.083811750527934,""x_m"":53.24230569469723,""y_m"":-15.918164624082852,""yaw_rate_radps"":-0.4736}"
10657,13692951692789,/odom,Odometry,1789302437883649457,,"{""lateral_speed_mps"":0.0,""speed_mps"":6.07468822056572,""x_m"":53.190482975583095,""y_m"":-16.056940863698756,""yaw_rate_radps"":-0.4736}"
10666,13692976972026,/odom,Odometry,1789302437909036907,,"{""lateral_speed_mps"":0.0,""speed_mps"":6.094829551634014,""x_m"":53.13472843168954,""y_m"":-16.201003757703898,""yaw_rate_radps"":-0.4736}"
10674,13693007657470,/odom,Odometry,1789302437933943814,,"{""lateral_speed_mps"":0.0,""speed_mps"":6.099803918110716,""x_m"":53.07820823947468,""y_m"":-16.341960904928104,""yaw_rate_radps"":-0.4736}"
10684,13693027426135,/odom,Odometry,1789302437958569683,,"{""lateral_speed_mps"":0.0,""speed_mps"":6.1156805216872,""x_m"":53.0205820840405,""y_m"":-16.480891694015003,""yaw_rate_radps"":-0.4736}"
10693,13693051936206,/odom,Odometry,1789302437983850243,,"{""lateral_speed_mps"":0.0,""speed_mps"":6.13413734207364,""x_m"":52.95956411932335,""y_m"":-16.623202701204672,""yaw_rate_radps"":-0.4736}"
10701,13693077513594,/odom,Odometry,1789302438008995579,,"{""lateral_speed_mps"":0.0,""speed_mps"":6.122083674597674,""x_m"":52.8971672450579,""y_m"":-16.7640990213628,""yaw_rate_radps"":-0.4736}"
10711,13693102285096,/odom,Odometry,1789302438033880995,,"{""lateral_speed_mps"":0.0,""speed_mps"":6.099784992061068,""x_m"":52.833950759013504,""y_m"":-16.902409963741604,""yaw_rate_radps"":-0.4736}"
10719,13693127453275,/odom,Odometry,1789302438058826745,,"{""lateral_speed_mps"":0.0,""speed_mps"":6.076523789958071,""x_m"":52.76918586552469,""y_m"":-17.039781962587877,""yaw_rate_radps"":-0.4736}"
10729,13693152528188,/odom,Odometry,1789302438084043636,,"{""lateral_speed_mps"":0.0,""speed_mps"":6.076568583711962,""x_m"":52.70220386325547,""y_m"":-17.177597779068854,""yaw_rate_radps"":-0.4736}"
10738,13693179753595,/odom,Odometry,1789302438108773089,,"{""lateral_speed_mps"":0.0,""speed_mps"":6.089884746660956,""x_m"":52.63484911015431,""y_m"":-17.312111923115776,""yaw_rate_radps"":-0.4736}"
10746,13693202439706,/odom,Odometry,1789302438134069238,,"{""lateral_speed_mps"":0.0,""speed_mps"":6.079295567947909,""x_m"":52.56430548259827,""y_m"":-17.448911277990494,""yaw_rate_radps"":-0.4736}"
10756,13693227054684,/odom,Odometry,1789302438158713852,,"{""lateral_speed_mps"":0.0,""speed_mps"":6.094629339532454,""x_m"":52.49397100048414,""y_m"":-17.58141150981768,""yaw_rate_radps"":-0.4736}"
10765,13693252518368,/odom,Odometry,1789302438183941442,,"{""lateral_speed_mps"":0.0,""speed_mps"":6.085037586497083,""x_m"":52.42033420024527,""y_m"":-17.716245768352213,""yaw_rate_radps"":-0.4736}"
10774,13693276982873,/odom,Odometry,1789302438208676667,,"{""lateral_speed_mps"":0.0,""speed_mps"":6.103781284907743,""x_m"":52.346520234774054,""y_m"":-17.847684001750526,""yaw_rate_radps"":-0.4736}"
10783,13693301930046,/odom,Odometry,1789302438233561402,,"{""lateral_speed_mps"":0.0,""speed_mps"":6.057929439220764,""x_m"":52.27089791091065,""y_m"":-17.97875301822184,""yaw_rate_radps"":-0.4736}"
10792,13693327211758,/odom,Odometry,1789302438259109926,,"{""lateral_speed_mps"":0.0,""speed_mps"":6.064071757478448,""x_m"":52.19193174166216,""y_m"":-18.111954463391555,""yaw_rate_radps"":-0.4736}"
10800,13693351849950,/odom,Odometry,1789302438283705517,,"{""lateral_speed_mps"":0.0,""speed_mps"":6.084774588081009,""x_m"":52.11420165572825,""y_m"":-18.239547030308437,""yaw_rate_radps"":-0.4736}"
10810,13693377306240,/odom,Odometry,1789302438309434430,,"{""lateral_speed_mps"":0.0,""speed_mps"":6.048634633541322,""x_m"":52.031423815531504,""y_m"":-18.371877789251023,""yaw_rate_radps"":-0.4736}"
10818,13693402398376,/odom,Odometry,1789302438333648324,,"{""lateral_speed_mps"":0.0,""speed_mps"":6.130014019760397,""x_m"":51.951750903905435,""y_m"":-18.49594578627722,""yaw_rate_radps"":-0.4736}"
10828,13693426956908,/odom,Odometry,1789302438358982986,,"{""lateral_speed_mps"":0.0,""speed_mps"":6.118922023792369,""x_m"":51.86636114110037,""y_m"":-18.625496940859332,""yaw_rate_radps"":-0.4736}"
10837,13693452190289,/odom,Odometry,1789302438383455196,,"{""lateral_speed_mps"":0.0,""speed_mps"":6.078512743676638,""x_m"":51.78278084126801,""y_m"":-18.74914836054523,""yaw_rate_radps"":-0.4736}"
10845,13693477568723,/odom,Odometry,1789302438408597856,,"{""lateral_speed_mps"":0.0,""speed_mps"":6.092039832364538,""x_m"":51.69560616606069,""y_m"":-18.874884608438936,""yaw_rate_radps"":-0.4736}"
10855,13693502615583,/odom,Odometry,1789302438433602166,,"{""lateral_speed_mps"":0.0,""speed_mps"":6.124082154295917,""x_m"":51.60708281808261,""y_m"":-18.99933986890143,""yaw_rate_radps"":-0.4736}"
10864,13693528347382,/odom,Odometry,1789302438458697939,,"{""lateral_speed_mps"":0.0,""speed_mps"":6.09235369953296,""x_m"":51.51675997558606,""y_m"":-19.123194858308672,""yaw_rate_radps"":-0.4736}"
10872,13693551938414,/odom,Odometry,1789302438484302347,,"{""lateral_speed_mps"":0.0,""speed_mps"":6.097189006109937,""x_m"":51.42331804556563,""y_m"":-19.248180048017968,""yaw_rate_radps"":-0.4736}"
10881,13693576648922,/odom,Odometry,1789302438509286800,,"{""lateral_speed_mps"":0.0,""speed_mps"":6.054218775065745,""x_m"":51.33098914192289,""y_m"":-19.36867202326625,""yaw_rate_radps"":-0.4736}"
10891,13693602421056,/odom,Odometry,1789302438534166677,,"{""lateral_speed_mps"":0.0,""speed_mps"":6.053901966250124,""x_m"":51.237959083403716,""y_m"":-19.487131920989423,""yaw_rate_radps"":-0.4736}"
10899,13693627028510,/odom,Odometry,1789302438559166549,,"{""lateral_speed_mps"":0.0,""speed_mps"":6.058774104119783,""x_m"":51.14303924583521,""y_m"":-19.605091579704542,""yaw_rate_radps"":-0.4736}"
10909,13693652397526,/odom,Odometry,1789302438584428624,,"{""lateral_speed_mps"":0.0,""speed_mps"":6.077129473727444,""x_m"":51.045536617548144,""y_m"":-19.723372629014932,""yaw_rate_radps"":-0.4736}"
10918,13693676659761,/odom,Odometry,1789302438609075432,,"{""lateral_speed_mps"":0.0,""speed_mps"":6.096179586436507,""x_m"":50.94874511783459,""y_m"":-19.837988219169215,""yaw_rate_radps"":-0.4736}"
10927,13693703656689,/odom,Odometry,1789302438634544236,,"{""lateral_speed_mps"":0.0,""speed_mps"":6.122272923990791,""x_m"":50.84692816808242,""y_m"":-19.955642816201333,""yaw_rate_radps"":-0.4736}"
10936,13693727851677,/odom,Odometry,1789302438659123006,,"{""lateral_speed_mps"":0.0,""speed_mps"":6.095945164812028,""x_m"":50.74733811040224,""y_m"":-20.06801822713695,""yaw_rate_radps"":-0.4736}"
10945,13693752319308,/odom,Odometry,1789302438684200353,,"{""lateral_speed_mps"":0.0,""speed_mps"":6.088771939494938,""x_m"":50.6446824057374,""y_m"":-20.18117311637784,""yaw_rate_radps"":-0.4736}"
10954,13693777145183,/odom,Odometry,1789302438708786868,,"{""lateral_speed_mps"":0.0,""speed_mps"":6.115606835944719,""x_m"":50.542567955339734,""y_m"":-20.29109114208284,""yaw_rate_radps"":-0.4736}"
10963,13693800810295,/odom,Odometry,1789302438733551027,,"{""lateral_speed_mps"":0.0,""speed_mps"":6.073196240021282,""x_m"":50.43857667221837,""y_m"":-20.400470030971533,""yaw_rate_radps"":-0.4736}"
10971,13693826983694,/odom,Odometry,1789302438758786131,,"{""lateral_speed_mps"":0.0,""speed_mps"":6.076542987428917,""x_m"":50.33164190203734,""y_m"":-20.510313213964817,""yaw_rate_radps"":-0.4736}"
10981,13693851792707,/odom,Odometry,1789302438783605684,,"{""lateral_speed_mps"":0.0,""speed_mps"":6.107999086756712,""x_m"":50.22486072407059,""y_m"":-20.61737198637327,""yaw_rate_radps"":-0.4736}"
10990,13693876872619,/odom,Odometry,1789302438808629311,,"{""lateral_speed_mps"":0.0,""speed_mps"":6.114961641346313,""x_m"":50.115578485760544,""y_m"":-20.72435373994678,""yaw_rate_radps"":-0.4736}"
10999,13693903482679,/odom,Odometry,1789302438833723189,,"{""lateral_speed_mps"":0.0,""speed_mps"":6.083180301179262,""x_m"":50.004977250226446,""y_m"":-20.83014483642105,""yaw_rate_radps"":-0.4736}"
11008,13693927216190,/odom,Odometry,1789302438858757406,,"{""lateral_speed_mps"":0.0,""speed_mps"":6.120243644208357,""x_m"":49.89334597890343,""y_m"":-20.934411097341417,""yaw_rate_radps"":-0.4736}"
11017,13693950657441,/odom,Odometry,1789302438883541713,,"{""lateral_speed_mps"":0.0,""speed_mps"":6.0619338285991216,""x_m"":49.78179955675411,""y_m"":-21.03613318831837,""yaw_rate_radps"":-0.4736}"
11026,13693977189374,/odom,Odometry,1789302438909245599,,"{""lateral_speed_mps"":0.0,""speed_mps"":6.053139764200088,""x_m"":49.665519932064306,""y_m"":-21.139681604932026,""yaw_rate_radps"":-0.4736}"
11035,13694001263275,/odom,Odometry,1789302438933540986,,"{""lateral_speed_mps"":0.0,""speed_mps"":6.04604486822312,""x_m"":49.55460919756366,""y_m"":-21.236123302603286,""yaw_rate_radps"":-0.4736}"
11044,13694025715467,/odom,Odometry,1789302438958453103,,"{""lateral_speed_mps"":0.0,""speed_mps"":6.093913483629922,""x_m"":49.43936271652224,""y_m"":-21.33402396794806,""yaw_rate_radps"":-0.4736}"
11053,13694052125801,/odom,Odometry,1789302438984012387,,"{""lateral_speed_mps"":0.0,""speed_mps"":6.117089752040769,""x_m"":49.31921622029518,""y_m"":-21.433607797732225,""yaw_rate_radps"":-0.4736}"
11061,13694076617267,/odom,Odometry,1789302439009101116,,"{""lateral_speed_mps"":0.0,""speed_mps"":6.111287115529973,""x_m"":49.199936657624306,""y_m"":-21.530060900095958,""yaw_rate_radps"":-0.4736}"
11071,13694102262993,/odom,Odometry,1789302439034306564,,"{""lateral_speed_mps"":0.0,""speed_mps"":6.104204488628113,""x_m"":49.07909176391873,""y_m"":-21.62543884090781,""yaw_rate_radps"":-0.4736}"
11079,13694127187083,/odom,Odometry,1789302439058636657,,"{""lateral_speed_mps"":0.0,""speed_mps"":6.132341689335038,""x_m"":48.96115671304004,""y_m"":-21.71626682869426,""yaw_rate_radps"":-0.4736}"
11089,13694152116162,/odom,Odometry,1789302439083756775,,"{""lateral_speed_mps"":0.0,""speed_mps"":6.123578176271636,""x_m"":48.83808982548242,""y_m"":-21.8087374388913,""yaw_rate_radps"":-0.4736}"
11098,13694176965060,/odom,Odometry,1789302439108890889,,"{""lateral_speed_mps"":0.0,""speed_mps"":6.098371599387242,""x_m"":48.71421354581722,""y_m"":-21.899543353692128,""yaw_rate_radps"":-0.4736}"
11107,13694201668324,/odom,Odometry,1789302439133667872,,"{""lateral_speed_mps"":0.0,""speed_mps"":6.107768381881229,""x_m"":48.59121597459934,""y_m"":-21.987507472503356,""yaw_rate_radps"":-0.4736}"
11116,13694227322025,/odom,Odometry,1789302439159063648,,"{""lateral_speed_mps"":0.0,""speed_mps"":6.069967337402804,""x_m"":48.46437890325592,""y_m"":-22.075955163664943,""yaw_rate_radps"":-0.4736}"
11124,13694251897570,/odom,Odometry,1789302439183720696,,"{""lateral_speed_mps"":0.0,""speed_mps"":6.082803761316599,""x_m"":48.340475743724596,""y_m"":-22.16019365414118,""yaw_rate_radps"":-0.4736}"
11134,13694276244985,/odom,Odometry,1789302439208524008,,"{""lateral_speed_mps"":0.0,""speed_mps"":6.056240449343622,""x_m"":48.21501229681893,""y_m"":-22.243396152478063,""yaw_rate_radps"":-0.4736}"
11143,13694302392515,/odom,Odometry,1789302439233522638,,"{""lateral_speed_mps"":0.0,""speed_mps"":6.09954778221435,""x_m"":48.087394800589465,""y_m"":-22.325854061191347,""yaw_rate_radps"":-0.4736}"
11152,13694327327174,/odom,Odometry,1789302439258745860,,"{""lateral_speed_mps"":0.0,""speed_mps"":6.087498707835355,""x_m"":47.95730289026673,""y_m"":-22.40770071418924,""yaw_rate_radps"":-0.4736}"
11160,13694352341603,/odom,Odometry,1789302439283844978,,"{""lateral_speed_mps"":0.0,""speed_mps"":6.082266367969774,""x_m"":47.82708324328595,""y_m"":-22.487498451851952,""yaw_rate_radps"":-0.4736}"
11169,13694376575234,/odom,Odometry,1789302439308781772,,"{""lateral_speed_mps"":0.0,""speed_mps"":6.126394202703419,""x_m"":47.69634721754276,""y_m"":-22.565472695300585,""yaw_rate_radps"":-0.4736}"
11179,13694401110463,/odom,Odometry,1789302439333447706,,"{""lateral_speed_mps"":0.0,""speed_mps"":6.0971462543271535,""x_m"":47.56598247125485,""y_m"":-22.64117717691501,""yaw_rate_radps"":-0.4736}"
11187,13694427173484,/odom,Odometry,1789302439358448029,,"{""lateral_speed_mps"":0.0,""speed_mps"":6.05147315416069,""x_m"":47.433785073061784,""y_m"":-22.715914567496586,""yaw_rate_radps"":-0.4736}"
11197,13694453140224,/odom,Odometry,1789302439383678234,,"{""lateral_speed_mps"":0.0,""speed_mps"":6.085512596575018,""x_m"":47.2996028404764,""y_m"":-22.78965414820538,""yaw_rate_radps"":-0.4736}"
11206,13694477220507,/odom,Odometry,1789302439408944807,,"{""lateral_speed_mps"":0.0,""speed_mps"":6.0791994596943075,""x_m"":47.164032669449576,""y_m"":-22.86203163113606,""yaw_rate_radps"":-0.4736}"
11215,13694501130730,/odom,Odometry,1789302439433447264,,"{""lateral_speed_mps"":0.0,""speed_mps"":6.059295380439319,""x_m"":47.03204358692832,""y_m"":-22.930541924721442,""yaw_rate_radps"":-0.4736}"
11223,13694527229398,/odom,Odometry,1789302439459420356,,"{""lateral_speed_mps"":0.0,""speed_mps"":6.085573954790643,""x_m"":46.891214562394865,""y_m"":-23.001554135743913,""yaw_rate_radps"":-0.4736}"
11233,13694553259868,/odom,Odometry,1789302439484446357,,"{""lateral_speed_mps"":0.0,""speed_mps"":6.1040776331756526,""x_m"":46.753958552306074,""y_m"":-23.06808286259151,""yaw_rate_radps"":-0.9259}"
11242,13694577036660,/odom,Odometry,1789302439509319370,,"{""lateral_speed_mps"":0.0,""speed_mps"":6.067418052989947,""x_m"":46.616398160054054,""y_m"":-23.131251629195972,""yaw_rate_radps"":-0.9497}"
11251,13694601952213,/odom,Odometry,1789302439534255162,,"{""lateral_speed_mps"":0.0,""speed_mps"":6.101383446041832,""x_m"":46.4770939273109,""y_m"":-23.191359563624566,""yaw_rate_radps"":-0.9488}"
11260,13694628325518,/odom,Odometry,1789302439559011155,,"{""lateral_speed_mps"":0.0,""speed_mps"":6.111059952834162,""x_m"":46.33691357833798,""y_m"":-23.247931926218367,""yaw_rate_radps"":-0.9481}"
11269,13694652624833,/odom,Odometry,1789302439583581059,,"{""lateral_speed_mps"":0.0,""speed_mps"":6.131130379074433,""x_m"":46.196151872359366,""y_m"":-23.300892942395034,""yaw_rate_radps"":-0.9475}"
11277,13694678145945,/odom,Odometry,1789302439609275797,,"{""lateral_speed_mps"":0.0,""speed_mps"":6.048642429956501,""x_m"":46.04843202125357,""y_m"":-23.352511051257785,""yaw_rate_radps"":-0.947}"
11287,13694703046961,/odom,Odometry,1789302439633641857,,"{""lateral_speed_mps"":0.0,""speed_mps"":6.122227983035083,""x_m"":45.90732868033458,""y_m"":-23.39807837547518,""yaw_rate_radps"":-0.9466}"
11296,13694727114159,/odom,Odometry,1789302439659232971,,"{""lateral_speed_mps"":0.0,""speed_mps"":6.075515991128425,""x_m"":45.75770906826304,""y_m"":-23.44250320366557,""yaw_rate_radps"":-0.9463}"
11305,13694752241451,/odom,Odometry,1789302439683818985,,"{""lateral_speed_mps"":0.0,""speed_mps"":6.074832670735022,""x_m"":45.6135562151647,""y_m"":-23.48161281300108,""yaw_rate_radps"":-0.946}"
11313,13694777533973,/odom,Odometry,1789302439708925487,,"{""lateral_speed_mps"":0.0,""speed_mps"":6.071645053819445,""x_m"":45.46549433420907,""y_m"":-23.518041107815705,""yaw_rate_radps"":-0.9457}"
11323,13694802571385,/odom,Odometry,1789302439734181962,,"{""lateral_speed_mps"":0.0,""speed_mps"":6.05574286676285,""x_m"":45.315958352409105,""y_m"":-23.55110180422656,""yaw_rate_radps"":-0.9455}"
11332,13694827407680,/odom,Odometry,1789302439759303042,,"{""lateral_speed_mps"":0.0,""speed_mps"":6.083866007294406,""x_m"":45.16633493904322,""y_m"":-23.580490293765806,""yaw_rate_radps"":-0.9454}"
11340,13694853402793,/odom,Odometry,1789302439784426587,,"{""lateral_speed_mps"":0.0,""speed_mps"":6.11182597238673,""x_m"":45.01534140753843,""y_m"":-23.606388033542594,""yaw_rate_radps"":-0.9452}"
11349,13694877296385,/odom,Odometry,1789302439808763371,,"{""lateral_speed_mps"":0.0,""speed_mps"":6.091074596053095,""x_m"":44.868434174571355,""y_m"":-23.628009902728706,""yaw_rate_radps"":-0.9451}"
11358,13694902876358,/odom,Odometry,1789302439833709502,,"{""lateral_speed_mps"":0.0,""speed_mps"":6.09958178823098,""x_m"":44.71752541543625,""y_m"":-23.64664795758617,""yaw_rate_radps"":-0.945}"
11368,13694928029418,/odom,Odometry,1789302439858980975,,"{""lateral_speed_mps"":0.0,""speed_mps"":6.098630500863894,""x_m"":44.56415344406697,""y_m"":-23.66193148685078,""yaw_rate_radps"":-0.9448}"
11376,13694952360302,/odom,Odometry,1789302439884327549,,"{""lateral_speed_mps"":0.0,""speed_mps"":6.088097003403465,""x_m"":44.41014787401968,""y_m"":-23.673600311967707,""yaw_rate_radps"":-0.9448}"
11386,13694978329176,/odom,Odometry,1789302439908619600,,"{""lateral_speed_mps"":0.0,""speed_mps"":6.079646043465981,""x_m"":44.26255780234771,""y_m"":-23.681272699491583,""yaw_rate_radps"":-0.9447}"
11395,13695002499758,/odom,Odometry,1789302439933874121,,"{""lateral_speed_mps"":0.0,""speed_mps"":6.079556895839134,""x_m"":44.10908102297774,""y_m"":-23.68563181999056,""yaw_rate_radps"":-0.9446}"
11404,13695027276100,/odom,Odometry,1789302439958772041,,"{""lateral_speed_mps"":0.0,""speed_mps"":6.086239991639862,""x_m"":43.95763182909085,""y_m"":-23.686344941557696,""yaw_rate_radps"":-0.9446}"
11413,13695051957122,/odom,Odometry,1789302439983801649,,"{""lateral_speed_mps"":0.0,""speed_mps"":6.098028001158831,""x_m"":43.805176703680424,""y_m"":-23.68345121147552,""yaw_rate_radps"":-0.9445}"
11422,13695076915887,/odom,Odometry,1789302440009189250,,"{""lateral_speed_mps"":0.0,""speed_mps"":6.05391963049894,""x_m"":43.651060313827195,""y_m"":-23.676870148931453,""yaw_rate_radps"":-0.9445}"
11431,13695101682050,/odom,Odometry,1789302440034291144,,"{""lateral_speed_mps"":0.0,""speed_mps"":6.0628632004721155,""x_m"":43.49931957221355,""y_m"":-23.666782367946766,""yaw_rate_radps"":-0.9444}"
11440,13695127615698,/odom,Odometry,1789302440059297819,,"{""lateral_speed_mps"":0.0,""speed_mps"":6.056590255687379,""x_m"":43.34839952573106,""y_m"":-23.653169314536452,""yaw_rate_radps"":-0.9444}"
11449,13695151801829,/odom,Odometry,1789302440084145384,,"{""lateral_speed_mps"":0.0,""speed_mps"":6.067271266894396,""x_m"":43.198744144562816,""y_m"":-23.636103194178556,""yaw_rate_radps"":-0.9443}"
11458,13695177938158,/odom,Odometry,1789302440109479906,,"{""lateral_speed_mps"":0.0,""speed_mps"":6.132004425630087,""x_m"":43.04567488843767,""y_m"":-23.614892348861442,""yaw_rate_radps"":-0.9443}"
11467,13695202884480,/odom,Odometry,1789302440133646060,,"{""lateral_speed_mps"":0.0,""speed_mps"":6.115636732450493,""x_m"":42.89960775319055,""y_m"":-23.59112035186703,""yaw_rate_radps"":-0.9443}"
11476,13695226747173,/odom,Odometry,1789302440159383679,,"{""lateral_speed_mps"":0.0,""speed_mps"":6.083765439341805,""x_m"":42.74528003040351,""y_m"":-23.562324659658465,""yaw_rate_radps"":-0.9443}"
11485,13695252152538,/odom,Odometry,1789302440183689055,,"{""lateral_speed_mps"":0.0,""speed_mps"":6.1188484864341,""x_m"":42.60018691583239,""y_m"":-23.531678191710014,""yaw_rate_radps"":-0.9443}"
11494,13695276951482,/odom,Odometry,1789302440209078960,,"{""lateral_speed_mps"":0.0,""speed_mps"":6.092511951326879,""x_m"":42.44931200081323,""y_m"":-23.496051804416176,""yaw_rate_radps"":-0.9442}"
11503,13695301230829,/odom,Odometry,1789302440233478093,,"{""lateral_speed_mps"":0.0,""speed_mps"":6.039453077480242,""x_m"":42.306098984437426,""y_m"":-23.458698569162415,""yaw_rate_radps"":-0.9442}"
11512,13695326381765,/odom,Odometry,1789302440258456444,,"{""lateral_speed_mps"":0.0,""speed_mps"":6.049120746619744,""x_m"":42.16093262957443,""y_m"":-23.41722289433471,""yaw_rate_radps"":-0.9442}"
11521,13695351744830,/odom,Odometry,1789302440283703712,,"{""lateral_speed_mps"":0.0,""speed_mps"":6.088101745794283,""x_m"":42.01466740922549,""y_m"":-23.371597147281328,""yaw_rate_radps"":-0.9442}"
11529,13695377747107,/odom,Odometry,1789302440309250021,,"{""lateral_speed_mps"":0.0,""speed_mps"":6.077755309240921,""x_m"":41.86747997469167,""y_m"":-23.321758429600834,""yaw_rate_radps"":-0.9442}"
11539,13695402441885,/odom,Odometry,1789302440334105381,,"{""lateral_speed_mps"":0.0,""speed_mps"":6.111773658740951,""x_m"":41.72518556572234,""y_m"":-23.26978909373808,""yaw_rate_radps"":-0.9442}"
11547,13695427185515,/odom,Odometry,1789302440358659836,,"{""lateral_speed_mps"":0.0,""speed_mps"":6.1373298284894755,""x_m"":41.58518310460523,""y_m"":-23.21487976321134,""yaw_rate_radps"":-0.9442}"
11557,13695452011821,/odom,Odometry,1789302440384436378,,"{""lateral_speed_mps"":0.0,""speed_mps"":6.044133150116326,""x_m"":41.44042031737209,""y_m"":-23.154115758104638,""yaw_rate_radps"":-0.9442}"
11566,13695476764007,/odom,Odometry,1789302440409374203,,"{""lateral_speed_mps"":0.0,""speed_mps"":6.081732749991617,""x_m"":41.30243454642174,""y_m"":-23.09231034973605,""yaw_rate_radps"":-0.9442}"
11575,13695501854750,/odom,Odometry,1789302440434300176,,"{""lateral_speed_mps"":0.0,""speed_mps"":6.077449095631341,""x_m"":41.16563631902079,""y_m"":-23.027114614335826,""yaw_rate_radps"":-0.9442}"
11584,13695526669353,/odom,Odometry,1789302440459326388,,"{""lateral_speed_mps"":0.0,""speed_mps"":6.048680037578904,""x_m"":41.0302373285983,""y_m"":-22.958623822501725,""yaw_rate_radps"":-0.9442}"
11593,13695551817945,/odom,Odometry,1789302440484275785,,"{""lateral_speed_mps"":0.0,""speed_mps"":6.059428565274505,""x_m"":40.8971061547063,""y_m"":-22.88727588090344,""yaw_rate_radps"":-0.9441}"
11601,13695578277742,/odom,Odometry,1789302440509058599,,"{""lateral_speed_mps"":0.0,""speed_mps"":6.107516917005721,""x_m"":40.76594709971557,""y_m"":-22.81292730380739,""yaw_rate_radps"":-0.9442}"
11611,13695601362824,/odom,Odometry,1789302440533459454,,"{""lateral_speed_mps"":0.0,""speed_mps"":6.0844541242796115,""x_m"":40.63827989350108,""y_m"":-22.736592496622706,""yaw_rate_radps"":-0.9441}"
11620,13695627652822,/odom,Odometry,1789302440559334121,,"{""lateral_speed_mps"":0.0,""speed_mps"":6.088808190690917,""x_m"":40.505057071656296,""y_m"":-22.652601192120176,""yaw_rate_radps"":-0.9441}"
11629,13695651146411,/odom,Odometry,1789302440583627344,,"{""lateral_speed_mps"":0.0,""speed_mps"":6.073674313414488,""x_m"":40.38197968630347,""y_m"":-22.57088881780852,""yaw_rate_radps"":-0.9441}"
11637,13695677151954,/odom,Odometry,1789302440608646182,,"{""lateral_speed_mps"":0.0,""speed_mps"":6.118962296130546,""x_m"":40.25694252536333,""y_m"":-22.483546723459487,""yaw_rate_radps"":-0.9441}"
11647,13695703858756,/odom,Odometry,1789302440633688053,,"{""lateral_speed_mps"":0.0,""speed_mps"":6.135796915801485,""x_m"":40.133314162147144,""y_m"":-22.39265924713716,""yaw_rate_radps"":-0.9441}"
11656,13695727760032,/odom,Odometry,1789302440658948956,,"{""lateral_speed_mps"":0.0,""speed_mps"":6.1144664756524705,""x_m"":40.0108615467337,""y_m"":-22.298080216310286,""yaw_rate_radps"":-0.9441}"
11665,13695752957225,/odom,Odometry,1789302440684102046,,"{""lateral_speed_mps"":0.0,""speed_mps"":6.121893540956465,""x_m"":39.89131721473998,""y_m"":-22.20116677931243,""yaw_rate_radps"":-0.9441}"
11673,13695777226834,/odom,Odometry,1789302440708908454,,"{""lateral_speed_mps"":0.0,""speed_mps"":6.075338459963487,""x_m"":39.77608479809817,""y_m"":-22.103144860123763,""yaw_rate_radps"":-0.9441}"
11682,13695801723159,/odom,Odometry,1789302440733609654,,"{""lateral_speed_mps"":0.0,""speed_mps"":6.043287859839228,""x_m"":39.66436024819633,""y_m"":-22.00354712537219,""yaw_rate_radps"":-0.9441}"
11692,13695827615920,/odom,Odometry,1789302440759275950,,"{""lateral_speed_mps"":0.0,""speed_mps"":6.069988320382154,""x_m"":39.55079923074366,""y_m"":-21.89739185106618,""yaw_rate_radps"":-0.9441}"
11701,13695852327580,/odom,Odometry,1789302440784078130,,"{""lateral_speed_mps"":0.0,""speed_mps"":6.08276473347502,""x_m"":39.443222091145785,""y_m"":-21.791848072188944,""yaw_rate_radps"":-0.9441}"
11709,13695876380752,/odom,Odometry,1789302440808545851,,"{""lateral_speed_mps"":0.0,""speed_mps"":6.0676336143120055,""x_m"":39.339554187310696,""y_m"":-21.685318001619653,""yaw_rate_radps"":-0.9441}"
11719,13695904048601,/odom,Odometry,1789302440834366537,,"{""lateral_speed_mps"":0.0,""speed_mps"":6.103637281324528,""x_m"":39.23265150974337,""y_m"":-21.570151154911134,""yaw_rate_radps"":-0.9441}"
11727,13695928363084,/odom,Odometry,1789302440858768504,,"{""lateral_speed_mps"":0.0,""speed_mps"":6.1299372842136925,""x_m"":39.133774890560304,""y_m"":-21.4583373132246,""yaw_rate_radps"":-0.9441}"
11736,13695952563623,/odom,Odometry,1789302440884228452,,"{""lateral_speed_mps"":0.0,""speed_mps"":6.080140146530455,""x_m"":39.03359966578382,""y_m"":-21.33948971908777,""yaw_rate_radps"":-0.9441}"
11746,13695978187508,/odom,Odometry,1789302440909271134,,"{""lateral_speed_mps"":0.0,""speed_mps"":6.105813394422518,""x_m"":38.93804018867225,""y_m"":-21.22053351845691,""yaw_rate_radps"":-0.9441}"
11755,13696003270286,/odom,Odometry,1789302440934224899,,"{""lateral_speed_mps"":0.0,""speed_mps"":6.104767336963302,""x_m"":38.845454914406254,""y_m"":-21.09954332357331,""yaw_rate_radps"":-0.9441}"
11764,13696027273935,/odom,Odometry,1789302440958542899,,"{""lateral_speed_mps"":0.0,""speed_mps"":6.080681436935009,""x_m"":38.75816875139666,""y_m"":-20.97982145492221,""yaw_rate_radps"":-0.9441}"
11773,13696052658590,/odom,Odometry,1789302440984384945,,"{""lateral_speed_mps"":0.0,""speed_mps"":6.079749362256917,""x_m"":38.668627689726684,""y_m"":-20.850705215085306,""yaw_rate_radps"":-0.9441}"
11781,13696077166467,/odom,Odometry,1789302441008956842,,"{""lateral_speed_mps"":0.0,""speed_mps"":6.101382633832764,""x_m"":38.586329462752886,""y_m"":-20.72570863429301,""yaw_rate_radps"":-0.9441}"
11791,13696102977725,/odom,Odometry,1789302441034427459,,"{""lateral_speed_mps"":0.0,""speed_mps"":6.076416392448212,""x_m"":38.504137281337634,""y_m"":-20.594194143445158,""yaw_rate_radps"":-0.9441}"
11800,13696127745621,/odom,Odometry,1789302441059265477,,"{""lateral_speed_mps"":0.0,""speed_mps"":6.104569272564299,""x_m"":38.42702547361429,""y_m"":-20.464046227148632,""yaw_rate_radps"":-0.9441}"
11809,13696152634394,/odom,Odometry,1789302441084394772,,"{""lateral_speed_mps"":0.0,""speed_mps"":6.087549937687467,""x_m"":38.352073212921404,""y_m"":-20.33044502908722,""yaw_rate_radps"":-0.9441}"
11818,13696179685733,/odom,Odometry,1789302441109114016,,"{""lateral_speed_mps"":0.0,""speed_mps"":6.079734889729995,""x_m"":38.28161434499546,""y_m"":-20.197589481377516,""yaw_rate_radps"":-0.9441}"
11827,13696203788318,/odom,Odometry,1789302441133703066,,"{""lateral_speed_mps"":0.0,""speed_mps"":6.0529174664045895,""x_m"":38.214796654247884,""y_m"":-20.064226541802658,""yaw_rate_radps"":-0.9441}"
11835,13696228754336,/odom,Odometry,1789302441159467195,,"{""lateral_speed_mps"":0.0,""speed_mps"":6.07701527823728,""x_m"":38.14811953672195,""y_m"":-19.922907434258118,""yaw_rate_radps"":-0.9441}"
11845,13696253242586,/odom,Odometry,1789302441183847071,,"{""lateral_speed_mps"":0.0,""speed_mps"":6.109045495652137,""x_m"":38.087999608761216,""y_m"":-19.787070626903247,""yaw_rate_radps"":-0.9441}"
11854,13696279359679,/odom,Odometry,1789302441208642318,,"{""lateral_speed_mps"":0.0,""speed_mps"":6.076284982201293,""x_m"":38.03007738418283,""y_m"":-19.647546482143696,""yaw_rate_radps"":-0.9441}"
11863,13696304069866,/odom,Odometry,1789302441234279679,,"{""lateral_speed_mps"":0.0,""speed_mps"":6.113993359109132,""x_m"":37.973591598702505,""y_m"":-19.501849462256644,""yaw_rate_radps"":-0.9441}"
11872,13696330287238,/odom,Odometry,1789302441258649456,,"{""lateral_speed_mps"":0.0,""speed_mps"":6.140587830647565,""x_m"":37.922986828089044,""y_m"":-19.361367137592193,""yaw_rate_radps"":-0.9441}"
11880,13696355863073,/odom,Odometry,1789302441284317514,,"{""lateral_speed_mps"":0.0,""speed_mps"":6.122169561718853,""x_m"":37.87324060078482,""y_m"":-19.21205495625102,""yaw_rate_radps"":-0.9441}"
11890,13696382709026,/odom,Odometry,1789302441309466457,,"{""lateral_speed_mps"":0.0,""speed_mps"":6.160177575687064,""x_m"":37.827984070707444,""y_m"":-19.064390939515253,""yaw_rate_radps"":-0.9441}"
11899,13696404788747,/odom,Odometry,1789302441334140256,,"{""lateral_speed_mps"":0.0,""speed_mps"":6.1135932103759,""x_m"":37.786976212849005,""y_m"":-18.918628408287685,""yaw_rate_radps"":-0.9441}"
11907,13696429225700,/odom,Odometry,1789302441358525111,,"{""lateral_speed_mps"":0.0,""speed_mps"":6.126034381652115,""x_m"":37.74989246157954,""y_m"":-18.77407793719944,""yaw_rate_radps"":-0.9441}"
11917,13696453421641,/odom,Odometry,1789302441384301603,,"{""lateral_speed_mps"":0.0,""speed_mps"":6.056533146288614,""x_m"":37.71448654718257,""y_m"":-18.62111073726955,""yaw_rate_radps"":-0.9441}"
11926,13696478711758,/odom,Odometry,1789302441408966836,,"{""lateral_speed_mps"":0.0,""speed_mps"":6.0566899864666555,""x_m"":37.684250012844004,""y_m"":-18.474814224993544,""yaw_rate_radps"":-0.9441}"
11935,13696505372824,/odom,Odometry,1789302441434151255,,"{""lateral_speed_mps"":0.0,""speed_mps"":6.149151631170486,""x_m"":37.65678132274565,""y_m"":-18.323591844629984,""yaw_rate_radps"":-0.9441}"
11943,13696527738803,/odom,Odometry,1789302441458778647,,"{""lateral_speed_mps"":0.0,""speed_mps"":6.013223045334176,""x_m"":37.63344070265812,""y_m"":-18.17565771405664,""yaw_rate_radps"":-0.9441}"
11953,13696553629420,/odom,Odometry,1789302441484078042,,"{""lateral_speed_mps"":0.0,""speed_mps"":6.062238851875678,""x_m"":37.61313684238519,""y_m"":-18.024261256928597,""yaw_rate_radps"":-0.9441}"
11962,13696577875665,/odom,Odometry,1789302441509219961,,"{""lateral_speed_mps"":0.0,""speed_mps"":6.072783150915584,""x_m"":37.596517678493605,""y_m"":-17.87262160055006,""yaw_rate_radps"":-0.9441}"
11971,13696603077637,/odom,Odometry,1789302441534027361,,"{""lateral_speed_mps"":0.0,""speed_mps"":6.086116080667939,""x_m"":37.583635984539676,""y_m"":-17.722357081347507,""yaw_rate_radps"":-0.9441}"
11979,13696628014090,/odom,Odometry,1789302441559199797,,"{""lateral_speed_mps"":0.0,""speed_mps"":6.123173270468986,""x_m"":37.57413158663126,""y_m"":-17.568982288403756,""yaw_rate_radps"":-0.9441}"
11988,13696653103861,/odom,Odometry,1789302441583619899,,"{""lateral_speed_mps"":0.0,""speed_mps"":6.144832817423037,""x_m"":37.56840039006145,""y_m"":-17.419299473747824,""yaw_rate_radps"":-0.9441}"
11998,13696678610125,/odom,Odometry,1789302441608743283,,"{""lateral_speed_mps"":0.0,""speed_mps"":6.056166136381404,""x_m"":37.56607765627021,""y_m"":-17.26605204433971,""yaw_rate_radps"":-0.9441}"
12007,13696703761522,/odom,Odometry,1789302441633991723,,"{""lateral_speed_mps"":0.0,""speed_mps"":6.10041672978419,""x_m"":37.56737505469466,""y_m"":-17.112589619894923,""yaw_rate_radps"":-0.9441}"
12016,13696729617173,/odom,Odometry,1789302441658617892,,"{""lateral_speed_mps"":0.0,""speed_mps"":6.108601261799167,""x_m"":37.57227019096081,""y_m"":-16.962338144194334,""yaw_rate_radps"":-0.9441}"
12025,13696754717013,/odom,Odometry,1789302441684129807,,"{""lateral_speed_mps"":0.0,""speed_mps"":6.058376426434006,""x_m"":37.58100156807903,""y_m"":-16.807382098568123,""yaw_rate_radps"":-0.9441}"
12034,13696779508664,/odom,Odometry,1789302441709395228,,"{""lateral_speed_mps"":0.0,""speed_mps"":6.17039998893078,""x_m"":37.593410617047915,""y_m"":-16.653398490676437,""yaw_rate_radps"":-0.9441}"
12043,13696801818778,/odom,Odometry,1789302441733668023,,"{""lateral_speed_mps"":0.0,""speed_mps"":6.092942169949107,""x_m"":37.60879394434121,""y_m"":-16.505363546274978,""yaw_rate_radps"":-0.9441}"
12051,13696826803521,/odom,Odometry,1789302441758562577,,"{""lateral_speed_mps"":0.0,""speed_mps"":6.060744587224152,""x_m"":37.62784940968598,""y_m"":-16.355288643020998,""yaw_rate_radps"":-0.9441}"
12061,13696852119588,/odom,Odometry,1789302441783878112,,"{""lateral_speed_mps"":0.0,""speed_mps"":5.930038146035837,""x_m"":37.650375790318044,""y_m"":-16.205191699021018,""yaw_rate_radps"":-0.9441}"
12070,13696877716322,/odom,Odometry,1789302441808752769,,"{""lateral_speed_mps"":0.0,""speed_mps"":6.107470179411592,""x_m"":37.67615487422117,""y_m"":-16.05771319753386,""yaw_rate_radps"":-0.9441}"
12078,13696902352240,/odom,Odometry,1789302441833767459,,"{""lateral_speed_mps"":0.0,""speed_mps"":6.142562164061116,""x_m"":37.706318905496964,""y_m"":-15.907496726342057,""yaw_rate_radps"":-0.9441}"
12088,13696927405352,/odom,Odometry,1789302441859400331,,"{""lateral_speed_mps"":0.0,""speed_mps"":6.0987162151978875,""x_m"":37.74083509213684,""y_m"":-15.754451174872958,""yaw_rate_radps"":-0.9441}"
12097,13696952580153,/odom,Odometry,1789302441883949255,,"{""lateral_speed_mps"":0.0,""speed_mps"":6.267007125590765,""x_m"":37.77772287929166,""y_m"":-15.607218686052702,""yaw_rate_radps"":-0.9441}"
12106,13696976918541,/odom,Odometry,1789302441908961310,,"{""lateral_speed_mps"":0.0,""speed_mps"":6.075485029673045,""x_m"":37.81877282335618,""y_m"":-15.458423495209072,""yaw_rate_radps"":-0.9441}"
12115,13697002127386,/odom,Odometry,1789302441933741379,,"{""lateral_speed_mps"":0.0,""speed_mps"":6.088936720531293,""x_m"":37.86227914308049,""y_m"":-15.31412195555038,""yaw_rate_radps"":-0.9441}"
12123,13697026683363,/odom,Odometry,1789302441959217065,,"{""lateral_speed_mps"":0.0,""speed_mps"":6.06745522890668,""x_m"":37.91046275123987,""y_m"":-15.166961361082848,""yaw_rate_radps"":-0.9441}"
12133,13697051936671,/odom,Odometry,1789302441984328207,,"{""lateral_speed_mps"":0.0,""speed_mps"":6.066305202596045,""x_m"":37.961275990067094,""y_m"":-15.02334008620196,""yaw_rate_radps"":-0.9441}"
12142,13697078210439,/odom,Odometry,1789302442008533965,,"{""lateral_speed_mps"":0.0,""speed_mps"":6.108893513642154,""x_m"":38.01369844854348,""y_m"":-14.885624199945456,""yaw_rate_radps"":-0.9441}"
12151,13697102637183,/odom,Odometry,1789302442033891269,,"{""lateral_speed_mps"":0.0,""speed_mps"":6.080154620986964,""x_m"":38.072073414876,""y_m"":-14.742533031079132,""yaw_rate_radps"":-0.9441}"
12160,13697126882546,/odom,Odometry,1789302442058935385,,"{""lateral_speed_mps"":0.0,""speed_mps"":6.079157706463988,""x_m"":38.13290800487765,""y_m"":-14.602955589907932,""yaw_rate_radps"":-0.9441}"
12169,13697152321945,/odom,Odometry,1789302442083665389,,"{""lateral_speed_mps"":0.0,""speed_mps"":6.116276265895895,""x_m"":38.196407923039274,""y_m"":-14.466179366902274,""yaw_rate_radps"":-0.9441}"
12177,13697180484384,/odom,Odometry,1789302442108829710,,"{""lateral_speed_mps"":0.0,""speed_mps"":6.0707685477969475,""x_m"":38.26424106607145,""y_m"":-14.328661148954309,""yaw_rate_radps"":-0.9441}"
12187,13697202455290,/odom,Odometry,1789302442134208334,,"{""lateral_speed_mps"":0.0,""speed_mps"":6.068900703279065,""x_m"":38.33563587377573,""y_m"":-14.192160230544667,""yaw_rate_radps"":-0.9441}"
12196,13697227222194,/odom,Odometry,1789302442159258571,,"{""lateral_speed_mps"":0.0,""speed_mps"":6.069365207448875,""x_m"":38.409278306663175,""y_m"":-14.059151976472734,""yaw_rate_radps"":-0.9441}"
12204,13697251031437,/odom,Odometry,1789302442183463328,,"{""lateral_speed_mps"":0.0,""speed_mps"":6.063280286151608,""x_m"":38.48336052152622,""y_m"":-13.93237672698271,""yaw_rate_radps"":-0.9441}"
12214,13697277696159,/odom,Odometry,1789302442209420981,,"{""lateral_speed_mps"":0.0,""speed_mps"":6.0537637621126805,""x_m"":38.56587958754938,""y_m"":-13.798500825091283,""yaw_rate_radps"":-0.9441}"
12223,13697302817630,/odom,Odometry,1789302442233913749,,"{""lateral_speed_mps"":0.0,""speed_mps"":6.085184321497347,""x_m"":38.646917646373744,""y_m"":-13.673873180146815,""yaw_rate_radps"":-0.9441}"
12232,13697327343471,/odom,Odometry,1789302442259008610,,"{""lateral_speed_mps"":0.0,""speed_mps"":6.098801060406333,""x_m"":38.7332748559815,""y_m"":-13.547723209201681,""yaw_rate_radps"":-0.9441}"
12241,13697352901422,/odom,Odometry,1789302442283725309,,"{""lateral_speed_mps"":0.0,""speed_mps"":6.132899780994497,""x_m"":38.82158535917377,""y_m"":-13.425036673535368,""yaw_rate_radps"":-0.9441}"
12250,13697379293592,/odom,Odometry,1789302442309491983,,"{""lateral_speed_mps"":0.0,""speed_mps"":6.1446036766711645,""x_m"":38.91706160558874,""y_m"":-13.298927345094183,""yaw_rate_radps"":-0.9441}"
12259,13697402593417,/odom,Odometry,1789302442334180620,,"{""lateral_speed_mps"":0.0,""speed_mps"":6.072215984916641,""x_m"":39.01091190765582,""y_m"":-13.180878955548208,""yaw_rate_radps"":-0.9441}"
12268,13697428529750,/odom,Odometry,1789302442359420343,,"{""lateral_speed_mps"":0.0,""speed_mps"":6.064303064626064,""x_m"":39.10897350222463,""y_m"":-13.063225897314172,""yaw_rate_radps"":-0.9441}"
12277,13697453931809,/odom,Odometry,1789302442384338782,,"{""lateral_speed_mps"":0.0,""speed_mps"":6.052160174434268,""x_m"":39.20834673057185,""y_m"":-12.949585380217489,""yaw_rate_radps"":-0.9441}"
12286,13697480045595,/odom,Odometry,1789302442409428012,,"{""lateral_speed_mps"":0.0,""speed_mps"":6.05524517077725,""x_m"":39.311005821358805,""y_m"":-12.83764995345896,""yaw_rate_radps"":-0.9441}"
12295,13697503180260,/odom,Odometry,1789302442434270458,,"{""lateral_speed_mps"":0.0,""speed_mps"":6.083818874129741,""x_m"":39.41550962577702,""y_m"":-12.728956471733316,""yaw_rate_radps"":-0.9441}"
12304,13697528045188,/odom,Odometry,1789302442459070855,,"{""lateral_speed_mps"":0.0,""speed_mps"":6.09440009902047,""x_m"":39.5227070654976,""y_m"":-12.622590618631891,""yaw_rate_radps"":-0.9441}"
12312,13697553036203,/odom,Odometry,1789302442484165214,,"{""lateral_speed_mps"":0.0,""speed_mps"":6.100830243349518,""x_m"":39.6338469371208,""y_m"":-12.517418677357083,""yaw_rate_radps"":-0.9441}"
12322,13697577902274,/odom,Odometry,1789302442508877155,,"{""lateral_speed_mps"":0.0,""speed_mps"":6.111620928166629,""x_m"":39.74587856508889,""y_m"":-12.41632965221427,""yaw_rate_radps"":-0.9441}"
12330,13697602582625,/odom,Odometry,1789302442534059771,,"{""lateral_speed_mps"":0.0,""speed_mps"":6.1068087678187535,""x_m"":39.862497153771855,""y_m"":-12.315985728309906,""yaw_rate_radps"":-0.9441}"
12340,13697629041911,/odom,Odometry,1789302442559320002,,"{""lateral_speed_mps"":0.0,""speed_mps"":6.073014233692133,""x_m"":39.981440948619976,""y_m"":-12.218431669571293,""yaw_rate_radps"":-0.9441}"
12348,13697652624027,/odom,Odometry,1789302442584227170,,"{""lateral_speed_mps"":0.0,""speed_mps"":6.085514904076174,""x_m"":40.10076515629197,""y_m"":-12.125220192382425,""yaw_rate_radps"":-0.9441}"
12357,13697677248794,/odom,Odometry,1789302442609209599,,"{""lateral_speed_mps"":0.0,""speed_mps"":6.0679633099546,""x_m"":40.22258037224049,""y_m"":-12.03462036084481,""yaw_rate_radps"":-0.9441}"
12367,13697702051765,/odom,Odometry,1789302442633512771,,"{""lateral_speed_mps"":0.0,""speed_mps"":6.057373560942086,""x_m"":40.34280817902935,""y_m"":-11.949446530192496,""yaw_rate_radps"":-0.9441}"
12376,13697729163789,/odom,Odometry,1789302442659255349,,"{""lateral_speed_mps"":0.0,""speed_mps"":6.079088244665198,""x_m"":40.47238242067221,""y_m"":-11.862193802643231,""yaw_rate_radps"":-0.9441}"
12385,13697752873575,/odom,Odometry,1789302442683493068,,"{""lateral_speed_mps"":0.0,""speed_mps"":6.080856565379928,""x_m"":40.59652876081344,""y_m"":-11.782796853809693,""yaw_rate_radps"":-0.9441}"
12394,13697778247380,/odom,Odometry,1789302442708986999,,"{""lateral_speed_mps"":0.0,""speed_mps"":6.100084079939189,""x_m"":40.72927099205235,""y_m"":-11.70224780979939,""yaw_rate_radps"":-0.9441}"
12403,13697802259365,/odom,Odometry,1789302442734354523,,"{""lateral_speed_mps"":0.0,""speed_mps"":6.098768685958905,""x_m"":40.86344132184411,""y_m"":-11.625184033493504,""yaw_rate_radps"":-0.9441}"
12411,13697828295275,/odom,Odometry,1789302442759092692,,"{""lateral_speed_mps"":0.0,""speed_mps"":6.109588832996643,""x_m"":40.99612758691409,""y_m"":-11.553090396898893,""yaw_rate_radps"":-0.9441}"
12421,13697853459556,/odom,Odometry,1789302442783942512,,"{""lateral_speed_mps"":0.0,""speed_mps"":6.122595450392032,""x_m"":41.131354203756956,""y_m"":-11.483718038219566,""yaw_rate_radps"":-0.9441}"
12430,13697879219547,/odom,Odometry,1789302442808628794,,"{""lateral_speed_mps"":0.0,""speed_mps"":6.131286692765505,""x_m"":41.26752552887321,""y_m"":-11.417881454344624,""yaw_rate_radps"":-0.9441}"
12439,13697903584876,/odom,Odometry,1789302442833890108,,"{""lateral_speed_mps"":0.0,""speed_mps"":6.092857408518732,""x_m"":41.40807754833939,""y_m"":-11.35397262484991,""yaw_rate_radps"":-0.9441}"
12448,13697929389742,/odom,Odometry,1789302442858785634,,"{""lateral_speed_mps"":0.0,""speed_mps"":6.11689055621495,""x_m"":41.54787892476944,""y_m"":-11.294352599540783,""yaw_rate_radps"":-0.9441}"
12457,13697955565445,/odom,Odometry,1789302442883825301,,"{""lateral_speed_mps"":0.0,""speed_mps"":6.101184373038736,""x_m"":41.68997034914731,""y_m"":-11.237697737548235,""yaw_rate_radps"":-0.9441}"
12466,13697979982802,/odom,Odometry,1789302442909197423,,"{""lateral_speed_mps"":0.0,""speed_mps"":6.054573634287046,""x_m"":41.834521438575266,""y_m"":-11.183988525989276,""yaw_rate_radps"":-0.9441}"
12475,13698004137194,/odom,Odometry,1789302442934255464,,"{""lateral_speed_mps"":0.0,""speed_mps"":6.067411126507328,""x_m"":41.97809720123596,""y_m"":-11.134465981641009,""yaw_rate_radps"":-0.9441}"
12484,13698029988226,/odom,Odometry,1789302442959426838,,"{""lateral_speed_mps"":0.0,""speed_mps"":6.049347720818012,""x_m"":42.1233987508716,""y_m"":-11.08817035198684,""yaw_rate_radps"":-0.9441}"
12493,13698054079049,/odom,Odometry,1789302442984303298,,"{""lateral_speed_mps"":0.0,""speed_mps"":6.060317130973422,""x_m"":42.2679551017788,""y_m"":-11.045850927490424,""yaw_rate_radps"":-0.9441}"
12502,13698079117173,/odom,Odometry,1789302443008873933,,"{""lateral_speed_mps"":0.0,""speed_mps"":6.086913027490874,""x_m"":42.41212620685977,""y_m"":-11.007312902720377,""yaw_rate_radps"":-0.9441}"
12511,13698103357146,/odom,Odometry,1789302443033536972,,"{""lateral_speed_mps"":0.0,""speed_mps"":6.120693776132039,""x_m"":42.558438042052416,""y_m"":-10.97189376881796,""yaw_rate_radps"":-0.9441}"
12520,13698127987433,/odom,Odometry,1789302443058771485,,"{""lateral_speed_mps"":0.0,""speed_mps"":6.1127092401848415,""x_m"":42.709273564089585,""y_m"":-10.939135843625168,""yaw_rate_radps"":-0.9441}"
12529,13698152735020,/odom,Odometry,1789302443084424866,,"{""lateral_speed_mps"":0.0,""speed_mps"":6.081892056226566,""x_m"":42.86286794561782,""y_m"":-10.909558603839747,""yaw_rate_radps"":-0.9441}"
12538,13698178826355,/odom,Odometry,1789302443109283813,,"{""lateral_speed_mps"":0.0,""speed_mps"":6.06357947533223,""x_m"":43.0117417409207,""y_m"":-10.88453718294309,""yaw_rate_radps"":-0.9441}"
12547,13698203149654,/odom,Odometry,1789302443133637179,,"{""lateral_speed_mps"":0.0,""speed_mps"":6.083195784427257,""x_m"":43.15814295031381,""y_m"":-10.863486905355842,""yaw_rate_radps"":-0.9441}"
12556,13698228789069,/odom,Odometry,1789302443158922999,,"{""lateral_speed_mps"":0.0,""speed_mps"":6.079212391521208,""x_m"":43.310819733508495,""y_m"":-10.845191292652006,""yaw_rate_radps"":-0.9441}"
12565,13698253083985,/odom,Odometry,1789302443183567352,,"{""lateral_speed_mps"":0.0,""speed_mps"":6.049814145657072,""x_m"":43.459585507384574,""y_m"":-10.830842711324559,""yaw_rate_radps"":-0.9441}"
12574,13698279370346,/odom,Odometry,1789302443209013924,,"{""lateral_speed_mps"":0.0,""speed_mps"":6.011031672231086,""x_m"":43.61262555706848,""y_m"":-10.819577796961193,""yaw_rate_radps"":-0.9441}"
12582,13698303231677,/odom,Odometry,1789302443234097333,,"{""lateral_speed_mps"":0.0,""speed_mps"":6.06024444576419,""x_m"":43.76383535609926,""y_m"":-10.812117134914407,""yaw_rate_radps"":-0.9441}"
12591,13698328149846,/odom,Odometry,1789302443258640977,,"{""lateral_speed_mps"":0.0,""speed_mps"":6.087953410406093,""x_m"":43.91287011986045,""y_m"":-10.808453334329542,""yaw_rate_radps"":-0.9441}"
12600,13698353821080,/odom,Odometry,1789302443283657531,,"{""lateral_speed_mps"":0.0,""speed_mps"":6.144288650137374,""x_m"":44.06587427305281,""y_m"":-10.80830549097711,""yaw_rate_radps"":-0.9441}"
12610,13698377810282,/odom,Odometry,1789302443308966564,,"{""lateral_speed_mps"":0.0,""speed_mps"":6.11816604430307,""x_m"":44.221011721990244,""y_m"":-10.811818591643956,""yaw_rate_radps"":-0.9441}"
12618,13698402697532,/odom,Odometry,1789302443334108563,,"{""lateral_speed_mps"":0.0,""speed_mps"":6.087448352265672,""x_m"":44.374284181628376,""y_m"":-10.818911741811714,""yaw_rate_radps"":-0.9441}"
12628,13698427715578,/odom,Odometry,1789302443358655433,,"{""lateral_speed_mps"":0.0,""speed_mps"":6.088387263861489,""x_m"":44.52335897460068,""y_m"":-10.829342626730389,""yaw_rate_radps"":-0.9441}"
12636,13698453073193,/odom,Odometry,1789302443383981198,,"{""lateral_speed_mps"":0.0,""speed_mps"":6.068482445861572,""x_m"":44.67662592664863,""y_m"":-10.843733449855101,""yaw_rate_radps"":-0.9441}"
12646,13698477252822,/odom,Odometry,1789302443408523740,,"{""lateral_speed_mps"":0.0,""speed_mps"":6.0461777707555076,""x_m"":44.82427430377087,""y_m"":-10.861055431665493,""yaw_rate_radps"":-0.9441}"
12654,13698502665330,/odom,Odometry,1789302443433586921,,"{""lateral_speed_mps"":0.0,""speed_mps"":6.106922961640457,""x_m"":44.97507360953666,""y_m"":-10.882370440461523,""yaw_rate_radps"":-0.9441}"
12663,13698529084942,/odom,Odometry,1789302443459186000,,"{""lateral_speed_mps"":0.0,""speed_mps"":6.056302978635966,""x_m"":45.12865454888611,""y_m"":-10.907868723743706,""yaw_rate_radps"":-0.9441}"
12673,13698553577239,/odom,Odometry,1789302443483847325,,"{""lateral_speed_mps"":0.0,""speed_mps"":6.07926190213858,""x_m"":45.27560259545292,""y_m"":-10.936129300358445,""yaw_rate_radps"":-1.2292}"
12681,13698579403375,/odom,Odometry,1789302443509110472,,"{""lateral_speed_mps"":0.0,""speed_mps"":6.054604182413685,""x_m"":45.42518522390382,""y_m"":-10.969543880312942,""yaw_rate_radps"":-1.3923}"
12691,13698603143107,/odom,Odometry,1789302443533625753,,"{""lateral_speed_mps"":0.0,""speed_mps"":6.028675698191267,""x_m"":45.56856830703425,""y_m"":-11.006676078757266,""yaw_rate_radps"":-1.4106}"
12700,13698627939467,/odom,Odometry,1789302443559247134,,"{""lateral_speed_mps"":0.0,""speed_mps"":6.088126873114839,""x_m"":45.717342070441205,""y_m"":-11.050955420616535,""yaw_rate_radps"":-1.4094}"
12708,13698653333710,/odom,Odometry,1789302443583872682,,"{""lateral_speed_mps"":0.0,""speed_mps"":6.089461656120012,""x_m"":45.85941711215952,""y_m"":-11.098878690031029,""yaw_rate_radps"":-1.4081}"
12718,13698678281605,/odom,Odometry,1789302443609175894,,"{""lateral_speed_mps"":0.0,""speed_mps"":6.145811166052433,""x_m"":46.004251652122754,""y_m"":-11.153509702129817,""yaw_rate_radps"":-1.4071}"
12727,13698703104023,/odom,Odometry,1789302443633902663,,"{""lateral_speed_mps"":0.0,""speed_mps"":6.13228049232336,""x_m"":46.14430983750018,""y_m"":-11.212048190471139,""yaw_rate_radps"":-1.4063}"
12735,13698728738137,/odom,Odometry,1789302443659435136,,"{""lateral_speed_mps"":0.0,""speed_mps"":6.075873337830861,""x_m"":46.285899551817906,""y_m"":-11.277177461231911,""yaw_rate_radps"":-1.4056}"
12745,13698753751906,/odom,Odometry,1789302443683475283,,"{""lateral_speed_mps"":0.0,""speed_mps"":6.07678149938486,""x_m"":46.41641419552592,""y_m"":-11.342783877360624,""yaw_rate_radps"":-1.405}"
12754,13698778264852,/odom,Odometry,1789302443708943276,,"{""lateral_speed_mps"":0.0,""speed_mps"":6.0849322461885045,""x_m"":46.55224572177222,""y_m"":-11.417173894913185,""yaw_rate_radps"":-1.4045}"
12762,13698803205773,/odom,Odometry,1789302443734041813,,"{""lateral_speed_mps"":0.0,""speed_mps"":6.080535357266163,""x_m"":46.68342819397617,""y_m"":-11.495267674480148,""yaw_rate_radps"":-1.4041}"
12772,13698829188303,/odom,Odometry,1789302443759178352,,"{""lateral_speed_mps"":0.0,""speed_mps"":6.1242091776855965,""x_m"":46.81233103445585,""y_m"":-11.578413298285874,""yaw_rate_radps"":-1.4038}"
12780,13698854506022,/odom,Odometry,1789302443784513444,,"{""lateral_speed_mps"":0.0,""speed_mps"":6.1465298739976255,""x_m"":46.939841513438104,""y_m"":-11.667312892356886,""yaw_rate_radps"":-1.4035}"
12790,13698878221750,/odom,Odometry,1789302443808518015,,"{""lateral_speed_mps"":0.0,""speed_mps"":6.086746434999154,""x_m"":47.05737654377945,""y_m"":-11.755307986313936,""yaw_rate_radps"":-1.4033}"
12799,13698904564647,/odom,Odometry,1789302443833492509,,"{""lateral_speed_mps"":0.0,""speed_mps"":6.111782289532368,""x_m"":47.176100430844926,""y_m"":-11.850743984682659,""yaw_rate_radps"":-1.4031}"
12808,13698928783100,/odom,Odometry,1789302443858525884,,"{""lateral_speed_mps"":0.0,""speed_mps"":6.113601553337147,""x_m"":47.291847011262035,""y_m"":-11.95083611881092,""yaw_rate_radps"":-1.4029}"
12817,13698954752144,/odom,Odometry,1789302443884286126,,"{""lateral_speed_mps"":0.0,""speed_mps"":6.03380949403513,""x_m"":47.40652482435012,""y_m"":-12.057274331585333,""yaw_rate_radps"":-1.4027}"
12826,13698978864998,/odom,Odometry,1789302443909438404,,"{""lateral_speed_mps"":0.0,""speed_mps"":6.093999655514077,""x_m"":47.51458728633162,""y_m"":-12.164908115809117,""yaw_rate_radps"":-1.4026}"
12835,13699006523149,/odom,Odometry,1789302443934273016,,"{""lateral_speed_mps"":0.0,""speed_mps"":6.040409067367427,""x_m"":47.61753396614038,""y_m"":-12.274933008585663,""yaw_rate_radps"":-1.4025}"
12844,13699029967596,/odom,Odometry,1789302443959378707,,"{""lateral_speed_mps"":0.0,""speed_mps"":6.037795474050876,""x_m"":47.71716519172271,""y_m"":-12.38921593578601,""yaw_rate_radps"":-1.4024}"
12853,13699056185769,/odom,Odometry,1789302443984088042,,"{""lateral_speed_mps"":0.0,""speed_mps"":6.0613350713375835,""x_m"":47.81135751676175,""y_m"":-12.505287154156587,""yaw_rate_radps"":-1.4023}"
12862,13699080256333,/odom,Odometry,1789302444009341912,,"{""lateral_speed_mps"":0.0,""speed_mps"":6.0872615305197035,""x_m"":47.90376670603413,""y_m"":-12.627728075572026,""yaw_rate_radps"":-1.4022}"
12871,13699106858909,/odom,Odometry,1789302444034074040,,"{""lateral_speed_mps"":0.0,""speed_mps"":6.10616362658697,""x_m"":47.990322143861555,""y_m"":-12.751197040187282,""yaw_rate_radps"":-1.4022}"
12880,13699129985308,/odom,Odometry,1789302444059462463,,"{""lateral_speed_mps"":0.0,""speed_mps"":6.083895873445588,""x_m"":48.07464683402058,""y_m"":-12.880944714156096,""yaw_rate_radps"":-1.4021}"
12889,13699155112570,/odom,Odometry,1789302444084260305,,"{""lateral_speed_mps"":0.0,""speed_mps"":6.078523722421917,""x_m"":48.15232241502902,""y_m"":-13.01020238675207,""yaw_rate_radps"":-1.4021}"
12898,13699180489521,/odom,Odometry,1789302444108605406,,"{""lateral_speed_mps"":0.0,""speed_mps"":6.113338718932927,""x_m"":48.22422709502624,""y_m"":-13.140026043742898,""yaw_rate_radps"":-1.402}"
12907,13699205228542,/odom,Odometry,1789302444134219032,,"{""lateral_speed_mps"":0.0,""speed_mps"":6.0804730764639965,""x_m"":48.29502812852896,""y_m"":-13.279217334820098,""yaw_rate_radps"":-1.402}"
12916,13699230419644,/odom,Odometry,1789302444159140366,,"{""lateral_speed_mps"":0.0,""speed_mps"":6.085152645400674,""x_m"":48.35896703244252,""y_m"":-13.416664079164496,""yaw_rate_radps"":-1.4019}"
12925,13699256115585,/odom,Odometry,1789302444183690122,,"{""lateral_speed_mps"":0.0,""speed_mps"":6.12621480404838,""x_m"":48.41738065367826,""y_m"":-13.554708091668406,""yaw_rate_radps"":-1.4019}"
12934,13699280453722,/odom,Odometry,1789302444208655439,,"{""lateral_speed_mps"":0.0,""speed_mps"":6.084256568804636,""x_m"":48.4718039763884,""y_m"":-13.697078020182683,""yaw_rate_radps"":-1.4019}"
12943,13699304486947,/odom,Odometry,1789302444234005960,,"{""lateral_speed_mps"":0.0,""speed_mps"":6.068920727942773,""x_m"":48.521702075839045,""y_m"":-13.84281917763102,""yaw_rate_radps"":-1.4019}"
12952,13699329958405,/odom,Odometry,1789302444258905974,,"{""lateral_speed_mps"":0.0,""speed_mps"":6.103664995649227,""x_m"":48.56571024394643,""y_m"":-13.98783563481566,""yaw_rate_radps"":-1.4019}"
12961,13699356476492,/odom,Odometry,1789302444284155886,,"{""lateral_speed_mps"":0.0,""speed_mps"":6.061050609638201,""x_m"":48.60511649560299,""y_m"":-14.136274806819136,""yaw_rate_radps"":-1.4018}"
12969,13699382194354,/odom,Odometry,1789302444309207726,,"{""lateral_speed_mps"":0.0,""speed_mps"":6.055819470612142,""x_m"":48.63888534259937,""y_m"":-14.284245360105253,""yaw_rate_radps"":-1.4018}"
12978,13699405675801,/odom,Odometry,1789302444333960373,,"{""lateral_speed_mps"":0.0,""speed_mps"":6.075134911657065,""x_m"":48.66712594135572,""y_m"":-14.43170185244136,""yaw_rate_radps"":-1.4018}"
12988,13699432649104,/odom,Odometry,1789302444359065243,,"{""lateral_speed_mps"":0.0,""speed_mps"":6.079575696481146,""x_m"":48.69052356909996,""y_m"":-14.582469112975206,""yaw_rate_radps"":-1.4018}"
12997,13699457101486,/odom,Odometry,1789302444383977169,,"{""lateral_speed_mps"":0.0,""speed_mps"":5.9878509721903335,""x_m"":48.70854072079585,""y_m"":-14.731696532408746,""yaw_rate_radps"":-1.4018}"
13006,13699481254937,/odom,Odometry,1789302444409203447,,"{""lateral_speed_mps"":0.0,""speed_mps"":6.086285970824163,""x_m"":48.721465187773056,""y_m"":-14.883438905044613,""yaw_rate_radps"":-1.4018}"
13014,13699507681662,/odom,Odometry,1789302444434151371,,"{""lateral_speed_mps"":0.0,""speed_mps"":6.016102725081761,""x_m"":48.7288757186301,""y_m"":-15.03422283679489,""yaw_rate_radps"":-1.4018}"
13023,13699531630678,/odom,Odometry,1789302444459065722,,"{""lateral_speed_mps"":0.0,""speed_mps"":6.148954683849739,""x_m"":48.73088515546177,""y_m"":-15.185749793431226,""yaw_rate_radps"":-1.4017}"
13032,13699555026824,/odom,Odometry,1789302444484503618,,"{""lateral_speed_mps"":0.0,""speed_mps"":6.177842863266494,""x_m"":48.72732987047439,""y_m"":-15.342494449369878,""yaw_rate_radps"":-1.4017}"
13042,13699581084445,/odom,Odometry,1789302444508880178,,"{""lateral_speed_mps"":0.0,""speed_mps"":6.191875690778425,""x_m"":48.71872234014188,""y_m"":-15.493013092417602,""yaw_rate_radps"":-1.4017}"
13051,13699606824769,/odom,Odometry,1789302444533720881,,"{""lateral_speed_mps"":0.0,""speed_mps"":6.11173338558575,""x_m"":48.704639649543495,""y_m"":-15.645178758097972,""yaw_rate_radps"":-1.4017}"
13060,13699631179959,/odom,Odometry,1789302444559481062,,"{""lateral_speed_mps"":0.0,""speed_mps"":6.00408322255152,""x_m"":48.6848008740398,""y_m"":-15.799965353929956,""yaw_rate_radps"":-1.4017}"
13069,13699656345903,/odom,Odometry,1789302444584496363,,"{""lateral_speed_mps"":0.0,""speed_mps"":6.06882166282665,""x_m"":48.66023480543569,""y_m"":-15.948957685918954,""yaw_rate_radps"":-1.4017}"
13078,13699681543728,/odom,Odometry,1789302444609450078,,"{""lateral_speed_mps"":0.0,""speed_mps"":6.114115257423836,""x_m"":48.63012792117253,""y_m"":-16.097950366780253,""yaw_rate_radps"":-1.4017}"
13086,13699705628980,/odom,Odometry,1789302444634172749,,"{""lateral_speed_mps"":0.0,""speed_mps"":6.061899365316178,""x_m"":48.59525485793989,""y_m"":-16.244365864943553,""yaw_rate_radps"":-1.4017}"
13095,13699729290314,/odom,Odometry,1789302444658808346,,"{""lateral_speed_mps"":0.0,""speed_mps"":6.036396556831839,""x_m"":48.55586120585318,""y_m"":-16.388090443950986,""yaw_rate_radps"":-1.4017}"
13104,13699755295998,/odom,Odometry,1789302444684177633,,"{""lateral_speed_mps"":0.0,""speed_mps"":6.152868630605715,""x_m"":48.50966294177608,""y_m"":-16.535644505710682,""yaw_rate_radps"":-1.4017}"
13114,13699779350292,/odom,Odometry,1789302444709499981,,"{""lateral_speed_mps"":0.0,""speed_mps"":6.024589839783177,""x_m"":48.45834471010696,""y_m"":-16.681033347672397,""yaw_rate_radps"":-1.4017}"
13122,13699804282256,/odom,Odometry,1789302444733585383,,"{""lateral_speed_mps"":0.0,""speed_mps"":6.082690181969509,""x_m"":48.40510251900156,""y_m"":-16.81676981958922,""yaw_rate_radps"":-1.4017}"
13132,13699830159448,/odom,Odometry,1789302444758884939,,"{""lateral_speed_mps"":0.0,""speed_mps"":6.1442669868607345,""x_m"":48.343593395160056,""y_m"":-16.958679808214512,""yaw_rate_radps"":-1.4017}"
13141,13699854466667,/odom,Odometry,1789302444784151593,,"{""lateral_speed_mps"":0.0,""speed_mps"":6.120912502420135,""x_m"":48.27700470483891,""y_m"":-17.098592078413134,""yaw_rate_radps"":-1.4017}"
13150,13699879442464,/odom,Odometry,1789302444808900032,,"{""lateral_speed_mps"":0.0,""speed_mps"":6.052471842586606,""x_m"":48.20752013816164,""y_m"":-17.232245987555988,""yaw_rate_radps"":-1.4017}"
13159,13699903229966,/odom,Odometry,1789302444833699006,,"{""lateral_speed_mps"":0.0,""speed_mps"":6.082084789124105,""x_m"":48.13347297423745,""y_m"":-17.363227512803284,""yaw_rate_radps"":-1.4017}"
13169,13699929652764,/odom,Odometry,1789302444859122915,,"{""lateral_speed_mps"":0.0,""speed_mps"":6.074818221606594,""x_m"":48.0527393531684,""y_m"":-17.49499930433941,""yaw_rate_radps"":-1.4017}"
13177,13699954405491,/odom,Odometry,1789302444883669805,,"{""lateral_speed_mps"":0.0,""speed_mps"":6.100462192817222,""x_m"":47.97023577313547,""y_m"":-17.619591519027967,""yaw_rate_radps"":-1.4017}"
13185,13699978126358,/odom,Odometry,1789302444908959432,,"{""lateral_speed_mps"":0.0,""speed_mps"":5.964083696891842,""x_m"":47.881751085664675,""y_m"":-17.74386312850402,""yaw_rate_radps"":-1.4017}"
13195,13700002929871,/odom,Odometry,1789302444933893320,,"{""lateral_speed_mps"":0.0,""speed_mps"":6.075482973685976,""x_m"":47.79044414129425,""y_m"":-17.86299289123492,""yaw_rate_radps"":-1.4017}"
13204,13700028621634,/odom,Odometry,1789302444958622092,,"{""lateral_speed_mps"":0.0,""speed_mps"":6.092120842870533,""x_m"":47.69462151684235,""y_m"":-17.978974412371496,""yaw_rate_radps"":-1.4017}"
13212,13700053277559,/odom,Odometry,1789302444983802334,,"{""lateral_speed_mps"":0.0,""speed_mps"":6.07921517160425,""x_m"":47.59292627061888,""y_m"":-18.093605672335553,""yaw_rate_radps"":-1.4017}"
13221,13700077185928,/odom,Odometry,1789302445008592651,,"{""lateral_speed_mps"":0.0,""speed_mps"":6.042745656120987,""x_m"":47.48939496310719,""y_m"":-18.20249720469474,""yaw_rate_radps"":-1.4017}"
13231,13700103255482,/odom,Odometry,1789302445033822015,,"{""lateral_speed_mps"":0.0,""speed_mps"":6.1925015927005935,""x_m"":47.37917372349161,""y_m"":-18.310538827688013,""yaw_rate_radps"":-1.4017}"
13240,13700129039388,/odom,Odometry,1789302445059352905,,"{""lateral_speed_mps"":0.0,""speed_mps"":6.04511236841082,""x_m"":47.263769477223704,""y_m"":-18.415828732344284,""yaw_rate_radps"":-1.4017}"
13248,13700152861515,/odom,Odometry,1789302445083973574,,"{""lateral_speed_mps"":0.0,""speed_mps"":6.0788811325814684,""x_m"":47.150039352890666,""y_m"":-18.512479291820203,""yaw_rate_radps"":-1.4017}"
13258,13700178332102,/odom,Odometry,1789302445109296644,,"{""lateral_speed_mps"":0.0,""speed_mps"":6.107965092858746,""x_m"":47.02901671287769,""y_m"":-18.608205232902154,""yaw_rate_radps"":-1.4017}"
13267,13700203398570,/odom,Odometry,1789302445134352642,,"{""lateral_speed_mps"":0.0,""speed_mps"":6.057140773739219,""x_m"":46.90623038548259,""y_m"":-18.698484911835813,""yaw_rate_radps"":-1.4017}"
13275,13700227915073,/odom,Odometry,1789302445159181131,,"{""lateral_speed_mps"":0.0,""speed_mps"":6.072295866260904,""x_m"":46.781842292818,""y_m"":-18.783344639653254,""yaw_rate_radps"":-1.4017}"
13285,13700253337369,/odom,Odometry,1789302445183588870,,"{""lateral_speed_mps"":0.0,""speed_mps"":6.125803320452478,""x_m"":46.655998745451825,""y_m"":-18.862868985184807,""yaw_rate_radps"":-1.4017}"
13293,13700278111647,/odom,Odometry,1789302445208621724,,"{""lateral_speed_mps"":0.0,""speed_mps"":6.105544616210011,""x_m"":46.52378607505691,""y_m"":-18.940053667099324,""yaw_rate_radps"":-1.4017}"
13303,13700303031638,/odom,Odometry,1789302445234034372,,"{""lateral_speed_mps"":0.0,""speed_mps"":6.10116840874524,""x_m"":46.387167974413565,""y_m"":-19.01348456823821,""yaw_rate_radps"":-1.4017}"
13312,13700327862412,/odom,Odometry,1789302445259208452,,"{""lateral_speed_mps"":0.0,""speed_mps"":6.085619760160671,""x_m"":46.24958161637197,""y_m"":-19.08130690500001,""yaw_rate_radps"":-1.4017}"
13321,13700353399214,/odom,Odometry,1789302445283704737,,"{""lateral_speed_mps"":0.0,""speed_mps"":6.081939948958332,""x_m"":46.11367364035199,""y_m"":-19.142457985939664,""yaw_rate_radps"":-1.4017}"
13330,13700378293357,/odom,Odometry,1789302445308672779,,"{""lateral_speed_mps"":0.0,""speed_mps"":6.085896563627242,""x_m"":45.973041394852906,""y_m"":-19.199877554164782,""yaw_rate_radps"":-1.4017}"
13339,13700402793590,/odom,Odometry,1789302445334091228,,"{""lateral_speed_mps"":0.0,""speed_mps"":6.0855340221622045,""x_m"":45.82786330861733,""y_m"":-19.253284304013647,""yaw_rate_radps"":-1.4017}"
13348,13700429407497,/odom,Odometry,1789302445359120355,,"{""lateral_speed_mps"":0.0,""speed_mps"":6.084178369604449,""x_m"":45.68317173319539,""y_m"":-19.300816672303835,""yaw_rate_radps"":-1.4017}"
13357,13700453886229,/odom,Odometry,1789302445383642228,,"{""lateral_speed_mps"":0.0,""speed_mps"":6.117679585007042,""x_m"":45.53948268165785,""y_m"":-19.342469466801397,""yaw_rate_radps"":-1.4017}"
13366,13700479498152,/odom,Odometry,1789302445408680482,,"{""lateral_speed_mps"":0.0,""speed_mps"":6.088808190690787,""x_m"":45.39129967696283,""y_m"":-19.37981264710999,""yaw_rate_radps"":-1.4017}"
13375,13700502150559,/odom,Odometry,1789302445433476350,,"{""lateral_speed_mps"":0.0,""speed_mps"":6.050130735876027,""x_m"":45.244183312560814,""y_m"":-19.411532898222735,""yaw_rate_radps"":-1.4017}"
13384,13700528515538,/odom,Odometry,1789302445459466304,,"{""lateral_speed_mps"":0.0,""speed_mps"":6.068294244909699,""x_m"":45.08917033090199,""y_m"":-19.439292716326296,""yaw_rate_radps"":-1.4017}"
13393,13700553691091,/odom,Odometry,1789302445484079750,,"{""lateral_speed_mps"":0.0,""speed_mps"":6.060743761739251,""x_m"":44.94138940838266,""y_m"":-19.460322694193216,""yaw_rate_radps"":-1.4017}"
13402,13700579515714,/odom,Odometry,1789302445509370168,,"{""lateral_speed_mps"":0.0,""speed_mps"":6.047290764525578,""x_m"":44.78914502098698,""y_m"":-19.476558094290127,""yaw_rate_radps"":-1.4017}"
13411,13700604436357,/odom,Odometry,1789302445533981970,,"{""lateral_speed_mps"":0.0,""speed_mps"":6.118031298708294,""x_m"":44.639818302945876,""y_m"":-19.48718955818671,""yaw_rate_radps"":-1.4017}"
13420,13700628586761,/odom,Odometry,1789302445559144989,,"{""lateral_speed_mps"":0.0,""speed_mps"":6.10506129320835,""x_m"":44.486132655905706,""y_m"":-19.492701094994594,""yaw_rate_radps"":-1.4017}"
13428,13700652324319,/odom,Odometry,1789302445584112861,,"{""lateral_speed_mps"":0.0,""speed_mps"":6.0872699129148815,""x_m"":44.333922729915685,""y_m"":-19.492803750662773,""yaw_rate_radps"":-1.4017}"
13438,13700678633343,/odom,Odometry,1789302445609130857,,"{""lateral_speed_mps"":0.0,""speed_mps"":6.087493646818175,""x_m"":44.18172126017612,""y_m"":-19.487538235924834,""yaw_rate_radps"":-1.4017}"
13446,13700702611023,/odom,Odometry,1789302445633572279,,"{""lateral_speed_mps"":0.0,""speed_mps"":6.127703026401504,""x_m"":44.03280449241004,""y_m"":-19.47712789587674,""yaw_rate_radps"":-1.4017}"
13456,13700728767119,/odom,Odometry,1789302445659483484,,"{""lateral_speed_mps"":0.0,""speed_mps"":6.068456641432186,""x_m"":43.8756679799496,""y_m"":-19.46057019902343,""yaw_rate_radps"":-1.4017}"
13465,13700752462137,/odom,Odometry,1789302445684319207,,"{""lateral_speed_mps"":0.0,""speed_mps"":6.076470044960779,""x_m"":43.726332069240755,""y_m"":-19.439502678577686,""yaw_rate_radps"":-1.4017}"
13474,13700778472179,/odom,Odometry,1789302445709238809,,"{""lateral_speed_mps"":0.0,""speed_mps"":6.082417947687433,""x_m"":43.57715558845443,""y_m"":-19.4130813520547,""yaw_rate_radps"":-1.4017}"
13483,13700802499342,/odom,Odometry,1789302445734223492,,"{""lateral_speed_mps"":0.0,""speed_mps"":6.049597020922621,""x_m"":43.428941696791256,""y_m"":-19.381418565908337,""yaw_rate_radps"":-1.4017}"
13491,13700827113088,/odom,Odometry,1789302445758968745,,"{""lateral_speed_mps"":0.0,""speed_mps"":6.069128429384274,""x_m"":43.28350418400018,""y_m"":-19.344955021685983,""yaw_rate_radps"":-1.4016}"
13501,13700852836781,/odom,Odometry,1789302445783916068,,"{""lateral_speed_mps"":0.0,""speed_mps"":6.116349535991241,""x_m"":43.137461467665155,""y_m"":-19.3028251635243,""yaw_rate_radps"":-1.4017}"
13510,13700877358634,/odom,Odometry,1789302445808995720,,"{""lateral_speed_mps"":0.0,""speed_mps"":6.104384260247218,""x_m"":42.991800875179685,""y_m"":-19.255207615233537,""yaw_rate_radps"":-1.4017}"
13519,13700902113285,/odom,Odometry,1789302445833673587,,"{""lateral_speed_mps"":0.0,""speed_mps"":6.066698473038626,""x_m"":42.85075617225477,""y_m"":-19.203639850801423,""yaw_rate_radps"":-1.4017}"
13527,13700927036563,/odom,Odometry,1789302445858813282,,"{""lateral_speed_mps"":0.0,""speed_mps"":6.108659709930713,""x_m"":42.708958112923256,""y_m"":-19.146059498206817,""yaw_rate_radps"":-1.4017}"
13537,13700952445754,/odom,Odometry,1789302445883856094,,"{""lateral_speed_mps"":0.0,""speed_mps"":6.0952256760097665,""x_m"":42.569528764750046,""y_m"":-19.083524199800163,""yaw_rate_radps"":-1.4017}"
13545,13700977290865,/odom,Odometry,1789302445909063026,,"{""lateral_speed_mps"":0.0,""speed_mps"":6.084910551870784,""x_m"":42.43176019171258,""y_m"":-19.015807916793403,""yaw_rate_radps"":-1.4016}"
13555,13701002582746,/odom,Odometry,1789302445933729761,,"{""lateral_speed_mps"":0.0,""speed_mps"":6.147209209377819,""x_m"":42.29879422857754,""y_m"":-18.944534774736933,""yaw_rate_radps"":-1.4017}"
13564,13701027552381,/odom,Odometry,1789302445958898861,,"{""lateral_speed_mps"":0.0,""speed_mps"":6.083779931743944,""x_m"":42.165774771317565,""y_m"":-18.8670898607672,""yaw_rate_radps"":-1.4017}"
13573,13701052539560,/odom,Odometry,1789302445983830776,,"{""lateral_speed_mps"":0.0,""speed_mps"":6.087965265455355,""x_m"":42.03741220942754,""y_m"":-18.786183877995065,""yaw_rate_radps"":-1.4017}"
13582,13701077906251,/odom,Odometry,1789302446009076931,,"{""lateral_speed_mps"":0.0,""speed_mps"":6.088145285208278,""x_m"":41.91034775059296,""y_m"":-18.69970678550582,""yaw_rate_radps"":-1.4017}"
13590,13701102837434,/odom,Odometry,1789302446034112911,,"{""lateral_speed_mps"":0.0,""speed_mps"":6.064040163302491,""x_m"":41.78767584143867,""y_m"":-18.609747920752298,""yaw_rate_radps"":-1.4016}"
13600,13701127099138,/odom,Odometry,1789302446059194616,,"{""lateral_speed_mps"":0.0,""speed_mps"":6.071038834497115,""x_m"":41.66819871086457,""y_m"":-18.515486970541374,""yaw_rate_radps"":-1.4016}"
13608,13701151206802,/odom,Odometry,1789302446083528316,,"{""lateral_speed_mps"":0.0,""speed_mps"":6.058362228861694,""x_m"":41.55555816125314,""y_m"":-18.42014253547798,""yaw_rate_radps"":-1.4017}"
13617,13701176877516,/odom,Odometry,1789302446108798085,,"{""lateral_speed_mps"":0.0,""speed_mps"":6.090873026312435,""x_m"":41.441948706182934,""y_m"":-18.316910614575526,""yaw_rate_radps"":-1.4017}"
13627,13701202059630,/odom,Odometry,1789302446134289552,,"{""lateral_speed_mps"":0.0,""speed_mps"":6.078548376950905,""x_m"":41.33097050075727,""y_m"":-18.208548216278054,""yaw_rate_radps"":-1.4017}"
13636,13701225958722,/odom,Odometry,1789302446158468149,,"{""lateral_speed_mps"":0.0,""speed_mps"":6.071949498976402,""x_m"":41.229466797095455,""y_m"":-18.10237007129187,""yaw_rate_radps"":-1.4017}"
13645,13701251178408,/odom,Odometry,1789302446183671554,,"{""lateral_speed_mps"":0.0,""speed_mps"":6.0805599337473915,""x_m"":41.12752690868129,""y_m"":-17.988085601214774,""yaw_rate_radps"":-1.4017}"
13654,13701277632995,/odom,Odometry,1789302446209085284,,"{""lateral_speed_mps"":0.0,""speed_mps"":6.0718576008878,""x_m"":41.028951906594976,""y_m"":-17.86922505474332,""yaw_rate_radps"":-1.4017}"
13663,13701301858180,/odom,Odometry,1789302446233702286,,"{""lateral_speed_mps"":0.0,""speed_mps"":6.093039511333877,""x_m"":40.937561579325894,""y_m"":-17.75061760828105,""yaw_rate_radps"":-1.4017}"
13672,13701325976274,/odom,Odometry,1789302446258611488,,"{""lateral_speed_mps"":0.0,""speed_mps"":6.080559933747521,""x_m"":40.849204750553504,""y_m"":-17.627406460863355,""yaw_rate_radps"":-1.4017}"
13681,13701351074491,/odom,Odometry,1789302446283534525,,"{""lateral_speed_mps"":0.0,""speed_mps"":6.085129444731862,""x_m"":40.76515807175919,""y_m"":-17.50123314779072,""yaw_rate_radps"":-1.4017}"
13690,13701377247359,/odom,Odometry,1789302446309307782,,"{""lateral_speed_mps"":0.0,""speed_mps"":6.073748628635958,""x_m"":40.683027881357226,""y_m"":-17.367795944295015,""yaw_rate_radps"":-1.4017}"
13699,13701401881503,/odom,Odometry,1789302446333962414,,"{""lateral_speed_mps"":0.0,""speed_mps"":6.073474753025487,""x_m"":40.6091532574641,""y_m"":-17.2375446673796,""yaw_rate_radps"":-1.4017}"
13708,13701426894159,/odom,Odometry,1789302446358955193,,"{""lateral_speed_mps"":0.0,""speed_mps"":6.127901623300624,""x_m"":40.53864986044559,""y_m"":-17.102351493816382,""yaw_rate_radps"":-1.4016}"
13717,13701451266651,/odom,Odometry,1789302446383537069,,"{""lateral_speed_mps"":0.0,""speed_mps"":6.089127553319261,""x_m"":40.473860217339166,""y_m"":-16.96688927524124,""yaw_rate_radps"":-1.4017}"
13725,13701477144414,/odom,Odometry,1789302446409082226,,"{""lateral_speed_mps"":0.0,""speed_mps"":6.1109508970264494,""x_m"":40.41160546721258,""y_m"":-16.824040724341337,""yaw_rate_radps"":-1.4017}"
13735,13701502573974,/odom,Odometry,1789302446434388454,,"{""lateral_speed_mps"":0.0,""speed_mps"":6.063169286963099,""x_m"":40.355159272093076,""y_m"":-16.68071329061939,""yaw_rate_radps"":-1.4017}"
13744,13701527298408,/odom,Odometry,1789302446458981291,,"{""lateral_speed_mps"":0.0,""speed_mps"":6.087405199853972,""x_m"":40.305339234820245,""y_m"":-16.539855383630645,""yaw_rate_radps"":-1.4017}"
13752,13701551953973,/odom,Odometry,1789302446484404859,,"{""lateral_speed_mps"":0.0,""speed_mps"":6.097778015576436,""x_m"":40.25886252594027,""y_m"":-16.392098901794153,""yaw_rate_radps"":-1.4017}"
13762,13701577062449,/odom,Odometry,1789302446509302259,,"{""lateral_speed_mps"":0.0,""speed_mps"":6.075902097022602,""x_m"":40.21850520182293,""y_m"":-16.24602375310438,""yaw_rate_radps"":-1.4017}"
13771,13701602455951,/odom,Odometry,1789302446533599259,,"{""lateral_speed_mps"":0.0,""speed_mps"":6.064043662914295,""x_m"":40.18415900674945,""y_m"":-16.10259671228952,""yaw_rate_radps"":-1.4016}"
13780,13701627540592,/odom,Odometry,1789302446558721722,,"{""lateral_speed_mps"":0.0,""speed_mps"":6.121240344971069,""x_m"":40.153781371423335,""y_m"":-15.952578170129199,""yaw_rate_radps"":-1.4016}"
13789,13701651980281,/odom,Odometry,1789302446583894318,,"{""lateral_speed_mps"":0.0,""speed_mps"":6.092837821549451,""x_m"":40.12869751267969,""y_m"":-15.800909160157461,""yaw_rate_radps"":-1.4016}"
13798,13701677160482,/odom,Odometry,1789302446608858273,,"{""lateral_speed_mps"":0.0,""speed_mps"":6.115088970692664,""x_m"":40.10912947643589,""y_m"":-15.649790891715059,""yaw_rate_radps"":-1.4017}"
13807,13701702414632,/odom,Odometry,1789302446633699617,,"{""lateral_speed_mps"":0.0,""speed_mps"":6.142803546976986,""x_m"":40.09490340316883,""y_m"":-15.498207400850244,""yaw_rate_radps"":-1.4016}"
13816,13701727233634,/odom,Odometry,1789302446659063894,,"{""lateral_speed_mps"":0.0,""speed_mps"":6.068254774812614,""x_m"":40.0858630575017,""y_m"":-15.343609878042827,""yaw_rate_radps"":-1.4017}"
13824,13701751789822,/odom,Odometry,1789302446683469699,,"{""lateral_speed_mps"":0.0,""speed_mps"":6.052596010136173,""x_m"":40.0823184298125,""y_m"":-15.195740434652889,""yaw_rate_radps"":-1.4017}"
13834,13701777419268,/odom,Odometry,1789302446709416251,,"{""lateral_speed_mps"":0.0,""speed_mps"":6.055503592222737,""x_m"":40.0840888011882,""y_m"":-15.038669742561694,""yaw_rate_radps"":-1.4016}"
13842,13701801770840,/odom,Odometry,1789302446733659540,,"{""lateral_speed_mps"":0.0,""speed_mps"":6.050475128797568,""x_m"":40.09089755071615,""y_m"":-14.892083017185719,""yaw_rate_radps"":-1.4017}"
13852,13701827501246,/odom,Odometry,1789302446758675222,,"{""lateral_speed_mps"":0.0,""speed_mps"":6.091151814908792,""x_m"":40.10327173834613,""y_m"":-14.740722994010989,""yaw_rate_radps"":-1.4017}"
13859,13701854906031,/odom,Odometry,1789302446783920986,,"{""lateral_speed_mps"":0.0,""speed_mps"":6.1213566156093915,""x_m"":40.12135120215734,""y_m"":-14.58763038681112,""yaw_rate_radps"":-1.4017}"
13869,13701877666852,/odom,Odometry,1789302446808863640,,"{""lateral_speed_mps"":0.0,""speed_mps"":6.117067216583076,""x_m"":40.14457738546428,""y_m"":-14.436777191960969,""yaw_rate_radps"":-1.4017}"
13879,13701903358515,/odom,Odometry,1789302446833853434,,"{""lateral_speed_mps"":0.0,""speed_mps"":6.136788571033393,""x_m"":40.17318301755873,""y_m"":-14.286363631611291,""yaw_rate_radps"":-1.4016}"
13888,13701927113305,/odom,Odometry,1789302446858462841,,"{""lateral_speed_mps"":0.0,""speed_mps"":6.097746015736788,""x_m"":40.206381188790864,""y_m"":-14.139527924301426,""yaw_rate_radps"":-1.4017}"
13895,13701952886191,/odom,Odometry,1789302446883960359,,"{""lateral_speed_mps"":0.0,""speed_mps"":6.08687821164129,""x_m"":40.245946698961546,""y_m"":-13.989311340729275,""yaw_rate_radps"":-1.4017}"
13905,13701977431138,/odom,Odometry,1789302446908974748,,"{""lateral_speed_mps"":0.0,""speed_mps"":6.082529364632504,""x_m"":40.28998281247565,""y_m"":-13.843615599879397,""yaw_rate_radps"":-1.4017}"
13915,13702002652276,/odom,Odometry,1789302446933968068,,"{""lateral_speed_mps"":0.0,""speed_mps"":6.0822976006681975,""x_m"":40.33905212469982,""y_m"":-13.6997323901121,""yaw_rate_radps"":-1.4017}"
13924,13702028146638,/odom,Odometry,1789302446959377841,,"{""lateral_speed_mps"":0.0,""speed_mps"":6.0931989160599525,""x_m"":40.39409874200124,""y_m"":-13.55517029220434,""yaw_rate_radps"":-1.4017}"
13932,13702052559997,/odom,Odometry,1789302446984147149,,"{""lateral_speed_mps"":0.0,""speed_mps"":6.077926366307952,""x_m"":40.4526598675212,""y_m"":-13.416275784210669,""yaw_rate_radps"":-1.4017}"
13942,13702078551483,/odom,Odometry,1789302447009025563,,"{""lateral_speed_mps"":0.0,""speed_mps"":6.025403016377501,""x_m"":40.515898032920624,""y_m"":-13.279645937713322,""yaw_rate_radps"":-1.4017}"
13951,13702102374953,/odom,Odometry,1789302447033891333,,"{""lateral_speed_mps"":0.0,""speed_mps"":6.093806390650776,""x_m"":40.58396328573716,""y_m"":-13.145218354396826,""yaw_rate_radps"":-1.4017}"
13959,13702127397488,/odom,Odometry,1789302447059399811,,"{""lateral_speed_mps"":0.0,""speed_mps"":6.026270026593566,""x_m"":40.65859622512453,""y_m"":-13.00984503601091,""yaw_rate_radps"":-1.4016}"
13969,13702153507838,/odom,Odometry,1789302447083909381,,"{""lateral_speed_mps"":0.0,""speed_mps"":6.111501637836459,""x_m"":40.734941402788785,""y_m"":-12.882187413193986,""yaw_rate_radps"":-1.4017}"
13978,13702178529972,/odom,Odometry,1789302447108580875,,"{""lateral_speed_mps"":0.0,""speed_mps"":6.115843684463906,""x_m"":40.81695714487048,""y_m"":-12.755600463297545,""yaw_rate_radps"":-1.4017}"
13986,13702202586640,/odom,Odometry,1789302447134205512,,"{""lateral_speed_mps"":0.0,""speed_mps"":6.068219794928577,""x_m"":40.90640764007792,""y_m"":-12.627664974448402,""yaw_rate_radps"":-1.4017}"
13996,13702228194105,/odom,Odometry,1789302447159096570,,"{""lateral_speed_mps"":0.0,""speed_mps"":6.078385558069432,""x_m"":40.997332062481874,""y_m"":-12.506894339459441,""yaw_rate_radps"":-1.4017}"
14005,13702252866481,/odom,Odometry,1789302447184030928,,"{""lateral_speed_mps"":0.0,""speed_mps"":6.081606842755609,""x_m"":41.0927107144575,""y_m"":-12.389057189460988,""yaw_rate_radps"":-1.4017}"
14014,13702277638043,/odom,Odometry,1789302447208838649,,"{""lateral_speed_mps"":0.0,""speed_mps"":6.073633626924822,""x_m"":41.191640037560695,""y_m"":-12.27528064055033,""yaw_rate_radps"":-1.4017}"
14023,13702303177881,/odom,Odometry,1789302447234003962,,"{""lateral_speed_mps"":0.0,""speed_mps"":6.068063973409318,""x_m"":41.2958773283303,""y_m"":-12.163590256875858,""yaw_rate_radps"":-1.4016}"
14032,13702328489238,/odom,Odometry,1789302447258904738,,"{""lateral_speed_mps"":0.0,""speed_mps"":6.10464948320036,""x_m"":41.40311671030651,""y_m"":-12.056497363352907,""yaw_rate_radps"":-1.4017}"
14040,13702352373272,/odom,Odometry,1789302447283595298,,"{""lateral_speed_mps"":0.0,""speed_mps"":6.113116749771925,""x_m"":41.51352944948733,""y_m"":-11.953740716817434,""yaw_rate_radps"":-1.4017}"
14049,13702377786010,/odom,Odometry,1789302447308962090,,"{""lateral_speed_mps"":0.0,""speed_mps"":6.0817761963189,""x_m"":41.63039009306656,""y_m"":-11.852413504696843,""yaw_rate_radps"":-1.4017}"
14058,13702402463406,/odom,Odometry,1789302447334196202,,"{""lateral_speed_mps"":0.0,""speed_mps"":6.077593715193532,""x_m"":41.74976034531455,""y_m"":-11.75604312812279,""yaw_rate_radps"":-1.4017}"
14068,13702427789511,/odom,Odometry,1789302447358747992,,"{""lateral_speed_mps"":0.0,""speed_mps"":6.100865224238274,""x_m"":41.86931757193494,""y_m"":-11.666285277388084,""yaw_rate_radps"":-1.4017}"
14077,13702453340279,/odom,Odometry,1789302447383682511,,"{""lateral_speed_mps"":0.0,""speed_mps"":6.083678486379823,""x_m"":41.993932650979275,""y_m"":-11.579408671381756,""yaw_rate_radps"":-1.4016}"
14085,13702476951039,/odom,Odometry,1789302447408854316,,"{""lateral_speed_mps"":0.0,""speed_mps"":6.075770825476392,""x_m"":42.1224717656808,""y_m"":-11.496353710536486,""yaw_rate_radps"":-1.4017}"
14094,13702501131120,/odom,Odometry,1789302447433456460,,"{""lateral_speed_mps"":0.0,""speed_mps"":6.0635529011015405,""x_m"":42.250620443057734,""y_m"":-11.419698626196386,""yaw_rate_radps"":-1.4016}"
14103,13702526724007,/odom,Odometry,1789302447459411989,,"{""lateral_speed_mps"":0.0,""speed_mps"":6.048823297901396,""x_m"":42.38827311246963,""y_m"":-11.343795972579253,""yaw_rate_radps"":-1.4017}"
14113,13702552041596,/odom,Odometry,1789302447484206074,,"{""lateral_speed_mps"":0.0,""speed_mps"":5.884503085887035,""x_m"":42.51976044238633,""y_m"":-11.275996636917268,""yaw_rate_radps"":-0.1835}"
14121,13702575634091,/odom,Odometry,1789302447508709443,,"{""lateral_speed_mps"":0.0,""speed_mps"":5.713819971413195,""x_m"":42.646702279024105,""y_m"":-11.212140023450603,""yaw_rate_radps"":0.0141}"
14131,13702601609308,/odom,Odometry,1789302447534440500,,"{""lateral_speed_mps"":0.0,""speed_mps"":5.536083853566706,""x_m"":42.7760201796346,""y_m"":-11.147136741905886,""yaw_rate_radps"":0.015}"
14140,13702627434411,/odom,Odometry,1789302447559202755,,"{""lateral_speed_mps"":0.0,""speed_mps"":5.366041761644967,""x_m"":42.89661312543884,""y_m"":-11.086495935260645,""yaw_rate_radps"":0.0133}"
14149,13702652228697,/odom,Odometry,1789302447584438520,,"{""lateral_speed_mps"":0.0,""speed_mps"":5.19443122941749,""x_m"":43.01564427811641,""y_m"":-11.026602658193172,""yaw_rate_radps"":0.0119}"
14157,13702676978238,/odom,Odometry,1789302447609035925,,"{""lateral_speed_mps"":0.0,""speed_mps"":5.0282964485419255,""x_m"":43.12794235390985,""y_m"":-10.970064622382603,""yaw_rate_radps"":0.0106}"
14167,13702702871730,/odom,Odometry,1789302447634438414,,"{""lateral_speed_mps"":0.0,""speed_mps"":4.857497841421388,""x_m"":43.24008576810182,""y_m"":-10.913589692687548,""yaw_rate_radps"":0.0095}"
14176,13702727138935,/odom,Odometry,1789302447658937114,,"{""lateral_speed_mps"":0.0,""speed_mps"":4.694170835455422,""x_m"":43.344573237982864,""y_m"":-10.86094204014062,""yaw_rate_radps"":0.0084}"
14184,13702752178130,/odom,Odometry,1789302447683659134,,"{""lateral_speed_mps"":0.0,""speed_mps"":4.530248000391845,""x_m"":43.446389690607155,""y_m"":-10.809614488214335,""yaw_rate_radps"":0.0075}"
14193,13702775844264,/odom,Odometry,1789302447708522068,,"{""lateral_speed_mps"":0.0,""speed_mps"":4.366411244250805,""x_m"":43.5451450783717,""y_m"":-10.759820142657741,""yaw_rate_radps"":0.0067}"
14203,13702801712710,/odom,Odometry,1789302447733610176,,"{""lateral_speed_mps"":0.0,""speed_mps"":4.2023227537562295,""x_m"":43.6411199088711,""y_m"":-10.711421788500653,""yaw_rate_radps"":0.006}"
14212,13702826503058,/odom,Odometry,1789302447758528504,,"{""lateral_speed_mps"":0.0,""speed_mps"":4.040723432249278,""x_m"":43.73281327836877,""y_m"":-10.665162647585188,""yaw_rate_radps"":0.0053}"
14221,13702851705901,/odom,Odometry,1789302447784350502,,"{""lateral_speed_mps"":0.0,""speed_mps"":3.8741152584966354,""x_m"":43.82403981793771,""y_m"":-10.619117635902473,""yaw_rate_radps"":0.0047}"
14230,13702877122126,/odom,Odometry,1789302447809113519,,"{""lateral_speed_mps"":0.0,""speed_mps"":3.7155980508180497,""x_m"":43.90792982079586,""y_m"":-10.576770411968832,""yaw_rate_radps"":0.0042}"
14238,13702900919868,/odom,Odometry,1789302447833470322,,"{""lateral_speed_mps"":0.0,""speed_mps"":3.5604981362398593,""x_m"":43.9870315378499,""y_m"":-10.536836238014319,""yaw_rate_radps"":0.0037}"
14248,13702925909070,/odom,Odometry,1789302447858580281,,"{""lateral_speed_mps"":0.0,""speed_mps"":3.4019810233698604,""x_m"":44.06505836273224,""y_m"":-10.497427953541285,""yaw_rate_radps"":0.0033}"
14256,13702950799446,/odom,Odometry,1789302447883609047,,"{""lateral_speed_mps"":0.0,""speed_mps"":3.2450698483726215,""x_m"":44.139303502707975,""y_m"":-10.45991405889318,""yaw_rate_radps"":0.003}"
14266,13702976064917,/odom,Odometry,1789302447908573202,,"{""lateral_speed_mps"":0.0,""speed_mps"":3.089430792430693,""x_m"":44.20987323213923,""y_m"":-10.424254720483221,""yaw_rate_radps"":0.0026}"
14275,13703001222195,/odom,Odometry,1789302447933436918,,"{""lateral_speed_mps"":0.0,""speed_mps"":2.935447025490537,""x_m"":44.27672294774747,""y_m"":-10.39047320125729,""yaw_rate_radps"":0.0023}"
14284,13703025781869,/odom,Odometry,1789302447958445636,,"{""lateral_speed_mps"":0.0,""speed_mps"":2.7815205942238963,""x_m"":44.34052520670638,""y_m"":-10.358229613231455,""yaw_rate_radps"":0.0021}"
14293,13703050940470,/odom,Odometry,1789302447983504048,,"{""lateral_speed_mps"":0.0,""speed_mps"":2.628594504083374,""x_m"":44.40102253449399,""y_m"":-10.327654464818746,""yaw_rate_radps"":0.0019}"
14302,13703078731220,/odom,Odometry,1789302448009313052,,"{""lateral_speed_mps"":0.0,""speed_mps"":2.4721814744787958,""x_m"":44.459768059263936,""y_m"":-10.29796334719966,""yaw_rate_radps"":0.0017}"
14312,13703103691938,/odom,Odometry,1789302448033717735,,"{""lateral_speed_mps"":0.0,""speed_mps"":2.3254695989237573,""x_m"":44.51201681306037,""y_m"":-10.271556457490762,""yaw_rate_radps"":0.0015}"
14319,13703128218831,/odom,Odometry,1789302448058980170,,"{""lateral_speed_mps"":0.0,""speed_mps"":2.174224241026714,""x_m"":44.562742986847816,""y_m"":-10.245919853692966,""yaw_rate_radps"":0.0013}"
14329,13703151808581,/odom,Odometry,1789302448084373332,,"{""lateral_speed_mps"":0.0,""speed_mps"":2.0234916626846338,""x_m"":44.61030655599084,""y_m"":-10.221872860616477,""yaw_rate_radps"":0.0012}"
14338,13703176862014,/odom,Odometry,1789302448109135617,,"{""lateral_speed_mps"":0.0,""speed_mps"":1.8775802886330628,""x_m"":44.65340726943662,""y_m"":-10.200074524766277,""yaw_rate_radps"":0.001}"
14347,13703201826820,/odom,Odometry,1789302448134143675,,"{""lateral_speed_mps"":0.0,""speed_mps"":1.7309755836855911,""x_m"":44.69367210524811,""y_m"":-10.179709972416651,""yaw_rate_radps"":0.0009}"
14356,13703225824697,/odom,Odometry,1789302448158577993,,"{""lateral_speed_mps"":0.0,""speed_mps"":1.5888464180180573,""x_m"":44.729864636048866,""y_m"":-10.161404626788611,""yaw_rate_radps"":0.0008}"
14365,13703250970263,/odom,Odometry,1789302448183753435,,"{""lateral_speed_mps"":0.0,""speed_mps"":1.4433074339489482,""x_m"":44.763924018424404,""y_m"":-10.144177829179975,""yaw_rate_radps"":0.0007}"
14373,13703276804915,/odom,Odometry,1789302448208824381,,"{""lateral_speed_mps"":0.0,""speed_mps"":1.2994040455250286,""x_m"":44.794603978848656,""y_m"":-10.128660027893039,""yaw_rate_radps"":0.0006}"
14383,13703301866593,/odom,Odometry,1789302448234223824,,"{""lateral_speed_mps"":0.0,""speed_mps"":1.1545809730174088,""x_m"":44.822414129583365,""y_m"":-10.114593519865899,""yaw_rate_radps"":0.0006}"
14391,13703327137645,/odom,Odometry,1789302448259309197,,"{""lateral_speed_mps"":0.0,""speed_mps"":1.012444585138991,""x_m"":44.846668359086564,""y_m"":-10.102325400362137,""yaw_rate_radps"":0.0005}"
14401,13703350984549,/odom,Odometry,1789302448283450304,,"{""lateral_speed_mps"":0.0,""speed_mps"":0.8766770250639463,""x_m"":44.867015963527265,""y_m"":-10.092033249088859,""yaw_rate_radps"":0.0005}"
14410,13703376749620,/odom,Odometry,1789302448309448553,,"{""lateral_speed_mps"":0.0,""speed_mps"":0.7314282833466077,""x_m"":44.88566931873395,""y_m"":-10.08259802554151,""yaw_rate_radps"":0.0004}"
14418,13703402031212,/odom,Odometry,1789302448334058031,,"{""lateral_speed_mps"":0.0,""speed_mps"":0.5948919024738812,""x_m"":44.90023234540713,""y_m"":-10.075231660948765,""yaw_rate_radps"":0.0004}"
14428,13703426903484,/odom,Odometry,1789302448359100072,,"{""lateral_speed_mps"":0.0,""speed_mps"":0.45694377599270586,""x_m"":44.91198456938485,""y_m"":-10.069286988208304,""yaw_rate_radps"":0.0003}"
14437,13703451959351,/odom,Odometry,1789302448384218828,,"{""lateral_speed_mps"":0.0,""speed_mps"":0.31966592494220974,""x_m"":44.920688102896186,""y_m"":-10.064884422494536,""yaw_rate_radps"":0.0003}"
14446,13703477806767,/odom,Odometry,1789302448408600177,,"{""lateral_speed_mps"":0.0,""speed_mps"":0.004044387340738809,""x_m"":44.924209465463264,""y_m"":-10.063103234421797,""yaw_rate_radps"":0.0003}"
14455,13703502350170,/odom,Odometry,1789302448434227058,,"{""lateral_speed_mps"":0.0,""speed_mps"":0.0,""x_m"":44.92425570922042,""y_m"":-10.063079844430995,""yaw_rate_radps"":0.0002}"
14464,13703526084793,/odom,Odometry,1789302448458453105,,"{""lateral_speed_mps"":0.0,""speed_mps"":0.00013324403762817382,""x_m"":44.92425714944741,""y_m"":-10.06307911591576,""yaw_rate_radps"":0.0002}"
14473,13703552045121,/odom,Odometry,1789302448484021335,,"{""lateral_speed_mps"":0.0,""speed_mps"":0.0009488711118698119,""x_m"":44.92426949346841,""y_m"":-10.063072870776969,""yaw_rate_radps"":0.0001}"
14482,13703577371537,/odom,Odometry,1789302448509218999,,"{""lateral_speed_mps"":0.0,""speed_mps"":0.0017426000595092772,""x_m"":44.92429975006192,""y_m"":-10.0630575608839,""yaw_rate_radps"":0.0001}"
14491,13703601426673,/odom,Odometry,1789302448533735442,,"{""lateral_speed_mps"":0.0,""speed_mps"":0.002416799521446228,""x_m"":44.924345243520285,""y_m"":-10.063034539540364,""yaw_rate_radps"":0.0001}"
14500,13703625909803,/odom,Odometry,1789302448558652418,,"{""lateral_speed_mps"":0.0,""speed_mps"":0.0,""x_m"":44.92437210909409,""y_m"":-10.063020943808127,""yaw_rate_radps"":0.0001}"
14509,13703652209559,/odom,Odometry,1789302448584384507,,"{""lateral_speed_mps"":0.0,""speed_mps"":0.0,""x_m"":44.92437210909409,""y_m"":-10.063020943808127,""yaw_rate_radps"":0.0001}"
14518,13703676970652,/odom,Odometry,1789302448609223457,,"{""lateral_speed_mps"":0.0,""speed_mps"":0.0,""x_m"":44.92437210909409,""y_m"":-10.063020943808127,""yaw_rate_radps"":0.0001}"
14526,13703701734941,/odom,Odometry,1789302448634354014,,"{""lateral_speed_mps"":0.0,""speed_mps"":0.0,""x_m"":44.92437210909409,""y_m"":-10.063020943808127,""yaw_rate_radps"":0.0}"
14535,13703726049444,/odom,Odometry,1789302448658446730,,"{""lateral_speed_mps"":0.0,""speed_mps"":0.0,""x_m"":44.92437210909409,""y_m"":-10.063020943808127,""yaw_rate_radps"":0.0}"
14545,13703753330376,/odom,Odometry,1789302448683590643,,"{""lateral_speed_mps"":0.0,""speed_mps"":0.0,""x_m"":44.92437210909409,""y_m"":-10.063020943808127,""yaw_rate_radps"":0.0}"
14553,13703775847429,/odom,Odometry,1789302448708466632,,"{""lateral_speed_mps"":0.0,""speed_mps"":0.0,""x_m"":44.92437210909409,""y_m"":-10.063020943808127,""yaw_rate_radps"":0.0}"
14563,13703802230472,/odom,Odometry,1789302448734006099,,"{""lateral_speed_mps"":0.0,""speed_mps"":0.0,""x_m"":44.92437210909409,""y_m"":-10.063020943808127,""yaw_rate_radps"":0.0}"
14571,13703827122271,/odom,Odometry,1789302448759276279,,"{""lateral_speed_mps"":0.0,""speed_mps"":0.0,""x_m"":44.92437210909409,""y_m"":-10.063020943808127,""yaw_rate_radps"":0.0}"
14579,13703852837448,/odom,Odometry,1789302448784318852,,"{""lateral_speed_mps"":0.0,""speed_mps"":0.0,""x_m"":44.92437210909409,""y_m"":-10.063020943808127,""yaw_rate_radps"":0.0}"
14590,13703877367486,/odom,Odometry,1789302448809115191,,"{""lateral_speed_mps"":0.0,""speed_mps"":0.0,""x_m"":44.92437210909409,""y_m"":-10.063020943808127,""yaw_rate_radps"":0.0}"
14599,13703902065481,/odom,Odometry,1789302448833747011,,"{""lateral_speed_mps"":0.0,""speed_mps"":0.0,""x_m"":44.92437210909409,""y_m"":-10.063020943808127,""yaw_rate_radps"":0.0}"
14607,13703926719452,/odom,Odometry,1789302448859407605,,"{""lateral_speed_mps"":0.0,""speed_mps"":0.0,""x_m"":44.92437210909409,""y_m"":-10.063020943808127,""yaw_rate_radps"":0.0}"
14616,13703951370959,/odom,Odometry,1789302448884274447,,"{""lateral_speed_mps"":0.0,""speed_mps"":0.0,""x_m"":44.92437210909409,""y_m"":-10.063020943808127,""yaw_rate_radps"":0.0}"
14626,13703976675694,/odom,Odometry,1789302448908973784,,"{""lateral_speed_mps"":0.0,""speed_mps"":0.0,""x_m"":44.92437210909409,""y_m"":-10.063020943808127,""yaw_rate_radps"":0.0}"
14635,13704002319166,/odom,Odometry,1789302448934192647,,"{""lateral_speed_mps"":0.0,""speed_mps"":0.0,""x_m"":44.92437210909409,""y_m"":-10.063020943808127,""yaw_rate_radps"":0.0}"
14643,13704026112790,/odom,Odometry,1789302448958438582,,"{""lateral_speed_mps"":0.0,""speed_mps"":0.0,""x_m"":44.92437210909409,""y_m"":-10.063020943808127,""yaw_rate_radps"":0.0}"
14653,13704051288373,/odom,Odometry,1789302448983634091,,"{""lateral_speed_mps"":0.0,""speed_mps"":0.0,""x_m"":44.92437210909409,""y_m"":-10.063020943808127,""yaw_rate_radps"":0.0}"
14661,13704076113576,/odom,Odometry,1789302449008453324,,"{""lateral_speed_mps"":0.0,""speed_mps"":0.0,""x_m"":44.92437210909409,""y_m"":-10.063020943808127,""yaw_rate_radps"":0.0}"
14670,13704102066951,/odom,Odometry,1789302449034034880,,"{""lateral_speed_mps"":0.0,""speed_mps"":0.0,""x_m"":44.92437210909409,""y_m"":-10.063020943808127,""yaw_rate_radps"":0.0}"
14680,13704127692449,/odom,Odometry,1789302449058458057,,"{""lateral_speed_mps"":0.0,""speed_mps"":0.0,""x_m"":44.92437210909409,""y_m"":-10.063020943808127,""yaw_rate_radps"":0.0}"
14689,13704151750440,/odom,Odometry,1789302449083537008,,"{""lateral_speed_mps"":0.0,""speed_mps"":0.0,""x_m"":44.92437210909409,""y_m"":-10.063020943808127,""yaw_rate_radps"":0.0}"
14698,13704178536000,/odom,Odometry,1789302449108982067,,"{""lateral_speed_mps"":0.0,""speed_mps"":0.0,""x_m"":44.92437210909409,""y_m"":-10.063020943808127,""yaw_rate_radps"":0.0}"
14707,13704202417549,/odom,Odometry,1789302449133850492,,"{""lateral_speed_mps"":0.0,""speed_mps"":0.0,""x_m"":44.92437210909409,""y_m"":-10.063020943808127,""yaw_rate_radps"":0.0}"
14715,13704227452517,/odom,Odometry,1789302449158958417,,"{""lateral_speed_mps"":0.0,""speed_mps"":0.0,""x_m"":44.92437210909409,""y_m"":-10.063020943808127,""yaw_rate_radps"":0.0}"
14724,13704252303419,/odom,Odometry,1789302449184107640,,"{""lateral_speed_mps"":0.0,""speed_mps"":0.0,""x_m"":44.92437210909409,""y_m"":-10.063020943808127,""yaw_rate_radps"":0.0}"
14734,13704277531199,/odom,Odometry,1789302449208769216,,"{""lateral_speed_mps"":0.0,""speed_mps"":0.0,""x_m"":44.92437210909409,""y_m"":-10.063020943808127,""yaw_rate_radps"":0.0}"
14743,13704302398833,/odom,Odometry,1789302449233745012,,"{""lateral_speed_mps"":0.0,""speed_mps"":0.0,""x_m"":44.92437210909409,""y_m"":-10.063020943808127,""yaw_rate_radps"":0.0}"
14752,13704326958347,/odom,Odometry,1789302449258455229,,"{""lateral_speed_mps"":0.0,""speed_mps"":0.0,""x_m"":44.92437210909409,""y_m"":-10.063020943808127,""yaw_rate_radps"":0.0}"
14761,13704352578124,/odom,Odometry,1789302449284070479,,"{""lateral_speed_mps"":0.0,""speed_mps"":0.0,""x_m"":44.92437210909409,""y_m"":-10.063020943808127,""yaw_rate_radps"":0.0}"
14770,13704377573097,/odom,Odometry,1789302449308988086,,"{""lateral_speed_mps"":0.0,""speed_mps"":0.0,""x_m"":44.92437210909409,""y_m"":-10.063020943808127,""yaw_rate_radps"":0.0}"
14779,13704402578109,/odom,Odometry,1789302449334388461,,"{""lateral_speed_mps"":0.0,""speed_mps"":0.0,""x_m"":44.92437210909409,""y_m"":-10.063020943808127,""yaw_rate_radps"":0.0}"
14789,13704429098270,/odom,Odometry,1789302449359214125,,"{""lateral_speed_mps"":0.0,""speed_mps"":0.0,""x_m"":44.92437210909409,""y_m"":-10.063020943808127,""yaw_rate_radps"":0.0}"
14797,13704451675446,/odom,Odometry,1789302449383530973,,"{""lateral_speed_mps"":0.0,""speed_mps"":0.0,""x_m"":44.92437210909409,""y_m"":-10.063020943808127,""yaw_rate_radps"":0.0}"
14806,13704477611839,/odom,Odometry,1789302449408944142,,"{""lateral_speed_mps"":0.0,""speed_mps"":0.0,""x_m"":44.92437210909409,""y_m"":-10.063020943808127,""yaw_rate_radps"":0.0}"
14814,13704501639613,/odom,Odometry,1789302449434238728,,"{""lateral_speed_mps"":0.0,""speed_mps"":0.0,""x_m"":44.92437210909409,""y_m"":-10.063020943808127,""yaw_rate_radps"":0.0}"
14824,13704526713153,/odom,Odometry,1789302449458564082,,"{""lateral_speed_mps"":0.0,""speed_mps"":0.0,""x_m"":44.92437210909409,""y_m"":-10.063020943808127,""yaw_rate_radps"":0.0}"
14833,13704554020565,/odom,Odometry,1789302449484458426,,"{""lateral_speed_mps"":0.0,""speed_mps"":0.0,""x_m"":44.92437210909409,""y_m"":-10.063020943808127,""yaw_rate_radps"":0.0}"
14842,13704576894238,/odom,Odometry,1789302449508793057,,"{""lateral_speed_mps"":0.0,""speed_mps"":0.0,""x_m"":44.92437210909409,""y_m"":-10.063020943808127,""yaw_rate_radps"":0.0}"
14851,13704601031187,/odom,Odometry,1789302449533588595,,"{""lateral_speed_mps"":0.0,""speed_mps"":0.0,""x_m"":44.92437210909409,""y_m"":-10.063020943808127,""yaw_rate_radps"":0.0}"
14860,13704627056127,/odom,Odometry,1789302449558916193,,"{""lateral_speed_mps"":0.0,""speed_mps"":0.0,""x_m"":44.92437210909409,""y_m"":-10.063020943808127,""yaw_rate_radps"":0.0}"
14868,13704650799747,/odom,Odometry,1789302449583640166,,"{""lateral_speed_mps"":0.0,""speed_mps"":0.0,""x_m"":44.92437210909409,""y_m"":-10.063020943808127,""yaw_rate_radps"":0.0}"
14878,13704677073915,/odom,Odometry,1789302449609402782,,"{""lateral_speed_mps"":0.0,""speed_mps"":0.0,""x_m"":44.92437210909409,""y_m"":-10.063020943808127,""yaw_rate_radps"":0.0}"
14887,13704702378420,/odom,Odometry,1789302449633831961,,"{""lateral_speed_mps"":0.0,""speed_mps"":0.0,""x_m"":44.92437210909409,""y_m"":-10.063020943808127,""yaw_rate_radps"":0.0}"
14896,13704726198163,/odom,Odometry,1789302449658581853,,"{""lateral_speed_mps"":0.0,""speed_mps"":0.0,""x_m"":44.92437210909409,""y_m"":-10.063020943808127,""yaw_rate_radps"":0.0}"
14905,13704751033195,/odom,Odometry,1789302449683727579,,"{""lateral_speed_mps"":0.0,""speed_mps"":0.0,""x_m"":44.92437210909409,""y_m"":-10.063020943808127,""yaw_rate_radps"":0.0}"
14914,13704776098059,/odom,Odometry,1789302449708562170,,"{""lateral_speed_mps"":0.0,""speed_mps"":0.0,""x_m"":44.92437210909409,""y_m"":-10.063020943808127,""yaw_rate_radps"":0.0}"
14923,13704802311783,/odom,Odometry,1789302449734365443,,"{""lateral_speed_mps"":0.0,""speed_mps"":0.0,""x_m"":44.92437210909409,""y_m"":-10.063020943808127,""yaw_rate_radps"":0.0}"
14931,13704826982867,/odom,Odometry,1789302449759408196,,"{""lateral_speed_mps"":0.0,""speed_mps"":0.0,""x_m"":44.92437210909409,""y_m"":-10.063020943808127,""yaw_rate_radps"":0.0}"
14941,13704852056678,/odom,Odometry,1789302449784455246,,"{""lateral_speed_mps"":0.0,""speed_mps"":0.0,""x_m"":44.92437210909409,""y_m"":-10.063020943808127,""yaw_rate_radps"":0.0}"
14949,13704876150085,/odom,Odometry,1789302449808629526,,"{""lateral_speed_mps"":0.0,""speed_mps"":0.0,""x_m"":44.92437210909409,""y_m"":-10.063020943808127,""yaw_rate_radps"":0.0}"
14958,13704900738113,/odom,Odometry,1789302449833454750,,"{""lateral_speed_mps"":0.0,""speed_mps"":0.0,""x_m"":44.92437210909409,""y_m"":-10.063020943808127,""yaw_rate_radps"":0.0}"
14968,13704926963780,/odom,Odometry,1789302449859238215,,"{""lateral_speed_mps"":0.0,""speed_mps"":0.0,""x_m"":44.92437210909409,""y_m"":-10.063020943808127,""yaw_rate_radps"":0.0}"
14977,13704952067377,/odom,Odometry,1789302449884328928,,"{""lateral_speed_mps"":0.0,""speed_mps"":0.0,""x_m"":44.92437210909409,""y_m"":-10.063020943808127,""yaw_rate_radps"":0.0}"
14986,13704976985004,/odom,Odometry,1789302449909402749,,"{""lateral_speed_mps"":0.0,""speed_mps"":0.0,""x_m"":44.92437210909409,""y_m"":-10.063020943808127,""yaw_rate_radps"":0.0}"
14995,13705001972473,/odom,Odometry,1789302449934378746,,"{""lateral_speed_mps"":0.0,""speed_mps"":0.0,""x_m"":44.92437210909409,""y_m"":-10.063020943808127,""yaw_rate_radps"":0.0}"
15004,13705025935215,/odom,Odometry,1789302449958618008,,"{""lateral_speed_mps"":0.0,""speed_mps"":0.0,""x_m"":44.92437210909409,""y_m"":-10.063020943808127,""yaw_rate_radps"":0.0}"
15012,13705052280437,/odom,Odometry,1789302449983722286,,"{""lateral_speed_mps"":0.0,""speed_mps"":0.0,""x_m"":44.92437210909409,""y_m"":-10.063020943808127,""yaw_rate_radps"":0.0}"
15022,13705076708243,/odom,Odometry,1789302450009320583,,"{""lateral_speed_mps"":0.0,""speed_mps"":0.0,""x_m"":44.92437210909409,""y_m"":-10.063020943808127,""yaw_rate_radps"":0.0}"
15031,13705102132413,/odom,Odometry,1789302450034323972,,"{""lateral_speed_mps"":0.0,""speed_mps"":0.0,""x_m"":44.92437210909409,""y_m"":-10.063020943808127,""yaw_rate_radps"":0.0}"
15040,13705125675174,/odom,Odometry,1789302450058473044,,"{""lateral_speed_mps"":0.0,""speed_mps"":0.0,""x_m"":44.92437210909409,""y_m"":-10.063020943808127,""yaw_rate_radps"":0.0}"
15049,13705152074518,/odom,Odometry,1789302450084305281,,"{""lateral_speed_mps"":0.0,""speed_mps"":0.0,""x_m"":44.92437210909409,""y_m"":-10.063020943808127,""yaw_rate_radps"":0.0}"
15058,13705176164950,/odom,Odometry,1789302450108549863,,"{""lateral_speed_mps"":0.0,""speed_mps"":0.0,""x_m"":44.92437210909409,""y_m"":-10.063020943808127,""yaw_rate_radps"":0.0}"
15067,13705202208845,/odom,Odometry,1789302450133775930,,"{""lateral_speed_mps"":0.0,""speed_mps"":0.0,""x_m"":44.92437210909409,""y_m"":-10.063020943808127,""yaw_rate_radps"":0.0}"
15076,13705226570858,/odom,Odometry,1789302450159194610,,"{""lateral_speed_mps"":0.0,""speed_mps"":0.0,""x_m"":44.92437210909409,""y_m"":-10.063020943808127,""yaw_rate_radps"":0.0}"
15084,13705251778009,/odom,Odometry,1789302450184303136,,"{""lateral_speed_mps"":0.0,""speed_mps"":0.0,""x_m"":44.92437210909409,""y_m"":-10.063020943808127,""yaw_rate_radps"":0.0}"
15094,13705276962759,/odom,Odometry,1789302450209245179,,"{""lateral_speed_mps"":0.0,""speed_mps"":0.0,""x_m"":44.92437210909409,""y_m"":-10.063020943808127,""yaw_rate_radps"":0.0}"
15103,13705302808321,/odom,Odometry,1789302450233695848,,"{""lateral_speed_mps"":0.0,""speed_mps"":0.0,""x_m"":44.92437210909409,""y_m"":-10.063020943808127,""yaw_rate_radps"":0.0}"
15112,13705326897891,/odom,Odometry,1789302450259407459,,"{""lateral_speed_mps"":0.0,""speed_mps"":0.0,""x_m"":44.92437210909409,""y_m"":-10.063020943808127,""yaw_rate_radps"":0.0}"
15121,13705352345866,/odom,Odometry,1789302450283799448,,"{""lateral_speed_mps"":0.0,""speed_mps"":0.0,""x_m"":44.92437210909409,""y_m"":-10.063020943808127,""yaw_rate_radps"":0.0}"
15130,13705377305162,/odom,Odometry,1789302450308614812,,"{""lateral_speed_mps"":0.0,""speed_mps"":0.0,""x_m"":44.92437210909409,""y_m"":-10.063020943808127,""yaw_rate_radps"":0.0}"
15139,13705402394442,/odom,Odometry,1789302450333760619,,"{""lateral_speed_mps"":0.0,""speed_mps"":0.0,""x_m"":44.92437210909409,""y_m"":-10.063020943808127,""yaw_rate_radps"":0.0}"
15148,13705427365760,/odom,Odometry,1789302450359165322,,"{""lateral_speed_mps"":0.0,""speed_mps"":0.0,""x_m"":44.92437210909409,""y_m"":-10.063020943808127,""yaw_rate_radps"":0.0}"
15157,13705451544769,/odom,Odometry,1789302450383604029,,"{""lateral_speed_mps"":0.0,""speed_mps"":0.0,""x_m"":44.92437210909409,""y_m"":-10.063020943808127,""yaw_rate_radps"":0.0}"
15166,13705477210673,/odom,Odometry,1789302450408869039,,"{""lateral_speed_mps"":0.0,""speed_mps"":0.0,""x_m"":44.92437210909409,""y_m"":-10.063020943808127,""yaw_rate_radps"":0.0}"
15175,13705502181831,/odom,Odometry,1789302450433468559,,"{""lateral_speed_mps"":0.0,""speed_mps"":0.0,""x_m"":44.92437210909409,""y_m"":-10.063020943808127,""yaw_rate_radps"":0.0}"
15184,13705527180370,/odom,Odometry,1789302450459039384,,"{""lateral_speed_mps"":0.0,""speed_mps"":0.0,""x_m"":44.92437210909409,""y_m"":-10.063020943808127,""yaw_rate_radps"":0.0}"
15193,13705551100071,/odom,Odometry,1789302450483634715,,"{""lateral_speed_mps"":0.0,""speed_mps"":0.0,""x_m"":44.92437210909409,""y_m"":-10.063020943808127,""yaw_rate_radps"":0.0}"
15202,13705577466262,/odom,Odometry,1789302450509147953,,"{""lateral_speed_mps"":0.0,""speed_mps"":0.0,""x_m"":44.92437210909409,""y_m"":-10.063020943808127,""yaw_rate_radps"":0.0}"
15211,13705603044101,/odom,Odometry,1789302450533995078,,"{""lateral_speed_mps"":0.0,""speed_mps"":0.0,""x_m"":44.92437210909409,""y_m"":-10.063020943808127,""yaw_rate_radps"":0.0}"
15220,13705627611290,/odom,Odometry,1789302450559112831,,"{""lateral_speed_mps"":0.0,""speed_mps"":0.0,""x_m"":44.92437210909409,""y_m"":-10.063020943808127,""yaw_rate_radps"":0.0}"
15228,13705653017305,/odom,Odometry,1789302450583592114,,"{""lateral_speed_mps"":0.0,""speed_mps"":0.0,""x_m"":44.92437210909409,""y_m"":-10.063020943808127,""yaw_rate_radps"":0.0}"
15238,13705676278919,/odom,Odometry,1789302450608621502,,"{""lateral_speed_mps"":0.0,""speed_mps"":0.0,""x_m"":44.92437210909409,""y_m"":-10.063020943808127,""yaw_rate_radps"":0.0}"
15246,13705701820489,/odom,Odometry,1789302450633895259,,"{""lateral_speed_mps"":0.0,""speed_mps"":0.0,""x_m"":44.92437210909409,""y_m"":-10.063020943808127,""yaw_rate_radps"":0.0}"
15256,13705727436810,/odom,Odometry,1789302450659200936,,"{""lateral_speed_mps"":0.0,""speed_mps"":0.0,""x_m"":44.92437210909409,""y_m"":-10.063020943808127,""yaw_rate_radps"":0.0}"
15265,13705751368944,/odom,Odometry,1789302450683531078,,"{""lateral_speed_mps"":0.0,""speed_mps"":0.0,""x_m"":44.92437210909409,""y_m"":-10.063020943808127,""yaw_rate_radps"":0.0}"
15274,13705777098809,/odom,Odometry,1789302450709112634,,"{""lateral_speed_mps"":0.0,""speed_mps"":0.0,""x_m"":44.92437210909409,""y_m"":-10.063020943808127,""yaw_rate_radps"":0.0}"
15282,13705801036995,/odom,Odometry,1789302450733459418,,"{""lateral_speed_mps"":0.0,""speed_mps"":0.0,""x_m"":44.92437210909409,""y_m"":-10.063020943808127,""yaw_rate_radps"":0.0}"
15292,13705826914307,/odom,Odometry,1789302450759432179,,"{""lateral_speed_mps"":0.0,""speed_mps"":0.0,""x_m"":44.92437210909409,""y_m"":-10.063020943808127,""yaw_rate_radps"":0.0}"
15301,13705852439406,/odom,Odometry,1789302450784428124,,"{""lateral_speed_mps"":0.0,""speed_mps"":0.0,""x_m"":44.92437210909409,""y_m"":-10.063020943808127,""yaw_rate_radps"":0.0}"
15310,13705876185210,/odom,Odometry,1789302450808461909,,"{""lateral_speed_mps"":0.0,""speed_mps"":0.0,""x_m"":44.92437210909409,""y_m"":-10.063020943808127,""yaw_rate_radps"":0.0}"
15319,13705901858528,/odom,Odometry,1789302450834319725,,"{""lateral_speed_mps"":0.0,""speed_mps"":0.0,""x_m"":44.92437210909409,""y_m"":-10.063020943808127,""yaw_rate_radps"":0.0}"
15328,13705926504054,/odom,Odometry,1789302450858446705,,"{""lateral_speed_mps"":0.0,""speed_mps"":0.0,""x_m"":44.92437210909409,""y_m"":-10.063020943808127,""yaw_rate_radps"":0.0}"
15337,13705952537179,/odom,Odometry,1789302450884332172,,"{""lateral_speed_mps"":0.0,""speed_mps"":0.0,""x_m"":44.92437210909409,""y_m"":-10.063020943808127,""yaw_rate_radps"":0.0}"
15346,13705976892339,/odom,Odometry,1789302450909175560,,"{""lateral_speed_mps"":0.0,""speed_mps"":0.0,""x_m"":44.92437210909409,""y_m"":-10.063020943808127,""yaw_rate_radps"":0.0}"
15355,13706002604510,/odom,Odometry,1789302450934251455,,"{""lateral_speed_mps"":0.0,""speed_mps"":0.0,""x_m"":44.92437210909409,""y_m"":-10.063020943808127,""yaw_rate_radps"":0.0}"
15363,13706026805139,/odom,Odometry,1789302450959150127,,"{""lateral_speed_mps"":0.0,""speed_mps"":0.0,""x_m"":44.92437210909409,""y_m"":-10.063020943808127,""yaw_rate_radps"":0.0}"
15373,13706052238496,/odom,Odometry,1789302450984352650,,"{""lateral_speed_mps"":0.0,""speed_mps"":0.0,""x_m"":44.92437210909409,""y_m"":-10.063020943808127,""yaw_rate_radps"":0.0}"
15382,13706075889371,/odom,Odometry,1789302451008450846,,"{""lateral_speed_mps"":0.0,""speed_mps"":0.0,""x_m"":44.92437210909409,""y_m"":-10.063020943808127,""yaw_rate_radps"":0.0}"
15391,13706102116641,/odom,Odometry,1789302451033746124,,"{""lateral_speed_mps"":0.0,""speed_mps"":0.0,""x_m"":44.92437210909409,""y_m"":-10.063020943808127,""yaw_rate_radps"":0.0}"
15400,13706126386741,/odom,Odometry,1789302451058666005,,"{""lateral_speed_mps"":0.0,""speed_mps"":0.0,""x_m"":44.92437210909409,""y_m"":-10.063020943808127,""yaw_rate_radps"":0.0}"
15408,13706151112077,/odom,Odometry,1789302451083831198,,"{""lateral_speed_mps"":0.0,""speed_mps"":0.0,""x_m"":44.92437210909409,""y_m"":-10.063020943808127,""yaw_rate_radps"":0.0}"
15418,13706176168655,/odom,Odometry,1789302451108570881,,"{""lateral_speed_mps"":0.0,""speed_mps"":0.0,""x_m"":44.92437210909409,""y_m"":-10.063020943808127,""yaw_rate_radps"":0.0}"
15427,13706202223521,/odom,Odometry,1789302451133832485,,"{""lateral_speed_mps"":0.0,""speed_mps"":0.0,""x_m"":44.92437210909409,""y_m"":-10.063020943808127,""yaw_rate_radps"":0.0}"
15435,13706226154994,/odom,Odometry,1789302451158687094,,"{""lateral_speed_mps"":0.0,""speed_mps"":0.0,""x_m"":44.92437210909409,""y_m"":-10.063020943808127,""yaw_rate_radps"":0.0}"
15445,13706252165076,/odom,Odometry,1789302451184380420,,"{""lateral_speed_mps"":0.0,""speed_mps"":0.0,""x_m"":44.92437210909409,""y_m"":-10.063020943808127,""yaw_rate_radps"":0.0}"
15454,13706275751610,/odom,Odometry,1789302451208436357,,"{""lateral_speed_mps"":0.0,""speed_mps"":0.0,""x_m"":44.92437210909409,""y_m"":-10.063020943808127,""yaw_rate_radps"":0.0}"
15463,13706301828197,/odom,Odometry,1789302451234394120,,"{""lateral_speed_mps"":0.0,""speed_mps"":0.0,""x_m"":44.92437210909409,""y_m"":-10.063020943808127,""yaw_rate_radps"":0.0}"
15472,13706327115539,/odom,Odometry,1789302451259026721,,"{""lateral_speed_mps"":0.0,""speed_mps"":0.0,""x_m"":44.92437210909409,""y_m"":-10.063020943808127,""yaw_rate_radps"":0.0}"
15481,13706351178209,/odom,Odometry,1789302451283449498,,"{""lateral_speed_mps"":0.0,""speed_mps"":0.0,""x_m"":44.92437210909409,""y_m"":-10.063020943808127,""yaw_rate_radps"":0.0}"
15490,13706377745989,/odom,Odometry,1789302451309135160,,"{""lateral_speed_mps"":0.0,""speed_mps"":0.0,""x_m"":44.92437210909409,""y_m"":-10.063020943808127,""yaw_rate_radps"":0.0}"
15499,13706402668035,/odom,Odometry,1789302451334088845,,"{""lateral_speed_mps"":0.0,""speed_mps"":0.0,""x_m"":44.92437210909409,""y_m"":-10.063020943808127,""yaw_rate_radps"":0.0}"
15508,13706426061737,/odom,Odometry,1789302451358522211,,"{""lateral_speed_mps"":0.0,""speed_mps"":0.0,""x_m"":44.92437210909409,""y_m"":-10.063020943808127,""yaw_rate_radps"":0.0}"
15517,13706452249051,/odom,Odometry,1789302451384416616,,"{""lateral_speed_mps"":0.0,""speed_mps"":0.0,""x_m"":44.92437210909409,""y_m"":-10.063020943808127,""yaw_rate_radps"":0.0}"
15525,13706476581558,/odom,Odometry,1789302451408735868,,"{""lateral_speed_mps"":0.0,""speed_mps"":0.0,""x_m"":44.92437210909409,""y_m"":-10.063020943808127,""yaw_rate_radps"":0.0}"
15534,13706501691037,/odom,Odometry,1789302451434113760,,"{""lateral_speed_mps"":0.0,""speed_mps"":0.0,""x_m"":44.92437210909409,""y_m"":-10.063020943808127,""yaw_rate_radps"":0.0}"
15543,13706526702320,/odom,Odometry,1789302451459406824,,"{""lateral_speed_mps"":0.0,""speed_mps"":0.0,""x_m"":44.92437210909409,""y_m"":-10.063020943808127,""yaw_rate_radps"":0.0}"
15553,13706552481437,/odom,Odometry,1789302451484285778,,"{""lateral_speed_mps"":0.0,""speed_mps"":0.0,""x_m"":44.92437210909409,""y_m"":-10.063020943808127,""yaw_rate_radps"":0.0}"
15561,13706575698988,/odom,Odometry,1789302451508504862,,"{""lateral_speed_mps"":0.0,""speed_mps"":0.0,""x_m"":44.92437210909409,""y_m"":-10.063020943808127,""yaw_rate_radps"":0.0}"
15571,13706601201876,/odom,Odometry,1789302451533581198,,"{""lateral_speed_mps"":0.0,""speed_mps"":0.0,""x_m"":44.92437210909409,""y_m"":-10.063020943808127,""yaw_rate_radps"":0.0}"
15579,13706625885723,/odom,Odometry,1789302451558672652,,"{""lateral_speed_mps"":0.0,""speed_mps"":0.0,""x_m"":44.92437210909409,""y_m"":-10.063020943808127,""yaw_rate_radps"":0.0}"
15589,13706651096452,/odom,Odometry,1789302451583448232,,"{""lateral_speed_mps"":0.0,""speed_mps"":0.0,""x_m"":44.92437210909409,""y_m"":-10.063020943808127,""yaw_rate_radps"":0.0}"
15598,13706677477160,/odom,Odometry,1789302451608777143,,"{""lateral_speed_mps"":0.0,""speed_mps"":0.0,""x_m"":44.92437210909409,""y_m"":-10.063020943808127,""yaw_rate_radps"":0.0}"
15607,13706702326439,/odom,Odometry,1789302451633929091,,"{""lateral_speed_mps"":0.0,""speed_mps"":0.0,""x_m"":44.92437210909409,""y_m"":-10.063020943808127,""yaw_rate_radps"":0.0}"
15615,13706726404488,/odom,Odometry,1789302451658533709,,"{""lateral_speed_mps"":0.0,""speed_mps"":0.0,""x_m"":44.92437210909409,""y_m"":-10.063020943808127,""yaw_rate_radps"":0.0}"
15624,13706752035587,/odom,Odometry,1789302451684141815,,"{""lateral_speed_mps"":0.0,""speed_mps"":0.0,""x_m"":44.92437210909409,""y_m"":-10.063020943808127,""yaw_rate_radps"":0.0}"
15633,13706776868334,/odom,Odometry,1789302451709329560,,"{""lateral_speed_mps"":0.0,""speed_mps"":0.0,""x_m"":44.92437210909409,""y_m"":-10.063020943808127,""yaw_rate_radps"":0.0}"
15643,13706800841445,/odom,Odometry,1789302451733578951,,"{""lateral_speed_mps"":0.0,""speed_mps"":0.0,""x_m"":44.92437210909409,""y_m"":-10.063020943808127,""yaw_rate_radps"":0.0}"
15652,13706827094073,/odom,Odometry,1789302451759436987,,"{""lateral_speed_mps"":0.0,""speed_mps"":0.0,""x_m"":44.92437210909409,""y_m"":-10.063020943808127,""yaw_rate_radps"":0.0}"
15661,13706852513264,/odom,Odometry,1789302451784439324,,"{""lateral_speed_mps"":0.0,""speed_mps"":0.0,""x_m"":44.92437210909409,""y_m"":-10.063020943808127,""yaw_rate_radps"":0.0}"
15669,13706876258326,/odom,Odometry,1789302451808600749,,"{""lateral_speed_mps"":0.0,""speed_mps"":0.0,""x_m"":44.92437210909409,""y_m"":-10.063020943808127,""yaw_rate_radps"":0.0}"
15679,13706901313292,/odom,Odometry,1789302451833476477,,"{""lateral_speed_mps"":0.0,""speed_mps"":0.0,""x_m"":44.92437210909409,""y_m"":-10.063020943808127,""yaw_rate_radps"":0.0}"
15688,13706926790301,/odom,Odometry,1789302451858451392,,"{""lateral_speed_mps"":0.0,""speed_mps"":0.0,""x_m"":44.92437210909409,""y_m"":-10.063020943808127,""yaw_rate_radps"":0.0}"
15697,13706952181980,/odom,Odometry,1789302451884084625,,"{""lateral_speed_mps"":0.0,""speed_mps"":0.0,""x_m"":44.92437210909409,""y_m"":-10.063020943808127,""yaw_rate_radps"":0.0}"
15705,13706976912224,/odom,Odometry,1789302451909253776,,"{""lateral_speed_mps"":0.0,""speed_mps"":0.0,""x_m"":44.92437210909409,""y_m"":-10.063020943808127,""yaw_rate_radps"":0.0}"
15714,13707001237047,/odom,Odometry,1789302451933449836,,"{""lateral_speed_mps"":0.0,""speed_mps"":0.0,""x_m"":44.92437210909409,""y_m"":-10.063020943808127,""yaw_rate_radps"":0.0}"
15724,13707026027205,/odom,Odometry,1789302451958693436,,"{""lateral_speed_mps"":0.0,""speed_mps"":0.0,""x_m"":44.92437210909409,""y_m"":-10.063020943808127,""yaw_rate_radps"":0.0}"
15733,13707052117517,/odom,Odometry,1789302451984425716,,"{""lateral_speed_mps"":0.0,""speed_mps"":0.0,""x_m"":44.92437210909409,""y_m"":-10.063020943808127,""yaw_rate_radps"":0.0}"
15742,13707076105546,/odom,Odometry,1789302452008457918,,"{""lateral_speed_mps"":0.0,""speed_mps"":0.0,""x_m"":44.92437210909409,""y_m"":-10.063020943808127,""yaw_rate_radps"":0.0}"
15751,13707102203533,/odom,Odometry,1789302452033653388,,"{""lateral_speed_mps"":0.0,""speed_mps"":0.0,""x_m"":44.92437210909409,""y_m"":-10.063020943808127,""yaw_rate_radps"":0.0}"
15760,13707125933938,/odom,Odometry,1789302452058635096,,"{""lateral_speed_mps"":0.0,""speed_mps"":0.0,""x_m"":44.92437210909409,""y_m"":-10.063020943808127,""yaw_rate_radps"":0.0}"
15769,13707152795220,/odom,Odometry,1789302452084322921,,"{""lateral_speed_mps"":0.0,""speed_mps"":0.0,""x_m"":44.92437210909409,""y_m"":-10.063020943808127,""yaw_rate_radps"":0.0}"
15778,13707176570670,/odom,Odometry,1789302452108603621,,"{""lateral_speed_mps"":0.0,""speed_mps"":0.0,""x_m"":44.92437210909409,""y_m"":-10.063020943808127,""yaw_rate_radps"":0.0}"
15786,13707201659159,/odom,Odometry,1789302452134431480,,"{""lateral_speed_mps"":0.0,""speed_mps"":0.0,""x_m"":44.92437210909409,""y_m"":-10.063020943808127,""yaw_rate_radps"":0.0}"
15795,13707226629956,/odom,Odometry,1789302452159256793,,"{""lateral_speed_mps"":0.0,""speed_mps"":0.0,""x_m"":44.92437210909409,""y_m"":-10.063020943808127,""yaw_rate_radps"":0.0}"
15804,13707251695010,/odom,Odometry,1789302452184236287,,"{""lateral_speed_mps"":0.0,""speed_mps"":0.0,""x_m"":44.92437210909409,""y_m"":-10.063020943808127,""yaw_rate_radps"":0.0}"
15813,13707276784451,/odom,Odometry,1789302452209125020,,"{""lateral_speed_mps"":0.0,""speed_mps"":0.0,""x_m"":44.92437210909409,""y_m"":-10.063020943808127,""yaw_rate_radps"":0.0}"
15822,13707301613471,/odom,Odometry,1789302452234381174,,"{""lateral_speed_mps"":0.0,""speed_mps"":0.0,""x_m"":44.92437210909409,""y_m"":-10.063020943808127,""yaw_rate_radps"":0.0}"
15832,13707326963682,/odom,Odometry,1789302452259239861,,"{""lateral_speed_mps"":0.0,""speed_mps"":0.0,""x_m"":44.92437210909409,""y_m"":-10.063020943808127,""yaw_rate_radps"":0.0}"
15842,13707352726499,/odom,Odometry,1789302452284309253,,"{""lateral_speed_mps"":0.0,""speed_mps"":0.0,""x_m"":44.92437210909409,""y_m"":-10.063020943808127,""yaw_rate_radps"":0.0}"
15850,13707376961513,/odom,Odometry,1789302452309337038,,"{""lateral_speed_mps"":0.0,""speed_mps"":0.0,""x_m"":44.92437210909409,""y_m"":-10.063020943808127,""yaw_rate_radps"":0.0}"
15858,13707402012591,/odom,Odometry,1789302452334087962,,"{""lateral_speed_mps"":0.0,""speed_mps"":0.0,""x_m"":44.92437210909409,""y_m"":-10.063020943808127,""yaw_rate_radps"":0.0}"
15867,13707426927032,/odom,Odometry,1789302452358884952,,"{""lateral_speed_mps"":0.0,""speed_mps"":0.0,""x_m"":44.92437210909409,""y_m"":-10.063020943808127,""yaw_rate_radps"":0.0}"
15877,13707451522424,/odom,Odometry,1789302452383562798,,"{""lateral_speed_mps"":0.0,""speed_mps"":0.0,""x_m"":44.92437210909409,""y_m"":-10.063020943808127,""yaw_rate_radps"":0.0}"
15886,13707476492940,/odom,Odometry,1789302452408449958,,"{""lateral_speed_mps"":0.0,""speed_mps"":0.0,""x_m"":44.92437210909409,""y_m"":-10.063020943808127,""yaw_rate_radps"":0.0}"
