[INFO] [launch]: All log files can be found below /root/.ros/log/2026-09-10-00-03-07-090714-ExternalDrive-10705
[INFO] [launch]: Default logging verbosity is set to INFO
[INFO] [launch.user]: controller=pure_pursuit custom_amcl=True rviz=False
[INFO] [autodrive_bridge_40hz-1]: process started with pid [10733]
[INFO] [sensor_odometry_node-2]: process started with pid [10735]
[INFO] [ekf_localization_node-3]: process started with pid [10737]
[INFO] [map_server-4]: process started with pid [10739]
[INFO] [lifecycle_manager-5]: process started with pid [10741]
[INFO] [gpu_amcl_cpp_node-6]: process started with pid [10743]
[INFO] [ground_truth_amcl_monitor-7]: process started with pid [10745]
[INFO] [calibration-8]: process started with pid [10747]
[INFO] [component_container-9]: process started with pid [10749]
[INFO] [actuator_interface-10]: process started with pid [10751]
[lifecycle_manager-5] [INFO] [1788998587.392141114] [lifecycle_manager_map]: Creating
[lifecycle_manager-5] [INFO] [1788998587.399620063] [lifecycle_manager_map]: [34m[1mCreating and initializing lifecycle service clients[0m[0m
[sensor_odometry_node-2] [INFO] [1788998587.414341907] [sensor_odometry]: Deterministic odometry observer: exact timestamp packets, encoders + IMU only
[ekf_localization_node-3] [INFO] [1788998587.416777014] [ekf_localization]: Local odometry trust filter ready: /odom -> /ekf_odom and /ekf_pose in frame odom; reset events=/autodrive/reset_command
[lifecycle_manager-5] [INFO] [1788998587.434798661] [lifecycle_manager_map]: [34m[1mStarting managed nodes bringup...[0m[0m
[lifecycle_manager-5] [INFO] [1788998587.434888711] [lifecycle_manager_map]: [34m[1mConfiguring map_server[0m[0m
[map_server-4] [INFO] [1788998587.437319821] [map_server]: 
[map_server-4] 	map_server lifecycle node launched. 
[map_server-4] 	Waiting on external lifecycle transitions to activate
[map_server-4] 	See https://design.ros2.org/articles/node_lifecycle.html for more information.
[map_server-4] [INFO] [1788998587.437819430] [map_server]: Creating
[map_server-4] [INFO] [1788998587.438694595] [map_server]: Configuring
[map_server-4] [INFO] [1788998587.438791748] [map_io]: Loading yaml file: /workspace/src/f1tenth_planning/maps/autodrive_track_ftg_commit_20260909_025m.yaml
[map_server-4] [INFO] [1788998587.439332153] [map_io]: resolution: 0.025
[map_server-4] [INFO] [1788998587.439358032] [map_io]: origin[0]: -6.82
[map_server-4] [INFO] [1788998587.439388439] [map_io]: origin[1]: -12.3
[map_server-4] [INFO] [1788998587.439400863] [map_io]: origin[2]: 0
[map_server-4] [INFO] [1788998587.439413266] [map_io]: free_thresh: 0.25
[map_server-4] [INFO] [1788998587.439425669] [map_io]: occupied_thresh: 0.65
[map_server-4] [INFO] [1788998587.439440397] [map_io]: mode: trinary
[map_server-4] [INFO] [1788998587.439454393] [map_io]: negate: 0
[map_server-4] [INFO] [1788998587.439905271] [map_io]: Loading image_file: /workspace/src/f1tenth_planning/maps/autodrive_track_ftg_commit_20260909_025m.pgm
[map_server-4] [INFO] [1788998587.511421486] [map_io]: Read map /workspace/src/f1tenth_planning/maps/autodrive_track_ftg_commit_20260909_025m.pgm: 349 X 877 map @ 0.025 m/cell
[lifecycle_manager-5] [INFO] [1788998587.536453541] [lifecycle_manager_map]: [34m[1mActivating map_server[0m[0m
[map_server-4] [INFO] [1788998587.537286877] [map_server]: Activating
[map_server-4] [INFO] [1788998587.538310281] [map_server]: Creating bond (map_server) to lifecycle manager.
[component_container-9] [INFO] [1788998587.587862068] [controller_container]: Load Library: /workspace/install/lib/libpure_pursuit_node.so
[component_container-9] [INFO] [1788998587.597175245] [controller_container]: Found class: rclcpp_components::NodeFactoryTemplate<f1tenth_control::PurePursuitNode>
[component_container-9] [INFO] [1788998587.597288848] [controller_container]: Instantiate class: rclcpp_components::NodeFactoryTemplate<f1tenth_control::PurePursuitNode>
[component_container-9] [INFO] [1788998587.635261168] [pure_pursuit_node]: Initializing Pure Pursuit Node
[component_container-9] [INFO] [1788998587.657094691] [pure_pursuit_node]: Loaded trajectory with 2586 waypoints (51.7 m)
[lifecycle_manager-5] [INFO] [1788998587.657237299] [lifecycle_manager_map]: Server map_server connected with bond.
[lifecycle_manager-5] [INFO] [1788998587.657323060] [lifecycle_manager_map]: [34m[1mManaged nodes are active[0m[0m
[lifecycle_manager-5] [INFO] [1788998587.657350812] [lifecycle_manager_map]: [34m[1mCreating bond timer...[0m[0m
[component_container-9] [INFO] [1788998587.681942860] [pure_pursuit_node]: Pure Pursuit Node initialized
[component_container-9] [INFO] [1788998587.682026247] [pure_pursuit_node]:   Trajectory: /workspace/src/f1tenth_planning/trajectories/autodrive_track_ftg_commit_20260909_025m_mintime_raceline.csv (2586 points)
[component_container-9] [INFO] [1788998587.682048458] [pure_pursuit_node]:   Lookahead: 0.75 - 1.10 m (gain: 0.05)
[component_container-9] [INFO] [1788998587.682095437] [pure_pursuit_node]:   Max speed cap: 10.25 m/s
[INFO] [launch_ros.actions.load_composable_nodes]: Loaded node '/pure_pursuit_node' in container '/controller_container'
[component_container-9] [INFO] [1788998587.682116276] [pure_pursuit_node]:   Lookahead adapt: cte_weight=1.00 cte_gain=0.042 curvature_gain=1.900
[component_container-9] [INFO] [1788998587.682138217] [pure_pursuit_node]:   Speed adapt: curvature_factor=0.102 floor_ratio=0.52
[component_container-9] [INFO] [1788998587.682158736] [pure_pursuit_node]:   Speed adapt (CTE): factor=1.500 floor_ratio=0.55
[component_container-9] [INFO] [1788998587.682177241] [pure_pursuit_node]:   Speed limits: max_lat_accel=6.50 min_reg_speed=0.00
[component_container-9] [INFO] [1788998587.682195775] [pure_pursuit_node]:   Yaw-rate damping: 0.000 s
[component_container-9] [INFO] [1788998587.682213539] [pure_pursuit_node]:   Target-heading turn-in gain: 0.000
[component_container-9] [INFO] [1788998587.682230751] [pure_pursuit_node]:   Command shaping: steer_rate=3.20 accel=3.00 decel=8.00
[component_container-9] [INFO] [1788998587.682251821] [pure_pursuit_node]:   Pose: /current_map_pose (map frame)
[component_container-9] [INFO] [1788998587.682268021] [pure_pursuit_node]:   Odom: /odom
[component_container-9] [INFO] [1788998587.682283861] [pure_pursuit_node]:   Control trigger: /odom (one command per odometry update; nominal 40.0 Hz)
[component_container-9] [INFO] [1788998587.682302716] [pure_pursuit_node]:   Steering feedback: /autodrive/roboracer_1/steering (lead gain 0.25)
[component_container-9] [INFO] [1788998587.682321301] [pure_pursuit_node]:   Startup path gate: distance <= 0.80 m, heading <= 0.75 rad
[component_container-9] [INFO] [1788998587.682340467] [pure_pursuit_node]:   Command: /cmd/speed
[gpu_amcl_cpp_node-6] [INFO] [1788998587.737489466] [gpu_amcl_cpp]: [AMCL] Parameters: update_min_d=0.02000, update_min_a=0.03500, max_scan_age=0.2500, odom_history=1.000s, cloud_publish_rate=1.0 Hz, debug_pre_resample=false, slip_threshold=1.00 rad/s, initial_raceline_heading=false, local_correction_gate=0.00m/0.00rad xy_gain=0.500 cross_track_only=false yaw_gain=0.000 association=0.80m recenter_cloud=true
[gpu_amcl_cpp_node-6] [INFO] [1788998587.754569573] [gpu_amcl_cpp]: Particle cloud publishing scan-synchronized, max 1.0 Hz
[gpu_amcl_cpp_node-6] [INFO] [1788998587.754648882] [gpu_amcl_cpp]: GPU AMCL C++ node created — waiting for map...
[gpu_amcl_cpp_node-6] [INFO] [1788998587.767152556] [gpu_amcl_cpp]: Received first map (349x877 @ 0.025 m/cell) — initialising PF
[gpu_amcl_cpp_node-6] [INFO] [1788998587.799810286] [gpu_amcl_cpp]: Loaded 2587 global heading points from /workspace/src/f1tenth_planning/trajectories/autodrive_track_ftg_commit_20260909_025m_mintime_raceline.csv
[gpu_amcl_cpp_node-6] [INFO] [1788998587.824922091] [gpu_amcl_cpp]: Global AMCL startup prior centred at saved map start (0.801, 3.158, -1.571) with covariance (0.500, 0.500, 0.200).
[gpu_amcl_cpp_node-6] [INFO] [1788998587.825034041] [gpu_amcl_cpp]: Particle filter initialised with 2500 particles (global)
[gpu_amcl_cpp_node-6] [INFO] [1788998587.825114091] [gpu_amcl_cpp]: Global particle initialization active; waiting for scans before publishing pose
[autodrive_bridge_40hz-1] /usr/local/lib/python3.10/dist-packages/numpy/core/getlimits.py:499: UserWarning: The value of the smallest subnormal for <class 'numpy.float64'> type is zero.
[autodrive_bridge_40hz-1]   setattr(self, word, getattr(machar, word).flat[0])
[autodrive_bridge_40hz-1] /usr/local/lib/python3.10/dist-packages/numpy/core/getlimits.py:89: UserWarning: The value of the smallest subnormal for <class 'numpy.float64'> type is zero.
[autodrive_bridge_40hz-1]   return self._float_to_str(self.smallest_subnormal)
[calibration-8] [INFO] [1788998587.943911565] [allowed_telemetry_recorder]: Calibration mode=sensor_record duration=0.000 s output=/workspace/src/f1tenth_planning/analysis/amcl_tuning_campaign_20260909/acceptance_full_raceline_10p248_feedback_lead_20260910_run09/telemetry/sensor_record_20260910_000307.csv
[ground_truth_amcl_monitor-7] [INFO] [1788998587.961863421] [ground_truth_amcl_monitor]: Absolute map scoring enabled from explicit map start: (0.8006, 3.1583, -1.5708)
[ground_truth_amcl_monitor-7] [WARN] [1788998587.981553043] [ground_truth_amcl_monitor]: Ground-truth monitor is diagnostics-only; simulator IPS/odom are not controller inputs
[actuator_interface-10] [INFO] [1788998587.984696272] [autodrive_actuator_interface]: Actuator interface ready; no arming state
[actuator_interface-10] [WARN] [1788998587.988854949] [autodrive_actuator_interface]: Neutral output: no command
[autodrive_bridge_40hz-1] [autodrive_bridge_40hz] camera decode/publication disabled
[autodrive_bridge_40hz-1] [autodrive_bridge_40hz] bounded request pacing enabled at 40 Hz (max one outstanding request)
[autodrive_bridge_40hz-1] Connected!
[component_container-9] [WARN] [1788998588.729452456] [pure_pursuit_node]: No pose received on /current_map_pose yet
[gpu_amcl_cpp_node-6] [INFO] [1788998588.729985138] [gpu_amcl_cpp]: Received first odometry sample at (0.00, 0.00, 0.00).
[gpu_amcl_cpp_node-6] [INFO] [1788998588.731555359] [gpu_amcl_cpp]: Received LiDAR callback #1 (1081 ranges).
[gpu_amcl_cpp_node-6] [INFO] [1788998588.731625932] [gpu_amcl_cpp]: AMCL odom delta: at_scan=(0.000, 0.000, 0.000) baseline=(0.000, 0.000, 0.000) delta=(0.000, 0.000, 0.000) moved=false scan_age=0.059s
[gpu_amcl_cpp_node-6] [INFO] [1788998588.731710110] [gpu_amcl_cpp]: Starting AMCL scan update #1 (sampled from 1081 ranges).
[gpu_amcl_cpp_node-6] [INFO] [1788998588.735559386] [gpu_amcl_cpp]: AMCL scan update #1 completed; evaluating pose confidence.
[gpu_amcl_cpp_node-6] [INFO] [1788998588.742437696] [gpu_amcl_cpp]: Startup GPU scan refinement done: refined_particles=2233/2500, beams=180, best_mean_dist=0.000 m, time=6.81 ms
[gpu_amcl_cpp_node-6] [INFO] [1788998588.745345011] [gpu_amcl_cpp]: Global AMCL refining: cluster_weight=0.928, covariance xy=0.009 (max 0.250), yaw=0.000 (max 0.120).
[gpu_amcl_cpp_node-6] [INFO] [1788998588.745392380] [gpu_amcl_cpp]: Global AMCL lock evidence: quality=false stable_scans=1/5 travel=0.000/0.750 m (min_weight=0.500).
[gpu_amcl_cpp_node-6] [INFO] [1788998588.976749693] [gpu_amcl_cpp]: Publishing provisional global AMCL pose for localization ramp; travel=0.000/0.750 m stable_scans=5/5.
[ground_truth_amcl_monitor-7] [INFO] [1788998588.978239834] [ground_truth_amcl_monitor]: Relative GT alignment initialized: yaw=0.000, translation=(0.000, -0.000)
[ground_truth_amcl_monitor-7] [INFO] [1788998588.979110771] [ground_truth_amcl_monitor]: AMCL vs GT: gt=(0.801, 3.158) amcl=(0.801, 3.158) error=0.000 m / 0.000 rad; current_map=unavailable; odom=(0.801, 3.158, -1.571) error=0.000 m / 0.000 rad; ekf=(0.801, 3.158, -1.571) error=0.000 m / 0.000 rad; RMS=0.000 m / 0.000 rad max=0.000 m / 0.000 rad samples=1
[component_container-9] [INFO] [1788998589.271840011] [pure_pursuit_node]: Aligned closed trajectory seam to startup pose at original waypoint 1090
[component_container-9] [INFO] [1788998589.271962161] [pure_pursuit_node]: Startup path gate passed: path_distance=0.166 m heading_error=0.302 rad
[component_container-9] [INFO] [1788998589.271989081] [pure_pursuit_node]: Pure Pursuit: pose=(0.801, 3.158, -1.571) cte=-0.166 closest=0 target=38 path_dist=0.166 heading_err=0.302 steer=0.003 speed=0.003
[gpu_amcl_cpp_node-6] [INFO] [1788998589.747095352] [gpu_amcl_cpp]: AMCL odom delta: at_scan=(0.124, 0.002, 0.028) baseline=(0.073, 0.001, 0.019) delta=(0.052, 0.001, 0.010) moved=true scan_age=0.049s
[actuator_interface-10] [INFO] [1788998589.747985224] [autodrive_actuator_interface]: Collision baseline established at cumulative count 0
[ground_truth_amcl_monitor-7] [INFO] [1788998589.998115667] [ground_truth_amcl_monitor]: AMCL vs GT: gt=(0.824, 2.658) amcl=(0.815, 2.809) error=0.151 m / 0.017 rad; current_map=(0.822, 2.732, -1.473) error=0.075 m / 0.000 rad; odom=(0.822, 2.732, -1.473) error=0.075 m / 0.000 rad; ekf=(0.822, 2.732, -1.473) error=0.075 m / 0.000 rad; RMS=0.053 m / 0.005 rad max=0.151 m / 0.017 rad samples=40
[gpu_amcl_cpp_node-6] [INFO] [1788998590.202002843] [gpu_amcl_cpp]: Global AMCL lock accepted at (0.871, 2.370, -1.403); continuing with local tracking.
[gpu_amcl_cpp_node-6] [INFO] [1788998590.252829105] [gpu_amcl_cpp]: AMCL local correction: odom_prediction=(0.891, 2.256, -1.387) scan=(0.894, 2.221, -1.401) correction=0.035 m/0.014 rad cluster_weight=0.914 publish=true
[component_container-9] [INFO] [1788998590.299865103] [pure_pursuit_node]: Pure Pursuit: pose=(0.939, 2.014, -1.360) cte=0.010 closest=57 target=101 path_dist=0.010 heading_err=0.026 steer=0.002 speed=3.087
[gpu_amcl_cpp_node-6] [WARN] [1788998590.456858648] [gpu_amcl_cpp]: No local AMCL cluster near odometry prediction; using causal odometry pose.
[gpu_amcl_cpp_node-6] [INFO] [1788998590.776061734] [gpu_amcl_cpp]: AMCL odom delta: at_scan=(2.516, 0.417, 0.167) baseline=(2.321, 0.383, 0.185) delta=(0.195, 0.035, -0.018) moved=true scan_age=0.051s
[ground_truth_amcl_monitor-7] [INFO] [1788998591.049262795] [ground_truth_amcl_monitor]: AMCL vs GT: gt=(1.374, -0.655) amcl=(1.305, -0.172) error=0.488 m / 0.012 rad; current_map=(1.337, -0.497, -1.480) error=0.162 m / 0.000 rad; odom=(1.362, -0.538, -1.480) error=0.118 m / 0.000 rad; ekf=(1.362, -0.538, -1.480) error=0.118 m / 0.000 rad; RMS=0.177 m / 0.008 rad max=0.488 m / 0.021 rad samples=80
[gpu_amcl_cpp_node-6] [INFO] [1788998591.283165023] [gpu_amcl_cpp]: AMCL local correction: odom_prediction=(1.404, -1.753, -1.632) scan=(1.416, -1.730, -1.622) correction=0.026 m/0.010 rad cluster_weight=0.945 publish=true
[component_container-9] [INFO] [1788998591.345638961] [pure_pursuit_node]: Pure Pursuit: pose=(1.330, -2.418, -1.731) cte=-0.008 closest=280 target=333 path_dist=0.008 heading_err=0.088 steer=0.053 speed=6.224
[gpu_amcl_cpp_node-6] [WARN] [1788998591.604244205] [gpu_amcl_cpp]: No local AMCL cluster near odometry prediction; using causal odometry pose.
[gpu_amcl_cpp_node-6] [INFO] [1788998591.822069692] [gpu_amcl_cpp]: AMCL odom delta: at_scan=(8.067, 0.172, -0.255) baseline=(7.668, 0.272, -0.233) delta=(0.399, -0.099, -0.022) moved=true scan_age=0.050s
[ground_truth_amcl_monitor-7] [INFO] [1788998592.074247785] [ground_truth_amcl_monitor]: AMCL vs GT: gt=(0.742, -6.295) amcl=(0.798, -5.993) error=0.308 m / 0.048 rad; current_map=(0.755, -6.231, -1.774) error=0.066 m / 0.000 rad; odom=(0.714, -6.252, -1.774) error=0.051 m / 0.000 rad; ekf=(0.714, -6.252, -1.774) error=0.051 m / 0.000 rad; RMS=0.201 m / 0.017 rad max=0.488 m / 0.064 rad samples=118
[gpu_amcl_cpp_node-6] [INFO] [1788998592.328413545] [gpu_amcl_cpp]: AMCL local correction: odom_prediction=(0.487, -7.248, -1.765) scan=(0.486, -7.267, -1.773) correction=0.018 m/0.008 rad cluster_weight=0.960 publish=true
[component_container-9] [INFO] [1788998592.374580319] [pure_pursuit_node]: Pure Pursuit: pose=(0.406, -7.651, -1.773) cte=-0.010 closest=546 target=595 path_dist=0.010 heading_err=-0.042 steer=-0.075 speed=3.795
[gpu_amcl_cpp_node-6] [INFO] [1788998592.847980224] [gpu_amcl_cpp]: AMCL odom delta: at_scan=(12.159, -0.881, -0.452) baseline=(12.007, -0.816, -0.355) delta=(0.152, -0.065, -0.097) moved=true scan_age=0.051s
[ground_truth_amcl_monitor-7] [INFO] [1788998593.097409800] [ground_truth_amcl_monitor]: AMCL vs GT: gt=(-0.315, -9.506) amcl=(-0.237, -9.393) error=0.137 m / 0.039 rad; current_map=(-0.304, -9.497, -2.163) error=0.014 m / 0.000 rad; odom=(-0.292, -9.377, -2.124) error=0.131 m / 0.039 rad; ekf=(-0.292, -9.377, -2.124) error=0.131 m / 0.039 rad; RMS=0.192 m / 0.022 rad max=0.488 m / 0.097 rad samples=158
[gpu_amcl_cpp_node-6] [INFO] [1788998593.350927171] [gpu_amcl_cpp]: AMCL local correction: odom_prediction=(-0.726, -9.905, -2.595) scan=(-0.719, -9.899, -2.580) correction=0.010 m/0.015 rad cluster_weight=1.000 publish=true
[component_container-9] [INFO] [1788998593.396802407] [pure_pursuit_node]: Pure Pursuit: pose=(-0.944, -10.017, -2.742) cte=0.012 closest=687 target=732 path_dist=0.012 heading_err=-0.057 steer=-0.291 speed=2.519
[gpu_amcl_cpp_node-6] [INFO] [1788998593.751543318] [gpu_amcl_cpp]: Received LiDAR callback #97 (1081 ranges).
[gpu_amcl_cpp_node-6] [INFO] [1788998593.751591869] [gpu_amcl_cpp]: Starting AMCL scan update #97 (sampled from 1081 ranges).
[gpu_amcl_cpp_node-6] [INFO] [1788998593.752669635] [gpu_amcl_cpp]: AMCL scan update #97 completed; evaluating pose confidence.
[gpu_amcl_cpp_node-6] [INFO] [1788998593.851416299] [gpu_amcl_cpp]: AMCL odom delta: at_scan=(13.170, -2.802, -1.985) baseline=(13.215, -2.683, -1.880) delta=(-0.045, -0.119, -0.105) moved=true scan_age=0.050s
[ground_truth_amcl_monitor-7] [INFO] [1788998594.103458737] [ground_truth_amcl_monitor]: AMCL vs GT: gt=(-2.422, -9.647) amcl=(-2.343, -9.705) error=0.098 m / 0.071 rad; current_map=(-2.433, -9.609, 2.288) error=0.040 m / 0.000 rad; odom=(-2.515, -9.620, 2.288) error=0.097 m / 0.000 rad; ekf=(-2.515, -9.620, 2.288) error=0.097 m / 0.000 rad; RMS=0.177 m / 0.035 rad max=0.488 m / 0.108 rad samples=198
[gpu_amcl_cpp_node-6] [INFO] [1788998594.374606961] [gpu_amcl_cpp]: AMCL local correction: odom_prediction=(-2.830, -8.935, 1.954) scan=(-2.825, -8.942, 1.964) correction=0.009 m/0.010 rad cluster_weight=0.970 publish=true
[component_container-9] [INFO] [1788998594.420863755] [pure_pursuit_node]: Pure Pursuit: pose=(-2.942, -8.622, 1.877) cte=-0.028 closest=824 target=871 path_dist=0.028 heading_err=0.034 steer=-0.079 speed=4.059
[gpu_amcl_cpp_node-6] [INFO] [1788998594.875575791] [gpu_amcl_cpp]: AMCL odom delta: at_scan=(10.124, -4.055, 3.140) baseline=(10.358, -4.052, -3.114) delta=(-0.234, -0.003, -0.029) moved=true scan_age=0.052s
[ground_truth_amcl_monitor-7] [INFO] [1788998595.104545308] [ground_truth_amcl_monitor]: AMCL vs GT: gt=(-3.096, -5.891) amcl=(-3.077, -5.902) error=0.021 m / 0.000 rad; current_map=(-3.081, -5.911, 1.407) error=0.025 m / 0.000 rad; odom=(-3.176, -5.846, 1.407) error=0.092 m / 0.000 rad; ekf=(-3.176, -5.846, 1.407) error=0.092 m / 0.000 rad; RMS=0.172 m / 0.035 rad max=0.488 m / 0.108 rad samples=237
[component_container-9] [INFO] [1788998595.423543090] [pure_pursuit_node]: Pure Pursuit: pose=(-2.630, -4.071, 1.306) cte=-0.025 closest=1056 target=1107 path_dist=0.025 heading_err=-0.012 steer=-0.025 speed=5.684
[gpu_amcl_cpp_node-6] [WARN] [1788998595.423726865] [gpu_amcl_cpp]: Queued LiDAR scan until source-time odometry arrives (queued=1).
[gpu_amcl_cpp_node-6] [INFO] [1788998595.429269644] [gpu_amcl_cpp]: AMCL local correction: odom_prediction=(-2.707, -4.344, 1.319) scan=(-2.697, -4.319, 1.312) correction=0.027 m/0.007 rad cluster_weight=0.952 publish=true
[gpu_amcl_cpp_node-6] [INFO] [1788998595.897876110] [gpu_amcl_cpp]: AMCL odom delta: at_scan=(4.789, -2.838, 2.928) baseline=(5.083, -2.901, 2.933) delta=(-0.294, 0.063, -0.004) moved=true scan_age=0.050s
[ground_truth_amcl_monitor-7] [INFO] [1788998596.147948757] [ground_truth_amcl_monitor]: AMCL vs GT: gt=(-1.639, -0.418) amcl=(-1.684, -0.632) error=0.219 m / 0.027 rad; current_map=(-1.631, -0.408, 1.350) error=0.012 m / 0.000 rad; odom=(-1.710, -0.334, 1.350) error=0.110 m / 0.000 rad; ekf=(-1.710, -0.334, 1.350) error=0.110 m / 0.000 rad; RMS=0.177 m / 0.033 rad max=0.488 m / 0.108 rad samples=276
[component_container-9] [INFO] [1788998596.445310718] [pure_pursuit_node]: Pure Pursuit: pose=(-1.379, 0.907, 1.346) cte=0.009 closest=1313 target=1361 path_dist=0.009 heading_err=0.063 steer=0.102 speed=3.562
[gpu_amcl_cpp_node-6] [INFO] [1788998596.449864038] [gpu_amcl_cpp]: AMCL local correction: odom_prediction=(-1.417, 0.740, 1.368) scan=(-1.418, 0.740, 1.364) correction=0.001 m/0.004 rad cluster_weight=0.966 publish=true
[gpu_amcl_cpp_node-6] [INFO] [1788998596.901043144] [gpu_amcl_cpp]: AMCL odom delta: at_scan=(0.807, -2.112, -3.131) baseline=(0.962, -2.114, 3.106) delta=(-0.155, 0.002, 0.047) moved=true scan_age=0.053s
[ground_truth_amcl_monitor-7] [INFO] [1788998597.176802217] [ground_truth_amcl_monitor]: AMCL vs GT: gt=(-1.316, 2.856) amcl=(-1.276, 2.807) error=0.063 m / 0.033 rad; current_map=(-1.294, 2.877, 1.854) error=0.030 m / 0.000 rad; odom=(-1.367, 2.847, 1.821) error=0.052 m / 0.033 rad; ekf=(-1.367, 2.847, 1.821) error=0.052 m / 0.033 rad; RMS=0.167 m / 0.032 rad max=0.488 m / 0.108 rad samples=313
[component_container-9] [INFO] [1788998597.475087985] [pure_pursuit_node]: Pure Pursuit: pose=(-1.565, 3.431, 2.201) cte=-0.002 closest=1442 target=1485 path_dist=0.002 heading_err=-0.107 steer=0.313 speed=1.902
[gpu_amcl_cpp_node-6] [INFO] [1788998597.479781778] [gpu_amcl_cpp]: AMCL local correction: odom_prediction=(-1.515, 3.352, 2.142) scan=(-1.514, 3.344, 2.127) correction=0.008 m/0.015 rad cluster_weight=0.989 publish=true
[gpu_amcl_cpp_node-6] [INFO] [1788998597.947862047] [gpu_amcl_cpp]: AMCL odom delta: at_scan=(-0.742, -3.088, -1.730) baseline=(-0.723, -2.999, -1.848) delta=(-0.020, -0.089, 0.117) moved=true scan_age=0.051s
[ground_truth_amcl_monitor-7] [INFO] [1788998598.200710843] [ground_truth_amcl_monitor]: AMCL vs GT: gt=(-2.597, 3.756) amcl=(-2.533, 3.824) error=0.094 m / 0.118 rad; current_map=(-2.619, 3.792, -2.721) error=0.042 m / 0.000 rad; odom=(-2.744, 3.842, -2.721) error=0.170 m / 0.000 rad; ekf=(-2.744, 3.842, -2.721) error=0.170 m / 0.000 rad; RMS=0.159 m / 0.037 rad max=0.488 m / 0.124 rad samples=353
[component_container-9] [INFO] [1788998598.498779854] [pure_pursuit_node]: Pure Pursuit: pose=(-3.037, 3.306, -2.020) cte=0.018 closest=1535 target=1579 path_dist=0.018 heading_err=0.115 steer=0.203 speed=2.305
[gpu_amcl_cpp_node-6] [INFO] [1788998598.503450995] [gpu_amcl_cpp]: AMCL local correction: odom_prediction=(-2.983, 3.384, -2.106) scan=(-2.973, 3.385, -2.111) correction=0.010 m/0.005 rad cluster_weight=0.979 publish=true
[gpu_amcl_cpp_node-6] [INFO] [1788998598.800885072] [gpu_amcl_cpp]: Received LiDAR callback #196 (1081 ranges).
[gpu_amcl_cpp_node-6] [INFO] [1788998598.800955685] [gpu_amcl_cpp]: Starting AMCL scan update #196 (sampled from 1081 ranges).
[gpu_amcl_cpp_node-6] [INFO] [1788998598.801786798] [gpu_amcl_cpp]: AMCL scan update #196 completed; evaluating pose confidence.
[gpu_amcl_cpp_node-6] [INFO] [1788998598.952745280] [gpu_amcl_cpp]: AMCL odom delta: at_scan=(0.776, -4.222, -0.093) baseline=(0.617, -4.205, -0.112) delta=(0.159, -0.016, 0.019) moved=true scan_age=0.050s
[ground_truth_amcl_monitor-7] [INFO] [1788998599.226541022] [ground_truth_amcl_monitor]: AMCL vs GT: gt=(-3.320, 1.385) amcl=(-3.292, 1.553) error=0.171 m / 0.019 rad; current_map=(-3.307, 1.380, -1.667) error=0.014 m / 0.000 rad; odom=(-3.494, 1.469, -1.667) error=0.193 m / 0.000 rad; ekf=(-3.494, 1.469, -1.667) error=0.193 m / 0.000 rad; RMS=0.154 m / 0.038 rad max=0.488 m / 0.124 rad samples=393
[component_container-9] [INFO] [1788998599.525972946] [pure_pursuit_node]: Pure Pursuit: pose=(-3.503, 0.508, -1.966) cte=0.036 closest=1678 target=1721 path_dist=0.036 heading_err=0.033 steer=-0.121 speed=1.996
[gpu_amcl_cpp_node-6] [INFO] [1788998599.530718577] [gpu_amcl_cpp]: AMCL local correction: odom_prediction=(-3.469, 0.604, -1.926) scan=(-3.472, 0.586, -1.908) correction=0.018 m/0.018 rad cluster_weight=0.986 publish=true
[gpu_amcl_cpp_node-6] [INFO] [1788998600.002368407] [gpu_amcl_cpp]: AMCL odom delta: at_scan=(3.304, -4.984, -0.908) baseline=(3.240, -4.908, -0.830) delta=(0.064, -0.076, -0.078) moved=true scan_age=0.051s
[ground_truth_amcl_monitor-7] [INFO] [1788998600.226969964] [ground_truth_amcl_monitor]: AMCL vs GT: gt=(-4.364, -0.431) amcl=(-4.343, -0.440) error=0.024 m / 0.000 rad; current_map=(-4.344, -0.446, -2.831) error=0.026 m / 0.000 rad; odom=(-4.558, -0.348, -2.831) error=0.211 m / 0.000 rad; ekf=(-4.558, -0.348, -2.831) error=0.211 m / 0.000 rad; RMS=0.150 m / 0.039 rad max=0.488 m / 0.124 rad samples=432
[component_container-9] [INFO] [1788998600.549688212] [pure_pursuit_node]: Pure Pursuit: pose=(-5.033, -0.398, 2.734) cte=0.012 closest=1779 target=1822 path_dist=0.012 heading_err=-0.046 steer=-0.298 speed=2.126
[gpu_amcl_cpp_node-6] [INFO] [1788998600.554652554] [gpu_amcl_cpp]: AMCL local correction: odom_prediction=(-4.939, -0.428, 2.825) scan=(-4.933, -0.431, 2.843) correction=0.007 m/0.018 rad cluster_weight=0.981 publish=true
[gpu_amcl_cpp_node-6] [INFO] [1788998601.048398912] [gpu_amcl_cpp]: AMCL odom delta: at_scan=(2.754, -6.743, -2.704) baseline=(2.872, -6.683, -2.635) delta=(-0.118, -0.060, -0.070) moved=true scan_age=0.051s
[ground_truth_amcl_monitor-7] [INFO] [1788998601.288523720] [ground_truth_amcl_monitor]: AMCL vs GT: gt=(-5.937, 0.984) amcl=(-5.864, 0.746) error=0.250 m / 0.043 rad; current_map=(-5.922, 0.965, 1.807) error=0.024 m / 0.000 rad; odom=(-6.105, 0.855, 1.851) error=0.212 m / 0.043 rad; ekf=(-6.105, 0.855, 1.851) error=0.212 m / 0.043 rad; RMS=0.147 m / 0.042 rad max=0.488 m / 0.136 rad samples=469
[component_container-9] [INFO] [1788998601.599086759] [pure_pursuit_node]: Pure Pursuit: pose=(-6.130, 2.397, 1.653) cte=-0.002 closest=1934 target=1983 path_dist=0.002 heading_err=0.005 steer=-0.037 speed=5.019
[gpu_amcl_cpp_node-6] [INFO] [1788998601.603488493] [gpu_amcl_cpp]: AMCL local correction: odom_prediction=(-6.112, 2.177, 1.665) scan=(-6.116, 2.165, 1.665) correction=0.013 m/0.000 rad cluster_weight=0.961 publish=true
[gpu_amcl_cpp_node-6] [INFO] [1788998602.098020629] [gpu_amcl_cpp]: AMCL odom delta: at_scan=(-1.550, -7.084, 3.003) baseline=(-1.226, -7.127, 3.013) delta=(-0.324, 0.044, -0.010) moved=true scan_age=0.050s
[ground_truth_amcl_monitor-7] [INFO] [1788998602.298502386] [ground_truth_amcl_monitor]: AMCL vs GT: gt=(-5.884, 5.451) amcl=(-5.933, 5.233) error=0.224 m / 0.085 rad; current_map=(-5.873, 5.412, 1.208) error=0.040 m / 0.000 rad; odom=(-6.099, 5.534, 1.208) error=0.231 m / 0.000 rad; ekf=(-6.099, 5.534, 1.208) error=0.231 m / 0.000 rad; RMS=0.154 m / 0.041 rad max=0.488 m / 0.136 rad samples=505
[component_container-9] [INFO] [1788998602.621506823] [pure_pursuit_node]: Pure Pursuit: pose=(-5.395, 6.407, 0.981) cte=-0.019 closest=2141 target=2186 path_dist=0.019 heading_err=0.050 steer=-0.093 speed=2.856
[gpu_amcl_cpp_node-6] [INFO] [1788998602.626184997] [gpu_amcl_cpp]: AMCL local correction: odom_prediction=(-5.460, 6.298, 1.044) scan=(-5.465, 6.290, 1.054) correction=0.010 m/0.009 rad cluster_weight=0.993 publish=true
[gpu_amcl_cpp_node-6] [WARN] [1788998602.900515526] [gpu_amcl_cpp]: Queued LiDAR scan until source-time odometry arrives (queued=1).
[gpu_amcl_cpp_node-6] [INFO] [1788998603.123945432] [gpu_amcl_cpp]: AMCL odom delta: at_scan=(-4.223, -5.495, 2.070) baseline=(-4.111, -5.681, 2.156) delta=(-0.112, 0.186, -0.085) moved=true scan_age=0.051s
[ground_truth_amcl_monitor-7] [INFO] [1788998603.350345992] [ground_truth_amcl_monitor]: AMCL vs GT: gt=(-3.789, 7.586) amcl=(-4.034, 7.495) error=0.262 m / 0.096 rad; current_map=(-3.809, 7.561, 0.237) error=0.032 m / 0.000 rad; odom=(-3.998, 7.655, 0.237) error=0.221 m / 0.000 rad; ekf=(-3.998, 7.655, 0.237) error=0.221 m / 0.000 rad; RMS=0.152 m / 0.041 rad max=0.488 m / 0.136 rad samples=543
[component_container-9] [INFO] [1788998603.672614636] [pure_pursuit_node]: Pure Pursuit: pose=(-2.545, 7.522, -0.269) cte=-0.036 closest=2304 target=2351 path_dist=0.036 heading_err=-0.030 steer=-0.167 speed=3.683
[gpu_amcl_cpp_node-6] [INFO] [1788998603.676818309] [gpu_amcl_cpp]: AMCL local correction: odom_prediction=(-2.708, 7.566, -0.217) scan=(-2.699, 7.577, -0.214) correction=0.014 m/0.003 rad cluster_weight=0.972 publish=true
[gpu_amcl_cpp_node-6] [INFO] [1788998603.826612744] [gpu_amcl_cpp]: Received LiDAR callback #290 (1081 ranges).
[gpu_amcl_cpp_node-6] [INFO] [1788998603.826689308] [gpu_amcl_cpp]: Starting AMCL scan update #290 (sampled from 1081 ranges).
[gpu_amcl_cpp_node-6] [INFO] [1788998603.827497527] [gpu_amcl_cpp]: AMCL scan update #290 completed; evaluating pose confidence.
[gpu_amcl_cpp_node-6] [INFO] [1788998604.150700908] [gpu_amcl_cpp]: AMCL odom delta: at_scan=(-3.550, -2.168, 0.771) baseline=(-3.702, -2.325, 0.836) delta=(0.152, 0.157, -0.065) moved=true scan_age=0.051s
[ground_truth_amcl_monitor-7] [INFO] [1788998604.352283185] [ground_truth_amcl_monitor]: AMCL vs GT: gt=(-0.636, 5.944) amcl=(-0.763, 6.152) error=0.243 m / 0.018 rad; current_map=(-0.634, 5.959, -0.987) error=0.015 m / 0.000 rad; odom=(-0.812, 5.982, -0.987) error=0.179 m / 0.000 rad; ekf=(-0.941, 6.175, -0.970) error=0.382 m / 0.018 rad; RMS=0.152 m / 0.041 rad max=0.488 m / 0.136 rad samples=581
[gpu_amcl_cpp_node-6] [INFO] [1788998604.677087306] [gpu_amcl_cpp]: AMCL local correction: odom_prediction=(0.135, 4.545, -1.222) scan=(0.135, 4.569, -1.219) correction=0.024 m/0.003 rad cluster_weight=0.927 publish=true
[component_container-9] [INFO] [1788998604.720646138] [pure_pursuit_node]: Pure Pursuit: pose=(0.316, 4.066, -1.198) cte=-0.006 closest=2535 target=1 path_dist=0.006 heading_err=-0.001 steer=-0.039 speed=5.916
[gpu_amcl_cpp_node-6] [INFO] [1788998605.198628967] [gpu_amcl_cpp]: AMCL odom delta: at_scan=(1.404, 0.096, 0.194) baseline=(1.150, 0.040, 0.234) delta=(0.255, 0.055, -0.041) moved=true scan_age=0.050s
[gpu_amcl_cpp_node-6] [WARN] [1788998605.302931867] [gpu_amcl_cpp]: No local AMCL cluster near odometry prediction; using causal odometry pose.
[ground_truth_amcl_monitor-7] [INFO] [1788998605.354306682] [ground_truth_amcl_monitor]: AMCL vs GT: gt=(1.199, 0.953) amcl=(1.182, 0.978) error=0.030 m / 0.000 rad; current_map=(1.195, 0.951, -1.412) error=0.005 m / 0.000 rad; odom=(1.045, 0.903, -1.412) error=0.163 m / 0.000 rad; ekf=(1.045, 0.903, -1.412) error=0.163 m / 0.000 rad; RMS=0.157 m / 0.040 rad max=0.488 m / 0.136 rad samples=620
[gpu_amcl_cpp_node-6] [INFO] [1788998605.704294233] [gpu_amcl_cpp]: AMCL local correction: odom_prediction=(1.440, -1.013, -1.499) scan=(1.458, -1.042, -1.490) correction=0.034 m/0.009 rad cluster_weight=0.915 publish=true
[component_container-9] [INFO] [1788998605.751078128] [pure_pursuit_node]: Pure Pursuit: pose=(1.456, -1.520, -1.577) cte=-0.094 closest=235 target=286 path_dist=0.094 heading_err=-0.011 steer=-0.094 speed=4.949
[gpu_amcl_cpp_node-6] [INFO] [1788998606.227182516] [gpu_amcl_cpp]: AMCL odom delta: at_scan=(6.829, 0.211, -0.158) baseline=(6.541, 0.257, -0.162) delta=(0.288, -0.047, 0.004) moved=true scan_age=0.051s
[ground_truth_amcl_monitor-7] [INFO] [1788998606.399013226] [ground_truth_amcl_monitor]: AMCL vs GT: gt=(1.024, -4.561) amcl=(1.088, -4.272) error=0.297 m / 0.011 rad; current_map=(1.036, -4.579, -1.744) error=0.021 m / 0.000 rad; odom=(0.844, -4.707, -1.744) error=0.232 m / 0.000 rad; ekf=(0.844, -4.707, -1.744) error=0.232 m / 0.000 rad; RMS=0.159 m / 0.039 rad max=0.488 m / 0.136 rad samples=659
[component_container-9] [INFO] [1788998606.757992941] [pure_pursuit_node]: Pure Pursuit: pose=(0.674, -6.612, -1.763) cte=-0.031 closest=492 target=542 path_dist=0.031 heading_err=-0.030 steer=-0.058 speed=4.092
[gpu_amcl_cpp_node-6] [INFO] [1788998606.764078221] [gpu_amcl_cpp]: AMCL local correction: odom_prediction=(0.721, -6.364, -1.742) scan=(0.719, -6.370, -1.737) correction=0.006 m/0.004 rad cluster_weight=0.948 publish=true
[gpu_amcl_cpp_node-6] [INFO] [1788998607.251069705] [gpu_amcl_cpp]: AMCL odom delta: at_scan=(11.559, -0.755, -0.276) baseline=(11.370, -0.702, -0.269) delta=(0.189, -0.053, -0.007) moved=true scan_age=0.051s
[ground_truth_amcl_monitor-7] [INFO] [1788998607.425115289] [ground_truth_amcl_monitor]: AMCL vs GT: gt=(0.051, -8.804) amcl=(0.149, -8.555) error=0.268 m / 0.042 rad; current_map=(0.078, -8.748, -1.942) error=0.063 m / 0.000 rad; odom=(-0.134, -8.940, -1.942) error=0.229 m / 0.000 rad; ekf=(-0.134, -8.940, -1.942) error=0.229 m / 0.000 rad; RMS=0.161 m / 0.038 rad max=0.488 m / 0.136 rad samples=697
[component_container-9] [INFO] [1788998607.772559250] [pure_pursuit_node]: Pure Pursuit: pose=(-0.375, -9.634, -2.224) cte=-0.030 closest=653 target=697 path_dist=0.030 heading_err=-0.019 steer=-0.304 speed=2.453
[gpu_amcl_cpp_node-6] [INFO] [1788998607.776551284] [gpu_amcl_cpp]: AMCL local correction: odom_prediction=(-0.300, -9.531, -2.176) scan=(-0.295, -9.529, -2.171) correction=0.005 m/0.005 rad cluster_weight=0.998 publish=true
[gpu_amcl_cpp_node-6] [INFO] [1788998608.274113690] [gpu_amcl_cpp]: AMCL odom delta: at_scan=(13.462, -2.333, -1.505) baseline=(13.447, -2.206, -1.408) delta=(0.015, -0.126, -0.098) moved=true scan_age=0.049s
[ground_truth_amcl_monitor-7] [INFO] [1788998608.426267782] [ground_truth_amcl_monitor]: AMCL vs GT: gt=(-1.672, -10.128) amcl=(-1.550, -10.122) error=0.122 m / 0.104 rad; current_map=(-1.672, -10.100, 2.910) error=0.028 m / 0.000 rad; odom=(-1.897, -10.273, 2.910) error=0.268 m / 0.000 rad; ekf=(-1.897, -10.273, 2.910) error=0.268 m / 0.000 rad; RMS=0.159 m / 0.040 rad max=0.488 m / 0.136 rad samples=737
[component_container-9] [INFO] [1788998608.775946525] [pure_pursuit_node]: Pure Pursuit: pose=(-2.492, -9.532, 2.224) cte=-0.037 closest=774 target=819 path_dist=0.037 heading_err=-0.026 steer=-0.143 speed=3.060
[gpu_amcl_cpp_node-6] [INFO] [1788998608.780121653] [gpu_amcl_cpp]: AMCL local correction: odom_prediction=(-2.410, -9.632, 2.295) scan=(-2.421, -9.617, 2.303) correction=0.019 m/0.008 rad cluster_weight=0.980 publish=true
[gpu_amcl_cpp_node-6] [INFO] [1788998608.829110794] [gpu_amcl_cpp]: Received LiDAR callback #386 (1081 ranges).
[gpu_amcl_cpp_node-6] [INFO] [1788998608.829207075] [gpu_amcl_cpp]: Starting AMCL scan update #386 (sampled from 1081 ranges).
[gpu_amcl_cpp_node-6] [INFO] [1788998608.830318053] [gpu_amcl_cpp]: AMCL scan update #386 completed; evaluating pose confidence.
[gpu_amcl_cpp_node-6] [INFO] [1788998609.304948101] [gpu_amcl_cpp]: AMCL odom delta: at_scan=(11.388, -4.111, -2.970) baseline=(11.590, -4.071, -2.919) delta=(-0.201, -0.040, -0.051) moved=true scan_age=0.051s
[ground_truth_amcl_monitor-7] [INFO] [1788998609.428851306] [ground_truth_amcl_monitor]: AMCL vs GT: gt=(-3.133, -7.609) amcl=(-3.129, -7.601) error=0.009 m / 0.000 rad; current_map=(-3.130, -7.602, 1.645) error=0.008 m / 0.000 rad; odom=(-3.369, -7.734, 1.645) error=0.267 m / 0.000 rad; ekf=(-3.369, -7.734, 1.645) error=0.267 m / 0.000 rad; RMS=0.156 m / 0.040 rad max=0.488 m / 0.136 rad samples=776
[component_container-9] [INFO] [1788998609.824053154] [pure_pursuit_node]: Pure Pursuit: pose=(-2.993, -5.489, 1.382) cte=0.004 closest=983 target=1034 path_dist=0.004 heading_err=-0.029 steer=-0.056 speed=5.010
[gpu_amcl_cpp_node-6] [INFO] [1788998609.829258629] [gpu_amcl_cpp]: AMCL local correction: odom_prediction=(-3.044, -5.739, 1.377) scan=(-3.049, -5.749, 1.371) correction=0.011 m/0.006 rad cluster_weight=0.955 publish=true
[gpu_amcl_cpp_node-6] [INFO] [1788998610.323172809] [gpu_amcl_cpp]: AMCL odom delta: at_scan=(6.598, -3.428, 2.885) baseline=(6.845, -3.498, 2.849) delta=(-0.247, 0.070, 0.036) moved=true scan_age=0.050s
[ground_truth_amcl_monitor-7] [INFO] [1788998610.472226604] [ground_truth_amcl_monitor]: AMCL vs GT: gt=(-2.233, -2.598) amcl=(-2.276, -2.849) error=0.254 m / 0.035 rad; current_map=(-2.217, -2.586, 1.330) error=0.021 m / 0.000 rad; odom=(-2.452, -2.665, 1.330) error=0.229 m / 0.000 rad; ekf=(-2.452, -2.665, 1.330) error=0.229 m / 0.000 rad; RMS=0.158 m / 0.040 rad max=0.488 m / 0.136 rad samples=815
[component_container-9] [INFO] [1788998610.870872236] [pure_pursuit_node]: Pure Pursuit: pose=(-1.644, -0.415, 1.369) cte=0.003 closest=1245 target=1296 path_dist=0.003 heading_err=-0.018 steer=0.000 speed=4.333
[gpu_amcl_cpp_node-6] [INFO] [1788998610.875244234] [gpu_amcl_cpp]: AMCL local correction: odom_prediction=(-1.690, -0.633, 1.351) scan=(-1.690, -0.607, 1.343) correction=0.026 m/0.008 rad cluster_weight=0.942 publish=true
[gpu_amcl_cpp_node-6] [INFO] [1788998611.326413993] [gpu_amcl_cpp]: AMCL odom delta: at_scan=(2.115, -2.380, 2.980) baseline=(2.288, -2.408, 2.978) delta=(-0.173, 0.028, 0.002) moved=true scan_age=0.050s
[ground_truth_amcl_monitor-7] [INFO] [1788998611.482105676] [ground_truth_amcl_monitor]: AMCL vs GT: gt=(-1.285, 1.590) amcl=(-1.301, 1.471) error=0.120 m / 0.018 rad; current_map=(-1.277, 1.642, 1.443) error=0.053 m / 0.000 rad; odom=(-1.503, 1.560, 1.443) error=0.220 m / 0.000 rad; ekf=(-1.526, 1.389, 1.425) error=0.314 m / 0.018 rad; RMS=0.157 m / 0.039 rad max=0.488 m / 0.136 rad samples=855
[component_container-9] [INFO] [1788998611.900171435] [pure_pursuit_node]: Pure Pursuit: pose=(-1.300, 2.906, 1.876) cte=0.051 closest=1413 target=1456 path_dist=0.051 heading_err=-0.047 steer=0.138 speed=1.847
[gpu_amcl_cpp_node-6] [INFO] [1788998611.904568601] [gpu_amcl_cpp]: AMCL local correction: odom_prediction=(-1.274, 2.814, 1.800) scan=(-1.273, 2.803, 1.788) correction=0.011 m/0.013 rad cluster_weight=0.980 publish=true
[gpu_amcl_cpp_node-6] [INFO] [1788998612.329720131] [gpu_amcl_cpp]: AMCL odom delta: at_scan=(-0.244, -2.606, -2.486) baseline=(-0.166, -2.552, -2.569) delta=(-0.078, -0.055, 0.083) moved=true scan_age=0.051s
[ground_truth_amcl_monitor-7] [INFO] [1788998612.497282839] [ground_truth_amcl_monitor]: AMCL vs GT: gt=(-1.790, 3.630) amcl=(-1.711, 3.590) error=0.089 m / 0.077 rad; current_map=(-1.782, 3.648, 2.496) error=0.019 m / 0.000 rad; odom=(-2.024, 3.618, 2.496) error=0.234 m / 0.000 rad; ekf=(-2.024, 3.618, 2.496) error=0.234 m / 0.000 rad; RMS=0.155 m / 0.039 rad max=0.488 m / 0.136 rad samples=893
[component_container-9] [INFO] [1788998612.949455624] [pure_pursuit_node]: Pure Pursuit: pose=(-2.627, 3.797, -2.735) cte=0.019 closest=1503 target=1546 path_dist=0.019 heading_err=0.080 steer=0.409 speed=1.898
[gpu_amcl_cpp_node-6] [INFO] [1788998612.954699842] [gpu_amcl_cpp]: AMCL local correction: odom_prediction=(-2.531, 3.829, -2.848) scan=(-2.511, 3.815, -2.859) correction=0.024 m/0.011 rad cluster_weight=0.981 publish=true
[gpu_amcl_cpp_node-6] [INFO] [1788998613.372027024] [gpu_amcl_cpp]: AMCL odom delta: at_scan=(-0.072, -4.175, -0.423) baseline=(-0.165, -4.129, -0.504) delta=(0.093, -0.047, 0.081) moved=true scan_age=0.050s
[ground_truth_amcl_monitor-7] [INFO] [1788998613.523529011] [ground_truth_amcl_monitor]: AMCL vs GT: gt=(-3.154, 2.943) amcl=(-3.113, 3.030) error=0.097 m / 0.054 rad; current_map=(-3.143, 2.914, -1.800) error=0.031 m / 0.000 rad; odom=(-3.479, 2.910, -1.800) error=0.326 m / 0.000 rad; ekf=(-3.479, 2.910, -1.800) error=0.326 m / 0.000 rad; RMS=0.152 m / 0.041 rad max=0.488 m / 0.136 rad samples=933
[gpu_amcl_cpp_node-6] [INFO] [1788998613.872309408] [gpu_amcl_cpp]: Received LiDAR callback #483 (1081 ranges).
[gpu_amcl_cpp_node-6] [INFO] [1788998613.872400819] [gpu_amcl_cpp]: Starting AMCL scan update #483 (sampled from 1081 ranges).
[gpu_amcl_cpp_node-6] [INFO] [1788998613.872971162] [gpu_amcl_cpp]: AMCL scan update #483 completed; evaluating pose confidence.
[component_container-9] [INFO] [1788998614.011789646] [pure_pursuit_node]: Pure Pursuit: pose=(-3.324, 1.236, -1.670) cte=0.016 closest=1640 target=1688 path_dist=0.016 heading_err=-0.018 steer=-0.116 speed=2.855
[gpu_amcl_cpp_node-6] [INFO] [1788998614.017129334] [gpu_amcl_cpp]: AMCL local correction: odom_prediction=(-3.295, 1.519, -1.665) scan=(-3.304, 1.537, -1.649) correction=0.020 m/0.017 rad cluster_weight=0.960 publish=true
[gpu_amcl_cpp_node-6] [INFO] [1788998614.373482746] [gpu_amcl_cpp]: AMCL odom delta: at_scan=(2.570, -4.605, -0.348) baseline=(2.460, -4.567, -0.322) delta=(0.110, -0.038, -0.026) moved=true scan_age=0.050s
[ground_truth_amcl_monitor-7] [INFO] [1788998614.526316327] [ground_truth_amcl_monitor]: AMCL vs GT: gt=(-3.638, 0.109) amcl=(-3.573, 0.268) error=0.172 m / 0.059 rad; current_map=(-3.618, 0.165, -2.016) error=0.059 m / 0.000 rad; odom=(-3.931, 0.271, -2.016) error=0.335 m / 0.000 rad; ekf=(-3.931, 0.271, -2.016) error=0.335 m / 0.000 rad; RMS=0.152 m / 0.040 rad max=0.488 m / 0.136 rad samples=971
[component_container-9] [INFO] [1788998615.026916408] [pure_pursuit_node]: Pure Pursuit: pose=(-4.390, -0.491, -2.937) cte=-0.066 closest=1746 target=1789 path_dist=0.066 heading_err=0.127 steer=-0.313 speed=1.853
[gpu_amcl_cpp_node-6] [INFO] [1788998615.033164383] [gpu_amcl_cpp]: AMCL local correction: odom_prediction=(-4.302, -0.482, -2.856) scan=(-4.295, -0.479, -2.835) correction=0.007 m/0.022 rad cluster_weight=0.991 publish=true
[gpu_amcl_cpp_node-6] [INFO] [1788998615.420934845] [gpu_amcl_cpp]: AMCL odom delta: at_scan=(3.450, -6.142, -1.974) baseline=(3.482, -6.057, -1.887) delta=(-0.032, -0.086, -0.087) moved=true scan_age=0.048s
[ground_truth_amcl_monitor-7] [INFO] [1788998615.528466646] [ground_truth_amcl_monitor]: AMCL vs GT: gt=(-5.176, -0.344) amcl=(-5.156, -0.356) error=0.023 m / 0.000 rad; current_map=(-5.155, -0.364, 2.567) error=0.029 m / 0.000 rad; odom=(-5.509, -0.202, 2.567) error=0.362 m / 0.000 rad; ekf=(-5.509, -0.202, 2.567) error=0.362 m / 0.000 rad; RMS=0.150 m / 0.041 rad max=0.488 m / 0.136 rad samples=1010
[component_container-9] [INFO] [1788998616.074261416] [pure_pursuit_node]: Pure Pursuit: pose=(-5.915, 0.935, 1.807) cte=-0.048 closest=1860 target=1907 path_dist=0.048 heading_err=0.036 steer=-0.048 speed=3.825
[gpu_amcl_cpp_node-6] [INFO] [1788998616.079293967] [gpu_amcl_cpp]: AMCL local correction: odom_prediction=(-5.875, 0.780, 1.843) scan=(-5.877, 0.779, 1.843) correction=0.002 m/0.000 rad cluster_weight=0.944 publish=true
[gpu_amcl_cpp_node-6] [INFO] [1788998616.448323740] [gpu_amcl_cpp]: AMCL odom delta: at_scan=(0.830, -7.258, -3.049) baseline=(1.050, -7.236, -3.033) delta=(-0.219, -0.022, -0.015) moved=true scan_age=0.050s
[gpu_amcl_cpp_node-6] [WARN] [1788998616.499007006] [gpu_amcl_cpp]: Queued LiDAR scan until source-time odometry arrives (queued=1).
[ground_truth_amcl_monitor-7] [INFO] [1788998616.550715168] [ground_truth_amcl_monitor]: AMCL vs GT: gt=(-6.167, 2.650) amcl=(-6.134, 2.377) error=0.275 m / 0.015 rad; current_map=(-6.151, 2.611, 1.636) error=0.042 m / 0.000 rad; odom=(-6.494, 2.786, 1.636) error=0.354 m / 0.000 rad; ekf=(-6.477, 2.552, 1.652) error=0.325 m / 0.015 rad; RMS=0.150 m / 0.041 rad max=0.488 m / 0.136 rad samples=1049
[component_container-9] [INFO] [1788998617.123813736] [pure_pursuit_node]: Pure Pursuit: pose=(-5.820, 5.489, 1.188) cte=-0.010 closest=2090 target=2140 path_dist=0.010 heading_err=0.044 steer=-0.029 speed=3.280
[gpu_amcl_cpp_node-6] [INFO] [1788998617.128621413] [gpu_amcl_cpp]: AMCL local correction: odom_prediction=(-5.894, 5.288, 1.250) scan=(-5.902, 5.297, 1.261) correction=0.012 m/0.011 rad cluster_weight=0.988 publish=true
[gpu_amcl_cpp_node-6] [INFO] [1788998617.478642003] [gpu_amcl_cpp]: AMCL odom delta: at_scan=(-3.338, -6.563, 2.605) baseline=(-3.221, -6.629, 2.654) delta=(-0.117, 0.066, -0.049) moved=true scan_age=0.051s
[ground_truth_amcl_monitor-7] [INFO] [1788998617.551886009] [ground_truth_amcl_monitor]: AMCL vs GT: gt=(-5.340, 6.518) amcl=(-5.319, 6.504) error=0.025 m / 0.000 rad; current_map=(-5.318, 6.500, 0.963) error=0.028 m / 0.000 rad; odom=(-5.656, 6.662, 0.963) error=0.347 m / 0.000 rad; ekf=(-5.656, 6.662, 0.963) error=0.347 m / 0.000 rad; RMS=0.151 m / 0.041 rad max=0.488 m / 0.136 rad samples=1088
[component_container-9] [INFO] [1788998618.150718533] [pure_pursuit_node]: Pure Pursuit: pose=(-3.750, 7.572, 0.198) cte=-0.022 closest=2244 target=2291 path_dist=0.022 heading_err=-0.012 steer=-0.151 speed=3.471
[gpu_amcl_cpp_node-6] [INFO] [1788998618.155333478] [gpu_amcl_cpp]: AMCL local correction: odom_prediction=(-3.908, 7.535, 0.271) scan=(-3.921, 7.539, 0.295) correction=0.014 m/0.024 rad cluster_weight=0.990 publish=true
[gpu_amcl_cpp_node-6] [INFO] [1788998618.549421708] [gpu_amcl_cpp]: AMCL odom delta: at_scan=(-4.516, -3.653, 1.295) baseline=(-4.570, -3.885, 1.388) delta=(0.054, 0.232, -0.093) moved=true scan_age=0.052s
[ground_truth_amcl_monitor-7] [INFO] [1788998618.554184812] [ground_truth_amcl_monitor]: AMCL vs GT: gt=(-2.558, 7.534) amcl=(-2.550, 7.531) error=0.008 m / 0.000 rad; current_map=(-2.550, 7.524, -0.276) error=0.013 m / 0.000 rad; odom=(-2.852, 7.674, -0.276) error=0.326 m / 0.000 rad; ekf=(-2.852, 7.674, -0.276) error=0.326 m / 0.000 rad; RMS=0.150 m / 0.041 rad max=0.488 m / 0.136 rad samples=1126
[gpu_amcl_cpp_node-6] [INFO] [1788998618.899287597] [gpu_amcl_cpp]: Received LiDAR callback #580 (1081 ranges).
[gpu_amcl_cpp_node-6] [INFO] [1788998618.899391072] [gpu_amcl_cpp]: Starting AMCL scan update #580 (sampled from 1081 ranges).
[gpu_amcl_cpp_node-6] [INFO] [1788998618.900263762] [gpu_amcl_cpp]: AMCL scan update #580 completed; evaluating pose confidence.
[component_container-9] [INFO] [1788998619.152048325] [pure_pursuit_node]: Pure Pursuit: pose=(-0.579, 5.870, -1.001) cte=-0.011 closest=2434 target=2485 path_dist=0.011 heading_err=0.017 steer=-0.042 speed=5.284
[gpu_amcl_cpp_node-6] [INFO] [1788998619.157329422] [gpu_amcl_cpp]: AMCL local correction: odom_prediction=(-0.705, 6.065, -0.971) scan=(-0.711, 6.076, -0.972) correction=0.012 m/0.001 rad cluster_weight=0.979 publish=true
[gpu_amcl_cpp_node-6] [INFO] [1788998619.579730937] [gpu_amcl_cpp]: AMCL odom delta: at_scan=(-1.146, -0.821, 0.337) baseline=(-1.392, -0.906, 0.328) delta=(0.246, 0.085, 0.010) moved=true scan_age=0.052s
[ground_truth_amcl_monitor-7] [INFO] [1788998619.581131780] [ground_truth_amcl_monitor]: AMCL vs GT: gt=(0.252, 4.207) amcl=(0.167, 4.489) error=0.295 m / 0.010 rad; current_map=(0.252, 4.243, -1.233) error=0.036 m / 0.000 rad; odom=(-0.020, 4.304, -1.233) error=0.290 m / 0.000 rad; ekf=(-0.020, 4.304, -1.233) error=0.290 m / 0.000 rad; RMS=0.151 m / 0.041 rad max=0.488 m / 0.136 rad samples=1165
[gpu_amcl_cpp_node-6] [WARN] [1788998619.913123239] [gpu_amcl_cpp]: No local AMCL cluster near odometry prediction; using causal odometry pose.
[component_container-9] [INFO] [1788998620.196089579] [pure_pursuit_node]: Pure Pursuit: pose=(1.208, 0.938, -1.337) cte=-0.036 closest=112 target=164 path_dist=0.036 heading_err=-0.065 steer=-0.108 speed=5.122
[gpu_amcl_cpp_node-6] [INFO] [1788998620.200699344] [gpu_amcl_cpp]: AMCL local correction: odom_prediction=(1.136, 1.216, -1.341) scan=(1.118, 1.240, -1.356) correction=0.031 m/0.015 rad cluster_weight=0.915 publish=true
[gpu_amcl_cpp_node-6] [INFO] [1788998620.622007334] [gpu_amcl_cpp]: AMCL odom delta: at_scan=(4.246, 0.366, 0.124) baseline=(3.962, 0.328, 0.136) delta=(0.284, 0.037, -0.013) moved=true scan_age=0.049s
[ground_truth_amcl_monitor-7] [INFO] [1788998620.622954504] [ground_truth_amcl_monitor]: AMCL vs GT: gt=(1.415, -1.042) amcl=(1.344, -0.901) error=0.158 m / 0.013 rad; current_map=(1.381, -1.185, -1.447) error=0.147 m / 0.000 rad; odom=(1.166, -1.088, -1.447) error=0.253 m / 0.000 rad; ekf=(1.129, -0.803, -1.435) error=0.372 m / 0.013 rad; RMS=0.153 m / 0.041 rad max=0.488 m / 0.136 rad samples=1203
[component_container-9] [INFO] [1788998621.246403015] [pure_pursuit_node]: Pure Pursuit: pose=(1.058, -4.586, -1.716) cte=-0.010 closest=389 target=442 path_dist=0.010 heading_err=-0.023 steer=-0.043 speed=6.149
[gpu_amcl_cpp_node-6] [INFO] [1788998621.251298918] [gpu_amcl_cpp]: AMCL local correction: odom_prediction=(1.106, -4.287, -1.744) scan=(1.108, -4.224, -1.747) correction=0.063 m/0.002 rad cluster_weight=0.919 publish=true
[gpu_amcl_cpp_node-6] [INFO] [1788998621.622465751] [gpu_amcl_cpp]: AMCL odom delta: at_scan=(9.633, -0.366, -0.230) baseline=(9.390, -0.311, -0.215) delta=(0.243, -0.055, -0.015) moved=true scan_age=0.049s
[ground_truth_amcl_monitor-7] [INFO] [1788998621.623114010] [ground_truth_amcl_monitor]: AMCL vs GT: gt=(0.714, -6.320) amcl=(0.785, -6.043) error=0.286 m / 0.015 rad; current_map=(0.730, -6.287, -1.801) error=0.037 m / 0.000 rad; odom=(0.434, -6.475, -1.801) error=0.320 m / 0.000 rad; ekf=(0.434, -6.475, -1.801) error=0.320 m / 0.000 rad; RMS=0.154 m / 0.040 rad max=0.488 m / 0.136 rad samples=1241
[component_container-9] [INFO] [1788998622.295729246] [pure_pursuit_node]: Pure Pursuit: pose=(0.063, -8.918, -1.914) cte=-0.063 closest=611 target=657 path_dist=0.063 heading_err=-0.059 steer=-0.205 speed=2.549
[gpu_amcl_cpp_node-6] [INFO] [1788998622.299619399] [gpu_amcl_cpp]: AMCL local correction: odom_prediction=(0.107, -8.784, -1.895) scan=(0.109, -8.798, -1.887) correction=0.014 m/0.009 rad cluster_weight=0.991 publish=true
[gpu_amcl_cpp_node-6] [INFO] [1788998622.625078960] [gpu_amcl_cpp]: AMCL odom delta: at_scan=(12.809, -1.336, -0.627) baseline=(12.711, -1.268, -0.584) delta=(0.099, -0.068, -0.043) moved=true scan_age=0.051s
[ground_truth_amcl_monitor-7] [INFO] [1788998622.626033004] [ground_truth_amcl_monitor]: AMCL vs GT: gt=(-0.260, -9.523) amcl=(-0.173, -9.385) error=0.164 m / 0.043 rad; current_map=(-0.241, -9.483, -2.198) error=0.045 m / 0.000 rad; odom=(-0.535, -9.651, -2.198) error=0.303 m / 0.000 rad; ekf=(-0.535, -9.651, -2.198) error=0.303 m / 0.000 rad; RMS=0.154 m / 0.040 rad max=0.488 m / 0.136 rad samples=1279
[component_container-9] [INFO] [1788998623.322517502] [pure_pursuit_node]: Pure Pursuit: pose=(-1.800, -10.074, 2.799) cte=-0.038 closest=731 target=775 path_dist=0.038 heading_err=0.013 steer=-0.252 speed=2.544
[gpu_amcl_cpp_node-6] [INFO] [1788998623.326682862] [gpu_amcl_cpp]: AMCL local correction: odom_prediction=(-1.690, -10.107, 2.901) scan=(-1.704, -10.101, 2.912) correction=0.015 m/0.011 rad cluster_weight=0.995 publish=true
[gpu_amcl_cpp_node-6] [INFO] [1788998623.626559903] [gpu_amcl_cpp]: AMCL odom delta: at_scan=(13.051, -3.436, -2.364) baseline=(13.142, -3.338, -2.276) delta=(-0.091, -0.098, -0.088) moved=true scan_age=0.050s
[ground_truth_amcl_monitor-7] [INFO] [1788998623.627624444] [ground_truth_amcl_monitor]: AMCL vs GT: gt=(-2.318, -9.768) amcl=(-2.229, -9.826) error=0.106 m / 0.088 rad; current_map=(-2.328, -9.735, 2.348) error=0.035 m / 0.000 rad; odom=(-2.635, -9.892, 2.348) error=0.341 m / 0.000 rad; ekf=(-2.537, -9.984, 2.436) error=0.307 m / 0.088 rad; RMS=0.153 m / 0.041 rad max=0.488 m / 0.136 rad samples=1317
[gpu_amcl_cpp_node-6] [INFO] [1788998623.948630624] [gpu_amcl_cpp]: Received LiDAR callback #675 (1081 ranges).
[gpu_amcl_cpp_node-6] [INFO] [1788998623.948756771] [gpu_amcl_cpp]: Starting AMCL scan update #675 (sampled from 1081 ranges).
[gpu_amcl_cpp_node-6] [INFO] [1788998623.949342562] [gpu_amcl_cpp]: AMCL scan update #675 completed; evaluating pose confidence.
[component_container-9] [INFO] [1788998624.325930527] [pure_pursuit_node]: Pure Pursuit: pose=(-3.157, -7.381, 1.626) cte=-0.008 closest=887 target=937 path_dist=0.008 heading_err=0.003 steer=-0.053 speed=4.914
[gpu_amcl_cpp_node-6] [INFO] [1788998624.330925397] [gpu_amcl_cpp]: AMCL local correction: odom_prediction=(-3.143, -7.594, 1.658) scan=(-3.141, -7.612, 1.672) correction=0.018 m/0.014 rad cluster_weight=0.985 publish=true
[gpu_amcl_cpp_node-6] [WARN] [1788998624.614161435] [gpu_amcl_cpp]: Queued LiDAR scan until source-time odometry arrives (queued=1).
[gpu_amcl_cpp_node-6] [INFO] [1788998624.680036079] [gpu_amcl_cpp]: AMCL odom delta: at_scan=(9.239, -4.214, 2.986) baseline=(9.590, -4.260, 3.038) delta=(-0.351, 0.046, -0.052) moved=true scan_age=0.057s
[ground_truth_amcl_monitor-7] [INFO] [1788998624.680745142] [ground_truth_amcl_monitor]: AMCL vs GT: gt=(-3.106, -5.997) amcl=(-3.138, -6.346) error=0.350 m / 0.052 rad; current_map=(-3.093, -5.995, 1.416) error=0.013 m / 0.000 rad; odom=(-3.459, -6.432, 1.467) error=0.560 m / 0.052 rad; ekf=(-3.459, -6.432, 1.467) error=0.560 m / 0.052 rad; RMS=0.153 m / 0.041 rad max=0.488 m / 0.136 rad samples=1355
[component_container-9] [INFO] [1788998625.351098309] [pure_pursuit_node]: Pure Pursuit: pose=(-2.093, -2.314, 1.405) cte=0.025 closest=1148 target=1200 path_dist=0.025 heading_err=-0.094 steer=-0.071 speed=6.037
[gpu_amcl_cpp_node-6] [INFO] [1788998625.355865391] [gpu_amcl_cpp]: AMCL local correction: odom_prediction=(-2.144, -2.580, 1.324) scan=(-2.137, -2.586, 1.306) correction=0.009 m/0.019 rad cluster_weight=0.965 publish=true
[gpu_amcl_cpp_node-6] [INFO] [1788998625.680419972] [gpu_amcl_cpp]: AMCL odom delta: at_scan=(3.976, -2.840, 2.916) baseline=(4.260, -2.904, 2.927) delta=(-0.284, 0.063, -0.011) moved=true scan_age=0.050s
[ground_truth_amcl_monitor-7] [INFO] [1788998625.680918830] [ground_truth_amcl_monitor]: AMCL vs GT: gt=(-1.745, -0.780) amcl=(-1.790, -1.053) error=0.277 m / 0.011 rad; current_map=(-1.727, -0.769, 1.345) error=0.022 m / 0.000 rad; odom=(-2.040, -0.818, 1.345) error=0.296 m / 0.000 rad; ekf=(-2.040, -0.818, 1.345) error=0.296 m / 0.000 rad; RMS=0.155 m / 0.040 rad max=0.488 m / 0.136 rad samples=1391
[component_container-9] [INFO] [1788998626.376285008] [pure_pursuit_node]: Pure Pursuit: pose=(-1.221, 2.002, 1.476) cte=0.042 closest=1368 target=1414 path_dist=0.042 heading_err=0.060 steer=0.195 speed=2.862
[gpu_amcl_cpp_node-6] [INFO] [1788998626.380807761] [gpu_amcl_cpp]: AMCL local correction: odom_prediction=(-1.236, 1.839, 1.507) scan=(-1.238, 1.834, 1.498) correction=0.005 m/0.009 rad cluster_weight=0.960 publish=true
[gpu_amcl_cpp_node-6] [INFO] [1788998626.702540548] [gpu_amcl_cpp]: AMCL odom delta: at_scan=(0.453, -2.371, -2.955) baseline=(0.567, -2.353, -3.008) delta=(-0.113, -0.018, 0.053) moved=true scan_age=0.051s
[ground_truth_amcl_monitor-7] [INFO] [1788998626.703362543] [ground_truth_amcl_monitor]: AMCL vs GT: gt=(-1.271, 2.746) amcl=(-1.236, 2.653) error=0.100 m / 0.053 rad; current_map=(-1.254, 2.767, 1.757) error=0.027 m / 0.000 rad; odom=(-1.570, 2.705, 1.757) error=0.302 m / 0.000 rad; ekf=(-1.552, 2.592, 1.704) error=0.321 m / 0.053 rad; RMS=0.154 m / 0.040 rad max=0.488 m / 0.136 rad samples=1429
[component_container-9] [INFO] [1788998627.424159368] [pure_pursuit_node]: Pure Pursuit: pose=(-1.999, 3.786, 2.781) cte=-0.030 closest=1471 target=1514 path_dist=0.030 heading_err=0.056 steer=0.389 speed=1.883
[gpu_amcl_cpp_node-6] [INFO] [1788998627.428577063] [gpu_amcl_cpp]: AMCL local correction: odom_prediction=(-1.920, 3.759, 2.687) scan=(-1.917, 3.766, 2.669) correction=0.008 m/0.018 rad cluster_weight=0.978 publish=true
[gpu_amcl_cpp_node-6] [INFO] [1788998627.726549745] [gpu_amcl_cpp]: AMCL odom delta: at_scan=(-0.629, -3.583, -1.383) baseline=(-0.642, -3.490, -1.497) delta=(0.012, -0.093, 0.114) moved=true scan_age=0.051s
[ground_truth_amcl_monitor-7] [INFO] [1788998627.727919089] [ground_truth_amcl_monitor]: AMCL vs GT: gt=(-2.434, 3.803) amcl=(-2.355, 3.851) error=0.092 m / 0.114 rad; current_map=(-2.448, 3.839, -2.954) error=0.039 m / 0.000 rad; odom=(-2.782, 3.788, -2.954) error=0.349 m / 0.000 rad; ekf=(-2.782, 3.788, -2.954) error=0.349 m / 0.000 rad; RMS=0.152 m / 0.040 rad max=0.488 m / 0.136 rad samples=1469
[component_container-9] [INFO] [1788998628.451102202] [pure_pursuit_node]: Pure Pursuit: pose=(-3.209, 2.497, -1.681) cte=0.051 closest=1576 target=1622 path_dist=0.051 heading_err=-0.008 steer=0.024 speed=3.311
[gpu_amcl_cpp_node-6] [INFO] [1788998628.455582364] [gpu_amcl_cpp]: AMCL local correction: odom_prediction=(-3.193, 2.620, -1.711) scan=(-3.190, 2.614, -1.710) correction=0.007 m/0.002 rad cluster_weight=0.950 publish=true
[ground_truth_amcl_monitor-7] [INFO] [1788998628.731460071] [ground_truth_amcl_monitor]: AMCL vs GT: gt=(-3.285, 1.799) amcl=(-3.272, 1.787) error=0.018 m / 0.000 rad; current_map=(-3.271, 1.778, -1.647) error=0.026 m / 0.000 rad; odom=(-3.679, 1.770, -1.647) error=0.396 m / 0.000 rad; ekf=(-3.679, 1.770, -1.647) error=0.396 m / 0.000 rad; RMS=0.151 m / 0.041 rad max=0.488 m / 0.150 rad samples=1508
[gpu_amcl_cpp_node-6] [INFO] [1788998628.774667505] [gpu_amcl_cpp]: AMCL odom delta: at_scan=(1.564, -4.495, -0.087) baseline=(1.388, -4.480, -0.077) delta=(0.176, -0.014, -0.011) moved=true scan_age=0.049s
[gpu_amcl_cpp_node-6] [INFO] [1788998628.976321313] [gpu_amcl_cpp]: Received LiDAR callback #771 (1081 ranges).
[gpu_amcl_cpp_node-6] [INFO] [1788998628.976442931] [gpu_amcl_cpp]: Starting AMCL scan update #771 (sampled from 1081 ranges).
[gpu_amcl_cpp_node-6] [INFO] [1788998628.977540975] [gpu_amcl_cpp]: AMCL scan update #771 completed; evaluating pose confidence.
[component_container-9] [INFO] [1788998629.496488878] [pure_pursuit_node]: Pure Pursuit: pose=(-3.870, -0.125, -2.353) cte=0.004 closest=1715 target=1758 path_dist=0.004 heading_err=-0.011 steer=-0.257 speed=1.970
[gpu_amcl_cpp_node-6] [INFO] [1788998629.501588414] [gpu_amcl_cpp]: AMCL local correction: odom_prediction=(-3.801, -0.061, -2.273) scan=(-3.795, -0.054, -2.258) correction=0.009 m/0.015 rad cluster_weight=0.971 publish=true
[ground_truth_amcl_monitor-7] [INFO] [1788998629.748455677] [ground_truth_amcl_monitor]: AMCL vs GT: gt=(-4.185, -0.354) amcl=(-4.082, -0.313) error=0.111 m / 0.076 rad; current_map=(-4.166, -0.362, -2.655) error=0.021 m / 0.000 rad; odom=(-4.592, -0.377, -2.655) error=0.407 m / 0.000 rad; ekf=(-4.592, -0.377, -2.655) error=0.407 m / 0.000 rad; RMS=0.150 m / 0.041 rad max=0.488 m / 0.150 rad samples=1547
[gpu_amcl_cpp_node-6] [INFO] [1788998629.795803353] [gpu_amcl_cpp]: AMCL odom delta: at_scan=(3.577, -5.480, -1.169) baseline=(3.536, -5.392, -1.084) delta=(0.042, -0.088, -0.084) moved=true scan_age=0.048s
[component_container-9] [INFO] [1788998630.522555237] [pure_pursuit_node]: Pure Pursuit: pose=(-5.571, 0.071, 2.141) cte=-0.043 closest=1814 target=1858 path_dist=0.043 heading_err=-0.029 steer=-0.161 speed=2.876
[gpu_amcl_cpp_node-6] [INFO] [1788998630.527284106] [gpu_amcl_cpp]: AMCL local correction: odom_prediction=(-5.511, -0.006, 2.220) scan=(-5.507, -0.014, 2.228) correction=0.010 m/0.008 rad cluster_weight=0.948 publish=true
[ground_truth_amcl_monitor-7] [INFO] [1788998630.780656047] [ground_truth_amcl_monitor]: AMCL vs GT: gt=(-5.832, 0.606) amcl=(-5.762, 0.441) error=0.179 m / 0.051 rad; current_map=(-5.816, 0.588, 1.896) error=0.025 m / 0.000 rad; odom=(-6.272, 0.586, 1.896) error=0.440 m / 0.000 rad; ekf=(-6.272, 0.586, 1.896) error=0.440 m / 0.000 rad; RMS=0.149 m / 0.042 rad max=0.488 m / 0.150 rad samples=1587
[gpu_amcl_cpp_node-6] [INFO] [1788998630.848661427] [gpu_amcl_cpp]: AMCL odom delta: at_scan=(2.361, -7.138, -2.870) baseline=(2.572, -7.073, -2.817) delta=(-0.211, -0.065, -0.054) moved=true scan_age=0.051s
[component_container-9] [INFO] [1788998631.524999942] [pure_pursuit_node]: Pure Pursuit: pose=(-6.147, 3.856, 1.505) cte=-0.008 closest=2007 target=2058 path_dist=0.008 heading_err=-0.012 steer=-0.063 speed=4.552
[gpu_amcl_cpp_node-6] [INFO] [1788998631.529405493] [gpu_amcl_cpp]: AMCL local correction: odom_prediction=(-6.162, 3.611, 1.528) scan=(-6.159, 3.592, 1.532) correction=0.019 m/0.003 rad cluster_weight=0.978 publish=true
[ground_truth_amcl_monitor-7] [INFO] [1788998631.799567357] [ground_truth_amcl_monitor]: AMCL vs GT: gt=(-5.995, 4.910) amcl=(-6.038, 4.635) error=0.279 m / 0.023 rad; current_map=(-5.987, 4.859, 1.336) error=0.051 m / 0.000 rad; odom=(-6.427, 4.912, 1.336) error=0.432 m / 0.000 rad; ekf=(-6.478, 4.687, 1.359) error=0.532 m / 0.023 rad; RMS=0.150 m / 0.041 rad max=0.488 m / 0.150 rad samples=1625
[gpu_amcl_cpp_node-6] [INFO] [1788998631.850725306] [gpu_amcl_cpp]: AMCL odom delta: at_scan=(-1.970, -7.175, 2.893) baseline=(-1.754, -7.228, 2.907) delta=(-0.216, 0.053, -0.013) moved=true scan_age=0.052s
[component_container-9] [INFO] [1788998632.572472624] [pure_pursuit_node]: Pure Pursuit: pose=(-4.699, 7.154, 0.612) cte=-0.010 closest=2192 target=2238 path_dist=0.010 heading_err=-0.012 steer=-0.139 speed=3.281
[gpu_amcl_cpp_node-6] [INFO] [1788998632.576719888] [gpu_amcl_cpp]: AMCL local correction: odom_prediction=(-4.820, 7.064, 0.664) scan=(-4.825, 7.062, 0.678) correction=0.006 m/0.015 rad cluster_weight=0.993 publish=true
[ground_truth_amcl_monitor-7] [INFO] [1788998632.828488686] [ground_truth_amcl_monitor]: AMCL vs GT: gt=(-4.118, 7.490) amcl=(-4.294, 7.400) error=0.197 m / 0.073 rad; current_map=(-4.139, 7.461, 0.341) error=0.035 m / 0.000 rad; odom=(-4.547, 7.463, 0.341) error=0.429 m / 0.000 rad; ekf=(-4.547, 7.463, 0.341) error=0.429 m / 0.000 rad; RMS=0.150 m / 0.041 rad max=0.488 m / 0.150 rad samples=1665
[gpu_amcl_cpp_node-6] [INFO] [1788998632.879430118] [gpu_amcl_cpp]: AMCL odom delta: at_scan=(-4.356, -5.184, 1.839) baseline=(-4.304, -5.348, 1.912) delta=(-0.051, 0.163, -0.073) moved=true scan_age=0.052s
[component_container-9] [INFO] [1788998633.620972809] [pure_pursuit_node]: Pure Pursuit: pose=(-1.328, 6.794, -0.743) cte=-0.024 closest=2375 target=2424 path_dist=0.024 heading_err=-0.002 steer=-0.091 speed=4.495
[gpu_amcl_cpp_node-6] [INFO] [1788998633.625673355] [gpu_amcl_cpp]: AMCL local correction: odom_prediction=(-1.487, 6.931, -0.682) scan=(-1.521, 6.958, -0.664) correction=0.044 m/0.017 rad cluster_weight=0.948 publish=true
[ground_truth_amcl_monitor-7] [INFO] [1788998633.831060954] [ground_truth_amcl_monitor]: AMCL vs GT: gt=(-0.885, 6.281) amcl=(-1.038, 6.484) error=0.254 m / 0.037 rad; current_map=(-0.887, 6.290, -0.926) error=0.010 m / 0.000 rad; odom=(-1.291, 6.233, -0.926) error=0.409 m / 0.000 rad; ekf=(-1.291, 6.233, -0.926) error=0.409 m / 0.000 rad; RMS=0.150 m / 0.041 rad max=0.488 m / 0.150 rad samples=1701
[gpu_amcl_cpp_node-6] [INFO] [1788998633.898499528] [gpu_amcl_cpp]: AMCL odom delta: at_scan=(-2.814, -1.898, 0.638) baseline=(-3.074, -2.092, 0.645) delta=(0.260, 0.194, -0.008) moved=true scan_age=0.051s
[gpu_amcl_cpp_node-6] [INFO] [1788998633.999394806] [gpu_amcl_cpp]: Received LiDAR callback #866 (1081 ranges).
[gpu_amcl_cpp_node-6] [INFO] [1788998633.999469126] [gpu_amcl_cpp]: Starting AMCL scan update #866 (sampled from 1081 ranges).
[gpu_amcl_cpp_node-6] [INFO] [1788998634.000256897] [gpu_amcl_cpp]: AMCL scan update #866 completed; evaluating pose confidence.
[gpu_amcl_cpp_node-6] [WARN] [1788998634.576773514] [gpu_amcl_cpp]: No local AMCL cluster near odometry prediction; using causal odometry pose.
[component_container-9] [INFO] [1788998634.623113136] [pure_pursuit_node]: Pure Pursuit: pose=(0.753, 2.659, -1.318) cte=0.024 closest=23 target=74 path_dist=0.024 heading_err=0.035 steer=0.012 speed=5.707
[gpu_amcl_cpp_node-6] [INFO] [1788998634.628580293] [gpu_amcl_cpp]: AMCL local correction: odom_prediction=(0.690, 2.902, -1.347) scan=(0.694, 2.913, -1.357) correction=0.012 m/0.011 rad cluster_weight=0.909 publish=true
[ground_truth_amcl_monitor-7] [INFO] [1788998634.832491456] [ground_truth_amcl_monitor]: AMCL vs GT: gt=(1.021, 1.877) amcl=(1.008, 1.907) error=0.033 m / 0.000 rad; current_map=(1.016, 1.904, -1.237) error=0.027 m / 0.000 rad; odom=(0.649, 1.734, -1.237) error=0.399 m / 0.000 rad; ekf=(0.649, 1.734, -1.237) error=0.399 m / 0.000 rad; RMS=0.151 m / 0.041 rad max=0.488 m / 0.150 rad samples=1740
[gpu_amcl_cpp_node-6] [INFO] [1788998634.928094095] [gpu_amcl_cpp]: AMCL odom delta: at_scan=(1.959, 0.007, 0.242) baseline=(1.697, -0.064, 0.290) delta=(0.262, 0.071, -0.047) moved=true scan_age=0.051s
[component_container-9] [INFO] [1788998635.671762404] [pure_pursuit_node]: Pure Pursuit: pose=(1.348, -2.722, -1.535) cte=-0.051 closest=295 target=348 path_dist=0.051 heading_err=-0.126 steer=-0.172 speed=5.286
[gpu_amcl_cpp_node-6] [INFO] [1788998635.676263856] [gpu_amcl_cpp]: AMCL local correction: odom_prediction=(1.346, -2.430, -1.594) scan=(1.343, -2.405, -1.599) correction=0.025 m/0.006 rad cluster_weight=0.937 publish=true
[ground_truth_amcl_monitor-7] [INFO] [1788998635.875554023] [ground_truth_amcl_monitor]: AMCL vs GT: gt=(1.298, -3.515) amcl=(1.327, -3.239) error=0.277 m / 0.049 rad; current_map=(1.301, -3.501, -1.694) error=0.014 m / 0.000 rad; odom=(0.919, -3.797, -1.694) error=0.473 m / 0.000 rad; ekf=(0.919, -3.797, -1.694) error=0.473 m / 0.000 rad; RMS=0.153 m / 0.041 rad max=0.488 m / 0.150 rad samples=1779
[gpu_amcl_cpp_node-6] [INFO] [1788998635.974810961] [gpu_amcl_cpp]: AMCL odom delta: at_scan=(7.423, 0.038, -0.210) baseline=(7.196, 0.082, -0.173) delta=(0.227, -0.044, -0.037) moved=true scan_age=0.050s
[component_container-9] [INFO] [1788998636.700852485] [pure_pursuit_node]: Pure Pursuit: pose=(0.414, -7.528, -1.858) cte=0.013 closest=540 target=588 path_dist=0.013 heading_err=0.047 steer=0.045 speed=3.830
[gpu_amcl_cpp_node-6] [INFO] [1788998636.705719274] [gpu_amcl_cpp]: AMCL local correction: odom_prediction=(0.463, -7.360, -1.796) scan=(0.467, -7.346, -1.786) correction=0.015 m/0.010 rad cluster_weight=0.961 publish=true
[ground_truth_amcl_monitor-7] [INFO] [1788998636.878889269] [ground_truth_amcl_monitor]: AMCL vs GT: gt=(0.293, -8.034) amcl=(0.310, -7.998) error=0.040 m / 0.000 rad; current_map=(0.311, -7.994, -1.806) error=0.043 m / 0.000 rad; odom=(-0.113, -8.442, -1.806) error=0.576 m / 0.000 rad; ekf=(-0.113, -8.442, -1.806) error=0.576 m / 0.000 rad; RMS=0.154 m / 0.041 rad max=0.488 m / 0.150 rad samples=1818
[gpu_amcl_cpp_node-6] [INFO] [1788998637.022109212] [gpu_amcl_cpp]: AMCL odom delta: at_scan=(12.135, -1.053, -0.287) baseline=(11.969, -1.007, -0.255) delta=(0.166, -0.046, -0.031) moved=true scan_age=0.049s
[component_container-9] [INFO] [1788998637.723848071] [pure_pursuit_node]: Pure Pursuit: pose=(-0.854, -10.002, -2.730) cte=-0.008 closest=683 target=727 path_dist=0.008 heading_err=0.012 steer=-0.241 speed=2.519
[gpu_amcl_cpp_node-6] [INFO] [1788998637.729333874] [gpu_amcl_cpp]: AMCL local correction: odom_prediction=(-0.748, -9.951, -2.628) scan=(-0.743, -9.958, -2.610) correction=0.008 m/0.018 rad cluster_weight=1.000 publish=true
[ground_truth_amcl_monitor-7] [INFO] [1788998637.896394804] [ground_truth_amcl_monitor]: AMCL vs GT: gt=(-1.156, -10.128) amcl=(-0.969, -10.061) error=0.199 m / 0.121 rad; current_map=(-1.131, -10.105, -2.934) error=0.034 m / 0.000 rad; odom=(-1.415, -10.469, -2.814) error=0.428 m / 0.121 rad; ekf=(-1.415, -10.469, -2.814) error=0.428 m / 0.121 rad; RMS=0.154 m / 0.041 rad max=0.488 m / 0.150 rad samples=1857
[gpu_amcl_cpp_node-6] [INFO] [1788998638.047391317] [gpu_amcl_cpp]: AMCL odom delta: at_scan=(13.694, -2.748, -1.656) baseline=(13.699, -2.625, -1.556) delta=(-0.004, -0.123, -0.100) moved=true scan_age=0.049s
[gpu_amcl_cpp_node-6] [WARN] [1788998638.145876194] [gpu_amcl_cpp]: Queued LiDAR scan until source-time odometry arrives (queued=1).
[component_container-9] [INFO] [1788998638.750349319] [pure_pursuit_node]: Pure Pursuit: pose=(-2.895, -8.764, 1.912) cte=-0.033 closest=817 target=864 path_dist=0.033 heading_err=0.035 steer=-0.078 speed=3.898
[gpu_amcl_cpp_node-6] [INFO] [1788998638.754666043] [gpu_amcl_cpp]: AMCL local correction: odom_prediction=(-2.836, -8.915, 1.960) scan=(-2.827, -8.939, 1.969) correction=0.026 m/0.009 rad cluster_weight=0.970 publish=true
[ground_truth_amcl_monitor-7] [INFO] [1788998638.924223317] [ground_truth_amcl_monitor]: AMCL vs GT: gt=(-3.012, -8.372) amcl=(-2.949, -8.589) error=0.226 m / 0.062 rad; current_map=(-3.018, -8.337, 1.808) error=0.036 m / 0.000 rad; odom=(-3.461, -8.747, 1.808) error=0.584 m / 0.000 rad; ekf=(-3.461, -8.747, 1.808) error=0.584 m / 0.000 rad; RMS=0.152 m / 0.041 rad max=0.488 m / 0.150 rad samples=1897
[gpu_amcl_cpp_node-6] [INFO] [1788998639.026417097] [gpu_amcl_cpp]: Received LiDAR callback #964 (1081 ranges).
[gpu_amcl_cpp_node-6] [INFO] [1788998639.026495845] [gpu_amcl_cpp]: Starting AMCL scan update #964 (sampled from 1081 ranges).
[gpu_amcl_cpp_node-6] [INFO] [1788998639.027602005] [gpu_amcl_cpp]: AMCL scan update #964 completed; evaluating pose confidence.
[gpu_amcl_cpp_node-6] [INFO] [1788998639.075181357] [gpu_amcl_cpp]: AMCL odom delta: at_scan=(11.300, -4.366, -3.028) baseline=(11.508, -4.338, -2.991) delta=(-0.208, -0.028, -0.038) moved=true scan_age=0.049s
[component_container-9] [INFO] [1788998639.794616916] [pure_pursuit_node]: Pure Pursuit: pose=(-2.682, -4.269, 1.194) cte=-0.021 closest=1046 target=1094 path_dist=0.021 heading_err=0.095 steer=0.076 speed=5.557
[gpu_amcl_cpp_node-6] [INFO] [1788998639.798678952] [gpu_amcl_cpp]: AMCL local correction: odom_prediction=(-2.754, -4.446, 1.206) scan=(-2.752, -4.432, 1.196) correction=0.014 m/0.010 rad cluster_weight=0.966 publish=true
[ground_truth_amcl_monitor-7] [INFO] [1788998639.952508059] [ground_truth_amcl_monitor]: AMCL vs GT: gt=(-2.529, -3.773) amcl=(-2.567, -3.952) error=0.184 m / 0.058 rad; current_map=(-2.490, -3.678, 1.327) error=0.102 m / 0.000 rad; odom=(-2.934, -4.045, 1.327) error=0.488 m / 0.000 rad; ekf=(-2.934, -4.045, 1.327) error=0.488 m / 0.000 rad; RMS=0.153 m / 0.041 rad max=0.488 m / 0.150 rad samples=1935
[gpu_amcl_cpp_node-6] [INFO] [1788998640.101269961] [gpu_amcl_cpp]: AMCL odom delta: at_scan=(6.364, -3.523, 2.843) baseline=(6.651, -3.603, 2.896) delta=(-0.287, 0.080, -0.053) moved=true scan_age=0.049s
[component_container-9] [INFO] [1788998640.824861553] [pure_pursuit_node]: Pure Pursuit: pose=(-1.419, 0.708, 1.297) cte=0.003 closest=1302 target=1351 path_dist=0.003 heading_err=0.101 steer=0.141 speed=3.697
[gpu_amcl_cpp_node-6] [INFO] [1788998640.829970778] [gpu_amcl_cpp]: AMCL local correction: odom_prediction=(-1.468, 0.501, 1.367) scan=(-1.474, 0.491, 1.371) correction=0.012 m/0.003 rad cluster_weight=0.947 publish=true
[ground_truth_amcl_monitor-7] [INFO] [1788998640.998081623] [ground_truth_amcl_monitor]: AMCL vs GT: gt=(-1.332, 1.158) amcl=(-1.380, 0.880) error=0.282 m / 0.078 rad; current_map=(-1.327, 1.138, 1.408) error=0.021 m / 0.000 rad; odom=(-1.719, 0.964, 1.408) error=0.433 m / 0.000 rad; ekf=(-1.719, 0.964, 1.408) error=0.433 m / 0.000 rad; RMS=0.153 m / 0.041 rad max=0.488 m / 0.150 rad samples=1975
[gpu_amcl_cpp_node-6] [WARN] [1788998641.046291932] [gpu_amcl_cpp]: Queued LiDAR scan until source-time odometry arrives (queued=1).
[gpu_amcl_cpp_node-6] [INFO] [1788998641.146951107] [gpu_amcl_cpp]: AMCL odom delta: at_scan=(1.659, -2.483, 3.118) baseline=(1.836, -2.488, 3.113) delta=(-0.176, 0.005, 0.006) moved=true scan_age=0.049s
[component_container-9] [INFO] [1788998641.848410916] [pure_pursuit_node]: Pure Pursuit: pose=(-1.550, 3.390, 2.129) cte=-0.008 closest=1440 target=1483 path_dist=0.008 heading_err=-0.065 steer=0.329 speed=1.891
[gpu_amcl_cpp_node-6] [INFO] [1788998641.852629556] [gpu_amcl_cpp]: AMCL local correction: odom_prediction=(-1.501, 3.305, 2.072) scan=(-1.497, 3.294, 2.062) correction=0.011 m/0.010 rad cluster_weight=0.988 publish=true
[ground_truth_amcl_monitor-7] [INFO] [1788998642.002420282] [ground_truth_amcl_monitor]: AMCL vs GT: gt=(-1.677, 3.515) amcl=(-1.608, 3.467) error=0.084 m / 0.091 rad; current_map=(-1.669, 3.540, 2.312) error=0.027 m / 0.000 rad; odom=(-2.068, 3.311, 2.312) error=0.440 m / 0.000 rad; ekf=(-2.006, 3.237, 2.221) error=0.430 m / 0.091 rad; RMS=0.152 m / 0.041 rad max=0.488 m / 0.150 rad samples=2015
[gpu_amcl_cpp_node-6] [INFO] [1788998642.151158420] [gpu_amcl_cpp]: AMCL odom delta: at_scan=(-0.329, -3.080, -2.130) baseline=(-0.277, -3.005, -2.220) delta=(-0.052, -0.075, 0.090) moved=true scan_age=0.051s
[component_container-9] [INFO] [1788998642.895712741] [pure_pursuit_node]: Pure Pursuit: pose=(-3.043, 3.286, -2.017) cte=0.017 closest=1536 target=1580 path_dist=0.017 heading_err=0.130 steer=0.203 speed=2.349
[gpu_amcl_cpp_node-6] [INFO] [1788998642.899857432] [gpu_amcl_cpp]: AMCL local correction: odom_prediction=(-2.991, 3.369, -2.106) scan=(-2.985, 3.341, -2.103) correction=0.028 m/0.003 rad cluster_weight=0.966 publish=true
[ground_truth_amcl_monitor-7] [INFO] [1788998643.005769623] [ground_truth_amcl_monitor]: AMCL vs GT: gt=(-3.082, 3.187) amcl=(-3.077, 3.154) error=0.034 m / 0.000 rad; current_map=(-3.080, 3.158, -1.940) error=0.029 m / 0.000 rad; odom=(-3.570, 2.970, -1.940) error=0.534 m / 0.000 rad; ekf=(-3.570, 2.970, -1.940) error=0.534 m / 0.000 rad; RMS=0.151 m / 0.042 rad max=0.488 m / 0.150 rad samples=2056
[gpu_amcl_cpp_node-6] [INFO] [1788998643.200227508] [gpu_amcl_cpp]: AMCL odom delta: at_scan=(0.656, -4.488, -0.151) baseline=(0.529, -4.466, -0.190) delta=(0.127, -0.022, 0.039) moved=true scan_age=0.050s
[component_container-9] [INFO] [1788998643.923001145] [pure_pursuit_node]: Pure Pursuit: pose=(-3.512, 0.471, -1.977) cte=0.031 closest=1680 target=1723 path_dist=0.031 heading_err=0.024 steer=-0.140 speed=1.996
[gpu_amcl_cpp_node-6] [INFO] [1788998643.927196101] [gpu_amcl_cpp]: AMCL local correction: odom_prediction=(-3.476, 0.563, -1.937) scan=(-3.474, 0.535, -1.926) correction=0.028 m/0.011 rad cluster_weight=0.989 publish=true
[ground_truth_amcl_monitor-7] [INFO] [1788998644.025531288] [ground_truth_amcl_monitor]: AMCL vs GT: gt=(-3.567, 0.343) amcl=(-3.512, 0.460) error=0.129 m / 0.035 rad; current_map=(-3.555, 0.363, -2.009) error=0.023 m / 0.000 rad; odom=(-4.054, 0.164, -2.009) error=0.519 m / 0.000 rad; ekf=(-4.010, 0.261, -1.974) error=0.451 m / 0.035 rad; RMS=0.150 m / 0.041 rad max=0.488 m / 0.150 rad samples=2095
[gpu_amcl_cpp_node-6] [INFO] [1788998644.073440371] [gpu_amcl_cpp]: Received LiDAR callback #1063 (1081 ranges).
[gpu_amcl_cpp_node-6] [INFO] [1788998644.073523016] [gpu_amcl_cpp]: Starting AMCL scan update #1063 (sampled from 1081 ranges).
[gpu_amcl_cpp_node-6] [INFO] [1788998644.074923229] [gpu_amcl_cpp]: AMCL scan update #1063 completed; evaluating pose confidence.
[gpu_amcl_cpp_node-6] [INFO] [1788998644.224968995] [gpu_amcl_cpp]: AMCL odom delta: at_scan=(3.334, -5.057, -0.663) baseline=(3.255, -5.000, -0.591) delta=(0.079, -0.057, -0.073) moved=true scan_age=0.050s
[component_container-9] [INFO] [1788998644.948322964] [pure_pursuit_node]: Pure Pursuit: pose=(-5.049, -0.393, 2.715) cte=0.009 closest=1779 target=1823 path_dist=0.009 heading_err=-0.044 steer=-0.290 speed=2.136
[gpu_amcl_cpp_node-6] [WARN] [1788998644.950216023] [gpu_amcl_cpp]: Queued LiDAR scan until source-time odometry arrives (queued=1).
[gpu_amcl_cpp_node-6] [INFO] [1788998644.954261518] [gpu_amcl_cpp]: AMCL local correction: odom_prediction=(-4.961, -0.429, 2.810) scan=(-4.955, -0.437, 2.828) correction=0.010 m/0.018 rad cluster_weight=0.985 publish=true
[ground_truth_amcl_monitor-7] [INFO] [1788998645.052431534] [ground_truth_amcl_monitor]: AMCL vs GT: gt=(-5.136, -0.354) amcl=(-5.043, -0.393) error=0.101 m / 0.075 rad; current_map=(-5.124, -0.352, 2.639) error=0.012 m / 0.000 rad; odom=(-5.672, -0.532, 2.639) error=0.565 m / 0.000 rad; ekf=(-5.672, -0.532, 2.639) error=0.565 m / 0.000 rad; RMS=0.149 m / 0.042 rad max=0.488 m / 0.150 rad samples=2135
[gpu_amcl_cpp_node-6] [INFO] [1788998645.271640138] [gpu_amcl_cpp]: AMCL odom delta: at_scan=(3.378, -6.835, -2.467) baseline=(3.493, -6.732, -2.352) delta=(-0.115, -0.103, -0.115) moved=true scan_age=0.049s
[component_container-9] [INFO] [1788998645.977620348] [pure_pursuit_node]: Pure Pursuit: pose=(-6.140, 2.383, 1.648) cte=-0.013 closest=1933 target=1983 path_dist=0.013 heading_err=0.011 steer=-0.037 speed=5.009
[gpu_amcl_cpp_node-6] [INFO] [1788998645.983158579] [gpu_amcl_cpp]: AMCL local correction: odom_prediction=(-6.121, 2.167, 1.673) scan=(-6.124, 2.169, 1.673) correction=0.004 m/0.000 rad cluster_weight=0.960 publish=true
[ground_truth_amcl_monitor-7] [INFO] [1788998646.100715601] [ground_truth_amcl_monitor]: AMCL vs GT: gt=(-6.176, 2.738) amcl=(-6.148, 2.472) error=0.267 m / 0.033 rad; current_map=(-6.160, 2.701, 1.606) error=0.041 m / 0.000 rad; odom=(-6.703, 2.574, 1.606) error=0.551 m / 0.000 rad; ekf=(-6.703, 2.574, 1.606) error=0.551 m / 0.000 rad; RMS=0.149 m / 0.042 rad max=0.488 m / 0.150 rad samples=2175
[gpu_amcl_cpp_node-6] [INFO] [1788998646.303298530] [gpu_amcl_cpp]: AMCL odom delta: at_scan=(-0.432, -7.492, 3.103) baseline=(-0.188, -7.500, 3.117) delta=(-0.244, 0.008, -0.014) moved=true scan_age=0.050s
[component_container-9] [INFO] [1788998647.024021395] [pure_pursuit_node]: Pure Pursuit: pose=(-5.362, 6.480, 0.941) cte=-0.030 closest=2145 target=2189 path_dist=0.030 heading_err=0.073 steer=-0.104 speed=2.856
[gpu_amcl_cpp_node-6] [INFO] [1788998647.028502129] [gpu_amcl_cpp]: AMCL local correction: odom_prediction=(-5.427, 6.396, 0.984) scan=(-5.421, 6.404, 0.989) correction=0.010 m/0.005 rad cluster_weight=0.995 publish=true
[ground_truth_amcl_monitor-7] [INFO] [1788998647.129282994] [ground_truth_amcl_monitor]: AMCL vs GT: gt=(-5.284, 6.631) amcl=(-5.352, 6.503) error=0.145 m / 0.046 rad; current_map=(-5.266, 6.620, 0.912) error=0.022 m / 0.000 rad; odom=(-5.801, 6.438, 0.912) error=0.552 m / 0.000 rad; ekf=(-5.801, 6.438, 0.912) error=0.552 m / 0.000 rad; RMS=0.150 m / 0.042 rad max=0.488 m / 0.150 rad samples=2215
[gpu_amcl_cpp_node-6] [INFO] [1788998647.351884806] [gpu_amcl_cpp]: AMCL odom delta: at_scan=(-3.735, -6.156, 2.227) baseline=(-3.633, -6.278, 2.303) delta=(-0.102, 0.122, -0.076) moved=true scan_age=0.050s
[component_container-9] [INFO] [1788998648.071483068] [pure_pursuit_node]: Pure Pursuit: pose=(-2.448, 7.487, -0.366) cte=-0.033 closest=2309 target=2356 path_dist=0.033 heading_err=0.029 steer=-0.105 speed=3.765
[gpu_amcl_cpp_node-6] [INFO] [1788998648.076506412] [gpu_amcl_cpp]: AMCL local correction: odom_prediction=(-2.610, 7.549, -0.307) scan=(-2.621, 7.558, -0.296) correction=0.014 m/0.012 rad cluster_weight=0.958 publish=true
[ground_truth_amcl_monitor-7] [INFO] [1788998648.173227405] [ground_truth_amcl_monitor]: AMCL vs GT: gt=(-2.280, 7.430) amcl=(-2.451, 7.499) error=0.184 m / 0.050 rad; current_map=(-2.289, 7.436, -0.398) error=0.010 m / 0.000 rad; odom=(-2.766, 7.235, -0.398) error=0.523 m / 0.000 rad; ekf=(-2.766, 7.235, -0.398) error=0.523 m / 0.000 rad; RMS=0.150 m / 0.042 rad max=0.488 m / 0.150 rad samples=2255
[gpu_amcl_cpp_node-6] [INFO] [1788998648.372245614] [gpu_amcl_cpp]: AMCL odom delta: at_scan=(-3.699, -2.924, 0.900) baseline=(-3.814, -3.079, 0.971) delta=(0.115, 0.155, -0.071) moved=true scan_age=0.049s
[component_container-9] [INFO] [1788998649.071661146] [pure_pursuit_node]: Pure Pursuit: pose=(0.296, 4.146, -1.254) cte=-0.016 closest=2531 target=2583 path_dist=0.016 heading_err=0.060 steer=0.028 speed=5.784
[gpu_amcl_cpp_node-6] [INFO] [1788998649.122267099] [gpu_amcl_cpp]: Received LiDAR callback #1162 (1081 ranges).
[gpu_amcl_cpp_node-6] [INFO] [1788998649.122359502] [gpu_amcl_cpp]: Starting AMCL scan update #1162 (sampled from 1081 ranges).
[gpu_amcl_cpp_node-6] [INFO] [1788998649.122935385] [gpu_amcl_cpp]: AMCL scan update #1162 completed; evaluating pose confidence.
[gpu_amcl_cpp_node-6] [INFO] [1788998649.124886743] [gpu_amcl_cpp]: AMCL local correction: odom_prediction=(0.315, 4.132, -1.190) scan=(0.311, 4.133, -1.201) correction=0.004 m/0.011 rad cluster_weight=0.943 publish=true
[ground_truth_amcl_monitor-7] [INFO] [1788998649.174299723] [ground_truth_amcl_monitor]: AMCL vs GT: gt=(0.406, 3.893) amcl=(0.313, 4.132) error=0.257 m / 0.018 rad; current_map=(0.410, 3.883, -1.208) error=0.011 m / 0.000 rad; odom=(-0.059, 3.649, -1.208) error=0.525 m / 0.000 rad; ekf=(-0.059, 3.649, -1.208) error=0.525 m / 0.000 rad; RMS=0.150 m / 0.042 rad max=0.488 m / 0.150 rad samples=2295
[gpu_amcl_cpp_node-6] [INFO] [1788998649.374631051] [gpu_amcl_cpp]: AMCL odom delta: at_scan=(0.569, -0.480, 0.293) baseline=(0.317, -0.562, 0.329) delta=(0.253, 0.081, -0.036) moved=true scan_age=0.050s
[gpu_amcl_cpp_node-6] [WARN] [1788998649.750494226] [gpu_amcl_cpp]: No local AMCL cluster near odometry prediction; using causal odometry pose.
[component_container-9] [INFO] [1788998650.096570296] [pure_pursuit_node]: Pure Pursuit: pose=(1.396, -0.713, -1.569) cte=-0.043 closest=195 target=245 path_dist=0.043 heading_err=0.043 steer=-0.001 speed=4.712
[gpu_amcl_cpp_node-6] [INFO] [1788998650.149880031] [gpu_amcl_cpp]: AMCL local correction: odom_prediction=(1.414, -0.817, -1.508) scan=(1.431, -0.811, -1.506) correction=0.018 m/0.002 rad cluster_weight=0.976 publish=true
[ground_truth_amcl_monitor-7] [INFO] [1788998650.197312328] [ground_truth_amcl_monitor]: AMCL vs GT: gt=(1.455, -1.106) amcl=(1.422, -0.814) error=0.295 m / 0.023 rad; current_map=(1.434, -1.043, -1.531) error=0.066 m / 0.000 rad; odom=(0.987, -1.361, -1.531) error=0.533 m / 0.000 rad; ekf=(0.987, -1.361, -1.531) error=0.533 m / 0.000 rad; RMS=0.152 m / 0.041 rad max=0.488 m / 0.150 rad samples=2335
[gpu_amcl_cpp_node-6] [INFO] [1788998650.399560610] [gpu_amcl_cpp]: AMCL odom delta: at_scan=(5.421, 0.187, -0.056) baseline=(5.213, 0.195, -0.018) delta=(0.209, -0.008, -0.037) moved=true scan_age=0.051s
[component_container-9] [INFO] [1788998651.145529478] [pure_pursuit_node]: Pure Pursuit: pose=(0.873, -5.853, -1.757) cte=-0.064 closest=453 target=504 path_dist=0.064 heading_err=-0.018 steer=-0.079 speed=4.352
[ground_truth_amcl_monitor-7] [INFO] [1788998651.201421318] [ground_truth_amcl_monitor]: AMCL vs GT: gt=(0.869, -5.919) amcl=(0.919, -5.615) error=0.308 m / 0.005 rad; current_map=(0.887, -5.873, -1.691) error=0.049 m / 0.000 rad; odom=(0.394, -6.234, -1.691) error=0.570 m / 0.000 rad; ekf=(0.394, -6.234, -1.691) error=0.570 m / 0.000 rad; RMS=0.153 m / 0.041 rad max=0.488 m / 0.150 rad samples=2373
[gpu_amcl_cpp_node-6] [INFO] [1788998651.203016697] [gpu_amcl_cpp]: AMCL local correction: odom_prediction=(0.887, -5.873, -1.691) scan=(0.881, -5.899, -1.696) correction=0.027 m/0.004 rad cluster_weight=0.957 publish=true
[gpu_amcl_cpp_node-6] [INFO] [1788998651.400889934] [gpu_amcl_cpp]: AMCL odom delta: at_scan=(10.243, -0.580, -0.307) baseline=(10.065, -0.528, -0.269) delta=(0.178, -0.053, -0.038) moved=true scan_age=0.049s
[component_container-9] [INFO] [1788998652.170820399] [pure_pursuit_node]: Pure Pursuit: pose=(-0.129, -9.204, -2.078) cte=-0.011 closest=628 target=672 path_dist=0.011 heading_err=0.030 steer=-0.103 speed=2.549
[ground_truth_amcl_monitor-7] [INFO] [1788998652.223264447] [ground_truth_amcl_monitor]: AMCL vs GT: gt=(-0.145, -9.251) amcl=(-0.087, -9.129) error=0.136 m / 0.029 rad; current_map=(-0.126, -9.211, -2.030) error=0.045 m / 0.000 rad; odom=(-0.629, -9.591, -2.030) error=0.591 m / 0.000 rad; ekf=(-0.629, -9.591, -2.030) error=0.591 m / 0.000 rad; RMS=0.153 m / 0.041 rad max=0.488 m / 0.150 rad samples=2413
[gpu_amcl_cpp_node-6] [INFO] [1788998652.224693203] [gpu_amcl_cpp]: AMCL local correction: odom_prediction=(-0.126, -9.211, -2.030) scan=(-0.123, -9.222, -2.026) correction=0.011 m/0.004 rad cluster_weight=0.995 publish=true
[gpu_amcl_cpp_node-6] [INFO] [1788998652.422310279] [gpu_amcl_cpp]: AMCL odom delta: at_scan=(13.170, -1.692, -0.667) baseline=(13.068, -1.617, -0.605) delta=(0.101, -0.075, -0.062) moved=true scan_age=0.049s
[component_container-9] [INFO] [1788998653.171612886] [pure_pursuit_node]: Pure Pursuit: pose=(-2.130, -9.886, 2.530) cte=-0.023 closest=749 target=794 path_dist=0.023 heading_err=-0.024 steer=-0.209 speed=2.623
[ground_truth_amcl_monitor-7] [INFO] [1788998653.225105626] [ground_truth_amcl_monitor]: AMCL vs GT: gt=(-2.122, -9.916) amcl=(-2.028, -9.948) error=0.099 m / 0.093 rad; current_map=(-2.136, -9.880, 2.533) error=0.039 m / 0.000 rad; odom=(-2.674, -10.294, 2.533) error=0.669 m / 0.000 rad; ekf=(-2.566, -10.362, 2.626) error=0.629 m / 0.093 rad; RMS=0.153 m / 0.041 rad max=0.488 m / 0.150 rad samples=2453
[gpu_amcl_cpp_node-6] [INFO] [1788998653.228603432] [gpu_amcl_cpp]: AMCL local correction: odom_prediction=(-2.136, -9.880, 2.533) scan=(-2.136, -9.876, 2.541) correction=0.004 m/0.008 rad cluster_weight=0.984 publish=true
[gpu_amcl_cpp_node-6] [INFO] [1788998653.424473684] [gpu_amcl_cpp]: AMCL odom delta: at_scan=(13.084, -3.848, -2.496) baseline=(13.188, -3.764, -2.428) delta=(-0.104, -0.084, -0.067) moved=true scan_age=0.050s
[gpu_amcl_cpp_node-6] [INFO] [1788998654.148693039] [gpu_amcl_cpp]: Received LiDAR callback #1260 (1081 ranges).
[gpu_amcl_cpp_node-6] [INFO] [1788998654.148785763] [gpu_amcl_cpp]: Starting AMCL scan update #1260 (sampled from 1081 ranges).
[gpu_amcl_cpp_node-6] [INFO] [1788998654.149584384] [gpu_amcl_cpp]: AMCL scan update #1260 completed; evaluating pose confidence.
[component_container-9] [INFO] [1788998654.196384513] [pure_pursuit_node]: Pure Pursuit: pose=(-3.155, -6.555, 1.532) cte=-0.011 closest=929 target=979 path_dist=0.011 heading_err=-0.026 steer=-0.074 speed=5.010
[ground_truth_amcl_monitor-7] [INFO] [1788998654.249224917] [ground_truth_amcl_monitor]: AMCL vs GT: gt=(-3.163, -6.528) amcl=(-3.163, -6.782) error=0.255 m / 0.039 rad; current_map=(-3.154, -6.545, 1.515) error=0.020 m / 0.000 rad; odom=(-3.712, -6.901, 1.515) error=0.664 m / 0.000 rad; ekf=(-3.712, -6.901, 1.515) error=0.664 m / 0.000 rad; RMS=0.152 m / 0.041 rad max=0.488 m / 0.150 rad samples=2493
[gpu_amcl_cpp_node-6] [INFO] [1788998654.250700992] [gpu_amcl_cpp]: AMCL local correction: odom_prediction=(-3.154, -6.545, 1.515) scan=(-3.154, -6.543, 1.515) correction=0.003 m/0.001 rad cluster_weight=0.988 publish=true
[gpu_amcl_cpp_node-6] [INFO] [1788998654.447119224] [gpu_amcl_cpp]: AMCL odom delta: at_scan=(9.066, -4.371, 2.928) baseline=(9.313, -4.421, 2.959) delta=(-0.247, 0.050, -0.031) moved=true scan_age=0.050s
[component_container-9] [INFO] [1788998655.224527339] [pure_pursuit_node]: Pure Pursuit: pose=(-1.835, -1.189, 1.358) cte=-0.006 closest=1205 target=1258 path_dist=0.006 heading_err=-0.028 steer=-0.043 speed=5.156
[ground_truth_amcl_monitor-7] [INFO] [1788998655.276598747] [ground_truth_amcl_monitor]: AMCL vs GT: gt=(-1.838, -1.209) amcl=(-1.900, -1.465) error=0.263 m / 0.007 rad; current_map=(-1.824, -1.209, 1.280) error=0.014 m / 0.000 rad; odom=(-2.372, -1.538, 1.280) error=0.627 m / 0.000 rad; ekf=(-2.372, -1.538, 1.280) error=0.627 m / 0.000 rad; RMS=0.153 m / 0.041 rad max=0.488 m / 0.150 rad samples=2533
[gpu_amcl_cpp_node-6] [INFO] [1788998655.278383031] [gpu_amcl_cpp]: AMCL local correction: odom_prediction=(-1.824, -1.209, 1.280) scan=(-1.825, -1.196, 1.278) correction=0.013 m/0.001 rad cluster_weight=0.958 publish=true
[gpu_amcl_cpp_node-6] [INFO] [1788998655.496966863] [gpu_amcl_cpp]: AMCL odom delta: at_scan=(3.786, -2.912, 2.868) baseline=(4.039, -2.982, 2.869) delta=(-0.252, 0.071, -0.001) moved=true scan_age=0.049s
[component_container-9] [INFO] [1788998656.269990326] [pure_pursuit_node]: Pure Pursuit: pose=(-1.245, 2.526, 1.661) cte=0.036 closest=1394 target=1439 path_dist=0.036 heading_err=0.021 steer=0.170 speed=1.967
[ground_truth_amcl_monitor-7] [INFO] [1788998656.276791842] [ground_truth_amcl_monitor]: AMCL vs GT: gt=(-1.247, 2.361) amcl=(-1.232, 2.389) error=0.032 m / 0.000 rad; current_map=(-1.235, 2.385, 1.578) error=0.027 m / 0.000 rad; odom=(-1.800, 1.972, 1.578) error=0.676 m / 0.000 rad; ekf=(-1.800, 1.972, 1.578) error=0.676 m / 0.000 rad; RMS=0.152 m / 0.041 rad max=0.488 m / 0.150 rad samples=2572
[gpu_amcl_cpp_node-6] [INFO] [1788998656.326983717] [gpu_amcl_cpp]: AMCL local correction: odom_prediction=(-1.236, 2.516, 1.626) scan=(-1.231, 2.518, 1.617) correction=0.006 m/0.009 rad cluster_weight=0.978 publish=true
[gpu_amcl_cpp_node-6] [INFO] [1788998656.547873764] [gpu_amcl_cpp]: AMCL odom delta: at_scan=(0.702, -2.666, -2.864) baseline=(0.779, -2.645, -2.901) delta=(-0.077, -0.020, 0.037) moved=true scan_age=0.050s
[component_container-9] [INFO] [1788998657.271714911] [pure_pursuit_node]: Pure Pursuit: pose=(-2.207, 3.848, 3.007) cte=-0.005 closest=1482 target=1525 path_dist=0.005 heading_err=0.072 steer=0.432 speed=1.897
[ground_truth_amcl_monitor-7] [INFO] [1788998657.278529762] [ground_truth_amcl_monitor]: AMCL vs GT: gt=(-2.112, 3.794) amcl=(-2.115, 3.831) error=0.037 m / 0.000 rad; current_map=(-2.117, 3.830, 2.906) error=0.036 m / 0.000 rad; odom=(-2.688, 3.395, 2.906) error=0.701 m / 0.000 rad; ekf=(-2.688, 3.395, 2.906) error=0.701 m / 0.000 rad; RMS=0.151 m / 0.041 rad max=0.488 m / 0.150 rad samples=2610
[gpu_amcl_cpp_node-6] [INFO] [1788998657.327973791] [gpu_amcl_cpp]: AMCL local correction: odom_prediction=(-2.205, 3.847, 3.017) scan=(-2.198, 3.853, 3.003) correction=0.009 m/0.014 rad cluster_weight=0.973 publish=true
[gpu_amcl_cpp_node-6] [INFO] [1788998657.575132351] [gpu_amcl_cpp]: AMCL odom delta: at_scan=(-0.180, -4.033, -1.129) baseline=(-0.215, -3.947, -1.239) delta=(0.035, -0.085, 0.110) moved=true scan_age=0.050s
[component_container-9] [INFO] [1788998658.300854064] [pure_pursuit_node]: Pure Pursuit: pose=(-3.241, 2.138, -1.645) cte=0.040 closest=1594 target=1640 path_dist=0.040 heading_err=-0.048 steer=-0.008 speed=3.451
[ground_truth_amcl_monitor-7] [INFO] [1788998658.303512531] [ground_truth_amcl_monitor]: AMCL vs GT: gt=(-3.243, 2.331) amcl=(-3.213, 2.442) error=0.116 m / 0.017 rad; current_map=(-3.228, 2.287, -1.659) error=0.046 m / 0.000 rad; odom=(-3.875, 2.068, -1.677) error=0.684 m / 0.017 rad; ekf=(-3.875, 2.068, -1.677) error=0.684 m / 0.017 rad; RMS=0.151 m / 0.041 rad max=0.488 m / 0.150 rad samples=2649
[gpu_amcl_cpp_node-6] [INFO] [1788998658.357207782] [gpu_amcl_cpp]: AMCL local correction: odom_prediction=(-3.243, 2.116, -1.651) scan=(-3.239, 2.126, -1.644) correction=0.010 m/0.006 rad cluster_weight=0.966 publish=true
[gpu_amcl_cpp_node-6] [INFO] [1788998658.625377340] [gpu_amcl_cpp]: AMCL odom delta: at_scan=(2.317, -4.790, -0.120) baseline=(2.153, -4.772, -0.103) delta=(0.164, -0.018, -0.017) moved=true scan_age=0.053s
[gpu_amcl_cpp_node-6] [INFO] [1788998659.152017534] [gpu_amcl_cpp]: Received LiDAR callback #1356 (1081 ranges).
[gpu_amcl_cpp_node-6] [INFO] [1788998659.152106611] [gpu_amcl_cpp]: Starting AMCL scan update #1356 (sampled from 1081 ranges).
[gpu_amcl_cpp_node-6] [INFO] [1788998659.152689216] [gpu_amcl_cpp]: AMCL scan update #1356 completed; evaluating pose confidence.
[component_container-9] [INFO] [1788998659.303727091] [pure_pursuit_node]: Pure Pursuit: pose=(-3.930, -0.195, -2.407) cte=-0.007 closest=1719 target=1763 path_dist=0.007 heading_err=-0.034 steer=-0.281 speed=1.970
[ground_truth_amcl_monitor-7] [INFO] [1788998659.306318211] [ground_truth_amcl_monitor]: AMCL vs GT: gt=(-3.870, -0.117) amcl=(-3.803, -0.070) error=0.082 m / 0.055 rad; current_map=(-3.866, -0.139, -2.341) error=0.022 m / 0.000 rad; odom=(-4.535, -0.528, -2.341) error=0.782 m / 0.000 rad; ekf=(-4.535, -0.528, -2.341) error=0.782 m / 0.000 rad; RMS=0.150 m / 0.041 rad max=0.488 m / 0.150 rad samples=2687
[gpu_amcl_cpp_node-6] [INFO] [1788998659.378432388] [gpu_amcl_cpp]: AMCL local correction: odom_prediction=(-3.951, -0.214, -2.429) scan=(-3.931, -0.223, -2.420) correction=0.022 m/0.009 rad cluster_weight=0.975 publish=true
[gpu_amcl_cpp_node-6] [INFO] [1788998659.651190432] [gpu_amcl_cpp]: AMCL odom delta: at_scan=(4.022, -5.890, -1.320) baseline=(3.994, -5.798, -1.229) delta=(0.028, -0.092, -0.091) moved=true scan_age=0.052s
[component_container-9] [INFO] [1788998660.322113542] [pure_pursuit_node]: Pure Pursuit: pose=(-5.583, 0.123, 2.116) cte=-0.027 closest=1817 target=1861 path_dist=0.027 heading_err=-0.030 steer=-0.138 speed=2.964
[ground_truth_amcl_monitor-7] [INFO] [1788998660.324330981] [ground_truth_amcl_monitor]: AMCL vs GT: gt=(-5.548, 0.030) amcl=(-5.457, -0.062) error=0.130 m / 0.076 rad; current_map=(-5.528, 0.031, 2.194) error=0.020 m / 0.000 rad; odom=(-6.266, -0.397, 2.194) error=0.835 m / 0.000 rad; ekf=(-6.194, -0.489, 2.271) error=0.829 m / 0.076 rad; RMS=0.149 m / 0.042 rad max=0.488 m / 0.150 rad samples=2723
[gpu_amcl_cpp_node-6] [INFO] [1788998660.378509931] [gpu_amcl_cpp]: AMCL local correction: odom_prediction=(-5.599, 0.135, 2.115) scan=(-5.605, 0.134, 2.120) correction=0.006 m/0.005 rad cluster_weight=0.947 publish=true
[gpu_amcl_cpp_node-6] [INFO] [1788998660.698888417] [gpu_amcl_cpp]: AMCL odom delta: at_scan=(2.538, -7.474, -2.945) baseline=(2.706, -7.436, -2.894) delta=(-0.168, -0.038, -0.051) moved=true scan_age=0.050s
[ground_truth_amcl_monitor-7] [INFO] [1788998661.328430145] [ground_truth_amcl_monitor]: AMCL vs GT: gt=(-6.156, 3.747) amcl=(-6.150, 3.705) error=0.042 m / 0.000 rad; current_map=(-6.150, 3.707, 1.598) error=0.040 m / 0.000 rad; odom=(-6.872, 3.338, 1.598) error=0.825 m / 0.000 rad; ekf=(-6.872, 3.338, 1.598) error=0.825 m / 0.000 rad; RMS=0.150 m / 0.041 rad max=0.488 m / 0.150 rad samples=2760
[component_container-9] [INFO] [1788998661.372043543] [pure_pursuit_node]: Pure Pursuit: pose=(-6.146, 4.185, 1.523) cte=-0.039 closest=2023 target=2074 path_dist=0.039 heading_err=-0.074 steer=-0.136 speed=4.174
[gpu_amcl_cpp_node-6] [INFO] [1788998661.432231119] [gpu_amcl_cpp]: AMCL local correction: odom_prediction=(-6.154, 4.183, 1.539) scan=(-6.152, 4.185, 1.545) correction=0.003 m/0.006 rad cluster_weight=0.974 publish=true
[gpu_amcl_cpp_node-6] [INFO] [1788998661.723677096] [gpu_amcl_cpp]: AMCL odom delta: at_scan=(-1.737, -7.437, 2.782) baseline=(-1.502, -7.522, 2.811) delta=(-0.235, 0.084, -0.028) moved=true scan_age=0.051s
[ground_truth_amcl_monitor-7] [INFO] [1788998662.372677184] [ground_truth_amcl_monitor]: AMCL vs GT: gt=(-4.977, 6.939) amcl=(-5.059, 6.837) error=0.130 m / 0.065 rad; current_map=(-4.959, 6.934, 0.738) error=0.018 m / 0.000 rad; odom=(-5.629, 6.555, 0.738) error=0.757 m / 0.000 rad; ekf=(-5.629, 6.555, 0.738) error=0.757 m / 0.000 rad; RMS=0.150 m / 0.041 rad max=0.488 m / 0.150 rad samples=2797
[component_container-9] [INFO] [1788998662.420604502] [pure_pursuit_node]: Pure Pursuit: pose=(-4.739, 7.108, 0.598) cte=0.004 closest=2189 target=2235 path_dist=0.004 heading_err=0.024 steer=-0.081 speed=3.300
[gpu_amcl_cpp_node-6] [INFO] [1788998662.476552779] [gpu_amcl_cpp]: AMCL local correction: odom_prediction=(-4.749, 7.100, 0.603) scan=(-4.755, 7.100, 0.618) correction=0.006 m/0.015 rad cluster_weight=0.994 publish=true
[gpu_amcl_cpp_node-6] [INFO] [1788998662.724568482] [gpu_amcl_cpp]: AMCL odom delta: at_scan=(-3.962, -5.470, 1.916) baseline=(-3.900, -5.625, 1.987) delta=(-0.062, 0.155, -0.071) moved=true scan_age=0.049s
[ground_truth_amcl_monitor-7] [INFO] [1788998663.401479691] [ground_truth_amcl_monitor]: AMCL vs GT: gt=(-1.796, 7.166) amcl=(-1.983, 7.280) error=0.219 m / 0.044 rad; current_map=(-1.811, 7.178, -0.560) error=0.019 m / 0.000 rad; odom=(-2.425, 6.772, -0.560) error=0.742 m / 0.000 rad; ekf=(-2.425, 6.772, -0.560) error=0.742 m / 0.000 rad; RMS=0.150 m / 0.042 rad max=0.488 m / 0.150 rad samples=2837
[component_container-9] [INFO] [1788998663.448021234] [pure_pursuit_node]: Pure Pursuit: pose=(-1.493, 6.955, -0.666) cte=-0.037 closest=2364 target=2412 path_dist=0.037 heading_err=-0.016 steer=-0.126 speed=4.194
[gpu_amcl_cpp_node-6] [INFO] [1788998663.502673084] [gpu_amcl_cpp]: AMCL local correction: odom_prediction=(-1.487, 6.951, -0.681) scan=(-1.474, 6.949, -0.671) correction=0.013 m/0.011 rad cluster_weight=0.973 publish=true
[gpu_amcl_cpp_node-6] [INFO] [1788998663.725336517] [gpu_amcl_cpp]: AMCL odom delta: at_scan=(-2.686, -2.278, 0.627) baseline=(-2.858, -2.405, 0.648) delta=(0.172, 0.127, -0.021) moved=true scan_age=0.053s
[gpu_amcl_cpp_node-6] [INFO] [1788998664.180070628] [gpu_amcl_cpp]: Received LiDAR callback #1449 (1081 ranges).
[gpu_amcl_cpp_node-6] [INFO] [1788998664.180170896] [gpu_amcl_cpp]: Starting AMCL scan update #1449 (sampled from 1081 ranges).
[gpu_amcl_cpp_node-6] [INFO] [1788998664.180762609] [gpu_amcl_cpp]: AMCL scan update #1449 completed; evaluating pose confidence.
[ground_truth_amcl_monitor-7] [INFO] [1788998664.449398596] [ground_truth_amcl_monitor]: AMCL vs GT: gt=(0.700, 3.126) amcl=(0.568, 3.586) error=0.479 m / 0.077 rad; current_map=(0.736, 3.012, -1.323) error=0.119 m / 0.000 rad; odom=(0.125, 2.515, -1.323) error=0.839 m / 0.000 rad; ekf=(0.125, 2.515, -1.323) error=0.839 m / 0.000 rad; RMS=0.151 m / 0.042 rad max=0.511 m / 0.150 rad samples=2875
[gpu_amcl_cpp_node-6] [WARN] [1788998664.451988685] [gpu_amcl_cpp]: No local AMCL cluster near odometry prediction; using causal odometry pose.
[component_container-9] [INFO] [1788998664.497914841] [pure_pursuit_node]: Pure Pursuit: pose=(0.851, 2.460, -1.408) cte=-0.016 closest=34 target=86 path_dist=0.016 heading_err=0.105 steer=0.059 speed=5.296
[gpu_amcl_cpp_node-6] [INFO] [1788998664.503758296] [gpu_amcl_cpp]: AMCL local correction: odom_prediction=(0.800, 2.733, -1.372) scan=(0.764, 2.753, -1.379) correction=0.042 m/0.007 rad cluster_weight=0.945 publish=true
[gpu_amcl_cpp_node-6] [INFO] [1788998664.751845604] [gpu_amcl_cpp]: AMCL odom delta: at_scan=(2.216, -0.317, 0.263) baseline=(1.957, -0.387, 0.267) delta=(0.260, 0.070, -0.004) moved=true scan_age=0.050s
[gpu_amcl_cpp_node-6] [INFO] [1788998664.976103795] [gpu_amcl_cpp]: AMCL recovery candidate: pose=(1.152, 0.424, -1.452) weight=0.816 stable_scans=1/3 odom_prediction=(1.205, 0.336).
[ground_truth_amcl_monitor-7] [INFO] [1788998665.479216885] [ground_truth_amcl_monitor]: AMCL vs GT: gt=(1.351, -2.000) amcl=(1.340, -2.137) error=0.137 m / 0.020 rad; current_map=(1.335, -2.431, -1.576) error=0.431 m / 0.000 rad; odom=(0.888, -3.237, -1.576) error=1.321 m / 0.000 rad; ekf=(0.888, -3.237, -1.576) error=1.321 m / 0.000 rad; RMS=0.154 m / 0.041 rad max=0.542 m / 0.150 rad samples=2915
[component_container-9] [INFO] [1788998665.528585562] [pure_pursuit_node]: Pure Pursuit: pose=(1.320, -3.036, -1.614) cte=-0.054 closest=311 target=364 path_dist=0.054 heading_err=-0.064 steer=-0.101 speed=4.976
[gpu_amcl_cpp_node-6] [INFO] [1788998665.534415733] [gpu_amcl_cpp]: AMCL local correction: odom_prediction=(1.328, -2.692, -1.586) scan=(1.326, -2.629, -1.585) correction=0.063 m/0.001 rad cluster_weight=0.942 publish=true
[gpu_amcl_cpp_node-6] [WARN] [1788998665.600212073] [gpu_amcl_cpp]: No local AMCL cluster near odometry prediction; using causal odometry pose.
[gpu_amcl_cpp_node-6] [INFO] [1788998665.755511850] [gpu_amcl_cpp]: AMCL odom delta: at_scan=(7.895, -0.060, -0.231) baseline=(7.640, -0.004, -0.203) delta=(0.255, -0.056, -0.028) moved=true scan_age=0.052s
[gpu_amcl_cpp_node-6] [INFO] [1788998666.125792509] [gpu_amcl_cpp]: AMCL recovery candidate: pose=(0.864, -5.715, -1.839) weight=0.897 stable_scans=1/3 odom_prediction=(0.839, -5.796).
[ground_truth_amcl_monitor-7] [INFO] [1788998666.524274744] [ground_truth_amcl_monitor]: AMCL vs GT: gt=(0.486, -7.027) amcl=(0.532, -7.039) error=0.048 m / 0.015 rad; current_map=(0.475, -7.232, -1.868) error=0.205 m / 0.000 rad; odom=(-0.008, -8.408, -1.868) error=1.467 m / 0.000 rad; ekf=(-0.008, -8.408, -1.868) error=1.467 m / 0.000 rad; RMS=0.156 m / 0.041 rad max=0.542 m / 0.150 rad samples=2955
[component_container-9] [INFO] [1788998666.572683457] [pure_pursuit_node]: Pure Pursuit: pose=(0.376, -7.624, -1.767) cte=0.026 closest=545 target=594 path_dist=0.026 heading_err=-0.047 steer=-0.070 speed=3.713
[gpu_amcl_cpp_node-6] [INFO] [1788998666.577168138] [gpu_amcl_cpp]: AMCL local correction: odom_prediction=(0.425, -7.362, -1.841) scan=(0.435, -7.275, -1.854) correction=0.088 m/0.013 rad cluster_weight=0.939 publish=true
[gpu_amcl_cpp_node-6] [INFO] [1788998666.775714474] [gpu_amcl_cpp]: AMCL odom delta: at_scan=(12.518, -1.029, -0.249) baseline=(12.345, -0.990, -0.194) delta=(0.173, -0.039, -0.055) moved=true scan_age=0.050s
[ground_truth_amcl_monitor-7] [INFO] [1788998667.529116813] [ground_truth_amcl_monitor]: AMCL vs GT: gt=(-0.533, -9.752) amcl=(-0.424, -9.628) error=0.165 m / 0.094 rad; current_map=(-0.511, -9.723, -2.359) error=0.037 m / 0.000 rad; odom=(-1.049, -11.157, -2.359) error=1.497 m / 0.000 rad; ekf=(-0.962, -11.063, -2.265) error=1.380 m / 0.094 rad; RMS=0.156 m / 0.041 rad max=0.542 m / 0.150 rad samples=2995
[component_container-9] [INFO] [1788998667.597650579] [pure_pursuit_node]: Pure Pursuit: pose=(-0.746, -9.908, -2.592) cte=0.024 closest=676 target=720 path_dist=0.024 heading_err=0.011 steer=-0.236 speed=2.487
[gpu_amcl_cpp_node-6] [INFO] [1788998667.601935544] [gpu_amcl_cpp]: AMCL local correction: odom_prediction=(-0.637, -9.835, -2.496) scan=(-0.632, -9.834, -2.481) correction=0.005 m/0.015 rad cluster_weight=0.999 publish=true
[gpu_amcl_cpp_node-6] [INFO] [1788998667.807688459] [gpu_amcl_cpp]: AMCL odom delta: at_scan=(14.656, -2.432, -1.284) baseline=(14.615, -2.313, -1.194) delta=(0.041, -0.120, -0.091) moved=true scan_age=0.055s
[ground_truth_amcl_monitor-7] [INFO] [1788998668.529631888] [ground_truth_amcl_monitor]: AMCL vs GT: gt=(-2.622, -9.356) amcl=(-2.561, -9.435) error=0.099 m / 0.069 rad; current_map=(-2.642, -9.307, 2.100) error=0.053 m / 0.000 rad; odom=(-3.190, -10.758, 2.100) error=1.513 m / 0.000 rad; ekf=(-3.190, -10.758, 2.100) error=1.513 m / 0.000 rad; RMS=0.155 m / 0.042 rad max=0.542 m / 0.150 rad samples=3033
[component_container-9] [INFO] [1788998668.645494859] [pure_pursuit_node]: Pure Pursuit: pose=(-2.857, -8.846, 1.929) cte=-0.029 closest=813 target=859 path_dist=0.029 heading_err=0.040 steer=-0.068 speed=3.825
[gpu_amcl_cpp_node-6] [INFO] [1788998668.649952088] [gpu_amcl_cpp]: AMCL local correction: odom_prediction=(-2.794, -9.002, 1.976) scan=(-2.795, -8.990, 1.983) correction=0.011 m/0.007 rad cluster_weight=0.981 publish=true
[gpu_amcl_cpp_node-6] [INFO] [1788998668.850285745] [gpu_amcl_cpp]: AMCL odom delta: at_scan=(12.908, -4.385, -2.894) baseline=(13.096, -4.333, -2.851) delta=(-0.188, -0.052, -0.044) moved=true scan_age=0.050s
[gpu_amcl_cpp_node-6] [INFO] [1788998669.196697765] [gpu_amcl_cpp]: Received LiDAR callback #1545 (1081 ranges).
[gpu_amcl_cpp_node-6] [INFO] [1788998669.196777344] [gpu_amcl_cpp]: Starting AMCL scan update #1545 (sampled from 1081 ranges).
[gpu_amcl_cpp_node-6] [INFO] [1788998669.197410505] [gpu_amcl_cpp]: AMCL scan update #1545 completed; evaluating pose confidence.
[ground_truth_amcl_monitor-7] [INFO] [1788998669.550487995] [ground_truth_amcl_monitor]: AMCL vs GT: gt=(-2.937, -5.141) amcl=(-2.974, -5.390) error=0.251 m / 0.030 rad; current_map=(-2.920, -5.137, 1.345) error=0.018 m / 0.000 rad; odom=(-3.496, -6.521, 1.345) error=1.488 m / 0.000 rad; ekf=(-3.496, -6.521, 1.345) error=1.488 m / 0.000 rad; RMS=0.155 m / 0.041 rad max=0.542 m / 0.150 rad samples=3073
[component_container-9] [INFO] [1788998669.649238035] [pure_pursuit_node]: Pure Pursuit: pose=(-2.697, -4.416, 1.197) cte=0.005 closest=1038 target=1089 path_dist=0.005 heading_err=0.088 steer=0.102 speed=5.464
[gpu_amcl_cpp_node-6] [INFO] [1788998669.654326901] [gpu_amcl_cpp]: AMCL local correction: odom_prediction=(-2.794, -4.671, 1.255) scan=(-2.808, -4.671, 1.256) correction=0.014 m/0.001 rad cluster_weight=0.939 publish=true
[gpu_amcl_cpp_node-6] [INFO] [1788998669.852353201] [gpu_amcl_cpp]: AMCL odom delta: at_scan=(8.173, -3.842, 2.905) baseline=(8.445, -3.914, 2.856) delta=(-0.272, 0.073, 0.049) moved=true scan_age=0.049s
[ground_truth_amcl_monitor-7] [INFO] [1788998670.578342619] [ground_truth_amcl_monitor]: AMCL vs GT: gt=(-1.573, -0.133) amcl=(-1.593, -0.281) error=0.150 m / 0.006 rad; current_map=(-1.556, -0.072, 1.397) error=0.064 m / 0.000 rad; odom=(-2.119, -1.441, 1.397) error=1.416 m / 0.000 rad; ekf=(-2.119, -1.441, 1.397) error=1.416 m / 0.000 rad; RMS=0.156 m / 0.041 rad max=0.542 m / 0.150 rad samples=3113
[component_container-9] [INFO] [1788998670.696608677] [pure_pursuit_node]: Pure Pursuit: pose=(-1.453, 0.593, 1.436) cte=-0.011 closest=1297 target=1345 path_dist=0.011 heading_err=-0.044 steer=-0.030 speed=3.701
[gpu_amcl_cpp_node-6] [INFO] [1788998670.701237579] [gpu_amcl_cpp]: AMCL local correction: odom_prediction=(-1.482, 0.398, 1.420) scan=(-1.481, 0.404, 1.415) correction=0.006 m/0.005 rad cluster_weight=0.914 publish=true
[gpu_amcl_cpp_node-6] [INFO] [1788998670.901493100] [gpu_amcl_cpp]: AMCL odom delta: at_scan=(3.339, -2.717, 2.980) baseline=(3.536, -2.749, 2.977) delta=(-0.197, 0.032, 0.003) moved=true scan_age=0.050s
[ground_truth_amcl_monitor-7] [INFO] [1788998671.623393421] [ground_truth_amcl_monitor]: AMCL vs GT: gt=(-1.407, 3.001) amcl=(-1.366, 2.958) error=0.059 m / 0.038 rad; current_map=(-1.394, 3.046, 1.897) error=0.047 m / 0.000 rad; odom=(-1.960, 1.694, 1.897) error=1.419 m / 0.000 rad; ekf=(-1.960, 1.694, 1.897) error=1.419 m / 0.000 rad; RMS=0.155 m / 0.041 rad max=0.542 m / 0.150 rad samples=3153
[component_container-9] [INFO] [1788998671.721616391] [pure_pursuit_node]: Pure Pursuit: pose=(-1.504, 3.301, 2.057) cte=-0.007 closest=1435 target=1478 path_dist=0.007 heading_err=-0.045 steer=0.286 speed=1.921
[gpu_amcl_cpp_node-6] [INFO] [1788998671.726752226] [gpu_amcl_cpp]: AMCL local correction: odom_prediction=(-1.464, 3.207, 1.996) scan=(-1.459, 3.194, 1.989) correction=0.014 m/0.007 rad cluster_weight=0.981 publish=true
[gpu_amcl_cpp_node-6] [INFO] [1788998671.922850641] [gpu_amcl_cpp]: AMCL odom delta: at_scan=(0.964, -3.037, -2.406) baseline=(1.036, -2.978, -2.489) delta=(-0.072, -0.060, 0.083) moved=true scan_age=0.048s
[ground_truth_amcl_monitor-7] [INFO] [1788998672.674138530] [ground_truth_amcl_monitor]: AMCL vs GT: gt=(-2.797, 3.613) amcl=(-2.712, 3.713) error=0.131 m / 0.152 rad; current_map=(-2.814, 3.635, -2.414) error=0.027 m / 0.000 rad; odom=(-3.444, 2.307, -2.414) error=1.457 m / 0.000 rad; ekf=(-3.444, 2.307, -2.414) error=1.457 m / 0.000 rad; RMS=0.154 m / 0.042 rad max=0.542 m / 0.153 rad samples=3193
[component_container-9] [INFO] [1788998672.723168832] [pure_pursuit_node]: Pure Pursuit: pose=(-2.943, 3.492, -2.199) cte=0.013 closest=1525 target=1568 path_dist=0.013 heading_err=0.066 steer=0.265 speed=2.221
[gpu_amcl_cpp_node-6] [INFO] [1788998672.727799718] [gpu_amcl_cpp]: AMCL local correction: odom_prediction=(-2.878, 3.565, -2.309) scan=(-2.860, 3.550, -2.304) correction=0.023 m/0.004 rad cluster_weight=0.977 publish=true
[gpu_amcl_cpp_node-6] [INFO] [1788998672.947404874] [gpu_amcl_cpp]: AMCL odom delta: at_scan=(1.318, -4.545, -0.346) baseline=(1.184, -4.489, -0.449) delta=(0.134, -0.056, 0.103) moved=true scan_age=0.050s
[gpu_amcl_cpp_node-6] [WARN] [1788998673.377641257] [gpu_amcl_cpp]: Queued LiDAR scan until source-time odometry arrives (queued=1).
[ground_truth_amcl_monitor-7] [INFO] [1788998673.699364396] [ground_truth_amcl_monitor]: AMCL vs GT: gt=(-3.388, 0.908) amcl=(-3.344, 1.067) error=0.165 m / 0.044 rad; current_map=(-3.372, 0.919, -1.782) error=0.019 m / 0.000 rad; odom=(-4.048, -0.389, -1.782) error=1.455 m / 0.000 rad; ekf=(-4.048, -0.389, -1.782) error=1.455 m / 0.000 rad; RMS=0.154 m / 0.042 rad max=0.542 m / 0.153 rad samples=3231
[component_container-9] [INFO] [1788998673.746812254] [pure_pursuit_node]: Pure Pursuit: pose=(-3.441, 0.660, -1.876) cte=0.025 closest=1669 target=1715 path_dist=0.025 heading_err=0.024 steer=-0.139 speed=2.292
[gpu_amcl_cpp_node-6] [INFO] [1788998673.751233505] [gpu_amcl_cpp]: AMCL local correction: odom_prediction=(-3.404, 0.787, -1.831) scan=(-3.404, 0.800, -1.821) correction=0.014 m/0.010 rad cluster_weight=0.989 publish=true
[gpu_amcl_cpp_node-6] [INFO] [1788998673.949947388] [gpu_amcl_cpp]: AMCL odom delta: at_scan=(4.079, -5.026, -0.439) baseline=(3.979, -4.982, -0.397) delta=(0.100, -0.044, -0.042) moved=true scan_age=0.050s
[gpu_amcl_cpp_node-6] [INFO] [1788998674.201511445] [gpu_amcl_cpp]: Received LiDAR callback #1642 (1081 ranges).
[gpu_amcl_cpp_node-6] [INFO] [1788998674.201617093] [gpu_amcl_cpp]: Starting AMCL scan update #1642 (sampled from 1081 ranges).
[gpu_amcl_cpp_node-6] [INFO] [1788998674.202716701] [gpu_amcl_cpp]: AMCL scan update #1642 completed; evaluating pose confidence.
[ground_truth_amcl_monitor-7] [INFO] [1788998674.721848149] [ground_truth_amcl_monitor]: AMCL vs GT: gt=(-4.691, -0.481) amcl=(-4.576, -0.499) error=0.116 m / 0.097 rad; current_map=(-4.670, -0.502, 3.133) error=0.030 m / 0.000 rad; odom=(-5.271, -1.762, -3.053) error=1.407 m / 0.097 rad; ekf=(-5.271, -1.762, -3.053) error=1.407 m / 0.097 rad; RMS=0.153 m / 0.042 rad max=0.542 m / 0.153 rad samples=3271
[component_container-9] [INFO] [1788998674.771759057] [pure_pursuit_node]: Pure Pursuit: pose=(-4.862, -0.481, 2.931) cte=-0.010 closest=1769 target=1812 path_dist=0.010 heading_err=-0.003 steer=-0.340 speed=2.004
[gpu_amcl_cpp_node-6] [INFO] [1788998674.775673385] [gpu_amcl_cpp]: AMCL local correction: odom_prediction=(-4.765, -0.488, 3.028) scan=(-4.762, -0.462, 3.045) correction=0.027 m/0.017 rad cluster_weight=0.984 publish=true
[gpu_amcl_cpp_node-6] [INFO] [1788998674.974272733] [gpu_amcl_cpp]: AMCL odom delta: at_scan=(4.798, -6.633, -2.079) baseline=(4.842, -6.545, -1.986) delta=(-0.044, -0.088, -0.093) moved=true scan_age=0.051s
[ground_truth_amcl_monitor-7] [INFO] [1788998675.750145622] [ground_truth_amcl_monitor]: AMCL vs GT: gt=(-6.048, 1.517) amcl=(-6.001, 1.312) error=0.211 m / 0.025 rad; current_map=(-6.032, 1.496, 1.725) error=0.026 m / 0.000 rad; odom=(-6.744, 0.237, 1.725) error=1.458 m / 0.000 rad; ekf=(-6.744, 0.237, 1.725) error=1.458 m / 0.000 rad; RMS=0.153 m / 0.042 rad max=0.542 m / 0.153 rad samples=3311
[component_container-9] [INFO] [1788998675.796799176] [pure_pursuit_node]: Pure Pursuit: pose=(-6.084, 1.884, 1.682) cte=-0.016 closest=1908 target=1957 path_dist=0.016 heading_err=0.037 steer=-0.021 speed=4.612
[gpu_amcl_cpp_node-6] [INFO] [1788998675.801385648] [gpu_amcl_cpp]: AMCL local correction: odom_prediction=(-6.063, 1.694, 1.702) scan=(-6.063, 1.708, 1.702) correction=0.014 m/0.001 rad cluster_weight=0.949 publish=true
[gpu_amcl_cpp_node-6] [INFO] [1788998675.997255115] [gpu_amcl_cpp]: AMCL odom delta: at_scan=(1.860, -7.662, -3.074) baseline=(2.082, -7.645, -3.050) delta=(-0.221, -0.018, -0.024) moved=true scan_age=0.049s
[ground_truth_amcl_monitor-7] [INFO] [1788998676.749951264] [ground_truth_amcl_monitor]: AMCL vs GT: gt=(-5.776, 5.683) amcl=(-5.821, 5.502) error=0.187 m / 0.022 rad; current_map=(-5.761, 5.692, 1.253) error=0.017 m / 0.000 rad; odom=(-6.445, 4.466, 1.253) error=1.389 m / 0.000 rad; ekf=(-6.445, 4.466, 1.253) error=1.389 m / 0.000 rad; RMS=0.153 m / 0.042 rad max=0.542 m / 0.153 rad samples=3349
[component_container-9] [INFO] [1788998676.798001474] [pure_pursuit_node]: Pure Pursuit: pose=(-5.624, 6.038, 1.134) cte=-0.043 closest=2119 target=2167 path_dist=0.043 heading_err=-0.024 steer=-0.123 speed=2.856
[gpu_amcl_cpp_node-6] [INFO] [1788998676.802967490] [gpu_amcl_cpp]: AMCL local correction: odom_prediction=(-5.698, 5.868, 1.198) scan=(-5.698, 5.847, 1.202) correction=0.020 m/0.005 rad cluster_weight=0.994 publish=true
[gpu_amcl_cpp_node-6] [INFO] [1788998676.998262978] [gpu_amcl_cpp]: AMCL odom delta: at_scan=(-1.997, -6.901, 2.544) baseline=(-1.895, -6.969, 2.563) delta=(-0.102, 0.068, -0.020) moved=true scan_age=0.049s
[ground_truth_amcl_monitor-7] [INFO] [1788998677.772608998] [ground_truth_amcl_monitor]: AMCL vs GT: gt=(-3.604, 7.613) amcl=(-3.769, 7.566) error=0.171 m / 0.072 rad; current_map=(-3.603, 7.595, 0.136) error=0.018 m / 0.000 rad; odom=(-4.398, 6.394, 0.208) error=1.455 m / 0.072 rad; ekf=(-4.398, 6.394, 0.208) error=1.455 m / 0.072 rad; RMS=0.153 m / 0.042 rad max=0.542 m / 0.153 rad samples=3389
[component_container-9] [INFO] [1788998677.820738657] [pure_pursuit_node]: Pure Pursuit: pose=(-3.273, 7.621, 0.021) cte=-0.027 closest=2268 target=2315 path_dist=0.027 heading_err=-0.026 steer=-0.175 speed=3.471
[gpu_amcl_cpp_node-6] [INFO] [1788998677.825050684] [gpu_amcl_cpp]: AMCL local correction: odom_prediction=(-3.446, 7.616, 0.077) scan=(-3.432, 7.620, 0.086) correction=0.015 m/0.009 rad cluster_weight=0.980 publish=true
[gpu_amcl_cpp_node-6] [INFO] [1788998678.024857833] [gpu_amcl_cpp]: AMCL odom delta: at_scan=(-3.232, -4.172, 1.343) baseline=(-3.265, -4.345, 1.420) delta=(0.033, 0.173, -0.078) moved=true scan_age=0.050s
[ground_truth_amcl_monitor-7] [INFO] [1788998678.798997036] [ground_truth_amcl_monitor]: AMCL vs GT: gt=(-0.388, 5.592) amcl=(-0.512, 5.788) error=0.233 m / 0.048 rad; current_map=(-0.381, 5.586, -1.021) error=0.009 m / 0.000 rad; odom=(-0.984, 4.360, -1.021) error=1.368 m / 0.000 rad; ekf=(-0.984, 4.360, -1.021) error=1.368 m / 0.000 rad; RMS=0.152 m / 0.042 rad max=0.542 m / 0.153 rad samples=3429
[component_container-9] [INFO] [1788998678.846518391] [pure_pursuit_node]: Pure Pursuit: pose=(-0.141, 5.158, -1.097) cte=-0.033 closest=2476 target=2527 path_dist=0.033 heading_err=-0.003 steer=-0.052 speed=5.356
[gpu_amcl_cpp_node-6] [INFO] [1788998678.850805972] [gpu_amcl_cpp]: AMCL local correction: odom_prediction=(-0.257, 5.370, -1.064) scan=(-0.258, 5.389, -1.065) correction=0.019 m/0.001 rad cluster_weight=0.971 publish=true
[gpu_amcl_cpp_node-6] [INFO] [1788998679.054356348] [gpu_amcl_cpp]: AMCL odom delta: at_scan=(-0.026, -1.213, 0.395) baseline=(-0.282, -1.321, 0.408) delta=(0.256, 0.109, -0.013) moved=true scan_age=0.052s
[gpu_amcl_cpp_node-6] [WARN] [1788998679.175450034] [gpu_amcl_cpp]: No local AMCL cluster near odometry prediction; using causal odometry pose.
[gpu_amcl_cpp_node-6] [INFO] [1788998679.222292073] [gpu_amcl_cpp]: Received LiDAR callback #1739 (1081 ranges).
[gpu_amcl_cpp_node-6] [INFO] [1788998679.222391199] [gpu_amcl_cpp]: Starting AMCL scan update #1739 (sampled from 1081 ranges).
[gpu_amcl_cpp_node-6] [INFO] [1788998679.222942415] [gpu_amcl_cpp]: AMCL scan update #1739 completed; evaluating pose confidence.
[ground_truth_amcl_monitor-7] [INFO] [1788998679.822786499] [ground_truth_amcl_monitor]: AMCL vs GT: gt=(1.401, 0.161) amcl=(1.347, 0.493) error=0.336 m / 0.075 rad; current_map=(1.364, 0.260, -1.537) error=0.105 m / 0.000 rad; odom=(0.811, -1.127, -1.537) error=1.417 m / 0.000 rad; ekf=(0.811, -1.127, -1.537) error=1.417 m / 0.000 rad; RMS=0.153 m / 0.042 rad max=0.542 m / 0.153 rad samples=3469
[component_container-9] [INFO] [1788998679.871637785] [pure_pursuit_node]: Pure Pursuit: pose=(1.363, -0.164, -1.607) cte=-0.047 closest=167 target=217 path_dist=0.047 heading_err=0.125 steer=0.045 speed=5.168
[gpu_amcl_cpp_node-6] [INFO] [1788998679.926970206] [gpu_amcl_cpp]: AMCL local correction: odom_prediction=(1.361, -0.190, -1.598) scan=(1.368, -0.278, -1.591) correction=0.088 m/0.007 rad cluster_weight=0.943 publish=true
[gpu_amcl_cpp_node-6] [INFO] [1788998680.071805493] [gpu_amcl_cpp]: AMCL odom delta: at_scan=(5.494, 0.014, 0.053) baseline=(5.237, 0.004, 0.022) delta=(0.257, 0.010, 0.031) moved=true scan_age=0.049s
[ground_truth_amcl_monitor-7] [INFO] [1788998680.823362545] [ground_truth_amcl_monitor]: AMCL vs GT: gt=(0.912, -5.169) amcl=(0.973, -4.839) error=0.336 m / 0.016 rad; current_map=(0.925, -5.139, -1.720) error=0.032 m / 0.000 rad; odom=(0.360, -6.262, -1.736) error=1.225 m / 0.016 rad; ekf=(0.360, -6.262, -1.736) error=1.225 m / 0.016 rad; RMS=0.154 m / 0.041 rad max=0.542 m / 0.153 rad samples=3509
[component_container-9] [INFO] [1788998680.871644912] [pure_pursuit_node]: Pure Pursuit: pose=(0.838, -5.688, -1.736) cte=0.004 closest=446 target=498 path_dist=0.004 heading_err=-0.036 steer=-0.033 speed=4.822
[gpu_amcl_cpp_node-6] [INFO] [1788998680.927538968] [gpu_amcl_cpp]: AMCL local correction: odom_prediction=(0.838, -5.675, -1.761) scan=(0.833, -5.677, -1.752) correction=0.006 m/0.009 rad cluster_weight=0.966 publish=true
[gpu_amcl_cpp_node-6] [INFO] [1788998681.077877511] [gpu_amcl_cpp]: AMCL odom delta: at_scan=(10.953, -0.735, -0.230) baseline=(10.740, -0.684, -0.246) delta=(0.213, -0.052, 0.016) moved=true scan_age=0.051s
[ground_truth_amcl_monitor-7] [INFO] [1788998681.823541225] [ground_truth_amcl_monitor]: AMCL vs GT: gt=(-0.029, -9.030) amcl=(0.045, -8.859) error=0.186 m / 0.028 rad; current_map=(-0.004, -8.973, -1.986) error=0.062 m / 0.000 rad; odom=(-0.620, -10.384, -1.986) error=1.478 m / 0.000 rad; ekf=(-0.620, -10.384, -1.986) error=1.478 m / 0.000 rad; RMS=0.154 m / 0.041 rad max=0.542 m / 0.153 rad samples=3547
[component_container-9] [INFO] [1788998681.871699529] [pure_pursuit_node]: Pure Pursuit: pose=(-0.102, -9.169, -2.089) cte=-0.018 closest=626 target=670 path_dist=0.018 heading_err=0.051 steer=-0.090 speed=2.531
[gpu_amcl_cpp_node-6] [INFO] [1788998681.977453116] [gpu_amcl_cpp]: AMCL local correction: odom_prediction=(-0.160, -9.285, -2.084) scan=(-0.155, -9.302, -2.079) correction=0.018 m/0.005 rad cluster_weight=0.994 publish=true
[gpu_amcl_cpp_node-6] [INFO] [1788998682.126923248] [gpu_amcl_cpp]: AMCL odom delta: at_scan=(14.150, -1.775, -0.661) baseline=(14.048, -1.700, -0.606) delta=(0.103, -0.075, -0.054) moved=true scan_age=0.050s
[ground_truth_amcl_monitor-7] [INFO] [1788998682.849834009] [ground_truth_amcl_monitor]: AMCL vs GT: gt=(-1.922, -10.038) amcl=(-1.812, -10.054) error=0.111 m / 0.093 rad; current_map=(-1.926, -10.006, 2.695) error=0.033 m / 0.000 rad; odom=(-2.556, -11.398, 2.695) error=1.500 m / 0.000 rad; ekf=(-2.442, -11.446, 2.788) error=1.501 m / 0.093 rad; RMS=0.154 m / 0.042 rad max=0.542 m / 0.153 rad samples=3587
[component_container-9] [INFO] [1788998682.896620433] [pure_pursuit_node]: Pure Pursuit: pose=(-2.131, -9.884, 2.517) cte=-0.023 closest=749 target=794 path_dist=0.023 heading_err=-0.012 steer=-0.203 speed=2.624
[gpu_amcl_cpp_node-6] [INFO] [1788998683.000580660] [gpu_amcl_cpp]: AMCL local correction: odom_prediction=(-2.247, -9.797, 2.435) scan=(-2.251, -9.786, 2.443) correction=0.012 m/0.008 rad cluster_weight=0.976 publish=true
[gpu_amcl_cpp_node-6] [INFO] [1788998683.150228685] [gpu_amcl_cpp]: AMCL odom delta: at_scan=(14.062, -3.937, -2.503) baseline=(14.169, -3.852, -2.430) delta=(-0.107, -0.085, -0.074) moved=true scan_age=0.050s
[ground_truth_amcl_monitor-7] [INFO] [1788998683.898848599] [ground_truth_amcl_monitor]: AMCL vs GT: gt=(-3.171, -6.859) amcl=(-3.154, -7.196) error=0.337 m / 0.029 rad; current_map=(-3.160, -6.867, 1.574) error=0.014 m / 0.000 rad; odom=(-3.808, -8.195, 1.574) error=1.480 m / 0.000 rad; ekf=(-3.808, -8.195, 1.574) error=1.480 m / 0.000 rad; RMS=0.153 m / 0.042 rad max=0.542 m / 0.153 rad samples=3627
[component_container-9] [INFO] [1788998683.946730843] [pure_pursuit_node]: Pure Pursuit: pose=(-3.140, -6.394, 1.481) cte=-0.007 closest=937 target=987 path_dist=0.007 heading_err=0.004 steer=-0.042 speed=5.010
[gpu_amcl_cpp_node-6] [INFO] [1788998684.001339834] [gpu_amcl_cpp]: AMCL local correction: odom_prediction=(-3.140, -6.377, 1.492) scan=(-3.146, -6.402, 1.497) correction=0.026 m/0.005 rad cluster_weight=0.980 publish=true
[gpu_amcl_cpp_node-6] [INFO] [1788998684.196849937] [gpu_amcl_cpp]: AMCL odom delta: at_scan=(9.867, -4.423, 2.927) baseline=(10.108, -4.475, 2.930) delta=(-0.241, 0.052, -0.003) moved=true scan_age=0.048s
[gpu_amcl_cpp_node-6] [INFO] [1788998684.247247640] [gpu_amcl_cpp]: Received LiDAR callback #1837 (1081 ranges).
[gpu_amcl_cpp_node-6] [INFO] [1788998684.247335255] [gpu_amcl_cpp]: Starting AMCL scan update #1837 (sampled from 1081 ranges).
[gpu_amcl_cpp_node-6] [INFO] [1788998684.248402712] [gpu_amcl_cpp]: AMCL scan update #1837 completed; evaluating pose confidence.
[ground_truth_amcl_monitor-7] [INFO] [1788998684.924755279] [ground_truth_amcl_monitor]: AMCL vs GT: gt=(-1.927, -1.649) amcl=(-1.987, -1.920) error=0.278 m / 0.010 rad; current_map=(-1.924, -1.658, 1.338) error=0.009 m / 0.000 rad; odom=(-2.547, -2.917, 1.338) error=1.412 m / 0.000 rad; ekf=(-2.547, -2.917, 1.338) error=1.412 m / 0.000 rad; RMS=0.154 m / 0.041 rad max=0.542 m / 0.153 rad samples=3667
[component_container-9] [INFO] [1788998684.970743122] [pure_pursuit_node]: Pure Pursuit: pose=(-1.791, -1.147, 1.294) cte=0.027 closest=1208 target=1260 path_dist=0.027 heading_err=0.038 steer=0.079 speed=4.944
[gpu_amcl_cpp_node-6] [INFO] [1788998685.025255291] [gpu_amcl_cpp]: AMCL local correction: odom_prediction=(-1.793, -1.128, 1.352) scan=(-1.788, -1.116, 1.342) correction=0.014 m/0.010 rad cluster_weight=0.953 publish=true
[gpu_amcl_cpp_node-6] [INFO] [1788998685.222610553] [gpu_amcl_cpp]: AMCL odom delta: at_scan=(4.696, -3.035, 2.911) baseline=(4.920, -3.087, 2.916) delta=(-0.224, 0.052, -0.005) moved=true scan_age=0.049s
[ground_truth_amcl_monitor-7] [INFO] [1788998685.949367537] [ground_truth_amcl_monitor]: AMCL vs GT: gt=(-1.227, 2.227) amcl=(-1.211, 2.117) error=0.111 m / 0.045 rad; current_map=(-1.215, 2.267, 1.618) error=0.041 m / 0.000 rad; odom=(-1.855, 0.945, 1.618) error=1.427 m / 0.000 rad; ekf=(-1.855, 0.945, 1.618) error=1.427 m / 0.000 rad; RMS=0.154 m / 0.041 rad max=0.542 m / 0.153 rad samples=3707
[component_container-9] [INFO] [1788998685.997948806] [pure_pursuit_node]: Pure Pursuit: pose=(-1.236, 2.551, 1.667) cte=0.048 closest=1395 target=1441 path_dist=0.048 heading_err=0.022 steer=0.209 speed=1.967
[gpu_amcl_cpp_node-6] [INFO] [1788998686.055335929] [gpu_amcl_cpp]: AMCL local correction: odom_prediction=(-1.235, 2.539, 1.691) scan=(-1.233, 2.549, 1.691) correction=0.010 m/0.000 rad cluster_weight=0.976 publish=true
[gpu_amcl_cpp_node-6] [INFO] [1788998686.252597475] [gpu_amcl_cpp]: AMCL odom delta: at_scan=(1.586, -2.748, -2.857) baseline=(1.652, -2.730, -2.899) delta=(-0.065, -0.018, 0.042) moved=true scan_age=0.051s
[ground_truth_amcl_monitor-7] [INFO] [1788998686.973283598] [ground_truth_amcl_monitor]: AMCL vs GT: gt=(-2.117, 3.781) amcl=(-2.036, 3.799) error=0.082 m / 0.107 rad; current_map=(-2.123, 3.825, 2.902) error=0.045 m / 0.000 rad; odom=(-2.769, 2.514, 2.902) error=1.425 m / 0.000 rad; ekf=(-2.769, 2.514, 2.902) error=1.425 m / 0.000 rad; RMS=0.153 m / 0.041 rad max=0.542 m / 0.153 rad samples=3747
[component_container-9] [INFO] [1788998687.020580392] [pure_pursuit_node]: Pure Pursuit: pose=(-2.297, 3.848, 3.118) cte=-0.007 closest=1487 target=1530 path_dist=0.007 heading_err=0.033 steer=0.426 speed=1.882
[gpu_amcl_cpp_node-6] [INFO] [1788998687.075733957] [gpu_amcl_cpp]: AMCL local correction: odom_prediction=(-2.295, 3.850, 3.122) scan=(-2.292, 3.863, 3.116) correction=0.014 m/0.005 rad cluster_weight=0.976 publish=true
[gpu_amcl_cpp_node-6] [INFO] [1788998687.277401065] [gpu_amcl_cpp]: AMCL odom delta: at_scan=(0.700, -4.114, -1.124) baseline=(0.664, -4.026, -1.242) delta=(0.036, -0.088, 0.118) moved=true scan_age=0.049s
[ground_truth_amcl_monitor-7] [INFO] [1788998688.005735487] [ground_truth_amcl_monitor]: AMCL vs GT: gt=(-3.247, 2.296) amcl=(-3.219, 2.460) error=0.166 m / 0.024 rad; current_map=(-3.236, 2.290, -1.659) error=0.013 m / 0.000 rad; odom=(-3.971, 1.015, -1.659) error=1.472 m / 0.000 rad; ekf=(-3.954, 1.185, -1.684) error=1.317 m / 0.024 rad; RMS=0.152 m / 0.042 rad max=0.542 m / 0.153 rad samples=3787
[component_container-9] [INFO] [1788998688.070640253] [pure_pursuit_node]: Pure Pursuit: pose=(-3.264, 1.911, -1.631) cte=0.035 closest=1606 target=1652 path_dist=0.035 heading_err=-0.063 steer=-0.028 speed=3.362
[gpu_amcl_cpp_node-6] [INFO] [1788998688.130950080] [gpu_amcl_cpp]: AMCL local correction: odom_prediction=(-3.263, 1.894, -1.639) scan=(-3.265, 1.897, -1.628) correction=0.003 m/0.010 rad cluster_weight=0.956 publish=true
[gpu_amcl_cpp_node-6] [INFO] [1788998688.297025439] [gpu_amcl_cpp]: AMCL odom delta: at_scan=(3.126, -4.851, -0.105) baseline=(2.896, -4.829, -0.088) delta=(0.230, -0.022, -0.017) moved=true scan_age=0.049s
[ground_truth_amcl_monitor-7] [INFO] [1788998689.048462944] [ground_truth_amcl_monitor]: AMCL vs GT: gt=(-3.960, -0.196) amcl=(-3.870, -0.138) error=0.107 m / 0.070 rad; current_map=(-3.942, -0.202, -2.446) error=0.019 m / 0.000 rad; odom=(-4.688, -1.457, -2.446) error=1.456 m / 0.000 rad; ekf=(-4.688, -1.457, -2.446) error=1.456 m / 0.000 rad; RMS=0.152 m / 0.042 rad max=0.542 m / 0.153 rad samples=3827
[component_container-9] [INFO] [1788998689.095284565] [pure_pursuit_node]: Pure Pursuit: pose=(-4.095, -0.313, -2.580) cte=-0.013 closest=1729 target=1773 path_dist=0.013 heading_err=-0.064 steer=-0.299 speed=1.968
[gpu_amcl_cpp_node-6] [INFO] [1788998689.150695113] [gpu_amcl_cpp]: AMCL local correction: odom_prediction=(-4.099, -0.317, -2.591) scan=(-4.097, -0.325, -2.578) correction=0.008 m/0.013 rad cluster_weight=0.986 publish=true
[gpu_amcl_cpp_node-6] [INFO] [1788998689.249139551] [gpu_amcl_cpp]: Received LiDAR callback #1934 (1081 ranges).
[gpu_amcl_cpp_node-6] [INFO] [1788998689.249207108] [gpu_amcl_cpp]: Starting AMCL scan update #1934 (sampled from 1081 ranges).
[gpu_amcl_cpp_node-6] [INFO] [1788998689.249881435] [gpu_amcl_cpp]: AMCL scan update #1934 completed; evaluating pose confidence.
[gpu_amcl_cpp_node-6] [INFO] [1788998689.301933930] [gpu_amcl_cpp]: AMCL odom delta: at_scan=(4.851, -5.913, -1.269) baseline=(4.818, -5.822, -1.183) delta=(0.033, -0.091, -0.086) moved=true scan_age=0.053s
[ground_truth_amcl_monitor-7] [INFO] [1788998690.077134619] [ground_truth_amcl_monitor]: AMCL vs GT: gt=(-5.669, 0.218) amcl=(-5.581, 0.096) error=0.150 m / 0.081 rad; current_map=(-5.650, 0.211, 2.075) error=0.020 m / 0.000 rad; odom=(-6.424, -1.044, 2.075) error=1.471 m / 0.000 rad; ekf=(-6.355, -1.158, 2.156) error=1.538 m / 0.081 rad; RMS=0.152 m / 0.042 rad max=0.542 m / 0.180 rad samples=3865
[component_container-9] [INFO] [1788998690.125796459] [pure_pursuit_node]: Pure Pursuit: pose=(-5.766, 0.456, 1.943) cte=-0.053 closest=1836 target=1881 path_dist=0.053 heading_err=-0.008 steer=-0.094 speed=3.347
[gpu_amcl_cpp_node-6] [INFO] [1788998690.186291055] [gpu_amcl_cpp]: AMCL local correction: odom_prediction=(-5.774, 0.471, 1.935) scan=(-5.771, 0.445, 1.942) correction=0.025 m/0.008 rad cluster_weight=0.970 publish=true
[gpu_amcl_cpp_node-6] [INFO] [1788998690.349368017] [gpu_amcl_cpp]: AMCL odom delta: at_scan=(3.425, -7.497, -2.913) baseline=(3.586, -7.458, -2.891) delta=(-0.161, -0.039, -0.022) moved=true scan_age=0.051s
[ground_truth_amcl_monitor-7] [INFO] [1788998691.099259768] [ground_truth_amcl_monitor]: AMCL vs GT: gt=(-6.142, 4.204) amcl=(-6.155, 3.965) error=0.239 m / 0.036 rad; current_map=(-6.132, 4.165, 1.437) error=0.040 m / 0.000 rad; odom=(-6.893, 2.940, 1.437) error=1.470 m / 0.000 rad; ekf=(-6.893, 2.940, 1.437) error=1.470 m / 0.000 rad; RMS=0.152 m / 0.042 rad max=0.542 m / 0.180 rad samples=3905
[component_container-9] [INFO] [1788998691.145865383] [pure_pursuit_node]: Pure Pursuit: pose=(-6.087, 4.518, 1.453) cte=-0.030 closest=2040 target=2088 path_dist=0.030 heading_err=-0.051 steer=-0.140 speed=4.199
[gpu_amcl_cpp_node-6] [INFO] [1788998691.199304134] [gpu_amcl_cpp]: AMCL local correction: odom_prediction=(-6.075, 4.556, 1.413) scan=(-6.083, 4.562, 1.413) correction=0.010 m/0.000 rad cluster_weight=0.976 publish=true
[gpu_amcl_cpp_node-6] [INFO] [1788998691.397532298] [gpu_amcl_cpp]: AMCL odom delta: at_scan=(-0.988, -7.456, 2.833) baseline=(-0.784, -7.515, 2.891) delta=(-0.204, 0.059, -0.058) moved=true scan_age=0.049s
[ground_truth_amcl_monitor-7] [INFO] [1788998692.125722983] [ground_truth_amcl_monitor]: AMCL vs GT: gt=(-4.787, 7.126) amcl=(-4.900, 7.005) error=0.166 m / 0.070 rad; current_map=(-4.790, 7.095, 0.650) error=0.031 m / 0.000 rad; odom=(-5.506, 5.920, 0.650) error=1.405 m / 0.000 rad; ekf=(-5.506, 5.920, 0.650) error=1.405 m / 0.000 rad; RMS=0.152 m / 0.042 rad max=0.542 m / 0.180 rad samples=3945
[component_container-9] [INFO] [1788998692.174356030] [pure_pursuit_node]: Pure Pursuit: pose=(-4.541, 7.266, 0.552) cte=-0.020 closest=2202 target=2248 path_dist=0.020 heading_err=-0.021 steer=-0.167 speed=3.300
[gpu_amcl_cpp_node-6] [INFO] [1788998692.227845216] [gpu_amcl_cpp]: AMCL local correction: odom_prediction=(-4.545, 7.269, 0.526) scan=(-4.545, 7.267, 0.548) correction=0.002 m/0.022 rad cluster_weight=0.995 publish=true
[gpu_amcl_cpp_node-6] [INFO] [1788998692.397942396] [gpu_amcl_cpp]: AMCL odom delta: at_scan=(-3.166, -5.543, 1.898) baseline=(-3.109, -5.698, 1.954) delta=(-0.058, 0.156, -0.056) moved=true scan_age=0.050s
[ground_truth_amcl_monitor-7] [INFO] [1788998693.149005931] [ground_truth_amcl_monitor]: AMCL vs GT: gt=(-1.602, 7.032) amcl=(-1.731, 7.139) error=0.168 m / 0.062 rad; current_map=(-1.575, 7.021, -0.681) error=0.029 m / 0.000 rad; odom=(-2.295, 5.814, -0.681) error=1.401 m / 0.000 rad; ekf=(-2.295, 5.814, -0.681) error=1.401 m / 0.000 rad; RMS=0.151 m / 0.042 rad max=0.542 m / 0.180 rad samples=3985
[component_container-9] [INFO] [1788998693.196435756] [pure_pursuit_node]: Pure Pursuit: pose=(-1.276, 6.763, -0.742) cte=-0.037 closest=2378 target=2426 path_dist=0.037 heading_err=-0.018 steer=-0.125 speed=4.354
[gpu_amcl_cpp_node-6] [INFO] [1788998693.250607335] [gpu_amcl_cpp]: AMCL local correction: odom_prediction=(-1.281, 6.761, -0.772) scan=(-1.284, 6.765, -0.774) correction=0.005 m/0.002 rad cluster_weight=0.965 publish=true
[gpu_amcl_cpp_node-6] [INFO] [1788998693.447880615] [gpu_amcl_cpp]: AMCL odom delta: at_scan=(-1.735, -2.222, 0.635) baseline=(-1.914, -2.360, 0.682) delta=(0.179, 0.138, -0.047) moved=true scan_age=0.050s
[ground_truth_amcl_monitor-7] [INFO] [1788998694.151082735] [ground_truth_amcl_monitor]: AMCL vs GT: gt=(0.646, 3.277) amcl=(0.637, 3.349) error=0.072 m / 0.000 rad; current_map=(0.631, 3.350, -1.285) error=0.075 m / 0.000 rad; odom=(-0.045, 2.063, -1.285) error=1.397 m / 0.000 rad; ekf=(-0.045, 2.063, -1.285) error=1.397 m / 0.000 rad; RMS=0.152 m / 0.042 rad max=0.542 m / 0.180 rad samples=4024
[component_container-9] [INFO] [1788998694.246366141] [pure_pursuit_node]: Pure Pursuit: pose=(0.824, 2.667, -1.296) cte=-0.046 closest=24 target=74 path_dist=0.046 heading_err=0.012 steer=-0.072 speed=5.361
[gpu_amcl_cpp_node-6] [WARN] [1788998694.250874987] [gpu_amcl_cpp]: No local AMCL cluster near odometry prediction; using causal odometry pose.
[gpu_amcl_cpp_node-6] [INFO] [1788998694.298145102] [gpu_amcl_cpp]: Received LiDAR callback #2031 (1081 ranges).
[gpu_amcl_cpp_node-6] [INFO] [1788998694.298220433] [gpu_amcl_cpp]: Starting AMCL scan update #2031 (sampled from 1081 ranges).
[gpu_amcl_cpp_node-6] [INFO] [1788998694.298790345] [gpu_amcl_cpp]: AMCL scan update #2031 completed; evaluating pose confidence.
[gpu_amcl_cpp_node-6] [INFO] [1788998694.301153708] [gpu_amcl_cpp]: AMCL local correction: odom_prediction=(0.819, 2.652, -1.332) scan=(0.808, 2.662, -1.337) correction=0.014 m/0.006 rad cluster_weight=0.928 publish=true
[gpu_amcl_cpp_node-6] [INFO] [1788998694.450601409] [gpu_amcl_cpp]: AMCL odom delta: at_scan=(2.568, -0.472, 0.252) baseline=(2.291, -0.542, 0.244) delta=(0.277, 0.070, 0.008) moved=true scan_age=0.049s
[ground_truth_amcl_monitor-7] [INFO] [1788998695.172346810] [ground_truth_amcl_monitor]: AMCL vs GT: gt=(1.461, -1.455) amcl=(1.448, -1.226) error=0.229 m / 0.011 rad; current_map=(1.450, -1.471, -1.567) error=0.019 m / 0.000 rad; odom=(0.796, -2.582, -1.555) error=1.308 m / 0.011 rad; ekf=(0.796, -2.582, -1.555) error=1.308 m / 0.011 rad; RMS=0.152 m / 0.041 rad max=0.542 m / 0.180 rad samples=4063
[component_container-9] [INFO] [1788998695.271582035] [pure_pursuit_node]: Pure Pursuit: pose=(1.441, -2.143, -1.607) cte=-0.101 closest=266 target=315 path_dist=0.101 heading_err=-0.018 steer=-0.122 speed=4.596
[gpu_amcl_cpp_node-6] [INFO] [1788998695.325981813] [gpu_amcl_cpp]: AMCL local correction: odom_prediction=(1.443, -2.109, -1.645) scan=(1.449, -2.085, -1.635) correction=0.024 m/0.010 rad cluster_weight=0.957 publish=true
[gpu_amcl_cpp_node-6] [INFO] [1788998695.474258553] [gpu_amcl_cpp]: AMCL odom delta: at_scan=(7.322, -0.099, -0.137) baseline=(7.081, -0.067, -0.126) delta=(0.241, -0.032, -0.011) moved=true scan_age=0.050s
[gpu_amcl_cpp_node-6] [WARN] [1788998695.576823318] [gpu_amcl_cpp]: Queued LiDAR scan until source-time odometry arrives (queued=1).
[ground_truth_amcl_monitor-7] [INFO] [1788998696.172985633] [ground_truth_amcl_monitor]: AMCL vs GT: gt=(0.778, -6.407) amcl=(0.849, -6.108) error=0.307 m / 0.055 rad; current_map=(0.795, -6.333, -1.837) error=0.075 m / 0.000 rad; odom=(0.100, -7.824, -1.837) error=1.571 m / 0.000 rad; ekf=(0.100, -7.824, -1.837) error=1.571 m / 0.000 rad; RMS=0.153 m / 0.041 rad max=0.542 m / 0.180 rad samples=4101
[component_container-9] [INFO] [1788998696.322015569] [pure_pursuit_node]: Pure Pursuit: pose=(0.575, -7.091, -1.811) cte=-0.043 closest=517 target=564 path_dist=0.043 heading_err=0.008 steer=-0.062 speed=3.842
[gpu_amcl_cpp_node-6] [INFO] [1788998696.326603203] [gpu_amcl_cpp]: AMCL local correction: odom_prediction=(0.620, -6.920, -1.880) scan=(0.609, -6.952, -1.882) correction=0.034 m/0.002 rad cluster_weight=0.963 publish=true
[gpu_amcl_cpp_node-6] [INFO] [1788998696.521530263] [gpu_amcl_cpp]: AMCL odom delta: at_scan=(12.252, -1.084, -0.275) baseline=(12.071, -1.032, -0.280) delta=(0.181, -0.052, 0.005) moved=true scan_age=0.049s
[ground_truth_amcl_monitor-7] [INFO] [1788998697.176509941] [ground_truth_amcl_monitor]: AMCL vs GT: gt=(-0.285, -9.522) amcl=(-0.200, -9.387) error=0.159 m / 0.058 rad; current_map=(-0.267, -9.490, -2.177) error=0.037 m / 0.000 rad; odom=(-0.960, -10.919, -2.177) error=1.552 m / 0.000 rad; ekf=(-0.960, -10.919, -2.177) error=1.552 m / 0.000 rad; RMS=0.153 m / 0.041 rad max=0.542 m / 0.180 rad samples=4141
[component_container-9] [INFO] [1788998697.326359678] [pure_pursuit_node]: Pure Pursuit: pose=(-0.591, -9.852, -2.456) cte=-0.023 closest=668 target=712 path_dist=0.023 heading_err=0.023 steer=-0.291 speed=2.469
[gpu_amcl_cpp_node-6] [INFO] [1788998697.330892570] [gpu_amcl_cpp]: AMCL local correction: odom_prediction=(-0.496, -9.770, -2.384) scan=(-0.489, -9.766, -2.367) correction=0.008 m/0.017 rad cluster_weight=0.999 publish=true
[gpu_amcl_cpp_node-6] [INFO] [1788998697.547116887] [gpu_amcl_cpp]: AMCL odom delta: at_scan=(14.645, -2.450, -1.209) baseline=(14.596, -2.338, -1.115) delta=(0.049, -0.112, -0.095) moved=true scan_age=0.050s
[ground_truth_amcl_monitor-7] [INFO] [1788998698.198886782] [ground_truth_amcl_monitor]: AMCL vs GT: gt=(-2.385, -9.682) amcl=(-2.321, -9.725) error=0.077 m / 0.074 rad; current_map=(-2.411, -9.633, 2.302) error=0.056 m / 0.000 rad; odom=(-3.109, -11.078, 2.302) error=1.573 m / 0.000 rad; ekf=(-3.109, -11.078, 2.302) error=1.573 m / 0.000 rad; RMS=0.153 m / 0.041 rad max=0.542 m / 0.180 rad samples=4181
[component_container-9] [INFO] [1788998698.349171167] [pure_pursuit_node]: Pure Pursuit: pose=(-2.719, -9.169, 2.040) cte=-0.042 closest=795 target=841 path_dist=0.042 heading_err=0.015 steer=-0.092 speed=3.507
[gpu_amcl_cpp_node-6] [INFO] [1788998698.354104691] [gpu_amcl_cpp]: AMCL local correction: odom_prediction=(-2.655, -9.289, 2.100) scan=(-2.658, -9.278, 2.105) correction=0.011 m/0.004 rad cluster_weight=0.961 publish=true
[gpu_amcl_cpp_node-6] [INFO] [1788998698.550625928] [gpu_amcl_cpp]: AMCL odom delta: at_scan=(13.311, -4.419, -2.803) baseline=(13.466, -4.362, -2.765) delta=(-0.155, -0.058, -0.038) moved=true scan_age=0.052s
[ground_truth_amcl_monitor-7] [INFO] [1788998699.228234779] [ground_truth_amcl_monitor]: AMCL vs GT: gt=(-3.071, -5.819) amcl=(-3.095, -6.086) error=0.269 m / 0.018 rad; current_map=(-3.058, -5.828, 1.420) error=0.016 m / 0.000 rad; odom=(-3.785, -7.196, 1.420) error=1.551 m / 0.000 rad; ekf=(-3.822, -7.454, 1.438) error=1.800 m / 0.018 rad; RMS=0.152 m / 0.041 rad max=0.542 m / 0.180 rad samples=4221
[gpu_amcl_cpp_node-6] [INFO] [1788998699.346985783] [gpu_amcl_cpp]: Received LiDAR callback #2131 (1081 ranges).
[gpu_amcl_cpp_node-6] [INFO] [1788998699.347076003] [gpu_amcl_cpp]: Starting AMCL scan update #2131 (sampled from 1081 ranges).
[gpu_amcl_cpp_node-6] [INFO] [1788998699.347631598] [gpu_amcl_cpp]: AMCL scan update #2131 completed; evaluating pose confidence.
[component_container-9] [INFO] [1788998699.395725030] [pure_pursuit_node]: Pure Pursuit: pose=(-2.805, -4.755, 1.241) cte=-0.001 closest=1021 target=1072 path_dist=0.001 heading_err=0.038 steer=0.055 speed=5.366
[gpu_amcl_cpp_node-6] [INFO] [1788998699.399852770] [gpu_amcl_cpp]: AMCL local correction: odom_prediction=(-2.886, -4.984, 1.292) scan=(-2.887, -4.971, 1.291) correction=0.013 m/0.001 rad cluster_weight=0.932 publish=true
[gpu_amcl_cpp_node-6] [INFO] [1788998699.598132974] [gpu_amcl_cpp]: AMCL odom delta: at_scan=(8.525, -4.087, 2.880) baseline=(8.781, -4.163, 2.822) delta=(-0.256, 0.076, 0.058) moved=true scan_age=0.049s
[ground_truth_amcl_monitor-7] [INFO] [1788998700.274860840] [ground_truth_amcl_monitor]: AMCL vs GT: gt=(-1.660, -0.422) amcl=(-1.742, -0.740) error=0.329 m / 0.026 rad; current_map=(-1.645, -0.400, 1.308) error=0.026 m / 0.000 rad; odom=(-2.359, -1.743, 1.308) error=1.494 m / 0.000 rad; ekf=(-2.359, -1.743, 1.308) error=1.494 m / 0.000 rad; RMS=0.153 m / 0.041 rad max=0.542 m / 0.180 rad samples=4261
[component_container-9] [INFO] [1788998700.423996906] [pure_pursuit_node]: Pure Pursuit: pose=(-1.484, 0.444, 1.435) cte=-0.014 closest=1289 target=1337 path_dist=0.014 heading_err=-0.050 steer=-0.046 speed=3.763
[gpu_amcl_cpp_node-6] [INFO] [1788998700.428674780] [gpu_amcl_cpp]: AMCL local correction: odom_prediction=(-1.514, 0.240, 1.413) scan=(-1.511, 0.228, 1.401) correction=0.012 m/0.012 rad cluster_weight=0.939 publish=true
[gpu_amcl_cpp_node-6] [INFO] [1788998700.647859073] [gpu_amcl_cpp]: AMCL odom delta: at_scan=(3.483, -2.878, 2.940) baseline=(3.666, -2.916, 2.932) delta=(-0.182, 0.038, 0.008) moved=true scan_age=0.051s
[ground_truth_amcl_monitor-7] [INFO] [1788998701.300424766] [ground_truth_amcl_monitor]: AMCL vs GT: gt=(-1.336, 2.820) amcl=(-1.296, 2.768) error=0.065 m / 0.033 rad; current_map=(-1.314, 2.851, 1.808) error=0.037 m / 0.000 rad; odom=(-2.032, 1.502, 1.808) error=1.491 m / 0.000 rad; ekf=(-2.032, 1.502, 1.808) error=1.491 m / 0.000 rad; RMS=0.152 m / 0.041 rad max=0.542 m / 0.180 rad samples=4301
[component_container-9] [INFO] [1788998701.448783291] [pure_pursuit_node]: Pure Pursuit: pose=(-1.424, 3.176, 1.984) cte=0.016 closest=1427 target=1470 path_dist=0.016 heading_err=-0.037 steer=0.225 speed=1.932
[gpu_amcl_cpp_node-6] [INFO] [1788998701.453640131] [gpu_amcl_cpp]: AMCL local correction: odom_prediction=(-1.387, 3.077, 1.922) scan=(-1.386, 3.074, 1.917) correction=0.003 m/0.004 rad cluster_weight=0.983 publish=true
[gpu_amcl_cpp_node-6] [INFO] [1788998701.672680474] [gpu_amcl_cpp]: AMCL odom delta: at_scan=(1.046, -3.097, -2.510) baseline=(1.157, -3.025, -2.619) delta=(-0.111, -0.072, 0.109) moved=true scan_age=0.050s
[ground_truth_amcl_monitor-7] [INFO] [1788998702.325232562] [ground_truth_amcl_monitor]: AMCL vs GT: gt=(-2.564, 3.758) amcl=(-2.502, 3.831) error=0.095 m / 0.112 rad; current_map=(-2.588, 3.803, -2.774) error=0.050 m / 0.000 rad; odom=(-3.336, 2.474, -2.774) error=1.498 m / 0.000 rad; ekf=(-3.336, 2.474, -2.774) error=1.498 m / 0.000 rad; RMS=0.152 m / 0.041 rad max=0.542 m / 0.180 rad samples=4341
[component_container-9] [INFO] [1788998702.471595565] [pure_pursuit_node]: Pure Pursuit: pose=(-2.865, 3.591, -2.339) cte=0.008 closest=1519 target=1562 path_dist=0.008 heading_err=0.070 steer=0.312 speed=2.123
[gpu_amcl_cpp_node-6] [INFO] [1788998702.476876072] [gpu_amcl_cpp]: AMCL local correction: odom_prediction=(-2.793, 3.650, -2.445) scan=(-2.780, 3.633, -2.444) correction=0.022 m/0.001 rad cluster_weight=0.983 publish=true
[gpu_amcl_cpp_node-6] [INFO] [1788998702.673494353] [gpu_amcl_cpp]: AMCL odom delta: at_scan=(1.128, -4.614, -0.491) baseline=(1.040, -4.562, -0.578) delta=(0.088, -0.052, 0.087) moved=true scan_age=0.051s
[ground_truth_amcl_monitor-7] [INFO] [1788998703.374291410] [ground_truth_amcl_monitor]: AMCL vs GT: gt=(-3.325, 1.343) amcl=(-3.289, 1.574) error=0.234 m / 0.026 rad; current_map=(-3.312, 1.343, -1.683) error=0.013 m / 0.000 rad; odom=(-4.103, 0.285, -1.657) error=1.312 m / 0.026 rad; ekf=(-4.103, 0.285, -1.657) error=1.312 m / 0.026 rad; RMS=0.151 m / 0.041 rad max=0.542 m / 0.180 rad samples=4381
[component_container-9] [INFO] [1788998703.480721392] [pure_pursuit_node]: Pure Pursuit: pose=(-3.394, 0.822, -1.780) cte=0.019 closest=1661 target=1708 path_dist=0.019 heading_err=-0.001 steer=-0.162 speed=2.292
[gpu_amcl_cpp_node-6] [INFO] [1788998703.485830887] [gpu_amcl_cpp]: AMCL local correction: odom_prediction=(-3.361, 0.999, -1.742) scan=(-3.359, 1.020, -1.725) correction=0.021 m/0.017 rad cluster_weight=0.973 publish=true
[gpu_amcl_cpp_node-6] [INFO] [1788998703.704317289] [gpu_amcl_cpp]: AMCL odom delta: at_scan=(3.984, -5.121, -0.401) baseline=(3.889, -5.084, -0.344) delta=(0.095, -0.037, -0.057) moved=true scan_age=0.052s
[gpu_amcl_cpp_node-6] [INFO] [1788998704.357770933] [gpu_amcl_cpp]: Received LiDAR callback #2227 (1081 ranges).
[gpu_amcl_cpp_node-6] [INFO] [1788998704.357875520] [gpu_amcl_cpp]: Starting AMCL scan update #2227 (sampled from 1081 ranges).
[gpu_amcl_cpp_node-6] [INFO] [1788998704.358706502] [gpu_amcl_cpp]: AMCL scan update #2227 completed; evaluating pose confidence.
[ground_truth_amcl_monitor-7] [INFO] [1788998704.425163918] [ground_truth_amcl_monitor]: AMCL vs GT: gt=(-4.331, -0.387) amcl=(-4.179, -0.352) error=0.156 m / 0.095 rad; current_map=(-4.302, -0.403, -2.796) error=0.032 m / 0.000 rad; odom=(-5.183, -1.730, -2.796) error=1.590 m / 0.000 rad; ekf=(-5.183, -1.730, -2.796) error=1.590 m / 0.000 rad; RMS=0.151 m / 0.041 rad max=0.542 m / 0.180 rad samples=4419
[component_container-9] [INFO] [1788998704.525032736] [pure_pursuit_node]: Pure Pursuit: pose=(-4.591, -0.461, -3.061) cte=0.011 closest=1755 target=1799 path_dist=0.011 heading_err=0.099 steer=-0.341 speed=1.970
[gpu_amcl_cpp_node-6] [INFO] [1788998704.529942586] [gpu_amcl_cpp]: AMCL local correction: odom_prediction=(-4.496, -0.448, -2.967) scan=(-4.487, -0.439, -2.950) correction=0.013 m/0.017 rad cluster_weight=0.979 publish=true
[gpu_amcl_cpp_node-6] [INFO] [1788998704.748720726] [gpu_amcl_cpp]: AMCL odom delta: at_scan=(4.921, -6.601, -1.829) baseline=(4.947, -6.469, -1.695) delta=(-0.025, -0.131, -0.133) moved=true scan_age=0.051s
[ground_truth_amcl_monitor-7] [INFO] [1788998705.448542651] [ground_truth_amcl_monitor]: AMCL vs GT: gt=(-5.908, 0.843) amcl=(-5.855, 0.707) error=0.146 m / 0.043 rad; current_map=(-5.899, 0.864, 1.820) error=0.023 m / 0.000 rad; odom=(-6.794, -0.487, 1.820) error=1.598 m / 0.000 rad; ekf=(-6.794, -0.487, 1.820) error=1.598 m / 0.000 rad; RMS=0.151 m / 0.042 rad max=0.542 m / 0.180 rad samples=4457
[component_container-9] [INFO] [1788998705.546863679] [pure_pursuit_node]: Pure Pursuit: pose=(-6.009, 1.368, 1.756) cte=-0.035 closest=1882 target=1930 path_dist=0.035 heading_err=0.028 steer=-0.052 speed=4.223
[gpu_amcl_cpp_node-6] [INFO] [1788998705.551244525] [gpu_amcl_cpp]: AMCL local correction: odom_prediction=(-5.975, 1.190, 1.766) scan=(-5.969, 1.169, 1.761) correction=0.022 m/0.004 rad cluster_weight=0.965 publish=true
[gpu_amcl_cpp_node-6] [INFO] [1788998705.753809065] [gpu_amcl_cpp]: AMCL odom delta: at_scan=(2.504, -7.801, -3.029) baseline=(2.720, -7.773, -2.995) delta=(-0.216, -0.028, -0.035) moved=true scan_age=0.051s
[ground_truth_amcl_monitor-7] [INFO] [1788998706.454144917] [ground_truth_amcl_monitor]: AMCL vs GT: gt=(-5.965, 5.056) amcl=(-6.002, 4.816) error=0.243 m / 0.025 rad; current_map=(-5.950, 5.037, 1.355) error=0.024 m / 0.000 rad; odom=(-6.840, 3.757, 1.355) error=1.566 m / 0.000 rad; ekf=(-6.840, 3.757, 1.355) error=1.566 m / 0.000 rad; RMS=0.151 m / 0.042 rad max=0.542 m / 0.180 rad samples=4493
[component_container-9] [INFO] [1788998706.571776628] [pure_pursuit_node]: Pure Pursuit: pose=(-5.760, 5.738, 1.202) cte=-0.044 closest=2103 target=2152 path_dist=0.044 heading_err=-0.022 steer=-0.106 speed=2.856
[gpu_amcl_cpp_node-6] [INFO] [1788998706.576854334] [gpu_amcl_cpp]: AMCL local correction: odom_prediction=(-5.839, 5.530, 1.308) scan=(-5.831, 5.512, 1.324) correction=0.020 m/0.016 rad cluster_weight=0.990 publish=true
[gpu_amcl_cpp_node-6] [INFO] [1788998706.760883118] [gpu_amcl_cpp]: AMCL odom delta: at_scan=(-1.675, -7.292, 2.635) baseline=(-1.480, -7.391, 2.709) delta=(-0.195, 0.099, -0.074) moved=true scan_age=0.063s
[ground_truth_amcl_monitor-7] [INFO] [1788998707.477891193] [ground_truth_amcl_monitor]: AMCL vs GT: gt=(-4.110, 7.493) amcl=(-4.286, 7.397) error=0.200 m / 0.075 rad; current_map=(-4.128, 7.464, 0.362) error=0.034 m / 0.000 rad; odom=(-4.963, 6.211, 0.362) error=1.540 m / 0.000 rad; ekf=(-4.963, 6.211, 0.362) error=1.540 m / 0.000 rad; RMS=0.151 m / 0.042 rad max=0.542 m / 0.180 rad samples=4527
[component_container-9] [INFO] [1788998707.595955237] [pure_pursuit_node]: Pure Pursuit: pose=(-3.550, 7.596, 0.076) cte=-0.016 closest=2254 target=2301 path_dist=0.016 heading_err=0.032 steer=-0.107 speed=3.471
[gpu_amcl_cpp_node-6] [INFO] [1788998707.600423808] [gpu_amcl_cpp]: AMCL local correction: odom_prediction=(-3.723, 7.579, 0.157) scan=(-3.710, 7.588, 0.170) correction=0.016 m/0.013 rad cluster_weight=0.975 publish=true
[gpu_amcl_cpp_node-6] [INFO] [1788998707.807106480] [gpu_amcl_cpp]: AMCL odom delta: at_scan=(-3.179, -4.651, 1.473) baseline=(-3.191, -4.832, 1.540) delta=(0.012, 0.182, -0.068) moved=true scan_age=0.053s
[ground_truth_amcl_monitor-7] [INFO] [1788998708.505345582] [ground_truth_amcl_monitor]: AMCL vs GT: gt=(-0.822, 6.199) amcl=(-0.978, 6.411) error=0.263 m / 0.016 rad; current_map=(-0.832, 6.224, -0.918) error=0.027 m / 0.000 rad; odom=(-1.649, 4.902, -0.918) error=1.538 m / 0.000 rad; ekf=(-1.795, 5.090, -0.902) error=1.475 m / 0.016 rad; RMS=0.151 m / 0.042 rad max=0.542 m / 0.180 rad samples=4565
[component_container-9] [INFO] [1788998708.621607068] [pure_pursuit_node]: Pure Pursuit: pose=(-0.360, 5.572, -0.993) cte=-0.038 closest=2453 target=2503 path_dist=0.038 heading_err=-0.051 steer=-0.106 speed=4.720
[gpu_amcl_cpp_node-6] [INFO] [1788998708.626045822] [gpu_amcl_cpp]: AMCL local correction: odom_prediction=(-0.489, 5.765, -0.948) scan=(-0.488, 5.767, -0.951) correction=0.003 m/0.003 rad cluster_weight=0.984 publish=true
[gpu_amcl_cpp_node-6] [INFO] [1788998708.828633196] [gpu_amcl_cpp]: AMCL odom delta: at_scan=(-0.398, -1.628, 0.375) baseline=(-0.636, -1.728, 0.418) delta=(0.238, 0.099, -0.043) moved=true scan_age=0.051s
[gpu_amcl_cpp_node-6] [INFO] [1788998709.402960671] [gpu_amcl_cpp]: Received LiDAR callback #2318 (1081 ranges).
[gpu_amcl_cpp_node-6] [INFO] [1788998709.403097719] [gpu_amcl_cpp]: Starting AMCL scan update #2318 (sampled from 1081 ranges).
[gpu_amcl_cpp_node-6] [INFO] [1788998709.403935935] [gpu_amcl_cpp]: AMCL scan update #2318 completed; evaluating pose confidence.
[ground_truth_amcl_monitor-7] [INFO] [1788998709.523633420] [ground_truth_amcl_monitor]: AMCL vs GT: gt=(1.087, 1.572) amcl=(0.996, 1.947) error=0.386 m / 0.091 rad; current_map=(1.072, 1.578, -1.415) error=0.017 m / 0.000 rad; odom=(0.288, 0.173, -1.415) error=1.611 m / 0.000 rad; ekf=(0.288, 0.173, -1.415) error=1.611 m / 0.000 rad; RMS=0.151 m / 0.042 rad max=0.542 m / 0.180 rad samples=4603
[component_container-9] [INFO] [1788998709.621759562] [pure_pursuit_node]: Pure Pursuit: pose=(1.156, 0.771, -1.483) cte=0.043 closest=120 target=172 path_dist=0.043 heading_err=0.070 steer=0.061 speed=5.380
[gpu_amcl_cpp_node-6] [INFO] [1788998709.626606574] [gpu_amcl_cpp]: AMCL local correction: odom_prediction=(1.130, 1.033, -1.504) scan=(1.122, 1.038, -1.510) correction=0.010 m/0.007 rad cluster_weight=0.939 publish=true
[gpu_amcl_cpp_node-6] [INFO] [1788998709.874410072] [gpu_amcl_cpp]: AMCL odom delta: at_scan=(4.791, -0.278, 0.141) baseline=(4.508, -0.325, 0.188) delta=(0.284, 0.047, -0.048) moved=true scan_age=0.051s
[gpu_amcl_cpp_node-6] [WARN] [1788998710.077525689] [gpu_amcl_cpp]: No local AMCL cluster near odometry prediction; using causal odometry pose.
[ground_truth_amcl_monitor-7] [INFO] [1788998710.548335858] [ground_truth_amcl_monitor]: AMCL vs GT: gt=(1.224, -3.604) amcl=(1.283, -3.440) error=0.174 m / 0.012 rad; current_map=(1.227, -3.692, -1.786) error=0.088 m / 0.000 rad; odom=(0.419, -5.171, -1.786) error=1.762 m / 0.000 rad; ekf=(0.419, -5.171, -1.786) error=1.762 m / 0.000 rad; RMS=0.152 m / 0.042 rad max=0.542 m / 0.180 rad samples=4643
[component_container-9] [INFO] [1788998710.645901005] [pure_pursuit_node]: Pure Pursuit: pose=(1.091, -4.448, -1.719) cte=-0.020 closest=382 target=434 path_dist=0.020 heading_err=-0.016 steer=-0.046 speed=6.027
[gpu_amcl_cpp_node-6] [INFO] [1788998710.650099408] [gpu_amcl_cpp]: AMCL local correction: odom_prediction=(1.132, -4.175, -1.731) scan=(1.145, -4.103, -1.737) correction=0.073 m/0.006 rad cluster_weight=0.905 publish=true
[gpu_amcl_cpp_node-6] [INFO] [1788998710.901216615] [gpu_amcl_cpp]: AMCL odom delta: at_scan=(10.272, -0.769, -0.247) baseline=(9.977, -0.694, -0.253) delta=(0.294, -0.075, 0.006) moved=true scan_age=0.053s
[ground_truth_amcl_monitor-7] [INFO] [1788998711.553659786] [ground_truth_amcl_monitor]: AMCL vs GT: gt=(0.261, -8.176) amcl=(0.327, -7.963) error=0.223 m / 0.019 rad; current_map=(0.275, -8.150, -1.853) error=0.030 m / 0.000 rad; odom=(-0.558, -9.805, -1.853) error=1.823 m / 0.000 rad; ekf=(-0.558, -9.805, -1.853) error=1.823 m / 0.000 rad; RMS=0.152 m / 0.041 rad max=0.542 m / 0.180 rad samples=4681
[component_container-9] [INFO] [1788998711.671964673] [pure_pursuit_node]: Pure Pursuit: pose=(0.088, -8.744, -1.868) cte=-0.021 closest=603 target=650 path_dist=0.021 heading_err=-0.071 steer=-0.178 speed=2.549
[gpu_amcl_cpp_node-6] [INFO] [1788998711.676467879] [gpu_amcl_cpp]: AMCL local correction: odom_prediction=(0.144, -8.569, -1.905) scan=(0.143, -8.566, -1.906) correction=0.003 m/0.002 rad cluster_weight=0.986 publish=true
[gpu_amcl_cpp_node-6] [INFO] [1788998711.933392174] [gpu_amcl_cpp]: AMCL odom delta: at_scan=(14.028, -1.756, -0.478) baseline=(13.931, -1.709, -0.423) delta=(0.097, -0.047, -0.055) moved=true scan_age=0.054s
[ground_truth_amcl_monitor-7] [INFO] [1788998712.554259725] [ground_truth_amcl_monitor]: AMCL vs GT: gt=(-1.237, -10.160) amcl=(-1.097, -10.121) error=0.145 m / 0.095 rad; current_map=(-1.220, -10.140, -3.032) error=0.026 m / 0.000 rad; odom=(-2.084, -11.789, -3.032) error=1.835 m / 0.000 rad; ekf=(-2.084, -11.789, -3.032) error=1.835 m / 0.000 rad; RMS=0.152 m / 0.042 rad max=0.542 m / 0.180 rad samples=4717
[component_container-9] [INFO] [1788998712.721769365] [pure_pursuit_node]: Pure Pursuit: pose=(-1.732, -10.088, 2.835) cte=-0.031 closest=727 target=772 path_dist=0.031 heading_err=0.025 steer=-0.239 speed=2.553
[gpu_amcl_cpp_node-6] [INFO] [1788998712.726811904] [gpu_amcl_cpp]: AMCL local correction: odom_prediction=(-1.628, -10.113, 2.929) scan=(-1.634, -10.114, 2.942) correction=0.006 m/0.013 rad cluster_weight=0.993 publish=true
[gpu_amcl_cpp_node-6] [INFO] [1788998712.976070088] [gpu_amcl_cpp]: AMCL odom delta: at_scan=(14.661, -3.847, -2.237) baseline=(14.736, -3.742, -2.149) delta=(-0.075, -0.105, -0.087) moved=true scan_age=0.050s
[ground_truth_amcl_monitor-7] [INFO] [1788998713.597864562] [ground_truth_amcl_monitor]: AMCL vs GT: gt=(-3.063, -8.187) amcl=(-3.019, -8.347) error=0.166 m / 0.054 rad; current_map=(-3.063, -8.154, 1.770) error=0.033 m / 0.000 rad; odom=(-3.925, -9.815, 1.770) error=1.842 m / 0.000 rad; ekf=(-3.925, -9.815, 1.770) error=1.842 m / 0.000 rad; RMS=0.151 m / 0.042 rad max=0.542 m / 0.180 rad samples=4757
[component_container-9] [INFO] [1788998713.745573748] [pure_pursuit_node]: Pure Pursuit: pose=(-3.153, -7.349, 1.621) cte=-0.002 closest=889 target=938 path_dist=0.002 heading_err=0.002 steer=-0.049 speed=4.846
[gpu_amcl_cpp_node-6] [INFO] [1788998713.750194064] [gpu_amcl_cpp]: AMCL local correction: odom_prediction=(-3.140, -7.563, 1.653) scan=(-3.138, -7.561, 1.662) correction=0.003 m/0.010 rad cluster_weight=0.989 publish=true
[gpu_amcl_cpp_node-6] [INFO] [1788998713.997315350] [gpu_amcl_cpp]: AMCL odom delta: at_scan=(11.184, -4.812, 3.046) baseline=(11.433, -4.831, 3.089) delta=(-0.249, 0.019, -0.043) moved=true scan_age=0.049s
[gpu_amcl_cpp_node-6] [INFO] [1788998714.447049249] [gpu_amcl_cpp]: Received LiDAR callback #2414 (1081 ranges).
[gpu_amcl_cpp_node-6] [INFO] [1788998714.447126985] [gpu_amcl_cpp]: Starting AMCL scan update #2414 (sampled from 1081 ranges).
[gpu_amcl_cpp_node-6] [INFO] [1788998714.447716634] [gpu_amcl_cpp]: AMCL scan update #2414 completed; evaluating pose confidence.
[ground_truth_amcl_monitor-7] [INFO] [1788998714.599479050] [ground_truth_amcl_monitor]: AMCL vs GT: gt=(-2.429, -3.434) amcl=(-2.479, -3.674) error=0.245 m / 0.037 rad; current_map=(-2.407, -3.405, 1.327) error=0.037 m / 0.000 rad; odom=(-3.282, -5.017, 1.327) error=1.798 m / 0.000 rad; ekf=(-3.282, -5.017, 1.327) error=1.798 m / 0.000 rad; RMS=0.152 m / 0.042 rad max=0.542 m / 0.180 rad samples=4797
[component_container-9] [INFO] [1788998714.787897718] [pure_pursuit_node]: Pure Pursuit: pose=(-2.058, -2.182, 1.186) cte=0.026 closest=1155 target=1208 path_dist=0.026 heading_err=0.127 steer=0.142 speed=5.744
[gpu_amcl_cpp_node-6] [INFO] [1788998714.793162977] [gpu_amcl_cpp]: AMCL local correction: odom_prediction=(-2.195, -2.569, 1.271) scan=(-2.208, -2.519, 1.276) correction=0.051 m/0.005 rad cluster_weight=0.912 publish=true
[gpu_amcl_cpp_node-6] [INFO] [1788998715.022048291] [gpu_amcl_cpp]: AMCL odom delta: at_scan=(5.756, -3.364, 2.819) baseline=(6.164, -3.497, 2.834) delta=(-0.408, 0.133, -0.015) moved=true scan_age=0.049s
[ground_truth_amcl_monitor-7] [INFO] [1788998715.604254572] [ground_truth_amcl_monitor]: AMCL vs GT: gt=(-1.313, 1.415) amcl=(-1.321, 1.208) error=0.208 m / 0.019 rad; current_map=(-1.302, 1.383, 1.471) error=0.034 m / 0.000 rad; odom=(-2.193, -0.393, 1.471) error=2.011 m / 0.000 rad; ekf=(-2.213, -0.568, 1.453) error=2.178 m / 0.019 rad; RMS=0.152 m / 0.041 rad max=0.553 m / 0.180 rad samples=4833
[component_container-9] [INFO] [1788998715.819919492] [pure_pursuit_node]: Pure Pursuit: pose=(-1.270, 2.318, 1.613) cte=-0.005 closest=1384 target=1430 path_dist=0.005 heading_err=0.003 steer=0.126 speed=2.294
[gpu_amcl_cpp_node-6] [INFO] [1788998715.824199909] [gpu_amcl_cpp]: AMCL local correction: odom_prediction=(-1.265, 2.166, 1.569) scan=(-1.263, 2.178, 1.559) correction=0.012 m/0.010 rad cluster_weight=0.971 publish=true
[gpu_amcl_cpp_node-6] [INFO] [1788998716.072191943] [gpu_amcl_cpp]: AMCL odom delta: at_scan=(2.179, -3.012, -2.920) baseline=(2.275, -2.992, -2.964) delta=(-0.096, -0.019, 0.045) moved=true scan_age=0.050s
[ground_truth_amcl_monitor-7] [INFO] [1788998716.628199403] [ground_truth_amcl_monitor]: AMCL vs GT: gt=(-1.805, 3.641) amcl=(-1.726, 3.614) error=0.083 m / 0.089 rad; current_map=(-1.797, 3.672, 2.503) error=0.033 m / 0.000 rad; odom=(-2.699, 1.828, 2.503) error=2.021 m / 0.000 rad; ekf=(-2.699, 1.828, 2.503) error=2.021 m / 0.000 rad; RMS=0.152 m / 0.041 rad max=0.553 m / 0.180 rad samples=4873
[component_container-9] [INFO] [1788998716.845938342] [pure_pursuit_node]: Pure Pursuit: pose=(-2.235, 3.853, 3.045) cte=-0.001 closest=1484 target=1527 path_dist=0.001 heading_err=0.064 steer=0.425 speed=1.904
[gpu_amcl_cpp_node-6] [INFO] [1788998716.850481323] [gpu_amcl_cpp]: AMCL local correction: odom_prediction=(-2.152, 3.843, 2.937) scan=(-2.141, 3.839, 2.923) correction=0.012 m/0.014 rad cluster_weight=0.978 publish=true
[gpu_amcl_cpp_node-6] [INFO] [1788998717.102014735] [gpu_amcl_cpp]: AMCL odom delta: at_scan=(1.204, -4.318, -1.201) baseline=(1.176, -4.230, -1.314) delta=(0.028, -0.088, 0.113) moved=true scan_age=0.051s
[ground_truth_amcl_monitor-7] [INFO] [1788998717.673219195] [ground_truth_amcl_monitor]: AMCL vs GT: gt=(-3.174, 2.847) amcl=(-3.136, 2.932) error=0.093 m / 0.048 rad; current_map=(-3.163, 2.809, -1.761) error=0.039 m / 0.000 rad; odom=(-4.164, 1.012, -1.761) error=2.086 m / 0.000 rad; ekf=(-4.164, 1.012, -1.761) error=2.086 m / 0.000 rad; RMS=0.151 m / 0.042 rad max=0.553 m / 0.180 rad samples=4913
[component_container-9] [INFO] [1788998717.874941825] [pure_pursuit_node]: Pure Pursuit: pose=(-3.251, 2.083, -1.647) cte=0.043 closest=1597 target=1643 path_dist=0.043 heading_err=-0.047 steer=0.001 speed=3.409
[gpu_amcl_cpp_node-6] [INFO] [1788998717.880053564] [gpu_amcl_cpp]: AMCL local correction: odom_prediction=(-3.237, 2.242, -1.661) scan=(-3.239, 2.255, -1.653) correction=0.013 m/0.008 rad cluster_weight=0.955 publish=true
[gpu_amcl_cpp_node-6] [INFO] [1788998718.132519650] [gpu_amcl_cpp]: AMCL odom delta: at_scan=(3.575, -5.109, -0.097) baseline=(3.406, -5.094, -0.080) delta=(0.170, -0.015, -0.017) moved=true scan_age=0.055s
[ground_truth_amcl_monitor-7] [INFO] [1788998718.678013996] [ground_truth_amcl_monitor]: AMCL vs GT: gt=(-3.698, 0.117) amcl=(-3.632, 0.220) error=0.123 m / 0.043 rad; current_map=(-3.681, 0.138, -2.127) error=0.027 m / 0.000 rad; odom=(-4.683, -1.673, -2.127) error=2.043 m / 0.000 rad; ekf=(-4.683, -1.673, -2.127) error=2.043 m / 0.000 rad; RMS=0.151 m / 0.042 rad max=0.553 m / 0.180 rad samples=4951
[component_container-9] [INFO] [1788998718.896594609] [pure_pursuit_node]: Pure Pursuit: pose=(-4.024, -0.247, -2.510) cte=0.007 closest=1725 target=1768 path_dist=0.007 heading_err=-0.053 steer=-0.261 speed=1.970
[gpu_amcl_cpp_node-6] [INFO] [1788998718.901036129] [gpu_amcl_cpp]: AMCL local correction: odom_prediction=(-3.948, -0.195, -2.437) scan=(-3.944, -0.212, -2.425) correction=0.018 m/0.012 rad cluster_weight=0.975 publish=true
[gpu_amcl_cpp_node-6] [INFO] [1788998719.152095500] [gpu_amcl_cpp]: AMCL odom delta: at_scan=(5.401, -6.189, -1.262) baseline=(5.366, -6.095, -1.170) delta=(0.035, -0.094, -0.092) moved=true scan_age=0.051s
[gpu_amcl_cpp_node-6] [INFO] [1788998719.471056143] [gpu_amcl_cpp]: Received LiDAR callback #2509 (1081 ranges).
[gpu_amcl_cpp_node-6] [INFO] [1788998719.471144179] [gpu_amcl_cpp]: Starting AMCL scan update #2509 (sampled from 1081 ranges).
[gpu_amcl_cpp_node-6] [INFO] [1788998719.471761659] [gpu_amcl_cpp]: AMCL scan update #2509 completed; evaluating pose confidence.
[ground_truth_amcl_monitor-7] [INFO] [1788998719.724188071] [ground_truth_amcl_monitor]: AMCL vs GT: gt=(-5.389, -0.167) amcl=(-5.293, -0.251) error=0.128 m / 0.087 rad; current_map=(-5.373, -0.179, 2.361) error=0.021 m / 0.000 rad; odom=(-6.428, -1.966, 2.361) error=2.078 m / 0.000 rad; ekf=(-6.428, -1.966, 2.361) error=2.078 m / 0.000 rad; RMS=0.151 m / 0.042 rad max=0.553 m / 0.180 rad samples=4991
[component_container-9] [INFO] [1788998719.924883280] [pure_pursuit_node]: Pure Pursuit: pose=(-5.706, 0.330, 1.990) cte=-0.045 closest=1829 target=1873 path_dist=0.045 heading_err=-0.012 steer=-0.103 speed=3.178
[gpu_amcl_cpp_node-6] [INFO] [1788998719.929530717] [gpu_amcl_cpp]: AMCL local correction: odom_prediction=(-5.652, 0.219, 2.057) scan=(-5.653, 0.203, 2.065) correction=0.016 m/0.008 rad cluster_weight=0.960 publish=true
[gpu_amcl_cpp_node-6] [INFO] [1788998720.198740540] [gpu_amcl_cpp]: AMCL odom delta: at_scan=(3.966, -7.781, -2.907) baseline=(4.190, -7.722, -2.859) delta=(-0.224, -0.059, -0.048) moved=true scan_age=0.051s
[ground_truth_amcl_monitor-7] [INFO] [1788998720.725922121] [ground_truth_amcl_monitor]: AMCL vs GT: gt=(-6.182, 3.146) amcl=(-6.169, 3.116) error=0.032 m / 0.000 rad; current_map=(-6.165, 3.118, 1.563) error=0.033 m / 0.000 rad; odom=(-7.217, 1.360, 1.563) error=2.064 m / 0.000 rad; ekf=(-7.217, 1.360, 1.563) error=2.064 m / 0.000 rad; RMS=0.151 m / 0.042 rad max=0.553 m / 0.180 rad samples=5030
[component_container-9] [INFO] [1788998720.970533451] [pure_pursuit_node]: Pure Pursuit: pose=(-6.061, 4.548, 1.380) cte=-0.009 closest=2042 target=2092 path_dist=0.009 heading_err=0.017 steer=-0.042 speed=4.316
[gpu_amcl_cpp_node-6] [INFO] [1788998720.974881064] [gpu_amcl_cpp]: AMCL local correction: odom_prediction=(-6.100, 4.333, 1.426) scan=(-6.106, 4.325, 1.428) correction=0.010 m/0.002 rad cluster_weight=0.979 publish=true
[gpu_amcl_cpp_node-6] [INFO] [1788998721.225357450] [gpu_amcl_cpp]: AMCL odom delta: at_scan=(-0.460, -7.690, 2.849) baseline=(-0.257, -7.749, 2.865) delta=(-0.203, 0.059, -0.016) moved=true scan_age=0.050s
[ground_truth_amcl_monitor-7] [INFO] [1788998721.727847953] [ground_truth_amcl_monitor]: AMCL vs GT: gt=(-5.153, 6.765) amcl=(-5.224, 6.637) error=0.146 m / 0.062 rad; current_map=(-5.137, 6.748, 0.871) error=0.024 m / 0.000 rad; odom=(-6.183, 4.965, 0.871) error=2.074 m / 0.000 rad; ekf=(-6.271, 4.855, 0.934) error=2.213 m / 0.062 rad; RMS=0.151 m / 0.042 rad max=0.553 m / 0.180 rad samples=5069
[gpu_amcl_cpp_node-6] [WARN] [1788998721.829722904] [gpu_amcl_cpp]: Queued LiDAR scan until source-time odometry arrives (queued=1).
[component_container-9] [INFO] [1788998722.000321022] [pure_pursuit_node]: Pure Pursuit: pose=(-4.420, 7.324, 0.486) cte=-0.013 closest=2208 target=2255 path_dist=0.013 heading_err=0.002 steer=-0.148 speed=3.354
[gpu_amcl_cpp_node-6] [INFO] [1788998722.005009406] [gpu_amcl_cpp]: AMCL local correction: odom_prediction=(-4.553, 7.253, 0.543) scan=(-4.557, 7.251, 0.561) correction=0.004 m/0.018 rad cluster_weight=0.993 publish=true
[gpu_amcl_cpp_node-6] [INFO] [1788998722.225994950] [gpu_amcl_cpp]: AMCL odom delta: at_scan=(-2.605, -5.696, 1.809) baseline=(-2.559, -5.859, 1.882) delta=(-0.046, 0.163, -0.073) moved=true scan_age=0.053s
[ground_truth_amcl_monitor-7] [INFO] [1788998722.751687002] [ground_truth_amcl_monitor]: AMCL vs GT: gt=(-2.119, 7.343) amcl=(-2.278, 7.428) error=0.180 m / 0.056 rad; current_map=(-2.107, 7.346, -0.477) error=0.012 m / 0.000 rad; odom=(-3.130, 5.538, -0.477) error=2.069 m / 0.000 rad; ekf=(-3.301, 5.620, -0.422) error=2.089 m / 0.056 rad; RMS=0.151 m / 0.042 rad max=0.553 m / 0.180 rad samples=5107
[component_container-9] [INFO] [1788998723.024815173] [pure_pursuit_node]: Pure Pursuit: pose=(-1.081, 6.534, -0.854) cte=-0.016 closest=2393 target=2442 path_dist=0.016 heading_err=0.021 steer=-0.060 speed=4.880
[gpu_amcl_cpp_node-6] [INFO] [1788998723.030102863] [gpu_amcl_cpp]: AMCL local correction: odom_prediction=(-1.235, 6.700, -0.811) scan=(-1.262, 6.724, -0.804) correction=0.037 m/0.007 rad cluster_weight=0.975 publish=true
[gpu_amcl_cpp_node-6] [INFO] [1788998723.227045378] [gpu_amcl_cpp]: AMCL odom delta: at_scan=(-0.994, -2.462, 0.602) baseline=(-1.189, -2.603, 0.643) delta=(0.196, 0.141, -0.041) moved=true scan_age=0.049s
[ground_truth_amcl_monitor-7] [INFO] [1788998723.754906879] [ground_truth_amcl_monitor]: AMCL vs GT: gt=(0.557, 3.391) amcl=(0.468, 3.708) error=0.329 m / 0.024 rad; current_map=(0.556, 3.413, -1.293) error=0.022 m / 0.000 rad; odom=(-0.428, 1.526, -1.293) error=2.109 m / 0.000 rad; ekf=(-0.516, 1.821, -1.269) error=1.902 m / 0.024 rad; RMS=0.151 m / 0.042 rad max=0.553 m / 0.180 rad samples=5145
[gpu_amcl_cpp_node-6] [WARN] [1788998723.810490774] [gpu_amcl_cpp]: No local AMCL cluster near odometry prediction; using causal odometry pose.
[component_container-9] [INFO] [1788998724.047093810] [pure_pursuit_node]: Pure Pursuit: pose=(1.183, 1.349, -1.324) cte=-0.086 closest=92 target=145 path_dist=0.086 heading_err=-0.052 steer=-0.088 speed=4.661
[gpu_amcl_cpp_node-6] [INFO] [1788998724.051720007] [gpu_amcl_cpp]: AMCL local correction: odom_prediction=(1.103, 1.648, -1.272) scan=(1.102, 1.643, -1.281) correction=0.005 m/0.009 rad cluster_weight=0.914 publish=true
[gpu_amcl_cpp_node-6] [INFO] [1788998724.275199561] [gpu_amcl_cpp]: AMCL odom delta: at_scan=(4.539, -0.457, 0.045) baseline=(4.224, -0.482, 0.114) delta=(0.315, 0.025, -0.069) moved=true scan_age=0.052s
[gpu_amcl_cpp_node-6] [INFO] [1788998724.500037748] [gpu_amcl_cpp]: Received LiDAR callback #2605 (1081 ranges).
[gpu_amcl_cpp_node-6] [INFO] [1788998724.500144178] [gpu_amcl_cpp]: Starting AMCL scan update #2605 (sampled from 1081 ranges).
[gpu_amcl_cpp_node-6] [INFO] [1788998724.500997683] [gpu_amcl_cpp]: AMCL scan update #2605 completed; evaluating pose confidence.
[ground_truth_amcl_monitor-7] [INFO] [1788998724.774164697] [ground_truth_amcl_monitor]: AMCL vs GT: gt=(1.445, -2.020) amcl=(1.449, -1.839) error=0.181 m / 0.059 rad; current_map=(1.432, -2.096, -1.664) error=0.077 m / 0.000 rad; odom=(0.476, -3.758, -1.605) error=1.989 m / 0.059 rad; ekf=(0.476, -3.758, -1.605) error=1.989 m / 0.059 rad; RMS=0.152 m / 0.042 rad max=0.553 m / 0.180 rad samples=5181
[component_container-9] [INFO] [1788998725.056122478] [pure_pursuit_node]: Pure Pursuit: pose=(1.199, -3.877, -1.751) cte=-0.039 closest=353 target=406 path_dist=0.039 heading_err=0.037 steer=-0.006 speed=5.941
[gpu_amcl_cpp_node-6] [INFO] [1788998725.062697128] [gpu_amcl_cpp]: AMCL local correction: odom_prediction=(1.259, -3.518, -1.704) scan=(1.261, -3.483, -1.700) correction=0.036 m/0.004 rad cluster_weight=0.951 publish=true
[gpu_amcl_cpp_node-6] [INFO] [1788998725.326492785] [gpu_amcl_cpp]: AMCL odom delta: at_scan=(10.226, -0.863, -0.202) baseline=(9.946, -0.801, -0.235) delta=(0.280, -0.062, 0.032) moved=true scan_age=0.051s
[ground_truth_amcl_monitor-7] [INFO] [1788998725.777907670] [ground_truth_amcl_monitor]: AMCL vs GT: gt=(0.486, -7.119) amcl=(0.506, -7.043) error=0.079 m / 0.000 rad; current_map=(0.508, -7.052, -1.800) error=0.070 m / 0.000 rad; odom=(-0.496, -9.116, -1.800) error=2.226 m / 0.000 rad; ekf=(-0.496, -9.116, -1.800) error=2.226 m / 0.000 rad; RMS=0.152 m / 0.042 rad max=0.553 m / 0.180 rad samples=5218
[component_container-9] [INFO] [1788998726.078227171] [pure_pursuit_node]: Pure Pursuit: pose=(0.192, -8.438, -1.791) cte=-0.017 closest=587 target=635 path_dist=0.017 heading_err=-0.094 steer=-0.167 speed=2.836
[gpu_amcl_cpp_node-6] [INFO] [1788998726.083484534] [gpu_amcl_cpp]: AMCL local correction: odom_prediction=(0.234, -8.254, -1.841) scan=(0.238, -8.255, -1.846) correction=0.004 m/0.005 rad cluster_weight=0.983 publish=true
[gpu_amcl_cpp_node-6] [INFO] [1788998726.349934261] [gpu_amcl_cpp]: AMCL odom delta: at_scan=(14.256, -1.842, -0.414) baseline=(14.140, -1.794, -0.376) delta=(0.115, -0.048, -0.038) moved=true scan_age=0.050s
[ground_truth_amcl_monitor-7] [INFO] [1788998726.781612121] [ground_truth_amcl_monitor]: AMCL vs GT: gt=(-0.608, -9.883) amcl=(-0.584, -9.853) error=0.039 m / 0.000 rad; current_map=(-0.589, -9.853, -2.469) error=0.036 m / 0.000 rad; odom=(-1.606, -11.879, -2.469) error=2.231 m / 0.000 rad; ekf=(-1.606, -11.879, -2.469) error=2.231 m / 0.000 rad; RMS=0.152 m / 0.042 rad max=0.553 m / 0.180 rad samples=5256
[component_container-9] [INFO] [1788998727.097927554] [pure_pursuit_node]: Pure Pursuit: pose=(-1.425, -10.134, 3.094) cte=-0.026 closest=712 target=757 path_dist=0.026 heading_err=0.018 steer=-0.257 speed=2.459
[gpu_amcl_cpp_node-6] [INFO] [1788998727.102731135] [gpu_amcl_cpp]: AMCL local correction: odom_prediction=(-1.306, -10.135, -3.086) scan=(-1.306, -10.133, -3.071) correction=0.002 m/0.016 rad cluster_weight=0.998 publish=true
[gpu_amcl_cpp_node-6] [INFO] [1788998727.374831244] [gpu_amcl_cpp]: AMCL odom delta: at_scan=(15.189, -3.781, -2.031) baseline=(15.238, -3.670, -1.937) delta=(-0.049, -0.111, -0.094) moved=true scan_age=0.052s
[ground_truth_amcl_monitor-7] [INFO] [1788998727.804335479] [ground_truth_amcl_monitor]: AMCL vs GT: gt=(-2.710, -9.203) amcl=(-2.648, -9.298) error=0.114 m / 0.050 rad; current_map=(-2.724, -9.160, 2.048) error=0.045 m / 0.000 rad; odom=(-3.754, -11.196, 2.048) error=2.250 m / 0.000 rad; ekf=(-3.678, -11.335, 2.098) error=2.341 m / 0.050 rad; RMS=0.152 m / 0.042 rad max=0.553 m / 0.180 rad samples=5293
[component_container-9] [INFO] [1788998728.127101469] [pure_pursuit_node]: Pure Pursuit: pose=(-3.103, -7.893, 1.711) cte=-0.008 closest=862 target=910 path_dist=0.008 heading_err=0.013 steer=-0.053 speed=4.401
[gpu_amcl_cpp_node-6] [INFO] [1788998728.133851589] [gpu_amcl_cpp]: AMCL local correction: odom_prediction=(-3.071, -8.094, 1.749) scan=(-3.061, -8.125, 1.762) correction=0.032 m/0.014 rad cluster_weight=0.974 publish=true
[gpu_amcl_cpp_node-6] [INFO] [1788998728.400698363] [gpu_amcl_cpp]: AMCL odom delta: at_scan=(12.089, -5.016, 3.135) baseline=(12.322, -5.013, -3.103) delta=(-0.233, -0.004, -0.044) moved=true scan_age=0.049s
[ground_truth_amcl_monitor-7] [INFO] [1788998728.848909075] [ground_truth_amcl_monitor]: AMCL vs GT: gt=(-2.849, -4.769) amcl=(-2.922, -5.109) error=0.348 m / 0.092 rad; current_map=(-2.824, -4.768, 1.247) error=0.025 m / 0.000 rad; odom=(-3.878, -6.724, 1.247) error=2.210 m / 0.000 rad; ekf=(-3.878, -6.724, 1.247) error=2.210 m / 0.000 rad; RMS=0.152 m / 0.042 rad max=0.553 m / 0.180 rad samples=5331
[component_container-9] [INFO] [1788998729.176405158] [pure_pursuit_node]: Pure Pursuit: pose=(-2.319, -2.955, 1.392) cte=-0.025 closest=1114 target=1165 path_dist=0.025 heading_err=-0.088 steer=-0.086 speed=5.027
[gpu_amcl_cpp_node-6] [INFO] [1788998729.181063616] [gpu_amcl_cpp]: AMCL local correction: odom_prediction=(-2.356, -3.191, 1.427) scan=(-2.367, -3.227, 1.414) correction=0.037 m/0.013 rad cluster_weight=0.956 publish=true
[gpu_amcl_cpp_node-6] [INFO] [1788998729.402078076] [gpu_amcl_cpp]: AMCL odom delta: at_scan=(7.237, -3.948, 2.816) baseline=(7.497, -4.032, 2.838) delta=(-0.260, 0.085, -0.022) moved=true scan_age=0.052s
[gpu_amcl_cpp_node-6] [INFO] [1788998729.505446175] [gpu_amcl_cpp]: Received LiDAR callback #2697 (1081 ranges).
[gpu_amcl_cpp_node-6] [INFO] [1788998729.505551113] [gpu_amcl_cpp]: Starting AMCL scan update #2697 (sampled from 1081 ranges).
[gpu_amcl_cpp_node-6] [INFO] [1788998729.506106647] [gpu_amcl_cpp]: AMCL scan update #2697 completed; evaluating pose confidence.
[ground_truth_amcl_monitor-7] [INFO] [1788998729.874515755] [ground_truth_amcl_monitor]: AMCL vs GT: gt=(-1.511, 0.127) amcl=(-1.558, -0.036) error=0.170 m / 0.064 rad; current_map=(-1.506, 0.153, 1.336) error=0.027 m / 0.000 rad; odom=(-2.530, -1.769, 1.336) error=2.153 m / 0.000 rad; ekf=(-2.530, -1.769, 1.336) error=2.153 m / 0.000 rad; RMS=0.152 m / 0.042 rad max=0.553 m / 0.180 rad samples=5369
[component_container-9] [INFO] [1788998730.226975199] [pure_pursuit_node]: Pure Pursuit: pose=(-1.290, 1.567, 1.517) cte=0.005 closest=1346 target=1393 path_dist=0.005 heading_err=-0.053 steer=0.010 speed=3.289
[gpu_amcl_cpp_node-6] [INFO] [1788998730.232819125] [gpu_amcl_cpp]: AMCL local correction: odom_prediction=(-1.304, 1.387, 1.454) scan=(-1.301, 1.389, 1.436) correction=0.003 m/0.018 rad cluster_weight=0.950 publish=true
[gpu_amcl_cpp_node-6] [INFO] [1788998730.447378671] [gpu_amcl_cpp]: AMCL odom delta: at_scan=(2.960, -3.106, 3.141) baseline=(3.120, -3.106, -3.140) delta=(-0.160, -0.000, -0.003) moved=true scan_age=0.050s
[ground_truth_amcl_monitor-7] [INFO] [1788998730.912065780] [ground_truth_amcl_monitor]: AMCL vs GT: gt=(-1.425, 3.008) amcl=(-1.382, 2.955) error=0.068 m / 0.035 rad; current_map=(-1.412, 3.048, 1.907) error=0.042 m / 0.000 rad; odom=(-2.448, 1.183, 1.907) error=2.092 m / 0.000 rad; ekf=(-2.448, 1.183, 1.907) error=2.092 m / 0.000 rad; RMS=0.152 m / 0.042 rad max=0.553 m / 0.180 rad samples=5409
[component_container-9] [INFO] [1788998731.227209632] [pure_pursuit_node]: Pure Pursuit: pose=(-1.783, 3.620, 2.432) cte=-0.061 closest=1456 target=1499 path_dist=0.061 heading_err=-0.055 steer=0.352 speed=1.737
[gpu_amcl_cpp_node-6] [INFO] [1788998731.233745018] [gpu_amcl_cpp]: AMCL local correction: odom_prediction=(-1.712, 3.554, 2.341) scan=(-1.708, 3.569, 2.318) correction=0.015 m/0.023 rad cluster_weight=0.981 publish=true
[gpu_amcl_cpp_node-6] [INFO] [1788998731.454710778] [gpu_amcl_cpp]: AMCL odom delta: at_scan=(1.225, -3.878, -1.956) baseline=(1.262, -3.798, -2.053) delta=(-0.037, -0.080, 0.097) moved=true scan_age=0.051s
[ground_truth_amcl_monitor-7] [INFO] [1788998731.953632567] [ground_truth_amcl_monitor]: AMCL vs GT: gt=(-2.807, 3.611) amcl=(-2.745, 3.681) error=0.093 m / 0.109 rad; current_map=(-2.819, 3.621, -2.410) error=0.016 m / 0.000 rad; odom=(-3.922, 1.782, -2.410) error=2.142 m / 0.000 rad; ekf=(-3.922, 1.782, -2.410) error=2.142 m / 0.000 rad; RMS=0.151 m / 0.042 rad max=0.553 m / 0.180 rad samples=5447
[component_container-9] [INFO] [1788998732.274783192] [pure_pursuit_node]: Pure Pursuit: pose=(-3.150, 2.930, -1.788) cte=0.046 closest=1555 target=1599 path_dist=0.046 heading_err=0.061 steer=0.095 speed=2.859
[gpu_amcl_cpp_node-6] [INFO] [1788998732.278899921] [gpu_amcl_cpp]: AMCL local correction: odom_prediction=(-3.118, 3.030, -1.849) scan=(-3.115, 3.037, -1.846) correction=0.007 m/0.003 rad cluster_weight=0.972 publish=true
[gpu_amcl_cpp_node-6] [INFO] [1788998732.475529460] [gpu_amcl_cpp]: AMCL odom delta: at_scan=(2.462, -5.149, -0.111) baseline=(2.328, -5.132, -0.141) delta=(0.134, -0.017, 0.030) moved=true scan_age=0.050s
[ground_truth_amcl_monitor-7] [INFO] [1788998732.953956690] [ground_truth_amcl_monitor]: AMCL vs GT: gt=(-3.373, 0.972) amcl=(-3.337, 1.131) error=0.164 m / 0.049 rad; current_map=(-3.360, 0.985, -1.753) error=0.018 m / 0.000 rad; odom=(-4.500, -0.847, -1.753) error=2.140 m / 0.000 rad; ekf=(-4.500, -0.847, -1.753) error=2.140 m / 0.000 rad; RMS=0.151 m / 0.042 rad max=0.553 m / 0.180 rad samples=5485
[component_container-9] [INFO] [1788998733.321850141] [pure_pursuit_node]: Pure Pursuit: pose=(-3.702, 0.117, -2.137) cte=0.030 closest=1700 target=1744 path_dist=0.030 heading_err=-0.041 steer=-0.262 speed=1.970
[gpu_amcl_cpp_node-6] [INFO] [1788998733.324867253] [gpu_amcl_cpp]: AMCL local correction: odom_prediction=(-3.645, 0.204, -2.084) scan=(-3.641, 0.195, -2.074) correction=0.010 m/0.010 rad cluster_weight=0.984 publish=true
[gpu_amcl_cpp_node-6] [INFO] [1788998733.524201256] [gpu_amcl_cpp]: AMCL odom delta: at_scan=(5.059, -5.788, -0.744) baseline=(4.978, -5.719, -0.686) delta=(0.080, -0.070, -0.058) moved=true scan_age=0.050s
[ground_truth_amcl_monitor-7] [INFO] [1788998733.999397503] [ground_truth_amcl_monitor]: AMCL vs GT: gt=(-4.605, -0.455) amcl=(-4.487, -0.462) error=0.118 m / 0.090 rad; current_map=(-4.583, -0.472, -3.086) error=0.027 m / 0.000 rad; odom=(-5.775, -2.294, -3.086) error=2.180 m / 0.000 rad; ekf=(-5.775, -2.294, -3.086) error=2.180 m / 0.000 rad; RMS=0.151 m / 0.042 rad max=0.553 m / 0.180 rad samples=5525
[component_container-9] [INFO] [1788998734.350282158] [pure_pursuit_node]: Pure Pursuit: pose=(-5.296, -0.229, 2.450) cte=-0.007 closest=1794 target=1838 path_dist=0.007 heading_err=-0.112 steer=-0.244 speed=2.382
[gpu_amcl_cpp_node-6] [INFO] [1788998734.355424325] [gpu_amcl_cpp]: AMCL local correction: odom_prediction=(-5.214, -0.286, 2.542) scan=(-5.213, -0.278, 2.558) correction=0.008 m/0.016 rad cluster_weight=0.953 publish=true
[gpu_amcl_cpp_node-6] [INFO] [1788998734.571791751] [gpu_amcl_cpp]: Received LiDAR callback #2793 (1081 ranges).
[gpu_amcl_cpp_node-6] [INFO] [1788998734.571867082] [gpu_amcl_cpp]: AMCL odom delta: at_scan=(4.917, -7.568, -2.544) baseline=(5.046, -7.469, -2.434) delta=(-0.130, -0.099, -0.110) moved=true scan_age=0.049s
[gpu_amcl_cpp_node-6] [INFO] [1788998734.571897019] [gpu_amcl_cpp]: Starting AMCL scan update #2793 (sampled from 1081 ranges).
[gpu_amcl_cpp_node-6] [INFO] [1788998734.572440711] [gpu_amcl_cpp]: AMCL scan update #2793 completed; evaluating pose confidence.
[ground_truth_amcl_monitor-7] [INFO] [1788998735.024410764] [ground_truth_amcl_monitor]: AMCL vs GT: gt=(-6.025, 1.417) amcl=(-5.977, 1.196) error=0.227 m / 0.024 rad; current_map=(-6.011, 1.387, 1.733) error=0.034 m / 0.000 rad; odom=(-7.215, -0.426, 1.733) error=2.194 m / 0.000 rad; ekf=(-7.215, -0.426, 1.733) error=2.194 m / 0.000 rad; RMS=0.151 m / 0.042 rad max=0.553 m / 0.180 rad samples=5565
[component_container-9] [INFO] [1788998735.372627473] [pure_pursuit_node]: Pure Pursuit: pose=(-6.160, 3.111, 1.542) cte=0.003 closest=1970 target=2020 path_dist=0.003 heading_err=0.039 steer=-0.001 speed=4.834
[gpu_amcl_cpp_node-6] [INFO] [1788998735.376198406] [gpu_amcl_cpp]: AMCL local correction: odom_prediction=(-6.163, 2.878, 1.575) scan=(-6.165, 2.880, 1.578) correction=0.003 m/0.003 rad cluster_weight=0.953 publish=true
[gpu_amcl_cpp_node-6] [INFO] [1788998735.573181751] [gpu_amcl_cpp]: AMCL odom delta: at_scan=(1.106, -8.150, 3.106) baseline=(1.348, -8.157, 3.122) delta=(-0.242, 0.007, -0.017) moved=true scan_age=0.050s
[ground_truth_amcl_monitor-7] [INFO] [1788998736.027829278] [ground_truth_amcl_monitor]: AMCL vs GT: gt=(-5.780, 5.681) amcl=(-5.829, 5.473) error=0.214 m / 0.064 rad; current_map=(-5.763, 5.666, 1.210) error=0.023 m / 0.000 rad; odom=(-6.946, 3.915, 1.210) error=2.116 m / 0.000 rad; ekf=(-6.946, 3.915, 1.210) error=2.116 m / 0.000 rad; RMS=0.151 m / 0.042 rad max=0.553 m / 0.180 rad samples=5605
[component_container-9] [INFO] [1788998736.395101101] [pure_pursuit_node]: Pure Pursuit: pose=(-5.140, 6.730, 0.869) cte=0.007 closest=2161 target=2207 path_dist=0.007 heading_err=0.008 steer=-0.128 speed=2.856
[gpu_amcl_cpp_node-6] [INFO] [1788998736.400180330] [gpu_amcl_cpp]: AMCL local correction: odom_prediction=(-5.226, 6.629, 0.938) scan=(-5.233, 6.634, 0.940) correction=0.009 m/0.002 rad cluster_weight=0.995 publish=true
[gpu_amcl_cpp_node-6] [INFO] [1788998736.603481401] [gpu_amcl_cpp]: AMCL odom delta: at_scan=(-2.143, -6.804, 2.262) baseline=(-2.039, -6.922, 2.323) delta=(-0.104, 0.118, -0.061) moved=true scan_age=0.051s
[ground_truth_amcl_monitor-7] [INFO] [1788998737.029840868] [ground_truth_amcl_monitor]: AMCL vs GT: gt=(-3.635, 7.611) amcl=(-3.809, 7.559) error=0.181 m / 0.073 rad; current_map=(-3.635, 7.593, 0.153) error=0.018 m / 0.000 rad; odom=(-4.784, 5.852, 0.153) error=2.101 m / 0.000 rad; ekf=(-4.784, 5.852, 0.153) error=2.101 m / 0.000 rad; RMS=0.151 m / 0.042 rad max=0.553 m / 0.180 rad samples=5643
[component_container-9] [INFO] [1788998737.428044383] [pure_pursuit_node]: Pure Pursuit: pose=(-2.114, 7.349, -0.461) cte=-0.035 closest=2327 target=2375 path_dist=0.035 heading_err=0.005 steer=-0.119 speed=3.963
[gpu_amcl_cpp_node-6] [INFO] [1788998737.433797739] [gpu_amcl_cpp]: AMCL local correction: odom_prediction=(-2.271, 7.423, -0.393) scan=(-2.295, 7.436, -0.386) correction=0.028 m/0.006 rad cluster_weight=0.963 publish=true
[gpu_amcl_cpp_node-6] [INFO] [1788998737.651688028] [gpu_amcl_cpp]: AMCL odom delta: at_scan=(-2.066, -3.521, 0.884) baseline=(-2.194, -3.686, 0.941) delta=(0.128, 0.165, -0.057) moved=true scan_age=0.051s
[ground_truth_amcl_monitor-7] [INFO] [1788998738.075512299] [ground_truth_amcl_monitor]: AMCL vs GT: gt=(-0.358, 5.501) amcl=(-0.487, 5.741) error=0.271 m / 0.019 rad; current_map=(-0.355, 5.512, -1.058) error=0.011 m / 0.000 rad; odom=(-1.483, 3.704, -1.058) error=2.120 m / 0.000 rad; ekf=(-1.483, 3.704, -1.058) error=2.120 m / 0.000 rad; RMS=0.151 m / 0.042 rad max=0.553 m / 0.180 rad samples=5681
[component_container-9] [INFO] [1788998738.476133670] [pure_pursuit_node]: Pure Pursuit: pose=(0.629, 3.214, -1.212) cte=-0.019 closest=2581 target=48 path_dist=0.019 heading_err=-0.052 steer=-0.078 speed=5.988
[gpu_amcl_cpp_node-6] [INFO] [1788998738.480508394] [gpu_amcl_cpp]: AMCL local correction: odom_prediction=(0.528, 3.496, -1.240) scan=(0.520, 3.526, -1.254) correction=0.031 m/0.014 rad cluster_weight=0.937 publish=true
[gpu_amcl_cpp_node-6] [INFO] [1788998738.698368487] [gpu_amcl_cpp]: AMCL odom delta: at_scan=(2.785, -0.975, 0.282) baseline=(2.494, -1.062, 0.295) delta=(0.291, 0.086, -0.012) moved=true scan_age=0.050s
[gpu_amcl_cpp_node-6] [WARN] [1788998738.750881400] [gpu_amcl_cpp]: No local AMCL cluster near odometry prediction; using causal odometry pose.
[ground_truth_amcl_monitor-7] [INFO] [1788998739.101003743] [ground_truth_amcl_monitor]: AMCL vs GT: gt=(1.366, 0.120) amcl=(1.302, 0.501) error=0.386 m / 0.016 rad; current_map=(1.330, 0.257, -1.463) error=0.141 m / 0.000 rad; odom=(0.239, -1.666, -1.463) error=2.112 m / 0.000 rad; ekf=(0.239, -1.666, -1.463) error=2.112 m / 0.000 rad; RMS=0.151 m / 0.042 rad max=0.553 m / 0.180 rad samples=5721
[component_container-9] [INFO] [1788998739.523960564] [pure_pursuit_node]: Pure Pursuit: pose=(1.430, -2.253, -1.512) cte=-0.096 closest=272 target=323 path_dist=0.096 heading_err=-0.121 steer=-0.179 speed=4.774
[gpu_amcl_cpp_node-6] [INFO] [1788998739.528798550] [gpu_amcl_cpp]: AMCL local correction: odom_prediction=(1.418, -1.986, -1.575) scan=(1.414, -2.002, -1.577) correction=0.017 m/0.002 rad cluster_weight=0.928 publish=true
[gpu_amcl_cpp_node-6] [INFO] [1788998739.577650200] [gpu_amcl_cpp]: Received LiDAR callback #2889 (1081 ranges).
[gpu_amcl_cpp_node-6] [INFO] [1788998739.577736111] [gpu_amcl_cpp]: Starting AMCL scan update #2889 (sampled from 1081 ranges).
[gpu_amcl_cpp_node-6] [INFO] [1788998739.578817114] [gpu_amcl_cpp]: AMCL scan update #2889 completed; evaluating pose confidence.
[gpu_amcl_cpp_node-6] [INFO] [1788998739.700312433] [gpu_amcl_cpp]: AMCL odom delta: at_scan=(7.916, -0.540, -0.077) baseline=(7.576, -0.522, -0.024) delta=(0.341, -0.017, -0.053) moved=true scan_age=0.053s
[ground_truth_amcl_monitor-7] [INFO] [1788998740.127345407] [ground_truth_amcl_monitor]: AMCL vs GT: gt=(1.006, -4.909) amcl=(1.052, -4.664) error=0.249 m / 0.042 rad; current_map=(1.020, -4.926, -1.672) error=0.023 m / 0.000 rad; odom=(-0.120, -6.791, -1.672) error=2.193 m / 0.000 rad; ekf=(-0.120, -6.791, -1.672) error=2.193 m / 0.000 rad; RMS=0.152 m / 0.042 rad max=0.553 m / 0.180 rad samples=5757
[component_container-9] [INFO] [1788998740.546509438] [pure_pursuit_node]: Pure Pursuit: pose=(0.603, -6.942, -1.789) cte=-0.035 closest=509 target=558 path_dist=0.035 heading_err=-0.012 steer=-0.048 speed=3.944
[gpu_amcl_cpp_node-6] [INFO] [1788998740.550418297] [gpu_amcl_cpp]: AMCL local correction: odom_prediction=(0.641, -6.761, -1.781) scan=(0.636, -6.789, -1.778) correction=0.028 m/0.003 rad cluster_weight=0.984 publish=true
[gpu_amcl_cpp_node-6] [INFO] [1788998740.747657182] [gpu_amcl_cpp]: AMCL odom delta: at_scan=(12.559, -1.516, -0.312) baseline=(12.370, -1.454, -0.320) delta=(0.189, -0.062, 0.008) moved=true scan_age=0.049s
[ground_truth_amcl_monitor-7] [INFO] [1788998741.148051557] [ground_truth_amcl_monitor]: AMCL vs GT: gt=(-0.008, -8.939) amcl=(0.064, -8.782) error=0.173 m / 0.005 rad; current_map=(0.013, -8.898, -1.990) error=0.047 m / 0.000 rad; odom=(-1.120, -10.717, -1.990) error=2.096 m / 0.000 rad; ekf=(-1.120, -10.717, -1.990) error=2.096 m / 0.000 rad; RMS=0.153 m / 0.042 rad max=0.553 m / 0.180 rad samples=5797
[component_container-9] [INFO] [1788998741.549106384] [pure_pursuit_node]: Pure Pursuit: pose=(-0.569, -9.790, -2.415) cte=0.009 closest=665 target=710 path_dist=0.009 heading_err=0.027 steer=-0.264 speed=2.519
[gpu_amcl_cpp_node-6] [INFO] [1788998741.553778608] [gpu_amcl_cpp]: AMCL local correction: odom_prediction=(-0.480, -9.706, -2.345) scan=(-0.477, -9.700, -2.329) correction=0.007 m/0.015 rad cluster_weight=0.999 publish=true
[gpu_amcl_cpp_node-6] [INFO] [1788998741.772093626] [gpu_amcl_cpp]: AMCL odom delta: at_scan=(14.987, -2.877, -1.176) baseline=(14.934, -2.764, -1.087) delta=(0.053, -0.113, -0.089) moved=true scan_age=0.049s
[ground_truth_amcl_monitor-7] [INFO] [1788998742.198002879] [ground_truth_amcl_monitor]: AMCL vs GT: gt=(-1.941, -10.016) amcl=(-1.793, -10.042) error=0.150 m / 0.136 rad; current_map=(-1.954, -9.978, 2.693) error=0.040 m / 0.000 rad; odom=(-3.106, -11.807, 2.693) error=2.137 m / 0.000 rad; ekf=(-3.106, -11.807, 2.693) error=2.137 m / 0.000 rad; RMS=0.152 m / 0.042 rad max=0.553 m / 0.180 rad samples=5837
[component_container-9] [INFO] [1788998742.571802807] [pure_pursuit_node]: Pure Pursuit: pose=(-2.726, -9.150, 2.028) cte=-0.039 closest=796 target=842 path_dist=0.039 heading_err=0.022 steer=-0.080 speed=3.546
[gpu_amcl_cpp_node-6] [INFO] [1788998742.576087332] [gpu_amcl_cpp]: AMCL local correction: odom_prediction=(-2.662, -9.271, 2.094) scan=(-2.656, -9.277, 2.102) correction=0.009 m/0.008 rad cluster_weight=0.953 publish=true
[gpu_amcl_cpp_node-6] [INFO] [1788998742.778028789] [gpu_amcl_cpp]: AMCL odom delta: at_scan=(13.657, -4.881, -2.812) baseline=(13.831, -4.818, -2.773) delta=(-0.174, -0.063, -0.039) moved=true scan_age=0.050s
[ground_truth_amcl_monitor-7] [INFO] [1788998743.200615095] [ground_truth_amcl_monitor]: AMCL vs GT: gt=(-3.163, -7.012) amcl=(-3.148, -7.242) error=0.230 m / 0.020 rad; current_map=(-3.156, -7.014, 1.598) error=0.007 m / 0.000 rad; odom=(-4.333, -8.792, 1.598) error=2.130 m / 0.000 rad; ekf=(-4.333, -8.792, 1.598) error=2.130 m / 0.000 rad; RMS=0.152 m / 0.042 rad max=0.553 m / 0.180 rad samples=5875
[component_container-9] [INFO] [1788998743.624730627] [pure_pursuit_node]: Pure Pursuit: pose=(-2.820, -4.722, 1.308) cte=-0.025 closest=1022 target=1073 path_dist=0.025 heading_err=-0.029 steer=-0.024 speed=4.903
[gpu_amcl_cpp_node-6] [INFO] [1788998743.630042853] [gpu_amcl_cpp]: AMCL local correction: odom_prediction=(-2.880, -4.966, 1.365) scan=(-2.923, -5.009, 1.354) correction=0.061 m/0.011 rad cluster_weight=0.939 publish=true
[gpu_amcl_cpp_node-6] [INFO] [1788998743.778278835] [gpu_amcl_cpp]: AMCL odom delta: at_scan=(9.145, -4.654, 2.792) baseline=(9.374, -4.734, 2.822) delta=(-0.229, 0.080, -0.030) moved=true scan_age=0.050s
[ground_truth_amcl_monitor-7] [INFO] [1788998744.203419474] [ground_truth_amcl_monitor]: AMCL vs GT: gt=(-2.058, -2.091) amcl=(-2.047, -2.084) error=0.013 m / 0.000 rad; current_map=(-2.050, -2.088, 1.242) error=0.009 m / 0.000 rad; odom=(-3.205, -3.796, 1.242) error=2.054 m / 0.000 rad; ekf=(-3.205, -3.796, 1.242) error=2.054 m / 0.000 rad; RMS=0.152 m / 0.042 rad max=0.553 m / 0.180 rad samples=5914
[gpu_amcl_cpp_node-6] [INFO] [1788998744.598921222] [gpu_amcl_cpp]: Received LiDAR callback #2984 (1081 ranges).
[gpu_amcl_cpp_node-6] [INFO] [1788998744.599029175] [gpu_amcl_cpp]: Starting AMCL scan update #2984 (sampled from 1081 ranges).
[gpu_amcl_cpp_node-6] [INFO] [1788998744.599602954] [gpu_amcl_cpp]: AMCL scan update #2984 completed; evaluating pose confidence.
[component_container-9] [INFO] [1788998744.650722999] [pure_pursuit_node]: Pure Pursuit: pose=(-1.467, 0.387, 1.389) cte=0.013 closest=1286 target=1335 path_dist=0.013 heading_err=-0.007 steer=0.023 speed=3.791
[gpu_amcl_cpp_node-6] [INFO] [1788998744.654421402] [gpu_amcl_cpp]: AMCL local correction: odom_prediction=(-1.503, 0.186, 1.385) scan=(-1.510, 0.190, 1.375) correction=0.008 m/0.010 rad cluster_weight=0.936 publish=true
[gpu_amcl_cpp_node-6] [INFO] [1788998744.806912523] [gpu_amcl_cpp]: AMCL odom delta: at_scan=(4.141, -3.375, 2.988) baseline=(4.322, -3.403, 2.988) delta=(-0.181, 0.028, 0.001) moved=true scan_age=0.053s
[ground_truth_amcl_monitor-7] [INFO] [1788998745.223065135] [ground_truth_amcl_monitor]: AMCL vs GT: gt=(-1.252, 2.083) amcl=(-1.246, 1.981) error=0.102 m / 0.034 rad; current_map=(-1.240, 2.130, 1.545) error=0.049 m / 0.000 rad; odom=(-2.389, 0.452, 1.545) error=1.988 m / 0.000 rad; ekf=(-2.389, 0.452, 1.545) error=1.988 m / 0.000 rad; RMS=0.152 m / 0.042 rad max=0.553 m / 0.180 rad samples=5953
[component_container-9] [INFO] [1788998745.671365564] [pure_pursuit_node]: Pure Pursuit: pose=(-1.418, 3.155, 1.959) cte=0.015 closest=1426 target=1469 path_dist=0.015 heading_err=-0.021 steer=0.244 speed=1.936
[gpu_amcl_cpp_node-6] [INFO] [1788998745.676187119] [gpu_amcl_cpp]: AMCL local correction: odom_prediction=(-1.383, 3.063, 1.924) scan=(-1.381, 3.062, 1.921) correction=0.002 m/0.002 rad cluster_weight=0.985 publish=true
[gpu_amcl_cpp_node-6] [INFO] [1788998745.821797024] [gpu_amcl_cpp]: AMCL odom delta: at_scan=(1.511, -3.452, -2.633) baseline=(1.594, -3.409, -2.694) delta=(-0.082, -0.042, 0.061) moved=true scan_age=0.049s
[ground_truth_amcl_monitor-7] [INFO] [1788998746.227321946] [ground_truth_amcl_monitor]: AMCL vs GT: gt=(-2.023, 3.756) amcl=(-2.027, 3.793) error=0.038 m / 0.000 rad; current_map=(-2.029, 3.790, 2.766) error=0.035 m / 0.000 rad; odom=(-3.185, 2.134, 2.766) error=1.994 m / 0.000 rad; ekf=(-3.185, 2.134, 2.766) error=1.994 m / 0.000 rad; RMS=0.152 m / 0.042 rad max=0.553 m / 0.180 rad samples=5994
[component_container-9] [INFO] [1788998746.721767038] [pure_pursuit_node]: Pure Pursuit: pose=(-2.884, 3.553, -2.292) cte=-0.001 closest=1521 target=1564 path_dist=0.001 heading_err=0.067 steer=0.292 speed=2.191
[gpu_amcl_cpp_node-6] [INFO] [1788998746.726994164] [gpu_amcl_cpp]: AMCL local correction: odom_prediction=(-2.814, 3.627, -2.400) scan=(-2.802, 3.591, -2.395) correction=0.038 m/0.005 rad cluster_weight=0.980 publish=true
[gpu_amcl_cpp_node-6] [INFO] [1788998746.825630359] [gpu_amcl_cpp]: AMCL odom delta: at_scan=(1.341, -4.977, -0.623) baseline=(1.259, -4.912, -0.721) delta=(0.082, -0.065, 0.098) moved=true scan_age=0.050s
[ground_truth_amcl_monitor-7] [INFO] [1788998747.228205447] [ground_truth_amcl_monitor]: AMCL vs GT: gt=(-3.218, 2.562) amcl=(-3.187, 2.696) error=0.138 m / 0.031 rad; current_map=(-3.207, 2.556, -1.696) error=0.013 m / 0.000 rad; odom=(-4.465, 0.927, -1.696) error=2.056 m / 0.000 rad; ekf=(-4.465, 0.927, -1.696) error=2.056 m / 0.000 rad; RMS=0.151 m / 0.042 rad max=0.553 m / 0.180 rad samples=6033
[component_container-9] [INFO] [1788998747.748996158] [pure_pursuit_node]: Pure Pursuit: pose=(-3.418, 0.727, -1.837) cte=0.020 closest=1666 target=1712 path_dist=0.020 heading_err=0.017 steer=-0.147 speed=2.292
[gpu_amcl_cpp_node-6] [INFO] [1788998747.752992131] [gpu_amcl_cpp]: AMCL local correction: odom_prediction=(-3.383, 0.874, -1.794) scan=(-3.381, 0.879, -1.781) correction=0.006 m/0.013 rad cluster_weight=0.985 publish=true
[gpu_amcl_cpp_node-6] [INFO] [1788998747.852346897] [gpu_amcl_cpp]: AMCL odom delta: at_scan=(4.176, -5.515, -0.325) baseline=(4.060, -5.479, -0.273) delta=(0.115, -0.036, -0.052) moved=true scan_age=0.050s
[ground_truth_amcl_monitor-7] [INFO] [1788998748.274522563] [ground_truth_amcl_monitor]: AMCL vs GT: gt=(-3.886, -0.127) amcl=(-3.803, -0.039) error=0.122 m / 0.080 rad; current_map=(-3.869, -0.110, -2.361) error=0.024 m / 0.000 rad; odom=(-5.140, -1.749, -2.361) error=2.050 m / 0.000 rad; ekf=(-5.140, -1.749, -2.361) error=2.050 m / 0.000 rad; RMS=0.151 m / 0.042 rad max=0.553 m / 0.180 rad samples=6073
[component_container-9] [INFO] [1788998748.796859522] [pure_pursuit_node]: Pure Pursuit: pose=(-4.855, -0.466, 2.938) cte=0.006 closest=1769 target=1812 path_dist=0.006 heading_err=-0.005 steer=-0.341 speed=2.016
[gpu_amcl_cpp_node-6] [INFO] [1788998748.801885902] [gpu_amcl_cpp]: AMCL local correction: odom_prediction=(-4.757, -0.486, 3.032) scan=(-4.756, -0.481, 3.042) correction=0.005 m/0.010 rad cluster_weight=0.981 publish=true
[gpu_amcl_cpp_node-6] [INFO] [1788998748.900977653] [gpu_amcl_cpp]: AMCL odom delta: at_scan=(5.220, -7.050, -1.881) baseline=(5.245, -6.956, -1.782) delta=(-0.025, -0.094, -0.099) moved=true scan_age=0.052s
[ground_truth_amcl_monitor-7] [INFO] [1788998749.276626440] [ground_truth_amcl_monitor]: AMCL vs GT: gt=(-5.562, 0.040) amcl=(-5.475, -0.058) error=0.131 m / 0.072 rad; current_map=(-5.543, 0.034, 2.175) error=0.020 m / 0.000 rad; odom=(-6.795, -1.671, 2.247) error=2.109 m / 0.072 rad; ekf=(-6.795, -1.671, 2.247) error=2.109 m / 0.072 rad; RMS=0.151 m / 0.042 rad max=0.553 m / 0.180 rad samples=6111
[gpu_amcl_cpp_node-6] [INFO] [1788998749.646089298] [gpu_amcl_cpp]: Received LiDAR callback #3082 (1081 ranges).
[gpu_amcl_cpp_node-6] [INFO] [1788998749.646172765] [gpu_amcl_cpp]: Starting AMCL scan update #3082 (sampled from 1081 ranges).
[gpu_amcl_cpp_node-6] [INFO] [1788998749.647102863] [gpu_amcl_cpp]: AMCL scan update #3082 completed; evaluating pose confidence.
[component_container-9] [INFO] [1788998749.845623681] [pure_pursuit_node]: Pure Pursuit: pose=(-6.100, 2.016, 1.653) cte=-0.014 closest=1915 target=1964 path_dist=0.014 heading_err=0.050 steer=-0.002 speed=4.745
[gpu_amcl_cpp_node-6] [INFO] [1788998749.849963800] [gpu_amcl_cpp]: AMCL local correction: odom_prediction=(-6.080, 1.815, 1.688) scan=(-6.085, 1.828, 1.685) correction=0.015 m/0.003 rad cluster_weight=0.952 publish=true
[gpu_amcl_cpp_node-6] [INFO] [1788998749.948619953] [gpu_amcl_cpp]: AMCL odom delta: at_scan=(2.511, -8.232, -3.068) baseline=(2.728, -8.214, -3.047) delta=(-0.217, -0.018, -0.021) moved=true scan_age=0.051s
[ground_truth_amcl_monitor-7] [INFO] [1788998750.278159365] [ground_truth_amcl_monitor]: AMCL vs GT: gt=(-6.164, 3.834) amcl=(-6.153, 3.808) error=0.029 m / 0.000 rad; current_map=(-6.151, 3.803, 1.463) error=0.034 m / 0.000 rad; odom=(-7.455, 2.221, 1.463) error=2.066 m / 0.000 rad; ekf=(-7.455, 2.221, 1.463) error=2.066 m / 0.000 rad; RMS=0.151 m / 0.042 rad max=0.553 m / 0.180 rad samples=6150
[component_container-9] [INFO] [1788998750.894610840] [pure_pursuit_node]: Pure Pursuit: pose=(-5.450, 6.298, 1.024) cte=-0.013 closest=2135 target=2180 path_dist=0.013 heading_err=0.030 steer=-0.085 speed=2.856
[gpu_amcl_cpp_node-6] [INFO] [1788998750.898430801] [gpu_amcl_cpp]: AMCL local correction: odom_prediction=(-5.510, 6.193, 1.078) scan=(-5.502, 6.230, 1.083) correction=0.038 m/0.005 rad cluster_weight=0.995 publish=true
[gpu_amcl_cpp_node-6] [INFO] [1788998750.998598446] [gpu_amcl_cpp]: AMCL odom delta: at_scan=(-1.671, -7.480, 2.551) baseline=(-1.555, -7.554, 2.605) delta=(-0.116, 0.073, -0.054) moved=true scan_age=0.050s
[ground_truth_amcl_monitor-7] [INFO] [1788998751.305231915] [ground_truth_amcl_monitor]: AMCL vs GT: gt=(-4.841, 7.079) amcl=(-4.957, 6.955) error=0.170 m / 0.076 rad; current_map=(-4.847, 7.048, 0.667) error=0.031 m / 0.000 rad; odom=(-6.114, 5.469, 0.667) error=2.052 m / 0.000 rad; ekf=(-6.114, 5.469, 0.667) error=2.052 m / 0.000 rad; RMS=0.151 m / 0.042 rad max=0.553 m / 0.180 rad samples=6189
[component_container-9] [INFO] [1788998751.897521627] [pure_pursuit_node]: Pure Pursuit: pose=(-2.836, 7.583, -0.156) cte=-0.028 closest=2290 target=2337 path_dist=0.028 heading_err=-0.009 steer=-0.170 speed=3.471
[gpu_amcl_cpp_node-6] [INFO] [1788998751.903101357] [gpu_amcl_cpp]: AMCL local correction: odom_prediction=(-2.998, 7.607, -0.107) scan=(-3.002, 7.614, -0.106) correction=0.009 m/0.002 rad cluster_weight=0.957 publish=true
[gpu_amcl_cpp_node-6] [INFO] [1788998752.048532897] [gpu_amcl_cpp]: AMCL odom delta: at_scan=(-2.743, -4.571, 1.251) baseline=(-2.790, -4.734, 1.331) delta=(0.047, 0.163, -0.080) moved=true scan_age=0.051s
[ground_truth_amcl_monitor-7] [INFO] [1788998752.348483253] [ground_truth_amcl_monitor]: AMCL vs GT: gt=(-1.544, 6.976) amcl=(-1.702, 7.102) error=0.202 m / 0.059 rad; current_map=(-1.543, 6.985, -0.664) error=0.009 m / 0.000 rad; odom=(-2.800, 5.359, -0.664) error=2.048 m / 0.000 rad; ekf=(-2.800, 5.359, -0.664) error=2.048 m / 0.000 rad; RMS=0.151 m / 0.042 rad max=0.553 m / 0.180 rad samples=6229
[component_container-9] [INFO] [1788998752.901023706] [pure_pursuit_node]: Pure Pursuit: pose=(0.026, 4.795, -1.120) cte=-0.024 closest=2496 target=2547 path_dist=0.024 heading_err=-0.016 steer=-0.064 speed=5.582
[gpu_amcl_cpp_node-6] [INFO] [1788998752.905408249] [gpu_amcl_cpp]: AMCL local correction: odom_prediction=(-0.075, 5.000, -1.138) scan=(-0.083, 5.023, -1.141) correction=0.025 m/0.003 rad cluster_weight=0.959 publish=true
[gpu_amcl_cpp_node-6] [INFO] [1788998753.053998859] [gpu_amcl_cpp]: AMCL odom delta: at_scan=(0.551, -1.796, 0.409) baseline=(0.298, -1.906, 0.408) delta=(0.253, 0.110, 0.001) moved=true scan_age=0.051s
[gpu_amcl_cpp_node-6] [WARN] [1788998753.225944707] [gpu_amcl_cpp]: No local AMCL cluster near odometry prediction; using causal odometry pose.
[ground_truth_amcl_monitor-7] [INFO] [1788998753.373806276] [ground_truth_amcl_monitor]: AMCL vs GT: gt=(0.862, 2.684) amcl=(0.779, 2.936) error=0.266 m / 0.044 rad; current_map=(0.849, 2.712, -1.289) error=0.031 m / 0.000 rad; odom=(-0.383, 1.044, -1.289) error=2.059 m / 0.000 rad; ekf=(-0.383, 1.044, -1.289) error=2.059 m / 0.000 rad; RMS=0.151 m / 0.042 rad max=0.553 m / 0.180 rad samples=6269
[component_container-9] [INFO] [1788998753.950256280] [pure_pursuit_node]: Pure Pursuit: pose=(1.370, -0.231, -1.389) cte=-0.048 closest=171 target=221 path_dist=0.048 heading_err=-0.098 steer=-0.155 speed=4.343
[gpu_amcl_cpp_node-6] [INFO] [1788998753.954872429] [gpu_amcl_cpp]: AMCL local correction: odom_prediction=(1.325, 0.029, -1.418) scan=(1.317, -0.036, -1.412) correction=0.066 m/0.006 rad cluster_weight=0.902 publish=true
[gpu_amcl_cpp_node-6] [INFO] [1788998754.123549732] [gpu_amcl_cpp]: AMCL odom delta: at_scan=(5.694, -0.595, 0.068) baseline=(5.404, -0.622, 0.119) delta=(0.290, 0.027, -0.052) moved=true scan_age=0.051s
[ground_truth_amcl_monitor-7] [INFO] [1788998754.374162794] [ground_truth_amcl_monitor]: AMCL vs GT: gt=(1.455, -1.964) amcl=(1.468, -1.747) error=0.218 m / 0.014 rad; current_map=(1.457, -1.981, -1.625) error=0.017 m / 0.000 rad; odom=(0.204, -3.625, -1.625) error=2.080 m / 0.000 rad; ekf=(0.215, -3.390, -1.611) error=1.890 m / 0.014 rad; RMS=0.152 m / 0.042 rad max=0.553 m / 0.180 rad samples=6307
[gpu_amcl_cpp_node-6] [INFO] [1788998754.699362288] [gpu_amcl_cpp]: Received LiDAR callback #3179 (1081 ranges).
[gpu_amcl_cpp_node-6] [INFO] [1788998754.699459891] [gpu_amcl_cpp]: Starting AMCL scan update #3179 (sampled from 1081 ranges).
[gpu_amcl_cpp_node-6] [INFO] [1788998754.700052676] [gpu_amcl_cpp]: AMCL scan update #3179 completed; evaluating pose confidence.
[component_container-9] [INFO] [1788998754.951899828] [pure_pursuit_node]: Pure Pursuit: pose=(0.941, -5.044, -1.791) cte=0.025 closest=413 target=466 path_dist=0.025 heading_err=0.037 steer=0.054 speed=5.485
[gpu_amcl_cpp_node-6] [INFO] [1788998754.956880943] [gpu_amcl_cpp]: AMCL local correction: odom_prediction=(1.001, -4.763, -1.729) scan=(1.008, -4.688, -1.724) correction=0.075 m/0.005 rad cluster_weight=0.939 publish=true
[gpu_amcl_cpp_node-6] [INFO] [1788998755.175416559] [gpu_amcl_cpp]: AMCL odom delta: at_scan=(10.883, -1.254, -0.133) baseline=(10.619, -1.219, -0.132) delta=(0.264, -0.035, -0.000) moved=true scan_age=0.052s
[ground_truth_amcl_monitor-7] [INFO] [1788998755.378982333] [ground_truth_amcl_monitor]: AMCL vs GT: gt=(0.658, -6.915) amcl=(0.718, -6.654) error=0.268 m / 0.063 rad; current_map=(0.673, -6.843, -1.833) error=0.074 m / 0.000 rad; odom=(-0.556, -8.423, -1.770) error=1.936 m / 0.063 rad; ekf=(-0.556, -8.423, -1.770) error=1.936 m / 0.063 rad; RMS=0.152 m / 0.042 rad max=0.553 m / 0.180 rad samples=6345
[component_container-9] [INFO] [1788998756.001449200] [pure_pursuit_node]: Pure Pursuit: pose=(-0.071, -9.055, -2.043) cte=0.004 closest=620 target=666 path_dist=0.004 heading_err=0.032 steer=-0.072 speed=2.549
[gpu_amcl_cpp_node-6] [INFO] [1788998756.006668672] [gpu_amcl_cpp]: AMCL local correction: odom_prediction=(-0.006, -8.924, -1.975) scan=(-0.000, -8.919, -1.968) correction=0.007 m/0.007 rad cluster_weight=0.992 publish=true
[gpu_amcl_cpp_node-6] [INFO] [1788998756.224359421] [gpu_amcl_cpp]: AMCL odom delta: at_scan=(14.289, -2.325, -0.554) baseline=(14.180, -2.261, -0.506) delta=(0.109, -0.064, -0.048) moved=true scan_age=0.052s
[ground_truth_amcl_monitor-7] [INFO] [1788998756.381663403] [ground_truth_amcl_monitor]: AMCL vs GT: gt=(-0.476, -9.721) amcl=(-0.453, -9.695) error=0.035 m / 0.000 rad; current_map=(-0.458, -9.697, -2.296) error=0.030 m / 0.000 rad; odom=(-1.750, -11.439, -2.296) error=2.139 m / 0.000 rad; ekf=(-1.750, -11.439, -2.296) error=2.139 m / 0.000 rad; RMS=0.152 m / 0.042 rad max=0.553 m / 0.180 rad samples=6384
[component_container-9] [INFO] [1788998757.046437237] [pure_pursuit_node]: Pure Pursuit: pose=(-2.052, -9.939, 2.584) cte=-0.023 closest=744 target=789 path_dist=0.023 heading_err=-0.001 steer=-0.213 speed=2.617
[gpu_amcl_cpp_node-6] [INFO] [1788998757.051023469] [gpu_amcl_cpp]: AMCL local correction: odom_prediction=(-1.952, -9.993, 2.677) scan=(-1.955, -9.998, 2.687) correction=0.006 m/0.010 rad cluster_weight=0.987 publish=true
[gpu_amcl_cpp_node-6] [INFO] [1788998757.246844503] [gpu_amcl_cpp]: AMCL odom delta: at_scan=(14.611, -4.466, -2.371) baseline=(14.698, -4.375, -2.296) delta=(-0.087, -0.091, -0.075) moved=true scan_age=0.049s
[ground_truth_amcl_monitor-7] [INFO] [1788998757.397408193] [ground_truth_amcl_monitor]: AMCL vs GT: gt=(-2.589, -9.415) amcl=(-2.518, -9.504) error=0.114 m / 0.062 rad; current_map=(-2.595, -9.391, 2.135) error=0.025 m / 0.000 rad; odom=(-3.911, -11.138, 2.135) error=2.172 m / 0.000 rad; ekf=(-3.911, -11.138, 2.135) error=2.172 m / 0.000 rad; RMS=0.152 m / 0.042 rad max=0.553 m / 0.180 rad samples=6423
[component_container-9] [INFO] [1788998758.046910989] [pure_pursuit_node]: Pure Pursuit: pose=(-3.171, -6.834, 1.601) cte=-0.014 closest=915 target=965 path_dist=0.014 heading_err=-0.057 steer=-0.107 speed=4.859
[gpu_amcl_cpp_node-6] [INFO] [1788998758.051931468] [gpu_amcl_cpp]: AMCL local correction: odom_prediction=(-3.162, -7.068, 1.613) scan=(-3.160, -7.073, 1.616) correction=0.005 m/0.003 rad cluster_weight=0.993 publish=true
[gpu_amcl_cpp_node-6] [INFO] [1788998758.253597781] [gpu_amcl_cpp]: AMCL odom delta: at_scan=(10.947, -5.235, 2.969) baseline=(11.201, -5.272, 3.029) delta=(-0.254, 0.037, -0.060) moved=true scan_age=0.052s
[ground_truth_amcl_monitor-7] [INFO] [1788998758.430608461] [ground_truth_amcl_monitor]: AMCL vs GT: gt=(-2.954, -5.242) amcl=(-2.990, -5.503) error=0.264 m / 0.018 rad; current_map=(-2.942, -5.247, 1.393) error=0.013 m / 0.000 rad; odom=(-4.268, -6.937, 1.393) error=2.145 m / 0.000 rad; ekf=(-4.268, -6.937, 1.393) error=2.145 m / 0.000 rad; RMS=0.152 m / 0.042 rad max=0.553 m / 0.180 rad samples=6461
[component_container-9] [INFO] [1788998759.072216406] [pure_pursuit_node]: Pure Pursuit: pose=(-1.952, -1.928, 1.177) cte=0.063 closest=1168 target=1220 path_dist=0.063 heading_err=0.139 steer=0.172 speed=4.863
[gpu_amcl_cpp_node-6] [INFO] [1788998759.077051886] [gpu_amcl_cpp]: AMCL local correction: odom_prediction=(-2.058, -2.183, 1.198) scan=(-2.050, -2.172, 1.192) correction=0.014 m/0.006 rad cluster_weight=0.934 publish=true
[gpu_amcl_cpp_node-6] [INFO] [1788998759.299070402] [gpu_amcl_cpp]: AMCL odom delta: at_scan=(5.873, -3.810, 2.942) baseline=(6.110, -3.864, 2.886) delta=(-0.237, 0.055, 0.056) moved=true scan_age=0.051s
[ground_truth_amcl_monitor-7] [INFO] [1788998759.452386036] [ground_truth_amcl_monitor]: AMCL vs GT: gt=(-1.599, -0.436) amcl=(-1.615, -0.615) error=0.180 m / 0.004 rad; current_map=(-1.589, -0.427, 1.431) error=0.013 m / 0.000 rad; odom=(-2.913, -2.101, 1.431) error=2.121 m / 0.000 rad; ekf=(-2.913, -2.101, 1.431) error=2.121 m / 0.000 rad; RMS=0.152 m / 0.042 rad max=0.553 m / 0.180 rad samples=6499
[gpu_amcl_cpp_node-6] [INFO] [1788998759.722503307] [gpu_amcl_cpp]: Received LiDAR callback #3274 (1081 ranges).
[gpu_amcl_cpp_node-6] [INFO] [1788998759.722588227] [gpu_amcl_cpp]: Starting AMCL scan update #3274 (sampled from 1081 ranges).
[gpu_amcl_cpp_node-6] [INFO] [1788998759.723270239] [gpu_amcl_cpp]: AMCL scan update #3274 completed; evaluating pose confidence.
[component_container-9] [INFO] [1788998760.096337908] [pure_pursuit_node]: Pure Pursuit: pose=(-1.271, 2.120, 1.611) cte=-0.010 closest=1374 target=1420 path_dist=0.010 heading_err=-0.049 steer=0.045 speed=2.687
[gpu_amcl_cpp_node-6] [INFO] [1788998760.100938888] [gpu_amcl_cpp]: AMCL local correction: odom_prediction=(-1.269, 1.973, 1.557) scan=(-1.260, 1.990, 1.543) correction=0.020 m/0.014 rad cluster_weight=0.963 publish=true
[gpu_amcl_cpp_node-6] [INFO] [1788998760.308235035] [gpu_amcl_cpp]: AMCL odom delta: at_scan=(2.340, -3.418, -3.038) baseline=(2.474, -3.406, -3.060) delta=(-0.134, -0.012, 0.022) moved=true scan_age=0.055s
[ground_truth_amcl_monitor-7] [INFO] [1788998760.474311339] [ground_truth_amcl_monitor]: AMCL vs GT: gt=(-1.363, 2.837) amcl=(-1.325, 2.768) error=0.079 m / 0.046 rad; current_map=(-1.344, 2.854, 1.813) error=0.025 m / 0.000 rad; odom=(-2.676, 1.170, 1.813) error=2.122 m / 0.000 rad; ekf=(-2.676, 1.170, 1.813) error=2.122 m / 0.000 rad; RMS=0.152 m / 0.042 rad max=0.553 m / 0.180 rad samples=6537
[gpu_amcl_cpp_node-6] [WARN] [1788998760.883529040] [gpu_amcl_cpp]: Queued LiDAR scan until source-time odometry arrives (queued=1).
[component_container-9] [INFO] [1788998761.123399027] [pure_pursuit_node]: Pure Pursuit: pose=(-2.077, 3.806, 2.809) cte=-0.030 closest=1475 target=1518 path_dist=0.030 heading_err=0.145 steer=0.441 speed=1.869
[gpu_amcl_cpp_node-6] [INFO] [1788998761.127598272] [gpu_amcl_cpp]: AMCL local correction: odom_prediction=(-1.996, 3.782, 2.716) scan=(-2.004, 3.790, 2.702) correction=0.011 m/0.014 rad cluster_weight=0.969 publish=true
[gpu_amcl_cpp_node-6] [INFO] [1788998761.331890192] [gpu_amcl_cpp]: AMCL odom delta: at_scan=(0.981, -4.488, -1.542) baseline=(0.984, -4.394, -1.661) delta=(-0.003, -0.094, 0.118) moved=true scan_age=0.054s
[ground_truth_amcl_monitor-7] [INFO] [1788998761.499655742] [ground_truth_amcl_monitor]: AMCL vs GT: gt=(-2.594, 3.746) amcl=(-2.532, 3.822) error=0.098 m / 0.109 rad; current_map=(-2.618, 3.790, -2.725) error=0.050 m / 0.000 rad; odom=(-3.992, 2.108, -2.725) error=2.154 m / 0.000 rad; ekf=(-3.992, 2.108, -2.725) error=2.154 m / 0.000 rad; RMS=0.152 m / 0.042 rad max=0.553 m / 0.180 rad samples=6575
[component_container-9] [INFO] [1788998762.124208785] [pure_pursuit_node]: Pure Pursuit: pose=(-3.206, 2.480, -1.697) cte=0.046 closest=1577 target=1623 path_dist=0.046 heading_err=0.009 steer=0.039 speed=3.370
[gpu_amcl_cpp_node-6] [INFO] [1788998762.130053022] [gpu_amcl_cpp]: AMCL local correction: odom_prediction=(-3.187, 2.610, -1.718) scan=(-3.190, 2.633, -1.710) correction=0.024 m/0.008 rad cluster_weight=0.961 publish=true
[gpu_amcl_cpp_node-6] [INFO] [1788998762.347728714] [gpu_amcl_cpp]: AMCL odom delta: at_scan=(2.867, -5.501, -0.076) baseline=(2.638, -5.482, -0.090) delta=(0.229, -0.019, 0.014) moved=true scan_age=0.050s
[ground_truth_amcl_monitor-7] [INFO] [1788998762.508815187] [ground_truth_amcl_monitor]: AMCL vs GT: gt=(-3.316, 1.414) amcl=(-3.287, 1.586) error=0.174 m / 0.019 rad; current_map=(-3.302, 1.409, -1.666) error=0.015 m / 0.000 rad; odom=(-4.741, -0.235, -1.666) error=2.180 m / 0.000 rad; ekf=(-4.741, -0.235, -1.666) error=2.180 m / 0.000 rad; RMS=0.151 m / 0.042 rad max=0.553 m / 0.180 rad samples=6613
[component_container-9] [INFO] [1788998763.150466586] [pure_pursuit_node]: Pure Pursuit: pose=(-3.823, -0.063, -2.285) cte=0.013 closest=1711 target=1754 path_dist=0.013 heading_err=-0.023 steer=-0.270 speed=1.970
[gpu_amcl_cpp_node-6] [INFO] [1788998763.155216817] [gpu_amcl_cpp]: AMCL local correction: odom_prediction=(-3.758, 0.005, -2.211) scan=(-3.757, -0.005, -2.198) correction=0.010 m/0.013 rad cluster_weight=0.980 publish=true
[gpu_amcl_cpp_node-6] [INFO] [1788998763.376180620] [gpu_amcl_cpp]: AMCL odom delta: at_scan=(5.082, -6.318, -0.996) baseline=(5.026, -6.238, -0.920) delta=(0.056, -0.080, -0.076) moved=true scan_age=0.053s
[ground_truth_amcl_monitor-7] [INFO] [1788998763.549024268] [ground_truth_amcl_monitor]: AMCL vs GT: gt=(-4.388, -0.446) amcl=(-4.236, -0.409) error=0.156 m / 0.121 rad; current_map=(-4.363, -0.456, -2.849) error=0.026 m / 0.000 rad; odom=(-5.825, -2.069, -2.849) error=2.167 m / 0.000 rad; ekf=(-5.825, -2.069, -2.849) error=2.167 m / 0.000 rad; RMS=0.151 m / 0.042 rad max=0.553 m / 0.180 rad samples=6649
[component_container-9] [INFO] [1788998764.170942369] [pure_pursuit_node]: Pure Pursuit: pose=(-5.516, 0.002, 2.199) cte=-0.033 closest=1810 target=1854 path_dist=0.033 heading_err=-0.039 steer=-0.177 speed=2.803
[gpu_amcl_cpp_node-6] [INFO] [1788998764.175544360] [gpu_amcl_cpp]: AMCL local correction: odom_prediction=(-5.452, -0.077, 2.275) scan=(-5.454, -0.080, 2.282) correction=0.003 m/0.007 rad cluster_weight=0.957 publish=true
[gpu_amcl_cpp_node-6] [INFO] [1788998764.377815432] [gpu_amcl_cpp]: AMCL odom delta: at_scan=(4.420, -8.007, -2.722) baseline=(4.550, -7.944, -2.655) delta=(-0.129, -0.063, -0.067) moved=true scan_age=0.052s
[ground_truth_amcl_monitor-7] [INFO] [1788998764.552448303] [ground_truth_amcl_monitor]: AMCL vs GT: gt=(-5.911, 0.868) amcl=(-5.850, 0.693) error=0.185 m / 0.043 rad; current_map=(-5.896, 0.858, 1.819) error=0.018 m / 0.000 rad; odom=(-7.379, -0.750, 1.819) error=2.185 m / 0.000 rad; ekf=(-7.379, -0.750, 1.819) error=2.185 m / 0.000 rad; RMS=0.151 m / 0.042 rad max=0.553 m / 0.180 rad samples=6687
[gpu_amcl_cpp_node-6] [INFO] [1788998764.754327828] [gpu_amcl_cpp]: Received LiDAR callback #3368 (1081 ranges).
[gpu_amcl_cpp_node-6] [INFO] [1788998764.754435090] [gpu_amcl_cpp]: Starting AMCL scan update #3368 (sampled from 1081 ranges).
[gpu_amcl_cpp_node-6] [INFO] [1788998764.755534387] [gpu_amcl_cpp]: AMCL scan update #3368 completed; evaluating pose confidence.
[component_container-9] [INFO] [1788998765.218016918] [pure_pursuit_node]: Pure Pursuit: pose=(-6.155, 3.956, 1.500) cte=-0.025 closest=2012 target=2066 path_dist=0.025 heading_err=-0.021 steer=-0.075 speed=4.408
[gpu_amcl_cpp_node-6] [INFO] [1788998765.222273160] [gpu_amcl_cpp]: AMCL local correction: odom_prediction=(-6.170, 3.537, 1.536) scan=(-6.164, 3.606, 1.548) correction=0.069 m/0.012 rad cluster_weight=0.955 publish=true
[gpu_amcl_cpp_node-6] [INFO] [1788998765.424755879] [gpu_amcl_cpp]: AMCL odom delta: at_scan=(0.083, -8.304, 2.914) baseline=(0.276, -8.348, 2.918) delta=(-0.192, 0.044, -0.005) moved=true scan_age=0.050s
[ground_truth_amcl_monitor-7] [INFO] [1788998765.577586522] [ground_truth_amcl_monitor]: AMCL vs GT: gt=(-5.928, 5.221) amcl=(-5.960, 4.996) error=0.227 m / 0.016 rad; current_map=(-5.918, 5.207, 1.367) error=0.017 m / 0.000 rad; odom=(-7.375, 3.698, 1.367) error=2.101 m / 0.000 rad; ekf=(-7.375, 3.698, 1.367) error=2.101 m / 0.000 rad; RMS=0.151 m / 0.042 rad max=0.553 m / 0.180 rad samples=6725
[component_container-9] [INFO] [1788998766.245769553] [pure_pursuit_node]: Pure Pursuit: pose=(-4.798, 7.060, 0.672) cte=0.008 closest=2185 target=2231 path_dist=0.008 heading_err=-0.019 steer=-0.130 speed=3.279
[gpu_amcl_cpp_node-6] [INFO] [1788998766.250318245] [gpu_amcl_cpp]: AMCL local correction: odom_prediction=(-4.910, 6.967, 0.716) scan=(-4.924, 6.962, 0.729) correction=0.014 m/0.013 rad cluster_weight=0.995 publish=true
[gpu_amcl_cpp_node-6] [INFO] [1788998766.449668154] [gpu_amcl_cpp]: AMCL odom delta: at_scan=(-2.678, -6.640, 2.060) baseline=(-2.596, -6.783, 2.122) delta=(-0.082, 0.143, -0.062) moved=true scan_age=0.050s
[ground_truth_amcl_monitor-7] [INFO] [1788998766.608088807] [ground_truth_amcl_monitor]: AMCL vs GT: gt=(-3.954, 7.531) amcl=(-4.128, 7.455) error=0.190 m / 0.070 rad; current_map=(-3.966, 7.510, 0.292) error=0.025 m / 0.000 rad; odom=(-5.376, 6.028, 0.292) error=2.069 m / 0.000 rad; ekf=(-5.538, 5.973, 0.361) error=2.222 m / 0.070 rad; RMS=0.151 m / 0.042 rad max=0.553 m / 0.180 rad samples=6765
[gpu_amcl_cpp_node-6] [WARN] [1788998767.076947376] [gpu_amcl_cpp]: Queued LiDAR scan until source-time odometry arrives (queued=1).
[component_container-9] [INFO] [1788998767.246772299] [pure_pursuit_node]: Pure Pursuit: pose=(-1.660, 7.065, -0.647) cte=-0.024 closest=2354 target=2402 path_dist=0.024 heading_err=0.026 steer=-0.086 speed=4.373
[gpu_amcl_cpp_node-6] [INFO] [1788998767.251957277] [gpu_amcl_cpp]: AMCL local correction: odom_prediction=(-1.811, 7.178, -0.588) scan=(-1.803, 7.179, -0.587) correction=0.008 m/0.001 rad cluster_weight=0.965 publish=true
[gpu_amcl_cpp_node-6] [INFO] [1788998767.450440017] [gpu_amcl_cpp]: AMCL odom delta: at_scan=(-1.966, -3.381, 0.762) baseline=(-2.120, -3.537, 0.825) delta=(0.154, 0.156, -0.064) moved=true scan_age=0.050s
[ground_truth_amcl_monitor-7] [INFO] [1788998767.624278816] [ground_truth_amcl_monitor]: AMCL vs GT: gt=(-0.691, 6.031) amcl=(-0.882, 6.309) error=0.338 m / 0.045 rad; current_map=(-0.693, 6.043, -0.977) error=0.013 m / 0.000 rad; odom=(-2.088, 4.497, -0.977) error=2.075 m / 0.000 rad; ekf=(-2.088, 4.497, -0.977) error=2.075 m / 0.000 rad; RMS=0.151 m / 0.042 rad max=0.553 m / 0.180 rad samples=6803
[gpu_amcl_cpp_node-6] [WARN] [1788998768.187068016] [gpu_amcl_cpp]: No local AMCL cluster near odometry prediction; using causal odometry pose.
[component_container-9] [INFO] [1788998768.300625005] [pure_pursuit_node]: Pure Pursuit: pose=(0.924, 2.363, -1.283) cte=-0.061 closest=40 target=94 path_dist=0.061 heading_err=-0.029 steer=-0.078 speed=5.740
[gpu_amcl_cpp_node-6] [INFO] [1788998768.305400362] [gpu_amcl_cpp]: AMCL local correction: odom_prediction=(0.818, 2.676, -1.231) scan=(0.809, 2.677, -1.234) correction=0.009 m/0.003 rad cluster_weight=0.935 publish=true
[gpu_amcl_cpp_node-6] [INFO] [1788998768.472607073] [gpu_amcl_cpp]: AMCL odom delta: at_scan=(3.091, -1.083, 0.193) baseline=(2.803, -1.146, 0.237) delta=(0.288, 0.063, -0.044) moved=true scan_age=0.050s
[ground_truth_amcl_monitor-7] [INFO] [1788998768.630508410] [ground_truth_amcl_monitor]: AMCL vs GT: gt=(1.231, 0.785) amcl=(1.186, 1.051) error=0.269 m / 0.006 rad; current_map=(1.226, 0.731, -1.450) error=0.054 m / 0.000 rad; odom=(-0.143, -0.855, -1.450) error=2.140 m / 0.000 rad; ekf=(-0.183, -0.536, -1.444) error=1.935 m / 0.006 rad; RMS=0.152 m / 0.042 rad max=0.553 m / 0.180 rad samples=6839
[component_container-9] [INFO] [1788998769.345999272] [pure_pursuit_node]: Pure Pursuit: pose=(1.372, -3.318, -1.909) cte=-0.137 closest=324 target=372 path_dist=0.137 heading_err=0.218 steer=0.077 speed=4.582
[gpu_amcl_cpp_node-6] [INFO] [1788998769.350928950] [gpu_amcl_cpp]: AMCL local correction: odom_prediction=(1.433, -3.146, -1.844) scan=(1.439, -3.153, -1.834) correction=0.009 m/0.010 rad cluster_weight=0.976 publish=true
[gpu_amcl_cpp_node-6] [INFO] [1788998769.502818324] [gpu_amcl_cpp]: AMCL odom delta: at_scan=(8.602, -0.972, -0.292) baseline=(8.374, -0.898, -0.335) delta=(0.228, -0.074, 0.043) moved=true scan_age=0.052s
[ground_truth_amcl_monitor-7] [INFO] [1788998769.678214431] [ground_truth_amcl_monitor]: AMCL vs GT: gt=(1.048, -4.598) amcl=(1.124, -4.238) error=0.368 m / 0.014 rad; current_map=(1.060, -4.577, -1.749) error=0.025 m / 0.000 rad; odom=(-0.346, -6.245, -1.749) error=2.157 m / 0.000 rad; ekf=(-0.346, -6.245, -1.749) error=2.157 m / 0.000 rad; RMS=0.152 m / 0.042 rad max=0.553 m / 0.180 rad samples=6877
[gpu_amcl_cpp_node-6] [WARN] [1788998769.736641615] [gpu_amcl_cpp]: Queued LiDAR scan until source-time odometry arrives (queued=1).
[gpu_amcl_cpp_node-6] [INFO] [1788998769.798585360] [gpu_amcl_cpp]: Received LiDAR callback #3464 (1081 ranges).
[gpu_amcl_cpp_node-6] [INFO] [1788998769.798688915] [gpu_amcl_cpp]: Starting AMCL scan update #3464 (sampled from 1081 ranges).
[gpu_amcl_cpp_node-6] [INFO] [1788998769.799600679] [gpu_amcl_cpp]: AMCL scan update #3464 completed; evaluating pose confidence.
[component_container-9] [INFO] [1788998770.349968999] [pure_pursuit_node]: Pure Pursuit: pose=(0.365, -7.795, -1.889) cte=-0.005 closest=553 target=602 path_dist=0.005 heading_err=0.065 steer=0.028 speed=3.761
[gpu_amcl_cpp_node-6] [INFO] [1788998770.354096479] [gpu_amcl_cpp]: AMCL local correction: odom_prediction=(0.424, -7.613, -1.832) scan=(0.430, -7.608, -1.827) correction=0.008 m/0.005 rad cluster_weight=0.972 publish=true
[gpu_amcl_cpp_node-6] [INFO] [1788998770.504301627] [gpu_amcl_cpp]: AMCL odom delta: at_scan=(13.033, -1.944, -0.285) baseline=(12.849, -1.891, -0.276) delta=(0.184, -0.053, -0.009) moved=true scan_age=0.052s
[ground_truth_amcl_monitor-7] [INFO] [1788998770.678983181] [ground_truth_amcl_monitor]: AMCL vs GT: gt=(0.072, -8.749) amcl=(0.092, -8.716) error=0.039 m / 0.000 rad; current_map=(0.089, -8.709, -1.934) error=0.044 m / 0.000 rad; odom=(-1.338, -10.446, -1.934) error=2.206 m / 0.000 rad; ekf=(-1.338, -10.446, -1.934) error=2.206 m / 0.000 rad; RMS=0.152 m / 0.042 rad max=0.553 m / 0.180 rad samples=6916
[component_container-9] [INFO] [1788998771.395559405] [pure_pursuit_node]: Pure Pursuit: pose=(-1.049, -10.091, -2.900) cte=-0.029 closest=693 target=738 path_dist=0.029 heading_err=0.009 steer=-0.249 speed=2.467
[gpu_amcl_cpp_node-6] [INFO] [1788998771.399947945] [gpu_amcl_cpp]: AMCL local correction: odom_prediction=(-0.936, -10.057, -2.790) scan=(-0.939, -10.067, -2.788) correction=0.010 m/0.002 rad cluster_weight=0.999 publish=true
[gpu_amcl_cpp_node-6] [INFO] [1788998771.547885891] [gpu_amcl_cpp]: AMCL odom delta: at_scan=(15.024, -3.549, -1.512) baseline=(15.010, -3.421, -1.419) delta=(0.014, -0.128, -0.092) moved=true scan_age=0.050s
[ground_truth_amcl_monitor-7] [INFO] [1788998771.699080419] [ground_truth_amcl_monitor]: AMCL vs GT: gt=(-1.657, -10.125) amcl=(-1.544, -10.120) error=0.114 m / 0.098 rad; current_map=(-1.661, -10.098, 2.911) error=0.027 m / 0.000 rad; odom=(-3.109, -11.835, 2.911) error=2.243 m / 0.000 rad; ekf=(-3.109, -11.835, 2.911) error=2.243 m / 0.000 rad; RMS=0.152 m / 0.042 rad max=0.553 m / 0.180 rad samples=6955
[component_container-9] [INFO] [1788998772.401041488] [pure_pursuit_node]: Pure Pursuit: pose=(-2.969, -8.532, 1.872) cte=-0.024 closest=829 target=876 path_dist=0.024 heading_err=0.016 steer=-0.090 speed=4.120
[gpu_amcl_cpp_node-6] [INFO] [1788998772.405345559] [gpu_amcl_cpp]: AMCL local correction: odom_prediction=(-2.914, -8.692, 1.913) scan=(-2.911, -8.706, 1.922) correction=0.014 m/0.009 rad cluster_weight=0.972 publish=true
[gpu_amcl_cpp_node-6] [INFO] [1788998772.573849009] [gpu_amcl_cpp]: AMCL odom delta: at_scan=(12.967, -5.330, -2.974) baseline=(13.160, -5.292, -2.922) delta=(-0.194, -0.038, -0.052) moved=true scan_age=0.051s
[ground_truth_amcl_monitor-7] [INFO] [1788998772.725416147] [ground_truth_amcl_monitor]: AMCL vs GT: gt=(-3.144, -7.481) amcl=(-3.122, -7.671) error=0.191 m / 0.015 rad; current_map=(-3.142, -7.457, 1.655) error=0.024 m / 0.000 rad; odom=(-4.603, -9.177, 1.655) error=2.237 m / 0.000 rad; ekf=(-4.603, -9.177, 1.655) error=2.237 m / 0.000 rad; RMS=0.152 m / 0.042 rad max=0.553 m / 0.180 rad samples=6995
[component_container-9] [INFO] [1788998773.445801895] [pure_pursuit_node]: Pure Pursuit: pose=(-2.582, -3.910, 1.172) cte=-0.023 closest=1064 target=1114 path_dist=0.023 heading_err=0.124 steer=0.099 speed=5.293
[gpu_amcl_cpp_node-6] [INFO] [1788998773.449881505] [gpu_amcl_cpp]: AMCL local correction: odom_prediction=(-2.664, -4.109, 1.206) scan=(-2.659, -4.087, 1.200) correction=0.024 m/0.006 rad cluster_weight=0.947 publish=true
[gpu_amcl_cpp_node-6] [INFO] [1788998773.599728951] [gpu_amcl_cpp]: AMCL odom delta: at_scan=(8.212, -4.663, 2.858) baseline=(8.455, -4.741, 2.806) delta=(-0.243, 0.078, 0.051) moved=true scan_age=0.050s
[ground_truth_amcl_monitor-7] [INFO] [1788998773.752512797] [ground_truth_amcl_monitor]: AMCL vs GT: gt=(-2.223, -2.626) amcl=(-2.274, -2.882) error=0.262 m / 0.019 rad; current_map=(-2.207, -2.610, 1.320) error=0.023 m / 0.000 rad; odom=(-3.658, -4.246, 1.320) error=2.165 m / 0.000 rad; ekf=(-3.658, -4.246, 1.320) error=2.165 m / 0.000 rad; RMS=0.152 m / 0.042 rad max=0.553 m / 0.180 rad samples=7033
[component_container-9] [INFO] [1788998774.452230980] [pure_pursuit_node]: Pure Pursuit: pose=(-1.389, 0.899, 1.467) cte=0.000 closest=1312 target=1360 path_dist=0.000 heading_err=-0.059 steer=-0.031 speed=3.620
[gpu_amcl_cpp_node-6] [INFO] [1788998774.458929453] [gpu_amcl_cpp]: AMCL local correction: odom_prediction=(-1.410, 0.720, 1.442) scan=(-1.410, 0.710, 1.431) correction=0.010 m/0.011 rad cluster_weight=0.956 publish=true
[gpu_amcl_cpp_node-6] [INFO] [1788998774.628176010] [gpu_amcl_cpp]: AMCL odom delta: at_scan=(3.414, -3.556, 2.958) baseline=(3.612, -3.591, 2.976) delta=(-0.198, 0.035, -0.018) moved=true scan_age=0.050s
[ground_truth_amcl_monitor-7] [INFO] [1788998774.755496595] [ground_truth_amcl_monitor]: AMCL vs GT: gt=(-1.262, 1.732) amcl=(-1.253, 1.761) error=0.030 m / 0.000 rad; current_map=(-1.255, 1.764, 1.482) error=0.033 m / 0.000 rad; odom=(-2.694, 0.162, 1.482) error=2.125 m / 0.000 rad; ekf=(-2.694, 0.162, 1.482) error=2.125 m / 0.000 rad; RMS=0.152 m / 0.042 rad max=0.553 m / 0.180 rad samples=7070
[gpu_amcl_cpp_node-6] [INFO] [1788998774.801213644] [gpu_amcl_cpp]: Received LiDAR callback #3559 (1081 ranges).
[gpu_amcl_cpp_node-6] [INFO] [1788998774.801317439] [gpu_amcl_cpp]: Starting AMCL scan update #3559 (sampled from 1081 ranges).
[gpu_amcl_cpp_node-6] [INFO] [1788998774.802159753] [gpu_amcl_cpp]: AMCL scan update #3559 completed; evaluating pose confidence.
[component_container-9] [INFO] [1788998775.501241951] [pure_pursuit_node]: Pure Pursuit: pose=(-1.601, 3.493, 2.232) cte=0.001 closest=1445 target=1489 path_dist=0.001 heading_err=-0.081 steer=0.342 speed=1.896
[gpu_amcl_cpp_node-6] [INFO] [1788998775.506481301] [gpu_amcl_cpp]: AMCL local correction: odom_prediction=(-1.546, 3.413, 2.151) scan=(-1.541, 3.402, 2.135) correction=0.012 m/0.016 rad cluster_weight=0.985 publish=true
[gpu_amcl_cpp_node-6] [INFO] [1788998775.671765358] [gpu_amcl_cpp]: AMCL odom delta: at_scan=(1.113, -4.009, -2.248) baseline=(1.200, -3.914, -2.377) delta=(-0.087, -0.095, 0.130) moved=true scan_age=0.049s
[ground_truth_amcl_monitor-7] [INFO] [1788998775.774092145] [ground_truth_amcl_monitor]: AMCL vs GT: gt=(-1.913, 3.715) amcl=(-1.830, 3.694) error=0.086 m / 0.093 rad; current_map=(-1.909, 3.742, 2.646) error=0.027 m / 0.000 rad; odom=(-3.363, 2.149, 2.646) error=2.134 m / 0.000 rad; ekf=(-3.363, 2.149, 2.646) error=2.134 m / 0.000 rad; RMS=0.152 m / 0.042 rad max=0.553 m / 0.180 rad samples=7107
[component_container-9] [INFO] [1788998776.552094495] [pure_pursuit_node]: Pure Pursuit: pose=(-3.085, 3.157, -1.914) cte=0.024 closest=1543 target=1587 path_dist=0.024 heading_err=0.121 steer=0.151 speed=2.537
[gpu_amcl_cpp_node-6] [INFO] [1788998776.557684905] [gpu_amcl_cpp]: AMCL local correction: odom_prediction=(-3.041, 3.252, -1.997) scan=(-3.032, 3.245, -2.001) correction=0.012 m/0.004 rad cluster_weight=0.960 publish=true
[gpu_amcl_cpp_node-6] [INFO] [1788998776.722717741] [gpu_amcl_cpp]: AMCL odom delta: at_scan=(1.839, -5.497, -0.211) baseline=(1.728, -5.470, -0.260) delta=(0.111, -0.027, 0.049) moved=true scan_age=0.049s
[ground_truth_amcl_monitor-7] [INFO] [1788998776.777965518] [ground_truth_amcl_monitor]: AMCL vs GT: gt=(-3.182, 2.780) amcl=(-3.171, 2.744) error=0.038 m / 0.000 rad; current_map=(-3.171, 2.755, -1.736) error=0.028 m / 0.000 rad; odom=(-4.719, 1.201, -1.736) error=2.203 m / 0.000 rad; ekf=(-4.719, 1.201, -1.736) error=2.203 m / 0.000 rad; RMS=0.151 m / 0.042 rad max=0.553 m / 0.180 rad samples=7146
[component_container-9] [INFO] [1788998777.571903037] [pure_pursuit_node]: Pure Pursuit: pose=(-3.536, 0.423, -1.999) cte=0.035 closest=1682 target=1725 path_dist=0.035 heading_err=0.017 steer=-0.148 speed=1.996
[gpu_amcl_cpp_node-6] [INFO] [1788998777.575703112] [gpu_amcl_cpp]: AMCL local correction: odom_prediction=(-3.507, 0.495, -1.971) scan=(-3.511, 0.471, -1.960) correction=0.024 m/0.011 rad cluster_weight=0.988 publish=true
[gpu_amcl_cpp_node-6] [INFO] [1788998777.725835073] [gpu_amcl_cpp]: AMCL odom delta: at_scan=(4.520, -5.992, -0.517) baseline=(4.431, -5.944, -0.473) delta=(0.089, -0.048, -0.044) moved=true scan_age=0.051s
[ground_truth_amcl_monitor-7] [INFO] [1788998777.778333812] [ground_truth_amcl_monitor]: AMCL vs GT: gt=(-3.706, 0.102) amcl=(-3.634, 0.208) error=0.128 m / 0.057 rad; current_map=(-3.687, 0.121, -2.145) error=0.027 m / 0.000 rad; odom=(-5.244, -1.449, -2.145) error=2.184 m / 0.000 rad; ekf=(-5.244, -1.449, -2.145) error=2.184 m / 0.000 rad; RMS=0.151 m / 0.042 rad max=0.553 m / 0.180 rad samples=7183
[component_container-9] [INFO] [1788998778.598814694] [pure_pursuit_node]: Pure Pursuit: pose=(-5.125, -0.351, 2.634) cte=0.007 closest=1784 target=1827 path_dist=0.007 heading_err=-0.053 steer=-0.276 speed=2.226
[gpu_amcl_cpp_node-6] [INFO] [1788998778.602970608] [gpu_amcl_cpp]: AMCL local correction: odom_prediction=(-5.034, -0.398, 2.732) scan=(-5.021, -0.414, 2.749) correction=0.021 m/0.017 rad cluster_weight=0.975 publish=true
[gpu_amcl_cpp_node-6] [INFO] [1788998778.752216914] [gpu_amcl_cpp]: AMCL odom delta: at_scan=(4.957, -7.688, -2.252) baseline=(5.020, -7.603, -2.164) delta=(-0.063, -0.085, -0.088) moved=true scan_age=0.050s
[ground_truth_amcl_monitor-7] [INFO] [1788998778.803529843] [ground_truth_amcl_monitor]: AMCL vs GT: gt=(-5.381, -0.171) amcl=(-5.279, -0.258) error=0.134 m / 0.085 rad; current_map=(-5.360, -0.187, 2.376) error=0.026 m / 0.000 rad; odom=(-6.968, -1.727, 2.376) error=2.222 m / 0.000 rad; ekf=(-6.968, -1.727, 2.376) error=2.222 m / 0.000 rad; RMS=0.151 m / 0.042 rad max=0.553 m / 0.180 rad samples=7223
[component_container-9] [INFO] [1788998779.602624841] [pure_pursuit_node]: Pure Pursuit: pose=(-6.147, 2.439, 1.637) cte=-0.016 closest=1936 target=1986 path_dist=0.016 heading_err=0.016 steer=-0.032 speed=5.003
[gpu_amcl_cpp_node-6] [INFO] [1788998779.607176919] [gpu_amcl_cpp]: AMCL local correction: odom_prediction=(-6.129, 2.215, 1.669) scan=(-6.125, 2.197, 1.672) correction=0.019 m/0.003 rad cluster_weight=0.961 publish=true
[gpu_amcl_cpp_node-6] [INFO] [1788998779.771924448] [gpu_amcl_cpp]: AMCL odom delta: at_scan=(1.685, -8.555, 3.124) baseline=(1.922, -8.556, -3.135) delta=(-0.237, 0.001, -0.024) moved=true scan_age=0.050s
[gpu_amcl_cpp_node-6] [INFO] [1788998779.821612002] [gpu_amcl_cpp]: Received LiDAR callback #3654 (1081 ranges).
[gpu_amcl_cpp_node-6] [INFO] [1788998779.821685671] [gpu_amcl_cpp]: Starting AMCL scan update #3654 (sampled from 1081 ranges).
[gpu_amcl_cpp_node-6] [INFO] [1788998779.822615639] [gpu_amcl_cpp]: AMCL scan update #3654 completed; evaluating pose confidence.
[ground_truth_amcl_monitor-7] [INFO] [1788998779.823126419] [ground_truth_amcl_monitor]: AMCL vs GT: gt=(-6.165, 3.261) amcl=(-6.161, 2.988) error=0.273 m / 0.000 rad; current_map=(-6.156, 3.237, 1.554) error=0.026 m / 0.000 rad; odom=(-7.750, 1.722, 1.554) error=2.209 m / 0.000 rad; ekf=(-7.750, 1.722, 1.554) error=2.209 m / 0.000 rad; RMS=0.151 m / 0.042 rad max=0.553 m / 0.180 rad samples=7261
[component_container-9] [INFO] [1788998780.621774167] [pure_pursuit_node]: Pure Pursuit: pose=(-5.400, 6.425, 0.984) cte=-0.033 closest=2142 target=2186 path_dist=0.033 heading_err=0.044 steer=-0.137 speed=2.856
[gpu_amcl_cpp_node-6] [INFO] [1788998780.626198805] [gpu_amcl_cpp]: AMCL local correction: odom_prediction=(-5.464, 6.328, 0.997) scan=(-5.451, 6.349, 1.007) correction=0.025 m/0.010 rad cluster_weight=0.996 publish=true
[gpu_amcl_cpp_node-6] [INFO] [1788998780.775180114] [gpu_amcl_cpp]: AMCL odom delta: at_scan=(-1.981, -7.617, 2.462) baseline=(-1.869, -7.703, 2.512) delta=(-0.112, 0.086, -0.050) moved=true scan_age=0.049s
[ground_truth_amcl_monitor-7] [INFO] [1788998780.829020004] [ground_truth_amcl_monitor]: AMCL vs GT: gt=(-5.142, 6.811) amcl=(-5.219, 6.686) error=0.147 m / 0.059 rad; current_map=(-5.128, 6.792, 0.832) error=0.023 m / 0.000 rad; odom=(-6.725, 5.245, 0.832) error=2.227 m / 0.000 rad; ekf=(-6.725, 5.245, 0.832) error=2.227 m / 0.000 rad; RMS=0.151 m / 0.042 rad max=0.553 m / 0.180 rad samples=7299
[component_container-9] [INFO] [1788998781.646870294] [pure_pursuit_node]: Pure Pursuit: pose=(-2.587, 7.525, -0.308) cte=-0.026 closest=2302 target=2349 path_dist=0.026 heading_err=0.025 steer=-0.103 speed=3.706
[gpu_amcl_cpp_node-6] [INFO] [1788998781.651120404] [gpu_amcl_cpp]: AMCL local correction: odom_prediction=(-2.723, 7.570, -0.236) scan=(-2.720, 7.570, -0.234) correction=0.003 m/0.002 rad cluster_weight=0.964 publish=true
[gpu_amcl_cpp_node-6] [INFO] [1788998781.822698165] [gpu_amcl_cpp]: AMCL odom delta: at_scan=(-2.636, -4.530, 1.122) baseline=(-2.736, -4.759, 1.199) delta=(0.100, 0.229, -0.077) moved=true scan_age=0.050s
[ground_truth_amcl_monitor-7] [INFO] [1788998781.875112856] [ground_truth_amcl_monitor]: AMCL vs GT: gt=(-2.002, 7.286) amcl=(-2.162, 7.376) error=0.183 m / 0.061 rad; current_map=(-1.999, 7.291, -0.511) error=0.006 m / 0.000 rad; odom=(-3.566, 5.710, -0.511) error=2.220 m / 0.000 rad; ekf=(-3.566, 5.710, -0.511) error=2.220 m / 0.000 rad; RMS=0.151 m / 0.042 rad max=0.553 m / 0.180 rad samples=7337
[component_container-9] [INFO] [1788998782.677430685] [pure_pursuit_node]: Pure Pursuit: pose=(0.326, 4.097, -1.138) cte=-0.027 closest=2534 target=0 path_dist=0.027 heading_err=-0.060 steer=-0.092 speed=5.224
[gpu_amcl_cpp_node-6] [INFO] [1788998782.682896160] [gpu_amcl_cpp]: AMCL local correction: odom_prediction=(0.205, 4.355, -1.119) scan=(0.192, 4.333, -1.124) correction=0.025 m/0.005 rad cluster_weight=0.926 publish=true
[gpu_amcl_cpp_node-6] [INFO] [1788998782.851772602] [gpu_amcl_cpp]: AMCL odom delta: at_scan=(1.327, -1.793, 0.254) baseline=(1.067, -1.872, 0.331) delta=(0.260, 0.078, -0.076) moved=true scan_age=0.053s
[ground_truth_amcl_monitor-7] [INFO] [1788998782.904663519] [ground_truth_amcl_monitor]: AMCL vs GT: gt=(0.614, 3.199) amcl=(0.547, 3.486) error=0.295 m / 0.022 rad; current_map=(0.617, 3.205, -1.339) error=0.007 m / 0.000 rad; odom=(-0.923, 1.551, -1.339) error=2.254 m / 0.000 rad; ekf=(-0.923, 1.551, -1.339) error=2.254 m / 0.000 rad; RMS=0.151 m / 0.042 rad max=0.553 m / 0.180 rad samples=7375
[gpu_amcl_cpp_node-6] [WARN] [1788998782.957953305] [gpu_amcl_cpp]: No local AMCL cluster near odometry prediction; using causal odometry pose.
[component_container-9] [INFO] [1788998783.698173219] [pure_pursuit_node]: Pure Pursuit: pose=(1.354, -0.815, -1.587) cte=0.003 closest=200 target=251 path_dist=0.003 heading_err=0.053 steer=0.032 speed=5.814
[gpu_amcl_cpp_node-6] [INFO] [1788998783.702759922] [gpu_amcl_cpp]: AMCL local correction: odom_prediction=(1.351, -0.613, -1.516) scan=(1.358, -0.675, -1.505) correction=0.062 m/0.011 rad cluster_weight=0.954 publish=true
[gpu_amcl_cpp_node-6] [INFO] [1788998783.857522400] [gpu_amcl_cpp]: AMCL odom delta: at_scan=(6.261, -0.962, -0.044) baseline=(5.957, -0.951, -0.034) delta=(0.304, -0.012, -0.010) moved=true scan_age=0.053s
[ground_truth_amcl_monitor-7] [INFO] [1788998783.923905943] [ground_truth_amcl_monitor]: AMCL vs GT: gt=(1.369, -1.806) amcl=(1.377, -1.499) error=0.307 m / 0.012 rad; current_map=(1.361, -1.904, -1.602) error=0.098 m / 0.000 rad; odom=(-0.177, -3.507, -1.602) error=2.299 m / 0.000 rad; ekf=(-0.177, -3.507, -1.602) error=2.299 m / 0.000 rad; RMS=0.152 m / 0.042 rad max=0.553 m / 0.180 rad samples=7413
[gpu_amcl_cpp_node-6] [WARN] [1788998784.255933524] [gpu_amcl_cpp]: No local AMCL cluster near odometry prediction; using causal odometry pose.
[component_container-9] [INFO] [1788998784.748331286] [pure_pursuit_node]: Pure Pursuit: pose=(0.603, -6.653, -1.858) cte=0.030 closest=495 target=545 path_dist=0.030 heading_err=0.063 steer=0.065 speed=4.076
[gpu_amcl_cpp_node-6] [INFO] [1788998784.752777275] [gpu_amcl_cpp]: AMCL local correction: odom_prediction=(0.669, -6.424, -1.898) scan=(0.672, -6.389, -1.896) correction=0.035 m/0.001 rad cluster_weight=0.956 publish=true
[gpu_amcl_cpp_node-6] [INFO] [1788998784.850719219] [gpu_amcl_cpp]: Received LiDAR callback #3747 (1081 ranges).
[gpu_amcl_cpp_node-6] [INFO] [1788998784.850830398] [gpu_amcl_cpp]: Starting AMCL scan update #3747 (sampled from 1081 ranges).
[gpu_amcl_cpp_node-6] [INFO] [1788998784.851409867] [gpu_amcl_cpp]: AMCL scan update #3747 completed; evaluating pose confidence.
[gpu_amcl_cpp_node-6] [INFO] [1788998784.902559259] [gpu_amcl_cpp]: AMCL odom delta: at_scan=(11.958, -1.867, -0.164) baseline=(11.777, -1.833, -0.210) delta=(0.181, -0.034, 0.046) moved=true scan_age=0.052s
[ground_truth_amcl_monitor-7] [INFO] [1788998784.953729321] [ground_truth_amcl_monitor]: AMCL vs GT: gt=(0.469, -7.201) amcl=(0.515, -6.968) error=0.238 m / 0.000 rad; current_map=(0.482, -7.164, -1.734) error=0.039 m / 0.000 rad; odom=(-1.099, -8.996, -1.734) error=2.384 m / 0.000 rad; ekf=(-1.066, -8.800, -1.735) error=2.217 m / 0.000 rad; RMS=0.152 m / 0.042 rad max=0.553 m / 0.180 rad samples=7451
[component_container-9] [INFO] [1788998785.774987711] [pure_pursuit_node]: Pure Pursuit: pose=(-0.410, -9.661, -2.301) cte=-0.020 closest=655 target=700 path_dist=0.020 heading_err=0.031 steer=-0.238 speed=2.482
[gpu_amcl_cpp_node-6] [INFO] [1788998785.779410947] [gpu_amcl_cpp]: AMCL local correction: odom_prediction=(-0.330, -9.568, -2.200) scan=(-0.328, -9.563, -2.185) correction=0.005 m/0.015 rad cluster_weight=0.998 publish=true
[gpu_amcl_cpp_node-6] [INFO] [1788998785.928721896] [gpu_amcl_cpp]: AMCL odom delta: at_scan=(14.815, -2.986, -0.908) baseline=(14.734, -2.891, -0.819) delta=(0.081, -0.095, -0.090) moved=true scan_age=0.051s
[ground_truth_amcl_monitor-7] [INFO] [1788998785.981043793] [ground_truth_amcl_monitor]: AMCL vs GT: gt=(-0.708, -9.933) amcl=(-0.580, -9.833) error=0.162 m / 0.093 rad; current_map=(-0.683, -9.906, -2.572) error=0.037 m / 0.000 rad; odom=(-2.288, -11.730, -2.572) error=2.393 m / 0.000 rad; ekf=(-2.288, -11.730, -2.572) error=2.393 m / 0.000 rad; RMS=0.152 m / 0.042 rad max=0.553 m / 0.180 rad samples=7489
[component_container-9] [INFO] [1788998786.800984477] [pure_pursuit_node]: Pure Pursuit: pose=(-2.584, -9.408, 2.146) cte=-0.044 closest=782 target=827 path_dist=0.044 heading_err=-0.010 steer=-0.122 speed=3.219
[gpu_amcl_cpp_node-6] [INFO] [1788998786.806119981] [gpu_amcl_cpp]: AMCL local correction: odom_prediction=(-2.503, -9.527, 2.213) scan=(-2.506, -9.519, 2.224) correction=0.009 m/0.011 rad cluster_weight=0.981 publish=true
[gpu_amcl_cpp_node-6] [INFO] [1788998786.975907307] [gpu_amcl_cpp]: AMCL odom delta: at_scan=(14.076, -5.168, -2.704) baseline=(14.218, -5.096, -2.646) delta=(-0.142, -0.072, -0.058) moved=true scan_age=0.051s
[ground_truth_amcl_monitor-7] [INFO] [1788998786.982345281] [ground_truth_amcl_monitor]: AMCL vs GT: gt=(-2.750, -9.125) amcl=(-2.758, -9.092) error=0.035 m / 0.000 rad; current_map=(-2.759, -9.086, 2.009) error=0.041 m / 0.000 rad; odom=(-4.367, -10.917, 2.009) error=2.414 m / 0.000 rad; ekf=(-4.367, -10.917, 2.009) error=2.414 m / 0.000 rad; RMS=0.152 m / 0.042 rad max=0.553 m / 0.180 rad samples=7526
[component_container-9] [INFO] [1788998787.850978108] [pure_pursuit_node]: Pure Pursuit: pose=(-2.907, -5.185, 1.310) cte=0.016 closest=998 target=1050 path_dist=0.016 heading_err=0.008 steer=-0.006 speed=5.010
[gpu_amcl_cpp_node-6] [INFO] [1788998787.855517222] [gpu_amcl_cpp]: AMCL local correction: odom_prediction=(-2.973, -5.428, 1.325) scan=(-2.971, -5.422, 1.318) correction=0.006 m/0.006 rad cluster_weight=0.960 publish=true
[gpu_amcl_cpp_node-6] [INFO] [1788998788.024338852] [gpu_amcl_cpp]: AMCL odom delta: at_scan=(9.487, -5.194, 2.916) baseline=(9.826, -5.271, 2.919) delta=(-0.339, 0.077, -0.003) moved=true scan_age=0.051s
[ground_truth_amcl_monitor-7] [INFO] [1788998788.024996117] [ground_truth_amcl_monitor]: AMCL vs GT: gt=(-2.786, -4.580) amcl=(-2.836, -4.908) error=0.333 m / 0.003 rad; current_map=(-2.759, -4.570, 1.345) error=0.028 m / 0.000 rad; odom=(-4.393, -6.329, 1.345) error=2.376 m / 0.000 rad; ekf=(-4.470, -6.668, 1.348) error=2.683 m / 0.003 rad; RMS=0.152 m / 0.042 rad max=0.553 m / 0.180 rad samples=7563
[component_container-9] [INFO] [1788998788.875356032] [pure_pursuit_node]: Pure Pursuit: pose=(-1.576, -0.064, 1.389) cte=-0.005 closest=1263 target=1313 path_dist=0.005 heading_err=-0.026 steer=-0.008 speed=4.028
[gpu_amcl_cpp_node-6] [INFO] [1788998788.880347596] [gpu_amcl_cpp]: AMCL local correction: odom_prediction=(-1.623, -0.304, 1.414) scan=(-1.624, -0.294, 1.410) correction=0.010 m/0.004 rad cluster_weight=0.924 publish=true
[gpu_amcl_cpp_node-6] [WARN] [1788998788.929987722] [gpu_amcl_cpp]: No local AMCL cluster near odometry prediction; using causal odometry pose.
[gpu_amcl_cpp_node-6] [INFO] [1788998789.048033832] [gpu_amcl_cpp]: AMCL odom delta: at_scan=(4.516, -3.906, 2.915) baseline=(4.763, -3.960, 2.934) delta=(-0.247, 0.054, -0.019) moved=true scan_age=0.050s
[ground_truth_amcl_monitor-7] [INFO] [1788998789.049659468] [ground_truth_amcl_monitor]: AMCL vs GT: gt=(-1.509, 0.339) amcl=(-1.553, 0.128) error=0.215 m / 0.019 rad; current_map=(-1.499, 0.375, 1.344) error=0.037 m / 0.000 rad; odom=(-3.105, -1.358, 1.344) error=2.329 m / 0.000 rad; ekf=(-3.105, -1.358, 1.344) error=2.329 m / 0.000 rad; RMS=0.152 m / 0.042 rad max=0.553 m / 0.180 rad samples=7601
[component_container-9] [INFO] [1788998789.898915128] [pure_pursuit_node]: Pure Pursuit: pose=(-1.347, 2.911, 1.857) cte=0.006 closest=1413 target=1457 path_dist=0.006 heading_err=-0.021 steer=0.142 speed=1.963
[gpu_amcl_cpp_node-6] [INFO] [1788998789.900366276] [gpu_amcl_cpp]: Received LiDAR callback #3840 (1081 ranges).
[gpu_amcl_cpp_node-6] [INFO] [1788998789.900441878] [gpu_amcl_cpp]: Starting AMCL scan update #3840 (sampled from 1081 ranges).
[gpu_amcl_cpp_node-6] [INFO] [1788998789.901251240] [gpu_amcl_cpp]: AMCL scan update #3840 completed; evaluating pose confidence.
[gpu_amcl_cpp_node-6] [INFO] [1788998789.903407884] [gpu_amcl_cpp]: AMCL local correction: odom_prediction=(-1.323, 2.825, 1.806) scan=(-1.326, 2.819, 1.801) correction=0.007 m/0.004 rad cluster_weight=0.977 publish=true
[gpu_amcl_cpp_node-6] [INFO] [1788998790.053593188] [gpu_amcl_cpp]: AMCL odom delta: at_scan=(1.776, -3.820, -2.786) baseline=(1.870, -3.788, -2.828) delta=(-0.094, -0.033, 0.042) moved=true scan_age=0.050s
[ground_truth_amcl_monitor-7] [INFO] [1788998790.054631029] [ground_truth_amcl_monitor]: AMCL vs GT: gt=(-1.428, 3.076) amcl=(-1.377, 3.002) error=0.089 m / 0.042 rad; current_map=(-1.410, 3.096, 1.926) error=0.027 m / 0.000 rad; odom=(-3.020, 1.382, 1.926) error=2.325 m / 0.000 rad; ekf=(-3.020, 1.382, 1.926) error=2.325 m / 0.000 rad; RMS=0.152 m / 0.042 rad max=0.553 m / 0.180 rad samples=7639
[component_container-9] [INFO] [1788998790.949351946] [pure_pursuit_node]: Pure Pursuit: pose=(-2.730, 3.725, -2.569) cte=0.014 closest=1509 target=1553 path_dist=0.014 heading_err=0.061 steer=0.377 speed=2.033
[gpu_amcl_cpp_node-6] [INFO] [1788998790.953938178] [gpu_amcl_cpp]: AMCL local correction: odom_prediction=(-2.638, 3.766, -2.681) scan=(-2.617, 3.753, -2.683) correction=0.025 m/0.002 rad cluster_weight=0.981 publish=true
[ground_truth_amcl_monitor-7] [INFO] [1788998791.058440416] [ground_truth_amcl_monitor]: AMCL vs GT: gt=(-2.768, 3.636) amcl=(-2.772, 3.651) error=0.015 m / 0.000 rad; current_map=(-2.780, 3.655, -2.454) error=0.023 m / 0.000 rad; odom=(-4.485, 1.954, -2.454) error=2.404 m / 0.000 rad; ekf=(-4.485, 1.954, -2.454) error=2.404 m / 0.000 rad; RMS=0.151 m / 0.042 rad max=0.553 m / 0.180 rad samples=7676
[gpu_amcl_cpp_node-6] [INFO] [1788998791.106100429] [gpu_amcl_cpp]: AMCL odom delta: at_scan=(1.269, -5.356, -0.778) baseline=(1.204, -5.286, -0.883) delta=(0.065, -0.071, 0.105) moved=true scan_age=0.053s
[component_container-9] [INFO] [1788998791.950122410] [pure_pursuit_node]: Pure Pursuit: pose=(-3.330, 1.201, -1.686) cte=0.018 closest=1641 target=1688 path_dist=0.018 heading_err=-0.006 steer=-0.106 speed=2.924
[gpu_amcl_cpp_node-6] [INFO] [1788998791.954633932] [gpu_amcl_cpp]: AMCL local correction: odom_prediction=(-3.311, 1.369, -1.675) scan=(-3.309, 1.377, -1.661) correction=0.008 m/0.014 rad cluster_weight=0.966 publish=true
[ground_truth_amcl_monitor-7] [INFO] [1788998792.103254755] [ground_truth_amcl_monitor]: AMCL vs GT: gt=(-3.392, 0.888) amcl=(-3.348, 1.062) error=0.179 m / 0.047 rad; current_map=(-3.375, 0.916, -1.776) error=0.033 m / 0.000 rad; odom=(-5.122, -0.786, -1.776) error=2.407 m / 0.000 rad; ekf=(-5.122, -0.786, -1.776) error=2.407 m / 0.000 rad; RMS=0.151 m / 0.042 rad max=0.553 m / 0.180 rad samples=7715
[gpu_amcl_cpp_node-6] [INFO] [1788998792.151729198] [gpu_amcl_cpp]: AMCL odom delta: at_scan=(4.072, -5.952, -0.254) baseline=(3.944, -5.922, -0.205) delta=(0.127, -0.030, -0.049) moved=true scan_age=0.049s
[component_container-9] [INFO] [1788998792.952861517] [pure_pursuit_node]: Pure Pursuit: pose=(-4.474, -0.482, -2.969) cte=-0.033 closest=1750 target=1793 path_dist=0.033 heading_err=0.063 steer=-0.334 speed=1.929
[gpu_amcl_cpp_node-6] [INFO] [1788998792.959076070] [gpu_amcl_cpp]: AMCL local correction: odom_prediction=(-4.377, -0.462, -2.872) scan=(-4.365, -0.452, -2.850) correction=0.016 m/0.022 rad cluster_weight=0.977 publish=true
[ground_truth_amcl_monitor-7] [INFO] [1788998793.132682357] [ground_truth_amcl_monitor]: AMCL vs GT: gt=(-4.721, -0.475) amcl=(-4.600, -0.487) error=0.121 m / 0.099 rad; current_map=(-4.701, -0.486, 3.077) error=0.022 m / 0.000 rad; odom=(-6.477, -2.147, 3.077) error=2.425 m / 0.000 rad; ekf=(-6.477, -2.147, 3.077) error=2.425 m / 0.000 rad; RMS=0.151 m / 0.042 rad max=0.553 m / 0.180 rad samples=7753
[gpu_amcl_cpp_node-6] [INFO] [1788998793.200463698] [gpu_amcl_cpp]: AMCL odom delta: at_scan=(5.288, -7.408, -1.768) baseline=(5.305, -7.278, -1.636) delta=(-0.017, -0.131, -0.133) moved=true scan_age=0.052s
[component_container-9] [INFO] [1788998793.971916619] [pure_pursuit_node]: Pure Pursuit: pose=(-5.943, 1.073, 1.774) cte=-0.039 closest=1867 target=1914 path_dist=0.039 heading_err=0.048 steer=-0.026 speed=3.990
[gpu_amcl_cpp_node-6] [INFO] [1788998793.976481251] [gpu_amcl_cpp]: AMCL local correction: odom_prediction=(-5.910, 0.922, 1.815) scan=(-5.912, 0.942, 1.813) correction=0.019 m/0.002 rad cluster_weight=0.956 publish=true
[ground_truth_amcl_monitor-7] [INFO] [1788998794.180901248] [ground_truth_amcl_monitor]: AMCL vs GT: gt=(-6.071, 1.692) amcl=(-6.023, 1.459) error=0.238 m / 0.026 rad; current_map=(-6.055, 1.664, 1.715) error=0.032 m / 0.000 rad; odom=(-7.844, 0.020, 1.715) error=2.436 m / 0.000 rad; ekf=(-7.844, 0.020, 1.715) error=2.436 m / 0.000 rad; RMS=0.151 m / 0.042 rad max=0.553 m / 0.180 rad samples=7791
[gpu_amcl_cpp_node-6] [INFO] [1788998794.247685736] [gpu_amcl_cpp]: AMCL odom delta: at_scan=(2.853, -8.683, -3.015) baseline=(3.138, -8.644, -2.997) delta=(-0.285, -0.039, -0.018) moved=true scan_age=0.050s
[gpu_amcl_cpp_node-6] [INFO] [1788998794.949526764] [gpu_amcl_cpp]: Received LiDAR callback #3933 (1081 ranges).
[gpu_amcl_cpp_node-6] [INFO] [1788998794.949608408] [gpu_amcl_cpp]: Starting AMCL scan update #3933 (sampled from 1081 ranges).
[gpu_amcl_cpp_node-6] [INFO] [1788998794.950166767] [gpu_amcl_cpp]: AMCL scan update #3933 completed; evaluating pose confidence.
[component_container-9] [INFO] [1788998794.998856736] [pure_pursuit_node]: Pure Pursuit: pose=(-5.820, 5.490, 1.281) cte=-0.011 closest=2091 target=2139 path_dist=0.011 heading_err=-0.050 steer=-0.138 speed=3.277
[gpu_amcl_cpp_node-6] [INFO] [1788998795.003185715] [gpu_amcl_cpp]: AMCL local correction: odom_prediction=(-5.877, 5.316, 1.252) scan=(-5.881, 5.307, 1.249) correction=0.010 m/0.004 rad cluster_weight=0.987 publish=true
[ground_truth_amcl_monitor-7] [INFO] [1788998795.204104430] [ground_truth_amcl_monitor]: AMCL vs GT: gt=(-5.629, 6.038) amcl=(-5.685, 5.845) error=0.201 m / 0.035 rad; current_map=(-5.620, 5.999, 1.155) error=0.041 m / 0.000 rad; odom=(-7.392, 4.383, 1.155) error=2.418 m / 0.000 rad; ekf=(-7.392, 4.383, 1.155) error=2.418 m / 0.000 rad; RMS=0.151 m / 0.042 rad max=0.553 m / 0.180 rad samples=7829
[gpu_amcl_cpp_node-6] [INFO] [1788998795.274061913] [gpu_amcl_cpp]: AMCL odom delta: at_scan=(-1.399, -8.108, 2.644) baseline=(-1.225, -8.193, 2.726) delta=(-0.174, 0.085, -0.081) moved=true scan_age=0.052s
[component_container-9] [INFO] [1788998796.045346880] [pure_pursuit_node]: Pure Pursuit: pose=(-3.708, 7.609, 0.185) cte=-0.051 closest=2246 target=2293 path_dist=0.051 heading_err=-0.018 steer=-0.189 speed=3.432
[gpu_amcl_cpp_node-6] [INFO] [1788998796.049512361] [gpu_amcl_cpp]: AMCL local correction: odom_prediction=(-3.856, 7.582, 0.237) scan=(-3.858, 7.587, 0.248) correction=0.005 m/0.011 rad cluster_weight=0.983 publish=true
[ground_truth_amcl_monitor-7] [INFO] [1788998796.250977384] [ground_truth_amcl_monitor]: AMCL vs GT: gt=(-3.183, 7.667) amcl=(-3.345, 7.656) error=0.162 m / 0.066 rad; current_map=(-3.172, 7.654, -0.044) error=0.017 m / 0.000 rad; odom=(-4.925, 6.008, -0.044) error=2.405 m / 0.000 rad; ekf=(-5.098, 6.009, 0.022) error=2.532 m / 0.066 rad; RMS=0.151 m / 0.042 rad max=0.553 m / 0.180 rad samples=7869
[gpu_amcl_cpp_node-6] [INFO] [1788998796.301628049] [gpu_amcl_cpp]: AMCL odom delta: at_scan=(-2.834, -5.549, 1.442) baseline=(-2.849, -5.726, 1.526) delta=(0.015, 0.177, -0.085) moved=true scan_age=0.052s
[WARNING] [launch]: user interrupted with ctrl-c (SIGINT)
[INFO] [actuator_interface-10]: sending signal 'SIGINT' to process[actuator_interface-10]
[INFO] [component_container-9]: sending signal 'SIGINT' to process[component_container-9]
[INFO] [calibration-8]: sending signal 'SIGINT' to process[calibration-8]
[INFO] [ground_truth_amcl_monitor-7]: sending signal 'SIGINT' to process[ground_truth_amcl_monitor-7]
[INFO] [gpu_amcl_cpp_node-6]: sending signal 'SIGINT' to process[gpu_amcl_cpp_node-6]
[INFO] [lifecycle_manager-5]: sending signal 'SIGINT' to process[lifecycle_manager-5]
[INFO] [map_server-4]: sending signal 'SIGINT' to process[map_server-4]
[INFO] [ekf_localization_node-3]: sending signal 'SIGINT' to process[ekf_localization_node-3]
[INFO] [sensor_odometry_node-2]: sending signal 'SIGINT' to process[sensor_odometry_node-2]
[INFO] [autodrive_bridge_40hz-1]: sending signal 'SIGINT' to process[autodrive_bridge_40hz-1]
[component_container-9] [INFO] [1788998797.074362491] [pure_pursuit_node]: Pure Pursuit: pose=(-0.506, 5.780, -1.011) cte=-0.021 closest=2440 target=2490 path_dist=0.021 heading_err=0.015 steer=-0.053 speed=5.164
[gpu_amcl_cpp_node-6] [INFO] [1788998797.078982798] [gpu_amcl_cpp]: AMCL local correction: odom_prediction=(-0.638, 5.979, -0.967) scan=(-0.639, 5.987, -0.965) correction=0.008 m/0.002 rad cluster_weight=0.977 publish=true
[gpu_amcl_cpp_node-6] [INFO] [1788998797.351997577] [gpu_amcl_cpp]: AMCL odom delta: at_scan=(0.075, -2.481, 0.399) baseline=(-0.164, -2.586, 0.427) delta=(0.239, 0.105, -0.028) moved=true scan_age=0.051s
[ground_truth_amcl_monitor-7] [INFO] [1788998797.301684576] [ground_truth_amcl_monitor]: AMCL vs GT: gt=(-0.069, 5.024) amcl=(-0.232, 5.346) error=0.361 m / 0.085 rad; current_map=(-0.082, 5.050, -1.143) error=0.029 m / 0.000 rad; odom=(-1.785, 3.322, -1.143) error=2.417 m / 0.000 rad; ekf=(-1.785, 3.322, -1.143) error=2.417 m / 0.000 rad; RMS=0.151 m / 0.042 rad max=0.553 m / 0.180 rad samples=7907
[component_container-9] [INFO] [1788998797.765186950] [rclcpp]: signal_handler(SIGINT/SIGTERM)
[gpu_amcl_cpp_node-6] [INFO] [1788998797.773643840] [rclcpp]: signal_handler(SIGINT/SIGTERM)
[lifecycle_manager-5] [INFO] [1788998797.775874854] [rclcpp]: signal_handler(SIGINT/SIGTERM)
[lifecycle_manager-5] [INFO] [1788998797.776002534] [lifecycle_manager_map]: Running Nav2 LifecycleManager rcl preshutdown (lifecycle_manager_map)
[lifecycle_manager-5] [INFO] [1788998797.776079218] [lifecycle_manager_map]: [34m[1mTerminating bond timer...[0m[0m
[map_server-4] [INFO] [1788998797.778437271] [rclcpp]: signal_handler(SIGINT/SIGTERM)
[map_server-4] [INFO] [1788998797.778574069] [map_server]: Running Nav2 LifecycleNode rcl preshutdown (map_server)
[map_server-4] [INFO] [1788998797.778684316] [map_server]: Deactivating
[map_server-4] [INFO] [1788998797.778719993] [map_server]: Destroying bond (map_server) to lifecycle manager.
[ekf_localization_node-3] [INFO] [1788998797.780937111] [rclcpp]: signal_handler(SIGINT/SIGTERM)
[sensor_odometry_node-2] [INFO] [1788998797.783481485] [rclcpp]: signal_handler(SIGINT/SIGTERM)
[autodrive_bridge_40hz-1] KeyboardInterrupt
[autodrive_bridge_40hz-1] 2026-09-10T00:06:37Z
[map_server-4] [INFO] [1788998797.789535096] [map_server]: Cleaning up
[map_server-4] [INFO] [1788998797.789759668] [map_server]: Destroying bond (map_server) to lifecycle manager.
[lifecycle_manager-5] [INFO] [1788998797.794621859] [lifecycle_manager_map]: Destroying lifecycle_manager_map
[autodrive_bridge_40hz-1] Traceback (most recent call last):
[autodrive_bridge_40hz-1]   File "/workspace/install/lib/sdu_apex_autodrive/autodrive_bridge_40hz", line 33, in <module>
[autodrive_bridge_40hz-1]     sys.exit(load_entry_point('sdu-apex-autodrive==0.3.0', 'console_scripts', 'autodrive_bridge_40hz')())
[autodrive_bridge_40hz-1]   File "/workspace/install/lib/python3.10/site-packages/sdu_apex_autodrive/bridge_40hz.py", line 443, in main
[autodrive_bridge_40hz-1]     official_bridge.main()
[autodrive_bridge_40hz-1]   File "/home/autodrive_devkit/install/autodrive_roboracer/lib/python3.10/site-packages/autodrive_roboracer/autodrive_bridge.py", line 442, in main
[autodrive_bridge_40hz-1]     pywsgi.WSGIServer(('', 4567), app, handler_class=WebSocketHandler).serve_forever() # Deploy as a gevent WSGI server
[autodrive_bridge_40hz-1]   File "/usr/local/lib/python3.10/dist-packages/gevent/baseserver.py", line 400, in serve_forever
[map_server-4] [INFO] [1788998797.798530417] [map_server]: Destroying
[autodrive_bridge_40hz-1]     self._stop_event.wait()
[autodrive_bridge_40hz-1]   File "src/gevent/event.py", line 163, in gevent._gevent_cevent.Event.wait
[autodrive_bridge_40hz-1]   File "src/gevent/_abstract_linkable.py", line 521, in gevent._gevent_c_abstract_linkable.AbstractLinkable._wait
[autodrive_bridge_40hz-1]   File "src/gevent/_abstract_linkable.py", line 487, in gevent._gevent_c_abstract_linkable.AbstractLinkable._wait_core
[autodrive_bridge_40hz-1]   File "src/gevent/_abstract_linkable.py", line 490, in gevent._gevent_c_abstract_linkable.AbstractLinkable._wait_core
[autodrive_bridge_40hz-1]   File "src/gevent/_abstract_linkable.py", line 442, in gevent._gevent_c_abstract_linkable.AbstractLinkable._AbstractLinkable__wait_to_be_notified
[autodrive_bridge_40hz-1]   File "src/gevent/_abstract_linkable.py", line 451, in gevent._gevent_c_abstract_linkable.AbstractLinkable._switch_to_hub
[autodrive_bridge_40hz-1]   File "src/gevent/_greenlet_primitives.py", line 61, in gevent._gevent_c_greenlet_primitives.SwitchOutGreenletWithLoop.switch
[autodrive_bridge_40hz-1]   File "src/gevent/_greenlet_primitives.py", line 65, in gevent._gevent_c_greenlet_primitives.SwitchOutGreenletWithLoop.switch
[autodrive_bridge_40hz-1]   File "src/gevent/_gevent_c_greenlet_primitives.pxd", line 35, in gevent._gevent_c_greenlet_primitives._greenlet_switch
[autodrive_bridge_40hz-1]   File "/usr/local/lib/python3.10/dist-packages/socketio/client.py", line 25, in signal_handler
[autodrive_bridge_40hz-1]     return original_signal_handler(sig, frame)
[autodrive_bridge_40hz-1] KeyboardInterrupt
[INFO] [component_container-9]: process has finished cleanly [pid 10749]
[INFO] [ekf_localization_node-3]: process has finished cleanly [pid 10737]
[INFO] [sensor_odometry_node-2]: process has finished cleanly [pid 10735]
[INFO] [lifecycle_manager-5]: process has finished cleanly [pid 10741]
[INFO] [map_server-4]: process has finished cleanly [pid 10739]
[INFO] [actuator_interface-10]: process has finished cleanly [pid 10751]
[ERROR] [autodrive_bridge_40hz-1]: process has died [pid 10733, exit code -2, cmd '/workspace/install/lib/sdu_apex_autodrive/autodrive_bridge_40hz --ros-args -r __node:=autodrive_bridge'].
[INFO] [gpu_amcl_cpp_node-6]: process has finished cleanly [pid 10743]
[INFO] [ground_truth_amcl_monitor-7]: process has finished cleanly [pid 10745]
[INFO] [calibration-8]: process has finished cleanly [pid 10747]
