event_index,arrival_monotonic_ns,topic,message_type,header_stamp_ns,simulation_time_s,payload_json
411,33204120384005,/autodrive/roboracer_1/left_encoder,JointState,1789404255216765480,,"{""position"":[0.0],""velocity"":[]}"
412,33204120547332,/autodrive/roboracer_1/right_encoder,JointState,1789404255216765480,,"{""position"":[0.0],""velocity"":[]}"
421,33204146027900,/autodrive/roboracer_1/left_encoder,JointState,1789404255241765480,,"{""position"":[0.0],""velocity"":[]}"
422,33204146228687,/autodrive/roboracer_1/right_encoder,JointState,1789404255241765480,,"{""position"":[0.0],""velocity"":[]}"
429,33204170701363,/autodrive/roboracer_1/left_encoder,JointState,1789404255266765493,,"{""position"":[0.0],""velocity"":[]}"
430,33204170878375,/autodrive/roboracer_1/right_encoder,JointState,1789404255266765493,,"{""position"":[0.0],""velocity"":[]}"
439,33204194287292,/autodrive/roboracer_1/left_encoder,JointState,1789404255291765480,,"{""position"":[0.0],""velocity"":[]}"
440,33204194449597,/autodrive/roboracer_1/right_encoder,JointState,1789404255291765480,,"{""position"":[0.0],""velocity"":[]}"
447,33204218664618,/autodrive/roboracer_1/left_encoder,JointState,1789404255316765490,,"{""position"":[0.0],""velocity"":[]}"
448,33204218852070,/autodrive/roboracer_1/right_encoder,JointState,1789404255316765490,,"{""position"":[0.0],""velocity"":[]}"
457,33204243842027,/autodrive/roboracer_1/left_encoder,JointState,1789404255341765495,,"{""position"":[0.0],""velocity"":[]}"
458,33204243969156,/autodrive/roboracer_1/right_encoder,JointState,1789404255341765495,,"{""position"":[0.0],""velocity"":[]}"
466,33204269561253,/autodrive/roboracer_1/left_encoder,JointState,1789404255366765501,,"{""position"":[0.0],""velocity"":[]}"
467,33204269690276,/autodrive/roboracer_1/right_encoder,JointState,1789404255366765501,,"{""position"":[0.0],""velocity"":[]}"
475,33204293406209,/autodrive/roboracer_1/left_encoder,JointState,1789404255391765507,,"{""position"":[0.0],""velocity"":[]}"
476,33204293550801,/autodrive/roboracer_1/right_encoder,JointState,1789404255391765507,,"{""position"":[0.0],""velocity"":[]}"
483,33204318671413,/autodrive/roboracer_1/left_encoder,JointState,1789404255416765480,,"{""position"":[0.0],""velocity"":[]}"
484,33204318818630,/autodrive/roboracer_1/right_encoder,JointState,1789404255416765480,,"{""position"":[0.0],""velocity"":[]}"
493,33204343600105,/autodrive/roboracer_1/left_encoder,JointState,1789404255441765480,,"{""position"":[0.0],""velocity"":[]}"
494,33204343747832,/autodrive/roboracer_1/right_encoder,JointState,1789404255441765480,,"{""position"":[0.0],""velocity"":[]}"
502,33204369939205,/autodrive/roboracer_1/left_encoder,JointState,1789404255466765495,,"{""position"":[0.0],""velocity"":[]}"
503,33204370092593,/autodrive/roboracer_1/right_encoder,JointState,1789404255466765495,,"{""position"":[0.0],""velocity"":[]}"
511,33204394066993,/autodrive/roboracer_1/left_encoder,JointState,1789404255491765501,,"{""position"":[0.0],""velocity"":[]}"
512,33204394191326,/autodrive/roboracer_1/right_encoder,JointState,1789404255491765501,,"{""position"":[0.0],""velocity"":[]}"
519,33204418936463,/autodrive/roboracer_1/left_encoder,JointState,1789404255516765507,,"{""position"":[0.0],""velocity"":[]}"
520,33204419097365,/autodrive/roboracer_1/right_encoder,JointState,1789404255516765507,,"{""position"":[0.0],""velocity"":[]}"
527,33204443080190,/autodrive/roboracer_1/left_encoder,JointState,1789404255541765513,,"{""position"":[0.0],""velocity"":[]}"
530,33204443795604,/autodrive/roboracer_1/right_encoder,JointState,1789404255541765513,,"{""position"":[0.0],""velocity"":[]}"
538,33204469373605,/autodrive/roboracer_1/left_encoder,JointState,1789404255566765480,,"{""position"":[0.0],""velocity"":[]}"
539,33204469510723,/autodrive/roboracer_1/right_encoder,JointState,1789404255566765480,,"{""position"":[0.0],""velocity"":[]}"
546,33204494331281,/autodrive/roboracer_1/left_encoder,JointState,1789404255592765512,,"{""position"":[0.0],""velocity"":[]}"
547,33204494456637,/autodrive/roboracer_1/right_encoder,JointState,1789404255592765512,,"{""position"":[0.0],""velocity"":[]}"
556,33204518753221,/autodrive/roboracer_1/left_encoder,JointState,1789404255616765480,,"{""position"":[0.0],""velocity"":[]}"
557,33204518889727,/autodrive/roboracer_1/right_encoder,JointState,1789404255616765480,,"{""position"":[0.0],""velocity"":[]}"
564,33204543772333,/autodrive/roboracer_1/left_encoder,JointState,1789404255641765480,,"{""position"":[0.0],""velocity"":[]}"
565,33204543896967,/autodrive/roboracer_1/right_encoder,JointState,1789404255641765480,,"{""position"":[0.0],""velocity"":[]}"
574,33204569241960,/autodrive/roboracer_1/left_encoder,JointState,1789404255666765513,,"{""position"":[0.0],""velocity"":[]}"
575,33204569378106,/autodrive/roboracer_1/right_encoder,JointState,1789404255666765513,,"{""position"":[0.0],""velocity"":[]}"
583,33204593883502,/autodrive/roboracer_1/left_encoder,JointState,1789404255691765480,,"{""position"":[0.0],""velocity"":[]}"
584,33204594043252,/autodrive/roboracer_1/right_encoder,JointState,1789404255691765480,,"{""position"":[0.0],""velocity"":[]}"
592,33204619413824,/autodrive/roboracer_1/left_encoder,JointState,1789404255716765525,,"{""position"":[0.0],""velocity"":[]}"
593,33204619597359,/autodrive/roboracer_1/right_encoder,JointState,1789404255716765525,,"{""position"":[0.0],""velocity"":[]}"
601,33204644940489,/autodrive/roboracer_1/left_encoder,JointState,1789404255741765480,,"{""position"":[0.0],""velocity"":[]}"
602,33204645091442,/autodrive/roboracer_1/right_encoder,JointState,1789404255741765480,,"{""position"":[0.0],""velocity"":[]}"
609,33204669970270,/autodrive/roboracer_1/left_encoder,JointState,1789404255766765537,,"{""position"":[0.0],""velocity"":[]}"
610,33204670133787,/autodrive/roboracer_1/right_encoder,JointState,1789404255766765537,,"{""position"":[0.0],""velocity"":[]}"
619,33204694498480,/autodrive/roboracer_1/left_encoder,JointState,1789404255791765513,,"{""position"":[0.0],""velocity"":[]}"
620,33204694661225,/autodrive/roboracer_1/right_encoder,JointState,1789404255791765513,,"{""position"":[0.0],""velocity"":[]}"
628,33204719101369,/autodrive/roboracer_1/left_encoder,JointState,1789404255816765480,,"{""position"":[0.0],""velocity"":[]}"
629,33204719323326,/autodrive/roboracer_1/right_encoder,JointState,1789404255816765480,,"{""position"":[0.0],""velocity"":[]}"
637,33204744542333,/autodrive/roboracer_1/left_encoder,JointState,1789404255841765525,,"{""position"":[0.0],""velocity"":[]}"
638,33204744686604,/autodrive/roboracer_1/right_encoder,JointState,1789404255841765525,,"{""position"":[0.0],""velocity"":[]}"
646,33204770083665,/autodrive/roboracer_1/left_encoder,JointState,1789404255866765480,,"{""position"":[0.0],""velocity"":[]}"
647,33204770282048,/autodrive/roboracer_1/right_encoder,JointState,1789404255866765480,,"{""position"":[0.0],""velocity"":[]}"
654,33204793588052,/autodrive/roboracer_1/left_encoder,JointState,1789404255891765537,,"{""position"":[0.0],""velocity"":[]}"
655,33204793740729,/autodrive/roboracer_1/right_encoder,JointState,1789404255891765537,,"{""position"":[0.0],""velocity"":[]}"
663,33204818474664,/autodrive/roboracer_1/left_encoder,JointState,1789404255916765513,,"{""position"":[0.0],""velocity"":[]}"
664,33204818621881,/autodrive/roboracer_1/right_encoder,JointState,1789404255916765513,,"{""position"":[0.0],""velocity"":[]}"
673,33204843752842,/autodrive/roboracer_1/left_encoder,JointState,1789404255941765549,,"{""position"":[0.0],""velocity"":[]}"
674,33204843941597,/autodrive/roboracer_1/right_encoder,JointState,1789404255941765549,,"{""position"":[0.0],""velocity"":[]}"
682,33204871174046,/autodrive/roboracer_1/left_encoder,JointState,1789404255966765525,,"{""position"":[0.0],""velocity"":[]}"
683,33204871338965,/autodrive/roboracer_1/right_encoder,JointState,1789404255966765525,,"{""position"":[0.0],""velocity"":[]}"
691,33204894132126,/autodrive/roboracer_1/left_encoder,JointState,1789404255991765480,,"{""position"":[0.0],""velocity"":[]}"
692,33204894295984,/autodrive/roboracer_1/right_encoder,JointState,1789404255991765480,,"{""position"":[0.0],""velocity"":[]}"
699,33204918964637,/autodrive/roboracer_1/left_encoder,JointState,1789404256016765537,,"{""position"":[0.0],""velocity"":[]}"
700,33204919132813,/autodrive/roboracer_1/right_encoder,JointState,1789404256016765537,,"{""position"":[0.0],""velocity"":[]}"
709,33204943833155,/autodrive/roboracer_1/left_encoder,JointState,1789404256041765513,,"{""position"":[0.0],""velocity"":[]}"
710,33204943970824,/autodrive/roboracer_1/right_encoder,JointState,1789404256041765513,,"{""position"":[0.0],""velocity"":[]}"
718,33204969357566,/autodrive/roboracer_1/left_encoder,JointState,1789404256065765480,,"{""position"":[0.0],""velocity"":[]}"
719,33204969541922,/autodrive/roboracer_1/right_encoder,JointState,1789404256065765480,,"{""position"":[0.0],""velocity"":[]}"
727,33204994034244,/autodrive/roboracer_1/left_encoder,JointState,1789404256091765580,,"{""position"":[0.0],""velocity"":[]}"
728,33204994211728,/autodrive/roboracer_1/right_encoder,JointState,1789404256091765580,,"{""position"":[0.0],""velocity"":[]}"
736,33205018672230,/autodrive/roboracer_1/left_encoder,JointState,1789404256116765560,,"{""position"":[0.0],""velocity"":[]}"
737,33205018815409,/autodrive/roboracer_1/right_encoder,JointState,1789404256116765560,,"{""position"":[0.0],""velocity"":[]}"
745,33205044011603,/autodrive/roboracer_1/left_encoder,JointState,1789404256141765480,,"{""position"":[0.0],""velocity"":[]}"
746,33205044166594,/autodrive/roboracer_1/right_encoder,JointState,1789404256141765480,,"{""position"":[0.0],""velocity"":[]}"
754,33205070602146,/autodrive/roboracer_1/left_encoder,JointState,1789404256166765480,,"{""position"":[0.0],""velocity"":[]}"
755,33205070766144,/autodrive/roboracer_1/right_encoder,JointState,1789404256166765480,,"{""position"":[0.0],""velocity"":[]}"
763,33205093795117,/autodrive/roboracer_1/left_encoder,JointState,1789404256191765480,,"{""position"":[0.0],""velocity"":[]}"
764,33205093933648,/autodrive/roboracer_1/right_encoder,JointState,1789404256191765480,,"{""position"":[0.0],""velocity"":[]}"
771,33205119105706,/autodrive/roboracer_1/left_encoder,JointState,1789404256216765580,,"{""position"":[0.0],""velocity"":[]}"
772,33205119257562,/autodrive/roboracer_1/right_encoder,JointState,1789404256216765580,,"{""position"":[0.0],""velocity"":[]}"
780,33205144019710,/autodrive/roboracer_1/left_encoder,JointState,1789404256241765560,,"{""position"":[0.0],""velocity"":[]}"
781,33205144154994,/autodrive/roboracer_1/right_encoder,JointState,1789404256241765560,,"{""position"":[0.0],""velocity"":[]}"
790,33205169573556,/autodrive/roboracer_1/left_encoder,JointState,1789404256266765480,,"{""position"":[0.0],""velocity"":[]}"
791,33205169722696,/autodrive/roboracer_1/right_encoder,JointState,1789404256266765480,,"{""position"":[0.0],""velocity"":[]}"
798,33205193743733,/autodrive/roboracer_1/left_encoder,JointState,1789404256291765480,,"{""position"":[0.0],""velocity"":[]}"
799,33205193873898,/autodrive/roboracer_1/right_encoder,JointState,1789404256291765480,,"{""position"":[0.0],""velocity"":[]}"
808,33205218572597,/autodrive/roboracer_1/left_encoder,JointState,1789404256316765480,,"{""position"":[0.0],""velocity"":[]}"
809,33205218709585,/autodrive/roboracer_1/right_encoder,JointState,1789404256316765480,,"{""position"":[0.0],""velocity"":[]}"
817,33205243693911,/autodrive/roboracer_1/left_encoder,JointState,1789404256341765580,,"{""position"":[0.0],""velocity"":[]}"
818,33205243861145,/autodrive/roboracer_1/right_encoder,JointState,1789404256341765580,,"{""position"":[0.0],""velocity"":[]}"
826,33205269575111,/autodrive/roboracer_1/left_encoder,JointState,1789404256366765560,,"{""position"":[0.0],""velocity"":[]}"
827,33205269730503,/autodrive/roboracer_1/right_encoder,JointState,1789404256366765560,,"{""position"":[0.0],""velocity"":[]}"
834,33205293663986,/autodrive/roboracer_1/left_encoder,JointState,1789404256391765480,,"{""position"":[0.0],""velocity"":[]}"
835,33205293826771,/autodrive/roboracer_1/right_encoder,JointState,1789404256391765480,,"{""position"":[0.0],""velocity"":[]}"
843,33205318981327,/autodrive/roboracer_1/left_encoder,JointState,1789404256416765480,,"{""position"":[0.0],""velocity"":[]}"
844,33205319149653,/autodrive/roboracer_1/right_encoder,JointState,1789404256416765480,,"{""position"":[0.0],""velocity"":[]}"
853,33205345228716,/autodrive/roboracer_1/left_encoder,JointState,1789404256440765560,,"{""position"":[0.0],""velocity"":[]}"
854,33205345377074,/autodrive/roboracer_1/right_encoder,JointState,1789404256440765560,,"{""position"":[0.0],""velocity"":[]}"
862,33205370462220,/autodrive/roboracer_1/left_encoder,JointState,1789404256466765580,,"{""position"":[0.0],""velocity"":[]}"
863,33205370597774,/autodrive/roboracer_1/right_encoder,JointState,1789404256466765580,,"{""position"":[0.0],""velocity"":[]}"
871,33205393924086,/autodrive/roboracer_1/left_encoder,JointState,1789404256491765560,,"{""position"":[0.0],""velocity"":[]}"
872,33205394079839,/autodrive/roboracer_1/right_encoder,JointState,1789404256491765560,,"{""position"":[0.0],""velocity"":[]}"
879,33205418784510,/autodrive/roboracer_1/left_encoder,JointState,1789404256516765480,,"{""position"":[0.0],""velocity"":[]}"
880,33205418910737,/autodrive/roboracer_1/right_encoder,JointState,1789404256516765480,,"{""position"":[0.0],""velocity"":[]}"
889,33205443571776,/autodrive/roboracer_1/left_encoder,JointState,1789404256541765480,,"{""position"":[0.0],""velocity"":[]}"
890,33205443710106,/autodrive/roboracer_1/right_encoder,JointState,1789404256541765480,,"{""position"":[0.0],""velocity"":[]}"
897,33205469525372,/autodrive/roboracer_1/left_encoder,JointState,1789404256566765610,,"{""position"":[0.0],""velocity"":[]}"
898,33205469677188,/autodrive/roboracer_1/right_encoder,JointState,1789404256566765610,,"{""position"":[0.0],""velocity"":[]}"
907,33205493780729,/autodrive/roboracer_1/left_encoder,JointState,1789404256591765580,,"{""position"":[0.0],""velocity"":[]}"
908,33205493922506,/autodrive/roboracer_1/right_encoder,JointState,1789404256591765580,,"{""position"":[0.0],""velocity"":[]}"
915,33205518478558,/autodrive/roboracer_1/left_encoder,JointState,1789404256616765560,,"{""position"":[0.0],""velocity"":[]}"
916,33205518621636,/autodrive/roboracer_1/right_encoder,JointState,1789404256616765560,,"{""position"":[0.0],""velocity"":[]}"
925,33205543896428,/autodrive/roboracer_1/left_encoder,JointState,1789404256641765480,,"{""position"":[0.0],""velocity"":[]}"
926,33205544056338,/autodrive/roboracer_1/right_encoder,JointState,1789404256641765480,,"{""position"":[0.0],""velocity"":[]}"
934,33205569862708,/autodrive/roboracer_1/left_encoder,JointState,1789404256666765480,,"{""position"":[0.0],""velocity"":[]}"
935,33205569984848,/autodrive/roboracer_1/right_encoder,JointState,1789404256666765480,,"{""position"":[0.0],""velocity"":[]}"
943,33205593734315,/autodrive/roboracer_1/left_encoder,JointState,1789404256691765610,,"{""position"":[0.0],""velocity"":[]}"
944,33205593921536,/autodrive/roboracer_1/right_encoder,JointState,1789404256691765610,,"{""position"":[0.0],""velocity"":[]}"
952,33205619411382,/autodrive/roboracer_1/left_encoder,JointState,1789404256716765580,,"{""position"":[0.0],""velocity"":[]}"
953,33205619582884,/autodrive/roboracer_1/right_encoder,JointState,1789404256716765580,,"{""position"":[0.0],""velocity"":[]}"
961,33205644033127,/autodrive/roboracer_1/left_encoder,JointState,1789404256741765560,,"{""position"":[0.0],""velocity"":[]}"
962,33205644198568,/autodrive/roboracer_1/right_encoder,JointState,1789404256741765560,,"{""position"":[0.0],""velocity"":[]}"
970,33205669971986,/autodrive/roboracer_1/left_encoder,JointState,1789404256766765480,,"{""position"":[0.0],""velocity"":[]}"
971,33205670131005,/autodrive/roboracer_1/right_encoder,JointState,1789404256766765480,,"{""position"":[0.0],""velocity"":[]}"
979,33205693642104,/autodrive/roboracer_1/left_encoder,JointState,1789404256791765480,,"{""position"":[0.0],""velocity"":[]}"
980,33205693760827,/autodrive/roboracer_1/right_encoder,JointState,1789404256791765480,,"{""position"":[0.0],""velocity"":[]}"
987,33205718740574,/autodrive/roboracer_1/left_encoder,JointState,1789404256816765610,,"{""position"":[0.0],""velocity"":[]}"
988,33205718898481,/autodrive/roboracer_1/right_encoder,JointState,1789404256816765610,,"{""position"":[0.0],""velocity"":[]}"
996,33205743673404,/autodrive/roboracer_1/left_encoder,JointState,1789404256841765580,,"{""position"":[0.0],""velocity"":[]}"
997,33205743833314,/autodrive/roboracer_1/right_encoder,JointState,1789404256841765580,,"{""position"":[0.0],""velocity"":[]}"
1005,33205769443706,/autodrive/roboracer_1/left_encoder,JointState,1789404256866765560,,"{""position"":[0.0],""velocity"":[]}"
1006,33205769586284,/autodrive/roboracer_1/right_encoder,JointState,1789404256866765560,,"{""position"":[0.0],""velocity"":[]}"
1014,33205794084006,/autodrive/roboracer_1/left_encoder,JointState,1789404256891765480,,"{""position"":[0.0],""velocity"":[]}"
1015,33205794256760,/autodrive/roboracer_1/right_encoder,JointState,1789404256891765480,,"{""position"":[0.0],""velocity"":[]}"
1024,33205819159984,/autodrive/roboracer_1/left_encoder,JointState,1789404256916765480,,"{""position"":[0.0],""velocity"":[]}"
1025,33205819363757,/autodrive/roboracer_1/right_encoder,JointState,1789404256916765480,,"{""position"":[0.0],""velocity"":[]}"
1032,33205844847050,/autodrive/roboracer_1/left_encoder,JointState,1789404256941765610,,"{""position"":[0.0],""velocity"":[]}"
1033,33205845020596,/autodrive/roboracer_1/right_encoder,JointState,1789404256941765610,,"{""position"":[0.0],""velocity"":[]}"
1041,33205871777992,/autodrive/roboracer_1/left_encoder,JointState,1789404256966765580,,"{""position"":[0.0],""velocity"":[]}"
1042,33205871965264,/autodrive/roboracer_1/right_encoder,JointState,1789404256966765580,,"{""position"":[0.0],""velocity"":[]}"
1051,33205893794084,/autodrive/roboracer_1/left_encoder,JointState,1789404256991765560,,"{""position"":[0.0],""velocity"":[]}"
1052,33205893989471,/autodrive/roboracer_1/right_encoder,JointState,1789404256991765560,,"{""position"":[0.0],""velocity"":[]}"
1060,33205919137234,/autodrive/roboracer_1/left_encoder,JointState,1789404257016765480,,"{""position"":[0.0],""velocity"":[]}"
1061,33205919301633,/autodrive/roboracer_1/right_encoder,JointState,1789404257016765480,,"{""position"":[0.0],""velocity"":[]}"
1068,33205943843788,/autodrive/roboracer_1/left_encoder,JointState,1789404257041765630,,"{""position"":[0.0],""velocity"":[]}"
1069,33205944041890,/autodrive/roboracer_1/right_encoder,JointState,1789404257041765630,,"{""position"":[0.0],""velocity"":[]}"
1077,33205969650248,/autodrive/roboracer_1/left_encoder,JointState,1789404257066765610,,"{""position"":[0.0],""velocity"":[]}"
1078,33205969773179,/autodrive/roboracer_1/right_encoder,JointState,1789404257066765610,,"{""position"":[0.0],""velocity"":[]}"
1086,33205993817810,/autodrive/roboracer_1/left_encoder,JointState,1789404257091765480,,"{""position"":[0.0],""velocity"":[]}"
1087,33205993974505,/autodrive/roboracer_1/right_encoder,JointState,1789404257091765480,,"{""position"":[0.0],""velocity"":[]}"
1095,33206018467899,/autodrive/roboracer_1/left_encoder,JointState,1789404257116765680,,"{""position"":[0.0],""velocity"":[]}"
1096,33206018635684,/autodrive/roboracer_1/right_encoder,JointState,1789404257116765680,,"{""position"":[0.0],""velocity"":[]}"
1104,33206044641559,/autodrive/roboracer_1/left_encoder,JointState,1789404257142765480,,"{""position"":[0.0],""velocity"":[]}"
1105,33206044812680,/autodrive/roboracer_1/right_encoder,JointState,1789404257142765480,,"{""position"":[0.0],""velocity"":[]}"
1114,33206069901272,/autodrive/roboracer_1/left_encoder,JointState,1789404257166765630,,"{""position"":[0.0],""velocity"":[]}"
1115,33206070072143,/autodrive/roboracer_1/right_encoder,JointState,1789404257166765630,,"{""position"":[0.0],""velocity"":[]}"
1122,33206094242400,/autodrive/roboracer_1/left_encoder,JointState,1789404257191765480,,"{""position"":[0.0],""velocity"":[]}"
1123,33206094397141,/autodrive/roboracer_1/right_encoder,JointState,1789404257191765480,,"{""position"":[0.0],""velocity"":[]}"
1132,33206118783063,/autodrive/roboracer_1/left_encoder,JointState,1789404257216765480,,"{""position"":[0.0],""velocity"":[]}"
1133,33206118935840,/autodrive/roboracer_1/right_encoder,JointState,1789404257216765480,,"{""position"":[0.0],""velocity"":[]}"
1140,33206143475671,/autodrive/roboracer_1/left_encoder,JointState,1789404257241765680,,"{""position"":[0.0],""velocity"":[]}"
1141,33206143602099,/autodrive/roboracer_1/right_encoder,JointState,1789404257241765680,,"{""position"":[0.0],""velocity"":[]}"
1150,33206167917919,/autodrive/roboracer_1/left_encoder,JointState,1789404257266765480,,"{""position"":[0.0],""velocity"":[]}"
1153,33206168760702,/autodrive/roboracer_1/right_encoder,JointState,1789404257266765480,,"{""position"":[0.0],""velocity"":[]}"
1162,33206193443182,/autodrive/roboracer_1/left_encoder,JointState,1789404257291765630,,"{""position"":[0.0],""velocity"":[]}"
1163,33206193583285,/autodrive/roboracer_1/right_encoder,JointState,1789404257291765630,,"{""position"":[0.0],""velocity"":[]}"
1172,33206218700100,/autodrive/roboracer_1/left_encoder,JointState,1789404257316765480,,"{""position"":[0.0],""velocity"":[]}"
1173,33206218862294,/autodrive/roboracer_1/right_encoder,JointState,1789404257316765480,,"{""position"":[0.0],""velocity"":[]}"
1181,33206244625343,/autodrive/roboracer_1/left_encoder,JointState,1789404257342765480,,"{""position"":[0.0],""velocity"":[]}"
1182,33206244807856,/autodrive/roboracer_1/right_encoder,JointState,1789404257342765480,,"{""position"":[0.0],""velocity"":[]}"
1193,33206268426858,/autodrive/roboracer_1/left_encoder,JointState,1789404257366765680,,"{""position"":[0.0],""velocity"":[]}"
1194,33206268582861,/autodrive/roboracer_1/right_encoder,JointState,1789404257366765680,,"{""position"":[0.0],""velocity"":[]}"
1203,33206293637168,/autodrive/roboracer_1/left_encoder,JointState,1789404257391765480,,"{""position"":[0.0],""velocity"":[]}"
1204,33206293757955,/autodrive/roboracer_1/right_encoder,JointState,1789404257391765480,,"{""position"":[0.0],""velocity"":[]}"
1213,33206319934350,/autodrive/roboracer_1/left_encoder,JointState,1789404257416765630,,"{""position"":[0.0],""velocity"":[]}"
1214,33206320107636,/autodrive/roboracer_1/right_encoder,JointState,1789404257416765630,,"{""position"":[0.0],""velocity"":[]}"
1223,33206344248748,/autodrive/roboracer_1/left_encoder,JointState,1789404257441765480,,"{""position"":[0.0],""velocity"":[]}"
1224,33206344424158,/autodrive/roboracer_1/right_encoder,JointState,1789404257441765480,,"{""position"":[0.0],""velocity"":[]}"
1233,33206372369475,/autodrive/roboracer_1/left_encoder,JointState,1789404257466765480,,"{""position"":[0.0],""velocity"":[]}"
1234,33206372602062,/autodrive/roboracer_1/right_encoder,JointState,1789404257466765480,,"{""position"":[0.0],""velocity"":[]}"
1243,33206393268528,/autodrive/roboracer_1/left_encoder,JointState,1789404257491765680,,"{""position"":[0.0],""velocity"":[]}"
1244,33206393424201,/autodrive/roboracer_1/right_encoder,JointState,1789404257491765680,,"{""position"":[0.0],""velocity"":[]}"
1251,33206419378328,/autodrive/roboracer_1/left_encoder,JointState,1789404257517765700,,"{""position"":[0.0],""velocity"":[]}"
1252,33206419526847,/autodrive/roboracer_1/right_encoder,JointState,1789404257517765700,,"{""position"":[0.0],""velocity"":[]}"
1264,33206443539538,/autodrive/roboracer_1/left_encoder,JointState,1789404257541765630,,"{""position"":[0.0],""velocity"":[]}"
1265,33206443663451,/autodrive/roboracer_1/right_encoder,JointState,1789404257541765630,,"{""position"":[0.0],""velocity"":[]}"
1275,33206468841141,/autodrive/roboracer_1/left_encoder,JointState,1789404257566765480,,"{""position"":[0.0],""velocity"":[]}"
1276,33206469025537,/autodrive/roboracer_1/right_encoder,JointState,1789404257566765480,,"{""position"":[0.0],""velocity"":[]}"
1283,33206492272790,/autodrive/roboracer_1/left_encoder,JointState,1789404257590765660,,"{""position"":[0.0],""velocity"":[]}"
1284,33206492479519,/autodrive/roboracer_1/right_encoder,JointState,1789404257590765660,,"{""position"":[0.0],""velocity"":[]}"
1295,33206518853755,/autodrive/roboracer_1/left_encoder,JointState,1789404257616765680,,"{""position"":[0.0],""velocity"":[]}"
1296,33206518975985,/autodrive/roboracer_1/right_encoder,JointState,1789404257616765680,,"{""position"":[0.0],""velocity"":[]}"
1305,33206544029291,/autodrive/roboracer_1/left_encoder,JointState,1789404257641765480,,"{""position"":[0.0],""velocity"":[]}"
1306,33206544181717,/autodrive/roboracer_1/right_encoder,JointState,1789404257641765480,,"{""position"":[0.0],""velocity"":[]}"
1314,33206568336786,/autodrive/roboracer_1/left_encoder,JointState,1789404257666765630,,"{""position"":[0.0],""velocity"":[]}"
1317,33206569221036,/autodrive/roboracer_1/right_encoder,JointState,1789404257666765630,,"{""position"":[0.0],""velocity"":[]}"
1326,33206593629541,/autodrive/roboracer_1/left_encoder,JointState,1789404257691765480,,"{""position"":[0.0],""velocity"":[]}"
1327,33206593827403,/autodrive/roboracer_1/right_encoder,JointState,1789404257691765480,,"{""position"":[0.0],""velocity"":[]}"
1335,33206618380879,/autodrive/roboracer_1/left_encoder,JointState,1789404257716765480,,"{""position"":[0.0],""velocity"":[]}"
1336,33206618498520,/autodrive/roboracer_1/right_encoder,JointState,1789404257716765480,,"{""position"":[0.0],""velocity"":[]}"
1346,33206643723899,/autodrive/roboracer_1/left_encoder,JointState,1789404257741765680,,"{""position"":[0.0],""velocity"":[]}"
1347,33206643873100,/autodrive/roboracer_1/right_encoder,JointState,1789404257741765680,,"{""position"":[0.0],""velocity"":[]}"
1355,33206668090185,/autodrive/roboracer_1/left_encoder,JointState,1789404257766765480,,"{""position"":[0.0],""velocity"":[]}"
1358,33206668911668,/autodrive/roboracer_1/right_encoder,JointState,1789404257766765480,,"{""position"":[0.0],""velocity"":[]}"
1366,33206692528996,/autodrive/roboracer_1/left_encoder,JointState,1789404257790765710,,"{""position"":[0.0],""velocity"":[]}"
1367,33206692676844,/autodrive/roboracer_1/right_encoder,JointState,1789404257790765710,,"{""position"":[0.0],""velocity"":[]}"
1376,33206718635640,/autodrive/roboracer_1/left_encoder,JointState,1789404257816765730,,"{""position"":[0.0],""velocity"":[]}"
1377,33206718791673,/autodrive/roboracer_1/right_encoder,JointState,1789404257816765730,,"{""position"":[0.0],""velocity"":[]}"
1387,33206743996534,/autodrive/roboracer_1/left_encoder,JointState,1789404257841765480,,"{""position"":[0.0],""velocity"":[]}"
1388,33206744186360,/autodrive/roboracer_1/right_encoder,JointState,1789404257841765480,,"{""position"":[0.0],""velocity"":[]}"
1398,33206768621024,/autodrive/roboracer_1/left_encoder,JointState,1789404257866765680,,"{""position"":[0.0],""velocity"":[]}"
1399,33206768751309,/autodrive/roboracer_1/right_encoder,JointState,1789404257866765680,,"{""position"":[0.0],""velocity"":[]}"
1408,33206794444186,/autodrive/roboracer_1/left_encoder,JointState,1789404257891765480,,"{""position"":[0.0],""velocity"":[]}"
1409,33206794582225,/autodrive/roboracer_1/right_encoder,JointState,1789404257891765480,,"{""position"":[0.0],""velocity"":[]}"
1418,33206819136964,/autodrive/roboracer_1/left_encoder,JointState,1789404257916765630,,"{""position"":[0.0],""velocity"":[]}"
1419,33206819306052,/autodrive/roboracer_1/right_encoder,JointState,1789404257916765630,,"{""position"":[0.0],""velocity"":[]}"
1428,33206843815145,/autodrive/roboracer_1/left_encoder,JointState,1789404257941765730,,"{""position"":[0.0],""velocity"":[]}"
1429,33206843970808,/autodrive/roboracer_1/right_encoder,JointState,1789404257941765730,,"{""position"":[0.0],""velocity"":[]}"
1439,33206868506431,/autodrive/roboracer_1/left_encoder,JointState,1789404257966765480,,"{""position"":[0.0],""velocity"":[]}"
1440,33206868649350,/autodrive/roboracer_1/right_encoder,JointState,1789404257966765480,,"{""position"":[0.0],""velocity"":[]}"
1448,33206902145874,/autodrive/roboracer_1/left_encoder,JointState,1789404257991765680,,"{""position"":[0.0],""velocity"":[]}"
1449,33206902283592,/autodrive/roboracer_1/right_encoder,JointState,1789404257991765680,,"{""position"":[0.0],""velocity"":[]}"
1459,33206919882607,/autodrive/roboracer_1/left_encoder,JointState,1789404258016765480,,"{""position"":[0.0],""velocity"":[]}"
1460,33206920077022,/autodrive/roboracer_1/right_encoder,JointState,1789404258016765480,,"{""position"":[0.0],""velocity"":[]}"
1467,33206943908894,/autodrive/roboracer_1/left_encoder,JointState,1789404258041765630,,"{""position"":[0.0],""velocity"":[]}"
1468,33206944189781,/autodrive/roboracer_1/right_encoder,JointState,1789404258041765630,,"{""position"":[0.0],""velocity"":[]}"
1478,33206968354057,/autodrive/roboracer_1/left_encoder,JointState,1789404258066765730,,"{""position"":[0.0],""velocity"":[]}"
1479,33206968527473,/autodrive/roboracer_1/right_encoder,JointState,1789404258066765730,,"{""position"":[0.0],""velocity"":[]}"
1490,33206994422740,/autodrive/roboracer_1/left_encoder,JointState,1789404258091765480,,"{""position"":[0.0],""velocity"":[]}"
1491,33206994617386,/autodrive/roboracer_1/right_encoder,JointState,1789404258091765480,,"{""position"":[0.0],""velocity"":[]}"
1499,33207020090791,/autodrive/roboracer_1/left_encoder,JointState,1789404258117765610,,"{""position"":[0.0],""velocity"":[]}"
1500,33207020238268,/autodrive/roboracer_1/right_encoder,JointState,1789404258117765610,,"{""position"":[0.0],""velocity"":[]}"
1510,33207044213569,/autodrive/roboracer_1/left_encoder,JointState,1789404258141765480,,"{""position"":[0.0],""velocity"":[]}"
1511,33207044357799,/autodrive/roboracer_1/right_encoder,JointState,1789404258141765480,,"{""position"":[0.0],""velocity"":[]}"
1521,33207068587108,/autodrive/roboracer_1/left_encoder,JointState,1789404258166765630,,"{""position"":[0.0],""velocity"":[]}"
1522,33207068733232,/autodrive/roboracer_1/right_encoder,JointState,1789404258166765630,,"{""position"":[0.0],""velocity"":[]}"
1531,33207093717528,/autodrive/roboracer_1/left_encoder,JointState,1789404258191765730,,"{""position"":[0.0],""velocity"":[]}"
1532,33207093831713,/autodrive/roboracer_1/right_encoder,JointState,1789404258191765730,,"{""position"":[0.0],""velocity"":[]}"
1541,33207118951894,/autodrive/roboracer_1/left_encoder,JointState,1789404258216765480,,"{""position"":[0.0],""velocity"":[]}"
1542,33207119115040,/autodrive/roboracer_1/right_encoder,JointState,1789404258216765480,,"{""position"":[0.0],""velocity"":[]}"
1551,33207143675951,/autodrive/roboracer_1/left_encoder,JointState,1789404258241765680,,"{""position"":[0.0],""velocity"":[]}"
1552,33207143819250,/autodrive/roboracer_1/right_encoder,JointState,1789404258241765680,,"{""position"":[0.0],""velocity"":[]}"
1560,33207168063827,/autodrive/roboracer_1/left_encoder,JointState,1789404258266765480,,"{""position"":[0.0],""velocity"":[]}"
1561,33207168203600,/autodrive/roboracer_1/right_encoder,JointState,1789404258266765480,,"{""position"":[0.0],""velocity"":[]}"
1571,33207193614878,/autodrive/roboracer_1/left_encoder,JointState,1789404258291765630,,"{""position"":[0.0],""velocity"":[]}"
1572,33207193765571,/autodrive/roboracer_1/right_encoder,JointState,1789404258291765630,,"{""position"":[0.0],""velocity"":[]}"
1581,33207218852810,/autodrive/roboracer_1/left_encoder,JointState,1789404258316765730,,"{""position"":[0.0],""velocity"":[]}"
1582,33207218980741,/autodrive/roboracer_1/right_encoder,JointState,1789404258316765730,,"{""position"":[0.0],""velocity"":[]}"
1591,33207243824563,/autodrive/roboracer_1/left_encoder,JointState,1789404258341765480,,"{""position"":[0.0],""velocity"":[]}"
1592,33207243940771,/autodrive/roboracer_1/right_encoder,JointState,1789404258341765480,,"{""position"":[0.0],""velocity"":[]}"
1603,33207269133699,/autodrive/roboracer_1/left_encoder,JointState,1789404258366765680,,"{""position"":[0.0],""velocity"":[]}"
1604,33207269325990,/autodrive/roboracer_1/right_encoder,JointState,1789404258366765680,,"{""position"":[0.0],""velocity"":[]}"
1613,33207293872284,/autodrive/roboracer_1/left_encoder,JointState,1789404258391765480,,"{""position"":[0.0],""velocity"":[]}"
1614,33207294042403,/autodrive/roboracer_1/right_encoder,JointState,1789404258391765480,,"{""position"":[0.0],""velocity"":[]}"
1622,33207319312386,/autodrive/roboracer_1/left_encoder,JointState,1789404258416765630,,"{""position"":[0.0],""velocity"":[]}"
1623,33207319601940,/autodrive/roboracer_1/right_encoder,JointState,1789404258416765630,,"{""position"":[0.0],""velocity"":[]}"
1633,33207344228504,/autodrive/roboracer_1/left_encoder,JointState,1789404258441765730,,"{""position"":[0.0],""velocity"":[]}"
1634,33207344381842,/autodrive/roboracer_1/right_encoder,JointState,1789404258441765730,,"{""position"":[0.0],""velocity"":[]}"
1642,33207369056446,/autodrive/roboracer_1/left_encoder,JointState,1789404258467765750,,"{""position"":[0.0],""velocity"":[]}"
1643,33207369211177,/autodrive/roboracer_1/right_encoder,JointState,1789404258467765750,,"{""position"":[0.0],""velocity"":[]}"
1654,33207393719138,/autodrive/roboracer_1/left_encoder,JointState,1789404258491765680,,"{""position"":[0.0],""velocity"":[]}"
1655,33207393886282,/autodrive/roboracer_1/right_encoder,JointState,1789404258491765680,,"{""position"":[0.0],""velocity"":[]}"
1664,33207419640625,/autodrive/roboracer_1/left_encoder,JointState,1789404258517765700,,"{""position"":[0.0],""velocity"":[]}"
1665,33207419775238,/autodrive/roboracer_1/right_encoder,JointState,1789404258517765700,,"{""position"":[0.0],""velocity"":[]}"
1673,33207443571863,/autodrive/roboracer_1/left_encoder,JointState,1789404258541765630,,"{""position"":[0.0],""velocity"":[]}"
1674,33207443697068,/autodrive/roboracer_1/right_encoder,JointState,1789404258541765630,,"{""position"":[0.0],""velocity"":[]}"
1683,33207468542453,/autodrive/roboracer_1/left_encoder,JointState,1789404258566765730,,"{""position"":[0.0],""velocity"":[]}"
1684,33207468693657,/autodrive/roboracer_1/right_encoder,JointState,1789404258566765730,,"{""position"":[0.0],""velocity"":[]}"
1695,33207493897276,/autodrive/roboracer_1/left_encoder,JointState,1789404258591765480,,"{""position"":[0.0],""velocity"":[]}"
1696,33207494057136,/autodrive/roboracer_1/right_encoder,JointState,1789404258591765480,,"{""position"":[0.0],""velocity"":[]}"
1704,33207519051290,/autodrive/roboracer_1/left_encoder,JointState,1789404258616765680,,"{""position"":[0.0],""velocity"":[]}"
1705,33207519229996,/autodrive/roboracer_1/right_encoder,JointState,1789404258616765680,,"{""position"":[0.0],""velocity"":[]}"
1714,33207544842652,/autodrive/roboracer_1/left_encoder,JointState,1789404258642765700,,"{""position"":[0.0],""velocity"":[]}"
1715,33207545040223,/autodrive/roboracer_1/right_encoder,JointState,1789404258642765700,,"{""position"":[0.0],""velocity"":[]}"
1725,33207567983777,/autodrive/roboracer_1/left_encoder,JointState,1789404258666765630,,"{""position"":[0.0],""velocity"":[]}"
1726,33207568128398,/autodrive/roboracer_1/right_encoder,JointState,1789404258666765630,,"{""position"":[0.0],""velocity"":[]}"
1735,33207593579491,/autodrive/roboracer_1/left_encoder,JointState,1789404258691765730,,"{""position"":[0.0],""velocity"":[]}"
1736,33207593702983,/autodrive/roboracer_1/right_encoder,JointState,1789404258691765730,,"{""position"":[0.0],""velocity"":[]}"
1746,33207618688602,/autodrive/roboracer_1/left_encoder,JointState,1789404258716765480,,"{""position"":[0.0],""velocity"":[]}"
1747,33207618829857,/autodrive/roboracer_1/right_encoder,JointState,1789404258716765480,,"{""position"":[0.0],""velocity"":[]}"
1756,33207643725617,/autodrive/roboracer_1/left_encoder,JointState,1789404258741765680,,"{""position"":[0.0],""velocity"":[]}"
1757,33207643868004,/autodrive/roboracer_1/right_encoder,JointState,1789404258741765680,,"{""position"":[0.0],""velocity"":[]}"
1767,33207668657324,/autodrive/roboracer_1/left_encoder,JointState,1789404258766765480,,"{""position"":[0.0],""velocity"":[]}"
1768,33207668806093,/autodrive/roboracer_1/right_encoder,JointState,1789404258766765480,,"{""position"":[0.0],""velocity"":[]}"
1775,33207693352507,/autodrive/roboracer_1/left_encoder,JointState,1789404258791765630,,"{""position"":[0.0],""velocity"":[]}"
1776,33207693495195,/autodrive/roboracer_1/right_encoder,JointState,1789404258791765630,,"{""position"":[0.0],""velocity"":[]}"
1787,33207718958922,/autodrive/roboracer_1/left_encoder,JointState,1789404258816765730,,"{""position"":[0.0],""velocity"":[]}"
1788,33207719120415,/autodrive/roboracer_1/right_encoder,JointState,1789404258816765730,,"{""position"":[0.0],""velocity"":[]}"
1796,33207744210099,/autodrive/roboracer_1/left_encoder,JointState,1789404258841765480,,"{""position"":[0.0],""velocity"":[]}"
1797,33207744357656,/autodrive/roboracer_1/right_encoder,JointState,1789404258841765480,,"{""position"":[0.0],""velocity"":[]}"
1806,33207768787771,/autodrive/roboracer_1/left_encoder,JointState,1789404258866765680,,"{""position"":[0.0],""velocity"":[]}"
1807,33207768985082,/autodrive/roboracer_1/right_encoder,JointState,1789404258866765680,,"{""position"":[0.0],""velocity"":[]}"
1818,33207793700633,/autodrive/roboracer_1/left_encoder,JointState,1789404258891765780,,"{""position"":[0.0],""velocity"":[]}"
1819,33207793869631,/autodrive/roboracer_1/right_encoder,JointState,1789404258891765780,,"{""position"":[0.0],""velocity"":[]}"
1828,33207818769108,/autodrive/roboracer_1/left_encoder,JointState,1789404258916765630,,"{""position"":[0.0],""velocity"":[]}"
1829,33207818922145,/autodrive/roboracer_1/right_encoder,JointState,1789404258916765630,,"{""position"":[0.0],""velocity"":[]}"
1838,33207844052425,/autodrive/roboracer_1/left_encoder,JointState,1789404258941765730,,"{""position"":[0.0],""velocity"":[]}"
1839,33207844200634,/autodrive/roboracer_1/right_encoder,JointState,1789404258941765730,,"{""position"":[0.0],""velocity"":[]}"
1849,33207868632272,/autodrive/roboracer_1/left_encoder,JointState,1789404258966765480,,"{""position"":[0.0],""velocity"":[]}"
1850,33207868766794,/autodrive/roboracer_1/right_encoder,JointState,1789404258966765480,,"{""position"":[0.0],""velocity"":[]}"
1859,33207893972186,/autodrive/roboracer_1/left_encoder,JointState,1789404258991765680,,"{""position"":[0.0],""velocity"":[]}"
1860,33207894131245,/autodrive/roboracer_1/right_encoder,JointState,1789404258991765680,,"{""position"":[0.0],""velocity"":[]}"
1868,33207918712464,/autodrive/roboracer_1/left_encoder,JointState,1789404259016765780,,"{""position"":[0.0],""velocity"":[]}"
1869,33207918866082,/autodrive/roboracer_1/right_encoder,JointState,1789404259016765780,,"{""position"":[0.0],""velocity"":[]}"
1879,33207945846347,/autodrive/roboracer_1/left_encoder,JointState,1789404259041765630,,"{""position"":[0.0],""velocity"":[]}"
1880,33207946064737,/autodrive/roboracer_1/right_encoder,JointState,1789404259041765630,,"{""position"":[0.0],""velocity"":[]}"
1890,33207970482119,/autodrive/roboracer_1/left_encoder,JointState,1789404259067765660,,"{""position"":[0.0],""velocity"":[]}"
1891,33207970623053,/autodrive/roboracer_1/right_encoder,JointState,1789404259067765660,,"{""position"":[0.0],""velocity"":[]}"
1900,33207995329037,/autodrive/roboracer_1/left_encoder,JointState,1789404259091765820,,"{""position"":[0.0],""velocity"":[]}"
1901,33207995503635,/autodrive/roboracer_1/right_encoder,JointState,1789404259091765820,,"{""position"":[0.0],""velocity"":[]}"
1909,33208019263070,/autodrive/roboracer_1/left_encoder,JointState,1789404259116765480,,"{""position"":[0.0],""velocity"":[]}"
1910,33208019434092,/autodrive/roboracer_1/right_encoder,JointState,1789404259116765480,,"{""position"":[0.0],""velocity"":[]}"
1919,33208044729983,/autodrive/roboracer_1/left_encoder,JointState,1789404259142765480,,"{""position"":[0.0],""velocity"":[]}"
1920,33208044901625,/autodrive/roboracer_1/right_encoder,JointState,1789404259142765480,,"{""position"":[0.0],""velocity"":[]}"
1929,33208068514025,/autodrive/roboracer_1/left_encoder,JointState,1789404259166765480,,"{""position"":[0.0],""velocity"":[]}"
1930,33208068742364,/autodrive/roboracer_1/right_encoder,JointState,1789404259166765480,,"{""position"":[0.0],""velocity"":[]}"
1939,33208093102097,/autodrive/roboracer_1/left_encoder,JointState,1789404259191765730,,"{""position"":[0.0],""velocity"":[]}"
1940,33208093229807,/autodrive/roboracer_1/right_encoder,JointState,1789404259191765730,,"{""position"":[0.0],""velocity"":[]}"
1951,33208118689816,/autodrive/roboracer_1/left_encoder,JointState,1789404259216765820,,"{""position"":[0.0],""velocity"":[]}"
1952,33208118836201,/autodrive/roboracer_1/right_encoder,JointState,1789404259216765820,,"{""position"":[0.0],""velocity"":[]}"
1960,33208143689802,/autodrive/roboracer_1/left_encoder,JointState,1789404259241765480,,"{""position"":[0.0],""velocity"":[]}"
1961,33208143817091,/autodrive/roboracer_1/right_encoder,JointState,1789404259241765480,,"{""position"":[0.0],""velocity"":[]}"
1969,33208168245323,/autodrive/roboracer_1/left_encoder,JointState,1789404259266765480,,"{""position"":[0.0],""velocity"":[]}"
1973,33208169637888,/autodrive/roboracer_1/right_encoder,JointState,1789404259266765480,,"{""position"":[0.0],""velocity"":[]}"
1982,33208194526384,/autodrive/roboracer_1/left_encoder,JointState,1789404259291765480,,"{""position"":[0.0],""velocity"":[]}"
1983,33208194709709,/autodrive/roboracer_1/right_encoder,JointState,1789404259291765480,,"{""position"":[0.0],""velocity"":[]}"
1992,33208220419467,/autodrive/roboracer_1/left_encoder,JointState,1789404259317765480,,"{""position"":[0.0],""velocity"":[]}"
1993,33208220602832,/autodrive/roboracer_1/right_encoder,JointState,1789404259317765480,,"{""position"":[0.0],""velocity"":[]}"
2002,33208243881174,/autodrive/roboracer_1/left_encoder,JointState,1789404259341765820,,"{""position"":[0.0],""velocity"":[]}"
2003,33208244040964,/autodrive/roboracer_1/right_encoder,JointState,1789404259341765820,,"{""position"":[0.0],""velocity"":[]}"
2011,33208268089352,/autodrive/roboracer_1/left_encoder,JointState,1789404259366765920,,"{""position"":[0.0],""velocity"":[]}"
2014,33208269034227,/autodrive/roboracer_1/right_encoder,JointState,1789404259366765920,,"{""position"":[0.0],""velocity"":[]}"
2021,33208293030818,/autodrive/roboracer_1/left_encoder,JointState,1789404259391765480,,"{""position"":[0.0],""velocity"":[]}"
2022,33208293159940,/autodrive/roboracer_1/right_encoder,JointState,1789404259391765480,,"{""position"":[0.0],""velocity"":[]}"
2032,33208318377945,/autodrive/roboracer_1/left_encoder,JointState,1789404259416765480,,"{""position"":[0.0],""velocity"":[]}"
2033,33208318521515,/autodrive/roboracer_1/right_encoder,JointState,1789404259416765480,,"{""position"":[0.0],""velocity"":[]}"
2041,33208346192387,/autodrive/roboracer_1/left_encoder,JointState,1789404259441765730,,"{""position"":[0.0],""velocity"":[]}"
2042,33208346375551,/autodrive/roboracer_1/right_encoder,JointState,1789404259441765730,,"{""position"":[0.0],""velocity"":[]}"
2054,33208368488885,/autodrive/roboracer_1/left_encoder,JointState,1789404259466765820,,"{""position"":[0.0],""velocity"":[]}"
2055,33208368643936,/autodrive/roboracer_1/right_encoder,JointState,1789404259466765820,,"{""position"":[0.0],""velocity"":[]}"
2064,33208394117552,/autodrive/roboracer_1/left_encoder,JointState,1789404259491765920,,"{""position"":[0.0],""velocity"":[]}"
2065,33208394265139,/autodrive/roboracer_1/right_encoder,JointState,1789404259491765920,,"{""position"":[0.0],""velocity"":[]}"
2074,33208419297876,/autodrive/roboracer_1/left_encoder,JointState,1789404259516765480,,"{""position"":[0.0],""velocity"":[]}"
2075,33208419456143,/autodrive/roboracer_1/right_encoder,JointState,1789404259516765480,,"{""position"":[0.0],""velocity"":[]}"
2083,33208444682364,/autodrive/roboracer_1/left_encoder,JointState,1789404259541765480,,"{""position"":[0.0],""velocity"":[]}"
2084,33208444819842,/autodrive/roboracer_1/right_encoder,JointState,1789404259541765480,,"{""position"":[0.0],""velocity"":[]}"
2093,33208468134692,/autodrive/roboracer_1/left_encoder,JointState,1789404259566765730,,"{""position"":[0.0],""velocity"":[]}"
2094,33208468322345,/autodrive/roboracer_1/right_encoder,JointState,1789404259566765730,,"{""position"":[0.0],""velocity"":[]}"
2104,33208493773688,/autodrive/roboracer_1/left_encoder,JointState,1789404259591765820,,"{""position"":[0.0],""velocity"":[]}"
2105,33208493932236,/autodrive/roboracer_1/right_encoder,JointState,1789404259591765820,,"{""position"":[0.0],""velocity"":[]}"
2114,33208518386266,/autodrive/roboracer_1/left_encoder,JointState,1789404259616765920,,"{""position"":[0.0],""velocity"":[]}"
2115,33208518543722,/autodrive/roboracer_1/right_encoder,JointState,1789404259616765920,,"{""position"":[0.0],""velocity"":[]}"
2124,33208543787075,/autodrive/roboracer_1/left_encoder,JointState,1789404259641765480,,"{""position"":[0.0],""velocity"":[]}"
2125,33208543947396,/autodrive/roboracer_1/right_encoder,JointState,1789404259641765480,,"{""position"":[0.0],""velocity"":[]}"
2134,33208568391106,/autodrive/roboracer_1/left_encoder,JointState,1789404259666765480,,"{""position"":[0.0],""velocity"":[]}"
2137,33208569273073,/autodrive/roboracer_1/right_encoder,JointState,1789404259666765480,,"{""position"":[0.0],""velocity"":[]}"
2145,33208593431839,/autodrive/roboracer_1/left_encoder,JointState,1789404259691765730,,"{""position"":[0.0],""velocity"":[]}"
2146,33208593686377,/autodrive/roboracer_1/right_encoder,JointState,1789404259691765730,,"{""position"":[0.0],""velocity"":[]}"
2156,33208620023444,/autodrive/roboracer_1/left_encoder,JointState,1789404259717765750,,"{""position"":[0.0],""velocity"":[]}"
2157,33208620160261,/autodrive/roboracer_1/right_encoder,JointState,1789404259717765750,,"{""position"":[0.0],""velocity"":[]}"
2165,33208643500569,/autodrive/roboracer_1/left_encoder,JointState,1789404259741765920,,"{""position"":[0.0],""velocity"":[]}"
2166,33208643622017,/autodrive/roboracer_1/right_encoder,JointState,1789404259741765920,,"{""position"":[0.0],""velocity"":[]}"
2177,33208669077708,/autodrive/roboracer_1/left_encoder,JointState,1789404259766765480,,"{""position"":[0.0],""velocity"":[]}"
2178,33208669234062,/autodrive/roboracer_1/right_encoder,JointState,1789404259766765480,,"{""position"":[0.0],""velocity"":[]}"
2187,33208694933642,/autodrive/roboracer_1/left_encoder,JointState,1789404259791765480,,"{""position"":[0.0],""velocity"":[]}"
2188,33208695117948,/autodrive/roboracer_1/right_encoder,JointState,1789404259791765480,,"{""position"":[0.0],""velocity"":[]}"
2196,33208718470630,/autodrive/roboracer_1/left_encoder,JointState,1789404259816765730,,"{""position"":[0.0],""velocity"":[]}"
2197,33208718625060,/autodrive/roboracer_1/right_encoder,JointState,1789404259816765730,,"{""position"":[0.0],""velocity"":[]}"
2207,33208743857802,/autodrive/roboracer_1/left_encoder,JointState,1789404259841765820,,"{""position"":[0.0],""velocity"":[]}"
2208,33208743995792,/autodrive/roboracer_1/right_encoder,JointState,1789404259841765820,,"{""position"":[0.0],""velocity"":[]}"
2216,33208768810419,/autodrive/roboracer_1/left_encoder,JointState,1789404259866765920,,"{""position"":[0.0],""velocity"":[]}"
2217,33208769016055,/autodrive/roboracer_1/right_encoder,JointState,1789404259866765920,,"{""position"":[0.0],""velocity"":[]}"
2227,33208793783244,/autodrive/roboracer_1/left_encoder,JointState,1789404259891765480,,"{""position"":[0.0],""velocity"":[]}"
2228,33208793931733,/autodrive/roboracer_1/right_encoder,JointState,1789404259891765480,,"{""position"":[0.0],""velocity"":[]}"
2237,33208821314704,/autodrive/roboracer_1/left_encoder,JointState,1789404259916765480,,"{""position"":[0.0],""velocity"":[]}"
2238,33208821492287,/autodrive/roboracer_1/right_encoder,JointState,1789404259916765480,,"{""position"":[0.0],""velocity"":[]}"
2247,33208843593008,/autodrive/roboracer_1/left_encoder,JointState,1789404259941765730,,"{""position"":[0.0],""velocity"":[]}"
2248,33208843715317,/autodrive/roboracer_1/right_encoder,JointState,1789404259941765730,,"{""position"":[0.0],""velocity"":[]}"
2259,33208868719130,/autodrive/roboracer_1/left_encoder,JointState,1789404259966765820,,"{""position"":[0.0],""velocity"":[]}"
2260,33208868886474,/autodrive/roboracer_1/right_encoder,JointState,1789404259966765820,,"{""position"":[0.0],""velocity"":[]}"
2269,33208893760273,/autodrive/roboracer_1/left_encoder,JointState,1789404259991765920,,"{""position"":[0.0],""velocity"":[]}"
2270,33208893895337,/autodrive/roboracer_1/right_encoder,JointState,1789404259991765920,,"{""position"":[0.0],""velocity"":[]}"
2279,33208919625594,/autodrive/roboracer_1/left_encoder,JointState,1789404260016765480,,"{""position"":[0.0],""velocity"":[]}"
2280,33208919803588,/autodrive/roboracer_1/right_encoder,JointState,1789404260016765480,,"{""position"":[0.0],""velocity"":[]}"
2288,33208943780232,/autodrive/roboracer_1/left_encoder,JointState,1789404260041765480,,"{""position"":[0.0],""velocity"":[]}"
2289,33208943980478,/autodrive/roboracer_1/right_encoder,JointState,1789404260041765480,,"{""position"":[0.0],""velocity"":[]}"
2298,33208968239452,/autodrive/roboracer_1/left_encoder,JointState,1789404260066765730,,"{""position"":[0.0],""velocity"":[]}"
2299,33208968399823,/autodrive/roboracer_1/right_encoder,JointState,1789404260066765730,,"{""position"":[0.0],""velocity"":[]}"
2309,33208993664686,/autodrive/roboracer_1/left_encoder,JointState,1789404260091765820,,"{""position"":[0.0],""velocity"":[]}"
2310,33208993834746,/autodrive/roboracer_1/right_encoder,JointState,1789404260091765820,,"{""position"":[0.0],""velocity"":[]}"
2320,33209020876276,/autodrive/roboracer_1/left_encoder,JointState,1789404260116765920,,"{""position"":[0.0],""velocity"":[]}"
2321,33209021082814,/autodrive/roboracer_1/right_encoder,JointState,1789404260116765920,,"{""position"":[0.0],""velocity"":[]}"
2329,33209043756149,/autodrive/roboracer_1/left_encoder,JointState,1789404260141765480,,"{""position"":[0.0],""velocity"":[]}"
2330,33209043941277,/autodrive/roboracer_1/right_encoder,JointState,1789404260141765480,,"{""position"":[0.0],""velocity"":[]}"
2339,33209068326648,/autodrive/roboracer_1/left_encoder,JointState,1789404260166765480,,"{""position"":[0.0],""velocity"":[]}"
2342,33209069192354,/autodrive/roboracer_1/right_encoder,JointState,1789404260166765480,,"{""position"":[0.0],""velocity"":[]}"
2349,33209093113323,/autodrive/roboracer_1/left_encoder,JointState,1789404260191765730,,"{""position"":[0.0],""velocity"":[]}"
2350,33209093272512,/autodrive/roboracer_1/right_encoder,JointState,1789404260191765730,,"{""position"":[0.0],""velocity"":[]}"
2360,33209118867345,/autodrive/roboracer_1/left_encoder,JointState,1789404260216765820,,"{""position"":[0.0],""velocity"":[]}"
2361,33209119099271,/autodrive/roboracer_1/right_encoder,JointState,1789404260216765820,,"{""position"":[0.0],""velocity"":[]}"
2370,33209143841993,/autodrive/roboracer_1/left_encoder,JointState,1789404260241765920,,"{""position"":[0.0],""velocity"":[]}"
2371,33209143993397,/autodrive/roboracer_1/right_encoder,JointState,1789404260241765920,,"{""position"":[0.0],""velocity"":[]}"
2380,33209170723412,/autodrive/roboracer_1/left_encoder,JointState,1789404260266765480,,"{""position"":[0.0],""velocity"":[]}"
2381,33209170908480,/autodrive/roboracer_1/right_encoder,JointState,1789404260266765480,,"{""position"":[0.0],""velocity"":[]}"
2390,33209193644814,/autodrive/roboracer_1/left_encoder,JointState,1789404260291765480,,"{""position"":[0.0],""velocity"":[]}"
2391,33209193781140,/autodrive/roboracer_1/right_encoder,JointState,1789404260291765480,,"{""position"":[0.0],""velocity"":[]}"
2398,33209218509395,/autodrive/roboracer_1/left_encoder,JointState,1789404260316765730,,"{""position"":[0.0],""velocity"":[]}"
2399,33209218689724,/autodrive/roboracer_1/right_encoder,JointState,1789404260316765730,,"{""position"":[0.0],""velocity"":[]}"
2407,33209242588591,/autodrive/roboracer_1/left_encoder,JointState,1789404260340765900,,"{""position"":[0.0],""velocity"":[]}"
2408,33209242755024,/autodrive/roboracer_1/right_encoder,JointState,1789404260340765900,,"{""position"":[0.0],""velocity"":[]}"
2417,33209269697468,/autodrive/roboracer_1/left_encoder,JointState,1789404260366765920,,"{""position"":[0.0],""velocity"":[]}"
2418,33209269828564,/autodrive/roboracer_1/right_encoder,JointState,1789404260366765920,,"{""position"":[0.0],""velocity"":[]}"
2425,33209293500616,/autodrive/roboracer_1/left_encoder,JointState,1789404260391765480,,"{""position"":[0.0],""velocity"":[]}"
2426,33209293632964,/autodrive/roboracer_1/right_encoder,JointState,1789404260391765480,,"{""position"":[0.0],""velocity"":[]}"
2435,33209318891255,/autodrive/roboracer_1/left_encoder,JointState,1789404260416765480,,"{""position"":[0.0],""velocity"":[]}"
2436,33209319087704,/autodrive/roboracer_1/right_encoder,JointState,1789404260416765480,,"{""position"":[0.0],""velocity"":[]}"
2444,33209344290390,/autodrive/roboracer_1/left_encoder,JointState,1789404260441765730,,"{""position"":[0.0],""velocity"":[]}"
2445,33209344456653,/autodrive/roboracer_1/right_encoder,JointState,1789404260441765730,,"{""position"":[0.0],""velocity"":[]}"
2453,33209371951284,/autodrive/roboracer_1/left_encoder,JointState,1789404260467765750,,"{""position"":[0.0],""velocity"":[]}"
2454,33209372106295,/autodrive/roboracer_1/right_encoder,JointState,1789404260467765750,,"{""position"":[0.0],""velocity"":[]}"
2461,33209394691134,/autodrive/roboracer_1/left_encoder,JointState,1789404260491765920,,"{""position"":[0.0],""velocity"":[]}"
2462,33209394846747,/autodrive/roboracer_1/right_encoder,JointState,1789404260491765920,,"{""position"":[0.0],""velocity"":[]}"
2471,33209419391577,/autodrive/roboracer_1/left_encoder,JointState,1789404260516765480,,"{""position"":[0.0],""velocity"":[]}"
2472,33209419593667,/autodrive/roboracer_1/right_encoder,JointState,1789404260516765480,,"{""position"":[0.0],""velocity"":[]}"
2480,33209445472533,/autodrive/roboracer_1/left_encoder,JointState,1789404260542765480,,"{""position"":[0.0],""velocity"":[]}"
2481,33209445678430,/autodrive/roboracer_1/right_encoder,JointState,1789404260542765480,,"{""position"":[0.0],""velocity"":[]}"
2488,33209470498408,/autodrive/roboracer_1/left_encoder,JointState,1789404260566765730,,"{""position"":[0.0],""velocity"":[]}"
2489,33209470716417,/autodrive/roboracer_1/right_encoder,JointState,1789404260566765730,,"{""position"":[0.0],""velocity"":[]}"
2498,33209494137948,/autodrive/roboracer_1/left_encoder,JointState,1789404260591765820,,"{""position"":[0.0],""velocity"":[]}"
2499,33209494324158,/autodrive/roboracer_1/right_encoder,JointState,1789404260591765820,,"{""position"":[0.0],""velocity"":[]}"
2506,33209518887764,/autodrive/roboracer_1/left_encoder,JointState,1789404260616765920,,"{""position"":[0.0],""velocity"":[]}"
2507,33209519085325,/autodrive/roboracer_1/right_encoder,JointState,1789404260616765920,,"{""position"":[0.0],""velocity"":[]}"
2516,33209546068385,/autodrive/roboracer_1/left_encoder,JointState,1789404260641765480,,"{""position"":[0.0],""velocity"":[]}"
2517,33209546211333,/autodrive/roboracer_1/right_encoder,JointState,1789404260641765480,,"{""position"":[0.0],""velocity"":[]}"
2525,33209571073470,/autodrive/roboracer_1/left_encoder,JointState,1789404260667765480,,"{""position"":[0.0],""velocity"":[]}"
2526,33209571226257,/autodrive/roboracer_1/right_encoder,JointState,1789404260667765480,,"{""position"":[0.0],""velocity"":[]}"
2533,33209594274647,/autodrive/roboracer_1/left_encoder,JointState,1789404260691765730,,"{""position"":[0.0],""velocity"":[]}"
2534,33209594481887,/autodrive/roboracer_1/right_encoder,JointState,1789404260691765730,,"{""position"":[0.0],""velocity"":[]}"
2542,33209620562121,/autodrive/roboracer_1/left_encoder,JointState,1789404260717765750,,"{""position"":[0.0],""velocity"":[]}"
2543,33209620757869,/autodrive/roboracer_1/right_encoder,JointState,1789404260717765750,,"{""position"":[0.0],""velocity"":[]}"
2552,33209644283295,/autodrive/roboracer_1/left_encoder,JointState,1789404260741765920,,"{""position"":[0.0],""velocity"":[]}"
2553,33209644469114,/autodrive/roboracer_1/right_encoder,JointState,1789404260741765920,,"{""position"":[0.0],""velocity"":[]}"
2560,33209670363189,/autodrive/roboracer_1/left_encoder,JointState,1789404260766765480,,"{""position"":[0.0],""velocity"":[]}"
2561,33209670547725,/autodrive/roboracer_1/right_encoder,JointState,1789404260766765480,,"{""position"":[0.0],""velocity"":[]}"
2569,33209694312691,/autodrive/roboracer_1/left_encoder,JointState,1789404260791765480,,"{""position"":[0.0],""velocity"":[]}"
2570,33209694463615,/autodrive/roboracer_1/right_encoder,JointState,1789404260791765480,,"{""position"":[0.0],""velocity"":[]}"
2578,33209719171221,/autodrive/roboracer_1/left_encoder,JointState,1789404260816765730,,"{""position"":[0.0],""velocity"":[]}"
2579,33209719341712,/autodrive/roboracer_1/right_encoder,JointState,1789404260816765730,,"{""position"":[0.0],""velocity"":[]}"
2588,33209744855071,/autodrive/roboracer_1/left_encoder,JointState,1789404260841765820,,"{""position"":[0.0],""velocity"":[]}"
2589,33209745023658,/autodrive/roboracer_1/right_encoder,JointState,1789404260841765820,,"{""position"":[0.0],""velocity"":[]}"
2595,33209770346400,/autodrive/roboracer_1/left_encoder,JointState,1789404260866765920,,"{""position"":[0.0],""velocity"":[]}"
2596,33209770519044,/autodrive/roboracer_1/right_encoder,JointState,1789404260866765920,,"{""position"":[0.0],""velocity"":[]}"
2605,33209793965352,/autodrive/roboracer_1/left_encoder,JointState,1789404260891765480,,"{""position"":[0.0],""velocity"":[]}"
2606,33209794151682,/autodrive/roboracer_1/right_encoder,JointState,1789404260891765480,,"{""position"":[0.0],""velocity"":[]}"
2615,33209819441962,/autodrive/roboracer_1/left_encoder,JointState,1789404260916765480,,"{""position"":[0.0],""velocity"":[]}"
2616,33209819617472,/autodrive/roboracer_1/right_encoder,JointState,1789404260916765480,,"{""position"":[0.0],""velocity"":[]}"
2623,33209847727699,/autodrive/roboracer_1/left_encoder,JointState,1789404260941765730,,"{""position"":[0.0],""velocity"":[]}"
2624,33209847926252,/autodrive/roboracer_1/right_encoder,JointState,1789404260941765730,,"{""position"":[0.0],""velocity"":[]}"
2632,33209870645354,/autodrive/roboracer_1/left_encoder,JointState,1789404260966765820,,"{""position"":[0.0],""velocity"":[]}"
2633,33209870812278,/autodrive/roboracer_1/right_encoder,JointState,1789404260966765820,,"{""position"":[0.0],""velocity"":[]}"
2642,33209894032220,/autodrive/roboracer_1/left_encoder,JointState,1789404260991765920,,"{""position"":[0.0],""velocity"":[]}"
2643,33209894185047,/autodrive/roboracer_1/right_encoder,JointState,1789404260991765920,,"{""position"":[0.0],""velocity"":[]}"
2651,33209918918732,/autodrive/roboracer_1/left_encoder,JointState,1789404261016765480,,"{""position"":[0.0],""velocity"":[]}"
2652,33209919096256,/autodrive/roboracer_1/right_encoder,JointState,1789404261016765480,,"{""position"":[0.0],""velocity"":[]}"
2659,33209944755961,/autodrive/roboracer_1/left_encoder,JointState,1789404261041765480,,"{""position"":[0.0],""velocity"":[]}"
2660,33209944881927,/autodrive/roboracer_1/right_encoder,JointState,1789404261041765480,,"{""position"":[0.0],""velocity"":[]}"
2668,33209968219871,/autodrive/roboracer_1/left_encoder,JointState,1789404261066765730,,"{""position"":[0.0],""velocity"":[]}"
2669,33209968383548,/autodrive/roboracer_1/right_encoder,JointState,1789404261066765730,,"{""position"":[0.0],""velocity"":[]}"
2680,33209994407527,/autodrive/roboracer_1/left_encoder,JointState,1789404261091765820,,"{""position"":[0.0],""velocity"":[]}"
2681,33209994561216,/autodrive/roboracer_1/right_encoder,JointState,1789404261091765820,,"{""position"":[0.0],""velocity"":[]}"
2690,33210019133068,/autodrive/roboracer_1/left_encoder,JointState,1789404261116765920,,"{""position"":[0.0],""velocity"":[]}"
2691,33210019302366,/autodrive/roboracer_1/right_encoder,JointState,1789404261116765920,,"{""position"":[0.0],""velocity"":[]}"
2700,33210043895878,/autodrive/roboracer_1/left_encoder,JointState,1789404261141765480,,"{""position"":[0.0],""velocity"":[]}"
2701,33210044049065,/autodrive/roboracer_1/right_encoder,JointState,1789404261141765480,,"{""position"":[0.0],""velocity"":[]}"
2709,33210068701568,/autodrive/roboracer_1/left_encoder,JointState,1789404261166765480,,"{""position"":[0.0],""velocity"":[]}"
2710,33210068854816,/autodrive/roboracer_1/right_encoder,JointState,1789404261166765480,,"{""position"":[0.0],""velocity"":[]}"
2721,33210095307090,/autodrive/roboracer_1/left_encoder,JointState,1789404261192765480,,"{""position"":[0.0],""velocity"":[]}"
2722,33210095447383,/autodrive/roboracer_1/right_encoder,JointState,1789404261192765480,,"{""position"":[0.0],""velocity"":[]}"
2731,33210118842555,/autodrive/roboracer_1/left_encoder,JointState,1789404261216765820,,"{""position"":[0.0],""velocity"":[]}"
2732,33210118987717,/autodrive/roboracer_1/right_encoder,JointState,1789404261216765820,,"{""position"":[0.0],""velocity"":[]}"
2740,33210143585528,/autodrive/roboracer_1/left_encoder,JointState,1789404261241765920,,"{""position"":[0.0],""velocity"":[]}"
2741,33210143726893,/autodrive/roboracer_1/right_encoder,JointState,1789404261241765920,,"{""position"":[0.0],""velocity"":[]}"
2751,33210167895066,/autodrive/roboracer_1/left_encoder,JointState,1789404261266765480,,"{""position"":[0.0],""velocity"":[]}"
2752,33210168044597,/autodrive/roboracer_1/right_encoder,JointState,1789404261266765480,,"{""position"":[0.0],""velocity"":[]}"
2761,33210193846158,/autodrive/roboracer_1/left_encoder,JointState,1789404261291765480,,"{""position"":[0.0],""velocity"":[]}"
2762,33210193984358,/autodrive/roboracer_1/right_encoder,JointState,1789404261291765480,,"{""position"":[0.0],""velocity"":[]}"
2771,33210218410075,/autodrive/roboracer_1/left_encoder,JointState,1789404261316765730,,"{""position"":[0.0],""velocity"":[]}"
2772,33210218565837,/autodrive/roboracer_1/right_encoder,JointState,1789404261316765730,,"{""position"":[0.0],""velocity"":[]}"
2781,33210243516801,/autodrive/roboracer_1/left_encoder,JointState,1789404261341765820,,"{""position"":[0.0],""velocity"":[]}"
2782,33210243637778,/autodrive/roboracer_1/right_encoder,JointState,1789404261341765820,,"{""position"":[0.0],""velocity"":[]}"
2791,33210268978935,/autodrive/roboracer_1/left_encoder,JointState,1789404261367765850,,"{""position"":[0.0],""velocity"":[]}"
2792,33210269134096,/autodrive/roboracer_1/right_encoder,JointState,1789404261367765850,,"{""position"":[0.0],""velocity"":[]}"
2803,33210294188344,/autodrive/roboracer_1/left_encoder,JointState,1789404261391766010,,"{""position"":[0.0],""velocity"":[]}"
2804,33210294362571,/autodrive/roboracer_1/right_encoder,JointState,1789404261391766010,,"{""position"":[0.0],""velocity"":[]}"
2812,33210319162821,/autodrive/roboracer_1/left_encoder,JointState,1789404261416765480,,"{""position"":[1.7213],""velocity"":[]}"
2813,33210319309928,/autodrive/roboracer_1/right_encoder,JointState,1789404261416765480,,"{""position"":[1.7213],""velocity"":[]}"
2822,33210343664581,/autodrive/roboracer_1/left_encoder,JointState,1789404261441765730,,"{""position"":[3.5507],""velocity"":[]}"
2823,33210343788123,/autodrive/roboracer_1/right_encoder,JointState,1789404261441765730,,"{""position"":[3.5507],""velocity"":[]}"
2832,33210368056024,/autodrive/roboracer_1/left_encoder,JointState,1789404261466765820,,"{""position"":[5.38],""velocity"":[]}"
2835,33210368906471,/autodrive/roboracer_1/right_encoder,JointState,1789404261466765820,,"{""position"":[5.38],""velocity"":[]}"
2842,33210393615971,/autodrive/roboracer_1/left_encoder,JointState,1789404261491765920,,"{""position"":[7.1897],""velocity"":[]}"
2843,33210393761905,/autodrive/roboracer_1/right_encoder,JointState,1789404261491765920,,"{""position"":[7.1897],""velocity"":[]}"
2852,33210418101761,/autodrive/roboracer_1/left_encoder,JointState,1789404261516766010,,"{""position"":[8.9863],""velocity"":[]}"
2853,33210418251933,/autodrive/roboracer_1/right_encoder,JointState,1789404261516766010,,"{""position"":[8.9863],""velocity"":[]}"
2864,33210443672699,/autodrive/roboracer_1/left_encoder,JointState,1789404261541765480,,"{""position"":[10.7829],""velocity"":[]}"
2865,33210443810518,/autodrive/roboracer_1/right_encoder,JointState,1789404261541765480,,"{""position"":[10.7829],""velocity"":[]}"
2873,33210469176421,/autodrive/roboracer_1/left_encoder,JointState,1789404261566765730,,"{""position"":[12.5762],""velocity"":[]}"
2874,33210469317496,/autodrive/roboracer_1/right_encoder,JointState,1789404261566765730,,"{""position"":[12.5795],""velocity"":[]}"
2884,33210493511989,/autodrive/roboracer_1/left_encoder,JointState,1789404261591765820,,"{""position"":[14.363],""velocity"":[]}"
2885,33210493662211,/autodrive/roboracer_1/right_encoder,JointState,1789404261591765820,,"{""position"":[14.363],""velocity"":[]}"
2894,33210518751675,/autodrive/roboracer_1/left_encoder,JointState,1789404261616765920,,"{""position"":[16.1498],""velocity"":[]}"
2895,33210518895274,/autodrive/roboracer_1/right_encoder,JointState,1789404261616765920,,"{""position"":[16.1498],""velocity"":[]}"
2904,33210544014574,/autodrive/roboracer_1/left_encoder,JointState,1789404261641766010,,"{""position"":[17.9267],""velocity"":[]}"
2905,33210544197488,/autodrive/roboracer_1/right_encoder,JointState,1789404261641766010,,"{""position"":[17.9267],""velocity"":[]}"
2914,33210569231768,/autodrive/roboracer_1/left_encoder,JointState,1789404261666765480,,"{""position"":[19.7004],""velocity"":[]}"
2917,33210570378471,/autodrive/roboracer_1/right_encoder,JointState,1789404261666765480,,"{""position"":[19.7004],""velocity"":[]}"
2925,33210594629601,/autodrive/roboracer_1/left_encoder,JointState,1789404261692765480,,"{""position"":[21.5461],""velocity"":[]}"
2926,33210594765075,/autodrive/roboracer_1/right_encoder,JointState,1789404261692765480,,"{""position"":[21.5461],""velocity"":[]}"
2935,33210618527456,/autodrive/roboracer_1/left_encoder,JointState,1789404261716765820,,"{""position"":[23.2412],""velocity"":[]}"
2936,33210618712153,/autodrive/roboracer_1/right_encoder,JointState,1789404261716765820,,"{""position"":[23.2412],""velocity"":[]}"
2946,33210645576931,/autodrive/roboracer_1/left_encoder,JointState,1789404261742765850,,"{""position"":[25.0738],""velocity"":[]}"
2947,33210645784842,/autodrive/roboracer_1/right_encoder,JointState,1789404261742765850,,"{""position"":[25.0771],""velocity"":[]}"
2954,33210668027969,/autodrive/roboracer_1/left_encoder,JointState,1789404261766766010,,"{""position"":[26.7592],""velocity"":[]}"
2958,33210669271575,/autodrive/roboracer_1/right_encoder,JointState,1789404261766766010,,"{""position"":[26.7592],""velocity"":[]}"
2965,33210693269198,/autodrive/roboracer_1/left_encoder,JointState,1789404261791765480,,"{""position"":[28.5132],""velocity"":[]}"
2966,33210693422566,/autodrive/roboracer_1/right_encoder,JointState,1789404261791765480,,"{""position"":[28.5132],""velocity"":[]}"
2977,33210718953259,/autodrive/roboracer_1/left_encoder,JointState,1789404261816765730,,"{""position"":[30.2149],""velocity"":[]}"
2978,33210719135451,/autodrive/roboracer_1/right_encoder,JointState,1789404261816765730,,"{""position"":[30.2149],""velocity"":[]}"
2986,33210743614488,/autodrive/roboracer_1/left_encoder,JointState,1789404261841765820,,"{""position"":[31.9166],""velocity"":[]}"
2987,33210743744011,/autodrive/roboracer_1/right_encoder,JointState,1789404261841765820,,"{""position"":[31.9166],""velocity"":[]}"
2997,33210768575631,/autodrive/roboracer_1/left_encoder,JointState,1789404261866765920,,"{""position"":[33.615],""velocity"":[]}"
2998,33210768713540,/autodrive/roboracer_1/right_encoder,JointState,1789404261866765920,,"{""position"":[33.615],""velocity"":[]}"
3007,33210794581736,/autodrive/roboracer_1/left_encoder,JointState,1789404261891766010,,"{""position"":[35.3167],""velocity"":[]}"
3008,33210794781742,/autodrive/roboracer_1/right_encoder,JointState,1789404261891766010,,"{""position"":[35.3167],""velocity"":[]}"
3017,33210818562327,/autodrive/roboracer_1/left_encoder,JointState,1789404261916765480,,"{""position"":[37.0152],""velocity"":[]}"
3018,33210818705105,/autodrive/roboracer_1/right_encoder,JointState,1789404261916765480,,"{""position"":[37.0152],""velocity"":[]}"
3028,33210843695713,/autodrive/roboracer_1/left_encoder,JointState,1789404261941765730,,"{""position"":[38.7169],""velocity"":[]}"
3029,33210843820808,/autodrive/roboracer_1/right_encoder,JointState,1789404261941765730,,"{""position"":[38.7169],""velocity"":[]}"
3037,33210868124416,/autodrive/roboracer_1/left_encoder,JointState,1789404261966765820,,"{""position"":[40.4153],""velocity"":[]}"
3038,33210868291169,/autodrive/roboracer_1/right_encoder,JointState,1789404261966765820,,"{""position"":[40.4153],""velocity"":[]}"
3049,33210893801463,/autodrive/roboracer_1/left_encoder,JointState,1789404261991765920,,"{""position"":[42.117],""velocity"":[]}"
3050,33210893923563,/autodrive/roboracer_1/right_encoder,JointState,1789404261991765920,,"{""position"":[42.117],""velocity"":[]}"
3059,33210917582590,/autodrive/roboracer_1/left_encoder,JointState,1789404262015765480,,"{""position"":[43.7467],""velocity"":[]}"
3060,33210917762057,/autodrive/roboracer_1/right_encoder,JointState,1789404262015765480,,"{""position"":[43.7467],""velocity"":[]}"
3068,33210943673124,/autodrive/roboracer_1/left_encoder,JointState,1789404262041765480,,"{""position"":[45.504],""velocity"":[]}"
3069,33210943808448,/autodrive/roboracer_1/right_encoder,JointState,1789404262041765480,,"{""position"":[45.5073],""velocity"":[]}"
3079,33210968140539,/autodrive/roboracer_1/left_encoder,JointState,1789404262066765730,,"{""position"":[47.1861],""velocity"":[]}"
3080,33210968284880,/autodrive/roboracer_1/right_encoder,JointState,1789404262066765730,,"{""position"":[47.1861],""velocity"":[]}"
3090,33210995029172,/autodrive/roboracer_1/left_encoder,JointState,1789404262091765820,,"{""position"":[48.8681],""velocity"":[]}"
3091,33210995178502,/autodrive/roboracer_1/right_encoder,JointState,1789404262091765820,,"{""position"":[48.8681],""velocity"":[]}"
3100,33211019848308,/autodrive/roboracer_1/left_encoder,JointState,1789404262116765920,,"{""position"":[50.5633],""velocity"":[]}"
3101,33211020043835,/autodrive/roboracer_1/right_encoder,JointState,1789404262116765920,,"{""position"":[50.5633],""velocity"":[]}"
3110,33211044723619,/autodrive/roboracer_1/left_encoder,JointState,1789404262141766010,,"{""position"":[52.2683],""velocity"":[]}"
3111,33211044870245,/autodrive/roboracer_1/right_encoder,JointState,1789404262141766010,,"{""position"":[52.2715],""velocity"":[]}"
3120,33211068289682,/autodrive/roboracer_1/left_encoder,JointState,1789404262166765480,,"{""position"":[53.983],""velocity"":[]}"
3121,33211068455714,/autodrive/roboracer_1/right_encoder,JointState,1789404262166765480,,"{""position"":[53.983],""velocity"":[]}"
3129,33211093317760,/autodrive/roboracer_1/left_encoder,JointState,1789404262191765730,,"{""position"":[55.6978],""velocity"":[]}"
3130,33211093454026,/autodrive/roboracer_1/right_encoder,JointState,1789404262191765730,,"{""position"":[55.7011],""velocity"":[]}"
3141,33211118952248,/autodrive/roboracer_1/left_encoder,JointState,1789404262216765820,,"{""position"":[57.4192],""velocity"":[]}"
3142,33211119135372,/autodrive/roboracer_1/right_encoder,JointState,1789404262216765820,,"{""position"":[57.4224],""velocity"":[]}"
3150,33211143693908,/autodrive/roboracer_1/left_encoder,JointState,1789404262241765920,,"{""position"":[59.1438],""velocity"":[]}"
3151,33211143856854,/autodrive/roboracer_1/right_encoder,JointState,1789404262241765920,,"{""position"":[59.1438],""velocity"":[]}"
3162,33211168289444,/autodrive/roboracer_1/left_encoder,JointState,1789404262266766010,,"{""position"":[60.8684],""velocity"":[]}"
3163,33211168421121,/autodrive/roboracer_1/right_encoder,JointState,1789404262266766010,,"{""position"":[60.8684],""velocity"":[]}"
3171,33211193531194,/autodrive/roboracer_1/left_encoder,JointState,1789404262291765480,,"{""position"":[62.593],""velocity"":[]}"
3172,33211193690403,/autodrive/roboracer_1/right_encoder,JointState,1789404262291765480,,"{""position"":[62.593],""velocity"":[]}"
3182,33211218838717,/autodrive/roboracer_1/left_encoder,JointState,1789404262316765730,,"{""position"":[64.3176],""velocity"":[]}"
3183,33211218988589,/autodrive/roboracer_1/right_encoder,JointState,1789404262316765730,,"{""position"":[64.3176],""velocity"":[]}"
3192,33211243891171,/autodrive/roboracer_1/left_encoder,JointState,1789404262341765820,,"{""position"":[66.0454],""velocity"":[]}"
3193,33211244042786,/autodrive/roboracer_1/right_encoder,JointState,1789404262341765820,,"{""position"":[66.0454],""velocity"":[]}"
3201,33211268816807,/autodrive/roboracer_1/left_encoder,JointState,1789404262366765920,,"{""position"":[67.77],""velocity"":[]}"
3202,33211268989081,/autodrive/roboracer_1/right_encoder,JointState,1789404262366765920,,"{""position"":[67.7733],""velocity"":[]}"
3212,33211293569048,/autodrive/roboracer_1/left_encoder,JointState,1789404262391766010,,"{""position"":[69.4979],""velocity"":[]}"
3213,33211293722255,/autodrive/roboracer_1/right_encoder,JointState,1789404262391766010,,"{""position"":[69.4979],""velocity"":[]}"
3223,33211319121431,/autodrive/roboracer_1/left_encoder,JointState,1789404262416765480,,"{""position"":[71.2258],""velocity"":[]}"
3224,33211319335202,/autodrive/roboracer_1/right_encoder,JointState,1789404262416765480,,"{""position"":[71.2258],""velocity"":[]}"
3231,33211344097301,/autodrive/roboracer_1/left_encoder,JointState,1789404262441765730,,"{""position"":[72.9537],""velocity"":[]}"
3232,33211344243245,/autodrive/roboracer_1/right_encoder,JointState,1789404262441765730,,"{""position"":[72.9537],""velocity"":[]}"
3242,33211369170254,/autodrive/roboracer_1/left_encoder,JointState,1789404262467765750,,"{""position"":[74.7503],""velocity"":[]}"
3243,33211369350282,/autodrive/roboracer_1/right_encoder,JointState,1789404262467765750,,"{""position"":[74.7503],""velocity"":[]}"
3253,33211395018884,/autodrive/roboracer_1/left_encoder,JointState,1789404262491765920,,"{""position"":[76.4062],""velocity"":[]}"
3254,33211395178584,/autodrive/roboracer_1/right_encoder,JointState,1789404262491765920,,"{""position"":[76.4094],""velocity"":[]}"
3263,33211419095184,/autodrive/roboracer_1/left_encoder,JointState,1789404262516766010,,"{""position"":[78.134],""velocity"":[]}"
3264,33211419249494,/autodrive/roboracer_1/right_encoder,JointState,1789404262516766010,,"{""position"":[78.1373],""velocity"":[]}"
3273,33211443782934,/autodrive/roboracer_1/left_encoder,JointState,1789404262541765480,,"{""position"":[79.8619],""velocity"":[]}"
3274,33211443979964,/autodrive/roboracer_1/right_encoder,JointState,1789404262541765480,,"{""position"":[79.8652],""velocity"":[]}"
3285,33211468592642,/autodrive/roboracer_1/left_encoder,JointState,1789404262566765730,,"{""position"":[81.5898],""velocity"":[]}"
3286,33211468727375,/autodrive/roboracer_1/right_encoder,JointState,1789404262566765730,,"{""position"":[81.5931],""velocity"":[]}"
3295,33211494771221,/autodrive/roboracer_1/left_encoder,JointState,1789404262591765820,,"{""position"":[83.3177],""velocity"":[]}"
3296,33211494934318,/autodrive/roboracer_1/right_encoder,JointState,1789404262591765820,,"{""position"":[83.3177],""velocity"":[]}"
3303,33211518360998,/autodrive/roboracer_1/left_encoder,JointState,1789404262616765920,,"{""position"":[85.0455],""velocity"":[]}"
3304,33211518510840,/autodrive/roboracer_1/right_encoder,JointState,1789404262616765920,,"{""position"":[85.0455],""velocity"":[]}"
3315,33211544144916,/autodrive/roboracer_1/left_encoder,JointState,1789404262641766010,,"{""position"":[86.7734],""velocity"":[]}"
3316,33211544326948,/autodrive/roboracer_1/right_encoder,JointState,1789404262641766010,,"{""position"":[86.7734],""velocity"":[]}"
3326,33211568433446,/autodrive/roboracer_1/left_encoder,JointState,1789404262666765480,,"{""position"":[88.5013],""velocity"":[]}"
3327,33211568573048,/autodrive/roboracer_1/right_encoder,JointState,1789404262666765480,,"{""position"":[88.5013],""velocity"":[]}"
3335,33211593696586,/autodrive/roboracer_1/left_encoder,JointState,1789404262691765730,,"{""position"":[90.2292],""velocity"":[]}"
3336,33211593853360,/autodrive/roboracer_1/right_encoder,JointState,1789404262691765730,,"{""position"":[90.2292],""velocity"":[]}"
3346,33211619181823,/autodrive/roboracer_1/left_encoder,JointState,1789404262716765820,,"{""position"":[91.9538],""velocity"":[]}"
3347,33211619374685,/autodrive/roboracer_1/right_encoder,JointState,1789404262716765820,,"{""position"":[91.957],""velocity"":[]}"
3356,33211643687109,/autodrive/roboracer_1/left_encoder,JointState,1789404262741765920,,"{""position"":[93.6816],""velocity"":[]}"
3357,33211643835047,/autodrive/roboracer_1/right_encoder,JointState,1789404262741765920,,"{""position"":[93.6849],""velocity"":[]}"
3365,33211668194029,/autodrive/roboracer_1/left_encoder,JointState,1789404262766766010,,"{""position"":[95.4095],""velocity"":[]}"
3368,33211669113977,/autodrive/roboracer_1/right_encoder,JointState,1789404262766766010,,"{""position"":[95.4128],""velocity"":[]}"
3376,33211693641024,/autodrive/roboracer_1/left_encoder,JointState,1789404262791765480,,"{""position"":[97.1374],""velocity"":[]}"
3377,33211693768664,/autodrive/roboracer_1/right_encoder,JointState,1789404262791765480,,"{""position"":[97.1407],""velocity"":[]}"
3387,33211719255674,/autodrive/roboracer_1/left_encoder,JointState,1789404262816765730,,"{""position"":[98.8653],""velocity"":[]}"
3388,33211719403462,/autodrive/roboracer_1/right_encoder,JointState,1789404262816765730,,"{""position"":[98.8653],""velocity"":[]}"
3396,33211744012763,/autodrive/roboracer_1/left_encoder,JointState,1789404262841765820,,"{""position"":[100.5931],""velocity"":[]}"
3397,33211744181490,/autodrive/roboracer_1/right_encoder,JointState,1789404262841765820,,"{""position"":[100.5931],""velocity"":[]}"
3408,33211768743153,/autodrive/roboracer_1/left_encoder,JointState,1789404262866765920,,"{""position"":[102.321],""velocity"":[]}"
3409,33211768895920,/autodrive/roboracer_1/right_encoder,JointState,1789404262866765920,,"{""position"":[102.321],""velocity"":[]}"
3418,33211794496163,/autodrive/roboracer_1/left_encoder,JointState,1789404262891766010,,"{""position"":[104.0489],""velocity"":[]}"
3419,33211794679898,/autodrive/roboracer_1/right_encoder,JointState,1789404262891766010,,"{""position"":[104.0489],""velocity"":[]}"
3425,33211818790974,/autodrive/roboracer_1/left_encoder,JointState,1789404262916765480,,"{""position"":[105.7768],""velocity"":[]}"
3429,33211819840044,/autodrive/roboracer_1/right_encoder,JointState,1789404262916765480,,"{""position"":[105.7768],""velocity"":[]}"
3438,33211843996436,/autodrive/roboracer_1/left_encoder,JointState,1789404262941765730,,"{""position"":[107.5046],""velocity"":[]}"
3439,33211844181583,/autodrive/roboracer_1/right_encoder,JointState,1789404262941765730,,"{""position"":[107.5046],""velocity"":[]}"
3447,33211869120885,/autodrive/roboracer_1/left_encoder,JointState,1789404262967765750,,"{""position"":[109.3012],""velocity"":[]}"
3448,33211869285765,/autodrive/roboracer_1/right_encoder,JointState,1789404262967765750,,"{""position"":[109.3012],""velocity"":[]}"
3458,33211894171075,/autodrive/roboracer_1/left_encoder,JointState,1789404262991765920,,"{""position"":[110.9571],""velocity"":[]}"
3459,33211894356133,/autodrive/roboracer_1/right_encoder,JointState,1789404262991765920,,"{""position"":[110.9604],""velocity"":[]}"
3468,33211919593855,/autodrive/roboracer_1/left_encoder,JointState,1789404263016766010,,"{""position"":[112.685],""velocity"":[]}"
3469,33211919764555,/autodrive/roboracer_1/right_encoder,JointState,1789404263016766010,,"{""position"":[112.6883],""velocity"":[]}"
3478,33211944322731,/autodrive/roboracer_1/left_encoder,JointState,1789404263041765480,,"{""position"":[114.4129],""velocity"":[]}"
3479,33211944491158,/autodrive/roboracer_1/right_encoder,JointState,1789404263041765480,,"{""position"":[114.4129],""velocity"":[]}"
3488,33211970370074,/autodrive/roboracer_1/left_encoder,JointState,1789404263067765480,,"{""position"":[116.2095],""velocity"":[]}"
3489,33211970559931,/autodrive/roboracer_1/right_encoder,JointState,1789404263067765480,,"{""position"":[116.2095],""velocity"":[]}"
3498,33211993569769,/autodrive/roboracer_1/left_encoder,JointState,1789404263091765480,,"{""position"":[117.8686],""velocity"":[]}"
3499,33211993722355,/autodrive/roboracer_1/right_encoder,JointState,1789404263091765480,,"{""position"":[117.8686],""velocity"":[]}"
3509,33212019038965,/autodrive/roboracer_1/left_encoder,JointState,1789404263116765480,,"{""position"":[119.5965],""velocity"":[]}"
3510,33212019193416,/autodrive/roboracer_1/right_encoder,JointState,1789404263116765480,,"{""position"":[119.5965],""velocity"":[]}"
3520,33212043725492,/autodrive/roboracer_1/left_encoder,JointState,1789404263141766480,,"{""position"":[121.3244],""velocity"":[]}"
3521,33212043853453,/autodrive/roboracer_1/right_encoder,JointState,1789404263141766480,,"{""position"":[121.3244],""velocity"":[]}"
3529,33212068571709,/autodrive/roboracer_1/left_encoder,JointState,1789404263166765480,,"{""position"":[123.0523],""velocity"":[]}"
3530,33212068728243,/autodrive/roboracer_1/right_encoder,JointState,1789404263166765480,,"{""position"":[123.0523],""velocity"":[]}"
3540,33212093565193,/autodrive/roboracer_1/left_encoder,JointState,1789404263191766480,,"{""position"":[124.7769],""velocity"":[]}"
3541,33212093690538,/autodrive/roboracer_1/right_encoder,JointState,1789404263191766480,,"{""position"":[124.7801],""velocity"":[]}"
3551,33212119343250,/autodrive/roboracer_1/left_encoder,JointState,1789404263216765480,,"{""position"":[126.5047],""velocity"":[]}"
3552,33212119510895,/autodrive/roboracer_1/right_encoder,JointState,1789404263216765480,,"{""position"":[126.508],""velocity"":[]}"
3561,33212143912256,/autodrive/roboracer_1/left_encoder,JointState,1789404263241765480,,"{""position"":[128.2326],""velocity"":[]}"
3562,33212144079781,/autodrive/roboracer_1/right_encoder,JointState,1789404263241765480,,"{""position"":[128.2359],""velocity"":[]}"
3570,33212168813466,/autodrive/roboracer_1/left_encoder,JointState,1789404263266766480,,"{""position"":[129.9605],""velocity"":[]}"
3571,33212168986451,/autodrive/roboracer_1/right_encoder,JointState,1789404263266766480,,"{""position"":[129.9638],""velocity"":[]}"
3582,33212194373624,/autodrive/roboracer_1/left_encoder,JointState,1789404263291765480,,"{""position"":[131.6884],""velocity"":[]}"
3583,33212194500683,/autodrive/roboracer_1/right_encoder,JointState,1789404263291765480,,"{""position"":[131.6884],""velocity"":[]}"
3592,33212220596587,/autodrive/roboracer_1/left_encoder,JointState,1789404263317765480,,"{""position"":[133.485],""velocity"":[]}"
3593,33212220730558,/autodrive/roboracer_1/right_encoder,JointState,1789404263317765480,,"{""position"":[133.485],""velocity"":[]}"
3602,33212243865651,/autodrive/roboracer_1/left_encoder,JointState,1789404263341765480,,"{""position"":[135.1441],""velocity"":[]}"
3603,33212243993071,/autodrive/roboracer_1/right_encoder,JointState,1789404263341765480,,"{""position"":[135.1441],""velocity"":[]}"
3613,33212268601591,/autodrive/roboracer_1/left_encoder,JointState,1789404263366765480,,"{""position"":[136.872],""velocity"":[]}"
3614,33212268721907,/autodrive/roboracer_1/right_encoder,JointState,1789404263366765480,,"{""position"":[136.872],""velocity"":[]}"
3622,33212293848601,/autodrive/roboracer_1/left_encoder,JointState,1789404263391766480,,"{""position"":[138.5999],""velocity"":[]}"
3623,33212294017438,/autodrive/roboracer_1/right_encoder,JointState,1789404263391766480,,"{""position"":[138.5999],""velocity"":[]}"
3632,33212318494471,/autodrive/roboracer_1/left_encoder,JointState,1789404263416765480,,"{""position"":[140.3245],""velocity"":[]}"
3633,33212318627962,/autodrive/roboracer_1/right_encoder,JointState,1789404263416765480,,"{""position"":[140.3277],""velocity"":[]}"
3643,33212344298247,/autodrive/roboracer_1/left_encoder,JointState,1789404263441766480,,"{""position"":[142.0523],""velocity"":[]}"
3644,33212344433701,/autodrive/roboracer_1/right_encoder,JointState,1789404263441766480,,"{""position"":[142.0556],""velocity"":[]}"
3652,33212368076368,/autodrive/roboracer_1/left_encoder,JointState,1789404263466765480,,"{""position"":[143.7802],""velocity"":[]}"
3653,33212368230808,/autodrive/roboracer_1/right_encoder,JointState,1789404263466765480,,"{""position"":[143.7835],""velocity"":[]}"
3663,33212393761420,/autodrive/roboracer_1/left_encoder,JointState,1789404263491765480,,"{""position"":[145.5081],""velocity"":[]}"
3664,33212393883820,/autodrive/roboracer_1/right_encoder,JointState,1789404263491765480,,"{""position"":[145.5114],""velocity"":[]}"
3673,33212418912890,/autodrive/roboracer_1/left_encoder,JointState,1789404263516766480,,"{""position"":[147.236],""velocity"":[]}"
3674,33212419080485,/autodrive/roboracer_1/right_encoder,JointState,1789404263516766480,,"{""position"":[147.236],""velocity"":[]}"
3684,33212445483816,/autodrive/roboracer_1/left_encoder,JointState,1789404263541765480,,"{""position"":[148.9639],""velocity"":[]}"
3685,33212445620894,/autodrive/roboracer_1/right_encoder,JointState,1789404263541765480,,"{""position"":[148.9639],""velocity"":[]}"
3693,33212468999384,/autodrive/roboracer_1/left_encoder,JointState,1789404263567765480,,"{""position"":[150.7605],""velocity"":[]}"
3694,33212469172549,/autodrive/roboracer_1/right_encoder,JointState,1789404263567765480,,"{""position"":[150.7605],""velocity"":[]}"
3703,33212494146095,/autodrive/roboracer_1/left_encoder,JointState,1789404263592766480,,"{""position"":[152.4883],""velocity"":[]}"
3704,33212494314972,/autodrive/roboracer_1/right_encoder,JointState,1789404263592766480,,"{""position"":[152.4883],""velocity"":[]}"
3714,33212518531126,/autodrive/roboracer_1/left_encoder,JointState,1789404263616765480,,"{""position"":[154.1475],""velocity"":[]}"
3715,33212518681518,/autodrive/roboracer_1/right_encoder,JointState,1789404263616765480,,"{""position"":[154.1475],""velocity"":[]}"
3724,33212543597927,/autodrive/roboracer_1/left_encoder,JointState,1789404263641766480,,"{""position"":[155.8754],""velocity"":[]}"
3725,33212543730927,/autodrive/roboracer_1/right_encoder,JointState,1789404263641766480,,"{""position"":[155.8754],""velocity"":[]}"
3734,33212568306566,/autodrive/roboracer_1/left_encoder,JointState,1789404263666765480,,"{""position"":[157.6],""velocity"":[]}"
3735,33212568595318,/autodrive/roboracer_1/right_encoder,JointState,1789404263666765480,,"{""position"":[157.6032],""velocity"":[]}"
3745,33212593685122,/autodrive/roboracer_1/left_encoder,JointState,1789404263691766480,,"{""position"":[159.3278],""velocity"":[]}"
3746,33212593812341,/autodrive/roboracer_1/right_encoder,JointState,1789404263691766480,,"{""position"":[159.3311],""velocity"":[]}"
3756,33212618570884,/autodrive/roboracer_1/left_encoder,JointState,1789404263716765480,,"{""position"":[161.0557],""velocity"":[]}"
3757,33212618726025,/autodrive/roboracer_1/right_encoder,JointState,1789404263716765480,,"{""position"":[161.059],""velocity"":[]}"
3766,33212644180695,/autodrive/roboracer_1/left_encoder,JointState,1789404263741765480,,"{""position"":[162.7836],""velocity"":[]}"
3767,33212644349812,/autodrive/roboracer_1/right_encoder,JointState,1789404263741765480,,"{""position"":[162.7836],""velocity"":[]}"
3775,33212668813942,/autodrive/roboracer_1/left_encoder,JointState,1789404263766766480,,"{""position"":[164.5115],""velocity"":[]}"
3776,33212668968632,/autodrive/roboracer_1/right_encoder,JointState,1789404263766766480,,"{""position"":[164.5115],""velocity"":[]}"
3787,33212695751286,/autodrive/roboracer_1/left_encoder,JointState,1789404263792766480,,"{""position"":[166.3081],""velocity"":[]}"
3788,33212695907539,/autodrive/roboracer_1/right_encoder,JointState,1789404263792766480,,"{""position"":[166.3081],""velocity"":[]}"
3796,33212718572920,/autodrive/roboracer_1/left_encoder,JointState,1789404263816766480,,"{""position"":[167.9672],""velocity"":[]}"
3797,33212718707853,/autodrive/roboracer_1/right_encoder,JointState,1789404263816766480,,"{""position"":[167.9672],""velocity"":[]}"
3807,33212743815431,/autodrive/roboracer_1/left_encoder,JointState,1789404263841765480,,"{""position"":[169.6951],""velocity"":[]}"
3808,33212744017710,/autodrive/roboracer_1/right_encoder,JointState,1789404263841765480,,"{""position"":[169.6951],""velocity"":[]}"
3817,33212768222783,/autodrive/roboracer_1/left_encoder,JointState,1789404263866765480,,"{""position"":[171.423],""velocity"":[]}"
3818,33212768402601,/autodrive/roboracer_1/right_encoder,JointState,1789404263866765480,,"{""position"":[171.423],""velocity"":[]}"
3828,33212793612251,/autodrive/roboracer_1/left_encoder,JointState,1789404263891766480,,"{""position"":[173.1476],""velocity"":[]}"
3829,33212793747926,/autodrive/roboracer_1/right_encoder,JointState,1789404263891766480,,"{""position"":[173.1508],""velocity"":[]}"
3837,33212818442137,/autodrive/roboracer_1/left_encoder,JointState,1789404263916765480,,"{""position"":[174.8755],""velocity"":[]}"
3838,33212818575898,/autodrive/roboracer_1/right_encoder,JointState,1789404263916765480,,"{""position"":[174.8787],""velocity"":[]}"
3848,33212843213844,/autodrive/roboracer_1/left_encoder,JointState,1789404263940765480,,"{""position"":[176.5346],""velocity"":[]}"
3849,33212843388893,/autodrive/roboracer_1/right_encoder,JointState,1789404263940765480,,"{""position"":[176.5379],""velocity"":[]}"
3857,33212868184654,/autodrive/roboracer_1/left_encoder,JointState,1789404263966765480,,"{""position"":[178.3312],""velocity"":[]}"
3860,33212868987422,/autodrive/roboracer_1/right_encoder,JointState,1789404263966765480,,"{""position"":[178.3345],""velocity"":[]}"
3868,33212893527654,/autodrive/roboracer_1/left_encoder,JointState,1789404263991765480,,"{""position"":[180.0591],""velocity"":[]}"
3869,33212893680712,/autodrive/roboracer_1/right_encoder,JointState,1789404263991765480,,"{""position"":[180.0591],""velocity"":[]}"
3879,33212919123279,/autodrive/roboracer_1/left_encoder,JointState,1789404264016766480,,"{""position"":[181.787],""velocity"":[]}"
3880,33212919262590,/autodrive/roboracer_1/right_encoder,JointState,1789404264016766480,,"{""position"":[181.787],""velocity"":[]}"
3888,33212944406586,/autodrive/roboracer_1/left_encoder,JointState,1789404264041765480,,"{""position"":[183.5148],""velocity"":[]}"
3889,33212944608466,/autodrive/roboracer_1/right_encoder,JointState,1789404264041765480,,"{""position"":[183.5148],""velocity"":[]}"
3898,33212968896444,/autodrive/roboracer_1/left_encoder,JointState,1789404264066766480,,"{""position"":[185.2427],""velocity"":[]}"
3899,33212969044171,/autodrive/roboracer_1/right_encoder,JointState,1789404264066766480,,"{""position"":[185.2427],""velocity"":[]}"
3909,33212994095674,/autodrive/roboracer_1/left_encoder,JointState,1789404264091765480,,"{""position"":[186.9706],""velocity"":[]}"
3910,33212994240726,/autodrive/roboracer_1/right_encoder,JointState,1789404264091765480,,"{""position"":[186.9706],""velocity"":[]}"
3917,33213018877940,/autodrive/roboracer_1/left_encoder,JointState,1789404264116765480,,"{""position"":[188.6985],""velocity"":[]}"
3918,33213019037190,/autodrive/roboracer_1/right_encoder,JointState,1789404264116765480,,"{""position"":[188.6985],""velocity"":[]}"
3926,33213044132545,/autodrive/roboracer_1/left_encoder,JointState,1789404264141766480,,"{""position"":[188.7672],""velocity"":[]}"
3927,33213044294338,/autodrive/roboracer_1/right_encoder,JointState,1789404264141766480,,"{""position"":[188.7672],""velocity"":[]}"
3935,33213070254377,/autodrive/roboracer_1/left_encoder,JointState,1789404264166765480,,"{""position"":[188.7672],""velocity"":[]}"
3936,33213070438333,/autodrive/roboracer_1/right_encoder,JointState,1789404264166765480,,"{""position"":[188.7672],""velocity"":[]}"
3944,33213093706075,/autodrive/roboracer_1/left_encoder,JointState,1789404264191766480,,"{""position"":[188.7672],""velocity"":[]}"
3945,33213093865104,/autodrive/roboracer_1/right_encoder,JointState,1789404264191766480,,"{""position"":[188.7672],""velocity"":[]}"
3954,33213119173619,/autodrive/roboracer_1/left_encoder,JointState,1789404264216765480,,"{""position"":[188.7672],""velocity"":[]}"
3955,33213119343308,/autodrive/roboracer_1/right_encoder,JointState,1789404264216765480,,"{""position"":[188.7672],""velocity"":[]}"
3963,33213144265527,/autodrive/roboracer_1/left_encoder,JointState,1789404264241765480,,"{""position"":[188.7672],""velocity"":[]}"
3964,33213144420418,/autodrive/roboracer_1/right_encoder,JointState,1789404264241765480,,"{""position"":[188.7672],""velocity"":[]}"
3971,33213170955096,/autodrive/roboracer_1/left_encoder,JointState,1789404264266766480,,"{""position"":[188.7672],""velocity"":[]}"
3972,33213171133351,/autodrive/roboracer_1/right_encoder,JointState,1789404264266766480,,"{""position"":[188.7672],""velocity"":[]}"
3980,33213194064641,/autodrive/roboracer_1/left_encoder,JointState,1789404264291765480,,"{""position"":[188.7672],""velocity"":[]}"
3981,33213194210625,/autodrive/roboracer_1/right_encoder,JointState,1789404264291765480,,"{""position"":[188.7672],""velocity"":[]}"
3990,33213218423122,/autodrive/roboracer_1/left_encoder,JointState,1789404264316766480,,"{""position"":[188.7672],""velocity"":[]}"
3991,33213218561883,/autodrive/roboracer_1/right_encoder,JointState,1789404264316766480,,"{""position"":[188.7672],""velocity"":[]}"
3998,33213243900685,/autodrive/roboracer_1/left_encoder,JointState,1789404264341765480,,"{""position"":[188.7672],""velocity"":[]}"
3999,33213244063210,/autodrive/roboracer_1/right_encoder,JointState,1789404264341765480,,"{""position"":[188.7672],""velocity"":[]}"
4008,33213270016025,/autodrive/roboracer_1/left_encoder,JointState,1789404264366766480,,"{""position"":[188.7672],""velocity"":[]}"
4009,33213270170165,/autodrive/roboracer_1/right_encoder,JointState,1789404264366766480,,"{""position"":[188.7672],""velocity"":[]}"
4017,33213293556189,/autodrive/roboracer_1/left_encoder,JointState,1789404264391766480,,"{""position"":[188.7672],""velocity"":[]}"
4018,33213293679451,/autodrive/roboracer_1/right_encoder,JointState,1789404264391766480,,"{""position"":[188.7672],""velocity"":[]}"
4026,33213318502003,/autodrive/roboracer_1/left_encoder,JointState,1789404264416765480,,"{""position"":[188.7672],""velocity"":[]}"
4027,33213318626567,/autodrive/roboracer_1/right_encoder,JointState,1789404264416765480,,"{""position"":[188.7672],""velocity"":[]}"
4035,33213343695202,/autodrive/roboracer_1/left_encoder,JointState,1789404264441766480,,"{""position"":[188.7672],""velocity"":[]}"
4036,33213343814165,/autodrive/roboracer_1/right_encoder,JointState,1789404264441766480,,"{""position"":[188.7672],""velocity"":[]}"
4044,33213370323075,/autodrive/roboracer_1/left_encoder,JointState,1789404264466765480,,"{""position"":[188.7672],""velocity"":[]}"
4045,33213370464370,/autodrive/roboracer_1/right_encoder,JointState,1789404264466765480,,"{""position"":[188.7672],""velocity"":[]}"
4052,33213394095305,/autodrive/roboracer_1/left_encoder,JointState,1789404264491766480,,"{""position"":[188.7672],""velocity"":[]}"
4053,33213394264102,/autodrive/roboracer_1/right_encoder,JointState,1789404264491766480,,"{""position"":[188.7672],""velocity"":[]}"
4061,33213419658689,/autodrive/roboracer_1/left_encoder,JointState,1789404264516766480,,"{""position"":[188.7672],""velocity"":[]}"
4062,33213419822897,/autodrive/roboracer_1/right_encoder,JointState,1789404264516766480,,"{""position"":[188.7672],""velocity"":[]}"
4070,33213444486331,/autodrive/roboracer_1/left_encoder,JointState,1789404264542766480,,"{""position"":[188.7672],""velocity"":[]}"
4071,33213444641031,/autodrive/roboracer_1/right_encoder,JointState,1789404264542766480,,"{""position"":[188.7672],""velocity"":[]}"
4080,33213469541780,/autodrive/roboracer_1/left_encoder,JointState,1789404264566766480,,"{""position"":[188.7672],""velocity"":[]}"
4081,33213469682404,/autodrive/roboracer_1/right_encoder,JointState,1789404264566766480,,"{""position"":[188.7672],""velocity"":[]}"
4089,33213493886275,/autodrive/roboracer_1/left_encoder,JointState,1789404264591765480,,"{""position"":[188.7672],""velocity"":[]}"
4090,33213494048880,/autodrive/roboracer_1/right_encoder,JointState,1789404264591765480,,"{""position"":[188.7672],""velocity"":[]}"
4096,33213518266206,/autodrive/roboracer_1/left_encoder,JointState,1789404264616766480,,"{""position"":[188.7672],""velocity"":[]}"
4097,33213518422169,/autodrive/roboracer_1/right_encoder,JointState,1789404264616766480,,"{""position"":[188.7672],""velocity"":[]}"
4106,33213543533293,/autodrive/roboracer_1/left_encoder,JointState,1789404264641766480,,"{""position"":[188.7672],""velocity"":[]}"
4107,33213543674168,/autodrive/roboracer_1/right_encoder,JointState,1789404264641766480,,"{""position"":[188.7672],""velocity"":[]}"
4116,33213569189371,/autodrive/roboracer_1/left_encoder,JointState,1789404264665766480,,"{""position"":[188.7672],""velocity"":[]}"
4117,33213569354231,/autodrive/roboracer_1/right_encoder,JointState,1789404264665766480,,"{""position"":[188.7672],""velocity"":[]}"
4125,33213593829481,/autodrive/roboracer_1/left_encoder,JointState,1789404264691766480,,"{""position"":[188.7672],""velocity"":[]}"
4126,33213593973211,/autodrive/roboracer_1/right_encoder,JointState,1789404264691766480,,"{""position"":[188.7672],""velocity"":[]}"
4134,33213618908706,/autodrive/roboracer_1/left_encoder,JointState,1789404264716765480,,"{""position"":[188.7672],""velocity"":[]}"
4135,33213619073485,/autodrive/roboracer_1/right_encoder,JointState,1789404264716765480,,"{""position"":[188.7672],""velocity"":[]}"
4142,33213644329752,/autodrive/roboracer_1/left_encoder,JointState,1789404264741766480,,"{""position"":[188.7672],""velocity"":[]}"
4143,33213644521863,/autodrive/roboracer_1/right_encoder,JointState,1789404264741766480,,"{""position"":[188.7672],""velocity"":[]}"
4152,33213670786835,/autodrive/roboracer_1/left_encoder,JointState,1789404264766766480,,"{""position"":[188.7672],""velocity"":[]}"
4153,33213670965981,/autodrive/roboracer_1/right_encoder,JointState,1789404264766766480,,"{""position"":[188.7672],""velocity"":[]}"
4161,33213694117385,/autodrive/roboracer_1/left_encoder,JointState,1789404264791765480,,"{""position"":[188.7672],""velocity"":[]}"
4162,33213694263820,/autodrive/roboracer_1/right_encoder,JointState,1789404264791765480,,"{""position"":[188.7672],""velocity"":[]}"
4170,33213718553031,/autodrive/roboracer_1/left_encoder,JointState,1789404264816766480,,"{""position"":[188.7672],""velocity"":[]}"
4171,33213718706088,/autodrive/roboracer_1/right_encoder,JointState,1789404264816766480,,"{""position"":[188.7672],""velocity"":[]}"
4178,33213743537177,/autodrive/roboracer_1/left_encoder,JointState,1789404264841765480,,"{""position"":[188.7672],""velocity"":[]}"
4179,33213743692228,/autodrive/roboracer_1/right_encoder,JointState,1789404264841765480,,"{""position"":[188.7672],""velocity"":[]}"
4187,33213769686651,/autodrive/roboracer_1/left_encoder,JointState,1789404264866766480,,"{""position"":[188.7672],""velocity"":[]}"
4188,33213769834178,/autodrive/roboracer_1/right_encoder,JointState,1789404264866766480,,"{""position"":[188.7672],""velocity"":[]}"
4196,33213793582483,/autodrive/roboracer_1/left_encoder,JointState,1789404264891766480,,"{""position"":[188.7672],""velocity"":[]}"
4197,33213793709101,/autodrive/roboracer_1/right_encoder,JointState,1789404264891766480,,"{""position"":[188.7672],""velocity"":[]}"
4205,33213818882853,/autodrive/roboracer_1/left_encoder,JointState,1789404264916765480,,"{""position"":[188.7672],""velocity"":[]}"
4206,33213819050728,/autodrive/roboracer_1/right_encoder,JointState,1789404264916765480,,"{""position"":[188.7672],""velocity"":[]}"
4215,33213843607451,/autodrive/roboracer_1/left_encoder,JointState,1789404264938765480,,"{""position"":[188.7672],""velocity"":[]}"
4216,33213843756331,/autodrive/roboracer_1/right_encoder,JointState,1789404264938765480,,"{""position"":[188.7672],""velocity"":[]}"
4223,33213870698545,/autodrive/roboracer_1/left_encoder,JointState,1789404264965766480,,"{""position"":[188.7672],""velocity"":[]}"
4224,33213870849759,/autodrive/roboracer_1/right_encoder,JointState,1789404264965766480,,"{""position"":[188.7672],""velocity"":[]}"
4233,33213893979762,/autodrive/roboracer_1/left_encoder,JointState,1789404264991766480,,"{""position"":[188.7672],""velocity"":[]}"
4234,33213894117080,/autodrive/roboracer_1/right_encoder,JointState,1789404264991766480,,"{""position"":[188.7672],""velocity"":[]}"
4241,33213918505427,/autodrive/roboracer_1/left_encoder,JointState,1789404265016766480,,"{""position"":[188.7672],""velocity"":[]}"
4242,33213918651662,/autodrive/roboracer_1/right_encoder,JointState,1789404265016766480,,"{""position"":[188.7672],""velocity"":[]}"
4251,33213943686653,/autodrive/roboracer_1/left_encoder,JointState,1789404265041765480,,"{""position"":[188.7672],""velocity"":[]}"
4252,33213943805677,/autodrive/roboracer_1/right_encoder,JointState,1789404265041765480,,"{""position"":[188.7672],""velocity"":[]}"
4259,33213969781285,/autodrive/roboracer_1/left_encoder,JointState,1789404265066766480,,"{""position"":[188.7672],""velocity"":[]}"
4260,33213969936085,/autodrive/roboracer_1/right_encoder,JointState,1789404265066766480,,"{""position"":[188.7672],""velocity"":[]}"
4268,33213993912940,/autodrive/roboracer_1/left_encoder,JointState,1789404265091765480,,"{""position"":[188.7672],""velocity"":[]}"
4269,33213994088860,/autodrive/roboracer_1/right_encoder,JointState,1789404265091765480,,"{""position"":[188.7672],""velocity"":[]}"
4278,33214018846751,/autodrive/roboracer_1/left_encoder,JointState,1789404265116766380,,"{""position"":[188.7672],""velocity"":[]}"
4279,33214018991092,/autodrive/roboracer_1/right_encoder,JointState,1789404265116766380,,"{""position"":[188.7672],""velocity"":[]}"
4287,33214043935624,/autodrive/roboracer_1/left_encoder,JointState,1789404265141765980,,"{""position"":[188.7672],""velocity"":[]}"
4288,33214044095544,/autodrive/roboracer_1/right_encoder,JointState,1789404265141765980,,"{""position"":[188.7672],""velocity"":[]}"
4295,33214070645481,/autodrive/roboracer_1/left_encoder,JointState,1789404265166765480,,"{""position"":[188.7672],""velocity"":[]}"
4296,33214070786506,/autodrive/roboracer_1/right_encoder,JointState,1789404265166765480,,"{""position"":[188.7672],""velocity"":[]}"
4305,33214094101437,/autodrive/roboracer_1/left_encoder,JointState,1789404265191766180,,"{""position"":[188.7672],""velocity"":[]}"
4306,33214094270674,/autodrive/roboracer_1/right_encoder,JointState,1789404265191766180,,"{""position"":[188.7672],""velocity"":[]}"
4313,33214119745602,/autodrive/roboracer_1/left_encoder,JointState,1789404265216765480,,"{""position"":[188.7672],""velocity"":[]}"
4314,33214119919860,/autodrive/roboracer_1/right_encoder,JointState,1789404265216765480,,"{""position"":[188.7672],""velocity"":[]}"
4322,33214144126235,/autodrive/roboracer_1/left_encoder,JointState,1789404265241766380,,"{""position"":[188.7672],""velocity"":[]}"
4323,33214144287407,/autodrive/roboracer_1/right_encoder,JointState,1789404265241766380,,"{""position"":[188.7672],""velocity"":[]}"
4331,33214169825213,/autodrive/roboracer_1/left_encoder,JointState,1789404265264766180,,"{""position"":[188.7672],""velocity"":[]}"
4332,33214169967711,/autodrive/roboracer_1/right_encoder,JointState,1789404265264766180,,"{""position"":[188.7672],""velocity"":[]}"
4340,33214193796086,/autodrive/roboracer_1/left_encoder,JointState,1789404265291765480,,"{""position"":[188.7672],""velocity"":[]}"
4341,33214193948923,/autodrive/roboracer_1/right_encoder,JointState,1789404265291765480,,"{""position"":[188.7672],""velocity"":[]}"
4350,33214218647833,/autodrive/roboracer_1/left_encoder,JointState,1789404265316766180,,"{""position"":[188.7672],""velocity"":[]}"
4351,33214218798877,/autodrive/roboracer_1/right_encoder,JointState,1789404265316766180,,"{""position"":[188.7672],""velocity"":[]}"
4358,33214243704305,/autodrive/roboracer_1/left_encoder,JointState,1789404265341765480,,"{""position"":[188.7672],""velocity"":[]}"
4359,33214243870628,/autodrive/roboracer_1/right_encoder,JointState,1789404265341765480,,"{""position"":[188.7672],""velocity"":[]}"
4368,33214269916408,/autodrive/roboracer_1/left_encoder,JointState,1789404265366766380,,"{""position"":[188.7672],""velocity"":[]}"
4369,33214270087649,/autodrive/roboracer_1/right_encoder,JointState,1789404265366766380,,"{""position"":[188.7672],""velocity"":[]}"
4376,33214293927917,/autodrive/roboracer_1/left_encoder,JointState,1789404265391765980,,"{""position"":[188.7672],""velocity"":[]}"
4377,33214294094971,/autodrive/roboracer_1/right_encoder,JointState,1789404265391765980,,"{""position"":[188.7672],""velocity"":[]}"
4386,33214319226103,/autodrive/roboracer_1/left_encoder,JointState,1789404265416765480,,"{""position"":[188.7672],""velocity"":[]}"
4387,33214319364923,/autodrive/roboracer_1/right_encoder,JointState,1789404265416765480,,"{""position"":[188.7672],""velocity"":[]}"
4395,33214344233803,/autodrive/roboracer_1/left_encoder,JointState,1789404265441766180,,"{""position"":[188.7672],""velocity"":[]}"
4396,33214344371541,/autodrive/roboracer_1/right_encoder,JointState,1789404265441766180,,"{""position"":[188.7672],""velocity"":[]}"
4404,33214370317334,/autodrive/roboracer_1/left_encoder,JointState,1789404265467766180,,"{""position"":[188.7672],""velocity"":[]}"
4405,33214370489056,/autodrive/roboracer_1/right_encoder,JointState,1789404265467766180,,"{""position"":[188.7672],""velocity"":[]}"
4412,33214393917390,/autodrive/roboracer_1/left_encoder,JointState,1789404265491766380,,"{""position"":[188.7672],""velocity"":[]}"
4413,33214394064857,/autodrive/roboracer_1/right_encoder,JointState,1789404265491766380,,"{""position"":[188.7672],""velocity"":[]}"
4421,33214418520590,/autodrive/roboracer_1/left_encoder,JointState,1789404265516765980,,"{""position"":[188.7672],""velocity"":[]}"
4422,33214418660553,/autodrive/roboracer_1/right_encoder,JointState,1789404265516765980,,"{""position"":[188.7672],""velocity"":[]}"
4430,33214443546054,/autodrive/roboracer_1/left_encoder,JointState,1789404265541765480,,"{""position"":[188.7672],""velocity"":[]}"
4431,33214443681158,/autodrive/roboracer_1/right_encoder,JointState,1789404265541765480,,"{""position"":[188.7672],""velocity"":[]}"
4439,33214469749179,/autodrive/roboracer_1/left_encoder,JointState,1789404265566766180,,"{""position"":[188.7672],""velocity"":[]}"
4440,33214469870097,/autodrive/roboracer_1/right_encoder,JointState,1789404265566766180,,"{""position"":[188.7672],""velocity"":[]}"
4449,33214493360447,/autodrive/roboracer_1/left_encoder,JointState,1789404265591765480,,"{""position"":[188.7672],""velocity"":[]}"
4450,33214493500941,/autodrive/roboracer_1/right_encoder,JointState,1789404265591765480,,"{""position"":[188.7672],""velocity"":[]}"
4459,33214517610825,/autodrive/roboracer_1/left_encoder,JointState,1789404265615765980,,"{""position"":[188.7672],""velocity"":[]}"
4460,33214517777868,/autodrive/roboracer_1/right_encoder,JointState,1789404265615765980,,"{""position"":[188.7672],""velocity"":[]}"
4470,33214543756562,/autodrive/roboracer_1/left_encoder,JointState,1789404265641765980,,"{""position"":[188.7672],""velocity"":[]}"
4471,33214543888209,/autodrive/roboracer_1/right_encoder,JointState,1789404265641765980,,"{""position"":[188.7672],""velocity"":[]}"
4479,33214569296041,/autodrive/roboracer_1/left_encoder,JointState,1789404265666765480,,"{""position"":[188.7672],""velocity"":[]}"
4480,33214569469637,/autodrive/roboracer_1/right_encoder,JointState,1789404265666765480,,"{""position"":[188.7672],""velocity"":[]}"
4491,33214594279165,/autodrive/roboracer_1/left_encoder,JointState,1789404265691766180,,"{""position"":[188.7672],""velocity"":[]}"
4492,33214594426572,/autodrive/roboracer_1/right_encoder,JointState,1789404265691766180,,"{""position"":[188.7672],""velocity"":[]}"
4501,33214618867217,/autodrive/roboracer_1/left_encoder,JointState,1789404265716765480,,"{""position"":[188.7672],""velocity"":[]}"
4502,33214619022279,/autodrive/roboracer_1/right_encoder,JointState,1789404265716765480,,"{""position"":[188.7672],""velocity"":[]}"
4511,33214643890667,/autodrive/roboracer_1/left_encoder,JointState,1789404265741766380,,"{""position"":[188.7672],""velocity"":[]}"
4512,33214644043003,/autodrive/roboracer_1/right_encoder,JointState,1789404265741766380,,"{""position"":[188.7672],""velocity"":[]}"
4520,33214668258225,/autodrive/roboracer_1/left_encoder,JointState,1789404265766765980,,"{""position"":[188.7672],""velocity"":[]}"
4521,33214668428044,/autodrive/roboracer_1/right_encoder,JointState,1789404265766765980,,"{""position"":[188.7672],""velocity"":[]}"
4531,33214693654184,/autodrive/roboracer_1/left_encoder,JointState,1789404265791765480,,"{""position"":[188.7672],""velocity"":[]}"
4532,33214693804968,/autodrive/roboracer_1/right_encoder,JointState,1789404265791765480,,"{""position"":[188.7672],""velocity"":[]}"
4542,33214718807468,/autodrive/roboracer_1/left_encoder,JointState,1789404265816766180,,"{""position"":[188.7672],""velocity"":[]}"
4543,33214718965315,/autodrive/roboracer_1/right_encoder,JointState,1789404265816766180,,"{""position"":[188.7672],""velocity"":[]}"
4552,33214743753783,/autodrive/roboracer_1/left_encoder,JointState,1789404265841765480,,"{""position"":[188.7672],""velocity"":[]}"
4553,33214743875321,/autodrive/roboracer_1/right_encoder,JointState,1789404265841765480,,"{""position"":[188.7672],""velocity"":[]}"
4561,33214768283055,/autodrive/roboracer_1/left_encoder,JointState,1789404265866766380,,"{""position"":[188.7672],""velocity"":[]}"
4562,33214768492458,/autodrive/roboracer_1/right_encoder,JointState,1789404265866766380,,"{""position"":[188.7672],""velocity"":[]}"
4572,33214793771688,/autodrive/roboracer_1/left_encoder,JointState,1789404265891765980,,"{""position"":[188.7672],""velocity"":[]}"
4573,33214793925958,/autodrive/roboracer_1/right_encoder,JointState,1789404265891765980,,"{""position"":[188.7672],""velocity"":[]}"
4582,33214819179440,/autodrive/roboracer_1/left_encoder,JointState,1789404265916765480,,"{""position"":[188.7672],""velocity"":[]}"
4583,33214819333048,/autodrive/roboracer_1/right_encoder,JointState,1789404265916765480,,"{""position"":[188.7672],""velocity"":[]}"
4593,33214844247634,/autodrive/roboracer_1/left_encoder,JointState,1789404265941766180,,"{""position"":[191.2576],""velocity"":[]}"
4594,33214844409498,/autodrive/roboracer_1/right_encoder,JointState,1789404265941766180,,"{""position"":[191.2576],""velocity"":[]}"
4604,33214868723595,/autodrive/roboracer_1/left_encoder,JointState,1789404265966765480,,"{""position"":[194.0293],""velocity"":[]}"
4605,33214868865882,/autodrive/roboracer_1/right_encoder,JointState,1789404265966765480,,"{""position"":[194.0293],""velocity"":[]}"
4614,33214894140273,/autodrive/roboracer_1/left_encoder,JointState,1789404265991766380,,"{""position"":[196.811],""velocity"":[]}"
4615,33214894272752,/autodrive/roboracer_1/right_encoder,JointState,1789404265991766380,,"{""position"":[196.811],""velocity"":[]}"
4623,33214918714750,/autodrive/roboracer_1/left_encoder,JointState,1789404266016765980,,"{""position"":[199.5893],""velocity"":[]}"
4624,33214918845806,/autodrive/roboracer_1/right_encoder,JointState,1789404266016765980,,"{""position"":[199.5926],""velocity"":[]}"
4633,33214943505353,/autodrive/roboracer_1/left_encoder,JointState,1789404266041765480,,"{""position"":[202.3611],""velocity"":[]}"
4634,33214943654793,/autodrive/roboracer_1/right_encoder,JointState,1789404266041765480,,"{""position"":[202.3644],""velocity"":[]}"
4645,33214968468439,/autodrive/roboracer_1/left_encoder,JointState,1789404266066766180,,"{""position"":[205.1329],""velocity"":[]}"
4646,33214968619423,/autodrive/roboracer_1/right_encoder,JointState,1789404266066766180,,"{""position"":[205.1329],""velocity"":[]}"
4654,33214993522486,/autodrive/roboracer_1/left_encoder,JointState,1789404266091765480,,"{""position"":[207.9014],""velocity"":[]}"
4655,33214993681725,/autodrive/roboracer_1/right_encoder,JointState,1789404266091765480,,"{""position"":[207.9014],""velocity"":[]}"
4664,33215018629834,/autodrive/roboracer_1/left_encoder,JointState,1789404266116766380,,"{""position"":[210.6602],""velocity"":[]}"
4665,33215018778092,/autodrive/roboracer_1/right_encoder,JointState,1789404266116766380,,"{""position"":[210.6634],""velocity"":[]}"
4675,33215044266395,/autodrive/roboracer_1/left_encoder,JointState,1789404266141765980,,"{""position"":[213.4221],""velocity"":[]}"
4676,33215044426506,/autodrive/roboracer_1/right_encoder,JointState,1789404266141765980,,"{""position"":[213.4221],""velocity"":[]}"
4686,33215068954515,/autodrive/roboracer_1/left_encoder,JointState,1789404266166765480,,"{""position"":[216.1808],""velocity"":[]}"
4687,33215069157476,/autodrive/roboracer_1/right_encoder,JointState,1789404266166765480,,"{""position"":[216.1808],""velocity"":[]}"
4695,33215094091608,/autodrive/roboracer_1/left_encoder,JointState,1789404266189766380,,"{""position"":[218.7105],""velocity"":[]}"
4696,33215094225951,/autodrive/roboracer_1/right_encoder,JointState,1789404266189766380,,"{""position"":[218.7105],""velocity"":[]}"
4706,33215119135336,/autodrive/roboracer_1/left_encoder,JointState,1789404266216765480,,"{""position"":[221.6786],""velocity"":[]}"
4707,33215119312729,/autodrive/roboracer_1/right_encoder,JointState,1789404266216765480,,"{""position"":[221.6786],""velocity"":[]}"
4716,33215144080970,/autodrive/roboracer_1/left_encoder,JointState,1789404266241766380,,"{""position"":[224.4177],""velocity"":[]}"
4717,33215144261669,/autodrive/roboracer_1/right_encoder,JointState,1789404266241766380,,"{""position"":[224.4177],""velocity"":[]}"
4725,33215168019372,/autodrive/roboracer_1/left_encoder,JointState,1789404266266765980,,"{""position"":[227.1535],""velocity"":[]}"
4728,33215168755685,/autodrive/roboracer_1/right_encoder,JointState,1789404266266765980,,"{""position"":[227.1568],""velocity"":[]}"
4736,33215193447882,/autodrive/roboracer_1/left_encoder,JointState,1789404266291765480,,"{""position"":[229.8926],""velocity"":[]}"
4737,33215193596521,/autodrive/roboracer_1/right_encoder,JointState,1789404266291765480,,"{""position"":[229.8926],""velocity"":[]}"
4746,33215218520184,/autodrive/roboracer_1/left_encoder,JointState,1789404266316766180,,"{""position"":[232.6186],""velocity"":[]}"
4747,33215218647573,/autodrive/roboracer_1/right_encoder,JointState,1789404266316766180,,"{""position"":[232.6219],""velocity"":[]}"
4756,33215243606432,/autodrive/roboracer_1/left_encoder,JointState,1789404266341765480,,"{""position"":[235.3478],""velocity"":[]}"
4757,33215243734112,/autodrive/roboracer_1/right_encoder,JointState,1789404266341765480,,"{""position"":[235.3478],""velocity"":[]}"
4766,33215268235351,/autodrive/roboracer_1/left_encoder,JointState,1789404266366766380,,"{""position"":[238.0738],""velocity"":[]}"
4769,33215268961494,/autodrive/roboracer_1/right_encoder,JointState,1789404266366766380,,"{""position"":[238.0738],""velocity"":[]}"
4778,33215294728891,/autodrive/roboracer_1/left_encoder,JointState,1789404266392766380,,"{""position"":[240.898],""velocity"":[]}"
4779,33215294882901,/autodrive/roboracer_1/right_encoder,JointState,1789404266392766380,,"{""position"":[240.9013],""velocity"":[]}"
4788,33215319798989,/autodrive/roboracer_1/left_encoder,JointState,1789404266416765480,,"{""position"":[243.5062],""velocity"":[]}"
4789,33215319995949,/autodrive/roboracer_1/right_encoder,JointState,1789404266416765480,,"{""position"":[243.5094],""velocity"":[]}"
4798,33215343828372,/autodrive/roboracer_1/left_encoder,JointState,1789404266441766180,,"{""position"":[246.2125],""velocity"":[]}"
4799,33215344066729,/autodrive/roboracer_1/right_encoder,JointState,1789404266441766180,,"{""position"":[246.2158],""velocity"":[]}"
4807,33215368028285,/autodrive/roboracer_1/left_encoder,JointState,1789404266466765480,,"{""position"":[248.9189],""velocity"":[]}"
4808,33215368210988,/autodrive/roboracer_1/right_encoder,JointState,1789404266466765480,,"{""position"":[248.9221],""velocity"":[]}"
4818,33215393572623,/autodrive/roboracer_1/left_encoder,JointState,1789404266491766380,,"{""position"":[251.6252],""velocity"":[]}"
4819,33215393714499,/autodrive/roboracer_1/right_encoder,JointState,1789404266491766380,,"{""position"":[251.6285],""velocity"":[]}"
4829,33215418815104,/autodrive/roboracer_1/left_encoder,JointState,1789404266516765980,,"{""position"":[254.3217],""velocity"":[]}"
4830,33215418975445,/autodrive/roboracer_1/right_encoder,JointState,1789404266516765980,,"{""position"":[254.325],""velocity"":[]}"
4839,33215443747393,/autodrive/roboracer_1/left_encoder,JointState,1789404266541765480,,"{""position"":[257.0183],""velocity"":[]}"
4840,33215443887786,/autodrive/roboracer_1/right_encoder,JointState,1789404266541765480,,"{""position"":[257.0183],""velocity"":[]}"
4848,33215468049247,/autodrive/roboracer_1/left_encoder,JointState,1789404266566766180,,"{""position"":[259.7115],""velocity"":[]}"
4849,33215468200371,/autodrive/roboracer_1/right_encoder,JointState,1789404266566766180,,"{""position"":[259.7148],""velocity"":[]}"
4859,33215493812837,/autodrive/roboracer_1/left_encoder,JointState,1789404266591765480,,"{""position"":[262.3983],""velocity"":[]}"
4860,33215494029504,/autodrive/roboracer_1/right_encoder,JointState,1789404266591765480,,"{""position"":[262.3983],""velocity"":[]}"
4870,33215518968766,/autodrive/roboracer_1/left_encoder,JointState,1789404266616766380,,"{""position"":[265.0817],""velocity"":[]}"
4871,33215519139046,/autodrive/roboracer_1/right_encoder,JointState,1789404266616766380,,"{""position"":[265.085],""velocity"":[]}"
4878,33215544283713,/autodrive/roboracer_1/left_encoder,JointState,1789404266641765980,,"{""position"":[267.7652],""velocity"":[]}"
4879,33215544442431,/autodrive/roboracer_1/right_encoder,JointState,1789404266641765980,,"{""position"":[267.7684],""velocity"":[]}"
4890,33215568497362,/autodrive/roboracer_1/left_encoder,JointState,1789404266666765480,,"{""position"":[270.442],""velocity"":[]}"
4891,33215568634660,/autodrive/roboracer_1/right_encoder,JointState,1789404266666765480,,"{""position"":[270.442],""velocity"":[]}"
4900,33215593794005,/autodrive/roboracer_1/left_encoder,JointState,1789404266691766180,,"{""position"":[273.1157],""velocity"":[]}"
4901,33215593945500,/autodrive/roboracer_1/right_encoder,JointState,1789404266691766180,,"{""position"":[273.1157],""velocity"":[]}"
4911,33215619845776,/autodrive/roboracer_1/left_encoder,JointState,1789404266716765480,,"{""position"":[275.7893],""velocity"":[]}"
4912,33215619993834,/autodrive/roboracer_1/right_encoder,JointState,1789404266716765480,,"{""position"":[275.7893],""velocity"":[]}"
4919,33215643597207,/autodrive/roboracer_1/left_encoder,JointState,1789404266741766380,,"{""position"":[278.4498],""velocity"":[]}"
4920,33215643727291,/autodrive/roboracer_1/right_encoder,JointState,1789404266741766380,,"{""position"":[278.4531],""velocity"":[]}"
4932,33215668588607,/autodrive/roboracer_1/left_encoder,JointState,1789404266766765980,,"{""position"":[281.1136],""velocity"":[]}"
4933,33215668728670,/autodrive/roboracer_1/right_encoder,JointState,1789404266766765980,,"{""position"":[281.1169],""velocity"":[]}"
4941,33215693893585,/autodrive/roboracer_1/left_encoder,JointState,1789404266791765480,,"{""position"":[283.7774],""velocity"":[]}"
4942,33215694058986,/autodrive/roboracer_1/right_encoder,JointState,1789404266791765480,,"{""position"":[283.7807],""velocity"":[]}"
4951,33215718675431,/autodrive/roboracer_1/left_encoder,JointState,1789404266816766180,,"{""position"":[286.4315],""velocity"":[]}"
4952,33215718819351,/autodrive/roboracer_1/right_encoder,JointState,1789404266816766180,,"{""position"":[286.4315],""velocity"":[]}"
4961,33215745054998,/autodrive/roboracer_1/left_encoder,JointState,1789404266840766380,,"{""position"":[288.9774],""velocity"":[]}"
4962,33215745187417,/autodrive/roboracer_1/right_encoder,JointState,1789404266840766380,,"{""position"":[288.9774],""velocity"":[]}"
4973,33215769239492,/autodrive/roboracer_1/left_encoder,JointState,1789404266866766380,,"{""position"":[291.7329],""velocity"":[]}"
4974,33215769449366,/autodrive/roboracer_1/right_encoder,JointState,1789404266866766380,,"{""position"":[291.7362],""velocity"":[]}"
4983,33215794309109,/autodrive/roboracer_1/left_encoder,JointState,1789404266891765980,,"{""position"":[294.377],""velocity"":[]}"
4984,33215794450284,/autodrive/roboracer_1/right_encoder,JointState,1789404266891765980,,"{""position"":[294.3803],""velocity"":[]}"
4993,33215818893594,/autodrive/roboracer_1/left_encoder,JointState,1789404266916765480,,"{""position"":[297.018],""velocity"":[]}"
4994,33215819087979,/autodrive/roboracer_1/right_encoder,JointState,1789404266916765480,,"{""position"":[297.0212],""velocity"":[]}"
5002,33215843553902,/autodrive/roboracer_1/left_encoder,JointState,1789404266941766180,,"{""position"":[299.6032],""velocity"":[]}"
5003,33215843706248,/autodrive/roboracer_1/right_encoder,JointState,1789404266941766180,,"{""position"":[299.6065],""velocity"":[]}"
5011,33215867431890,/autodrive/roboracer_1/left_encoder,JointState,1789404266965766380,,"{""position"":[302.0739],""velocity"":[]}"
5015,33215868553256,/autodrive/roboracer_1/right_encoder,JointState,1789404266965766380,,"{""position"":[302.0772],""velocity"":[]}"
5024,33215894113154,/autodrive/roboracer_1/left_encoder,JointState,1789404266991766380,,"{""position"":[304.7443],""velocity"":[]}"
5025,33215894269257,/autodrive/roboracer_1/right_encoder,JointState,1789404266991766380,,"{""position"":[304.7476],""velocity"":[]}"
5034,33215918777229,/autodrive/roboracer_1/left_encoder,JointState,1789404267016765980,,"{""position"":[307.31],""velocity"":[]}"
5035,33215918952989,/autodrive/roboracer_1/right_encoder,JointState,1789404267016765980,,"{""position"":[307.3132],""velocity"":[]}"
5044,33215944196051,/autodrive/roboracer_1/left_encoder,JointState,1789404267041765480,,"{""position"":[309.8821],""velocity"":[]}"
5045,33215944338499,/autodrive/roboracer_1/right_encoder,JointState,1789404267041765480,,"{""position"":[309.8854],""velocity"":[]}"
5055,33215968649621,/autodrive/roboracer_1/left_encoder,JointState,1789404267066766180,,"{""position"":[312.4608],""velocity"":[]}"
5056,33215968798530,/autodrive/roboracer_1/right_encoder,JointState,1789404267066766180,,"{""position"":[312.4641],""velocity"":[]}"
5065,33215994462463,/autodrive/roboracer_1/left_encoder,JointState,1789404267091765480,,"{""position"":[315.0494],""velocity"":[]}"
5066,33215994602696,/autodrive/roboracer_1/right_encoder,JointState,1789404267091765480,,"{""position"":[315.0527],""velocity"":[]}"
5075,33216020383308,/autodrive/roboracer_1/left_encoder,JointState,1789404267116766380,,"{""position"":[317.6412],""velocity"":[]}"
5076,33216020529874,/autodrive/roboracer_1/right_encoder,JointState,1789404267116766380,,"{""position"":[317.6445],""velocity"":[]}"
5084,33216044072823,/autodrive/roboracer_1/left_encoder,JointState,1789404267141765980,,"{""position"":[320.2396],""velocity"":[]}"
5085,33216044222203,/autodrive/roboracer_1/right_encoder,JointState,1789404267141765980,,"{""position"":[320.2428],""velocity"":[]}"
5094,33216068569674,/autodrive/roboracer_1/left_encoder,JointState,1789404267166765480,,"{""position"":[322.8412],""velocity"":[]}"
5097,33216069369175,/autodrive/roboracer_1/right_encoder,JointState,1789404267166765480,,"{""position"":[322.8445],""velocity"":[]}"
5105,33216094490409,/autodrive/roboracer_1/left_encoder,JointState,1789404267192765480,,"{""position"":[325.5508],""velocity"":[]}"
5106,33216094619822,/autodrive/roboracer_1/right_encoder,JointState,1789404267192765480,,"{""position"":[325.5541],""velocity"":[]}"
5116,33216118566108,/autodrive/roboracer_1/left_encoder,JointState,1789404267216765480,,"{""position"":[328.051],""velocity"":[]}"
5117,33216118701362,/autodrive/roboracer_1/right_encoder,JointState,1789404267216765480,,"{""position"":[328.0543],""velocity"":[]}"
5125,33216143729120,/autodrive/roboracer_1/left_encoder,JointState,1789404267241766380,,"{""position"":[330.6592],""velocity"":[]}"
5126,33216143901424,/autodrive/roboracer_1/right_encoder,JointState,1789404267241766380,,"{""position"":[330.6625],""velocity"":[]}"
5135,33216168125573,/autodrive/roboracer_1/left_encoder,JointState,1789404267266765980,,"{""position"":[333.2674],""velocity"":[]}"
5136,33216168277628,/autodrive/roboracer_1/right_encoder,JointState,1789404267266765980,,"{""position"":[333.2706],""velocity"":[]}"
5146,33216193495714,/autodrive/roboracer_1/left_encoder,JointState,1789404267291765480,,"{""position"":[335.8755],""velocity"":[]}"
5147,33216193648961,/autodrive/roboracer_1/right_encoder,JointState,1789404267291765480,,"{""position"":[335.882],""velocity"":[]}"
5157,33216219590005,/autodrive/roboracer_1/left_encoder,JointState,1789404267317765480,,"{""position"":[338.5917],""velocity"":[]}"
5158,33216219731110,/autodrive/roboracer_1/right_encoder,JointState,1789404267317765480,,"{""position"":[338.595],""velocity"":[]}"
5166,33216244143552,/autodrive/roboracer_1/left_encoder,JointState,1789404267341765480,,"{""position"":[341.0984],""velocity"":[]}"
5167,33216244291841,/autodrive/roboracer_1/right_encoder,JointState,1789404267341765480,,"{""position"":[341.1017],""velocity"":[]}"
5178,33216269323305,/autodrive/roboracer_1/left_encoder,JointState,1789404267366766380,,"{""position"":[343.7099],""velocity"":[]}"
5179,33216269569959,/autodrive/roboracer_1/right_encoder,JointState,1789404267366766380,,"{""position"":[343.7132],""velocity"":[]}"
5187,33216293703197,/autodrive/roboracer_1/left_encoder,JointState,1789404267391765980,,"{""position"":[346.3213],""velocity"":[]}"
5188,33216293878826,/autodrive/roboracer_1/right_encoder,JointState,1789404267391765980,,"{""position"":[346.3246],""velocity"":[]}"
5197,33216318563750,/autodrive/roboracer_1/left_encoder,JointState,1789404267416765480,,"{""position"":[348.9328],""velocity"":[]}"
5198,33216318708282,/autodrive/roboracer_1/right_encoder,JointState,1789404267416765480,,"{""position"":[348.936],""velocity"":[]}"
5208,33216343722755,/autodrive/roboracer_1/left_encoder,JointState,1789404267441766180,,"{""position"":[351.5443],""velocity"":[]}"
5209,33216343869641,/autodrive/roboracer_1/right_encoder,JointState,1789404267441766180,,"{""position"":[351.5475],""velocity"":[]}"
5217,33216369258837,/autodrive/roboracer_1/left_encoder,JointState,1789404267467766180,,"{""position"":[354.2604],""velocity"":[]}"
5218,33216369454575,/autodrive/roboracer_1/right_encoder,JointState,1789404267467766180,,"{""position"":[354.2637],""velocity"":[]}"
5228,33216393642045,/autodrive/roboracer_1/left_encoder,JointState,1789404267491766380,,"{""position"":[356.7671],""velocity"":[]}"
5229,33216393803127,/autodrive/roboracer_1/right_encoder,JointState,1789404267491766380,,"{""position"":[356.7704],""velocity"":[]}"
5238,33216418592578,/autodrive/roboracer_1/left_encoder,JointState,1789404267516765980,,"{""position"":[359.3786],""velocity"":[]}"
5239,33216418770251,/autodrive/roboracer_1/right_encoder,JointState,1789404267516765980,,"{""position"":[359.3818],""velocity"":[]}"
5248,33216443716586,/autodrive/roboracer_1/left_encoder,JointState,1789404267541765480,,"{""position"":[361.9933],""velocity"":[]}"
5249,33216443845749,/autodrive/roboracer_1/right_encoder,JointState,1789404267541765480,,"{""position"":[361.9966],""velocity"":[]}"
5260,33216468640539,/autodrive/roboracer_1/left_encoder,JointState,1789404267566766180,,"{""position"":[364.6048],""velocity"":[]}"
5261,33216468761517,/autodrive/roboracer_1/right_encoder,JointState,1789404267566766180,,"{""position"":[364.608],""velocity"":[]}"
5269,33216494112722,/autodrive/roboracer_1/left_encoder,JointState,1789404267591765480,,"{""position"":[367.2162],""velocity"":[]}"
5270,33216494253526,/autodrive/roboracer_1/right_encoder,JointState,1789404267591765480,,"{""position"":[367.2195],""velocity"":[]}"
5279,33216518730400,/autodrive/roboracer_1/left_encoder,JointState,1789404267616766380,,"{""position"":[369.8276],""velocity"":[]}"
5280,33216518881544,/autodrive/roboracer_1/right_encoder,JointState,1789404267616766380,,"{""position"":[369.8309],""velocity"":[]}"
5289,33216543573641,/autodrive/roboracer_1/left_encoder,JointState,1789404267641765980,,"{""position"":[372.4391],""velocity"":[]}"
5290,33216543700379,/autodrive/roboracer_1/right_encoder,JointState,1789404267641765980,,"{""position"":[372.4456],""velocity"":[]}"
5301,33216568579778,/autodrive/roboracer_1/left_encoder,JointState,1789404267666765480,,"{""position"":[375.0538],""velocity"":[]}"
5302,33216568742464,/autodrive/roboracer_1/right_encoder,JointState,1789404267666765480,,"{""position"":[375.0571],""velocity"":[]}"
5310,33216593490587,/autodrive/roboracer_1/left_encoder,JointState,1789404267691766180,,"{""position"":[377.6653],""velocity"":[]}"
5311,33216593620942,/autodrive/roboracer_1/right_encoder,JointState,1789404267691766180,,"{""position"":[377.6685],""velocity"":[]}"
5321,33216618512063,/autodrive/roboracer_1/left_encoder,JointState,1789404267716765480,,"{""position"":[380.2767],""velocity"":[]}"
5322,33216618649601,/autodrive/roboracer_1/right_encoder,JointState,1789404267716765480,,"{""position"":[380.2833],""velocity"":[]}"
5330,33216643758181,/autodrive/roboracer_1/left_encoder,JointState,1789404267741766380,,"{""position"":[382.8914],""velocity"":[]}"
5331,33216643917731,/autodrive/roboracer_1/right_encoder,JointState,1789404267741766380,,"{""position"":[382.8947],""velocity"":[]}"
5340,33216668448695,/autodrive/roboracer_1/left_encoder,JointState,1789404267766765980,,"{""position"":[385.5029],""velocity"":[]}"
5343,33216669234561,/autodrive/roboracer_1/right_encoder,JointState,1789404267766765980,,"{""position"":[385.5062],""velocity"":[]}"
5351,33216693154649,/autodrive/roboracer_1/left_encoder,JointState,1789404267790766180,,"{""position"":[388.0129],""velocity"":[]}"
5352,33216693300272,/autodrive/roboracer_1/right_encoder,JointState,1789404267790766180,,"{""position"":[388.0161],""velocity"":[]}"
5361,33216719563120,/autodrive/roboracer_1/left_encoder,JointState,1789404267816766180,,"{""position"":[390.729],""velocity"":[]}"
5362,33216719710116,/autodrive/roboracer_1/right_encoder,JointState,1789404267816766180,,"{""position"":[390.7323],""velocity"":[]}"
5371,33216744128289,/autodrive/roboracer_1/left_encoder,JointState,1789404267841765480,,"{""position"":[393.3405],""velocity"":[]}"
5372,33216744290163,/autodrive/roboracer_1/right_encoder,JointState,1789404267841765480,,"{""position"":[393.3438],""velocity"":[]}"
5383,33216768537916,/autodrive/roboracer_1/left_encoder,JointState,1789404267866766380,,"{""position"":[395.9552],""velocity"":[]}"
5384,33216768662951,/autodrive/roboracer_1/right_encoder,JointState,1789404267866766380,,"{""position"":[395.9585],""velocity"":[]}"
5392,33216793840310,/autodrive/roboracer_1/left_encoder,JointState,1789404267891765980,,"{""position"":[398.5667],""velocity"":[]}"
5393,33216794017653,/autodrive/roboracer_1/right_encoder,JointState,1789404267891765980,,"{""position"":[398.5699],""velocity"":[]}"
5403,33216818733776,/autodrive/roboracer_1/left_encoder,JointState,1789404267916765480,,"{""position"":[401.1781],""velocity"":[]}"
5404,33216818884178,/autodrive/roboracer_1/right_encoder,JointState,1789404267916765480,,"{""position"":[401.1814],""velocity"":[]}"
5412,33216843464205,/autodrive/roboracer_1/left_encoder,JointState,1789404267941766180,,"{""position"":[403.7928],""velocity"":[]}"
5413,33216843603617,/autodrive/roboracer_1/right_encoder,JointState,1789404267941766180,,"{""position"":[403.7961],""velocity"":[]}"
5422,33216868922221,/autodrive/roboracer_1/left_encoder,JointState,1789404267967766180,,"{""position"":[406.509],""velocity"":[]}"
5423,33216869089535,/autodrive/roboracer_1/right_encoder,JointState,1789404267967766180,,"{""position"":[406.5123],""velocity"":[]}"
5434,33216894226529,/autodrive/roboracer_1/left_encoder,JointState,1789404267991766380,,"{""position"":[409.0157],""velocity"":[]}"
5435,33216894443636,/autodrive/roboracer_1/right_encoder,JointState,1789404267991766380,,"{""position"":[409.019],""velocity"":[]}"
5444,33216919257683,/autodrive/roboracer_1/left_encoder,JointState,1789404268016765980,,"{""position"":[411.6305],""velocity"":[]}"
5445,33216919434385,/autodrive/roboracer_1/right_encoder,JointState,1789404268016765980,,"{""position"":[411.6337],""velocity"":[]}"
5454,33216943831588,/autodrive/roboracer_1/left_encoder,JointState,1789404268041765480,,"{""position"":[414.2419],""velocity"":[]}"
5455,33216943983864,/autodrive/roboracer_1/right_encoder,JointState,1789404268041765480,,"{""position"":[414.2452],""velocity"":[]}"
5465,33216968890665,/autodrive/roboracer_1/left_encoder,JointState,1789404268066766180,,"{""position"":[416.8534],""velocity"":[]}"
5466,33216969056206,/autodrive/roboracer_1/right_encoder,JointState,1789404268066766180,,"{""position"":[416.8566],""velocity"":[]}"
5474,33216994110804,/autodrive/roboracer_1/left_encoder,JointState,1789404268091765480,,"{""position"":[419.4681],""velocity"":[]}"
5475,33216994250126,/autodrive/roboracer_1/right_encoder,JointState,1789404268091765480,,"{""position"":[419.4713],""velocity"":[]}"
5484,33217018651157,/autodrive/roboracer_1/left_encoder,JointState,1789404268116766380,,"{""position"":[422.0795],""velocity"":[]}"
5485,33217018797101,/autodrive/roboracer_1/right_encoder,JointState,1789404268116766380,,"{""position"":[422.0828],""velocity"":[]}"
5495,33217043783060,/autodrive/roboracer_1/left_encoder,JointState,1789404268141765980,,"{""position"":[424.691],""velocity"":[]}"
5496,33217044013794,/autodrive/roboracer_1/right_encoder,JointState,1789404268141765980,,"{""position"":[424.6942],""velocity"":[]}"
5506,33217069487519,/autodrive/roboracer_1/left_encoder,JointState,1789404268166765480,,"{""position"":[427.3057],""velocity"":[]}"
5507,33217069625128,/autodrive/roboracer_1/right_encoder,JointState,1789404268166765480,,"{""position"":[427.309],""velocity"":[]}"
5516,33217093391677,/autodrive/roboracer_1/left_encoder,JointState,1789404268191766180,,"{""position"":[429.9171],""velocity"":[]}"
5517,33217093531930,/autodrive/roboracer_1/right_encoder,JointState,1789404268191766180,,"{""position"":[429.9204],""velocity"":[]}"
5526,33217119890418,/autodrive/roboracer_1/left_encoder,JointState,1789404268217766180,,"{""position"":[432.6333],""velocity"":[]}"
5527,33217120048865,/autodrive/roboracer_1/right_encoder,JointState,1789404268217766180,,"{""position"":[432.6366],""velocity"":[]}"
5536,33217143903881,/autodrive/roboracer_1/left_encoder,JointState,1789404268241766380,,"{""position"":[435.1433],""velocity"":[]}"
5537,33217144080633,/autodrive/roboracer_1/right_encoder,JointState,1789404268241766380,,"{""position"":[435.1466],""velocity"":[]}"
5546,33217169566631,/autodrive/roboracer_1/left_encoder,JointState,1789404268267766380,,"{""position"":[437.8595],""velocity"":[]}"
5547,33217169710932,/autodrive/roboracer_1/right_encoder,JointState,1789404268267766380,,"{""position"":[437.8628],""velocity"":[]}"
5557,33217194508077,/autodrive/roboracer_1/left_encoder,JointState,1789404268291765480,,"{""position"":[440.3662],""velocity"":[]}"
5558,33217194680721,/autodrive/roboracer_1/right_encoder,JointState,1789404268291765480,,"{""position"":[440.3695],""velocity"":[]}"
5566,33217220064889,/autodrive/roboracer_1/left_encoder,JointState,1789404268316766180,,"{""position"":[442.9809],""velocity"":[]}"
5567,33217220253413,/autodrive/roboracer_1/right_encoder,JointState,1789404268316766180,,"{""position"":[442.9842],""velocity"":[]}"
5576,33217243457826,/autodrive/roboracer_1/left_encoder,JointState,1789404268341765480,,"{""position"":[445.5924],""velocity"":[]}"
5577,33217243585877,/autodrive/roboracer_1/right_encoder,JointState,1789404268341765480,,"{""position"":[445.5957],""velocity"":[]}"
5586,33217267596134,/autodrive/roboracer_1/left_encoder,JointState,1789404268365765980,,"{""position"":[448.0991],""velocity"":[]}"
5587,33217267724435,/autodrive/roboracer_1/right_encoder,JointState,1789404268365765980,,"{""position"":[448.1057],""velocity"":[]}"
5598,33217293702908,/autodrive/roboracer_1/left_encoder,JointState,1789404268391765980,,"{""position"":[450.8185],""velocity"":[]}"
5599,33217293890861,/autodrive/roboracer_1/right_encoder,JointState,1789404268391765980,,"{""position"":[450.8218],""velocity"":[]}"
5607,33217318721879,/autodrive/roboracer_1/left_encoder,JointState,1789404268416766580,,"{""position"":[453.43],""velocity"":[]}"
5608,33217318866421,/autodrive/roboracer_1/right_encoder,JointState,1789404268416766580,,"{""position"":[453.4333],""velocity"":[]}"
5618,33217343391525,/autodrive/roboracer_1/left_encoder,JointState,1789404268441766180,,"{""position"":[456.0415],""velocity"":[]}"
5619,33217343527661,/autodrive/roboracer_1/right_encoder,JointState,1789404268441766180,,"{""position"":[456.048],""velocity"":[]}"
5629,33217368624618,/autodrive/roboracer_1/left_encoder,JointState,1789404268466765480,,"{""position"":[458.6562],""velocity"":[]}"
5630,33217368770492,/autodrive/roboracer_1/right_encoder,JointState,1789404268466765480,,"{""position"":[458.6595],""velocity"":[]}"
5637,33217392244322,/autodrive/roboracer_1/left_encoder,JointState,1789404268490765980,,"{""position"":[461.1629],""velocity"":[]}"
5638,33217392399303,/autodrive/roboracer_1/right_encoder,JointState,1789404268490765980,,"{""position"":[461.1662],""velocity"":[]}"
5649,33217419086057,/autodrive/roboracer_1/left_encoder,JointState,1789404268516765980,,"{""position"":[463.8791],""velocity"":[]}"
5650,33217419252950,/autodrive/roboracer_1/right_encoder,JointState,1789404268516765980,,"{""position"":[463.8856],""velocity"":[]}"
5658,33217444082406,/autodrive/roboracer_1/left_encoder,JointState,1789404268541766580,,"{""position"":[466.4938],""velocity"":[]}"
5659,33217444224563,/autodrive/roboracer_1/right_encoder,JointState,1789404268541766580,,"{""position"":[466.4971],""velocity"":[]}"
5668,33217468267391,/autodrive/roboracer_1/left_encoder,JointState,1789404268566766180,,"{""position"":[469.1053],""velocity"":[]}"
5669,33217468439805,/autodrive/roboracer_1/right_encoder,JointState,1789404268566766180,,"{""position"":[469.1085],""velocity"":[]}"
5679,33217493912819,/autodrive/roboracer_1/left_encoder,JointState,1789404268591765480,,"{""position"":[471.7167],""velocity"":[]}"
5680,33217494076326,/autodrive/roboracer_1/right_encoder,JointState,1789404268591765480,,"{""position"":[471.7232],""velocity"":[]}"
5688,33217519154489,/autodrive/roboracer_1/left_encoder,JointState,1789404268616766380,,"{""position"":[474.3314],""velocity"":[]}"
5689,33217519342752,/autodrive/roboracer_1/right_encoder,JointState,1789404268616766380,,"{""position"":[474.3347],""velocity"":[]}"
5696,33217543672750,/autodrive/roboracer_1/left_encoder,JointState,1789404268641765980,,"{""position"":[474.4361],""velocity"":[]}"
5697,33217543820938,/autodrive/roboracer_1/right_encoder,JointState,1789404268641765980,,"{""position"":[474.4394],""velocity"":[]}"
5706,33217568525058,/autodrive/roboracer_1/left_encoder,JointState,1789404268665766180,,"{""position"":[474.4361],""velocity"":[]}"
5707,33217568664270,/autodrive/roboracer_1/right_encoder,JointState,1789404268665766180,,"{""position"":[474.4394],""velocity"":[]}"
5715,33217593656501,/autodrive/roboracer_1/left_encoder,JointState,1789404268691766180,,"{""position"":[474.4361],""velocity"":[]}"
5716,33217593793769,/autodrive/roboracer_1/right_encoder,JointState,1789404268691766180,,"{""position"":[474.4394],""velocity"":[]}"
5724,33217618833559,/autodrive/roboracer_1/left_encoder,JointState,1789404268716765480,,"{""position"":[474.4361],""velocity"":[]}"
5725,33217618979694,/autodrive/roboracer_1/right_encoder,JointState,1789404268716765480,,"{""position"":[474.4394],""velocity"":[]}"
5733,33217644018743,/autodrive/roboracer_1/left_encoder,JointState,1789404268741766380,,"{""position"":[474.4361],""velocity"":[]}"
5734,33217644158696,/autodrive/roboracer_1/right_encoder,JointState,1789404268741766380,,"{""position"":[474.4394],""velocity"":[]}"
5741,33217670723801,/autodrive/roboracer_1/left_encoder,JointState,1789404268766765980,,"{""position"":[474.4361],""velocity"":[]}"
5742,33217670880646,/autodrive/roboracer_1/right_encoder,JointState,1789404268766765980,,"{""position"":[474.4394],""velocity"":[]}"
5751,33217694439785,/autodrive/roboracer_1/left_encoder,JointState,1789404268791766580,,"{""position"":[474.4361],""velocity"":[]}"
5752,33217694583806,/autodrive/roboracer_1/right_encoder,JointState,1789404268791766580,,"{""position"":[474.4394],""velocity"":[]}"
5760,33217719074535,/autodrive/roboracer_1/left_encoder,JointState,1789404268816766180,,"{""position"":[474.4361],""velocity"":[]}"
5761,33217719284569,/autodrive/roboracer_1/right_encoder,JointState,1789404268816766180,,"{""position"":[474.4394],""velocity"":[]}"
5768,33217744653238,/autodrive/roboracer_1/left_encoder,JointState,1789404268841765480,,"{""position"":[474.4361],""velocity"":[]}"
5769,33217744861349,/autodrive/roboracer_1/right_encoder,JointState,1789404268841765480,,"{""position"":[474.4394],""velocity"":[]}"
5778,33217769947777,/autodrive/roboracer_1/left_encoder,JointState,1789404268866766380,,"{""position"":[474.4361],""velocity"":[]}"
5779,33217770116924,/autodrive/roboracer_1/right_encoder,JointState,1789404268866766380,,"{""position"":[474.4394],""velocity"":[]}"
5787,33217793670433,/autodrive/roboracer_1/left_encoder,JointState,1789404268891765980,,"{""position"":[474.4361],""velocity"":[]}"
5788,33217793792503,/autodrive/roboracer_1/right_encoder,JointState,1789404268891765980,,"{""position"":[474.4394],""velocity"":[]}"
5795,33217818565051,/autodrive/roboracer_1/left_encoder,JointState,1789404268916766580,,"{""position"":[474.4361],""velocity"":[]}"
5796,33217818693052,/autodrive/roboracer_1/right_encoder,JointState,1789404268916766580,,"{""position"":[474.4394],""velocity"":[]}"
5804,33217843483173,/autodrive/roboracer_1/left_encoder,JointState,1789404268941766180,,"{""position"":[474.4361],""velocity"":[]}"
5805,33217843645047,/autodrive/roboracer_1/right_encoder,JointState,1789404268941766180,,"{""position"":[474.4394],""velocity"":[]}"
5813,33217870127107,/autodrive/roboracer_1/left_encoder,JointState,1789404268966765480,,"{""position"":[474.4361],""velocity"":[]}"
5814,33217870269645,/autodrive/roboracer_1/right_encoder,JointState,1789404268966765480,,"{""position"":[474.4394],""velocity"":[]}"
5822,33217893829035,/autodrive/roboracer_1/left_encoder,JointState,1789404268991766380,,"{""position"":[474.4361],""velocity"":[]}"
5823,33217893961834,/autodrive/roboracer_1/right_encoder,JointState,1789404268991766380,,"{""position"":[474.4394],""velocity"":[]}"
5831,33217919360068,/autodrive/roboracer_1/left_encoder,JointState,1789404269016765980,,"{""position"":[474.4361],""velocity"":[]}"
5832,33217919551347,/autodrive/roboracer_1/right_encoder,JointState,1789404269016765980,,"{""position"":[474.4394],""velocity"":[]}"
5841,33217944424925,/autodrive/roboracer_1/left_encoder,JointState,1789404269041766580,,"{""position"":[474.4361],""velocity"":[]}"
5842,33217944669525,/autodrive/roboracer_1/right_encoder,JointState,1789404269041766580,,"{""position"":[474.4394],""velocity"":[]}"
5849,33217969583108,/autodrive/roboracer_1/left_encoder,JointState,1789404269066766180,,"{""position"":[474.4361],""velocity"":[]}"
5850,33217969710287,/autodrive/roboracer_1/right_encoder,JointState,1789404269066766180,,"{""position"":[474.4394],""velocity"":[]}"
5859,33217995070349,/autodrive/roboracer_1/left_encoder,JointState,1789404269092766180,,"{""position"":[474.4361],""velocity"":[]}"
5860,33217995237684,/autodrive/roboracer_1/right_encoder,JointState,1789404269092766180,,"{""position"":[474.4394],""velocity"":[]}"
5868,33218018634208,/autodrive/roboracer_1/left_encoder,JointState,1789404269116766380,,"{""position"":[474.4361],""velocity"":[]}"
5869,33218018773349,/autodrive/roboracer_1/right_encoder,JointState,1789404269116766380,,"{""position"":[474.4394],""velocity"":[]}"
5877,33218043792591,/autodrive/roboracer_1/left_encoder,JointState,1789404269141765980,,"{""position"":[474.4361],""velocity"":[]}"
5878,33218043942974,/autodrive/roboracer_1/right_encoder,JointState,1789404269141765980,,"{""position"":[474.4394],""velocity"":[]}"
5885,33218069694140,/autodrive/roboracer_1/left_encoder,JointState,1789404269166766580,,"{""position"":[474.4361],""velocity"":[]}"
5886,33218069835416,/autodrive/roboracer_1/right_encoder,JointState,1789404269166766580,,"{""position"":[474.4394],""velocity"":[]}"
5895,33218093670483,/autodrive/roboracer_1/left_encoder,JointState,1789404269191766180,,"{""position"":[474.4361],""velocity"":[]}"
5896,33218093822880,/autodrive/roboracer_1/right_encoder,JointState,1789404269191766180,,"{""position"":[474.4394],""velocity"":[]}"
5903,33218118116489,/autodrive/roboracer_1/left_encoder,JointState,1789404269215766380,,"{""position"":[474.4361],""velocity"":[]}"
5904,33218118262513,/autodrive/roboracer_1/right_encoder,JointState,1789404269215766380,,"{""position"":[474.4394],""velocity"":[]}"
5912,33218145872561,/autodrive/roboracer_1/left_encoder,JointState,1789404269242765480,,"{""position"":[474.4361],""velocity"":[]}"
5913,33218146011993,/autodrive/roboracer_1/right_encoder,JointState,1789404269242765480,,"{""position"":[474.4394],""velocity"":[]}"
5921,33218170284462,/autodrive/roboracer_1/left_encoder,JointState,1789404269266765980,,"{""position"":[474.4361],""velocity"":[]}"
5922,33218170443701,/autodrive/roboracer_1/right_encoder,JointState,1789404269266765980,,"{""position"":[474.4394],""velocity"":[]}"
5930,33218193966593,/autodrive/roboracer_1/left_encoder,JointState,1789404269291766580,,"{""position"":[474.4361],""velocity"":[]}"
5931,33218194133006,/autodrive/roboracer_1/right_encoder,JointState,1789404269291766580,,"{""position"":[474.4394],""velocity"":[]}"
5940,33218218841233,/autodrive/roboracer_1/left_encoder,JointState,1789404269316766180,,"{""position"":[474.4361],""velocity"":[]}"
5941,33218218983821,/autodrive/roboracer_1/right_encoder,JointState,1789404269316766180,,"{""position"":[474.4394],""velocity"":[]}"
5948,33218243638889,/autodrive/roboracer_1/left_encoder,JointState,1789404269341765480,,"{""position"":[474.4361],""velocity"":[]}"
5949,33218243805823,/autodrive/roboracer_1/right_encoder,JointState,1789404269341765480,,"{""position"":[474.4394],""velocity"":[]}"
5958,33218270180160,/autodrive/roboracer_1/left_encoder,JointState,1789404269366766380,,"{""position"":[474.4361],""velocity"":[]}"
5959,33218270342355,/autodrive/roboracer_1/right_encoder,JointState,1789404269366766380,,"{""position"":[474.4394],""velocity"":[]}"
5966,33218294505138,/autodrive/roboracer_1/left_encoder,JointState,1789404269391765980,,"{""position"":[474.4361],""velocity"":[]}"
5967,33218294645071,/autodrive/roboracer_1/right_encoder,JointState,1789404269391765980,,"{""position"":[474.4394],""velocity"":[]}"
5975,33218318584114,/autodrive/roboracer_1/left_encoder,JointState,1789404269416766580,,"{""position"":[474.4361],""velocity"":[]}"
5976,33218318711884,/autodrive/roboracer_1/right_encoder,JointState,1789404269416766580,,"{""position"":[474.4394],""velocity"":[]}"
5985,33218343798342,/autodrive/roboracer_1/left_encoder,JointState,1789404269441766180,,"{""position"":[474.4361],""velocity"":[]}"
5986,33218343961228,/autodrive/roboracer_1/right_encoder,JointState,1789404269441766180,,"{""position"":[474.4394],""velocity"":[]}"
5993,33218370554236,/autodrive/roboracer_1/left_encoder,JointState,1789404269466765480,,"{""position"":[474.4361],""velocity"":[]}"
5994,33218370715919,/autodrive/roboracer_1/right_encoder,JointState,1789404269466765480,,"{""position"":[474.4394],""velocity"":[]}"
6002,33218394279828,/autodrive/roboracer_1/left_encoder,JointState,1789404269491766380,,"{""position"":[474.4361],""velocity"":[]}"
6003,33218394441391,/autodrive/roboracer_1/right_encoder,JointState,1789404269491766380,,"{""position"":[474.4394],""velocity"":[]}"
6011,33218418641104,/autodrive/roboracer_1/left_encoder,JointState,1789404269516765980,,"{""position"":[474.4361],""velocity"":[]}"
6012,33218418776488,/autodrive/roboracer_1/right_encoder,JointState,1789404269516765980,,"{""position"":[474.4394],""velocity"":[]}"
6021,33218443707174,/autodrive/roboracer_1/left_encoder,JointState,1789404269541766580,,"{""position"":[474.4361],""velocity"":[]}"
6022,33218443840715,/autodrive/roboracer_1/right_encoder,JointState,1789404269541766580,,"{""position"":[474.4394],""velocity"":[]}"
6028,33218469377278,/autodrive/roboracer_1/left_encoder,JointState,1789404269566766180,,"{""position"":[474.4361],""velocity"":[]}"
6029,33218469523794,/autodrive/roboracer_1/right_encoder,JointState,1789404269566766180,,"{""position"":[474.4394],""velocity"":[]}"
6039,33218493681828,/autodrive/roboracer_1/left_encoder,JointState,1789404269591765480,,"{""position"":[474.4361],""velocity"":[]}"
6040,33218493809448,/autodrive/roboracer_1/right_encoder,JointState,1789404269591765480,,"{""position"":[474.4394],""velocity"":[]}"
6047,33218518780379,/autodrive/roboracer_1/left_encoder,JointState,1789404269616766380,,"{""position"":[474.4361],""velocity"":[]}"
6048,33218518949326,/autodrive/roboracer_1/right_encoder,JointState,1789404269616766380,,"{""position"":[474.4394],""velocity"":[]}"
6057,33218544023772,/autodrive/roboracer_1/left_encoder,JointState,1789404269641765980,,"{""position"":[474.4361],""velocity"":[]}"
6058,33218544194803,/autodrive/roboracer_1/right_encoder,JointState,1789404269641765980,,"{""position"":[474.4394],""velocity"":[]}"
6066,33218569731948,/autodrive/roboracer_1/left_encoder,JointState,1789404269666766580,,"{""position"":[474.4361],""velocity"":[]}"
6067,33218569863425,/autodrive/roboracer_1/right_encoder,JointState,1789404269666766580,,"{""position"":[474.4394],""velocity"":[]}"
6074,33218593526450,/autodrive/roboracer_1/left_encoder,JointState,1789404269691766180,,"{""position"":[474.4361],""velocity"":[]}"
6075,33218593658778,/autodrive/roboracer_1/right_encoder,JointState,1789404269691766180,,"{""position"":[474.4394],""velocity"":[]}"
6084,33218619347598,/autodrive/roboracer_1/left_encoder,JointState,1789404269716765480,,"{""position"":[474.4361],""velocity"":[]}"
6085,33218619492430,/autodrive/roboracer_1/right_encoder,JointState,1789404269716765480,,"{""position"":[474.4394],""velocity"":[]}"
6093,33218644341933,/autodrive/roboracer_1/left_encoder,JointState,1789404269741766380,,"{""position"":[474.4361],""velocity"":[]}"
6094,33218644536829,/autodrive/roboracer_1/right_encoder,JointState,1789404269741766380,,"{""position"":[474.4394],""velocity"":[]}"
6101,33218670087800,/autodrive/roboracer_1/left_encoder,JointState,1789404269766765980,,"{""position"":[474.4361],""velocity"":[]}"
6102,33218670231490,/autodrive/roboracer_1/right_encoder,JointState,1789404269766765980,,"{""position"":[474.4394],""velocity"":[]}"
6111,33218693509752,/autodrive/roboracer_1/left_encoder,JointState,1789404269791766580,,"{""position"":[474.4361],""velocity"":[]}"
6112,33218693651909,/autodrive/roboracer_1/right_encoder,JointState,1789404269791766580,,"{""position"":[474.4394],""velocity"":[]}"
6120,33218718895622,/autodrive/roboracer_1/left_encoder,JointState,1789404269816766180,,"{""position"":[474.4361],""velocity"":[]}"
6121,33218719053188,/autodrive/roboracer_1/right_encoder,JointState,1789404269816766180,,"{""position"":[474.4394],""velocity"":[]}"
6129,33218744384356,/autodrive/roboracer_1/left_encoder,JointState,1789404269841765480,,"{""position"":[474.4361],""velocity"":[]}"
6130,33218744549065,/autodrive/roboracer_1/right_encoder,JointState,1789404269841765480,,"{""position"":[474.4394],""velocity"":[]}"
6138,33218770473848,/autodrive/roboracer_1/left_encoder,JointState,1789404269866766380,,"{""position"":[474.4361],""velocity"":[]}"
6139,33218770667021,/autodrive/roboracer_1/right_encoder,JointState,1789404269866766380,,"{""position"":[474.4394],""velocity"":[]}"
6147,33218793704861,/autodrive/roboracer_1/left_encoder,JointState,1789404269891765980,,"{""position"":[474.4361],""velocity"":[]}"
6148,33218793826961,/autodrive/roboracer_1/right_encoder,JointState,1789404269891765980,,"{""position"":[474.4394],""velocity"":[]}"
6155,33218818727951,/autodrive/roboracer_1/left_encoder,JointState,1789404269916766580,,"{""position"":[474.4361],""velocity"":[]}"
6156,33218818886388,/autodrive/roboracer_1/right_encoder,JointState,1789404269916766580,,"{""position"":[474.4394],""velocity"":[]}"
6165,33218843968639,/autodrive/roboracer_1/left_encoder,JointState,1789404269941766180,,"{""position"":[474.4361],""velocity"":[]}"
6166,33218844141062,/autodrive/roboracer_1/right_encoder,JointState,1789404269941766180,,"{""position"":[474.4394],""velocity"":[]}"
6174,33218870201710,/autodrive/roboracer_1/left_encoder,JointState,1789404269966765480,,"{""position"":[474.4361],""velocity"":[]}"
6175,33218870388231,/autodrive/roboracer_1/right_encoder,JointState,1789404269966765480,,"{""position"":[474.4394],""velocity"":[]}"
6182,33218893757263,/autodrive/roboracer_1/left_encoder,JointState,1789404269991766380,,"{""position"":[474.4361],""velocity"":[]}"
6183,33218893895483,/autodrive/roboracer_1/right_encoder,JointState,1789404269991766380,,"{""position"":[474.4394],""velocity"":[]}"
6192,33218919172860,/autodrive/roboracer_1/left_encoder,JointState,1789404270016765980,,"{""position"":[474.4361],""velocity"":[]}"
6193,33218919346015,/autodrive/roboracer_1/right_encoder,JointState,1789404270016765980,,"{""position"":[474.4394],""velocity"":[]}"
6200,33218943990643,/autodrive/roboracer_1/left_encoder,JointState,1789404270041766580,,"{""position"":[474.4361],""velocity"":[]}"
6201,33218944214604,/autodrive/roboracer_1/right_encoder,JointState,1789404270041766580,,"{""position"":[474.4394],""velocity"":[]}"
6210,33218969678972,/autodrive/roboracer_1/left_encoder,JointState,1789404270066766180,,"{""position"":[474.4361],""velocity"":[]}"
6211,33218969808826,/autodrive/roboracer_1/right_encoder,JointState,1789404270066766180,,"{""position"":[474.4394],""velocity"":[]}"
6218,33218993937395,/autodrive/roboracer_1/left_encoder,JointState,1789404270091765480,,"{""position"":[474.4361],""velocity"":[]}"
6219,33218994113606,/autodrive/roboracer_1/right_encoder,JointState,1789404270091765480,,"{""position"":[474.4394],""velocity"":[]}"
6226,33219018271089,/autodrive/roboracer_1/left_encoder,JointState,1789404270116766380,,"{""position"":[474.4361],""velocity"":[]}"
6227,33219018408618,/autodrive/roboracer_1/right_encoder,JointState,1789404270116766380,,"{""position"":[474.4394],""velocity"":[]}"
6236,33219043834293,/autodrive/roboracer_1/left_encoder,JointState,1789404270141765980,,"{""position"":[474.4361],""velocity"":[]}"
6237,33219044033357,/autodrive/roboracer_1/right_encoder,JointState,1789404270141765980,,"{""position"":[474.4394],""velocity"":[]}"
6246,33219070054481,/autodrive/roboracer_1/left_encoder,JointState,1789404270166766580,,"{""position"":[474.4361],""velocity"":[]}"
6247,33219070215132,/autodrive/roboracer_1/right_encoder,JointState,1789404270166766580,,"{""position"":[474.4394],""velocity"":[]}"
6255,33219094173472,/autodrive/roboracer_1/left_encoder,JointState,1789404270191766180,,"{""position"":[474.4361],""velocity"":[]}"
6256,33219094330226,/autodrive/roboracer_1/right_encoder,JointState,1789404270191766180,,"{""position"":[474.4394],""velocity"":[]}"
6263,33219118743871,/autodrive/roboracer_1/left_encoder,JointState,1789404270216765480,,"{""position"":[474.4361],""velocity"":[]}"
6264,33219118949297,/autodrive/roboracer_1/right_encoder,JointState,1789404270216765480,,"{""position"":[474.4394],""velocity"":[]}"
6273,33219143816353,/autodrive/roboracer_1/left_encoder,JointState,1789404270241766380,,"{""position"":[474.4361],""velocity"":[]}"
6274,33219143981102,/autodrive/roboracer_1/right_encoder,JointState,1789404270241766380,,"{""position"":[474.4394],""velocity"":[]}"
6281,33219169935811,/autodrive/roboracer_1/left_encoder,JointState,1789404270266765980,,"{""position"":[474.4361],""velocity"":[]}"
6282,33219170102003,/autodrive/roboracer_1/right_encoder,JointState,1789404270266765980,,"{""position"":[474.4394],""velocity"":[]}"
6290,33219194047679,/autodrive/roboracer_1/left_encoder,JointState,1789404270291766580,,"{""position"":[474.4361],""velocity"":[]}"
6291,33219194197550,/autodrive/roboracer_1/right_encoder,JointState,1789404270291766580,,"{""position"":[474.4394],""velocity"":[]}"
6300,33219219843099,/autodrive/roboracer_1/left_encoder,JointState,1789404270316766180,,"{""position"":[474.4361],""velocity"":[]}"
6301,33219219986378,/autodrive/roboracer_1/right_encoder,JointState,1789404270316766180,,"{""position"":[474.4394],""velocity"":[]}"
6308,33219243825824,/autodrive/roboracer_1/left_encoder,JointState,1789404270341765480,,"{""position"":[474.4361],""velocity"":[]}"
6309,33219243964424,/autodrive/roboracer_1/right_encoder,JointState,1789404270341765480,,"{""position"":[474.4394],""velocity"":[]}"
6318,33219270338150,/autodrive/roboracer_1/left_encoder,JointState,1789404270366766380,,"{""position"":[474.4361],""velocity"":[]}"
6319,33219270544428,/autodrive/roboracer_1/right_encoder,JointState,1789404270366766380,,"{""position"":[474.4394],""velocity"":[]}"
6327,33219293840523,/autodrive/roboracer_1/left_encoder,JointState,1789404270391765980,,"{""position"":[474.4361],""velocity"":[]}"
6328,33219293968704,/autodrive/roboracer_1/right_encoder,JointState,1789404270391765980,,"{""position"":[474.4394],""velocity"":[]}"
6337,33219319362279,/autodrive/roboracer_1/left_encoder,JointState,1789404270416766580,,"{""position"":[474.4361],""velocity"":[]}"
6338,33219319520025,/autodrive/roboracer_1/right_encoder,JointState,1789404270416766580,,"{""position"":[474.4394],""velocity"":[]}"
6347,33219344369549,/autodrive/roboracer_1/left_encoder,JointState,1789404270441766180,,"{""position"":[474.4361],""velocity"":[]}"
6348,33219344528227,/autodrive/roboracer_1/right_encoder,JointState,1789404270441766180,,"{""position"":[474.4394],""velocity"":[]}"
6357,33219368396597,/autodrive/roboracer_1/left_encoder,JointState,1789404270466765480,,"{""position"":[474.4361],""velocity"":[]}"
6358,33219368532633,/autodrive/roboracer_1/right_encoder,JointState,1789404270466765480,,"{""position"":[474.4394],""velocity"":[]}"
6369,33219393691717,/autodrive/roboracer_1/left_encoder,JointState,1789404270491766380,,"{""position"":[474.4361],""velocity"":[]}"
6370,33219393843582,/autodrive/roboracer_1/right_encoder,JointState,1789404270491766380,,"{""position"":[474.4394],""velocity"":[]}"
6379,33219418427908,/autodrive/roboracer_1/left_encoder,JointState,1789404270516765980,,"{""position"":[474.4361],""velocity"":[]}"
6380,33219418595613,/autodrive/roboracer_1/right_encoder,JointState,1789404270516765980,,"{""position"":[474.4394],""velocity"":[]}"
6389,33219443464552,/autodrive/roboracer_1/left_encoder,JointState,1789404270541766580,,"{""position"":[474.4361],""velocity"":[]}"
6390,33219443604916,/autodrive/roboracer_1/right_encoder,JointState,1789404270541766580,,"{""position"":[474.4394],""velocity"":[]}"
6398,33219468896379,/autodrive/roboracer_1/left_encoder,JointState,1789404270567766580,,"{""position"":[474.4361],""velocity"":[]}"
6399,33219469044307,/autodrive/roboracer_1/right_encoder,JointState,1789404270567766580,,"{""position"":[474.4394],""velocity"":[]}"
6409,33219494393308,/autodrive/roboracer_1/left_encoder,JointState,1789404270591765480,,"{""position"":[474.4361],""velocity"":[]}"
6410,33219494553760,/autodrive/roboracer_1/right_encoder,JointState,1789404270591765480,,"{""position"":[474.4394],""velocity"":[]}"
6420,33219520040329,/autodrive/roboracer_1/left_encoder,JointState,1789404270617765480,,"{""position"":[474.4361],""velocity"":[]}"
6421,33219520209467,/autodrive/roboracer_1/right_encoder,JointState,1789404270617765480,,"{""position"":[474.4394],""velocity"":[]}"
6430,33219543789185,/autodrive/roboracer_1/left_encoder,JointState,1789404270641765980,,"{""position"":[474.4361],""velocity"":[]}"
6431,33219543940249,/autodrive/roboracer_1/right_encoder,JointState,1789404270641765980,,"{""position"":[474.4394],""velocity"":[]}"
6441,33219569425787,/autodrive/roboracer_1/left_encoder,JointState,1789404270666766580,,"{""position"":[474.4361],""velocity"":[]}"
6442,33219569557374,/autodrive/roboracer_1/right_encoder,JointState,1789404270666766580,,"{""position"":[474.4394],""velocity"":[]}"
6449,33219593934881,/autodrive/roboracer_1/left_encoder,JointState,1789404270691766180,,"{""position"":[474.4361],""velocity"":[]}"
6450,33219594106553,/autodrive/roboracer_1/right_encoder,JointState,1789404270691766180,,"{""position"":[474.4394],""velocity"":[]}"
6461,33219618749008,/autodrive/roboracer_1/left_encoder,JointState,1789404270716765480,,"{""position"":[474.4361],""velocity"":[]}"
6462,33219618916482,/autodrive/roboracer_1/right_encoder,JointState,1789404270716765480,,"{""position"":[474.4394],""velocity"":[]}"
6471,33219643865452,/autodrive/roboracer_1/left_encoder,JointState,1789404270741766380,,"{""position"":[476.9265],""velocity"":[]}"
6472,33219644013120,/autodrive/roboracer_1/right_encoder,JointState,1789404270741766380,,"{""position"":[476.9298],""velocity"":[]}"
6480,33219668106292,/autodrive/roboracer_1/left_encoder,JointState,1789404270766765980,,"{""position"":[480.6048],""velocity"":[]}"
6481,33219668255803,/autodrive/roboracer_1/right_encoder,JointState,1789404270766765980,,"{""position"":[480.6081],""velocity"":[]}"
6491,33219693888166,/autodrive/roboracer_1/left_encoder,JointState,1789404270791766580,,"{""position"":[484.3485],""velocity"":[]}"
6492,33219694062644,/autodrive/roboracer_1/right_encoder,JointState,1789404270791766580,,"{""position"":[484.3518],""velocity"":[]}"
6500,33219719203214,/autodrive/roboracer_1/left_encoder,JointState,1789404270816766180,,"{""position"":[488.0923],""velocity"":[]}"
6501,33219719371801,/autodrive/roboracer_1/right_encoder,JointState,1789404270816766180,,"{""position"":[488.0955],""velocity"":[]}"
6512,33219743719832,/autodrive/roboracer_1/left_encoder,JointState,1789404270841765480,,"{""position"":[491.836],""velocity"":[]}"
6513,33219743852251,/autodrive/roboracer_1/right_encoder,JointState,1789404270841765480,,"{""position"":[491.8425],""velocity"":[]}"
6521,33219768782435,/autodrive/roboracer_1/left_encoder,JointState,1789404270866766380,,"{""position"":[495.5699],""velocity"":[]}"
6522,33219768928520,/autodrive/roboracer_1/right_encoder,JointState,1789404270866766380,,"{""position"":[495.5732],""velocity"":[]}"
6532,33219794060063,/autodrive/roboracer_1/left_encoder,JointState,1789404270891765980,,"{""position"":[499.3038],""velocity"":[]}"
6533,33219794212178,/autodrive/roboracer_1/right_encoder,JointState,1789404270891765980,,"{""position"":[499.3071],""velocity"":[]}"
6543,33219819402041,/autodrive/roboracer_1/left_encoder,JointState,1789404270916766580,,"{""position"":[503.0279],""velocity"":[]}"
6544,33219819561320,/autodrive/roboracer_1/right_encoder,JointState,1789404270916766580,,"{""position"":[503.0312],""velocity"":[]}"
6552,33219843799455,/autodrive/roboracer_1/left_encoder,JointState,1789404270941766180,,"{""position"":[506.7487],""velocity"":[]}"
6553,33219843938546,/autodrive/roboracer_1/right_encoder,JointState,1789404270941766180,,"{""position"":[506.752],""velocity"":[]}"
6564,33219868643688,/autodrive/roboracer_1/left_encoder,JointState,1789404270966765480,,"{""position"":[510.4728],""velocity"":[]}"
6565,33219868790083,/autodrive/roboracer_1/right_encoder,JointState,1789404270966765480,,"{""position"":[510.4761],""velocity"":[]}"
6573,33219902169958,/autodrive/roboracer_1/left_encoder,JointState,1789404270997765980,,"{""position"":[515.074],""velocity"":[]}"
6574,33219902315352,/autodrive/roboracer_1/right_encoder,JointState,1789404270997765980,,"{""position"":[515.0772],""velocity"":[]}"
6584,33219919875624,/autodrive/roboracer_1/left_encoder,JointState,1789404271017766380,,"{""position"":[518.0421],""velocity"":[]}"
6585,33219919998535,/autodrive/roboracer_1/right_encoder,JointState,1789404271017766380,,"{""position"":[518.0486],""velocity"":[]}"
6593,33219943590115,/autodrive/roboracer_1/left_encoder,JointState,1789404271041766580,,"{""position"":[521.6058],""velocity"":[]}"
6594,33219943738133,/autodrive/roboracer_1/right_encoder,JointState,1789404271041766580,,"{""position"":[521.6091],""velocity"":[]}"
6605,33219968854097,/autodrive/roboracer_1/left_encoder,JointState,1789404271066766180,,"{""position"":[525.307],""velocity"":[]}"
6606,33219969066235,/autodrive/roboracer_1/right_encoder,JointState,1789404271066766180,,"{""position"":[525.3103],""velocity"":[]}"
6614,33219993491392,/autodrive/roboracer_1/left_encoder,JointState,1789404271090765480,,"{""position"":[528.861],""velocity"":[]}"
6615,33219993648336,/autodrive/roboracer_1/right_encoder,JointState,1789404271090765480,,"{""position"":[528.8642],""velocity"":[]}"
6625,33220019882961,/autodrive/roboracer_1/left_encoder,JointState,1789404271117765480,,"{""position"":[532.8469],""velocity"":[]}"
6626,33220020056397,/autodrive/roboracer_1/right_encoder,JointState,1789404271117765480,,"{""position"":[532.8502],""velocity"":[]}"
6634,33220044472686,/autodrive/roboracer_1/left_encoder,JointState,1789404271141765480,,"{""position"":[536.3877],""velocity"":[]}"
6635,33220044648086,/autodrive/roboracer_1/right_encoder,JointState,1789404271141765480,,"{""position"":[536.3942],""velocity"":[]}"
6646,33220068903343,/autodrive/roboracer_1/left_encoder,JointState,1789404271166765480,,"{""position"":[540.079],""velocity"":[]}"
6647,33220069075006,/autodrive/roboracer_1/right_encoder,JointState,1789404271166765480,,"{""position"":[540.0823],""velocity"":[]}"
6656,33220094109977,/autodrive/roboracer_1/left_encoder,JointState,1789404271191767180,,"{""position"":[543.7574],""velocity"":[]}"
6657,33220094245431,/autodrive/roboracer_1/right_encoder,JointState,1789404271191767180,,"{""position"":[543.7639],""velocity"":[]}"
6664,33220118135483,/autodrive/roboracer_1/left_encoder,JointState,1789404271216766780,,"{""position"":[547.4388],""velocity"":[]}"
6665,33220118268102,/autodrive/roboracer_1/right_encoder,JointState,1789404271216766780,,"{""position"":[547.4422],""velocity"":[]}"
6676,33220143866692,/autodrive/roboracer_1/left_encoder,JointState,1789404271241765480,,"{""position"":[551.1172],""velocity"":[]}"
6677,33220144070875,/autodrive/roboracer_1/right_encoder,JointState,1789404271241765480,,"{""position"":[551.1204],""velocity"":[]}"
6685,33220168394050,/autodrive/roboracer_1/left_encoder,JointState,1789404271266765480,,"{""position"":[554.7856],""velocity"":[]}"
6686,33220168590789,/autodrive/roboracer_1/right_encoder,JointState,1789404271266765480,,"{""position"":[554.7889],""velocity"":[]}"
6697,33220193744464,/autodrive/roboracer_1/left_encoder,JointState,1789404271291765480,,"{""position"":[558.4541],""velocity"":[]}"
6698,33220193887172,/autodrive/roboracer_1/right_encoder,JointState,1789404271291765480,,"{""position"":[558.4573],""velocity"":[]}"
6706,33220218554543,/autodrive/roboracer_1/left_encoder,JointState,1789404271316767180,,"{""position"":[562.1226],""velocity"":[]}"
6707,33220218682844,/autodrive/roboracer_1/right_encoder,JointState,1789404271316767180,,"{""position"":[562.1259],""velocity"":[]}"
6717,33220243712305,/autodrive/roboracer_1/left_encoder,JointState,1789404271341766780,,"{""position"":[565.7813],""velocity"":[]}"
6718,33220243843502,/autodrive/roboracer_1/right_encoder,JointState,1789404271341766780,,"{""position"":[565.7845],""velocity"":[]}"
6728,33220268958243,/autodrive/roboracer_1/left_encoder,JointState,1789404271366765480,,"{""position"":[569.4398],""velocity"":[]}"
6729,33220269117011,/autodrive/roboracer_1/right_encoder,JointState,1789404271366765480,,"{""position"":[569.4432],""velocity"":[]}"
6737,33220293736963,/autodrive/roboracer_1/left_encoder,JointState,1789404271391765480,,"{""position"":[573.0953],""velocity"":[]}"
6738,33220293866286,/autodrive/roboracer_1/right_encoder,JointState,1789404271391765480,,"{""position"":[573.0985],""velocity"":[]}"
6747,33220318410987,/autodrive/roboracer_1/left_encoder,JointState,1789404271416765480,,"{""position"":[576.7441],""velocity"":[]}"
6748,33220318563293,/autodrive/roboracer_1/right_encoder,JointState,1789404271416765480,,"{""position"":[576.7473],""velocity"":[]}"
6757,33220342638582,/autodrive/roboracer_1/left_encoder,JointState,1789404271440765480,,"{""position"":[580.2457],""velocity"":[]}"
6758,33220342760431,/autodrive/roboracer_1/right_encoder,JointState,1789404271440765480,,"{""position"":[580.2521],""velocity"":[]}"
6767,33220368188190,/autodrive/roboracer_1/left_encoder,JointState,1789404271466766780,,"{""position"":[584.0286],""velocity"":[]}"
6770,33220369032216,/autodrive/roboracer_1/right_encoder,JointState,1789404271466766780,,"{""position"":[584.0352],""velocity"":[]}"
6779,33220394277863,/autodrive/roboracer_1/left_encoder,JointState,1789404271491765480,,"{""position"":[587.6677],""velocity"":[]}"
6780,33220394468341,/autodrive/roboracer_1/right_encoder,JointState,1789404271491765480,,"{""position"":[587.6709],""velocity"":[]}"
6788,33220418645701,/autodrive/roboracer_1/left_encoder,JointState,1789404271516765480,,"{""position"":[591.3034],""velocity"":[]}"
6789,33220418776747,/autodrive/roboracer_1/right_encoder,JointState,1789404271516765480,,"{""position"":[591.3066],""velocity"":[]}"
6798,33220443872423,/autodrive/roboracer_1/left_encoder,JointState,1789404271541765480,,"{""position"":[594.9293],""velocity"":[]}"
6799,33220444034207,/autodrive/roboracer_1/right_encoder,JointState,1789404271541765480,,"{""position"":[594.9359],""velocity"":[]}"
6810,33220468792779,/autodrive/roboracer_1/left_encoder,JointState,1789404271566767180,,"{""position"":[598.5585],""velocity"":[]}"
6811,33220468952499,/autodrive/roboracer_1/right_encoder,JointState,1789404271566767180,,"{""position"":[598.5618],""velocity"":[]}"
6820,33220493828943,/autodrive/roboracer_1/left_encoder,JointState,1789404271591766780,,"{""position"":[602.1844],""velocity"":[]}"
6821,33220493967914,/autodrive/roboracer_1/right_encoder,JointState,1789404271591766780,,"{""position"":[602.1877],""velocity"":[]}"
6830,33220519589788,/autodrive/roboracer_1/left_encoder,JointState,1789404271616765480,,"{""position"":[605.8104],""velocity"":[]}"
6831,33220519754638,/autodrive/roboracer_1/right_encoder,JointState,1789404271616765480,,"{""position"":[605.8136],""velocity"":[]}"
6840,33220544963035,/autodrive/roboracer_1/left_encoder,JointState,1789404271641765480,,"{""position"":[609.4265],""velocity"":[]}"
6841,33220545130480,/autodrive/roboracer_1/right_encoder,JointState,1789404271641765480,,"{""position"":[609.4297],""velocity"":[]}"
6849,33220567885228,/autodrive/roboracer_1/left_encoder,JointState,1789404271666765480,,"{""position"":[613.0426],""velocity"":[]}"
6850,33220568028828,/autodrive/roboracer_1/right_encoder,JointState,1789404271666765480,,"{""position"":[613.0458],""velocity"":[]}"
6861,33220594749997,/autodrive/roboracer_1/left_encoder,JointState,1789404271692766580,,"{""position"":[616.8027],""velocity"":[]}"
6862,33220594880572,/autodrive/roboracer_1/right_encoder,JointState,1789404271692766580,,"{""position"":[616.8059],""velocity"":[]}"
6870,33220618642482,/autodrive/roboracer_1/left_encoder,JointState,1789404271716766780,,"{""position"":[620.265],""velocity"":[]}"
6871,33220618778287,/autodrive/roboracer_1/right_encoder,JointState,1789404271716766780,,"{""position"":[620.2682],""velocity"":[]}"
6881,33220643748187,/autodrive/roboracer_1/left_encoder,JointState,1789404271739765480,,"{""position"":[623.58],""velocity"":[]}"
6882,33220643894091,/autodrive/roboracer_1/right_encoder,JointState,1789404271739765480,,"{""position"":[623.5833],""velocity"":[]}"
6890,33220667875984,/autodrive/roboracer_1/left_encoder,JointState,1789404271766765480,,"{""position"":[627.4742],""velocity"":[]}"
6893,33220668702938,/autodrive/roboracer_1/right_encoder,JointState,1789404271766765480,,"{""position"":[627.4775],""velocity"":[]}"
6901,33220693550497,/autodrive/roboracer_1/left_encoder,JointState,1789404271791765480,,"{""position"":[631.0674],""velocity"":[]}"
6902,33220693708784,/autodrive/roboracer_1/right_encoder,JointState,1789404271791765480,,"{""position"":[631.0707],""velocity"":[]}"
6912,33220718592592,/autodrive/roboracer_1/left_encoder,JointState,1789404271816767180,,"{""position"":[634.6606],""velocity"":[]}"
6913,33220718714481,/autodrive/roboracer_1/right_encoder,JointState,1789404271816767180,,"{""position"":[634.6639],""velocity"":[]}"
6920,33220744119498,/autodrive/roboracer_1/left_encoder,JointState,1789404271841766780,,"{""position"":[638.2538],""velocity"":[]}"
6921,33220744274669,/autodrive/roboracer_1/right_encoder,JointState,1789404271841766780,,"{""position"":[638.2571],""velocity"":[]}"
6933,33220769879371,/autodrive/roboracer_1/left_encoder,JointState,1789404271866765480,,"{""position"":[641.8372],""velocity"":[]}"
6934,33220770087011,/autodrive/roboracer_1/right_encoder,JointState,1789404271866765480,,"{""position"":[641.8405],""velocity"":[]}"
6942,33220793027919,/autodrive/roboracer_1/left_encoder,JointState,1789404271890766580,,"{""position"":[645.2766],""velocity"":[]}"
6943,33220793201475,/autodrive/roboracer_1/right_encoder,JointState,1789404271890766580,,"{""position"":[645.2799],""velocity"":[]}"
6951,33220818230085,/autodrive/roboracer_1/left_encoder,JointState,1789404271916765480,,"{""position"":[649.0007],""velocity"":[]}"
6952,33220818395836,/autodrive/roboracer_1/right_encoder,JointState,1789404271916765480,,"{""position"":[649.004],""velocity"":[]}"
6963,33220843676750,/autodrive/roboracer_1/left_encoder,JointState,1789404271941767180,,"{""position"":[652.584],""velocity"":[]}"
6964,33220843832372,/autodrive/roboracer_1/right_encoder,JointState,1789404271941767180,,"{""position"":[652.5873],""velocity"":[]}"
6974,33220868955319,/autodrive/roboracer_1/left_encoder,JointState,1789404271966766780,,"{""position"":[656.1544],""velocity"":[]}"
6975,33220869102225,/autodrive/roboracer_1/right_encoder,JointState,1789404271966766780,,"{""position"":[656.1609],""velocity"":[]}"
6982,33220893237396,/autodrive/roboracer_1/left_encoder,JointState,1789404271991765480,,"{""position"":[659.7279],""velocity"":[]}"
6983,33220893397577,/autodrive/roboracer_1/right_encoder,JointState,1789404271991765480,,"{""position"":[659.7312],""velocity"":[]}"
6993,33220919580956,/autodrive/roboracer_1/left_encoder,JointState,1789404272016765480,,"{""position"":[663.2982],""velocity"":[]}"
6994,33220919714176,/autodrive/roboracer_1/right_encoder,JointState,1789404272016765480,,"{""position"":[663.3015],""velocity"":[]}"
7004,33220944192091,/autodrive/roboracer_1/left_encoder,JointState,1789404272041765480,,"{""position"":[666.8587],""velocity"":[]}"
7005,33220944347934,/autodrive/roboracer_1/right_encoder,JointState,1789404272041765480,,"{""position"":[666.8652],""velocity"":[]}"
7014,33220970235958,/autodrive/roboracer_1/left_encoder,JointState,1789404272065765480,,"{""position"":[670.2784],""velocity"":[]}"
7015,33220970401749,/autodrive/roboracer_1/right_encoder,JointState,1789404272065765480,,"{""position"":[670.285],""velocity"":[]}"
7025,33220994511272,/autodrive/roboracer_1/left_encoder,JointState,1789404272091766780,,"{""position"":[673.9828],""velocity"":[]}"
7026,33220994657898,/autodrive/roboracer_1/right_encoder,JointState,1789404272091766780,,"{""position"":[673.9894],""velocity"":[]}"
7035,33221020474247,/autodrive/roboracer_1/left_encoder,JointState,1789404272117765480,,"{""position"":[677.6776],""velocity"":[]}"
7036,33221020646531,/autodrive/roboracer_1/right_encoder,JointState,1789404272117765480,,"{""position"":[677.6808],""velocity"":[]}"
7044,33221043845534,/autodrive/roboracer_1/left_encoder,JointState,1789404272141765480,,"{""position"":[681.0842],""velocity"":[]}"
7045,33221043977381,/autodrive/roboracer_1/right_encoder,JointState,1789404272141765480,,"{""position"":[681.0908],""velocity"":[]}"
7054,33221068336724,/autodrive/roboracer_1/left_encoder,JointState,1789404272166765480,,"{""position"":[684.6349],""velocity"":[]}"
7057,33221069209754,/autodrive/roboracer_1/right_encoder,JointState,1789404272166765480,,"{""position"":[684.6381],""velocity"":[]}"
7064,33221093302235,/autodrive/roboracer_1/left_encoder,JointState,1789404272191767180,,"{""position"":[688.179],""velocity"":[]}"
7065,33221093440154,/autodrive/roboracer_1/right_encoder,JointState,1789404272191767180,,"{""position"":[688.1855],""velocity"":[]}"
7075,33221118661315,/autodrive/roboracer_1/left_encoder,JointState,1789404272216766780,,"{""position"":[691.71],""velocity"":[]}"
7076,33221118834431,/autodrive/roboracer_1/right_encoder,JointState,1789404272216766780,,"{""position"":[691.7166],""velocity"":[]}"
7085,33221143753785,/autodrive/roboracer_1/left_encoder,JointState,1789404272241765480,,"{""position"":[695.2377],""velocity"":[]}"
7086,33221143882707,/autodrive/roboracer_1/right_encoder,JointState,1789404272241765480,,"{""position"":[695.241],""velocity"":[]}"
7095,33221168046953,/autodrive/roboracer_1/left_encoder,JointState,1789404272266765480,,"{""position"":[698.7557],""velocity"":[]}"
7098,33221168827660,/autodrive/roboracer_1/right_encoder,JointState,1789404272266765480,,"{""position"":[698.7623],""velocity"":[]}"
7107,33221193975123,/autodrive/roboracer_1/left_encoder,JointState,1789404272291765480,,"{""position"":[702.2245],""velocity"":[]}"
7108,33221194130194,/autodrive/roboracer_1/right_encoder,JointState,1789404272291765480,,"{""position"":[702.2311],""velocity"":[]}"
7117,33221219447486,/autodrive/roboracer_1/left_encoder,JointState,1789404272316767180,,"{""position"":[705.6901],""velocity"":[]}"
7118,33221219582680,/autodrive/roboracer_1/right_encoder,JointState,1789404272316767180,,"{""position"":[705.6966],""velocity"":[]}"
7127,33221243994962,/autodrive/roboracer_1/left_encoder,JointState,1789404272341766780,,"{""position"":[709.1655],""velocity"":[]}"
7128,33221244144142,/autodrive/roboracer_1/right_encoder,JointState,1789404272341766780,,"{""position"":[709.172],""velocity"":[]}"
7136,33221267929677,/autodrive/roboracer_1/left_encoder,JointState,1789404272366765480,,"{""position"":[712.6442],""velocity"":[]}"
7137,33221268170529,/autodrive/roboracer_1/right_encoder,JointState,1789404272366765480,,"{""position"":[712.6506],""velocity"":[]}"
7148,33221293533457,/autodrive/roboracer_1/left_encoder,JointState,1789404272391765480,,"{""position"":[716.126],""velocity"":[]}"
7149,33221293680262,/autodrive/roboracer_1/right_encoder,JointState,1789404272391765480,,"{""position"":[716.1326],""velocity"":[]}"
7157,33221318449936,/autodrive/roboracer_1/left_encoder,JointState,1789404272416765480,,"{""position"":[719.6145],""velocity"":[]}"
7158,33221318599837,/autodrive/roboracer_1/right_encoder,JointState,1789404272416765480,,"{""position"":[719.6211],""velocity"":[]}"
7167,33221343506608,/autodrive/roboracer_1/left_encoder,JointState,1789404272441767180,,"{""position"":[723.1063],""velocity"":[]}"
7168,33221343655297,/autodrive/roboracer_1/right_encoder,JointState,1789404272441767180,,"{""position"":[723.1129],""velocity"":[]}"
7177,33221368452773,/autodrive/roboracer_1/left_encoder,JointState,1789404272466766780,,"{""position"":[726.6013],""velocity"":[]}"
7178,33221368609187,/autodrive/roboracer_1/right_encoder,JointState,1789404272466766780,,"{""position"":[726.6078],""velocity"":[]}"
7188,33221393597561,/autodrive/roboracer_1/left_encoder,JointState,1789404272491765480,,"{""position"":[730.0996],""velocity"":[]}"
7189,33221393719830,/autodrive/roboracer_1/right_encoder,JointState,1789404272491765480,,"{""position"":[730.1062],""velocity"":[]}"
7198,33221419090001,/autodrive/roboracer_1/left_encoder,JointState,1789404272516765480,,"{""position"":[733.6012],""velocity"":[]}"
7199,33221419230656,/autodrive/roboracer_1/right_encoder,JointState,1789404272516765480,,"{""position"":[733.6077],""velocity"":[]}"
7209,33221444954792,/autodrive/roboracer_1/left_encoder,JointState,1789404272542766980,,"{""position"":[737.2402],""velocity"":[]}"
7210,33221445105405,/autodrive/roboracer_1/right_encoder,JointState,1789404272542766980,,"{""position"":[737.2468],""velocity"":[]}"
7219,33221468455722,/autodrive/roboracer_1/left_encoder,JointState,1789404272566767180,,"{""position"":[740.6043],""velocity"":[]}"
7220,33221468623647,/autodrive/roboracer_1/right_encoder,JointState,1789404272566767180,,"{""position"":[740.6109],""velocity"":[]}"
7229,33221492705559,/autodrive/roboracer_1/left_encoder,JointState,1789404272590765480,,"{""position"":[743.9684],""velocity"":[]}"
7230,33221492854889,/autodrive/roboracer_1/right_encoder,JointState,1789404272590765480,,"{""position"":[743.975],""velocity"":[]}"
7239,33221518711354,/autodrive/roboracer_1/left_encoder,JointState,1789404272616765480,,"{""position"":[747.6107],""velocity"":[]}"
7240,33221518857528,/autodrive/roboracer_1/right_encoder,JointState,1789404272616765480,,"{""position"":[747.6172],""velocity"":[]}"
7249,33221543973642,/autodrive/roboracer_1/left_encoder,JointState,1789404272641765480,,"{""position"":[751.1155],""velocity"":[]}"
7250,33221544141858,/autodrive/roboracer_1/right_encoder,JointState,1789404272641765480,,"{""position"":[751.1221],""velocity"":[]}"
7261,33221568544212,/autodrive/roboracer_1/left_encoder,JointState,1789404272666765480,,"{""position"":[754.6204],""velocity"":[]}"
7262,33221568748335,/autodrive/roboracer_1/right_encoder,JointState,1789404272666765480,,"{""position"":[754.627],""velocity"":[]}"
7270,33221593668211,/autodrive/roboracer_1/left_encoder,JointState,1789404272691767180,,"{""position"":[758.1285],""velocity"":[]}"
7271,33221593793416,/autodrive/roboracer_1/right_encoder,JointState,1789404272691767180,,"{""position"":[758.135],""velocity"":[]}"
7281,33221619228869,/autodrive/roboracer_1/left_encoder,JointState,1789404272716766780,,"{""position"":[761.6334],""velocity"":[]}"
7282,33221619386285,/autodrive/roboracer_1/right_encoder,JointState,1789404272716766780,,"{""position"":[761.6399],""velocity"":[]}"
7290,33221643760896,/autodrive/roboracer_1/left_encoder,JointState,1789404272741765480,,"{""position"":[765.1415],""velocity"":[]}"
7291,33221643912702,/autodrive/roboracer_1/right_encoder,JointState,1789404272741765480,,"{""position"":[765.148],""velocity"":[]}"
7301,33221668495544,/autodrive/roboracer_1/left_encoder,JointState,1789404272766765480,,"{""position"":[768.6463],""velocity"":[]}"
7302,33221668649112,/autodrive/roboracer_1/right_encoder,JointState,1789404272766765480,,"{""position"":[768.6529],""velocity"":[]}"
7311,33221694096859,/autodrive/roboracer_1/left_encoder,JointState,1789404272791765480,,"{""position"":[772.1544],""velocity"":[]}"
7312,33221694255507,/autodrive/roboracer_1/right_encoder,JointState,1789404272791765480,,"{""position"":[772.1609],""velocity"":[]}"
7322,33221719250394,/autodrive/roboracer_1/left_encoder,JointState,1789404272816767180,,"{""position"":[775.6625],""velocity"":[]}"
7323,33221719373274,/autodrive/roboracer_1/right_encoder,JointState,1789404272816767180,,"{""position"":[775.6691],""velocity"":[]}"
7332,33221744550263,/autodrive/roboracer_1/left_encoder,JointState,1789404272841766780,,"{""position"":[779.1707],""velocity"":[]}"
7333,33221744721885,/autodrive/roboracer_1/right_encoder,JointState,1789404272841766780,,"{""position"":[779.1771],""velocity"":[]}"
7341,33221768209350,/autodrive/roboracer_1/left_encoder,JointState,1789404272866765480,,"{""position"":[782.6788],""velocity"":[]}"
7342,33221768364191,/autodrive/roboracer_1/right_encoder,JointState,1789404272866765480,,"{""position"":[782.6853],""velocity"":[]}"
7352,33221793546830,/autodrive/roboracer_1/left_encoder,JointState,1789404272891765480,,"{""position"":[786.1836],""velocity"":[]}"
7353,33221793693084,/autodrive/roboracer_1/right_encoder,JointState,1789404272891765480,,"{""position"":[786.1901],""velocity"":[]}"
7362,33221818464461,/autodrive/roboracer_1/left_encoder,JointState,1789404272916765480,,"{""position"":[789.6917],""velocity"":[]}"
7363,33221818634931,/autodrive/roboracer_1/right_encoder,JointState,1789404272916765480,,"{""position"":[789.6982],""velocity"":[]}"
7372,33221843676305,/autodrive/roboracer_1/left_encoder,JointState,1789404272941767180,,"{""position"":[793.1998],""velocity"":[]}"
7373,33221843822780,/autodrive/roboracer_1/right_encoder,JointState,1789404272941767180,,"{""position"":[793.2064],""velocity"":[]}"
7384,33221868967618,/autodrive/roboracer_1/left_encoder,JointState,1789404272966766780,,"{""position"":[796.7079],""velocity"":[]}"
7385,33221869134481,/autodrive/roboracer_1/right_encoder,JointState,1789404272966766780,,"{""position"":[796.7145],""velocity"":[]}"
7393,33221893978945,/autodrive/roboracer_1/left_encoder,JointState,1789404272991765480,,"{""position"":[800.216],""velocity"":[]}"
7394,33221894143935,/autodrive/roboracer_1/right_encoder,JointState,1789404272991765480,,"{""position"":[800.2226],""velocity"":[]}"
7402,33221919192031,/autodrive/roboracer_1/left_encoder,JointState,1789404273016765480,,"{""position"":[803.7242],""velocity"":[]}"
7403,33221919362010,/autodrive/roboracer_1/right_encoder,JointState,1789404273016765480,,"{""position"":[803.7307],""velocity"":[]}"
7413,33221944769452,/autodrive/roboracer_1/left_encoder,JointState,1789404273041765480,,"{""position"":[807.2322],""velocity"":[]}"
7414,33221944942006,/autodrive/roboracer_1/right_encoder,JointState,1789404273041765480,,"{""position"":[807.2388],""velocity"":[]}"
7423,33221968427236,/autodrive/roboracer_1/left_encoder,JointState,1789404273066767180,,"{""position"":[810.7404],""velocity"":[]}"
7424,33221968599300,/autodrive/roboracer_1/right_encoder,JointState,1789404273066767180,,"{""position"":[810.7469],""velocity"":[]}"
7434,33221993906793,/autodrive/roboracer_1/left_encoder,JointState,1789404273091766780,,"{""position"":[814.2485],""velocity"":[]}"
7435,33221994060281,/autodrive/roboracer_1/right_encoder,JointState,1789404273091766780,,"{""position"":[814.255],""velocity"":[]}"
7445,33222018761937,/autodrive/roboracer_1/left_encoder,JointState,1789404273116765480,,"{""position"":[817.7566],""velocity"":[]}"
7446,33222018946444,/autodrive/roboracer_1/right_encoder,JointState,1789404273116765480,,"{""position"":[817.7664],""velocity"":[]}"
7454,33222042878724,/autodrive/roboracer_1/left_encoder,JointState,1789404273140766580,,"{""position"":[821.1273],""velocity"":[]}"
7455,33222043042732,/autodrive/roboracer_1/right_encoder,JointState,1789404273140766580,,"{""position"":[821.1338],""velocity"":[]}"
7464,33222068123169,/autodrive/roboracer_1/left_encoder,JointState,1789404273166765480,,"{""position"":[824.7761],""velocity"":[]}"
7465,33222068283660,/autodrive/roboracer_1/right_encoder,JointState,1789404273166765480,,"{""position"":[824.7826],""velocity"":[]}"
7475,33222093627642,/autodrive/roboracer_1/left_encoder,JointState,1789404273191767180,,"{""position"":[828.2842],""velocity"":[]}"
7476,33222093789837,/autodrive/roboracer_1/right_encoder,JointState,1789404273191767180,,"{""position"":[828.294],""velocity"":[]}"
7486,33222118805192,/autodrive/roboracer_1/left_encoder,JointState,1789404273216766780,,"{""position"":[831.7923],""velocity"":[]}"
7487,33222118942379,/autodrive/roboracer_1/right_encoder,JointState,1789404273216766780,,"{""position"":[831.8021],""velocity"":[]}"
7496,33222145148150,/autodrive/roboracer_1/left_encoder,JointState,1789404273241765480,,"{""position"":[835.3037],""velocity"":[]}"
7497,33222145301047,/autodrive/roboracer_1/right_encoder,JointState,1789404273241765480,,"{""position"":[835.3102],""velocity"":[]}"
7506,33222169423575,/autodrive/roboracer_1/left_encoder,JointState,1789404273266765480,,"{""position"":[838.8118],""velocity"":[]}"
7507,33222169614664,/autodrive/roboracer_1/right_encoder,JointState,1789404273266765480,,"{""position"":[838.8184],""velocity"":[]}"
7516,33222193411490,/autodrive/roboracer_1/left_encoder,JointState,1789404273291765480,,"{""position"":[842.3199],""velocity"":[]}"
7517,33222193567523,/autodrive/roboracer_1/right_encoder,JointState,1789404273291765480,,"{""position"":[842.3298],""velocity"":[]}"
7526,33222218563091,/autodrive/roboracer_1/left_encoder,JointState,1789404273316767180,,"{""position"":[845.8281],""velocity"":[]}"
7527,33222218684599,/autodrive/roboracer_1/right_encoder,JointState,1789404273316767180,,"{""position"":[845.8378],""velocity"":[]}"
7536,33222243714591,/autodrive/roboracer_1/left_encoder,JointState,1789404273341766780,,"{""position"":[849.3394],""velocity"":[]}"
7537,33222243868320,/autodrive/roboracer_1/right_encoder,JointState,1789404273341766780,,"{""position"":[849.3459],""velocity"":[]}"
7548,33222268785911,/autodrive/roboracer_1/left_encoder,JointState,1789404273366765480,,"{""position"":[852.8475],""velocity"":[]}"
7549,33222268937055,/autodrive/roboracer_1/right_encoder,JointState,1789404273366765480,,"{""position"":[852.8541],""velocity"":[]}"
7557,33222293513586,/autodrive/roboracer_1/left_encoder,JointState,1789404273391765480,,"{""position"":[856.3557],""velocity"":[]}"
7558,33222293652496,/autodrive/roboracer_1/right_encoder,JointState,1789404273391765480,,"{""position"":[856.3654],""velocity"":[]}"
7567,33222318629770,/autodrive/roboracer_1/left_encoder,JointState,1789404273416765480,,"{""position"":[859.8637],""velocity"":[]}"
7568,33222318789620,/autodrive/roboracer_1/right_encoder,JointState,1789404273416765480,,"{""position"":[859.8736],""velocity"":[]}"
7577,33222342709257,/autodrive/roboracer_1/left_encoder,JointState,1789404273440765480,,"{""position"":[863.2344],""velocity"":[]}"
7578,33222342838139,/autodrive/roboracer_1/right_encoder,JointState,1789404273440765480,,"{""position"":[863.241],""velocity"":[]}"
7587,33222368492113,/autodrive/roboracer_1/left_encoder,JointState,1789404273466766780,,"{""position"":[866.8832],""velocity"":[]}"
7588,33222368660399,/autodrive/roboracer_1/right_encoder,JointState,1789404273466766780,,"{""position"":[866.8898],""velocity"":[]}"
7599,33222394299135,/autodrive/roboracer_1/left_encoder,JointState,1789404273491765480,,"{""position"":[870.3914],""velocity"":[]}"
7600,33222394436974,/autodrive/roboracer_1/right_encoder,JointState,1789404273491765480,,"{""position"":[870.4012],""velocity"":[]}"
7608,33222418883290,/autodrive/roboracer_1/left_encoder,JointState,1789404273516765480,,"{""position"":[873.9027],""velocity"":[]}"
7609,33222419042669,/autodrive/roboracer_1/right_encoder,JointState,1789404273516765480,,"{""position"":[873.9093],""velocity"":[]}"
7619,33222444032736,/autodrive/roboracer_1/left_encoder,JointState,1789404273541765480,,"{""position"":[877.4109],""velocity"":[]}"
7620,33222444230658,/autodrive/roboracer_1/right_encoder,JointState,1789404273541765480,,"{""position"":[877.4174],""velocity"":[]}"
7628,33222468654271,/autodrive/roboracer_1/left_encoder,JointState,1789404273566767180,,"{""position"":[880.9189],""velocity"":[]}"
7629,33222468855028,/autodrive/roboracer_1/right_encoder,JointState,1789404273566767180,,"{""position"":[880.9288],""velocity"":[]}"
7638,33222493594705,/autodrive/roboracer_1/left_encoder,JointState,1789404273591766780,,"{""position"":[884.4271],""velocity"":[]}"
7639,33222493718899,/autodrive/roboracer_1/right_encoder,JointState,1789404273591766780,,"{""position"":[884.4369],""velocity"":[]}"
7648,33222518720217,/autodrive/roboracer_1/left_encoder,JointState,1789404273616765480,,"{""position"":[887.9385],""velocity"":[]}"
7649,33222518853097,/autodrive/roboracer_1/right_encoder,JointState,1789404273616765480,,"{""position"":[887.945],""velocity"":[]}"
7656,33222543993035,/autodrive/roboracer_1/left_encoder,JointState,1789404273641765480,,"{""position"":[888.0759],""velocity"":[]}"
7657,33222544148126,/autodrive/roboracer_1/right_encoder,JointState,1789404273641765480,,"{""position"":[888.0858],""velocity"":[]}"
7666,33222569851634,/autodrive/roboracer_1/left_encoder,JointState,1789404273666765480,,"{""position"":[888.0759],""velocity"":[]}"
7667,33222570071757,/autodrive/roboracer_1/right_encoder,JointState,1789404273666765480,,"{""position"":[888.0858],""velocity"":[]}"
7675,33222593810835,/autodrive/roboracer_1/left_encoder,JointState,1789404273691767180,,"{""position"":[888.0759],""velocity"":[]}"
7676,33222593947782,/autodrive/roboracer_1/right_encoder,JointState,1789404273691767180,,"{""position"":[888.0858],""velocity"":[]}"
7684,33222618915628,/autodrive/roboracer_1/left_encoder,JointState,1789404273716766780,,"{""position"":[888.0759],""velocity"":[]}"
7685,33222619090025,/autodrive/roboracer_1/right_encoder,JointState,1789404273716766780,,"{""position"":[888.0858],""velocity"":[]}"
7693,33222647594734,/autodrive/roboracer_1/left_encoder,JointState,1789404273740766980,,"{""position"":[888.0759],""velocity"":[]}"
7694,33222647793778,/autodrive/roboracer_1/right_encoder,JointState,1789404273740766980,,"{""position"":[888.0858],""velocity"":[]}"
7701,33222668591270,/autodrive/roboracer_1/left_encoder,JointState,1789404273766765480,,"{""position"":[888.0759],""velocity"":[]}"
7702,33222668722717,/autodrive/roboracer_1/right_encoder,JointState,1789404273766765480,,"{""position"":[888.0858],""velocity"":[]}"
7710,33222693484115,/autodrive/roboracer_1/left_encoder,JointState,1789404273791765480,,"{""position"":[888.0759],""velocity"":[]}"
7711,33222693627234,/autodrive/roboracer_1/right_encoder,JointState,1789404273791765480,,"{""position"":[888.0858],""velocity"":[]}"
7720,33222718671663,/autodrive/roboracer_1/left_encoder,JointState,1789404273816767180,,"{""position"":[888.0759],""velocity"":[]}"
7721,33222718792720,/autodrive/roboracer_1/right_encoder,JointState,1789404273816767180,,"{""position"":[888.0858],""velocity"":[]}"
7728,33222743843672,/autodrive/roboracer_1/left_encoder,JointState,1789404273841766780,,"{""position"":[888.0759],""velocity"":[]}"
7729,33222744052074,/autodrive/roboracer_1/right_encoder,JointState,1789404273841766780,,"{""position"":[888.0858],""velocity"":[]}"
7738,33222769817727,/autodrive/roboracer_1/left_encoder,JointState,1789404273866765480,,"{""position"":[888.0759],""velocity"":[]}"
7739,33222769966747,/autodrive/roboracer_1/right_encoder,JointState,1789404273866765480,,"{""position"":[888.0858],""velocity"":[]}"
7746,33222793533311,/autodrive/roboracer_1/left_encoder,JointState,1789404273891765480,,"{""position"":[888.0759],""velocity"":[]}"
7747,33222793672883,/autodrive/roboracer_1/right_encoder,JointState,1789404273891765480,,"{""position"":[888.0858],""velocity"":[]}"
7755,33222818749703,/autodrive/roboracer_1/left_encoder,JointState,1789404273916765480,,"{""position"":[888.0759],""velocity"":[]}"
7756,33222818894596,/autodrive/roboracer_1/right_encoder,JointState,1789404273916765480,,"{""position"":[888.0858],""velocity"":[]}"
7765,33222843745622,/autodrive/roboracer_1/left_encoder,JointState,1789404273941767180,,"{""position"":[888.0759],""velocity"":[]}"
7766,33222843905291,/autodrive/roboracer_1/right_encoder,JointState,1789404273941767180,,"{""position"":[888.0858],""velocity"":[]}"
7772,33222870228813,/autodrive/roboracer_1/left_encoder,JointState,1789404273966766780,,"{""position"":[888.0759],""velocity"":[]}"
7773,33222870478322,/autodrive/roboracer_1/right_encoder,JointState,1789404273966766780,,"{""position"":[888.0858],""velocity"":[]}"
7783,33222894068961,/autodrive/roboracer_1/left_encoder,JointState,1789404273991765480,,"{""position"":[888.0759],""velocity"":[]}"
7784,33222894221036,/autodrive/roboracer_1/right_encoder,JointState,1789404273991765480,,"{""position"":[888.0858],""velocity"":[]}"
7792,33222918854584,/autodrive/roboracer_1/left_encoder,JointState,1789404274016765480,,"{""position"":[888.0759],""velocity"":[]}"
7793,33222918997653,/autodrive/roboracer_1/right_encoder,JointState,1789404274016765480,,"{""position"":[888.0858],""velocity"":[]}"
7801,33222943740526,/autodrive/roboracer_1/left_encoder,JointState,1789404274041765480,,"{""position"":[888.0759],""velocity"":[]}"
7802,33222943909223,/autodrive/roboracer_1/right_encoder,JointState,1789404274041765480,,"{""position"":[888.0858],""velocity"":[]}"
7810,33222969850356,/autodrive/roboracer_1/left_encoder,JointState,1789404274066767180,,"{""position"":[888.0759],""velocity"":[]}"
7811,33222969970903,/autodrive/roboracer_1/right_encoder,JointState,1789404274066767180,,"{""position"":[888.0858],""velocity"":[]}"
7819,33222994113789,/autodrive/roboracer_1/left_encoder,JointState,1789404274091766780,,"{""position"":[888.0759],""velocity"":[]}"
7820,33222994271525,/autodrive/roboracer_1/right_encoder,JointState,1789404274091766780,,"{""position"":[888.0858],""velocity"":[]}"
7827,33223018653520,/autodrive/roboracer_1/left_encoder,JointState,1789404274116765480,,"{""position"":[888.0759],""velocity"":[]}"
7828,33223018789075,/autodrive/roboracer_1/right_encoder,JointState,1789404274116765480,,"{""position"":[888.0858],""velocity"":[]}"
7837,33223043684113,/autodrive/roboracer_1/left_encoder,JointState,1789404274141765480,,"{""position"":[888.0759],""velocity"":[]}"
7838,33223043816682,/autodrive/roboracer_1/right_encoder,JointState,1789404274141765480,,"{""position"":[888.0858],""velocity"":[]}"
7846,33223070307649,/autodrive/roboracer_1/left_encoder,JointState,1789404274166765480,,"{""position"":[888.0759],""velocity"":[]}"
7847,33223070513736,/autodrive/roboracer_1/right_encoder,JointState,1789404274166765480,,"{""position"":[888.0858],""velocity"":[]}"
7855,33223094396894,/autodrive/roboracer_1/left_encoder,JointState,1789404274191767180,,"{""position"":[888.0759],""velocity"":[]}"
7856,33223094573616,/autodrive/roboracer_1/right_encoder,JointState,1789404274191767180,,"{""position"":[888.0858],""velocity"":[]}"
7864,33223118155378,/autodrive/roboracer_1/left_encoder,JointState,1789404274215767280,,"{""position"":[888.0759],""velocity"":[]}"
7865,33223118356105,/autodrive/roboracer_1/right_encoder,JointState,1789404274215767280,,"{""position"":[888.0858],""velocity"":[]}"
7873,33223143782953,/autodrive/roboracer_1/left_encoder,JointState,1789404274241765480,,"{""position"":[888.0759],""velocity"":[]}"
7874,33223143923046,/autodrive/roboracer_1/right_encoder,JointState,1789404274241765480,,"{""position"":[888.0858],""velocity"":[]}"
7881,33223169607998,/autodrive/roboracer_1/left_encoder,JointState,1789404274266765480,,"{""position"":[888.0759],""velocity"":[]}"
7882,33223169735398,/autodrive/roboracer_1/right_encoder,JointState,1789404274266765480,,"{""position"":[888.0858],""velocity"":[]}"
7891,33223194223462,/autodrive/roboracer_1/left_encoder,JointState,1789404274291765480,,"{""position"":[888.0759],""velocity"":[]}"
7892,33223194407548,/autodrive/roboracer_1/right_encoder,JointState,1789404274291765480,,"{""position"":[888.0858],""velocity"":[]}"
7900,33223218771870,/autodrive/roboracer_1/left_encoder,JointState,1789404274316767180,,"{""position"":[888.0759],""velocity"":[]}"
7901,33223218918315,/autodrive/roboracer_1/right_encoder,JointState,1789404274316767180,,"{""position"":[888.0858],""velocity"":[]}"
7908,33223243646701,/autodrive/roboracer_1/left_encoder,JointState,1789404274341766780,,"{""position"":[888.0759],""velocity"":[]}"
7909,33223243793116,/autodrive/roboracer_1/right_encoder,JointState,1789404274341766780,,"{""position"":[888.0858],""velocity"":[]}"
7917,33223269837594,/autodrive/roboracer_1/left_encoder,JointState,1789404274366765480,,"{""position"":[888.0759],""velocity"":[]}"
7918,33223269957048,/autodrive/roboracer_1/right_encoder,JointState,1789404274366765480,,"{""position"":[888.0858],""velocity"":[]}"
7927,33223293716844,/autodrive/roboracer_1/left_encoder,JointState,1789404274391765480,,"{""position"":[888.0759],""velocity"":[]}"
7928,33223293848582,/autodrive/roboracer_1/right_encoder,JointState,1789404274391765480,,"{""position"":[888.0858],""velocity"":[]}"
7935,33223318803333,/autodrive/roboracer_1/left_encoder,JointState,1789404274416765480,,"{""position"":[888.0759],""velocity"":[]}"
7936,33223318939639,/autodrive/roboracer_1/right_encoder,JointState,1789404274416765480,,"{""position"":[888.0858],""velocity"":[]}"
7944,33223344125814,/autodrive/roboracer_1/left_encoder,JointState,1789404274441767180,,"{""position"":[888.0759],""velocity"":[]}"
7945,33223344288961,/autodrive/roboracer_1/right_encoder,JointState,1789404274441767180,,"{""position"":[888.0858],""velocity"":[]}"
7954,33223369882401,/autodrive/roboracer_1/left_encoder,JointState,1789404274466766780,,"{""position"":[888.0759],""velocity"":[]}"
7955,33223370051469,/autodrive/roboracer_1/right_encoder,JointState,1789404274466766780,,"{""position"":[888.0858],""velocity"":[]}"
7963,33223393788413,/autodrive/roboracer_1/left_encoder,JointState,1789404274491765480,,"{""position"":[888.0759],""velocity"":[]}"
7964,33223393949766,/autodrive/roboracer_1/right_encoder,JointState,1789404274491765480,,"{""position"":[888.0858],""velocity"":[]}"
7971,33223419069106,/autodrive/roboracer_1/left_encoder,JointState,1789404274516765480,,"{""position"":[888.0759],""velocity"":[]}"
7972,33223419221512,/autodrive/roboracer_1/right_encoder,JointState,1789404274516765480,,"{""position"":[888.0858],""velocity"":[]}"
7980,33223443617534,/autodrive/roboracer_1/left_encoder,JointState,1789404274541765480,,"{""position"":[888.0759],""velocity"":[]}"
7981,33223443756645,/autodrive/roboracer_1/right_encoder,JointState,1789404274541765480,,"{""position"":[888.0858],""velocity"":[]}"
7990,33223469684002,/autodrive/roboracer_1/left_encoder,JointState,1789404274566767180,,"{""position"":[888.0759],""velocity"":[]}"
7991,33223469819878,/autodrive/roboracer_1/right_encoder,JointState,1789404274566767180,,"{""position"":[888.0858],""velocity"":[]}"
7998,33223493518129,/autodrive/roboracer_1/left_encoder,JointState,1789404274591766780,,"{""position"":[888.0759],""velocity"":[]}"
7999,33223493671807,/autodrive/roboracer_1/right_encoder,JointState,1789404274591766780,,"{""position"":[888.0858],""velocity"":[]}"
8007,33223518965775,/autodrive/roboracer_1/left_encoder,JointState,1789404274616765480,,"{""position"":[888.0759],""velocity"":[]}"
8008,33223519124023,/autodrive/roboracer_1/right_encoder,JointState,1789404274616765480,,"{""position"":[888.0858],""velocity"":[]}"
8016,33223543786274,/autodrive/roboracer_1/left_encoder,JointState,1789404274641765480,,"{""position"":[888.0759],""velocity"":[]}"
8017,33223543922771,/autodrive/roboracer_1/right_encoder,JointState,1789404274641765480,,"{""position"":[888.0858],""velocity"":[]}"
8026,33223570940627,/autodrive/roboracer_1/left_encoder,JointState,1789404274666765480,,"{""position"":[888.0759],""velocity"":[]}"
8027,33223571124682,/autodrive/roboracer_1/right_encoder,JointState,1789404274666765480,,"{""position"":[888.0858],""velocity"":[]}"
8035,33223595212575,/autodrive/roboracer_1/left_encoder,JointState,1789404274691767180,,"{""position"":[888.0759],""velocity"":[]}"
8036,33223595356105,/autodrive/roboracer_1/right_encoder,JointState,1789404274691767180,,"{""position"":[888.0858],""velocity"":[]}"
8043,33223618816038,/autodrive/roboracer_1/left_encoder,JointState,1789404274716766780,,"{""position"":[888.0759],""velocity"":[]}"
8044,33223619020251,/autodrive/roboracer_1/right_encoder,JointState,1789404274716766780,,"{""position"":[888.0858],""velocity"":[]}"
8053,33223643701268,/autodrive/roboracer_1/left_encoder,JointState,1789404274741765480,,"{""position"":[888.0759],""velocity"":[]}"
8054,33223643823528,/autodrive/roboracer_1/right_encoder,JointState,1789404274741765480,,"{""position"":[888.0858],""velocity"":[]}"
8062,33223669932356,/autodrive/roboracer_1/left_encoder,JointState,1789404274765766580,,"{""position"":[888.0759],""velocity"":[]}"
8063,33223670100612,/autodrive/roboracer_1/right_encoder,JointState,1789404274765766580,,"{""position"":[888.0858],""velocity"":[]}"
8071,33223693619797,/autodrive/roboracer_1/left_encoder,JointState,1789404274791765480,,"{""position"":[888.0759],""velocity"":[]}"
8072,33223693751745,/autodrive/roboracer_1/right_encoder,JointState,1789404274791765480,,"{""position"":[888.0858],""velocity"":[]}"
8080,33223718940105,/autodrive/roboracer_1/left_encoder,JointState,1789404274816767180,,"{""position"":[888.0759],""velocity"":[]}"
8081,33223719122427,/autodrive/roboracer_1/right_encoder,JointState,1789404274816767180,,"{""position"":[888.0858],""velocity"":[]}"
8089,33223743886350,/autodrive/roboracer_1/left_encoder,JointState,1789404274841766780,,"{""position"":[888.0759],""velocity"":[]}"
8090,33223744030190,/autodrive/roboracer_1/right_encoder,JointState,1789404274841766780,,"{""position"":[888.0858],""velocity"":[]}"
8098,33223770211605,/autodrive/roboracer_1/left_encoder,JointState,1789404274866765480,,"{""position"":[888.0759],""velocity"":[]}"
8099,33223770341859,/autodrive/roboracer_1/right_encoder,JointState,1789404274866765480,,"{""position"":[888.0858],""velocity"":[]}"
8107,33223794979284,/autodrive/roboracer_1/left_encoder,JointState,1789404274892767380,,"{""position"":[888.0759],""velocity"":[]}"
8108,33223795130949,/autodrive/roboracer_1/right_encoder,JointState,1789404274892767380,,"{""position"":[888.0858],""velocity"":[]}"
8116,33223819230915,/autodrive/roboracer_1/left_encoder,JointState,1789404274916765480,,"{""position"":[888.0759],""velocity"":[]}"
8117,33223819385655,/autodrive/roboracer_1/right_encoder,JointState,1789404274916765480,,"{""position"":[888.0858],""velocity"":[]}"
8125,33223845642963,/autodrive/roboracer_1/left_encoder,JointState,1789404274942766580,,"{""position"":[888.0759],""velocity"":[]}"
8126,33223845841025,/autodrive/roboracer_1/right_encoder,JointState,1789404274942766580,,"{""position"":[888.0858],""velocity"":[]}"
8134,33223869973451,/autodrive/roboracer_1/left_encoder,JointState,1789404274966766780,,"{""position"":[888.0759],""velocity"":[]}"
8135,33223870171293,/autodrive/roboracer_1/right_encoder,JointState,1789404274966766780,,"{""position"":[888.0858],""velocity"":[]}"
8143,33223894782599,/autodrive/roboracer_1/left_encoder,JointState,1789404274992765480,,"{""position"":[888.0759],""velocity"":[]}"
8144,33223894922081,/autodrive/roboracer_1/right_encoder,JointState,1789404274992765480,,"{""position"":[888.0858],""velocity"":[]}"
8151,33223918793677,/autodrive/roboracer_1/left_encoder,JointState,1789404275016765480,,"{""position"":[888.0759],""velocity"":[]}"
8152,33223918985918,/autodrive/roboracer_1/right_encoder,JointState,1789404275016765480,,"{""position"":[888.0858],""velocity"":[]}"
8160,33223943888040,/autodrive/roboracer_1/left_encoder,JointState,1789404275041765480,,"{""position"":[888.0759],""velocity"":[]}"
8161,33223944172114,/autodrive/roboracer_1/right_encoder,JointState,1789404275041765480,,"{""position"":[888.0858],""velocity"":[]}"
8168,33223970042214,/autodrive/roboracer_1/left_encoder,JointState,1789404275066767180,,"{""position"":[888.0759],""velocity"":[]}"
8169,33223970209348,/autodrive/roboracer_1/right_encoder,JointState,1789404275066767180,,"{""position"":[888.0858],""velocity"":[]}"
8178,33223993759411,/autodrive/roboracer_1/left_encoder,JointState,1789404275091766780,,"{""position"":[888.0759],""velocity"":[]}"
8179,33223993912058,/autodrive/roboracer_1/right_encoder,JointState,1789404275091766780,,"{""position"":[888.0858],""velocity"":[]}"
8188,33224018877729,/autodrive/roboracer_1/left_encoder,JointState,1789404275116765480,,"{""position"":[888.0759],""velocity"":[]}"
8189,33224019057446,/autodrive/roboracer_1/right_encoder,JointState,1789404275116765480,,"{""position"":[888.0858],""velocity"":[]}"
8196,33224044419102,/autodrive/roboracer_1/left_encoder,JointState,1789404275141765480,,"{""position"":[888.0759],""velocity"":[]}"
8197,33224044556510,/autodrive/roboracer_1/right_encoder,JointState,1789404275141765480,,"{""position"":[888.0858],""velocity"":[]}"
8205,33224071117468,/autodrive/roboracer_1/left_encoder,JointState,1789404275166765480,,"{""position"":[888.0759],""velocity"":[]}"
8206,33224071290813,/autodrive/roboracer_1/right_encoder,JointState,1789404275166765480,,"{""position"":[888.0858],""velocity"":[]}"
8215,33224093925106,/autodrive/roboracer_1/left_encoder,JointState,1789404275190765480,,"{""position"":[888.0759],""velocity"":[]}"
8216,33224094120603,/autodrive/roboracer_1/right_encoder,JointState,1789404275190765480,,"{""position"":[888.0858],""velocity"":[]}"
8223,33224118857164,/autodrive/roboracer_1/left_encoder,JointState,1789404275216766780,,"{""position"":[888.0759],""velocity"":[]}"
8224,33224119040258,/autodrive/roboracer_1/right_encoder,JointState,1789404275216766780,,"{""position"":[888.0858],""velocity"":[]}"
8233,33224143171693,/autodrive/roboracer_1/left_encoder,JointState,1789404275240766980,,"{""position"":[888.0759],""velocity"":[]}"
8234,33224143323979,/autodrive/roboracer_1/right_encoder,JointState,1789404275240766980,,"{""position"":[888.0858],""velocity"":[]}"
8241,33224170563341,/autodrive/roboracer_1/left_encoder,JointState,1789404275266765480,,"{""position"":[888.0759],""velocity"":[]}"
8242,33224170728601,/autodrive/roboracer_1/right_encoder,JointState,1789404275266765480,,"{""position"":[888.0858],""velocity"":[]}"
8250,33224193696911,/autodrive/roboracer_1/left_encoder,JointState,1789404275291765480,,"{""position"":[888.0759],""velocity"":[]}"
8251,33224193828618,/autodrive/roboracer_1/right_encoder,JointState,1789404275291765480,,"{""position"":[888.0858],""velocity"":[]}"
8260,33224218936307,/autodrive/roboracer_1/left_encoder,JointState,1789404275316767180,,"{""position"":[888.0759],""velocity"":[]}"
8261,33224219118970,/autodrive/roboracer_1/right_encoder,JointState,1789404275316767180,,"{""position"":[888.0858],""velocity"":[]}"
8269,33224243992117,/autodrive/roboracer_1/left_encoder,JointState,1789404275341766780,,"{""position"":[888.0759],""velocity"":[]}"
8270,33224244188095,/autodrive/roboracer_1/right_encoder,JointState,1789404275341766780,,"{""position"":[888.0858],""velocity"":[]}"
8278,33224271245416,/autodrive/roboracer_1/left_encoder,JointState,1789404275366765480,,"{""position"":[888.0759],""velocity"":[]}"
8279,33224271428379,/autodrive/roboracer_1/right_encoder,JointState,1789404275366765480,,"{""position"":[888.0858],""velocity"":[]}"
8287,33224293891310,/autodrive/roboracer_1/left_encoder,JointState,1789404275391765480,,"{""position"":[888.0759],""velocity"":[]}"
8288,33224294051561,/autodrive/roboracer_1/right_encoder,JointState,1789404275391765480,,"{""position"":[888.0858],""velocity"":[]}"
8295,33224317631690,/autodrive/roboracer_1/left_encoder,JointState,1789404275415765480,,"{""position"":[888.0759],""velocity"":[]}"
8296,33224317765562,/autodrive/roboracer_1/right_encoder,JointState,1789404275415765480,,"{""position"":[888.0858],""velocity"":[]}"
8305,33224343856977,/autodrive/roboracer_1/left_encoder,JointState,1789404275441767180,,"{""position"":[888.0759],""velocity"":[]}"
8306,33224344020234,/autodrive/roboracer_1/right_encoder,JointState,1789404275441767180,,"{""position"":[888.0858],""velocity"":[]}"
8314,33224370262433,/autodrive/roboracer_1/left_encoder,JointState,1789404275466766780,,"{""position"":[888.0759],""velocity"":[]}"
8315,33224370389863,/autodrive/roboracer_1/right_encoder,JointState,1789404275466766780,,"{""position"":[888.0858],""velocity"":[]}"
8323,33224393890562,/autodrive/roboracer_1/left_encoder,JointState,1789404275491765480,,"{""position"":[888.0759],""velocity"":[]}"
8324,33224394032239,/autodrive/roboracer_1/right_encoder,JointState,1789404275491765480,,"{""position"":[888.0858],""velocity"":[]}"
8331,33224418429422,/autodrive/roboracer_1/left_encoder,JointState,1789404275516765480,,"{""position"":[888.0759],""velocity"":[]}"
8332,33224418576919,/autodrive/roboracer_1/right_encoder,JointState,1789404275516765480,,"{""position"":[888.0858],""velocity"":[]}"
8340,33224443756472,/autodrive/roboracer_1/left_encoder,JointState,1789404275541765480,,"{""position"":[888.0759],""velocity"":[]}"
8341,33224443994530,/autodrive/roboracer_1/right_encoder,JointState,1789404275541765480,,"{""position"":[888.0858],""velocity"":[]}"
8350,33224470049227,/autodrive/roboracer_1/left_encoder,JointState,1789404275566767180,,"{""position"":[888.0759],""velocity"":[]}"
8351,33224470186985,/autodrive/roboracer_1/right_encoder,JointState,1789404275566767180,,"{""position"":[888.0858],""velocity"":[]}"
8358,33224494693935,/autodrive/roboracer_1/left_encoder,JointState,1789404275591766780,,"{""position"":[888.0759],""velocity"":[]}"
8359,33224494841943,/autodrive/roboracer_1/right_encoder,JointState,1789404275591766780,,"{""position"":[888.0858],""velocity"":[]}"
8367,33224519440846,/autodrive/roboracer_1/left_encoder,JointState,1789404275616765480,,"{""position"":[888.0759],""velocity"":[]}"
8368,33224519609793,/autodrive/roboracer_1/right_encoder,JointState,1789404275616765480,,"{""position"":[888.0858],""velocity"":[]}"
8377,33224544607174,/autodrive/roboracer_1/left_encoder,JointState,1789404275641765480,,"{""position"":[888.0759],""velocity"":[]}"
8378,33224544739843,/autodrive/roboracer_1/right_encoder,JointState,1789404275641765480,,"{""position"":[888.0858],""velocity"":[]}"
8385,33224568339880,/autodrive/roboracer_1/left_encoder,JointState,1789404275666765480,,"{""position"":[888.0759],""velocity"":[]}"
8386,33224568478540,/autodrive/roboracer_1/right_encoder,JointState,1789404275666765480,,"{""position"":[888.0858],""velocity"":[]}"
8397,33224593708879,/autodrive/roboracer_1/left_encoder,JointState,1789404275691767180,,"{""position"":[888.0759],""velocity"":[]}"
8398,33224593848571,/autodrive/roboracer_1/right_encoder,JointState,1789404275691767180,,"{""position"":[888.0858],""velocity"":[]}"
8406,33224618759580,/autodrive/roboracer_1/left_encoder,JointState,1789404275716766780,,"{""position"":[888.0759],""velocity"":[]}"
8407,33224618905624,/autodrive/roboracer_1/right_encoder,JointState,1789404275716766780,,"{""position"":[888.0858],""velocity"":[]}"
8416,33224643693842,/autodrive/roboracer_1/left_encoder,JointState,1789404275741765480,,"{""position"":[888.0759],""velocity"":[]}"
8417,33224643864854,/autodrive/roboracer_1/right_encoder,JointState,1789404275741765480,,"{""position"":[888.0858],""velocity"":[]}"
8426,33224668159355,/autodrive/roboracer_1/left_encoder,JointState,1789404275766765480,,"{""position"":[888.0759],""velocity"":[]}"
8427,33224668313314,/autodrive/roboracer_1/right_encoder,JointState,1789404275766765480,,"{""position"":[888.0858],""velocity"":[]}"
8438,33224693857782,/autodrive/roboracer_1/left_encoder,JointState,1789404275791765480,,"{""position"":[888.0759],""velocity"":[]}"
8439,33224693979501,/autodrive/roboracer_1/right_encoder,JointState,1789404275791765480,,"{""position"":[888.0858],""velocity"":[]}"
8448,33224720035841,/autodrive/roboracer_1/left_encoder,JointState,1789404275816767180,,"{""position"":[888.0759],""velocity"":[]}"
8449,33224720171586,/autodrive/roboracer_1/right_encoder,JointState,1789404275816767180,,"{""position"":[888.0858],""velocity"":[]}"
8458,33224745664728,/autodrive/roboracer_1/left_encoder,JointState,1789404275841766780,,"{""position"":[888.0759],""velocity"":[]}"
8459,33224745810322,/autodrive/roboracer_1/right_encoder,JointState,1789404275841766780,,"{""position"":[888.0858],""velocity"":[]}"
8467,33224770589413,/autodrive/roboracer_1/left_encoder,JointState,1789404275866765480,,"{""position"":[888.0759],""velocity"":[]}"
8468,33224770808554,/autodrive/roboracer_1/right_encoder,JointState,1789404275866765480,,"{""position"":[888.0858],""velocity"":[]}"
8479,33224794874536,/autodrive/roboracer_1/left_encoder,JointState,1789404275891765480,,"{""position"":[888.0759],""velocity"":[]}"
8480,33224795049585,/autodrive/roboracer_1/right_encoder,JointState,1789404275891765480,,"{""position"":[888.0858],""velocity"":[]}"
8489,33224819924656,/autodrive/roboracer_1/left_encoder,JointState,1789404275916765480,,"{""position"":[888.0759],""velocity"":[]}"
8490,33224820116286,/autodrive/roboracer_1/right_encoder,JointState,1789404275916765480,,"{""position"":[888.0858],""velocity"":[]}"
8499,33224843824606,/autodrive/roboracer_1/left_encoder,JointState,1789404275941767180,,"{""position"":[888.0759],""velocity"":[]}"
8500,33224843977703,/autodrive/roboracer_1/right_encoder,JointState,1789404275941767180,,"{""position"":[888.0858],""velocity"":[]}"
8508,33224868069163,/autodrive/roboracer_1/left_encoder,JointState,1789404275966766780,,"{""position"":[888.0759],""velocity"":[]}"
8509,33224868221870,/autodrive/roboracer_1/right_encoder,JointState,1789404275966766780,,"{""position"":[888.0858],""velocity"":[]}"
8519,33224893921790,/autodrive/roboracer_1/left_encoder,JointState,1789404275991765480,,"{""position"":[888.0759],""velocity"":[]}"
8520,33224894109252,/autodrive/roboracer_1/right_encoder,JointState,1789404275991765480,,"{""position"":[888.0858],""velocity"":[]}"
8528,33224918747910,/autodrive/roboracer_1/left_encoder,JointState,1789404276016765480,,"{""position"":[890.5663],""velocity"":[]}"
8529,33224918907519,/autodrive/roboracer_1/right_encoder,JointState,1789404276016765480,,"{""position"":[890.5761],""velocity"":[]}"
8540,33224943741985,/autodrive/roboracer_1/left_encoder,JointState,1789404276041765480,,"{""position"":[895.1772],""velocity"":[]}"
8541,33224943898498,/autodrive/roboracer_1/right_encoder,JointState,1789404276041765480,,"{""position"":[895.1838],""velocity"":[]}"
8549,33224970860710,/autodrive/roboracer_1/left_encoder,JointState,1789404276066767180,,"{""position"":[899.906],""velocity"":[]}"
8550,33224971046699,/autodrive/roboracer_1/right_encoder,JointState,1789404276066767180,,"{""position"":[899.9125],""velocity"":[]}"
8560,33224994518174,/autodrive/roboracer_1/left_encoder,JointState,1789404276091766780,,"{""position"":[904.6216],""velocity"":[]}"
8561,33224994695578,/autodrive/roboracer_1/right_encoder,JointState,1789404276091766780,,"{""position"":[904.6315],""velocity"":[]}"
8571,33225019271797,/autodrive/roboracer_1/left_encoder,JointState,1789404276116765480,,"{""position"":[909.3406],""velocity"":[]}"
8572,33225019437178,/autodrive/roboracer_1/right_encoder,JointState,1789404276116765480,,"{""position"":[909.3471],""velocity"":[]}"
8581,33225043603548,/autodrive/roboracer_1/left_encoder,JointState,1789404276141765480,,"{""position"":[914.0563],""velocity"":[]}"
8582,33225043725888,/autodrive/roboracer_1/right_encoder,JointState,1789404276141765480,,"{""position"":[914.066],""velocity"":[]}"
8590,33225068340911,/autodrive/roboracer_1/left_encoder,JointState,1789404276166765480,,"{""position"":[918.7654],""velocity"":[]}"
8591,33225068491344,/autodrive/roboracer_1/right_encoder,JointState,1789404276166765480,,"{""position"":[918.7719],""velocity"":[]}"
8601,33225093848721,/autodrive/roboracer_1/left_encoder,JointState,1789404276191767180,,"{""position"":[923.4711],""velocity"":[]}"
8602,33225094029651,/autodrive/roboracer_1/right_encoder,JointState,1789404276191767180,,"{""position"":[923.481],""velocity"":[]}"
8611,33225118449828,/autodrive/roboracer_1/left_encoder,JointState,1789404276216766780,,"{""position"":[928.1672],""velocity"":[]}"
8612,33225118592486,/autodrive/roboracer_1/right_encoder,JointState,1789404276216766780,,"{""position"":[928.177],""velocity"":[]}"
8622,33225143850817,/autodrive/roboracer_1/left_encoder,JointState,1789404276241765480,,"{""position"":[932.8632],""velocity"":[]}"
8623,33225143994897,/autodrive/roboracer_1/right_encoder,JointState,1789404276241765480,,"{""position"":[932.8698],""velocity"":[]}"
8631,33225168351014,/autodrive/roboracer_1/left_encoder,JointState,1789404276266765480,,"{""position"":[937.5593],""velocity"":[]}"
8634,33225169129827,/autodrive/roboracer_1/right_encoder,JointState,1789404276266765480,,"{""position"":[937.5658],""velocity"":[]}"
8643,33225194070020,/autodrive/roboracer_1/left_encoder,JointState,1789404276291765480,,"{""position"":[942.2455],""velocity"":[]}"
8644,33225194224571,/autodrive/roboracer_1/right_encoder,JointState,1789404276291765480,,"{""position"":[942.252],""velocity"":[]}"
8653,33225220235035,/autodrive/roboracer_1/left_encoder,JointState,1789404276316767180,,"{""position"":[946.9317],""velocity"":[]}"
8654,33225220395416,/autodrive/roboracer_1/right_encoder,JointState,1789404276316767180,,"{""position"":[946.9382],""velocity"":[]}"
8663,33225243932985,/autodrive/roboracer_1/left_encoder,JointState,1789404276341766780,,"{""position"":[951.6179],""velocity"":[]}"
8664,33225244096081,/autodrive/roboracer_1/right_encoder,JointState,1789404276341766780,,"{""position"":[951.6244],""velocity"":[]}"
8672,33225268416491,/autodrive/roboracer_1/left_encoder,JointState,1789404276366765480,,"{""position"":[956.291],""velocity"":[]}"
8673,33225268566182,/autodrive/roboracer_1/right_encoder,JointState,1789404276366765480,,"{""position"":[956.3008],""velocity"":[]}"
8684,33225293969365,/autodrive/roboracer_1/left_encoder,JointState,1789404276391765480,,"{""position"":[960.9641],""velocity"":[]}"
8685,33225294150526,/autodrive/roboracer_1/right_encoder,JointState,1789404276391765480,,"{""position"":[960.9739],""velocity"":[]}"
8693,33225318722037,/autodrive/roboracer_1/left_encoder,JointState,1789404276416765480,,"{""position"":[965.6307],""velocity"":[]}"
8694,33225318871097,/autodrive/roboracer_1/right_encoder,JointState,1789404276416765480,,"{""position"":[965.6373],""velocity"":[]}"
8704,33225343660407,/autodrive/roboracer_1/left_encoder,JointState,1789404276441767180,,"{""position"":[970.294],""velocity"":[]}"
8705,33225343807143,/autodrive/roboracer_1/right_encoder,JointState,1789404276441767180,,"{""position"":[970.3038],""velocity"":[]}"
8713,33225368088950,/autodrive/roboracer_1/left_encoder,JointState,1789404276466766780,,"{""position"":[974.9573],""velocity"":[]}"
8714,33225368239853,/autodrive/roboracer_1/right_encoder,JointState,1789404276466766780,,"{""position"":[974.9671],""velocity"":[]}"
8724,33225393396363,/autodrive/roboracer_1/left_encoder,JointState,1789404276491765480,,"{""position"":[979.6108],""velocity"":[]}"
8725,33225393531797,/autodrive/roboracer_1/right_encoder,JointState,1789404276491765480,,"{""position"":[979.6207],""velocity"":[]}"
8735,33225418622023,/autodrive/roboracer_1/left_encoder,JointState,1789404276516765480,,"{""position"":[984.2643],""velocity"":[]}"
8736,33225418761855,/autodrive/roboracer_1/right_encoder,JointState,1789404276516765480,,"{""position"":[984.2708],""velocity"":[]}"
8745,33225444693241,/autodrive/roboracer_1/left_encoder,JointState,1789404276541765480,,"{""position"":[988.9145],""velocity"":[]}"
8746,33225444897575,/autodrive/roboracer_1/right_encoder,JointState,1789404276541765480,,"{""position"":[988.9243],""velocity"":[]}"
8755,33225468042907,/autodrive/roboracer_1/left_encoder,JointState,1789404276566767180,,"{""position"":[993.5582],""velocity"":[]}"
8756,33225468217355,/autodrive/roboracer_1/right_encoder,JointState,1789404276566767180,,"{""position"":[993.568],""velocity"":[]}"
8765,33225493852844,/autodrive/roboracer_1/left_encoder,JointState,1789404276591766780,,"{""position"":[998.2018],""velocity"":[]}"
8766,33225494031299,/autodrive/roboracer_1/right_encoder,JointState,1789404276591766780,,"{""position"":[998.2117],""velocity"":[]}"
8776,33225518623610,/autodrive/roboracer_1/left_encoder,JointState,1789404276616765480,,"{""position"":[1002.846],""velocity"":[]}"
8777,33225518757641,/autodrive/roboracer_1/right_encoder,JointState,1789404276616765480,,"{""position"":[1002.852],""velocity"":[]}"
8786,33225544109629,/autodrive/roboracer_1/left_encoder,JointState,1789404276641765480,,"{""position"":[1007.476],""velocity"":[]}"
8787,33225544274408,/autodrive/roboracer_1/right_encoder,JointState,1789404276641765480,,"{""position"":[1007.486],""velocity"":[]}"
8795,33225568069281,/autodrive/roboracer_1/left_encoder,JointState,1789404276666765480,,"{""position"":[1012.107],""velocity"":[]}"
8796,33225568216968,/autodrive/roboracer_1/right_encoder,JointState,1789404276666765480,,"{""position"":[1012.116],""velocity"":[]}"
8807,33225593561110,/autodrive/roboracer_1/left_encoder,JointState,1789404276691767180,,"{""position"":[1016.737],""velocity"":[]}"
8808,33225593707165,/autodrive/roboracer_1/right_encoder,JointState,1789404276691767180,,"{""position"":[1016.747],""velocity"":[]}"
8816,33225618744240,/autodrive/roboracer_1/left_encoder,JointState,1789404276716766780,,"{""position"":[1021.358],""velocity"":[]}"
8817,33225618933446,/autodrive/roboracer_1/right_encoder,JointState,1789404276716766780,,"{""position"":[1021.368],""velocity"":[]}"
8827,33225643696677,/autodrive/roboracer_1/left_encoder,JointState,1789404276738765480,,"{""position"":[1025.426],""velocity"":[]}"
8828,33225643856016,/autodrive/roboracer_1/right_encoder,JointState,1789404276738765480,,"{""position"":[1025.435],""velocity"":[]}"
8836,33225669104910,/autodrive/roboracer_1/left_encoder,JointState,1789404276766765480,,"{""position"":[1030.603],""velocity"":[]}"
8837,33225669256895,/autodrive/roboracer_1/right_encoder,JointState,1789404276766765480,,"{""position"":[1030.609],""velocity"":[]}"
8848,33225693914578,/autodrive/roboracer_1/left_encoder,JointState,1789404276791765480,,"{""position"":[1035.214],""velocity"":[]}"
8849,33225694103703,/autodrive/roboracer_1/right_encoder,JointState,1789404276791765480,,"{""position"":[1035.22],""velocity"":[]}"
8857,33225718631733,/autodrive/roboracer_1/left_encoder,JointState,1789404276816767180,,"{""position"":[1039.825],""velocity"":[]}"
8858,33225718795701,/autodrive/roboracer_1/right_encoder,JointState,1789404276816767180,,"{""position"":[1039.834],""velocity"":[]}"
8867,33225743181153,/autodrive/roboracer_1/left_encoder,JointState,1789404276840767280,,"{""position"":[1044.252],""velocity"":[]}"
8868,33225743348968,/autodrive/roboracer_1/right_encoder,JointState,1789404276840767280,,"{""position"":[1044.259],""velocity"":[]}"
8877,33225768281988,/autodrive/roboracer_1/left_encoder,JointState,1789404276866765480,,"{""position"":[1049.037],""velocity"":[]}"
8878,33225768444243,/autodrive/roboracer_1/right_encoder,JointState,1789404276866765480,,"{""position"":[1049.043],""velocity"":[]}"
8888,33225793722401,/autodrive/roboracer_1/left_encoder,JointState,1789404276891765480,,"{""position"":[1053.635],""velocity"":[]}"
8889,33225793859018,/autodrive/roboracer_1/right_encoder,JointState,1789404276891765480,,"{""position"":[1053.644],""velocity"":[]}"
8898,33225818596851,/autodrive/roboracer_1/left_encoder,JointState,1789404276916765480,,"{""position"":[1058.236],""velocity"":[]}"
8899,33225818785305,/autodrive/roboracer_1/right_encoder,JointState,1789404276916765480,,"{""position"":[1058.242],""velocity"":[]}"
8909,33225843561811,/autodrive/roboracer_1/left_encoder,JointState,1789404276941767180,,"{""position"":[1062.827],""velocity"":[]}"
8910,33225843704840,/autodrive/roboracer_1/right_encoder,JointState,1789404276941767180,,"{""position"":[1062.833],""velocity"":[]}"
8918,33225868015431,/autodrive/roboracer_1/left_encoder,JointState,1789404276966766780,,"{""position"":[1067.415],""velocity"":[]}"
8919,33225868172566,/autodrive/roboracer_1/right_encoder,JointState,1789404276966766780,,"{""position"":[1067.425],""velocity"":[]}"
8930,33225893843302,/autodrive/roboracer_1/left_encoder,JointState,1789404276991765480,,"{""position"":[1072.006],""velocity"":[]}"
8931,33225893987613,/autodrive/roboracer_1/right_encoder,JointState,1789404276991765480,,"{""position"":[1072.013],""velocity"":[]}"
8939,33225919444237,/autodrive/roboracer_1/left_encoder,JointState,1789404277016765480,,"{""position"":[1076.585],""velocity"":[]}"
8940,33225919603826,/autodrive/roboracer_1/right_encoder,JointState,1789404277016765480,,"{""position"":[1076.591],""velocity"":[]}"
8949,33225943578707,/autodrive/roboracer_1/left_encoder,JointState,1789404277041765480,,"{""position"":[1081.163],""velocity"":[]}"
8950,33225943694675,/autodrive/roboracer_1/right_encoder,JointState,1789404277041765480,,"{""position"":[1081.169],""velocity"":[]}"
8959,33225968215701,/autodrive/roboracer_1/left_encoder,JointState,1789404277066767180,,"{""position"":[1085.741],""velocity"":[]}"
8960,33225968369510,/autodrive/roboracer_1/right_encoder,JointState,1789404277066767180,,"{""position"":[1085.748],""velocity"":[]}"
8970,33225993829560,/autodrive/roboracer_1/left_encoder,JointState,1789404277091766780,,"{""position"":[1090.306],""velocity"":[]}"
8971,33225994074520,/autodrive/roboracer_1/right_encoder,JointState,1789404277091766780,,"{""position"":[1090.316],""velocity"":[]}"
8980,33226018712857,/autodrive/roboracer_1/left_encoder,JointState,1789404277116765480,,"{""position"":[1094.875],""velocity"":[]}"
8981,33226018946756,/autodrive/roboracer_1/right_encoder,JointState,1789404277116765480,,"{""position"":[1094.881],""velocity"":[]}"
8991,33226043963404,/autodrive/roboracer_1/left_encoder,JointState,1789404277141765480,,"{""position"":[1099.44],""velocity"":[]}"
8992,33226044098698,/autodrive/roboracer_1/right_encoder,JointState,1789404277141765480,,"{""position"":[1099.446],""velocity"":[]}"
9001,33226068281349,/autodrive/roboracer_1/left_encoder,JointState,1789404277166765480,,"{""position"":[1103.995],""velocity"":[]}"
9002,33226068448953,/autodrive/roboracer_1/right_encoder,JointState,1789404277166765480,,"{""position"":[1104.005],""velocity"":[]}"
9011,33226093560829,/autodrive/roboracer_1/left_encoder,JointState,1789404277191767180,,"{""position"":[1108.553],""velocity"":[]}"
9012,33226093704249,/autodrive/roboracer_1/right_encoder,JointState,1789404277191767180,,"{""position"":[1108.56],""velocity"":[]}"
9022,33226119717358,/autodrive/roboracer_1/left_encoder,JointState,1789404277216766780,,"{""position"":[1113.109],""velocity"":[]}"
9023,33226119873701,/autodrive/roboracer_1/right_encoder,JointState,1789404277216766780,,"{""position"":[1113.119],""velocity"":[]}"
9032,33226144725048,/autodrive/roboracer_1/left_encoder,JointState,1789404277241765480,,"{""position"":[1117.664],""velocity"":[]}"
9033,33226144886311,/autodrive/roboracer_1/right_encoder,JointState,1789404277241765480,,"{""position"":[1117.674],""velocity"":[]}"
9040,33226167577761,/autodrive/roboracer_1/left_encoder,JointState,1789404277265766580,,"{""position"":[1122.03],""velocity"":[]}"
9041,33226167747680,/autodrive/roboracer_1/right_encoder,JointState,1789404277265766580,,"{""position"":[1122.039],""velocity"":[]}"
9052,33226193689675,/autodrive/roboracer_1/left_encoder,JointState,1789404277291765480,,"{""position"":[1126.755],""velocity"":[]}"
9053,33226193825491,/autodrive/roboracer_1/right_encoder,JointState,1789404277291765480,,"{""position"":[1126.765],""velocity"":[]}"
9063,33226218634718,/autodrive/roboracer_1/left_encoder,JointState,1789404277316767180,,"{""position"":[1131.301],""velocity"":[]}"
9064,33226218770593,/autodrive/roboracer_1/right_encoder,JointState,1789404277316767180,,"{""position"":[1131.31],""velocity"":[]}"
9073,33226243656014,/autodrive/roboracer_1/left_encoder,JointState,1789404277341766780,,"{""position"":[1135.836],""velocity"":[]}"
9074,33226243784946,/autodrive/roboracer_1/right_encoder,JointState,1789404277341766780,,"{""position"":[1135.846],""velocity"":[]}"
9082,33226269077682,/autodrive/roboracer_1/left_encoder,JointState,1789404277366765480,,"{""position"":[1140.372],""velocity"":[]}"
9083,33226269226602,/autodrive/roboracer_1/right_encoder,JointState,1789404277366765480,,"{""position"":[1140.379],""velocity"":[]}"
9093,33226293531072,/autodrive/roboracer_1/left_encoder,JointState,1789404277391765480,,"{""position"":[1144.904],""velocity"":[]}"
9094,33226293677567,/autodrive/roboracer_1/right_encoder,JointState,1789404277391765480,,"{""position"":[1144.914],""velocity"":[]}"
9103,33226318972787,/autodrive/roboracer_1/left_encoder,JointState,1789404277416765480,,"{""position"":[1149.44],""velocity"":[]}"
9104,33226319130614,/autodrive/roboracer_1/right_encoder,JointState,1789404277416765480,,"{""position"":[1149.45],""velocity"":[]}"
9114,33226344622093,/autodrive/roboracer_1/left_encoder,JointState,1789404277440765480,,"{""position"":[1153.786],""velocity"":[]}"
9115,33226344785319,/autodrive/roboracer_1/right_encoder,JointState,1789404277440765480,,"{""position"":[1153.796],""velocity"":[]}"
9125,33226369137018,/autodrive/roboracer_1/left_encoder,JointState,1789404277466766780,,"{""position"":[1158.492],""velocity"":[]}"
9126,33226369291267,/autodrive/roboracer_1/right_encoder,JointState,1789404277466766780,,"{""position"":[1158.502],""velocity"":[]}"
9134,33226393545843,/autodrive/roboracer_1/left_encoder,JointState,1789404277491765480,,"{""position"":[1163.018],""velocity"":[]}"
9135,33226393693961,/autodrive/roboracer_1/right_encoder,JointState,1789404277491765480,,"{""position"":[1163.024],""velocity"":[]}"
9144,33226418422948,/autodrive/roboracer_1/left_encoder,JointState,1789404277516765480,,"{""position"":[1167.54],""velocity"":[]}"
9145,33226418582598,/autodrive/roboracer_1/right_encoder,JointState,1789404277516765480,,"{""position"":[1167.55],""velocity"":[]}"
9155,33226443672092,/autodrive/roboracer_1/left_encoder,JointState,1789404277541765480,,"{""position"":[1172.056],""velocity"":[]}"
9156,33226443795845,/autodrive/roboracer_1/right_encoder,JointState,1789404277541765480,,"{""position"":[1172.066],""velocity"":[]}"
9164,33226469056701,/autodrive/roboracer_1/left_encoder,JointState,1789404277566767180,,"{""position"":[1176.569],""velocity"":[]}"
9165,33226469191915,/autodrive/roboracer_1/right_encoder,JointState,1789404277566767180,,"{""position"":[1176.579],""velocity"":[]}"
9176,33226494012183,/autodrive/roboracer_1/left_encoder,JointState,1789404277591766780,,"{""position"":[1181.082],""velocity"":[]}"
9177,33226494152387,/autodrive/roboracer_1/right_encoder,JointState,1789404277591766780,,"{""position"":[1181.092],""velocity"":[]}"
9185,33226518682159,/autodrive/roboracer_1/left_encoder,JointState,1789404277616765480,,"{""position"":[1185.585],""velocity"":[]}"
9186,33226518842130,/autodrive/roboracer_1/right_encoder,JointState,1789404277616765480,,"{""position"":[1185.594],""velocity"":[]}"
9196,33226543737339,/autodrive/roboracer_1/left_encoder,JointState,1789404277641765480,,"{""position"":[1190.091],""velocity"":[]}"
9197,33226543903902,/autodrive/roboracer_1/right_encoder,JointState,1789404277641765480,,"{""position"":[1190.101],""velocity"":[]}"
9206,33226567872651,/autodrive/roboracer_1/left_encoder,JointState,1789404277665765480,,"{""position"":[1194.414],""velocity"":[]}"
9207,33226568015519,/autodrive/roboracer_1/right_encoder,JointState,1789404277665765480,,"{""position"":[1194.424],""velocity"":[]}"
9216,33226594042294,/autodrive/roboracer_1/left_encoder,JointState,1789404277691767180,,"{""position"":[1199.097],""velocity"":[]}"
9217,33226594182878,/autodrive/roboracer_1/right_encoder,JointState,1789404277691767180,,"{""position"":[1199.107],""velocity"":[]}"
9226,33226619710034,/autodrive/roboracer_1/left_encoder,JointState,1789404277714765480,,"{""position"":[1203.23],""velocity"":[]}"
9227,33226619859004,/autodrive/roboracer_1/right_encoder,JointState,1789404277714765480,,"{""position"":[1203.24],""velocity"":[]}"
9236,33226643624201,/autodrive/roboracer_1/left_encoder,JointState,1789404277741765480,,"{""position"":[1208.08],""velocity"":[]}"
9237,33226643775204,/autodrive/roboracer_1/right_encoder,JointState,1789404277741765480,,"{""position"":[1208.09],""velocity"":[]}"
9246,33226668601093,/autodrive/roboracer_1/left_encoder,JointState,1789404277766765480,,"{""position"":[1212.573],""velocity"":[]}"
9247,33226668759651,/autodrive/roboracer_1/right_encoder,JointState,1789404277766765480,,"{""position"":[1212.583],""velocity"":[]}"
9258,33226693538932,/autodrive/roboracer_1/left_encoder,JointState,1789404277791765480,,"{""position"":[1217.066],""velocity"":[]}"
9259,33226693691048,/autodrive/roboracer_1/right_encoder,JointState,1789404277791765480,,"{""position"":[1217.076],""velocity"":[]}"
9267,33226718765294,/autodrive/roboracer_1/left_encoder,JointState,1789404277816767180,,"{""position"":[1221.546],""velocity"":[]}"
9268,33226718917910,/autodrive/roboracer_1/right_encoder,JointState,1789404277816767180,,"{""position"":[1221.556],""velocity"":[]}"
9277,33226743961448,/autodrive/roboracer_1/left_encoder,JointState,1789404277841766780,,"{""position"":[1226.029],""velocity"":[]}"
9278,33226744124715,/autodrive/roboracer_1/right_encoder,JointState,1789404277841766780,,"{""position"":[1226.039],""velocity"":[]}"
9287,33226768633478,/autodrive/roboracer_1/left_encoder,JointState,1789404277866765480,,"{""position"":[1230.513],""velocity"":[]}"
9288,33226768809128,/autodrive/roboracer_1/right_encoder,JointState,1789404277866765480,,"{""position"":[1230.523],""velocity"":[]}"
9299,33226793931884,/autodrive/roboracer_1/left_encoder,JointState,1789404277891765480,,"{""position"":[1234.993],""velocity"":[]}"
9300,33226794081906,/autodrive/roboracer_1/right_encoder,JointState,1789404277891765480,,"{""position"":[1235.003],""velocity"":[]}"
9309,33226818832464,/autodrive/roboracer_1/left_encoder,JointState,1789404277916765480,,"{""position"":[1239.466],""velocity"":[]}"
9310,33226818978037,/autodrive/roboracer_1/right_encoder,JointState,1789404277916765480,,"{""position"":[1239.473],""velocity"":[]}"
9319,33226844680032,/autodrive/roboracer_1/left_encoder,JointState,1789404277941767180,,"{""position"":[1243.933],""velocity"":[]}"
9320,33226844869748,/autodrive/roboracer_1/right_encoder,JointState,1789404277941767180,,"{""position"":[1243.943],""velocity"":[]}"
9330,33226868572708,/autodrive/roboracer_1/left_encoder,JointState,1789404277966766780,,"{""position"":[1248.4],""velocity"":[]}"
9331,33226868716738,/autodrive/roboracer_1/right_encoder,JointState,1789404277966766780,,"{""position"":[1248.41],""velocity"":[]}"
9339,33226893535724,/autodrive/roboracer_1/left_encoder,JointState,1789404277991765480,,"{""position"":[1252.864],""velocity"":[]}"
9340,33226893661681,/autodrive/roboracer_1/right_encoder,JointState,1789404277991765480,,"{""position"":[1252.874],""velocity"":[]}"
9349,33226917884207,/autodrive/roboracer_1/left_encoder,JointState,1789404278015766580,,"{""position"":[1257.135],""velocity"":[]}"
9350,33226918039438,/autodrive/roboracer_1/right_encoder,JointState,1789404278015766580,,"{""position"":[1257.144],""velocity"":[]}"
9360,33226943974170,/autodrive/roboracer_1/left_encoder,JointState,1789404278041765480,,"{""position"":[1261.759],""velocity"":[]}"
9361,33226944152705,/autodrive/roboracer_1/right_encoder,JointState,1789404278041765480,,"{""position"":[1261.768],""velocity"":[]}"
9369,33226968337851,/autodrive/roboracer_1/left_encoder,JointState,1789404278066767180,,"{""position"":[1266.196],""velocity"":[]}"
9370,33226968491349,/autodrive/roboracer_1/right_encoder,JointState,1789404278066767180,,"{""position"":[1266.206],""velocity"":[]}"
9381,33226993923597,/autodrive/roboracer_1/left_encoder,JointState,1789404278091766780,,"{""position"":[1270.624],""velocity"":[]}"
9382,33226994099738,/autodrive/roboracer_1/right_encoder,JointState,1789404278091766780,,"{""position"":[1270.634],""velocity"":[]}"
9391,33227019105324,/autodrive/roboracer_1/left_encoder,JointState,1789404278116765480,,"{""position"":[1275.012],""velocity"":[]}"
9392,33227019286965,/autodrive/roboracer_1/right_encoder,JointState,1789404278116765480,,"{""position"":[1275.022],""velocity"":[]}"
9401,33227043660124,/autodrive/roboracer_1/left_encoder,JointState,1789404278141765480,,"{""position"":[1279.401],""velocity"":[]}"
9402,33227043804926,/autodrive/roboracer_1/right_encoder,JointState,1789404278141765480,,"{""position"":[1279.41],""velocity"":[]}"
9410,33227069467216,/autodrive/roboracer_1/left_encoder,JointState,1789404278166765480,,"{""position"":[1283.792],""velocity"":[]}"
9413,33227070293338,/autodrive/roboracer_1/right_encoder,JointState,1789404278166765480,,"{""position"":[1283.802],""velocity"":[]}"
9421,33227094454017,/autodrive/roboracer_1/left_encoder,JointState,1789404278191767180,,"{""position"":[1288.184],""velocity"":[]}"
9422,33227094604189,/autodrive/roboracer_1/right_encoder,JointState,1789404278191767180,,"{""position"":[1288.197],""velocity"":[]}"
9431,33227118540608,/autodrive/roboracer_1/left_encoder,JointState,1789404278216766780,,"{""position"":[1292.585],""velocity"":[]}"
9432,33227118673958,/autodrive/roboracer_1/right_encoder,JointState,1789404278216766780,,"{""position"":[1292.595],""velocity"":[]}"
9442,33227144160939,/autodrive/roboracer_1/left_encoder,JointState,1789404278238765480,,"{""position"":[1296.46],""velocity"":[]}"
9443,33227144296694,/autodrive/roboracer_1/right_encoder,JointState,1789404278238765480,,"{""position"":[1296.47],""velocity"":[]}"
9451,33227168187236,/autodrive/roboracer_1/left_encoder,JointState,1789404278266765480,,"{""position"":[1301.395],""velocity"":[]}"
9452,33227168333240,/autodrive/roboracer_1/right_encoder,JointState,1789404278266765480,,"{""position"":[1301.405],""velocity"":[]}"
9462,33227193751903,/autodrive/roboracer_1/left_encoder,JointState,1789404278291765480,,"{""position"":[1305.803],""velocity"":[]}"
9463,33227194037940,/autodrive/roboracer_1/right_encoder,JointState,1789404278291765480,,"{""position"":[1305.813],""velocity"":[]}"
9471,33227218448429,/autodrive/roboracer_1/left_encoder,JointState,1789404278316767180,,"{""position"":[1310.214],""velocity"":[]}"
9472,33227218598170,/autodrive/roboracer_1/right_encoder,JointState,1789404278316767180,,"{""position"":[1310.224],""velocity"":[]}"
9483,33227243711659,/autodrive/roboracer_1/left_encoder,JointState,1789404278341766780,,"{""position"":[1314.629],""velocity"":[]}"
9484,33227243835492,/autodrive/roboracer_1/right_encoder,JointState,1789404278341766780,,"{""position"":[1314.639],""velocity"":[]}"
9492,33227268334857,/autodrive/roboracer_1/left_encoder,JointState,1789404278366765480,,"{""position"":[1319.043],""velocity"":[]}"
9493,33227268543389,/autodrive/roboracer_1/right_encoder,JointState,1789404278366765480,,"{""position"":[1319.053],""velocity"":[]}"
9504,33227294113506,/autodrive/roboracer_1/left_encoder,JointState,1789404278391765480,,"{""position"":[1323.461],""velocity"":[]}"
9505,33227294340532,/autodrive/roboracer_1/right_encoder,JointState,1789404278391765480,,"{""position"":[1323.471],""velocity"":[]}"
9514,33227319282509,/autodrive/roboracer_1/left_encoder,JointState,1789404278416767580,,"{""position"":[1327.879],""velocity"":[]}"
9515,33227319478437,/autodrive/roboracer_1/right_encoder,JointState,1789404278416767580,,"{""position"":[1327.889],""velocity"":[]}"
9523,33227344031394,/autodrive/roboracer_1/left_encoder,JointState,1789404278441767180,,"{""position"":[1332.297],""velocity"":[]}"
9524,33227344193148,/autodrive/roboracer_1/right_encoder,JointState,1789404278441767180,,"{""position"":[1332.307],""velocity"":[]}"
9533,33227368222290,/autodrive/roboracer_1/left_encoder,JointState,1789404278466766780,,"{""position"":[1336.718],""velocity"":[]}"
9534,33227368387570,/autodrive/roboracer_1/right_encoder,JointState,1789404278466766780,,"{""position"":[1336.728],""velocity"":[]}"
9544,33227393690205,/autodrive/roboracer_1/left_encoder,JointState,1789404278491765480,,"{""position"":[1341.139],""velocity"":[]}"
9545,33227393816913,/autodrive/roboracer_1/right_encoder,JointState,1789404278491765480,,"{""position"":[1341.149],""velocity"":[]}"
9554,33227418495285,/autodrive/roboracer_1/left_encoder,JointState,1789404278516765480,,"{""position"":[1345.561],""velocity"":[]}"
9555,33227418634647,/autodrive/roboracer_1/right_encoder,JointState,1789404278516765480,,"{""position"":[1345.57],""velocity"":[]}"
9564,33227443681120,/autodrive/roboracer_1/left_encoder,JointState,1789404278541767580,,"{""position"":[1349.982],""velocity"":[]}"
9565,33227443813559,/autodrive/roboracer_1/right_encoder,JointState,1789404278541767580,,"{""position"":[1349.992],""velocity"":[]}"
9574,33227469190613,/autodrive/roboracer_1/left_encoder,JointState,1789404278566767180,,"{""position"":[1354.406],""velocity"":[]}"
9575,33227469366142,/autodrive/roboracer_1/right_encoder,JointState,1789404278566767180,,"{""position"":[1354.416],""velocity"":[]}"
9585,33227493652819,/autodrive/roboracer_1/left_encoder,JointState,1789404278591766780,,"{""position"":[1358.827],""velocity"":[]}"
9586,33227493792581,/autodrive/roboracer_1/right_encoder,JointState,1789404278591766780,,"{""position"":[1358.837],""velocity"":[]}"
9596,33227518936678,/autodrive/roboracer_1/left_encoder,JointState,1789404278616765480,,"{""position"":[1363.248],""velocity"":[]}"
9597,33227519103020,/autodrive/roboracer_1/right_encoder,JointState,1789404278616765480,,"{""position"":[1363.258],""velocity"":[]}"
9606,33227544099860,/autodrive/roboracer_1/left_encoder,JointState,1789404278641765480,,"{""position"":[1367.673],""velocity"":[]}"
9607,33227544246135,/autodrive/roboracer_1/right_encoder,JointState,1789404278641765480,,"{""position"":[1367.682],""velocity"":[]}"
9617,33227569332373,/autodrive/roboracer_1/left_encoder,JointState,1789404278666767580,,"{""position"":[1372.097],""velocity"":[]}"
9618,33227569500589,/autodrive/roboracer_1/right_encoder,JointState,1789404278666767580,,"{""position"":[1372.107],""velocity"":[]}"
9626,33227593670706,/autodrive/roboracer_1/left_encoder,JointState,1789404278691767180,,"{""position"":[1376.522],""velocity"":[]}"
9627,33227593831709,/autodrive/roboracer_1/right_encoder,JointState,1789404278691767180,,"{""position"":[1376.531],""velocity"":[]}"
9637,33227618580333,/autodrive/roboracer_1/left_encoder,JointState,1789404278716766780,,"{""position"":[1380.946],""velocity"":[]}"
9638,33227618731036,/autodrive/roboracer_1/right_encoder,JointState,1789404278716766780,,"{""position"":[1380.956],""velocity"":[]}"
9646,33227643774754,/autodrive/roboracer_1/left_encoder,JointState,1789404278741765480,,"{""position"":[1385.37],""velocity"":[]}"
9647,33227643906231,/autodrive/roboracer_1/right_encoder,JointState,1789404278741765480,,"{""position"":[1385.38],""velocity"":[]}"
9657,33227668091036,/autodrive/roboracer_1/left_encoder,JointState,1789404278766765480,,"{""position"":[1389.795],""velocity"":[]}"
9658,33227668251437,/autodrive/roboracer_1/right_encoder,JointState,1789404278766765480,,"{""position"":[1389.805],""velocity"":[]}"
9667,33227693957108,/autodrive/roboracer_1/left_encoder,JointState,1789404278791767580,,"{""position"":[1394.219],""velocity"":[]}"
9668,33227694130925,/autodrive/roboracer_1/right_encoder,JointState,1789404278791767580,,"{""position"":[1394.229],""velocity"":[]}"
9678,33227719024060,/autodrive/roboracer_1/left_encoder,JointState,1789404278816767180,,"{""position"":[1398.644],""velocity"":[]}"
9679,33227719178090,/autodrive/roboracer_1/right_encoder,JointState,1789404278816767180,,"{""position"":[1398.654],""velocity"":[]}"
9688,33227744401195,/autodrive/roboracer_1/left_encoder,JointState,1789404278841766780,,"{""position"":[1403.068],""velocity"":[]}"
9689,33227744608043,/autodrive/roboracer_1/right_encoder,JointState,1789404278841766780,,"{""position"":[1403.078],""velocity"":[]}"
9699,33227769192158,/autodrive/roboracer_1/left_encoder,JointState,1789404278866765480,,"{""position"":[1407.492],""velocity"":[]}"
9700,33227769389709,/autodrive/roboracer_1/right_encoder,JointState,1789404278866765480,,"{""position"":[1407.502],""velocity"":[]}"
9709,33227795074732,/autodrive/roboracer_1/left_encoder,JointState,1789404278891765480,,"{""position"":[1411.917],""velocity"":[]}"
9710,33227795296358,/autodrive/roboracer_1/right_encoder,JointState,1789404278891765480,,"{""position"":[1411.927],""velocity"":[]}"
9718,33227818354797,/autodrive/roboracer_1/left_encoder,JointState,1789404278915765480,,"{""position"":[1416.165],""velocity"":[]}"
9719,33227818500952,/autodrive/roboracer_1/right_encoder,JointState,1789404278915765480,,"{""position"":[1416.174],""velocity"":[]}"
9728,33227843877114,/autodrive/roboracer_1/left_encoder,JointState,1789404278941767180,,"{""position"":[1420.766],""velocity"":[]}"
9729,33227844080907,/autodrive/roboracer_1/right_encoder,JointState,1789404278941767180,,"{""position"":[1420.776],""velocity"":[]}"
9738,33227869309432,/autodrive/roboracer_1/left_encoder,JointState,1789404278966766780,,"{""position"":[1425.19],""velocity"":[]}"
9739,33227869549143,/autodrive/roboracer_1/right_encoder,JointState,1789404278966766780,,"{""position"":[1425.2],""velocity"":[]}"
9749,33227894269744,/autodrive/roboracer_1/left_encoder,JointState,1789404278991765480,,"{""position"":[1429.615],""velocity"":[]}"
9750,33227894444071,/autodrive/roboracer_1/right_encoder,JointState,1789404278991765480,,"{""position"":[1429.628],""velocity"":[]}"
9760,33227919222722,/autodrive/roboracer_1/left_encoder,JointState,1789404279016765480,,"{""position"":[1434.039],""velocity"":[]}"
9761,33227919414662,/autodrive/roboracer_1/right_encoder,JointState,1789404279016765480,,"{""position"":[1434.052],""velocity"":[]}"
9770,33227943735052,/autodrive/roboracer_1/left_encoder,JointState,1789404279041767580,,"{""position"":[1438.463],""velocity"":[]}"
9771,33227943854646,/autodrive/roboracer_1/right_encoder,JointState,1789404279041767580,,"{""position"":[1438.476],""velocity"":[]}"
9780,33227967788951,/autodrive/roboracer_1/left_encoder,JointState,1789404279065765480,,"{""position"":[1442.711],""velocity"":[]}"
9781,33227967938822,/autodrive/roboracer_1/right_encoder,JointState,1789404279065765480,,"{""position"":[1442.724],""velocity"":[]}"
9790,33227993500132,/autodrive/roboracer_1/left_encoder,JointState,1789404279091766780,,"{""position"":[1447.312],""velocity"":[]}"
9791,33227993646467,/autodrive/roboracer_1/right_encoder,JointState,1789404279091766780,,"{""position"":[1447.325],""velocity"":[]}"
9801,33228019204632,/autodrive/roboracer_1/left_encoder,JointState,1789404279116765480,,"{""position"":[1451.74],""velocity"":[]}"
9802,33228019351618,/autodrive/roboracer_1/right_encoder,JointState,1789404279116765480,,"{""position"":[1451.75],""velocity"":[]}"
9810,33228044246997,/autodrive/roboracer_1/left_encoder,JointState,1789404279141765480,,"{""position"":[1456.164],""velocity"":[]}"
9811,33228044396999,/autodrive/roboracer_1/right_encoder,JointState,1789404279141765480,,"{""position"":[1456.174],""velocity"":[]}"
9820,33228068313189,/autodrive/roboracer_1/left_encoder,JointState,1789404279166767580,,"{""position"":[1460.589],""velocity"":[]}"
9823,33228069131967,/autodrive/roboracer_1/right_encoder,JointState,1789404279166767580,,"{""position"":[1460.598],""velocity"":[]}"
9830,33228093268852,/autodrive/roboracer_1/left_encoder,JointState,1789404279191767180,,"{""position"":[1465.013],""velocity"":[]}"
9831,33228093424344,/autodrive/roboracer_1/right_encoder,JointState,1789404279191767180,,"{""position"":[1465.023],""velocity"":[]}"
9841,33228118721799,/autodrive/roboracer_1/left_encoder,JointState,1789404279216766780,,"{""position"":[1469.438],""velocity"":[]}"
9842,33228118873113,/autodrive/roboracer_1/right_encoder,JointState,1789404279216766780,,"{""position"":[1469.447],""velocity"":[]}"
9852,33228143063909,/autodrive/roboracer_1/left_encoder,JointState,1789404279240766980,,"{""position"":[1473.685],""velocity"":[]}"
9853,33228143245550,/autodrive/roboracer_1/right_encoder,JointState,1789404279240766980,,"{""position"":[1473.695],""velocity"":[]}"
9863,33228169068392,/autodrive/roboracer_1/left_encoder,JointState,1789404279266765480,,"{""position"":[1478.286],""velocity"":[]}"
9864,33228169242208,/autodrive/roboracer_1/right_encoder,JointState,1789404279266765480,,"{""position"":[1478.296],""velocity"":[]}"
9873,33228195253033,/autodrive/roboracer_1/left_encoder,JointState,1789404279292766980,,"{""position"":[1482.887],""velocity"":[]}"
9874,33228195435716,/autodrive/roboracer_1/right_encoder,JointState,1789404279292766980,,"{""position"":[1482.897],""velocity"":[]}"
9883,33228218944471,/autodrive/roboracer_1/left_encoder,JointState,1789404279316767180,,"{""position"":[1487.135],""velocity"":[]}"
9884,33228219127645,/autodrive/roboracer_1/right_encoder,JointState,1789404279316767180,,"{""position"":[1487.145],""velocity"":[]}"
9893,33228243878554,/autodrive/roboracer_1/left_encoder,JointState,1789404279341766780,,"{""position"":[1491.559],""velocity"":[]}"
9894,33228244054544,/autodrive/roboracer_1/right_encoder,JointState,1789404279341766780,,"{""position"":[1491.569],""velocity"":[]}"
9903,33228268801886,/autodrive/roboracer_1/left_encoder,JointState,1789404279366765480,,"{""position"":[1495.984],""velocity"":[]}"
9904,33228268963339,/autodrive/roboracer_1/right_encoder,JointState,1789404279366765480,,"{""position"":[1495.994],""velocity"":[]}"
9914,33228294512577,/autodrive/roboracer_1/left_encoder,JointState,1789404279391765480,,"{""position"":[1500.408],""velocity"":[]}"
9915,33228294696272,/autodrive/roboracer_1/right_encoder,JointState,1789404279391765480,,"{""position"":[1500.418],""velocity"":[]}"
9924,33228318678566,/autodrive/roboracer_1/left_encoder,JointState,1789404279416767580,,"{""position"":[1504.833],""velocity"":[]}"
9925,33228318830852,/autodrive/roboracer_1/right_encoder,JointState,1789404279416767580,,"{""position"":[1504.843],""velocity"":[]}"
9933,33228343520215,/autodrive/roboracer_1/left_encoder,JointState,1789404279441767180,,"{""position"":[1509.257],""velocity"":[]}"
9934,33228343668804,/autodrive/roboracer_1/right_encoder,JointState,1789404279441767180,,"{""position"":[1509.267],""velocity"":[]}"
9943,33228368330264,/autodrive/roboracer_1/left_encoder,JointState,1789404279466766780,,"{""position"":[1513.682],""velocity"":[]}"
9944,33228368497368,/autodrive/roboracer_1/right_encoder,JointState,1789404279466766780,,"{""position"":[1513.691],""velocity"":[]}"
9955,33228393915349,/autodrive/roboracer_1/left_encoder,JointState,1789404279491765480,,"{""position"":[1518.106],""velocity"":[]}"
9956,33228394151723,/autodrive/roboracer_1/right_encoder,JointState,1789404279491765480,,"{""position"":[1518.119],""velocity"":[]}"
9963,33228418733483,/autodrive/roboracer_1/left_encoder,JointState,1789404279516765480,,"{""position"":[1522.53],""velocity"":[]}"
9964,33228418869950,/autodrive/roboracer_1/right_encoder,JointState,1789404279516765480,,"{""position"":[1522.543],""velocity"":[]}"
9973,33228443771321,/autodrive/roboracer_1/left_encoder,JointState,1789404279541767580,,"{""position"":[1526.955],""velocity"":[]}"
9974,33228443895113,/autodrive/roboracer_1/right_encoder,JointState,1789404279541767580,,"{""position"":[1526.968],""velocity"":[]}"
9981,33228469831007,/autodrive/roboracer_1/left_encoder,JointState,1789404279566767180,,"{""position"":[1527.131],""velocity"":[]}"
9982,33228469961652,/autodrive/roboracer_1/right_encoder,JointState,1789404279566767180,,"{""position"":[1527.145],""velocity"":[]}"
9991,33228493864688,/autodrive/roboracer_1/left_encoder,JointState,1789404279591766780,,"{""position"":[1527.131],""velocity"":[]}"
9992,33228494041520,/autodrive/roboracer_1/right_encoder,JointState,1789404279591766780,,"{""position"":[1527.145],""velocity"":[]}"
10000,33228519074017,/autodrive/roboracer_1/left_encoder,JointState,1789404279616765480,,"{""position"":[1527.131],""velocity"":[]}"
10001,33228519218529,/autodrive/roboracer_1/right_encoder,JointState,1789404279616765480,,"{""position"":[1527.145],""velocity"":[]}"
10008,33228544411998,/autodrive/roboracer_1/left_encoder,JointState,1789404279641765480,,"{""position"":[1527.131],""velocity"":[]}"
10009,33228544574353,/autodrive/roboracer_1/right_encoder,JointState,1789404279641765480,,"{""position"":[1527.145],""velocity"":[]}"
10018,33228570600116,/autodrive/roboracer_1/left_encoder,JointState,1789404279666767580,,"{""position"":[1527.131],""velocity"":[]}"
10019,33228570753724,/autodrive/roboracer_1/right_encoder,JointState,1789404279666767580,,"{""position"":[1527.145],""velocity"":[]}"
10026,33228593296816,/autodrive/roboracer_1/left_encoder,JointState,1789404279690765480,,"{""position"":[1527.131],""velocity"":[]}"
10027,33228593438582,/autodrive/roboracer_1/right_encoder,JointState,1789404279690765480,,"{""position"":[1527.145],""velocity"":[]}"
10034,33228618251376,/autodrive/roboracer_1/left_encoder,JointState,1789404279716766780,,"{""position"":[1527.131],""velocity"":[]}"
10035,33228618389095,/autodrive/roboracer_1/right_encoder,JointState,1789404279716766780,,"{""position"":[1527.145],""velocity"":[]}"
10045,33228643973408,/autodrive/roboracer_1/left_encoder,JointState,1789404279741765480,,"{""position"":[1527.131],""velocity"":[]}"
10046,33228644156052,/autodrive/roboracer_1/right_encoder,JointState,1789404279741765480,,"{""position"":[1527.145],""velocity"":[]}"
10053,33228669745004,/autodrive/roboracer_1/left_encoder,JointState,1789404279766765480,,"{""position"":[1527.131],""velocity"":[]}"
10054,33228669881270,/autodrive/roboracer_1/right_encoder,JointState,1789404279766765480,,"{""position"":[1527.145],""velocity"":[]}"
10063,33228693793282,/autodrive/roboracer_1/left_encoder,JointState,1789404279791767580,,"{""position"":[1527.131],""velocity"":[]}"
10064,33228693925000,/autodrive/roboracer_1/right_encoder,JointState,1789404279791767580,,"{""position"":[1527.145],""velocity"":[]}"
10072,33228719125522,/autodrive/roboracer_1/left_encoder,JointState,1789404279816767180,,"{""position"":[1527.131],""velocity"":[]}"
10073,33228719333393,/autodrive/roboracer_1/right_encoder,JointState,1789404279816767180,,"{""position"":[1527.145],""velocity"":[]}"
10081,33228743881800,/autodrive/roboracer_1/left_encoder,JointState,1789404279841766780,,"{""position"":[1527.131],""velocity"":[]}"
10082,33228744046019,/autodrive/roboracer_1/right_encoder,JointState,1789404279841766780,,"{""position"":[1527.145],""velocity"":[]}"
10088,33228770814386,/autodrive/roboracer_1/left_encoder,JointState,1789404279866765480,,"{""position"":[1527.131],""velocity"":[]}"
10089,33228770980899,/autodrive/roboracer_1/right_encoder,JointState,1789404279866765480,,"{""position"":[1527.145],""velocity"":[]}"
10099,33228794121232,/autodrive/roboracer_1/left_encoder,JointState,1789404279891765480,,"{""position"":[1527.131],""velocity"":[]}"
10100,33228794270082,/autodrive/roboracer_1/right_encoder,JointState,1789404279891765480,,"{""position"":[1527.145],""velocity"":[]}"
10107,33228818735253,/autodrive/roboracer_1/left_encoder,JointState,1789404279916767580,,"{""position"":[1527.131],""velocity"":[]}"
10108,33228818874254,/autodrive/roboracer_1/right_encoder,JointState,1789404279916767580,,"{""position"":[1527.145],""velocity"":[]}"
10116,33228843564058,/autodrive/roboracer_1/left_encoder,JointState,1789404279941767180,,"{""position"":[1527.131],""velocity"":[]}"
10117,33228843705423,/autodrive/roboracer_1/right_encoder,JointState,1789404279941767180,,"{""position"":[1527.145],""velocity"":[]}"
10125,33228869824812,/autodrive/roboracer_1/left_encoder,JointState,1789404279966766780,,"{""position"":[1527.131],""velocity"":[]}"
10126,33228869982919,/autodrive/roboracer_1/right_encoder,JointState,1789404279966766780,,"{""position"":[1527.145],""velocity"":[]}"
10134,33228893632759,/autodrive/roboracer_1/left_encoder,JointState,1789404279991765480,,"{""position"":[1527.131],""velocity"":[]}"
10135,33228893762433,/autodrive/roboracer_1/right_encoder,JointState,1789404279991765480,,"{""position"":[1527.145],""velocity"":[]}"
10144,33228917907813,/autodrive/roboracer_1/left_encoder,JointState,1789404280015766580,,"{""position"":[1527.131],""velocity"":[]}"
10145,33228918050862,/autodrive/roboracer_1/right_encoder,JointState,1789404280015766580,,"{""position"":[1527.145],""velocity"":[]}"
10152,33228943498679,/autodrive/roboracer_1/left_encoder,JointState,1789404280041767580,,"{""position"":[1527.131],""velocity"":[]}"
10153,33228943631579,/autodrive/roboracer_1/right_encoder,JointState,1789404280041767580,,"{""position"":[1527.145],""velocity"":[]}"
10162,33228970352217,/autodrive/roboracer_1/left_encoder,JointState,1789404280066767180,,"{""position"":[1527.131],""velocity"":[]}"
10163,33228970524400,/autodrive/roboracer_1/right_encoder,JointState,1789404280066767180,,"{""position"":[1527.145],""velocity"":[]}"
10170,33228994993028,/autodrive/roboracer_1/left_encoder,JointState,1789404280092765480,,"{""position"":[1527.131],""velocity"":[]}"
10171,33228995160262,/autodrive/roboracer_1/right_encoder,JointState,1789404280092765480,,"{""position"":[1527.145],""velocity"":[]}"
10179,33229019385694,/autodrive/roboracer_1/left_encoder,JointState,1789404280116765480,,"{""position"":[1527.131],""velocity"":[]}"
10180,33229019555723,/autodrive/roboracer_1/right_encoder,JointState,1789404280116765480,,"{""position"":[1527.145],""velocity"":[]}"
10188,33229043687007,/autodrive/roboracer_1/left_encoder,JointState,1789404280141765480,,"{""position"":[1527.131],""velocity"":[]}"
10189,33229043820278,/autodrive/roboracer_1/right_encoder,JointState,1789404280141765480,,"{""position"":[1527.145],""velocity"":[]}"
10197,33229069339619,/autodrive/roboracer_1/left_encoder,JointState,1789404280166767580,,"{""position"":[1527.131],""velocity"":[]}"
10198,33229069499149,/autodrive/roboracer_1/right_encoder,JointState,1789404280166767580,,"{""position"":[1527.145],""velocity"":[]}"
10207,33229093621386,/autodrive/roboracer_1/left_encoder,JointState,1789404280191767180,,"{""position"":[1527.131],""velocity"":[]}"
10208,33229093742063,/autodrive/roboracer_1/right_encoder,JointState,1789404280191767180,,"{""position"":[1527.145],""velocity"":[]}"
10215,33229118675564,/autodrive/roboracer_1/left_encoder,JointState,1789404280216766780,,"{""position"":[1527.131],""velocity"":[]}"
10216,33229118831847,/autodrive/roboracer_1/right_encoder,JointState,1789404280216766780,,"{""position"":[1527.145],""velocity"":[]}"
10225,33229143920229,/autodrive/roboracer_1/left_encoder,JointState,1789404280241765480,,"{""position"":[1527.131],""velocity"":[]}"
10226,33229144081813,/autodrive/roboracer_1/right_encoder,JointState,1789404280241765480,,"{""position"":[1527.145],""velocity"":[]}"
10234,33229171080052,/autodrive/roboracer_1/left_encoder,JointState,1789404280266765480,,"{""position"":[1527.131],""velocity"":[]}"
10235,33229171266713,/autodrive/roboracer_1/right_encoder,JointState,1789404280266765480,,"{""position"":[1527.145],""velocity"":[]}"
10243,33229193581255,/autodrive/roboracer_1/left_encoder,JointState,1789404280291767580,,"{""position"":[1527.131],""velocity"":[]}"
10244,33229193718022,/autodrive/roboracer_1/right_encoder,JointState,1789404280291767580,,"{""position"":[1527.145],""velocity"":[]}"
10251,33229218725121,/autodrive/roboracer_1/left_encoder,JointState,1789404280316767180,,"{""position"":[1527.131],""velocity"":[]}"
10252,33229218868751,/autodrive/roboracer_1/right_encoder,JointState,1789404280316767180,,"{""position"":[1527.145],""velocity"":[]}"
10261,33229244292242,/autodrive/roboracer_1/left_encoder,JointState,1789404280341766780,,"{""position"":[1527.131],""velocity"":[]}"
10262,33229244441042,/autodrive/roboracer_1/right_encoder,JointState,1789404280341766780,,"{""position"":[1527.145],""velocity"":[]}"
10269,33229269977335,/autodrive/roboracer_1/left_encoder,JointState,1789404280366765480,,"{""position"":[1527.131],""velocity"":[]}"
10270,33229270190856,/autodrive/roboracer_1/right_encoder,JointState,1789404280366765480,,"{""position"":[1527.145],""velocity"":[]}"
10279,33229293849964,/autodrive/roboracer_1/left_encoder,JointState,1789404280391765480,,"{""position"":[1527.131],""velocity"":[]}"
10280,33229294011557,/autodrive/roboracer_1/right_encoder,JointState,1789404280391765480,,"{""position"":[1527.145],""velocity"":[]}"
10288,33229318936813,/autodrive/roboracer_1/left_encoder,JointState,1789404280416767580,,"{""position"":[1527.131],""velocity"":[]}"
10289,33229319096243,/autodrive/roboracer_1/right_encoder,JointState,1789404280416767580,,"{""position"":[1527.145],""velocity"":[]}"
10297,33229343653627,/autodrive/roboracer_1/left_encoder,JointState,1789404280441767180,,"{""position"":[1527.131],""velocity"":[]}"
10298,33229343777821,/autodrive/roboracer_1/right_encoder,JointState,1789404280441767180,,"{""position"":[1527.145],""velocity"":[]}"
10306,33229370375517,/autodrive/roboracer_1/left_encoder,JointState,1789404280466766780,,"{""position"":[1527.131],""velocity"":[]}"
10307,33229370507205,/autodrive/roboracer_1/right_encoder,JointState,1789404280466766780,,"{""position"":[1527.145],""velocity"":[]}"
10314,33229393690709,/autodrive/roboracer_1/left_encoder,JointState,1789404280491765480,,"{""position"":[1527.131],""velocity"":[]}"
10315,33229393906244,/autodrive/roboracer_1/right_encoder,JointState,1789404280491765480,,"{""position"":[1527.145],""velocity"":[]}"
10324,33229418830277,/autodrive/roboracer_1/left_encoder,JointState,1789404280516765480,,"{""position"":[1527.131],""velocity"":[]}"
10325,33229418984176,/autodrive/roboracer_1/right_encoder,JointState,1789404280516765480,,"{""position"":[1527.145],""velocity"":[]}"
10332,33229443874016,/autodrive/roboracer_1/left_encoder,JointState,1789404280541767580,,"{""position"":[1527.131],""velocity"":[]}"
10333,33229444036851,/autodrive/roboracer_1/right_encoder,JointState,1789404280541767580,,"{""position"":[1527.145],""velocity"":[]}"
10342,33229470568725,/autodrive/roboracer_1/left_encoder,JointState,1789404280566767180,,"{""position"":[1527.131],""velocity"":[]}"
10343,33229470714769,/autodrive/roboracer_1/right_encoder,JointState,1789404280566767180,,"{""position"":[1527.145],""velocity"":[]}"
10350,33229494124769,/autodrive/roboracer_1/left_encoder,JointState,1789404280591766780,,"{""position"":[1527.131],""velocity"":[]}"
10351,33229494316869,/autodrive/roboracer_1/right_encoder,JointState,1789404280591766780,,"{""position"":[1527.145],""velocity"":[]}"
10359,33229518717129,/autodrive/roboracer_1/left_encoder,JointState,1789404280616765480,,"{""position"":[1527.131],""velocity"":[]}"
10360,33229518861710,/autodrive/roboracer_1/right_encoder,JointState,1789404280616765480,,"{""position"":[1527.145],""velocity"":[]}"
10368,33229543708930,/autodrive/roboracer_1/left_encoder,JointState,1789404280641765480,,"{""position"":[1527.131],""velocity"":[]}"
10369,33229543853431,/autodrive/roboracer_1/right_encoder,JointState,1789404280641765480,,"{""position"":[1527.145],""velocity"":[]}"
10378,33229569476117,/autodrive/roboracer_1/left_encoder,JointState,1789404280666767580,,"{""position"":[1527.131],""velocity"":[]}"
10379,33229569631579,/autodrive/roboracer_1/right_encoder,JointState,1789404280666767580,,"{""position"":[1527.145],""velocity"":[]}"
10385,33229593294393,/autodrive/roboracer_1/left_encoder,JointState,1789404280691767180,,"{""position"":[1527.131],""velocity"":[]}"
10386,33229593452099,/autodrive/roboracer_1/right_encoder,JointState,1789404280691767180,,"{""position"":[1527.145],""velocity"":[]}"
10396,33229618677799,/autodrive/roboracer_1/left_encoder,JointState,1789404280716766780,,"{""position"":[1527.131],""velocity"":[]}"
10397,33229618830306,/autodrive/roboracer_1/right_encoder,JointState,1789404280716766780,,"{""position"":[1527.145],""velocity"":[]}"
10405,33229643886417,/autodrive/roboracer_1/left_encoder,JointState,1789404280741765480,,"{""position"":[1527.131],""velocity"":[]}"
10406,33229644055625,/autodrive/roboracer_1/right_encoder,JointState,1789404280741765480,,"{""position"":[1527.145],""velocity"":[]}"
10413,33229669913032,/autodrive/roboracer_1/left_encoder,JointState,1789404280766765480,,"{""position"":[1527.131],""velocity"":[]}"
10414,33229670096236,/autodrive/roboracer_1/right_encoder,JointState,1789404280766765480,,"{""position"":[1527.145],""velocity"":[]}"
10422,33229693822920,/autodrive/roboracer_1/left_encoder,JointState,1789404280791767580,,"{""position"":[1527.131],""velocity"":[]}"
10423,33229693963524,/autodrive/roboracer_1/right_encoder,JointState,1789404280791767580,,"{""position"":[1527.145],""velocity"":[]}"
10432,33229719530736,/autodrive/roboracer_1/left_encoder,JointState,1789404280816767180,,"{""position"":[1527.131],""velocity"":[]}"
10433,33229719683012,/autodrive/roboracer_1/right_encoder,JointState,1789404280816767180,,"{""position"":[1527.145],""velocity"":[]}"
10440,33229742832432,/autodrive/roboracer_1/left_encoder,JointState,1789404280840767280,,"{""position"":[1527.131],""velocity"":[]}"
10441,33229742993494,/autodrive/roboracer_1/right_encoder,JointState,1789404280840767280,,"{""position"":[1527.145],""velocity"":[]}"
10450,33229769368683,/autodrive/roboracer_1/left_encoder,JointState,1789404280866765480,,"{""position"":[1527.131],""velocity"":[]}"
10451,33229769512604,/autodrive/roboracer_1/right_encoder,JointState,1789404280866765480,,"{""position"":[1527.145],""velocity"":[]}"
10459,33229793709742,/autodrive/roboracer_1/left_encoder,JointState,1789404280891765480,,"{""position"":[1527.131],""velocity"":[]}"
10460,33229793838083,/autodrive/roboracer_1/right_encoder,JointState,1789404280891765480,,"{""position"":[1527.145],""velocity"":[]}"
10468,33229818414854,/autodrive/roboracer_1/left_encoder,JointState,1789404280915765480,,"{""position"":[1527.131],""velocity"":[]}"
10469,33229818653051,/autodrive/roboracer_1/right_encoder,JointState,1789404280915765480,,"{""position"":[1527.145],""velocity"":[]}"
10477,33229843835951,/autodrive/roboracer_1/left_encoder,JointState,1789404280941767180,,"{""position"":[1527.131],""velocity"":[]}"
10478,33229844026970,/autodrive/roboracer_1/right_encoder,JointState,1789404280941767180,,"{""position"":[1527.145],""velocity"":[]}"
10486,33229869782886,/autodrive/roboracer_1/left_encoder,JointState,1789404280966766780,,"{""position"":[1527.131],""velocity"":[]}"
10487,33229869959267,/autodrive/roboracer_1/right_encoder,JointState,1789404280966766780,,"{""position"":[1527.145],""velocity"":[]}"
10495,33229893919710,/autodrive/roboracer_1/left_encoder,JointState,1789404280991765480,,"{""position"":[1527.131],""velocity"":[]}"
10496,33229894118544,/autodrive/roboracer_1/right_encoder,JointState,1789404280991765480,,"{""position"":[1527.145],""velocity"":[]}"
10504,33229918928583,/autodrive/roboracer_1/left_encoder,JointState,1789404281016765480,,"{""position"":[1527.131],""velocity"":[]}"
10505,33229919093703,/autodrive/roboracer_1/right_encoder,JointState,1789404281016765480,,"{""position"":[1527.145],""velocity"":[]}"
10513,33229944677656,/autodrive/roboracer_1/left_encoder,JointState,1789404281041767580,,"{""position"":[1527.131],""velocity"":[]}"
10514,33229944883893,/autodrive/roboracer_1/right_encoder,JointState,1789404281041767580,,"{""position"":[1527.145],""velocity"":[]}"
10522,33229970663464,/autodrive/roboracer_1/left_encoder,JointState,1789404281066767180,,"{""position"":[1527.131],""velocity"":[]}"
10523,33229970849583,/autodrive/roboracer_1/right_encoder,JointState,1789404281066767180,,"{""position"":[1527.145],""velocity"":[]}"
10531,33229995399674,/autodrive/roboracer_1/left_encoder,JointState,1789404281091766780,,"{""position"":[1527.131],""velocity"":[]}"
10532,33229995540329,/autodrive/roboracer_1/right_encoder,JointState,1789404281091766780,,"{""position"":[1527.145],""velocity"":[]}"
10540,33230019129856,/autodrive/roboracer_1/left_encoder,JointState,1789404281116765480,,"{""position"":[1527.131],""velocity"":[]}"
10541,33230019344940,/autodrive/roboracer_1/right_encoder,JointState,1789404281116765480,,"{""position"":[1527.145],""velocity"":[]}"
10548,33230043485461,/autodrive/roboracer_1/left_encoder,JointState,1789404281141765480,,"{""position"":[1527.131],""velocity"":[]}"
10549,33230043633169,/autodrive/roboracer_1/right_encoder,JointState,1789404281141765480,,"{""position"":[1527.145],""velocity"":[]}"
10557,33230069663841,/autodrive/roboracer_1/left_encoder,JointState,1789404281166767580,,"{""position"":[1527.131],""velocity"":[]}"
10558,33230069850030,/autodrive/roboracer_1/right_encoder,JointState,1789404281166767580,,"{""position"":[1527.145],""velocity"":[]}"
10567,33230093793532,/autodrive/roboracer_1/left_encoder,JointState,1789404281191767180,,"{""position"":[1527.131],""velocity"":[]}"
10568,33230093926211,/autodrive/roboracer_1/right_encoder,JointState,1789404281191767180,,"{""position"":[1527.145],""velocity"":[]}"
10574,33230118695404,/autodrive/roboracer_1/left_encoder,JointState,1789404281216766780,,"{""position"":[1527.131],""velocity"":[]}"
10575,33230118836699,/autodrive/roboracer_1/right_encoder,JointState,1789404281216766780,,"{""position"":[1527.145],""velocity"":[]}"
10585,33230143637251,/autodrive/roboracer_1/left_encoder,JointState,1789404281241765480,,"{""position"":[1527.131],""velocity"":[]}"
10586,33230143825534,/autodrive/roboracer_1/right_encoder,JointState,1789404281241765480,,"{""position"":[1527.145],""velocity"":[]}"
10594,33230170636612,/autodrive/roboracer_1/left_encoder,JointState,1789404281266765480,,"{""position"":[1527.131],""velocity"":[]}"
10595,33230170789399,/autodrive/roboracer_1/right_encoder,JointState,1789404281266765480,,"{""position"":[1527.145],""velocity"":[]}"
10602,33230194647290,/autodrive/roboracer_1/left_encoder,JointState,1789404281291767580,,"{""position"":[1527.131],""velocity"":[]}"
10603,33230194788295,/autodrive/roboracer_1/right_encoder,JointState,1789404281291767580,,"{""position"":[1527.145],""velocity"":[]}"
10611,33230218709425,/autodrive/roboracer_1/left_encoder,JointState,1789404281316767180,,"{""position"":[1527.131],""velocity"":[]}"
10612,33230218860619,/autodrive/roboracer_1/right_encoder,JointState,1789404281316767180,,"{""position"":[1527.145],""velocity"":[]}"
10621,33230243827552,/autodrive/roboracer_1/left_encoder,JointState,1789404281341766780,,"{""position"":[1527.131],""velocity"":[]}"
10622,33230243994736,/autodrive/roboracer_1/right_encoder,JointState,1789404281341766780,,"{""position"":[1527.145],""velocity"":[]}"
10630,33230270808459,/autodrive/roboracer_1/left_encoder,JointState,1789404281365766980,,"{""position"":[1527.131],""velocity"":[]}"
10631,33230270962308,/autodrive/roboracer_1/right_encoder,JointState,1789404281365766980,,"{""position"":[1527.145],""velocity"":[]}"
10639,33230293825230,/autodrive/roboracer_1/left_encoder,JointState,1789404281391765480,,"{""position"":[1527.131],""velocity"":[]}"
10640,33230293972387,/autodrive/roboracer_1/right_encoder,JointState,1789404281391765480,,"{""position"":[1527.145],""velocity"":[]}"
10647,33230318435083,/autodrive/roboracer_1/left_encoder,JointState,1789404281416767580,,"{""position"":[1527.131],""velocity"":[]}"
10648,33230318589293,/autodrive/roboracer_1/right_encoder,JointState,1789404281416767580,,"{""position"":[1527.145],""velocity"":[]}"
10656,33230342835243,/autodrive/roboracer_1/left_encoder,JointState,1789404281440765480,,"{""position"":[1527.131],""velocity"":[]}"
10657,33230343014890,/autodrive/roboracer_1/right_encoder,JointState,1789404281440765480,,"{""position"":[1527.145],""velocity"":[]}"
10666,33230370093190,/autodrive/roboracer_1/left_encoder,JointState,1789404281466766780,,"{""position"":[1527.131],""velocity"":[]}"
10667,33230370258871,/autodrive/roboracer_1/right_encoder,JointState,1789404281466766780,,"{""position"":[1527.145],""velocity"":[]}"
10675,33230394452292,/autodrive/roboracer_1/left_encoder,JointState,1789404281491765480,,"{""position"":[1527.131],""velocity"":[]}"
10676,33230394618955,/autodrive/roboracer_1/right_encoder,JointState,1789404281491765480,,"{""position"":[1527.145],""velocity"":[]}"
10683,33230419365055,/autodrive/roboracer_1/left_encoder,JointState,1789404281516765480,,"{""position"":[1527.131],""velocity"":[]}"
10684,33230419562896,/autodrive/roboracer_1/right_encoder,JointState,1789404281516765480,,"{""position"":[1527.145],""velocity"":[]}"
10692,33230443627866,/autodrive/roboracer_1/left_encoder,JointState,1789404281541767580,,"{""position"":[1527.131],""velocity"":[]}"
10693,33230443770394,/autodrive/roboracer_1/right_encoder,JointState,1789404281541767580,,"{""position"":[1527.145],""velocity"":[]}"
10702,33230469658057,/autodrive/roboracer_1/left_encoder,JointState,1789404281566767180,,"{""position"":[1527.131],""velocity"":[]}"
10703,33230469804242,/autodrive/roboracer_1/right_encoder,JointState,1789404281566767180,,"{""position"":[1527.145],""velocity"":[]}"
10710,33230492776459,/autodrive/roboracer_1/left_encoder,JointState,1789404281590767280,,"{""position"":[1527.131],""velocity"":[]}"
10711,33230492941599,/autodrive/roboracer_1/right_encoder,JointState,1789404281590767280,,"{""position"":[1527.145],""velocity"":[]}"
10719,33230518561850,/autodrive/roboracer_1/left_encoder,JointState,1789404281616765480,,"{""position"":[1527.131],""velocity"":[]}"
10720,33230518704368,/autodrive/roboracer_1/right_encoder,JointState,1789404281616765480,,"{""position"":[1527.145],""velocity"":[]}"
10729,33230543731345,/autodrive/roboracer_1/left_encoder,JointState,1789404281641765480,,"{""position"":[1527.131],""velocity"":[]}"
10730,33230543871258,/autodrive/roboracer_1/right_encoder,JointState,1789404281641765480,,"{""position"":[1527.145],""velocity"":[]}"
10738,33230569593270,/autodrive/roboracer_1/left_encoder,JointState,1789404281666767580,,"{""position"":[1527.131],""velocity"":[]}"
10739,33230569752599,/autodrive/roboracer_1/right_encoder,JointState,1789404281666767580,,"{""position"":[1527.145],""velocity"":[]}"
10747,33230593732208,/autodrive/roboracer_1/left_encoder,JointState,1789404281691767180,,"{""position"":[1527.131],""velocity"":[]}"
10748,33230593853466,/autodrive/roboracer_1/right_encoder,JointState,1789404281691767180,,"{""position"":[1527.145],""velocity"":[]}"
10756,33230618990850,/autodrive/roboracer_1/left_encoder,JointState,1789404281716766780,,"{""position"":[1527.131],""velocity"":[]}"
10757,33230619158776,/autodrive/roboracer_1/right_encoder,JointState,1789404281716766780,,"{""position"":[1527.145],""velocity"":[]}"
10765,33230644171015,/autodrive/roboracer_1/left_encoder,JointState,1789404281741765480,,"{""position"":[1527.131],""velocity"":[]}"
10766,33230644342908,/autodrive/roboracer_1/right_encoder,JointState,1789404281741765480,,"{""position"":[1527.145],""velocity"":[]}"
10774,33230670533450,/autodrive/roboracer_1/left_encoder,JointState,1789404281767767380,,"{""position"":[1527.131],""velocity"":[]}"
10775,33230670697097,/autodrive/roboracer_1/right_encoder,JointState,1789404281767767380,,"{""position"":[1527.145],""velocity"":[]}"
10782,33230693749786,/autodrive/roboracer_1/left_encoder,JointState,1789404281791767580,,"{""position"":[1527.131],""velocity"":[]}"
10783,33230693911389,/autodrive/roboracer_1/right_encoder,JointState,1789404281791767580,,"{""position"":[1527.145],""velocity"":[]}"
10791,33230718894784,/autodrive/roboracer_1/left_encoder,JointState,1789404281816767180,,"{""position"":[1527.131],""velocity"":[]}"
10792,33230719086424,/autodrive/roboracer_1/right_encoder,JointState,1789404281816767180,,"{""position"":[1527.145],""velocity"":[]}"
10802,33230743816032,/autodrive/roboracer_1/left_encoder,JointState,1789404281841766780,,"{""position"":[1527.131],""velocity"":[]}"
10803,33230743972496,/autodrive/roboracer_1/right_encoder,JointState,1789404281841766780,,"{""position"":[1527.145],""velocity"":[]}"
10813,33230768766205,/autodrive/roboracer_1/left_encoder,JointState,1789404281866765480,,"{""position"":[1527.131],""velocity"":[]}"
10814,33230768935823,/autodrive/roboracer_1/right_encoder,JointState,1789404281866765480,,"{""position"":[1527.145],""velocity"":[]}"
10822,33230793717249,/autodrive/roboracer_1/left_encoder,JointState,1789404281891765480,,"{""position"":[1527.131],""velocity"":[]}"
10823,33230793856350,/autodrive/roboracer_1/right_encoder,JointState,1789404281891765480,,"{""position"":[1527.145],""velocity"":[]}"
10832,33230818494256,/autodrive/roboracer_1/left_encoder,JointState,1789404281916767580,,"{""position"":[1527.131],""velocity"":[]}"
10833,33230818636874,/autodrive/roboracer_1/right_encoder,JointState,1789404281916767580,,"{""position"":[1527.145],""velocity"":[]}"
10843,33230843781812,/autodrive/roboracer_1/left_encoder,JointState,1789404281941767180,,"{""position"":[1527.131],""velocity"":[]}"
10844,33230843904924,/autodrive/roboracer_1/right_encoder,JointState,1789404281941767180,,"{""position"":[1527.145],""velocity"":[]}"
10854,33230868756501,/autodrive/roboracer_1/left_encoder,JointState,1789404281966766780,,"{""position"":[1527.131],""velocity"":[]}"
10855,33230868900171,/autodrive/roboracer_1/right_encoder,JointState,1789404281966766780,,"{""position"":[1527.145],""velocity"":[]}"
10864,33230894676335,/autodrive/roboracer_1/left_encoder,JointState,1789404281991765480,,"{""position"":[1527.131],""velocity"":[]}"
10865,33230894827809,/autodrive/roboracer_1/right_encoder,JointState,1789404281991765480,,"{""position"":[1527.145],""velocity"":[]}"
10873,33230918925450,/autodrive/roboracer_1/left_encoder,JointState,1789404282016765480,,"{""position"":[1527.131],""velocity"":[]}"
10874,33230919109216,/autodrive/roboracer_1/right_encoder,JointState,1789404282016765480,,"{""position"":[1527.145],""velocity"":[]}"
10883,33230943543239,/autodrive/roboracer_1/left_encoder,JointState,1789404282041767580,,"{""position"":[1527.131],""velocity"":[]}"
10884,33230943692930,/autodrive/roboracer_1/right_encoder,JointState,1789404282041767580,,"{""position"":[1527.145],""velocity"":[]}"
10893,33230968508620,/autodrive/roboracer_1/left_encoder,JointState,1789404282066767180,,"{""position"":[1527.131],""velocity"":[]}"
10894,33230968706461,/autodrive/roboracer_1/right_encoder,JointState,1789404282066767180,,"{""position"":[1527.145],""velocity"":[]}"
10904,33230994156353,/autodrive/roboracer_1/left_encoder,JointState,1789404282091766780,,"{""position"":[1527.131],""velocity"":[]}"
10905,33230994333646,/autodrive/roboracer_1/right_encoder,JointState,1789404282091766780,,"{""position"":[1527.145],""velocity"":[]}"
10913,33231018828914,/autodrive/roboracer_1/left_encoder,JointState,1789404282116765480,,"{""position"":[1527.131],""velocity"":[]}"
10914,33231018968856,/autodrive/roboracer_1/right_encoder,JointState,1789404282116765480,,"{""position"":[1527.145],""velocity"":[]}"
10924,33231043743760,/autodrive/roboracer_1/left_encoder,JointState,1789404282141765480,,"{""position"":[1527.131],""velocity"":[]}"
10925,33231043867863,/autodrive/roboracer_1/right_encoder,JointState,1789404282141765480,,"{""position"":[1527.145],""velocity"":[]}"
10934,33231067899049,/autodrive/roboracer_1/left_encoder,JointState,1789404282166767580,,"{""position"":[1529.622],""velocity"":[]}"
10935,33231068066143,/autodrive/roboracer_1/right_encoder,JointState,1789404282166767580,,"{""position"":[1529.635],""velocity"":[]}"
10945,33231093666497,/autodrive/roboracer_1/left_encoder,JointState,1789404282191767180,,"{""position"":[1534.796],""velocity"":[]}"
10946,33231093809536,/autodrive/roboracer_1/right_encoder,JointState,1789404282191767180,,"{""position"":[1534.805],""velocity"":[]}"
10955,33231119162084,/autodrive/roboracer_1/left_encoder,JointState,1789404282216766780,,"{""position"":[1540.487],""velocity"":[]}"
10956,33231119307417,/autodrive/roboracer_1/right_encoder,JointState,1789404282216766780,,"{""position"":[1540.496],""velocity"":[]}"
10965,33231144086177,/autodrive/roboracer_1/left_encoder,JointState,1789404282241765480,,"{""position"":[1546.197],""velocity"":[]}"
10966,33231144244595,/autodrive/roboracer_1/right_encoder,JointState,1789404282241765480,,"{""position"":[1546.207],""velocity"":[]}"
10977,33231168467702,/autodrive/roboracer_1/left_encoder,JointState,1789404282266765480,,"{""position"":[1551.908],""velocity"":[]}"
10978,33231168625187,/autodrive/roboracer_1/right_encoder,JointState,1789404282266765480,,"{""position"":[1551.921],""velocity"":[]}"
10987,33231194545572,/autodrive/roboracer_1/left_encoder,JointState,1789404282291767580,,"{""position"":[1557.611],""velocity"":[]}"
10988,33231194696556,/autodrive/roboracer_1/right_encoder,JointState,1789404282291767580,,"{""position"":[1557.621],""velocity"":[]}"
10996,33231218787274,/autodrive/roboracer_1/left_encoder,JointState,1789404282316767180,,"{""position"":[1563.312],""velocity"":[]}"
10997,33231218914413,/autodrive/roboracer_1/right_encoder,JointState,1789404282316767180,,"{""position"":[1563.325],""velocity"":[]}"
11006,33231243817227,/autodrive/roboracer_1/left_encoder,JointState,1789404282341766780,,"{""position"":[1569.003],""velocity"":[]}"
11007,33231243942462,/autodrive/roboracer_1/right_encoder,JointState,1789404282341766780,,"{""position"":[1569.016],""velocity"":[]}"
11016,33231268167362,/autodrive/roboracer_1/left_encoder,JointState,1789404282366765480,,"{""position"":[1574.694],""velocity"":[]}"
11019,33231268947467,/autodrive/roboracer_1/right_encoder,JointState,1789404282366765480,,"{""position"":[1574.704],""velocity"":[]}"
11027,33231293619347,/autodrive/roboracer_1/left_encoder,JointState,1789404282391765480,,"{""position"":[1580.385],""velocity"":[]}"
11028,33231293757657,/autodrive/roboracer_1/right_encoder,JointState,1789404282391765480,,"{""position"":[1580.395],""velocity"":[]}"
11037,33231318899660,/autodrive/roboracer_1/left_encoder,JointState,1789404282416767580,,"{""position"":[1586.066],""velocity"":[]}"
11038,33231319040644,/autodrive/roboracer_1/right_encoder,JointState,1789404282416767580,,"{""position"":[1586.076],""velocity"":[]}"
11048,33231344034990,/autodrive/roboracer_1/left_encoder,JointState,1789404282441767180,,"{""position"":[1591.747],""velocity"":[]}"
11049,33231344176866,/autodrive/roboracer_1/right_encoder,JointState,1789404282441767180,,"{""position"":[1591.757],""velocity"":[]}"
11057,33231368632380,/autodrive/roboracer_1/left_encoder,JointState,1789404282466766780,,"{""position"":[1597.428],""velocity"":[]}"
11060,33231369529936,/autodrive/roboracer_1/right_encoder,JointState,1789404282466766780,,"{""position"":[1597.438],""velocity"":[]}"
11068,33231393937710,/autodrive/roboracer_1/left_encoder,JointState,1789404282491765480,,"{""position"":[1603.096],""velocity"":[]}"
11069,33231394163794,/autodrive/roboracer_1/right_encoder,JointState,1789404282491765480,,"{""position"":[1603.109],""velocity"":[]}"
11079,33231418191905,/autodrive/roboracer_1/left_encoder,JointState,1789404282515766580,,"{""position"":[1608.538],""velocity"":[]}"
11080,33231418342778,/autodrive/roboracer_1/right_encoder,JointState,1789404282515766580,,"{""position"":[1608.551],""velocity"":[]}"
11089,33231443829448,/autodrive/roboracer_1/left_encoder,JointState,1789404282541767580,,"{""position"":[1614.425],""velocity"":[]}"
11090,33231444015107,/autodrive/roboracer_1/right_encoder,JointState,1789404282541767580,,"{""position"":[1614.442],""velocity"":[]}"
11100,33231468471883,/autodrive/roboracer_1/left_encoder,JointState,1789404282565767680,,"{""position"":[1619.861],""velocity"":[]}"
11101,33231468633035,/autodrive/roboracer_1/right_encoder,JointState,1789404282565767680,,"{""position"":[1619.874],""velocity"":[]}"
11110,33231495704903,/autodrive/roboracer_1/left_encoder,JointState,1789404282591766780,,"{""position"":[1625.748],""velocity"":[]}"
11111,33231495819989,/autodrive/roboracer_1/right_encoder,JointState,1789404282591766780,,"{""position"":[1625.761],""velocity"":[]}"
11119,33231518753674,/autodrive/roboracer_1/left_encoder,JointState,1789404282616765480,,"{""position"":[1631.396],""velocity"":[]}"
11120,33231518886494,/autodrive/roboracer_1/right_encoder,JointState,1789404282616765480,,"{""position"":[1631.41],""velocity"":[]}"
11130,33231543710900,/autodrive/roboracer_1/left_encoder,JointState,1789404282641765480,,"{""position"":[1637.045],""velocity"":[]}"
11131,33231543856854,/autodrive/roboracer_1/right_encoder,JointState,1789404282641765480,,"{""position"":[1637.058],""velocity"":[]}"
11141,33231568852813,/autodrive/roboracer_1/left_encoder,JointState,1789404282666767580,,"{""position"":[1642.69],""velocity"":[]}"
11142,33231568983398,/autodrive/roboracer_1/right_encoder,JointState,1789404282666767580,,"{""position"":[1642.703],""velocity"":[]}"
11151,33231594248682,/autodrive/roboracer_1/left_encoder,JointState,1789404282691767180,,"{""position"":[1648.328],""velocity"":[]}"
11152,33231594421206,/autodrive/roboracer_1/right_encoder,JointState,1789404282691767180,,"{""position"":[1648.341],""velocity"":[]}"
11160,33231619244791,/autodrive/roboracer_1/left_encoder,JointState,1789404282716766780,,"{""position"":[1653.967],""velocity"":[]}"
11161,33231619404782,/autodrive/roboracer_1/right_encoder,JointState,1789404282716766780,,"{""position"":[1653.98],""velocity"":[]}"
11170,33231643744297,/autodrive/roboracer_1/left_encoder,JointState,1789404282741765480,,"{""position"":[1659.602],""velocity"":[]}"
11171,33231643887777,/autodrive/roboracer_1/right_encoder,JointState,1789404282741765480,,"{""position"":[1659.618],""velocity"":[]}"
11181,33231668138525,/autodrive/roboracer_1/left_encoder,JointState,1789404282766765480,,"{""position"":[1665.231],""velocity"":[]}"
11182,33231668327961,/autodrive/roboracer_1/right_encoder,JointState,1789404282766765480,,"{""position"":[1665.247],""velocity"":[]}"
11191,33231693665892,/autodrive/roboracer_1/left_encoder,JointState,1789404282791767580,,"{""position"":[1670.859],""velocity"":[]}"
11192,33231693799132,/autodrive/roboracer_1/right_encoder,JointState,1789404282791767580,,"{""position"":[1670.873],""velocity"":[]}"
11202,33231718704551,/autodrive/roboracer_1/left_encoder,JointState,1789404282815767680,,"{""position"":[1676.262],""velocity"":[]}"
11203,33231718831159,/autodrive/roboracer_1/right_encoder,JointState,1789404282815767680,,"{""position"":[1676.275],""velocity"":[]}"
11212,33231744244882,/autodrive/roboracer_1/left_encoder,JointState,1789404282841766780,,"{""position"":[1682.107],""velocity"":[]}"
11213,33231744442824,/autodrive/roboracer_1/right_encoder,JointState,1789404282841766780,,"{""position"":[1682.12],""velocity"":[]}"
11223,33231769131485,/autodrive/roboracer_1/left_encoder,JointState,1789404282866765480,,"{""position"":[1687.723],""velocity"":[]}"
11224,33231769332102,/autodrive/roboracer_1/right_encoder,JointState,1789404282866765480,,"{""position"":[1687.739],""velocity"":[]}"
11233,33231793993822,/autodrive/roboracer_1/left_encoder,JointState,1789404282891765480,,"{""position"":[1693.341],""velocity"":[]}"
11234,33231794135589,/autodrive/roboracer_1/right_encoder,JointState,1789404282891765480,,"{""position"":[1693.354],""velocity"":[]}"
11243,33231819078808,/autodrive/roboracer_1/left_encoder,JointState,1789404282916767580,,"{""position"":[1698.947],""velocity"":[]}"
11244,33231819273784,/autodrive/roboracer_1/right_encoder,JointState,1789404282916767580,,"{""position"":[1698.96],""velocity"":[]}"
11253,33231844771205,/autodrive/roboracer_1/left_encoder,JointState,1789404282941767180,,"{""position"":[1704.55],""velocity"":[]}"
11254,33231844914434,/autodrive/roboracer_1/right_encoder,JointState,1789404282941767180,,"{""position"":[1704.563],""velocity"":[]}"
11261,33231867459048,/autodrive/roboracer_1/left_encoder,JointState,1789404282965767280,,"{""position"":[1709.93],""velocity"":[]}"
11262,33231867608559,/autodrive/roboracer_1/right_encoder,JointState,1789404282965767280,,"{""position"":[1709.943],""velocity"":[]}"
11274,33231893612060,/autodrive/roboracer_1/left_encoder,JointState,1789404282991765480,,"{""position"":[1715.748],""velocity"":[]}"
11275,33231893764747,/autodrive/roboracer_1/right_encoder,JointState,1789404282991765480,,"{""position"":[1715.761],""velocity"":[]}"
11284,33231918995506,/autodrive/roboracer_1/left_encoder,JointState,1789404283016765480,,"{""position"":[1721.344],""velocity"":[]}"
11285,33231919171677,/autodrive/roboracer_1/right_encoder,JointState,1789404283016765480,,"{""position"":[1721.357],""velocity"":[]}"
11294,33231943926513,/autodrive/roboracer_1/left_encoder,JointState,1789404283041767580,,"{""position"":[1726.937],""velocity"":[]}"
11295,33231944085471,/autodrive/roboracer_1/right_encoder,JointState,1789404283041767580,,"{""position"":[1726.95],""velocity"":[]}"
11303,33231968232716,/autodrive/roboracer_1/left_encoder,JointState,1789404283066767180,,"{""position"":[1732.523],""velocity"":[]}"
11304,33231968398046,/autodrive/roboracer_1/right_encoder,JointState,1789404283066767180,,"{""position"":[1732.536],""velocity"":[]}"
11314,33231993854660,/autodrive/roboracer_1/left_encoder,JointState,1789404283091766780,,"{""position"":[1738.106],""velocity"":[]}"
11315,33231993979474,/autodrive/roboracer_1/right_encoder,JointState,1789404283091766780,,"{""position"":[1738.122],""velocity"":[]}"
11325,33232019014186,/autodrive/roboracer_1/left_encoder,JointState,1789404283116765480,,"{""position"":[1743.692],""velocity"":[]}"
11326,33232019190377,/autodrive/roboracer_1/right_encoder,JointState,1789404283116765480,,"{""position"":[1743.705],""velocity"":[]}"
11335,33232043876243,/autodrive/roboracer_1/left_encoder,JointState,1789404283141765480,,"{""position"":[1749.268],""velocity"":[]}"
11336,33232044040321,/autodrive/roboracer_1/right_encoder,JointState,1789404283141765480,,"{""position"":[1749.281],""velocity"":[]}"
11345,33232068319163,/autodrive/roboracer_1/left_encoder,JointState,1789404283166767580,,"{""position"":[1754.841],""velocity"":[]}"
11346,33232068477700,/autodrive/roboracer_1/right_encoder,JointState,1789404283166767580,,"{""position"":[1754.854],""velocity"":[]}"
11355,33232094411220,/autodrive/roboracer_1/left_encoder,JointState,1789404283191767180,,"{""position"":[1760.418],""velocity"":[]}"
11356,33232094577622,/autodrive/roboracer_1/right_encoder,JointState,1789404283191767180,,"{""position"":[1760.431],""velocity"":[]}"
11365,33232120298873,/autodrive/roboracer_1/left_encoder,JointState,1789404283215767280,,"{""position"":[1765.755],""velocity"":[]}"
11366,33232120444026,/autodrive/roboracer_1/right_encoder,JointState,1789404283215767280,,"{""position"":[1765.771],""velocity"":[]}"
11375,33232143919208,/autodrive/roboracer_1/left_encoder,JointState,1789404283241765480,,"{""position"":[1771.541],""velocity"":[]}"
11376,33232144089087,/autodrive/roboracer_1/right_encoder,JointState,1789404283241765480,,"{""position"":[1771.554],""velocity"":[]}"
11387,33232168297076,/autodrive/roboracer_1/left_encoder,JointState,1789404283265766580,,"{""position"":[1776.878],""velocity"":[]}"
11388,33232168446717,/autodrive/roboracer_1/right_encoder,JointState,1789404283265766580,,"{""position"":[1776.891],""velocity"":[]}"
11397,33232192827079,/autodrive/roboracer_1/left_encoder,JointState,1789404283290765480,,"{""position"":[1782.428],""velocity"":[]}"
11398,33232192945832,/autodrive/roboracer_1/right_encoder,JointState,1789404283290765480,,"{""position"":[1782.445],""velocity"":[]}"
11405,33232219033341,/autodrive/roboracer_1/left_encoder,JointState,1789404283316767180,,"{""position"":[1788.204],""velocity"":[]}"
11406,33232219204632,/autodrive/roboracer_1/right_encoder,JointState,1789404283316767180,,"{""position"":[1788.217],""velocity"":[]}"
11416,33232244128395,/autodrive/roboracer_1/left_encoder,JointState,1789404283341766780,,"{""position"":[1793.755],""velocity"":[]}"
11417,33232244294648,/autodrive/roboracer_1/right_encoder,JointState,1789404283341766780,,"{""position"":[1793.768],""velocity"":[]}"
11426,33232268431853,/autodrive/roboracer_1/left_encoder,JointState,1789404283366765480,,"{""position"":[1799.305],""velocity"":[]}"
11427,33232268592024,/autodrive/roboracer_1/right_encoder,JointState,1789404283366765480,,"{""position"":[1799.318],""velocity"":[]}"
11437,33232293546805,/autodrive/roboracer_1/left_encoder,JointState,1789404283391765480,,"{""position"":[1804.848],""velocity"":[]}"
11438,33232293697098,/autodrive/roboracer_1/right_encoder,JointState,1789404283391765480,,"{""position"":[1804.861],""velocity"":[]}"
11447,33232319144814,/autodrive/roboracer_1/left_encoder,JointState,1789404283416767580,,"{""position"":[1810.389],""velocity"":[]}"
11448,33232319317278,/autodrive/roboracer_1/right_encoder,JointState,1789404283416767580,,"{""position"":[1810.402],""velocity"":[]}"
11458,33232344288531,/autodrive/roboracer_1/left_encoder,JointState,1789404283441767180,,"{""position"":[1815.929],""velocity"":[]}"
11459,33232344459271,/autodrive/roboracer_1/right_encoder,JointState,1789404283441767180,,"{""position"":[1815.945],""velocity"":[]}"
11468,33232368458267,/autodrive/roboracer_1/left_encoder,JointState,1789404283466766780,,"{""position"":[1821.463],""velocity"":[]}"
11469,33232368619019,/autodrive/roboracer_1/right_encoder,JointState,1789404283466766780,,"{""position"":[1821.476],""velocity"":[]}"
11478,33232393420512,/autodrive/roboracer_1/left_encoder,JointState,1789404283491765480,,"{""position"":[1826.993],""velocity"":[]}"
11479,33232393585963,/autodrive/roboracer_1/right_encoder,JointState,1789404283491765480,,"{""position"":[1827.01],""velocity"":[]}"
11488,33232417745000,/autodrive/roboracer_1/left_encoder,JointState,1789404283515766580,,"{""position"":[1832.305],""velocity"":[]}"
11489,33232417870936,/autodrive/roboracer_1/right_encoder,JointState,1789404283515766580,,"{""position"":[1832.318],""velocity"":[]}"
11498,33232443586887,/autodrive/roboracer_1/left_encoder,JointState,1789404283541767580,,"{""position"":[1838.044],""velocity"":[]}"
11499,33232443731539,/autodrive/roboracer_1/right_encoder,JointState,1789404283541767580,,"{""position"":[1838.057],""velocity"":[]}"
11509,33232468737636,/autodrive/roboracer_1/left_encoder,JointState,1789404283566767180,,"{""position"":[1843.562],""velocity"":[]}"
11510,33232468901725,/autodrive/roboracer_1/right_encoder,JointState,1789404283566767180,,"{""position"":[1843.575],""velocity"":[]}"
11519,33232493928832,/autodrive/roboracer_1/left_encoder,JointState,1789404283589765480,,"{""position"":[1848.637],""velocity"":[]}"
11520,33232494104522,/autodrive/roboracer_1/right_encoder,JointState,1789404283589765480,,"{""position"":[1848.651],""velocity"":[]}"
11529,33232518858676,/autodrive/roboracer_1/left_encoder,JointState,1789404283616765480,,"{""position"":[1854.597],""velocity"":[]}"
11530,33232518989993,/autodrive/roboracer_1/right_encoder,JointState,1789404283616765480,,"{""position"":[1854.61],""velocity"":[]}"
11539,33232543839787,/autodrive/roboracer_1/left_encoder,JointState,1789404283641765480,,"{""position"":[1860.104],""velocity"":[]}"
11540,33232543995339,/autodrive/roboracer_1/right_encoder,JointState,1789404283641765480,,"{""position"":[1860.121],""velocity"":[]}"
11549,33232568539689,/autodrive/roboracer_1/left_encoder,JointState,1789404283666767580,,"{""position"":[1865.615],""velocity"":[]}"
11550,33232568720899,/autodrive/roboracer_1/right_encoder,JointState,1789404283666767580,,"{""position"":[1865.628],""velocity"":[]}"
11560,33232593894602,/autodrive/roboracer_1/left_encoder,JointState,1789404283691767180,,"{""position"":[1871.123],""velocity"":[]}"
11561,33232594054572,/autodrive/roboracer_1/right_encoder,JointState,1789404283691767180,,"{""position"":[1871.136],""velocity"":[]}"
11571,33232619447707,/autodrive/roboracer_1/left_encoder,JointState,1789404283716766780,,"{""position"":[1876.63],""velocity"":[]}"
11572,33232619640910,/autodrive/roboracer_1/right_encoder,JointState,1789404283716766780,,"{""position"":[1876.643],""velocity"":[]}"
11581,33232644055887,/autodrive/roboracer_1/left_encoder,JointState,1789404283741765480,,"{""position"":[1882.128],""velocity"":[]}"
11582,33232644226037,/autodrive/roboracer_1/right_encoder,JointState,1789404283741765480,,"{""position"":[1882.141],""velocity"":[]}"
11590,33232668064020,/autodrive/roboracer_1/left_encoder,JointState,1789404283766765480,,"{""position"":[1887.626],""velocity"":[]}"
11593,33232668918175,/autodrive/roboracer_1/right_encoder,JointState,1789404283766765480,,"{""position"":[1887.639],""velocity"":[]}"
11602,33232694028838,/autodrive/roboracer_1/left_encoder,JointState,1789404283791767580,,"{""position"":[1893.127],""velocity"":[]}"
11603,33232694183649,/autodrive/roboracer_1/right_encoder,JointState,1789404283791767580,,"{""position"":[1893.14],""velocity"":[]}"
11612,33232719067968,/autodrive/roboracer_1/left_encoder,JointState,1789404283816767180,,"{""position"":[1898.625],""velocity"":[]}"
11613,33232719215585,/autodrive/roboracer_1/right_encoder,JointState,1789404283816767180,,"{""position"":[1898.638],""velocity"":[]}"
11622,33232743853802,/autodrive/roboracer_1/left_encoder,JointState,1789404283841766780,,"{""position"":[1904.113],""velocity"":[]}"
11623,33232743999776,/autodrive/roboracer_1/right_encoder,JointState,1789404283841766780,,"{""position"":[1904.126],""velocity"":[]}"
11633,33232768756125,/autodrive/roboracer_1/left_encoder,JointState,1789404283866765480,,"{""position"":[1909.601],""velocity"":[]}"
11634,33232768897671,/autodrive/roboracer_1/right_encoder,JointState,1789404283866765480,,"{""position"":[1909.617],""velocity"":[]}"
11643,33232795435214,/autodrive/roboracer_1/left_encoder,JointState,1789404283892767380,,"{""position"":[1915.311],""velocity"":[]}"
11644,33232795594574,/autodrive/roboracer_1/right_encoder,JointState,1789404283892767380,,"{""position"":[1915.324],""velocity"":[]}"
11652,33232819465078,/autodrive/roboracer_1/left_encoder,JointState,1789404283916767580,,"{""position"":[1920.567],""velocity"":[]}"
11653,33232819642902,/autodrive/roboracer_1/right_encoder,JointState,1789404283916767580,,"{""position"":[1920.58],""velocity"":[]}"
11662,33232843670342,/autodrive/roboracer_1/left_encoder,JointState,1789404283941767180,,"{""position"":[1926.042],""velocity"":[]}"
11663,33232843793413,/autodrive/roboracer_1/right_encoder,JointState,1789404283941767180,,"{""position"":[1926.055],""velocity"":[]}"
11672,33232868126627,/autodrive/roboracer_1/left_encoder,JointState,1789404283966766780,,"{""position"":[1931.517],""velocity"":[]}"
11673,33232868278933,/autodrive/roboracer_1/right_encoder,JointState,1789404283966766780,,"{""position"":[1931.53],""velocity"":[]}"
11683,33232893603779,/autodrive/roboracer_1/left_encoder,JointState,1789404283991765480,,"{""position"":[1936.992],""velocity"":[]}"
11684,33232893763409,/autodrive/roboracer_1/right_encoder,JointState,1789404283991765480,,"{""position"":[1937.005],""velocity"":[]}"
11693,33232918822466,/autodrive/roboracer_1/left_encoder,JointState,1789404284016765480,,"{""position"":[1942.457],""velocity"":[]}"
11694,33232918951388,/autodrive/roboracer_1/right_encoder,JointState,1789404284016765480,,"{""position"":[1942.47],""velocity"":[]}"
11703,33232943771496,/autodrive/roboracer_1/left_encoder,JointState,1789404284041767580,,"{""position"":[1947.922],""velocity"":[]}"
11704,33232943938961,/autodrive/roboracer_1/right_encoder,JointState,1789404284041767580,,"{""position"":[1947.935],""velocity"":[]}"
11714,33232968179941,/autodrive/roboracer_1/left_encoder,JointState,1789404284066767180,,"{""position"":[1953.387],""velocity"":[]}"
11715,33232968325565,/autodrive/roboracer_1/right_encoder,JointState,1789404284066767180,,"{""position"":[1953.4],""velocity"":[]}"
11724,33232994082613,/autodrive/roboracer_1/left_encoder,JointState,1789404284091766780,,"{""position"":[1958.849],""velocity"":[]}"
11725,33232994228427,/autodrive/roboracer_1/right_encoder,JointState,1789404284091766780,,"{""position"":[1958.865],""velocity"":[]}"
11735,33233018760584,/autodrive/roboracer_1/left_encoder,JointState,1789404284116765480,,"{""position"":[1964.314],""velocity"":[]}"
11736,33233018889957,/autodrive/roboracer_1/right_encoder,JointState,1789404284116765480,,"{""position"":[1964.33],""velocity"":[]}"
11745,33233044520448,/autodrive/roboracer_1/left_encoder,JointState,1789404284141765480,,"{""position"":[1969.772],""velocity"":[]}"
11746,33233044673836,/autodrive/roboracer_1/right_encoder,JointState,1789404284141765480,,"{""position"":[1969.785],""velocity"":[]}"
11754,33233068673443,/autodrive/roboracer_1/left_encoder,JointState,1789404284166767580,,"{""position"":[1975.227],""velocity"":[]}"
11755,33233068823294,/autodrive/roboracer_1/right_encoder,JointState,1789404284166767580,,"{""position"":[1975.24],""velocity"":[]}"
11765,33233093778116,/autodrive/roboracer_1/left_encoder,JointState,1789404284191767180,,"{""position"":[1980.682],""velocity"":[]}"
11766,33233093914712,/autodrive/roboracer_1/right_encoder,JointState,1789404284191767180,,"{""position"":[1980.696],""velocity"":[]}"
11775,33233118741463,/autodrive/roboracer_1/left_encoder,JointState,1789404284216766780,,"{""position"":[1986.138],""velocity"":[]}"
11776,33233118877739,/autodrive/roboracer_1/right_encoder,JointState,1789404284216766780,,"{""position"":[1986.151],""velocity"":[]}"
11785,33233143711272,/autodrive/roboracer_1/left_encoder,JointState,1789404284241765480,,"{""position"":[1991.583],""velocity"":[]}"
11786,33233143845825,/autodrive/roboracer_1/right_encoder,JointState,1789404284241765480,,"{""position"":[1991.596],""velocity"":[]}"
11795,33233168587466,/autodrive/roboracer_1/left_encoder,JointState,1789404284264767080,,"{""position"":[1996.594],""velocity"":[]}"
11796,33233168731957,/autodrive/roboracer_1/right_encoder,JointState,1789404284264767080,,"{""position"":[1996.607],""velocity"":[]}"
11806,33233193709772,/autodrive/roboracer_1/left_encoder,JointState,1789404284291767580,,"{""position"":[2002.474],""velocity"":[]}"
11807,33233193854464,/autodrive/roboracer_1/right_encoder,JointState,1789404284291767580,,"{""position"":[2002.487],""velocity"":[]}"
11816,33233218439751,/autodrive/roboracer_1/left_encoder,JointState,1789404284316767180,,"{""position"":[2007.92],""velocity"":[]}"
11817,33233218585675,/autodrive/roboracer_1/right_encoder,JointState,1789404284316767180,,"{""position"":[2007.933],""velocity"":[]}"
11826,33233242873714,/autodrive/roboracer_1/left_encoder,JointState,1789404284340767280,,"{""position"":[2013.136],""velocity"":[]}"
11827,33233243026571,/autodrive/roboracer_1/right_encoder,JointState,1789404284340767280,,"{""position"":[2013.152],""velocity"":[]}"
11836,33233268495448,/autodrive/roboracer_1/left_encoder,JointState,1789404284366765480,,"{""position"":[2018.787],""velocity"":[]}"
11837,33233268623528,/autodrive/roboracer_1/right_encoder,JointState,1789404284366765480,,"{""position"":[2018.804],""velocity"":[]}"
11848,33233294237297,/autodrive/roboracer_1/left_encoder,JointState,1789404284391765480,,"{""position"":[2024.22],""velocity"":[]}"
11849,33233294423607,/autodrive/roboracer_1/right_encoder,JointState,1789404284391765480,,"{""position"":[2024.24],""velocity"":[]}"
11857,33233319943550,/autodrive/roboracer_1/left_encoder,JointState,1789404284416767580,,"{""position"":[2029.656],""velocity"":[]}"
11858,33233320089995,/autodrive/roboracer_1/right_encoder,JointState,1789404284416767580,,"{""position"":[2029.675],""velocity"":[]}"
11867,33233343845113,/autodrive/roboracer_1/left_encoder,JointState,1789404284441767180,,"{""position"":[2035.088],""velocity"":[]}"
11868,33233343984445,/autodrive/roboracer_1/right_encoder,JointState,1789404284441767180,,"{""position"":[2035.111],""velocity"":[]}"
11877,33233368172416,/autodrive/roboracer_1/left_encoder,JointState,1789404284466766780,,"{""position"":[2040.51],""velocity"":[]}"
11878,33233368329481,/autodrive/roboracer_1/right_encoder,JointState,1789404284466766780,,"{""position"":[2040.533],""velocity"":[]}"
11888,33233393755587,/autodrive/roboracer_1/left_encoder,JointState,1789404284491765480,,"{""position"":[2045.933],""velocity"":[]}"
11889,33233393908645,/autodrive/roboracer_1/right_encoder,JointState,1789404284491765480,,"{""position"":[2045.956],""velocity"":[]}"
11897,33233418276413,/autodrive/roboracer_1/left_encoder,JointState,1789404284516765480,,"{""position"":[2051.355],""velocity"":[]}"
11898,33233418431174,/autodrive/roboracer_1/right_encoder,JointState,1789404284516765480,,"{""position"":[2051.375],""velocity"":[]}"
11907,33233443389872,/autodrive/roboracer_1/left_encoder,JointState,1789404284541767580,,"{""position"":[2056.775],""velocity"":[]}"
11908,33233443516651,/autodrive/roboracer_1/right_encoder,JointState,1789404284541767580,,"{""position"":[2056.798],""velocity"":[]}"
11918,33233468514743,/autodrive/roboracer_1/left_encoder,JointState,1789404284566767180,,"{""position"":[2062.187],""velocity"":[]}"
11919,33233468686846,/autodrive/roboracer_1/right_encoder,JointState,1789404284566767180,,"{""position"":[2062.21],""velocity"":[]}"
11929,33233494510119,/autodrive/roboracer_1/left_encoder,JointState,1789404284589765480,,"{""position"":[2067.168],""velocity"":[]}"
11930,33233494657135,/autodrive/roboracer_1/right_encoder,JointState,1789404284589765480,,"{""position"":[2067.191],""velocity"":[]}"
11939,33233519692548,/autodrive/roboracer_1/left_encoder,JointState,1789404284616765480,,"{""position"":[2073.013],""velocity"":[]}"
11940,33233519901019,/autodrive/roboracer_1/right_encoder,JointState,1789404284616765480,,"{""position"":[2073.036],""velocity"":[]}"
11952,33233547587261,/autodrive/roboracer_1/left_encoder,JointState,1789404284641765480,,"{""position"":[2078.425],""velocity"":[]}"
11953,33233547746029,/autodrive/roboracer_1/right_encoder,JointState,1789404284641765480,,"{""position"":[2078.448],""velocity"":[]}"
11959,33233568043783,/autodrive/roboracer_1/left_encoder,JointState,1789404284666767580,,"{""position"":[2083.838],""velocity"":[]}"
11960,33233568203563,/autodrive/roboracer_1/right_encoder,JointState,1789404284666767580,,"{""position"":[2083.858],""velocity"":[]}"
11970,33233594037245,/autodrive/roboracer_1/left_encoder,JointState,1789404284691767180,,"{""position"":[2089.234],""velocity"":[]}"
11971,33233594207866,/autodrive/roboracer_1/right_encoder,JointState,1789404284691767180,,"{""position"":[2089.257],""velocity"":[]}"
11980,33233618705699,/autodrive/roboracer_1/left_encoder,JointState,1789404284716766780,,"{""position"":[2094.634],""velocity"":[]}"
11981,33233618839500,/autodrive/roboracer_1/right_encoder,JointState,1789404284716766780,,"{""position"":[2094.654],""velocity"":[]}"
11991,33233643939364,/autodrive/roboracer_1/left_encoder,JointState,1789404284741765480,,"{""position"":[2100.027],""velocity"":[]}"
11992,33233644110245,/autodrive/roboracer_1/right_encoder,JointState,1789404284741765480,,"{""position"":[2100.047],""velocity"":[]}"
12001,33233668336968,/autodrive/roboracer_1/left_encoder,JointState,1789404284766765480,,"{""position"":[2105.417],""velocity"":[]}"
12002,33233668490527,/autodrive/roboracer_1/right_encoder,JointState,1789404284766765480,,"{""position"":[2105.44],""velocity"":[]}"
12011,33233693699225,/autodrive/roboracer_1/left_encoder,JointState,1789404284791767580,,"{""position"":[2110.797],""velocity"":[]}"
12012,33233693845450,/autodrive/roboracer_1/right_encoder,JointState,1789404284791767580,,"{""position"":[2110.817],""velocity"":[]}"
12021,33233718946896,/autodrive/roboracer_1/left_encoder,JointState,1789404284816767180,,"{""position"":[2116.17],""velocity"":[]}"
12022,33233719113008,/autodrive/roboracer_1/right_encoder,JointState,1789404284816767180,,"{""position"":[2116.19],""velocity"":[]}"
12032,33233744186412,/autodrive/roboracer_1/left_encoder,JointState,1789404284841766780,,"{""position"":[2121.541],""velocity"":[]}"
12033,33233744321716,/autodrive/roboracer_1/right_encoder,JointState,1789404284841766780,,"{""position"":[2121.563],""velocity"":[]}"
12041,33233768622379,/autodrive/roboracer_1/left_encoder,JointState,1789404284866765480,,"{""position"":[2126.911],""velocity"":[]}"
12042,33233768755930,/autodrive/roboracer_1/right_encoder,JointState,1789404284866765480,,"{""position"":[2126.93],""velocity"":[]}"
12053,33233793996598,/autodrive/roboracer_1/left_encoder,JointState,1789404284891765480,,"{""position"":[2132.268],""velocity"":[]}"
12054,33233794165996,/autodrive/roboracer_1/right_encoder,JointState,1789404284891765480,,"{""position"":[2132.291],""velocity"":[]}"
12062,33233818640395,/autodrive/roboracer_1/left_encoder,JointState,1789404284916767580,,"{""position"":[2137.576],""velocity"":[]}"
12063,33233818848636,/autodrive/roboracer_1/right_encoder,JointState,1789404284916767580,,"{""position"":[2137.599],""velocity"":[]}"
12072,33233844820638,/autodrive/roboracer_1/left_encoder,JointState,1789404284941767180,,"{""position"":[2142.884],""velocity"":[]}"
12073,33233844942126,/autodrive/roboracer_1/right_encoder,JointState,1789404284941767180,,"{""position"":[2142.907],""velocity"":[]}"
12084,33233868630559,/autodrive/roboracer_1/left_encoder,JointState,1789404284966766780,,"{""position"":[2148.195],""velocity"":[]}"
12085,33233868770512,/autodrive/roboracer_1/right_encoder,JointState,1789404284966766780,,"{""position"":[2148.218],""velocity"":[]}"
12094,33233893064893,/autodrive/roboracer_1/left_encoder,JointState,1789404284990766980,,"{""position"":[2153.293],""velocity"":[]}"
12095,33233893226065,/autodrive/roboracer_1/right_encoder,JointState,1789404284990766980,,"{""position"":[2153.316],""velocity"":[]}"
12103,33233918828182,/autodrive/roboracer_1/left_encoder,JointState,1789404285016765480,,"{""position"":[2158.824],""velocity"":[]}"
12104,33233918953167,/autodrive/roboracer_1/right_encoder,JointState,1789404285016765480,,"{""position"":[2158.847],""velocity"":[]}"
12113,33233943687033,/autodrive/roboracer_1/left_encoder,JointState,1789404285041767580,,"{""position"":[2164.145],""velocity"":[]}"
12114,33233943835683,/autodrive/roboracer_1/right_encoder,JointState,1789404285041767580,,"{""position"":[2164.168],""velocity"":[]}"
12122,33233968440917,/autodrive/roboracer_1/left_encoder,JointState,1789404285066767180,,"{""position"":[2169.466],""velocity"":[]}"
12123,33233968588204,/autodrive/roboracer_1/right_encoder,JointState,1789404285066767180,,"{""position"":[2169.489],""velocity"":[]}"
12135,33233994647520,/autodrive/roboracer_1/left_encoder,JointState,1789404285091766780,,"{""position"":[2174.791],""velocity"":[]}"
12136,33233994798073,/autodrive/roboracer_1/right_encoder,JointState,1789404285091766780,,"{""position"":[2174.813],""velocity"":[]}"
12144,33234018633521,/autodrive/roboracer_1/left_encoder,JointState,1789404285116765480,,"{""position"":[2180.118],""velocity"":[]}"
12145,33234018785547,/autodrive/roboracer_1/right_encoder,JointState,1789404285116765480,,"{""position"":[2180.141],""velocity"":[]}"
12155,33234043684022,/autodrive/roboracer_1/left_encoder,JointState,1789404285141765480,,"{""position"":[2185.446],""velocity"":[]}"
12156,33234043818435,/autodrive/roboracer_1/right_encoder,JointState,1789404285141765480,,"{""position"":[2185.469],""velocity"":[]}"
12164,33234068264451,/autodrive/roboracer_1/left_encoder,JointState,1789404285166767580,,"{""position"":[2190.777],""velocity"":[]}"
12165,33234068415474,/autodrive/roboracer_1/right_encoder,JointState,1789404285166767580,,"{""position"":[2190.8],""velocity"":[]}"
12176,33234093924236,/autodrive/roboracer_1/left_encoder,JointState,1789404285191767180,,"{""position"":[2196.108],""velocity"":[]}"
12177,33234094068547,/autodrive/roboracer_1/right_encoder,JointState,1789404285191767180,,"{""position"":[2196.13],""velocity"":[]}"
12185,33234119021284,/autodrive/roboracer_1/left_encoder,JointState,1789404285216766780,,"{""position"":[2201.442],""velocity"":[]}"
12186,33234119193818,/autodrive/roboracer_1/right_encoder,JointState,1789404285216766780,,"{""position"":[2201.465],""velocity"":[]}"
12195,33234143794825,/autodrive/roboracer_1/left_encoder,JointState,1789404285241765480,,"{""position"":[2206.776],""velocity"":[]}"
12196,33234143951389,/autodrive/roboracer_1/right_encoder,JointState,1789404285241765480,,"{""position"":[2206.799],""velocity"":[]}"
12205,33234168466635,/autodrive/roboracer_1/left_encoder,JointState,1789404285266765480,,"{""position"":[2212.113],""velocity"":[]}"
12206,33234168622798,/autodrive/roboracer_1/right_encoder,JointState,1789404285266765480,,"{""position"":[2212.136],""velocity"":[]}"
12217,33234193929761,/autodrive/roboracer_1/left_encoder,JointState,1789404285291767580,,"{""position"":[2217.448],""velocity"":[]}"
12218,33234194076016,/autodrive/roboracer_1/right_encoder,JointState,1789404285291767580,,"{""position"":[2217.47],""velocity"":[]}"
12226,33234219425017,/autodrive/roboracer_1/left_encoder,JointState,1789404285316767180,,"{""position"":[2222.781],""velocity"":[]}"
12227,33234219574779,/autodrive/roboracer_1/right_encoder,JointState,1789404285316767180,,"{""position"":[2222.804],""velocity"":[]}"
12236,33234243736320,/autodrive/roboracer_1/left_encoder,JointState,1789404285341766780,,"{""position"":[2228.119],""velocity"":[]}"
12237,33234243880641,/autodrive/roboracer_1/right_encoder,JointState,1789404285341766780,,"{""position"":[2228.142],""velocity"":[]}"
12245,33234267336727,/autodrive/roboracer_1/left_encoder,JointState,1789404285365766980,,"{""position"":[2233.244],""velocity"":[]}"
12246,33234267493572,/autodrive/roboracer_1/right_encoder,JointState,1789404285365766980,,"{""position"":[2233.267],""velocity"":[]}"
12258,33234293648036,/autodrive/roboracer_1/left_encoder,JointState,1789404285391765480,,"{""position"":[2238.797],""velocity"":[]}"
12259,33234293806063,/autodrive/roboracer_1/right_encoder,JointState,1789404285391765480,,"{""position"":[2238.82],""velocity"":[]}"
12267,33234318497961,/autodrive/roboracer_1/left_encoder,JointState,1789404285416767580,,"{""position"":[2244.138],""velocity"":[]}"
12268,33234318644516,/autodrive/roboracer_1/right_encoder,JointState,1789404285416767580,,"{""position"":[2244.161],""velocity"":[]}"
12278,33234344039464,/autodrive/roboracer_1/left_encoder,JointState,1789404285441767180,,"{""position"":[2249.479],""velocity"":[]}"
12279,33234344193373,/autodrive/roboracer_1/right_encoder,JointState,1789404285441767180,,"{""position"":[2249.501],""velocity"":[]}"
12289,33234368739567,/autodrive/roboracer_1/left_encoder,JointState,1789404285466766780,,"{""position"":[2254.819],""velocity"":[]}"
12290,33234368895750,/autodrive/roboracer_1/right_encoder,JointState,1789404285466766780,,"{""position"":[2254.842],""velocity"":[]}"
12298,33234393768257,/autodrive/roboracer_1/left_encoder,JointState,1789404285491765480,,"{""position"":[2260.16],""velocity"":[]}"
12299,33234393906136,/autodrive/roboracer_1/right_encoder,JointState,1789404285491765480,,"{""position"":[2260.183],""velocity"":[]}"
12308,33234418861879,/autodrive/roboracer_1/left_encoder,JointState,1789404285516765480,,"{""position"":[2265.497],""velocity"":[]}"
12309,33234418986222,/autodrive/roboracer_1/right_encoder,JointState,1789404285516765480,,"{""position"":[2265.524],""velocity"":[]}"
12317,33234443933510,/autodrive/roboracer_1/left_encoder,JointState,1789404285541767580,,"{""position"":[2270.838],""velocity"":[]}"
12318,33234444123136,/autodrive/roboracer_1/right_encoder,JointState,1789404285541767580,,"{""position"":[2270.861],""velocity"":[]}"
12328,33234468506965,/autodrive/roboracer_1/left_encoder,JointState,1789404285566767180,,"{""position"":[2276.179],""velocity"":[]}"
12331,33234469477247,/autodrive/roboracer_1/right_encoder,JointState,1789404285566767180,,"{""position"":[2276.202],""velocity"":[]}"
12338,33234493367198,/autodrive/roboracer_1/left_encoder,JointState,1789404285591766780,,"{""position"":[2281.52],""velocity"":[]}"
12339,33234493532469,/autodrive/roboracer_1/right_encoder,JointState,1789404285591766780,,"{""position"":[2281.542],""velocity"":[]}"
12350,33234518883654,/autodrive/roboracer_1/left_encoder,JointState,1789404285616765480,,"{""position"":[2286.86],""velocity"":[]}"
12351,33234519057571,/autodrive/roboracer_1/right_encoder,JointState,1789404285616765480,,"{""position"":[2286.883],""velocity"":[]}"
12360,33234543862561,/autodrive/roboracer_1/left_encoder,JointState,1789404285641765480,,"{""position"":[2292.201],""velocity"":[]}"
12361,33234544031869,/autodrive/roboracer_1/right_encoder,JointState,1789404285641765480,,"{""position"":[2292.224],""velocity"":[]}"
12369,33234568344544,/autodrive/roboracer_1/left_encoder,JointState,1789404285666767580,,"{""position"":[2297.538],""velocity"":[]}"
12370,33234568476833,/autodrive/roboracer_1/right_encoder,JointState,1789404285666767580,,"{""position"":[2297.565],""velocity"":[]}"
12381,33234593588809,/autodrive/roboracer_1/left_encoder,JointState,1789404285691767180,,"{""position"":[2302.879],""velocity"":[]}"
12382,33234593741476,/autodrive/roboracer_1/right_encoder,JointState,1789404285691767180,,"{""position"":[2302.902],""velocity"":[]}"
12391,33234618177463,/autodrive/roboracer_1/left_encoder,JointState,1789404285715767280,,"{""position"":[2308.007],""velocity"":[]}"
12392,33234618333546,/autodrive/roboracer_1/right_encoder,JointState,1789404285715767280,,"{""position"":[2308.03],""velocity"":[]}"
12400,33234643590124,/autodrive/roboracer_1/left_encoder,JointState,1789404285741765480,,"{""position"":[2313.56],""velocity"":[]}"
12401,33234643769361,/autodrive/roboracer_1/right_encoder,JointState,1789404285741765480,,"{""position"":[2313.583],""velocity"":[]}"
12412,33234669039123,/autodrive/roboracer_1/left_encoder,JointState,1789404285766765480,,"{""position"":[2318.901],""velocity"":[]}"
12413,33234669183805,/autodrive/roboracer_1/right_encoder,JointState,1789404285766765480,,"{""position"":[2318.924],""velocity"":[]}"
12422,33234694358149,/autodrive/roboracer_1/left_encoder,JointState,1789404285791767580,,"{""position"":[2324.242],""velocity"":[]}"
12423,33234694521405,/autodrive/roboracer_1/right_encoder,JointState,1789404285791767580,,"{""position"":[2324.265],""velocity"":[]}"
12431,33234718779738,/autodrive/roboracer_1/left_encoder,JointState,1789404285816767180,,"{""position"":[2329.579],""velocity"":[]}"
12432,33234718906577,/autodrive/roboracer_1/right_encoder,JointState,1789404285816767180,,"{""position"":[2329.605],""velocity"":[]}"
12442,33234744060061,/autodrive/roboracer_1/left_encoder,JointState,1789404285841766780,,"{""position"":[2334.92],""velocity"":[]}"
12443,33234744199653,/autodrive/roboracer_1/right_encoder,JointState,1789404285841766780,,"{""position"":[2334.943],""velocity"":[]}"
12451,33234768140660,/autodrive/roboracer_1/left_encoder,JointState,1789404285866765480,,"{""position"":[2340.261],""velocity"":[]}"
12452,33234768298627,/autodrive/roboracer_1/right_encoder,JointState,1789404285866765480,,"{""position"":[2340.284],""velocity"":[]}"
12462,33234793585612,/autodrive/roboracer_1/left_encoder,JointState,1789404285891765480,,"{""position"":[2345.602],""velocity"":[]}"
12463,33234793722119,/autodrive/roboracer_1/right_encoder,JointState,1789404285891765480,,"{""position"":[2345.625],""velocity"":[]}"
12473,33234818577002,/autodrive/roboracer_1/left_encoder,JointState,1789404285916767580,,"{""position"":[2350.942],""velocity"":[]}"
12474,33234818731713,/autodrive/roboracer_1/right_encoder,JointState,1789404285916767580,,"{""position"":[2350.965],""velocity"":[]}"
12483,33234843770652,/autodrive/roboracer_1/left_encoder,JointState,1789404285941767180,,"{""position"":[2356.283],""velocity"":[]}"
12484,33234843922147,/autodrive/roboracer_1/right_encoder,JointState,1789404285941767180,,"{""position"":[2356.306],""velocity"":[]}"
12493,33234867993028,/autodrive/roboracer_1/left_encoder,JointState,1789404285965767280,,"{""position"":[2361.407],""velocity"":[]}"
12494,33234868159621,/autodrive/roboracer_1/right_encoder,JointState,1789404285965767280,,"{""position"":[2361.43],""velocity"":[]}"
12504,33234894137393,/autodrive/roboracer_1/left_encoder,JointState,1789404285991765480,,"{""position"":[2366.961],""velocity"":[]}"
12505,33234894289409,/autodrive/roboracer_1/right_encoder,JointState,1789404285991765480,,"{""position"":[2366.984],""velocity"":[]}"
12514,33234919548071,/autodrive/roboracer_1/left_encoder,JointState,1789404286016765480,,"{""position"":[2372.302],""velocity"":[]}"
12515,33234919717900,/autodrive/roboracer_1/right_encoder,JointState,1789404286016765480,,"{""position"":[2372.325],""velocity"":[]}"
12523,33234942849006,/autodrive/roboracer_1/left_encoder,JointState,1789404286040765480,,"{""position"":[2377.43],""velocity"":[]}"
12524,33234942984601,/autodrive/roboracer_1/right_encoder,JointState,1789404286040765480,,"{""position"":[2377.453],""velocity"":[]}"
12533,33234968524651,/autodrive/roboracer_1/left_encoder,JointState,1789404286066767180,,"{""position"":[2382.983],""velocity"":[]}"
12536,33234969333380,/autodrive/roboracer_1/right_encoder,JointState,1789404286066767180,,"{""position"":[2383.006],""velocity"":[]}"
12543,33234992626060,/autodrive/roboracer_1/left_encoder,JointState,1789404286090767280,,"{""position"":[2388.108],""velocity"":[]}"
12544,33234992788304,/autodrive/roboracer_1/right_encoder,JointState,1789404286090767280,,"{""position"":[2388.134],""velocity"":[]}"
12555,33235019458077,/autodrive/roboracer_1/left_encoder,JointState,1789404286116765480,,"{""position"":[2393.661],""velocity"":[]}"
12556,33235019664785,/autodrive/roboracer_1/right_encoder,JointState,1789404286116765480,,"{""position"":[2393.688],""velocity"":[]}"
12565,33235043882331,/autodrive/roboracer_1/left_encoder,JointState,1789404286141765480,,"{""position"":[2399.002],""velocity"":[]}"
12566,33235044027123,/autodrive/roboracer_1/right_encoder,JointState,1789404286141765480,,"{""position"":[2399.025],""velocity"":[]}"
12574,33235068160422,/autodrive/roboracer_1/left_encoder,JointState,1789404286166767580,,"{""position"":[2404.343],""velocity"":[]}"
12575,33235068320172,/autodrive/roboracer_1/right_encoder,JointState,1789404286166767580,,"{""position"":[2404.366],""velocity"":[]}"
12585,33235095067420,/autodrive/roboracer_1/left_encoder,JointState,1789404286191767180,,"{""position"":[2409.683],""velocity"":[]}"
12586,33235095244452,/autodrive/roboracer_1/right_encoder,JointState,1789404286191767180,,"{""position"":[2409.706],""velocity"":[]}"
12596,33235118878483,/autodrive/roboracer_1/left_encoder,JointState,1789404286216766780,,"{""position"":[2415.024],""velocity"":[]}"
12597,33235119034426,/autodrive/roboracer_1/right_encoder,JointState,1789404286216766780,,"{""position"":[2415.047],""velocity"":[]}"
12605,33235145122656,/autodrive/roboracer_1/left_encoder,JointState,1789404286242767780,,"{""position"":[2420.578],""velocity"":[]}"
12606,33235145286153,/autodrive/roboracer_1/right_encoder,JointState,1789404286242767780,,"{""position"":[2420.601],""velocity"":[]}"
12616,33235168203207,/autodrive/roboracer_1/left_encoder,JointState,1789404286265766580,,"{""position"":[2425.49],""velocity"":[]}"
12617,33235168364770,/autodrive/roboracer_1/right_encoder,JointState,1789404286265766580,,"{""position"":[2425.512],""velocity"":[]}"
12626,33235193586262,/autodrive/roboracer_1/left_encoder,JointState,1789404286291767580,,"{""position"":[2431.043],""velocity"":[]}"
12627,33235193739821,/autodrive/roboracer_1/right_encoder,JointState,1789404286291767580,,"{""position"":[2431.069],""velocity"":[]}"
12636,33235218460142,/autodrive/roboracer_1/left_encoder,JointState,1789404286316767180,,"{""position"":[2436.384],""velocity"":[]}"
12637,33235218595807,/autodrive/roboracer_1/right_encoder,JointState,1789404286316767180,,"{""position"":[2436.406],""velocity"":[]}"
12646,33235243881409,/autodrive/roboracer_1/left_encoder,JointState,1789404286341766780,,"{""position"":[2441.724],""velocity"":[]}"
12647,33235244042622,/autodrive/roboracer_1/right_encoder,JointState,1789404286341766780,,"{""position"":[2441.747],""velocity"":[]}"
12658,33235269223959,/autodrive/roboracer_1/left_encoder,JointState,1789404286366765480,,"{""position"":[2447.065],""velocity"":[]}"
12659,33235269362369,/autodrive/roboracer_1/right_encoder,JointState,1789404286366765480,,"{""position"":[2447.088],""velocity"":[]}"
12667,33235292858630,/autodrive/roboracer_1/left_encoder,JointState,1789404286390766580,,"{""position"":[2452.19],""velocity"":[]}"
12668,33235292979838,/autodrive/roboracer_1/right_encoder,JointState,1789404286390766580,,"{""position"":[2452.216],""velocity"":[]}"
12676,33235318713863,/autodrive/roboracer_1/left_encoder,JointState,1789404286416767580,,"{""position"":[2457.743],""velocity"":[]}"
12677,33235318857052,/autodrive/roboracer_1/right_encoder,JointState,1789404286416767580,,"{""position"":[2457.77],""velocity"":[]}"
12684,33235344317723,/autodrive/roboracer_1/left_encoder,JointState,1789404286441767180,,"{""position"":[2457.959],""velocity"":[]}"
12685,33235344547154,/autodrive/roboracer_1/right_encoder,JointState,1789404286441767180,,"{""position"":[2457.982],""velocity"":[]}"
12694,33235369887159,/autodrive/roboracer_1/left_encoder,JointState,1789404286466766780,,"{""position"":[2457.959],""velocity"":[]}"
12695,33235370041890,/autodrive/roboracer_1/right_encoder,JointState,1789404286466766780,,"{""position"":[2457.982],""velocity"":[]}"
12703,33235394397235,/autodrive/roboracer_1/left_encoder,JointState,1789404286491765480,,"{""position"":[2457.959],""velocity"":[]}"
12704,33235394570631,/autodrive/roboracer_1/right_encoder,JointState,1789404286491765480,,"{""position"":[2457.982],""velocity"":[]}"
12712,33235419098180,/autodrive/roboracer_1/left_encoder,JointState,1789404286516767880,,"{""position"":[2457.959],""velocity"":[]}"
12713,33235419269461,/autodrive/roboracer_1/right_encoder,JointState,1789404286516767880,,"{""position"":[2457.982],""velocity"":[]}"
12720,33235444149733,/autodrive/roboracer_1/left_encoder,JointState,1789404286541767580,,"{""position"":[2457.959],""velocity"":[]}"
12721,33235444294164,/autodrive/roboracer_1/right_encoder,JointState,1789404286541767580,,"{""position"":[2457.982],""velocity"":[]}"
12729,33235469499716,/autodrive/roboracer_1/left_encoder,JointState,1789404286565767680,,"{""position"":[2457.959],""velocity"":[]}"
12730,33235469678943,/autodrive/roboracer_1/right_encoder,JointState,1789404286565767680,,"{""position"":[2457.982],""velocity"":[]}"
12739,33235493789899,/autodrive/roboracer_1/left_encoder,JointState,1789404286591766780,,"{""position"":[2457.959],""velocity"":[]}"
12740,33235493915705,/autodrive/roboracer_1/right_encoder,JointState,1789404286591766780,,"{""position"":[2457.982],""velocity"":[]}"
12748,33235518861580,/autodrive/roboracer_1/left_encoder,JointState,1789404286616765480,,"{""position"":[2457.959],""velocity"":[]}"
12749,33235519035997,/autodrive/roboracer_1/right_encoder,JointState,1789404286616765480,,"{""position"":[2457.982],""velocity"":[]}"
12757,33235544050832,/autodrive/roboracer_1/left_encoder,JointState,1789404286641767880,,"{""position"":[2457.959],""velocity"":[]}"
12758,33235544200533,/autodrive/roboracer_1/right_encoder,JointState,1789404286641767880,,"{""position"":[2457.982],""velocity"":[]}"
12766,33235569616761,/autodrive/roboracer_1/left_encoder,JointState,1789404286666767580,,"{""position"":[2457.959],""velocity"":[]}"
12767,33235569756463,/autodrive/roboracer_1/right_encoder,JointState,1789404286666767580,,"{""position"":[2457.982],""velocity"":[]}"
12775,33235593891234,/autodrive/roboracer_1/left_encoder,JointState,1789404286691767180,,"{""position"":[2457.959],""velocity"":[]}"
12776,33235594053990,/autodrive/roboracer_1/right_encoder,JointState,1789404286691767180,,"{""position"":[2457.982],""velocity"":[]}"
12784,33235618767799,/autodrive/roboracer_1/left_encoder,JointState,1789404286716766780,,"{""position"":[2457.959],""velocity"":[]}"
12785,33235618905367,/autodrive/roboracer_1/right_encoder,JointState,1789404286716766780,,"{""position"":[2457.982],""velocity"":[]}"
12793,33235644414279,/autodrive/roboracer_1/left_encoder,JointState,1789404286741765480,,"{""position"":[2457.959],""velocity"":[]}"
12794,33235644562698,/autodrive/roboracer_1/right_encoder,JointState,1789404286741765480,,"{""position"":[2457.982],""velocity"":[]}"
12801,33235670974816,/autodrive/roboracer_1/left_encoder,JointState,1789404286766767880,,"{""position"":[2457.959],""velocity"":[]}"
12802,33235671163330,/autodrive/roboracer_1/right_encoder,JointState,1789404286766767880,,"{""position"":[2457.982],""velocity"":[]}"
12811,33235693963164,/autodrive/roboracer_1/left_encoder,JointState,1789404286791767580,,"{""position"":[2457.959],""velocity"":[]}"
12812,33235694123395,/autodrive/roboracer_1/right_encoder,JointState,1789404286791767580,,"{""position"":[2457.982],""velocity"":[]}"
12819,33235718900973,/autodrive/roboracer_1/left_encoder,JointState,1789404286816767180,,"{""position"":[2457.959],""velocity"":[]}"
12820,33235719042048,/autodrive/roboracer_1/right_encoder,JointState,1789404286816767180,,"{""position"":[2457.982],""velocity"":[]}"
12829,33235743956213,/autodrive/roboracer_1/left_encoder,JointState,1789404286841766780,,"{""position"":[2457.959],""velocity"":[]}"
12830,33235744124950,/autodrive/roboracer_1/right_encoder,JointState,1789404286841766780,,"{""position"":[2457.982],""velocity"":[]}"
12837,33235769703633,/autodrive/roboracer_1/left_encoder,JointState,1789404286866765480,,"{""position"":[2457.959],""velocity"":[]}"
12838,33235769850930,/autodrive/roboracer_1/right_encoder,JointState,1789404286866765480,,"{""position"":[2457.982],""velocity"":[]}"
12847,33235793885463,/autodrive/roboracer_1/left_encoder,JointState,1789404286891767880,,"{""position"":[2457.959],""velocity"":[]}"
12848,33235794069388,/autodrive/roboracer_1/right_encoder,JointState,1789404286891767880,,"{""position"":[2457.982],""velocity"":[]}"
12856,33235819430382,/autodrive/roboracer_1/left_encoder,JointState,1789404286916767580,,"{""position"":[2457.959],""velocity"":[]}"
12857,33235819557982,/autodrive/roboracer_1/right_encoder,JointState,1789404286916767580,,"{""position"":[2457.982],""velocity"":[]}"
12864,33235845070401,/autodrive/roboracer_1/left_encoder,JointState,1789404286941767180,,"{""position"":[2457.959],""velocity"":[]}"
12865,33235845218028,/autodrive/roboracer_1/right_encoder,JointState,1789404286941767180,,"{""position"":[2457.982],""velocity"":[]}"
12873,33235870412580,/autodrive/roboracer_1/left_encoder,JointState,1789404286964767880,,"{""position"":[2457.959],""velocity"":[]}"
12874,33235870531062,/autodrive/roboracer_1/right_encoder,JointState,1789404286964767880,,"{""position"":[2457.982],""velocity"":[]}"
12883,33235894707381,/autodrive/roboracer_1/left_encoder,JointState,1789404286991765480,,"{""position"":[2457.959],""velocity"":[]}"
12884,33235894909571,/autodrive/roboracer_1/right_encoder,JointState,1789404286991765480,,"{""position"":[2457.982],""velocity"":[]}"
12892,33235918895573,/autodrive/roboracer_1/left_encoder,JointState,1789404287016767880,,"{""position"":[2457.959],""velocity"":[]}"
12893,33235919045524,/autodrive/roboracer_1/right_encoder,JointState,1789404287016767880,,"{""position"":[2457.982],""velocity"":[]}"
12901,33235944109451,/autodrive/roboracer_1/left_encoder,JointState,1789404287041767580,,"{""position"":[2457.959],""velocity"":[]}"
12902,33235944249834,/autodrive/roboracer_1/right_encoder,JointState,1789404287041767580,,"{""position"":[2457.982],""velocity"":[]}"
12910,33235970823336,/autodrive/roboracer_1/left_encoder,JointState,1789404287066767180,,"{""position"":[2457.959],""velocity"":[]}"
12911,33235970963689,/autodrive/roboracer_1/right_encoder,JointState,1789404287066767180,,"{""position"":[2457.982],""velocity"":[]}"
12918,33235994343222,/autodrive/roboracer_1/left_encoder,JointState,1789404287091768680,,"{""position"":[2457.959],""velocity"":[]}"
12919,33235994492953,/autodrive/roboracer_1/right_encoder,JointState,1789404287091768680,,"{""position"":[2457.982],""velocity"":[]}"
12927,33236019096325,/autodrive/roboracer_1/left_encoder,JointState,1789404287116765480,,"{""position"":[2457.959],""velocity"":[]}"
12928,33236019268127,/autodrive/roboracer_1/right_encoder,JointState,1789404287116765480,,"{""position"":[2457.982],""velocity"":[]}"
12936,33236043841302,/autodrive/roboracer_1/left_encoder,JointState,1789404287141767880,,"{""position"":[2457.959],""velocity"":[]}"
12937,33236044021520,/autodrive/roboracer_1/right_encoder,JointState,1789404287141767880,,"{""position"":[2457.982],""velocity"":[]}"
12946,33236070649815,/autodrive/roboracer_1/left_encoder,JointState,1789404287166765480,,"{""position"":[2457.959],""velocity"":[]}"
12947,33236070821517,/autodrive/roboracer_1/right_encoder,JointState,1789404287166765480,,"{""position"":[2457.982],""velocity"":[]}"
12954,33236094420712,/autodrive/roboracer_1/left_encoder,JointState,1789404287191765480,,"{""position"":[2457.959],""velocity"":[]}"
12955,33236094605349,/autodrive/roboracer_1/right_encoder,JointState,1789404287191765480,,"{""position"":[2457.982],""velocity"":[]}"
12963,33236119599725,/autodrive/roboracer_1/left_encoder,JointState,1789404287216768680,,"{""position"":[2457.959],""velocity"":[]}"
12964,33236119754606,/autodrive/roboracer_1/right_encoder,JointState,1789404287216768680,,"{""position"":[2457.982],""velocity"":[]}"
12973,33236143680895,/autodrive/roboracer_1/left_encoder,JointState,1789404287241765480,,"{""position"":[2457.959],""velocity"":[]}"
12974,33236143815879,/autodrive/roboracer_1/right_encoder,JointState,1789404287241765480,,"{""position"":[2457.982],""velocity"":[]}"
12982,33236170283592,/autodrive/roboracer_1/left_encoder,JointState,1789404287266767880,,"{""position"":[2457.959],""velocity"":[]}"
12983,33236170488977,/autodrive/roboracer_1/right_encoder,JointState,1789404287266767880,,"{""position"":[2457.982],""velocity"":[]}"
12991,33236194351477,/autodrive/roboracer_1/left_encoder,JointState,1789404287291765480,,"{""position"":[2457.959],""velocity"":[]}"
12992,33236194511047,/autodrive/roboracer_1/right_encoder,JointState,1789404287291765480,,"{""position"":[2457.982],""velocity"":[]}"
12999,33236218571809,/autodrive/roboracer_1/left_encoder,JointState,1789404287316765480,,"{""position"":[2457.959],""velocity"":[]}"
13000,33236218711732,/autodrive/roboracer_1/right_encoder,JointState,1789404287316765480,,"{""position"":[2457.982],""velocity"":[]}"
13008,33236243670831,/autodrive/roboracer_1/left_encoder,JointState,1789404287341768680,,"{""position"":[2457.959],""velocity"":[]}"
13009,33236243814742,/autodrive/roboracer_1/right_encoder,JointState,1789404287341768680,,"{""position"":[2457.982],""velocity"":[]}"
13018,33236269643885,/autodrive/roboracer_1/left_encoder,JointState,1789404287366765480,,"{""position"":[2457.959],""velocity"":[]}"
13019,33236269793656,/autodrive/roboracer_1/right_encoder,JointState,1789404287366765480,,"{""position"":[2457.982],""velocity"":[]}"
13027,33236292815547,/autodrive/roboracer_1/left_encoder,JointState,1789404287390768480,,"{""position"":[2457.959],""velocity"":[]}"
13028,33236292950841,/autodrive/roboracer_1/right_encoder,JointState,1789404287390768480,,"{""position"":[2457.982],""velocity"":[]}"
13035,33236318790825,/autodrive/roboracer_1/left_encoder,JointState,1789404287416765480,,"{""position"":[2457.959],""velocity"":[]}"
13036,33236318925578,/autodrive/roboracer_1/right_encoder,JointState,1789404287416765480,,"{""position"":[2457.982],""velocity"":[]}"
13045,33236344236148,/autodrive/roboracer_1/left_encoder,JointState,1789404287441765480,,"{""position"":[2457.959],""velocity"":[]}"
13046,33236344367945,/autodrive/roboracer_1/right_encoder,JointState,1789404287441765480,,"{""position"":[2457.982],""velocity"":[]}"
13054,33236370156883,/autodrive/roboracer_1/left_encoder,JointState,1789404287466768680,,"{""position"":[2457.959],""velocity"":[]}"
13055,33236370318306,/autodrive/roboracer_1/right_encoder,JointState,1789404287466768680,,"{""position"":[2457.982],""velocity"":[]}"
13063,33236393637546,/autodrive/roboracer_1/left_encoder,JointState,1789404287491765480,,"{""position"":[2457.959],""velocity"":[]}"
13064,33236393821642,/autodrive/roboracer_1/right_encoder,JointState,1789404287491765480,,"{""position"":[2457.982],""velocity"":[]}"
13072,33236418938558,/autodrive/roboracer_1/left_encoder,JointState,1789404287516767880,,"{""position"":[2457.959],""velocity"":[]}"
13073,33236419116462,/autodrive/roboracer_1/right_encoder,JointState,1789404287516767880,,"{""position"":[2457.982],""velocity"":[]}"
13080,33236443527141,/autodrive/roboracer_1/left_encoder,JointState,1789404287541765480,,"{""position"":[2457.959],""velocity"":[]}"
13081,33236443685358,/autodrive/roboracer_1/right_encoder,JointState,1789404287541765480,,"{""position"":[2457.982],""velocity"":[]}"
13089,33236469580996,/autodrive/roboracer_1/left_encoder,JointState,1789404287566765480,,"{""position"":[2457.959],""velocity"":[]}"
13090,33236469746698,/autodrive/roboracer_1/right_encoder,JointState,1789404287566765480,,"{""position"":[2457.982],""velocity"":[]}"
13098,33236492611584,/autodrive/roboracer_1/left_encoder,JointState,1789404287590765480,,"{""position"":[2457.959],""velocity"":[]}"
13099,33236492764411,/autodrive/roboracer_1/right_encoder,JointState,1789404287590765480,,"{""position"":[2457.982],""velocity"":[]}"
13108,33236517851180,/autodrive/roboracer_1/left_encoder,JointState,1789404287615765480,,"{""position"":[2457.959],""velocity"":[]}"
13109,33236517998006,/autodrive/roboracer_1/right_encoder,JointState,1789404287615765480,,"{""position"":[2457.982],""velocity"":[]}"
13117,33236543992660,/autodrive/roboracer_1/left_encoder,JointState,1789404287641767880,,"{""position"":[2457.959],""velocity"":[]}"
13118,33236544152601,/autodrive/roboracer_1/right_encoder,JointState,1789404287641767880,,"{""position"":[2457.982],""velocity"":[]}"
13126,33236571556131,/autodrive/roboracer_1/left_encoder,JointState,1789404287666765480,,"{""position"":[2457.959],""velocity"":[]}"
13127,33236571732242,/autodrive/roboracer_1/right_encoder,JointState,1789404287666765480,,"{""position"":[2457.982],""velocity"":[]}"
13134,33236593963227,/autodrive/roboracer_1/left_encoder,JointState,1789404287691765480,,"{""position"":[2457.959],""velocity"":[]}"
13135,33236594194952,/autodrive/roboracer_1/right_encoder,JointState,1789404287691765480,,"{""position"":[2457.982],""velocity"":[]}"
13143,33236618580354,/autodrive/roboracer_1/left_encoder,JointState,1789404287716768680,,"{""position"":[2457.959],""velocity"":[]}"
13144,33236618760994,/autodrive/roboracer_1/right_encoder,JointState,1789404287716768680,,"{""position"":[2457.982],""velocity"":[]}"
13152,33236643735903,/autodrive/roboracer_1/left_encoder,JointState,1789404287741765480,,"{""position"":[2457.959],""velocity"":[]}"
13153,33236643892306,/autodrive/roboracer_1/right_encoder,JointState,1789404287741765480,,"{""position"":[2457.982],""velocity"":[]}"
13162,33236670777704,/autodrive/roboracer_1/left_encoder,JointState,1789404287766767880,,"{""position"":[2457.959],""velocity"":[]}"
13163,33236670949667,/autodrive/roboracer_1/right_encoder,JointState,1789404287766767880,,"{""position"":[2457.982],""velocity"":[]}"
13171,33236694038884,/autodrive/roboracer_1/left_encoder,JointState,1789404287791765480,,"{""position"":[2457.959],""velocity"":[]}"
13172,33236694192463,/autodrive/roboracer_1/right_encoder,JointState,1789404287791765480,,"{""position"":[2457.982],""velocity"":[]}"
13179,33236718753484,/autodrive/roboracer_1/left_encoder,JointState,1789404287816765480,,"{""position"":[2457.959],""velocity"":[]}"
13180,33236718882897,/autodrive/roboracer_1/right_encoder,JointState,1789404287816765480,,"{""position"":[2457.982],""velocity"":[]}"
13189,33236744287443,/autodrive/roboracer_1/left_encoder,JointState,1789404287841768680,,"{""position"":[2457.959],""velocity"":[]}"
13190,33236744429680,/autodrive/roboracer_1/right_encoder,JointState,1789404287841768680,,"{""position"":[2457.982],""velocity"":[]}"
13197,33236770428322,/autodrive/roboracer_1/left_encoder,JointState,1789404287866765480,,"{""position"":[2457.959],""velocity"":[]}"
13198,33236770578565,/autodrive/roboracer_1/right_encoder,JointState,1789404287866765480,,"{""position"":[2457.982],""velocity"":[]}"
13207,33236794208517,/autodrive/roboracer_1/left_encoder,JointState,1789404287891767880,,"{""position"":[2457.959],""velocity"":[]}"
13208,33236794406870,/autodrive/roboracer_1/right_encoder,JointState,1789404287891767880,,"{""position"":[2457.982],""velocity"":[]}"
13216,33236819325193,/autodrive/roboracer_1/left_encoder,JointState,1789404287916765480,,"{""position"":[2457.959],""velocity"":[]}"
13217,33236819471508,/autodrive/roboracer_1/right_encoder,JointState,1789404287916765480,,"{""position"":[2457.982],""velocity"":[]}"
13224,33236842754719,/autodrive/roboracer_1/left_encoder,JointState,1789404287940767680,,"{""position"":[2457.959],""velocity"":[]}"
13225,33236842879714,/autodrive/roboracer_1/right_encoder,JointState,1789404287940767680,,"{""position"":[2457.982],""velocity"":[]}"
13234,33236869892891,/autodrive/roboracer_1/left_encoder,JointState,1789404287966768680,,"{""position"":[2457.959],""velocity"":[]}"
13235,33236870025130,/autodrive/roboracer_1/right_encoder,JointState,1789404287966768680,,"{""position"":[2457.982],""velocity"":[]}"
13242,33236893991194,/autodrive/roboracer_1/left_encoder,JointState,1789404287991765480,,"{""position"":[2457.959],""velocity"":[]}"
13243,33236894154631,/autodrive/roboracer_1/right_encoder,JointState,1789404287991765480,,"{""position"":[2457.982],""velocity"":[]}"
13252,33236919142975,/autodrive/roboracer_1/left_encoder,JointState,1789404288016767880,,"{""position"":[2457.959],""velocity"":[]}"
13253,33236919320389,/autodrive/roboracer_1/right_encoder,JointState,1789404288016767880,,"{""position"":[2457.982],""velocity"":[]}"
13261,33236943757247,/autodrive/roboracer_1/left_encoder,JointState,1789404288041765480,,"{""position"":[2457.959],""velocity"":[]}"
13262,33236943880078,/autodrive/roboracer_1/right_encoder,JointState,1789404288041765480,,"{""position"":[2457.982],""velocity"":[]}"
13269,33236969427693,/autodrive/roboracer_1/left_encoder,JointState,1789404288066765480,,"{""position"":[2457.959],""velocity"":[]}"
13270,33236969561704,/autodrive/roboracer_1/right_encoder,JointState,1789404288066765480,,"{""position"":[2457.982],""velocity"":[]}"
13277,33236994150138,/autodrive/roboracer_1/left_encoder,JointState,1789404288091768680,,"{""position"":[2457.959],""velocity"":[]}"
13278,33236994328312,/autodrive/roboracer_1/right_encoder,JointState,1789404288091768680,,"{""position"":[2457.982],""velocity"":[]}"
13288,33237019111261,/autodrive/roboracer_1/left_encoder,JointState,1789404288116765480,,"{""position"":[2457.959],""velocity"":[]}"
13289,33237019272554,/autodrive/roboracer_1/right_encoder,JointState,1789404288116765480,,"{""position"":[2457.982],""velocity"":[]}"
13297,33237044554309,/autodrive/roboracer_1/left_encoder,JointState,1789404288141767880,,"{""position"":[2457.959],""velocity"":[]}"
13298,33237044769473,/autodrive/roboracer_1/right_encoder,JointState,1789404288141767880,,"{""position"":[2457.982],""velocity"":[]}"
13305,33237070853055,/autodrive/roboracer_1/left_encoder,JointState,1789404288166765480,,"{""position"":[2457.959],""velocity"":[]}"
13306,33237071014067,/autodrive/roboracer_1/right_encoder,JointState,1789404288166765480,,"{""position"":[2457.982],""velocity"":[]}"
13315,33237093752005,/autodrive/roboracer_1/left_encoder,JointState,1789404288191765480,,"{""position"":[2457.959],""velocity"":[]}"
13316,33237093905463,/autodrive/roboracer_1/right_encoder,JointState,1789404288191765480,,"{""position"":[2457.982],""velocity"":[]}"
13323,33237118779262,/autodrive/roboracer_1/left_encoder,JointState,1789404288216768680,,"{""position"":[2457.959],""velocity"":[]}"
13324,33237118919555,/autodrive/roboracer_1/right_encoder,JointState,1789404288216768680,,"{""position"":[2457.982],""velocity"":[]}"
13333,33237143887982,/autodrive/roboracer_1/left_encoder,JointState,1789404288241765480,,"{""position"":[2457.959],""velocity"":[]}"
13334,33237144045388,/autodrive/roboracer_1/right_encoder,JointState,1789404288241765480,,"{""position"":[2457.982],""velocity"":[]}"
13340,33237170033310,/autodrive/roboracer_1/left_encoder,JointState,1789404288266767880,,"{""position"":[2457.959],""velocity"":[]}"
13341,33237170177330,/autodrive/roboracer_1/right_encoder,JointState,1789404288266767880,,"{""position"":[2457.982],""velocity"":[]}"
13351,33237193070079,/autodrive/roboracer_1/left_encoder,JointState,1789404288290765480,,"{""position"":[2457.959],""velocity"":[]}"
13352,33237193199873,/autodrive/roboracer_1/right_encoder,JointState,1789404288290765480,,"{""position"":[2457.982],""velocity"":[]}"
13359,33237218554294,/autodrive/roboracer_1/left_encoder,JointState,1789404288316765480,,"{""position"":[2457.959],""velocity"":[]}"
13360,33237218693336,/autodrive/roboracer_1/right_encoder,JointState,1789404288316765480,,"{""position"":[2457.982],""velocity"":[]}"
13368,33237243891133,/autodrive/roboracer_1/left_encoder,JointState,1789404288341768680,,"{""position"":[2457.959],""velocity"":[]}"
13369,33237244061393,/autodrive/roboracer_1/right_encoder,JointState,1789404288341768680,,"{""position"":[2457.982],""velocity"":[]}"
13377,33237270406195,/autodrive/roboracer_1/left_encoder,JointState,1789404288366765480,,"{""position"":[2457.959],""velocity"":[]}"
13378,33237270542261,/autodrive/roboracer_1/right_encoder,JointState,1789404288366765480,,"{""position"":[2457.982],""velocity"":[]}"
13384,33237293987998,/autodrive/roboracer_1/left_encoder,JointState,1789404288391767880,,"{""position"":[2457.959],""velocity"":[]}"
13385,33237294208612,/autodrive/roboracer_1/right_encoder,JointState,1789404288391767880,,"{""position"":[2457.982],""velocity"":[]}"
13395,33237318926759,/autodrive/roboracer_1/left_encoder,JointState,1789404288416765480,,"{""position"":[2457.959],""velocity"":[]}"
13396,33237319127606,/autodrive/roboracer_1/right_encoder,JointState,1789404288416765480,,"{""position"":[2457.982],""velocity"":[]}"
13405,33237344039357,/autodrive/roboracer_1/left_encoder,JointState,1789404288441765480,,"{""position"":[2457.959],""velocity"":[]}"
13406,33237344175372,/autodrive/roboracer_1/right_encoder,JointState,1789404288441765480,,"{""position"":[2457.982],""velocity"":[]}"
13413,33237369558808,/autodrive/roboracer_1/left_encoder,JointState,1789404288466768680,,"{""position"":[2457.959],""velocity"":[]}"
13414,33237369704302,/autodrive/roboracer_1/right_encoder,JointState,1789404288466768680,,"{""position"":[2457.982],""velocity"":[]}"
13422,33237393785101,/autodrive/roboracer_1/left_encoder,JointState,1789404288491765480,,"{""position"":[2457.959],""velocity"":[]}"
13423,33237393908473,/autodrive/roboracer_1/right_encoder,JointState,1789404288491765480,,"{""position"":[2457.982],""velocity"":[]}"
13431,33237418603316,/autodrive/roboracer_1/left_encoder,JointState,1789404288516767880,,"{""position"":[2457.959],""velocity"":[]}"
13432,33237418783084,/autodrive/roboracer_1/right_encoder,JointState,1789404288516767880,,"{""position"":[2457.982],""velocity"":[]}"
13440,33237442811986,/autodrive/roboracer_1/left_encoder,JointState,1789404288540765480,,"{""position"":[2457.959],""velocity"":[]}"
13441,33237442950897,/autodrive/roboracer_1/right_encoder,JointState,1789404288540765480,,"{""position"":[2457.982],""velocity"":[]}"
13450,33237470054134,/autodrive/roboracer_1/left_encoder,JointState,1789404288566765480,,"{""position"":[2457.959],""velocity"":[]}"
13451,33237470204847,/autodrive/roboracer_1/right_encoder,JointState,1789404288566765480,,"{""position"":[2457.982],""velocity"":[]}"
13459,33237493941240,/autodrive/roboracer_1/left_encoder,JointState,1789404288591768680,,"{""position"":[2457.959],""velocity"":[]}"
13460,33237494080481,/autodrive/roboracer_1/right_encoder,JointState,1789404288591768680,,"{""position"":[2457.982],""velocity"":[]}"
13468,33237519308836,/autodrive/roboracer_1/left_encoder,JointState,1789404288616765480,,"{""position"":[2457.959],""velocity"":[]}"
13469,33237519465841,/autodrive/roboracer_1/right_encoder,JointState,1789404288616765480,,"{""position"":[2457.982],""velocity"":[]}"
13477,33237542993762,/autodrive/roboracer_1/left_encoder,JointState,1789404288640768480,,"{""position"":[2457.959],""velocity"":[]}"
13478,33237543151529,/autodrive/roboracer_1/right_encoder,JointState,1789404288640768480,,"{""position"":[2457.982],""velocity"":[]}"
13486,33237569722656,/autodrive/roboracer_1/left_encoder,JointState,1789404288666765480,,"{""position"":[2457.959],""velocity"":[]}"
13487,33237569861366,/autodrive/roboracer_1/right_encoder,JointState,1789404288666765480,,"{""position"":[2457.982],""velocity"":[]}"
13495,33237593945102,/autodrive/roboracer_1/left_encoder,JointState,1789404288691765480,,"{""position"":[2457.959],""velocity"":[]}"
13496,33237594084734,/autodrive/roboracer_1/right_encoder,JointState,1789404288691765480,,"{""position"":[2457.982],""velocity"":[]}"
13503,33237618511143,/autodrive/roboracer_1/left_encoder,JointState,1789404288716768680,,"{""position"":[2457.959],""velocity"":[]}"
13504,33237618656205,/autodrive/roboracer_1/right_encoder,JointState,1789404288716768680,,"{""position"":[2457.982],""velocity"":[]}"
13513,33237643101269,/autodrive/roboracer_1/left_encoder,JointState,1789404288740765480,,"{""position"":[2457.959],""velocity"":[]}"
13514,33237643253124,/autodrive/roboracer_1/right_encoder,JointState,1789404288740765480,,"{""position"":[2457.982],""velocity"":[]}"
13522,33237669942894,/autodrive/roboracer_1/left_encoder,JointState,1789404288766767880,,"{""position"":[2457.959],""velocity"":[]}"
13523,33237670104518,/autodrive/roboracer_1/right_encoder,JointState,1789404288766767880,,"{""position"":[2457.982],""velocity"":[]}"
13531,33237693694917,/autodrive/roboracer_1/left_encoder,JointState,1789404288791765480,,"{""position"":[2457.959],""velocity"":[]}"
13532,33237693824470,/autodrive/roboracer_1/right_encoder,JointState,1789404288791765480,,"{""position"":[2457.982],""velocity"":[]}"
13539,33237718965371,/autodrive/roboracer_1/left_encoder,JointState,1789404288816765480,,"{""position"":[2457.959],""velocity"":[]}"
13540,33237719118338,/autodrive/roboracer_1/right_encoder,JointState,1789404288816765480,,"{""position"":[2457.982],""velocity"":[]}"
13549,33237744168218,/autodrive/roboracer_1/left_encoder,JointState,1789404288841768680,,"{""position"":[2457.959],""velocity"":[]}"
13550,33237744324081,/autodrive/roboracer_1/right_encoder,JointState,1789404288841768680,,"{""position"":[2457.982],""velocity"":[]}"
13558,33237770499284,/autodrive/roboracer_1/left_encoder,JointState,1789404288866765480,,"{""position"":[2457.959],""velocity"":[]}"
13559,33237770634809,/autodrive/roboracer_1/right_encoder,JointState,1789404288866765480,,"{""position"":[2457.982],""velocity"":[]}"
13567,33237792986421,/autodrive/roboracer_1/left_encoder,JointState,1789404288890768480,,"{""position"":[2457.959],""velocity"":[]}"
13568,33237793161890,/autodrive/roboracer_1/right_encoder,JointState,1789404288890768480,,"{""position"":[2457.982],""velocity"":[]}"
13575,33237818603526,/autodrive/roboracer_1/left_encoder,JointState,1789404288916765480,,"{""position"":[2457.959],""velocity"":[]}"
13576,33237818731026,/autodrive/roboracer_1/right_encoder,JointState,1789404288916765480,,"{""position"":[2457.982],""velocity"":[]}"
13585,33237845362176,/autodrive/roboracer_1/left_encoder,JointState,1789404288941765480,,"{""position"":[2457.959],""velocity"":[]}"
13586,33237845556210,/autodrive/roboracer_1/right_encoder,JointState,1789404288941765480,,"{""position"":[2457.982],""velocity"":[]}"
13595,33237869447664,/autodrive/roboracer_1/left_encoder,JointState,1789404288966768680,,"{""position"":[2457.959],""velocity"":[]}"
13596,33237869595181,/autodrive/roboracer_1/right_encoder,JointState,1789404288966768680,,"{""position"":[2457.982],""velocity"":[]}"
13604,33237893866148,/autodrive/roboracer_1/left_encoder,JointState,1789404288991765480,,"{""position"":[2457.959],""velocity"":[]}"
13605,33237894027872,/autodrive/roboracer_1/right_encoder,JointState,1789404288991765480,,"{""position"":[2457.982],""velocity"":[]}"
13614,33237918791394,/autodrive/roboracer_1/left_encoder,JointState,1789404289016767880,,"{""position"":[2457.959],""velocity"":[]}"
13615,33237918923382,/autodrive/roboracer_1/right_encoder,JointState,1789404289016767880,,"{""position"":[2457.982],""velocity"":[]}"
13624,33237943693266,/autodrive/roboracer_1/left_encoder,JointState,1789404289041765480,,"{""position"":[2457.959],""velocity"":[]}"
13625,33237943830183,/autodrive/roboracer_1/right_encoder,JointState,1789404289041765480,,"{""position"":[2457.982],""velocity"":[]}"
13636,33237968710865,/autodrive/roboracer_1/left_encoder,JointState,1789404289066765480,,"{""position"":[2457.959],""velocity"":[]}"
13637,33237968930808,/autodrive/roboracer_1/right_encoder,JointState,1789404289066765480,,"{""position"":[2457.982],""velocity"":[]}"
13646,33237994982640,/autodrive/roboracer_1/left_encoder,JointState,1789404289091768680,,"{""position"":[2457.959],""velocity"":[]}"
13647,33237995153731,/autodrive/roboracer_1/right_encoder,JointState,1789404289091768680,,"{""position"":[2457.982],""velocity"":[]}"
13655,33238019191971,/autodrive/roboracer_1/left_encoder,JointState,1789404289116765480,,"{""position"":[2457.959],""velocity"":[]}"
13656,33238019381748,/autodrive/roboracer_1/right_encoder,JointState,1789404289116765480,,"{""position"":[2457.982],""velocity"":[]}"
13666,33238043934764,/autodrive/roboracer_1/left_encoder,JointState,1789404289141767880,,"{""position"":[2457.959],""velocity"":[]}"
13667,33238044087812,/autodrive/roboracer_1/right_encoder,JointState,1789404289141767880,,"{""position"":[2457.982],""velocity"":[]}"
13675,33238068244594,/autodrive/roboracer_1/left_encoder,JointState,1789404289166765480,,"{""position"":[2457.959],""velocity"":[]}"
13676,33238068421366,/autodrive/roboracer_1/right_encoder,JointState,1789404289166765480,,"{""position"":[2457.982],""velocity"":[]}"
13686,33238093572997,/autodrive/roboracer_1/left_encoder,JointState,1789404289191765480,,"{""position"":[2457.959],""velocity"":[]}"
13687,33238093707029,/autodrive/roboracer_1/right_encoder,JointState,1789404289191765480,,"{""position"":[2457.982],""velocity"":[]}"
13697,33238118539982,/autodrive/roboracer_1/left_encoder,JointState,1789404289216768680,,"{""position"":[2457.959],""velocity"":[]}"
13698,33238118692779,/autodrive/roboracer_1/right_encoder,JointState,1789404289216768680,,"{""position"":[2457.982],""velocity"":[]}"
13706,33238143688918,/autodrive/roboracer_1/left_encoder,JointState,1789404289241765480,,"{""position"":[2457.959],""velocity"":[]}"
13707,33238143824132,/autodrive/roboracer_1/right_encoder,JointState,1789404289241765480,,"{""position"":[2457.982],""velocity"":[]}"
13718,33238168918745,/autodrive/roboracer_1/left_encoder,JointState,1789404289266767880,,"{""position"":[2457.959],""velocity"":[]}"
13719,33238169100196,/autodrive/roboracer_1/right_encoder,JointState,1789404289266767880,,"{""position"":[2457.982],""velocity"":[]}"
13728,33238193645789,/autodrive/roboracer_1/left_encoder,JointState,1789404289291765480,,"{""position"":[2457.959],""velocity"":[]}"
13729,33238193775924,/autodrive/roboracer_1/right_encoder,JointState,1789404289291765480,,"{""position"":[2457.982],""velocity"":[]}"
13738,33238219071295,/autodrive/roboracer_1/left_encoder,JointState,1789404289316765480,,"{""position"":[2460.446],""velocity"":[]}"
13739,33238219239861,/autodrive/roboracer_1/right_encoder,JointState,1789404289316765480,,"{""position"":[2460.473],""velocity"":[]}"
13748,33238244354613,/autodrive/roboracer_1/left_encoder,JointState,1789404289341768680,,"{""position"":[2465.61],""velocity"":[]}"
13749,33238244525414,/autodrive/roboracer_1/right_encoder,JointState,1789404289341768680,,"{""position"":[2465.633],""velocity"":[]}"
13758,33238268302373,/autodrive/roboracer_1/left_encoder,JointState,1789404289366765480,,"{""position"":[2472.257],""velocity"":[]}"
13759,33238268451332,/autodrive/roboracer_1/right_encoder,JointState,1789404289366765480,,"{""position"":[2472.28],""velocity"":[]}"
13768,33238293580802,/autodrive/roboracer_1/left_encoder,JointState,1789404289391767880,,"{""position"":[2478.988],""velocity"":[]}"
13769,33238293738879,/autodrive/roboracer_1/right_encoder,JointState,1789404289391767880,,"{""position"":[2479.011],""velocity"":[]}"
13779,33238317902534,/autodrive/roboracer_1/left_encoder,JointState,1789404289415765480,,"{""position"":[2485.435],""velocity"":[]}"
13780,33238318085518,/autodrive/roboracer_1/right_encoder,JointState,1789404289415765480,,"{""position"":[2485.465],""velocity"":[]}"
13788,33238343826606,/autodrive/roboracer_1/left_encoder,JointState,1789404289441765480,,"{""position"":[2492.422],""velocity"":[]}"
13789,33238343982038,/autodrive/roboracer_1/right_encoder,JointState,1789404289441765480,,"{""position"":[2492.451],""velocity"":[]}"
13799,33238367998016,/autodrive/roboracer_1/left_encoder,JointState,1789404289465765480,,"{""position"":[2498.859],""velocity"":[]}"
13800,33238368143159,/autodrive/roboracer_1/right_encoder,JointState,1789404289465765480,,"{""position"":[2498.892],""velocity"":[]}"
13809,33238393828001,/autodrive/roboracer_1/left_encoder,JointState,1789404289491765480,,"{""position"":[2505.836],""velocity"":[]}"
13810,33238393973164,/autodrive/roboracer_1/right_encoder,JointState,1789404289491765480,,"{""position"":[2505.865],""velocity"":[]}"
13820,33238418856661,/autodrive/roboracer_1/left_encoder,JointState,1789404289516767880,,"{""position"":[2512.541],""velocity"":[]}"
13821,33238418987657,/autodrive/roboracer_1/right_encoder,JointState,1789404289516767880,,"{""position"":[2512.571],""velocity"":[]}"
13830,33238444018692,/autodrive/roboracer_1/left_encoder,JointState,1789404289541765480,,"{""position"":[2519.237],""velocity"":[]}"
13831,33238444175657,/autodrive/roboracer_1/right_encoder,JointState,1789404289541765480,,"{""position"":[2519.269],""velocity"":[]}"
13839,33238468953546,/autodrive/roboracer_1/left_encoder,JointState,1789404289566765480,,"{""position"":[2525.935],""velocity"":[]}"
13840,33238469131520,/autodrive/roboracer_1/right_encoder,JointState,1789404289566765480,,"{""position"":[2525.965],""velocity"":[]}"
13850,33238493745782,/autodrive/roboracer_1/left_encoder,JointState,1789404289591768680,,"{""position"":[2532.621],""velocity"":[]}"
13851,33238493889091,/autodrive/roboracer_1/right_encoder,JointState,1789404289591768680,,"{""position"":[2532.654],""velocity"":[]}"
13860,33238518623578,/autodrive/roboracer_1/left_encoder,JointState,1789404289616765480,,"{""position"":[2539.31],""velocity"":[]}"
13861,33238518765545,/autodrive/roboracer_1/right_encoder,JointState,1789404289616765480,,"{""position"":[2539.34],""velocity"":[]}"
13871,33238543794005,/autodrive/roboracer_1/left_encoder,JointState,1789404289641767880,,"{""position"":[2545.996],""velocity"":[]}"
13872,33238543958935,/autodrive/roboracer_1/right_encoder,JointState,1789404289641767880,,"{""position"":[2546.029],""velocity"":[]}"
13880,33238568328216,/autodrive/roboracer_1/left_encoder,JointState,1789404289666765480,,"{""position"":[2552.675],""velocity"":[]}"
13881,33238568474611,/autodrive/roboracer_1/right_encoder,JointState,1789404289666765480,,"{""position"":[2552.708],""velocity"":[]}"
13891,33238593940533,/autodrive/roboracer_1/left_encoder,JointState,1789404289691765480,,"{""position"":[2559.351],""velocity"":[]}"
13892,33238594141730,/autodrive/roboracer_1/right_encoder,JointState,1789404289691765480,,"{""position"":[2559.384],""velocity"":[]}"
13901,33238618652007,/autodrive/roboracer_1/left_encoder,JointState,1789404289716768680,,"{""position"":[2566.03],""velocity"":[]}"
13902,33238618812659,/autodrive/roboracer_1/right_encoder,JointState,1789404289716768680,,"{""position"":[2566.063],""velocity"":[]}"
13912,33238643941587,/autodrive/roboracer_1/left_encoder,JointState,1789404289741765480,,"{""position"":[2572.693],""velocity"":[]}"
13913,33238644134149,/autodrive/roboracer_1/right_encoder,JointState,1789404289741765480,,"{""position"":[2572.726],""velocity"":[]}"
13921,33238668175665,/autodrive/roboracer_1/left_encoder,JointState,1789404289766767880,,"{""position"":[2579.359],""velocity"":[]}"
13924,33238668918981,/autodrive/roboracer_1/right_encoder,JointState,1789404289766767880,,"{""position"":[2579.388],""velocity"":[]}"
13932,33238694074760,/autodrive/roboracer_1/left_encoder,JointState,1789404289791765480,,"{""position"":[2586.022],""velocity"":[]}"
13933,33238694243607,/autodrive/roboracer_1/right_encoder,JointState,1789404289791765480,,"{""position"":[2586.051],""velocity"":[]}"
13943,33238719930974,/autodrive/roboracer_1/left_encoder,JointState,1789404289816765480,,"{""position"":[2592.675],""velocity"":[]}"
13944,33238720094191,/autodrive/roboracer_1/right_encoder,JointState,1789404289816765480,,"{""position"":[2592.707],""velocity"":[]}"
13952,33238742893433,/autodrive/roboracer_1/left_encoder,JointState,1789404289840765480,,"{""position"":[2599.063],""velocity"":[]}"
13953,33238743060166,/autodrive/roboracer_1/right_encoder,JointState,1789404289840765480,,"{""position"":[2599.095],""velocity"":[]}"
13962,33238769215573,/autodrive/roboracer_1/left_encoder,JointState,1789404289866765480,,"{""position"":[2605.974],""velocity"":[]}"
13965,33238770059628,/autodrive/roboracer_1/right_encoder,JointState,1789404289866765480,,"{""position"":[2606.004],""velocity"":[]}"
13972,33238793275804,/autodrive/roboracer_1/left_encoder,JointState,1789404289891767880,,"{""position"":[2612.617],""velocity"":[]}"
13973,33238793425355,/autodrive/roboracer_1/right_encoder,JointState,1789404289891767880,,"{""position"":[2612.65],""velocity"":[]}"
13983,33238819020419,/autodrive/roboracer_1/left_encoder,JointState,1789404289916765480,,"{""position"":[2619.26],""velocity"":[]}"
13984,33238819190007,/autodrive/roboracer_1/right_encoder,JointState,1789404289916765480,,"{""position"":[2619.293],""velocity"":[]}"
13994,33238843604754,/autodrive/roboracer_1/left_encoder,JointState,1789404289941765480,,"{""position"":[2625.897],""velocity"":[]}"
13995,33238843748915,/autodrive/roboracer_1/right_encoder,JointState,1789404289941765480,,"{""position"":[2625.927],""velocity"":[]}"
14004,33238868294848,/autodrive/roboracer_1/left_encoder,JointState,1789404289966768680,,"{""position"":[2632.531],""velocity"":[]}"
14005,33238868440903,/autodrive/roboracer_1/right_encoder,JointState,1789404289966768680,,"{""position"":[2632.563],""velocity"":[]}"
14014,33238893845258,/autodrive/roboracer_1/left_encoder,JointState,1789404289991765480,,"{""position"":[2639.164],""velocity"":[]}"
14015,33238893991974,/autodrive/roboracer_1/right_encoder,JointState,1789404289991765480,,"{""position"":[2639.196],""velocity"":[]}"
14025,33238919216041,/autodrive/roboracer_1/left_encoder,JointState,1789404290016767880,,"{""position"":[2645.787],""velocity"":[]}"
14026,33238919354982,/autodrive/roboracer_1/right_encoder,JointState,1789404290016767880,,"{""position"":[2645.817],""velocity"":[]}"
14035,33238944362062,/autodrive/roboracer_1/left_encoder,JointState,1789404290041765480,,"{""position"":[2652.407],""velocity"":[]}"
14036,33238944512615,/autodrive/roboracer_1/right_encoder,JointState,1789404290041765480,,"{""position"":[2652.437],""velocity"":[]}"
14044,33238968035136,/autodrive/roboracer_1/left_encoder,JointState,1789404290066765480,,"{""position"":[2659.024],""velocity"":[]}"
14047,33238968942660,/autodrive/roboracer_1/right_encoder,JointState,1789404290066765480,,"{""position"":[2659.057],""velocity"":[]}"
14055,33238993698678,/autodrive/roboracer_1/left_encoder,JointState,1789404290091768680,,"{""position"":[2665.638],""velocity"":[]}"
14056,33238993848089,/autodrive/roboracer_1/right_encoder,JointState,1789404290091768680,,"{""position"":[2665.668],""velocity"":[]}"
14066,33239018997366,/autodrive/roboracer_1/left_encoder,JointState,1789404290116765480,,"{""position"":[2672.249],""velocity"":[]}"
14067,33239019134623,/autodrive/roboracer_1/right_encoder,JointState,1789404290116765480,,"{""position"":[2672.278],""velocity"":[]}"
14075,33239043776226,/autodrive/roboracer_1/left_encoder,JointState,1789404290141767880,,"{""position"":[2678.859],""velocity"":[]}"
14076,33239043929935,/autodrive/roboracer_1/right_encoder,JointState,1789404290141767880,,"{""position"":[2678.888],""velocity"":[]}"
14085,33239068317200,/autodrive/roboracer_1/left_encoder,JointState,1789404290166765480,,"{""position"":[2685.46],""velocity"":[]}"
14086,33239068473875,/autodrive/roboracer_1/right_encoder,JointState,1789404290166765480,,"{""position"":[2685.492],""velocity"":[]}"
14096,33239093464674,/autodrive/roboracer_1/left_encoder,JointState,1789404290191765480,,"{""position"":[2692.06],""velocity"":[]}"
14097,33239093613874,/autodrive/roboracer_1/right_encoder,JointState,1789404290191765480,,"{""position"":[2692.093],""velocity"":[]}"
14106,33239117804219,/autodrive/roboracer_1/left_encoder,JointState,1789404290215765480,,"{""position"":[2698.396],""velocity"":[]}"
14107,33239117926088,/autodrive/roboracer_1/right_encoder,JointState,1789404290215765480,,"{""position"":[2698.429],""velocity"":[]}"
14116,33239143912187,/autodrive/roboracer_1/left_encoder,JointState,1789404290241765480,,"{""position"":[2705.251],""velocity"":[]}"
14117,33239144089840,/autodrive/roboracer_1/right_encoder,JointState,1789404290241765480,,"{""position"":[2705.284],""velocity"":[]}"
14128,33239168984990,/autodrive/roboracer_1/left_encoder,JointState,1789404290266767880,,"{""position"":[2711.843],""velocity"":[]}"
14129,33239169261860,/autodrive/roboracer_1/right_encoder,JointState,1789404290266767880,,"{""position"":[2711.875],""velocity"":[]}"
14138,33239194301040,/autodrive/roboracer_1/left_encoder,JointState,1789404290291765480,,"{""position"":[2718.437],""velocity"":[]}"
14139,33239194447395,/autodrive/roboracer_1/right_encoder,JointState,1789404290291765480,,"{""position"":[2718.466],""velocity"":[]}"
14146,33239217336907,/autodrive/roboracer_1/left_encoder,JointState,1789404290315767680,,"{""position"":[2724.749],""velocity"":[]}"
14147,33239217496727,/autodrive/roboracer_1/right_encoder,JointState,1789404290315767680,,"{""position"":[2724.782],""velocity"":[]}"
14158,33239244020756,/autodrive/roboracer_1/left_encoder,JointState,1789404290341768680,,"{""position"":[2731.592],""velocity"":[]}"
14159,33239244201876,/autodrive/roboracer_1/right_encoder,JointState,1789404290341768680,,"{""position"":[2731.621],""velocity"":[]}"
14168,33239268340144,/autodrive/roboracer_1/left_encoder,JointState,1789404290366765480,,"{""position"":[2738.167],""velocity"":[]}"
14169,33239268495455,/autodrive/roboracer_1/right_encoder,JointState,1789404290366765480,,"{""position"":[2738.199],""velocity"":[]}"
14179,33239294724881,/autodrive/roboracer_1/left_encoder,JointState,1789404290391767880,,"{""position"":[2744.744],""velocity"":[]}"
14180,33239294913315,/autodrive/roboracer_1/right_encoder,JointState,1789404290391767880,,"{""position"":[2744.777],""velocity"":[]}"
14188,33239318769843,/autodrive/roboracer_1/left_encoder,JointState,1789404290416765480,,"{""position"":[2751.312],""velocity"":[]}"
14189,33239318958287,/autodrive/roboracer_1/right_encoder,JointState,1789404290416765480,,"{""position"":[2751.345],""velocity"":[]}"
14198,33239343753729,/autodrive/roboracer_1/left_encoder,JointState,1789404290441765480,,"{""position"":[2757.88],""velocity"":[]}"
14199,33239343921564,/autodrive/roboracer_1/right_encoder,JointState,1789404290441765480,,"{""position"":[2757.913],""velocity"":[]}"
14208,33239368184576,/autodrive/roboracer_1/left_encoder,JointState,1789404290466768680,,"{""position"":[2764.448],""velocity"":[]}"
14209,33239368343846,/autodrive/roboracer_1/right_encoder,JointState,1789404290466768680,,"{""position"":[2764.477],""velocity"":[]}"
14219,33239393520484,/autodrive/roboracer_1/left_encoder,JointState,1789404290491765480,,"{""position"":[2771.006],""velocity"":[]}"
14220,33239393671988,/autodrive/roboracer_1/right_encoder,JointState,1789404290491765480,,"{""position"":[2771.039],""velocity"":[]}"
14228,33239418764779,/autodrive/roboracer_1/left_encoder,JointState,1789404290516767880,,"{""position"":[2777.564],""velocity"":[]}"
14229,33239418907126,/autodrive/roboracer_1/right_encoder,JointState,1789404290516767880,,"{""position"":[2777.594],""velocity"":[]}"
14239,33239444390671,/autodrive/roboracer_1/left_encoder,JointState,1789404290541765480,,"{""position"":[2784.122],""velocity"":[]}"
14240,33239444536454,/autodrive/roboracer_1/right_encoder,JointState,1789404290541765480,,"{""position"":[2784.152],""velocity"":[]}"
14251,33239468808674,/autodrive/roboracer_1/left_encoder,JointState,1789404290566765480,,"{""position"":[2790.67],""velocity"":[]}"
14252,33239468951252,/autodrive/roboracer_1/right_encoder,JointState,1789404290566765480,,"{""position"":[2790.7],""velocity"":[]}"
14259,33239493293071,/autodrive/roboracer_1/left_encoder,JointState,1789404290591768680,,"{""position"":[2797.219],""velocity"":[]}"
14260,33239493459424,/autodrive/roboracer_1/right_encoder,JointState,1789404290591768680,,"{""position"":[2797.248],""velocity"":[]}"
14270,33239518631494,/autodrive/roboracer_1/left_encoder,JointState,1789404290616765480,,"{""position"":[2803.767],""velocity"":[]}"
14271,33239518801813,/autodrive/roboracer_1/right_encoder,JointState,1789404290616765480,,"{""position"":[2803.796],""velocity"":[]}"
14281,33239543696822,/autodrive/roboracer_1/left_encoder,JointState,1789404290641767880,,"{""position"":[2810.315],""velocity"":[]}"
14282,33239543828590,/autodrive/roboracer_1/right_encoder,JointState,1789404290641767880,,"{""position"":[2810.344],""velocity"":[]}"
14289,33239567500331,/autodrive/roboracer_1/left_encoder,JointState,1789404290665765480,,"{""position"":[2816.589],""velocity"":[]}"
14290,33239567638310,/autodrive/roboracer_1/right_encoder,JointState,1789404290665765480,,"{""position"":[2816.618],""velocity"":[]}"
14300,33239593355704,/autodrive/roboracer_1/left_encoder,JointState,1789404290691765480,,"{""position"":[2823.382],""velocity"":[]}"
14301,33239593527417,/autodrive/roboracer_1/right_encoder,JointState,1789404290691765480,,"{""position"":[2823.415],""velocity"":[]}"
14311,33239618570734,/autodrive/roboracer_1/left_encoder,JointState,1789404290716768680,,"{""position"":[2829.917],""velocity"":[]}"
14312,33239618709064,/autodrive/roboracer_1/right_encoder,JointState,1789404290716768680,,"{""position"":[2829.95],""velocity"":[]}"
14321,33239643951396,/autodrive/roboracer_1/left_encoder,JointState,1789404290741765480,,"{""position"":[2836.449],""velocity"":[]}"
14322,33239644108601,/autodrive/roboracer_1/right_encoder,JointState,1789404290741765480,,"{""position"":[2836.482],""velocity"":[]}"
14333,33239669137912,/autodrive/roboracer_1/left_encoder,JointState,1789404290766767880,,"{""position"":[2842.974],""velocity"":[]}"
14334,33239669313091,/autodrive/roboracer_1/right_encoder,JointState,1789404290766767880,,"{""position"":[2843.007],""velocity"":[]}"
14343,33239695355866,/autodrive/roboracer_1/left_encoder,JointState,1789404290792768880,,"{""position"":[2849.762],""velocity"":[]}"
14344,33239695482674,/autodrive/roboracer_1/right_encoder,JointState,1789404290792768880,,"{""position"":[2849.791],""velocity"":[]}"
14352,33239719325176,/autodrive/roboracer_1/left_encoder,JointState,1789404290816765480,,"{""position"":[2856.025],""velocity"":[]}"
14353,33239719477463,/autodrive/roboracer_1/right_encoder,JointState,1789404290816765480,,"{""position"":[2856.055],""velocity"":[]}"
14363,33239746038771,/autodrive/roboracer_1/left_encoder,JointState,1789404290841768680,,"{""position"":[2862.541],""velocity"":[]}"
14364,33239746233737,/autodrive/roboracer_1/right_encoder,JointState,1789404290841768680,,"{""position"":[2862.57],""velocity"":[]}"
14374,33239768747524,/autodrive/roboracer_1/left_encoder,JointState,1789404290866765480,,"{""position"":[2869.053],""velocity"":[]}"
14375,33239768897656,/autodrive/roboracer_1/right_encoder,JointState,1789404290866765480,,"{""position"":[2869.086],""velocity"":[]}"
14383,33239793547134,/autodrive/roboracer_1/left_encoder,JointState,1789404290891767880,,"{""position"":[2875.569],""velocity"":[]}"
14384,33239793702295,/autodrive/roboracer_1/right_encoder,JointState,1789404290891767880,,"{""position"":[2875.601],""velocity"":[]}"
14393,33239818729002,/autodrive/roboracer_1/left_encoder,JointState,1789404290916765480,,"{""position"":[2882.084],""velocity"":[]}"
14394,33239818881949,/autodrive/roboracer_1/right_encoder,JointState,1789404290916765480,,"{""position"":[2882.114],""velocity"":[]}"
14404,33239844909666,/autodrive/roboracer_1/left_encoder,JointState,1789404290941765480,,"{""position"":[2888.59],""velocity"":[]}"
14405,33239845123257,/autodrive/roboracer_1/right_encoder,JointState,1789404290941765480,,"{""position"":[2888.619],""velocity"":[]}"
14415,33239869402149,/autodrive/roboracer_1/left_encoder,JointState,1789404290966768680,,"{""position"":[2895.092],""velocity"":[]}"
14416,33239869604849,/autodrive/roboracer_1/right_encoder,JointState,1789404290966768680,,"{""position"":[2895.125],""velocity"":[]}"
14425,33239894435918,/autodrive/roboracer_1/left_encoder,JointState,1789404290991765480,,"{""position"":[2901.598],""velocity"":[]}"
14426,33239894661813,/autodrive/roboracer_1/right_encoder,JointState,1789404290991765480,,"{""position"":[2901.631],""velocity"":[]}"
14435,33239919972482,/autodrive/roboracer_1/left_encoder,JointState,1789404291016767880,,"{""position"":[2908.104],""velocity"":[]}"
14436,33239920189139,/autodrive/roboracer_1/right_encoder,JointState,1789404291016767880,,"{""position"":[2908.136],""velocity"":[]}"
14444,33239944177586,/autodrive/roboracer_1/left_encoder,JointState,1789404291041765480,,"{""position"":[2914.596],""velocity"":[]}"
14445,33239944321426,/autodrive/roboracer_1/right_encoder,JointState,1789404291041765480,,"{""position"":[2914.629],""velocity"":[]}"
14456,33239968902445,/autodrive/roboracer_1/left_encoder,JointState,1789404291066765480,,"{""position"":[2921.086],""velocity"":[]}"
14457,33239969056354,/autodrive/roboracer_1/right_encoder,JointState,1789404291066765480,,"{""position"":[2921.118],""velocity"":[]}"
14466,33239993792074,/autodrive/roboracer_1/left_encoder,JointState,1789404291091768680,,"{""position"":[2927.578],""velocity"":[]}"
14467,33239993921397,/autodrive/roboracer_1/right_encoder,JointState,1789404291091768680,,"{""position"":[2927.611],""velocity"":[]}"
14475,33240018653250,/autodrive/roboracer_1/left_encoder,JointState,1789404291116765480,,"{""position"":[2934.068],""velocity"":[]}"
14476,33240018801177,/autodrive/roboracer_1/right_encoder,JointState,1789404291116765480,,"{""position"":[2934.1],""velocity"":[]}"
14486,33240043766519,/autodrive/roboracer_1/left_encoder,JointState,1789404291141767880,,"{""position"":[2940.551],""velocity"":[]}"
14487,33240043902163,/autodrive/roboracer_1/right_encoder,JointState,1789404291141767880,,"{""position"":[2940.583],""velocity"":[]}"
14495,33240068026806,/autodrive/roboracer_1/left_encoder,JointState,1789404291166765480,,"{""position"":[2947.03],""velocity"":[]}"
14496,33240068240036,/autodrive/roboracer_1/right_encoder,JointState,1789404291166765480,,"{""position"":[2947.063],""velocity"":[]}"
14506,33240094307347,/autodrive/roboracer_1/left_encoder,JointState,1789404291188768780,,"{""position"":[2952.734],""velocity"":[]}"
14507,33240094436660,/autodrive/roboracer_1/right_encoder,JointState,1789404291188768780,,"{""position"":[2952.767],""velocity"":[]}"
14516,33240119135070,/autodrive/roboracer_1/left_encoder,JointState,1789404291216768680,,"{""position"":[2959.992],""velocity"":[]}"
14517,33240119329715,/autodrive/roboracer_1/right_encoder,JointState,1789404291216768680,,"{""position"":[2960.025],""velocity"":[]}"
14527,33240144272845,/autodrive/roboracer_1/left_encoder,JointState,1789404291241765480,,"{""position"":[2966.465],""velocity"":[]}"
14528,33240144432515,/autodrive/roboracer_1/right_encoder,JointState,1789404291241765480,,"{""position"":[2966.498],""velocity"":[]}"
14536,33240170143236,/autodrive/roboracer_1/left_encoder,JointState,1789404291267765480,,"{""position"":[2973.197],""velocity"":[]}"
14537,33240170373468,/autodrive/roboracer_1/right_encoder,JointState,1789404291267765480,,"{""position"":[2973.226],""velocity"":[]}"
14548,33240194092609,/autodrive/roboracer_1/left_encoder,JointState,1789404291291765480,,"{""position"":[2979.408],""velocity"":[]}"
14549,33240194270042,/autodrive/roboracer_1/right_encoder,JointState,1789404291291765480,,"{""position"":[2979.441],""velocity"":[]}"
14557,33240218752927,/autodrive/roboracer_1/left_encoder,JointState,1789404291316765480,,"{""position"":[2985.881],""velocity"":[]}"
14558,33240218887029,/autodrive/roboracer_1/right_encoder,JointState,1789404291316765480,,"{""position"":[2985.91],""velocity"":[]}"
14568,33240243928854,/autodrive/roboracer_1/left_encoder,JointState,1789404291341768680,,"{""position"":[2992.341],""velocity"":[]}"
14569,33240244097821,/autodrive/roboracer_1/right_encoder,JointState,1789404291341768680,,"{""position"":[2992.374],""velocity"":[]}"
14578,33240269848147,/autodrive/roboracer_1/left_encoder,JointState,1789404291367765480,,"{""position"":[2999.063],""velocity"":[]}"
14579,33240270029948,/autodrive/roboracer_1/right_encoder,JointState,1789404291367765480,,"{""position"":[2999.095],""velocity"":[]}"
14589,33240293936611,/autodrive/roboracer_1/left_encoder,JointState,1789404291391767880,,"{""position"":[3005.267],""velocity"":[]}"
14590,33240294121989,/autodrive/roboracer_1/right_encoder,JointState,1789404291391767880,,"{""position"":[3005.297],""velocity"":[]}"
14598,33240318708749,/autodrive/roboracer_1/left_encoder,JointState,1789404291416765480,,"{""position"":[3011.727],""velocity"":[]}"
14599,33240318847790,/autodrive/roboracer_1/right_encoder,JointState,1789404291416765480,,"{""position"":[3011.76],""velocity"":[]}"
14609,33240344220296,/autodrive/roboracer_1/left_encoder,JointState,1789404291441765480,,"{""position"":[3018.18],""velocity"":[]}"
14610,33240344433186,/autodrive/roboracer_1/right_encoder,JointState,1789404291441765480,,"{""position"":[3018.213],""velocity"":[]}"
14619,33240368484020,/autodrive/roboracer_1/left_encoder,JointState,1789404291466768680,,"{""position"":[3024.634],""velocity"":[]}"
14620,33240368639502,/autodrive/roboracer_1/right_encoder,JointState,1789404291466768680,,"{""position"":[3024.667],""velocity"":[]}"
14629,33240394308515,/autodrive/roboracer_1/left_encoder,JointState,1789404291491765480,,"{""position"":[3031.084],""velocity"":[]}"
14630,33240394485988,/autodrive/roboracer_1/right_encoder,JointState,1789404291491765480,,"{""position"":[3031.117],""velocity"":[]}"
14639,33240418711189,/autodrive/roboracer_1/left_encoder,JointState,1789404291516767880,,"{""position"":[3037.537],""velocity"":[]}"
14640,33240418924439,/autodrive/roboracer_1/right_encoder,JointState,1789404291516767880,,"{""position"":[3037.57],""velocity"":[]}"
14650,33240444827181,/autodrive/roboracer_1/left_encoder,JointState,1789404291540765480,,"{""position"":[3043.732],""velocity"":[]}"
14651,33240444955242,/autodrive/roboracer_1/right_encoder,JointState,1789404291540765480,,"{""position"":[3043.765],""velocity"":[]}"
14659,33240468031855,/autodrive/roboracer_1/left_encoder,JointState,1789404291566765480,,"{""position"":[3050.427],""velocity"":[]}"
14660,33240468192427,/autodrive/roboracer_1/right_encoder,JointState,1789404291566765480,,"{""position"":[3050.46],""velocity"":[]}"
14671,33240494593275,/autodrive/roboracer_1/left_encoder,JointState,1789404291591768680,,"{""position"":[3056.865],""velocity"":[]}"
14672,33240494750780,/autodrive/roboracer_1/right_encoder,JointState,1789404291591768680,,"{""position"":[3056.897],""velocity"":[]}"
14680,33240518514575,/autodrive/roboracer_1/left_encoder,JointState,1789404291616765480,,"{""position"":[3063.305],""velocity"":[]}"
14681,33240518674876,/autodrive/roboracer_1/right_encoder,JointState,1789404291616765480,,"{""position"":[3063.337],""velocity"":[]}"
14690,33240543106455,/autodrive/roboracer_1/left_encoder,JointState,1789404291640768480,,"{""position"":[3069.483],""velocity"":[]}"
14691,33240543311981,/autodrive/roboracer_1/right_encoder,JointState,1789404291640768480,,"{""position"":[3069.516],""velocity"":[]}"
14702,33240567702883,/autodrive/roboracer_1/left_encoder,JointState,1789404291665765480,,"{""position"":[3075.914],""velocity"":[]}"
14703,33240567839339,/autodrive/roboracer_1/right_encoder,JointState,1789404291665765480,,"{""position"":[3075.947],""velocity"":[]}"
14711,33240592607370,/autodrive/roboracer_1/left_encoder,JointState,1789404291690767680,,"{""position"":[3082.341],""velocity"":[]}"
14712,33240592748775,/autodrive/roboracer_1/right_encoder,JointState,1789404291690767680,,"{""position"":[3082.374],""velocity"":[]}"
14722,33240619088428,/autodrive/roboracer_1/left_encoder,JointState,1789404291716768680,,"{""position"":[3089.027],""velocity"":[]}"
14723,33240619241696,/autodrive/roboracer_1/right_encoder,JointState,1789404291716768680,,"{""position"":[3089.059],""velocity"":[]}"
14732,33240644427070,/autodrive/roboracer_1/left_encoder,JointState,1789404291741765480,,"{""position"":[3095.454],""velocity"":[]}"
14733,33240644596438,/autodrive/roboracer_1/right_encoder,JointState,1789404291741765480,,"{""position"":[3095.487],""velocity"":[]}"
14743,33240668923440,/autodrive/roboracer_1/left_encoder,JointState,1789404291766767880,,"{""position"":[3101.884],""velocity"":[]}"
14744,33240669089091,/autodrive/roboracer_1/right_encoder,JointState,1789404291766767880,,"{""position"":[3101.917],""velocity"":[]}"
14753,33240694037050,/autodrive/roboracer_1/left_encoder,JointState,1789404291791765480,,"{""position"":[3108.302],""velocity"":[]}"
14754,33240694218200,/autodrive/roboracer_1/right_encoder,JointState,1789404291791765480,,"{""position"":[3108.334],""velocity"":[]}"
14763,33240719041455,/autodrive/roboracer_1/left_encoder,JointState,1789404291816765480,,"{""position"":[3114.722],""velocity"":[]}"
14764,33240719236651,/autodrive/roboracer_1/right_encoder,JointState,1789404291816765480,,"{""position"":[3114.755],""velocity"":[]}"
14772,33240743899494,/autodrive/roboracer_1/left_encoder,JointState,1789404291841768680,,"{""position"":[3121.14],""velocity"":[]}"
14773,33240744076156,/autodrive/roboracer_1/right_encoder,JointState,1789404291841768680,,"{""position"":[3121.172],""velocity"":[]}"
14783,33240768196099,/autodrive/roboracer_1/left_encoder,JointState,1789404291866765480,,"{""position"":[3127.56],""velocity"":[]}"
14784,33240768340300,/autodrive/roboracer_1/right_encoder,JointState,1789404291866765480,,"{""position"":[3127.593],""velocity"":[]}"
14793,33240793556913,/autodrive/roboracer_1/left_encoder,JointState,1789404291891767880,,"{""position"":[3133.978],""velocity"":[]}"
14794,33240793756258,/autodrive/roboracer_1/right_encoder,JointState,1789404291891767880,,"{""position"":[3134.01],""velocity"":[]}"
14804,33240818978081,/autodrive/roboracer_1/left_encoder,JointState,1789404291916765480,,"{""position"":[3140.388],""velocity"":[]}"
14805,33240819162227,/autodrive/roboracer_1/right_encoder,JointState,1789404291916765480,,"{""position"":[3140.421],""velocity"":[]}"
14814,33240844212968,/autodrive/roboracer_1/left_encoder,JointState,1789404291941765480,,"{""position"":[3146.796],""velocity"":[]}"
14815,33240844358141,/autodrive/roboracer_1/right_encoder,JointState,1789404291941765480,,"{""position"":[3146.829],""velocity"":[]}"
14823,33240868760465,/autodrive/roboracer_1/left_encoder,JointState,1789404291966768680,,"{""position"":[3153.207],""velocity"":[]}"
14824,33240868910256,/autodrive/roboracer_1/right_encoder,JointState,1789404291966768680,,"{""position"":[3153.24],""velocity"":[]}"
14834,33240892993380,/autodrive/roboracer_1/left_encoder,JointState,1789404291990765480,,"{""position"":[3159.359],""velocity"":[]}"
14835,33240893128504,/autodrive/roboracer_1/right_encoder,JointState,1789404291990765480,,"{""position"":[3159.392],""velocity"":[]}"
14844,33240918517481,/autodrive/roboracer_1/left_encoder,JointState,1789404292016767880,,"{""position"":[3166.025],""velocity"":[]}"
14845,33240918680357,/autodrive/roboracer_1/right_encoder,JointState,1789404292016767880,,"{""position"":[3166.058],""velocity"":[]}"
14855,33240943891239,/autodrive/roboracer_1/left_encoder,JointState,1789404292041765480,,"{""position"":[3172.419],""velocity"":[]}"
14856,33240944041391,/autodrive/roboracer_1/right_encoder,JointState,1789404292041765480,,"{""position"":[3172.452],""velocity"":[]}"
14864,33240968023997,/autodrive/roboracer_1/left_encoder,JointState,1789404292066765480,,"{""position"":[3178.814],""velocity"":[]}"
14865,33240968176413,/autodrive/roboracer_1/right_encoder,JointState,1789404292066765480,,"{""position"":[3178.847],""velocity"":[]}"
14875,33240992794892,/autodrive/roboracer_1/left_encoder,JointState,1789404292090765480,,"{""position"":[3184.953],""velocity"":[]}"
14876,33240992980631,/autodrive/roboracer_1/right_encoder,JointState,1789404292090765480,,"{""position"":[3184.986],""velocity"":[]}"
14886,33241018978792,/autodrive/roboracer_1/left_encoder,JointState,1789404292116765480,,"{""position"":[3191.606],""velocity"":[]}"
14887,33241019143562,/autodrive/roboracer_1/right_encoder,JointState,1789404292116765480,,"{""position"":[3191.636],""velocity"":[]}"
14893,33241043465024,/autodrive/roboracer_1/left_encoder,JointState,1789404292141767880,,"{""position"":[3198.001],""velocity"":[]}"
14894,33241043641485,/autodrive/roboracer_1/right_encoder,JointState,1789404292141767880,,"{""position"":[3198.033],""velocity"":[]}"
14907,33241068553897,/autodrive/roboracer_1/left_encoder,JointState,1789404292166765480,,"{""position"":[3204.385],""velocity"":[]}"
14908,33241068727483,/autodrive/roboracer_1/right_encoder,JointState,1789404292166765480,,"{""position"":[3204.418],""velocity"":[]}"
14917,33241094022864,/autodrive/roboracer_1/left_encoder,JointState,1789404292191765480,,"{""position"":[3210.77],""velocity"":[]}"
14918,33241094174288,/autodrive/roboracer_1/right_encoder,JointState,1789404292191765480,,"{""position"":[3210.802],""velocity"":[]}"
14926,33241119799409,/autodrive/roboracer_1/left_encoder,JointState,1789404292214765480,,"{""position"":[3216.644],""velocity"":[]}"
14927,33241119940404,/autodrive/roboracer_1/right_encoder,JointState,1789404292214765480,,"{""position"":[3216.677],""velocity"":[]}"
14936,33241143909674,/autodrive/roboracer_1/left_encoder,JointState,1789404292241765480,,"{""position"":[3223.542],""velocity"":[]}"
14937,33241144073201,/autodrive/roboracer_1/right_encoder,JointState,1789404292241765480,,"{""position"":[3223.575],""velocity"":[]}"
14946,33241169289454,/autodrive/roboracer_1/left_encoder,JointState,1789404292266767880,,"{""position"":[3229.927],""velocity"":[]}"
14949,33241170253053,/autodrive/roboracer_1/right_encoder,JointState,1789404292266767880,,"{""position"":[3229.96],""velocity"":[]}"
14957,33241193729338,/autodrive/roboracer_1/left_encoder,JointState,1789404292291765480,,"{""position"":[3236.302],""velocity"":[]}"
14958,33241193872878,/autodrive/roboracer_1/right_encoder,JointState,1789404292291765480,,"{""position"":[3236.335],""velocity"":[]}"
14967,33241219011163,/autodrive/roboracer_1/left_encoder,JointState,1789404292316765480,,"{""position"":[3242.677],""velocity"":[]}"
14968,33241219175031,/autodrive/roboracer_1/right_encoder,JointState,1789404292316765480,,"{""position"":[3242.709],""velocity"":[]}"
14977,33241243821704,/autodrive/roboracer_1/left_encoder,JointState,1789404292341768680,,"{""position"":[3249.055],""velocity"":[]}"
14978,33241243971115,/autodrive/roboracer_1/right_encoder,JointState,1789404292341768680,,"{""position"":[3249.087],""velocity"":[]}"
14987,33241268230089,/autodrive/roboracer_1/left_encoder,JointState,1789404292366765480,,"{""position"":[3255.43],""velocity"":[]}"
14988,33241268382065,/autodrive/roboracer_1/right_encoder,JointState,1789404292366765480,,"{""position"":[3255.462],""velocity"":[]}"
14998,33241293669160,/autodrive/roboracer_1/left_encoder,JointState,1789404292391767880,,"{""position"":[3261.804],""velocity"":[]}"
14999,33241293839039,/autodrive/roboracer_1/right_encoder,JointState,1789404292391767880,,"{""position"":[3261.837],""velocity"":[]}"
15008,33241319231452,/autodrive/roboracer_1/left_encoder,JointState,1789404292416765480,,"{""position"":[3268.179],""velocity"":[]}"
15009,33241319453479,/autodrive/roboracer_1/right_encoder,JointState,1789404292416765480,,"{""position"":[3268.212],""velocity"":[]}"
15019,33241344549266,/autodrive/roboracer_1/left_encoder,JointState,1789404292441765480,,"{""position"":[3274.548],""velocity"":[]}"
15020,33241344708365,/autodrive/roboracer_1/right_encoder,JointState,1789404292441765480,,"{""position"":[3274.58],""velocity"":[]}"
15028,33241368428808,/autodrive/roboracer_1/left_encoder,JointState,1789404292466768680,,"{""position"":[3280.913],""velocity"":[]}"
15029,33241368598697,/autodrive/roboracer_1/right_encoder,JointState,1789404292466768680,,"{""position"":[3280.945],""velocity"":[]}"
15039,33241393683723,/autodrive/roboracer_1/left_encoder,JointState,1789404292491765480,,"{""position"":[3287.278],""velocity"":[]}"
15040,33241393822954,/autodrive/roboracer_1/right_encoder,JointState,1789404292491765480,,"{""position"":[3287.31],""velocity"":[]}"
15049,33241418731569,/autodrive/roboracer_1/left_encoder,JointState,1789404292516767880,,"{""position"":[3293.646],""velocity"":[]}"
15050,33241418898302,/autodrive/roboracer_1/right_encoder,JointState,1789404292516767880,,"{""position"":[3293.679],""velocity"":[]}"
15060,33241443912435,/autodrive/roboracer_1/left_encoder,JointState,1789404292541765480,,"{""position"":[3300.011],""velocity"":[]}"
15061,33241444066384,/autodrive/roboracer_1/right_encoder,JointState,1789404292541765480,,"{""position"":[3300.043],""velocity"":[]}"
15069,33241468578634,/autodrive/roboracer_1/left_encoder,JointState,1789404292566765480,,"{""position"":[3306.366],""velocity"":[]}"
15070,33241468736451,/autodrive/roboracer_1/right_encoder,JointState,1789404292566765480,,"{""position"":[3306.399],""velocity"":[]}"
15081,33241493700680,/autodrive/roboracer_1/left_encoder,JointState,1789404292591768680,,"{""position"":[3312.715],""velocity"":[]}"
15082,33241493824102,/autodrive/roboracer_1/right_encoder,JointState,1789404292591768680,,"{""position"":[3312.747],""velocity"":[]}"
15090,33241518888859,/autodrive/roboracer_1/left_encoder,JointState,1789404292616765480,,"{""position"":[3319.06],""velocity"":[]}"
15091,33241519051615,/autodrive/roboracer_1/right_encoder,JointState,1789404292616765480,,"{""position"":[3319.093],""velocity"":[]}"
15100,33241543627104,/autodrive/roboracer_1/left_encoder,JointState,1789404292641767880,,"{""position"":[3325.409],""velocity"":[]}"
15101,33241543755365,/autodrive/roboracer_1/right_encoder,JointState,1789404292641767880,,"{""position"":[3325.441],""velocity"":[]}"
15112,33241569045456,/autodrive/roboracer_1/left_encoder,JointState,1789404292666765480,,"{""position"":[3331.751],""velocity"":[]}"
15113,33241569177374,/autodrive/roboracer_1/right_encoder,JointState,1789404292666765480,,"{""position"":[3331.783],""velocity"":[]}"
15121,33241594343863,/autodrive/roboracer_1/left_encoder,JointState,1789404292691765480,,"{""position"":[3338.08],""velocity"":[]}"
15122,33241594502040,/autodrive/roboracer_1/right_encoder,JointState,1789404292691765480,,"{""position"":[3338.113],""velocity"":[]}"
15131,33241618709908,/autodrive/roboracer_1/left_encoder,JointState,1789404292716768680,,"{""position"":[3344.409],""velocity"":[]}"
15132,33241618886220,/autodrive/roboracer_1/right_encoder,JointState,1789404292716768680,,"{""position"":[3344.441],""velocity"":[]}"
15141,33241642863986,/autodrive/roboracer_1/left_encoder,JointState,1789404292740765480,,"{""position"":[3350.483],""velocity"":[]}"
15142,33241643042802,/autodrive/roboracer_1/right_encoder,JointState,1789404292740765480,,"{""position"":[3350.515],""velocity"":[]}"
15151,33241668395571,/autodrive/roboracer_1/left_encoder,JointState,1789404292766767880,,"{""position"":[3357.057],""velocity"":[]}"
15152,33241668557034,/autodrive/roboracer_1/right_encoder,JointState,1789404292766767880,,"{""position"":[3357.09],""velocity"":[]}"
15162,33241694694587,/autodrive/roboracer_1/left_encoder,JointState,1789404292791765480,,"{""position"":[3363.366],""velocity"":[]}"
15163,33241694847364,/autodrive/roboracer_1/right_encoder,JointState,1789404292791765480,,"{""position"":[3363.399],""velocity"":[]}"
15172,33241719077424,/autodrive/roboracer_1/left_encoder,JointState,1789404292816765480,,"{""position"":[3369.676],""velocity"":[]}"
15173,33241719373831,/autodrive/roboracer_1/right_encoder,JointState,1789404292816765480,,"{""position"":[3369.708],""velocity"":[]}"
15182,33241743968576,/autodrive/roboracer_1/left_encoder,JointState,1789404292841768680,,"{""position"":[3375.982],""velocity"":[]}"
15183,33241744184762,/autodrive/roboracer_1/right_encoder,JointState,1789404292841768680,,"{""position"":[3376.015],""velocity"":[]}"
15194,33241768972009,/autodrive/roboracer_1/left_encoder,JointState,1789404292866765480,,"{""position"":[3382.281],""velocity"":[]}"
15195,33241769111010,/autodrive/roboracer_1/right_encoder,JointState,1789404292866765480,,"{""position"":[3382.314],""velocity"":[]}"
15203,33241794058016,/autodrive/roboracer_1/left_encoder,JointState,1789404292891767880,,"{""position"":[3388.545],""velocity"":[]}"
15204,33241794201726,/autodrive/roboracer_1/right_encoder,JointState,1789404292891767880,,"{""position"":[3388.578],""velocity"":[]}"
15214,33241819611492,/autodrive/roboracer_1/left_encoder,JointState,1789404292916765480,,"{""position"":[3394.805],""velocity"":[]}"
15215,33241819758729,/autodrive/roboracer_1/right_encoder,JointState,1789404292916765480,,"{""position"":[3394.838],""velocity"":[]}"
15224,33241843734832,/autodrive/roboracer_1/left_encoder,JointState,1789404292941765480,,"{""position"":[3401.069],""velocity"":[]}"
15225,33241843860278,/autodrive/roboracer_1/right_encoder,JointState,1789404292941765480,,"{""position"":[3401.101],""velocity"":[]}"
15235,33241867797187,/autodrive/roboracer_1/left_encoder,JointState,1789404292965765480,,"{""position"":[3407.087],""velocity"":[]}"
15236,33241867928644,/autodrive/roboracer_1/right_encoder,JointState,1789404292965765480,,"{""position"":[3407.12],""velocity"":[]}"
15244,33241893654323,/autodrive/roboracer_1/left_encoder,JointState,1789404292991765480,,"{""position"":[3413.609],""velocity"":[]}"
15245,33241893813542,/autodrive/roboracer_1/right_encoder,JointState,1789404292991765480,,"{""position"":[3413.642],""velocity"":[]}"
15254,33241919207739,/autodrive/roboracer_1/left_encoder,JointState,1789404293016767880,,"{""position"":[3419.879],""velocity"":[]}"
15255,33241919379682,/autodrive/roboracer_1/right_encoder,JointState,1789404293016767880,,"{""position"":[3419.912],""velocity"":[]}"
15265,33241943798457,/autodrive/roboracer_1/left_encoder,JointState,1789404293041765480,,"{""position"":[3426.149],""velocity"":[]}"
15266,33241943938350,/autodrive/roboracer_1/right_encoder,JointState,1789404293041765480,,"{""position"":[3426.182],""velocity"":[]}"
15274,33241968280931,/autodrive/roboracer_1/left_encoder,JointState,1789404293066765480,,"{""position"":[3432.422],""velocity"":[]}"
15275,33241968439319,/autodrive/roboracer_1/right_encoder,JointState,1789404293066765480,,"{""position"":[3432.455],""velocity"":[]}"
15285,33241993878710,/autodrive/roboracer_1/left_encoder,JointState,1789404293091768680,,"{""position"":[3438.702],""velocity"":[]}"
15286,33241994023722,/autodrive/roboracer_1/right_encoder,JointState,1789404293091768680,,"{""position"":[3438.735],""velocity"":[]}"
15296,33242019048165,/autodrive/roboracer_1/left_encoder,JointState,1789404293116765480,,"{""position"":[3444.982],""velocity"":[]}"
15297,33242019198116,/autodrive/roboracer_1/right_encoder,JointState,1789404293116765480,,"{""position"":[3445.015],""velocity"":[]}"
15306,33242044644291,/autodrive/roboracer_1/left_encoder,JointState,1789404293141767880,,"{""position"":[3451.262],""velocity"":[]}"
15307,33242044782631,/autodrive/roboracer_1/right_encoder,JointState,1789404293141767880,,"{""position"":[3451.295],""velocity"":[]}"
15317,33242069028711,/autodrive/roboracer_1/left_encoder,JointState,1789404293166765480,,"{""position"":[3457.542],""velocity"":[]}"
15318,33242069159266,/autodrive/roboracer_1/right_encoder,JointState,1789404293166765480,,"{""position"":[3457.575],""velocity"":[]}"
15326,33242092768490,/autodrive/roboracer_1/left_encoder,JointState,1789404293190767680,,"{""position"":[3463.57],""velocity"":[]}"
15327,33242092899536,/autodrive/roboracer_1/right_encoder,JointState,1789404293190767680,,"{""position"":[3463.603],""velocity"":[]}"
15336,33242118492917,/autodrive/roboracer_1/left_encoder,JointState,1789404293216768680,,"{""position"":[3470.102],""velocity"":[]}"
15337,33242118632058,/autodrive/roboracer_1/right_encoder,JointState,1789404293216768680,,"{""position"":[3470.135],""velocity"":[]}"
15346,33242143662402,/autodrive/roboracer_1/left_encoder,JointState,1789404293241765480,,"{""position"":[3476.382],""velocity"":[]}"
15347,33242143861045,/autodrive/roboracer_1/right_encoder,JointState,1789404293241765480,,"{""position"":[3476.415],""velocity"":[]}"
15355,33242167114691,/autodrive/roboracer_1/left_encoder,JointState,1789404293265768480,,"{""position"":[3482.413],""velocity"":[]}"
15356,33242167257369,/autodrive/roboracer_1/right_encoder,JointState,1789404293265768480,,"{""position"":[3482.446],""velocity"":[]}"
15367,33242193829118,/autodrive/roboracer_1/left_encoder,JointState,1789404293291765480,,"{""position"":[3488.952],""velocity"":[]}"
15368,33242193980031,/autodrive/roboracer_1/right_encoder,JointState,1789404293291765480,,"{""position"":[3488.988],""velocity"":[]}"
15378,33242219679341,/autodrive/roboracer_1/left_encoder,JointState,1789404293316765480,,"{""position"":[3495.241],""velocity"":[]}"
15379,33242219815396,/autodrive/roboracer_1/right_encoder,JointState,1789404293316765480,,"{""position"":[3495.274],""velocity"":[]}"
15388,33242243805185,/autodrive/roboracer_1/left_encoder,JointState,1789404293341768680,,"{""position"":[3501.531],""velocity"":[]}"
15389,33242243929899,/autodrive/roboracer_1/right_encoder,JointState,1789404293341768680,,"{""position"":[3501.563],""velocity"":[]}"
15399,33242269522218,/autodrive/roboracer_1/left_encoder,JointState,1789404293366765480,,"{""position"":[3507.821],""velocity"":[]}"
15400,33242269678121,/autodrive/roboracer_1/right_encoder,JointState,1789404293366765480,,"{""position"":[3507.853],""velocity"":[]}"
15409,33242294161497,/autodrive/roboracer_1/left_encoder,JointState,1789404293391767880,,"{""position"":[3514.11],""velocity"":[]}"
15410,33242294317801,/autodrive/roboracer_1/right_encoder,JointState,1789404293391767880,,"{""position"":[3514.143],""velocity"":[]}"
15419,33242318753888,/autodrive/roboracer_1/left_encoder,JointState,1789404293416765480,,"{""position"":[3520.4],""velocity"":[]}"
15420,33242318886136,/autodrive/roboracer_1/right_encoder,JointState,1789404293416765480,,"{""position"":[3520.433],""velocity"":[]}"
15429,33242344062985,/autodrive/roboracer_1/left_encoder,JointState,1789404293441765480,,"{""position"":[3526.69],""velocity"":[]}"
15430,33242344284892,/autodrive/roboracer_1/right_encoder,JointState,1789404293441765480,,"{""position"":[3526.723],""velocity"":[]}"
15438,33242368382423,/autodrive/roboracer_1/left_encoder,JointState,1789404293466768680,,"{""position"":[3532.976],""velocity"":[]}"
15441,33242369125007,/autodrive/roboracer_1/right_encoder,JointState,1789404293466768680,,"{""position"":[3533.012],""velocity"":[]}"
15450,33242393759407,/autodrive/roboracer_1/left_encoder,JointState,1789404293491765480,,"{""position"":[3539.266],""velocity"":[]}"
15451,33242393931410,/autodrive/roboracer_1/right_encoder,JointState,1789404293491765480,,"{""position"":[3539.302],""velocity"":[]}"
15459,33242418567333,/autodrive/roboracer_1/left_encoder,JointState,1789404293516767880,,"{""position"":[3545.556],""velocity"":[]}"
15460,33242418716302,/autodrive/roboracer_1/right_encoder,JointState,1789404293516767880,,"{""position"":[3545.589],""velocity"":[]}"
15470,33242443871851,/autodrive/roboracer_1/left_encoder,JointState,1789404293541765480,,"{""position"":[3551.845],""velocity"":[]}"
15471,33242444038664,/autodrive/roboracer_1/right_encoder,JointState,1789404293541765480,,"{""position"":[3551.878],""velocity"":[]}"
15478,33242468370646,/autodrive/roboracer_1/left_encoder,JointState,1789404293566765480,,"{""position"":[3558.135],""velocity"":[]}"
15482,33242469310571,/autodrive/roboracer_1/right_encoder,JointState,1789404293566765480,,"{""position"":[3558.168],""velocity"":[]}"
15490,33242493935513,/autodrive/roboracer_1/left_encoder,JointState,1789404293591768680,,"{""position"":[3564.425],""velocity"":[]}"
15491,33242494081758,/autodrive/roboracer_1/right_encoder,JointState,1789404293591768680,,"{""position"":[3564.458],""velocity"":[]}"
15501,33242519500030,/autodrive/roboracer_1/left_encoder,JointState,1789404293616765480,,"{""position"":[3570.715],""velocity"":[]}"
15502,33242519663216,/autodrive/roboracer_1/right_encoder,JointState,1789404293616765480,,"{""position"":[3570.747],""velocity"":[]}"
15511,33242542888249,/autodrive/roboracer_1/left_encoder,JointState,1789404293640768480,,"{""position"":[3576.752],""velocity"":[]}"
15512,33242543037169,/autodrive/roboracer_1/right_encoder,JointState,1789404293640768480,,"{""position"":[3576.785],""velocity"":[]}"
15522,33242568041653,/autodrive/roboracer_1/left_encoder,JointState,1789404293665765480,,"{""position"":[3583.042],""velocity"":[]}"
15523,33242568231630,/autodrive/roboracer_1/right_encoder,JointState,1789404293665765480,,"{""position"":[3583.075],""velocity"":[]}"
15531,33242593711778,/autodrive/roboracer_1/left_encoder,JointState,1789404293691765480,,"{""position"":[3589.581],""velocity"":[]}"
15532,33242593860007,/autodrive/roboracer_1/right_encoder,JointState,1789404293691765480,,"{""position"":[3589.617],""velocity"":[]}"
15542,33242619787184,/autodrive/roboracer_1/left_encoder,JointState,1789404293716768680,,"{""position"":[3595.87],""velocity"":[]}"
15543,33242619903683,/autodrive/roboracer_1/right_encoder,JointState,1789404293716768680,,"{""position"":[3595.903],""velocity"":[]}"
15552,33242643916445,/autodrive/roboracer_1/left_encoder,JointState,1789404293741765480,,"{""position"":[3602.16],""velocity"":[]}"
15553,33242644148251,/autodrive/roboracer_1/right_encoder,JointState,1789404293741765480,,"{""position"":[3602.193],""velocity"":[]}"
15561,33242668749027,/autodrive/roboracer_1/left_encoder,JointState,1789404293766767880,,"{""position"":[3608.45],""velocity"":[]}"
15562,33242668905020,/autodrive/roboracer_1/right_encoder,JointState,1789404293766767880,,"{""position"":[3608.483],""velocity"":[]}"
15573,33242694062312,/autodrive/roboracer_1/left_encoder,JointState,1789404293791765480,,"{""position"":[3614.74],""velocity"":[]}"
15574,33242694253561,/autodrive/roboracer_1/right_encoder,JointState,1789404293791765480,,"{""position"":[3614.772],""velocity"":[]}"
15583,33242719413668,/autodrive/roboracer_1/left_encoder,JointState,1789404293816765480,,"{""position"":[3621.029],""velocity"":[]}"
15584,33242719626548,/autodrive/roboracer_1/right_encoder,JointState,1789404293816765480,,"{""position"":[3621.062],""velocity"":[]}"
15593,33242744595837,/autodrive/roboracer_1/left_encoder,JointState,1789404293841768680,,"{""position"":[3627.319],""velocity"":[]}"
15594,33242744756639,/autodrive/roboracer_1/right_encoder,JointState,1789404293841768680,,"{""position"":[3627.352],""velocity"":[]}"
15602,33242768324886,/autodrive/roboracer_1/left_encoder,JointState,1789404293866765480,,"{""position"":[3633.605],""velocity"":[]}"
15603,33242768486039,/autodrive/roboracer_1/right_encoder,JointState,1789404293866765480,,"{""position"":[3633.641],""velocity"":[]}"
15613,33242793672465,/autodrive/roboracer_1/left_encoder,JointState,1789404293891767880,,"{""position"":[3639.895],""velocity"":[]}"
15614,33242793823659,/autodrive/roboracer_1/right_encoder,JointState,1789404293891767880,,"{""position"":[3639.931],""velocity"":[]}"
15623,33242818199543,/autodrive/roboracer_1/left_encoder,JointState,1789404293915765480,,"{""position"":[3645.933],""velocity"":[]}"
15624,33242818360325,/autodrive/roboracer_1/right_encoder,JointState,1789404293915765480,,"{""position"":[3645.969],""velocity"":[]}"
15633,33242843708085,/autodrive/roboracer_1/left_encoder,JointState,1789404293941765480,,"{""position"":[3652.475],""velocity"":[]}"
15634,33242843848078,/autodrive/roboracer_1/right_encoder,JointState,1789404293941765480,,"{""position"":[3652.507],""velocity"":[]}"
15644,33242868619835,/autodrive/roboracer_1/left_encoder,JointState,1789404293966768680,,"{""position"":[3658.764],""velocity"":[]}"
15645,33242868810974,/autodrive/roboracer_1/right_encoder,JointState,1789404293966768680,,"{""position"":[3658.797],""velocity"":[]}"
15654,33242893514984,/autodrive/roboracer_1/left_encoder,JointState,1789404293991765480,,"{""position"":[3665.054],""velocity"":[]}"
15655,33242893666619,/autodrive/roboracer_1/right_encoder,JointState,1789404293991765480,,"{""position"":[3665.087],""velocity"":[]}"
15664,33242918733862,/autodrive/roboracer_1/left_encoder,JointState,1789404294016767880,,"{""position"":[3671.344],""velocity"":[]}"
15665,33242918860440,/autodrive/roboracer_1/right_encoder,JointState,1789404294016767880,,"{""position"":[3671.376],""velocity"":[]}"
15674,33242943751501,/autodrive/roboracer_1/left_encoder,JointState,1789404294041765480,,"{""position"":[3677.634],""velocity"":[]}"
15675,33242943910881,/autodrive/roboracer_1/right_encoder,JointState,1789404294041765480,,"{""position"":[3677.666],""velocity"":[]}"
15684,33242968478675,/autodrive/roboracer_1/left_encoder,JointState,1789404294066765480,,"{""position"":[3683.92],""velocity"":[]}"
15685,33242968643134,/autodrive/roboracer_1/right_encoder,JointState,1789404294066765480,,"{""position"":[3683.956],""velocity"":[]}"
15696,33242995037239,/autodrive/roboracer_1/left_encoder,JointState,1789404294091768680,,"{""position"":[3690.21],""velocity"":[]}"
15697,33242995260979,/autodrive/roboracer_1/right_encoder,JointState,1789404294091768680,,"{""position"":[3690.246],""velocity"":[]}"
15705,33243018850637,/autodrive/roboracer_1/left_encoder,JointState,1789404294116765480,,"{""position"":[3696.5],""velocity"":[]}"
15706,33243018979208,/autodrive/roboracer_1/right_encoder,JointState,1789404294116765480,,"{""position"":[3696.532],""velocity"":[]}"
15716,33243044071478,/autodrive/roboracer_1/left_encoder,JointState,1789404294141767880,,"{""position"":[3702.789],""velocity"":[]}"
15717,33243044224565,/autodrive/roboracer_1/right_encoder,JointState,1789404294141767880,,"{""position"":[3702.822],""velocity"":[]}"
15727,33243069597121,/autodrive/roboracer_1/left_encoder,JointState,1789404294166765480,,"{""position"":[3709.079],""velocity"":[]}"
15728,33243069736303,/autodrive/roboracer_1/right_encoder,JointState,1789404294166765480,,"{""position"":[3709.112],""velocity"":[]}"
15736,33243093574347,/autodrive/roboracer_1/left_encoder,JointState,1789404294191765480,,"{""position"":[3715.369],""velocity"":[]}"
15737,33243093735349,/autodrive/roboracer_1/right_encoder,JointState,1789404294191765480,,"{""position"":[3715.401],""velocity"":[]}"
15747,33243118796741,/autodrive/roboracer_1/left_encoder,JointState,1789404294216768680,,"{""position"":[3721.658],""velocity"":[]}"
15748,33243118930803,/autodrive/roboracer_1/right_encoder,JointState,1789404294216768680,,"{""position"":[3721.691],""velocity"":[]}"
15756,33243143795214,/autodrive/roboracer_1/left_encoder,JointState,1789404294241765480,,"{""position"":[3727.948],""velocity"":[]}"
15757,33243143931841,/autodrive/roboracer_1/right_encoder,JointState,1789404294241765480,,"{""position"":[3727.981],""velocity"":[]}"
15766,33243168229568,/autodrive/roboracer_1/left_encoder,JointState,1789404294266767880,,"{""position"":[3734.235],""velocity"":[]}"
15767,33243168370473,/autodrive/roboracer_1/right_encoder,JointState,1789404294266767880,,"{""position"":[3734.271],""velocity"":[]}"
15777,33243193674921,/autodrive/roboracer_1/left_encoder,JointState,1789404294291765480,,"{""position"":[3740.524],""velocity"":[]}"
15778,33243193827748,/autodrive/roboracer_1/right_encoder,JointState,1789404294291765480,,"{""position"":[3740.56],""velocity"":[]}"
15787,33243219201066,/autodrive/roboracer_1/left_encoder,JointState,1789404294316765480,,"{""position"":[3746.814],""velocity"":[]}"
15788,33243219348422,/autodrive/roboracer_1/right_encoder,JointState,1789404294316765480,,"{""position"":[3746.847],""velocity"":[]}"
15797,33243244077400,/autodrive/roboracer_1/left_encoder,JointState,1789404294341768680,,"{""position"":[3753.104],""velocity"":[]}"
15798,33243244273508,/autodrive/roboracer_1/right_encoder,JointState,1789404294341768680,,"{""position"":[3753.136],""velocity"":[]}"
15807,33243268847183,/autodrive/roboracer_1/left_encoder,JointState,1789404294366765480,,"{""position"":[3759.394],""velocity"":[]}"
15808,33243269059472,/autodrive/roboracer_1/right_encoder,JointState,1789404294366765480,,"{""position"":[3759.426],""velocity"":[]}"
15819,33243294627676,/autodrive/roboracer_1/left_encoder,JointState,1789404294391767880,,"{""position"":[3765.683],""velocity"":[]}"
15820,33243294827130,/autodrive/roboracer_1/right_encoder,JointState,1789404294391767880,,"{""position"":[3765.716],""velocity"":[]}"
15828,33243318685803,/autodrive/roboracer_1/left_encoder,JointState,1789404294416765480,,"{""position"":[3771.973],""velocity"":[]}"
15829,33243318821628,/autodrive/roboracer_1/right_encoder,JointState,1789404294416765480,,"{""position"":[3772.006],""velocity"":[]}"
15838,33243343923005,/autodrive/roboracer_1/left_encoder,JointState,1789404294441765480,,"{""position"":[3778.263],""velocity"":[]}"
15839,33243344145222,/autodrive/roboracer_1/right_encoder,JointState,1789404294441765480,,"{""position"":[3778.295],""velocity"":[]}"
15847,33243369872515,/autodrive/roboracer_1/left_encoder,JointState,1789404294466768680,,"{""position"":[3784.549],""velocity"":[]}"
15848,33243369997399,/autodrive/roboracer_1/right_encoder,JointState,1789404294466768680,,"{""position"":[3784.585],""velocity"":[]}"
15856,33243394032423,/autodrive/roboracer_1/left_encoder,JointState,1789404294491765480,,"{""position"":[3784.801],""velocity"":[]}"
15857,33243394182866,/autodrive/roboracer_1/right_encoder,JointState,1789404294491765480,,"{""position"":[3784.837],""velocity"":[]}"
15865,33243418808709,/autodrive/roboracer_1/left_encoder,JointState,1789404294516767880,,"{""position"":[3784.801],""velocity"":[]}"
15866,33243418956056,/autodrive/roboracer_1/right_encoder,JointState,1789404294516767880,,"{""position"":[3784.837],""velocity"":[]}"
15874,33243444473765,/autodrive/roboracer_1/left_encoder,JointState,1789404294541765480,,"{""position"":[3784.801],""velocity"":[]}"
15875,33243444621733,/autodrive/roboracer_1/right_encoder,JointState,1789404294541765480,,"{""position"":[3784.837],""velocity"":[]}"
15883,33243470288121,/autodrive/roboracer_1/left_encoder,JointState,1789404294565767680,,"{""position"":[3784.801],""velocity"":[]}"
15884,33243470421341,/autodrive/roboracer_1/right_encoder,JointState,1789404294565767680,,"{""position"":[3784.837],""velocity"":[]}"
15892,33243494185767,/autodrive/roboracer_1/left_encoder,JointState,1789404294591768680,,"{""position"":[3784.801],""velocity"":[]}"
15893,33243494342581,/autodrive/roboracer_1/right_encoder,JointState,1789404294591768680,,"{""position"":[3784.837],""velocity"":[]}"
15900,33243518699870,/autodrive/roboracer_1/left_encoder,JointState,1789404294616765480,,"{""position"":[3784.801],""velocity"":[]}"
15901,33243518877955,/autodrive/roboracer_1/right_encoder,JointState,1789404294616765480,,"{""position"":[3784.837],""velocity"":[]}"
15910,33243543862682,/autodrive/roboracer_1/left_encoder,JointState,1789404294641767880,,"{""position"":[3784.801],""velocity"":[]}"
15911,33243544031359,/autodrive/roboracer_1/right_encoder,JointState,1789404294641767880,,"{""position"":[3784.837],""velocity"":[]}"
15918,33243569775173,/autodrive/roboracer_1/left_encoder,JointState,1789404294663765480,,"{""position"":[3784.801],""velocity"":[]}"
15919,33243569928691,/autodrive/roboracer_1/right_encoder,JointState,1789404294663765480,,"{""position"":[3784.837],""velocity"":[]}"
15928,33243593957774,/autodrive/roboracer_1/left_encoder,JointState,1789404294691765480,,"{""position"":[3784.801],""velocity"":[]}"
15929,33243594106252,/autodrive/roboracer_1/right_encoder,JointState,1789404294691765480,,"{""position"":[3784.837],""velocity"":[]}"
15936,33243618916613,/autodrive/roboracer_1/left_encoder,JointState,1789404294716768680,,"{""position"":[3784.801],""velocity"":[]}"
15937,33243619070031,/autodrive/roboracer_1/right_encoder,JointState,1789404294716768680,,"{""position"":[3784.837],""velocity"":[]}"
15945,33243643936206,/autodrive/roboracer_1/left_encoder,JointState,1789404294741765480,,"{""position"":[3784.801],""velocity"":[]}"
15946,33243644124850,/autodrive/roboracer_1/right_encoder,JointState,1789404294741765480,,"{""position"":[3784.837],""velocity"":[]}"
15955,33243669972078,/autodrive/roboracer_1/left_encoder,JointState,1789404294766767880,,"{""position"":[3784.801],""velocity"":[]}"
15956,33243670150503,/autodrive/roboracer_1/right_encoder,JointState,1789404294766767880,,"{""position"":[3784.837],""velocity"":[]}"
15964,33243694718798,/autodrive/roboracer_1/left_encoder,JointState,1789404294791765480,,"{""position"":[3784.801],""velocity"":[]}"
15965,33243694861326,/autodrive/roboracer_1/right_encoder,JointState,1789404294791765480,,"{""position"":[3784.837],""velocity"":[]}"
15972,33243719081788,/autodrive/roboracer_1/left_encoder,JointState,1789404294816765480,,"{""position"":[3784.801],""velocity"":[]}"
15973,33243719254733,/autodrive/roboracer_1/right_encoder,JointState,1789404294816765480,,"{""position"":[3784.837],""velocity"":[]}"
15981,33243743740674,/autodrive/roboracer_1/left_encoder,JointState,1789404294841768680,,"{""position"":[3784.801],""velocity"":[]}"
15982,33243743897859,/autodrive/roboracer_1/right_encoder,JointState,1789404294841768680,,"{""position"":[3784.837],""velocity"":[]}"
15991,33243769300061,/autodrive/roboracer_1/left_encoder,JointState,1789404294866765480,,"{""position"":[3784.801],""velocity"":[]}"
15992,33243769452347,/autodrive/roboracer_1/right_encoder,JointState,1789404294866765480,,"{""position"":[3784.837],""velocity"":[]}"
15999,33243793689881,/autodrive/roboracer_1/left_encoder,JointState,1789404294891767880,,"{""position"":[3784.801],""velocity"":[]}"
16000,33243793833431,/autodrive/roboracer_1/right_encoder,JointState,1789404294891767880,,"{""position"":[3784.837],""velocity"":[]}"
16008,33243818759699,/autodrive/roboracer_1/left_encoder,JointState,1789404294916765480,,"{""position"":[3784.801],""velocity"":[]}"
16009,33243818885996,/autodrive/roboracer_1/right_encoder,JointState,1789404294916765480,,"{""position"":[3784.837],""velocity"":[]}"
16017,33243843957757,/autodrive/roboracer_1/left_encoder,JointState,1789404294941765480,,"{""position"":[3784.801],""velocity"":[]}"
16018,33243844113509,/autodrive/roboracer_1/right_encoder,JointState,1789404294941765480,,"{""position"":[3784.837],""velocity"":[]}"
16026,33243870191200,/autodrive/roboracer_1/left_encoder,JointState,1789404294966768680,,"{""position"":[3784.801],""velocity"":[]}"
16027,33243870378452,/autodrive/roboracer_1/right_encoder,JointState,1789404294966768680,,"{""position"":[3784.837],""velocity"":[]}"
16035,33243894130915,/autodrive/roboracer_1/left_encoder,JointState,1789404294991765480,,"{""position"":[3784.801],""velocity"":[]}"
16036,33243894290845,/autodrive/roboracer_1/right_encoder,JointState,1789404294991765480,,"{""position"":[3784.837],""velocity"":[]}"
16045,33243920761965,/autodrive/roboracer_1/left_encoder,JointState,1789404295017765480,,"{""position"":[3784.801],""velocity"":[]}"
16046,33243920935260,/autodrive/roboracer_1/right_encoder,JointState,1789404295017765480,,"{""position"":[3784.837],""velocity"":[]}"
16054,33243945821483,/autodrive/roboracer_1/left_encoder,JointState,1789404295042768880,,"{""position"":[3784.801],""velocity"":[]}"
16055,33243945955765,/autodrive/roboracer_1/right_encoder,JointState,1789404295042768880,,"{""position"":[3784.837],""velocity"":[]}"
16063,33243972023016,/autodrive/roboracer_1/left_encoder,JointState,1789404295066765480,,"{""position"":[3784.801],""velocity"":[]}"
16064,33243972258338,/autodrive/roboracer_1/right_encoder,JointState,1789404295066765480,,"{""position"":[3784.837],""velocity"":[]}"
16071,33243993896230,/autodrive/roboracer_1/left_encoder,JointState,1789404295091768680,,"{""position"":[3784.801],""velocity"":[]}"
16072,33243994041512,/autodrive/roboracer_1/right_encoder,JointState,1789404295091768680,,"{""position"":[3784.837],""velocity"":[]}"
16080,33244019617160,/autodrive/roboracer_1/left_encoder,JointState,1789404295116765480,,"{""position"":[3784.801],""velocity"":[]}"
16081,33244019781990,/autodrive/roboracer_1/right_encoder,JointState,1789404295116765480,,"{""position"":[3784.837],""velocity"":[]}"
16089,33244043829627,/autodrive/roboracer_1/left_encoder,JointState,1789404295141767880,,"{""position"":[3784.801],""velocity"":[]}"
16090,33244043977485,/autodrive/roboracer_1/right_encoder,JointState,1789404295141767880,,"{""position"":[3784.837],""velocity"":[]}"
16099,33244069735805,/autodrive/roboracer_1/left_encoder,JointState,1789404295166765480,,"{""position"":[3784.801],""velocity"":[]}"
16100,33244069864147,/autodrive/roboracer_1/right_encoder,JointState,1789404295166765480,,"{""position"":[3784.837],""velocity"":[]}"
16107,33244095166902,/autodrive/roboracer_1/left_encoder,JointState,1789404295191765480,,"{""position"":[3784.801],""velocity"":[]}"
16108,33244095313767,/autodrive/roboracer_1/right_encoder,JointState,1789404295191765480,,"{""position"":[3784.837],""velocity"":[]}"
16114,33244118660589,/autodrive/roboracer_1/left_encoder,JointState,1789404295216768680,,"{""position"":[3784.801],""velocity"":[]}"
16115,33244118865403,/autodrive/roboracer_1/right_encoder,JointState,1789404295216768680,,"{""position"":[3784.837],""velocity"":[]}"
16126,33244144453484,/autodrive/roboracer_1/left_encoder,JointState,1789404295241765480,,"{""position"":[3784.801],""velocity"":[]}"
16127,33244144592015,/autodrive/roboracer_1/right_encoder,JointState,1789404295241765480,,"{""position"":[3784.837],""velocity"":[]}"
16135,33244169744938,/autodrive/roboracer_1/left_encoder,JointState,1789404295265768480,,"{""position"":[3784.801],""velocity"":[]}"
16136,33244169907443,/autodrive/roboracer_1/right_encoder,JointState,1789404295265768480,,"{""position"":[3784.837],""velocity"":[]}"
16144,33244193337030,/autodrive/roboracer_1/left_encoder,JointState,1789404295290765480,,"{""position"":[3784.801],""velocity"":[]}"
16145,33244193500898,/autodrive/roboracer_1/right_encoder,JointState,1789404295290765480,,"{""position"":[3784.837],""velocity"":[]}"
16152,33244218630157,/autodrive/roboracer_1/left_encoder,JointState,1789404295316765480,,"{""position"":[3784.801],""velocity"":[]}"
16153,33244218779087,/autodrive/roboracer_1/right_encoder,JointState,1789404295316765480,,"{""position"":[3784.837],""velocity"":[]}"
16161,33244243625294,/autodrive/roboracer_1/left_encoder,JointState,1789404295341768680,,"{""position"":[3784.801],""velocity"":[]}"
16162,33244243766019,/autodrive/roboracer_1/right_encoder,JointState,1789404295341768680,,"{""position"":[3784.837],""velocity"":[]}"
16171,33244269977450,/autodrive/roboracer_1/left_encoder,JointState,1789404295366765480,,"{""position"":[3784.801],""velocity"":[]}"
16172,33244270176725,/autodrive/roboracer_1/right_encoder,JointState,1789404295366765480,,"{""position"":[3784.837],""velocity"":[]}"
16179,33244294818488,/autodrive/roboracer_1/left_encoder,JointState,1789404295392765480,,"{""position"":[3784.801],""velocity"":[]}"
16180,33244294964603,/autodrive/roboracer_1/right_encoder,JointState,1789404295392765480,,"{""position"":[3784.837],""velocity"":[]}"
16188,33244318793088,/autodrive/roboracer_1/left_encoder,JointState,1789404295416765480,,"{""position"":[3784.801],""velocity"":[]}"
16189,33244318941016,/autodrive/roboracer_1/right_encoder,JointState,1789404295416765480,,"{""position"":[3784.837],""velocity"":[]}"
16198,33244343894595,/autodrive/roboracer_1/left_encoder,JointState,1789404295441765480,,"{""position"":[3784.801],""velocity"":[]}"
16199,33244344048945,/autodrive/roboracer_1/right_encoder,JointState,1789404295441765480,,"{""position"":[3784.837],""velocity"":[]}"
16206,33244369761530,/autodrive/roboracer_1/left_encoder,JointState,1789404295466768680,,"{""position"":[3784.801],""velocity"":[]}"
16207,33244369884221,/autodrive/roboracer_1/right_encoder,JointState,1789404295466768680,,"{""position"":[3784.837],""velocity"":[]}"
16216,33244394070368,/autodrive/roboracer_1/left_encoder,JointState,1789404295491765480,,"{""position"":[3784.801],""velocity"":[]}"
16217,33244394235418,/autodrive/roboracer_1/right_encoder,JointState,1789404295491765480,,"{""position"":[3784.837],""velocity"":[]}"
16224,33244419318972,/autodrive/roboracer_1/left_encoder,JointState,1789404295516767880,,"{""position"":[3784.801],""velocity"":[]}"
16225,33244419455338,/autodrive/roboracer_1/right_encoder,JointState,1789404295516767880,,"{""position"":[3784.837],""velocity"":[]}"
16234,33244444455214,/autodrive/roboracer_1/left_encoder,JointState,1789404295541765480,,"{""position"":[3784.801],""velocity"":[]}"
16235,33244444613611,/autodrive/roboracer_1/right_encoder,JointState,1789404295541765480,,"{""position"":[3784.837],""velocity"":[]}"
16243,33244469714698,/autodrive/roboracer_1/left_encoder,JointState,1789404295566765480,,"{""position"":[3784.801],""velocity"":[]}"
16244,33244469878986,/autodrive/roboracer_1/right_encoder,JointState,1789404295566765480,,"{""position"":[3784.837],""velocity"":[]}"
16251,33244492722963,/autodrive/roboracer_1/left_encoder,JointState,1789404295590769280,,"{""position"":[3784.801],""velocity"":[]}"
16252,33244492859269,/autodrive/roboracer_1/right_encoder,JointState,1789404295590769280,,"{""position"":[3784.837],""velocity"":[]}"
16260,33244517601121,/autodrive/roboracer_1/left_encoder,JointState,1789404295615765480,,"{""position"":[3784.801],""velocity"":[]}"
16261,33244517763025,/autodrive/roboracer_1/right_encoder,JointState,1789404295615765480,,"{""position"":[3784.837],""velocity"":[]}"
16270,33244542796875,/autodrive/roboracer_1/left_encoder,JointState,1789404295640768480,,"{""position"":[3784.801],""velocity"":[]}"
16271,33244542928231,/autodrive/roboracer_1/right_encoder,JointState,1789404295640768480,,"{""position"":[3784.837],""velocity"":[]}"
16278,33244569095470,/autodrive/roboracer_1/left_encoder,JointState,1789404295665765480,,"{""position"":[3784.801],""velocity"":[]}"
16279,33244569247235,/autodrive/roboracer_1/right_encoder,JointState,1789404295665765480,,"{""position"":[3784.837],""velocity"":[]}"
16287,33244593732755,/autodrive/roboracer_1/left_encoder,JointState,1789404295691765480,,"{""position"":[3784.801],""velocity"":[]}"
16288,33244593862278,/autodrive/roboracer_1/right_encoder,JointState,1789404295691765480,,"{""position"":[3784.837],""velocity"":[]}"
16297,33244619733090,/autodrive/roboracer_1/left_encoder,JointState,1789404295716768680,,"{""position"":[3784.801],""velocity"":[]}"
16298,33244619854448,/autodrive/roboracer_1/right_encoder,JointState,1789404295716768680,,"{""position"":[3784.837],""velocity"":[]}"
16304,33244643899752,/autodrive/roboracer_1/left_encoder,JointState,1789404295741765480,,"{""position"":[3784.801],""velocity"":[]}"
16305,33244644059672,/autodrive/roboracer_1/right_encoder,JointState,1789404295741765480,,"{""position"":[3784.837],""velocity"":[]}"
16314,33244670981869,/autodrive/roboracer_1/left_encoder,JointState,1789404295766767880,,"{""position"":[3784.801],""velocity"":[]}"
16315,33244671190741,/autodrive/roboracer_1/right_encoder,JointState,1789404295766767880,,"{""position"":[3784.837],""velocity"":[]}"
16323,33244694213313,/autodrive/roboracer_1/left_encoder,JointState,1789404295791765480,,"{""position"":[3784.801],""velocity"":[]}"
16324,33244694390215,/autodrive/roboracer_1/right_encoder,JointState,1789404295791765480,,"{""position"":[3784.837],""velocity"":[]}"
16332,33244718861499,/autodrive/roboracer_1/left_encoder,JointState,1789404295816765480,,"{""position"":[3784.801],""velocity"":[]}"
16333,33244719019075,/autodrive/roboracer_1/right_encoder,JointState,1789404295816765480,,"{""position"":[3784.837],""velocity"":[]}"
16342,33244743988904,/autodrive/roboracer_1/left_encoder,JointState,1789404295841768680,,"{""position"":[3784.801],""velocity"":[]}"
16343,33244744142152,/autodrive/roboracer_1/right_encoder,JointState,1789404295841768680,,"{""position"":[3784.837],""velocity"":[]}"
16351,33244769892137,/autodrive/roboracer_1/left_encoder,JointState,1789404295866765480,,"{""position"":[3784.801],""velocity"":[]}"
16352,33244770049333,/autodrive/roboracer_1/right_encoder,JointState,1789404295866765480,,"{""position"":[3784.837],""velocity"":[]}"
16360,33244794210553,/autodrive/roboracer_1/left_encoder,JointState,1789404295891767880,,"{""position"":[3784.801],""velocity"":[]}"
16361,33244794364523,/autodrive/roboracer_1/right_encoder,JointState,1789404295891767880,,"{""position"":[3784.837],""velocity"":[]}"
16368,33244818579284,/autodrive/roboracer_1/left_encoder,JointState,1789404295916765480,,"{""position"":[3784.801],""velocity"":[]}"
16369,33244818735848,/autodrive/roboracer_1/right_encoder,JointState,1789404295916765480,,"{""position"":[3784.837],""velocity"":[]}"
16378,33244843944857,/autodrive/roboracer_1/left_encoder,JointState,1789404295941765480,,"{""position"":[3784.801],""velocity"":[]}"
16379,33244844096271,/autodrive/roboracer_1/right_encoder,JointState,1789404295941765480,,"{""position"":[3784.837],""velocity"":[]}"
16387,33244870676736,/autodrive/roboracer_1/left_encoder,JointState,1789404295966768680,,"{""position"":[3784.801],""velocity"":[]}"
16388,33244870833170,/autodrive/roboracer_1/right_encoder,JointState,1789404295966768680,,"{""position"":[3784.837],""velocity"":[]}"
16396,33244894429370,/autodrive/roboracer_1/left_encoder,JointState,1789404295990765480,,"{""position"":[3784.801],""velocity"":[]}"
16397,33244894587276,/autodrive/roboracer_1/right_encoder,JointState,1789404295990765480,,"{""position"":[3784.837],""velocity"":[]}"
16405,33244919694524,/autodrive/roboracer_1/left_encoder,JointState,1789404296016767880,,"{""position"":[3784.801],""velocity"":[]}"
16406,33244919872298,/autodrive/roboracer_1/right_encoder,JointState,1789404296016767880,,"{""position"":[3784.837],""velocity"":[]}"
16413,33244943891773,/autodrive/roboracer_1/left_encoder,JointState,1789404296041765480,,"{""position"":[3784.801],""velocity"":[]}"
16414,33244944058346,/autodrive/roboracer_1/right_encoder,JointState,1789404296041765480,,"{""position"":[3784.837],""velocity"":[]}"
16422,33244969641668,/autodrive/roboracer_1/left_encoder,JointState,1789404296066765480,,"{""position"":[3784.801],""velocity"":[]}"
16423,33244969777743,/autodrive/roboracer_1/right_encoder,JointState,1789404296066765480,,"{""position"":[3784.837],""velocity"":[]}"
16432,33244993829979,/autodrive/roboracer_1/left_encoder,JointState,1789404296091768680,,"{""position"":[3784.801],""velocity"":[]}"
16433,33244993971105,/autodrive/roboracer_1/right_encoder,JointState,1789404296091768680,,"{""position"":[3784.837],""velocity"":[]}"
16441,33245020084803,/autodrive/roboracer_1/left_encoder,JointState,1789404296116765480,,"{""position"":[3784.801],""velocity"":[]}"
16442,33245020254722,/autodrive/roboracer_1/right_encoder,JointState,1789404296116765480,,"{""position"":[3784.837],""velocity"":[]}"
16450,33245043787012,/autodrive/roboracer_1/left_encoder,JointState,1789404296141767880,,"{""position"":[3784.801],""velocity"":[]}"
16451,33245043929128,/autodrive/roboracer_1/right_encoder,JointState,1789404296141767880,,"{""position"":[3784.837],""velocity"":[]}"
16458,33245069685065,/autodrive/roboracer_1/left_encoder,JointState,1789404296166765480,,"{""position"":[3784.801],""velocity"":[]}"
16459,33245069817373,/autodrive/roboracer_1/right_encoder,JointState,1789404296166765480,,"{""position"":[3784.837],""velocity"":[]}"
16467,33245093813865,/autodrive/roboracer_1/left_encoder,JointState,1789404296191765480,,"{""position"":[3784.801],""velocity"":[]}"
16468,33245093976280,/autodrive/roboracer_1/right_encoder,JointState,1789404296191765480,,"{""position"":[3784.837],""velocity"":[]}"
16477,33245121611686,/autodrive/roboracer_1/left_encoder,JointState,1789404296217768180,,"{""position"":[3784.801],""velocity"":[]}"
16478,33245121757891,/autodrive/roboracer_1/right_encoder,JointState,1789404296217768180,,"{""position"":[3784.837],""velocity"":[]}"
16485,33245144617667,/autodrive/roboracer_1/left_encoder,JointState,1789404296241765480,,"{""position"":[3784.801],""velocity"":[]}"
16486,33245144835216,/autodrive/roboracer_1/right_encoder,JointState,1789404296241765480,,"{""position"":[3784.837],""velocity"":[]}"
16494,33245170272323,/autodrive/roboracer_1/left_encoder,JointState,1789404296266767880,,"{""position"":[3784.801],""velocity"":[]}"
16495,33245170468802,/autodrive/roboracer_1/right_encoder,JointState,1789404296266767880,,"{""position"":[3784.837],""velocity"":[]}"
16504,33245193524597,/autodrive/roboracer_1/left_encoder,JointState,1789404296290765480,,"{""position"":[3784.801],""velocity"":[]}"
16505,33245193679508,/autodrive/roboracer_1/right_encoder,JointState,1789404296290765480,,"{""position"":[3784.837],""velocity"":[]}"
16512,33245219840836,/autodrive/roboracer_1/left_encoder,JointState,1789404296316765480,,"{""position"":[3784.801],""velocity"":[]}"
16513,33245220074464,/autodrive/roboracer_1/right_encoder,JointState,1789404296316765480,,"{""position"":[3784.837],""velocity"":[]}"
16521,33245243946562,/autodrive/roboracer_1/left_encoder,JointState,1789404296341768680,,"{""position"":[3784.801],""velocity"":[]}"
16522,33245244099830,/autodrive/roboracer_1/right_encoder,JointState,1789404296341768680,,"{""position"":[3784.837],""velocity"":[]}"
16530,33245271032467,/autodrive/roboracer_1/left_encoder,JointState,1789404296366765480,,"{""position"":[3784.801],""velocity"":[]}"
16531,33245271249685,/autodrive/roboracer_1/right_encoder,JointState,1789404296366765480,,"{""position"":[3784.837],""velocity"":[]}"
16539,33245293970450,/autodrive/roboracer_1/left_encoder,JointState,1789404296391767880,,"{""position"":[3784.801],""velocity"":[]}"
16540,33245294129318,/autodrive/roboracer_1/right_encoder,JointState,1789404296391767880,,"{""position"":[3784.837],""velocity"":[]}"
16548,33245318911516,/autodrive/roboracer_1/left_encoder,JointState,1789404296416765480,,"{""position"":[3784.801],""velocity"":[]}"
16549,33245319086544,/autodrive/roboracer_1/right_encoder,JointState,1789404296416765480,,"{""position"":[3784.837],""velocity"":[]}"
16558,33245344196247,/autodrive/roboracer_1/left_encoder,JointState,1789404296441765480,,"{""position"":[3784.801],""velocity"":[]}"
16559,33245344360976,/autodrive/roboracer_1/right_encoder,JointState,1789404296441765480,,"{""position"":[3784.837],""velocity"":[]}"
16566,33245369656267,/autodrive/roboracer_1/left_encoder,JointState,1789404296466768680,,"{""position"":[3784.801],""velocity"":[]}"
16567,33245369822389,/autodrive/roboracer_1/right_encoder,JointState,1789404296466768680,,"{""position"":[3784.837],""velocity"":[]}"
16576,33245394050796,/autodrive/roboracer_1/left_encoder,JointState,1789404296491765480,,"{""position"":[3784.801],""velocity"":[]}"
16577,33245394189657,/autodrive/roboracer_1/right_encoder,JointState,1789404296491765480,,"{""position"":[3784.837],""velocity"":[]}"
16584,33245418784613,/autodrive/roboracer_1/left_encoder,JointState,1789404296516767880,,"{""position"":[3784.801],""velocity"":[]}"
16585,33245418921981,/autodrive/roboracer_1/right_encoder,JointState,1789404296516767880,,"{""position"":[3784.837],""velocity"":[]}"
16593,33245443850132,/autodrive/roboracer_1/left_encoder,JointState,1789404296541765480,,"{""position"":[3784.801],""velocity"":[]}"
16594,33245443988753,/autodrive/roboracer_1/right_encoder,JointState,1789404296541765480,,"{""position"":[3784.837],""velocity"":[]}"
16603,33245469456818,/autodrive/roboracer_1/left_encoder,JointState,1789404296566765480,,"{""position"":[3784.801],""velocity"":[]}"
16604,33245469621477,/autodrive/roboracer_1/right_encoder,JointState,1789404296566765480,,"{""position"":[3784.837],""velocity"":[]}"
16612,33245493681047,/autodrive/roboracer_1/left_encoder,JointState,1789404296591768680,,"{""position"":[3784.801],""velocity"":[]}"
16613,33245493834756,/autodrive/roboracer_1/right_encoder,JointState,1789404296591768680,,"{""position"":[3784.837],""velocity"":[]}"
16620,33245517786504,/autodrive/roboracer_1/left_encoder,JointState,1789404296615765480,,"{""position"":[3784.801],""velocity"":[]}"
16621,33245517942506,/autodrive/roboracer_1/right_encoder,JointState,1789404296615765480,,"{""position"":[3784.837],""velocity"":[]}"
16629,33245543769987,/autodrive/roboracer_1/left_encoder,JointState,1789404296641767880,,"{""position"":[3784.801],""velocity"":[]}"
16630,33245543959613,/autodrive/roboracer_1/right_encoder,JointState,1789404296641767880,,"{""position"":[3784.837],""velocity"":[]}"
16639,33245570191193,/autodrive/roboracer_1/left_encoder,JointState,1789404296666765480,,"{""position"":[3784.801],""velocity"":[]}"
16640,33245570355051,/autodrive/roboracer_1/right_encoder,JointState,1789404296666765480,,"{""position"":[3784.837],""velocity"":[]}"
16647,33245594510982,/autodrive/roboracer_1/left_encoder,JointState,1789404296691765480,,"{""position"":[3784.801],""velocity"":[]}"
16648,33245594666173,/autodrive/roboracer_1/right_encoder,JointState,1789404296691765480,,"{""position"":[3784.837],""velocity"":[]}"
16656,33245617758236,/autodrive/roboracer_1/left_encoder,JointState,1789404296715769280,,"{""position"":[3784.801],""velocity"":[]}"
16657,33245617901255,/autodrive/roboracer_1/right_encoder,JointState,1789404296715769280,,"{""position"":[3784.837],""velocity"":[]}"
16665,33245643702095,/autodrive/roboracer_1/left_encoder,JointState,1789404296741765480,,"{""position"":[3784.801],""velocity"":[]}"
16666,33245643853540,/autodrive/roboracer_1/right_encoder,JointState,1789404296741765480,,"{""position"":[3784.837],""velocity"":[]}"
16674,33245669903368,/autodrive/roboracer_1/left_encoder,JointState,1789404296766767880,,"{""position"":[3784.801],""velocity"":[]}"
16675,33245670067015,/autodrive/roboracer_1/right_encoder,JointState,1789404296766767880,,"{""position"":[3784.837],""velocity"":[]}"
16683,33245695161970,/autodrive/roboracer_1/left_encoder,JointState,1789404296791765480,,"{""position"":[3784.801],""velocity"":[]}"
16684,33245695420405,/autodrive/roboracer_1/right_encoder,JointState,1789404296791765480,,"{""position"":[3784.837],""velocity"":[]}"
16693,33245719212012,/autodrive/roboracer_1/left_encoder,JointState,1789404296816765480,,"{""position"":[3784.801],""velocity"":[]}"
16694,33245719349721,/autodrive/roboracer_1/right_encoder,JointState,1789404296816765480,,"{""position"":[3784.837],""velocity"":[]}"
16702,33245743934086,/autodrive/roboracer_1/left_encoder,JointState,1789404296841768680,,"{""position"":[3784.801],""velocity"":[]}"
16703,33245744116158,/autodrive/roboracer_1/right_encoder,JointState,1789404296841768680,,"{""position"":[3784.837],""velocity"":[]}"
16710,33245769916207,/autodrive/roboracer_1/left_encoder,JointState,1789404296866765480,,"{""position"":[3784.801],""velocity"":[]}"
16711,33245770061390,/autodrive/roboracer_1/right_encoder,JointState,1789404296866765480,,"{""position"":[3784.837],""velocity"":[]}"
16720,33245794035510,/autodrive/roboracer_1/left_encoder,JointState,1789404296891767880,,"{""position"":[3784.801],""velocity"":[]}"
16721,33245794209296,/autodrive/roboracer_1/right_encoder,JointState,1789404296891767880,,"{""position"":[3784.837],""velocity"":[]}"
16728,33245819091151,/autodrive/roboracer_1/left_encoder,JointState,1789404296916765480,,"{""position"":[3784.801],""velocity"":[]}"
16729,33245819259016,/autodrive/roboracer_1/right_encoder,JointState,1789404296916765480,,"{""position"":[3784.837],""velocity"":[]}"
16738,33245845671896,/autodrive/roboracer_1/left_encoder,JointState,1789404296940767680,,"{""position"":[3784.801],""velocity"":[]}"
16739,33245845830053,/autodrive/roboracer_1/right_encoder,JointState,1789404296940767680,,"{""position"":[3784.837],""velocity"":[]}"
16747,33245869961929,/autodrive/roboracer_1/left_encoder,JointState,1789404296966768680,,"{""position"":[3784.801],""velocity"":[]}"
16748,33245870092023,/autodrive/roboracer_1/right_encoder,JointState,1789404296966768680,,"{""position"":[3784.837],""velocity"":[]}"
16755,33245892734431,/autodrive/roboracer_1/left_encoder,JointState,1789404296990765480,,"{""position"":[3784.801],""velocity"":[]}"
16756,33245892865007,/autodrive/roboracer_1/right_encoder,JointState,1789404296990765480,,"{""position"":[3784.837],""velocity"":[]}"
16764,33245918794810,/autodrive/roboracer_1/left_encoder,JointState,1789404297016767880,,"{""position"":[3784.801],""velocity"":[]}"
16765,33245918965350,/autodrive/roboracer_1/right_encoder,JointState,1789404297016767880,,"{""position"":[3784.837],""velocity"":[]}"
16774,33245943719484,/autodrive/roboracer_1/left_encoder,JointState,1789404297041765480,,"{""position"":[3784.801],""velocity"":[]}"
16775,33245943859898,/autodrive/roboracer_1/right_encoder,JointState,1789404297041765480,,"{""position"":[3784.837],""velocity"":[]}"
16783,33245969538189,/autodrive/roboracer_1/left_encoder,JointState,1789404297065767680,,"{""position"":[3784.801],""velocity"":[]}"
16784,33245969689122,/autodrive/roboracer_1/right_encoder,JointState,1789404297065767680,,"{""position"":[3784.837],""velocity"":[]}"
16792,33245994196203,/autodrive/roboracer_1/left_encoder,JointState,1789404297091768680,,"{""position"":[3784.801],""velocity"":[]}"
16793,33245994365641,/autodrive/roboracer_1/right_encoder,JointState,1789404297091768680,,"{""position"":[3784.837],""velocity"":[]}"
16800,33246020469591,/autodrive/roboracer_1/left_encoder,JointState,1789404297116765480,,"{""position"":[3784.801],""velocity"":[]}"
16801,33246020615705,/autodrive/roboracer_1/right_encoder,JointState,1789404297116765480,,"{""position"":[3784.837],""velocity"":[]}"
16809,33246043416401,/autodrive/roboracer_1/left_encoder,JointState,1789404297140768480,,"{""position"":[3784.801],""velocity"":[]}"
16810,33246043560371,/autodrive/roboracer_1/right_encoder,JointState,1789404297140768480,,"{""position"":[3784.837],""velocity"":[]}"
16818,33246070399041,/autodrive/roboracer_1/left_encoder,JointState,1789404297166765480,,"{""position"":[3784.801],""velocity"":[]}"
16820,33246071294984,/autodrive/roboracer_1/right_encoder,JointState,1789404297166765480,,"{""position"":[3784.837],""velocity"":[]}"
16828,33246092899713,/autodrive/roboracer_1/left_encoder,JointState,1789404297190767680,,"{""position"":[3784.801],""velocity"":[]}"
16829,33246093041750,/autodrive/roboracer_1/right_encoder,JointState,1789404297190767680,,"{""position"":[3784.837],""velocity"":[]}"
16837,33246118859642,/autodrive/roboracer_1/left_encoder,JointState,1789404297216768680,,"{""position"":[3784.801],""velocity"":[]}"
16838,33246119016788,/autodrive/roboracer_1/right_encoder,JointState,1789404297216768680,,"{""position"":[3784.837],""velocity"":[]}"
16847,33246143868956,/autodrive/roboracer_1/left_encoder,JointState,1789404297241765480,,"{""position"":[3784.801],""velocity"":[]}"
16848,33246143992338,/autodrive/roboracer_1/right_encoder,JointState,1789404297241765480,,"{""position"":[3784.837],""velocity"":[]}"
16858,33246168187433,/autodrive/roboracer_1/left_encoder,JointState,1789404297265768480,,"{""position"":[3784.801],""velocity"":[]}"
16859,33246168336643,/autodrive/roboracer_1/right_encoder,JointState,1789404297265768480,,"{""position"":[3784.837],""velocity"":[]}"
16867,33246193648195,/autodrive/roboracer_1/left_encoder,JointState,1789404297291765480,,"{""position"":[3784.801],""velocity"":[]}"
16868,33246193815028,/autodrive/roboracer_1/right_encoder,JointState,1789404297291765480,,"{""position"":[3784.837],""velocity"":[]}"
16877,33246218536291,/autodrive/roboracer_1/left_encoder,JointState,1789404297316765480,,"{""position"":[3784.801],""velocity"":[]}"
16878,33246218678187,/autodrive/roboracer_1/right_encoder,JointState,1789404297316765480,,"{""position"":[3784.837],""velocity"":[]}"
16888,33246244380012,/autodrive/roboracer_1/left_encoder,JointState,1789404297338765480,,"{""position"":[3784.801],""velocity"":[]}"
16889,33246244527309,/autodrive/roboracer_1/right_encoder,JointState,1789404297338765480,,"{""position"":[3784.837],""velocity"":[]}"
16898,33246268398214,/autodrive/roboracer_1/left_encoder,JointState,1789404297366765480,,"{""position"":[3784.801],""velocity"":[]}"
16899,33246268580927,/autodrive/roboracer_1/right_encoder,JointState,1789404297366765480,,"{""position"":[3784.837],""velocity"":[]}"
16909,33246294397177,/autodrive/roboracer_1/left_encoder,JointState,1789404297391767880,,"{""position"":[3784.801],""velocity"":[]}"
16910,33246294538953,/autodrive/roboracer_1/right_encoder,JointState,1789404297391767880,,"{""position"":[3784.837],""velocity"":[]}"
16918,33246319090597,/autodrive/roboracer_1/left_encoder,JointState,1789404297416765480,,"{""position"":[3784.801],""velocity"":[]}"
16919,33246319259014,/autodrive/roboracer_1/right_encoder,JointState,1789404297416765480,,"{""position"":[3784.837],""velocity"":[]}"
16928,33246343705250,/autodrive/roboracer_1/left_encoder,JointState,1789404297441765480,,"{""position"":[3784.801],""velocity"":[]}"
16929,33246343826708,/autodrive/roboracer_1/right_encoder,JointState,1789404297441765480,,"{""position"":[3784.837],""velocity"":[]}"
16938,33246368998117,/autodrive/roboracer_1/left_encoder,JointState,1789404297466768680,,"{""position"":[3784.801],""velocity"":[]}"
16939,33246369200016,/autodrive/roboracer_1/right_encoder,JointState,1789404297466768680,,"{""position"":[3784.837],""velocity"":[]}"
16949,33246392980822,/autodrive/roboracer_1/left_encoder,JointState,1789404297490765480,,"{""position"":[3784.801],""velocity"":[]}"
16950,33246393230261,/autodrive/roboracer_1/right_encoder,JointState,1789404297490765480,,"{""position"":[3784.837],""velocity"":[]}"
16959,33246418706682,/autodrive/roboracer_1/left_encoder,JointState,1789404297516767880,,"{""position"":[3784.801],""velocity"":[]}"
16960,33246418868736,/autodrive/roboracer_1/right_encoder,JointState,1789404297516767880,,"{""position"":[3784.837],""velocity"":[]}"
16969,33246442869346,/autodrive/roboracer_1/left_encoder,JointState,1789404297540765480,,"{""position"":[3784.801],""velocity"":[]}"
16970,33246442989501,/autodrive/roboracer_1/right_encoder,JointState,1789404297540765480,,"{""position"":[3784.837],""velocity"":[]}"
16980,33246468571651,/autodrive/roboracer_1/left_encoder,JointState,1789404297566765480,,"{""position"":[3787.399],""velocity"":[]}"
16981,33246468695804,/autodrive/roboracer_1/right_encoder,JointState,1789404297566765480,,"{""position"":[3787.435],""velocity"":[]}"
16990,33246493840462,/autodrive/roboracer_1/left_encoder,JointState,1789404297591768680,,"{""position"":[3792.583],""velocity"":[]}"
16991,33246493999321,/autodrive/roboracer_1/right_encoder,JointState,1789404297591768680,,"{""position"":[3792.619],""velocity"":[]}"
17001,33246519156262,/autodrive/roboracer_1/left_encoder,JointState,1789404297616765480,,"{""position"":[3800.192],""velocity"":[]}"
17002,33246519324137,/autodrive/roboracer_1/right_encoder,JointState,1789404297616765480,,"{""position"":[3800.224],""velocity"":[]}"
17010,33246544643924,/autodrive/roboracer_1/left_encoder,JointState,1789404297641767880,,"{""position"":[3807.938],""velocity"":[]}"
17011,33246544834933,/autodrive/roboracer_1/right_encoder,JointState,1789404297641767880,,"{""position"":[3807.97],""velocity"":[]}"
17020,33246567965889,/autodrive/roboracer_1/left_encoder,JointState,1789404297665765480,,"{""position"":[3815.373],""velocity"":[]}"
17021,33246568127022,/autodrive/roboracer_1/right_encoder,JointState,1789404297665765480,,"{""position"":[3815.409],""velocity"":[]}"
17031,33246593608673,/autodrive/roboracer_1/left_encoder,JointState,1789404297691765480,,"{""position"":[3823.42],""velocity"":[]}"
17032,33246593772741,/autodrive/roboracer_1/right_encoder,JointState,1789404297691765480,,"{""position"":[3823.456],""velocity"":[]}"
17041,33246617902523,/autodrive/roboracer_1/left_encoder,JointState,1789404297715769280,,"{""position"":[3830.848],""velocity"":[]}"
17042,33246618044079,/autodrive/roboracer_1/right_encoder,JointState,1789404297715769280,,"{""position"":[3830.881],""velocity"":[]}"
17052,33246644142789,/autodrive/roboracer_1/left_encoder,JointState,1789404297741765480,,"{""position"":[3838.886],""velocity"":[]}"
17053,33246644290516,/autodrive/roboracer_1/right_encoder,JointState,1789404297741765480,,"{""position"":[3838.918],""velocity"":[]}"
17061,33246668273653,/autodrive/roboracer_1/left_encoder,JointState,1789404297766767880,,"{""position"":[3846.612],""velocity"":[]}"
17062,33246668436508,/autodrive/roboracer_1/right_encoder,JointState,1789404297766767880,,"{""position"":[3846.648],""velocity"":[]}"
17071,33246693323192,/autodrive/roboracer_1/left_encoder,JointState,1789404297791765480,,"{""position"":[3854.342],""velocity"":[]}"
17072,33246693487100,/autodrive/roboracer_1/right_encoder,JointState,1789404297791765480,,"{""position"":[3854.374],""velocity"":[]}"
17083,33246718940428,/autodrive/roboracer_1/left_encoder,JointState,1789404297816765480,,"{""position"":[3862.058],""velocity"":[]}"
17084,33246719081853,/autodrive/roboracer_1/right_encoder,JointState,1789404297816765480,,"{""position"":[3862.094],""velocity"":[]}"
17093,33246744386943,/autodrive/roboracer_1/left_encoder,JointState,1789404297841768680,,"{""position"":[3869.778],""velocity"":[]}"
17094,33246744583502,/autodrive/roboracer_1/right_encoder,JointState,1789404297841768680,,"{""position"":[3869.811],""velocity"":[]}"
17102,33246769590782,/autodrive/roboracer_1/left_encoder,JointState,1789404297867765480,,"{""position"":[3877.786],""velocity"":[]}"
17103,33246769787972,/autodrive/roboracer_1/right_encoder,JointState,1789404297867765480,,"{""position"":[3877.819],""velocity"":[]}"
17114,33246796935763,/autodrive/roboracer_1/left_encoder,JointState,1789404297891767880,,"{""position"":[3885.175],""velocity"":[]}"
17115,33246797102145,/autodrive/roboracer_1/right_encoder,JointState,1789404297891767880,,"{""position"":[3885.208],""velocity"":[]}"
17124,33246817845407,/autodrive/roboracer_1/left_encoder,JointState,1789404297915765480,,"{""position"":[3892.568],""velocity"":[]}"
17125,33246818039191,/autodrive/roboracer_1/right_encoder,JointState,1789404297915765480,,"{""position"":[3892.6],""velocity"":[]}"
17133,33246844853575,/autodrive/roboracer_1/left_encoder,JointState,1789404297941765480,,"{""position"":[3900.562],""velocity"":[]}"
17134,33246845037200,/autodrive/roboracer_1/right_encoder,JointState,1789404297941765480,,"{""position"":[3900.598],""velocity"":[]}"
17145,33246868763364,/autodrive/roboracer_1/left_encoder,JointState,1789404297965769280,,"{""position"":[3907.945],""velocity"":[]}"
17146,33246868926089,/autodrive/roboracer_1/right_encoder,JointState,1789404297965769280,,"{""position"":[3907.978],""velocity"":[]}"
17154,33246901308411,/autodrive/roboracer_1/left_encoder,JointState,1789404297991765480,,"{""position"":[3915.943],""velocity"":[]}"
17155,33246901459495,/autodrive/roboracer_1/right_encoder,JointState,1789404297991765480,,"{""position"":[3915.976],""velocity"":[]}"
17164,33246918867131,/autodrive/roboracer_1/left_encoder,JointState,1789404298016767880,,"{""position"":[3923.624],""velocity"":[]}"
17165,33246919028985,/autodrive/roboracer_1/right_encoder,JointState,1789404298016767880,,"{""position"":[3923.656],""velocity"":[]}"
17174,33246944132226,/autodrive/roboracer_1/left_encoder,JointState,1789404298041765480,,"{""position"":[3931.301],""velocity"":[]}"
17175,33246944311041,/autodrive/roboracer_1/right_encoder,JointState,1789404298041765480,,"{""position"":[3931.337],""velocity"":[]}"
17183,33246968480859,/autodrive/roboracer_1/left_encoder,JointState,1789404298066765480,,"{""position"":[3938.972],""velocity"":[]}"
17187,33246969583089,/autodrive/roboracer_1/right_encoder,JointState,1789404298066765480,,"{""position"":[3939.004],""velocity"":[]}"
17195,33246994169939,/autodrive/roboracer_1/left_encoder,JointState,1789404298091768680,,"{""position"":[3946.642],""velocity"":[]}"
17196,33246994323017,/autodrive/roboracer_1/right_encoder,JointState,1789404298091768680,,"{""position"":[3946.675],""velocity"":[]}"
17205,33247019477393,/autodrive/roboracer_1/left_encoder,JointState,1789404298116765480,,"{""position"":[3954.313],""velocity"":[]}"
17206,33247019646441,/autodrive/roboracer_1/right_encoder,JointState,1789404298116765480,,"{""position"":[3954.345],""velocity"":[]}"
17215,33247043645126,/autodrive/roboracer_1/left_encoder,JointState,1789404298141767880,,"{""position"":[3961.974],""velocity"":[]}"
17216,33247043803614,/autodrive/roboracer_1/right_encoder,JointState,1789404298141767880,,"{""position"":[3962.007],""velocity"":[]}"
17226,33247068973319,/autodrive/roboracer_1/left_encoder,JointState,1789404298166765480,,"{""position"":[3969.632],""velocity"":[]}"
17227,33247069124964,/autodrive/roboracer_1/right_encoder,JointState,1789404298166765480,,"{""position"":[3969.667],""velocity"":[]}"
17236,33247093546765,/autodrive/roboracer_1/left_encoder,JointState,1789404298191765480,,"{""position"":[3977.292],""velocity"":[]}"
17237,33247093722134,/autodrive/roboracer_1/right_encoder,JointState,1789404298191765480,,"{""position"":[3977.325],""velocity"":[]}"
17246,33247118898301,/autodrive/roboracer_1/left_encoder,JointState,1789404298216768680,,"{""position"":[3984.944],""velocity"":[]}"
17247,33247119069893,/autodrive/roboracer_1/right_encoder,JointState,1789404298216768680,,"{""position"":[3984.976],""velocity"":[]}"
17256,33247144037850,/autodrive/roboracer_1/left_encoder,JointState,1789404298241765480,,"{""position"":[3992.594],""velocity"":[]}"
17257,33247144186018,/autodrive/roboracer_1/right_encoder,JointState,1789404298241765480,,"{""position"":[3992.627],""velocity"":[]}"
17266,33247168233575,/autodrive/roboracer_1/left_encoder,JointState,1789404298266767880,,"{""position"":[4000.246],""velocity"":[]}"
17267,33247168389889,/autodrive/roboracer_1/right_encoder,JointState,1789404298266767880,,"{""position"":[4000.278],""velocity"":[]}"
17278,33247194335401,/autodrive/roboracer_1/left_encoder,JointState,1789404298291765480,,"{""position"":[4007.887],""velocity"":[]}"
17279,33247194576234,/autodrive/roboracer_1/right_encoder,JointState,1789404298291765480,,"{""position"":[4007.92],""velocity"":[]}"
17288,33247219793598,/autodrive/roboracer_1/left_encoder,JointState,1789404298316765480,,"{""position"":[4015.528],""velocity"":[]}"
17289,33247220034711,/autodrive/roboracer_1/right_encoder,JointState,1789404298316765480,,"{""position"":[4015.561],""velocity"":[]}"
17298,33247244331848,/autodrive/roboracer_1/left_encoder,JointState,1789404298341768680,,"{""position"":[4023.169],""velocity"":[]}"
17299,33247244512557,/autodrive/roboracer_1/right_encoder,JointState,1789404298341768680,,"{""position"":[4023.202],""velocity"":[]}"
17307,33247268239372,/autodrive/roboracer_1/left_encoder,JointState,1789404298366765480,,"{""position"":[4030.801],""velocity"":[]}"
17308,33247268396657,/autodrive/roboracer_1/right_encoder,JointState,1789404298366765480,,"{""position"":[4030.833],""velocity"":[]}"
17319,33247292694244,/autodrive/roboracer_1/left_encoder,JointState,1789404298390768480,,"{""position"":[4038.128],""velocity"":[]}"
17320,33247292860387,/autodrive/roboracer_1/right_encoder,JointState,1789404298390768480,,"{""position"":[4038.161],""velocity"":[]}"
17328,33247319087267,/autodrive/roboracer_1/left_encoder,JointState,1789404298416765480,,"{""position"":[4046.064],""velocity"":[]}"
17329,33247319238010,/autodrive/roboracer_1/right_encoder,JointState,1789404298416765480,,"{""position"":[4046.097],""velocity"":[]}"
17338,33247344195507,/autodrive/roboracer_1/left_encoder,JointState,1789404298441765480,,"{""position"":[4053.679],""velocity"":[]}"
17339,33247344340299,/autodrive/roboracer_1/right_encoder,JointState,1789404298441765480,,"{""position"":[4053.712],""velocity"":[]}"
17348,33247368521227,/autodrive/roboracer_1/left_encoder,JointState,1789404298466768680,,"{""position"":[4061.291],""velocity"":[]}"
17349,33247368669596,/autodrive/roboracer_1/right_encoder,JointState,1789404298466768680,,"{""position"":[4061.327],""velocity"":[]}"
17359,33247393745535,/autodrive/roboracer_1/left_encoder,JointState,1789404298491765480,,"{""position"":[4068.903],""velocity"":[]}"
17360,33247393914111,/autodrive/roboracer_1/right_encoder,JointState,1789404298491765480,,"{""position"":[4068.938],""velocity"":[]}"
17370,33247419070331,/autodrive/roboracer_1/left_encoder,JointState,1789404298516767880,,"{""position"":[4076.508],""velocity"":[]}"
17371,33247419237425,/autodrive/roboracer_1/right_encoder,JointState,1789404298516767880,,"{""position"":[4076.541],""velocity"":[]}"
17380,33247444008692,/autodrive/roboracer_1/left_encoder,JointState,1789404298541769480,,"{""position"":[4084.11],""velocity"":[]}"
17381,33247444167841,/autodrive/roboracer_1/right_encoder,JointState,1789404298541769480,,"{""position"":[4084.142],""velocity"":[]}"
17389,33247469058051,/autodrive/roboracer_1/left_encoder,JointState,1789404298566765480,,"{""position"":[4091.712],""velocity"":[]}"
17390,33247469247667,/autodrive/roboracer_1/right_encoder,JointState,1789404298566765480,,"{""position"":[4091.748],""velocity"":[]}"
17401,33247492764568,/autodrive/roboracer_1/left_encoder,JointState,1789404298590769280,,"{""position"":[4099.013],""velocity"":[]}"
17402,33247492888601,/autodrive/roboracer_1/right_encoder,JointState,1789404298590769280,,"{""position"":[4099.045],""velocity"":[]}"
17411,33247519044508,/autodrive/roboracer_1/left_encoder,JointState,1789404298616765480,,"{""position"":[4106.909],""velocity"":[]}"
17412,33247519184682,/autodrive/roboracer_1/right_encoder,JointState,1789404298616765480,,"{""position"":[4106.942],""velocity"":[]}"
17421,33247544224763,/autodrive/roboracer_1/left_encoder,JointState,1789404298641767880,,"{""position"":[4114.501],""velocity"":[]}"
17422,33247544403199,/autodrive/roboracer_1/right_encoder,JointState,1789404298641767880,,"{""position"":[4114.538],""velocity"":[]}"
17430,33247568194946,/autodrive/roboracer_1/left_encoder,JointState,1789404298666769480,,"{""position"":[4122.097],""velocity"":[]}"
17431,33247568351971,/autodrive/roboracer_1/right_encoder,JointState,1789404298666769480,,"{""position"":[4122.13],""velocity"":[]}"
17441,33247593755805,/autodrive/roboracer_1/left_encoder,JointState,1789404298691765480,,"{""position"":[4129.679],""velocity"":[]}"
17442,33247593912409,/autodrive/roboracer_1/right_encoder,JointState,1789404298691765480,,"{""position"":[4129.715],""velocity"":[]}"
17451,33247618493850,/autodrive/roboracer_1/left_encoder,JointState,1789404298716768680,,"{""position"":[4137.265],""velocity"":[]}"
17452,33247618624796,/autodrive/roboracer_1/right_encoder,JointState,1789404298716768680,,"{""position"":[4137.298],""velocity"":[]}"
17462,33247643951095,/autodrive/roboracer_1/left_encoder,JointState,1789404298741765480,,"{""position"":[4144.847],""velocity"":[]}"
17463,33247644108371,/autodrive/roboracer_1/right_encoder,JointState,1789404298741765480,,"{""position"":[4144.88],""velocity"":[]}"
17471,33247668564335,/autodrive/roboracer_1/left_encoder,JointState,1789404298766767880,,"{""position"":[4152.423],""velocity"":[]}"
17472,33247668736348,/autodrive/roboracer_1/right_encoder,JointState,1789404298766767880,,"{""position"":[4152.456],""velocity"":[]}"
17483,33247693857151,/autodrive/roboracer_1/left_encoder,JointState,1789404298791769480,,"{""position"":[4159.996],""velocity"":[]}"
17484,33247694018755,/autodrive/roboracer_1/right_encoder,JointState,1789404298791769480,,"{""position"":[4160.028],""velocity"":[]}"
17493,33247720037705,/autodrive/roboracer_1/left_encoder,JointState,1789404298816765480,,"{""position"":[4167.571],""velocity"":[]}"
17494,33247720234435,/autodrive/roboracer_1/right_encoder,JointState,1789404298816765480,,"{""position"":[4167.604],""velocity"":[]}"
17503,33247743452715,/autodrive/roboracer_1/left_encoder,JointState,1789404298840769280,,"{""position"":[4174.839],""velocity"":[]}"
17504,33247743583831,/autodrive/roboracer_1/right_encoder,JointState,1789404298840769280,,"{""position"":[4174.876],""velocity"":[]}"
17512,33247768321364,/autodrive/roboracer_1/left_encoder,JointState,1789404298866765480,,"{""position"":[4182.707],""velocity"":[]}"
17513,33247768478660,/autodrive/roboracer_1/right_encoder,JointState,1789404298866765480,,"{""position"":[4182.743],""velocity"":[]}"
17522,33247793548367,/autodrive/roboracer_1/left_encoder,JointState,1789404298891767880,,"{""position"":[4190.272],""velocity"":[]}"
17523,33247793713177,/autodrive/roboracer_1/right_encoder,JointState,1789404298891767880,,"{""position"":[4190.306],""velocity"":[]}"
17533,33247819033264,/autodrive/roboracer_1/left_encoder,JointState,1789404298916769480,,"{""position"":[4197.839],""velocity"":[]}"
17534,33247819199166,/autodrive/roboracer_1/right_encoder,JointState,1789404298916769480,,"{""position"":[4197.872],""velocity"":[]}"
17544,33247844533570,/autodrive/roboracer_1/left_encoder,JointState,1789404298941765480,,"{""position"":[4205.392],""velocity"":[]}"
17545,33247844689874,/autodrive/roboracer_1/right_encoder,JointState,1789404298941765480,,"{""position"":[4205.428],""velocity"":[]}"
17553,33247868154196,/autodrive/roboracer_1/left_encoder,JointState,1789404298965769280,,"{""position"":[4212.644],""velocity"":[]}"
17554,33247868330387,/autodrive/roboracer_1/right_encoder,JointState,1789404298965769280,,"{""position"":[4212.679],""velocity"":[]}"
17564,33247893535950,/autodrive/roboracer_1/left_encoder,JointState,1789404298991765480,,"{""position"":[4220.501],""velocity"":[]}"
17565,33247893697854,/autodrive/roboracer_1/right_encoder,JointState,1789404298991765480,,"{""position"":[4220.537],""velocity"":[]}"
17575,33247919142195,/autodrive/roboracer_1/left_encoder,JointState,1789404299016767880,,"{""position"":[4228.057],""velocity"":[]}"
17576,33247919280985,/autodrive/roboracer_1/right_encoder,JointState,1789404299016767880,,"{""position"":[4228.089],""velocity"":[]}"
17585,33247944453125,/autodrive/roboracer_1/left_encoder,JointState,1789404299041769480,,"{""position"":[4235.604],""velocity"":[]}"
17586,33247944581206,/autodrive/roboracer_1/right_encoder,JointState,1789404299041769480,,"{""position"":[4235.636],""velocity"":[]}"
17595,33247968361561,/autodrive/roboracer_1/left_encoder,JointState,1789404299065767680,,"{""position"":[4242.845],""velocity"":[]}"
17596,33247968521101,/autodrive/roboracer_1/right_encoder,JointState,1789404299065767680,,"{""position"":[4242.881],""velocity"":[]}"
17605,33247994203038,/autodrive/roboracer_1/left_encoder,JointState,1789404299091768680,,"{""position"":[4250.693],""velocity"":[]}"
17606,33247994403555,/autodrive/roboracer_1/right_encoder,JointState,1789404299091768680,,"{""position"":[4250.726],""velocity"":[]}"
17616,33248019640066,/autodrive/roboracer_1/left_encoder,JointState,1789404299116765480,,"{""position"":[4258.223],""velocity"":[]}"
17617,33248019830333,/autodrive/roboracer_1/right_encoder,JointState,1789404299116765480,,"{""position"":[4258.259],""velocity"":[]}"
17626,33248044617510,/autodrive/roboracer_1/left_encoder,JointState,1789404299141767880,,"{""position"":[4265.75],""velocity"":[]}"
17627,33248044791737,/autodrive/roboracer_1/right_encoder,JointState,1789404299141767880,,"{""position"":[4265.789],""velocity"":[]}"
17635,33248068728256,/autodrive/roboracer_1/left_encoder,JointState,1789404299164765480,,"{""position"":[4272.674],""velocity"":[]}"
17636,33248068924835,/autodrive/roboracer_1/right_encoder,JointState,1789404299164765480,,"{""position"":[4272.717],""velocity"":[]}"
17647,33248094504490,/autodrive/roboracer_1/left_encoder,JointState,1789404299191765480,,"{""position"":[4280.803],""velocity"":[]}"
17648,33248094663779,/autodrive/roboracer_1/right_encoder,JointState,1789404299191765480,,"{""position"":[4280.849],""velocity"":[]}"
17657,33248119036437,/autodrive/roboracer_1/left_encoder,JointState,1789404299216768680,,"{""position"":[4288.32],""velocity"":[]}"
17658,33248119188263,/autodrive/roboracer_1/right_encoder,JointState,1789404299216768680,,"{""position"":[4288.369],""velocity"":[]}"
17666,33248143743814,/autodrive/roboracer_1/left_encoder,JointState,1789404299241765480,,"{""position"":[4295.837],""velocity"":[]}"
17667,33248143884629,/autodrive/roboracer_1/right_encoder,JointState,1789404299241765480,,"{""position"":[4295.886],""velocity"":[]}"
17678,33248168924119,/autodrive/roboracer_1/left_encoder,JointState,1789404299266767880,,"{""position"":[4303.354],""velocity"":[]}"
17679,33248169074873,/autodrive/roboracer_1/right_encoder,JointState,1789404299266767880,,"{""position"":[4303.399],""velocity"":[]}"
17687,33248194513393,/autodrive/roboracer_1/left_encoder,JointState,1789404299291769480,,"{""position"":[4310.871],""velocity"":[]}"
17689,33248195260025,/autodrive/roboracer_1/right_encoder,JointState,1789404299291769480,,"{""position"":[4310.917],""velocity"":[]}"
17698,33248218927438,/autodrive/roboracer_1/left_encoder,JointState,1789404299315767680,,"{""position"":[4318.077],""velocity"":[]}"
17699,33248219137944,/autodrive/roboracer_1/right_encoder,JointState,1789404299315767680,,"{""position"":[4318.126],""velocity"":[]}"
17708,33248244200227,/autodrive/roboracer_1/left_encoder,JointState,1789404299341768680,,"{""position"":[4325.885],""velocity"":[]}"
17709,33248244365347,/autodrive/roboracer_1/right_encoder,JointState,1789404299341768680,,"{""position"":[4325.931],""velocity"":[]}"
17717,33248267623312,/autodrive/roboracer_1/left_encoder,JointState,1789404299365765480,,"{""position"":[4333.091],""velocity"":[]}"
17718,33248267796517,/autodrive/roboracer_1/right_encoder,JointState,1789404299365765480,,"{""position"":[4333.14],""velocity"":[]}"
17728,33248292563937,/autodrive/roboracer_1/left_encoder,JointState,1789404299390768480,,"{""position"":[4340.598],""velocity"":[]}"
17729,33248292701255,/autodrive/roboracer_1/right_encoder,JointState,1789404299390768480,,"{""position"":[4340.647],""velocity"":[]}"
17738,33248318045868,/autodrive/roboracer_1/left_encoder,JointState,1789404299415765480,,"{""position"":[4348.099],""velocity"":[]}"
17739,33248318209105,/autodrive/roboracer_1/right_encoder,JointState,1789404299415765480,,"{""position"":[4348.144],""velocity"":[]}"
17748,33248343740930,/autodrive/roboracer_1/left_encoder,JointState,1789404299441765480,,"{""position"":[4355.894],""velocity"":[]}"
17749,33248343926349,/autodrive/roboracer_1/right_encoder,JointState,1789404299441765480,,"{""position"":[4355.943],""velocity"":[]}"
17757,33248367654356,/autodrive/roboracer_1/left_encoder,JointState,1789404299465769280,,"{""position"":[4363.093],""velocity"":[]}"
17761,33248368670825,/autodrive/roboracer_1/right_encoder,JointState,1789404299465769280,,"{""position"":[4363.139],""velocity"":[]}"
17769,33248393782261,/autodrive/roboracer_1/left_encoder,JointState,1789404299491765480,,"{""position"":[4370.888],""velocity"":[]}"
17770,33248393916062,/autodrive/roboracer_1/right_encoder,JointState,1789404299491765480,,"{""position"":[4370.938],""velocity"":[]}"
17780,33248419097800,/autodrive/roboracer_1/left_encoder,JointState,1789404299516767880,,"{""position"":[4378.378],""velocity"":[]}"
17781,33248419241790,/autodrive/roboracer_1/right_encoder,JointState,1789404299516767880,,"{""position"":[4378.424],""velocity"":[]}"
17790,33248444797881,/autodrive/roboracer_1/left_encoder,JointState,1789404299541769480,,"{""position"":[4385.866],""velocity"":[]}"
17791,33248444925741,/autodrive/roboracer_1/right_encoder,JointState,1789404299541769480,,"{""position"":[4385.912],""velocity"":[]}"
17799,33248468236405,/autodrive/roboracer_1/left_encoder,JointState,1789404299566765480,,"{""position"":[4393.354],""velocity"":[]}"
17800,33248468393480,/autodrive/roboracer_1/right_encoder,JointState,1789404299566765480,,"{""position"":[4393.399],""velocity"":[]}"
17810,33248494707735,/autodrive/roboracer_1/left_encoder,JointState,1789404299591768680,,"{""position"":[4400.841],""velocity"":[]}"
17811,33248494898102,/autodrive/roboracer_1/right_encoder,JointState,1789404299591768680,,"{""position"":[4400.887],""velocity"":[]}"
17820,33248518868485,/autodrive/roboracer_1/left_encoder,JointState,1789404299616765480,,"{""position"":[4408.319],""velocity"":[]}"
17821,33248519045838,/autodrive/roboracer_1/right_encoder,JointState,1789404299616765480,,"{""position"":[4408.365],""velocity"":[]}"
17831,33248545420467,/autodrive/roboracer_1/left_encoder,JointState,1789404299640768480,,"{""position"":[4415.499],""velocity"":[]}"
17832,33248545573674,/autodrive/roboracer_1/right_encoder,JointState,1789404299640768480,,"{""position"":[4415.545],""velocity"":[]}"
17840,33248567683672,/autodrive/roboracer_1/left_encoder,JointState,1789404299665765480,,"{""position"":[4422.977],""velocity"":[]}"
17841,33248567825990,/autodrive/roboracer_1/right_encoder,JointState,1789404299665765480,,"{""position"":[4423.022],""velocity"":[]}"
17850,33248592434851,/autodrive/roboracer_1/left_encoder,JointState,1789404299690767680,,"{""position"":[4430.454],""velocity"":[]}"
17851,33248592612956,/autodrive/roboracer_1/right_encoder,JointState,1789404299690767680,,"{""position"":[4430.5],""velocity"":[]}"
17861,33248618934374,/autodrive/roboracer_1/left_encoder,JointState,1789404299716768680,,"{""position"":[4438.233],""velocity"":[]}"
17862,33248619112749,/autodrive/roboracer_1/right_encoder,JointState,1789404299716768680,,"{""position"":[4438.279],""velocity"":[]}"
17872,33248644023308,/autodrive/roboracer_1/left_encoder,JointState,1789404299741765480,,"{""position"":[4445.701],""velocity"":[]}"
17873,33248644163421,/autodrive/roboracer_1/right_encoder,JointState,1789404299741765480,,"{""position"":[4445.747],""velocity"":[]}"
17881,33248668881638,/autodrive/roboracer_1/left_encoder,JointState,1789404299766767880,,"{""position"":[4453.168],""velocity"":[]}"
17882,33248669079069,/autodrive/roboracer_1/right_encoder,JointState,1789404299766767880,,"{""position"":[4453.218],""velocity"":[]}"
17893,33248693465734,/autodrive/roboracer_1/left_encoder,JointState,1789404299790765480,,"{""position"":[4460.338],""velocity"":[]}"
17894,33248693669276,/autodrive/roboracer_1/right_encoder,JointState,1789404299790765480,,"{""position"":[4460.388],""velocity"":[]}"
17902,33248719153612,/autodrive/roboracer_1/left_encoder,JointState,1789404299816765480,,"{""position"":[4468.107],""velocity"":[]}"
17903,33248719315115,/autodrive/roboracer_1/right_encoder,JointState,1789404299816765480,,"{""position"":[4468.153],""velocity"":[]}"
17912,33248743940829,/autodrive/roboracer_1/left_encoder,JointState,1789404299841768680,,"{""position"":[4475.565],""velocity"":[]}"
17913,33248744096932,/autodrive/roboracer_1/right_encoder,JointState,1789404299841768680,,"{""position"":[4475.611],""velocity"":[]}"
17922,33248768389259,/autodrive/roboracer_1/left_encoder,JointState,1789404299866765480,,"{""position"":[4483.023],""velocity"":[]}"
17923,33248768539582,/autodrive/roboracer_1/right_encoder,JointState,1789404299866765480,,"{""position"":[4483.072],""velocity"":[]}"
17933,33248794047031,/autodrive/roboracer_1/left_encoder,JointState,1789404299891767880,,"{""position"":[4490.485],""velocity"":[]}"
17934,33248794229975,/autodrive/roboracer_1/right_encoder,JointState,1789404299891767880,,"{""position"":[4490.531],""velocity"":[]}"
17943,33248818770598,/autodrive/roboracer_1/left_encoder,JointState,1789404299916769480,,"{""position"":[4497.943],""velocity"":[]}"
17944,33248818928996,/autodrive/roboracer_1/right_encoder,JointState,1789404299916769480,,"{""position"":[4497.989],""velocity"":[]}"
17954,33248843710502,/autodrive/roboracer_1/left_encoder,JointState,1789404299941765480,,"{""position"":[4505.4],""velocity"":[]}"
17955,33248843858440,/autodrive/roboracer_1/right_encoder,JointState,1789404299941765480,,"{""position"":[4505.45],""velocity"":[]}"
17962,33248867365121,/autodrive/roboracer_1/left_encoder,JointState,1789404299965769280,,"{""position"":[4512.554],""velocity"":[]}"
17966,33248868295158,/autodrive/roboracer_1/right_encoder,JointState,1789404299965769280,,"{""position"":[4512.6],""velocity"":[]}"
17975,33248893689746,/autodrive/roboracer_1/left_encoder,JointState,1789404299991765480,,"{""position"":[4520.3],""velocity"":[]}"
17976,33248893819590,/autodrive/roboracer_1/right_encoder,JointState,1789404299991765480,,"{""position"":[4520.35],""velocity"":[]}"
17985,33248919670544,/autodrive/roboracer_1/left_encoder,JointState,1789404300016767880,,"{""position"":[4527.751],""velocity"":[]}"
17986,33248919832439,/autodrive/roboracer_1/right_encoder,JointState,1789404300016767880,,"{""position"":[4527.797],""velocity"":[]}"
17995,33248944464073,/autodrive/roboracer_1/left_encoder,JointState,1789404300041769480,,"{""position"":[4535.2],""velocity"":[]}"
17996,33248944648660,/autodrive/roboracer_1/right_encoder,JointState,1789404300041769480,,"{""position"":[4535.246],""velocity"":[]}"
18004,33248968130825,/autodrive/roboracer_1/left_encoder,JointState,1789404300066765480,,"{""position"":[4542.632],""velocity"":[]}"
18005,33248968316865,/autodrive/roboracer_1/right_encoder,JointState,1789404300066765480,,"{""position"":[4542.678],""velocity"":[]}"
18015,33248993766376,/autodrive/roboracer_1/left_encoder,JointState,1789404300091768680,,"{""position"":[4550.063],""velocity"":[]}"
18016,33248993910166,/autodrive/roboracer_1/right_encoder,JointState,1789404300091768680,,"{""position"":[4550.109],""velocity"":[]}"
18025,33249019227458,/autodrive/roboracer_1/left_encoder,JointState,1789404300116765480,,"{""position"":[4557.492],""velocity"":[]}"
18026,33249019367511,/autodrive/roboracer_1/right_encoder,JointState,1789404300116765480,,"{""position"":[4557.538],""velocity"":[]}"
18035,33249044048498,/autodrive/roboracer_1/left_encoder,JointState,1789404300141767880,,"{""position"":[4564.924],""velocity"":[]}"
18036,33249044220712,/autodrive/roboracer_1/right_encoder,JointState,1789404300141767880,,"{""position"":[4564.97],""velocity"":[]}"
18045,33249068246208,/autodrive/roboracer_1/left_encoder,JointState,1789404300166769480,,"{""position"":[4572.353],""velocity"":[]}"
18046,33249068451083,/autodrive/roboracer_1/right_encoder,JointState,1789404300166769480,,"{""position"":[4572.398],""velocity"":[]}"
18056,33249093561597,/autodrive/roboracer_1/left_encoder,JointState,1789404300191765480,,"{""position"":[4579.774],""velocity"":[]}"
18057,33249093689086,/autodrive/roboracer_1/right_encoder,JointState,1789404300191765480,,"{""position"":[4579.82],""velocity"":[]}"
18067,33249119046263,/autodrive/roboracer_1/left_encoder,JointState,1789404300216768680,,"{""position"":[4587.197],""velocity"":[]}"
18068,33249119190615,/autodrive/roboracer_1/right_encoder,JointState,1789404300216768680,,"{""position"":[4587.243],""velocity"":[]}"
18077,33249144593267,/autodrive/roboracer_1/left_encoder,JointState,1789404300241765480,,"{""position"":[4594.616],""velocity"":[]}"
18078,33249144769739,/autodrive/roboracer_1/right_encoder,JointState,1789404300241765480,,"{""position"":[4594.661],""velocity"":[]}"
18087,33249170376134,/autodrive/roboracer_1/left_encoder,JointState,1789404300266767880,,"{""position"":[4602.038],""velocity"":[]}"
18088,33249170553207,/autodrive/roboracer_1/right_encoder,JointState,1789404300266767880,,"{""position"":[4602.083],""velocity"":[]}"
18097,33249193209932,/autodrive/roboracer_1/left_encoder,JointState,1789404300290765480,,"{""position"":[4609.162],""velocity"":[]}"
18098,33249193413354,/autodrive/roboracer_1/right_encoder,JointState,1789404300290765480,,"{""position"":[4609.208],""velocity"":[]}"
18108,33249218737149,/autodrive/roboracer_1/left_encoder,JointState,1789404300316765480,,"{""position"":[4616.868],""velocity"":[]}"
18109,33249218883624,/autodrive/roboracer_1/right_encoder,JointState,1789404300316765480,,"{""position"":[4616.914],""velocity"":[]}"
18118,33249244191819,/autodrive/roboracer_1/left_encoder,JointState,1789404300341768680,,"{""position"":[4624.281],""velocity"":[]}"
18119,33249244373150,/autodrive/roboracer_1/right_encoder,JointState,1789404300341768680,,"{""position"":[4624.327],""velocity"":[]}"
18127,33249268149808,/autodrive/roboracer_1/left_encoder,JointState,1789404300366765480,,"{""position"":[4631.689],""velocity"":[]}"
18128,33249268305581,/autodrive/roboracer_1/right_encoder,JointState,1789404300366765480,,"{""position"":[4631.739],""velocity"":[]}"
18139,33249293824302,/autodrive/roboracer_1/left_encoder,JointState,1789404300391767880,,"{""position"":[4639.102],""velocity"":[]}"
18140,33249293953585,/autodrive/roboracer_1/right_encoder,JointState,1789404300391767880,,"{""position"":[4639.147],""velocity"":[]}"
18149,33249319178193,/autodrive/roboracer_1/left_encoder,JointState,1789404300416769480,,"{""position"":[4646.514],""velocity"":[]}"
18150,33249319340127,/autodrive/roboracer_1/right_encoder,JointState,1789404300416769480,,"{""position"":[4646.56],""velocity"":[]}"
18159,33249343984135,/autodrive/roboracer_1/left_encoder,JointState,1789404300441765480,,"{""position"":[4653.923],""velocity"":[]}"
18160,33249344129127,/autodrive/roboracer_1/right_encoder,JointState,1789404300441765480,,"{""position"":[4653.972],""velocity"":[]}"
18170,33249368891087,/autodrive/roboracer_1/left_encoder,JointState,1789404300466768680,,"{""position"":[4661.325],""velocity"":[]}"
18171,33249369032853,/autodrive/roboracer_1/right_encoder,JointState,1789404300466768680,,"{""position"":[4661.375],""velocity"":[]}"
18179,33249393886064,/autodrive/roboracer_1/left_encoder,JointState,1789404300491765480,,"{""position"":[4668.728],""velocity"":[]}"
18180,33249394045022,/autodrive/roboracer_1/right_encoder,JointState,1789404300491765480,,"{""position"":[4668.773],""velocity"":[]}"
18189,33249418778578,/autodrive/roboracer_1/left_encoder,JointState,1789404300516767880,,"{""position"":[4676.13],""velocity"":[]}"
18190,33249418940532,/autodrive/roboracer_1/right_encoder,JointState,1789404300516767880,,"{""position"":[4676.175],""velocity"":[]}"
18199,33249443798121,/autodrive/roboracer_1/left_encoder,JointState,1789404300541769480,,"{""position"":[4683.529],""velocity"":[]}"
18200,33249443948915,/autodrive/roboracer_1/right_encoder,JointState,1789404300541769480,,"{""position"":[4683.578],""velocity"":[]}"
18209,33249468212297,/autodrive/roboracer_1/left_encoder,JointState,1789404300566765480,,"{""position"":[4690.931],""velocity"":[]}"
18210,33249468387486,/autodrive/roboracer_1/right_encoder,JointState,1789404300566765480,,"{""position"":[4690.977],""velocity"":[]}"
18220,33249493575606,/autodrive/roboracer_1/left_encoder,JointState,1789404300591768680,,"{""position"":[4698.324],""velocity"":[]}"
18221,33249493737440,/autodrive/roboracer_1/right_encoder,JointState,1789404300591768680,,"{""position"":[4698.37],""velocity"":[]}"
18229,33249518483059,/autodrive/roboracer_1/left_encoder,JointState,1789404300616765480,,"{""position"":[4705.717],""velocity"":[]}"
18230,33249518649131,/autodrive/roboracer_1/right_encoder,JointState,1789404300616765480,,"{""position"":[4705.763],""velocity"":[]}"
18241,33249544045642,/autodrive/roboracer_1/left_encoder,JointState,1789404300641767880,,"{""position"":[4713.109],""velocity"":[]}"
18242,33249544202186,/autodrive/roboracer_1/right_encoder,JointState,1789404300641767880,,"{""position"":[4713.155],""velocity"":[]}"
18250,33249568618577,/autodrive/roboracer_1/left_encoder,JointState,1789404300666769480,,"{""position"":[4720.499],""velocity"":[]}"
18253,33249569474704,/autodrive/roboracer_1/right_encoder,JointState,1789404300666769480,,"{""position"":[4720.547],""velocity"":[]}"
18262,33249594309972,/autodrive/roboracer_1/left_encoder,JointState,1789404300691765480,,"{""position"":[4727.891],""velocity"":[]}"
18263,33249594464772,/autodrive/roboracer_1/right_encoder,JointState,1789404300691765480,,"{""position"":[4727.94],""velocity"":[]}"
18271,33249619507499,/autodrive/roboracer_1/left_encoder,JointState,1789404300716768680,,"{""position"":[4735.283],""velocity"":[]}"
18272,33249619660296,/autodrive/roboracer_1/right_encoder,JointState,1789404300716768680,,"{""position"":[4735.329],""velocity"":[]}"
18281,33249643820525,/autodrive/roboracer_1/left_encoder,JointState,1789404300740765480,,"{""position"":[4742.372],""velocity"":[]}"
18282,33249643951341,/autodrive/roboracer_1/right_encoder,JointState,1789404300740765480,,"{""position"":[4742.417],""velocity"":[]}"
18291,33249668171473,/autodrive/roboracer_1/left_encoder,JointState,1789404300766767880,,"{""position"":[4750.049],""velocity"":[]}"
18292,33249668333547,/autodrive/roboracer_1/right_encoder,JointState,1789404300766767880,,"{""position"":[4750.095],""velocity"":[]}"
18302,33249694518118,/autodrive/roboracer_1/left_encoder,JointState,1789404300791769480,,"{""position"":[4757.432],""velocity"":[]}"
18303,33249694682918,/autodrive/roboracer_1/right_encoder,JointState,1789404300791769480,,"{""position"":[4757.478],""velocity"":[]}"
18313,33249718509961,/autodrive/roboracer_1/left_encoder,JointState,1789404300815767680,,"{""position"":[4764.517],""velocity"":[]}"
18314,33249718761163,/autodrive/roboracer_1/right_encoder,JointState,1789404300815767680,,"{""position"":[4764.565],""velocity"":[]}"
18323,33249743841881,/autodrive/roboracer_1/left_encoder,JointState,1789404300841768680,,"{""position"":[4772.194],""velocity"":[]}"
18324,33249743993135,/autodrive/roboracer_1/right_encoder,JointState,1789404300841768680,,"{""position"":[4772.243],""velocity"":[]}"
18332,33249768483204,/autodrive/roboracer_1/left_encoder,JointState,1789404300866765480,,"{""position"":[4779.577],""velocity"":[]}"
18333,33249768644898,/autodrive/roboracer_1/right_encoder,JointState,1789404300866765480,,"{""position"":[4779.625],""velocity"":[]}"
18343,33249793940399,/autodrive/roboracer_1/left_encoder,JointState,1789404300891767880,,"{""position"":[4786.95],""velocity"":[]}"
18344,33249794109887,/autodrive/roboracer_1/right_encoder,JointState,1789404300891767880,,"{""position"":[4786.999],""velocity"":[]}"
18354,33249819150680,/autodrive/roboracer_1/left_encoder,JointState,1789404300916769480,,"{""position"":[4794.322],""velocity"":[]}"
18355,33249819314097,/autodrive/roboracer_1/right_encoder,JointState,1789404300916769480,,"{""position"":[4794.372],""velocity"":[]}"
18364,33249845140115,/autodrive/roboracer_1/left_encoder,JointState,1789404300942765480,,"{""position"":[4801.99],""velocity"":[]}"
18365,33249845303592,/autodrive/roboracer_1/right_encoder,JointState,1789404300942765480,,"{""position"":[4802.039],""velocity"":[]}"
18373,33249868646837,/autodrive/roboracer_1/left_encoder,JointState,1789404300966768680,,"{""position"":[4809.068],""velocity"":[]}"
18374,33249868820152,/autodrive/roboracer_1/right_encoder,JointState,1789404300966768680,,"{""position"":[4809.114],""velocity"":[]}"
18384,33249894089845,/autodrive/roboracer_1/left_encoder,JointState,1789404300991765480,,"{""position"":[4816.441],""velocity"":[]}"
18385,33249894285393,/autodrive/roboracer_1/right_encoder,JointState,1789404300991765480,,"{""position"":[4816.487],""velocity"":[]}"
18394,33249918800679,/autodrive/roboracer_1/left_encoder,JointState,1789404301016767880,,"{""position"":[4823.814],""velocity"":[]}"
18395,33249918951803,/autodrive/roboracer_1/right_encoder,JointState,1789404301016767880,,"{""position"":[4823.86],""velocity"":[]}"
18405,33249943999258,/autodrive/roboracer_1/left_encoder,JointState,1789404301041769480,,"{""position"":[4831.177],""velocity"":[]}"
18406,33249944161022,/autodrive/roboracer_1/right_encoder,JointState,1789404301041769480,,"{""position"":[4831.223],""velocity"":[]}"
18414,33249968690575,/autodrive/roboracer_1/left_encoder,JointState,1789404301066765480,,"{""position"":[4838.541],""velocity"":[]}"
18415,33249968915167,/autodrive/roboracer_1/right_encoder,JointState,1789404301066765480,,"{""position"":[4838.586],""velocity"":[]}"
18425,33249993766835,/autodrive/roboracer_1/left_encoder,JointState,1789404301091768680,,"{""position"":[4845.904],""velocity"":[]}"
18426,33249993902730,/autodrive/roboracer_1/right_encoder,JointState,1789404301091768680,,"{""position"":[4845.95],""velocity"":[]}"
18436,33250019660760,/autodrive/roboracer_1/left_encoder,JointState,1789404301116765480,,"{""position"":[4853.267],""velocity"":[]}"
18437,33250019866817,/autodrive/roboracer_1/right_encoder,JointState,1789404301116765480,,"{""position"":[4853.313],""velocity"":[]}"
18446,33250044112026,/autodrive/roboracer_1/left_encoder,JointState,1789404301141767880,,"{""position"":[4860.63],""velocity"":[]}"
18447,33250044291543,/autodrive/roboracer_1/right_encoder,JointState,1789404301141767880,,"{""position"":[4860.675],""velocity"":[]}"
18456,33250069092085,/autodrive/roboracer_1/left_encoder,JointState,1789404301166769480,,"{""position"":[4867.993],""velocity"":[]}"
18457,33250069259449,/autodrive/roboracer_1/right_encoder,JointState,1789404301166769480,,"{""position"":[4868.039],""velocity"":[]}"
18466,33250092915572,/autodrive/roboracer_1/left_encoder,JointState,1789404301190767680,,"{""position"":[4875.052],""velocity"":[]}"
18467,33250093101210,/autodrive/roboracer_1/right_encoder,JointState,1789404301190767680,,"{""position"":[4875.101],""velocity"":[]}"
18477,33250118936556,/autodrive/roboracer_1/left_encoder,JointState,1789404301216768680,,"{""position"":[4882.7],""velocity"":[]}"
18478,33250119106455,/autodrive/roboracer_1/right_encoder,JointState,1789404301216768680,,"{""position"":[4882.749],""velocity"":[]}"
18486,33250143541931,/autodrive/roboracer_1/left_encoder,JointState,1789404301241765480,,"{""position"":[4890.053],""velocity"":[]}"
18487,33250143702142,/autodrive/roboracer_1/right_encoder,JointState,1789404301241765480,,"{""position"":[4890.102],""velocity"":[]}"
18498,33250168579889,/autodrive/roboracer_1/left_encoder,JointState,1789404301266767880,,"{""position"":[4897.406],""velocity"":[]}"
18499,33250168732486,/autodrive/roboracer_1/right_encoder,JointState,1789404301266767880,,"{""position"":[4897.455],""velocity"":[]}"
18506,33250192315641,/autodrive/roboracer_1/left_encoder,JointState,1789404301290765480,,"{""position"":[4904.468],""velocity"":[]}"
18507,33250192476272,/autodrive/roboracer_1/right_encoder,JointState,1789404301290765480,,"{""position"":[4904.514],""velocity"":[]}"
18518,33250219994619,/autodrive/roboracer_1/left_encoder,JointState,1789404301316765480,,"{""position"":[4912.116],""velocity"":[]}"
18519,33250220225994,/autodrive/roboracer_1/right_encoder,JointState,1789404301316765480,,"{""position"":[4912.162],""velocity"":[]}"
18527,33250243544772,/autodrive/roboracer_1/left_encoder,JointState,1789404301340769280,,"{""position"":[4919.174],""velocity"":[]}"
18528,33250243696888,/autodrive/roboracer_1/right_encoder,JointState,1789404301340769280,,"{""position"":[4919.22],""velocity"":[]}"
18537,33250268191004,/autodrive/roboracer_1/left_encoder,JointState,1789404301366765480,,"{""position"":[4926.803],""velocity"":[]}"
18538,33250268358729,/autodrive/roboracer_1/right_encoder,JointState,1789404301366765480,,"{""position"":[4926.849],""velocity"":[]}"
18548,33250294314641,/autodrive/roboracer_1/left_encoder,JointState,1789404301391767880,,"{""position"":[4934.136],""velocity"":[]}"
18549,33250294474301,/autodrive/roboracer_1/right_encoder,JointState,1789404301391767880,,"{""position"":[4934.186],""velocity"":[]}"
18558,33250319668793,/autodrive/roboracer_1/left_encoder,JointState,1789404301416769480,,"{""position"":[4941.474],""velocity"":[]}"
18559,33250319845234,/autodrive/roboracer_1/right_encoder,JointState,1789404301416769480,,"{""position"":[4941.519],""velocity"":[]}"
18569,33250344093549,/autodrive/roboracer_1/left_encoder,JointState,1789404301441765480,,"{""position"":[4948.807],""velocity"":[]}"
18570,33250344225206,/autodrive/roboracer_1/right_encoder,JointState,1789404301441765480,,"{""position"":[4948.853],""velocity"":[]}"
18580,33250369234871,/autodrive/roboracer_1/left_encoder,JointState,1789404301466768680,,"{""position"":[4956.141],""velocity"":[]}"
18581,33250369392086,/autodrive/roboracer_1/right_encoder,JointState,1789404301466768680,,"{""position"":[4956.187],""velocity"":[]}"
18589,33250393658565,/autodrive/roboracer_1/left_encoder,JointState,1789404301491765480,,"{""position"":[4963.475],""velocity"":[]}"
18590,33250393797476,/autodrive/roboracer_1/right_encoder,JointState,1789404301491765480,,"{""position"":[4963.523],""velocity"":[]}"
18599,33250418802863,/autodrive/roboracer_1/left_encoder,JointState,1789404301516767880,,"{""position"":[4970.808],""velocity"":[]}"
18600,33250418927807,/autodrive/roboracer_1/right_encoder,JointState,1789404301516767880,,"{""position"":[4970.857],""velocity"":[]}"
18610,33250443915951,/autodrive/roboracer_1/left_encoder,JointState,1789404301541769480,,"{""position"":[4978.135],""velocity"":[]}"
18611,33250444054131,/autodrive/roboracer_1/right_encoder,JointState,1789404301541769480,,"{""position"":[4978.181],""velocity"":[]}"
18619,33250468153115,/autodrive/roboracer_1/left_encoder,JointState,1789404301566765480,,"{""position"":[4985.459],""velocity"":[]}"
18620,33250468304209,/autodrive/roboracer_1/right_encoder,JointState,1789404301566765480,,"{""position"":[4985.508],""velocity"":[]}"
18630,33250493591725,/autodrive/roboracer_1/left_encoder,JointState,1789404301591768680,,"{""position"":[4992.783],""velocity"":[]}"
18631,33250493741306,/autodrive/roboracer_1/right_encoder,JointState,1789404301591768680,,"{""position"":[4992.832],""velocity"":[]}"
18641,33250519176430,/autodrive/roboracer_1/left_encoder,JointState,1789404301616765480,,"{""position"":[5000.11],""velocity"":[]}"
18642,33250519341029,/autodrive/roboracer_1/right_encoder,JointState,1789404301616765480,,"{""position"":[5000.156],""velocity"":[]}"
18651,33250543894507,/autodrive/roboracer_1/left_encoder,JointState,1789404301641767880,,"{""position"":[5007.434],""velocity"":[]}"
18652,33250544031544,/autodrive/roboracer_1/right_encoder,JointState,1789404301641767880,,"{""position"":[5007.479],""velocity"":[]}"
18660,33250569248589,/autodrive/roboracer_1/left_encoder,JointState,1789404301664765480,,"{""position"":[5014.172],""velocity"":[]}"
18661,33250569396055,/autodrive/roboracer_1/right_encoder,JointState,1789404301664765480,,"{""position"":[5014.221],""velocity"":[]}"
18671,33250593776739,/autodrive/roboracer_1/left_encoder,JointState,1789404301691765480,,"{""position"":[5022.085],""velocity"":[]}"
18672,33250593918214,/autodrive/roboracer_1/right_encoder,JointState,1789404301691765480,,"{""position"":[5022.131],""velocity"":[]}"
18681,33250619597888,/autodrive/roboracer_1/left_encoder,JointState,1789404301716768680,,"{""position"":[5029.399],""velocity"":[]}"
18682,33250619761274,/autodrive/roboracer_1/right_encoder,JointState,1789404301716768680,,"{""position"":[5029.445],""velocity"":[]}"
18690,33250643380407,/autodrive/roboracer_1/left_encoder,JointState,1789404301741765480,,"{""position"":[5036.712],""velocity"":[]}"
18693,33250644261983,/autodrive/roboracer_1/right_encoder,JointState,1789404301741765480,,"{""position"":[5036.762],""velocity"":[]}"
18701,33250668367740,/autodrive/roboracer_1/left_encoder,JointState,1789404301766767880,,"{""position"":[5044.023],""velocity"":[]}"
18704,33250669180146,/autodrive/roboracer_1/right_encoder,JointState,1789404301766767880,,"{""position"":[5044.069],""velocity"":[]}"
18711,33250693376353,/autodrive/roboracer_1/left_encoder,JointState,1789404301791769480,,"{""position"":[5051.328],""velocity"":[]}"
18712,33250693522657,/autodrive/roboracer_1/right_encoder,JointState,1789404301791769480,,"{""position"":[5051.376],""velocity"":[]}"
18722,33250718221939,/autodrive/roboracer_1/left_encoder,JointState,1789404301815767680,,"{""position"":[5058.341],""velocity"":[]}"
18723,33250718409461,/autodrive/roboracer_1/right_encoder,JointState,1789404301815767680,,"{""position"":[5058.39],""velocity"":[]}"
18732,33250743977525,/autodrive/roboracer_1/left_encoder,JointState,1789404301841768680,,"{""position"":[5065.939],""velocity"":[]}"
18733,33250744193130,/autodrive/roboracer_1/right_encoder,JointState,1789404301841768680,,"{""position"":[5065.985],""velocity"":[]}"
18742,33250768689109,/autodrive/roboracer_1/left_encoder,JointState,1789404301866765480,,"{""position"":[5073.237],""velocity"":[]}"
18745,33250769486136,/autodrive/roboracer_1/right_encoder,JointState,1789404301866765480,,"{""position"":[5073.283],""velocity"":[]}"
18753,33250794508806,/autodrive/roboracer_1/left_encoder,JointState,1789404301891767880,,"{""position"":[5080.528],""velocity"":[]}"
18754,33250794666512,/autodrive/roboracer_1/right_encoder,JointState,1789404301891767880,,"{""position"":[5080.574],""velocity"":[]}"
18763,33250817984489,/autodrive/roboracer_1/left_encoder,JointState,1789404301915765480,,"{""position"":[5087.521],""velocity"":[]}"
18764,33250818152414,/autodrive/roboracer_1/right_encoder,JointState,1789404301915765480,,"{""position"":[5087.57],""velocity"":[]}"
18774,33250844856131,/autodrive/roboracer_1/left_encoder,JointState,1789404301941765480,,"{""position"":[5095.101],""velocity"":[]}"
18775,33250844995362,/autodrive/roboracer_1/right_encoder,JointState,1789404301941765480,,"{""position"":[5095.149],""velocity"":[]}"
18783,33250868314472,/autodrive/roboracer_1/left_encoder,JointState,1789404301966768680,,"{""position"":[5102.378],""velocity"":[]}"
18784,33250868466187,/autodrive/roboracer_1/right_encoder,JointState,1789404301966768680,,"{""position"":[5102.424],""velocity"":[]}"
18795,33250893910788,/autodrive/roboracer_1/left_encoder,JointState,1789404301991765480,,"{""position"":[5109.653],""velocity"":[]}"
18796,33250894055310,/autodrive/roboracer_1/right_encoder,JointState,1789404301991765480,,"{""position"":[5109.703],""velocity"":[]}"
18804,33250918692735,/autodrive/roboracer_1/left_encoder,JointState,1789404302014768980,,"{""position"":[5116.349],""velocity"":[]}"
18805,33250918839230,/autodrive/roboracer_1/right_encoder,JointState,1789404302014768980,,"{""position"":[5116.398],""velocity"":[]}"
18815,33250943876447,/autodrive/roboracer_1/left_encoder,JointState,1789404302041769480,,"{""position"":[5124.209],""velocity"":[]}"
18816,33250944030526,/autodrive/roboracer_1/right_encoder,JointState,1789404302041769480,,"{""position"":[5124.255],""velocity"":[]}"
18824,33250968066813,/autodrive/roboracer_1/left_encoder,JointState,1789404302066765480,,"{""position"":[5131.468],""velocity"":[]}"
18825,33250968241481,/autodrive/roboracer_1/right_encoder,JointState,1789404302066765480,,"{""position"":[5131.514],""velocity"":[]}"
18835,33250993965527,/autodrive/roboracer_1/left_encoder,JointState,1789404302091768680,,"{""position"":[5138.726],""velocity"":[]}"
18836,33250994144573,/autodrive/roboracer_1/right_encoder,JointState,1789404302091768680,,"{""position"":[5138.775],""velocity"":[]}"
18844,33251018902295,/autodrive/roboracer_1/left_encoder,JointState,1789404302115765480,,"{""position"":[5145.703],""velocity"":[]}"
18845,33251019062416,/autodrive/roboracer_1/right_encoder,JointState,1789404302115765480,,"{""position"":[5145.749],""velocity"":[]}"
18856,33251044238443,/autodrive/roboracer_1/left_encoder,JointState,1789404302140768480,,"{""position"":[5152.916],""velocity"":[]}"
18857,33251044431205,/autodrive/roboracer_1/right_encoder,JointState,1789404302140768480,,"{""position"":[5152.964],""velocity"":[]}"
18864,33251067866713,/autodrive/roboracer_1/left_encoder,JointState,1789404302165765480,,"{""position"":[5160.128],""velocity"":[]}"
18865,33251068083740,/autodrive/roboracer_1/right_encoder,JointState,1789404302165765480,,"{""position"":[5160.177],""velocity"":[]}"
18876,33251093817775,/autodrive/roboracer_1/left_encoder,JointState,1789404302191765480,,"{""position"":[5167.635],""velocity"":[]}"
18877,33251093951988,/autodrive/roboracer_1/right_encoder,JointState,1789404302191765480,,"{""position"":[5167.685],""velocity"":[]}"
18887,33251119330996,/autodrive/roboracer_1/left_encoder,JointState,1789404302216768680,,"{""position"":[5174.854],""velocity"":[]}"
18888,33251119538526,/autodrive/roboracer_1/right_encoder,JointState,1789404302216768680,,"{""position"":[5174.904],""velocity"":[]}"
18897,33251143931312,/autodrive/roboracer_1/left_encoder,JointState,1789404302241765480,,"{""position"":[5182.073],""velocity"":[]}"
18898,33251144100019,/autodrive/roboracer_1/right_encoder,JointState,1789404302241765480,,"{""position"":[5182.123],""velocity"":[]}"
18906,33251168375174,/autodrive/roboracer_1/left_encoder,JointState,1789404302266767880,,"{""position"":[5189.292],""velocity"":[]}"
18907,33251168531457,/autodrive/roboracer_1/right_encoder,JointState,1789404302266767880,,"{""position"":[5189.342],""velocity"":[]}"
18917,33251193789879,/autodrive/roboracer_1/left_encoder,JointState,1789404302291769480,,"{""position"":[5196.512],""velocity"":[]}"
18918,33251193946974,/autodrive/roboracer_1/right_encoder,JointState,1789404302291769480,,"{""position"":[5196.561],""velocity"":[]}"
18927,33251218847123,/autodrive/roboracer_1/left_encoder,JointState,1789404302316765480,,"{""position"":[5203.734],""velocity"":[]}"
18928,33251219000000,/autodrive/roboracer_1/right_encoder,JointState,1789404302316765480,,"{""position"":[5203.783],""velocity"":[]}"
18937,33251243739087,/autodrive/roboracer_1/left_encoder,JointState,1789404302341768680,,"{""position"":[5210.963],""velocity"":[]}"
18938,33251243858220,/autodrive/roboracer_1/right_encoder,JointState,1789404302341768680,,"{""position"":[5211.012],""velocity"":[]}"
18946,33251267522508,/autodrive/roboracer_1/left_encoder,JointState,1789404302365765480,,"{""position"":[5217.904],""velocity"":[]}"
18950,33251268738171,/autodrive/roboracer_1/right_encoder,JointState,1789404302365765480,,"{""position"":[5217.953],""velocity"":[]}"
18959,33251292959806,/autodrive/roboracer_1/left_encoder,JointState,1789404302390768480,,"{""position"":[5225.133],""velocity"":[]}"
18960,33251293138912,/autodrive/roboracer_1/right_encoder,JointState,1789404302390768480,,"{""position"":[5225.182],""velocity"":[]}"
18968,33251318745558,/autodrive/roboracer_1/left_encoder,JointState,1789404302416769480,,"{""position"":[5232.65],""velocity"":[]}"
18969,33251318890891,/autodrive/roboracer_1/right_encoder,JointState,1789404302416769480,,"{""position"":[5232.699],""velocity"":[]}"
18979,33251344126951,/autodrive/roboracer_1/left_encoder,JointState,1789404302441765480,,"{""position"":[5239.878],""velocity"":[]}"
18980,33251344335843,/autodrive/roboracer_1/right_encoder,JointState,1789404302441765480,,"{""position"":[5239.928],""velocity"":[]}"
18988,33251368193424,/autodrive/roboracer_1/left_encoder,JointState,1789404302466768680,,"{""position"":[5247.108],""velocity"":[]}"
18989,33251368363774,/autodrive/roboracer_1/right_encoder,JointState,1789404302466768680,,"{""position"":[5247.157],""velocity"":[]}"
18999,33251393799008,/autodrive/roboracer_1/left_encoder,JointState,1789404302491765480,,"{""position"":[5254.337],""velocity"":[]}"
19000,33251393962806,/autodrive/roboracer_1/right_encoder,JointState,1789404302491765480,,"{""position"":[5254.386],""velocity"":[]}"
19009,33251418795518,/autodrive/roboracer_1/left_encoder,JointState,1789404302516767880,,"{""position"":[5261.565],""velocity"":[]}"
19010,33251418958735,/autodrive/roboracer_1/right_encoder,JointState,1789404302516767880,,"{""position"":[5261.615],""velocity"":[]}"
19020,33251443908156,/autodrive/roboracer_1/left_encoder,JointState,1789404302541769480,,"{""position"":[5268.795],""velocity"":[]}"
19021,33251444077795,/autodrive/roboracer_1/right_encoder,JointState,1789404302541769480,,"{""position"":[5268.844],""velocity"":[]}"
19029,33251468449922,/autodrive/roboracer_1/left_encoder,JointState,1789404302566765480,,"{""position"":[5276.023],""velocity"":[]}"
19030,33251468606396,/autodrive/roboracer_1/right_encoder,JointState,1789404302566765480,,"{""position"":[5276.073],""velocity"":[]}"
19041,33251494443765,/autodrive/roboracer_1/left_encoder,JointState,1789404302591768680,,"{""position"":[5283.259],""velocity"":[]}"
19042,33251494606661,/autodrive/roboracer_1/right_encoder,JointState,1789404302591768680,,"{""position"":[5283.312],""velocity"":[]}"
19050,33251519448170,/autodrive/roboracer_1/left_encoder,JointState,1789404302616765480,,"{""position"":[5290.498],""velocity"":[]}"
19051,33251519612368,/autodrive/roboracer_1/right_encoder,JointState,1789404302616765480,,"{""position"":[5290.547],""velocity"":[]}"
19061,33251542886674,/autodrive/roboracer_1/left_encoder,JointState,1789404302640768480,,"{""position"":[5297.448],""velocity"":[]}"
19062,33251543040743,/autodrive/roboracer_1/right_encoder,JointState,1789404302640768480,,"{""position"":[5297.498],""velocity"":[]}"
19072,33251567925012,/autodrive/roboracer_1/left_encoder,JointState,1789404302665765480,,"{""position"":[5304.688],""velocity"":[]}"
19073,33251568077418,/autodrive/roboracer_1/right_encoder,JointState,1789404302665765480,,"{""position"":[5304.736],""velocity"":[]}"
19081,33251592708612,/autodrive/roboracer_1/left_encoder,JointState,1789404302688768780,,"{""position"":[5311.347],""velocity"":[]}"
19082,33251592870757,/autodrive/roboracer_1/right_encoder,JointState,1789404302688768780,,"{""position"":[5311.396],""velocity"":[]}"
19092,33251618631662,/autodrive/roboracer_1/left_encoder,JointState,1789404302716768680,,"{""position"":[5319.453],""velocity"":[]}"
19093,33251618756066,/autodrive/roboracer_1/right_encoder,JointState,1789404302716768680,,"{""position"":[5319.502],""velocity"":[]}"
19101,33251644020429,/autodrive/roboracer_1/left_encoder,JointState,1789404302741765480,,"{""position"":[5326.692],""velocity"":[]}"
19102,33251644168377,/autodrive/roboracer_1/right_encoder,JointState,1789404302741765480,,"{""position"":[5326.741],""velocity"":[]}"
19111,33251668548619,/autodrive/roboracer_1/left_encoder,JointState,1789404302766767880,,"{""position"":[5333.93],""velocity"":[]}"
19112,33251668692870,/autodrive/roboracer_1/right_encoder,JointState,1789404302766767880,,"{""position"":[5333.979],""velocity"":[]}"
19123,33251694591204,/autodrive/roboracer_1/left_encoder,JointState,1789404302791769480,,"{""position"":[5341.169],""velocity"":[]}"
19124,33251694722531,/autodrive/roboracer_1/right_encoder,JointState,1789404302791769480,,"{""position"":[5341.218],""velocity"":[]}"
19133,33251719319430,/autodrive/roboracer_1/left_encoder,JointState,1789404302816765480,,"{""position"":[5348.408],""velocity"":[]}"
19134,33251719467739,/autodrive/roboracer_1/right_encoder,JointState,1789404302816765480,,"{""position"":[5348.457],""velocity"":[]}"
19142,33251744286184,/autodrive/roboracer_1/left_encoder,JointState,1789404302841768680,,"{""position"":[5355.643],""velocity"":[]}"
19143,33251744451625,/autodrive/roboracer_1/right_encoder,JointState,1789404302841768680,,"{""position"":[5355.696],""velocity"":[]}"
19152,33251768342258,/autodrive/roboracer_1/left_encoder,JointState,1789404302866765480,,"{""position"":[5362.882],""velocity"":[]}"
19153,33251768493241,/autodrive/roboracer_1/right_encoder,JointState,1789404302866765480,,"{""position"":[5362.935],""velocity"":[]}"
19163,33251793657035,/autodrive/roboracer_1/left_encoder,JointState,1789404302891767880,,"{""position"":[5370.121],""velocity"":[]}"
19164,33251793808680,/autodrive/roboracer_1/right_encoder,JointState,1789404302891767880,,"{""position"":[5370.173],""velocity"":[]}"
19173,33251817782880,/autodrive/roboracer_1/left_encoder,JointState,1789404302915765480,,"{""position"":[5377.071],""velocity"":[]}"
19174,33251817944233,/autodrive/roboracer_1/right_encoder,JointState,1789404302915765480,,"{""position"":[5377.121],""velocity"":[]}"
19184,33251844186182,/autodrive/roboracer_1/left_encoder,JointState,1789404302941765480,,"{""position"":[5384.599],""velocity"":[]}"
19185,33251844340723,/autodrive/roboracer_1/right_encoder,JointState,1789404302941765480,,"{""position"":[5384.647],""velocity"":[]}"
19193,33251869111328,/autodrive/roboracer_1/left_encoder,JointState,1789404302966768680,,"{""position"":[5391.837],""velocity"":[]}"
19194,33251869275446,/autodrive/roboracer_1/right_encoder,JointState,1789404302966768680,,"{""position"":[5391.886],""velocity"":[]}"
19204,33251893412773,/autodrive/roboracer_1/left_encoder,JointState,1789404302990765480,,"{""position"":[5398.784],""velocity"":[]}"
19205,33251893566772,/autodrive/roboracer_1/right_encoder,JointState,1789404302990765480,,"{""position"":[5398.837],""velocity"":[]}"
19214,33251919223281,/autodrive/roboracer_1/left_encoder,JointState,1789404303016767880,,"{""position"":[5406.314],""velocity"":[]}"
19215,33251919427455,/autodrive/roboracer_1/right_encoder,JointState,1789404303016767880,,"{""position"":[5406.364],""velocity"":[]}"
19225,33251943630244,/autodrive/roboracer_1/left_encoder,JointState,1789404303039765480,,"{""position"":[5412.974],""velocity"":[]}"
19226,33251943790766,/autodrive/roboracer_1/right_encoder,JointState,1789404303039765480,,"{""position"":[5413.023],""velocity"":[]}"
19235,33251970401808,/autodrive/roboracer_1/left_encoder,JointState,1789404303066765480,,"{""position"":[5420.792],""velocity"":[]}"
19236,33251970540428,/autodrive/roboracer_1/right_encoder,JointState,1789404303066765480,,"{""position"":[5420.841],""velocity"":[]}"
19246,33251994383843,/autodrive/roboracer_1/left_encoder,JointState,1789404303091768680,,"{""position"":[5428.031],""velocity"":[]}"
19247,33251994563881,/autodrive/roboracer_1/right_encoder,JointState,1789404303091768680,,"{""position"":[5428.08],""velocity"":[]}"
19255,33252019125624,/autodrive/roboracer_1/left_encoder,JointState,1789404303116765480,,"{""position"":[5435.27],""velocity"":[]}"
19256,33252019280906,/autodrive/roboracer_1/right_encoder,JointState,1789404303116765480,,"{""position"":[5435.319],""velocity"":[]}"
19265,33252043679833,/autodrive/roboracer_1/left_encoder,JointState,1789404303141767880,,"{""position"":[5442.505],""velocity"":[]}"
19266,33252043814216,/autodrive/roboracer_1/right_encoder,JointState,1789404303141767880,,"{""position"":[5442.557],""velocity"":[]}"
19275,33252068135347,/autodrive/roboracer_1/left_encoder,JointState,1789404303166769480,,"{""position"":[5449.744],""velocity"":[]}"
19276,33252068293855,/autodrive/roboracer_1/right_encoder,JointState,1789404303166769480,,"{""position"":[5449.796],""velocity"":[]}"
19287,33252094727995,/autodrive/roboracer_1/left_encoder,JointState,1789404303191765480,,"{""position"":[5456.983],""velocity"":[]}"
19288,33252094944732,/autodrive/roboracer_1/right_encoder,JointState,1789404303191765480,,"{""position"":[5457.035],""velocity"":[]}"
19296,33252118359872,/autodrive/roboracer_1/left_encoder,JointState,1789404303215769280,,"{""position"":[5463.933],""velocity"":[]}"
19297,33252118526395,/autodrive/roboracer_1/right_encoder,JointState,1789404303215769280,,"{""position"":[5463.982],""velocity"":[]}"
19306,33252143973812,/autodrive/roboracer_1/left_encoder,JointState,1789404303241765480,,"{""position"":[5471.46],""velocity"":[]}"
19307,33252144139984,/autodrive/roboracer_1/right_encoder,JointState,1789404303241765480,,"{""position"":[5471.509],""velocity"":[]}"
19318,33252169129601,/autodrive/roboracer_1/left_encoder,JointState,1789404303266767880,,"{""position"":[5478.699],""velocity"":[]}"
19319,33252169298668,/autodrive/roboracer_1/right_encoder,JointState,1789404303266767880,,"{""position"":[5478.748],""velocity"":[]}"
19327,33252194046701,/autodrive/roboracer_1/left_encoder,JointState,1789404303291769480,,"{""position"":[5485.938],""velocity"":[]}"
19328,33252194221149,/autodrive/roboracer_1/right_encoder,JointState,1789404303291769480,,"{""position"":[5485.986],""velocity"":[]}"
19338,33252220339216,/autodrive/roboracer_1/left_encoder,JointState,1789404303316765480,,"{""position"":[5493.177],""velocity"":[]}"
19339,33252220498976,/autodrive/roboracer_1/right_encoder,JointState,1789404303316765480,,"{""position"":[5493.226],""velocity"":[]}"
19348,33252244390650,/autodrive/roboracer_1/left_encoder,JointState,1789404303341768680,,"{""position"":[5500.415],""velocity"":[]}"
19349,33252244547184,/autodrive/roboracer_1/right_encoder,JointState,1789404303341768680,,"{""position"":[5500.464],""velocity"":[]}"
19359,33252268957734,/autodrive/roboracer_1/left_encoder,JointState,1789404303366765480,,"{""position"":[5507.654],""velocity"":[]}"
19360,33252269130929,/autodrive/roboracer_1/right_encoder,JointState,1789404303366765480,,"{""position"":[5507.703],""velocity"":[]}"
19369,33252293950016,/autodrive/roboracer_1/left_encoder,JointState,1789404303391767880,,"{""position"":[5514.893],""velocity"":[]}"
19370,33252294125515,/autodrive/roboracer_1/right_encoder,JointState,1789404303391767880,,"{""position"":[5514.942],""velocity"":[]}"
19378,33252318667732,/autodrive/roboracer_1/left_encoder,JointState,1789404303416769480,,"{""position"":[5522.131],""velocity"":[]}"
19379,33252318823294,/autodrive/roboracer_1/right_encoder,JointState,1789404303416769480,,"{""position"":[5522.18],""velocity"":[]}"
19389,33252344575544,/autodrive/roboracer_1/left_encoder,JointState,1789404303441765480,,"{""position"":[5529.367],""velocity"":[]}"
19390,33252344842405,/autodrive/roboracer_1/right_encoder,JointState,1789404303441765480,,"{""position"":[5529.419],""velocity"":[]}"
19398,33252368056998,/autodrive/roboracer_1/left_encoder,JointState,1789404303466768680,,"{""position"":[5536.606],""velocity"":[]}"
19399,33252368216648,/autodrive/roboracer_1/right_encoder,JointState,1789404303466768680,,"{""position"":[5536.658],""velocity"":[]}"
19408,33252392378791,/autodrive/roboracer_1/left_encoder,JointState,1789404303490765480,,"{""position"":[5543.556],""velocity"":[]}"
19409,33252392520657,/autodrive/roboracer_1/right_encoder,JointState,1789404303490765480,,"{""position"":[5543.605],""velocity"":[]}"
19420,33252419120459,/autodrive/roboracer_1/left_encoder,JointState,1789404303516767880,,"{""position"":[5551.083],""velocity"":[]}"
19421,33252419286170,/autodrive/roboracer_1/right_encoder,JointState,1789404303516767880,,"{""position"":[5551.132],""velocity"":[]}"
19430,33252444476875,/autodrive/roboracer_1/left_encoder,JointState,1789404303541769480,,"{""position"":[5558.322],""velocity"":[]}"
19431,33252444633469,/autodrive/roboracer_1/right_encoder,JointState,1789404303541769480,,"{""position"":[5558.371],""velocity"":[]}"
19439,33252468514574,/autodrive/roboracer_1/left_encoder,JointState,1789404303566765480,,"{""position"":[5565.561],""velocity"":[]}"
19440,33252468695674,/autodrive/roboracer_1/right_encoder,JointState,1789404303566765480,,"{""position"":[5565.61],""velocity"":[]}"
19449,33252493184831,/autodrive/roboracer_1/left_encoder,JointState,1789404303591768680,,"{""position"":[5572.799],""velocity"":[]}"
19450,33252493333510,/autodrive/roboracer_1/right_encoder,JointState,1789404303591768680,,"{""position"":[5572.849],""velocity"":[]}"
19461,33252519095127,/autodrive/roboracer_1/left_encoder,JointState,1789404303616765480,,"{""position"":[5580.038],""velocity"":[]}"
19462,33252519244107,/autodrive/roboracer_1/right_encoder,JointState,1789404303616765480,,"{""position"":[5580.087],""velocity"":[]}"
19471,33252543799007,/autodrive/roboracer_1/left_encoder,JointState,1789404303641767880,,"{""position"":[5587.277],""velocity"":[]}"
19472,33252543930514,/autodrive/roboracer_1/right_encoder,JointState,1789404303641767880,,"{""position"":[5587.326],""velocity"":[]}"
19480,33252568128114,/autodrive/roboracer_1/left_encoder,JointState,1789404303666769480,,"{""position"":[5594.516],""velocity"":[]}"
19481,33252568285139,/autodrive/roboracer_1/right_encoder,JointState,1789404303666769480,,"{""position"":[5594.564],""velocity"":[]}"
19490,33252592356561,/autodrive/roboracer_1/left_encoder,JointState,1789404303690767680,,"{""position"":[5601.463],""velocity"":[]}"
19491,33252592510901,/autodrive/roboracer_1/right_encoder,JointState,1789404303690767680,,"{""position"":[5601.512],""velocity"":[]}"
19502,33252619115742,/autodrive/roboracer_1/left_encoder,JointState,1789404303716768680,,"{""position"":[5608.99],""velocity"":[]}"
19503,33252619267878,/autodrive/roboracer_1/right_encoder,JointState,1789404303716768680,,"{""position"":[5609.042],""velocity"":[]}"
19512,33252642987609,/autodrive/roboracer_1/left_encoder,JointState,1789404303740765480,,"{""position"":[5615.94],""velocity"":[]}"
19513,33252643144925,/autodrive/roboracer_1/right_encoder,JointState,1789404303740765480,,"{""position"":[5615.99],""velocity"":[]}"
19520,33252669742492,/autodrive/roboracer_1/left_encoder,JointState,1789404303766767880,,"{""position"":[5623.467],""velocity"":[]}"
19521,33252669882615,/autodrive/roboracer_1/right_encoder,JointState,1789404303766767880,,"{""position"":[5623.52],""velocity"":[]}"
19531,33252694584322,/autodrive/roboracer_1/left_encoder,JointState,1789404303791769480,,"{""position"":[5630.706],""velocity"":[]}"
19532,33252694734514,/autodrive/roboracer_1/right_encoder,JointState,1789404303791769480,,"{""position"":[5630.755],""velocity"":[]}"
19540,33252718376630,/autodrive/roboracer_1/left_encoder,JointState,1789404303815767680,,"{""position"":[5630.998],""velocity"":[]}"
19541,33252718575353,/autodrive/roboracer_1/right_encoder,JointState,1789404303815767680,,"{""position"":[5631.046],""velocity"":[]}"
19549,33252743937470,/autodrive/roboracer_1/left_encoder,JointState,1789404303841768680,,"{""position"":[5630.998],""velocity"":[]}"
19550,33252744099133,/autodrive/roboracer_1/right_encoder,JointState,1789404303841768680,,"{""position"":[5631.046],""velocity"":[]}"
19558,33252770455567,/autodrive/roboracer_1/left_encoder,JointState,1789404303866765480,,"{""position"":[5630.998],""velocity"":[]}"
19559,33252770627761,/autodrive/roboracer_1/right_encoder,JointState,1789404303866765480,,"{""position"":[5631.046],""velocity"":[]}"
19567,33252793060425,/autodrive/roboracer_1/left_encoder,JointState,1789404303890768480,,"{""position"":[5630.998],""velocity"":[]}"
19568,33252793211649,/autodrive/roboracer_1/right_encoder,JointState,1789404303890768480,,"{""position"":[5631.046],""velocity"":[]}"
19576,33252818867698,/autodrive/roboracer_1/left_encoder,JointState,1789404303916769480,,"{""position"":[5630.998],""velocity"":[]}"
19577,33252819053267,/autodrive/roboracer_1/right_encoder,JointState,1789404303916769480,,"{""position"":[5631.046],""velocity"":[]}"
19585,33252844190591,/autodrive/roboracer_1/left_encoder,JointState,1789404303941765480,,"{""position"":[5630.998],""velocity"":[]}"
19586,33252844374907,/autodrive/roboracer_1/right_encoder,JointState,1789404303941765480,,"{""position"":[5631.046],""velocity"":[]}"
19593,33252870297547,/autodrive/roboracer_1/left_encoder,JointState,1789404303966768680,,"{""position"":[5630.998],""velocity"":[]}"
19594,33252870494236,/autodrive/roboracer_1/right_encoder,JointState,1789404303966768680,,"{""position"":[5631.046],""velocity"":[]}"
19602,33252894885119,/autodrive/roboracer_1/left_encoder,JointState,1789404303991765480,,"{""position"":[5630.998],""velocity"":[]}"
19603,33252895072571,/autodrive/roboracer_1/right_encoder,JointState,1789404303991765480,,"{""position"":[5631.046],""velocity"":[]}"
19611,33252919625437,/autodrive/roboracer_1/left_encoder,JointState,1789404304016767880,,"{""position"":[5630.998],""velocity"":[]}"
19612,33252919791930,/autodrive/roboracer_1/right_encoder,JointState,1789404304016767880,,"{""position"":[5631.046],""velocity"":[]}"
19621,33252944833845,/autodrive/roboracer_1/left_encoder,JointState,1789404304041769480,,"{""position"":[5630.998],""velocity"":[]}"
19622,33252944965002,/autodrive/roboracer_1/right_encoder,JointState,1789404304041769480,,"{""position"":[5631.046],""velocity"":[]}"
19629,33252971707491,/autodrive/roboracer_1/left_encoder,JointState,1789404304066765480,,"{""position"":[5630.998],""velocity"":[]}"
19630,33252971911614,/autodrive/roboracer_1/right_encoder,JointState,1789404304066765480,,"{""position"":[5631.046],""velocity"":[]}"
19639,33252993219546,/autodrive/roboracer_1/left_encoder,JointState,1789404304090769280,,"{""position"":[5630.998],""velocity"":[]}"
19640,33252993373676,/autodrive/roboracer_1/right_encoder,JointState,1789404304090769280,,"{""position"":[5631.046],""velocity"":[]}"
19647,33253019886153,/autodrive/roboracer_1/left_encoder,JointState,1789404304116765480,,"{""position"":[5630.998],""velocity"":[]}"
19648,33253020035544,/autodrive/roboracer_1/right_encoder,JointState,1789404304116765480,,"{""position"":[5631.046],""velocity"":[]}"
19656,33253044130791,/autodrive/roboracer_1/left_encoder,JointState,1789404304141767880,,"{""position"":[5630.998],""velocity"":[]}"
19657,33253044287355,/autodrive/roboracer_1/right_encoder,JointState,1789404304141767880,,"{""position"":[5631.046],""velocity"":[]}"
19665,33253069818529,/autodrive/roboracer_1/left_encoder,JointState,1789404304166769480,,"{""position"":[5630.998],""velocity"":[]}"
19666,33253069947281,/autodrive/roboracer_1/right_encoder,JointState,1789404304166769480,,"{""position"":[5631.046],""velocity"":[]}"
19674,33253094134541,/autodrive/roboracer_1/left_encoder,JointState,1789404304191765480,,"{""position"":[5630.998],""velocity"":[]}"
19675,33253094291135,/autodrive/roboracer_1/right_encoder,JointState,1789404304191765480,,"{""position"":[5631.046],""velocity"":[]}"
19684,33253119293196,/autodrive/roboracer_1/left_encoder,JointState,1789404304216768680,,"{""position"":[5630.998],""velocity"":[]}"
19685,33253119437286,/autodrive/roboracer_1/right_encoder,JointState,1789404304216768680,,"{""position"":[5631.046],""velocity"":[]}"
19693,33253144319401,/autodrive/roboracer_1/left_encoder,JointState,1789404304241765480,,"{""position"":[5630.998],""velocity"":[]}"
19694,33253144468682,/autodrive/roboracer_1/right_encoder,JointState,1789404304241765480,,"{""position"":[5631.046],""velocity"":[]}"
19702,33253171150477,/autodrive/roboracer_1/left_encoder,JointState,1789404304266767880,,"{""position"":[5630.998],""velocity"":[]}"
19703,33253171319505,/autodrive/roboracer_1/right_encoder,JointState,1789404304266767880,,"{""position"":[5631.046],""velocity"":[]}"
19710,33253194107296,/autodrive/roboracer_1/left_encoder,JointState,1789404304291769480,,"{""position"":[5630.998],""velocity"":[]}"
19711,33253194265133,/autodrive/roboracer_1/right_encoder,JointState,1789404304291769480,,"{""position"":[5631.046],""velocity"":[]}"
19719,33253217947795,/autodrive/roboracer_1/left_encoder,JointState,1789404304315767680,,"{""position"":[5630.998],""velocity"":[]}"
19720,33253218120369,/autodrive/roboracer_1/right_encoder,JointState,1789404304315767680,,"{""position"":[5631.046],""velocity"":[]}"
19729,33253243931419,/autodrive/roboracer_1/left_encoder,JointState,1789404304341768680,,"{""position"":[5630.998],""velocity"":[]}"
19730,33253244094375,/autodrive/roboracer_1/right_encoder,JointState,1789404304341768680,,"{""position"":[5631.046],""velocity"":[]}"
19738,33253270196982,/autodrive/roboracer_1/left_encoder,JointState,1789404304366765480,,"{""position"":[5630.998],""velocity"":[]}"
19739,33253270330984,/autodrive/roboracer_1/right_encoder,JointState,1789404304366765480,,"{""position"":[5631.046],""velocity"":[]}"
19747,33253294462019,/autodrive/roboracer_1/left_encoder,JointState,1789404304391767880,,"{""position"":[5630.998],""velocity"":[]}"
19748,33253294661353,/autodrive/roboracer_1/right_encoder,JointState,1789404304391767880,,"{""position"":[5631.046],""velocity"":[]}"
19756,33253319334235,/autodrive/roboracer_1/left_encoder,JointState,1789404304416769480,,"{""position"":[5630.998],""velocity"":[]}"
19757,33253319498694,/autodrive/roboracer_1/right_encoder,JointState,1789404304416769480,,"{""position"":[5631.046],""velocity"":[]}"
19765,33253343254654,/autodrive/roboracer_1/left_encoder,JointState,1789404304440767680,,"{""position"":[5630.998],""velocity"":[]}"
19766,33253343413753,/autodrive/roboracer_1/right_encoder,JointState,1789404304440767680,,"{""position"":[5631.046],""velocity"":[]}"
19774,33253370032149,/autodrive/roboracer_1/left_encoder,JointState,1789404304466768680,,"{""position"":[5630.998],""velocity"":[]}"
19775,33253370231574,/autodrive/roboracer_1/right_encoder,JointState,1789404304466768680,,"{""position"":[5631.046],""velocity"":[]}"
19783,33253394832911,/autodrive/roboracer_1/left_encoder,JointState,1789404304491765480,,"{""position"":[5630.998],""velocity"":[]}"
19784,33253395042495,/autodrive/roboracer_1/right_encoder,JointState,1789404304491765480,,"{""position"":[5631.046],""velocity"":[]}"
19791,33253419438577,/autodrive/roboracer_1/left_encoder,JointState,1789404304516767880,,"{""position"":[5630.998],""velocity"":[]}"
19792,33253419591514,/autodrive/roboracer_1/right_encoder,JointState,1789404304516767880,,"{""position"":[5631.046],""velocity"":[]}"
19801,33253443405684,/autodrive/roboracer_1/left_encoder,JointState,1789404304540765480,,"{""position"":[5630.998],""velocity"":[]}"
19802,33253443541028,/autodrive/roboracer_1/right_encoder,JointState,1789404304540765480,,"{""position"":[5631.046],""velocity"":[]}"
19809,33253469862015,/autodrive/roboracer_1/left_encoder,JointState,1789404304566765480,,"{""position"":[5630.998],""velocity"":[]}"
19810,33253470078642,/autodrive/roboracer_1/right_encoder,JointState,1789404304566765480,,"{""position"":[5631.046],""velocity"":[]}"
19819,33253493036904,/autodrive/roboracer_1/left_encoder,JointState,1789404304590769280,,"{""position"":[5630.998],""velocity"":[]}"
19820,33253493217243,/autodrive/roboracer_1/right_encoder,JointState,1789404304590769280,,"{""position"":[5631.046],""velocity"":[]}"
19827,33253519166763,/autodrive/roboracer_1/left_encoder,JointState,1789404304616765480,,"{""position"":[5630.998],""velocity"":[]}"
19828,33253519328637,/autodrive/roboracer_1/right_encoder,JointState,1789404304616765480,,"{""position"":[5631.046],""velocity"":[]}"
19836,33253543944602,/autodrive/roboracer_1/left_encoder,JointState,1789404304641767880,,"{""position"":[5630.998],""velocity"":[]}"
19837,33253544131012,/autodrive/roboracer_1/right_encoder,JointState,1789404304641767880,,"{""position"":[5631.046],""velocity"":[]}"
19846,33253570153539,/autodrive/roboracer_1/left_encoder,JointState,1789404304666769480,,"{""position"":[5630.998],""velocity"":[]}"
19847,33253570332074,/autodrive/roboracer_1/right_encoder,JointState,1789404304666769480,,"{""position"":[5631.046],""velocity"":[]}"
19855,33253593734921,/autodrive/roboracer_1/left_encoder,JointState,1789404304691765480,,"{""position"":[5630.998],""velocity"":[]}"
19856,33253593874854,/autodrive/roboracer_1/right_encoder,JointState,1789404304691765480,,"{""position"":[5631.046],""velocity"":[]}"
19863,33253619191305,/autodrive/roboracer_1/left_encoder,JointState,1789404304716768680,,"{""position"":[5630.998],""velocity"":[]}"
19864,33253619400468,/autodrive/roboracer_1/right_encoder,JointState,1789404304716768680,,"{""position"":[5631.046],""velocity"":[]}"
19871,33253645272813,/autodrive/roboracer_1/left_encoder,JointState,1789404304741765480,,"{""position"":[5630.998],""velocity"":[]}"
19872,33253645434296,/autodrive/roboracer_1/right_encoder,JointState,1789404304741765480,,"{""position"":[5631.046],""velocity"":[]}"
19882,33253669995719,/autodrive/roboracer_1/left_encoder,JointState,1789404304766767880,,"{""position"":[5630.998],""velocity"":[]}"
19883,33253670177771,/autodrive/roboracer_1/right_encoder,JointState,1789404304766767880,,"{""position"":[5631.046],""velocity"":[]}"
19891,33253694916657,/autodrive/roboracer_1/left_encoder,JointState,1789404304791769480,,"{""position"":[5630.998],""velocity"":[]}"
19892,33253695112445,/autodrive/roboracer_1/right_encoder,JointState,1789404304791769480,,"{""position"":[5631.046],""velocity"":[]}"
19899,33253719251224,/autodrive/roboracer_1/left_encoder,JointState,1789404304816765480,,"{""position"":[5630.998],""velocity"":[]}"
19900,33253719443575,/autodrive/roboracer_1/right_encoder,JointState,1789404304816765480,,"{""position"":[5631.046],""velocity"":[]}"
19909,33253743940316,/autodrive/roboracer_1/left_encoder,JointState,1789404304841768680,,"{""position"":[5630.998],""velocity"":[]}"
19910,33253744091881,/autodrive/roboracer_1/right_encoder,JointState,1789404304841768680,,"{""position"":[5631.046],""velocity"":[]}"
19918,33253770138583,/autodrive/roboracer_1/left_encoder,JointState,1789404304866765480,,"{""position"":[5630.998],""velocity"":[]}"
19919,33253770283205,/autodrive/roboracer_1/right_encoder,JointState,1789404304866765480,,"{""position"":[5631.046],""velocity"":[]}"
19927,33253792954688,/autodrive/roboracer_1/left_encoder,JointState,1789404304890768480,,"{""position"":[5630.998],""velocity"":[]}"
19928,33253793115220,/autodrive/roboracer_1/right_encoder,JointState,1789404304890768480,,"{""position"":[5631.046],""velocity"":[]}"
19936,33253818999397,/autodrive/roboracer_1/left_encoder,JointState,1789404304916769480,,"{""position"":[5630.998],""velocity"":[]}"
19937,33253819172181,/autodrive/roboracer_1/right_encoder,JointState,1789404304916769480,,"{""position"":[5631.046],""velocity"":[]}"
19944,33253844351174,/autodrive/roboracer_1/left_encoder,JointState,1789404304941765480,,"{""position"":[5630.998],""velocity"":[]}"
19945,33253844509822,/autodrive/roboracer_1/right_encoder,JointState,1789404304941765480,,"{""position"":[5631.046],""velocity"":[]}"
19954,33253870641254,/autodrive/roboracer_1/left_encoder,JointState,1789404304966768680,,"{""position"":[5630.998],""velocity"":[]}"
19955,33253870793109,/autodrive/roboracer_1/right_encoder,JointState,1789404304966768680,,"{""position"":[5631.046],""velocity"":[]}"
19962,33253892949875,/autodrive/roboracer_1/left_encoder,JointState,1789404304990765480,,"{""position"":[5630.998],""velocity"":[]}"
19963,33253893085299,/autodrive/roboracer_1/right_encoder,JointState,1789404304990765480,,"{""position"":[5631.046],""velocity"":[]}"
19972,33253919207784,/autodrive/roboracer_1/left_encoder,JointState,1789404305016767880,,"{""position"":[5630.998],""velocity"":[]}"
19973,33253919358898,/autodrive/roboracer_1/right_encoder,JointState,1789404305016767880,,"{""position"":[5631.046],""velocity"":[]}"
19981,33253943905403,/autodrive/roboracer_1/left_encoder,JointState,1789404305041769480,,"{""position"":[5630.998],""velocity"":[]}"
19982,33253944074571,/autodrive/roboracer_1/right_encoder,JointState,1789404305041769480,,"{""position"":[5631.046],""velocity"":[]}"
19989,33253968886364,/autodrive/roboracer_1/left_encoder,JointState,1789404305065767680,,"{""position"":[5630.998],""velocity"":[]}"
19990,33253969071141,/autodrive/roboracer_1/right_encoder,JointState,1789404305065767680,,"{""position"":[5631.046],""velocity"":[]}"
19998,33253993865902,/autodrive/roboracer_1/left_encoder,JointState,1789404305091768680,,"{""position"":[5630.998],""velocity"":[]}"
19999,33253994018118,/autodrive/roboracer_1/right_encoder,JointState,1789404305091768680,,"{""position"":[5631.046],""velocity"":[]}"
20008,33254018976596,/autodrive/roboracer_1/left_encoder,JointState,1789404305116765480,,"{""position"":[5630.998],""velocity"":[]}"
20009,33254019124975,/autodrive/roboracer_1/right_encoder,JointState,1789404305116765480,,"{""position"":[5631.046],""velocity"":[]}"
20016,33254043939453,/autodrive/roboracer_1/left_encoder,JointState,1789404305141767880,,"{""position"":[5630.998],""velocity"":[]}"
20017,33254044126945,/autodrive/roboracer_1/right_encoder,JointState,1789404305141767880,,"{""position"":[5631.046],""velocity"":[]}"
20026,33254070049905,/autodrive/roboracer_1/left_encoder,JointState,1789404305166769480,,"{""position"":[5630.998],""velocity"":[]}"
20027,33254070224994,/autodrive/roboracer_1/right_encoder,JointState,1789404305166769480,,"{""position"":[5631.046],""velocity"":[]}"
20035,33254094590789,/autodrive/roboracer_1/left_encoder,JointState,1789404305191765480,,"{""position"":[5630.998],""velocity"":[]}"
20036,33254094799702,/autodrive/roboracer_1/right_encoder,JointState,1789404305191765480,,"{""position"":[5631.046],""velocity"":[]}"
20043,33254119684953,/autodrive/roboracer_1/left_encoder,JointState,1789404305216768680,,"{""position"":[5630.998],""velocity"":[]}"
20044,33254119870441,/autodrive/roboracer_1/right_encoder,JointState,1789404305216768680,,"{""position"":[5631.046],""velocity"":[]}"
20053,33254144637971,/autodrive/roboracer_1/left_encoder,JointState,1789404305241765480,,"{""position"":[5630.998],""velocity"":[]}"
20054,33254144852003,/autodrive/roboracer_1/right_encoder,JointState,1789404305241765480,,"{""position"":[5631.046],""velocity"":[]}"
20061,33254169873190,/autodrive/roboracer_1/left_encoder,JointState,1789404305266767880,,"{""position"":[5630.998],""velocity"":[]}"
20062,33254170038881,/autodrive/roboracer_1/right_encoder,JointState,1789404305266767880,,"{""position"":[5631.046],""velocity"":[]}"
20071,33254193675807,/autodrive/roboracer_1/left_encoder,JointState,1789404305291769480,,"{""position"":[5630.998],""velocity"":[]}"
20072,33254193830087,/autodrive/roboracer_1/right_encoder,JointState,1789404305291769480,,"{""position"":[5631.046],""velocity"":[]}"
20079,33254218957152,/autodrive/roboracer_1/left_encoder,JointState,1789404305316765480,,"{""position"":[5630.998],""velocity"":[]}"
20080,33254219162017,/autodrive/roboracer_1/right_encoder,JointState,1789404305316765480,,"{""position"":[5631.046],""velocity"":[]}"
20088,33254243848404,/autodrive/roboracer_1/left_encoder,JointState,1789404305341768680,,"{""position"":[5630.998],""velocity"":[]}"
20089,33254244012072,/autodrive/roboracer_1/right_encoder,JointState,1789404305341768680,,"{""position"":[5631.046],""velocity"":[]}"
20097,33254270202655,/autodrive/roboracer_1/left_encoder,JointState,1789404305366765480,,"{""position"":[5630.998],""velocity"":[]}"
20098,33254270356544,/autodrive/roboracer_1/right_encoder,JointState,1789404305366765480,,"{""position"":[5631.046],""velocity"":[]}"
20107,33254293778596,/autodrive/roboracer_1/left_encoder,JointState,1789404305391767880,,"{""position"":[5630.998],""velocity"":[]}"
20108,33254293914652,/autodrive/roboracer_1/right_encoder,JointState,1789404305391767880,,"{""position"":[5631.046],""velocity"":[]}"
20116,33254318889511,/autodrive/roboracer_1/left_encoder,JointState,1789404305416769480,,"{""position"":[5630.998],""velocity"":[]}"
20117,33254319079228,/autodrive/roboracer_1/right_encoder,JointState,1789404305416769480,,"{""position"":[5631.046],""velocity"":[]}"
20125,33254343462416,/autodrive/roboracer_1/left_encoder,JointState,1789404305440767680,,"{""position"":[5630.998],""velocity"":[]}"
20126,33254343604923,/autodrive/roboracer_1/right_encoder,JointState,1789404305440767680,,"{""position"":[5631.046],""velocity"":[]}"
20133,33254370402877,/autodrive/roboracer_1/left_encoder,JointState,1789404305465769280,,"{""position"":[5630.998],""velocity"":[]}"
20134,33254370548851,/autodrive/roboracer_1/right_encoder,JointState,1789404305465769280,,"{""position"":[5631.046],""velocity"":[]}"
20143,33254393722607,/autodrive/roboracer_1/left_encoder,JointState,1789404305489767480,,"{""position"":[5630.998],""velocity"":[]}"
20144,33254393852642,/autodrive/roboracer_1/right_encoder,JointState,1789404305489767480,,"{""position"":[5631.046],""velocity"":[]}"
20151,33254417791084,/autodrive/roboracer_1/left_encoder,JointState,1789404305515768480,,"{""position"":[5630.998],""velocity"":[]}"
20152,33254417948320,/autodrive/roboracer_1/right_encoder,JointState,1789404305515768480,,"{""position"":[5631.046],""velocity"":[]}"
20160,33254443831676,/autodrive/roboracer_1/left_encoder,JointState,1789404305541769480,,"{""position"":[5630.998],""velocity"":[]}"
20161,33254443963042,/autodrive/roboracer_1/right_encoder,JointState,1789404305541769480,,"{""position"":[5631.046],""velocity"":[]}"
20170,33254469454802,/autodrive/roboracer_1/left_encoder,JointState,1789404305566765480,,"{""position"":[5630.998],""velocity"":[]}"
20171,33254469591078,/autodrive/roboracer_1/right_encoder,JointState,1789404305566765480,,"{""position"":[5631.046],""velocity"":[]}"
20179,33254493959839,/autodrive/roboracer_1/left_encoder,JointState,1789404305591768680,,"{""position"":[5630.998],""velocity"":[]}"
20180,33254494115762,/autodrive/roboracer_1/right_encoder,JointState,1789404305591768680,,"{""position"":[5631.046],""velocity"":[]}"
20187,33254517945921,/autodrive/roboracer_1/left_encoder,JointState,1789404305615765480,,"{""position"":[5630.998],""velocity"":[]}"
20188,33254518123986,/autodrive/roboracer_1/right_encoder,JointState,1789404305615765480,,"{""position"":[5631.046],""velocity"":[]}"
20197,33254544173353,/autodrive/roboracer_1/left_encoder,JointState,1789404305641767880,,"{""position"":[5630.998],""velocity"":[]}"
20198,33254544348913,/autodrive/roboracer_1/right_encoder,JointState,1789404305641767880,,"{""position"":[5631.046],""velocity"":[]}"
20205,33254570275029,/autodrive/roboracer_1/left_encoder,JointState,1789404305666769480,,"{""position"":[5630.998],""velocity"":[]}"
20206,33254570396908,/autodrive/roboracer_1/right_encoder,JointState,1789404305666769480,,"{""position"":[5631.046],""velocity"":[]}"
20215,33254593275710,/autodrive/roboracer_1/left_encoder,JointState,1789404305690767680,,"{""position"":[5630.998],""velocity"":[]}"
20216,33254593438937,/autodrive/roboracer_1/right_encoder,JointState,1789404305690767680,,"{""position"":[5631.046],""velocity"":[]}"
20224,33254618885272,/autodrive/roboracer_1/left_encoder,JointState,1789404305716768680,,"{""position"":[5630.998],""velocity"":[]}"
20225,33254619041095,/autodrive/roboracer_1/right_encoder,JointState,1789404305716768680,,"{""position"":[5631.046],""velocity"":[]}"
20233,33254643711442,/autodrive/roboracer_1/left_encoder,JointState,1789404305741765480,,"{""position"":[5630.998],""velocity"":[]}"
20234,33254643866904,/autodrive/roboracer_1/right_encoder,JointState,1789404305741765480,,"{""position"":[5631.046],""velocity"":[]}"
20242,33254669095209,/autodrive/roboracer_1/left_encoder,JointState,1789404305765768480,,"{""position"":[5630.998],""velocity"":[]}"
20243,33254669229812,/autodrive/roboracer_1/right_encoder,JointState,1789404305765768480,,"{""position"":[5631.046],""velocity"":[]}"
20250,33254693792277,/autodrive/roboracer_1/left_encoder,JointState,1789404305791769480,,"{""position"":[5630.998],""velocity"":[]}"
20251,33254693946647,/autodrive/roboracer_1/right_encoder,JointState,1789404305791769480,,"{""position"":[5631.046],""velocity"":[]}"
20259,33254718430815,/autodrive/roboracer_1/left_encoder,JointState,1789404305815767680,,"{""position"":[5630.998],""velocity"":[]}"
20260,33254718575166,/autodrive/roboracer_1/right_encoder,JointState,1789404305815767680,,"{""position"":[5631.046],""velocity"":[]}"
20269,33254743207432,/autodrive/roboracer_1/left_encoder,JointState,1789404305840769280,,"{""position"":[5630.998],""velocity"":[]}"
20270,33254743381228,/autodrive/roboracer_1/right_encoder,JointState,1789404305840769280,,"{""position"":[5631.046],""velocity"":[]}"
20278,33254769368048,/autodrive/roboracer_1/left_encoder,JointState,1789404305866765480,,"{""position"":[5630.998],""velocity"":[]}"
20279,33254769493083,/autodrive/roboracer_1/right_encoder,JointState,1789404305866765480,,"{""position"":[5631.046],""velocity"":[]}"
20287,33254794071167,/autodrive/roboracer_1/left_encoder,JointState,1789404305891767880,,"{""position"":[5630.998],""velocity"":[]}"
20288,33254794206551,/autodrive/roboracer_1/right_encoder,JointState,1789404305891767880,,"{""position"":[5631.046],""velocity"":[]}"
20296,33254819390483,/autodrive/roboracer_1/left_encoder,JointState,1789404305916769480,,"{""position"":[5630.998],""velocity"":[]}"
20297,33254819528723,/autodrive/roboracer_1/right_encoder,JointState,1789404305916769480,,"{""position"":[5631.046],""velocity"":[]}"
20305,33254844875160,/autodrive/roboracer_1/left_encoder,JointState,1789404305941765480,,"{""position"":[5630.998],""velocity"":[]}"
20306,33254845080646,/autodrive/roboracer_1/right_encoder,JointState,1789404305941765480,,"{""position"":[5631.046],""velocity"":[]}"
20313,33254870040978,/autodrive/roboracer_1/left_encoder,JointState,1789404305966768680,,"{""position"":[5630.998],""velocity"":[]}"
20314,33254870171053,/autodrive/roboracer_1/right_encoder,JointState,1789404305966768680,,"{""position"":[5631.046],""velocity"":[]}"
20323,33254901775985,/autodrive/roboracer_1/left_encoder,JointState,1789404305991765480,,"{""position"":[5630.998],""velocity"":[]}"
20324,33254901900879,/autodrive/roboracer_1/right_encoder,JointState,1789404305991765480,,"{""position"":[5631.046],""velocity"":[]}"
20331,33254917939955,/autodrive/roboracer_1/left_encoder,JointState,1789404306015768480,,"{""position"":[5630.998],""velocity"":[]}"
20332,33254918139219,/autodrive/roboracer_1/right_encoder,JointState,1789404306015768480,,"{""position"":[5631.046],""velocity"":[]}"
20341,33254944156476,/autodrive/roboracer_1/left_encoder,JointState,1789404306041769480,,"{""position"":[5630.998],""velocity"":[]}"
20342,33254944348327,/autodrive/roboracer_1/right_encoder,JointState,1789404306041769480,,"{""position"":[5631.046],""velocity"":[]}"
20350,33254969721194,/autodrive/roboracer_1/left_encoder,JointState,1789404306066765480,,"{""position"":[5630.998],""velocity"":[]}"
20351,33254969881325,/autodrive/roboracer_1/right_encoder,JointState,1789404306066765480,,"{""position"":[5631.046],""velocity"":[]}"
20359,33254994078042,/autodrive/roboracer_1/left_encoder,JointState,1789404306091768680,,"{""position"":[5630.998],""velocity"":[]}"
20360,33254994232533,/autodrive/roboracer_1/right_encoder,JointState,1789404306091768680,,"{""position"":[5631.046],""velocity"":[]}"
20368,33255019337566,/autodrive/roboracer_1/left_encoder,JointState,1789404306116765480,,"{""position"":[5630.998],""velocity"":[]}"
20369,33255019497316,/autodrive/roboracer_1/right_encoder,JointState,1789404306116765480,,"{""position"":[5631.046],""velocity"":[]}"
20377,33255044057537,/autodrive/roboracer_1/left_encoder,JointState,1789404306141767880,,"{""position"":[5630.998],""velocity"":[]}"
20378,33255044187080,/autodrive/roboracer_1/right_encoder,JointState,1789404306141767880,,"{""position"":[5631.046],""velocity"":[]}"
20386,33255070358247,/autodrive/roboracer_1/left_encoder,JointState,1789404306166769480,,"{""position"":[5630.998],""velocity"":[]}"
20387,33255070537874,/autodrive/roboracer_1/right_encoder,JointState,1789404306166769480,,"{""position"":[5631.046],""velocity"":[]}"
20394,33255092828001,/autodrive/roboracer_1/left_encoder,JointState,1789404306190767680,,"{""position"":[5630.998],""velocity"":[]}"
20395,33255092948768,/autodrive/roboracer_1/right_encoder,JointState,1789404306190767680,,"{""position"":[5631.046],""velocity"":[]}"
20404,33255118805574,/autodrive/roboracer_1/left_encoder,JointState,1789404306216768680,,"{""position"":[5630.998],""velocity"":[]}"
20405,33255118952019,/autodrive/roboracer_1/right_encoder,JointState,1789404306216768680,,"{""position"":[5631.046],""velocity"":[]}"
20413,33255143325108,/autodrive/roboracer_1/left_encoder,JointState,1789404306240765480,,"{""position"":[5630.998],""velocity"":[]}"
20414,33255143518260,/autodrive/roboracer_1/right_encoder,JointState,1789404306240765480,,"{""position"":[5631.046],""velocity"":[]}"
20422,33255169857382,/autodrive/roboracer_1/left_encoder,JointState,1789404306266767880,,"{""position"":[5630.998],""velocity"":[]}"
20423,33255170035136,/autodrive/roboracer_1/right_encoder,JointState,1789404306266767880,,"{""position"":[5631.046],""velocity"":[]}"
20431,33255193087645,/autodrive/roboracer_1/left_encoder,JointState,1789404306290765480,,"{""position"":[5630.998],""velocity"":[]}"
20432,33255193228519,/autodrive/roboracer_1/right_encoder,JointState,1789404306290765480,,"{""position"":[5631.046],""velocity"":[]}"
20440,33255218926337,/autodrive/roboracer_1/left_encoder,JointState,1789404306316765480,,"{""position"":[5630.998],""velocity"":[]}"
20441,33255219086968,/autodrive/roboracer_1/right_encoder,JointState,1789404306316765480,,"{""position"":[5631.046],""velocity"":[]}"
20446,33255243460047,/autodrive/roboracer_1/left_encoder,JointState,1789404306341768680,,"{""position"":[5630.998],""velocity"":[]}"
20447,33255243599369,/autodrive/roboracer_1/right_encoder,JointState,1789404306341768680,,"{""position"":[5631.046],""velocity"":[]}"
20458,33255270473506,/autodrive/roboracer_1/left_encoder,JointState,1789404306366765480,,"{""position"":[5630.998],""velocity"":[]}"
20459,33255270678741,/autodrive/roboracer_1/right_encoder,JointState,1789404306366765480,,"{""position"":[5631.046],""velocity"":[]}"
20467,33255295647359,/autodrive/roboracer_1/left_encoder,JointState,1789404306391767880,,"{""position"":[5630.998],""velocity"":[]}"
20468,33255295802510,/autodrive/roboracer_1/right_encoder,JointState,1789404306391767880,,"{""position"":[5631.046],""velocity"":[]}"
20476,33255318025401,/autodrive/roboracer_1/left_encoder,JointState,1789404306415765480,,"{""position"":[5630.998],""velocity"":[]}"
20477,33255318166325,/autodrive/roboracer_1/right_encoder,JointState,1789404306415765480,,"{""position"":[5631.046],""velocity"":[]}"
20485,33255343760779,/autodrive/roboracer_1/left_encoder,JointState,1789404306441765480,,"{""position"":[5630.998],""velocity"":[]}"
20486,33255343898537,/autodrive/roboracer_1/right_encoder,JointState,1789404306441765480,,"{""position"":[5631.046],""velocity"":[]}"
20493,33255370216910,/autodrive/roboracer_1/left_encoder,JointState,1789404306466768680,,"{""position"":[5630.998],""velocity"":[]}"
20494,33255370353086,/autodrive/roboracer_1/right_encoder,JointState,1789404306466768680,,"{""position"":[5631.046],""velocity"":[]}"
20501,33255394159911,/autodrive/roboracer_1/left_encoder,JointState,1789404306491765480,,"{""position"":[5630.998],""velocity"":[]}"
20502,33255394348586,/autodrive/roboracer_1/right_encoder,JointState,1789404306491765480,,"{""position"":[5631.046],""velocity"":[]}"
20510,33255418458380,/autodrive/roboracer_1/left_encoder,JointState,1789404306516767880,,"{""position"":[5630.998],""velocity"":[]}"
20511,33255418601940,/autodrive/roboracer_1/right_encoder,JointState,1789404306516767880,,"{""position"":[5631.046],""velocity"":[]}"
20520,33255443805649,/autodrive/roboracer_1/left_encoder,JointState,1789404306541769480,,"{""position"":[5630.998],""velocity"":[]}"
20521,33255443925594,/autodrive/roboracer_1/right_encoder,JointState,1789404306541769480,,"{""position"":[5631.046],""velocity"":[]}"
20530,33255469985121,/autodrive/roboracer_1/left_encoder,JointState,1789404306566765480,,"{""position"":[5630.998],""velocity"":[]}"
20531,33255470164578,/autodrive/roboracer_1/right_encoder,JointState,1789404306566765480,,"{""position"":[5631.046],""velocity"":[]}"
20539,33255494100356,/autodrive/roboracer_1/left_encoder,JointState,1789404306591768680,,"{""position"":[5630.998],""velocity"":[]}"
20540,33255494275645,/autodrive/roboracer_1/right_encoder,JointState,1789404306591768680,,"{""position"":[5631.046],""velocity"":[]}"
20547,33255519293175,/autodrive/roboracer_1/left_encoder,JointState,1789404306616765480,,"{""position"":[5630.998],""velocity"":[]}"
20548,33255519418660,/autodrive/roboracer_1/right_encoder,JointState,1789404306616765480,,"{""position"":[5631.046],""velocity"":[]}"
20557,33255544060173,/autodrive/roboracer_1/left_encoder,JointState,1789404306641767880,,"{""position"":[5630.998],""velocity"":[]}"
20558,33255544221096,/autodrive/roboracer_1/right_encoder,JointState,1789404306641767880,,"{""position"":[5631.046],""velocity"":[]}"
20566,33255570313173,/autodrive/roboracer_1/left_encoder,JointState,1789404306666769480,,"{""position"":[5630.998],""velocity"":[]}"
20567,33255570478364,/autodrive/roboracer_1/right_encoder,JointState,1789404306666769480,,"{""position"":[5631.046],""velocity"":[]}"
20575,33255593961461,/autodrive/roboracer_1/left_encoder,JointState,1789404306691765480,,"{""position"":[5630.998],""velocity"":[]}"
20576,33255594115791,/autodrive/roboracer_1/right_encoder,JointState,1789404306691765480,,"{""position"":[5631.046],""velocity"":[]}"
20583,33255618704355,/autodrive/roboracer_1/left_encoder,JointState,1789404306716768680,,"{""position"":[5630.998],""velocity"":[]}"
20584,33255618846402,/autodrive/roboracer_1/right_encoder,JointState,1789404306716768680,,"{""position"":[5631.046],""velocity"":[]}"
20592,33255642946889,/autodrive/roboracer_1/left_encoder,JointState,1789404306740765480,,"{""position"":[5630.998],""velocity"":[]}"
20593,33255643103242,/autodrive/roboracer_1/right_encoder,JointState,1789404306740765480,,"{""position"":[5631.046],""velocity"":[]}"
20602,33255668317972,/autodrive/roboracer_1/left_encoder,JointState,1789404306766767880,,"{""position"":[5630.998],""velocity"":[]}"
20603,33255668463365,/autodrive/roboracer_1/right_encoder,JointState,1789404306766767880,,"{""position"":[5631.046],""velocity"":[]}"
20613,33255693967108,/autodrive/roboracer_1/left_encoder,JointState,1789404306791769480,,"{""position"":[5630.998],""velocity"":[]}"
20614,33255694105227,/autodrive/roboracer_1/right_encoder,JointState,1789404306791769480,,"{""position"":[5631.046],""velocity"":[]}"
20622,33255718954701,/autodrive/roboracer_1/left_encoder,JointState,1789404306816765480,,"{""position"":[5630.998],""velocity"":[]}"
20623,33255719103761,/autodrive/roboracer_1/right_encoder,JointState,1789404306816765480,,"{""position"":[5631.046],""velocity"":[]}"
20633,33255744307771,/autodrive/roboracer_1/left_encoder,JointState,1789404306841768680,,"{""position"":[5630.998],""velocity"":[]}"
20634,33255744448535,/autodrive/roboracer_1/right_encoder,JointState,1789404306841768680,,"{""position"":[5631.046],""velocity"":[]}"
20642,33255768467139,/autodrive/roboracer_1/left_encoder,JointState,1789404306866765480,,"{""position"":[5630.998],""velocity"":[]}"
20643,33255768626879,/autodrive/roboracer_1/right_encoder,JointState,1789404306866765480,,"{""position"":[5631.046],""velocity"":[]}"
20651,33255793427862,/autodrive/roboracer_1/left_encoder,JointState,1789404306891767880,,"{""position"":[5630.998],""velocity"":[]}"
20652,33255793569067,/autodrive/roboracer_1/right_encoder,JointState,1789404306891767880,,"{""position"":[5631.046],""velocity"":[]}"
20662,33255818511135,/autodrive/roboracer_1/left_encoder,JointState,1789404306916769480,,"{""position"":[5630.998],""velocity"":[]}"
20663,33255818644926,/autodrive/roboracer_1/right_encoder,JointState,1789404306916769480,,"{""position"":[5631.046],""velocity"":[]}"
20674,33255844080560,/autodrive/roboracer_1/left_encoder,JointState,1789404306941765480,,"{""position"":[5630.998],""velocity"":[]}"
20675,33255844209913,/autodrive/roboracer_1/right_encoder,JointState,1789404306941765480,,"{""position"":[5631.046],""velocity"":[]}"
20682,33255867573456,/autodrive/roboracer_1/left_encoder,JointState,1789404306965769280,,"{""position"":[5630.998],""velocity"":[]}"
20686,33255868706705,/autodrive/roboracer_1/right_encoder,JointState,1789404306965769280,,"{""position"":[5631.046],""velocity"":[]}"
20694,33255893872433,/autodrive/roboracer_1/left_encoder,JointState,1789404306991765480,,"{""position"":[5630.998],""velocity"":[]}"
20695,33255894044706,/autodrive/roboracer_1/right_encoder,JointState,1789404306991765480,,"{""position"":[5631.046],""velocity"":[]}"
20705,33255919111418,/autodrive/roboracer_1/left_encoder,JointState,1789404307016767880,,"{""position"":[5630.998],""velocity"":[]}"
20706,33255919267061,/autodrive/roboracer_1/right_encoder,JointState,1789404307016767880,,"{""position"":[5631.046],""velocity"":[]}"
20714,33255943925966,/autodrive/roboracer_1/left_encoder,JointState,1789404307041769480,,"{""position"":[5630.998],""velocity"":[]}"
20715,33255944080246,/autodrive/roboracer_1/right_encoder,JointState,1789404307041769480,,"{""position"":[5631.046],""velocity"":[]}"
20724,33255969655263,/autodrive/roboracer_1/left_encoder,JointState,1789404307066765480,,"{""position"":[5630.998],""velocity"":[]}"
20725,33255969831474,/autodrive/roboracer_1/right_encoder,JointState,1789404307066765480,,"{""position"":[5631.046],""velocity"":[]}"
20736,33255995102710,/autodrive/roboracer_1/left_encoder,JointState,1789404307091768680,,"{""position"":[5630.998],""velocity"":[]}"
20737,33255995289371,/autodrive/roboracer_1/right_encoder,JointState,1789404307091768680,,"{""position"":[5631.046],""velocity"":[]}"
20745,33256019441334,/autodrive/roboracer_1/left_encoder,JointState,1789404307116765480,,"{""position"":[5630.998],""velocity"":[]}"
20746,33256019631672,/autodrive/roboracer_1/right_encoder,JointState,1789404307116765480,,"{""position"":[5631.046],""velocity"":[]}"
20755,33256043846824,/autodrive/roboracer_1/left_encoder,JointState,1789404307141767880,,"{""position"":[5630.998],""velocity"":[]}"
20756,33256044024117,/autodrive/roboracer_1/right_encoder,JointState,1789404307141767880,,"{""position"":[5631.046],""velocity"":[]}"
20765,33256067977668,/autodrive/roboracer_1/left_encoder,JointState,1789404307165765480,,"{""position"":[5630.998],""velocity"":[]}"
20766,33256068179908,/autodrive/roboracer_1/right_encoder,JointState,1789404307165765480,,"{""position"":[5631.046],""velocity"":[]}"
20776,33256094356154,/autodrive/roboracer_1/left_encoder,JointState,1789404307191765480,,"{""position"":[5630.998],""velocity"":[]}"
20777,33256094530001,/autodrive/roboracer_1/right_encoder,JointState,1789404307191765480,,"{""position"":[5631.046],""velocity"":[]}"
20786,33256118975385,/autodrive/roboracer_1/left_encoder,JointState,1789404307216768680,,"{""position"":[5630.998],""velocity"":[]}"
20787,33256119118865,/autodrive/roboracer_1/right_encoder,JointState,1789404307216768680,,"{""position"":[5631.046],""velocity"":[]}"
20797,33256144015177,/autodrive/roboracer_1/left_encoder,JointState,1789404307241765480,,"{""position"":[5630.998],""velocity"":[]}"
20798,33256144178894,/autodrive/roboracer_1/right_encoder,JointState,1789404307241765480,,"{""position"":[5631.046],""velocity"":[]}"
20805,33256167523081,/autodrive/roboracer_1/left_encoder,JointState,1789404307265768480,,"{""position"":[5630.998],""velocity"":[]}"
20806,33256167692128,/autodrive/roboracer_1/right_encoder,JointState,1789404307265768480,,"{""position"":[5631.046],""velocity"":[]}"
20817,33256193973412,/autodrive/roboracer_1/left_encoder,JointState,1789404307291769480,,"{""position"":[5630.998],""velocity"":[]}"
20818,33256194161986,/autodrive/roboracer_1/right_encoder,JointState,1789404307291769480,,"{""position"":[5631.046],""velocity"":[]}"
20827,33256219396693,/autodrive/roboracer_1/left_encoder,JointState,1789404307316765480,,"{""position"":[5630.998],""velocity"":[]}"
20828,33256219587932,/autodrive/roboracer_1/right_encoder,JointState,1789404307316765480,,"{""position"":[5631.046],""velocity"":[]}"
20837,33256244085315,/autodrive/roboracer_1/left_encoder,JointState,1789404307341768680,,"{""position"":[5630.998],""velocity"":[]}"
20838,33256244256066,/autodrive/roboracer_1/right_encoder,JointState,1789404307341768680,,"{""position"":[5631.046],""velocity"":[]}"
20847,33256268219435,/autodrive/roboracer_1/left_encoder,JointState,1789404307366765480,,"{""position"":[5630.998],""velocity"":[]}"
20850,33256269031741,/autodrive/roboracer_1/right_encoder,JointState,1789404307366765480,,"{""position"":[5631.046],""velocity"":[]}"
20858,33256294797516,/autodrive/roboracer_1/left_encoder,JointState,1789404307392765480,,"{""position"":[5630.998],""velocity"":[]}"
20859,33256294943119,/autodrive/roboracer_1/right_encoder,JointState,1789404307392765480,,"{""position"":[5631.046],""velocity"":[]}"
20868,33256318621714,/autodrive/roboracer_1/left_encoder,JointState,1789404307416769480,,"{""position"":[5630.998],""velocity"":[]}"
20869,33256318781504,/autodrive/roboracer_1/right_encoder,JointState,1789404307416769480,,"{""position"":[5631.046],""velocity"":[]}"
20879,33256343894924,/autodrive/roboracer_1/left_encoder,JointState,1789404307441765480,,"{""position"":[5630.998],""velocity"":[]}"
20880,33256344029747,/autodrive/roboracer_1/right_encoder,JointState,1789404307441765480,,"{""position"":[5631.046],""velocity"":[]}"
20888,33256368561775,/autodrive/roboracer_1/left_encoder,JointState,1789404307466768680,,"{""position"":[5630.998],""velocity"":[]}"
20889,33256368710824,/autodrive/roboracer_1/right_encoder,JointState,1789404307466768680,,"{""position"":[5631.046],""velocity"":[]}"
20899,33256393724046,/autodrive/roboracer_1/left_encoder,JointState,1789404307491765480,,"{""position"":[5630.998],""velocity"":[]}"
20900,33256393883836,/autodrive/roboracer_1/right_encoder,JointState,1789404307491765480,,"{""position"":[5631.046],""velocity"":[]}"
20910,33256419305755,/autodrive/roboracer_1/left_encoder,JointState,1789404307516767880,,"{""position"":[5630.998],""velocity"":[]}"
20911,33256419448984,/autodrive/roboracer_1/right_encoder,JointState,1789404307516767880,,"{""position"":[5631.046],""velocity"":[]}"
20920,33256444502892,/autodrive/roboracer_1/left_encoder,JointState,1789404307541769480,,"{""position"":[5630.998],""velocity"":[]}"
20921,33256444717595,/autodrive/roboracer_1/right_encoder,JointState,1789404307541769480,,"{""position"":[5631.046],""velocity"":[]}"
20931,33256468093712,/autodrive/roboracer_1/left_encoder,JointState,1789404307565767680,,"{""position"":[5630.998],""velocity"":[]}"
20932,33256468260315,/autodrive/roboracer_1/right_encoder,JointState,1789404307565767680,,"{""position"":[5631.046],""velocity"":[]}"
20939,33256493503658,/autodrive/roboracer_1/left_encoder,JointState,1789404307591768680,,"{""position"":[5630.998],""velocity"":[]}"
20940,33256493666053,/autodrive/roboracer_1/right_encoder,JointState,1789404307591768680,,"{""position"":[5631.046],""velocity"":[]}"
20950,33256518803608,/autodrive/roboracer_1/left_encoder,JointState,1789404307616765480,,"{""position"":[5630.998],""velocity"":[]}"
20951,33256518952728,/autodrive/roboracer_1/right_encoder,JointState,1789404307616765480,,"{""position"":[5631.046],""velocity"":[]}"
20961,33256543863387,/autodrive/roboracer_1/left_encoder,JointState,1789404307641767880,,"{""position"":[5630.998],""velocity"":[]}"
20962,33256543985296,/autodrive/roboracer_1/right_encoder,JointState,1789404307641767880,,"{""position"":[5631.046],""velocity"":[]}"
20970,33256568333328,/autodrive/roboracer_1/left_encoder,JointState,1789404307666769480,,"{""position"":[5630.998],""velocity"":[]}"
20971,33256568511743,/autodrive/roboracer_1/right_encoder,JointState,1789404307666769480,,"{""position"":[5631.046],""velocity"":[]}"
20981,33256593890311,/autodrive/roboracer_1/left_encoder,JointState,1789404307691765480,,"{""position"":[5630.998],""velocity"":[]}"
20982,33256594070960,/autodrive/roboracer_1/right_encoder,JointState,1789404307691765480,,"{""position"":[5631.046],""velocity"":[]}"
20991,33256618336497,/autodrive/roboracer_1/left_encoder,JointState,1789404307715769280,,"{""position"":[5630.998],""velocity"":[]}"
20992,33256618492921,/autodrive/roboracer_1/right_encoder,JointState,1789404307715769280,,"{""position"":[5631.046],""velocity"":[]}"
21002,33256645843413,/autodrive/roboracer_1/left_encoder,JointState,1789404307740765480,,"{""position"":[5630.998],""velocity"":[]}"
21003,33256646045172,/autodrive/roboracer_1/right_encoder,JointState,1789404307740765480,,"{""position"":[5631.046],""velocity"":[]}"
21013,33256668997953,/autodrive/roboracer_1/left_encoder,JointState,1789404307766767880,,"{""position"":[5630.998],""velocity"":[]}"
21014,33256669155950,/autodrive/roboracer_1/right_encoder,JointState,1789404307766767880,,"{""position"":[5631.046],""velocity"":[]}"
21023,33256694905745,/autodrive/roboracer_1/left_encoder,JointState,1789404307791769480,,"{""position"":[5630.998],""velocity"":[]}"
21024,33256695054564,/autodrive/roboracer_1/right_encoder,JointState,1789404307791769480,,"{""position"":[5631.046],""velocity"":[]}"
21032,33256719299282,/autodrive/roboracer_1/left_encoder,JointState,1789404307816765480,,"{""position"":[5630.998],""velocity"":[]}"
21033,33256719483178,/autodrive/roboracer_1/right_encoder,JointState,1789404307816765480,,"{""position"":[5631.046],""velocity"":[]}"
21044,33256745069716,/autodrive/roboracer_1/left_encoder,JointState,1789404307841768680,,"{""position"":[5630.998],""velocity"":[]}"
21045,33256745225288,/autodrive/roboracer_1/right_encoder,JointState,1789404307841768680,,"{""position"":[5631.046],""velocity"":[]}"
21054,33256768554446,/autodrive/roboracer_1/left_encoder,JointState,1789404307866765480,,"{""position"":[5630.998],""velocity"":[]}"
21055,33256768689841,/autodrive/roboracer_1/right_encoder,JointState,1789404307866765480,,"{""position"":[5631.046],""velocity"":[]}"
21063,33256792778836,/autodrive/roboracer_1/left_encoder,JointState,1789404307890768480,,"{""position"":[5630.998],""velocity"":[]}"
21064,33256792921244,/autodrive/roboracer_1/right_encoder,JointState,1789404307890768480,,"{""position"":[5631.046],""velocity"":[]}"
21073,33256818930756,/autodrive/roboracer_1/left_encoder,JointState,1789404307916769480,,"{""position"":[5630.998],""velocity"":[]}"
21074,33256819105565,/autodrive/roboracer_1/right_encoder,JointState,1789404307916769480,,"{""position"":[5631.046],""velocity"":[]}"
21083,33256843717092,/autodrive/roboracer_1/left_encoder,JointState,1789404307941765480,,"{""position"":[5630.998],""velocity"":[]}"
21084,33256843856684,/autodrive/roboracer_1/right_encoder,JointState,1789404307941765480,,"{""position"":[5631.046],""velocity"":[]}"
21093,33256867931042,/autodrive/roboracer_1/left_encoder,JointState,1789404307965769280,,"{""position"":[5630.998],""velocity"":[]}"
21094,33256868110328,/autodrive/roboracer_1/right_encoder,JointState,1789404307965769280,,"{""position"":[5631.046],""velocity"":[]}"
21104,33256893951315,/autodrive/roboracer_1/left_encoder,JointState,1789404307991765480,,"{""position"":[5630.998],""velocity"":[]}"
21105,33256894101346,/autodrive/roboracer_1/right_encoder,JointState,1789404307991765480,,"{""position"":[5631.046],""velocity"":[]}"
21115,33256922570329,/autodrive/roboracer_1/left_encoder,JointState,1789404308016767880,,"{""position"":[5630.998],""velocity"":[]}"
21116,33256922734267,/autodrive/roboracer_1/right_encoder,JointState,1789404308016767880,,"{""position"":[5631.046],""velocity"":[]}"
21124,33256942979993,/autodrive/roboracer_1/left_encoder,JointState,1789404308040765480,,"{""position"":[5630.998],""velocity"":[]}"
21125,33256943135345,/autodrive/roboracer_1/right_encoder,JointState,1789404308040765480,,"{""position"":[5631.046],""velocity"":[]}"
21136,33256968774552,/autodrive/roboracer_1/left_encoder,JointState,1789404308066765480,,"{""position"":[5630.998],""velocity"":[]}"
21137,33256968969759,/autodrive/roboracer_1/right_encoder,JointState,1789404308066765480,,"{""position"":[5631.046],""velocity"":[]}"
21145,33256993777665,/autodrive/roboracer_1/left_encoder,JointState,1789404308091768680,,"{""position"":[5630.998],""velocity"":[]}"
21146,33256993921806,/autodrive/roboracer_1/right_encoder,JointState,1789404308091768680,,"{""position"":[5631.046],""velocity"":[]}"
21155,33257018918586,/autodrive/roboracer_1/left_encoder,JointState,1789404308116765480,,"{""position"":[5630.998],""velocity"":[]}"
21156,33257019127499,/autodrive/roboracer_1/right_encoder,JointState,1789404308116765480,,"{""position"":[5631.046],""velocity"":[]}"
21166,33257044038548,/autodrive/roboracer_1/left_encoder,JointState,1789404308141767880,,"{""position"":[5630.998],""velocity"":[]}"
21167,33257044199220,/autodrive/roboracer_1/right_encoder,JointState,1789404308141767880,,"{""position"":[5631.046],""velocity"":[]}"
21175,33257068023268,/autodrive/roboracer_1/left_encoder,JointState,1789404308166769480,,"{""position"":[5630.998],""velocity"":[]}"
21176,33257068168581,/autodrive/roboracer_1/right_encoder,JointState,1789404308166769480,,"{""position"":[5631.046],""velocity"":[]}"
21186,33257093723409,/autodrive/roboracer_1/left_encoder,JointState,1789404308191765480,,"{""position"":[5630.998],""velocity"":[]}"
21187,33257093859986,/autodrive/roboracer_1/right_encoder,JointState,1789404308191765480,,"{""position"":[5631.046],""velocity"":[]}"
21195,33257118611686,/autodrive/roboracer_1/left_encoder,JointState,1789404308216768680,,"{""position"":[5630.998],""velocity"":[]}"
21196,33257118777798,/autodrive/roboracer_1/right_encoder,JointState,1789404308216768680,,"{""position"":[5631.046],""velocity"":[]}"
21206,33257144154472,/autodrive/roboracer_1/left_encoder,JointState,1789404308241765480,,"{""position"":[5630.998],""velocity"":[]}"
21207,33257144297270,/autodrive/roboracer_1/right_encoder,JointState,1789404308241765480,,"{""position"":[5631.046],""velocity"":[]}"
21216,33257168872128,/autodrive/roboracer_1/left_encoder,JointState,1789404308266767880,,"{""position"":[5630.998],""velocity"":[]}"
21217,33257169038822,/autodrive/roboracer_1/right_encoder,JointState,1789404308266767880,,"{""position"":[5631.046],""velocity"":[]}"
21228,33257193095186,/autodrive/roboracer_1/left_encoder,JointState,1789404308290765480,,"{""position"":[5630.998],""velocity"":[]}"
21229,33257193248123,/autodrive/roboracer_1/right_encoder,JointState,1789404308290765480,,"{""position"":[5631.046],""velocity"":[]}"
21237,33257218745875,/autodrive/roboracer_1/left_encoder,JointState,1789404308316765480,,"{""position"":[5630.998],""velocity"":[]}"
21238,33257218893893,/autodrive/roboracer_1/right_encoder,JointState,1789404308316765480,,"{""position"":[5631.046],""velocity"":[]}"
21247,33257243825791,/autodrive/roboracer_1/left_encoder,JointState,1789404308341768680,,"{""position"":[5630.998],""velocity"":[]}"
21248,33257243978869,/autodrive/roboracer_1/right_encoder,JointState,1789404308341768680,,"{""position"":[5631.046],""velocity"":[]}"
21257,33257268189343,/autodrive/roboracer_1/left_encoder,JointState,1789404308366765480,,"{""position"":[5630.998],""velocity"":[]}"
21258,33257268339274,/autodrive/roboracer_1/right_encoder,JointState,1789404308366765480,,"{""position"":[5631.046],""velocity"":[]}"
21268,33257292716100,/autodrive/roboracer_1/left_encoder,JointState,1789404308390768480,,"{""position"":[5630.998],""velocity"":[]}"
21269,33257292859760,/autodrive/roboracer_1/right_encoder,JointState,1789404308390768480,,"{""position"":[5631.046],""velocity"":[]}"
21278,33257319329387,/autodrive/roboracer_1/left_encoder,JointState,1789404308416769480,,"{""position"":[5630.998],""velocity"":[]}"
21279,33257319456606,/autodrive/roboracer_1/right_encoder,JointState,1789404308416769480,,"{""position"":[5631.046],""velocity"":[]}"
21288,33257343780473,/autodrive/roboracer_1/left_encoder,JointState,1789404308441765480,,"{""position"":[5630.998],""velocity"":[]}"
21289,33257343905207,/autodrive/roboracer_1/right_encoder,JointState,1789404308441765480,,"{""position"":[5631.046],""velocity"":[]}"
21300,33257368907828,/autodrive/roboracer_1/left_encoder,JointState,1789404308466768680,,"{""position"":[5630.998],""velocity"":[]}"
21301,33257369083358,/autodrive/roboracer_1/right_encoder,JointState,1789404308466768680,,"{""position"":[5631.046],""velocity"":[]}"
21309,33257394632987,/autodrive/roboracer_1/left_encoder,JointState,1789404308491765480,,"{""position"":[5630.998],""velocity"":[]}"
21310,33257394812274,/autodrive/roboracer_1/right_encoder,JointState,1789404308491765480,,"{""position"":[5631.046],""velocity"":[]}"
21319,33257417873609,/autodrive/roboracer_1/left_encoder,JointState,1789404308515768480,,"{""position"":[5630.998],""velocity"":[]}"
21320,33257418045562,/autodrive/roboracer_1/right_encoder,JointState,1789404308515768480,,"{""position"":[5631.046],""velocity"":[]}"
21329,33257443961639,/autodrive/roboracer_1/left_encoder,JointState,1789404308541769480,,"{""position"":[5630.998],""velocity"":[]}"
21330,33257444161585,/autodrive/roboracer_1/right_encoder,JointState,1789404308541769480,,"{""position"":[5631.046],""velocity"":[]}"
21341,33257469104795,/autodrive/roboracer_1/left_encoder,JointState,1789404308566765480,,"{""position"":[5630.998],""velocity"":[]}"
21342,33257469304941,/autodrive/roboracer_1/right_encoder,JointState,1789404308566765480,,"{""position"":[5631.046],""velocity"":[]}"
21350,33257493771806,/autodrive/roboracer_1/left_encoder,JointState,1789404308591768680,,"{""position"":[5630.998],""velocity"":[]}"
21351,33257493914093,/autodrive/roboracer_1/right_encoder,JointState,1789404308591768680,,"{""position"":[5631.046],""velocity"":[]}"
21360,33257518730014,/autodrive/roboracer_1/left_encoder,JointState,1789404308616765480,,"{""position"":[5630.998],""velocity"":[]}"
21361,33257518876059,/autodrive/roboracer_1/right_encoder,JointState,1789404308616765480,,"{""position"":[5631.046],""velocity"":[]}"
21370,33257543777660,/autodrive/roboracer_1/left_encoder,JointState,1789404308641767880,,"{""position"":[5630.998],""velocity"":[]}"
21371,33257543905671,/autodrive/roboracer_1/right_encoder,JointState,1789404308641767880,,"{""position"":[5631.046],""velocity"":[]}"
21380,33257568393365,/autodrive/roboracer_1/left_encoder,JointState,1789404308666769480,,"{""position"":[5630.998],""velocity"":[]}"
21381,33257568615001,/autodrive/roboracer_1/right_encoder,JointState,1789404308666769480,,"{""position"":[5631.046],""velocity"":[]}"
21392,33257594126659,/autodrive/roboracer_1/left_encoder,JointState,1789404308691765480,,"{""position"":[5630.998],""velocity"":[]}"
21393,33257594261963,/autodrive/roboracer_1/right_encoder,JointState,1789404308691765480,,"{""position"":[5631.046],""velocity"":[]}"
21402,33257619073516,/autodrive/roboracer_1/left_encoder,JointState,1789404308716768680,,"{""position"":[5630.998],""velocity"":[]}"
21403,33257619222335,/autodrive/roboracer_1/right_encoder,JointState,1789404308716768680,,"{""position"":[5631.046],""velocity"":[]}"
21412,33257644567520,/autodrive/roboracer_1/left_encoder,JointState,1789404308741765480,,"{""position"":[5630.998],""velocity"":[]}"
21413,33257644726499,/autodrive/roboracer_1/right_encoder,JointState,1789404308741765480,,"{""position"":[5631.046],""velocity"":[]}"
21421,33257668514229,/autodrive/roboracer_1/left_encoder,JointState,1789404308766767880,,"{""position"":[5630.998],""velocity"":[]}"
21422,33257668709966,/autodrive/roboracer_1/right_encoder,JointState,1789404308766767880,,"{""position"":[5631.046],""velocity"":[]}"
21432,33257693749948,/autodrive/roboracer_1/left_encoder,JointState,1789404308791769480,,"{""position"":[5630.998],""velocity"":[]}"
21433,33257693912223,/autodrive/roboracer_1/right_encoder,JointState,1789404308791769480,,"{""position"":[5631.046],""velocity"":[]}"
21442,33257718925454,/autodrive/roboracer_1/left_encoder,JointState,1789404308816765480,,"{""position"":[5630.998],""velocity"":[]}"
21443,33257719074424,/autodrive/roboracer_1/right_encoder,JointState,1789404308816765480,,"{""position"":[5631.046],""velocity"":[]}"
21452,33257743907297,/autodrive/roboracer_1/left_encoder,JointState,1789404308841768680,,"{""position"":[5630.998],""velocity"":[]}"
21453,33257744064953,/autodrive/roboracer_1/right_encoder,JointState,1789404308841768680,,"{""position"":[5631.046],""velocity"":[]}"
21462,33257768248897,/autodrive/roboracer_1/left_encoder,JointState,1789404308866765480,,"{""position"":[5630.998],""velocity"":[]}"
21463,33257768442490,/autodrive/roboracer_1/right_encoder,JointState,1789404308866765480,,"{""position"":[5631.046],""velocity"":[]}"
21473,33257792716944,/autodrive/roboracer_1/left_encoder,JointState,1789404308890768480,,"{""position"":[5630.998],""velocity"":[]}"
21474,33257792859111,/autodrive/roboracer_1/right_encoder,JointState,1789404308890768480,,"{""position"":[5631.046],""velocity"":[]}"
21484,33257819215215,/autodrive/roboracer_1/left_encoder,JointState,1789404308916769480,,"{""position"":[5630.998],""velocity"":[]}"
21485,33257819386557,/autodrive/roboracer_1/right_encoder,JointState,1789404308916769480,,"{""position"":[5631.046],""velocity"":[]}"
21494,33257845440803,/autodrive/roboracer_1/left_encoder,JointState,1789404308941765480,,"{""position"":[5630.998],""velocity"":[]}"
21495,33257845654004,/autodrive/roboracer_1/right_encoder,JointState,1789404308941765480,,"{""position"":[5631.046],""velocity"":[]}"
21505,33257869266534,/autodrive/roboracer_1/left_encoder,JointState,1789404308966768680,,"{""position"":[5630.998],""velocity"":[]}"
21506,33257869447605,/autodrive/roboracer_1/right_encoder,JointState,1789404308966768680,,"{""position"":[5631.046],""velocity"":[]}"
21514,33257894210636,/autodrive/roboracer_1/left_encoder,JointState,1789404308991765480,,"{""position"":[5630.998],""velocity"":[]}"
21515,33257894339849,/autodrive/roboracer_1/right_encoder,JointState,1789404308991765480,,"{""position"":[5631.046],""velocity"":[]}"
21525,33257918199884,/autodrive/roboracer_1/left_encoder,JointState,1789404309015768480,,"{""position"":[5630.998],""velocity"":[]}"
21526,33257918396283,/autodrive/roboracer_1/right_encoder,JointState,1789404309015768480,,"{""position"":[5631.046],""velocity"":[]}"
21535,33257943981198,/autodrive/roboracer_1/left_encoder,JointState,1789404309041769480,,"{""position"":[5630.998],""velocity"":[]}"
21536,33257944139466,/autodrive/roboracer_1/right_encoder,JointState,1789404309041769480,,"{""position"":[5631.046],""velocity"":[]}"
21544,33257968230866,/autodrive/roboracer_1/left_encoder,JointState,1789404309066765480,,"{""position"":[5630.998],""velocity"":[]}"
21545,33257968384504,/autodrive/roboracer_1/right_encoder,JointState,1789404309066765480,,"{""position"":[5631.046],""velocity"":[]}"
21555,33257993662313,/autodrive/roboracer_1/left_encoder,JointState,1789404309091768680,,"{""position"":[5630.998],""velocity"":[]}"
21556,33257993812465,/autodrive/roboracer_1/right_encoder,JointState,1789404309091768680,,"{""position"":[5631.046],""velocity"":[]}"
21565,33258018895507,/autodrive/roboracer_1/left_encoder,JointState,1789404309116765480,,"{""position"":[5630.998],""velocity"":[]}"
21566,33258019052242,/autodrive/roboracer_1/right_encoder,JointState,1789404309116765480,,"{""position"":[5631.046],""velocity"":[]}"
21576,33258043109247,/autodrive/roboracer_1/left_encoder,JointState,1789404309140768480,,"{""position"":[5630.998],""velocity"":[]}"
21577,33258043239582,/autodrive/roboracer_1/right_encoder,JointState,1789404309140768480,,"{""position"":[5631.046],""velocity"":[]}"
21586,33258068350166,/autodrive/roboracer_1/left_encoder,JointState,1789404309166769480,,"{""position"":[5630.998],""velocity"":[]}"
21587,33258068507842,/autodrive/roboracer_1/right_encoder,JointState,1789404309166769480,,"{""position"":[5631.046],""velocity"":[]}"
21597,33258094284708,/autodrive/roboracer_1/left_encoder,JointState,1789404309191765480,,"{""position"":[5630.998],""velocity"":[]}"
21598,33258094460689,/autodrive/roboracer_1/right_encoder,JointState,1789404309191765480,,"{""position"":[5631.046],""velocity"":[]}"
21606,33258119496202,/autodrive/roboracer_1/left_encoder,JointState,1789404309216768680,,"{""position"":[5630.998],""velocity"":[]}"
21607,33258119626356,/autodrive/roboracer_1/right_encoder,JointState,1789404309216768680,,"{""position"":[5631.046],""velocity"":[]}"
21616,33258142777230,/autodrive/roboracer_1/left_encoder,JointState,1789404309240765480,,"{""position"":[5630.998],""velocity"":[]}"
21617,33258142967227,/autodrive/roboracer_1/right_encoder,JointState,1789404309240765480,,"{""position"":[5631.046],""velocity"":[]}"
21626,33258168273639,/autodrive/roboracer_1/left_encoder,JointState,1789404309266767880,,"{""position"":[5630.998],""velocity"":[]}"
21627,33258168418912,/autodrive/roboracer_1/right_encoder,JointState,1789404309266767880,,"{""position"":[5631.046],""velocity"":[]}"
21637,33258193897017,/autodrive/roboracer_1/left_encoder,JointState,1789404309291769480,,"{""position"":[5630.998],""velocity"":[]}"
21638,33258194035947,/autodrive/roboracer_1/right_encoder,JointState,1789404309291769480,,"{""position"":[5631.046],""velocity"":[]}"
21647,33258220160306,/autodrive/roboracer_1/left_encoder,JointState,1789404309314768280,,"{""position"":[5630.998],""velocity"":[]}"
21648,33258220336988,/autodrive/roboracer_1/right_encoder,JointState,1789404309314768280,,"{""position"":[5631.046],""velocity"":[]}"
21657,33258245332616,/autodrive/roboracer_1/left_encoder,JointState,1789404309341768680,,"{""position"":[5630.998],""velocity"":[]}"
21658,33258245500361,/autodrive/roboracer_1/right_encoder,JointState,1789404309341768680,,"{""position"":[5631.046],""velocity"":[]}"
21667,33258268299785,/autodrive/roboracer_1/left_encoder,JointState,1789404309366765480,,"{""position"":[5630.998],""velocity"":[]}"
21668,33258268454515,/autodrive/roboracer_1/right_encoder,JointState,1789404309366765480,,"{""position"":[5631.046],""velocity"":[]}"
21678,33258293845737,/autodrive/roboracer_1/left_encoder,JointState,1789404309391767880,,"{""position"":[5630.998],""velocity"":[]}"
21679,33258294016928,/autodrive/roboracer_1/right_encoder,JointState,1789404309391767880,,"{""position"":[5631.046],""velocity"":[]}"
21688,33258318768909,/autodrive/roboracer_1/left_encoder,JointState,1789404309416769480,,"{""position"":[5630.998],""velocity"":[]}"
21689,33258318928228,/autodrive/roboracer_1/right_encoder,JointState,1789404309416769480,,"{""position"":[5631.046],""velocity"":[]}"
21698,33258344427633,/autodrive/roboracer_1/left_encoder,JointState,1789404309441765480,,"{""position"":[5630.998],""velocity"":[]}"
21699,33258344569830,/autodrive/roboracer_1/right_encoder,JointState,1789404309441765480,,"{""position"":[5631.046],""velocity"":[]}"
21708,33258368297647,/autodrive/roboracer_1/left_encoder,JointState,1789404309466768680,,"{""position"":[5630.998],""velocity"":[]}"
21709,33258368448360,/autodrive/roboracer_1/right_encoder,JointState,1789404309466768680,,"{""position"":[5631.046],""velocity"":[]}"
21718,33258393643313,/autodrive/roboracer_1/left_encoder,JointState,1789404309491765480,,"{""position"":[5630.998],""velocity"":[]}"
21719,33258393805347,/autodrive/roboracer_1/right_encoder,JointState,1789404309491765480,,"{""position"":[5631.046],""velocity"":[]}"
21730,33258418162617,/autodrive/roboracer_1/left_encoder,JointState,1789404309515768480,,"{""position"":[5630.998],""velocity"":[]}"
21731,33258418297801,/autodrive/roboracer_1/right_encoder,JointState,1789404309515768480,,"{""position"":[5631.046],""velocity"":[]}"
21740,33258443991220,/autodrive/roboracer_1/left_encoder,JointState,1789404309541769480,,"{""position"":[5630.998],""velocity"":[]}"
21741,33258444242572,/autodrive/roboracer_1/right_encoder,JointState,1789404309541769480,,"{""position"":[5631.046],""velocity"":[]}"
21750,33258467745136,/autodrive/roboracer_1/left_encoder,JointState,1789404309565767680,,"{""position"":[5630.998],""velocity"":[]}"
21751,33258467904074,/autodrive/roboracer_1/right_encoder,JointState,1789404309565767680,,"{""position"":[5631.046],""velocity"":[]}"
21760,33258493541789,/autodrive/roboracer_1/left_encoder,JointState,1789404309591768680,,"{""position"":[5630.998],""velocity"":[]}"
21761,33258493702761,/autodrive/roboracer_1/right_encoder,JointState,1789404309591768680,,"{""position"":[5631.046],""velocity"":[]}"
21770,33258517744167,/autodrive/roboracer_1/left_encoder,JointState,1789404309615765480,,"{""position"":[5630.998],""velocity"":[]}"
21771,33258517898357,/autodrive/roboracer_1/right_encoder,JointState,1789404309615765480,,"{""position"":[5631.046],""velocity"":[]}"
21780,33258543520432,/autodrive/roboracer_1/left_encoder,JointState,1789404309638769580,,"{""position"":[5630.998],""velocity"":[]}"
21781,33258543672708,/autodrive/roboracer_1/right_encoder,JointState,1789404309638769580,,"{""position"":[5631.046],""velocity"":[]}"
21789,33258568598766,/autodrive/roboracer_1/left_encoder,JointState,1789404309666769480,,"{""position"":[5630.998],""velocity"":[]}"
21793,33258569565582,/autodrive/roboracer_1/right_encoder,JointState,1789404309666769480,,"{""position"":[5631.046],""velocity"":[]}"
21801,33258594607076,/autodrive/roboracer_1/left_encoder,JointState,1789404309691765480,,"{""position"":[5630.998],""velocity"":[]}"
21802,33258594788597,/autodrive/roboracer_1/right_encoder,JointState,1789404309691765480,,"{""position"":[5631.046],""velocity"":[]}"
21812,33258619100161,/autodrive/roboracer_1/left_encoder,JointState,1789404309716768680,,"{""position"":[5630.998],""velocity"":[]}"
21813,33258619257236,/autodrive/roboracer_1/right_encoder,JointState,1789404309716768680,,"{""position"":[5631.046],""velocity"":[]}"
21821,33258643708923,/autodrive/roboracer_1/left_encoder,JointState,1789404309741765480,,"{""position"":[5630.998],""velocity"":[]}"
21822,33258643826964,/autodrive/roboracer_1/right_encoder,JointState,1789404309741765480,,"{""position"":[5631.046],""velocity"":[]}"
21832,33258668192710,/autodrive/roboracer_1/left_encoder,JointState,1789404309765768480,,"{""position"":[5630.998],""velocity"":[]}"
21833,33258668361977,/autodrive/roboracer_1/right_encoder,JointState,1789404309765768480,,"{""position"":[5631.046],""velocity"":[]}"
21841,33258692934682,/autodrive/roboracer_1/left_encoder,JointState,1789404309790765480,,"{""position"":[5630.998],""velocity"":[]}"
21842,33258693105192,/autodrive/roboracer_1/right_encoder,JointState,1789404309790765480,,"{""position"":[5631.046],""velocity"":[]}"
21849,33258718131778,/autodrive/roboracer_1/left_encoder,JointState,1789404309815767680,,"{""position"":[5630.998],""velocity"":[]}"
21850,33258718304333,/autodrive/roboracer_1/right_encoder,JointState,1789404309815767680,,"{""position"":[5631.046],""velocity"":[]}"
21858,33258744062453,/autodrive/roboracer_1/left_encoder,JointState,1789404309841768680,,"{""position"":[5630.998],""velocity"":[]}"
21859,33258744204981,/autodrive/roboracer_1/right_encoder,JointState,1789404309841768680,,"{""position"":[5631.046],""velocity"":[]}"
21867,33258770043001,/autodrive/roboracer_1/left_encoder,JointState,1789404309866765480,,"{""position"":[5630.998],""velocity"":[]}"
21868,33258770246293,/autodrive/roboracer_1/right_encoder,JointState,1789404309866765480,,"{""position"":[5631.046],""velocity"":[]}"
21877,33258792960927,/autodrive/roboracer_1/left_encoder,JointState,1789404309890768480,,"{""position"":[5630.998],""velocity"":[]}"
21878,33258793114636,/autodrive/roboracer_1/right_encoder,JointState,1789404309890768480,,"{""position"":[5631.046],""velocity"":[]}"
21886,33258819325507,/autodrive/roboracer_1/left_encoder,JointState,1789404309916769480,,"{""position"":[5630.998],""velocity"":[]}"
21887,33258819469788,/autodrive/roboracer_1/right_encoder,JointState,1789404309916769480,,"{""position"":[5631.046],""velocity"":[]}"
21894,33258843608778,/autodrive/roboracer_1/left_encoder,JointState,1789404309940767680,,"{""position"":[5630.998],""velocity"":[]}"
21895,33258843762005,/autodrive/roboracer_1/right_encoder,JointState,1789404309940767680,,"{""position"":[5631.046],""velocity"":[]}"
21903,33258869063769,/autodrive/roboracer_1/left_encoder,JointState,1789404309965769280,,"{""position"":[5630.998],""velocity"":[]}"
21904,33258869199253,/autodrive/roboracer_1/right_encoder,JointState,1789404309965769280,,"{""position"":[5631.046],""velocity"":[]}"
21913,33258893994295,/autodrive/roboracer_1/left_encoder,JointState,1789404309991765480,,"{""position"":[5630.998],""velocity"":[]}"
21914,33258894163262,/autodrive/roboracer_1/right_encoder,JointState,1789404309991765480,,"{""position"":[5631.046],""velocity"":[]}"
21922,33258919835371,/autodrive/roboracer_1/left_encoder,JointState,1789404310016767880,,"{""position"":[5630.998],""velocity"":[]}"
21923,33258919996534,/autodrive/roboracer_1/right_encoder,JointState,1789404310016767880,,"{""position"":[5631.046],""velocity"":[]}"
21931,33258943958952,/autodrive/roboracer_1/left_encoder,JointState,1789404310041769480,,"{""position"":[5630.998],""velocity"":[]}"
21932,33258944107431,/autodrive/roboracer_1/right_encoder,JointState,1789404310041769480,,"{""position"":[5631.046],""velocity"":[]}"
21939,33258969674012,/autodrive/roboracer_1/left_encoder,JointState,1789404310066765480,,"{""position"":[5630.998],""velocity"":[]}"
21940,33258969841256,/autodrive/roboracer_1/right_encoder,JointState,1789404310066765480,,"{""position"":[5631.046],""velocity"":[]}"
21948,33258992933659,/autodrive/roboracer_1/left_encoder,JointState,1789404310090769280,,"{""position"":[5630.998],""velocity"":[]}"
21949,33258993099671,/autodrive/roboracer_1/right_encoder,JointState,1789404310090769280,,"{""position"":[5631.046],""velocity"":[]}"
21958,33259019270627,/autodrive/roboracer_1/left_encoder,JointState,1789404310116765480,,"{""position"":[5630.998],""velocity"":[]}"
21959,33259019426319,/autodrive/roboracer_1/right_encoder,JointState,1789404310116765480,,"{""position"":[5631.046],""velocity"":[]}"
21967,33259044348640,/autodrive/roboracer_1/left_encoder,JointState,1789404310141767880,,"{""position"":[5630.998],""velocity"":[]}"
21968,33259044504984,/autodrive/roboracer_1/right_encoder,JointState,1789404310141767880,,"{""position"":[5631.046],""velocity"":[]}"
21976,33259070021140,/autodrive/roboracer_1/left_encoder,JointState,1789404310165769980,,"{""position"":[5630.998],""velocity"":[]}"
21977,33259070150553,/autodrive/roboracer_1/right_encoder,JointState,1789404310165769980,,"{""position"":[5631.046],""velocity"":[]}"
21984,33259094412173,/autodrive/roboracer_1/left_encoder,JointState,1789404310191765480,,"{""position"":[5630.998],""velocity"":[]}"
21985,33259094576882,/autodrive/roboracer_1/right_encoder,JointState,1789404310191765480,,"{""position"":[5631.046],""velocity"":[]}"
21993,33259117897394,/autodrive/roboracer_1/left_encoder,JointState,1789404310215769280,,"{""position"":[5630.998],""velocity"":[]}"
21994,33259118072303,/autodrive/roboracer_1/right_encoder,JointState,1789404310215769280,,"{""position"":[5631.046],""velocity"":[]}"
22002,33259143881570,/autodrive/roboracer_1/left_encoder,JointState,1789404310241765480,,"{""position"":[5630.998],""velocity"":[]}"
22003,33259144046309,/autodrive/roboracer_1/right_encoder,JointState,1789404310241765480,,"{""position"":[5631.046],""velocity"":[]}"
22011,33259169438222,/autodrive/roboracer_1/left_encoder,JointState,1789404310266767880,,"{""position"":[5630.998],""velocity"":[]}"
22012,33259169571983,/autodrive/roboracer_1/right_encoder,JointState,1789404310266767880,,"{""position"":[5631.046],""velocity"":[]}"
22020,33259194029791,/autodrive/roboracer_1/left_encoder,JointState,1789404310291769480,,"{""position"":[5630.998],""velocity"":[]}"
22021,33259194186486,/autodrive/roboracer_1/right_encoder,JointState,1789404310291769480,,"{""position"":[5631.046],""velocity"":[]}"
22029,33259218951491,/autodrive/roboracer_1/left_encoder,JointState,1789404310316765480,,"{""position"":[5630.998],""velocity"":[]}"
22030,33259219094429,/autodrive/roboracer_1/right_encoder,JointState,1789404310316765480,,"{""position"":[5631.046],""velocity"":[]}"
22038,33259243933434,/autodrive/roboracer_1/left_encoder,JointState,1789404310341768680,,"{""position"":[5630.998],""velocity"":[]}"
22039,33259244089397,/autodrive/roboracer_1/right_encoder,JointState,1789404310341768680,,"{""position"":[5631.046],""velocity"":[]}"
22048,33259270613115,/autodrive/roboracer_1/left_encoder,JointState,1789404310366765480,,"{""position"":[5630.998],""velocity"":[]}"
22049,33259270792602,/autodrive/roboracer_1/right_encoder,JointState,1789404310366765480,,"{""position"":[5631.046],""velocity"":[]}"
22056,33259294190089,/autodrive/roboracer_1/left_encoder,JointState,1789404310391767880,,"{""position"":[5630.998],""velocity"":[]}"
22057,33259294346503,/autodrive/roboracer_1/right_encoder,JointState,1789404310391767880,,"{""position"":[5631.046],""velocity"":[]}"
22065,33259319458680,/autodrive/roboracer_1/left_encoder,JointState,1789404310416769480,,"{""position"":[5630.998],""velocity"":[]}"
22066,33259319662092,/autodrive/roboracer_1/right_encoder,JointState,1789404310416769480,,"{""position"":[5631.046],""velocity"":[]}"
22074,33259343078204,/autodrive/roboracer_1/left_encoder,JointState,1789404310440767680,,"{""position"":[5630.998],""velocity"":[]}"
22075,33259343235189,/autodrive/roboracer_1/right_encoder,JointState,1789404310440767680,,"{""position"":[5631.046],""velocity"":[]}"
22084,33259369611891,/autodrive/roboracer_1/left_encoder,JointState,1789404310465769280,,"{""position"":[5630.998],""velocity"":[]}"
22085,33259369768686,/autodrive/roboracer_1/right_encoder,JointState,1789404310465769280,,"{""position"":[5631.046],""velocity"":[]}"
22093,33259393775988,/autodrive/roboracer_1/left_encoder,JointState,1789404310489767480,,"{""position"":[5630.998],""velocity"":[]}"
22094,33259393927001,/autodrive/roboracer_1/right_encoder,JointState,1789404310489767480,,"{""position"":[5631.046],""velocity"":[]}"
22101,33259417749727,/autodrive/roboracer_1/left_encoder,JointState,1789404310515768480,,"{""position"":[5630.998],""velocity"":[]}"
22102,33259417909146,/autodrive/roboracer_1/right_encoder,JointState,1789404310515768480,,"{""position"":[5631.046],""velocity"":[]}"
22110,33259442823863,/autodrive/roboracer_1/left_encoder,JointState,1789404310540769980,,"{""position"":[5630.998],""velocity"":[]}"
22111,33259442978894,/autodrive/roboracer_1/right_encoder,JointState,1789404310540769980,,"{""position"":[5631.046],""velocity"":[]}"
22120,33259469624912,/autodrive/roboracer_1/left_encoder,JointState,1789404310565767680,,"{""position"":[5630.998],""velocity"":[]}"
22121,33259469787908,/autodrive/roboracer_1/right_encoder,JointState,1789404310565767680,,"{""position"":[5631.046],""velocity"":[]}"
