[INFO] [launch]: All log files can be found below /root/.ros/log/2026-09-10-04-01-38-810550-ExternalDrive-87
[INFO] [launch]: Default logging verbosity is set to INFO
[INFO] [launch.user]: controller=pure_pursuit custom_amcl=True rviz=False
[INFO] [autodrive_bridge_40hz-1]: process started with pid [140]
[INFO] [sensor_odometry_node-2]: process started with pid [142]
[INFO] [ekf_localization_node-3]: process started with pid [144]
[INFO] [map_server-4]: process started with pid [146]
[INFO] [lifecycle_manager-5]: process started with pid [148]
[INFO] [gpu_amcl_cpp_node-6]: process started with pid [150]
[INFO] [ground_truth_amcl_monitor-7]: process started with pid [152]
[INFO] [calibration-8]: process started with pid [154]
[INFO] [component_container-9]: process started with pid [156]
[INFO] [actuator_interface-10]: process started with pid [158]
[lifecycle_manager-5] [INFO] [1789012898.990327854] [lifecycle_manager_map]: Creating
[lifecycle_manager-5] [INFO] [1789012898.993366848] [lifecycle_manager_map]: [34m[1mCreating and initializing lifecycle service clients[0m[0m
[sensor_odometry_node-2] [INFO] [1789012899.000346900] [sensor_odometry]: Deterministic odometry observer: exact timestamp packets, encoders + IMU only
[map_server-4] [INFO] [1789012899.004247010] [map_server]: 
[map_server-4] 	map_server lifecycle node launched. 
[map_server-4] 	Waiting on external lifecycle transitions to activate
[map_server-4] 	See https://design.ros2.org/articles/node_lifecycle.html for more information.
[map_server-4] [INFO] [1789012899.004387204] [map_server]: Creating
[ekf_localization_node-3] [INFO] [1789012899.004441776] [ekf_localization]: Local odometry trust filter ready: /odom -> /ekf_odom and /ekf_pose in frame odom; reset events=/autodrive/reset_command
[lifecycle_manager-5] [INFO] [1789012899.080500130] [lifecycle_manager_map]: [34m[1mStarting managed nodes bringup...[0m[0m
[lifecycle_manager-5] [INFO] [1789012899.080569249] [lifecycle_manager_map]: [34m[1mConfiguring map_server[0m[0m
[gpu_amcl_cpp_node-6] [INFO] [1789012899.180275641] [gpu_amcl_cpp]: [AMCL] Parameters: update_min_d=0.02000, update_min_a=0.03500, max_scan_age=0.2500, odom_history=1.000s, cloud_publish_rate=1.0 Hz, debug_pre_resample=false, slip_threshold=1.00 rad/s, initial_raceline_heading=false, local_correction_gate=0.00m/0.00rad xy_gain=0.500 cross_track_only=false along_track_gain=0.250 fast_speed=3.00mps fast_along_gain=0.750 yaw_gain=0.000 association=0.80m recenter_cloud=true
[gpu_amcl_cpp_node-6] [INFO] [1789012899.191446509] [gpu_amcl_cpp]: Particle cloud publishing scan-synchronized, max 1.0 Hz
[gpu_amcl_cpp_node-6] [INFO] [1789012899.191496302] [gpu_amcl_cpp]: GPU AMCL C++ node created — waiting for map...
[autodrive_bridge_40hz-1] /usr/local/lib/python3.10/dist-packages/numpy/core/getlimits.py:499: UserWarning: The value of the smallest subnormal for <class 'numpy.float64'> type is zero.
[autodrive_bridge_40hz-1]   setattr(self, word, getattr(machar, word).flat[0])
[autodrive_bridge_40hz-1] /usr/local/lib/python3.10/dist-packages/numpy/core/getlimits.py:89: UserWarning: The value of the smallest subnormal for <class 'numpy.float64'> type is zero.
[autodrive_bridge_40hz-1]   return self._float_to_str(self.smallest_subnormal)
[component_container-9] [INFO] [1789012899.208916200] [controller_container]: Load Library: /workspace/install/lib/libpure_pursuit_node.so
[component_container-9] [INFO] [1789012899.211366399] [controller_container]: Found class: rclcpp_components::NodeFactoryTemplate<f1tenth_control::PurePursuitNode>
[component_container-9] [INFO] [1789012899.211412676] [controller_container]: Instantiate class: rclcpp_components::NodeFactoryTemplate<f1tenth_control::PurePursuitNode>
[component_container-9] [INFO] [1789012899.217156187] [pure_pursuit_node]: Initializing Pure Pursuit Node
[ground_truth_amcl_monitor-7] [INFO] [1789012899.221023576] [ground_truth_amcl_monitor]: Absolute map scoring enabled from explicit map start: (0.8006, 3.1583, -1.5708)
[component_container-9] [INFO] [1789012899.221551106] [pure_pursuit_node]: Loaded trajectory with 2586 waypoints (51.7 m)
[component_container-9] [INFO] [1789012899.225049382] [pure_pursuit_node]: Pure Pursuit Node initialized
[component_container-9] [INFO] [1789012899.225082284] [pure_pursuit_node]:   Trajectory: /workspace/src/f1tenth_planning/trajectories/autodrive_track_ftg_commit_20260909_025m_mintime_raceline.csv (2586 points)
[INFO] [launch_ros.actions.load_composable_nodes]: Loaded node '/pure_pursuit_node' in container '/controller_container'
[component_container-9] [INFO] [1789012899.225089648] [pure_pursuit_node]:   Lookahead: 0.75 - 1.10 m (gain: 0.05)
[component_container-9] [INFO] [1789012899.225100428] [pure_pursuit_node]:   Max speed cap: 1.50 m/s
[component_container-9] [INFO] [1789012899.225105638] [pure_pursuit_node]:   Lookahead adapt: cte_weight=1.00 cte_gain=0.042 curvature_gain=1.900
[component_container-9] [INFO] [1789012899.225111990] [pure_pursuit_node]:   Speed adapt: curvature_factor=0.102 floor_ratio=0.52
[component_container-9] [INFO] [1789012899.225117921] [pure_pursuit_node]:   Speed adapt (CTE): factor=1.500 floor_ratio=0.55
[component_container-9] [INFO] [1789012899.225123692] [pure_pursuit_node]:   Speed limits: max_lat_accel=6.50 min_reg_speed=0.00
[component_container-9] [INFO] [1789012899.225129082] [pure_pursuit_node]:   Yaw-rate damping: 0.000 s
[component_container-9] [INFO] [1789012899.225134121] [pure_pursuit_node]:   Target-heading turn-in gain: 0.000
[component_container-9] [INFO] [1789012899.225139201] [pure_pursuit_node]:   Command shaping: steer_rate=3.20 accel=3.00 decel=8.00
[component_container-9] [INFO] [1789012899.225149600] [pure_pursuit_node]:   Pose: /current_map_pose (map frame)
[component_container-9] [INFO] [1789012899.225162104] [pure_pursuit_node]:   Odom: /odom
[component_container-9] [INFO] [1789012899.225170219] [pure_pursuit_node]:   Control trigger: /odom (one command per odometry update; nominal 40.0 Hz)
[component_container-9] [INFO] [1789012899.225180198] [pure_pursuit_node]:   Steering feedback: /autodrive/roboracer_1/steering (lead gain 0.25)
[component_container-9] [INFO] [1789012899.225188273] [pure_pursuit_node]:   Startup path gate: distance <= 0.80 m, heading <= 0.75 rad
[component_container-9] [INFO] [1789012899.225196008] [pure_pursuit_node]:   Command: /cmd/speed
[ground_truth_amcl_monitor-7] [WARN] [1789012899.228019067] [ground_truth_amcl_monitor]: Ground-truth monitor is diagnostics-only; simulator IPS/odom are not controller inputs
[map_server-4] [INFO] [1789012899.232233156] [map_server]: Configuring
[map_server-4] [INFO] [1789012899.232328135] [map_io]: Loading yaml file: /workspace/src/f1tenth_planning/maps/autodrive_track_ftg_commit_20260909_025m.yaml
[map_server-4] [INFO] [1789012899.232676398] [map_io]: resolution: 0.025
[map_server-4] [INFO] [1789012899.232696977] [map_io]: origin[0]: -6.82
[map_server-4] [INFO] [1789012899.232708599] [map_io]: origin[1]: -12.3
[map_server-4] [INFO] [1789012899.232716153] [map_io]: origin[2]: 0
[map_server-4] [INFO] [1789012899.232725761] [map_io]: free_thresh: 0.25
[map_server-4] [INFO] [1789012899.232733295] [map_io]: occupied_thresh: 0.65
[map_server-4] [INFO] [1789012899.232739587] [map_io]: mode: trinary
[map_server-4] [INFO] [1789012899.232745157] [map_io]: negate: 0
[map_server-4] [INFO] [1789012899.232993614] [map_io]: Loading image_file: /workspace/src/f1tenth_planning/maps/autodrive_track_ftg_commit_20260909_025m.pgm
[calibration-8] [INFO] [1789012899.240467623] [allowed_telemetry_recorder]: Calibration mode=sensor_record duration=0.000 s output=/workspace/src/f1tenth_planning/analysis/amcl_tuning_campaign_20260909/acceptance_speed_conditioned_gain075_slowfirst_20260910_run29/sensor_record_20260910_040139.csv
[map_server-4] [INFO] [1789012899.257291872] [map_io]: Read map /workspace/src/f1tenth_planning/maps/autodrive_track_ftg_commit_20260909_025m.pgm: 349 X 877 map @ 0.025 m/cell
[actuator_interface-10] [INFO] [1789012899.257453115] [autodrive_actuator_interface]: Actuator interface ready; no arming state
[actuator_interface-10] [WARN] [1789012899.258769426] [autodrive_actuator_interface]: Neutral output: no command
[lifecycle_manager-5] [INFO] [1789012899.261847133] [lifecycle_manager_map]: [34m[1mActivating map_server[0m[0m
[map_server-4] [INFO] [1789012899.261940718] [map_server]: Activating
[map_server-4] [INFO] [1789012899.262417233] [map_server]: Creating bond (map_server) to lifecycle manager.
[gpu_amcl_cpp_node-6] [INFO] [1789012899.262951746] [gpu_amcl_cpp]: Received first map (349x877 @ 0.025 m/cell) — initialising PF
[gpu_amcl_cpp_node-6] [INFO] [1789012899.302325331] [gpu_amcl_cpp]: Loaded 2587 global heading points from /workspace/src/f1tenth_planning/trajectories/autodrive_track_ftg_commit_20260909_025m_mintime_raceline.csv
[gpu_amcl_cpp_node-6] [INFO] [1789012899.314082179] [gpu_amcl_cpp]: Global AMCL startup prior centred at saved map start (0.801, 3.158, -1.571) with covariance (0.500, 0.500, 0.200).
[gpu_amcl_cpp_node-6] [INFO] [1789012899.314144977] [gpu_amcl_cpp]: Particle filter initialised with 2500 particles (global)
[gpu_amcl_cpp_node-6] [INFO] [1789012899.314203447] [gpu_amcl_cpp]: Global particle initialization active; waiting for scans before publishing pose
[lifecycle_manager-5] [INFO] [1789012899.365332558] [lifecycle_manager_map]: Server map_server connected with bond.
[lifecycle_manager-5] [INFO] [1789012899.365391779] [lifecycle_manager_map]: [34m[1mManaged nodes are active[0m[0m
[lifecycle_manager-5] [INFO] [1789012899.365414161] [lifecycle_manager_map]: [34m[1mCreating bond timer...[0m[0m
[autodrive_bridge_40hz-1] [autodrive_bridge_40hz] camera decode/publication disabled
[autodrive_bridge_40hz-1] [autodrive_bridge_40hz] bounded request pacing enabled at 40 Hz (max one outstanding request)
[autodrive_bridge_40hz-1] Connected!
[autodrive_bridge_40hz-1] [autodrive_bridge_40hz] dropping incomplete startup packet (missing V1 LIDAR Range Array); requesting retry
[component_container-9] [WARN] [1789012904.743539600] [pure_pursuit_node]: No pose received on /current_map_pose yet
[gpu_amcl_cpp_node-6] [INFO] [1789012904.743834864] [gpu_amcl_cpp]: Received first odometry sample at (0.00, 0.00, 0.00).
[gpu_amcl_cpp_node-6] [INFO] [1789012904.744860049] [gpu_amcl_cpp]: Received LiDAR callback #1 (1081 ranges).
[gpu_amcl_cpp_node-6] [INFO] [1789012904.744903861] [gpu_amcl_cpp]: AMCL odom delta: at_scan=(0.000, 0.000, 0.000) baseline=(0.000, 0.000, 0.000) delta=(0.000, 0.000, 0.000) moved=false scan_age=0.063s
[gpu_amcl_cpp_node-6] [INFO] [1789012904.744926133] [gpu_amcl_cpp]: Starting AMCL scan update #1 (sampled from 1081 ranges).
[gpu_amcl_cpp_node-6] [INFO] [1789012904.748272694] [gpu_amcl_cpp]: AMCL scan update #1 completed; evaluating pose confidence.
[gpu_amcl_cpp_node-6] [INFO] [1789012904.754911756] [gpu_amcl_cpp]: Startup GPU scan refinement done: refined_particles=2232/2500, beams=180, best_mean_dist=0.000 m, time=6.59 ms
[gpu_amcl_cpp_node-6] [INFO] [1789012904.759860706] [gpu_amcl_cpp]: Global AMCL refining: cluster_weight=0.928, covariance xy=0.009 (max 0.250), yaw=0.000 (max 0.120).
[gpu_amcl_cpp_node-6] [INFO] [1789012904.759900911] [gpu_amcl_cpp]: Global AMCL lock evidence: quality=false stable_scans=1/5 travel=0.000/0.750 m (min_weight=0.500).
[gpu_amcl_cpp_node-6] [INFO] [1789012904.961375741] [gpu_amcl_cpp]: Publishing provisional global AMCL pose for localization ramp; travel=0.000/0.750 m stable_scans=5/5.
[ground_truth_amcl_monitor-7] [INFO] [1789012904.962523986] [ground_truth_amcl_monitor]: Relative GT alignment initialized: yaw=0.000, translation=(-0.000, -0.001)
[ground_truth_amcl_monitor-7] [INFO] [1789012904.963033142] [ground_truth_amcl_monitor]: AMCL vs GT: gt=(0.801, 3.157) amcl=(0.801, 3.158) error=0.001 m / 0.000 rad; current_map=unavailable; odom=(0.801, 3.157, -1.571) error=0.000 m / 0.000 rad; ekf=(0.801, 3.157, -1.571) error=0.000 m / 0.000 rad; RMS=0.001 m / 0.000 rad max=0.001 m / 0.000 rad samples=1
[component_container-9] [INFO] [1789012905.255030409] [pure_pursuit_node]: Aligned closed trajectory seam to startup pose at original waypoint 1090
[component_container-9] [INFO] [1789012905.255119186] [pure_pursuit_node]: Startup path gate passed: path_distance=0.166 m heading_error=0.301 rad
[component_container-9] [INFO] [1789012905.255148591] [pure_pursuit_node]: Pure Pursuit: pose=(0.801, 3.158, -1.571) cte=-0.166 closest=0 target=38 path_dist=0.166 heading_err=0.301 steer=0.003 speed=0.003
[gpu_amcl_cpp_node-6] [INFO] [1789012905.755848948] [gpu_amcl_cpp]: AMCL odom delta: at_scan=(0.137, 0.003, 0.034) baseline=(0.093, 0.001, 0.025) delta=(0.044, 0.001, 0.009) moved=true scan_age=0.048s
[actuator_interface-10] [INFO] [1789012905.756597823] [autodrive_actuator_interface]: Collision baseline established at cumulative count 0
[ground_truth_amcl_monitor-7] [INFO] [1789012906.004620858] [ground_truth_amcl_monitor]: AMCL vs GT: gt=(0.824, 2.655) amcl=(0.817, 2.794) error=0.139 m / 0.013 rad; current_map=(0.822, 2.733, -1.473) error=0.078 m / 0.000 rad; odom=(0.822, 2.732, -1.473) error=0.077 m / 0.000 rad; ekf=(0.822, 2.732, -1.473) error=0.077 m / 0.000 rad; RMS=0.059 m / 0.005 rad max=0.139 m / 0.013 rad samples=42
[gpu_amcl_cpp_node-6] [INFO] [1789012906.261918674] [gpu_amcl_cpp]: Global AMCL lock accepted at (0.865, 2.405, -1.411); continuing with local tracking.
[component_container-9] [INFO] [1789012906.303542886] [pure_pursuit_node]: Pure Pursuit: pose=(0.888, 2.273, -1.392) cte=-0.003 closest=43 target=85 path_dist=0.003 heading_err=0.074 steer=0.033 speed=1.483
[gpu_amcl_cpp_node-6] [INFO] [1789012906.309267361] [gpu_amcl_cpp]: AMCL local correction: odom_prediction=(0.876, 2.337, -1.401) scan=(0.875, 2.333, -1.413) correction=0.004 m/0.012 rad cluster_weight=0.910 publish=true
[gpu_amcl_cpp_node-6] [INFO] [1789012906.755917534] [gpu_amcl_cpp]: AMCL odom delta: at_scan=(1.459, 0.204, 0.215) baseline=(1.388, 0.189, 0.212) delta=(0.071, 0.015, 0.003) moved=true scan_age=0.048s
[ground_truth_amcl_monitor-7] [INFO] [1789012907.005561554] [ground_truth_amcl_monitor]: AMCL vs GT: gt=(1.088, 1.251) amcl=(1.054, 1.419) error=0.171 m / 0.004 rad; current_map=(1.069, 1.349, -1.357) error=0.100 m / 0.000 rad; odom=(1.082, 1.351, -1.357) error=0.100 m / 0.000 rad; ekf=(1.082, 1.351, -1.357) error=0.100 m / 0.000 rad; RMS=0.101 m / 0.005 rad max=0.174 m / 0.013 rad samples=82
[component_container-9] [INFO] [1789012907.305110870] [pure_pursuit_node]: Pure Pursuit: pose=(1.165, 0.881, -1.384) cte=0.015 closest=114 target=156 path_dist=0.015 heading_err=-0.022 steer=-0.025 speed=1.454
[gpu_amcl_cpp_node-6] [INFO] [1789012907.312713010] [gpu_amcl_cpp]: AMCL local correction: odom_prediction=(1.150, 0.948, -1.378) scan=(1.144, 0.977, -1.379) correction=0.030 m/0.001 rad cluster_weight=0.962 publish=true
[gpu_amcl_cpp_node-6] [INFO] [1789012907.805303981] [gpu_amcl_cpp]: AMCL odom delta: at_scan=(2.930, 0.486, 0.140) baseline=(2.860, 0.476, 0.146) delta=(0.071, 0.010, -0.005) moved=true scan_age=0.048s
[gpu_amcl_cpp_node-6] [WARN] [1789012907.912669724] [gpu_amcl_cpp]: No local AMCL cluster near odometry prediction; using causal odometry pose.
[ground_truth_amcl_monitor-7] [INFO] [1789012908.006487297] [ground_truth_amcl_monitor]: AMCL vs GT: gt=(1.332, -0.179) amcl=(1.287, 0.056) error=0.239 m / 0.007 rad; current_map=(1.296, -0.017, -1.461) error=0.166 m / 0.000 rad; odom=(1.323, -0.061, -1.461) error=0.118 m / 0.000 rad; ekf=(1.314, 0.012, -1.453) error=0.191 m / 0.007 rad; RMS=0.131 m / 0.005 rad max=0.242 m / 0.013 rad samples=122
[component_container-9] [INFO] [1789012908.354289821] [pure_pursuit_node]: Pure Pursuit: pose=(1.345, -0.645, -1.510) cte=0.004 closest=191 target=233 path_dist=0.004 heading_err=-0.011 steer=-0.031 speed=1.478
[gpu_amcl_cpp_node-6] [INFO] [1789012908.361012059] [gpu_amcl_cpp]: AMCL local correction: odom_prediction=(1.345, -0.589, -1.504) scan=(1.351, -0.665, -1.497) correction=0.077 m/0.007 rad cluster_weight=0.974 publish=true
[gpu_amcl_cpp_node-6] [WARN] [1789012908.457127546] [gpu_amcl_cpp]: Queued LiDAR scan until source-time odometry arrives (queued=1).
[gpu_amcl_cpp_node-6] [INFO] [1789012908.806093894] [gpu_amcl_cpp]: AMCL odom delta: at_scan=(4.378, 0.590, -0.006) baseline=(4.306, 0.590, 0.002) delta=(0.072, -0.000, -0.009) moved=true scan_age=0.049s
[ground_truth_amcl_monitor-7] [INFO] [1789012909.008058699] [ground_truth_amcl_monitor]: AMCL vs GT: gt=(1.393, -1.641) amcl=(1.400, -1.486) error=0.155 m / 0.008 rad; current_map=(1.397, -1.559, -1.613) error=0.082 m / 0.000 rad; odom=(1.383, -1.508, -1.613) error=0.133 m / 0.000 rad; ekf=(1.383, -1.508, -1.613) error=0.133 m / 0.000 rad; RMS=0.136 m / 0.005 rad max=0.242 m / 0.013 rad samples=162
[component_container-9] [INFO] [1789012909.403870252] [pure_pursuit_node]: Pure Pursuit: pose=(1.356, -2.193, -1.659) cte=-0.019 closest=269 target=311 path_dist=0.019 heading_err=0.030 steer=-0.013 speed=1.449
[gpu_amcl_cpp_node-6] [INFO] [1789012909.411494694] [gpu_amcl_cpp]: AMCL local correction: odom_prediction=(1.360, -2.127, -1.656) scan=(1.364, -2.136, -1.652) correction=0.010 m/0.003 rad cluster_weight=0.938 publish=true
[gpu_amcl_cpp_node-6] [INFO] [1789012909.756026470] [gpu_amcl_cpp]: Received LiDAR callback #103 (1081 ranges).
[gpu_amcl_cpp_node-6] [INFO] [1789012909.756086703] [gpu_amcl_cpp]: Starting AMCL scan update #103 (sampled from 1081 ranges).
[gpu_amcl_cpp_node-6] [INFO] [1789012909.756894640] [gpu_amcl_cpp]: AMCL scan update #103 completed; evaluating pose confidence.
[gpu_amcl_cpp_node-6] [INFO] [1789012909.807828217] [gpu_amcl_cpp]: AMCL odom delta: at_scan=(5.794, 0.491, -0.107) baseline=(5.723, 0.498, -0.104) delta=(0.072, -0.008, -0.003) moved=true scan_age=0.051s
[ground_truth_amcl_monitor-7] [INFO] [1789012910.014292088] [ground_truth_amcl_monitor]: AMCL vs GT: gt=(1.267, -3.077) amcl=(1.275, -3.015) error=0.062 m / 0.000 rad; current_map=(1.273, -3.013, -1.687) error=0.063 m / 0.000 rad; odom=(1.258, -2.926, -1.687) error=0.151 m / 0.000 rad; ekf=(1.258, -2.926, -1.687) error=0.151 m / 0.000 rad; RMS=0.131 m / 0.005 rad max=0.242 m / 0.013 rad samples=203
[component_container-9] [INFO] [1789012910.454056286] [pure_pursuit_node]: Pure Pursuit: pose=(1.181, -3.736, -1.716) cte=-0.001 closest=346 target=389 path_dist=0.001 heading_err=0.007 steer=-0.005 speed=1.491
[gpu_amcl_cpp_node-6] [INFO] [1789012910.461522190] [gpu_amcl_cpp]: AMCL local correction: odom_prediction=(1.191, -3.671, -1.713) scan=(1.199, -3.663, -1.713) correction=0.012 m/0.000 rad cluster_weight=0.929 publish=true
[gpu_amcl_cpp_node-6] [INFO] [1789012910.854815669] [gpu_amcl_cpp]: AMCL odom delta: at_scan=(7.313, 0.286, -0.163) baseline=(7.241, 0.298, -0.159) delta=(0.072, -0.012, -0.003) moved=true scan_age=0.047s
[ground_truth_amcl_monitor-7] [INFO] [1789012911.017138384] [ground_truth_amcl_monitor]: AMCL vs GT: gt=(1.056, -4.539) amcl=(1.069, -4.471) error=0.069 m / 0.000 rad; current_map=(1.068, -4.472, -1.737) error=0.069 m / 0.000 rad; odom=(1.050, -4.372, -1.737) error=0.168 m / 0.000 rad; ekf=(1.050, -4.372, -1.737) error=0.168 m / 0.000 rad; RMS=0.127 m / 0.004 rad max=0.242 m / 0.013 rad samples=243
[component_container-9] [INFO] [1789012911.455119849] [pure_pursuit_node]: Pure Pursuit: pose=(0.937, -5.202, -1.758) cte=0.001 closest=421 target=463 path_dist=0.001 heading_err=-0.000 steer=-0.009 speed=1.495
[gpu_amcl_cpp_node-6] [INFO] [1789012911.463101592] [gpu_amcl_cpp]: AMCL local correction: odom_prediction=(0.946, -5.135, -1.757) scan=(0.945, -5.141, -1.754) correction=0.006 m/0.003 rad cluster_weight=0.935 publish=true
[gpu_amcl_cpp_node-6] [INFO] [1789012911.856008097] [gpu_amcl_cpp]: AMCL odom delta: at_scan=(8.763, 0.020, -0.202) baseline=(8.691, 0.035, -0.199) delta=(0.072, -0.015, -0.003) moved=true scan_age=0.048s
[ground_truth_amcl_monitor-7] [INFO] [1789012912.055154515] [ground_truth_amcl_monitor]: AMCL vs GT: gt=(0.762, -6.081) amcl=(0.788, -5.960) error=0.124 m / 0.002 rad; current_map=(0.773, -6.032, -1.780) error=0.050 m / 0.000 rad; odom=(0.759, -5.895, -1.780) error=0.186 m / 0.000 rad; ekf=(0.774, -5.823, -1.779) error=0.258 m / 0.002 rad; RMS=0.125 m / 0.004 rad max=0.242 m / 0.013 rad samples=284
[component_container-9] [INFO] [1789012912.505607914] [pure_pursuit_node]: Pure Pursuit: pose=(0.616, -6.757, -1.798) cte=-0.006 closest=500 target=542 path_dist=0.006 heading_err=0.001 steer=-0.012 speed=1.469
[gpu_amcl_cpp_node-6] [INFO] [1789012912.513151774] [gpu_amcl_cpp]: AMCL local correction: odom_prediction=(0.629, -6.686, -1.796) scan=(0.622, -6.681, -1.791) correction=0.009 m/0.005 rad cluster_weight=0.967 publish=true
[gpu_amcl_cpp_node-6] [WARN] [1789012912.704297265] [gpu_amcl_cpp]: Queued LiDAR scan until source-time odometry arrives (queued=1).
[gpu_amcl_cpp_node-6] [INFO] [1789012912.905597326] [gpu_amcl_cpp]: AMCL odom delta: at_scan=(10.269, -0.319, -0.236) baseline=(10.198, -0.302, -0.234) delta=(0.071, -0.017, -0.002) moved=true scan_age=0.048s
[ground_truth_amcl_monitor-7] [INFO] [1789012913.056612949] [ground_truth_amcl_monitor]: AMCL vs GT: gt=(0.428, -7.524) amcl=(0.457, -7.406) error=0.121 m / 0.003 rad; current_map=(0.439, -7.478, -1.816) error=0.048 m / 0.000 rad; odom=(0.429, -7.324, -1.816) error=0.200 m / 0.000 rad; ekf=(0.429, -7.324, -1.816) error=0.200 m / 0.000 rad; RMS=0.121 m / 0.004 rad max=0.242 m / 0.013 rad samples=324
[component_container-9] [INFO] [1789012913.554955624] [pure_pursuit_node]: Pure Pursuit: pose=(0.231, -8.253, -1.874) cte=0.000 closest=577 target=619 path_dist=0.000 heading_err=0.013 steer=-0.041 speed=1.444
[gpu_amcl_cpp_node-6] [INFO] [1789012913.561939344] [gpu_amcl_cpp]: AMCL local correction: odom_prediction=(0.252, -8.191, -1.867) scan=(0.245, -8.196, -1.862) correction=0.008 m/0.005 rad cluster_weight=0.986 publish=true
[gpu_amcl_cpp_node-6] [INFO] [1789012913.907410321] [gpu_amcl_cpp]: AMCL odom delta: at_scan=(11.649, -0.719, -0.360) baseline=(11.584, -0.695, -0.349) delta=(0.065, -0.024, -0.011) moved=true scan_age=0.050s
[ground_truth_amcl_monitor-7] [INFO] [1789012914.065278588] [ground_truth_amcl_monitor]: AMCL vs GT: gt=(-0.001, -8.898) amcl=(0.013, -8.864) error=0.037 m / 0.000 rad; current_map=(0.014, -8.864, -1.969) error=0.037 m / 0.000 rad; odom=(0.004, -8.683, -1.969) error=0.215 m / 0.000 rad; ekf=(0.004, -8.683, -1.969) error=0.215 m / 0.000 rad; RMS=0.118 m / 0.004 rad max=0.242 m / 0.014 rad samples=365
[component_container-9] [INFO] [1789012914.604993337] [pure_pursuit_node]: Pure Pursuit: pose=(-0.377, -9.563, -2.243) cte=0.015 closest=650 target=692 path_dist=0.015 heading_err=0.035 steer=-0.198 speed=1.329
[gpu_amcl_cpp_node-6] [INFO] [1789012914.612893025] [gpu_amcl_cpp]: AMCL local correction: odom_prediction=(-0.339, -9.512, -2.212) scan=(-0.339, -9.510, -2.201) correction=0.003 m/0.011 rad cluster_weight=0.998 publish=true
[gpu_amcl_cpp_node-6] [INFO] [1789012914.757359486] [gpu_amcl_cpp]: AMCL scan update #204 completed; evaluating pose confidence.
[gpu_amcl_cpp_node-6] [INFO] [1789012914.805203224] [gpu_amcl_cpp]: Received LiDAR callback #205 (1081 ranges).
[gpu_amcl_cpp_node-6] [INFO] [1789012914.805291820] [gpu_amcl_cpp]: Starting AMCL scan update #205 (sampled from 1081 ranges).
[gpu_amcl_cpp_node-6] [INFO] [1789012914.955838023] [gpu_amcl_cpp]: AMCL odom delta: at_scan=(12.809, -1.467, -0.922) baseline=(12.770, -1.417, -0.878) delta=(0.040, -0.050, -0.044) moved=true scan_age=0.049s
[ground_truth_amcl_monitor-7] [INFO] [1789012915.067016549] [ground_truth_amcl_monitor]: AMCL vs GT: gt=(-0.781, -9.943) amcl=(-0.762, -9.915) error=0.033 m / 0.000 rad; current_map=(-0.761, -9.916, -2.584) error=0.033 m / 0.000 rad; odom=(-0.774, -9.725, -2.584) error=0.218 m / 0.000 rad; ekf=(-0.774, -9.725, -2.584) error=0.218 m / 0.000 rad; RMS=0.114 m / 0.008 rad max=0.242 m / 0.046 rad samples=405
[component_container-9] [INFO] [1789012915.653712009] [pure_pursuit_node]: Pure Pursuit: pose=(-1.569, -10.097, 3.019) cte=-0.004 closest=719 target=761 path_dist=0.004 heading_err=-0.043 steer=-0.277 speed=1.371
[gpu_amcl_cpp_node-6] [INFO] [1789012915.661510578] [gpu_amcl_cpp]: AMCL local correction: odom_prediction=(-1.510, -10.103, 3.069) scan=(-1.525, -10.097, 3.081) correction=0.016 m/0.011 rad cluster_weight=0.995 publish=true
[gpu_amcl_cpp_node-6] [INFO] [1789012916.004596703] [gpu_amcl_cpp]: AMCL odom delta: at_scan=(12.947, -2.760, -2.027) baseline=(12.975, -2.700, -1.975) delta=(-0.028, -0.060, -0.052) moved=true scan_age=0.047s
[ground_truth_amcl_monitor-7] [INFO] [1789012916.106205006] [ground_truth_amcl_monitor]: AMCL vs GT: gt=(-2.083, -9.940) amcl=(-2.031, -9.942) error=0.052 m / 0.050 rad; current_map=(-2.089, -9.908, 2.584) error=0.033 m / 0.000 rad; odom=(-2.078, -9.724, 2.584) error=0.216 m / 0.000 rad; ekf=(-2.078, -9.724, 2.584) error=0.216 m / 0.000 rad; RMS=0.111 m / 0.014 rad max=0.242 m / 0.057 rad samples=446
[component_container-9] [INFO] [1789012916.653903246] [pure_pursuit_node]: Pure Pursuit: pose=(-2.627, -9.334, 2.115) cte=-0.042 closest=786 target=828 path_dist=0.042 heading_err=-0.007 steer=-0.124 speed=1.363
[gpu_amcl_cpp_node-6] [INFO] [1789012916.662111625] [gpu_amcl_cpp]: AMCL local correction: odom_prediction=(-2.595, -9.385, 2.144) scan=(-2.604, -9.365, 2.152) correction=0.022 m/0.007 rad cluster_weight=0.976 publish=true
[gpu_amcl_cpp_node-6] [INFO] [1789012917.054983998] [gpu_amcl_cpp]: AMCL odom delta: at_scan=(11.895, -3.622, -2.755) baseline=(11.956, -3.596, -2.736) delta=(-0.061, -0.026, -0.019) moved=true scan_age=0.047s
[ground_truth_amcl_monitor-7] [INFO] [1789012917.113710135] [ground_truth_amcl_monitor]: AMCL vs GT: gt=(-2.855, -8.880) amcl=(-2.860, -8.844) error=0.037 m / 0.000 rad; current_map=(-2.861, -8.843, 1.938) error=0.037 m / 0.000 rad; odom=(-2.847, -8.675, 1.938) error=0.205 m / 0.000 rad; ekf=(-2.847, -8.675, 1.938) error=0.205 m / 0.000 rad; RMS=0.106 m / 0.015 rad max=0.242 m / 0.057 rad samples=487
[component_container-9] [INFO] [1789012917.654163579] [pure_pursuit_node]: Pure Pursuit: pose=(-3.076, -8.049, 1.749) cte=-0.006 closest=854 target=896 path_dist=0.006 heading_err=0.001 steer=-0.061 speed=1.436
[gpu_amcl_cpp_node-6] [INFO] [1789012917.711956494] [gpu_amcl_cpp]: AMCL local correction: odom_prediction=(-3.072, -8.045, 1.748) scan=(-3.073, -8.045, 1.760) correction=0.001 m/0.012 rad cluster_weight=0.986 publish=true
[gpu_amcl_cpp_node-6] [WARN] [1789012918.054732472] [gpu_amcl_cpp]: Queued LiDAR scan until source-time odometry arrives (queued=1).
[gpu_amcl_cpp_node-6] [INFO] [1789012918.059199557] [gpu_amcl_cpp]: AMCL odom delta: at_scan=(10.543, -3.931, -3.050) baseline=(10.615, -3.924, -3.038) delta=(-0.072, -0.007, -0.012) moved=true scan_age=0.052s
[ground_truth_amcl_monitor-7] [INFO] [1789012918.157011614] [ground_truth_amcl_monitor]: AMCL vs GT: gt=(-3.155, -7.425) amcl=(-3.143, -7.481) error=0.057 m / 0.012 rad; current_map=(-3.148, -7.409, 1.639) error=0.018 m / 0.000 rad; odom=(-3.143, -7.240, 1.639) error=0.186 m / 0.000 rad; ekf=(-3.143, -7.240, 1.639) error=0.186 m / 0.000 rad; RMS=0.103 m / 0.015 rad max=0.242 m / 0.057 rad samples=528
[component_container-9] [INFO] [1789012918.704605807] [pure_pursuit_node]: Pure Pursuit: pose=(-3.145, -6.541, 1.510) cte=-0.002 closest=929 target=972 path_dist=0.002 heading_err=-0.006 steer=-0.049 speed=1.471
[gpu_amcl_cpp_node-6] [INFO] [1789012918.712706563] [gpu_amcl_cpp]: AMCL local correction: odom_prediction=(-3.149, -6.610, 1.518) scan=(-3.142, -6.599, 1.515) correction=0.013 m/0.003 rad cluster_weight=0.991 publish=true
[gpu_amcl_cpp_node-6] [INFO] [1789012919.106033023] [gpu_amcl_cpp]: AMCL odom delta: at_scan=(9.019, -3.893, 3.011) baseline=(9.091, -3.902, 3.021) delta=(-0.072, 0.009, -0.010) moved=true scan_age=0.048s
[ground_truth_amcl_monitor-7] [INFO] [1789012919.165556347] [ground_truth_amcl_monitor]: AMCL vs GT: gt=(-3.094, -5.959) amcl=(-3.075, -5.949) error=0.022 m / 0.000 rad; current_map=(-3.078, -5.950, 1.430) error=0.019 m / 0.000 rad; odom=(-3.084, -5.791, 1.430) error=0.168 m / 0.000 rad; ekf=(-3.084, -5.791, 1.430) error=0.168 m / 0.000 rad; RMS=0.100 m / 0.014 rad max=0.242 m / 0.057 rad samples=569
[component_container-9] [INFO] [1789012919.730063511] [pure_pursuit_node]: Pure Pursuit: pose=(-2.898, -5.063, 1.319) cte=-0.005 closest=1004 target=1047 path_dist=0.005 heading_err=-0.002 steer=-0.032 speed=1.450
[gpu_amcl_cpp_node-6] [INFO] [1789012919.737900923] [gpu_amcl_cpp]: AMCL local correction: odom_prediction=(-2.917, -5.129, 1.325) scan=(-2.917, -5.123, 1.318) correction=0.006 m/0.008 rad cluster_weight=0.955 publish=true
[gpu_amcl_cpp_node-6] [INFO] [1789012919.781165286] [gpu_amcl_cpp]: AMCL scan update #305 completed; evaluating pose confidence.
[gpu_amcl_cpp_node-6] [INFO] [1789012919.831312069] [gpu_amcl_cpp]: Received LiDAR callback #306 (1081 ranges).
[gpu_amcl_cpp_node-6] [INFO] [1789012919.831379736] [gpu_amcl_cpp]: Starting AMCL scan update #306 (sampled from 1081 ranges).
[gpu_amcl_cpp_node-6] [INFO] [1789012920.129999781] [gpu_amcl_cpp]: AMCL odom delta: at_scan=(7.587, -3.570, 2.857) baseline=(7.657, -3.591, 2.858) delta=(-0.070, 0.020, -0.001) moved=true scan_age=0.048s
[ground_truth_amcl_monitor-7] [INFO] [1789012920.181797684] [ground_truth_amcl_monitor]: AMCL vs GT: gt=(-2.756, -4.510) amcl=(-2.762, -4.565) error=0.055 m / 0.001 rad; current_map=(-2.742, -4.495, 1.287) error=0.022 m / 0.000 rad; odom=(-2.750, -4.359, 1.287) error=0.152 m / 0.000 rad; ekf=(-2.750, -4.359, 1.287) error=0.152 m / 0.000 rad; RMS=0.097 m / 0.014 rad max=0.242 m / 0.057 rad samples=608
[component_container-9] [INFO] [1789012920.779102667] [pure_pursuit_node]: Pure Pursuit: pose=(-2.480, -3.590, 1.285) cte=-0.012 closest=1081 target=1123 path_dist=0.012 heading_err=0.014 steer=0.003 speed=1.472
[gpu_amcl_cpp_node-6] [INFO] [1789012920.785746429] [gpu_amcl_cpp]: AMCL local correction: odom_prediction=(-2.500, -3.655, 1.284) scan=(-2.493, -3.648, 1.274) correction=0.010 m/0.010 rad cluster_weight=0.963 publish=true
[gpu_amcl_cpp_node-6] [WARN] [1789012921.081221952] [gpu_amcl_cpp]: Queued LiDAR scan until source-time odometry arrives (queued=1).
[gpu_amcl_cpp_node-6] [INFO] [1789012921.131217332] [gpu_amcl_cpp]: AMCL odom delta: at_scan=(6.191, -3.161, 2.861) baseline=(6.260, -3.181, 2.860) delta=(-0.069, 0.020, 0.001) moved=true scan_age=0.049s
[ground_truth_amcl_monitor-7] [INFO] [1789012921.182965050] [ground_truth_amcl_monitor]: AMCL vs GT: gt=(-2.342, -3.098) amcl=(-2.358, -3.167) error=0.071 m / 0.001 rad; current_map=(-2.338, -3.097, 1.291) error=0.004 m / 0.000 rad; odom=(-2.341, -2.963, 1.291) error=0.135 m / 0.000 rad; ekf=(-2.361, -3.033, 1.290) error=0.067 m / 0.001 rad; RMS=0.095 m / 0.013 rad max=0.242 m / 0.057 rad samples=648
[component_container-9] [INFO] [1789012921.830536265] [pure_pursuit_node]: Pure Pursuit: pose=(-2.057, -2.095, 1.315) cte=0.004 closest=1159 target=1201 path_dist=0.004 heading_err=-0.001 steer=0.006 speed=1.485
[gpu_amcl_cpp_node-6] [INFO] [1789012921.837745458] [gpu_amcl_cpp]: AMCL local correction: odom_prediction=(-2.072, -2.162, 1.312) scan=(-2.069, -2.142, 1.302) correction=0.020 m/0.010 rad cluster_weight=0.954 publish=true
[gpu_amcl_cpp_node-6] [INFO] [1789012922.131578270] [gpu_amcl_cpp]: AMCL odom delta: at_scan=(4.775, -2.776, 2.893) baseline=(4.845, -2.794, 2.892) delta=(-0.070, 0.018, 0.002) moved=true scan_age=0.050s
[ground_truth_amcl_monitor-7] [INFO] [1789012922.190119692] [ground_truth_amcl_monitor]: AMCL vs GT: gt=(-1.956, -1.665) amcl=(-1.945, -1.658) error=0.013 m / 0.000 rad; current_map=(-1.946, -1.658, 1.324) error=0.012 m / 0.000 rad; odom=(-1.958, -1.545, 1.324) error=0.120 m / 0.000 rad; ekf=(-1.958, -1.545, 1.324) error=0.120 m / 0.000 rad; RMS=0.093 m / 0.013 rad max=0.242 m / 0.057 rad samples=689
[gpu_amcl_cpp_node-6] [INFO] [1789012922.837758467] [gpu_amcl_cpp]: AMCL local correction: odom_prediction=(-1.719, -0.720, 1.343) scan=(-1.716, -0.710, 1.334) correction=0.011 m/0.009 rad cluster_weight=0.944 publish=true
[component_container-9] [INFO] [1789012922.879534839] [pure_pursuit_node]: Pure Pursuit: pose=(-1.686, -0.580, 1.346) cte=-0.002 closest=1237 target=1279 path_dist=0.002 heading_err=0.000 steer=0.010 speed=1.488
[gpu_amcl_cpp_node-6] [INFO] [1789012923.180711488] [gpu_amcl_cpp]: AMCL odom delta: at_scan=(3.273, -2.420, 2.927) baseline=(3.344, -2.435, 2.925) delta=(-0.071, 0.016, 0.002) moved=true scan_age=0.048s
[ground_truth_amcl_monitor-7] [INFO] [1789012923.231737663] [ground_truth_amcl_monitor]: AMCL vs GT: gt=(-1.598, -0.145) amcl=(-1.605, -0.213) error=0.068 m / 0.002 rad; current_map=(-1.590, -0.141, 1.359) error=0.009 m / 0.000 rad; odom=(-1.604, -0.043, 1.359) error=0.102 m / 0.000 rad; ekf=(-1.604, -0.043, 1.359) error=0.102 m / 0.000 rad; RMS=0.091 m / 0.013 rad max=0.242 m / 0.057 rad samples=730
[gpu_amcl_cpp_node-6] [INFO] [1789012923.884382670] [gpu_amcl_cpp]: AMCL local correction: odom_prediction=(-1.407, 0.800, 1.405) scan=(-1.402, 0.776, 1.393) correction=0.025 m/0.012 rad cluster_weight=0.952 publish=true
[component_container-9] [INFO] [1789012923.931034163] [pure_pursuit_node]: Pure Pursuit: pose=(-1.385, 0.939, 1.414) cte=-0.002 closest=1314 target=1356 path_dist=0.002 heading_err=-0.003 steer=0.021 speed=1.455
[gpu_amcl_cpp_node-6] [INFO] [1789012924.231899390] [gpu_amcl_cpp]: AMCL odom delta: at_scan=(1.775, -2.149, 3.013) baseline=(1.848, -2.159, 3.006) delta=(-0.073, 0.010, 0.007) moved=true scan_age=0.049s
[ground_truth_amcl_monitor-7] [INFO] [1789012924.232890160] [ground_truth_amcl_monitor]: AMCL vs GT: gt=(-1.340, 1.296) amcl=(-1.341, 1.229) error=0.067 m / 0.007 rad; current_map=(-1.331, 1.302, 1.443) error=0.011 m / 0.000 rad; odom=(-1.349, 1.382, 1.443) error=0.086 m / 0.000 rad; ekf=(-1.359, 1.310, 1.435) error=0.023 m / 0.007 rad; RMS=0.089 m / 0.012 rad max=0.242 m / 0.057 rad samples=770
[gpu_amcl_cpp_node-6] [INFO] [1789012924.782398855] [gpu_amcl_cpp]: AMCL scan update #406 completed; evaluating pose confidence.
[gpu_amcl_cpp_node-6] [INFO] [1789012924.879807629] [gpu_amcl_cpp]: Received LiDAR callback #408 (1081 ranges).
[gpu_amcl_cpp_node-6] [INFO] [1789012924.879869375] [gpu_amcl_cpp]: Starting AMCL scan update #408 (sampled from 1081 ranges).
[gpu_amcl_cpp_node-6] [INFO] [1789012924.885619429] [gpu_amcl_cpp]: AMCL local correction: odom_prediction=(-1.270, 2.248, 1.600) scan=(-1.266, 2.224, 1.589) correction=0.024 m/0.011 rad cluster_weight=0.969 publish=true
[component_container-9] [INFO] [1789012924.931774239] [pure_pursuit_node]: Pure Pursuit: pose=(-1.276, 2.386, 1.640) cte=-0.008 closest=1387 target=1429 path_dist=0.008 heading_err=-0.003 steer=0.113 speed=1.321
[ground_truth_amcl_monitor-7] [INFO] [1789012925.241790707] [ground_truth_amcl_monitor]: AMCL vs GT: gt=(-1.330, 2.684) amcl=(-1.315, 2.712) error=0.032 m / 0.000 rad; current_map=(-1.314, 2.712, 1.754) error=0.032 m / 0.000 rad; odom=(-1.338, 2.764, 1.754) error=0.080 m / 0.000 rad; ekf=(-1.338, 2.764, 1.754) error=0.080 m / 0.000 rad; RMS=0.087 m / 0.012 rad max=0.242 m / 0.057 rad samples=811
[gpu_amcl_cpp_node-6] [INFO] [1789012925.281100889] [gpu_amcl_cpp]: AMCL odom delta: at_scan=(0.333, -2.151, -2.935) baseline=(0.394, -2.139, -2.959) delta=(-0.061, -0.012, 0.024) moved=true scan_age=0.049s
[gpu_amcl_cpp_node-6] [INFO] [1789012925.937793612] [gpu_amcl_cpp]: AMCL local correction: odom_prediction=(-1.653, 3.499, 2.263) scan=(-1.655, 3.519, 2.252) correction=0.020 m/0.011 rad cluster_weight=0.983 publish=true
[component_container-9] [INFO] [1789012925.982482101] [pure_pursuit_node]: Pure Pursuit: pose=(-1.733, 3.586, 2.374) cte=-0.049 closest=1453 target=1495 path_dist=0.049 heading_err=-0.078 steer=0.343 speed=1.187
[ground_truth_amcl_monitor-7] [INFO] [1789012926.248762159] [ground_truth_amcl_monitor]: AMCL vs GT: gt=(-1.925, 3.702) amcl=(-1.917, 3.739) error=0.038 m / 0.000 rad; current_map=(-1.919, 3.733, 2.624) error=0.031 m / 0.000 rad; odom=(-1.937, 3.786, 2.624) error=0.085 m / 0.000 rad; ekf=(-1.937, 3.786, 2.624) error=0.085 m / 0.000 rad; RMS=0.086 m / 0.014 rad max=0.242 m / 0.065 rad samples=851
[gpu_amcl_cpp_node-6] [INFO] [1789012926.289032945] [gpu_amcl_cpp]: AMCL odom delta: at_scan=(-0.656, -2.790, -2.017) baseline=(-0.629, -2.737, -2.089) delta=(-0.028, -0.053, 0.071) moved=true scan_age=0.051s
[gpu_amcl_cpp_node-6] [INFO] [1789012926.939828211] [gpu_amcl_cpp]: AMCL local correction: odom_prediction=(-2.696, 3.727, -2.614) scan=(-2.681, 3.720, -2.618) correction=0.017 m/0.004 rad cluster_weight=0.985 publish=true
[component_container-9] [INFO] [1789012927.032196514] [pure_pursuit_node]: Pure Pursuit: pose=(-2.840, 3.610, -2.388) cte=0.002 closest=1517 target=1559 path_dist=0.002 heading_err=0.083 steer=0.340 speed=1.321
[ground_truth_amcl_monitor-7] [INFO] [1789012927.284560711] [ground_truth_amcl_monitor]: AMCL vs GT: gt=(-2.991, 3.396) amcl=(-2.946, 3.443) error=0.065 m / 0.060 rad; current_map=(-2.981, 3.390, -2.132) error=0.012 m / 0.000 rad; odom=(-3.034, 3.480, -2.132) error=0.094 m / 0.000 rad; ekf=(-2.999, 3.532, -2.191) error=0.136 m / 0.060 rad; RMS=0.085 m / 0.018 rad max=0.242 m / 0.104 rad samples=890
[gpu_amcl_cpp_node-6] [INFO] [1789012927.334999694] [gpu_amcl_cpp]: AMCL odom delta: at_scan=(-0.266, -3.868, -0.505) baseline=(-0.322, -3.835, -0.561) delta=(0.056, -0.033, 0.056) moved=true scan_age=0.052s
[gpu_amcl_cpp_node-6] [INFO] [1789012927.967809863] [gpu_amcl_cpp]: AMCL local correction: odom_prediction=(-3.222, 2.518, -1.678) scan=(-3.223, 2.514, -1.670) correction=0.004 m/0.008 rad cluster_weight=0.950 publish=true
[component_container-9] [INFO] [1789012928.058859611] [pure_pursuit_node]: Pure Pursuit: pose=(-3.241, 2.319, -1.650) cte=0.062 closest=1585 target=1627 path_dist=0.062 heading_err=-0.041 steer=0.023 speed=1.324
[ground_truth_amcl_monitor-7] [INFO] [1789012928.308778279] [ground_truth_amcl_monitor]: AMCL vs GT: gt=(-3.270, 2.076) amcl=(-3.255, 2.120) error=0.046 m / 0.001 rad; current_map=(-3.259, 2.055, -1.636) error=0.024 m / 0.000 rad; odom=(-3.314, 2.172, -1.636) error=0.105 m / 0.000 rad; ekf=(-3.314, 2.172, -1.636) error=0.105 m / 0.000 rad; RMS=0.083 m / 0.018 rad max=0.242 m / 0.104 rad samples=930
[gpu_amcl_cpp_node-6] [INFO] [1789012928.357016071] [gpu_amcl_cpp]: AMCL odom delta: at_scan=(1.052, -4.119, -0.065) baseline=(0.986, -4.115, -0.065) delta=(0.066, -0.004, 0.001) moved=true scan_age=0.049s
[gpu_amcl_cpp_node-6] [INFO] [1789012928.968763334] [gpu_amcl_cpp]: AMCL local correction: odom_prediction=(-3.334, 1.195, -1.700) scan=(-3.329, 1.207, -1.688) correction=0.013 m/0.012 rad cluster_weight=0.975 publish=true
[component_container-9] [INFO] [1789012929.063043457] [pure_pursuit_node]: Pure Pursuit: pose=(-3.363, 0.993, -1.745) cte=0.019 closest=1652 target=1694 path_dist=0.019 heading_err=-0.001 steer=-0.105 speed=1.342
[ground_truth_amcl_monitor-7] [INFO] [1789012929.331852567] [ground_truth_amcl_monitor]: AMCL vs GT: gt=(-3.438, 0.701) amcl=(-3.412, 0.780) error=0.084 m / 0.024 rad; current_map=(-3.428, 0.718, -1.839) error=0.020 m / 0.000 rad; odom=(-3.481, 0.810, -1.839) error=0.118 m / 0.000 rad; ekf=(-3.481, 0.810, -1.839) error=0.118 m / 0.000 rad; RMS=0.082 m / 0.018 rad max=0.242 m / 0.104 rad samples=970
[gpu_amcl_cpp_node-6] [INFO] [1789012929.382423439] [gpu_amcl_cpp]: AMCL odom delta: at_scan=(2.409, -4.299, -0.293) baseline=(2.347, -4.281, -0.269) delta=(0.061, -0.018, -0.024) moved=true scan_age=0.050s
[gpu_amcl_cpp_node-6] [INFO] [1789012929.784062188] [gpu_amcl_cpp]: AMCL scan update #504 completed; evaluating pose confidence.
[gpu_amcl_cpp_node-6] [INFO] [1789012929.932345356] [gpu_amcl_cpp]: Received LiDAR callback #506 (1081 ranges).
[gpu_amcl_cpp_node-6] [INFO] [1789012929.932449322] [gpu_amcl_cpp]: Starting AMCL scan update #506 (sampled from 1081 ranges).
[gpu_amcl_cpp_node-6] [INFO] [1789012929.988233650] [gpu_amcl_cpp]: AMCL local correction: odom_prediction=(-3.789, -0.025, -2.258) scan=(-3.774, -0.017, -2.250) correction=0.018 m/0.009 rad cluster_weight=0.984 publish=true
[component_container-9] [INFO] [1789012930.081869355] [pure_pursuit_node]: Pure Pursuit: pose=(-3.889, -0.135, -2.377) cte=0.010 closest=1716 target=1757 path_dist=0.010 heading_err=-0.003 steer=-0.263 speed=1.263
[ground_truth_amcl_monitor-7] [INFO] [1789012930.335580324] [ground_truth_amcl_monitor]: AMCL vs GT: gt=(-4.099, -0.293) amcl=(-4.025, -0.248) error=0.086 m / 0.049 rad; current_map=(-4.076, -0.283, -2.565) error=0.025 m / 0.000 rad; odom=(-4.137, -0.184, -2.565) error=0.116 m / 0.000 rad; ekf=(-4.137, -0.184, -2.565) error=0.116 m / 0.000 rad; RMS=0.082 m / 0.018 rad max=0.242 m / 0.104 rad samples=1008
[gpu_amcl_cpp_node-6] [INFO] [1789012930.384523220] [gpu_amcl_cpp]: AMCL odom delta: at_scan=(3.374, -4.991, -1.043) baseline=(3.342, -4.938, -0.994) delta=(0.033, -0.053, -0.049) moved=true scan_age=0.050s
[gpu_amcl_cpp_node-6] [INFO] [1789012931.014694787] [gpu_amcl_cpp]: AMCL local correction: odom_prediction=(-4.864, -0.456, 2.925) scan=(-4.860, -0.472, 2.938) correction=0.017 m/0.013 rad cluster_weight=0.983 publish=true
[component_container-9] [INFO] [1789012931.105539903] [pure_pursuit_node]: Pure Pursuit: pose=(-5.040, -0.407, 2.740) cte=-0.000 closest=1779 target=1820 path_dist=0.000 heading_err=-0.054 steer=-0.317 speed=1.324
[ground_truth_amcl_monitor-7] [INFO] [1789012931.356829909] [ground_truth_amcl_monitor]: AMCL vs GT: gt=(-5.276, -0.270) amcl=(-5.209, -0.317) error=0.082 m / 0.057 rad; current_map=(-5.260, -0.281, 2.497) error=0.020 m / 0.000 rad; odom=(-5.327, -0.164, 2.497) error=0.118 m / 0.000 rad; ekf=(-5.327, -0.164, 2.497) error=0.118 m / 0.000 rad; RMS=0.081 m / 0.020 rad max=0.242 m / 0.104 rad samples=1048
[gpu_amcl_cpp_node-6] [INFO] [1789012931.408571980] [gpu_amcl_cpp]: AMCL odom delta: at_scan=(3.282, -6.177, -2.272) baseline=(3.322, -6.127, -2.216) delta=(-0.040, -0.050, -0.056) moved=true scan_age=0.051s
[gpu_amcl_cpp_node-6] [INFO] [1789012932.015725581] [gpu_amcl_cpp]: AMCL local correction: odom_prediction=(-5.747, 0.409, 1.961) scan=(-5.750, 0.412, 1.960) correction=0.005 m/0.001 rad cluster_weight=0.961 publish=true
[component_container-9] [INFO] [1789012932.106441996] [pure_pursuit_node]: Pure Pursuit: pose=(-5.815, 0.590, 1.892) cte=-0.054 closest=1843 target=1884 path_dist=0.054 heading_err=0.013 steer=-0.093 speed=1.360
[ground_truth_amcl_monitor-7] [INFO] [1789012932.357387126] [ground_truth_amcl_monitor]: AMCL vs GT: gt=(-5.905, 0.855) amcl=(-5.876, 0.782) error=0.079 m / 0.015 rad; current_map=(-5.893, 0.845, 1.822) error=0.016 m / 0.000 rad; odom=(-5.955, 0.951, 1.822) error=0.108 m / 0.000 rad; ekf=(-5.955, 0.951, 1.822) error=0.108 m / 0.000 rad; RMS=0.080 m / 0.020 rad max=0.242 m / 0.104 rad samples=1088
[gpu_amcl_cpp_node-6] [INFO] [1789012932.409521714] [gpu_amcl_cpp]: AMCL odom delta: at_scan=(2.142, -6.772, -2.905) baseline=(2.208, -6.756, -2.890) delta=(-0.066, -0.016, -0.014) moved=true scan_age=0.052s
[gpu_amcl_cpp_node-6] [INFO] [1789012933.020828845] [gpu_amcl_cpp]: AMCL local correction: odom_prediction=(-6.059, 1.726, 1.706) scan=(-6.067, 1.752, 1.699) correction=0.027 m/0.007 rad cluster_weight=0.934 publish=true
[component_container-9] [INFO] [1789012933.131761612] [pure_pursuit_node]: Pure Pursuit: pose=(-6.091, 1.971, 1.685) cte=-0.011 closest=1913 target=1955 path_dist=0.011 heading_err=0.023 steer=-0.030 speed=1.456
[ground_truth_amcl_monitor-7] [INFO] [1789012933.384740872] [ground_truth_amcl_monitor]: AMCL vs GT: gt=(-6.132, 2.290) amcl=(-6.115, 2.185) error=0.107 m / 0.007 rad; current_map=(-6.122, 2.260, 1.660) error=0.032 m / 0.000 rad; odom=(-6.179, 2.365, 1.660) error=0.089 m / 0.000 rad; ekf=(-6.172, 2.290, 1.666) error=0.040 m / 0.007 rad; RMS=0.080 m / 0.020 rad max=0.242 m / 0.104 rad samples=1128
[gpu_amcl_cpp_node-6] [INFO] [1789012933.432391213] [gpu_amcl_cpp]: AMCL odom delta: at_scan=(0.721, -6.986, -3.059) baseline=(0.793, -6.980, -3.053) delta=(-0.071, -0.006, -0.006) moved=true scan_age=0.049s
[gpu_amcl_cpp_node-6] [INFO] [1789012934.063528173] [gpu_amcl_cpp]: AMCL local correction: odom_prediction=(-6.163, 3.247, 1.567) scan=(-6.164, 3.244, 1.568) correction=0.003 m/0.001 rad cluster_weight=0.978 publish=true
[component_container-9] [INFO] [1789012934.156971758] [pure_pursuit_node]: Pure Pursuit: pose=(-6.159, 3.465, 1.541) cte=-0.000 closest=1988 target=2030 path_dist=0.000 heading_err=0.001 steer=-0.040 speed=1.476
[ground_truth_amcl_monitor-7] [INFO] [1789012934.417022254] [ground_truth_amcl_monitor]: AMCL vs GT: gt=(-6.157, 3.806) amcl=(-6.148, 3.692) error=0.115 m / 0.010 rad; current_map=(-6.143, 3.769, 1.503) error=0.040 m / 0.000 rad; odom=(-6.204, 3.867, 1.503) error=0.076 m / 0.000 rad; ekf=(-6.204, 3.867, 1.503) error=0.076 m / 0.000 rad; RMS=0.080 m / 0.019 rad max=0.242 m / 0.104 rad samples=1168
[gpu_amcl_cpp_node-6] [INFO] [1789012934.484419655] [gpu_amcl_cpp]: AMCL odom delta: at_scan=(-0.807, -6.997, 3.061) baseline=(-0.708, -7.005, 3.074) delta=(-0.099, 0.007, -0.013) moved=true scan_age=0.051s
[gpu_amcl_cpp_node-6] [INFO] [1789012934.811079192] [gpu_amcl_cpp]: AMCL scan update #601 completed; evaluating pose confidence.
[gpu_amcl_cpp_node-6] [INFO] [1789012934.958222014] [gpu_amcl_cpp]: Received LiDAR callback #604 (1081 ranges).
[gpu_amcl_cpp_node-6] [INFO] [1789012934.958291294] [gpu_amcl_cpp]: Starting AMCL scan update #604 (sampled from 1081 ranges).
[gpu_amcl_cpp_node-6] [INFO] [1789012935.067277678] [gpu_amcl_cpp]: AMCL local correction: odom_prediction=(-6.025, 4.710, 1.373) scan=(-6.025, 4.716, 1.375) correction=0.005 m/0.003 rad cluster_weight=0.984 publish=true
[component_container-9] [INFO] [1789012935.158722432] [pure_pursuit_node]: Pure Pursuit: pose=(-5.979, 4.921, 1.335) cte=-0.004 closest=2061 target=2103 path_dist=0.004 heading_err=0.002 steer=-0.061 speed=1.458
[ground_truth_amcl_monitor-7] [INFO] [1789012935.418938100] [ground_truth_amcl_monitor]: AMCL vs GT: gt=(-5.913, 5.238) amcl=(-5.904, 5.207) error=0.032 m / 0.000 rad; current_map=(-5.902, 5.204, 1.283) error=0.035 m / 0.000 rad; odom=(-5.963, 5.282, 1.283) error=0.067 m / 0.000 rad; ekf=(-5.963, 5.282, 1.283) error=0.067 m / 0.000 rad; RMS=0.080 m / 0.019 rad max=0.242 m / 0.104 rad samples=1207
[gpu_amcl_cpp_node-6] [INFO] [1789012935.506395899] [gpu_amcl_cpp]: AMCL odom delta: at_scan=(-2.260, -6.722, 2.828) baseline=(-2.192, -6.743, 2.841) delta=(-0.069, 0.022, -0.013) moved=true scan_age=0.049s
[gpu_amcl_cpp_node-6] [INFO] [1789012936.067862047] [gpu_amcl_cpp]: AMCL local correction: odom_prediction=(-5.557, 6.077, 1.103) scan=(-5.553, 6.073, 1.109) correction=0.005 m/0.005 rad cluster_weight=0.995 publish=true
[component_container-9] [INFO] [1789012936.161192001] [pure_pursuit_node]: Pure Pursuit: pose=(-5.458, 6.255, 1.053) cte=0.002 closest=2133 target=2175 path_dist=0.002 heading_err=0.008 steer=-0.087 speed=1.383
[ground_truth_amcl_monitor-7] [INFO] [1789012936.436080484] [ground_truth_amcl_monitor]: AMCL vs GT: gt=(-5.314, 6.536) amcl=(-5.335, 6.458) error=0.081 m / 0.024 rad; current_map=(-5.296, 6.516, 0.967) error=0.027 m / 0.000 rad; odom=(-5.369, 6.571, 0.967) error=0.066 m / 0.000 rad; ekf=(-5.369, 6.571, 0.967) error=0.066 m / 0.000 rad; RMS=0.080 m / 0.019 rad max=0.242 m / 0.104 rad samples=1246
[gpu_amcl_cpp_node-6] [INFO] [1789012936.531176834] [gpu_amcl_cpp]: AMCL odom delta: at_scan=(-3.520, -6.093, 2.488) baseline=(-3.467, -6.132, 2.513) delta=(-0.053, 0.039, -0.025) moved=true scan_age=0.049s
[gpu_amcl_cpp_node-6] [INFO] [1789012937.088985600] [gpu_amcl_cpp]: AMCL local correction: odom_prediction=(-4.695, 7.146, 0.622) scan=(-4.704, 7.144, 0.639) correction=0.010 m/0.017 rad cluster_weight=0.996 publish=true
[component_container-9] [INFO] [1789012937.180837278] [pure_pursuit_node]: Pure Pursuit: pose=(-4.525, 7.259, 0.537) cte=-0.007 closest=2202 target=2244 path_dist=0.007 heading_err=-0.009 steer=-0.138 speed=1.403
[ground_truth_amcl_monitor-7] [INFO] [1789012937.443337588] [ground_truth_amcl_monitor]: AMCL vs GT: gt=(-4.272, 7.412) amcl=(-4.280, 7.391) error=0.023 m / 0.000 rad; current_map=(-4.280, 7.391, 0.421) error=0.023 m / 0.000 rad; odom=(-4.337, 7.440, 0.421) error=0.071 m / 0.000 rad; ekf=(-4.337, 7.440, 0.421) error=0.071 m / 0.000 rad; RMS=0.079 m / 0.019 rad max=0.242 m / 0.104 rad samples=1287
[gpu_amcl_cpp_node-6] [INFO] [1789012937.532357792] [gpu_amcl_cpp]: AMCL odom delta: at_scan=(-4.335, -5.010, 1.933) baseline=(-4.309, -5.074, 1.962) delta=(-0.026, 0.065, -0.029) moved=true scan_age=0.049s
[gpu_amcl_cpp_node-6] [INFO] [1789012938.114875826] [gpu_amcl_cpp]: AMCL local correction: odom_prediction=(-3.366, 7.607, 0.031) scan=(-3.381, 7.611, 0.045) correction=0.015 m/0.013 rad cluster_weight=0.981 publish=true
[component_container-9] [INFO] [1789012938.205815223] [pure_pursuit_node]: Pure Pursuit: pose=(-3.164, 7.607, -0.051) cte=-0.016 closest=2273 target=2315 path_dist=0.016 heading_err=0.002 steer=-0.140 speed=1.389
[ground_truth_amcl_monitor-7] [INFO] [1789012938.460499852] [ground_truth_amcl_monitor]: AMCL vs GT: gt=(-2.871, 7.586) amcl=(-2.945, 7.594) error=0.075 m / 0.028 rad; current_map=(-2.875, 7.583, -0.169) error=0.005 m / 0.000 rad; odom=(-2.949, 7.614, -0.169) error=0.083 m / 0.000 rad; ekf=(-3.019, 7.624, -0.140) error=0.153 m / 0.028 rad; RMS=0.078 m / 0.019 rad max=0.242 m / 0.104 rad samples=1326
[gpu_amcl_cpp_node-6] [INFO] [1789012938.559388131] [gpu_amcl_cpp]: AMCL odom delta: at_scan=(-4.429, -3.615, 1.347) baseline=(-4.443, -3.683, 1.375) delta=(0.014, 0.068, -0.028) moved=true scan_age=0.049s
[gpu_amcl_cpp_node-6] [INFO] [1789012939.116833812] [gpu_amcl_cpp]: AMCL local correction: odom_prediction=(-2.030, 7.292, -0.503) scan=(-2.030, 7.293, -0.498) correction=0.001 m/0.005 rad cluster_weight=0.961 publish=true
[component_container-9] [INFO] [1789012939.209160544] [pure_pursuit_node]: Pure Pursuit: pose=(-1.851, 7.186, -0.569) cte=-0.019 closest=2343 target=2384 path_dist=0.019 heading_err=0.018 steer=-0.101 speed=1.413
[ground_truth_amcl_monitor-7] [INFO] [1789012939.466689243] [ground_truth_amcl_monitor]: AMCL vs GT: gt=(-1.621, 7.019) amcl=(-1.622, 7.026) error=0.007 m / 0.000 rad; current_map=(-1.624, 7.026, -0.650) error=0.008 m / 0.000 rad; odom=(-1.710, 7.054, -0.650) error=0.095 m / 0.000 rad; ekf=(-1.710, 7.054, -0.650) error=0.095 m / 0.000 rad; RMS=0.078 m / 0.019 rad max=0.242 m / 0.104 rad samples=1367
[gpu_amcl_cpp_node-6] [INFO] [1789012939.607116833] [gpu_amcl_cpp]: AMCL odom delta: at_scan=(-3.763, -2.346, 0.863) baseline=(-3.808, -2.400, 0.881) delta=(0.046, 0.054, -0.019) moved=true scan_age=0.049s
[gpu_amcl_cpp_node-6] [INFO] [1789012939.811312252] [gpu_amcl_cpp]: AMCL scan update #700 completed; evaluating pose confidence.
[gpu_amcl_cpp_node-6] [INFO] [1789012939.988490823] [gpu_amcl_cpp]: Received LiDAR callback #703 (1081 ranges).
[gpu_amcl_cpp_node-6] [INFO] [1789012939.988587404] [gpu_amcl_cpp]: Starting AMCL scan update #703 (sampled from 1081 ranges).
[gpu_amcl_cpp_node-6] [INFO] [1789012940.165469730] [gpu_amcl_cpp]: AMCL local correction: odom_prediction=(-0.913, 6.330, -0.890) scan=(-0.914, 6.333, -0.886) correction=0.003 m/0.004 rad cluster_weight=0.986 publish=true
[component_container-9] [INFO] [1789012940.209888837] [pure_pursuit_node]: Pure Pursuit: pose=(-0.823, 6.215, -0.918) cte=-0.011 closest=2413 target=2455 path_dist=0.011 heading_err=-0.001 steer=-0.061 speed=1.442
[ground_truth_amcl_monitor-7] [INFO] [1789012940.486011153] [ground_truth_amcl_monitor]: AMCL vs GT: gt=(-0.624, 5.933) amcl=(-0.672, 6.010) error=0.091 m / 0.013 rad; current_map=(-0.630, 5.950, -0.977) error=0.018 m / 0.000 rad; odom=(-0.764, 6.040, -0.964) error=0.176 m / 0.013 rad; ekf=(-0.764, 6.040, -0.964) error=0.176 m / 0.013 rad; RMS=0.078 m / 0.019 rad max=0.242 m / 0.104 rad samples=1404
[gpu_amcl_cpp_node-6] [INFO] [1789012940.640533113] [gpu_amcl_cpp]: AMCL odom delta: at_scan=(-2.638, -1.404, 0.561) baseline=(-2.700, -1.443, 0.572) delta=(0.062, 0.039, -0.011) moved=true scan_age=0.052s
[gpu_amcl_cpp_node-6] [INFO] [1789012941.214946013] [gpu_amcl_cpp]: AMCL local correction: odom_prediction=(-0.105, 5.045, -1.116) scan=(-0.101, 5.031, -1.121) correction=0.015 m/0.005 rad cluster_weight=0.938 publish=true
[component_container-9] [INFO] [1789012941.257098274] [pure_pursuit_node]: Pure Pursuit: pose=(-0.043, 4.915, -1.130) cte=-0.013 closest=2489 target=2531 path_dist=0.013 heading_err=0.006 steer=-0.037 speed=1.457
[ground_truth_amcl_monitor-7] [INFO] [1789012941.511301343] [ground_truth_amcl_monitor]: AMCL vs GT: gt=(0.081, 4.620) amcl=(0.051, 4.714) error=0.099 m / 0.007 rad; current_map=(0.081, 4.647, -1.159) error=0.027 m / 0.000 rad; odom=(-0.025, 4.682, -1.159) error=0.123 m / 0.000 rad; ekf=(-0.025, 4.682, -1.159) error=0.123 m / 0.000 rad; RMS=0.077 m / 0.019 rad max=0.242 m / 0.104 rad samples=1442
[gpu_amcl_cpp_node-6] [INFO] [1789012941.663889944] [gpu_amcl_cpp]: AMCL odom delta: at_scan=(-1.324, -0.740, 0.395) baseline=(-1.390, -0.767, 0.401) delta=(0.066, 0.028, -0.006) moved=true scan_age=0.054s
[component_container-9] [INFO] [1789012942.257099665] [pure_pursuit_node]: Pure Pursuit: pose=(0.496, 3.557, -1.239) cte=-0.000 closest=2562 target=18 path_dist=0.000 heading_err=-0.000 steer=-0.023 speed=1.482
[gpu_amcl_cpp_node-6] [INFO] [1789012942.264952497] [gpu_amcl_cpp]: AMCL local correction: odom_prediction=(0.474, 3.626, -1.237) scan=(0.475, 3.634, -1.242) correction=0.009 m/0.005 rad cluster_weight=0.923 publish=true
[ground_truth_amcl_monitor-7] [INFO] [1789012942.547895981] [ground_truth_amcl_monitor]: AMCL vs GT: gt=(0.596, 3.244) amcl=(0.595, 3.279) error=0.034 m / 0.000 rad; current_map=(0.571, 3.348, -1.255) error=0.107 m / 0.004 rad; odom=(0.461, 3.391, -1.255) error=0.199 m / 0.004 rad; ekf=(0.461, 3.391, -1.255) error=0.199 m / 0.004 rad; RMS=0.077 m / 0.018 rad max=0.242 m / 0.104 rad samples=1480
[gpu_amcl_cpp_node-6] [INFO] [1789012942.706854491] [gpu_amcl_cpp]: AMCL odom delta: at_scan=(0.112, -0.230, 0.296) baseline=(0.042, -0.251, 0.302) delta=(0.070, 0.022, -0.005) moved=true scan_age=0.049s
[component_container-9] [INFO] [1789012943.305140585] [pure_pursuit_node]: Pure Pursuit: pose=(0.927, 2.085, -1.327) cte=0.005 closest=53 target=95 path_dist=0.005 heading_err=-0.002 steer=-0.017 speed=1.479
[gpu_amcl_cpp_node-6] [INFO] [1789012943.313871305] [gpu_amcl_cpp]: AMCL local correction: odom_prediction=(0.917, 2.157, -1.325) scan=(0.916, 2.159, -1.335) correction=0.002 m/0.010 rad cluster_weight=0.933 publish=true
[ground_truth_amcl_monitor-7] [INFO] [1789012943.559392980] [ground_truth_amcl_monitor]: AMCL vs GT: gt=(1.005, 1.755) amcl=(0.981, 1.876) error=0.124 m / 0.006 rad; current_map=(0.998, 1.803, -1.346) error=0.049 m / 0.000 rad; odom=(0.889, 1.850, -1.346) error=0.150 m / 0.000 rad; ekf=(0.872, 1.922, -1.340) error=0.214 m / 0.006 rad; RMS=0.078 m / 0.018 rad max=0.242 m / 0.104 rad samples=1522
[gpu_amcl_cpp_node-6] [INFO] [1789012943.708730058] [gpu_amcl_cpp]: AMCL odom delta: at_scan=(1.520, 0.135, 0.210) baseline=(1.449, 0.120, 0.214) delta=(0.071, 0.015, -0.004) moved=true scan_age=0.051s
[component_container-9] [INFO] [1789012944.305917052] [pure_pursuit_node]: Pure Pursuit: pose=(1.204, 0.689, -1.410) cte=0.007 closest=124 target=166 path_dist=0.007 heading_err=-0.009 steer=-0.025 speed=1.471
[gpu_amcl_cpp_node-6] [INFO] [1789012944.314872073] [gpu_amcl_cpp]: AMCL local correction: odom_prediction=(1.192, 0.765, -1.406) scan=(1.184, 0.776, -1.404) correction=0.014 m/0.003 rad cluster_weight=0.946 publish=true
[gpu_amcl_cpp_node-6] [WARN] [1789012944.563465927] [gpu_amcl_cpp]: No local AMCL cluster near odometry prediction; using causal odometry pose.
[ground_truth_amcl_monitor-7] [INFO] [1789012944.567628080] [ground_truth_amcl_monitor]: AMCL vs GT: gt=(1.273, 0.306) amcl=(1.243, 0.418) error=0.115 m / 0.000 rad; current_map=(1.243, 0.418, -1.431) error=0.115 m / 0.000 rad; odom=(1.154, 0.416, -1.431) error=0.162 m / 0.000 rad; ekf=(1.154, 0.416, -1.431) error=0.162 m / 0.000 rad; RMS=0.079 m / 0.018 rad max=0.242 m / 0.104 rad samples=1563
[gpu_amcl_cpp_node-6] [INFO] [1789012944.709623798] [gpu_amcl_cpp]: AMCL odom delta: at_scan=(2.959, 0.383, 0.127) baseline=(2.887, 0.374, 0.132) delta=(0.072, 0.009, -0.005) moved=true scan_age=0.050s
[gpu_amcl_cpp_node-6] [INFO] [1789012944.857996768] [gpu_amcl_cpp]: AMCL scan update #797 completed; evaluating pose confidence.
[gpu_amcl_cpp_node-6] [INFO] [1789012945.007034255] [gpu_amcl_cpp]: Received LiDAR callback #800 (1081 ranges).
[gpu_amcl_cpp_node-6] [INFO] [1789012945.007111049] [gpu_amcl_cpp]: Starting AMCL scan update #800 (sampled from 1081 ranges).
[gpu_amcl_cpp_node-6] [INFO] [1789012945.314911202] [gpu_amcl_cpp]: AMCL local correction: odom_prediction=(1.353, -0.744, -1.513) scan=(1.365, -0.819, -1.508) correction=0.076 m/0.005 rad cluster_weight=0.952 publish=true
[component_container-9] [INFO] [1789012945.355766530] [pure_pursuit_node]: Pure Pursuit: pose=(1.361, -0.887, -1.525) cte=-0.002 closest=203 target=246 path_dist=0.002 heading_err=-0.015 steer=-0.041 speed=1.483
[ground_truth_amcl_monitor-7] [INFO] [1789012945.569018538] [ground_truth_amcl_monitor]: AMCL vs GT: gt=(1.398, -1.160) amcl=(1.387, -1.133) error=0.029 m / 0.000 rad; current_map=(1.385, -1.129, -1.552) error=0.034 m / 0.000 rad; odom=(1.277, -1.034, -1.552) error=0.174 m / 0.000 rad; ekf=(1.277, -1.034, -1.552) error=0.174 m / 0.000 rad; RMS=0.081 m / 0.018 rad max=0.242 m / 0.104 rad samples=1603
[gpu_amcl_cpp_node-6] [INFO] [1789012945.759128852] [gpu_amcl_cpp]: AMCL odom delta: at_scan=(4.483, 0.477, -0.019) baseline=(4.411, 0.478, -0.010) delta=(0.071, -0.001, -0.009) moved=true scan_age=0.050s
[component_container-9] [INFO] [1789012946.355930268] [pure_pursuit_node]: Pure Pursuit: pose=(1.341, -2.349, -1.667) cte=-0.014 closest=277 target=319 path_dist=0.014 heading_err=0.029 steer=-0.007 speed=1.461
[gpu_amcl_cpp_node-6] [INFO] [1789012946.365020193] [gpu_amcl_cpp]: AMCL local correction: odom_prediction=(1.346, -2.285, -1.663) scan=(1.345, -2.277, -1.658) correction=0.008 m/0.004 rad cluster_weight=0.950 publish=true
[ground_truth_amcl_monitor-7] [INFO] [1789012946.573814093] [ground_truth_amcl_monitor]: AMCL vs GT: gt=(1.317, -2.602) amcl=(1.319, -2.573) error=0.028 m / 0.000 rad; current_map=(1.319, -2.573, -1.671) error=0.028 m / 0.000 rad; odom=(1.198, -2.459, -1.671) error=0.185 m / 0.000 rad; ekf=(1.198, -2.459, -1.671) error=0.185 m / 0.000 rad; RMS=0.081 m / 0.017 rad max=0.242 m / 0.104 rad samples=1643
[gpu_amcl_cpp_node-6] [INFO] [1789012946.781115371] [gpu_amcl_cpp]: AMCL odom delta: at_scan=(5.937, 0.364, -0.111) baseline=(5.864, 0.372, -0.108) delta=(0.073, -0.008, -0.003) moved=true scan_age=0.049s
[component_container-9] [INFO] [1789012947.383662457] [pure_pursuit_node]: Pure Pursuit: pose=(1.168, -3.845, -1.718) cte=-0.003 closest=352 target=394 path_dist=0.003 heading_err=0.005 steer=-0.011 speed=1.487
[gpu_amcl_cpp_node-6] [INFO] [1789012947.393036014] [gpu_amcl_cpp]: AMCL local correction: odom_prediction=(1.177, -3.769, -1.716) scan=(1.173, -3.754, -1.713) correction=0.016 m/0.003 rad cluster_weight=0.922 publish=true
[ground_truth_amcl_monitor-7] [INFO] [1789012947.591908069] [ground_truth_amcl_monitor]: AMCL vs GT: gt=(1.124, -4.106) amcl=(1.147, -3.988) error=0.120 m / 0.002 rad; current_map=(1.135, -4.063, -1.725) error=0.044 m / 0.000 rad; odom=(1.007, -3.947, -1.725) error=0.197 m / 0.000 rad; ekf=(1.007, -3.947, -1.725) error=0.197 m / 0.000 rad; RMS=0.081 m / 0.017 rad max=0.242 m / 0.104 rad samples=1682
[gpu_amcl_cpp_node-6] [INFO] [1789012947.807341645] [gpu_amcl_cpp]: AMCL odom delta: at_scan=(7.423, 0.157, -0.163) baseline=(7.350, 0.168, -0.159) delta=(0.072, -0.012, -0.003) moved=true scan_age=0.050s
[component_container-9] [INFO] [1789012948.406985304] [pure_pursuit_node]: Pure Pursuit: pose=(0.914, -5.323, -1.759) cte=0.000 closest=427 target=469 path_dist=0.000 heading_err=-0.003 steer=-0.012 speed=1.496
[gpu_amcl_cpp_node-6] [INFO] [1789012948.415955424] [gpu_amcl_cpp]: AMCL local correction: odom_prediction=(0.930, -5.254, -1.758) scan=(0.930, -5.248, -1.755) correction=0.006 m/0.003 rad cluster_weight=0.959 publish=true
[gpu_amcl_cpp_node-6] [WARN] [1789012948.457692518] [gpu_amcl_cpp]: Queued LiDAR scan until source-time odometry arrives (queued=1).
[ground_truth_amcl_monitor-7] [INFO] [1789012948.608236787] [ground_truth_amcl_monitor]: AMCL vs GT: gt=(0.858, -5.600) amcl=(0.888, -5.478) error=0.126 m / 0.002 rad; current_map=(0.874, -5.551, -1.767) error=0.052 m / 0.000 rad; odom=(0.744, -5.425, -1.767) error=0.209 m / 0.000 rad; ekf=(0.744, -5.425, -1.767) error=0.209 m / 0.000 rad; RMS=0.081 m / 0.017 rad max=0.242 m / 0.104 rad samples=1722
[gpu_amcl_cpp_node-6] [INFO] [1789012948.809333629] [gpu_amcl_cpp]: AMCL odom delta: at_scan=(8.876, -0.115, -0.206) baseline=(8.802, -0.100, -0.204) delta=(0.073, -0.015, -0.002) moved=true scan_age=0.050s
[component_container-9] [INFO] [1789012949.429156585] [pure_pursuit_node]: Pure Pursuit: pose=(0.599, -6.817, -1.797) cte=-0.004 closest=503 target=545 path_dist=0.004 heading_err=-0.001 steer=-0.011 speed=1.474
[gpu_amcl_cpp_node-6] [INFO] [1789012949.436126710] [gpu_amcl_cpp]: AMCL local correction: odom_prediction=(0.611, -6.752, -1.795) scan=(0.610, -6.770, -1.793) correction=0.018 m/0.002 rad cluster_weight=0.970 publish=true
[ground_truth_amcl_monitor-7] [INFO] [1789012949.635601900] [ground_truth_amcl_monitor]: AMCL vs GT: gt=(0.531, -7.092) amcl=(0.559, -6.972) error=0.123 m / 0.002 rad; current_map=(0.543, -7.042, -1.803) error=0.051 m / 0.000 rad; odom=(0.420, -6.902, -1.803) error=0.220 m / 0.000 rad; ekf=(0.437, -6.832, -1.802) error=0.276 m / 0.002 rad; RMS=0.082 m / 0.017 rad max=0.242 m / 0.104 rad samples=1762
[gpu_amcl_cpp_node-6] [INFO] [1789012949.834606094] [gpu_amcl_cpp]: AMCL odom delta: at_scan=(10.343, -0.447, -0.238) baseline=(10.273, -0.430, -0.236) delta=(0.070, -0.017, -0.002) moved=true scan_age=0.050s
[gpu_amcl_cpp_node-6] [INFO] [1789012949.884982407] [gpu_amcl_cpp]: AMCL scan update #897 completed; evaluating pose confidence.
[gpu_amcl_cpp_node-6] [INFO] [1789012950.032662280] [gpu_amcl_cpp]: Received LiDAR callback #900 (1081 ranges).
[gpu_amcl_cpp_node-6] [INFO] [1789012950.032742150] [gpu_amcl_cpp]: Starting AMCL scan update #900 (sampled from 1081 ranges).
[component_container-9] [INFO] [1789012950.432843611] [pure_pursuit_node]: Pure Pursuit: pose=(0.231, -8.251, -1.870) cte=0.001 closest=577 target=619 path_dist=0.001 heading_err=0.009 steer=-0.043 speed=1.441
[gpu_amcl_cpp_node-6] [INFO] [1789012950.440806690] [gpu_amcl_cpp]: AMCL local correction: odom_prediction=(0.252, -8.186, -1.863) scan=(0.250, -8.195, -1.858) correction=0.009 m/0.005 rad cluster_weight=0.984 publish=true
[ground_truth_amcl_monitor-7] [INFO] [1789012950.639166807] [ground_truth_amcl_monitor]: AMCL vs GT: gt=(0.147, -8.503) amcl=(0.186, -8.394) error=0.116 m / 0.010 rad; current_map=(0.163, -8.463, -1.900) error=0.043 m / 0.000 rad; odom=(0.040, -8.300, -1.900) error=0.230 m / 0.000 rad; ekf=(0.063, -8.232, -1.889) error=0.284 m / 0.010 rad; RMS=0.082 m / 0.017 rad max=0.242 m / 0.104 rad samples=1802
[gpu_amcl_cpp_node-6] [INFO] [1789012950.857680830] [gpu_amcl_cpp]: AMCL odom delta: at_scan=(11.749, -0.867, -0.377) baseline=(11.684, -0.841, -0.365) delta=(0.065, -0.025, -0.012) moved=true scan_age=0.050s
[component_container-9] [INFO] [1789012951.479512804] [pure_pursuit_node]: Pure Pursuit: pose=(-0.369, -9.554, -2.233) cte=0.014 closest=649 target=691 path_dist=0.014 heading_err=0.033 steer=-0.201 speed=1.331
[gpu_amcl_cpp_node-6] [INFO] [1789012951.487740150] [gpu_amcl_cpp]: AMCL local correction: odom_prediction=(-0.332, -9.505, -2.203) scan=(-0.335, -9.506, -2.198) correction=0.003 m/0.005 rad cluster_weight=0.998 publish=true
[ground_truth_amcl_monitor-7] [INFO] [1789012951.644115709] [ground_truth_amcl_monitor]: AMCL vs GT: gt=(-0.476, -9.692) amcl=(-0.460, -9.659) error=0.037 m / 0.000 rad; current_map=(-0.460, -9.659, -2.312) error=0.037 m / 0.000 rad; odom=(-0.581, -9.484, -2.312) error=0.233 m / 0.000 rad; ekf=(-0.581, -9.484, -2.312) error=0.233 m / 0.000 rad; RMS=0.082 m / 0.017 rad max=0.242 m / 0.104 rad samples=1841
[gpu_amcl_cpp_node-6] [INFO] [1789012951.883165405] [gpu_amcl_cpp]: AMCL odom delta: at_scan=(12.856, -1.625, -0.963) baseline=(12.817, -1.571, -0.916) delta=(0.039, -0.054, -0.047) moved=true scan_age=0.049s
[component_container-9] [INFO] [1789012952.484413500] [pure_pursuit_node]: Pure Pursuit: pose=(-1.504, -10.104, 3.068) cte=-0.001 closest=716 target=758 path_dist=0.001 heading_err=-0.035 steer=-0.274 speed=1.365
[gpu_amcl_cpp_node-6] [INFO] [1789012952.493922181] [gpu_amcl_cpp]: AMCL local correction: odom_prediction=(-1.442, -10.104, 3.121) scan=(-1.455, -10.097, 3.135) correction=0.014 m/0.014 rad cluster_weight=0.997 publish=true
[ground_truth_amcl_monitor-7] [INFO] [1789012952.644796424] [ground_truth_amcl_monitor]: AMCL vs GT: gt=(-1.649, -10.112) amcl=(-1.644, -10.084) error=0.029 m / 0.000 rad; current_map=(-1.641, -10.084, 2.958) error=0.029 m / 0.000 rad; odom=(-1.754, -9.905, 2.958) error=0.232 m / 0.000 rad; ekf=(-1.754, -9.905, 2.958) error=0.232 m / 0.000 rad; RMS=0.081 m / 0.017 rad max=0.242 m / 0.104 rad samples=1881
[gpu_amcl_cpp_node-6] [INFO] [1789012952.883619415] [gpu_amcl_cpp]: AMCL odom delta: at_scan=(12.957, -2.870, -2.025) baseline=(12.985, -2.810, -1.974) delta=(-0.027, -0.060, -0.052) moved=true scan_age=0.049s
[component_container-9] [INFO] [1789012953.504147960] [pure_pursuit_node]: Pure Pursuit: pose=(-2.605, -9.370, 2.134) cte=-0.042 closest=784 target=825 path_dist=0.042 heading_err=-0.012 steer=-0.130 speed=1.365
[gpu_amcl_cpp_node-6] [INFO] [1789012953.511490525] [gpu_amcl_cpp]: AMCL local correction: odom_prediction=(-2.571, -9.423, 2.163) scan=(-2.583, -9.402, 2.167) correction=0.024 m/0.004 rad cluster_weight=0.982 publish=true
[ground_truth_amcl_monitor-7] [INFO] [1789012953.659511190] [ground_truth_amcl_monitor]: AMCL vs GT: gt=(-2.669, -9.284) amcl=(-2.644, -9.308) error=0.035 m / 0.027 rad; current_map=(-2.677, -9.250, 2.080) error=0.035 m / 0.000 rad; odom=(-2.773, -9.085, 2.080) error=0.225 m / 0.000 rad; ekf=(-2.740, -9.142, 2.107) error=0.159 m / 0.027 rad; RMS=0.081 m / 0.018 rad max=0.242 m / 0.104 rad samples=1920
[gpu_amcl_cpp_node-6] [INFO] [1789012953.909523259] [gpu_amcl_cpp]: AMCL odom delta: at_scan=(11.939, -3.719, -2.745) baseline=(12.002, -3.692, -2.725) delta=(-0.062, -0.027, -0.020) moved=true scan_age=0.051s
[component_container-9] [INFO] [1789012954.532905114] [pure_pursuit_node]: Pure Pursuit: pose=(-3.073, -8.056, 1.748) cte=-0.004 closest=853 target=895 path_dist=0.004 heading_err=0.005 steer=-0.057 speed=1.438
[gpu_amcl_cpp_node-6] [INFO] [1789012954.540881469] [gpu_amcl_cpp]: AMCL local correction: odom_prediction=(-3.061, -8.123, 1.762) scan=(-3.060, -8.124, 1.769) correction=0.001 m/0.007 rad cluster_weight=0.984 publish=true
[ground_truth_amcl_monitor-7] [INFO] [1789012954.685735280] [ground_truth_amcl_monitor]: AMCL vs GT: gt=(-3.098, -7.940) amcl=(-3.081, -7.985) error=0.049 m / 0.012 rad; current_map=(-3.092, -7.916, 1.724) error=0.024 m / 0.000 rad; odom=(-3.200, -7.755, 1.724) error=0.211 m / 0.000 rad; ekf=(-3.200, -7.755, 1.724) error=0.211 m / 0.000 rad; RMS=0.080 m / 0.018 rad max=0.242 m / 0.104 rad samples=1960
[gpu_amcl_cpp_node-6] [INFO] [1789012954.932663541] [gpu_amcl_cpp]: AMCL odom delta: at_scan=(10.561, -4.042, -3.048) baseline=(10.631, -4.035, -3.038) delta=(-0.069, -0.007, -0.010) moved=true scan_age=0.050s
[gpu_amcl_cpp_node-6] [INFO] [1789012954.933590811] [gpu_amcl_cpp]: AMCL scan update #996 completed; evaluating pose confidence.
[gpu_amcl_cpp_node-6] [INFO] [1789012955.074924825] [gpu_amcl_cpp]: Received LiDAR callback #998 (1081 ranges).
[gpu_amcl_cpp_node-6] [INFO] [1789012955.074992763] [gpu_amcl_cpp]: Starting AMCL scan update #998 (sampled from 1081 ranges).
[component_container-9] [INFO] [1789012955.581909245] [pure_pursuit_node]: Pure Pursuit: pose=(-3.147, -6.573, 1.512) cte=-0.002 closest=928 target=970 path_dist=0.002 heading_err=-0.004 steer=-0.047 speed=1.471
[gpu_amcl_cpp_node-6] [INFO] [1789012955.589679913] [gpu_amcl_cpp]: AMCL local correction: odom_prediction=(-3.149, -6.643, 1.521) scan=(-3.148, -6.642, 1.519) correction=0.002 m/0.002 rad cluster_weight=0.992 publish=true
[ground_truth_amcl_monitor-7] [INFO] [1789012955.693867480] [ground_truth_amcl_monitor]: AMCL vs GT: gt=(-3.151, -6.501) amcl=(-3.141, -6.498) error=0.011 m / 0.000 rad; current_map=(-3.139, -6.497, 1.503) error=0.013 m / 0.000 rad; odom=(-3.253, -6.331, 1.503) error=0.197 m / 0.000 rad; ekf=(-3.253, -6.331, 1.503) error=0.197 m / 0.000 rad; RMS=0.080 m / 0.018 rad max=0.242 m / 0.104 rad samples=1999
[gpu_amcl_cpp_node-6] [INFO] [1789012955.933505987] [gpu_amcl_cpp]: AMCL odom delta: at_scan=(9.125, -4.018, 3.023) baseline=(9.198, -4.027, 3.033) delta=(-0.073, 0.008, -0.010) moved=true scan_age=0.049s
[gpu_amcl_cpp_node-6] [INFO] [1789012956.589879817] [gpu_amcl_cpp]: AMCL local correction: odom_prediction=(-2.942, -5.204, 1.332) scan=(-2.936, -5.197, 1.325) correction=0.010 m/0.007 rad cluster_weight=0.955 publish=true
[component_container-9] [INFO] [1789012956.630427870] [pure_pursuit_node]: Pure Pursuit: pose=(-2.909, -5.069, 1.319) cte=-0.014 closest=1004 target=1046 path_dist=0.014 heading_err=-0.000 steer=-0.042 speed=1.432
[ground_truth_amcl_monitor-7] [INFO] [1789012956.733632763] [ground_truth_amcl_monitor]: AMCL vs GT: gt=(-2.894, -5.001) amcl=(-2.906, -5.068) error=0.068 m / 0.008 rad; current_map=(-2.888, -4.998, 1.311) error=0.006 m / 0.000 rad; odom=(-2.998, -4.847, 1.311) error=0.186 m / 0.000 rad; ekf=(-2.998, -4.847, 1.311) error=0.186 m / 0.000 rad; RMS=0.079 m / 0.017 rad max=0.242 m / 0.104 rad samples=2040
[gpu_amcl_cpp_node-6] [INFO] [1789012956.933651641] [gpu_amcl_cpp]: AMCL odom delta: at_scan=(7.730, -3.721, 2.858) baseline=(7.796, -3.740, 2.861) delta=(-0.066, 0.019, -0.003) moved=true scan_age=0.051s
[gpu_amcl_cpp_node-6] [INFO] [1789012957.620688641] [gpu_amcl_cpp]: AMCL local correction: odom_prediction=(-2.536, -3.783, 1.285) scan=(-2.535, -3.782, 1.269) correction=0.001 m/0.015 rad cluster_weight=0.934 publish=true
[component_container-9] [INFO] [1789012957.664025921] [pure_pursuit_node]: Pure Pursuit: pose=(-2.494, -3.639, 1.289) cte=-0.011 closest=1078 target=1121 path_dist=0.011 heading_err=0.010 steer=-0.003 speed=1.473
[ground_truth_amcl_monitor-7] [INFO] [1789012957.740533083] [ground_truth_amcl_monitor]: AMCL vs GT: gt=(-2.480, -3.600) amcl=(-2.477, -3.610) error=0.010 m / 0.000 rad; current_map=(-2.484, -3.613, 1.287) error=0.013 m / 0.000 rad; odom=(-2.590, -3.462, 1.287) error=0.176 m / 0.000 rad; ekf=(-2.590, -3.462, 1.287) error=0.176 m / 0.000 rad; RMS=0.079 m / 0.017 rad max=0.242 m / 0.104 rad samples=2079
[gpu_amcl_cpp_node-6] [INFO] [1789012957.983619876] [gpu_amcl_cpp]: AMCL odom delta: at_scan=(6.268, -3.287, 2.863) baseline=(6.339, -3.308, 2.859) delta=(-0.071, 0.020, 0.004) moved=true scan_age=0.050s
[gpu_amcl_cpp_node-6] [INFO] [1789012958.645915090] [gpu_amcl_cpp]: AMCL local correction: odom_prediction=(-2.116, -2.315, 1.313) scan=(-2.110, -2.303, 1.302) correction=0.014 m/0.011 rad cluster_weight=0.955 publish=true
[component_container-9] [INFO] [1789012958.688393327] [pure_pursuit_node]: Pure Pursuit: pose=(-2.079, -2.174, 1.314) cte=0.003 closest=1155 target=1197 path_dist=0.003 heading_err=-0.001 steer=0.006 speed=1.487
[ground_truth_amcl_monitor-7] [INFO] [1789012958.756905440] [ground_truth_amcl_monitor]: AMCL vs GT: gt=(-2.073, -2.132) amcl=(-2.093, -2.240) error=0.110 m / 0.001 rad; current_map=(-2.068, -2.142, 1.315) error=0.012 m / 0.000 rad; odom=(-2.187, -2.010, 1.315) error=0.167 m / 0.000 rad; ekf=(-2.187, -2.010, 1.315) error=0.167 m / 0.000 rad; RMS=0.079 m / 0.017 rad max=0.242 m / 0.104 rad samples=2118
[gpu_amcl_cpp_node-6] [INFO] [1789012959.008594414] [gpu_amcl_cpp]: AMCL odom delta: at_scan=(4.812, -2.895, 2.893) baseline=(4.883, -2.913, 2.891) delta=(-0.071, 0.018, 0.002) moved=true scan_age=0.051s
[gpu_amcl_cpp_node-6] [INFO] [1789012959.663976724] [gpu_amcl_cpp]: AMCL local correction: odom_prediction=(-1.742, -0.824, 1.342) scan=(-1.741, -0.820, 1.330) correction=0.005 m/0.012 rad cluster_weight=0.956 publish=true
[component_container-9] [INFO] [1789012959.705611588] [pure_pursuit_node]: Pure Pursuit: pose=(-1.710, -0.684, 1.345) cte=-0.001 closest=1231 target=1274 path_dist=0.001 heading_err=-0.002 steer=0.008 speed=1.490
[ground_truth_amcl_monitor-7] [INFO] [1789012959.758749518] [ground_truth_amcl_monitor]: AMCL vs GT: gt=(-1.719, -0.693) amcl=(-1.726, -0.750) error=0.057 m / 0.002 rad; current_map=(-1.710, -0.678, 1.345) error=0.018 m / 0.000 rad; odom=(-1.837, -0.588, 1.345) error=0.158 m / 0.000 rad; ekf=(-1.837, -0.588, 1.345) error=0.158 m / 0.000 rad; RMS=0.078 m / 0.017 rad max=0.242 m / 0.104 rad samples=2158
[gpu_amcl_cpp_node-6] [INFO] [1789012959.957414497] [gpu_amcl_cpp]: AMCL scan update #1094 completed; evaluating pose confidence.
[gpu_amcl_cpp_node-6] [INFO] [1789012960.058869978] [gpu_amcl_cpp]: AMCL odom delta: at_scan=(3.312, -2.540, 2.926) baseline=(3.385, -2.556, 2.925) delta=(-0.073, 0.016, 0.001) moved=true scan_age=0.050s
[gpu_amcl_cpp_node-6] [INFO] [1789012960.109334359] [gpu_amcl_cpp]: Received LiDAR callback #1097 (1081 ranges).
[gpu_amcl_cpp_node-6] [INFO] [1789012960.109420901] [gpu_amcl_cpp]: Starting AMCL scan update #1097 (sampled from 1081 ranges).
[gpu_amcl_cpp_node-6] [INFO] [1789012960.690921180] [gpu_amcl_cpp]: AMCL local correction: odom_prediction=(-1.431, 0.657, 1.394) scan=(-1.430, 0.651, 1.381) correction=0.006 m/0.013 rad cluster_weight=0.929 publish=true
[component_container-9] [INFO] [1789012960.733586048] [pure_pursuit_node]: Pure Pursuit: pose=(-1.406, 0.802, 1.402) cte=-0.001 closest=1307 target=1349 path_dist=0.001 heading_err=0.001 steer=0.022 speed=1.463
[ground_truth_amcl_monitor-7] [INFO] [1789012960.819878202] [ground_truth_amcl_monitor]: AMCL vs GT: gt=(-1.414, 0.799) amcl=(-1.406, 0.808) error=0.012 m / 0.000 rad; current_map=(-1.417, 0.730, 1.399) error=0.069 m / 0.005 rad; odom=(-1.548, 0.815, 1.399) error=0.134 m / 0.005 rad; ekf=(-1.548, 0.815, 1.399) error=0.134 m / 0.005 rad; RMS=0.078 m / 0.017 rad max=0.242 m / 0.104 rad samples=2198
[gpu_amcl_cpp_node-6] [INFO] [1789012961.107028233] [gpu_amcl_cpp]: AMCL odom delta: at_scan=(1.811, -2.265, 3.007) baseline=(1.881, -2.275, 3.002) delta=(-0.070, 0.010, 0.006) moved=true scan_age=0.050s
[gpu_amcl_cpp_node-6] [INFO] [1789012961.716939633] [gpu_amcl_cpp]: AMCL local correction: odom_prediction=(-1.268, 2.141, 1.577) scan=(-1.264, 2.152, 1.568) correction=0.011 m/0.008 rad cluster_weight=0.962 publish=true
[component_container-9] [INFO] [1789012961.758384301] [pure_pursuit_node]: Pure Pursuit: pose=(-1.272, 2.280, 1.612) cte=-0.008 closest=1382 target=1424 path_dist=0.008 heading_err=-0.007 steer=0.104 speed=1.358
[ground_truth_amcl_monitor-7] [INFO] [1789012961.822294385] [ground_truth_amcl_monitor]: AMCL vs GT: gt=(-1.283, 2.260) amcl=(-1.269, 2.289) error=0.032 m / 0.000 rad; current_map=(-1.269, 2.287, 1.613) error=0.030 m / 0.000 rad; odom=(-1.404, 2.337, 1.613) error=0.144 m / 0.000 rad; ekf=(-1.404, 2.337, 1.613) error=0.144 m / 0.000 rad; RMS=0.077 m / 0.017 rad max=0.242 m / 0.104 rad samples=2239
[gpu_amcl_cpp_node-6] [INFO] [1789012962.132404413] [gpu_amcl_cpp]: AMCL odom delta: at_scan=(0.394, -2.252, -2.957) baseline=(0.456, -2.241, -2.980) delta=(-0.063, -0.011, 0.023) moved=true scan_age=0.050s
[gpu_amcl_cpp_node-6] [INFO] [1789012962.743988607] [gpu_amcl_cpp]: AMCL local correction: odom_prediction=(-1.588, 3.412, 2.166) scan=(-1.583, 3.408, 2.154) correction=0.006 m/0.011 rad cluster_weight=0.984 publish=true
[component_container-9] [INFO] [1789012962.783773860] [pure_pursuit_node]: Pure Pursuit: pose=(-1.660, 3.508, 2.270) cte=-0.040 closest=1448 target=1489 path_dist=0.040 heading_err=-0.080 steer=0.324 speed=1.202
[ground_truth_amcl_monitor-7] [INFO] [1789012962.838887259] [ground_truth_amcl_monitor]: AMCL vs GT: gt=(-1.669, 3.487) amcl=(-1.622, 3.464) error=0.053 m / 0.056 rad; current_map=(-1.659, 3.510, 2.275) error=0.026 m / 0.000 rad; odom=(-1.789, 3.564, 2.275) error=0.143 m / 0.000 rad; ekf=(-1.752, 3.518, 2.219) error=0.089 m / 0.056 rad; RMS=0.077 m / 0.017 rad max=0.242 m / 0.104 rad samples=2278
[gpu_amcl_cpp_node-6] [INFO] [1789012963.157421565] [gpu_amcl_cpp]: AMCL odom delta: at_scan=(-0.642, -2.881, -2.050) baseline=(-0.613, -2.831, -2.116) delta=(-0.028, -0.050, 0.065) moved=true scan_age=0.050s
[gpu_amcl_cpp_node-6] [INFO] [1789012963.792901043] [gpu_amcl_cpp]: AMCL local correction: odom_prediction=(-2.651, 3.740, -2.676) scan=(-2.639, 3.729, -2.678) correction=0.016 m/0.002 rad cluster_weight=0.979 publish=true
[component_container-9] [INFO] [1789012963.832965781] [pure_pursuit_node]: Pure Pursuit: pose=(-2.755, 3.678, -2.524) cte=-0.008 closest=1512 target=1553 path_dist=0.008 heading_err=0.075 steer=0.370 speed=1.300
[ground_truth_amcl_monitor-7] [INFO] [1789012963.846152588] [ground_truth_amcl_monitor]: AMCL vs GT: gt=(-2.696, 3.694) amcl=(-2.698, 3.702) error=0.008 m / 0.000 rad; current_map=(-2.700, 3.704, -2.599) error=0.011 m / 0.000 rad; odom=(-2.847, 3.779, -2.599) error=0.173 m / 0.000 rad; ekf=(-2.847, 3.779, -2.599) error=0.173 m / 0.000 rad; RMS=0.076 m / 0.018 rad max=0.242 m / 0.107 rad samples=2317
[gpu_amcl_cpp_node-6] [INFO] [1789012964.185976334] [gpu_amcl_cpp]: AMCL odom delta: at_scan=(-0.310, -3.953, -0.549) baseline=(-0.364, -3.918, -0.610) delta=(0.054, -0.036, 0.061) moved=true scan_age=0.053s
[gpu_amcl_cpp_node-6] [INFO] [1789012964.838731349] [gpu_amcl_cpp]: AMCL local correction: odom_prediction=(-3.215, 2.542, -1.682) scan=(-3.219, 2.549, -1.674) correction=0.009 m/0.008 rad cluster_weight=0.946 publish=true
[component_container-9] [INFO] [1789012964.880675104] [pure_pursuit_node]: Pure Pursuit: pose=(-3.228, 2.410, -1.659) cte=0.060 closest=1581 target=1623 path_dist=0.060 heading_err=-0.031 steer=0.025 speed=1.328
[ground_truth_amcl_monitor-7] [INFO] [1789012964.883274354] [ground_truth_amcl_monitor]: AMCL vs GT: gt=(-3.235, 2.494) amcl=(-3.217, 2.543) error=0.052 m / 0.012 rad; current_map=(-3.225, 2.476, -1.670) error=0.021 m / 0.000 rad; odom=(-3.385, 2.651, -1.682) error=0.217 m / 0.012 rad; ekf=(-3.385, 2.651, -1.682) error=0.217 m / 0.012 rad; RMS=0.076 m / 0.019 rad max=0.242 m / 0.107 rad samples=2352
[gpu_amcl_cpp_node-6] [INFO] [1789012964.984461093] [gpu_amcl_cpp]: AMCL scan update #1189 completed; evaluating pose confidence.
[gpu_amcl_cpp_node-6] [INFO] [1789012965.138618269] [gpu_amcl_cpp]: Received LiDAR callback #1192 (1081 ranges).
[gpu_amcl_cpp_node-6] [INFO] [1789012965.138706054] [gpu_amcl_cpp]: Starting AMCL scan update #1192 (sampled from 1081 ranges).
[gpu_amcl_cpp_node-6] [INFO] [1789012965.190914841] [gpu_amcl_cpp]: AMCL odom delta: at_scan=(0.978, -4.225, -0.067) baseline=(0.910, -4.220, -0.070) delta=(0.069, -0.005, 0.003) moved=true scan_age=0.052s
[gpu_amcl_cpp_node-6] [INFO] [1789012965.865086538] [gpu_amcl_cpp]: AMCL local correction: odom_prediction=(-3.442, 0.646, -1.865) scan=(-3.438, 0.653, -1.850) correction=0.007 m/0.015 rad cluster_weight=0.988 publish=true
[component_container-9] [INFO] [1789012965.904390968] [pure_pursuit_node]: Pure Pursuit: pose=(-3.513, 0.445, -1.960) cte=0.022 closest=1681 target=1725 path_dist=0.022 heading_err=-0.007 steer=-0.179 speed=1.996
[ground_truth_amcl_monitor-7] [INFO] [1789012965.907240127] [ground_truth_amcl_monitor]: AMCL vs GT: gt=(-3.489, 0.500) amcl=(-3.441, 0.647) error=0.154 m / 0.051 rad; current_map=(-3.478, 0.534, -1.916) error=0.035 m / 0.000 rad; odom=(-3.647, 0.643, -1.916) error=0.213 m / 0.000 rad; ekf=(-3.647, 0.643, -1.916) error=0.213 m / 0.000 rad; RMS=0.076 m / 0.019 rad max=0.242 m / 0.107 rad samples=2392
[gpu_amcl_cpp_node-6] [INFO] [1789012966.206834801] [gpu_amcl_cpp]: AMCL odom delta: at_scan=(2.987, -4.693, -0.626) baseline=(2.907, -4.639, -0.567) delta=(0.080, -0.054, -0.059) moved=true scan_age=0.050s
[gpu_amcl_cpp_node-6] [INFO] [1789012966.888905691] [gpu_amcl_cpp]: AMCL local correction: odom_prediction=(-4.808, -0.465, 2.984) scan=(-4.790, -0.450, 3.004) correction=0.024 m/0.020 rad cluster_weight=0.986 publish=true
[component_container-9] [INFO] [1789012966.931119073] [pure_pursuit_node]: Pure Pursuit: pose=(-4.992, -0.417, 2.788) cte=0.011 closest=1776 target=1820 path_dist=0.011 heading_err=-0.053 steer=-0.308 speed=2.047
[ground_truth_amcl_monitor-7] [INFO] [1789012966.933854489] [ground_truth_amcl_monitor]: AMCL vs GT: gt=(-4.908, -0.429) amcl=(-4.805, -0.457) error=0.107 m / 0.100 rad; current_map=(-4.899, -0.437, 2.884) error=0.012 m / 0.000 rad; odom=(-5.116, -0.331, 2.884) error=0.229 m / 0.000 rad; ekf=(-5.116, -0.331, 2.884) error=0.229 m / 0.000 rad; RMS=0.076 m / 0.020 rad max=0.242 m / 0.122 rad samples=2432
[gpu_amcl_cpp_node-6] [INFO] [1789012967.233807426] [gpu_amcl_cpp]: AMCL odom delta: at_scan=(3.183, -6.427, -2.370) baseline=(3.257, -6.349, -2.285) delta=(-0.074, -0.078, -0.086) moved=true scan_age=0.051s
[gpu_amcl_cpp_node-6] [INFO] [1789012967.916056265] [gpu_amcl_cpp]: AMCL local correction: odom_prediction=(-6.082, 1.831, 1.699) scan=(-6.077, 1.815, 1.698) correction=0.018 m/0.001 rad cluster_weight=0.943 publish=true
[component_container-9] [INFO] [1789012967.957871610] [pure_pursuit_node]: Pure Pursuit: pose=(-6.130, 2.251, 1.671) cte=-0.017 closest=1927 target=1976 path_dist=0.017 heading_err=0.004 steer=-0.050 speed=4.891
[ground_truth_amcl_monitor-7] [INFO] [1789012967.960332350] [ground_truth_amcl_monitor]: AMCL vs GT: gt=(-6.119, 2.067) amcl=(-6.080, 1.825) error=0.244 m / 0.014 rad; current_map=(-6.105, 2.032, 1.685) error=0.037 m / 0.000 rad; odom=(-6.332, 2.167, 1.685) error=0.236 m / 0.000 rad; ekf=(-6.332, 2.167, 1.685) error=0.236 m / 0.000 rad; RMS=0.077 m / 0.020 rad max=0.280 m / 0.122 rad samples=2472
[gpu_amcl_cpp_node-6] [INFO] [1789012968.282484186] [gpu_amcl_cpp]: AMCL odom delta: at_scan=(-0.539, -7.179, 3.102) baseline=(-0.288, -7.187, 3.113) delta=(-0.251, 0.009, -0.011) moved=true scan_age=0.050s
[gpu_amcl_cpp_node-6] [INFO] [1789012968.965882947] [gpu_amcl_cpp]: AMCL local correction: odom_prediction=(-5.490, 6.243, 1.008) scan=(-5.484, 6.253, 1.018) correction=0.012 m/0.010 rad cluster_weight=0.996 publish=true
[ground_truth_amcl_monitor-7] [INFO] [1789012968.969923242] [ground_truth_amcl_monitor]: AMCL vs GT: gt=(-5.495, 6.277) amcl=(-5.488, 6.247) error=0.031 m / 0.000 rad; current_map=(-5.490, 6.243, 1.008) error=0.035 m / 0.000 rad; odom=(-5.694, 6.404, 1.008) error=0.236 m / 0.000 rad; ekf=(-5.694, 6.404, 1.008) error=0.236 m / 0.000 rad; RMS=0.080 m / 0.021 rad max=0.390 m / 0.122 rad samples=2511
[component_container-9] [INFO] [1789012969.007984540] [pure_pursuit_node]: Pure Pursuit: pose=(-5.350, 6.458, 0.980) cte=-0.008 closest=2144 target=2189 path_dist=0.008 heading_err=0.036 steer=-0.134 speed=2.856
[gpu_amcl_cpp_node-6] [INFO] [1789012969.309068504] [gpu_amcl_cpp]: AMCL odom delta: at_scan=(-3.980, -5.908, 2.287) baseline=(-3.885, -6.011, 2.344) delta=(-0.095, 0.103, -0.058) moved=true scan_age=0.050s
[gpu_amcl_cpp_node-6] [WARN] [1789012969.760151742] [gpu_amcl_cpp]: Queued LiDAR scan until source-time odometry arrives (queued=1).
[gpu_amcl_cpp_node-6] [INFO] [1789012969.969874342] [gpu_amcl_cpp]: AMCL local correction: odom_prediction=(-2.949, 7.605, -0.145) scan=(-2.956, 7.618, -0.127) correction=0.014 m/0.018 rad cluster_weight=0.969 publish=true
[ground_truth_amcl_monitor-7] [INFO] [1789012969.973921310] [ground_truth_amcl_monitor]: AMCL vs GT: gt=(-2.949, 7.616) amcl=(-2.952, 7.611) error=0.006 m / 0.000 rad; current_map=(-2.949, 7.605, -0.145) error=0.012 m / 0.000 rad; odom=(-3.131, 7.741, -0.145) error=0.221 m / 0.000 rad; ekf=(-3.131, 7.741, -0.145) error=0.221 m / 0.000 rad; RMS=0.081 m / 0.021 rad max=0.390 m / 0.122 rad samples=2551
[component_container-9] [INFO] [1789012970.014666256] [pure_pursuit_node]: Pure Pursuit: pose=(-2.606, 7.530, -0.281) cte=-0.027 closest=2301 target=2348 path_dist=0.027 heading_err=0.006 steer=-0.124 speed=3.630
[gpu_amcl_cpp_node-6] [INFO] [1789012970.017590807] [gpu_amcl_cpp]: AMCL scan update #1288 completed; evaluating pose confidence.
[gpu_amcl_cpp_node-6] [INFO] [1789012970.183920921] [gpu_amcl_cpp]: Received LiDAR callback #1291 (1081 ranges).
[gpu_amcl_cpp_node-6] [INFO] [1789012970.183991313] [gpu_amcl_cpp]: Starting AMCL scan update #1291 (sampled from 1081 ranges).
[gpu_amcl_cpp_node-6] [INFO] [1789012970.336315522] [gpu_amcl_cpp]: AMCL odom delta: at_scan=(-4.078, -2.707, 0.962) baseline=(-4.185, -2.870, 1.019) delta=(0.107, 0.163, -0.058) moved=true scan_age=0.050s
[ground_truth_amcl_monitor-7] [INFO] [1789012971.010986254] [ground_truth_amcl_monitor]: AMCL vs GT: gt=(0.102, 4.644) amcl=(-0.014, 4.902) error=0.283 m / 0.015 rad; current_map=(0.097, 4.666, -1.135) error=0.023 m / 0.000 rad; odom=(-0.051, 4.719, -1.135) error=0.171 m / 0.000 rad; ekf=(-0.051, 4.719, -1.135) error=0.171 m / 0.000 rad; RMS=0.083 m / 0.022 rad max=0.390 m / 0.122 rad samples=2588
[gpu_amcl_cpp_node-6] [INFO] [1789012971.016988994] [gpu_amcl_cpp]: AMCL local correction: odom_prediction=(0.097, 4.666, -1.135) scan=(0.089, 4.691, -1.144) correction=0.026 m/0.009 rad cluster_weight=0.920 publish=true
[component_container-9] [INFO] [1789012971.058544142] [pure_pursuit_node]: Pure Pursuit: pose=(0.277, 4.227, -1.229) cte=-0.030 closest=2527 target=2577 path_dist=0.030 heading_err=0.041 steer=0.014 speed=4.763
[gpu_amcl_cpp_node-6] [INFO] [1789012971.382285998] [gpu_amcl_cpp]: AMCL odom delta: at_scan=(-0.080, -0.235, 0.329) baseline=(-0.186, -0.273, 0.361) delta=(0.107, 0.038, -0.032) moved=true scan_age=0.050s
[gpu_amcl_cpp_node-6] [WARN] [1789012971.588817880] [gpu_amcl_cpp]: No local AMCL cluster near odometry prediction; using causal odometry pose.
[ground_truth_amcl_monitor-7] [INFO] [1789012972.036936788] [ground_truth_amcl_monitor]: AMCL vs GT: gt=(1.296, 0.032) amcl=(1.217, 0.687) error=0.660 m / 0.000 rad; current_map=(1.259, 0.406, -1.422) error=0.376 m / 0.000 rad; odom=(1.025, 0.430, -1.422) error=0.481 m / 0.000 rad; ekf=(0.983, 0.711, -1.422) error=0.748 m / 0.000 rad; RMS=0.098 m / 0.021 rad max=0.668 m / 0.122 rad samples=2628
[component_container-9] [INFO] [1789012972.086506162] [pure_pursuit_node]: Pure Pursuit: pose=(1.321, -0.150, -1.498) cte=-0.007 closest=167 target=219 path_dist=0.007 heading_err=0.017 steer=0.002 speed=5.265
[gpu_amcl_cpp_node-6] [INFO] [1789012972.095845827] [gpu_amcl_cpp]: AMCL local correction: odom_prediction=(1.300, 0.127, -1.428) scan=(1.293, 0.087, -1.403) correction=0.041 m/0.024 rad cluster_weight=0.914 publish=true
[gpu_amcl_cpp_node-6] [INFO] [1789012972.413800430] [gpu_amcl_cpp]: AMCL odom delta: at_scan=(4.642, 0.433, 0.018) baseline=(4.399, 0.424, 0.058) delta=(0.243, 0.009, -0.040) moved=true scan_age=0.052s
[gpu_amcl_cpp_node-6] [WARN] [1789012972.808386755] [gpu_amcl_cpp]: Queued LiDAR scan until source-time odometry arrives (queued=1).
[ground_truth_amcl_monitor-7] [INFO] [1789012973.084392252] [ground_truth_amcl_monitor]: AMCL vs GT: gt=(0.963, -5.084) amcl=(1.046, -4.628) error=0.463 m / 0.043 rad; current_map=(0.976, -5.013, -1.772) error=0.072 m / 0.000 rad; odom=(0.669, -4.741, -1.772) error=0.452 m / 0.000 rad; ekf=(0.669, -4.741, -1.772) error=0.452 m / 0.000 rad; RMS=0.107 m / 0.022 rad max=0.674 m / 0.122 rad samples=2666
[component_container-9] [INFO] [1789012973.132403280] [pure_pursuit_node]: Pure Pursuit: pose=(0.870, -5.597, -1.730) cte=-0.010 closest=441 target=494 path_dist=0.010 heading_err=-0.039 steer=-0.061 speed=4.914
[gpu_amcl_cpp_node-6] [INFO] [1789012973.141009869] [gpu_amcl_cpp]: AMCL local correction: odom_prediction=(0.916, -5.291, -1.786) scan=(0.913, -5.295, -1.787) correction=0.005 m/0.001 rad cluster_weight=0.938 publish=true
[gpu_amcl_cpp_node-6] [INFO] [1789012973.460616696] [gpu_amcl_cpp]: AMCL odom delta: at_scan=(9.800, -0.574, -0.249) baseline=(9.591, -0.521, -0.248) delta=(0.209, -0.053, -0.001) moved=true scan_age=0.052s
[ground_truth_amcl_monitor-7] [INFO] [1789012974.085744124] [ground_truth_amcl_monitor]: AMCL vs GT: gt=(0.015, -9.023) amcl=(0.087, -8.862) error=0.177 m / 0.043 rad; current_map=(0.035, -8.980, -2.002) error=0.048 m / 0.000 rad; odom=(-0.294, -8.729, -2.002) error=0.426 m / 0.000 rad; ekf=(-0.294, -8.729, -2.002) error=0.426 m / 0.000 rad; RMS=0.109 m / 0.022 rad max=0.674 m / 0.122 rad samples=2704
[component_container-9] [INFO] [1789012974.133904783] [pure_pursuit_node]: Pure Pursuit: pose=(-0.058, -9.159, -2.099) cte=-0.054 closest=625 target=668 path_dist=0.054 heading_err=0.068 steer=-0.102 speed=2.413
[gpu_amcl_cpp_node-6] [INFO] [1789012974.143043060] [gpu_amcl_cpp]: AMCL local correction: odom_prediction=(-0.009, -9.081, -2.049) scan=(-0.013, -9.086, -2.039) correction=0.006 m/0.009 rad cluster_weight=0.992 publish=true
[gpu_amcl_cpp_node-6] [INFO] [1789012974.508501994] [gpu_amcl_cpp]: AMCL odom delta: at_scan=(12.693, -1.670, -0.864) baseline=(12.612, -1.582, -0.791) delta=(0.081, -0.088, -0.072) moved=true scan_age=0.051s
[gpu_amcl_cpp_node-6] [INFO] [1789012975.062066800] [gpu_amcl_cpp]: AMCL scan update #1383 completed; evaluating pose confidence.
[ground_truth_amcl_monitor-7] [INFO] [1789012975.115182272] [ground_truth_amcl_monitor]: AMCL vs GT: gt=(-1.916, -10.046) amcl=(-1.801, -10.056) error=0.116 m / 0.103 rad; current_map=(-1.916, -10.011, 2.714) error=0.036 m / 0.000 rad; odom=(-2.265, -9.758, 2.714) error=0.453 m / 0.000 rad; ekf=(-2.265, -9.758, 2.714) error=0.453 m / 0.000 rad; RMS=0.109 m / 0.023 rad max=0.674 m / 0.130 rad samples=2742
[component_container-9] [INFO] [1789012975.164827800] [pure_pursuit_node]: Pure Pursuit: pose=(-2.144, -9.879, 2.519) cte=-0.026 closest=750 target=795 path_dist=0.026 heading_err=-0.025 steer=-0.211 speed=2.614
[gpu_amcl_cpp_node-6] [INFO] [1789012975.173869876] [gpu_amcl_cpp]: AMCL local correction: odom_prediction=(-2.036, -9.950, 2.614) scan=(-2.034, -9.953, 2.637) correction=0.003 m/0.022 rad cluster_weight=0.985 publish=true
[gpu_amcl_cpp_node-6] [INFO] [1789012975.232507917] [gpu_amcl_cpp]: Received LiDAR callback #1386 (1081 ranges).
[gpu_amcl_cpp_node-6] [INFO] [1789012975.232592175] [gpu_amcl_cpp]: Starting AMCL scan update #1386 (sampled from 1081 ranges).
[gpu_amcl_cpp_node-6] [INFO] [1789012975.533197160] [gpu_amcl_cpp]: AMCL odom delta: at_scan=(12.125, -3.840, -2.646) baseline=(12.252, -3.766, -2.587) delta=(-0.127, -0.074, -0.059) moved=true scan_age=0.048s
[ground_truth_amcl_monitor-7] [INFO] [1789012976.117404429] [ground_truth_amcl_monitor]: AMCL vs GT: gt=(-3.163, -7.154) amcl=(-3.157, -7.157) error=0.006 m / 0.000 rad; current_map=(-3.157, -7.153, 1.586) error=0.005 m / 0.000 rad; odom=(-3.516, -6.856, 1.586) error=0.462 m / 0.000 rad; ekf=(-3.516, -6.856, 1.586) error=0.462 m / 0.000 rad; RMS=0.109 m / 0.023 rad max=0.674 m / 0.130 rad samples=2781
[component_container-9] [INFO] [1789012976.206057102] [pure_pursuit_node]: Pure Pursuit: pose=(-3.143, -6.449, 1.521) cte=-0.006 closest=934 target=985 path_dist=0.006 heading_err=-0.028 steer=-0.076 speed=5.010
[gpu_amcl_cpp_node-6] [INFO] [1789012976.214819843] [gpu_amcl_cpp]: AMCL local correction: odom_prediction=(-3.151, -6.692, 1.539) scan=(-3.148, -6.702, 1.541) correction=0.010 m/0.001 rad cluster_weight=0.991 publish=true
[gpu_amcl_cpp_node-6] [WARN] [1789012976.410723687] [gpu_amcl_cpp]: Queued LiDAR scan until source-time odometry arrives (queued=1).
[gpu_amcl_cpp_node-6] [INFO] [1789012976.582210057] [gpu_amcl_cpp]: AMCL odom delta: at_scan=(7.679, -3.988, 2.889) baseline=(8.018, -4.076, 2.886) delta=(-0.339, 0.088, 0.003) moved=true scan_age=0.049s
[ground_truth_amcl_monitor-7] [INFO] [1789012977.134242372] [ground_truth_amcl_monitor]: AMCL vs GT: gt=(-2.028, -1.919) amcl=(-2.076, -2.209) error=0.294 m / 0.023 rad; current_map=(-2.018, -1.928, 1.355) error=0.013 m / 0.000 rad; odom=(-2.363, -1.561, 1.355) error=0.490 m / 0.000 rad; ekf=(-2.363, -1.561, 1.355) error=0.490 m / 0.000 rad; RMS=0.111 m / 0.023 rad max=0.674 m / 0.130 rad samples=2820
[component_container-9] [INFO] [1789012977.231532522] [pure_pursuit_node]: Pure Pursuit: pose=(-1.807, -1.162, 1.265) cte=0.015 closest=1207 target=1259 path_dist=0.015 heading_err=0.066 steer=0.082 speed=5.051
[gpu_amcl_cpp_node-6] [INFO] [1789012977.239326434] [gpu_amcl_cpp]: AMCL local correction: odom_prediction=(-1.880, -1.397, 1.281) scan=(-1.883, -1.390, 1.276) correction=0.007 m/0.005 rad cluster_weight=0.952 publish=true
[gpu_amcl_cpp_node-6] [INFO] [1789012977.609749885] [gpu_amcl_cpp]: AMCL odom delta: at_scan=(2.518, -2.677, 2.877) baseline=(2.734, -2.727, 2.951) delta=(-0.216, 0.050, -0.074) moved=true scan_age=0.050s
[ground_truth_amcl_monitor-7] [INFO] [1789012978.140887263] [ground_truth_amcl_monitor]: AMCL vs GT: gt=(-1.253, 2.089) amcl=(-1.250, 1.958) error=0.131 m / 0.074 rad; current_map=(-1.244, 2.123, 1.569) error=0.036 m / 0.000 rad; odom=(-1.580, 2.501, 1.569) error=0.526 m / 0.000 rad; ekf=(-1.580, 2.501, 1.569) error=0.526 m / 0.000 rad; RMS=0.111 m / 0.023 rad max=0.674 m / 0.130 rad samples=2858
[component_container-9] [INFO] [1789012978.257048914] [pure_pursuit_node]: Pure Pursuit: pose=(-1.279, 2.572, 1.719) cte=0.008 closest=1396 target=1441 path_dist=0.008 heading_err=-0.020 steer=0.132 speed=1.967
[gpu_amcl_cpp_node-6] [INFO] [1789012978.265851401] [gpu_amcl_cpp]: AMCL local correction: odom_prediction=(-1.263, 2.465, 1.700) scan=(-1.257, 2.466, 1.692) correction=0.006 m/0.008 rad cluster_weight=0.968 publish=true
[gpu_amcl_cpp_node-6] [INFO] [1789012978.657470368] [gpu_amcl_cpp]: AMCL odom delta: at_scan=(-0.428, -2.600, -2.712) baseline=(-0.341, -2.563, -2.757) delta=(-0.087, -0.038, 0.045) moved=true scan_age=0.050s
[ground_truth_amcl_monitor-7] [INFO] [1789012979.159941598] [ground_truth_amcl_monitor]: AMCL vs GT: gt=(-2.107, 3.780) amcl=(-2.030, 3.796) error=0.079 m / 0.106 rad; current_map=(-2.114, 3.823, 2.883) error=0.044 m / 0.000 rad; odom=(-2.458, 4.196, 2.883) error=0.545 m / 0.000 rad; ekf=(-2.458, 4.196, 2.883) error=0.545 m / 0.000 rad; RMS=0.111 m / 0.024 rad max=0.674 m / 0.130 rad samples=2898
[gpu_amcl_cpp_node-6] [INFO] [1789012979.265997737] [gpu_amcl_cpp]: AMCL local correction: odom_prediction=(-2.287, 3.862, 3.103) scan=(-2.280, 3.862, 3.089) correction=0.008 m/0.015 rad cluster_weight=0.981 publish=true
[component_container-9] [INFO] [1789012979.306312748] [pure_pursuit_node]: Pure Pursuit: pose=(-2.466, 3.850, -2.959) cte=0.012 closest=1495 target=1538 path_dist=0.012 heading_err=0.043 steer=0.435 speed=1.862
[gpu_amcl_cpp_node-6] [INFO] [1789012979.662579734] [gpu_amcl_cpp]: AMCL odom delta: at_scan=(-0.770, -4.095, -0.714) baseline=(-0.840, -4.028, -0.818) delta=(0.070, -0.067, 0.104) moved=true scan_age=0.052s
[gpu_amcl_cpp_node-6] [INFO] [1789012980.085067259] [gpu_amcl_cpp]: AMCL scan update #1481 completed; evaluating pose confidence.
[ground_truth_amcl_monitor-7] [INFO] [1789012980.193460215] [ground_truth_amcl_monitor]: AMCL vs GT: gt=(-3.234, 2.332) amcl=(-3.201, 2.476) error=0.148 m / 0.014 rad; current_map=(-3.220, 2.311, -1.682) error=0.025 m / 0.000 rad; odom=(-3.663, 2.728, -1.682) error=0.584 m / 0.000 rad; ekf=(-3.644, 2.892, -1.696) error=0.694 m / 0.014 rad; RMS=0.110 m / 0.025 rad max=0.674 m / 0.130 rad samples=2938
[gpu_amcl_cpp_node-6] [INFO] [1789012980.283440422] [gpu_amcl_cpp]: Received LiDAR callback #1484 (1081 ranges).
[gpu_amcl_cpp_node-6] [INFO] [1789012980.283515093] [gpu_amcl_cpp]: Starting AMCL scan update #1484 (sampled from 1081 ranges).
[gpu_amcl_cpp_node-6] [INFO] [1789012980.289991823] [gpu_amcl_cpp]: AMCL local correction: odom_prediction=(-3.246, 2.080, -1.655) scan=(-3.256, 2.046, -1.645) correction=0.036 m/0.010 rad cluster_weight=0.949 publish=true
[component_container-9] [INFO] [1789012980.332122082] [pure_pursuit_node]: Pure Pursuit: pose=(-3.273, 1.671, -1.616) cte=0.015 closest=1618 target=1665 path_dist=0.015 heading_err=-0.072 steer=-0.080 speed=3.358
[gpu_amcl_cpp_node-6] [INFO] [1789012980.684752101] [gpu_amcl_cpp]: AMCL odom delta: at_scan=(2.007, -4.655, -0.253) baseline=(1.862, -4.620, -0.219) delta=(0.145, -0.035, -0.034) moved=true scan_age=0.050s
[ground_truth_amcl_monitor-7] [INFO] [1789012981.208171488] [ground_truth_amcl_monitor]: AMCL vs GT: gt=(-3.862, -0.105) amcl=(-3.784, -0.040) error=0.101 m / 0.075 rad; current_map=(-3.850, -0.111, -2.358) error=0.013 m / 0.000 rad; odom=(-4.315, 0.277, -2.358) error=0.593 m / 0.000 rad; ekf=(-4.315, 0.277, -2.358) error=0.593 m / 0.000 rad; RMS=0.111 m / 0.025 rad max=0.674 m / 0.130 rad samples=2976
[gpu_amcl_cpp_node-6] [INFO] [1789012981.314973668] [gpu_amcl_cpp]: AMCL local correction: odom_prediction=(-3.989, -0.242, -2.505) scan=(-3.984, -0.238, -2.490) correction=0.006 m/0.016 rad cluster_weight=0.963 publish=true
[component_container-9] [INFO] [1789012981.356207405] [pure_pursuit_node]: Pure Pursuit: pose=(-4.151, -0.345, -2.646) cte=-0.016 closest=1733 target=1776 path_dist=0.016 heading_err=-0.050 steer=-0.295 speed=1.963
[gpu_amcl_cpp_node-6] [INFO] [1789012981.708911365] [gpu_amcl_cpp]: AMCL odom delta: at_scan=(3.245, -5.990, -1.619) baseline=(3.245, -5.892, -1.522) delta=(0.000, -0.098, -0.097) moved=true scan_age=0.048s
[ground_truth_amcl_monitor-7] [INFO] [1789012982.210008343] [ground_truth_amcl_monitor]: AMCL vs GT: gt=(-5.546, 0.032) amcl=(-5.461, -0.051) error=0.119 m / 0.078 rad; current_map=(-5.531, 0.039, 2.188) error=0.017 m / 0.000 rad; odom=(-6.038, 0.415, 2.188) error=0.624 m / 0.000 rad; ekf=(-5.969, 0.325, 2.266) error=0.515 m / 0.078 rad; RMS=0.110 m / 0.026 rad max=0.674 m / 0.130 rad samples=3016
[gpu_amcl_cpp_node-6] [INFO] [1789012982.316073351] [gpu_amcl_cpp]: AMCL local correction: odom_prediction=(-5.662, 0.253, 2.049) scan=(-5.667, 0.260, 2.054) correction=0.009 m/0.005 rad cluster_weight=0.961 publish=true
[component_container-9] [INFO] [1789012982.356928977] [pure_pursuit_node]: Pure Pursuit: pose=(-5.774, 0.502, 1.933) cte=-0.045 closest=1838 target=1883 path_dist=0.045 heading_err=-0.009 steer=-0.087 speed=3.425
[gpu_amcl_cpp_node-6] [INFO] [1789012982.759185815] [gpu_amcl_cpp]: AMCL odom delta: at_scan=(1.080, -7.362, -3.001) baseline=(1.276, -7.332, -2.978) delta=(-0.196, -0.030, -0.023) moved=true scan_age=0.051s
[ground_truth_amcl_monitor-7] [INFO] [1789012983.211084066] [ground_truth_amcl_monitor]: AMCL vs GT: gt=(-6.163, 3.791) amcl=(-6.165, 3.495) error=0.296 m / 0.034 rad; current_map=(-6.152, 3.746, 1.503) error=0.046 m / 0.000 rad; odom=(-6.642, 4.173, 1.503) error=0.613 m / 0.000 rad; ekf=(-6.655, 3.921, 1.537) error=0.509 m / 0.034 rad; RMS=0.111 m / 0.026 rad max=0.674 m / 0.130 rad samples=3056
[component_container-9] [INFO] [1789012983.358743667] [pure_pursuit_node]: Pure Pursuit: pose=(-6.030, 4.663, 1.378) cte=0.000 closest=2048 target=2098 path_dist=0.000 heading_err=0.001 steer=-0.057 speed=4.332
[gpu_amcl_cpp_node-6] [INFO] [1789012983.367336541] [gpu_amcl_cpp]: AMCL local correction: odom_prediction=(-6.073, 4.440, 1.405) scan=(-6.075, 4.441, 1.409) correction=0.003 m/0.004 rad cluster_weight=0.984 publish=true
[gpu_amcl_cpp_node-6] [INFO] [1789012983.783186552] [gpu_amcl_cpp]: AMCL odom delta: at_scan=(-3.388, -6.816, 2.649) baseline=(-3.234, -6.896, 2.672) delta=(-0.154, 0.080, -0.024) moved=true scan_age=0.050s
[ground_truth_amcl_monitor-7] [INFO] [1789012984.234833894] [ground_truth_amcl_monitor]: AMCL vs GT: gt=(-4.757, 7.135) amcl=(-4.867, 7.025) error=0.156 m / 0.048 rad; current_map=(-4.757, 7.114, 0.654) error=0.022 m / 0.000 rad; odom=(-5.223, 7.521, 0.654) error=0.606 m / 0.000 rad; ekf=(-5.223, 7.521, 0.654) error=0.606 m / 0.000 rad; RMS=0.112 m / 0.026 rad max=0.674 m / 0.130 rad samples=3096
[component_container-9] [INFO] [1789012984.381919719] [pure_pursuit_node]: Pure Pursuit: pose=(-4.217, 7.424, 0.370) cte=-0.014 closest=2220 target=2266 path_dist=0.014 heading_err=0.038 steer=-0.121 speed=3.354
[gpu_amcl_cpp_node-6] [INFO] [1789012984.390997333] [gpu_amcl_cpp]: AMCL local correction: odom_prediction=(-4.371, 7.357, 0.446) scan=(-4.376, 7.359, 0.470) correction=0.005 m/0.024 rad cluster_weight=0.995 publish=true
[gpu_amcl_cpp_node-6] [INFO] [1789012984.786031724] [gpu_amcl_cpp]: AMCL odom delta: at_scan=(-4.847, -4.303, 1.472) baseline=(-4.858, -4.475, 1.550) delta=(0.010, 0.172, -0.079) moved=true scan_age=0.051s
[gpu_amcl_cpp_node-6] [INFO] [1789012985.085513365] [gpu_amcl_cpp]: AMCL scan update #1579 completed; evaluating pose confidence.
[ground_truth_amcl_monitor-7] [INFO] [1789012985.235102912] [ground_truth_amcl_monitor]: AMCL vs GT: gt=(-1.574, 7.002) amcl=(-1.729, 7.129) error=0.200 m / 0.059 rad; current_map=(-1.571, 7.009, -0.681) error=0.008 m / 0.000 rad; odom=(-2.022, 7.378, -0.681) error=0.584 m / 0.000 rad; ekf=(-2.180, 7.498, -0.622) error=0.783 m / 0.059 rad; RMS=0.112 m / 0.026 rad max=0.674 m / 0.130 rad samples=3136
[gpu_amcl_cpp_node-6] [INFO] [1789012985.285663320] [gpu_amcl_cpp]: Received LiDAR callback #1583 (1081 ranges).
[gpu_amcl_cpp_node-6] [INFO] [1789012985.285724485] [gpu_amcl_cpp]: Starting AMCL scan update #1583 (sampled from 1081 ranges).
[component_container-9] [INFO] [1789012985.385854310] [pure_pursuit_node]: Pure Pursuit: pose=(-0.966, 6.408, -0.877) cte=-0.020 closest=2401 target=2451 path_dist=0.020 heading_err=0.006 steer=-0.064 speed=4.984
[gpu_amcl_cpp_node-6] [INFO] [1789012985.394053184] [gpu_amcl_cpp]: AMCL local correction: odom_prediction=(-1.120, 6.583, -0.826) scan=(-1.114, 6.590, -0.825) correction=0.009 m/0.001 rad cluster_weight=0.966 publish=true
[gpu_amcl_cpp_node-6] [INFO] [1789012985.808587860] [gpu_amcl_cpp]: AMCL odom delta: at_scan=(-1.997, -1.233, 0.457) baseline=(-2.246, -1.359, 0.482) delta=(0.249, 0.126, -0.025) moved=true scan_age=0.050s
[gpu_amcl_cpp_node-6] [WARN] [1789012986.066871221] [gpu_amcl_cpp]: No local AMCL cluster near odometry prediction; using causal odometry pose.
[ground_truth_amcl_monitor-7] [INFO] [1789012986.264637672] [ground_truth_amcl_monitor]: AMCL vs GT: gt=(0.908, 2.312) amcl=(0.794, 2.623) error=0.331 m / 0.026 rad; current_map=(0.897, 2.313, -1.265) error=0.011 m / 0.000 rad; odom=(0.491, 2.599, -1.265) error=0.506 m / 0.000 rad; ekf=(0.388, 2.909, -1.238) error=0.792 m / 0.026 rad; RMS=0.114 m / 0.026 rad max=0.674 m / 0.130 rad samples=3176
[component_container-9] [INFO] [1789012986.432065181] [pure_pursuit_node]: Pure Pursuit: pose=(1.168, 1.106, -1.452) cte=-0.026 closest=103 target=155 path_dist=0.026 heading_err=0.061 steer=0.021 speed=5.782
[gpu_amcl_cpp_node-6] [INFO] [1789012986.439764377] [gpu_amcl_cpp]: AMCL local correction: odom_prediction=(1.138, 1.366, -1.377) scan=(1.136, 1.420, -1.380) correction=0.054 m/0.003 rad cluster_weight=0.950 publish=true
[gpu_amcl_cpp_node-6] [INFO] [1789012986.832959660] [gpu_amcl_cpp]: AMCL odom delta: at_scan=(3.693, 0.217, 0.084) baseline=(3.444, 0.194, 0.101) delta=(0.249, 0.023, -0.018) moved=true scan_age=0.050s
[ground_truth_amcl_monitor-7] [INFO] [1789012987.283471327] [ground_truth_amcl_monitor]: AMCL vs GT: gt=(1.344, -2.895) amcl=(1.397, -2.659) error=0.242 m / 0.010 rad; current_map=(1.351, -2.887, -1.777) error=0.010 m / 0.000 rad; odom=(0.913, -2.611, -1.777) error=0.516 m / 0.000 rad; ekf=(0.913, -2.611, -1.777) error=0.516 m / 0.000 rad; RMS=0.116 m / 0.026 rad max=0.674 m / 0.130 rad samples=3216
[component_container-9] [INFO] [1789012987.480825745] [pure_pursuit_node]: Pure Pursuit: pose=(1.133, -4.085, -1.694) cte=-0.004 closest=364 target=416 path_dist=0.004 heading_err=-0.028 steer=-0.055 speed=5.737
[gpu_amcl_cpp_node-6] [INFO] [1789012987.489048053] [gpu_amcl_cpp]: AMCL local correction: odom_prediction=(1.167, -3.818, -1.757) scan=(1.165, -3.812, -1.761) correction=0.007 m/0.004 rad cluster_weight=0.953 publish=true
[gpu_amcl_cpp_node-6] [INFO] [1789012987.835786844] [gpu_amcl_cpp]: AMCL odom delta: at_scan=(8.653, -0.456, -0.208) baseline=(8.392, -0.402, -0.201) delta=(0.261, -0.054, -0.007) moved=true scan_age=0.052s
[ground_truth_amcl_monitor-7] [INFO] [1789012988.308458891] [ground_truth_amcl_monitor]: AMCL vs GT: gt=(0.355, -7.594) amcl=(0.418, -7.369) error=0.234 m / 0.014 rad; current_map=(0.372, -7.560, -1.803) error=0.038 m / 0.000 rad; odom=(-0.092, -7.389, -1.803) error=0.492 m / 0.000 rad; ekf=(-0.092, -7.389, -1.803) error=0.492 m / 0.000 rad; RMS=0.117 m / 0.026 rad max=0.674 m / 0.130 rad samples=3256
[component_container-9] [INFO] [1789012988.505974062] [pure_pursuit_node]: Pure Pursuit: pose=(0.180, -8.450, -1.750) cte=-0.010 closest=587 target=635 path_dist=0.010 heading_err=-0.136 steer=-0.201 speed=2.971
[gpu_amcl_cpp_node-6] [INFO] [1789012988.513980414] [gpu_amcl_cpp]: AMCL local correction: odom_prediction=(0.212, -8.285, -1.778) scan=(0.209, -8.284, -1.781) correction=0.003 m/0.003 rad cluster_weight=0.982 publish=true
[gpu_amcl_cpp_node-6] [INFO] [1789012988.858953192] [gpu_amcl_cpp]: AMCL odom delta: at_scan=(12.220, -1.359, -0.505) baseline=(12.132, -1.313, -0.453) delta=(0.088, -0.046, -0.052) moved=true scan_age=0.050s
[ground_truth_amcl_monitor-7] [INFO] [1789012989.309703452] [ground_truth_amcl_monitor]: AMCL vs GT: gt=(-0.810, -9.993) amcl=(-0.686, -9.906) error=0.151 m / 0.080 rad; current_map=(-0.792, -9.967, -2.658) error=0.031 m / 0.000 rad; odom=(-1.277, -9.812, -2.658) error=0.501 m / 0.000 rad; ekf=(-1.171, -9.751, -2.578) error=0.434 m / 0.080 rad; RMS=0.117 m / 0.026 rad max=0.674 m / 0.130 rad samples=3296
[component_container-9] [INFO] [1789012989.509038080] [pure_pursuit_node]: Pure Pursuit: pose=(-1.385, -10.124, -3.118) cte=-0.016 closest=710 target=755 path_dist=0.016 heading_err=-0.014 steer=-0.290 speed=2.497
[gpu_amcl_cpp_node-6] [INFO] [1789012989.517778080] [gpu_amcl_cpp]: AMCL local correction: odom_prediction=(-1.262, -10.116, -3.029) scan=(-1.252, -10.115, -3.009) correction=0.011 m/0.020 rad cluster_weight=0.999 publish=true
[gpu_amcl_cpp_node-6] [INFO] [1789012989.882752092] [gpu_amcl_cpp]: AMCL odom delta: at_scan=(12.887, -3.430, -2.192) baseline=(12.955, -3.324, -2.095) delta=(-0.069, -0.106, -0.097) moved=true scan_age=0.050s
[gpu_amcl_cpp_node-6] [INFO] [1789012990.086617277] [gpu_amcl_cpp]: AMCL scan update #1677 completed; evaluating pose confidence.
[gpu_amcl_cpp_node-6] [INFO] [1789012990.308021954] [gpu_amcl_cpp]: Received LiDAR callback #1681 (1081 ranges).
[gpu_amcl_cpp_node-6] [INFO] [1789012990.308093849] [gpu_amcl_cpp]: Starting AMCL scan update #1681 (sampled from 1081 ranges).
[ground_truth_amcl_monitor-7] [INFO] [1789012990.318742102] [ground_truth_amcl_monitor]: AMCL vs GT: gt=(-2.822, -8.960) amcl=(-2.829, -8.929) error=0.032 m / 0.000 rad; current_map=(-2.832, -8.926, 1.955) error=0.036 m / 0.000 rad; odom=(-3.323, -8.777, 1.955) error=0.533 m / 0.000 rad; ekf=(-3.323, -8.777, 1.955) error=0.533 m / 0.000 rad; RMS=0.117 m / 0.027 rad max=0.674 m / 0.143 rad samples=3335
[component_container-9] [INFO] [1789012990.555558775] [pure_pursuit_node]: Pure Pursuit: pose=(-3.114, -7.847, 1.698) cte=-0.012 closest=864 target=913 path_dist=0.012 heading_err=0.019 steer=-0.048 speed=4.480
[gpu_amcl_cpp_node-6] [INFO] [1789012990.564116984] [gpu_amcl_cpp]: AMCL local correction: odom_prediction=(-3.081, -8.045, 1.745) scan=(-3.081, -8.055, 1.758) correction=0.010 m/0.013 rad cluster_weight=0.985 publish=true
[gpu_amcl_cpp_node-6] [INFO] [1789012990.908577714] [gpu_amcl_cpp]: AMCL odom delta: at_scan=(9.492, -4.452, 3.084) baseline=(9.737, -4.460, 3.130) delta=(-0.245, 0.009, -0.046) moved=true scan_age=0.050s
[ground_truth_amcl_monitor-7] [INFO] [1789012991.357629499] [ground_truth_amcl_monitor]: AMCL vs GT: gt=(-2.720, -4.327) amcl=(-2.800, -4.589) error=0.274 m / 0.029 rad; current_map=(-2.724, -4.349, 1.249) error=0.022 m / 0.000 rad; odom=(-3.205, -4.114, 1.249) error=0.530 m / 0.000 rad; ekf=(-3.281, -4.353, 1.278) error=0.562 m / 0.029 rad; RMS=0.117 m / 0.027 rad max=0.674 m / 0.143 rad samples=3376
[component_container-9] [INFO] [1789012991.555650674] [pure_pursuit_node]: Pure Pursuit: pose=(-2.335, -3.051, 1.382) cte=-0.016 closest=1109 target=1161 path_dist=0.016 heading_err=-0.080 steer=-0.086 speed=6.130
[gpu_amcl_cpp_node-6] [INFO] [1789012991.564855366] [gpu_amcl_cpp]: AMCL local correction: odom_prediction=(-2.391, -3.319, 1.324) scan=(-2.397, -3.351, 1.302) correction=0.032 m/0.021 rad cluster_weight=0.945 publish=true
[gpu_amcl_cpp_node-6] [WARN] [1789012991.808468792] [gpu_amcl_cpp]: Queued LiDAR scan until source-time odometry arrives (queued=1).
[gpu_amcl_cpp_node-6] [INFO] [1789012991.963647708] [gpu_amcl_cpp]: AMCL odom delta: at_scan=(3.913, -3.041, 2.881) baseline=(4.193, -3.117, 2.871) delta=(-0.279, 0.076, 0.010) moved=true scan_age=0.055s
[ground_truth_amcl_monitor-7] [INFO] [1789012992.389961465] [ground_truth_amcl_monitor]: AMCL vs GT: gt=(-1.368, 0.701) amcl=(-1.393, 0.567) error=0.136 m / 0.022 rad; current_map=(-1.359, 0.752, 1.402) error=0.052 m / 0.000 rad; odom=(-1.832, 1.017, 1.402) error=0.562 m / 0.000 rad; ekf=(-1.832, 1.017, 1.402) error=0.562 m / 0.000 rad; RMS=0.118 m / 0.027 rad max=0.674 m / 0.143 rad samples=3416
[component_container-9] [INFO] [1789012992.559618054] [pure_pursuit_node]: Pure Pursuit: pose=(-1.258, 1.508, 1.439) cte=0.043 closest=1343 target=1390 path_dist=0.043 heading_err=0.016 steer=0.089 speed=3.135
[gpu_amcl_cpp_node-6] [INFO] [1789012992.568038514] [gpu_amcl_cpp]: AMCL local correction: odom_prediction=(-1.282, 1.347, 1.490) scan=(-1.286, 1.348, 1.482) correction=0.004 m/0.008 rad cluster_weight=0.951 publish=true
[gpu_amcl_cpp_node-6] [INFO] [1789012992.983687267] [gpu_amcl_cpp]: AMCL odom delta: at_scan=(0.241, -2.521, -3.041) baseline=(0.368, -2.512, -3.104) delta=(-0.127, -0.009, 0.063) moved=true scan_age=0.050s
[ground_truth_amcl_monitor-7] [INFO] [1789012993.396558727] [ground_truth_amcl_monitor]: AMCL vs GT: gt=(-1.486, 3.303) amcl=(-1.473, 3.324) error=0.025 m / 0.000 rad; current_map=(-1.473, 3.325, 2.114) error=0.026 m / 0.000 rad; odom=(-1.951, 3.603, 2.114) error=0.554 m / 0.000 rad; ekf=(-1.951, 3.603, 2.114) error=0.554 m / 0.000 rad; RMS=0.118 m / 0.027 rad max=0.674 m / 0.143 rad samples=3455
[component_container-9] [INFO] [1789012993.584736842] [pure_pursuit_node]: Pure Pursuit: pose=(-1.772, 3.655, 2.494) cte=-0.028 closest=1457 target=1500 path_dist=0.028 heading_err=-0.095 steer=0.352 speed=1.820
[gpu_amcl_cpp_node-6] [INFO] [1789012993.593381734] [gpu_amcl_cpp]: AMCL local correction: odom_prediction=(-1.701, 3.600, 2.416) scan=(-1.700, 3.609, 2.397) correction=0.010 m/0.019 rad cluster_weight=0.986 publish=true
[gpu_amcl_cpp_node-6] [INFO] [1789012994.009110128] [gpu_amcl_cpp]: AMCL odom delta: at_scan=(-0.962, -3.695, -1.447) baseline=(-0.968, -3.602, -1.559) delta=(0.006, -0.093, 0.112) moved=true scan_age=0.049s
[ground_truth_amcl_monitor-7] [INFO] [1789012994.435178919] [ground_truth_amcl_monitor]: AMCL vs GT: gt=(-2.973, 3.401) amcl=(-2.930, 3.467) error=0.079 m / 0.092 rad; current_map=(-2.986, 3.383, -2.109) error=0.022 m / 0.000 rad; odom=(-3.530, 3.684, -2.109) error=0.625 m / 0.000 rad; ekf=(-3.530, 3.684, -2.109) error=0.625 m / 0.000 rad; RMS=0.118 m / 0.028 rad max=0.674 m / 0.147 rad samples=3494
[component_container-9] [INFO] [1789012994.586028760] [pure_pursuit_node]: Pure Pursuit: pose=(-3.133, 2.975, -1.810) cte=0.036 closest=1552 target=1596 path_dist=0.036 heading_err=0.069 steer=0.096 speed=2.811
[gpu_amcl_cpp_node-6] [INFO] [1789012994.594118779] [gpu_amcl_cpp]: AMCL local correction: odom_prediction=(-3.097, 3.086, -1.878) scan=(-3.086, 3.080, -1.885) correction=0.012 m/0.007 rad cluster_weight=0.947 publish=true
[gpu_amcl_cpp_node-6] [INFO] [1789012995.015462429] [gpu_amcl_cpp]: AMCL odom delta: at_scan=(0.978, -4.634, -0.097) baseline=(0.802, -4.617, -0.097) delta=(0.176, -0.017, -0.000) moved=true scan_age=0.052s
[gpu_amcl_cpp_node-6] [INFO] [1789012995.135184936] [gpu_amcl_cpp]: AMCL scan update #1775 completed; evaluating pose confidence.
[gpu_amcl_cpp_node-6] [INFO] [1789012995.332708260] [gpu_amcl_cpp]: Received LiDAR callback #1779 (1081 ranges).
[gpu_amcl_cpp_node-6] [INFO] [1789012995.332774344] [gpu_amcl_cpp]: Starting AMCL scan update #1779 (sampled from 1081 ranges).
[ground_truth_amcl_monitor-7] [INFO] [1789012995.444596137] [ground_truth_amcl_monitor]: AMCL vs GT: gt=(-3.462, 0.587) amcl=(-3.450, 0.626) error=0.040 m / 0.000 rad; current_map=(-3.454, 0.626, -1.904) error=0.040 m / 0.000 rad; odom=(-4.025, 0.874, -1.904) error=0.632 m / 0.000 rad; ekf=(-4.025, 0.874, -1.904) error=0.632 m / 0.000 rad; RMS=0.118 m / 0.028 rad max=0.674 m / 0.147 rad samples=3533
[component_container-9] [INFO] [1789012995.632822405] [pure_pursuit_node]: Pure Pursuit: pose=(-3.645, 0.181, -2.113) cte=0.018 closest=1696 target=1739 path_dist=0.018 heading_err=-0.019 steer=-0.234 speed=1.970
[gpu_amcl_cpp_node-6] [INFO] [1789012995.640895813] [gpu_amcl_cpp]: AMCL local correction: odom_prediction=(-3.596, 0.265, -2.061) scan=(-3.593, 0.267, -2.046) correction=0.004 m/0.015 rad cluster_weight=0.985 publish=true
[gpu_amcl_cpp_node-6] [INFO] [1789012996.059325504] [gpu_amcl_cpp]: AMCL odom delta: at_scan=(3.229, -5.545, -1.060) baseline=(3.177, -5.460, -0.986) delta=(0.052, -0.085, -0.074) moved=true scan_age=0.050s
[ground_truth_amcl_monitor-7] [INFO] [1789012996.483316959] [ground_truth_amcl_monitor]: AMCL vs GT: gt=(-4.936, -0.451) amcl=(-4.830, -0.488) error=0.112 m / 0.100 rad; current_map=(-4.923, -0.466, 2.858) error=0.019 m / 0.000 rad; odom=(-5.534, -0.176, 2.858) error=0.658 m / 0.000 rad; ekf=(-5.534, -0.176, 2.858) error=0.658 m / 0.000 rad; RMS=0.117 m / 0.028 rad max=0.674 m / 0.147 rad samples=3572
[component_container-9] [INFO] [1789012996.633856599] [pure_pursuit_node]: Pure Pursuit: pose=(-5.264, -0.283, 2.477) cte=-0.023 closest=1791 target=1835 path_dist=0.023 heading_err=-0.088 steer=-0.253 speed=2.194
[gpu_amcl_cpp_node-6] [INFO] [1789012996.643943437] [gpu_amcl_cpp]: AMCL local correction: odom_prediction=(-5.181, -0.337, 2.568) scan=(-5.168, -0.351, 2.587) correction=0.020 m/0.019 rad cluster_weight=0.983 publish=true
[gpu_amcl_cpp_node-6] [INFO] [1789012997.090516382] [gpu_amcl_cpp]: AMCL odom delta: at_scan=(2.348, -7.211, -2.803) baseline=(2.493, -7.155, -2.747) delta=(-0.145, -0.056, -0.056) moved=true scan_age=0.051s
[ground_truth_amcl_monitor-7] [INFO] [1789012997.510732380] [ground_truth_amcl_monitor]: AMCL vs GT: gt=(-6.115, 2.016) amcl=(-6.079, 1.786) error=0.233 m / 0.030 rad; current_map=(-6.103, 1.988, 1.671) error=0.031 m / 0.000 rad; odom=(-6.715, 2.283, 1.671) error=0.657 m / 0.000 rad; ekf=(-6.715, 2.283, 1.671) error=0.657 m / 0.000 rad; RMS=0.117 m / 0.029 rad max=0.674 m / 0.147 rad samples=3612
[component_container-9] [INFO] [1789012997.657121337] [pure_pursuit_node]: Pure Pursuit: pose=(-6.165, 2.867, 1.624) cte=-0.008 closest=1958 target=2008 path_dist=0.008 heading_err=-0.017 steer=-0.064 speed=4.871
[gpu_amcl_cpp_node-6] [INFO] [1789012997.664938565] [gpu_amcl_cpp]: AMCL local correction: odom_prediction=(-6.151, 2.632, 1.628) scan=(-6.150, 2.601, 1.629) correction=0.031 m/0.002 rad cluster_weight=0.965 publish=true
[gpu_amcl_cpp_node-6] [INFO] [1789012998.111325953] [gpu_amcl_cpp]: AMCL odom delta: at_scan=(-1.930, -7.426, 2.976) baseline=(-1.704, -7.461, 3.002) delta=(-0.227, 0.035, -0.026) moved=true scan_age=0.052s
[ground_truth_amcl_monitor-7] [INFO] [1789012998.533526039] [ground_truth_amcl_monitor]: AMCL vs GT: gt=(-5.550, 6.179) amcl=(-5.595, 6.036) error=0.151 m / 0.031 rad; current_map=(-5.538, 6.149, 1.088) error=0.032 m / 0.000 rad; odom=(-6.139, 6.453, 1.088) error=0.650 m / 0.000 rad; ekf=(-6.139, 6.453, 1.088) error=0.650 m / 0.000 rad; RMS=0.118 m / 0.029 rad max=0.674 m / 0.147 rad samples=3652
[component_container-9] [INFO] [1789012998.682443214] [pure_pursuit_node]: Pure Pursuit: pose=(-5.237, 6.624, 0.920) cte=-0.005 closest=2154 target=2200 path_dist=0.005 heading_err=0.034 steer=-0.144 speed=2.856
[gpu_amcl_cpp_node-6] [INFO] [1789012998.690040468] [gpu_amcl_cpp]: AMCL local correction: odom_prediction=(-5.318, 6.513, 0.957) scan=(-5.327, 6.515, 0.967) correction=0.010 m/0.010 rad cluster_weight=0.996 publish=true
[gpu_amcl_cpp_node-6] [INFO] [1789012999.134964451] [gpu_amcl_cpp]: AMCL odom delta: at_scan=(-4.510, -5.726, 2.015) baseline=(-4.437, -5.866, 2.082) delta=(-0.073, 0.140, -0.066) moved=true scan_age=0.050s
[ground_truth_amcl_monitor-7] [INFO] [1789012999.534383246] [ground_truth_amcl_monitor]: AMCL vs GT: gt=(-3.047, 7.627) amcl=(-3.249, 7.628) error=0.202 m / 0.074 rad; current_map=(-3.080, 7.619, -0.089) error=0.033 m / 0.000 rad; odom=(-3.619, 7.900, -0.089) error=0.633 m / 0.000 rad; ekf=(-3.619, 7.900, -0.089) error=0.633 m / 0.000 rad; RMS=0.119 m / 0.029 rad max=0.674 m / 0.147 rad samples=3692
[component_container-9] [INFO] [1789012999.682823576] [pure_pursuit_node]: Pure Pursuit: pose=(-2.396, 7.470, -0.359) cte=-0.034 closest=2312 target=2359 path_dist=0.034 heading_err=0.003 steer=-0.129 speed=3.821
[gpu_amcl_cpp_node-6] [INFO] [1789012999.690787519] [gpu_amcl_cpp]: AMCL local correction: odom_prediction=(-2.558, 7.531, -0.305) scan=(-2.562, 7.540, -0.296) correction=0.010 m/0.008 rad cluster_weight=0.948 publish=true
[gpu_amcl_cpp_node-6] [INFO] [1789013000.158715246] [gpu_amcl_cpp]: AMCL odom delta: at_scan=(-3.602, -2.416, 0.723) baseline=(-3.770, -2.569, 0.758) delta=(0.168, 0.154, -0.036) moved=true scan_age=0.049s
[gpu_amcl_cpp_node-6] [INFO] [1789013000.159562757] [gpu_amcl_cpp]: AMCL scan update #1873 completed; evaluating pose confidence.
[gpu_amcl_cpp_node-6] [INFO] [1789013000.360119541] [gpu_amcl_cpp]: Received LiDAR callback #1877 (1081 ranges).
[gpu_amcl_cpp_node-6] [INFO] [1789013000.360192188] [gpu_amcl_cpp]: Starting AMCL scan update #1877 (sampled from 1081 ranges).
[ground_truth_amcl_monitor-7] [INFO] [1789013000.543569836] [ground_truth_amcl_monitor]: AMCL vs GT: gt=(-0.095, 5.010) amcl=(-0.099, 5.030) error=0.020 m / 0.000 rad; current_map=(-0.096, 5.035, -1.103) error=0.026 m / 0.000 rad; odom=(-0.644, 5.251, -1.103) error=0.600 m / 0.000 rad; ekf=(-0.644, 5.251, -1.103) error=0.600 m / 0.000 rad; RMS=0.119 m / 0.029 rad max=0.674 m / 0.147 rad samples=3731
[component_container-9] [INFO] [1789013000.731090865] [pure_pursuit_node]: Pure Pursuit: pose=(0.436, 3.873, -1.218) cte=-0.050 closest=2546 target=11 path_dist=0.050 heading_err=0.002 steer=-0.051 speed=4.937
[gpu_amcl_cpp_node-6] [INFO] [1789013000.739983131] [gpu_amcl_cpp]: AMCL local correction: odom_prediction=(0.349, 4.086, -1.174) scan=(0.345, 4.107, -1.174) correction=0.022 m/0.000 rad cluster_weight=0.934 publish=true
[gpu_amcl_cpp_node-6] [INFO] [1789013001.182394621] [gpu_amcl_cpp]: AMCL odom delta: at_scan=(1.037, -0.338, 0.240) baseline=(0.768, -0.408, 0.269) delta=(0.269, 0.070, -0.029) moved=true scan_age=0.050s
[ground_truth_amcl_monitor-7] [INFO] [1789013001.547150697] [ground_truth_amcl_monitor]: AMCL vs GT: gt=(1.377, 0.078) amcl=(1.336, 0.158) error=0.089 m / 0.000 rad; current_map=(1.343, 0.166, -1.426) error=0.094 m / 0.000 rad; odom=(0.831, 0.282, -1.426) error=0.583 m / 0.000 rad; ekf=(0.831, 0.282, -1.426) error=0.583 m / 0.000 rad; RMS=0.120 m / 0.029 rad max=0.674 m / 0.147 rad samples=3771
[component_container-9] [INFO] [1789013001.732765828] [pure_pursuit_node]: Pure Pursuit: pose=(1.420, -1.018, -1.542) cte=-0.057 closest=210 target=259 path_dist=0.057 heading_err=-0.010 steer=-0.084 speed=5.146
[gpu_amcl_cpp_node-6] [INFO] [1789013001.741126466] [gpu_amcl_cpp]: AMCL local correction: odom_prediction=(1.422, -0.855, -1.543) scan=(1.439, -0.847, -1.538) correction=0.019 m/0.005 rad cluster_weight=0.929 publish=true
[gpu_amcl_cpp_node-6] [WARN] [1789013002.146028981] [gpu_amcl_cpp]: No local AMCL cluster near odometry prediction; using causal odometry pose.
[gpu_amcl_cpp_node-6] [INFO] [1789013002.189440611] [gpu_amcl_cpp]: AMCL odom delta: at_scan=(5.990, -0.019, -0.138) baseline=(5.743, 0.012, -0.114) delta=(0.247, -0.031, -0.024) moved=true scan_age=0.050s
[ground_truth_amcl_monitor-7] [INFO] [1789013002.559401682] [ground_truth_amcl_monitor]: AMCL vs GT: gt=(1.060, -4.827) amcl=(1.111, -4.550) error=0.281 m / 0.000 rad; current_map=(1.073, -4.783, -1.731) error=0.045 m / 0.000 rad; odom=(0.506, -4.689, -1.731) error=0.571 m / 0.000 rad; ekf=(0.506, -4.689, -1.731) error=0.571 m / 0.000 rad; RMS=0.121 m / 0.029 rad max=0.674 m / 0.147 rad samples=3810
[component_container-9] [INFO] [1789013002.757009942] [pure_pursuit_node]: Pure Pursuit: pose=(0.860, -5.976, -1.726) cte=-0.076 closest=459 target=510 path_dist=0.076 heading_err=-0.052 steer=-0.120 speed=4.152
[gpu_amcl_cpp_node-6] [INFO] [1789013002.765951310] [gpu_amcl_cpp]: AMCL local correction: odom_prediction=(0.900, -5.737, -1.769) scan=(0.900, -5.727, -1.772) correction=0.010 m/0.004 rad cluster_weight=0.926 publish=true
[gpu_amcl_cpp_node-6] [INFO] [1789013003.232980798] [gpu_amcl_cpp]: AMCL odom delta: at_scan=(10.685, -0.933, -0.292) baseline=(10.431, -0.861, -0.264) delta=(0.254, -0.072, -0.028) moved=true scan_age=0.050s
[ground_truth_amcl_monitor-7] [INFO] [1789013003.584897120] [ground_truth_amcl_monitor]: AMCL vs GT: gt=(0.020, -8.850) amcl=(0.089, -8.663) error=0.200 m / 0.006 rad; current_map=(0.039, -8.807, -1.911) error=0.048 m / 0.000 rad; odom=(-0.540, -8.716, -1.911) error=0.576 m / 0.000 rad; ekf=(-0.489, -8.572, -1.905) error=0.580 m / 0.006 rad; RMS=0.122 m / 0.029 rad max=0.674 m / 0.147 rad samples=3850
[component_container-9] [INFO] [1789013003.782129856] [pure_pursuit_node]: Pure Pursuit: pose=(-0.209, -9.380, -2.066) cte=-0.025 closest=638 target=682 path_dist=0.025 heading_err=-0.037 steer=-0.255 speed=2.504
[gpu_amcl_cpp_node-6] [INFO] [1789013003.791033964] [gpu_amcl_cpp]: AMCL local correction: odom_prediction=(-0.151, -9.273, -2.041) scan=(-0.153, -9.274, -2.037) correction=0.002 m/0.005 rad cluster_weight=0.996 publish=true
[gpu_amcl_cpp_node-6] [INFO] [1789013004.255923136] [gpu_amcl_cpp]: AMCL odom delta: at_scan=(13.124, -2.355, -1.232) baseline=(13.079, -2.244, -1.137) delta=(0.045, -0.111, -0.096) moved=true scan_age=0.049s
[ground_truth_amcl_monitor-7] [INFO] [1789013004.610032737] [ground_truth_amcl_monitor]: AMCL vs GT: gt=(-1.793, -10.095) amcl=(-1.680, -10.095) error=0.114 m / 0.095 rad; current_map=(-1.799, -10.059, 2.802) error=0.036 m / 0.000 rad; odom=(-2.396, -9.967, 2.802) error=0.616 m / 0.000 rad; ekf=(-2.277, -10.003, 2.898) error=0.492 m / 0.095 rad; RMS=0.122 m / 0.029 rad max=0.674 m / 0.147 rad samples=3890
[component_container-9] [INFO] [1789013004.807791031] [pure_pursuit_node]: Pure Pursuit: pose=(-2.320, -9.729, 2.366) cte=-0.032 closest=761 target=806 path_dist=0.032 heading_err=-0.032 steer=-0.180 speed=2.805
[gpu_amcl_cpp_node-6] [INFO] [1789013004.816618867] [gpu_amcl_cpp]: AMCL local correction: odom_prediction=(-2.225, -9.816, 2.444) scan=(-2.221, -9.821, 2.456) correction=0.006 m/0.012 rad cluster_weight=0.970 publish=true
[gpu_amcl_cpp_node-6] [INFO] [1789013005.190692464] [gpu_amcl_cpp]: AMCL scan update #1971 completed; evaluating pose confidence.
[gpu_amcl_cpp_node-6] [INFO] [1789013005.308612292] [gpu_amcl_cpp]: AMCL odom delta: at_scan=(11.609, -4.359, -2.843) baseline=(11.835, -4.283, -2.791) delta=(-0.225, -0.076, -0.051) moved=true scan_age=0.052s
[gpu_amcl_cpp_node-6] [INFO] [1789013005.410549722] [gpu_amcl_cpp]: Received LiDAR callback #1975 (1081 ranges).
[gpu_amcl_cpp_node-6] [INFO] [1789013005.410614784] [gpu_amcl_cpp]: Starting AMCL scan update #1975 (sampled from 1081 ranges).
[ground_truth_amcl_monitor-7] [INFO] [1789013005.620299953] [ground_truth_amcl_monitor]: AMCL vs GT: gt=(-3.149, -7.398) amcl=(-3.141, -7.379) error=0.020 m / 0.000 rad; current_map=(-3.138, -7.372, 1.594) error=0.028 m / 0.000 rad; odom=(-3.739, -7.282, 1.594) error=0.602 m / 0.000 rad; ekf=(-3.739, -7.282, 1.594) error=0.602 m / 0.000 rad; RMS=0.122 m / 0.029 rad max=0.674 m / 0.147 rad samples=3927
[component_container-9] [INFO] [1789013005.807841084] [pure_pursuit_node]: Pure Pursuit: pose=(-3.149, -6.210, 1.550) cte=-0.034 closest=946 target=997 path_dist=0.034 heading_err=-0.087 steer=-0.148 speed=4.109
[gpu_amcl_cpp_node-6] [INFO] [1789013005.865820978] [gpu_amcl_cpp]: AMCL local correction: odom_prediction=(-3.138, -6.214, 1.531) scan=(-3.136, -6.233, 1.534) correction=0.019 m/0.003 rad cluster_weight=0.970 publish=true
[gpu_amcl_cpp_node-6] [INFO] [1789013006.335491513] [gpu_amcl_cpp]: AMCL odom delta: at_scan=(7.120, -4.045, 2.819) baseline=(7.363, -4.123, 2.840) delta=(-0.243, 0.078, -0.021) moved=true scan_age=0.050s
[ground_truth_amcl_monitor-7] [INFO] [1789013006.658423037] [ground_truth_amcl_monitor]: AMCL vs GT: gt=(-2.188, -2.458) amcl=(-2.239, -2.731) error=0.278 m / 0.014 rad; current_map=(-2.170, -2.439, 1.330) error=0.026 m / 0.000 rad; odom=(-2.747, -2.221, 1.330) error=0.608 m / 0.000 rad; ekf=(-2.747, -2.221, 1.330) error=0.608 m / 0.000 rad; RMS=0.123 m / 0.029 rad max=0.674 m / 0.147 rad samples=3966
[component_container-9] [INFO] [1789013006.808116655] [pure_pursuit_node]: Pure Pursuit: pose=(-1.833, -1.275, 1.276) cte=0.017 closest=1201 target=1255 path_dist=0.017 heading_err=0.052 steer=0.064 speed=5.139
[gpu_amcl_cpp_node-6] [INFO] [1789013006.868158151] [gpu_amcl_cpp]: AMCL local correction: odom_prediction=(-1.843, -1.277, 1.309) scan=(-1.839, -1.269, 1.295) correction=0.009 m/0.014 rad cluster_weight=0.952 publish=true
[gpu_amcl_cpp_node-6] [INFO] [1789013007.356956563] [gpu_amcl_cpp]: AMCL odom delta: at_scan=(2.139, -2.755, 2.983) baseline=(2.324, -2.787, 2.963) delta=(-0.185, 0.032, 0.020) moved=true scan_age=0.049s
[ground_truth_amcl_monitor-7] [INFO] [1789013007.663323567] [ground_truth_amcl_monitor]: AMCL vs GT: gt=(-1.269, 1.824) amcl=(-1.279, 1.712) error=0.112 m / 0.009 rad; current_map=(-1.262, 1.881, 1.474) error=0.058 m / 0.000 rad; odom=(-1.821, 2.102, 1.474) error=0.619 m / 0.000 rad; ekf=(-1.821, 2.102, 1.474) error=0.619 m / 0.000 rad; RMS=0.123 m / 0.029 rad max=0.674 m / 0.147 rad samples=4004
[component_container-9] [INFO] [1789013007.829901999] [pure_pursuit_node]: Pure Pursuit: pose=(-1.258, 2.522, 1.729) cte=0.023 closest=1394 target=1439 path_dist=0.023 heading_err=-0.049 steer=0.086 speed=1.968
[gpu_amcl_cpp_node-6] [INFO] [1789013007.891103834] [gpu_amcl_cpp]: AMCL local correction: odom_prediction=(-1.242, 2.534, 1.662) scan=(-1.240, 2.538, 1.653) correction=0.005 m/0.009 rad cluster_weight=0.971 publish=true
[gpu_amcl_cpp_node-6] [INFO] [1789013008.356968487] [gpu_amcl_cpp]: AMCL odom delta: at_scan=(-0.440, -2.867, -2.598) baseline=(-0.361, -2.822, -2.664) delta=(-0.080, -0.045, 0.065) moved=true scan_age=0.050s
[ground_truth_amcl_monitor-7] [INFO] [1789013008.670037777] [ground_truth_amcl_monitor]: AMCL vs GT: gt=(-1.888, 3.706) amcl=(-1.882, 3.743) error=0.037 m / 0.000 rad; current_map=(-1.883, 3.741, 2.632) error=0.035 m / 0.000 rad; odom=(-2.453, 3.980, 2.632) error=0.628 m / 0.000 rad; ekf=(-2.453, 3.980, 2.632) error=0.628 m / 0.000 rad; RMS=0.123 m / 0.029 rad max=0.674 m / 0.147 rad samples=4043
[component_container-9] [INFO] [1789013008.855633307] [pure_pursuit_node]: Pure Pursuit: pose=(-2.317, 3.856, -3.124) cte=0.001 closest=1488 target=1531 path_dist=0.001 heading_err=0.007 steer=0.418 speed=1.895
[gpu_amcl_cpp_node-6] [INFO] [1789013008.913851389] [gpu_amcl_cpp]: AMCL local correction: odom_prediction=(-2.318, 3.854, -3.122) scan=(-2.309, 3.866, -3.133) correction=0.015 m/0.011 rad cluster_weight=0.981 publish=true
[gpu_amcl_cpp_node-6] [INFO] [1789013009.383023736] [gpu_amcl_cpp]: AMCL odom delta: at_scan=(-0.479, -4.429, -0.522) baseline=(-0.593, -4.352, -0.653) delta=(0.115, -0.076, 0.131) moved=true scan_age=0.051s
[ground_truth_amcl_monitor-7] [INFO] [1789013009.686330216] [ground_truth_amcl_monitor]: AMCL vs GT: gt=(-3.184, 2.717) amcl=(-3.141, 2.816) error=0.108 m / 0.032 rad; current_map=(-3.166, 2.684, -1.740) error=0.038 m / 0.000 rad; odom=(-3.835, 2.972, -1.740) error=0.699 m / 0.000 rad; ekf=(-3.835, 2.972, -1.740) error=0.699 m / 0.000 rad; RMS=0.122 m / 0.030 rad max=0.674 m / 0.147 rad samples=4082
[component_container-9] [INFO] [1789013009.887437613] [pure_pursuit_node]: Pure Pursuit: pose=(-3.260, 1.901, -1.649) cte=0.029 closest=1606 target=1653 path_dist=0.029 heading_err=-0.044 steer=-0.018 speed=3.389
[gpu_amcl_cpp_node-6] [INFO] [1789013009.947930076] [gpu_amcl_cpp]: AMCL local correction: odom_prediction=(-3.259, 1.894, -1.656) scan=(-3.256, 1.904, -1.650) correction=0.011 m/0.006 rad cluster_weight=0.965 publish=true
[gpu_amcl_cpp_node-6] [INFO] [1789013010.209742306] [gpu_amcl_cpp]: AMCL scan update #2066 completed; evaluating pose confidence.
[gpu_amcl_cpp_node-6] [INFO] [1789013010.408166988] [gpu_amcl_cpp]: AMCL odom delta: at_scan=(2.382, -4.963, -0.368) baseline=(2.281, -4.927, -0.330) delta=(0.101, -0.037, -0.038) moved=true scan_age=0.050s
[gpu_amcl_cpp_node-6] [INFO] [1789013010.457937559] [gpu_amcl_cpp]: Received LiDAR callback #2071 (1081 ranges).
[gpu_amcl_cpp_node-6] [INFO] [1789013010.458010035] [gpu_amcl_cpp]: Starting AMCL scan update #2071 (sampled from 1081 ranges).
[ground_truth_amcl_monitor-7] [INFO] [1789013010.708161120] [ground_truth_amcl_monitor]: AMCL vs GT: gt=(-3.805, -0.024) amcl=(-3.725, 0.072) error=0.125 m / 0.070 rad; current_map=(-3.785, -0.007, -2.255) error=0.027 m / 0.000 rad; odom=(-4.463, 0.232, -2.255) error=0.706 m / 0.000 rad; ekf=(-4.463, 0.232, -2.255) error=0.706 m / 0.000 rad; RMS=0.122 m / 0.030 rad max=0.674 m / 0.147 rad samples=4122
[component_container-9] [INFO] [1789013010.906064121] [pure_pursuit_node]: Pure Pursuit: pose=(-4.139, -0.328, -2.606) cte=-0.006 closest=1732 target=1775 path_dist=0.006 heading_err=-0.077 steer=-0.305 speed=1.970
[gpu_amcl_cpp_node-6] [INFO] [1789013010.963971701] [gpu_amcl_cpp]: AMCL local correction: odom_prediction=(-4.142, -0.327, -2.610) scan=(-4.138, -0.333, -2.596) correction=0.008 m/0.014 rad cluster_weight=0.976 publish=true
[gpu_amcl_cpp_node-6] [INFO] [1789013011.433695448] [gpu_amcl_cpp]: AMCL odom delta: at_scan=(3.323, -6.510, -1.944) baseline=(3.355, -6.416, -1.846) delta=(-0.032, -0.094, -0.099) moved=true scan_age=0.049s
[ground_truth_amcl_monitor-7] [INFO] [1789013011.757197441] [ground_truth_amcl_monitor]: AMCL vs GT: gt=(-5.529, -0.005) amcl=(-5.418, -0.115) error=0.156 m / 0.106 rad; current_map=(-5.513, 0.001, 2.206) error=0.017 m / 0.000 rad; odom=(-6.231, 0.252, 2.206) error=0.748 m / 0.000 rad; ekf=(-6.135, 0.135, 2.311) error=0.623 m / 0.106 rad; RMS=0.122 m / 0.031 rad max=0.674 m / 0.147 rad samples=4162
[component_container-9] [INFO] [1789013011.907952577] [pure_pursuit_node]: Pure Pursuit: pose=(-5.766, 0.469, 1.930) cte=-0.049 closest=1836 target=1882 path_dist=0.049 heading_err=0.002 steer=-0.082 speed=3.397
[gpu_amcl_cpp_node-6] [INFO] [1789013011.964960768] [gpu_amcl_cpp]: AMCL local correction: odom_prediction=(-5.767, 0.473, 1.938) scan=(-5.767, 0.446, 1.938) correction=0.027 m/0.001 rad cluster_weight=0.945 publish=true
[gpu_amcl_cpp_node-6] [INFO] [1789013012.481173918] [gpu_amcl_cpp]: AMCL odom delta: at_scan=(0.529, -7.648, -3.048) baseline=(0.743, -7.626, -3.027) delta=(-0.214, -0.022, -0.022) moved=true scan_age=0.049s
[ground_truth_amcl_monitor-7] [INFO] [1789013012.785115626] [ground_truth_amcl_monitor]: AMCL vs GT: gt=(-6.155, 3.828) amcl=(-6.155, 3.532) error=0.296 m / 0.003 rad; current_map=(-6.147, 3.776, 1.535) error=0.053 m / 0.000 rad; odom=(-6.859, 3.844, 1.537) error=0.703 m / 0.003 rad; ekf=(-6.859, 3.844, 1.537) error=0.703 m / 0.003 rad; RMS=0.122 m / 0.031 rad max=0.674 m / 0.147 rad samples=4202
[component_container-9] [INFO] [1789013012.937217110] [pure_pursuit_node]: Pure Pursuit: pose=(-6.031, 4.711, 1.310) cte=-0.010 closest=2050 target=2100 path_dist=0.010 heading_err=0.062 steer=0.002 speed=4.259
[gpu_amcl_cpp_node-6] [INFO] [1789013012.997868232] [gpu_amcl_cpp]: AMCL local correction: odom_prediction=(-6.038, 4.713, 1.316) scan=(-6.057, 4.715, 1.330) correction=0.018 m/0.015 rad cluster_weight=0.980 publish=true
[gpu_amcl_cpp_node-6] [INFO] [1789013013.508784278] [gpu_amcl_cpp]: AMCL odom delta: at_scan=(-3.588, -6.870, 2.554) baseline=(-3.484, -6.938, 2.573) delta=(-0.105, 0.068, -0.020) moved=true scan_age=0.049s
[ground_truth_amcl_monitor-7] [INFO] [1789013013.809423546] [ground_truth_amcl_monitor]: AMCL vs GT: gt=(-4.812, 7.107) amcl=(-4.928, 6.993) error=0.163 m / 0.049 rad; current_map=(-4.815, 7.082, 0.644) error=0.025 m / 0.000 rad; odom=(-5.497, 7.360, 0.644) error=0.731 m / 0.000 rad; ekf=(-5.497, 7.360, 0.644) error=0.731 m / 0.000 rad; RMS=0.123 m / 0.031 rad max=0.674 m / 0.147 rad samples=4242
[component_container-9] [INFO] [1789013013.956101397] [pure_pursuit_node]: Pure Pursuit: pose=(-4.300, 7.399, 0.430) cte=-0.025 closest=2215 target=2262 path_dist=0.025 heading_err=0.013 steer=-0.156 speed=3.354
[gpu_amcl_cpp_node-6] [INFO] [1789013014.014087145] [gpu_amcl_cpp]: AMCL local correction: odom_prediction=(-4.300, 7.400, 0.415) scan=(-4.300, 7.404, 0.437) correction=0.005 m/0.022 rad cluster_weight=0.994 publish=true
[gpu_amcl_cpp_node-6] [INFO] [1789013014.556071440] [gpu_amcl_cpp]: AMCL odom delta: at_scan=(-4.583, -3.956, 1.238) baseline=(-4.634, -4.117, 1.288) delta=(0.051, 0.161, -0.050) moved=true scan_age=0.049s
[ground_truth_amcl_monitor-7] [INFO] [1789013014.817884377] [ground_truth_amcl_monitor]: AMCL vs GT: gt=(-1.669, 7.075) amcl=(-1.660, 7.081) error=0.011 m / 0.000 rad; current_map=(-1.662, 7.080, -0.656) error=0.009 m / 0.000 rad; odom=(-2.341, 7.313, -0.656) error=0.713 m / 0.000 rad; ekf=(-2.341, 7.313, -0.656) error=0.713 m / 0.000 rad; RMS=0.123 m / 0.031 rad max=0.674 m / 0.147 rad samples=4283
[component_container-9] [INFO] [1789013014.956854686] [pure_pursuit_node]: Pure Pursuit: pose=(-1.057, 6.518, -0.814) cte=-0.024 closest=2394 target=2443 path_dist=0.024 heading_err=-0.025 steer=-0.106 speed=4.719
[gpu_amcl_cpp_node-6] [INFO] [1789013015.014992690] [gpu_amcl_cpp]: AMCL local correction: odom_prediction=(-1.055, 6.515, -0.830) scan=(-1.060, 6.523, -0.828) correction=0.010 m/0.002 rad cluster_weight=0.971 publish=true
[gpu_amcl_cpp_node-6] [INFO] [1789013015.233089885] [gpu_amcl_cpp]: AMCL scan update #2164 completed; evaluating pose confidence.
[gpu_amcl_cpp_node-6] [INFO] [1789013015.483961989] [gpu_amcl_cpp]: Received LiDAR callback #2169 (1081 ranges).
[gpu_amcl_cpp_node-6] [INFO] [1789013015.484027573] [gpu_amcl_cpp]: Starting AMCL scan update #2169 (sampled from 1081 ranges).
[gpu_amcl_cpp_node-6] [INFO] [1789013015.585081969] [gpu_amcl_cpp]: AMCL odom delta: at_scan=(-1.016, -1.084, 0.319) baseline=(-1.272, -1.175, 0.364) delta=(0.256, 0.091, -0.045) moved=true scan_age=0.050s
[ground_truth_amcl_monitor-7] [INFO] [1789013015.836678154] [ground_truth_amcl_monitor]: AMCL vs GT: gt=(0.821, 2.669) amcl=(0.713, 2.928) error=0.281 m / 0.031 rad; current_map=(0.807, 2.659, -1.248) error=0.017 m / 0.000 rad; odom=(0.179, 2.833, -1.248) error=0.663 m / 0.000 rad; ekf=(0.179, 2.833, -1.248) error=0.663 m / 0.000 rad; RMS=0.123 m / 0.031 rad max=0.674 m / 0.147 rad samples=4322
[component_container-9] [INFO] [1789013015.986823597] [pure_pursuit_node]: Pure Pursuit: pose=(1.034, 1.643, -1.413) cte=0.001 closest=76 target=126 path_dist=0.001 heading_err=0.056 steer=0.028 speed=5.567
[gpu_amcl_cpp_node-6] [INFO] [1789013016.048061602] [gpu_amcl_cpp]: AMCL local correction: odom_prediction=(1.043, 1.631, -1.401) scan=(1.030, 1.647, -1.422) correction=0.020 m/0.021 rad cluster_weight=0.905 publish=true
[gpu_amcl_cpp_node-6] [WARN] [1789013016.113911066] [gpu_amcl_cpp]: No local AMCL cluster near odometry prediction; using causal odometry pose.
[gpu_amcl_cpp_node-6] [INFO] [1789013016.614262153] [gpu_amcl_cpp]: AMCL odom delta: at_scan=(4.255, -0.010, 0.020) baseline=(3.994, -0.014, 0.013) delta=(0.261, 0.004, 0.006) moved=true scan_age=0.054s
[ground_truth_amcl_monitor-7] [INFO] [1789013016.843594825] [ground_truth_amcl_monitor]: AMCL vs GT: gt=(1.370, -2.340) amcl=(1.364, -2.470) error=0.131 m / 0.000 rad; current_map=(1.363, -2.476, -1.689) error=0.136 m / 0.000 rad; odom=(0.733, -2.316, -1.689) error=0.638 m / 0.000 rad; ekf=(0.733, -2.316, -1.689) error=0.638 m / 0.000 rad; RMS=0.124 m / 0.031 rad max=0.674 m / 0.147 rad samples=4361
[component_container-9] [INFO] [1789013017.030836995] [pure_pursuit_node]: Pure Pursuit: pose=(1.190, -3.890, -1.657) cte=-0.032 closest=354 target=407 path_dist=0.032 heading_err=-0.057 steer=-0.087 speed=5.693
[gpu_amcl_cpp_node-6] [INFO] [1789013017.088120114] [gpu_amcl_cpp]: AMCL local correction: odom_prediction=(1.179, -3.867, -1.712) scan=(1.196, -3.794, -1.709) correction=0.075 m/0.004 rad cluster_weight=0.920 publish=true
[gpu_amcl_cpp_node-6] [INFO] [1789013017.658586487] [gpu_amcl_cpp]: AMCL odom delta: at_scan=(9.761, -0.731, -0.267) baseline=(9.576, -0.682, -0.246) delta=(0.184, -0.048, -0.021) moved=true scan_age=0.051s
[ground_truth_amcl_monitor-7] [INFO] [1789013017.860356877] [ground_truth_amcl_monitor]: AMCL vs GT: gt=(0.482, -7.303) amcl=(0.566, -7.070) error=0.247 m / 0.004 rad; current_map=(0.502, -7.252, -1.907) error=0.054 m / 0.000 rad; odom=(-0.161, -7.306, -1.907) error=0.644 m / 0.000 rad; ekf=(-0.161, -7.306, -1.907) error=0.644 m / 0.000 rad; RMS=0.124 m / 0.031 rad max=0.674 m / 0.147 rad samples=4400
[component_container-9] [INFO] [1789013018.062964069] [pure_pursuit_node]: Pure Pursuit: pose=(0.217, -8.198, -1.764) cte=0.030 closest=575 target=623 path_dist=0.030 heading_err=-0.092 steer=-0.100 speed=3.170
[gpu_amcl_cpp_node-6] [INFO] [1789013018.122798459] [gpu_amcl_cpp]: AMCL local correction: odom_prediction=(0.203, -8.186, -1.837) scan=(0.207, -8.173, -1.835) correction=0.014 m/0.002 rad cluster_weight=0.985 publish=true
[gpu_amcl_cpp_node-6] [WARN] [1789013018.282056035] [gpu_amcl_cpp]: Queued LiDAR scan until source-time odometry arrives (queued=1).
[gpu_amcl_cpp_node-6] [INFO] [1789013018.684014175] [gpu_amcl_cpp]: AMCL odom delta: at_scan=(12.813, -1.806, -0.671) baseline=(12.715, -1.733, -0.610) delta=(0.098, -0.073, -0.061) moved=true scan_age=0.050s
[ground_truth_amcl_monitor-7] [INFO] [1789013018.889140948] [ground_truth_amcl_monitor]: AMCL vs GT: gt=(-0.710, -9.967) amcl=(-0.585, -9.867) error=0.161 m / 0.089 rad; current_map=(-0.687, -9.938, -2.578) error=0.038 m / 0.000 rad; odom=(-1.366, -9.982, -2.578) error=0.656 m / 0.000 rad; ekf=(-1.264, -9.911, -2.489) error=0.557 m / 0.089 rad; RMS=0.125 m / 0.031 rad max=0.674 m / 0.147 rad samples=4440
[component_container-9] [INFO] [1789013019.107603683] [pure_pursuit_node]: Pure Pursuit: pose=(-1.301, -10.142, -3.076) cte=-0.037 closest=706 target=751 path_dist=0.037 heading_err=0.011 steer=-0.286 speed=2.416
[gpu_amcl_cpp_node-6] [INFO] [1789013019.166047192] [gpu_amcl_cpp]: AMCL local correction: odom_prediction=(-1.303, -10.140, -3.086) scan=(-1.304, -10.133, -3.066) correction=0.007 m/0.021 rad cluster_weight=0.999 publish=true
[gpu_amcl_cpp_node-6] [INFO] [1789013019.709361567] [gpu_amcl_cpp]: AMCL odom delta: at_scan=(12.757, -3.959, -2.477) baseline=(12.855, -3.877, -2.412) delta=(-0.097, -0.081, -0.065) moved=true scan_age=0.051s
[ground_truth_amcl_monitor-7] [INFO] [1789013019.908570380] [ground_truth_amcl_monitor]: AMCL vs GT: gt=(-2.770, -9.086) amcl=(-2.710, -9.190) error=0.120 m / 0.051 rad; current_map=(-2.779, -9.049, 2.001) error=0.037 m / 0.000 rad; odom=(-3.456, -9.103, 2.001) error=0.685 m / 0.000 rad; ekf=(-3.387, -9.244, 2.052) error=0.636 m / 0.051 rad; RMS=0.124 m / 0.031 rad max=0.674 m / 0.147 rad samples=4480
[component_container-9] [INFO] [1789013020.158572687] [pure_pursuit_node]: Pure Pursuit: pose=(-3.085, -8.014, 1.726) cte=-0.009 closest=856 target=904 path_dist=0.009 heading_err=0.013 steer=-0.045 speed=4.406
[gpu_amcl_cpp_node-6] [INFO] [1789013020.166918328] [gpu_amcl_cpp]: AMCL local correction: odom_prediction=(-3.047, -8.215, 1.778) scan=(-3.044, -8.235, 1.792) correction=0.020 m/0.014 rad cluster_weight=0.984 publish=true
[gpu_amcl_cpp_node-6] [INFO] [1789013020.261704758] [gpu_amcl_cpp]: AMCL scan update #2265 completed; evaluating pose confidence.
[gpu_amcl_cpp_node-6] [INFO] [1789013020.510555664] [gpu_amcl_cpp]: Received LiDAR callback #2270 (1081 ranges).
[gpu_amcl_cpp_node-6] [INFO] [1789013020.510632087] [gpu_amcl_cpp]: Starting AMCL scan update #2270 (sampled from 1081 ranges).
[gpu_amcl_cpp_node-6] [INFO] [1789013020.732732684] [gpu_amcl_cpp]: AMCL odom delta: at_scan=(8.749, -4.503, 2.958) baseline=(8.999, -4.548, 2.969) delta=(-0.250, 0.045, -0.011) moved=true scan_age=0.050s
[ground_truth_amcl_monitor-7] [INFO] [1789013020.935514807] [ground_truth_amcl_monitor]: AMCL vs GT: gt=(-2.795, -4.608) amcl=(-2.856, -4.862) error=0.261 m / 0.032 rad; current_map=(-2.782, -4.613, 1.268) error=0.013 m / 0.000 rad; odom=(-3.464, -4.600, 1.268) error=0.670 m / 0.000 rad; ekf=(-3.464, -4.600, 1.268) error=0.670 m / 0.000 rad; RMS=0.125 m / 0.031 rad max=0.674 m / 0.147 rad samples=4520
[gpu_amcl_cpp_node-6] [WARN] [1789013021.139951407] [gpu_amcl_cpp]: Queued LiDAR scan until source-time odometry arrives (queued=1).
[component_container-9] [INFO] [1789013021.206786273] [pure_pursuit_node]: Pure Pursuit: pose=(-2.305, -2.972, 1.265) cte=-0.008 closest=1113 target=1166 path_dist=0.008 heading_err=0.038 steer=0.038 speed=5.704
[gpu_amcl_cpp_node-6] [INFO] [1789013021.215012560] [gpu_amcl_cpp]: AMCL local correction: odom_prediction=(-2.397, -3.264, 1.349) scan=(-2.411, -3.281, 1.339) correction=0.022 m/0.011 rad cluster_weight=0.960 publish=true
[gpu_amcl_cpp_node-6] [INFO] [1789013021.758194131] [gpu_amcl_cpp]: AMCL odom delta: at_scan=(3.364, -3.029, 2.879) baseline=(3.591, -3.091, 2.869) delta=(-0.226, 0.062, 0.010) moved=true scan_age=0.050s
[ground_truth_amcl_monitor-7] [INFO] [1789013021.961856838] [ground_truth_amcl_monitor]: AMCL vs GT: gt=(-1.390, 0.483) amcl=(-1.420, 0.348) error=0.139 m / 0.037 rad; current_map=(-1.385, 0.518, 1.387) error=0.035 m / 0.000 rad; odom=(-2.044, 0.561, 1.387) error=0.658 m / 0.000 rad; ekf=(-2.078, 0.391, 1.351) error=0.695 m / 0.037 rad; RMS=0.126 m / 0.031 rad max=0.674 m / 0.147 rad samples=4560
[component_container-9] [INFO] [1789013022.213834277] [pure_pursuit_node]: Pure Pursuit: pose=(-1.255, 1.527, 1.440) cte=0.044 closest=1344 target=1391 path_dist=0.044 heading_err=0.018 steer=0.122 speed=3.123
[gpu_amcl_cpp_node-6] [INFO] [1789013022.221910432] [gpu_amcl_cpp]: AMCL local correction: odom_prediction=(-1.278, 1.363, 1.493) scan=(-1.280, 1.356, 1.492) correction=0.007 m/0.002 rad cluster_weight=0.951 publish=true
[gpu_amcl_cpp_node-6] [INFO] [1789013022.782405976] [gpu_amcl_cpp]: AMCL odom delta: at_scan=(0.186, -2.784, -2.877) baseline=(0.264, -2.765, -2.928) delta=(-0.078, -0.019, 0.051) moved=true scan_age=0.050s
[ground_truth_amcl_monitor-7] [INFO] [1789013022.984778502] [ground_truth_amcl_monitor]: AMCL vs GT: gt=(-1.429, 3.178) amcl=(-1.381, 3.132) error=0.066 m / 0.058 rad; current_map=(-1.416, 3.215, 2.004) error=0.039 m / 0.000 rad; odom=(-2.089, 3.267, 2.004) error=0.667 m / 0.000 rad; ekf=(-2.089, 3.267, 2.004) error=0.667 m / 0.000 rad; RMS=0.125 m / 0.031 rad max=0.674 m / 0.147 rad samples=4600
[component_container-9] [INFO] [1789013023.232638110] [pure_pursuit_node]: Pure Pursuit: pose=(-1.745, 3.636, 2.462) cte=-0.024 closest=1455 target=1498 path_dist=0.024 heading_err=-0.107 steer=0.341 speed=1.830
[gpu_amcl_cpp_node-6] [INFO] [1789013023.241011884] [gpu_amcl_cpp]: AMCL local correction: odom_prediction=(-1.678, 3.579, 2.380) scan=(-1.677, 3.575, 2.361) correction=0.004 m/0.019 rad cluster_weight=0.984 publish=true
[gpu_amcl_cpp_node-6] [INFO] [1789013023.808131690] [gpu_amcl_cpp]: AMCL odom delta: at_scan=(-0.678, -4.121, -1.147) baseline=(-0.711, -4.034, -1.264) delta=(0.033, -0.087, 0.116) moved=true scan_age=0.050s
[ground_truth_amcl_monitor-7] [INFO] [1789013024.008307882] [ground_truth_amcl_monitor]: AMCL vs GT: gt=(-2.871, 3.530) amcl=(-2.825, 3.584) error=0.071 m / 0.102 rad; current_map=(-2.891, 3.515, -2.287) error=0.025 m / 0.000 rad; odom=(-3.618, 3.613, -2.287) error=0.751 m / 0.000 rad; ekf=(-3.618, 3.613, -2.287) error=0.751 m / 0.000 rad; RMS=0.125 m / 0.032 rad max=0.674 m / 0.156 rad samples=4640
[component_container-9] [INFO] [1789013024.256775553] [pure_pursuit_node]: Pure Pursuit: pose=(-3.135, 2.918, -1.799) cte=0.030 closest=1555 target=1599 path_dist=0.030 heading_err=0.075 steer=0.082 speed=2.875
[gpu_amcl_cpp_node-6] [INFO] [1789013024.264970371] [gpu_amcl_cpp]: AMCL local correction: odom_prediction=(-3.101, 3.024, -1.862) scan=(-3.099, 3.021, -1.866) correction=0.003 m/0.003 rad cluster_weight=0.974 publish=true
[gpu_amcl_cpp_node-6] [INFO] [1789013024.810703542] [gpu_amcl_cpp]: AMCL odom delta: at_scan=(1.675, -4.874, -0.093) baseline=(1.505, -4.860, -0.080) delta=(0.170, -0.015, -0.013) moved=true scan_age=0.051s
[ground_truth_amcl_monitor-7] [INFO] [1789013025.033106571] [ground_truth_amcl_monitor]: AMCL vs GT: gt=(-3.435, 0.714) amcl=(-3.378, 0.927) error=0.221 m / 0.059 rad; current_map=(-3.422, 0.743, -1.835) error=0.032 m / 0.000 rad; odom=(-4.188, 0.811, -1.835) error=0.759 m / 0.000 rad; ekf=(-4.188, 0.811, -1.835) error=0.759 m / 0.000 rad; RMS=0.125 m / 0.032 rad max=0.674 m / 0.156 rad samples=4680
[component_container-9] [INFO] [1789013025.282941290] [pure_pursuit_node]: Pure Pursuit: pose=(-3.650, 0.195, -2.103) cte=0.029 closest=1695 target=1739 path_dist=0.029 heading_err=-0.024 steer=-0.227 speed=1.973
[gpu_amcl_cpp_node-6] [INFO] [1789013025.285266306] [gpu_amcl_cpp]: AMCL scan update #2364 completed; evaluating pose confidence.
[gpu_amcl_cpp_node-6] [INFO] [1789013025.290934429] [gpu_amcl_cpp]: AMCL local correction: odom_prediction=(-3.602, 0.280, -2.051) scan=(-3.588, 0.278, -2.039) correction=0.014 m/0.012 rad cluster_weight=0.987 publish=true
[gpu_amcl_cpp_node-6] [INFO] [1789013025.558494281] [gpu_amcl_cpp]: Received LiDAR callback #2369 (1081 ranges).
[gpu_amcl_cpp_node-6] [INFO] [1789013025.558572007] [gpu_amcl_cpp]: Starting AMCL scan update #2369 (sampled from 1081 ranges).
[gpu_amcl_cpp_node-6] [INFO] [1789013025.859381493] [gpu_amcl_cpp]: AMCL odom delta: at_scan=(3.524, -5.994, -1.310) baseline=(3.495, -5.902, -1.219) delta=(0.029, -0.092, -0.091) moved=true scan_age=0.050s
[ground_truth_amcl_monitor-7] [INFO] [1789013026.061827790] [ground_truth_amcl_monitor]: AMCL vs GT: gt=(-4.793, -0.468) amcl=(-4.682, -0.496) error=0.114 m / 0.099 rad; current_map=(-4.778, -0.489, 3.012) error=0.026 m / 0.000 rad; odom=(-5.482, -0.400, 3.111) error=0.692 m / 0.099 rad; ekf=(-5.482, -0.400, 3.111) error=0.692 m / 0.099 rad; RMS=0.124 m / 0.032 rad max=0.674 m / 0.156 rad samples=4720
[component_container-9] [INFO] [1789013026.331430379] [pure_pursuit_node]: Pure Pursuit: pose=(-5.334, -0.209, 2.395) cte=-0.021 closest=1796 target=1840 path_dist=0.021 heading_err=-0.074 steer=-0.224 speed=2.360
[gpu_amcl_cpp_node-6] [INFO] [1789013026.339902407] [gpu_amcl_cpp]: AMCL local correction: odom_prediction=(-5.252, -0.267, 2.488) scan=(-5.249, -0.264, 2.502) correction=0.004 m/0.014 rad cluster_weight=0.967 publish=true
[gpu_amcl_cpp_node-6] [INFO] [1789013026.889157106] [gpu_amcl_cpp]: AMCL odom delta: at_scan=(2.068, -7.542, -2.909) baseline=(2.241, -7.498, -2.880) delta=(-0.173, -0.044, -0.029) moved=true scan_age=0.051s
[ground_truth_amcl_monitor-7] [INFO] [1789013027.066903334] [ground_truth_amcl_monitor]: AMCL vs GT: gt=(-6.063, 1.628) amcl=(-6.050, 1.598) error=0.032 m / 0.000 rad; current_map=(-6.048, 1.601, 1.717) error=0.031 m / 0.000 rad; odom=(-6.857, 1.699, 1.717) error=0.797 m / 0.000 rad; ekf=(-6.857, 1.699, 1.717) error=0.797 m / 0.000 rad; RMS=0.124 m / 0.032 rad max=0.674 m / 0.156 rad samples=4759
[component_container-9] [INFO] [1789013027.354646428] [pure_pursuit_node]: Pure Pursuit: pose=(-6.175, 3.139, 1.574) cte=-0.013 closest=1971 target=2022 path_dist=0.013 heading_err=0.004 steer=-0.044 speed=4.758
[gpu_amcl_cpp_node-6] [INFO] [1789013027.364146166] [gpu_amcl_cpp]: AMCL local correction: odom_prediction=(-6.171, 2.905, 1.604) scan=(-6.168, 2.886, 1.608) correction=0.020 m/0.004 rad cluster_weight=0.953 publish=true
[gpu_amcl_cpp_node-6] [INFO] [1789013027.908118858] [gpu_amcl_cpp]: AMCL odom delta: at_scan=(-2.377, -7.437, 2.778) baseline=(-2.178, -7.508, 2.818) delta=(-0.199, 0.071, -0.040) moved=true scan_age=0.050s
[ground_truth_amcl_monitor-7] [INFO] [1789013028.067830855] [ground_truth_amcl_monitor]: AMCL vs GT: gt=(-5.644, 5.969) amcl=(-5.634, 5.935) error=0.035 m / 0.000 rad; current_map=(-5.636, 5.936, 1.173) error=0.033 m / 0.000 rad; odom=(-6.425, 6.064, 1.173) error=0.787 m / 0.000 rad; ekf=(-6.425, 6.064, 1.173) error=0.787 m / 0.000 rad; RMS=0.125 m / 0.032 rad max=0.674 m / 0.156 rad samples=4799
[component_container-9] [INFO] [1789013028.357443630] [pure_pursuit_node]: Pure Pursuit: pose=(-5.131, 6.757, 0.873) cte=-0.003 closest=2163 target=2208 path_dist=0.003 heading_err=-0.002 steer=-0.165 speed=2.856
[gpu_amcl_cpp_node-6] [INFO] [1789013028.365954922] [gpu_amcl_cpp]: AMCL local correction: odom_prediction=(-5.218, 6.649, 0.908) scan=(-5.229, 6.646, 0.917) correction=0.011 m/0.010 rad cluster_weight=0.996 publish=true
[gpu_amcl_cpp_node-6] [INFO] [1789013028.957256559] [gpu_amcl_cpp]: AMCL odom delta: at_scan=(-4.538, -5.256, 1.721) baseline=(-4.506, -5.423, 1.794) delta=(-0.031, 0.167, -0.073) moved=true scan_age=0.050s
[ground_truth_amcl_monitor-7] [INFO] [1789013029.108896989] [ground_truth_amcl_monitor]: AMCL vs GT: gt=(-3.174, 7.629) amcl=(-3.357, 7.616) error=0.184 m / 0.062 rad; current_map=(-3.184, 7.616, -0.031) error=0.017 m / 0.000 rad; odom=(-3.939, 7.727, -0.031) error=0.771 m / 0.000 rad; ekf=(-3.939, 7.727, -0.031) error=0.771 m / 0.000 rad; RMS=0.125 m / 0.032 rad max=0.674 m / 0.156 rad samples=4840
[component_container-9] [INFO] [1789013029.359681747] [pure_pursuit_node]: Pure Pursuit: pose=(-2.155, 7.364, -0.446) cte=-0.031 closest=2325 target=2372 path_dist=0.031 heading_err=0.005 steer=-0.122 speed=3.961
[gpu_amcl_cpp_node-6] [INFO] [1789013029.369136431] [gpu_amcl_cpp]: AMCL local correction: odom_prediction=(-2.316, 7.437, -0.393) scan=(-2.317, 7.439, -0.390) correction=0.002 m/0.003 rad cluster_weight=0.953 publish=true
[gpu_amcl_cpp_node-6] [INFO] [1789013029.959265258] [gpu_amcl_cpp]: AMCL odom delta: at_scan=(-2.728, -2.057, 0.583) baseline=(-2.928, -2.199, 0.656) delta=(0.200, 0.142, -0.072) moved=true scan_age=0.051s
[ground_truth_amcl_monitor-7] [INFO] [1789013030.133690874] [ground_truth_amcl_monitor]: AMCL vs GT: gt=(-0.152, 5.131) amcl=(-0.288, 5.436) error=0.333 m / 0.029 rad; current_map=(-0.151, 5.145, -1.146) error=0.014 m / 0.000 rad; odom=(-0.891, 5.188, -1.146) error=0.742 m / 0.000 rad; ekf=(-0.891, 5.188, -1.146) error=0.742 m / 0.000 rad; RMS=0.125 m / 0.032 rad max=0.674 m / 0.156 rad samples=4878
[gpu_amcl_cpp_node-6] [INFO] [1789013030.333245196] [gpu_amcl_cpp]: AMCL scan update #2462 completed; evaluating pose confidence.
[component_container-9] [INFO] [1789013030.380698752] [pure_pursuit_node]: Pure Pursuit: pose=(0.421, 3.818, -1.287) cte=-0.016 closest=2549 target=14 path_dist=0.016 heading_err=0.068 steer=0.040 speed=5.173
[gpu_amcl_cpp_node-6] [INFO] [1789013030.388869815] [gpu_amcl_cpp]: AMCL local correction: odom_prediction=(0.344, 4.052, -1.209) scan=(0.351, 4.023, -1.208) correction=0.030 m/0.001 rad cluster_weight=0.935 publish=true
[gpu_amcl_cpp_node-6] [INFO] [1789013030.583807327] [gpu_amcl_cpp]: Received LiDAR callback #2467 (1081 ranges).
[gpu_amcl_cpp_node-6] [INFO] [1789013030.583875014] [gpu_amcl_cpp]: Starting AMCL scan update #2467 (sampled from 1081 ranges).
[gpu_amcl_cpp_node-6] [WARN] [1789013030.682952286] [gpu_amcl_cpp]: No local AMCL cluster near odometry prediction; using causal odometry pose.
[gpu_amcl_cpp_node-6] [INFO] [1789013030.984534830] [gpu_amcl_cpp]: AMCL odom delta: at_scan=(1.940, -0.347, 0.107) baseline=(1.723, -0.373, 0.134) delta=(0.217, 0.026, -0.027) moved=true scan_age=0.051s
[ground_truth_amcl_monitor-7] [INFO] [1789013031.134865423] [ground_truth_amcl_monitor]: AMCL vs GT: gt=(1.276, 0.442) amcl=(1.224, 0.796) error=0.357 m / 0.019 rad; current_map=(1.258, 0.539, -1.427) error=0.099 m / 0.000 rad; odom=(0.544, 0.468, -1.427) error=0.733 m / 0.000 rad; ekf=(0.509, 0.724, -1.446) error=0.817 m / 0.019 rad; RMS=0.126 m / 0.032 rad max=0.674 m / 0.156 rad samples=4916
[gpu_amcl_cpp_node-6] [INFO] [1789013031.292979311] [gpu_amcl_cpp]: AMCL recovery candidate: pose=(1.329, -0.403, -1.523) weight=0.895 stable_scans=1/3 odom_prediction=(1.335, -0.274).
[component_container-9] [INFO] [1789013031.384163221] [pure_pursuit_node]: Pure Pursuit: pose=(1.338, -1.126, -1.560) cte=0.026 closest=215 target=268 path_dist=0.026 heading_err=-0.000 steer=-0.011 speed=6.268
[gpu_amcl_cpp_node-6] [INFO] [1789013031.393052804] [gpu_amcl_cpp]: AMCL local correction: odom_prediction=(1.340, -0.859, -1.580) scan=(1.358, -0.876, -1.581) correction=0.025 m/0.001 rad cluster_weight=0.940 publish=true
[gpu_amcl_cpp_node-6] [INFO] [1789013032.007270229] [gpu_amcl_cpp]: AMCL odom delta: at_scan=(7.414, -0.401, -0.191) baseline=(7.088, -0.332, -0.228) delta=(0.326, -0.069, 0.037) moved=true scan_age=0.050s
[ground_truth_amcl_monitor-7] [INFO] [1789013032.161267027] [ground_truth_amcl_monitor]: AMCL vs GT: gt=(1.011, -4.920) amcl=(1.069, -4.642) error=0.284 m / 0.029 rad; current_map=(1.020, -4.908, -1.769) error=0.015 m / 0.000 rad; odom=(0.258, -5.040, -1.769) error=0.763 m / 0.000 rad; ekf=(0.307, -4.774, -1.740) error=0.719 m / 0.029 rad; RMS=0.128 m / 0.032 rad max=0.674 m / 0.156 rad samples=4956
[component_container-9] [INFO] [1789013032.429358406] [pure_pursuit_node]: Pure Pursuit: pose=(0.662, -6.553, -1.631) cte=-0.006 closest=490 target=540 path_dist=0.006 heading_err=-0.161 steer=-0.168 speed=4.255
[gpu_amcl_cpp_node-6] [INFO] [1789013032.438025360] [gpu_amcl_cpp]: AMCL local correction: odom_prediction=(0.677, -6.324, -1.702) scan=(0.667, -6.315, -1.714) correction=0.013 m/0.012 rad cluster_weight=0.921 publish=true
[gpu_amcl_cpp_node-6] [INFO] [1789013033.033319916] [gpu_amcl_cpp]: AMCL odom delta: at_scan=(11.959, -1.451, -0.404) baseline=(11.799, -1.385, -0.383) delta=(0.160, -0.066, -0.021) moved=true scan_age=0.050s
[ground_truth_amcl_monitor-7] [INFO] [1789013033.186299174] [ground_truth_amcl_monitor]: AMCL vs GT: gt=(-0.048, -9.016) amcl=(0.015, -8.873) error=0.155 m / 0.014 rad; current_map=(-0.033, -8.989, -1.974) error=0.030 m / 0.000 rad; odom=(-0.819, -9.198, -1.974) error=0.793 m / 0.000 rad; ekf=(-0.771, -9.082, -1.960) error=0.726 m / 0.014 rad; RMS=0.128 m / 0.032 rad max=0.674 m / 0.156 rad samples=4996
[component_container-9] [INFO] [1789013033.455894719] [pure_pursuit_node]: Pure Pursuit: pose=(-0.427, -9.640, -2.257) cte=0.007 closest=655 target=699 path_dist=0.007 heading_err=-0.009 steer=-0.279 speed=2.519
[gpu_amcl_cpp_node-6] [INFO] [1789013033.464233978] [gpu_amcl_cpp]: AMCL local correction: odom_prediction=(-0.352, -9.544, -2.220) scan=(-0.345, -9.525, -2.207) correction=0.020 m/0.013 rad cluster_weight=0.999 publish=true
[gpu_amcl_cpp_node-6] [INFO] [1789013034.059447865] [gpu_amcl_cpp]: AMCL odom delta: at_scan=(13.472, -3.248, -1.755) baseline=(13.489, -3.125, -1.656) delta=(-0.017, -0.124, -0.099) moved=true scan_age=0.050s
[ground_truth_amcl_monitor-7] [INFO] [1789013034.210507890] [ground_truth_amcl_monitor]: AMCL vs GT: gt=(-1.981, -9.994) amcl=(-1.875, -10.013) error=0.107 m / 0.100 rad; current_map=(-1.991, -9.960, 2.658) error=0.036 m / 0.000 rad; odom=(-2.805, -10.191, 2.658) error=0.847 m / 0.000 rad; ekf=(-2.805, -10.191, 2.658) error=0.847 m / 0.000 rad; RMS=0.128 m / 0.032 rad max=0.674 m / 0.156 rad samples=5036
[component_container-9] [INFO] [1789013034.457709155] [pure_pursuit_node]: Pure Pursuit: pose=(-2.562, -9.435, 2.172) cte=-0.040 closest=780 target=825 path_dist=0.040 heading_err=-0.025 steer=-0.131 speed=3.210
[gpu_amcl_cpp_node-6] [INFO] [1789013034.466053043] [gpu_amcl_cpp]: AMCL local correction: odom_prediction=(-2.482, -9.540, 2.239) scan=(-2.488, -9.530, 2.254) correction=0.011 m/0.014 rad cluster_weight=0.963 publish=true
[gpu_amcl_cpp_node-6] [INFO] [1789013035.080751501] [gpu_amcl_cpp]: AMCL odom delta: at_scan=(10.867, -4.770, -3.070) baseline=(11.078, -4.752, -3.036) delta=(-0.210, -0.019, -0.033) moved=true scan_age=0.049s
[ground_truth_amcl_monitor-7] [INFO] [1789013035.240695839] [ground_truth_amcl_monitor]: AMCL vs GT: gt=(-3.165, -6.824) amcl=(-3.159, -7.065) error=0.241 m / 0.031 rad; current_map=(-3.158, -6.816, 1.550) error=0.011 m / 0.000 rad; odom=(-3.988, -7.007, 1.550) error=0.843 m / 0.000 rad; ekf=(-3.988, -7.007, 1.550) error=0.843 m / 0.000 rad; RMS=0.128 m / 0.032 rad max=0.674 m / 0.156 rad samples=5076
[gpu_amcl_cpp_node-6] [INFO] [1789013035.357325412] [gpu_amcl_cpp]: AMCL scan update #2559 completed; evaluating pose confidence.
[component_container-9] [INFO] [1789013035.505624423] [pure_pursuit_node]: Pure Pursuit: pose=(-2.942, -5.265, 1.331) cte=0.002 closest=994 target=1045 path_dist=0.002 heading_err=-0.012 steer=-0.021 speed=5.010
[gpu_amcl_cpp_node-6] [INFO] [1789013035.513995963] [gpu_amcl_cpp]: AMCL local correction: odom_prediction=(-2.991, -5.492, 1.354) scan=(-2.988, -5.482, 1.349) correction=0.010 m/0.005 rad cluster_weight=0.966 publish=true
[gpu_amcl_cpp_node-6] [INFO] [1789013035.606968163] [gpu_amcl_cpp]: Received LiDAR callback #2564 (1081 ranges).
[gpu_amcl_cpp_node-6] [INFO] [1789013035.607037864] [gpu_amcl_cpp]: Starting AMCL scan update #2564 (sampled from 1081 ranges).
[gpu_amcl_cpp_node-6] [WARN] [1789013036.009210630] [gpu_amcl_cpp]: Queued LiDAR scan until source-time odometry arrives (queued=1).
[gpu_amcl_cpp_node-6] [INFO] [1789013036.106909256] [gpu_amcl_cpp]: AMCL odom delta: at_scan=(5.655, -3.759, 2.909) baseline=(5.949, -3.830, 2.900) delta=(-0.294, 0.071, 0.008) moved=true scan_age=0.049s
[ground_truth_amcl_monitor-7] [INFO] [1789013036.259402904] [ground_truth_amcl_monitor]: AMCL vs GT: gt=(-1.931, -1.465) amcl=(-1.985, -1.739) error=0.279 m / 0.009 rad; current_map=(-1.908, -1.433, 1.320) error=0.040 m / 0.000 rad; odom=(-2.731, -1.578, 1.320) error=0.808 m / 0.000 rad; ekf=(-2.808, -1.885, 1.330) error=0.972 m / 0.009 rad; RMS=0.129 m / 0.032 rad max=0.674 m / 0.156 rad samples=5116
[component_container-9] [INFO] [1789013036.506927859] [pure_pursuit_node]: Pure Pursuit: pose=(-1.552, 0.049, 1.385) cte=-0.005 closest=1269 target=1318 path_dist=0.005 heading_err=-0.018 steer=-0.022 speed=3.969
[gpu_amcl_cpp_node-6] [INFO] [1789013036.514985760] [gpu_amcl_cpp]: AMCL local correction: odom_prediction=(-1.597, -0.164, 1.315) scan=(-1.607, -0.192, 1.305) correction=0.030 m/0.010 rad cluster_weight=0.932 publish=true
[gpu_amcl_cpp_node-6] [INFO] [1789013037.109353507] [gpu_amcl_cpp]: AMCL odom delta: at_scan=(1.341, -2.826, 3.120) baseline=(1.496, -2.831, 3.094) delta=(-0.155, 0.005, 0.026) moved=true scan_age=0.049s
[ground_truth_amcl_monitor-7] [INFO] [1789013037.259808939] [ground_truth_amcl_monitor]: AMCL vs GT: gt=(-1.248, 2.297) amcl=(-1.227, 2.211) error=0.089 m / 0.026 rad; current_map=(-1.234, 2.360, 1.626) error=0.064 m / 0.000 rad; odom=(-2.032, 2.271, 1.626) error=0.784 m / 0.000 rad; ekf=(-2.026, 2.122, 1.600) error=0.797 m / 0.026 rad; RMS=0.128 m / 0.032 rad max=0.674 m / 0.156 rad samples=5156
[component_container-9] [INFO] [1789013037.513642892] [pure_pursuit_node]: Pure Pursuit: pose=(-1.345, 3.000, 1.902) cte=0.033 closest=1418 target=1460 path_dist=0.033 heading_err=-0.032 steer=0.163 speed=1.888
[gpu_amcl_cpp_node-6] [INFO] [1789013037.522064446] [gpu_amcl_cpp]: AMCL local correction: odom_prediction=(-1.322, 2.928, 1.844) scan=(-1.314, 2.895, 1.838) correction=0.034 m/0.007 rad cluster_weight=0.980 publish=true
[gpu_amcl_cpp_node-6] [INFO] [1789013038.115222474] [gpu_amcl_cpp]: AMCL odom delta: at_scan=(-0.543, -3.508, -2.071) baseline=(-0.493, -3.426, -2.165) delta=(-0.050, -0.082, 0.094) moved=true scan_age=0.052s
[ground_truth_amcl_monitor-7] [INFO] [1789013038.290976642] [ground_truth_amcl_monitor]: AMCL vs GT: gt=(-2.173, 3.757) amcl=(-2.094, 3.795) error=0.087 m / 0.114 rad; current_map=(-2.186, 3.816, 2.979) error=0.060 m / 0.000 rad; odom=(-2.995, 3.802, 2.979) error=0.824 m / 0.000 rad; ekf=(-2.995, 3.802, 2.979) error=0.824 m / 0.000 rad; RMS=0.128 m / 0.033 rad max=0.674 m / 0.156 rad samples=5194
[component_container-9] [INFO] [1789013038.554469224] [pure_pursuit_node]: Pure Pursuit: pose=(-2.722, 3.694, -2.607) cte=-0.016 closest=1510 target=1553 path_dist=0.016 heading_err=0.114 steer=0.393 speed=2.040
[gpu_amcl_cpp_node-6] [INFO] [1789013038.563975013] [gpu_amcl_cpp]: AMCL local correction: odom_prediction=(-2.639, 3.724, -2.711) scan=(-2.605, 3.720, -2.717) correction=0.035 m/0.006 rad cluster_weight=0.987 publish=true
[gpu_amcl_cpp_node-6] [INFO] [1789013039.159883059] [gpu_amcl_cpp]: AMCL odom delta: at_scan=(0.511, -4.892, -0.147) baseline=(0.370, -4.868, -0.185) delta=(0.140, -0.024, 0.037) moved=true scan_age=0.049s
[ground_truth_amcl_monitor-7] [INFO] [1789013039.309794911] [ground_truth_amcl_monitor]: AMCL vs GT: gt=(-3.253, 2.169) amcl=(-3.227, 2.319) error=0.152 m / 0.009 rad; current_map=(-3.243, 2.162, -1.669) error=0.012 m / 0.000 rad; odom=(-4.144, 2.198, -1.669) error=0.892 m / 0.000 rad; ekf=(-4.144, 2.198, -1.669) error=0.892 m / 0.000 rad; RMS=0.128 m / 0.033 rad max=0.674 m / 0.156 rad samples=5234
[component_container-9] [INFO] [1789013039.565166174] [pure_pursuit_node]: Pure Pursuit: pose=(-3.337, 1.149, -1.689) cte=0.019 closest=1644 target=1691 path_dist=0.019 heading_err=-0.014 steer=-0.118 speed=2.818
[gpu_amcl_cpp_node-6] [INFO] [1789013039.574986093] [gpu_amcl_cpp]: AMCL local correction: odom_prediction=(-3.319, 1.311, -1.672) scan=(-3.318, 1.351, -1.657) correction=0.040 m/0.015 rad cluster_weight=0.964 publish=true
[gpu_amcl_cpp_node-6] [INFO] [1789013040.163820669] [gpu_amcl_cpp]: AMCL odom delta: at_scan=(3.174, -5.500, -0.701) baseline=(3.067, -5.418, -0.609) delta=(0.107, -0.082, -0.091) moved=true scan_age=0.056s
[ground_truth_amcl_monitor-7] [INFO] [1789013040.336629578] [ground_truth_amcl_monitor]: AMCL vs GT: gt=(-4.051, -0.269) amcl=(-3.945, -0.192) error=0.131 m / 0.074 rad; current_map=(-4.025, -0.254, -2.521) error=0.030 m / 0.000 rad; odom=(-4.952, -0.248, -2.521) error=0.901 m / 0.000 rad; ekf=(-4.952, -0.248, -2.521) error=0.901 m / 0.000 rad; RMS=0.128 m / 0.033 rad max=0.674 m / 0.156 rad samples=5272
[gpu_amcl_cpp_node-6] [INFO] [1789013040.388474512] [gpu_amcl_cpp]: AMCL scan update #2658 completed; evaluating pose confidence.
[component_container-9] [INFO] [1789013040.605756893] [pure_pursuit_node]: Pure Pursuit: pose=(-4.588, -0.498, -3.058) cte=-0.026 closest=1756 target=1799 path_dist=0.026 heading_err=0.094 steer=-0.365 speed=1.931
[gpu_amcl_cpp_node-6] [INFO] [1789013040.607077813] [gpu_amcl_cpp]: Received LiDAR callback #2662 (1081 ranges).
[gpu_amcl_cpp_node-6] [INFO] [1789013040.607135000] [gpu_amcl_cpp]: Starting AMCL scan update #2662 (sampled from 1081 ranges).
[gpu_amcl_cpp_node-6] [INFO] [1789013040.614286058] [gpu_amcl_cpp]: AMCL local correction: odom_prediction=(-4.495, -0.489, -2.967) scan=(-4.498, -0.501, -2.949) correction=0.012 m/0.018 rad cluster_weight=0.985 publish=true
[gpu_amcl_cpp_node-6] [INFO] [1789013041.208957688] [gpu_amcl_cpp]: AMCL odom delta: at_scan=(3.140, -7.273, -2.516) baseline=(3.230, -7.203, -2.438) delta=(-0.089, -0.070, -0.078) moved=true scan_age=0.050s
[ground_truth_amcl_monitor-7] [INFO] [1789013041.358633438] [ground_truth_amcl_monitor]: AMCL vs GT: gt=(-5.727, 0.329) amcl=(-5.652, 0.210) error=0.141 m / 0.062 rad; current_map=(-5.709, 0.328, 1.991) error=0.018 m / 0.000 rad; odom=(-6.660, 0.347, 1.991) error=0.933 m / 0.000 rad; ekf=(-6.660, 0.347, 1.991) error=0.933 m / 0.000 rad; RMS=0.127 m / 0.033 rad max=0.674 m / 0.156 rad samples=5312
[component_container-9] [INFO] [1789013041.606591212] [pure_pursuit_node]: Pure Pursuit: pose=(-5.992, 1.259, 1.757) cte=-0.042 closest=1877 target=1924 path_dist=0.042 heading_err=0.040 steer=-0.039 speed=4.132
[gpu_amcl_cpp_node-6] [INFO] [1789013041.615020380] [gpu_amcl_cpp]: AMCL local correction: odom_prediction=(-5.954, 1.068, 1.788) scan=(-5.959, 1.088, 1.788) correction=0.020 m/0.001 rad cluster_weight=0.953 publish=true
[gpu_amcl_cpp_node-6] [INFO] [1789013042.258908612] [gpu_amcl_cpp]: AMCL odom delta: at_scan=(-0.812, -7.869, 3.086) baseline=(-0.575, -7.881, 3.097) delta=(-0.238, 0.012, -0.011) moved=true scan_age=0.051s
[ground_truth_amcl_monitor-7] [INFO] [1789013042.359705758] [ground_truth_amcl_monitor]: AMCL vs GT: gt=(-6.105, 4.420) amcl=(-6.119, 4.150) error=0.271 m / 0.054 rad; current_map=(-6.093, 4.381, 1.432) error=0.040 m / 0.000 rad; odom=(-7.025, 4.445, 1.432) error=0.921 m / 0.000 rad; ekf=(-7.025, 4.445, 1.432) error=0.921 m / 0.000 rad; RMS=0.128 m / 0.033 rad max=0.674 m / 0.156 rad samples=5352
[component_container-9] [INFO] [1789013042.606871957] [pure_pursuit_node]: Pure Pursuit: pose=(-5.777, 5.612, 1.302) cte=-0.013 closest=2097 target=2146 path_dist=0.013 heading_err=-0.096 steer=-0.177 speed=2.985
[gpu_amcl_cpp_node-6] [INFO] [1789013042.615083316] [gpu_amcl_cpp]: AMCL local correction: odom_prediction=(-5.833, 5.418, 1.289) scan=(-5.827, 5.418, 1.285) correction=0.005 m/0.004 rad cluster_weight=0.991 publish=true
[gpu_amcl_cpp_node-6] [INFO] [1789013043.280649317] [gpu_amcl_cpp]: AMCL odom delta: at_scan=(-3.986, -6.498, 2.217) baseline=(-3.897, -6.610, 2.263) delta=(-0.088, 0.112, -0.046) moved=true scan_age=0.049s
[ground_truth_amcl_monitor-7] [INFO] [1789013043.383072798] [ground_truth_amcl_monitor]: AMCL vs GT: gt=(-4.544, 7.277) amcl=(-4.671, 7.174) error=0.163 m / 0.053 rad; current_map=(-4.545, 7.257, 0.552) error=0.020 m / 0.000 rad; odom=(-5.448, 7.315, 0.552) error=0.905 m / 0.000 rad; ekf=(-5.448, 7.315, 0.552) error=0.905 m / 0.000 rad; RMS=0.128 m / 0.033 rad max=0.674 m / 0.156 rad samples=5392
[component_container-9] [INFO] [1789013043.631860693] [pure_pursuit_node]: Pure Pursuit: pose=(-3.629, 7.581, 0.147) cte=-0.011 closest=2250 target=2297 path_dist=0.011 heading_err=-0.008 steer=-0.150 speed=3.471
[gpu_amcl_cpp_node-6] [INFO] [1789013043.640153345] [gpu_amcl_cpp]: AMCL local correction: odom_prediction=(-3.794, 7.555, 0.196) scan=(-3.791, 7.555, 0.211) correction=0.002 m/0.014 rad cluster_weight=0.980 publish=true
[gpu_amcl_cpp_node-6] [INFO] [1789013044.291639270] [gpu_amcl_cpp]: AMCL odom delta: at_scan=(-3.892, -3.296, 0.884) baseline=(-4.023, -3.469, 0.962) delta=(0.130, 0.172, -0.078) moved=true scan_age=0.050s
[ground_truth_amcl_monitor-7] [INFO] [1789013044.407828531] [ground_truth_amcl_monitor]: AMCL vs GT: gt=(-1.251, 6.703) amcl=(-1.393, 6.855) error=0.208 m / 0.037 rad; current_map=(-1.240, 6.708, -0.781) error=0.012 m / 0.000 rad; odom=(-2.137, 6.725, -0.781) error=0.886 m / 0.000 rad; ekf=(-2.137, 6.725, -0.781) error=0.886 m / 0.000 rad; RMS=0.128 m / 0.033 rad max=0.674 m / 0.156 rad samples=5432
[component_container-9] [INFO] [1789013044.658026655] [pure_pursuit_node]: Pure Pursuit: pose=(-0.431, 5.637, -1.069) cte=-0.010 closest=2448 target=2498 path_dist=0.010 heading_err=0.041 steer=-0.011 speed=5.070
[gpu_amcl_cpp_node-6] [INFO] [1789013044.666537146] [gpu_amcl_cpp]: AMCL local correction: odom_prediction=(-0.543, 5.837, -1.039) scan=(-0.546, 5.845, -1.038) correction=0.009 m/0.001 rad cluster_weight=0.980 publish=true
[gpu_amcl_cpp_node-6] [INFO] [1789013045.332954662] [gpu_amcl_cpp]: AMCL odom delta: at_scan=(0.406, -0.938, 0.343) baseline=(0.144, -1.031, 0.342) delta=(0.261, 0.093, 0.000) moved=true scan_age=0.050s
[gpu_amcl_cpp_node-6] [INFO] [1789013045.432997915] [gpu_amcl_cpp]: AMCL scan update #2757 completed; evaluating pose confidence.
[ground_truth_amcl_monitor-7] [INFO] [1789013045.433691417] [ground_truth_amcl_monitor]: AMCL vs GT: gt=(0.914, 2.243) amcl=(0.817, 2.508) error=0.282 m / 0.042 rad; current_map=(0.901, 2.236, -1.293) error=0.015 m / 0.000 rad; odom=(0.039, 2.211, -1.293) error=0.876 m / 0.000 rad; ekf=(-0.045, 2.482, -1.251) error=0.988 m / 0.042 rad; RMS=0.129 m / 0.033 rad max=0.674 m / 0.156 rad samples=5472
[gpu_amcl_cpp_node-6] [INFO] [1789013045.632908269] [gpu_amcl_cpp]: Received LiDAR callback #2761 (1081 ranges).
[gpu_amcl_cpp_node-6] [INFO] [1789013045.632983571] [gpu_amcl_cpp]: Starting AMCL scan update #2761 (sampled from 1081 ranges).
[component_container-9] [INFO] [1789013045.681153014] [pure_pursuit_node]: Pure Pursuit: pose=(1.289, 0.541, -1.341) cte=-0.055 closest=132 target=186 path_dist=0.055 heading_err=-0.088 steer=-0.141 speed=5.579
[gpu_amcl_cpp_node-6] [INFO] [1789013045.690927348] [gpu_amcl_cpp]: AMCL local correction: odom_prediction=(1.215, 0.834, -1.381) scan=(1.199, 0.852, -1.393) correction=0.024 m/0.012 rad cluster_weight=0.921 publish=true
[gpu_amcl_cpp_node-6] [WARN] [1789013045.791174013] [gpu_amcl_cpp]: No local AMCL cluster near odometry prediction; using causal odometry pose.
[gpu_amcl_cpp_node-6] [INFO] [1789013046.333075935] [gpu_amcl_cpp]: AMCL odom delta: at_scan=(5.922, -0.346, -0.130) baseline=(5.645, -0.310, -0.131) delta=(0.278, -0.037, 0.001) moved=true scan_age=0.049s
[ground_truth_amcl_monitor-7] [INFO] [1789013046.433538526] [ground_truth_amcl_monitor]: AMCL vs GT: gt=(1.263, -3.247) amcl=(1.304, -3.000) error=0.250 m / 0.010 rad; current_map=(1.266, -3.288, -1.707) error=0.042 m / 0.000 rad; odom=(0.379, -3.334, -1.707) error=0.888 m / 0.000 rad; ekf=(0.379, -3.334, -1.707) error=0.888 m / 0.000 rad; RMS=0.129 m / 0.033 rad max=0.674 m / 0.156 rad samples=5512
[component_container-9] [INFO] [1789013046.683676119] [pure_pursuit_node]: Pure Pursuit: pose=(1.059, -4.947, -1.637) cte=-0.073 closest=407 target=459 path_dist=0.073 heading_err=-0.113 steer=-0.149 speed=5.060
[gpu_amcl_cpp_node-6] [INFO] [1789013046.692960303] [gpu_amcl_cpp]: AMCL local correction: odom_prediction=(1.082, -4.659, -1.694) scan=(1.084, -4.640, -1.702) correction=0.018 m/0.008 rad cluster_weight=0.921 publish=true
[gpu_amcl_cpp_node-6] [INFO] [1789013047.356912957] [gpu_amcl_cpp]: AMCL odom delta: at_scan=(10.785, -1.260, -0.324) baseline=(10.603, -1.200, -0.314) delta=(0.182, -0.060, -0.010) moved=true scan_age=0.049s
[ground_truth_amcl_monitor-7] [INFO] [1789013047.457123535] [ground_truth_amcl_monitor]: AMCL vs GT: gt=(0.306, -7.905) amcl=(0.382, -7.679) error=0.239 m / 0.001 rad; current_map=(0.320, -7.862, -1.895) error=0.045 m / 0.000 rad; odom=(-0.583, -7.993, -1.895) error=0.894 m / 0.000 rad; ekf=(-0.583, -7.993, -1.895) error=0.894 m / 0.000 rad; RMS=0.130 m / 0.033 rad max=0.674 m / 0.156 rad samples=5552
[component_container-9] [INFO] [1789013047.712652633] [pure_pursuit_node]: Pure Pursuit: pose=(0.018, -8.865, -1.835) cte=-0.001 closest=610 target=656 path_dist=0.001 heading_err=-0.132 steer=-0.227 speed=2.549
[gpu_amcl_cpp_node-6] [INFO] [1789013047.722105383] [gpu_amcl_cpp]: AMCL local correction: odom_prediction=(0.056, -8.722, -1.855) scan=(0.056, -8.721, -1.857) correction=0.001 m/0.002 rad cluster_weight=0.986 publish=true
[gpu_amcl_cpp_node-6] [INFO] [1789013048.383817113] [gpu_amcl_cpp]: AMCL odom delta: at_scan=(13.301, -2.546, -1.129) baseline=(13.244, -2.440, -1.032) delta=(0.057, -0.106, -0.096) moved=true scan_age=0.050s
[ground_truth_amcl_monitor-7] [INFO] [1789013048.482951670] [ground_truth_amcl_monitor]: AMCL vs GT: gt=(-1.054, -10.117) amcl=(-0.929, -10.058) error=0.139 m / 0.095 rad; current_map=(-1.041, -10.094, -2.881) error=0.026 m / 0.000 rad; odom=(-1.971, -10.226, -2.881) error=0.923 m / 0.000 rad; ekf=(-1.971, -10.226, -2.881) error=0.923 m / 0.000 rad; RMS=0.130 m / 0.033 rad max=0.674 m / 0.156 rad samples=5592
[component_container-9] [INFO] [1789013048.732859614] [pure_pursuit_node]: Pure Pursuit: pose=(-1.759, -10.078, 2.839) cte=-0.029 closest=729 target=773 path_dist=0.029 heading_err=0.001 steer=-0.263 speed=2.570
[gpu_amcl_cpp_node-6] [INFO] [1789013048.741191099] [gpu_amcl_cpp]: AMCL local correction: odom_prediction=(-1.641, -10.104, 2.928) scan=(-1.644, -10.105, 2.940) correction=0.002 m/0.012 rad cluster_weight=0.994 publish=true
[gpu_amcl_cpp_node-6] [INFO] [1789013049.406418854] [gpu_amcl_cpp]: AMCL odom delta: at_scan=(12.133, -4.597, -2.767) baseline=(12.284, -4.533, -2.721) delta=(-0.151, -0.063, -0.046) moved=true scan_age=0.049s
[ground_truth_amcl_monitor-7] [INFO] [1789013049.508640730] [ground_truth_amcl_monitor]: AMCL vs GT: gt=(-2.976, -8.527) amcl=(-2.918, -8.685) error=0.169 m / 0.052 rad; current_map=(-2.972, -8.511, 1.846) error=0.016 m / 0.000 rad; odom=(-3.912, -8.636, 1.846) error=0.943 m / 0.000 rad; ekf=(-3.912, -8.636, 1.846) error=0.943 m / 0.000 rad; RMS=0.130 m / 0.033 rad max=0.674 m / 0.156 rad samples=5632
[component_container-9] [INFO] [1789013049.783058791] [pure_pursuit_node]: Pure Pursuit: pose=(-3.171, -7.200, 1.626) cte=-0.013 closest=897 target=946 path_dist=0.013 heading_err=-0.027 steer=-0.082 speed=4.926
[gpu_amcl_cpp_node-6] [INFO] [1789013049.792436180] [gpu_amcl_cpp]: AMCL local correction: odom_prediction=(-3.154, -7.423, 1.653) scan=(-3.158, -7.440, 1.663) correction=0.017 m/0.009 rad cluster_weight=0.991 publish=true
[gpu_amcl_cpp_node-6] [WARN] [1789013050.390997319] [gpu_amcl_cpp]: No local AMCL cluster near odometry prediction; using causal odometry pose.
[gpu_amcl_cpp_node-6] [INFO] [1789013050.435660780] [gpu_amcl_cpp]: AMCL odom delta: at_scan=(7.543, -4.404, 2.761) baseline=(7.789, -4.501, 2.773) delta=(-0.246, 0.097, -0.012) moved=true scan_age=0.051s
[gpu_amcl_cpp_node-6] [INFO] [1789013050.436277588] [gpu_amcl_cpp]: AMCL scan update #2854 completed; evaluating pose confidence.
[ground_truth_amcl_monitor-7] [INFO] [1789013050.542513632] [ground_truth_amcl_monitor]: AMCL vs GT: gt=(-2.506, -3.828) amcl=(-2.584, -4.088) error=0.271 m / 0.061 rad; current_map=(-2.504, -3.839, 1.289) error=0.011 m / 0.000 rad; odom=(-3.431, -3.891, 1.289) error=0.927 m / 0.000 rad; ekf=(-3.431, -3.891, 1.289) error=0.927 m / 0.000 rad; RMS=0.130 m / 0.033 rad max=0.674 m / 0.156 rad samples=5670
[gpu_amcl_cpp_node-6] [INFO] [1789013050.656955275] [gpu_amcl_cpp]: Received LiDAR callback #2858 (1081 ranges).
[gpu_amcl_cpp_node-6] [INFO] [1789013050.657031428] [gpu_amcl_cpp]: Starting AMCL scan update #2858 (sampled from 1081 ranges).
[component_container-9] [INFO] [1789013050.804604766] [pure_pursuit_node]: Pure Pursuit: pose=(-2.079, -2.256, 1.191) cte=0.024 closest=1151 target=1203 path_dist=0.024 heading_err=0.121 steer=0.136 speed=5.497
[gpu_amcl_cpp_node-6] [INFO] [1789013050.813071215] [gpu_amcl_cpp]: AMCL local correction: odom_prediction=(-2.178, -2.511, 1.250) scan=(-2.200, -2.545, 1.244) correction=0.040 m/0.005 rad cluster_weight=0.948 publish=true
[gpu_amcl_cpp_node-6] [INFO] [1789013051.459500846] [gpu_amcl_cpp]: AMCL odom delta: at_scan=(2.685, -3.187, 2.984) baseline=(2.877, -3.214, 3.021) delta=(-0.191, 0.027, -0.037) moved=true scan_age=0.050s
[ground_truth_amcl_monitor-7] [INFO] [1789013051.561307754] [ground_truth_amcl_monitor]: AMCL vs GT: gt=(-1.402, 0.850) amcl=(-1.437, 0.687) error=0.167 m / 0.012 rad; current_map=(-1.396, 0.876, 1.351) error=0.026 m / 0.000 rad; odom=(-2.310, 0.853, 1.351) error=0.909 m / 0.000 rad; ekf=(-2.310, 0.853, 1.351) error=0.909 m / 0.000 rad; RMS=0.130 m / 0.033 rad max=0.674 m / 0.156 rad samples=5710
[component_container-9] [INFO] [1789013051.808433356] [pure_pursuit_node]: Pure Pursuit: pose=(-1.263, 1.903, 1.471) cte=0.006 closest=1363 target=1409 path_dist=0.006 heading_err=0.046 steer=0.162 speed=3.128
[gpu_amcl_cpp_node-6] [INFO] [1789013051.816055680] [gpu_amcl_cpp]: AMCL local correction: odom_prediction=(-1.275, 1.757, 1.502) scan=(-1.278, 1.743, 1.494) correction=0.014 m/0.007 rad cluster_weight=0.959 publish=true
[gpu_amcl_cpp_node-6] [INFO] [1789013052.484400698] [gpu_amcl_cpp]: AMCL odom delta: at_scan=(-0.128, -3.218, -2.667) baseline=(-0.044, -3.178, -2.725) delta=(-0.085, -0.041, 0.058) moved=true scan_age=0.051s
[ground_truth_amcl_monitor-7] [INFO] [1789013052.586279270] [ground_truth_amcl_monitor]: AMCL vs GT: gt=(-1.590, 3.372) amcl=(-1.537, 3.355) error=0.056 m / 0.081 rad; current_map=(-1.590, 3.436, 2.195) error=0.063 m / 0.000 rad; odom=(-2.518, 3.452, 2.195) error=0.932 m / 0.000 rad; ekf=(-2.465, 3.371, 2.114) error=0.875 m / 0.081 rad; RMS=0.130 m / 0.033 rad max=0.674 m / 0.156 rad samples=5750
[component_container-9] [INFO] [1789013052.831804919] [pure_pursuit_node]: Pure Pursuit: pose=(-1.999, 3.760, 2.719) cte=-0.055 closest=1471 target=1513 path_dist=0.055 heading_err=0.106 steer=0.416 speed=1.818
[gpu_amcl_cpp_node-6] [INFO] [1789013052.840060182] [gpu_amcl_cpp]: AMCL local correction: odom_prediction=(-1.924, 3.714, 2.634) scan=(-1.911, 3.726, 2.617) correction=0.017 m/0.018 rad cluster_weight=0.974 publish=true
[gpu_amcl_cpp_node-6] [INFO] [1789013053.507315306] [gpu_amcl_cpp]: AMCL odom delta: at_scan=(-0.351, -4.739, -0.633) baseline=(-0.427, -4.677, -0.733) delta=(0.076, -0.062, 0.100) moved=true scan_age=0.050s
[ground_truth_amcl_monitor-7] [INFO] [1789013053.608798727] [ground_truth_amcl_monitor]: AMCL vs GT: gt=(-3.018, 3.265) amcl=(-2.973, 3.331) error=0.080 m / 0.087 rad; current_map=(-3.024, 3.236, -2.024) error=0.030 m / 0.000 rad; odom=(-4.046, 3.329, -2.024) error=1.030 m / 0.000 rad; ekf=(-3.995, 3.424, -2.110) error=0.990 m / 0.087 rad; RMS=0.130 m / 0.034 rad max=0.674 m / 0.156 rad samples=5790
[component_container-9] [INFO] [1789013053.856793334] [pure_pursuit_node]: Pure Pursuit: pose=(-3.195, 2.529, -1.703) cte=0.041 closest=1575 target=1620 path_dist=0.041 heading_err=0.015 steer=0.032 speed=3.335
[gpu_amcl_cpp_node-6] [INFO] [1789013053.866007226] [gpu_amcl_cpp]: AMCL local correction: odom_prediction=(-3.171, 2.664, -1.737) scan=(-3.179, 2.679, -1.731) correction=0.017 m/0.007 rad cluster_weight=0.969 publish=true
[gpu_amcl_cpp_node-6] [INFO] [1789013054.534261089] [gpu_amcl_cpp]: AMCL odom delta: at_scan=(2.466, -5.298, -0.328) baseline=(2.359, -5.264, -0.290) delta=(0.107, -0.034, -0.038) moved=true scan_age=0.049s
[ground_truth_amcl_monitor-7] [INFO] [1789013054.634974815] [ground_truth_amcl_monitor]: AMCL vs GT: gt=(-3.547, 0.403) amcl=(-3.492, 0.532) error=0.140 m / 0.041 rad; current_map=(-3.534, 0.428, -1.976) error=0.029 m / 0.000 rad; odom=(-4.576, 0.489, -1.976) error=1.033 m / 0.000 rad; ekf=(-4.576, 0.489, -1.976) error=1.033 m / 0.000 rad; RMS=0.129 m / 0.034 rad max=0.674 m / 0.156 rad samples=5830
[component_container-9] [INFO] [1789013054.882039226] [pure_pursuit_node]: Pure Pursuit: pose=(-3.862, -0.090, -2.348) cte=0.023 closest=1713 target=1757 path_dist=0.023 heading_err=0.007 steer=-0.237 speed=1.939
[gpu_amcl_cpp_node-6] [INFO] [1789013054.890250877] [gpu_amcl_cpp]: AMCL local correction: odom_prediction=(-3.791, -0.025, -2.279) scan=(-3.783, -0.005, -2.264) correction=0.022 m/0.016 rad cluster_weight=0.979 publish=true
[gpu_amcl_cpp_node-6] [WARN] [1789013055.333854431] [gpu_amcl_cpp]: Queued LiDAR scan until source-time odometry arrives (queued=1).
[gpu_amcl_cpp_node-6] [INFO] [1789013055.485629143] [gpu_amcl_cpp]: AMCL scan update #2955 completed; evaluating pose confidence.
[gpu_amcl_cpp_node-6] [INFO] [1789013055.535181886] [gpu_amcl_cpp]: AMCL odom delta: at_scan=(3.537, -6.765, -1.812) baseline=(3.556, -6.669, -1.710) delta=(-0.019, -0.097, -0.102) moved=true scan_age=0.051s
[ground_truth_amcl_monitor-7] [INFO] [1789013055.643574302] [ground_truth_amcl_monitor]: AMCL vs GT: gt=(-5.075, -0.386) amcl=(-5.062, -0.386) error=0.013 m / 0.000 rad; current_map=(-5.065, -0.388, 2.705) error=0.010 m / 0.000 rad; odom=(-6.147, -0.315, 2.705) error=1.074 m / 0.000 rad; ekf=(-6.147, -0.315, 2.705) error=1.074 m / 0.000 rad; RMS=0.129 m / 0.034 rad max=0.674 m / 0.156 rad samples=5871
[gpu_amcl_cpp_node-6] [INFO] [1789013055.682384742] [gpu_amcl_cpp]: Received LiDAR callback #2959 (1081 ranges).
[gpu_amcl_cpp_node-6] [INFO] [1789013055.682457769] [gpu_amcl_cpp]: Starting AMCL scan update #2959 (sampled from 1081 ranges).
[component_container-9] [INFO] [1789013055.931158745] [pure_pursuit_node]: Pure Pursuit: pose=(-5.492, 0.006, 2.084) cte=-0.011 closest=1810 target=1852 path_dist=0.011 heading_err=0.082 steer=-0.048 speed=2.941
[gpu_amcl_cpp_node-6] [INFO] [1789013055.940112328] [gpu_amcl_cpp]: AMCL local correction: odom_prediction=(-5.529, 0.034, 2.184) scan=(-5.532, 0.035, 2.191) correction=0.002 m/0.008 rad cluster_weight=0.956 publish=true
[gpu_amcl_cpp_node-6] [INFO] [1789013056.558895739] [gpu_amcl_cpp]: AMCL odom delta: at_scan=(1.150, -7.949, -3.000) baseline=(1.352, -7.921, -3.003) delta=(-0.202, -0.029, 0.002) moved=true scan_age=0.050s
[ground_truth_amcl_monitor-7] [INFO] [1789013056.660223068] [ground_truth_amcl_monitor]: AMCL vs GT: gt=(-6.165, 2.396) amcl=(-6.120, 2.122) error=0.277 m / 0.024 rad; current_map=(-6.147, 2.338, 1.684) error=0.060 m / 0.000 rad; odom=(-7.205, 2.434, 1.684) error=1.041 m / 0.000 rad; ekf=(-7.178, 2.218, 1.708) error=1.029 m / 0.024 rad; RMS=0.129 m / 0.034 rad max=0.674 m / 0.156 rad samples=5908
[component_container-9] [INFO] [1789013056.956720831] [pure_pursuit_node]: Pure Pursuit: pose=(-6.195, 3.935, 1.442) cte=-0.062 closest=2011 target=2060 path_dist=0.062 heading_err=0.041 steer=-0.038 speed=4.193
[gpu_amcl_cpp_node-6] [INFO] [1789013056.965874360] [gpu_amcl_cpp]: AMCL local correction: odom_prediction=(-6.218, 3.736, 1.515) scan=(-6.219, 3.744, 1.526) correction=0.008 m/0.011 rad cluster_weight=0.976 publish=true
[gpu_amcl_cpp_node-6] [INFO] [1789013057.582557079] [gpu_amcl_cpp]: AMCL odom delta: at_scan=(-2.926, -7.484, 2.712) baseline=(-2.773, -7.550, 2.752) delta=(-0.153, 0.066, -0.039) moved=true scan_age=0.049s
[ground_truth_amcl_monitor-7] [INFO] [1789013057.684084404] [ground_truth_amcl_monitor]: AMCL vs GT: gt=(-5.539, 6.251) amcl=(-5.583, 6.114) error=0.144 m / 0.056 rad; current_map=(-5.520, 6.231, 1.047) error=0.028 m / 0.000 rad; odom=(-6.556, 6.332, 1.047) error=1.020 m / 0.000 rad; ekf=(-6.619, 6.216, 1.102) error=1.080 m / 0.056 rad; RMS=0.130 m / 0.034 rad max=0.674 m / 0.156 rad samples=5948
[component_container-9] [INFO] [1789013057.980861012] [pure_pursuit_node]: Pure Pursuit: pose=(-4.954, 6.962, 0.702) cte=-0.016 closest=2176 target=2222 path_dist=0.016 heading_err=0.033 steer=-0.098 speed=3.041
[gpu_amcl_cpp_node-6] [INFO] [1789013057.990189740] [gpu_amcl_cpp]: AMCL local correction: odom_prediction=(-5.061, 6.870, 0.793) scan=(-5.081, 6.851, 0.808) correction=0.027 m/0.016 rad cluster_weight=0.996 publish=true
[gpu_amcl_cpp_node-6] [INFO] [1789013058.605899274] [gpu_amcl_cpp]: AMCL odom delta: at_scan=(-4.580, -5.114, 1.607) baseline=(-4.568, -5.284, 1.673) delta=(-0.012, 0.169, -0.066) moved=true scan_age=0.049s
[ground_truth_amcl_monitor-7] [INFO] [1789013058.706681250] [ground_truth_amcl_monitor]: AMCL vs GT: gt=(-2.980, 7.637) amcl=(-3.164, 7.637) error=0.184 m / 0.071 rad; current_map=(-2.991, 7.627, -0.092) error=0.015 m / 0.000 rad; odom=(-3.969, 7.729, -0.092) error=0.993 m / 0.000 rad; ekf=(-4.142, 7.739, -0.021) error=1.166 m / 0.071 rad; RMS=0.130 m / 0.034 rad max=0.674 m / 0.156 rad samples=5988
[component_container-9] [INFO] [1789013059.008524012] [pure_pursuit_node]: Pure Pursuit: pose=(-1.833, 7.219, -0.623) cte=-0.056 closest=2342 target=2390 path_dist=0.056 heading_err=0.073 steer=-0.069 speed=4.015
[gpu_amcl_cpp_node-6] [INFO] [1789013059.016312919] [gpu_amcl_cpp]: AMCL local correction: odom_prediction=(-1.990, 7.323, -0.533) scan=(-1.987, 7.324, -0.527) correction=0.004 m/0.005 rad cluster_weight=0.951 publish=true
[gpu_amcl_cpp_node-6] [WARN] [1789013059.257865916] [gpu_amcl_cpp]: Queued LiDAR scan until source-time odometry arrives (queued=1).
[gpu_amcl_cpp_node-6] [INFO] [1789013059.606677211] [gpu_amcl_cpp]: AMCL odom delta: at_scan=(-2.398, -2.080, 0.540) baseline=(-2.591, -2.200, 0.577) delta=(0.192, 0.120, -0.037) moved=true scan_age=0.050s
[ground_truth_amcl_monitor-7] [INFO] [1789013059.707969105] [ground_truth_amcl_monitor]: AMCL vs GT: gt=(-0.106, 5.134) amcl=(-0.201, 5.321) error=0.210 m / 0.043 rad; current_map=(-0.109, 5.149, -1.101) error=0.016 m / 0.000 rad; odom=(-1.078, 5.197, -1.101) error=0.974 m / 0.000 rad; ekf=(-1.078, 5.197, -1.101) error=0.974 m / 0.000 rad; RMS=0.130 m / 0.034 rad max=0.674 m / 0.156 rad samples=6028
[component_container-9] [INFO] [1789013060.055530072] [pure_pursuit_node]: Pure Pursuit: pose=(0.551, 3.454, -1.187) cte=-0.019 closest=2568 target=34 path_dist=0.019 heading_err=-0.060 steer=-0.098 speed=5.582
[gpu_amcl_cpp_node-6] [INFO] [1789013060.065095525] [gpu_amcl_cpp]: AMCL local correction: odom_prediction=(0.443, 3.699, -1.233) scan=(0.420, 3.735, -1.247) correction=0.044 m/0.013 rad cluster_weight=0.946 publish=true
[gpu_amcl_cpp_node-6] [INFO] [1789013060.509238674] [gpu_amcl_cpp]: AMCL scan update #3054 completed; evaluating pose confidence.
[gpu_amcl_cpp_node-6] [INFO] [1789013060.609266364] [gpu_amcl_cpp]: AMCL odom delta: at_scan=(2.223, -0.449, 0.170) baseline=(1.994, -0.494, 0.214) delta=(0.229, 0.045, -0.044) moved=true scan_age=0.051s
[gpu_amcl_cpp_node-6] [INFO] [1789013060.708868615] [gpu_amcl_cpp]: Received LiDAR callback #3058 (1081 ranges).
[gpu_amcl_cpp_node-6] [INFO] [1789013060.708935220] [gpu_amcl_cpp]: Starting AMCL scan update #3058 (sampled from 1081 ranges).
[ground_truth_amcl_monitor-7] [INFO] [1789013060.709846992] [ground_truth_amcl_monitor]: AMCL vs GT: gt=(1.312, 0.647) amcl=(1.261, 0.860) error=0.219 m / 0.040 rad; current_map=(1.290, 0.628, -1.468) error=0.029 m / 0.000 rad; odom=(0.416, 0.472, -1.468) error=0.913 m / 0.000 rad; ekf=(0.416, 0.472, -1.468) error=0.913 m / 0.000 rad; RMS=0.130 m / 0.034 rad max=0.674 m / 0.156 rad samples=6068
[gpu_amcl_cpp_node-6] [WARN] [1789013060.867120774] [gpu_amcl_cpp]: No local AMCL cluster near odometry prediction; using causal odometry pose.
[component_container-9] [INFO] [1789013061.058561978] [pure_pursuit_node]: Pure Pursuit: pose=(1.404, -1.505, -1.479) cte=-0.041 closest=234 target=287 path_dist=0.041 heading_err=-0.108 steer=-0.137 speed=5.011
[gpu_amcl_cpp_node-6] [INFO] [1789013061.068267765] [gpu_amcl_cpp]: AMCL local correction: odom_prediction=(1.387, -1.221, -1.536) scan=(1.402, -1.207, -1.542) correction=0.020 m/0.005 rad cluster_weight=0.961 publish=true
[gpu_amcl_cpp_node-6] [INFO] [1789013061.632599586] [gpu_amcl_cpp]: AMCL odom delta: at_scan=(7.214, -0.496, -0.237) baseline=(6.976, -0.440, -0.221) delta=(0.239, -0.056, -0.016) moved=true scan_age=0.050s
[ground_truth_amcl_monitor-7] [INFO] [1789013061.734321719] [ground_truth_amcl_monitor]: AMCL vs GT: gt=(1.088, -4.282) amcl=(1.163, -4.036) error=0.257 m / 0.001 rad; current_map=(1.103, -4.295, -1.802) error=0.020 m / 0.000 rad; odom=(0.184, -4.564, -1.802) error=0.947 m / 0.000 rad; ekf=(0.184, -4.564, -1.802) error=0.947 m / 0.000 rad; RMS=0.130 m / 0.034 rad max=0.674 m / 0.156 rad samples=6108
[component_container-9] [INFO] [1789013062.107046655] [pure_pursuit_node]: Pure Pursuit: pose=(0.648, -6.381, -1.713) cte=0.046 closest=481 target=531 path_dist=0.046 heading_err=-0.075 steer=-0.041 speed=4.076
[gpu_amcl_cpp_node-6] [INFO] [1789013062.115264196] [gpu_amcl_cpp]: AMCL local correction: odom_prediction=(0.677, -6.167, -1.787) scan=(0.669, -6.155, -1.795) correction=0.014 m/0.008 rad cluster_weight=0.956 publish=true
[gpu_amcl_cpp_node-6] [INFO] [1789013062.684018705] [gpu_amcl_cpp]: AMCL odom delta: at_scan=(11.831, -1.467, -0.239) baseline=(11.648, -1.426, -0.200) delta=(0.183, -0.041, -0.039) moved=true scan_age=0.051s
[ground_truth_amcl_monitor-7] [INFO] [1789013062.734708045] [ground_truth_amcl_monitor]: AMCL vs GT: gt=(0.200, -8.540) amcl=(0.261, -8.317) error=0.231 m / 0.024 rad; current_map=(0.215, -8.498, -1.834) error=0.044 m / 0.000 rad; odom=(-0.714, -8.856, -1.834) error=0.967 m / 0.000 rad; ekf=(-0.714, -8.856, -1.834) error=0.967 m / 0.000 rad; RMS=0.130 m / 0.034 rad max=0.674 m / 0.156 rad samples=6146
[component_container-9] [INFO] [1789013063.132331609] [pure_pursuit_node]: Pure Pursuit: pose=(-0.271, -9.533, -2.227) cte=-0.054 closest=646 target=690 path_dist=0.054 heading_err=0.066 steer=-0.237 speed=2.393
[gpu_amcl_cpp_node-6] [INFO] [1789013063.140148208] [gpu_amcl_cpp]: AMCL local correction: odom_prediction=(-0.205, -9.447, -2.196) scan=(-0.210, -9.460, -2.189) correction=0.014 m/0.007 rad cluster_weight=0.997 publish=true
[gpu_amcl_cpp_node-6] [INFO] [1789013063.708974985] [gpu_amcl_cpp]: AMCL odom delta: at_scan=(13.631, -3.090, -1.532) baseline=(13.620, -2.968, -1.430) delta=(0.011, -0.122, -0.102) moved=true scan_age=0.051s
[ground_truth_amcl_monitor-7] [INFO] [1789013063.762040056] [ground_truth_amcl_monitor]: AMCL vs GT: gt=(-1.480, -10.170) amcl=(-1.345, -10.143) error=0.137 m / 0.097 rad; current_map=(-1.470, -10.141, 3.083) error=0.030 m / 0.000 rad; odom=(-2.416, -10.472, 3.083) error=0.984 m / 0.000 rad; ekf=(-2.416, -10.472, 3.083) error=0.984 m / 0.000 rad; RMS=0.130 m / 0.034 rad max=0.674 m / 0.156 rad samples=6186
[component_container-9] [INFO] [1789013064.181507914] [pure_pursuit_node]: Pure Pursuit: pose=(-2.461, -9.589, 2.244) cte=-0.046 closest=771 target=816 path_dist=0.046 heading_err=-0.006 steer=-0.153 speed=2.977
[gpu_amcl_cpp_node-6] [INFO] [1789013064.190147167] [gpu_amcl_cpp]: AMCL local correction: odom_prediction=(-2.379, -9.683, 2.311) scan=(-2.386, -9.679, 2.321) correction=0.007 m/0.010 rad cluster_weight=0.987 publish=true
[gpu_amcl_cpp_node-6] [INFO] [1789013064.731858577] [gpu_amcl_cpp]: AMCL odom delta: at_scan=(11.565, -4.820, -2.966) baseline=(11.757, -4.781, -2.916) delta=(-0.192, -0.039, -0.051) moved=true scan_age=0.050s
[ground_truth_amcl_monitor-7] [INFO] [1789013064.781685387] [ground_truth_amcl_monitor]: AMCL vs GT: gt=(-3.104, -7.906) amcl=(-3.078, -8.079) error=0.175 m / 0.043 rad; current_map=(-3.108, -7.881, 1.703) error=0.026 m / 0.000 rad; odom=(-4.051, -8.209, 1.703) error=0.995 m / 0.000 rad; ekf=(-4.051, -8.209, 1.703) error=0.995 m / 0.000 rad; RMS=0.130 m / 0.034 rad max=0.674 m / 0.156 rad samples=6226
[gpu_amcl_cpp_node-6] [INFO] [1789013065.190188797] [gpu_amcl_cpp]: AMCL local correction: odom_prediction=(-3.091, -6.090, 1.437) scan=(-3.097, -6.102, 1.433) correction=0.014 m/0.004 rad cluster_weight=0.978 publish=true
[component_container-9] [INFO] [1789013065.231676046] [pure_pursuit_node]: Pure Pursuit: pose=(-3.008, -5.593, 1.374) cte=0.012 closest=977 target=1029 path_dist=0.012 heading_err=-0.004 steer=-0.030 speed=5.010
[gpu_amcl_cpp_node-6] [INFO] [1789013065.531924003] [gpu_amcl_cpp]: AMCL scan update #3152 completed; evaluating pose confidence.
[gpu_amcl_cpp_node-6] [INFO] [1789013065.733181205] [gpu_amcl_cpp]: Received LiDAR callback #3156 (1081 ranges).
[gpu_amcl_cpp_node-6] [INFO] [1789013065.733254232] [gpu_amcl_cpp]: AMCL odom delta: at_scan=(6.775, -4.161, 2.915) baseline=(7.051, -4.227, 2.898) delta=(-0.276, 0.066, 0.016) moved=true scan_age=0.049s
[gpu_amcl_cpp_node-6] [INFO] [1789013065.733289368] [gpu_amcl_cpp]: Starting AMCL scan update #3156 (sampled from 1081 ranges).
[ground_truth_amcl_monitor-7] [INFO] [1789013065.783475443] [ground_truth_amcl_monitor]: AMCL vs GT: gt=(-2.362, -3.089) amcl=(-2.407, -3.349) error=0.264 m / 0.007 rad; current_map=(-2.342, -3.074, 1.337) error=0.025 m / 0.000 rad; odom=(-3.297, -3.343, 1.337) error=0.968 m / 0.000 rad; ekf=(-3.297, -3.343, 1.337) error=0.968 m / 0.000 rad; RMS=0.131 m / 0.034 rad max=0.674 m / 0.156 rad samples=6266
[gpu_amcl_cpp_node-6] [INFO] [1789013066.197477129] [gpu_amcl_cpp]: AMCL local correction: odom_prediction=(-1.708, -0.838, 1.287) scan=(-1.720, -0.862, 1.279) correction=0.026 m/0.008 rad cluster_weight=0.951 publish=true
[component_container-9] [INFO] [1789013066.257481522] [pure_pursuit_node]: Pure Pursuit: pose=(-1.535, -0.287, 1.245) cte=0.082 closest=1253 target=1303 path_dist=0.082 heading_err=0.111 steer=0.178 speed=3.779
[gpu_amcl_cpp_node-6] [WARN] [1789013066.257601437] [gpu_amcl_cpp]: Queued LiDAR scan until source-time odometry arrives (queued=1).
[gpu_amcl_cpp_node-6] [INFO] [1789013066.757121020] [gpu_amcl_cpp]: AMCL odom delta: at_scan=(2.123, -3.030, 3.074) baseline=(2.291, -3.042, 3.073) delta=(-0.168, 0.012, 0.001) moved=true scan_age=0.049s
[ground_truth_amcl_monitor-7] [INFO] [1789013066.808092279] [ground_truth_amcl_monitor]: AMCL vs GT: gt=(-1.296, 1.402) amcl=(-1.299, 1.290) error=0.113 m / 0.008 rad; current_map=(-1.289, 1.450, 1.511) error=0.048 m / 0.000 rad; odom=(-2.220, 1.195, 1.511) error=0.946 m / 0.000 rad; ekf=(-2.220, 1.195, 1.511) error=0.946 m / 0.000 rad; RMS=0.131 m / 0.034 rad max=0.674 m / 0.156 rad samples=6306
[gpu_amcl_cpp_node-6] [INFO] [1789013067.218209844] [gpu_amcl_cpp]: AMCL local correction: odom_prediction=(-1.263, 2.660, 1.692) scan=(-1.256, 2.669, 1.682) correction=0.011 m/0.009 rad cluster_weight=0.974 publish=true
[component_container-9] [INFO] [1789013067.257530725] [pure_pursuit_node]: Pure Pursuit: pose=(-1.292, 2.837, 1.777) cte=0.042 closest=1409 target=1452 path_dist=0.042 heading_err=0.024 steer=0.209 speed=1.926
[gpu_amcl_cpp_node-6] [INFO] [1789013067.806670011] [gpu_amcl_cpp]: AMCL odom delta: at_scan=(-0.218, -3.461, -2.281) baseline=(-0.156, -3.395, -2.369) delta=(-0.062, -0.066, 0.088) moved=true scan_age=0.050s
[ground_truth_amcl_monitor-7] [INFO] [1789013067.816829009] [ground_truth_amcl_monitor]: AMCL vs GT: gt=(-1.731, 3.591) amcl=(-1.724, 3.620) error=0.030 m / 0.000 rad; current_map=(-1.726, 3.618, 2.431) error=0.028 m / 0.000 rad; odom=(-2.660, 3.376, 2.431) error=0.954 m / 0.000 rad; ekf=(-2.660, 3.376, 2.431) error=0.954 m / 0.000 rad; RMS=0.130 m / 0.034 rad max=0.674 m / 0.156 rad samples=6347
[component_container-9] [INFO] [1789013068.258755861] [pure_pursuit_node]: Pure Pursuit: pose=(-2.572, 3.811, -2.807) cte=0.008 closest=1501 target=1544 path_dist=0.008 heading_err=0.073 steer=0.418 speed=1.907
[gpu_amcl_cpp_node-6] [INFO] [1789013068.268224803] [gpu_amcl_cpp]: AMCL local correction: odom_prediction=(-2.483, 3.840, -2.919) scan=(-2.457, 3.846, -2.930) correction=0.026 m/0.011 rad cluster_weight=0.978 publish=true
[gpu_amcl_cpp_node-6] [INFO] [1789013068.835213030] [gpu_amcl_cpp]: AMCL odom delta: at_scan=(0.391, -4.948, -0.257) baseline=(0.285, -4.917, -0.315) delta=(0.107, -0.031, 0.057) moved=true scan_age=0.050s
[ground_truth_amcl_monitor-7] [INFO] [1789013068.836331350] [ground_truth_amcl_monitor]: AMCL vs GT: gt=(-3.128, 3.004) amcl=(-3.085, 3.083) error=0.090 m / 0.057 rad; current_map=(-3.117, 2.977, -1.828) error=0.030 m / 0.000 rad; odom=(-4.148, 2.766, -1.828) error=1.047 m / 0.000 rad; ekf=(-4.148, 2.766, -1.828) error=1.047 m / 0.000 rad; RMS=0.130 m / 0.034 rad max=0.674 m / 0.156 rad samples=6386
[component_container-9] [INFO] [1789013069.305941140] [pure_pursuit_node]: Pure Pursuit: pose=(-3.304, 1.401, -1.671) cte=0.015 closest=1631 target=1678 path_dist=0.015 heading_err=-0.012 steer=-0.065 speed=3.251
[gpu_amcl_cpp_node-6] [INFO] [1789013069.313939130] [gpu_amcl_cpp]: AMCL local correction: odom_prediction=(-3.290, 1.569, -1.662) scan=(-3.292, 1.596, -1.651) correction=0.027 m/0.011 rad cluster_weight=0.970 publish=true
[gpu_amcl_cpp_node-6] [INFO] [1789013069.857104763] [gpu_amcl_cpp]: AMCL odom delta: at_scan=(3.184, -5.470, -0.504) baseline=(3.088, -5.421, -0.454) delta=(0.095, -0.049, -0.049) moved=true scan_age=0.050s
[ground_truth_amcl_monitor-7] [INFO] [1789013069.858235978] [ground_truth_amcl_monitor]: AMCL vs GT: gt=(-3.646, 0.199) amcl=(-3.583, 0.318) error=0.134 m / 0.049 rad; current_map=(-3.632, 0.223, -2.074) error=0.027 m / 0.000 rad; odom=(-4.670, -0.026, -2.074) error=1.049 m / 0.000 rad; ekf=(-4.621, 0.070, -2.025) error=0.984 m / 0.049 rad; RMS=0.130 m / 0.034 rad max=0.674 m / 0.156 rad samples=6426
[component_container-9] [INFO] [1789013070.309679525] [pure_pursuit_node]: Pure Pursuit: pose=(-4.348, -0.434, -2.812) cte=-0.027 closest=1743 target=1787 path_dist=0.027 heading_err=0.030 steer=-0.341 speed=1.970
[gpu_amcl_cpp_node-6] [INFO] [1789013070.319054891] [gpu_amcl_cpp]: AMCL local correction: odom_prediction=(-4.254, -0.396, -2.729) scan=(-4.239, -0.396, -2.708) correction=0.015 m/0.021 rad cluster_weight=0.984 publish=true
[gpu_amcl_cpp_node-6] [INFO] [1789013070.533856713] [gpu_amcl_cpp]: AMCL scan update #3251 completed; evaluating pose confidence.
[gpu_amcl_cpp_node-6] [INFO] [1789013070.739485239] [gpu_amcl_cpp]: Received LiDAR callback #3255 (1081 ranges).
[gpu_amcl_cpp_node-6] [INFO] [1789013070.739562584] [gpu_amcl_cpp]: Starting AMCL scan update #3255 (sampled from 1081 ranges).
[ground_truth_amcl_monitor-7] [INFO] [1789013070.867113475] [ground_truth_amcl_monitor]: AMCL vs GT: gt=(-5.249, -0.279) amcl=(-5.235, -0.264) error=0.021 m / 0.000 rad; current_map=(-5.232, -0.259, 2.510) error=0.027 m / 0.000 rad; odom=(-6.321, -0.512, 2.510) error=1.096 m / 0.000 rad; ekf=(-6.321, -0.512, 2.510) error=1.096 m / 0.000 rad; RMS=0.130 m / 0.035 rad max=0.674 m / 0.156 rad samples=6465
[gpu_amcl_cpp_node-6] [INFO] [1789013070.906043473] [gpu_amcl_cpp]: AMCL odom delta: at_scan=(3.605, -7.202, -2.293) baseline=(3.670, -7.121, -2.203) delta=(-0.065, -0.081, -0.090) moved=true scan_age=0.049s
[component_container-9] [INFO] [1789013071.355962871] [pure_pursuit_node]: Pure Pursuit: pose=(-5.928, 0.991, 1.791) cte=-0.045 closest=1863 target=1910 path_dist=0.045 heading_err=0.043 steer=-0.037 speed=3.926
[gpu_amcl_cpp_node-6] [INFO] [1789013071.366161383] [gpu_amcl_cpp]: AMCL local correction: odom_prediction=(-5.890, 0.831, 1.831) scan=(-5.885, 0.804, 1.834) correction=0.027 m/0.003 rad cluster_weight=0.960 publish=true
[ground_truth_amcl_monitor-7] [INFO] [1789013071.869716475] [ground_truth_amcl_monitor]: AMCL vs GT: gt=(-6.168, 2.852) amcl=(-6.160, 2.809) error=0.043 m / 0.000 rad; current_map=(-6.158, 2.806, 1.608) error=0.047 m / 0.000 rad; odom=(-7.232, 2.605, 1.608) error=1.092 m / 0.000 rad; ekf=(-7.232, 2.605, 1.608) error=1.092 m / 0.000 rad; RMS=0.130 m / 0.035 rad max=0.674 m / 0.156 rad samples=6505
[gpu_amcl_cpp_node-6] [INFO] [1789013071.909762058] [gpu_amcl_cpp]: AMCL odom delta: at_scan=(0.304, -8.040, -3.118) baseline=(0.553, -8.032, -3.105) delta=(-0.249, -0.008, -0.014) moved=true scan_age=0.052s
[component_container-9] [INFO] [1789013072.383880702] [pure_pursuit_node]: Pure Pursuit: pose=(-5.839, 5.454, 1.244) cte=-0.018 closest=2089 target=2138 path_dist=0.018 heading_err=-0.004 steer=-0.078 speed=3.322
[gpu_amcl_cpp_node-6] [INFO] [1789013072.392256310] [gpu_amcl_cpp]: AMCL local correction: odom_prediction=(-5.901, 5.257, 1.316) scan=(-5.904, 5.255, 1.327) correction=0.003 m/0.011 rad cluster_weight=0.990 publish=true
[ground_truth_amcl_monitor-7] [INFO] [1789013072.875141167] [ground_truth_amcl_monitor]: AMCL vs GT: gt=(-5.260, 6.645) amcl=(-5.246, 6.632) error=0.018 m / 0.000 rad; current_map=(-5.241, 6.630, 0.906) error=0.023 m / 0.000 rad; odom=(-6.300, 6.426, 0.906) error=1.064 m / 0.000 rad; ekf=(-6.300, 6.426, 0.906) error=1.064 m / 0.000 rad; RMS=0.130 m / 0.035 rad max=0.674 m / 0.156 rad samples=6543
[gpu_amcl_cpp_node-6] [INFO] [1789013072.919875596] [gpu_amcl_cpp]: AMCL odom delta: at_scan=(-3.384, -7.004, 2.412) baseline=(-3.268, -7.101, 2.477) delta=(-0.116, 0.097, -0.065) moved=true scan_age=0.055s
[component_container-9] [INFO] [1789013073.385252395] [pure_pursuit_node]: Pure Pursuit: pose=(-3.823, 7.542, 0.240) cte=-0.008 closest=2240 target=2287 path_dist=0.008 heading_err=-0.024 steer=-0.160 speed=3.471
[gpu_amcl_cpp_node-6] [INFO] [1789013073.442282154] [gpu_amcl_cpp]: AMCL local correction: odom_prediction=(-3.823, 7.545, 0.234) scan=(-3.827, 7.553, 0.248) correction=0.009 m/0.015 rad cluster_weight=0.985 publish=true
[ground_truth_amcl_monitor-7] [INFO] [1789013073.885295456] [ground_truth_amcl_monitor]: AMCL vs GT: gt=(-2.308, 7.436) amcl=(-2.466, 7.500) error=0.171 m / 0.075 rad; current_map=(-2.307, 7.440, -0.396) error=0.004 m / 0.000 rad; odom=(-3.339, 7.213, -0.396) error=1.055 m / 0.000 rad; ekf=(-3.499, 7.273, -0.321) error=1.202 m / 0.075 rad; RMS=0.130 m / 0.035 rad max=0.674 m / 0.156 rad samples=6582
[gpu_amcl_cpp_node-6] [INFO] [1789013073.935645781] [gpu_amcl_cpp]: AMCL odom delta: at_scan=(-3.978, -3.974, 1.098) baseline=(-4.055, -4.140, 1.174) delta=(0.077, 0.166, -0.076) moved=true scan_age=0.050s
[component_container-9] [INFO] [1789013074.407131445] [pure_pursuit_node]: Pure Pursuit: pose=(-0.583, 5.851, -1.036) cte=0.003 closest=2435 target=2486 path_dist=0.003 heading_err=0.051 steer=0.000 speed=5.385
[gpu_amcl_cpp_node-6] [INFO] [1789013074.466054289] [gpu_amcl_cpp]: AMCL local correction: odom_prediction=(-0.580, 5.854, -1.014) scan=(-0.589, 5.865, -1.015) correction=0.014 m/0.001 rad cluster_weight=0.976 publish=true
[ground_truth_amcl_monitor-7] [INFO] [1789013074.910162259] [ground_truth_amcl_monitor]: AMCL vs GT: gt=(0.422, 3.801) amcl=(0.324, 4.065) error=0.281 m / 0.031 rad; current_map=(0.419, 3.828, -1.173) error=0.027 m / 0.000 rad; odom=(-0.583, 3.532, -1.173) error=1.041 m / 0.000 rad; ekf=(-0.583, 3.532, -1.173) error=1.041 m / 0.000 rad; RMS=0.130 m / 0.035 rad max=0.674 m / 0.156 rad samples=6622
[gpu_amcl_cpp_node-6] [INFO] [1789013074.963492340] [gpu_amcl_cpp]: AMCL odom delta: at_scan=(-0.113, -1.274, 0.396) baseline=(-0.374, -1.384, 0.398) delta=(0.262, 0.110, -0.002) moved=true scan_age=0.053s
[gpu_amcl_cpp_node-6] [WARN] [1789013075.289173312] [gpu_amcl_cpp]: No local AMCL cluster near odometry prediction; using causal odometry pose.
[component_container-9] [INFO] [1789013075.429242395] [pure_pursuit_node]: Pure Pursuit: pose=(1.185, 0.960, -1.400) cte=-0.017 closest=111 target=163 path_dist=0.017 heading_err=-0.001 steer=-0.013 speed=5.310
[gpu_amcl_cpp_node-6] [INFO] [1789013075.488041557] [gpu_amcl_cpp]: AMCL local correction: odom_prediction=(1.183, 0.960, -1.398) scan=(1.168, 1.011, -1.398) correction=0.053 m/0.000 rad cluster_weight=0.935 publish=true
[gpu_amcl_cpp_node-6] [INFO] [1789013075.583307231] [gpu_amcl_cpp]: AMCL scan update #3349 completed; evaluating pose confidence.
[gpu_amcl_cpp_node-6] [INFO] [1789013075.782226331] [gpu_amcl_cpp]: Received LiDAR callback #3353 (1081 ranges).
[gpu_amcl_cpp_node-6] [INFO] [1789013075.782293186] [gpu_amcl_cpp]: Starting AMCL scan update #3353 (sampled from 1081 ranges).
[ground_truth_amcl_monitor-7] [INFO] [1789013075.933144988] [ground_truth_amcl_monitor]: AMCL vs GT: gt=(1.404, -1.160) amcl=(1.387, -1.056) error=0.106 m / 0.027 rad; current_map=(1.377, -1.301, -1.626) error=0.144 m / 0.000 rad; odom=(0.421, -1.662, -1.626) error=1.104 m / 0.000 rad; ekf=(0.421, -1.662, -1.626) error=1.104 m / 0.000 rad; RMS=0.131 m / 0.035 rad max=0.674 m / 0.156 rad samples=6662
[gpu_amcl_cpp_node-6] [INFO] [1789013075.983321678] [gpu_amcl_cpp]: AMCL odom delta: at_scan=(5.085, -0.392, -0.043) baseline=(4.819, -0.379, -0.055) delta=(0.266, -0.013, 0.013) moved=true scan_age=0.050s
[component_container-9] [INFO] [1789013076.430997552] [pure_pursuit_node]: Pure Pursuit: pose=(1.154, -4.157, -1.699) cte=-0.036 closest=367 target=420 path_dist=0.036 heading_err=-0.025 steer=-0.070 speed=6.119
[gpu_amcl_cpp_node-6] [INFO] [1789013076.489365855] [gpu_amcl_cpp]: AMCL local correction: odom_prediction=(1.154, -4.127, -1.705) scan=(1.161, -4.060, -1.709) correction=0.068 m/0.005 rad cluster_weight=0.915 publish=true
[ground_truth_amcl_monitor-7] [INFO] [1789013076.958950323] [ground_truth_amcl_monitor]: AMCL vs GT: gt=(0.653, -6.499) amcl=(0.714, -6.203) error=0.302 m / 0.060 rad; current_map=(0.661, -6.494, -1.781) error=0.010 m / 0.000 rad; odom=(-0.352, -7.140, -1.781) error=1.192 m / 0.000 rad; ekf=(-0.299, -6.850, -1.721) error=1.014 m / 0.060 rad; RMS=0.131 m / 0.035 rad max=0.674 m / 0.156 rad samples=6702
[gpu_amcl_cpp_node-6] [INFO] [1789013077.009833369] [gpu_amcl_cpp]: AMCL odom delta: at_scan=(10.486, -1.198, -0.271) baseline=(10.298, -1.151, -0.211) delta=(0.188, -0.046, -0.061) moved=true scan_age=0.052s
[component_container-9] [INFO] [1789013077.454346105] [pure_pursuit_node]: Pure Pursuit: pose=(0.139, -8.502, -1.904) cte=0.013 closest=591 target=638 path_dist=0.013 heading_err=0.007 steer=-0.057 speed=2.836
[gpu_amcl_cpp_node-6] [INFO] [1789013077.512590045] [gpu_amcl_cpp]: AMCL local correction: odom_prediction=(0.145, -8.501, -1.883) scan=(0.146, -8.495, -1.889) correction=0.007 m/0.006 rad cluster_weight=0.983 publish=true
[ground_truth_amcl_monitor-7] [INFO] [1789013077.960832265] [ground_truth_amcl_monitor]: AMCL vs GT: gt=(-0.332, -9.537) amcl=(-0.250, -9.415) error=0.147 m / 0.056 rad; current_map=(-0.320, -9.519, -2.192) error=0.022 m / 0.000 rad; odom=(-1.360, -10.231, -2.192) error=1.240 m / 0.000 rad; ekf=(-1.360, -10.231, -2.192) error=1.240 m / 0.000 rad; RMS=0.131 m / 0.035 rad max=0.674 m / 0.156 rad samples=6742
[gpu_amcl_cpp_node-6] [INFO] [1789013078.011191928] [gpu_amcl_cpp]: AMCL odom delta: at_scan=(13.487, -2.235, -0.698) baseline=(13.389, -2.159, -0.621) delta=(0.098, -0.076, -0.077) moved=true scan_age=0.052s
[gpu_amcl_cpp_node-6] [WARN] [1789013078.114511509] [gpu_amcl_cpp]: Queued LiDAR scan until source-time odometry arrives (queued=1).
[component_container-9] [INFO] [1789013078.486565542] [pure_pursuit_node]: Pure Pursuit: pose=(-1.539, -10.102, 3.035) cte=-0.004 closest=718 target=762 path_dist=0.004 heading_err=-0.033 steer=-0.266 speed=2.573
[gpu_amcl_cpp_node-6] [INFO] [1789013078.547271776] [gpu_amcl_cpp]: AMCL local correction: odom_prediction=(-1.539, -10.098, 3.041) scan=(-1.530, -10.092, 3.063) correction=0.011 m/0.022 rad cluster_weight=0.996 publish=true
[ground_truth_amcl_monitor-7] [INFO] [1789013078.969534460] [ground_truth_amcl_monitor]: AMCL vs GT: gt=(-2.436, -9.619) amcl=(-2.447, -9.579) error=0.041 m / 0.000 rad; current_map=(-2.450, -9.578, 2.270) error=0.043 m / 0.000 rad; odom=(-3.515, -10.311, 2.270) error=1.282 m / 0.000 rad; ekf=(-3.515, -10.311, 2.270) error=1.282 m / 0.000 rad; RMS=0.131 m / 0.035 rad max=0.674 m / 0.156 rad samples=6781
[gpu_amcl_cpp_node-6] [INFO] [1789013079.059779527] [gpu_amcl_cpp]: AMCL odom delta: at_scan=(13.240, -4.481, -2.580) baseline=(13.360, -4.400, -2.513) delta=(-0.120, -0.081, -0.066) moved=true scan_age=0.051s
[component_container-9] [INFO] [1789013079.531209687] [pure_pursuit_node]: Pure Pursuit: pose=(-3.140, -7.545, 1.636) cte=-0.003 closest=879 target=928 path_dist=0.003 heading_err=0.022 steer=-0.032 speed=4.699
[gpu_amcl_cpp_node-6] [INFO] [1789013079.588220662] [gpu_amcl_cpp]: AMCL local correction: odom_prediction=(-3.140, -7.553, 1.645) scan=(-3.139, -7.567, 1.657) correction=0.014 m/0.012 rad cluster_weight=0.985 publish=true
[ground_truth_amcl_monitor-7] [INFO] [1789013079.993182166] [ground_truth_amcl_monitor]: AMCL vs GT: gt=(-3.038, -5.683) amcl=(-3.065, -5.916) error=0.235 m / 0.021 rad; current_map=(-3.019, -5.672, 1.376) error=0.022 m / 0.000 rad; odom=(-4.105, -6.340, 1.376) error=1.253 m / 0.000 rad; ekf=(-4.105, -6.340, 1.376) error=1.253 m / 0.000 rad; RMS=0.131 m / 0.035 rad max=0.674 m / 0.156 rad samples=6820
[gpu_amcl_cpp_node-6] [INFO] [1789013080.107443014] [gpu_amcl_cpp]: AMCL odom delta: at_scan=(8.882, -4.776, 2.934) baseline=(9.220, -4.847, 2.933) delta=(-0.338, 0.071, 0.000) moved=true scan_age=0.050s
[component_container-9] [INFO] [1789013080.579439570] [pure_pursuit_node]: Pure Pursuit: pose=(-2.186, -2.367, 1.361) cte=-0.051 closest=1144 target=1197 path_dist=0.051 heading_err=-0.051 steer=-0.067 speed=5.543
[gpu_amcl_cpp_node-6] [INFO] [1789013080.589129598] [gpu_amcl_cpp]: AMCL local correction: odom_prediction=(-2.239, -2.635, 1.412) scan=(-2.229, -2.626, 1.405) correction=0.013 m/0.007 rad cluster_weight=0.947 publish=true
[gpu_amcl_cpp_node-6] [INFO] [1789013080.631830599] [gpu_amcl_cpp]: AMCL scan update #3448 completed; evaluating pose confidence.
[gpu_amcl_cpp_node-6] [INFO] [1789013080.782423809] [gpu_amcl_cpp]: Received LiDAR callback #3451 (1081 ranges).
[gpu_amcl_cpp_node-6] [INFO] [1789013080.782531220] [gpu_amcl_cpp]: Starting AMCL scan update #3451 (sampled from 1081 ranges).
[ground_truth_amcl_monitor-7] [INFO] [1789013080.994105441] [ground_truth_amcl_monitor]: AMCL vs GT: gt=(-1.761, -0.755) amcl=(-1.745, -0.717) error=0.042 m / 0.000 rad; current_map=(-1.747, -0.726, 1.350) error=0.033 m / 0.000 rad; odom=(-2.808, -1.341, 1.350) error=1.200 m / 0.000 rad; ekf=(-2.808, -1.341, 1.350) error=1.200 m / 0.000 rad; RMS=0.131 m / 0.035 rad max=0.674 m / 0.156 rad samples=6859
[gpu_amcl_cpp_node-6] [INFO] [1789013081.132189349] [gpu_amcl_cpp]: AMCL odom delta: at_scan=(3.905, -3.433, 2.812) baseline=(4.266, -3.547, 2.854) delta=(-0.360, 0.115, -0.041) moved=true scan_age=0.049s
[component_container-9] [INFO] [1789013081.580849862] [pure_pursuit_node]: Pure Pursuit: pose=(-1.213, 1.496, 1.505) cte=0.090 closest=1343 target=1389 path_dist=0.090 heading_err=-0.050 steer=0.099 speed=2.942
[gpu_amcl_cpp_node-6] [INFO] [1789013081.590128588] [gpu_amcl_cpp]: AMCL local correction: odom_prediction=(-1.221, 1.389, 1.475) scan=(-1.217, 1.491, 1.453) correction=0.103 m/0.021 rad cluster_weight=0.937 publish=true
[ground_truth_amcl_monitor-7] [INFO] [1789013081.995260285] [ground_truth_amcl_monitor]: AMCL vs GT: gt=(-1.273, 2.687) amcl=(-1.250, 2.599) error=0.091 m / 0.000 rad; current_map=(-1.255, 2.592, 1.733) error=0.097 m / 0.000 rad; odom=(-2.436, 1.698, 1.733) error=1.527 m / 0.000 rad; ekf=(-2.436, 1.698, 1.733) error=1.527 m / 0.000 rad; RMS=0.133 m / 0.035 rad max=0.674 m / 0.156 rad samples=6897
[gpu_amcl_cpp_node-6] [INFO] [1789013082.135722680] [gpu_amcl_cpp]: AMCL odom delta: at_scan=(1.156, -3.307, -2.854) baseline=(1.241, -3.283, -2.888) delta=(-0.085, -0.024, 0.034) moved=true scan_age=0.050s
[component_container-9] [INFO] [1789013082.606647147] [pure_pursuit_node]: Pure Pursuit: pose=(-1.830, 3.737, 2.578) cte=-0.000 closest=1462 target=1505 path_dist=0.000 heading_err=-0.035 steer=0.391 speed=1.918
[gpu_amcl_cpp_node-6] [INFO] [1789013082.614457795] [gpu_amcl_cpp]: AMCL local correction: odom_prediction=(-1.754, 3.692, 2.488) scan=(-1.767, 3.717, 2.469) correction=0.029 m/0.019 rad cluster_weight=0.979 publish=true
[ground_truth_amcl_monitor-7] [INFO] [1789013083.014941315] [ground_truth_amcl_monitor]: AMCL vs GT: gt=(-2.434, 3.856) amcl=(-2.359, 3.914) error=0.095 m / 0.112 rad; current_map=(-2.451, 3.900, -2.929) error=0.046 m / 0.000 rad; odom=(-3.656, 2.895, -2.929) error=1.554 m / 0.000 rad; ekf=(-3.564, 2.910, -3.041) error=1.474 m / 0.112 rad; RMS=0.132 m / 0.035 rad max=0.674 m / 0.156 rad samples=6936
[gpu_amcl_cpp_node-6] [INFO] [1789013083.182164858] [gpu_amcl_cpp]: AMCL odom delta: at_scan=(0.374, -4.728, -1.003) baseline=(0.331, -4.653, -1.108) delta=(0.043, -0.075, 0.105) moved=true scan_age=0.050s
[component_container-9] [INFO] [1789013083.636940780] [pure_pursuit_node]: Pure Pursuit: pose=(-3.147, 2.921, -1.761) cte=0.042 closest=1555 target=1599 path_dist=0.042 heading_err=0.036 steer=0.069 speed=2.789
[gpu_amcl_cpp_node-6] [INFO] [1789013083.645066781] [gpu_amcl_cpp]: AMCL local correction: odom_prediction=(-3.119, 3.028, -1.817) scan=(-3.119, 3.021, -1.821) correction=0.007 m/0.004 rad cluster_weight=0.966 publish=true
[ground_truth_amcl_monitor-7] [INFO] [1789013084.018808742] [ground_truth_amcl_monitor]: AMCL vs GT: gt=(-3.267, 2.008) amcl=(-3.254, 2.001) error=0.014 m / 0.000 rad; current_map=(-3.255, 2.007, -1.658) error=0.012 m / 0.000 rad; odom=(-4.521, 1.048, -1.658) error=1.580 m / 0.000 rad; ekf=(-4.521, 1.048, -1.658) error=1.580 m / 0.000 rad; RMS=0.132 m / 0.035 rad max=0.674 m / 0.156 rad samples=6975
[gpu_amcl_cpp_node-6] [INFO] [1789013084.206966671] [gpu_amcl_cpp]: AMCL odom delta: at_scan=(2.778, -5.379, -0.097) baseline=(2.610, -5.364, -0.083) delta=(0.168, -0.015, -0.014) moved=true scan_age=0.050s
[component_container-9] [INFO] [1789013084.655620938] [pure_pursuit_node]: Pure Pursuit: pose=(-3.672, 0.162, -2.121) cte=0.030 closest=1697 target=1741 path_dist=0.030 heading_err=-0.028 steer=-0.243 speed=1.970
[gpu_amcl_cpp_node-6] [INFO] [1789013084.664149956] [gpu_amcl_cpp]: AMCL local correction: odom_prediction=(-3.619, 0.247, -2.075) scan=(-3.615, 0.251, -2.063) correction=0.006 m/0.012 rad cluster_weight=0.988 publish=true
[ground_truth_amcl_monitor-7] [INFO] [1789013085.027283196] [ground_truth_amcl_monitor]: AMCL vs GT: gt=(-4.091, -0.287) amcl=(-4.065, -0.289) error=0.026 m / 0.000 rad; current_map=(-4.063, -0.297, -2.552) error=0.030 m / 0.000 rad; odom=(-5.360, -1.259, -2.552) error=1.597 m / 0.000 rad; ekf=(-5.360, -1.259, -2.552) error=1.597 m / 0.000 rad; RMS=0.132 m / 0.035 rad max=0.674 m / 0.156 rad samples=7015
[gpu_amcl_cpp_node-6] [INFO] [1789013085.233132820] [gpu_amcl_cpp]: AMCL odom delta: at_scan=(4.587, -6.545, -1.348) baseline=(4.561, -6.453, -1.254) delta=(0.025, -0.091, -0.094) moved=true scan_age=0.050s
[gpu_amcl_cpp_node-6] [INFO] [1789013085.641826744] [gpu_amcl_cpp]: AMCL scan update #3545 completed; evaluating pose confidence.
[component_container-9] [INFO] [1789013085.705746866] [pure_pursuit_node]: Pure Pursuit: pose=(-5.383, -0.163, 2.359) cte=-0.027 closest=1800 target=1843 path_dist=0.027 heading_err=-0.074 steer=-0.227 speed=2.508
[gpu_amcl_cpp_node-6] [INFO] [1789013085.713965811] [gpu_amcl_cpp]: AMCL local correction: odom_prediction=(-5.298, -0.232, 2.450) scan=(-5.291, -0.226, 2.461) correction=0.009 m/0.011 rad cluster_weight=0.968 publish=true
[gpu_amcl_cpp_node-6] [INFO] [1789013085.807929734] [gpu_amcl_cpp]: Received LiDAR callback #3548 (1081 ranges).
[gpu_amcl_cpp_node-6] [INFO] [1789013085.808009354] [gpu_amcl_cpp]: Starting AMCL scan update #3548 (sampled from 1081 ranges).
[ground_truth_amcl_monitor-7] [INFO] [1789013086.061361498] [ground_truth_amcl_monitor]: AMCL vs GT: gt=(-5.786, 0.481) amcl=(-5.712, 0.358) error=0.144 m / 0.054 rad; current_map=(-5.767, 0.490, 1.941) error=0.021 m / 0.000 rad; odom=(-7.091, -0.492, 1.941) error=1.628 m / 0.000 rad; ekf=(-7.091, -0.492, 1.941) error=1.628 m / 0.000 rad; RMS=0.132 m / 0.035 rad max=0.674 m / 0.156 rad samples=7054
[gpu_amcl_cpp_node-6] [INFO] [1789013086.264926472] [gpu_amcl_cpp]: AMCL odom delta: at_scan=(3.000, -8.078, -2.927) baseline=(3.175, -8.037, -2.901) delta=(-0.175, -0.040, -0.026) moved=true scan_age=0.051s
[component_container-9] [INFO] [1789013086.731831989] [pure_pursuit_node]: Pure Pursuit: pose=(-6.172, 3.329, 1.568) cte=-0.010 closest=1981 target=2032 path_dist=0.010 heading_err=-0.012 steer=-0.060 speed=4.713
[gpu_amcl_cpp_node-6] [INFO] [1789013086.740218840] [gpu_amcl_cpp]: AMCL local correction: odom_prediction=(-6.171, 3.076, 1.587) scan=(-6.168, 3.059, 1.590) correction=0.016 m/0.003 rad cluster_weight=0.970 publish=true
[ground_truth_amcl_monitor-7] [INFO] [1789013087.084366699] [ground_truth_amcl_monitor]: AMCL vs GT: gt=(-6.027, 4.774) amcl=(-6.059, 4.496) error=0.280 m / 0.011 rad; current_map=(-6.020, 4.728, 1.399) error=0.047 m / 0.000 rad; odom=(-7.324, 3.811, 1.399) error=1.616 m / 0.000 rad; ekf=(-7.324, 3.811, 1.399) error=1.616 m / 0.000 rad; RMS=0.132 m / 0.035 rad max=0.674 m / 0.156 rad samples=7094
[gpu_amcl_cpp_node-6] [INFO] [1789013087.285116928] [gpu_amcl_cpp]: AMCL odom delta: at_scan=(-1.494, -7.897, 2.742) baseline=(-1.290, -7.974, 2.815) delta=(-0.204, 0.078, -0.073) moved=true scan_age=0.050s
[component_container-9] [INFO] [1789013087.756675145] [pure_pursuit_node]: Pure Pursuit: pose=(-5.016, 6.892, 0.783) cte=-0.008 closest=2172 target=2217 path_dist=0.008 heading_err=-0.001 steer=-0.148 speed=3.014
[gpu_amcl_cpp_node-6] [INFO] [1789013087.764574981] [gpu_amcl_cpp]: AMCL local correction: odom_prediction=(-5.115, 6.791, 0.829) scan=(-5.138, 6.778, 0.839) correction=0.026 m/0.010 rad cluster_weight=0.995 publish=true
[ground_truth_amcl_monitor-7] [INFO] [1789013088.110571052] [ground_truth_amcl_monitor]: AMCL vs GT: gt=(-4.292, 7.405) amcl=(-4.445, 7.320) error=0.175 m / 0.061 rad; current_map=(-4.299, 7.386, 0.395) error=0.020 m / 0.000 rad; odom=(-5.552, 6.476, 0.395) error=1.566 m / 0.000 rad; ekf=(-5.699, 6.410, 0.456) error=1.723 m / 0.061 rad; RMS=0.132 m / 0.035 rad max=0.674 m / 0.156 rad samples=7134
[gpu_amcl_cpp_node-6] [INFO] [1789013088.309274899] [gpu_amcl_cpp]: AMCL odom delta: at_scan=(-3.503, -5.722, 1.733) baseline=(-3.470, -5.885, 1.801) delta=(-0.033, 0.163, -0.068) moved=true scan_age=0.049s
[component_container-9] [INFO] [1789013088.782837663] [pure_pursuit_node]: Pure Pursuit: pose=(-1.921, 7.239, -0.544) cte=-0.029 closest=2338 target=2386 path_dist=0.029 heading_err=0.021 steer=-0.102 speed=4.153
[gpu_amcl_cpp_node-6] [INFO] [1789013088.791181222] [gpu_amcl_cpp]: AMCL local correction: odom_prediction=(-2.078, 7.335, -0.482) scan=(-2.081, 7.341, -0.475) correction=0.007 m/0.007 rad cluster_weight=0.971 publish=true
[ground_truth_amcl_monitor-7] [INFO] [1789013089.118261050] [ground_truth_amcl_monitor]: AMCL vs GT: gt=(-1.065, 6.519) amcl=(-1.066, 6.533) error=0.014 m / 0.000 rad; current_map=(-1.071, 6.534, -0.869) error=0.017 m / 0.000 rad; odom=(-2.308, 5.564, -0.869) error=1.568 m / 0.000 rad; ekf=(-2.308, 5.564, -0.869) error=1.568 m / 0.000 rad; RMS=0.132 m / 0.035 rad max=0.674 m / 0.156 rad samples=7173
[gpu_amcl_cpp_node-6] [INFO] [1789013089.356164365] [gpu_amcl_cpp]: AMCL odom delta: at_scan=(-1.431, -2.419, 0.562) baseline=(-1.644, -2.557, 0.590) delta=(0.213, 0.138, -0.028) moved=true scan_age=0.049s
[component_container-9] [INFO] [1789013089.807776457] [pure_pursuit_node]: Pure Pursuit: pose=(0.664, 3.143, -1.279) cte=-0.031 closest=2585 target=51 path_dist=0.031 heading_err=0.012 steer=-0.018 speed=5.374
[gpu_amcl_cpp_node-6] [WARN] [1789013089.816294394] [gpu_amcl_cpp]: No local AMCL cluster near odometry prediction; using causal odometry pose.
[gpu_amcl_cpp_node-6] [INFO] [1789013089.867923664] [gpu_amcl_cpp]: AMCL local correction: odom_prediction=(0.660, 3.146, -1.290) scan=(0.672, 3.125, -1.286) correction=0.024 m/0.003 rad cluster_weight=0.912 publish=true
[ground_truth_amcl_monitor-7] [INFO] [1789013090.125189312] [ground_truth_amcl_monitor]: AMCL vs GT: gt=(1.021, 1.828) amcl=(1.005, 1.834) error=0.017 m / 0.000 rad; current_map=(1.010, 1.831, -1.304) error=0.012 m / 0.000 rad; odom=(-0.203, 0.811, -1.304) error=1.591 m / 0.000 rad; ekf=(-0.203, 0.811, -1.304) error=1.591 m / 0.000 rad; RMS=0.133 m / 0.035 rad max=0.674 m / 0.156 rad samples=7213
[gpu_amcl_cpp_node-6] [INFO] [1789013090.382655006] [gpu_amcl_cpp]: AMCL odom delta: at_scan=(3.794, -0.742, 0.101) baseline=(3.525, -0.772, 0.121) delta=(0.269, 0.030, -0.021) moved=true scan_age=0.050s
[gpu_amcl_cpp_node-6] [INFO] [1789013090.686750843] [gpu_amcl_cpp]: AMCL scan update #3643 completed; evaluating pose confidence.
[component_container-9] [INFO] [1789013090.856766484] [pure_pursuit_node]: Pure Pursuit: pose=(1.429, -2.504, -1.642) cte=-0.113 closest=284 target=335 path_dist=0.113 heading_err=-0.005 steer=-0.106 speed=4.771
[gpu_amcl_cpp_node-6] [INFO] [1789013090.858792940] [gpu_amcl_cpp]: Received LiDAR callback #3646 (1081 ranges).
[gpu_amcl_cpp_node-6] [INFO] [1789013090.858866328] [gpu_amcl_cpp]: Starting AMCL scan update #3646 (sampled from 1081 ranges).
[gpu_amcl_cpp_node-6] [INFO] [1789013090.917255093] [gpu_amcl_cpp]: AMCL local correction: odom_prediction=(1.438, -2.467, -1.665) scan=(1.446, -2.449, -1.655) correction=0.020 m/0.010 rad cluster_weight=0.918 publish=true
[gpu_amcl_cpp_node-6] [WARN] [1789013091.067093522] [gpu_amcl_cpp]: No local AMCL cluster near odometry prediction; using causal odometry pose.
[ground_truth_amcl_monitor-7] [INFO] [1789013091.161283823] [ground_truth_amcl_monitor]: AMCL vs GT: gt=(1.224, -3.614) amcl=(1.293, -3.359) error=0.264 m / 0.006 rad; current_map=(1.234, -3.607, -1.798) error=0.013 m / 0.000 rad; odom=(-0.009, -4.679, -1.798) error=1.629 m / 0.000 rad; ekf=(0.049, -4.431, -1.805) error=1.431 m / 0.006 rad; RMS=0.133 m / 0.035 rad max=0.674 m / 0.156 rad samples=7252
[gpu_amcl_cpp_node-6] [INFO] [1789013091.384057316] [gpu_amcl_cpp]: AMCL odom delta: at_scan=(9.034, -1.056, -0.176) baseline=(8.649, -0.983, -0.196) delta=(0.386, -0.073, 0.020) moved=true scan_age=0.051s
[component_container-9] [INFO] [1789013091.884560810] [pure_pursuit_node]: Pure Pursuit: pose=(0.573, -7.258, -1.786) cte=-0.079 closest=525 target=573 path_dist=0.079 heading_err=-0.020 steer=-0.104 speed=3.596
[gpu_amcl_cpp_node-6] [INFO] [1789013091.943153579] [gpu_amcl_cpp]: AMCL local correction: odom_prediction=(0.566, -7.267, -1.837) scan=(0.568, -7.266, -1.828) correction=0.001 m/0.008 rad cluster_weight=0.974 publish=true
[ground_truth_amcl_monitor-7] [INFO] [1789013092.208313836] [ground_truth_amcl_monitor]: AMCL vs GT: gt=(0.254, -8.232) amcl=(0.355, -7.964) error=0.287 m / 0.002 rad; current_map=(0.276, -8.197, -1.897) error=0.041 m / 0.000 rad; odom=(-0.995, -9.392, -1.897) error=1.704 m / 0.000 rad; ekf=(-0.995, -9.392, -1.897) error=1.704 m / 0.000 rad; RMS=0.134 m / 0.035 rad max=0.674 m / 0.156 rad samples=7292
[gpu_amcl_cpp_node-6] [INFO] [1789013092.406790068] [gpu_amcl_cpp]: AMCL odom delta: at_scan=(13.198, -2.018, -0.344) baseline=(13.047, -1.964, -0.335) delta=(0.151, -0.053, -0.009) moved=true scan_age=0.049s
[component_container-9] [INFO] [1789013092.904383300] [pure_pursuit_node]: Pure Pursuit: pose=(-0.646, -9.896, -2.519) cte=-0.022 closest=671 target=716 path_dist=0.022 heading_err=0.023 steer=-0.283 speed=2.472
[gpu_amcl_cpp_node-6] [INFO] [1789013092.966203409] [gpu_amcl_cpp]: AMCL local correction: odom_prediction=(-0.650, -9.900, -2.538) scan=(-0.636, -9.884, -2.516) correction=0.021 m/0.021 rad cluster_weight=0.999 publish=true
[ground_truth_amcl_monitor-7] [INFO] [1789013093.232804363] [ground_truth_amcl_monitor]: AMCL vs GT: gt=(-1.275, -10.146) amcl=(-1.145, -10.108) error=0.135 m / 0.094 rad; current_map=(-1.267, -10.124, -3.052) error=0.023 m / 0.000 rad; odom=(-2.561, -11.334, -3.052) error=1.751 m / 0.000 rad; ekf=(-2.561, -11.334, -3.052) error=1.751 m / 0.000 rad; RMS=0.133 m / 0.035 rad max=0.674 m / 0.156 rad samples=7332
[gpu_amcl_cpp_node-6] [INFO] [1789013093.431227577] [gpu_amcl_cpp]: AMCL odom delta: at_scan=(14.442, -3.845, -1.862) baseline=(14.471, -3.728, -1.772) delta=(-0.029, -0.117, -0.090) moved=true scan_age=0.049s
[component_container-9] [INFO] [1789013093.956043886] [pure_pursuit_node]: Pure Pursuit: pose=(-2.805, -8.979, 1.975) cte=-0.035 closest=806 target=852 path_dist=0.035 heading_err=0.027 steer=-0.078 speed=3.730
[gpu_amcl_cpp_node-6] [INFO] [1789013094.013098436] [gpu_amcl_cpp]: AMCL local correction: odom_prediction=(-2.804, -8.977, 1.979) scan=(-2.800, -8.994, 1.987) correction=0.017 m/0.008 rad cluster_weight=0.974 publish=true
[ground_truth_amcl_monitor-7] [INFO] [1789013094.261824512] [ground_truth_amcl_monitor]: AMCL vs GT: gt=(-3.066, -8.131) amcl=(-3.025, -8.301) error=0.175 m / 0.043 rad; current_map=(-3.069, -8.102, 1.770) error=0.029 m / 0.000 rad; odom=(-4.373, -9.311, 1.770) error=1.761 m / 0.000 rad; ekf=(-4.373, -9.311, 1.770) error=1.761 m / 0.000 rad; RMS=0.133 m / 0.035 rad max=0.674 m / 0.156 rad samples=7372
[gpu_amcl_cpp_node-6] [INFO] [1789013094.432140641] [gpu_amcl_cpp]: AMCL odom delta: at_scan=(11.746, -5.257, -3.103) baseline=(12.041, -5.237, -3.043) delta=(-0.295, -0.020, -0.060) moved=true scan_age=0.050s
[component_container-9] [INFO] [1789013094.981011968] [pure_pursuit_node]: Pure Pursuit: pose=(-2.771, -4.555, 1.350) cte=-0.026 closest=1031 target=1082 path_dist=0.026 heading_err=-0.068 steer=-0.073 speed=5.465
[gpu_amcl_cpp_node-6] [INFO] [1789013095.038385377] [gpu_amcl_cpp]: AMCL local correction: odom_prediction=(-2.762, -4.548, 1.347) scan=(-2.744, -4.521, 1.337) correction=0.032 m/0.010 rad cluster_weight=0.923 publish=true
[ground_truth_amcl_monitor-7] [INFO] [1789013095.284337734] [ground_truth_amcl_monitor]: AMCL vs GT: gt=(-2.356, -3.273) amcl=(-2.460, -3.549) error=0.295 m / 0.038 rad; current_map=(-2.355, -3.277, 1.223) error=0.004 m / 0.000 rad; odom=(-3.647, -4.400, 1.223) error=1.714 m / 0.000 rad; ekf=(-3.752, -4.672, 1.184) error=1.976 m / 0.038 rad; RMS=0.134 m / 0.035 rad max=0.674 m / 0.156 rad samples=7412
[gpu_amcl_cpp_node-6] [INFO] [1789013095.480875800] [gpu_amcl_cpp]: AMCL odom delta: at_scan=(6.456, -4.150, 2.908) baseline=(6.737, -4.215, 2.918) delta=(-0.281, 0.065, -0.010) moved=true scan_age=0.049s
[gpu_amcl_cpp_node-6] [INFO] [1789013095.732256261] [gpu_amcl_cpp]: AMCL scan update #3741 completed; evaluating pose confidence.
[gpu_amcl_cpp_node-6] [INFO] [1789013095.883837266] [gpu_amcl_cpp]: Received LiDAR callback #3744 (1081 ranges).
[gpu_amcl_cpp_node-6] [INFO] [1789013095.883908299] [gpu_amcl_cpp]: Starting AMCL scan update #3744 (sampled from 1081 ranges).
[component_container-9] [INFO] [1789013095.981493758] [pure_pursuit_node]: Pure Pursuit: pose=(-1.474, 0.446, 1.332) cte=-0.004 closest=1289 target=1338 path_dist=0.004 heading_err=0.053 steer=0.059 speed=3.816
[gpu_amcl_cpp_node-6] [INFO] [1789013096.039079486] [gpu_amcl_cpp]: AMCL local correction: odom_prediction=(-1.473, 0.448, 1.352) scan=(-1.472, 0.450, 1.337) correction=0.002 m/0.015 rad cluster_weight=0.930 publish=true
[gpu_amcl_cpp_node-6] [WARN] [1789013096.284608289] [gpu_amcl_cpp]: Queued LiDAR scan until source-time odometry arrives (queued=1).
[ground_truth_amcl_monitor-7] [INFO] [1789013096.287558460] [ground_truth_amcl_monitor]: AMCL vs GT: gt=(-1.334, 1.364) amcl=(-1.357, 1.217) error=0.149 m / 0.023 rad; current_map=(-1.327, 1.393, 1.388) error=0.030 m / 0.000 rad; odom=(-2.616, 0.284, 1.388) error=1.677 m / 0.000 rad; ekf=(-2.616, 0.284, 1.388) error=1.677 m / 0.000 rad; RMS=0.134 m / 0.035 rad max=0.674 m / 0.156 rad samples=7452
[gpu_amcl_cpp_node-6] [INFO] [1789013096.507831361] [gpu_amcl_cpp]: AMCL odom delta: at_scan=(2.117, -3.349, -3.109) baseline=(2.356, -3.349, 3.109) delta=(-0.239, 0.000, 0.065) moved=true scan_age=0.050s
[component_container-9] [INFO] [1789013097.006120508] [pure_pursuit_node]: Pure Pursuit: pose=(-1.512, 3.339, 2.081) cte=0.003 closest=1436 target=1480 path_dist=0.003 heading_err=-0.051 steer=0.316 speed=1.919
[gpu_amcl_cpp_node-6] [INFO] [1789013097.065637443] [gpu_amcl_cpp]: AMCL local correction: odom_prediction=(-1.516, 3.337, 2.097) scan=(-1.508, 3.322, 2.088) correction=0.018 m/0.009 rad cluster_weight=0.987 publish=true
[ground_truth_amcl_monitor-7] [INFO] [1789013097.310269132] [ground_truth_amcl_monitor]: AMCL vs GT: gt=(-1.829, 3.633) amcl=(-1.756, 3.616) error=0.075 m / 0.088 rad; current_map=(-1.829, 3.673, 2.526) error=0.040 m / 0.000 rad; odom=(-3.128, 2.576, 2.526) error=1.675 m / 0.000 rad; ekf=(-3.128, 2.576, 2.526) error=1.675 m / 0.000 rad; RMS=0.133 m / 0.035 rad max=0.674 m / 0.156 rad samples=7492
[gpu_amcl_cpp_node-6] [INFO] [1789013097.532290989] [gpu_amcl_cpp]: AMCL odom delta: at_scan=(0.429, -4.288, -1.745) baseline=(0.459, -4.168, -1.893) delta=(-0.030, -0.119, 0.149) moved=true scan_age=0.050s
[component_container-9] [INFO] [1789013098.031960711] [pure_pursuit_node]: Pure Pursuit: pose=(-3.007, 3.376, -2.107) cte=0.015 closest=1532 target=1575 path_dist=0.015 heading_err=0.129 steer=0.244 speed=2.234
[gpu_amcl_cpp_node-6] [INFO] [1789013098.091042429] [gpu_amcl_cpp]: AMCL local correction: odom_prediction=(-2.985, 3.364, -2.111) scan=(-2.970, 3.376, -2.112) correction=0.019 m/0.001 rad cluster_weight=0.969 publish=true
[ground_truth_amcl_monitor-7] [INFO] [1789013098.337002704] [ground_truth_amcl_monitor]: AMCL vs GT: gt=(-3.160, 2.849) amcl=(-3.121, 2.946) error=0.104 m / 0.047 rad; current_map=(-3.148, 2.826, -1.767) error=0.026 m / 0.000 rad; odom=(-4.551, 1.772, -1.767) error=1.760 m / 0.000 rad; ekf=(-4.551, 1.772, -1.767) error=1.760 m / 0.000 rad; RMS=0.133 m / 0.036 rad max=0.674 m / 0.156 rad samples=7532
[gpu_amcl_cpp_node-6] [INFO] [1789013098.539660054] [gpu_amcl_cpp]: AMCL odom delta: at_scan=(1.967, -5.432, -0.105) baseline=(1.810, -5.415, -0.117) delta=(0.157, -0.018, 0.012) moved=true scan_age=0.052s
[component_container-9] [INFO] [1789013099.054347582] [pure_pursuit_node]: Pure Pursuit: pose=(-3.484, 0.540, -1.924) cte=0.029 closest=1676 target=1720 path_dist=0.029 heading_err=0.010 steer=-0.151 speed=2.270
[gpu_amcl_cpp_node-6] [INFO] [1789013099.114949987] [gpu_amcl_cpp]: AMCL local correction: odom_prediction=(-3.485, 0.536, -1.930) scan=(-3.484, 0.538, -1.917) correction=0.002 m/0.013 rad cluster_weight=0.991 publish=true
[ground_truth_amcl_monitor-7] [INFO] [1789013099.357532149] [ground_truth_amcl_monitor]: AMCL vs GT: gt=(-3.738, 0.058) amcl=(-3.667, 0.154) error=0.120 m / 0.063 rad; current_map=(-3.724, 0.069, -2.196) error=0.018 m / 0.000 rad; odom=(-5.141, -1.028, -2.196) error=1.774 m / 0.000 rad; ekf=(-5.141, -1.028, -2.196) error=1.774 m / 0.000 rad; RMS=0.133 m / 0.036 rad max=0.674 m / 0.156 rad samples=7572
[gpu_amcl_cpp_node-6] [INFO] [1789013099.557543891] [gpu_amcl_cpp]: AMCL odom delta: at_scan=(4.466, -6.211, -0.907) baseline=(4.404, -6.137, -0.839) delta=(0.062, -0.074, -0.067) moved=true scan_age=0.050s
[component_container-9] [INFO] [1789013100.055876156] [pure_pursuit_node]: Pure Pursuit: pose=(-4.967, -0.430, 2.820) cte=0.009 closest=1775 target=1818 path_dist=0.009 heading_err=-0.051 steer=-0.317 speed=2.046
[gpu_amcl_cpp_node-6] [INFO] [1789013100.116208303] [gpu_amcl_cpp]: AMCL local correction: odom_prediction=(-4.967, -0.427, 2.816) scan=(-4.955, -0.416, 2.836) correction=0.016 m/0.020 rad cluster_weight=0.977 publish=true
[ground_truth_amcl_monitor-7] [INFO] [1789013100.358151045] [ground_truth_amcl_monitor]: AMCL vs GT: gt=(-5.386, -0.160) amcl=(-5.301, -0.233) error=0.112 m / 0.088 rad; current_map=(-5.380, -0.161, 2.360) error=0.007 m / 0.000 rad; odom=(-6.831, -1.249, 2.360) error=1.809 m / 0.000 rad; ekf=(-6.752, -1.321, 2.448) error=1.792 m / 0.088 rad; RMS=0.133 m / 0.036 rad max=0.674 m / 0.156 rad samples=7612
[gpu_amcl_cpp_node-6] [INFO] [1789013100.607250167] [gpu_amcl_cpp]: AMCL odom delta: at_scan=(3.899, -7.971, -2.721) baseline=(4.019, -7.913, -2.657) delta=(-0.120, -0.058, -0.063) moved=true scan_age=0.050s
[gpu_amcl_cpp_node-6] [INFO] [1789013100.757789368] [gpu_amcl_cpp]: AMCL scan update #3841 completed; evaluating pose confidence.
[gpu_amcl_cpp_node-6] [INFO] [1789013100.908652508] [gpu_amcl_cpp]: Received LiDAR callback #3844 (1081 ranges).
[gpu_amcl_cpp_node-6] [INFO] [1789013100.908732298] [gpu_amcl_cpp]: Starting AMCL scan update #3844 (sampled from 1081 ranges).
[component_container-9] [INFO] [1789013101.059635703] [pure_pursuit_node]: Pure Pursuit: pose=(-6.105, 2.094, 1.664) cte=-0.009 closest=1919 target=1968 path_dist=0.009 heading_err=0.029 steer=-0.021 speed=4.785
[gpu_amcl_cpp_node-6] [INFO] [1789013101.117070369] [gpu_amcl_cpp]: AMCL local correction: odom_prediction=(-6.106, 2.091, 1.671) scan=(-6.106, 2.079, 1.669) correction=0.012 m/0.002 rad cluster_weight=0.938 publish=true
[ground_truth_amcl_monitor-7] [INFO] [1789013101.365495676] [ground_truth_amcl_monitor]: AMCL vs GT: gt=(-6.183, 3.286) amcl=(-6.172, 2.987) error=0.299 m / 0.046 rad; current_map=(-6.169, 3.244, 1.538) error=0.044 m / 0.000 rad; odom=(-7.619, 2.192, 1.538) error=1.805 m / 0.000 rad; ekf=(-7.619, 2.192, 1.538) error=1.805 m / 0.000 rad; RMS=0.133 m / 0.036 rad max=0.674 m / 0.156 rad samples=7652
[gpu_amcl_cpp_node-6] [INFO] [1789013101.632771567] [gpu_amcl_cpp]: AMCL odom delta: at_scan=(-0.324, -8.322, 3.024) baseline=(-0.093, -8.345, 3.059) delta=(-0.231, 0.023, -0.035) moved=true scan_age=0.051s
[component_container-9] [INFO] [1789013102.079568579] [pure_pursuit_node]: Pure Pursuit: pose=(-5.520, 6.198, 1.016) cte=-0.025 closest=2129 target=2173 path_dist=0.025 heading_err=0.060 steer=-0.042 speed=2.856
[gpu_amcl_cpp_node-6] [INFO] [1789013102.141131117] [gpu_amcl_cpp]: AMCL local correction: odom_prediction=(-5.514, 6.209, 1.022) scan=(-5.495, 6.229, 1.034) correction=0.028 m/0.012 rad cluster_weight=0.995 publish=true
[ground_truth_amcl_monitor-7] [INFO] [1789013102.384466357] [ground_truth_amcl_monitor]: AMCL vs GT: gt=(-5.116, 6.815) amcl=(-5.203, 6.673) error=0.167 m / 0.063 rad; current_map=(-5.113, 6.781, 0.846) error=0.034 m / 0.000 rad; odom=(-6.553, 5.701, 0.846) error=1.818 m / 0.000 rad; ekf=(-6.553, 5.701, 0.846) error=1.818 m / 0.000 rad; RMS=0.133 m / 0.036 rad max=0.674 m / 0.156 rad samples=7692
[gpu_amcl_cpp_node-6] [INFO] [1789013102.680690695] [gpu_amcl_cpp]: AMCL odom delta: at_scan=(-3.078, -6.666, 2.069) baseline=(-2.997, -6.804, 2.134) delta=(-0.081, 0.138, -0.065) moved=true scan_age=0.048s
[component_container-9] [INFO] [1789013103.107063251] [pure_pursuit_node]: Pure Pursuit: pose=(-2.888, 7.591, -0.170) cte=-0.028 closest=2287 target=2334 path_dist=0.028 heading_err=0.023 steer=-0.128 speed=3.471
[gpu_amcl_cpp_node-6] [INFO] [1789013103.168055519] [gpu_amcl_cpp]: AMCL local correction: odom_prediction=(-2.877, 7.597, -0.175) scan=(-2.858, 7.604, -0.166) correction=0.021 m/0.010 rad cluster_weight=0.969 publish=true
[ground_truth_amcl_monitor-7] [INFO] [1789013103.394167893] [ground_truth_amcl_monitor]: AMCL vs GT: gt=(-2.131, 7.356) amcl=(-2.133, 7.364) error=0.008 m / 0.000 rad; current_map=(-2.132, 7.362, -0.444) error=0.006 m / 0.000 rad; odom=(-3.559, 6.230, -0.444) error=1.819 m / 0.000 rad; ekf=(-3.559, 6.230, -0.444) error=1.819 m / 0.000 rad; RMS=0.133 m / 0.036 rad max=0.674 m / 0.156 rad samples=7731
[gpu_amcl_cpp_node-6] [INFO] [1789013103.689836940] [gpu_amcl_cpp]: AMCL odom delta: at_scan=(-2.350, -3.412, 0.741) baseline=(-2.501, -3.556, 0.774) delta=(0.152, 0.144, -0.033) moved=true scan_age=0.051s
[component_container-9] [INFO] [1789013104.131700140] [pure_pursuit_node]: Pure Pursuit: pose=(-0.079, 4.986, -1.073) cte=-0.012 closest=2485 target=2535 path_dist=0.012 heading_err=-0.044 steer=-0.094 speed=5.205
[gpu_amcl_cpp_node-6] [INFO] [1789013104.191235672] [gpu_amcl_cpp]: AMCL local correction: odom_prediction=(-0.053, 4.930, -1.078) scan=(-0.040, 4.912, -1.088) correction=0.022 m/0.009 rad cluster_weight=0.943 publish=true
[ground_truth_amcl_monitor-7] [INFO] [1789013104.434074732] [ground_truth_amcl_monitor]: AMCL vs GT: gt=(0.507, 3.741) amcl=(0.414, 4.015) error=0.289 m / 0.054 rad; current_map=(0.490, 3.805, -1.252) error=0.066 m / 0.000 rad; odom=(-0.987, 2.726, -1.252) error=1.806 m / 0.000 rad; ekf=(-0.987, 2.726, -1.252) error=1.806 m / 0.000 rad; RMS=0.134 m / 0.036 rad max=0.674 m / 0.156 rad samples=7770
[gpu_amcl_cpp_node-6] [INFO] [1789013104.734733421] [gpu_amcl_cpp]: AMCL odom delta: at_scan=(1.848, -1.402, 0.226) baseline=(1.582, -1.467, 0.249) delta=(0.267, 0.065, -0.022) moved=true scan_age=0.050s
[gpu_amcl_cpp_node-6] [WARN] [1789013104.792318129] [gpu_amcl_cpp]: No local AMCL cluster near odometry prediction; using causal odometry pose.
[component_container-9] [INFO] [1789013105.139081376] [pure_pursuit_node]: Pure Pursuit: pose=(1.341, -0.233, -1.428) cte=-0.019 closest=171 target=224 path_dist=0.019 heading_err=-0.059 steer=-0.087 speed=5.430
[gpu_amcl_cpp_node-6] [INFO] [1789013105.215172211] [gpu_amcl_cpp]: AMCL local correction: odom_prediction=(1.341, -0.313, -1.474) scan=(1.346, -0.432, -1.463) correction=0.119 m/0.011 rad cluster_weight=0.919 publish=true
[ground_truth_amcl_monitor-7] [INFO] [1789013105.483294044] [ground_truth_amcl_monitor]: AMCL vs GT: gt=(1.448, -1.805) amcl=(1.431, -1.476) error=0.330 m / 0.003 rad; current_map=(1.438, -1.849, -1.550) error=0.044 m / 0.000 rad; odom=(-0.035, -2.907, -1.550) error=1.847 m / 0.000 rad; ekf=(-0.042, -2.534, -1.553) error=1.659 m / 0.003 rad; RMS=0.134 m / 0.036 rad max=0.674 m / 0.156 rad samples=7810
[gpu_amcl_cpp_node-6] [INFO] [1789013105.784566818] [gpu_amcl_cpp]: AMCL odom delta: at_scan=(7.498, -0.927, -0.207) baseline=(7.278, -0.887, -0.160) delta=(0.220, -0.041, -0.048) moved=true scan_age=0.052s
[gpu_amcl_cpp_node-6] [INFO] [1789013105.785485122] [gpu_amcl_cpp]: AMCL scan update #3938 completed; evaluating pose confidence.
[gpu_amcl_cpp_node-6] [INFO] [1789013105.942491052] [gpu_amcl_cpp]: Received LiDAR callback #3941 (1081 ranges).
[gpu_amcl_cpp_node-6] [INFO] [1789013105.942603212] [gpu_amcl_cpp]: Starting AMCL scan update #3941 (sampled from 1081 ranges).
[component_container-9] [INFO] [1789013106.159225486] [pure_pursuit_node]: Pure Pursuit: pose=(0.927, -5.319, -1.796) cte=-0.012 closest=426 target=479 path_dist=0.012 heading_err=0.035 steer=0.037 speed=5.264
[gpu_amcl_cpp_node-6] [INFO] [1789013106.219988444] [gpu_amcl_cpp]: AMCL local correction: odom_prediction=(0.936, -5.335, -1.745) scan=(0.944, -5.309, -1.742) correction=0.027 m/0.003 rad cluster_weight=0.956 publish=true
[ground_truth_amcl_monitor-7] [INFO] [1789013106.509408028] [ground_truth_amcl_monitor]: AMCL vs GT: gt=(0.554, -6.774) amcl=(0.627, -6.518) error=0.266 m / 0.001 rad; current_map=(0.572, -6.704, -1.859) error=0.072 m / 0.000 rad; odom=(-0.944, -7.859, -1.859) error=1.849 m / 0.000 rad; ekf=(-0.944, -7.859, -1.859) error=1.849 m / 0.000 rad; RMS=0.135 m / 0.036 rad max=0.674 m / 0.156 rad samples=7848
[gpu_amcl_cpp_node-6] [INFO] [1789013106.812740972] [gpu_amcl_cpp]: AMCL odom delta: at_scan=(12.077, -1.998, -0.187) baseline=(11.897, -1.963, -0.196) delta=(0.180, -0.035, 0.009) moved=true scan_age=0.052s
[component_container-9] [INFO] [1789013107.183003977] [pure_pursuit_node]: Pure Pursuit: pose=(-0.052, -9.175, -1.993) cte=-0.066 closest=625 target=670 path_dist=0.066 heading_err=-0.041 steer=-0.226 speed=2.365
[gpu_amcl_cpp_node-6] [INFO] [1789013107.242126093] [gpu_amcl_cpp]: AMCL local correction: odom_prediction=(-0.052, -9.182, -2.024) scan=(-0.044, -9.180, -2.007) correction=0.008 m/0.017 rad cluster_weight=0.996 publish=true
[ground_truth_amcl_monitor-7] [INFO] [1789013107.557266073] [ground_truth_amcl_monitor]: AMCL vs GT: gt=(-0.496, -9.805) amcl=(-0.363, -9.664) error=0.194 m / 0.109 rad; current_map=(-0.477, -9.776, -2.422) error=0.035 m / 0.000 rad; odom=(-1.994, -10.850, -2.422) error=1.826 m / 0.000 rad; ekf=(-1.994, -10.850, -2.422) error=1.826 m / 0.000 rad; RMS=0.135 m / 0.036 rad max=0.674 m / 0.156 rad samples=7888
[gpu_amcl_cpp_node-6] [INFO] [1789013107.855908178] [gpu_amcl_cpp]: AMCL odom delta: at_scan=(14.332, -3.421, -1.351) baseline=(14.300, -3.306, -1.259) delta=(0.031, -0.115, -0.092) moved=true scan_age=0.049s
[component_container-9] [INFO] [1789013108.205561778] [pure_pursuit_node]: Pure Pursuit: pose=(-2.043, -9.945, 2.606) cte=-0.024 closest=744 target=789 path_dist=0.024 heading_err=-0.013 steer=-0.230 speed=2.615
[gpu_amcl_cpp_node-6] [INFO] [1789013108.263387831] [gpu_amcl_cpp]: AMCL local correction: odom_prediction=(-2.046, -9.945, 2.599) scan=(-2.023, -9.968, 2.618) correction=0.033 m/0.018 rad cluster_weight=0.974 publish=true
[ground_truth_amcl_monitor-7] [INFO] [1789013108.558998554] [ground_truth_amcl_monitor]: AMCL vs GT: gt=(-2.585, -9.427) amcl=(-2.514, -9.508) error=0.107 m / 0.068 rad; current_map=(-2.594, -9.393, 2.138) error=0.036 m / 0.000 rad; odom=(-4.118, -10.466, 2.138) error=1.852 m / 0.000 rad; ekf=(-4.118, -10.466, 2.138) error=1.852 m / 0.000 rad; RMS=0.135 m / 0.036 rad max=0.674 m / 0.156 rad samples=7928
[gpu_amcl_cpp_node-6] [INFO] [1789013108.908495351] [gpu_amcl_cpp]: AMCL odom delta: at_scan=(12.549, -5.353, -2.908) baseline=(12.730, -5.305, -2.862) delta=(-0.182, -0.048, -0.046) moved=true scan_age=0.051s
[component_container-9] [INFO] [1789013109.205658881] [pure_pursuit_node]: Pure Pursuit: pose=(-3.165, -6.881, 1.551) cte=-0.007 closest=912 target=962 path_dist=0.007 heading_err=-0.000 steer=-0.046 speed=5.144
[gpu_amcl_cpp_node-6] [INFO] [1789013109.267564816] [gpu_amcl_cpp]: AMCL local correction: odom_prediction=(-3.166, -6.884, 1.541) scan=(-3.163, -6.888, 1.547) correction=0.005 m/0.006 rad cluster_weight=0.995 publish=true
[ground_truth_amcl_monitor-7] [INFO] [1789013109.608331017] [ground_truth_amcl_monitor]: AMCL vs GT: gt=(-2.945, -5.140) amcl=(-3.003, -5.502) error=0.367 m / 0.070 rad; current_map=(-2.930, -5.166, 1.323) error=0.029 m / 0.000 rad; odom=(-4.463, -6.165, 1.323) error=1.832 m / 0.000 rad; ekf=(-4.463, -6.165, 1.323) error=1.832 m / 0.000 rad; RMS=0.135 m / 0.036 rad max=0.674 m / 0.156 rad samples=7968
[gpu_amcl_cpp_node-6] [INFO] [1789013109.958793999] [gpu_amcl_cpp]: AMCL odom delta: at_scan=(7.583, -4.745, 2.904) baseline=(7.843, -4.808, 2.906) delta=(-0.260, 0.063, -0.002) moved=true scan_age=0.050s
[component_container-9] [INFO] [1789013110.208079672] [pure_pursuit_node]: Pure Pursuit: pose=(-1.938, -1.736, 1.299) cte=0.028 closest=1178 target=1231 path_dist=0.028 heading_err=0.016 steer=0.041 speed=5.568
[gpu_amcl_cpp_node-6] [INFO] [1789013110.268279012] [gpu_amcl_cpp]: AMCL local correction: odom_prediction=(-1.944, -1.732, 1.330) scan=(-1.936, -1.731, 1.312) correction=0.007 m/0.018 rad cluster_weight=0.941 publish=true
[ground_truth_amcl_monitor-7] [INFO] [1789013110.633348198] [ground_truth_amcl_monitor]: AMCL vs GT: gt=(-1.526, 0.076) amcl=(-1.563, -0.083) error=0.163 m / 0.011 rad; current_map=(-1.518, 0.119, 1.358) error=0.044 m / 0.000 rad; odom=(-3.025, -0.860, 1.358) error=1.767 m / 0.000 rad; ekf=(-3.025, -0.860, 1.358) error=1.767 m / 0.000 rad; RMS=0.135 m / 0.036 rad max=0.674 m / 0.156 rad samples=8008
[gpu_amcl_cpp_node-6] [INFO] [1789013110.785830214] [gpu_amcl_cpp]: AMCL scan update #4034 completed; evaluating pose confidence.
[gpu_amcl_cpp_node-6] [INFO] [1789013110.984352108] [gpu_amcl_cpp]: Received LiDAR callback #4038 (1081 ranges).
[gpu_amcl_cpp_node-6] [INFO] [1789013110.984441265] [gpu_amcl_cpp]: AMCL odom delta: at_scan=(2.777, -3.577, 2.994) baseline=(2.952, -3.606, 2.957) delta=(-0.175, 0.029, 0.037) moved=true scan_age=0.050s
[gpu_amcl_cpp_node-6] [INFO] [1789013110.984479006] [gpu_amcl_cpp]: Starting AMCL scan update #4038 (sampled from 1081 ranges).
[component_container-9] [INFO] [1789013111.232862005] [pure_pursuit_node]: Pure Pursuit: pose=(-1.218, 2.288, 1.588) cte=0.045 closest=1382 target=1428 path_dist=0.045 heading_err=0.019 steer=0.194 speed=2.289
[gpu_amcl_cpp_node-6] [INFO] [1789013111.291236237] [gpu_amcl_cpp]: AMCL local correction: odom_prediction=(-1.221, 2.294, 1.630) scan=(-1.217, 2.283, 1.614) correction=0.012 m/0.016 rad cluster_weight=0.966 publish=true
[ground_truth_amcl_monitor-7] [INFO] [1789013111.642801352] [ground_truth_amcl_monitor]: AMCL vs GT: gt=(-1.355, 2.940) amcl=(-1.348, 3.002) error=0.063 m / 0.000 rad; current_map=(-1.347, 3.005, 1.888) error=0.066 m / 0.000 rad; odom=(-2.856, 2.068, 1.888) error=1.736 m / 0.000 rad; ekf=(-2.856, 2.068, 1.888) error=1.736 m / 0.000 rad; RMS=0.135 m / 0.036 rad max=0.674 m / 0.156 rad samples=8049
[gpu_amcl_cpp_node-6] [INFO] [1789013112.033064276] [gpu_amcl_cpp]: AMCL odom delta: at_scan=(0.467, -4.038, -2.296) baseline=(0.532, -3.970, -2.382) delta=(-0.065, -0.068, 0.086) moved=true scan_age=0.050s
[component_container-9] [INFO] [1789013112.233548958] [pure_pursuit_node]: Pure Pursuit: pose=(-2.117, 3.810, 2.879) cte=-0.032 closest=1477 target=1520 path_dist=0.032 heading_err=0.111 steer=0.428 speed=1.848
[gpu_amcl_cpp_node-6] [INFO] [1789013112.295037941] [gpu_amcl_cpp]: AMCL local correction: odom_prediction=(-2.119, 3.805, 2.891) scan=(-2.104, 3.803, 2.869) correction=0.015 m/0.021 rad cluster_weight=0.980 publish=true
[ground_truth_amcl_monitor-7] [INFO] [1789013112.657654934] [ground_truth_amcl_monitor]: AMCL vs GT: gt=(-2.689, 3.670) amcl=(-2.648, 3.718) error=0.064 m / 0.079 rad; current_map=(-2.720, 3.679, -2.606) error=0.033 m / 0.000 rad; odom=(-4.268, 2.810, -2.606) error=1.798 m / 0.000 rad; ekf=(-4.268, 2.810, -2.606) error=1.798 m / 0.000 rad; RMS=0.135 m / 0.036 rad max=0.674 m / 0.156 rad samples=8088
[gpu_amcl_cpp_node-6] [INFO] [1789013113.059422245] [gpu_amcl_cpp]: AMCL odom delta: at_scan=(0.941, -5.587, -0.335) baseline=(0.845, -5.548, -0.431) delta=(0.096, -0.039, 0.097) moved=true scan_age=0.050s
[component_container-9] [INFO] [1789013113.255774747] [pure_pursuit_node]: Pure Pursuit: pose=(-3.254, 2.483, -1.612) cte=0.094 closest=1577 target=1622 path_dist=0.094 heading_err=-0.077 steer=-0.000 speed=3.275
[gpu_amcl_cpp_node-6] [INFO] [1789013113.312206733] [gpu_amcl_cpp]: AMCL local correction: odom_prediction=(-3.255, 2.477, -1.627) scan=(-3.259, 2.494, -1.620) correction=0.018 m/0.008 rad cluster_weight=0.947 publish=true
[ground_truth_amcl_monitor-7] [INFO] [1789013113.667077599] [ground_truth_amcl_monitor]: AMCL vs GT: gt=(-3.322, 1.381) amcl=(-3.311, 1.379) error=0.011 m / 0.000 rad; current_map=(-3.311, 1.378, -1.648) error=0.011 m / 0.000 rad; odom=(-4.936, 0.512, -1.648) error=1.833 m / 0.000 rad; ekf=(-4.936, 0.512, -1.648) error=1.833 m / 0.000 rad; RMS=0.135 m / 0.036 rad max=0.674 m / 0.156 rad samples=8129
[gpu_amcl_cpp_node-6] [INFO] [1789013114.106982890] [gpu_amcl_cpp]: AMCL odom delta: at_scan=(3.770, -6.028, -0.484) baseline=(3.672, -5.980, -0.433) delta=(0.098, -0.048, -0.050) moved=true scan_age=0.049s
[component_container-9] [INFO] [1789013114.255832346] [pure_pursuit_node]: Pure Pursuit: pose=(-3.818, -0.051, -2.302) cte=0.018 closest=1710 target=1754 path_dist=0.018 heading_err=0.002 steer=-0.244 speed=1.959
[gpu_amcl_cpp_node-6] [INFO] [1789013114.313059455] [gpu_amcl_cpp]: AMCL local correction: odom_prediction=(-3.816, -0.057, -2.310) scan=(-3.806, -0.067, -2.296) correction=0.015 m/0.014 rad cluster_weight=0.975 publish=true
[ground_truth_amcl_monitor-7] [INFO] [1789013114.670973088] [ground_truth_amcl_monitor]: AMCL vs GT: gt=(-4.389, -0.430) amcl=(-4.367, -0.445) error=0.027 m / 0.000 rad; current_map=(-4.368, -0.446, -2.844) error=0.027 m / 0.000 rad; odom=(-6.024, -1.316, -2.844) error=1.859 m / 0.000 rad; ekf=(-6.024, -1.316, -2.844) error=1.859 m / 0.000 rad; RMS=0.134 m / 0.036 rad max=0.674 m / 0.156 rad samples=8169
[gpu_amcl_cpp_node-6] [INFO] [1789013115.132594055] [gpu_amcl_cpp]: AMCL odom delta: at_scan=(4.329, -7.699, -2.186) baseline=(4.383, -7.616, -2.097) delta=(-0.053, -0.083, -0.089) moved=true scan_age=0.050s
[component_container-9] [INFO] [1789013115.282017811] [pure_pursuit_node]: Pure Pursuit: pose=(-5.527, 0.019, 2.194) cte=-0.032 closest=1811 target=1855 path_dist=0.032 heading_err=-0.045 steer=-0.176 speed=2.829
[gpu_amcl_cpp_node-6] [INFO] [1789013115.338620147] [gpu_amcl_cpp]: AMCL local correction: odom_prediction=(-5.529, 0.022, 2.196) scan=(-5.529, 0.051, 2.205) correction=0.029 m/0.009 rad cluster_weight=0.963 publish=true
[ground_truth_amcl_monitor-7] [INFO] [1789013115.685597391] [ground_truth_amcl_monitor]: AMCL vs GT: gt=(-5.935, 0.967) amcl=(-5.877, 0.798) error=0.178 m / 0.033 rad; current_map=(-5.921, 0.962, 1.817) error=0.014 m / 0.000 rad; odom=(-7.598, 0.078, 1.817) error=1.885 m / 0.000 rad; ekf=(-7.598, 0.078, 1.817) error=1.885 m / 0.000 rad; RMS=0.134 m / 0.036 rad max=0.674 m / 0.156 rad samples=8208
[gpu_amcl_cpp_node-6] [INFO] [1789013115.835782016] [gpu_amcl_cpp]: AMCL scan update #4134 completed; evaluating pose confidence.
[gpu_amcl_cpp_node-6] [INFO] [1789013115.985298686] [gpu_amcl_cpp]: Received LiDAR callback #4137 (1081 ranges).
[gpu_amcl_cpp_node-6] [INFO] [1789013115.985366643] [gpu_amcl_cpp]: Starting AMCL scan update #4137 (sampled from 1081 ranges).
[gpu_amcl_cpp_node-6] [INFO] [1789013116.138024453] [gpu_amcl_cpp]: AMCL odom delta: at_scan=(1.237, -8.637, -3.102) baseline=(1.478, -8.623, -3.073) delta=(-0.240, -0.013, -0.029) moved=true scan_age=0.052s
[component_container-9] [INFO] [1789013116.308546174] [pure_pursuit_node]: Pure Pursuit: pose=(-6.134, 3.863, 1.487) cte=0.004 closest=2007 target=2058 path_dist=0.004 heading_err=0.005 steer=-0.045 speed=4.580
[gpu_amcl_cpp_node-6] [INFO] [1789013116.365041579] [gpu_amcl_cpp]: AMCL local correction: odom_prediction=(-6.135, 3.857, 1.492) scan=(-6.142, 3.852, 1.490) correction=0.008 m/0.003 rad cluster_weight=0.974 publish=true
[ground_truth_amcl_monitor-7] [INFO] [1789013116.692585807] [ground_truth_amcl_monitor]: AMCL vs GT: gt=(-5.878, 5.342) amcl=(-5.876, 5.298) error=0.044 m / 0.000 rad; current_map=(-5.875, 5.290, 1.239) error=0.053 m / 0.000 rad; odom=(-7.531, 4.469, 1.239) error=1.869 m / 0.000 rad; ekf=(-7.531, 4.469, 1.239) error=1.869 m / 0.000 rad; RMS=0.135 m / 0.036 rad max=0.674 m / 0.156 rad samples=8247
[gpu_amcl_cpp_node-6] [WARN] [1789013116.730940682] [gpu_amcl_cpp]: Queued LiDAR scan until source-time odometry arrives (queued=1).
[gpu_amcl_cpp_node-6] [INFO] [1789013117.184221841] [gpu_amcl_cpp]: AMCL odom delta: at_scan=(-2.728, -7.611, 2.442) baseline=(-2.616, -7.700, 2.487) delta=(-0.111, 0.089, -0.045) moved=true scan_age=0.051s
[component_container-9] [INFO] [1789013117.332996358] [pure_pursuit_node]: Pure Pursuit: pose=(-4.736, 7.124, 0.607) cte=-0.007 closest=2190 target=2235 path_dist=0.007 heading_err=0.010 steer=-0.105 speed=3.289
[gpu_amcl_cpp_node-6] [INFO] [1789013117.391214248] [gpu_amcl_cpp]: AMCL local correction: odom_prediction=(-4.739, 7.130, 0.613) scan=(-4.764, 7.117, 0.634) correction=0.028 m/0.022 rad cluster_weight=0.996 publish=true
[ground_truth_amcl_monitor-7] [INFO] [1789013117.706673451] [ground_truth_amcl_monitor]: AMCL vs GT: gt=(-3.802, 7.577) amcl=(-3.979, 7.518) error=0.186 m / 0.079 rad; current_map=(-3.815, 7.557, 0.195) error=0.024 m / 0.000 rad; odom=(-5.444, 6.697, 0.195) error=1.862 m / 0.000 rad; ekf=(-5.444, 6.697, 0.195) error=1.862 m / 0.000 rad; RMS=0.135 m / 0.036 rad max=0.674 m / 0.156 rad samples=8286
[gpu_amcl_cpp_node-6] [INFO] [1789013118.232153069] [gpu_amcl_cpp]: AMCL odom delta: at_scan=(-3.266, -4.494, 1.096) baseline=(-3.347, -4.656, 1.126) delta=(0.080, 0.162, -0.030) moved=true scan_age=0.050s
[component_container-9] [INFO] [1789013118.386270131] [pure_pursuit_node]: Pure Pursuit: pose=(-1.385, 6.860, -0.754) cte=-0.035 closest=2371 target=2420 path_dist=0.035 heading_err=0.032 steer=-0.061 speed=4.138
[gpu_amcl_cpp_node-6] [INFO] [1789013118.394064079] [gpu_amcl_cpp]: AMCL local correction: odom_prediction=(-1.555, 7.009, -0.653) scan=(-1.576, 7.022, -0.636) correction=0.025 m/0.017 rad cluster_weight=0.955 publish=true
[ground_truth_amcl_monitor-7] [INFO] [1789013118.709493867] [ground_truth_amcl_monitor]: AMCL vs GT: gt=(-0.690, 6.028) amcl=(-0.831, 6.216) error=0.235 m / 0.007 rad; current_map=(-0.693, 6.043, -0.902) error=0.015 m / 0.000 rad; odom=(-2.307, 5.123, -0.902) error=1.853 m / 0.000 rad; ekf=(-2.307, 5.123, -0.902) error=1.853 m / 0.000 rad; RMS=0.135 m / 0.036 rad max=0.674 m / 0.156 rad samples=8324
[gpu_amcl_cpp_node-6] [WARN] [1789013119.211004170] [gpu_amcl_cpp]: Queued LiDAR scan until source-time odometry arrives (queued=1).
[gpu_amcl_cpp_node-6] [INFO] [1789013119.262839774] [gpu_amcl_cpp]: AMCL odom delta: at_scan=(0.358, -1.946, 0.283) baseline=(0.138, -2.017, 0.342) delta=(0.220, 0.071, -0.059) moved=true scan_age=0.052s
[component_container-9] [INFO] [1789013119.431272222] [pure_pursuit_node]: Pure Pursuit: pose=(0.801, 2.711, -1.148) cte=-0.036 closest=21 target=72 path_dist=0.036 heading_err=-0.133 steer=-0.184 speed=4.698
[gpu_amcl_cpp_node-6] [INFO] [1789013119.440064435] [gpu_amcl_cpp]: AMCL local correction: odom_prediction=(0.697, 2.947, -1.211) scan=(0.678, 2.984, -1.231) correction=0.042 m/0.020 rad cluster_weight=0.932 publish=true
[gpu_amcl_cpp_node-6] [WARN] [1789013119.641267702] [gpu_amcl_cpp]: No local AMCL cluster near odometry prediction; using causal odometry pose.
[ground_truth_amcl_monitor-7] [INFO] [1789013119.734249655] [ground_truth_amcl_monitor]: AMCL vs GT: gt=(1.110, 1.624) amcl=(1.067, 1.837) error=0.218 m / 0.032 rad; current_map=(1.105, 1.632, -1.407) error=0.010 m / 0.000 rad; odom=(-0.474, 0.596, -1.407) error=1.888 m / 0.000 rad; ekf=(-0.474, 0.596, -1.407) error=1.888 m / 0.000 rad; RMS=0.135 m / 0.036 rad max=0.674 m / 0.156 rad samples=8364
[gpu_amcl_cpp_node-6] [INFO] [1789013120.139183255] [gpu_amcl_cpp]: AMCL recovery candidate: pose=(1.285, -0.421, -1.507) weight=0.899 stable_scans=1/3 odom_prediction=(1.301, -0.342).
[gpu_amcl_cpp_node-6] [INFO] [1789013120.280790744] [gpu_amcl_cpp]: AMCL odom delta: at_scan=(5.460, -0.973, 0.081) baseline=(5.158, -1.000, 0.096) delta=(0.303, 0.027, -0.015) moved=true scan_age=0.049s
[component_container-9] [INFO] [1789013120.432879257] [pure_pursuit_node]: Pure Pursuit: pose=(1.384, -2.376, -1.687) cte=-0.059 closest=278 target=329 path_dist=0.059 heading_err=0.048 steer=-0.004 speed=5.681
[gpu_amcl_cpp_node-6] [INFO] [1789013120.441386374] [gpu_amcl_cpp]: AMCL local correction: odom_prediction=(1.416, -2.122, -1.615) scan=(1.426, -2.155, -1.606) correction=0.035 m/0.010 rad cluster_weight=0.926 publish=true
[ground_truth_amcl_monitor-7] [INFO] [1789013120.735943894] [ground_truth_amcl_monitor]: AMCL vs GT: gt=(1.204, -3.713) amcl=(1.262, -3.457) error=0.263 m / 0.007 rad; current_map=(1.209, -3.754, -1.752) error=0.041 m / 0.000 rad; odom=(-0.380, -4.855, -1.752) error=1.953 m / 0.000 rad; ekf=(-0.380, -4.855, -1.752) error=1.953 m / 0.000 rad; RMS=0.135 m / 0.036 rad max=0.674 m / 0.156 rad samples=8404
[gpu_amcl_cpp_node-6] [INFO] [1789013120.836347166] [gpu_amcl_cpp]: AMCL scan update #4234 completed; evaluating pose confidence.
[gpu_amcl_cpp_node-6] [INFO] [1789013121.034182097] [gpu_amcl_cpp]: Received LiDAR callback #4238 (1081 ranges).
[gpu_amcl_cpp_node-6] [INFO] [1789013121.034252519] [gpu_amcl_cpp]: Starting AMCL scan update #4238 (sampled from 1081 ranges).
[gpu_amcl_cpp_node-6] [INFO] [1789013121.285997282] [gpu_amcl_cpp]: AMCL odom delta: at_scan=(11.184, -1.714, -0.201) baseline=(10.960, -1.671, -0.182) delta=(0.224, -0.043, -0.020) moved=true scan_age=0.050s
[component_container-9] [INFO] [1789013121.457045304] [pure_pursuit_node]: Pure Pursuit: pose=(0.493, -7.508, -1.943) cte=-0.059 closest=538 target=585 path_dist=0.059 heading_err=0.133 steer=0.063 speed=3.599
[gpu_amcl_cpp_node-6] [INFO] [1789013121.465355552] [gpu_amcl_cpp]: AMCL local correction: odom_prediction=(0.548, -7.347, -1.885) scan=(0.558, -7.316, -1.885) correction=0.033 m/0.000 rad cluster_weight=0.967 publish=true
[ground_truth_amcl_monitor-7] [INFO] [1789013121.756733672] [ground_truth_amcl_monitor]: AMCL vs GT: gt=(0.241, -8.138) amcl=(0.301, -8.001) error=0.149 m / 0.001 rad; current_map=(0.239, -8.167, -1.928) error=0.030 m / 0.000 rad; odom=(-1.423, -9.613, -1.928) error=2.224 m / 0.000 rad; ekf=(-1.423, -9.613, -1.928) error=2.224 m / 0.000 rad; RMS=0.135 m / 0.036 rad max=0.674 m / 0.156 rad samples=8444
[gpu_amcl_cpp_node-6] [INFO] [1789013122.310872805] [gpu_amcl_cpp]: AMCL odom delta: at_scan=(14.209, -2.812, -0.589) baseline=(14.103, -2.747, -0.529) delta=(0.105, -0.066, -0.061) moved=true scan_age=0.053s
[component_container-9] [INFO] [1789013122.480552569] [pure_pursuit_node]: Pure Pursuit: pose=(-0.718, -9.936, -2.583) cte=-0.014 closest=675 target=720 path_dist=0.014 heading_err=0.010 steer=-0.260 speed=2.518
[gpu_amcl_cpp_node-6] [INFO] [1789013122.489339171] [gpu_amcl_cpp]: AMCL local correction: odom_prediction=(-0.615, -9.868, -2.466) scan=(-0.609, -9.864, -2.445) correction=0.007 m/0.021 rad cluster_weight=0.999 publish=true
[ground_truth_amcl_monitor-7] [INFO] [1789013122.782843095] [ground_truth_amcl_monitor]: AMCL vs GT: gt=(-1.289, -10.165) amcl=(-1.160, -10.125) error=0.134 m / 0.104 rad; current_map=(-1.283, -10.141, -3.058) error=0.024 m / 0.000 rad; odom=(-2.982, -11.647, -3.058) error=2.251 m / 0.000 rad; ekf=(-2.982, -11.647, -3.058) error=2.251 m / 0.000 rad; RMS=0.135 m / 0.036 rad max=0.674 m / 0.156 rad samples=8484
[gpu_amcl_cpp_node-6] [INFO] [1789013123.338611140] [gpu_amcl_cpp]: AMCL odom delta: at_scan=(14.239, -4.966, -2.468) baseline=(14.339, -4.881, -2.401) delta=(-0.100, -0.085, -0.067) moved=true scan_age=0.053s
[component_container-9] [INFO] [1789013123.504625379] [pure_pursuit_node]: Pure Pursuit: pose=(-2.787, -9.016, 1.972) cte=-0.034 closest=804 target=850 path_dist=0.034 heading_err=0.040 steer=-0.063 speed=3.699
[gpu_amcl_cpp_node-6] [INFO] [1789013123.513180086] [gpu_amcl_cpp]: AMCL local correction: odom_prediction=(-2.725, -9.150, 2.031) scan=(-2.723, -9.153, 2.043) correction=0.004 m/0.012 rad cluster_weight=0.955 publish=true
[ground_truth_amcl_monitor-7] [INFO] [1789013123.806656179] [ground_truth_amcl_monitor]: AMCL vs GT: gt=(-3.061, -8.174) amcl=(-3.020, -8.337) error=0.169 m / 0.050 rad; current_map=(-3.065, -8.147, 1.778) error=0.027 m / 0.000 rad; odom=(-4.773, -9.657, 1.778) error=2.265 m / 0.000 rad; ekf=(-4.773, -9.657, 1.778) error=2.265 m / 0.000 rad; RMS=0.135 m / 0.036 rad max=0.674 m / 0.156 rad samples=8524
[gpu_amcl_cpp_node-6] [INFO] [1789013124.356169819] [gpu_amcl_cpp]: AMCL odom delta: at_scan=(10.278, -5.538, 2.928) baseline=(10.524, -5.589, 2.946) delta=(-0.245, 0.051, -0.019) moved=true scan_age=0.049s
[component_container-9] [INFO] [1789013124.555227150] [pure_pursuit_node]: Pure Pursuit: pose=(-2.728, -4.424, 1.270) cte=-0.022 closest=1038 target=1089 path_dist=0.022 heading_err=0.015 steer=0.019 speed=5.351
[gpu_amcl_cpp_node-6] [INFO] [1789013124.563428253] [gpu_amcl_cpp]: AMCL local correction: odom_prediction=(-2.795, -4.655, 1.324) scan=(-2.828, -4.696, 1.320) correction=0.053 m/0.004 rad cluster_weight=0.943 publish=true
[ground_truth_amcl_monitor-7] [INFO] [1789013124.808255246] [ground_truth_amcl_monitor]: AMCL vs GT: gt=(-2.428, -3.465) amcl=(-2.473, -3.674) error=0.214 m / 0.064 rad; current_map=(-2.401, -3.425, 1.321) error=0.049 m / 0.000 rad; odom=(-4.126, -4.900, 1.321) error=2.223 m / 0.000 rad; ekf=(-4.126, -4.900, 1.321) error=2.223 m / 0.000 rad; RMS=0.135 m / 0.036 rad max=0.674 m / 0.156 rad samples=8564
[gpu_amcl_cpp_node-6] [INFO] [1789013125.358511644] [gpu_amcl_cpp]: AMCL odom delta: at_scan=(5.053, -4.160, 2.880) baseline=(5.294, -4.218, 2.929) delta=(-0.240, 0.058, -0.049) moved=true scan_age=0.051s
[gpu_amcl_cpp_node-6] [WARN] [1789013125.515315165] [gpu_amcl_cpp]: No local AMCL cluster near odometry prediction; using causal odometry pose.
[component_container-9] [INFO] [1789013125.555901303] [pure_pursuit_node]: Pure Pursuit: pose=(-1.456, 0.505, 1.483) cte=0.002 closest=1292 target=1339 path_dist=0.002 heading_err=-0.095 steer=-0.085 speed=3.807
[gpu_amcl_cpp_node-6] [INFO] [1789013125.564236828] [gpu_amcl_cpp]: AMCL local correction: odom_prediction=(-1.474, 0.346, 1.434) scan=(-1.469, 0.336, 1.416) correction=0.012 m/0.017 rad cluster_weight=0.917 publish=true
[ground_truth_amcl_monitor-7] [INFO] [1789013125.817892914] [ground_truth_amcl_monitor]: AMCL vs GT: gt=(-1.337, 1.207) amcl=(-1.332, 1.263) error=0.056 m / 0.000 rad; current_map=(-1.332, 1.260, 1.387) error=0.053 m / 0.000 rad; odom=(-3.020, -0.168, 1.387) error=2.174 m / 0.000 rad; ekf=(-3.020, -0.168, 1.387) error=2.174 m / 0.000 rad; RMS=0.135 m / 0.036 rad max=0.674 m / 0.156 rad samples=8605
[gpu_amcl_cpp_node-6] [INFO] [1789013125.860444633] [gpu_amcl_cpp]: AMCL scan update #4333 completed; evaluating pose confidence.
[gpu_amcl_cpp_node-6] [INFO] [1789013126.059938935] [gpu_amcl_cpp]: Received LiDAR callback #4337 (1081 ranges).
[gpu_amcl_cpp_node-6] [INFO] [1789013126.060015509] [gpu_amcl_cpp]: Starting AMCL scan update #4337 (sampled from 1081 ranges).
[gpu_amcl_cpp_node-6] [INFO] [1789013126.358825463] [gpu_amcl_cpp]: AMCL odom delta: at_scan=(1.724, -3.834, -2.887) baseline=(1.817, -3.812, -2.922) delta=(-0.093, -0.022, 0.035) moved=true scan_age=0.051s
[component_container-9] [INFO] [1789013126.606725640] [pure_pursuit_node]: Pure Pursuit: pose=(-1.547, 3.371, 2.123) cte=-0.015 closest=1439 target=1482 path_dist=0.015 heading_err=-0.070 steer=0.303 speed=1.873
[gpu_amcl_cpp_node-6] [INFO] [1789013126.615296617] [gpu_amcl_cpp]: AMCL local correction: odom_prediction=(-1.500, 3.285, 2.060) scan=(-1.493, 3.257, 2.051) correction=0.029 m/0.009 rad cluster_weight=0.986 publish=true
[ground_truth_amcl_monitor-7] [INFO] [1789013126.820329262] [ground_truth_amcl_monitor]: AMCL vs GT: gt=(-1.729, 3.536) amcl=(-1.725, 3.580) error=0.044 m / 0.000 rad; current_map=(-1.727, 3.581, 2.377) error=0.045 m / 0.000 rad; odom=(-3.426, 2.184, 2.377) error=2.169 m / 0.000 rad; ekf=(-3.426, 2.184, 2.377) error=2.169 m / 0.000 rad; RMS=0.135 m / 0.036 rad max=0.674 m / 0.156 rad samples=8645
[gpu_amcl_cpp_node-6] [INFO] [1789013127.361409821] [gpu_amcl_cpp]: AMCL odom delta: at_scan=(0.774, -5.132, -1.192) baseline=(0.744, -5.042, -1.310) delta=(0.030, -0.090, 0.118) moved=true scan_age=0.051s
[component_container-9] [INFO] [1789013127.630731331] [pure_pursuit_node]: Pure Pursuit: pose=(-3.020, 3.322, -2.059) cte=0.008 closest=1534 target=1578 path_dist=0.008 heading_err=0.136 steer=0.210 speed=2.302
[gpu_amcl_cpp_node-6] [INFO] [1789013127.640204543] [gpu_amcl_cpp]: AMCL local correction: odom_prediction=(-2.957, 3.403, -2.157) scan=(-2.932, 3.405, -2.160) correction=0.025 m/0.003 rad cluster_weight=0.973 publish=true
[ground_truth_amcl_monitor-7] [INFO] [1789013127.834513528] [ground_truth_amcl_monitor]: AMCL vs GT: gt=(-3.111, 3.031) amcl=(-3.067, 3.104) error=0.085 m / 0.061 rad; current_map=(-3.101, 2.998, -1.852) error=0.034 m / 0.000 rad; odom=(-4.905, 1.658, -1.852) error=2.259 m / 0.000 rad; ekf=(-4.905, 1.658, -1.852) error=2.259 m / 0.000 rad; RMS=0.135 m / 0.037 rad max=0.674 m / 0.156 rad samples=8684
[gpu_amcl_cpp_node-6] [INFO] [1789013128.388206337] [gpu_amcl_cpp]: AMCL odom delta: at_scan=(3.170, -5.916, -0.102) baseline=(3.001, -5.900, -0.087) delta=(0.169, -0.016, -0.015) moved=true scan_age=0.053s
[component_container-9] [INFO] [1789013128.658854109] [pure_pursuit_node]: Pure Pursuit: pose=(-3.509, 0.473, -1.963) cte=0.029 closest=1679 target=1723 path_dist=0.029 heading_err=0.012 steer=-0.155 speed=1.996
[gpu_amcl_cpp_node-6] [INFO] [1789013128.667206366] [gpu_amcl_cpp]: AMCL local correction: odom_prediction=(-3.471, 0.570, -1.917) scan=(-3.469, 0.584, -1.900) correction=0.014 m/0.017 rad cluster_weight=0.990 publish=true
[ground_truth_amcl_monitor-7] [INFO] [1789013128.860835635] [ground_truth_amcl_monitor]: AMCL vs GT: gt=(-3.663, 0.164) amcl=(-3.593, 0.286) error=0.141 m / 0.053 rad; current_map=(-3.642, 0.198, -2.112) error=0.040 m / 0.000 rad; odom=(-5.458, -1.183, -2.112) error=2.244 m / 0.000 rad; ekf=(-5.458, -1.183, -2.112) error=2.244 m / 0.000 rad; RMS=0.134 m / 0.036 rad max=0.674 m / 0.156 rad samples=8724
[gpu_amcl_cpp_node-6] [INFO] [1789013129.410097534] [gpu_amcl_cpp]: AMCL odom delta: at_scan=(4.979, -7.085, -1.353) baseline=(4.953, -6.992, -1.258) delta=(0.025, -0.093, -0.095) moved=true scan_age=0.052s
[component_container-9] [INFO] [1789013129.663835158] [pure_pursuit_node]: Pure Pursuit: pose=(-5.022, -0.440, 2.750) cte=-0.023 closest=1777 target=1820 path_dist=0.023 heading_err=-0.034 steer=-0.312 speed=2.034
[gpu_amcl_cpp_node-6] [INFO] [1789013129.673132279] [gpu_amcl_cpp]: AMCL local correction: odom_prediction=(-4.927, -0.471, 2.850) scan=(-4.904, -0.456, 2.879) correction=0.028 m/0.029 rad cluster_weight=0.976 publish=true
[ground_truth_amcl_monitor-7] [INFO] [1789013129.885984543] [ground_truth_amcl_monitor]: AMCL vs GT: gt=(-5.305, -0.244) amcl=(-5.209, -0.313) error=0.118 m / 0.091 rad; current_map=(-5.292, -0.249, 2.439) error=0.014 m / 0.000 rad; odom=(-7.148, -1.596, 2.439) error=2.286 m / 0.000 rad; ekf=(-7.065, -1.660, 2.530) error=2.259 m / 0.091 rad; RMS=0.134 m / 0.037 rad max=0.674 m / 0.156 rad samples=8764
[gpu_amcl_cpp_node-6] [INFO] [1789013130.459222826] [gpu_amcl_cpp]: AMCL odom delta: at_scan=(3.371, -8.611, -2.929) baseline=(3.547, -8.571, -2.906) delta=(-0.176, -0.040, -0.023) moved=true scan_age=0.049s
[component_container-9] [INFO] [1789013130.707547544] [pure_pursuit_node]: Pure Pursuit: pose=(-6.125, 2.288, 1.642) cte=-0.008 closest=1929 target=1978 path_dist=0.008 heading_err=0.028 steer=-0.018 speed=4.880
[gpu_amcl_cpp_node-6] [INFO] [1789013130.715326214] [gpu_amcl_cpp]: AMCL local correction: odom_prediction=(-6.107, 2.072, 1.663) scan=(-6.112, 2.075, 1.662) correction=0.006 m/0.002 rad cluster_weight=0.946 publish=true
[ground_truth_amcl_monitor-7] [INFO] [1789013130.907330492] [ground_truth_amcl_monitor]: AMCL vs GT: gt=(-6.180, 3.011) amcl=(-6.156, 2.722) error=0.289 m / 0.018 rad; current_map=(-6.167, 2.960, 1.608) error=0.052 m / 0.000 rad; odom=(-8.017, 1.646, 1.608) error=2.288 m / 0.000 rad; ekf=(-8.006, 1.408, 1.626) error=2.429 m / 0.018 rad; RMS=0.134 m / 0.037 rad max=0.674 m / 0.156 rad samples=8804
[gpu_amcl_cpp_node-6] [INFO] [1789013130.907405854] [gpu_amcl_cpp]: AMCL scan update #4432 completed; evaluating pose confidence.
[gpu_amcl_cpp_node-6] [INFO] [1789013131.106549281] [gpu_amcl_cpp]: Received LiDAR callback #4436 (1081 ranges).
[gpu_amcl_cpp_node-6] [INFO] [1789013131.106623871] [gpu_amcl_cpp]: Starting AMCL scan update #4436 (sampled from 1081 ranges).
[gpu_amcl_cpp_node-6] [INFO] [1789013131.497547507] [gpu_amcl_cpp]: AMCL odom delta: at_scan=(-1.002, -8.465, 2.719) baseline=(-0.812, -8.540, 2.815) delta=(-0.191, 0.075, -0.096) moved=true scan_age=0.090s
[component_container-9] [INFO] [1789013131.708093170] [pure_pursuit_node]: Pure Pursuit: pose=(-5.434, 6.316, 1.068) cte=-0.008 closest=2136 target=2181 path_dist=0.008 heading_err=-0.019 steer=-0.145 speed=2.856
[gpu_amcl_cpp_node-6] [INFO] [1789013131.717278492] [gpu_amcl_cpp]: AMCL local correction: odom_prediction=(-5.486, 6.218, 1.089) scan=(-5.492, 6.215, 1.091) correction=0.007 m/0.001 rad cluster_weight=0.993 publish=true
[ground_truth_amcl_monitor-7] [INFO] [1789013131.909354586] [ground_truth_amcl_monitor]: AMCL vs GT: gt=(-5.213, 6.681) amcl=(-5.280, 6.561) error=0.137 m / 0.055 rad; current_map=(-5.195, 6.671, 0.884) error=0.020 m / 0.000 rad; odom=(-7.023, 5.336, 0.884) error=2.256 m / 0.000 rad; ekf=(-7.023, 5.336, 0.884) error=2.256 m / 0.000 rad; RMS=0.135 m / 0.037 rad max=0.674 m / 0.156 rad samples=8842
[gpu_amcl_cpp_node-6] [INFO] [1789013132.531973850] [gpu_amcl_cpp]: AMCL odom delta: at_scan=(-3.098, -6.173, 1.692) baseline=(-3.071, -6.345, 1.764) delta=(-0.027, 0.172, -0.072) moved=true scan_age=0.049s
[component_container-9] [INFO] [1789013132.729623964] [pure_pursuit_node]: Pure Pursuit: pose=(-2.737, 7.555, -0.231) cte=-0.018 closest=2295 target=2342 path_dist=0.018 heading_err=0.015 steer=-0.120 speed=3.617
[gpu_amcl_cpp_node-6] [INFO] [1789013132.738226691] [gpu_amcl_cpp]: AMCL local correction: odom_prediction=(-2.900, 7.590, -0.163) scan=(-2.868, 7.597, -0.158) correction=0.032 m/0.005 rad cluster_weight=0.973 publish=true
[ground_truth_amcl_monitor-7] [INFO] [1789013132.937898913] [ground_truth_amcl_monitor]: AMCL vs GT: gt=(-2.213, 7.391) amcl=(-2.378, 7.466) error=0.180 m / 0.063 rad; current_map=(-2.209, 7.396, -0.425) error=0.006 m / 0.000 rad; odom=(-4.015, 6.035, -0.425) error=2.256 m / 0.000 rad; ekf=(-4.015, 6.035, -0.425) error=2.256 m / 0.000 rad; RMS=0.135 m / 0.037 rad max=0.674 m / 0.156 rad samples=8882
[gpu_amcl_cpp_node-6] [INFO] [1789013133.558047810] [gpu_amcl_cpp]: AMCL odom delta: at_scan=(-0.953, -2.935, 0.477) baseline=(-1.184, -3.064, 0.537) delta=(0.231, 0.128, -0.060) moved=true scan_age=0.049s
[component_container-9] [INFO] [1789013133.757000992] [pure_pursuit_node]: Pure Pursuit: pose=(0.253, 4.301, -1.120) cte=-0.035 closest=2523 target=2576 path_dist=0.035 heading_err=-0.061 steer=-0.099 speed=5.161
[gpu_amcl_cpp_node-6] [INFO] [1789013133.765423521] [gpu_amcl_cpp]: AMCL local correction: odom_prediction=(0.125, 4.547, -1.098) scan=(0.119, 4.567, -1.103) correction=0.021 m/0.005 rad cluster_weight=0.950 publish=true
[ground_truth_amcl_monitor-7] [INFO] [1789013133.958828312] [ground_truth_amcl_monitor]: AMCL vs GT: gt=(0.542, 3.521) amcl=(0.466, 3.747) error=0.238 m / 0.043 rad; current_map=(0.540, 3.498, -1.301) error=0.023 m / 0.000 rad; odom=(-1.233, 2.090, -1.301) error=2.280 m / 0.000 rad; ekf=(-1.233, 2.090, -1.301) error=2.280 m / 0.000 rad; RMS=0.135 m / 0.037 rad max=0.674 m / 0.156 rad samples=8922
[gpu_amcl_cpp_node-6] [WARN] [1789013134.114314425] [gpu_amcl_cpp]: No local AMCL cluster near odometry prediction; using causal odometry pose.
[gpu_amcl_cpp_node-6] [INFO] [1789013134.560024204] [gpu_amcl_cpp]: AMCL odom delta: at_scan=(4.205, -1.285, 0.181) baseline=(3.928, -1.337, 0.188) delta=(0.277, 0.052, -0.007) moved=true scan_age=0.049s
[component_container-9] [INFO] [1789013134.781041959] [pure_pursuit_node]: Pure Pursuit: pose=(1.328, -0.986, -1.559) cte=0.034 closest=208 target=261 path_dist=0.034 heading_err=0.011 steer=0.005 speed=6.088
[gpu_amcl_cpp_node-6] [INFO] [1789013134.790091325] [gpu_amcl_cpp]: AMCL local correction: odom_prediction=(1.324, -0.768, -1.576) scan=(1.337, -0.803, -1.574) correction=0.038 m/0.002 rad cluster_weight=0.957 publish=true
[ground_truth_amcl_monitor-7] [INFO] [1789013134.981788089] [ground_truth_amcl_monitor]: AMCL vs GT: gt=(1.429, -1.828) amcl=(1.390, -1.607) error=0.225 m / 0.025 rad; current_map=(1.417, -1.902, -1.491) error=0.075 m / 0.000 rad; odom=(-0.325, -3.398, -1.491) error=2.353 m / 0.000 rad; ekf=(-0.325, -3.398, -1.491) error=2.353 m / 0.000 rad; RMS=0.135 m / 0.037 rad max=0.674 m / 0.156 rad samples=8962
[gpu_amcl_cpp_node-6] [WARN] [1789013135.241100078] [gpu_amcl_cpp]: No local AMCL cluster near odometry prediction; using causal odometry pose.
[gpu_amcl_cpp_node-6] [INFO] [1789013135.584413669] [gpu_amcl_cpp]: AMCL odom delta: at_scan=(9.393, -1.517, -0.211) baseline=(9.135, -1.466, -0.178) delta=(0.258, -0.051, -0.033) moved=true scan_age=0.050s
[component_container-9] [INFO] [1789013135.782815156] [pure_pursuit_node]: Pure Pursuit: pose=(0.798, -5.898, -1.654) cte=-0.000 closest=456 target=509 path_dist=0.000 heading_err=-0.123 steer=-0.132 speed=4.721
[gpu_amcl_cpp_node-6] [INFO] [1789013135.791235902] [gpu_amcl_cpp]: AMCL local correction: odom_prediction=(0.830, -5.613, -1.732) scan=(0.823, -5.577, -1.745) correction=0.036 m/0.012 rad cluster_weight=0.942 publish=true
[gpu_amcl_cpp_node-6] [INFO] [1789013135.937717393] [gpu_amcl_cpp]: AMCL scan update #4530 completed; evaluating pose confidence.
[ground_truth_amcl_monitor-7] [INFO] [1789013135.992320138] [ground_truth_amcl_monitor]: AMCL vs GT: gt=(0.654, -6.564) amcl=(0.710, -6.353) error=0.219 m / 0.038 rad; current_map=(0.661, -6.579, -1.802) error=0.017 m / 0.000 rad; odom=(-1.134, -8.288, -1.802) error=2.484 m / 0.000 rad; ekf=(-1.085, -8.062, -1.765) error=2.295 m / 0.038 rad; RMS=0.135 m / 0.037 rad max=0.674 m / 0.156 rad samples=9002
[gpu_amcl_cpp_node-6] [INFO] [1789013136.107308469] [gpu_amcl_cpp]: Received LiDAR callback #4533 (1081 ranges).
[gpu_amcl_cpp_node-6] [INFO] [1789013136.107390393] [gpu_amcl_cpp]: Starting AMCL scan update #4533 (sampled from 1081 ranges).
[gpu_amcl_cpp_node-6] [INFO] [1789013136.588658872] [gpu_amcl_cpp]: AMCL odom delta: at_scan=(13.628, -2.525, -0.334) baseline=(13.481, -2.475, -0.323) delta=(0.147, -0.050, -0.011) moved=true scan_age=0.051s
[component_container-9] [INFO] [1789013136.806750312] [pure_pursuit_node]: Pure Pursuit: pose=(-0.164, -9.254, -2.105) cte=-0.003 closest=631 target=676 path_dist=0.003 heading_err=0.040 steer=-0.113 speed=2.549
[gpu_amcl_cpp_node-6] [INFO] [1789013136.816321549] [gpu_amcl_cpp]: AMCL local correction: odom_prediction=(-0.106, -9.145, -2.038) scan=(-0.104, -9.145, -2.032) correction=0.002 m/0.006 rad cluster_weight=0.994 publish=true
[ground_truth_amcl_monitor-7] [INFO] [1789013137.010406510] [ground_truth_amcl_monitor]: AMCL vs GT: gt=(-0.378, -9.609) amcl=(-0.285, -9.474) error=0.164 m / 0.064 rad; current_map=(-0.356, -9.577, -2.209) error=0.039 m / 0.000 rad; odom=(-2.185, -11.390, -2.209) error=2.538 m / 0.000 rad; ekf=(-2.185, -11.390, -2.209) error=2.538 m / 0.000 rad; RMS=0.135 m / 0.037 rad max=0.674 m / 0.156 rad samples=9040
[gpu_amcl_cpp_node-6] [INFO] [1789013137.608404202] [gpu_amcl_cpp]: AMCL odom delta: at_scan=(15.090, -4.275, -1.772) baseline=(15.108, -4.156, -1.671) delta=(-0.018, -0.119, -0.101) moved=true scan_age=0.050s
[component_container-9] [INFO] [1789013137.808197786] [pure_pursuit_node]: Pure Pursuit: pose=(-2.184, -9.851, 2.465) cte=-0.029 closest=752 target=797 path_dist=0.029 heading_err=-0.008 steer=-0.187 speed=2.619
[gpu_amcl_cpp_node-6] [INFO] [1789013137.817302576] [gpu_amcl_cpp]: AMCL local correction: odom_prediction=(-2.084, -9.921, 2.557) scan=(-2.074, -9.939, 2.573) correction=0.021 m/0.016 rad cluster_weight=0.984 publish=true
[ground_truth_amcl_monitor-7] [INFO] [1789013138.034746621] [ground_truth_amcl_monitor]: AMCL vs GT: gt=(-2.480, -9.567) amcl=(-2.376, -9.666) error=0.144 m / 0.098 rad; current_map=(-2.491, -9.528, 2.215) error=0.040 m / 0.000 rad; odom=(-4.341, -11.348, 2.215) error=2.576 m / 0.000 rad; ekf=(-4.341, -11.348, 2.215) error=2.576 m / 0.000 rad; RMS=0.135 m / 0.037 rad max=0.674 m / 0.156 rad samples=9080
[gpu_amcl_cpp_node-6] [INFO] [1789013138.657858065] [gpu_amcl_cpp]: AMCL odom delta: at_scan=(12.427, -5.800, -3.070) baseline=(12.719, -5.774, -3.038) delta=(-0.292, -0.026, -0.032) moved=true scan_age=0.050s
[component_container-9] [INFO] [1789013138.857141721] [pure_pursuit_node]: Pure Pursuit: pose=(-3.139, -6.331, 1.472) cte=-0.012 closest=940 target=991 path_dist=0.012 heading_err=0.006 steer=-0.044 speed=5.010
[gpu_amcl_cpp_node-6] [INFO] [1789013138.867354052] [gpu_amcl_cpp]: AMCL local correction: odom_prediction=(-3.163, -6.580, 1.520) scan=(-3.159, -6.594, 1.524) correction=0.015 m/0.004 rad cluster_weight=0.985 publish=true
[ground_truth_amcl_monitor-7] [INFO] [1789013139.068419295] [ground_truth_amcl_monitor]: AMCL vs GT: gt=(-3.021, -5.564) amcl=(-3.061, -5.837) error=0.276 m / 0.001 rad; current_map=(-3.012, -5.580, 1.381) error=0.019 m / 0.000 rad; odom=(-4.871, -7.321, 1.381) error=2.552 m / 0.000 rad; ekf=(-4.871, -7.321, 1.381) error=2.552 m / 0.000 rad; RMS=0.135 m / 0.037 rad max=0.674 m / 0.156 rad samples=9118
[gpu_amcl_cpp_node-6] [INFO] [1789013139.705740070] [gpu_amcl_cpp]: AMCL odom delta: at_scan=(7.211, -4.763, 2.895) baseline=(7.471, -4.827, 2.905) delta=(-0.261, 0.064, -0.010) moved=true scan_age=0.049s
[component_container-9] [INFO] [1789013139.904534067] [pure_pursuit_node]: Pure Pursuit: pose=(-1.752, -0.905, 1.402) cte=0.008 closest=1220 target=1273 path_dist=0.008 heading_err=-0.065 steer=-0.055 speed=4.836
[gpu_amcl_cpp_node-6] [INFO] [1789013139.912339568] [gpu_amcl_cpp]: AMCL local correction: odom_prediction=(-1.802, -1.171, 1.331) scan=(-1.802, -1.174, 1.318) correction=0.003 m/0.013 rad cluster_weight=0.959 publish=true
[ground_truth_amcl_monitor-7] [INFO] [1789013140.068249039] [ground_truth_amcl_monitor]: AMCL vs GT: gt=(-1.640, -0.436) amcl=(-1.624, -0.370) error=0.068 m / 0.000 rad; current_map=(-1.620, -0.374, 1.349) error=0.064 m / 0.000 rad; odom=(-3.471, -2.122, 1.349) error=2.489 m / 0.000 rad; ekf=(-3.471, -2.122, 1.349) error=2.489 m / 0.000 rad; RMS=0.135 m / 0.037 rad max=0.674 m / 0.156 rad samples=9157
[gpu_amcl_cpp_node-6] [INFO] [1789013140.707351823] [gpu_amcl_cpp]: AMCL odom delta: at_scan=(2.912, -3.875, 3.077) baseline=(3.078, -3.888, 3.052) delta=(-0.166, 0.013, 0.025) moved=true scan_age=0.050s
[component_container-9] [INFO] [1789013140.905902174] [pure_pursuit_node]: Pure Pursuit: pose=(-1.255, 2.642, 1.765) cte=0.041 closest=1399 target=1444 path_dist=0.041 heading_err=-0.042 steer=0.112 speed=1.967
[gpu_amcl_cpp_node-6] [INFO] [1789013140.914335794] [gpu_amcl_cpp]: AMCL local correction: odom_prediction=(-1.235, 2.533, 1.666) scan=(-1.228, 2.525, 1.653) correction=0.011 m/0.014 rad cluster_weight=0.972 publish=true
[gpu_amcl_cpp_node-6] [INFO] [1789013140.959355761] [gpu_amcl_cpp]: AMCL scan update #4626 completed; evaluating pose confidence.
[ground_truth_amcl_monitor-7] [INFO] [1789013141.108241902] [ground_truth_amcl_monitor]: AMCL vs GT: gt=(-1.312, 2.831) amcl=(-1.282, 2.822) error=0.031 m / 0.036 rad; current_map=(-1.299, 2.891, 1.841) error=0.061 m / 0.000 rad; odom=(-3.141, 1.205, 1.841) error=2.447 m / 0.000 rad; ekf=(-3.141, 1.205, 1.841) error=2.447 m / 0.000 rad; RMS=0.135 m / 0.037 rad max=0.674 m / 0.156 rad samples=9198
[gpu_amcl_cpp_node-6] [INFO] [1789013141.156956269] [gpu_amcl_cpp]: Received LiDAR callback #4630 (1081 ranges).
[gpu_amcl_cpp_node-6] [INFO] [1789013141.157034315] [gpu_amcl_cpp]: Starting AMCL scan update #4630 (sampled from 1081 ranges).
[gpu_amcl_cpp_node-6] [INFO] [1789013141.758543082] [gpu_amcl_cpp]: AMCL odom delta: at_scan=(1.048, -4.621, -1.990) baseline=(1.089, -4.539, -2.083) delta=(-0.041, -0.081, 0.093) moved=true scan_age=0.051s
[component_container-9] [INFO] [1789013141.908336517] [pure_pursuit_node]: Pure Pursuit: pose=(-2.325, 3.832, -3.139) cte=-0.022 closest=1488 target=1531 path_dist=0.022 heading_err=0.030 steer=0.427 speed=1.837
[gpu_amcl_cpp_node-6] [INFO] [1789013141.917480862] [gpu_amcl_cpp]: AMCL local correction: odom_prediction=(-2.235, 3.826, 3.038) scan=(-2.224, 3.831, 3.019) correction=0.012 m/0.019 rad cluster_weight=0.969 publish=true
[ground_truth_amcl_monitor-7] [INFO] [1789013142.117255403] [ground_truth_amcl_monitor]: AMCL vs GT: gt=(-2.547, 3.735) amcl=(-2.491, 3.792) error=0.080 m / 0.117 rad; current_map=(-2.582, 3.765, -2.794) error=0.046 m / 0.000 rad; odom=(-4.444, 2.136, -2.794) error=2.480 m / 0.000 rad; ekf=(-4.444, 2.136, -2.794) error=2.480 m / 0.000 rad; RMS=0.135 m / 0.037 rad max=0.674 m / 0.156 rad samples=9238
[gpu_amcl_cpp_node-6] [INFO] [1789013142.760092346] [gpu_amcl_cpp]: AMCL odom delta: at_scan=(2.165, -5.930, -0.142) baseline=(2.023, -5.907, -0.169) delta=(0.141, -0.022, 0.027) moved=true scan_age=0.050s
[gpu_amcl_cpp_node-6] [WARN] [1789013142.873572457] [gpu_amcl_cpp]: Queued LiDAR scan until source-time odometry arrives (queued=1).
[component_container-9] [INFO] [1789013142.938634798] [pure_pursuit_node]: Pure Pursuit: pose=(-3.263, 1.884, -1.661) cte=0.030 closest=1607 target=1654 path_dist=0.030 heading_err=-0.031 steer=-0.007 speed=3.375
[gpu_amcl_cpp_node-6] [INFO] [1789013142.948476794] [gpu_amcl_cpp]: AMCL local correction: odom_prediction=(-3.245, 2.057, -1.673) scan=(-3.244, 2.044, -1.663) correction=0.013 m/0.010 rad cluster_weight=0.948 publish=true
[ground_truth_amcl_monitor-7] [INFO] [1789013143.117205094] [ground_truth_amcl_monitor]: AMCL vs GT: gt=(-3.310, 1.473) amcl=(-3.299, 1.468) error=0.012 m / 0.000 rad; current_map=(-3.298, 1.461, -1.651) error=0.017 m / 0.000 rad; odom=(-5.246, -0.145, -1.651) error=2.523 m / 0.000 rad; ekf=(-5.246, -0.145, -1.651) error=2.523 m / 0.000 rad; RMS=0.135 m / 0.037 rad max=0.674 m / 0.156 rad samples=9275
[gpu_amcl_cpp_node-6] [INFO] [1789013143.760313599] [gpu_amcl_cpp]: AMCL odom delta: at_scan=(4.798, -6.538, -0.689) baseline=(4.721, -6.479, -0.621) delta=(0.077, -0.059, -0.068) moved=true scan_age=0.050s
[component_container-9] [INFO] [1789013143.958393989] [pure_pursuit_node]: Pure Pursuit: pose=(-4.131, -0.313, -2.596) cte=0.003 closest=1731 target=1774 path_dist=0.003 heading_err=-0.077 steer=-0.295 speed=1.970
[gpu_amcl_cpp_node-6] [INFO] [1789013143.966462845] [gpu_amcl_cpp]: AMCL local correction: odom_prediction=(-4.050, -0.265, -2.529) scan=(-4.045, -0.278, -2.514) correction=0.014 m/0.015 rad cluster_weight=0.978 publish=true
[ground_truth_amcl_monitor-7] [INFO] [1789013144.125244503] [ground_truth_amcl_monitor]: AMCL vs GT: gt=(-4.322, -0.405) amcl=(-4.298, -0.412) error=0.025 m / 0.000 rad; current_map=(-4.299, -0.413, -2.769) error=0.024 m / 0.000 rad; odom=(-6.275, -2.040, -2.769) error=2.547 m / 0.000 rad; ekf=(-6.275, -2.040, -2.769) error=2.547 m / 0.000 rad; RMS=0.135 m / 0.037 rad max=0.674 m / 0.156 rad samples=9315
[gpu_amcl_cpp_node-6] [INFO] [1789013144.786155007] [gpu_amcl_cpp]: AMCL odom delta: at_scan=(4.840, -8.279, -2.464) baseline=(4.927, -8.203, -2.376) delta=(-0.086, -0.076, -0.088) moved=true scan_age=0.051s
[component_container-9] [INFO] [1789013145.008597336] [pure_pursuit_node]: Pure Pursuit: pose=(-5.808, 0.603, 1.882) cte=-0.043 closest=1843 target=1889 path_dist=0.043 heading_err=0.020 steer=-0.056 speed=3.518
[gpu_amcl_cpp_node-6] [INFO] [1789013145.017270456] [gpu_amcl_cpp]: AMCL local correction: odom_prediction=(-5.758, 0.458, 1.945) scan=(-5.760, 0.447, 1.948) correction=0.011 m/0.003 rad cluster_weight=0.965 publish=true
[ground_truth_amcl_monitor-7] [INFO] [1789013145.164159037] [ground_truth_amcl_monitor]: AMCL vs GT: gt=(-5.919, 0.915) amcl=(-5.863, 0.746) error=0.178 m / 0.029 rad; current_map=(-5.908, 0.909, 1.823) error=0.013 m / 0.000 rad; odom=(-7.906, -0.715, 1.823) error=2.570 m / 0.000 rad; ekf=(-7.906, -0.715, 1.823) error=2.570 m / 0.000 rad; RMS=0.135 m / 0.037 rad max=0.674 m / 0.156 rad samples=9354
[gpu_amcl_cpp_node-6] [INFO] [1789013145.809181672] [gpu_amcl_cpp]: AMCL odom delta: at_scan=(1.103, -8.960, 3.063) baseline=(1.349, -8.973, 3.112) delta=(-0.247, 0.013, -0.049) moved=true scan_age=0.049s
[gpu_amcl_cpp_node-6] [INFO] [1789013145.960539649] [gpu_amcl_cpp]: AMCL scan update #4723 completed; evaluating pose confidence.
[component_container-9] [INFO] [1789013146.057202424] [pure_pursuit_node]: Pure Pursuit: pose=(-5.982, 4.976, 1.334) cte=-0.020 closest=2064 target=2113 path_dist=0.020 heading_err=-0.005 steer=-0.073 speed=4.104
[gpu_amcl_cpp_node-6] [INFO] [1789013146.066333134] [gpu_amcl_cpp]: AMCL local correction: odom_prediction=(-6.026, 4.763, 1.414) scan=(-6.024, 4.762, 1.421) correction=0.003 m/0.008 rad cluster_weight=0.981 publish=true
[gpu_amcl_cpp_node-6] [INFO] [1789013146.161404280] [gpu_amcl_cpp]: Received LiDAR callback #4727 (1081 ranges).
[gpu_amcl_cpp_node-6] [INFO] [1789013146.161474071] [gpu_amcl_cpp]: Starting AMCL scan update #4727 (sampled from 1081 ranges).
[ground_truth_amcl_monitor-7] [INFO] [1789013146.173606008] [ground_truth_amcl_monitor]: AMCL vs GT: gt=(-5.939, 5.250) amcl=(-5.936, 5.205) error=0.045 m / 0.000 rad; current_map=(-5.933, 5.195, 1.271) error=0.055 m / 0.000 rad; odom=(-7.915, 3.639, 1.271) error=2.549 m / 0.000 rad; ekf=(-7.915, 3.639, 1.271) error=2.549 m / 0.000 rad; RMS=0.135 m / 0.037 rad max=0.674 m / 0.156 rad samples=9393
[gpu_amcl_cpp_node-6] [INFO] [1789013146.833855345] [gpu_amcl_cpp]: AMCL odom delta: at_scan=(-2.208, -7.725, 2.310) baseline=(-2.108, -7.828, 2.368) delta=(-0.100, 0.103, -0.058) moved=true scan_age=0.051s
[component_container-9] [INFO] [1789013147.082048071] [pure_pursuit_node]: Pure Pursuit: pose=(-4.183, 7.446, 0.360) cte=-0.021 closest=2222 target=2268 path_dist=0.021 heading_err=0.029 steer=-0.137 speed=3.354
[gpu_amcl_cpp_node-6] [INFO] [1789013147.090237864] [gpu_amcl_cpp]: AMCL local correction: odom_prediction=(-4.330, 7.387, 0.427) scan=(-4.330, 7.393, 0.448) correction=0.006 m/0.021 rad cluster_weight=0.995 publish=true
[ground_truth_amcl_monitor-7] [INFO] [1789013147.192997972] [ground_truth_amcl_monitor]: AMCL vs GT: gt=(-3.992, 7.537) amcl=(-4.180, 7.457) error=0.204 m / 0.076 rad; current_map=(-4.013, 7.514, 0.288) error=0.031 m / 0.000 rad; odom=(-5.975, 5.896, 0.288) error=2.574 m / 0.000 rad; ekf=(-5.975, 5.896, 0.288) error=2.574 m / 0.000 rad; RMS=0.135 m / 0.037 rad max=0.674 m / 0.156 rad samples=9432
[gpu_amcl_cpp_node-6] [INFO] [1789013147.860495906] [gpu_amcl_cpp]: AMCL odom delta: at_scan=(-2.342, -4.541, 0.974) baseline=(-2.446, -4.705, 1.029) delta=(0.105, 0.164, -0.054) moved=true scan_age=0.051s
[component_container-9] [INFO] [1789013148.130851370] [pure_pursuit_node]: Pure Pursuit: pose=(-0.813, 6.211, -0.942) cte=-0.016 closest=2414 target=2464 path_dist=0.016 heading_err=0.021 steer=-0.039 speed=5.146
[gpu_amcl_cpp_node-6] [INFO] [1789013148.138350746] [gpu_amcl_cpp]: AMCL local correction: odom_prediction=(-0.949, 6.388, -0.886) scan=(-0.952, 6.395, -0.885) correction=0.008 m/0.001 rad cluster_weight=0.974 publish=true
[ground_truth_amcl_monitor-7] [INFO] [1789013148.195247402] [ground_truth_amcl_monitor]: AMCL vs GT: gt=(-0.810, 6.199) amcl=(-0.811, 6.217) error=0.017 m / 0.000 rad; current_map=(-0.809, 6.213, -0.910) error=0.014 m / 0.000 rad; odom=(-2.767, 4.532, -0.910) error=2.571 m / 0.000 rad; ekf=(-2.767, 4.532, -0.910) error=2.571 m / 0.000 rad; RMS=0.135 m / 0.037 rad max=0.674 m / 0.156 rad samples=9471
[gpu_amcl_cpp_node-6] [WARN] [1789013148.815219924] [gpu_amcl_cpp]: No local AMCL cluster near odometry prediction; using causal odometry pose.
[gpu_amcl_cpp_node-6] [INFO] [1789013148.908348894] [gpu_amcl_cpp]: AMCL odom delta: at_scan=(1.909, -1.976, 0.341) baseline=(1.693, -2.054, 0.355) delta=(0.216, 0.078, -0.014) moved=true scan_age=0.050s
[component_container-9] [INFO] [1789013149.154758412] [pure_pursuit_node]: Pure Pursuit: pose=(1.074, 1.755, -1.472) cte=-0.063 closest=71 target=120 path_dist=0.063 heading_err=0.122 steer=0.048 speed=5.063
[gpu_amcl_cpp_node-6] [INFO] [1789013149.163136669] [gpu_amcl_cpp]: AMCL local correction: odom_prediction=(1.048, 1.973, -1.399) scan=(1.048, 2.009, -1.401) correction=0.036 m/0.003 rad cluster_weight=0.901 publish=true
[ground_truth_amcl_monitor-7] [INFO] [1789013149.207026816] [ground_truth_amcl_monitor]: AMCL vs GT: gt=(1.093, 1.669) amcl=(1.049, 1.987) error=0.320 m / 0.017 rad; current_map=(1.086, 1.761, -1.416) error=0.092 m / 0.000 rad; odom=(-0.862, -0.025, -1.416) error=2.587 m / 0.000 rad; ekf=(-0.862, -0.025, -1.416) error=2.587 m / 0.000 rad; RMS=0.135 m / 0.037 rad max=0.674 m / 0.156 rad samples=9510
[gpu_amcl_cpp_node-6] [INFO] [1789013149.955589966] [gpu_amcl_cpp]: AMCL odom delta: at_scan=(6.910, -1.286, -0.136) baseline=(6.686, -1.264, -0.067) delta=(0.225, -0.023, -0.068) moved=true scan_age=0.048s
[component_container-9] [INFO] [1789013150.158830583] [pure_pursuit_node]: Pure Pursuit: pose=(1.265, -3.184, -1.735) cte=-0.015 closest=318 target=369 path_dist=0.015 heading_err=0.050 steer=0.006 speed=5.594
[gpu_amcl_cpp_node-6] [INFO] [1789013150.167200504] [gpu_amcl_cpp]: AMCL local correction: odom_prediction=(1.309, -2.927, -1.750) scan=(1.314, -2.891, -1.751) correction=0.036 m/0.001 rad cluster_weight=0.949 publish=true
[ground_truth_amcl_monitor-7] [INFO] [1789013150.211171833] [ground_truth_amcl_monitor]: AMCL vs GT: gt=(1.255, -3.229) amcl=(1.311, -2.913) error=0.321 m / 0.039 rad; current_map=(1.270, -3.167, -1.711) error=0.064 m / 0.000 rad; odom=(-0.703, -4.958, -1.711) error=2.612 m / 0.000 rad; ekf=(-0.703, -4.958, -1.711) error=2.612 m / 0.000 rad; RMS=0.136 m / 0.037 rad max=0.674 m / 0.156 rad samples=9550
[gpu_amcl_cpp_node-6] [INFO] [1789013150.981946616] [gpu_amcl_cpp]: AMCL odom delta: at_scan=(12.067, -2.165, -0.292) baseline=(11.825, -2.100, -0.231) delta=(0.242, -0.065, -0.061) moved=true scan_age=0.049s
[gpu_amcl_cpp_node-6] [INFO] [1789013150.982846826] [gpu_amcl_cpp]: AMCL scan update #4821 completed; evaluating pose confidence.
[component_container-9] [INFO] [1789013151.181900871] [pure_pursuit_node]: Pure Pursuit: pose=(0.329, -7.908, -1.972) cte=0.001 closest=559 target=607 path_dist=0.001 heading_err=0.135 steer=0.092 speed=3.728
[gpu_amcl_cpp_node-6] [INFO] [1789013151.183425816] [gpu_amcl_cpp]: Received LiDAR callback #4825 (1081 ranges).
[gpu_amcl_cpp_node-6] [INFO] [1789013151.183492391] [gpu_amcl_cpp]: Starting AMCL scan update #4825 (sampled from 1081 ranges).
[gpu_amcl_cpp_node-6] [INFO] [1789013151.191241305] [gpu_amcl_cpp]: AMCL local correction: odom_prediction=(0.395, -7.750, -1.934) scan=(0.394, -7.765, -1.928) correction=0.015 m/0.006 rad cluster_weight=0.969 publish=true
[ground_truth_amcl_monitor-7] [INFO] [1789013151.234606667] [ground_truth_amcl_monitor]: AMCL vs GT: gt=(0.315, -7.976) amcl=(0.395, -7.756) error=0.234 m / 0.008 rad; current_map=(0.331, -7.927, -1.926) error=0.052 m / 0.000 rad; odom=(-1.654, -9.727, -1.926) error=2.635 m / 0.000 rad; ekf=(-1.654, -9.727, -1.926) error=2.635 m / 0.000 rad; RMS=0.137 m / 0.037 rad max=0.674 m / 0.156 rad samples=9590
[gpu_amcl_cpp_node-6] [INFO] [1789013152.033272388] [gpu_amcl_cpp]: AMCL odom delta: at_scan=(14.846, -3.423, -0.925) baseline=(14.736, -3.297, -0.790) delta=(0.109, -0.126, -0.135) moved=true scan_age=0.051s
[component_container-9] [INFO] [1789013152.183845634] [pure_pursuit_node]: Pure Pursuit: pose=(-1.051, -10.102, -2.882) cte=-0.039 closest=694 target=738 path_dist=0.039 heading_err=-0.012 steer=-0.284 speed=2.431
[gpu_amcl_cpp_node-6] [INFO] [1789013152.192712919] [gpu_amcl_cpp]: AMCL local correction: odom_prediction=(-0.933, -10.065, -2.795) scan=(-0.927, -10.066, -2.777) correction=0.006 m/0.019 rad cluster_weight=0.999 publish=true
[component_container-9] [WARN] [1789013152.237673708] [pure_pursuit_node]: Waiting for AMCL covariance: xy=0.251 yaw=0.002
[ground_truth_amcl_monitor-7] [INFO] [1789013152.239605666] [ground_truth_amcl_monitor]: AMCL vs GT: gt=(-1.067, -10.126) amcl=(-0.932, -10.067) error=0.148 m / 0.098 rad; current_map=(-1.052, -10.103, -2.894) error=0.028 m / 0.000 rad; odom=(-3.066, -11.898, -2.894) error=2.671 m / 0.000 rad; ekf=(-2.946, -11.861, -2.795) error=2.557 m / 0.098 rad; RMS=0.137 m / 0.037 rad max=0.674 m / 0.156 rad samples=9628
[component_container-9] [WARN] [1789013152.288656657] [pure_pursuit_node]: No pose received on /current_map_pose yet
[gpu_amcl_cpp_node-6] [INFO] [1789013153.056157516] [gpu_amcl_cpp]: AMCL odom delta: at_scan=(15.018, -4.834, -1.706) baseline=(15.020, -4.824, -1.706) delta=(-0.001, -0.010, 0.000) moved=false scan_age=0.049s
[component_container-9] [WARN] [1789013153.257447152] [pure_pursuit_node]: Waiting for AMCL covariance: xy=0.250 yaw=0.002
[ground_truth_amcl_monitor-7] [INFO] [1789013153.260113460] [ground_truth_amcl_monitor]: AMCL vs GT: gt=(-1.939, -10.098) amcl=(-1.998, -10.045) error=0.080 m / 0.000 rad; current_map=(-1.998, -10.045, 3.006) error=0.080 m / 0.000 rad; odom=(-4.036, -11.860, 3.006) error=2.739 m / 0.000 rad; ekf=(-4.036, -11.860, 3.006) error=2.739 m / 0.000 rad; RMS=0.136 m / 0.037 rad max=0.674 m / 0.156 rad samples=9668
[component_container-9] [WARN] [1789013153.308045689] [pure_pursuit_node]: No pose received on /current_map_pose yet
[gpu_amcl_cpp_node-6] [WARN] [1789013153.414071404] [gpu_amcl_cpp]: Queued LiDAR scan until source-time odometry arrives (queued=1).
[WARNING] [launch]: user interrupted with ctrl-c (SIGINT)
[INFO] [actuator_interface-10]: sending signal 'SIGINT' to process[actuator_interface-10]
[INFO] [component_container-9]: sending signal 'SIGINT' to process[component_container-9]
[INFO] [calibration-8]: sending signal 'SIGINT' to process[calibration-8]
[INFO] [ground_truth_amcl_monitor-7]: sending signal 'SIGINT' to process[ground_truth_amcl_monitor-7]
[INFO] [gpu_amcl_cpp_node-6]: sending signal 'SIGINT' to process[gpu_amcl_cpp_node-6]
[INFO] [lifecycle_manager-5]: sending signal 'SIGINT' to process[lifecycle_manager-5]
[INFO] [map_server-4]: sending signal 'SIGINT' to process[map_server-4]
[INFO] [ekf_localization_node-3]: sending signal 'SIGINT' to process[ekf_localization_node-3]
[INFO] [sensor_odometry_node-2]: sending signal 'SIGINT' to process[sensor_odometry_node-2]
[INFO] [autodrive_bridge_40hz-1]: sending signal 'SIGINT' to process[autodrive_bridge_40hz-1]
[gpu_amcl_cpp_node-6] [INFO] [1789013154.058554054] [gpu_amcl_cpp]: AMCL odom delta: at_scan=(15.018, -4.834, -1.706) baseline=(15.020, -4.824, -1.706) delta=(-0.001, -0.010, 0.000) moved=false scan_age=0.050s
[component_container-9] [WARN] [1789013154.306277386] [pure_pursuit_node]: Waiting for AMCL covariance: xy=0.250 yaw=0.002
[ground_truth_amcl_monitor-7] [INFO] [1789013154.308683114] [ground_truth_amcl_monitor]: AMCL vs GT: gt=(-1.939, -10.098) amcl=(-1.998, -10.045) error=0.080 m / 0.000 rad; current_map=(-1.998, -10.045, 3.006) error=0.080 m / 0.000 rad; odom=(-4.036, -11.860, 3.006) error=2.739 m / 0.000 rad; ekf=(-4.036, -11.860, 3.006) error=2.739 m / 0.000 rad; RMS=0.136 m / 0.037 rad max=0.674 m / 0.156 rad samples=9708
[component_container-9] [INFO] [1789013154.348623493] [rclcpp]: signal_handler(SIGINT/SIGTERM)
[gpu_amcl_cpp_node-6] [INFO] [1789013154.354357644] [rclcpp]: signal_handler(SIGINT/SIGTERM)
[lifecycle_manager-5] [INFO] [1789013154.356423384] [rclcpp]: signal_handler(SIGINT/SIGTERM)
[lifecycle_manager-5] [INFO] [1789013154.356522199] [lifecycle_manager_map]: Running Nav2 LifecycleManager rcl preshutdown (lifecycle_manager_map)
[lifecycle_manager-5] [INFO] [1789013154.356573065] [lifecycle_manager_map]: [34m[1mTerminating bond timer...[0m[0m
[map_server-4] [INFO] [1789013154.358463646] [rclcpp]: signal_handler(SIGINT/SIGTERM)
[map_server-4] [INFO] [1789013154.358596465] [map_server]: Running Nav2 LifecycleNode rcl preshutdown (map_server)
[map_server-4] [INFO] [1789013154.358680263] [map_server]: Deactivating
[map_server-4] [INFO] [1789013154.358710600] [map_server]: Destroying bond (map_server) to lifecycle manager.
[ekf_localization_node-3] [INFO] [1789013154.360627410] [rclcpp]: signal_handler(SIGINT/SIGTERM)
[sensor_odometry_node-2] [INFO] [1789013154.362780404] [rclcpp]: signal_handler(SIGINT/SIGTERM)
[autodrive_bridge_40hz-1] KeyboardInterrupt
[autodrive_bridge_40hz-1] 2026-09-10T04:05:54Z
[map_server-4] [INFO] [1789013154.369223806] [map_server]: Cleaning up
[map_server-4] [INFO] [1789013154.369550680] [map_server]: Destroying bond (map_server) to lifecycle manager.
[lifecycle_manager-5] [INFO] [1789013154.372357542] [lifecycle_manager_map]: Destroying lifecycle_manager_map
[map_server-4] [INFO] [1789013154.376943526] [map_server]: Destroying
[autodrive_bridge_40hz-1] Traceback (most recent call last):
[autodrive_bridge_40hz-1]   File "/workspace/install/lib/sdu_apex_autodrive/autodrive_bridge_40hz", line 33, in <module>
[autodrive_bridge_40hz-1]     sys.exit(load_entry_point('sdu-apex-autodrive', 'console_scripts', 'autodrive_bridge_40hz')())
[autodrive_bridge_40hz-1]   File "/workspace/build/sdu_apex_autodrive/sdu_apex_autodrive/bridge_40hz.py", line 465, in main
[autodrive_bridge_40hz-1]     official_bridge.main()
[autodrive_bridge_40hz-1]   File "/home/autodrive_devkit/install/autodrive_roboracer/lib/python3.10/site-packages/autodrive_roboracer/autodrive_bridge.py", line 442, in main
[autodrive_bridge_40hz-1]     pywsgi.WSGIServer(('', 4567), app, handler_class=WebSocketHandler).serve_forever() # Deploy as a gevent WSGI server
[autodrive_bridge_40hz-1]   File "/usr/local/lib/python3.10/dist-packages/gevent/baseserver.py", line 400, in serve_forever
[autodrive_bridge_40hz-1]     self._stop_event.wait()
[autodrive_bridge_40hz-1]   File "src/gevent/event.py", line 163, in gevent._gevent_cevent.Event.wait
[autodrive_bridge_40hz-1]   File "src/gevent/_abstract_linkable.py", line 521, in gevent._gevent_c_abstract_linkable.AbstractLinkable._wait
[autodrive_bridge_40hz-1]   File "src/gevent/_abstract_linkable.py", line 487, in gevent._gevent_c_abstract_linkable.AbstractLinkable._wait_core
[autodrive_bridge_40hz-1]   File "src/gevent/_abstract_linkable.py", line 490, in gevent._gevent_c_abstract_linkable.AbstractLinkable._wait_core
[autodrive_bridge_40hz-1]   File "src/gevent/_abstract_linkable.py", line 442, in gevent._gevent_c_abstract_linkable.AbstractLinkable._AbstractLinkable__wait_to_be_notified
[autodrive_bridge_40hz-1]   File "src/gevent/_abstract_linkable.py", line 451, in gevent._gevent_c_abstract_linkable.AbstractLinkable._switch_to_hub
[autodrive_bridge_40hz-1]   File "src/gevent/_greenlet_primitives.py", line 61, in gevent._gevent_c_greenlet_primitives.SwitchOutGreenletWithLoop.switch
[autodrive_bridge_40hz-1]   File "src/gevent/_greenlet_primitives.py", line 65, in gevent._gevent_c_greenlet_primitives.SwitchOutGreenletWithLoop.switch
[autodrive_bridge_40hz-1]   File "src/gevent/_gevent_c_greenlet_primitives.pxd", line 35, in gevent._gevent_c_greenlet_primitives._greenlet_switch
[autodrive_bridge_40hz-1]   File "/usr/local/lib/python3.10/dist-packages/socketio/client.py", line 25, in signal_handler
[autodrive_bridge_40hz-1]     return original_signal_handler(sig, frame)
[autodrive_bridge_40hz-1] KeyboardInterrupt
[INFO] [component_container-9]: process has finished cleanly [pid 156]
[INFO] [ekf_localization_node-3]: process has finished cleanly [pid 144]
[INFO] [sensor_odometry_node-2]: process has finished cleanly [pid 142]
[INFO] [lifecycle_manager-5]: process has finished cleanly [pid 148]
[INFO] [map_server-4]: process has finished cleanly [pid 146]
[ERROR] [autodrive_bridge_40hz-1]: process has died [pid 140, exit code -2, cmd '/workspace/install/lib/sdu_apex_autodrive/autodrive_bridge_40hz --ros-args -r __node:=autodrive_bridge'].
[INFO] [actuator_interface-10]: process has finished cleanly [pid 158]
[INFO] [ground_truth_amcl_monitor-7]: process has finished cleanly [pid 152]
[INFO] [calibration-8]: process has finished cleanly [pid 154]
[INFO] [gpu_amcl_cpp_node-6]: process has finished cleanly [pid 150]
