scan_index,bag_time,time,finite_count,min_range,max_range,angle_min,angle_max,angle_increment,range_min,range_max,odom_index,odom_dt
0,1788886603.6637094,1788886603.6637094,1031,0.8600335717201233,9.803159713745117,-2.3561899662017822,2.3561899662017822,0.004363323096185923,0.05999999865889549,10.0,0,0.0
1,1788886603.9401903,1788886603.9401903,1031,0.8600525856018066,9.803022384643555,-2.3561899662017822,2.3561899662017822,0.004363323096185923,0.05999999865889549,10.0,1,0.0
2,1788886603.9640627,1788886603.9640627,1031,0.8600555062294006,9.80299186706543,-2.3561899662017822,2.3561899662017822,0.004363323096185923,0.05999999865889549,10.0,2,0.0
3,1788886604.0145829,1788886604.0145829,1031,0.860059380531311,9.802928924560547,-2.3561899662017822,2.3561899662017822,0.004363323096185923,0.05999999865889549,10.0,3,0.0
4,1788886604.0648,1788886604.0648,1031,0.860059380531311,9.80296802520752,-2.3561899662017822,2.3561899662017822,0.004363323096185923,0.05999999865889549,10.0,4,0.0
5,1788886604.1147223,1788886604.1147223,1031,0.860059380531311,9.802968978881836,-2.3561899662017822,2.3561899662017822,0.004363323096185923,0.05999999865889549,10.0,5,0.0
6,1788886604.1646483,1788886604.1646483,1031,0.860059380531311,9.802983283996582,-2.3561899662017822,2.3561899662017822,0.004363323096185923,0.05999999865889549,10.0,6,0.0
7,1788886604.2137418,1788886604.2137418,1031,0.860059380531311,9.80296802520752,-2.3561899662017822,2.3561899662017822,0.004363323096185923,0.05999999865889549,10.0,7,0.0
8,1788886604.2649593,1788886604.2649593,1031,0.860059380531311,9.802983283996582,-2.3561899662017822,2.3561899662017822,0.004363323096185923,0.05999999865889549,10.0,8,0.0
9,1788886604.314617,1788886604.314617,1031,0.860059380531311,9.802968978881836,-2.3561899662017822,2.3561899662017822,0.004363323096185923,0.05999999865889549,10.0,9,0.0
10,1788886604.3640535,1788886604.3640535,1031,0.860059380531311,9.802996635437012,-2.3561899662017822,2.3561899662017822,0.004363323096185923,0.05999999865889549,10.0,10,0.0
11,1788886604.41475,1788886604.41475,1031,0.860059380531311,9.802995681762695,-2.3561899662017822,2.3561899662017822,0.004363323096185923,0.05999999865889549,10.0,11,0.0
12,1788886604.464705,1788886604.464705,1031,0.8600640892982483,9.80294132232666,-2.3561899662017822,2.3561899662017822,0.004363323096185923,0.05999999865889549,10.0,12,0.0
13,1788886604.514546,1788886604.514546,1031,0.8600689172744751,9.802886009216309,-2.3561899662017822,2.3561899662017822,0.004363323096185923,0.05999999865889549,10.0,13,0.0
14,1788886604.564414,1788886604.564414,1031,0.8600754737854004,9.802835464477539,-2.3561899662017822,2.3561899662017822,0.004363323096185923,0.05999999865889549,10.0,14,0.0
15,1788886604.613889,1788886604.613889,1031,0.8600813150405884,9.802842140197754,-2.3561899662017822,2.3561899662017822,0.004363323096185923,0.05999999865889549,10.0,15,0.0
16,1788886604.6647682,1788886604.6647682,1031,0.8600860238075256,9.802813529968262,-2.3561899662017822,2.3561899662017822,0.004363323096185923,0.05999999865889549,10.0,16,0.0
17,1788886604.713815,1788886604.713815,1031,0.8600897789001465,9.802791595458984,-2.3561899662017822,2.3561899662017822,0.004363323096185923,0.05999999865889549,10.0,17,0.0
18,1788886604.7638423,1788886604.7638423,1031,0.8600897789001465,9.802818298339844,-2.3561899662017822,2.3561899662017822,0.004363323096185923,0.05999999865889549,10.0,18,0.0
19,1788886604.813753,1788886604.813753,1031,0.8600897789001465,9.802791595458984,-2.3561899662017822,2.3561899662017822,0.004363323096185923,0.05999999865889549,10.0,19,0.0
20,1788886604.8640785,1788886604.8640785,1031,0.8600897789001465,9.802818298339844,-2.3561899662017822,2.3561899662017822,0.004363323096185923,0.05999999865889549,10.0,20,0.0
21,1788886604.9147632,1788886604.9147632,1031,0.8600897789001465,9.802818298339844,-2.3561899662017822,2.3561899662017822,0.004363323096185923,0.05999999865889549,10.0,21,0.0
22,1788886604.9640834,1788886604.9640834,1031,0.8600897789001465,9.802818298339844,-2.3561899662017822,2.3561899662017822,0.004363323096185923,0.05999999865889549,10.0,22,0.0
23,1788886605.013915,1788886605.013915,1031,0.8600897789001465,9.802818298339844,-2.3561899662017822,2.3561899662017822,0.004363323096185923,0.05999999865889549,10.0,23,0.0
24,1788886605.0644329,1788886605.0644329,1031,0.8600897789001465,9.802791595458984,-2.3561899662017822,2.3561899662017822,0.004363323096185923,0.05999999865889549,10.0,24,0.0
25,1788886605.1140847,1788886605.1140847,1031,0.8600897789001465,9.802818298339844,-2.3561899662017822,2.3561899662017822,0.004363323096185923,0.05999999865889549,10.0,25,0.0
26,1788886605.1644795,1788886605.1644795,1031,0.8600907921791077,9.802852630615234,-2.3561899662017822,2.3561899662017822,0.004363323096185923,0.05999999865889549,10.0,26,0.0
27,1788886605.2156484,1788886605.2156484,1031,0.8600937128067017,9.80276870727539,-2.3561899662017822,2.3561899662017822,0.004363323096185923,0.05999999865889549,10.0,27,0.0
28,1788886605.264388,1788886605.264388,1032,0.860301673412323,9.991708755493164,-2.3561899662017822,2.3561899662017822,0.004363323096185923,0.05999999865889549,10.0,28,0.0
29,1788886605.3143013,1788886605.3143013,1031,0.862232506275177,9.800033569335938,-2.3561899662017822,2.3561899662017822,0.004363323096185923,0.05999999865889549,10.0,29,0.0
30,1788886605.3639104,1788886605.3639104,1032,0.8650087118148804,9.984099388122559,-2.3561899662017822,2.3561899662017822,0.004363323096185923,0.05999999865889549,10.0,30,0.0
31,1788886605.4144502,1788886605.4144502,1032,0.8679383993148804,9.942692756652832,-2.3561899662017822,2.3561899662017822,0.004363323096185923,0.05999999865889549,10.0,31,0.0
32,1788886605.464317,1788886605.464317,1031,0.8709967136383057,9.837031364440918,-2.3561899662017822,2.3561899662017822,0.004363323096185923,0.05999999865889549,10.0,32,0.0
33,1788886605.514289,1788886605.514289,1031,0.8741834163665771,9.763276100158691,-2.3561899662017822,2.3561899662017822,0.004363323096185923,0.05999999865889549,10.0,33,0.0
34,1788886605.5641806,1788886605.5641806,1032,0.8774957060813904,9.940594673156738,-2.3561899662017822,2.3561899662017822,0.004363323096185923,0.05999999865889549,10.0,34,0.0
35,1788886605.6142614,1788886605.6142614,1031,0.880932629108429,9.863673210144043,-2.3561899662017822,2.3561899662017822,0.004363323096185923,0.05999999865889549,10.0,35,0.0
36,1788886605.6645775,1788886605.6645775,1031,0.8844969868659973,9.786750793457031,-2.3561899662017822,2.3561899662017822,0.004363323096185923,0.05999999865889549,10.0,36,0.0
37,1788886605.713858,1788886605.713858,1032,0.8881881833076477,9.964537620544434,-2.3561899662017822,2.3561899662017822,0.004363323096185923,0.05999999865889549,10.0,37,0.0
38,1788886605.7644935,1788886605.7644935,1032,0.8919665813446045,9.912140846252441,-2.3561899662017822,2.3561899662017822,0.004363323096185923,0.05999999865889549,10.0,38,0.0
39,1788886605.8141067,1788886605.8141067,1031,0.8959798216819763,9.82863712310791,-2.3561899662017822,2.3561899662017822,0.004363323096185923,0.05999999865889549,10.0,39,0.0
40,1788886605.8646915,1788886605.8646915,1031,0.8998156189918518,9.828826904296875,-2.3561899662017822,2.3561899662017822,0.004363323096185923,0.05999999865889549,10.0,40,0.0
41,1788886605.9151685,1788886605.9151685,1032,0.9036442041397095,9.988694190979004,-2.3561899662017822,2.3561899662017822,0.004363323096185923,0.05999999865889549,10.0,41,0.0
42,1788886605.9640872,1788886605.9640872,1032,0.9075878858566284,9.947525978088379,-2.3561899662017822,2.3561899662017822,0.004363323096185923,0.05999999865889549,10.0,42,0.0
43,1788886606.0140738,1788886606.0140738,1032,0.9116461277008057,9.90841293334961,-2.3561899662017822,2.3561899662017822,0.004363323096185923,0.05999999865889549,10.0,43,0.0
44,1788886606.0641751,1788886606.0641751,1032,0.9158167243003845,9.904552459716797,-2.3561899662017822,2.3561899662017822,0.004363323096185923,0.05999999865889549,10.0,44,0.0
45,1788886606.1141188,1788886606.1141188,1031,0.9197685718536377,9.740516662597656,-2.3561899662017822,2.3561899662017822,0.004363323096185923,0.05999999865889549,10.0,45,0.0
46,1788886606.165112,1788886606.165112,1032,0.9236888289451599,9.93825912475586,-2.3561899662017822,2.3561899662017822,0.004363323096185923,0.05999999865889549,10.0,46,0.0
47,1788886606.2142632,1788886606.2142632,1032,0.9276970028877258,9.976683616638184,-2.3561899662017822,2.3561899662017822,0.004363323096185923,0.05999999865889549,10.0,47,0.0
48,1788886606.2647967,1788886606.2647967,1031,0.9312114119529724,9.811760902404785,-2.3561899662017822,2.3561899662017822,0.004363323096185923,0.05999999865889549,10.0,48,0.0
49,1788886606.3141649,1788886606.3141649,1032,0.9266105890274048,9.89657974243164,-2.3561899662017822,2.3561899662017822,0.004363323096185923,0.05999999865889549,10.0,49,0.0
50,1788886606.3643117,1788886606.3643117,1032,0.9223644137382507,9.954078674316406,-2.3561899662017822,2.3561899662017822,0.004363323096185923,0.05999999865889549,10.0,50,0.0
51,1788886606.4140234,1788886606.4140234,1031,0.9182301163673401,9.794536590576172,-2.3561899662017822,2.3561899662017822,0.004363323096185923,0.05999999865889549,10.0,51,0.0
52,1788886606.4639168,1788886606.4639168,1031,0.9140269160270691,9.758463859558105,-2.3561899662017822,2.3561899662017822,0.004363323096185923,0.05999999865889549,10.0,52,0.0
53,1788886606.5139308,1788886606.5139308,1032,0.9096122980117798,9.981922149658203,-2.3561899662017822,2.3561899662017822,0.004363323096185923,0.05999999865889549,10.0,53,0.0
54,1788886606.5638258,1788886606.5638258,1032,0.9049515128135681,9.921302795410156,-2.3561899662017822,2.3561899662017822,0.004363323096185923,0.05999999865889549,10.0,54,0.0
55,1788886606.6143408,1788886606.6143408,1032,0.900443971157074,9.922948837280273,-2.3561899662017822,2.3561899662017822,0.004363323096185923,0.05999999865889549,10.0,55,0.0
56,1788886606.6643753,1788886606.6643753,1032,0.8959723114967346,9.941593170166016,-2.3561899662017822,2.3561899662017822,0.004363323096185923,0.05999999865889549,10.0,56,0.0
57,1788886606.7139657,1788886606.7139657,1032,0.8914427161216736,9.959793090820312,-2.3561899662017822,2.3561899662017822,0.004363323096185923,0.05999999865889549,10.0,57,0.0
58,1788886606.7649639,1788886606.7649639,1032,0.8867114782333374,9.969144821166992,-2.3561899662017822,2.3561899662017822,0.004363323096185923,0.05999999865889549,10.0,58,0.0
59,1788886606.814275,1788886606.814275,1032,0.8817483186721802,9.969136238098145,-2.3561899662017822,2.3561899662017822,0.004363323096185923,0.05999999865889549,10.0,59,0.0
60,1788886606.8640661,1788886606.8640661,1032,0.8770349025726318,9.963115692138672,-2.3561899662017822,2.3561899662017822,0.004363323096185923,0.05999999865889549,10.0,60,0.0
61,1788886606.9145937,1788886606.9145937,1032,0.8724088072776794,9.880088806152344,-2.3561899662017822,2.3561899662017822,0.004363323096185923,0.05999999865889549,10.0,61,0.0
62,1788886606.9639819,1788886606.9639819,1032,0.8677452206611633,9.96655559539795,-2.3561899662017822,2.3561899662017822,0.004363323096185923,0.05999999865889549,10.0,62,0.0
63,1788886607.013789,1788886607.013789,1032,0.8630437850952148,9.882081985473633,-2.3561899662017822,2.3561899662017822,0.004363323096185923,0.05999999865889549,10.0,63,0.0
64,1788886607.0645387,1788886607.0645387,1032,0.8583071231842041,9.915477752685547,-2.3561899662017822,2.3561899662017822,0.004363323096185923,0.05999999865889549,10.0,64,0.0
65,1788886607.1140206,1788886607.1140206,1033,0.8538119196891785,9.98851203918457,-2.3561899662017822,2.3561899662017822,0.004363323096185923,0.05999999865889549,10.0,65,0.0
66,1788886607.1639457,1788886607.1639457,1033,0.8494231104850769,9.959956169128418,-2.3561899662017822,2.3561899662017822,0.004363323096185923,0.05999999865889549,10.0,66,0.0
67,1788886607.2139578,1788886607.2139578,1032,0.8450242280960083,9.893177032470703,-2.3561899662017822,2.3561899662017822,0.004363323096185923,0.05999999865889549,10.0,67,0.0
68,1788886607.2645955,1788886607.2645955,1033,0.8404902815818787,9.97521686553955,-2.3561899662017822,2.3561899662017822,0.004363323096185923,0.05999999865889549,10.0,68,0.0
69,1788886607.3143544,1788886607.3143544,1033,0.8357933759689331,9.92411994934082,-2.3561899662017822,2.3561899662017822,0.004363323096185923,0.05999999865889549,10.0,69,0.0
70,1788886607.3647394,1788886607.3647394,1033,0.8311622142791748,9.945725440979004,-2.3561899662017822,2.3561899662017822,0.004363323096185923,0.05999999865889549,10.0,70,0.0
71,1788886607.4137745,1788886607.4137745,1034,0.8265659809112549,9.987476348876953,-2.3561899662017822,2.3561899662017822,0.004363323096185923,0.05999999865889549,10.0,71,0.0
72,1788886607.464433,1788886607.464433,1033,0.821967601776123,9.94462776184082,-2.3561899662017822,2.3561899662017822,0.004363323096185923,0.05999999865889549,10.0,72,0.0
73,1788886607.5138195,1788886607.5138195,1033,0.8173655271530151,9.908151626586914,-2.3561899662017822,2.3561899662017822,0.004363323096185923,0.05999999865889549,10.0,73,0.0
74,1788886607.5646563,1788886607.5646563,1033,0.8127610087394714,9.871869087219238,-2.3561899662017822,2.3561899662017822,0.004363323096185923,0.05999999865889549,10.0,74,0.0
75,1788886607.6145263,1788886607.6145263,1034,0.8083307147026062,9.991604804992676,-2.3561899662017822,2.3561899662017822,0.004363323096185923,0.05999999865889549,10.0,75,0.0
76,1788886607.6643968,1788886607.6643968,1034,0.804006814956665,9.985551834106445,-2.3561899662017822,2.3561899662017822,0.004363323096185923,0.05999999865889549,10.0,76,0.0
77,1788886607.7141805,1788886607.7141805,1034,0.7997006177902222,9.979572296142578,-2.3561899662017822,2.3561899662017822,0.004363323096185923,0.05999999865889549,10.0,77,0.0
78,1788886607.76448,1788886607.76448,1034,0.7954102158546448,9.973565101623535,-2.3561899662017822,2.3561899662017822,0.004363323096185923,0.05999999865889549,10.0,78,0.0
79,1788886607.8140993,1788886607.8140993,1034,0.7911353707313538,9.96755313873291,-2.3561899662017822,2.3561899662017822,0.004363323096185923,0.05999999865889549,10.0,79,0.0
80,1788886607.8638728,1788886607.8638728,1035,0.7869387269020081,9.985011100769043,-2.3561899662017822,2.3561899662017822,0.004363323096185923,0.05999999865889549,10.0,80,0.0
81,1788886607.9146597,1788886607.9146597,1035,0.7827870845794678,9.973518371582031,-2.3561899662017822,2.3561899662017822,0.004363323096185923,0.05999999865889549,10.0,81,0.0
82,1788886607.9647307,1788886607.9647307,1035,0.7786573767662048,9.977680206298828,-2.3561899662017822,2.3561899662017822,0.004363323096185923,0.05999999865889549,10.0,82,0.0
83,1788886608.0139802,1788886608.0139802,1035,0.7746543884277344,9.981868743896484,-2.3561899662017822,2.3561899662017822,0.004363323096185923,0.05999999865889549,10.0,83,0.0
84,1788886608.0648258,1788886608.0648258,1035,0.7708048820495605,9.985973358154297,-2.3561899662017822,2.3561899662017822,0.004363323096185923,0.05999999865889549,10.0,84,0.0
85,1788886608.1139028,1788886608.1139028,1034,0.7670813798904419,9.862560272216797,-2.3561899662017822,2.3561899662017822,0.004363323096185923,0.05999999865889549,10.0,85,0.0
86,1788886608.1649702,1788886608.1649702,1035,0.763431191444397,9.965145111083984,-2.3561899662017822,2.3561899662017822,0.004363323096185923,0.05999999865889549,10.0,86,0.0
87,1788886608.2174711,1788886608.2174711,1035,0.7598081231117249,9.900833129882812,-2.3561899662017822,2.3561899662017822,0.004363323096185923,0.05999999865889549,10.0,87,0.0
88,1788886608.2698696,1788886608.2698696,1035,0.7562108039855957,9.920376777648926,-2.3561899662017822,2.3561899662017822,0.004363323096185923,0.05999999865889549,10.0,88,0.0
89,1788886608.3179007,1788886608.3179007,1035,0.7526621222496033,9.942806243896484,-2.3561899662017822,2.3561899662017822,0.004363323096185923,0.05999999865889549,10.0,89,0.0
90,1788886608.3670201,1788886608.3670201,1036,0.7491664290428162,9.968265533447266,-2.3561899662017822,2.3561899662017822,0.004363323096185923,0.05999999865889549,10.0,90,0.0
91,1788886608.4152179,1788886608.4152179,1036,0.7457072138786316,9.994756698608398,-2.3561899662017822,2.3561899662017822,0.004363323096185923,0.05999999865889549,10.0,91,0.0
92,1788886608.4643543,1788886608.4643543,1035,0.7422804832458496,9.878664016723633,-2.3561899662017822,2.3561899662017822,0.004363323096185923,0.05999999865889549,10.0,92,0.0
93,1788886608.5138545,1788886608.5138545,1036,0.7388808727264404,9.97243881225586,-2.3561899662017822,2.3561899662017822,0.004363323096185923,0.05999999865889549,10.0,93,0.0
94,1788886608.5645735,1788886608.5645735,1036,0.7355151176452637,9.930997848510742,-2.3561899662017822,2.3561899662017822,0.004363323096185923,0.05999999865889549,10.0,94,0.0
95,1788886608.6141126,1788886608.6141126,1036,0.7321441769599915,9.953317642211914,-2.3561899662017822,2.3561899662017822,0.004363323096185923,0.05999999865889549,10.0,95,0.0
96,1788886608.6646428,1788886608.6646428,1036,0.7288519740104675,9.974580764770508,-2.3561899662017822,2.3561899662017822,0.004363323096185923,0.05999999865889549,10.0,96,0.0
97,1788886608.714109,1788886608.714109,1037,0.7259839773178101,9.996134757995605,-2.3561899662017822,2.3561899662017822,0.004363323096185923,0.05999999865889549,10.0,97,0.0
98,1788886608.7639263,1788886608.7639263,1036,0.7235968708992004,9.882560729980469,-2.3561899662017822,2.3561899662017822,0.004363323096185923,0.05999999865889549,10.0,98,0.0
99,1788886608.8139648,1788886608.8139648,1036,0.7216867208480835,9.893609046936035,-2.3561899662017822,2.3561899662017822,0.004363323096185923,0.05999999865889549,10.0,99,0.0
100,1788886608.8638597,1788886608.8638597,1036,0.7198477983474731,9.911933898925781,-2.3561899662017822,2.3561899662017822,0.004363323096185923,0.05999999865889549,10.0,100,0.0
101,1788886608.9145837,1788886608.9145837,1037,0.7180296182632446,9.948515892028809,-2.3561899662017822,2.3561899662017822,0.004363323096185923,0.05999999865889549,10.0,101,0.0
102,1788886608.9637527,1788886608.9637527,1037,0.716237485408783,9.947989463806152,-2.3561899662017822,2.3561899662017822,0.004363323096185923,0.05999999865889549,10.0,102,0.0
103,1788886609.0140781,1788886609.0140781,1037,0.7144690752029419,9.966354370117188,-2.3561899662017822,2.3561899662017822,0.004363323096185923,0.05999999865889549,10.0,103,0.0
104,1788886609.063837,1788886609.063837,1037,0.7127271294593811,9.983210563659668,-2.3561899662017822,2.3561899662017822,0.004363323096185923,0.05999999865889549,10.0,104,0.0
105,1788886609.1142013,1788886609.1142013,1038,0.7109889984130859,9.996768951416016,-2.3561899662017822,2.3561899662017822,0.004363323096185923,0.05999999865889549,10.0,105,0.0
106,1788886609.1640134,1788886609.1640134,1037,0.7092621922492981,9.913616180419922,-2.3561899662017822,2.3561899662017822,0.004363323096185923,0.05999999865889549,10.0,106,0.0
107,1788886609.2147472,1788886609.2147472,1037,0.7075620889663696,9.880423545837402,-2.3561899662017822,2.3561899662017822,0.004363323096185923,0.05999999865889549,10.0,107,0.0
108,1788886609.2645245,1788886609.2645245,1037,0.70588618516922,9.894294738769531,-2.3561899662017822,2.3561899662017822,0.004363323096185923,0.05999999865889549,10.0,108,0.0
109,1788886609.3139076,1788886609.3139076,1037,0.7042338252067566,9.90705680847168,-2.3561899662017822,2.3561899662017822,0.004363323096185923,0.05999999865889549,10.0,109,0.0
110,1788886609.3646421,1788886609.3646421,1038,0.7026401162147522,9.942395210266113,-2.3561899662017822,2.3561899662017822,0.004363323096185923,0.05999999865889549,10.0,110,0.0
111,1788886609.4150693,1788886609.4150693,1038,0.7010902166366577,9.943673133850098,-2.3561899662017822,2.3561899662017822,0.004363323096185923,0.05999999865889549,10.0,111,0.0
112,1788886609.46389,1788886609.46389,1038,0.699566125869751,9.962990760803223,-2.3561899662017822,2.3561899662017822,0.004363323096185923,0.05999999865889549,10.0,112,0.0
113,1788886609.5138159,1788886609.5138159,1038,0.6980684995651245,9.982702255249023,-2.3561899662017822,2.3561899662017822,0.004363323096185923,0.05999999865889549,10.0,113,0.0
114,1788886609.5639257,1788886609.5639257,1038,0.696600615978241,9.9359712600708,-2.3561899662017822,2.3561899662017822,0.004363323096185923,0.05999999865889549,10.0,114,0.0
115,1788886609.6139293,1788886609.6139293,1038,0.6951103806495667,9.883223533630371,-2.3561899662017822,2.3561899662017822,0.004363323096185923,0.05999999865889549,10.0,115,0.0
116,1788886609.6649816,1788886609.6649816,1038,0.6936243772506714,9.883895874023438,-2.3561899662017822,2.3561899662017822,0.004363323096185923,0.05999999865889549,10.0,116,0.0
117,1788886609.7143302,1788886609.7143302,1038,0.6921623945236206,9.895807266235352,-2.3561899662017822,2.3561899662017822,0.004363323096185923,0.05999999865889549,10.0,117,0.0
118,1788886609.7642512,1788886609.7642512,1039,0.6907228231430054,9.977697372436523,-2.3561899662017822,2.3561899662017822,0.004363323096185923,0.05999999865889549,10.0,118,0.0
119,1788886609.8142765,1788886609.8142765,1039,0.6893054246902466,9.92716121673584,-2.3561899662017822,2.3561899662017822,0.004363323096185923,0.05999999865889549,10.0,119,0.0
120,1788886609.8644536,1788886609.8644536,1039,0.6878861784934998,9.929010391235352,-2.3561899662017822,2.3561899662017822,0.004363323096185923,0.05999999865889549,10.0,120,0.0
121,1788886609.9149976,1788886609.9149976,1039,0.6864795088768005,9.937477111816406,-2.3561899662017822,2.3561899662017822,0.004363323096185923,0.05999999865889549,10.0,121,0.0
122,1788886609.9638615,1788886609.9638615,1039,0.6850957274436951,9.946134567260742,-2.3561899662017822,2.3561899662017822,0.004363323096185923,0.05999999865889549,10.0,122,0.0
123,1788886610.0149322,1788886610.0149322,1040,0.6837309002876282,9.994895935058594,-2.3561899662017822,2.3561899662017822,0.004363323096185923,0.05999999865889549,10.0,123,0.0
124,1788886610.064129,1788886610.064129,1040,0.6823847889900208,9.963973045349121,-2.3561899662017822,2.3561899662017822,0.004363323096185923,0.05999999865889549,10.0,124,0.0
125,1788886610.1160948,1788886610.1160948,1040,0.6810849905014038,9.976213455200195,-2.3561899662017822,2.3561899662017822,0.004363323096185923,0.05999999865889549,10.0,125,0.0
126,1788886610.1650476,1788886610.1650476,1040,0.6798183917999268,9.989522933959961,-2.3561899662017822,2.3561899662017822,0.004363323096185923,0.05999999865889549,10.0,126,0.0
127,1788886610.2137878,1788886610.2137878,1039,0.678573727607727,9.853509902954102,-2.3561899662017822,2.3561899662017822,0.004363323096185923,0.05999999865889549,10.0,127,0.0
128,1788886610.263864,1788886610.263864,1040,0.6773511171340942,9.991863250732422,-2.3561899662017822,2.3561899662017822,0.004363323096185923,0.05999999865889549,10.0,128,0.0
129,1788886610.3138435,1788886610.3138435,1040,0.6761536002159119,9.940752029418945,-2.3561899662017822,2.3561899662017822,0.004363323096185923,0.05999999865889549,10.0,129,0.0
130,1788886610.3639479,1788886610.3639479,1040,0.6750022172927856,9.896132469177246,-2.3561899662017822,2.3561899662017822,0.004363323096185923,0.05999999865889549,10.0,130,0.0
131,1788886610.4140973,1788886610.4140973,1040,0.6738839149475098,9.913582801818848,-2.3561899662017822,2.3561899662017822,0.004363323096185923,0.05999999865889549,10.0,131,0.0
132,1788886610.4643223,1788886610.4643223,1040,0.672791600227356,9.931483268737793,-2.3561899662017822,2.3561899662017822,0.004363323096185923,0.05999999865889549,10.0,132,0.0
133,1788886610.5139573,1788886610.5139573,1041,0.6717256903648376,9.952553749084473,-2.3561899662017822,2.3561899662017822,0.004363323096185923,0.05999999865889549,10.0,133,0.0
134,1788886610.5641425,1788886610.5641425,1041,0.6706830263137817,9.968114852905273,-2.3561899662017822,2.3561899662017822,0.004363323096185923,0.05999999865889549,10.0,134,0.0
135,1788886610.614234,1788886610.614234,1041,0.6696298122406006,9.981764793395996,-2.3561899662017822,2.3561899662017822,0.004363323096185923,0.05999999865889549,10.0,135,0.0
136,1788886610.6644766,1788886610.6644766,1041,0.6685861945152283,9.99442195892334,-2.3561899662017822,2.3561899662017822,0.004363323096185923,0.05999999865889549,10.0,136,0.0
137,1788886610.714233,1788886610.714233,1040,0.6675621271133423,9.852840423583984,-2.3561899662017822,2.3561899662017822,0.004363323096185923,0.05999999865889549,10.0,137,0.0
138,1788886610.7639112,1788886610.7639112,1040,0.6665602922439575,9.864863395690918,-2.3561899662017822,2.3561899662017822,0.004363323096185923,0.05999999865889549,10.0,138,0.0
139,1788886610.8142884,1788886610.8142884,1040,0.665581226348877,9.87705135345459,-2.3561899662017822,2.3561899662017822,0.004363323096185923,0.05999999865889549,10.0,139,0.0
140,1788886610.8645902,1788886610.8645902,1041,0.6646540760993958,9.893416404724121,-2.3561899662017822,2.3561899662017822,0.004363323096185923,0.05999999865889549,10.0,140,0.0
141,1788886610.9148376,1788886610.9148376,1041,0.6637610197067261,9.911355972290039,-2.3561899662017822,2.3561899662017822,0.004363323096185923,0.05999999865889549,10.0,141,0.0
142,1788886610.963926,1788886610.963926,1041,0.6628947854042053,9.929664611816406,-2.3561899662017822,2.3561899662017822,0.004363323096185923,0.05999999865889549,10.0,142,0.0
143,1788886611.01457,1788886611.01457,1041,0.6620287895202637,9.948775291442871,-2.3561899662017822,2.3561899662017822,0.004363323096185923,0.05999999865889549,10.0,143,0.0
144,1788886611.063778,1788886611.063778,1041,0.6611595153808594,9.968701362609863,-2.3561899662017822,2.3561899662017822,0.004363323096185923,0.05999999865889549,10.0,144,0.0
145,1788886611.1149156,1788886611.1149156,1041,0.6602650880813599,9.981698036193848,-2.3561899662017822,2.3561899662017822,0.004363323096185923,0.05999999865889549,10.0,145,0.0
146,1788886611.164799,1788886611.164799,1041,0.6593750715255737,9.99312686920166,-2.3561899662017822,2.3561899662017822,0.004363323096185923,0.05999999865889549,10.0,146,0.0
147,1788886611.2156022,1788886611.2156022,1041,0.6585075259208679,9.845349311828613,-2.3561899662017822,2.3561899662017822,0.004363323096185923,0.05999999865889549,10.0,147,0.0
148,1788886611.2667706,1788886611.2667706,1041,0.6576821804046631,9.855639457702637,-2.3561899662017822,2.3561899662017822,0.004363323096185923,0.05999999865889549,10.0,148,0.0
149,1788886611.316222,1788886611.316222,1041,0.6569057703018188,9.865742683410645,-2.3561899662017822,2.3561899662017822,0.004363323096185923,0.05999999865889549,10.0,149,0.0
150,1788886611.3646748,1788886611.3646748,1041,0.6557254195213318,9.88011360168457,-2.3561899662017822,2.3561899662017822,0.004363323096185923,0.05999999865889549,10.0,150,0.0
151,1788886611.4149806,1788886611.4149806,1041,0.6539915800094604,9.896185874938965,-2.3561899662017822,2.3561899662017822,0.004363323096185923,0.05999999865889549,10.0,151,0.0
152,1788886611.4640644,1788886611.4640644,1041,0.6522811055183411,9.912426948547363,-2.3561899662017822,2.3561899662017822,0.004363323096185923,0.05999999865889549,10.0,152,0.0
153,1788886611.5139666,1788886611.5139666,1041,0.6505944728851318,9.928875923156738,-2.3561899662017822,2.3561899662017822,0.004363323096185923,0.05999999865889549,10.0,153,0.0
154,1788886611.564009,1788886611.564009,1041,0.648928701877594,9.945569038391113,-2.3561899662017822,2.3561899662017822,0.004363323096185923,0.05999999865889549,10.0,154,0.0
155,1788886611.6139648,1788886611.6139648,1042,0.6472436189651489,9.956388473510742,-2.3561899662017822,2.3561899662017822,0.004363323096185923,0.05999999865889549,10.0,155,0.0
156,1788886611.6651702,1788886611.6651702,1042,0.6455619931221008,9.965825080871582,-2.3561899662017822,2.3561899662017822,0.004363323096185923,0.05999999865889549,10.0,156,0.0
157,1788886611.7143276,1788886611.7143276,1042,0.6439002752304077,9.975251197814941,-2.3561899662017822,2.3561899662017822,0.004363323096185923,0.05999999865889549,10.0,157,0.0
158,1788886611.7648437,1788886611.7648437,1042,0.6422569751739502,9.984786033630371,-2.3561899662017822,2.3561899662017822,0.004363323096185923,0.05999999865889549,10.0,158,0.0
159,1788886611.8139727,1788886611.8139727,1042,0.6406310796737671,9.994397163391113,-2.3561899662017822,2.3561899662017822,0.004363323096185923,0.05999999865889549,10.0,159,0.0
160,1788886611.864073,1788886611.864073,1041,0.6390612125396729,9.843995094299316,-2.3561899662017822,2.3561899662017822,0.004363323096185923,0.05999999865889549,10.0,160,0.0
161,1788886611.9149818,1788886611.9149818,1041,0.6375296711921692,9.860026359558105,-2.3561899662017822,2.3561899662017822,0.004363323096185923,0.05999999865889549,10.0,161,0.0
162,1788886611.963736,1788886611.963736,1041,0.6360180974006653,9.876194953918457,-2.3561899662017822,2.3561899662017822,0.004363323096185923,0.05999999865889549,10.0,162,0.0
163,1788886612.0139582,1788886612.0139582,1041,0.6345279812812805,9.892578125,-2.3561899662017822,2.3561899662017822,0.004363323096185923,0.05999999865889549,10.0,163,0.0
164,1788886612.064044,1788886612.064044,1042,0.6330627202987671,9.909472465515137,-2.3561899662017822,2.3561899662017822,0.004363323096185923,0.05999999865889549,10.0,164,0.0
165,1788886612.1139743,1788886612.1139743,1042,0.631650984287262,9.931048393249512,-2.3561899662017822,2.3561899662017822,0.004363323096185923,0.05999999865889549,10.0,165,0.0
166,1788886612.1640723,1788886612.1640723,1042,0.6302710771560669,9.95408821105957,-2.3561899662017822,2.3561899662017822,0.004363323096185923,0.05999999865889549,10.0,166,0.0
167,1788886612.2138524,1788886612.2138524,1042,0.6289191842079163,9.977395057678223,-2.3561899662017822,2.3561899662017822,0.004363323096185923,0.05999999865889549,10.0,167,0.0
168,1788886612.2655797,1788886612.2655797,1041,0.6275538206100464,9.832294464111328,-2.3561899662017822,2.3561899662017822,0.004363323096185923,0.05999999865889549,10.0,168,0.0
169,1788886612.314027,1788886612.314027,1041,0.626170814037323,9.856539726257324,-2.3561899662017822,2.3561899662017822,0.004363323096185923,0.05999999865889549,10.0,169,0.0
170,1788886612.364042,1788886612.364042,1042,0.6247618794441223,9.87358570098877,-2.3561899662017822,2.3561899662017822,0.004363323096185923,0.05999999865889549,10.0,170,0.0
171,1788886612.4149103,1788886612.4149103,1042,0.6233541965484619,9.888484001159668,-2.3561899662017822,2.3561899662017822,0.004363323096185923,0.05999999865889549,10.0,171,0.0
172,1788886612.463801,1788886612.463801,1042,0.6219722032546997,9.903886795043945,-2.3561899662017822,2.3561899662017822,0.004363323096185923,0.05999999865889549,10.0,172,0.0
173,1788886612.5147862,1788886612.5147862,1042,0.6206480860710144,9.91885757446289,-2.3561899662017822,2.3561899662017822,0.004363323096185923,0.05999999865889549,10.0,173,0.0
174,1788886612.5647268,1788886612.5647268,1042,0.6193882822990417,9.933683395385742,-2.3561899662017822,2.3561899662017822,0.004363323096185923,0.05999999865889549,10.0,174,0.0
175,1788886612.6140826,1788886612.6140826,1042,0.6181266903877258,9.944348335266113,-2.3561899662017822,2.3561899662017822,0.004363323096185923,0.05999999865889549,10.0,175,0.0
176,1788886612.6639352,1788886612.6639352,1042,0.61687171459198,9.953657150268555,-2.3561899662017822,2.3561899662017822,0.004363323096185923,0.05999999865889549,10.0,176,0.0
177,1788886612.7145753,1788886612.7145753,1042,0.6156312823295593,9.963014602661133,-2.3561899662017822,2.3561899662017822,0.004363323096185923,0.05999999865889549,10.0,177,0.0
178,1788886612.7652535,1788886612.7652535,1042,0.6143764853477478,9.973006248474121,-2.3561899662017822,2.3561899662017822,0.004363323096185923,0.05999999865889549,10.0,178,0.0
179,1788886612.8146744,1788886612.8146744,1042,0.613099217414856,9.9833402633667,-2.3561899662017822,2.3561899662017822,0.004363323096185923,0.05999999865889549,10.0,179,0.0
180,1788886612.8645413,1788886612.8645413,1043,0.6118587255477905,9.9943265914917,-2.3561899662017822,2.3561899662017822,0.004363323096185923,0.05999999865889549,10.0,180,0.0
181,1788886612.9138095,1788886612.9138095,1042,0.6106464266777039,9.834456443786621,-2.3561899662017822,2.3561899662017822,0.004363323096185923,0.05999999865889549,10.0,181,0.0
182,1788886612.9642155,1788886612.9642155,1042,0.6094551086425781,9.84826946258545,-2.3561899662017822,2.3561899662017822,0.004363323096185923,0.05999999865889549,10.0,182,0.0
183,1788886613.0140169,1788886613.0140169,1042,0.6083213090896606,9.861933708190918,-2.3561899662017822,2.3561899662017822,0.004363323096185923,0.05999999865889549,10.0,183,0.0
184,1788886613.0641344,1788886613.0641344,1042,0.6072431206703186,9.875328063964844,-2.3561899662017822,2.3561899662017822,0.004363323096185923,0.05999999865889549,10.0,184,0.0
185,1788886613.113887,1788886613.113887,1042,0.6062113046646118,9.89199447631836,-2.3561899662017822,2.3561899662017822,0.004363323096185923,0.05999999865889549,10.0,185,0.0
186,1788886613.163805,1788886613.163805,1042,0.6052120923995972,9.901132583618164,-2.3561899662017822,2.3561899662017822,0.004363323096185923,0.05999999865889549,10.0,186,0.0
187,1788886613.2146275,1788886613.2146275,1042,0.6042336821556091,9.910279273986816,-2.3561899662017822,2.3561899662017822,0.004363323096185923,0.05999999865889549,10.0,187,0.0
188,1788886613.2642508,1788886613.2642508,1042,0.6032505035400391,9.919940948486328,-2.3561899662017822,2.3561899662017822,0.004363323096185923,0.05999999865889549,10.0,188,0.0
189,1788886613.3142982,1788886613.3142982,1043,0.6022145748138428,9.92473030090332,-2.3561899662017822,2.3561899662017822,0.004363323096185923,0.05999999865889549,10.0,189,0.0
190,1788886613.3638754,1788886613.3638754,1043,0.6011772155761719,9.92812442779541,-2.3561899662017822,2.3561899662017822,0.004363323096185923,0.05999999865889549,10.0,190,0.0
191,1788886613.4148393,1788886613.4148393,1043,0.6001605987548828,9.931586265563965,-2.3561899662017822,2.3561899662017822,0.004363323096185923,0.05999999865889549,10.0,191,0.0
192,1788886613.4638014,1788886613.4638014,1043,0.599165678024292,9.935211181640625,-2.3561899662017822,2.3561899662017822,0.004363323096185923,0.05999999865889549,10.0,192,0.0
193,1788886613.5138288,1788886613.5138288,1043,0.598189115524292,9.93885612487793,-2.3561899662017822,2.3561899662017822,0.004363323096185923,0.05999999865889549,10.0,193,0.0
194,1788886613.5640419,1788886613.5640419,1043,0.5972585082054138,9.945737838745117,-2.3561899662017822,2.3561899662017822,0.004363323096185923,0.05999999865889549,10.0,194,0.0
195,1788886613.6137843,1788886613.6137843,1043,0.5963630080223083,9.953720092773438,-2.3561899662017822,2.3561899662017822,0.004363323096185923,0.05999999865889549,10.0,195,0.0
196,1788886613.6649513,1788886613.6649513,1043,0.5954900979995728,9.96173095703125,-2.3561899662017822,2.3561899662017822,0.004363323096185923,0.05999999865889549,10.0,196,0.0
197,1788886613.715013,1788886613.715013,1043,0.5946391224861145,9.969915390014648,-2.3561899662017822,2.3561899662017822,0.004363323096185923,0.05999999865889549,10.0,197,0.0
198,1788886613.7641978,1788886613.7641978,1043,0.5938323736190796,9.977913856506348,-2.3561899662017822,2.3561899662017822,0.004363323096185923,0.05999999865889549,10.0,198,0.0
199,1788886613.8146048,1788886613.8146048,1043,0.5930994153022766,9.989006996154785,-2.3561899662017822,2.3561899662017822,0.004363323096185923,0.05999999865889549,10.0,199,0.0
200,1788886613.8640125,1788886613.8640125,1043,0.5924012064933777,9.86115837097168,-2.3561899662017822,2.3561899662017822,0.004363323096185923,0.05999999865889549,10.0,200,0.0
201,1788886613.914884,1788886613.914884,1043,0.5917230248451233,9.87260913848877,-2.3561899662017822,2.3561899662017822,0.004363323096185923,0.05999999865889549,10.0,201,0.0
202,1788886613.9642782,1788886613.9642782,1043,0.591068685054779,9.884154319763184,-2.3561899662017822,2.3561899662017822,0.004363323096185923,0.05999999865889549,10.0,202,0.0
203,1788886614.014694,1788886614.014694,1043,0.5904384255409241,9.895880699157715,-2.3561899662017822,2.3561899662017822,0.004363323096185923,0.05999999865889549,10.0,203,0.0
204,1788886614.0643086,1788886614.0643086,1043,0.5898522138595581,9.910787582397461,-2.3561899662017822,2.3561899662017822,0.004363323096185923,0.05999999865889549,10.0,204,0.0
205,1788886614.1137338,1788886614.1137338,1043,0.5892996788024902,9.926746368408203,-2.3561899662017822,2.3561899662017822,0.004363323096185923,0.05999999865889549,10.0,205,0.0
206,1788886614.1650844,1788886614.1650844,1043,0.587974488735199,9.94301986694336,-2.3561899662017822,2.3561899662017822,0.004363323096185923,0.05999999865889549,10.0,206,0.0
207,1788886614.2148283,1788886614.2148283,1044,0.5856217741966248,9.959501266479492,-2.3561899662017822,2.3561899662017822,0.004363323096185923,0.05999999865889549,10.0,207,0.0
208,1788886614.264571,1788886614.264571,1044,0.583293616771698,9.976106643676758,-2.3561899662017822,2.3561899662017822,0.004363323096185923,0.05999999865889549,10.0,208,0.0
209,1788886614.3142948,1788886614.3142948,1044,0.5809537172317505,9.988414764404297,-2.3561899662017822,2.3561899662017822,0.004363323096185923,0.05999999865889549,10.0,209,0.0
210,1788886614.3637853,1788886614.3637853,1044,0.5786203742027283,9.999547004699707,-2.3561899662017822,2.3561899662017822,0.004363323096185923,0.05999999865889549,10.0,210,0.0
211,1788886614.4146142,1788886614.4146142,1043,0.5763077735900879,9.866260528564453,-2.3561899662017822,2.3561899662017822,0.004363323096185923,0.05999999865889549,10.0,211,0.0
212,1788886614.464335,1788886614.464335,1043,0.5740175843238831,9.87705135345459,-2.3561899662017822,2.3561899662017822,0.004363323096185923,0.05999999865889549,10.0,212,0.0
213,1788886614.5139616,1788886614.5139616,1043,0.5717483758926392,9.887964248657227,-2.3561899662017822,2.3561899662017822,0.004363323096185923,0.05999999865889549,10.0,213,0.0
214,1788886614.5647066,1788886614.5647066,1044,0.5695288777351379,9.902955055236816,-2.3561899662017822,2.3561899662017822,0.004363323096185923,0.05999999865889549,10.0,214,0.0
215,1788886614.6140933,1788886614.6140933,1044,0.5673462152481079,9.919135093688965,-2.3561899662017822,2.3561899662017822,0.004363323096185923,0.05999999865889549,10.0,215,0.0
216,1788886614.6646013,1788886614.6646013,1044,0.5651882886886597,9.935548782348633,-2.3561899662017822,2.3561899662017822,0.004363323096185923,0.05999999865889549,10.0,216,0.0
217,1788886614.714095,1788886614.714095,1044,0.5630534887313843,9.952256202697754,-2.3561899662017822,2.3561899662017822,0.004363323096185923,0.05999999865889549,10.0,217,0.0
218,1788886614.764579,1788886614.764579,1044,0.5609424710273743,9.969085693359375,-2.3561899662017822,2.3561899662017822,0.004363323096185923,0.05999999865889549,10.0,218,0.0
219,1788886614.8137987,1788886614.8137987,1044,0.5588259100914001,9.982379913330078,-2.3561899662017822,2.3561899662017822,0.004363323096185923,0.05999999865889549,10.0,219,0.0
220,1788886614.8650026,1788886614.8650026,1044,0.5567197203636169,9.994583129882812,-2.3561899662017822,2.3561899662017822,0.004363323096185923,0.05999999865889549,10.0,220,0.0
221,1788886614.9143214,1788886614.9143214,1043,0.5546329021453857,9.858344078063965,-2.3561899662017822,2.3561899662017822,0.004363323096185923,0.05999999865889549,10.0,221,0.0
222,1788886614.9640033,1788886614.9640033,1044,0.5525665879249573,9.869988441467285,-2.3561899662017822,2.3561899662017822,0.004363323096185923,0.05999999865889549,10.0,222,0.0
223,1788886615.0140994,1788886615.0140994,1044,0.5505232214927673,9.881950378417969,-2.3561899662017822,2.3561899662017822,0.004363323096185923,0.05999999865889549,10.0,223,0.0
224,1788886615.063941,1788886615.063941,1044,0.5485314130783081,9.898088455200195,-2.3561899662017822,2.3561899662017822,0.004363323096185923,0.05999999865889549,10.0,224,0.0
225,1788886615.1139417,1788886615.1139417,1044,0.5465738773345947,9.915617942810059,-2.3561899662017822,2.3561899662017822,0.004363323096185923,0.05999999865889549,10.0,225,0.0
226,1788886615.163957,1788886615.163957,1044,0.5446408987045288,9.933316230773926,-2.3561899662017822,2.3561899662017822,0.004363323096185923,0.05999999865889549,10.0,226,0.0
227,1788886615.2138903,1788886615.2138903,1044,0.5426775217056274,9.95196533203125,-2.3561899662017822,2.3561899662017822,0.004363323096185923,0.05999999865889549,10.0,227,0.0
228,1788886615.2645226,1788886615.2645226,1044,0.5406748056411743,9.97136116027832,-2.3561899662017822,2.3561899662017822,0.004363323096185923,0.05999999865889549,10.0,228,0.0
229,1788886615.3143995,1788886615.3143995,1045,0.538654625415802,9.985995292663574,-2.3561899662017822,2.3561899662017822,0.004363323096185923,0.05999999865889549,10.0,229,0.0
230,1788886615.364859,1788886615.364859,1045,0.5366421937942505,9.999232292175293,-2.3561899662017822,2.3561899662017822,0.004363323096185923,0.05999999865889549,10.0,230,0.0
231,1788886615.4152417,1788886615.4152417,1044,0.534653902053833,9.859662055969238,-2.3561899662017822,2.3561899662017822,0.004363323096185923,0.05999999865889549,10.0,231,0.0
232,1788886615.465004,1788886615.465004,1044,0.5327358245849609,9.872114181518555,-2.3561899662017822,2.3561899662017822,0.004363323096185923,0.05999999865889549,10.0,232,0.0
233,1788886615.5149467,1788886615.5149467,1044,0.5309059023857117,9.884238243103027,-2.3561899662017822,2.3561899662017822,0.004363323096185923,0.05999999865889549,10.0,233,0.0
234,1788886615.5647562,1788886615.5647562,1044,0.5291286706924438,9.89980697631836,-2.3561899662017822,2.3561899662017822,0.004363323096185923,0.05999999865889549,10.0,234,0.0
235,1788886615.6148686,1788886615.6148686,1044,0.5273833274841309,9.91646671295166,-2.3561899662017822,2.3561899662017822,0.004363323096185923,0.05999999865889549,10.0,235,0.0
236,1788886615.664581,1788886615.664581,1044,0.5256615877151489,9.933517456054688,-2.3561899662017822,2.3561899662017822,0.004363323096185923,0.05999999865889549,10.0,236,0.0
237,1788886615.7162695,1788886615.7162695,1045,0.5239633917808533,9.950725555419922,-2.3561899662017822,2.3561899662017822,0.004363323096185923,0.05999999865889549,10.0,237,0.0
238,1788886615.7659447,1788886615.7659447,1045,0.5222893953323364,9.957282066345215,-2.3561899662017822,2.3561899662017822,0.004363323096185923,0.05999999865889549,10.0,238,0.0
239,1788886615.8138223,1788886615.8138223,1045,0.5205947756767273,9.95995807647705,-2.3561899662017822,2.3561899662017822,0.004363323096185923,0.05999999865889549,10.0,239,0.0
240,1788886615.863904,1788886615.863904,1045,0.5189024806022644,9.961405754089355,-2.3561899662017822,2.3561899662017822,0.004363323096185923,0.05999999865889549,10.0,240,0.0
241,1788886615.9140391,1788886615.9140391,1045,0.5172299742698669,9.962882995605469,-2.3561899662017822,2.3561899662017822,0.004363323096185923,0.05999999865889549,10.0,241,0.0
242,1788886615.96457,1788886615.96457,1045,0.5155285000801086,9.9645357131958,-2.3561899662017822,2.3561899662017822,0.004363323096185923,0.05999999865889549,10.0,242,0.0
243,1788886616.0141613,1788886616.0141613,1045,0.513792872428894,9.966294288635254,-2.3561899662017822,2.3561899662017822,0.004363323096185923,0.05999999865889549,10.0,243,0.0
244,1788886616.0647728,1788886616.0647728,1045,0.5120918154716492,9.970048904418945,-2.3561899662017822,2.3561899662017822,0.004363323096185923,0.05999999865889549,10.0,244,0.0
245,1788886616.1139631,1788886616.1139631,1045,0.5104212164878845,9.97436237335205,-2.3561899662017822,2.3561899662017822,0.004363323096185923,0.05999999865889549,10.0,245,0.0
246,1788886616.1639605,1788886616.1639605,1046,0.5087745189666748,9.978764533996582,-2.3561899662017822,2.3561899662017822,0.004363323096185923,0.05999999865889549,10.0,246,0.0
247,1788886616.2139,1788886616.2139,1046,0.5071920156478882,9.979796409606934,-2.3561899662017822,2.3561899662017822,0.004363323096185923,0.05999999865889549,10.0,247,0.0
248,1788886616.2637746,1788886616.2637746,1046,0.5056831240653992,9.9810209274292,-2.3561899662017822,2.3561899662017822,0.004363323096185923,0.05999999865889549,10.0,248,0.0
249,1788886616.3145611,1788886616.3145611,1046,0.5042269229888916,9.984321594238281,-2.3561899662017822,2.3561899662017822,0.004363323096185923,0.05999999865889549,10.0,249,0.0
250,1788886616.3649206,1788886616.3649206,1046,0.5028032064437866,9.988272666931152,-2.3561899662017822,2.3561899662017822,0.004363323096185923,0.05999999865889549,10.0,250,0.0
251,1788886616.41411,1788886616.41411,1046,0.501401424407959,9.992338180541992,-2.3561899662017822,2.3561899662017822,0.004363323096185923,0.05999999865889549,10.0,251,0.0
252,1788886616.4650314,1788886616.4650314,1046,0.5000231862068176,9.996587753295898,-2.3561899662017822,2.3561899662017822,0.004363323096185923,0.05999999865889549,10.0,252,0.0
253,1788886616.5139027,1788886616.5139027,1045,0.4986684024333954,9.902310371398926,-2.3561899662017822,2.3561899662017822,0.004363323096185923,0.05999999865889549,10.0,253,0.0
254,1788886616.5644407,1788886616.5644407,1046,0.4973475933074951,9.907320022583008,-2.3561899662017822,2.3561899662017822,0.004363323096185923,0.05999999865889549,10.0,254,0.0
255,1788886616.61398,1788886616.61398,1046,0.4960564970970154,9.912757873535156,-2.3561899662017822,2.3561899662017822,0.004363323096185923,0.05999999865889549,10.0,255,0.0
256,1788886616.6645546,1788886616.6645546,1046,0.49478909373283386,9.918171882629395,-2.3561899662017822,2.3561899662017822,0.004363323096185923,0.05999999865889549,10.0,256,0.0
257,1788886616.7138338,1788886616.7138338,1046,0.49354618787765503,9.923778533935547,-2.3561899662017822,2.3561899662017822,0.004363323096185923,0.05999999865889549,10.0,257,0.0
258,1788886616.76407,1788886616.76407,1046,0.49232688546180725,9.929595947265625,-2.3561899662017822,2.3561899662017822,0.004363323096185923,0.05999999865889549,10.0,258,0.0
259,1788886616.8139749,1788886616.8139749,1046,0.49113720655441284,9.93596076965332,-2.3561899662017822,2.3561899662017822,0.004363323096185923,0.05999999865889549,10.0,259,0.0
260,1788886616.8645735,1788886616.8645735,1047,0.48997488617897034,9.942503929138184,-2.3561899662017822,2.3561899662017822,0.004363323096185923,0.05999999865889549,10.0,260,0.0
261,1788886616.9139917,1788886616.9139917,1047,0.488836407661438,9.949231147766113,-2.3561899662017822,2.3561899662017822,0.004363323096185923,0.05999999865889549,10.0,261,0.0
262,1788886616.9647243,1788886616.9647243,1047,0.4876892864704132,9.956275939941406,-2.3561899662017822,2.3561899662017822,0.004363323096185923,0.05999999865889549,10.0,262,0.0
263,1788886617.013908,1788886617.013908,1047,0.486532598733902,9.963578224182129,-2.3561899662017822,2.3561899662017822,0.004363323096185923,0.05999999865889549,10.0,263,0.0
264,1788886617.0647423,1788886617.0647423,1047,0.4853545129299164,9.966952323913574,-2.3561899662017822,2.3561899662017822,0.004363323096185923,0.05999999865889549,10.0,264,0.0
265,1788886617.1151397,1788886617.1151397,1047,0.48455721139907837,9.969362258911133,-2.3561899662017822,2.3561899662017822,0.004363323096185923,0.05999999865889549,10.0,265,0.0
266,1788886617.1646953,1788886617.1646953,1048,0.48459258675575256,9.971896171569824,-2.3561899662017822,2.3561899662017822,0.004363323096185923,0.05999999865889549,10.0,266,0.0
267,1788886617.2146184,1788886617.2146184,1048,0.48518940806388855,9.974327087402344,-2.3561899662017822,2.3561899662017822,0.004363323096185923,0.05999999865889549,10.0,267,0.0
268,1788886617.2647512,1788886617.2647512,1048,0.48580801486968994,9.976831436157227,-2.3561899662017822,2.3561899662017822,0.004363323096185923,0.05999999865889549,10.0,268,0.0
269,1788886617.3145835,1788886617.3145835,1048,0.4864453971385956,9.979415893554688,-2.3561899662017822,2.3561899662017822,0.004363323096185923,0.05999999865889549,10.0,269,0.0
270,1788886617.3641295,1788886617.3641295,1048,0.48710331320762634,9.982080459594727,-2.3561899662017822,2.3561899662017822,0.004363323096185923,0.05999999865889549,10.0,270,0.0
271,1788886617.4138691,1788886617.4138691,1048,0.48778268694877625,9.98476791381836,-2.3561899662017822,2.3561899662017822,0.004363323096185923,0.05999999865889549,10.0,271,0.0
272,1788886617.4639304,1788886617.4639304,1048,0.4884796142578125,9.987520217895508,-2.3561899662017822,2.3561899662017822,0.004363323096185923,0.05999999865889549,10.0,272,0.0
273,1788886617.5137765,1788886617.5137765,1048,0.4891990125179291,9.990260124206543,-2.3561899662017822,2.3561899662017822,0.004363323096185923,0.05999999865889549,10.0,273,0.0
274,1788886617.5663471,1788886617.5663471,1049,0.4899381995201111,9.993111610412598,-2.3561899662017822,2.3561899662017822,0.004363323096185923,0.05999999865889549,10.0,274,0.0
275,1788886617.6159549,1788886617.6159549,1049,0.4906978905200958,9.996139526367188,-2.3561899662017822,2.3561899662017822,0.004363323096185923,0.05999999865889549,10.0,275,0.0
276,1788886617.6645236,1788886617.6645236,1049,0.4914798140525818,9.999268531799316,-2.3561899662017822,2.3561899662017822,0.004363323096185923,0.05999999865889549,10.0,276,0.0
277,1788886617.7148454,1788886617.7148454,1048,0.49228331446647644,9.897137641906738,-2.3561899662017822,2.3561899662017822,0.004363323096185923,0.05999999865889549,10.0,277,0.0
278,1788886617.7647605,1788886617.7647605,1048,0.49310651421546936,9.899911880493164,-2.3561899662017822,2.3561899662017822,0.004363323096185923,0.05999999865889549,10.0,278,0.0
279,1788886617.8142514,1788886617.8142514,1049,0.4939500093460083,9.99868392944336,-2.3561899662017822,2.3561899662017822,0.004363323096185923,0.05999999865889549,10.0,279,0.0
280,1788886617.8664474,1788886617.8664474,1049,0.4948149025440216,9.991474151611328,-2.3561899662017822,2.3561899662017822,0.004363323096185923,0.05999999865889549,10.0,280,0.0
281,1788886617.9147615,1788886617.9147615,1049,0.49570050835609436,9.984193801879883,-2.3561899662017822,2.3561899662017822,0.004363323096185923,0.05999999865889549,10.0,281,0.0
282,1788886617.9640858,1788886617.9640858,1050,0.49663010239601135,9.976831436157227,-2.3561899662017822,2.3561899662017822,0.004363323096185923,0.05999999865889549,10.0,282,0.0
283,1788886618.0147307,1788886618.0147307,1050,0.49761489033699036,9.969217300415039,-2.3561899662017822,2.3561899662017822,0.004363323096185923,0.05999999865889549,10.0,283,0.0
284,1788886618.0641317,1788886618.0641317,1050,0.49856510758399963,9.9584321975708,-2.3561899662017822,2.3561899662017822,0.004363323096185923,0.05999999865889549,10.0,284,0.0
285,1788886618.1138468,1788886618.1138468,1050,0.49950799345970154,9.946698188781738,-2.3561899662017822,2.3561899662017822,0.004363323096185923,0.05999999865889549,10.0,285,0.0
286,1788886618.1647248,1788886618.1647248,1051,0.500468373298645,9.991747856140137,-2.3561899662017822,2.3561899662017822,0.004363323096185923,0.05999999865889549,10.0,286,0.0
287,1788886618.2148352,1788886618.2148352,1051,0.5014451742172241,9.980010986328125,-2.3561899662017822,2.3561899662017822,0.004363323096185923,0.05999999865889549,10.0,287,0.0
288,1788886618.2645576,1788886618.2645576,1051,0.5024387836456299,9.968276023864746,-2.3561899662017822,2.3561899662017822,0.004363323096185923,0.05999999865889549,10.0,288,0.0
289,1788886618.3142734,1788886618.3142734,1051,0.5035058259963989,9.959436416625977,-2.3561899662017822,2.3561899662017822,0.004363323096185923,0.05999999865889549,10.0,289,0.0
290,1788886618.3648064,1788886618.3648064,1051,0.5046210885047913,9.951519966125488,-2.3561899662017822,2.3561899662017822,0.004363323096185923,0.05999999865889549,10.0,290,0.0
291,1788886618.4148567,1788886618.4148567,1051,0.505760908126831,9.943643569946289,-2.3561899662017822,2.3561899662017822,0.004363323096185923,0.05999999865889549,10.0,291,0.0
292,1788886618.4648836,1788886618.4648836,1052,0.5068941116333008,9.993948936462402,-2.3561899662017822,2.3561899662017822,0.004363323096185923,0.05999999865889549,10.0,292,0.0
293,1788886618.5147662,1788886618.5147662,1053,0.5080084204673767,9.98660659790039,-2.3561899662017822,2.3561899662017822,0.004363323096185923,0.05999999865889549,10.0,293,0.0
294,1788886618.5646617,1788886618.5646617,1053,0.5091844797134399,9.981779098510742,-2.3561899662017822,2.3561899662017822,0.004363323096185923,0.05999999865889549,10.0,294,0.0
295,1788886618.614901,1788886618.614901,1053,0.5104039907455444,9.977740287780762,-2.3561899662017822,2.3561899662017822,0.004363323096185923,0.05999999865889549,10.0,295,0.0
296,1788886618.6639824,1788886618.6639824,1053,0.5116475820541382,9.973770141601562,-2.3561899662017822,2.3561899662017822,0.004363323096185923,0.05999999865889549,10.0,296,0.0
297,1788886618.7138515,1788886618.7138515,1053,0.5129159092903137,9.9697904586792,-2.3561899662017822,2.3561899662017822,0.004363323096185923,0.05999999865889549,10.0,297,0.0
298,1788886618.7638276,1788886618.7638276,1053,0.5142108798027039,9.9658842086792,-2.3561899662017822,2.3561899662017822,0.004363323096185923,0.05999999865889549,10.0,298,0.0
299,1788886618.814446,1788886618.814446,1054,0.515575110912323,9.964512825012207,-2.3561899662017822,2.3561899662017822,0.004363323096185923,0.05999999865889549,10.0,299,0.0
300,1788886618.8637955,1788886618.8637955,1054,0.5169882774353027,9.963849067687988,-2.3561899662017822,2.3561899662017822,0.004363323096185923,0.05999999865889549,10.0,300,0.0
301,1788886618.914323,1788886618.914323,1054,0.5184304118156433,9.963302612304688,-2.3561899662017822,2.3561899662017822,0.004363323096185923,0.05999999865889549,10.0,301,0.0
302,1788886618.9648287,1788886618.9648287,1054,0.5199021100997925,9.962865829467773,-2.3561899662017822,2.3561899662017822,0.004363323096185923,0.05999999865889549,10.0,302,0.0
303,1788886619.0143988,1788886619.0143988,1054,0.5214024186134338,9.96248722076416,-2.3561899662017822,2.3561899662017822,0.004363323096185923,0.05999999865889549,10.0,303,0.0
304,1788886619.0641608,1788886619.0641608,1055,0.5229272842407227,9.9617919921875,-2.3561899662017822,2.3561899662017822,0.004363323096185923,0.05999999865889549,10.0,304,0.0
305,1788886619.1140738,1788886619.1140738,1055,0.5244752168655396,9.961063385009766,-2.3561899662017822,2.3561899662017822,0.004363323096185923,0.05999999865889549,10.0,305,0.0
306,1788886619.1642318,1788886619.1642318,1055,0.526052713394165,9.960413932800293,-2.3561899662017822,2.3561899662017822,0.004363323096185923,0.05999999865889549,10.0,306,0.0
307,1788886619.2149737,1788886619.2149737,1056,0.5276594161987305,9.998846054077148,-2.3561899662017822,2.3561899662017822,0.004363323096185923,0.05999999865889549,10.0,307,0.0
308,1788886619.2642457,1788886619.2642457,1057,0.5292931795120239,9.988419532775879,-2.3561899662017822,2.3561899662017822,0.004363323096185923,0.05999999865889549,10.0,308,0.0
309,1788886619.313782,1788886619.313782,1057,0.5309556126594543,9.977999687194824,-2.3561899662017822,2.3561899662017822,0.004363323096185923,0.05999999865889549,10.0,309,0.0
310,1788886619.3648896,1788886619.3648896,1058,0.5326470136642456,9.995938301086426,-2.3561899662017822,2.3561899662017822,0.004363323096185923,0.05999999865889549,10.0,310,0.0
311,1788886619.4138303,1788886619.4138303,1058,0.5343664884567261,9.98564338684082,-2.3561899662017822,2.3561899662017822,0.004363323096185923,0.05999999865889549,10.0,311,0.0
312,1788886619.4649332,1788886619.4649332,1058,0.5361149907112122,9.97536563873291,-2.3561899662017822,2.3561899662017822,0.004363323096185923,0.05999999865889549,10.0,312,0.0
313,1788886619.5144258,1788886619.5144258,1060,0.5378907918930054,9.993967056274414,-2.3561899662017822,2.3561899662017822,0.004363323096185923,0.05999999865889549,10.0,313,0.0
314,1788886619.5640686,1788886619.5640686,1060,0.5397353768348694,9.984843254089355,-2.3561899662017822,2.3561899662017822,0.004363323096185923,0.05999999865889549,10.0,314,0.0
315,1788886619.613835,1788886619.613835,1060,0.5416318774223328,9.976088523864746,-2.3561899662017822,2.3561899662017822,0.004363323096185923,0.05999999865889549,10.0,315,0.0
316,1788886619.6638505,1788886619.6638505,1061,0.5435582995414734,9.996846199035645,-2.3561899662017822,2.3561899662017822,0.004363323096185923,0.05999999865889549,10.0,316,0.0
317,1788886619.714632,1788886619.714632,1062,0.5455167889595032,9.988195419311523,-2.3561899662017822,2.3561899662017822,0.004363323096185923,0.05999999865889549,10.0,317,0.0
318,1788886619.7644923,1788886619.7644923,1062,0.5474690794944763,9.97956657409668,-2.3561899662017822,2.3561899662017822,0.004363323096185923,0.05999999865889549,10.0,318,0.0
319,1788886619.814713,1788886619.814713,1062,0.5478799939155579,9.972248077392578,-2.3561899662017822,2.3561899662017822,0.004363323096185923,0.05999999865889549,10.0,319,0.0
320,1788886619.864888,1788886619.864888,1064,0.5483481287956238,9.994860649108887,-2.3561899662017822,2.3561899662017822,0.004363323096185923,0.05999999865889549,10.0,320,0.0
321,1788886619.914492,1788886619.914492,1066,0.5488532781600952,9.99908447265625,-2.3561899662017822,2.3561899662017822,0.004363323096185923,0.05999999865889549,10.0,321,0.0
322,1788886619.964579,1788886619.964579,1067,0.5493956208229065,9.994255065917969,-2.3561899662017822,2.3561899662017822,0.004363323096185923,0.05999999865889549,10.0,322,0.0
323,1788886620.0139349,1788886620.0139349,1069,0.549974799156189,9.989811897277832,-2.3561899662017822,2.3561899662017822,0.004363323096185923,0.05999999865889549,10.0,323,0.0
324,1788886620.064068,1788886620.064068,1071,0.5506787896156311,9.99740219116211,-2.3561899662017822,2.3561899662017822,0.004363323096185923,0.05999999865889549,10.0,324,0.0
325,1788886620.1149187,1788886620.1149187,1072,0.5514652729034424,9.995174407958984,-2.3561899662017822,2.3561899662017822,0.004363323096185923,0.05999999865889549,10.0,325,0.0
326,1788886620.164104,1788886620.164104,1074,0.5522946715354919,9.99340534210205,-2.3561899662017822,2.3561899662017822,0.004363323096185923,0.05999999865889549,10.0,326,0.0
327,1788886620.2145934,1788886620.2145934,1075,0.5531703233718872,9.992094993591309,-2.3561899662017822,2.3561899662017822,0.004363323096185923,0.05999999865889549,10.0,327,0.0
328,1788886620.2651997,1788886620.2651997,1077,0.5540891289710999,9.99123477935791,-2.3561899662017822,2.3561899662017822,0.004363323096185923,0.05999999865889549,10.0,328,0.0
329,1788886620.3140714,1788886620.3140714,1078,0.5552532076835632,9.99306869506836,-2.3561899662017822,2.3561899662017822,0.004363323096185923,0.05999999865889549,10.0,329,0.0
330,1788886620.364759,1788886620.364759,1080,0.5565996766090393,9.996474266052246,-2.3561899662017822,2.3561899662017822,0.004363323096185923,0.05999999865889549,10.0,330,0.0
331,1788886620.4141831,1788886620.4141831,1081,0.5580130219459534,9.987364768981934,-2.3561899662017822,2.3561899662017822,0.004363323096185923,0.05999999865889549,10.0,331,0.0
332,1788886620.464753,1788886620.464753,1081,0.5594503879547119,9.97856616973877,-2.3561899662017822,2.3561899662017822,0.004363323096185923,0.05999999865889549,10.0,332,0.0
333,1788886620.5145533,1788886620.5145533,1081,0.5608925819396973,9.956982612609863,-2.3561899662017822,2.3561899662017822,0.004363323096185923,0.05999999865889549,10.0,333,0.0
334,1788886620.5639582,1788886620.5639582,1081,0.5625655055046082,9.93757152557373,-2.3561899662017822,2.3561899662017822,0.004363323096185923,0.05999999865889549,10.0,334,0.0
335,1788886620.614791,1788886620.614791,1081,0.5644035935401917,9.918972969055176,-2.3561899662017822,2.3561899662017822,0.004363323096185923,0.05999999865889549,10.0,335,0.0
336,1788886620.6646779,1788886620.6646779,1081,0.5663142204284668,9.900388717651367,-2.3561899662017822,2.3561899662017822,0.004363323096185923,0.05999999865889549,10.0,336,0.0
337,1788886620.7150142,1788886620.7150142,1081,0.5681865811347961,9.882062911987305,-2.3561899662017822,2.3561899662017822,0.004363323096185923,0.05999999865889549,10.0,337,0.0
338,1788886620.7637527,1788886620.7637527,1081,0.5699604749679565,9.877275466918945,-2.3561899662017822,2.3561899662017822,0.004363323096185923,0.05999999865889549,10.0,338,0.0
339,1788886620.8139544,1788886620.8139544,1081,0.5723214745521545,9.853314399719238,-2.3561899662017822,2.3561899662017822,0.004363323096185923,0.05999999865889549,10.0,339,0.0
340,1788886620.8649712,1788886620.8649712,1081,0.5756192803382874,9.837492942810059,-2.3561899662017822,2.3561899662017822,0.004363323096185923,0.05999999865889549,10.0,340,0.0
341,1788886620.9138706,1788886620.9138706,1081,0.5790504813194275,9.821699142456055,-2.3561899662017822,2.3561899662017822,0.004363323096185923,0.05999999865889549,10.0,341,0.0
342,1788886620.9648042,1788886620.9648042,1081,0.5826051235198975,9.818926811218262,-2.3561899662017822,2.3561899662017822,0.004363323096185923,0.05999999865889549,10.0,342,0.0
343,1788886621.0147321,1788886621.0147321,1081,0.5862829089164734,9.803175926208496,-2.3561899662017822,2.3561899662017822,0.004363323096185923,0.05999999865889549,10.0,343,0.0
344,1788886621.0639963,1788886621.0639963,1081,0.5899258852005005,9.785594940185547,-2.3561899662017822,2.3561899662017822,0.004363323096185923,0.05999999865889549,10.0,344,0.0
345,1788886621.1137168,1788886621.1137168,1081,0.5936161875724792,9.767513275146484,-2.3561899662017822,2.3561899662017822,0.004363323096185923,0.05999999865889549,10.0,345,0.0
346,1788886621.164575,1788886621.164575,1081,0.597416877746582,9.74948501586914,-2.3561899662017822,2.3561899662017822,0.004363323096185923,0.05999999865889549,10.0,346,0.0
347,1788886621.2144756,1788886621.2144756,1081,0.6014603972434998,9.731861114501953,-2.3561899662017822,2.3561899662017822,0.004363323096185923,0.05999999865889549,10.0,347,0.0
348,1788886621.2670386,1788886621.2670386,1081,0.6058096885681152,9.714563369750977,-2.3561899662017822,2.3561899662017822,0.004363323096185923,0.05999999865889549,10.0,348,0.0
349,1788886621.3149385,1788886621.3149385,1081,0.6100084185600281,9.706543922424316,-2.3561899662017822,2.3561899662017822,0.004363323096185923,0.05999999865889549,10.0,349,0.0
350,1788886621.3649101,1788886621.3649101,1081,0.6141639947891235,9.684432983398438,-2.3561899662017822,2.3561899662017822,0.004363323096185923,0.05999999865889549,10.0,350,0.0
351,1788886621.415023,1788886621.415023,1081,0.6184269189834595,9.675166130065918,-2.3561899662017822,2.3561899662017822,0.004363323096185923,0.05999999865889549,10.0,351,0.0
352,1788886621.4644563,1788886621.4644563,1081,0.6229298114776611,9.653318405151367,-2.3561899662017822,2.3561899662017822,0.004363323096185923,0.05999999865889549,10.0,352,0.0
353,1788886621.51448,1788886621.51448,1081,0.627732515335083,9.631645202636719,-2.3561899662017822,2.3561899662017822,0.004363323096185923,0.05999999865889549,10.0,353,0.0
354,1788886621.5640202,1788886621.5640202,1081,0.6322954297065735,9.61816692352295,-2.3561899662017822,2.3561899662017822,0.004363323096185923,0.05999999865889549,10.0,354,0.0
355,1788886621.614905,1788886621.614905,1081,0.6367902159690857,9.603371620178223,-2.3561899662017822,2.3561899662017822,0.004363323096185923,0.05999999865889549,10.0,355,0.0
356,1788886621.664678,1788886621.664678,1081,0.6413730978965759,9.588624000549316,-2.3561899662017822,2.3561899662017822,0.004363323096185923,0.05999999865889549,10.0,356,0.0
357,1788886621.7137501,1788886621.7137501,1081,0.6460469961166382,9.561266899108887,-2.3561899662017822,2.3561899662017822,0.004363323096185923,0.05999999865889549,10.0,357,0.0
358,1788886621.7639394,1788886621.7639394,1081,0.6508105993270874,9.546557426452637,-2.3561899662017822,2.3561899662017822,0.004363323096185923,0.05999999865889549,10.0,358,0.0
359,1788886621.8147662,1788886621.8147662,1081,0.6552721858024597,9.527361869812012,-2.3561899662017822,2.3561899662017822,0.004363323096185923,0.05999999865889549,10.0,359,0.0
360,1788886621.8639984,1788886621.8639984,1081,0.6596441864967346,9.51954460144043,-2.3561899662017822,2.3561899662017822,0.004363323096185923,0.05999999865889549,10.0,360,0.0
361,1788886621.9143693,1788886621.9143693,1081,0.6640738844871521,9.499160766601562,-2.3561899662017822,2.3561899662017822,0.004363323096185923,0.05999999865889549,10.0,361,0.0
362,1788886621.963933,1788886621.963933,1081,0.6686860918998718,9.478607177734375,-2.3561899662017822,2.3561899662017822,0.004363323096185923,0.05999999865889549,10.0,362,0.0
363,1788886622.0146549,1788886622.0146549,1081,0.6735358834266663,9.457792282104492,-2.3561899662017822,2.3561899662017822,0.004363323096185923,0.05999999865889549,10.0,363,0.0
364,1788886622.0647757,1788886622.0647757,1081,0.6780905723571777,9.444999694824219,-2.3561899662017822,2.3561899662017822,0.004363323096185923,0.05999999865889549,10.0,364,0.0
365,1788886622.1140885,1788886622.1140885,1081,0.6825157999992371,9.418442726135254,-2.3561899662017822,2.3561899662017822,0.004363323096185923,0.05999999865889549,10.0,365,0.0
366,1788886622.1641316,1788886622.1641316,1081,0.6869732141494751,9.404318809509277,-2.3561899662017822,2.3561899662017822,0.004363323096185923,0.05999999865889549,10.0,366,0.0
367,1788886622.2148688,1788886622.2148688,1081,0.6914604902267456,9.377848625183105,-2.3561899662017822,2.3561899662017822,0.004363323096185923,0.05999999865889549,10.0,367,0.0
368,1788886622.2647598,1788886622.2647598,1081,0.6959772706031799,9.363717079162598,-2.3561899662017822,2.3561899662017822,0.004363323096185923,0.05999999865889549,10.0,368,0.0
369,1788886622.3138266,1788886622.3138266,1081,0.7003129124641418,9.347192764282227,-2.3561899662017822,2.3561899662017822,0.004363323096185923,0.05999999865889549,10.0,369,0.0
370,1788886622.363982,1788886622.363982,1081,0.7045708894729614,9.329949378967285,-2.3561899662017822,2.3561899662017822,0.004363323096185923,0.05999999865889549,10.0,370,0.0
371,1788886622.4146075,1788886622.4146075,1081,0.7088400721549988,9.312724113464355,-2.3561899662017822,2.3561899662017822,0.004363323096185923,0.05999999865889549,10.0,371,0.0
372,1788886622.4648576,1788886622.4648576,1081,0.7132291197776794,9.295034408569336,-2.3561899662017822,2.3561899662017822,0.004363323096185923,0.05999999865889549,10.0,372,0.0
373,1788886622.514272,1788886622.514272,1081,0.7177844047546387,9.264491081237793,-2.3561899662017822,2.3561899662017822,0.004363323096185923,0.05999999865889549,10.0,373,0.0
374,1788886622.564726,1788886622.564726,1081,0.722256600856781,9.244799613952637,-2.3561899662017822,2.3561899662017822,0.004363323096185923,0.05999999865889549,10.0,374,0.0
375,1788886622.614966,1788886622.614966,1081,0.7266849279403687,9.224725723266602,-2.3561899662017822,2.3561899662017822,0.004363323096185923,0.05999999865889549,10.0,375,0.0
376,1788886622.664785,1788886622.664785,1081,0.7311121225357056,9.204654693603516,-2.3561899662017822,2.3561899662017822,0.004363323096185923,0.05999999865889549,10.0,376,0.0
377,1788886622.7139463,1788886622.7139463,1081,0.7355393171310425,9.184575080871582,-2.3561899662017822,2.3561899662017822,0.004363323096185923,0.05999999865889549,10.0,377,0.0
378,1788886622.7647088,1788886622.7647088,1081,0.7399656772613525,9.164491653442383,-2.3561899662017822,2.3561899662017822,0.004363323096185923,0.05999999865889549,10.0,378,0.0
379,1788886622.814041,1788886622.814041,1081,0.7442986965179443,9.143367767333984,-2.3561899662017822,2.3561899662017822,0.004363323096185923,0.05999999865889549,10.0,379,0.0
380,1788886622.864102,1788886622.864102,1081,0.7485796213150024,9.133935928344727,-2.3561899662017822,2.3561899662017822,0.004363323096185923,0.05999999865889549,10.0,380,0.0
381,1788886622.9138436,1788886622.9138436,1081,0.752849817276001,9.112417221069336,-2.3561899662017822,2.3561899662017822,0.004363323096185923,0.05999999865889549,10.0,381,0.0
382,1788886622.9639192,1788886622.9639192,1081,0.7571101784706116,9.090897560119629,-2.3561899662017822,2.3561899662017822,0.004363323096185923,0.05999999865889549,10.0,382,0.0
383,1788886623.0141006,1788886623.0141006,1081,0.7613617777824402,9.069391250610352,-2.3561899662017822,2.3561899662017822,0.004363323096185923,0.05999999865889549,10.0,383,0.0
384,1788886623.0645056,1788886623.0645056,1081,0.7655667066574097,9.047475814819336,-2.3561899662017822,2.3561899662017822,0.004363323096185923,0.05999999865889549,10.0,384,0.0
385,1788886623.1155496,1788886623.1155496,1081,0.7697436809539795,9.025458335876465,-2.3561899662017822,2.3561899662017822,0.004363323096185923,0.05999999865889549,10.0,385,0.0
386,1788886623.1640303,1788886623.1640303,1081,0.7738708257675171,9.003461837768555,-2.3561899662017822,2.3561899662017822,0.004363323096185923,0.05999999865889549,10.0,386,0.0
387,1788886623.2151148,1788886623.2151148,1081,0.7779824137687683,8.993330001831055,-2.3561899662017822,2.3561899662017822,0.004363323096185923,0.05999999865889549,10.0,387,0.0
388,1788886623.265671,1788886623.265671,1081,0.7820829153060913,8.971294403076172,-2.3561899662017822,2.3561899662017822,0.004363323096185923,0.05999999865889549,10.0,388,0.0
389,1788886623.313765,1788886623.313765,1081,0.7861273288726807,8.948802947998047,-2.3561899662017822,2.3561899662017822,0.004363323096185923,0.05999999865889549,10.0,389,0.0
390,1788886623.3645804,1788886623.3645804,1081,0.7901378273963928,8.926176071166992,-2.3561899662017822,2.3561899662017822,0.004363323096185923,0.05999999865889549,10.0,390,0.0
391,1788886623.414795,1788886623.414795,1081,0.794130802154541,8.90356731414795,-2.3561899662017822,2.3561899662017822,0.004363323096185923,0.05999999865889549,10.0,391,0.0
392,1788886623.4646266,1788886623.4646266,1081,0.798105776309967,8.892718315124512,-2.3561899662017822,2.3561899662017822,0.004363323096185923,0.05999999865889549,10.0,392,0.0
393,1788886623.513716,1788886623.513716,1081,0.8020628094673157,8.870060920715332,-2.3561899662017822,2.3561899662017822,0.004363323096185923,0.05999999865889549,10.0,393,0.0
394,1788886623.5642114,1788886623.5642114,1081,0.8060088753700256,8.847488403320312,-2.3561899662017822,2.3561899662017822,0.004363323096185923,0.05999999865889549,10.0,394,0.0
395,1788886623.6147678,1788886623.6147678,1081,0.809942901134491,8.824946403503418,-2.3561899662017822,2.3561899662017822,0.004363323096185923,0.05999999865889549,10.0,395,0.0
396,1788886623.664777,1788886623.664777,1081,0.8138608932495117,8.814104080200195,-2.3561899662017822,2.3561899662017822,0.004363323096185923,0.05999999865889549,10.0,396,0.0
397,1788886623.714908,1788886623.714908,1081,0.8177614808082581,8.791523933410645,-2.3561899662017822,2.3561899662017822,0.004363323096185923,0.05999999865889549,10.0,397,0.0
398,1788886623.7640755,1788886623.7640755,1081,0.8216444849967957,8.768954277038574,-2.3561899662017822,2.3561899662017822,0.004363323096185923,0.05999999865889549,10.0,398,0.0
399,1788886623.8137922,1788886623.8137922,1081,0.8255050182342529,8.746339797973633,-2.3561899662017822,2.3561899662017822,0.004363323096185923,0.05999999865889549,10.0,399,0.0
400,1788886623.8648756,1788886623.8648756,1081,0.8293473124504089,8.735331535339355,-2.3561899662017822,2.3561899662017822,0.004363323096185923,0.05999999865889549,10.0,400,0.0
401,1788886623.9141817,1788886623.9141817,1081,0.833172082901001,8.712654113769531,-2.3561899662017822,2.3561899662017822,0.004363323096185923,0.05999999865889549,10.0,401,0.0
402,1788886623.964864,1788886623.964864,1081,0.8369796276092529,8.689983367919922,-2.3561899662017822,2.3561899662017822,0.004363323096185923,0.05999999865889549,10.0,402,0.0
403,1788886624.0144928,1788886624.0144928,1081,0.8407680988311768,8.667330741882324,-2.3561899662017822,2.3561899662017822,0.004363323096185923,0.05999999865889549,10.0,403,0.0
404,1788886624.0644937,1788886624.0644937,1081,0.8445538282394409,8.644822120666504,-2.3561899662017822,2.3561899662017822,0.004363323096185923,0.05999999865889549,10.0,404,0.0
405,1788886624.1167681,1788886624.1167681,1081,0.8483282923698425,8.633872032165527,-2.3561899662017822,2.3561899662017822,0.004363323096185923,0.05999999865889549,10.0,405,0.0
406,1788886624.166717,1788886624.166717,1081,0.8520886898040771,8.61137866973877,-2.3561899662017822,2.3561899662017822,0.004363323096185923,0.05999999865889549,10.0,406,0.0
407,1788886624.2147138,1788886624.2147138,1081,0.855832576751709,8.588898658752441,-2.3561899662017822,2.3561899662017822,0.004363323096185923,0.05999999865889549,10.0,407,0.0
408,1788886624.2649024,1788886624.2649024,1081,0.8595591187477112,8.566429138183594,-2.3561899662017822,2.3561899662017822,0.004363323096185923,0.05999999865889549,10.0,408,0.0
409,1788886624.314415,1788886624.314415,1081,0.8632761836051941,8.555459022521973,-2.3561899662017822,2.3561899662017822,0.004363323096185923,0.05999999865889549,10.0,409,0.0
410,1788886624.3643897,1788886624.3643897,1081,0.8669813871383667,8.533029556274414,-2.3561899662017822,2.3561899662017822,0.004363323096185923,0.05999999865889549,10.0,410,0.0
411,1788886624.414698,1788886624.414698,1081,0.8706709742546082,8.510607719421387,-2.3561899662017822,2.3561899662017822,0.004363323096185923,0.05999999865889549,10.0,411,0.0
412,1788886624.4648368,1788886624.4648368,1081,0.8743478059768677,8.488213539123535,-2.3561899662017822,2.3561899662017822,0.004363323096185923,0.05999999865889549,10.0,412,0.0
413,1788886624.514578,1788886624.514578,1081,0.8780071139335632,8.46580982208252,-2.3561899662017822,2.3561899662017822,0.004363323096185923,0.05999999865889549,10.0,413,0.0
414,1788886624.564195,1788886624.564195,1081,0.8816496133804321,8.454742431640625,-2.3561899662017822,2.3561899662017822,0.004363323096185923,0.05999999865889549,10.0,414,0.0
415,1788886624.6139905,1788886624.6139905,1081,0.8852776885032654,8.432310104370117,-2.3561899662017822,2.3561899662017822,0.004363323096185923,0.05999999865889549,10.0,415,0.0
416,1788886624.6638358,1788886624.6638358,1081,0.8888909220695496,8.409896850585938,-2.3561899662017822,2.3561899662017822,0.004363323096185923,0.05999999865889549,10.0,416,0.0
417,1788886624.71383,1788886624.71383,1081,0.8924903869628906,8.387500762939453,-2.3561899662017822,2.3561899662017822,0.004363323096185923,0.05999999865889549,10.0,417,0.0
418,1788886624.7638094,1788886624.7638094,1081,0.896075427532196,8.376383781433105,-2.3561899662017822,2.3561899662017822,0.004363323096185923,0.05999999865889549,10.0,418,0.0
419,1788886624.814053,1788886624.814053,1081,0.8996409177780151,8.353927612304688,-2.3561899662017822,2.3561899662017822,0.004363323096185923,0.05999999865889549,10.0,419,0.0
420,1788886624.8640249,1788886624.8640249,1081,0.9031909108161926,8.331474304199219,-2.3561899662017822,2.3561899662017822,0.004363323096185923,0.05999999865889549,10.0,420,0.0
421,1788886624.9140315,1788886624.9140315,1081,0.9067270159721375,8.309035301208496,-2.3561899662017822,2.3561899662017822,0.004363323096185923,0.05999999865889549,10.0,421,0.0
422,1788886624.9638076,1788886624.9638076,1081,0.9102482199668884,8.297825813293457,-2.3561899662017822,2.3561899662017822,0.004363323096185923,0.05999999865889549,10.0,422,0.0
423,1788886625.0141294,1788886625.0141294,1081,0.9137539863586426,8.27535343170166,-2.3561899662017822,2.3561899662017822,0.004363323096185923,0.05999999865889549,10.0,423,0.0
424,1788886625.0642774,1788886625.0642774,1081,0.9172521829605103,8.252981185913086,-2.3561899662017822,2.3561899662017822,0.004363323096185923,0.05999999865889549,10.0,424,0.0
425,1788886625.115004,1788886625.115004,1081,0.9207354784011841,8.230610847473145,-2.3561899662017822,2.3561899662017822,0.004363323096185923,0.05999999865889549,10.0,425,0.0
426,1788886625.164575,1788886625.164575,1081,0.9242032170295715,8.20825481414795,-2.3561899662017822,2.3561899662017822,0.004363323096185923,0.05999999865889549,10.0,426,0.0
427,1788886625.214979,1788886625.214979,1081,0.9276577234268188,8.197004318237305,-2.3561899662017822,2.3561899662017822,0.004363323096185923,0.05999999865889549,10.0,427,0.0
428,1788886625.2665658,1788886625.2665658,1081,0.9310975074768066,8.174612998962402,-2.3561899662017822,2.3561899662017822,0.004363323096185923,0.05999999865889549,10.0,428,0.0
429,1788886625.315627,1788886625.315627,1081,0.9345005750656128,8.152009010314941,-2.3561899662017822,2.3561899662017822,0.004363323096185923,0.05999999865889549,10.0,429,0.0
430,1788886625.3656077,1788886625.3656077,1081,0.9378734230995178,8.129326820373535,-2.3561899662017822,2.3561899662017822,0.004363323096185923,0.05999999865889549,10.0,430,0.0
431,1788886625.4139864,1788886625.4139864,1081,0.941227912902832,8.117679595947266,-2.3561899662017822,2.3561899662017822,0.004363323096185923,0.05999999865889549,10.0,431,0.0
432,1788886625.4651067,1788886625.4651067,1081,0.9445657730102539,8.094953536987305,-2.3561899662017822,2.3561899662017822,0.004363323096185923,0.05999999865889549,10.0,432,0.0
433,1788886625.5139284,1788886625.5139284,1081,0.9478880167007446,8.072249412536621,-2.3561899662017822,2.3561899662017822,0.004363323096185923,0.05999999865889549,10.0,433,0.0
434,1788886625.5645113,1788886625.5645113,1081,0.9512071013450623,8.060717582702637,-2.3561899662017822,2.3561899662017822,0.004363323096185923,0.05999999865889549,10.0,434,0.0
435,1788886625.6146603,1788886625.6146603,1081,0.9545140862464905,8.038147926330566,-2.3561899662017822,2.3561899662017822,0.004363323096185923,0.05999999865889549,10.0,435,0.0
436,1788886625.6641111,1788886625.6641111,1081,0.9578040838241577,8.015593528747559,-2.3561899662017822,2.3561899662017822,0.004363323096185923,0.05999999865889549,10.0,436,0.0
437,1788886625.7148,1788886625.7148,1081,0.9610776901245117,7.993040084838867,-2.3561899662017822,2.3561899662017822,0.004363323096185923,0.05999999865889549,10.0,437,0.0
438,1788886625.7641494,1788886625.7641494,1081,0.9643365144729614,7.981454849243164,-2.3561899662017822,2.3561899662017822,0.004363323096185923,0.05999999865889549,10.0,438,0.0
439,1788886625.8151648,1788886625.8151648,1081,0.9675853252410889,7.958928108215332,-2.3561899662017822,2.3561899662017822,0.004363323096185923,0.05999999865889549,10.0,439,0.0
440,1788886625.8638363,1788886625.8638363,1081,0.9708229899406433,7.936438083648682,-2.3561899662017822,2.3561899662017822,0.004363323096185923,0.05999999865889549,10.0,440,0.0
441,1788886625.9147809,1788886625.9147809,1081,0.974043071269989,7.913972854614258,-2.3561899662017822,2.3561899662017822,0.004363323096185923,0.05999999865889549,10.0,441,0.0
442,1788886625.9651368,1788886625.9651368,1081,0.9772486090660095,7.902410984039307,-2.3561899662017822,2.3561899662017822,0.004363323096185923,0.05999999865889549,10.0,442,0.0
443,1788886626.0152242,1788886626.0152242,1081,0.9804375171661377,7.8798909187316895,-2.3561899662017822,2.3561899662017822,0.004363323096185923,0.05999999865889549,10.0,443,0.0
444,1788886626.0645866,1788886626.0645866,1081,0.9836180806159973,7.857439041137695,-2.3561899662017822,2.3561899662017822,0.004363323096185923,0.05999999865889549,10.0,444,0.0
445,1788886626.1147733,1788886626.1147733,1081,0.9867876172065735,7.835024833679199,-2.3561899662017822,2.3561899662017822,0.004363323096185923,0.05999999865889549,10.0,445,0.0
446,1788886626.1638908,1788886626.1638908,1081,0.9899423718452454,7.823462963104248,-2.3561899662017822,2.3561899662017822,0.004363323096185923,0.05999999865889549,10.0,446,0.0
447,1788886626.2138562,1788886626.2138562,1081,0.9930812120437622,7.801012992858887,-2.3561899662017822,2.3561899662017822,0.004363323096185923,0.05999999865889549,10.0,447,0.0
448,1788886626.264521,1788886626.264521,1081,0.9962052702903748,7.7785868644714355,-2.3561899662017822,2.3561899662017822,0.004363323096185923,0.05999999865889549,10.0,448,0.0
449,1788886626.3139098,1788886626.3139098,1081,0.9993537068367004,7.756527900695801,-2.3561899662017822,2.3561899662017822,0.004363323096185923,0.05999999865889549,10.0,449,0.0
450,1788886626.3647313,1788886626.3647313,1081,1.0025060176849365,7.745372772216797,-2.3561899662017822,2.3561899662017822,0.004363323096185923,0.05999999865889549,10.0,450,0.0
451,1788886626.4139452,1788886626.4139452,1081,1.0056489706039429,7.723394870758057,-2.3561899662017822,2.3561899662017822,0.004363323096185923,0.05999999865889549,10.0,451,0.0
452,1788886626.4651678,1788886626.4651678,1081,1.0087800025939941,7.701418876647949,-2.3561899662017822,2.3561899662017822,0.004363323096185923,0.05999999865889549,10.0,452,0.0
453,1788886626.51434,1788886626.51434,1081,1.0118980407714844,7.679440021514893,-2.3561899662017822,2.3561899662017822,0.004363323096185923,0.05999999865889549,10.0,453,0.0
454,1788886626.5642126,1788886626.5642126,1081,1.01500403881073,7.657458782196045,-2.3561899662017822,2.3561899662017822,0.004363323096185923,0.05999999865889549,10.0,454,0.0
455,1788886626.613879,1788886626.613879,1081,1.0181000232696533,7.6461992263793945,-2.3561899662017822,2.3561899662017822,0.004363323096185923,0.05999999865889549,10.0,455,0.0
456,1788886626.6647875,1788886626.6647875,1081,1.021185040473938,7.62418794631958,-2.3561899662017822,2.3561899662017822,0.004363323096185923,0.05999999865889549,10.0,456,0.0
457,1788886626.7145534,1788886626.7145534,1081,1.024258017539978,7.602169990539551,-2.3561899662017822,2.3561899662017822,0.004363323096185923,0.05999999865889549,10.0,457,0.0
458,1788886626.7651525,1788886626.7651525,1081,1.0273209810256958,7.580176830291748,-2.3561899662017822,2.3561899662017822,0.004363323096185923,0.05999999865889549,10.0,458,0.0
459,1788886626.8147218,1788886626.8147218,1081,1.0303740501403809,7.568867206573486,-2.3561899662017822,2.3561899662017822,0.004363323096185923,0.05999999865889549,10.0,459,0.0
460,1788886626.864402,1788886626.864402,1081,1.0334160327911377,7.546834945678711,-2.3561899662017822,2.3561899662017822,0.004363323096185923,0.05999999865889549,10.0,460,0.0
461,1788886626.9139347,1788886626.9139347,1081,1.0364450216293335,7.5248122215271,-2.3561899662017822,2.3561899662017822,0.004363323096185923,0.05999999865889549,10.0,461,0.0
462,1788886626.9649513,1788886626.9649513,1081,1.0394599437713623,7.502776145935059,-2.3561899662017822,2.3561899662017822,0.004363323096185923,0.05999999865889549,10.0,462,0.0
463,1788886627.0139697,1788886627.0139697,1081,1.0424660444259644,7.480762004852295,-2.3561899662017822,2.3561899662017822,0.004363323096185923,0.05999999865889549,10.0,463,0.0
464,1788886627.0645454,1788886627.0645454,1081,1.0454740524291992,7.469482898712158,-2.3561899662017822,2.3561899662017822,0.004363323096185923,0.05999999865889549,10.0,464,0.0
465,1788886627.116976,1788886627.116976,1081,1.0484780073165894,7.447600841522217,-2.3561899662017822,2.3561899662017822,0.004363323096185923,0.05999999865889549,10.0,465,0.0
466,1788886627.165688,1788886627.165688,1081,1.0514730215072632,7.425726890563965,-2.3561899662017822,2.3561899662017822,0.004363323096185923,0.05999999865889549,10.0,466,0.0
467,1788886627.2141538,1788886627.2141538,1081,1.0544569492340088,7.40384578704834,-2.3561899662017822,2.3561899662017822,0.004363323096185923,0.05999999865889549,10.0,467,0.0
468,1788886627.2644231,1788886627.2644231,1081,1.057433009147644,7.392567157745361,-2.3561899662017822,2.3561899662017822,0.004363323096185923,0.05999999865889549,10.0,468,0.0
469,1788886627.3137975,1788886627.3137975,1081,1.0603920221328735,7.370604991912842,-2.3561899662017822,2.3561899662017822,0.004363323096185923,0.05999999865889549,10.0,469,0.0
470,1788886627.3638394,1788886627.3638394,1081,1.0633360147476196,7.3486328125,-2.3561899662017822,2.3561899662017822,0.004363323096185923,0.05999999865889549,10.0,470,0.0
471,1788886627.414703,1788886627.414703,1081,1.0662709474563599,7.326666831970215,-2.3561899662017822,2.3561899662017822,0.004363323096185923,0.05999999865889549,10.0,471,0.0
472,1788886627.4653137,1788886627.4653137,1081,1.069193959236145,7.315244197845459,-2.3561899662017822,2.3561899662017822,0.004363323096185923,0.05999999865889549,10.0,472,0.0
473,1788886627.514543,1788886627.514543,1081,1.0721080303192139,7.293231010437012,-2.3561899662017822,2.3561899662017822,0.004363323096185923,0.05999999865889549,10.0,473,0.0
474,1788886627.5639927,1788886627.5639927,1081,1.075016975402832,7.271288871765137,-2.3561899662017822,2.3561899662017822,0.004363323096185923,0.05999999865889549,10.0,474,0.0
475,1788886627.6150086,1788886627.6150086,1081,1.0779190063476562,7.249369144439697,-2.3561899662017822,2.3561899662017822,0.004363323096185923,0.05999999865889549,10.0,475,0.0
476,1788886627.6637459,1788886627.6637459,1081,1.0808119773864746,7.2274580001831055,-2.3561899662017822,2.3561899662017822,0.004363323096185923,0.05999999865889549,10.0,476,0.0
477,1788886627.7146366,1788886627.7146366,1081,1.0836960077285767,7.216032028198242,-2.3561899662017822,2.3561899662017822,0.004363323096185923,0.05999999865889549,10.0,477,0.0
478,1788886627.7640195,1788886627.7640195,1081,1.0865689516067505,7.194097995758057,-2.3561899662017822,2.3561899662017822,0.004363323096185923,0.05999999865889549,10.0,478,0.0
479,1788886627.8143437,1788886627.8143437,1081,1.0894379615783691,7.17222785949707,-2.3561899662017822,2.3561899662017822,0.004363323096185923,0.05999999865889549,10.0,479,0.0
480,1788886627.8638349,1788886627.8638349,1081,1.0923000574111938,7.150382995605469,-2.3561899662017822,2.3561899662017822,0.004363323096185923,0.05999999865889549,10.0,480,0.0
481,1788886627.9143815,1788886627.9143815,1081,1.0951550006866455,7.1389899253845215,-2.3561899662017822,2.3561899662017822,0.004363323096185923,0.05999999865889549,10.0,481,0.0
482,1788886627.9650562,1788886627.9650562,1081,1.0935410261154175,7.117114067077637,-2.3561899662017822,2.3561899662017822,0.004363323096185923,0.05999999865889549,10.0,482,0.0
483,1788886628.01447,1788886628.01447,1081,1.0903650522232056,7.095252990722656,-2.3561899662017822,2.3561899662017822,0.004363323096185923,0.05999999865889549,10.0,483,0.0
484,1788886628.0639493,1788886628.0639493,1081,1.0872050523757935,7.073318004608154,-2.3561899662017822,2.3561899662017822,0.004363323096185923,0.05999999865889549,10.0,484,0.0
485,1788886628.1144068,1788886628.1144068,1081,1.0840590000152588,7.061773777008057,-2.3561899662017822,2.3561899662017822,0.004363323096185923,0.05999999865889549,10.0,485,0.0
486,1788886628.1644723,1788886628.1644723,1081,1.0809229612350464,7.039779186248779,-2.3561899662017822,2.3561899662017822,0.004363323096185923,0.05999999865889549,10.0,486,0.0
487,1788886628.2149467,1788886628.2149467,1081,1.077793002128601,7.017790794372559,-2.3561899662017822,2.3561899662017822,0.004363323096185923,0.05999999865889549,10.0,487,0.0
488,1788886628.2637165,1788886628.2637165,1081,1.0746749639511108,6.995816230773926,-2.3561899662017822,2.3561899662017822,0.004363323096185923,0.05999999865889549,10.0,488,0.0
489,1788886628.3144114,1788886628.3144114,1081,1.071560025215149,6.984292030334473,-2.3561899662017822,2.3561899662017822,0.004363323096185923,0.05999999865889549,10.0,489,0.0
490,1788886628.3637545,1788886628.3637545,1081,1.068452000617981,6.962367057800293,-2.3561899662017822,2.3561899662017822,0.004363323096185923,0.05999999865889549,10.0,490,0.0
491,1788886628.414321,1788886628.414321,1081,1.065351963043213,6.940449237823486,-2.3561899662017822,2.3561899662017822,0.004363323096185923,0.05999999865889549,10.0,491,0.0
492,1788886628.465061,1788886628.465061,1081,1.062263011932373,6.918533802032471,-2.3561899662017822,2.3561899662017822,0.004363323096185923,0.05999999865889549,10.0,492,0.0
493,1788886628.5158527,1788886628.5158527,1081,1.059182047843933,6.906983852386475,-2.3561899662017822,2.3561899662017822,0.004363323096185923,0.05999999865889549,10.0,493,0.0
494,1788886628.5644329,1788886628.5644329,1081,1.0561050176620483,6.885095119476318,-2.3561899662017822,2.3561899662017822,0.004363323096185923,0.05999999865889549,10.0,494,0.0
495,1788886628.6149156,1788886628.6149156,1081,1.0530339479446411,6.8632378578186035,-2.3561899662017822,2.3561899662017822,0.004363323096185923,0.05999999865889549,10.0,495,0.0
496,1788886628.6639743,1788886628.6639743,1081,1.0499709844589233,6.851746082305908,-2.3561899662017822,2.3561899662017822,0.004363323096185923,0.05999999865889549,10.0,496,0.0
497,1788886628.7149446,1788886628.7149446,1081,1.0469169616699219,6.829830169677734,-2.3561899662017822,2.3561899662017822,0.004363323096185923,0.05999999865889549,10.0,497,0.0
498,1788886628.765762,1788886628.765762,1081,1.0438710451126099,6.807921886444092,-2.3561899662017822,2.3561899662017822,0.004363323096185923,0.05999999865889549,10.0,498,0.0
499,1788886628.8148742,1788886628.8148742,1081,1.040827989578247,6.786083221435547,-2.3561899662017822,2.3561899662017822,0.004363323096185923,0.05999999865889549,10.0,499,0.0
500,1788886628.8640385,1788886628.8640385,1081,1.0377899408340454,6.774600982666016,-2.3561899662017822,2.3561899662017822,0.004363323096185923,0.05999999865889549,10.0,500,0.0
501,1788886628.9140165,1788886628.9140165,1081,1.0317389965057373,6.730884075164795,-2.3561899662017822,2.3561899662017822,0.004363323096185923,0.05999999865889549,10.0,501,0.0
502,1788886629.014762,1788886629.014762,1081,1.0287259817123413,6.7090349197387695,-2.3561899662017822,2.3561899662017822,0.004363323096185923,0.05999999865889549,10.0,502,0.0
503,1788886629.0638149,1788886629.0638149,1081,1.0257149934768677,6.6975579261779785,-2.3561899662017822,2.3561899662017822,0.004363323096185923,0.05999999865889549,10.0,503,0.0
504,1788886629.114458,1788886629.114458,1081,1.0227080583572388,6.675751209259033,-2.3561899662017822,2.3561899662017822,0.004363323096185923,0.05999999865889549,10.0,504,0.0
505,1788886629.1638708,1788886629.1638708,1081,1.0197089910507202,6.653950214385986,-2.3561899662017822,2.3561899662017822,0.004363323096185923,0.05999999865889549,10.0,505,0.0
506,1788886629.2147245,1788886629.2147245,1081,1.0167169570922852,6.632156848907471,-2.3561899662017822,2.3561899662017822,0.004363323096185923,0.05999999865889549,10.0,506,0.0
507,1788886629.263893,1788886629.263893,1081,1.0137310028076172,6.620655059814453,-2.3561899662017822,2.3561899662017822,0.004363323096185923,0.05999999865889549,10.0,507,0.0
508,1788886629.3145726,1788886629.3145726,1081,1.010746955871582,6.598886966705322,-2.3561899662017822,2.3561899662017822,0.004363323096185923,0.05999999865889549,10.0,508,0.0
509,1788886629.3646977,1788886629.3646977,1081,1.0077660083770752,6.577144145965576,-2.3561899662017822,2.3561899662017822,0.004363323096185923,0.05999999865889549,10.0,509,0.0
510,1788886629.414859,1788886629.414859,1081,1.0047919750213623,6.555409908294678,-2.3561899662017822,2.3561899662017822,0.004363323096185923,0.05999999865889549,10.0,510,0.0
511,1788886629.4650857,1788886629.4650857,1081,1.0018260478973389,6.543932914733887,-2.3561899662017822,2.3561899662017822,0.004363323096185923,0.05999999865889549,10.0,511,0.0
512,1788886629.514461,1788886629.514461,1081,0.9988684058189392,6.522140979766846,-2.3561899662017822,2.3561899662017822,0.004363323096185923,0.05999999865889549,10.0,512,0.0
513,1788886629.5637646,1788886629.5637646,1081,0.9959229230880737,6.500302791595459,-2.3561899662017822,2.3561899662017822,0.004363323096185923,0.05999999865889549,10.0,513,0.0
514,1788886629.6149452,1788886629.6149452,1081,0.9929875731468201,6.488731861114502,-2.3561899662017822,2.3561899662017822,0.004363323096185923,0.05999999865889549,10.0,514,0.0
515,1788886629.6640315,1788886629.6640315,1081,0.9900596737861633,6.466841220855713,-2.3561899662017822,2.3561899662017822,0.004363323096185923,0.05999999865889549,10.0,515,0.0
516,1788886629.7149787,1788886629.7149787,1081,0.9871388077735901,6.444952964782715,-2.3561899662017822,2.3561899662017822,0.004363323096185923,0.05999999865889549,10.0,516,0.0
517,1788886629.763791,1788886629.763791,1081,0.9842259883880615,6.423073768615723,-2.3561899662017822,2.3561899662017822,0.004363323096185923,0.05999999865889549,10.0,517,0.0
518,1788886629.814478,1788886629.814478,1081,0.9813060760498047,6.411571979522705,-2.3561899662017822,2.3561899662017822,0.004363323096185923,0.05999999865889549,10.0,518,0.0
519,1788886629.8650725,1788886629.8650725,1081,0.9783880710601807,6.389801979064941,-2.3561899662017822,2.3561899662017822,0.004363323096185923,0.05999999865889549,10.0,519,0.0
520,1788886629.9137533,1788886629.9137533,1081,0.9754757881164551,6.3680419921875,-2.3561899662017822,2.3561899662017822,0.004363323096185923,0.05999999865889549,10.0,520,0.0
521,1788886629.9646115,1788886629.9646115,1081,0.9725701808929443,6.356544017791748,-2.3561899662017822,2.3561899662017822,0.004363323096185923,0.05999999865889549,10.0,521,0.0
522,1788886630.0139215,1788886630.0139215,1081,0.9696704745292664,6.334751129150391,-2.3561899662017822,2.3561899662017822,0.004363323096185923,0.05999999865889549,10.0,522,0.0
523,1788886630.064763,1788886630.064763,1081,0.9667701721191406,6.313024044036865,-2.3561899662017822,2.3561899662017822,0.004363323096185923,0.05999999865889549,10.0,523,0.0
524,1788886630.113855,1788886630.113855,1081,0.9638736248016357,6.3016037940979,-2.3561899662017822,2.3561899662017822,0.004363323096185923,0.05999999865889549,10.0,524,0.0
525,1788886630.164625,1788886630.164625,1081,0.960982084274292,6.279861927032471,-2.3561899662017822,2.3561899662017822,0.004363323096185923,0.05999999865889549,10.0,525,0.0
526,1788886630.2149043,1788886630.2149043,1081,0.9580960273742676,6.258120059967041,-2.3561899662017822,2.3561899662017822,0.004363323096185923,0.05999999865889549,10.0,526,0.0
527,1788886630.263849,1788886630.263849,1081,0.9552156925201416,6.236382961273193,-2.3561899662017822,2.3561899662017822,0.004363323096185923,0.05999999865889549,10.0,527,0.0
528,1788886630.3139026,1788886630.3139026,1081,0.9523407220840454,6.224922180175781,-2.3561899662017822,2.3561899662017822,0.004363323096185923,0.05999999865889549,10.0,528,0.0
529,1788886630.3647826,1788886630.3647826,1081,0.9494717121124268,6.203147888183594,-2.3561899662017822,2.3561899662017822,0.004363323096185923,0.05999999865889549,10.0,529,0.0
530,1788886630.4145715,1788886630.4145715,1081,0.9466074705123901,6.181386947631836,-2.3561899662017822,2.3561899662017822,0.004363323096185923,0.05999999865889549,10.0,530,0.0
531,1788886630.464705,1788886630.464705,1081,0.9437500834465027,6.1699042320251465,-2.3561899662017822,2.3561899662017822,0.004363323096185923,0.05999999865889549,10.0,531,0.0
532,1788886630.5145776,1788886630.5145776,1081,0.9408987164497375,6.14808988571167,-2.3561899662017822,2.3561899662017822,0.004363323096185923,0.05999999865889549,10.0,532,0.0
533,1788886630.5638673,1788886630.5638673,1081,0.9380468726158142,6.126321792602539,-2.3561899662017822,2.3561899662017822,0.004363323096185923,0.05999999865889549,10.0,533,0.0
534,1788886630.615615,1788886630.615615,1081,0.9351962208747864,6.114883899688721,-2.3561899662017822,2.3561899662017822,0.004363323096185923,0.05999999865889549,10.0,534,0.0
535,1788886630.6638372,1788886630.6638372,1081,0.9323505163192749,6.0931010246276855,-2.3561899662017822,2.3561899662017822,0.004363323096185923,0.05999999865889549,10.0,535,0.0
536,1788886630.7148187,1788886630.7148187,1081,0.929509699344635,6.071324825286865,-2.3561899662017822,2.3561899662017822,0.004363323096185923,0.05999999865889549,10.0,536,0.0
537,1788886630.76387,1788886630.76387,1081,0.9266738891601562,6.059875011444092,-2.3561899662017822,2.3561899662017822,0.004363323096185923,0.05999999865889549,10.0,537,0.0
538,1788886630.8143787,1788886630.8143787,1081,0.9237986207008362,6.03847599029541,-2.3561899662017822,2.3561899662017822,0.004363323096185923,0.05999999865889549,10.0,538,0.0
539,1788886630.8689446,1788886630.8689446,1081,0.9209051728248596,6.017210960388184,-2.3561899662017822,2.3561899662017822,0.004363323096185923,0.05999999865889549,10.0,539,0.0
540,1788886630.9167366,1788886630.9167366,1081,0.9180129170417786,5.995951175689697,-2.3561899662017822,2.3561899662017822,0.004363323096185923,0.05999999865889549,10.0,540,0.0
541,1788886630.9643204,1788886630.9643204,1081,0.9151195287704468,5.985013008117676,-2.3561899662017822,2.3561899662017822,0.004363323096185923,0.05999999865889549,10.0,541,0.0
542,1788886631.014022,1788886631.014022,1081,0.9122291207313538,5.96370792388916,-2.3561899662017822,2.3561899662017822,0.004363323096185923,0.05999999865889549,10.0,542,0.0
543,1788886631.064076,1788886631.064076,1081,0.9093382954597473,5.942403793334961,-2.3561899662017822,2.3561899662017822,0.004363323096185923,0.05999999865889549,10.0,543,0.0
544,1788886631.1145062,1788886631.1145062,1081,0.9064480066299438,5.931466102600098,-2.3561899662017822,2.3561899662017822,0.004363323096185923,0.05999999865889549,10.0,544,0.0
545,1788886631.1637633,1788886631.1637633,1081,0.9035590887069702,5.910123825073242,-2.3561899662017822,2.3561899662017822,0.004363323096185923,0.05999999865889549,10.0,545,0.0
546,1788886631.2149343,1788886631.2149343,1081,0.9006701111793518,5.888791084289551,-2.3561899662017822,2.3561899662017822,0.004363323096185923,0.05999999865889549,10.0,546,0.0
547,1788886631.2637734,1788886631.2637734,1081,0.8977832198143005,5.877820014953613,-2.3561899662017822,2.3561899662017822,0.004363323096185923,0.05999999865889549,10.0,547,0.0
548,1788886631.3144054,1788886631.3144054,1081,0.8948901295661926,5.85649299621582,-2.3561899662017822,2.3561899662017822,0.004363323096185923,0.05999999865889549,10.0,548,0.0
549,1788886631.364027,1788886631.364027,1081,0.8919944763183594,5.835186004638672,-2.3561899662017822,2.3561899662017822,0.004363323096185923,0.05999999865889549,10.0,549,0.0
550,1788886631.4146802,1788886631.4146802,1081,0.8890979290008545,5.813899993896484,-2.3561899662017822,2.3561899662017822,0.004363323096185923,0.05999999865889549,10.0,550,0.0
551,1788886631.4652116,1788886631.4652116,1081,0.8862016201019287,5.802982807159424,-2.3561899662017822,2.3561899662017822,0.004363323096185923,0.05999999865889549,10.0,551,0.0
552,1788886631.5141327,1788886631.5141327,1081,0.8833053112030029,5.781641960144043,-2.3561899662017822,2.3561899662017822,0.004363323096185923,0.05999999865889549,10.0,552,0.0
553,1788886631.56413,1788886631.56413,1081,0.8803789019584656,5.760581970214844,-2.3561899662017822,2.3561899662017822,0.004363323096185923,0.05999999865889549,10.0,553,0.0
554,1788886631.613989,1788886631.613989,1081,0.8774359822273254,5.750038146972656,-2.3561899662017822,2.3561899662017822,0.004363323096185923,0.05999999865889549,10.0,554,0.0
555,1788886631.6639168,1788886631.6639168,1081,0.8744906187057495,5.729025840759277,-2.3561899662017822,2.3561899662017822,0.004363323096185923,0.05999999865889549,10.0,555,0.0
556,1788886631.7138896,1788886631.7138896,1081,0.8715416193008423,5.708012104034424,-2.3561899662017822,2.3561899662017822,0.004363323096185923,0.05999999865889549,10.0,556,0.0
557,1788886631.7637918,1788886631.7637918,1081,0.8685907125473022,5.697466850280762,-2.3561899662017822,2.3561899662017822,0.004363323096185923,0.05999999865889549,10.0,557,0.0
558,1788886631.814303,1788886631.814303,1081,0.8656609058380127,5.676184177398682,-2.3561899662017822,2.3561899662017822,0.004363323096185923,0.05999999865889549,10.0,558,0.0
559,1788886631.8642228,1788886631.8642228,1081,0.8627405166625977,5.654837131500244,-2.3561899662017822,2.3561899662017822,0.004363323096185923,0.05999999865889549,10.0,559,0.0
560,1788886631.9146097,1788886631.9146097,1081,0.8598197102546692,5.643986225128174,-2.3561899662017822,2.3561899662017822,0.004363323096185923,0.05999999865889549,10.0,560,0.0
561,1788886631.9649515,1788886631.9649515,1081,0.85689777135849,5.6225972175598145,-2.3561899662017822,2.3561899662017822,0.004363323096185923,0.05999999865889549,10.0,561,0.0
562,1788886632.0137596,1788886632.0137596,1081,0.8539760112762451,5.601202011108398,-2.3561899662017822,2.3561899662017822,0.004363323096185923,0.05999999865889549,10.0,562,0.0
563,1788886632.064527,1788886632.064527,1081,0.8510404229164124,5.5904622077941895,-2.3561899662017822,2.3561899662017822,0.004363323096185923,0.05999999865889549,10.0,563,0.0
564,1788886632.1147401,1788886632.1147401,1081,0.8480976223945618,5.56918478012085,-2.3561899662017822,2.3561899662017822,0.004363323096185923,0.05999999865889549,10.0,564,0.0
565,1788886632.1643279,1788886632.1643279,1081,0.8451539278030396,5.547904014587402,-2.3561899662017822,2.3561899662017822,0.004363323096185923,0.05999999865889549,10.0,565,0.0
566,1788886632.213763,1788886632.213763,1081,0.8422083854675293,5.537178993225098,-2.3561899662017822,2.3561899662017822,0.004363323096185923,0.05999999865889549,10.0,566,0.0
567,1788886632.2638173,1788886632.2638173,1081,0.8392605781555176,5.515860080718994,-2.3561899662017822,2.3561899662017822,0.004363323096185923,0.05999999865889549,10.0,567,0.0
568,1788886632.3140376,1788886632.3140376,1081,0.8363112211227417,5.502064228057861,-2.3561899662017822,2.3561899662017822,0.004363323096185923,0.05999999865889549,10.0,568,0.0
569,1788886632.3640037,1788886632.3640037,1081,0.8333591222763062,5.4828619956970215,-2.3561899662017822,2.3561899662017822,0.004363323096185923,0.05999999865889549,10.0,569,0.0
570,1788886632.414778,1788886632.414778,1081,0.8304054737091064,5.462450981140137,-2.3561899662017822,2.3561899662017822,0.004363323096185923,0.05999999865889549,10.0,570,0.0
571,1788886632.4645689,1788886632.4645689,1081,0.8274499773979187,5.4424519538879395,-2.3561899662017822,2.3561899662017822,0.004363323096185923,0.05999999865889549,10.0,571,0.0
572,1788886632.5139754,1788886632.5139754,1081,0.8244928121566772,5.42326021194458,-2.3561899662017822,2.3561899662017822,0.004363323096185923,0.05999999865889549,10.0,572,0.0
573,1788886632.564456,1788886632.564456,1081,0.8215268850326538,5.404049873352051,-2.3561899662017822,2.3561899662017822,0.004363323096185923,0.05999999865889549,10.0,573,0.0
574,1788886632.6147547,1788886632.6147547,1081,0.8185570240020752,5.3848419189453125,-2.3561899662017822,2.3561899662017822,0.004363323096185923,0.05999999865889549,10.0,574,0.0
575,1788886632.664761,1788886632.664761,1081,0.8155843019485474,5.365633010864258,-2.3561899662017822,2.3561899662017822,0.004363323096185923,0.05999999865889549,10.0,575,0.0
576,1788886632.7140038,1788886632.7140038,1081,0.8126103281974792,5.3449530601501465,-2.3561899662017822,2.3561899662017822,0.004363323096185923,0.05999999865889549,10.0,576,0.0
577,1788886632.763801,1788886632.763801,1081,0.8096330165863037,5.325362205505371,-2.3561899662017822,2.3561899662017822,0.004363323096185923,0.05999999865889549,10.0,577,0.0
578,1788886632.8146036,1788886632.8146036,1081,0.8066086173057556,5.306067943572998,-2.3561899662017822,2.3561899662017822,0.004363323096185923,0.05999999865889549,10.0,578,0.0
579,1788886632.8641632,1788886632.8641632,1081,0.8035581707954407,5.286767959594727,-2.3561899662017822,2.3561899662017822,0.004363323096185923,0.05999999865889549,10.0,579,0.0
580,1788886632.9142802,1788886632.9142802,1081,0.8005021810531616,5.2674641609191895,-2.3561899662017822,2.3561899662017822,0.004363323096185923,0.05999999865889549,10.0,580,0.0
581,1788886632.9642317,1788886632.9642317,1081,0.79743891954422,5.248157978057861,-2.3561899662017822,2.3561899662017822,0.004363323096185923,0.05999999865889549,10.0,581,0.0
582,1788886633.0143318,1788886633.0143318,1081,0.7941290736198425,5.228854179382324,-2.3561899662017822,2.3561899662017822,0.004363323096185923,0.05999999865889549,10.0,582,0.0
583,1788886633.0643618,1788886633.0643618,1081,0.790135383605957,5.209066867828369,-2.3561899662017822,2.3561899662017822,0.004363323096185923,0.05999999865889549,10.0,583,0.0
584,1788886633.1148996,1788886633.1148996,1081,0.7861323952674866,5.188566207885742,-2.3561899662017822,2.3561899662017822,0.004363323096185923,0.05999999865889549,10.0,584,0.0
585,1788886633.1641722,1788886633.1641722,1081,0.7821211814880371,5.169250965118408,-2.3561899662017822,2.3561899662017822,0.004363323096185923,0.05999999865889549,10.0,585,0.0
586,1788886633.21385,1788886633.21385,1081,0.7781035900115967,5.149939060211182,-2.3561899662017822,2.3561899662017822,0.004363323096185923,0.05999999865889549,10.0,586,0.0
587,1788886633.2638903,1788886633.2638903,1081,0.7740790247917175,5.130621910095215,-2.3561899662017822,2.3561899662017822,0.004363323096185923,0.05999999865889549,10.0,587,0.0
588,1788886633.314102,1788886633.314102,1081,0.7700086236000061,5.111237049102783,-2.3561899662017822,2.3561899662017822,0.004363323096185923,0.05999999865889549,10.0,588,0.0
589,1788886633.3642664,1788886633.3642664,1081,0.7659139037132263,5.0918498039245605,-2.3561899662017822,2.3561899662017822,0.004363323096185923,0.05999999865889549,10.0,589,0.0
590,1788886633.4146852,1788886633.4146852,1081,0.7618085145950317,5.072461128234863,-2.3561899662017822,2.3561899662017822,0.004363323096185923,0.05999999865889549,10.0,590,0.0
591,1788886633.464769,1788886633.464769,1081,0.7576901912689209,5.053068161010742,-2.3561899662017822,2.3561899662017822,0.004363323096185923,0.05999999865889549,10.0,591,0.0
592,1788886633.5138931,1788886633.5138931,1081,0.7535613775253296,5.0336737632751465,-2.3561899662017822,2.3561899662017822,0.004363323096185923,0.05999999865889549,10.0,592,0.0
593,1788886633.5644224,1788886633.5644224,1081,0.7494155764579773,5.013812065124512,-2.3561899662017822,2.3561899662017822,0.004363323096185923,0.05999999865889549,10.0,593,0.0
594,1788886633.6140907,1788886633.6140907,1081,0.7452558279037476,4.993477821350098,-2.3561899662017822,2.3561899662017822,0.004363323096185923,0.05999999865889549,10.0,594,0.0
595,1788886633.6643417,1788886633.6643417,1081,0.7410848140716553,4.974079132080078,-2.3561899662017822,2.3561899662017822,0.004363323096185923,0.05999999865889549,10.0,595,0.0
596,1788886633.7143462,1788886633.7143462,1081,0.736902117729187,4.954677104949951,-2.3561899662017822,2.3561899662017822,0.004363323096185923,0.05999999865889549,10.0,596,0.0
597,1788886633.7640011,1788886633.7640011,1081,0.7327086925506592,4.935275077819824,-2.3561899662017822,2.3561899662017822,0.004363323096185923,0.05999999865889549,10.0,597,0.0
598,1788886633.814705,1788886633.814705,1081,0.7284665107727051,4.915831089019775,-2.3561899662017822,2.3561899662017822,0.004363323096185923,0.05999999865889549,10.0,598,0.0
599,1788886633.864085,1788886633.864085,1081,0.7241923809051514,4.896367073059082,-2.3561899662017822,2.3561899662017822,0.004363323096185923,0.05999999865889549,10.0,599,0.0
600,1788886633.9139216,1788886633.9139216,1081,0.7199031114578247,4.8769001960754395,-2.3561899662017822,2.3561899662017822,0.004363323096185923,0.05999999865889549,10.0,600,0.0
601,1788886633.9638076,1788886633.9638076,1081,0.7155994176864624,4.8574299812316895,-2.3561899662017822,2.3561899662017822,0.004363323096185923,0.05999999865889549,10.0,601,0.0
602,1788886634.0147398,1788886634.0147398,1081,0.7112820148468018,4.837957859039307,-2.3561899662017822,2.3561899662017822,0.004363323096185923,0.05999999865889549,10.0,602,0.0
603,1788886634.0638115,1788886634.0638115,1081,0.7069550156593323,4.818512916564941,-2.3561899662017822,2.3561899662017822,0.004363323096185923,0.05999999865889549,10.0,603,0.0
604,1788886634.1147335,1788886634.1147335,1081,0.7026147842407227,4.79906702041626,-2.3561899662017822,2.3561899662017822,0.004363323096185923,0.05999999865889549,10.0,604,0.0
605,1788886634.1638253,1788886634.1638253,1081,0.698260486125946,4.779620170593262,-2.3561899662017822,2.3561899662017822,0.004363323096185923,0.05999999865889549,10.0,605,0.0
606,1788886634.2146869,1788886634.2146869,1081,0.6938924193382263,4.760169982910156,-2.3561899662017822,2.3561899662017822,0.004363323096185923,0.05999999865889549,10.0,606,0.0
607,1788886634.263881,1788886634.263881,1081,0.6895096898078918,4.740715026855469,-2.3561899662017822,2.3561899662017822,0.004363323096185923,0.05999999865889549,10.0,607,0.0
608,1788886634.3145857,1788886634.3145857,1081,0.6850749254226685,4.721219062805176,-2.3561899662017822,2.3561899662017822,0.004363323096185923,0.05999999865889549,10.0,608,0.0
609,1788886634.3645747,1788886634.3645747,1081,0.6806076169013977,4.7017130851745605,-2.3561899662017822,2.3561899662017822,0.004363323096185923,0.05999999865889549,10.0,609,0.0
610,1788886634.4147532,1788886634.4147532,1081,0.6761205196380615,4.682201862335205,-2.3561899662017822,2.3561899662017822,0.004363323096185923,0.05999999865889549,10.0,610,0.0
611,1788886634.464225,1788886634.464225,1081,0.6716157793998718,4.662689208984375,-2.3561899662017822,2.3561899662017822,0.004363323096185923,0.05999999865889549,10.0,611,0.0
612,1788886634.5142221,1788886634.5142221,1081,0.6670939922332764,4.643189907073975,-2.3561899662017822,2.3561899662017822,0.004363323096185923,0.05999999865889549,10.0,612,0.0
613,1788886634.5639753,1788886634.5639753,1081,0.6625723838806152,4.623712062835693,-2.3561899662017822,2.3561899662017822,0.004363323096185923,0.05999999865889549,10.0,613,0.0
614,1788886634.6140208,1788886634.6140208,1081,0.658042311668396,4.603786945343018,-2.3561899662017822,2.3561899662017822,0.004363323096185923,0.05999999865889549,10.0,614,0.0
615,1788886634.6646788,1788886634.6646788,1081,0.653494119644165,4.58391809463501,-2.3561899662017822,2.3561899662017822,0.004363323096185923,0.05999999865889549,10.0,615,0.0
616,1788886634.7148142,1788886634.7148142,1081,0.6489294767379761,4.564455986022949,-2.3561899662017822,2.3561899662017822,0.004363323096185923,0.05999999865889549,10.0,616,0.0
617,1788886634.7638042,1788886634.7638042,1081,0.6443486213684082,4.545285224914551,-2.3561899662017822,2.3561899662017822,0.004363323096185923,0.05999999865889549,10.0,617,0.0
618,1788886634.8145554,1788886634.8145554,1081,0.6397460103034973,4.526970863342285,-2.3561899662017822,2.3561899662017822,0.004363323096185923,0.05999999865889549,10.0,618,0.0
619,1788886634.86377,1788886634.86377,1081,0.635124683380127,4.507810115814209,-2.3561899662017822,2.3561899662017822,0.004363323096185923,0.05999999865889549,10.0,619,0.0
620,1788886634.9138436,1788886634.9138436,1081,0.6304842233657837,4.489607810974121,-2.3561899662017822,2.3561899662017822,0.004363323096185923,0.05999999865889549,10.0,620,0.0
621,1788886634.9649248,1788886634.9649248,1081,0.6258270740509033,4.471510887145996,-2.3561899662017822,2.3561899662017822,0.004363323096185923,0.05999999865889549,10.0,621,0.0
622,1788886635.0139349,1788886635.0139349,1081,0.6211537718772888,4.453516960144043,-2.3561899662017822,2.3561899662017822,0.004363323096185923,0.05999999865889549,10.0,622,0.0
623,1788886635.0646796,1788886635.0646796,1081,0.6164082884788513,4.43444299697876,-2.3561899662017822,2.3561899662017822,0.004363323096185923,0.05999999865889549,10.0,623,0.0
624,1788886635.1141026,1788886635.1141026,1081,0.6116176247596741,4.416648864746094,-2.3561899662017822,2.3561899662017822,0.004363323096185923,0.05999999865889549,10.0,624,0.0
625,1788886635.1643147,1788886635.1643147,1081,0.6068049073219299,4.398962020874023,-2.3561899662017822,2.3561899662017822,0.004363323096185923,0.05999999865889549,10.0,625,0.0
626,1788886635.2145126,1788886635.2145126,1081,0.6019704937934875,4.381387233734131,-2.3561899662017822,2.3561899662017822,0.004363323096185923,0.05999999865889549,10.0,626,0.0
627,1788886635.2648156,1788886635.2648156,1081,0.597244381904602,4.36285400390625,-2.3561899662017822,2.3561899662017822,0.004363323096185923,0.05999999865889549,10.0,627,0.0
628,1788886635.3138325,1788886635.3138325,1081,0.5926443934440613,4.346522808074951,-2.3561899662017822,2.3561899662017822,0.004363323096185923,0.05999999865889549,10.0,628,0.0
629,1788886635.3643978,1788886635.3643978,1081,0.5879892110824585,4.330447196960449,-2.3561899662017822,2.3561899662017822,0.004363323096185923,0.05999999865889549,10.0,629,0.0
630,1788886635.4141903,1788886635.4141903,1081,0.5832921862602234,4.314496994018555,-2.3561899662017822,2.3561899662017822,0.004363323096185923,0.05999999865889549,10.0,630,0.0
631,1788886635.4641247,1788886635.4641247,1081,0.5785682201385498,4.296796798706055,-2.3561899662017822,2.3561899662017822,0.004363323096185923,0.05999999865889549,10.0,631,0.0
632,1788886635.5139866,1788886635.5139866,1081,0.5738186836242676,4.279088020324707,-2.3561899662017822,2.3561899662017822,0.004363323096185923,0.05999999865889549,10.0,632,0.0
633,1788886635.5646656,1788886635.5646656,1081,0.5690457820892334,4.261369228363037,-2.3561899662017822,2.3561899662017822,0.004363323096185923,0.05999999865889549,10.0,633,0.0
634,1788886635.614507,1788886635.614507,1081,0.5642306208610535,4.243666172027588,-2.3561899662017822,2.3561899662017822,0.004363323096185923,0.05999999865889549,10.0,634,0.0
635,1788886635.6639657,1788886635.6639657,1081,0.5593801736831665,4.225954055786133,-2.3561899662017822,2.3561899662017822,0.004363323096185923,0.05999999865889549,10.0,635,0.0
636,1788886635.7146308,1788886635.7146308,1081,0.5545048117637634,4.208234786987305,-2.3561899662017822,2.3561899662017822,0.004363323096185923,0.05999999865889549,10.0,636,0.0
637,1788886635.7638776,1788886635.7638776,1081,0.5496037006378174,4.190508842468262,-2.3561899662017822,2.3561899662017822,0.004363323096185923,0.05999999865889549,10.0,637,0.0
638,1788886635.8139575,1788886635.8139575,1081,0.544673502445221,4.1728129386901855,-2.3561899662017822,2.3561899662017822,0.004363323096185923,0.05999999865889549,10.0,638,0.0
639,1788886635.8642433,1788886635.8642433,1081,0.5396838188171387,4.155152797698975,-2.3561899662017822,2.3561899662017822,0.004363323096185923,0.05999999865889549,10.0,639,0.0
640,1788886635.9144669,1788886635.9144669,1081,0.5346506237983704,4.137495040893555,-2.3561899662017822,2.3561899662017822,0.004363323096185923,0.05999999865889549,10.0,640,0.0
641,1788886635.9639683,1788886635.9639683,1081,0.5295873284339905,4.119828224182129,-2.3561899662017822,2.3561899662017822,0.004363323096185923,0.05999999865889549,10.0,641,0.0
642,1788886636.0147214,1788886636.0147214,1081,0.5244960188865662,4.102159023284912,-2.3561899662017822,2.3561899662017822,0.004363323096185923,0.05999999865889549,10.0,642,0.0
643,1788886636.0641932,1788886636.0641932,1081,0.5193734765052795,4.084512233734131,-2.3561899662017822,2.3561899662017822,0.004363323096185923,0.05999999865889549,10.0,643,0.0
644,1788886636.1144485,1788886636.1144485,1081,0.5141441822052002,4.066969871520996,-2.3561899662017822,2.3561899662017822,0.004363323096185923,0.05999999865889549,10.0,644,0.0
645,1788886636.1645865,1788886636.1645865,1081,0.5088440179824829,4.049468994140625,-2.3561899662017822,2.3561899662017822,0.004363323096185923,0.05999999865889549,10.0,645,0.0
646,1788886636.2139995,1788886636.2139995,1081,0.5035055875778198,4.031986236572266,-2.3561899662017822,2.3561899662017822,0.004363323096185923,0.05999999865889549,10.0,646,0.0
647,1788886636.26483,1788886636.26483,1081,0.49823111295700073,4.014243125915527,-2.3561899662017822,2.3561899662017822,0.004363323096185923,0.05999999865889549,10.0,647,0.0
648,1788886636.3138695,1788886636.3138695,1081,0.49351969361305237,3.9962949752807617,-2.3561899662017822,2.3561899662017822,0.004363323096185923,0.05999999865889549,10.0,648,0.0
649,1788886636.3638854,1788886636.3638854,1081,0.48942941427230835,3.978346109390259,-2.3561899662017822,2.3561899662017822,0.004363323096185923,0.05999999865889549,10.0,649,0.0
650,1788886636.4146533,1788886636.4146533,1081,0.4860638976097107,3.9604320526123047,-2.3561899662017822,2.3561899662017822,0.004363323096185923,0.05999999865889549,10.0,650,0.0
651,1788886636.4639945,1788886636.4639945,1081,0.48335230350494385,3.9425179958343506,-2.3561899662017822,2.3561899662017822,0.004363323096185923,0.05999999865889549,10.0,651,0.0
652,1788886636.5148213,1788886636.5148213,1081,0.48119089007377625,3.924691915512085,-2.3561899662017822,2.3561899662017822,0.004363323096185923,0.05999999865889549,10.0,652,0.0
653,1788886636.5675197,1788886636.5675197,1081,0.47982388734817505,3.90714693069458,-2.3561899662017822,2.3561899662017822,0.004363323096185923,0.05999999865889549,10.0,653,0.0
654,1788886636.617183,1788886636.617183,1081,0.4787367880344391,3.889719009399414,-2.3561899662017822,2.3561899662017822,0.004363323096185923,0.05999999865889549,10.0,654,0.0
655,1788886636.666549,1788886636.666549,1081,0.47757649421691895,3.872328996658325,-2.3561899662017822,2.3561899662017822,0.004363323096185923,0.05999999865889549,10.0,655,0.0
656,1788886636.715671,1788886636.715671,1081,0.476367712020874,3.854351043701172,-2.3561899662017822,2.3561899662017822,0.004363323096185923,0.05999999865889549,10.0,656,0.0
657,1788886636.7637842,1788886636.7637842,1081,0.4751128852367401,3.836266040802002,-2.3561899662017822,2.3561899662017822,0.004363323096185923,0.05999999865889549,10.0,657,0.0
658,1788886636.8139582,1788886636.8139582,1081,0.4738166928291321,3.8181850910186768,-2.3561899662017822,2.3561899662017822,0.004363323096185923,0.05999999865889549,10.0,658,0.0
659,1788886636.864358,1788886636.864358,1081,0.47237661480903625,3.800602912902832,-2.3561899662017822,2.3561899662017822,0.004363323096185923,0.05999999865889549,10.0,659,0.0
660,1788886636.9138923,1788886636.9138923,1081,0.4708434045314789,3.7832839488983154,-2.3561899662017822,2.3561899662017822,0.004363323096185923,0.05999999865889549,10.0,660,0.0
661,1788886636.963809,1788886636.963809,1081,0.4692494869232178,3.7649550437927246,-2.3561899662017822,2.3561899662017822,0.004363323096185923,0.05999999865889549,10.0,661,0.0
662,1788886637.0147922,1788886637.0147922,1081,0.4676094949245453,3.746691942214966,-2.3561899662017822,2.3561899662017822,0.004363323096185923,0.05999999865889549,10.0,662,0.0
663,1788886637.063786,1788886637.063786,1081,0.46591418981552124,3.7295138835906982,-2.3561899662017822,2.3561899662017822,0.004363323096185923,0.05999999865889549,10.0,663,0.0
664,1788886637.114148,1788886637.114148,1081,0.4640637934207916,3.7113940715789795,-2.3561899662017822,2.3561899662017822,0.004363323096185923,0.05999999865889549,10.0,664,0.0
665,1788886637.1645973,1788886637.1645973,1081,0.4621090888977051,3.693152904510498,-2.3561899662017822,2.3561899662017822,0.004363323096185923,0.05999999865889549,10.0,665,0.0
666,1788886637.2138278,1788886637.2138278,1081,0.4600957930088043,3.675795078277588,-2.3561899662017822,2.3561899662017822,0.004363323096185923,0.05999999865889549,10.0,666,0.0
667,1788886637.2639163,1788886637.2639163,1081,0.4580147862434387,3.657249927520752,-2.3561899662017822,2.3561899662017822,0.004363323096185923,0.05999999865889549,10.0,667,0.0
668,1788886637.3142948,1788886637.3142948,1081,0.4558762013912201,3.6398439407348633,-2.3561899662017822,2.3561899662017822,0.004363323096185923,0.05999999865889549,10.0,668,0.0
669,1788886637.3643486,1788886637.3643486,1081,0.45357969403266907,3.621432065963745,-2.3561899662017822,2.3561899662017822,0.004363323096185923,0.05999999865889549,10.0,669,0.0
670,1788886637.4138074,1788886637.4138074,1081,0.4511728882789612,3.6038730144500732,-2.3561899662017822,2.3561899662017822,0.004363323096185923,0.05999999865889549,10.0,670,0.0
671,1788886637.4647255,1788886637.4647255,1081,0.44869521260261536,3.5853159427642822,-2.3561899662017822,2.3561899662017822,0.004363323096185923,0.05999999865889549,10.0,671,0.0
672,1788886637.5144494,1788886637.5144494,1081,0.4462142884731293,3.5683600902557373,-2.3561899662017822,2.3561899662017822,0.004363323096185923,0.05999999865889549,10.0,672,0.0
673,1788886637.5639014,1788886637.5639014,1081,0.44375988841056824,3.550826072692871,-2.3561899662017822,2.3561899662017822,0.004363323096185923,0.05999999865889549,10.0,673,0.0
674,1788886637.6141791,1788886637.6141791,1081,0.44091999530792236,3.5341060161590576,-2.3561899662017822,2.3561899662017822,0.004363323096185923,0.05999999865889549,10.0,674,0.0
675,1788886637.6641192,1788886637.6641192,1081,0.43778330087661743,3.517119884490967,-2.3561899662017822,2.3561899662017822,0.004363323096185923,0.05999999865889549,10.0,675,0.0
676,1788886637.7172055,1788886637.7172055,1081,0.43455401062965393,3.500108003616333,-2.3561899662017822,2.3561899662017822,0.004363323096185923,0.05999999865889549,10.0,676,0.0
677,1788886637.7669592,1788886637.7669592,1081,0.43122750520706177,3.4830780029296875,-2.3561899662017822,2.3561899662017822,0.004363323096185923,0.05999999865889549,10.0,677,0.0
678,1788886637.8151674,1788886637.8151674,1081,0.4278106093406677,3.466020107269287,-2.3561899662017822,2.3561899662017822,0.004363323096185923,0.05999999865889549,10.0,678,0.0
679,1788886637.8655431,1788886637.8655431,1081,0.42437389492988586,3.4490349292755127,-2.3561899662017822,2.3561899662017822,0.004363323096185923,0.05999999865889549,10.0,679,0.0
680,1788886637.9137182,1788886637.9137182,1081,0.4208812117576599,3.4320249557495117,-2.3561899662017822,2.3561899662017822,0.004363323096185923,0.05999999865889549,10.0,680,0.0
681,1788886637.964417,1788886637.964417,1081,0.4173029065132141,3.4146289825439453,-2.3561899662017822,2.3561899662017822,0.004363323096185923,0.05999999865889549,10.0,681,0.0
682,1788886638.0146651,1788886638.0146651,1081,0.4136373996734619,3.3972220420837402,-2.3561899662017822,2.3561899662017822,0.004363323096185923,0.05999999865889549,10.0,682,0.0
683,1788886638.0645401,1788886638.0645401,1081,0.40988388657569885,3.3799610137939453,-2.3561899662017822,2.3561899662017822,0.004363323096185923,0.05999999865889549,10.0,683,0.0
684,1788886638.1150622,1788886638.1150622,1081,0.4061475098133087,3.3630309104919434,-2.3561899662017822,2.3561899662017822,0.004363323096185923,0.05999999865889549,10.0,684,0.0
685,1788886638.164079,1788886638.164079,1081,0.40237531065940857,3.3461201190948486,-2.3561899662017822,2.3561899662017822,0.004363323096185923,0.05999999865889549,10.0,685,0.0
686,1788886638.213795,1788886638.213795,1081,0.3985261023044586,3.3291850090026855,-2.3561899662017822,2.3561899662017822,0.004363323096185923,0.05999999865889549,10.0,686,0.0
687,1788886638.2643037,1788886638.2643037,1081,0.39459770917892456,3.3132529258728027,-2.3561899662017822,2.3561899662017822,0.004363323096185923,0.05999999865889549,10.0,687,0.0
688,1788886638.314103,1788886638.314103,1081,0.39058980345726013,3.2963619232177734,-2.3561899662017822,2.3561899662017822,0.004363323096185923,0.05999999865889549,10.0,688,0.0
689,1788886638.3645003,1788886638.3645003,1081,0.38662511110305786,3.280198097229004,-2.3561899662017822,2.3561899662017822,0.004363323096185923,0.05999999865889549,10.0,689,0.0
690,1788886638.4161973,1788886638.4161973,1081,0.3826499879360199,3.2633910179138184,-2.3561899662017822,2.3561899662017822,0.004363323096185923,0.05999999865889549,10.0,690,0.0
691,1788886638.464502,1788886638.464502,1081,0.3786050081253052,3.247436046600342,-2.3561899662017822,2.3561899662017822,0.004363323096185923,0.05999999865889549,10.0,691,0.0
692,1788886638.514826,1788886638.514826,1081,0.37449389696121216,3.230341911315918,-2.3561899662017822,2.3561899662017822,0.004363323096185923,0.05999999865889549,10.0,692,0.0
693,1788886638.5642412,1788886638.5642412,1081,0.37031620740890503,3.2143731117248535,-2.3561899662017822,2.3561899662017822,0.004363323096185923,0.05999999865889549,10.0,693,0.0
694,1788886638.6138573,1788886638.6138573,1081,0.3661485016345978,3.1971750259399414,-2.3561899662017822,2.3561899662017822,0.004363323096185923,0.05999999865889549,10.0,694,0.0
695,1788886638.6645727,1788886638.6645727,1081,0.36194801330566406,3.1811249256134033,-2.3561899662017822,2.3561899662017822,0.004363323096185923,0.05999999865889549,10.0,695,0.0
696,1788886638.7137682,1788886638.7137682,1081,0.3576888144016266,3.164773941040039,-2.3561899662017822,2.3561899662017822,0.004363323096185923,0.05999999865889549,10.0,696,0.0
697,1788886638.7645888,1788886638.7645888,1081,0.353237509727478,3.147326946258545,-2.3561899662017822,2.3561899662017822,0.004363323096185923,0.05999999865889549,10.0,697,0.0
698,1788886638.8137765,1788886638.8137765,1081,0.3485592007637024,3.130197048187256,-2.3561899662017822,2.3561899662017822,0.004363323096185923,0.05999999865889549,10.0,698,0.0
699,1788886638.8638299,1788886638.8638299,1081,0.3438358008861542,3.112035036087036,-2.3561899662017822,2.3561899662017822,0.004363323096185923,0.05999999865889549,10.0,699,0.0
700,1788886638.9145103,1788886638.9145103,1081,0.33906638622283936,3.1022629737854004,-2.3561899662017822,2.3561899662017822,0.004363323096185923,0.05999999865889549,10.0,700,0.0
701,1788886638.964582,1788886638.964582,1081,0.3342309892177582,3.103945016860962,-2.3561899662017822,2.3561899662017822,0.004363323096185923,0.05999999865889549,10.0,701,0.0
702,1788886639.0149467,1788886639.0149467,1081,0.32948198914527893,3.1073379516601562,-2.3561899662017822,2.3561899662017822,0.004363323096185923,0.05999999865889549,10.0,702,0.0
703,1788886639.0651875,1788886639.0651875,1081,0.32543569803237915,3.117266893386841,-2.3561899662017822,2.3561899662017822,0.004363323096185923,0.05999999865889549,10.0,703,0.0
704,1788886639.1146889,1788886639.1146889,1081,0.3219304084777832,3.1255619525909424,-2.3561899662017822,2.3561899662017822,0.004363323096185923,0.05999999865889549,10.0,704,0.0
705,1788886639.1639519,1788886639.1639519,1081,0.3191171884536743,3.136173963546753,-2.3561899662017822,2.3561899662017822,0.004363323096185923,0.05999999865889549,10.0,705,0.0
706,1788886639.213925,1788886639.213925,1081,0.31717291474342346,3.1544110774993896,-2.3561899662017822,2.3561899662017822,0.004363323096185923,0.05999999865889549,10.0,706,0.0
707,1788886639.264921,1788886639.264921,1081,0.31587928533554077,3.175359010696411,-2.3561899662017822,2.3561899662017822,0.004363323096185923,0.05999999865889549,10.0,707,0.0
708,1788886639.3145416,1788886639.3145416,1081,0.3158116936683655,3.1991350650787354,-2.3561899662017822,2.3561899662017822,0.004363323096185923,0.05999999865889549,10.0,708,0.0
709,1788886639.3641217,1788886639.3641217,1081,0.3162040114402771,3.226267099380493,-2.3561899662017822,2.3561899662017822,0.004363323096185923,0.05999999865889549,10.0,709,0.0
710,1788886639.4140437,1788886639.4140437,1081,0.317720502614975,3.2566978931427,-2.3561899662017822,2.3561899662017822,0.004363323096185923,0.05999999865889549,10.0,710,0.0
711,1788886639.4638197,1788886639.4638197,1081,0.3200133144855499,3.2905070781707764,-2.3561899662017822,2.3561899662017822,0.004363323096185923,0.05999999865889549,10.0,711,0.0
712,1788886639.5144935,1788886639.5144935,1081,0.32308849692344666,3.337209939956665,-2.3561899662017822,2.3561899662017822,0.004363323096185923,0.05999999865889549,10.0,712,0.0
713,1788886639.5647206,1788886639.5647206,1081,0.3269639015197754,3.3791050910949707,-2.3561899662017822,2.3561899662017822,0.004363323096185923,0.05999999865889549,10.0,713,0.0
714,1788886639.614018,1788886639.614018,1081,0.33155789971351624,3.4149370193481445,-2.3561899662017822,2.3561899662017822,0.004363323096185923,0.05999999865889549,10.0,714,0.0
715,1788886639.6641064,1788886639.6641064,1081,0.33624520897865295,3.4539968967437744,-2.3561899662017822,2.3561899662017822,0.004363323096185923,0.05999999865889549,10.0,715,0.0
716,1788886639.7137556,1788886639.7137556,1081,0.3408358097076416,3.508452892303467,-2.3561899662017822,2.3561899662017822,0.004363323096185923,0.05999999865889549,10.0,716,0.0
717,1788886639.7645757,1788886639.7645757,1081,0.34518951177597046,3.55505108833313,-2.3561899662017822,2.3561899662017822,0.004363323096185923,0.05999999865889549,10.0,717,0.0
718,1788886639.8148625,1788886639.8148625,1081,0.34928810596466064,3.6055328845977783,-2.3561899662017822,2.3561899662017822,0.004363323096185923,0.05999999865889549,10.0,718,0.0
719,1788886639.8641548,1788886639.8641548,1081,0.3531546890735626,3.661623001098633,-2.3561899662017822,2.3561899662017822,0.004363323096185923,0.05999999865889549,10.0,719,0.0
720,1788886639.91391,1788886639.91391,1081,0.35685789585113525,3.7227790355682373,-2.3561899662017822,2.3561899662017822,0.004363323096185923,0.05999999865889549,10.0,720,0.0
721,1788886639.9640937,1788886639.9640937,1081,0.36046651005744934,3.805633068084717,-2.3561899662017822,2.3561899662017822,0.004363323096185923,0.05999999865889549,10.0,721,0.0
722,1788886640.015984,1788886640.015984,1081,0.3634040057659149,3.8592729568481445,-2.3561899662017822,2.3561899662017822,0.004363323096185923,0.05999999865889549,10.0,722,0.0
723,1788886640.0650253,1788886640.0650253,1081,0.36558470129966736,3.9159560203552246,-2.3561899662017822,2.3561899662017822,0.004363323096185923,0.05999999865889549,10.0,723,0.0
724,1788886640.1149795,1788886640.1149795,1081,0.3673231899738312,3.96246600151062,-2.3561899662017822,2.3561899662017822,0.004363323096185923,0.05999999865889549,10.0,724,0.0
725,1788886640.1670022,1788886640.1670022,1081,0.36769360303878784,4.0322980880737305,-2.3561899662017822,2.3561899662017822,0.004363323096185923,0.05999999865889549,10.0,725,0.0
726,1788886640.2159445,1788886640.2159445,1081,0.36680129170417786,4.081479072570801,-2.3561899662017822,2.3561899662017822,0.004363323096185923,0.05999999865889549,10.0,726,0.0
727,1788886640.2651777,1788886640.2651777,1081,0.3656199872493744,4.134614944458008,-2.3561899662017822,2.3561899662017822,0.004363323096185923,0.05999999865889549,10.0,727,0.0
728,1788886640.31741,1788886640.31741,1081,0.364305704832077,4.190392017364502,-2.3561899662017822,2.3561899662017822,0.004363323096185923,0.05999999865889549,10.0,728,0.0
729,1788886640.366445,1788886640.366445,1081,0.362861305475235,4.2489519119262695,-2.3561899662017822,2.3561899662017822,0.004363323096185923,0.05999999865889549,10.0,729,0.0
730,1788886640.4148583,1788886640.4148583,1081,0.3612836003303528,4.310476779937744,-2.3561899662017822,2.3561899662017822,0.004363323096185923,0.05999999865889549,10.0,730,0.0
731,1788886640.4646175,1788886640.4646175,1081,0.3593249022960663,4.380709171295166,-2.3561899662017822,2.3561899662017822,0.004363323096185923,0.05999999865889549,10.0,731,0.0
732,1788886640.5147245,1788886640.5147245,1081,0.3570381999015808,4.457601070404053,-2.3561899662017822,2.3561899662017822,0.004363323096185923,0.05999999865889549,10.0,732,0.0
733,1788886640.5638387,1788886640.5638387,1081,0.35460248589515686,4.535246849060059,-2.3561899662017822,2.3561899662017822,0.004363323096185923,0.05999999865889549,10.0,733,0.0
734,1788886640.6139798,1788886640.6139798,1081,0.3520227074623108,4.588312149047852,-2.3561899662017822,2.3561899662017822,0.004363323096185923,0.05999999865889549,10.0,734,0.0
735,1788886640.6638846,1788886640.6638846,1081,0.3492948114871979,4.67376708984375,-2.3561899662017822,2.3561899662017822,0.004363323096185923,0.05999999865889549,10.0,735,0.0
736,1788886640.7140496,1788886640.7140496,1081,0.34652018547058105,4.76177978515625,-2.3561899662017822,2.3561899662017822,0.004363323096185923,0.05999999865889549,10.0,736,0.0
737,1788886640.7647,1788886640.7647,1081,0.3436354100704193,4.854363918304443,-2.3561899662017822,2.3561899662017822,0.004363323096185923,0.05999999865889549,10.0,737,0.0
738,1788886640.8147233,1788886640.8147233,1081,0.34060969948768616,4.988323211669922,-2.3561899662017822,2.3561899662017822,0.004363323096185923,0.05999999865889549,10.0,738,0.0
739,1788886640.8650918,1788886640.8650918,1081,0.33744141459465027,5.09452486038208,-2.3561899662017822,2.3561899662017822,0.004363323096185923,0.05999999865889549,10.0,739,0.0
740,1788886640.917818,1788886640.917818,1081,0.33413490653038025,5.172728061676025,-2.3561899662017822,2.3561899662017822,0.004363323096185923,0.05999999865889549,10.0,740,0.0
741,1788886640.9656515,1788886640.9656515,1081,0.33077120780944824,5.273280143737793,-2.3561899662017822,2.3561899662017822,0.004363323096185923,0.05999999865889549,10.0,741,0.0
742,1788886641.0141864,1788886641.0141864,1081,0.32731300592422485,5.350481986999512,-2.3561899662017822,2.3561899662017822,0.004363323096185923,0.05999999865889549,10.0,742,0.0
743,1788886641.0647144,1788886641.0647144,1081,0.3238602876663208,5.462055206298828,-2.3561899662017822,2.3561899662017822,0.004363323096185923,0.05999999865889549,10.0,743,0.0
744,1788886641.1140008,1788886641.1140008,1081,0.32050821185112,5.548755168914795,-2.3561899662017822,2.3561899662017822,0.004363323096185923,0.05999999865889549,10.0,744,0.0
745,1788886641.1637878,1788886641.1637878,1081,0.3173741102218628,5.623538017272949,-2.3561899662017822,2.3561899662017822,0.004363323096185923,0.05999999865889549,10.0,745,0.0
746,1788886641.2145271,1788886641.2145271,1081,0.31424519419670105,5.700201034545898,-2.3561899662017822,2.3561899662017822,0.004363323096185923,0.05999999865889549,10.0,746,0.0
747,1788886641.2646902,1788886641.2646902,1081,0.3113948106765747,5.721316814422607,-2.3561899662017822,2.3561899662017822,0.004363323096185923,0.05999999865889549,10.0,747,0.0
748,1788886641.3145497,1788886641.3145497,1081,0.3087053894996643,5.740993976593018,-2.3561899662017822,2.3561899662017822,0.004363323096185923,0.05999999865889549,10.0,748,0.0
749,1788886641.3649907,1788886641.3649907,1081,0.3061639070510864,5.762800216674805,-2.3561899662017822,2.3561899662017822,0.004363323096185923,0.05999999865889549,10.0,749,0.0
750,1788886641.4139988,1788886641.4139988,1081,0.30376678705215454,5.784318923950195,-2.3561899662017822,2.3561899662017822,0.004363323096185923,0.05999999865889549,10.0,750,0.0
751,1788886641.4643333,1788886641.4643333,1081,0.3014681935310364,5.801235198974609,-2.3561899662017822,2.3561899662017822,0.004363323096185923,0.05999999865889549,10.0,751,0.0
752,1788886641.5141735,1788886641.5141735,1081,0.2992823123931885,5.8203887939453125,-2.3561899662017822,2.3561899662017822,0.004363323096185923,0.05999999865889549,10.0,752,0.0
753,1788886641.5638666,1788886641.5638666,1081,0.2972464859485626,5.841754913330078,-2.3561899662017822,2.3561899662017822,0.004363323096185923,0.05999999865889549,10.0,753,0.0
754,1788886641.615164,1788886641.615164,1081,0.2956139147281647,5.87301778793335,-2.3561899662017822,2.3561899662017822,0.004363323096185923,0.05999999865889549,10.0,754,0.0
755,1788886641.6648889,1788886641.6648889,1081,0.29404398798942566,5.875288009643555,-2.3561899662017822,2.3561899662017822,0.004363323096185923,0.05999999865889549,10.0,755,0.0
756,1788886641.713999,1788886641.713999,1081,0.2923564910888672,5.8783488273620605,-2.3561899662017822,2.3561899662017822,0.004363323096185923,0.05999999865889549,10.0,756,0.0
757,1788886641.764245,1788886641.764245,1081,0.2910845875740051,5.8818230628967285,-2.3561899662017822,2.3561899662017822,0.004363323096185923,0.05999999865889549,10.0,757,0.0
758,1788886641.8138967,1788886641.8138967,1081,0.28996941447257996,5.8770952224731445,-2.3561899662017822,2.3561899662017822,0.004363323096185923,0.05999999865889549,10.0,758,0.0
759,1788886641.865193,1788886641.865193,1081,0.2888123095035553,5.88072395324707,-2.3561899662017822,2.3561899662017822,0.004363323096185923,0.05999999865889549,10.0,759,0.0
760,1788886641.9149523,1788886641.9149523,1081,0.28810200095176697,5.875914096832275,-2.3561899662017822,2.3561899662017822,0.004363323096185923,0.05999999865889549,10.0,760,0.0
761,1788886641.9643414,1788886641.9643414,1081,0.28731149435043335,5.880067825317383,-2.3561899662017822,2.3561899662017822,0.004363323096185923,0.05999999865889549,10.0,761,0.0
762,1788886642.0146782,1788886642.0146782,1081,0.286871999502182,5.8845391273498535,-2.3561899662017822,2.3561899662017822,0.004363323096185923,0.05999999865889549,10.0,762,0.0
763,1788886642.0644863,1788886642.0644863,1081,0.2864992022514343,5.880146026611328,-2.3561899662017822,2.3561899662017822,0.004363323096185923,0.05999999865889549,10.0,763,0.0
764,1788886642.1166608,1788886642.1166608,1081,0.28641679883003235,5.884839057922363,-2.3561899662017822,2.3561899662017822,0.004363323096185923,0.05999999865889549,10.0,764,0.0
765,1788886642.1643605,1788886642.1643605,1081,0.2864904999732971,5.880406856536865,-2.3561899662017822,2.3561899662017822,0.004363323096185923,0.05999999865889549,10.0,765,0.0
766,1788886642.2158608,1788886642.2158608,1081,0.28659889101982117,5.885334014892578,-2.3561899662017822,2.3561899662017822,0.004363323096185923,0.05999999865889549,10.0,766,0.0
767,1788886642.2640965,1788886642.2640965,1081,0.2865496873855591,5.880867958068848,-2.3561899662017822,2.3561899662017822,0.004363323096185923,0.05999999865889549,10.0,767,0.0
768,1788886642.314232,1788886642.314232,1081,0.28634750843048096,5.886033058166504,-2.3561899662017822,2.3561899662017822,0.004363323096185923,0.05999999865889549,10.0,768,0.0
769,1788886642.3638818,1788886642.3638818,1081,0.2859880030155182,5.881543159484863,-2.3561899662017822,2.3561899662017822,0.004363323096185923,0.05999999865889549,10.0,769,0.0
770,1788886642.4143658,1788886642.4143658,1081,0.28547239303588867,5.886960029602051,-2.3561899662017822,2.3561899662017822,0.004363323096185923,0.05999999865889549,10.0,770,0.0
771,1788886642.464241,1788886642.464241,1081,0.28480368852615356,5.8824567794799805,-2.3561899662017822,2.3561899662017822,0.004363323096185923,0.05999999865889549,10.0,771,0.0
772,1788886642.5137637,1788886642.5137637,1081,0.28397971391677856,5.887217998504639,-2.3561899662017822,2.3561899662017822,0.004363323096185923,0.05999999865889549,10.0,772,0.0
773,1788886642.5645747,1788886642.5645747,1081,0.2829985022544861,5.881442070007324,-2.3561899662017822,2.3561899662017822,0.004363323096185923,0.05999999865889549,10.0,773,0.0
774,1788886642.6140592,1788886642.6140592,1081,0.281861811876297,5.88168478012085,-2.3561899662017822,2.3561899662017822,0.004363323096185923,0.05999999865889549,10.0,774,0.0
775,1788886642.6647153,1788886642.6647153,1081,0.28057271242141724,5.8758721351623535,-2.3561899662017822,2.3561899662017822,0.004363323096185923,0.05999999865889549,10.0,775,0.0
776,1788886642.7146459,1788886642.7146459,1081,0.27912819385528564,5.876326084136963,-2.3561899662017822,2.3561899662017822,0.004363323096185923,0.05999999865889549,10.0,776,0.0
777,1788886642.763874,1788886642.763874,1081,0.27752700448036194,5.870481967926025,-2.3561899662017822,2.3561899662017822,0.004363323096185923,0.05999999865889549,10.0,777,0.0
778,1788886642.8138304,1788886642.8138304,1081,0.2757759988307953,5.86460018157959,-2.3561899662017822,2.3561899662017822,0.004363323096185923,0.05999999865889549,10.0,778,0.0
779,1788886642.8648603,1788886642.8648603,1081,0.2738710939884186,5.865293025970459,-2.3561899662017822,2.3561899662017822,0.004363323096185923,0.05999999865889549,10.0,779,0.0
780,1788886642.9146612,1788886642.9146612,1081,0.27181461453437805,5.859392166137695,-2.3561899662017822,2.3561899662017822,0.004363323096185923,0.05999999865889549,10.0,780,0.0
781,1788886642.9639392,1788886642.9639392,1081,0.26960331201553345,5.8603129386901855,-2.3561899662017822,2.3561899662017822,0.004363323096185923,0.05999999865889549,10.0,781,0.0
782,1788886643.0142603,1788886643.0142603,1081,0.2672460973262787,5.854406833648682,-2.3561899662017822,2.3561899662017822,0.004363323096185923,0.05999999865889549,10.0,782,0.0
783,1788886643.0638092,1788886643.0638092,1081,0.26473140716552734,5.8484649658203125,-2.3561899662017822,2.3561899662017822,0.004363323096185923,0.05999999865889549,10.0,783,0.0
784,1788886643.1139016,1788886643.1139016,1081,0.2620706856250763,5.849658966064453,-2.3561899662017822,2.3561899662017822,0.004363323096185923,0.05999999865889549,10.0,784,0.0
785,1788886643.1645813,1788886643.1645813,1081,0.2593829929828644,5.843721866607666,-2.3561899662017822,2.3561899662017822,0.004363323096185923,0.05999999865889549,10.0,785,0.0
786,1788886643.2145545,1788886643.2145545,1081,0.25701549649238586,5.844919204711914,-2.3561899662017822,2.3561899662017822,0.004363323096185923,0.05999999865889549,10.0,786,0.0
787,1788886643.2638671,1788886643.2638671,1081,0.2548240125179291,5.838669776916504,-2.3561899662017822,2.3561899662017822,0.004363323096185923,0.05999999865889549,10.0,787,0.0
788,1788886643.3145099,1788886643.3145099,1081,0.25281721353530884,5.832395076751709,-2.3561899662017822,2.3561899662017822,0.004363323096185923,0.05999999865889549,10.0,788,0.0
789,1788886643.3645449,1788886643.3645449,1081,0.2511962950229645,5.8337907791137695,-2.3561899662017822,2.3561899662017822,0.004363323096185923,0.05999999865889549,10.0,789,0.0
790,1788886643.4138064,1788886643.4138064,1081,0.2495826929807663,5.827524185180664,-2.3561899662017822,2.3561899662017822,0.004363323096185923,0.05999999865889549,10.0,790,0.0
791,1788886643.4640222,1788886643.4640222,1081,0.2486245036125183,5.827545166015625,-2.3561899662017822,2.3561899662017822,0.004363323096185923,0.05999999865889549,10.0,791,0.0
792,1788886643.5147648,1788886643.5147648,1081,0.24800050258636475,5.819270133972168,-2.3561899662017822,2.3561899662017822,0.004363323096185923,0.05999999865889549,10.0,792,0.0
793,1788886643.5643947,1788886643.5643947,1081,0.2476222962141037,5.81903076171875,-2.3561899662017822,2.3561899662017822,0.004363323096185923,0.05999999865889549,10.0,793,0.0
794,1788886643.61501,1788886643.61501,1081,0.24749639630317688,5.818925857543945,-2.3561899662017822,2.3561899662017822,0.004363323096185923,0.05999999865889549,10.0,794,0.0
795,1788886643.664939,1788886643.664939,1081,0.2476447969675064,5.810585975646973,-2.3561899662017822,2.3561899662017822,0.004363323096185923,0.05999999865889549,10.0,795,0.0
796,1788886643.7138383,1788886643.7138383,1081,0.24843870103359222,5.808687210083008,-2.3561899662017822,2.3561899662017822,0.004363323096185923,0.05999999865889549,10.0,796,0.0
797,1788886643.7645488,1788886643.7645488,1081,0.2496069073677063,5.806333065032959,-2.3561899662017822,2.3561899662017822,0.004363323096185923,0.05999999865889549,10.0,797,0.0
798,1788886643.8143208,1788886643.8143208,1081,0.2510034143924713,5.804041862487793,-2.3561899662017822,2.3561899662017822,0.004363323096185923,0.05999999865889549,10.0,798,0.0
799,1788886643.8650677,1788886643.8650677,1081,0.2526276111602783,5.801815986633301,-2.3561899662017822,2.3561899662017822,0.004363323096185923,0.05999999865889549,10.0,799,0.0
800,1788886643.9153326,1788886643.9153326,1081,0.25450411438941956,5.799651145935059,-2.3561899662017822,2.3561899662017822,0.004363323096185923,0.05999999865889549,10.0,800,0.0
801,1788886643.9648185,1788886643.9648185,1081,0.2568674087524414,5.79576301574707,-2.3561899662017822,2.3561899662017822,0.004363323096185923,0.05999999865889549,10.0,801,0.0
802,1788886644.0146773,1788886644.0146773,1081,0.25958728790283203,5.8004469871521,-2.3561899662017822,2.3561899662017822,0.004363323096185923,0.05999999865889549,10.0,802,0.0
803,1788886644.0642252,1788886644.0642252,1081,0.26255810260772705,5.796115875244141,-2.3561899662017822,2.3561899662017822,0.004363323096185923,0.05999999865889549,10.0,803,0.0
804,1788886644.1149714,1788886644.1149714,1081,0.26568150520324707,5.791808128356934,-2.3561899662017822,2.3561899662017822,0.004363323096185923,0.05999999865889549,10.0,804,0.0
805,1788886644.1647189,1788886644.1647189,1081,0.2687048017978668,5.7875189781188965,-2.3561899662017822,2.3561899662017822,0.004363323096185923,0.05999999865889549,10.0,805,0.0
806,1788886644.214414,1788886644.214414,1081,0.27174338698387146,5.79165506362915,-2.3561899662017822,2.3561899662017822,0.004363323096185923,0.05999999865889549,10.0,806,0.0
807,1788886644.2646518,1788886644.2646518,1081,0.274740993976593,5.78599214553833,-2.3561899662017822,2.3561899662017822,0.004363323096185923,0.05999999865889549,10.0,807,0.0
808,1788886644.3138857,1788886644.3138857,1081,0.27763301134109497,5.7901291847229,-2.3561899662017822,2.3561899662017822,0.004363323096185923,0.05999999865889549,10.0,808,0.0
809,1788886644.3644767,1788886644.3644767,1081,0.28042080998420715,5.784527778625488,-2.3561899662017822,2.3561899662017822,0.004363323096185923,0.05999999865889549,10.0,809,0.0
810,1788886644.4141176,1788886644.4141176,1081,0.28310060501098633,5.788980007171631,-2.3561899662017822,2.3561899662017822,0.004363323096185923,0.05999999865889549,10.0,810,0.0
811,1788886644.4647596,1788886644.4647596,1081,0.28588220477104187,5.781586170196533,-2.3561899662017822,2.3561899662017822,0.004363323096185923,0.05999999865889549,10.0,811,0.0
812,1788886644.514786,1788886644.514786,1081,0.2888058125972748,5.7847371101379395,-2.3561899662017822,2.3561899662017822,0.004363323096185923,0.05999999865889549,10.0,812,0.0
813,1788886644.5638523,1788886644.5638523,1081,0.2917923033237457,5.778363227844238,-2.3561899662017822,2.3561899662017822,0.004363323096185923,0.05999999865889549,10.0,813,0.0
814,1788886644.6150255,1788886644.6150255,1081,0.2946746051311493,5.782583236694336,-2.3561899662017822,2.3561899662017822,0.004363323096185923,0.05999999865889549,10.0,814,0.0
815,1788886644.6641665,1788886644.6641665,1081,0.29743480682373047,5.77633810043335,-2.3561899662017822,2.3561899662017822,0.004363323096185923,0.05999999865889549,10.0,815,0.0
816,1788886644.7140734,1788886644.7140734,1081,0.30020400881767273,5.779640197753906,-2.3561899662017822,2.3561899662017822,0.004363323096185923,0.05999999865889549,10.0,816,0.0
817,1788886644.7639158,1788886644.7639158,1081,0.30304521322250366,5.783636093139648,-2.3561899662017822,2.3561899662017822,0.004363323096185923,0.05999999865889549,10.0,817,0.0
818,1788886644.8145545,1788886644.8145545,1081,0.30590200424194336,5.777413845062256,-2.3561899662017822,2.3561899662017822,0.004363323096185923,0.05999999865889549,10.0,818,0.0
819,1788886644.8644283,1788886644.8644283,1081,0.30863121151924133,5.782563209533691,-2.3561899662017822,2.3561899662017822,0.004363323096185923,0.05999999865889549,10.0,819,0.0
820,1788886644.914076,1788886644.914076,1081,0.31121569871902466,5.788052082061768,-2.3561899662017822,2.3561899662017822,0.004363323096185923,0.05999999865889549,10.0,820,0.0
821,1788886644.9637723,1788886644.9637723,1081,0.3138892948627472,5.7796630859375,-2.3561899662017822,2.3561899662017822,0.004363323096185923,0.05999999865889549,10.0,821,0.0
822,1788886645.014278,1788886645.014278,1081,0.31653669476509094,5.782349109649658,-2.3561899662017822,2.3561899662017822,0.004363323096185923,0.05999999865889549,10.0,822,0.0
823,1788886645.0641084,1788886645.0641084,1081,0.31905728578567505,5.785258769989014,-2.3561899662017822,2.3561899662017822,0.004363323096185923,0.05999999865889549,10.0,823,0.0
824,1788886645.114001,1788886645.114001,1081,0.32144808769226074,5.7884039878845215,-2.3561899662017822,2.3561899662017822,0.004363323096185923,0.05999999865889549,10.0,824,0.0
825,1788886645.1646602,1788886645.1646602,1081,0.3237065076828003,5.791778087615967,-2.3561899662017822,2.3561899662017822,0.004363323096185923,0.05999999865889549,10.0,825,0.0
826,1788886645.2145636,1788886645.2145636,1081,0.32598501443862915,5.793737888336182,-2.3561899662017822,2.3561899662017822,0.004363323096185923,0.05999999865889549,10.0,826,0.0
827,1788886645.2640564,1788886645.2640564,1081,0.32820621132850647,5.7953948974609375,-2.3561899662017822,2.3561899662017822,0.004363323096185923,0.05999999865889549,10.0,827,0.0
828,1788886645.3147328,1788886645.3147328,1081,0.330304890871048,5.797224998474121,-2.3561899662017822,2.3561899662017822,0.004363323096185923,0.05999999865889549,10.0,828,0.0
829,1788886645.3650396,1788886645.3650396,1081,0.33228200674057007,5.7992329597473145,-2.3561899662017822,2.3561899662017822,0.004363323096185923,0.05999999865889549,10.0,829,0.0
830,1788886645.4141045,1788886645.4141045,1081,0.334137886762619,5.816718101501465,-2.3561899662017822,2.3561899662017822,0.004363323096185923,0.05999999865889549,10.0,830,0.0
831,1788886645.4637535,1788886645.4637535,1081,0.33606329560279846,5.8182148933410645,-2.3561899662017822,2.3561899662017822,0.004363323096185923,0.05999999865889549,10.0,831,0.0
832,1788886645.5147243,1788886645.5147243,1081,0.3380473852157593,5.819958209991455,-2.3561899662017822,2.3561899662017822,0.004363323096185923,0.05999999865889549,10.0,832,0.0
833,1788886645.5643456,1788886645.5643456,1081,0.3399968147277832,5.838222980499268,-2.3561899662017822,2.3561899662017822,0.004363323096185923,0.05999999865889549,10.0,833,0.0
834,1788886645.614107,1788886645.614107,1081,0.34182390570640564,5.825438022613525,-2.3561899662017822,2.3561899662017822,0.004363323096185923,0.05999999865889549,10.0,834,0.0
835,1788886645.6642563,1788886645.6642563,1081,0.3435173034667969,5.8126630783081055,-2.3561899662017822,2.3561899662017822,0.004363323096185923,0.05999999865889549,10.0,835,0.0
836,1788886645.7140105,1788886645.7140105,1081,0.34518319368362427,5.8141961097717285,-2.3561899662017822,2.3561899662017822,0.004363323096185923,0.05999999865889549,10.0,836,0.0
837,1788886645.7641163,1788886645.7641163,1081,0.3467710018157959,5.8154520988464355,-2.3561899662017822,2.3561899662017822,0.004363323096185923,0.05999999865889549,10.0,837,0.0
838,1788886645.8140814,1788886645.8140814,1081,0.34823110699653625,5.8006978034973145,-2.3561899662017822,2.3561899662017822,0.004363323096185923,0.05999999865889549,10.0,838,0.0
839,1788886645.865334,1788886645.865334,1081,0.34956660866737366,5.802081108093262,-2.3561899662017822,2.3561899662017822,0.004363323096185923,0.05999999865889549,10.0,839,0.0
840,1788886645.9145231,1788886645.9145231,1081,0.3507747948169708,5.787326812744141,-2.3561899662017822,2.3561899662017822,0.004363323096185923,0.05999999865889549,10.0,840,0.0
841,1788886645.964684,1788886645.964684,1081,0.35165131092071533,5.7918701171875,-2.3561899662017822,2.3561899662017822,0.004363323096185923,0.05999999865889549,10.0,841,0.0
842,1788886646.0137634,1788886646.0137634,1081,0.35226118564605713,5.781412124633789,-2.3561899662017822,2.3561899662017822,0.004363323096185923,0.05999999865889549,10.0,842,0.0
843,1788886646.0647364,1788886646.0647364,1081,0.3527311086654663,5.770975112915039,-2.3561899662017822,2.3561899662017822,0.004363323096185923,0.05999999865889549,10.0,843,0.0
844,1788886646.11564,1788886646.11564,1081,0.3530586063861847,5.777166843414307,-2.3561899662017822,2.3561899662017822,0.004363323096185923,0.05999999865889549,10.0,844,0.0
845,1788886646.165942,1788886646.165942,1081,0.3532407879829407,5.7667951583862305,-2.3561899662017822,2.3561899662017822,0.004363323096185923,0.05999999865889549,10.0,845,0.0
846,1788886646.214079,1788886646.214079,1081,0.353304386138916,5.756128787994385,-2.3561899662017822,2.3561899662017822,0.004363323096185923,0.05999999865889549,10.0,846,0.0
847,1788886646.2641628,1788886646.2641628,1081,0.3532375991344452,5.74538516998291,-2.3561899662017822,2.3561899662017822,0.004363323096185923,0.05999999865889549,10.0,847,0.0
848,1788886646.313739,1788886646.313739,1081,0.3530285954475403,5.751572132110596,-2.3561899662017822,2.3561899662017822,0.004363323096185923,0.05999999865889549,10.0,848,0.0
849,1788886646.3649042,1788886646.3649042,1081,0.3526785969734192,5.740908145904541,-2.3561899662017822,2.3561899662017822,0.004363323096185923,0.05999999865889549,10.0,849,0.0
850,1788886646.416684,1788886646.416684,1081,0.35218900442123413,5.730264186859131,-2.3561899662017822,2.3561899662017822,0.004363323096185923,0.05999999865889549,10.0,850,0.0
851,1788886646.4653459,1788886646.4653459,1081,0.35177290439605713,5.716462135314941,-2.3561899662017822,2.3561899662017822,0.004363323096185923,0.05999999865889549,10.0,851,0.0
852,1788886646.5138752,1788886646.5138752,1081,0.35133519768714905,5.718646049499512,-2.3561899662017822,2.3561899662017822,0.004363323096185923,0.05999999865889549,10.0,852,0.0
853,1788886646.5637698,1788886646.5637698,1081,0.35076990723609924,5.703705787658691,-2.3561899662017822,2.3561899662017822,0.004363323096185923,0.05999999865889549,10.0,853,0.0
854,1788886646.6149309,1788886646.6149309,1081,0.35007938742637634,5.706054210662842,-2.3561899662017822,2.3561899662017822,0.004363323096185923,0.05999999865889549,10.0,854,0.0
855,1788886646.6643302,1788886646.6643302,1081,0.3492642939090729,5.691136837005615,-2.3561899662017822,2.3561899662017822,0.004363323096185923,0.05999999865889549,10.0,855,0.0
856,1788886646.718894,1788886646.718894,1081,0.34859949350357056,5.689424991607666,-2.3561899662017822,2.3561899662017822,0.004363323096185923,0.05999999865889549,10.0,856,0.0
857,1788886646.7683969,1788886646.7683969,1081,0.34785759449005127,5.688016891479492,-2.3561899662017822,2.3561899662017822,0.004363323096185923,0.05999999865889549,10.0,857,0.0
858,1788886646.8175468,1788886646.8175468,1081,0.346950501203537,5.687480926513672,-2.3561899662017822,2.3561899662017822,0.004363323096185923,0.05999999865889549,10.0,858,0.0
859,1788886646.8665702,1788886646.8665702,1081,0.345907986164093,5.669320106506348,-2.3561899662017822,2.3561899662017822,0.004363323096185923,0.05999999865889549,10.0,859,0.0
860,1788886646.9150414,1788886646.9150414,1081,0.3447335958480835,5.6673359870910645,-2.3561899662017822,2.3561899662017822,0.004363323096185923,0.05999999865889549,10.0,860,0.0
861,1788886646.9645362,1788886646.9645362,1081,0.3436914086341858,5.661098957061768,-2.3561899662017822,2.3561899662017822,0.004363323096185923,0.05999999865889549,10.0,861,0.0
862,1788886647.014026,1788886647.014026,1081,0.34260979294776917,5.654285907745361,-2.3561899662017822,2.3561899662017822,0.004363323096185923,0.05999999865889549,10.0,862,0.0
863,1788886647.0646582,1788886647.0646582,1081,0.341356098651886,5.647782802581787,-2.3561899662017822,2.3561899662017822,0.004363323096185923,0.05999999865889549,10.0,863,0.0
864,1788886647.115012,1788886647.115012,1081,0.3399639129638672,5.6413679122924805,-2.3561899662017822,2.3561899662017822,0.004363323096185923,0.05999999865889549,10.0,864,0.0
865,1788886647.1644218,1788886647.1644218,1081,0.33843910694122314,5.635036945343018,-2.3561899662017822,2.3561899662017822,0.004363323096185923,0.05999999865889549,10.0,865,0.0
866,1788886647.2167509,1788886647.2167509,1081,0.33703550696372986,5.625431060791016,-2.3561899662017822,2.3561899662017822,0.004363323096185923,0.05999999865889549,10.0,866,0.0
867,1788886647.2664402,1788886647.2664402,1081,0.3356254994869232,5.614878177642822,-2.3561899662017822,2.3561899662017822,0.004363323096185923,0.05999999865889549,10.0,867,0.0
868,1788886647.315027,1788886647.315027,1081,0.3341046869754791,5.604352951049805,-2.3561899662017822,2.3561899662017822,0.004363323096185923,0.05999999865889549,10.0,868,0.0
869,1788886647.3641372,1788886647.3641372,1081,0.3324738144874573,5.593851089477539,-2.3561899662017822,2.3561899662017822,0.004363323096185923,0.05999999865889549,10.0,869,0.0
870,1788886647.4142997,1788886647.4142997,1081,0.33073291182518005,5.598680019378662,-2.3561899662017822,2.3561899662017822,0.004363323096185923,0.05999999865889549,10.0,870,0.0
871,1788886647.4646406,1788886647.4646406,1081,0.329145610332489,5.584712028503418,-2.3561899662017822,2.3561899662017822,0.004363323096185923,0.05999999865889549,10.0,871,0.0
872,1788886647.5143666,1788886647.5143666,1081,0.32752370834350586,5.585279941558838,-2.3561899662017822,2.3561899662017822,0.004363323096185923,0.05999999865889549,10.0,872,0.0
873,1788886647.5640955,1788886647.5640955,1081,0.32574060559272766,5.570316791534424,-2.3561899662017822,2.3561899662017822,0.004363323096185923,0.05999999865889549,10.0,873,0.0
874,1788886647.615102,1788886647.615102,1081,0.32384181022644043,5.571072101593018,-2.3561899662017822,2.3561899662017822,0.004363323096185923,0.05999999865889549,10.0,874,0.0
875,1788886647.6647656,1788886647.6647656,1081,0.32183998823165894,5.556128025054932,-2.3561899662017822,2.3561899662017822,0.004363323096185923,0.05999999865889549,10.0,875,0.0
876,1788886647.714911,1788886647.714911,1081,0.3199459910392761,5.5542402267456055,-2.3561899662017822,2.3561899662017822,0.004363323096185923,0.05999999865889549,10.0,876,0.0
877,1788886647.7637405,1788886647.7637405,1081,0.3180428147315979,5.55164098739624,-2.3561899662017822,2.3561899662017822,0.004363323096185923,0.05999999865889549,10.0,877,0.0
878,1788886647.8143198,1788886647.8143198,1081,0.316054105758667,5.532942771911621,-2.3561899662017822,2.3561899662017822,0.004363323096185923,0.05999999865889549,10.0,878,0.0
879,1788886647.863792,1788886647.863792,1081,0.31397730112075806,5.530448913574219,-2.3561899662017822,2.3561899662017822,0.004363323096185923,0.05999999865889549,10.0,879,0.0
880,1788886647.9141428,1788886647.9141428,1081,0.31181618571281433,5.5280961990356445,-2.3561899662017822,2.3561899662017822,0.004363323096185923,0.05999999865889549,10.0,880,0.0
881,1788886647.9639761,1788886647.9639761,1081,0.3097051978111267,5.523941993713379,-2.3561899662017822,2.3561899662017822,0.004363323096185923,0.05999999865889549,10.0,881,0.0
882,1788886648.0144637,1788886648.0144637,1081,0.307572603225708,5.519305229187012,-2.3561899662017822,2.3561899662017822,0.004363323096185923,0.05999999865889549,10.0,882,0.0
883,1788886648.064131,1788886648.064131,1081,0.30536338686943054,5.5147600173950195,-2.3561899662017822,2.3561899662017822,0.004363323096185923,0.05999999865889549,10.0,883,0.0
884,1788886648.1147265,1788886648.1147265,1081,0.30307748913764954,5.51031494140625,-2.3561899662017822,2.3561899662017822,0.004363323096185923,0.05999999865889549,10.0,884,0.0
885,1788886648.1638503,1788886648.1638503,1081,0.3007175028324127,5.505952835083008,-2.3561899662017822,2.3561899662017822,0.004363323096185923,0.05999999865889549,10.0,885,0.0
886,1788886648.2149968,1788886648.2149968,1081,0.29841148853302,5.499660968780518,-2.3561899662017822,2.3561899662017822,0.004363323096185923,0.05999999865889549,10.0,886,0.0
887,1788886648.2652235,1788886648.2652235,1081,0.2961026132106781,5.510325908660889,-2.3561899662017822,2.3561899662017822,0.004363323096185923,0.05999999865889549,10.0,887,0.0
888,1788886648.3150244,1788886648.3150244,1081,0.2937338054180145,5.505352020263672,-2.3561899662017822,2.3561899662017822,0.004363323096185923,0.05999999865889549,10.0,888,0.0
889,1788886648.3638134,1788886648.3638134,1081,0.29129499197006226,5.501895904541016,-2.3561899662017822,2.3561899662017822,0.004363323096185923,0.05999999865889549,10.0,889,0.0
890,1788886648.414062,1788886648.414062,1081,0.28880390524864197,5.522632122039795,-2.3561899662017822,2.3561899662017822,0.004363323096185923,0.05999999865889549,10.0,890,0.0
891,1788886648.4656575,1788886648.4656575,1081,0.28697431087493896,5.518192768096924,-2.3561899662017822,2.3561899662017822,0.004363323096185923,0.05999999865889549,10.0,891,0.0
892,1788886648.5149434,1788886648.5149434,1081,0.2862061858177185,5.513330936431885,-2.3561899662017822,2.3561899662017822,0.004363323096185923,0.05999999865889549,10.0,892,0.0
893,1788886648.5661178,1788886648.5661178,1081,0.2864798903465271,5.533163070678711,-2.3561899662017822,2.3561899662017822,0.004363323096185923,0.05999999865889549,10.0,893,0.0
894,1788886648.6163576,1788886648.6163576,1081,0.2879219055175781,5.5283308029174805,-2.3561899662017822,2.3561899662017822,0.004363323096185923,0.05999999865889549,10.0,894,0.0
895,1788886648.664833,1788886648.664833,1081,0.29052969813346863,5.549051761627197,-2.3561899662017822,2.3561899662017822,0.004363323096185923,0.05999999865889549,10.0,895,0.0
896,1788886648.7146308,1788886648.7146308,1081,0.2941999137401581,5.5701189041137695,-2.3561899662017822,2.3561899662017822,0.004363323096185923,0.05999999865889549,10.0,896,0.0
897,1788886648.7646923,1788886648.7646923,1081,0.2980360984802246,5.5652689933776855,-2.3561899662017822,2.3561899662017822,0.004363323096185923,0.05999999865889549,10.0,897,0.0
898,1788886648.8142097,1788886648.8142097,1081,0.3018079996109009,5.587174892425537,-2.3561899662017822,2.3561899662017822,0.004363323096185923,0.05999999865889549,10.0,898,0.0
899,1788886648.8644316,1788886648.8644316,1081,0.3055182099342346,5.582633018493652,-2.3561899662017822,2.3561899662017822,0.004363323096185923,0.05999999865889549,10.0,899,0.0
900,1788886648.9140863,1788886648.9140863,1081,0.3091649115085602,5.605548858642578,-2.3561899662017822,2.3561899662017822,0.004363323096185923,0.05999999865889549,10.0,900,0.0
901,1788886648.9641523,1788886648.9641523,1081,0.3127281069755554,5.601771831512451,-2.3561899662017822,2.3561899662017822,0.004363323096185923,0.05999999865889549,10.0,901,0.0
902,1788886649.0140135,1788886649.0140135,1081,0.3162182867527008,5.598196983337402,-2.3561899662017822,2.3561899662017822,0.004363323096185923,0.05999999865889549,10.0,902,0.0
903,1788886649.0646386,1788886649.0646386,1081,0.3196423053741455,5.594698905944824,-2.3561899662017822,2.3561899662017822,0.004363323096185923,0.05999999865889549,10.0,903,0.0
904,1788886649.1147177,1788886649.1147177,1081,0.3230026960372925,5.591297149658203,-2.3561899662017822,2.3561899662017822,0.004363323096185923,0.05999999865889549,10.0,904,0.0
905,1788886649.163895,1788886649.163895,1081,0.3262976109981537,5.587984085083008,-2.3561899662017822,2.3561899662017822,0.004363323096185923,0.05999999865889549,10.0,905,0.0
906,1788886649.2146873,1788886649.2146873,1081,0.3295069932937622,5.585204124450684,-2.3561899662017822,2.3561899662017822,0.004363323096185923,0.05999999865889549,10.0,906,0.0
907,1788886649.264568,1788886649.264568,1081,0.3326405882835388,5.581751823425293,-2.3561899662017822,2.3561899662017822,0.004363323096185923,0.05999999865889549,10.0,907,0.0
908,1788886649.314014,1788886649.314014,1081,0.33570849895477295,5.57663106918335,-2.3561899662017822,2.3561899662017822,0.004363323096185923,0.05999999865889549,10.0,908,0.0
909,1788886649.3648646,1788886649.3648646,1081,0.3387095034122467,5.571576118469238,-2.3561899662017822,2.3561899662017822,0.004363323096185923,0.05999999865889549,10.0,909,0.0
910,1788886649.415162,1788886649.415162,1081,0.3415626883506775,5.566647052764893,-2.3561899662017822,2.3561899662017822,0.004363323096185923,0.05999999865889549,10.0,910,0.0
911,1788886649.4644125,1788886649.4644125,1081,0.34397611021995544,5.568080902099609,-2.3561899662017822,2.3561899662017822,0.004363323096185923,0.05999999865889549,10.0,911,0.0
912,1788886649.5138671,1788886649.5138671,1081,0.34610798954963684,5.5484299659729,-2.3561899662017822,2.3561899662017822,0.004363323096185923,0.05999999865889549,10.0,912,0.0
913,1788886649.5646474,1788886649.5646474,1081,0.3481560945510864,5.553131103515625,-2.3561899662017822,2.3561899662017822,0.004363323096185923,0.05999999865889549,10.0,913,0.0
914,1788886649.6138573,1788886649.6138573,1081,0.3501167893409729,5.5580620765686035,-2.3561899662017822,2.3561899662017822,0.004363323096185923,0.05999999865889549,10.0,914,0.0
915,1788886649.6643333,1788886649.6643333,1081,0.3519926965236664,5.538355827331543,-2.3561899662017822,2.3561899662017822,0.004363323096185923,0.05999999865889549,10.0,915,0.0
916,1788886649.716075,1788886649.716075,1081,0.3537639081478119,5.543856143951416,-2.3561899662017822,2.3561899662017822,0.004363323096185923,0.05999999865889549,10.0,916,0.0
917,1788886649.765088,1788886649.765088,1081,0.355441689491272,5.549718856811523,-2.3561899662017822,2.3561899662017822,0.004363323096185923,0.05999999865889549,10.0,917,0.0
918,1788886649.8139434,1788886649.8139434,1081,0.3570302128791809,5.530476093292236,-2.3561899662017822,2.3561899662017822,0.004363323096185923,0.05999999865889549,10.0,918,0.0
919,1788886649.86499,1788886649.86499,1081,0.3585313856601715,5.5365681648254395,-2.3561899662017822,2.3561899662017822,0.004363323096185923,0.05999999865889549,10.0,919,0.0
920,1788886649.915519,1788886649.915519,1081,0.3599415123462677,5.555613994598389,-2.3561899662017822,2.3561899662017822,0.004363323096185923,0.05999999865889549,10.0,920,0.0
921,1788886649.9637506,1788886649.9637506,1081,0.36131730675697327,5.531210899353027,-2.3561899662017822,2.3561899662017822,0.004363323096185923,0.05999999865889549,10.0,921,0.0
922,1788886650.015704,1788886650.015704,1081,0.3626424968242645,5.553927898406982,-2.3561899662017822,2.3561899662017822,0.004363323096185923,0.05999999865889549,10.0,922,0.0
923,1788886650.0643275,1788886650.0643275,1081,0.363884299993515,5.577303886413574,-2.3561899662017822,2.3561899662017822,0.004363323096185923,0.05999999865889549,10.0,923,0.0
924,1788886650.1139307,1788886650.1139307,1081,0.3650417923927307,5.601408004760742,-2.3561899662017822,2.3561899662017822,0.004363323096185923,0.05999999865889549,10.0,924,0.0
925,1788886650.167507,1788886650.167507,1081,0.36611369252204895,5.575986862182617,-2.3561899662017822,2.3561899662017822,0.004363323096185923,0.05999999865889549,10.0,925,0.0
926,1788886650.2192929,1788886650.2192929,1081,0.36722999811172485,5.594894886016846,-2.3561899662017822,2.3561899662017822,0.004363323096185923,0.05999999865889549,10.0,926,0.0
927,1788886650.2688327,1788886650.2688327,1081,0.36835339665412903,5.611656188964844,-2.3561899662017822,2.3561899662017822,0.004363323096185923,0.05999999865889549,10.0,927,0.0
928,1788886650.3196685,1788886650.3196685,1081,0.36940181255340576,5.62895393371582,-2.3561899662017822,2.3561899662017822,0.004363323096185923,0.05999999865889549,10.0,928,0.0
929,1788886650.3692844,1788886650.3692844,1081,0.370378702878952,5.646711826324463,-2.3561899662017822,2.3561899662017822,0.004363323096185923,0.05999999865889549,10.0,929,0.0
930,1788886650.4398084,1788886650.4398084,1081,0.37181681394577026,5.66949987411499,-2.3561899662017822,2.3561899662017822,0.004363323096185923,0.05999999865889549,10.0,930,0.0
931,1788886650.4892151,1788886650.4892151,1081,0.3727608025074005,5.682631015777588,-2.3561899662017822,2.3561899662017822,0.004363323096185923,0.05999999865889549,10.0,931,0.0
932,1788886650.5389562,1788886650.5389562,1081,0.37366369366645813,5.772504806518555,-2.3561899662017822,2.3561899662017822,0.004363323096185923,0.05999999865889549,10.0,932,0.0
933,1788886650.5887804,1788886650.5887804,1081,0.37450069189071655,5.793910980224609,-2.3561899662017822,2.3561899662017822,0.004363323096185923,0.05999999865889549,10.0,933,0.0
934,1788886650.6393902,1788886650.6393902,1081,0.37529999017715454,5.816808223724365,-2.3561899662017822,2.3561899662017822,0.004363323096185923,0.05999999865889549,10.0,934,0.0
935,1788886650.689729,1788886650.689729,1081,0.3761341869831085,5.835960865020752,-2.3561899662017822,2.3561899662017822,0.004363323096185923,0.05999999865889549,10.0,935,0.0
936,1788886650.739045,1788886650.739045,1081,0.37694111466407776,5.930673122406006,-2.3561899662017822,2.3561899662017822,0.004363323096185923,0.05999999865889549,10.0,936,0.0
937,1788886650.7889624,1788886650.7889624,1081,0.3776876926422119,5.950727939605713,-2.3561899662017822,2.3561899662017822,0.004363323096185923,0.05999999865889549,10.0,937,0.0
938,1788886650.8414953,1788886650.8414953,1081,0.3783645033836365,5.9675068855285645,-2.3561899662017822,2.3561899662017822,0.004363323096185923,0.05999999865889549,10.0,938,0.0
939,1788886650.8915064,1788886650.8915064,1081,0.3789812922477722,6.042623996734619,-2.3561899662017822,2.3561899662017822,0.004363323096185923,0.05999999865889549,10.0,939,0.0
940,1788886650.9408593,1788886650.9408593,1081,0.37956878542900085,6.053531169891357,-2.3561899662017822,2.3561899662017822,0.004363323096185923,0.05999999865889549,10.0,940,0.0
941,1788886650.99063,1788886650.99063,1081,0.38012760877609253,6.063880920410156,-2.3561899662017822,2.3561899662017822,0.004363323096185923,0.05999999865889549,10.0,941,0.0
942,1788886651.0403416,1788886651.0403416,1081,0.3806234896183014,6.140804767608643,-2.3561899662017822,2.3561899662017822,0.004363323096185923,0.05999999865889549,10.0,942,0.0
943,1788886651.0900185,1788886651.0900185,1081,0.3810614049434662,6.152535915374756,-2.3561899662017822,2.3561899662017822,0.004363323096185923,0.05999999865889549,10.0,943,0.0
944,1788886651.1415637,1788886651.1415637,1081,0.381437212228775,6.234108924865723,-2.3561899662017822,2.3561899662017822,0.004363323096185923,0.05999999865889549,10.0,944,0.0
945,1788886651.19015,1788886651.19015,1081,0.38175898790359497,6.33026123046875,-2.3561899662017822,2.3561899662017822,0.004363323096185923,0.05999999865889549,10.0,945,0.0
946,1788886651.2392948,1788886651.2392948,1081,0.38201650977134705,6.349024772644043,-2.3561899662017822,2.3561899662017822,0.004363323096185923,0.05999999865889549,10.0,946,0.0
947,1788886651.2891421,1788886651.2891421,1081,0.38221681118011475,6.4544548988342285,-2.3561899662017822,2.3561899662017822,0.004363323096185923,0.05999999865889549,10.0,947,0.0
948,1788886651.3408742,1788886651.3408742,1081,0.38235628604888916,6.475632190704346,-2.3561899662017822,2.3561899662017822,0.004363323096185923,0.05999999865889549,10.0,948,0.0
949,1788886651.3917491,1788886651.3917491,1081,0.3824358880519867,6.588563919067383,-2.3561899662017822,2.3561899662017822,0.004363323096185923,0.05999999865889549,10.0,949,0.0
950,1788886651.440247,1788886651.440247,1081,0.38244980573654175,6.7080979347229,-2.3561899662017822,2.3561899662017822,0.004363323096185923,0.05999999865889549,10.0,950,0.0
951,1788886651.489582,1788886651.489582,1081,0.38240060210227966,6.7347259521484375,-2.3561899662017822,2.3561899662017822,0.004363323096185923,0.05999999865889549,10.0,951,0.0
952,1788886651.5407736,1788886651.5407736,1081,0.3822923004627228,6.863667011260986,-2.3561899662017822,2.3561899662017822,0.004363323096185923,0.05999999865889549,10.0,952,0.0
953,1788886651.593241,1788886651.593241,1081,0.38212311267852783,6.999981880187988,-2.3561899662017822,2.3561899662017822,0.004363323096185923,0.05999999865889549,10.0,953,0.0
954,1788886651.6426451,1788886651.6426451,1081,0.3818944990634918,7.0326080322265625,-2.3561899662017822,2.3561899662017822,0.004363323096185923,0.05999999865889549,10.0,954,0.0
955,1788886651.6914577,1788886651.6914577,1081,0.3815717101097107,7.1767988204956055,-2.3561899662017822,2.3561899662017822,0.004363323096185923,0.05999999865889549,10.0,955,0.0
956,1788886651.7403162,1788886651.7403162,1081,0.38116711378097534,7.322195053100586,-2.3561899662017822,2.3561899662017822,0.004363323096185923,0.05999999865889549,10.0,956,0.0
957,1788886651.7890327,1788886651.7890327,1081,0.3807012140750885,7.580362796783447,-2.3561899662017822,2.3561899662017822,0.004363323096185923,0.05999999865889549,10.0,957,0.0
958,1788886651.8396046,1788886651.8396046,1080,0.38016989827156067,7.768421173095703,-2.3561899662017822,2.3561899662017822,0.004363323096185923,0.05999999865889549,10.0,958,0.0
959,1788886651.890003,1788886651.890003,1079,0.3795781135559082,7.553666114807129,-2.3561899662017822,2.3561899662017822,0.004363323096185923,0.05999999865889549,10.0,959,0.0
960,1788886651.9397955,1788886651.9397955,1078,0.378922700881958,7.747704029083252,-2.3561899662017822,2.3561899662017822,0.004363323096185923,0.05999999865889549,10.0,960,0.0
961,1788886651.9892735,1788886651.9892735,1076,0.37820398807525635,7.528182029724121,-2.3561899662017822,2.3561899662017822,0.004363323096185923,0.05999999865889549,10.0,961,0.0
962,1788886652.039541,1788886652.039541,1075,0.3774217963218689,7.728870868682861,-2.3561899662017822,2.3561899662017822,0.004363323096185923,0.05999999865889549,10.0,962,0.0
963,1788886652.0888603,1788886652.0888603,1073,0.3765738010406494,7.504602909088135,-2.3561899662017822,2.3561899662017822,0.004363323096185923,0.05999999865889549,10.0,963,0.0
964,1788886652.1399508,1788886652.1399508,1072,0.37571480870246887,7.698322772979736,-2.3561899662017822,2.3561899662017822,0.004363323096185923,0.05999999865889549,10.0,964,0.0
965,1788886652.189145,1788886652.189145,1071,0.3743422031402588,7.663850784301758,-2.3561899662017822,2.3561899662017822,0.004363323096185923,0.05999999865889549,10.0,965,0.0
966,1788886652.239111,1788886652.239111,1069,0.37216028571128845,7.437942981719971,-2.3561899662017822,2.3561899662017822,0.004363323096185923,0.05999999865889549,10.0,966,0.0
967,1788886652.2896376,1788886652.2896376,1068,0.3703888952732086,7.6548380851745605,-2.3561899662017822,2.3561899662017822,0.004363323096185923,0.05999999865889549,10.0,967,0.0
968,1788886652.3388598,1788886652.3388598,1066,0.36917030811309814,7.4256367683410645,-2.3561899662017822,2.3561899662017822,0.004363323096185923,0.05999999865889549,10.0,968,0.0
969,1788886652.3898668,1788886652.3898668,1066,0.36864471435546875,7.650744915008545,-2.3561899662017822,2.3561899662017822,0.004363323096185923,0.05999999865889549,10.0,969,0.0
970,1788886652.4399107,1788886652.4399107,1064,0.368681401014328,7.376914978027344,-2.3561899662017822,2.3561899662017822,0.004363323096185923,0.05999999865889549,10.0,970,0.0
971,1788886652.488783,1788886652.488783,1063,0.36946409940719604,7.547962188720703,-2.3561899662017822,2.3561899662017822,0.004363323096185923,0.05999999865889549,10.0,971,0.0
972,1788886652.5396376,1788886652.5396376,1062,0.3706377148628235,7.733558177947998,-2.3561899662017822,2.3561899662017822,0.004363323096185923,0.05999999865889549,10.0,972,0.0
973,1788886652.5895817,1788886652.5895817,1060,0.37173691391944885,7.433467864990234,-2.3561899662017822,2.3561899662017822,0.004363323096185923,0.05999999865889549,10.0,973,0.0
974,1788886652.6397407,1788886652.6397407,1059,0.37272441387176514,7.619997024536133,-2.3561899662017822,2.3561899662017822,0.004363323096185923,0.05999999865889549,10.0,974,0.0
975,1788886652.6897402,1788886652.6897402,1058,0.373887300491333,7.686858177185059,-2.3561899662017822,2.3561899662017822,0.004363323096185923,0.05999999865889549,10.0,975,0.0
976,1788886652.7387812,1788886652.7387812,1055,0.37508121132850647,7.2243971824646,-2.3561899662017822,2.3561899662017822,0.004363323096185923,0.05999999865889549,10.0,976,0.0
977,1788886652.7895608,1788886652.7895608,1054,0.37618520855903625,7.247304916381836,-2.3561899662017822,2.3561899662017822,0.004363323096185923,0.05999999865889549,10.0,977,0.0
978,1788886652.8389502,1788886652.8389502,1053,0.3772312104701996,9.859766006469727,-2.3561899662017822,2.3561899662017822,0.004363323096185923,0.05999999865889549,10.0,978,0.0
979,1788886652.8900843,1788886652.8900843,1054,0.3782176077365875,9.966261863708496,-2.3561899662017822,2.3561899662017822,0.004363323096185923,0.05999999865889549,10.0,979,0.0
980,1788886652.9388251,1788886652.9388251,1054,0.3794093132019043,9.96503734588623,-2.3561899662017822,2.3561899662017822,0.004363323096185923,0.05999999865889549,10.0,980,0.0
981,1788886652.9890857,1788886652.9890857,1054,0.3806656002998352,9.976847648620605,-2.3561899662017822,2.3561899662017822,0.004363323096185923,0.05999999865889549,10.0,981,0.0
982,1788886653.0399704,1788886653.0399704,1055,0.38184449076652527,9.988450050354004,-2.3561899662017822,2.3561899662017822,0.004363323096185923,0.05999999865889549,10.0,982,0.0
983,1788886653.0887394,1788886653.0887394,1055,0.38297510147094727,9.995485305786133,-2.3561899662017822,2.3561899662017822,0.004363323096185923,0.05999999865889549,10.0,983,0.0
984,1788886653.138947,1788886653.138947,1055,0.3840632140636444,9.997336387634277,-2.3561899662017822,2.3561899662017822,0.004363323096185923,0.05999999865889549,10.0,984,0.0
985,1788886653.188795,1788886653.188795,1054,0.3856031894683838,9.921743392944336,-2.3561899662017822,2.3561899662017822,0.004363323096185923,0.05999999865889549,10.0,985,0.0
986,1788886653.2392378,1788886653.2392378,1054,0.3873308002948761,9.86807632446289,-2.3561899662017822,2.3561899662017822,0.004363323096185923,0.05999999865889549,10.0,986,0.0
987,1788886653.2913234,1788886653.2913234,1055,0.38902008533477783,9.959381103515625,-2.3561899662017822,2.3561899662017822,0.004363323096185923,0.05999999865889549,10.0,987,0.0
988,1788886653.3396974,1788886653.3396974,1055,0.3906691074371338,9.905035972595215,-2.3561899662017822,2.3561899662017822,0.004363323096185923,0.05999999865889549,10.0,988,0.0
989,1788886653.3893373,1788886653.3893373,1055,0.3922787010669708,9.996500015258789,-2.3561899662017822,2.3561899662017822,0.004363323096185923,0.05999999865889549,10.0,989,0.0
990,1788886653.4410355,1788886653.4410355,1055,0.39386680722236633,9.94391918182373,-2.3561899662017822,2.3561899662017822,0.004363323096185923,0.05999999865889549,10.0,990,0.0
991,1788886653.4898615,1788886653.4898615,1055,0.395427405834198,9.892733573913574,-2.3561899662017822,2.3561899662017822,0.004363323096185923,0.05999999865889549,10.0,991,0.0
992,1788886653.5397403,1788886653.5397403,1056,0.3969474136829376,9.986346244812012,-2.3561899662017822,2.3561899662017822,0.004363323096185923,0.05999999865889549,10.0,992,0.0
993,1788886653.589423,1788886653.589423,1055,0.39843299984931946,9.9345121383667,-2.3561899662017822,2.3561899662017822,0.004363323096185923,0.05999999865889549,10.0,993,0.0
994,1788886653.638786,1788886653.638786,1055,0.3998822867870331,9.883292198181152,-2.3561899662017822,2.3561899662017822,0.004363323096185923,0.05999999865889549,10.0,994,0.0
995,1788886653.6890345,1788886653.6890345,1056,0.4014275074005127,9.993228912353516,-2.3561899662017822,2.3561899662017822,0.004363323096185923,0.05999999865889549,10.0,995,0.0
996,1788886653.7389348,1788886653.7389348,1056,0.4029979109764099,9.963022232055664,-2.3561899662017822,2.3561899662017822,0.004363323096185923,0.05999999865889549,10.0,996,0.0
997,1788886653.7890608,1788886653.7890608,1056,0.404543399810791,9.932936668395996,-2.3561899662017822,2.3561899662017822,0.004363323096185923,0.05999999865889549,10.0,997,0.0
998,1788886653.8387597,1788886653.8387597,1056,0.4060640037059784,9.902914047241211,-2.3561899662017822,2.3561899662017822,0.004363323096185923,0.05999999865889549,10.0,998,0.0
999,1788886653.8895643,1788886653.8895643,1056,0.4075602889060974,9.873122215270996,-2.3561899662017822,2.3561899662017822,0.004363323096185923,0.05999999865889549,10.0,999,0.0
1000,1788886653.93925,1788886653.93925,1057,0.40911608934402466,9.996896743774414,-2.3561899662017822,2.3561899662017822,0.004363323096185923,0.05999999865889549,10.0,1000,0.0
1001,1788886653.9894927,1788886653.9894927,1057,0.4106875956058502,9.980265617370605,-2.3561899662017822,2.3561899662017822,0.004363323096185923,0.05999999865889549,10.0,1001,0.0
1002,1788886654.0395138,1788886654.0395138,1057,0.41224220395088196,9.963846206665039,-2.3561899662017822,2.3561899662017822,0.004363323096185923,0.05999999865889549,10.0,1002,0.0
1003,1788886654.088933,1788886654.088933,1057,0.41543591022491455,9.92945384979248,-2.3561899662017822,2.3561899662017822,0.004363323096185923,0.05999999865889549,10.0,1003,0.0
1004,1788886654.1895025,1788886654.1895025,1057,0.41703730821609497,9.911837577819824,-2.3561899662017822,2.3561899662017822,0.004363323096185923,0.05999999865889549,10.0,1004,0.0
1005,1788886654.2397227,1788886654.2397227,1057,0.41865700483322144,9.899210929870605,-2.3561899662017822,2.3561899662017822,0.004363323096185923,0.05999999865889549,10.0,1005,0.0
1006,1788886654.289043,1788886654.289043,1057,0.42027559876441956,9.887908935546875,-2.3561899662017822,2.3561899662017822,0.004363323096185923,0.05999999865889549,10.0,1006,0.0
1007,1788886654.3390453,1788886654.3390453,1057,0.42188018560409546,9.876652717590332,-2.3561899662017822,2.3561899662017822,0.004363323096185923,0.05999999865889549,10.0,1007,0.0
1008,1788886654.3896995,1788886654.3896995,1057,0.4234701097011566,9.865313529968262,-2.3561899662017822,2.3561899662017822,0.004363323096185923,0.05999999865889549,10.0,1008,0.0
1009,1788886654.438773,1788886654.438773,1057,0.42509138584136963,9.860209465026855,-2.3561899662017822,2.3561899662017822,0.004363323096185923,0.05999999865889549,10.0,1009,0.0
1010,1788886654.4892478,1788886654.4892478,1058,0.4267235994338989,9.997772216796875,-2.3561899662017822,2.3561899662017822,0.004363323096185923,0.05999999865889549,10.0,1010,0.0
1011,1788886654.5388606,1788886654.5388606,1059,0.42834529280662537,9.994290351867676,-2.3561899662017822,2.3561899662017822,0.004363323096185923,0.05999999865889549,10.0,1011,0.0
1012,1788886654.5888472,1788886654.5888472,1059,0.42995700240135193,9.990706443786621,-2.3561899662017822,2.3561899662017822,0.004363323096185923,0.05999999865889549,10.0,1012,0.0
1013,1788886654.6388702,1788886654.6388702,1059,0.4315586984157562,9.987183570861816,-2.3561899662017822,2.3561899662017822,0.004363323096185923,0.05999999865889549,10.0,1013,0.0
1014,1788886654.68883,1788886654.68883,1059,0.4331817924976349,9.98767375946045,-2.3561899662017822,2.3561899662017822,0.004363323096185923,0.05999999865889549,10.0,1014,0.0
1015,1788886654.7396717,1788886654.7396717,1059,0.4348208010196686,9.990906715393066,-2.3561899662017822,2.3561899662017822,0.004363323096185923,0.05999999865889549,10.0,1015,0.0
1016,1788886654.7896776,1788886654.7896776,1059,0.43646278977394104,9.994607925415039,-2.3561899662017822,2.3561899662017822,0.004363323096185923,0.05999999865889549,10.0,1016,0.0
1017,1788886654.8389008,1788886654.8389008,1060,0.4380949139595032,9.998221397399902,-2.3561899662017822,2.3561899662017822,0.004363323096185923,0.05999999865889549,10.0,1017,0.0
1018,1788886654.8887677,1788886654.8887677,1059,0.43972378969192505,9.862822532653809,-2.3561899662017822,2.3561899662017822,0.004363323096185923,0.05999999865889549,10.0,1018,0.0
1019,1788886654.9391432,1788886654.9391432,1059,0.4413329064846039,9.86489200592041,-2.3561899662017822,2.3561899662017822,0.004363323096185923,0.05999999865889549,10.0,1019,0.0
1020,1788886654.988843,1788886654.988843,1059,0.44292980432510376,9.866530418395996,-2.3561899662017822,2.3561899662017822,0.004363323096185923,0.05999999865889549,10.0,1020,0.0
1021,1788886655.0390613,1788886655.0390613,1059,0.4445168077945709,9.868102073669434,-2.3561899662017822,2.3561899662017822,0.004363323096185923,0.05999999865889549,10.0,1021,0.0
1022,1788886655.0891707,1788886655.0891707,1059,0.4460986852645874,9.869714736938477,-2.3561899662017822,2.3561899662017822,0.004363323096185923,0.05999999865889549,10.0,1022,0.0
1023,1788886655.1387148,1788886655.1387148,1060,0.44793498516082764,9.871264457702637,-2.3561899662017822,2.3561899662017822,0.004363323096185923,0.05999999865889549,10.0,1023,0.0
1024,1788886655.1892288,1788886655.1892288,1060,0.4506652057170868,9.872027397155762,-2.3561899662017822,2.3561899662017822,0.004363323096185923,0.05999999865889549,10.0,1024,0.0
1025,1788886655.2397435,1788886655.2397435,1060,0.45417821407318115,9.872602462768555,-2.3561899662017822,2.3561899662017822,0.004363323096185923,0.05999999865889549,10.0,1025,0.0
1026,1788886655.2888641,1788886655.2888641,1060,0.45865800976753235,9.873068809509277,-2.3561899662017822,2.3561899662017822,0.004363323096185923,0.05999999865889549,10.0,1026,0.0
1027,1788886655.3399436,1788886655.3399436,1060,0.463967889547348,9.87347412109375,-2.3561899662017822,2.3561899662017822,0.004363323096185923,0.05999999865889549,10.0,1027,0.0
1028,1788886655.3899941,1788886655.3899941,1061,0.4700010120868683,9.873910903930664,-2.3561899662017822,2.3561899662017822,0.004363323096185923,0.05999999865889549,10.0,1028,0.0
1029,1788886655.43918,1788886655.43918,1061,0.4767675995826721,9.872876167297363,-2.3561899662017822,2.3561899662017822,0.004363323096185923,0.05999999865889549,10.0,1029,0.0
1030,1788886655.4908805,1788886655.4908805,1061,0.48423850536346436,9.871405601501465,-2.3561899662017822,2.3561899662017822,0.004363323096185923,0.05999999865889549,10.0,1030,0.0
1031,1788886655.541246,1788886655.541246,1061,0.49226948618888855,9.869823455810547,-2.3561899662017822,2.3561899662017822,0.004363323096185923,0.05999999865889549,10.0,1031,0.0
1032,1788886655.590586,1788886655.590586,1061,0.5011230707168579,9.868314743041992,-2.3561899662017822,2.3561899662017822,0.004363323096185923,0.05999999865889549,10.0,1032,0.0
1033,1788886655.6421628,1788886655.6421628,1061,0.5105708837509155,9.866777420043945,-2.3561899662017822,2.3561899662017822,0.004363323096185923,0.05999999865889549,10.0,1033,0.0
1034,1788886655.691734,1788886655.691734,1062,0.5208094716072083,9.874768257141113,-2.3561899662017822,2.3561899662017822,0.004363323096185923,0.05999999865889549,10.0,1034,0.0
1035,1788886655.7420733,1788886655.7420733,1062,0.53145432472229,9.88676929473877,-2.3561899662017822,2.3561899662017822,0.004363323096185923,0.05999999865889549,10.0,1035,0.0
1036,1788886655.792263,1788886655.792263,1062,0.5427247285842896,9.898917198181152,-2.3561899662017822,2.3561899662017822,0.004363323096185923,0.05999999865889549,10.0,1036,0.0
1037,1788886655.8414598,1788886655.8414598,1062,0.5542852878570557,9.911032676696777,-2.3561899662017822,2.3561899662017822,0.004363323096185923,0.05999999865889549,10.0,1037,0.0
1038,1788886655.8897052,1788886655.8897052,1063,0.5658472776412964,9.923086166381836,-2.3561899662017822,2.3561899662017822,0.004363323096185923,0.05999999865889549,10.0,1038,0.0
1039,1788886655.9394324,1788886655.9394324,1063,0.577389121055603,9.932877540588379,-2.3561899662017822,2.3561899662017822,0.004363323096185923,0.05999999865889549,10.0,1039,0.0
1040,1788886655.9896817,1788886655.9896817,1063,0.5889204144477844,9.94189167022705,-2.3561899662017822,2.3561899662017822,0.004363323096185923,0.05999999865889549,10.0,1040,0.0
1041,1788886656.0389857,1788886656.0389857,1064,0.6004502773284912,9.950950622558594,-2.3561899662017822,2.3561899662017822,0.004363323096185923,0.05999999865889549,10.0,1041,0.0
1042,1788886656.0895414,1788886656.0895414,1064,0.6119816899299622,9.960034370422363,-2.3561899662017822,2.3561899662017822,0.004363323096185923,0.05999999865889549,10.0,1042,0.0
1043,1788886656.1387212,1788886656.1387212,1064,0.6235095858573914,9.969015121459961,-2.3561899662017822,2.3561899662017822,0.004363323096185923,0.05999999865889549,10.0,1043,0.0
1044,1788886656.1893446,1788886656.1893446,1065,0.6350147724151611,9.975687980651855,-2.3561899662017822,2.3561899662017822,0.004363323096185923,0.05999999865889549,10.0,1044,0.0
1045,1788886656.238838,1788886656.238838,1065,0.6465144753456116,9.981773376464844,-2.3561899662017822,2.3561899662017822,0.004363323096185923,0.05999999865889549,10.0,1045,0.0
1046,1788886656.2891335,1788886656.2891335,1065,0.6580026149749756,9.987630844116211,-2.3561899662017822,2.3561899662017822,0.004363323096185923,0.05999999865889549,10.0,1046,0.0
1047,1788886656.3389492,1788886656.3389492,1065,0.6670342087745667,9.992467880249023,-2.3561899662017822,2.3561899662017822,0.004363323096185923,0.05999999865889549,10.0,1047,0.0
1048,1788886656.3889973,1788886656.3889973,1065,0.6672924757003784,9.992721557617188,-2.3561899662017822,2.3561899662017822,0.004363323096185923,0.05999999865889549,10.0,1048,0.0
1049,1788886656.4389737,1788886656.4389737,1065,0.6671550273895264,9.992483139038086,-2.3561899662017822,2.3561899662017822,0.004363323096185923,0.05999999865889549,10.0,1049,0.0
1050,1788886656.489252,1788886656.489252,1065,0.6670578122138977,9.992365837097168,-2.3561899662017822,2.3561899662017822,0.004363323096185923,0.05999999865889549,10.0,1050,0.0
1051,1788886656.5387366,1788886656.5387366,1065,0.6669806241989136,9.99229621887207,-2.3561899662017822,2.3561899662017822,0.004363323096185923,0.05999999865889549,10.0,1051,0.0
1052,1788886656.589144,1788886656.589144,1065,0.6669173240661621,9.992142677307129,-2.3561899662017822,2.3561899662017822,0.004363323096185923,0.05999999865889549,10.0,1052,0.0
1053,1788886656.638982,1788886656.638982,1065,0.6668652296066284,9.992010116577148,-2.3561899662017822,2.3561899662017822,0.004363323096185923,0.05999999865889549,10.0,1053,0.0
1054,1788886656.689192,1788886656.689192,1065,0.6668316721916199,9.99196720123291,-2.3561899662017822,2.3561899662017822,0.004363323096185923,0.05999999865889549,10.0,1054,0.0
1055,1788886656.7389185,1788886656.7389185,1065,0.6668074727058411,9.991972923278809,-2.3561899662017822,2.3561899662017822,0.004363323096185923,0.05999999865889549,10.0,1055,0.0
1056,1788886656.7896605,1788886656.7896605,1065,0.6667847037315369,9.991890907287598,-2.3561899662017822,2.3561899662017822,0.004363323096185923,0.05999999865889549,10.0,1056,0.0
1057,1788886656.8395844,1788886656.8395844,1065,0.6673864126205444,9.924946784973145,-2.3561899662017822,2.3561899662017822,0.004363323096185923,0.05999999865889549,10.0,1057,0.0
1058,1788886656.890782,1788886656.890782,1064,0.668811023235321,9.866776466369629,-2.3561899662017822,2.3561899662017822,0.004363323096185923,0.05999999865889549,10.0,1058,0.0
1059,1788886656.9424927,1788886656.9424927,1065,0.6701824069023132,9.91943073272705,-2.3561899662017822,2.3561899662017822,0.004363323096185923,0.05999999865889549,10.0,1059,0.0
1060,1788886656.9918737,1788886656.9918737,1065,0.6714019179344177,9.970481872558594,-2.3561899662017822,2.3561899662017822,0.004363323096185923,0.05999999865889549,10.0,1060,0.0
1061,1788886657.0417175,1788886657.0417175,1065,0.672461986541748,9.886947631835938,-2.3561899662017822,2.3561899662017822,0.004363323096185923,0.05999999865889549,10.0,1061,0.0
1062,1788886657.0909204,1788886657.0909204,1065,0.6733639240264893,9.936701774597168,-2.3561899662017822,2.3561899662017822,0.004363323096185923,0.05999999865889549,10.0,1062,0.0
1063,1788886657.1410007,1788886657.1410007,1066,0.674108624458313,9.98659896850586,-2.3561899662017822,2.3561899662017822,0.004363323096185923,0.05999999865889549,10.0,1063,0.0
1064,1788886657.1896758,1788886657.1896758,1065,0.6746957898139954,9.90112018585205,-2.3561899662017822,2.3561899662017822,0.004363323096185923,0.05999999865889549,10.0,1064,0.0
1065,1788886657.2399876,1788886657.2399876,1065,0.6751281023025513,9.94979190826416,-2.3561899662017822,2.3561899662017822,0.004363323096185923,0.05999999865889549,10.0,1065,0.0
1066,1788886657.2893684,1788886657.2893684,1066,0.6753997206687927,9.982074737548828,-2.3561899662017822,2.3561899662017822,0.004363323096185923,0.05999999865889549,10.0,1066,0.0
1067,1788886657.3396444,1788886657.3396444,1065,0.6755176186561584,9.911111831665039,-2.3561899662017822,2.3561899662017822,0.004363323096185923,0.05999999865889549,10.0,1067,0.0
1068,1788886657.38892,1788886657.38892,1066,0.6754770874977112,9.951480865478516,-2.3561899662017822,2.3561899662017822,0.004363323096185923,0.05999999865889549,10.0,1068,0.0
1069,1788886657.4394271,1788886657.4394271,1066,0.6752836108207703,9.97203254699707,-2.3561899662017822,2.3561899662017822,0.004363323096185923,0.05999999865889549,10.0,1069,0.0
1070,1788886657.4889832,1788886657.4889832,1066,0.6749311089515686,9.992512702941895,-2.3561899662017822,2.3561899662017822,0.004363323096185923,0.05999999865889549,10.0,1070,0.0
1071,1788886657.5397794,1788886657.5397794,1066,0.6744241118431091,9.939927101135254,-2.3561899662017822,2.3561899662017822,0.004363323096185923,0.05999999865889549,10.0,1071,0.0
1072,1788886657.590156,1788886657.590156,1066,0.673761785030365,9.959827423095703,-2.3561899662017822,2.3561899662017822,0.004363323096185923,0.05999999865889549,10.0,1072,0.0
1073,1788886657.6395504,1788886657.6395504,1066,0.6729447245597839,9.97970199584961,-2.3561899662017822,2.3561899662017822,0.004363323096185923,0.05999999865889549,10.0,1073,0.0
1074,1788886657.6888127,1788886657.6888127,1066,0.6723945140838623,9.952401161193848,-2.3561899662017822,2.3561899662017822,0.004363323096185923,0.05999999865889549,10.0,1074,0.0
1075,1788886657.7390623,1788886657.7390623,1066,0.6718860268592834,9.932058334350586,-2.3561899662017822,2.3561899662017822,0.004363323096185923,0.05999999865889549,10.0,1075,0.0
1076,1788886657.7889206,1788886657.7889206,1067,0.6712411046028137,9.98457145690918,-2.3561899662017822,2.3561899662017822,0.004363323096185923,0.05999999865889549,10.0,1076,0.0
1077,1788886657.839462,1788886657.839462,1066,0.6704593896865845,9.963611602783203,-2.3561899662017822,2.3561899662017822,0.004363323096185923,0.05999999865889549,10.0,1077,0.0
1078,1788886657.8892236,1788886657.8892236,1066,0.669540524482727,9.942386627197266,-2.3561899662017822,2.3561899662017822,0.004363323096185923,0.05999999865889549,10.0,1078,0.0
1079,1788886657.9392292,1788886657.9392292,1066,0.6688824892044067,9.946112632751465,-2.3561899662017822,2.3561899662017822,0.004363323096185923,0.05999999865889549,10.0,1079,0.0
1080,1788886657.9889903,1788886657.9889903,1067,0.6682726740837097,9.956680297851562,-2.3561899662017822,2.3561899662017822,0.004363323096185923,0.05999999865889549,10.0,1080,0.0
1081,1788886658.0388656,1788886658.0388656,1067,0.6675441265106201,9.967122077941895,-2.3561899662017822,2.3561899662017822,0.004363323096185923,0.05999999865889549,10.0,1081,0.0
1082,1788886658.0894215,1788886658.0894215,1067,0.6666949987411499,9.977340698242188,-2.3561899662017822,2.3561899662017822,0.004363323096185923,0.05999999865889549,10.0,1082,0.0
1083,1788886658.1395586,1788886658.1395586,1067,0.6657289266586304,9.987564086914062,-2.3561899662017822,2.3561899662017822,0.004363323096185923,0.05999999865889549,10.0,1083,0.0
1084,1788886658.1899135,1788886658.1899135,1067,0.6650754809379578,9.951201438903809,-2.3561899662017822,2.3561899662017822,0.004363323096185923,0.05999999865889549,10.0,1084,0.0
1085,1788886658.2397022,1788886658.2397022,1067,0.6645259857177734,9.998172760009766,-2.3561899662017822,2.3561899662017822,0.004363323096185923,0.05999999865889549,10.0,1085,0.0
1086,1788886658.2897935,1788886658.2897935,1067,0.663878321647644,9.97024917602539,-2.3561899662017822,2.3561899662017822,0.004363323096185923,0.05999999865889549,10.0,1086,0.0
1087,1788886658.3392463,1788886658.3392463,1068,0.6630545258522034,9.996744155883789,-2.3561899662017822,2.3561899662017822,0.004363323096185923,0.05999999865889549,10.0,1087,0.0
1088,1788886658.3888469,1788886658.3888469,1067,0.6619867086410522,9.925959587097168,-2.3561899662017822,2.3561899662017822,0.004363323096185923,0.05999999865889549,10.0,1088,0.0
1089,1788886658.4389243,1788886658.4389243,1067,0.6612411737442017,9.9596529006958,-2.3561899662017822,2.3561899662017822,0.004363323096185923,0.05999999865889549,10.0,1089,0.0
1090,1788886658.4888213,1788886658.4888213,1067,0.6605762839317322,9.927467346191406,-2.3561899662017822,2.3561899662017822,0.004363323096185923,0.05999999865889549,10.0,1090,0.0
1091,1788886658.5393155,1788886658.5393155,1068,0.6597872972488403,9.970111846923828,-2.3561899662017822,2.3561899662017822,0.004363323096185923,0.05999999865889549,10.0,1091,0.0
1092,1788886658.5887473,1788886658.5887473,1067,0.6588320732116699,9.928704261779785,-2.3561899662017822,2.3561899662017822,0.004363323096185923,0.05999999865889549,10.0,1092,0.0
1093,1788886658.6402466,1788886658.6402466,1068,0.6576899886131287,9.953568458557129,-2.3561899662017822,2.3561899662017822,0.004363323096185923,0.05999999865889549,10.0,1093,0.0
1094,1788886658.6892698,1788886658.6892698,1067,0.6568995714187622,9.93600082397461,-2.3561899662017822,2.3561899662017822,0.004363323096185923,0.05999999865889549,10.0,1094,0.0
1095,1788886658.738958,1788886658.738958,1067,0.6562308073043823,9.929315567016602,-2.3561899662017822,2.3561899662017822,0.004363323096185923,0.05999999865889549,10.0,1095,0.0
1096,1788886658.7897851,1788886658.7897851,1068,0.6554486751556396,9.998809814453125,-2.3561899662017822,2.3561899662017822,0.004363323096185923,0.05999999865889549,10.0,1096,0.0
1097,1788886658.8407485,1788886658.8407485,1068,0.6545202732086182,9.985331535339355,-2.3561899662017822,2.3561899662017822,0.004363323096185923,0.05999999865889549,10.0,1097,0.0
1098,1788886658.8891425,1788886658.8891425,1068,0.6535155177116394,9.964227676391602,-2.3561899662017822,2.3561899662017822,0.004363323096185923,0.05999999865889549,10.0,1098,0.0
1099,1788886658.9390492,1788886658.9390492,1068,0.6530209183692932,9.967973709106445,-2.3561899662017822,2.3561899662017822,0.004363323096185923,0.05999999865889549,10.0,1099,0.0
1100,1788886658.9898324,1788886658.9898324,1069,0.65300452709198,9.979114532470703,-2.3561899662017822,2.3561899662017822,0.004363323096185923,0.05999999865889549,10.0,1100,0.0
1101,1788886659.0400052,1788886659.0400052,1069,0.6532139182090759,9.990243911743164,-2.3561899662017822,2.3561899662017822,0.004363323096185923,0.05999999865889549,10.0,1101,0.0
1102,1788886659.0893915,1788886659.0893915,1069,0.653572678565979,9.996017456054688,-2.3561899662017822,2.3561899662017822,0.004363323096185923,0.05999999865889549,10.0,1102,0.0
1103,1788886659.1389606,1788886659.1389606,1069,0.6542791128158569,9.995410919189453,-2.3561899662017822,2.3561899662017822,0.004363323096185923,0.05999999865889549,10.0,1103,0.0
1104,1788886659.18902,1788886659.18902,1069,0.6558089852333069,9.94983959197998,-2.3561899662017822,2.3561899662017822,0.004363323096185923,0.05999999865889549,10.0,1104,0.0
1105,1788886659.238823,1788886659.238823,1069,0.6577891111373901,9.992376327514648,-2.3561899662017822,2.3561899662017822,0.004363323096185923,0.05999999865889549,10.0,1105,0.0
1106,1788886659.2894123,1788886659.2894123,1069,0.6600546836853027,9.956316947937012,-2.3561899662017822,2.3561899662017822,0.004363323096185923,0.05999999865889549,10.0,1106,0.0
1107,1788886659.3395357,1788886659.3395357,1070,0.6623756885528564,9.994964599609375,-2.3561899662017822,2.3561899662017822,0.004363323096185923,0.05999999865889549,10.0,1107,0.0
1108,1788886659.3889058,1788886659.3889058,1069,0.6646897196769714,9.9500732421875,-2.3561899662017822,2.3561899662017822,0.004363323096185923,0.05999999865889549,10.0,1108,0.0
1109,1788886659.4395037,1788886659.4395037,1069,0.6673433184623718,9.934871673583984,-2.3561899662017822,2.3561899662017822,0.004363323096185923,0.05999999865889549,10.0,1109,0.0
1110,1788886659.488821,1788886659.488821,1069,0.6701154112815857,9.928476333618164,-2.3561899662017822,2.3561899662017822,0.004363323096185923,0.05999999865889549,10.0,1110,0.0
1111,1788886659.5393946,1788886659.5393946,1069,0.6728262901306152,9.921968460083008,-2.3561899662017822,2.3561899662017822,0.004363323096185923,0.05999999865889549,10.0,1111,0.0
1112,1788886659.589178,1788886659.589178,1070,0.6755496263504028,9.992417335510254,-2.3561899662017822,2.3561899662017822,0.004363323096185923,0.05999999865889549,10.0,1112,0.0
1113,1788886659.6400425,1788886659.6400425,1070,0.6783080101013184,9.97996997833252,-2.3561899662017822,2.3561899662017822,0.004363323096185923,0.05999999865889549,10.0,1113,0.0
1114,1788886659.6888247,1788886659.6888247,1071,0.6813498139381409,9.991809844970703,-2.3561899662017822,2.3561899662017822,0.004363323096185923,0.05999999865889549,10.0,1114,0.0
1115,1788886659.7388349,1788886659.7388349,1070,0.6845114827156067,9.931144714355469,-2.3561899662017822,2.3561899662017822,0.004363323096185923,0.05999999865889549,10.0,1115,0.0
1116,1788886659.78896,1788886659.78896,1070,0.6876348257064819,9.951004981994629,-2.3561899662017822,2.3561899662017822,0.004363323096185923,0.05999999865889549,10.0,1116,0.0
1117,1788886659.8392336,1788886659.8392336,1071,0.6907203197479248,9.971016883850098,-2.3561899662017822,2.3561899662017822,0.004363323096185923,0.05999999865889549,10.0,1117,0.0
1118,1788886659.8888838,1788886659.8888838,1071,0.69377201795578,9.991205215454102,-2.3561899662017822,2.3561899662017822,0.004363323096185923,0.05999999865889549,10.0,1118,0.0
1119,1788886659.93891,1788886659.93891,1071,0.697039783000946,9.948460578918457,-2.3561899662017822,2.3561899662017822,0.004363323096185923,0.05999999865889549,10.0,1119,0.0
1120,1788886659.9891691,1788886659.9891691,1071,0.7004045844078064,9.993366241455078,-2.3561899662017822,2.3561899662017822,0.004363323096185923,0.05999999865889549,10.0,1120,0.0
1121,1788886660.039635,1788886660.039635,1071,0.7037519216537476,9.955999374389648,-2.3561899662017822,2.3561899662017822,0.004363323096185923,0.05999999865889549,10.0,1121,0.0
1122,1788886660.0890386,1788886660.0890386,1071,0.7071759104728699,9.917703628540039,-2.3561899662017822,2.3561899662017822,0.004363323096185923,0.05999999865889549,10.0,1122,0.0
1123,1788886660.1388907,1788886660.1388907,1071,0.7107033729553223,9.960179328918457,-2.3561899662017822,2.3561899662017822,0.004363323096185923,0.05999999865889549,10.0,1123,0.0
1124,1788886660.1898274,1788886660.1898274,1071,0.7144498229026794,9.936277389526367,-2.3561899662017822,2.3561899662017822,0.004363323096185923,0.05999999865889549,10.0,1124,0.0
1125,1788886660.239818,1788886660.239818,1071,0.7182927131652832,9.917130470275879,-2.3561899662017822,2.3561899662017822,0.004363323096185923,0.05999999865889549,10.0,1125,0.0
1126,1788886660.2896192,1788886660.2896192,1072,0.7221449017524719,9.981306076049805,-2.3561899662017822,2.3561899662017822,0.004363323096185923,0.05999999865889549,10.0,1126,0.0
1127,1788886660.3401127,1788886660.3401127,1072,0.7259988784790039,9.962101936340332,-2.3561899662017822,2.3561899662017822,0.004363323096185923,0.05999999865889549,10.0,1127,0.0
1128,1788886660.3895159,1788886660.3895159,1072,0.7298592925071716,9.94291877746582,-2.3561899662017822,2.3561899662017822,0.004363323096185923,0.05999999865889549,10.0,1128,0.0
1129,1788886660.4391234,1788886660.4391234,1072,0.7337566018104553,9.925568580627441,-2.3561899662017822,2.3561899662017822,0.004363323096185923,0.05999999865889549,10.0,1129,0.0
1130,1788886660.4897044,1788886660.4897044,1073,0.7376735210418701,9.993288040161133,-2.3561899662017822,2.3561899662017822,0.004363323096185923,0.05999999865889549,10.0,1130,0.0
1131,1788886660.5394492,1788886660.5394492,1073,0.7415993213653564,9.97648811340332,-2.3561899662017822,2.3561899662017822,0.004363323096185923,0.05999999865889549,10.0,1131,0.0
1132,1788886660.5897336,1788886660.5897336,1073,0.7455291748046875,9.959712982177734,-2.3561899662017822,2.3561899662017822,0.004363323096185923,0.05999999865889549,10.0,1132,0.0
1133,1788886660.6397707,1788886660.6397707,1073,0.7494680881500244,9.942830085754395,-2.3561899662017822,2.3561899662017822,0.004363323096185923,0.05999999865889549,10.0,1133,0.0
1134,1788886660.6889348,1788886660.6889348,1073,0.7534989714622498,9.93161678314209,-2.3561899662017822,2.3561899662017822,0.004363323096185923,0.05999999865889549,10.0,1134,0.0
1135,1788886660.7392316,1788886660.7392316,1073,0.7575802206993103,9.922264099121094,-2.3561899662017822,2.3561899662017822,0.004363323096185923,0.05999999865889549,10.0,1135,0.0
1136,1788886660.7894251,1788886660.7894251,1074,0.7616717219352722,9.99930477142334,-2.3561899662017822,2.3561899662017822,0.004363323096185923,0.05999999865889549,10.0,1136,0.0
1137,1788886660.8389611,1788886660.8389611,1074,0.7657812237739563,9.989998817443848,-2.3561899662017822,2.3561899662017822,0.004363323096185923,0.05999999865889549,10.0,1137,0.0
1138,1788886660.8888657,1788886660.8888657,1074,0.7699121832847595,9.980755805969238,-2.3561899662017822,2.3561899662017822,0.004363323096185923,0.05999999865889549,10.0,1138,0.0
1139,1788886660.9396615,1788886660.9396615,1074,0.774067223072052,9.97250747680664,-2.3561899662017822,2.3561899662017822,0.004363323096185923,0.05999999865889549,10.0,1139,0.0
1140,1788886660.9892914,1788886660.9892914,1074,0.7782468199729919,9.964529991149902,-2.3561899662017822,2.3561899662017822,0.004363323096185923,0.05999999865889549,10.0,1140,0.0
1141,1788886661.0396748,1788886661.0396748,1074,0.7824506163597107,9.956557273864746,-2.3561899662017822,2.3561899662017822,0.004363323096185923,0.05999999865889549,10.0,1141,0.0
1142,1788886661.088977,1788886661.088977,1074,0.7866659164428711,9.946277618408203,-2.3561899662017822,2.3561899662017822,0.004363323096185923,0.05999999865889549,10.0,1142,0.0
1143,1788886661.1391003,1788886661.1391003,1075,0.7908970713615417,9.994912147521973,-2.3561899662017822,2.3561899662017822,0.004363323096185923,0.05999999865889549,10.0,1143,0.0
1144,1788886661.188725,1788886661.188725,1075,0.7951753735542297,9.98457145690918,-2.3561899662017822,2.3561899662017822,0.004363323096185923,0.05999999865889549,10.0,1144,0.0
1145,1788886661.239017,1788886661.239017,1075,0.799480676651001,9.9746675491333,-2.3561899662017822,2.3561899662017822,0.004363323096185923,0.05999999865889549,10.0,1145,0.0
1146,1788886661.2890604,1788886661.2890604,1075,0.8038154244422913,9.964750289916992,-2.3561899662017822,2.3561899662017822,0.004363323096185923,0.05999999865889549,10.0,1146,0.0
1147,1788886661.3389902,1788886661.3389902,1075,0.8081632256507874,9.954804420471191,-2.3561899662017822,2.3561899662017822,0.004363323096185923,0.05999999865889549,10.0,1147,0.0
1148,1788886661.3893535,1788886661.3893535,1075,0.8125305771827698,9.944965362548828,-2.3561899662017822,2.3561899662017822,0.004363323096185923,0.05999999865889549,10.0,1148,0.0
1149,1788886661.439458,1788886661.439458,1076,0.8168923258781433,9.995128631591797,-2.3561899662017822,2.3561899662017822,0.004363323096185923,0.05999999865889549,10.0,1149,0.0
1150,1788886661.4894247,1788886661.4894247,1076,0.8212599754333496,9.983057975769043,-2.3561899662017822,2.3561899662017822,0.004363323096185923,0.05999999865889549,10.0,1150,0.0
1151,1788886661.5394466,1788886661.5394466,1076,0.8256450295448303,9.970996856689453,-2.3561899662017822,2.3561899662017822,0.004363323096185923,0.05999999865889549,10.0,1151,0.0
1152,1788886661.5888522,1788886661.5888522,1076,0.8300424814224243,9.958980560302734,-2.3561899662017822,2.3561899662017822,0.004363323096185923,0.05999999865889549,10.0,1152,0.0
1153,1788886661.6393507,1788886661.6393507,1076,0.8344579935073853,9.946939468383789,-2.3561899662017822,2.3561899662017822,0.004363323096185923,0.05999999865889549,10.0,1153,0.0
1154,1788886661.6889064,1788886661.6889064,1077,0.8389210104942322,9.99921703338623,-2.3561899662017822,2.3561899662017822,0.004363323096185923,0.05999999865889549,10.0,1154,0.0
1155,1788886661.7392752,1788886661.7392752,1077,0.8434100151062012,9.989035606384277,-2.3561899662017822,2.3561899662017822,0.004363323096185923,0.05999999865889549,10.0,1155,0.0
1156,1788886661.7893057,1788886661.7893057,1077,0.8479244709014893,9.978860855102539,-2.3561899662017822,2.3561899662017822,0.004363323096185923,0.05999999865889549,10.0,1156,0.0
1157,1788886661.8389487,1788886661.8389487,1077,0.8524538278579712,9.968705177307129,-2.3561899662017822,2.3561899662017822,0.004363323096185923,0.05999999865889549,10.0,1157,0.0
1158,1788886661.8890383,1788886661.8890383,1077,0.856999397277832,9.958521842956543,-2.3561899662017822,2.3561899662017822,0.004363323096185923,0.05999999865889549,10.0,1158,0.0
1159,1788886661.9391613,1788886661.9391613,1078,0.8615866899490356,9.949034690856934,-2.3561899662017822,2.3561899662017822,0.004363323096185923,0.05999999865889549,10.0,1159,0.0
1160,1788886661.9888053,1788886661.9888053,1078,0.8661922216415405,9.939826965332031,-2.3561899662017822,2.3561899662017822,0.004363323096185923,0.05999999865889549,10.0,1160,0.0
1161,1788886662.0641727,1788886662.0641727,1079,0.8731464147567749,9.99052619934082,-2.3561899662017822,2.3561899662017822,0.004363323096185923,0.05999999865889549,10.0,1161,0.0
1162,1788886662.1150498,1788886662.1150498,1079,0.8776953220367432,9.981623649597168,-2.3561899662017822,2.3561899662017822,0.004363323096185923,0.05999999865889549,10.0,1162,0.0
1163,1788886662.165331,1788886662.165331,1079,0.8821080923080444,9.973105430603027,-2.3561899662017822,2.3561899662017822,0.004363323096185923,0.05999999865889549,10.0,1163,0.0
1164,1788886662.2140105,1788886662.2140105,1079,0.8865358829498291,9.965917587280273,-2.3561899662017822,2.3561899662017822,0.004363323096185923,0.05999999865889549,10.0,1164,0.0
1165,1788886662.2639468,1788886662.2639468,1079,0.890993595123291,9.959216117858887,-2.3561899662017822,2.3561899662017822,0.004363323096185923,0.05999999865889549,10.0,1165,0.0
1166,1788886662.3145797,1788886662.3145797,1079,0.8954744935035706,9.952564239501953,-2.3561899662017822,2.3561899662017822,0.004363323096185923,0.05999999865889549,10.0,1166,0.0
1167,1788886662.363841,1788886662.363841,1079,0.9000967741012573,9.945734024047852,-2.3561899662017822,2.3561899662017822,0.004363323096185923,0.05999999865889549,10.0,1167,0.0
1168,1788886662.4139657,1788886662.4139657,1079,0.9048979878425598,9.93867301940918,-2.3561899662017822,2.3561899662017822,0.004363323096185923,0.05999999865889549,10.0,1168,0.0
1169,1788886662.46472,1788886662.46472,1080,0.909778892993927,9.999924659729004,-2.3561899662017822,2.3561899662017822,0.004363323096185923,0.05999999865889549,10.0,1169,0.0
1170,1788886662.5150447,1788886662.5150447,1080,0.9147030711174011,9.995451927185059,-2.3561899662017822,2.3561899662017822,0.004363323096185923,0.05999999865889549,10.0,1170,0.0
1171,1788886662.5645742,1788886662.5645742,1081,0.9196493029594421,9.990983009338379,-2.3561899662017822,2.3561899662017822,0.004363323096185923,0.05999999865889549,10.0,1171,0.0
1172,1788886662.614443,1788886662.614443,1081,0.9244992136955261,9.986559867858887,-2.3561899662017822,2.3561899662017822,0.004363323096185923,0.05999999865889549,10.0,1172,0.0
1173,1788886662.6642785,1788886662.6642785,1081,0.9292095899581909,9.98241138458252,-2.3561899662017822,2.3561899662017822,0.004363323096185923,0.05999999865889549,10.0,1173,0.0
1174,1788886662.7144415,1788886662.7144415,1081,0.9338930249214172,9.976540565490723,-2.3561899662017822,2.3561899662017822,0.004363323096185923,0.05999999865889549,10.0,1174,0.0
1175,1788886662.769985,1788886662.769985,1081,0.9385824799537659,9.970121383666992,-2.3561899662017822,2.3561899662017822,0.004363323096185923,0.05999999865889549,10.0,1175,0.0
1176,1788886662.8189874,1788886662.8189874,1081,0.9432919025421143,9.963797569274902,-2.3561899662017822,2.3561899662017822,0.004363323096185923,0.05999999865889549,10.0,1176,0.0
1177,1788886662.8707528,1788886662.8707528,1081,0.9480205774307251,9.957528114318848,-2.3561899662017822,2.3561899662017822,0.004363323096185923,0.05999999865889549,10.0,1177,0.0
1178,1788886662.9398158,1788886662.9398158,1081,0.9560490250587463,9.93481159210205,-2.3561899662017822,2.3561899662017822,0.004363323096185923,0.05999999865889549,10.0,1178,0.0
1179,1788886662.9900327,1788886662.9900327,1081,0.9618927836418152,9.917403221130371,-2.3561899662017822,2.3561899662017822,0.004363323096185923,0.05999999865889549,10.0,1179,0.0
1180,1788886663.039922,1788886663.039922,1081,0.9678187966346741,9.899937629699707,-2.3561899662017822,2.3561899662017822,0.004363323096185923,0.05999999865889549,10.0,1180,0.0
1181,1788886663.0889559,1788886663.0889559,1081,0.9736719131469727,9.881020545959473,-2.3561899662017822,2.3561899662017822,0.004363323096185923,0.05999999865889549,10.0,1181,0.0
1182,1788886663.138965,1788886663.138965,1081,0.9793804883956909,9.860541343688965,-2.3561899662017822,2.3561899662017822,0.004363323096185923,0.05999999865889549,10.0,1182,0.0
1183,1788886663.1891437,1788886663.1891437,1081,0.9850546717643738,9.835038185119629,-2.3561899662017822,2.3561899662017822,0.004363323096185923,0.05999999865889549,10.0,1183,0.0
1184,1788886663.238973,1788886663.238973,1081,0.9907593727111816,9.876123428344727,-2.3561899662017822,2.3561899662017822,0.004363323096185923,0.05999999865889549,10.0,1184,0.0
1185,1788886663.2892492,1788886663.2892492,1081,0.9965307712554932,9.8491792678833,-2.3561899662017822,2.3561899662017822,0.004363323096185923,0.05999999865889549,10.0,1185,0.0
1186,1788886663.3396652,1788886663.3396652,1081,1.002534031867981,9.823711395263672,-2.3561899662017822,2.3561899662017822,0.004363323096185923,0.05999999865889549,10.0,1186,0.0
1187,1788886663.3895953,1788886663.3895953,1081,1.0088330507278442,9.799811363220215,-2.3561899662017822,2.3561899662017822,0.004363323096185923,0.05999999865889549,10.0,1187,0.0
1188,1788886663.43954,1788886663.43954,1081,1.0150309801101685,9.763338088989258,-2.3561899662017822,2.3561899662017822,0.004363323096185923,0.05999999865889549,10.0,1188,0.0
1189,1788886663.489028,1788886663.489028,1081,1.0210720300674438,9.790826797485352,-2.3561899662017822,2.3561899662017822,0.004363323096185923,0.05999999865889549,10.0,1189,0.0
1190,1788886663.5395906,1788886663.5395906,1081,1.025846004486084,9.750614166259766,-2.3561899662017822,2.3561899662017822,0.004363323096185923,0.05999999865889549,10.0,1190,0.0
1191,1788886663.5892692,1788886663.5892692,1081,1.0306789875030518,9.771889686584473,-2.3561899662017822,2.3561899662017822,0.004363323096185923,0.05999999865889549,10.0,1191,0.0
1192,1788886663.639651,1788886663.639651,1081,1.035575032234192,9.738197326660156,-2.3561899662017822,2.3561899662017822,0.004363323096185923,0.05999999865889549,10.0,1192,0.0
1193,1788886663.689665,1788886663.689665,1081,1.0403050184249878,9.740867614746094,-2.3561899662017822,2.3561899662017822,0.004363323096185923,0.05999999865889549,10.0,1193,0.0
1194,1788886663.7394822,1788886663.7394822,1081,1.044983983039856,9.694873809814453,-2.3561899662017822,2.3561899662017822,0.004363323096185923,0.05999999865889549,10.0,1194,0.0
1195,1788886663.7901583,1788886663.7901583,1081,1.0497030019760132,9.69791316986084,-2.3561899662017822,2.3561899662017822,0.004363323096185923,0.05999999865889549,10.0,1195,0.0
1196,1788886663.839741,1788886663.839741,1081,1.0544589757919312,9.64770221710205,-2.3561899662017822,2.3561899662017822,0.004363323096185923,0.05999999865889549,10.0,1196,0.0
1197,1788886663.890963,1788886663.890963,1081,1.0547070503234863,9.655031204223633,-2.3561899662017822,2.3561899662017822,0.004363323096185923,0.05999999865889549,10.0,1197,0.0
1198,1788886663.9428031,1788886663.9428031,1081,1.0485960245132446,9.646432876586914,-2.3561899662017822,2.3561899662017822,0.004363323096185923,0.05999999865889549,10.0,1198,0.0
1199,1788886663.9918938,1788886663.9918938,1081,1.042546033859253,9.635625839233398,-2.3561899662017822,2.3561899662017822,0.004363323096185923,0.05999999865889549,10.0,1199,0.0
1200,1788886664.0417702,1788886664.0417702,1081,1.036478042602539,9.62481689453125,-2.3561899662017822,2.3561899662017822,0.004363323096185923,0.05999999865889549,10.0,1200,0.0
1201,1788886664.091033,1788886664.091033,1081,1.030243992805481,9.613757133483887,-2.3561899662017822,2.3561899662017822,0.004363323096185923,0.05999999865889549,10.0,1201,0.0
1202,1788886664.1414726,1788886664.1414726,1081,1.0237590074539185,9.564798355102539,-2.3561899662017822,2.3561899662017822,0.004363323096185923,0.05999999865889549,10.0,1202,0.0
1203,1788886664.1903594,1788886664.1903594,1081,1.0173829793930054,9.547526359558105,-2.3561899662017822,2.3561899662017822,0.004363323096185923,0.05999999865889549,10.0,1203,0.0
1204,1788886664.2394614,1788886664.2394614,1081,1.0110750198364258,9.565544128417969,-2.3561899662017822,2.3561899662017822,0.004363323096185923,0.05999999865889549,10.0,1204,0.0
1205,1788886664.2896733,1788886664.2896733,1081,1.0047600269317627,9.546039581298828,-2.3561899662017822,2.3561899662017822,0.004363323096185923,0.05999999865889549,10.0,1205,0.0
1206,1788886664.339737,1788886664.339737,1081,0.9984415769577026,9.526557922363281,-2.3561899662017822,2.3561899662017822,0.004363323096185923,0.05999999865889549,10.0,1206,0.0
1207,1788886664.3896134,1788886664.3896134,1081,0.9921140074729919,9.507099151611328,-2.3561899662017822,2.3561899662017822,0.004363323096185923,0.05999999865889549,10.0,1207,0.0
1208,1788886664.4388993,1788886664.4388993,1081,0.9858803749084473,9.484149932861328,-2.3561899662017822,2.3561899662017822,0.004363323096185923,0.05999999865889549,10.0,1208,0.0
1209,1788886664.4896693,1788886664.4896693,1081,0.9796959757804871,9.460012435913086,-2.3561899662017822,2.3561899662017822,0.004363323096185923,0.05999999865889549,10.0,1209,0.0
1210,1788886664.5396428,1788886664.5396428,1081,0.9735106825828552,9.435891151428223,-2.3561899662017822,2.3561899662017822,0.004363323096185923,0.05999999865889549,10.0,1210,0.0
1211,1788886664.588928,1788886664.588928,1081,0.9671385288238525,9.44913101196289,-2.3561899662017822,2.3561899662017822,0.004363323096185923,0.05999999865889549,10.0,1211,0.0
1212,1788886664.6393597,1788886664.6393597,1081,0.959087610244751,9.424921989440918,-2.3561899662017822,2.3561899662017822,0.004363323096185923,0.05999999865889549,10.0,1212,0.0
1213,1788886664.6892629,1788886664.6892629,1081,0.9510897994041443,9.398857116699219,-2.3561899662017822,2.3561899662017822,0.004363323096185923,0.05999999865889549,10.0,1213,0.0
1214,1788886664.739038,1788886664.739038,1081,0.943121612071991,9.37224006652832,-2.3561899662017822,2.3561899662017822,0.004363323096185923,0.05999999865889549,10.0,1214,0.0
1215,1788886664.7914333,1788886664.7914333,1081,0.9351590871810913,9.382930755615234,-2.3561899662017822,2.3561899662017822,0.004363323096185923,0.05999999865889549,10.0,1215,0.0
1216,1788886664.8415654,1788886664.8415654,1081,0.9272090792655945,9.356220245361328,-2.3561899662017822,2.3561899662017822,0.004363323096185923,0.05999999865889549,10.0,1216,0.0
1217,1788886664.8917816,1788886664.8917816,1081,0.9192699790000916,9.32951831817627,-2.3561899662017822,2.3561899662017822,0.004363323096185923,0.05999999865889549,10.0,1217,0.0
1218,1788886664.9413562,1788886664.9413562,1081,0.9113503098487854,9.33956241607666,-2.3561899662017822,2.3561899662017822,0.004363323096185923,0.05999999865889549,10.0,1218,0.0
1219,1788886664.991134,1788886664.991134,1081,0.9034538269042969,9.311942100524902,-2.3561899662017822,2.3561899662017822,0.004363323096185923,0.05999999865889549,10.0,1219,0.0
1220,1788886665.0397148,1788886665.0397148,1081,0.8955649137496948,9.284305572509766,-2.3561899662017822,2.3561899662017822,0.004363323096185923,0.05999999865889549,10.0,1220,0.0
1221,1788886665.0895085,1788886665.0895085,1081,0.8877220749855042,9.294057846069336,-2.3561899662017822,2.3561899662017822,0.004363323096185923,0.05999999865889549,10.0,1221,0.0
1222,1788886665.1397188,1788886665.1397188,1081,0.8802267909049988,9.266311645507812,-2.3561899662017822,2.3561899662017822,0.004363323096185923,0.05999999865889549,10.0,1222,0.0
1223,1788886665.1891613,1788886665.1891613,1081,0.8731312155723572,9.238555908203125,-2.3561899662017822,2.3561899662017822,0.004363323096185923,0.05999999865889549,10.0,1223,0.0
1224,1788886665.2390113,1788886665.2390113,1081,0.866423487663269,9.24822998046875,-2.3561899662017822,2.3561899662017822,0.004363323096185923,0.05999999865889549,10.0,1224,0.0
1225,1788886665.2889135,1788886665.2889135,1081,0.8600934743881226,9.220423698425293,-2.3561899662017822,2.3561899662017822,0.004363323096185923,0.05999999865889549,10.0,1225,0.0
1226,1788886665.3395224,1788886665.3395224,1081,0.8543205857276917,9.192633628845215,-2.3561899662017822,2.3561899662017822,0.004363323096185923,0.05999999865889549,10.0,1226,0.0
1227,1788886665.3893347,1788886665.3893347,1081,0.8490809202194214,9.202220916748047,-2.3561899662017822,2.3561899662017822,0.004363323096185923,0.05999999865889549,10.0,1227,0.0
1228,1788886665.43971,1788886665.43971,1081,0.8439356088638306,9.174294471740723,-2.3561899662017822,2.3561899662017822,0.004363323096185923,0.05999999865889549,10.0,1228,0.0
1229,1788886665.488785,1788886665.488785,1081,0.8395243287086487,9.183982849121094,-2.3561899662017822,2.3561899662017822,0.004363323096185923,0.05999999865889549,10.0,1229,0.0
1230,1788886665.5388525,1788886665.5388525,1081,0.8354824185371399,9.156017303466797,-2.3561899662017822,2.3561899662017822,0.004363323096185923,0.05999999865889549,10.0,1230,0.0
1231,1788886665.5891638,1788886665.5891638,1081,0.8319299817085266,9.128061294555664,-2.3561899662017822,2.3561899662017822,0.004363323096185923,0.05999999865889549,10.0,1231,0.0
1232,1788886665.6395633,1788886665.6395633,1081,0.8287984132766724,9.13771915435791,-2.3561899662017822,2.3561899662017822,0.004363323096185923,0.05999999865889549,10.0,1232,0.0
1233,1788886665.6889834,1788886665.6889834,1081,0.8261998295783997,9.111104965209961,-2.3561899662017822,2.3561899662017822,0.004363323096185923,0.05999999865889549,10.0,1233,0.0
1234,1788886665.7391014,1788886665.7391014,1081,0.8238710761070251,9.084981918334961,-2.3561899662017822,2.3561899662017822,0.004363323096185923,0.05999999865889549,10.0,1234,0.0
1235,1788886665.7897818,1788886665.7897818,1081,0.8215600252151489,9.09648609161377,-2.3561899662017822,2.3561899662017822,0.004363323096185923,0.05999999865889549,10.0,1235,0.0
1236,1788886665.8404984,1788886665.8404984,1081,0.8192545771598816,9.070216178894043,-2.3561899662017822,2.3561899662017822,0.004363323096185923,0.05999999865889549,10.0,1236,0.0
1237,1788886665.8888476,1788886665.8888476,1081,0.8169562816619873,9.043959617614746,-2.3561899662017822,2.3561899662017822,0.004363323096185923,0.05999999865889549,10.0,1237,0.0
1238,1788886665.940602,1788886665.940602,1081,0.8146594166755676,9.055673599243164,-2.3561899662017822,2.3561899662017822,0.004363323096185923,0.05999999865889549,10.0,1238,0.0
1239,1788886665.9891415,1788886665.9891415,1081,0.8123645186424255,9.029579162597656,-2.3561899662017822,2.3561899662017822,0.004363323096185923,0.05999999865889549,10.0,1239,0.0
1240,1788886666.03927,1788886666.03927,1081,0.8100823163986206,9.003517150878906,-2.3561899662017822,2.3561899662017822,0.004363323096185923,0.05999999865889549,10.0,1240,0.0
1241,1788886666.0896242,1788886666.0896242,1081,0.8078011274337769,9.015273094177246,-2.3561899662017822,2.3561899662017822,0.004363323096185923,0.05999999865889549,10.0,1241,0.0
1242,1788886666.1394835,1788886666.1394835,1081,0.8055284023284912,8.98909854888916,-2.3561899662017822,2.3561899662017822,0.004363323096185923,0.05999999865889549,10.0,1242,0.0
1243,1788886666.188818,1788886666.188818,1081,0.8032097220420837,8.964611053466797,-2.3561899662017822,2.3561899662017822,0.004363323096185923,0.05999999865889549,10.0,1243,0.0
1244,1788886666.2388866,1788886666.2388866,1081,0.8008722066879272,8.978617668151855,-2.3561899662017822,2.3561899662017822,0.004363323096185923,0.05999999865889549,10.0,1244,0.0
1245,1788886666.2891004,1788886666.2891004,1081,0.7985336184501648,8.954574584960938,-2.3561899662017822,2.3561899662017822,0.004363323096185923,0.05999999865889549,10.0,1245,0.0
1246,1788886666.3387506,1788886666.3387506,1081,0.7961955070495605,8.930511474609375,-2.3561899662017822,2.3561899662017822,0.004363323096185923,0.05999999865889549,10.0,1246,0.0
1247,1788886666.3889456,1788886666.3889456,1081,0.7938560843467712,8.944601058959961,-2.3561899662017822,2.3561899662017822,0.004363323096185923,0.05999999865889549,10.0,1247,0.0
1248,1788886666.4387918,1788886666.4387918,1081,0.7915018796920776,8.921087265014648,-2.3561899662017822,2.3561899662017822,0.004363323096185923,0.05999999865889549,10.0,1248,0.0
1249,1788886666.489006,1788886666.489006,1081,0.7891411781311035,8.897712707519531,-2.3561899662017822,2.3561899662017822,0.004363323096185923,0.05999999865889549,10.0,1249,0.0
1250,1788886666.5391161,1788886666.5391161,1081,0.7867804765701294,8.874360084533691,-2.3561899662017822,2.3561899662017822,0.004363323096185923,0.05999999865889549,10.0,1250,0.0
1251,1788886666.5891156,1788886666.5891156,1081,0.7844207286834717,8.889219284057617,-2.3561899662017822,2.3561899662017822,0.004363323096185923,0.05999999865889549,10.0,1251,0.0
1252,1788886666.639583,1788886666.639583,1081,0.782066285610199,8.865766525268555,-2.3561899662017822,2.3561899662017822,0.004363323096185923,0.05999999865889549,10.0,1252,0.0
1253,1788886666.6888645,1788886666.6888645,1081,0.7799494862556458,8.84292221069336,-2.3561899662017822,2.3561899662017822,0.004363323096185923,0.05999999865889549,10.0,1253,0.0
1254,1788886666.739712,1788886666.739712,1081,0.7783477902412415,8.858721733093262,-2.3561899662017822,2.3561899662017822,0.004363323096185923,0.05999999865889549,10.0,1254,0.0
1255,1788886666.814734,1788886666.814734,1081,0.7768244743347168,8.824630737304688,-2.3561899662017822,2.3561899662017822,0.004363323096185923,0.05999999865889549,10.0,1255,0.0
1256,1788886666.865256,1788886666.865256,1081,0.7760311961174011,8.801886558532715,-2.3561899662017822,2.3561899662017822,0.004363323096185923,0.05999999865889549,10.0,1256,0.0
1257,1788886666.9148917,1788886666.9148917,1081,0.7752361297607422,8.817804336547852,-2.3561899662017822,2.3561899662017822,0.004363323096185923,0.05999999865889549,10.0,1257,0.0
1258,1788886666.9637551,1788886666.9637551,1081,0.7744172811508179,8.795672416687012,-2.3561899662017822,2.3561899662017822,0.004363323096185923,0.05999999865889549,10.0,1258,0.0
1259,1788886667.0142922,1788886667.0142922,1081,0.7735896110534668,8.773730278015137,-2.3561899662017822,2.3561899662017822,0.004363323096185923,0.05999999865889549,10.0,1259,0.0
1260,1788886667.064913,1788886667.064913,1081,0.7727560997009277,8.790695190429688,-2.3561899662017822,2.3561899662017822,0.004363323096185923,0.05999999865889549,10.0,1260,0.0
1261,1788886667.1151288,1788886667.1151288,1081,0.7719132900238037,8.76865291595459,-2.3561899662017822,2.3561899662017822,0.004363323096185923,0.05999999865889549,10.0,1261,0.0
1262,1788886667.1651356,1788886667.1651356,1081,0.7710694074630737,8.746601104736328,-2.3561899662017822,2.3561899662017822,0.004363323096185923,0.05999999865889549,10.0,1262,0.0
1263,1788886667.2141538,1788886667.2141538,1081,0.770203709602356,8.72518253326416,-2.3561899662017822,2.3561899662017822,0.004363323096185923,0.05999999865889549,10.0,1263,0.0
1264,1788886667.2644463,1788886667.2644463,1081,0.7693256735801697,8.743103981018066,-2.3561899662017822,2.3561899662017822,0.004363323096185923,0.05999999865889549,10.0,1264,0.0
1265,1788886667.3143454,1788886667.3143454,1081,0.768437385559082,8.721778869628906,-2.3561899662017822,2.3561899662017822,0.004363323096185923,0.05999999865889549,10.0,1265,0.0
1266,1788886667.3640172,1788886667.3640172,1081,0.7675457000732422,8.700458526611328,-2.3561899662017822,2.3561899662017822,0.004363323096185923,0.05999999865889549,10.0,1266,0.0
1267,1788886667.4144886,1788886667.4144886,1081,0.7666437029838562,8.718544960021973,-2.3561899662017822,2.3561899662017822,0.004363323096185923,0.05999999865889549,10.0,1267,0.0
1268,1788886667.463989,1788886667.463989,1081,0.7657204270362854,8.697839736938477,-2.3561899662017822,2.3561899662017822,0.004363323096185923,0.05999999865889549,10.0,1268,0.0
1269,1788886667.51397,1788886667.51397,1081,0.7647802233695984,8.677316665649414,-2.3561899662017822,2.3561899662017822,0.004363323096185923,0.05999999865889549,10.0,1269,0.0
1270,1788886667.564309,1788886667.564309,1081,0.7638275027275085,8.656821250915527,-2.3561899662017822,2.3561899662017822,0.004363323096185923,0.05999999865889549,10.0,1270,0.0
1271,1788886667.6142466,1788886667.6142466,1081,0.7628710865974426,8.675969123840332,-2.3561899662017822,2.3561899662017822,0.004363323096185923,0.05999999865889549,10.0,1271,0.0
1272,1788886667.66421,1788886667.66421,1081,0.7619066834449768,8.655340194702148,-2.3561899662017822,2.3561899662017822,0.004363323096185923,0.05999999865889549,10.0,1272,0.0
1273,1788886667.7139773,1788886667.7139773,1081,0.7608984708786011,8.636028289794922,-2.3561899662017822,2.3561899662017822,0.004363323096185923,0.05999999865889549,10.0,1273,0.0
1274,1788886667.765022,1788886667.765022,1081,0.7591912746429443,8.657219886779785,-2.3561899662017822,2.3561899662017822,0.004363323096185923,0.05999999865889549,10.0,1274,0.0
1275,1788886667.814135,1788886667.814135,1081,0.756426990032196,8.638214111328125,-2.3561899662017822,2.3561899662017822,0.004363323096185923,0.05999999865889549,10.0,1275,0.0
1276,1788886667.8643181,1788886667.8643181,1081,0.7536535263061523,8.619241714477539,-2.3561899662017822,2.3561899662017822,0.004363323096185923,0.05999999865889549,10.0,1276,0.0
1277,1788886667.9142547,1788886667.9142547,1081,0.7508696913719177,8.600253105163574,-2.3561899662017822,2.3561899662017822,0.004363323096185923,0.05999999865889549,10.0,1277,0.0
1278,1788886667.963917,1788886667.963917,1081,0.7480409145355225,8.62287425994873,-2.3561899662017822,2.3561899662017822,0.004363323096185923,0.05999999865889549,10.0,1278,0.0
1279,1788886668.0158517,1788886668.0158517,1081,0.7451856732368469,8.605303764343262,-2.3561899662017822,2.3561899662017822,0.004363323096185923,0.05999999865889549,10.0,1279,0.0
1280,1788886668.0655391,1788886668.0655391,1081,0.7423139810562134,8.587732315063477,-2.3561899662017822,2.3561899662017822,0.004363323096185923,0.05999999865889549,10.0,1280,0.0
1281,1788886668.1148295,1788886668.1148295,1081,0.7394272089004517,8.570154190063477,-2.3561899662017822,2.3561899662017822,0.004363323096185923,0.05999999865889549,10.0,1281,0.0
1282,1788886668.1650703,1788886668.1650703,1081,0.7365270256996155,8.593517303466797,-2.3561899662017822,2.3561899662017822,0.004363323096185923,0.05999999865889549,10.0,1282,0.0
1283,1788886668.2155995,1788886668.2155995,1081,0.7335805892944336,8.577020645141602,-2.3561899662017822,2.3561899662017822,0.004363323096185923,0.05999999865889549,10.0,1283,0.0
1284,1788886668.265146,1788886668.265146,1081,0.7306045293807983,8.560192108154297,-2.3561899662017822,2.3561899662017822,0.004363323096185923,0.05999999865889549,10.0,1284,0.0
1285,1788886668.3151498,1788886668.3151498,1081,0.7276114225387573,8.542724609375,-2.3561899662017822,2.3561899662017822,0.004363323096185923,0.05999999865889549,10.0,1285,0.0
1286,1788886668.365015,1788886668.365015,1081,0.7245951890945435,8.550682067871094,-2.3561899662017822,2.3561899662017822,0.004363323096185923,0.05999999865889549,10.0,1286,0.0
1287,1788886668.4140246,1788886668.4140246,1081,0.7215647101402283,8.53320598602295,-2.3561899662017822,2.3561899662017822,0.004363323096185923,0.05999999865889549,10.0,1287,0.0
1288,1788886668.4644337,1788886668.4644337,1081,0.7184848189353943,8.516416549682617,-2.3561899662017822,2.3561899662017822,0.004363323096185923,0.05999999865889549,10.0,1288,0.0
1289,1788886668.514751,1788886668.514751,1081,0.7153720259666443,8.49985122680664,-2.3561899662017822,2.3561899662017822,0.004363323096185923,0.05999999865889549,10.0,1289,0.0
1290,1788886668.564694,1788886668.564694,1081,0.7122375965118408,8.50906753540039,-2.3561899662017822,2.3561899662017822,0.004363323096185923,0.05999999865889549,10.0,1290,0.0
1291,1788886668.6147463,1788886668.6147463,1081,0.7090811133384705,8.492486953735352,-2.3561899662017822,2.3561899662017822,0.004363323096185923,0.05999999865889549,10.0,1291,0.0
1292,1788886668.6661088,1788886668.6661088,1081,0.7059056758880615,8.475899696350098,-2.3561899662017822,2.3561899662017822,0.004363323096185923,0.05999999865889549,10.0,1292,0.0
1293,1788886668.7152739,1788886668.7152739,1081,0.7026910185813904,8.45975112915039,-2.3561899662017822,2.3561899662017822,0.004363323096185923,0.05999999865889549,10.0,1293,0.0
1294,1788886668.7656522,1788886668.7656522,1081,0.6994633078575134,8.469832420349121,-2.3561899662017822,2.3561899662017822,0.004363323096185923,0.05999999865889549,10.0,1294,0.0
1295,1788886668.8182025,1788886668.8182025,1081,0.696619987487793,8.453816413879395,-2.3561899662017822,2.3561899662017822,0.004363323096185923,0.05999999865889549,10.0,1295,0.0
1296,1788886668.869227,1788886668.869227,1081,0.6940953731536865,8.437799453735352,-2.3561899662017822,2.3561899662017822,0.004363323096185923,0.05999999865889549,10.0,1296,0.0
1297,1788886668.919172,1788886668.919172,1081,0.6915640234947205,8.421533584594727,-2.3561899662017822,2.3561899662017822,0.004363323096185923,0.05999999865889549,10.0,1297,0.0
1298,1788886668.9688425,1788886668.9688425,1081,0.6890221238136292,8.431496620178223,-2.3561899662017822,2.3561899662017822,0.004363323096185923,0.05999999865889549,10.0,1298,0.0
1299,1788886669.0198426,1788886669.0198426,1081,0.6864631772041321,8.414905548095703,-2.3561899662017822,2.3561899662017822,0.004363323096185923,0.05999999865889549,10.0,1299,0.0
1300,1788886669.069479,1788886669.069479,1081,0.683883786201477,8.398314476013184,-2.3561899662017822,2.3561899662017822,0.004363323096185923,0.05999999865889549,10.0,1300,0.0
1301,1788886669.1191242,1788886669.1191242,1081,0.6813390254974365,8.408863067626953,-2.3561899662017822,2.3561899662017822,0.004363323096185923,0.05999999865889549,10.0,1301,0.0
1302,1788886669.1679676,1788886669.1679676,1081,0.6788465976715088,8.393672943115234,-2.3561899662017822,2.3561899662017822,0.004363323096185923,0.05999999865889549,10.0,1302,0.0
1303,1788886669.2172148,1788886669.2172148,1081,0.6763362884521484,8.378805160522461,-2.3561899662017822,2.3561899662017822,0.004363323096185923,0.05999999865889549,10.0,1303,0.0
1304,1788886669.2667177,1788886669.2667177,1081,0.6738070249557495,8.36397933959961,-2.3561899662017822,2.3561899662017822,0.004363323096185923,0.05999999865889549,10.0,1304,0.0
1305,1788886669.3170881,1788886669.3170881,1081,0.6712567806243896,8.376358032226562,-2.3561899662017822,2.3561899662017822,0.004363323096185923,0.05999999865889549,10.0,1305,0.0
1306,1788886669.368551,1788886669.368551,1081,0.6686226725578308,8.361181259155273,-2.3561899662017822,2.3561899662017822,0.004363323096185923,0.05999999865889549,10.0,1306,0.0
1307,1788886669.4171114,1788886669.4171114,1081,0.6658880710601807,8.345010757446289,-2.3561899662017822,2.3561899662017822,0.004363323096185923,0.05999999865889549,10.0,1307,0.0
1308,1788886669.46695,1788886669.46695,1081,0.6630949974060059,8.357036590576172,-2.3561899662017822,2.3561899662017822,0.004363323096185923,0.05999999865889549,10.0,1308,0.0
1309,1788886669.5394998,1788886669.5394998,1081,0.6588271260261536,8.334142684936523,-2.3561899662017822,2.3561899662017822,0.004363323096185923,0.05999999865889549,10.0,1309,0.0
1310,1788886669.5890768,1788886669.5890768,1081,0.6560220122337341,8.319267272949219,-2.3561899662017822,2.3561899662017822,0.004363323096185923,0.05999999865889549,10.0,1310,0.0
1311,1788886669.6399477,1788886669.6399477,1081,0.653289794921875,8.304891586303711,-2.3561899662017822,2.3561899662017822,0.004363323096185923,0.05999999865889549,10.0,1311,0.0
1312,1788886669.6902306,1788886669.6902306,1081,0.6505643725395203,8.290173530578613,-2.3561899662017822,2.3561899662017822,0.004363323096185923,0.05999999865889549,10.0,1312,0.0
1313,1788886669.7388039,1788886669.7388039,1081,0.6478242874145508,8.275312423706055,-2.3561899662017822,2.3561899662017822,0.004363323096185923,0.05999999865889549,10.0,1313,0.0
1314,1788886669.7902462,1788886669.7902462,1081,0.6450662016868591,8.260454177856445,-2.3561899662017822,2.3561899662017822,0.004363323096185923,0.05999999865889549,10.0,1314,0.0
1315,1788886669.839232,1788886669.839232,1081,0.6422883868217468,8.245603561401367,-2.3561899662017822,2.3561899662017822,0.004363323096185923,0.05999999865889549,10.0,1315,0.0
1316,1788886669.8891222,1788886669.8891222,1081,0.6394897103309631,8.230748176574707,-2.3561899662017822,2.3561899662017822,0.004363323096185923,0.05999999865889549,10.0,1316,0.0
1317,1788886669.9387407,1788886669.9387407,1081,0.6366456151008606,8.216463088989258,-2.3561899662017822,2.3561899662017822,0.004363323096185923,0.05999999865889549,10.0,1317,0.0
1318,1788886669.9895904,1788886669.9895904,1081,0.6337705254554749,8.230496406555176,-2.3561899662017822,2.3561899662017822,0.004363323096185923,0.05999999865889549,10.0,1318,0.0
1319,1788886670.038892,1788886670.038892,1081,0.6308724880218506,8.216378211975098,-2.3561899662017822,2.3561899662017822,0.004363323096185923,0.05999999865889549,10.0,1319,0.0
1320,1788886670.0889552,1788886670.0889552,1081,0.6279506087303162,8.202265739440918,-2.3561899662017822,2.3561899662017822,0.004363323096185923,0.05999999865889549,10.0,1320,0.0
1321,1788886670.139557,1788886670.139557,1081,0.625005304813385,8.188143730163574,-2.3561899662017822,2.3561899662017822,0.004363323096185923,0.05999999865889549,10.0,1321,0.0
1322,1788886670.1899953,1788886670.1899953,1081,0.621926486492157,8.176925659179688,-2.3561899662017822,2.3561899662017822,0.004363323096185923,0.05999999865889549,10.0,1322,0.0
1323,1788886670.239192,1788886670.239192,1081,0.6187608242034912,8.166701316833496,-2.3561899662017822,2.3561899662017822,0.004363323096185923,0.05999999865889549,10.0,1323,0.0
1324,1788886670.2897663,1788886670.2897663,1081,0.6155620217323303,8.156482696533203,-2.3561899662017822,2.3561899662017822,0.004363323096185923,0.05999999865889549,10.0,1324,0.0
1325,1788886670.3389452,1788886670.3389452,1081,0.612331211566925,8.146276473999023,-2.3561899662017822,2.3561899662017822,0.004363323096185923,0.05999999865889549,10.0,1325,0.0
1326,1788886670.3895054,1788886670.3895054,1081,0.6090651750564575,8.136077880859375,-2.3561899662017822,2.3561899662017822,0.004363323096185923,0.05999999865889549,10.0,1326,0.0
1327,1788886670.4395123,1788886670.4395123,1081,0.6056982278823853,8.127697944641113,-2.3561899662017822,2.3561899662017822,0.004363323096185923,0.05999999865889549,10.0,1327,0.0
1328,1788886670.4895785,1788886670.4895785,1081,0.6022599935531616,8.091157913208008,-2.3561899662017822,2.3561899662017822,0.004363323096185923,0.05999999865889549,10.0,1328,0.0
1329,1788886670.538908,1788886670.538908,1081,0.5987840294837952,8.083312034606934,-2.3561899662017822,2.3561899662017822,0.004363323096185923,0.05999999865889549,10.0,1329,0.0
1330,1788886670.5897412,1788886670.5897412,1081,0.5952661037445068,8.07548999786377,-2.3561899662017822,2.3561899662017822,0.004363323096185923,0.05999999865889549,10.0,1330,0.0
1331,1788886670.6403513,1788886670.6403513,1081,0.5917109847068787,8.067687034606934,-2.3561899662017822,2.3561899662017822,0.004363323096185923,0.05999999865889549,10.0,1331,0.0
1332,1788886670.6902163,1788886670.6902163,1081,0.5881254076957703,8.059640884399414,-2.3561899662017822,2.3561899662017822,0.004363323096185923,0.05999999865889549,10.0,1332,0.0
1333,1788886670.738995,1788886670.738995,1081,0.5845081806182861,8.051509857177734,-2.3561899662017822,2.3561899662017822,0.004363323096185923,0.05999999865889549,10.0,1333,0.0
1334,1788886670.7912207,1788886670.7912207,1081,0.5808504223823547,8.043428421020508,-2.3561899662017822,2.3561899662017822,0.004363323096185923,0.05999999865889549,10.0,1334,0.0
1335,1788886670.8406992,1788886670.8406992,1081,0.5771557092666626,8.035378456115723,-2.3561899662017822,2.3561899662017822,0.004363323096185923,0.05999999865889549,10.0,1335,0.0
1336,1788886670.8904974,1788886670.8904974,1081,0.5734207034111023,8.027349472045898,-2.3561899662017822,2.3561899662017822,0.004363323096185923,0.05999999865889549,10.0,1336,0.0
1337,1788886670.9422817,1788886670.9422817,1081,0.5696592926979065,7.989821910858154,-2.3561899662017822,2.3561899662017822,0.004363323096185923,0.05999999865889549,10.0,1337,0.0
1338,1788886670.9909637,1788886670.9909637,1081,0.5658661723136902,7.981357097625732,-2.3561899662017822,2.3561899662017822,0.004363323096185923,0.05999999865889549,10.0,1338,0.0
1339,1788886671.0403912,1788886671.0403912,1081,0.5620350241661072,7.972911834716797,-2.3561899662017822,2.3561899662017822,0.004363323096185923,0.05999999865889549,10.0,1339,0.0
1340,1788886671.089072,1788886671.089072,1081,0.558167576789856,7.9644598960876465,-2.3561899662017822,2.3561899662017822,0.004363323096185923,0.05999999865889549,10.0,1340,0.0
1341,1788886671.1395934,1788886671.1395934,1081,0.554261326789856,7.926797866821289,-2.3561899662017822,2.3561899662017822,0.004363323096185923,0.05999999865889549,10.0,1341,0.0
1342,1788886671.1894104,1788886671.1894104,1081,0.5503830909729004,7.916662216186523,-2.3561899662017822,2.3561899662017822,0.004363323096185923,0.05999999865889549,10.0,1342,0.0
1343,1788886671.239096,1788886671.239096,1081,0.5464975833892822,7.90603494644165,-2.3561899662017822,2.3561899662017822,0.004363323096185923,0.05999999865889549,10.0,1343,0.0
1344,1788886671.289124,1788886671.289124,1081,0.5425825715065002,7.895421981811523,-2.3561899662017822,2.3561899662017822,0.004363323096185923,0.05999999865889549,10.0,1344,0.0
1345,1788886671.3394287,1788886671.3394287,1081,0.5386350154876709,7.88480281829834,-2.3561899662017822,2.3561899662017822,0.004363323096185923,0.05999999865889549,10.0,1345,0.0
1346,1788886671.3891892,1788886671.3891892,1081,0.5346546769142151,7.874200820922852,-2.3561899662017822,2.3561899662017822,0.004363323096185923,0.05999999865889549,10.0,1346,0.0
1347,1788886671.4395523,1788886671.4395523,1081,0.53070467710495,7.862011909484863,-2.3561899662017822,2.3561899662017822,0.004363323096185923,0.05999999865889549,10.0,1347,0.0
1348,1788886671.4899025,1788886671.4899025,1081,0.5267478227615356,7.849407196044922,-2.3561899662017822,2.3561899662017822,0.004363323096185923,0.05999999865889549,10.0,1348,0.0
1349,1788886671.5387392,1788886671.5387392,1081,0.5227674841880798,7.807510852813721,-2.3561899662017822,2.3561899662017822,0.004363323096185923,0.05999999865889549,10.0,1349,0.0
1350,1788886671.5893333,1788886671.5893333,1081,0.5187609791755676,7.794884204864502,-2.3561899662017822,2.3561899662017822,0.004363323096185923,0.05999999865889549,10.0,1350,0.0
1351,1788886671.6397414,1788886671.6397414,1081,0.5147264003753662,7.782246112823486,-2.3561899662017822,2.3561899662017822,0.004363323096185923,0.05999999865889549,10.0,1351,0.0
1352,1788886671.6890342,1788886671.6890342,1081,0.510689377784729,7.769021987915039,-2.3561899662017822,2.3561899662017822,0.004363323096185923,0.05999999865889549,10.0,1352,0.0
1353,1788886671.7388964,1788886671.7388964,1081,0.506332516670227,7.7555952072143555,-2.3561899662017822,2.3561899662017822,0.004363323096185923,0.05999999865889549,10.0,1353,0.0
1354,1788886671.7898247,1788886671.7898247,1081,0.5018180012702942,7.742137908935547,-2.3561899662017822,2.3561899662017822,0.004363323096185923,0.05999999865889549,10.0,1354,0.0
1355,1788886671.8398404,1788886671.8398404,1081,0.4972802996635437,7.728701114654541,-2.3561899662017822,2.3561899662017822,0.004363323096185923,0.05999999865889549,10.0,1355,0.0
1356,1788886671.8898356,1788886671.8898356,1081,0.4927177131175995,7.715274810791016,-2.3561899662017822,2.3561899662017822,0.004363323096185923,0.05999999865889549,10.0,1356,0.0
1357,1788886671.93885,1788886671.93885,1081,0.4881480038166046,7.701356887817383,-2.3561899662017822,2.3561899662017822,0.004363323096185923,0.05999999865889549,10.0,1357,0.0
1358,1788886671.989743,1788886671.989743,1081,0.48356470465660095,7.687334060668945,-2.3561899662017822,2.3561899662017822,0.004363323096185923,0.05999999865889549,10.0,1358,0.0
1359,1788886672.0388353,1788886672.0388353,1081,0.47895780205726624,7.6733078956604,-2.3561899662017822,2.3561899662017822,0.004363323096185923,0.05999999865889549,10.0,1359,0.0
1360,1788886672.088818,1788886672.088818,1081,0.47432830929756165,7.659258842468262,-2.3561899662017822,2.3561899662017822,0.004363323096185923,0.05999999865889549,10.0,1360,0.0
1361,1788886672.1394775,1788886672.1394775,1081,0.4696769118309021,7.645211219787598,-2.3561899662017822,2.3561899662017822,0.004363323096185923,0.05999999865889549,10.0,1361,0.0
1362,1788886672.1897652,1788886672.1897652,1081,0.4649752080440521,7.631927967071533,-2.3561899662017822,2.3561899662017822,0.004363323096185923,0.05999999865889549,10.0,1362,0.0
1363,1788886672.2391102,1788886672.2391102,1081,0.46023520827293396,7.618904113769531,-2.3561899662017822,2.3561899662017822,0.004363323096185923,0.05999999865889549,10.0,1363,0.0
1364,1788886672.2890587,1788886672.2890587,1081,0.4554707109928131,7.6058430671691895,-2.3561899662017822,2.3561899662017822,0.004363323096185923,0.05999999865889549,10.0,1364,0.0
1365,1788886672.3393676,1788886672.3393676,1081,0.4505538046360016,7.592449188232422,-2.3561899662017822,2.3561899662017822,0.004363323096185923,0.05999999865889549,10.0,1365,0.0
1366,1788886672.3892817,1788886672.3892817,1081,0.4454399049282074,7.57858419418335,-2.3561899662017822,2.3561899662017822,0.004363323096185923,0.05999999865889549,10.0,1366,0.0
1367,1788886672.4392285,1788886672.4392285,1081,0.4403007924556732,7.563971042633057,-2.3561899662017822,2.3561899662017822,0.004363323096185923,0.05999999865889549,10.0,1367,0.0
1368,1788886672.4888694,1788886672.4888694,1081,0.4351440966129303,7.5491862297058105,-2.3561899662017822,2.3561899662017822,0.004363323096185923,0.05999999865889549,10.0,1368,0.0
1369,1788886672.5392587,1788886672.5392587,1081,0.4299617111682892,7.534389019012451,-2.3561899662017822,2.3561899662017822,0.004363323096185923,0.05999999865889549,10.0,1369,0.0
1370,1788886672.5891294,1788886672.5891294,1081,0.42488399147987366,7.519909858703613,-2.3561899662017822,2.3561899662017822,0.004363323096185923,0.05999999865889549,10.0,1370,0.0
1371,1788886672.6413,1788886672.6413,1081,0.419955313205719,7.505949020385742,-2.3561899662017822,2.3561899662017822,0.004363323096185923,0.05999999865889549,10.0,1371,0.0
1372,1788886672.6914349,1788886672.6914349,1081,0.4149746894836426,7.4935407638549805,-2.3561899662017822,2.3561899662017822,0.004363323096185923,0.05999999865889549,10.0,1372,0.0
1373,1788886672.7409203,1788886672.7409203,1081,0.4104051887989044,7.481704235076904,-2.3561899662017822,2.3561899662017822,0.004363323096185923,0.05999999865889549,10.0,1373,0.0
1374,1788886672.790367,1788886672.790367,1081,0.4066290855407715,7.469865798950195,-2.3561899662017822,2.3561899662017822,0.004363323096185923,0.05999999865889549,10.0,1374,0.0
1375,1788886672.8392534,1788886672.8392534,1081,0.4036256968975067,7.458011150360107,-2.3561899662017822,2.3561899662017822,0.004363323096185923,0.05999999865889549,10.0,1375,0.0
1376,1788886672.889492,1788886672.889492,1081,0.4013996124267578,7.446167945861816,-2.3561899662017822,2.3561899662017822,0.004363323096185923,0.05999999865889549,10.0,1376,0.0
1377,1788886672.939985,1788886672.939985,1081,0.39973360300064087,7.434049129486084,-2.3561899662017822,2.3561899662017822,0.004363323096185923,0.05999999865889549,10.0,1377,0.0
1378,1788886672.98909,1788886672.98909,1081,0.3980503976345062,7.421799182891846,-2.3561899662017822,2.3561899662017822,0.004363323096185923,0.05999999865889549,10.0,1378,0.0
1379,1788886673.039147,1788886673.039147,1081,0.39633798599243164,7.409543037414551,-2.3561899662017822,2.3561899662017822,0.004363323096185923,0.05999999865889549,10.0,1379,0.0
1380,1788886673.089086,1788886673.089086,1081,0.39460039138793945,7.394599914550781,-2.3561899662017822,2.3561899662017822,0.004363323096185923,0.05999999865889549,10.0,1380,0.0
1381,1788886673.1388843,1788886673.1388843,1081,0.3928337097167969,7.379141807556152,-2.3561899662017822,2.3561899662017822,0.004363323096185923,0.05999999865889549,10.0,1381,0.0
1382,1788886673.1888452,1788886673.1888452,1081,0.3910802900791168,7.363160133361816,-2.3561899662017822,2.3561899662017822,0.004363323096185923,0.05999999865889549,10.0,1382,0.0
1383,1788886673.238835,1788886673.238835,1081,0.3893209993839264,7.327952861785889,-2.3561899662017822,2.3561899662017822,0.004363323096185923,0.05999999865889549,10.0,1383,0.0
1384,1788886673.2888687,1788886673.2888687,1081,0.38753730058670044,7.3142499923706055,-2.3561899662017822,2.3561899662017822,0.004363323096185923,0.05999999865889549,10.0,1384,0.0
1385,1788886673.339945,1788886673.339945,1081,0.38572821021080017,7.300536155700684,-2.3561899662017822,2.3561899662017822,0.004363323096185923,0.05999999865889549,10.0,1385,0.0
1386,1788886673.3897052,1788886673.3897052,1081,0.3838948905467987,7.284519195556641,-2.3561899662017822,2.3561899662017822,0.004363323096185923,0.05999999865889549,10.0,1386,0.0
1387,1788886673.4388254,1788886673.4388254,1081,0.3820512890815735,7.268212795257568,-2.3561899662017822,2.3561899662017822,0.004363323096185923,0.05999999865889549,10.0,1387,0.0
1388,1788886673.4911397,1788886673.4911397,1081,0.380188912153244,7.2518630027771,-2.3561899662017822,2.3561899662017822,0.004363323096185923,0.05999999865889549,10.0,1388,0.0
1389,1788886673.5422735,1788886673.5422735,1081,0.3783031105995178,7.2355217933654785,-2.3561899662017822,2.3561899662017822,0.004363323096185923,0.05999999865889549,10.0,1389,0.0
1390,1788886673.592499,1788886673.592499,1081,0.3763948976993561,7.219167232513428,-2.3561899662017822,2.3561899662017822,0.004363323096185923,0.05999999865889549,10.0,1390,0.0
1391,1788886673.6406262,1788886673.6406262,1081,0.3744649887084961,7.202809810638428,-2.3561899662017822,2.3561899662017822,0.004363323096185923,0.05999999865889549,10.0,1391,0.0
1392,1788886673.6888294,1788886673.6888294,1081,0.3725058138370514,7.186519145965576,-2.3561899662017822,2.3561899662017822,0.004363323096185923,0.05999999865889549,10.0,1392,0.0
1393,1788886673.7395837,1788886673.7395837,1081,0.37052059173583984,7.170242786407471,-2.3561899662017822,2.3561899662017822,0.004363323096185923,0.05999999865889549,10.0,1393,0.0
1394,1788886673.7891388,1788886673.7891388,1081,0.368512898683548,7.153960227966309,-2.3561899662017822,2.3561899662017822,0.004363323096185923,0.05999999865889549,10.0,1394,0.0
1395,1788886673.8393774,1788886673.8393774,1081,0.36648088693618774,7.137685775756836,-2.3561899662017822,2.3561899662017822,0.004363323096185923,0.05999999865889549,10.0,1395,0.0
1396,1788886673.889424,1788886673.889424,1081,0.3644255995750427,7.121409893035889,-2.3561899662017822,2.3561899662017822,0.004363323096185923,0.05999999865889549,10.0,1396,0.0
1397,1788886673.938828,1788886673.938828,1081,0.3623535931110382,7.105058193206787,-2.3561899662017822,2.3561899662017822,0.004363323096185923,0.05999999865889549,10.0,1397,0.0
1398,1788886673.9890532,1788886673.9890532,1081,0.36026039719581604,7.088687896728516,-2.3561899662017822,2.3561899662017822,0.004363323096185923,0.05999999865889549,10.0,1398,0.0
1399,1788886674.0390651,1788886674.0390651,1081,0.35814398527145386,7.072305202484131,-2.3561899662017822,2.3561899662017822,0.004363323096185923,0.05999999865889549,10.0,1399,0.0
1400,1788886674.090073,1788886674.090073,1081,0.3560042083263397,7.0559258460998535,-2.3561899662017822,2.3561899662017822,0.004363323096185923,0.05999999865889549,10.0,1400,0.0
1401,1788886674.1391208,1788886674.1391208,1081,0.35384291410446167,7.039538860321045,-2.3561899662017822,2.3561899662017822,0.004363323096185923,0.05999999865889549,10.0,1401,0.0
1402,1788886674.1888745,1788886674.1888745,1081,0.3516590893268585,7.0374860763549805,-2.3561899662017822,2.3561899662017822,0.004363323096185923,0.05999999865889549,10.0,1402,0.0
1403,1788886674.2388265,1788886674.2388265,1081,0.3494507968425751,7.021109104156494,-2.3561899662017822,2.3561899662017822,0.004363323096185923,0.05999999865889549,10.0,1403,0.0
1404,1788886674.2888227,1788886674.2888227,1081,0.34722140431404114,7.004712104797363,-2.3561899662017822,2.3561899662017822,0.004363323096185923,0.05999999865889549,10.0,1404,0.0
1405,1788886674.340012,1788886674.340012,1081,0.34496909379959106,6.988321781158447,-2.3561899662017822,2.3561899662017822,0.004363323096185923,0.05999999865889549,10.0,1405,0.0
1406,1788886674.3899307,1788886674.3899307,1081,0.34269291162490845,6.971930980682373,-2.3561899662017822,2.3561899662017822,0.004363323096185923,0.05999999865889549,10.0,1406,0.0
1407,1788886674.4387748,1788886674.4387748,1081,0.3405083119869232,6.955094814300537,-2.3561899662017822,2.3561899662017822,0.004363323096185923,0.05999999865889549,10.0,1407,0.0
1408,1788886674.49089,1788886674.49089,1081,0.33911609649658203,6.938096046447754,-2.3561899662017822,2.3561899662017822,0.004363323096185923,0.05999999865889549,10.0,1408,0.0
1409,1788886674.541197,1788886674.541197,1081,0.33877629041671753,6.921095848083496,-2.3561899662017822,2.3561899662017822,0.004363323096185923,0.05999999865889549,10.0,1409,0.0
1410,1788886674.590025,1788886674.590025,1081,0.3394230902194977,6.9036359786987305,-2.3561899662017822,2.3561899662017822,0.004363323096185923,0.05999999865889549,10.0,1410,0.0
1411,1788886674.6399236,1788886674.6399236,1081,0.34123268723487854,6.8855881690979,-2.3561899662017822,2.3561899662017822,0.004363323096185923,0.05999999865889549,10.0,1411,0.0
1412,1788886674.6903424,1788886674.6903424,1081,0.34341850876808167,6.86729621887207,-2.3561899662017822,2.3561899662017822,0.004363323096185923,0.05999999865889549,10.0,1412,0.0
1413,1788886674.7392857,1788886674.7392857,1081,0.34559059143066406,6.8489298820495605,-2.3561899662017822,2.3561899662017822,0.004363323096185923,0.05999999865889549,10.0,1413,0.0
1414,1788886674.7893548,1788886674.7893548,1081,0.34774041175842285,6.830564975738525,-2.3561899662017822,2.3561899662017822,0.004363323096185923,0.05999999865889549,10.0,1414,0.0
1415,1788886674.8391278,1788886674.8391278,1081,0.3498707115650177,6.812182903289795,-2.3561899662017822,2.3561899662017822,0.004363323096185923,0.05999999865889549,10.0,1415,0.0
1416,1788886674.8890524,1788886674.8890524,1081,0.3519792854785919,6.793789863586426,-2.3561899662017822,2.3561899662017822,0.004363323096185923,0.05999999865889549,10.0,1416,0.0
1417,1788886674.9392085,1788886674.9392085,1081,0.35409191250801086,6.789675235748291,-2.3561899662017822,2.3561899662017822,0.004363323096185923,0.05999999865889549,10.0,1417,0.0
1418,1788886674.9893732,1788886674.9893732,1081,0.3561958074569702,6.770847797393799,-2.3561899662017822,2.3561899662017822,0.004363323096185923,0.05999999865889549,10.0,1418,0.0
1419,1788886675.0398462,1788886675.0398462,1081,0.35828179121017456,6.752009868621826,-2.3561899662017822,2.3561899662017822,0.004363323096185923,0.05999999865889549,10.0,1419,0.0
1420,1788886675.0887494,1788886675.0887494,1081,0.3603486120700836,6.733179092407227,-2.3561899662017822,2.3561899662017822,0.004363323096185923,0.05999999865889549,10.0,1420,0.0
1421,1788886675.1395848,1788886675.1395848,1081,0.36239659786224365,6.714326858520508,-2.3561899662017822,2.3561899662017822,0.004363323096185923,0.05999999865889549,10.0,1421,0.0
1422,1788886675.1903932,1788886675.1903932,1081,0.36437809467315674,6.696112155914307,-2.3561899662017822,2.3561899662017822,0.004363323096185923,0.05999999865889549,10.0,1422,0.0
1423,1788886675.2394063,1788886675.2394063,1081,0.36631301045417786,6.678110122680664,-2.3561899662017822,2.3561899662017822,0.004363323096185923,0.05999999865889549,10.0,1423,0.0
1424,1788886675.2892685,1788886675.2892685,1081,0.36822450160980225,6.674866199493408,-2.3561899662017822,2.3561899662017822,0.004363323096185923,0.05999999865889549,10.0,1424,0.0
1425,1788886675.340563,1788886675.340563,1081,0.3700675070285797,6.657281875610352,-2.3561899662017822,2.3561899662017822,0.004363323096185923,0.05999999865889549,10.0,1425,0.0
1426,1788886675.3889153,1788886675.3889153,1081,0.37182530760765076,6.640308856964111,-2.3561899662017822,2.3561899662017822,0.004363323096185923,0.05999999865889549,10.0,1426,0.0
1427,1788886675.4390373,1788886675.4390373,1081,0.3735466003417969,6.62350606918335,-2.3561899662017822,2.3561899662017822,0.004363323096185923,0.05999999865889549,10.0,1427,0.0
1428,1788886675.4897196,1788886675.4897196,1081,0.37524500489234924,6.606696128845215,-2.3561899662017822,2.3561899662017822,0.004363323096185923,0.05999999865889549,10.0,1428,0.0
1429,1788886675.5389047,1788886675.5389047,1081,0.376920610666275,6.589890003204346,-2.3561899662017822,2.3561899662017822,0.004363323096185923,0.05999999865889549,10.0,1429,0.0
1430,1788886675.5894012,1788886675.5894012,1081,0.37857580184936523,6.573085784912109,-2.3561899662017822,2.3561899662017822,0.004363323096185923,0.05999999865889549,10.0,1430,0.0
1431,1788886675.6397476,1788886675.6397476,1081,0.38021111488342285,6.556271076202393,-2.3561899662017822,2.3561899662017822,0.004363323096185923,0.05999999865889549,10.0,1431,0.0
1432,1788886675.689158,1788886675.689158,1081,0.38178569078445435,6.539976119995117,-2.3561899662017822,2.3561899662017822,0.004363323096185923,0.05999999865889549,10.0,1432,0.0
1433,1788886675.7395794,1788886675.7395794,1081,0.38331589102745056,6.5238471031188965,-2.3561899662017822,2.3561899662017822,0.004363323096185923,0.05999999865889549,10.0,1433,0.0
1434,1788886675.7902298,1788886675.7902298,1081,0.3848215937614441,6.522738933563232,-2.3561899662017822,2.3561899662017822,0.004363323096185923,0.05999999865889549,10.0,1434,0.0
1435,1788886675.8400502,1788886675.8400502,1081,0.3863019049167633,6.50662088394165,-2.3561899662017822,2.3561899662017822,0.004363323096185923,0.05999999865889549,10.0,1435,0.0
1436,1788886675.8888483,1788886675.8888483,1081,0.3877562880516052,6.490511894226074,-2.3561899662017822,2.3561899662017822,0.004363323096185923,0.05999999865889549,10.0,1436,0.0
1437,1788886675.9391096,1788886675.9391096,1081,0.3891803026199341,6.47445821762085,-2.3561899662017822,2.3561899662017822,0.004363323096185923,0.05999999865889549,10.0,1437,0.0
1438,1788886675.9893825,1788886675.9893825,1081,0.390577495098114,6.458416938781738,-2.3561899662017822,2.3561899662017822,0.004363323096185923,0.05999999865889549,10.0,1438,0.0
1439,1788886676.0390344,1788886676.0390344,1081,0.3919472098350525,6.442375183105469,-2.3561899662017822,2.3561899662017822,0.004363323096185923,0.05999999865889549,10.0,1439,0.0
1440,1788886676.0893114,1788886676.0893114,1081,0.39329200983047485,6.426346778869629,-2.3561899662017822,2.3561899662017822,0.004363323096185923,0.05999999865889549,10.0,1440,0.0
1441,1788886676.1391377,1788886676.1391377,1081,0.3946124017238617,6.410297870635986,-2.3561899662017822,2.3561899662017822,0.004363323096185923,0.05999999865889549,10.0,1441,0.0
1442,1788886676.1892266,1788886676.1892266,1081,0.3958998918533325,6.394333839416504,-2.3561899662017822,2.3561899662017822,0.004363323096185923,0.05999999865889549,10.0,1442,0.0
1443,1788886676.2396848,1788886676.2396848,1081,0.3971593976020813,6.378377914428711,-2.3561899662017822,2.3561899662017822,0.004363323096185923,0.05999999865889549,10.0,1443,0.0
1444,1788886676.289204,1788886676.289204,1081,0.3983938992023468,6.3624138832092285,-2.3561899662017822,2.3561899662017822,0.004363323096185923,0.05999999865889549,10.0,1444,0.0
1445,1788886676.342578,1788886676.342578,1081,0.39959970116615295,6.346456050872803,-2.3561899662017822,2.3561899662017822,0.004363323096185923,0.05999999865889549,10.0,1445,0.0
1446,1788886676.392031,1788886676.392031,1081,0.4007799029350281,6.345855236053467,-2.3561899662017822,2.3561899662017822,0.004363323096185923,0.05999999865889549,10.0,1446,0.0
1447,1788886676.4412358,1788886676.4412358,1081,0.4019305109977722,6.329971790313721,-2.3561899662017822,2.3561899662017822,0.004363323096185923,0.05999999865889549,10.0,1447,0.0
1448,1788886676.4909859,1788886676.4909859,1081,0.4030506908893585,6.314114093780518,-2.3561899662017822,2.3561899662017822,0.004363323096185923,0.05999999865889549,10.0,1448,0.0
1449,1788886676.5418174,1788886676.5418174,1081,0.4041441082954407,6.298245906829834,-2.3561899662017822,2.3561899662017822,0.004363323096185923,0.05999999865889549,10.0,1449,0.0
1450,1788886676.5908794,1788886676.5908794,1081,0.4052102863788605,6.282383918762207,-2.3561899662017822,2.3561899662017822,0.004363323096185923,0.05999999865889549,10.0,1450,0.0
1451,1788886676.6408355,1788886676.6408355,1081,0.40624919533729553,6.266532897949219,-2.3561899662017822,2.3561899662017822,0.004363323096185923,0.05999999865889549,10.0,1451,0.0
1452,1788886676.6917522,1788886676.6917522,1081,0.40726199746131897,6.250648021697998,-2.3561899662017822,2.3561899662017822,0.004363323096185923,0.05999999865889549,10.0,1452,0.0
1453,1788886676.7432508,1788886676.7432508,1081,0.40824809670448303,6.2347612380981445,-2.3561899662017822,2.3561899662017822,0.004363323096185923,0.05999999865889549,10.0,1453,0.0
1454,1788886676.7935538,1788886676.7935538,1081,0.40920791029930115,6.218869209289551,-2.3561899662017822,2.3561899662017822,0.004363323096185923,0.05999999865889549,10.0,1454,0.0
1455,1788886676.843147,1788886676.843147,1081,0.41013970971107483,6.202981948852539,-2.3561899662017822,2.3561899662017822,0.004363323096185923,0.05999999865889549,10.0,1455,0.0
1456,1788886676.892235,1788886676.892235,1081,0.4110451936721802,6.202764987945557,-2.3561899662017822,2.3561899662017822,0.004363323096185923,0.05999999865889549,10.0,1456,0.0
1457,1788886676.9423645,1788886676.9423645,1081,0.41192978620529175,6.1867899894714355,-2.3561899662017822,2.3561899662017822,0.004363323096185923,0.05999999865889549,10.0,1457,0.0
1458,1788886676.9923708,1788886676.9923708,1081,0.41278961300849915,6.170779228210449,-2.3561899662017822,2.3561899662017822,0.004363323096185923,0.05999999865889549,10.0,1458,0.0
1459,1788886677.0640075,1788886677.0640075,1081,0.414032906293869,6.14674186706543,-2.3561899662017822,2.3561899662017822,0.004363323096185923,0.05999999865889549,10.0,1459,0.0
1460,1788886677.1147127,1788886677.1147127,1081,0.41482770442962646,6.130712032318115,-2.3561899662017822,2.3561899662017822,0.004363323096185923,0.05999999865889549,10.0,1460,0.0
1461,1788886677.164661,1788886677.164661,1081,0.4155968129634857,6.11468505859375,-2.3561899662017822,2.3561899662017822,0.004363323096185923,0.05999999865889549,10.0,1461,0.0
1462,1788886677.2139761,1788886677.2139761,1081,0.41633421182632446,6.114652156829834,-2.3561899662017822,2.3561899662017822,0.004363323096185923,0.05999999865889549,10.0,1462,0.0
1463,1788886677.2637806,1788886677.2637806,1081,0.4170421063899994,6.098729133605957,-2.3561899662017822,2.3561899662017822,0.004363323096185923,0.05999999865889549,10.0,1463,0.0
1464,1788886677.3139658,1788886677.3139658,1081,0.4177233874797821,6.082789897918701,-2.3561899662017822,2.3561899662017822,0.004363323096185923,0.05999999865889549,10.0,1464,0.0
1465,1788886677.3639543,1788886677.3639543,1081,0.4183782935142517,6.066847801208496,-2.3561899662017822,2.3561899662017822,0.004363323096185923,0.05999999865889549,10.0,1465,0.0
1466,1788886677.4142466,1788886677.4142466,1081,0.4190051853656769,6.050912857055664,-2.3561899662017822,2.3561899662017822,0.004363323096185923,0.05999999865889549,10.0,1466,0.0
1467,1788886677.4640684,1788886677.4640684,1081,0.4196116030216217,6.034866809844971,-2.3561899662017822,2.3561899662017822,0.004363323096185923,0.05999999865889549,10.0,1467,0.0
1468,1788886677.514472,1788886677.514472,1081,0.42019540071487427,6.034976005554199,-2.3561899662017822,2.3561899662017822,0.004363323096185923,0.05999999865889549,10.0,1468,0.0
1469,1788886677.563998,1788886677.563998,1081,0.42075198888778687,6.018905162811279,-2.3561899662017822,2.3561899662017822,0.004363323096185923,0.05999999865889549,10.0,1469,0.0
1470,1788886677.614677,1788886677.614677,1081,0.42128199338912964,6.0028300285339355,-2.3561899662017822,2.3561899662017822,0.004363323096185923,0.05999999865889549,10.0,1470,0.0
1471,1788886677.6648018,1788886677.6648018,1081,0.42178648710250854,5.986745834350586,-2.3561899662017822,2.3561899662017822,0.004363323096185923,0.05999999865889549,10.0,1471,0.0
1472,1788886677.7141767,1788886677.7141767,1081,0.42223650217056274,5.971078872680664,-2.3561899662017822,2.3561899662017822,0.004363323096185923,0.05999999865889549,10.0,1472,0.0
1473,1788886677.7639134,1788886677.7639134,1081,0.4226430058479309,5.971972942352295,-2.3561899662017822,2.3561899662017822,0.004363323096185923,0.05999999865889549,10.0,1473,0.0
1474,1788886677.8152032,1788886677.8152032,1081,0.4230212867259979,5.956455230712891,-2.3561899662017822,2.3561899662017822,0.004363323096185923,0.05999999865889549,10.0,1474,0.0
1475,1788886677.8641932,1788886677.8641932,1081,0.4233717918395996,5.940903186798096,-2.3561899662017822,2.3561899662017822,0.004363323096185923,0.05999999865889549,10.0,1475,0.0
1476,1788886677.914009,1788886677.914009,1081,0.4236912131309509,5.925344944000244,-2.3561899662017822,2.3561899662017822,0.004363323096185923,0.05999999865889549,10.0,1476,0.0
1477,1788886677.964716,1788886677.964716,1081,0.4240404963493347,5.909235954284668,-2.3561899662017822,2.3561899662017822,0.004363323096185923,0.05999999865889549,10.0,1477,0.0
1478,1788886678.0140078,1788886678.0140078,1081,0.42500731348991394,5.899902820587158,-2.3561899662017822,2.3561899662017822,0.004363323096185923,0.05999999865889549,10.0,1478,0.0
1479,1788886678.0639358,1788886678.0639358,1081,0.42653530836105347,5.882865905761719,-2.3561899662017822,2.3561899662017822,0.004363323096185923,0.05999999865889549,10.0,1479,0.0
1480,1788886678.113971,1788886678.113971,1081,0.42808330059051514,5.8658342361450195,-2.3561899662017822,2.3561899662017822,0.004363323096185923,0.05999999865889549,10.0,1480,0.0
1481,1788886678.1640575,1788886678.1640575,1081,0.42960619926452637,5.848794937133789,-2.3561899662017822,2.3561899662017822,0.004363323096185923,0.05999999865889549,10.0,1481,0.0
1482,1788886678.2157328,1788886678.2157328,1081,0.43110400438308716,5.83964204788208,-2.3561899662017822,2.3561899662017822,0.004363323096185923,0.05999999865889549,10.0,1482,0.0
1483,1788886678.266611,1788886678.266611,1081,0.4325784146785736,5.822559833526611,-2.3561899662017822,2.3561899662017822,0.004363323096185923,0.05999999865889549,10.0,1483,0.0
1484,1788886678.3164485,1788886678.3164485,1081,0.4340260922908783,5.805477142333984,-2.3561899662017822,2.3561899662017822,0.004363323096185923,0.05999999865889549,10.0,1484,0.0
1485,1788886678.3657215,1788886678.3657215,1081,0.4354448914527893,5.788400173187256,-2.3561899662017822,2.3561899662017822,0.004363323096185923,0.05999999865889549,10.0,1485,0.0
1486,1788886678.4164808,1788886678.4164808,1081,0.43683791160583496,5.779438018798828,-2.3561899662017822,2.3561899662017822,0.004363323096185923,0.05999999865889549,10.0,1486,0.0
1487,1788886678.4661424,1788886678.4661424,1081,0.43817710876464844,5.762558937072754,-2.3561899662017822,2.3561899662017822,0.004363323096185923,0.05999999865889549,10.0,1487,0.0
1488,1788886678.5151548,1788886678.5151548,1081,0.4394698143005371,5.745769023895264,-2.3561899662017822,2.3561899662017822,0.004363323096185923,0.05999999865889549,10.0,1488,0.0
1489,1788886678.564796,1788886678.564796,1081,0.4407339096069336,5.737284183502197,-2.3561899662017822,2.3561899662017822,0.004363323096185923,0.05999999865889549,10.0,1489,0.0
1490,1788886678.6141305,1788886678.6141305,1081,0.44196799397468567,5.7204999923706055,-2.3561899662017822,2.3561899662017822,0.004363323096185923,0.05999999865889549,10.0,1490,0.0
1491,1788886678.6643941,1788886678.6643941,1081,0.4431712031364441,5.703708171844482,-2.3561899662017822,2.3561899662017822,0.004363323096185923,0.05999999865889549,10.0,1491,0.0
1492,1788886678.7139552,1788886678.7139552,1081,0.4443958103656769,5.6950459480285645,-2.3561899662017822,2.3561899662017822,0.004363323096185923,0.05999999865889549,10.0,1492,0.0
1493,1788886678.764357,1788886678.764357,1081,0.4456194043159485,5.67775821685791,-2.3561899662017822,2.3561899662017822,0.004363323096185923,0.05999999865889549,10.0,1493,0.0
1494,1788886678.81422,1788886678.81422,1081,0.44681769609451294,5.660470008850098,-2.3561899662017822,2.3561899662017822,0.004363323096185923,0.05999999865889549,10.0,1494,0.0
1495,1788886678.863866,1788886678.863866,1081,0.4479908049106598,5.651848793029785,-2.3561899662017822,2.3561899662017822,0.004363323096185923,0.05999999865889549,10.0,1495,0.0
1496,1788886678.9144115,1788886678.9144115,1081,0.44913971424102783,5.634556770324707,-2.3561899662017822,2.3561899662017822,0.004363323096185923,0.05999999865889549,10.0,1496,0.0
1497,1788886678.9649603,1788886678.9649603,1081,0.4502454996109009,5.626213073730469,-2.3561899662017822,2.3561899662017822,0.004363323096185923,0.05999999865889549,10.0,1497,0.0
1498,1788886679.015129,1788886679.015129,1081,0.45131710171699524,5.609090805053711,-2.3561899662017822,2.3561899662017822,0.004363323096185923,0.05999999865889549,10.0,1498,0.0
1499,1788886679.0643642,1788886679.0643642,1081,0.45236220955848694,5.591972827911377,-2.3561899662017822,2.3561899662017822,0.004363323096185923,0.05999999865889549,10.0,1499,0.0
1500,1788886679.1147945,1788886679.1147945,1081,0.4533790946006775,5.5838541984558105,-2.3561899662017822,2.3561899662017822,0.004363323096185923,0.05999999865889549,10.0,1500,0.0
1501,1788886679.1650257,1788886679.1650257,1081,0.45436981320381165,5.566742897033691,-2.3561899662017822,2.3561899662017822,0.004363323096185923,0.05999999865889549,10.0,1501,0.0
1502,1788886679.2152014,1788886679.2152014,1081,0.45531150698661804,5.5589680671691895,-2.3561899662017822,2.3561899662017822,0.004363323096185923,0.05999999865889549,10.0,1502,0.0
1503,1788886679.2653055,1788886679.2653055,1081,0.4562123119831085,5.54210090637207,-2.3561899662017822,2.3561899662017822,0.004363323096185923,0.05999999865889549,10.0,1503,0.0
1504,1788886679.3151727,1788886679.3151727,1081,0.4579285979270935,5.517689228057861,-2.3561899662017822,2.3561899662017822,0.004363323096185923,0.05999999865889549,10.0,1504,0.0
1505,1788886679.4143243,1788886679.4143243,1081,0.45874351263046265,5.510301113128662,-2.3561899662017822,2.3561899662017822,0.004363323096185923,0.05999999865889549,10.0,1505,0.0
1506,1788886679.4643433,1788886679.4643433,1081,0.45951908826828003,5.493532180786133,-2.3561899662017822,2.3561899662017822,0.004363323096185923,0.05999999865889549,10.0,1506,0.0
1507,1788886679.515453,1788886679.515453,1081,0.460258811712265,5.486446857452393,-2.3561899662017822,2.3561899662017822,0.004363323096185923,0.05999999865889549,10.0,1507,0.0
1508,1788886679.5655606,1788886679.5655606,1081,0.4609676003456116,5.469717025756836,-2.3561899662017822,2.3561899662017822,0.004363323096185923,0.05999999865889549,10.0,1508,0.0
1509,1788886679.6154299,1788886679.6154299,1081,0.4616469144821167,5.4628071784973145,-2.3561899662017822,2.3561899662017822,0.004363323096185923,0.05999999865889549,10.0,1509,0.0
1510,1788886679.6652484,1788886679.6652484,1081,0.462295800447464,5.456050872802734,-2.3561899662017822,2.3561899662017822,0.004363323096185923,0.05999999865889549,10.0,1510,0.0
1511,1788886679.7150984,1788886679.7150984,1081,0.4628978967666626,5.439484119415283,-2.3561899662017822,2.3561899662017822,0.004363323096185923,0.05999999865889549,10.0,1511,0.0
1512,1788886679.7642932,1788886679.7642932,1081,0.46345990896224976,5.433104991912842,-2.3561899662017822,2.3561899662017822,0.004363323096185923,0.05999999865889549,10.0,1512,0.0
1513,1788886679.814297,1788886679.814297,1081,0.463989794254303,5.41658878326416,-2.3561899662017822,2.3561899662017822,0.004363323096185923,0.05999999865889549,10.0,1513,0.0
1514,1788886679.8657968,1788886679.8657968,1081,0.4644888937473297,5.410405158996582,-2.3561899662017822,2.3561899662017822,0.004363323096185923,0.05999999865889549,10.0,1514,0.0
1515,1788886679.916471,1788886679.916471,1081,0.46495509147644043,5.404234886169434,-2.3561899662017822,2.3561899662017822,0.004363323096185923,0.05999999865889549,10.0,1515,0.0
1516,1788886679.9693003,1788886679.9693003,1081,0.46534261107444763,5.38710880279541,-2.3561899662017822,2.3561899662017822,0.004363323096185923,0.05999999865889549,10.0,1516,0.0
1517,1788886680.0178537,1788886680.0178537,1081,0.46566781401634216,5.373979091644287,-2.3561899662017822,2.3561899662017822,0.004363323096185923,0.05999999865889549,10.0,1517,0.0
1518,1788886680.0666637,1788886680.0666637,1081,0.46595558524131775,5.3569512367248535,-2.3561899662017822,2.3561899662017822,0.004363323096185923,0.05999999865889549,10.0,1518,0.0
1519,1788886680.1156888,1788886680.1156888,1081,0.4662074148654938,5.344038963317871,-2.3561899662017822,2.3561899662017822,0.004363323096185923,0.05999999865889549,10.0,1519,0.0
1520,1788886680.164045,1788886680.164045,1081,0.46642011404037476,5.331305980682373,-2.3561899662017822,2.3561899662017822,0.004363323096185923,0.05999999865889549,10.0,1520,0.0
1521,1788886680.214717,1788886680.214717,1081,0.4665510058403015,5.3189239501953125,-2.3561899662017822,2.3561899662017822,0.004363323096185923,0.05999999865889549,10.0,1521,0.0
1522,1788886680.2652464,1788886680.2652464,1081,0.4666202962398529,5.302234172821045,-2.3561899662017822,2.3561899662017822,0.004363323096185923,0.05999999865889549,10.0,1522,0.0
1523,1788886680.3145247,1788886680.3145247,1081,0.4666498005390167,5.290130138397217,-2.3561899662017822,2.3561899662017822,0.004363323096185923,0.05999999865889549,10.0,1523,0.0
1524,1788886680.3650725,1788886680.3650725,1081,0.466636598110199,5.278217792510986,-2.3561899662017822,2.3561899662017822,0.004363323096185923,0.05999999865889549,10.0,1524,0.0
1525,1788886680.415159,1788886680.415159,1081,0.466583788394928,5.261620044708252,-2.3561899662017822,2.3561899662017822,0.004363323096185923,0.05999999865889549,10.0,1525,0.0
1526,1788886680.465689,1788886680.465689,1081,0.4664892852306366,5.245018005371094,-2.3561899662017822,2.3561899662017822,0.004363323096185923,0.05999999865889549,10.0,1526,0.0
1527,1788886680.5159674,1788886680.5159674,1081,0.4663558900356293,5.2284159660339355,-2.3561899662017822,2.3561899662017822,0.004363323096185923,0.05999999865889549,10.0,1527,0.0
1528,1788886680.5642467,1788886680.5642467,1081,0.46617940068244934,5.211828231811523,-2.3561899662017822,2.3561899662017822,0.004363323096185923,0.05999999865889549,10.0,1528,0.0
1529,1788886680.613819,1788886680.613819,1081,0.4659627079963684,5.19403076171875,-2.3561899662017822,2.3561899662017822,0.004363323096185923,0.05999999865889549,10.0,1529,0.0
1530,1788886680.664745,1788886680.664745,1081,0.4657055139541626,5.175111770629883,-2.3561899662017822,2.3561899662017822,0.004363323096185923,0.05999999865889549,10.0,1530,0.0
1531,1788886680.7144682,1788886680.7144682,1081,0.46536698937416077,5.157248020172119,-2.3561899662017822,2.3561899662017822,0.004363323096185923,0.05999999865889549,10.0,1531,0.0
1532,1788886680.7646022,1788886680.7646022,1081,0.4640708863735199,5.140857219696045,-2.3561899662017822,2.3561899662017822,0.004363323096185923,0.05999999865889549,10.0,1532,0.0
1533,1788886680.8137271,1788886680.8137271,1081,0.46226438879966736,5.123899936676025,-2.3561899662017822,2.3561899662017822,0.004363323096185923,0.05999999865889549,10.0,1533,0.0
1534,1788886680.8640728,1788886680.8640728,1081,0.4604131877422333,5.1046671867370605,-2.3561899662017822,2.3561899662017822,0.004363323096185923,0.05999999865889549,10.0,1534,0.0
1535,1788886680.9147136,1788886680.9147136,1081,0.4585174024105072,5.086664199829102,-2.3561899662017822,2.3561899662017822,0.004363323096185923,0.05999999865889549,10.0,1535,0.0
1536,1788886680.9638283,1788886680.9638283,1081,0.45653730630874634,5.070425033569336,-2.3561899662017822,2.3561899662017822,0.004363323096185923,0.05999999865889549,10.0,1536,0.0
1537,1788886681.0140955,1788886681.0140955,1081,0.45449110865592957,5.052670001983643,-2.3561899662017822,2.3561899662017822,0.004363323096185923,0.05999999865889549,10.0,1537,0.0
1538,1788886681.0649793,1788886681.0649793,1081,0.45239558815956116,5.033145904541016,-2.3561899662017822,2.3561899662017822,0.004363323096185923,0.05999999865889549,10.0,1538,0.0
1539,1788886681.1154375,1788886681.1154375,1081,0.4502522945404053,5.016805171966553,-2.3561899662017822,2.3561899662017822,0.004363323096185923,0.05999999865889549,10.0,1539,0.0
1540,1788886681.1648746,1788886681.1648746,1081,0.4480609893798828,5.000173091888428,-2.3561899662017822,2.3561899662017822,0.004363323096185923,0.05999999865889549,10.0,1540,0.0
1541,1788886681.2144861,1788886681.2144861,1081,0.4457472860813141,4.980226993560791,-2.3561899662017822,2.3561899662017822,0.004363323096185923,0.05999999865889549,10.0,1541,0.0
1542,1788886681.263857,1788886681.263857,1081,0.44334471225738525,4.96385383605957,-2.3561899662017822,2.3561899662017822,0.004363323096185923,0.05999999865889549,10.0,1542,0.0
1543,1788886681.3145585,1788886681.3145585,1081,0.44088390469551086,4.945968151092529,-2.3561899662017822,2.3561899662017822,0.004363323096185923,0.05999999865889549,10.0,1543,0.0
1544,1788886681.3646708,1788886681.3646708,1081,0.4383685886859894,4.927177906036377,-2.3561899662017822,2.3561899662017822,0.004363323096185923,0.05999999865889549,10.0,1544,0.0
1545,1788886681.414146,1788886681.414146,1081,0.435800701379776,4.911377906799316,-2.3561899662017822,2.3561899662017822,0.004363323096185923,0.05999999865889549,10.0,1545,0.0
1546,1788886681.4647436,1788886681.4647436,1081,0.43314579129219055,4.891382217407227,-2.3561899662017822,2.3561899662017822,0.004363323096185923,0.05999999865889549,10.0,1546,0.0
1547,1788886681.514168,1788886681.514168,1081,0.4304226040840149,4.874932765960693,-2.3561899662017822,2.3561899662017822,0.004363323096185923,0.05999999865889549,10.0,1547,0.0
1548,1788886681.563951,1788886681.563951,1081,0.4276418089866638,4.856517791748047,-2.3561899662017822,2.3561899662017822,0.004363323096185923,0.05999999865889549,10.0,1548,0.0
1549,1788886681.6149027,1788886681.6149027,1081,0.42480188608169556,4.838496208190918,-2.3561899662017822,2.3561899662017822,0.004363323096185923,0.05999999865889549,10.0,1549,0.0
1550,1788886681.6680493,1788886681.6680493,1081,0.4219040870666504,4.821569919586182,-2.3561899662017822,2.3561899662017822,0.004363323096185923,0.05999999865889549,10.0,1550,0.0
1551,1788886681.7199469,1788886681.7199469,1081,0.41882190108299255,4.8025898933410645,-2.3561899662017822,2.3561899662017822,0.004363323096185923,0.05999999865889549,10.0,1551,0.0
1552,1788886681.769522,1788886681.769522,1081,0.4155898988246918,4.784824848175049,-2.3561899662017822,2.3561899662017822,0.004363323096185923,0.05999999865889549,10.0,1552,0.0
1553,1788886681.8393385,1788886681.8393385,1081,0.41077920794487,4.759407043457031,-2.3561899662017822,2.3561899662017822,0.004363323096185923,0.05999999865889549,10.0,1553,0.0
1554,1788886681.8890371,1788886681.8890371,1081,0.4075978100299835,4.742036819458008,-2.3561899662017822,2.3561899662017822,0.004363323096185923,0.05999999865889549,10.0,1554,0.0
1555,1788886681.93976,1788886681.93976,1081,0.4043208956718445,4.724822998046875,-2.3561899662017822,2.3561899662017822,0.004363323096185923,0.05999999865889549,10.0,1555,0.0
1556,1788886681.9893742,1788886681.9893742,1081,0.4009648859500885,4.709557056427002,-2.3561899662017822,2.3561899662017822,0.004363323096185923,0.05999999865889549,10.0,1556,0.0
1557,1788886682.0391028,1788886682.0391028,1081,0.39754340052604675,4.690728187561035,-2.3561899662017822,2.3561899662017822,0.004363323096185923,0.05999999865889549,10.0,1557,0.0
1558,1788886682.0895867,1788886682.0895867,1081,0.3940559923648834,4.6750078201293945,-2.3561899662017822,2.3561899662017822,0.004363323096185923,0.05999999865889549,10.0,1558,0.0
1559,1788886682.1389904,1788886682.1389904,1081,0.39052140712738037,4.658255100250244,-2.3561899662017822,2.3561899662017822,0.004363323096185923,0.05999999865889549,10.0,1559,0.0
1560,1788886682.18951,1788886682.18951,1081,0.38730379939079285,4.640000820159912,-2.3561899662017822,2.3561899662017822,0.004363323096185923,0.05999999865889549,10.0,1560,0.0
1561,1788886682.2392957,1788886682.2392957,1081,0.3846997022628784,4.623431205749512,-2.3561899662017822,2.3561899662017822,0.004363323096185923,0.05999999865889549,10.0,1561,0.0
1562,1788886682.2890599,1788886682.2890599,1081,0.3825297951698303,4.6074910163879395,-2.3561899662017822,2.3561899662017822,0.004363323096185923,0.05999999865889549,10.0,1562,0.0
1563,1788886682.3389685,1788886682.3389685,1081,0.38029271364212036,4.591033935546875,-2.3561899662017822,2.3561899662017822,0.004363323096185923,0.05999999865889549,10.0,1563,0.0
1564,1788886682.3897867,1788886682.3897867,1081,0.37797799706459045,4.572964191436768,-2.3561899662017822,2.3561899662017822,0.004363323096185923,0.05999999865889549,10.0,1564,0.0
1565,1788886682.4387274,1788886682.4387274,1081,0.37553828954696655,4.555107116699219,-2.3561899662017822,2.3561899662017822,0.004363323096185923,0.05999999865889549,10.0,1565,0.0
1566,1788886682.489838,1788886682.489838,1081,0.37299439311027527,4.537942886352539,-2.3561899662017822,2.3561899662017822,0.004363323096185923,0.05999999865889549,10.0,1566,0.0
1567,1788886682.5409286,1788886682.5409286,1081,0.3703688979148865,4.521525859832764,-2.3561899662017822,2.3561899662017822,0.004363323096185923,0.05999999865889549,10.0,1567,0.0
1568,1788886682.5888734,1788886682.5888734,1081,0.367661714553833,4.5050740242004395,-2.3561899662017822,2.3561899662017822,0.004363323096185923,0.05999999865889549,10.0,1568,0.0
1569,1788886682.6395564,1788886682.6395564,1081,0.36487358808517456,4.488587856292725,-2.3561899662017822,2.3561899662017822,0.004363323096185923,0.05999999865889549,10.0,1569,0.0
1570,1788886682.6889489,1788886682.6889489,1081,0.36204230785369873,4.471189022064209,-2.3561899662017822,2.3561899662017822,0.004363323096185923,0.05999999865889549,10.0,1570,0.0
1571,1788886682.7400858,1788886682.7400858,1081,0.3591485023498535,4.453160762786865,-2.3561899662017822,2.3561899662017822,0.004363323096185923,0.05999999865889549,10.0,1571,0.0
1572,1788886682.789601,1788886682.789601,1081,0.35617750883102417,4.4351301193237305,-2.3561899662017822,2.3561899662017822,0.004363323096185923,0.05999999865889549,10.0,1572,0.0
1573,1788886682.8387966,1788886682.8387966,1081,0.35313090682029724,4.418560981750488,-2.3561899662017822,2.3561899662017822,0.004363323096185923,0.05999999865889549,10.0,1573,0.0
1574,1788886682.8895407,1788886682.8895407,1081,0.3500036895275116,4.4021501541137695,-2.3561899662017822,2.3561899662017822,0.004363323096185923,0.05999999865889549,10.0,1574,0.0
1575,1788886682.9390233,1788886682.9390233,1081,0.3467612862586975,4.385538101196289,-2.3561899662017822,2.3561899662017822,0.004363323096185923,0.05999999865889549,10.0,1575,0.0
1576,1788886682.9897954,1788886682.9897954,1081,0.3434221148490906,4.368618965148926,-2.3561899662017822,2.3561899662017822,0.004363323096185923,0.05999999865889549,10.0,1576,0.0
1577,1788886683.039154,1788886683.039154,1081,0.3400019109249115,4.350820064544678,-2.3561899662017822,2.3561899662017822,0.004363323096185923,0.05999999865889549,10.0,1577,0.0
1578,1788886683.0890667,1788886683.0890667,1081,0.3365001976490021,4.33302116394043,-2.3561899662017822,2.3561899662017822,0.004363323096185923,0.05999999865889549,10.0,1578,0.0
1579,1788886683.1389344,1788886683.1389344,1081,0.33291828632354736,4.315227031707764,-2.3561899662017822,2.3561899662017822,0.004363323096185923,0.05999999865889549,10.0,1579,0.0
1580,1788886683.189672,1788886683.189672,1081,0.3291431963443756,4.297973155975342,-2.3561899662017822,2.3561899662017822,0.004363323096185923,0.05999999865889549,10.0,1580,0.0
1581,1788886683.238816,1788886683.238816,1081,0.3252207040786743,4.280907154083252,-2.3561899662017822,2.3561899662017822,0.004363323096185923,0.05999999865889549,10.0,1581,0.0
1582,1788886683.2896566,1788886683.2896566,1081,0.3212077021598816,4.2638468742370605,-2.3561899662017822,2.3561899662017822,0.004363323096185923,0.05999999865889549,10.0,1582,0.0
1583,1788886683.3402436,1788886683.3402436,1081,0.317104697227478,4.246795177459717,-2.3561899662017822,2.3561899662017822,0.004363323096185923,0.05999999865889549,10.0,1583,0.0
1584,1788886683.3888156,1788886683.3888156,1081,0.3129115104675293,4.229745864868164,-2.3561899662017822,2.3561899662017822,0.004363323096185923,0.05999999865889549,10.0,1584,0.0
1585,1788886683.4398098,1788886683.4398098,1081,0.30846670269966125,4.2126359939575195,-2.3561899662017822,2.3561899662017822,0.004363323096185923,0.05999999865889549,10.0,1585,0.0
1586,1788886683.4898775,1788886683.4898775,1081,0.3038434088230133,4.194086074829102,-2.3561899662017822,2.3561899662017822,0.004363323096185923,0.05999999865889549,10.0,1586,0.0
1587,1788886683.5392365,1788886683.5392365,1081,0.2991164028644562,4.176311016082764,-2.3561899662017822,2.3561899662017822,0.004363323096185923,0.05999999865889549,10.0,1587,0.0
1588,1788886683.589113,1788886683.589113,1081,0.29442891478538513,4.160610198974609,-2.3561899662017822,2.3561899662017822,0.004363323096185923,0.05999999865889549,10.0,1588,0.0
1589,1788886683.6395805,1788886683.6395805,1081,0.28997328877449036,4.144620895385742,-2.3561899662017822,2.3561899662017822,0.004363323096185923,0.05999999865889549,10.0,1589,0.0
1590,1788886683.692815,1788886683.692815,1081,0.28605759143829346,4.126959800720215,-2.3561899662017822,2.3561899662017822,0.004363323096185923,0.05999999865889549,10.0,1590,0.0
1591,1788886683.742038,1788886683.742038,1081,0.2827742099761963,4.111705780029297,-2.3561899662017822,2.3561899662017822,0.004363323096185923,0.05999999865889549,10.0,1591,0.0
1592,1788886683.7902184,1788886683.7902184,1081,0.28042829036712646,4.095083236694336,-2.3561899662017822,2.3561899662017822,0.004363323096185923,0.05999999865889549,10.0,1592,0.0
1593,1788886683.8400922,1788886683.8400922,1081,0.27890971302986145,4.078457832336426,-2.3561899662017822,2.3561899662017822,0.004363323096185923,0.05999999865889549,10.0,1593,0.0
1594,1788886683.8888273,1788886683.8888273,1081,0.27822059392929077,4.063066005706787,-2.3561899662017822,2.3561899662017822,0.004363323096185923,0.05999999865889549,10.0,1594,0.0
1595,1788886683.938934,1788886683.938934,1081,0.2783032953739166,4.045903205871582,-2.3561899662017822,2.3561899662017822,0.004363323096185923,0.05999999865889549,10.0,1595,0.0
1596,1788886683.9904075,1788886683.9904075,1081,0.2786673903465271,4.029750823974609,-2.3561899662017822,2.3561899662017822,0.004363323096185923,0.05999999865889549,10.0,1596,0.0
1597,1788886684.0396743,1788886684.0396743,1081,0.28044891357421875,4.0144758224487305,-2.3561899662017822,2.3561899662017822,0.004363323096185923,0.05999999865889549,10.0,1597,0.0
1598,1788886684.0890052,1788886684.0890052,1081,0.28249621391296387,3.9963080883026123,-2.3561899662017822,2.3561899662017822,0.004363323096185923,0.05999999865889549,10.0,1598,0.0
1599,1788886684.13968,1788886684.13968,1081,0.2863070070743561,3.981247901916504,-2.3561899662017822,2.3561899662017822,0.004363323096185923,0.05999999865889549,10.0,1599,0.0
1600,1788886684.1892283,1788886684.1892283,1081,0.2903834879398346,3.964945077896118,-2.3561899662017822,2.3561899662017822,0.004363323096185923,0.05999999865889549,10.0,1600,0.0
1601,1788886684.2402964,1788886684.2402964,1081,0.2944954037666321,3.9476540088653564,-2.3561899662017822,2.3561899662017822,0.004363323096185923,0.05999999865889549,10.0,1601,0.0
1602,1788886684.2903273,1788886684.2903273,1081,0.300889790058136,3.9327409267425537,-2.3561899662017822,2.3561899662017822,0.004363323096185923,0.05999999865889549,10.0,1602,0.0
1603,1788886684.3398242,1788886684.3398242,1081,0.30594900250434875,3.9154250621795654,-2.3561899662017822,2.3561899662017822,0.004363323096185923,0.05999999865889549,10.0,1603,0.0
1604,1788886684.3888657,1788886684.3888657,1081,0.31365668773651123,3.8990120887756348,-2.3561899662017822,2.3561899662017822,0.004363323096185923,0.05999999865889549,10.0,1604,0.0
1605,1788886684.4395235,1788886684.4395235,1081,0.32122600078582764,3.8832600116729736,-2.3561899662017822,2.3561899662017822,0.004363323096185923,0.05999999865889549,10.0,1605,0.0
1606,1788886684.489101,1788886684.489101,1081,0.3282583951950073,3.8671679496765137,-2.3561899662017822,2.3561899662017822,0.004363323096185923,0.05999999865889549,10.0,1606,0.0
1607,1788886684.5394883,1788886684.5394883,1081,0.3366357088088989,3.8510549068450928,-2.3561899662017822,2.3561899662017822,0.004363323096185923,0.05999999865889549,10.0,1607,0.0
1608,1788886684.5889568,1788886684.5889568,1081,0.34436818957328796,3.8356189727783203,-2.3561899662017822,2.3561899662017822,0.004363323096185923,0.05999999865889549,10.0,1608,0.0
1609,1788886684.6397684,1788886684.6397684,1081,0.3536243140697479,3.8194499015808105,-2.3561899662017822,2.3561899662017822,0.004363323096185923,0.05999999865889549,10.0,1609,0.0
1610,1788886684.6891742,1788886684.6891742,1081,0.3640064001083374,3.80191707611084,-2.3561899662017822,2.3561899662017822,0.004363323096185923,0.05999999865889549,10.0,1610,0.0
1611,1788886684.7388287,1788886684.7388287,1081,0.5710896849632263,3.786500930786133,-2.3561899662017822,2.3561899662017822,0.004363323096185923,0.05999999865889549,10.0,1611,0.0
1612,1788886684.7889252,1788886684.7889252,1081,0.5743845105171204,3.7708189487457275,-2.3561899662017822,2.3561899662017822,0.004363323096185923,0.05999999865889549,10.0,1612,0.0
1613,1788886684.840172,1788886684.840172,1081,0.5760861039161682,3.752998113632202,-2.3561899662017822,2.3561899662017822,0.004363323096185923,0.05999999865889549,10.0,1613,0.0
1614,1788886684.8892868,1788886684.8892868,1081,0.5802909731864929,3.7375919818878174,-2.3561899662017822,2.3561899662017822,0.004363323096185923,0.05999999865889549,10.0,1614,0.0
1615,1788886684.9388864,1788886684.9388864,1081,0.5848566889762878,3.7210400104522705,-2.3561899662017822,2.3561899662017822,0.004363323096185923,0.05999999865889549,10.0,1615,0.0
1616,1788886684.989235,1788886684.989235,1081,0.5899826288223267,3.7056078910827637,-2.3561899662017822,2.3561899662017822,0.004363323096185923,0.05999999865889549,10.0,1616,0.0
1617,1788886685.0390453,1788886685.0390453,1081,0.5930498242378235,3.687891960144043,-2.3561899662017822,2.3561899662017822,0.004363323096185923,0.05999999865889549,10.0,1617,0.0
1618,1788886685.0898173,1788886685.0898173,1081,0.5992996096611023,3.6730310916900635,-2.3561899662017822,2.3561899662017822,0.004363323096185923,0.05999999865889549,10.0,1618,0.0
1619,1788886685.1399417,1788886685.1399417,1081,0.6060603260993958,3.655397891998291,-2.3561899662017822,2.3561899662017822,0.004363323096185923,0.05999999865889549,10.0,1619,0.0
1620,1788886685.1891754,1788886685.1891754,1081,0.612849771976471,3.637514114379883,-2.3561899662017822,2.3561899662017822,0.004363323096185923,0.05999999865889549,10.0,1620,0.0
1621,1788886685.2397861,1788886685.2397861,1081,0.6202924847602844,3.721824884414673,-2.3561899662017822,2.3561899662017822,0.004363323096185923,0.05999999865889549,10.0,1621,0.0
1622,1788886685.2892249,1788886685.2892249,1081,0.6248906254768372,3.810939073562622,-2.3561899662017822,2.3561899662017822,0.004363323096185923,0.05999999865889549,10.0,1622,0.0
1623,1788886685.33958,1788886685.33958,1081,0.6338667869567871,8.364413261413574,-2.3561899662017822,2.3561899662017822,0.004363323096185923,0.05999999865889549,10.0,1623,0.0
1624,1788886685.3890638,1788886685.3890638,1081,0.6438813805580139,8.6878080368042,-2.3561899662017822,2.3561899662017822,0.004363323096185923,0.05999999865889549,10.0,1624,0.0
1625,1788886685.4390604,1788886685.4390604,1081,0.6499189138412476,8.966364860534668,-2.3561899662017822,2.3561899662017822,0.004363323096185923,0.05999999865889549,10.0,1625,0.0
1626,1788886685.4888988,1788886685.4888988,1081,0.6612095832824707,9.333013534545898,-2.3561899662017822,2.3561899662017822,0.004363323096185923,0.05999999865889549,10.0,1626,0.0
1627,1788886685.5397623,1788886685.5397623,1081,0.6686723828315735,9.6624755859375,-2.3561899662017822,2.3561899662017822,0.004363323096185923,0.05999999865889549,10.0,1627,0.0
1628,1788886685.5887756,1788886685.5887756,1080,0.6823738217353821,9.977301597595215,-2.3561899662017822,2.3561899662017822,0.004363323096185923,0.05999999865889549,10.0,1628,0.0
1629,1788886685.6394782,1788886685.6394782,1075,0.6914215087890625,9.950078964233398,-2.3561899662017822,2.3561899662017822,0.004363323096185923,0.05999999865889549,10.0,1629,0.0
1630,1788886685.6896896,1788886685.6896896,1071,0.6999666094779968,9.976715087890625,-2.3561899662017822,2.3561899662017822,0.004363323096185923,0.05999999865889549,10.0,1630,0.0
1631,1788886685.7389061,1788886685.7389061,1069,0.7159122228622437,9.99917221069336,-2.3561899662017822,2.3561899662017822,0.004363323096185923,0.05999999865889549,10.0,1631,0.0
1632,1788886685.7891018,1788886685.7891018,1068,0.7265657186508179,9.95322036743164,-2.3561899662017822,2.3561899662017822,0.004363323096185923,0.05999999865889549,10.0,1632,0.0
1633,1788886685.8391209,1788886685.8391209,1068,0.7384365797042847,9.975457191467285,-2.3561899662017822,2.3561899662017822,0.004363323096185923,0.05999999865889549,10.0,1633,0.0
1634,1788886685.889412,1788886685.889412,1068,0.7517101764678955,9.997824668884277,-2.3561899662017822,2.3561899662017822,0.004363323096185923,0.05999999865889549,10.0,1634,0.0
1635,1788886685.9391756,1788886685.9391756,1067,0.7656474113464355,9.94113826751709,-2.3561899662017822,2.3561899662017822,0.004363323096185923,0.05999999865889549,10.0,1635,0.0
1636,1788886685.9897327,1788886685.9897327,1067,0.7712876796722412,9.949525833129883,-2.3561899662017822,2.3561899662017822,0.004363323096185923,0.05999999865889549,10.0,1636,0.0
1637,1788886686.039038,1788886686.039038,1067,1.6174529790878296,9.957972526550293,-2.3561899662017822,2.3561899662017822,0.004363323096185923,0.05999999865889549,10.0,1637,0.0
1638,1788886686.0895092,1788886686.0895092,1067,1.6239769458770752,9.966395378112793,-2.3561899662017822,2.3561899662017822,0.004363323096185923,0.05999999865889549,10.0,1638,0.0
1639,1788886686.139681,1788886686.139681,1067,1.6306899785995483,9.975098609924316,-2.3561899662017822,2.3561899662017822,0.004363323096185923,0.05999999865889549,10.0,1639,0.0
1640,1788886686.1889765,1788886686.1889765,1067,1.6375410556793213,9.976144790649414,-2.3561899662017822,2.3561899662017822,0.004363323096185923,0.05999999865889549,10.0,1640,0.0
1641,1788886686.238874,1788886686.238874,1067,1.6443819999694824,9.974637985229492,-2.3561899662017822,2.3561899662017822,0.004363323096185923,0.05999999865889549,10.0,1641,0.0
1642,1788886686.2895126,1788886686.2895126,1066,1.6493010520935059,9.97303581237793,-2.3561899662017822,2.3561899662017822,0.004363323096185923,0.05999999865889549,10.0,1642,0.0
1643,1788886686.3390324,1788886686.3390324,1066,1.65290105342865,9.971467971801758,-2.3561899662017822,2.3561899662017822,0.004363323096185923,0.05999999865889549,10.0,1643,0.0
1644,1788886686.3892891,1788886686.3892891,1066,1.6565179824829102,9.9699068069458,-2.3561899662017822,2.3561899662017822,0.004363323096185923,0.05999999865889549,10.0,1644,0.0
1645,1788886686.4389338,1788886686.4389338,1066,1.6600669622421265,9.963796615600586,-2.3561899662017822,2.3561899662017822,0.004363323096185923,0.05999999865889549,10.0,1645,0.0
1646,1788886686.4887505,1788886686.4887505,1065,1.663586974143982,9.953641891479492,-2.3561899662017822,2.3561899662017822,0.004363323096185923,0.05999999865889549,10.0,1646,0.0
1647,1788886686.5395215,1788886686.5395215,1065,1.6671160459518433,9.94095516204834,-2.3561899662017822,2.3561899662017822,0.004363323096185923,0.05999999865889549,10.0,1647,0.0
1648,1788886686.5887868,1788886686.5887868,1065,1.6706470251083374,9.96467113494873,-2.3561899662017822,2.3561899662017822,0.004363323096185923,0.05999999865889549,10.0,1648,0.0
1649,1788886686.6390808,1788886686.6390808,1065,1.674191951751709,9.999922752380371,-2.3561899662017822,2.3561899662017822,0.004363323096185923,0.05999999865889549,10.0,1649,0.0
1650,1788886686.689598,1788886686.689598,1065,1.6776360273361206,9.97999095916748,-2.3561899662017822,2.3561899662017822,0.004363323096185923,0.05999999865889549,10.0,1650,0.0
1651,1788886686.7412171,1788886686.7412171,1064,1.681022047996521,9.956427574157715,-2.3561899662017822,2.3561899662017822,0.004363323096185923,0.05999999865889549,10.0,1651,0.0
1652,1788886686.7899992,1788886686.7899992,1064,1.684401035308838,9.932962417602539,-2.3561899662017822,2.3561899662017822,0.004363323096185923,0.05999999865889549,10.0,1652,0.0
1653,1788886686.839095,1788886686.839095,1065,1.6877800226211548,9.995946884155273,-2.3561899662017822,2.3561899662017822,0.004363323096185923,0.05999999865889549,10.0,1653,0.0
1654,1788886686.8893263,1788886686.8893263,1064,1.6911580562591553,9.972246170043945,-2.3561899662017822,2.3561899662017822,0.004363323096185923,0.05999999865889549,10.0,1654,0.0
1655,1788886686.9397774,1788886686.9397774,1064,1.694478988647461,9.986533164978027,-2.3561899662017822,2.3561899662017822,0.004363323096185923,0.05999999865889549,10.0,1655,0.0
1656,1788886686.9890823,1788886686.9890823,1063,1.6977720260620117,9.915523529052734,-2.3561899662017822,2.3561899662017822,0.004363323096185923,0.05999999865889549,10.0,1656,0.0
1657,1788886687.063873,1788886687.063873,1063,1.702694058418274,9.958915710449219,-2.3561899662017822,2.3561899662017822,0.004363323096185923,0.05999999865889549,10.0,1657,0.0
1658,1788886687.1152995,1788886687.1152995,1063,1.705960988998413,9.959526062011719,-2.3561899662017822,2.3561899662017822,0.004363323096185923,0.05999999865889549,10.0,1658,0.0
1659,1788886687.164797,1788886687.164797,1063,1.7092210054397583,9.988314628601074,-2.3561899662017822,2.3561899662017822,0.004363323096185923,0.05999999865889549,10.0,1659,0.0
1660,1788886687.213983,1788886687.213983,1063,1.7124249935150146,9.978646278381348,-2.3561899662017822,2.3561899662017822,0.004363323096185923,0.05999999865889549,10.0,1660,0.0
1661,1788886687.264722,1788886687.264722,1062,1.715595006942749,9.943045616149902,-2.3561899662017822,2.3561899662017822,0.004363323096185923,0.05999999865889549,10.0,1661,0.0
1662,1788886687.315234,1788886687.315234,1062,1.7187479734420776,9.975351333618164,-2.3561899662017822,2.3561899662017822,0.004363323096185923,0.05999999865889549,10.0,1662,0.0
1663,1788886687.364338,1788886687.364338,1062,1.7218849658966064,9.969797134399414,-2.3561899662017822,2.3561899662017822,0.004363323096185923,0.05999999865889549,10.0,1663,0.0
1664,1788886687.413909,1788886687.413909,1062,1.725013017654419,9.935033798217773,-2.3561899662017822,2.3561899662017822,0.004363323096185923,0.05999999865889549,10.0,1664,0.0
1665,1788886687.464289,1788886687.464289,1063,1.7280980348587036,9.998848915100098,-2.3561899662017822,2.3561899662017822,0.004363323096185923,0.05999999865889549,10.0,1665,0.0
1666,1788886687.5146644,1788886687.5146644,1064,1.7311559915542603,9.967493057250977,-2.3561899662017822,2.3561899662017822,0.004363323096185923,0.05999999865889549,10.0,1666,0.0
1667,1788886687.5653794,1788886687.5653794,1064,1.7341899871826172,9.936768531799316,-2.3561899662017822,2.3561899662017822,0.004363323096185923,0.05999999865889549,10.0,1667,0.0
1668,1788886687.6151793,1788886687.6151793,1064,1.7372080087661743,9.906558990478516,-2.3561899662017822,2.3561899662017822,0.004363323096185923,0.05999999865889549,10.0,1668,0.0
1669,1788886687.664776,1788886687.664776,1065,1.7374019622802734,9.969404220581055,-2.3561899662017822,2.3561899662017822,0.004363323096185923,0.05999999865889549,10.0,1669,0.0
1670,1788886687.713966,1788886687.713966,1065,1.7346400022506714,9.941171646118164,-2.3561899662017822,2.3561899662017822,0.004363323096185923,0.05999999865889549,10.0,1670,0.0
1671,1788886687.7645822,1788886687.7645822,1065,1.7318450212478638,9.914071083068848,-2.3561899662017822,2.3561899662017822,0.004363323096185923,0.05999999865889549,10.0,1671,0.0
1672,1788886687.814833,1788886687.814833,1066,1.7290400266647339,9.978706359863281,-2.3561899662017822,2.3561899662017822,0.004363323096185923,0.05999999865889549,10.0,1672,0.0
1673,1788886687.8680778,1788886687.8680778,1066,1.7262109518051147,9.951507568359375,-2.3561899662017822,2.3561899662017822,0.004363323096185923,0.05999999865889549,10.0,1673,0.0
1674,1788886687.9170654,1788886687.9170654,1066,1.723363995552063,9.924819946289062,-2.3561899662017822,2.3561899662017822,0.004363323096185923,0.05999999865889549,10.0,1674,0.0
1675,1788886687.9668257,1788886687.9668257,1067,1.7204819917678833,9.989532470703125,-2.3561899662017822,2.3561899662017822,0.004363323096185923,0.05999999865889549,10.0,1675,0.0
1676,1788886688.0166957,1788886688.0166957,1067,1.717581033706665,9.964035034179688,-2.3561899662017822,2.3561899662017822,0.004363323096185923,0.05999999865889549,10.0,1676,0.0
1677,1788886688.0661144,1788886688.0661144,1067,1.714656949043274,9.938941955566406,-2.3561899662017822,2.3561899662017822,0.004363323096185923,0.05999999865889549,10.0,1677,0.0
1678,1788886688.1151166,1788886688.1151166,1067,1.7117149829864502,9.914366722106934,-2.3561899662017822,2.3561899662017822,0.004363323096185923,0.05999999865889549,10.0,1678,0.0
1679,1788886688.1648703,1788886688.1648703,1068,1.7087470293045044,9.978142738342285,-2.3561899662017822,2.3561899662017822,0.004363323096185923,0.05999999865889549,10.0,1679,0.0
1680,1788886688.2140265,1788886688.2140265,1068,1.7057709693908691,9.952486038208008,-2.3561899662017822,2.3561899662017822,0.004363323096185923,0.05999999865889549,10.0,1680,0.0
1681,1788886688.2639086,1788886688.2639086,1068,1.7027859687805176,9.92706298828125,-2.3561899662017822,2.3561899662017822,0.004363323096185923,0.05999999865889549,10.0,1681,0.0
1682,1788886688.3146415,1788886688.3146415,1069,1.6997820138931274,9.988808631896973,-2.3561899662017822,2.3561899662017822,0.004363323096185923,0.05999999865889549,10.0,1682,0.0
1683,1788886688.363843,1788886688.363843,1069,1.696753978729248,4.527037143707275,-2.3561899662017822,2.3561899662017822,0.004363323096185923,0.05999999865889549,10.0,1683,0.0
1684,1788886688.4138463,1788886688.4138463,1070,1.6937110424041748,4.542263984680176,-2.3561899662017822,2.3561899662017822,0.004363323096185923,0.05999999865889549,10.0,1684,0.0
1685,1788886688.46382,1788886688.46382,1071,1.6906249523162842,4.556908130645752,-2.3561899662017822,2.3561899662017822,0.004363323096185923,0.05999999865889549,10.0,1685,0.0
1686,1788886688.514583,1788886688.514583,1072,1.6875020265579224,4.571657180786133,-2.3561899662017822,2.3561899662017822,0.004363323096185923,0.05999999865889549,10.0,1686,0.0
1687,1788886688.5642643,1788886688.5642643,1073,1.6843630075454712,4.586678981781006,-2.3561899662017822,2.3561899662017822,0.004363323096185923,0.05999999865889549,10.0,1687,0.0
1688,1788886688.6140144,1788886688.6140144,1074,1.6811950206756592,4.6020188331604,-2.3561899662017822,2.3561899662017822,0.004363323096185923,0.05999999865889549,10.0,1688,0.0
1689,1788886688.6641235,1788886688.6641235,1074,1.6780140399932861,4.572258949279785,-2.3561899662017822,2.3561899662017822,0.004363323096185923,0.05999999865889549,10.0,1689,0.0
1690,1788886688.714039,1788886688.714039,1075,1.674815058708191,4.5879411697387695,-2.3561899662017822,2.3561899662017822,0.004363323096185923,0.05999999865889549,10.0,1690,0.0
1691,1788886688.764237,1788886688.764237,1076,1.6703170537948608,4.604022026062012,-2.3561899662017822,2.3561899662017822,0.004363323096185923,0.05999999865889549,10.0,1691,0.0
1692,1788886688.8147063,1788886688.8147063,1077,1.6624720096588135,4.620483875274658,-2.3561899662017822,2.3561899662017822,0.004363323096185923,0.05999999865889549,10.0,1692,0.0
1693,1788886688.8666198,1788886688.8666198,1078,1.6546039581298828,4.637272834777832,-2.3561899662017822,2.3561899662017822,0.004363323096185923,0.05999999865889549,10.0,1693,0.0
1694,1788886688.9160776,1788886688.9160776,1079,1.646725058555603,4.654429912567139,-2.3561899662017822,2.3561899662017822,0.004363323096185923,0.05999999865889549,10.0,1694,0.0
1695,1788886688.966046,1788886688.966046,1080,1.6388139724731445,4.671486854553223,-2.3561899662017822,2.3561899662017822,0.004363323096185923,0.05999999865889549,10.0,1695,0.0
1696,1788886689.0150194,1788886689.0150194,1081,1.6308740377426147,4.688752174377441,-2.3561899662017822,2.3561899662017822,0.004363323096185923,0.05999999865889549,10.0,1696,0.0
1697,1788886689.0643885,1788886689.0643885,1081,1.6229100227355957,4.657186985015869,-2.3561899662017822,2.3561899662017822,0.004363323096185923,0.05999999865889549,10.0,1697,0.0
1698,1788886689.1180484,1788886689.1180484,1081,1.6149300336837769,4.625855922698975,-2.3561899662017822,2.3561899662017822,0.004363323096185923,0.05999999865889549,10.0,1698,0.0
1699,1788886689.1670635,1788886689.1670635,1081,1.6069309711456299,4.594725131988525,-2.3561899662017822,2.3561899662017822,0.004363323096185923,0.05999999865889549,10.0,1699,0.0
1700,1788886689.2159443,1788886689.2159443,1081,1.598912000656128,4.5638298988342285,-2.3561899662017822,2.3561899662017822,0.004363323096185923,0.05999999865889549,10.0,1700,0.0
1701,1788886689.2651777,1788886689.2651777,1081,1.590865969657898,4.533185005187988,-2.3561899662017822,2.3561899662017822,0.004363323096185923,0.05999999865889549,10.0,1701,0.0
1702,1788886689.3146117,1788886689.3146117,1081,1.582808017730713,4.5027360916137695,-2.3561899662017822,2.3561899662017822,0.004363323096185923,0.05999999865889549,10.0,1702,0.0
1703,1788886689.3637948,1788886689.3637948,1081,1.5747220516204834,4.472517967224121,-2.3561899662017822,2.3561899662017822,0.004363323096185923,0.05999999865889549,10.0,1703,0.0
1704,1788886689.4141202,1788886689.4141202,1081,1.5668179988861084,4.4432878494262695,-2.3561899662017822,2.3561899662017822,0.004363323096185923,0.05999999865889549,10.0,1704,0.0
1705,1788886689.463895,1788886689.463895,1081,1.5591599941253662,4.415005207061768,-2.3561899662017822,2.3561899662017822,0.004363323096185923,0.05999999865889549,10.0,1705,0.0
1706,1788886689.5139863,1788886689.5139863,1081,1.551514983177185,4.386960983276367,-2.3561899662017822,2.3561899662017822,0.004363323096185923,0.05999999865889549,10.0,1706,0.0
1707,1788886689.5642343,1788886689.5642343,1081,1.5438590049743652,4.359135150909424,-2.3561899662017822,2.3561899662017822,0.004363323096185923,0.05999999865889549,10.0,1707,0.0
1708,1788886689.6149526,1788886689.6149526,1081,1.5361839532852173,4.3315110206604,-2.3561899662017822,2.3561899662017822,0.004363323096185923,0.05999999865889549,10.0,1708,0.0
1709,1788886689.66468,1788886689.66468,1081,1.5284839868545532,4.3040690422058105,-2.3561899662017822,2.3561899662017822,0.004363323096185923,0.05999999865889549,10.0,1709,0.0
1710,1788886689.7138705,1788886689.7138705,1081,1.5207760334014893,4.276802062988281,-2.3561899662017822,2.3561899662017822,0.004363323096185923,0.05999999865889549,10.0,1710,0.0
1711,1788886689.7642996,1788886689.7642996,1081,1.513038992881775,4.249730110168457,-2.3561899662017822,2.3561899662017822,0.004363323096185923,0.05999999865889549,10.0,1711,0.0
1712,1788886689.8138716,1788886689.8138716,1081,1.5052900314331055,4.222825050354004,-2.3561899662017822,2.3561899662017822,0.004363323096185923,0.05999999865889549,10.0,1712,0.0
1713,1788886689.8647203,1788886689.8647203,1081,1.4975149631500244,4.19614315032959,-2.3561899662017822,2.3561899662017822,0.004363323096185923,0.05999999865889549,10.0,1713,0.0
1714,1788886689.9145794,1788886689.9145794,1081,1.489927053451538,4.170352935791016,-2.3561899662017822,2.3561899662017822,0.004363323096185923,0.05999999865889549,10.0,1714,0.0
1715,1788886689.9642315,1788886689.9642315,1081,1.4825949668884277,4.145246982574463,-2.3561899662017822,2.3561899662017822,0.004363323096185923,0.05999999865889549,10.0,1715,0.0
1716,1788886690.014586,1788886690.014586,1081,1.470963954925537,4.120339870452881,-2.3561899662017822,2.3561899662017822,0.004363323096185923,0.05999999865889549,10.0,1716,0.0
1717,1788886690.06497,1788886690.06497,1081,1.4589860439300537,4.0956220626831055,-2.3561899662017822,2.3561899662017822,0.004363323096185923,0.05999999865889549,10.0,1717,0.0
1718,1788886690.1146479,1788886690.1146479,1081,1.4470189809799194,4.071063995361328,-2.3561899662017822,2.3561899662017822,0.004363323096185923,0.05999999865889549,10.0,1718,0.0
1719,1788886690.1638258,1788886690.1638258,1081,1.4350529909133911,4.046999931335449,-2.3561899662017822,2.3561899662017822,0.004363323096185923,0.05999999865889549,10.0,1719,0.0
1720,1788886690.2143943,1788886690.2143943,1081,1.4230979681015015,4.023202896118164,-2.3561899662017822,2.3561899662017822,0.004363323096185923,0.05999999865889549,10.0,1720,0.0
1721,1788886690.264162,1788886690.264162,1081,1.411152958869934,3.999537944793701,-2.3561899662017822,2.3561899662017822,0.004363323096185923,0.05999999865889549,10.0,1721,0.0
1722,1788886690.315054,1788886690.315054,1081,1.39922297000885,3.9760310649871826,-2.3561899662017822,2.3561899662017822,0.004363323096185923,0.05999999865889549,10.0,1722,0.0
1723,1788886690.3648179,1788886690.3648179,1081,1.3873050212860107,3.952691078186035,-2.3561899662017822,2.3561899662017822,0.004363323096185923,0.05999999865889549,10.0,1723,0.0
1724,1788886690.4144938,1788886690.4144938,1081,1.3754010200500488,3.9293251037597656,-2.3561899662017822,2.3561899662017822,0.004363323096185923,0.05999999865889549,10.0,1724,0.0
1725,1788886690.4643824,1788886690.4643824,1081,1.3635139465332031,3.906064033508301,-2.3561899662017822,2.3561899662017822,0.004363323096185923,0.05999999865889549,10.0,1725,0.0
1726,1788886690.5146832,1788886690.5146832,1081,1.351971983909607,3.8836140632629395,-2.3561899662017822,2.3561899662017822,0.004363323096185923,0.05999999865889549,10.0,1726,0.0
1727,1788886690.5638783,1788886690.5638783,1081,1.34089994430542,3.8621599674224854,-2.3561899662017822,2.3561899662017822,0.004363323096185923,0.05999999865889549,10.0,1727,0.0
1728,1788886690.614025,1788886690.614025,1081,1.3298970460891724,3.84096097946167,-2.3561899662017822,2.3561899662017822,0.004363323096185923,0.05999999865889549,10.0,1728,0.0
1729,1788886690.6638012,1788886690.6638012,1081,1.3189280033111572,3.8191449642181396,-2.3561899662017822,2.3561899662017822,0.004363323096185923,0.05999999865889549,10.0,1729,0.0
1730,1788886690.7142746,1788886690.7142746,1081,1.3079819679260254,3.7972450256347656,-2.3561899662017822,2.3561899662017822,0.004363323096185923,0.05999999865889549,10.0,1730,0.0
1731,1788886690.7640996,1788886690.7640996,1081,1.2970470190048218,3.775480031967163,-2.3561899662017822,2.3561899662017822,0.004363323096185923,0.05999999865889549,10.0,1731,0.0
1732,1788886690.8149672,1788886690.8149672,1081,1.286120057106018,3.7538599967956543,-2.3561899662017822,2.3561899662017822,0.004363323096185923,0.05999999865889549,10.0,1732,0.0
1733,1788886690.8676758,1788886690.8676758,1081,1.2752100229263306,3.7324070930480957,-2.3561899662017822,2.3561899662017822,0.004363323096185923,0.05999999865889549,10.0,1733,0.0
1734,1788886690.9162092,1788886690.9162092,1081,1.2639809846878052,3.7252590656280518,-2.3561899662017822,2.3561899662017822,0.004363323096185923,0.05999999865889549,10.0,1734,0.0
1735,1788886690.9646358,1788886690.9646358,1081,1.251608967781067,3.759442090988159,-2.3561899662017822,2.3561899662017822,0.004363323096185923,0.05999999865889549,10.0,1735,0.0
1736,1788886691.0152118,1788886691.0152118,1081,1.2414360046386719,3.7886719703674316,-2.3561899662017822,2.3561899662017822,0.004363323096185923,0.05999999865889549,10.0,1736,0.0
1737,1788886691.0648837,1788886691.0648837,1081,1.2343640327453613,3.809972047805786,-2.3561899662017822,2.3561899662017822,0.004363323096185923,0.05999999865889549,10.0,1737,0.0
1738,1788886691.1147332,1788886691.1147332,1081,1.2275830507278442,3.8309929370880127,-2.3561899662017822,2.3561899662017822,0.004363323096185923,0.05999999865889549,10.0,1738,0.0
1739,1788886691.1656814,1788886691.1656814,1081,1.220613956451416,3.86244797706604,-2.3561899662017822,2.3561899662017822,0.004363323096185923,0.05999999865889549,10.0,1739,0.0
1740,1788886691.215158,1788886691.215158,1081,1.2129689455032349,3.9294230937957764,-2.3561899662017822,2.3561899662017822,0.004363323096185923,0.05999999865889549,10.0,1740,0.0
1741,1788886691.265142,1788886691.265142,1081,1.2047590017318726,4.0349860191345215,-2.3561899662017822,2.3561899662017822,0.004363323096185923,0.05999999865889549,10.0,1741,0.0
1742,1788886691.3162882,1788886691.3162882,1081,1.196408987045288,4.155663013458252,-2.3561899662017822,2.3561899662017822,0.004363323096185923,0.05999999865889549,10.0,1742,0.0
1743,1788886691.3663669,1788886691.3663669,1081,1.188027024269104,4.285468101501465,-2.3561899662017822,2.3561899662017822,0.004363323096185923,0.05999999865889549,10.0,1743,0.0
1744,1788886691.4147933,1788886691.4147933,1081,1.1796109676361084,4.425551891326904,-2.3561899662017822,2.3561899662017822,0.004363323096185923,0.05999999865889549,10.0,1744,0.0
1745,1788886691.465095,1788886691.465095,1081,1.1711599826812744,4.577139854431152,-2.3561899662017822,2.3561899662017822,0.004363323096185923,0.05999999865889549,10.0,1745,0.0
1746,1788886691.5138717,1788886691.5138717,1081,1.1626759767532349,4.741690158843994,-2.3561899662017822,2.3561899662017822,0.004363323096185923,0.05999999865889549,10.0,1746,0.0
1747,1788886691.5650518,1788886691.5650518,1081,1.154162049293518,4.920958042144775,-2.3561899662017822,2.3561899662017822,0.004363323096185923,0.05999999865889549,10.0,1747,0.0
1748,1788886691.6146643,1788886691.6146643,1081,1.145617961883545,5.1169819831848145,-2.3561899662017822,2.3561899662017822,0.004363323096185923,0.05999999865889549,10.0,1748,0.0
1749,1788886691.6643882,1788886691.6643882,1080,1.1370480060577393,5.252338886260986,-2.3561899662017822,2.3561899662017822,0.004363323096185923,0.05999999865889549,10.0,1749,0.0
1750,1788886691.7148106,1788886691.7148106,1078,1.1284489631652832,5.3144211769104,-2.3561899662017822,2.3561899662017822,0.004363323096185923,0.05999999865889549,10.0,1750,0.0
1751,1788886691.7659724,1788886691.7659724,1077,1.1198259592056274,9.98510456085205,-2.3561899662017822,2.3561899662017822,0.004363323096185923,0.05999999865889549,10.0,1751,0.0
1752,1788886691.8138332,1788886691.8138332,1077,1.1111810207366943,9.994267463684082,-2.3561899662017822,2.3561899662017822,0.004363323096185923,0.05999999865889549,10.0,1752,0.0
1753,1788886691.864591,1788886691.864591,1076,1.1025149822235107,9.931290626525879,-2.3561899662017822,2.3561899662017822,0.004363323096185923,0.05999999865889549,10.0,1753,0.0
1754,1788886691.9152157,1788886691.9152157,1077,1.0938290357589722,9.940332412719727,-2.3561899662017822,2.3561899662017822,0.004363323096185923,0.05999999865889549,10.0,1754,0.0
1755,1788886691.9642475,1788886691.9642475,1077,1.0851249694824219,9.949321746826172,-2.3561899662017822,2.3561899662017822,0.004363323096185923,0.05999999865889549,10.0,1755,0.0
1756,1788886692.013826,1788886692.013826,1077,1.0764039754867554,9.95822525024414,-2.3561899662017822,2.3561899662017822,0.004363323096185923,0.05999999865889549,10.0,1756,0.0
1757,1788886692.0649471,1788886692.0649471,1077,1.0676699876785278,9.96703052520752,-2.3561899662017822,2.3561899662017822,0.004363323096185923,0.05999999865889549,10.0,1757,0.0
1758,1788886692.1147852,1788886692.1147852,1078,1.0589220523834229,9.975763320922852,-2.3561899662017822,2.3561899662017822,0.004363323096185923,0.05999999865889549,10.0,1758,0.0
1759,1788886692.1645992,1788886692.1645992,1078,1.0501630306243896,9.984464645385742,-2.3561899662017822,2.3561899662017822,0.004363323096185923,0.05999999865889549,10.0,1759,0.0
1760,1788886692.2154217,1788886692.2154217,1078,1.0413919687271118,9.993059158325195,-2.3561899662017822,2.3561899662017822,0.004363323096185923,0.05999999865889549,10.0,1760,0.0
1761,1788886692.2646692,1788886692.2646692,1077,1.03261399269104,9.930800437927246,-2.3561899662017822,2.3561899662017822,0.004363323096185923,0.05999999865889549,10.0,1761,0.0
1762,1788886692.3149025,1788886692.3149025,1078,1.0238280296325684,9.939229965209961,-2.3561899662017822,2.3561899662017822,0.004363323096185923,0.05999999865889549,10.0,1762,0.0
1763,1788886692.3639328,1788886692.3639328,1078,1.015038013458252,9.947546005249023,-2.3561899662017822,2.3561899662017822,0.004363323096185923,0.05999999865889549,10.0,1763,0.0
1764,1788886692.4150302,1788886692.4150302,1078,1.0062450170516968,9.95578670501709,-2.3561899662017822,2.3561899662017822,0.004363323096185923,0.05999999865889549,10.0,1764,0.0
1765,1788886692.4647682,1788886692.4647682,1079,0.9974495768547058,9.96400260925293,-2.3561899662017822,2.3561899662017822,0.004363323096185923,0.05999999865889549,10.0,1765,0.0
1766,1788886692.5142326,1788886692.5142326,1079,0.9886566996574402,9.972046852111816,-2.3561899662017822,2.3561899662017822,0.004363323096185923,0.05999999865889549,10.0,1766,0.0
1767,1788886692.5644908,1788886692.5644908,1079,0.9798632264137268,9.9800443649292,-2.3561899662017822,2.3561899662017822,0.004363323096185923,0.05999999865889549,10.0,1767,0.0
1768,1788886692.6147718,1788886692.6147718,1079,0.9710723757743835,9.987931251525879,-2.3561899662017822,2.3561899662017822,0.004363323096185923,0.05999999865889549,10.0,1768,0.0
1769,1788886692.6641448,1788886692.6641448,1080,0.9622876048088074,9.995704650878906,-2.3561899662017822,2.3561899662017822,0.004363323096185923,0.05999999865889549,10.0,1769,0.0
1770,1788886692.7142503,1788886692.7142503,1079,0.9535068273544312,9.93388557434082,-2.3561899662017822,2.3561899662017822,0.004363323096185923,0.05999999865889549,10.0,1770,0.0
1771,1788886692.7638836,1788886692.7638836,1079,0.9453002214431763,9.955866813659668,-2.3561899662017822,2.3561899662017822,0.004363323096185923,0.05999999865889549,10.0,1771,0.0
1772,1788886692.8140278,1788886692.8140278,1080,0.9377459287643433,9.991159439086914,-2.3561899662017822,2.3561899662017822,0.004363323096185923,0.05999999865889549,10.0,1772,0.0
1773,1788886692.8644826,1788886692.8644826,1080,0.9302539229393005,9.957919120788574,-2.3561899662017822,2.3561899662017822,0.004363323096185923,0.05999999865889549,10.0,1773,0.0
1774,1788886692.9141903,1788886692.9141903,1080,0.9227756857872009,9.993903160095215,-2.3561899662017822,2.3561899662017822,0.004363323096185923,0.05999999865889549,10.0,1774,0.0
1775,1788886692.9642267,1788886692.9642267,1080,0.9153004288673401,9.960657119750977,-2.3561899662017822,2.3561899662017822,0.004363323096185923,0.05999999865889549,10.0,1775,0.0
1776,1788886693.014209,1788886693.014209,1081,0.9078354835510254,9.996359825134277,-2.3561899662017822,2.3561899662017822,0.004363323096185923,0.05999999865889549,10.0,1776,0.0
1777,1788886693.065426,1788886693.065426,1080,0.9003828167915344,9.963067054748535,-2.3561899662017822,2.3561899662017822,0.004363323096185923,0.05999999865889549,10.0,1777,0.0
1778,1788886693.1140761,1788886693.1140761,1081,0.8929390907287598,9.998549461364746,-2.3561899662017822,2.3561899662017822,0.004363323096185923,0.05999999865889549,10.0,1778,0.0
1779,1788886693.1653597,1788886693.1653597,1081,0.8855115175247192,9.965195655822754,-2.3561899662017822,2.3561899662017822,0.004363323096185923,0.05999999865889549,10.0,1779,0.0
1780,1788886693.2162464,1788886693.2162464,1080,0.8780977725982666,9.932141304016113,-2.3561899662017822,2.3561899662017822,0.004363323096185923,0.05999999865889549,10.0,1780,0.0
1781,1788886693.264357,1788886693.264357,1081,0.8706967830657959,9.966974258422852,-2.3561899662017822,2.3561899662017822,0.004363323096185923,0.05999999865889549,10.0,1781,0.0
1782,1788886693.3142824,1788886693.3142824,1081,0.8633173108100891,9.93384838104248,-2.3561899662017822,2.3561899662017822,0.004363323096185923,0.05999999865889549,10.0,1782,0.0
1783,1788886693.3646724,1788886693.3646724,1081,0.8559526801109314,9.9684419631958,-2.3561899662017822,2.3561899662017822,0.004363323096185923,0.05999999865889549,10.0,1783,0.0
1784,1788886693.4141612,1788886693.4141612,1081,0.8486055135726929,9.935222625732422,-2.3561899662017822,2.3561899662017822,0.004363323096185923,0.05999999865889549,10.0,1784,0.0
1785,1788886693.4645061,1788886693.4645061,1081,0.8412802815437317,9.90230941772461,-2.3561899662017822,2.3561899662017822,0.004363323096185923,0.05999999865889549,10.0,1785,0.0
1786,1788886693.513986,1788886693.513986,1081,0.8339740037918091,9.936243057250977,-2.3561899662017822,2.3561899662017822,0.004363323096185923,0.05999999865889549,10.0,1786,0.0
1787,1788886693.563865,1788886693.563865,1081,0.8266885280609131,9.903220176696777,-2.3561899662017822,2.3561899662017822,0.004363323096185923,0.05999999865889549,10.0,1787,0.0
1788,1788886693.614747,1788886693.614747,1081,0.8194288015365601,9.870499610900879,-2.3561899662017822,2.3561899662017822,0.004363323096185923,0.05999999865889549,10.0,1788,0.0
1789,1788886693.667579,1788886693.667579,1081,0.8121920824050903,9.903770446777344,-2.3561899662017822,2.3561899662017822,0.004363323096185923,0.05999999865889549,10.0,1789,0.0
1790,1788886693.7169325,1788886693.7169325,1081,0.8049784898757935,9.870965003967285,-2.3561899662017822,2.3561899662017822,0.004363323096185923,0.05999999865889549,10.0,1790,0.0
1791,1788886693.7651162,1788886693.7651162,1081,0.797792911529541,9.838403701782227,-2.3561899662017822,2.3561899662017822,0.004363323096185923,0.05999999865889549,10.0,1791,0.0
1792,1788886693.8145542,1788886693.8145542,1081,0.7906339168548584,9.871007919311523,-2.3561899662017822,2.3561899662017822,0.004363323096185923,0.05999999865889549,10.0,1792,0.0
1793,1788886693.864457,1788886693.864457,1081,0.7834994792938232,9.838335990905762,-2.3561899662017822,2.3561899662017822,0.004363323096185923,0.05999999865889549,10.0,1793,0.0
1794,1788886693.9141726,1788886693.9141726,1081,0.7763968110084534,9.805923461914062,-2.3561899662017822,2.3561899662017822,0.004363323096185923,0.05999999865889549,10.0,1794,0.0
1795,1788886693.964144,1788886693.964144,1081,0.7693238854408264,9.83786678314209,-2.3561899662017822,2.3561899662017822,0.004363323096185923,0.05999999865889549,10.0,1795,0.0
1796,1788886694.0142374,1788886694.0142374,1081,0.7622789740562439,9.805351257324219,-2.3561899662017822,2.3561899662017822,0.004363323096185923,0.05999999865889549,10.0,1796,0.0
1797,1788886694.064201,1788886694.064201,1081,0.7552677989006042,9.773083686828613,-2.3561899662017822,2.3561899662017822,0.004363323096185923,0.05999999865889549,10.0,1797,0.0
1798,1788886694.114516,1788886694.114516,1081,0.7482916712760925,9.80438232421875,-2.3561899662017822,2.3561899662017822,0.004363323096185923,0.05999999865889549,10.0,1798,0.0
1799,1788886694.1637769,1788886694.1637769,1081,0.7413433790206909,9.772012710571289,-2.3561899662017822,2.3561899662017822,0.004363323096185923,0.05999999865889549,10.0,1799,0.0
1800,1788886694.214703,1788886694.214703,1081,0.7344294786453247,9.739874839782715,-2.3561899662017822,2.3561899662017822,0.004363323096185923,0.05999999865889549,10.0,1800,0.0
1801,1788886694.2640328,1788886694.2640328,1081,0.7275515794754028,9.770509719848633,-2.3561899662017822,2.3561899662017822,0.004363323096185923,0.05999999865889549,10.0,1801,0.0
1802,1788886694.3139987,1788886694.3139987,1081,0.7207090854644775,9.738274574279785,-2.3561899662017822,2.3561899662017822,0.004363323096185923,0.05999999865889549,10.0,1802,0.0
1803,1788886694.364305,1788886694.364305,1081,0.7139052748680115,9.768576622009277,-2.3561899662017822,2.3561899662017822,0.004363323096185923,0.05999999865889549,10.0,1803,0.0
1804,1788886694.4140327,1788886694.4140327,1081,0.7071366906166077,9.73620891571045,-2.3561899662017822,2.3561899662017822,0.004363323096185923,0.05999999865889549,10.0,1804,0.0
1805,1788886694.4646885,1788886694.4646885,1081,0.7004138231277466,9.704079627990723,-2.3561899662017822,2.3561899662017822,0.004363323096185923,0.05999999865889549,10.0,1805,0.0
1806,1788886694.514766,1788886694.514766,1081,0.6937301754951477,9.733698844909668,-2.3561899662017822,2.3561899662017822,0.004363323096185923,0.05999999865889549,10.0,1806,0.0
1807,1788886694.5638216,1788886694.5638216,1081,0.6870821714401245,9.701456069946289,-2.3561899662017822,2.3561899662017822,0.004363323096185923,0.05999999865889549,10.0,1807,0.0
1808,1788886694.6143804,1788886694.6143804,1081,0.6804807186126709,9.669415473937988,-2.3561899662017822,2.3561899662017822,0.004363323096185923,0.05999999865889549,10.0,1808,0.0
1809,1788886694.6642168,1788886694.6642168,1081,0.673920214176178,9.698358535766602,-2.3561899662017822,2.3561899662017822,0.004363323096185923,0.05999999865889549,10.0,1809,0.0
1810,1788886694.7144303,1788886694.7144303,1081,0.6674008965492249,9.666193962097168,-2.3561899662017822,2.3561899662017822,0.004363323096185923,0.05999999865889549,10.0,1810,0.0
1811,1788886694.7638643,1788886694.7638643,1081,0.6609283089637756,9.634261131286621,-2.3561899662017822,2.3561899662017822,0.004363323096185923,0.05999999865889549,10.0,1811,0.0
1812,1788886694.814124,1788886694.814124,1081,0.6545007824897766,9.662527084350586,-2.3561899662017822,2.3561899662017822,0.004363323096185923,0.05999999865889549,10.0,1812,0.0
1813,1788886694.8645022,1788886694.8645022,1081,0.6481168270111084,9.63046646118164,-2.3561899662017822,2.3561899662017822,0.004363323096185923,0.05999999865889549,10.0,1813,0.0
1814,1788886694.9148836,1788886694.9148836,1081,0.64178067445755,9.600595474243164,-2.3561899662017822,2.3561899662017822,0.004363323096185923,0.05999999865889549,10.0,1814,0.0
1815,1788886694.9645195,1788886694.9645195,1081,0.6354954838752747,9.626198768615723,-2.3561899662017822,2.3561899662017822,0.004363323096185923,0.05999999865889549,10.0,1815,0.0
1816,1788886695.0143642,1788886695.0143642,1081,0.6292554140090942,9.595999717712402,-2.3561899662017822,2.3561899662017822,0.004363323096185923,0.05999999865889549,10.0,1816,0.0
1817,1788886695.0641847,1788886695.0641847,1081,0.6230654716491699,9.569465637207031,-2.3561899662017822,2.3561899662017822,0.004363323096185923,0.05999999865889549,10.0,1817,0.0
1818,1788886695.114202,1788886695.114202,1081,0.6169260144233704,9.590965270996094,-2.3561899662017822,2.3561899662017822,0.004363323096185923,0.05999999865889549,10.0,1818,0.0
1819,1788886695.1637988,1788886695.1637988,1081,0.6108372211456299,9.564290046691895,-2.3561899662017822,2.3561899662017822,0.004363323096185923,0.05999999865889549,10.0,1819,0.0
1820,1788886695.2143912,1788886695.2143912,1081,0.6048002243041992,9.585489273071289,-2.3561899662017822,2.3561899662017822,0.004363323096185923,0.05999999865889549,10.0,1820,0.0
1821,1788886695.2644987,1788886695.2644987,1081,0.5988165140151978,9.558680534362793,-2.3561899662017822,2.3561899662017822,0.004363323096185923,0.05999999865889549,10.0,1821,0.0
1822,1788886695.314121,1788886695.314121,1081,0.5928847193717957,9.532003402709961,-2.3561899662017822,2.3561899662017822,0.004363323096185923,0.05999999865889549,10.0,1822,0.0
1823,1788886695.3640335,1788886695.3640335,1081,0.5870094895362854,9.552606582641602,-2.3561899662017822,2.3561899662017822,0.004363323096185923,0.05999999865889549,10.0,1823,0.0
1824,1788886695.4145105,1788886695.4145105,1081,0.5811904072761536,9.525782585144043,-2.3561899662017822,2.3561899662017822,0.004363323096185923,0.05999999865889549,10.0,1824,0.0
1825,1788886695.464138,1788886695.464138,1081,0.5754256248474121,9.499089241027832,-2.3561899662017822,2.3561899662017822,0.004363323096185923,0.05999999865889549,10.0,1825,0.0
1826,1788886695.5147567,1788886695.5147567,1081,0.569717288017273,9.519125938415527,-2.3561899662017822,2.3561899662017822,0.004363323096185923,0.05999999865889549,10.0,1826,0.0
1827,1788886695.5644534,1788886695.5644534,1081,0.5640659928321838,9.492286682128906,-2.3561899662017822,2.3561899662017822,0.004363323096185923,0.05999999865889549,10.0,1827,0.0
1828,1788886695.616775,1788886695.616775,1081,0.5584725737571716,9.465576171875,-2.3561899662017822,2.3561899662017822,0.004363323096185923,0.05999999865889549,10.0,1828,0.0
1829,1788886695.6670573,1788886695.6670573,1081,0.5529401898384094,9.485014915466309,-2.3561899662017822,2.3561899662017822,0.004363323096185923,0.05999999865889549,10.0,1829,0.0
1830,1788886695.7159884,1788886695.7159884,1081,0.5474662780761719,9.458169937133789,-2.3561899662017822,2.3561899662017822,0.004363323096185923,0.05999999865889549,10.0,1830,0.0
1831,1788886695.7651148,1788886695.7651148,1081,0.5420516133308411,9.477295875549316,-2.3561899662017822,2.3561899662017822,0.004363323096185923,0.05999999865889549,10.0,1831,0.0
1832,1788886695.8138053,1788886695.8138053,1081,0.5367001295089722,9.450300216674805,-2.3561899662017822,2.3561899662017822,0.004363323096185923,0.05999999865889549,10.0,1832,0.0
1833,1788886695.8643782,1788886695.8643782,1081,0.5314098000526428,9.423430442810059,-2.3561899662017822,2.3561899662017822,0.004363323096185923,0.05999999865889549,10.0,1833,0.0
1834,1788886695.9140134,1788886695.9140134,1081,0.5261818170547485,9.441974639892578,-2.3561899662017822,2.3561899662017822,0.004363323096185923,0.05999999865889549,10.0,1834,0.0
1835,1788886695.9641278,1788886695.9641278,1081,0.5210186839103699,9.414953231811523,-2.3561899662017822,2.3561899662017822,0.004363323096185923,0.05999999865889549,10.0,1835,0.0
1836,1788886696.0141795,1788886696.0141795,1081,0.5159195065498352,9.388052940368652,-2.3561899662017822,2.3561899662017822,0.004363323096185923,0.05999999865889549,10.0,1836,0.0
1837,1788886696.0654848,1788886696.0654848,1081,0.5108826160430908,9.406021118164062,-2.3561899662017822,2.3561899662017822,0.004363323096185923,0.05999999865889549,10.0,1837,0.0
1838,1788886696.1139383,1788886696.1139383,1081,0.5059121251106262,9.37898063659668,-2.3561899662017822,2.3561899662017822,0.004363323096185923,0.05999999865889549,10.0,1838,0.0
1839,1788886696.1644826,1788886696.1644826,1081,0.5010067820549011,9.396644592285156,-2.3561899662017822,2.3561899662017822,0.004363323096185923,0.05999999865889549,10.0,1839,0.0
1840,1788886696.2146804,1788886696.2146804,1081,0.49617019295692444,9.369449615478516,-2.3561899662017822,2.3561899662017822,0.004363323096185923,0.05999999865889549,10.0,1840,0.0
1841,1788886696.2641485,1788886696.2641485,1081,0.49140170216560364,9.342379570007324,-2.3561899662017822,2.3561899662017822,0.004363323096185923,0.05999999865889549,10.0,1841,0.0
1842,1788886696.313931,1788886696.313931,1081,0.4866986870765686,9.359455108642578,-2.3561899662017822,2.3561899662017822,0.004363323096185923,0.05999999865889549,10.0,1842,0.0
1843,1788886696.3640015,1788886696.3640015,1081,0.4820660948753357,9.332237243652344,-2.3561899662017822,2.3561899662017822,0.004363323096185923,0.05999999865889549,10.0,1843,0.0
1844,1788886696.4145896,1788886696.4145896,1081,0.4775024950504303,9.349003791809082,-2.3561899662017822,2.3561899662017822,0.004363323096185923,0.05999999865889549,10.0,1844,0.0
1845,1788886696.4641385,1788886696.4641385,1081,0.4730074107646942,9.321640968322754,-2.3561899662017822,2.3561899662017822,0.004363323096185923,0.05999999865889549,10.0,1845,0.0
1846,1788886696.5147676,1788886696.5147676,1081,0.46858230233192444,9.294411659240723,-2.3561899662017822,2.3561899662017822,0.004363323096185923,0.05999999865889549,10.0,1846,0.0
1847,1788886696.564414,1788886696.564414,1081,0.46423080563545227,9.310582160949707,-2.3561899662017822,2.3561899662017822,0.004363323096185923,0.05999999865889549,10.0,1847,0.0
1848,1788886696.6142342,1788886696.6142342,1081,0.4599483907222748,9.283210754394531,-2.3561899662017822,2.3561899662017822,0.004363323096185923,0.05999999865889549,10.0,1848,0.0
1849,1788886696.6645472,1788886696.6645472,1081,0.45574021339416504,9.299074172973633,-2.3561899662017822,2.3561899662017822,0.004363323096185923,0.05999999865889549,10.0,1849,0.0
1850,1788886696.7142048,1788886696.7142048,1081,0.4516044855117798,9.27154541015625,-2.3561899662017822,2.3561899662017822,0.004363323096185923,0.05999999865889549,10.0,1850,0.0
1851,1788886696.7639601,1788886696.7639601,1081,0.4475399851799011,9.244147300720215,-2.3561899662017822,2.3561899662017822,0.004363323096185923,0.05999999865889549,10.0,1851,0.0
1852,1788886696.8145847,1788886696.8145847,1081,0.44355180859565735,9.259431838989258,-2.3561899662017822,2.3561899662017822,0.004363323096185923,0.05999999865889549,10.0,1852,0.0
1853,1788886696.8650887,1788886696.8650887,1081,0.4396379888057709,9.231887817382812,-2.3561899662017822,2.3561899662017822,0.004363323096185923,0.05999999865889549,10.0,1853,0.0
1854,1788886696.914042,1788886696.914042,1081,0.4357976019382477,9.246869087219238,-2.3561899662017822,2.3561899662017822,0.004363323096185923,0.05999999865889549,10.0,1854,0.0
1855,1788886696.964205,1788886696.964205,1081,0.4320341944694519,9.219185829162598,-2.3561899662017822,2.3561899662017822,0.004363323096185923,0.05999999865889549,10.0,1855,0.0
1856,1788886697.0144217,1788886697.0144217,1081,0.4283466935157776,9.233841896057129,-2.3561899662017822,2.3561899662017822,0.004363323096185923,0.05999999865889549,10.0,1856,0.0
1857,1788886697.0637875,1788886697.0637875,1081,0.4247331917285919,9.206023216247559,-2.3561899662017822,2.3561899662017822,0.004363323096185923,0.05999999865889549,10.0,1857,0.0
1858,1788886697.1138237,1788886697.1138237,1081,0.42119818925857544,9.178317070007324,-2.3561899662017822,2.3561899662017822,0.004363323096185923,0.05999999865889549,10.0,1858,0.0
1859,1788886697.1639423,1788886697.1639423,1081,0.41774290800094604,9.192404747009277,-2.3561899662017822,2.3561899662017822,0.004363323096185923,0.05999999865889549,10.0,1859,0.0
1860,1788886697.2142656,1788886697.2142656,1081,0.4143618047237396,9.164560317993164,-2.3561899662017822,2.3561899662017822,0.004363323096185923,0.05999999865889549,10.0,1860,0.0
1861,1788886697.2647681,1788886697.2647681,1081,0.41131430864334106,9.146124839782715,-2.3561899662017822,2.3561899662017822,0.004363323096185923,0.05999999865889549,10.0,1861,0.0
1862,1788886697.3152425,1788886697.3152425,1081,0.4086034893989563,9.17775821685791,-2.3561899662017822,2.3561899662017822,0.004363323096185923,0.05999999865889549,10.0,1862,0.0
1863,1788886697.3653257,1788886697.3653257,1081,0.40597009658813477,9.168248176574707,-2.3561899662017822,2.3561899662017822,0.004363323096185923,0.05999999865889549,10.0,1863,0.0
1864,1788886697.414851,1788886697.414851,1081,0.40339139103889465,9.158716201782227,-2.3561899662017822,2.3561899662017822,0.004363323096185923,0.05999999865889549,10.0,1864,0.0
1865,1788886697.464127,1788886697.464127,1081,0.4008665084838867,9.14913272857666,-2.3561899662017822,2.3561899662017822,0.004363323096185923,0.05999999865889549,10.0,1865,0.0
1866,1788886697.5146968,1788886697.5146968,1081,0.398397296667099,9.139484405517578,-2.3561899662017822,2.3561899662017822,0.004363323096185923,0.05999999865889549,10.0,1866,0.0
1867,1788886697.564353,1788886697.564353,1081,0.3959810137748718,9.129788398742676,-2.3561899662017822,2.3561899662017822,0.004363323096185923,0.05999999865889549,10.0,1867,0.0
1868,1788886697.6141853,1788886697.6141853,1081,0.39362210035324097,9.120031356811523,-2.3561899662017822,2.3561899662017822,0.004363323096185923,0.05999999865889549,10.0,1868,0.0
1869,1788886697.6650472,1788886697.6650472,1081,0.39131811261177063,9.11019515991211,-2.3561899662017822,2.3561899662017822,0.004363323096185923,0.05999999865889549,10.0,1869,0.0
1870,1788886697.7145033,1788886697.7145033,1081,0.389070987701416,9.100311279296875,-2.3561899662017822,2.3561899662017822,0.004363323096185923,0.05999999865889549,10.0,1870,0.0
1871,1788886697.7639713,1788886697.7639713,1081,0.38687950372695923,9.09036636352539,-2.3561899662017822,2.3561899662017822,0.004363323096185923,0.05999999865889549,10.0,1871,0.0
1872,1788886697.81451,1788886697.81451,1081,0.384742796421051,9.080365180969238,-2.3561899662017822,2.3561899662017822,0.004363323096185923,0.05999999865889549,10.0,1872,0.0
1873,1788886697.864708,1788886697.864708,1081,0.3826647996902466,9.070295333862305,-2.3561899662017822,2.3561899662017822,0.004363323096185923,0.05999999865889549,10.0,1873,0.0
1874,1788886697.913958,1788886697.913958,1081,0.38064539432525635,9.060144424438477,-2.3561899662017822,2.3561899662017822,0.004363323096185923,0.05999999865889549,10.0,1874,0.0
1875,1788886697.963853,1788886697.963853,1081,0.37868139147758484,9.04997444152832,-2.3561899662017822,2.3561899662017822,0.004363323096185923,0.05999999865889549,10.0,1875,0.0
1876,1788886698.014537,1788886698.014537,1081,0.3767735958099365,9.039730072021484,-2.3561899662017822,2.3561899662017822,0.004363323096185923,0.05999999865889549,10.0,1876,0.0
1877,1788886698.0642838,1788886698.0642838,1081,0.3749256134033203,9.029427528381348,-2.3561899662017822,2.3561899662017822,0.004363323096185923,0.05999999865889549,10.0,1877,0.0
1878,1788886698.1142347,1788886698.1142347,1081,0.373137503862381,9.01906967163086,-2.3561899662017822,2.3561899662017822,0.004363323096185923,0.05999999865889549,10.0,1878,0.0
1879,1788886698.1639218,1788886698.1639218,1081,0.37140610814094543,9.008668899536133,-2.3561899662017822,2.3561899662017822,0.004363323096185923,0.05999999865889549,10.0,1879,0.0
1880,1788886698.2144241,1788886698.2144241,1081,0.36973321437835693,8.998196601867676,-2.3561899662017822,2.3561899662017822,0.004363323096185923,0.05999999865889549,10.0,1880,0.0
1881,1788886698.2649505,1788886698.2649505,1081,0.3681175112724304,8.98768138885498,-2.3561899662017822,2.3561899662017822,0.004363323096185923,0.05999999865889549,10.0,1881,0.0
1882,1788886698.3143275,1788886698.3143275,1081,0.36655980348587036,9.016727447509766,-2.3561899662017822,2.3561899662017822,0.004363323096185923,0.05999999865889549,10.0,1882,0.0
1883,1788886698.3641822,1788886698.3641822,1081,0.36506471037864685,9.00598430633545,-2.3561899662017822,2.3561899662017822,0.004363323096185923,0.05999999865889549,10.0,1883,0.0
1884,1788886698.4145188,1788886698.4145188,1081,0.3636268973350525,8.995159149169922,-2.3561899662017822,2.3561899662017822,0.004363323096185923,0.05999999865889549,10.0,1884,0.0
1885,1788886698.4645278,1788886698.4645278,1081,0.36224931478500366,8.984283447265625,-2.3561899662017822,2.3561899662017822,0.004363323096185923,0.05999999865889549,10.0,1885,0.0
1886,1788886698.5141907,1788886698.5141907,1081,0.36092889308929443,8.973356246948242,-2.3561899662017822,2.3561899662017822,0.004363323096185923,0.05999999865889549,10.0,1886,0.0
1887,1788886698.5643823,1788886698.5643823,1081,0.3596665859222412,8.962380409240723,-2.3561899662017822,2.3561899662017822,0.004363323096185923,0.05999999865889549,10.0,1887,0.0
1888,1788886698.61435,1788886698.61435,1081,0.3584671914577484,8.951327323913574,-2.3561899662017822,2.3561899662017822,0.004363323096185923,0.05999999865889549,10.0,1888,0.0
1889,1788886698.6641064,1788886698.6641064,1081,0.3573265075683594,8.94023609161377,-2.3561899662017822,2.3561899662017822,0.004363323096185923,0.05999999865889549,10.0,1889,0.0
1890,1788886698.7139256,1788886698.7139256,1081,0.3562423884868622,8.929110527038574,-2.3561899662017822,2.3561899662017822,0.004363323096185923,0.05999999865889549,10.0,1890,0.0
1891,1788886698.764507,1788886698.764507,1081,0.3552198112010956,8.917915344238281,-2.3561899662017822,2.3561899662017822,0.004363323096185923,0.05999999865889549,10.0,1891,0.0
1892,1788886698.8145642,1788886698.8145642,1081,0.3542580008506775,8.906675338745117,-2.3561899662017822,2.3561899662017822,0.004363323096185923,0.05999999865889549,10.0,1892,0.0
1893,1788886698.8637655,1788886698.8637655,1081,0.353354811668396,8.895387649536133,-2.3561899662017822,2.3561899662017822,0.004363323096185923,0.05999999865889549,10.0,1893,0.0
1894,1788886698.914013,1788886698.914013,1081,0.35251331329345703,8.88404655456543,-2.3561899662017822,2.3561899662017822,0.004363323096185923,0.05999999865889549,10.0,1894,0.0
1895,1788886698.964818,1788886698.964818,1081,0.3517296016216278,8.911208152770996,-2.3561899662017822,2.3561899662017822,0.004363323096185923,0.05999999865889549,10.0,1895,0.0
1896,1788886699.0140092,1788886699.0140092,1081,0.3510076105594635,8.899621963500977,-2.3561899662017822,2.3561899662017822,0.004363323096185923,0.05999999865889549,10.0,1896,0.0
1897,1788886699.064119,1788886699.064119,1081,0.3503439128398895,8.887999534606934,-2.3561899662017822,2.3561899662017822,0.004363323096185923,0.05999999865889549,10.0,1897,0.0
1898,1788886699.1143281,1788886699.1143281,1081,0.34974348545074463,8.876317024230957,-2.3561899662017822,2.3561899662017822,0.004363323096185923,0.05999999865889549,10.0,1898,0.0
1899,1788886699.1646798,1788886699.1646798,1081,0.3492017984390259,8.864570617675781,-2.3561899662017822,2.3561899662017822,0.004363323096185923,0.05999999865889549,10.0,1899,0.0
1900,1788886699.214184,1788886699.214184,1081,0.34872159361839294,8.852792739868164,-2.3561899662017822,2.3561899662017822,0.004363323096185923,0.05999999865889549,10.0,1900,0.0
1901,1788886699.2642343,1788886699.2642343,1081,0.3483008146286011,8.841004371643066,-2.3561899662017822,2.3561899662017822,0.004363323096185923,0.05999999865889549,10.0,1901,0.0
1902,1788886699.3140607,1788886699.3140607,1081,0.3479403853416443,8.82916259765625,-2.3561899662017822,2.3561899662017822,0.004363323096185923,0.05999999865889549,10.0,1902,0.0
1903,1788886699.364712,1788886699.364712,1081,0.3476405143737793,8.817232131958008,-2.3561899662017822,2.3561899662017822,0.004363323096185923,0.05999999865889549,10.0,1903,0.0
1904,1788886699.4148538,1788886699.4148538,1081,0.34740039706230164,8.843268394470215,-2.3561899662017822,2.3561899662017822,0.004363323096185923,0.05999999865889549,10.0,1904,0.0
1905,1788886699.465089,1788886699.465089,1081,0.3472212851047516,8.831171989440918,-2.3561899662017822,2.3561899662017822,0.004363323096185923,0.05999999865889549,10.0,1905,0.0
1906,1788886699.5143464,1788886699.5143464,1081,0.34710508584976196,8.818989753723145,-2.3561899662017822,2.3561899662017822,0.004363323096185923,0.05999999865889549,10.0,1906,0.0
1907,1788886699.5641978,1788886699.5641978,1081,0.3470475971698761,8.806782722473145,-2.3561899662017822,2.3561899662017822,0.004363323096185923,0.05999999865889549,10.0,1907,0.0
1908,1788886699.6146834,1788886699.6146834,1081,0.34705010056495667,8.794522285461426,-2.3561899662017822,2.3561899662017822,0.004363323096185923,0.05999999865889549,10.0,1908,0.0
1909,1788886699.6646934,1788886699.6646934,1081,0.34711509943008423,8.782214164733887,-2.3561899662017822,2.3561899662017822,0.004363323096185923,0.05999999865889549,10.0,1909,0.0
1910,1788886699.7173262,1788886699.7173262,1081,0.34723180532455444,8.768009185791016,-2.3561899662017822,2.3561899662017822,0.004363323096185923,0.05999999865889549,10.0,1910,0.0
1911,1788886699.7683015,1788886699.7683015,1081,0.3464095890522003,8.753507614135742,-2.3561899662017822,2.3561899662017822,0.004363323096185923,0.05999999865889549,10.0,1911,0.0
1912,1788886699.8184695,1788886699.8184695,1081,0.34564951062202454,8.782487869262695,-2.3561899662017822,2.3561899662017822,0.004363323096185923,0.05999999865889549,10.0,1912,0.0
1913,1788886699.8688986,1788886699.8688986,1081,0.34494689106941223,8.769881248474121,-2.3561899662017822,2.3561899662017822,0.004363323096185923,0.05999999865889549,10.0,1913,0.0
1914,1788886699.9201264,1788886699.9201264,1081,0.344253808259964,8.749817848205566,-2.3561899662017822,2.3561899662017822,0.004363323096185923,0.05999999865889549,10.0,1914,0.0
1915,1788886699.9683852,1788886699.9683852,1081,0.34357380867004395,8.75794792175293,-2.3561899662017822,2.3561899662017822,0.004363323096185923,0.05999999865889549,10.0,1915,0.0
1916,1788886700.0182164,1788886700.0182164,1081,0.34297358989715576,8.724830627441406,-2.3561899662017822,2.3561899662017822,0.004363323096185923,0.05999999865889549,10.0,1916,0.0
1917,1788886700.0682518,1788886700.0682518,1081,0.3424606919288635,8.734506607055664,-2.3561899662017822,2.3561899662017822,0.004363323096185923,0.05999999865889549,10.0,1917,0.0
1918,1788886700.1161463,1788886700.1161463,1081,0.3420349061489105,8.69843578338623,-2.3561899662017822,2.3561899662017822,0.004363323096185923,0.05999999865889549,10.0,1918,0.0
1919,1788886700.1642716,1788886700.1642716,1081,0.3416982889175415,8.709680557250977,-2.3561899662017822,2.3561899662017822,0.004363323096185923,0.05999999865889549,10.0,1919,0.0
1920,1788886700.213993,1788886700.213993,1081,0.3414470851421356,8.717302322387695,-2.3561899662017822,2.3561899662017822,0.004363323096185923,0.05999999865889549,10.0,1920,0.0
1921,1788886700.2642772,1788886700.2642772,1081,0.3412829041481018,8.682540893554688,-2.3561899662017822,2.3561899662017822,0.004363323096185923,0.05999999865889549,10.0,1921,0.0
1922,1788886700.3143404,1788886700.3143404,1081,0.34120869636535645,8.6929349899292,-2.3561899662017822,2.3561899662017822,0.004363323096185923,0.05999999865889549,10.0,1922,0.0
1923,1788886700.3641136,1788886700.3641136,1081,0.3412213921546936,8.654979705810547,-2.3561899662017822,2.3561899662017822,0.004363323096185923,0.05999999865889549,10.0,1923,0.0
1924,1788886700.413861,1788886700.413861,1081,0.34132111072540283,8.66544246673584,-2.3561899662017822,2.3561899662017822,0.004363323096185923,0.05999999865889549,10.0,1924,0.0
1925,1788886700.4647498,1788886700.4647498,1081,0.34150969982147217,8.674216270446777,-2.3561899662017822,2.3561899662017822,0.004363323096185923,0.05999999865889549,10.0,1925,0.0
1926,1788886700.5141814,1788886700.5141814,1081,0.3417856991291046,8.637162208557129,-2.3561899662017822,2.3561899662017822,0.004363323096185923,0.05999999865889549,10.0,1926,0.0
1927,1788886700.5640252,1788886700.5640252,1081,0.34214869141578674,8.647239685058594,-2.3561899662017822,2.3561899662017822,0.004363323096185923,0.05999999865889549,10.0,1927,0.0
1928,1788886700.613982,1788886700.613982,1081,0.3425995111465454,8.608485221862793,-2.3561899662017822,2.3561899662017822,0.004363323096185923,0.05999999865889549,10.0,1928,0.0
1929,1788886700.6643252,1788886700.6643252,1081,0.34313690662384033,8.618200302124023,-2.3561899662017822,2.3561899662017822,0.004363323096185923,0.05999999865889549,10.0,1929,0.0
1930,1788886700.714797,1788886700.714797,1081,0.3437606990337372,8.627863883972168,-2.3561899662017822,2.3561899662017822,0.004363323096185923,0.05999999865889549,10.0,1930,0.0
1931,1788886700.7655637,1788886700.7655637,1081,0.34447550773620605,8.588780403137207,-2.3561899662017822,2.3561899662017822,0.004363323096185923,0.05999999865889549,10.0,1931,0.0
1932,1788886700.8155758,1788886700.8155758,1081,0.34527310729026794,8.598123550415039,-2.3561899662017822,2.3561899662017822,0.004363323096185923,0.05999999865889549,10.0,1932,0.0
1933,1788886700.8649888,1788886700.8649888,1081,0.34615859389305115,8.607443809509277,-2.3561899662017822,2.3561899662017822,0.004363323096185923,0.05999999865889549,10.0,1933,0.0
1934,1788886700.9161627,1788886700.9161627,1081,0.34713101387023926,8.568184852600098,-2.3561899662017822,2.3561899662017822,0.004363323096185923,0.05999999865889549,10.0,1934,0.0
1935,1788886700.9644248,1788886700.9644248,1081,0.34818771481513977,8.577203750610352,-2.3561899662017822,2.3561899662017822,0.004363323096185923,0.05999999865889549,10.0,1935,0.0
1936,1788886701.0139377,1788886701.0139377,1081,0.3493334949016571,8.586132049560547,-2.3561899662017822,2.3561899662017822,0.004363323096185923,0.05999999865889549,10.0,1936,0.0
1937,1788886701.0644097,1788886701.0644097,1081,0.3505634069442749,8.546575546264648,-2.3561899662017822,2.3561899662017822,0.004363323096185923,0.05999999865889549,10.0,1937,0.0
1938,1788886701.114831,1788886701.114831,1081,0.35188189148902893,8.555173873901367,-2.3561899662017822,2.3561899662017822,0.004363323096185923,0.05999999865889549,10.0,1938,0.0
1939,1788886701.1652868,1788886701.1652868,1081,0.35328489542007446,8.563727378845215,-2.3561899662017822,2.3561899662017822,0.004363323096185923,0.05999999865889549,10.0,1939,0.0
1940,1788886701.2148519,1788886701.2148519,1081,0.35477349162101746,8.523932456970215,-2.3561899662017822,2.3561899662017822,0.004363323096185923,0.05999999865889549,10.0,1940,0.0
1941,1788886701.2641814,1788886701.2641814,1081,0.3563481867313385,8.532180786132812,-2.3561899662017822,2.3561899662017822,0.004363323096185923,0.05999999865889549,10.0,1941,0.0
1942,1788886701.3151624,1788886701.3151624,1081,0.3580073118209839,8.540367126464844,-2.3561899662017822,2.3561899662017822,0.004363323096185923,0.05999999865889549,10.0,1942,0.0
1943,1788886701.3639832,1788886701.3639832,1081,0.3597511053085327,8.500313758850098,-2.3561899662017822,2.3561899662017822,0.004363323096185923,0.05999999865889549,10.0,1943,0.0
1944,1788886701.4149928,1788886701.4149928,1081,0.3615803122520447,8.508140563964844,-2.3561899662017822,2.3561899662017822,0.004363323096185923,0.05999999865889549,10.0,1944,0.0
1945,1788886701.4641848,1788886701.4641848,1081,0.3634946942329407,8.515933990478516,-2.3561899662017822,2.3561899662017822,0.004363323096185923,0.05999999865889549,10.0,1945,0.0
1946,1788886701.5142303,1788886701.5142303,1081,0.3654952049255371,8.520634651184082,-2.3561899662017822,2.3561899662017822,0.004363323096185923,0.05999999865889549,10.0,1946,0.0
1947,1788886701.5644321,1788886701.5644321,1081,0.3675766885280609,8.483173370361328,-2.3561899662017822,2.3561899662017822,0.004363323096185923,0.05999999865889549,10.0,1947,0.0
1948,1788886701.61502,1788886701.61502,1081,0.3697460889816284,8.49062442779541,-2.3561899662017822,2.3561899662017822,0.004363323096185923,0.05999999865889549,10.0,1948,0.0
1949,1788886701.6642644,1788886701.6642644,1081,0.37199661135673523,8.495814323425293,-2.3561899662017822,2.3561899662017822,0.004363323096185923,0.05999999865889549,10.0,1949,0.0
1950,1788886701.7143364,1788886701.7143364,1081,0.374330997467041,8.45731258392334,-2.3561899662017822,2.3561899662017822,0.004363323096185923,0.05999999865889549,10.0,1950,0.0
1951,1788886701.7638521,1788886701.7638521,1081,0.3767499029636383,8.464406967163086,-2.3561899662017822,2.3561899662017822,0.004363323096185923,0.05999999865889549,10.0,1951,0.0
1952,1788886701.8149796,1788886701.8149796,1081,0.37924981117248535,8.470311164855957,-2.3561899662017822,2.3561899662017822,0.004363323096185923,0.05999999865889549,10.0,1952,0.0
1953,1788886701.864045,1788886701.864045,1081,0.3818325102329254,8.473790168762207,-2.3561899662017822,2.3561899662017822,0.004363323096185923,0.05999999865889549,10.0,1953,0.0
1954,1788886701.9140472,1788886701.9140472,1081,0.38449549674987793,8.437387466430664,-2.3561899662017822,2.3561899662017822,0.004363323096185923,0.05999999865889549,10.0,1954,0.0
1955,1788886701.9639306,1788886701.9639306,1081,0.38724109530448914,8.444147109985352,-2.3561899662017822,2.3561899662017822,0.004363323096185923,0.05999999865889549,10.0,1955,0.0
1956,1788886702.0144017,1788886702.0144017,1081,0.38996508717536926,8.450790405273438,-2.3561899662017822,2.3561899662017822,0.004363323096185923,0.05999999865889549,10.0,1956,0.0
1957,1788886702.0643876,1788886702.0643876,1081,0.3927302956581116,8.419245719909668,-2.3561899662017822,2.3561899662017822,0.004363323096185923,0.05999999865889549,10.0,1957,0.0
1958,1788886702.1151083,1788886702.1151083,1081,0.395572692155838,8.429093360900879,-2.3561899662017822,2.3561899662017822,0.004363323096185923,0.05999999865889549,10.0,1958,0.0
1959,1788886702.1648214,1788886702.1648214,1081,0.39849281311035156,8.436236381530762,-2.3561899662017822,2.3561899662017822,0.004363323096185923,0.05999999865889549,10.0,1959,0.0
1960,1788886702.2141402,1788886702.2141402,1081,0.4017026126384735,8.435288429260254,-2.3561899662017822,2.3561899662017822,0.004363323096185923,0.05999999865889549,10.0,1960,0.0
1961,1788886702.264157,1788886702.264157,1081,0.4050968885421753,8.39471435546875,-2.3561899662017822,2.3561899662017822,0.004363323096185923,0.05999999865889549,10.0,1961,0.0
1962,1788886702.3145785,1788886702.3145785,1081,0.4085404872894287,8.393542289733887,-2.3561899662017822,2.3561899662017822,0.004363323096185923,0.05999999865889549,10.0,1962,0.0
1963,1788886702.3637762,1788886702.3637762,1081,0.41208359599113464,8.391115188598633,-2.3561899662017822,2.3561899662017822,0.004363323096185923,0.05999999865889549,10.0,1963,0.0
1964,1788886702.4138024,1788886702.4138024,1081,0.4157235026359558,8.388604164123535,-2.3561899662017822,2.3561899662017822,0.004363323096185923,0.05999999865889549,10.0,1964,0.0
1965,1788886702.4638252,1788886702.4638252,1081,0.4194585084915161,8.386049270629883,-2.3561899662017822,2.3561899662017822,0.004363323096185923,0.05999999865889549,10.0,1965,0.0
1966,1788886702.5143027,1788886702.5143027,1081,0.4229809045791626,8.393830299377441,-2.3561899662017822,2.3561899662017822,0.004363323096185923,0.05999999865889549,10.0,1966,0.0
1967,1788886702.5643697,1788886702.5643697,1081,0.42646539211273193,8.368074417114258,-2.3561899662017822,2.3561899662017822,0.004363323096185923,0.05999999865889549,10.0,1967,0.0
1968,1788886702.6140454,1788886702.6140454,1081,0.4300347864627838,8.378508567810059,-2.3561899662017822,2.3561899662017822,0.004363323096185923,0.05999999865889549,10.0,1968,0.0
1969,1788886702.6649926,1788886702.6649926,1081,0.43369239568710327,8.352644920349121,-2.3561899662017822,2.3561899662017822,0.004363323096185923,0.05999999865889549,10.0,1969,0.0
1970,1788886702.7140126,1788886702.7140126,1081,0.4376552999019623,8.356337547302246,-2.3561899662017822,2.3561899662017822,0.004363323096185923,0.05999999865889549,10.0,1970,0.0
1971,1788886702.7640736,1788886702.7640736,1081,0.4417288899421692,8.362821578979492,-2.3561899662017822,2.3561899662017822,0.004363323096185923,0.05999999865889549,10.0,1971,0.0
1972,1788886702.8145978,1788886702.8145978,1081,0.44580820202827454,8.335110664367676,-2.3561899662017822,2.3561899662017822,0.004363323096185923,0.05999999865889549,10.0,1972,0.0
1973,1788886702.8692973,1788886702.8692973,1081,0.44998911023139954,8.343607902526855,-2.3561899662017822,2.3561899662017822,0.004363323096185923,0.05999999865889549,10.0,1973,0.0
1974,1788886702.9190264,1788886702.9190264,1081,0.4544489085674286,8.310845375061035,-2.3561899662017822,2.3561899662017822,0.004363323096185923,0.05999999865889549,10.0,1974,0.0
1975,1788886702.9671707,1788886702.9671707,1081,0.45919060707092285,8.312657356262207,-2.3561899662017822,2.3561899662017822,0.004363323096185923,0.05999999865889549,10.0,1975,0.0
1976,1788886703.016101,1788886703.016101,1081,0.46387040615081787,8.320310592651367,-2.3561899662017822,2.3561899662017822,0.004363323096185923,0.05999999865889549,10.0,1976,0.0
1977,1788886703.0653832,1788886703.0653832,1081,0.468599796295166,8.292939186096191,-2.3561899662017822,2.3561899662017822,0.004363323096185923,0.05999999865889549,10.0,1977,0.0
1978,1788886703.1151707,1788886703.1151707,1081,0.4734351933002472,8.301835060119629,-2.3561899662017822,2.3561899662017822,0.004363323096185923,0.05999999865889549,10.0,1978,0.0
1979,1788886703.1650424,1788886703.1650424,1081,0.4783746898174286,8.27429485321045,-2.3561899662017822,2.3561899662017822,0.004363323096185923,0.05999999865889549,10.0,1979,0.0
1980,1788886703.2139456,1788886703.2139456,1081,0.4836482107639313,8.277997016906738,-2.3561899662017822,2.3561899662017822,0.004363323096185923,0.05999999865889549,10.0,1980,0.0
1981,1788886703.2645957,1788886703.2645957,1081,0.48910319805145264,8.28481388092041,-2.3561899662017822,2.3561899662017822,0.004363323096185923,0.05999999865889549,10.0,1981,0.0
1982,1788886703.315997,1788886703.315997,1081,0.4946005940437317,8.257073402404785,-2.3561899662017822,2.3561899662017822,0.004363323096185923,0.05999999865889549,10.0,1982,0.0
1983,1788886703.3639865,1788886703.3639865,1081,0.5002142786979675,8.265788078308105,-2.3561899662017822,2.3561899662017822,0.004363323096185923,0.05999999865889549,10.0,1983,0.0
1984,1788886703.4150932,1788886703.4150932,1081,0.505442202091217,8.237798690795898,-2.3561899662017822,2.3561899662017822,0.004363323096185923,0.05999999865889549,10.0,1984,0.0
1985,1788886703.4641593,1788886703.4641593,1081,0.5086110234260559,8.241780281066895,-2.3561899662017822,2.3561899662017822,0.004363323096185923,0.05999999865889549,10.0,1985,0.0
1986,1788886703.513933,1788886703.513933,1081,0.5117089748382568,8.253480911254883,-2.3561899662017822,2.3561899662017822,0.004363323096185923,0.05999999865889549,10.0,1986,0.0
1987,1788886703.563806,1788886703.563806,1081,0.5147839784622192,8.23151969909668,-2.3561899662017822,2.3561899662017822,0.004363323096185923,0.05999999865889549,10.0,1987,0.0
1988,1788886703.614062,1788886703.614062,1081,0.5179870128631592,8.209482192993164,-2.3561899662017822,2.3561899662017822,0.004363323096185923,0.05999999865889549,10.0,1988,0.0
1989,1788886703.6645248,1788886703.6645248,1081,0.5213180780410767,8.224222183227539,-2.3561899662017822,2.3561899662017822,0.004363323096185923,0.05999999865889549,10.0,1989,0.0
1990,1788886703.7139254,1788886703.7139254,1081,0.524895191192627,8.198090553283691,-2.3561899662017822,2.3561899662017822,0.004363323096185923,0.05999999865889549,10.0,1990,0.0
1991,1788886703.763919,1788886703.763919,1081,0.5282816886901855,8.184365272521973,-2.3561899662017822,2.3561899662017822,0.004363323096185923,0.05999999865889549,10.0,1991,0.0
1992,1788886703.8140712,1788886703.8140712,1081,0.5315821766853333,8.175183296203613,-2.3561899662017822,2.3561899662017822,0.004363323096185923,0.05999999865889549,10.0,1992,0.0
1993,1788886703.8645275,1788886703.8645275,1081,0.5349963903427124,8.16589641571045,-2.3561899662017822,2.3561899662017822,0.004363323096185923,0.05999999865889549,10.0,1993,0.0
1994,1788886703.9138799,1788886703.9138799,1081,0.5385221838951111,8.156506538391113,-2.3561899662017822,2.3561899662017822,0.004363323096185923,0.05999999865889549,10.0,1994,0.0
1995,1788886703.9640822,1788886703.9640822,1081,0.5422849059104919,8.143906593322754,-2.3561899662017822,2.3561899662017822,0.004363323096185923,0.05999999865889549,10.0,1995,0.0
1996,1788886704.01458,1788886704.01458,1081,0.5459231734275818,8.141609191894531,-2.3561899662017822,2.3561899662017822,0.004363323096185923,0.05999999865889549,10.0,1996,0.0
1997,1788886704.0638022,1788886704.0638022,1081,0.5495039224624634,8.143083572387695,-2.3561899662017822,2.3561899662017822,0.004363323096185923,0.05999999865889549,10.0,1997,0.0
1998,1788886704.1137142,1788886704.1137142,1081,0.5531830787658691,8.14449691772461,-2.3561899662017822,2.3561899662017822,0.004363323096185923,0.05999999865889549,10.0,1998,0.0
1999,1788886704.1646738,1788886704.1646738,1081,0.5569583773612976,8.108377456665039,-2.3561899662017822,2.3561899662017822,0.004363323096185923,0.05999999865889549,10.0,1999,0.0
2000,1788886704.214159,1788886704.214159,1081,0.5609444975852966,8.107232093811035,-2.3561899662017822,2.3561899662017822,0.004363323096185923,0.05999999865889549,10.0,2000,0.0
2001,1788886704.2641296,1788886704.2641296,1081,0.5649089217185974,8.113235473632812,-2.3561899662017822,2.3561899662017822,0.004363323096185923,0.05999999865889549,10.0,2001,0.0
2002,1788886704.3147087,1788886704.3147087,1081,0.5688561797142029,8.084220886230469,-2.3561899662017822,2.3561899662017822,0.004363323096185923,0.05999999865889549,10.0,2002,0.0
2003,1788886704.3644524,1788886704.3644524,1081,0.5728908181190491,8.092820167541504,-2.3561899662017822,2.3561899662017822,0.004363323096185923,0.05999999865889549,10.0,2003,0.0
2004,1788886704.4160504,1788886704.4160504,1081,0.577015221118927,8.063557624816895,-2.3561899662017822,2.3561899662017822,0.004363323096185923,0.05999999865889549,10.0,2004,0.0
2005,1788886704.4647558,1788886704.4647558,1081,0.581334114074707,8.070183753967285,-2.3561899662017822,2.3561899662017822,0.004363323096185923,0.05999999865889549,10.0,2005,0.0
2006,1788886704.5143006,1788886704.5143006,1081,0.5897347927093506,8.029943466186523,-2.3561899662017822,2.3561899662017822,0.004363323096185923,0.05999999865889549,10.0,2006,0.0
2007,1788886704.6138177,1788886704.6138177,1081,0.5939679145812988,8.049665451049805,-2.3561899662017822,2.3561899662017822,0.004363323096185923,0.05999999865889549,10.0,2007,0.0
2008,1788886704.6640737,1788886704.6640737,1081,0.5982686281204224,8.031161308288574,-2.3561899662017822,2.3561899662017822,0.004363323096185923,0.05999999865889549,10.0,2008,0.0
2009,1788886704.7140737,1788886704.7140737,1081,0.6026350855827332,8.012598991394043,-2.3561899662017822,2.3561899662017822,0.004363323096185923,0.05999999865889549,10.0,2009,0.0
2010,1788886704.764522,1788886704.764522,1081,0.6067733764648438,8.004261016845703,-2.3561899662017822,2.3561899662017822,0.004363323096185923,0.05999999865889549,10.0,2010,0.0
2011,1788886704.8145914,1788886704.8145914,1081,0.610826313495636,7.998922824859619,-2.3561899662017822,2.3561899662017822,0.004363323096185923,0.05999999865889549,10.0,2011,0.0
2012,1788886704.8666284,1788886704.8666284,1081,0.614919126033783,7.993607997894287,-2.3561899662017822,2.3561899662017822,0.004363323096185923,0.05999999865889549,10.0,2012,0.0
2013,1788886704.9165645,1788886704.9165645,1081,0.6190521121025085,7.98824405670166,-2.3561899662017822,2.3561899662017822,0.004363323096185923,0.05999999865889549,10.0,2013,0.0
2014,1788886704.9653742,1788886704.9653742,1081,0.623318076133728,7.981809139251709,-2.3561899662017822,2.3561899662017822,0.004363323096185923,0.05999999865889549,10.0,2014,0.0
2015,1788886705.0154316,1788886705.0154316,1081,0.6274942755699158,7.984250068664551,-2.3561899662017822,2.3561899662017822,0.004363323096185923,0.05999999865889549,10.0,2015,0.0
2016,1788886705.0638921,1788886705.0638921,1081,0.631556510925293,7.951199054718018,-2.3561899662017822,2.3561899662017822,0.004363323096185923,0.05999999865889549,10.0,2016,0.0
2017,1788886705.1142073,1788886705.1142073,1081,0.6356346011161804,7.957283020019531,-2.3561899662017822,2.3561899662017822,0.004363323096185923,0.05999999865889549,10.0,2017,0.0
2018,1788886705.1641347,1788886705.1641347,1081,0.6397249102592468,7.924107074737549,-2.3561899662017822,2.3561899662017822,0.004363323096185923,0.05999999865889549,10.0,2018,0.0
2019,1788886705.2142324,1788886705.2142324,1081,0.6438285112380981,7.93018913269043,-2.3561899662017822,2.3561899662017822,0.004363323096185923,0.05999999865889549,10.0,2019,0.0
2020,1788886705.264564,1788886705.264564,1081,0.6476991176605225,7.905665874481201,-2.3561899662017822,2.3561899662017822,0.004363323096185923,0.05999999865889549,10.0,2020,0.0
2021,1788886705.3141694,1788886705.3141694,1081,0.6514549851417542,7.923343181610107,-2.3561899662017822,2.3561899662017822,0.004363323096185923,0.05999999865889549,10.0,2021,0.0
2022,1788886705.3640258,1788886705.3640258,1081,0.655200719833374,7.90132999420166,-2.3561899662017822,2.3561899662017822,0.004363323096185923,0.05999999865889549,10.0,2022,0.0
2023,1788886705.413789,1788886705.413789,1081,0.6589354276657104,7.879336833953857,-2.3561899662017822,2.3561899662017822,0.004363323096185923,0.05999999865889549,10.0,2023,0.0
2024,1788886705.4643013,1788886705.4643013,1081,0.662569522857666,7.904277801513672,-2.3561899662017822,2.3561899662017822,0.004363323096185923,0.05999999865889549,10.0,2024,0.0
2025,1788886705.5142906,1788886705.5142906,1081,0.6658775210380554,7.89125919342041,-2.3561899662017822,2.3561899662017822,0.004363323096185923,0.05999999865889549,10.0,2025,0.0
2026,1788886705.5648081,1788886705.5648081,1081,0.6690347790718079,7.881919860839844,-2.3561899662017822,2.3561899662017822,0.004363323096185923,0.05999999865889549,10.0,2026,0.0
2027,1788886705.6146467,1788886705.6146467,1081,0.6721612811088562,7.872588157653809,-2.3561899662017822,2.3561899662017822,0.004363323096185923,0.05999999865889549,10.0,2027,0.0
2028,1788886705.6647146,1788886705.6647146,1081,0.6752592921257019,7.86326789855957,-2.3561899662017822,2.3561899662017822,0.004363323096185923,0.05999999865889549,10.0,2028,0.0
2029,1788886705.7153933,1788886705.7153933,1081,0.6783307194709778,7.853991985321045,-2.3561899662017822,2.3561899662017822,0.004363323096185923,0.05999999865889549,10.0,2029,0.0
2030,1788886705.7653108,1788886705.7653108,1081,0.6812859773635864,7.8485870361328125,-2.3561899662017822,2.3561899662017822,0.004363323096185923,0.05999999865889549,10.0,2030,0.0
2031,1788886705.814244,1788886705.814244,1081,0.6841577887535095,7.844734191894531,-2.3561899662017822,2.3561899662017822,0.004363323096185923,0.05999999865889549,10.0,2031,0.0
2032,1788886705.864177,1788886705.864177,1081,0.6869933009147644,7.840928077697754,-2.3561899662017822,2.3561899662017822,0.004363323096185923,0.05999999865889549,10.0,2032,0.0
2033,1788886705.9149296,1788886705.9149296,1081,0.6897897124290466,7.837233066558838,-2.3561899662017822,2.3561899662017822,0.004363323096185923,0.05999999865889549,10.0,2033,0.0
2034,1788886705.9644213,1788886705.9644213,1081,0.6925498843193054,7.833581924438477,-2.3561899662017822,2.3561899662017822,0.004363323096185923,0.05999999865889549,10.0,2034,0.0
2035,1788886706.0141892,1788886706.0141892,1081,0.6952103972434998,7.832767963409424,-2.3561899662017822,2.3561899662017822,0.004363323096185923,0.05999999865889549,10.0,2035,0.0
2036,1788886706.0637262,1788886706.0637262,1081,0.6977989077568054,7.833071231842041,-2.3561899662017822,2.3561899662017822,0.004363323096185923,0.05999999865889549,10.0,2036,0.0
2037,1788886706.1152442,1788886706.1152442,1081,0.7003418803215027,7.833465099334717,-2.3561899662017822,2.3561899662017822,0.004363323096185923,0.05999999865889549,10.0,2037,0.0
2038,1788886706.164845,1788886706.164845,1081,0.7028424739837646,7.833957195281982,-2.3561899662017822,2.3561899662017822,0.004363323096185923,0.05999999865889549,10.0,2038,0.0
2039,1788886706.215086,1788886706.215086,1081,0.705297589302063,7.8345441818237305,-2.3561899662017822,2.3561899662017822,0.004363323096185923,0.05999999865889549,10.0,2039,0.0
2040,1788886706.2647738,1788886706.2647738,1081,0.7076268792152405,7.78728723526001,-2.3561899662017822,2.3561899662017822,0.004363323096185923,0.05999999865889549,10.0,2040,0.0
2041,1788886706.314101,1788886706.314101,1081,0.709864616394043,7.793139934539795,-2.3561899662017822,2.3561899662017822,0.004363323096185923,0.05999999865889549,10.0,2041,0.0
2042,1788886706.3647473,1788886706.3647473,1081,0.7120481729507446,7.799137115478516,-2.3561899662017822,2.3561899662017822,0.004363323096185923,0.05999999865889549,10.0,2042,0.0
2043,1788886706.414022,1788886706.414022,1081,0.7141798138618469,7.805316925048828,-2.3561899662017822,2.3561899662017822,0.004363323096185923,0.05999999865889549,10.0,2043,0.0
2044,1788886706.4640596,1788886706.4640596,1081,0.7162600755691528,7.811678886413574,-2.3561899662017822,2.3561899662017822,0.004363323096185923,0.05999999865889549,10.0,2044,0.0
2045,1788886706.5141103,1788886706.5141103,1081,0.718201220035553,7.769411087036133,-2.3561899662017822,2.3561899662017822,0.004363323096185923,0.05999999865889549,10.0,2045,0.0
2046,1788886706.5640013,1788886706.5640013,1081,0.7200449705123901,7.781219005584717,-2.3561899662017822,2.3561899662017822,0.004363323096185923,0.05999999865889549,10.0,2046,0.0
2047,1788886706.6145666,1788886706.6145666,1081,0.7218278050422668,7.793260097503662,-2.3561899662017822,2.3561899662017822,0.004363323096185923,0.05999999865889549,10.0,2047,0.0
2048,1788886706.665701,1788886706.665701,1081,0.723549485206604,7.752167224884033,-2.3561899662017822,2.3561899662017822,0.004363323096185923,0.05999999865889549,10.0,2048,0.0
2049,1788886706.716943,1788886706.716943,1081,0.7252095937728882,7.7643961906433105,-2.3561899662017822,2.3561899662017822,0.004363323096185923,0.05999999865889549,10.0,2049,0.0
2050,1788886706.7679222,1788886706.7679222,1081,0.7267373204231262,7.7804059982299805,-2.3561899662017822,2.3561899662017822,0.004363323096185923,0.05999999865889549,10.0,2050,0.0
2051,1788886706.8168151,1788886706.8168151,1081,0.7281541228294373,7.744295120239258,-2.3561899662017822,2.3561899662017822,0.004363323096185923,0.05999999865889549,10.0,2051,0.0
2052,1788886706.8694186,1788886706.8694186,1081,0.7295023798942566,7.76094388961792,-2.3561899662017822,2.3561899662017822,0.004363323096185923,0.05999999865889549,10.0,2052,0.0
2053,1788886706.9203215,1788886706.9203215,1081,0.7307822108268738,7.775745868682861,-2.3561899662017822,2.3561899662017822,0.004363323096185923,0.05999999865889549,10.0,2053,0.0
2054,1788886706.9702675,1788886706.9702675,1081,0.7319583892822266,7.741405010223389,-2.3561899662017822,2.3561899662017822,0.004363323096185923,0.05999999865889549,10.0,2054,0.0
2055,1788886707.0396228,1788886707.0396228,1081,0.7335278987884521,7.763298988342285,-2.3561899662017822,2.3561899662017822,0.004363323096185923,0.05999999865889549,10.0,2055,0.0
2056,1788886707.089208,1788886707.089208,1081,0.7344993948936462,7.728024959564209,-2.3561899662017822,2.3561899662017822,0.004363323096185923,0.05999999865889549,10.0,2056,0.0
2057,1788886707.1393354,1788886707.1393354,1081,0.7354096174240112,7.74259090423584,-2.3561899662017822,2.3561899662017822,0.004363323096185923,0.05999999865889549,10.0,2057,0.0
2058,1788886707.1897094,1788886707.1897094,1081,0.7362626791000366,7.707327842712402,-2.3561899662017822,2.3561899662017822,0.004363323096185923,0.05999999865889549,10.0,2058,0.0
2059,1788886707.23891,1788886707.23891,1081,0.7369483709335327,7.72696590423584,-2.3561899662017822,2.3561899662017822,0.004363323096185923,0.05999999865889549,10.0,2059,0.0
2060,1788886707.2895975,1788886707.2895975,1081,0.7375059723854065,7.698409080505371,-2.3561899662017822,2.3561899662017822,0.004363323096185923,0.05999999865889549,10.0,2060,0.0
2061,1788886707.339283,1788886707.339283,1081,0.737993597984314,7.720244884490967,-2.3561899662017822,2.3561899662017822,0.004363323096185923,0.05999999865889549,10.0,2061,0.0
2062,1788886707.389583,1788886707.389583,1081,0.7384120225906372,7.691685199737549,-2.3561899662017822,2.3561899662017822,0.004363323096185923,0.05999999865889549,10.0,2062,0.0
2063,1788886707.4401186,1788886707.4401186,1081,0.7387592196464539,7.713860034942627,-2.3561899662017822,2.3561899662017822,0.004363323096185923,0.05999999865889549,10.0,2063,0.0
2064,1788886707.4893425,1788886707.4893425,1081,0.7389811873435974,7.687900066375732,-2.3561899662017822,2.3561899662017822,0.004363323096185923,0.05999999865889549,10.0,2064,0.0
2065,1788886707.5391123,1788886707.5391123,1081,0.7390987277030945,7.7141032218933105,-2.3561899662017822,2.3561899662017822,0.004363323096185923,0.05999999865889549,10.0,2065,0.0
2066,1788886707.5895705,1788886707.5895705,1081,0.739141583442688,7.689145088195801,-2.3561899662017822,2.3561899662017822,0.004363323096185923,0.05999999865889549,10.0,2066,0.0
2067,1788886707.6394563,1788886707.6394563,1081,0.7391080260276794,7.6642889976501465,-2.3561899662017822,2.3561899662017822,0.004363323096185923,0.05999999865889549,10.0,2067,0.0
2068,1788886707.689376,1788886707.689376,1081,0.7389993071556091,7.690942764282227,-2.3561899662017822,2.3561899662017822,0.004363323096185923,0.05999999865889549,10.0,2068,0.0
2069,1788886707.7400784,1788886707.7400784,1081,0.7387580871582031,7.668816089630127,-2.3561899662017822,2.3561899662017822,0.004363323096185923,0.05999999865889549,10.0,2069,0.0
2070,1788886707.789103,1788886707.789103,1081,0.7384073734283447,7.647726058959961,-2.3561899662017822,2.3561899662017822,0.004363323096185923,0.05999999865889549,10.0,2070,0.0
2071,1788886707.83954,1788886707.83954,1081,0.7379767894744873,7.678545951843262,-2.3561899662017822,2.3561899662017822,0.004363323096185923,0.05999999865889549,10.0,2071,0.0
2072,1788886707.8895829,1788886707.8895829,1081,0.7374656200408936,7.6575188636779785,-2.3561899662017822,2.3561899662017822,0.004363323096185923,0.05999999865889549,10.0,2072,0.0
2073,1788886707.9388359,1788886707.9388359,1081,0.7368742823600769,7.636569976806641,-2.3561899662017822,2.3561899662017822,0.004363323096185923,0.05999999865889549,10.0,2073,0.0
2074,1788886707.9889286,1788886707.9889286,1081,0.7361456751823425,7.670897006988525,-2.3561899662017822,2.3561899662017822,0.004363323096185923,0.05999999865889549,10.0,2074,0.0
2075,1788886708.0395088,1788886708.0395088,1081,0.7353013753890991,7.653735160827637,-2.3561899662017822,2.3561899662017822,0.004363323096185923,0.05999999865889549,10.0,2075,0.0
2076,1788886708.0889704,1788886708.0889704,1081,0.7343708872795105,7.636676788330078,-2.3561899662017822,2.3561899662017822,0.004363323096185923,0.05999999865889549,10.0,2076,0.0
2077,1788886708.1390393,1788886708.1390393,1081,0.7333558797836304,7.619708061218262,-2.3561899662017822,2.3561899662017822,0.004363323096185923,0.05999999865889549,10.0,2077,0.0
2078,1788886708.1893742,1788886708.1893742,1081,0.7322568893432617,7.602727890014648,-2.3561899662017822,2.3561899662017822,0.004363323096185923,0.05999999865889549,10.0,2078,0.0
2079,1788886708.2397048,1788886708.2397048,1081,0.7311561703681946,7.634805202484131,-2.3561899662017822,2.3561899662017822,0.004363323096185923,0.05999999865889549,10.0,2079,0.0
2080,1788886708.2894695,1788886708.2894695,1081,0.7300171852111816,7.6125288009643555,-2.3561899662017822,2.3561899662017822,0.004363323096185923,0.05999999865889549,10.0,2080,0.0
2081,1788886708.33939,1788886708.33939,1081,0.7287997007369995,7.5904011726379395,-2.3561899662017822,2.3561899662017822,0.004363323096185923,0.05999999865889549,10.0,2081,0.0
2082,1788886708.3898904,1788886708.3898904,1081,0.727503776550293,7.621789932250977,-2.3561899662017822,2.3561899662017822,0.004363323096185923,0.05999999865889549,10.0,2082,0.0
2083,1788886708.4412448,1788886708.4412448,1081,0.7261307239532471,7.599644184112549,-2.3561899662017822,2.3561899662017822,0.004363323096185923,0.05999999865889549,10.0,2083,0.0
2084,1788886708.489718,1788886708.489718,1081,0.7248340249061584,7.570127010345459,-2.3561899662017822,2.3561899662017822,0.004363323096185923,0.05999999865889549,10.0,2084,0.0
2085,1788886708.5395813,1788886708.5395813,1081,0.7235609889030457,7.591193199157715,-2.3561899662017822,2.3561899662017822,0.004363323096185923,0.05999999865889549,10.0,2085,0.0
2086,1788886708.5888753,1788886708.5888753,1081,0.7222263813018799,7.612710952758789,-2.3561899662017822,2.3561899662017822,0.004363323096185923,0.05999999865889549,10.0,2086,0.0
2087,1788886708.6396835,1788886708.6396835,1081,0.7208263874053955,7.5799241065979,-2.3561899662017822,2.3561899662017822,0.004363323096185923,0.05999999865889549,10.0,2087,0.0
2088,1788886708.6895444,1788886708.6895444,1081,0.7193204760551453,7.602419853210449,-2.3561899662017822,2.3561899662017822,0.004363323096185923,0.05999999865889549,10.0,2088,0.0
2089,1788886708.7420788,1788886708.7420788,1081,0.7178366780281067,7.563847064971924,-2.3561899662017822,2.3561899662017822,0.004363323096185923,0.05999999865889549,10.0,2089,0.0
2090,1788886708.7903867,1788886708.7903867,1081,0.7163587212562561,7.577600955963135,-2.3561899662017822,2.3561899662017822,0.004363323096185923,0.05999999865889549,10.0,2090,0.0
2091,1788886708.8392038,1788886708.8392038,1081,0.7148218750953674,7.591625213623047,-2.3561899662017822,2.3561899662017822,0.004363323096185923,0.05999999865889549,10.0,2091,0.0
2092,1788886708.8894403,1788886708.8894403,1081,0.7132238745689392,7.550514221191406,-2.3561899662017822,2.3561899662017822,0.004363323096185923,0.05999999865889549,10.0,2092,0.0
2093,1788886708.9397652,1788886708.9397652,1081,0.7115666270256042,7.564711093902588,-2.3561899662017822,2.3561899662017822,0.004363323096185923,0.05999999865889549,10.0,2093,0.0
2094,1788886708.9889886,1788886708.9889886,1081,0.7099977135658264,7.571957111358643,-2.3561899662017822,2.3561899662017822,0.004363323096185923,0.05999999865889549,10.0,2094,0.0
2095,1788886709.043638,1788886709.043638,1081,0.7084463834762573,7.577003002166748,-2.3561899662017822,2.3561899662017822,0.004363323096185923,0.05999999865889549,10.0,2095,0.0
2096,1788886709.0919535,1788886709.0919535,1081,0.7068526148796082,7.5261359214782715,-2.3561899662017822,2.3561899662017822,0.004363323096185923,0.05999999865889549,10.0,2096,0.0
2097,1788886709.1400676,1788886709.1400676,1081,0.7052130103111267,7.531129837036133,-2.3561899662017822,2.3561899662017822,0.004363323096185923,0.05999999865889549,10.0,2097,0.0
2098,1788886709.1901238,1788886709.1901238,1081,0.7035272121429443,7.536306858062744,-2.3561899662017822,2.3561899662017822,0.004363323096185923,0.05999999865889549,10.0,2098,0.0
2099,1788886709.239026,1788886709.239026,1081,0.7019519805908203,7.533702850341797,-2.3561899662017822,2.3561899662017822,0.004363323096185923,0.05999999865889549,10.0,2099,0.0
2100,1788886709.2893274,1788886709.2893274,1081,0.7004191279411316,7.52855110168457,-2.3561899662017822,2.3561899662017822,0.004363323096185923,0.05999999865889549,10.0,2100,0.0
2101,1788886709.339253,1788886709.339253,1081,0.6988530158996582,7.523404121398926,-2.3561899662017822,2.3561899662017822,0.004363323096185923,0.05999999865889549,10.0,2101,0.0
2102,1788886709.3891368,1788886709.3891368,1081,0.6972582936286926,7.5758490562438965,-2.3561899662017822,2.3561899662017822,0.004363323096185923,0.05999999865889549,10.0,2102,0.0
2103,1788886709.4396493,1788886709.4396493,1081,0.6956347227096558,7.570995807647705,-2.3561899662017822,2.3561899662017822,0.004363323096185923,0.05999999865889549,10.0,2103,0.0
2104,1788886709.4891052,1788886709.4891052,1081,0.6940363049507141,7.563178062438965,-2.3561899662017822,2.3561899662017822,0.004363323096185923,0.05999999865889549,10.0,2104,0.0
2105,1788886709.5394852,1788886709.5394852,1081,0.6924396753311157,7.554361820220947,-2.3561899662017822,2.3561899662017822,0.004363323096185923,0.05999999865889549,10.0,2105,0.0
2106,1788886709.590449,1788886709.590449,1081,0.6908221244812012,7.545561790466309,-2.3561899662017822,2.3561899662017822,0.004363323096185923,0.05999999865889549,10.0,2106,0.0
2107,1788886709.6399207,1788886709.6399207,1081,0.6891754865646362,7.536725997924805,-2.3561899662017822,2.3561899662017822,0.004363323096185923,0.05999999865889549,10.0,2107,0.0
2108,1788886709.6890037,1788886709.6890037,1081,0.6875045895576477,7.587223052978516,-2.3561899662017822,2.3561899662017822,0.004363323096185923,0.05999999865889549,10.0,2108,0.0
2109,1788886709.7391484,1788886709.7391484,1081,0.6858453750610352,7.576681137084961,-2.3561899662017822,2.3561899662017822,0.004363323096185923,0.05999999865889549,10.0,2109,0.0
2110,1788886709.7895262,1788886709.7895262,1081,0.6841802000999451,7.565526008605957,-2.3561899662017822,2.3561899662017822,0.004363323096185923,0.05999999865889549,10.0,2110,0.0
2111,1788886709.8395147,1788886709.8395147,1081,0.6824910044670105,7.554393768310547,-2.3561899662017822,2.3561899662017822,0.004363323096185923,0.05999999865889549,10.0,2111,0.0
2112,1788886709.8889492,1788886709.8889492,1081,0.6807814240455627,7.603994846343994,-2.3561899662017822,2.3561899662017822,0.004363323096185923,0.05999999865889549,10.0,2112,0.0
2113,1788886709.9397333,1788886709.9397333,1081,0.67900550365448,7.592642784118652,-2.3561899662017822,2.3561899662017822,0.004363323096185923,0.05999999865889549,10.0,2113,0.0
2114,1788886709.9889567,1788886709.9889567,1081,0.6772124767303467,7.577195167541504,-2.3561899662017822,2.3561899662017822,0.004363323096185923,0.05999999865889549,10.0,2114,0.0
2115,1788886710.0388165,1788886710.0388165,1081,0.6754236817359924,7.622306823730469,-2.3561899662017822,2.3561899662017822,0.004363323096185923,0.05999999865889549,10.0,2115,0.0
2116,1788886710.0891404,1788886710.0891404,1081,0.6736174821853638,7.605536937713623,-2.3561899662017822,2.3561899662017822,0.004363323096185923,0.05999999865889549,10.0,2116,0.0
2117,1788886710.1389647,1788886710.1389647,1081,0.6717932820320129,7.651762008666992,-2.3561899662017822,2.3561899662017822,0.004363323096185923,0.05999999865889549,10.0,2117,0.0
2118,1788886710.1888106,1788886710.1888106,1081,0.6699526906013489,7.63484001159668,-2.3561899662017822,2.3561899662017822,0.004363323096185923,0.05999999865889549,10.0,2118,0.0
2119,1788886710.2396564,1788886710.2396564,1081,0.6681244969367981,7.616161823272705,-2.3561899662017822,2.3561899662017822,0.004363323096185923,0.05999999865889549,10.0,2119,0.0
2120,1788886710.288772,1788886710.288772,1081,0.66629558801651,7.678018093109131,-2.3561899662017822,2.3561899662017822,0.004363323096185923,0.05999999865889549,10.0,2120,0.0
2121,1788886710.3388467,1788886710.3388467,1081,0.6644515991210938,7.6588521003723145,-2.3561899662017822,2.3561899662017822,0.004363323096185923,0.05999999865889549,10.0,2121,0.0
2122,1788886710.3889723,1788886710.3889723,1081,0.6625934839248657,7.7418341636657715,-2.3561899662017822,2.3561899662017822,0.004363323096185923,0.05999999865889549,10.0,2122,0.0
2123,1788886710.4392698,1788886710.4392698,1081,0.6607208847999573,7.827729225158691,-2.3561899662017822,2.3561899662017822,0.004363323096185923,0.05999999865889549,10.0,2123,0.0
2124,1788886710.488792,1788886710.488792,1081,0.6587870717048645,7.8130388259887695,-2.3561899662017822,2.3561899662017822,0.004363323096185923,0.05999999865889549,10.0,2124,0.0
2125,1788886710.5393438,1788886710.5393438,1081,0.6568102836608887,7.908493995666504,-2.3561899662017822,2.3561899662017822,0.004363323096185923,0.05999999865889549,10.0,2125,0.0
2126,1788886710.589312,1788886710.589312,1081,0.6548128128051758,7.895552158355713,-2.3561899662017822,2.3561899662017822,0.004363323096185923,0.05999999865889549,10.0,2126,0.0
2127,1788886710.6389117,1788886710.6389117,1081,0.6527994275093079,7.9947638511657715,-2.3561899662017822,2.3561899662017822,0.004363323096185923,0.05999999865889549,10.0,2127,0.0
2128,1788886710.6890218,1788886710.6890218,1081,0.6507654190063477,7.9819440841674805,-2.3561899662017822,2.3561899662017822,0.004363323096185923,0.05999999865889549,10.0,2128,0.0
2129,1788886710.7401671,1788886710.7401671,1081,0.6486948728561401,8.087118148803711,-2.3561899662017822,2.3561899662017822,0.004363323096185923,0.05999999865889549,10.0,2129,0.0
2130,1788886710.7898483,1788886710.7898483,1081,0.6465951204299927,8.076998710632324,-2.3561899662017822,2.3561899662017822,0.004363323096185923,0.05999999865889549,10.0,2130,0.0
2131,1788886710.8392062,1788886710.8392062,1081,0.6444743275642395,8.187177658081055,-2.3561899662017822,2.3561899662017822,0.004363323096185923,0.05999999865889549,10.0,2131,0.0
2132,1788886710.889337,1788886710.889337,1081,0.6423311233520508,8.177495002746582,-2.3561899662017822,2.3561899662017822,0.004363323096185923,0.05999999865889549,10.0,2132,0.0
2133,1788886710.9393277,1788886710.9393277,1081,0.6402214765548706,8.3090238571167,-2.3561899662017822,2.3561899662017822,0.004363323096185923,0.05999999865889549,10.0,2133,0.0
2134,1788886710.9897609,1788886710.9897609,1081,0.6381176710128784,8.319803237915039,-2.3561899662017822,2.3561899662017822,0.004363323096185923,0.05999999865889549,10.0,2134,0.0
2135,1788886711.0642354,1788886711.0642354,1081,0.6349040269851685,8.322107315063477,-2.3561899662017822,2.3561899662017822,0.004363323096185923,0.05999999865889549,10.0,2135,0.0
2136,1788886711.1140487,1788886711.1140487,1081,0.6327341794967651,8.31482982635498,-2.3561899662017822,2.3561899662017822,0.004363323096185923,0.05999999865889549,10.0,2136,0.0
2137,1788886711.164887,1788886711.164887,1081,0.6305422782897949,8.28936767578125,-2.3561899662017822,2.3561899662017822,0.004363323096185923,0.05999999865889549,10.0,2137,0.0
2138,1788886711.2142873,1788886711.2142873,1081,0.6283262968063354,8.263970375061035,-2.3561899662017822,2.3561899662017822,0.004363323096185923,0.05999999865889549,10.0,2138,0.0
2139,1788886711.2653172,1788886711.2653172,1081,0.6260824203491211,8.238310813903809,-2.3561899662017822,2.3561899662017822,0.004363323096185923,0.05999999865889549,10.0,2139,0.0
2140,1788886711.3167524,1788886711.3167524,1081,0.6238132119178772,8.21263599395752,-2.3561899662017822,2.3561899662017822,0.004363323096185923,0.05999999865889549,10.0,2140,0.0
2141,1788886711.365612,1788886711.365612,1081,0.621518611907959,8.187056541442871,-2.3561899662017822,2.3561899662017822,0.004363323096185923,0.05999999865889549,10.0,2141,0.0
2142,1788886711.4142194,1788886711.4142194,1081,0.6192017793655396,8.180672645568848,-2.3561899662017822,2.3561899662017822,0.004363323096185923,0.05999999865889549,10.0,2142,0.0
2143,1788886711.4643235,1788886711.4643235,1081,0.6168625950813293,8.188943862915039,-2.3561899662017822,2.3561899662017822,0.004363323096185923,0.05999999865889549,10.0,2143,0.0
2144,1788886711.5147943,1788886711.5147943,1081,0.6144589185714722,8.165066719055176,-2.3561899662017822,2.3561899662017822,0.004363323096185923,0.05999999865889549,10.0,2144,0.0
2145,1788886711.5648336,1788886711.5648336,1081,0.6120104193687439,8.136664390563965,-2.3561899662017822,2.3561899662017822,0.004363323096185923,0.05999999865889549,10.0,2145,0.0
2146,1788886711.6142185,1788886711.6142185,1081,0.6095358729362488,8.108381271362305,-2.3561899662017822,2.3561899662017822,0.004363323096185923,0.05999999865889549,10.0,2146,0.0
2147,1788886711.664081,1788886711.664081,1081,0.607031524181366,8.08016586303711,-2.3561899662017822,2.3561899662017822,0.004363323096185923,0.05999999865889549,10.0,2147,0.0
2148,1788886711.7144427,1788886711.7144427,1081,0.6045011878013611,8.07970142364502,-2.3561899662017822,2.3561899662017822,0.004363323096185923,0.05999999865889549,10.0,2148,0.0
2149,1788886711.764511,1788886711.764511,1081,0.6019005179405212,8.077264785766602,-2.3561899662017822,2.3561899662017822,0.004363323096185923,0.05999999865889549,10.0,2149,0.0
2150,1788886711.8142083,1788886711.8142083,1081,0.5992447137832642,8.04591178894043,-2.3561899662017822,2.3561899662017822,0.004363323096185923,0.05999999865889549,10.0,2150,0.0
2151,1788886711.8641753,1788886711.8641753,1081,0.5965595245361328,8.01467227935791,-2.3561899662017822,2.3561899662017822,0.004363323096185923,0.05999999865889549,10.0,2151,0.0
2152,1788886711.9148617,1788886711.9148617,1081,0.593843400478363,7.9955620765686035,-2.3561899662017822,2.3561899662017822,0.004363323096185923,0.05999999865889549,10.0,2152,0.0
2153,1788886711.9643455,1788886711.9643455,1081,0.5910937786102295,8.007283210754395,-2.3561899662017822,2.3561899662017822,0.004363323096185923,0.05999999865889549,10.0,2153,0.0
2154,1788886712.0142474,1788886712.0142474,1081,0.5882254242897034,7.971569061279297,-2.3561899662017822,2.3561899662017822,0.004363323096185923,0.05999999865889549,10.0,2154,0.0
2155,1788886712.0640829,1788886712.0640829,1081,0.5852730870246887,7.934453010559082,-2.3561899662017822,2.3561899662017822,0.004363323096185923,0.05999999865889549,10.0,2155,0.0
2156,1788886712.1141841,1788886712.1141841,1081,0.5822814702987671,7.9516401290893555,-2.3561899662017822,2.3561899662017822,0.004363323096185923,0.05999999865889549,10.0,2156,0.0
2157,1788886712.1645496,1788886712.1645496,1081,0.5792480111122131,7.914486885070801,-2.3561899662017822,2.3561899662017822,0.004363323096185923,0.05999999865889549,10.0,2157,0.0
2158,1788886712.2147512,1788886712.2147512,1081,0.5761768221855164,7.879231929779053,-2.3561899662017822,2.3561899662017822,0.004363323096185923,0.05999999865889549,10.0,2158,0.0
2159,1788886712.2643073,1788886712.2643073,1081,0.5730134844779968,7.891692161560059,-2.3561899662017822,2.3561899662017822,0.004363323096185923,0.05999999865889549,10.0,2159,0.0
2160,1788886712.314352,1788886712.314352,1081,0.5697839856147766,7.851253986358643,-2.3561899662017822,2.3561899662017822,0.004363323096185923,0.05999999865889549,10.0,2160,0.0
2161,1788886712.3638737,1788886712.3638737,1081,0.56650710105896,7.864352226257324,-2.3561899662017822,2.3561899662017822,0.004363323096185923,0.05999999865889549,10.0,2161,0.0
2162,1788886712.4146361,1788886712.4146361,1081,0.5631886124610901,7.823922157287598,-2.3561899662017822,2.3561899662017822,0.004363323096185923,0.05999999865889549,10.0,2162,0.0
2163,1788886712.465326,1788886712.465326,1081,0.5598230957984924,7.800428867340088,-2.3561899662017822,2.3561899662017822,0.004363323096185923,0.05999999865889549,10.0,2163,0.0
2164,1788886712.514113,1788886712.514113,1081,0.5564082860946655,7.796027183532715,-2.3561899662017822,2.3561899662017822,0.004363323096185923,0.05999999865889549,10.0,2164,0.0
2165,1788886712.5642161,1788886712.5642161,1081,0.5529460906982422,7.755589962005615,-2.3561899662017822,2.3561899662017822,0.004363323096185923,0.05999999865889549,10.0,2165,0.0
2166,1788886712.6165576,1788886712.6165576,1081,0.5494388937950134,7.767514228820801,-2.3561899662017822,2.3561899662017822,0.004363323096185923,0.05999999865889549,10.0,2166,0.0
2167,1788886712.6650615,1788886712.6650615,1081,0.5458865761756897,7.726977825164795,-2.3561899662017822,2.3561899662017822,0.004363323096185923,0.05999999865889549,10.0,2167,0.0
2168,1788886712.7145772,1788886712.7145772,1081,0.5422891974449158,7.733974933624268,-2.3561899662017822,2.3561899662017822,0.004363323096185923,0.05999999865889549,10.0,2168,0.0
2169,1788886712.7647748,1788886712.7647748,1081,0.5385919213294983,7.695479869842529,-2.3561899662017822,2.3561899662017822,0.004363323096185923,0.05999999865889549,10.0,2169,0.0
2170,1788886712.813934,1788886712.813934,1081,0.5348151922225952,7.692543983459473,-2.3561899662017822,2.3561899662017822,0.004363323096185923,0.05999999865889549,10.0,2170,0.0
2171,1788886712.8639364,1788886712.8639364,1081,0.5309892296791077,7.659221172332764,-2.3561899662017822,2.3561899662017822,0.004363323096185923,0.05999999865889549,10.0,2171,0.0
2172,1788886712.9147968,1788886712.9147968,1081,0.5271121859550476,7.655111789703369,-2.3561899662017822,2.3561899662017822,0.004363323096185923,0.05999999865889549,10.0,2172,0.0
2173,1788886712.9638627,1788886712.9638627,1081,0.5231859087944031,7.622725963592529,-2.3561899662017822,2.3561899662017822,0.004363323096185923,0.05999999865889549,10.0,2173,0.0
2174,1788886713.0141625,1788886713.0141625,1081,0.5191584825515747,7.627441883087158,-2.3561899662017822,2.3561899662017822,0.004363323096185923,0.05999999865889549,10.0,2174,0.0
2175,1788886713.064137,1788886713.064137,1081,0.5150535702705383,7.580387115478516,-2.3561899662017822,2.3561899662017822,0.004363323096185923,0.05999999865889549,10.0,2175,0.0
2176,1788886713.114139,1788886713.114139,1081,0.5108925104141235,7.584023952484131,-2.3561899662017822,2.3561899662017822,0.004363323096185923,0.05999999865889549,10.0,2176,0.0
2177,1788886713.1640644,1788886713.1640644,1081,0.5066779851913452,7.537171840667725,-2.3561899662017822,2.3561899662017822,0.004363323096185923,0.05999999865889549,10.0,2177,0.0
2178,1788886713.213827,1788886713.213827,1081,0.5024080872535706,7.540492057800293,-2.3561899662017822,2.3561899662017822,0.004363323096185923,0.05999999865889549,10.0,2178,0.0
2179,1788886713.2638156,1788886713.2638156,1081,0.49797138571739197,7.5230021476745605,-2.3561899662017822,2.3561899662017822,0.004363323096185923,0.05999999865889549,10.0,2179,0.0
2180,1788886713.31415,1788886713.31415,1081,0.4934183955192566,7.484818935394287,-2.3561899662017822,2.3561899662017822,0.004363323096185923,0.05999999865889549,10.0,2180,0.0
2181,1788886713.3641129,1788886713.3641129,1081,0.4887998104095459,7.480801105499268,-2.3561899662017822,2.3561899662017822,0.004363323096185923,0.05999999865889549,10.0,2181,0.0
2182,1788886713.4149787,1788886713.4149787,1081,0.48411819338798523,7.476707935333252,-2.3561899662017822,2.3561899662017822,0.004363323096185923,0.05999999865889549,10.0,2182,0.0
2183,1788886713.4647584,1788886713.4647584,1081,0.47937071323394775,7.423113822937012,-2.3561899662017822,2.3561899662017822,0.004363323096185923,0.05999999865889549,10.0,2183,0.0
2184,1788886713.5144393,1788886713.5144393,1081,0.4745680093765259,7.4192070960998535,-2.3561899662017822,2.3561899662017822,0.004363323096185923,0.05999999865889549,10.0,2184,0.0
2185,1788886713.5640635,1788886713.5640635,1081,0.46970629692077637,7.415319919586182,-2.3561899662017822,2.3561899662017822,0.004363323096185923,0.05999999865889549,10.0,2185,0.0
2186,1788886713.6139348,1788886713.6139348,1081,0.4647817015647888,7.3831610679626465,-2.3561899662017822,2.3561899662017822,0.004363323096185923,0.05999999865889549,10.0,2186,0.0
2187,1788886713.663937,1788886713.663937,1081,0.4597940146923065,7.358479976654053,-2.3561899662017822,2.3561899662017822,0.004363323096185923,0.05999999865889549,10.0,2187,0.0
2188,1788886713.7139554,1788886713.7139554,1081,0.454741895198822,7.3541951179504395,-2.3561899662017822,2.3561899662017822,0.004363323096185923,0.05999999865889549,10.0,2188,0.0
2189,1788886713.7641475,1788886713.7641475,1081,0.44964799284935,7.347430229187012,-2.3561899662017822,2.3561899662017822,0.004363323096185923,0.05999999865889549,10.0,2189,0.0
2190,1788886713.8144672,1788886713.8144672,1081,0.4445039927959442,7.299503803253174,-2.3561899662017822,2.3561899662017822,0.004363323096185923,0.05999999865889549,10.0,2190,0.0
2191,1788886713.8642354,1788886713.8642354,1081,0.4392979145050049,7.296168804168701,-2.3561899662017822,2.3561899662017822,0.004363323096185923,0.05999999865889549,10.0,2191,0.0
2192,1788886713.9149008,1788886713.9149008,1081,0.43403100967407227,7.292781829833984,-2.3561899662017822,2.3561899662017822,0.004363323096185923,0.05999999865889549,10.0,2192,0.0
2193,1788886713.9674094,1788886713.9674094,1081,0.42870190739631653,7.241497039794922,-2.3561899662017822,2.3561899662017822,0.004363323096185923,0.05999999865889549,10.0,2193,0.0
2194,1788886714.0181322,1788886714.0181322,1081,0.42336711287498474,7.240292072296143,-2.3561899662017822,2.3561899662017822,0.004363323096185923,0.05999999865889549,10.0,2194,0.0
2195,1788886714.0677464,1788886714.0677464,1081,0.41800740361213684,7.232614994049072,-2.3561899662017822,2.3561899662017822,0.004363323096185923,0.05999999865889549,10.0,2195,0.0
2196,1788886714.117568,1788886714.117568,1081,0.41259390115737915,7.192412853240967,-2.3561899662017822,2.3561899662017822,0.004363323096185923,0.05999999865889549,10.0,2196,0.0
2197,1788886714.1695945,1788886714.1695945,1081,0.4071243107318878,7.191896915435791,-2.3561899662017822,2.3561899662017822,0.004363323096185923,0.05999999865889549,10.0,2197,0.0
2198,1788886714.2191436,1788886714.2191436,1081,0.4016262888908386,7.145750045776367,-2.3561899662017822,2.3561899662017822,0.004363323096185923,0.05999999865889549,10.0,2198,0.0
2199,1788886714.2677426,1788886714.2677426,1081,0.39607810974121094,7.1460700035095215,-2.3561899662017822,2.3561899662017822,0.004363323096185923,0.05999999865889549,10.0,2199,0.0
2200,1788886714.3170307,1788886714.3170307,1081,0.390462189912796,7.143953800201416,-2.3561899662017822,2.3561899662017822,0.004363323096185923,0.05999999865889549,10.0,2200,0.0
2201,1788886714.3652632,1788886714.3652632,1081,0.3847928047180176,7.099113941192627,-2.3561899662017822,2.3561899662017822,0.004363323096185923,0.05999999865889549,10.0,2201,0.0
2202,1788886714.415929,1788886714.415929,1081,0.3790678083896637,7.098593235015869,-2.3561899662017822,2.3561899662017822,0.004363323096185923,0.05999999865889549,10.0,2202,0.0
2203,1788886714.4671152,1788886714.4671152,1081,0.3732897937297821,7.052343845367432,-2.3561899662017822,2.3561899662017822,0.004363323096185923,0.05999999865889549,10.0,2203,0.0
2204,1788886714.51668,1788886714.51668,1081,0.3673878014087677,7.048159122467041,-2.3561899662017822,2.3561899662017822,0.004363323096185923,0.05999999865889549,10.0,2204,0.0
2205,1788886714.5660644,1788886714.5660644,1081,0.36138251423835754,7.042820930480957,-2.3561899662017822,2.3561899662017822,0.004363323096185923,0.05999999865889549,10.0,2205,0.0
2206,1788886714.6163344,1788886714.6163344,1081,0.35531580448150635,7.016334056854248,-2.3561899662017822,2.3561899662017822,0.004363323096185923,0.05999999865889549,10.0,2206,0.0
2207,1788886714.6666818,1788886714.6666818,1081,0.3491896092891693,6.986216068267822,-2.3561899662017822,2.3561899662017822,0.004363323096185923,0.05999999865889549,10.0,2207,0.0
2208,1788886714.7149973,1788886714.7149973,1081,0.3431481122970581,6.981776237487793,-2.3561899662017822,2.3561899662017822,0.004363323096185923,0.05999999865889549,10.0,2208,0.0
2209,1788886714.7638412,1788886714.7638412,1081,0.3371613025665283,6.973586082458496,-2.3561899662017822,2.3561899662017822,0.004363323096185923,0.05999999865889549,10.0,2209,0.0
2210,1788886714.8141708,1788886714.8141708,1081,0.33107390999794006,6.952978134155273,-2.3561899662017822,2.3561899662017822,0.004363323096185923,0.05999999865889549,10.0,2210,0.0
2211,1788886714.8643174,1788886714.8643174,1081,0.3249262869358063,6.908094882965088,-2.3561899662017822,2.3561899662017822,0.004363323096185923,0.05999999865889549,10.0,2211,0.0
2212,1788886714.9147882,1788886714.9147882,1081,0.3187134861946106,6.897647857666016,-2.3561899662017822,2.3561899662017822,0.004363323096185923,0.05999999865889549,10.0,2212,0.0
2213,1788886714.9638836,1788886714.9638836,1081,0.31243738532066345,6.887115001678467,-2.3561899662017822,2.3561899662017822,0.004363323096185923,0.05999999865889549,10.0,2213,0.0
2214,1788886715.0139349,1788886715.0139349,1081,0.3062559962272644,6.871326923370361,-2.3561899662017822,2.3561899662017822,0.004363323096185923,0.05999999865889549,10.0,2214,0.0
2215,1788886715.0646448,1788886715.0646448,1081,0.3008764088153839,6.853640079498291,-2.3561899662017822,2.3561899662017822,0.004363323096185923,0.05999999865889549,10.0,2215,0.0
2216,1788886715.1139205,1788886715.1139205,1081,0.2963413894176483,6.835851192474365,-2.3561899662017822,2.3561899662017822,0.004363323096185923,0.05999999865889549,10.0,2216,0.0
2217,1788886715.1640751,1788886715.1640751,1081,0.29262059926986694,6.817935943603516,-2.3561899662017822,2.3561899662017822,0.004363323096185923,0.05999999865889549,10.0,2217,0.0
2218,1788886715.2148604,1788886715.2148604,1081,0.2900424003601074,6.7998738288879395,-2.3561899662017822,2.3561899662017822,0.004363323096185923,0.05999999865889549,10.0,2218,0.0
2219,1788886715.263903,1788886715.263903,1081,0.28832530975341797,6.776257038116455,-2.3561899662017822,2.3561899662017822,0.004363323096185923,0.05999999865889549,10.0,2219,0.0
2220,1788886715.3141809,1788886715.3141809,1081,0.2869940996170044,6.750357151031494,-2.3561899662017822,2.3561899662017822,0.004363323096185923,0.05999999865889549,10.0,2220,0.0
2221,1788886715.3644443,1788886715.3644443,1081,0.2870928943157196,6.767876148223877,-2.3561899662017822,2.3561899662017822,0.004363323096185923,0.05999999865889549,10.0,2221,0.0
2222,1788886715.4143603,1788886715.4143603,1081,0.28824201226234436,6.741639137268066,-2.3561899662017822,2.3561899662017822,0.004363323096185923,0.05999999865889549,10.0,2222,0.0
2223,1788886715.4640641,1788886715.4640641,1081,0.2905248999595642,6.7153239250183105,-2.3561899662017822,2.3561899662017822,0.004363323096185923,0.05999999865889549,10.0,2223,0.0
2224,1788886715.5143547,1788886715.5143547,1081,0.29308709502220154,6.685967922210693,-2.3561899662017822,2.3561899662017822,0.004363323096185923,0.05999999865889549,10.0,2224,0.0
2225,1788886715.5640876,1788886715.5640876,1081,0.2967737019062042,6.6957879066467285,-2.3561899662017822,2.3561899662017822,0.004363323096185923,0.05999999865889549,10.0,2225,0.0
2226,1788886715.614248,1788886715.614248,1081,0.30176711082458496,6.668055057525635,-2.3561899662017822,2.3561899662017822,0.004363323096185923,0.05999999865889549,10.0,2226,0.0
2227,1788886715.664705,1788886715.664705,1081,0.30687379837036133,6.637378215789795,-2.3561899662017822,2.3561899662017822,0.004363323096185923,0.05999999865889549,10.0,2227,0.0
2228,1788886715.714641,1788886715.714641,1081,0.3133881092071533,6.627027988433838,-2.3561899662017822,2.3561899662017822,0.004363323096185923,0.05999999865889549,10.0,2228,0.0
2229,1788886715.7641253,1788886715.7641253,1081,0.31977519392967224,6.6209001541137695,-2.3561899662017822,2.3561899662017822,0.004363323096185923,0.05999999865889549,10.0,2229,0.0
2230,1788886715.8145454,1788886715.8145454,1081,0.3277099132537842,6.593145847320557,-2.3561899662017822,2.3561899662017822,0.004363323096185923,0.05999999865889549,10.0,2230,0.0
2231,1788886715.8662727,1788886715.8662727,1081,0.3375253975391388,6.565365791320801,-2.3561899662017822,2.3561899662017822,0.004363323096185923,0.05999999865889549,10.0,2231,0.0
2232,1788886715.9150143,1788886715.9150143,1081,0.3473573923110962,6.546982765197754,-2.3561899662017822,2.3561899662017822,0.004363323096185923,0.05999999865889549,10.0,2232,0.0
2233,1788886715.9638035,1788886715.9638035,1081,0.3540149927139282,6.5583882331848145,-2.3561899662017822,2.3561899662017822,0.004363323096185923,0.05999999865889549,10.0,2233,0.0
2234,1788886716.0146472,1788886716.0146472,1081,0.36558979749679565,6.52554988861084,-2.3561899662017822,2.3561899662017822,0.004363323096185923,0.05999999865889549,10.0,2234,0.0
2235,1788886716.0641606,1788886716.0641606,1081,0.37597841024398804,6.508892059326172,-2.3561899662017822,2.3561899662017822,0.004363323096185923,0.05999999865889549,10.0,2235,0.0
2236,1788886716.1158054,1788886716.1158054,1081,0.38428738713264465,6.493072032928467,-2.3561899662017822,2.3561899662017822,0.004363323096185923,0.05999999865889549,10.0,2236,0.0
2237,1788886716.1658638,1788886716.1658638,1081,0.5735325217247009,6.477820873260498,-2.3561899662017822,2.3561899662017822,0.004363323096185923,0.05999999865889549,10.0,2237,0.0
2238,1788886716.213944,1788886716.213944,1081,0.5764940977096558,6.45999813079834,-2.3561899662017822,2.3561899662017822,0.004363323096185923,0.05999999865889549,10.0,2238,0.0
2239,1788886716.2644808,1788886716.2644808,1081,0.5797702074050903,6.430152893066406,-2.3561899662017822,2.3561899662017822,0.004363323096185923,0.05999999865889549,10.0,2239,0.0
2240,1788886716.3142176,1788886716.3142176,1081,0.5835332870483398,6.444091796875,-2.3561899662017822,2.3561899662017822,0.004363323096185923,0.05999999865889549,10.0,2240,0.0
2241,1788886716.3652887,1788886716.3652887,1081,0.58784019947052,6.416226863861084,-2.3561899662017822,2.3561899662017822,0.004363323096185923,0.05999999865889549,10.0,2241,0.0
2242,1788886716.4144986,1788886716.4144986,1081,0.5924829840660095,6.386145114898682,-2.3561899662017822,2.3561899662017822,0.004363323096185923,0.05999999865889549,10.0,2242,0.0
2243,1788886716.4642591,1788886716.4642591,1081,0.5973290205001831,6.394554138183594,-2.3561899662017822,2.3561899662017822,0.004363323096185923,0.05999999865889549,10.0,2243,0.0
2244,1788886716.5141346,1788886716.5141346,1081,0.6023179292678833,6.372469902038574,-2.3561899662017822,2.3561899662017822,0.004363323096185923,0.05999999865889549,10.0,2244,0.0
2245,1788886716.564306,1788886716.564306,1081,0.6078615188598633,6.354094982147217,-2.3561899662017822,2.3561899662017822,0.004363323096185923,0.05999999865889549,10.0,2245,0.0
2246,1788886716.6177762,1788886716.6177762,1081,0.6179018020629883,6.335608005523682,-2.3561899662017822,2.3561899662017822,0.004363323096185923,0.05999999865889549,10.0,2246,0.0
2247,1788886716.6708398,1788886716.6708398,1081,0.6252174973487854,6.317018985748291,-2.3561899662017822,2.3561899662017822,0.004363323096185923,0.05999999865889549,10.0,2247,0.0
2248,1788886716.7395988,1788886716.7395988,1081,0.6352431178092957,6.275816917419434,-2.3561899662017822,2.3561899662017822,0.004363323096185923,0.05999999865889549,10.0,2248,0.0
2249,1788886716.7887614,1788886716.7887614,1081,0.6442059874534607,6.267373085021973,-2.3561899662017822,2.3561899662017822,0.004363323096185923,0.05999999865889549,10.0,2249,0.0
2250,1788886716.8403695,1788886716.8403695,1081,0.6542348265647888,6.260015964508057,-2.3561899662017822,2.3561899662017822,0.004363323096185923,0.05999999865889549,10.0,2250,0.0
2251,1788886716.8902967,1788886716.8902967,1081,0.659984290599823,6.217704772949219,-2.3561899662017822,2.3561899662017822,0.004363323096185923,0.05999999865889549,10.0,2251,0.0
2252,1788886716.9404511,1788886716.9404511,1081,0.6718506217002869,6.203126907348633,-2.3561899662017822,2.3561899662017822,0.004363323096185923,0.05999999865889549,10.0,2252,0.0
2253,1788886716.989484,1788886716.989484,1081,0.6840639710426331,6.197790145874023,-2.3561899662017822,2.3561899662017822,0.004363323096185923,0.05999999865889549,10.0,2253,0.0
2254,1788886717.039388,1788886717.039388,1081,0.6907520294189453,6.175930976867676,-2.3561899662017822,2.3561899662017822,0.004363323096185923,0.05999999865889549,10.0,2254,0.0
2255,1788886717.0901327,1788886717.0901327,1081,0.705657422542572,6.150144100189209,-2.3561899662017822,2.3561899662017822,0.004363323096185923,0.05999999865889549,10.0,2255,0.0
2256,1788886717.1398702,1788886717.1398702,1081,0.7146161198616028,6.146340847015381,-2.3561899662017822,2.3561899662017822,0.004363323096185923,0.05999999865889549,10.0,2256,0.0
2257,1788886717.1890554,1788886717.1890554,1081,0.7247328758239746,6.102365970611572,-2.3561899662017822,2.3561899662017822,0.004363323096185923,0.05999999865889549,10.0,2257,0.0
2258,1788886717.2389188,1788886717.2389188,1081,0.7352327704429626,6.104691028594971,-2.3561899662017822,2.3561899662017822,0.004363323096185923,0.05999999865889549,10.0,2258,0.0
2259,1788886717.2897182,1788886717.2897182,1081,0.746927797794342,6.12830114364624,-2.3561899662017822,2.3561899662017822,0.004363323096185923,0.05999999865889549,10.0,2259,0.0
2260,1788886717.3407304,1788886717.3407304,1081,0.7602819204330444,6.4076337814331055,-2.3561899662017822,2.3561899662017822,0.004363323096185923,0.05999999865889549,10.0,2260,0.0
2261,1788886717.3899922,1788886717.3899922,1081,0.7756465077400208,6.7186198234558105,-2.3561899662017822,2.3561899662017822,0.004363323096185923,0.05999999865889549,10.0,2261,0.0
2262,1788886717.4387846,1788886717.4387846,1081,1.567931056022644,6.977161884307861,-2.3561899662017822,2.3561899662017822,0.004363323096185923,0.05999999865889549,10.0,2262,0.0
2263,1788886717.4890573,1788886717.4890573,1081,1.5679939985275269,6.9726481437683105,-2.3561899662017822,2.3561899662017822,0.004363323096185923,0.05999999865889549,10.0,2263,0.0
2264,1788886717.5392385,1788886717.5392385,1081,1.56802499294281,6.96530818939209,-2.3561899662017822,2.3561899662017822,0.004363323096185923,0.05999999865889549,10.0,2264,0.0
2265,1788886717.5891345,1788886717.5891345,1081,1.568071961402893,6.957862854003906,-2.3561899662017822,2.3561899662017822,0.004363323096185923,0.05999999865889549,10.0,2265,0.0
2266,1788886717.6400983,1788886717.6400983,1081,1.568132996559143,6.950244903564453,-2.3561899662017822,2.3561899662017822,0.004363323096185923,0.05999999865889549,10.0,2266,0.0
2267,1788886717.6889138,1788886717.6889138,1081,1.5682159662246704,6.942478179931641,-2.3561899662017822,2.3561899662017822,0.004363323096185923,0.05999999865889549,10.0,2267,0.0
2268,1788886717.7395837,1788886717.7395837,1081,1.5681910514831543,6.924461841583252,-2.3561899662017822,2.3561899662017822,0.004363323096185923,0.05999999865889549,10.0,2268,0.0
2269,1788886717.7889507,1788886717.7889507,1081,1.568114995956421,6.903411865234375,-2.3561899662017822,2.3561899662017822,0.004363323096185923,0.05999999865889549,10.0,2269,0.0
2270,1788886717.8389022,1788886717.8389022,1081,1.5680509805679321,6.882284164428711,-2.3561899662017822,2.3561899662017822,0.004363323096185923,0.05999999865889549,10.0,2270,0.0
2271,1788886717.889185,1788886717.889185,1081,1.5679889917373657,6.861070156097412,-2.3561899662017822,2.3561899662017822,0.004363323096185923,0.05999999865889549,10.0,2271,0.0
2272,1788886717.9391205,1788886717.9391205,1081,1.5679399967193604,6.839763164520264,-2.3561899662017822,2.3561899662017822,0.004363323096185923,0.05999999865889549,10.0,2272,0.0
2273,1788886717.9889557,1788886717.9889557,1081,1.567829966545105,6.813910961151123,-2.3561899662017822,2.3561899662017822,0.004363323096185923,0.05999999865889549,10.0,2273,0.0
2274,1788886718.0390162,1788886718.0390162,1081,1.5676939487457275,6.7865800857543945,-2.3561899662017822,2.3561899662017822,0.004363323096185923,0.05999999865889549,10.0,2274,0.0
2275,1788886718.089519,1788886718.089519,1081,1.5675569772720337,6.75927209854126,-2.3561899662017822,2.3561899662017822,0.004363323096185923,0.05999999865889549,10.0,2275,0.0
2276,1788886718.1394958,1788886718.1394958,1081,1.5674209594726562,6.731912136077881,-2.3561899662017822,2.3561899662017822,0.004363323096185923,0.05999999865889549,10.0,2276,0.0
2277,1788886718.1895053,1788886718.1895053,1081,1.5672849416732788,6.704442977905273,-2.3561899662017822,2.3561899662017822,0.004363323096185923,0.05999999865889549,10.0,2277,0.0
2278,1788886718.2397037,1788886718.2397037,1081,1.5670959949493408,6.6730852127075195,-2.3561899662017822,2.3561899662017822,0.004363323096185923,0.05999999865889549,10.0,2278,0.0
2279,1788886718.289152,1788886718.289152,1081,1.5668729543685913,6.640493869781494,-2.3561899662017822,2.3561899662017822,0.004363323096185923,0.05999999865889549,10.0,2279,0.0
2280,1788886718.3395188,1788886718.3395188,1081,1.5666520595550537,6.6080121994018555,-2.3561899662017822,2.3561899662017822,0.004363323096185923,0.05999999865889549,10.0,2280,0.0
2281,1788886718.390099,1788886718.390099,1081,1.5664290189743042,6.575405120849609,-2.3561899662017822,2.3561899662017822,0.004363323096185923,0.05999999865889549,10.0,2281,0.0
2282,1788886718.4395716,1788886718.4395716,1081,1.5662070512771606,6.542978763580322,-2.3561899662017822,2.3561899662017822,0.004363323096185923,0.05999999865889549,10.0,2282,0.0
2283,1788886718.4892843,1788886718.4892843,1081,1.565924048423767,6.507561206817627,-2.3561899662017822,2.3561899662017822,0.004363323096185923,0.05999999865889549,10.0,2283,0.0
2284,1788886718.539079,1788886718.539079,1081,1.565621018409729,6.471284866333008,-2.3561899662017822,2.3561899662017822,0.004363323096185923,0.05999999865889549,10.0,2284,0.0
2285,1788886718.5894034,1788886718.5894034,1081,1.5652979612350464,6.4351420402526855,-2.3561899662017822,2.3561899662017822,0.004363323096185923,0.05999999865889549,10.0,2285,0.0
2286,1788886718.6388898,1788886718.6388898,1081,1.5649739503860474,6.399038791656494,-2.3561899662017822,2.3561899662017822,0.004363323096185923,0.05999999865889549,10.0,2286,0.0
2287,1788886718.6895127,1788886718.6895127,1081,1.5646380186080933,6.363100051879883,-2.3561899662017822,2.3561899662017822,0.004363323096185923,0.05999999865889549,10.0,2287,0.0
2288,1788886718.7390964,1788886718.7390964,1081,1.5642729997634888,6.32612419128418,-2.3561899662017822,2.3561899662017822,0.004363323096185923,0.05999999865889549,10.0,2288,0.0
2289,1788886718.7889175,1788886718.7889175,1081,1.563884973526001,6.288891792297363,-2.3561899662017822,2.3561899662017822,0.004363323096185923,0.05999999865889549,10.0,2289,0.0
2290,1788886718.8394177,1788886718.8394177,1081,1.5634950399398804,6.251814842224121,-2.3561899662017822,2.3561899662017822,0.004363323096185923,0.05999999865889549,10.0,2290,0.0
2291,1788886718.8893018,1788886718.8893018,1081,1.563081979751587,6.214893817901611,-2.3561899662017822,2.3561899662017822,0.004363323096185923,0.05999999865889549,10.0,2291,0.0
2292,1788886718.938982,1788886718.938982,1081,1.562669038772583,6.1780829429626465,-2.3561899662017822,2.3561899662017822,0.004363323096185923,0.05999999865889549,10.0,2292,0.0
2293,1788886718.9887252,1788886718.9887252,1081,1.5622169971466064,6.139891147613525,-2.3561899662017822,2.3561899662017822,0.004363323096185923,0.05999999865889549,10.0,2293,0.0
2294,1788886719.0390337,1788886719.0390337,1081,1.5617400407791138,6.10142183303833,-2.3561899662017822,2.3561899662017822,0.004363323096185923,0.05999999865889549,10.0,2294,0.0
2295,1788886719.0896668,1788886719.0896668,1081,1.5612510442733765,6.063182830810547,-2.3561899662017822,2.3561899662017822,0.004363323096185923,0.05999999865889549,10.0,2295,0.0
2296,1788886719.1391275,1788886719.1391275,1081,1.5607470273971558,6.025108814239502,-2.3561899662017822,2.3561899662017822,0.004363323096185923,0.05999999865889549,10.0,2296,0.0
2297,1788886719.1888564,1788886719.1888564,1081,1.5602240562438965,5.987215995788574,-2.3561899662017822,2.3561899662017822,0.004363323096185923,0.05999999865889549,10.0,2297,0.0
2298,1788886719.2394776,1788886719.2394776,1081,1.5596660375595093,5.947935104370117,-2.3561899662017822,2.3561899662017822,0.004363323096185923,0.05999999865889549,10.0,2298,0.0
2299,1788886719.2887466,1788886719.2887466,1081,1.5590800046920776,5.908421993255615,-2.3561899662017822,2.3561899662017822,0.004363323096185923,0.05999999865889549,10.0,2299,0.0
2300,1788886719.339054,1788886719.339054,1081,1.5584839582443237,5.869095802307129,-2.3561899662017822,2.3561899662017822,0.004363323096185923,0.05999999865889549,10.0,2300,0.0
2301,1788886719.3891053,1788886719.3891053,1081,1.5578670501708984,5.829955101013184,-2.3561899662017822,2.3561899662017822,0.004363323096185923,0.05999999865889549,10.0,2301,0.0
2302,1788886719.4388418,1788886719.4388418,1081,1.5572329759597778,5.791077136993408,-2.3561899662017822,2.3561899662017822,0.004363323096185923,0.05999999865889549,10.0,2302,0.0
2303,1788886719.489398,1788886719.489398,1081,1.5565869808197021,5.752429962158203,-2.3561899662017822,2.3561899662017822,0.004363323096185923,0.05999999865889549,10.0,2303,0.0
2304,1788886719.539703,1788886719.539703,1081,1.5559170246124268,5.714050769805908,-2.3561899662017822,2.3561899662017822,0.004363323096185923,0.05999999865889549,10.0,2304,0.0
2305,1788886719.5892458,1788886719.5892458,1081,1.5552380084991455,5.675830841064453,-2.3561899662017822,2.3561899662017822,0.004363323096185923,0.05999999865889549,10.0,2305,0.0
2306,1788886719.6401298,1788886719.6401298,1081,1.5545430183410645,5.637822151184082,-2.3561899662017822,2.3561899662017822,0.004363323096185923,0.05999999865889549,10.0,2306,0.0
2307,1788886719.6892767,1788886719.6892767,1081,1.5538250207901,5.600011825561523,-2.3561899662017822,2.3561899662017822,0.004363323096185923,0.05999999865889549,10.0,2307,0.0
2308,1788886719.7391233,1788886719.7391233,1081,1.5530799627304077,5.561771869659424,-2.3561899662017822,2.3561899662017822,0.004363323096185923,0.05999999865889549,10.0,2308,0.0
2309,1788886719.79048,1788886719.79048,1081,1.5519239902496338,5.523506164550781,-2.3561899662017822,2.3561899662017822,0.004363323096185923,0.05999999865889549,10.0,2309,0.0
2310,1788886719.8392615,1788886719.8392615,1081,1.5503649711608887,5.485498905181885,-2.3561899662017822,2.3561899662017822,0.004363323096185923,0.05999999865889549,10.0,2310,0.0
2311,1788886719.8891854,1788886719.8891854,1081,1.5487849712371826,5.44775915145874,-2.3561899662017822,2.3561899662017822,0.004363323096185923,0.05999999865889549,10.0,2311,0.0
2312,1788886719.93913,1788886719.93913,1081,1.5471889972686768,5.410272121429443,-2.3561899662017822,2.3561899662017822,0.004363323096185923,0.05999999865889549,10.0,2312,0.0
2313,1788886719.990158,1788886719.990158,1081,1.5455800294876099,5.373321056365967,-2.3561899662017822,2.3561899662017822,0.004363323096185923,0.05999999865889549,10.0,2313,0.0
2314,1788886720.0390828,1788886720.0390828,1081,1.5439540147781372,5.336647987365723,-2.3561899662017822,2.3561899662017822,0.004363323096185923,0.05999999865889549,10.0,2314,0.0
2315,1788886720.0920198,1788886720.0920198,1081,1.5423179864883423,5.30017614364624,-2.3561899662017822,2.3561899662017822,0.004363323096185923,0.05999999865889549,10.0,2315,0.0
2316,1788886720.1408327,1788886720.1408327,1081,1.5406630039215088,5.263951778411865,-2.3561899662017822,2.3561899662017822,0.004363323096185923,0.05999999865889549,10.0,2316,0.0
2317,1788886720.1890738,1788886720.1890738,1081,1.538993000984192,5.227969169616699,-2.3561899662017822,2.3561899662017822,0.004363323096185923,0.05999999865889549,10.0,2317,0.0
2318,1788886720.2404048,1788886720.2404048,1081,1.5373109579086304,5.1928181648254395,-2.3561899662017822,2.3561899662017822,0.004363323096185923,0.05999999865889549,10.0,2318,0.0
2319,1788886720.2899127,1788886720.2899127,1081,1.5356249809265137,5.158090114593506,-2.3561899662017822,2.3561899662017822,0.004363323096185923,0.05999999865889549,10.0,2319,0.0
2320,1788886720.3393164,1788886720.3393164,1081,1.5339210033416748,5.123530864715576,-2.3561899662017822,2.3561899662017822,0.004363323096185923,0.05999999865889549,10.0,2320,0.0
2321,1788886720.3900633,1788886720.3900633,1081,1.5322020053863525,5.089168071746826,-2.3561899662017822,2.3561899662017822,0.004363323096185923,0.05999999865889549,10.0,2321,0.0
2322,1788886720.439249,1788886720.439249,1081,1.530472993850708,5.055016040802002,-2.3561899662017822,2.3561899662017822,0.004363323096185923,0.05999999865889549,10.0,2322,0.0
2323,1788886720.4895518,1788886720.4895518,1081,1.5287120342254639,5.020491123199463,-2.3561899662017822,2.3561899662017822,0.004363323096185923,0.05999999865889549,10.0,2323,0.0
2324,1788886720.5393562,1788886720.5393562,1081,1.5269269943237305,4.985980987548828,-2.3561899662017822,2.3561899662017822,0.004363323096185923,0.05999999865889549,10.0,2324,0.0
2325,1788886720.589515,1788886720.589515,1081,1.5251259803771973,4.951659202575684,-2.3561899662017822,2.3561899662017822,0.004363323096185923,0.05999999865889549,10.0,2325,0.0
2326,1788886720.6390524,1788886720.6390524,1081,1.523313045501709,4.917562007904053,-2.3561899662017822,2.3561899662017822,0.004363323096185923,0.05999999865889549,10.0,2326,0.0
2327,1788886720.689692,1788886720.689692,1081,1.521481990814209,4.883594036102295,-2.3561899662017822,2.3561899662017822,0.004363323096185923,0.05999999865889549,10.0,2327,0.0
2328,1788886720.739059,1788886720.739059,1081,1.5196399688720703,4.850074768066406,-2.3561899662017822,2.3561899662017822,0.004363323096185923,0.05999999865889549,10.0,2328,0.0
2329,1788886720.7890818,1788886720.7890818,1081,1.5177890062332153,4.816866874694824,-2.3561899662017822,2.3561899662017822,0.004363323096185923,0.05999999865889549,10.0,2329,0.0
2330,1788886720.8392663,1788886720.8392663,1081,1.516124963760376,4.7837958335876465,-2.3561899662017822,2.3561899662017822,0.004363323096185923,0.05999999865889549,10.0,2330,0.0
2331,1788886720.8896909,1788886720.8896909,1081,1.5145900249481201,4.750951766967773,-2.3561899662017822,2.3561899662017822,0.004363323096185923,0.05999999865889549,10.0,2331,0.0
2332,1788886720.9390287,1788886720.9390287,1081,1.5133470296859741,4.718246936798096,-2.3561899662017822,2.3561899662017822,0.004363323096185923,0.05999999865889549,10.0,2332,0.0
2333,1788886720.9895205,1788886720.9895205,1081,1.5124269723892212,4.685997009277344,-2.3561899662017822,2.3561899662017822,0.004363323096185923,0.05999999865889549,10.0,2333,0.0
2334,1788886721.038939,1788886721.038939,1081,1.5117100477218628,4.654022216796875,-2.3561899662017822,2.3561899662017822,0.004363323096185923,0.05999999865889549,10.0,2334,0.0
2335,1788886721.089765,1788886721.089765,1081,1.5111689567565918,4.6222357749938965,-2.3561899662017822,2.3561899662017822,0.004363323096185923,0.05999999865889549,10.0,2335,0.0
2336,1788886721.1393087,1788886721.1393087,1081,1.5108840465545654,4.590583801269531,-2.3561899662017822,2.3561899662017822,0.004363323096185923,0.05999999865889549,10.0,2336,0.0
2337,1788886721.1892483,1788886721.1892483,1081,1.510625958442688,4.559144973754883,-2.3561899662017822,2.3561899662017822,0.004363323096185923,0.05999999865889549,10.0,2337,0.0
2338,1788886721.2389205,1788886721.2389205,1081,1.5103399753570557,4.527355194091797,-2.3561899662017822,2.3561899662017822,0.004363323096185923,0.05999999865889549,10.0,2338,0.0
2339,1788886721.2893229,1788886721.2893229,1081,1.5100289583206177,4.49565315246582,-2.3561899662017822,2.3561899662017822,0.004363323096185923,0.05999999865889549,10.0,2339,0.0
2340,1788886721.339735,1788886721.339735,1081,1.509708046913147,4.475298881530762,-2.3561899662017822,2.3561899662017822,0.004363323096185923,0.05999999865889549,10.0,2340,0.0
2341,1788886721.3892953,1788886721.3892953,1081,1.5093669891357422,4.459588050842285,-2.3561899662017822,2.3561899662017822,0.004363323096185923,0.05999999865889549,10.0,2341,0.0
2342,1788886721.4390454,1788886721.4390454,1081,1.5090090036392212,4.443871974945068,-2.3561899662017822,2.3561899662017822,0.004363323096185923,0.05999999865889549,10.0,2342,0.0
2343,1788886721.4892619,1788886721.4892619,1081,1.5086489915847778,4.412766933441162,-2.3561899662017822,2.3561899662017822,0.004363323096185923,0.05999999865889549,10.0,2343,0.0
2344,1788886721.5392835,1788886721.5392835,1081,1.5082889795303345,4.380764007568359,-2.3561899662017822,2.3561899662017822,0.004363323096185923,0.05999999865889549,10.0,2344,0.0
2345,1788886721.5889273,1788886721.5889273,1081,1.5079079866409302,4.364348888397217,-2.3561899662017822,2.3561899662017822,0.004363323096185923,0.05999999865889549,10.0,2345,0.0
2346,1788886721.6397696,1788886721.6397696,1081,1.5075169801712036,4.34791898727417,-2.3561899662017822,2.3561899662017822,0.004363323096185923,0.05999999865889549,10.0,2346,0.0
2347,1788886721.6913533,1788886721.6913533,1081,1.5071109533309937,4.331500053405762,-2.3561899662017822,2.3561899662017822,0.004363323096185923,0.05999999865889549,10.0,2347,0.0
2348,1788886721.7398095,1788886721.7398095,1081,1.5067119598388672,4.314705848693848,-2.3561899662017822,2.3561899662017822,0.004363323096185923,0.05999999865889549,10.0,2348,0.0
2349,1788886721.7889025,1788886721.7889025,1081,1.5062880516052246,4.297817230224609,-2.3561899662017822,2.3561899662017822,0.004363323096185923,0.05999999865889549,10.0,2349,0.0
2350,1788886721.8390944,1788886721.8390944,1081,1.5058590173721313,4.280892848968506,-2.3561899662017822,2.3561899662017822,0.004363323096185923,0.05999999865889549,10.0,2350,0.0
2351,1788886721.889626,1788886721.889626,1081,1.5054080486297607,4.263370037078857,-2.3561899662017822,2.3561899662017822,0.004363323096185923,0.05999999865889549,10.0,2351,0.0
2352,1788886721.9394836,1788886721.9394836,1081,1.5049489736557007,4.232348918914795,-2.3561899662017822,2.3561899662017822,0.004363323096185923,0.05999999865889549,10.0,2352,0.0
2353,1788886721.989394,1788886721.989394,1081,1.5044729709625244,4.2010650634765625,-2.3561899662017822,2.3561899662017822,0.004363323096185923,0.05999999865889549,10.0,2353,0.0
2354,1788886722.0390534,1788886722.0390534,1081,1.5025140047073364,4.184401035308838,-2.3561899662017822,2.3561899662017822,0.004363323096185923,0.05999999865889549,10.0,2354,0.0
2355,1788886722.0894222,1788886722.0894222,1081,1.5004010200500488,4.167720794677734,-2.3561899662017822,2.3561899662017822,0.004363323096185923,0.05999999865889549,10.0,2355,0.0
2356,1788886722.1390424,1788886722.1390424,1081,1.4952119588851929,4.1510539054870605,-2.3561899662017822,2.3561899662017822,0.004363323096185923,0.05999999865889549,10.0,2356,0.0
2357,1788886722.1892693,1788886722.1892693,1081,1.4880770444869995,4.134350776672363,-2.3561899662017822,2.3561899662017822,0.004363323096185923,0.05999999865889549,10.0,2357,0.0
2358,1788886722.2397554,1788886722.2397554,1081,1.4810680150985718,4.1171369552612305,-2.3561899662017822,2.3561899662017822,0.004363323096185923,0.05999999865889549,10.0,2358,0.0
2359,1788886722.2894745,1788886722.2894745,1081,1.4742519855499268,4.09974479675293,-2.3561899662017822,2.3561899662017822,0.004363323096185923,0.05999999865889549,10.0,2359,0.0
2360,1788886722.3389869,1788886722.3389869,1081,1.467829942703247,4.082334995269775,-2.3561899662017822,2.3561899662017822,0.004363323096185923,0.05999999865889549,10.0,2360,0.0
2361,1788886722.3891208,1788886722.3891208,1081,1.4615670442581177,4.057382106781006,-2.3561899662017822,2.3561899662017822,0.004363323096185923,0.05999999865889549,10.0,2361,0.0
2362,1788886722.4391997,1788886722.4391997,1081,1.4554729461669922,4.028448104858398,-2.3561899662017822,2.3561899662017822,0.004363323096185923,0.05999999865889549,10.0,2362,0.0
2363,1788886722.4894655,1788886722.4894655,1081,1.4496439695358276,4.00152587890625,-2.3561899662017822,2.3561899662017822,0.004363323096185923,0.05999999865889549,10.0,2363,0.0
2364,1788886722.5388684,1788886722.5388684,1081,1.443858027458191,3.9835588932037354,-2.3561899662017822,2.3561899662017822,0.004363323096185923,0.05999999865889549,10.0,2364,0.0
2365,1788886722.5888271,1788886722.5888271,1081,1.4380719661712646,3.9655439853668213,-2.3561899662017822,2.3561899662017822,0.004363323096185923,0.05999999865889549,10.0,2365,0.0
2366,1788886722.639578,1788886722.639578,1081,1.4322680234909058,3.9475278854370117,-2.3561899662017822,2.3561899662017822,0.004363323096185923,0.05999999865889549,10.0,2366,0.0
2367,1788886722.6891057,1788886722.6891057,1081,1.4264529943466187,3.929497003555298,-2.3561899662017822,2.3561899662017822,0.004363323096185923,0.05999999865889549,10.0,2367,0.0
2368,1788886722.7392273,1788886722.7392273,1081,1.420639991760254,3.911252021789551,-2.3561899662017822,2.3561899662017822,0.004363323096185923,0.05999999865889549,10.0,2368,0.0
2369,1788886722.7892365,1788886722.7892365,1081,1.4148160219192505,3.892970085144043,-2.3561899662017822,2.3561899662017822,0.004363323096185923,0.05999999865889549,10.0,2369,0.0
2370,1788886722.8393538,1788886722.8393538,1081,1.4089839458465576,3.8746449947357178,-2.3561899662017822,2.3561899662017822,0.004363323096185923,0.05999999865889549,10.0,2370,0.0
2371,1788886722.8895164,1788886722.8895164,1081,1.403143048286438,3.8562989234924316,-2.3561899662017822,2.3561899662017822,0.004363323096185923,0.05999999865889549,10.0,2371,0.0
2372,1788886722.939104,1788886722.939104,1081,1.3972870111465454,3.8379828929901123,-2.3561899662017822,2.3561899662017822,0.004363323096185923,0.05999999865889549,10.0,2372,0.0
2373,1788886722.9893253,1788886722.9893253,1081,1.3914539813995361,3.819024085998535,-2.3561899662017822,2.3561899662017822,0.004363323096185923,0.05999999865889549,10.0,2373,0.0
2374,1788886723.0391498,1788886723.0391498,1081,1.385612964630127,3.799875020980835,-2.3561899662017822,2.3561899662017822,0.004363323096185923,0.05999999865889549,10.0,2374,0.0
2375,1788886723.0890927,1788886723.0890927,1081,1.3797719478607178,3.780716896057129,-2.3561899662017822,2.3561899662017822,0.004363323096185923,0.05999999865889549,10.0,2375,0.0
2376,1788886723.1395783,1788886723.1395783,1081,1.3739290237426758,3.761547088623047,-2.3561899662017822,2.3561899662017822,0.004363323096185923,0.05999999865889549,10.0,2376,0.0
2377,1788886723.1890438,1788886723.1890438,1081,1.3680729866027832,3.741472005844116,-2.3561899662017822,2.3561899662017822,0.004363323096185923,0.05999999865889549,10.0,2377,0.0
2378,1788886723.2390454,1788886723.2390454,1081,1.36222505569458,3.7196099758148193,-2.3561899662017822,2.3561899662017822,0.004363323096185923,0.05999999865889549,10.0,2378,0.0
2379,1788886723.2890763,1788886723.2890763,1081,1.3563660383224487,3.6980669498443604,-2.3561899662017822,2.3561899662017822,0.004363323096185923,0.05999999865889549,10.0,2379,0.0
2380,1788886723.3395867,1788886723.3395867,1081,1.350504994392395,3.6765990257263184,-2.3561899662017822,2.3561899662017822,0.004363323096185923,0.05999999865889549,10.0,2380,0.0
2381,1788886723.388783,1788886723.388783,1081,1.3446450233459473,3.6551740169525146,-2.3561899662017822,2.3561899662017822,0.004363323096185923,0.05999999865889549,10.0,2381,0.0
2382,1788886723.439484,1788886723.439484,1081,1.3387789726257324,3.6338069438934326,-2.3561899662017822,2.3561899662017822,0.004363323096185923,0.05999999865889549,10.0,2382,0.0
2383,1788886723.4894388,1788886723.4894388,1081,1.332919955253601,3.613840103149414,-2.3561899662017822,2.3561899662017822,0.004363323096185923,0.05999999865889549,10.0,2383,0.0
2384,1788886723.5392027,1788886723.5392027,1081,1.3270690441131592,3.5944650173187256,-2.3561899662017822,2.3561899662017822,0.004363323096185923,0.05999999865889549,10.0,2384,0.0
2385,1788886723.589242,1788886723.589242,1081,1.32122004032135,3.575186014175415,-2.3561899662017822,2.3561899662017822,0.004363323096185923,0.05999999865889549,10.0,2385,0.0
2386,1788886723.6394463,1788886723.6394463,1081,1.3147369623184204,3.555833101272583,-2.3561899662017822,2.3561899662017822,0.004363323096185923,0.05999999865889549,10.0,2386,0.0
2387,1788886723.6897752,1788886723.6897752,1081,1.3062210083007812,3.536473035812378,-2.3561899662017822,2.3561899662017822,0.004363323096185923,0.05999999865889549,10.0,2387,0.0
2388,1788886723.7392867,1788886723.7392867,1081,1.2977089881896973,3.5175890922546387,-2.3561899662017822,2.3561899662017822,0.004363323096185923,0.05999999865889549,10.0,2388,0.0
2389,1788886723.7902892,1788886723.7902892,1081,1.2891980409622192,3.498913049697876,-2.3561899662017822,2.3561899662017822,0.004363323096185923,0.05999999865889549,10.0,2389,0.0
2390,1788886723.8403752,1788886723.8403752,1081,1.2806869745254517,3.480346918106079,-2.3561899662017822,2.3561899662017822,0.004363323096185923,0.05999999865889549,10.0,2390,0.0
2391,1788886723.8915644,1788886723.8915644,1081,1.2721740007400513,3.461158037185669,-2.3561899662017822,2.3561899662017822,0.004363323096185923,0.05999999865889549,10.0,2391,0.0
2392,1788886723.940785,1788886723.940785,1081,1.2636539936065674,3.4406559467315674,-2.3561899662017822,2.3561899662017822,0.004363323096185923,0.05999999865889549,10.0,2392,0.0
2393,1788886723.990392,1788886723.990392,1081,1.2551310062408447,3.4200029373168945,-2.3561899662017822,2.3561899662017822,0.004363323096185923,0.05999999865889549,10.0,2393,0.0
2394,1788886724.0397468,1788886724.0397468,1081,1.2466150522232056,3.3992929458618164,-2.3561899662017822,2.3561899662017822,0.004363323096185923,0.05999999865889549,10.0,2394,0.0
2395,1788886724.089396,1788886724.089396,1081,1.2380900382995605,3.3785760402679443,-2.3561899662017822,2.3561899662017822,0.004363323096185923,0.05999999865889549,10.0,2395,0.0
2396,1788886724.1390986,1788886724.1390986,1081,1.2295570373535156,3.3578898906707764,-2.3561899662017822,2.3561899662017822,0.004363323096185923,0.05999999865889549,10.0,2396,0.0
2397,1788886724.1897507,1788886724.1897507,1081,1.2210240364074707,3.337178945541382,-2.3561899662017822,2.3561899662017822,0.004363323096185923,0.05999999865889549,10.0,2397,0.0
2398,1788886724.239477,1788886724.239477,1081,1.2124899625778198,3.3163421154022217,-2.3561899662017822,2.3561899662017822,0.004363323096185923,0.05999999865889549,10.0,2398,0.0
2399,1788886724.289301,1788886724.289301,1081,1.2039599418640137,3.295454978942871,-2.3561899662017822,2.3561899662017822,0.004363323096185923,0.05999999865889549,10.0,2399,0.0
2400,1788886724.3389812,1788886724.3389812,1081,1.1954289674758911,3.2745490074157715,-2.3561899662017822,2.3561899662017822,0.004363323096185923,0.05999999865889549,10.0,2400,0.0
2401,1788886724.388947,1788886724.388947,1081,1.1868970394134521,3.2536470890045166,-2.3561899662017822,2.3561899662017822,0.004363323096185923,0.05999999865889549,10.0,2401,0.0
2402,1788886724.4395084,1788886724.4395084,1081,1.178367018699646,3.2327229976654053,-2.3561899662017822,2.3561899662017822,0.004363323096185923,0.05999999865889549,10.0,2402,0.0
2403,1788886724.4891357,1788886724.4891357,1081,1.1698399782180786,3.2116498947143555,-2.3561899662017822,2.3561899662017822,0.004363323096185923,0.05999999865889549,10.0,2403,0.0
2404,1788886724.5387998,1788886724.5387998,1081,1.1613130569458008,3.190532922744751,-2.3561899662017822,2.3561899662017822,0.004363323096185923,0.05999999865889549,10.0,2404,0.0
2405,1788886724.5894074,1788886724.5894074,1081,1.1527869701385498,3.1693930625915527,-2.3561899662017822,2.3561899662017822,0.004363323096185923,0.05999999865889549,10.0,2405,0.0
2406,1788886724.6395187,1788886724.6395187,1081,1.144258975982666,3.148266077041626,-2.3561899662017822,2.3561899662017822,0.004363323096185923,0.05999999865889549,10.0,2406,0.0
2407,1788886724.6888044,1788886724.6888044,1081,1.1357330083847046,3.127126932144165,-2.3561899662017822,2.3561899662017822,0.004363323096185923,0.05999999865889549,10.0,2407,0.0
2408,1788886724.7392867,1788886724.7392867,1081,1.1272159814834595,3.1055099964141846,-2.3561899662017822,2.3561899662017822,0.004363323096185923,0.05999999865889549,10.0,2408,0.0
2409,1788886724.7890987,1788886724.7890987,1081,1.1188329458236694,3.0836710929870605,-2.3561899662017822,2.3561899662017822,0.004363323096185923,0.05999999865889549,10.0,2409,0.0
2410,1788886724.8391714,1788886724.8391714,1081,1.1106829643249512,3.0685360431671143,-2.3561899662017822,2.3561899662017822,0.004363323096185923,0.05999999865889549,10.0,2410,0.0
2411,1788886724.8888814,1788886724.8888814,1081,1.1028310060501099,3.054409980773926,-2.3561899662017822,2.3561899662017822,0.004363323096185923,0.05999999865889549,10.0,2411,0.0
2412,1788886724.9397643,1788886724.9397643,1081,1.0953470468521118,3.039853096008301,-2.3561899662017822,2.3561899662017822,0.004363323096185923,0.05999999865889549,10.0,2412,0.0
2413,1788886724.9887493,1788886724.9887493,1081,1.0881439447402954,3.0182600021362305,-2.3561899662017822,2.3561899662017822,0.004363323096185923,0.05999999865889549,10.0,2413,0.0
2414,1788886725.039518,1788886725.039518,1081,1.0811749696731567,2.996809959411621,-2.3561899662017822,2.3561899662017822,0.004363323096185923,0.05999999865889549,10.0,2414,0.0
2415,1788886725.088743,1788886725.088743,1081,1.0744450092315674,2.9753429889678955,-2.3561899662017822,2.3561899662017822,0.004363323096185923,0.05999999865889549,10.0,2415,0.0
2416,1788886725.139823,1788886725.139823,1081,1.0677289962768555,2.953871011734009,-2.3561899662017822,2.3561899662017822,0.004363323096185923,0.05999999865889549,10.0,2416,0.0
2417,1788886725.1899445,1788886725.1899445,1081,1.0610140562057495,2.932387113571167,-2.3561899662017822,2.3561899662017822,0.004363323096185923,0.05999999865889549,10.0,2417,0.0
2418,1788886725.2388477,1788886725.2388477,1081,1.0543019771575928,2.9107859134674072,-2.3561899662017822,2.3561899662017822,0.004363323096185923,0.05999999865889549,10.0,2418,0.0
2419,1788886725.2896974,1788886725.2896974,1081,1.0475889444351196,2.8891420364379883,-2.3561899662017822,2.3561899662017822,0.004363323096185923,0.05999999865889549,10.0,2419,0.0
2420,1788886725.3393788,1788886725.3393788,1081,1.0408780574798584,2.867522954940796,-2.3561899662017822,2.3561899662017822,0.004363323096185923,0.05999999865889549,10.0,2420,0.0
2421,1788886725.3898518,1788886725.3898518,1081,1.0341650247573853,2.8458878993988037,-2.3561899662017822,2.3561899662017822,0.004363323096185923,0.05999999865889549,10.0,2421,0.0
2422,1788886725.4397027,1788886725.4397027,1081,1.0274529457092285,2.8242599964141846,-2.3561899662017822,2.3561899662017822,0.004363323096185923,0.05999999865889549,10.0,2422,0.0
2423,1788886725.489003,1788886725.489003,1081,1.0207350254058838,2.808267116546631,-2.3561899662017822,2.3561899662017822,0.004363323096185923,0.05999999865889549,10.0,2423,0.0
2424,1788886725.5397518,1788886725.5397518,1081,1.0140149593353271,2.792962074279785,-2.3561899662017822,2.3561899662017822,0.004363323096185923,0.05999999865889549,10.0,2424,0.0
2425,1788886725.5889165,1788886725.5889165,1081,1.0073000192642212,2.7777020931243896,-2.3561899662017822,2.3561899662017822,0.004363323096185923,0.05999999865889549,10.0,2425,0.0
2426,1788886725.6390254,1788886725.6390254,1081,1.0005760192871094,2.7581470012664795,-2.3561899662017822,2.3561899662017822,0.004363323096185923,0.05999999865889549,10.0,2426,0.0
2427,1788886725.6896815,1788886725.6896815,1081,0.9938414096832275,2.736509084701538,-2.3561899662017822,2.3561899662017822,0.004363323096185923,0.05999999865889549,10.0,2427,0.0
2428,1788886725.7389743,1788886725.7389743,1081,0.9870898127555847,2.7153160572052,-2.3561899662017822,2.3561899662017822,0.004363323096185923,0.05999999865889549,10.0,2428,0.0
2429,1788886725.7895024,1788886725.7895024,1081,0.980315625667572,2.6943070888519287,-2.3561899662017822,2.3561899662017822,0.004363323096185923,0.05999999865889549,10.0,2429,0.0
2430,1788886725.8405604,1788886725.8405604,1081,0.9735397100448608,2.6732900142669678,-2.3561899662017822,2.3561899662017822,0.004363323096185923,0.05999999865889549,10.0,2430,0.0
2431,1788886725.889003,1788886725.889003,1081,0.9667639136314392,2.652259111404419,-2.3561899662017822,2.3561899662017822,0.004363323096185923,0.05999999865889549,10.0,2431,0.0
2432,1788886725.939477,1788886725.939477,1081,0.9599887132644653,2.6312029361724854,-2.3561899662017822,2.3561899662017822,0.004363323096185923,0.05999999865889549,10.0,2432,0.0
2433,1788886725.9891527,1788886725.9891527,1081,0.9532127976417542,2.610142946243286,-2.3561899662017822,2.3561899662017822,0.004363323096185923,0.05999999865889549,10.0,2433,0.0
2434,1788886726.0394514,1788886726.0394514,1081,0.9464372992515564,2.5890729427337646,-2.3561899662017822,2.3561899662017822,0.004363323096185923,0.05999999865889549,10.0,2434,0.0
2435,1788886726.0894291,1788886726.0894291,1081,0.9396505951881409,2.5679969787597656,-2.3561899662017822,2.3561899662017822,0.004363323096185923,0.05999999865889549,10.0,2435,0.0
2436,1788886726.1389008,1788886726.1389008,1081,0.9328501224517822,2.5469210147857666,-2.3561899662017822,2.3561899662017822,0.004363323096185923,0.05999999865889549,10.0,2436,0.0
2437,1788886726.1891372,1788886726.1891372,1081,0.9260246753692627,2.525846004486084,-2.3561899662017822,2.3561899662017822,0.004363323096185923,0.05999999865889549,10.0,2437,0.0
2438,1788886726.2396364,1788886726.2396364,1081,0.9183740019798279,2.5053999423980713,-2.3561899662017822,2.3561899662017822,0.004363323096185923,0.05999999865889549,10.0,2438,0.0
2439,1788886726.2913022,1788886726.2913022,1081,0.9107245802879333,2.4887640476226807,-2.3561899662017822,2.3561899662017822,0.004363323096185923,0.05999999865889549,10.0,2439,0.0
2440,1788886726.341952,1788886726.341952,1081,0.9032385945320129,2.472548007965088,-2.3561899662017822,2.3561899662017822,0.004363323096185923,0.05999999865889549,10.0,2440,0.0
2441,1788886726.3910453,1788886726.3910453,1081,0.8960211277008057,2.4568560123443604,-2.3561899662017822,2.3561899662017822,0.004363323096185923,0.05999999865889549,10.0,2441,0.0
2442,1788886726.440028,1788886726.440028,1081,0.8888399004936218,2.4412050247192383,-2.3561899662017822,2.3561899662017822,0.004363323096185923,0.05999999865889549,10.0,2442,0.0
2443,1788886726.4903038,1788886726.4903038,1081,0.8816596269607544,2.4212589263916016,-2.3561899662017822,2.3561899662017822,0.004363323096185923,0.05999999865889549,10.0,2443,0.0
2444,1788886726.5403724,1788886726.5403724,1081,0.8744773864746094,2.4013030529022217,-2.3561899662017822,2.3561899662017822,0.004363323096185923,0.05999999865889549,10.0,2444,0.0
2445,1788886726.589612,1788886726.589612,1081,0.8672888278961182,2.381351947784424,-2.3561899662017822,2.3561899662017822,0.004363323096185923,0.05999999865889549,10.0,2445,0.0
2446,1788886726.6388218,1788886726.6388218,1081,0.8600894808769226,2.3614261150360107,-2.3561899662017822,2.3561899662017822,0.004363323096185923,0.05999999865889549,10.0,2446,0.0
2447,1788886726.688999,1788886726.688999,1081,0.8528897762298584,2.341478109359741,-2.3561899662017822,2.3561899662017822,0.004363323096185923,0.05999999865889549,10.0,2447,0.0
2448,1788886726.7390103,1788886726.7390103,1081,0.8456596732139587,2.322000026702881,-2.3561899662017822,2.3561899662017822,0.004363323096185923,0.05999999865889549,10.0,2448,0.0
2449,1788886726.788854,1788886726.788854,1081,0.8384168744087219,2.3026580810546875,-2.3561899662017822,2.3561899662017822,0.004363323096185923,0.05999999865889549,10.0,2449,0.0
2450,1788886726.8395658,1788886726.8395658,1081,0.8313562870025635,2.2837929725646973,-2.3561899662017822,2.3561899662017822,0.004363323096185923,0.05999999865889549,10.0,2450,0.0
2451,1788886726.888839,1788886726.888839,1081,0.8245463967323303,2.265630006790161,-2.3561899662017822,2.3561899662017822,0.004363323096185923,0.05999999865889549,10.0,2451,0.0
2452,1788886726.9389544,1788886726.9389544,1081,0.8177708983421326,2.2475481033325195,-2.3561899662017822,2.3561899662017822,0.004363323096185923,0.05999999865889549,10.0,2452,0.0
2453,1788886726.9896874,1788886726.9896874,1081,0.8110272884368896,2.2289390563964844,-2.3561899662017822,2.3561899662017822,0.004363323096185923,0.05999999865889549,10.0,2453,0.0
2454,1788886727.0391133,1788886727.0391133,1081,0.8042967915534973,2.210134983062744,-2.3561899662017822,2.3561899662017822,0.004363323096185923,0.05999999865889549,10.0,2454,0.0
2455,1788886727.0890052,1788886727.0890052,1081,0.7975565791130066,2.192193031311035,-2.3561899662017822,2.3561899662017822,0.004363323096185923,0.05999999865889549,10.0,2455,0.0
2456,1788886727.138865,1788886727.138865,1081,0.7908089756965637,2.178399085998535,-2.3561899662017822,2.3561899662017822,0.004363323096185923,0.05999999865889549,10.0,2456,0.0
2457,1788886727.188929,1788886727.188929,1081,0.7840604782104492,2.164623975753784,-2.3561899662017822,2.3561899662017822,0.004363323096185923,0.05999999865889549,10.0,2457,0.0
2458,1788886727.2388883,1788886727.2388883,1081,0.7773069739341736,2.150861978530884,-2.3561899662017822,2.3561899662017822,0.004363323096185923,0.05999999865889549,10.0,2458,0.0
2459,1788886727.289236,1788886727.289236,1081,0.770551323890686,2.1320340633392334,-2.3561899662017822,2.3561899662017822,0.004363323096185923,0.05999999865889549,10.0,2459,0.0
2460,1788886727.339066,1788886727.339066,1081,0.7637916207313538,2.1130669116973877,-2.3561899662017822,2.3561899662017822,0.004363323096185923,0.05999999865889549,10.0,2460,0.0
2461,1788886727.3889656,1788886727.3889656,1081,0.7570363879203796,2.0940968990325928,-2.3561899662017822,2.3561899662017822,0.004363323096185923,0.05999999865889549,10.0,2461,0.0
2462,1788886727.439015,1788886727.439015,1081,0.7502803802490234,2.07511305809021,-2.3561899662017822,2.3561899662017822,0.004363323096185923,0.05999999865889549,10.0,2462,0.0
2463,1788886727.4897287,1788886727.4897287,1081,0.7435083985328674,2.056320905685425,-2.3561899662017822,2.3561899662017822,0.004363323096185923,0.05999999865889549,10.0,2463,0.0
2464,1788886727.5390468,1788886727.5390468,1081,0.7367269992828369,2.037569046020508,-2.3561899662017822,2.3561899662017822,0.004363323096185923,0.05999999865889549,10.0,2464,0.0
2465,1788886727.588801,1788886727.588801,1081,0.7301337122917175,2.0193159580230713,-2.3561899662017822,2.3561899662017822,0.004363323096185923,0.05999999865889549,10.0,2465,0.0
2466,1788886727.6414251,1788886727.6414251,1081,0.7238010168075562,2.0017850399017334,-2.3561899662017822,2.3561899662017822,0.004363323096185923,0.05999999865889549,10.0,2466,0.0
2467,1788886727.6907806,1788886727.6907806,1081,0.717504620552063,1.9871859550476074,-2.3561899662017822,2.3561899662017822,0.004363323096185923,0.05999999865889549,10.0,2467,0.0
2468,1788886727.7398896,1788886727.7398896,1081,0.7112085819244385,1.9744009971618652,-2.3561899662017822,2.3561899662017822,0.004363323096185923,0.05999999865889549,10.0,2468,0.0
2469,1788886727.789361,1788886727.789361,1081,0.7049025297164917,1.9616529941558838,-2.3561899662017822,2.3561899662017822,0.004363323096185923,0.05999999865889549,10.0,2469,0.0
2470,1788886727.8396146,1788886727.8396146,1081,0.6985911130905151,1.9464739561080933,-2.3561899662017822,2.3561899662017822,0.004363323096185923,0.05999999865889549,10.0,2470,0.0
2471,1788886727.8900287,1788886727.8900287,1081,0.6922804117202759,1.9287919998168945,-2.3561899662017822,2.3561899662017822,0.004363323096185923,0.05999999865889549,10.0,2471,0.0
2472,1788886727.9401848,1788886727.9401848,1081,0.6859710812568665,1.9111000299453735,-2.3561899662017822,2.3561899662017822,0.004363323096185923,0.05999999865889549,10.0,2472,0.0
2473,1788886727.98992,1788886727.98992,1081,0.6796640753746033,1.8933320045471191,-2.3561899662017822,2.3561899662017822,0.004363323096185923,0.05999999865889549,10.0,2473,0.0
2474,1788886728.039154,1788886728.039154,1081,0.6733561754226685,1.8755340576171875,-2.3561899662017822,2.3561899662017822,0.004363323096185923,0.05999999865889549,10.0,2474,0.0
2475,1788886728.0892138,1788886728.0892138,1081,0.6672397255897522,1.858273983001709,-2.3561899662017822,2.3561899662017822,0.004363323096185923,0.05999999865889549,10.0,2475,0.0
2476,1788886728.1393867,1788886728.1393867,1081,0.6613836884498596,1.8417530059814453,-2.3561899662017822,2.3561899662017822,0.004363323096185923,0.05999999865889549,10.0,2476,0.0
2477,1788886728.1887603,1788886728.1887603,1081,0.6555622816085815,1.8279939889907837,-2.3561899662017822,2.3561899662017822,0.004363323096185923,0.05999999865889549,10.0,2477,0.0
2478,1788886728.239198,1788886728.239198,1081,0.6497547030448914,1.8172789812088013,-2.3561899662017822,2.3561899662017822,0.004363323096185923,0.05999999865889549,10.0,2478,0.0
2479,1788886728.289461,1788886728.289461,1081,0.6439443230628967,1.8057819604873657,-2.3561899662017822,2.3561899662017822,0.004363323096185923,0.05999999865889549,10.0,2479,0.0
2480,1788886728.339192,1788886728.339192,1081,0.6381301879882812,1.7889490127563477,-2.3561899662017822,2.3561899662017822,0.004363323096185923,0.05999999865889549,10.0,2480,0.0
2481,1788886728.3890405,1788886728.3890405,1081,0.6323152184486389,1.7721190452575684,-2.3561899662017822,2.3561899662017822,0.004363323096185923,0.05999999865889549,10.0,2481,0.0
2482,1788886728.439251,1788886728.439251,1081,0.6264997124671936,1.7576980590820312,-2.3561899662017822,2.3561899662017822,0.004363323096185923,0.05999999865889549,10.0,2482,0.0
2483,1788886728.4902115,1788886728.4902115,1081,0.6206719279289246,1.7459039688110352,-2.3561899662017822,2.3561899662017822,0.004363323096185923,0.05999999865889549,10.0,2483,0.0
2484,1788886728.5398314,1788886728.5398314,1081,0.6148307919502258,1.7340739965438843,-2.3561899662017822,2.3561899662017822,0.004363323096185923,0.05999999865889549,10.0,2484,0.0
2485,1788886728.5902364,1788886728.5902364,1081,0.6089891195297241,1.7222449779510498,-2.3561899662017822,2.3561899662017822,0.004363323096185923,0.05999999865889549,10.0,2485,0.0
2486,1788886728.6391835,1788886728.6391835,1081,0.6031481027603149,1.7104229927062988,-2.3561899662017822,2.3561899662017822,0.004363323096185923,0.05999999865889549,10.0,2486,0.0
2487,1788886728.6889002,1788886728.6889002,1081,0.5973067879676819,1.6986069679260254,-2.3561899662017822,2.3561899662017822,0.004363323096185923,0.05999999865889549,10.0,2487,0.0
2488,1788886728.738798,1788886728.738798,1081,0.5914661884307861,1.6868109703063965,-2.3561899662017822,2.3561899662017822,0.004363323096185923,0.05999999865889549,10.0,2488,0.0
2489,1788886728.7888796,1788886728.7888796,1081,0.5856248736381531,1.67501699924469,-2.3561899662017822,2.3561899662017822,0.004363323096185923,0.05999999865889549,10.0,2489,0.0
2490,1788886728.8391256,1788886728.8391256,1081,0.579984724521637,1.663653016090393,-2.3561899662017822,2.3561899662017822,0.004363323096185923,0.05999999865889549,10.0,2490,0.0
2491,1788886728.8895729,1788886728.8895729,1081,0.574599027633667,1.6527800559997559,-2.3561899662017822,2.3561899662017822,0.004363323096185923,0.05999999865889549,10.0,2491,0.0
2492,1788886728.939673,1788886728.939673,1081,0.5692437887191772,1.6419620513916016,-2.3561899662017822,2.3561899662017822,0.004363323096185923,0.05999999865889549,10.0,2492,0.0
2493,1788886728.9891055,1788886728.9891055,1081,0.5638883113861084,1.63115394115448,-2.3561899662017822,2.3561899662017822,0.004363323096185923,0.05999999865889549,10.0,2493,0.0
2494,1788886729.0647864,1788886729.0647864,1081,0.5558301210403442,1.6143970489501953,-2.3561899662017822,2.3561899662017822,0.004363323096185923,0.05999999865889549,10.0,2494,0.0
2495,1788886729.1144438,1788886729.1144438,1081,0.5504547953605652,1.6001570224761963,-2.3561899662017822,2.3561899662017822,0.004363323096185923,0.05999999865889549,10.0,2495,0.0
2496,1788886729.1646576,1788886729.1646576,1081,0.5450810194015503,1.5859220027923584,-2.3561899662017822,2.3561899662017822,0.004363323096185923,0.05999999865889549,10.0,2496,0.0
2497,1788886729.2148023,1788886729.2148023,1081,0.5397006273269653,1.5714080333709717,-2.3561899662017822,2.3561899662017822,0.004363323096185923,0.05999999865889549,10.0,2497,0.0
2498,1788886729.2645016,1788886729.2645016,1081,0.5342950820922852,1.5568939447402954,-2.3561899662017822,2.3561899662017822,0.004363323096185923,0.05999999865889549,10.0,2498,0.0
2499,1788886729.3144298,1788886729.3144298,1081,0.5288922190666199,1.5423890352249146,-2.3561899662017822,2.3561899662017822,0.004363323096185923,0.05999999865889549,10.0,2499,0.0
2500,1788886729.3644805,1788886729.3644805,1081,0.5234872102737427,1.5279029607772827,-2.3561899662017822,2.3561899662017822,0.004363323096185923,0.05999999865889549,10.0,2500,0.0
2501,1788886729.4165277,1788886729.4165277,1081,0.5180835723876953,1.5134340524673462,-2.3561899662017822,2.3561899662017822,0.004363323096185923,0.05999999865889549,10.0,2501,0.0
2502,1788886729.4651897,1788886729.4651897,1081,0.5126816034317017,1.4990710020065308,-2.3561899662017822,2.3561899662017822,0.004363323096185923,0.05999999865889549,10.0,2502,0.0
2503,1788886729.5143178,1788886729.5143178,1081,0.507280170917511,1.4847700595855713,-2.3561899662017822,2.3561899662017822,0.004363323096185923,0.05999999865889549,10.0,2503,0.0
2504,1788886729.5645802,1788886729.5645802,1081,0.5018786787986755,1.4704760313034058,-2.3561899662017822,2.3561899662017822,0.004363323096185923,0.05999999865889549,10.0,2504,0.0
2505,1788886729.6145358,1788886729.6145358,1081,0.4966748058795929,1.4567079544067383,-2.3561899662017822,2.3561899662017822,0.004363323096185923,0.05999999865889549,10.0,2505,0.0
2506,1788886729.666,1788886729.666,1081,0.49173370003700256,1.4436659812927246,-2.3561899662017822,2.3561899662017822,0.004363323096185923,0.05999999865889549,10.0,2506,0.0
2507,1788886729.7157202,1788886729.7157202,1081,0.4819101095199585,1.4177360534667969,-2.3561899662017822,2.3561899662017822,0.004363323096185923,0.05999999865889549,10.0,2507,0.0
2508,1788886729.8138335,1788886729.8138335,1081,0.47699761390686035,1.4047859907150269,-2.3561899662017822,2.3561899662017822,0.004363323096185923,0.05999999865889549,10.0,2508,0.0
2509,1788886729.8637412,1788886729.8637412,1081,0.47208109498023987,1.3918379545211792,-2.3561899662017822,2.3561899662017822,0.004363323096185923,0.05999999865889549,10.0,2509,0.0
2510,1788886729.9158661,1788886729.9158661,1081,0.46714910864830017,1.378957986831665,-2.3561899662017822,2.3561899662017822,0.004363323096185923,0.05999999865889549,10.0,2510,0.0
2511,1788886729.9660523,1788886729.9660523,1081,0.4622117877006531,1.3659290075302124,-2.3561899662017822,2.3561899662017822,0.004363323096185923,0.05999999865889549,10.0,2511,0.0
2512,1788886730.0150461,1788886730.0150461,1081,0.45727109909057617,1.352849006652832,-2.3561899662017822,2.3561899662017822,0.004363323096185923,0.05999999865889549,10.0,2512,0.0
2513,1788886730.066024,1788886730.066024,1081,0.45232871174812317,1.339779019355774,-2.3561899662017822,2.3561899662017822,0.004363323096185923,0.05999999865889549,10.0,2513,0.0
2514,1788886730.1158721,1788886730.1158721,1081,0.4473820924758911,1.3267430067062378,-2.3561899662017822,2.3561899662017822,0.004363323096185923,0.05999999865889549,10.0,2514,0.0
2515,1788886730.165738,1788886730.165738,1081,0.4424231946468353,1.3137630224227905,-2.3561899662017822,2.3561899662017822,0.004363323096185923,0.05999999865889549,10.0,2515,0.0
2516,1788886730.2161634,1788886730.2161634,1081,0.43747788667678833,1.300845980644226,-2.3561899662017822,2.3561899662017822,0.004363323096185923,0.05999999865889549,10.0,2516,0.0
2517,1788886730.265278,1788886730.265278,1081,0.432524710893631,1.2879960536956787,-2.3561899662017822,2.3561899662017822,0.004363323096185923,0.05999999865889549,10.0,2517,0.0
2518,1788886730.3152304,1788886730.3152304,1081,0.4275689125061035,1.275169014930725,-2.3561899662017822,2.3561899662017822,0.004363323096185923,0.05999999865889549,10.0,2518,0.0
2519,1788886730.364279,1788886730.364279,1081,0.4226134121417999,1.2623499631881714,-2.3561899662017822,2.3561899662017822,0.004363323096185923,0.05999999865889549,10.0,2519,0.0
2520,1788886730.4142468,1788886730.4142468,1081,0.4176577925682068,1.2495319843292236,-2.3561899662017822,2.3561899662017822,0.004363323096185923,0.05999999865889549,10.0,2520,0.0
2521,1788886730.4640372,1788886730.4640372,1081,0.4127056896686554,1.2368099689483643,-2.3561899662017822,2.3561899662017822,0.004363323096185923,0.05999999865889549,10.0,2521,0.0
2522,1788886730.514697,1788886730.514697,1081,0.4077532887458801,1.2241230010986328,-2.3561899662017822,2.3561899662017822,0.004363323096185923,0.05999999865889549,10.0,2522,0.0
2523,1788886730.564225,1788886730.564225,1081,0.402801513671875,1.2114499807357788,-2.3561899662017822,2.3561899662017822,0.004363323096185923,0.05999999865889549,10.0,2523,0.0
2524,1788886730.6146905,1788886730.6146905,1081,0.39804980158805847,1.1993000507354736,-2.3561899662017822,2.3561899662017822,0.004363323096185923,0.05999999865889549,10.0,2524,0.0
2525,1788886730.6646833,1788886730.6646833,1081,0.39366111159324646,1.1878410577774048,-2.3561899662017822,2.3561899662017822,0.004363323096185923,0.05999999865889549,10.0,2525,0.0
2526,1788886730.7142844,1788886730.7142844,1081,0.3895393908023834,1.1762549877166748,-2.3561899662017822,2.3561899662017822,0.004363323096185923,0.05999999865889549,10.0,2526,0.0
2527,1788886730.764388,1788886730.764388,1081,0.38570159673690796,1.1646089553833008,-2.3561899662017822,2.3561899662017822,0.004363323096185923,0.05999999865889549,10.0,2527,0.0
2528,1788886730.814443,1788886730.814443,1081,0.38217461109161377,1.1529749631881714,-2.3561899662017822,2.3561899662017822,0.004363323096185923,0.05999999865889549,10.0,2528,0.0
2529,1788886730.864143,1788886730.864143,1081,0.37890928983688354,1.141361951828003,-2.3561899662017822,2.3561899662017822,0.004363323096185923,0.05999999865889549,10.0,2529,0.0
2530,1788886730.9145072,1788886730.9145072,1081,0.3759492039680481,1.1297669410705566,-2.3561899662017822,2.3561899662017822,0.004363323096185923,0.05999999865889549,10.0,2530,0.0
2531,1788886730.9642925,1788886730.9642925,1081,0.37311309576034546,1.1181999444961548,-2.3561899662017822,2.3561899662017822,0.004363323096185923,0.05999999865889549,10.0,2531,0.0
2532,1788886731.0147622,1788886731.0147622,1081,0.37026649713516235,1.1066960096359253,-2.3561899662017822,2.3561899662017822,0.004363323096185923,0.05999999865889549,10.0,2532,0.0
2533,1788886731.0643992,1788886731.0643992,1081,0.3674089014530182,1.095221996307373,-2.3561899662017822,2.3561899662017822,0.004363323096185923,0.05999999865889549,10.0,2533,0.0
2534,1788886731.1142597,1788886731.1142597,1081,0.364551305770874,1.0837689638137817,-2.3561899662017822,2.3561899662017822,0.004363323096185923,0.05999999865889549,10.0,2534,0.0
2535,1788886731.1639872,1788886731.1639872,1081,0.36169418692588806,1.0723299980163574,-2.3561899662017822,2.3561899662017822,0.004363323096185923,0.05999999865889549,10.0,2535,0.0
2536,1788886731.214409,1788886731.214409,1081,0.35880139470100403,1.0607199668884277,-2.3561899662017822,2.3561899662017822,0.004363323096185923,0.05999999865889549,10.0,2536,0.0
2537,1788886731.2652838,1788886731.2652838,1081,0.3558953106403351,1.0490649938583374,-2.3561899662017822,2.3561899662017822,0.004363323096185923,0.05999999865889549,10.0,2537,0.0
2538,1788886731.31497,1788886731.31497,1081,0.35299059748649597,1.037438988685608,-2.3561899662017822,2.3561899662017822,0.004363323096185923,0.05999999865889549,10.0,2538,0.0
2539,1788886731.3662827,1788886731.3662827,1081,0.35020700097084045,1.0263750553131104,-2.3561899662017822,2.3561899662017822,0.004363323096185923,0.05999999865889549,10.0,2539,0.0
2540,1788886731.4158056,1788886731.4158056,1081,0.34759488701820374,1.016044020652771,-2.3561899662017822,2.3561899662017822,0.004363323096185923,0.05999999865889549,10.0,2540,0.0
2541,1788886731.4657109,1788886731.4657109,1081,0.3449713885784149,1.0056020021438599,-2.3561899662017822,2.3561899662017822,0.004363323096185923,0.05999999865889549,10.0,2541,0.0
2542,1788886731.5147657,1788886731.5147657,1081,0.3423236012458801,0.9951574206352234,-2.3561899662017822,2.3561899662017822,0.004363323096185923,0.05999999865889549,10.0,2542,0.0
2543,1788886731.5642235,1788886731.5642235,1081,0.3396669030189514,0.9847509860992432,-2.3561899662017822,2.3561899662017822,0.004363323096185923,0.05999999865889549,10.0,2543,0.0
2544,1788886731.615125,1788886731.615125,1081,0.3370087146759033,0.9743725061416626,-2.3561899662017822,2.3561899662017822,0.004363323096185923,0.05999999865889549,10.0,2544,0.0
2545,1788886731.6643536,1788886731.6643536,1081,0.33435070514678955,0.9640145897865295,-2.3561899662017822,2.3561899662017822,0.004363323096185923,0.05999999865889549,10.0,2545,0.0
2546,1788886731.7142787,1788886731.7142787,1081,0.3316532075405121,0.9534741044044495,-2.3561899662017822,2.3561899662017822,0.004363323096185923,0.05999999865889549,10.0,2546,0.0
2547,1788886731.7644703,1788886731.7644703,1081,0.32893210649490356,0.9429416060447693,-2.3561899662017822,2.3561899662017822,0.004363323096185923,0.05999999865889549,10.0,2547,0.0
2548,1788886731.8138535,1788886731.8138535,1081,0.32620969414711,0.932439923286438,-2.3561899662017822,2.3561899662017822,0.004363323096185923,0.05999999865889549,10.0,2548,0.0
2549,1788886731.8648243,1788886731.8648243,1081,0.3234821856021881,0.9219862222671509,-2.3561899662017822,2.3561899662017822,0.004363323096185923,0.05999999865889549,10.0,2549,0.0
2550,1788886731.9139817,1788886731.9139817,1081,0.3207288086414337,0.9116066098213196,-2.3561899662017822,2.3561899662017822,0.004363323096185923,0.05999999865889549,10.0,2550,0.0
2551,1788886731.9649124,1788886731.9649124,1081,0.31794270873069763,0.9010298848152161,-2.3561899662017822,2.3561899662017822,0.004363323096185923,0.05999999865889549,10.0,2551,0.0
2552,1788886732.0160604,1788886732.0160604,1081,0.3151257038116455,0.8904790282249451,-2.3561899662017822,2.3561899662017822,0.004363323096185923,0.05999999865889549,10.0,2552,0.0
2553,1788886732.0661633,1788886732.0661633,1081,0.31230631470680237,0.8799707889556885,-2.3561899662017822,2.3561899662017822,0.004363323096185923,0.05999999865889549,10.0,2553,0.0
2554,1788886732.1161172,1788886732.1161172,1081,0.3094809055328369,0.8695210814476013,-2.3561899662017822,2.3561899662017822,0.004363323096185923,0.05999999865889549,10.0,2554,0.0
2555,1788886732.16693,1788886732.16693,1081,0.3066413104534149,0.8591659069061279,-2.3561899662017822,2.3561899662017822,0.004363323096185923,0.05999999865889549,10.0,2555,0.0
2556,1788886732.215935,1788886732.215935,1081,0.30377110838890076,0.8487529158592224,-2.3561899662017822,2.3561899662017822,0.004363323096185923,0.05999999865889549,10.0,2556,0.0
2557,1788886732.2654867,1788886732.2654867,1081,0.3008863031864166,0.8383560180664062,-2.3561899662017822,2.3561899662017822,0.004363323096185923,0.05999999865889549,10.0,2557,0.0
2558,1788886732.3162272,1788886732.3162272,1081,0.29798218607902527,0.8280627131462097,-2.3561899662017822,2.3561899662017822,0.004363323096185923,0.05999999865889549,10.0,2558,0.0
2559,1788886732.3669627,1788886732.3669627,1081,0.2952131927013397,0.8183401226997375,-2.3561899662017822,2.3561899662017822,0.004363323096185923,0.05999999865889549,10.0,2559,0.0
2560,1788886732.414917,1788886732.414917,1081,0.29264339804649353,0.8093731999397278,-2.3561899662017822,2.3561899662017822,0.004363323096185923,0.05999999865889549,10.0,2560,0.0
2561,1788886732.464044,1788886732.464044,1081,0.29005900025367737,0.8003913760185242,-2.3561899662017822,2.3561899662017822,0.004363323096185923,0.05999999865889549,10.0,2561,0.0
2562,1788886732.5146105,1788886732.5146105,1081,0.2874554991722107,0.7914355993270874,-2.3561899662017822,2.3561899662017822,0.004363323096185923,0.05999999865889549,10.0,2562,0.0
2563,1788886732.5647342,1788886732.5647342,1081,0.2848362922668457,0.7825562953948975,-2.3561899662017822,2.3561899662017822,0.004363323096185923,0.05999999865889549,10.0,2563,0.0
2564,1788886732.6139054,1788886732.6139054,1081,0.28220629692077637,0.7737128734588623,-2.3561899662017822,2.3561899662017822,0.004363323096185923,0.05999999865889549,10.0,2564,0.0
2565,1788886732.6641405,1788886732.6641405,1081,0.2795636057853699,0.7649493217468262,-2.3561899662017822,2.3561899662017822,0.004363323096185923,0.05999999865889549,10.0,2565,0.0
2566,1788886732.714692,1788886732.714692,1081,0.27688491344451904,0.756079375743866,-2.3561899662017822,2.3561899662017822,0.004363323096185923,0.05999999865889549,10.0,2566,0.0
2567,1788886732.765,1788886732.765,1081,0.27417320013046265,0.74726402759552,-2.3561899662017822,2.3561899662017822,0.004363323096185923,0.05999999865889549,10.0,2567,0.0
2568,1788886732.8152394,1788886732.8152394,1081,0.2714586853981018,0.7385104894638062,-2.3561899662017822,2.3561899662017822,0.004363323096185923,0.05999999865889549,10.0,2568,0.0
2569,1788886732.8649547,1788886732.8649547,1081,0.26873311400413513,0.7298352718353271,-2.3561899662017822,2.3561899662017822,0.004363323096185923,0.05999999865889549,10.0,2569,0.0
2570,1788886732.9162312,1788886732.9162312,1081,0.26598820090293884,0.7212228178977966,-2.3561899662017822,2.3561899662017822,0.004363323096185923,0.05999999865889549,10.0,2570,0.0
2571,1788886732.9661918,1788886732.9661918,1081,0.263221800327301,0.7126340270042419,-2.3561899662017822,2.3561899662017822,0.004363323096185923,0.05999999865889549,10.0,2571,0.0
2572,1788886733.0168648,1788886733.0168648,1081,0.260444700717926,0.7041003108024597,-2.3561899662017822,2.3561899662017822,0.004363323096185923,0.05999999865889549,10.0,2572,0.0
2573,1788886733.0670974,1788886733.0670974,1081,0.25765249133110046,0.6956648826599121,-2.3561899662017822,2.3561899662017822,0.004363323096185923,0.05999999865889549,10.0,2573,0.0
2574,1788886733.116925,1788886733.116925,1081,0.25485679507255554,0.6872814893722534,-2.3561899662017822,2.3561899662017822,0.004363323096185923,0.05999999865889549,10.0,2574,0.0
2575,1788886733.1668696,1788886733.1668696,1081,0.25204309821128845,0.6789973974227905,-2.3561899662017822,2.3561899662017822,0.004363323096185923,0.05999999865889549,10.0,2575,0.0
2576,1788886733.2161982,1788886733.2161982,1081,0.2491205930709839,0.6704220771789551,-2.3561899662017822,2.3561899662017822,0.004363323096185923,0.05999999865889549,10.0,2576,0.0
2577,1788886733.2653363,1788886733.2653363,1081,0.2461131066083908,0.6617926955223083,-2.3561899662017822,2.3561899662017822,0.004363323096185923,0.05999999865889549,10.0,2577,0.0
2578,1788886733.3157384,1788886733.3157384,1081,0.24309009313583374,0.6532849073410034,-2.3561899662017822,2.3561899662017822,0.004363323096185923,0.05999999865889549,10.0,2578,0.0
2579,1788886733.3661416,1788886733.3661416,1081,0.24004870653152466,0.6448792815208435,-2.3561899662017822,2.3561899662017822,0.004363323096185923,0.05999999865889549,10.0,2579,0.0
2580,1788886733.4161785,1788886733.4161785,1081,0.2369880974292755,0.6365817785263062,-2.3561899662017822,2.3561899662017822,0.004363323096185923,0.05999999865889549,10.0,2580,0.0
2581,1788886733.4677901,1788886733.4677901,1081,0.23387980461120605,0.6282945871353149,-2.3561899662017822,2.3561899662017822,0.004363323096185923,0.05999999865889549,10.0,2581,0.0
2582,1788886733.5162182,1788886733.5162182,1081,0.23074080049991608,0.6200935244560242,-2.3561899662017822,2.3561899662017822,0.004363323096185923,0.05999999865889549,10.0,2582,0.0
2583,1788886733.5662675,1788886733.5662675,1081,0.22758430242538452,0.6120219230651855,-2.3561899662017822,2.3561899662017822,0.004363323096185923,0.05999999865889549,10.0,2583,0.0
2584,1788886733.615763,1788886733.615763,1081,0.22458679974079132,0.6045135259628296,-2.3561899662017822,2.3561899662017822,0.004363323096185923,0.05999999865889549,10.0,2584,0.0
2585,1788886733.6651716,1788886733.6651716,1081,0.2218277007341385,0.5977085828781128,-2.3561899662017822,2.3561899662017822,0.004363323096185923,0.05999999865889549,10.0,2585,0.0
2586,1788886733.7146955,1788886733.7146955,1081,0.21908420324325562,0.591083288192749,-2.3561899662017822,2.3561899662017822,0.004363323096185923,0.05999999865889549,10.0,2586,0.0
2587,1788886733.76399,1788886733.76399,1081,0.21634319424629211,0.5845171809196472,-2.3561899662017822,2.3561899662017822,0.004363323096185923,0.05999999865889549,10.0,2587,0.0
2588,1788886733.8146982,1788886733.8146982,1081,0.21358069777488708,0.5780503749847412,-2.3561899662017822,2.3561899662017822,0.004363323096185923,0.05999999865889549,10.0,2588,0.0
2589,1788886733.864727,1788886733.864727,1081,0.21081329882144928,0.5716524124145508,-2.3561899662017822,2.3561899662017822,0.004363323096185923,0.05999999865889549,10.0,2589,0.0
2590,1788886733.9139233,1788886733.9139233,1081,0.20802989602088928,0.5653325915336609,-2.3561899662017822,2.3561899662017822,0.004363323096185923,0.05999999865889549,10.0,2590,0.0
2591,1788886733.964356,1788886733.964356,1081,0.20525120198726654,0.5591027140617371,-2.3561899662017822,2.3561899662017822,0.004363323096185923,0.05999999865889549,10.0,2591,0.0
2592,1788886734.0138133,1788886734.0138133,1081,0.2024565041065216,0.5529549717903137,-2.3561899662017822,2.3561899662017822,0.004363323096185923,0.05999999865889549,10.0,2592,0.0
2593,1788886734.0643053,1788886734.0643053,1081,0.19964760541915894,0.5446488857269287,-2.3561899662017822,2.3561899662017822,0.004363323096185923,0.05999999865889549,10.0,2593,0.0
2594,1788886734.113867,1788886734.113867,1081,0.19682389497756958,0.5357913970947266,-2.3561899662017822,2.3561899662017822,0.004363323096185923,0.05999999865889549,10.0,2594,0.0
2595,1788886734.1644115,1788886734.1644115,1081,0.19399450719356537,0.5270311236381531,-2.3561899662017822,2.3561899662017822,0.004363323096185923,0.05999999865889549,10.0,2595,0.0
2596,1788886734.2144558,1788886734.2144558,1081,0.19116149842739105,0.5183985829353333,-2.3561899662017822,2.3561899662017822,0.004363323096185923,0.05999999865889549,10.0,2596,0.0
2597,1788886734.2646189,1788886734.2646189,1081,0.18831470608711243,0.5099024176597595,-2.3561899662017822,2.3561899662017822,0.004363323096185923,0.05999999865889549,10.0,2597,0.0
2598,1788886734.3140445,1788886734.3140445,1081,0.18546409904956818,0.5014796257019043,-2.3561899662017822,2.3561899662017822,0.004363323096185923,0.05999999865889549,10.0,2598,0.0
2599,1788886734.3645434,1788886734.3645434,1081,0.18259939551353455,0.49316760897636414,-2.3561899662017822,2.3561899662017822,0.004363323096185923,0.05999999865889549,10.0,2599,0.0
2600,1788886734.4139318,1788886734.4139318,1081,0.179728701710701,0.484948992729187,-2.3561899662017822,2.3561899662017822,0.004363323096185923,0.05999999865889549,10.0,2600,0.0
2601,1788886734.4650226,1788886734.4650226,1081,0.17714160680770874,0.47748199105262756,-2.3561899662017822,2.3561899662017822,0.004363323096185923,0.05999999865889549,10.0,2601,0.0
2602,1788886734.5139456,1788886734.5139456,1081,0.17470380663871765,0.47007980942726135,-2.3561899662017822,2.3561899662017822,0.004363323096185923,0.05999999865889549,10.0,2602,0.0
2603,1788886734.5642686,1788886734.5642686,1037,1.0964369773864746,9.951452255249023,-2.3561899662017822,2.3561899662017822,0.004363323096185923,0.05999999865889549,10.0,2603,0.0
2604,1788886734.6140666,1788886734.6140666,1037,1.093572974205017,9.944035530090332,-2.3561899662017822,2.3561899662017822,0.004363323096185923,0.05999999865889549,10.0,2604,0.0
2605,1788886734.6658833,1788886734.6658833,1037,1.0935930013656616,9.944051742553711,-2.3561899662017822,2.3561899662017822,0.004363323096185923,0.05999999865889549,10.0,2605,0.0
2606,1788886734.7159061,1788886734.7159061,1037,1.0936319828033447,9.944127082824707,-2.3561899662017822,2.3561899662017822,0.004363323096185923,0.05999999865889549,10.0,2606,0.0
2607,1788886734.7646399,1788886734.7646399,1037,1.0936620235443115,9.94420337677002,-2.3561899662017822,2.3561899662017822,0.004363323096185923,0.05999999865889549,10.0,2607,0.0
2608,1788886734.8140728,1788886734.8140728,1037,1.0936729907989502,9.944230079650879,-2.3561899662017822,2.3561899662017822,0.004363323096185923,0.05999999865889549,10.0,2608,0.0
