[INFO] [launch]: All log files can be found below /root/.ros/log/2026-09-15-12-02-57-808115-ExternalDrive-97
[INFO] [launch]: Default logging verbosity is set to INFO
[INFO] [launch.user]: controller=pure_pursuit custom_amcl=True rviz=False
[INFO] [autodrive_bridge_40hz-1]: process started with pid [206]
[INFO] [sensor_odometry_node-2]: process started with pid [208]
[INFO] [ekf_localization_node-3]: process started with pid [210]
[INFO] [map_server-4]: process started with pid [212]
[INFO] [lifecycle_manager-5]: process started with pid [214]
[INFO] [gpu_amcl_cpp_node-6]: process started with pid [216]
[INFO] [ground_truth_amcl_monitor-7]: process started with pid [218]
[INFO] [model_id_timing_recorder-8]: process started with pid [220]
[INFO] [component_container-9]: process started with pid [222]
[INFO] [actuator_interface-10]: process started with pid [224]
[lifecycle_manager-5] [INFO] [1789473779.842250206] [lifecycle_manager_map]: Creating
[ekf_localization_node-3] [INFO] [1789473779.843394861] [ekf_localization]: Local odometry trust filter ready: /odom -> /ekf_odom and /ekf_pose in frame odom; reset events=/autodrive/reset_command
[map_server-4] [INFO] [1789473779.855619211] [map_server]: 
[map_server-4] 	map_server lifecycle node launched. 
[map_server-4] 	Waiting on external lifecycle transitions to activate
[map_server-4] 	See https://design.ros2.org/articles/node_lifecycle.html for more information.
[map_server-4] [INFO] [1789473779.859412232] [map_server]: Creating
[sensor_odometry_node-2] [INFO] [1789473779.862211334] [sensor_odometry]: Deterministic odometry observer: exact timestamp packets, encoders + IMU only
[lifecycle_manager-5] [INFO] [1789473779.862249319] [lifecycle_manager_map]: [34m[1mCreating and initializing lifecycle service clients[0m[0m
[lifecycle_manager-5] [INFO] [1789473779.898010276] [lifecycle_manager_map]: [34m[1mStarting managed nodes bringup...[0m[0m
[lifecycle_manager-5] [INFO] [1789473779.898082315] [lifecycle_manager_map]: [34m[1mConfiguring map_server[0m[0m
[map_server-4] [INFO] [1789473779.898479365] [map_server]: Configuring
[map_server-4] [INFO] [1789473779.898580889] [map_io]: Loading yaml file: /workspace/src/f1tenth_planning/maps/autodrive_track_ftg_commit_20260909_025m.yaml
[map_server-4] [INFO] [1789473779.909799601] [map_io]: resolution: 0.025
[map_server-4] [INFO] [1789473779.909831591] [map_io]: origin[0]: -6.82
[map_server-4] [INFO] [1789473779.909838528] [map_io]: origin[1]: -12.3
[map_server-4] [INFO] [1789473779.909843771] [map_io]: origin[2]: 0
[map_server-4] [INFO] [1789473779.909849425] [map_io]: free_thresh: 0.25
[map_server-4] [INFO] [1789473779.909854528] [map_io]: occupied_thresh: 0.65
[map_server-4] [INFO] [1789473779.909861104] [map_io]: mode: trinary
[map_server-4] [INFO] [1789473779.909867661] [map_io]: negate: 0
[component_container-9] [INFO] [1789473779.940064309] [controller_container]: Load Library: /workspace/src/install/lib/libpure_pursuit_node.so
[map_server-4] [INFO] [1789473779.943803596] [map_io]: Loading image_file: /workspace/src/f1tenth_planning/maps/autodrive_track_ftg_commit_20260909_025m.pgm
[component_container-9] [INFO] [1789473779.972812571] [controller_container]: Found class: rclcpp_components::NodeFactoryTemplate<f1tenth_control::PurePursuitNode>
[component_container-9] [INFO] [1789473779.972875659] [controller_container]: Instantiate class: rclcpp_components::NodeFactoryTemplate<f1tenth_control::PurePursuitNode>
[component_container-9] [INFO] [1789473779.980935622] [pure_pursuit_node]: Initializing Pure Pursuit Node
[map_server-4] [INFO] [1789473779.983455147] [map_io]: Read map /workspace/src/f1tenth_planning/maps/autodrive_track_ftg_commit_20260909_025m.pgm: 349 X 877 map @ 0.025 m/cell
[lifecycle_manager-5] [INFO] [1789473779.989085992] [lifecycle_manager_map]: [34m[1mActivating map_server[0m[0m
[map_server-4] [INFO] [1789473779.989238723] [map_server]: Activating
[map_server-4] [INFO] [1789473779.989926468] [map_server]: Creating bond (map_server) to lifecycle manager.
[component_container-9] [INFO] [1789473779.994705077] [pure_pursuit_node]: Loaded trajectory with 2586 waypoints (51.7 m)
[component_container-9] [INFO] [1789473780.011435735] [pure_pursuit_node]: Pure Pursuit Node initialized
[component_container-9] [INFO] [1789473780.011491935] [pure_pursuit_node]:   Trajectory: /workspace/src/f1tenth_planning/trajectories/autodrive_track_ftg_commit_20260909_025m_mintime_raceline.csv (2586 points)
[INFO] [launch_ros.actions.load_composable_nodes]: Loaded node '/pure_pursuit_node' in container '/controller_container'
[component_container-9] [INFO] [1789473780.011517889] [pure_pursuit_node]:   Lookahead: 0.75 - 1.10 m (gain: 0.05)
[component_container-9] [INFO] [1789473780.011541107] [pure_pursuit_node]:   Max speed cap: 12.00 m/s
[component_container-9] [INFO] [1789473780.011552967] [pure_pursuit_node]:   Lookahead adapt: cte_weight=1.00 cte_gain=0.042 curvature_gain=1.900
[component_container-9] [INFO] [1789473780.011565528] [pure_pursuit_node]:   Speed adapt: curvature_factor=0.102 floor_ratio=0.52
[component_container-9] [INFO] [1789473780.011576736] [pure_pursuit_node]:   Speed adapt (CTE): factor=1.500 floor_ratio=0.55
[component_container-9] [INFO] [1789473780.011587794] [pure_pursuit_node]:   Speed limits: max_lat_accel=6.50 min_reg_speed=0.00
[component_container-9] [INFO] [1789473780.011598119] [pure_pursuit_node]:   Yaw-rate damping: 0.000 s
[component_container-9] [INFO] [1789473780.011607613] [pure_pursuit_node]:   Target-heading turn-in gain: 0.000
[component_container-9] [INFO] [1789473780.011619352] [pure_pursuit_node]:   Command shaping: steer_rate=3.20 accel=3.00 decel=8.00
[component_container-9] [INFO] [1789473780.011632335] [pure_pursuit_node]:   Startup speed ramp: 1.50 -> 12.00 m/s over 1.00 lap(s)
[component_container-9] [INFO] [1789473780.011644314] [pure_pursuit_node]:   Pose: /current_map_pose (map frame)
[component_container-9] [INFO] [1789473780.011655603] [pure_pursuit_node]:   Odom: /odom
[component_container-9] [INFO] [1789473780.011665527] [pure_pursuit_node]:   Control trigger: /odom (one command per odometry update; nominal 40.0 Hz)
[component_container-9] [INFO] [1789473780.011677607] [pure_pursuit_node]:   Steering feedback: /autodrive/roboracer_1/steering (lead gain 0.25)
[component_container-9] [INFO] [1789473780.011688815] [pure_pursuit_node]:   Startup path gate: distance <= 0.80 m, heading <= 0.75 rad
[component_container-9] [INFO] [1789473780.011701718] [pure_pursuit_node]:   Command: /cmd/speed
[autodrive_bridge_40hz-1] /usr/local/lib/python3.10/dist-packages/numpy/core/getlimits.py:499: UserWarning: The value of the smallest subnormal for <class 'numpy.float64'> type is zero.
[autodrive_bridge_40hz-1]   setattr(self, word, getattr(machar, word).flat[0])
[autodrive_bridge_40hz-1] /usr/local/lib/python3.10/dist-packages/numpy/core/getlimits.py:89: UserWarning: The value of the smallest subnormal for <class 'numpy.float64'> type is zero.
[autodrive_bridge_40hz-1]   return self._float_to_str(self.smallest_subnormal)
[lifecycle_manager-5] [INFO] [1789473780.094543000] [lifecycle_manager_map]: Server map_server connected with bond.
[lifecycle_manager-5] [INFO] [1789473780.094605325] [lifecycle_manager_map]: [34m[1mManaged nodes are active[0m[0m
[lifecycle_manager-5] [INFO] [1789473780.094621546] [lifecycle_manager_map]: [34m[1mCreating bond timer...[0m[0m
[gpu_amcl_cpp_node-6] [INFO] [1789473780.239413650] [gpu_amcl_cpp]: [AMCL] Parameters: update_min_d=0.02000, update_min_a=0.03500, max_scan_age=0.2500, odom_history=1.000s, cloud_publish_rate=1.0 Hz, debug_pre_resample=false, slip_threshold=1.00 rad/s, initial_raceline_heading=false, local_correction_gate=0.00m/0.00rad xy_gain=0.500 cross_track_only=false along_track_gain=0.250 fast_speed=3.00mps fast_along_gain=0.250 yaw_gain=0.000 association=0.80m recenter_cloud=true
[gpu_amcl_cpp_node-6] [INFO] [1789473780.266642184] [gpu_amcl_cpp]: Particle cloud publishing scan-synchronized, max 1.0 Hz
[gpu_amcl_cpp_node-6] [INFO] [1789473780.266710254] [gpu_amcl_cpp]: GPU AMCL C++ node created — waiting for map...
[gpu_amcl_cpp_node-6] [INFO] [1789473780.277555110] [gpu_amcl_cpp]: Received first map (349x877 @ 0.025 m/cell) — initialising PF
[gpu_amcl_cpp_node-6] [INFO] [1789473780.295708819] [gpu_amcl_cpp]: Loaded 2587 global heading points from /workspace/src/f1tenth_planning/trajectories/autodrive_track_ftg_commit_20260909_025m_mintime_raceline.csv
[ground_truth_amcl_monitor-7] [WARN] [1789473780.325132293] [ground_truth_amcl_monitor]: No map provenance supplied; AMCL error is relative-to-first-pair only
[ground_truth_amcl_monitor-7] [WARN] [1789473780.340349405] [ground_truth_amcl_monitor]: Ground-truth monitor is diagnostics-only; simulator IPS/odom are not controller inputs
[model_id_timing_recorder-8] [INFO] [1789473780.377095356] [model_id_timing_recorder]: Recording causal model-ID events to /workspace/src/sdu_apex_autodrive/artifacts/model_id_work/run_live/live_odom_ekf_amcl_pp_12mps_rebuilt_20260915/live_odom_ekf_amcl_pp_12mps_rebuilt_20260915
[actuator_interface-10] [INFO] [1789473780.378186134] [autodrive_actuator_interface]: Actuator interface ready; no arming state
[actuator_interface-10] [WARN] [1789473780.379605642] [autodrive_actuator_interface]: Neutral output: no command
[autodrive_bridge_40hz-1] [autodrive_bridge_40hz] camera decode/publication disabled
[autodrive_bridge_40hz-1] [autodrive_bridge_40hz] strict request pacing enabled at 40 Hz (2 bounded outstanding requests; missing/deadline data is a fatal fault)
[autodrive_bridge_40hz-1] Connected!
[autodrive_bridge_40hz-1] [autodrive_bridge_40hz] source 40 Hz contract established after 3 stable intervals
[component_container-9] [WARN] [1789473781.580400569] [pure_pursuit_node]: No pose received on /current_map_pose yet
[gpu_amcl_cpp_node-6] [INFO] [1789473781.735180911] [gpu_amcl_cpp]: Global AMCL startup prior centred at saved map start (0.801, 3.158, -1.571) with covariance (0.500, 0.500, 0.200).
[gpu_amcl_cpp_node-6] [INFO] [1789473781.735249070] [gpu_amcl_cpp]: Particle filter initialised with 2500 particles (global)
[gpu_amcl_cpp_node-6] [INFO] [1789473781.735341671] [gpu_amcl_cpp]: Global particle initialization active; waiting for scans before publishing pose
[gpu_amcl_cpp_node-6] [INFO] [1789473781.735377751] [gpu_amcl_cpp]: Received first odometry sample at (0.00, 0.00, 0.00).
[gpu_amcl_cpp_node-6] [INFO] [1789473781.735498582] [gpu_amcl_cpp]: Received LiDAR callback #1 (1081 ranges).
[gpu_amcl_cpp_node-6] [INFO] [1789473781.735522050] [gpu_amcl_cpp]: AMCL odom delta: at_scan=(0.000, 0.000, 0.000) baseline=(0.000, 0.000, 0.000) delta=(0.000, 0.000, 0.000) moved=false scan_age=0.191s
[gpu_amcl_cpp_node-6] [INFO] [1789473781.735543664] [gpu_amcl_cpp]: Starting AMCL scan update #1 (sampled from 1081 ranges).
[component_container-9] [WARN] [1789473782.601186356] [pure_pursuit_node]: No pose received on /current_map_pose yet
[actuator_interface-10] [INFO] [1789473782.603936347] [autodrive_actuator_interface]: Collision baseline established at cumulative count 0
[gpu_amcl_cpp_node-6] [INFO] [1789473782.612319169] [gpu_amcl_cpp]: AMCL scan update #1 completed; evaluating pose confidence.
[gpu_amcl_cpp_node-6] [INFO] [1789473782.619608943] [gpu_amcl_cpp]: Startup GPU scan refinement done: refined_particles=2242/2500, beams=180, best_mean_dist=0.005 m, time=7.23 ms
[gpu_amcl_cpp_node-6] [INFO] [1789473782.621973786] [gpu_amcl_cpp]: Global AMCL refining: cluster_weight=0.928, covariance xy=0.009 (max 0.250), yaw=0.000 (max 0.120).
[gpu_amcl_cpp_node-6] [INFO] [1789473782.622004523] [gpu_amcl_cpp]: Global AMCL lock evidence: quality=false stable_scans=1/5 travel=0.000/0.750 m (min_weight=0.500).
[gpu_amcl_cpp_node-6] [WARN] [1789473782.622169293] [gpu_amcl_cpp]: Discarding stale LiDAR scan (age 0.278 s > 0.250 s).
[gpu_amcl_cpp_node-6] [INFO] [1789473782.639230494] [gpu_amcl_cpp]: Publishing provisional global AMCL pose for localization ramp; travel=0.000/0.750 m stable_scans=5/5.
[ground_truth_amcl_monitor-7] [INFO] [1789473782.640492062] [ground_truth_amcl_monitor]: Relative GT alignment initialized: yaw=0.000, translation=(0.007, 0.000)
[ground_truth_amcl_monitor-7] [INFO] [1789473782.641126089] [ground_truth_amcl_monitor]: AMCL vs GT: gt=(0.801, 3.158) amcl=(0.801, 3.158) error=0.000 m / 0.000 rad; current_map=unavailable; odom=(0.801, 3.158, -1.571) error=0.000 m / 0.000 rad; ekf=(0.801, 3.158, -1.571) error=0.000 m / 0.000 rad; RMS=0.000 m / 0.000 rad max=0.000 m / 0.000 rad samples=1
[component_container-9] [INFO] [1789473782.701543141] [pure_pursuit_node]: Aligned closed trajectory seam to startup pose at original waypoint 1090
[component_container-9] [INFO] [1789473782.701999988] [pure_pursuit_node]: Startup path gate passed: path_distance=0.166 m heading_error=0.302 rad
[component_container-9] [INFO] [1789473782.702059075] [pure_pursuit_node]: Pure Pursuit: pose=(0.801, 3.158, -1.571) cte=-0.166 closest=0 target=38 path_dist=0.166 heading_err=0.302 steer=0.003 speed=0.003 startup_cap=1.500 lap_fraction=0.000
[gpu_amcl_cpp_node-6] [INFO] [1789473782.752246109] [gpu_amcl_cpp]: AMCL odom delta: at_scan=(0.000, 0.000, 0.000) baseline=(0.000, 0.000, 0.000) delta=(0.000, 0.000, 0.000) moved=false scan_age=0.033s
[component_container-9] [INFO] [1789473783.726294390] [pure_pursuit_node]: Pure Pursuit: pose=(0.896, 2.216, -1.391) cte=0.003 closest=46 target=89 path_dist=0.003 heading_err=0.070 steer=0.037 speed=1.687 startup_cap=1.687 lap_fraction=0.018
[gpu_amcl_cpp_node-6] [INFO] [1789473783.827607190] [gpu_amcl_cpp]: Global AMCL lock accepted at (0.863, 2.411, -1.414); continuing with local tracking.
[gpu_amcl_cpp_node-6] [INFO] [1789473783.827962232] [gpu_amcl_cpp]: AMCL odom delta: at_scan=(0.787, 0.069, 0.163) baseline=(0.748, 0.063, 0.157) delta=(0.040, 0.006, 0.006) moved=true scan_age=0.234s
[ground_truth_amcl_monitor-7] [INFO] [1789473783.829425840] [ground_truth_amcl_monitor]: AMCL vs GT: gt=(0.866, 2.341) amcl=(0.863, 2.411) error=0.070 m / 0.000 rad; current_map=(0.863, 2.411, -1.414) error=0.070 m / 0.000 rad; odom=(0.863, 2.411, -1.414) error=0.070 m / 0.000 rad; ekf=(0.863, 2.411, -1.414) error=0.070 m / 0.000 rad; RMS=0.057 m / 0.003 rad max=0.111 m / 0.008 rad samples=87
[gpu_amcl_cpp_node-6] [INFO] [1789473783.832430869] [gpu_amcl_cpp]: AMCL local correction: odom_prediction=(0.870, 2.371, -1.408) scan=(0.872, 2.332, -1.422) correction=0.039 m/0.014 rad cluster_weight=0.910 publish=true
[gpu_amcl_cpp_node-6] [WARN] [1789473784.407569087] [gpu_amcl_cpp]: No local AMCL cluster near odometry prediction; using causal odometry pose.
[component_container-9] [INFO] [1789473784.750614859] [pure_pursuit_node]: Pure Pursuit: pose=(1.244, 0.364, -1.427) cte=0.013 closest=141 target=184 path_dist=0.013 heading_err=-0.014 steer=-0.022 speed=2.073 startup_cap=2.073 lap_fraction=0.055
[ground_truth_amcl_monitor-7] [INFO] [1789473784.831379120] [ground_truth_amcl_monitor]: AMCL vs GT: gt=(1.290, 0.150) amcl=(1.259, 0.304) error=0.157 m / 0.000 rad; current_map=(1.260, 0.300, -1.434) error=0.153 m / 0.000 rad; odom=(1.284, 0.232, -1.434) error=0.082 m / 0.000 rad; ekf=(1.284, 0.232, -1.434) error=0.082 m / 0.000 rad; RMS=0.096 m / 0.003 rad max=0.206 m / 0.008 rad samples=185
[gpu_amcl_cpp_node-6] [INFO] [1789473784.851352307] [gpu_amcl_cpp]: AMCL odom delta: at_scan=(2.975, 0.490, 0.133) baseline=(2.927, 0.484, 0.137) delta=(0.049, 0.007, -0.003) moved=true scan_age=0.034s
[gpu_amcl_cpp_node-6] [INFO] [1789473784.855653969] [gpu_amcl_cpp]: AMCL local correction: odom_prediction=(1.266, 0.255, -1.437) scan=(1.260, 0.290, -1.426) correction=0.035 m/0.011 rad cluster_weight=0.908 publish=true
[component_container-9] [INFO] [1789473785.774688774] [pure_pursuit_node]: Pure Pursuit: pose=(1.374, -2.028, -1.653) cte=-0.028 closest=260 target=305 path_dist=0.028 heading_err=0.034 steer=-0.017 speed=2.556 startup_cap=2.556 lap_fraction=0.101
[gpu_amcl_cpp_node-6] [INFO] [1789473785.851474578] [gpu_amcl_cpp]: AMCL odom delta: at_scan=(5.241, 0.546, -0.086) baseline=(5.176, 0.551, -0.083) delta=(0.065, -0.006, -0.004) moved=true scan_age=0.034s
[ground_truth_amcl_monitor-7] [INFO] [1789473785.852324477] [ground_truth_amcl_monitor]: AMCL vs GT: gt=(1.353, -2.174) amcl=(1.372, -2.064) error=0.111 m / 0.004 rad; current_map=(1.366, -2.129, -1.657) error=0.046 m / 0.000 rad; odom=(1.346, -2.083, -1.657) error=0.091 m / 0.000 rad; ekf=(1.346, -2.083, -1.657) error=0.091 m / 0.000 rad; RMS=0.103 m / 0.003 rad max=0.218 m / 0.008 rad samples=266
[gpu_amcl_cpp_node-6] [INFO] [1789473785.856370545] [gpu_amcl_cpp]: AMCL local correction: odom_prediction=(1.366, -2.129, -1.657) scan=(1.366, -2.127, -1.653) correction=0.003 m/0.004 rad cluster_weight=0.946 publish=true
[gpu_amcl_cpp_node-6] [INFO] [1789473786.751221196] [gpu_amcl_cpp]: Received LiDAR callback #177 (1081 ranges).
[gpu_amcl_cpp_node-6] [INFO] [1789473786.751285285] [gpu_amcl_cpp]: Starting AMCL scan update #177 (sampled from 1081 ranges).
[component_container-9] [INFO] [1789473786.775207995] [pure_pursuit_node]: Pure Pursuit: pose=(1.023, -4.732, -1.748) cte=-0.001 closest=397 target=443 path_dist=0.001 heading_err=0.004 steer=-0.006 speed=3.112 startup_cap=3.112 lap_fraction=0.154
[ground_truth_amcl_monitor-7] [INFO] [1789473786.852454303] [ground_truth_amcl_monitor]: AMCL vs GT: gt=(0.978, -4.932) amcl=(1.015, -4.776) error=0.161 m / 0.002 rad; current_map=(1.002, -4.848, -1.752) error=0.088 m / 0.000 rad; odom=(0.973, -4.834, -1.752) error=0.099 m / 0.000 rad; ekf=(0.973, -4.834, -1.752) error=0.099 m / 0.000 rad; RMS=0.103 m / 0.003 rad max=0.218 m / 0.008 rad samples=346
[gpu_amcl_cpp_node-6] [INFO] [1789473786.877072166] [gpu_amcl_cpp]: AMCL odom delta: at_scan=(8.068, 0.158, -0.183) baseline=(7.992, 0.172, -0.181) delta=(0.076, -0.014, -0.002) moved=true scan_age=0.036s
[gpu_amcl_cpp_node-6] [INFO] [1789473786.881404755] [gpu_amcl_cpp]: AMCL local correction: odom_prediction=(0.988, -4.923, -1.754) scan=(0.994, -4.910, -1.751) correction=0.014 m/0.002 rad cluster_weight=0.957 publish=true
[gpu_amcl_cpp_node-6] [INFO] [1789473787.627760187] [gpu_amcl_cpp]: AMCL scan update #212 completed; evaluating pose confidence.
[component_container-9] [INFO] [1789473787.800646481] [pure_pursuit_node]: Pure Pursuit: pose=(0.277, -8.096, -1.857) cte=0.000 closest=569 target=617 path_dist=0.000 heading_err=0.010 steer=-0.037 speed=3.616 startup_cap=3.810 lap_fraction=0.220
[ground_truth_amcl_monitor-7] [INFO] [1789473787.858082960] [ground_truth_amcl_monitor]: AMCL vs GT: gt=(0.228, -8.231) amcl=(0.262, -8.147) error=0.091 m / 0.000 rad; current_map=(0.263, -8.149, -1.864) error=0.090 m / 0.000 rad; odom=(0.221, -8.130, -1.864) error=0.102 m / 0.000 rad; ekf=(0.221, -8.130, -1.864) error=0.102 m / 0.000 rad; RMS=0.111 m / 0.003 rad max=0.218 m / 0.009 rad samples=427
[gpu_amcl_cpp_node-6] [INFO] [1789473787.877168538] [gpu_amcl_cpp]: AMCL odom delta: at_scan=(11.373, -0.605, -0.302) baseline=(11.288, -0.579, -0.293) delta=(0.085, -0.026, -0.009) moved=true scan_age=0.037s
[gpu_amcl_cpp_node-6] [INFO] [1789473787.905404437] [gpu_amcl_cpp]: AMCL local correction: odom_prediction=(0.210, -8.327, -1.883) scan=(0.214, -8.323, -1.873) correction=0.005 m/0.010 rad cluster_weight=0.983 publish=true
[component_container-9] [INFO] [1789473788.825258628] [pure_pursuit_node]: Pure Pursuit: pose=(-1.316, -10.124, -3.075) cte=-0.018 closest=707 target=751 path_dist=0.018 heading_err=0.001 steer=-0.276 speed=2.485 startup_cap=4.371 lap_fraction=0.273
[gpu_amcl_cpp_node-6] [INFO] [1789473788.877271532] [gpu_amcl_cpp]: AMCL odom delta: at_scan=(13.229, -2.214, -1.535) baseline=(13.225, -2.153, -1.485) delta=(0.004, -0.061, -0.050) moved=true scan_age=0.037s
[ground_truth_amcl_monitor-7] [INFO] [1789473788.878021157] [ground_truth_amcl_monitor]: AMCL vs GT: gt=(-1.401, -10.154) amcl=(-1.293, -10.124) error=0.112 m / 0.050 rad; current_map=(-1.354, -10.128, -3.106) error=0.053 m / 0.000 rad; odom=(-1.414, -10.071, -3.106) error=0.084 m / 0.000 rad; ekf=(-1.414, -10.071, -3.106) error=0.084 m / 0.000 rad; RMS=0.111 m / 0.010 rad max=0.218 m / 0.051 rad samples=508
[gpu_amcl_cpp_node-6] [INFO] [1789473788.905642705] [gpu_amcl_cpp]: AMCL local correction: odom_prediction=(-1.416, -10.129, 3.128) scan=(-1.422, -10.130, -3.124) correction=0.006 m/0.031 rad cluster_weight=0.997 publish=true
[component_container-9] [INFO] [1789473789.850402184] [pure_pursuit_node]: Pure Pursuit: pose=(-3.084, -8.070, 1.736) cte=-0.018 closest=853 target=901 path_dist=0.018 heading_err=0.021 steer=-0.057 speed=4.247 startup_cap=4.963 lap_fraction=0.330
[ground_truth_amcl_monitor-7] [INFO] [1789473789.877966130] [ground_truth_amcl_monitor]: AMCL vs GT: gt=(-3.074, -8.140) amcl=(-3.059, -8.210) error=0.072 m / 0.019 rad; current_map=(-3.079, -8.111, 1.746) error=0.029 m / 0.000 rad; odom=(-3.147, -8.023, 1.746) error=0.137 m / 0.000 rad; ekf=(-3.147, -8.023, 1.746) error=0.137 m / 0.000 rad; RMS=0.106 m / 0.013 rad max=0.218 m / 0.051 rad samples=588
[gpu_amcl_cpp_node-6] [INFO] [1789473789.900990082] [gpu_amcl_cpp]: AMCL odom delta: at_scan=(11.076, -3.966, -2.987) baseline=(11.182, -3.947, -2.967) delta=(-0.106, -0.019, -0.020) moved=true scan_age=0.036s
[gpu_amcl_cpp_node-6] [INFO] [1789473789.929752492] [gpu_amcl_cpp]: AMCL local correction: odom_prediction=(-3.108, -7.916, 1.707) scan=(-3.096, -7.961, 1.726) correction=0.047 m/0.019 rad cluster_weight=0.979 publish=true
[component_container-9] [INFO] [1789473790.850741950] [pure_pursuit_node]: Pure Pursuit: pose=(-2.413, -3.355, 1.288) cte=-0.010 closest=1093 target=1146 path_dist=0.010 heading_err=0.012 steer=0.002 speed=5.938 startup_cap=5.938 lap_fraction=0.423
[ground_truth_amcl_monitor-7] [INFO] [1789473790.882020172] [ground_truth_amcl_monitor]: AMCL vs GT: gt=(-2.435, -3.376) amcl=(-2.432, -3.417) error=0.041 m / 0.000 rad; current_map=(-2.431, -3.414, 1.286) error=0.038 m / 0.000 rad; odom=(-2.542, -3.192, 1.286) error=0.213 m / 0.000 rad; ekf=(-2.542, -3.192, 1.286) error=0.213 m / 0.000 rad; RMS=0.106 m / 0.013 rad max=0.218 m / 0.051 rad samples=669
[gpu_amcl_cpp_node-6] [INFO] [1789473790.901699583] [gpu_amcl_cpp]: AMCL odom delta: at_scan=(6.218, -3.302, 2.864) baseline=(6.351, -3.342, 2.857) delta=(-0.133, 0.040, 0.007) moved=true scan_age=0.038s
[gpu_amcl_cpp_node-6] [INFO] [1789473790.955056604] [gpu_amcl_cpp]: AMCL local correction: odom_prediction=(-2.305, -3.006, 1.301) scan=(-2.308, -3.012, 1.295) correction=0.006 m/0.006 rad cluster_weight=0.949 publish=true
[gpu_amcl_cpp_node-6] [WARN] [1789473791.202023190] [gpu_amcl_cpp]: Queued LiDAR scan until source-time odometry arrives (queued=1).
[gpu_amcl_cpp_node-6] [INFO] [1789473791.751653376] [gpu_amcl_cpp]: Received LiDAR callback #378 (1081 ranges).
[gpu_amcl_cpp_node-6] [INFO] [1789473791.751712481] [gpu_amcl_cpp]: Starting AMCL scan update #378 (sampled from 1081 ranges).
[component_container-9] [INFO] [1789473791.850767952] [pure_pursuit_node]: Pure Pursuit: pose=(-1.314, 1.385, 1.461) cte=0.003 closest=1337 target=1384 path_dist=0.003 heading_err=-0.020 steer=0.038 speed=3.374 startup_cap=6.929 lap_fraction=0.517
[ground_truth_amcl_monitor-7] [INFO] [1789473791.883266068] [ground_truth_amcl_monitor]: AMCL vs GT: gt=(-1.327, 1.412) amcl=(-1.315, 1.344) error=0.069 m / 0.000 rad; current_map=(-1.317, 1.342, 1.455) error=0.071 m / 0.000 rad; odom=(-1.417, 1.557, 1.455) error=0.170 m / 0.000 rad; ekf=(-1.417, 1.557, 1.455) error=0.170 m / 0.000 rad; RMS=0.107 m / 0.012 rad max=0.218 m / 0.051 rad samples=749
[gpu_amcl_cpp_node-6] [INFO] [1789473791.927597458] [gpu_amcl_cpp]: AMCL odom delta: at_scan=(1.431, -2.197, 3.044) baseline=(1.516, -2.207, 3.035) delta=(-0.085, 0.010, 0.009) moved=true scan_age=0.039s
[gpu_amcl_cpp_node-6] [INFO] [1789473791.956703081] [gpu_amcl_cpp]: AMCL local correction: odom_prediction=(-1.288, 1.605, 1.483) scan=(-1.284, 1.637, 1.466) correction=0.031 m/0.017 rad cluster_weight=0.953 publish=true
[gpu_amcl_cpp_node-6] [INFO] [1789473792.628896806] [gpu_amcl_cpp]: AMCL scan update #413 completed; evaluating pose confidence.
[component_container-9] [INFO] [1789473792.876594920] [pure_pursuit_node]: Pure Pursuit: pose=(-1.820, 3.699, 2.538) cte=-0.025 closest=1461 target=1504 path_dist=0.025 heading_err=-0.043 steer=0.379 speed=1.827 startup_cap=7.432 lap_fraction=0.565
[ground_truth_amcl_monitor-7] [INFO] [1789473792.885229392] [ground_truth_amcl_monitor]: AMCL vs GT: gt=(-1.800, 3.650) amcl=(-1.761, 3.663) error=0.041 m / 0.000 rad; current_map=(-1.760, 3.661, 2.468) error=0.042 m / 0.000 rad; odom=(-1.855, 3.776, 2.468) error=0.138 m / 0.000 rad; ekf=(-1.855, 3.776, 2.468) error=0.138 m / 0.000 rad; RMS=0.105 m / 0.013 rad max=0.218 m / 0.051 rad samples=829
[gpu_amcl_cpp_node-6] [INFO] [1789473792.951947200] [gpu_amcl_cpp]: AMCL odom delta: at_scan=(-0.695, -2.765, -2.101) baseline=(-0.671, -2.727, -2.151) delta=(-0.025, -0.039, 0.050) moved=true scan_age=0.038s
[gpu_amcl_cpp_node-6] [INFO] [1789473792.981440888] [gpu_amcl_cpp]: AMCL local correction: odom_prediction=(-1.911, 3.763, 2.659) scan=(-1.915, 3.771, 2.625) correction=0.009 m/0.033 rad cluster_weight=0.975 publish=true
[component_container-9] [INFO] [1789473793.900968637] [pure_pursuit_node]: Pure Pursuit: pose=(-3.175, 2.856, -1.766) cte=0.061 closest=1558 target=1603 path_dist=0.061 heading_err=0.063 steer=0.092 speed=2.921 startup_cap=7.826 lap_fraction=0.602
[ground_truth_amcl_monitor-7] [INFO] [1789473793.903342125] [ground_truth_amcl_monitor]: AMCL vs GT: gt=(-3.180, 2.974) amcl=(-3.140, 3.006) error=0.051 m / 0.030 rad; current_map=(-3.157, 2.946, -1.811) error=0.037 m / 0.000 rad; odom=(-3.333, 3.087, -1.811) error=0.190 m / 0.000 rad; ekf=(-3.333, 3.087, -1.811) error=0.190 m / 0.000 rad; RMS=0.102 m / 0.016 rad max=0.218 m / 0.059 rad samples=910
[gpu_amcl_cpp_node-6] [INFO] [1789473793.976256639] [gpu_amcl_cpp]: AMCL odom delta: at_scan=(0.266, -4.176, -0.167) baseline=(0.199, -4.163, -0.190) delta=(0.067, -0.013, 0.022) moved=true scan_age=0.039s
[gpu_amcl_cpp_node-6] [INFO] [1789473794.004120563] [gpu_amcl_cpp]: AMCL local correction: odom_prediction=(-3.206, 2.689, -1.720) scan=(-3.200, 2.684, -1.723) correction=0.008 m/0.003 rad cluster_weight=0.954 publish=true
[component_container-9] [INFO] [1789473794.901759221] [pure_pursuit_node]: Pure Pursuit: pose=(-3.652, 0.195, -2.112) cte=0.031 closest=1695 target=1739 path_dist=0.031 heading_err=-0.015 steer=-0.216 speed=1.973 startup_cap=8.382 lap_fraction=0.655
[ground_truth_amcl_monitor-7] [INFO] [1789473794.907942823] [ground_truth_amcl_monitor]: AMCL vs GT: gt=(-3.650, 0.213) amcl=(-3.610, 0.260) error=0.062 m / 0.000 rad; current_map=(-3.610, 0.261, -2.070) error=0.062 m / 0.000 rad; odom=(-3.786, 0.333, -2.070) error=0.181 m / 0.000 rad; ekf=(-3.786, 0.333, -2.070) error=0.181 m / 0.000 rad; RMS=0.099 m / 0.016 rad max=0.218 m / 0.059 rad samples=991
[gpu_amcl_cpp_node-6] [INFO] [1789473794.976527885] [gpu_amcl_cpp]: AMCL odom delta: at_scan=(2.943, -4.652, -0.579) baseline=(2.906, -4.630, -0.552) delta=(0.037, -0.022, -0.027) moved=true scan_age=0.040s
[gpu_amcl_cpp_node-6] [INFO] [1789473795.029051017] [gpu_amcl_cpp]: AMCL local correction: odom_prediction=(-3.726, 0.057, -2.209) scan=(-3.735, 0.040, -2.187) correction=0.019 m/0.021 rad cluster_weight=0.980 publish=true
[component_container-9] [INFO] [1789473795.926217353] [pure_pursuit_node]: Pure Pursuit: pose=(-5.301, -0.274, 2.452) cte=-0.042 closest=1793 target=1836 path_dist=0.042 heading_err=-0.094 steer=-0.264 speed=2.201 startup_cap=8.780 lap_fraction=0.693
[ground_truth_amcl_monitor-7] [INFO] [1789473795.928593196] [ground_truth_amcl_monitor]: AMCL vs GT: gt=(-5.266, -0.299) amcl=(-5.190, -0.349) error=0.091 m / 0.046 rad; current_map=(-5.234, -0.320, 2.526) error=0.039 m / 0.000 rad; odom=(-5.431, -0.203, 2.526) error=0.190 m / 0.000 rad; ekf=(-5.431, -0.203, 2.526) error=0.190 m / 0.000 rad; RMS=0.098 m / 0.018 rad max=0.218 m / 0.059 rad samples=1072
[gpu_amcl_cpp_node-6] [INFO] [1789473795.976957380] [gpu_amcl_cpp]: AMCL odom delta: at_scan=(3.298, -6.315, -2.277) baseline=(3.331, -6.274, -2.232) delta=(-0.033, -0.041, -0.045) moved=true scan_age=0.040s
[gpu_amcl_cpp_node-6] [INFO] [1789473796.029655604] [gpu_amcl_cpp]: AMCL local correction: odom_prediction=(-5.388, -0.184, 2.352) scan=(-5.391, -0.193, 2.373) correction=0.010 m/0.021 rad cluster_weight=0.947 publish=true
[gpu_amcl_cpp_node-6] [INFO] [1789473796.752120298] [gpu_amcl_cpp]: Received LiDAR callback #578 (1081 ranges).
[gpu_amcl_cpp_node-6] [INFO] [1789473796.752180145] [gpu_amcl_cpp]: Starting AMCL scan update #578 (sampled from 1081 ranges).
[ground_truth_amcl_monitor-7] [INFO] [1789473796.930930874] [ground_truth_amcl_monitor]: AMCL vs GT: gt=(-6.168, 2.719) amcl=(-6.157, 2.696) error=0.026 m / 0.000 rad; current_map=(-6.157, 2.701, 1.613) error=0.021 m / 0.000 rad; odom=(-6.393, 2.890, 1.613) error=0.282 m / 0.000 rad; ekf=(-6.393, 2.890, 1.613) error=0.282 m / 0.000 rad; RMS=0.096 m / 0.018 rad max=0.218 m / 0.059 rad samples=1153
[component_container-9] [INFO] [1789473796.951095818] [pure_pursuit_node]: Pure Pursuit: pose=(-6.166, 3.015, 1.584) cte=-0.005 closest=1965 target=2015 path_dist=0.005 heading_err=0.007 steer=-0.036 speed=4.851 startup_cap=9.479 lap_fraction=0.760
[gpu_amcl_cpp_node-6] [INFO] [1789473796.977431046] [gpu_amcl_cpp]: AMCL odom delta: at_scan=(0.025, -7.204, -3.122) baseline=(0.147, -7.199, -3.110) delta=(-0.123, -0.005, -0.012) moved=true scan_age=0.042s
[gpu_amcl_cpp_node-6] [INFO] [1789473797.054583630] [gpu_amcl_cpp]: AMCL local correction: odom_prediction=(-6.170, 3.290, 1.552) scan=(-6.158, 3.259, 1.555) correction=0.033 m/0.003 rad cluster_weight=0.956 publish=true
[gpu_amcl_cpp_node-6] [INFO] [1789473797.652723383] [gpu_amcl_cpp]: AMCL scan update #614 completed; evaluating pose confidence.
[ground_truth_amcl_monitor-7] [INFO] [1789473797.931921993] [ground_truth_amcl_monitor]: AMCL vs GT: gt=(-5.274, 6.626) amcl=(-5.276, 6.582) error=0.045 m / 0.000 rad; current_map=(-5.274, 6.579, 0.935) error=0.048 m / 0.000 rad; odom=(-5.555, 6.762, 0.935) error=0.312 m / 0.000 rad; ekf=(-5.555, 6.762, 0.935) error=0.312 m / 0.000 rad; RMS=0.098 m / 0.017 rad max=0.218 m / 0.059 rad samples=1233
[component_container-9] [INFO] [1789473797.975394162] [pure_pursuit_node]: Pure Pursuit: pose=(-5.117, 6.778, 0.836) cte=-0.006 closest=2164 target=2210 path_dist=0.006 heading_err=0.030 steer=-0.134 speed=2.856 startup_cap=10.287 lap_fraction=0.837
[gpu_amcl_cpp_node-6] [INFO] [1789473798.001423533] [gpu_amcl_cpp]: AMCL odom delta: at_scan=(-3.768, -6.227, 2.424) baseline=(-3.713, -6.272, 2.453) delta=(-0.054, 0.045, -0.029) moved=true scan_age=0.042s
[gpu_amcl_cpp_node-6] [INFO] [1789473798.057340984] [gpu_amcl_cpp]: AMCL local correction: odom_prediction=(-5.053, 6.857, 0.796) scan=(-5.061, 6.851, 0.818) correction=0.010 m/0.022 rad cluster_weight=0.996 publish=true
[ground_truth_amcl_monitor-7] [INFO] [1789473798.953619656] [ground_truth_amcl_monitor]: AMCL vs GT: gt=(-2.342, 7.447) amcl=(-2.430, 7.486) error=0.096 m / 0.031 rad; current_map=(-2.349, 7.456, -0.383) error=0.012 m / 0.000 rad; odom=(-2.608, 7.617, -0.383) error=0.315 m / 0.000 rad; ekf=(-2.608, 7.617, -0.383) error=0.315 m / 0.000 rad; RMS=0.097 m / 0.018 rad max=0.218 m / 0.059 rad samples=1314
[component_container-9] [INFO] [1789473798.976093239] [pure_pursuit_node]: Pure Pursuit: pose=(-2.130, 7.357, -0.472) cte=-0.035 closest=2326 target=2374 path_dist=0.035 heading_err=0.022 steer=-0.107 speed=3.949 startup_cap=10.944 lap_fraction=0.899
[gpu_amcl_cpp_node-6] [INFO] [1789473799.002933061] [gpu_amcl_cpp]: AMCL odom delta: at_scan=(-4.384, -3.235, 1.121) baseline=(-4.423, -3.320, 1.154) delta=(0.038, 0.085, -0.033) moved=true scan_age=0.043s
[gpu_amcl_cpp_node-6] [INFO] [1789473799.080028146] [gpu_amcl_cpp]: AMCL local correction: odom_prediction=(-1.919, 7.250, -0.543) scan=(-1.932, 7.255, -0.536) correction=0.014 m/0.008 rad cluster_weight=0.969 publish=true
[ground_truth_amcl_monitor-7] [INFO] [1789473799.957219031] [ground_truth_amcl_monitor]: AMCL vs GT: gt=(0.432, 3.722) amcl=(0.432, 3.704) error=0.019 m / 0.000 rad; current_map=(0.436, 3.704, -1.222) error=0.019 m / 0.000 rad; odom=(0.282, 3.808, -1.222) error=0.173 m / 0.000 rad; ekf=(0.282, 3.808, -1.222) error=0.173 m / 0.000 rad; RMS=0.097 m / 0.018 rad max=0.218 m / 0.059 rad samples=1395
[component_container-9] [INFO] [1789473800.000312762] [pure_pursuit_node]: Pure Pursuit: pose=(0.621, 3.151, -1.272) cte=0.008 closest=2583 target=52 path_dist=0.008 heading_err=0.005 steer=-0.002 speed=6.883 startup_cap=11.988 lap_fraction=0.999
[gpu_amcl_cpp_node-6] [INFO] [1789473800.026881404] [gpu_amcl_cpp]: AMCL odom delta: at_scan=(-0.187, -0.353, 0.314) baseline=(-0.348, -0.408, 0.326) delta=(0.161, 0.055, -0.012) moved=true scan_age=0.042s
[gpu_amcl_cpp_node-6] [INFO] [1789473800.105609299] [gpu_amcl_cpp]: AMCL local correction: odom_prediction=(0.727, 2.775, -1.278) scan=(0.719, 2.797, -1.285) correction=0.023 m/0.007 rad cluster_weight=0.919 publish=true
[gpu_amcl_cpp_node-6] [WARN] [1789473800.155923294] [gpu_amcl_cpp]: No local AMCL cluster near odometry prediction; using causal odometry pose.
[ground_truth_amcl_monitor-7] [INFO] [1789473800.957402530] [ground_truth_amcl_monitor]: AMCL vs GT: gt=(1.272, -3.170) amcl=(1.286, -3.252) error=0.083 m / 0.000 rad; current_map=(1.285, -3.258, -1.729) error=0.089 m / 0.000 rad; odom=(1.195, -3.203, -1.729) error=0.084 m / 0.000 rad; ekf=(1.195, -3.203, -1.729) error=0.084 m / 0.000 rad; RMS=0.097 m / 0.017 rad max=0.218 m / 0.059 rad samples=1475
[component_container-9] [INFO] [1789473801.000900652] [pure_pursuit_node]: Pure Pursuit: pose=(1.173, -3.905, -1.764) cte=-0.017 closest=355 target=411 path_dist=0.017 heading_err=0.048 steer=0.016 speed=6.882 startup_cap=12.000 lap_fraction=1.000
[gpu_amcl_cpp_node-6] [INFO] [1789473801.052601098] [gpu_amcl_cpp]: AMCL odom delta: at_scan=(7.077, 0.275, -0.162) baseline=(6.899, 0.307, -0.169) delta=(0.178, -0.032, 0.007) moved=true scan_age=0.044s
[gpu_amcl_cpp_node-6] [INFO] [1789473801.106313265] [gpu_amcl_cpp]: AMCL local correction: odom_prediction=(1.111, -4.285, -1.736) scan=(1.120, -4.219, -1.737) correction=0.067 m/0.001 rad cluster_weight=0.928 publish=true
[gpu_amcl_cpp_node-6] [INFO] [1789473801.777444881] [gpu_amcl_cpp]: Received LiDAR callback #779 (1081 ranges).
[gpu_amcl_cpp_node-6] [INFO] [1789473801.777504868] [gpu_amcl_cpp]: Starting AMCL scan update #779 (sampled from 1081 ranges).
[ground_truth_amcl_monitor-7] [INFO] [1789473801.977509012] [ground_truth_amcl_monitor]: AMCL vs GT: gt=(0.199, -8.352) amcl=(0.261, -8.189) error=0.174 m / 0.006 rad; current_map=(0.235, -8.276, -1.875) error=0.085 m / 0.000 rad; odom=(0.063, -8.309, -1.875) error=0.142 m / 0.000 rad; ekf=(0.063, -8.309, -1.875) error=0.142 m / 0.000 rad; RMS=0.098 m / 0.017 rad max=0.218 m / 0.059 rad samples=1556
[component_container-9] [INFO] [1789473802.026227466] [pure_pursuit_node]: Pure Pursuit: pose=(0.130, -8.583, -1.924) cte=-0.005 closest=595 target=642 path_dist=0.005 heading_err=0.015 steer=-0.062 speed=2.700 startup_cap=12.000 lap_fraction=1.000
[gpu_amcl_cpp_node-6] [INFO] [1789473802.077149712] [gpu_amcl_cpp]: AMCL odom delta: at_scan=(11.788, -0.843, -0.356) baseline=(11.713, -0.817, -0.341) delta=(0.076, -0.026, -0.015) moved=true scan_age=0.045s
[gpu_amcl_cpp_node-6] [INFO] [1789473802.131798610] [gpu_amcl_cpp]: AMCL local correction: odom_prediction=(0.074, -8.749, -1.952) scan=(0.070, -8.768, -1.946) correction=0.019 m/0.006 rad cluster_weight=0.991 publish=true
[gpu_amcl_cpp_node-6] [INFO] [1789473802.653427473] [gpu_amcl_cpp]: AMCL scan update #814 completed; evaluating pose confidence.
[ground_truth_amcl_monitor-7] [INFO] [1789473802.977864388] [ground_truth_amcl_monitor]: AMCL vs GT: gt=(-1.431, -10.141) amcl=(-1.336, -10.115) error=0.098 m / 0.052 rad; current_map=(-1.400, -10.118, -3.136) error=0.039 m / 0.000 rad; odom=(-1.558, -10.113, -3.136) error=0.130 m / 0.000 rad; ekf=(-1.494, -10.110, -3.084) error=0.070 m / 0.052 rad; RMS=0.098 m / 0.017 rad max=0.218 m / 0.059 rad samples=1636
[component_container-9] [INFO] [1789473803.049982449] [pure_pursuit_node]: Pure Pursuit: pose=(-1.688, -10.088, 2.911) cte=-0.019 closest=725 target=770 path_dist=0.019 heading_err=-0.022 steer=-0.268 speed=2.586 startup_cap=12.000 lap_fraction=1.000
[gpu_amcl_cpp_node-6] [INFO] [1789473803.101459386] [gpu_amcl_cpp]: AMCL odom delta: at_scan=(13.238, -2.665, -1.816) baseline=(13.251, -2.601, -1.764) delta=(-0.013, -0.063, -0.052) moved=true scan_age=0.044s
[gpu_amcl_cpp_node-6] [INFO] [1789473803.157468254] [gpu_amcl_cpp]: AMCL local correction: odom_prediction=(-1.831, -10.047, 2.797) scan=(-1.832, -10.046, 2.819) correction=0.002 m/0.023 rad cluster_weight=0.992 publish=true
[ground_truth_amcl_monitor-7] [INFO] [1789473803.978008466] [ground_truth_amcl_monitor]: AMCL vs GT: gt=(-3.096, -8.009) amcl=(-3.086, -8.067) error=0.058 m / 0.019 rad; current_map=(-3.104, -7.964, 1.724) error=0.046 m / 0.000 rad; odom=(-3.288, -7.941, 1.724) error=0.203 m / 0.000 rad; ekf=(-3.288, -7.941, 1.724) error=0.203 m / 0.000 rad; RMS=0.096 m / 0.018 rad max=0.218 m / 0.059 rad samples=1716
[gpu_amcl_cpp_node-6] [WARN] [1789473804.027003746] [gpu_amcl_cpp]: Queued LiDAR scan until source-time odometry arrives (queued=1).
[component_container-9] [INFO] [1789473804.050297716] [pure_pursuit_node]: Pure Pursuit: pose=(-3.149, -7.473, 1.630) cte=-0.006 closest=883 target=932 path_dist=0.006 heading_err=0.015 steer=-0.041 speed=4.696 startup_cap=12.000 lap_fraction=1.000
[gpu_amcl_cpp_node-6] [INFO] [1789473804.126943073] [gpu_amcl_cpp]: AMCL odom delta: at_scan=(10.453, -4.156, -3.100) baseline=(10.565, -4.150, -3.085) delta=(-0.113, -0.007, -0.016) moved=true scan_age=0.045s
[gpu_amcl_cpp_node-6] [INFO] [1789473804.182053414] [gpu_amcl_cpp]: AMCL local correction: odom_prediction=(-3.160, -7.118, 1.586) scan=(-3.151, -7.169, 1.592) correction=0.051 m/0.007 rad cluster_weight=0.994 publish=true
[ground_truth_amcl_monitor-7] [INFO] [1789473804.984045472] [ground_truth_amcl_monitor]: AMCL vs GT: gt=(-2.376, -3.171) amcl=(-2.356, -3.167) error=0.021 m / 0.000 rad; current_map=(-2.357, -3.167, 1.297) error=0.020 m / 0.000 rad; odom=(-2.594, -3.032, 1.297) error=0.259 m / 0.000 rad; ekf=(-2.594, -3.032, 1.297) error=0.259 m / 0.000 rad; RMS=0.096 m / 0.018 rad max=0.218 m / 0.059 rad samples=1797
[component_container-9] [INFO] [1789473805.050615235] [pure_pursuit_node]: Pure Pursuit: pose=(-2.164, -2.481, 1.301) cte=0.000 closest=1139 target=1192 path_dist=0.000 heading_err=0.007 steer=0.009 speed=6.512 startup_cap=12.000 lap_fraction=1.000
[gpu_amcl_cpp_node-6] [INFO] [1789473805.127096487] [gpu_amcl_cpp]: AMCL odom delta: at_scan=(5.310, -3.147, 2.877) baseline=(5.461, -3.190, 2.869) delta=(-0.152, 0.044, 0.008) moved=true scan_age=0.047s
[gpu_amcl_cpp_node-6] [INFO] [1789473805.206534349] [gpu_amcl_cpp]: AMCL local correction: odom_prediction=(-1.986, -1.839, 1.326) scan=(-2.006, -1.876, 1.313) correction=0.042 m/0.013 rad cluster_weight=0.947 publish=true
[ground_truth_amcl_monitor-7] [INFO] [1789473806.003352560] [ground_truth_amcl_monitor]: AMCL vs GT: gt=(-1.306, 1.589) amcl=(-1.299, 1.503) error=0.086 m / 0.013 rad; current_map=(-1.289, 1.587, 1.474) error=0.017 m / 0.000 rad; odom=(-1.489, 1.707, 1.474) error=0.218 m / 0.000 rad; ekf=(-1.489, 1.707, 1.474) error=0.218 m / 0.000 rad; RMS=0.095 m / 0.017 rad max=0.218 m / 0.059 rad samples=1878
[component_container-9] [INFO] [1789473806.050686869] [pure_pursuit_node]: Pure Pursuit: pose=(-1.268, 1.910, 1.540) cte=-0.000 closest=1363 target=1410 path_dist=0.000 heading_err=-0.022 steer=0.069 speed=3.136 startup_cap=12.000 lap_fraction=1.000
[gpu_amcl_cpp_node-6] [INFO] [1789473806.150934633] [gpu_amcl_cpp]: AMCL odom delta: at_scan=(0.967, -2.258, 3.141) baseline=(1.049, -2.260, 3.123) delta=(-0.082, 0.002, 0.018) moved=true scan_age=0.046s
[gpu_amcl_cpp_node-6] [INFO] [1789473806.207162615] [gpu_amcl_cpp]: AMCL local correction: odom_prediction=(-1.257, 2.240, 1.613) scan=(-1.258, 2.250, 1.601) correction=0.010 m/0.012 rad cluster_weight=0.970 publish=true
[gpu_amcl_cpp_node-6] [INFO] [1789473806.801188818] [gpu_amcl_cpp]: Received LiDAR callback #981 (1081 ranges).
[gpu_amcl_cpp_node-6] [INFO] [1789473806.801245436] [gpu_amcl_cpp]: Starting AMCL scan update #981 (sampled from 1081 ranges).
[ground_truth_amcl_monitor-7] [INFO] [1789473807.003598315] [ground_truth_amcl_monitor]: AMCL vs GT: gt=(-1.874, 3.664) amcl=(-1.816, 3.665) error=0.059 m / 0.047 rad; current_map=(-1.852, 3.691, 2.549) error=0.035 m / 0.000 rad; odom=(-2.024, 3.780, 2.549) error=0.190 m / 0.000 rad; ekf=(-2.024, 3.780, 2.549) error=0.190 m / 0.000 rad; RMS=0.093 m / 0.017 rad max=0.218 m / 0.059 rad samples=1958
[component_container-9] [INFO] [1789473807.075476571] [pure_pursuit_node]: Pure Pursuit: pose=(-2.033, 3.788, 2.779) cte=-0.038 closest=1473 target=1516 path_dist=0.038 heading_err=0.111 steer=0.410 speed=1.862 startup_cap=12.000 lap_fraction=1.000
[gpu_amcl_cpp_node-6] [INFO] [1789473807.152022311] [gpu_amcl_cpp]: AMCL odom delta: at_scan=(-0.737, -3.057, -1.869) baseline=(-0.721, -3.011, -1.926) delta=(-0.016, -0.046, 0.057) moved=true scan_age=0.048s
[gpu_amcl_cpp_node-6] [INFO] [1789473807.231675227] [gpu_amcl_cpp]: AMCL local correction: odom_prediction=(-2.219, 3.850, 3.006) scan=(-2.208, 3.842, 2.988) correction=0.013 m/0.018 rad cluster_weight=0.977 publish=true
[gpu_amcl_cpp_node-6] [INFO] [1789473807.678153413] [gpu_amcl_cpp]: AMCL scan update #1016 completed; evaluating pose confidence.
[ground_truth_amcl_monitor-7] [INFO] [1789473808.008251862] [ground_truth_amcl_monitor]: AMCL vs GT: gt=(-3.200, 2.851) amcl=(-3.183, 2.813) error=0.042 m / 0.000 rad; current_map=(-3.185, 2.815, -1.773) error=0.039 m / 0.000 rad; odom=(-3.462, 2.943, -1.773) error=0.277 m / 0.000 rad; ekf=(-3.462, 2.943, -1.773) error=0.277 m / 0.000 rad; RMS=0.092 m / 0.018 rad max=0.218 m / 0.060 rad samples=2039
[component_container-9] [INFO] [1789473808.100660893] [pure_pursuit_node]: Pure Pursuit: pose=(-3.240, 2.397, -1.664) cte=0.070 closest=1582 target=1627 path_dist=0.070 heading_err=-0.026 steer=0.028 speed=3.407 startup_cap=12.000 lap_fraction=1.000
[gpu_amcl_cpp_node-6] [INFO] [1789473808.152118043] [gpu_amcl_cpp]: AMCL odom delta: at_scan=(0.650, -4.329, -0.098) baseline=(0.575, -4.321, -0.109) delta=(0.075, -0.009, 0.010) moved=true scan_age=0.049s
[gpu_amcl_cpp_node-6] [INFO] [1789473808.232605399] [gpu_amcl_cpp]: AMCL local correction: odom_prediction=(-3.268, 2.142, -1.646) scan=(-3.260, 2.157, -1.638) correction=0.017 m/0.008 rad cluster_weight=0.936 publish=true
[gpu_amcl_cpp_node-6] [WARN] [1789473808.503974350] [gpu_amcl_cpp]: Queued LiDAR scan until source-time odometry arrives (queued=1).
[ground_truth_amcl_monitor-7] [INFO] [1789473809.009428986] [ground_truth_amcl_monitor]: AMCL vs GT: gt=(-3.703, 0.144) amcl=(-3.668, 0.164) error=0.040 m / 0.000 rad; current_map=(-3.671, 0.168, -2.136) error=0.040 m / 0.000 rad; odom=(-3.946, 0.237, -2.136) error=0.261 m / 0.000 rad; ekf=(-3.946, 0.237, -2.136) error=0.261 m / 0.000 rad; RMS=0.091 m / 0.018 rad max=0.218 m / 0.060 rad samples=2119
[component_container-9] [INFO] [1789473809.101468916] [pure_pursuit_node]: Pure Pursuit: pose=(-3.843, -0.066, -2.324) cte=0.026 closest=1712 target=1755 path_dist=0.026 heading_err=0.005 steer=-0.237 speed=1.932 startup_cap=12.000 lap_fraction=1.000
[gpu_amcl_cpp_node-6] [INFO] [1789473809.176952859] [gpu_amcl_cpp]: AMCL odom delta: at_scan=(3.187, -4.954, -0.791) baseline=(3.152, -4.921, -0.756) delta=(0.034, -0.033, -0.034) moved=true scan_age=0.048s
[gpu_amcl_cpp_node-6] [INFO] [1789473809.256646706] [gpu_amcl_cpp]: AMCL local correction: odom_prediction=(-3.983, -0.207, -2.462) scan=(-3.991, -0.217, -2.450) correction=0.013 m/0.012 rad cluster_weight=0.982 publish=true
[ground_truth_amcl_monitor-7] [INFO] [1789473810.010661116] [ground_truth_amcl_monitor]: AMCL vs GT: gt=(-5.327, -0.235) amcl=(-5.312, -0.240) error=0.017 m / 0.000 rad; current_map=(-5.312, -0.236, 2.458) error=0.016 m / 0.000 rad; odom=(-5.603, -0.155, 2.458) error=0.287 m / 0.000 rad; ekf=(-5.603, -0.155, 2.458) error=0.287 m / 0.000 rad; RMS=0.090 m / 0.019 rad max=0.218 m / 0.063 rad samples=2199
[component_container-9] [INFO] [1789473810.125184262] [pure_pursuit_node]: Pure Pursuit: pose=(-5.580, 0.036, 2.167) cte=-0.068 closest=1813 target=1857 path_dist=0.068 heading_err=-0.041 steer=-0.197 speed=2.796 startup_cap=12.000 lap_fraction=1.000
[gpu_amcl_cpp_node-6] [INFO] [1789473810.177406034] [gpu_amcl_cpp]: AMCL odom delta: at_scan=(3.011, -6.683, -2.548) baseline=(3.063, -6.646, -2.506) delta=(-0.052, -0.038, -0.042) moved=true scan_age=0.050s
[gpu_amcl_cpp_node-6] [INFO] [1789473810.282582237] [gpu_amcl_cpp]: AMCL local correction: odom_prediction=(-5.711, 0.291, 2.016) scan=(-5.701, 0.287, 2.022) correction=0.011 m/0.007 rad cluster_weight=0.962 publish=true
[ground_truth_amcl_monitor-7] [INFO] [1789473811.028596320] [ground_truth_amcl_monitor]: AMCL vs GT: gt=(-6.176, 3.145) amcl=(-6.165, 3.029) error=0.117 m / 0.013 rad; current_map=(-6.167, 3.151, 1.571) error=0.010 m / 0.000 rad; odom=(-6.517, 3.310, 1.571) error=0.378 m / 0.000 rad; ekf=(-6.517, 3.310, 1.571) error=0.378 m / 0.000 rad; RMS=0.089 m / 0.019 rad max=0.218 m / 0.063 rad samples=2280
[component_container-9] [INFO] [1789473811.149996781] [pure_pursuit_node]: Pure Pursuit: pose=(-6.125, 3.957, 1.482) cte=0.005 closest=2012 target=2063 path_dist=0.005 heading_err=-0.002 steer=-0.046 speed=4.539 startup_cap=12.000 lap_fraction=1.000
[gpu_amcl_cpp_node-6] [INFO] [1789473811.202078519] [gpu_amcl_cpp]: AMCL odom delta: at_scan=(-0.980, -7.287, 3.046) baseline=(-0.865, -7.295, 3.060) delta=(-0.116, 0.009, -0.014) moved=true scan_age=0.050s
[gpu_amcl_cpp_node-6] [INFO] [1789473811.306993059] [gpu_amcl_cpp]: AMCL local correction: odom_prediction=(-6.073, 4.407, 1.419) scan=(-6.067, 4.395, 1.425) correction=0.013 m/0.005 rad cluster_weight=0.982 publish=true
[gpu_amcl_cpp_node-6] [INFO] [1789473811.801909897] [gpu_amcl_cpp]: Received LiDAR callback #1183 (1081 ranges).
[gpu_amcl_cpp_node-6] [INFO] [1789473811.801974213] [gpu_amcl_cpp]: Starting AMCL scan update #1183 (sampled from 1081 ranges).
[ground_truth_amcl_monitor-7] [INFO] [1789473812.033396936] [ground_truth_amcl_monitor]: AMCL vs GT: gt=(-5.128, 6.793) amcl=(-5.120, 6.769) error=0.025 m / 0.000 rad; current_map=(-5.120, 6.769, 0.848) error=0.025 m / 0.000 rad; odom=(-5.524, 6.909, 0.848) error=0.412 m / 0.000 rad; ekf=(-5.524, 6.909, 0.848) error=0.412 m / 0.000 rad; RMS=0.089 m / 0.019 rad max=0.218 m / 0.063 rad samples=2361
[component_container-9] [INFO] [1789473812.150578887] [pure_pursuit_node]: Pure Pursuit: pose=(-4.765, 7.104, 0.648) cte=-0.008 closest=2188 target=2234 path_dist=0.008 heading_err=-0.017 steer=-0.136 speed=3.281 startup_cap=12.000 lap_fraction=1.000
[gpu_amcl_cpp_node-6] [INFO] [1789473812.202683448] [gpu_amcl_cpp]: AMCL odom delta: at_scan=(-4.097, -5.960, 2.216) baseline=(-4.049, -6.020, 2.247) delta=(-0.047, 0.060, -0.031) moved=true scan_age=0.051s
[gpu_amcl_cpp_node-6] [INFO] [1789473812.332293267] [gpu_amcl_cpp]: AMCL local correction: odom_prediction=(-4.433, 7.324, 0.486) scan=(-4.432, 7.319, 0.502) correction=0.005 m/0.016 rad cluster_weight=0.996 publish=true
[gpu_amcl_cpp_node-6] [INFO] [1789473812.702354920] [gpu_amcl_cpp]: AMCL scan update #1219 completed; evaluating pose confidence.
[ground_truth_amcl_monitor-7] [INFO] [1789473813.034219613] [ground_truth_amcl_monitor]: AMCL vs GT: gt=(-2.137, 7.344) amcl=(-2.125, 7.348) error=0.012 m / 0.000 rad; current_map=(-2.122, 7.348, -0.464) error=0.015 m / 0.000 rad; odom=(-2.506, 7.493, -0.464) error=0.399 m / 0.000 rad; ekf=(-2.506, 7.493, -0.464) error=0.399 m / 0.000 rad; RMS=0.089 m / 0.019 rad max=0.218 m / 0.063 rad samples=2441
[component_container-9] [INFO] [1789473813.150706099] [pure_pursuit_node]: Pure Pursuit: pose=(-1.545, 6.981, -0.677) cte=-0.026 closest=2361 target=2409 path_dist=0.026 heading_err=0.012 steer=-0.092 speed=4.427 startup_cap=12.000 lap_fraction=1.000
[gpu_amcl_cpp_node-6] [INFO] [1789473813.227562211] [gpu_amcl_cpp]: AMCL odom delta: at_scan=(-3.894, -2.627, 0.863) baseline=(-3.961, -2.710, 0.893) delta=(0.067, 0.083, -0.030) moved=true scan_age=0.051s
[gpu_amcl_cpp_node-6] [INFO] [1789473813.357041859] [gpu_amcl_cpp]: AMCL local correction: odom_prediction=(-1.065, 6.529, -0.841) scan=(-1.077, 6.541, -0.844) correction=0.017 m/0.003 rad cluster_weight=0.970 publish=true
[ground_truth_amcl_monitor-7] [INFO] [1789473814.035003179] [ground_truth_amcl_monitor]: AMCL vs GT: gt=(0.580, 3.290) amcl=(0.592, 3.212) error=0.078 m / 0.000 rad; current_map=(0.594, 3.208, -1.244) error=0.082 m / 0.000 rad; odom=(0.328, 3.344, -1.244) error=0.257 m / 0.000 rad; ekf=(0.328, 3.344, -1.244) error=0.257 m / 0.000 rad; RMS=0.088 m / 0.019 rad max=0.218 m / 0.063 rad samples=2521
[component_container-9] [INFO] [1789473814.178780279] [pure_pursuit_node]: Pure Pursuit: pose=(0.969, 1.890, -1.321) cte=0.010 closest=63 target=119 path_dist=0.010 heading_err=-0.021 steer=-0.032 speed=7.419 startup_cap=12.000 lap_fraction=1.000
[gpu_amcl_cpp_node-6] [INFO] [1789473814.228584085] [gpu_amcl_cpp]: AMCL odom delta: at_scan=(1.124, -0.077, 0.243) baseline=(0.944, -0.124, 0.248) delta=(0.180, 0.047, -0.006) moved=true scan_age=0.053s
[gpu_amcl_cpp_node-6] [INFO] [1789473814.382873466] [gpu_amcl_cpp]: AMCL local correction: odom_prediction=(1.183, 0.848, -1.408) scan=(1.173, 0.934, -1.414) correction=0.087 m/0.006 rad cluster_weight=0.912 publish=true
[gpu_amcl_cpp_node-6] [WARN] [1789473814.406649889] [gpu_amcl_cpp]: No local AMCL cluster near odometry prediction; using causal odometry pose.
[ground_truth_amcl_monitor-7] [INFO] [1789473815.035435065] [ground_truth_amcl_monitor]: AMCL vs GT: gt=(1.219, -3.546) amcl=(1.229, -3.606) error=0.061 m / 0.000 rad; current_map=(1.229, -3.610, -1.709) error=0.064 m / 0.000 rad; odom=(1.014, -3.545, -1.709) error=0.205 m / 0.000 rad; ekf=(1.014, -3.545, -1.709) error=0.205 m / 0.000 rad; RMS=0.088 m / 0.018 rad max=0.218 m / 0.063 rad samples=2601
[component_container-9] [INFO] [1789473815.200850069] [pure_pursuit_node]: Pure Pursuit: pose=(0.972, -5.058, -1.738) cte=-0.008 closest=413 target=468 path_dist=0.008 heading_err=-0.016 steer=-0.039 speed=5.618 startup_cap=12.000 lap_fraction=1.000
[gpu_amcl_cpp_node-6] [INFO] [1789473815.252345952] [gpu_amcl_cpp]: AMCL odom delta: at_scan=(8.177, -0.046, -0.165) baseline=(8.019, -0.019, -0.189) delta=(0.158, -0.027, 0.024) moved=true scan_age=0.052s
[gpu_amcl_cpp_node-6] [INFO] [1789473815.406220298] [gpu_amcl_cpp]: AMCL local correction: odom_prediction=(0.817, -5.831, -1.811) scan=(0.817, -5.821, -1.810) correction=0.010 m/0.001 rad cluster_weight=0.968 publish=true
[ground_truth_amcl_monitor-7] [INFO] [1789473816.053260374] [ground_truth_amcl_monitor]: AMCL vs GT: gt=(0.155, -8.450) amcl=(0.210, -8.321) error=0.141 m / 0.022 rad; current_map=(0.184, -8.403, -1.901) error=0.056 m / 0.000 rad; odom=(-0.025, -8.415, -1.901) error=0.183 m / 0.000 rad; ekf=(-0.025, -8.415, -1.901) error=0.183 m / 0.000 rad; RMS=0.088 m / 0.018 rad max=0.218 m / 0.063 rad samples=2682
[component_container-9] [INFO] [1789473816.225842852] [pure_pursuit_node]: Pure Pursuit: pose=(-0.054, -9.010, -2.011) cte=0.007 closest=618 target=663 path_dist=0.007 heading_err=0.011 steer=-0.085 speed=2.549 startup_cap=12.000 lap_fraction=1.000
[gpu_amcl_cpp_node-6] [INFO] [1789473816.277343697] [gpu_amcl_cpp]: AMCL odom delta: at_scan=(12.165, -1.052, -0.439) baseline=(12.112, -1.029, -0.421) delta=(0.053, -0.023, -0.017) moved=true scan_age=0.053s
[gpu_amcl_cpp_node-6] [INFO] [1789473816.431743815] [gpu_amcl_cpp]: AMCL local correction: odom_prediction=(-0.225, -9.335, -2.120) scan=(-0.228, -9.350, -2.118) correction=0.015 m/0.002 rad cluster_weight=0.995 publish=true
[gpu_amcl_cpp_node-6] [INFO] [1789473816.801982056] [gpu_amcl_cpp]: Received LiDAR callback #1383 (1081 ranges).
[gpu_amcl_cpp_node-6] [INFO] [1789473816.802032779] [gpu_amcl_cpp]: Starting AMCL scan update #1383 (sampled from 1081 ranges).
[ground_truth_amcl_monitor-7] [INFO] [1789473817.059924207] [ground_truth_amcl_monitor]: AMCL vs GT: gt=(-1.479, -10.123) amcl=(-1.468, -10.097) error=0.028 m / 0.000 rad; current_map=(-1.467, -10.098, 3.111) error=0.027 m / 0.000 rad; odom=(-1.659, -10.109, 3.111) error=0.181 m / 0.000 rad; ekf=(-1.659, -10.109, 3.111) error=0.181 m / 0.000 rad; RMS=0.088 m / 0.018 rad max=0.218 m / 0.063 rad samples=2763
[component_container-9] [INFO] [1789473817.225966074] [pure_pursuit_node]: Pure Pursuit: pose=(-2.025, -9.945, 2.649) cte=-0.015 closest=743 target=788 path_dist=0.015 heading_err=-0.044 steer=-0.249 speed=2.648 startup_cap=12.000 lap_fraction=1.000
[gpu_amcl_cpp_node-6] [INFO] [1789473817.302737193] [gpu_amcl_cpp]: AMCL odom delta: at_scan=(13.095, -3.068, -2.106) baseline=(13.125, -3.013, -2.059) delta=(-0.030, -0.055, -0.047) moved=true scan_age=0.054s
[gpu_amcl_cpp_node-6] [INFO] [1789473817.432461034] [gpu_amcl_cpp]: AMCL local correction: odom_prediction=(-2.332, -9.716, 2.382) scan=(-2.324, -9.727, 2.389) correction=0.013 m/0.007 rad cluster_weight=0.979 publish=true
[gpu_amcl_cpp_node-6] [INFO] [1789473817.728715312] [gpu_amcl_cpp]: AMCL scan update #1420 completed; evaluating pose confidence.
[ground_truth_amcl_monitor-7] [INFO] [1789473818.077338774] [ground_truth_amcl_monitor]: AMCL vs GT: gt=(-3.128, -7.742) amcl=(-3.116, -7.780) error=0.040 m / 0.019 rad; current_map=(-3.129, -7.674, 1.672) error=0.068 m / 0.000 rad; odom=(-3.366, -7.788, 1.692) error=0.242 m / 0.019 rad; ekf=(-3.366, -7.788, 1.692) error=0.242 m / 0.019 rad; RMS=0.087 m / 0.019 rad max=0.218 m / 0.063 rad samples=2844
[component_container-9] [INFO] [1789473818.226185655] [pure_pursuit_node]: Pure Pursuit: pose=(-3.154, -6.774, 1.545) cte=0.001 closest=918 target=968 path_dist=0.001 heading_err=-0.010 steer=-0.049 speed=5.147 startup_cap=12.000 lap_fraction=1.000
[gpu_amcl_cpp_node-6] [INFO] [1789473818.326427237] [gpu_amcl_cpp]: AMCL odom delta: at_scan=(9.673, -4.215, 3.081) baseline=(9.793, -4.220, 3.098) delta=(-0.121, 0.005, -0.017) moved=true scan_age=0.054s
[gpu_amcl_cpp_node-6] [INFO] [1789473818.456757191] [gpu_amcl_cpp]: AMCL local correction: odom_prediction=(-3.066, -5.944, 1.431) scan=(-3.053, -5.945, 1.428) correction=0.013 m/0.004 rad cluster_weight=0.972 publish=true
[ground_truth_amcl_monitor-7] [INFO] [1789473819.077811057] [ground_truth_amcl_monitor]: AMCL vs GT: gt=(-2.271, -2.793) amcl=(-2.277, -2.881) error=0.088 m / 0.002 rad; current_map=(-2.236, -2.741, 1.284) error=0.063 m / 0.000 rad; odom=(-2.547, -2.655, 1.284) error=0.308 m / 0.000 rad; ekf=(-2.547, -2.655, 1.284) error=0.308 m / 0.000 rad; RMS=0.087 m / 0.019 rad max=0.218 m / 0.063 rad samples=2924
[component_container-9] [INFO] [1789473819.250526458] [pure_pursuit_node]: Pure Pursuit: pose=(-1.873, -1.374, 1.285) cte=0.001 closest=1196 target=1250 path_dist=0.001 heading_err=0.040 steer=0.049 speed=5.345 startup_cap=12.000 lap_fraction=1.000
[gpu_amcl_cpp_node-6] [INFO] [1789473819.327377254] [gpu_amcl_cpp]: AMCL odom delta: at_scan=(4.331, -2.956, 2.877) baseline=(4.469, -2.992, 2.873) delta=(-0.137, 0.036, 0.005) moved=true scan_age=0.055s
[gpu_amcl_cpp_node-6] [INFO] [1789473819.457536998] [gpu_amcl_cpp]: AMCL local correction: odom_prediction=(-1.708, -0.645, 1.364) scan=(-1.713, -0.642, 1.357) correction=0.006 m/0.008 rad cluster_weight=0.936 publish=true
[gpu_amcl_cpp_node-6] [WARN] [1789473819.727199073] [gpu_amcl_cpp]: Queued LiDAR scan until source-time odometry arrives (queued=1).
[ground_truth_amcl_monitor-7] [INFO] [1789473820.078241809] [ground_truth_amcl_monitor]: AMCL vs GT: gt=(-1.296, 1.677) amcl=(-1.283, 1.611) error=0.067 m / 0.013 rad; current_map=(-1.274, 1.703, 1.491) error=0.034 m / 0.000 rad; odom=(-1.594, 1.798, 1.491) error=0.322 m / 0.000 rad; ekf=(-1.594, 1.798, 1.491) error=0.322 m / 0.000 rad; RMS=0.086 m / 0.018 rad max=0.218 m / 0.063 rad samples=3004
[component_container-9] [INFO] [1789473820.250780344] [pure_pursuit_node]: Pure Pursuit: pose=(-1.271, 2.416, 1.669) cte=-0.000 closest=1388 target=1434 path_dist=0.000 heading_err=-0.023 steer=0.105 speed=2.096 startup_cap=12.000 lap_fraction=1.000
[gpu_amcl_cpp_node-6] [INFO] [1789473820.351965085] [gpu_amcl_cpp]: AMCL odom delta: at_scan=(0.559, -2.393, -3.014) baseline=(0.615, -2.387, -3.032) delta=(-0.057, -0.006, 0.018) moved=true scan_age=0.055s
[gpu_amcl_cpp_node-6] [INFO] [1789473820.458025844] [gpu_amcl_cpp]: AMCL local correction: odom_prediction=(-1.309, 2.724, 1.770) scan=(-1.311, 2.721, 1.770) correction=0.004 m/0.001 rad cluster_weight=0.981 publish=true
[ground_truth_amcl_monitor-7] [INFO] [1789473821.084566641] [ground_truth_amcl_monitor]: AMCL vs GT: gt=(-1.895, 3.667) amcl=(-1.885, 3.696) error=0.030 m / 0.000 rad; current_map=(-1.884, 3.695, 2.576) error=0.030 m / 0.000 rad; odom=(-2.168, 3.776, 2.576) error=0.294 m / 0.000 rad; ekf=(-2.168, 3.776, 2.576) error=0.294 m / 0.000 rad; RMS=0.085 m / 0.018 rad max=0.218 m / 0.063 rad samples=3085
[component_container-9] [INFO] [1789473821.275508846] [pure_pursuit_node]: Pure Pursuit: pose=(-2.300, 3.841, 3.096) cte=-0.013 closest=1487 target=1530 path_dist=0.013 heading_err=0.057 steer=0.442 speed=1.862 startup_cap=12.000 lap_fraction=1.000
[gpu_amcl_cpp_node-6] [INFO] [1789473821.352775620] [gpu_amcl_cpp]: AMCL odom delta: at_scan=(-0.757, -3.418, -1.570) baseline=(-0.755, -3.376, -1.622) delta=(-0.002, -0.041, 0.052) moved=true scan_age=0.058s
[gpu_amcl_cpp_node-6] [INFO] [1789473821.481441771] [gpu_amcl_cpp]: AMCL local correction: odom_prediction=(-2.548, 3.791, -2.851) scan=(-2.522, 3.795, -2.841) correction=0.026 m/0.010 rad cluster_weight=0.983 publish=true
[gpu_amcl_cpp_node-6] [INFO] [1789473821.802076758] [gpu_amcl_cpp]: Received LiDAR callback #1584 (1081 ranges).
[gpu_amcl_cpp_node-6] [INFO] [1789473821.802136583] [gpu_amcl_cpp]: Starting AMCL scan update #1584 (sampled from 1081 ranges).
[ground_truth_amcl_monitor-7] [INFO] [1789473822.103072238] [ground_truth_amcl_monitor]: AMCL vs GT: gt=(-3.219, 2.728) amcl=(-3.187, 2.731) error=0.032 m / 0.024 rad; current_map=(-3.203, 2.655, -1.748) error=0.075 m / 0.000 rad; odom=(-3.608, 2.807, -1.748) error=0.396 m / 0.000 rad; ekf=(-3.608, 2.807, -1.748) error=0.396 m / 0.000 rad; RMS=0.085 m / 0.019 rad max=0.218 m / 0.064 rad samples=3166
[component_container-9] [INFO] [1789473822.276273432] [pure_pursuit_node]: Pure Pursuit: pose=(-3.280, 1.933, -1.642) cte=0.054 closest=1605 target=1651 path_dist=0.054 heading_err=-0.051 steer=-0.000 speed=3.283 startup_cap=12.000 lap_fraction=1.000
[gpu_amcl_cpp_node-6] [INFO] [1789473822.376712995] [gpu_amcl_cpp]: AMCL odom delta: at_scan=(1.223, -4.510, -0.071) baseline=(1.145, -4.504, -0.071) delta=(0.078, -0.006, 0.000) moved=true scan_age=0.056s
[gpu_amcl_cpp_node-6] [INFO] [1789473822.483015112] [gpu_amcl_cpp]: AMCL local correction: odom_prediction=(-3.320, 1.488, -1.662) scan=(-3.321, 1.510, -1.654) correction=0.022 m/0.007 rad cluster_weight=0.973 publish=true
[gpu_amcl_cpp_node-6] [INFO] [1789473822.753453676] [gpu_amcl_cpp]: AMCL scan update #1622 completed; evaluating pose confidence.
[ground_truth_amcl_monitor-7] [INFO] [1789473823.103094813] [ground_truth_amcl_monitor]: AMCL vs GT: gt=(-3.748, 0.102) amcl=(-3.699, 0.153) error=0.071 m / 0.029 rad; current_map=(-3.725, 0.113, -2.175) error=0.026 m / 0.000 rad; odom=(-4.114, 0.195, -2.175) error=0.377 m / 0.000 rad; ekf=(-4.114, 0.195, -2.175) error=0.377 m / 0.000 rad; RMS=0.084 m / 0.019 rad max=0.218 m / 0.064 rad samples=3246
[component_container-9] [INFO] [1789473823.300487500] [pure_pursuit_node]: Pure Pursuit: pose=(-4.051, -0.247, -2.506) cte=0.022 closest=1726 target=1769 path_dist=0.022 heading_err=-0.083 steer=-0.273 speed=1.943 startup_cap=12.000 lap_fraction=1.000
[gpu_amcl_cpp_node-6] [INFO] [1789473823.376898064] [gpu_amcl_cpp]: AMCL odom delta: at_scan=(3.332, -5.269, -0.967) baseline=(3.305, -5.232, -0.930) delta=(0.028, -0.038, -0.036) moved=true scan_age=0.057s
[gpu_amcl_cpp_node-6] [INFO] [1789473823.483345610] [gpu_amcl_cpp]: AMCL local correction: odom_prediction=(-4.251, -0.366, -2.699) scan=(-4.255, -0.368, -2.697) correction=0.004 m/0.002 rad cluster_weight=0.971 publish=true
[ground_truth_amcl_monitor-7] [INFO] [1789473824.103266698] [ground_truth_amcl_monitor]: AMCL vs GT: gt=(-5.379, -0.167) amcl=(-5.330, -0.196) error=0.057 m / 0.043 rad; current_map=(-5.373, -0.159, 2.395) error=0.010 m / 0.000 rad; odom=(-5.783, -0.086, 2.395) error=0.412 m / 0.000 rad; ekf=(-5.783, -0.086, 2.395) error=0.412 m / 0.000 rad; RMS=0.083 m / 0.019 rad max=0.218 m / 0.064 rad samples=3326
[component_container-9] [INFO] [1789473824.325678317] [pure_pursuit_node]: Pure Pursuit: pose=(-5.775, 0.454, 1.963) cte=-0.063 closest=1836 target=1881 path_dist=0.063 heading_err=-0.028 steer=-0.119 speed=3.328 startup_cap=12.000 lap_fraction=1.000
[gpu_amcl_cpp_node-6] [INFO] [1789473824.378130171] [gpu_amcl_cpp]: AMCL odom delta: at_scan=(2.641, -7.001, -2.736) baseline=(2.711, -6.969, -2.705) delta=(-0.069, -0.032, -0.031) moved=true scan_age=0.059s
[gpu_amcl_cpp_node-6] [INFO] [1789473824.507301357] [gpu_amcl_cpp]: AMCL local correction: odom_prediction=(-5.902, 0.829, 1.849) scan=(-5.897, 0.829, 1.841) correction=0.004 m/0.008 rad cluster_weight=0.962 publish=true
[ground_truth_amcl_monitor-7] [INFO] [1789473825.110223818] [ground_truth_amcl_monitor]: AMCL vs GT: gt=(-6.171, 3.310) amcl=(-6.158, 3.334) error=0.027 m / 0.000 rad; current_map=(-6.159, 3.335, 1.545) error=0.027 m / 0.000 rad; odom=(-6.640, 3.475, 1.545) error=0.498 m / 0.000 rad; ekf=(-6.640, 3.475, 1.545) error=0.498 m / 0.000 rad; RMS=0.083 m / 0.019 rad max=0.218 m / 0.064 rad samples=3407
[component_container-9] [INFO] [1789473825.325970394] [pure_pursuit_node]: Pure Pursuit: pose=(-6.030, 4.613, 1.389) cte=0.010 closest=2045 target=2095 path_dist=0.010 heading_err=-0.003 steer=-0.051 speed=4.291 startup_cap=12.000 lap_fraction=1.000
[gpu_amcl_cpp_node-6] [INFO] [1789473825.402005941] [gpu_amcl_cpp]: AMCL odom delta: at_scan=(-1.679, -7.316, 2.951) baseline=(-1.572, -7.335, 2.963) delta=(-0.107, 0.019, -0.013) moved=true scan_age=0.058s
[gpu_amcl_cpp_node-6] [INFO] [1789473825.530715136] [gpu_amcl_cpp]: AMCL local correction: odom_prediction=(-5.887, 5.207, 1.286) scan=(-5.883, 5.229, 1.284) correction=0.022 m/0.002 rad cluster_weight=0.990 publish=true
[ground_truth_amcl_monitor-7] [INFO] [1789473826.110602352] [ground_truth_amcl_monitor]: AMCL vs GT: gt=(-5.070, 6.835) amcl=(-5.053, 6.822) error=0.021 m / 0.000 rad; current_map=(-5.053, 6.822, 0.818) error=0.021 m / 0.000 rad; odom=(-5.595, 6.954, 0.818) error=0.538 m / 0.000 rad; ekf=(-5.595, 6.954, 0.818) error=0.538 m / 0.000 rad; RMS=0.082 m / 0.019 rad max=0.218 m / 0.064 rad samples=3487
[component_container-9] [INFO] [1789473826.350745643] [pure_pursuit_node]: Pure Pursuit: pose=(-4.310, 7.375, 0.446) cte=-0.008 closest=2214 target=2261 path_dist=0.008 heading_err=0.004 steer=-0.146 speed=3.354 startup_cap=12.000 lap_fraction=1.000
[gpu_amcl_cpp_node-6] [INFO] [1789473826.402226562] [gpu_amcl_cpp]: AMCL odom delta: at_scan=(-4.353, -5.661, 2.023) baseline=(-4.315, -5.734, 2.058) delta=(-0.038, 0.073, -0.036) moved=true scan_age=0.058s
[gpu_amcl_cpp_node-6] [INFO] [1789473826.532622452] [gpu_amcl_cpp]: AMCL local correction: odom_prediction=(-3.957, 7.509, 0.279) scan=(-3.959, 7.515, 0.288) correction=0.006 m/0.009 rad cluster_weight=0.988 publish=true
[gpu_amcl_cpp_node-6] [INFO] [1789473826.827324613] [gpu_amcl_cpp]: Received LiDAR callback #1785 (1081 ranges).
[gpu_amcl_cpp_node-6] [INFO] [1789473826.827385448] [gpu_amcl_cpp]: Starting AMCL scan update #1785 (sampled from 1081 ranges).
[ground_truth_amcl_monitor-7] [INFO] [1789473827.127378924] [ground_truth_amcl_monitor]: AMCL vs GT: gt=(-1.946, 7.245) amcl=(-2.011, 7.293) error=0.081 m / 0.033 rad; current_map=(-1.925, 7.245, -0.532) error=0.021 m / 0.000 rad; odom=(-2.437, 7.395, -0.532) error=0.513 m / 0.000 rad; ekf=(-2.522, 7.442, -0.500) error=0.610 m / 0.033 rad; RMS=0.082 m / 0.019 rad max=0.218 m / 0.064 rad samples=3568
[component_container-9] [INFO] [1789473827.350813961] [pure_pursuit_node]: Pure Pursuit: pose=(-1.030, 6.488, -0.864) cte=-0.024 closest=2396 target=2446 path_dist=0.024 heading_err=0.016 steer=-0.060 speed=4.866 startup_cap=12.000 lap_fraction=1.000
[gpu_amcl_cpp_node-6] [INFO] [1789473827.426805268] [gpu_amcl_cpp]: AMCL odom delta: at_scan=(-3.400, -2.254, 0.694) baseline=(-3.488, -2.331, 0.718) delta=(0.088, 0.077, -0.024) moved=true scan_age=0.058s
[gpu_amcl_cpp_node-6] [INFO] [1789473827.557396112] [gpu_amcl_cpp]: AMCL local correction: odom_prediction=(-0.628, 5.963, -0.978) scan=(-0.657, 5.995, -0.971) correction=0.044 m/0.006 rad cluster_weight=0.981 publish=true
[gpu_amcl_cpp_node-6] [INFO] [1789473827.779553507] [gpu_amcl_cpp]: AMCL scan update #1823 completed; evaluating pose confidence.
[ground_truth_amcl_monitor-7] [INFO] [1789473828.128353078] [ground_truth_amcl_monitor]: AMCL vs GT: gt=(0.714, 2.952) amcl=(0.643, 3.104) error=0.168 m / 0.015 rad; current_map=(0.693, 2.943, -1.291) error=0.023 m / 0.000 rad; odom=(0.333, 2.997, -1.291) error=0.384 m / 0.000 rad; ekf=(0.333, 2.997, -1.291) error=0.384 m / 0.000 rad; RMS=0.082 m / 0.019 rad max=0.218 m / 0.064 rad samples=3648
[component_container-9] [INFO] [1789473828.375795806] [pure_pursuit_node]: Pure Pursuit: pose=(1.187, 1.018, -1.405) cte=-0.029 closest=108 target=162 path_dist=0.029 heading_err=0.008 steer=-0.038 speed=6.745 startup_cap=12.000 lap_fraction=1.000
[gpu_amcl_cpp_node-6] [INFO] [1789473828.426928901] [gpu_amcl_cpp]: AMCL odom delta: at_scan=(2.049, 0.022, 0.181) baseline=(1.909, -0.003, 0.177) delta=(0.140, 0.025, 0.004) moved=true scan_age=0.059s
[gpu_amcl_cpp_node-6] [WARN] [1789473828.481291991] [gpu_amcl_cpp]: No local AMCL cluster near odometry prediction; using causal odometry pose.
[gpu_amcl_cpp_node-6] [INFO] [1789473828.582476752] [gpu_amcl_cpp]: AMCL local correction: odom_prediction=(1.312, 0.215, -1.471) scan=(1.305, 0.225, -1.446) correction=0.012 m/0.025 rad cluster_weight=0.906 publish=true
[ground_truth_amcl_monitor-7] [INFO] [1789473829.134004238] [ground_truth_amcl_monitor]: AMCL vs GT: gt=(1.303, -3.051) amcl=(1.322, -3.051) error=0.020 m / 0.000 rad; current_map=(1.320, -3.062, -1.725) error=0.021 m / 0.000 rad; odom=(0.932, -3.059, -1.725) error=0.370 m / 0.000 rad; ekf=(0.932, -3.059, -1.725) error=0.370 m / 0.000 rad; RMS=0.083 m / 0.019 rad max=0.218 m / 0.064 rad samples=3729
[component_container-9] [INFO] [1789473829.401049731] [pure_pursuit_node]: Pure Pursuit: pose=(1.005, -5.005, -1.690) cte=-0.031 closest=410 target=464 path_dist=0.031 heading_err=-0.062 steer=-0.102 speed=5.556 startup_cap=12.000 lap_fraction=1.000
[gpu_amcl_cpp_node-6] [INFO] [1789473829.427171019] [gpu_amcl_cpp]: AMCL odom delta: at_scan=(8.014, -0.178, -0.165) baseline=(7.863, -0.149, -0.187) delta=(0.151, -0.029, 0.022) moved=true scan_age=0.060s
[gpu_amcl_cpp_node-6] [INFO] [1789473829.606052400] [gpu_amcl_cpp]: AMCL local correction: odom_prediction=(0.834, -5.725, -1.806) scan=(0.842, -5.701, -1.813) correction=0.025 m/0.008 rad cluster_weight=0.957 publish=true
[ground_truth_amcl_monitor-7] [INFO] [1789473830.134360495] [ground_truth_amcl_monitor]: AMCL vs GT: gt=(0.297, -7.983) amcl=(0.337, -7.868) error=0.122 m / 0.000 rad; current_map=(0.335, -7.868, -1.805) error=0.122 m / 0.000 rad; odom=(-0.077, -7.976, -1.805) error=0.374 m / 0.000 rad; ekf=(-0.077, -7.976, -1.805) error=0.374 m / 0.000 rad; RMS=0.085 m / 0.019 rad max=0.219 m / 0.064 rad samples=3809
[component_container-9] [INFO] [1789473830.425522634] [pure_pursuit_node]: Pure Pursuit: pose=(-0.022, -8.966, -2.029) cte=-0.004 closest=615 target=660 path_dist=0.004 heading_err=0.040 steer=-0.052 speed=2.549 startup_cap=12.000 lap_fraction=1.000
[gpu_amcl_cpp_node-6] [INFO] [1789473830.451546120] [gpu_amcl_cpp]: AMCL odom delta: at_scan=(12.133, -1.195, -0.420) baseline=(12.074, -1.172, -0.399) delta=(0.058, -0.023, -0.021) moved=true scan_age=0.060s
[gpu_amcl_cpp_node-6] [INFO] [1789473830.607504158] [gpu_amcl_cpp]: AMCL local correction: odom_prediction=(-0.146, -9.246, -2.079) scan=(-0.154, -9.270, -2.065) correction=0.025 m/0.014 rad cluster_weight=0.993 publish=true
[ground_truth_amcl_monitor-7] [INFO] [1789473831.153058200] [ground_truth_amcl_monitor]: AMCL vs GT: gt=(-1.222, -10.132) amcl=(-1.106, -10.090) error=0.123 m / 0.048 rad; current_map=(-1.167, -10.103, -2.964) error=0.063 m / 0.000 rad; odom=(-1.579, -10.134, -2.964) error=0.357 m / 0.000 rad; ekf=(-1.579, -10.134, -2.964) error=0.357 m / 0.000 rad; RMS=0.086 m / 0.019 rad max=0.219 m / 0.064 rad samples=3890
[component_container-9] [INFO] [1789473831.426201400] [pure_pursuit_node]: Pure Pursuit: pose=(-1.977, -9.988, 2.666) cte=-0.028 closest=740 target=785 path_dist=0.028 heading_err=-0.008 steer=-0.245 speed=2.594 startup_cap=12.000 lap_fraction=1.000
[gpu_amcl_cpp_node-6] [INFO] [1789473831.451778232] [gpu_amcl_cpp]: AMCL odom delta: at_scan=(13.215, -3.107, -1.980) baseline=(13.238, -3.048, -1.932) delta=(-0.023, -0.059, -0.048) moved=true scan_age=0.060s
[gpu_amcl_cpp_node-6] [INFO] [1789473831.630755246] [gpu_amcl_cpp]: AMCL local correction: odom_prediction=(-2.285, -9.796, 2.418) scan=(-2.283, -9.794, 2.447) correction=0.003 m/0.029 rad cluster_weight=0.965 publish=true
[gpu_amcl_cpp_node-6] [INFO] [1789473831.833380594] [gpu_amcl_cpp]: Received LiDAR callback #1986 (1081 ranges).
[gpu_amcl_cpp_node-6] [INFO] [1789473831.833442111] [gpu_amcl_cpp]: Starting AMCL scan update #1986 (sampled from 1081 ranges).
[ground_truth_amcl_monitor-7] [INFO] [1789473832.153828423] [ground_truth_amcl_monitor]: AMCL vs GT: gt=(-3.035, -8.398) amcl=(-3.019, -8.459) error=0.063 m / 0.023 rad; current_map=(-3.042, -8.368, 1.794) error=0.031 m / 0.000 rad; odom=(-3.452, -8.373, 1.794) error=0.418 m / 0.000 rad; ekf=(-3.452, -8.373, 1.794) error=0.418 m / 0.000 rad; RMS=0.086 m / 0.019 rad max=0.219 m / 0.064 rad samples=3970
[component_container-9] [INFO] [1789473832.451305112] [pure_pursuit_node]: Pure Pursuit: pose=(-3.161, -6.849, 1.545) cte=-0.004 closest=914 target=964 path_dist=0.004 heading_err=0.001 steer=-0.046 speed=5.148 startup_cap=12.000 lap_fraction=1.000
[gpu_amcl_cpp_node-6] [INFO] [1789473832.452754392] [gpu_amcl_cpp]: AMCL odom delta: at_scan=(10.239, -4.404, -3.137) baseline=(10.353, -4.402, -3.124) delta=(-0.114, -0.003, -0.013) moved=true scan_age=0.062s
[gpu_amcl_cpp_node-6] [INFO] [1789473832.632508795] [gpu_amcl_cpp]: AMCL local correction: odom_prediction=(-3.114, -6.312, 1.467) scan=(-3.116, -6.347, 1.474) correction=0.035 m/0.007 rad cluster_weight=0.982 publish=true
[gpu_amcl_cpp_node-6] [INFO] [1789473832.802790787] [gpu_amcl_cpp]: AMCL scan update #2024 completed; evaluating pose confidence.
[ground_truth_amcl_monitor-7] [INFO] [1789473833.159299573] [ground_truth_amcl_monitor]: AMCL vs GT: gt=(-2.534, -3.690) amcl=(-2.528, -3.737) error=0.047 m / 0.000 rad; current_map=(-2.524, -3.735, 1.261) error=0.046 m / 0.000 rad; odom=(-2.989, -3.597, 1.261) error=0.465 m / 0.000 rad; ekf=(-2.989, -3.597, 1.261) error=0.465 m / 0.000 rad; RMS=0.086 m / 0.019 rad max=0.219 m / 0.064 rad samples=4051
[component_container-9] [INFO] [1789473833.475925268] [pure_pursuit_node]: Pure Pursuit: pose=(-1.891, -1.503, 1.294) cte=0.016 closest=1189 target=1244 path_dist=0.016 heading_err=0.029 steer=0.049 speed=5.385 startup_cap=12.000 lap_fraction=1.000
[gpu_amcl_cpp_node-6] [INFO] [1789473833.477021332] [gpu_amcl_cpp]: AMCL odom delta: at_scan=(4.867, -3.247, 2.894) baseline=(5.017, -3.285, 2.894) delta=(-0.150, 0.038, 0.000) moved=true scan_age=0.062s
[gpu_amcl_cpp_node-6] [INFO] [1789473833.654864972] [gpu_amcl_cpp]: AMCL local correction: odom_prediction=(-1.760, -0.913, 1.344) scan=(-1.761, -0.915, 1.324) correction=0.003 m/0.020 rad cluster_weight=0.937 publish=true
[ground_truth_amcl_monitor-7] [INFO] [1789473834.178428233] [ground_truth_amcl_monitor]: AMCL vs GT: gt=(-1.342, 1.221) amcl=(-1.346, 1.093) error=0.129 m / 0.004 rad; current_map=(-1.333, 1.180, 1.426) error=0.042 m / 0.000 rad; odom=(-1.807, 1.344, 1.426) error=0.481 m / 0.000 rad; ekf=(-1.807, 1.344, 1.426) error=0.481 m / 0.000 rad; RMS=0.087 m / 0.019 rad max=0.219 m / 0.064 rad samples=4132
[component_container-9] [INFO] [1789473834.475925072] [pure_pursuit_node]: Pure Pursuit: pose=(-1.252, 2.360, 1.631) cte=0.015 closest=1386 target=1432 path_dist=0.015 heading_err=-0.003 steer=0.142 speed=2.187 startup_cap=12.000 lap_fraction=1.000
[gpu_amcl_cpp_node-6] [INFO] [1789473834.477373053] [gpu_amcl_cpp]: AMCL odom delta: at_scan=(0.848, -2.524, -3.117) baseline=(0.921, -2.524, -3.136) delta=(-0.073, -0.000, 0.019) moved=true scan_age=0.062s
[gpu_amcl_cpp_node-6] [INFO] [1789473834.655432906] [gpu_amcl_cpp]: AMCL local correction: odom_prediction=(-1.274, 2.631, 1.739) scan=(-1.276, 2.646, 1.722) correction=0.015 m/0.017 rad cluster_weight=0.973 publish=true
[ground_truth_amcl_monitor-7] [INFO] [1789473835.183020393] [ground_truth_amcl_monitor]: AMCL vs GT: gt=(-1.696, 3.542) amcl=(-1.656, 3.545) error=0.040 m / 0.000 rad; current_map=(-1.658, 3.541, 2.335) error=0.038 m / 0.000 rad; odom=(-2.143, 3.626, 2.335) error=0.455 m / 0.000 rad; ekf=(-2.143, 3.626, 2.335) error=0.455 m / 0.000 rad; RMS=0.087 m / 0.019 rad max=0.219 m / 0.064 rad samples=4213
[gpu_amcl_cpp_node-6] [WARN] [1789473835.226714187] [gpu_amcl_cpp]: Queued LiDAR scan until source-time odometry arrives (queued=1).
[component_container-9] [INFO] [1789473835.476143429] [pure_pursuit_node]: Pure Pursuit: pose=(-2.218, 3.859, 3.035) cte=0.006 closest=1483 target=1526 path_dist=0.006 heading_err=0.058 steer=0.427 speed=1.894 startup_cap=12.000 lap_fraction=1.000
[gpu_amcl_cpp_node-6] [INFO] [1789473835.477768298] [gpu_amcl_cpp]: AMCL odom delta: at_scan=(-0.741, -3.395, -1.808) baseline=(-0.729, -3.351, -1.861) delta=(-0.012, -0.044, 0.053) moved=true scan_age=0.063s
[gpu_amcl_cpp_node-6] [INFO] [1789473835.657862776] [gpu_amcl_cpp]: AMCL local correction: odom_prediction=(-2.422, 3.868, -2.989) scan=(-2.415, 3.875, -3.016) correction=0.010 m/0.028 rad cluster_weight=0.983 publish=true
[ground_truth_amcl_monitor-7] [INFO] [1789473836.202539683] [ground_truth_amcl_monitor]: AMCL vs GT: gt=(-3.139, 3.139) amcl=(-3.093, 3.174) error=0.058 m / 0.035 rad; current_map=(-3.114, 3.120, -1.920) error=0.031 m / 0.000 rad; odom=(-3.681, 3.215, -1.920) error=0.547 m / 0.000 rad; ekf=(-3.681, 3.215, -1.920) error=0.547 m / 0.000 rad; RMS=0.086 m / 0.019 rad max=0.219 m / 0.064 rad samples=4294
[component_container-9] [INFO] [1789473836.476360094] [pure_pursuit_node]: Pure Pursuit: pose=(-3.274, 2.197, -1.636) cte=0.079 closest=1592 target=1638 path_dist=0.079 heading_err=-0.057 steer=0.017 speed=3.290 startup_cap=12.000 lap_fraction=1.000
[gpu_amcl_cpp_node-6] [INFO] [1789473836.477940526] [gpu_amcl_cpp]: AMCL odom delta: at_scan=(0.680, -4.636, -0.096) baseline=(0.599, -4.627, -0.109) delta=(0.081, -0.009, 0.013) moved=true scan_age=0.063s
[gpu_amcl_cpp_node-6] [INFO] [1789473836.681421978] [gpu_amcl_cpp]: AMCL local correction: odom_prediction=(-3.310, 1.776, -1.627) scan=(-3.309, 1.818, -1.617) correction=0.043 m/0.009 rad cluster_weight=0.973 publish=true
[gpu_amcl_cpp_node-6] [INFO] [1789473836.851892439] [gpu_amcl_cpp]: Received LiDAR callback #2187 (1081 ranges).
[gpu_amcl_cpp_node-6] [INFO] [1789473836.851951500] [gpu_amcl_cpp]: Starting AMCL scan update #2187 (sampled from 1081 ranges).
[ground_truth_amcl_monitor-7] [INFO] [1789473837.203572555] [ground_truth_amcl_monitor]: AMCL vs GT: gt=(-3.574, 0.378) amcl=(-3.522, 0.484) error=0.118 m / 0.024 rad; current_map=(-3.542, 0.432, -1.972) error=0.063 m / 0.000 rad; odom=(-4.110, 0.458, -1.972) error=0.542 m / 0.000 rad; ekf=(-4.110, 0.458, -1.972) error=0.542 m / 0.000 rad; RMS=0.086 m / 0.019 rad max=0.219 m / 0.064 rad samples=4374
[gpu_amcl_cpp_node-6] [WARN] [1789473837.477308907] [gpu_amcl_cpp]: Queued LiDAR scan until source-time odometry arrives (queued=1).
[component_container-9] [INFO] [1789473837.478147030] [pure_pursuit_node]: Pure Pursuit: pose=(-3.904, -0.134, -2.395) cte=0.022 closest=1716 target=1760 path_dist=0.022 heading_err=0.007 steer=-0.236 speed=1.945 startup_cap=12.000 lap_fraction=1.000
[gpu_amcl_cpp_node-6] [INFO] [1789473837.479668779] [gpu_amcl_cpp]: AMCL odom delta: at_scan=(3.160, -5.191, -0.736) baseline=(3.123, -5.160, -0.702) delta=(0.036, -0.031, -0.033) moved=true scan_age=0.066s
[gpu_amcl_cpp_node-6] [INFO] [1789473837.705076691] [gpu_amcl_cpp]: AMCL local correction: odom_prediction=(-4.144, -0.338, -2.632) scan=(-4.145, -0.371, -2.602) correction=0.033 m/0.031 rad cluster_weight=0.982 publish=true
[gpu_amcl_cpp_node-6] [INFO] [1789473837.803599478] [gpu_amcl_cpp]: AMCL scan update #2226 completed; evaluating pose confidence.
[ground_truth_amcl_monitor-7] [INFO] [1789473838.207705545] [ground_truth_amcl_monitor]: AMCL vs GT: gt=(-5.093, -0.398) amcl=(-5.050, -0.406) error=0.044 m / 0.000 rad; current_map=(-5.052, -0.410, 2.718) error=0.043 m / 0.000 rad; odom=(-5.643, -0.331, 2.718) error=0.554 m / 0.000 rad; ekf=(-5.643, -0.331, 2.718) error=0.554 m / 0.000 rad; RMS=0.086 m / 0.019 rad max=0.219 m / 0.064 rad samples=4455
[component_container-9] [INFO] [1789473838.500185140] [pure_pursuit_node]: Pure Pursuit: pose=(-5.633, 0.117, 2.104) cte=-0.073 closest=1818 target=1862 path_dist=0.073 heading_err=-0.027 steer=-0.178 speed=2.904 startup_cap=12.000 lap_fraction=1.000
[gpu_amcl_cpp_node-6] [INFO] [1789473838.501612913] [gpu_amcl_cpp]: AMCL odom delta: at_scan=(3.072, -6.952, -2.513) baseline=(3.119, -6.915, -2.476) delta=(-0.047, -0.037, -0.037) moved=true scan_age=0.064s
[gpu_amcl_cpp_node-6] [INFO] [1789473838.706530122] [gpu_amcl_cpp]: AMCL local correction: odom_prediction=(-5.809, 0.485, 1.931) scan=(-5.802, 0.464, 1.939) correction=0.022 m/0.008 rad cluster_weight=0.960 publish=true
[ground_truth_amcl_monitor-7] [INFO] [1789473839.227766101] [ground_truth_amcl_monitor]: AMCL vs GT: gt=(-6.164, 2.457) amcl=(-6.142, 2.325) error=0.134 m / 0.012 rad; current_map=(-6.151, 2.441, 1.628) error=0.021 m / 0.000 rad; odom=(-6.781, 2.598, 1.628) error=0.633 m / 0.000 rad; ekf=(-6.781, 2.598, 1.628) error=0.633 m / 0.000 rad; RMS=0.086 m / 0.019 rad max=0.219 m / 0.064 rad samples=4536
[component_container-9] [INFO] [1789473839.500371495] [pure_pursuit_node]: Pure Pursuit: pose=(-6.124, 4.022, 1.440) cte=0.000 closest=2015 target=2066 path_dist=0.000 heading_err=0.031 steer=-0.018 speed=4.553 startup_cap=12.000 lap_fraction=1.000
[gpu_amcl_cpp_node-6] [INFO] [1789473839.501772141] [gpu_amcl_cpp]: AMCL odom delta: at_scan=(-0.757, -7.592, 3.057) baseline=(-0.640, -7.599, 3.077) delta=(-0.116, 0.007, -0.020) moved=true scan_age=0.064s
[gpu_amcl_cpp_node-6] [INFO] [1789473839.731140326] [gpu_amcl_cpp]: AMCL local correction: odom_prediction=(-6.023, 4.708, 1.350) scan=(-6.024, 4.725, 1.364) correction=0.017 m/0.014 rad cluster_weight=0.990 publish=true
[gpu_amcl_cpp_node-6] [WARN] [1789473839.902249593] [gpu_amcl_cpp]: Queued LiDAR scan until source-time odometry arrives (queued=1).
[ground_truth_amcl_monitor-7] [INFO] [1789473840.227836212] [ground_truth_amcl_monitor]: AMCL vs GT: gt=(-5.409, 6.445) amcl=(-5.447, 6.329) error=0.123 m / 0.013 rad; current_map=(-5.410, 6.389, 1.008) error=0.056 m / 0.000 rad; odom=(-6.068, 6.541, 1.008) error=0.666 m / 0.000 rad; ekf=(-6.068, 6.541, 1.008) error=0.666 m / 0.000 rad; RMS=0.087 m / 0.019 rad max=0.219 m / 0.064 rad samples=4616
[component_container-9] [INFO] [1789473840.501099035] [pure_pursuit_node]: Pure Pursuit: pose=(-4.783, 7.111, 0.656) cte=-0.024 closest=2188 target=2233 path_dist=0.024 heading_err=-0.021 steer=-0.158 speed=3.204 startup_cap=12.000 lap_fraction=1.000
[gpu_amcl_cpp_node-6] [INFO] [1789473840.502496180] [gpu_amcl_cpp]: AMCL odom delta: at_scan=(-3.981, -6.375, 2.293) baseline=(-3.931, -6.428, 2.318) delta=(-0.049, 0.053, -0.025) moved=true scan_age=0.065s
[gpu_amcl_cpp_node-6] [INFO] [1789473840.755670586] [gpu_amcl_cpp]: AMCL local correction: odom_prediction=(-4.285, 7.419, 0.401) scan=(-4.293, 7.416, 0.430) correction=0.009 m/0.029 rad cluster_weight=0.993 publish=true
[ground_truth_amcl_monitor-7] [INFO] [1789473841.228844451] [ground_truth_amcl_monitor]: AMCL vs GT: gt=(-2.684, 7.566) amcl=(-2.782, 7.587) error=0.100 m / 0.035 rad; current_map=(-2.698, 7.569, -0.245) error=0.014 m / 0.000 rad; odom=(-3.334, 7.696, -0.245) error=0.662 m / 0.000 rad; ekf=(-3.334, 7.696, -0.245) error=0.662 m / 0.000 rad; RMS=0.086 m / 0.019 rad max=0.219 m / 0.064 rad samples=4696
[component_container-9] [INFO] [1789473841.501132601] [pure_pursuit_node]: Pure Pursuit: pose=(-1.567, 7.016, -0.681) cte=-0.040 closest=2359 target=2407 path_dist=0.040 heading_err=0.027 steer=-0.093 speed=4.319 startup_cap=12.000 lap_fraction=1.000
[gpu_amcl_cpp_node-6] [INFO] [1789473841.502668974] [gpu_amcl_cpp]: AMCL odom delta: at_scan=(-4.124, -3.198, 0.968) baseline=(-4.178, -3.282, 0.999) delta=(0.054, 0.084, -0.032) moved=true scan_age=0.066s
[gpu_amcl_cpp_node-6] [INFO] [1789473841.779876107] [gpu_amcl_cpp]: AMCL local correction: odom_prediction=(-0.908, 6.368, -0.895) scan=(-0.930, 6.393, -0.897) correction=0.033 m/0.002 rad cluster_weight=0.982 publish=true
[gpu_amcl_cpp_node-6] [INFO] [1789473841.852470670] [gpu_amcl_cpp]: Received LiDAR callback #2389 (1081 ranges).
[gpu_amcl_cpp_node-6] [INFO] [1789473841.852531695] [gpu_amcl_cpp]: Starting AMCL scan update #2389 (sampled from 1081 ranges).
[ground_truth_amcl_monitor-7] [INFO] [1789473842.233209513] [ground_truth_amcl_monitor]: AMCL vs GT: gt=(0.188, 4.396) amcl=(0.189, 4.404) error=0.008 m / 0.000 rad; current_map=(0.193, 4.403, -1.174) error=0.009 m / 0.000 rad; odom=(-0.361, 4.471, -1.174) error=0.554 m / 0.000 rad; ekf=(-0.361, 4.471, -1.174) error=0.554 m / 0.000 rad; RMS=0.086 m / 0.019 rad max=0.219 m / 0.064 rad samples=4777
[gpu_amcl_cpp_node-6] [WARN] [1789473842.456345862] [gpu_amcl_cpp]: No local AMCL cluster near odometry prediction; using causal odometry pose.
[component_container-9] [INFO] [1789473842.525122472] [pure_pursuit_node]: Pure Pursuit: pose=(0.896, 2.321, -1.296) cte=-0.023 closest=41 target=95 path_dist=0.023 heading_err=-0.019 steer=-0.048 speed=6.198 startup_cap=12.000 lap_fraction=1.000
[gpu_amcl_cpp_node-6] [INFO] [1789473842.526673066] [gpu_amcl_cpp]: AMCL odom delta: at_scan=(0.402, -0.539, 0.305) baseline=(0.257, -0.585, 0.305) delta=(0.145, 0.046, -0.001) moved=true scan_age=0.066s
[gpu_amcl_cpp_node-6] [INFO] [1789473842.780243471] [gpu_amcl_cpp]: AMCL local correction: odom_prediction=(1.159, 1.204, -1.366) scan=(1.145, 1.211, -1.381) correction=0.016 m/0.015 rad cluster_weight=0.938 publish=true
[gpu_amcl_cpp_node-6] [INFO] [1789473842.827975441] [gpu_amcl_cpp]: AMCL scan update #2428 completed; evaluating pose confidence.
[ground_truth_amcl_monitor-7] [INFO] [1789473843.233162761] [ground_truth_amcl_monitor]: AMCL vs GT: gt=(1.424, -1.561) amcl=(1.431, -1.548) error=0.014 m / 0.000 rad; current_map=(1.427, -1.551, -1.582) error=0.010 m / 0.000 rad; odom=(0.909, -1.534, -1.582) error=0.516 m / 0.000 rad; ekf=(0.909, -1.534, -1.582) error=0.516 m / 0.000 rad; RMS=0.087 m / 0.019 rad max=0.219 m / 0.064 rad samples=4857
[component_container-9] [INFO] [1789473843.525580926] [pure_pursuit_node]: Pure Pursuit: pose=(1.210, -3.903, -1.692) cte=-0.054 closest=354 target=409 path_dist=0.054 heading_err=-0.022 steer=-0.077 speed=6.522 startup_cap=12.000 lap_fraction=1.000
[gpu_amcl_cpp_node-6] [INFO] [1789473843.526918844] [gpu_amcl_cpp]: AMCL odom delta: at_scan=(6.641, -0.065, -0.148) baseline=(6.475, -0.040, -0.146) delta=(0.165, -0.025, -0.002) moved=true scan_age=0.066s
[gpu_amcl_cpp_node-6] [INFO] [1789473843.804986895] [gpu_amcl_cpp]: AMCL local correction: odom_prediction=(0.966, -5.161, -1.758) scan=(0.970, -5.156, -1.758) correction=0.006 m/0.000 rad cluster_weight=0.931 publish=true
[ground_truth_amcl_monitor-7] [INFO] [1789473844.253294404] [ground_truth_amcl_monitor]: AMCL vs GT: gt=(0.503, -7.283) amcl=(0.560, -7.068) error=0.223 m / 0.007 rad; current_map=(0.536, -7.166, -1.805) error=0.122 m / 0.000 rad; odom=(-0.037, -7.205, -1.805) error=0.546 m / 0.000 rad; ekf=(-0.013, -7.108, -1.812) error=0.545 m / 0.007 rad; RMS=0.089 m / 0.019 rad max=0.230 m / 0.064 rad samples=4938
[component_container-9] [INFO] [1789473844.526193283] [pure_pursuit_node]: Pure Pursuit: pose=(0.190, -8.431, -1.932) cte=-0.013 closest=586 target=634 path_dist=0.013 heading_err=0.048 steer=-0.019 speed=3.168 startup_cap=12.000 lap_fraction=1.000
[gpu_amcl_cpp_node-6] [INFO] [1789473844.527541282] [gpu_amcl_cpp]: AMCL odom delta: at_scan=(11.362, -1.101, -0.296) baseline=(11.277, -1.076, -0.281) delta=(0.085, -0.024, -0.014) moved=true scan_age=0.068s
[gpu_amcl_cpp_node-6] [INFO] [1789473844.805552716] [gpu_amcl_cpp]: AMCL local correction: odom_prediction=(-0.012, -8.990, -2.013) scan=(-0.027, -9.025, -1.997) correction=0.039 m/0.016 rad cluster_weight=0.993 publish=true
[ground_truth_amcl_monitor-7] [INFO] [1789473845.253377763] [ground_truth_amcl_monitor]: AMCL vs GT: gt=(-0.750, -9.960) amcl=(-0.648, -9.883) error=0.128 m / 0.045 rad; current_map=(-0.698, -9.918, -2.570) error=0.067 m / 0.000 rad; odom=(-1.249, -9.811, -2.570) error=0.520 m / 0.000 rad; ekf=(-1.249, -9.811, -2.570) error=0.520 m / 0.000 rad; RMS=0.090 m / 0.019 rad max=0.230 m / 0.064 rad samples=5018
[component_container-9] [INFO] [1789473845.526343757] [pure_pursuit_node]: Pure Pursuit: pose=(-1.498, -10.131, 3.043) cte=-0.028 closest=716 target=760 path_dist=0.028 heading_err=-0.002 steer=-0.265 speed=2.468 startup_cap=12.000 lap_fraction=1.000
[gpu_amcl_cpp_node-6] [INFO] [1789473845.527699422] [gpu_amcl_cpp]: AMCL odom delta: at_scan=(13.178, -2.684, -1.535) baseline=(13.174, -2.624, -1.486) delta=(0.004, -0.060, -0.050) moved=true scan_age=0.068s
[gpu_amcl_cpp_node-6] [INFO] [1789473845.806076639] [gpu_amcl_cpp]: AMCL local correction: odom_prediction=(-1.997, -9.979, 2.651) scan=(-1.998, -9.991, 2.672) correction=0.012 m/0.021 rad cluster_weight=0.989 publish=true
[ground_truth_amcl_monitor-7] [INFO] [1789473846.258098045] [ground_truth_amcl_monitor]: AMCL vs GT: gt=(-2.797, -9.096) amcl=(-2.803, -9.058) error=0.038 m / 0.000 rad; current_map=(-2.803, -9.057, 2.002) error=0.039 m / 0.000 rad; odom=(-3.350, -8.947, 2.002) error=0.572 m / 0.000 rad; ekf=(-3.350, -8.947, 2.002) error=0.572 m / 0.000 rad; RMS=0.090 m / 0.019 rad max=0.230 m / 0.064 rad samples=5099
[component_container-9] [INFO] [1789473846.551436295] [pure_pursuit_node]: Pure Pursuit: pose=(-3.141, -7.725, 1.675) cte=-0.022 closest=870 target=919 path_dist=0.022 heading_err=0.018 steer=-0.060 speed=4.550 startup_cap=12.000 lap_fraction=1.000
[gpu_amcl_cpp_node-6] [INFO] [1789473846.552986948] [gpu_amcl_cpp]: AMCL odom delta: at_scan=(11.015, -4.477, -2.988) baseline=(11.118, -4.459, -2.969) delta=(-0.103, -0.018, -0.019) moved=true scan_age=0.069s
[gpu_amcl_cpp_node-6] [INFO] [1789473846.806441339] [gpu_amcl_cpp]: AMCL local correction: odom_prediction=(-3.166, -6.914, 1.554) scan=(-3.158, -6.970, 1.562) correction=0.056 m/0.008 rad cluster_weight=0.992 publish=true
[gpu_amcl_cpp_node-6] [INFO] [1789473846.852669494] [gpu_amcl_cpp]: Received LiDAR callback #2589 (1081 ranges).
[gpu_amcl_cpp_node-6] [INFO] [1789473846.852732844] [gpu_amcl_cpp]: Starting AMCL scan update #2589 (sampled from 1081 ranges).
[ground_truth_amcl_monitor-7] [INFO] [1789473847.277407225] [ground_truth_amcl_monitor]: AMCL vs GT: gt=(-2.803, -4.598) amcl=(-2.819, -4.753) error=0.155 m / 0.019 rad; current_map=(-2.789, -4.628, 1.314) error=0.032 m / 0.000 rad; odom=(-3.435, -4.506, 1.333) error=0.639 m / 0.019 rad; ekf=(-3.435, -4.506, 1.333) error=0.639 m / 0.019 rad; RMS=0.089 m / 0.019 rad max=0.230 m / 0.064 rad samples=5180
[component_container-9] [INFO] [1789473847.575015410] [pure_pursuit_node]: Pure Pursuit: pose=(-2.219, -2.651, 1.308) cte=-0.009 closest=1130 target=1183 path_dist=0.009 heading_err=-0.002 steer=-0.016 speed=6.433 startup_cap=12.000 lap_fraction=1.000
[gpu_amcl_cpp_node-6] [INFO] [1789473847.576540008] [gpu_amcl_cpp]: AMCL odom delta: at_scan=(5.924, -3.735, 2.847) baseline=(6.068, -3.779, 2.845) delta=(-0.144, 0.044, 0.001) moved=true scan_age=0.068s
[gpu_amcl_cpp_node-6] [INFO] [1789473847.828603911] [gpu_amcl_cpp]: AMCL scan update #2628 completed; evaluating pose confidence.
[gpu_amcl_cpp_node-6] [INFO] [1789473847.831478547] [gpu_amcl_cpp]: AMCL local correction: odom_prediction=(-1.909, -1.551, 1.282) scan=(-1.908, -1.560, 1.275) correction=0.009 m/0.007 rad cluster_weight=0.953 publish=true
[ground_truth_amcl_monitor-7] [INFO] [1789473848.278489397] [ground_truth_amcl_monitor]: AMCL vs GT: gt=(-1.468, 0.425) amcl=(-1.478, 0.333) error=0.093 m / 0.000 rad; current_map=(-1.459, 0.427, 1.369) error=0.009 m / 0.000 rad; odom=(-2.128, 0.734, 1.369) error=0.729 m / 0.000 rad; ekf=(-2.128, 0.734, 1.369) error=0.729 m / 0.000 rad; RMS=0.089 m / 0.019 rad max=0.230 m / 0.064 rad samples=5260
[component_container-9] [INFO] [1789473848.575152072] [pure_pursuit_node]: Pure Pursuit: pose=(-1.270, 1.723, 1.537) cte=0.010 closest=1354 target=1401 path_dist=0.010 heading_err=-0.047 steer=0.030 speed=3.193 startup_cap=12.000 lap_fraction=1.000
[gpu_amcl_cpp_node-6] [INFO] [1789473848.576637937] [gpu_amcl_cpp]: AMCL odom delta: at_scan=(1.373, -2.758, 3.045) baseline=(1.452, -2.767, 3.033) delta=(-0.079, 0.009, 0.012) moved=true scan_age=0.069s
[gpu_amcl_cpp_node-6] [INFO] [1789473848.831561163] [gpu_amcl_cpp]: AMCL local correction: odom_prediction=(-1.245, 2.291, 1.637) scan=(-1.249, 2.302, 1.624) correction=0.012 m/0.013 rad cluster_weight=0.976 publish=true
[ground_truth_amcl_monitor-7] [INFO] [1789473849.284133016] [ground_truth_amcl_monitor]: AMCL vs GT: gt=(-1.477, 3.187) amcl=(-1.447, 3.198) error=0.032 m / 0.000 rad; current_map=(-1.450, 3.196, 2.011) error=0.029 m / 0.000 rad; odom=(-2.120, 3.448, 2.011) error=0.694 m / 0.000 rad; ekf=(-2.120, 3.448, 2.011) error=0.694 m / 0.000 rad; RMS=0.089 m / 0.019 rad max=0.230 m / 0.064 rad samples=5341
[component_container-9] [INFO] [1789473849.575171747] [pure_pursuit_node]: Pure Pursuit: pose=(-1.873, 3.697, 2.588) cte=-0.057 closest=1463 target=1506 path_dist=0.057 heading_err=-0.022 steer=0.366 speed=1.773 startup_cap=12.000 lap_fraction=1.000
[gpu_amcl_cpp_node-6] [INFO] [1789473849.602093357] [gpu_amcl_cpp]: AMCL odom delta: at_scan=(-0.749, -3.278, -2.198) baseline=(-0.722, -3.244, -2.242) delta=(-0.026, -0.034, 0.044) moved=true scan_age=0.070s
[gpu_amcl_cpp_node-6] [INFO] [1789473849.832007326] [gpu_amcl_cpp]: AMCL local correction: odom_prediction=(-2.166, 3.837, 2.955) scan=(-2.165, 3.838, 2.935) correction=0.002 m/0.021 rad cluster_weight=0.975 publish=true
[ground_truth_amcl_monitor-7] [INFO] [1789473850.301946408] [ground_truth_amcl_monitor]: AMCL vs GT: gt=(-2.916, 3.511) amcl=(-2.879, 3.534) error=0.043 m / 0.048 rad; current_map=(-2.913, 3.497, -2.281) error=0.014 m / 0.000 rad; odom=(-3.608, 3.810, -2.329) error=0.754 m / 0.048 rad; ekf=(-3.608, 3.810, -2.329) error=0.754 m / 0.048 rad; RMS=0.089 m / 0.019 rad max=0.230 m / 0.064 rad samples=5422
[component_container-9] [INFO] [1789473850.600855324] [pure_pursuit_node]: Pure Pursuit: pose=(-3.220, 2.692, -1.733) cte=0.085 closest=1567 target=1612 path_dist=0.085 heading_err=0.044 steer=0.091 speed=3.090 startup_cap=12.000 lap_fraction=1.000
[gpu_amcl_cpp_node-6] [INFO] [1789473850.602141644] [gpu_amcl_cpp]: AMCL odom delta: at_scan=(0.005, -4.746, -0.242) baseline=(-0.059, -4.729, -0.270) delta=(0.064, -0.018, 0.029) moved=true scan_age=0.071s
[gpu_amcl_cpp_node-6] [INFO] [1789473850.855495234] [gpu_amcl_cpp]: AMCL local correction: odom_prediction=(-3.283, 2.114, -1.647) scan=(-3.282, 2.128, -1.641) correction=0.013 m/0.005 rad cluster_weight=0.962 publish=true
[ground_truth_amcl_monitor-7] [INFO] [1789473851.303612885] [ground_truth_amcl_monitor]: AMCL vs GT: gt=(-3.450, 0.807) amcl=(-3.415, 0.884) error=0.085 m / 0.018 rad; current_map=(-3.427, 0.827, -1.807) error=0.031 m / 0.000 rad; odom=(-4.195, 1.057, -1.807) error=0.785 m / 0.000 rad; ekf=(-4.195, 1.057, -1.807) error=0.785 m / 0.000 rad; RMS=0.088 m / 0.019 rad max=0.230 m / 0.064 rad samples=5502
[component_container-9] [INFO] [1789473851.629846322] [pure_pursuit_node]: Pure Pursuit: pose=(-3.752, 0.073, -2.207) cte=0.045 closest=1703 target=1747 path_dist=0.045 heading_err=-0.007 steer=-0.217 speed=1.906 startup_cap=12.000 lap_fraction=1.000
[gpu_amcl_cpp_node-6] [INFO] [1789473851.631579812] [gpu_amcl_cpp]: AMCL odom delta: at_scan=(2.741, -5.233, -0.547) baseline=(2.700, -5.210, -0.519) delta=(0.041, -0.023, -0.029) moved=true scan_age=0.076s
[gpu_amcl_cpp_node-6] [INFO] [1789473851.856714262] [gpu_amcl_cpp]: AMCL local correction: odom_prediction=(-3.931, -0.158, -2.406) scan=(-3.937, -0.166, -2.389) correction=0.010 m/0.017 rad cluster_weight=0.969 publish=true
[gpu_amcl_cpp_node-6] [INFO] [1789473851.876734134] [gpu_amcl_cpp]: Received LiDAR callback #2790 (1081 ranges).
[gpu_amcl_cpp_node-6] [INFO] [1789473851.876793674] [gpu_amcl_cpp]: Starting AMCL scan update #2790 (sampled from 1081 ranges).
[ground_truth_amcl_monitor-7] [INFO] [1789473852.308548718] [ground_truth_amcl_monitor]: AMCL vs GT: gt=(-4.735, -0.468) amcl=(-4.703, -0.483) error=0.035 m / 0.000 rad; current_map=(-4.704, -0.482, 3.099) error=0.034 m / 0.000 rad; odom=(-5.471, -0.228, 3.099) error=0.775 m / 0.000 rad; ekf=(-5.471, -0.228, 3.099) error=0.775 m / 0.000 rad; RMS=0.088 m / 0.019 rad max=0.230 m / 0.064 rad samples=5583
[component_container-9] [INFO] [1789473852.650981296] [pure_pursuit_node]: Pure Pursuit: pose=(-5.440, -0.109, 2.311) cte=-0.037 closest=1803 target=1847 path_dist=0.037 heading_err=-0.077 steer=-0.226 speed=2.501 startup_cap=12.000 lap_fraction=1.000
[gpu_amcl_cpp_node-6] [INFO] [1789473852.652039045] [gpu_amcl_cpp]: AMCL odom delta: at_scan=(3.130, -6.921, -2.276) baseline=(3.163, -6.879, -2.231) delta=(-0.033, -0.042, -0.045) moved=true scan_age=0.072s
[gpu_amcl_cpp_node-6] [INFO] [1789473852.828710565] [gpu_amcl_cpp]: AMCL scan update #2828 completed; evaluating pose confidence.
[gpu_amcl_cpp_node-6] [INFO] [1789473852.882950703] [gpu_amcl_cpp]: AMCL local correction: odom_prediction=(-5.670, 0.207, 2.081) scan=(-5.665, 0.196, 2.088) correction=0.012 m/0.007 rad cluster_weight=0.961 publish=true
[ground_truth_amcl_monitor-7] [INFO] [1789473853.311010175] [ground_truth_amcl_monitor]: AMCL vs GT: gt=(-6.080, 1.559) amcl=(-6.069, 1.569) error=0.015 m / 0.000 rad; current_map=(-6.070, 1.571, 1.713) error=0.015 m / 0.000 rad; odom=(-6.886, 1.849, 1.713) error=0.857 m / 0.000 rad; ekf=(-6.886, 1.849, 1.713) error=0.857 m / 0.000 rad; RMS=0.088 m / 0.020 rad max=0.230 m / 0.064 rad samples=5663
[gpu_amcl_cpp_node-6] [INFO] [1789473853.652298829] [gpu_amcl_cpp]: AMCL odom delta: at_scan=(-0.277, -7.804, 3.127) baseline=(-0.152, -7.804, 3.134) delta=(-0.125, -0.000, -0.006) moved=true scan_age=0.072s
[component_container-9] [INFO] [1789473853.676160725] [pure_pursuit_node]: Pure Pursuit: pose=(-6.159, 3.559, 1.552) cte=-0.003 closest=1992 target=2043 path_dist=0.003 heading_err=-0.021 steer=-0.071 speed=4.693 startup_cap=12.000 lap_fraction=1.000
[gpu_amcl_cpp_node-6] [INFO] [1789473853.906855466] [gpu_amcl_cpp]: AMCL local correction: odom_prediction=(-6.096, 4.244, 1.438) scan=(-6.091, 4.228, 1.434) correction=0.017 m/0.003 rad cluster_weight=0.965 publish=true
[ground_truth_amcl_monitor-7] [INFO] [1789473854.327891735] [ground_truth_amcl_monitor]: AMCL vs GT: gt=(-5.663, 5.963) amcl=(-5.691, 5.845) error=0.121 m / 0.016 rad; current_map=(-5.658, 5.914, 1.124) error=0.049 m / 0.000 rad; odom=(-6.543, 6.168, 1.141) error=0.903 m / 0.016 rad; ekf=(-6.543, 6.168, 1.141) error=0.903 m / 0.016 rad; RMS=0.088 m / 0.019 rad max=0.230 m / 0.064 rad samples=5744
[gpu_amcl_cpp_node-6] [INFO] [1789473854.652855977] [gpu_amcl_cpp]: AMCL odom delta: at_scan=(-3.857, -6.829, 2.455) baseline=(-3.801, -6.872, 2.482) delta=(-0.056, 0.043, -0.026) moved=true scan_age=0.072s
[component_container-9] [INFO] [1789473854.701366566] [pure_pursuit_node]: Pure Pursuit: pose=(-4.938, 6.956, 0.699) cte=-0.002 closest=2177 target=2222 path_dist=0.002 heading_err=0.032 steer=-0.085 speed=3.082 startup_cap=12.000 lap_fraction=1.000
[gpu_amcl_cpp_node-6] [INFO] [1789473854.907679004] [gpu_amcl_cpp]: AMCL local correction: odom_prediction=(-4.644, 7.206, 0.587) scan=(-4.664, 7.195, 0.610) correction=0.023 m/0.023 rad cluster_weight=0.994 publish=true
[ground_truth_amcl_monitor-7] [INFO] [1789473855.334124385] [ground_truth_amcl_monitor]: AMCL vs GT: gt=(-3.320, 7.636) amcl=(-3.324, 7.624) error=0.012 m / 0.000 rad; current_map=(-3.323, 7.624, 0.021) error=0.012 m / 0.000 rad; odom=(-4.148, 7.935, 0.021) error=0.881 m / 0.000 rad; ekf=(-4.148, 7.935, 0.021) error=0.881 m / 0.000 rad; RMS=0.088 m / 0.019 rad max=0.230 m / 0.064 rad samples=5825
[gpu_amcl_cpp_node-6] [INFO] [1789473855.677201277] [gpu_amcl_cpp]: AMCL odom delta: at_scan=(-4.509, -3.759, 1.111) baseline=(-4.552, -3.852, 1.134) delta=(0.043, 0.092, -0.023) moved=true scan_age=0.073s
[component_container-9] [INFO] [1789473855.725524015] [pure_pursuit_node]: Pure Pursuit: pose=(-1.734, 7.143, -0.574) cte=-0.045 closest=2349 target=2396 path_dist=0.045 heading_err=-0.014 steer=-0.146 speed=3.873 startup_cap=12.000 lap_fraction=1.000
[gpu_amcl_cpp_node-6] [INFO] [1789473855.932145253] [gpu_amcl_cpp]: AMCL local correction: odom_prediction=(-1.346, 6.827, -0.739) scan=(-1.346, 6.825, -0.741) correction=0.002 m/0.002 rad cluster_weight=0.961 publish=true
[ground_truth_amcl_monitor-7] [INFO] [1789473856.334339887] [ground_truth_amcl_monitor]: AMCL vs GT: gt=(-0.318, 5.456) amcl=(-0.307, 5.459) error=0.011 m / 0.000 rad; current_map=(-0.305, 5.463, -1.090) error=0.015 m / 0.000 rad; odom=(-1.086, 5.748, -1.090) error=0.822 m / 0.000 rad; ekf=(-1.086, 5.748, -1.090) error=0.822 m / 0.000 rad; RMS=0.087 m / 0.019 rad max=0.230 m / 0.064 rad samples=5905
[gpu_amcl_cpp_node-6] [INFO] [1789473856.677382349] [gpu_amcl_cpp]: AMCL odom delta: at_scan=(-1.063, -1.173, 0.393) baseline=(-1.175, -1.222, 0.405) delta=(0.112, 0.049, -0.012) moved=true scan_age=0.074s
[component_container-9] [INFO] [1789473856.726117213] [pure_pursuit_node]: Pure Pursuit: pose=(0.587, 3.362, -1.308) cte=-0.024 closest=2573 target=38 path_dist=0.024 heading_err=0.055 steer=0.040 speed=5.101 startup_cap=12.000 lap_fraction=1.000
[gpu_amcl_cpp_node-6] [WARN] [1789473856.831749877] [gpu_amcl_cpp]: No local AMCL cluster near odometry prediction; using causal odometry pose.
[gpu_amcl_cpp_node-6] [INFO] [1789473856.902755325] [gpu_amcl_cpp]: Received LiDAR callback #2991 (1081 ranges).
[gpu_amcl_cpp_node-6] [INFO] [1789473856.902808239] [gpu_amcl_cpp]: Starting AMCL scan update #2991 (sampled from 1081 ranges).
[gpu_amcl_cpp_node-6] [INFO] [1789473856.957398567] [gpu_amcl_cpp]: AMCL local correction: odom_prediction=(0.825, 2.634, -1.287) scan=(0.822, 2.628, -1.288) correction=0.007 m/0.001 rad cluster_weight=0.922 publish=true
[ground_truth_amcl_monitor-7] [INFO] [1789473857.353875382] [ground_truth_amcl_monitor]: AMCL vs GT: gt=(1.249, 0.716) amcl=(1.220, 0.837) error=0.125 m / 0.009 rad; current_map=(1.234, 0.734, -1.413) error=0.023 m / 0.000 rad; odom=(0.499, 0.979, -1.413) error=0.795 m / 0.000 rad; ekf=(0.499, 0.979, -1.413) error=0.795 m / 0.000 rad; RMS=0.087 m / 0.019 rad max=0.230 m / 0.064 rad samples=5986
[gpu_amcl_cpp_node-6] [INFO] [1789473857.677721686] [gpu_amcl_cpp]: AMCL odom delta: at_scan=(3.794, -0.179, 0.062) baseline=(3.663, -0.187, 0.085) delta=(0.131, 0.009, -0.022) moved=true scan_age=0.074s
[component_container-9] [INFO] [1789473857.751633338] [pure_pursuit_node]: Pure Pursuit: pose=(1.410, -1.619, -1.590) cte=-0.049 closest=240 target=290 path_dist=0.049 heading_err=-0.005 steer=-0.064 speed=5.417 startup_cap=12.000 lap_fraction=1.000
[gpu_amcl_cpp_node-6] [INFO] [1789473857.852451082] [gpu_amcl_cpp]: AMCL scan update #3029 completed; evaluating pose confidence.
[gpu_amcl_cpp_node-6] [INFO] [1789473857.982016214] [gpu_amcl_cpp]: AMCL local correction: odom_prediction=(1.403, -2.366, -1.689) scan=(1.406, -2.352, -1.683) correction=0.014 m/0.007 rad cluster_weight=0.960 publish=true
[ground_truth_amcl_monitor-7] [INFO] [1789473858.358668554] [ground_truth_amcl_monitor]: AMCL vs GT: gt=(1.107, -4.314) amcl=(1.123, -4.310) error=0.017 m / 0.000 rad; current_map=(1.124, -4.314, -1.719) error=0.017 m / 0.000 rad; odom=(0.308, -4.050, -1.719) error=0.842 m / 0.000 rad; ekf=(0.308, -4.050, -1.719) error=0.842 m / 0.000 rad; RMS=0.088 m / 0.019 rad max=0.230 m / 0.064 rad samples=6067
[gpu_amcl_cpp_node-6] [INFO] [1789473858.703264954] [gpu_amcl_cpp]: AMCL odom delta: at_scan=(9.008, -0.871, -0.234) baseline=(8.905, -0.842, -0.246) delta=(0.103, -0.029, 0.012) moved=true scan_age=0.076s
[component_container-9] [INFO] [1789473858.775822653] [pure_pursuit_node]: Pure Pursuit: pose=(0.638, -6.722, -1.763) cte=-0.020 closest=498 target=547 path_dist=0.020 heading_err=-0.033 steer=-0.049 speed=4.115 startup_cap=12.000 lap_fraction=1.000
[gpu_amcl_cpp_node-6] [INFO] [1789473859.006873044] [gpu_amcl_cpp]: AMCL local correction: odom_prediction=(0.490, -7.312, -1.780) scan=(0.488, -7.319, -1.779) correction=0.007 m/0.002 rad cluster_weight=0.958 publish=true
[ground_truth_amcl_monitor-7] [INFO] [1789473859.360901303] [ground_truth_amcl_monitor]: AMCL vs GT: gt=(0.110, -8.609) amcl=(0.142, -8.557) error=0.061 m / 0.000 rad; current_map=(0.144, -8.556, -1.938) error=0.063 m / 0.000 rad; odom=(-0.701, -8.291, -1.938) error=0.871 m / 0.000 rad; ekf=(-0.701, -8.291, -1.938) error=0.871 m / 0.000 rad; RMS=0.088 m / 0.019 rad max=0.230 m / 0.064 rad samples=6147
[gpu_amcl_cpp_node-6] [INFO] [1789473859.727473241] [gpu_amcl_cpp]: AMCL odom delta: at_scan=(12.317, -1.915, -0.614) baseline=(12.262, -1.879, -0.573) delta=(0.054, -0.036, -0.042) moved=true scan_age=0.074s
[component_container-9] [INFO] [1789473859.776365031] [pure_pursuit_node]: Pure Pursuit: pose=(-0.472, -9.670, -2.354) cte=0.021 closest=657 target=702 path_dist=0.021 heading_err=0.061 steer=-0.201 speed=2.473 startup_cap=12.000 lap_fraction=1.000
[gpu_amcl_cpp_node-6] [INFO] [1789473860.007800182] [gpu_amcl_cpp]: AMCL local correction: odom_prediction=(-0.750, -9.903, -2.599) scan=(-0.744, -9.905, -2.584) correction=0.007 m/0.015 rad cluster_weight=1.000 publish=true
[gpu_amcl_cpp_node-6] [WARN] [1789473860.126606573] [gpu_amcl_cpp]: Queued LiDAR scan until source-time odometry arrives (queued=1).
[ground_truth_amcl_monitor-7] [INFO] [1789473860.378683274] [ground_truth_amcl_monitor]: AMCL vs GT: gt=(-1.642, -10.108) amcl=(-1.573, -10.091) error=0.071 m / 0.051 rad; current_map=(-1.633, -10.083, 2.972) error=0.027 m / 0.000 rad; odom=(-2.469, -9.815, 2.972) error=0.877 m / 0.000 rad; ekf=(-2.469, -9.815, 2.972) error=0.877 m / 0.000 rad; RMS=0.088 m / 0.019 rad max=0.230 m / 0.064 rad samples=6228
[gpu_amcl_cpp_node-6] [INFO] [1789473860.727619355] [gpu_amcl_cpp]: AMCL odom delta: at_scan=(12.541, -4.059, -2.389) baseline=(12.590, -4.010, -2.351) delta=(-0.049, -0.049, -0.038) moved=true scan_age=0.076s
[component_container-9] [INFO] [1789473860.800396490] [pure_pursuit_node]: Pure Pursuit: pose=(-2.674, -9.296, 2.107) cte=-0.063 closest=789 target=834 path_dist=0.063 heading_err=-0.015 steer=-0.136 speed=3.302 startup_cap=12.000 lap_fraction=1.000
[gpu_amcl_cpp_node-6] [INFO] [1789473861.031416473] [gpu_amcl_cpp]: AMCL local correction: odom_prediction=(-2.895, -8.831, 1.939) scan=(-2.886, -8.842, 1.948) correction=0.014 m/0.009 rad cluster_weight=0.968 publish=true
[ground_truth_amcl_monitor-7] [INFO] [1789473861.379178442] [ground_truth_amcl_monitor]: AMCL vs GT: gt=(-3.157, -7.532) amcl=(-3.145, -7.589) error=0.058 m / 0.020 rad; current_map=(-3.154, -7.477, 1.631) error=0.055 m / 0.000 rad; odom=(-4.042, -7.296, 1.651) error=0.916 m / 0.020 rad; ekf=(-4.042, -7.296, 1.651) error=0.916 m / 0.020 rad; RMS=0.087 m / 0.019 rad max=0.230 m / 0.064 rad samples=6308
[gpu_amcl_cpp_node-6] [INFO] [1789473861.751920395] [gpu_amcl_cpp]: AMCL odom delta: at_scan=(8.510, -4.773, 2.980) baseline=(8.633, -4.791, 2.991) delta=(-0.123, 0.018, -0.011) moved=true scan_age=0.075s
[component_container-9] [INFO] [1789473861.825782588] [pure_pursuit_node]: Pure Pursuit: pose=(-2.876, -4.982, 1.312) cte=-0.005 closest=1009 target=1060 path_dist=0.005 heading_err=-0.015 steer=-0.013 speed=5.088 startup_cap=12.000 lap_fraction=1.000
[gpu_amcl_cpp_node-6] [INFO] [1789473861.927045663] [gpu_amcl_cpp]: Received LiDAR callback #3193 (1081 ranges).
[gpu_amcl_cpp_node-6] [INFO] [1789473861.927102355] [gpu_amcl_cpp]: Starting AMCL scan update #3193 (sampled from 1081 ranges).
[gpu_amcl_cpp_node-6] [INFO] [1789473862.031737039] [gpu_amcl_cpp]: AMCL local correction: odom_prediction=(-2.721, -4.355, 1.322) scan=(-2.713, -4.346, 1.317) correction=0.012 m/0.005 rad cluster_weight=0.958 publish=true
[ground_truth_amcl_monitor-7] [INFO] [1789473862.383615769] [ground_truth_amcl_monitor]: AMCL vs GT: gt=(-2.192, -2.480) amcl=(-2.154, -2.418) error=0.073 m / 0.000 rad; current_map=(-2.152, -2.417, 1.271) error=0.075 m / 0.000 rad; odom=(-3.099, -2.040, 1.271) error=1.008 m / 0.000 rad; ekf=(-3.099, -2.040, 1.271) error=1.008 m / 0.000 rad; RMS=0.087 m / 0.019 rad max=0.230 m / 0.064 rad samples=6389
[gpu_amcl_cpp_node-6] [INFO] [1789473862.752554164] [gpu_amcl_cpp]: AMCL odom delta: at_scan=(3.216, -3.391, 2.928) baseline=(3.318, -3.409, 2.928) delta=(-0.102, 0.018, -0.001) moved=true scan_age=0.077s
[component_container-9] [INFO] [1789473862.851004536] [pure_pursuit_node]: Pure Pursuit: pose=(-1.493, 0.246, 1.344) cte=0.014 closest=1279 target=1328 path_dist=0.014 heading_err=0.032 steer=0.062 speed=3.837 startup_cap=12.000 lap_fraction=1.000
[gpu_amcl_cpp_node-6] [INFO] [1789473862.853748314] [gpu_amcl_cpp]: AMCL scan update #3230 completed; evaluating pose confidence.
[gpu_amcl_cpp_node-6] [INFO] [1789473863.032165787] [gpu_amcl_cpp]: AMCL local correction: odom_prediction=(-1.429, 0.598, 1.382) scan=(-1.429, 0.604, 1.374) correction=0.005 m/0.008 rad cluster_weight=0.956 publish=true
[gpu_amcl_cpp_node-6] [WARN] [1789473863.326895915] [gpu_amcl_cpp]: Queued LiDAR scan until source-time odometry arrives (queued=1).
[ground_truth_amcl_monitor-7] [INFO] [1789473863.383641258] [ground_truth_amcl_monitor]: AMCL vs GT: gt=(-1.275, 1.786) amcl=(-1.259, 1.806) error=0.026 m / 0.000 rad; current_map=(-1.257, 1.803, 1.523) error=0.026 m / 0.000 rad; odom=(-2.228, 2.208, 1.523) error=1.042 m / 0.000 rad; ekf=(-2.228, 2.208, 1.523) error=1.042 m / 0.000 rad; RMS=0.087 m / 0.019 rad max=0.230 m / 0.064 rad samples=6469
[gpu_amcl_cpp_node-6] [INFO] [1789473863.778010803] [gpu_amcl_cpp]: AMCL odom delta: at_scan=(-0.012, -3.105, -2.914) baseline=(0.037, -3.095, -2.935) delta=(-0.049, -0.010, 0.021) moved=true scan_age=0.077s
[component_container-9] [INFO] [1789473863.875586163] [pure_pursuit_node]: Pure Pursuit: pose=(-1.420, 3.118, 1.938) cte=0.000 closest=1424 target=1468 path_dist=0.000 heading_err=-0.014 steer=0.220 speed=1.967 startup_cap=12.000 lap_fraction=1.000
[gpu_amcl_cpp_node-6] [INFO] [1789473864.056904357] [gpu_amcl_cpp]: AMCL local correction: odom_prediction=(-1.507, 3.286, 2.080) scan=(-1.506, 3.281, 2.071) correction=0.004 m/0.009 rad cluster_weight=0.986 publish=true
[ground_truth_amcl_monitor-7] [INFO] [1789473864.403968404] [ground_truth_amcl_monitor]: AMCL vs GT: gt=(-1.949, 3.699) amcl=(-1.896, 3.710) error=0.054 m / 0.047 rad; current_map=(-1.933, 3.732, 2.656) error=0.036 m / 0.000 rad; odom=(-2.900, 4.102, 2.656) error=1.033 m / 0.000 rad; ekf=(-2.900, 4.102, 2.656) error=1.033 m / 0.000 rad; RMS=0.087 m / 0.019 rad max=0.230 m / 0.064 rad samples=6550
[gpu_amcl_cpp_node-6] [INFO] [1789473864.778049544] [gpu_amcl_cpp]: AMCL odom delta: at_scan=(-1.010, -4.344, -1.250) baseline=(-1.022, -4.300, -1.307) delta=(0.013, -0.044, 0.057) moved=true scan_age=0.078s
[component_container-9] [INFO] [1789473864.875907116] [pure_pursuit_node]: Pure Pursuit: pose=(-2.835, 3.599, -2.428) cte=-0.010 closest=1518 target=1561 path_dist=0.010 heading_err=0.129 steer=0.354 speed=2.116 startup_cap=12.000 lap_fraction=1.000
[gpu_amcl_cpp_node-6] [INFO] [1789473865.057228597] [gpu_amcl_cpp]: AMCL local correction: odom_prediction=(-2.941, 3.428, -2.232) scan=(-2.932, 3.434, -2.228) correction=0.010 m/0.005 rad cluster_weight=0.983 publish=true
[ground_truth_amcl_monitor-7] [INFO] [1789473865.404293149] [ground_truth_amcl_monitor]: AMCL vs GT: gt=(-3.247, 2.678) amcl=(-3.213, 2.677) error=0.033 m / 0.020 rad; current_map=(-3.227, 2.607, -1.746) error=0.073 m / 0.000 rad; odom=(-4.309, 3.046, -1.746) error=1.124 m / 0.000 rad; ekf=(-4.309, 3.046, -1.746) error=1.124 m / 0.000 rad; RMS=0.086 m / 0.020 rad max=0.230 m / 0.064 rad samples=6630
[gpu_amcl_cpp_node-6] [INFO] [1789473865.802516680] [gpu_amcl_cpp]: AMCL odom delta: at_scan=(1.372, -5.234, -0.093) baseline=(1.295, -5.228, -0.082) delta=(0.077, -0.006, -0.010) moved=true scan_age=0.078s
[component_container-9] [INFO] [1789473865.876360224] [pure_pursuit_node]: Pure Pursuit: pose=(-3.407, 0.931, -1.751) cte=0.052 closest=1656 target=1702 path_dist=0.052 heading_err=0.001 steer=-0.109 speed=2.292 startup_cap=12.000 lap_fraction=1.000
[gpu_amcl_cpp_node-6] [INFO] [1789473866.083172736] [gpu_amcl_cpp]: AMCL local correction: odom_prediction=(-3.465, 0.701, -1.849) scan=(-3.467, 0.712, -1.842) correction=0.011 m/0.007 rad cluster_weight=0.978 publish=true
[ground_truth_amcl_monitor-7] [INFO] [1789473866.408510488] [ground_truth_amcl_monitor]: AMCL vs GT: gt=(-3.764, 0.089) amcl=(-3.736, 0.102) error=0.031 m / 0.000 rad; current_map=(-3.733, 0.102, -2.178) error=0.033 m / 0.000 rad; odom=(-4.807, 0.473, -2.178) error=1.112 m / 0.000 rad; ekf=(-4.807, 0.473, -2.178) error=1.112 m / 0.000 rad; RMS=0.086 m / 0.019 rad max=0.230 m / 0.064 rad samples=6711
[gpu_amcl_cpp_node-6] [INFO] [1789473866.827859619] [gpu_amcl_cpp]: AMCL odom delta: at_scan=(3.182, -6.214, -1.227) baseline=(3.163, -6.168, -1.181) delta=(0.018, -0.046, -0.046) moved=true scan_age=0.078s
[component_container-9] [INFO] [1789473866.901136685] [pure_pursuit_node]: Pure Pursuit: pose=(-4.631, -0.457, -3.090) cte=0.022 closest=1758 target=1801 path_dist=0.022 heading_err=0.093 steer=-0.343 speed=1.942 startup_cap=12.000 lap_fraction=1.000
[gpu_amcl_cpp_node-6] [INFO] [1789473866.927428454] [gpu_amcl_cpp]: Received LiDAR callback #3395 (1081 ranges).
[gpu_amcl_cpp_node-6] [INFO] [1789473866.927485717] [gpu_amcl_cpp]: Starting AMCL scan update #3395 (sampled from 1081 ranges).
[gpu_amcl_cpp_node-6] [INFO] [1789473867.107237614] [gpu_amcl_cpp]: AMCL local correction: odom_prediction=(-4.850, -0.450, 2.952) scan=(-4.846, -0.442, 2.960) correction=0.009 m/0.008 rad cluster_weight=0.987 publish=true
[ground_truth_amcl_monitor-7] [INFO] [1789473867.410678010] [ground_truth_amcl_monitor]: AMCL vs GT: gt=(-5.399, -0.159) amcl=(-5.380, -0.149) error=0.022 m / 0.000 rad; current_map=(-5.384, -0.153, 2.392) error=0.016 m / 0.000 rad; odom=(-6.482, 0.212, 2.392) error=1.144 m / 0.000 rad; ekf=(-6.482, 0.212, 2.392) error=1.144 m / 0.000 rad; RMS=0.086 m / 0.020 rad max=0.230 m / 0.064 rad samples=6791
[gpu_amcl_cpp_node-6] [INFO] [1789473867.827898330] [gpu_amcl_cpp]: AMCL odom delta: at_scan=(1.860, -7.868, -2.885) baseline=(1.958, -7.839, -2.862) delta=(-0.099, -0.028, -0.022) moved=true scan_age=0.079s
[gpu_amcl_cpp_node-6] [INFO] [1789473867.879223725] [gpu_amcl_cpp]: AMCL scan update #3433 completed; evaluating pose confidence.
[component_container-9] [INFO] [1789473867.925856367] [pure_pursuit_node]: Pure Pursuit: pose=(-6.070, 1.569, 1.698) cte=-0.055 closest=1893 target=1941 path_dist=0.055 heading_err=0.059 steer=-0.033 speed=4.268 startup_cap=12.000 lap_fraction=1.000
[gpu_amcl_cpp_node-6] [INFO] [1789473868.131215574] [gpu_amcl_cpp]: AMCL local correction: odom_prediction=(-6.129, 2.086, 1.653) scan=(-6.125, 2.063, 1.648) correction=0.024 m/0.004 rad cluster_weight=0.952 publish=true
[ground_truth_amcl_monitor-7] [INFO] [1789473868.427301483] [ground_truth_amcl_monitor]: AMCL vs GT: gt=(-6.172, 3.454) amcl=(-6.161, 3.346) error=0.109 m / 0.002 rad; current_map=(-6.157, 3.455, 1.527) error=0.014 m / 0.000 rad; odom=(-7.323, 3.798, 1.529) error=1.201 m / 0.002 rad; ekf=(-7.323, 3.798, 1.529) error=1.201 m / 0.002 rad; RMS=0.085 m / 0.020 rad max=0.230 m / 0.064 rad samples=6872
[gpu_amcl_cpp_node-6] [INFO] [1789473868.852094757] [gpu_amcl_cpp]: AMCL odom delta: at_scan=(-2.517, -7.875, 2.858) baseline=(-2.422, -7.901, 2.883) delta=(-0.095, 0.025, -0.025) moved=true scan_age=0.080s
[component_container-9] [INFO] [1789473868.950287565] [pure_pursuit_node]: Pure Pursuit: pose=(-5.692, 5.859, 1.207) cte=-0.028 closest=2110 target=2158 path_dist=0.028 heading_err=-0.057 steer=-0.149 speed=2.856 startup_cap=12.000 lap_fraction=1.000
[gpu_amcl_cpp_node-6] [INFO] [1789473869.132202004] [gpu_amcl_cpp]: AMCL local correction: odom_prediction=(-5.556, 6.099, 1.088) scan=(-5.556, 6.107, 1.093) correction=0.008 m/0.005 rad cluster_weight=0.994 publish=true
[ground_truth_amcl_monitor-7] [INFO] [1789473869.428447727] [ground_truth_amcl_monitor]: AMCL vs GT: gt=(-5.110, 6.816) amcl=(-5.140, 6.748) error=0.075 m / 0.024 rad; current_map=(-5.093, 6.801, 0.832) error=0.023 m / 0.000 rad; odom=(-6.281, 7.243, 0.832) error=1.246 m / 0.000 rad; ekf=(-6.281, 7.243, 0.832) error=1.246 m / 0.000 rad; RMS=0.085 m / 0.020 rad max=0.230 m / 0.064 rad samples=6952
[gpu_amcl_cpp_node-6] [INFO] [1789473869.876971902] [gpu_amcl_cpp]: AMCL odom delta: at_scan=(-4.838, -5.891, 1.832) baseline=(-4.814, -5.970, 1.870) delta=(-0.024, 0.079, -0.039) moved=true scan_age=0.079s
[component_container-9] [INFO] [1789473869.951010991] [pure_pursuit_node]: Pure Pursuit: pose=(-3.404, 7.622, 0.050) cte=-0.031 closest=2261 target=2308 path_dist=0.031 heading_err=-0.001 steer=-0.155 speed=3.471 startup_cap=12.000 lap_fraction=1.000
[gpu_amcl_cpp_node-6] [INFO] [1789473870.155110044] [gpu_amcl_cpp]: AMCL local correction: odom_prediction=(-2.994, 7.613, -0.126) scan=(-3.000, 7.617, -0.122) correction=0.007 m/0.003 rad cluster_weight=0.980 publish=true
[ground_truth_amcl_monitor-7] [INFO] [1789473870.434029606] [ground_truth_amcl_monitor]: AMCL vs GT: gt=(-2.079, 7.331) amcl=(-2.054, 7.328) error=0.025 m / 0.000 rad; current_map=(-2.051, 7.329, -0.473) error=0.028 m / 0.000 rad; odom=(-3.218, 7.791, -0.473) error=1.228 m / 0.000 rad; ekf=(-3.218, 7.791, -0.473) error=1.228 m / 0.000 rad; RMS=0.085 m / 0.020 rad max=0.230 m / 0.064 rad samples=7033
[gpu_amcl_cpp_node-6] [INFO] [1789473870.902107206] [gpu_amcl_cpp]: AMCL odom delta: at_scan=(-3.287, -2.548, 0.615) baseline=(-3.383, -2.619, 0.632) delta=(0.096, 0.071, -0.016) moved=true scan_age=0.080s
[component_container-9] [INFO] [1789473870.976483572] [pure_pursuit_node]: Pure Pursuit: pose=(-0.245, 5.359, -1.089) cte=-0.034 closest=2465 target=2515 path_dist=0.034 heading_err=0.013 steer=-0.042 speed=5.003 startup_cap=12.000 lap_fraction=1.000
[gpu_amcl_cpp_node-6] [INFO] [1789473871.156897746] [gpu_amcl_cpp]: AMCL local correction: odom_prediction=(-0.034, 4.939, -1.108) scan=(-0.038, 4.946, -1.114) correction=0.009 m/0.006 rad cluster_weight=0.938 publish=true
[ground_truth_amcl_monitor-7] [INFO] [1789473871.434707515] [ground_truth_amcl_monitor]: AMCL vs GT: gt=(0.490, 3.646) amcl=(0.509, 3.623) error=0.031 m / 0.000 rad; current_map=(0.510, 3.619, -1.220) error=0.034 m / 0.000 rad; odom=(-0.575, 4.062, -1.220) error=1.143 m / 0.000 rad; ekf=(-0.575, 4.062, -1.220) error=1.143 m / 0.000 rad; RMS=0.085 m / 0.020 rad max=0.230 m / 0.064 rad samples=7113
[gpu_amcl_cpp_node-6] [WARN] [1789473871.756293803] [gpu_amcl_cpp]: No local AMCL cluster near odometry prediction; using causal odometry pose.
[gpu_amcl_cpp_node-6] [INFO] [1789473871.926865550] [gpu_amcl_cpp]: AMCL odom delta: at_scan=(1.657, -0.683, 0.179) baseline=(1.523, -0.711, 0.197) delta=(0.135, 0.027, -0.018) moved=true scan_age=0.080s
[gpu_amcl_cpp_node-6] [INFO] [1789473871.952010710] [gpu_amcl_cpp]: Received LiDAR callback #3596 (1081 ranges).
[gpu_amcl_cpp_node-6] [INFO] [1789473871.952072293] [gpu_amcl_cpp]: Starting AMCL scan update #3596 (sampled from 1081 ranges).
[component_container-9] [INFO] [1789473872.000782413] [pure_pursuit_node]: Pure Pursuit: pose=(1.292, 0.283, -1.405) cte=-0.024 closest=145 target=196 path_dist=0.024 heading_err=-0.043 steer=-0.088 speed=5.588 startup_cap=12.000 lap_fraction=1.000
[gpu_amcl_cpp_node-6] [INFO] [1789473872.181366913] [gpu_amcl_cpp]: AMCL local correction: odom_prediction=(1.324, -0.208, -1.492) scan=(1.324, -0.300, -1.486) correction=0.092 m/0.006 rad cluster_weight=0.949 publish=true
[gpu_amcl_cpp_node-6] [WARN] [1789473872.327349344] [gpu_amcl_cpp]: Queued LiDAR scan until source-time odometry arrives (queued=1).
[ground_truth_amcl_monitor-7] [INFO] [1789473872.435288926] [ground_truth_amcl_monitor]: AMCL vs GT: gt=(1.421, -1.606) amcl=(1.430, -1.675) error=0.070 m / 0.000 rad; current_map=(1.428, -1.674, -1.584) error=0.069 m / 0.000 rad; odom=(0.373, -1.225, -1.584) error=1.115 m / 0.000 rad; ekf=(0.373, -1.225, -1.584) error=1.115 m / 0.000 rad; RMS=0.085 m / 0.019 rad max=0.230 m / 0.064 rad samples=7193
[gpu_amcl_cpp_node-6] [INFO] [1789473872.902637332] [gpu_amcl_cpp]: AMCL scan update #3635 completed; evaluating pose confidence.
[gpu_amcl_cpp_node-6] [INFO] [1789473872.927193817] [gpu_amcl_cpp]: AMCL odom delta: at_scan=(7.250, -0.752, -0.184) baseline=(7.105, -0.727, -0.175) delta=(0.146, -0.025, -0.008) moved=true scan_age=0.082s
[component_container-9] [INFO] [1789473873.000845368] [pure_pursuit_node]: Pure Pursuit: pose=(0.951, -5.375, -1.698) cte=-0.046 closest=429 target=482 path_dist=0.046 heading_err=-0.065 steer=-0.086 speed=5.068 startup_cap=12.000 lap_fraction=1.000
[gpu_amcl_cpp_node-6] [INFO] [1789473873.182085045] [gpu_amcl_cpp]: AMCL local correction: odom_prediction=(0.844, -5.780, -1.791) scan=(0.848, -5.789, -1.794) correction=0.010 m/0.004 rad cluster_weight=0.957 publish=true
[ground_truth_amcl_monitor-7] [INFO] [1789473873.452134711] [ground_truth_amcl_monitor]: AMCL vs GT: gt=(0.571, -6.918) amcl=(0.608, -6.824) error=0.102 m / 0.007 rad; current_map=(0.584, -6.916, -1.815) error=0.013 m / 0.000 rad; odom=(-0.490, -6.493, -1.822) error=1.143 m / 0.007 rad; ekf=(-0.490, -6.493, -1.822) error=1.143 m / 0.007 rad; RMS=0.085 m / 0.019 rad max=0.230 m / 0.064 rad samples=7274
[gpu_amcl_cpp_node-6] [INFO] [1789473873.953142961] [gpu_amcl_cpp]: AMCL odom delta: at_scan=(11.477, -1.811, -0.351) baseline=(11.417, -1.786, -0.347) delta=(0.060, -0.025, -0.004) moved=true scan_age=0.084s
[component_container-9] [INFO] [1789473874.000935754] [pure_pursuit_node]: Pure Pursuit: pose=(-0.042, -8.955, -2.035) cte=0.018 closest=615 target=659 path_dist=0.018 heading_err=0.046 steer=-0.021 speed=2.549 startup_cap=12.000 lap_fraction=1.000
[gpu_amcl_cpp_node-6] [INFO] [1789473874.207191304] [gpu_amcl_cpp]: AMCL local correction: odom_prediction=(-0.164, -9.245, -2.065) scan=(-0.167, -9.251, -2.063) correction=0.007 m/0.002 rad cluster_weight=0.994 publish=true
[ground_truth_amcl_monitor-7] [INFO] [1789473874.453186185] [ground_truth_amcl_monitor]: AMCL vs GT: gt=(-0.561, -9.764) amcl=(-0.496, -9.701) error=0.090 m / 0.043 rad; current_map=(-0.540, -9.744, -2.403) error=0.029 m / 0.000 rad; odom=(-1.639, -9.382, -2.403) error=1.144 m / 0.000 rad; ekf=(-1.639, -9.382, -2.403) error=1.144 m / 0.000 rad; RMS=0.084 m / 0.019 rad max=0.230 m / 0.064 rad samples=7354
[gpu_amcl_cpp_node-6] [INFO] [1789473874.977413070] [gpu_amcl_cpp]: AMCL odom delta: at_scan=(12.871, -3.635, -1.820) baseline=(12.885, -3.572, -1.771) delta=(-0.014, -0.063, -0.049) moved=true scan_age=0.083s
[component_container-9] [INFO] [1789473875.001386817] [pure_pursuit_node]: Pure Pursuit: pose=(-1.994, -9.956, 2.676) cte=-0.008 closest=742 target=786 path_dist=0.008 heading_err=-0.043 steer=-0.249 speed=2.674 startup_cap=12.000 lap_fraction=1.000
[gpu_amcl_cpp_node-6] [INFO] [1789473875.207901719] [gpu_amcl_cpp]: AMCL local correction: odom_prediction=(-2.258, -9.778, 2.462) scan=(-2.268, -9.769, 2.458) correction=0.013 m/0.005 rad cluster_weight=0.986 publish=true
[ground_truth_amcl_monitor-7] [INFO] [1789473875.453732181] [ground_truth_amcl_monitor]: AMCL vs GT: gt=(-2.692, -9.277) amcl=(-2.672, -9.285) error=0.022 m / 0.031 rad; current_map=(-2.715, -9.216, 2.094) error=0.065 m / 0.000 rad; odom=(-3.829, -8.898, 2.094) error=1.198 m / 0.000 rad; ekf=(-3.829, -8.898, 2.094) error=1.198 m / 0.000 rad; RMS=0.084 m / 0.019 rad max=0.230 m / 0.064 rad samples=7434
[component_container-9] [INFO] [1789473876.001872448] [pure_pursuit_node]: Pure Pursuit: pose=(-3.161, -6.740, 1.524) cte=-0.006 closest=919 target=970 path_dist=0.006 heading_err=0.007 steer=-0.032 speed=5.150 startup_cap=12.000 lap_fraction=1.000
[gpu_amcl_cpp_node-6] [INFO] [1789473876.003018750] [gpu_amcl_cpp]: AMCL odom delta: at_scan=(9.922, -5.143, -3.119) baseline=(10.040, -5.138, -3.105) delta=(-0.118, -0.005, -0.013) moved=true scan_age=0.084s
[gpu_amcl_cpp_node-6] [INFO] [1789473876.232339448] [gpu_amcl_cpp]: AMCL local correction: odom_prediction=(-3.090, -6.045, 1.466) scan=(-3.079, -6.051, 1.460) correction=0.012 m/0.006 rad cluster_weight=0.976 publish=true
[ground_truth_amcl_monitor-7] [INFO] [1789473876.454606337] [ground_truth_amcl_monitor]: AMCL vs GT: gt=(-2.939, -5.092) amcl=(-2.925, -5.158) error=0.067 m / 0.000 rad; current_map=(-2.899, -5.049, 1.344) error=0.058 m / 0.000 rad; odom=(-4.120, -4.647, 1.344) error=1.262 m / 0.000 rad; ekf=(-4.120, -4.647, 1.344) error=1.262 m / 0.000 rad; RMS=0.084 m / 0.019 rad max=0.230 m / 0.064 rad samples=7514
[gpu_amcl_cpp_node-6] [INFO] [1789473876.978514842] [gpu_amcl_cpp]: Received LiDAR callback #3798 (1081 ranges).
[gpu_amcl_cpp_node-6] [INFO] [1789473876.978570782] [gpu_amcl_cpp]: Starting AMCL scan update #3798 (sampled from 1081 ranges).
[component_container-9] [INFO] [1789473877.003528899] [pure_pursuit_node]: Pure Pursuit: pose=(-1.930, -1.668, 1.258) cte=0.019 closest=1181 target=1235 path_dist=0.019 heading_err=0.059 steer=0.079 speed=5.526 startup_cap=12.000 lap_fraction=1.000
[gpu_amcl_cpp_node-6] [INFO] [1789473877.004965851] [gpu_amcl_cpp]: AMCL odom delta: at_scan=(4.939, -4.048, 2.866) baseline=(5.087, -4.090, 2.865) delta=(-0.148, 0.042, 0.001) moved=true scan_age=0.085s
[gpu_amcl_cpp_node-6] [INFO] [1789473877.258216185] [gpu_amcl_cpp]: AMCL local correction: odom_prediction=(-1.729, -0.815, 1.322) scan=(-1.728, -0.796, 1.313) correction=0.019 m/0.009 rad cluster_weight=0.972 publish=true
[ground_truth_amcl_monitor-7] [INFO] [1789473877.457230844] [ground_truth_amcl_monitor]: AMCL vs GT: gt=(-1.555, 0.012) amcl=(-1.539, 0.032) error=0.026 m / 0.000 rad; current_map=(-1.543, 0.029, 1.365) error=0.021 m / 0.000 rad; odom=(-2.714, 0.390, 1.365) error=1.219 m / 0.000 rad; ekf=(-2.714, 0.390, 1.365) error=1.219 m / 0.000 rad; RMS=0.084 m / 0.019 rad max=0.230 m / 0.064 rad samples=7595
[gpu_amcl_cpp_node-6] [INFO] [1789473877.902666176] [gpu_amcl_cpp]: AMCL scan update #3835 completed; evaluating pose confidence.
[component_container-9] [INFO] [1789473878.026196454] [pure_pursuit_node]: Pure Pursuit: pose=(-1.259, 2.317, 1.634) cte=0.005 closest=1383 target=1430 path_dist=0.005 heading_err=-0.019 steer=0.108 speed=2.284 startup_cap=12.000 lap_fraction=1.000
[gpu_amcl_cpp_node-6] [INFO] [1789473878.027321433] [gpu_amcl_cpp]: AMCL odom delta: at_scan=(0.783, -3.230, 3.127) baseline=(0.859, -3.233, 3.102) delta=(-0.076, 0.003, 0.025) moved=true scan_age=0.083s
[gpu_amcl_cpp_node-6] [INFO] [1789473878.282150649] [gpu_amcl_cpp]: AMCL local correction: odom_prediction=(-1.294, 2.676, 1.759) scan=(-1.297, 2.692, 1.757) correction=0.017 m/0.002 rad cluster_weight=0.975 publish=true
[ground_truth_amcl_monitor-7] [INFO] [1789473878.459838118] [ground_truth_amcl_monitor]: AMCL vs GT: gt=(-1.404, 2.988) amcl=(-1.380, 3.013) error=0.035 m / 0.000 rad; current_map=(-1.379, 3.010, 1.892) error=0.034 m / 0.000 rad; odom=(-2.553, 3.301, 1.892) error=1.191 m / 0.000 rad; ekf=(-2.553, 3.301, 1.892) error=1.191 m / 0.000 rad; RMS=0.084 m / 0.019 rad max=0.230 m / 0.064 rad samples=7675
[gpu_amcl_cpp_node-6] [WARN] [1789473878.803093714] [gpu_amcl_cpp]: Queued LiDAR scan until source-time odometry arrives (queued=1).
[component_container-9] [INFO] [1789473879.050370786] [pure_pursuit_node]: Pure Pursuit: pose=(-2.203, 3.823, 3.002) cte=-0.030 closest=1482 target=1525 path_dist=0.030 heading_err=0.069 steer=0.414 speed=1.831 startup_cap=12.000 lap_fraction=1.000
[gpu_amcl_cpp_node-6] [INFO] [1789473879.051605808] [gpu_amcl_cpp]: AMCL odom delta: at_scan=(-0.921, -4.037, -1.881) baseline=(-0.906, -3.996, -1.933) delta=(-0.015, -0.041, 0.051) moved=true scan_age=0.083s
[gpu_amcl_cpp_node-6] [INFO] [1789473879.306491478] [gpu_amcl_cpp]: AMCL local correction: odom_prediction=(-2.496, 3.823, -2.906) scan=(-2.471, 3.827, -2.943) correction=0.025 m/0.037 rad cluster_weight=0.983 publish=true
[ground_truth_amcl_monitor-7] [INFO] [1789473879.477489401] [ground_truth_amcl_monitor]: AMCL vs GT: gt=(-2.763, 3.645) amcl=(-2.720, 3.692) error=0.065 m / 0.054 rad; current_map=(-2.761, 3.665, -2.521) error=0.020 m / 0.000 rad; odom=(-3.978, 3.968, -2.521) error=1.256 m / 0.000 rad; ekf=(-3.978, 3.968, -2.521) error=1.256 m / 0.000 rad; RMS=0.083 m / 0.019 rad max=0.230 m / 0.064 rad samples=7756
[component_container-9] [INFO] [1789473880.050547405] [pure_pursuit_node]: Pure Pursuit: pose=(-3.290, 2.150, -1.643) cte=0.089 closest=1594 target=1640 path_dist=0.089 heading_err=-0.051 steer=0.032 speed=3.224 startup_cap=12.000 lap_fraction=1.000
[gpu_amcl_cpp_node-6] [INFO] [1789473880.051859743] [gpu_amcl_cpp]: AMCL odom delta: at_scan=(0.442, -5.350, -0.119) baseline=(0.363, -5.339, -0.134) delta=(0.079, -0.011, 0.014) moved=true scan_age=0.083s
[gpu_amcl_cpp_node-6] [INFO] [1789473880.308953262] [gpu_amcl_cpp]: AMCL local correction: odom_prediction=(-3.332, 1.628, -1.640) scan=(-3.333, 1.644, -1.633) correction=0.016 m/0.007 rad cluster_weight=0.949 publish=true
[ground_truth_amcl_monitor-7] [INFO] [1789473880.478772287] [ground_truth_amcl_monitor]: AMCL vs GT: gt=(-3.407, 1.100) amcl=(-3.369, 1.191) error=0.099 m / 0.018 rad; current_map=(-3.379, 1.120, -1.721) error=0.034 m / 0.000 rad; odom=(-4.661, 1.402, -1.721) error=1.290 m / 0.000 rad; ekf=(-4.661, 1.402, -1.721) error=1.290 m / 0.000 rad; RMS=0.083 m / 0.019 rad max=0.230 m / 0.064 rad samples=7836
[component_container-9] [INFO] [1789473881.050709648] [pure_pursuit_node]: Pure Pursuit: pose=(-3.907, -0.121, -2.380) cte=0.033 closest=1716 target=1759 path_dist=0.033 heading_err=-0.002 steer=-0.233 speed=1.915 startup_cap=12.000 lap_fraction=1.000
[gpu_amcl_cpp_node-6] [INFO] [1789473881.052137260] [gpu_amcl_cpp]: AMCL odom delta: at_scan=(2.899, -5.885, -0.695) baseline=(2.863, -5.856, -0.661) delta=(0.037, -0.029, -0.034) moved=true scan_age=0.085s
[gpu_amcl_cpp_node-6] [INFO] [1789473881.330539189] [gpu_amcl_cpp]: AMCL local correction: odom_prediction=(-4.193, -0.355, -2.668) scan=(-4.185, -0.355, -2.628) correction=0.008 m/0.040 rad cluster_weight=0.986 publish=true
[ground_truth_amcl_monitor-7] [INFO] [1789473881.482398043] [ground_truth_amcl_monitor]: AMCL vs GT: gt=(-4.512, -0.468) amcl=(-4.454, -0.471) error=0.058 m / 0.000 rad; current_map=(-4.455, -0.463, -2.937) error=0.057 m / 0.000 rad; odom=(-5.748, -0.170, -2.937) error=1.272 m / 0.000 rad; ekf=(-5.748, -0.170, -2.937) error=1.272 m / 0.000 rad; RMS=0.083 m / 0.020 rad max=0.230 m / 0.064 rad samples=7917
[gpu_amcl_cpp_node-6] [INFO] [1789473882.002774316] [gpu_amcl_cpp]: Received LiDAR callback #4000 (1081 ranges).
[gpu_amcl_cpp_node-6] [INFO] [1789473882.002840979] [gpu_amcl_cpp]: Starting AMCL scan update #4000 (sampled from 1081 ranges).
[component_container-9] [INFO] [1789473882.051328458] [pure_pursuit_node]: Pure Pursuit: pose=(-5.596, 0.063, 2.141) cte=-0.068 closest=1815 target=1859 path_dist=0.068 heading_err=-0.031 steer=-0.186 speed=2.790 startup_cap=12.000 lap_fraction=1.000
[gpu_amcl_cpp_node-6] [INFO] [1789473882.052767484] [gpu_amcl_cpp]: AMCL odom delta: at_scan=(2.940, -7.601, -2.435) baseline=(2.982, -7.562, -2.396) delta=(-0.043, -0.039, -0.039) moved=true scan_age=0.086s
[gpu_amcl_cpp_node-6] [INFO] [1789473882.330962609] [gpu_amcl_cpp]: AMCL local correction: odom_prediction=(-5.860, 0.571, 1.904) scan=(-5.851, 0.549, 1.920) correction=0.024 m/0.016 rad cluster_weight=0.967 publish=true
[ground_truth_amcl_monitor-7] [INFO] [1789473882.484350528] [ground_truth_amcl_monitor]: AMCL vs GT: gt=(-6.011, 1.059) amcl=(-5.993, 1.048) error=0.021 m / 0.000 rad; current_map=(-5.994, 1.052, 1.785) error=0.018 m / 0.000 rad; odom=(-7.317, 1.391, 1.785) error=1.347 m / 0.000 rad; ekf=(-7.317, 1.391, 1.785) error=1.347 m / 0.000 rad; RMS=0.083 m / 0.020 rad max=0.230 m / 0.064 rad samples=7997
[gpu_amcl_cpp_node-6] [INFO] [1789473882.903356880] [gpu_amcl_cpp]: AMCL scan update #4036 completed; evaluating pose confidence.
[component_container-9] [INFO] [1789473883.051569959] [pure_pursuit_node]: Pure Pursuit: pose=(-6.169, 3.840, 1.466) cte=-0.029 closest=2006 target=2055 path_dist=0.029 heading_err=0.030 steer=0.001 speed=4.425 startup_cap=12.000 lap_fraction=1.000
[gpu_amcl_cpp_node-6] [INFO] [1789473883.053068660] [gpu_amcl_cpp]: AMCL odom delta: at_scan=(-0.758, -8.325, 3.119) baseline=(-0.649, -8.324, -3.140) delta=(-0.109, -0.001, -0.024) moved=true scan_age=0.086s
[gpu_amcl_cpp_node-6] [INFO] [1789473883.332870220] [gpu_amcl_cpp]: AMCL local correction: odom_prediction=(-6.083, 4.621, 1.344) scan=(-6.085, 4.609, 1.354) correction=0.013 m/0.009 rad cluster_weight=0.988 publish=true
[ground_truth_amcl_monitor-7] [INFO] [1789473883.502806290] [ground_truth_amcl_monitor]: AMCL vs GT: gt=(-5.912, 5.389) amcl=(-5.945, 5.209) error=0.183 m / 0.035 rad; current_map=(-5.918, 5.300, 1.252) error=0.089 m / 0.000 rad; odom=(-7.276, 5.670, 1.287) error=1.392 m / 0.035 rad; ekf=(-7.276, 5.670, 1.287) error=1.392 m / 0.035 rad; RMS=0.084 m / 0.020 rad max=0.230 m / 0.064 rad samples=8078
[component_container-9] [INFO] [1789473884.076364413] [pure_pursuit_node]: Pure Pursuit: pose=(-4.950, 6.984, 0.782) cte=-0.030 closest=2177 target=2223 path_dist=0.030 heading_err=-0.056 steer=-0.217 speed=3.082 startup_cap=12.000 lap_fraction=1.000
[gpu_amcl_cpp_node-6] [INFO] [1789473884.078115173] [gpu_amcl_cpp]: AMCL odom delta: at_scan=(-4.078, -7.241, 2.402) baseline=(-4.025, -7.288, 2.415) delta=(-0.053, 0.046, -0.013) moved=true scan_age=0.087s
[gpu_amcl_cpp_node-6] [INFO] [1789473884.357578207] [gpu_amcl_cpp]: AMCL local correction: odom_prediction=(-4.485, 7.323, 0.514) scan=(-4.494, 7.319, 0.544) correction=0.010 m/0.030 rad cluster_weight=0.992 publish=true
[ground_truth_amcl_monitor-7] [INFO] [1789473884.503025644] [ground_truth_amcl_monitor]: AMCL vs GT: gt=(-4.010, 7.548) amcl=(-4.126, 7.494) error=0.128 m / 0.019 rad; current_map=(-4.047, 7.520, 0.302) error=0.046 m / 0.000 rad; odom=(-5.339, 7.948, 0.302) error=1.387 m / 0.000 rad; ekf=(-5.339, 7.948, 0.302) error=1.387 m / 0.000 rad; RMS=0.084 m / 0.020 rad max=0.230 m / 0.064 rad samples=8158
[component_container-9] [INFO] [1789473885.101110918] [pure_pursuit_node]: Pure Pursuit: pose=(-1.784, 7.183, -0.650) cte=-0.052 closest=2345 target=2393 path_dist=0.052 heading_err=0.081 steer=-0.059 speed=3.922 startup_cap=12.000 lap_fraction=1.000
[gpu_amcl_cpp_node-6] [INFO] [1789473885.102391935] [gpu_amcl_cpp]: AMCL odom delta: at_scan=(-4.595, -4.140, 1.052) baseline=(-4.638, -4.221, 1.095) delta=(0.043, 0.081, -0.043) moved=true scan_age=0.086s
[gpu_amcl_cpp_node-6] [INFO] [1789473885.379295718] [gpu_amcl_cpp]: AMCL local correction: odom_prediction=(-1.211, 6.738, -0.810) scan=(-1.229, 6.751, -0.808) correction=0.023 m/0.002 rad cluster_weight=0.980 publish=true
[ground_truth_amcl_monitor-7] [INFO] [1789473885.504444873] [ground_truth_amcl_monitor]: AMCL vs GT: gt=(-0.878, 6.341) amcl=(-0.947, 6.446) error=0.125 m / 0.032 rad; current_map=(-0.880, 6.367, -0.891) error=0.026 m / 0.000 rad; odom=(-2.228, 6.830, -0.859) error=1.436 m / 0.032 rad; ekf=(-2.228, 6.830, -0.859) error=1.436 m / 0.032 rad; RMS=0.084 m / 0.020 rad max=0.230 m / 0.064 rad samples=8238
[component_container-9] [INFO] [1789473886.101123256] [pure_pursuit_node]: Pure Pursuit: pose=(0.505, 3.751, -1.095) cte=-0.073 closest=2553 target=17 path_dist=0.073 heading_err=-0.131 steer=-0.212 speed=4.625 startup_cap=12.000 lap_fraction=1.000
[gpu_amcl_cpp_node-6] [INFO] [1789473886.102609583] [gpu_amcl_cpp]: AMCL odom delta: at_scan=(-1.298, -1.717, 0.381) baseline=(-1.414, -1.761, 0.358) delta=(0.116, 0.043, 0.023) moved=true scan_age=0.086s
[gpu_amcl_cpp_node-6] [WARN] [1789473886.332747504] [gpu_amcl_cpp]: No local AMCL cluster near odometry prediction; using causal odometry pose.
[gpu_amcl_cpp_node-6] [INFO] [1789473886.382042010] [gpu_amcl_cpp]: AMCL local correction: odom_prediction=(0.741, 2.967, -1.249) scan=(0.737, 2.977, -1.262) correction=0.011 m/0.012 rad cluster_weight=0.945 publish=true
[ground_truth_amcl_monitor-7] [INFO] [1789473886.509314481] [ground_truth_amcl_monitor]: AMCL vs GT: gt=(0.909, 2.376) amcl=(0.901, 2.434) error=0.058 m / 0.000 rad; current_map=(0.898, 2.429, -1.342) error=0.054 m / 0.000 rad; odom=(-0.355, 2.749, -1.342) error=1.318 m / 0.000 rad; ekf=(-0.355, 2.749, -1.342) error=1.318 m / 0.000 rad; RMS=0.084 m / 0.020 rad max=0.230 m / 0.064 rad samples=8319
[gpu_amcl_cpp_node-6] [INFO] [1789473887.002853990] [gpu_amcl_cpp]: Received LiDAR callback #4200 (1081 ranges).
[gpu_amcl_cpp_node-6] [INFO] [1789473887.002910770] [gpu_amcl_cpp]: Starting AMCL scan update #4200 (sampled from 1081 ranges).
[component_container-9] [INFO] [1789473887.102075799] [pure_pursuit_node]: Pure Pursuit: pose=(1.395, -0.760, -1.504) cte=-0.041 closest=197 target=247 path_dist=0.041 heading_err=-0.026 steer=-0.064 speed=4.837 startup_cap=12.000 lap_fraction=1.000
[gpu_amcl_cpp_node-6] [INFO] [1789473887.103747229] [gpu_amcl_cpp]: AMCL odom delta: at_scan=(3.237, -0.658, 0.112) baseline=(3.123, -0.669, 0.120) delta=(0.114, 0.012, -0.007) moved=true scan_age=0.088s
[gpu_amcl_cpp_node-6] [INFO] [1789473887.383164289] [gpu_amcl_cpp]: AMCL local correction: odom_prediction=(1.456, -1.736, -1.593) scan=(1.457, -1.730, -1.577) correction=0.007 m/0.016 rad cluster_weight=0.927 publish=true
[ground_truth_amcl_monitor-7] [INFO] [1789473887.509356211] [ground_truth_amcl_monitor]: AMCL vs GT: gt=(1.404, -2.317) amcl=(1.421, -2.292) error=0.030 m / 0.000 rad; current_map=(1.423, -2.297, -1.674) error=0.028 m / 0.000 rad; odom=(0.145, -1.988, -1.674) error=1.301 m / 0.000 rad; ekf=(0.145, -1.988, -1.674) error=1.301 m / 0.000 rad; RMS=0.085 m / 0.019 rad max=0.230 m / 0.064 rad samples=8399
[gpu_amcl_cpp_node-6] [INFO] [1789473887.904626796] [gpu_amcl_cpp]: AMCL scan update #4236 completed; evaluating pose confidence.
[component_container-9] [INFO] [1789473888.125450241] [pure_pursuit_node]: Pure Pursuit: pose=(0.860, -5.745, -1.861) cte=-0.029 closest=448 target=499 path_dist=0.029 heading_err=0.088 steer=0.068 speed=4.604 startup_cap=12.000 lap_fraction=1.000
[gpu_amcl_cpp_node-6] [INFO] [1789473888.126417742] [gpu_amcl_cpp]: AMCL odom delta: at_scan=(8.258, -1.128, -0.198) baseline=(8.131, -1.106, -0.175) delta=(0.126, -0.022, -0.023) moved=true scan_age=0.086s
[gpu_amcl_cpp_node-6] [INFO] [1789473888.406610544] [gpu_amcl_cpp]: AMCL local correction: odom_prediction=(0.719, -6.503, -1.850) scan=(0.719, -6.505, -1.846) correction=0.002 m/0.004 rad cluster_weight=0.967 publish=true
[ground_truth_amcl_monitor-7] [INFO] [1789473888.528614979] [ground_truth_amcl_monitor]: AMCL vs GT: gt=(0.562, -7.071) amcl=(0.615, -6.890) error=0.189 m / 0.008 rad; current_map=(0.595, -6.986, -1.785) error=0.091 m / 0.000 rad; odom=(-0.716, -6.775, -1.785) error=1.312 m / 0.000 rad; ekf=(-0.716, -6.775, -1.785) error=1.312 m / 0.000 rad; RMS=0.085 m / 0.019 rad max=0.230 m / 0.064 rad samples=8480
[component_container-9] [INFO] [1789473889.126470435] [pure_pursuit_node]: Pure Pursuit: pose=(-0.075, -9.119, -1.954) cte=-0.021 closest=623 target=668 path_dist=0.021 heading_err=-0.071 steer=-0.226 speed=2.529 startup_cap=12.000 lap_fraction=1.000
[gpu_amcl_cpp_node-6] [INFO] [1789473889.127699174] [gpu_amcl_cpp]: AMCL odom delta: at_scan=(11.833, -2.098, -0.422) baseline=(11.775, -2.072, -0.427) delta=(0.057, -0.026, 0.005) moved=true scan_age=0.088s
[gpu_amcl_cpp_node-6] [INFO] [1789473889.432469793] [gpu_amcl_cpp]: AMCL local correction: odom_prediction=(-0.367, -9.587, -2.259) scan=(-0.369, -9.598, -2.233) correction=0.011 m/0.026 rad cluster_weight=0.999 publish=true
[ground_truth_amcl_monitor-7] [INFO] [1789473889.533566203] [ground_truth_amcl_monitor]: AMCL vs GT: gt=(-0.591, -9.827) amcl=(-0.534, -9.777) error=0.075 m / 0.000 rad; current_map=(-0.534, -9.777, -2.440) error=0.076 m / 0.000 rad; odom=(-1.844, -9.499, -2.440) error=1.295 m / 0.000 rad; ekf=(-1.844, -9.499, -2.440) error=1.295 m / 0.000 rad; RMS=0.086 m / 0.019 rad max=0.230 m / 0.064 rad samples=8561
[component_container-9] [INFO] [1789473890.150683274] [pure_pursuit_node]: Pure Pursuit: pose=(-2.160, -9.885, 2.506) cte=-0.041 closest=750 target=795 path_dist=0.041 heading_err=-0.019 steer=-0.215 speed=2.560 startup_cap=12.000 lap_fraction=1.000
[gpu_amcl_cpp_node-6] [INFO] [1789473890.151979786] [gpu_amcl_cpp]: AMCL odom delta: at_scan=(12.870, -4.078, -2.039) baseline=(12.896, -4.023, -1.992) delta=(-0.025, -0.055, -0.047) moved=true scan_age=0.088s
[gpu_amcl_cpp_node-6] [WARN] [1789473890.202239717] [gpu_amcl_cpp]: Queued LiDAR scan until source-time odometry arrives (queued=1).
[gpu_amcl_cpp_node-6] [INFO] [1789473890.455710368] [gpu_amcl_cpp]: AMCL local correction: odom_prediction=(-2.571, -9.492, 2.199) scan=(-2.564, -9.491, 2.219) correction=0.007 m/0.020 rad cluster_weight=0.968 publish=true
[ground_truth_amcl_monitor-7] [INFO] [1789473890.553546506] [ground_truth_amcl_monitor]: AMCL vs GT: gt=(-2.730, -9.268) amcl=(-2.690, -9.308) error=0.056 m / 0.034 rad; current_map=(-2.730, -9.240, 2.068) error=0.029 m / 0.000 rad; odom=(-4.034, -8.947, 2.068) error=1.343 m / 0.000 rad; ekf=(-4.034, -8.947, 2.068) error=1.343 m / 0.000 rad; RMS=0.086 m / 0.020 rad max=0.230 m / 0.064 rad samples=8642
[component_container-9] [INFO] [1789473891.150961819] [pure_pursuit_node]: Pure Pursuit: pose=(-3.177, -6.550, 1.559) cte=-0.033 closest=929 target=979 path_dist=0.033 heading_err=-0.053 steer=-0.105 speed=4.465 startup_cap=12.000 lap_fraction=1.000
[gpu_amcl_cpp_node-6] [INFO] [1789473891.152192349] [gpu_amcl_cpp]: AMCL odom delta: at_scan=(9.750, -5.321, -3.105) baseline=(9.872, -5.316, -3.101) delta=(-0.122, -0.005, -0.004) moved=true scan_age=0.089s
[gpu_amcl_cpp_node-6] [INFO] [1789473891.457788525] [gpu_amcl_cpp]: AMCL local correction: odom_prediction=(-3.069, -5.702, 1.393) scan=(-3.069, -5.706, 1.408) correction=0.004 m/0.015 rad cluster_weight=0.973 publish=true
[ground_truth_amcl_monitor-7] [INFO] [1789473891.557546365] [ground_truth_amcl_monitor]: AMCL vs GT: gt=(-2.988, -5.220) amcl=(-2.956, -5.237) error=0.036 m / 0.000 rad; current_map=(-2.960, -5.237, 1.320) error=0.033 m / 0.000 rad; odom=(-4.313, -4.812, 1.320) error=1.387 m / 0.000 rad; ekf=(-4.313, -4.812, 1.320) error=1.387 m / 0.000 rad; RMS=0.086 m / 0.020 rad max=0.230 m / 0.064 rad samples=8723
[gpu_amcl_cpp_node-6] [INFO] [1789473892.027401201] [gpu_amcl_cpp]: Received LiDAR callback #4402 (1081 ranges).
[gpu_amcl_cpp_node-6] [INFO] [1789473892.027450795] [gpu_amcl_cpp]: Starting AMCL scan update #4402 (sampled from 1081 ranges).
[component_container-9] [INFO] [1789473892.151170659] [pure_pursuit_node]: Pure Pursuit: pose=(-2.041, -1.929, 1.216) cte=-0.023 closest=1167 target=1218 path_dist=0.023 heading_err=0.099 steer=0.108 speed=5.450 startup_cap=12.000 lap_fraction=1.000
[gpu_amcl_cpp_node-6] [INFO] [1789473892.152404585] [gpu_amcl_cpp]: AMCL odom delta: at_scan=(5.069, -4.321, 2.862) baseline=(5.190, -4.353, 2.881) delta=(-0.121, 0.032, -0.019) moved=true scan_age=0.090s
[gpu_amcl_cpp_node-6] [INFO] [1789473892.480460730] [gpu_amcl_cpp]: AMCL local correction: odom_prediction=(-1.716, -0.757, 1.274) scan=(-1.712, -0.740, 1.259) correction=0.017 m/0.015 rad cluster_weight=0.970 publish=true
[ground_truth_amcl_monitor-7] [INFO] [1789473892.578258879] [ground_truth_amcl_monitor]: AMCL vs GT: gt=(-1.611, -0.322) amcl=(-1.629, -0.448) error=0.127 m / 0.010 rad; current_map=(-1.609, -0.348, 1.359) error=0.026 m / 0.000 rad; odom=(-2.942, 0.106, 1.359) error=1.398 m / 0.000 rad; ekf=(-2.962, 0.006, 1.349) error=1.390 m / 0.010 rad; RMS=0.086 m / 0.019 rad max=0.230 m / 0.064 rad samples=8804
[gpu_amcl_cpp_node-6] [INFO] [1789473892.927652763] [gpu_amcl_cpp]: AMCL scan update #4438 completed; evaluating pose confidence.
[component_container-9] [INFO] [1789473893.151915945] [pure_pursuit_node]: Pure Pursuit: pose=(-1.242, 1.970, 1.572) cte=0.024 closest=1366 target=1413 path_dist=0.024 heading_err=-0.042 steer=0.070 speed=2.979 startup_cap=12.000 lap_fraction=1.000
[gpu_amcl_cpp_node-6] [INFO] [1789473893.153117756] [gpu_amcl_cpp]: AMCL odom delta: at_scan=(1.053, -3.406, 3.053) baseline=(1.132, -3.415, 3.038) delta=(-0.078, 0.009, 0.015) moved=true scan_age=0.091s
[gpu_amcl_cpp_node-6] [INFO] [1789473893.504187303] [gpu_amcl_cpp]: AMCL local correction: odom_prediction=(-1.279, 2.628, 1.759) scan=(-1.281, 2.660, 1.756) correction=0.032 m/0.003 rad cluster_weight=0.980 publish=true
[ground_truth_amcl_monitor-7] [INFO] [1789473893.583492843] [ground_truth_amcl_monitor]: AMCL vs GT: gt=(-1.334, 2.788) amcl=(-1.304, 2.779) error=0.031 m / 0.000 rad; current_map=(-1.304, 2.777, 1.785) error=0.032 m / 0.000 rad; odom=(-2.683, 3.154, 1.785) error=1.397 m / 0.000 rad; ekf=(-2.683, 3.154, 1.785) error=1.397 m / 0.000 rad; RMS=0.086 m / 0.019 rad max=0.230 m / 0.064 rad samples=8885
[gpu_amcl_cpp_node-6] [WARN] [1789473893.727580118] [gpu_amcl_cpp]: Queued LiDAR scan until source-time odometry arrives (queued=1).
[gpu_amcl_cpp_node-6] [INFO] [1789473894.153410417] [gpu_amcl_cpp]: AMCL odom delta: at_scan=(-0.884, -4.014, -2.142) baseline=(-0.859, -3.978, -2.187) delta=(-0.025, -0.037, 0.045) moved=true scan_age=0.091s
[component_container-9] [INFO] [1789473894.175873900] [pure_pursuit_node]: Pure Pursuit: pose=(-2.012, 3.775, 2.774) cte=-0.045 closest=1471 target=1514 path_dist=0.045 heading_err=0.076 steer=0.393 speed=1.844 startup_cap=12.000 lap_fraction=1.000
[gpu_amcl_cpp_node-6] [INFO] [1789473894.505819165] [gpu_amcl_cpp]: AMCL local correction: odom_prediction=(-2.428, 3.843, -2.985) scan=(-2.414, 3.835, -3.011) correction=0.017 m/0.026 rad cluster_weight=0.978 publish=true
[ground_truth_amcl_monitor-7] [INFO] [1789473894.583732438] [ground_truth_amcl_monitor]: AMCL vs GT: gt=(-2.555, 3.765) amcl=(-2.551, 3.800) error=0.035 m / 0.000 rad; current_map=(-2.556, 3.809, -2.817) error=0.044 m / 0.000 rad; odom=(-3.941, 4.150, -2.817) error=1.439 m / 0.000 rad; ekf=(-3.941, 4.150, -2.817) error=1.439 m / 0.000 rad; RMS=0.086 m / 0.020 rad max=0.230 m / 0.064 rad samples=8965
[component_container-9] [INFO] [1789473895.176938364] [pure_pursuit_node]: Pure Pursuit: pose=(-3.263, 2.505, -1.684) cte=0.105 closest=1576 target=1621 path_dist=0.105 heading_err=-0.004 steer=0.072 speed=3.240 startup_cap=12.000 lap_fraction=1.000
[gpu_amcl_cpp_node-6] [INFO] [1789473895.178656360] [gpu_amcl_cpp]: AMCL odom delta: at_scan=(0.033, -5.490, -0.200) baseline=(-0.036, -5.474, -0.225) delta=(0.069, -0.016, 0.025) moved=true scan_age=0.092s
[gpu_amcl_cpp_node-6] [INFO] [1789473895.530759597] [gpu_amcl_cpp]: AMCL local correction: odom_prediction=(-3.333, 1.699, -1.634) scan=(-3.330, 1.709, -1.624) correction=0.010 m/0.010 rad cluster_weight=0.968 publish=true
[ground_truth_amcl_monitor-7] [INFO] [1789473895.603052343] [ground_truth_amcl_monitor]: AMCL vs GT: gt=(-3.368, 1.467) amcl=(-3.342, 1.553) error=0.090 m / 0.005 rad; current_map=(-3.347, 1.477, -1.650) error=0.024 m / 0.000 rad; odom=(-4.819, 1.818, -1.650) error=1.492 m / 0.000 rad; ekf=(-4.819, 1.818, -1.650) error=1.492 m / 0.000 rad; RMS=0.085 m / 0.020 rad max=0.230 m / 0.064 rad samples=9046
[component_container-9] [INFO] [1789473896.200103198] [pure_pursuit_node]: Pure Pursuit: pose=(-3.799, 0.010, -2.256) cte=0.043 closest=1707 target=1751 path_dist=0.043 heading_err=-0.006 steer=-0.228 speed=1.906 startup_cap=12.000 lap_fraction=1.000
[gpu_amcl_cpp_node-6] [INFO] [1789473896.201300502] [gpu_amcl_cpp]: AMCL odom delta: at_scan=(2.689, -5.969, -0.580) baseline=(2.648, -5.944, -0.549) delta=(0.041, -0.025, -0.030) moved=true scan_age=0.090s
[gpu_amcl_cpp_node-6] [INFO] [1789473896.531181231] [gpu_amcl_cpp]: AMCL local correction: odom_prediction=(-4.122, -0.305, -2.593) scan=(-4.126, -0.324, -2.565) correction=0.020 m/0.028 rad cluster_weight=0.988 publish=true
[ground_truth_amcl_monitor-7] [INFO] [1789473896.603938065] [ground_truth_amcl_monitor]: AMCL vs GT: gt=(-4.292, -0.385) amcl=(-4.198, -0.376) error=0.095 m / 0.043 rad; current_map=(-4.241, -0.397, -2.721) error=0.052 m / 0.000 rad; odom=(-5.720, -0.031, -2.721) error=1.471 m / 0.000 rad; ekf=(-5.720, -0.031, -2.721) error=1.471 m / 0.000 rad; RMS=0.085 m / 0.020 rad max=0.230 m / 0.064 rad samples=9126
[gpu_amcl_cpp_node-6] [INFO] [1789473897.028488360] [gpu_amcl_cpp]: Received LiDAR callback #4603 (1081 ranges).
[gpu_amcl_cpp_node-6] [INFO] [1789473897.028551163] [gpu_amcl_cpp]: Starting AMCL scan update #4603 (sampled from 1081 ranges).
[component_container-9] [INFO] [1789473897.202016720] [pure_pursuit_node]: Pure Pursuit: pose=(-5.483, -0.079, 2.272) cte=-0.053 closest=1806 target=1850 path_dist=0.053 heading_err=-0.063 steer=-0.223 speed=2.589 startup_cap=12.000 lap_fraction=1.000
[gpu_amcl_cpp_node-6] [INFO] [1789473897.203606108] [gpu_amcl_cpp]: AMCL odom delta: at_scan=(3.019, -7.641, -2.281) baseline=(3.053, -7.598, -2.237) delta=(-0.034, -0.043, -0.044) moved=true scan_age=0.092s
[gpu_amcl_cpp_node-6] [INFO] [1789473897.555799954] [gpu_amcl_cpp]: AMCL local correction: odom_prediction=(-5.852, 0.562, 1.924) scan=(-5.848, 0.543, 1.931) correction=0.019 m/0.007 rad cluster_weight=0.959 publish=true
[ground_truth_amcl_monitor-7] [INFO] [1789473897.607790793] [ground_truth_amcl_monitor]: AMCL vs GT: gt=(-5.922, 0.708) amcl=(-5.905, 0.711) error=0.018 m / 0.000 rad; current_map=(-5.908, 0.712, 1.866) error=0.015 m / 0.000 rad; odom=(-7.418, 1.086, 1.866) error=1.542 m / 0.000 rad; ekf=(-7.418, 1.086, 1.866) error=1.542 m / 0.000 rad; RMS=0.085 m / 0.020 rad max=0.230 m / 0.064 rad samples=9207
[gpu_amcl_cpp_node-6] [INFO] [1789473897.928254038] [gpu_amcl_cpp]: AMCL scan update #4639 completed; evaluating pose confidence.
[component_container-9] [INFO] [1789473898.226174659] [pure_pursuit_node]: Pure Pursuit: pose=(-6.178, 3.697, 1.529) cte=-0.029 closest=1999 target=2049 path_dist=0.029 heading_err=-0.014 steer=-0.060 speed=4.275 startup_cap=12.000 lap_fraction=1.000
[gpu_amcl_cpp_node-6] [INFO] [1789473898.227563167] [gpu_amcl_cpp]: AMCL odom delta: at_scan=(-0.576, -8.513, -3.105) baseline=(-0.464, -8.507, -3.091) delta=(-0.112, -0.006, -0.014) moved=true scan_age=0.092s
[gpu_amcl_cpp_node-6] [INFO] [1789473898.579995762] [gpu_amcl_cpp]: AMCL local correction: odom_prediction=(-6.061, 4.714, 1.334) scan=(-6.063, 4.717, 1.331) correction=0.004 m/0.002 rad cluster_weight=0.989 publish=true
[ground_truth_amcl_monitor-7] [INFO] [1789473898.608193990] [ground_truth_amcl_monitor]: AMCL vs GT: gt=(-6.038, 4.870) amcl=(-6.036, 4.815) error=0.055 m / 0.000 rad; current_map=(-6.038, 4.815, 1.338) error=0.055 m / 0.000 rad; odom=(-7.561, 5.303, 1.338) error=1.583 m / 0.000 rad; ekf=(-7.561, 5.303, 1.338) error=1.583 m / 0.000 rad; RMS=0.085 m / 0.020 rad max=0.230 m / 0.064 rad samples=9287
[component_container-9] [INFO] [1789473899.226856802] [pure_pursuit_node]: Pure Pursuit: pose=(-5.073, 6.829, 0.786) cte=-0.006 closest=2167 target=2213 path_dist=0.006 heading_err=0.050 steer=-0.122 speed=2.856 startup_cap=12.000 lap_fraction=1.000
[gpu_amcl_cpp_node-6] [INFO] [1789473899.228514452] [gpu_amcl_cpp]: AMCL odom delta: at_scan=(-3.951, -7.579, 2.438) baseline=(-3.894, -7.625, 2.464) delta=(-0.057, 0.046, -0.026) moved=true scan_age=0.093s
[gpu_amcl_cpp_node-6] [INFO] [1789473899.580349780] [gpu_amcl_cpp]: AMCL local correction: odom_prediction=(-4.478, 7.315, 0.530) scan=(-4.494, 7.307, 0.556) correction=0.018 m/0.026 rad cluster_weight=0.994 publish=true
[ground_truth_amcl_monitor-7] [INFO] [1789473899.628075308] [ground_truth_amcl_monitor]: AMCL vs GT: gt=(-4.324, 7.422) amcl=(-4.414, 7.355) error=0.111 m / 0.042 rad; current_map=(-4.344, 7.392, 0.448) error=0.036 m / 0.000 rad; odom=(-5.850, 7.875, 0.448) error=1.591 m / 0.000 rad; ekf=(-5.850, 7.875, 0.448) error=1.591 m / 0.000 rad; RMS=0.085 m / 0.020 rad max=0.230 m / 0.064 rad samples=9368
[component_container-9] [INFO] [1789473900.227211425] [pure_pursuit_node]: Pure Pursuit: pose=(-2.049, 7.353, -0.468) cte=-0.068 closest=2330 target=2377 path_dist=0.068 heading_err=-0.005 steer=-0.152 speed=3.493 startup_cap=12.000 lap_fraction=1.000
[gpu_amcl_cpp_node-6] [INFO] [1789473900.228757508] [gpu_amcl_cpp]: AMCL odom delta: at_scan=(-4.793, -4.660, 1.226) baseline=(-4.820, -4.744, 1.253) delta=(0.028, 0.084, -0.027) moved=true scan_age=0.094s
[gpu_amcl_cpp_node-6] [INFO] [1789473900.581013905] [gpu_amcl_cpp]: AMCL local correction: odom_prediction=(-1.300, 6.817, -0.790) scan=(-1.304, 6.822, -0.785) correction=0.007 m/0.006 rad cluster_weight=0.978 publish=true
[ground_truth_amcl_monitor-7] [INFO] [1789473900.629289840] [ground_truth_amcl_monitor]: AMCL vs GT: gt=(-1.171, 6.663) amcl=(-1.235, 6.755) error=0.112 m / 0.001 rad; current_map=(-1.166, 6.685, -0.804) error=0.022 m / 0.000 rad; odom=(-2.656, 7.136, -0.804) error=1.559 m / 0.000 rad; ekf=(-2.725, 7.207, -0.803) error=1.646 m / 0.001 rad; RMS=0.085 m / 0.020 rad max=0.230 m / 0.064 rad samples=9448
[component_container-9] [INFO] [1789473901.250519958] [pure_pursuit_node]: Pure Pursuit: pose=(0.334, 4.111, -1.272) cte=-0.040 closest=2534 target=2583 path_dist=0.040 heading_err=0.075 steer=0.016 speed=4.722 startup_cap=12.000 lap_fraction=1.000
[gpu_amcl_cpp_node-6] [INFO] [1789473901.251876116] [gpu_amcl_cpp]: AMCL odom delta: at_scan=(-1.754, -2.055, 0.376) baseline=(-1.854, -2.097, 0.400) delta=(0.100, 0.042, -0.024) moved=true scan_age=0.092s
[gpu_amcl_cpp_node-6] [INFO] [1789473901.581099835] [gpu_amcl_cpp]: AMCL local correction: odom_prediction=(0.685, 3.158, -1.251) scan=(0.677, 3.142, -1.262) correction=0.018 m/0.012 rad cluster_weight=0.907 publish=true
[ground_truth_amcl_monitor-7] [INFO] [1789473901.632707991] [ground_truth_amcl_monitor]: AMCL vs GT: gt=(0.757, 2.918) amcl=(0.743, 2.942) error=0.028 m / 0.000 rad; current_map=(0.741, 2.943, -1.254) error=0.030 m / 0.000 rad; odom=(-0.702, 3.368, -1.254) error=1.527 m / 0.000 rad; ekf=(-0.702, 3.368, -1.254) error=1.527 m / 0.000 rad; RMS=0.085 m / 0.020 rad max=0.230 m / 0.064 rad samples=9529
[gpu_amcl_cpp_node-6] [INFO] [1789473902.053138935] [gpu_amcl_cpp]: Received LiDAR callback #4804 (1081 ranges).
[gpu_amcl_cpp_node-6] [INFO] [1789473902.053196526] [gpu_amcl_cpp]: Starting AMCL scan update #4804 (sampled from 1081 ranges).
[component_container-9] [INFO] [1789473902.251525572] [pure_pursuit_node]: Pure Pursuit: pose=(1.369, -0.163, -1.433) cte=-0.054 closest=167 target=216 path_dist=0.054 heading_err=-0.049 steer=-0.129 speed=4.744 startup_cap=12.000 lap_fraction=1.000
[gpu_amcl_cpp_node-6] [INFO] [1789473902.253508705] [gpu_amcl_cpp]: AMCL odom delta: at_scan=(2.611, -0.906, 0.106) baseline=(2.510, -0.916, 0.100) delta=(0.101, 0.010, 0.007) moved=true scan_age=0.094s
[gpu_amcl_cpp_node-6] [WARN] [1789473902.281243741] [gpu_amcl_cpp]: No local AMCL cluster near odometry prediction; using causal odometry pose.
[gpu_amcl_cpp_node-6] [INFO] [1789473902.605618990] [gpu_amcl_cpp]: AMCL local correction: odom_prediction=(1.452, -1.418, -1.557) scan=(1.460, -1.393, -1.546) correction=0.026 m/0.010 rad cluster_weight=0.919 publish=true
[ground_truth_amcl_monitor-7] [INFO] [1789473902.632907902] [ground_truth_amcl_monitor]: AMCL vs GT: gt=(1.453, -1.561) amcl=(1.460, -1.528) error=0.034 m / 0.000 rad; current_map=(1.458, -1.530, -1.581) error=0.031 m / 0.000 rad; odom=(-0.003, -1.140, -1.581) error=1.515 m / 0.000 rad; ekf=(-0.003, -1.140, -1.581) error=1.515 m / 0.000 rad; RMS=0.086 m / 0.020 rad max=0.230 m / 0.064 rad samples=9609
[gpu_amcl_cpp_node-6] [INFO] [1789473902.953552280] [gpu_amcl_cpp]: AMCL scan update #4840 completed; evaluating pose confidence.
[component_container-9] [INFO] [1789473903.251585105] [pure_pursuit_node]: Pure Pursuit: pose=(1.084, -4.811, -1.662) cte=-0.074 closest=400 target=450 path_dist=0.074 heading_err=-0.084 steer=-0.145 speed=4.478 startup_cap=12.000 lap_fraction=1.000
[gpu_amcl_cpp_node-6] [INFO] [1789473903.276996278] [gpu_amcl_cpp]: AMCL odom delta: at_scan=(7.326, -1.155, -0.119) baseline=(7.214, -1.141, -0.122) delta=(0.112, -0.014, 0.003) moved=true scan_age=0.094s
[gpu_amcl_cpp_node-6] [INFO] [1789473903.606563497] [gpu_amcl_cpp]: AMCL local correction: odom_prediction=(0.849, -5.964, -1.838) scan=(0.854, -5.951, -1.818) correction=0.014 m/0.019 rad cluster_weight=0.966 publish=true
[ground_truth_amcl_monitor-7] [INFO] [1789473903.633941905] [ground_truth_amcl_monitor]: AMCL vs GT: gt=(0.792, -6.137) amcl=(0.825, -6.063) error=0.081 m / 0.000 rad; current_map=(0.823, -6.062, -1.857) error=0.082 m / 0.000 rad; odom=(-0.652, -5.737, -1.857) error=1.498 m / 0.000 rad; ekf=(-0.652, -5.737, -1.857) error=1.498 m / 0.000 rad; RMS=0.086 m / 0.020 rad max=0.230 m / 0.064 rad samples=9689
[component_container-9] [INFO] [1789473904.276572720] [pure_pursuit_node]: Pure Pursuit: pose=(0.062, -8.739, -1.998) cte=0.006 closest=603 target=649 path_dist=0.006 heading_err=0.058 steer=0.013 speed=2.554 startup_cap=12.000 lap_fraction=1.000
[gpu_amcl_cpp_node-6] [INFO] [1789473904.278099941] [gpu_amcl_cpp]: AMCL odom delta: at_scan=(11.281, -2.098, -0.298) baseline=(11.205, -2.075, -0.269) delta=(0.075, -0.024, -0.029) moved=true scan_age=0.095s
[gpu_amcl_cpp_node-6] [INFO] [1789473904.606931786] [gpu_amcl_cpp]: AMCL local correction: odom_prediction=(-0.157, -9.261, -2.104) scan=(-0.159, -9.267, -2.103) correction=0.006 m/0.002 rad cluster_weight=0.995 publish=true
[ground_truth_amcl_monitor-7] [INFO] [1789473904.653881038] [ground_truth_amcl_monitor]: AMCL vs GT: gt=(-0.259, -9.419) amcl=(-0.191, -9.318) error=0.122 m / 0.013 rad; current_map=(-0.221, -9.370, -2.126) error=0.062 m / 0.000 rad; odom=(-1.710, -8.989, -2.126) error=1.513 m / 0.000 rad; ekf=(-1.710, -8.989, -2.126) error=1.513 m / 0.000 rad; RMS=0.087 m / 0.020 rad max=0.230 m / 0.064 rad samples=9770
[component_container-9] [INFO] [1789473905.276710724] [pure_pursuit_node]: Pure Pursuit: pose=(-1.720, -10.078, 2.910) cte=-0.018 closest=727 target=771 path_dist=0.018 heading_err=-0.044 steer=-0.293 speed=2.601 startup_cap=12.000 lap_fraction=1.000
[gpu_amcl_cpp_node-6] [INFO] [1789473905.278136794] [gpu_amcl_cpp]: AMCL odom delta: at_scan=(12.885, -3.780, -1.635) baseline=(12.887, -3.718, -1.590) delta=(-0.002, -0.062, -0.045) moved=true scan_age=0.096s
[gpu_amcl_cpp_node-6] [INFO] [1789473905.631696198] [gpu_amcl_cpp]: AMCL local correction: odom_prediction=(-2.305, -9.765, 2.416) scan=(-2.314, -9.751, 2.431) correction=0.016 m/0.015 rad cluster_weight=0.979 publish=true
[ground_truth_amcl_monitor-7] [INFO] [1789473905.658990729] [ground_truth_amcl_monitor]: AMCL vs GT: gt=(-2.352, -9.755) amcl=(-2.356, -9.720) error=0.035 m / 0.000 rad; current_map=(-2.355, -9.718, 2.376) error=0.037 m / 0.000 rad; odom=(-3.840, -9.345, 2.376) error=1.544 m / 0.000 rad; ekf=(-3.840, -9.345, 2.376) error=1.544 m / 0.000 rad; RMS=0.087 m / 0.020 rad max=0.230 m / 0.064 rad samples=9851
[component_container-9] [INFO] [1789473906.301319372] [pure_pursuit_node]: Pure Pursuit: pose=(-3.174, -7.314, 1.562) cte=-0.021 closest=891 target=939 path_dist=0.021 heading_err=0.055 steer=-0.013 speed=4.322 startup_cap=12.000 lap_fraction=1.000
[gpu_amcl_cpp_node-6] [INFO] [1789473906.302867005] [gpu_amcl_cpp]: AMCL odom delta: at_scan=(10.439, -5.492, -3.072) baseline=(10.538, -5.483, -3.044) delta=(-0.099, -0.009, -0.028) moved=true scan_age=0.095s
[gpu_amcl_cpp_node-6] [INFO] [1789473906.632842196] [gpu_amcl_cpp]: AMCL local correction: odom_prediction=(-3.159, -6.399, 1.515) scan=(-3.159, -6.404, 1.511) correction=0.005 m/0.003 rad cluster_weight=0.983 publish=true
[ground_truth_amcl_monitor-7] [INFO] [1789473906.659319705] [ground_truth_amcl_monitor]: AMCL vs GT: gt=(-3.173, -6.279) amcl=(-3.150, -6.287) error=0.024 m / 0.000 rad; current_map=(-3.153, -6.285, 1.504) error=0.021 m / 0.000 rad; odom=(-4.712, -5.820, 1.504) error=1.606 m / 0.000 rad; ekf=(-4.712, -5.820, 1.504) error=1.606 m / 0.000 rad; RMS=0.086 m / 0.020 rad max=0.230 m / 0.064 rad samples=9931
[gpu_amcl_cpp_node-6] [INFO] [1789473907.053531174] [gpu_amcl_cpp]: Received LiDAR callback #5004 (1081 ranges).
[gpu_amcl_cpp_node-6] [INFO] [1789473907.053603739] [gpu_amcl_cpp]: Starting AMCL scan update #5004 (sampled from 1081 ranges).
[component_container-9] [INFO] [1789473907.301351610] [pure_pursuit_node]: Pure Pursuit: pose=(-2.405, -3.049, 1.418) cte=-0.083 closest=1108 target=1158 path_dist=0.083 heading_err=-0.115 steer=-0.190 speed=4.701 startup_cap=12.000 lap_fraction=1.000
[gpu_amcl_cpp_node-6] [INFO] [1789473907.326943264] [gpu_amcl_cpp]: AMCL odom delta: at_scan=(6.037, -4.824, 2.888) baseline=(6.156, -4.858, 2.865) delta=(-0.119, 0.034, 0.023) moved=true scan_age=0.094s
[gpu_amcl_cpp_node-6] [INFO] [1789473907.654481577] [gpu_amcl_cpp]: AMCL local correction: odom_prediction=(-2.035, -1.823, 1.343) scan=(-2.036, -1.824, 1.341) correction=0.001 m/0.003 rad cluster_weight=0.954 publish=true
[ground_truth_amcl_monitor-7] [INFO] [1789473907.678371128] [ground_truth_amcl_monitor]: AMCL vs GT: gt=(-2.032, -1.711) amcl=(-2.035, -1.823) error=0.113 m / 0.014 rad; current_map=(-2.007, -1.701, 1.329) error=0.026 m / 0.000 rad; odom=(-3.598, -1.338, 1.343) error=1.610 m / 0.014 rad; ekf=(-3.598, -1.338, 1.343) error=1.610 m / 0.014 rad; RMS=0.086 m / 0.020 rad max=0.230 m / 0.064 rad samples=10012
[gpu_amcl_cpp_node-6] [INFO] [1789473907.978544635] [gpu_amcl_cpp]: AMCL scan update #5041 completed; evaluating pose confidence.
[component_container-9] [INFO] [1789473908.327048603] [pure_pursuit_node]: Pure Pursuit: pose=(-1.335, 1.286, 1.454) cte=-0.004 closest=1332 target=1379 path_dist=0.004 heading_err=-0.021 steer=-0.009 speed=3.410 startup_cap=12.000 lap_fraction=1.000
[gpu_amcl_cpp_node-6] [INFO] [1789473908.328683891] [gpu_amcl_cpp]: AMCL odom delta: at_scan=(1.743, -3.716, 2.992) baseline=(1.832, -3.732, 2.970) delta=(-0.089, 0.015, 0.021) moved=true scan_age=0.097s
[gpu_amcl_cpp_node-6] [INFO] [1789473908.656976552] [gpu_amcl_cpp]: AMCL local correction: odom_prediction=(-1.243, 2.016, 1.523) scan=(-1.239, 2.028, 1.514) correction=0.013 m/0.010 rad cluster_weight=0.965 publish=true
[ground_truth_amcl_monitor-7] [INFO] [1789473908.678879336] [ground_truth_amcl_monitor]: AMCL vs GT: gt=(-1.257, 2.097) amcl=(-1.241, 2.017) error=0.081 m / 0.012 rad; current_map=(-1.237, 2.091, 1.535) error=0.021 m / 0.000 rad; odom=(-2.775, 2.537, 1.535) error=1.581 m / 0.000 rad; ekf=(-2.775, 2.537, 1.535) error=1.581 m / 0.000 rad; RMS=0.086 m / 0.020 rad max=0.230 m / 0.064 rad samples=10092
[component_container-9] [INFO] [1789473909.352170533] [pure_pursuit_node]: Pure Pursuit: pose=(-1.702, 3.552, 2.390) cte=-0.047 closest=1451 target=1494 path_dist=0.047 heading_err=-0.146 steer=0.284 speed=1.772 startup_cap=12.000 lap_fraction=1.000
[gpu_amcl_cpp_node-6] [INFO] [1789473909.354026429] [gpu_amcl_cpp]: AMCL odom delta: at_scan=(-0.694, -3.918, -2.488) baseline=(-0.656, -3.891, -2.529) delta=(-0.038, -0.027, 0.041) moved=true scan_age=0.098s
[gpu_amcl_cpp_node-6] [INFO] [1789473909.658286876] [gpu_amcl_cpp]: AMCL local correction: odom_prediction=(-1.982, 3.742, 2.735) scan=(-1.985, 3.764, 2.716) correction=0.023 m/0.018 rad cluster_weight=0.978 publish=true
[ground_truth_amcl_monitor-7] [INFO] [1789473909.683741219] [ground_truth_amcl_monitor]: AMCL vs GT: gt=(-2.040, 3.732) amcl=(-2.021, 3.775) error=0.047 m / 0.000 rad; current_map=(-2.022, 3.769, 2.784) error=0.041 m / 0.000 rad; odom=(-3.555, 4.193, 2.784) error=1.584 m / 0.000 rad; ekf=(-3.555, 4.193, 2.784) error=1.584 m / 0.000 rad; RMS=0.086 m / 0.020 rad max=0.230 m / 0.064 rad samples=10173
[component_container-9] [INFO] [1789473910.376338598] [pure_pursuit_node]: Pure Pursuit: pose=(-3.150, 3.040, -1.898) cte=0.065 closest=1549 target=1593 path_dist=0.065 heading_err=0.147 steer=0.190 speed=2.683 startup_cap=12.000 lap_fraction=1.000
[gpu_amcl_cpp_node-6] [INFO] [1789473910.377723354] [gpu_amcl_cpp]: AMCL odom delta: at_scan=(-0.540, -5.481, -0.478) baseline=(-0.592, -5.452, -0.520) delta=(0.052, -0.029, 0.042) moved=true scan_age=0.096s
[gpu_amcl_cpp_node-6] [INFO] [1789473910.681560333] [gpu_amcl_cpp]: AMCL local correction: odom_prediction=(-3.269, 2.435, -1.706) scan=(-3.270, 2.445, -1.703) correction=0.011 m/0.003 rad cluster_weight=0.954 publish=true
[ground_truth_amcl_monitor-7] [INFO] [1789473910.684408774] [ground_truth_amcl_monitor]: AMCL vs GT: gt=(-3.291, 2.493) amcl=(-3.270, 2.436) error=0.060 m / 0.000 rad; current_map=(-3.269, 2.435, -1.706) error=0.062 m / 0.000 rad; odom=(-4.910, 2.912, -1.706) error=1.672 m / 0.000 rad; ekf=(-4.910, 2.912, -1.706) error=1.672 m / 0.000 rad; RMS=0.086 m / 0.020 rad max=0.230 m / 0.064 rad samples=10253
[component_container-9] [INFO] [1789473911.376372398] [pure_pursuit_node]: Pure Pursuit: pose=(-3.603, 0.367, -1.982) cte=0.072 closest=1686 target=1730 path_dist=0.072 heading_err=-0.044 steer=-0.179 speed=1.996 startup_cap=12.000 lap_fraction=1.000
[gpu_amcl_cpp_node-6] [INFO] [1789473911.378114421] [gpu_amcl_cpp]: AMCL odom delta: at_scan=(2.179, -5.958, -0.314) baseline=(2.127, -5.942, -0.296) delta=(0.052, -0.016, -0.018) moved=true scan_age=0.098s
[ground_truth_amcl_monitor-7] [INFO] [1789473911.703441004] [ground_truth_amcl_monitor]: AMCL vs GT: gt=(-3.842, -0.019) amcl=(-3.777, 0.034) error=0.084 m / 0.033 rad; current_map=(-3.804, -0.001, -2.258) error=0.042 m / 0.000 rad; odom=(-5.443, 0.425, -2.258) error=1.661 m / 0.000 rad; ekf=(-5.443, 0.425, -2.258) error=1.661 m / 0.000 rad; RMS=0.086 m / 0.020 rad max=0.230 m / 0.064 rad samples=10334
[gpu_amcl_cpp_node-6] [INFO] [1789473911.706602711] [gpu_amcl_cpp]: AMCL local correction: odom_prediction=(-3.804, -0.001, -2.258) scan=(-3.809, 0.000, -2.244) correction=0.005 m/0.014 rad cluster_weight=0.974 publish=true
[gpu_amcl_cpp_node-6] [INFO] [1789473912.077054151] [gpu_amcl_cpp]: Received LiDAR callback #5205 (1081 ranges).
[gpu_amcl_cpp_node-6] [INFO] [1789473912.077110188] [gpu_amcl_cpp]: Starting AMCL scan update #5205 (sampled from 1081 ranges).
[component_container-9] [INFO] [1789473912.401594882] [pure_pursuit_node]: Pure Pursuit: pose=(-5.145, -0.340, 2.637) cte=0.006 closest=1785 target=1828 path_dist=0.006 heading_err=-0.083 steer=-0.295 speed=2.226 startup_cap=12.000 lap_fraction=1.000
[gpu_amcl_cpp_node-6] [INFO] [1789473912.403001665] [gpu_amcl_cpp]: AMCL odom delta: at_scan=(3.144, -7.422, -1.895) baseline=(3.157, -7.377, -1.849) delta=(-0.014, -0.046, -0.046) moved=true scan_age=0.099s
[ground_truth_amcl_monitor-7] [INFO] [1789473912.703953766] [ground_truth_amcl_monitor]: AMCL vs GT: gt=(-5.516, -0.052) amcl=(-5.452, -0.093) error=0.076 m / 0.039 rad; current_map=(-5.493, -0.049, 2.281) error=0.024 m / 0.000 rad; odom=(-7.164, 0.383, 2.281) error=1.705 m / 0.000 rad; ekf=(-7.164, 0.383, 2.281) error=1.705 m / 0.000 rad; RMS=0.085 m / 0.020 rad max=0.230 m / 0.064 rad samples=10414
[gpu_amcl_cpp_node-6] [INFO] [1789473912.706987068] [gpu_amcl_cpp]: AMCL local correction: odom_prediction=(-5.493, -0.049, 2.281) scan=(-5.492, -0.039, 2.292) correction=0.010 m/0.010 rad cluster_weight=0.966 publish=true
[gpu_amcl_cpp_node-6] [INFO] [1789473912.980887234] [gpu_amcl_cpp]: AMCL scan update #5241 completed; evaluating pose confidence.
[component_container-9] [INFO] [1789473913.426658458] [pure_pursuit_node]: Pure Pursuit: pose=(-6.167, 2.811, 1.535) cte=-0.013 closest=1955 target=2005 path_dist=0.013 heading_err=0.079 steer=0.033 speed=4.857 startup_cap=12.000 lap_fraction=1.000
[gpu_amcl_cpp_node-6] [INFO] [1789473913.428010545] [gpu_amcl_cpp]: AMCL odom delta: at_scan=(0.294, -8.670, -3.085) baseline=(0.410, -8.661, -3.068) delta=(-0.116, -0.009, -0.018) moved=true scan_age=0.099s
[gpu_amcl_cpp_node-6] [INFO] [1789473913.711351231] [gpu_amcl_cpp]: AMCL local correction: odom_prediction=(-6.174, 3.615, 1.508) scan=(-6.175, 3.607, 1.516) correction=0.009 m/0.008 rad cluster_weight=0.964 publish=true
[ground_truth_amcl_monitor-7] [INFO] [1789473913.713552327] [ground_truth_amcl_monitor]: AMCL vs GT: gt=(-6.188, 3.639) amcl=(-6.174, 3.614) error=0.028 m / 0.000 rad; current_map=(-6.174, 3.615, 1.508) error=0.027 m / 0.000 rad; odom=(-7.887, 4.151, 1.508) error=1.775 m / 0.000 rad; ekf=(-7.887, 4.151, 1.508) error=1.775 m / 0.000 rad; RMS=0.085 m / 0.020 rad max=0.230 m / 0.064 rad samples=10495
[component_container-9] [INFO] [1789473914.450246850] [pure_pursuit_node]: Pure Pursuit: pose=(-5.378, 6.446, 1.025) cte=-0.025 closest=2143 target=2189 path_dist=0.025 heading_err=-0.003 steer=-0.170 speed=2.856 startup_cap=12.000 lap_fraction=1.000
[gpu_amcl_cpp_node-6] [INFO] [1789473914.451923268] [gpu_amcl_cpp]: AMCL odom delta: at_scan=(-3.585, -8.033, 2.603) baseline=(-3.522, -8.069, 2.611) delta=(-0.063, 0.037, -0.008) moved=true scan_age=0.097s
[gpu_amcl_cpp_node-6] [INFO] [1789473914.712781580] [gpu_amcl_cpp]: AMCL local correction: odom_prediction=(-5.110, 6.797, 0.832) scan=(-5.119, 6.777, 0.848) correction=0.022 m/0.015 rad cluster_weight=0.997 publish=true
[ground_truth_amcl_monitor-7] [INFO] [1789473914.716872824] [ground_truth_amcl_monitor]: AMCL vs GT: gt=(-5.116, 6.819) amcl=(-5.110, 6.793) error=0.027 m / 0.000 rad; current_map=(-5.110, 6.797, 0.832) error=0.023 m / 0.000 rad; odom=(-6.828, 7.315, 0.832) error=1.782 m / 0.000 rad; ekf=(-6.828, 7.315, 0.832) error=1.782 m / 0.000 rad; RMS=0.085 m / 0.020 rad max=0.230 m / 0.064 rad samples=10575
[component_container-9] [INFO] [1789473915.450932781] [pure_pursuit_node]: Pure Pursuit: pose=(-2.647, 7.560, -0.278) cte=-0.044 closest=2299 target=2346 path_dist=0.044 heading_err=0.022 steer=-0.116 speed=3.488 startup_cap=12.000 lap_fraction=1.000
[gpu_amcl_cpp_node-6] [INFO] [1789473915.452326068] [gpu_amcl_cpp]: AMCL odom delta: at_scan=(-5.001, -5.456, 1.452) baseline=(-5.009, -5.542, 1.490) delta=(0.007, 0.085, -0.038) moved=true scan_age=0.099s
[ground_truth_amcl_monitor-7] [INFO] [1789473915.728898151] [ground_truth_amcl_monitor]: AMCL vs GT: gt=(-2.061, 7.347) amcl=(-2.132, 7.395) error=0.086 m / 0.044 rad; current_map=(-2.054, 7.357, -0.486) error=0.013 m / 0.000 rad; odom=(-3.745, 7.881, -0.486) error=1.766 m / 0.000 rad; ekf=(-3.745, 7.881, -0.486) error=1.766 m / 0.000 rad; RMS=0.085 m / 0.020 rad max=0.230 m / 0.064 rad samples=10656
[gpu_amcl_cpp_node-6] [INFO] [1789473915.737670199] [gpu_amcl_cpp]: AMCL local correction: odom_prediction=(-2.054, 7.357, -0.486) scan=(-2.065, 7.362, -0.473) correction=0.012 m/0.013 rad cluster_weight=0.973 publish=true
[component_container-9] [INFO] [1789473916.475766863] [pure_pursuit_node]: Pure Pursuit: pose=(0.027, 4.865, -1.106) cte=-0.055 closest=2493 target=2541 path_dist=0.055 heading_err=-0.025 steer=-0.106 speed=4.481 startup_cap=12.000 lap_fraction=1.000
[gpu_amcl_cpp_node-6] [INFO] [1789473916.477386398] [gpu_amcl_cpp]: AMCL odom delta: at_scan=(-2.573, -2.603, 0.446) baseline=(-2.665, -2.648, 0.450) delta=(0.092, 0.044, -0.003) moved=true scan_age=0.099s
[ground_truth_amcl_monitor-7] [INFO] [1789473916.738513401] [ground_truth_amcl_monitor]: AMCL vs GT: gt=(0.285, 4.242) amcl=(0.291, 4.257) error=0.015 m / 0.000 rad; current_map=(0.289, 4.255, -1.199) error=0.013 m / 0.000 rad; odom=(-1.360, 4.776, -1.199) error=1.730 m / 0.000 rad; ekf=(-1.360, 4.776, -1.199) error=1.730 m / 0.000 rad; RMS=0.085 m / 0.020 rad max=0.230 m / 0.064 rad samples=10737
[gpu_amcl_cpp_node-6] [INFO] [1789473916.762450423] [gpu_amcl_cpp]: AMCL local correction: odom_prediction=(0.331, 4.151, -1.185) scan=(0.328, 4.157, -1.198) correction=0.007 m/0.013 rad cluster_weight=0.943 publish=true
[gpu_amcl_cpp_node-6] [INFO] [1789473917.077738699] [gpu_amcl_cpp]: Received LiDAR callback #5405 (1081 ranges).
[gpu_amcl_cpp_node-6] [INFO] [1789473917.077813989] [gpu_amcl_cpp]: Starting AMCL scan update #5405 (sampled from 1081 ranges).
[gpu_amcl_cpp_node-6] [WARN] [1789473917.311604212] [gpu_amcl_cpp]: No local AMCL cluster near odometry prediction; using causal odometry pose.
[component_container-9] [INFO] [1789473917.476214997] [pure_pursuit_node]: Pure Pursuit: pose=(1.296, 0.634, -1.330) cte=-0.076 closest=128 target=177 path_dist=0.076 heading_err=-0.093 steer=-0.177 speed=4.479 startup_cap=12.000 lap_fraction=1.000
[gpu_amcl_cpp_node-6] [INFO] [1789473917.478062534] [gpu_amcl_cpp]: AMCL odom delta: at_scan=(1.609, -1.230, 0.190) baseline=(1.499, -1.250, 0.179) delta=(0.110, 0.019, 0.011) moved=true scan_age=0.101s
[ground_truth_amcl_monitor-7] [INFO] [1789473917.739128117] [ground_truth_amcl_monitor]: AMCL vs GT: gt=(1.356, -0.099) amcl=(1.332, -0.055) error=0.050 m / 0.000 rad; current_map=(1.332, -0.055, -1.434) error=0.050 m / 0.000 rad; odom=(-0.278, 0.388, -1.434) error=1.705 m / 0.000 rad; ekf=(-0.278, 0.388, -1.434) error=1.705 m / 0.000 rad; RMS=0.085 m / 0.020 rad max=0.230 m / 0.064 rad samples=10817
[gpu_amcl_cpp_node-6] [INFO] [1789473917.763188096] [gpu_amcl_cpp]: AMCL local correction: odom_prediction=(1.348, -0.172, -1.432) scan=(1.343, -0.254, -1.429) correction=0.082 m/0.003 rad cluster_weight=0.934 publish=true
[gpu_amcl_cpp_node-6] [INFO] [1789473917.982655783] [gpu_amcl_cpp]: AMCL scan update #5441 completed; evaluating pose confidence.
[component_container-9] [INFO] [1789473918.501807407] [pure_pursuit_node]: Pure Pursuit: pose=(1.169, -4.086, -1.763) cte=-0.040 closest=364 target=415 path_dist=0.040 heading_err=0.041 steer=0.002 speed=4.849 startup_cap=12.000 lap_fraction=1.000
[gpu_amcl_cpp_node-6] [INFO] [1789473918.503484287] [gpu_amcl_cpp]: AMCL odom delta: at_scan=(6.316, -1.210, -0.124) baseline=(6.192, -1.196, -0.114) delta=(0.125, -0.014, -0.010) moved=true scan_age=0.101s
[ground_truth_amcl_monitor-7] [INFO] [1789473918.753628330] [ground_truth_amcl_monitor]: AMCL vs GT: gt=(1.047, -4.756) amcl=(1.079, -4.609) error=0.150 m / 0.008 rad; current_map=(1.066, -4.734, -1.699) error=0.028 m / 0.000 rad; odom=(-0.570, -4.309, -1.699) error=1.678 m / 0.000 rad; ekf=(-0.570, -4.309, -1.699) error=1.678 m / 0.000 rad; RMS=0.085 m / 0.020 rad max=0.230 m / 0.064 rad samples=10898
[gpu_amcl_cpp_node-6] [INFO] [1789473918.787763689] [gpu_amcl_cpp]: AMCL local correction: odom_prediction=(1.052, -4.849, -1.715) scan=(1.049, -4.860, -1.711) correction=0.011 m/0.003 rad cluster_weight=0.933 publish=true
[component_container-9] [INFO] [1789473919.525981795] [pure_pursuit_node]: Pure Pursuit: pose=(0.222, -8.233, -2.004) cte=0.015 closest=576 target=624 path_dist=0.015 heading_err=0.145 steer=0.116 speed=3.256 startup_cap=12.000 lap_fraction=1.000
[gpu_amcl_cpp_node-6] [INFO] [1789473919.527360160] [gpu_amcl_cpp]: AMCL odom delta: at_scan=(10.645, -2.096, -0.289) baseline=(10.558, -2.073, -0.256) delta=(0.086, -0.023, -0.033) moved=true scan_age=0.100s
[ground_truth_amcl_monitor-7] [INFO] [1789473919.754318373] [ground_truth_amcl_monitor]: AMCL vs GT: gt=(0.097, -8.680) amcl=(0.150, -8.547) error=0.143 m / 0.038 rad; current_map=(0.126, -8.611, -1.930) error=0.075 m / 0.000 rad; odom=(-1.512, -8.176, -1.930) error=1.687 m / 0.000 rad; ekf=(-1.512, -8.176, -1.930) error=1.687 m / 0.000 rad; RMS=0.085 m / 0.020 rad max=0.230 m / 0.064 rad samples=10978
[gpu_amcl_cpp_node-6] [INFO] [1789473919.788483314] [gpu_amcl_cpp]: AMCL local correction: odom_prediction=(0.104, -8.678, -1.962) scan=(0.100, -8.701, -1.952) correction=0.024 m/0.010 rad cluster_weight=0.984 publish=true
[component_container-9] [INFO] [1789473920.551643766] [pure_pursuit_node]: Pure Pursuit: pose=(-1.368, -10.120, -3.095) cte=-0.012 closest=709 target=754 path_dist=0.012 heading_err=-0.022 steer=-0.296 speed=2.508 startup_cap=12.000 lap_fraction=1.000
[gpu_amcl_cpp_node-6] [INFO] [1789473920.553209180] [gpu_amcl_cpp]: AMCL odom delta: at_scan=(12.748, -3.572, -1.347) baseline=(12.732, -3.512, -1.302) delta=(0.016, -0.060, -0.045) moved=true scan_age=0.102s
[ground_truth_amcl_monitor-7] [INFO] [1789473920.764941747] [ground_truth_amcl_monitor]: AMCL vs GT: gt=(-1.641, -10.119) amcl=(-1.633, -10.090) error=0.031 m / 0.000 rad; current_map=(-1.633, -10.094, 2.967) error=0.026 m / 0.000 rad; odom=(-3.263, -9.604, 2.967) error=1.702 m / 0.000 rad; ekf=(-3.263, -9.604, 2.967) error=1.702 m / 0.000 rad; RMS=0.085 m / 0.020 rad max=0.230 m / 0.064 rad samples=11059
[gpu_amcl_cpp_node-6] [INFO] [1789473920.812164776] [gpu_amcl_cpp]: AMCL local correction: odom_prediction=(-1.761, -10.062, 2.866) scan=(-1.762, -10.060, 2.879) correction=0.002 m/0.013 rad cluster_weight=0.995 publish=true
[component_container-9] [INFO] [1789473921.575714198] [pure_pursuit_node]: Pure Pursuit: pose=(-3.150, -7.843, 1.744) cte=-0.046 closest=865 target=913 path_dist=0.046 heading_err=-0.029 steer=-0.133 speed=4.346 startup_cap=12.000 lap_fraction=1.000
[gpu_amcl_cpp_node-6] [INFO] [1789473921.577181810] [gpu_amcl_cpp]: AMCL odom delta: at_scan=(10.885, -5.546, -2.948) baseline=(10.980, -5.526, -2.936) delta=(-0.095, -0.020, -0.012) moved=true scan_age=0.101s
[ground_truth_amcl_monitor-7] [INFO] [1789473921.765583892] [ground_truth_amcl_monitor]: AMCL vs GT: gt=(-3.178, -7.565) amcl=(-3.171, -7.524) error=0.042 m / 0.000 rad; current_map=(-3.175, -7.520, 1.629) error=0.045 m / 0.000 rad; odom=(-4.864, -6.999, 1.629) error=1.778 m / 0.000 rad; ekf=(-4.864, -6.999, 1.629) error=1.778 m / 0.000 rad; RMS=0.085 m / 0.020 rad max=0.230 m / 0.064 rad samples=11139
[gpu_amcl_cpp_node-6] [INFO] [1789473921.838167622] [gpu_amcl_cpp]: AMCL local correction: odom_prediction=(-3.182, -7.209, 1.600) scan=(-3.176, -7.250, 1.600) correction=0.042 m/0.001 rad cluster_weight=0.994 publish=true
[gpu_amcl_cpp_node-6] [INFO] [1789473922.078135978] [gpu_amcl_cpp]: Received LiDAR callback #5605 (1081 ranges).
[gpu_amcl_cpp_node-6] [INFO] [1789473922.078193798] [gpu_amcl_cpp]: Starting AMCL scan update #5605 (sampled from 1081 ranges).
[component_container-9] [INFO] [1789473922.576142061] [pure_pursuit_node]: Pure Pursuit: pose=(-2.523, -3.502, 1.384) cte=-0.076 closest=1085 target=1135 path_dist=0.076 heading_err=-0.084 steer=-0.138 speed=4.542 startup_cap=12.000 lap_fraction=1.000
[gpu_amcl_cpp_node-6] [INFO] [1789473922.577615826] [gpu_amcl_cpp]: AMCL odom delta: at_scan=(6.541, -5.136, 2.904) baseline=(6.666, -5.169, 2.883) delta=(-0.125, 0.033, 0.021) moved=true scan_age=0.101s
[ground_truth_amcl_monitor-7] [INFO] [1789473922.778424961] [ground_truth_amcl_monitor]: AMCL vs GT: gt=(-2.413, -3.100) amcl=(-2.416, -3.163) error=0.063 m / 0.024 rad; current_map=(-2.388, -3.062, 1.289) error=0.046 m / 0.000 rad; odom=(-4.093, -2.486, 1.289) error=1.789 m / 0.000 rad; ekf=(-4.093, -2.486, 1.289) error=1.789 m / 0.000 rad; RMS=0.085 m / 0.020 rad max=0.230 m / 0.064 rad samples=11220
[gpu_amcl_cpp_node-6] [INFO] [1789473922.862287043] [gpu_amcl_cpp]: AMCL local correction: odom_prediction=(-2.307, -2.746, 1.340) scan=(-2.306, -2.763, 1.330) correction=0.017 m/0.010 rad cluster_weight=0.918 publish=true
[gpu_amcl_cpp_node-6] [INFO] [1789473923.006827679] [gpu_amcl_cpp]: AMCL scan update #5642 completed; evaluating pose confidence.
[component_container-9] [INFO] [1789473923.600887225] [pure_pursuit_node]: Pure Pursuit: pose=(-1.411, 0.755, 1.337) cte=0.002 closest=1305 target=1353 path_dist=0.002 heading_err=0.064 steer=0.052 speed=3.675 startup_cap=12.000 lap_fraction=1.000
[gpu_amcl_cpp_node-6] [INFO] [1789473923.602818546] [gpu_amcl_cpp]: AMCL odom delta: at_scan=(2.153, -4.002, 2.959) baseline=(2.247, -4.019, 2.961) delta=(-0.093, 0.017, -0.002) moved=true scan_age=0.102s
[ground_truth_amcl_monitor-7] [INFO] [1789473923.778537437] [ground_truth_amcl_monitor]: AMCL vs GT: gt=(-1.367, 0.979) amcl=(-1.369, 0.929) error=0.049 m / 0.034 rad; current_map=(-1.352, 1.013, 1.402) error=0.038 m / 0.000 rad; odom=(-3.064, 1.621, 1.402) error=1.815 m / 0.000 rad; ekf=(-3.064, 1.621, 1.402) error=1.815 m / 0.000 rad; RMS=0.085 m / 0.020 rad max=0.230 m / 0.064 rad samples=11300
[gpu_amcl_cpp_node-6] [INFO] [1789473923.862454816] [gpu_amcl_cpp]: AMCL local correction: odom_prediction=(-1.315, 1.272, 1.443) scan=(-1.319, 1.266, 1.435) correction=0.006 m/0.007 rad cluster_weight=0.959 publish=true
[component_container-9] [INFO] [1789473924.601290365] [pure_pursuit_node]: Pure Pursuit: pose=(-1.501, 3.275, 2.077) cte=-0.015 closest=1433 target=1477 path_dist=0.015 heading_err=-0.076 steer=0.231 speed=1.906 startup_cap=12.000 lap_fraction=1.000
[gpu_amcl_cpp_node-6] [INFO] [1789473924.628522293] [gpu_amcl_cpp]: AMCL odom delta: at_scan=(-0.584, -3.955, -2.724) baseline=(-0.539, -3.936, -2.760) delta=(-0.045, -0.018, 0.035) moved=true scan_age=0.103s
[ground_truth_amcl_monitor-7] [INFO] [1789473924.791697901] [ground_truth_amcl_monitor]: AMCL vs GT: gt=(-1.600, 3.376) amcl=(-1.581, 3.393) error=0.025 m / 0.000 rad; current_map=(-1.584, 3.391, 2.191) error=0.022 m / 0.000 rad; odom=(-3.291, 3.986, 2.191) error=1.798 m / 0.000 rad; ekf=(-3.291, 3.986, 2.191) error=1.798 m / 0.000 rad; RMS=0.085 m / 0.020 rad max=0.230 m / 0.064 rad samples=11381
[gpu_amcl_cpp_node-6] [INFO] [1789473924.864364759] [gpu_amcl_cpp]: AMCL local correction: odom_prediction=(-1.661, 3.499, 2.313) scan=(-1.668, 3.504, 2.301) correction=0.009 m/0.012 rad cluster_weight=0.985 publish=true
[component_container-9] [INFO] [1789473925.626766813] [pure_pursuit_node]: Pure Pursuit: pose=(-2.983, 3.405, -2.198) cte=0.006 closest=1530 target=1573 path_dist=0.006 heading_err=0.178 steer=0.298 speed=2.248 startup_cap=12.000 lap_fraction=1.000
[gpu_amcl_cpp_node-6] [INFO] [1789473925.629524013] [gpu_amcl_cpp]: AMCL odom delta: at_scan=(-1.017, -5.415, -0.824) baseline=(-1.052, -5.374, -0.878) delta=(0.035, -0.041, 0.054) moved=true scan_age=0.104s
[ground_truth_amcl_monitor-7] [INFO] [1789473925.803925410] [ground_truth_amcl_monitor]: AMCL vs GT: gt=(-3.057, 3.276) amcl=(-3.020, 3.281) error=0.038 m / 0.040 rad; current_map=(-3.048, 3.234, -2.068) error=0.043 m / 0.000 rad; odom=(-4.848, 3.877, -2.068) error=1.889 m / 0.000 rad; ekf=(-4.848, 3.877, -2.068) error=1.889 m / 0.000 rad; RMS=0.084 m / 0.020 rad max=0.230 m / 0.064 rad samples=11462
[gpu_amcl_cpp_node-6] [INFO] [1789473925.887332410] [gpu_amcl_cpp]: AMCL local correction: odom_prediction=(-3.118, 3.066, -1.955) scan=(-3.114, 3.033, -1.951) correction=0.033 m/0.003 rad cluster_weight=0.969 publish=true
[component_container-9] [INFO] [1789473926.651314558] [pure_pursuit_node]: Pure Pursuit: pose=(-3.492, 0.669, -1.865) cte=0.077 closest=1670 target=1713 path_dist=0.077 heading_err=0.010 steer=-0.088 speed=2.292 startup_cap=12.000 lap_fraction=1.000
[gpu_amcl_cpp_node-6] [INFO] [1789473926.652826200] [gpu_amcl_cpp]: AMCL odom delta: at_scan=(1.683, -6.065, -0.209) baseline=(1.628, -6.055, -0.189) delta=(0.055, -0.010, -0.020) moved=true scan_age=0.103s
[ground_truth_amcl_monitor-7] [INFO] [1789473926.816506728] [ground_truth_amcl_monitor]: AMCL vs GT: gt=(-3.546, 0.554) amcl=(-3.530, 0.568) error=0.021 m / 0.000 rad; current_map=(-3.528, 0.564, -1.889) error=0.021 m / 0.000 rad; odom=(-5.345, 1.158, -1.889) error=1.899 m / 0.000 rad; ekf=(-5.345, 1.158, -1.889) error=1.899 m / 0.000 rad; RMS=0.084 m / 0.020 rad max=0.230 m / 0.064 rad samples=11543
[gpu_amcl_cpp_node-6] [INFO] [1789473926.889293863] [gpu_amcl_cpp]: AMCL local correction: odom_prediction=(-3.580, 0.428, -1.960) scan=(-3.573, 0.450, -1.949) correction=0.023 m/0.011 rad cluster_weight=0.988 publish=true
[gpu_amcl_cpp_node-6] [INFO] [1789473927.079326638] [gpu_amcl_cpp]: Received LiDAR callback #5805 (1081 ranges).
[gpu_amcl_cpp_node-6] [INFO] [1789473927.079396564] [gpu_amcl_cpp]: Starting AMCL scan update #5805 (sampled from 1081 ranges).
[component_container-9] [INFO] [1789473927.676214291] [pure_pursuit_node]: Pure Pursuit: pose=(-4.847, -0.467, 2.961) cte=0.007 closest=1768 target=1812 path_dist=0.007 heading_err=-0.015 steer=-0.347 speed=2.011 startup_cap=12.000 lap_fraction=1.000
[gpu_amcl_cpp_node-6] [INFO] [1789473927.677714366] [gpu_amcl_cpp]: AMCL odom delta: at_scan=(3.032, -7.286, -1.562) baseline=(3.030, -7.240, -1.514) delta=(0.002, -0.046, -0.048) moved=true scan_age=0.104s
[ground_truth_amcl_monitor-7] [INFO] [1789473927.816520161] [ground_truth_amcl_monitor]: AMCL vs GT: gt=(-4.915, -0.430) amcl=(-4.898, -0.434) error=0.017 m / 0.000 rad; current_map=(-4.898, -0.428, 2.904) error=0.017 m / 0.000 rad; odom=(-6.726, 0.152, 2.904) error=1.903 m / 0.000 rad; ekf=(-6.726, 0.152, 2.904) error=1.903 m / 0.000 rad; RMS=0.084 m / 0.020 rad max=0.230 m / 0.064 rad samples=11623
[gpu_amcl_cpp_node-6] [INFO] [1789473927.913789811] [gpu_amcl_cpp]: AMCL local correction: odom_prediction=(-5.084, -0.368, 2.714) scan=(-5.074, -0.375, 2.723) correction=0.012 m/0.009 rad cluster_weight=0.975 publish=true
[gpu_amcl_cpp_node-6] [INFO] [1789473928.031698041] [gpu_amcl_cpp]: AMCL scan update #5843 completed; evaluating pose confidence.
[gpu_amcl_cpp_node-6] [INFO] [1789473928.678187970] [gpu_amcl_cpp]: AMCL odom delta: at_scan=(0.938, -8.777, -3.000) baseline=(1.037, -8.762, -2.994) delta=(-0.098, -0.015, -0.006) moved=true scan_age=0.105s
[component_container-9] [INFO] [1789473928.701697296] [pure_pursuit_node]: Pure Pursuit: pose=(-6.144, 2.094, 1.659) cte=-0.047 closest=1919 target=1967 path_dist=0.047 heading_err=0.034 steer=-0.050 speed=4.652 startup_cap=12.000 lap_fraction=1.000
[ground_truth_amcl_monitor-7] [INFO] [1789473928.827269254] [ground_truth_amcl_monitor]: AMCL vs GT: gt=(-6.160, 2.218) amcl=(-6.143, 2.130) error=0.089 m / 0.009 rad; current_map=(-6.152, 2.245, 1.630) error=0.029 m / 0.000 rad; odom=(-8.051, 2.879, 1.630) error=2.003 m / 0.000 rad; ekf=(-8.051, 2.879, 1.630) error=2.003 m / 0.000 rad; RMS=0.084 m / 0.020 rad max=0.230 m / 0.064 rad samples=11704
[gpu_amcl_cpp_node-6] [INFO] [1789473928.935921527] [gpu_amcl_cpp]: AMCL local correction: odom_prediction=(-6.172, 2.711, 1.615) scan=(-6.168, 2.679, 1.614) correction=0.032 m/0.001 rad cluster_weight=0.964 publish=true
[gpu_amcl_cpp_node-6] [INFO] [1789473929.703202210] [gpu_amcl_cpp]: AMCL odom delta: at_scan=(-3.308, -8.454, 2.735) baseline=(-3.243, -8.481, 2.766) delta=(-0.065, 0.027, -0.031) moved=true scan_age=0.105s
[component_container-9] [INFO] [1789473929.725763493] [pure_pursuit_node]: Pure Pursuit: pose=(-5.565, 6.098, 0.988) cte=-0.018 closest=2123 target=2169 path_dist=0.018 heading_err=0.107 steer=0.028 speed=2.856 startup_cap=12.000 lap_fraction=1.000
[ground_truth_amcl_monitor-7] [INFO] [1789473929.829646345] [ground_truth_amcl_monitor]: AMCL vs GT: gt=(-5.596, 6.116) amcl=(-5.601, 6.049) error=0.067 m / 0.003 rad; current_map=(-5.568, 6.112, 1.088) error=0.029 m / 0.000 rad; odom=(-7.497, 6.779, 1.088) error=2.013 m / 0.000 rad; ekf=(-7.497, 6.779, 1.088) error=2.013 m / 0.000 rad; RMS=0.084 m / 0.020 rad max=0.230 m / 0.064 rad samples=11784
[gpu_amcl_cpp_node-6] [INFO] [1789473929.938046347] [gpu_amcl_cpp]: AMCL local correction: odom_prediction=(-5.430, 6.358, 1.006) scan=(-5.433, 6.354, 1.014) correction=0.004 m/0.008 rad cluster_weight=0.993 publish=true
[component_container-9] [INFO] [1789473930.725817413] [pure_pursuit_node]: Pure Pursuit: pose=(-3.109, 7.628, -0.033) cte=-0.040 closest=2276 target=2323 path_dist=0.040 heading_err=-0.036 steer=-0.198 speed=3.420 startup_cap=12.000 lap_fraction=1.000
[gpu_amcl_cpp_node-6] [INFO] [1789473930.727498928] [gpu_amcl_cpp]: AMCL odom delta: at_scan=(-5.167, -6.138, 1.632) baseline=(-5.160, -6.224, 1.657) delta=(-0.007, 0.085, -0.025) moved=true scan_age=0.105s
[ground_truth_amcl_monitor-7] [INFO] [1789473930.829846705] [ground_truth_amcl_monitor]: AMCL vs GT: gt=(-3.105, 7.631) amcl=(-3.176, 7.631) error=0.071 m / 0.043 rad; current_map=(-3.094, 7.626, -0.087) error=0.012 m / 0.000 rad; odom=(-4.996, 8.328, -0.087) error=2.016 m / 0.000 rad; ekf=(-4.996, 8.328, -0.087) error=2.016 m / 0.000 rad; RMS=0.084 m / 0.020 rad max=0.230 m / 0.064 rad samples=11864
[gpu_amcl_cpp_node-6] [INFO] [1789473930.938958476] [gpu_amcl_cpp]: AMCL local correction: odom_prediction=(-2.758, 7.584, -0.214) scan=(-2.771, 7.583, -0.209) correction=0.013 m/0.005 rad cluster_weight=0.953 publish=true
[component_container-9] [INFO] [1789473931.726055407] [pure_pursuit_node]: Pure Pursuit: pose=(-0.233, 5.380, -1.116) cte=-0.054 closest=2464 target=2513 path_dist=0.054 heading_err=0.042 steer=-0.001 speed=4.240 startup_cap=12.000 lap_fraction=1.000
[gpu_amcl_cpp_node-6] [INFO] [1789473931.727691037] [gpu_amcl_cpp]: AMCL odom delta: at_scan=(-3.281, -3.101, 0.567) baseline=(-3.370, -3.161, 0.595) delta=(0.089, 0.060, -0.028) moved=true scan_age=0.105s
[ground_truth_amcl_monitor-7] [INFO] [1789473931.839466083] [ground_truth_amcl_monitor]: AMCL vs GT: gt=(-0.248, 5.378) amcl=(-0.235, 5.380) error=0.013 m / 0.000 rad; current_map=(-0.232, 5.379, -1.090) error=0.016 m / 0.000 rad; odom=(-2.093, 6.080, -1.090) error=1.974 m / 0.000 rad; ekf=(-2.093, 6.080, -1.090) error=1.974 m / 0.000 rad; RMS=0.083 m / 0.020 rad max=0.230 m / 0.064 rad samples=11945
[gpu_amcl_cpp_node-6] [INFO] [1789473931.960782520] [gpu_amcl_cpp]: AMCL local correction: odom_prediction=(0.016, 4.909, -1.112) scan=(0.011, 4.923, -1.114) correction=0.015 m/0.001 rad cluster_weight=0.962 publish=true
[gpu_amcl_cpp_node-6] [INFO] [1789473932.102209113] [gpu_amcl_cpp]: Received LiDAR callback #6006 (1081 ranges).
[gpu_amcl_cpp_node-6] [INFO] [1789473932.102271512] [gpu_amcl_cpp]: Starting AMCL scan update #6006 (sampled from 1081 ranges).
[gpu_amcl_cpp_node-6] [WARN] [1789473932.387580233] [gpu_amcl_cpp]: No local AMCL cluster near odometry prediction; using causal odometry pose.
[component_container-9] [INFO] [1789473932.751092027] [pure_pursuit_node]: Pure Pursuit: pose=(1.173, 1.171, -1.408) cte=-0.042 closest=100 target=150 path_dist=0.042 heading_err=0.020 steer=-0.041 speed=4.964 startup_cap=12.000 lap_fraction=1.000
[gpu_amcl_cpp_node-6] [INFO] [1789473932.752639117] [gpu_amcl_cpp]: AMCL odom delta: at_scan=(0.889, -1.544, 0.184) baseline=(0.772, -1.568, 0.196) delta=(0.117, 0.024, -0.012) moved=true scan_age=0.107s
[ground_truth_amcl_monitor-7] [INFO] [1789473932.841002223] [ground_truth_amcl_monitor]: AMCL vs GT: gt=(1.155, 1.252) amcl=(1.156, 1.267) error=0.015 m / 0.000 rad; current_map=(1.158, 1.260, -1.385) error=0.008 m / 0.000 rad; odom=(-0.679, 1.915, -1.385) error=1.950 m / 0.000 rad; ekf=(-0.679, 1.915, -1.385) error=1.950 m / 0.000 rad; RMS=0.083 m / 0.020 rad max=0.230 m / 0.064 rad samples=12025
[gpu_amcl_cpp_node-6] [INFO] [1789473932.987716544] [gpu_amcl_cpp]: AMCL local correction: odom_prediction=(1.250, 0.583, -1.476) scan=(1.238, 0.625, -1.470) correction=0.044 m/0.006 rad cluster_weight=0.933 publish=true
[gpu_amcl_cpp_node-6] [INFO] [1789473933.032122962] [gpu_amcl_cpp]: AMCL scan update #6043 completed; evaluating pose confidence.
[component_container-9] [INFO] [1789473933.775808141] [pure_pursuit_node]: Pure Pursuit: pose=(1.243, -3.662, -1.654) cte=-0.053 closest=342 target=393 path_dist=0.053 heading_err=-0.052 steer=-0.131 speed=5.136 startup_cap=12.000 lap_fraction=1.000
[gpu_amcl_cpp_node-6] [INFO] [1789473933.777028579] [gpu_amcl_cpp]: AMCL odom delta: at_scan=(5.663, -1.339, -0.162) baseline=(5.548, -1.318, -0.176) delta=(0.115, -0.021, 0.015) moved=true scan_age=0.108s
[ground_truth_amcl_monitor-7] [INFO] [1789473933.841896237] [ground_truth_amcl_monitor]: AMCL vs GT: gt=(1.253, -3.386) amcl=(1.261, -3.419) error=0.034 m / 0.000 rad; current_map=(1.259, -3.428, -1.705) error=0.043 m / 0.000 rad; odom=(-0.579, -2.762, -1.705) error=1.936 m / 0.000 rad; ekf=(-0.579, -2.762, -1.705) error=1.936 m / 0.000 rad; RMS=0.083 m / 0.020 rad max=0.230 m / 0.064 rad samples=12105
[gpu_amcl_cpp_node-6] [INFO] [1789473934.011029589] [gpu_amcl_cpp]: AMCL local correction: odom_prediction=(1.106, -4.287, -1.764) scan=(1.112, -4.270, -1.767) correction=0.018 m/0.003 rad cluster_weight=0.939 publish=true
[component_container-9] [INFO] [1789473934.800881708] [pure_pursuit_node]: Pure Pursuit: pose=(0.334, -8.014, -1.811) cte=-0.033 closest=564 target=612 path_dist=0.033 heading_err=-0.033 steer=-0.106 speed=3.504 startup_cap=12.000 lap_fraction=1.000
[gpu_amcl_cpp_node-6] [INFO] [1789473934.802230301] [gpu_amcl_cpp]: AMCL odom delta: at_scan=(10.192, -2.210, -0.229) baseline=(10.105, -2.189, -0.240) delta=(0.087, -0.021, 0.011) moved=true scan_age=0.108s
[ground_truth_amcl_monitor-7] [INFO] [1789473934.853635434] [ground_truth_amcl_monitor]: AMCL vs GT: gt=(0.359, -7.882) amcl=(0.403, -7.755) error=0.135 m / 0.026 rad; current_map=(0.380, -7.849, -1.835) error=0.039 m / 0.000 rad; odom=(-1.453, -7.216, -1.835) error=1.931 m / 0.000 rad; ekf=(-1.453, -7.216, -1.835) error=1.931 m / 0.000 rad; RMS=0.083 m / 0.020 rad max=0.230 m / 0.064 rad samples=12186
[gpu_amcl_cpp_node-6] [WARN] [1789473935.002454907] [gpu_amcl_cpp]: Queued LiDAR scan until source-time odometry arrives (queued=1).
[gpu_amcl_cpp_node-6] [INFO] [1789473935.016332574] [gpu_amcl_cpp]: AMCL local correction: odom_prediction=(0.220, -8.334, -1.876) scan=(0.214, -8.357, -1.876) correction=0.023 m/0.001 rad cluster_weight=0.981 publish=true
[component_container-9] [INFO] [1789473935.802010701] [pure_pursuit_node]: Pure Pursuit: pose=(-1.062, -10.091, -2.866) cte=-0.025 closest=694 target=738 path_dist=0.025 heading_err=-0.034 steer=-0.276 speed=2.478 startup_cap=12.000 lap_fraction=1.000
[gpu_amcl_cpp_node-6] [INFO] [1789473935.804238946] [gpu_amcl_cpp]: AMCL odom delta: at_scan=(12.345, -3.501, -1.083) baseline=(12.314, -3.447, -1.029) delta=(0.031, -0.053, -0.054) moved=true scan_age=0.110s
[ground_truth_amcl_monitor-7] [INFO] [1789473935.863370909] [ground_truth_amcl_monitor]: AMCL vs GT: gt=(-0.996, -10.091) amcl=(-0.970, -10.066) error=0.036 m / 0.000 rad; current_map=(-0.966, -10.069, -2.758) error=0.036 m / 0.000 rad; odom=(-2.811, -9.240, -2.758) error=2.005 m / 0.000 rad; ekf=(-2.811, -9.240, -2.758) error=2.005 m / 0.000 rad; RMS=0.084 m / 0.020 rad max=0.230 m / 0.064 rad samples=12267
[gpu_amcl_cpp_node-6] [INFO] [1789473936.036748984] [gpu_amcl_cpp]: AMCL local correction: odom_prediction=(-1.390, -10.150, -3.130) scan=(-1.392, -10.150, -3.124) correction=0.002 m/0.006 rad cluster_weight=0.997 publish=true
[component_container-9] [INFO] [1789473936.825768354] [pure_pursuit_node]: Pure Pursuit: pose=(-3.024, -8.433, 1.819) cte=-0.047 closest=835 target=882 path_dist=0.047 heading_err=0.043 steer=-0.081 speed=4.053 startup_cap=12.000 lap_fraction=1.000
[gpu_amcl_cpp_node-6] [INFO] [1789473936.827215193] [gpu_amcl_cpp]: AMCL odom delta: at_scan=(11.126, -5.581, -2.794) baseline=(11.211, -5.548, -2.767) delta=(-0.085, -0.033, -0.027) moved=true scan_age=0.108s
[ground_truth_amcl_monitor-7] [INFO] [1789473936.865175357] [ground_truth_amcl_monitor]: AMCL vs GT: gt=(-2.935, -8.748) amcl=(-2.953, -8.672) error=0.078 m / 0.000 rad; current_map=(-2.952, -8.672, 1.889) error=0.078 m / 0.000 rad; odom=(-4.812, -7.880, 1.889) error=2.068 m / 0.000 rad; ekf=(-4.812, -7.880, 1.889) error=2.068 m / 0.000 rad; RMS=0.083 m / 0.020 rad max=0.230 m / 0.064 rad samples=12347
[gpu_amcl_cpp_node-6] [INFO] [1789473937.038313373] [gpu_amcl_cpp]: AMCL local correction: odom_prediction=(-3.110, -8.005, 1.748) scan=(-3.095, -8.032, 1.752) correction=0.031 m/0.005 rad cluster_weight=0.982 publish=true
[gpu_amcl_cpp_node-6] [INFO] [1789473937.102514630] [gpu_amcl_cpp]: Received LiDAR callback #6208 (1081 ranges).
[gpu_amcl_cpp_node-6] [WARN] [1789473937.102583573] [gpu_amcl_cpp]: Queued LiDAR scan until source-time odometry arrives (queued=1).
[gpu_amcl_cpp_node-6] [INFO] [1789473937.107432519] [gpu_amcl_cpp]: Starting AMCL scan update #6209 (sampled from 1081 ranges).
[component_container-9] [INFO] [1789473937.850775677] [pure_pursuit_node]: Pure Pursuit: pose=(-2.619, -3.952, 1.252) cte=-0.047 closest=1062 target=1112 path_dist=0.047 heading_err=0.044 steer=0.045 speed=4.992 startup_cap=12.000 lap_fraction=1.000
[gpu_amcl_cpp_node-6] [INFO] [1789473937.852087733] [gpu_amcl_cpp]: AMCL odom delta: at_scan=(6.658, -5.489, 2.838) baseline=(6.769, -5.522, 2.858) delta=(-0.111, 0.032, -0.020) moved=true scan_age=0.108s
[ground_truth_amcl_monitor-7] [INFO] [1789473937.865694282] [ground_truth_amcl_monitor]: AMCL vs GT: gt=(-2.796, -4.444) amcl=(-2.742, -4.377) error=0.086 m / 0.000 rad; current_map=(-2.749, -4.379, 1.267) error=0.080 m / 0.000 rad; odom=(-4.689, -3.499, 1.267) error=2.115 m / 0.000 rad; ekf=(-4.689, -3.499, 1.267) error=2.115 m / 0.000 rad; RMS=0.083 m / 0.020 rad max=0.230 m / 0.064 rad samples=12427
[gpu_amcl_cpp_node-6] [INFO] [1789473938.032608515] [gpu_amcl_cpp]: AMCL scan update #6246 completed; evaluating pose confidence.
[gpu_amcl_cpp_node-6] [INFO] [1789473938.039294740] [gpu_amcl_cpp]: AMCL local correction: odom_prediction=(-2.529, -3.563, 1.312) scan=(-2.542, -3.582, 1.304) correction=0.022 m/0.009 rad cluster_weight=0.970 publish=true
[gpu_amcl_cpp_node-6] [INFO] [1789473938.852302752] [gpu_amcl_cpp]: AMCL odom delta: at_scan=(2.308, -4.295, 2.852) baseline=(2.402, -4.325, 2.839) delta=(-0.094, 0.030, 0.013) moved=true scan_age=0.108s
[component_container-9] [INFO] [1789473938.875663930] [pure_pursuit_node]: Pure Pursuit: pose=(-1.471, 0.396, 1.405) cte=0.008 closest=1287 target=1335 path_dist=0.008 heading_err=-0.022 steer=-0.038 speed=3.813 startup_cap=12.000 lap_fraction=1.000
[ground_truth_amcl_monitor-7] [INFO] [1789473938.878144479] [ground_truth_amcl_monitor]: AMCL vs GT: gt=(-1.571, -0.027) amcl=(-1.575, -0.052) error=0.026 m / 0.023 rad; current_map=(-1.547, 0.042, 1.305) error=0.072 m / 0.000 rad; odom=(-3.467, 0.944, 1.305) error=2.130 m / 0.000 rad; ekf=(-3.467, 0.944, 1.305) error=2.130 m / 0.000 rad; RMS=0.083 m / 0.020 rad max=0.230 m / 0.064 rad samples=12508
[gpu_amcl_cpp_node-6] [INFO] [1789473939.062597504] [gpu_amcl_cpp]: AMCL local correction: odom_prediction=(-1.407, 0.685, 1.333) scan=(-1.403, 0.670, 1.328) correction=0.015 m/0.005 rad cluster_weight=0.930 publish=true
[component_container-9] [INFO] [1789473939.875886737] [pure_pursuit_node]: Pure Pursuit: pose=(-1.417, 3.099, 1.907) cte=-0.004 closest=1424 target=1467 path_dist=0.004 heading_err=0.010 steer=0.245 speed=1.967 startup_cap=12.000 lap_fraction=1.000
[gpu_amcl_cpp_node-6] [INFO] [1789473939.877378381] [gpu_amcl_cpp]: AMCL odom delta: at_scan=(-0.644, -4.081, -2.846) baseline=(-0.598, -4.068, -2.858) delta=(-0.046, -0.013, 0.012) moved=true scan_age=0.108s
[ground_truth_amcl_monitor-7] [INFO] [1789473939.878597908] [ground_truth_amcl_monitor]: AMCL vs GT: gt=(-1.378, 2.880) amcl=(-1.346, 2.880) error=0.032 m / 0.012 rad; current_map=(-1.359, 2.926, 1.867) error=0.050 m / 0.000 rad; odom=(-3.281, 3.802, 1.867) error=2.115 m / 0.000 rad; ekf=(-3.281, 3.802, 1.867) error=2.115 m / 0.000 rad; RMS=0.083 m / 0.020 rad max=0.230 m / 0.064 rad samples=12588
[gpu_amcl_cpp_node-6] [INFO] [1789473940.086102662] [gpu_amcl_cpp]: AMCL local correction: odom_prediction=(-1.511, 3.267, 2.087) scan=(-1.512, 3.266, 2.084) correction=0.001 m/0.003 rad cluster_weight=0.985 publish=true
[gpu_amcl_cpp_node-6] [WARN] [1789473940.252361493] [gpu_amcl_cpp]: Queued LiDAR scan until source-time odometry arrives (queued=1).
[component_container-9] [INFO] [1789473940.875953680] [pure_pursuit_node]: Pure Pursuit: pose=(-2.805, 3.629, -2.491) cte=-0.010 closest=1515 target=1558 path_dist=0.010 heading_err=0.136 steer=0.374 speed=2.087 startup_cap=12.000 lap_fraction=1.000
[gpu_amcl_cpp_node-6] [INFO] [1789473940.877803620] [gpu_amcl_cpp]: AMCL odom delta: at_scan=(-1.476, -5.378, -1.136) baseline=(-1.494, -5.335, -1.192) delta=(0.018, -0.044, 0.056) moved=true scan_age=0.108s
[ground_truth_amcl_monitor-7] [INFO] [1789473940.878567431] [ground_truth_amcl_monitor]: AMCL vs GT: gt=(-2.623, 3.698) amcl=(-2.606, 3.731) error=0.037 m / 0.056 rad; current_map=(-2.649, 3.712, -2.707) error=0.030 m / 0.000 rad; odom=(-4.578, 4.634, -2.707) error=2.167 m / 0.000 rad; ekf=(-4.578, 4.634, -2.707) error=2.167 m / 0.000 rad; RMS=0.083 m / 0.020 rad max=0.230 m / 0.064 rad samples=12668
[gpu_amcl_cpp_node-6] [INFO] [1789473941.087494234] [gpu_amcl_cpp]: AMCL local correction: odom_prediction=(-2.918, 3.446, -2.279) scan=(-2.908, 3.444, -2.263) correction=0.010 m/0.015 rad cluster_weight=0.975 publish=true
[component_container-9] [INFO] [1789473941.876436118] [pure_pursuit_node]: Pure Pursuit: pose=(-3.409, 1.010, -1.754) cte=0.068 closest=1652 target=1698 path_dist=0.068 heading_err=0.010 steer=-0.052 speed=2.428 startup_cap=12.000 lap_fraction=1.000
[gpu_amcl_cpp_node-6] [INFO] [1789473941.878102848] [gpu_amcl_cpp]: AMCL odom delta: at_scan=(0.953, -6.207, -0.108) baseline=(0.876, -6.200, -0.092) delta=(0.077, -0.007, -0.017) moved=true scan_age=0.110s
[ground_truth_amcl_monitor-7] [INFO] [1789473941.879046408] [ground_truth_amcl_monitor]: AMCL vs GT: gt=(-3.392, 1.301) amcl=(-3.360, 1.371) error=0.077 m / 0.017 rad; current_map=(-3.367, 1.294, -1.679) error=0.026 m / 0.000 rad; odom=(-5.407, 2.205, -1.679) error=2.208 m / 0.000 rad; ekf=(-5.407, 2.205, -1.679) error=2.208 m / 0.000 rad; RMS=0.083 m / 0.020 rad max=0.230 m / 0.064 rad samples=12748
[gpu_amcl_cpp_node-6] [INFO] [1789473942.112110534] [gpu_amcl_cpp]: AMCL local correction: odom_prediction=(-3.470, 0.755, -1.818) scan=(-3.459, 0.786, -1.801) correction=0.033 m/0.017 rad cluster_weight=0.987 publish=true
[gpu_amcl_cpp_node-6] [INFO] [1789473942.127325459] [gpu_amcl_cpp]: Received LiDAR callback #6412 (1081 ranges).
[gpu_amcl_cpp_node-6] [INFO] [1789473942.127387728] [gpu_amcl_cpp]: Starting AMCL scan update #6412 (sampled from 1081 ranges).
[ground_truth_amcl_monitor-7] [INFO] [1789473942.890891501] [ground_truth_amcl_monitor]: AMCL vs GT: gt=(-4.360, -0.411) amcl=(-4.309, -0.408) error=0.051 m / 0.000 rad; current_map=(-4.312, -0.405, -2.784) error=0.049 m / 0.000 rad; odom=(-6.360, 0.491, -2.784) error=2.194 m / 0.000 rad; ekf=(-6.360, 0.491, -2.784) error=2.194 m / 0.000 rad; RMS=0.082 m / 0.020 rad max=0.230 m / 0.064 rad samples=12829
[component_container-9] [INFO] [1789473942.901241124] [pure_pursuit_node]: Pure Pursuit: pose=(-4.535, -0.462, -2.998) cte=-0.000 closest=1753 target=1796 path_dist=0.000 heading_err=0.063 steer=-0.350 speed=1.970 startup_cap=12.000 lap_fraction=1.000
[gpu_amcl_cpp_node-6] [INFO] [1789473942.902979380] [gpu_amcl_cpp]: AMCL odom delta: at_scan=(2.682, -7.202, -1.255) baseline=(2.667, -7.161, -1.213) delta=(0.015, -0.042, -0.041) moved=true scan_age=0.111s
[gpu_amcl_cpp_node-6] [INFO] [1789473943.057135658] [gpu_amcl_cpp]: AMCL scan update #6449 completed; evaluating pose confidence.
[gpu_amcl_cpp_node-6] [INFO] [1789473943.137287998] [gpu_amcl_cpp]: AMCL local correction: odom_prediction=(-4.766, -0.487, 3.018) scan=(-4.756, -0.462, 3.066) correction=0.027 m/0.048 rad cluster_weight=0.985 publish=true
[ground_truth_amcl_monitor-7] [INFO] [1789473943.892700832] [ground_truth_amcl_monitor]: AMCL vs GT: gt=(-5.969, 0.832) amcl=(-5.948, 0.819) error=0.025 m / 0.000 rad; current_map=(-5.948, 0.823, 1.832) error=0.023 m / 0.000 rad; odom=(-8.041, 1.764, 1.832) error=2.271 m / 0.000 rad; ekf=(-8.041, 1.764, 1.832) error=2.271 m / 0.000 rad; RMS=0.082 m / 0.020 rad max=0.230 m / 0.064 rad samples=12909
[component_container-9] [INFO] [1789473943.901636598] [pure_pursuit_node]: Pure Pursuit: pose=(-6.042, 1.228, 1.766) cte=-0.098 closest=1876 target=1923 path_dist=0.098 heading_err=0.034 steer=-0.099 speed=3.997 startup_cap=12.000 lap_fraction=1.000
[gpu_amcl_cpp_node-6] [INFO] [1789473943.903319360] [gpu_amcl_cpp]: AMCL odom delta: at_scan=(1.312, -8.863, -2.898) baseline=(1.394, -8.841, -2.881) delta=(-0.083, -0.022, -0.017) moved=true scan_age=0.111s
[gpu_amcl_cpp_node-6] [INFO] [1789473944.161633966] [gpu_amcl_cpp]: AMCL local correction: odom_prediction=(-6.133, 1.856, 1.665) scan=(-6.131, 1.827, 1.667) correction=0.029 m/0.001 rad cluster_weight=0.937 publish=true
[ground_truth_amcl_monitor-7] [INFO] [1789473944.903459238] [ground_truth_amcl_monitor]: AMCL vs GT: gt=(-5.981, 5.113) amcl=(-6.012, 4.923) error=0.192 m / 0.001 rad; current_map=(-5.987, 5.023, 1.316) error=0.090 m / 0.000 rad; odom=(-8.079, 6.077, 1.316) error=2.309 m / 0.000 rad; ekf=(-8.079, 6.077, 1.316) error=2.309 m / 0.000 rad; RMS=0.083 m / 0.020 rad max=0.230 m / 0.064 rad samples=12990
[component_container-9] [INFO] [1789473944.926333958] [pure_pursuit_node]: Pure Pursuit: pose=(-5.876, 5.503, 1.374) cte=-0.068 closest=2090 target=2139 path_dist=0.068 heading_err=-0.141 steer=-0.259 speed=3.360 startup_cap=12.000 lap_fraction=1.000
[gpu_amcl_cpp_node-6] [INFO] [1789473944.927672131] [gpu_amcl_cpp]: AMCL odom delta: at_scan=(-3.014, -8.854, 2.893) baseline=(-2.919, -8.880, 2.887) delta=(-0.096, 0.025, 0.006) moved=true scan_age=0.110s
[gpu_amcl_cpp_node-6] [INFO] [1789473945.187850706] [gpu_amcl_cpp]: AMCL local correction: odom_prediction=(-5.677, 5.923, 1.156) scan=(-5.679, 5.938, 1.165) correction=0.014 m/0.008 rad cluster_weight=0.993 publish=true
[gpu_amcl_cpp_node-6] [WARN] [1789473945.427996573] [gpu_amcl_cpp]: Queued LiDAR scan until source-time odometry arrives (queued=1).
[ground_truth_amcl_monitor-7] [INFO] [1789473945.904908552] [ground_truth_amcl_monitor]: AMCL vs GT: gt=(-4.224, 7.482) amcl=(-4.337, 7.411) error=0.133 m / 0.035 rad; current_map=(-4.262, 7.446, 0.403) error=0.053 m / 0.000 rad; odom=(-6.287, 8.436, 0.403) error=2.273 m / 0.000 rad; ekf=(-6.287, 8.436, 0.403) error=2.273 m / 0.000 rad; RMS=0.083 m / 0.020 rad max=0.230 m / 0.064 rad samples=13070
[component_container-9] [INFO] [1789473945.951755245] [pure_pursuit_node]: Pure Pursuit: pose=(-3.809, 7.572, 0.131) cte=-0.034 closest=2241 target=2288 path_dist=0.034 heading_err=0.077 steer=-0.068 speed=3.471 startup_cap=12.000 lap_fraction=1.000
[gpu_amcl_cpp_node-6] [INFO] [1789473945.953009992] [gpu_amcl_cpp]: AMCL odom delta: at_scan=(-5.337, -6.937, 1.887) baseline=(-5.309, -7.012, 1.933) delta=(-0.028, 0.076, -0.046) moved=true scan_age=0.111s
[gpu_amcl_cpp_node-6] [INFO] [1789473946.213437624] [gpu_amcl_cpp]: AMCL local correction: odom_prediction=(-3.289, 7.653, -0.020) scan=(-3.297, 7.660, 0.023) correction=0.010 m/0.043 rad cluster_weight=0.979 publish=true
[ground_truth_amcl_monitor-7] [INFO] [1789473946.911640099] [ground_truth_amcl_monitor]: AMCL vs GT: gt=(-1.112, 6.623) amcl=(-1.118, 6.658) error=0.036 m / 0.000 rad; current_map=(-1.119, 6.654, -0.853) error=0.032 m / 0.000 rad; odom=(-3.140, 7.599, -0.853) error=2.251 m / 0.000 rad; ekf=(-3.140, 7.599, -0.853) error=2.251 m / 0.000 rad; RMS=0.083 m / 0.020 rad max=0.230 m / 0.064 rad samples=13151
[component_container-9] [INFO] [1789473946.977078807] [pure_pursuit_node]: Pure Pursuit: pose=(-0.699, 6.170, -0.855) cte=-0.083 closest=2419 target=2467 path_dist=0.083 heading_err=-0.084 steer=-0.205 speed=3.762 startup_cap=12.000 lap_fraction=1.000
[gpu_amcl_cpp_node-6] [INFO] [1789473946.978596606] [gpu_amcl_cpp]: AMCL odom delta: at_scan=(-4.225, -3.755, 0.706) baseline=(-4.300, -3.818, 0.703) delta=(0.075, 0.063, 0.003) moved=true scan_age=0.112s
[gpu_amcl_cpp_node-6] [INFO] [1789473947.127579907] [gpu_amcl_cpp]: Received LiDAR callback #6613 (1081 ranges).
[gpu_amcl_cpp_node-6] [INFO] [1789473947.127646846] [gpu_amcl_cpp]: Starting AMCL scan update #6613 (sampled from 1081 ranges).
[gpu_amcl_cpp_node-6] [INFO] [1789473947.237499054] [gpu_amcl_cpp]: AMCL local correction: odom_prediction=(-0.380, 5.653, -1.015) scan=(-0.391, 5.657, -1.020) correction=0.011 m/0.005 rad cluster_weight=0.975 publish=true
[gpu_amcl_cpp_node-6] [WARN] [1789473947.610648724] [gpu_amcl_cpp]: No local AMCL cluster near odometry prediction; using causal odometry pose.
[ground_truth_amcl_monitor-7] [INFO] [1789473947.915939652] [ground_truth_amcl_monitor]: AMCL vs GT: gt=(0.764, 2.887) amcl=(0.750, 2.951) error=0.066 m / 0.000 rad; current_map=(0.750, 2.951, -1.268) error=0.066 m / 0.000 rad; odom=(-1.235, 3.846, -1.268) error=2.217 m / 0.000 rad; ekf=(-1.235, 3.846, -1.268) error=2.217 m / 0.000 rad; RMS=0.083 m / 0.020 rad max=0.230 m / 0.064 rad samples=13231
[component_container-9] [INFO] [1789473948.001350796] [pure_pursuit_node]: Pure Pursuit: pose=(0.984, 2.066, -1.385) cte=-0.046 closest=55 target=105 path_dist=0.046 heading_err=0.053 steer=0.036 speed=4.692 startup_cap=12.000 lap_fraction=1.000
[gpu_amcl_cpp_node-6] [INFO] [1789473948.002950723] [gpu_amcl_cpp]: AMCL odom delta: at_scan=(-0.242, -1.894, 0.273) baseline=(-0.351, -1.927, 0.295) delta=(0.109, 0.033, -0.022) moved=true scan_age=0.110s
[gpu_amcl_cpp_node-6] [INFO] [1789473948.080623488] [gpu_amcl_cpp]: AMCL scan update #6651 completed; evaluating pose confidence.
[gpu_amcl_cpp_node-6] [INFO] [1789473948.262363466] [gpu_amcl_cpp]: AMCL local correction: odom_prediction=(1.156, 1.388, -1.370) scan=(1.151, 1.437, -1.368) correction=0.049 m/0.002 rad cluster_weight=0.903 publish=true
[gpu_amcl_cpp_node-6] [WARN] [1789473948.614116067] [gpu_amcl_cpp]: No local AMCL cluster near odometry prediction; using causal odometry pose.
[ground_truth_amcl_monitor-7] [INFO] [1789473948.929110890] [ground_truth_amcl_monitor]: AMCL vs GT: gt=(1.456, -1.733) amcl=(1.458, -1.559) error=0.174 m / 0.021 rad; current_map=(1.461, -1.681, -1.571) error=0.052 m / 0.000 rad; odom=(-0.545, -0.804, -1.571) error=2.206 m / 0.000 rad; ekf=(-0.545, -0.804, -1.571) error=2.206 m / 0.000 rad; RMS=0.084 m / 0.020 rad max=0.230 m / 0.064 rad samples=13312
[component_container-9] [INFO] [1789473949.001758230] [pure_pursuit_node]: Pure Pursuit: pose=(1.408, -2.437, -1.739) cte=-0.087 closest=281 target=330 path_dist=0.087 heading_err=0.096 steer=0.001 speed=4.774 startup_cap=12.000 lap_fraction=1.000
[gpu_amcl_cpp_node-6] [INFO] [1789473949.003601084] [gpu_amcl_cpp]: AMCL odom delta: at_scan=(4.309, -1.353, -0.073) baseline=(4.197, -1.348, -0.048) delta=(0.112, -0.006, -0.026) moved=true scan_age=0.112s
[gpu_amcl_cpp_node-6] [INFO] [1789473949.287035988] [gpu_amcl_cpp]: AMCL local correction: odom_prediction=(1.317, -3.194, -1.758) scan=(1.320, -3.188, -1.762) correction=0.006 m/0.004 rad cluster_weight=0.931 publish=true
[ground_truth_amcl_monitor-7] [INFO] [1789473949.941515964] [ground_truth_amcl_monitor]: AMCL vs GT: gt=(0.760, -6.286) amcl=(0.794, -6.176) error=0.116 m / 0.000 rad; current_map=(0.795, -6.173, -1.792) error=0.119 m / 0.000 rad; odom=(-1.249, -5.347, -1.792) error=2.218 m / 0.000 rad; ekf=(-1.249, -5.347, -1.792) error=2.218 m / 0.000 rad; RMS=0.084 m / 0.020 rad max=0.235 m / 0.064 rad samples=13393
[component_container-9] [INFO] [1789473950.025697577] [pure_pursuit_node]: Pure Pursuit: pose=(0.641, -6.958, -1.674) cte=-0.076 closest=510 target=558 path_dist=0.076 heading_err=-0.127 steer=-0.169 speed=3.720 startup_cap=12.000 lap_fraction=1.000
[gpu_amcl_cpp_node-6] [INFO] [1789473950.027126382] [gpu_amcl_cpp]: AMCL odom delta: at_scan=(8.903, -2.148, -0.220) baseline=(8.804, -2.123, -0.245) delta=(0.099, -0.025, 0.025) moved=true scan_age=0.111s
[gpu_amcl_cpp_node-6] [INFO] [1789473950.310933464] [gpu_amcl_cpp]: AMCL local correction: odom_prediction=(0.439, -7.608, -1.813) scan=(0.434, -7.614, -1.820) correction=0.008 m/0.008 rad cluster_weight=0.977 publish=true
[ground_truth_amcl_monitor-7] [INFO] [1789473950.953195184] [ground_truth_amcl_monitor]: AMCL vs GT: gt=(-0.276, -9.496) amcl=(-0.175, -9.335) error=0.190 m / 0.016 rad; current_map=(-0.208, -9.372, -2.171) error=0.141 m / 0.000 rad; odom=(-2.220, -8.367, -2.155) error=2.248 m / 0.016 rad; ekf=(-2.220, -8.367, -2.155) error=2.248 m / 0.016 rad; RMS=0.085 m / 0.020 rad max=0.235 m / 0.064 rad samples=13474
[component_container-9] [INFO] [1789473951.026791761] [pure_pursuit_node]: Pure Pursuit: pose=(-0.446, -9.676, -2.310) cte=-0.002 closest=657 target=701 path_dist=0.002 heading_err=0.022 steer=-0.259 speed=2.519 startup_cap=12.000 lap_fraction=1.000
[gpu_amcl_cpp_node-6] [INFO] [1789473951.028805750] [gpu_amcl_cpp]: AMCL odom delta: at_scan=(11.683, -3.170, -0.636) baseline=(11.645, -3.133, -0.618) delta=(0.037, -0.038, -0.018) moved=true scan_age=0.113s
[gpu_amcl_cpp_node-6] [INFO] [1789473951.312018662] [gpu_amcl_cpp]: AMCL local correction: odom_prediction=(-0.798, -10.022, -2.638) scan=(-0.824, -10.055, -2.597) correction=0.042 m/0.041 rad cluster_weight=0.999 publish=true
[ground_truth_amcl_monitor-7] [INFO] [1789473951.953550300] [ground_truth_amcl_monitor]: AMCL vs GT: gt=(-2.256, -9.908) amcl=(-2.195, -9.928) error=0.064 m / 0.040 rad; current_map=(-2.244, -9.889, 2.431) error=0.023 m / 0.000 rad; odom=(-4.301, -8.686, 2.431) error=2.382 m / 0.000 rad; ekf=(-4.301, -8.686, 2.431) error=2.382 m / 0.000 rad; RMS=0.085 m / 0.020 rad max=0.235 m / 0.064 rad samples=13554
[component_container-9] [INFO] [1789473952.051765761] [pure_pursuit_node]: Pure Pursuit: pose=(-2.560, -9.530, 2.156) cte=-0.092 closest=776 target=821 path_dist=0.092 heading_err=0.023 steer=-0.146 speed=2.897 startup_cap=12.000 lap_fraction=1.000
[gpu_amcl_cpp_node-6] [INFO] [1789473952.053328670] [gpu_amcl_cpp]: AMCL odom delta: at_scan=(11.672, -5.278, -2.425) baseline=(11.719, -5.235, -2.391) delta=(-0.047, -0.043, -0.034) moved=true scan_age=0.113s
[gpu_amcl_cpp_node-6] [INFO] [1789473952.128382202] [gpu_amcl_cpp]: Received LiDAR callback #6813 (1081 ranges).
[gpu_amcl_cpp_node-6] [INFO] [1789473952.128450343] [gpu_amcl_cpp]: Starting AMCL scan update #6813 (sampled from 1081 ranges).
[gpu_amcl_cpp_node-6] [INFO] [1789473952.313483816] [gpu_amcl_cpp]: AMCL local correction: odom_prediction=(-2.804, -9.114, 1.997) scan=(-2.801, -9.130, 2.012) correction=0.017 m/0.014 rad cluster_weight=0.973 publish=true
[ground_truth_amcl_monitor-7] [INFO] [1789473952.965702882] [ground_truth_amcl_monitor]: AMCL vs GT: gt=(-3.165, -6.545) amcl=(-3.151, -6.575) error=0.033 m / 0.000 rad; current_map=(-3.152, -6.570, 1.492) error=0.028 m / 0.000 rad; odom=(-5.265, -5.252, 1.492) error=2.466 m / 0.000 rad; ekf=(-5.265, -5.252, 1.492) error=2.466 m / 0.000 rad; RMS=0.085 m / 0.020 rad max=0.235 m / 0.064 rad samples=13635
[component_container-9] [INFO] [1789473953.076472003] [pure_pursuit_node]: Pure Pursuit: pose=(-3.045, -5.540, 1.391) cte=-0.035 closest=980 target=1030 path_dist=0.035 heading_err=-0.028 steer=-0.044 speed=4.382 startup_cap=12.000 lap_fraction=1.000
[gpu_amcl_cpp_node-6] [INFO] [1789473953.077859391] [gpu_amcl_cpp]: AMCL odom delta: at_scan=(7.814, -6.028, 3.052) baseline=(7.931, -6.036, 3.075) delta=(-0.117, 0.008, -0.023) moved=true scan_age=0.113s
[gpu_amcl_cpp_node-6] [INFO] [1789473953.080932378] [gpu_amcl_cpp]: AMCL scan update #6851 completed; evaluating pose confidence.
[gpu_amcl_cpp_node-6] [INFO] [1789473953.313564354] [gpu_amcl_cpp]: AMCL local correction: odom_prediction=(-2.946, -5.011, 1.328) scan=(-2.942, -5.014, 1.340) correction=0.006 m/0.012 rad cluster_weight=0.949 publish=true
[ground_truth_amcl_monitor-7] [INFO] [1789473953.966056855] [ground_truth_amcl_monitor]: AMCL vs GT: gt=(-2.016, -1.905) amcl=(-2.008, -1.941) error=0.037 m / 0.000 rad; current_map=(-2.011, -1.941, 1.299) error=0.036 m / 0.000 rad; odom=(-4.108, -0.557, 1.299) error=2.489 m / 0.000 rad; ekf=(-4.108, -0.557, 1.299) error=2.489 m / 0.000 rad; RMS=0.085 m / 0.020 rad max=0.235 m / 0.064 rad samples=13715
[component_container-9] [INFO] [1789473954.100504753] [pure_pursuit_node]: Pure Pursuit: pose=(-1.678, -0.804, 1.279) cte=0.057 closest=1226 target=1277 path_dist=0.057 heading_err=0.061 steer=0.099 speed=4.394 startup_cap=12.000 lap_fraction=1.000
[gpu_amcl_cpp_node-6] [INFO] [1789473954.101666281] [gpu_amcl_cpp]: AMCL odom delta: at_scan=(3.032, -4.710, 2.833) baseline=(3.145, -4.747, 2.839) delta=(-0.113, 0.037, -0.006) moved=true scan_age=0.112s
[gpu_amcl_cpp_node-6] [INFO] [1789473954.337518513] [gpu_amcl_cpp]: AMCL local correction: odom_prediction=(-1.569, -0.284, 1.319) scan=(-1.565, -0.283, 1.314) correction=0.004 m/0.005 rad cluster_weight=0.948 publish=true
[ground_truth_amcl_monitor-7] [INFO] [1789473954.967197374] [ground_truth_amcl_monitor]: AMCL vs GT: gt=(-1.265, 1.952) amcl=(-1.244, 1.907) error=0.049 m / 0.000 rad; current_map=(-1.247, 1.904, 1.567) error=0.051 m / 0.000 rad; odom=(-3.363, 3.220, 1.567) error=2.451 m / 0.000 rad; ekf=(-3.363, 3.220, 1.567) error=2.451 m / 0.000 rad; RMS=0.086 m / 0.020 rad max=0.235 m / 0.064 rad samples=13795
[component_container-9] [INFO] [1789473955.101307162] [pure_pursuit_node]: Pure Pursuit: pose=(-1.284, 2.578, 1.822) cte=0.004 closest=1397 target=1441 path_dist=0.004 heading_err=-0.120 steer=-0.005 speed=1.967 startup_cap=12.000 lap_fraction=1.000
[gpu_amcl_cpp_node-6] [INFO] [1789473955.102707697] [gpu_amcl_cpp]: AMCL odom delta: at_scan=(-0.491, -4.165, -3.062) baseline=(-0.425, -4.161, -3.103) delta=(-0.066, -0.004, 0.040) moved=true scan_age=0.113s
[gpu_amcl_cpp_node-6] [INFO] [1789473955.361293181] [gpu_amcl_cpp]: AMCL local correction: odom_prediction=(-1.318, 2.871, 1.845) scan=(-1.319, 2.874, 1.829) correction=0.004 m/0.015 rad cluster_weight=0.979 publish=true
[ground_truth_amcl_monitor-7] [INFO] [1789473955.977537449] [ground_truth_amcl_monitor]: AMCL vs GT: gt=(-2.018, 3.758) amcl=(-1.947, 3.775) error=0.074 m / 0.050 rad; current_map=(-1.986, 3.792, 2.773) error=0.046 m / 0.000 rad; odom=(-4.126, 5.023, 2.773) error=2.458 m / 0.000 rad; ekf=(-4.126, 5.023, 2.773) error=2.458 m / 0.000 rad; RMS=0.086 m / 0.020 rad max=0.235 m / 0.064 rad samples=13876
[component_container-9] [INFO] [1789473956.126148800] [pure_pursuit_node]: Pure Pursuit: pose=(-2.426, 3.855, -2.976) cte=0.010 closest=1493 target=1536 path_dist=0.010 heading_err=-0.005 steer=0.414 speed=1.868 startup_cap=12.000 lap_fraction=1.000
[gpu_amcl_cpp_node-6] [INFO] [1789473956.127389821] [gpu_amcl_cpp]: AMCL odom delta: at_scan=(-1.924, -5.191, -1.621) baseline=(-1.921, -5.147, -1.676) delta=(-0.004, -0.044, 0.054) moved=true scan_age=0.114s
[gpu_amcl_cpp_node-6] [INFO] [1789473956.362590985] [gpu_amcl_cpp]: AMCL local correction: odom_prediction=(-2.629, 3.762, -2.693) scan=(-2.611, 3.772, -2.720) correction=0.021 m/0.027 rad cluster_weight=0.977 publish=true
[gpu_amcl_cpp_node-6] [WARN] [1789473956.676914578] [gpu_amcl_cpp]: Queued LiDAR scan until source-time odometry arrives (queued=1).
[ground_truth_amcl_monitor-7] [INFO] [1789473956.979319440] [ground_truth_amcl_monitor]: AMCL vs GT: gt=(-3.290, 2.557) amcl=(-3.253, 2.596) error=0.054 m / 0.019 rad; current_map=(-3.266, 2.520, -1.713) error=0.044 m / 0.000 rad; odom=(-5.494, 3.786, -1.713) error=2.524 m / 0.000 rad; ekf=(-5.494, 3.786, -1.713) error=2.524 m / 0.000 rad; RMS=0.085 m / 0.020 rad max=0.235 m / 0.064 rad samples=13956
[gpu_amcl_cpp_node-6] [INFO] [1789473957.127712742] [gpu_amcl_cpp]: AMCL odom delta: at_scan=(-0.155, -6.347, -0.076) baseline=(-0.233, -6.340, -0.078) delta=(0.078, -0.007, 0.002) moved=true scan_age=0.114s
[component_container-9] [INFO] [1789473957.151077874] [pure_pursuit_node]: Pure Pursuit: pose=(-3.338, 1.681, -1.624) cte=0.081 closest=1618 target=1664 path_dist=0.081 heading_err=-0.064 steer=-0.004 speed=3.062 startup_cap=12.000 lap_fraction=1.000
[gpu_amcl_cpp_node-6] [INFO] [1789473957.153482812] [gpu_amcl_cpp]: Received LiDAR callback #7015 (1081 ranges).
[gpu_amcl_cpp_node-6] [INFO] [1789473957.153558218] [gpu_amcl_cpp]: Starting AMCL scan update #7015 (sampled from 1081 ranges).
[WARNING] [launch]: user interrupted with ctrl-c (SIGINT)
[WARNING] [launch]: user interrupted with ctrl-c (SIGINT) again, ignoring...
[model_id_timing_recorder-8] Exception ignored in: <function Future.__del__ at 0x733adb8fd240>
[model_id_timing_recorder-8] Traceback (most recent call last):
[model_id_timing_recorder-8]   File "/opt/ros/humble/local/lib/python3.10/dist-packages/rclpy/task.py", line 55, in __del__
[model_id_timing_recorder-8]     def __del__(self):
[model_id_timing_recorder-8] KeyboardInterrupt: 
[component_container-9] [INFO] [1789473957.165661563] [rclcpp]: signal_handler(SIGINT/SIGTERM)
[gpu_amcl_cpp_node-6] [INFO] [1789473957.165670052] [rclcpp]: signal_handler(SIGINT/SIGTERM)
[lifecycle_manager-5] [INFO] [1789473957.165689024] [rclcpp]: signal_handler(SIGINT/SIGTERM)
[lifecycle_manager-5] [INFO] [1789473957.165815222] [lifecycle_manager_map]: Running Nav2 LifecycleManager rcl preshutdown (lifecycle_manager_map)
[lifecycle_manager-5] [INFO] [1789473957.165882601] [lifecycle_manager_map]: [34m[1mTerminating bond timer...[0m[0m
[ekf_localization_node-3] [INFO] [1789473957.165698454] [rclcpp]: signal_handler(SIGINT/SIGTERM)
[autodrive_bridge_40hz-1] KeyboardInterrupt
[autodrive_bridge_40hz-1] 2026-09-15T12:05:57Z
[autodrive_bridge_40hz-1] Traceback (most recent call last):
[autodrive_bridge_40hz-1]   File "/workspace/src/install/lib/sdu_apex_autodrive/autodrive_bridge_40hz", line 33, in <module>
[autodrive_bridge_40hz-1]     sys.exit(load_entry_point('sdu-apex-autodrive', 'console_scripts', 'autodrive_bridge_40hz')())
[autodrive_bridge_40hz-1]   File "/workspace/src/build/sdu_apex_autodrive/sdu_apex_autodrive/bridge_40hz.py", line 1307, in main
[autodrive_bridge_40hz-1]     official_bridge.main()
[autodrive_bridge_40hz-1]   File "/home/autodrive_devkit/install/autodrive_roboracer/lib/python3.10/site-packages/autodrive_roboracer/autodrive_bridge.py", line 442, in main
[autodrive_bridge_40hz-1]     pywsgi.WSGIServer(('', 4567), app, handler_class=WebSocketHandler).serve_forever() # Deploy as a gevent WSGI server
[autodrive_bridge_40hz-1]   File "/usr/local/lib/python3.10/dist-packages/gevent/baseserver.py", line 400, in serve_forever
[autodrive_bridge_40hz-1]     self._stop_event.wait()
[autodrive_bridge_40hz-1]   File "src/gevent/event.py", line 163, in gevent._gevent_cevent.Event.wait
[autodrive_bridge_40hz-1]   File "src/gevent/_abstract_linkable.py", line 521, in gevent._gevent_c_abstract_linkable.AbstractLinkable._wait
[autodrive_bridge_40hz-1]   File "src/gevent/_abstract_linkable.py", line 487, in gevent._gevent_c_abstract_linkable.AbstractLinkable._wait_core
[autodrive_bridge_40hz-1]   File "src/gevent/_abstract_linkable.py", line 490, in gevent._gevent_c_abstract_linkable.AbstractLinkable._wait_core
[autodrive_bridge_40hz-1]   File "src/gevent/_abstract_linkable.py", line 442, in gevent._gevent_c_abstract_linkable.AbstractLinkable._AbstractLinkable__wait_to_be_notified
[autodrive_bridge_40hz-1]   File "src/gevent/_abstract_linkable.py", line 451, in gevent._gevent_c_abstract_linkable.AbstractLinkable._switch_to_hub
[autodrive_bridge_40hz-1]   File "src/gevent/_greenlet_primitives.py", line 61, in gevent._gevent_c_greenlet_primitives.SwitchOutGreenletWithLoop.switch
[autodrive_bridge_40hz-1]   File "src/gevent/_greenlet_primitives.py", line 65, in gevent._gevent_c_greenlet_primitives.SwitchOutGreenletWithLoop.switch
[autodrive_bridge_40hz-1]   File "src/gevent/_gevent_c_greenlet_primitives.pxd", line 35, in gevent._gevent_c_greenlet_primitives._greenlet_switch
[autodrive_bridge_40hz-1]   File "/usr/local/lib/python3.10/dist-packages/socketio/client.py", line 25, in signal_handler
[autodrive_bridge_40hz-1]     return original_signal_handler(sig, frame)
[autodrive_bridge_40hz-1] KeyboardInterrupt
[map_server-4] [INFO] [1789473957.165978312] [rclcpp]: signal_handler(SIGINT/SIGTERM)
[map_server-4] [INFO] [1789473957.166080758] [map_server]: Running Nav2 LifecycleNode rcl preshutdown (map_server)
[map_server-4] [INFO] [1789473957.166204050] [map_server]: Deactivating
[map_server-4] [INFO] [1789473957.166234187] [map_server]: Destroying bond (map_server) to lifecycle manager.
[map_server-4] [INFO] [1789473957.176691599] [map_server]: Cleaning up
[map_server-4] [INFO] [1789473957.176850349] [map_server]: Destroying bond (map_server) to lifecycle manager.
[map_server-4] [INFO] [1789473957.188384127] [map_server]: Destroying
[sensor_odometry_node-2] [INFO] [1789473957.166028142] [rclcpp]: signal_handler(SIGINT/SIGTERM)
[lifecycle_manager-5] [INFO] [1789473957.186325373] [lifecycle_manager_map]: Destroying lifecycle_manager_map
[INFO] [ekf_localization_node-3]: process has finished cleanly [pid 210]
[INFO] [component_container-9]: process has finished cleanly [pid 222]
[INFO] [sensor_odometry_node-2]: process has finished cleanly [pid 208]
[INFO] [lifecycle_manager-5]: process has finished cleanly [pid 214]
[INFO] [map_server-4]: process has finished cleanly [pid 212]
[ERROR] [autodrive_bridge_40hz-1]: process has died [pid 206, exit code -2, cmd '/workspace/src/install/lib/sdu_apex_autodrive/autodrive_bridge_40hz --ros-args -r __node:=autodrive_bridge'].
[INFO] [ground_truth_amcl_monitor-7]: process has finished cleanly [pid 218]
[INFO] [actuator_interface-10]: process has finished cleanly [pid 224]
[INFO] [gpu_amcl_cpp_node-6]: process has finished cleanly [pid 216]
[model_id_timing_recorder-8] Traceback (most recent call last):
[model_id_timing_recorder-8]   File "/workspace/src/install/lib/sdu_apex_autodrive/model_id_timing_recorder", line 33, in <module>
[model_id_timing_recorder-8]     sys.exit(load_entry_point('sdu-apex-autodrive', 'console_scripts', 'model_id_timing_recorder')())
[model_id_timing_recorder-8]   File "/workspace/src/build/sdu_apex_autodrive/sdu_apex_autodrive/model_id_timing_recorder.py", line 531, in main
[model_id_timing_recorder-8]     rclpy.spin(node)
[model_id_timing_recorder-8]   File "/opt/ros/humble/local/lib/python3.10/dist-packages/rclpy/__init__.py", line 229, in spin
[model_id_timing_recorder-8]     executor.spin_once()
[model_id_timing_recorder-8]   File "/opt/ros/humble/local/lib/python3.10/dist-packages/rclpy/executors.py", line 808, in spin_once
[model_id_timing_recorder-8]     self._spin_once_impl(timeout_sec)
[model_id_timing_recorder-8]   File "/opt/ros/humble/local/lib/python3.10/dist-packages/rclpy/executors.py", line 797, in _spin_once_impl
[model_id_timing_recorder-8]     handler, entity, node = self.wait_for_ready_callbacks(timeout_sec=timeout_sec)
[model_id_timing_recorder-8]   File "/opt/ros/humble/local/lib/python3.10/dist-packages/rclpy/executors.py", line 780, in wait_for_ready_callbacks
[model_id_timing_recorder-8]     return next(self._cb_iter)
[model_id_timing_recorder-8]   File "/opt/ros/humble/local/lib/python3.10/dist-packages/rclpy/executors.py", line 653, in _wait_for_ready_callbacks
[model_id_timing_recorder-8]     wait_set = _rclpy.WaitSet(
[model_id_timing_recorder-8] rclpy._rclpy_pybind11.RCLError: failed to initialize wait set: the given context is not valid, either rcl_init() was not called or rcl_shutdown() was called., at ./src/rcl/wait.c:130
[ERROR] [model_id_timing_recorder-8]: process has died [pid 220, exit code 1, cmd '/workspace/src/install/lib/sdu_apex_autodrive/model_id_timing_recorder --ros-args -r __node:=model_id_timing_recorder --params-file /tmp/launch_params_7g79wizp'].
