[INFO] [launch]: All log files can be found below /root/.ros/log/2026-09-09-17-52-08-298124-ExternalDrive-119
[INFO] [launch]: Default logging verbosity is set to INFO
[INFO] [launch.user]: controller=pure_pursuit custom_amcl=True rviz=False
[INFO] [autodrive_bridge_40hz-1]: process started with pid [173]
[INFO] [sensor_odometry_node-2]: process started with pid [175]
[INFO] [ekf_localization_node-3]: process started with pid [177]
[INFO] [map_server-4]: process started with pid [179]
[INFO] [lifecycle_manager-5]: process started with pid [181]
[INFO] [gpu_amcl_cpp_node-6]: process started with pid [183]
[INFO] [ground_truth_amcl_monitor-7]: process started with pid [185]
[INFO] [calibration-8]: process started with pid [187]
[INFO] [component_container-9]: process started with pid [189]
[INFO] [actuator_interface-10]: process started with pid [191]
[lifecycle_manager-5] [INFO] [1788976328.546177834] [lifecycle_manager_map]: Creating
[ekf_localization_node-3] [INFO] [1788976328.550305917] [ekf_localization]: Local odometry trust filter ready: /odom -> /ekf_odom and /ekf_pose in frame odom; reset events=/autodrive/reset_command
[lifecycle_manager-5] [INFO] [1788976328.551459803] [lifecycle_manager_map]: [34m[1mCreating and initializing lifecycle service clients[0m[0m
[lifecycle_manager-5] [INFO] [1788976328.557194598] [lifecycle_manager_map]: [34m[1mStarting managed nodes bringup...[0m[0m
[lifecycle_manager-5] [INFO] [1788976328.557268135] [lifecycle_manager_map]: [34m[1mConfiguring map_server[0m[0m
[map_server-4] [INFO] [1788976328.558682638] [map_server]: 
[map_server-4] 	map_server lifecycle node launched. 
[map_server-4] 	Waiting on external lifecycle transitions to activate
[map_server-4] 	See https://design.ros2.org/articles/node_lifecycle.html for more information.
[map_server-4] [INFO] [1788976328.558888293] [map_server]: Creating
[map_server-4] [INFO] [1788976328.559770321] [map_server]: Configuring
[map_server-4] [INFO] [1788976328.559833910] [map_io]: Loading yaml file: /workspace/src/f1tenth_planning/maps/autodrive_track_ftg_commit_20260909_025m.yaml
[map_server-4] [INFO] [1788976328.560182761] [map_io]: resolution: 0.025
[map_server-4] [INFO] [1788976328.560199092] [map_io]: origin[0]: -6.82
[map_server-4] [INFO] [1788976328.560208920] [map_io]: origin[1]: -12.3
[map_server-4] [INFO] [1788976328.560216845] [map_io]: origin[2]: 0
[map_server-4] [INFO] [1788976328.560224199] [map_io]: free_thresh: 0.25
[map_server-4] [INFO] [1788976328.560231733] [map_io]: occupied_thresh: 0.65
[map_server-4] [INFO] [1788976328.560240379] [map_io]: mode: trinary
[map_server-4] [INFO] [1788976328.560250097] [map_io]: negate: 0
[map_server-4] [INFO] [1788976328.560561229] [map_io]: Loading image_file: /workspace/src/f1tenth_planning/maps/autodrive_track_ftg_commit_20260909_025m.pgm
[sensor_odometry_node-2] [INFO] [1788976328.561207977] [sensor_odometry]: Deterministic odometry observer: exact timestamp packets, encoders + IMU only
[map_server-4] [INFO] [1788976328.597780431] [map_io]: Read map /workspace/src/f1tenth_planning/maps/autodrive_track_ftg_commit_20260909_025m.pgm: 349 X 877 map @ 0.025 m/cell
[lifecycle_manager-5] [INFO] [1788976328.610803976] [lifecycle_manager_map]: [34m[1mActivating map_server[0m[0m
[map_server-4] [INFO] [1788976328.614970811] [map_server]: Activating
[map_server-4] [INFO] [1788976328.615760406] [map_server]: Creating bond (map_server) to lifecycle manager.
[lifecycle_manager-5] [INFO] [1788976328.727406003] [lifecycle_manager_map]: Server map_server connected with bond.
[lifecycle_manager-5] [INFO] [1788976328.727499037] [lifecycle_manager_map]: [34m[1mManaged nodes are active[0m[0m
[lifecycle_manager-5] [INFO] [1788976328.727539322] [lifecycle_manager_map]: [34m[1mCreating bond timer...[0m[0m
[component_container-9] [INFO] [1788976328.754308329] [controller_container]: Load Library: /workspace/install/lib/libpure_pursuit_node.so
[component_container-9] [INFO] [1788976328.757747305] [controller_container]: Found class: rclcpp_components::NodeFactoryTemplate<f1tenth_control::PurePursuitNode>
[component_container-9] [INFO] [1788976328.758527883] [controller_container]: Instantiate class: rclcpp_components::NodeFactoryTemplate<f1tenth_control::PurePursuitNode>
[component_container-9] [INFO] [1788976328.777168863] [pure_pursuit_node]: Initializing Pure Pursuit Node
[component_container-9] [INFO] [1788976328.783157272] [pure_pursuit_node]: Loaded trajectory with 2586 waypoints (51.7 m)
[component_container-9] [INFO] [1788976328.788657239] [pure_pursuit_node]: Pure Pursuit Node initialized
[component_container-9] [INFO] [1788976328.788703195] [pure_pursuit_node]:   Trajectory: /workspace/src/f1tenth_planning/trajectories/autodrive_track_ftg_commit_20260909_025m_mintime_raceline.csv (2586 points)
[component_container-9] [INFO] [1788976328.788721770] [pure_pursuit_node]:   Lookahead: 0.35 - 0.95 m (gain: 0.05)
[component_container-9] [INFO] [1788976328.788739443] [pure_pursuit_node]:   Max speed cap: 0.50 m/s
[component_container-9] [INFO] [1788976328.788749802] [pure_pursuit_node]:   Lookahead adapt: cte_weight=1.00 cte_gain=0.042 curvature_gain=1.900
[component_container-9] [INFO] [1788976328.788763367] [pure_pursuit_node]:   Speed adapt: curvature_factor=0.102 floor_ratio=0.52
[INFO] [launch_ros.actions.load_composable_nodes]: Loaded node '/pure_pursuit_node' in container '/controller_container'
[component_container-9] [INFO] [1788976328.788774298] [pure_pursuit_node]:   Speed adapt (CTE): factor=1.500 floor_ratio=0.55
[component_container-9] [INFO] [1788976328.788786110] [pure_pursuit_node]:   Speed limits: max_lat_accel=6.50 min_reg_speed=0.00
[component_container-9] [INFO] [1788976328.788797291] [pure_pursuit_node]:   Yaw-rate damping: 0.000 s
[component_container-9] [INFO] [1788976328.788806318] [pure_pursuit_node]:   Target-heading turn-in gain: 0.000
[component_container-9] [INFO] [1788976328.788815936] [pure_pursuit_node]:   Command shaping: steer_rate=3.20 accel=3.00 decel=8.00
[component_container-9] [INFO] [1788976328.788826696] [pure_pursuit_node]:   Pose: /current_map_pose (map frame)
[component_container-9] [INFO] [1788976328.788833458] [pure_pursuit_node]:   Odom: /odom
[component_container-9] [INFO] [1788976328.788839029] [pure_pursuit_node]:   Control trigger: /odom (one command per odometry update; nominal 40.0 Hz)
[component_container-9] [INFO] [1788976328.788846212] [pure_pursuit_node]:   Steering feedback: /autodrive/roboracer_1/steering (lead gain 0.25)
[component_container-9] [INFO] [1788976328.788852313] [pure_pursuit_node]:   Startup path gate: distance <= 0.80 m, heading <= 0.75 rad
[component_container-9] [INFO] [1788976328.788858475] [pure_pursuit_node]:   Command: /cmd/speed
[gpu_amcl_cpp_node-6] [INFO] [1788976328.793941002] [gpu_amcl_cpp]: [AMCL] Parameters: update_min_d=0.02000, update_min_a=0.03500, max_scan_age=0.2500, odom_history=1.000s, cloud_publish_rate=1.0 Hz, debug_pre_resample=false, slip_threshold=1.00 rad/s, initial_raceline_heading=false, local_correction_gate=0.04m/0.20rad xy_gain=0.750 cross_track_only=false yaw_gain=0.000 association=0.80m recenter_cloud=true
[gpu_amcl_cpp_node-6] [INFO] [1788976328.806323037] [gpu_amcl_cpp]: Particle cloud publishing scan-synchronized, max 1.0 Hz
[gpu_amcl_cpp_node-6] [INFO] [1788976328.806395983] [gpu_amcl_cpp]: GPU AMCL C++ node created — waiting for map...
[autodrive_bridge_40hz-1] /usr/local/lib/python3.10/dist-packages/numpy/core/getlimits.py:499: UserWarning: The value of the smallest subnormal for <class 'numpy.float64'> type is zero.
[autodrive_bridge_40hz-1]   setattr(self, word, getattr(machar, word).flat[0])
[autodrive_bridge_40hz-1] /usr/local/lib/python3.10/dist-packages/numpy/core/getlimits.py:89: UserWarning: The value of the smallest subnormal for <class 'numpy.float64'> type is zero.
[autodrive_bridge_40hz-1]   return self._float_to_str(self.smallest_subnormal)
[gpu_amcl_cpp_node-6] [INFO] [1788976328.817453294] [gpu_amcl_cpp]: Received first map (349x877 @ 0.025 m/cell) — initialising PF
[gpu_amcl_cpp_node-6] [INFO] [1788976328.836517885] [gpu_amcl_cpp]: Loaded 2587 global heading points from /workspace/src/f1tenth_planning/trajectories/autodrive_track_ftg_commit_20260909_025m_mintime_raceline.csv
[gpu_amcl_cpp_node-6] [INFO] [1788976328.852944177] [gpu_amcl_cpp]: Global AMCL startup prior centred at saved map start (0.801, 3.158, -1.571) with covariance (0.500, 0.500, 0.200).
[gpu_amcl_cpp_node-6] [INFO] [1788976328.853744703] [gpu_amcl_cpp]: Particle filter initialised with 2500 particles (global)
[gpu_amcl_cpp_node-6] [INFO] [1788976328.853797842] [gpu_amcl_cpp]: Global particle initialization active; waiting for scans before publishing pose
[calibration-8] [INFO] [1788976328.854582088] [allowed_telemetry_recorder]: Calibration mode=sensor_record duration=210.000 s output=/workspace/src/f1tenth_planning/analysis/amcl_tuning_campaign_20260909/candidate_c/telemetry/sensor_record_20260909_175208.csv
[actuator_interface-10] [INFO] [1788976328.906149981] [autodrive_actuator_interface]: Actuator interface ready; no arming state
[actuator_interface-10] [WARN] [1788976328.910368613] [autodrive_actuator_interface]: Neutral output: no command
[ground_truth_amcl_monitor-7] [INFO] [1788976328.927085548] [ground_truth_amcl_monitor]: Absolute map scoring enabled from explicit map start: (0.8006, 3.1583, -1.5708)
[ground_truth_amcl_monitor-7] [WARN] [1788976328.946733670] [ground_truth_amcl_monitor]: Ground-truth monitor is diagnostics-only; simulator IPS/odom are not controller inputs
[autodrive_bridge_40hz-1] [autodrive_bridge_40hz] camera decode/publication disabled
[autodrive_bridge_40hz-1] [autodrive_bridge_40hz] bounded request pacing enabled at 40 Hz (max one outstanding request)
[autodrive_bridge_40hz-1] Connected!
[component_container-9] [WARN] [1788976329.269244917] [pure_pursuit_node]: No pose received on /current_map_pose yet
[gpu_amcl_cpp_node-6] [INFO] [1788976329.269489283] [gpu_amcl_cpp]: Received first odometry sample at (0.00, 0.00, 0.00).
[gpu_amcl_cpp_node-6] [INFO] [1788976329.271191965] [gpu_amcl_cpp]: Received LiDAR callback #1 (1081 ranges).
[gpu_amcl_cpp_node-6] [INFO] [1788976329.271283606] [gpu_amcl_cpp]: AMCL odom delta: at_scan=(0.000, 0.000, 0.000) baseline=(0.000, 0.000, 0.000) delta=(0.000, 0.000, 0.000) moved=false scan_age=0.070s
[gpu_amcl_cpp_node-6] [INFO] [1788976329.271309234] [gpu_amcl_cpp]: Starting AMCL scan update #1 (sampled from 1081 ranges).
[gpu_amcl_cpp_node-6] [INFO] [1788976329.275979129] [gpu_amcl_cpp]: AMCL scan update #1 completed; evaluating pose confidence.
[gpu_amcl_cpp_node-6] [INFO] [1788976329.277950463] [gpu_amcl_cpp]: Global AMCL refining: cluster_weight=0.610, covariance xy=0.030 (max 0.250), yaw=0.004 (max 0.120).
[gpu_amcl_cpp_node-6] [INFO] [1788976329.278000536] [gpu_amcl_cpp]: Global AMCL lock evidence: quality=false stable_scans=1/5 travel=0.000/0.750 m (min_weight=0.500).
[gpu_amcl_cpp_node-6] [INFO] [1788976329.481031486] [gpu_amcl_cpp]: Publishing provisional global AMCL pose for localization ramp; travel=0.000/0.750 m stable_scans=5/5.
[ground_truth_amcl_monitor-7] [INFO] [1788976329.482107647] [ground_truth_amcl_monitor]: Relative GT alignment initialized: yaw=-0.000, translation=(-0.000, 0.000)
[ground_truth_amcl_monitor-7] [INFO] [1788976329.482597552] [ground_truth_amcl_monitor]: AMCL vs GT: gt=(0.801, 3.158) amcl=(0.801, 3.158) error=0.000 m / 0.000 rad; current_map=unavailable; odom=(0.801, 3.158, -1.571) error=0.000 m / 0.000 rad; ekf=(0.801, 3.158, -1.571) error=0.000 m / 0.000 rad; RMS=0.000 m / 0.000 rad max=0.000 m / 0.000 rad samples=1
[component_container-9] [INFO] [1788976329.778543282] [pure_pursuit_node]: Aligned closed trajectory seam to startup pose at original waypoint 1090
[component_container-9] [INFO] [1788976329.778667965] [pure_pursuit_node]: Startup path gate passed: path_distance=0.166 m heading_error=0.302 rad
[component_container-9] [INFO] [1788976329.778688975] [pure_pursuit_node]: Pure Pursuit: pose=(0.801, 3.158, -1.571) cte=-0.166 closest=0 target=18 path_dist=0.166 heading_err=0.302 steer=-0.003 speed=0.003
[gpu_amcl_cpp_node-6] [INFO] [1788976330.303657344] [gpu_amcl_cpp]: AMCL odom delta: at_scan=(0.093, -0.004, -0.067) baseline=(0.073, -0.003, -0.063) delta=(0.020, -0.001, -0.004) moved=false scan_age=0.051s
[actuator_interface-10] [INFO] [1788976330.304592341] [autodrive_actuator_interface]: Collision baseline established at cumulative count 0
[ground_truth_amcl_monitor-7] [INFO] [1788976330.525134654] [ground_truth_amcl_monitor]: AMCL vs GT: gt=(0.789, 2.946) amcl=(0.792, 2.996) error=0.050 m / 0.004 rad; current_map=(0.790, 2.976, -1.631) error=0.029 m / 0.000 rad; odom=(0.790, 2.976, -1.631) error=0.029 m / 0.000 rad; ekf=(0.790, 2.976, -1.631) error=0.029 m / 0.000 rad; RMS=0.025 m / 0.005 rad max=0.058 m / 0.016 rad samples=40
[component_container-9] [INFO] [1788976330.825540672] [pure_pursuit_node]: Pure Pursuit: pose=(0.787, 2.827, -1.557) cte=-0.056 closest=15 target=35 path_dist=0.056 heading_err=0.276 steer=0.205 speed=0.456
[gpu_amcl_cpp_node-6] [INFO] [1788976331.325226819] [gpu_amcl_cpp]: AMCL odom delta: at_scan=(0.536, 0.002, 0.137) baseline=(0.513, -0.001, 0.124) delta=(0.023, 0.003, 0.013) moved=true scan_age=0.048s
[ground_truth_amcl_monitor-7] [INFO] [1788976331.529593611] [ground_truth_amcl_monitor]: AMCL vs GT: gt=(0.818, 2.495) amcl=(0.813, 2.551) error=0.057 m / 0.010 rad; current_map=(0.818, 2.528, -1.389) error=0.033 m / 0.000 rad; odom=(0.818, 2.528, -1.389) error=0.033 m / 0.000 rad; ekf=(0.818, 2.528, -1.389) error=0.033 m / 0.000 rad; RMS=0.036 m / 0.007 rad max=0.058 m / 0.016 rad samples=80
[gpu_amcl_cpp_node-6] [INFO] [1788976331.530919429] [gpu_amcl_cpp]: Publishing provisional global AMCL pose for localization ramp; travel=0.631/0.750 m stable_scans=45/5.
[gpu_amcl_cpp_node-6] [INFO] [1788976331.787917683] [gpu_amcl_cpp]: Global AMCL lock accepted at (0.843, 2.407, -1.346); continuing with local tracking.
[component_container-9] [INFO] [1788976331.850250222] [pure_pursuit_node]: Pure Pursuit: pose=(0.857, 2.349, -1.332) cte=0.008 closest=39 target=59 path_dist=0.008 heading_err=0.020 steer=0.050 speed=0.490
[gpu_amcl_cpp_node-6] [INFO] [1788976331.853103914] [gpu_amcl_cpp]: AMCL local correction: odom_prediction=(0.851, 2.372, -1.338) scan=(0.849, 2.358, -1.348) correction=0.014 m/0.010 rad cluster_weight=0.899 publish=true
[gpu_amcl_cpp_node-6] [INFO] [1788976332.353438531] [gpu_amcl_cpp]: AMCL odom delta: at_scan=(1.026, 0.112, 0.259) baseline=(1.003, 0.106, 0.258) delta=(0.023, 0.006, 0.001) moved=true scan_age=0.050s
[ground_truth_amcl_monitor-7] [INFO] [1788976332.555421582] [ground_truth_amcl_monitor]: AMCL vs GT: gt=(0.938, 2.005) amcl=(0.928, 2.041) error=0.037 m / 0.000 rad; current_map=(0.934, 2.018, -1.309) error=0.013 m / 0.000 rad; odom=(0.937, 2.039, -1.309) error=0.034 m / 0.000 rad; ekf=(0.937, 2.039, -1.309) error=0.034 m / 0.000 rad; RMS=0.039 m / 0.006 rad max=0.080 m / 0.016 rad samples=120
[component_container-9] [INFO] [1788976332.850469086] [pure_pursuit_node]: Pure Pursuit: pose=(0.975, 1.910, -1.317) cte=-0.001 closest=62 target=82 path_dist=0.001 heading_err=-0.024 steer=-0.067 speed=0.496
[gpu_amcl_cpp_node-6] [INFO] [1788976332.853123476] [gpu_amcl_cpp]: AMCL local correction: odom_prediction=(0.968, 1.927, -1.313) scan=(0.964, 1.952, -1.322) correction=0.025 m/0.009 rad cluster_weight=0.963 publish=true
[gpu_amcl_cpp_node-6] [WARN] [1788976333.150728391] [gpu_amcl_cpp]: Queued LiDAR scan until source-time odometry arrives (queued=1).
[gpu_amcl_cpp_node-6] [WARN] [1788976333.352910506] [gpu_amcl_cpp]: Clamped accumulated local AMCL correction from 0.123 to 0.120 m.
[gpu_amcl_cpp_node-6] [INFO] [1788976333.401189217] [gpu_amcl_cpp]: AMCL odom delta: at_scan=(1.522, 0.236, 0.209) baseline=(1.498, 0.231, 0.214) delta=(0.024, 0.005, -0.005) moved=true scan_age=0.050s
[ground_truth_amcl_monitor-7] [INFO] [1788976333.600569878] [ground_truth_amcl_monitor]: AMCL vs GT: gt=(1.056, 1.508) amcl=(1.037, 1.684) error=0.177 m / 0.004 rad; current_map=(1.041, 1.661, -1.383) error=0.154 m / 0.000 rad; odom=(1.056, 1.542, -1.383) error=0.034 m / 0.000 rad; ekf=(1.056, 1.542, -1.383) error=0.034 m / 0.000 rad; RMS=0.072 m / 0.005 rad max=0.179 m / 0.016 rad samples=162
[gpu_amcl_cpp_node-6] [INFO] [1788976333.853262595] [gpu_amcl_cpp]: AMCL local correction: odom_prediction=(1.061, 1.543, -1.390) scan=(1.059, 1.538, -1.400) correction=0.005 m/0.010 rad cluster_weight=0.924 publish=true
[component_container-9] [INFO] [1788976333.900882525] [pure_pursuit_node]: Pure Pursuit: pose=(1.070, 1.496, -1.390) cte=-0.004 closest=83 target=103 path_dist=0.004 heading_err=0.024 steer=0.002 speed=0.494
[gpu_amcl_cpp_node-6] [WARN] [1788976334.205012787] [gpu_amcl_cpp]: Rejected large local AMCL scan correction; restarting cloud at odometry prediction.
[gpu_amcl_cpp_node-6] [INFO] [1788976334.304463336] [gpu_amcl_cpp]: Received LiDAR callback #101 (1081 ranges).
[gpu_amcl_cpp_node-6] [INFO] [1788976334.304528488] [gpu_amcl_cpp]: Starting AMCL scan update #101 (sampled from 1081 ranges).
[gpu_amcl_cpp_node-6] [INFO] [1788976334.305867821] [gpu_amcl_cpp]: AMCL scan update #101 completed; evaluating pose confidence.
[gpu_amcl_cpp_node-6] [WARN] [1788976334.357076828] [gpu_amcl_cpp]: Clamped accumulated local AMCL correction from 0.138 to 0.120 m.
[gpu_amcl_cpp_node-6] [INFO] [1788976334.405913772] [gpu_amcl_cpp]: AMCL odom delta: at_scan=(2.005, 0.327, 0.185) baseline=(1.980, 0.322, 0.185) delta=(0.025, 0.005, -0.000) moved=true scan_age=0.050s
[ground_truth_amcl_monitor-7] [INFO] [1788976334.626856145] [ground_truth_amcl_monitor]: AMCL vs GT: gt=(1.149, 1.008) amcl=(1.124, 1.187) error=0.181 m / 0.000 rad; current_map=(1.129, 1.163, -1.386) error=0.156 m / 0.000 rad; odom=(1.148, 1.044, -1.386) error=0.036 m / 0.000 rad; ekf=(1.148, 1.044, -1.386) error=0.036 m / 0.000 rad; RMS=0.098 m / 0.005 rad max=0.190 m / 0.016 rad samples=202
[gpu_amcl_cpp_node-6] [INFO] [1788976334.879544597] [gpu_amcl_cpp]: AMCL local correction: odom_prediction=(1.146, 1.039, -1.388) scan=(1.143, 1.049, -1.389) correction=0.011 m/0.001 rad cluster_weight=0.947 publish=true
[component_container-9] [INFO] [1788976334.926201809] [pure_pursuit_node]: Pure Pursuit: pose=(1.155, 0.989, -1.390) cte=0.007 closest=109 target=129 path_dist=0.007 heading_err=-0.008 steer=-0.001 speed=0.491
[gpu_amcl_cpp_node-6] [WARN] [1788976335.378694853] [gpu_amcl_cpp]: Rejected large local AMCL scan correction; restarting cloud at odometry prediction.
[gpu_amcl_cpp_node-6] [INFO] [1788976335.426979676] [gpu_amcl_cpp]: AMCL odom delta: at_scan=(2.505, 0.420, 0.178) baseline=(2.481, 0.415, 0.180) delta=(0.024, 0.004, -0.001) moved=true scan_age=0.050s
[gpu_amcl_cpp_node-6] [WARN] [1788976335.428562153] [gpu_amcl_cpp]: Clamped accumulated local AMCL correction from 0.132 to 0.120 m.
[ground_truth_amcl_monitor-7] [INFO] [1788976335.651637595] [ground_truth_amcl_monitor]: AMCL vs GT: gt=(1.240, 0.508) amcl=(1.209, 0.687) error=0.181 m / 0.002 rad; current_map=(1.213, 0.663, -1.400) error=0.157 m / 0.000 rad; odom=(1.239, 0.546, -1.400) error=0.037 m / 0.000 rad; ekf=(1.239, 0.546, -1.400) error=0.037 m / 0.000 rad; RMS=0.113 m / 0.004 rad max=0.191 m / 0.016 rad samples=242
[gpu_amcl_cpp_node-6] [INFO] [1788976335.902492826] [gpu_amcl_cpp]: AMCL local correction: odom_prediction=(1.230, 0.539, -1.414) scan=(1.220, 0.557, -1.406) correction=0.021 m/0.008 rad cluster_weight=0.933 publish=true
[component_container-9] [INFO] [1788976335.950517603] [pure_pursuit_node]: Pure Pursuit: pose=(1.238, 0.491, -1.415) cte=0.002 closest=134 target=154 path_dist=0.002 heading_err=-0.018 steer=-0.053 speed=0.494
[gpu_amcl_cpp_node-6] [WARN] [1788976336.405486099] [gpu_amcl_cpp]: Rejected large local AMCL scan correction; restarting cloud at odometry prediction.
[gpu_amcl_cpp_node-6] [INFO] [1788976336.455064200] [gpu_amcl_cpp]: AMCL odom delta: at_scan=(3.008, 0.499, 0.130) baseline=(2.983, 0.496, 0.135) delta=(0.025, 0.003, -0.004) moved=true scan_age=0.051s
[gpu_amcl_cpp_node-6] [WARN] [1788976336.456646457] [gpu_amcl_cpp]: Clamped accumulated local AMCL correction from 0.122 to 0.120 m.
[ground_truth_amcl_monitor-7] [INFO] [1788976336.655325195] [ground_truth_amcl_monitor]: AMCL vs GT: gt=(1.313, 0.013) amcl=(1.276, 0.191) error=0.182 m / 0.003 rad; current_map=(1.279, 0.167, -1.452) error=0.157 m / 0.000 rad; odom=(1.312, 0.051, -1.452) error=0.038 m / 0.000 rad; ekf=(1.312, 0.051, -1.452) error=0.038 m / 0.000 rad; RMS=0.122 m / 0.004 rad max=0.191 m / 0.016 rad samples=282
[gpu_amcl_cpp_node-6] [INFO] [1788976336.906542385] [gpu_amcl_cpp]: AMCL local correction: odom_prediction=(1.290, 0.003, -1.460) scan=(1.292, -0.002, -1.449) correction=0.005 m/0.011 rad cluster_weight=0.860 publish=true
[component_container-9] [INFO] [1788976336.954235453] [pure_pursuit_node]: Pure Pursuit: pose=(1.295, -0.047, -1.460) cte=0.009 closest=161 target=181 path_dist=0.009 heading_err=-0.013 steer=-0.004 speed=0.489
[gpu_amcl_cpp_node-6] [WARN] [1788976337.428919787] [gpu_amcl_cpp]: Rejected large local AMCL scan correction; restarting cloud at odometry prediction.
[gpu_amcl_cpp_node-6] [INFO] [1788976337.477277117] [gpu_amcl_cpp]: AMCL odom delta: at_scan=(3.512, 0.556, 0.096) baseline=(3.487, 0.553, 0.099) delta=(0.025, 0.002, -0.002) moved=true scan_age=0.050s
[ground_truth_amcl_monitor-7] [INFO] [1788976337.675542295] [ground_truth_amcl_monitor]: AMCL vs GT: gt=(1.366, -0.492) amcl=(1.328, -0.357) error=0.141 m / 0.003 rad; current_map=(1.330, -0.381, -1.485) error=0.116 m / 0.000 rad; odom=(1.363, -0.429, -1.482) error=0.063 m / 0.003 rad; ekf=(1.363, -0.429, -1.482) error=0.063 m / 0.003 rad; RMS=0.124 m / 0.004 rad max=0.191 m / 0.016 rad samples=322
[gpu_amcl_cpp_node-6] [INFO] [1788976337.927178091] [gpu_amcl_cpp]: AMCL local correction: odom_prediction=(1.340, -0.507, -1.499) scan=(1.355, -0.590, -1.493) correction=0.085 m/0.006 rad cluster_weight=0.956 publish=true
[component_container-9] [INFO] [1788976337.974929590] [pure_pursuit_node]: Pure Pursuit: pose=(1.344, -0.555, -1.505) cte=0.001 closest=187 target=207 path_dist=0.001 heading_err=-0.008 steer=-0.037 speed=0.495
[gpu_amcl_cpp_node-6] [INFO] [1788976338.527930463] [gpu_amcl_cpp]: AMCL odom delta: at_scan=(4.037, 0.591, 0.035) baseline=(4.012, 0.590, 0.042) delta=(0.025, 0.001, -0.007) moved=true scan_age=0.051s
[ground_truth_amcl_monitor-7] [INFO] [1788976338.679333517] [ground_truth_amcl_monitor]: AMCL vs GT: gt=(1.394, -0.989) amcl=(1.381, -0.980) error=0.016 m / 0.008 rad; current_map=(1.381, -1.005, -1.562) error=0.020 m / 0.000 rad; odom=(1.393, -0.952, -1.562) error=0.037 m / 0.000 rad; ekf=(1.393, -0.952, -1.562) error=0.037 m / 0.000 rad; RMS=0.122 m / 0.004 rad max=0.191 m / 0.016 rad samples=362
[gpu_amcl_cpp_node-6] [INFO] [1788976338.929614715] [gpu_amcl_cpp]: AMCL local correction: odom_prediction=(1.388, -1.168, -1.591) scan=(1.387, -1.167, -1.590) correction=0.002 m/0.001 rad cluster_weight=0.958 publish=true
[component_container-9] [INFO] [1788976338.976474668] [pure_pursuit_node]: Pure Pursuit: pose=(1.387, -1.216, -1.601) cte=-0.022 closest=220 target=240 path_dist=0.022 heading_err=0.034 steer=-0.068 speed=0.480
[gpu_amcl_cpp_node-6] [INFO] [1788976339.327352237] [gpu_amcl_cpp]: Received LiDAR callback #200 (1081 ranges).
[gpu_amcl_cpp_node-6] [INFO] [1788976339.327426145] [gpu_amcl_cpp]: Starting AMCL scan update #200 (sampled from 1081 ranges).
[gpu_amcl_cpp_node-6] [INFO] [1788976339.328512245] [gpu_amcl_cpp]: AMCL scan update #200 completed; evaluating pose confidence.
[gpu_amcl_cpp_node-6] [INFO] [1788976339.528346610] [gpu_amcl_cpp]: AMCL odom delta: at_scan=(4.514, 0.580, -0.056) baseline=(4.490, 0.581, -0.054) delta=(0.024, -0.001, -0.001) moved=true scan_age=0.051s
[ground_truth_amcl_monitor-7] [INFO] [1788976339.680820457] [ground_truth_amcl_monitor]: AMCL vs GT: gt=(1.376, -1.466) amcl=(1.374, -1.515) error=0.049 m / 0.000 rad; current_map=(1.373, -1.538, -1.628) error=0.073 m / 0.000 rad; odom=(1.378, -1.404, -1.628) error=0.062 m / 0.000 rad; ekf=(1.378, -1.404, -1.628) error=0.062 m / 0.000 rad; RMS=0.117 m / 0.004 rad max=0.191 m / 0.016 rad samples=402
[gpu_amcl_cpp_node-6] [INFO] [1788976339.929908690] [gpu_amcl_cpp]: AMCL local correction: odom_prediction=(1.372, -1.581, -1.628) scan=(1.375, -1.599, -1.631) correction=0.019 m/0.003 rad cluster_weight=0.957 publish=true
[component_container-9] [INFO] [1788976339.976893607] [pure_pursuit_node]: Pure Pursuit: pose=(1.370, -1.629, -1.627) cte=-0.010 closest=241 target=260 path_dist=0.010 heading_err=0.031 steer=-0.010 speed=0.490
[gpu_amcl_cpp_node-6] [INFO] [1788976340.576249507] [gpu_amcl_cpp]: AMCL odom delta: at_scan=(5.028, 0.551, -0.058) baseline=(5.003, 0.552, -0.057) delta=(0.025, -0.001, -0.000) moved=true scan_age=0.049s
[ground_truth_amcl_monitor-7] [INFO] [1788976340.729000403] [ground_truth_amcl_monitor]: AMCL vs GT: gt=(1.347, -1.985) amcl=(1.351, -1.966) error=0.020 m / 0.000 rad; current_map=(1.349, -1.991, -1.627) error=0.006 m / 0.000 rad; odom=(1.347, -1.944, -1.627) error=0.041 m / 0.000 rad; ekf=(1.347, -1.944, -1.627) error=0.041 m / 0.000 rad; RMS=0.111 m / 0.004 rad max=0.191 m / 0.016 rad samples=444
[gpu_amcl_cpp_node-6] [INFO] [1788976340.977624452] [gpu_amcl_cpp]: AMCL local correction: odom_prediction=(1.339, -2.136, -1.631) scan=(1.341, -2.150, -1.630) correction=0.014 m/0.001 rad cluster_weight=0.926 publish=true
[component_container-9] [INFO] [1788976341.024648704] [pure_pursuit_node]: Pure Pursuit: pose=(1.336, -2.185, -1.632) cte=0.001 closest=268 target=288 path_dist=0.001 heading_err=0.003 steer=-0.011 speed=0.496
[gpu_amcl_cpp_node-6] [INFO] [1788976341.579126171] [gpu_amcl_cpp]: AMCL odom delta: at_scan=(5.528, 0.519, -0.070) baseline=(5.504, 0.521, -0.071) delta=(0.025, -0.002, 0.000) moved=true scan_age=0.051s
[ground_truth_amcl_monitor-7] [INFO] [1788976341.731254426] [ground_truth_amcl_monitor]: AMCL vs GT: gt=(1.314, -2.487) amcl=(1.311, -2.514) error=0.028 m / 0.000 rad; current_map=(1.313, -2.517, -1.645) error=0.031 m / 0.000 rad; odom=(1.314, -2.445, -1.645) error=0.041 m / 0.000 rad; ekf=(1.314, -2.445, -1.645) error=0.041 m / 0.000 rad; RMS=0.107 m / 0.003 rad max=0.191 m / 0.016 rad samples=485
[gpu_amcl_cpp_node-6] [INFO] [1788976342.003429948] [gpu_amcl_cpp]: AMCL local correction: odom_prediction=(1.301, -2.649, -1.652) scan=(1.303, -2.633, -1.650) correction=0.016 m/0.002 rad cluster_weight=0.946 publish=true
[component_container-9] [INFO] [1788976342.050413895] [pure_pursuit_node]: Pure Pursuit: pose=(1.297, -2.698, -1.655) cte=0.003 closest=294 target=314 path_dist=0.003 heading_err=-0.004 steer=-0.012 speed=0.495
[gpu_amcl_cpp_node-6] [INFO] [1788976342.601755069] [gpu_amcl_cpp]: AMCL odom delta: at_scan=(6.040, 0.476, -0.099) baseline=(6.015, 0.479, -0.097) delta=(0.025, -0.002, -0.002) moved=true scan_age=0.050s
[ground_truth_amcl_monitor-7] [INFO] [1788976342.755824864] [ground_truth_amcl_monitor]: AMCL vs GT: gt=(1.269, -2.999) amcl=(1.278, -2.962) error=0.038 m / 0.002 rad; current_map=(1.275, -2.989, -1.675) error=0.012 m / 0.000 rad; odom=(1.272, -2.932, -1.673) error=0.068 m / 0.002 rad; ekf=(1.272, -2.932, -1.673) error=0.068 m / 0.002 rad; RMS=0.103 m / 0.003 rad max=0.191 m / 0.016 rad samples=524
[gpu_amcl_cpp_node-6] [INFO] [1788976343.028876588] [gpu_amcl_cpp]: AMCL local correction: odom_prediction=(1.258, -3.110, -1.687) scan=(1.261, -3.122, -1.686) correction=0.012 m/0.001 rad cluster_weight=0.951 publish=true
[component_container-9] [INFO] [1788976343.075668437] [pure_pursuit_node]: Pure Pursuit: pose=(1.252, -3.160, -1.688) cte=0.000 closest=317 target=337 path_dist=0.000 heading_err=0.004 steer=-0.006 speed=0.497
[gpu_amcl_cpp_node-6] [INFO] [1788976343.606510542] [gpu_amcl_cpp]: AMCL odom delta: at_scan=(6.539, 0.418, -0.131) baseline=(6.513, 0.421, -0.130) delta=(0.026, -0.003, -0.001) moved=true scan_age=0.052s
[ground_truth_amcl_monitor-7] [INFO] [1788976343.779102521] [ground_truth_amcl_monitor]: AMCL vs GT: gt=(1.206, -3.508) amcl=(1.224, -3.442) error=0.069 m / 0.001 rad; current_map=(1.221, -3.467, -1.706) error=0.044 m / 0.000 rad; odom=(1.207, -3.467, -1.706) error=0.042 m / 0.000 rad; ekf=(1.207, -3.467, -1.706) error=0.042 m / 0.000 rad; RMS=0.100 m / 0.003 rad max=0.191 m / 0.016 rad samples=562
[gpu_amcl_cpp_node-6] [INFO] [1788976344.054709043] [gpu_amcl_cpp]: AMCL local correction: odom_prediction=(1.199, -3.591, -1.710) scan=(1.198, -3.596, -1.709) correction=0.005 m/0.001 rad cluster_weight=0.923 publish=true
[component_container-9] [INFO] [1788976344.101667474] [pure_pursuit_node]: Pure Pursuit: pose=(1.192, -3.640, -1.714) cte=0.001 closest=342 target=361 path_dist=0.001 heading_err=0.009 steer=0.008 speed=0.497
[gpu_amcl_cpp_node-6] [INFO] [1788976344.355451439] [gpu_amcl_cpp]: Received LiDAR callback #298 (1081 ranges).
[gpu_amcl_cpp_node-6] [INFO] [1788976344.355511572] [gpu_amcl_cpp]: Starting AMCL scan update #298 (sampled from 1081 ranges).
[gpu_amcl_cpp_node-6] [INFO] [1788976344.356582833] [gpu_amcl_cpp]: AMCL scan update #298 completed; evaluating pose confidence.
[gpu_amcl_cpp_node-6] [INFO] [1788976344.626933597] [gpu_amcl_cpp]: AMCL odom delta: at_scan=(7.047, 0.346, -0.143) baseline=(7.022, 0.350, -0.145) delta=(0.025, -0.004, 0.002) moved=true scan_age=0.050s
[ground_truth_amcl_monitor-7] [INFO] [1788976344.780481070] [ground_truth_amcl_monitor]: AMCL vs GT: gt=(1.136, -4.006) amcl=(1.152, -3.929) error=0.078 m / 0.002 rad; current_map=(1.148, -3.954, -1.715) error=0.053 m / 0.000 rad; odom=(1.136, -3.963, -1.715) error=0.042 m / 0.000 rad; ekf=(1.136, -3.963, -1.715) error=0.042 m / 0.000 rad; RMS=0.099 m / 0.003 rad max=0.191 m / 0.016 rad samples=600
[gpu_amcl_cpp_node-6] [INFO] [1788976345.055712605] [gpu_amcl_cpp]: AMCL local correction: odom_prediction=(1.129, -4.108, -1.720) scan=(1.126, -4.117, -1.719) correction=0.010 m/0.001 rad cluster_weight=0.923 publish=true
[component_container-9] [INFO] [1788976345.102366097] [pure_pursuit_node]: Pure Pursuit: pose=(1.122, -4.157, -1.720) cte=-0.004 closest=368 target=387 path_dist=0.004 heading_err=-0.004 steer=-0.046 speed=0.495
[gpu_amcl_cpp_node-6] [WARN] [1788976345.554928355] [gpu_amcl_cpp]: Queued LiDAR scan until source-time odometry arrives (queued=1).
[gpu_amcl_cpp_node-6] [INFO] [1788976345.656664179] [gpu_amcl_cpp]: AMCL odom delta: at_scan=(7.557, 0.268, -0.166) baseline=(7.531, 0.272, -0.165) delta=(0.025, -0.004, -0.001) moved=true scan_age=0.051s
[ground_truth_amcl_monitor-7] [INFO] [1788976345.781554674] [ground_truth_amcl_monitor]: AMCL vs GT: gt=(1.058, -4.501) amcl=(1.066, -4.465) error=0.037 m / 0.000 rad; current_map=(1.068, -4.468, -1.734) error=0.034 m / 0.000 rad; odom=(1.059, -4.458, -1.734) error=0.043 m / 0.000 rad; ekf=(1.059, -4.458, -1.734) error=0.043 m / 0.000 rad; RMS=0.096 m / 0.003 rad max=0.191 m / 0.016 rad samples=639
[gpu_amcl_cpp_node-6] [INFO] [1788976346.082178073] [gpu_amcl_cpp]: AMCL local correction: odom_prediction=(1.043, -4.613, -1.737) scan=(1.044, -4.597, -1.736) correction=0.015 m/0.001 rad cluster_weight=0.940 publish=true
[component_container-9] [INFO] [1788976346.129849587] [pure_pursuit_node]: Pure Pursuit: pose=(1.035, -4.661, -1.739) cte=0.000 closest=393 target=413 path_dist=0.000 heading_err=-0.002 steer=-0.013 speed=0.498
[gpu_amcl_cpp_node-6] [INFO] [1788976346.705765095] [gpu_amcl_cpp]: AMCL odom delta: at_scan=(8.075, 0.179, -0.181) baseline=(8.050, 0.184, -0.180) delta=(0.025, -0.004, -0.001) moved=true scan_age=0.051s
[ground_truth_amcl_monitor-7] [INFO] [1788976346.828926690] [ground_truth_amcl_monitor]: AMCL vs GT: gt=(0.968, -5.020) amcl=(0.985, -4.939) error=0.082 m / 0.002 rad; current_map=(0.978, -4.974, -1.756) error=0.047 m / 0.000 rad; odom=(0.969, -4.977, -1.756) error=0.043 m / 0.000 rad; ekf=(0.969, -4.977, -1.756) error=0.043 m / 0.000 rad; RMS=0.095 m / 0.003 rad max=0.191 m / 0.016 rad samples=678
[gpu_amcl_cpp_node-6] [INFO] [1788976347.104815531] [gpu_amcl_cpp]: AMCL local correction: odom_prediction=(0.952, -5.125, -1.756) scan=(0.953, -5.127, -1.755) correction=0.002 m/0.001 rad cluster_weight=0.936 publish=true
[component_container-9] [INFO] [1788976347.152903505] [pure_pursuit_node]: Pure Pursuit: pose=(0.943, -5.174, -1.760) cte=-0.001 closest=419 target=439 path_dist=0.001 heading_err=0.003 steer=-0.007 speed=0.498
[gpu_amcl_cpp_node-6] [INFO] [1788976347.707349439] [gpu_amcl_cpp]: AMCL odom delta: at_scan=(8.568, 0.085, -0.200) baseline=(8.543, 0.090, -0.198) delta=(0.024, -0.005, -0.002) moved=true scan_age=0.052s
[ground_truth_amcl_monitor-7] [INFO] [1788976347.830798403] [ground_truth_amcl_monitor]: AMCL vs GT: gt=(0.873, -5.513) amcl=(0.882, -5.488) error=0.027 m / 0.000 rad; current_map=(0.881, -5.484, -1.775) error=0.030 m / 0.000 rad; odom=(0.874, -5.469, -1.775) error=0.044 m / 0.000 rad; ekf=(0.874, -5.469, -1.775) error=0.044 m / 0.000 rad; RMS=0.092 m / 0.003 rad max=0.191 m / 0.016 rad samples=717
[gpu_amcl_cpp_node-6] [INFO] [1788976348.131087095] [gpu_amcl_cpp]: AMCL local correction: odom_prediction=(0.852, -5.636, -1.775) scan=(0.850, -5.631, -1.774) correction=0.005 m/0.001 rad cluster_weight=0.946 publish=true
[component_container-9] [INFO] [1788976348.178410631] [pure_pursuit_node]: Pure Pursuit: pose=(0.842, -5.685, -1.772) cte=0.000 closest=445 target=465 path_dist=0.000 heading_err=0.001 steer=-0.006 speed=0.499
[gpu_amcl_cpp_node-6] [INFO] [1788976348.753792647] [gpu_amcl_cpp]: AMCL odom delta: at_scan=(9.083, -0.021, -0.205) baseline=(9.058, -0.016, -0.206) delta=(0.025, -0.005, 0.001) moved=true scan_age=0.049s
[ground_truth_amcl_monitor-7] [INFO] [1788976348.856015867] [ground_truth_amcl_monitor]: AMCL vs GT: gt=(0.768, -6.018) amcl=(0.780, -5.984) error=0.035 m / 0.000 rad; current_map=(0.775, -6.009, -1.776) error=0.011 m / 0.000 rad; odom=(0.775, -5.949, -1.776) error=0.069 m / 0.000 rad; ekf=(0.775, -5.949, -1.776) error=0.069 m / 0.000 rad; RMS=0.090 m / 0.003 rad max=0.191 m / 0.016 rad samples=756
[gpu_amcl_cpp_node-6] [INFO] [1788976349.155593736] [gpu_amcl_cpp]: AMCL local correction: odom_prediction=(0.747, -6.150, -1.781) scan=(0.747, -6.133, -1.780) correction=0.017 m/0.001 rad cluster_weight=0.956 publish=true
[component_container-9] [INFO] [1788976349.202216383] [pure_pursuit_node]: Pure Pursuit: pose=(0.737, -6.198, -1.784) cte=-0.003 closest=471 target=491 path_dist=0.003 heading_err=-0.000 steer=-0.021 speed=0.497
[gpu_amcl_cpp_node-6] [INFO] [1788976349.356269592] [gpu_amcl_cpp]: Received LiDAR callback #395 (1081 ranges).
[gpu_amcl_cpp_node-6] [INFO] [1788976349.356347327] [gpu_amcl_cpp]: Starting AMCL scan update #395 (sampled from 1081 ranges).
[gpu_amcl_cpp_node-6] [INFO] [1788976349.357472870] [gpu_amcl_cpp]: AMCL scan update #395 completed; evaluating pose confidence.
[gpu_amcl_cpp_node-6] [INFO] [1788976349.803486655] [gpu_amcl_cpp]: AMCL odom delta: at_scan=(9.597, -0.132, -0.216) baseline=(9.571, -0.126, -0.218) delta=(0.025, -0.006, 0.001) moved=true scan_age=0.050s
[ground_truth_amcl_monitor-7] [INFO] [1788976349.857656436] [ground_truth_amcl_monitor]: AMCL vs GT: gt=(0.662, -6.508) amcl=(0.679, -6.451) error=0.060 m / 0.000 rad; current_map=(0.674, -6.475, -1.787) error=0.035 m / 0.000 rad; odom=(0.663, -6.463, -1.787) error=0.045 m / 0.000 rad; ekf=(0.663, -6.463, -1.787) error=0.045 m / 0.000 rad; RMS=0.089 m / 0.003 rad max=0.191 m / 0.016 rad samples=794
[component_container-9] [INFO] [1788976350.203399221] [pure_pursuit_node]: Pure Pursuit: pose=(0.628, -6.692, -1.794) cte=-0.003 closest=497 target=517 path_dist=0.003 heading_err=-0.001 steer=-0.027 speed=0.496
[gpu_amcl_cpp_node-6] [INFO] [1788976350.205497963] [gpu_amcl_cpp]: AMCL local correction: odom_prediction=(0.634, -6.667, -1.794) scan=(0.635, -6.660, -1.793) correction=0.007 m/0.001 rad cluster_weight=0.954 publish=true
[gpu_amcl_cpp_node-6] [INFO] [1788976350.852771504] [gpu_amcl_cpp]: AMCL odom delta: at_scan=(10.109, -0.249, -0.231) baseline=(10.075, -0.241, -0.232) delta=(0.035, -0.008, 0.001) moved=true scan_age=0.051s
[ground_truth_amcl_monitor-7] [INFO] [1788976350.903075772] [ground_truth_amcl_monitor]: AMCL vs GT: gt=(0.544, -7.021) amcl=(0.560, -6.967) error=0.056 m / 0.001 rad; current_map=(0.554, -6.992, -1.801) error=0.031 m / 0.000 rad; odom=(0.545, -6.976, -1.801) error=0.045 m / 0.000 rad; ekf=(0.545, -6.976, -1.801) error=0.045 m / 0.000 rad; RMS=0.087 m / 0.003 rad max=0.191 m / 0.016 rad samples=832
[gpu_amcl_cpp_node-6] [INFO] [1788976351.205526939] [gpu_amcl_cpp]: AMCL local correction: odom_prediction=(0.519, -7.141, -1.802) scan=(0.517, -7.145, -1.798) correction=0.004 m/0.004 rad cluster_weight=0.959 publish=true
[component_container-9] [INFO] [1788976351.252401498] [pure_pursuit_node]: Pure Pursuit: pose=(0.507, -7.190, -1.803) cte=0.001 closest=522 target=542 path_dist=0.001 heading_err=-0.002 steer=-0.003 speed=0.495
[gpu_amcl_cpp_node-6] [INFO] [1788976351.901515788] [gpu_amcl_cpp]: AMCL odom delta: at_scan=(10.621, -0.372, -0.240) baseline=(10.597, -0.366, -0.239) delta=(0.024, -0.006, -0.001) moved=true scan_age=0.050s
[ground_truth_amcl_monitor-7] [INFO] [1788976351.905017943] [ground_truth_amcl_monitor]: AMCL vs GT: gt=(0.427, -7.508) amcl=(0.436, -7.498) error=0.013 m / 0.000 rad; current_map=(0.433, -7.493, -1.811) error=0.016 m / 0.000 rad; odom=(0.429, -7.463, -1.811) error=0.045 m / 0.000 rad; ekf=(0.429, -7.463, -1.811) error=0.045 m / 0.000 rad; RMS=0.085 m / 0.003 rad max=0.191 m / 0.016 rad samples=873
[gpu_amcl_cpp_node-6] [INFO] [1788976352.207118679] [gpu_amcl_cpp]: AMCL local correction: odom_prediction=(0.399, -7.644, -1.816) scan=(0.402, -7.650, -1.819) correction=0.006 m/0.002 rad cluster_weight=0.968 publish=true
[component_container-9] [INFO] [1788976352.253618819] [pure_pursuit_node]: Pure Pursuit: pose=(0.387, -7.692, -1.817) cte=-0.001 closest=548 target=568 path_dist=0.001 heading_err=0.001 steer=-0.037 speed=0.493
[gpu_amcl_cpp_node-6] [INFO] [1788976352.925630189] [gpu_amcl_cpp]: AMCL odom delta: at_scan=(11.119, -0.500, -0.271) baseline=(11.095, -0.494, -0.270) delta=(0.024, -0.007, -0.002) moved=true scan_age=0.049s
[ground_truth_amcl_monitor-7] [INFO] [1788976352.926855709] [ground_truth_amcl_monitor]: AMCL vs GT: gt=(0.298, -8.006) amcl=(0.315, -7.966) error=0.043 m / 0.002 rad; current_map=(0.308, -7.990, -1.842) error=0.019 m / 0.000 rad; odom=(0.300, -7.960, -1.842) error=0.046 m / 0.000 rad; ekf=(0.307, -7.936, -1.840) error=0.070 m / 0.002 rad; RMS=0.084 m / 0.003 rad max=0.191 m / 0.016 rad samples=912
[gpu_amcl_cpp_node-6] [WARN] [1788976353.026385972] [gpu_amcl_cpp]: Queued LiDAR scan until source-time odometry arrives (queued=1).
[gpu_amcl_cpp_node-6] [INFO] [1788976353.231408192] [gpu_amcl_cpp]: AMCL local correction: odom_prediction=(0.269, -8.132, -1.852) scan=(0.269, -8.129, -1.850) correction=0.003 m/0.002 rad cluster_weight=0.978 publish=true
[component_container-9] [INFO] [1788976353.280407452] [pure_pursuit_node]: Pure Pursuit: pose=(0.255, -8.180, -1.857) cte=-0.002 closest=573 target=593 path_dist=0.002 heading_err=0.004 steer=-0.040 speed=0.489
[gpu_amcl_cpp_node-6] [INFO] [1788976353.953461469] [gpu_amcl_cpp]: AMCL odom delta: at_scan=(11.599, -0.645, -0.322) baseline=(11.576, -0.638, -0.319) delta=(0.023, -0.008, -0.002) moved=true scan_age=0.050s
[ground_truth_amcl_monitor-7] [INFO] [1788976353.954491204] [ground_truth_amcl_monitor]: AMCL vs GT: gt=(0.153, -8.485) amcl=(0.172, -8.440) error=0.048 m / 0.002 rad; current_map=(0.164, -8.463, -1.893) error=0.025 m / 0.000 rad; odom=(0.155, -8.440, -1.893) error=0.045 m / 0.000 rad; ekf=(0.155, -8.440, -1.893) error=0.045 m / 0.000 rad; RMS=0.082 m / 0.003 rad max=0.191 m / 0.016 rad samples=952
[gpu_amcl_cpp_node-6] [INFO] [1788976354.235254032] [gpu_amcl_cpp]: AMCL local correction: odom_prediction=(0.121, -8.590, -1.910) scan=(0.120, -8.597, -1.909) correction=0.007 m/0.000 rad cluster_weight=0.981 publish=true
[component_container-9] [INFO] [1788976354.301301013] [pure_pursuit_node]: Pure Pursuit: pose=(0.102, -8.643, -1.916) cte=0.002 closest=598 target=618 path_dist=0.002 heading_err=-0.005 steer=-0.068 speed=0.486
[gpu_amcl_cpp_node-6] [INFO] [1788976354.405193070] [gpu_amcl_cpp]: Received LiDAR callback #492 (1081 ranges).
[gpu_amcl_cpp_node-6] [INFO] [1788976354.405264493] [gpu_amcl_cpp]: Starting AMCL scan update #492 (sampled from 1081 ranges).
[gpu_amcl_cpp_node-6] [INFO] [1788976354.406670170] [gpu_amcl_cpp]: AMCL scan update #492 completed; evaluating pose confidence.
[gpu_amcl_cpp_node-6] [INFO] [1788976354.977189055] [gpu_amcl_cpp]: AMCL odom delta: at_scan=(12.054, -0.817, -0.406) baseline=(12.023, -0.803, -0.398) delta=(0.031, -0.013, -0.008) moved=true scan_age=0.050s
[ground_truth_amcl_monitor-7] [INFO] [1788976354.977637052] [ground_truth_amcl_monitor]: AMCL vs GT: gt=(-0.019, -8.941) amcl=(0.009, -8.882) error=0.065 m / 0.008 rad; current_map=(-0.004, -8.914, -1.977) error=0.031 m / 0.000 rad; odom=(-0.003, -8.864, -1.969) error=0.078 m / 0.008 rad; ekf=(-0.003, -8.864, -1.969) error=0.078 m / 0.008 rad; RMS=0.081 m / 0.003 rad max=0.191 m / 0.016 rad samples=988
[gpu_amcl_cpp_node-6] [INFO] [1788976355.254790159] [gpu_amcl_cpp]: AMCL local correction: odom_prediction=(-0.055, -9.031, -2.006) scan=(-0.058, -9.028, -1.999) correction=0.004 m/0.007 rad cluster_weight=0.990 publish=true
[component_container-9] [INFO] [1788976355.302173091] [pure_pursuit_node]: Pure Pursuit: pose=(-0.076, -9.074, -2.020) cte=-0.001 closest=621 target=641 path_dist=0.001 heading_err=0.004 steer=-0.076 speed=0.469
[gpu_amcl_cpp_node-6] [INFO] [1788976355.978867259] [gpu_amcl_cpp]: AMCL odom delta: at_scan=(12.478, -1.028, -0.528) baseline=(12.459, -1.017, -0.520) delta=(0.020, -0.011, -0.008) moved=true scan_age=0.051s
[ground_truth_amcl_monitor-7] [INFO] [1788976355.979313162] [ground_truth_amcl_monitor]: AMCL vs GT: gt=(-0.230, -9.364) amcl=(-0.203, -9.319) error=0.052 m / 0.008 rad; current_map=(-0.214, -9.339, -2.098) error=0.029 m / 0.000 rad; odom=(-0.216, -9.300, -2.090) error=0.065 m / 0.008 rad; ekf=(-0.216, -9.300, -2.090) error=0.065 m / 0.008 rad; RMS=0.080 m / 0.003 rad max=0.191 m / 0.016 rad samples=1026
[gpu_amcl_cpp_node-6] [INFO] [1788976356.255602378] [gpu_amcl_cpp]: AMCL local correction: odom_prediction=(-0.282, -9.440, -2.146) scan=(-0.281, -9.446, -2.142) correction=0.006 m/0.004 rad cluster_weight=0.997 publish=true
[component_container-9] [INFO] [1788976356.303835960] [pure_pursuit_node]: Pure Pursuit: pose=(-0.307, -9.478, -2.162) cte=0.006 closest=644 target=664 path_dist=0.006 heading_err=0.012 steer=-0.128 speed=0.451
[gpu_amcl_cpp_node-6] [INFO] [1788976357.003985132] [gpu_amcl_cpp]: AMCL odom delta: at_scan=(12.852, -1.297, -0.740) baseline=(12.835, -1.281, -0.724) delta=(0.017, -0.015, -0.015) moved=true scan_age=0.050s
[ground_truth_amcl_monitor-7] [INFO] [1788976357.006251197] [ground_truth_amcl_monitor]: AMCL vs GT: gt=(-0.499, -9.736) amcl=(-0.471, -9.695) error=0.050 m / 0.015 rad; current_map=(-0.486, -9.712, -2.310) error=0.027 m / 0.000 rad; odom=(-0.496, -9.694, -2.310) error=0.042 m / 0.000 rad; ekf=(-0.496, -9.694, -2.310) error=0.042 m / 0.000 rad; RMS=0.079 m / 0.003 rad max=0.191 m / 0.016 rad samples=1064
[gpu_amcl_cpp_node-6] [INFO] [1788976357.278620381] [gpu_amcl_cpp]: AMCL local correction: odom_prediction=(-0.568, -9.794, -2.393) scan=(-0.570, -9.800, -2.386) correction=0.007 m/0.007 rad cluster_weight=0.999 publish=true
[component_container-9] [INFO] [1788976357.324401670] [pure_pursuit_node]: Pure Pursuit: pose=(-0.601, -9.823, -2.424) cte=0.006 closest=667 target=687 path_dist=0.006 heading_err=0.001 steer=-0.279 speed=0.450
[gpu_amcl_cpp_node-6] [INFO] [1788976358.053303738] [gpu_amcl_cpp]: AMCL odom delta: at_scan=(13.133, -1.663, -1.115) baseline=(13.119, -1.636, -1.087) delta=(0.014, -0.027, -0.028) moved=true scan_age=0.051s
[ground_truth_amcl_monitor-7] [INFO] [1788976358.055060982] [ground_truth_amcl_monitor]: AMCL vs GT: gt=(-0.865, -10.014) amcl=(-0.826, -9.976) error=0.054 m / 0.028 rad; current_map=(-0.853, -9.990, -2.686) error=0.026 m / 0.000 rad; odom=(-0.863, -9.975, -2.686) error=0.039 m / 0.000 rad; ekf=(-0.863, -9.975, -2.686) error=0.039 m / 0.000 rad; RMS=0.078 m / 0.004 rad max=0.191 m / 0.028 rad samples=1102
[component_container-9] [INFO] [1788976358.326177078] [pure_pursuit_node]: Pure Pursuit: pose=(-0.987, -10.045, -2.810) cte=-0.001 closest=690 target=709 path_dist=0.001 heading_err=-0.031 steer=-0.277 speed=0.452
[gpu_amcl_cpp_node-6] [INFO] [1788976358.328678863] [gpu_amcl_cpp]: AMCL local correction: odom_prediction=(-0.957, -10.036, -2.791) scan=(-0.961, -10.038, -2.785) correction=0.004 m/0.006 rad cluster_weight=0.999 publish=true
[gpu_amcl_cpp_node-6] [INFO] [1788976359.078065845] [gpu_amcl_cpp]: AMCL odom delta: at_scan=(13.251, -2.099, -1.494) baseline=(13.249, -2.077, -1.476) delta=(0.002, -0.022, -0.018) moved=true scan_age=0.050s
[ground_truth_amcl_monitor-7] [INFO] [1788976359.079098906] [ground_truth_amcl_monitor]: AMCL vs GT: gt=(-1.299, -10.129) amcl=(-1.269, -10.099) error=0.042 m / 0.018 rad; current_map=(-1.292, -10.101, -3.064) error=0.028 m / 0.000 rad; odom=(-1.299, -10.092, -3.064) error=0.036 m / 0.000 rad; ekf=(-1.299, -10.092, -3.064) error=0.036 m / 0.000 rad; RMS=0.077 m / 0.005 rad max=0.191 m / 0.028 rad samples=1140
[component_container-9] [INFO] [1788976359.352643784] [pure_pursuit_node]: Pure Pursuit: pose=(-1.449, -10.105, 3.103) cte=0.002 closest=713 target=733 path_dist=0.002 heading_err=-0.016 steer=-0.286 speed=0.451
[gpu_amcl_cpp_node-6] [INFO] [1788976359.355670320] [gpu_amcl_cpp]: AMCL local correction: odom_prediction=(-1.431, -10.102, 3.121) scan=(-1.426, -10.103, 3.125) correction=0.005 m/0.005 rad cluster_weight=0.995 publish=true
[gpu_amcl_cpp_node-6] [INFO] [1788976359.405216858] [gpu_amcl_cpp]: Received LiDAR callback #585 (1081 ranges).
[gpu_amcl_cpp_node-6] [INFO] [1788976359.405274165] [gpu_amcl_cpp]: Starting AMCL scan update #585 (sampled from 1081 ranges).
[gpu_amcl_cpp_node-6] [INFO] [1788976359.456902473] [gpu_amcl_cpp]: AMCL scan update #586 completed; evaluating pose confidence.
[gpu_amcl_cpp_node-6] [INFO] [1788976360.107252626] [gpu_amcl_cpp]: AMCL odom delta: at_scan=(13.202, -2.550, -1.860) baseline=(13.209, -2.529, -1.841) delta=(-0.006, -0.022, -0.019) moved=true scan_age=0.051s
[ground_truth_amcl_monitor-7] [INFO] [1788976360.107895317] [ground_truth_amcl_monitor]: AMCL vs GT: gt=(-1.748, -10.078) amcl=(-1.739, -10.046) error=0.033 m / 0.019 rad; current_map=(-1.760, -10.040, 2.852) error=0.040 m / 0.000 rad; odom=(-1.728, -10.050, 2.871) error=0.034 m / 0.019 rad; ekf=(-1.728, -10.050, 2.871) error=0.034 m / 0.019 rad; RMS=0.076 m / 0.005 rad max=0.191 m / 0.028 rad samples=1178
[component_container-9] [INFO] [1788976360.380089364] [pure_pursuit_node]: Pure Pursuit: pose=(-1.894, -9.993, 2.738) cte=0.003 closest=736 target=756 path_dist=0.003 heading_err=-0.014 steer=-0.279 speed=0.457
[gpu_amcl_cpp_node-6] [INFO] [1788976360.383625784] [gpu_amcl_cpp]: AMCL local correction: odom_prediction=(-1.879, -9.996, 2.755) scan=(-1.880, -9.993, 2.758) correction=0.003 m/0.003 rad cluster_weight=0.987 publish=true
[gpu_amcl_cpp_node-6] [INFO] [1788976361.154330297] [gpu_amcl_cpp]: AMCL odom delta: at_scan=(12.990, -2.959, -2.240) baseline=(13.009, -2.935, -2.215) delta=(-0.019, -0.025, -0.025) moved=true scan_age=0.052s
[ground_truth_amcl_monitor-7] [INFO] [1788976361.154892428] [ground_truth_amcl_monitor]: AMCL vs GT: gt=(-2.153, -9.866) amcl=(-2.153, -9.837) error=0.029 m / 0.025 rad; current_map=(-2.177, -9.818, 2.473) error=0.054 m / 0.000 rad; odom=(-2.159, -9.832, 2.473) error=0.034 m / 0.000 rad; ekf=(-2.159, -9.832, 2.473) error=0.034 m / 0.000 rad; RMS=0.075 m / 0.006 rad max=0.191 m / 0.028 rad samples=1216
[component_container-9] [INFO] [1788976361.428499510] [pure_pursuit_node]: Pure Pursuit: pose=(-2.290, -9.717, 2.367) cte=-0.002 closest=761 target=780 path_dist=0.002 heading_err=-0.026 steer=-0.215 speed=0.465
[gpu_amcl_cpp_node-6] [INFO] [1788976361.431454132] [gpu_amcl_cpp]: AMCL local correction: odom_prediction=(-2.265, -9.740, 2.382) scan=(-2.266, -9.739, 2.386) correction=0.001 m/0.003 rad cluster_weight=0.977 publish=true
[gpu_amcl_cpp_node-6] [INFO] [1788976362.181135425] [gpu_amcl_cpp]: AMCL odom delta: at_scan=(12.642, -3.281, -2.522) baseline=(12.661, -3.268, -2.511) delta=(-0.019, -0.014, -0.011) moved=true scan_age=0.050s
[ground_truth_amcl_monitor-7] [INFO] [1788976362.182406311] [ground_truth_amcl_monitor]: AMCL vs GT: gt=(-2.474, -9.516) amcl=(-2.490, -9.463) error=0.056 m / 0.011 rad; current_map=(-2.504, -9.444, 2.190) error=0.078 m / 0.000 rad; odom=(-2.481, -9.483, 2.190) error=0.033 m / 0.000 rad; ekf=(-2.481, -9.483, 2.190) error=0.033 m / 0.000 rad; RMS=0.075 m / 0.006 rad max=0.191 m / 0.028 rad samples=1254
[component_container-9] [INFO] [1788976362.430982305] [pure_pursuit_node]: Pure Pursuit: pose=(-2.583, -9.321, 2.134) cte=0.003 closest=785 target=805 path_dist=0.003 heading_err=-0.021 steer=-0.115 speed=0.482
[gpu_amcl_cpp_node-6] [INFO] [1788976362.436364243] [gpu_amcl_cpp]: AMCL local correction: odom_prediction=(-2.570, -9.347, 2.142) scan=(-2.563, -9.353, 2.147) correction=0.009 m/0.005 rad cluster_weight=0.970 publish=true
[ground_truth_amcl_monitor-7] [INFO] [1788976363.182341484] [ground_truth_amcl_monitor]: AMCL vs GT: gt=(-2.714, -9.108) amcl=(-2.735, -9.043) error=0.068 m / 0.000 rad; current_map=(-2.738, -9.043, 2.027) error=0.070 m / 0.000 rad; odom=(-2.720, -9.077, 2.027) error=0.032 m / 0.000 rad; ekf=(-2.720, -9.077, 2.027) error=0.032 m / 0.000 rad; RMS=0.074 m / 0.006 rad max=0.191 m / 0.028 rad samples=1291
[gpu_amcl_cpp_node-6] [INFO] [1788976363.229495854] [gpu_amcl_cpp]: AMCL odom delta: at_scan=(12.213, -3.532, -2.691) baseline=(12.235, -3.521, -2.685) delta=(-0.022, -0.011, -0.006) moved=true scan_age=0.050s
[component_container-9] [INFO] [1788976363.453388569] [pure_pursuit_node]: Pure Pursuit: pose=(-2.794, -8.909, 1.988) cte=0.004 closest=808 target=828 path_dist=0.004 heading_err=-0.000 steer=-0.059 speed=0.484
[gpu_amcl_cpp_node-6] [INFO] [1788976363.456486589] [gpu_amcl_cpp]: AMCL local correction: odom_prediction=(-2.785, -8.925, 1.994) scan=(-2.785, -8.926, 1.996) correction=0.001 m/0.003 rad cluster_weight=0.967 publish=true
[ground_truth_amcl_monitor-7] [INFO] [1788976364.184081615] [ground_truth_amcl_monitor]: AMCL vs GT: gt=(-2.899, -8.671) amcl=(-2.917, -8.603) error=0.070 m / 0.000 rad; current_map=(-2.918, -8.596, 1.920) error=0.077 m / 0.000 rad; odom=(-2.906, -8.640, 1.920) error=0.032 m / 0.000 rad; ekf=(-2.906, -8.640, 1.920) error=0.032 m / 0.000 rad; RMS=0.074 m / 0.006 rad max=0.191 m / 0.028 rad samples=1327
[gpu_amcl_cpp_node-6] [INFO] [1788976364.230672652] [gpu_amcl_cpp]: AMCL odom delta: at_scan=(11.774, -3.716, -2.798) baseline=(11.798, -3.707, -2.793) delta=(-0.024, -0.009, -0.005) moved=true scan_age=0.051s
[gpu_amcl_cpp_node-6] [INFO] [1788976364.453192224] [gpu_amcl_cpp]: Received LiDAR callback #677 (1081 ranges).
[gpu_amcl_cpp_node-6] [INFO] [1788976364.453262155] [gpu_amcl_cpp]: Starting AMCL scan update #677 (sampled from 1081 ranges).
[component_container-9] [INFO] [1788976364.502396736] [pure_pursuit_node]: Pure Pursuit: pose=(-2.964, -8.452, 1.874) cte=0.005 closest=833 target=853 path_dist=0.005 heading_err=-0.003 steer=-0.066 speed=0.478
[gpu_amcl_cpp_node-6] [INFO] [1788976364.504701003] [gpu_amcl_cpp]: AMCL scan update #678 completed; evaluating pose confidence.
[gpu_amcl_cpp_node-6] [INFO] [1788976364.505434513] [gpu_amcl_cpp]: AMCL local correction: odom_prediction=(-2.957, -8.474, 1.879) scan=(-2.953, -8.471, 1.886) correction=0.005 m/0.006 rad cluster_weight=0.977 publish=true
[ground_truth_amcl_monitor-7] [INFO] [1788976365.205779209] [ground_truth_amcl_monitor]: AMCL vs GT: gt=(-3.038, -8.202) amcl=(-3.029, -8.198) error=0.009 m / 0.005 rad; current_map=(-3.035, -8.175, 1.804) error=0.027 m / 0.000 rad; odom=(-3.041, -8.195, 1.808) error=0.008 m / 0.005 rad; ekf=(-3.041, -8.195, 1.808) error=0.008 m / 0.005 rad; RMS=0.073 m / 0.006 rad max=0.191 m / 0.028 rad samples=1364
[gpu_amcl_cpp_node-6] [INFO] [1788976365.255506488] [gpu_amcl_cpp]: AMCL odom delta: at_scan=(11.306, -3.852, -2.912) baseline=(11.330, -3.847, -2.909) delta=(-0.023, -0.005, -0.003) moved=true scan_age=0.050s
[component_container-9] [INFO] [1788976365.529483056] [pure_pursuit_node]: Pure Pursuit: pose=(-3.070, -7.997, 1.765) cte=0.008 closest=856 target=876 path_dist=0.008 heading_err=-0.028 steer=-0.060 speed=0.482
[gpu_amcl_cpp_node-6] [INFO] [1788976365.532612254] [gpu_amcl_cpp]: AMCL local correction: odom_prediction=(-3.064, -8.017, 1.771) scan=(-3.064, -8.026, 1.782) correction=0.009 m/0.011 rad cluster_weight=0.976 publish=true
[ground_truth_amcl_monitor-7] [INFO] [1788976366.228531899] [ground_truth_amcl_monitor]: AMCL vs GT: gt=(-3.127, -7.724) amcl=(-3.115, -7.737) error=0.018 m / 0.009 rad; current_map=(-3.119, -7.703, 1.704) error=0.022 m / 0.000 rad; odom=(-3.131, -7.727, 1.712) error=0.005 m / 0.009 rad; ekf=(-3.131, -7.727, 1.712) error=0.005 m / 0.009 rad; RMS=0.072 m / 0.006 rad max=0.191 m / 0.028 rad samples=1400
[gpu_amcl_cpp_node-6] [INFO] [1788976366.278923951] [gpu_amcl_cpp]: AMCL odom delta: at_scan=(10.828, -3.939, -3.015) baseline=(10.852, -3.936, -3.008) delta=(-0.024, -0.003, -0.007) moved=true scan_age=0.051s
[component_container-9] [INFO] [1788976366.551076503] [pure_pursuit_node]: Pure Pursuit: pose=(-3.141, -7.522, 1.663) cte=-0.001 closest=880 target=900 path_dist=0.001 heading_err=-0.010 steer=-0.080 speed=0.490
[gpu_amcl_cpp_node-6] [INFO] [1788976366.554600580] [gpu_amcl_cpp]: AMCL local correction: odom_prediction=(-3.136, -7.544, 1.668) scan=(-3.140, -7.539, 1.675) correction=0.006 m/0.007 rad cluster_weight=0.987 publish=true
[ground_truth_amcl_monitor-7] [INFO] [1788976367.256997631] [ground_truth_amcl_monitor]: AMCL vs GT: gt=(-3.165, -7.225) amcl=(-3.158, -7.230) error=0.008 m / 0.004 rad; current_map=(-3.159, -7.204, 1.601) error=0.021 m / 0.000 rad; odom=(-3.174, -7.197, 1.601) error=0.029 m / 0.000 rad; ekf=(-3.174, -7.197, 1.601) error=0.029 m / 0.000 rad; RMS=0.072 m / 0.006 rad max=0.191 m / 0.028 rad samples=1438
[gpu_amcl_cpp_node-6] [INFO] [1788976367.307063164] [gpu_amcl_cpp]: AMCL odom delta: at_scan=(10.329, -3.976, -3.116) baseline=(10.355, -3.975, -3.112) delta=(-0.026, -0.001, -0.004) moved=true scan_age=0.051s
[component_container-9] [INFO] [1788976367.580595789] [pure_pursuit_node]: Pure Pursuit: pose=(-3.158, -7.022, 1.571) cte=0.002 closest=905 target=925 path_dist=0.002 heading_err=0.000 steer=-0.039 speed=0.491
[gpu_amcl_cpp_node-6] [INFO] [1788976367.585127629] [gpu_amcl_cpp]: AMCL local correction: odom_prediction=(-3.155, -7.046, 1.574) scan=(-3.155, -7.052, 1.577) correction=0.006 m/0.003 rad cluster_weight=0.993 publish=true
[ground_truth_amcl_monitor-7] [INFO] [1788976368.258605669] [ground_truth_amcl_monitor]: AMCL vs GT: gt=(-3.162, -6.728) amcl=(-3.147, -6.714) error=0.021 m / 0.000 rad; current_map=(-3.147, -6.711, 1.536) error=0.023 m / 0.000 rad; odom=(-3.172, -6.700, 1.536) error=0.030 m / 0.000 rad; ekf=(-3.172, -6.700, 1.536) error=0.030 m / 0.000 rad; RMS=0.071 m / 0.006 rad max=0.191 m / 0.028 rad samples=1475
[gpu_amcl_cpp_node-6] [INFO] [1788976368.354616736] [gpu_amcl_cpp]: AMCL odom delta: at_scan=(9.810, -3.971, 3.103) baseline=(9.833, -3.971, 3.105) delta=(-0.024, 0.001, -0.003) moved=true scan_age=0.050s
[component_container-9] [INFO] [1788976368.631076115] [pure_pursuit_node]: Pure Pursuit: pose=(-3.139, -6.511, 1.514) cte=0.003 closest=931 target=951 path_dist=0.003 heading_err=-0.014 steer=-0.054 speed=0.491
[gpu_amcl_cpp_node-6] [INFO] [1788976368.635035445] [gpu_amcl_cpp]: AMCL local correction: odom_prediction=(-3.139, -6.537, 1.517) scan=(-3.143, -6.539, 1.515) correction=0.004 m/0.002 rad cluster_weight=0.986 publish=true
[ground_truth_amcl_monitor-7] [INFO] [1788976369.259703276] [ground_truth_amcl_monitor]: AMCL vs GT: gt=(-3.131, -6.240) amcl=(-3.114, -6.225) error=0.022 m / 0.000 rad; current_map=(-3.112, -6.223, 1.470) error=0.025 m / 0.000 rad; odom=(-3.140, -6.213, 1.470) error=0.028 m / 0.000 rad; ekf=(-3.140, -6.213, 1.470) error=0.028 m / 0.000 rad; RMS=0.070 m / 0.006 rad max=0.191 m / 0.028 rad samples=1511
[gpu_amcl_cpp_node-6] [INFO] [1788976369.360037334] [gpu_amcl_cpp]: AMCL odom delta: at_scan=(9.321, -3.936, 3.035) baseline=(9.346, -3.938, 3.038) delta=(-0.025, 0.003, -0.004) moved=true scan_age=0.053s
[gpu_amcl_cpp_node-6] [INFO] [1788976369.480305790] [gpu_amcl_cpp]: Received LiDAR callback #768 (1081 ranges).
[gpu_amcl_cpp_node-6] [INFO] [1788976369.480362356] [gpu_amcl_cpp]: Starting AMCL scan update #768 (sampled from 1081 ranges).
[gpu_amcl_cpp_node-6] [INFO] [1788976369.531678067] [gpu_amcl_cpp]: AMCL scan update #769 completed; evaluating pose confidence.
[component_container-9] [INFO] [1788976369.651317838] [pure_pursuit_node]: Pure Pursuit: pose=(-3.088, -6.007, 1.436) cte=0.001 closest=956 target=976 path_dist=0.001 heading_err=-0.000 steer=-0.042 speed=0.491
[gpu_amcl_cpp_node-6] [INFO] [1788976369.654609230] [gpu_amcl_cpp]: AMCL local correction: odom_prediction=(-3.084, -6.015, 1.441) scan=(-3.079, -6.016, 1.437) correction=0.004 m/0.004 rad cluster_weight=0.969 publish=true
[ground_truth_amcl_monitor-7] [INFO] [1788976370.283031317] [ground_truth_amcl_monitor]: AMCL vs GT: gt=(-3.062, -5.740) amcl=(-3.045, -5.742) error=0.017 m / 0.004 rad; current_map=(-3.041, -5.717, 1.397) error=0.032 m / 0.000 rad; odom=(-3.072, -5.714, 1.397) error=0.028 m / 0.000 rad; ekf=(-3.072, -5.714, 1.397) error=0.028 m / 0.000 rad; RMS=0.069 m / 0.006 rad max=0.191 m / 0.028 rad samples=1548
[gpu_amcl_cpp_node-6] [INFO] [1788976370.403610195] [gpu_amcl_cpp]: AMCL odom delta: at_scan=(8.814, -3.862, 2.959) baseline=(8.838, -3.867, 2.962) delta=(-0.024, 0.004, -0.003) moved=true scan_age=0.051s
[component_container-9] [INFO] [1788976370.677966741] [pure_pursuit_node]: Pure Pursuit: pose=(-2.986, -5.490, 1.360) cte=0.012 closest=983 target=1002 path_dist=0.012 heading_err=-0.007 steer=0.004 speed=0.478
[gpu_amcl_cpp_node-6] [INFO] [1788976370.680632292] [gpu_amcl_cpp]: AMCL local correction: odom_prediction=(-2.995, -5.516, 1.365) scan=(-2.993, -5.515, 1.359) correction=0.002 m/0.006 rad cluster_weight=0.935 publish=true
[ground_truth_amcl_monitor-7] [INFO] [1788976371.283957631] [ground_truth_amcl_monitor]: AMCL vs GT: gt=(-2.965, -5.274) amcl=(-2.927, -5.220) error=0.066 m / 0.000 rad; current_map=(-2.928, -5.220, 1.344) error=0.065 m / 0.000 rad; odom=(-2.975, -5.246, 1.344) error=0.030 m / 0.000 rad; ekf=(-2.975, -5.246, 1.344) error=0.030 m / 0.000 rad; RMS=0.069 m / 0.006 rad max=0.191 m / 0.028 rad samples=1585
[gpu_amcl_cpp_node-6] [INFO] [1788976371.453675594] [gpu_amcl_cpp]: AMCL odom delta: at_scan=(8.325, -3.757, 2.901) baseline=(8.357, -3.765, 2.906) delta=(-0.032, 0.008, -0.005) moved=true scan_age=0.052s
[component_container-9] [INFO] [1788976371.725901411] [pure_pursuit_node]: Pure Pursuit: pose=(-2.855, -4.974, 1.319) cte=0.013 closest=1009 target=1029 path_dist=0.013 heading_err=-0.025 steer=-0.003 speed=0.479
[gpu_amcl_cpp_node-6] [INFO] [1788976371.729543389] [gpu_amcl_cpp]: AMCL local correction: odom_prediction=(-2.867, -5.007, 1.320) scan=(-2.869, -5.007, 1.314) correction=0.002 m/0.006 rad cluster_weight=0.924 publish=true
[ground_truth_amcl_monitor-7] [INFO] [1788976372.306691809] [ground_truth_amcl_monitor]: AMCL vs GT: gt=(-2.843, -4.798) amcl=(-2.794, -4.752) error=0.067 m / 0.002 rad; current_map=(-2.788, -4.727, 1.311) error=0.090 m / 0.000 rad; odom=(-2.854, -4.772, 1.311) error=0.028 m / 0.000 rad; ekf=(-2.854, -4.772, 1.311) error=0.028 m / 0.000 rad; RMS=0.069 m / 0.006 rad max=0.191 m / 0.028 rad samples=1622
[gpu_amcl_cpp_node-6] [INFO] [1788976372.478136011] [gpu_amcl_cpp]: AMCL odom delta: at_scan=(7.847, -3.632, 2.873) baseline=(7.881, -3.642, 2.876) delta=(-0.034, 0.009, -0.003) moved=true scan_age=0.051s
[component_container-9] [INFO] [1788976372.733350907] [pure_pursuit_node]: Pure Pursuit: pose=(-2.745, -4.524, 1.282) cte=-0.010 closest=1032 target=1052 path_dist=0.010 heading_err=-0.000 steer=-0.036 speed=0.491
[gpu_amcl_cpp_node-6] [INFO] [1788976372.736095788] [gpu_amcl_cpp]: AMCL local correction: odom_prediction=(-2.744, -4.535, 1.286) scan=(-2.756, -4.548, 1.278) correction=0.017 m/0.007 rad cluster_weight=0.943 publish=true
[ground_truth_amcl_monitor-7] [INFO] [1788976373.333994350] [ground_truth_amcl_monitor]: AMCL vs GT: gt=(-2.698, -4.303) amcl=(-2.668, -4.279) error=0.038 m / 0.002 rad; current_map=(-2.661, -4.255, 1.276) error=0.061 m / 0.000 rad; odom=(-2.710, -4.278, 1.276) error=0.028 m / 0.000 rad; ekf=(-2.710, -4.278, 1.276) error=0.028 m / 0.000 rad; RMS=0.068 m / 0.006 rad max=0.191 m / 0.028 rad samples=1660
[gpu_amcl_cpp_node-6] [INFO] [1788976373.507391144] [gpu_amcl_cpp]: AMCL odom delta: at_scan=(7.353, -3.485, 2.847) baseline=(7.377, -3.492, 2.847) delta=(-0.024, 0.007, 0.001) moved=true scan_age=0.052s
[component_container-9] [INFO] [1788976373.800311468] [pure_pursuit_node]: Pure Pursuit: pose=(-2.598, -4.020, 1.279) cte=-0.009 closest=1059 target=1078 path_dist=0.009 heading_err=0.016 steer=-0.009 speed=0.493
[gpu_amcl_cpp_node-6] [INFO] [1788976373.803340900] [gpu_amcl_cpp]: AMCL local correction: odom_prediction=(-2.603, -4.044, 1.280) scan=(-2.607, -4.036, 1.272) correction=0.009 m/0.008 rad cluster_weight=0.928 publish=true
[ground_truth_amcl_monitor-7] [INFO] [1788976374.383088745] [ground_truth_amcl_monitor]: AMCL vs GT: gt=(-2.546, -3.800) amcl=(-2.538, -3.806) error=0.010 m / 0.000 rad; current_map=(-2.531, -3.782, 1.279) error=0.024 m / 0.000 rad; odom=(-2.565, -3.799, 1.279) error=0.019 m / 0.000 rad; ekf=(-2.565, -3.799, 1.279) error=0.019 m / 0.000 rad; RMS=0.068 m / 0.005 rad max=0.191 m / 0.028 rad samples=1698
[gpu_amcl_cpp_node-6] [INFO] [1788976374.504547674] [gpu_amcl_cpp]: Received LiDAR callback #860 (1081 ranges).
[gpu_amcl_cpp_node-6] [INFO] [1788976374.504620300] [gpu_amcl_cpp]: Starting AMCL scan update #860 (sampled from 1081 ranges).
[gpu_amcl_cpp_node-6] [INFO] [1788976374.557046670] [gpu_amcl_cpp]: AMCL odom delta: at_scan=(6.851, -3.333, 2.843) baseline=(6.875, -3.341, 2.846) delta=(-0.024, 0.007, -0.003) moved=true scan_age=0.053s
[gpu_amcl_cpp_node-6] [INFO] [1788976374.558198062] [gpu_amcl_cpp]: AMCL scan update #861 completed; evaluating pose confidence.
[component_container-9] [INFO] [1788976374.831907744] [pure_pursuit_node]: Pure Pursuit: pose=(-2.456, -3.535, 1.279) cte=-0.003 closest=1084 target=1104 path_dist=0.003 heading_err=0.020 steer=0.025 speed=0.498
[gpu_amcl_cpp_node-6] [INFO] [1788976374.836151015] [gpu_amcl_cpp]: AMCL local correction: odom_prediction=(-2.468, -3.564, 1.278) scan=(-2.465, -3.558, 1.268) correction=0.006 m/0.009 rad cluster_weight=0.957 publish=true
[ground_truth_amcl_monitor-7] [INFO] [1788976375.383558109] [ground_truth_amcl_monitor]: AMCL vs GT: gt=(-2.403, -3.321) amcl=(-2.390, -3.315) error=0.014 m / 0.004 rad; current_map=(-2.383, -3.290, 1.294) error=0.036 m / 0.000 rad; odom=(-2.415, -3.296, 1.294) error=0.027 m / 0.000 rad; ekf=(-2.415, -3.296, 1.294) error=0.027 m / 0.000 rad; RMS=0.067 m / 0.005 rad max=0.191 m / 0.028 rad samples=1734
[gpu_amcl_cpp_node-6] [INFO] [1788976375.579401323] [gpu_amcl_cpp]: AMCL odom delta: at_scan=(6.360, -3.189, 2.874) baseline=(6.396, -3.199, 2.871) delta=(-0.036, 0.010, 0.003) moved=true scan_age=0.052s
[component_container-9] [INFO] [1788976375.854001793] [pure_pursuit_node]: Pure Pursuit: pose=(-2.314, -3.035, 1.300) cte=0.001 closest=1110 target=1130 path_dist=0.001 heading_err=0.002 steer=0.011 speed=0.499
[gpu_amcl_cpp_node-6] [INFO] [1788976375.857936006] [gpu_amcl_cpp]: AMCL local correction: odom_prediction=(-2.320, -3.062, 1.300) scan=(-2.314, -3.043, 1.292) correction=0.020 m/0.008 rad cluster_weight=0.940 publish=true
[ground_truth_amcl_monitor-7] [INFO] [1788976376.404536190] [ground_truth_amcl_monitor]: AMCL vs GT: gt=(-2.267, -2.826) amcl=(-2.254, -2.813) error=0.019 m / 0.000 rad; current_map=(-2.247, -2.789, 1.308) error=0.042 m / 0.000 rad; odom=(-2.279, -2.802, 1.308) error=0.027 m / 0.000 rad; ekf=(-2.279, -2.802, 1.308) error=0.027 m / 0.000 rad; RMS=0.067 m / 0.005 rad max=0.191 m / 0.028 rad samples=1770
[gpu_amcl_cpp_node-6] [INFO] [1788976376.606866852] [gpu_amcl_cpp]: AMCL odom delta: at_scan=(5.863, -3.053, 2.879) baseline=(5.887, -3.060, 2.879) delta=(-0.025, 0.007, -0.000) moved=true scan_age=0.050s
[component_container-9] [INFO] [1788976376.881154451] [pure_pursuit_node]: Pure Pursuit: pose=(-2.178, -2.538, 1.312) cte=0.001 closest=1136 target=1155 path_dist=0.001 heading_err=-0.004 steer=0.003 speed=0.498
[gpu_amcl_cpp_node-6] [INFO] [1788976376.885094585] [gpu_amcl_cpp]: AMCL local correction: odom_prediction=(-2.181, -2.557, 1.310) scan=(-2.181, -2.550, 1.299) correction=0.008 m/0.011 rad cluster_weight=0.952 publish=true
[ground_truth_amcl_monitor-7] [INFO] [1788976377.407031658] [ground_truth_amcl_monitor]: AMCL vs GT: gt=(-2.138, -2.342) amcl=(-2.112, -2.291) error=0.057 m / 0.000 rad; current_map=(-2.113, -2.295, 1.314) error=0.053 m / 0.000 rad; odom=(-2.150, -2.318, 1.314) error=0.026 m / 0.000 rad; ekf=(-2.150, -2.318, 1.314) error=0.026 m / 0.000 rad; RMS=0.066 m / 0.005 rad max=0.191 m / 0.028 rad samples=1807
[gpu_amcl_cpp_node-6] [INFO] [1788976377.626531945] [gpu_amcl_cpp]: AMCL odom delta: at_scan=(5.368, -2.922, 2.884) baseline=(5.403, -2.931, 2.883) delta=(-0.035, 0.009, 0.001) moved=true scan_age=0.050s
[component_container-9] [INFO] [1788976377.901402887] [pure_pursuit_node]: Pure Pursuit: pose=(-2.038, -2.013, 1.318) cte=0.002 closest=1163 target=1183 path_dist=0.002 heading_err=-0.003 steer=0.004 speed=0.497
[gpu_amcl_cpp_node-6] [INFO] [1788976377.904949477] [gpu_amcl_cpp]: AMCL local correction: odom_prediction=(-2.042, -2.030, 1.318) scan=(-2.042, -2.032, 1.309) correction=0.002 m/0.009 rad cluster_weight=0.937 publish=true
[ground_truth_amcl_monitor-7] [INFO] [1788976378.433187013] [ground_truth_amcl_monitor]: AMCL vs GT: gt=(-2.009, -1.842) amcl=(-1.976, -1.771) error=0.079 m / 0.001 rad; current_map=(-1.969, -1.746, 1.325) error=0.104 m / 0.000 rad; odom=(-2.021, -1.819, 1.325) error=0.026 m / 0.000 rad; ekf=(-2.021, -1.819, 1.325) error=0.026 m / 0.000 rad; RMS=0.066 m / 0.005 rad max=0.191 m / 0.028 rad samples=1844
[gpu_amcl_cpp_node-6] [INFO] [1788976378.655761218] [gpu_amcl_cpp]: AMCL odom delta: at_scan=(4.869, -2.794, 2.895) baseline=(4.894, -2.800, 2.895) delta=(-0.025, 0.006, 0.000) moved=true scan_age=0.051s
[component_container-9] [INFO] [1788976378.931232346] [pure_pursuit_node]: Pure Pursuit: pose=(-1.906, -1.490, 1.320) cte=-0.001 closest=1190 target=1210 path_dist=0.001 heading_err=0.003 steer=0.008 speed=0.498
[gpu_amcl_cpp_node-6] [INFO] [1788976378.936108551] [gpu_amcl_cpp]: AMCL local correction: odom_prediction=(-1.916, -1.521, 1.320) scan=(-1.913, -1.515, 1.315) correction=0.007 m/0.005 rad cluster_weight=0.939 publish=true
[ground_truth_amcl_monitor-7] [INFO] [1788976379.456088139] [ground_truth_amcl_monitor]: AMCL vs GT: gt=(-1.882, -1.344) amcl=(-1.852, -1.275) error=0.075 m / 0.000 rad; current_map=(-1.846, -1.250, 1.323) error=0.102 m / 0.000 rad; odom=(-1.894, -1.322, 1.323) error=0.026 m / 0.000 rad; ekf=(-1.894, -1.322, 1.323) error=0.026 m / 0.000 rad; RMS=0.067 m / 0.005 rad max=0.191 m / 0.028 rad samples=1880
[gpu_amcl_cpp_node-6] [INFO] [1788976379.505367460] [gpu_amcl_cpp]: Received LiDAR callback #950 (1081 ranges).
[gpu_amcl_cpp_node-6] [INFO] [1788976379.505433213] [gpu_amcl_cpp]: Starting AMCL scan update #950 (sampled from 1081 ranges).
[gpu_amcl_cpp_node-6] [INFO] [1788976379.608091859] [gpu_amcl_cpp]: AMCL scan update #952 completed; evaluating pose confidence.
[gpu_amcl_cpp_node-6] [INFO] [1788976379.699499675] [gpu_amcl_cpp]: AMCL odom delta: at_scan=(4.369, -2.667, 2.897) baseline=(4.406, -2.676, 2.896) delta=(-0.037, 0.009, 0.002) moved=true scan_age=0.072s
[component_container-9] [INFO] [1788976379.977146424] [pure_pursuit_node]: Pure Pursuit: pose=(-1.777, -0.961, 1.334) cte=-0.003 closest=1217 target=1237 path_dist=0.003 heading_err=0.002 steer=-0.002 speed=0.496
[gpu_amcl_cpp_node-6] [INFO] [1788976379.980733669] [gpu_amcl_cpp]: AMCL local correction: odom_prediction=(-1.782, -0.988, 1.333) scan=(-1.791, -1.005, 1.327) correction=0.019 m/0.006 rad cluster_weight=0.931 publish=true
[ground_truth_amcl_monitor-7] [INFO] [1788976380.458317218] [ground_truth_amcl_monitor]: AMCL vs GT: gt=(-1.762, -0.857) amcl=(-1.740, -0.779) error=0.081 m / 0.000 rad; current_map=(-1.734, -0.754, 1.331) error=0.106 m / 0.000 rad; odom=(-1.774, -0.834, 1.331) error=0.026 m / 0.000 rad; ekf=(-1.780, -0.858, 1.331) error=0.018 m / 0.000 rad; RMS=0.067 m / 0.005 rad max=0.191 m / 0.028 rad samples=1916
[gpu_amcl_cpp_node-6] [INFO] [1788976380.729210396] [gpu_amcl_cpp]: AMCL odom delta: at_scan=(3.859, -2.542, 2.899) baseline=(3.883, -2.548, 2.900) delta=(-0.025, 0.006, -0.001) moved=true scan_age=0.050s
[component_container-9] [INFO] [1788976381.001438069] [pure_pursuit_node]: Pure Pursuit: pose=(-1.671, -0.484, 1.333) cte=-0.008 closest=1242 target=1261 path_dist=0.008 heading_err=0.016 steer=0.001 speed=0.492
[gpu_amcl_cpp_node-6] [INFO] [1788976381.004656825] [gpu_amcl_cpp]: AMCL local correction: odom_prediction=(-1.677, -0.504, 1.331) scan=(-1.678, -0.502, 1.327) correction=0.003 m/0.005 rad cluster_weight=0.934 publish=true
[ground_truth_amcl_monitor-7] [INFO] [1788976381.505460474] [ground_truth_amcl_monitor]: AMCL vs GT: gt=(-1.638, -0.346) amcl=(-1.626, -0.288) error=0.059 m / 0.000 rad; current_map=(-1.620, -0.263, 1.334) error=0.085 m / 0.000 rad; odom=(-1.656, -0.348, 1.334) error=0.018 m / 0.000 rad; ekf=(-1.656, -0.348, 1.334) error=0.018 m / 0.000 rad; RMS=0.068 m / 0.005 rad max=0.191 m / 0.028 rad samples=1954
[gpu_amcl_cpp_node-6] [INFO] [1788976381.779953905] [gpu_amcl_cpp]: AMCL odom delta: at_scan=(3.347, -2.418, 2.913) baseline=(3.372, -2.424, 2.911) delta=(-0.025, 0.006, 0.002) moved=true scan_age=0.052s
[component_container-9] [INFO] [1788976382.002227147] [pure_pursuit_node]: Pure Pursuit: pose=(-1.562, -0.003, 1.354) cte=-0.004 closest=1266 target=1286 path_dist=0.004 heading_err=0.012 steer=0.015 speed=0.495
[gpu_amcl_cpp_node-6] [INFO] [1788976382.006532745] [gpu_amcl_cpp]: AMCL local correction: odom_prediction=(-1.567, -0.017, 1.351) scan=(-1.562, -0.006, 1.348) correction=0.012 m/0.003 rad cluster_weight=0.941 publish=true
[ground_truth_amcl_monitor-7] [INFO] [1788976382.533701051] [ground_truth_amcl_monitor]: AMCL vs GT: gt=(-1.525, 0.157) amcl=(-1.517, 0.217) error=0.060 m / 0.002 rad; current_map=(-1.512, 0.242, 1.367) error=0.086 m / 0.000 rad; odom=(-1.542, 0.154, 1.365) error=0.017 m / 0.002 rad; ekf=(-1.542, 0.154, 1.365) error=0.017 m / 0.002 rad; RMS=0.067 m / 0.005 rad max=0.191 m / 0.028 rad samples=1992
[gpu_amcl_cpp_node-6] [INFO] [1788976382.827906352] [gpu_amcl_cpp]: AMCL odom delta: at_scan=(2.833, -2.308, 2.946) baseline=(2.868, -2.315, 2.945) delta=(-0.035, 0.007, 0.001) moved=true scan_age=0.051s
[component_container-9] [INFO] [1788976383.026306874] [pure_pursuit_node]: Pure Pursuit: pose=(-1.458, 0.536, 1.379) cte=-0.006 closest=1294 target=1313 path_dist=0.006 heading_err=0.011 steer=0.008 speed=0.493
[gpu_amcl_cpp_node-6] [WARN] [1788976383.028053388] [gpu_amcl_cpp]: Queued LiDAR scan until source-time odometry arrives (queued=1).
[gpu_amcl_cpp_node-6] [INFO] [1788976383.030476928] [gpu_amcl_cpp]: AMCL local correction: odom_prediction=(-1.464, 0.517, 1.378) scan=(-1.463, 0.500, 1.374) correction=0.018 m/0.003 rad cluster_weight=0.922 publish=true
[ground_truth_amcl_monitor-7] [INFO] [1788976383.533544833] [ground_truth_amcl_monitor]: AMCL vs GT: gt=(-1.429, 0.649) amcl=(-1.420, 0.750) error=0.102 m / 0.000 rad; current_map=(-1.416, 0.737, 1.393) error=0.090 m / 0.000 rad; odom=(-1.441, 0.671, 1.393) error=0.025 m / 0.000 rad; ekf=(-1.441, 0.671, 1.393) error=0.025 m / 0.000 rad; RMS=0.068 m / 0.005 rad max=0.191 m / 0.028 rad samples=2029
[gpu_amcl_cpp_node-6] [INFO] [1788976383.856368691] [gpu_amcl_cpp]: AMCL odom delta: at_scan=(2.329, -2.214, 2.973) baseline=(2.353, -2.218, 2.973) delta=(-0.025, 0.004, -0.000) moved=true scan_age=0.050s
[component_container-9] [INFO] [1788976384.029782359] [pure_pursuit_node]: Pure Pursuit: pose=(-1.376, 1.030, 1.401) cte=-0.008 closest=1319 target=1338 path_dist=0.008 heading_err=0.015 steer=0.012 speed=0.485
[gpu_amcl_cpp_node-6] [INFO] [1788976384.033578575] [gpu_amcl_cpp]: AMCL local correction: odom_prediction=(-1.378, 1.003, 1.401) scan=(-1.380, 1.000, 1.396) correction=0.003 m/0.005 rad cluster_weight=0.930 publish=true
[gpu_amcl_cpp_node-6] [INFO] [1788976384.531033143] [gpu_amcl_cpp]: Received LiDAR callback #1044 (1081 ranges).
[gpu_amcl_cpp_node-6] [INFO] [1788976384.531098906] [gpu_amcl_cpp]: Starting AMCL scan update #1044 (sampled from 1081 ranges).
[ground_truth_amcl_monitor-7] [INFO] [1788976384.535127437] [ground_truth_amcl_monitor]: AMCL vs GT: gt=(-1.349, 1.127) amcl=(-1.340, 1.216) error=0.090 m / 0.000 rad; current_map=(-1.342, 1.226, 1.422) error=0.100 m / 0.000 rad; odom=(-1.361, 1.147, 1.422) error=0.023 m / 0.000 rad; ekf=(-1.361, 1.147, 1.422) error=0.023 m / 0.000 rad; RMS=0.069 m / 0.005 rad max=0.191 m / 0.028 rad samples=2065
[gpu_amcl_cpp_node-6] [INFO] [1788976384.634138872] [gpu_amcl_cpp]: AMCL scan update #1046 completed; evaluating pose confidence.
[gpu_amcl_cpp_node-6] [INFO] [1788976384.880118024] [gpu_amcl_cpp]: AMCL odom delta: at_scan=(1.845, -2.138, 3.012) baseline=(1.870, -2.141, 3.006) delta=(-0.025, 0.003, 0.005) moved=true scan_age=0.051s
[component_container-9] [INFO] [1788976385.050610966] [pure_pursuit_node]: Pure Pursuit: pose=(-1.303, 1.502, 1.458) cte=-0.000 closest=1343 target=1362 path_dist=0.000 heading_err=-0.004 steer=0.043 speed=0.488
[gpu_amcl_cpp_node-6] [INFO] [1788976385.054779498] [gpu_amcl_cpp]: AMCL local correction: odom_prediction=(-1.307, 1.477, 1.454) scan=(-1.308, 1.480, 1.450) correction=0.004 m/0.004 rad cluster_weight=0.952 publish=true
[ground_truth_amcl_monitor-7] [INFO] [1788976385.538919914] [ground_truth_amcl_monitor]: AMCL vs GT: gt=(-1.292, 1.602) amcl=(-1.283, 1.685) error=0.084 m / 0.000 rad; current_map=(-1.283, 1.687, 1.484) error=0.086 m / 0.000 rad; odom=(-1.304, 1.622, 1.484) error=0.023 m / 0.000 rad; ekf=(-1.304, 1.622, 1.484) error=0.023 m / 0.000 rad; RMS=0.069 m / 0.005 rad max=0.191 m / 0.028 rad samples=2101
[gpu_amcl_cpp_node-6] [INFO] [1788976385.929943654] [gpu_amcl_cpp]: AMCL odom delta: at_scan=(1.348, -2.091, 3.090) baseline=(1.373, -2.093, 3.084) delta=(-0.025, 0.001, 0.006) moved=true scan_age=0.052s
[component_container-9] [INFO] [1788976386.051024404] [pure_pursuit_node]: Pure Pursuit: pose=(-1.266, 1.957, 1.534) cte=-0.000 closest=1365 target=1385 path_dist=0.000 heading_err=-0.007 steer=0.062 speed=0.483
[gpu_amcl_cpp_node-6] [INFO] [1788976386.054886293] [gpu_amcl_cpp]: AMCL local correction: odom_prediction=(-1.265, 1.931, 1.530) scan=(-1.265, 1.926, 1.524) correction=0.005 m/0.006 rad cluster_weight=0.968 publish=true
[ground_truth_amcl_monitor-7] [INFO] [1788976386.556004562] [ground_truth_amcl_monitor]: AMCL vs GT: gt=(-1.273, 2.087) amcl=(-1.260, 2.129) error=0.044 m / 0.008 rad; current_map=(-1.260, 2.163, 1.581) error=0.077 m / 0.000 rad; odom=(-1.284, 2.107, 1.581) error=0.023 m / 0.000 rad; ekf=(-1.284, 2.107, 1.581) error=0.023 m / 0.000 rad; RMS=0.069 m / 0.005 rad max=0.191 m / 0.028 rad samples=2136
[gpu_amcl_cpp_node-6] [INFO] [1788976386.954933282] [gpu_amcl_cpp]: AMCL odom delta: at_scan=(0.860, -2.091, -3.083) baseline=(0.885, -2.090, -3.089) delta=(-0.025, -0.001, 0.006) moved=true scan_age=0.051s
[component_container-9] [INFO] [1788976387.054696196] [pure_pursuit_node]: Pure Pursuit: pose=(-1.271, 2.424, 1.651) cte=0.000 closest=1389 target=1408 path_dist=0.000 heading_err=-0.002 steer=0.113 speed=0.480
[gpu_amcl_cpp_node-6] [INFO] [1788976387.058855411] [gpu_amcl_cpp]: AMCL local correction: odom_prediction=(-1.268, 2.402, 1.643) scan=(-1.270, 2.398, 1.642) correction=0.005 m/0.001 rad cluster_weight=0.974 publish=true
[ground_truth_amcl_monitor-7] [INFO] [1788976387.603402667] [ground_truth_amcl_monitor]: AMCL vs GT: gt=(-1.313, 2.585) amcl=(-1.298, 2.604) error=0.025 m / 0.012 rad; current_map=(-1.302, 2.637, 1.726) error=0.053 m / 0.000 rad; odom=(-1.318, 2.571, 1.714) error=0.014 m / 0.012 rad; ekf=(-1.318, 2.571, 1.714) error=0.014 m / 0.012 rad; RMS=0.069 m / 0.005 rad max=0.191 m / 0.028 rad samples=2174
[gpu_amcl_cpp_node-6] [INFO] [1788976387.978921463] [gpu_amcl_cpp]: AMCL odom delta: at_scan=(0.378, -2.157, -2.926) baseline=(0.402, -2.152, -2.936) delta=(-0.024, -0.005, 0.010) moved=true scan_age=0.049s
[component_container-9] [INFO] [1788976388.077231071] [pure_pursuit_node]: Pure Pursuit: pose=(-1.348, 2.879, 1.812) cte=-0.003 closest=1412 target=1432 path_dist=0.003 heading_err=0.011 steer=0.141 speed=0.464
[gpu_amcl_cpp_node-6] [INFO] [1788976388.080677524] [gpu_amcl_cpp]: AMCL local correction: odom_prediction=(-1.344, 2.858, 1.804) scan=(-1.347, 2.843, 1.802) correction=0.015 m/0.002 rad cluster_weight=0.974 publish=true
[ground_truth_amcl_monitor-7] [INFO] [1788976388.630834583] [ground_truth_amcl_monitor]: AMCL vs GT: gt=(-1.426, 3.047) amcl=(-1.411, 3.050) error=0.015 m / 0.007 rad; current_map=(-1.418, 3.072, 1.892) error=0.026 m / 0.000 rad; odom=(-1.429, 3.046, 1.885) error=0.003 m / 0.007 rad; ekf=(-1.429, 3.046, 1.885) error=0.003 m / 0.007 rad; RMS=0.068 m / 0.005 rad max=0.191 m / 0.028 rad samples=2212
[gpu_amcl_cpp_node-6] [INFO] [1788976389.028739811] [gpu_amcl_cpp]: AMCL odom delta: at_scan=(-0.074, -2.296, -2.760) baseline=(-0.046, -2.285, -2.772) delta=(-0.028, -0.011, 0.011) moved=true scan_age=0.051s
[component_container-9] [INFO] [1788976389.077860452] [pure_pursuit_node]: Pure Pursuit: pose=(-1.488, 3.270, 1.971) cte=-0.006 closest=1433 target=1452 path_dist=0.006 heading_err=0.025 steer=0.226 speed=0.427
[gpu_amcl_cpp_node-6] [INFO] [1788976389.132553499] [gpu_amcl_cpp]: AMCL local correction: odom_prediction=(-1.493, 3.263, 1.974) scan=(-1.493, 3.264, 1.971) correction=0.001 m/0.003 rad cluster_weight=0.981 publish=true
[gpu_amcl_cpp_node-6] [INFO] [1788976389.555973797] [gpu_amcl_cpp]: Received LiDAR callback #1135 (1081 ranges).
[gpu_amcl_cpp_node-6] [INFO] [1788976389.556024302] [gpu_amcl_cpp]: Starting AMCL scan update #1135 (sampled from 1081 ranges).
[ground_truth_amcl_monitor-7] [INFO] [1788976389.658332716] [ground_truth_amcl_monitor]: AMCL vs GT: gt=(-1.603, 3.446) amcl=(-1.586, 3.449) error=0.017 m / 0.016 rad; current_map=(-1.597, 3.467, 2.115) error=0.022 m / 0.000 rad; odom=(-1.613, 3.470, 2.115) error=0.026 m / 0.000 rad; ekf=(-1.613, 3.470, 2.115) error=0.026 m / 0.000 rad; RMS=0.068 m / 0.005 rad max=0.191 m / 0.028 rad samples=2250
[gpu_amcl_cpp_node-6] [INFO] [1788976389.658808866] [gpu_amcl_cpp]: AMCL scan update #1137 completed; evaluating pose confidence.
[gpu_amcl_cpp_node-6] [INFO] [1788976390.057106573] [gpu_amcl_cpp]: AMCL odom delta: at_scan=(-0.446, -2.510, -2.427) baseline=(-0.430, -2.496, -2.454) delta=(-0.016, -0.014, 0.027) moved=true scan_age=0.053s
[component_container-9] [INFO] [1788976390.107724955] [pure_pursuit_node]: Pure Pursuit: pose=(-1.729, 3.650, 2.340) cte=-0.001 closest=1455 target=1475 path_dist=0.001 heading_err=0.013 steer=0.477 speed=0.426
[gpu_amcl_cpp_node-6] [INFO] [1788976390.180860828] [gpu_amcl_cpp]: AMCL local correction: odom_prediction=(-1.734, 3.647, 2.355) scan=(-1.734, 3.655, 2.342) correction=0.008 m/0.012 rad cluster_weight=0.980 publish=true
[ground_truth_amcl_monitor-7] [INFO] [1788976390.683640178] [ground_truth_amcl_monitor]: AMCL vs GT: gt=(-1.891, 3.730) amcl=(-1.864, 3.762) error=0.043 m / 0.066 rad; current_map=(-1.882, 3.773, 2.623) error=0.044 m / 0.032 rad; odom=(-1.906, 3.762, 2.655) error=0.035 m / 0.000 rad; ekf=(-1.906, 3.762, 2.655) error=0.035 m / 0.000 rad; RMS=0.067 m / 0.006 rad max=0.191 m / 0.066 rad samples=2286
[gpu_amcl_cpp_node-6] [INFO] [1788976391.101821259] [gpu_amcl_cpp]: AMCL odom delta: at_scan=(-0.664, -2.866, -1.824) baseline=(-0.659, -2.846, -1.848) delta=(-0.005, -0.020, 0.024) moved=true scan_age=0.050s
[component_container-9] [INFO] [1788976391.150829461] [pure_pursuit_node]: Pure Pursuit: pose=(-2.102, 3.851, 2.938) cte=0.011 closest=1477 target=1496 path_dist=0.011 heading_err=0.046 steer=0.404 speed=0.418
[gpu_amcl_cpp_node-6] [INFO] [1788976391.205481864] [gpu_amcl_cpp]: AMCL local correction: odom_prediction=(-2.102, 3.856, 2.938) scan=(-2.109, 3.863, 2.934) correction=0.010 m/0.005 rad cluster_weight=0.976 publish=true
[ground_truth_amcl_monitor-7] [INFO] [1788976391.731154896] [ground_truth_amcl_monitor]: AMCL vs GT: gt=(-2.290, 3.810) amcl=(-2.273, 3.872) error=0.064 m / 0.052 rad; current_map=(-2.292, 3.871, -3.097) error=0.061 m / 0.026 rad; odom=(-2.313, 3.846, -3.071) error=0.043 m / 0.000 rad; ekf=(-2.313, 3.846, -3.071) error=0.043 m / 0.000 rad; RMS=0.067 m / 0.007 rad max=0.191 m / 0.066 rad samples=2326
[gpu_amcl_cpp_node-6] [INFO] [1788976392.107379011] [gpu_amcl_cpp]: AMCL odom delta: at_scan=(-0.663, -3.263, -1.315) baseline=(-0.668, -3.244, -1.339) delta=(0.005, -0.020, 0.024) moved=true scan_age=0.052s
[component_container-9] [INFO] [1788976392.176121995] [pure_pursuit_node]: Pure Pursuit: pose=(-2.494, 3.801, -2.832) cte=-0.028 closest=1497 target=1516 path_dist=0.028 heading_err=-0.018 steer=0.291 speed=0.410
[gpu_amcl_cpp_node-6] [INFO] [1788976392.231567641] [gpu_amcl_cpp]: AMCL local correction: odom_prediction=(-2.496, 3.799, -2.833) scan=(-2.498, 3.793, -2.830) correction=0.006 m/0.003 rad cluster_weight=0.977 publish=true
[ground_truth_amcl_monitor-7] [INFO] [1788976392.734106214] [ground_truth_amcl_monitor]: AMCL vs GT: gt=(-2.668, 3.690) amcl=(-2.670, 3.693) error=0.003 m / 0.000 rad; current_map=(-2.673, 3.697, -2.629) error=0.008 m / 0.000 rad; odom=(-2.696, 3.728, -2.629) error=0.046 m / 0.000 rad; ekf=(-2.696, 3.728, -2.629) error=0.046 m / 0.000 rad; RMS=0.067 m / 0.007 rad max=0.191 m / 0.066 rad samples=2363
[gpu_amcl_cpp_node-6] [INFO] [1788976393.154835690] [gpu_amcl_cpp]: AMCL odom delta: at_scan=(-0.470, -3.638, -0.860) baseline=(-0.484, -3.622, -0.886) delta=(0.013, -0.016, 0.026) moved=true scan_age=0.050s
[component_container-9] [INFO] [1788976393.204778901] [pure_pursuit_node]: Pure Pursuit: pose=(-2.840, 3.566, -2.377) cte=-0.028 closest=1519 target=1538 path_dist=0.028 heading_err=0.111 steer=0.405 speed=0.427
[gpu_amcl_cpp_node-6] [INFO] [1788976393.259984920] [gpu_amcl_cpp]: AMCL local correction: odom_prediction=(-2.839, 3.554, -2.376) scan=(-2.836, 3.542, -2.373) correction=0.012 m/0.003 rad cluster_weight=0.964 publish=true
[ground_truth_amcl_monitor-7] [INFO] [1788976393.756040891] [ground_truth_amcl_monitor]: AMCL vs GT: gt=(-2.963, 3.407) amcl=(-2.947, 3.378) error=0.033 m / 0.024 rad; current_map=(-2.959, 3.360, -2.127) error=0.047 m / 0.000 rad; odom=(-2.985, 3.459, -2.151) error=0.057 m / 0.024 rad; ekf=(-2.985, 3.459, -2.151) error=0.057 m / 0.024 rad; RMS=0.066 m / 0.007 rad max=0.191 m / 0.066 rad samples=2400
[gpu_amcl_cpp_node-6] [INFO] [1788976394.204550183] [gpu_amcl_cpp]: AMCL odom delta: at_scan=(-0.114, -3.881, -0.376) baseline=(-0.143, -3.869, -0.401) delta=(0.029, -0.012, 0.026) moved=true scan_age=0.052s
[component_container-9] [INFO] [1788976394.254262313] [pure_pursuit_node]: Pure Pursuit: pose=(-3.053, 3.136, -1.910) cte=-0.012 closest=1544 target=1563 path_dist=0.012 heading_err=0.125 steer=0.247 speed=0.463
[gpu_amcl_cpp_node-6] [INFO] [1788976394.307848234] [gpu_amcl_cpp]: AMCL local correction: odom_prediction=(-3.049, 3.131, -1.910) scan=(-3.052, 3.136, -1.906) correction=0.006 m/0.004 rad cluster_weight=0.952 publish=true
[gpu_amcl_cpp_node-6] [WARN] [1788976394.411059914] [gpu_amcl_cpp]: Clamped accumulated local AMCL correction from 0.126 to 0.120 m.
[gpu_amcl_cpp_node-6] [INFO] [1788976394.581162988] [gpu_amcl_cpp]: Received LiDAR callback #1227 (1081 ranges).
[gpu_amcl_cpp_node-6] [INFO] [1788976394.581219483] [gpu_amcl_cpp]: Starting AMCL scan update #1227 (sampled from 1081 ranges).
[gpu_amcl_cpp_node-6] [INFO] [1788976394.682629174] [gpu_amcl_cpp]: AMCL scan update #1229 completed; evaluating pose confidence.
[ground_truth_amcl_monitor-7] [INFO] [1788976394.803257883] [ground_truth_amcl_monitor]: AMCL vs GT: gt=(-3.121, 2.973) amcl=(-3.100, 2.939) error=0.040 m / 0.017 rad; current_map=(-3.107, 2.906, -1.770) error=0.068 m / 0.000 rad; odom=(-3.156, 3.008, -1.770) error=0.050 m / 0.000 rad; ekf=(-3.156, 3.008, -1.770) error=0.050 m / 0.000 rad; RMS=0.066 m / 0.007 rad max=0.191 m / 0.066 rad samples=2438
[gpu_amcl_cpp_node-6] [INFO] [1788976395.228792172] [gpu_amcl_cpp]: AMCL odom delta: at_scan=(0.351, -3.990, -0.136) baseline=(0.316, -3.985, -0.143) delta=(0.035, -0.005, 0.007) moved=true scan_age=0.051s
[component_container-9] [INFO] [1788976395.278484796] [pure_pursuit_node]: Pure Pursuit: pose=(-3.151, 2.646, -1.696) cte=0.011 closest=1569 target=1588 path_dist=0.011 heading_err=0.008 steer=0.062 speed=0.491
[gpu_amcl_cpp_node-6] [INFO] [1788976395.333627468] [gpu_amcl_cpp]: AMCL local correction: odom_prediction=(-3.147, 2.646, -1.696) scan=(-3.143, 2.626, -1.690) correction=0.021 m/0.007 rad cluster_weight=0.953 publish=true
[gpu_amcl_cpp_node-6] [WARN] [1788976395.787012654] [gpu_amcl_cpp]: Clamped accumulated local AMCL correction from 0.124 to 0.120 m.
[ground_truth_amcl_monitor-7] [INFO] [1788976395.855561077] [ground_truth_amcl_monitor]: AMCL vs GT: gt=(-3.189, 2.459) amcl=(-3.170, 2.422) error=0.041 m / 0.000 rad; current_map=(-3.174, 2.387, -1.673) error=0.073 m / 0.000 rad; odom=(-3.224, 2.496, -1.673) error=0.052 m / 0.000 rad; ekf=(-3.221, 2.531, -1.673) error=0.079 m / 0.000 rad; RMS=0.066 m / 0.007 rad max=0.191 m / 0.066 rad samples=2476
[gpu_amcl_cpp_node-6] [INFO] [1788976396.232663544] [gpu_amcl_cpp]: AMCL odom delta: at_scan=(0.851, -4.045, -0.108) baseline=(0.825, -4.042, -0.108) delta=(0.026, -0.003, 0.000) moved=true scan_age=0.052s
[component_container-9] [INFO] [1788976396.299653224] [pure_pursuit_node]: Pure Pursuit: pose=(-3.202, 2.140, -1.682) cte=0.001 closest=1594 target=1614 path_dist=0.001 heading_err=-0.011 steer=-0.012 speed=0.498
[gpu_amcl_cpp_node-6] [INFO] [1788976396.356505392] [gpu_amcl_cpp]: AMCL local correction: odom_prediction=(-3.203, 2.148, -1.682) scan=(-3.204, 2.168, -1.673) correction=0.020 m/0.009 rad cluster_weight=0.952 publish=true
[ground_truth_amcl_monitor-7] [INFO] [1788976396.857575685] [ground_truth_amcl_monitor]: AMCL vs GT: gt=(-3.244, 1.960) amcl=(-3.232, 1.926) error=0.036 m / 0.000 rad; current_map=(-3.230, 1.919, -1.682) error=0.044 m / 0.000 rad; odom=(-3.280, 1.997, -1.682) error=0.052 m / 0.000 rad; ekf=(-3.280, 1.997, -1.682) error=0.052 m / 0.000 rad; RMS=0.066 m / 0.007 rad max=0.191 m / 0.066 rad samples=2513
[gpu_amcl_cpp_node-6] [INFO] [1788976397.281843318] [gpu_amcl_cpp]: AMCL odom delta: at_scan=(1.373, -4.104, -0.110) baseline=(1.348, -4.101, -0.109) delta=(0.025, -0.003, -0.000) moved=true scan_age=0.051s
[component_container-9] [INFO] [1788976397.330844140] [pure_pursuit_node]: Pure Pursuit: pose=(-3.263, 1.682, -1.679) cte=0.007 closest=1617 target=1637 path_dist=0.007 heading_err=-0.009 steer=0.023 speed=0.478
[gpu_amcl_cpp_node-6] [INFO] [1788976397.406537311] [gpu_amcl_cpp]: AMCL local correction: odom_prediction=(-3.264, 1.667, -1.678) scan=(-3.264, 1.679, -1.667) correction=0.011 m/0.011 rad cluster_weight=0.949 publish=true
[ground_truth_amcl_monitor-7] [INFO] [1788976397.878005673] [ground_truth_amcl_monitor]: AMCL vs GT: gt=(-3.297, 1.466) amcl=(-3.289, 1.510) error=0.045 m / 0.001 rad; current_map=(-3.292, 1.486, -1.669) error=0.021 m / 0.000 rad; odom=(-3.333, 1.502, -1.669) error=0.051 m / 0.000 rad; ekf=(-3.333, 1.502, -1.669) error=0.051 m / 0.000 rad; RMS=0.065 m / 0.007 rad max=0.191 m / 0.066 rad samples=2550
[gpu_amcl_cpp_node-6] [INFO] [1788976398.306296853] [gpu_amcl_cpp]: AMCL odom delta: at_scan=(1.860, -4.153, -0.104) baseline=(1.836, -4.151, -0.101) delta=(0.024, -0.002, -0.003) moved=true scan_age=0.051s
[component_container-9] [INFO] [1788976398.357212094] [pure_pursuit_node]: Pure Pursuit: pose=(-3.313, 1.234, -1.681) cte=0.005 closest=1640 target=1659 path_dist=0.005 heading_err=-0.007 steer=-0.058 speed=0.474
[gpu_amcl_cpp_node-6] [INFO] [1788976398.431470273] [gpu_amcl_cpp]: AMCL local correction: odom_prediction=(-3.313, 1.228, -1.684) scan=(-3.316, 1.217, -1.673) correction=0.011 m/0.011 rad cluster_weight=0.961 publish=true
[ground_truth_amcl_monitor-7] [INFO] [1788976398.881864024] [ground_truth_amcl_monitor]: AMCL vs GT: gt=(-3.352, 0.992) amcl=(-3.341, 1.041) error=0.051 m / 0.007 rad; current_map=(-3.344, 1.017, -1.730) error=0.026 m / 0.000 rad; odom=(-3.388, 1.028, -1.730) error=0.051 m / 0.000 rad; ekf=(-3.388, 1.028, -1.730) error=0.051 m / 0.000 rad; RMS=0.065 m / 0.007 rad max=0.191 m / 0.066 rad samples=2586
[gpu_amcl_cpp_node-6] [INFO] [1788976399.332722607] [gpu_amcl_cpp]: AMCL odom delta: at_scan=(2.341, -4.228, -0.213) baseline=(2.318, -4.223, -0.206) delta=(0.024, -0.005, -0.008) moved=true scan_age=0.052s
[component_container-9] [INFO] [1788976399.383654250] [pure_pursuit_node]: Pure Pursuit: pose=(-3.394, 0.782, -1.801) cte=0.010 closest=1663 target=1682 path_dist=0.010 heading_err=0.007 steer=-0.091 speed=0.466
[gpu_amcl_cpp_node-6] [INFO] [1788976399.455642877] [gpu_amcl_cpp]: AMCL local correction: odom_prediction=(-3.396, 0.767, -1.805) scan=(-3.397, 0.750, -1.796) correction=0.017 m/0.008 rad cluster_weight=0.981 publish=true
[gpu_amcl_cpp_node-6] [INFO] [1788976399.607464616] [gpu_amcl_cpp]: Received LiDAR callback #1318 (1081 ranges).
[gpu_amcl_cpp_node-6] [INFO] [1788976399.607525961] [gpu_amcl_cpp]: Starting AMCL scan update #1318 (sampled from 1081 ranges).
[gpu_amcl_cpp_node-6] [INFO] [1788976399.731441201] [gpu_amcl_cpp]: AMCL scan update #1320 completed; evaluating pose confidence.
[ground_truth_amcl_monitor-7] [INFO] [1788976399.903239114] [ground_truth_amcl_monitor]: AMCL vs GT: gt=(-3.463, 0.519) amcl=(-3.442, 0.590) error=0.073 m / 0.018 rad; current_map=(-3.453, 0.557, -1.898) error=0.039 m / 0.000 rad; odom=(-3.498, 0.555, -1.898) error=0.050 m / 0.000 rad; ekf=(-3.498, 0.555, -1.898) error=0.050 m / 0.000 rad; RMS=0.065 m / 0.007 rad max=0.191 m / 0.066 rad samples=2622
[gpu_amcl_cpp_node-6] [INFO] [1788976400.333585557] [gpu_amcl_cpp]: AMCL odom delta: at_scan=(2.792, -4.373, -0.431) baseline=(2.770, -4.363, -0.417) delta=(0.023, -0.010, -0.014) moved=true scan_age=0.051s
[component_container-9] [INFO] [1788976400.400944611] [pure_pursuit_node]: Pure Pursuit: pose=(-3.548, 0.315, -2.029) cte=-0.001 closest=1687 target=1707 path_dist=0.001 heading_err=-0.010 steer=-0.203 speed=0.462
[gpu_amcl_cpp_node-6] [INFO] [1788976400.458695342] [gpu_amcl_cpp]: AMCL local correction: odom_prediction=(-3.550, 0.297, -2.032) scan=(-3.549, 0.300, -2.022) correction=0.003 m/0.009 rad cluster_weight=0.983 publish=true
[ground_truth_amcl_monitor-7] [INFO] [1788976400.907563021] [ground_truth_amcl_monitor]: AMCL vs GT: gt=(-3.662, 0.110) amcl=(-3.633, 0.136) error=0.038 m / 0.014 rad; current_map=(-3.645, 0.118, -2.164) error=0.018 m / 0.000 rad; odom=(-3.697, 0.141, -2.164) error=0.047 m / 0.000 rad; ekf=(-3.697, 0.141, -2.164) error=0.047 m / 0.000 rad; RMS=0.065 m / 0.007 rad max=0.191 m / 0.066 rad samples=2658
[gpu_amcl_cpp_node-6] [INFO] [1788976401.355648291] [gpu_amcl_cpp]: AMCL odom delta: at_scan=(3.168, -4.615, -0.730) baseline=(3.151, -4.601, -0.712) delta=(0.016, -0.014, -0.018) moved=true scan_age=0.050s
[component_container-9] [INFO] [1788976401.404867735] [pure_pursuit_node]: Pure Pursuit: pose=(-3.790, -0.057, -2.337) cte=-0.008 closest=1710 target=1729 path_dist=0.008 heading_err=0.046 steer=-0.222 speed=0.439
[gpu_amcl_cpp_node-6] [INFO] [1788976401.460135224] [gpu_amcl_cpp]: AMCL local correction: odom_prediction=(-3.794, -0.071, -2.335) scan=(-3.793, -0.063, -2.327) correction=0.008 m/0.009 rad cluster_weight=0.948 publish=true
[ground_truth_amcl_monitor-7] [INFO] [1788976401.907954078] [ground_truth_amcl_monitor]: AMCL vs GT: gt=(-3.947, -0.194) amcl=(-3.913, -0.197) error=0.034 m / 0.020 rad; current_map=(-3.929, -0.210, -2.491) error=0.024 m / 0.000 rad; odom=(-3.983, -0.166, -2.491) error=0.046 m / 0.000 rad; ekf=(-3.967, -0.154, -2.472) error=0.045 m / 0.020 rad; RMS=0.064 m / 0.007 rad max=0.191 m / 0.066 rad samples=2694
[gpu_amcl_cpp_node-6] [INFO] [1788976402.355823881] [gpu_amcl_cpp]: AMCL odom delta: at_scan=(3.427, -4.946, -1.092) baseline=(3.412, -4.918, -1.066) delta=(0.015, -0.028, -0.025) moved=true scan_age=0.053s
[component_container-9] [INFO] [1788976402.406510077] [pure_pursuit_node]: Pure Pursuit: pose=(-4.127, -0.327, -2.696) cte=-0.010 closest=1731 target=1751 path_dist=0.010 heading_err=0.022 steer=-0.190 speed=0.422
[gpu_amcl_cpp_node-6] [INFO] [1788976402.481316605] [gpu_amcl_cpp]: AMCL local correction: odom_prediction=(-4.133, -0.328, -2.702) scan=(-4.135, -0.328, -2.695) correction=0.003 m/0.007 rad cluster_weight=0.980 publish=true
[ground_truth_amcl_monitor-7] [INFO] [1788976402.930716360] [ground_truth_amcl_monitor]: AMCL vs GT: gt=(-4.325, -0.385) amcl=(-4.290, -0.402) error=0.039 m / 0.009 rad; current_map=(-4.310, -0.409, -2.800) error=0.028 m / 0.000 rad; odom=(-4.369, -0.364, -2.800) error=0.049 m / 0.000 rad; ekf=(-4.369, -0.364, -2.800) error=0.049 m / 0.000 rad; RMS=0.064 m / 0.008 rad max=0.191 m / 0.066 rad samples=2730
[gpu_amcl_cpp_node-6] [INFO] [1788976403.402806869] [gpu_amcl_cpp]: AMCL odom delta: at_scan=(3.576, -5.361, -1.373) baseline=(3.572, -5.340, -1.352) delta=(0.004, -0.021, -0.021) moved=true scan_age=0.051s
[component_container-9] [INFO] [1788976403.451252737] [pure_pursuit_node]: Pure Pursuit: pose=(-4.539, -0.464, -2.991) cte=-0.002 closest=1753 target=1772 path_dist=0.002 heading_err=0.055 steer=-0.278 speed=0.426
[gpu_amcl_cpp_node-6] [INFO] [1788976403.506575792] [gpu_amcl_cpp]: AMCL local correction: odom_prediction=(-4.537, -0.469, -2.986) scan=(-4.541, -0.474, -2.981) correction=0.006 m/0.005 rad cluster_weight=0.981 publish=true
[ground_truth_amcl_monitor-7] [INFO] [1788976403.931748781] [ground_truth_amcl_monitor]: AMCL vs GT: gt=(-4.729, -0.456) amcl=(-4.715, -0.473) error=0.022 m / 0.000 rad; current_map=(-4.712, -0.476, 3.112) error=0.026 m / 0.000 rad; odom=(-4.777, -0.438, 3.112) error=0.052 m / 0.000 rad; ekf=(-4.777, -0.438, 3.112) error=0.052 m / 0.000 rad; RMS=0.064 m / 0.008 rad max=0.191 m / 0.066 rad samples=2769
[gpu_amcl_cpp_node-6] [INFO] [1788976404.405831992] [gpu_amcl_cpp]: AMCL odom delta: at_scan=(3.569, -5.773, -1.805) baseline=(3.574, -5.752, -1.785) delta=(-0.005, -0.021, -0.020) moved=true scan_age=0.049s
[component_container-9] [INFO] [1788976404.454542666] [pure_pursuit_node]: Pure Pursuit: pose=(-4.948, -0.435, 2.858) cte=0.010 closest=1774 target=1793 path_dist=0.010 heading_err=-0.063 steer=-0.406 speed=0.434
[gpu_amcl_cpp_node-6] [INFO] [1788976404.512857775] [gpu_amcl_cpp]: AMCL local correction: odom_prediction=(-4.942, -0.415, 2.857) scan=(-4.948, -0.422, 2.865) correction=0.010 m/0.008 rad cluster_weight=0.970 publish=true
[gpu_amcl_cpp_node-6] [INFO] [1788976404.629968381] [gpu_amcl_cpp]: Received LiDAR callback #1409 (1081 ranges).
[gpu_amcl_cpp_node-6] [INFO] [1788976404.630037290] [gpu_amcl_cpp]: Starting AMCL scan update #1409 (sampled from 1081 ranges).
[gpu_amcl_cpp_node-6] [INFO] [1788976404.734637118] [gpu_amcl_cpp]: AMCL scan update #1411 completed; evaluating pose confidence.
[ground_truth_amcl_monitor-7] [INFO] [1788976404.949494260] [ground_truth_amcl_monitor]: AMCL vs GT: gt=(-5.125, -0.349) amcl=(-5.079, -0.387) error=0.060 m / 0.048 rad; current_map=(-5.100, -0.376, 2.642) error=0.037 m / 0.000 rad; odom=(-5.166, -0.337, 2.642) error=0.042 m / 0.000 rad; ekf=(-5.166, -0.337, 2.642) error=0.042 m / 0.000 rad; RMS=0.063 m / 0.008 rad max=0.191 m / 0.066 rad samples=2804
[gpu_amcl_cpp_node-6] [INFO] [1788976405.430531777] [gpu_amcl_cpp]: AMCL odom delta: at_scan=(3.369, -6.149, -2.295) baseline=(3.384, -6.132, -2.274) delta=(-0.015, -0.017, -0.021) moved=true scan_age=0.051s
[component_container-9] [INFO] [1788976405.479932372] [pure_pursuit_node]: Pure Pursuit: pose=(-5.310, -0.207, 2.378) cte=-0.002 closest=1796 target=1815 path_dist=0.002 heading_err=-0.051 steer=-0.275 speed=0.466
[gpu_amcl_cpp_node-6] [INFO] [1788976405.534935830] [gpu_amcl_cpp]: AMCL local correction: odom_prediction=(-5.310, -0.196, 2.380) scan=(-5.313, -0.188, 2.385) correction=0.009 m/0.005 rad cluster_weight=0.956 publish=true
[ground_truth_amcl_monitor-7] [INFO] [1788976405.981888147] [ground_truth_amcl_monitor]: AMCL vs GT: gt=(-5.458, -0.047) amcl=(-5.431, -0.067) error=0.033 m / 0.013 rad; current_map=(-5.445, -0.049, 2.233) error=0.013 m / 0.000 rad; odom=(-5.518, -0.028, 2.233) error=0.063 m / 0.000 rad; ekf=(-5.518, -0.028, 2.233) error=0.063 m / 0.000 rad; RMS=0.063 m / 0.008 rad max=0.191 m / 0.066 rad samples=2842
[gpu_amcl_cpp_node-6] [INFO] [1788976406.453969336] [gpu_amcl_cpp]: AMCL odom delta: at_scan=(3.003, -6.440, -2.623) baseline=(3.023, -6.428, -2.610) delta=(-0.020, -0.012, -0.013) moved=true scan_age=0.050s
[component_container-9] [INFO] [1788976406.505996191] [pure_pursuit_node]: Pure Pursuit: pose=(-5.596, 0.215, 2.064) cte=0.006 closest=1821 target=1841 path_dist=0.006 heading_err=-0.021 steer=-0.137 speed=0.472
[gpu_amcl_cpp_node-6] [INFO] [1788976406.578362501] [gpu_amcl_cpp]: AMCL local correction: odom_prediction=(-5.600, 0.211, 2.059) scan=(-5.600, 0.197, 2.057) correction=0.014 m/0.002 rad cluster_weight=0.955 publish=true
[ground_truth_amcl_monitor-7] [INFO] [1788976406.983707657] [ground_truth_amcl_monitor]: AMCL vs GT: gt=(-5.690, 0.360) amcl=(-5.679, 0.387) error=0.029 m / 0.000 rad; current_map=(-5.684, 0.397, 1.977) error=0.037 m / 0.000 rad; odom=(-5.750, 0.378, 1.977) error=0.063 m / 0.000 rad; ekf=(-5.750, 0.378, 1.977) error=0.063 m / 0.000 rad; RMS=0.063 m / 0.008 rad max=0.191 m / 0.066 rad samples=2881
[gpu_amcl_cpp_node-6] [INFO] [1788976407.456797930] [gpu_amcl_cpp]: AMCL odom delta: at_scan=(2.569, -6.633, -2.802) baseline=(2.591, -6.625, -2.796) delta=(-0.022, -0.008, -0.006) moved=true scan_age=0.051s
[component_container-9] [INFO] [1788976407.506229323] [pure_pursuit_node]: Pure Pursuit: pose=(-5.780, 0.649, 1.899) cte=-0.002 closest=1845 target=1864 path_dist=0.002 heading_err=-0.003 steer=-0.070 speed=0.489
[gpu_amcl_cpp_node-6] [INFO] [1788976407.578924848] [gpu_amcl_cpp]: AMCL local correction: odom_prediction=(-5.782, 0.648, 1.897) scan=(-5.786, 0.653, 1.891) correction=0.006 m/0.006 rad cluster_weight=0.952 publish=true
[ground_truth_amcl_monitor-7] [INFO] [1788976407.984583406] [ground_truth_amcl_monitor]: AMCL vs GT: gt=(-5.848, 0.811) amcl=(-5.840, 0.832) error=0.022 m / 0.000 rad; current_map=(-5.840, 0.816, 1.855) error=0.009 m / 0.000 rad; odom=(-5.909, 0.828, 1.855) error=0.063 m / 0.000 rad; ekf=(-5.909, 0.828, 1.855) error=0.063 m / 0.000 rad; RMS=0.062 m / 0.008 rad max=0.191 m / 0.066 rad samples=2919
[gpu_amcl_cpp_node-6] [INFO] [1788976408.478068663] [gpu_amcl_cpp]: AMCL odom delta: at_scan=(2.102, -6.771, -2.896) baseline=(2.135, -6.763, -2.890) delta=(-0.033, -0.008, -0.006) moved=true scan_age=0.051s
[component_container-9] [INFO] [1788976408.526062459] [pure_pursuit_node]: Pure Pursuit: pose=(-5.910, 1.097, 1.810) cte=-0.001 closest=1868 target=1888 path_dist=0.001 heading_err=0.011 steer=-0.029 speed=0.492
[gpu_amcl_cpp_node-6] [INFO] [1788976408.580599869] [gpu_amcl_cpp]: AMCL local correction: odom_prediction=(-5.909, 1.080, 1.810) scan=(-5.914, 1.100, 1.805) correction=0.020 m/0.006 rad cluster_weight=0.950 publish=true
[ground_truth_amcl_monitor-7] [INFO] [1788976409.008343029] [ground_truth_amcl_monitor]: AMCL vs GT: gt=(-5.970, 1.296) amcl=(-5.953, 1.272) error=0.029 m / 0.003 rad; current_map=(-5.959, 1.297, 1.786) error=0.011 m / 0.000 rad; odom=(-6.030, 1.311, 1.786) error=0.063 m / 0.000 rad; ekf=(-6.030, 1.311, 1.786) error=0.063 m / 0.000 rad; RMS=0.062 m / 0.008 rad max=0.191 m / 0.066 rad samples=2956
[gpu_amcl_cpp_node-6] [INFO] [1788976409.508029256] [gpu_amcl_cpp]: AMCL odom delta: at_scan=(1.602, -6.881, -2.952) baseline=(1.628, -6.876, -2.949) delta=(-0.026, -0.005, -0.003) moved=true scan_age=0.053s
[component_container-9] [INFO] [1788976409.558728641] [pure_pursuit_node]: Pure Pursuit: pose=(-6.016, 1.575, 1.754) cte=-0.001 closest=1893 target=1912 path_dist=0.001 heading_err=0.004 steer=-0.039 speed=0.493
[gpu_amcl_cpp_node-6] [INFO] [1788976409.628704914] [gpu_amcl_cpp]: AMCL local correction: odom_prediction=(-6.021, 1.592, 1.750) scan=(-6.020, 1.587, 1.747) correction=0.005 m/0.004 rad cluster_weight=0.955 publish=true
[gpu_amcl_cpp_node-6] [INFO] [1788976409.676198476] [gpu_amcl_cpp]: Received LiDAR callback #1502 (1081 ranges).
[gpu_amcl_cpp_node-6] [INFO] [1788976409.676264239] [gpu_amcl_cpp]: Starting AMCL scan update #1502 (sampled from 1081 ranges).
[gpu_amcl_cpp_node-6] [INFO] [1788976409.781594759] [gpu_amcl_cpp]: AMCL scan update #1504 completed; evaluating pose confidence.
[ground_truth_amcl_monitor-7] [INFO] [1788976410.008544662] [ground_truth_amcl_monitor]: AMCL vs GT: gt=(-6.062, 1.786) amcl=(-6.051, 1.756) error=0.032 m / 0.000 rad; current_map=(-6.050, 1.759, 1.727) error=0.029 m / 0.000 rad; odom=(-6.123, 1.801, 1.727) error=0.063 m / 0.000 rad; ekf=(-6.123, 1.801, 1.727) error=0.063 m / 0.000 rad; RMS=0.062 m / 0.008 rad max=0.191 m / 0.066 rad samples=2993
[gpu_amcl_cpp_node-6] [INFO] [1788976410.530299924] [gpu_amcl_cpp]: AMCL odom delta: at_scan=(1.096, -6.961, -3.014) baseline=(1.122, -6.957, -3.012) delta=(-0.026, -0.003, -0.002) moved=true scan_age=0.051s
[component_container-9] [INFO] [1788976410.579771585] [pure_pursuit_node]: Pure Pursuit: pose=(-6.095, 2.079, 1.694) cte=-0.001 closest=1918 target=1938 path_dist=0.001 heading_err=0.001 steer=-0.044 speed=0.493
[gpu_amcl_cpp_node-6] [INFO] [1788976410.631691973] [gpu_amcl_cpp]: AMCL local correction: odom_prediction=(-6.095, 2.089, 1.693) scan=(-6.094, 2.093, 1.691) correction=0.004 m/0.002 rad cluster_weight=0.956 publish=true
[ground_truth_amcl_monitor-7] [INFO] [1788976411.011327584] [ground_truth_amcl_monitor]: AMCL vs GT: gt=(-6.126, 2.284) amcl=(-6.117, 2.280) error=0.010 m / 0.000 rad; current_map=(-6.116, 2.279, 1.675) error=0.012 m / 0.000 rad; odom=(-6.187, 2.299, 1.675) error=0.063 m / 0.000 rad; ekf=(-6.187, 2.299, 1.675) error=0.063 m / 0.000 rad; RMS=0.062 m / 0.008 rad max=0.191 m / 0.066 rad samples=3031
[gpu_amcl_cpp_node-6] [INFO] [1788976411.577098603] [gpu_amcl_cpp]: AMCL odom delta: at_scan=(0.574, -7.013, -3.070) baseline=(0.609, -7.010, -3.066) delta=(-0.034, -0.003, -0.004) moved=true scan_age=0.051s
[component_container-9] [INFO] [1788976411.627927000] [pure_pursuit_node]: Pure Pursuit: pose=(-6.142, 2.609, 1.636) cte=0.002 closest=1945 target=1964 path_dist=0.002 heading_err=-0.001 steer=-0.028 speed=0.492
[gpu_amcl_cpp_node-6] [INFO] [1788976411.682296678] [gpu_amcl_cpp]: AMCL local correction: odom_prediction=(-6.139, 2.589, 1.637) scan=(-6.140, 2.595, 1.637) correction=0.007 m/0.000 rad cluster_weight=0.965 publish=true
[ground_truth_amcl_monitor-7] [INFO] [1788976412.029257176] [ground_truth_amcl_monitor]: AMCL vs GT: gt=(-6.165, 2.795) amcl=(-6.152, 2.734) error=0.063 m / 0.004 rad; current_map=(-6.153, 2.770, 1.623) error=0.028 m / 0.000 rad; odom=(-6.226, 2.809, 1.623) error=0.063 m / 0.000 rad; ekf=(-6.226, 2.809, 1.623) error=0.063 m / 0.000 rad; RMS=0.061 m / 0.008 rad max=0.191 m / 0.066 rad samples=3066
[gpu_amcl_cpp_node-6] [INFO] [1788976412.606451518] [gpu_amcl_cpp]: AMCL odom delta: at_scan=(0.060, -7.036, -3.129) baseline=(0.086, -7.036, -3.127) delta=(-0.026, -0.000, -0.002) moved=true scan_age=0.052s
[component_container-9] [INFO] [1788976412.656694351] [pure_pursuit_node]: Pure Pursuit: pose=(-6.165, 3.112, 1.577) cte=-0.002 closest=1970 target=1990 path_dist=0.002 heading_err=0.004 steer=-0.038 speed=0.492
[gpu_amcl_cpp_node-6] [INFO] [1788976412.730251332] [gpu_amcl_cpp]: AMCL local correction: odom_prediction=(-6.160, 3.124, 1.576) scan=(-6.167, 3.136, 1.572) correction=0.014 m/0.004 rad cluster_weight=0.960 publish=true
[ground_truth_amcl_monitor-7] [INFO] [1788976413.053686321] [ground_truth_amcl_monitor]: AMCL vs GT: gt=(-6.174, 3.310) amcl=(-6.162, 3.264) error=0.047 m / 0.003 rad; current_map=(-6.161, 3.290, 1.560) error=0.023 m / 0.000 rad; odom=(-6.235, 3.323, 1.560) error=0.063 m / 0.000 rad; ekf=(-6.235, 3.323, 1.560) error=0.063 m / 0.000 rad; RMS=0.061 m / 0.008 rad max=0.191 m / 0.066 rad samples=3102
[gpu_amcl_cpp_node-6] [INFO] [1788976413.658144143] [gpu_amcl_cpp]: AMCL odom delta: at_scan=(-0.466, -7.029, 3.100) baseline=(-0.439, -7.030, 3.105) delta=(-0.026, 0.001, -0.005) moved=true scan_age=0.053s
[component_container-9] [INFO] [1788976413.727834025] [pure_pursuit_node]: Pure Pursuit: pose=(-6.152, 3.653, 1.520) cte=-0.000 closest=1997 target=2017 path_dist=0.000 heading_err=-0.000 steer=-0.045 speed=0.493
[gpu_amcl_cpp_node-6] [INFO] [1788976413.731345269] [gpu_amcl_cpp]: AMCL local correction: odom_prediction=(-6.153, 3.631, 1.523) scan=(-6.158, 3.638, 1.521) correction=0.008 m/0.002 rad cluster_weight=0.963 publish=true
[ground_truth_amcl_monitor-7] [INFO] [1788976414.055237998] [ground_truth_amcl_monitor]: AMCL vs GT: gt=(-6.155, 3.809) amcl=(-6.145, 3.758) error=0.052 m / 0.004 rad; current_map=(-6.143, 3.783, 1.499) error=0.028 m / 0.000 rad; odom=(-6.219, 3.797, 1.503) error=0.065 m / 0.004 rad; ekf=(-6.219, 3.797, 1.503) error=0.065 m / 0.004 rad; RMS=0.061 m / 0.008 rad max=0.191 m / 0.066 rad samples=3138
[gpu_amcl_cpp_node-6] [INFO] [1788976414.702381512] [gpu_amcl_cpp]: Received LiDAR callback #1593 (1081 ranges).
[gpu_amcl_cpp_node-6] [INFO] [1788976414.702447175] [gpu_amcl_cpp]: AMCL odom delta: at_scan=(-0.985, -6.990, 3.037) baseline=(-0.949, -6.993, 3.042) delta=(-0.037, 0.004, -0.005) moved=true scan_age=0.051s
[gpu_amcl_cpp_node-6] [INFO] [1788976414.702480377] [gpu_amcl_cpp]: Starting AMCL scan update #1593 (sampled from 1081 ranges).
[component_container-9] [INFO] [1788976414.753150941] [pure_pursuit_node]: Pure Pursuit: pose=(-6.107, 4.162, 1.461) cte=0.001 closest=2023 target=2042 path_dist=0.001 heading_err=-0.009 steer=-0.058 speed=0.491
[gpu_amcl_cpp_node-6] [INFO] [1788976414.756382884] [gpu_amcl_cpp]: AMCL local correction: odom_prediction=(-6.109, 4.135, 1.464) scan=(-6.112, 4.141, 1.462) correction=0.007 m/0.001 rad cluster_weight=0.975 publish=true
[gpu_amcl_cpp_node-6] [INFO] [1788976414.806916001] [gpu_amcl_cpp]: AMCL scan update #1595 completed; evaluating pose confidence.
[ground_truth_amcl_monitor-7] [INFO] [1788976415.080006103] [ground_truth_amcl_monitor]: AMCL vs GT: gt=(-6.104, 4.313) amcl=(-6.095, 4.270) error=0.044 m / 0.005 rad; current_map=(-6.091, 4.296, 1.436) error=0.021 m / 0.000 rad; odom=(-6.167, 4.330, 1.436) error=0.065 m / 0.000 rad; ekf=(-6.167, 4.330, 1.436) error=0.065 m / 0.000 rad; RMS=0.061 m / 0.008 rad max=0.191 m / 0.066 rad samples=3176
[gpu_amcl_cpp_node-6] [INFO] [1788976415.732514876] [gpu_amcl_cpp]: AMCL odom delta: at_scan=(-1.491, -6.915, 2.963) baseline=(-1.466, -6.920, 2.965) delta=(-0.025, 0.005, -0.002) moved=true scan_age=0.051s
[component_container-9] [INFO] [1788976415.800762974] [pure_pursuit_node]: Pure Pursuit: pose=(-6.029, 4.676, 1.388) cte=-0.001 closest=2049 target=2068 path_dist=0.001 heading_err=-0.011 steer=-0.089 speed=0.490
[gpu_amcl_cpp_node-6] [INFO] [1788976415.804606440] [gpu_amcl_cpp]: AMCL local correction: odom_prediction=(-6.034, 4.650, 1.390) scan=(-6.029, 4.658, 1.389) correction=0.009 m/0.001 rad cluster_weight=0.981 publish=true
[ground_truth_amcl_monitor-7] [INFO] [1788976416.081336922] [ground_truth_amcl_monitor]: AMCL vs GT: gt=(-6.020, 4.796) amcl=(-6.014, 4.760) error=0.037 m / 0.005 rad; current_map=(-6.008, 4.784, 1.363) error=0.017 m / 0.000 rad; odom=(-6.083, 4.814, 1.363) error=0.065 m / 0.000 rad; ekf=(-6.083, 4.814, 1.363) error=0.065 m / 0.000 rad; RMS=0.060 m / 0.008 rad max=0.191 m / 0.066 rad samples=3212
[gpu_amcl_cpp_node-6] [INFO] [1788976416.753155765] [gpu_amcl_cpp]: AMCL odom delta: at_scan=(-1.971, -6.807, 2.870) baseline=(-1.947, -6.813, 2.875) delta=(-0.024, 0.007, -0.005) moved=true scan_age=0.050s
[component_container-9] [INFO] [1788976416.802676270] [pure_pursuit_node]: Pure Pursuit: pose=(-5.913, 5.144, 1.291) cte=0.004 closest=2073 target=2092 path_dist=0.004 heading_err=0.007 steer=-0.029 speed=0.487
[gpu_amcl_cpp_node-6] [INFO] [1788976416.806100402] [gpu_amcl_cpp]: AMCL local correction: odom_prediction=(-5.921, 5.123, 1.295) scan=(-5.919, 5.132, 1.294) correction=0.009 m/0.001 rad cluster_weight=0.989 publish=true
[ground_truth_amcl_monitor-7] [INFO] [1788976417.082653736] [ground_truth_amcl_monitor]: AMCL vs GT: gt=(-5.900, 5.259) amcl=(-5.882, 5.259) error=0.018 m / 0.000 rad; current_map=(-5.882, 5.243, 1.279) error=0.024 m / 0.000 rad; odom=(-5.963, 5.277, 1.279) error=0.066 m / 0.000 rad; ekf=(-5.963, 5.277, 1.279) error=0.066 m / 0.000 rad; RMS=0.060 m / 0.008 rad max=0.191 m / 0.066 rad samples=3249
[gpu_amcl_cpp_node-6] [INFO] [1788976417.755713418] [gpu_amcl_cpp]: AMCL odom delta: at_scan=(-2.425, -6.663, 2.787) baseline=(-2.402, -6.672, 2.794) delta=(-0.023, 0.009, -0.007) moved=true scan_age=0.051s
[component_container-9] [INFO] [1788976417.804889980] [pure_pursuit_node]: Pure Pursuit: pose=(-5.762, 5.603, 1.203) cte=0.004 closest=2097 target=2117 path_dist=0.004 heading_err=0.003 steer=-0.044 speed=0.486
[gpu_amcl_cpp_node-6] [INFO] [1788976417.808305707] [gpu_amcl_cpp]: AMCL local correction: odom_prediction=(-5.769, 5.583, 1.210) scan=(-5.772, 5.585, 1.207) correction=0.003 m/0.003 rad cluster_weight=0.992 publish=true
[ground_truth_amcl_monitor-7] [INFO] [1788976418.082814882] [ground_truth_amcl_monitor]: AMCL vs GT: gt=(-5.743, 5.710) amcl=(-5.721, 5.703) error=0.024 m / 0.000 rad; current_map=(-5.721, 5.702, 1.189) error=0.024 m / 0.000 rad; odom=(-5.807, 5.728, 1.189) error=0.066 m / 0.000 rad; ekf=(-5.807, 5.728, 1.189) error=0.066 m / 0.000 rad; RMS=0.060 m / 0.008 rad max=0.191 m / 0.066 rad samples=3285
[gpu_amcl_cpp_node-6] [INFO] [1788976418.778449669] [gpu_amcl_cpp]: AMCL odom delta: at_scan=(-2.874, -6.474, 2.697) baseline=(-2.853, -6.484, 2.701) delta=(-0.021, 0.010, -0.004) moved=true scan_age=0.050s
[component_container-9] [INFO] [1788976418.827989422] [pure_pursuit_node]: Pure Pursuit: pose=(-5.563, 6.052, 1.114) cte=0.005 closest=2121 target=2141 path_dist=0.005 heading_err=-0.012 steer=-0.056 speed=0.481
[gpu_amcl_cpp_node-6] [INFO] [1788976418.831263984] [gpu_amcl_cpp]: AMCL local correction: odom_prediction=(-5.574, 6.030, 1.120) scan=(-5.577, 6.035, 1.120) correction=0.005 m/0.000 rad cluster_weight=0.993 publish=true
[ground_truth_amcl_monitor-7] [INFO] [1788976419.084306928] [ground_truth_amcl_monitor]: AMCL vs GT: gt=(-5.546, 6.143) amcl=(-5.523, 6.136) error=0.023 m / 0.000 rad; current_map=(-5.521, 6.131, 1.096) error=0.027 m / 0.000 rad; odom=(-5.610, 6.161, 1.096) error=0.067 m / 0.000 rad; ekf=(-5.610, 6.161, 1.096) error=0.067 m / 0.000 rad; RMS=0.060 m / 0.008 rad max=0.191 m / 0.066 rad samples=3323
[gpu_amcl_cpp_node-6] [INFO] [1788976419.729664012] [gpu_amcl_cpp]: Received LiDAR callback #1685 (1081 ranges).
[gpu_amcl_cpp_node-6] [INFO] [1788976419.729723663] [gpu_amcl_cpp]: Starting AMCL scan update #1685 (sampled from 1081 ranges).
[gpu_amcl_cpp_node-6] [INFO] [1788976419.779873256] [gpu_amcl_cpp]: AMCL odom delta: at_scan=(-3.287, -6.252, 2.598) baseline=(-3.267, -6.264, 2.604) delta=(-0.020, 0.012, -0.006) moved=true scan_age=0.050s
[component_container-9] [INFO] [1788976419.828822235] [pure_pursuit_node]: Pure Pursuit: pose=(-5.338, 6.456, 1.012) cte=0.004 closest=2145 target=2164 path_dist=0.004 heading_err=0.003 steer=-0.093 speed=0.460
[gpu_amcl_cpp_node-6] [INFO] [1788976419.831098641] [gpu_amcl_cpp]: AMCL scan update #1687 completed; evaluating pose confidence.
[gpu_amcl_cpp_node-6] [INFO] [1788976419.831704393] [gpu_amcl_cpp]: AMCL local correction: odom_prediction=(-5.352, 6.428, 1.020) scan=(-5.355, 6.424, 1.031) correction=0.005 m/0.011 rad cluster_weight=0.993 publish=true
[ground_truth_amcl_monitor-7] [INFO] [1788976420.127430594] [ground_truth_amcl_monitor]: AMCL vs GT: gt=(-5.303, 6.558) amcl=(-5.298, 6.522) error=0.036 m / 0.007 rad; current_map=(-5.280, 6.549, 0.984) error=0.025 m / 0.000 rad; odom=(-5.367, 6.578, 0.984) error=0.067 m / 0.000 rad; ekf=(-5.367, 6.578, 0.984) error=0.067 m / 0.000 rad; RMS=0.059 m / 0.008 rad max=0.191 m / 0.066 rad samples=3360
[gpu_amcl_cpp_node-6] [INFO] [1788976420.805552776] [gpu_amcl_cpp]: AMCL odom delta: at_scan=(-3.662, -5.984, 2.424) baseline=(-3.645, -5.998, 2.434) delta=(-0.017, 0.015, -0.010) moved=true scan_age=0.050s
[component_container-9] [INFO] [1788976420.856633220] [pure_pursuit_node]: Pure Pursuit: pose=(-5.080, 6.810, 0.836) cte=0.002 closest=2167 target=2186 path_dist=0.002 heading_err=0.014 steer=-0.158 speed=0.462
[gpu_amcl_cpp_node-6] [INFO] [1788976420.860803878] [gpu_amcl_cpp]: AMCL local correction: odom_prediction=(-5.094, 6.796, 0.844) scan=(-5.093, 6.794, 0.856) correction=0.002 m/0.011 rad cluster_weight=0.995 publish=true
[ground_truth_amcl_monitor-7] [INFO] [1788976421.163174636] [ground_truth_amcl_monitor]: AMCL vs GT: gt=(-5.011, 6.914) amcl=(-5.027, 6.872) error=0.045 m / 0.013 rad; current_map=(-5.009, 6.890, 0.783) error=0.025 m / 0.000 rad; odom=(-5.076, 6.935, 0.783) error=0.068 m / 0.000 rad; ekf=(-5.093, 6.918, 0.796) error=0.082 m / 0.013 rad; RMS=0.059 m / 0.008 rad max=0.191 m / 0.066 rad samples=3398
[gpu_amcl_cpp_node-6] [WARN] [1788976421.229563923] [gpu_amcl_cpp]: Queued LiDAR scan until source-time odometry arrives (queued=1).
[gpu_amcl_cpp_node-6] [INFO] [1788976421.855989877] [gpu_amcl_cpp]: AMCL odom delta: at_scan=(-3.989, -5.627, 2.204) baseline=(-3.975, -5.647, 2.213) delta=(-0.015, 0.020, -0.009) moved=true scan_age=0.052s
[component_container-9] [INFO] [1788976421.906316903] [pure_pursuit_node]: Pure Pursuit: pose=(-4.726, 7.130, 0.617) cte=-0.006 closest=2190 target=2210 path_dist=0.006 heading_err=-0.004 steer=-0.159 speed=0.472
[gpu_amcl_cpp_node-6] [INFO] [1788976421.909850930] [gpu_amcl_cpp]: AMCL local correction: odom_prediction=(-4.745, 7.119, 0.625) scan=(-4.741, 7.119, 0.639) correction=0.004 m/0.014 rad cluster_weight=0.996 publish=true
[ground_truth_amcl_monitor-7] [INFO] [1788976422.182920669] [ground_truth_amcl_monitor]: AMCL vs GT: gt=(-4.632, 7.215) amcl=(-4.654, 7.178) error=0.043 m / 0.010 rad; current_map=(-4.634, 7.191, 0.567) error=0.024 m / 0.000 rad; odom=(-4.698, 7.236, 0.567) error=0.070 m / 0.000 rad; ekf=(-4.698, 7.236, 0.567) error=0.070 m / 0.000 rad; RMS=0.059 m / 0.008 rad max=0.191 m / 0.066 rad samples=3434
[gpu_amcl_cpp_node-6] [INFO] [1788976422.877863466] [gpu_amcl_cpp]: AMCL odom delta: at_scan=(-4.237, -5.211, 2.019) baseline=(-4.223, -5.240, 2.032) delta=(-0.015, 0.030, -0.013) moved=true scan_age=0.051s
[component_container-9] [INFO] [1788976422.926905921] [pure_pursuit_node]: Pure Pursuit: pose=(-4.308, 7.374, 0.427) cte=-0.006 closest=2215 target=2234 path_dist=0.006 heading_err=0.021 steer=-0.139 speed=0.468
[gpu_amcl_cpp_node-6] [INFO] [1788976422.930252939] [gpu_amcl_cpp]: AMCL local correction: odom_prediction=(-4.330, 7.364, 0.438) scan=(-4.325, 7.366, 0.450) correction=0.006 m/0.012 rad cluster_weight=0.992 publish=true
[ground_truth_amcl_monitor-7] [INFO] [1788976423.205846229] [ground_truth_amcl_monitor]: AMCL vs GT: gt=(-4.201, 7.437) amcl=(-4.216, 7.411) error=0.030 m / 0.011 rad; current_map=(-4.194, 7.420, 0.384) error=0.019 m / 0.000 rad; odom=(-4.268, 7.459, 0.384) error=0.070 m / 0.000 rad; ekf=(-4.268, 7.459, 0.384) error=0.070 m / 0.000 rad; RMS=0.059 m / 0.008 rad max=0.191 m / 0.066 rad samples=3470
[gpu_amcl_cpp_node-6] [INFO] [1788976423.878250143] [gpu_amcl_cpp]: AMCL odom delta: at_scan=(-4.400, -4.766, 1.819) baseline=(-4.394, -4.789, 1.829) delta=(-0.006, 0.023, -0.010) moved=true scan_age=0.050s
[component_container-9] [INFO] [1788976423.926950018] [pure_pursuit_node]: Pure Pursuit: pose=(-3.845, 7.531, 0.228) cte=-0.002 closest=2239 target=2259 path_dist=0.002 heading_err=-0.002 steer=-0.137 speed=0.478
[gpu_amcl_cpp_node-6] [INFO] [1788976423.930511086] [gpu_amcl_cpp]: AMCL local correction: odom_prediction=(-3.866, 7.526, 0.237) scan=(-3.874, 7.527, 0.246) correction=0.008 m/0.009 rad cluster_weight=0.983 publish=true
[ground_truth_amcl_monitor-7] [INFO] [1788976424.231566076] [ground_truth_amcl_monitor]: AMCL vs GT: gt=(-3.734, 7.571) amcl=(-3.751, 7.554) error=0.024 m / 0.010 rad; current_map=(-3.727, 7.558, 0.178) error=0.014 m / 0.000 rad; odom=(-3.802, 7.593, 0.178) error=0.071 m / 0.000 rad; ekf=(-3.802, 7.593, 0.178) error=0.071 m / 0.000 rad; RMS=0.058 m / 0.008 rad max=0.191 m / 0.066 rad samples=3510
[gpu_amcl_cpp_node-6] [INFO] [1788976424.777464417] [gpu_amcl_cpp]: Received LiDAR callback #1778 (1081 ranges).
[gpu_amcl_cpp_node-6] [INFO] [1788976424.777519390] [gpu_amcl_cpp]: Starting AMCL scan update #1778 (sampled from 1081 ranges).
[gpu_amcl_cpp_node-6] [INFO] [1788976424.881024006] [gpu_amcl_cpp]: AMCL odom delta: at_scan=(-4.470, -4.297, 1.620) baseline=(-4.468, -4.321, 1.631) delta=(-0.001, 0.024, -0.011) moved=true scan_age=0.052s
[gpu_amcl_cpp_node-6] [INFO] [1788976424.882438160] [gpu_amcl_cpp]: AMCL scan update #1780 completed; evaluating pose confidence.
[component_container-9] [INFO] [1788976424.930454998] [pure_pursuit_node]: Pure Pursuit: pose=(-3.375, 7.594, 0.032) cte=-0.002 closest=2263 target=2282 path_dist=0.002 heading_err=0.006 steer=-0.129 speed=0.473
[gpu_amcl_cpp_node-6] [INFO] [1788976424.934757643] [gpu_amcl_cpp]: AMCL local correction: odom_prediction=(-3.401, 7.595, 0.040) scan=(-3.416, 7.596, 0.050) correction=0.014 m/0.011 rad cluster_weight=0.965 publish=true
[ground_truth_amcl_monitor-7] [INFO] [1788976425.256563736] [ground_truth_amcl_monitor]: AMCL vs GT: gt=(-3.251, 7.607) amcl=(-3.236, 7.591) error=0.022 m / 0.009 rad; current_map=(-3.212, 7.591, -0.018) error=0.042 m / 0.000 rad; odom=(-3.342, 7.631, -0.009) error=0.095 m / 0.009 rad; ekf=(-3.342, 7.631, -0.009) error=0.095 m / 0.009 rad; RMS=0.058 m / 0.008 rad max=0.191 m / 0.066 rad samples=3548
[gpu_amcl_cpp_node-6] [INFO] [1788976425.904395202] [gpu_amcl_cpp]: AMCL odom delta: at_scan=(-4.449, -3.812, 1.430) baseline=(-4.452, -3.836, 1.439) delta=(0.003, 0.023, -0.010) moved=true scan_age=0.051s
[component_container-9] [INFO] [1788976425.952976686] [pure_pursuit_node]: Pure Pursuit: pose=(-2.887, 7.569, -0.160) cte=-0.005 closest=2287 target=2307 path_dist=0.005 heading_err=0.013 steer=-0.148 speed=0.470
[gpu_amcl_cpp_node-6] [INFO] [1788976425.956414404] [gpu_amcl_cpp]: AMCL local correction: odom_prediction=(-2.911, 7.574, -0.151) scan=(-2.911, 7.573, -0.148) correction=0.000 m/0.003 rad cluster_weight=0.977 publish=true
[ground_truth_amcl_monitor-7] [INFO] [1788976426.257312588] [ground_truth_amcl_monitor]: AMCL vs GT: gt=(-2.781, 7.553) amcl=(-2.779, 7.552) error=0.002 m / 0.000 rad; current_map=(-2.777, 7.548, -0.214) error=0.006 m / 0.000 rad; odom=(-2.848, 7.578, -0.214) error=0.071 m / 0.000 rad; ekf=(-2.848, 7.578, -0.214) error=0.071 m / 0.000 rad; RMS=0.058 m / 0.008 rad max=0.191 m / 0.066 rad samples=3587
[component_container-9] [INFO] [1788976426.953138209] [pure_pursuit_node]: Pure Pursuit: pose=(-2.430, 7.453, -0.354) cte=-0.007 closest=2311 target=2330 path_dist=0.007 heading_err=0.007 steer=-0.130 speed=0.478
[gpu_amcl_cpp_node-6] [INFO] [1788976426.954397233] [gpu_amcl_cpp]: AMCL odom delta: at_scan=(-4.327, -3.331, 1.225) baseline=(-4.335, -3.353, 1.232) delta=(0.008, 0.022, -0.008) moved=true scan_age=0.051s
[gpu_amcl_cpp_node-6] [INFO] [1788976427.007358337] [gpu_amcl_cpp]: AMCL local correction: odom_prediction=(-2.424, 7.444, -0.354) scan=(-2.427, 7.449, -0.354) correction=0.006 m/0.000 rad cluster_weight=0.970 publish=true
[ground_truth_amcl_monitor-7] [INFO] [1788976427.279961711] [ground_truth_amcl_monitor]: AMCL vs GT: gt=(-2.320, 7.404) amcl=(-2.334, 7.410) error=0.016 m / 0.007 rad; current_map=(-2.312, 7.401, -0.396) error=0.008 m / 0.000 rad; odom=(-2.386, 7.429, -0.396) error=0.071 m / 0.000 rad; ekf=(-2.386, 7.429, -0.396) error=0.071 m / 0.000 rad; RMS=0.058 m / 0.008 rad max=0.191 m / 0.066 rad samples=3624
[component_container-9] [INFO] [1788976427.977527444] [pure_pursuit_node]: Pure Pursuit: pose=(-1.992, 7.246, -0.501) cte=0.000 closest=2335 target=2355 path_dist=0.000 heading_err=-0.002 steer=-0.107 speed=0.484
[gpu_amcl_cpp_node-6] [INFO] [1788976427.979186115] [gpu_amcl_cpp]: AMCL odom delta: at_scan=(-4.128, -2.887, 1.076) baseline=(-4.139, -2.908, 1.083) delta=(0.011, 0.021, -0.007) moved=true scan_age=0.052s
[gpu_amcl_cpp_node-6] [INFO] [1788976428.032557888] [gpu_amcl_cpp]: AMCL local correction: odom_prediction=(-2.008, 7.257, -0.503) scan=(-1.998, 7.252, -0.500) correction=0.011 m/0.002 rad cluster_weight=0.974 publish=true
[ground_truth_amcl_monitor-7] [INFO] [1788976428.283116947] [ground_truth_amcl_monitor]: AMCL vs GT: gt=(-1.895, 7.188) amcl=(-1.905, 7.199) error=0.015 m / 0.007 rad; current_map=(-1.885, 7.186, -0.539) error=0.010 m / 0.000 rad; odom=(-1.962, 7.215, -0.539) error=0.072 m / 0.000 rad; ekf=(-1.962, 7.215, -0.539) error=0.072 m / 0.000 rad; RMS=0.057 m / 0.008 rad max=0.191 m / 0.066 rad samples=3662
[component_container-9] [INFO] [1788976429.026574566] [pure_pursuit_node]: Pure Pursuit: pose=(-1.583, 6.977, -0.653) cte=0.001 closest=2359 target=2379 path_dist=0.001 heading_err=-0.003 steer=-0.094 speed=0.484
[gpu_amcl_cpp_node-6] [INFO] [1788976429.027854729] [gpu_amcl_cpp]: AMCL odom delta: at_scan=(-3.858, -2.469, 0.924) baseline=(-3.872, -2.487, 0.931) delta=(0.014, 0.019, -0.007) moved=true scan_age=0.051s
[gpu_amcl_cpp_node-6] [INFO] [1788976429.080017563] [gpu_amcl_cpp]: AMCL local correction: odom_prediction=(-1.590, 6.984, -0.653) scan=(-1.603, 6.993, -0.649) correction=0.015 m/0.005 rad cluster_weight=0.962 publish=true
[ground_truth_amcl_monitor-7] [INFO] [1788976429.301722774] [ground_truth_amcl_monitor]: AMCL vs GT: gt=(-1.499, 6.908) amcl=(-1.539, 6.941) error=0.051 m / 0.009 rad; current_map=(-1.512, 6.919, -0.684) error=0.017 m / 0.000 rad; odom=(-1.565, 6.935, -0.684) error=0.071 m / 0.000 rad; ekf=(-1.565, 6.935, -0.684) error=0.071 m / 0.000 rad; RMS=0.057 m / 0.008 rad max=0.191 m / 0.066 rad samples=3700
[gpu_amcl_cpp_node-6] [INFO] [1788976429.778717743] [gpu_amcl_cpp]: Received LiDAR callback #1872 (1081 ranges).
[gpu_amcl_cpp_node-6] [INFO] [1788976429.778778928] [gpu_amcl_cpp]: Starting AMCL scan update #1872 (sampled from 1081 ranges).
[gpu_amcl_cpp_node-6] [INFO] [1788976429.931325998] [gpu_amcl_cpp]: AMCL scan update #1875 completed; evaluating pose confidence.
[component_container-9] [INFO] [1788976430.030291633] [pure_pursuit_node]: Pure Pursuit: pose=(-1.230, 6.670, -0.785) cte=-0.003 closest=2383 target=2403 path_dist=0.003 heading_err=-0.001 steer=-0.089 speed=0.486
[gpu_amcl_cpp_node-6] [INFO] [1788976430.031613966] [gpu_amcl_cpp]: AMCL odom delta: at_scan=(-3.546, -2.107, 0.794) baseline=(-3.563, -2.124, 0.801) delta=(0.017, 0.017, -0.008) moved=true scan_age=0.050s
[gpu_amcl_cpp_node-6] [INFO] [1788976430.127255556] [gpu_amcl_cpp]: AMCL local correction: odom_prediction=(-1.221, 6.659, -0.793) scan=(-1.211, 6.657, -0.791) correction=0.009 m/0.002 rad cluster_weight=0.969 publish=true
[ground_truth_amcl_monitor-7] [INFO] [1788976430.328967026] [ground_truth_amcl_monitor]: AMCL vs GT: gt=(-1.142, 6.575) amcl=(-1.159, 6.597) error=0.027 m / 0.005 rad; current_map=(-1.142, 6.579, -0.817) error=0.004 m / 0.000 rad; odom=(-1.201, 6.596, -0.817) error=0.063 m / 0.000 rad; ekf=(-1.201, 6.596, -0.817) error=0.063 m / 0.000 rad; RMS=0.057 m / 0.008 rad max=0.191 m / 0.066 rad samples=3738
[component_container-9] [INFO] [1788976431.076946688] [pure_pursuit_node]: Pure Pursuit: pose=(-0.892, 6.292, -0.901) cte=-0.004 closest=2408 target=2428 path_dist=0.004 heading_err=0.002 steer=-0.075 speed=0.487
[gpu_amcl_cpp_node-6] [INFO] [1788976431.078333291] [gpu_amcl_cpp]: AMCL odom delta: at_scan=(-3.168, -1.769, 0.675) baseline=(-3.187, -1.784, 0.679) delta=(0.019, 0.015, -0.005) moved=true scan_age=0.051s
[gpu_amcl_cpp_node-6] [INFO] [1788976431.131328873] [gpu_amcl_cpp]: AMCL local correction: odom_prediction=(-0.893, 6.292, -0.901) scan=(-0.896, 6.294, -0.901) correction=0.004 m/0.000 rad cluster_weight=0.972 publish=true
[ground_truth_amcl_monitor-7] [INFO] [1788976431.330463246] [ground_truth_amcl_monitor]: AMCL vs GT: gt=(-0.836, 6.210) amcl=(-0.851, 6.237) error=0.031 m / 0.005 rad; current_map=(-0.837, 6.218, -0.921) error=0.008 m / 0.000 rad; odom=(-0.895, 6.232, -0.921) error=0.063 m / 0.000 rad; ekf=(-0.895, 6.232, -0.921) error=0.063 m / 0.000 rad; RMS=0.057 m / 0.008 rad max=0.191 m / 0.066 rad samples=3776
[component_container-9] [INFO] [1788976432.103836639] [pure_pursuit_node]: Pure Pursuit: pose=(-0.611, 5.905, -0.982) cte=-0.004 closest=2432 target=2452 path_dist=0.004 heading_err=0.004 steer=-0.056 speed=0.486
[gpu_amcl_cpp_node-6] [INFO] [1788976432.105277733] [gpu_amcl_cpp]: AMCL odom delta: at_scan=(-2.774, -1.482, 0.593) baseline=(-2.802, -1.500, 0.598) delta=(0.028, 0.019, -0.005) moved=true scan_age=0.053s
[gpu_amcl_cpp_node-6] [INFO] [1788976432.157196112] [gpu_amcl_cpp]: AMCL local correction: odom_prediction=(-0.610, 5.897, -0.983) scan=(-0.610, 5.891, -0.982) correction=0.006 m/0.001 rad cluster_weight=0.965 publish=true
[ground_truth_amcl_monitor-7] [INFO] [1788976432.333495871] [ground_truth_amcl_monitor]: AMCL vs GT: gt=(-0.563, 5.822) amcl=(-0.561, 5.825) error=0.004 m / 0.000 rad; current_map=(-0.560, 5.826, -0.994) error=0.005 m / 0.000 rad; odom=(-0.622, 5.844, -0.994) error=0.063 m / 0.000 rad; ekf=(-0.622, 5.844, -0.994) error=0.063 m / 0.000 rad; RMS=0.056 m / 0.008 rad max=0.191 m / 0.066 rad samples=3813
[component_container-9] [INFO] [1788976433.156267179] [pure_pursuit_node]: Pure Pursuit: pose=(-0.339, 5.464, -1.057) cte=-0.002 closest=2458 target=2478 path_dist=0.002 heading_err=-0.002 steer=-0.052 speed=0.492
[gpu_amcl_cpp_node-6] [INFO] [1788976433.157886717] [gpu_amcl_cpp]: AMCL odom delta: at_scan=(-2.347, -1.216, 0.517) baseline=(-2.369, -1.229, 0.521) delta=(0.022, 0.013, -0.003) moved=true scan_age=0.055s
[gpu_amcl_cpp_node-6] [INFO] [1788976433.160721217] [gpu_amcl_cpp]: AMCL local correction: odom_prediction=(-0.355, 5.491, -1.054) scan=(-0.352, 5.492, -1.054) correction=0.002 m/0.000 rad cluster_weight=0.968 publish=true
[ground_truth_amcl_monitor-7] [INFO] [1788976433.333986083] [ground_truth_amcl_monitor]: AMCL vs GT: gt=(-0.312, 5.403) amcl=(-0.323, 5.441) error=0.039 m / 0.004 rad; current_map=(-0.310, 5.419, -1.066) error=0.015 m / 0.000 rad; odom=(-0.384, 5.450, -1.062) error=0.086 m / 0.004 rad; ekf=(-0.384, 5.450, -1.062) error=0.086 m / 0.004 rad; RMS=0.056 m / 0.007 rad max=0.191 m / 0.066 rad samples=3848
[component_container-9] [INFO] [1788976434.177035097] [pure_pursuit_node]: Pure Pursuit: pose=(-0.100, 4.992, -1.109) cte=0.004 closest=2484 target=2504 path_dist=0.004 heading_err=-0.007 steer=-0.021 speed=0.492
[gpu_amcl_cpp_node-6] [INFO] [1788976434.178565288] [gpu_amcl_cpp]: AMCL odom delta: at_scan=(-1.894, -0.977, 0.464) baseline=(-1.916, -0.988, 0.466) delta=(0.022, 0.011, -0.002) moved=true scan_age=0.050s
[gpu_amcl_cpp_node-6] [INFO] [1788976434.180440264] [gpu_amcl_cpp]: AMCL local correction: odom_prediction=(-0.109, 5.005, -1.107) scan=(-0.097, 4.983, -1.114) correction=0.025 m/0.007 rad cluster_weight=0.955 publish=true
[ground_truth_amcl_monitor-7] [INFO] [1788976434.338106646] [ground_truth_amcl_monitor]: AMCL vs GT: gt=(-0.082, 4.958) amcl=(-0.073, 4.925) error=0.035 m / 0.000 rad; current_map=(-0.071, 4.917, -1.112) error=0.043 m / 0.000 rad; odom=(-0.142, 4.983, -1.112) error=0.065 m / 0.000 rad; ekf=(-0.142, 4.983, -1.112) error=0.065 m / 0.000 rad; RMS=0.056 m / 0.007 rad max=0.191 m / 0.066 rad samples=3885
[gpu_amcl_cpp_node-6] [INFO] [1788976434.805257305] [gpu_amcl_cpp]: Received LiDAR callback #1963 (1081 ranges).
[gpu_amcl_cpp_node-6] [INFO] [1788976434.805338167] [gpu_amcl_cpp]: Starting AMCL scan update #1963 (sampled from 1081 ranges).
[gpu_amcl_cpp_node-6] [INFO] [1788976434.978966625] [gpu_amcl_cpp]: AMCL scan update #1966 completed; evaluating pose confidence.
[component_container-9] [INFO] [1788976435.178906273] [pure_pursuit_node]: Pure Pursuit: pose=(0.115, 4.542, -1.156) cte=-0.002 closest=2509 target=2529 path_dist=0.002 heading_err=-0.003 steer=-0.040 speed=0.494
[gpu_amcl_cpp_node-6] [INFO] [1788976435.180407040] [gpu_amcl_cpp]: AMCL odom delta: at_scan=(-1.448, -0.763, 0.419) baseline=(-1.471, -0.773, 0.423) delta=(0.023, 0.010, -0.004) moved=true scan_age=0.051s
[gpu_amcl_cpp_node-6] [INFO] [1788976435.182238564] [gpu_amcl_cpp]: AMCL local correction: odom_prediction=(0.103, 4.562, -1.152) scan=(0.104, 4.570, -1.159) correction=0.008 m/0.007 rad cluster_weight=0.924 publish=true
[ground_truth_amcl_monitor-7] [INFO] [1788976435.352783970] [ground_truth_amcl_monitor]: AMCL vs GT: gt=(0.132, 4.502) amcl=(0.121, 4.534) error=0.034 m / 0.004 rad; current_map=(0.136, 4.501, -1.163) error=0.004 m / 0.000 rad; odom=(0.072, 4.527, -1.163) error=0.064 m / 0.000 rad; ekf=(0.072, 4.527, -1.163) error=0.064 m / 0.000 rad; RMS=0.056 m / 0.007 rad max=0.191 m / 0.066 rad samples=3920
[gpu_amcl_cpp_node-6] [WARN] [1788976436.102977486] [gpu_amcl_cpp]: Queued LiDAR scan until source-time odometry arrives (queued=1).
[component_container-9] [INFO] [1788976436.201193587] [pure_pursuit_node]: Pure Pursuit: pose=(0.298, 4.113, -1.209) cte=-0.006 closest=2533 target=2553 path_dist=0.006 heading_err=0.013 steer=-0.030 speed=0.492
[gpu_amcl_cpp_node-6] [INFO] [1788976436.202835297] [gpu_amcl_cpp]: AMCL odom delta: at_scan=(-0.977, -0.571, 0.364) baseline=(-1.000, -0.580, 0.366) delta=(0.023, 0.009, -0.002) moved=true scan_age=0.050s
[gpu_amcl_cpp_node-6] [INFO] [1788976436.205358365] [gpu_amcl_cpp]: AMCL local correction: odom_prediction=(0.290, 4.125, -1.207) scan=(0.290, 4.137, -1.213) correction=0.013 m/0.006 rad cluster_weight=0.941 publish=true
[ground_truth_amcl_monitor-7] [INFO] [1788976436.359216369] [ground_truth_amcl_monitor]: AMCL vs GT: gt=(0.316, 4.038) amcl=(0.313, 4.075) error=0.038 m / 0.002 rad; current_map=(0.322, 4.051, -1.214) error=0.015 m / 0.000 rad; odom=(0.257, 4.063, -1.214) error=0.065 m / 0.000 rad; ekf=(0.257, 4.063, -1.214) error=0.065 m / 0.000 rad; RMS=0.056 m / 0.007 rad max=0.191 m / 0.066 rad samples=3958
[component_container-9] [INFO] [1788976437.251047018] [pure_pursuit_node]: Pure Pursuit: pose=(0.479, 3.588, -1.227) cte=0.006 closest=2561 target=2580 path_dist=0.006 heading_err=-0.009 steer=-0.011 speed=0.492
[gpu_amcl_cpp_node-6] [INFO] [1788976437.251919730] [gpu_amcl_cpp]: AMCL odom delta: at_scan=(-0.485, -0.393, 0.344) baseline=(-0.519, -0.405, 0.344) delta=(0.033, 0.012, -0.000) moved=true scan_age=0.050s
[gpu_amcl_cpp_node-6] [INFO] [1788976437.253433591] [gpu_amcl_cpp]: AMCL local correction: odom_prediction=(0.472, 3.600, -1.227) scan=(0.471, 3.593, -1.234) correction=0.007 m/0.007 rad cluster_weight=0.940 publish=true
[ground_truth_amcl_monitor-7] [INFO] [1788976437.403123714] [ground_truth_amcl_monitor]: AMCL vs GT: gt=(0.492, 3.547) amcl=(0.486, 3.568) error=0.022 m / 0.001 rad; current_map=(0.495, 3.544, -1.229) error=0.004 m / 0.000 rad; odom=(0.424, 3.597, -1.228) error=0.085 m / 0.001 rad; ekf=(0.424, 3.597, -1.228) error=0.085 m / 0.001 rad; RMS=0.055 m / 0.007 rad max=0.191 m / 0.066 rad samples=3998
[component_container-9] [INFO] [1788976438.302170828] [pure_pursuit_node]: Pure Pursuit: pose=(0.645, 3.120, -1.266) cte=-0.006 closest=2585 target=19 path_dist=0.006 heading_err=-0.002 steer=-0.055 speed=0.490
[gpu_amcl_cpp_node-6] [INFO] [1788976438.303580995] [gpu_amcl_cpp]: AMCL odom delta: at_scan=(0.011, -0.225, 0.305) baseline=(-0.013, -0.232, 0.305) delta=(0.024, 0.008, -0.000) moved=true scan_age=0.052s
[gpu_amcl_cpp_node-6] [INFO] [1788976438.305394736] [gpu_amcl_cpp]: AMCL local correction: odom_prediction=(0.637, 3.144, -1.266) scan=(0.638, 3.129, -1.274) correction=0.014 m/0.008 rad cluster_weight=0.922 publish=true
[ground_truth_amcl_monitor-7] [INFO] [1788976438.405588157] [ground_truth_amcl_monitor]: AMCL vs GT: gt=(0.651, 3.071) amcl=(0.642, 3.116) error=0.046 m / 0.002 rad; current_map=(0.649, 3.092, -1.269) error=0.021 m / 0.000 rad; odom=(0.591, 3.099, -1.269) error=0.066 m / 0.000 rad; ekf=(0.591, 3.099, -1.269) error=0.066 m / 0.000 rad; RMS=0.055 m / 0.007 rad max=0.191 m / 0.066 rad samples=4038
[component_container-9] [INFO] [1788976439.330184947] [pure_pursuit_node]: Pure Pursuit: pose=(0.780, 2.683, -1.307) cte=-0.008 closest=22 target=42 path_dist=0.008 heading_err=0.025 steer=-0.023 speed=0.488
[gpu_amcl_cpp_node-6] [INFO] [1788976439.331669813] [gpu_amcl_cpp]: AMCL odom delta: at_scan=(0.493, -0.087, 0.262) baseline=(0.468, -0.093, 0.261) delta=(0.025, 0.007, 0.001) moved=true scan_age=0.050s
[gpu_amcl_cpp_node-6] [INFO] [1788976439.333505656] [gpu_amcl_cpp]: AMCL local correction: odom_prediction=(0.772, 2.708, -1.309) scan=(0.771, 2.712, -1.317) correction=0.004 m/0.008 rad cluster_weight=0.954 publish=true
[ground_truth_amcl_monitor-7] [INFO] [1788976439.452994990] [ground_truth_amcl_monitor]: AMCL vs GT: gt=(0.789, 2.580) amcl=(0.780, 2.664) error=0.085 m / 0.000 rad; current_map=(0.789, 2.631, -1.308) error=0.051 m / 0.000 rad; odom=(0.730, 2.608, -1.308) error=0.066 m / 0.000 rad; ekf=(0.730, 2.608, -1.308) error=0.066 m / 0.000 rad; RMS=0.055 m / 0.007 rad max=0.191 m / 0.066 rad samples=4078
[gpu_amcl_cpp_node-6] [INFO] [1788976439.829114667] [gpu_amcl_cpp]: Received LiDAR callback #2060 (1081 ranges).
[gpu_amcl_cpp_node-6] [INFO] [1788976439.829173467] [gpu_amcl_cpp]: Starting AMCL scan update #2060 (sampled from 1081 ranges).
[gpu_amcl_cpp_node-6] [INFO] [1788976439.981500584] [gpu_amcl_cpp]: AMCL scan update #2063 completed; evaluating pose confidence.
[component_container-9] [INFO] [1788976440.353719031] [pure_pursuit_node]: Pure Pursuit: pose=(0.903, 2.213, -1.325) cte=-0.003 closest=46 target=66 path_dist=0.003 heading_err=0.003 steer=-0.026 speed=0.495
[gpu_amcl_cpp_node-6] [INFO] [1788976440.354985199] [gpu_amcl_cpp]: AMCL odom delta: at_scan=(0.983, 0.044, 0.249) baseline=(0.958, 0.037, 0.251) delta=(0.025, 0.006, -0.003) moved=true scan_age=0.050s
[gpu_amcl_cpp_node-6] [INFO] [1788976440.357154104] [gpu_amcl_cpp]: AMCL local correction: odom_prediction=(0.899, 2.261, -1.322) scan=(0.903, 2.268, -1.333) correction=0.008 m/0.011 rad cluster_weight=0.941 publish=true
[gpu_amcl_cpp_node-6] [WARN] [1788976440.408243046] [gpu_amcl_cpp]: Clamped accumulated local AMCL correction from 0.120 to 0.120 m.
[ground_truth_amcl_monitor-7] [INFO] [1788976440.457458104] [ground_truth_amcl_monitor]: AMCL vs GT: gt=(0.916, 2.097) amcl=(0.906, 2.257) error=0.161 m / 0.001 rad; current_map=(0.913, 2.232, -1.326) error=0.135 m / 0.000 rad; odom=(0.857, 2.126, -1.326) error=0.066 m / 0.000 rad; ekf=(0.851, 2.151, -1.324) error=0.085 m / 0.001 rad; RMS=0.056 m / 0.007 rad max=0.191 m / 0.066 rad samples=4116
[gpu_amcl_cpp_node-6] [WARN] [1788976440.682063067] [gpu_amcl_cpp]: Rejected large local AMCL scan correction; restarting cloud at odometry prediction.
[component_container-9] [INFO] [1788976441.378285778] [pure_pursuit_node]: Pure Pursuit: pose=(1.010, 1.762, -1.357) cte=-0.002 closest=70 target=89 path_dist=0.002 heading_err=0.007 steer=-0.016 speed=0.495
[gpu_amcl_cpp_node-6] [INFO] [1788976441.379694713] [gpu_amcl_cpp]: AMCL odom delta: at_scan=(1.478, 0.155, 0.214) baseline=(1.453, 0.150, 0.213) delta=(0.025, 0.005, 0.001) moved=true scan_age=0.053s
[gpu_amcl_cpp_node-6] [INFO] [1788976441.381923120] [gpu_amcl_cpp]: AMCL local correction: odom_prediction=(0.996, 1.794, -1.357) scan=(1.004, 1.793, -1.367) correction=0.009 m/0.010 rad cluster_weight=0.948 publish=true
[gpu_amcl_cpp_node-6] [WARN] [1788976441.431455552] [gpu_amcl_cpp]: Clamped accumulated local AMCL correction from 0.126 to 0.120 m.
[ground_truth_amcl_monitor-7] [INFO] [1788976441.481712479] [ground_truth_amcl_monitor]: AMCL vs GT: gt=(1.026, 1.601) amcl=(1.005, 1.767) error=0.167 m / 0.002 rad; current_map=(1.010, 1.742, -1.354) error=0.142 m / 0.000 rad; odom=(0.967, 1.630, -1.354) error=0.066 m / 0.000 rad; ekf=(0.967, 1.630, -1.354) error=0.066 m / 0.000 rad; RMS=0.057 m / 0.007 rad max=0.191 m / 0.066 rad samples=4154
[gpu_amcl_cpp_node-6] [WARN] [1788976442.082062941] [gpu_amcl_cpp]: Rejected large local AMCL scan correction; restarting cloud at odometry prediction.
[component_container-9] [INFO] [1788976442.406553658] [pure_pursuit_node]: Pure Pursuit: pose=(1.102, 1.276, -1.354) cte=0.008 closest=94 target=114 path_dist=0.008 heading_err=-0.026 steer=-0.035 speed=0.491
[gpu_amcl_cpp_node-6] [INFO] [1788976442.408224282] [gpu_amcl_cpp]: AMCL odom delta: at_scan=(1.975, 0.265, 0.217) baseline=(1.951, 0.260, 0.217) delta=(0.024, 0.005, 0.000) moved=true scan_age=0.052s
[gpu_amcl_cpp_node-6] [INFO] [1788976442.410714850] [gpu_amcl_cpp]: AMCL local correction: odom_prediction=(1.097, 1.299, -1.354) scan=(1.102, 1.313, -1.361) correction=0.015 m/0.008 rad cluster_weight=0.925 publish=true
[gpu_amcl_cpp_node-6] [WARN] [1788976442.481376643] [gpu_amcl_cpp]: Clamped accumulated local AMCL correction from 0.135 to 0.120 m.
[ground_truth_amcl_monitor-7] [INFO] [1788976442.483654312] [ground_truth_amcl_monitor]: AMCL vs GT: gt=(1.132, 1.123) amcl=(1.102, 1.267) error=0.147 m / 0.000 rad; current_map=(1.105, 1.266, -1.355) error=0.146 m / 0.000 rad; odom=(1.073, 1.150, -1.355) error=0.065 m / 0.000 rad; ekf=(1.073, 1.150, -1.355) error=0.065 m / 0.000 rad; RMS=0.059 m / 0.007 rad max=0.191 m / 0.066 rad samples=4191
[gpu_amcl_cpp_node-6] [WARN] [1788976443.107656789] [gpu_amcl_cpp]: Rejected large local AMCL scan correction; restarting cloud at odometry prediction.
[component_container-9] [INFO] [1788976443.429070066] [pure_pursuit_node]: Pure Pursuit: pose=(1.197, 0.764, -1.398) cte=0.002 closest=120 target=140 path_dist=0.002 heading_err=-0.015 steer=-0.042 speed=0.495
[gpu_amcl_cpp_node-6] [INFO] [1788976443.430397087] [gpu_amcl_cpp]: AMCL odom delta: at_scan=(2.474, 0.364, 0.174) baseline=(2.449, 0.359, 0.176) delta=(0.025, 0.004, -0.002) moved=true scan_age=0.051s
[gpu_amcl_cpp_node-6] [INFO] [1788976443.432237248] [gpu_amcl_cpp]: AMCL local correction: odom_prediction=(1.189, 0.799, -1.397) scan=(1.188, 0.805, -1.394) correction=0.005 m/0.003 rad cluster_weight=0.912 publish=true
[gpu_amcl_cpp_node-6] [WARN] [1788976443.482304051] [gpu_amcl_cpp]: Clamped accumulated local AMCL correction from 0.148 to 0.120 m.
[ground_truth_amcl_monitor-7] [INFO] [1788976443.484744845] [ground_truth_amcl_monitor]: AMCL vs GT: gt=(1.228, 0.629) amcl=(1.187, 0.778) error=0.154 m / 0.000 rad; current_map=(1.193, 0.777, -1.399) error=0.152 m / 0.000 rad; odom=(1.169, 0.659, -1.399) error=0.067 m / 0.000 rad; ekf=(1.169, 0.659, -1.399) error=0.067 m / 0.000 rad; RMS=0.060 m / 0.007 rad max=0.191 m / 0.066 rad samples=4227
[gpu_amcl_cpp_node-6] [WARN] [1788976444.385211046] [gpu_amcl_cpp]: Rejected large local AMCL scan correction; restarting cloud at odometry prediction.
[component_container-9] [INFO] [1788976444.451335226] [pure_pursuit_node]: Pure Pursuit: pose=(1.264, 0.276, -1.433) cte=0.004 closest=145 target=165 path_dist=0.004 heading_err=-0.015 steer=-0.030 speed=0.493
[gpu_amcl_cpp_node-6] [INFO] [1788976444.452513178] [gpu_amcl_cpp]: AMCL odom delta: at_scan=(2.977, 0.443, 0.139) baseline=(2.942, 0.438, 0.142) delta=(0.036, 0.005, -0.002) moved=true scan_age=0.050s
[gpu_amcl_cpp_node-6] [INFO] [1788976444.454334574] [gpu_amcl_cpp]: AMCL local correction: odom_prediction=(1.261, 0.300, -1.432) scan=(1.265, 0.310, -1.422) correction=0.011 m/0.010 rad cluster_weight=0.939 publish=true
[ground_truth_amcl_monitor-7] [INFO] [1788976444.505000247] [ground_truth_amcl_monitor]: AMCL vs GT: gt=(1.306, 0.125) amcl=(1.262, 0.299) error=0.180 m / 0.002 rad; current_map=(1.266, 0.274, -1.433) error=0.155 m / 0.000 rad; odom=(1.247, 0.156, -1.433) error=0.067 m / 0.000 rad; ekf=(1.247, 0.156, -1.433) error=0.067 m / 0.000 rad; RMS=0.062 m / 0.007 rad max=0.191 m / 0.066 rad samples=4264
[gpu_amcl_cpp_node-6] [WARN] [1788976444.556117194] [gpu_amcl_cpp]: Clamped accumulated local AMCL correction from 0.125 to 0.120 m.
[gpu_amcl_cpp_node-6] [INFO] [1788976444.878285456] [gpu_amcl_cpp]: Received LiDAR callback #2153 (1081 ranges).
[gpu_amcl_cpp_node-6] [INFO] [1788976444.878342432] [gpu_amcl_cpp]: Starting AMCL scan update #2153 (sampled from 1081 ranges).
[gpu_amcl_cpp_node-6] [INFO] [1788976444.981956196] [gpu_amcl_cpp]: AMCL scan update #2155 completed; evaluating pose confidence.
[gpu_amcl_cpp_node-6] [WARN] [1788976445.432186134] [gpu_amcl_cpp]: Rejected large local AMCL scan correction; restarting cloud at odometry prediction.
[component_container-9] [INFO] [1788976445.480467979] [pure_pursuit_node]: Pure Pursuit: pose=(1.328, -0.335, -1.485) cte=0.002 closest=176 target=196 path_dist=0.002 heading_err=-0.010 steer=-0.036 speed=0.494
[gpu_amcl_cpp_node-6] [INFO] [1788976445.481848882] [gpu_amcl_cpp]: AMCL odom delta: at_scan=(3.490, 0.501, 0.089) baseline=(3.464, 0.499, 0.092) delta=(0.026, 0.002, -0.003) moved=true scan_age=0.051s
[gpu_amcl_cpp_node-6] [INFO] [1788976445.483755116] [gpu_amcl_cpp]: AMCL local correction: odom_prediction=(1.326, -0.310, -1.482) scan=(1.328, -0.388, -1.473) correction=0.078 m/0.009 rad cluster_weight=0.928 publish=true
[ground_truth_amcl_monitor-7] [INFO] [1788976445.535175721] [ground_truth_amcl_monitor]: AMCL vs GT: gt=(1.363, -0.388) amcl=(1.326, -0.310) error=0.087 m / 0.003 rad; current_map=(1.328, -0.335, -1.485) error=0.063 m / 0.000 rad; odom=(1.302, -0.331, -1.482) error=0.084 m / 0.003 rad; ekf=(1.302, -0.331, -1.482) error=0.084 m / 0.003 rad; RMS=0.063 m / 0.007 rad max=0.191 m / 0.066 rad samples=4302
[component_container-9] [INFO] [1788976446.530106921] [pure_pursuit_node]: Pure Pursuit: pose=(1.374, -0.894, -1.549) cte=-0.015 closest=204 target=224 path_dist=0.015 heading_err=0.009 steer=-0.080 speed=0.485
[gpu_amcl_cpp_node-6] [INFO] [1788976446.531550691] [gpu_amcl_cpp]: AMCL odom delta: at_scan=(4.014, 0.533, 0.031) baseline=(3.989, 0.532, 0.038) delta=(0.025, 0.001, -0.007) moved=true scan_age=0.052s
[gpu_amcl_cpp_node-6] [INFO] [1788976446.534118864] [gpu_amcl_cpp]: AMCL local correction: odom_prediction=(1.377, -0.877, -1.540) scan=(1.380, -0.899, -1.535) correction=0.022 m/0.005 rad cluster_weight=0.978 publish=true
[ground_truth_amcl_monitor-7] [INFO] [1788976446.536177323] [ground_truth_amcl_monitor]: AMCL vs GT: gt=(1.393, -0.887) amcl=(1.379, -0.893) error=0.015 m / 0.000 rad; current_map=(1.377, -0.877, -1.540) error=0.018 m / 0.000 rad; odom=(1.334, -0.855, -1.540) error=0.067 m / 0.000 rad; ekf=(1.334, -0.855, -1.540) error=0.067 m / 0.000 rad; RMS=0.063 m / 0.007 rad max=0.191 m / 0.066 rad samples=4339
[component_container-9] [INFO] [1788976447.551834582] [pure_pursuit_node]: Pure Pursuit: pose=(1.376, -1.451, -1.626) cte=-0.012 closest=232 target=251 path_dist=0.012 heading_err=0.043 steer=-0.005 speed=0.487
[gpu_amcl_cpp_node-6] [INFO] [1788976447.553342692] [gpu_amcl_cpp]: AMCL odom delta: at_scan=(4.501, 0.522, -0.053) baseline=(4.467, 0.524, -0.050) delta=(0.034, -0.002, -0.003) moved=true scan_age=0.052s
[ground_truth_amcl_monitor-7] [INFO] [1788976447.555140444] [ground_truth_amcl_monitor]: AMCL vs GT: gt=(1.381, -1.373) amcl=(1.382, -1.365) error=0.008 m / 0.003 rad; current_map=(1.380, -1.399, -1.624) error=0.026 m / 0.000 rad; odom=(1.323, -1.342, -1.624) error=0.066 m / 0.000 rad; ekf=(1.323, -1.342, -1.624) error=0.066 m / 0.000 rad; RMS=0.063 m / 0.007 rad max=0.191 m / 0.066 rad samples=4376
[gpu_amcl_cpp_node-6] [INFO] [1788976447.555182523] [gpu_amcl_cpp]: AMCL local correction: odom_prediction=(1.380, -1.399, -1.624) scan=(1.382, -1.399, -1.624) correction=0.002 m/0.000 rad cluster_weight=0.941 publish=true
[component_container-9] [INFO] [1788976448.554445336] [pure_pursuit_node]: Pure Pursuit: pose=(1.353, -1.883, -1.630) cte=-0.001 closest=253 target=273 path_dist=0.001 heading_err=0.019 steer=0.008 speed=0.496
[gpu_amcl_cpp_node-6] [INFO] [1788976448.556059885] [gpu_amcl_cpp]: AMCL odom delta: at_scan=(4.989, 0.494, -0.059) baseline=(4.964, 0.495, -0.060) delta=(0.025, -0.002, 0.000) moved=true scan_age=0.052s
[ground_truth_amcl_monitor-7] [INFO] [1788976448.556904284] [ground_truth_amcl_monitor]: AMCL vs GT: gt=(1.353, -1.863) amcl=(1.357, -1.834) error=0.029 m / 0.000 rad; current_map=(1.356, -1.860, -1.630) error=0.005 m / 0.000 rad; odom=(1.294, -1.831, -1.630) error=0.067 m / 0.000 rad; ekf=(1.294, -1.831, -1.630) error=0.067 m / 0.000 rad; RMS=0.062 m / 0.007 rad max=0.191 m / 0.066 rad samples=4414
[gpu_amcl_cpp_node-6] [INFO] [1788976448.558238028] [gpu_amcl_cpp]: AMCL local correction: odom_prediction=(1.356, -1.860, -1.630) scan=(1.353, -1.863, -1.629) correction=0.004 m/0.001 rad cluster_weight=0.937 publish=true
[ground_truth_amcl_monitor-7] [INFO] [1788976449.560024873] [ground_truth_amcl_monitor]: AMCL vs GT: gt=(1.323, -2.364) amcl=(1.325, -2.387) error=0.023 m / 0.000 rad; current_map=(1.322, -2.392, -1.636) error=0.027 m / 0.000 rad; odom=(1.265, -2.331, -1.636) error=0.067 m / 0.000 rad; ekf=(1.265, -2.331, -1.636) error=0.067 m / 0.000 rad; RMS=0.062 m / 0.007 rad max=0.191 m / 0.066 rad samples=4451
[component_container-9] [INFO] [1788976449.607253291] [pure_pursuit_node]: Pure Pursuit: pose=(1.319, -2.443, -1.639) cte=0.002 closest=281 target=301 path_dist=0.002 heading_err=-0.005 steer=-0.021 speed=0.496
[gpu_amcl_cpp_node-6] [INFO] [1788976449.608794533] [gpu_amcl_cpp]: AMCL odom delta: at_scan=(5.515, 0.462, -0.067) baseline=(5.490, 0.464, -0.065) delta=(0.025, -0.002, -0.002) moved=true scan_age=0.053s
[gpu_amcl_cpp_node-6] [INFO] [1788976449.611695288] [gpu_amcl_cpp]: AMCL local correction: odom_prediction=(1.324, -2.413, -1.638) scan=(1.317, -2.421, -1.636) correction=0.010 m/0.002 rad cluster_weight=0.934 publish=true
[gpu_amcl_cpp_node-6] [INFO] [1788976449.878393097] [gpu_amcl_cpp]: Received LiDAR callback #2245 (1081 ranges).
[gpu_amcl_cpp_node-6] [INFO] [1788976449.878455354] [gpu_amcl_cpp]: Starting AMCL scan update #2245 (sampled from 1081 ranges).
[gpu_amcl_cpp_node-6] [INFO] [1788976450.036397639] [gpu_amcl_cpp]: AMCL scan update #2248 completed; evaluating pose confidence.
[ground_truth_amcl_monitor-7] [INFO] [1788976450.563032402] [ground_truth_amcl_monitor]: AMCL vs GT: gt=(1.282, -2.866) amcl=(1.289, -2.853) error=0.014 m / 0.000 rad; current_map=(1.288, -2.844, -1.666) error=0.022 m / 0.000 rad; odom=(1.224, -2.832, -1.666) error=0.067 m / 0.000 rad; ekf=(1.224, -2.832, -1.666) error=0.067 m / 0.000 rad; RMS=0.062 m / 0.007 rad max=0.191 m / 0.066 rad samples=4487
[component_container-9] [INFO] [1788976450.626754714] [pure_pursuit_node]: Pure Pursuit: pose=(1.282, -2.904, -1.674) cte=-0.002 closest=304 target=324 path_dist=0.002 heading_err=0.003 steer=-0.019 speed=0.496
[gpu_amcl_cpp_node-6] [INFO] [1788976450.628210346] [gpu_amcl_cpp]: AMCL odom delta: at_scan=(6.025, 0.420, -0.100) baseline=(5.991, 0.423, -0.096) delta=(0.035, -0.003, -0.004) moved=true scan_age=0.052s
[gpu_amcl_cpp_node-6] [INFO] [1788976450.630430578] [gpu_amcl_cpp]: AMCL local correction: odom_prediction=(1.285, -2.888, -1.671) scan=(1.285, -2.904, -1.672) correction=0.016 m/0.001 rad cluster_weight=0.920 publish=true
[ground_truth_amcl_monitor-7] [INFO] [1788976451.580840870] [ground_truth_amcl_monitor]: AMCL vs GT: gt=(1.223, -3.375) amcl=(1.236, -3.315) error=0.062 m / 0.002 rad; current_map=(1.233, -3.340, -1.699) error=0.036 m / 0.000 rad; odom=(1.165, -3.341, -1.699) error=0.067 m / 0.000 rad; ekf=(1.165, -3.341, -1.699) error=0.067 m / 0.000 rad; RMS=0.062 m / 0.007 rad max=0.191 m / 0.066 rad samples=4522
[component_container-9] [INFO] [1788976451.632587909] [pure_pursuit_node]: Pure Pursuit: pose=(1.226, -3.392, -1.701) cte=-0.001 closest=329 target=349 path_dist=0.001 heading_err=0.006 steer=-0.007 speed=0.497
[gpu_amcl_cpp_node-6] [INFO] [1788976451.634119143] [gpu_amcl_cpp]: AMCL odom delta: at_scan=(6.525, 0.361, -0.130) baseline=(6.499, 0.364, -0.128) delta=(0.026, -0.003, -0.002) moved=true scan_age=0.054s
[gpu_amcl_cpp_node-6] [INFO] [1788976451.636671436] [gpu_amcl_cpp]: AMCL local correction: odom_prediction=(1.230, -3.351, -1.700) scan=(1.228, -3.352, -1.699) correction=0.002 m/0.001 rad cluster_weight=0.925 publish=true
[ground_truth_amcl_monitor-7] [INFO] [1788976452.603189110] [ground_truth_amcl_monitor]: AMCL vs GT: gt=(1.155, -3.884) amcl=(1.175, -3.765) error=0.121 m / 0.003 rad; current_map=(1.170, -3.800, -1.711) error=0.086 m / 0.000 rad; odom=(1.097, -3.850, -1.711) error=0.067 m / 0.000 rad; ekf=(1.097, -3.850, -1.711) error=0.067 m / 0.000 rad; RMS=0.062 m / 0.007 rad max=0.191 m / 0.066 rad samples=4560
[component_container-9] [INFO] [1788976452.651698806] [pure_pursuit_node]: Pure Pursuit: pose=(1.163, -3.849, -1.714) cte=0.000 closest=352 target=372 path_dist=0.000 heading_err=0.001 steer=-0.010 speed=0.498
[gpu_amcl_cpp_node-6] [INFO] [1788976452.652886968] [gpu_amcl_cpp]: AMCL odom delta: at_scan=(7.033, 0.293, -0.142) baseline=(7.008, 0.296, -0.141) delta=(0.025, -0.004, -0.001) moved=true scan_age=0.051s
[gpu_amcl_cpp_node-6] [INFO] [1788976452.655067726] [gpu_amcl_cpp]: AMCL local correction: odom_prediction=(1.165, -3.842, -1.713) scan=(1.166, -3.824, -1.709) correction=0.018 m/0.003 rad cluster_weight=0.929 publish=true
[ground_truth_amcl_monitor-7] [INFO] [1788976453.603498447] [ground_truth_amcl_monitor]: AMCL vs GT: gt=(1.079, -4.380) amcl=(1.096, -4.307) error=0.075 m / 0.002 rad; current_map=(1.091, -4.342, -1.733) error=0.040 m / 0.000 rad; odom=(1.028, -4.311, -1.732) error=0.087 m / 0.002 rad; ekf=(1.028, -4.311, -1.732) error=0.087 m / 0.002 rad; RMS=0.062 m / 0.007 rad max=0.191 m / 0.066 rad samples=4596
[component_container-9] [INFO] [1788976453.652247221] [pure_pursuit_node]: Pure Pursuit: pose=(1.082, -4.392, -1.735) cte=-0.002 closest=380 target=399 path_dist=0.002 heading_err=0.003 steer=-0.016 speed=0.497
[gpu_amcl_cpp_node-6] [INFO] [1788976453.653677485] [gpu_amcl_cpp]: AMCL odom delta: at_scan=(7.529, 0.217, -0.164) baseline=(7.504, 0.221, -0.163) delta=(0.025, -0.004, -0.001) moved=true scan_age=0.051s
[gpu_amcl_cpp_node-6] [INFO] [1788976453.655546260] [gpu_amcl_cpp]: AMCL local correction: odom_prediction=(1.085, -4.367, -1.735) scan=(1.090, -4.351, -1.734) correction=0.017 m/0.001 rad cluster_weight=0.927 publish=true
[gpu_amcl_cpp_node-6] [WARN] [1788976453.808922383] [gpu_amcl_cpp]: Queued LiDAR scan until source-time odometry arrives (queued=1).
[component_container-9] [INFO] [1788976454.652960004] [pure_pursuit_node]: Pure Pursuit: pose=(0.996, -4.886, -1.747) cte=-0.001 closest=405 target=424 path_dist=0.001 heading_err=-0.002 steer=-0.017 speed=0.498
[gpu_amcl_cpp_node-6] [INFO] [1788976454.654090478] [gpu_amcl_cpp]: AMCL odom delta: at_scan=(8.023, 0.133, -0.176) baseline=(7.988, 0.139, -0.175) delta=(0.035, -0.006, -0.001) moved=true scan_age=0.052s
[ground_truth_amcl_monitor-7] [INFO] [1788976454.655063799] [ground_truth_amcl_monitor]: AMCL vs GT: gt=(0.991, -4.900) amcl=(1.007, -4.822) error=0.079 m / 0.001 rad; current_map=(1.000, -4.857, -1.746) error=0.043 m / 0.000 rad; odom=(0.933, -4.865, -1.746) error=0.067 m / 0.000 rad; ekf=(0.933, -4.865, -1.746) error=0.067 m / 0.000 rad; RMS=0.062 m / 0.007 rad max=0.191 m / 0.066 rad samples=4632
[gpu_amcl_cpp_node-6] [INFO] [1788976454.656279171] [gpu_amcl_cpp]: AMCL local correction: odom_prediction=(1.000, -4.857, -1.746) scan=(1.003, -4.868, -1.746) correction=0.011 m/0.000 rad cluster_weight=0.926 publish=true
[gpu_amcl_cpp_node-6] [INFO] [1788976454.927092072] [gpu_amcl_cpp]: Received LiDAR callback #2336 (1081 ranges).
[gpu_amcl_cpp_node-6] [INFO] [1788976454.927167162] [gpu_amcl_cpp]: Starting AMCL scan update #2336 (sampled from 1081 ranges).
[gpu_amcl_cpp_node-6] [INFO] [1788976455.081346380] [gpu_amcl_cpp]: AMCL scan update #2339 completed; evaluating pose confidence.
[component_container-9] [INFO] [1788976455.679804648] [pure_pursuit_node]: Pure Pursuit: pose=(0.902, -5.396, -1.757) cte=-0.002 closest=431 target=450 path_dist=0.002 heading_err=-0.007 steer=-0.036 speed=0.497
[gpu_amcl_cpp_node-6] [INFO] [1788976455.681779962] [gpu_amcl_cpp]: AMCL odom delta: at_scan=(8.537, 0.038, -0.186) baseline=(8.511, 0.042, -0.185) delta=(0.026, -0.005, -0.001) moved=true scan_age=0.053s
[ground_truth_amcl_monitor-7] [INFO] [1788976455.682658876] [ground_truth_amcl_monitor]: AMCL vs GT: gt=(0.897, -5.407) amcl=(0.912, -5.348) error=0.060 m / 0.001 rad; current_map=(0.907, -5.374, -1.756) error=0.034 m / 0.000 rad; odom=(0.838, -5.378, -1.756) error=0.065 m / 0.000 rad; ekf=(0.838, -5.378, -1.756) error=0.065 m / 0.000 rad; RMS=0.062 m / 0.007 rad max=0.191 m / 0.066 rad samples=4668
[gpu_amcl_cpp_node-6] [INFO] [1788976455.684305004] [gpu_amcl_cpp]: AMCL local correction: odom_prediction=(0.907, -5.374, -1.756) scan=(0.910, -5.357, -1.755) correction=0.017 m/0.002 rad cluster_weight=0.926 publish=true
[component_container-9] [INFO] [1788976456.706280444] [pure_pursuit_node]: Pure Pursuit: pose=(0.799, -5.925, -1.778) cte=-0.007 closest=457 target=477 path_dist=0.007 heading_err=0.001 steer=-0.041 speed=0.494
[gpu_amcl_cpp_node-6] [INFO] [1788976456.707613176] [gpu_amcl_cpp]: AMCL odom delta: at_scan=(9.040, -0.064, -0.206) baseline=(9.016, -0.059, -0.204) delta=(0.025, -0.005, -0.001) moved=true scan_age=0.053s
[ground_truth_amcl_monitor-7] [INFO] [1788976456.708557412] [ground_truth_amcl_monitor]: AMCL vs GT: gt=(0.795, -5.911) amcl=(0.810, -5.867) error=0.046 m / 0.001 rad; current_map=(0.805, -5.891, -1.776) error=0.022 m / 0.000 rad; odom=(0.737, -5.882, -1.776) error=0.065 m / 0.000 rad; ekf=(0.737, -5.882, -1.776) error=0.065 m / 0.000 rad; RMS=0.062 m / 0.007 rad max=0.191 m / 0.066 rad samples=4704
[gpu_amcl_cpp_node-6] [INFO] [1788976456.709156763] [gpu_amcl_cpp]: AMCL local correction: odom_prediction=(0.805, -5.891, -1.776) scan=(0.805, -5.878, -1.774) correction=0.013 m/0.002 rad cluster_weight=0.960 publish=true
[ground_truth_amcl_monitor-7] [INFO] [1788976457.711286440] [ground_truth_amcl_monitor]: AMCL vs GT: gt=(0.688, -6.401) amcl=(0.698, -6.377) error=0.027 m / 0.000 rad; current_map=(0.696, -6.381, -1.795) error=0.022 m / 0.000 rad; odom=(0.629, -6.372, -1.795) error=0.065 m / 0.000 rad; ekf=(0.629, -6.372, -1.795) error=0.065 m / 0.000 rad; RMS=0.062 m / 0.007 rad max=0.191 m / 0.066 rad samples=4741
[component_container-9] [INFO] [1788976457.756388436] [pure_pursuit_node]: Pure Pursuit: pose=(0.684, -6.430, -1.795) cte=-0.001 closest=483 target=503 path_dist=0.001 heading_err=0.006 steer=-0.001 speed=0.498
[gpu_amcl_cpp_node-6] [INFO] [1788976457.757939597] [gpu_amcl_cpp]: AMCL odom delta: at_scan=(9.556, -0.177, -0.225) baseline=(9.530, -0.171, -0.225) delta=(0.025, -0.006, 0.000) moved=true scan_age=0.051s
[gpu_amcl_cpp_node-6] [INFO] [1788976457.760495837] [gpu_amcl_cpp]: AMCL local correction: odom_prediction=(0.693, -6.402, -1.795) scan=(0.694, -6.413, -1.796) correction=0.011 m/0.001 rad cluster_weight=0.950 publish=true
[gpu_amcl_cpp_node-6] [WARN] [1788976458.376431708] [gpu_amcl_cpp]: Queued LiDAR scan until source-time odometry arrives (queued=1).
[ground_truth_amcl_monitor-7] [INFO] [1788976458.753800683] [ground_truth_amcl_monitor]: AMCL vs GT: gt=(0.569, -6.913) amcl=(0.585, -6.854) error=0.062 m / 0.001 rad; current_map=(0.577, -6.888, -1.803) error=0.026 m / 0.000 rad; odom=(0.511, -6.883, -1.803) error=0.065 m / 0.000 rad; ekf=(0.511, -6.883, -1.803) error=0.065 m / 0.000 rad; RMS=0.062 m / 0.007 rad max=0.191 m / 0.066 rad samples=4778
[component_container-9] [INFO] [1788976458.803587741] [pure_pursuit_node]: Pure Pursuit: pose=(0.566, -6.938, -1.800) cte=0.002 closest=509 target=529 path_dist=0.002 heading_err=-0.001 steer=0.002 speed=0.497
[gpu_amcl_cpp_node-6] [INFO] [1788976458.805059924] [gpu_amcl_cpp]: AMCL odom delta: at_scan=(10.067, -0.296, -0.231) baseline=(10.042, -0.290, -0.232) delta=(0.025, -0.006, 0.001) moved=true scan_age=0.052s
[gpu_amcl_cpp_node-6] [INFO] [1788976458.807248878] [gpu_amcl_cpp]: AMCL local correction: odom_prediction=(0.572, -6.912, -1.802) scan=(0.568, -6.910, -1.798) correction=0.004 m/0.004 rad cluster_weight=0.955 publish=true
[ground_truth_amcl_monitor-7] [INFO] [1788976459.754388370] [ground_truth_amcl_monitor]: AMCL vs GT: gt=(0.454, -7.401) amcl=(0.469, -7.349) error=0.054 m / 0.001 rad; current_map=(0.463, -7.374, -1.810) error=0.029 m / 0.000 rad; odom=(0.402, -7.346, -1.809) error=0.075 m / 0.001 rad; ekf=(0.402, -7.346, -1.809) error=0.075 m / 0.001 rad; RMS=0.062 m / 0.007 rad max=0.191 m / 0.066 rad samples=4814
[component_container-9] [INFO] [1788976459.852968528] [pure_pursuit_node]: Pure Pursuit: pose=(0.443, -7.453, -1.812) cte=0.002 closest=536 target=556 path_dist=0.002 heading_err=0.003 steer=0.002 speed=0.493
[gpu_amcl_cpp_node-6] [INFO] [1788976459.854267547] [gpu_amcl_cpp]: AMCL odom delta: at_scan=(10.579, -0.417, -0.240) baseline=(10.555, -0.411, -0.239) delta=(0.025, -0.006, -0.001) moved=true scan_age=0.050s
[gpu_amcl_cpp_node-6] [INFO] [1788976459.856137234] [gpu_amcl_cpp]: AMCL local correction: odom_prediction=(0.449, -7.422, -1.811) scan=(0.450, -7.428, -1.808) correction=0.005 m/0.004 rad cluster_weight=0.968 publish=true
[gpu_amcl_cpp_node-6] [INFO] [1788976459.956732340] [gpu_amcl_cpp]: Received LiDAR callback #2427 (1081 ranges).
[gpu_amcl_cpp_node-6] [INFO] [1788976459.956823320] [gpu_amcl_cpp]: Starting AMCL scan update #2427 (sampled from 1081 ranges).
[gpu_amcl_cpp_node-6] [INFO] [1788976460.128926988] [gpu_amcl_cpp]: AMCL scan update #2430 completed; evaluating pose confidence.
[ground_truth_amcl_monitor-7] [INFO] [1788976460.777734109] [ground_truth_amcl_monitor]: AMCL vs GT: gt=(0.328, -7.900) amcl=(0.342, -7.862) error=0.041 m / 0.002 rad; current_map=(0.336, -7.887, -1.835) error=0.016 m / 0.000 rad; odom=(0.277, -7.845, -1.834) error=0.075 m / 0.002 rad; ekf=(0.277, -7.845, -1.834) error=0.075 m / 0.002 rad; RMS=0.061 m / 0.007 rad max=0.191 m / 0.066 rad samples=4852
[component_container-9] [INFO] [1788976460.879291716] [pure_pursuit_node]: Pure Pursuit: pose=(0.317, -7.961, -1.839) cte=-0.002 closest=562 target=582 path_dist=0.002 heading_err=-0.003 steer=-0.033 speed=0.491
[gpu_amcl_cpp_node-6] [INFO] [1788976460.880752919] [gpu_amcl_cpp]: AMCL odom delta: at_scan=(11.076, -0.544, -0.268) baseline=(11.052, -0.537, -0.266) delta=(0.025, -0.007, -0.001) moved=true scan_age=0.052s
[gpu_amcl_cpp_node-6] [INFO] [1788976460.883004730] [gpu_amcl_cpp]: AMCL local correction: odom_prediction=(0.326, -7.934, -1.838) scan=(0.319, -7.934, -1.838) correction=0.007 m/0.000 rad cluster_weight=0.975 publish=true
[component_container-9] [INFO] [1788976461.907445339] [pure_pursuit_node]: Pure Pursuit: pose=(0.174, -8.431, -1.889) cte=0.002 closest=587 target=606 path_dist=0.002 heading_err=0.004 steer=-0.038 speed=0.488
[gpu_amcl_cpp_node-6] [INFO] [1788976461.909174513] [gpu_amcl_cpp]: AMCL odom delta: at_scan=(11.553, -0.686, -0.316) baseline=(11.530, -0.678, -0.313) delta=(0.023, -0.007, -0.003) moved=true scan_age=0.052s
[gpu_amcl_cpp_node-6] [INFO] [1788976461.911696259] [gpu_amcl_cpp]: AMCL local correction: odom_prediction=(0.185, -8.410, -1.886) scan=(0.181, -8.409, -1.884) correction=0.004 m/0.002 rad cluster_weight=0.975 publish=true
[ground_truth_amcl_monitor-7] [INFO] [1788976461.936146885] [ground_truth_amcl_monitor]: AMCL vs GT: gt=(0.223, -8.267) amcl=(0.234, -8.249) error=0.022 m / 0.000 rad; current_map=(0.232, -8.252, -1.867) error=0.018 m / 0.000 rad; odom=(0.166, -8.233, -1.867) error=0.066 m / 0.000 rad; ekf=(0.166, -8.233, -1.867) error=0.066 m / 0.000 rad; RMS=0.061 m / 0.007 rad max=0.191 m / 0.066 rad samples=4881
[gpu_amcl_cpp_node-6] [WARN] [1788976462.728780138] [gpu_amcl_cpp]: Queued LiDAR scan until source-time odometry arrives (queued=1).
[component_container-9] [INFO] [1788976462.950911861] [pure_pursuit_node]: Pure Pursuit: pose=(0.004, -8.894, -1.970) cte=0.000 closest=611 target=631 path_dist=0.000 heading_err=-0.003 steer=-0.075 speed=0.483
[gpu_amcl_cpp_node-6] [INFO] [1788976462.952599487] [gpu_amcl_cpp]: AMCL odom delta: at_scan=(12.020, -0.856, -0.393) baseline=(11.998, -0.847, -0.387) delta=(0.022, -0.009, -0.006) moved=true scan_age=0.051s
[ground_truth_amcl_monitor-7] [INFO] [1788976462.953882687] [ground_truth_amcl_monitor]: AMCL vs GT: gt=(0.000, -8.896) amcl=(0.020, -8.849) error=0.051 m / 0.006 rad; current_map=(0.011, -8.871, -1.964) error=0.027 m / 0.000 rad; odom=(-0.056, -8.861, -1.964) error=0.066 m / 0.000 rad; ekf=(-0.056, -8.861, -1.964) error=0.066 m / 0.000 rad; RMS=0.061 m / 0.007 rad max=0.191 m / 0.066 rad samples=4930
[gpu_amcl_cpp_node-6] [INFO] [1788976462.954481156] [gpu_amcl_cpp]: AMCL local correction: odom_prediction=(0.011, -8.871, -1.964) scan=(0.011, -8.872, -1.960) correction=0.002 m/0.003 rad cluster_weight=0.989 publish=true
[component_container-9] [INFO] [1788976463.981860224] [pure_pursuit_node]: Pure Pursuit: pose=(-0.206, -9.325, -2.094) cte=-0.001 closest=635 target=655 path_dist=0.001 heading_err=0.006 steer=-0.120 speed=0.462
[gpu_amcl_cpp_node-6] [INFO] [1788976463.983979287] [gpu_amcl_cpp]: AMCL odom delta: at_scan=(12.461, -1.069, -0.516) baseline=(12.440, -1.058, -0.509) delta=(0.021, -0.012, -0.007) moved=true scan_age=0.051s
[ground_truth_amcl_monitor-7] [INFO] [1788976463.984882286] [ground_truth_amcl_monitor]: AMCL vs GT: gt=(-0.213, -9.336) amcl=(-0.187, -9.292) error=0.051 m / 0.007 rad; current_map=(-0.199, -9.313, -2.087) error=0.027 m / 0.000 rad; odom=(-0.269, -9.302, -2.087) error=0.065 m / 0.000 rad; ekf=(-0.257, -9.282, -2.080) error=0.070 m / 0.007 rad; RMS=0.061 m / 0.007 rad max=0.191 m / 0.066 rad samples=4968
[gpu_amcl_cpp_node-6] [INFO] [1788976463.986549925] [gpu_amcl_cpp]: AMCL local correction: odom_prediction=(-0.199, -9.313, -2.087) scan=(-0.200, -9.308, -2.084) correction=0.005 m/0.004 rad cluster_weight=0.994 publish=true
[gpu_amcl_cpp_node-6] [INFO] [1788976464.981416941] [gpu_amcl_cpp]: Received LiDAR callback #2520 (1081 ranges).
[gpu_amcl_cpp_node-6] [INFO] [1788976464.981478426] [gpu_amcl_cpp]: Starting AMCL scan update #2520 (sampled from 1081 ranges).
[ground_truth_amcl_monitor-7] [INFO] [1788976464.985328276] [ground_truth_amcl_monitor]: AMCL vs GT: gt=(-0.469, -9.702) amcl=(-0.453, -9.673) error=0.033 m / 0.000 rad; current_map=(-0.457, -9.679, -2.292) error=0.026 m / 0.000 rad; odom=(-0.525, -9.670, -2.292) error=0.064 m / 0.000 rad; ekf=(-0.525, -9.670, -2.292) error=0.064 m / 0.000 rad; RMS=0.061 m / 0.007 rad max=0.191 m / 0.066 rad samples=5005
[component_container-9] [INFO] [1788976465.031544349] [pure_pursuit_node]: Pure Pursuit: pose=(-0.487, -9.713, -2.320) cte=0.004 closest=659 target=679 path_dist=0.004 heading_err=0.010 steer=-0.213 speed=0.451
[gpu_amcl_cpp_node-6] [INFO] [1788976465.033109857] [gpu_amcl_cpp]: AMCL odom delta: at_scan=(12.846, -1.341, -0.735) baseline=(12.828, -1.326, -0.722) delta=(0.017, -0.015, -0.014) moved=true scan_age=0.052s
[gpu_amcl_cpp_node-6] [INFO] [1788976465.035628186] [gpu_amcl_cpp]: AMCL local correction: odom_prediction=(-0.469, -9.690, -2.306) scan=(-0.472, -9.687, -2.293) correction=0.004 m/0.014 rad cluster_weight=0.999 publish=true
[gpu_amcl_cpp_node-6] [INFO] [1788976465.158249953] [gpu_amcl_cpp]: AMCL scan update #2523 completed; evaluating pose confidence.
[ground_truth_amcl_monitor-7] [INFO] [1788976466.002893643] [ground_truth_amcl_monitor]: AMCL vs GT: gt=(-0.817, -9.988) amcl=(-0.778, -9.948) error=0.056 m / 0.028 rad; current_map=(-0.806, -9.963, -2.635) error=0.027 m / 0.000 rad; odom=(-0.873, -9.959, -2.635) error=0.063 m / 0.000 rad; ekf=(-0.873, -9.959, -2.635) error=0.063 m / 0.000 rad; RMS=0.061 m / 0.007 rad max=0.191 m / 0.066 rad samples=5040
[component_container-9] [INFO] [1788976466.050907038] [pure_pursuit_node]: Pure Pursuit: pose=(-0.844, -9.984, -2.675) cte=0.005 closest=682 target=702 path_dist=0.005 heading_err=-0.027 steer=-0.285 speed=0.450
[gpu_amcl_cpp_node-6] [INFO] [1788976466.052731070] [gpu_amcl_cpp]: AMCL odom delta: at_scan=(13.128, -1.693, -1.084) baseline=(13.118, -1.674, -1.064) delta=(0.010, -0.019, -0.020) moved=true scan_age=0.051s
[gpu_amcl_cpp_node-6] [INFO] [1788976466.054941544] [gpu_amcl_cpp]: AMCL local correction: odom_prediction=(-0.823, -9.976, -2.655) scan=(-0.825, -9.985, -2.650) correction=0.010 m/0.005 rad cluster_weight=0.999 publish=true
[ground_truth_amcl_monitor-7] [INFO] [1788976467.005925101] [ground_truth_amcl_monitor]: AMCL vs GT: gt=(-1.234, -10.122) amcl=(-1.212, -10.090) error=0.038 m / 0.017 rad; current_map=(-1.234, -10.094, -3.009) error=0.028 m / 0.000 rad; odom=(-1.269, -10.092, -2.992) error=0.046 m / 0.017 rad; ekf=(-1.269, -10.092, -2.992) error=0.046 m / 0.017 rad; RMS=0.061 m / 0.007 rad max=0.191 m / 0.066 rad samples=5078
[component_container-9] [INFO] [1788976467.055361247] [pure_pursuit_node]: Pure Pursuit: pose=(-1.279, -10.099, -3.046) cte=0.004 closest=705 target=724 path_dist=0.004 heading_err=0.001 steer=-0.260 speed=0.450
[gpu_amcl_cpp_node-6] [INFO] [1788976467.056926785] [gpu_amcl_cpp]: AMCL odom delta: at_scan=(13.257, -2.114, -1.457) baseline=(13.254, -2.092, -1.438) delta=(0.003, -0.023, -0.018) moved=true scan_age=0.052s
[gpu_amcl_cpp_node-6] [INFO] [1788976467.059059313] [gpu_amcl_cpp]: AMCL local correction: odom_prediction=(-1.260, -10.100, -3.027) scan=(-1.255, -10.104, -3.020) correction=0.006 m/0.007 rad cluster_weight=0.998 publish=true
[ground_truth_amcl_monitor-7] [INFO] [1788976468.034600720] [ground_truth_amcl_monitor]: AMCL vs GT: gt=(-1.684, -10.096) amcl=(-1.674, -10.066) error=0.032 m / 0.018 rad; current_map=(-1.697, -10.061, 2.909) error=0.038 m / 0.000 rad; odom=(-1.743, -10.072, 2.909) error=0.064 m / 0.000 rad; ekf=(-1.743, -10.072, 2.909) error=0.064 m / 0.000 rad; RMS=0.060 m / 0.007 rad max=0.191 m / 0.066 rad samples=5116
[component_container-9] [INFO] [1788976468.101449742] [pure_pursuit_node]: Pure Pursuit: pose=(-1.749, -10.047, 2.868) cte=0.003 closest=729 target=748 path_dist=0.003 heading_err=-0.027 steer=-0.288 speed=0.458
[gpu_amcl_cpp_node-6] [INFO] [1788976468.102866222] [gpu_amcl_cpp]: AMCL odom delta: at_scan=(13.222, -2.575, -1.828) baseline=(13.230, -2.544, -1.804) delta=(-0.008, -0.031, -0.024) moved=true scan_age=0.051s
[gpu_amcl_cpp_node-6] [INFO] [1788976468.104413435] [gpu_amcl_cpp]: AMCL local correction: odom_prediction=(-1.730, -10.050, 2.884) scan=(-1.729, -10.048, 2.888) correction=0.003 m/0.004 rad cluster_weight=0.992 publish=true
[ground_truth_amcl_monitor-7] [INFO] [1788976469.081844146] [ground_truth_amcl_monitor]: AMCL vs GT: gt=(-2.101, -9.905) amcl=(-2.111, -9.863) error=0.043 m / 0.019 rad; current_map=(-2.130, -9.850, 2.524) error=0.061 m / 0.000 rad; odom=(-2.163, -9.882, 2.524) error=0.066 m / 0.000 rad; ekf=(-2.163, -9.882, 2.524) error=0.066 m / 0.000 rad; RMS=0.060 m / 0.007 rad max=0.191 m / 0.066 rad samples=5154
[component_container-9] [INFO] [1788976469.131920140] [pure_pursuit_node]: Pure Pursuit: pose=(-2.166, -9.823, 2.487) cte=0.003 closest=752 target=772 path_dist=0.003 heading_err=-0.034 steer=-0.243 speed=0.460
[gpu_amcl_cpp_node-6] [INFO] [1788976469.133928406] [gpu_amcl_cpp]: AMCL odom delta: at_scan=(13.027, -2.982, -2.207) baseline=(13.040, -2.964, -2.188) delta=(-0.013, -0.018, -0.018) moved=true scan_age=0.053s
[gpu_amcl_cpp_node-6] [INFO] [1788976469.137449011] [gpu_amcl_cpp]: AMCL local correction: odom_prediction=(-2.144, -9.843, 2.506) scan=(-2.148, -9.835, 2.507) correction=0.009 m/0.001 rad cluster_weight=0.987 publish=true
[gpu_amcl_cpp_node-6] [INFO] [1788976470.030661243] [gpu_amcl_cpp]: Received LiDAR callback #2612 (1081 ranges).
[gpu_amcl_cpp_node-6] [INFO] [1788976470.030723499] [gpu_amcl_cpp]: Starting AMCL scan update #2612 (sampled from 1081 ranges).
[ground_truth_amcl_monitor-7] [INFO] [1788976470.084185397] [ground_truth_amcl_monitor]: AMCL vs GT: gt=(-2.426, -9.584) amcl=(-2.438, -9.536) error=0.049 m / 0.012 rad; current_map=(-2.453, -9.518, 2.229) error=0.071 m / 0.000 rad; odom=(-2.488, -9.563, 2.229) error=0.065 m / 0.000 rad; ekf=(-2.488, -9.563, 2.229) error=0.065 m / 0.000 rad; RMS=0.060 m / 0.007 rad max=0.191 m / 0.066 rad samples=5190
[component_container-9] [INFO] [1788976470.152147884] [pure_pursuit_node]: Pure Pursuit: pose=(-2.487, -9.473, 2.200) cte=0.002 closest=776 target=796 path_dist=0.002 heading_err=-0.024 steer=-0.144 speed=0.475
[gpu_amcl_cpp_node-6] [INFO] [1788976470.153311931] [gpu_amcl_cpp]: AMCL odom delta: at_scan=(12.695, -3.309, -2.500) baseline=(12.721, -3.289, -2.483) delta=(-0.026, -0.020, -0.017) moved=true scan_age=0.052s
[gpu_amcl_cpp_node-6] [INFO] [1788976470.155143175] [gpu_amcl_cpp]: AMCL local correction: odom_prediction=(-2.474, -9.492, 2.212) scan=(-2.468, -9.497, 2.214) correction=0.007 m/0.003 rad cluster_weight=0.977 publish=true
[gpu_amcl_cpp_node-6] [INFO] [1788976470.205179015] [gpu_amcl_cpp]: AMCL scan update #2615 completed; evaluating pose confidence.
[ground_truth_amcl_monitor-7] [INFO] [1788976471.129380816] [ground_truth_amcl_monitor]: AMCL vs GT: gt=(-2.687, -9.161) amcl=(-2.699, -9.108) error=0.054 m / 0.006 rad; current_map=(-2.710, -9.087, 2.048) error=0.078 m / 0.000 rad; odom=(-2.750, -9.142, 2.048) error=0.065 m / 0.000 rad; ekf=(-2.750, -9.142, 2.048) error=0.065 m / 0.000 rad; RMS=0.060 m / 0.007 rad max=0.191 m / 0.066 rad samples=5228
[component_container-9] [INFO] [1788976471.178755149] [pure_pursuit_node]: Pure Pursuit: pose=(-2.731, -9.044, 2.034) cte=0.004 closest=801 target=821 path_dist=0.004 heading_err=-0.009 steer=-0.077 speed=0.485
[gpu_amcl_cpp_node-6] [INFO] [1788976471.180057896] [gpu_amcl_cpp]: AMCL odom delta: at_scan=(12.279, -3.561, -2.671) baseline=(12.300, -3.550, -2.664) delta=(-0.021, -0.011, -0.007) moved=true scan_age=0.052s
[gpu_amcl_cpp_node-6] [INFO] [1788976471.181955866] [gpu_amcl_cpp]: AMCL local correction: odom_prediction=(-2.727, -9.058, 2.041) scan=(-2.723, -9.070, 2.041) correction=0.013 m/0.000 rad cluster_weight=0.969 publish=true
[ground_truth_amcl_monitor-7] [INFO] [1788976472.153835016] [ground_truth_amcl_monitor]: AMCL vs GT: gt=(-2.882, -8.715) amcl=(-2.886, -8.679) error=0.037 m / 0.004 rad; current_map=(-2.894, -8.656, 1.929) error=0.060 m / 0.000 rad; odom=(-2.946, -8.696, 1.929) error=0.066 m / 0.000 rad; ekf=(-2.946, -8.696, 1.929) error=0.066 m / 0.000 rad; RMS=0.060 m / 0.007 rad max=0.191 m / 0.066 rad samples=5264
[component_container-9] [INFO] [1788976472.202315498] [pure_pursuit_node]: Pure Pursuit: pose=(-2.911, -8.612, 1.920) cte=0.006 closest=824 target=844 path_dist=0.006 heading_err=-0.008 steer=-0.068 speed=0.478
[gpu_amcl_cpp_node-6] [INFO] [1788976472.203648241] [gpu_amcl_cpp]: AMCL odom delta: at_scan=(11.831, -3.755, -2.788) baseline=(11.854, -3.746, -2.783) delta=(-0.023, -0.008, -0.005) moved=true scan_age=0.051s
[gpu_amcl_cpp_node-6] [INFO] [1788976472.205895444] [gpu_amcl_cpp]: AMCL local correction: odom_prediction=(-2.903, -8.634, 1.924) scan=(-2.904, -8.637, 1.925) correction=0.003 m/0.001 rad cluster_weight=0.968 publish=true
[ground_truth_amcl_monitor-7] [INFO] [1788976473.181087481] [ground_truth_amcl_monitor]: AMCL vs GT: gt=(-3.027, -8.249) amcl=(-3.024, -8.231) error=0.019 m / 0.006 rad; current_map=(-3.030, -8.208, 1.810) error=0.042 m / 0.000 rad; odom=(-3.085, -8.253, 1.815) error=0.058 m / 0.006 rad; ekf=(-3.085, -8.253, 1.815) error=0.058 m / 0.006 rad; RMS=0.060 m / 0.007 rad max=0.191 m / 0.066 rad samples=5302
[component_container-9] [INFO] [1788976473.229639758] [pure_pursuit_node]: Pure Pursuit: pose=(-3.041, -8.161, 1.798) cte=0.006 closest=848 target=868 path_dist=0.006 heading_err=-0.008 steer=-0.070 speed=0.478
[gpu_amcl_cpp_node-6] [INFO] [1788976473.231179868] [gpu_amcl_cpp]: AMCL odom delta: at_scan=(11.364, -3.897, -2.909) baseline=(11.388, -3.892, -2.903) delta=(-0.024, -0.006, -0.006) moved=true scan_age=0.051s
[gpu_amcl_cpp_node-6] [INFO] [1788976473.233075584] [gpu_amcl_cpp]: AMCL local correction: odom_prediction=(-3.034, -8.181, 1.803) scan=(-3.028, -8.194, 1.811) correction=0.014 m/0.007 rad cluster_weight=0.981 publish=true
[ground_truth_amcl_monitor-7] [INFO] [1788976474.181175101] [ground_truth_amcl_monitor]: AMCL vs GT: gt=(-3.118, -7.782) amcl=(-3.110, -7.756) error=0.027 m / 0.000 rad; current_map=(-3.111, -7.754, 1.714) error=0.030 m / 0.000 rad; odom=(-3.182, -7.763, 1.714) error=0.067 m / 0.000 rad; ekf=(-3.182, -7.763, 1.714) error=0.067 m / 0.000 rad; RMS=0.060 m / 0.007 rad max=0.191 m / 0.066 rad samples=5339
[component_container-9] [INFO] [1788976474.279341712] [pure_pursuit_node]: Pure Pursuit: pose=(-3.120, -7.684, 1.696) cte=0.004 closest=872 target=892 path_dist=0.004 heading_err=-0.010 steer=-0.062 speed=0.487
[gpu_amcl_cpp_node-6] [INFO] [1788976474.280689803] [gpu_amcl_cpp]: AMCL odom delta: at_scan=(10.873, -3.990, -3.011) baseline=(10.898, -3.986, -3.005) delta=(-0.025, -0.003, -0.006) moved=true scan_age=0.051s
[gpu_amcl_cpp_node-6] [INFO] [1788976474.282938208] [gpu_amcl_cpp]: AMCL local correction: odom_prediction=(-3.119, -7.696, 1.701) scan=(-3.117, -7.710, 1.710) correction=0.014 m/0.009 rad cluster_weight=0.982 publish=true
[gpu_amcl_cpp_node-6] [INFO] [1788976475.053983831] [gpu_amcl_cpp]: Received LiDAR callback #2703 (1081 ranges).
[gpu_amcl_cpp_node-6] [INFO] [1788976475.054045727] [gpu_amcl_cpp]: Starting AMCL scan update #2703 (sampled from 1081 ranges).
[ground_truth_amcl_monitor-7] [INFO] [1788976475.209534449] [ground_truth_amcl_monitor]: AMCL vs GT: gt=(-3.162, -7.290) amcl=(-3.152, -7.299) error=0.014 m / 0.004 rad; current_map=(-3.153, -7.274, 1.611) error=0.018 m / 0.000 rad; odom=(-3.227, -7.271, 1.611) error=0.068 m / 0.000 rad; ekf=(-3.227, -7.271, 1.611) error=0.068 m / 0.000 rad; RMS=0.060 m / 0.007 rad max=0.191 m / 0.066 rad samples=5376
[gpu_amcl_cpp_node-6] [INFO] [1788976475.210104405] [gpu_amcl_cpp]: AMCL scan update #2706 completed; evaluating pose confidence.
[component_container-9] [INFO] [1788976475.328429158] [pure_pursuit_node]: Pure Pursuit: pose=(-3.154, -7.186, 1.598) cte=0.003 closest=897 target=917 path_dist=0.003 heading_err=-0.001 steer=-0.036 speed=0.490
[gpu_amcl_cpp_node-6] [INFO] [1788976475.329907974] [gpu_amcl_cpp]: AMCL odom delta: at_scan=(10.370, -4.030, -3.111) baseline=(10.395, -4.029, -3.108) delta=(-0.025, -0.001, -0.003) moved=true scan_age=0.053s
[gpu_amcl_cpp_node-6] [INFO] [1788976475.332112677] [gpu_amcl_cpp]: AMCL local correction: odom_prediction=(-3.154, -7.211, 1.601) scan=(-3.154, -7.216, 1.605) correction=0.005 m/0.004 rad cluster_weight=0.991 publish=true
[ground_truth_amcl_monitor-7] [INFO] [1788976476.255041068] [ground_truth_amcl_monitor]: AMCL vs GT: gt=(-3.165, -6.771) amcl=(-3.150, -6.796) error=0.029 m / 0.003 rad; current_map=(-3.150, -6.761, 1.544) error=0.018 m / 0.000 rad; odom=(-3.230, -6.753, 1.544) error=0.068 m / 0.000 rad; ekf=(-3.230, -6.753, 1.544) error=0.068 m / 0.000 rad; RMS=0.060 m / 0.007 rad max=0.191 m / 0.066 rad samples=5412
[component_container-9] [INFO] [1788976476.356670818] [pure_pursuit_node]: Pure Pursuit: pose=(-3.147, -6.685, 1.535) cte=0.005 closest=922 target=942 path_dist=0.005 heading_err=-0.012 steer=-0.040 speed=0.490
[gpu_amcl_cpp_node-6] [INFO] [1788976476.358323239] [gpu_amcl_cpp]: AMCL odom delta: at_scan=(9.861, -4.029, 3.109) baseline=(9.886, -4.030, 3.112) delta=(-0.025, 0.001, -0.003) moved=true scan_age=0.052s
[gpu_amcl_cpp_node-6] [INFO] [1788976476.360580500] [gpu_amcl_cpp]: AMCL local correction: odom_prediction=(-3.148, -6.709, 1.538) scan=(-3.149, -6.708, 1.538) correction=0.000 m/0.000 rad cluster_weight=0.991 publish=true
[gpu_amcl_cpp_node-6] [WARN] [1788976477.231464111] [gpu_amcl_cpp]: Queued LiDAR scan until source-time odometry arrives (queued=1).
[ground_truth_amcl_monitor-7] [INFO] [1788976477.284451004] [ground_truth_amcl_monitor]: AMCL vs GT: gt=(-3.133, -6.265) amcl=(-3.121, -6.280) error=0.019 m / 0.006 rad; current_map=(-3.119, -6.254, 1.471) error=0.018 m / 0.000 rad; odom=(-3.199, -6.248, 1.471) error=0.068 m / 0.000 rad; ekf=(-3.199, -6.248, 1.471) error=0.068 m / 0.000 rad; RMS=0.059 m / 0.007 rad max=0.191 m / 0.066 rad samples=5450
[component_container-9] [INFO] [1788976477.405546041] [pure_pursuit_node]: Pure Pursuit: pose=(-3.111, -6.170, 1.456) cte=-0.001 closest=948 target=968 path_dist=0.001 heading_err=0.001 steer=-0.045 speed=0.491
[gpu_amcl_cpp_node-6] [INFO] [1788976477.407328916] [gpu_amcl_cpp]: AMCL odom delta: at_scan=(9.346, -3.993, 3.032) baseline=(9.371, -3.996, 3.037) delta=(-0.026, 0.003, -0.005) moved=true scan_age=0.053s
[gpu_amcl_cpp_node-6] [INFO] [1788976477.409207259] [gpu_amcl_cpp]: AMCL local correction: odom_prediction=(-3.109, -6.189, 1.461) scan=(-3.111, -6.189, 1.459) correction=0.002 m/0.002 rad cluster_weight=0.969 publish=true
[ground_truth_amcl_monitor-7] [INFO] [1788976478.286720950] [ground_truth_amcl_monitor]: AMCL vs GT: gt=(-3.069, -5.782) amcl=(-3.044, -5.772) error=0.027 m / 0.002 rad; current_map=(-3.041, -5.748, 1.414) error=0.045 m / 0.000 rad; odom=(-3.135, -5.765, 1.414) error=0.068 m / 0.000 rad; ekf=(-3.135, -5.765, 1.414) error=0.068 m / 0.000 rad; RMS=0.059 m / 0.007 rad max=0.191 m / 0.066 rad samples=5486
[component_container-9] [INFO] [1788976478.453381121] [pure_pursuit_node]: Pure Pursuit: pose=(-3.022, -5.639, 1.398) cte=0.008 closest=975 target=995 path_dist=0.008 heading_err=-0.020 steer=-0.051 speed=0.482
[gpu_amcl_cpp_node-6] [INFO] [1788976478.454650254] [gpu_amcl_cpp]: AMCL odom delta: at_scan=(8.842, -3.923, 2.974) baseline=(8.866, -3.927, 2.978) delta=(-0.025, 0.004, -0.004) moved=true scan_age=0.050s
[gpu_amcl_cpp_node-6] [INFO] [1788976478.457115605] [gpu_amcl_cpp]: AMCL local correction: odom_prediction=(-3.022, -5.657, 1.403) scan=(-3.020, -5.657, 1.398) correction=0.002 m/0.005 rad cluster_weight=0.954 publish=true
[gpu_amcl_cpp_node-6] [WARN] [1788976478.955103250] [gpu_amcl_cpp]: Clamped accumulated local AMCL correction from 0.126 to 0.120 m.
[ground_truth_amcl_monitor-7] [INFO] [1788976479.289049035] [ground_truth_amcl_monitor]: AMCL vs GT: gt=(-2.978, -5.316) amcl=(-2.934, -5.255) error=0.075 m / 0.000 rad; current_map=(-2.947, -5.273, 1.351) error=0.053 m / 0.000 rad; odom=(-3.045, -5.298, 1.351) error=0.069 m / 0.000 rad; ekf=(-3.045, -5.298, 1.351) error=0.069 m / 0.000 rad; RMS=0.059 m / 0.007 rad max=0.191 m / 0.066 rad samples=5523
[component_container-9] [INFO] [1788976479.504125012] [pure_pursuit_node]: Pure Pursuit: pose=(-2.904, -5.125, 1.327) cte=0.004 closest=1001 target=1021 path_dist=0.004 heading_err=-0.001 steer=-0.035 speed=0.484
[gpu_amcl_cpp_node-6] [INFO] [1788976479.505507838] [gpu_amcl_cpp]: AMCL odom delta: at_scan=(8.353, -3.821, 2.902) baseline=(8.376, -3.827, 2.907) delta=(-0.023, 0.006, -0.005) moved=true scan_age=0.051s
[gpu_amcl_cpp_node-6] [INFO] [1788976479.507382304] [gpu_amcl_cpp]: AMCL local correction: odom_prediction=(-2.909, -5.155, 1.332) scan=(-2.892, -5.133, 1.328) correction=0.028 m/0.003 rad cluster_weight=0.945 publish=true
[gpu_amcl_cpp_node-6] [WARN] [1788976479.955091727] [gpu_amcl_cpp]: Queued LiDAR scan until source-time odometry arrives (queued=1).
[gpu_amcl_cpp_node-6] [INFO] [1788976480.076639515] [gpu_amcl_cpp]: Received LiDAR callback #2795 (1081 ranges).
[gpu_amcl_cpp_node-6] [INFO] [1788976480.076700258] [gpu_amcl_cpp]: Starting AMCL scan update #2795 (sampled from 1081 ranges).
[gpu_amcl_cpp_node-6] [WARN] [1788976480.078875887] [gpu_amcl_cpp]: Clamped accumulated local AMCL correction from 0.124 to 0.120 m.
[gpu_amcl_cpp_node-6] [INFO] [1788976480.232910748] [gpu_amcl_cpp]: AMCL scan update #2798 completed; evaluating pose confidence.
[ground_truth_amcl_monitor-7] [INFO] [1788976480.333180919] [ground_truth_amcl_monitor]: AMCL vs GT: gt=(-2.851, -4.827) amcl=(-2.815, -4.786) error=0.054 m / 0.001 rad; current_map=(-2.808, -4.762, 1.290) error=0.077 m / 0.000 rad; odom=(-2.918, -4.811, 1.290) error=0.069 m / 0.000 rad; ekf=(-2.918, -4.811, 1.290) error=0.069 m / 0.000 rad; RMS=0.059 m / 0.007 rad max=0.191 m / 0.066 rad samples=5560
[component_container-9] [INFO] [1788976480.543587676] [pure_pursuit_node]: Pure Pursuit: pose=(-2.771, -4.638, 1.279) cte=-0.002 closest=1027 target=1047 path_dist=0.002 heading_err=0.001 steer=-0.001 speed=0.497
[gpu_amcl_cpp_node-6] [INFO] [1788976480.545318743] [gpu_amcl_cpp]: AMCL odom delta: at_scan=(7.882, -3.693, 2.851) baseline=(7.911, -3.702, 2.854) delta=(-0.029, 0.009, -0.003) moved=true scan_age=0.091s
[gpu_amcl_cpp_node-6] [INFO] [1788976480.547605350] [gpu_amcl_cpp]: AMCL local correction: odom_prediction=(-2.784, -4.674, 1.280) scan=(-2.793, -4.689, 1.272) correction=0.018 m/0.009 rad cluster_weight=0.925 publish=true
[ground_truth_amcl_monitor-7] [INFO] [1788976481.338543643] [ground_truth_amcl_monitor]: AMCL vs GT: gt=(-2.706, -4.345) amcl=(-2.683, -4.330) error=0.028 m / 0.000 rad; current_map=(-2.675, -4.304, 1.282) error=0.051 m / 0.000 rad; odom=(-2.772, -4.322, 1.282) error=0.069 m / 0.000 rad; ekf=(-2.772, -4.322, 1.282) error=0.069 m / 0.000 rad; RMS=0.059 m / 0.007 rad max=0.191 m / 0.066 rad samples=5594
[component_container-9] [INFO] [1788976481.577277343] [pure_pursuit_node]: Pure Pursuit: pose=(-2.633, -4.169, 1.284) cte=-0.002 closest=1051 target=1071 path_dist=0.002 heading_err=0.008 steer=0.014 speed=0.498
[gpu_amcl_cpp_node-6] [INFO] [1788976481.578640342] [gpu_amcl_cpp]: AMCL odom delta: at_scan=(7.363, -3.537, 2.854) baseline=(7.397, -3.547, 2.854) delta=(-0.034, 0.010, 0.000) moved=true scan_age=0.052s
[gpu_amcl_cpp_node-6] [INFO] [1788976481.580502886] [gpu_amcl_cpp]: AMCL local correction: odom_prediction=(-2.637, -4.183, 1.283) scan=(-2.639, -4.181, 1.277) correction=0.002 m/0.006 rad cluster_weight=0.929 publish=true
[ground_truth_amcl_monitor-7] [INFO] [1788976482.339455201] [ground_truth_amcl_monitor]: AMCL vs GT: gt=(-2.565, -3.863) amcl=(-2.537, -3.828) error=0.045 m / 0.000 rad; current_map=(-2.530, -3.816, 1.293) error=0.059 m / 0.000 rad; odom=(-2.631, -3.841, 1.293) error=0.069 m / 0.000 rad; ekf=(-2.631, -3.841, 1.293) error=0.069 m / 0.000 rad; RMS=0.059 m / 0.007 rad max=0.191 m / 0.066 rad samples=5631
[component_container-9] [INFO] [1788976482.626073066] [pure_pursuit_node]: Pure Pursuit: pose=(-2.491, -3.652, 1.295) cte=-0.005 closest=1078 target=1098 path_dist=0.005 heading_err=0.003 steer=-0.018 speed=0.496
[gpu_amcl_cpp_node-6] [INFO] [1788976482.627461533] [gpu_amcl_cpp]: AMCL odom delta: at_scan=(6.857, -3.391, 2.866) baseline=(6.891, -3.400, 2.866) delta=(-0.034, 0.010, 0.000) moved=true scan_age=0.050s
[gpu_amcl_cpp_node-6] [INFO] [1788976482.629331590] [gpu_amcl_cpp]: AMCL local correction: odom_prediction=(-2.497, -3.678, 1.295) scan=(-2.506, -3.690, 1.285) correction=0.016 m/0.011 rad cluster_weight=0.940 publish=true
[ground_truth_amcl_monitor-7] [INFO] [1788976483.354398726] [ground_truth_amcl_monitor]: AMCL vs GT: gt=(-2.423, -3.375) amcl=(-2.425, -3.398) error=0.023 m / 0.004 rad; current_map=(-2.415, -3.365, 1.272) error=0.012 m / 0.000 rad; odom=(-2.488, -3.351, 1.272) error=0.069 m / 0.000 rad; ekf=(-2.498, -3.384, 1.275) error=0.076 m / 0.004 rad; RMS=0.059 m / 0.007 rad max=0.191 m / 0.066 rad samples=5666
[component_container-9] [INFO] [1788976483.626330945] [pure_pursuit_node]: Pure Pursuit: pose=(-2.369, -3.213, 1.278) cte=-0.006 closest=1101 target=1120 path_dist=0.006 heading_err=0.023 steer=0.016 speed=0.495
[gpu_amcl_cpp_node-6] [INFO] [1788976483.628164304] [gpu_amcl_cpp]: AMCL odom delta: at_scan=(6.379, -3.249, 2.847) baseline=(6.404, -3.256, 2.845) delta=(-0.024, 0.007, 0.002) moved=true scan_age=0.051s
[gpu_amcl_cpp_node-6] [INFO] [1788976483.630090898] [gpu_amcl_cpp]: AMCL local correction: odom_prediction=(-2.370, -3.228, 1.276) scan=(-2.371, -3.222, 1.264) correction=0.006 m/0.013 rad cluster_weight=0.950 publish=true
[ground_truth_amcl_monitor-7] [INFO] [1788976484.355792017] [ground_truth_amcl_monitor]: AMCL vs GT: gt=(-2.283, -2.893) amcl=(-2.272, -2.883) error=0.015 m / 0.002 rad; current_map=(-2.266, -2.858, 1.310) error=0.039 m / 0.000 rad; odom=(-2.349, -2.872, 1.310) error=0.069 m / 0.000 rad; ekf=(-2.349, -2.872, 1.310) error=0.069 m / 0.000 rad; RMS=0.059 m / 0.007 rad max=0.191 m / 0.066 rad samples=5702
[component_container-9] [INFO] [1788976484.632523255] [pure_pursuit_node]: Pure Pursuit: pose=(-2.225, -2.709, 1.311) cte=0.001 closest=1127 target=1147 path_dist=0.001 heading_err=-0.005 steer=-0.002 speed=0.499
[gpu_amcl_cpp_node-6] [INFO] [1788976484.634217474] [gpu_amcl_cpp]: AMCL odom delta: at_scan=(5.895, -3.114, 2.882) baseline=(5.920, -3.120, 2.882) delta=(-0.026, 0.007, -0.000) moved=true scan_age=0.053s
[gpu_amcl_cpp_node-6] [INFO] [1788976484.636784225] [gpu_amcl_cpp]: AMCL local correction: odom_prediction=(-2.231, -2.730, 1.311) scan=(-2.236, -2.738, 1.302) correction=0.010 m/0.009 rad cluster_weight=0.947 publish=true
[gpu_amcl_cpp_node-6] [INFO] [1788976485.105471810] [gpu_amcl_cpp]: Received LiDAR callback #2885 (1081 ranges).
[gpu_amcl_cpp_node-6] [INFO] [1788976485.105546109] [gpu_amcl_cpp]: Starting AMCL scan update #2885 (sampled from 1081 ranges).
[gpu_amcl_cpp_node-6] [INFO] [1788976485.279325759] [gpu_amcl_cpp]: AMCL scan update #2888 completed; evaluating pose confidence.
[ground_truth_amcl_monitor-7] [INFO] [1788976485.384718667] [ground_truth_amcl_monitor]: AMCL vs GT: gt=(-2.150, -2.395) amcl=(-2.131, -2.371) error=0.031 m / 0.001 rad; current_map=(-2.124, -2.346, 1.316) error=0.055 m / 0.000 rad; odom=(-2.222, -2.399, 1.314) error=0.073 m / 0.001 rad; ekf=(-2.222, -2.399, 1.314) error=0.073 m / 0.001 rad; RMS=0.059 m / 0.007 rad max=0.191 m / 0.066 rad samples=5738
[component_container-9] [INFO] [1788976485.677306247] [pure_pursuit_node]: Pure Pursuit: pose=(-2.079, -2.173, 1.320) cte=0.003 closest=1155 target=1174 path_dist=0.003 heading_err=-0.007 steer=0.005 speed=0.496
[gpu_amcl_cpp_node-6] [INFO] [1788976485.678705935] [gpu_amcl_cpp]: AMCL odom delta: at_scan=(5.388, -2.980, 2.892) baseline=(5.412, -2.986, 2.893) delta=(-0.024, 0.006, -0.001) moved=true scan_age=0.051s
[gpu_amcl_cpp_node-6] [INFO] [1788976485.680908955] [gpu_amcl_cpp]: AMCL local correction: odom_prediction=(-2.086, -2.197, 1.321) scan=(-2.084, -2.178, 1.313) correction=0.019 m/0.009 rad cluster_weight=0.950 publish=true
[ground_truth_amcl_monitor-7] [INFO] [1788976486.388670175] [ground_truth_amcl_monitor]: AMCL vs GT: gt=(-2.025, -1.908) amcl=(-1.994, -1.832) error=0.082 m / 0.000 rad; current_map=(-1.997, -1.842, 1.319) error=0.071 m / 0.000 rad; odom=(-2.091, -1.887, 1.319) error=0.069 m / 0.000 rad; ekf=(-2.091, -1.887, 1.319) error=0.069 m / 0.000 rad; RMS=0.059 m / 0.007 rad max=0.191 m / 0.066 rad samples=5775
[gpu_amcl_cpp_node-6] [WARN] [1788976486.455300171] [gpu_amcl_cpp]: Clamped accumulated local AMCL correction from 0.122 to 0.120 m.
[component_container-9] [INFO] [1788976486.677474271] [pure_pursuit_node]: Pure Pursuit: pose=(-1.946, -1.657, 1.317) cte=0.001 closest=1181 target=1201 path_dist=0.001 heading_err=-0.000 steer=0.014 speed=0.497
[gpu_amcl_cpp_node-6] [INFO] [1788976486.679239382] [gpu_amcl_cpp]: AMCL odom delta: at_scan=(4.902, -2.855, 2.888) baseline=(4.936, -2.864, 2.889) delta=(-0.034, 0.009, -0.001) moved=true scan_age=0.052s
[gpu_amcl_cpp_node-6] [INFO] [1788976486.681056190] [gpu_amcl_cpp]: AMCL local correction: odom_prediction=(-1.952, -1.680, 1.317) scan=(-1.954, -1.680, 1.309) correction=0.002 m/0.008 rad cluster_weight=0.951 publish=true
[gpu_amcl_cpp_node-6] [WARN] [1788976487.005133642] [gpu_amcl_cpp]: Queued LiDAR scan until source-time odometry arrives (queued=1).
[ground_truth_amcl_monitor-7] [INFO] [1788976487.403353777] [ground_truth_amcl_monitor]: AMCL vs GT: gt=(-1.899, -1.411) amcl=(-1.871, -1.361) error=0.057 m / 0.000 rad; current_map=(-1.865, -1.336, 1.326) error=0.082 m / 0.000 rad; odom=(-1.965, -1.391, 1.326) error=0.069 m / 0.000 rad; ekf=(-1.965, -1.391, 1.326) error=0.069 m / 0.000 rad; RMS=0.059 m / 0.007 rad max=0.191 m / 0.066 rad samples=5810
[gpu_amcl_cpp_node-6] [WARN] [1788976487.507000741] [gpu_amcl_cpp]: Clamped accumulated local AMCL correction from 0.120 to 0.120 m.
[component_container-9] [INFO] [1788976487.727590139] [pure_pursuit_node]: Pure Pursuit: pose=(-1.820, -1.147, 1.325) cte=-0.001 closest=1208 target=1227 path_dist=0.001 heading_err=0.006 steer=0.014 speed=0.498
[gpu_amcl_cpp_node-6] [INFO] [1788976487.729355491] [gpu_amcl_cpp]: AMCL odom delta: at_scan=(4.391, -2.726, 2.896) baseline=(4.416, -2.732, 2.897) delta=(-0.025, 0.006, -0.001) moved=true scan_age=0.051s
[gpu_amcl_cpp_node-6] [INFO] [1788976487.730951546] [gpu_amcl_cpp]: AMCL local correction: odom_prediction=(-1.826, -1.173, 1.326) scan=(-1.830, -1.193, 1.319) correction=0.020 m/0.006 rad cluster_weight=0.945 publish=true
[ground_truth_amcl_monitor-7] [INFO] [1788976488.404093879] [ground_truth_amcl_monitor]: AMCL vs GT: gt=(-1.778, -0.924) amcl=(-1.761, -0.881) error=0.046 m / 0.000 rad; current_map=(-1.752, -0.848, 1.329) error=0.081 m / 0.000 rad; odom=(-1.844, -0.905, 1.329) error=0.069 m / 0.000 rad; ekf=(-1.852, -0.938, 1.329) error=0.076 m / 0.000 rad; RMS=0.059 m / 0.007 rad max=0.191 m / 0.066 rad samples=5846
[gpu_amcl_cpp_node-6] [WARN] [1788976488.630204045] [gpu_amcl_cpp]: Clamped accumulated local AMCL correction from 0.120 to 0.120 m.
[component_container-9] [INFO] [1788976488.728134318] [pure_pursuit_node]: Pure Pursuit: pose=(-1.709, -0.642, 1.330) cte=-0.010 closest=1233 target=1253 path_dist=0.010 heading_err=0.014 steer=-0.014 speed=0.491
[gpu_amcl_cpp_node-6] [INFO] [1788976488.731151832] [gpu_amcl_cpp]: AMCL local correction: odom_prediction=(-1.715, -0.666, 1.331) scan=(-1.716, -0.672, 1.327) correction=0.005 m/0.004 rad cluster_weight=0.954 publish=true
[gpu_amcl_cpp_node-6] [INFO] [1788976488.779601896] [gpu_amcl_cpp]: AMCL odom delta: at_scan=(3.879, -2.600, 2.901) baseline=(3.904, -2.606, 2.902) delta=(-0.025, 0.006, -0.001) moved=true scan_age=0.050s
[ground_truth_amcl_monitor-7] [INFO] [1788976489.429921326] [ground_truth_amcl_monitor]: AMCL vs GT: gt=(-1.655, -0.425) amcl=(-1.651, -0.338) error=0.087 m / 0.002 rad; current_map=(-1.645, -0.313, 1.333) error=0.112 m / 0.000 rad; odom=(-1.721, -0.406, 1.333) error=0.069 m / 0.000 rad; ekf=(-1.721, -0.406, 1.333) error=0.069 m / 0.000 rad; RMS=0.059 m / 0.007 rad max=0.191 m / 0.066 rad samples=5884
[component_container-9] [INFO] [1788976489.776797583] [pure_pursuit_node]: Pure Pursuit: pose=(-1.592, -0.134, 1.327) cte=-0.006 closest=1260 target=1279 path_dist=0.006 heading_err=0.034 steer=0.051 speed=0.493
[gpu_amcl_cpp_node-6] [INFO] [1788976489.779961641] [gpu_amcl_cpp]: AMCL local correction: odom_prediction=(-1.600, -0.160, 1.326) scan=(-1.599, -0.157, 1.323) correction=0.004 m/0.003 rad cluster_weight=0.927 publish=true
[gpu_amcl_cpp_node-6] [INFO] [1788976489.830907573] [gpu_amcl_cpp]: AMCL odom delta: at_scan=(3.373, -2.475, 2.899) baseline=(3.398, -2.481, 2.897) delta=(-0.024, 0.006, 0.002) moved=true scan_age=0.052s
[gpu_amcl_cpp_node-6] [INFO] [1788976490.107469370] [gpu_amcl_cpp]: Received LiDAR callback #2976 (1081 ranges).
[gpu_amcl_cpp_node-6] [INFO] [1788976490.107530274] [gpu_amcl_cpp]: Starting AMCL scan update #2976 (sampled from 1081 ranges).
[gpu_amcl_cpp_node-6] [INFO] [1788976490.282193977] [gpu_amcl_cpp]: AMCL scan update #2979 completed; evaluating pose confidence.
[ground_truth_amcl_monitor-7] [INFO] [1788976490.455686709] [ground_truth_amcl_monitor]: AMCL vs GT: gt=(-1.539, 0.070) amcl=(-1.531, 0.112) error=0.043 m / 0.003 rad; current_map=(-1.525, 0.137, 1.367) error=0.068 m / 0.000 rad; odom=(-1.605, 0.089, 1.367) error=0.069 m / 0.000 rad; ekf=(-1.605, 0.089, 1.367) error=0.069 m / 0.000 rad; RMS=0.059 m / 0.007 rad max=0.191 m / 0.066 rad samples=5920
[component_container-9] [INFO] [1788976490.780434358] [pure_pursuit_node]: Pure Pursuit: pose=(-1.485, 0.336, 1.379) cte=0.005 closest=1284 target=1303 path_dist=0.005 heading_err=0.001 steer=0.041 speed=0.493
[gpu_amcl_cpp_node-6] [INFO] [1788976490.783930327] [gpu_amcl_cpp]: AMCL local correction: odom_prediction=(-1.494, 0.318, 1.379) scan=(-1.492, 0.309, 1.374) correction=0.009 m/0.005 rad cluster_weight=0.929 publish=true
[gpu_amcl_cpp_node-6] [INFO] [1788976490.832605643] [gpu_amcl_cpp]: AMCL odom delta: at_scan=(2.883, -2.369, 2.951) baseline=(2.908, -2.374, 2.950) delta=(-0.025, 0.005, 0.001) moved=true scan_age=0.050s
[ground_truth_amcl_monitor-7] [INFO] [1788976491.481685308] [ground_truth_amcl_monitor]: AMCL vs GT: gt=(-1.445, 0.576) amcl=(-1.439, 0.633) error=0.057 m / 0.001 rad; current_map=(-1.435, 0.658, 1.398) error=0.082 m / 0.000 rad; odom=(-1.511, 0.594, 1.398) error=0.068 m / 0.000 rad; ekf=(-1.511, 0.594, 1.398) error=0.068 m / 0.000 rad; RMS=0.059 m / 0.007 rad max=0.191 m / 0.066 rad samples=5956
[component_container-9] [INFO] [1788976491.824901285] [pure_pursuit_node]: Pure Pursuit: pose=(-1.399, 0.862, 1.399) cte=-0.004 closest=1310 target=1330 path_dist=0.004 heading_err=0.008 steer=0.015 speed=0.492
[gpu_amcl_cpp_node-6] [INFO] [1788976491.828153038] [gpu_amcl_cpp]: AMCL local correction: odom_prediction=(-1.405, 0.838, 1.399) scan=(-1.405, 0.842, 1.394) correction=0.004 m/0.005 rad cluster_weight=0.948 publish=true
[gpu_amcl_cpp_node-6] [INFO] [1788976491.877864923] [gpu_amcl_cpp]: AMCL odom delta: at_scan=(2.368, -2.277, 2.969) baseline=(2.392, -2.282, 2.970) delta=(-0.025, 0.004, -0.001) moved=true scan_age=0.051s
[gpu_amcl_cpp_node-6] [WARN] [1788976491.980475223] [gpu_amcl_cpp]: Clamped accumulated local AMCL correction from 0.123 to 0.120 m.
[ground_truth_amcl_monitor-7] [INFO] [1788976492.483555237] [ground_truth_amcl_monitor]: AMCL vs GT: gt=(-1.363, 1.060) amcl=(-1.354, 1.146) error=0.087 m / 0.000 rad; current_map=(-1.353, 1.152, 1.411) error=0.092 m / 0.000 rad; odom=(-1.428, 1.079, 1.411) error=0.069 m / 0.000 rad; ekf=(-1.428, 1.079, 1.411) error=0.069 m / 0.000 rad; RMS=0.060 m / 0.007 rad max=0.191 m / 0.066 rad samples=5993
[component_container-9] [INFO] [1788976492.876249115] [pure_pursuit_node]: Pure Pursuit: pose=(-1.320, 1.359, 1.436) cte=0.000 closest=1335 target=1355 path_dist=0.000 heading_err=0.002 steer=0.046 speed=0.490
[gpu_amcl_cpp_node-6] [INFO] [1788976492.878629958] [gpu_amcl_cpp]: AMCL local correction: odom_prediction=(-1.325, 1.332, 1.433) scan=(-1.325, 1.331, 1.426) correction=0.001 m/0.007 rad cluster_weight=0.944 publish=true
[gpu_amcl_cpp_node-6] [INFO] [1788976492.931864984] [gpu_amcl_cpp]: AMCL odom delta: at_scan=(1.866, -2.197, 3.007) baseline=(1.889, -2.200, 3.004) delta=(-0.024, 0.003, 0.004) moved=true scan_age=0.054s
[ground_truth_amcl_monitor-7] [INFO] [1788976493.510064293] [ground_truth_amcl_monitor]: AMCL vs GT: gt=(-1.299, 1.549) amcl=(-1.289, 1.603) error=0.055 m / 0.003 rad; current_map=(-1.287, 1.627, 1.473) error=0.079 m / 0.000 rad; odom=(-1.367, 1.544, 1.470) error=0.068 m / 0.003 rad; ekf=(-1.367, 1.544, 1.470) error=0.068 m / 0.003 rad; RMS=0.060 m / 0.007 rad max=0.191 m / 0.066 rad samples=6028
[component_container-9] [INFO] [1788976493.903151501] [pure_pursuit_node]: Pure Pursuit: pose=(-1.270, 1.834, 1.512) cte=0.002 closest=1359 target=1379 path_dist=0.002 heading_err=-0.006 steer=0.065 speed=0.482
[gpu_amcl_cpp_node-6] [INFO] [1788976493.906810595] [gpu_amcl_cpp]: AMCL local correction: odom_prediction=(-1.272, 1.827, 1.508) scan=(-1.270, 1.832, 1.505) correction=0.005 m/0.003 rad cluster_weight=0.953 publish=true
[gpu_amcl_cpp_node-6] [INFO] [1788976493.957256775] [gpu_amcl_cpp]: AMCL odom delta: at_scan=(1.378, -2.148, 3.083) baseline=(1.402, -2.150, 3.079) delta=(-0.025, 0.002, 0.004) moved=true scan_age=0.052s
[ground_truth_amcl_monitor-7] [INFO] [1788976494.528444565] [ground_truth_amcl_monitor]: AMCL vs GT: gt=(-1.273, 2.034) amcl=(-1.262, 2.074) error=0.041 m / 0.007 rad; current_map=(-1.262, 2.108, 1.562) error=0.074 m / 0.000 rad; odom=(-1.338, 2.053, 1.562) error=0.068 m / 0.000 rad; ekf=(-1.338, 2.053, 1.562) error=0.068 m / 0.000 rad; RMS=0.060 m / 0.007 rad max=0.191 m / 0.066 rad samples=6064
[component_container-9] [INFO] [1788976494.927841730] [pure_pursuit_node]: Pure Pursuit: pose=(-1.265, 2.316, 1.617) cte=-0.001 closest=1383 target=1403 path_dist=0.001 heading_err=-0.002 steer=0.103 speed=0.480
[gpu_amcl_cpp_node-6] [INFO] [1788976494.931243563] [gpu_amcl_cpp]: AMCL local correction: odom_prediction=(-1.264, 2.295, 1.611) scan=(-1.264, 2.286, 1.608) correction=0.009 m/0.003 rad cluster_weight=0.969 publish=true
[gpu_amcl_cpp_node-6] [INFO] [1788976494.982427042] [gpu_amcl_cpp]: AMCL odom delta: at_scan=(0.890, -2.143, -3.094) baseline=(0.915, -2.142, -3.101) delta=(-0.025, -0.001, 0.007) moved=true scan_age=0.053s
[gpu_amcl_cpp_node-6] [INFO] [1788976495.158487767] [gpu_amcl_cpp]: Received LiDAR callback #3065 (1081 ranges).
[gpu_amcl_cpp_node-6] [INFO] [1788976495.158653477] [gpu_amcl_cpp]: Starting AMCL scan update #3065 (sampled from 1081 ranges).
[gpu_amcl_cpp_node-6] [INFO] [1788976495.332905047] [gpu_amcl_cpp]: AMCL scan update #3068 completed; evaluating pose confidence.
[gpu_amcl_cpp_node-6] [WARN] [1788976495.503276540] [gpu_amcl_cpp]: Queued LiDAR scan until source-time odometry arrives (queued=1).
[ground_truth_amcl_monitor-7] [INFO] [1788976495.555263082] [ground_truth_amcl_monitor]: AMCL vs GT: gt=(-1.303, 2.521) amcl=(-1.289, 2.561) error=0.043 m / 0.007 rad; current_map=(-1.292, 2.584, 1.708) error=0.065 m / 0.000 rad; odom=(-1.368, 2.539, 1.708) error=0.067 m / 0.000 rad; ekf=(-1.368, 2.539, 1.708) error=0.067 m / 0.000 rad; RMS=0.060 m / 0.007 rad max=0.191 m / 0.066 rad samples=6100
[component_container-9] [INFO] [1788976495.950402206] [pure_pursuit_node]: Pure Pursuit: pose=(-1.329, 2.775, 1.782) cte=-0.008 closest=1407 target=1426 path_dist=0.008 heading_err=-0.002 steer=0.093 speed=0.470
[gpu_amcl_cpp_node-6] [INFO] [1788976495.953903455] [gpu_amcl_cpp]: AMCL local correction: odom_prediction=(-1.324, 2.749, 1.773) scan=(-1.324, 2.744, 1.770) correction=0.006 m/0.003 rad cluster_weight=0.970 publish=true
[gpu_amcl_cpp_node-6] [INFO] [1788976496.004492814] [gpu_amcl_cpp]: AMCL odom delta: at_scan=(0.409, -2.205, -2.932) baseline=(0.433, -2.200, -2.939) delta=(-0.023, -0.005, 0.007) moved=true scan_age=0.053s
[ground_truth_amcl_monitor-7] [INFO] [1788976496.579943931] [ground_truth_amcl_monitor]: AMCL vs GT: gt=(-1.407, 2.987) amcl=(-1.388, 2.984) error=0.019 m / 0.010 rad; current_map=(-1.397, 3.015, 1.868) error=0.029 m / 0.000 rad; odom=(-1.471, 3.007, 1.868) error=0.067 m / 0.000 rad; ekf=(-1.471, 3.007, 1.868) error=0.067 m / 0.000 rad; RMS=0.060 m / 0.007 rad max=0.191 m / 0.066 rad samples=6136
[component_container-9] [INFO] [1788976496.958088360] [pure_pursuit_node]: Pure Pursuit: pose=(-1.460, 3.197, 1.945) cte=-0.008 closest=1429 target=1448 path_dist=0.008 heading_err=0.016 steer=0.156 speed=0.433
[gpu_amcl_cpp_node-6] [INFO] [1788976496.962414643] [gpu_amcl_cpp]: AMCL local correction: odom_prediction=(-1.451, 3.181, 1.933) scan=(-1.451, 3.176, 1.930) correction=0.005 m/0.003 rad cluster_weight=0.976 publish=true
[gpu_amcl_cpp_node-6] [INFO] [1788976497.030033236] [gpu_amcl_cpp]: AMCL odom delta: at_scan=(-0.038, -2.337, -2.763) baseline=(-0.010, -2.326, -2.779) delta=(-0.028, -0.011, 0.016) moved=true scan_age=0.053s
[ground_truth_amcl_monitor-7] [INFO] [1788976497.582439022] [ground_truth_amcl_monitor]: AMCL vs GT: gt=(-1.571, 3.386) amcl=(-1.557, 3.378) error=0.017 m / 0.014 rad; current_map=(-1.567, 3.397, 2.069) error=0.012 m / 0.000 rad; odom=(-1.635, 3.409, 2.069) error=0.068 m / 0.000 rad; ekf=(-1.635, 3.409, 2.069) error=0.068 m / 0.000 rad; RMS=0.059 m / 0.007 rad max=0.191 m / 0.066 rad samples=6172
[component_container-9] [INFO] [1788976497.976408025] [pure_pursuit_node]: Pure Pursuit: pose=(-1.667, 3.572, 2.227) cte=-0.007 closest=1450 target=1470 path_dist=0.007 heading_err=0.010 steer=0.397 speed=0.422
[gpu_amcl_cpp_node-6] [INFO] [1788976497.980012137] [gpu_amcl_cpp]: AMCL local correction: odom_prediction=(-1.656, 3.554, 2.205) scan=(-1.657, 3.553, 2.199) correction=0.002 m/0.006 rad cluster_weight=0.976 publish=true
[gpu_amcl_cpp_node-6] [INFO] [1788976498.030573785] [gpu_amcl_cpp]: AMCL odom delta: at_scan=(-0.408, -2.537, -2.482) baseline=(-0.391, -2.524, -2.507) delta=(-0.017, -0.013, 0.025) moved=true scan_age=0.053s
[gpu_amcl_cpp_node-6] [WARN] [1788976498.356645959] [gpu_amcl_cpp]: Queued LiDAR scan until source-time odometry arrives (queued=1).
[ground_truth_amcl_monitor-7] [INFO] [1788976498.630762968] [ground_truth_amcl_monitor]: AMCL vs GT: gt=(-1.846, 3.703) amcl=(-1.818, 3.725) error=0.036 m / 0.060 rad; current_map=(-1.835, 3.736, 2.538) error=0.036 m / 0.030 rad; odom=(-1.913, 3.732, 2.568) error=0.073 m / 0.000 rad; ekf=(-1.913, 3.732, 2.568) error=0.073 m / 0.000 rad; RMS=0.059 m / 0.007 rad max=0.191 m / 0.066 rad samples=6210
[component_container-9] [INFO] [1788976499.003428476] [pure_pursuit_node]: Pure Pursuit: pose=(-2.009, 3.829, 2.812) cte=0.008 closest=1472 target=1492 path_dist=0.008 heading_err=0.060 steer=0.437 speed=0.419
[gpu_amcl_cpp_node-6] [INFO] [1788976499.007002572] [gpu_amcl_cpp]: AMCL local correction: odom_prediction=(-1.990, 3.820, 2.783) scan=(-1.992, 3.809, 2.775) correction=0.011 m/0.009 rad cluster_weight=0.967 publish=true
[gpu_amcl_cpp_node-6] [INFO] [1788976499.057293594] [gpu_amcl_cpp]: AMCL odom delta: at_scan=(-0.649, -2.869, -1.901) baseline=(-0.642, -2.849, -1.929) delta=(-0.007, -0.019, 0.028) moved=true scan_age=0.052s
[ground_truth_amcl_monitor-7] [INFO] [1788976499.677734736] [ground_truth_amcl_monitor]: AMCL vs GT: gt=(-2.239, 3.814) amcl=(-2.232, 3.876) error=0.063 m / 0.038 rad; current_map=(-2.259, 3.877, 3.141) error=0.066 m / 0.000 rad; odom=(-2.286, 3.848, 3.103) error=0.058 m / 0.038 rad; ekf=(-2.286, 3.848, 3.103) error=0.058 m / 0.038 rad; RMS=0.059 m / 0.007 rad max=0.191 m / 0.066 rad samples=6248
[component_container-9] [INFO] [1788976500.052455343] [pure_pursuit_node]: Pure Pursuit: pose=(-2.398, 3.849, -2.953) cte=0.000 closest=1492 target=1511 path_dist=0.000 heading_err=-0.069 steer=0.364 speed=0.425
[gpu_amcl_cpp_node-6] [INFO] [1788976500.104281878] [gpu_amcl_cpp]: AMCL odom delta: at_scan=(-0.673, -3.277, -1.356) baseline=(-0.680, -3.238, -1.404) delta=(0.008, -0.040, 0.048) moved=true scan_age=0.050s
[gpu_amcl_cpp_node-6] [INFO] [1788976500.106202401] [gpu_amcl_cpp]: AMCL local correction: odom_prediction=(-2.418, 3.840, -2.927) scan=(-2.418, 3.844, -2.926) correction=0.005 m/0.001 rad cluster_weight=0.972 publish=true
[gpu_amcl_cpp_node-6] [INFO] [1788976500.208699318] [gpu_amcl_cpp]: Received LiDAR callback #3158 (1081 ranges).
[gpu_amcl_cpp_node-6] [INFO] [1788976500.208749352] [gpu_amcl_cpp]: Starting AMCL scan update #3158 (sampled from 1081 ranges).
[gpu_amcl_cpp_node-6] [INFO] [1788976500.383168495] [gpu_amcl_cpp]: AMCL scan update #3161 completed; evaluating pose confidence.
[ground_truth_amcl_monitor-7] [INFO] [1788976500.728978757] [ground_truth_amcl_monitor]: AMCL vs GT: gt=(-2.638, 3.705) amcl=(-2.615, 3.733) error=0.036 m / 0.027 rad; current_map=(-2.641, 3.719, -2.651) error=0.014 m / 0.000 rad; odom=(-2.717, 3.741, -2.651) error=0.087 m / 0.000 rad; ekf=(-2.691, 3.755, -2.677) error=0.073 m / 0.027 rad; RMS=0.059 m / 0.007 rad max=0.191 m / 0.066 rad samples=6286
[component_container-9] [INFO] [1788976501.055872204] [pure_pursuit_node]: Pure Pursuit: pose=(-2.769, 3.622, -2.484) cte=-0.041 closest=1514 target=1534 path_dist=0.041 heading_err=0.099 steer=0.355 speed=0.413
[gpu_amcl_cpp_node-6] [INFO] [1788976501.111862548] [gpu_amcl_cpp]: AMCL odom delta: at_scan=(-0.498, -3.650, -0.910) baseline=(-0.511, -3.634, -0.937) delta=(0.013, -0.017, 0.027) moved=true scan_age=0.054s
[gpu_amcl_cpp_node-6] [INFO] [1788976501.114512606] [gpu_amcl_cpp]: AMCL local correction: odom_prediction=(-2.770, 3.625, -2.481) scan=(-2.768, 3.629, -2.478) correction=0.005 m/0.003 rad cluster_weight=0.969 publish=true
[gpu_amcl_cpp_node-6] [WARN] [1788976501.559057983] [gpu_amcl_cpp]: Clamped accumulated local AMCL correction from 0.121 to 0.120 m.
[ground_truth_amcl_monitor-7] [INFO] [1788976501.729596869] [ground_truth_amcl_monitor]: AMCL vs GT: gt=(-2.939, 3.439) amcl=(-2.924, 3.412) error=0.031 m / 0.023 rad; current_map=(-2.936, 3.395, -2.183) error=0.044 m / 0.000 rad; odom=(-3.012, 3.490, -2.206) error=0.089 m / 0.023 rad; ekf=(-3.012, 3.490, -2.206) error=0.089 m / 0.023 rad; RMS=0.059 m / 0.007 rad max=0.191 m / 0.066 rad samples=6322
[component_container-9] [INFO] [1788976502.056172045] [pure_pursuit_node]: Pure Pursuit: pose=(-3.014, 3.257, -2.017) cte=-0.019 closest=1537 target=1557 path_dist=0.019 heading_err=0.145 steer=0.319 speed=0.449
[gpu_amcl_cpp_node-6] [INFO] [1788976502.127734879] [gpu_amcl_cpp]: AMCL odom delta: at_scan=(-0.171, -3.908, -0.436) baseline=(-0.199, -3.894, -0.468) delta=(0.027, -0.013, 0.032) moved=true scan_age=0.051s
[gpu_amcl_cpp_node-6] [INFO] [1788976502.129961865] [gpu_amcl_cpp]: AMCL local correction: odom_prediction=(-3.021, 3.246, -2.007) scan=(-3.008, 3.231, -2.003) correction=0.020 m/0.004 rad cluster_weight=0.956 publish=true
[gpu_amcl_cpp_node-6] [WARN] [1788976502.580319659] [gpu_amcl_cpp]: Clamped accumulated local AMCL correction from 0.130 to 0.120 m.
[ground_truth_amcl_monitor-7] [INFO] [1788976502.732160992] [ground_truth_amcl_monitor]: AMCL vs GT: gt=(-3.103, 3.036) amcl=(-3.104, 3.006) error=0.030 m / 0.015 rad; current_map=(-3.109, 2.982, -1.776) error=0.054 m / 0.000 rad; odom=(-3.190, 3.070, -1.776) error=0.094 m / 0.000 rad; ekf=(-3.185, 3.094, -1.791) error=0.101 m / 0.015 rad; RMS=0.059 m / 0.007 rad max=0.191 m / 0.066 rad samples=6358
[component_container-9] [INFO] [1788976503.077145988] [pure_pursuit_node]: Pure Pursuit: pose=(-3.134, 2.802, -1.697) cte=0.013 closest=1561 target=1581 path_dist=0.013 heading_err=0.001 steer=0.072 speed=0.485
[gpu_amcl_cpp_node-6] [INFO] [1788976503.130509490] [gpu_amcl_cpp]: AMCL odom delta: at_scan=(0.274, -4.021, -0.127) baseline=(0.250, -4.018, -0.134) delta=(0.024, -0.003, 0.007) moved=true scan_age=0.052s
[gpu_amcl_cpp_node-6] [INFO] [1788976503.132471691] [gpu_amcl_cpp]: AMCL local correction: odom_prediction=(-3.130, 2.805, -1.697) scan=(-3.117, 2.787, -1.691) correction=0.023 m/0.006 rad cluster_weight=0.953 publish=true
[gpu_amcl_cpp_node-6] [WARN] [1788976503.581808139] [gpu_amcl_cpp]: Clamped accumulated local AMCL correction from 0.136 to 0.120 m.
[ground_truth_amcl_monitor-7] [INFO] [1788976503.733443368] [ground_truth_amcl_monitor]: AMCL vs GT: gt=(-3.163, 2.558) amcl=(-3.160, 2.539) error=0.020 m / 0.000 rad; current_map=(-3.163, 2.513, -1.669) error=0.045 m / 0.000 rad; odom=(-3.251, 2.594, -1.669) error=0.095 m / 0.000 rad; ekf=(-3.251, 2.594, -1.669) error=0.095 m / 0.000 rad; RMS=0.059 m / 0.007 rad max=0.191 m / 0.066 rad samples=6394
[component_container-9] [INFO] [1788976504.130311330] [pure_pursuit_node]: Pure Pursuit: pose=(-3.175, 2.319, -1.681) cte=-0.003 closest=1585 target=1605 path_dist=0.003 heading_err=-0.010 steer=-0.040 speed=0.496
[gpu_amcl_cpp_node-6] [INFO] [1788976504.131824731] [gpu_amcl_cpp]: AMCL odom delta: at_scan=(0.763, -4.072, -0.109) baseline=(0.737, -4.069, -0.107) delta=(0.026, -0.003, -0.002) moved=true scan_age=0.053s
[gpu_amcl_cpp_node-6] [INFO] [1788976504.134025738] [gpu_amcl_cpp]: AMCL local correction: odom_prediction=(-3.175, 2.347, -1.680) scan=(-3.175, 2.339, -1.669) correction=0.008 m/0.011 rad cluster_weight=0.952 publish=true
[ground_truth_amcl_monitor-7] [INFO] [1788976504.753540459] [ground_truth_amcl_monitor]: AMCL vs GT: gt=(-3.221, 2.050) amcl=(-3.209, 2.068) error=0.022 m / 0.002 rad; current_map=(-3.213, 2.033, -1.700) error=0.018 m / 0.000 rad; odom=(-3.304, 2.121, -1.699) error=0.110 m / 0.002 rad; ekf=(-3.304, 2.121, -1.699) error=0.110 m / 0.002 rad; RMS=0.059 m / 0.007 rad max=0.191 m / 0.066 rad samples=6430
[gpu_amcl_cpp_node-6] [WARN] [1788976504.805970735] [gpu_amcl_cpp]: Clamped accumulated local AMCL correction from 0.120 to 0.120 m.
[component_container-9] [INFO] [1788976505.133043392] [pure_pursuit_node]: Pure Pursuit: pose=(-3.238, 1.803, -1.699) cte=-0.004 closest=1611 target=1631 path_dist=0.004 heading_err=0.008 steer=0.002 speed=0.491
[gpu_amcl_cpp_node-6] [INFO] [1788976505.134334858] [gpu_amcl_cpp]: AMCL odom delta: at_scan=(1.261, -4.134, -0.128) baseline=(1.236, -4.131, -0.129) delta=(0.025, -0.003, 0.000) moved=true scan_age=0.054s
[gpu_amcl_cpp_node-6] [INFO] [1788976505.135551934] [gpu_amcl_cpp]: AMCL local correction: odom_prediction=(-3.234, 1.830, -1.699) scan=(-3.232, 1.819, -1.691) correction=0.011 m/0.008 rad cluster_weight=0.958 publish=true
[gpu_amcl_cpp_node-6] [INFO] [1788976505.255924626] [gpu_amcl_cpp]: Received LiDAR callback #3248 (1081 ranges).
[gpu_amcl_cpp_node-6] [INFO] [1788976505.256321598] [gpu_amcl_cpp]: Starting AMCL scan update #3248 (sampled from 1081 ranges).
[gpu_amcl_cpp_node-6] [INFO] [1788976505.428160444] [gpu_amcl_cpp]: AMCL scan update #3251 completed; evaluating pose confidence.
[ground_truth_amcl_monitor-7] [INFO] [1788976505.781894335] [ground_truth_amcl_monitor]: AMCL vs GT: gt=(-3.284, 1.549) amcl=(-3.277, 1.587) error=0.038 m / 0.003 rad; current_map=(-3.281, 1.550, -1.684) error=0.003 m / 0.000 rad; odom=(-3.373, 1.582, -1.684) error=0.094 m / 0.000 rad; ekf=(-3.373, 1.582, -1.684) error=0.094 m / 0.000 rad; RMS=0.059 m / 0.007 rad max=0.191 m / 0.066 rad samples=6466
[component_container-9] [INFO] [1788976506.177918458] [pure_pursuit_node]: Pure Pursuit: pose=(-3.299, 1.360, -1.676) cte=0.006 closest=1633 target=1653 path_dist=0.006 heading_err=-0.007 steer=-0.024 speed=0.478
[gpu_amcl_cpp_node-6] [INFO] [1788976506.179596547] [gpu_amcl_cpp]: AMCL odom delta: at_scan=(1.764, -4.193, -0.106) baseline=(1.740, -4.191, -0.106) delta=(0.024, -0.003, 0.000) moved=true scan_age=0.051s
[gpu_amcl_cpp_node-6] [INFO] [1788976506.181876993] [gpu_amcl_cpp]: AMCL local correction: odom_prediction=(-3.297, 1.386, -1.677) scan=(-3.299, 1.397, -1.664) correction=0.012 m/0.012 rad cluster_weight=0.965 publish=true
[ground_truth_amcl_monitor-7] [INFO] [1788976506.803130648] [ground_truth_amcl_monitor]: AMCL vs GT: gt=(-3.339, 1.065) amcl=(-3.325, 1.114) error=0.051 m / 0.006 rad; current_map=(-3.330, 1.081, -1.706) error=0.018 m / 0.000 rad; odom=(-3.427, 1.100, -1.706) error=0.095 m / 0.000 rad; ekf=(-3.427, 1.100, -1.706) error=0.095 m / 0.000 rad; RMS=0.059 m / 0.007 rad max=0.191 m / 0.066 rad samples=6502
[component_container-9] [INFO] [1788976507.185745261] [pure_pursuit_node]: Pure Pursuit: pose=(-3.365, 0.882, -1.766) cte=0.002 closest=1658 target=1677 path_dist=0.002 heading_err=0.008 steer=-0.109 speed=0.472
[gpu_amcl_cpp_node-6] [INFO] [1788976507.186881526] [gpu_amcl_cpp]: AMCL odom delta: at_scan=(2.237, -4.257, -0.188) baseline=(2.213, -4.252, -0.182) delta=(0.024, -0.005, -0.007) moved=true scan_age=0.055s
[gpu_amcl_cpp_node-6] [INFO] [1788976507.189461563] [gpu_amcl_cpp]: AMCL local correction: odom_prediction=(-3.358, 0.906, -1.759) scan=(-3.363, 0.917, -1.749) correction=0.012 m/0.010 rad cluster_weight=0.981 publish=true
[ground_truth_amcl_monitor-7] [INFO] [1788976507.805519836] [ground_truth_amcl_monitor]: AMCL vs GT: gt=(-3.438, 0.599) amcl=(-3.424, 0.658) error=0.060 m / 0.010 rad; current_map=(-3.430, 0.635, -1.860) error=0.036 m / 0.000 rad; odom=(-3.518, 0.657, -1.850) error=0.099 m / 0.010 rad; ekf=(-3.518, 0.657, -1.850) error=0.099 m / 0.010 rad; RMS=0.058 m / 0.007 rad max=0.191 m / 0.066 rad samples=6538
[component_container-9] [INFO] [1788976508.202206516] [pure_pursuit_node]: Pure Pursuit: pose=(-3.497, 0.434, -1.958) cte=0.003 closest=1681 target=1701 path_dist=0.003 heading_err=-0.010 steer=-0.181 speed=0.466
[gpu_amcl_cpp_node-6] [INFO] [1788976508.203779288] [gpu_amcl_cpp]: AMCL odom delta: at_scan=(2.704, -4.387, -0.375) baseline=(2.673, -4.376, -0.358) delta=(0.031, -0.012, -0.017) moved=true scan_age=0.051s
[gpu_amcl_cpp_node-6] [INFO] [1788976508.205948376] [gpu_amcl_cpp]: AMCL local correction: odom_prediction=(-3.489, 0.446, -1.946) scan=(-3.484, 0.446, -1.937) correction=0.005 m/0.008 rad cluster_weight=0.984 publish=true
[ground_truth_amcl_monitor-7] [INFO] [1788976508.807122112] [ground_truth_amcl_monitor]: AMCL vs GT: gt=(-3.622, 0.176) amcl=(-3.600, 0.211) error=0.041 m / 0.014 rad; current_map=(-3.612, 0.191, -2.115) error=0.018 m / 0.000 rad; odom=(-3.709, 0.206, -2.115) error=0.093 m / 0.000 rad; ekf=(-3.709, 0.206, -2.115) error=0.093 m / 0.000 rad; RMS=0.058 m / 0.007 rad max=0.191 m / 0.066 rad samples=6574
[component_container-9] [INFO] [1788976509.202979384] [pure_pursuit_node]: Pure Pursuit: pose=(-3.717, 0.018, -2.244) cte=-0.016 closest=1704 target=1724 path_dist=0.016 heading_err=0.016 steer=-0.269 speed=0.434
[gpu_amcl_cpp_node-6] [INFO] [1788976509.204683682] [gpu_amcl_cpp]: AMCL odom delta: at_scan=(3.090, -4.604, -0.658) baseline=(3.072, -4.591, -0.642) delta=(0.017, -0.013, -0.015) moved=true scan_age=0.051s
[gpu_amcl_cpp_node-6] [INFO] [1788976509.206907883] [gpu_amcl_cpp]: AMCL local correction: odom_prediction=(-3.703, 0.037, -2.228) scan=(-3.705, 0.023, -2.224) correction=0.015 m/0.005 rad cluster_weight=0.967 publish=true
[ground_truth_amcl_monitor-7] [INFO] [1788976509.834652320] [ground_truth_amcl_monitor]: AMCL vs GT: gt=(-3.899, -0.152) amcl=(-3.861, -0.149) error=0.038 m / 0.025 rad; current_map=(-3.883, -0.168, -2.438) error=0.023 m / 0.000 rad; odom=(-3.984, -0.120, -2.438) error=0.091 m / 0.000 rad; ekf=(-3.984, -0.120, -2.438) error=0.091 m / 0.000 rad; RMS=0.058 m / 0.007 rad max=0.191 m / 0.066 rad samples=6610
[component_container-9] [INFO] [1788976510.251265414] [pure_pursuit_node]: Pure Pursuit: pose=(-4.042, -0.292, -2.620) cte=-0.021 closest=1727 target=1746 path_dist=0.021 heading_err=0.016 steer=-0.278 speed=0.416
[gpu_amcl_cpp_node-6] [INFO] [1788976510.253038250] [gpu_amcl_cpp]: AMCL odom delta: at_scan=(3.382, -4.928, -1.030) baseline=(3.367, -4.904, -1.002) delta=(0.015, -0.024, -0.028) moved=true scan_age=0.051s
[gpu_amcl_cpp_node-6] [INFO] [1788976510.254910974] [gpu_amcl_cpp]: AMCL local correction: odom_prediction=(-4.025, -0.276, -2.600) scan=(-4.027, -0.296, -2.593) correction=0.021 m/0.007 rad cluster_weight=0.968 publish=true
[gpu_amcl_cpp_node-6] [WARN] [1788976510.254985513] [gpu_amcl_cpp]: Clamped accumulated local AMCL correction from 0.122 to 0.120 m.
[gpu_amcl_cpp_node-6] [INFO] [1788976510.304617047] [gpu_amcl_cpp]: Received LiDAR callback #3337 (1081 ranges).
[gpu_amcl_cpp_node-6] [INFO] [1788976510.304678753] [gpu_amcl_cpp]: Starting AMCL scan update #3337 (sampled from 1081 ranges).
[gpu_amcl_cpp_node-6] [INFO] [1788976510.479095629] [gpu_amcl_cpp]: AMCL scan update #3340 completed; evaluating pose confidence.
[ground_truth_amcl_monitor-7] [INFO] [1788976510.856623580] [ground_truth_amcl_monitor]: AMCL vs GT: gt=(-4.266, -0.360) amcl=(-4.227, -0.372) error=0.042 m / 0.010 rad; current_map=(-4.247, -0.380, -2.769) error=0.028 m / 0.000 rad; odom=(-4.357, -0.333, -2.769) error=0.094 m / 0.000 rad; ekf=(-4.357, -0.333, -2.769) error=0.094 m / 0.000 rad; RMS=0.058 m / 0.007 rad max=0.191 m / 0.066 rad samples=6646
[component_container-9] [INFO] [1788976511.251389659] [pure_pursuit_node]: Pure Pursuit: pose=(-4.430, -0.430, -2.891) cte=0.005 closest=1747 target=1767 path_dist=0.005 heading_err=0.053 steer=-0.191 speed=0.424
[gpu_amcl_cpp_node-6] [INFO] [1788976511.253292208] [gpu_amcl_cpp]: AMCL odom delta: at_scan=(3.545, -5.317, -1.305) baseline=(3.537, -5.289, -1.284) delta=(0.008, -0.029, -0.021) moved=true scan_age=0.052s
[gpu_amcl_cpp_node-6] [INFO] [1788976511.255252626] [gpu_amcl_cpp]: AMCL local correction: odom_prediction=(-4.408, -0.424, -2.876) scan=(-4.408, -0.433, -2.870) correction=0.009 m/0.006 rad cluster_weight=0.978 publish=true
[ground_truth_amcl_monitor-7] [INFO] [1788976511.860612932] [ground_truth_amcl_monitor]: AMCL vs GT: gt=(-4.673, -0.454) amcl=(-4.632, -0.465) error=0.042 m / 0.022 rad; current_map=(-4.654, -0.466, -3.086) error=0.023 m / 0.000 rad; odom=(-4.765, -0.430, -3.086) error=0.096 m / 0.000 rad; ekf=(-4.765, -0.430, -3.086) error=0.096 m / 0.000 rad; RMS=0.058 m / 0.008 rad max=0.191 m / 0.066 rad samples=6682
[gpu_amcl_cpp_node-6] [WARN] [1788976511.862302151] [gpu_amcl_cpp]: Clamped accumulated local AMCL correction from 0.120 to 0.120 m.
[component_container-9] [INFO] [1788976512.257717490] [pure_pursuit_node]: Pure Pursuit: pose=(-4.840, -0.460, 2.991) cte=0.015 closest=1768 target=1788 path_dist=0.015 heading_err=-0.037 steer=-0.387 speed=0.423
[gpu_amcl_cpp_node-6] [INFO] [1788976512.259247953] [gpu_amcl_cpp]: AMCL odom delta: at_scan=(3.583, -5.731, -1.696) baseline=(3.586, -5.710, -1.670) delta=(-0.002, -0.021, -0.026) moved=true scan_age=0.053s
[gpu_amcl_cpp_node-6] [INFO] [1788976512.261508472] [gpu_amcl_cpp]: AMCL local correction: odom_prediction=(-4.818, -0.445, 3.016) scan=(-4.816, -0.453, 3.027) correction=0.008 m/0.011 rad cluster_weight=0.980 publish=true
[ground_truth_amcl_monitor-7] [INFO] [1788976512.908098491] [ground_truth_amcl_monitor]: AMCL vs GT: gt=(-5.086, -0.375) amcl=(-5.044, -0.403) error=0.050 m / 0.035 rad; current_map=(-5.070, -0.392, 2.703) error=0.023 m / 0.000 rad; odom=(-5.184, -0.353, 2.703) error=0.100 m / 0.000 rad; ekf=(-5.184, -0.353, 2.703) error=0.100 m / 0.000 rad; RMS=0.058 m / 0.008 rad max=0.191 m / 0.066 rad samples=6718
[component_container-9] [INFO] [1788976513.306995107] [pure_pursuit_node]: Pure Pursuit: pose=(-5.230, -0.268, 2.479) cte=0.010 closest=1791 target=1810 path_dist=0.010 heading_err=-0.072 steer=-0.293 speed=0.436
[gpu_amcl_cpp_node-6] [INFO] [1788976513.308982735] [gpu_amcl_cpp]: AMCL odom delta: at_scan=(3.423, -6.129, -2.212) baseline=(3.436, -6.111, -2.192) delta=(-0.013, -0.018, -0.020) moved=true scan_age=0.054s
[gpu_amcl_cpp_node-6] [INFO] [1788976513.310958411] [gpu_amcl_cpp]: AMCL local correction: odom_prediction=(-5.215, -0.285, 2.500) scan=(-5.216, -0.286, 2.504) correction=0.002 m/0.003 rad cluster_weight=0.954 publish=true
[ground_truth_amcl_monitor-7] [INFO] [1788976513.932151557] [ground_truth_amcl_monitor]: AMCL vs GT: gt=(-5.427, -0.094) amcl=(-5.403, -0.079) error=0.028 m / 0.018 rad; current_map=(-5.419, -0.061, 2.260) error=0.034 m / 0.000 rad; odom=(-5.526, -0.074, 2.260) error=0.101 m / 0.000 rad; ekf=(-5.526, -0.074, 2.260) error=0.101 m / 0.000 rad; RMS=0.058 m / 0.008 rad max=0.191 m / 0.066 rad samples=6754
[component_container-9] [INFO] [1788976514.335811287] [pure_pursuit_node]: Pure Pursuit: pose=(-5.541, 0.097, 2.132) cte=-0.003 closest=1815 target=1834 path_dist=0.003 heading_err=-0.023 steer=-0.208 speed=0.472
[gpu_amcl_cpp_node-6] [INFO] [1788976514.337367739] [gpu_amcl_cpp]: AMCL odom delta: at_scan=(3.083, -6.437, -2.565) baseline=(3.103, -6.424, -2.549) delta=(-0.021, -0.014, -0.016) moved=true scan_age=0.055s
[gpu_amcl_cpp_node-6] [INFO] [1788976514.339916947] [gpu_amcl_cpp]: AMCL local correction: odom_prediction=(-5.528, 0.066, 2.148) scan=(-5.529, 0.064, 2.148) correction=0.003 m/0.000 rad cluster_weight=0.955 publish=true
[ground_truth_amcl_monitor-7] [INFO] [1788976514.959007346] [ground_truth_amcl_monitor]: AMCL vs GT: gt=(-5.674, 0.315) amcl=(-5.656, 0.290) error=0.031 m / 0.011 rad; current_map=(-5.667, 0.313, 1.986) error=0.008 m / 0.000 rad; odom=(-5.775, 0.335, 1.986) error=0.102 m / 0.000 rad; ekf=(-5.775, 0.335, 1.986) error=0.102 m / 0.000 rad; RMS=0.058 m / 0.008 rad max=0.191 m / 0.066 rad samples=6790
[component_container-9] [INFO] [1788976515.354096518] [pure_pursuit_node]: Pure Pursuit: pose=(-5.745, 0.523, 1.908) cte=-0.010 closest=1838 target=1858 path_dist=0.010 heading_err=0.014 steer=-0.088 speed=0.481
[gpu_amcl_cpp_node-6] [INFO] [1788976515.355423460] [gpu_amcl_cpp]: Received LiDAR callback #3426 (1081 ranges).
[gpu_amcl_cpp_node-6] [INFO] [1788976515.355482550] [gpu_amcl_cpp]: AMCL odom delta: at_scan=(2.648, -6.644, -2.798) baseline=(2.671, -6.636, -2.792) delta=(-0.023, -0.008, -0.006) moved=true scan_age=0.052s
[gpu_amcl_cpp_node-6] [INFO] [1788976515.355513127] [gpu_amcl_cpp]: Starting AMCL scan update #3426 (sampled from 1081 ranges).
[gpu_amcl_cpp_node-6] [INFO] [1788976515.357669502] [gpu_amcl_cpp]: AMCL local correction: odom_prediction=(-5.737, 0.506, 1.914) scan=(-5.737, 0.515, 1.908) correction=0.009 m/0.006 rad cluster_weight=0.960 publish=true
[gpu_amcl_cpp_node-6] [INFO] [1788976515.480533937] [gpu_amcl_cpp]: AMCL scan update #3428 completed; evaluating pose confidence.
[ground_truth_amcl_monitor-7] [INFO] [1788976515.984456806] [ground_truth_amcl_monitor]: AMCL vs GT: gt=(-5.835, 0.776) amcl=(-5.817, 0.752) error=0.030 m / 0.004 rad; current_map=(-5.824, 0.776, 1.856) error=0.010 m / 0.000 rad; odom=(-5.929, 0.771, 1.861) error=0.094 m / 0.004 rad; ekf=(-5.929, 0.771, 1.861) error=0.094 m / 0.004 rad; RMS=0.058 m / 0.008 rad max=0.191 m / 0.066 rad samples=6826
[component_container-9] [INFO] [1788976516.378006972] [pure_pursuit_node]: Pure Pursuit: pose=(-5.882, 0.979, 1.823) cte=-0.004 closest=1862 target=1882 path_dist=0.004 heading_err=0.015 steer=-0.039 speed=0.489
[gpu_amcl_cpp_node-6] [INFO] [1788976516.379438470] [gpu_amcl_cpp]: AMCL odom delta: at_scan=(2.181, -6.787, -2.885) baseline=(2.204, -6.781, -2.880) delta=(-0.023, -0.006, -0.005) moved=true scan_age=0.052s
[gpu_amcl_cpp_node-6] [INFO] [1788976516.381777676] [gpu_amcl_cpp]: AMCL local correction: odom_prediction=(-5.875, 0.952, 1.827) scan=(-5.877, 0.980, 1.824) correction=0.027 m/0.003 rad cluster_weight=0.947 publish=true
[ground_truth_amcl_monitor-7] [INFO] [1788976516.985328206] [ground_truth_amcl_monitor]: AMCL vs GT: gt=(-5.957, 1.248) amcl=(-5.946, 1.243) error=0.011 m / 0.000 rad; current_map=(-5.948, 1.246, 1.799) error=0.008 m / 0.000 rad; odom=(-6.057, 1.265, 1.799) error=0.102 m / 0.000 rad; ekf=(-6.057, 1.265, 1.799) error=0.102 m / 0.000 rad; RMS=0.057 m / 0.008 rad max=0.191 m / 0.066 rad samples=6863
[gpu_amcl_cpp_node-6] [WARN] [1788976517.204764775] [gpu_amcl_cpp]: Clamped accumulated local AMCL correction from 0.121 to 0.120 m.
[component_container-9] [INFO] [1788976517.426086420] [pure_pursuit_node]: Pure Pursuit: pose=(-5.995, 1.473, 1.766) cte=0.000 closest=1887 target=1907 path_dist=0.000 heading_err=0.005 steer=-0.029 speed=0.493
[gpu_amcl_cpp_node-6] [INFO] [1788976517.427560177] [gpu_amcl_cpp]: AMCL odom delta: at_scan=(1.675, -6.905, -2.943) baseline=(1.709, -6.898, -2.939) delta=(-0.034, -0.007, -0.005) moved=true scan_age=0.051s
[gpu_amcl_cpp_node-6] [INFO] [1788976517.429425206] [gpu_amcl_cpp]: AMCL local correction: odom_prediction=(-5.992, 1.454, 1.769) scan=(-5.996, 1.467, 1.765) correction=0.014 m/0.004 rad cluster_weight=0.938 publish=true
[ground_truth_amcl_monitor-7] [INFO] [1788976518.031445009] [ground_truth_amcl_monitor]: AMCL vs GT: gt=(-6.058, 1.764) amcl=(-6.042, 1.720) error=0.046 m / 0.005 rad; current_map=(-6.046, 1.745, 1.730) error=0.022 m / 0.000 rad; odom=(-6.159, 1.780, 1.730) error=0.103 m / 0.000 rad; ekf=(-6.159, 1.780, 1.730) error=0.103 m / 0.000 rad; RMS=0.057 m / 0.008 rad max=0.191 m / 0.066 rad samples=6900
[gpu_amcl_cpp_node-6] [WARN] [1788976518.205226321] [gpu_amcl_cpp]: Clamped accumulated local AMCL correction from 0.120 to 0.120 m.
[component_container-9] [INFO] [1788976518.427748103] [pure_pursuit_node]: Pure Pursuit: pose=(-6.081, 1.952, 1.705) cte=-0.004 closest=1912 target=1931 path_dist=0.004 heading_err=0.005 steer=-0.051 speed=0.491
[gpu_amcl_cpp_node-6] [INFO] [1788976518.429257637] [gpu_amcl_cpp]: AMCL odom delta: at_scan=(1.183, -6.988, -3.005) baseline=(1.208, -6.985, -3.003) delta=(-0.025, -0.004, -0.002) moved=true scan_age=0.052s
[gpu_amcl_cpp_node-6] [INFO] [1788976518.431121624] [gpu_amcl_cpp]: AMCL local correction: odom_prediction=(-6.076, 1.932, 1.707) scan=(-6.073, 1.934, 1.705) correction=0.004 m/0.001 rad cluster_weight=0.956 publish=true
[gpu_amcl_cpp_node-6] [WARN] [1788976518.603131261] [gpu_amcl_cpp]: Queued LiDAR scan until source-time odometry arrives (queued=1).
[ground_truth_amcl_monitor-7] [INFO] [1788976519.053628189] [ground_truth_amcl_monitor]: AMCL vs GT: gt=(-6.124, 2.271) amcl=(-6.111, 2.205) error=0.067 m / 0.004 rad; current_map=(-6.114, 2.240, 1.678) error=0.032 m / 0.000 rad; odom=(-6.221, 2.251, 1.682) error=0.099 m / 0.004 rad; ekf=(-6.221, 2.251, 1.682) error=0.099 m / 0.004 rad; RMS=0.057 m / 0.008 rad max=0.191 m / 0.066 rad samples=6936
[component_container-9] [INFO] [1788976519.432918390] [pure_pursuit_node]: Pure Pursuit: pose=(-6.134, 2.479, 1.650) cte=0.000 closest=1938 target=1958 path_dist=0.000 heading_err=-0.001 steer=-0.035 speed=0.494
[gpu_amcl_cpp_node-6] [INFO] [1788976519.437802327] [gpu_amcl_cpp]: AMCL odom delta: at_scan=(0.683, -7.044, -3.059) baseline=(0.708, -7.042, -3.056) delta=(-0.026, -0.002, -0.004) moved=true scan_age=0.056s
[gpu_amcl_cpp_node-6] [INFO] [1788976519.439737547] [gpu_amcl_cpp]: AMCL local correction: odom_prediction=(-6.128, 2.446, 1.653) scan=(-6.131, 2.435, 1.651) correction=0.011 m/0.002 rad cluster_weight=0.970 publish=true
[gpu_amcl_cpp_node-6] [WARN] [1788976519.505930589] [gpu_amcl_cpp]: Clamped accumulated local AMCL correction from 0.122 to 0.120 m.
[ground_truth_amcl_monitor-7] [INFO] [1788976520.079806714] [ground_truth_amcl_monitor]: AMCL vs GT: gt=(-6.164, 2.783) amcl=(-6.150, 2.723) error=0.062 m / 0.005 rad; current_map=(-6.151, 2.759, 1.621) error=0.027 m / 0.000 rad; odom=(-6.265, 2.798, 1.621) error=0.103 m / 0.000 rad; ekf=(-6.265, 2.798, 1.621) error=0.103 m / 0.000 rad; RMS=0.057 m / 0.008 rad max=0.191 m / 0.066 rad samples=6972
[gpu_amcl_cpp_node-6] [INFO] [1788976520.358170679] [gpu_amcl_cpp]: Received LiDAR callback #3517 (1081 ranges).
[gpu_amcl_cpp_node-6] [INFO] [1788976520.358235921] [gpu_amcl_cpp]: Starting AMCL scan update #3517 (sampled from 1081 ranges).
[component_container-9] [INFO] [1788976520.480421302] [pure_pursuit_node]: Pure Pursuit: pose=(-6.162, 2.999, 1.595) cte=-0.001 closest=1964 target=1984 path_dist=0.001 heading_err=-0.002 steer=-0.048 speed=0.493
[gpu_amcl_cpp_node-6] [INFO] [1788976520.481956103] [gpu_amcl_cpp]: AMCL odom delta: at_scan=(0.159, -7.073, -3.115) baseline=(0.185, -7.072, -3.113) delta=(-0.025, -0.001, -0.002) moved=true scan_age=0.054s
[gpu_amcl_cpp_node-6] [INFO] [1788976520.482938922] [gpu_amcl_cpp]: AMCL scan update #3519 completed; evaluating pose confidence.
[gpu_amcl_cpp_node-6] [INFO] [1788976520.483800173] [gpu_amcl_cpp]: AMCL local correction: odom_prediction=(-6.162, 2.980, 1.597) scan=(-6.160, 2.978, 1.596) correction=0.003 m/0.002 rad cluster_weight=0.947 publish=true
[gpu_amcl_cpp_node-6] [WARN] [1788976520.830918071] [gpu_amcl_cpp]: Clamped accumulated local AMCL correction from 0.129 to 0.120 m.
[ground_truth_amcl_monitor-7] [INFO] [1788976521.105702300] [ground_truth_amcl_monitor]: AMCL vs GT: gt=(-6.173, 3.297) amcl=(-6.163, 3.244) error=0.054 m / 0.005 rad; current_map=(-6.163, 3.279, 1.562) error=0.021 m / 0.000 rad; odom=(-6.275, 3.312, 1.562) error=0.103 m / 0.000 rad; ekf=(-6.275, 3.312, 1.562) error=0.103 m / 0.000 rad; RMS=0.057 m / 0.008 rad max=0.191 m / 0.066 rad samples=7008
[component_container-9] [INFO] [1788976521.504626439] [pure_pursuit_node]: Pure Pursuit: pose=(-6.157, 3.498, 1.540) cte=0.001 closest=1989 target=2009 path_dist=0.001 heading_err=-0.001 steer=-0.040 speed=0.493
[gpu_amcl_cpp_node-6] [INFO] [1788976521.506026719] [gpu_amcl_cpp]: AMCL odom delta: at_scan=(-0.354, -7.072, 3.112) baseline=(-0.319, -7.073, 3.115) delta=(-0.035, 0.001, -0.003) moved=true scan_age=0.054s
[gpu_amcl_cpp_node-6] [INFO] [1788976521.507900484] [gpu_amcl_cpp]: AMCL local correction: odom_prediction=(-6.158, 3.473, 1.541) scan=(-6.159, 3.486, 1.540) correction=0.013 m/0.002 rad cluster_weight=0.961 publish=true
[gpu_amcl_cpp_node-6] [WARN] [1788976522.079774906] [gpu_amcl_cpp]: Clamped accumulated local AMCL correction from 0.121 to 0.120 m.
[ground_truth_amcl_monitor-7] [INFO] [1788976522.129880153] [ground_truth_amcl_monitor]: AMCL vs GT: gt=(-6.154, 3.812) amcl=(-6.142, 3.769) error=0.045 m / 0.004 rad; current_map=(-6.141, 3.794, 1.503) error=0.022 m / 0.000 rad; odom=(-6.257, 3.826, 1.503) error=0.103 m / 0.000 rad; ekf=(-6.258, 3.800, 1.507) error=0.105 m / 0.004 rad; RMS=0.057 m / 0.008 rad max=0.191 m / 0.066 rad samples=7044
[component_container-9] [INFO] [1788976522.507237048] [pure_pursuit_node]: Pure Pursuit: pose=(-6.123, 4.006, 1.475) cte=0.002 closest=2015 target=2034 path_dist=0.002 heading_err=-0.002 steer=-0.038 speed=0.491
[gpu_amcl_cpp_node-6] [INFO] [1788976522.508842381] [gpu_amcl_cpp]: AMCL odom delta: at_scan=(-0.857, -7.042, 3.048) baseline=(-0.831, -7.044, 3.051) delta=(-0.026, 0.002, -0.003) moved=true scan_age=0.052s
[gpu_amcl_cpp_node-6] [INFO] [1788976522.511425774] [gpu_amcl_cpp]: AMCL local correction: odom_prediction=(-6.126, 3.989, 1.477) scan=(-6.122, 3.987, 1.479) correction=0.004 m/0.001 rad cluster_weight=0.978 publish=true
[gpu_amcl_cpp_node-6] [WARN] [1788976523.080609268] [gpu_amcl_cpp]: Clamped accumulated local AMCL correction from 0.125 to 0.120 m.
[ground_truth_amcl_monitor-7] [INFO] [1788976523.132313707] [ground_truth_amcl_monitor]: AMCL vs GT: gt=(-6.103, 4.310) amcl=(-6.091, 4.291) error=0.023 m / 0.000 rad; current_map=(-6.091, 4.289, 1.436) error=0.025 m / 0.000 rad; odom=(-6.206, 4.324, 1.436) error=0.104 m / 0.000 rad; ekf=(-6.206, 4.324, 1.436) error=0.104 m / 0.000 rad; RMS=0.057 m / 0.008 rad max=0.191 m / 0.066 rad samples=7081
[component_container-9] [INFO] [1788976523.507524070] [pure_pursuit_node]: Pure Pursuit: pose=(-6.058, 4.507, 1.406) cte=0.001 closest=2040 target=2060 path_dist=0.001 heading_err=-0.003 steer=-0.050 speed=0.490
[gpu_amcl_cpp_node-6] [INFO] [1788976523.580609779] [gpu_amcl_cpp]: AMCL odom delta: at_scan=(-1.389, -6.973, 2.975) baseline=(-1.353, -6.979, 2.980) delta=(-0.035, 0.006, -0.005) moved=true scan_age=0.054s
[gpu_amcl_cpp_node-6] [INFO] [1788976523.582800848] [gpu_amcl_cpp]: AMCL local correction: odom_prediction=(-6.055, 4.519, 1.405) scan=(-6.058, 4.529, 1.404) correction=0.011 m/0.001 rad cluster_weight=0.989 publish=true
[gpu_amcl_cpp_node-6] [WARN] [1788976524.080811126] [gpu_amcl_cpp]: Clamped accumulated local AMCL correction from 0.121 to 0.120 m.
[ground_truth_amcl_monitor-7] [INFO] [1788976524.133123633] [ground_truth_amcl_monitor]: AMCL vs GT: gt=(-6.018, 4.802) amcl=(-6.006, 4.796) error=0.013 m / 0.000 rad; current_map=(-6.003, 4.792, 1.360) error=0.018 m / 0.000 rad; odom=(-6.121, 4.816, 1.360) error=0.104 m / 0.000 rad; ekf=(-6.121, 4.816, 1.360) error=0.104 m / 0.000 rad; RMS=0.057 m / 0.008 rad max=0.191 m / 0.066 rad samples=7117
[component_container-9] [INFO] [1788976524.555265770] [pure_pursuit_node]: Pure Pursuit: pose=(-5.951, 5.016, 1.320) cte=0.001 closest=2066 target=2086 path_dist=0.001 heading_err=0.001 steer=-0.051 speed=0.489
[gpu_amcl_cpp_node-6] [INFO] [1788976524.608456410] [gpu_amcl_cpp]: AMCL odom delta: at_scan=(-1.887, -6.867, 2.890) baseline=(-1.863, -6.874, 2.895) delta=(-0.024, 0.006, -0.005) moved=true scan_age=0.052s
[gpu_amcl_cpp_node-6] [INFO] [1788976524.611696551] [gpu_amcl_cpp]: AMCL local correction: odom_prediction=(-5.951, 5.014, 1.319) scan=(-5.948, 5.038, 1.317) correction=0.024 m/0.003 rad cluster_weight=0.984 publish=true
[gpu_amcl_cpp_node-6] [WARN] [1788976524.905276103] [gpu_amcl_cpp]: Queued LiDAR scan until source-time odometry arrives (queued=1).
[ground_truth_amcl_monitor-7] [INFO] [1788976525.180874316] [ground_truth_amcl_monitor]: AMCL vs GT: gt=(-5.889, 5.293) amcl=(-5.883, 5.270) error=0.024 m / 0.006 rad; current_map=(-5.876, 5.293, 1.268) error=0.014 m / 0.000 rad; odom=(-5.993, 5.308, 1.268) error=0.104 m / 0.000 rad; ekf=(-6.000, 5.285, 1.274) error=0.111 m / 0.006 rad; RMS=0.057 m / 0.008 rad max=0.191 m / 0.066 rad samples=7154
[gpu_amcl_cpp_node-6] [WARN] [1788976525.181639808] [gpu_amcl_cpp]: Clamped accumulated local AMCL correction from 0.121 to 0.120 m.
[gpu_amcl_cpp_node-6] [INFO] [1788976525.427430599] [gpu_amcl_cpp]: Received LiDAR callback #3608 (1081 ranges).
[gpu_amcl_cpp_node-6] [INFO] [1788976525.427496913] [gpu_amcl_cpp]: Starting AMCL scan update #3608 (sampled from 1081 ranges).
[gpu_amcl_cpp_node-6] [INFO] [1788976525.532127497] [gpu_amcl_cpp]: AMCL scan update #3610 completed; evaluating pose confidence.
[component_container-9] [INFO] [1788976525.581150861] [pure_pursuit_node]: Pure Pursuit: pose=(-5.806, 5.499, 1.232) cte=-0.000 closest=2091 target=2111 path_dist=0.000 heading_err=-0.003 steer=-0.080 speed=0.489
[gpu_amcl_cpp_node-6] [INFO] [1788976525.652702221] [gpu_amcl_cpp]: AMCL odom delta: at_scan=(-2.364, -6.722, 2.801) baseline=(-2.332, -6.733, 2.806) delta=(-0.032, 0.011, -0.005) moved=true scan_age=0.051s
[gpu_amcl_cpp_node-6] [INFO] [1788976525.654893320] [gpu_amcl_cpp]: AMCL local correction: odom_prediction=(-5.803, 5.502, 1.231) scan=(-5.797, 5.508, 1.225) correction=0.009 m/0.006 rad cluster_weight=0.991 publish=true
[ground_truth_amcl_monitor-7] [INFO] [1788976526.183889588] [ground_truth_amcl_monitor]: AMCL vs GT: gt=(-5.727, 5.742) amcl=(-5.723, 5.712) error=0.031 m / 0.005 rad; current_map=(-5.713, 5.734, 1.178) error=0.016 m / 0.000 rad; odom=(-5.831, 5.757, 1.178) error=0.105 m / 0.000 rad; ekf=(-5.831, 5.757, 1.178) error=0.105 m / 0.000 rad; RMS=0.057 m / 0.008 rad max=0.191 m / 0.066 rad samples=7190
[gpu_amcl_cpp_node-6] [WARN] [1788976526.185314404] [gpu_amcl_cpp]: Clamped accumulated local AMCL correction from 0.128 to 0.120 m.
[component_container-9] [INFO] [1788976526.633074467] [pure_pursuit_node]: Pure Pursuit: pose=(-5.615, 5.963, 1.128) cte=-0.003 closest=2116 target=2136 path_dist=0.003 heading_err=-0.005 steer=-0.084 speed=0.487
[gpu_amcl_cpp_node-6] [INFO] [1788976526.703307330] [gpu_amcl_cpp]: AMCL odom delta: at_scan=(-2.825, -6.531, 2.698) baseline=(-2.795, -6.546, 2.705) delta=(-0.030, 0.014, -0.007) moved=true scan_age=0.051s
[gpu_amcl_cpp_node-6] [INFO] [1788976526.705187157] [gpu_amcl_cpp]: AMCL local correction: odom_prediction=(-5.612, 5.965, 1.127) scan=(-5.605, 5.959, 1.131) correction=0.010 m/0.004 rad cluster_weight=0.993 publish=true
[ground_truth_amcl_monitor-7] [INFO] [1788976527.186125983] [ground_truth_amcl_monitor]: AMCL vs GT: gt=(-5.523, 6.172) amcl=(-5.512, 6.156) error=0.020 m / 0.000 rad; current_map=(-5.511, 6.161, 1.080) error=0.017 m / 0.000 rad; odom=(-5.628, 6.187, 1.080) error=0.106 m / 0.000 rad; ekf=(-5.628, 6.187, 1.080) error=0.106 m / 0.000 rad; RMS=0.057 m / 0.008 rad max=0.191 m / 0.066 rad samples=7227
[gpu_amcl_cpp_node-6] [WARN] [1788976527.237290404] [gpu_amcl_cpp]: Clamped accumulated local AMCL correction from 0.130 to 0.120 m.
[component_container-9] [INFO] [1788976527.633740438] [pure_pursuit_node]: Pure Pursuit: pose=(-5.392, 6.376, 1.038) cte=-0.001 closest=2140 target=2159 path_dist=0.001 heading_err=-0.002 steer=-0.101 speed=0.462
[gpu_amcl_cpp_node-6] [INFO] [1788976527.705964187] [gpu_amcl_cpp]: AMCL odom delta: at_scan=(-3.245, -6.307, 2.606) baseline=(-3.217, -6.323, 2.613) delta=(-0.028, 0.017, -0.007) moved=true scan_age=0.054s
[gpu_amcl_cpp_node-6] [INFO] [1788976527.707850015] [gpu_amcl_cpp]: AMCL local correction: odom_prediction=(-5.389, 6.378, 1.035) scan=(-5.378, 6.379, 1.039) correction=0.011 m/0.004 rad cluster_weight=0.995 publish=true
[ground_truth_amcl_monitor-7] [INFO] [1788976528.187007212] [ground_truth_amcl_monitor]: AMCL vs GT: gt=(-5.286, 6.569) amcl=(-5.274, 6.555) error=0.018 m / 0.000 rad; current_map=(-5.274, 6.554, 0.968) error=0.019 m / 0.000 rad; odom=(-5.389, 6.586, 0.968) error=0.105 m / 0.000 rad; ekf=(-5.389, 6.586, 0.968) error=0.105 m / 0.000 rad; RMS=0.056 m / 0.008 rad max=0.191 m / 0.066 rad samples=7261
[gpu_amcl_cpp_node-6] [WARN] [1788976528.304853034] [gpu_amcl_cpp]: Clamped accumulated local AMCL correction from 0.124 to 0.120 m.
[component_container-9] [INFO] [1788976528.681587888] [pure_pursuit_node]: Pure Pursuit: pose=(-5.125, 6.749, 0.873) cte=0.006 closest=2163 target=2182 path_dist=0.006 heading_err=-0.002 steer=-0.128 speed=0.458
[gpu_amcl_cpp_node-6] [INFO] [1788976528.752607986] [gpu_amcl_cpp]: AMCL odom delta: at_scan=(-3.635, -6.034, 2.441) baseline=(-3.610, -6.055, 2.455) delta=(-0.025, 0.020, -0.014) moved=true scan_age=0.050s
[gpu_amcl_cpp_node-6] [INFO] [1788976528.754769760] [gpu_amcl_cpp]: AMCL local correction: odom_prediction=(-5.119, 6.757, 0.870) scan=(-5.114, 6.757, 0.877) correction=0.005 m/0.006 rad cluster_weight=0.996 publish=true
[ground_truth_amcl_monitor-7] [INFO] [1788976529.208847725] [ground_truth_amcl_monitor]: AMCL vs GT: gt=(-4.992, 6.924) amcl=(-5.006, 6.879) error=0.047 m / 0.009 rad; current_map=(-4.990, 6.896, 0.786) error=0.028 m / 0.000 rad; odom=(-5.096, 6.943, 0.786) error=0.106 m / 0.000 rad; ekf=(-5.096, 6.943, 0.786) error=0.106 m / 0.000 rad; RMS=0.056 m / 0.008 rad max=0.191 m / 0.066 rad samples=7296
[component_container-9] [INFO] [1788976529.726732433] [pure_pursuit_node]: Pure Pursuit: pose=(-4.787, 7.080, 0.657) cte=-0.002 closest=2186 target=2206 path_dist=0.002 heading_err=-0.013 steer=-0.150 speed=0.478
[gpu_amcl_cpp_node-6] [INFO] [1788976529.779556259] [gpu_amcl_cpp]: AMCL odom delta: at_scan=(-3.962, -5.695, 2.228) baseline=(-3.947, -5.714, 2.240) delta=(-0.015, 0.019, -0.012) moved=true scan_age=0.051s
[gpu_amcl_cpp_node-6] [INFO] [1788976529.781755003] [gpu_amcl_cpp]: AMCL local correction: odom_prediction=(-4.791, 7.075, 0.657) scan=(-4.791, 7.071, 0.672) correction=0.004 m/0.015 rad cluster_weight=0.995 publish=true
[ground_truth_amcl_monitor-7] [INFO] [1788976530.230911694] [ground_truth_amcl_monitor]: AMCL vs GT: gt=(-4.614, 7.225) amcl=(-4.641, 7.185) error=0.048 m / 0.010 rad; current_map=(-4.620, 7.198, 0.573) error=0.028 m / 0.000 rad; odom=(-4.721, 7.243, 0.573) error=0.108 m / 0.000 rad; ekf=(-4.721, 7.243, 0.573) error=0.108 m / 0.000 rad; RMS=0.056 m / 0.008 rad max=0.191 m / 0.066 rad samples=7332
[gpu_amcl_cpp_node-6] [INFO] [1788976530.454602429] [gpu_amcl_cpp]: Received LiDAR callback #3697 (1081 ranges).
[gpu_amcl_cpp_node-6] [INFO] [1788976530.454675927] [gpu_amcl_cpp]: Starting AMCL scan update #3697 (sampled from 1081 ranges).
[gpu_amcl_cpp_node-6] [INFO] [1788976530.560992311] [gpu_amcl_cpp]: AMCL scan update #3699 completed; evaluating pose confidence.
[component_container-9] [INFO] [1788976530.730505017] [pure_pursuit_node]: Pure Pursuit: pose=(-4.396, 7.332, 0.470) cte=-0.008 closest=2210 target=2229 path_dist=0.008 heading_err=0.011 steer=-0.144 speed=0.466
[gpu_amcl_cpp_node-6] [INFO] [1788976530.782442685] [gpu_amcl_cpp]: AMCL odom delta: at_scan=(-4.215, -5.294, 2.040) baseline=(-4.204, -5.316, 2.051) delta=(-0.011, 0.021, -0.011) moved=true scan_age=0.050s
[gpu_amcl_cpp_node-6] [INFO] [1788976530.785672458] [gpu_amcl_cpp]: AMCL local correction: odom_prediction=(-4.392, 7.331, 0.469) scan=(-4.390, 7.332, 0.481) correction=0.003 m/0.012 rad cluster_weight=0.995 publish=true
[gpu_amcl_cpp_node-6] [WARN] [1788976530.948330409] [gpu_amcl_cpp]: Clamped accumulated local AMCL correction from 0.123 to 0.120 m.
[ground_truth_amcl_monitor-7] [INFO] [1788976531.231142616] [ground_truth_amcl_monitor]: AMCL vs GT: gt=(-4.193, 7.442) amcl=(-4.222, 7.414) error=0.040 m / 0.013 rad; current_map=(-4.200, 7.423, 0.379) error=0.020 m / 0.000 rad; odom=(-4.301, 7.461, 0.379) error=0.109 m / 0.000 rad; ekf=(-4.323, 7.452, 0.393) error=0.130 m / 0.013 rad; RMS=0.056 m / 0.008 rad max=0.191 m / 0.066 rad samples=7366
[component_container-9] [INFO] [1788976531.732445302] [pure_pursuit_node]: Pure Pursuit: pose=(-3.938, 7.511, 0.266) cte=-0.004 closest=2234 target=2254 path_dist=0.004 heading_err=-0.002 steer=-0.154 speed=0.476
[gpu_amcl_cpp_node-6] [INFO] [1788976531.803957873] [gpu_amcl_cpp]: AMCL odom delta: at_scan=(-4.388, -4.845, 1.834) baseline=(-4.379, -4.876, 1.847) delta=(-0.009, 0.032, -0.013) moved=true scan_age=0.052s
[gpu_amcl_cpp_node-6] [INFO] [1788976531.805802344] [gpu_amcl_cpp]: AMCL local correction: odom_prediction=(-3.928, 7.514, 0.263) scan=(-3.935, 7.511, 0.273) correction=0.007 m/0.010 rad cluster_weight=0.988 publish=true
[gpu_amcl_cpp_node-6] [WARN] [1788976531.961176420] [gpu_amcl_cpp]: Clamped accumulated local AMCL correction from 0.125 to 0.120 m.
[ground_truth_amcl_monitor-7] [INFO] [1788976532.254606183] [ground_truth_amcl_monitor]: AMCL vs GT: gt=(-3.727, 7.572) amcl=(-3.755, 7.551) error=0.035 m / 0.015 rad; current_map=(-3.722, 7.557, 0.170) error=0.016 m / 0.000 rad; odom=(-3.836, 7.592, 0.170) error=0.111 m / 0.000 rad; ekf=(-3.836, 7.592, 0.170) error=0.111 m / 0.000 rad; RMS=0.056 m / 0.008 rad max=0.191 m / 0.066 rad samples=7402
[component_container-9] [INFO] [1788976532.754470022] [pure_pursuit_node]: Pure Pursuit: pose=(-3.473, 7.592, 0.064) cte=-0.005 closest=2258 target=2278 path_dist=0.005 heading_err=0.014 steer=-0.131 speed=0.476
[gpu_amcl_cpp_node-6] [INFO] [1788976532.807021600] [gpu_amcl_cpp]: AMCL odom delta: at_scan=(-4.465, -4.377, 1.636) baseline=(-4.463, -4.402, 1.646) delta=(-0.002, 0.025, -0.010) moved=true scan_age=0.051s
[gpu_amcl_cpp_node-6] [INFO] [1788976532.808870610] [gpu_amcl_cpp]: AMCL local correction: odom_prediction=(-3.469, 7.589, 0.065) scan=(-3.452, 7.587, 0.072) correction=0.017 m/0.007 rad cluster_weight=0.973 publish=true
[gpu_amcl_cpp_node-6] [WARN] [1788976532.982692561] [gpu_amcl_cpp]: Clamped accumulated local AMCL correction from 0.127 to 0.120 m.
[ground_truth_amcl_monitor-7] [INFO] [1788976533.256637554] [ground_truth_amcl_monitor]: AMCL vs GT: gt=(-3.253, 7.607) amcl=(-3.273, 7.597) error=0.022 m / 0.010 rad; current_map=(-3.248, 7.596, -0.016) error=0.012 m / 0.000 rad; odom=(-3.364, 7.628, -0.016) error=0.113 m / 0.000 rad; ekf=(-3.364, 7.628, -0.016) error=0.113 m / 0.000 rad; RMS=0.056 m / 0.008 rad max=0.191 m / 0.066 rad samples=7438
[component_container-9] [INFO] [1788976533.803087104] [pure_pursuit_node]: Pure Pursuit: pose=(-2.966, 7.578, -0.128) cte=-0.004 closest=2283 target=2303 path_dist=0.004 heading_err=0.006 steer=-0.136 speed=0.471
[gpu_amcl_cpp_node-6] [INFO] [1788976533.855974161] [gpu_amcl_cpp]: AMCL odom delta: at_scan=(-4.449, -3.882, 1.442) baseline=(-4.452, -3.905, 1.453) delta=(0.003, 0.024, -0.010) moved=true scan_age=0.051s
[gpu_amcl_cpp_node-6] [INFO] [1788976533.857840963] [gpu_amcl_cpp]: AMCL local correction: odom_prediction=(-2.965, 7.580, -0.128) scan=(-2.969, 7.577, -0.122) correction=0.004 m/0.006 rad cluster_weight=0.971 publish=true
[gpu_amcl_cpp_node-6] [WARN] [1788976533.977142875] [gpu_amcl_cpp]: Queued LiDAR scan until source-time odometry arrives (queued=1).
[ground_truth_amcl_monitor-7] [INFO] [1788976534.304106092] [ground_truth_amcl_monitor]: AMCL vs GT: gt=(-2.761, 7.549) amcl=(-2.803, 7.556) error=0.042 m / 0.017 rad; current_map=(-2.771, 7.549, -0.222) error=0.009 m / 0.000 rad; odom=(-2.873, 7.571, -0.222) error=0.113 m / 0.000 rad; ekf=(-2.873, 7.571, -0.222) error=0.113 m / 0.000 rad; RMS=0.056 m / 0.008 rad max=0.191 m / 0.066 rad samples=7476
[component_container-9] [INFO] [1788976534.803482068] [pure_pursuit_node]: Pure Pursuit: pose=(-2.517, 7.480, -0.326) cte=-0.005 closest=2306 target=2326 path_dist=0.005 heading_err=0.013 steer=-0.112 speed=0.478
[gpu_amcl_cpp_node-6] [INFO] [1788976534.856762420] [gpu_amcl_cpp]: AMCL odom delta: at_scan=(-4.342, -3.422, 1.245) baseline=(-4.350, -3.445, 1.254) delta=(0.008, 0.023, -0.009) moved=true scan_age=0.052s
[gpu_amcl_cpp_node-6] [INFO] [1788976534.858982113] [gpu_amcl_cpp]: AMCL local correction: odom_prediction=(-2.530, 7.483, -0.326) scan=(-2.519, 7.481, -0.321) correction=0.011 m/0.005 rad cluster_weight=0.955 publish=true
[gpu_amcl_cpp_node-6] [WARN] [1788976535.033754196] [gpu_amcl_cpp]: Clamped accumulated local AMCL correction from 0.122 to 0.120 m.
[ground_truth_amcl_monitor-7] [INFO] [1788976535.308963710] [ground_truth_amcl_monitor]: AMCL vs GT: gt=(-2.309, 7.402) amcl=(-2.342, 7.418) error=0.036 m / 0.009 rad; current_map=(-2.319, 7.408, -0.397) error=0.012 m / 0.000 rad; odom=(-2.421, 7.425, -0.397) error=0.115 m / 0.000 rad; ekf=(-2.421, 7.425, -0.397) error=0.115 m / 0.000 rad; RMS=0.056 m / 0.008 rad max=0.191 m / 0.066 rad samples=7512
[gpu_amcl_cpp_node-6] [INFO] [1788976535.480442903] [gpu_amcl_cpp]: Received LiDAR callback #3787 (1081 ranges).
[gpu_amcl_cpp_node-6] [INFO] [1788976535.480508335] [gpu_amcl_cpp]: Starting AMCL scan update #3787 (sampled from 1081 ranges).
[gpu_amcl_cpp_node-6] [INFO] [1788976535.604014715] [gpu_amcl_cpp]: AMCL scan update #3789 completed; evaluating pose confidence.
[component_container-9] [INFO] [1788976535.827433433] [pure_pursuit_node]: Pure Pursuit: pose=(-2.060, 7.285, -0.486) cte=-0.002 closest=2331 target=2351 path_dist=0.002 heading_err=0.007 steer=-0.097 speed=0.483
[gpu_amcl_cpp_node-6] [INFO] [1788976535.883380946] [gpu_amcl_cpp]: AMCL odom delta: at_scan=(-4.151, -2.977, 1.085) baseline=(-4.162, -2.999, 1.093) delta=(0.012, 0.022, -0.008) moved=true scan_age=0.054s
[gpu_amcl_cpp_node-6] [INFO] [1788976535.886283096] [gpu_amcl_cpp]: AMCL local correction: odom_prediction=(-2.065, 7.284, -0.486) scan=(-2.058, 7.283, -0.486) correction=0.007 m/0.001 rad cluster_weight=0.970 publish=true
[gpu_amcl_cpp_node-6] [WARN] [1788976536.058665069] [gpu_amcl_cpp]: Clamped accumulated local AMCL correction from 0.124 to 0.120 m.
[ground_truth_amcl_monitor-7] [INFO] [1788976536.353923285] [ground_truth_amcl_monitor]: AMCL vs GT: gt=(-1.868, 7.174) amcl=(-1.894, 7.190) error=0.031 m / 0.011 rad; current_map=(-1.865, 7.173, -0.550) error=0.004 m / 0.000 rad; odom=(-1.982, 7.199, -0.550) error=0.116 m / 0.000 rad; ekf=(-1.982, 7.199, -0.550) error=0.116 m / 0.000 rad; RMS=0.056 m / 0.008 rad max=0.191 m / 0.066 rad samples=7548
[component_container-9] [INFO] [1788976536.852327282] [pure_pursuit_node]: Pure Pursuit: pose=(-1.657, 7.035, -0.629) cte=-0.001 closest=2355 target=2374 path_dist=0.001 heading_err=0.002 steer=-0.101 speed=0.484
[gpu_amcl_cpp_node-6] [INFO] [1788976536.905529269] [gpu_amcl_cpp]: AMCL odom delta: at_scan=(-3.895, -2.565, 0.941) baseline=(-3.909, -2.585, 0.948) delta=(0.014, 0.020, -0.007) moved=true scan_age=0.051s
[gpu_amcl_cpp_node-6] [INFO] [1788976536.907783416] [gpu_amcl_cpp]: AMCL local correction: odom_prediction=(-1.661, 7.035, -0.630) scan=(-1.643, 7.026, -0.630) correction=0.021 m/0.000 rad cluster_weight=0.967 publish=true
[gpu_amcl_cpp_node-6] [WARN] [1788976537.080759372] [gpu_amcl_cpp]: Clamped accumulated local AMCL correction from 0.131 to 0.120 m.
[ground_truth_amcl_monitor-7] [INFO] [1788976537.360393610] [ground_truth_amcl_monitor]: AMCL vs GT: gt=(-1.480, 6.895) amcl=(-1.497, 6.912) error=0.024 m / 0.006 rad; current_map=(-1.478, 6.896, -0.691) error=0.003 m / 0.000 rad; odom=(-1.595, 6.921, -0.691) error=0.118 m / 0.000 rad; ekf=(-1.595, 6.921, -0.691) error=0.118 m / 0.000 rad; RMS=0.056 m / 0.008 rad max=0.191 m / 0.066 rad samples=7584
[component_container-9] [INFO] [1788976537.875948680] [pure_pursuit_node]: Pure Pursuit: pose=(-1.278, 6.710, -0.766) cte=0.003 closest=2380 target=2399 path_dist=0.003 heading_err=-0.004 steer=-0.072 speed=0.485
[gpu_amcl_cpp_node-6] [INFO] [1788976537.928512263] [gpu_amcl_cpp]: AMCL odom delta: at_scan=(-3.583, -2.194, 0.805) baseline=(-3.599, -2.211, 0.812) delta=(0.017, 0.017, -0.006) moved=true scan_age=0.051s
[gpu_amcl_cpp_node-6] [INFO] [1788976537.930717248] [gpu_amcl_cpp]: AMCL local correction: odom_prediction=(-1.280, 6.720, -0.765) scan=(-1.271, 6.709, -0.766) correction=0.015 m/0.000 rad cluster_weight=0.976 publish=true
[gpu_amcl_cpp_node-6] [WARN] [1788976538.332862188] [gpu_amcl_cpp]: Clamped accumulated local AMCL correction from 0.121 to 0.120 m.
[ground_truth_amcl_monitor-7] [INFO] [1788976538.384186944] [ground_truth_amcl_monitor]: AMCL vs GT: gt=(-1.127, 6.560) amcl=(-1.142, 6.578) error=0.024 m / 0.005 rad; current_map=(-1.125, 6.560, -0.821) error=0.002 m / 0.000 rad; odom=(-1.259, 6.606, -0.815) error=0.139 m / 0.005 rad; ekf=(-1.259, 6.606, -0.815) error=0.139 m / 0.005 rad; RMS=0.055 m / 0.008 rad max=0.191 m / 0.066 rad samples=7620
[calibration-8] [INFO] [1788976538.834999690] [allowed_telemetry_recorder]: Finished (recording duration reached); Data: /workspace/src/f1tenth_planning/analysis/amcl_tuning_campaign_20260909/candidate_c/telemetry/sensor_record_20260909_175208.csv
[INFO] [calibration-8]: process has finished cleanly [pid 187]
[component_container-9] [INFO] [1788976538.877908069] [pure_pursuit_node]: Pure Pursuit: pose=(-0.955, 6.367, -0.881) cte=-0.002 closest=2403 target=2423 path_dist=0.002 heading_err=0.003 steer=-0.068 speed=0.488
[gpu_amcl_cpp_node-6] [INFO] [1788976538.933154342] [gpu_amcl_cpp]: AMCL odom delta: at_scan=(-3.232, -1.870, 0.689) baseline=(-3.252, -1.886, 0.694) delta=(0.019, 0.016, -0.005) moved=true scan_age=0.053s
[gpu_amcl_cpp_node-6] [INFO] [1788976538.936344671] [gpu_amcl_cpp]: AMCL local correction: odom_prediction=(-0.953, 6.364, -0.882) scan=(-0.944, 6.361, -0.886) correction=0.010 m/0.004 rad cluster_weight=0.978 publish=true
[ground_truth_amcl_monitor-7] [INFO] [1788976539.385965009] [ground_truth_amcl_monitor]: AMCL vs GT: gt=(-0.863, 6.247) amcl=(-0.848, 6.236) error=0.018 m / 0.000 rad; current_map=(-0.859, 6.251, -0.909) error=0.005 m / 0.008 rad; odom=(-0.941, 6.231, -0.917) error=0.080 m / 0.000 rad; ekf=(-0.941, 6.231, -0.917) error=0.080 m / 0.000 rad; RMS=0.055 m / 0.008 rad max=0.191 m / 0.066 rad samples=7655
[component_container-9] [INFO] [1788976539.882541692] [pure_pursuit_node]: Pure Pursuit: pose=(-0.694, 6.019, -0.962) cte=0.000 closest=2425 target=2445 path_dist=0.000 heading_err=0.003 steer=-0.037 speed=0.489
[gpu_amcl_cpp_node-6] [INFO] [1788976539.952056942] [gpu_amcl_cpp]: AMCL odom delta: at_scan=(-2.856, -1.585, 0.608) baseline=(-2.884, -1.604, 0.612) delta=(0.028, 0.019, -0.005) moved=true scan_age=0.050s
[gpu_amcl_cpp_node-6] [INFO] [1788976539.953973958] [gpu_amcl_cpp]: AMCL local correction: odom_prediction=(-0.694, 6.020, -0.963) scan=(-0.696, 6.021, -0.966) correction=0.003 m/0.003 rad cluster_weight=0.976 publish=true
[ground_truth_amcl_monitor-7] [INFO] [1788976540.405413324] [ground_truth_amcl_monitor]: AMCL vs GT: gt=(-0.583, 5.849) amcl=(-0.603, 5.887) error=0.043 m / 0.004 rad; current_map=(-0.584, 5.859, -0.986) error=0.010 m / 0.000 rad; odom=(-0.663, 5.837, -0.986) error=0.082 m / 0.000 rad; ekf=(-0.663, 5.837, -0.986) error=0.082 m / 0.000 rad; RMS=0.055 m / 0.008 rad max=0.191 m / 0.066 rad samples=7690
[gpu_amcl_cpp_node-6] [INFO] [1788976540.508438982] [gpu_amcl_cpp]: Received LiDAR callback #3875 (1081 ranges).
[gpu_amcl_cpp_node-6] [INFO] [1788976540.508491049] [gpu_amcl_cpp]: Starting AMCL scan update #3875 (sampled from 1081 ranges).
[gpu_amcl_cpp_node-6] [INFO] [1788976540.637997752] [gpu_amcl_cpp]: AMCL scan update #3877 completed; evaluating pose confidence.
[component_container-9] [INFO] [1788976540.930573971] [pure_pursuit_node]: Pure Pursuit: pose=(-0.428, 5.612, -1.026) cte=0.001 closest=2449 target=2469 path_dist=0.001 heading_err=-0.007 steer=-0.057 speed=0.490
[gpu_amcl_cpp_node-6] [INFO] [1788976540.986621925] [gpu_amcl_cpp]: AMCL odom delta: at_scan=(-2.443, -1.315, 0.544) baseline=(-2.465, -1.328, 0.549) delta=(0.022, 0.013, -0.005) moved=true scan_age=0.053s
[gpu_amcl_cpp_node-6] [INFO] [1788976540.989174651] [gpu_amcl_cpp]: AMCL local correction: odom_prediction=(-0.429, 5.621, -1.027) scan=(-0.433, 5.631, -1.027) correction=0.011 m/0.000 rad cluster_weight=0.970 publish=true
[ground_truth_amcl_monitor-7] [INFO] [1788976541.407972580] [ground_truth_amcl_monitor]: AMCL vs GT: gt=(-0.330, 5.435) amcl=(-0.336, 5.457) error=0.023 m / 0.004 rad; current_map=(-0.323, 5.434, -1.063) error=0.007 m / 0.000 rad; odom=(-0.410, 5.423, -1.063) error=0.081 m / 0.000 rad; ekf=(-0.410, 5.423, -1.063) error=0.081 m / 0.000 rad; RMS=0.055 m / 0.008 rad max=0.191 m / 0.066 rad samples=7724
[component_container-9] [INFO] [1788976541.937330265] [pure_pursuit_node]: Pure Pursuit: pose=(-0.186, 5.165, -1.100) cte=0.004 closest=2475 target=2495 path_dist=0.004 heading_err=0.003 steer=-0.006 speed=0.492
[gpu_amcl_cpp_node-6] [INFO] [1788976542.005901750] [gpu_amcl_cpp]: AMCL odom delta: at_scan=(-2.001, -1.071, 0.473) baseline=(-2.031, -1.086, 0.475) delta=(0.030, 0.016, -0.002) moved=true scan_age=0.054s
[gpu_amcl_cpp_node-6] [INFO] [1788976542.007152310] [gpu_amcl_cpp]: AMCL local correction: odom_prediction=(-0.185, 5.165, -1.098) scan=(-0.185, 5.176, -1.102) correction=0.012 m/0.005 rad cluster_weight=0.961 publish=true
[ground_truth_amcl_monitor-7] [INFO] [1788976542.409049332] [ground_truth_amcl_monitor]: AMCL vs GT: gt=(-0.099, 4.990) amcl=(-0.102, 5.009) error=0.019 m / 0.004 rad; current_map=(-0.091, 4.985, -1.113) error=0.009 m / 0.000 rad; odom=(-0.179, 4.979, -1.113) error=0.081 m / 0.000 rad; ekf=(-0.179, 4.979, -1.113) error=0.081 m / 0.000 rad; RMS=0.055 m / 0.007 rad max=0.191 m / 0.066 rad samples=7758
[component_container-9] [INFO] [1788976542.954776939] [pure_pursuit_node]: Pure Pursuit: pose=(0.032, 4.738, -1.143) cte=-0.005 closest=2499 target=2519 path_dist=0.005 heading_err=0.001 steer=-0.054 speed=0.492
[gpu_amcl_cpp_node-6] [INFO] [1788976543.015720484] [gpu_amcl_cpp]: AMCL odom delta: at_scan=(-1.547, -0.850, 0.427) baseline=(-1.573, -0.862, 0.430) delta=(0.026, 0.012, -0.003) moved=true scan_age=0.058s
[gpu_amcl_cpp_node-6] [INFO] [1788976543.017045823] [gpu_amcl_cpp]: AMCL local correction: odom_prediction=(0.034, 4.718, -1.143) scan=(0.036, 4.720, -1.148) correction=0.002 m/0.005 rad cluster_weight=0.931 publish=true
[ground_truth_amcl_monitor-7] [INFO] [1788976543.436727324] [ground_truth_amcl_monitor]: AMCL vs GT: gt=(0.117, 4.522) amcl=(0.111, 4.552) error=0.031 m / 0.002 rad; current_map=(0.121, 4.527, -1.165) error=0.007 m / 0.000 rad; odom=(0.037, 4.511, -1.165) error=0.081 m / 0.000 rad; ekf=(0.026, 4.536, -1.162) error=0.092 m / 0.002 rad; RMS=0.055 m / 0.007 rad max=0.191 m / 0.066 rad samples=7792
[component_container-9] [INFO] [1788976544.002245584] [pure_pursuit_node]: Pure Pursuit: pose=(0.231, 4.284, -1.199) cte=-0.008 closest=2524 target=2543 path_dist=0.008 heading_err=0.017 steer=-0.033 speed=0.490
[gpu_amcl_cpp_node-6] [INFO] [1788976544.058087795] [gpu_amcl_cpp]: AMCL odom delta: at_scan=(-1.068, -0.646, 0.373) baseline=(-1.093, -0.656, 0.375) delta=(0.024, 0.010, -0.002) moved=true scan_age=0.053s
[gpu_amcl_cpp_node-6] [INFO] [1788976544.060634500] [gpu_amcl_cpp]: AMCL local correction: odom_prediction=(0.230, 4.302, -1.198) scan=(0.226, 4.307, -1.198) correction=0.006 m/0.000 rad cluster_weight=0.959 publish=true
[ground_truth_amcl_monitor-7] [INFO] [1788976544.479557105] [ground_truth_amcl_monitor]: AMCL vs GT: gt=(0.308, 4.042) amcl=(0.297, 4.065) error=0.025 m / 0.001 rad; current_map=(0.309, 4.033, -1.219) error=0.009 m / 0.000 rad; odom=(0.227, 4.034, -1.219) error=0.081 m / 0.000 rad; ekf=(0.215, 4.066, -1.218) error=0.096 m / 0.001 rad; RMS=0.055 m / 0.007 rad max=0.191 m / 0.066 rad samples=7826
[component_container-9] [INFO] [1788976545.006572372] [pure_pursuit_node]: Pure Pursuit: pose=(0.412, 3.762, -1.201) cte=0.011 closest=2551 target=2571 path_dist=0.011 heading_err=-0.022 steer=-0.011 speed=0.488
[gpu_amcl_cpp_node-6] [INFO] [1788976545.064133920] [gpu_amcl_cpp]: AMCL odom delta: at_scan=(-0.607, -0.472, 0.369) baseline=(-0.631, -0.482, 0.368) delta=(0.024, 0.009, 0.001) moved=true scan_age=0.054s
[gpu_amcl_cpp_node-6] [INFO] [1788976545.065339626] [gpu_amcl_cpp]: AMCL local correction: odom_prediction=(0.411, 3.751, -1.202) scan=(0.411, 3.763, -1.209) correction=0.011 m/0.008 rad cluster_weight=0.944 publish=true
[ground_truth_amcl_monitor-7] [INFO] [1788976545.485311398] [ground_truth_amcl_monitor]: AMCL vs GT: gt=(0.481, 3.585) amcl=(0.476, 3.586) error=0.005 m / 0.003 rad; current_map=(0.486, 3.562, -1.212) error=0.024 m / 0.000 rad; odom=(0.400, 3.578, -1.212) error=0.082 m / 0.000 rad; ekf=(0.400, 3.578, -1.212) error=0.082 m / 0.000 rad; RMS=0.055 m / 0.007 rad max=0.191 m / 0.066 rad samples=7860
[gpu_amcl_cpp_node-6] [INFO] [1788976545.555307601] [gpu_amcl_cpp]: Received LiDAR callback #3959 (1081 ranges).
[gpu_amcl_cpp_node-6] [INFO] [1788976545.555388573] [gpu_amcl_cpp]: Starting AMCL scan update #3959 (sampled from 1081 ranges).
[gpu_amcl_cpp_node-6] [INFO] [1788976545.662520869] [gpu_amcl_cpp]: AMCL scan update #3961 completed; evaluating pose confidence.
[component_container-9] [INFO] [1788976546.009664088] [pure_pursuit_node]: Pure Pursuit: pose=(0.581, 3.270, -1.227) cte=0.010 closest=2577 target=11 path_dist=0.010 heading_err=-0.032 steer=-0.029 speed=0.490
[gpu_amcl_cpp_node-6] [INFO] [1788976546.081332981] [gpu_amcl_cpp]: AMCL odom delta: at_scan=(-0.144, -0.302, 0.343) baseline=(-0.174, -0.313, 0.341) delta=(0.031, 0.011, 0.002) moved=true scan_age=0.054s
[gpu_amcl_cpp_node-6] [INFO] [1788976546.083641912] [gpu_amcl_cpp]: AMCL local correction: odom_prediction=(0.584, 3.284, -1.228) scan=(0.584, 3.283, -1.237) correction=0.001 m/0.009 rad cluster_weight=0.914 publish=true
[ground_truth_amcl_monitor-7] [INFO] [1788976546.509115922] [ground_truth_amcl_monitor]: AMCL vs GT: gt=(0.649, 3.110) amcl=(0.645, 3.112) error=0.004 m / 0.005 rad; current_map=(0.653, 3.087, -1.261) error=0.023 m / 0.000 rad; odom=(0.567, 3.105, -1.261) error=0.082 m / 0.000 rad; ekf=(0.558, 3.130, -1.256) error=0.093 m / 0.005 rad; RMS=0.055 m / 0.007 rad max=0.191 m / 0.066 rad samples=7894
[component_container-9] [INFO] [1788976547.036098267] [pure_pursuit_node]: Pure Pursuit: pose=(0.737, 2.770, -1.279) cte=0.008 closest=17 target=37 path_dist=0.008 heading_err=-0.003 steer=0.014 speed=0.489
[gpu_amcl_cpp_node-6] [WARN] [1788976547.039944965] [gpu_amcl_cpp]: Rejected large local AMCL scan correction; restarting cloud at odometry prediction.
[gpu_amcl_cpp_node-6] [INFO] [1788976547.105573608] [gpu_amcl_cpp]: AMCL odom delta: at_scan=(0.338, -0.147, 0.291) baseline=(0.306, -0.157, 0.292) delta=(0.032, 0.010, -0.001) moved=true scan_age=0.054s
[gpu_amcl_cpp_node-6] [INFO] [1788976547.107743317] [gpu_amcl_cpp]: AMCL local correction: odom_prediction=(0.740, 2.756, -1.280) scan=(0.740, 2.747, -1.289) correction=0.009 m/0.009 rad cluster_weight=0.905 publish=true
[ground_truth_amcl_monitor-7] [INFO] [1788976547.516614197] [ground_truth_amcl_monitor]: AMCL vs GT: gt=(0.793, 2.635) amcl=(0.787, 2.626) error=0.011 m / 0.002 rad; current_map=(0.794, 2.600, -1.278) error=0.035 m / 0.000 rad; odom=(0.711, 2.630, -1.278) error=0.082 m / 0.000 rad; ekf=(0.711, 2.630, -1.278) error=0.082 m / 0.000 rad; RMS=0.055 m / 0.007 rad max=0.191 m / 0.066 rad samples=7928
[component_container-9] [INFO] [1788976548.057759907] [pure_pursuit_node]: Pure Pursuit: pose=(0.871, 2.356, -1.325) cte=-0.007 closest=39 target=59 path_dist=0.007 heading_err=0.013 steer=-0.033 speed=0.491
[gpu_amcl_cpp_node-6] [INFO] [1788976548.130481382] [gpu_amcl_cpp]: AMCL odom delta: at_scan=(0.820, -0.009, 0.241) baseline=(0.787, -0.017, 0.250) delta=(0.033, 0.008, -0.008) moved=true scan_age=0.053s
[gpu_amcl_cpp_node-6] [INFO] [1788976548.132676750] [gpu_amcl_cpp]: AMCL local correction: odom_prediction=(0.876, 2.343, -1.329) scan=(0.872, 2.354, -1.336) correction=0.012 m/0.007 rad cluster_weight=0.904 publish=true
[ground_truth_amcl_monitor-7] [INFO] [1788976548.535070554] [ground_truth_amcl_monitor]: AMCL vs GT: gt=(0.919, 2.150) amcl=(0.907, 2.250) error=0.100 m / 0.003 rad; current_map=(0.913, 2.224, -1.346) error=0.074 m / 0.000 rad; odom=(0.838, 2.146, -1.346) error=0.082 m / 0.000 rad; ekf=(0.832, 2.171, -1.343) error=0.090 m / 0.003 rad; RMS=0.055 m / 0.007 rad max=0.191 m / 0.066 rad samples=7962
[gpu_amcl_cpp_node-6] [WARN] [1788976548.606571986] [gpu_amcl_cpp]: Clamped accumulated local AMCL correction from 0.123 to 0.120 m.
[component_container-9] [INFO] [1788976549.077682734] [pure_pursuit_node]: Pure Pursuit: pose=(0.973, 1.953, -1.368) cte=-0.008 closest=60 target=80 path_dist=0.008 heading_err=0.030 steer=-0.005 speed=0.491
[gpu_amcl_cpp_node-6] [INFO] [1788976549.135088242] [gpu_amcl_cpp]: AMCL odom delta: at_scan=(1.297, 0.098, 0.201) baseline=(1.272, 0.092, 0.202) delta=(0.026, 0.005, -0.001) moved=true scan_age=0.054s
[gpu_amcl_cpp_node-6] [INFO] [1788976549.137391622] [gpu_amcl_cpp]: AMCL local correction: odom_prediction=(0.968, 1.959, -1.370) scan=(0.970, 1.981, -1.382) correction=0.023 m/0.012 rad cluster_weight=0.940 publish=true
[gpu_amcl_cpp_node-6] [WARN] [1788976549.257555364] [gpu_amcl_cpp]: Rejected large local AMCL scan correction; restarting cloud at odometry prediction.
[ground_truth_amcl_monitor-7] [INFO] [1788976549.556998497] [ground_truth_amcl_monitor]: AMCL vs GT: gt=(1.022, 1.663) amcl=(0.994, 1.795) error=0.135 m / 0.005 rad; current_map=(1.002, 1.759, -1.354) error=0.099 m / 0.000 rad; odom=(0.941, 1.656, -1.354) error=0.081 m / 0.000 rad; ekf=(0.941, 1.656, -1.354) error=0.081 m / 0.000 rad; RMS=0.055 m / 0.007 rad max=0.191 m / 0.066 rad samples=7996
[gpu_amcl_cpp_node-6] [WARN] [1788976549.614044873] [gpu_amcl_cpp]: Clamped accumulated local AMCL correction from 0.124 to 0.120 m.
[component_container-9] [INFO] [1788976550.084000534] [pure_pursuit_node]: Pure Pursuit: pose=(1.071, 1.466, -1.351) cte=0.001 closest=85 target=105 path_dist=0.001 heading_err=-0.017 steer=-0.046 speed=0.496
[gpu_amcl_cpp_node-6] [INFO] [1788976550.154634444] [gpu_amcl_cpp]: AMCL odom delta: at_scan=(1.794, 0.205, 0.219) baseline=(1.762, 0.198, 0.218) delta=(0.032, 0.007, 0.001) moved=true scan_age=0.053s
[gpu_amcl_cpp_node-6] [INFO] [1788976550.156513139] [gpu_amcl_cpp]: AMCL local correction: odom_prediction=(1.071, 1.463, -1.352) scan=(1.073, 1.465, -1.364) correction=0.003 m/0.013 rad cluster_weight=0.919 publish=true
[gpu_amcl_cpp_node-6] [INFO] [1788976550.564208761] [gpu_amcl_cpp]: Received LiDAR callback #4043 (1081 ranges).
[gpu_amcl_cpp_node-6] [INFO] [1788976550.564304581] [gpu_amcl_cpp]: Starting AMCL scan update #4043 (sampled from 1081 ranges).
[ground_truth_amcl_monitor-7] [INFO] [1788976550.565189837] [ground_truth_amcl_monitor]: AMCL vs GT: gt=(1.128, 1.175) amcl=(1.091, 1.303) error=0.133 m / 0.002 rad; current_map=(1.096, 1.277, -1.368) error=0.107 m / 0.000 rad; odom=(1.047, 1.168, -1.368) error=0.081 m / 0.000 rad; ekf=(1.047, 1.168, -1.368) error=0.081 m / 0.000 rad; RMS=0.055 m / 0.007 rad max=0.191 m / 0.066 rad samples=8030
[gpu_amcl_cpp_node-6] [WARN] [1788976550.633104279] [gpu_amcl_cpp]: Clamped accumulated local AMCL correction from 0.130 to 0.120 m.
[gpu_amcl_cpp_node-6] [INFO] [1788976550.686674993] [gpu_amcl_cpp]: AMCL scan update #4045 completed; evaluating pose confidence.
[gpu_amcl_cpp_node-6] [WARN] [1788976550.688193283] [gpu_amcl_cpp]: Rejected large local AMCL scan correction; restarting cloud at odometry prediction.
[component_container-9] [INFO] [1788976551.108254804] [pure_pursuit_node]: Pure Pursuit: pose=(1.151, 0.987, -1.381) cte=0.011 closest=109 target=129 path_dist=0.011 heading_err=-0.018 steer=0.001 speed=0.488
[gpu_amcl_cpp_node-6] [INFO] [1788976551.180087969] [gpu_amcl_cpp]: AMCL odom delta: at_scan=(2.291, 0.307, 0.191) baseline=(2.257, 0.300, 0.192) delta=(0.034, 0.007, -0.002) moved=true scan_age=0.053s
[gpu_amcl_cpp_node-6] [INFO] [1788976551.182602724] [gpu_amcl_cpp]: AMCL local correction: odom_prediction=(1.149, 0.979, -1.380) scan=(1.158, 1.004, -1.380) correction=0.026 m/0.000 rad cluster_weight=0.919 publish=true
[ground_truth_amcl_monitor-7] [INFO] [1788976551.581769832] [ground_truth_amcl_monitor]: AMCL vs GT: gt=(1.225, 0.684) amcl=(1.181, 0.814) error=0.138 m / 0.000 rad; current_map=(1.186, 0.790, -1.378) error=0.114 m / 0.000 rad; odom=(1.144, 0.677, -1.378) error=0.081 m / 0.000 rad; ekf=(1.140, 0.702, -1.378) error=0.088 m / 0.000 rad; RMS=0.056 m / 0.007 rad max=0.191 m / 0.066 rad samples=8064
[gpu_amcl_cpp_node-6] [WARN] [1788976551.708355483] [gpu_amcl_cpp]: Clamped accumulated local AMCL correction from 0.129 to 0.120 m.
[component_container-9] [INFO] [1788976552.111000610] [pure_pursuit_node]: Pure Pursuit: pose=(1.239, 0.509, -1.416) cte=-0.001 closest=133 target=153 path_dist=0.001 heading_err=-0.016 steer=-0.057 speed=0.495
[gpu_amcl_cpp_node-6] [INFO] [1788976552.180208273] [gpu_amcl_cpp]: AMCL odom delta: at_scan=(2.768, 0.395, 0.157) baseline=(2.735, 0.389, 0.160) delta=(0.034, 0.005, -0.003) moved=true scan_age=0.053s
[gpu_amcl_cpp_node-6] [INFO] [1788976552.182711115] [gpu_amcl_cpp]: AMCL local correction: odom_prediction=(1.235, 0.504, -1.414) scan=(1.235, 0.561, -1.405) correction=0.058 m/0.009 rad cluster_weight=0.949 publish=true
[gpu_amcl_cpp_node-6] [WARN] [1788976552.182762652] [gpu_amcl_cpp]: Rejected large local AMCL scan correction; restarting cloud at odometry prediction.
[ground_truth_amcl_monitor-7] [INFO] [1788976552.585118481] [ground_truth_amcl_monitor]: AMCL vs GT: gt=(1.306, 0.193) amcl=(1.257, 0.330) error=0.145 m / 0.002 rad; current_map=(1.260, 0.304, -1.437) error=0.120 m / 0.000 rad; odom=(1.225, 0.190, -1.437) error=0.081 m / 0.000 rad; ekf=(1.225, 0.190, -1.437) error=0.081 m / 0.000 rad; RMS=0.056 m / 0.007 rad max=0.191 m / 0.066 rad samples=8098
[component_container-9] [INFO] [1788976553.136584006] [pure_pursuit_node]: Pure Pursuit: pose=(1.303, -0.078, -1.470) cte=0.005 closest=163 target=183 path_dist=0.005 heading_err=-0.005 steer=-0.013 speed=0.492
[gpu_amcl_cpp_node-6] [INFO] [1788976553.205991072] [gpu_amcl_cpp]: AMCL odom delta: at_scan=(3.278, 0.460, 0.101) baseline=(3.244, 0.457, 0.103) delta=(0.034, 0.003, -0.002) moved=true scan_age=0.054s
[gpu_amcl_cpp_node-6] [INFO] [1788976553.208799557] [gpu_amcl_cpp]: AMCL local correction: odom_prediction=(1.305, -0.096, -1.470) scan=(1.305, -0.161, -1.464) correction=0.065 m/0.006 rad cluster_weight=0.910 publish=true
[gpu_amcl_cpp_node-6] [WARN] [1788976553.208887392] [gpu_amcl_cpp]: Rejected large local AMCL scan correction; restarting cloud at odometry prediction.
[ground_truth_amcl_monitor-7] [INFO] [1788976553.633661521] [ground_truth_amcl_monitor]: AMCL vs GT: gt=(1.362, -0.328) amcl=(1.322, -0.274) error=0.068 m / 0.003 rad; current_map=(1.325, -0.308, -1.484) error=0.042 m / 0.000 rad; odom=(1.281, -0.332, -1.484) error=0.081 m / 0.000 rad; ekf=(1.281, -0.332, -1.484) error=0.081 m / 0.000 rad; RMS=0.056 m / 0.007 rad max=0.191 m / 0.066 rad samples=8132
[component_container-9] [INFO] [1788976554.182144992] [pure_pursuit_node]: Pure Pursuit: pose=(1.347, -0.611, -1.513) cte=0.000 closest=190 target=209 path_dist=0.000 heading_err=-0.005 steer=-0.033 speed=0.495
[gpu_amcl_cpp_node-6] [INFO] [1788976554.254554908] [gpu_amcl_cpp]: AMCL odom delta: at_scan=(3.802, 0.503, 0.057) baseline=(3.767, 0.501, 0.061) delta=(0.036, 0.002, -0.004) moved=true scan_age=0.053s
[gpu_amcl_cpp_node-6] [INFO] [1788976554.256771024] [gpu_amcl_cpp]: AMCL local correction: odom_prediction=(1.348, -0.621, -1.514) scan=(1.359, -0.687, -1.507) correction=0.067 m/0.006 rad cluster_weight=0.952 publish=true
[gpu_amcl_cpp_node-6] [WARN] [1788976554.256816469] [gpu_amcl_cpp]: Rejected large local AMCL scan correction; restarting cloud at odometry prediction.
[ground_truth_amcl_monitor-7] [INFO] [1788976554.663457764] [ground_truth_amcl_monitor]: AMCL vs GT: gt=(1.394, -0.844) amcl=(1.375, -0.885) error=0.046 m / 0.007 rad; current_map=(1.376, -0.912, -1.537) error=0.071 m / 0.000 rad; odom=(1.313, -0.847, -1.537) error=0.081 m / 0.000 rad; ekf=(1.313, -0.847, -1.537) error=0.081 m / 0.000 rad; RMS=0.056 m / 0.007 rad max=0.191 m / 0.066 rad samples=8166
[component_container-9] [INFO] [1788976555.202855801] [pure_pursuit_node]: Pure Pursuit: pose=(1.383, -1.171, -1.600) cte=-0.019 closest=218 target=237 path_dist=0.019 heading_err=0.037 steer=-0.047 speed=0.483
[gpu_amcl_cpp_node-6] [INFO] [1788976555.260916699] [gpu_amcl_cpp]: AMCL odom delta: at_scan=(4.292, 0.512, -0.028) baseline=(4.266, 0.513, -0.025) delta=(0.026, -0.001, -0.003) moved=true scan_age=0.055s
[gpu_amcl_cpp_node-6] [INFO] [1788976555.263108169] [gpu_amcl_cpp]: AMCL local correction: odom_prediction=(1.384, -1.165, -1.599) scan=(1.385, -1.160, -1.595) correction=0.005 m/0.005 rad cluster_weight=0.946 publish=true
[gpu_amcl_cpp_node-6] [INFO] [1788976555.611627635] [gpu_amcl_cpp]: Received LiDAR callback #4127 (1081 ranges).
[gpu_amcl_cpp_node-6] [INFO] [1788976555.611678921] [gpu_amcl_cpp]: Starting AMCL scan update #4127 (sampled from 1081 ranges).
[ground_truth_amcl_monitor-7] [INFO] [1788976555.680308494] [ground_truth_amcl_monitor]: AMCL vs GT: gt=(1.385, -1.328) amcl=(1.384, -1.320) error=0.008 m / 0.004 rad; current_map=(1.382, -1.352, -1.623) error=0.024 m / 0.000 rad; odom=(1.305, -1.335, -1.623) error=0.080 m / 0.000 rad; ekf=(1.305, -1.335, -1.623) error=0.080 m / 0.000 rad; RMS=0.056 m / 0.007 rad max=0.191 m / 0.066 rad samples=8200
[gpu_amcl_cpp_node-6] [INFO] [1788976555.734864294] [gpu_amcl_cpp]: AMCL scan update #4129 completed; evaluating pose confidence.
[component_container-9] [INFO] [1788976556.233324106] [pure_pursuit_node]: Pure Pursuit: pose=(1.373, -1.589, -1.635) cte=-0.011 closest=239 target=258 path_dist=0.011 heading_err=0.042 steer=0.000 speed=0.488
[gpu_amcl_cpp_node-6] [INFO] [1788976556.305497651] [gpu_amcl_cpp]: AMCL odom delta: at_scan=(4.798, 0.486, -0.064) baseline=(4.768, 0.488, -0.063) delta=(0.030, -0.002, -0.001) moved=true scan_age=0.054s
[gpu_amcl_cpp_node-6] [INFO] [1788976556.307734887] [gpu_amcl_cpp]: AMCL local correction: odom_prediction=(1.370, -1.594, -1.634) scan=(1.372, -1.611, -1.634) correction=0.016 m/0.001 rad cluster_weight=0.945 publish=true
[ground_truth_amcl_monitor-7] [INFO] [1788976556.680922844] [ground_truth_amcl_monitor]: AMCL vs GT: gt=(1.355, -1.808) amcl=(1.359, -1.730) error=0.078 m / 0.003 rad; current_map=(1.357, -1.765, -1.631) error=0.043 m / 0.000 rad; odom=(1.275, -1.818, -1.631) error=0.081 m / 0.000 rad; ekf=(1.275, -1.818, -1.631) error=0.081 m / 0.000 rad; RMS=0.056 m / 0.007 rad max=0.191 m / 0.066 rad samples=8232
[component_container-9] [INFO] [1788976557.277350450] [pure_pursuit_node]: Pure Pursuit: pose=(1.338, -2.118, -1.623) cte=0.003 closest=265 target=285 path_dist=0.003 heading_err=-0.001 steer=-0.006 speed=0.494
[gpu_amcl_cpp_node-6] [INFO] [1788976557.333977426] [gpu_amcl_cpp]: AMCL odom delta: at_scan=(5.303, 0.456, -0.054) baseline=(5.276, 0.458, -0.053) delta=(0.027, -0.001, -0.001) moved=true scan_age=0.054s
[gpu_amcl_cpp_node-6] [INFO] [1788976557.336237736] [gpu_amcl_cpp]: AMCL local correction: odom_prediction=(1.337, -2.132, -1.624) scan=(1.340, -2.133, -1.622) correction=0.003 m/0.002 rad cluster_weight=0.931 publish=true
[ground_truth_amcl_monitor-7] [INFO] [1788976557.705960352] [ground_truth_amcl_monitor]: AMCL vs GT: gt=(1.326, -2.322) amcl=(1.330, -2.301) error=0.022 m / 0.004 rad; current_map=(1.328, -2.336, -1.634) error=0.014 m / 0.000 rad; odom=(1.246, -2.331, -1.634) error=0.081 m / 0.000 rad; ekf=(1.246, -2.331, -1.634) error=0.081 m / 0.000 rad; RMS=0.056 m / 0.007 rad max=0.191 m / 0.066 rad samples=8266
[component_container-9] [INFO] [1788976558.288981018] [pure_pursuit_node]: Pure Pursuit: pose=(1.304, -2.644, -1.651) cte=0.001 closest=291 target=311 path_dist=0.001 heading_err=-0.005 steer=-0.024 speed=0.496
[gpu_amcl_cpp_node-6] [INFO] [1788976558.355418241] [gpu_amcl_cpp]: AMCL odom delta: at_scan=(5.814, 0.422, -0.083) baseline=(5.779, 0.425, -0.078) delta=(0.035, -0.003, -0.005) moved=true scan_age=0.054s
[gpu_amcl_cpp_node-6] [INFO] [1788976558.357586508] [gpu_amcl_cpp]: AMCL local correction: odom_prediction=(1.306, -2.651, -1.654) scan=(1.303, -2.652, -1.650) correction=0.003 m/0.004 rad cluster_weight=0.928 publish=true
[ground_truth_amcl_monitor-7] [INFO] [1788976558.709206215] [ground_truth_amcl_monitor]: AMCL vs GT: gt=(1.287, -2.824) amcl=(1.290, -2.816) error=0.009 m / 0.002 rad; current_map=(1.288, -2.843, -1.668) error=0.019 m / 0.000 rad; odom=(1.207, -2.833, -1.668) error=0.081 m / 0.000 rad; ekf=(1.210, -2.806, -1.666) error=0.080 m / 0.002 rad; RMS=0.056 m / 0.007 rad max=0.191 m / 0.066 rad samples=8300
[component_container-9] [INFO] [1788976559.329022896] [pure_pursuit_node]: Pure Pursuit: pose=(1.264, -3.102, -1.691) cte=-0.004 closest=314 target=334 path_dist=0.004 heading_err=0.010 steer=-0.019 speed=0.494
[gpu_amcl_cpp_node-6] [INFO] [1788976559.381061197] [gpu_amcl_cpp]: AMCL odom delta: at_scan=(6.327, 0.369, -0.120) baseline=(6.301, 0.373, -0.120) delta=(0.026, -0.003, -0.001) moved=true scan_age=0.051s
[gpu_amcl_cpp_node-6] [INFO] [1788976559.383330644] [gpu_amcl_cpp]: AMCL local correction: odom_prediction=(1.262, -3.103, -1.691) scan=(1.258, -3.117, -1.692) correction=0.014 m/0.001 rad cluster_weight=0.936 publish=true
[gpu_amcl_cpp_node-6] [WARN] [1788976559.554821948] [gpu_amcl_cpp]: Clamped accumulated local AMCL correction from 0.122 to 0.120 m.
[gpu_amcl_cpp_node-6] [WARN] [1788976559.658251319] [gpu_amcl_cpp]: Rejected large local AMCL scan correction; restarting cloud at odometry prediction.
[ground_truth_amcl_monitor-7] [INFO] [1788976559.710143477] [ground_truth_amcl_monitor]: AMCL vs GT: gt=(1.230, -3.323) amcl=(1.245, -3.230) error=0.094 m / 0.000 rad; current_map=(1.242, -3.255, -1.696) error=0.068 m / 0.000 rad; odom=(1.150, -3.331, -1.696) error=0.080 m / 0.000 rad; ekf=(1.150, -3.331, -1.696) error=0.080 m / 0.000 rad; RMS=0.056 m / 0.007 rad max=0.191 m / 0.066 rad samples=8336
[component_container-9] [INFO] [1788976560.380362715] [pure_pursuit_node]: Pure Pursuit: pose=(1.196, -3.613, -1.703) cte=0.001 closest=340 target=360 path_dist=0.001 heading_err=-0.000 steer=-0.010 speed=0.497
[gpu_amcl_cpp_node-6] [INFO] [1788976560.381725635] [gpu_amcl_cpp]: AMCL odom delta: at_scan=(6.824, 0.307, -0.130) baseline=(6.799, 0.310, -0.127) delta=(0.026, -0.003, -0.002) moved=true scan_age=0.051s
[gpu_amcl_cpp_node-6] [INFO] [1788976560.383569686] [gpu_amcl_cpp]: AMCL local correction: odom_prediction=(1.198, -3.599, -1.700) scan=(1.204, -3.602, -1.701) correction=0.007 m/0.000 rad cluster_weight=0.930 publish=true
[gpu_amcl_cpp_node-6] [INFO] [1788976560.658056351] [gpu_amcl_cpp]: Received LiDAR callback #4213 (1081 ranges).
[gpu_amcl_cpp_node-6] [INFO] [1788976560.658158753] [gpu_amcl_cpp]: Starting AMCL scan update #4213 (sampled from 1081 ranges).
[ground_truth_amcl_monitor-7] [INFO] [1788976560.730690310] [ground_truth_amcl_monitor]: AMCL vs GT: gt=(1.163, -3.831) amcl=(1.180, -3.741) error=0.091 m / 0.003 rad; current_map=(1.175, -3.776, -1.714) error=0.056 m / 0.000 rad; odom=(1.084, -3.838, -1.714) error=0.080 m / 0.000 rad; ekf=(1.084, -3.838, -1.714) error=0.080 m / 0.000 rad; RMS=0.056 m / 0.007 rad max=0.191 m / 0.066 rad samples=8372
[gpu_amcl_cpp_node-6] [INFO] [1788976560.782953332] [gpu_amcl_cpp]: AMCL scan update #4215 completed; evaluating pose confidence.
[component_container-9] [INFO] [1788976561.406693628] [pure_pursuit_node]: Pure Pursuit: pose=(1.117, -4.157, -1.729) cte=0.000 closest=368 target=387 path_dist=0.000 heading_err=0.004 steer=-0.001 speed=0.498
[gpu_amcl_cpp_node-6] [INFO] [1788976561.408236655] [gpu_amcl_cpp]: AMCL odom delta: at_scan=(7.333, 0.232, -0.157) baseline=(7.309, 0.236, -0.156) delta=(0.025, -0.004, -0.001) moved=true scan_age=0.052s
[gpu_amcl_cpp_node-6] [INFO] [1788976561.411168401] [gpu_amcl_cpp]: AMCL local correction: odom_prediction=(1.121, -4.136, -1.728) scan=(1.125, -4.127, -1.726) correction=0.010 m/0.001 rad cluster_weight=0.941 publish=true
[ground_truth_amcl_monitor-7] [INFO] [1788976561.754775434] [ground_truth_amcl_monitor]: AMCL vs GT: gt=(1.085, -4.340) amcl=(1.098, -4.275) error=0.066 m / 0.000 rad; current_map=(1.094, -4.300, -1.731) error=0.040 m / 0.000 rad; odom=(1.006, -4.347, -1.731) error=0.080 m / 0.000 rad; ekf=(1.006, -4.347, -1.731) error=0.080 m / 0.000 rad; RMS=0.056 m / 0.007 rad max=0.191 m / 0.066 rad samples=8408
[gpu_amcl_cpp_node-6] [WARN] [1788976562.407583656] [gpu_amcl_cpp]: Clamped accumulated local AMCL correction from 0.125 to 0.120 m.
[component_container-9] [INFO] [1788976562.455538087] [pure_pursuit_node]: Pure Pursuit: pose=(1.038, -4.644, -1.742) cte=0.000 closest=392 target=412 path_dist=0.000 heading_err=0.001 steer=-0.007 speed=0.498
[gpu_amcl_cpp_node-6] [INFO] [1788976562.456944438] [gpu_amcl_cpp]: AMCL odom delta: at_scan=(7.853, 0.147, -0.171) baseline=(7.827, 0.152, -0.171) delta=(0.025, -0.004, -0.000) moved=true scan_age=0.051s
[gpu_amcl_cpp_node-6] [INFO] [1788976562.459489500] [gpu_amcl_cpp]: AMCL local correction: odom_prediction=(1.040, -4.617, -1.742) scan=(1.040, -4.618, -1.740) correction=0.001 m/0.001 rad cluster_weight=0.940 publish=true
[ground_truth_amcl_monitor-7] [INFO] [1788976562.783411072] [ground_truth_amcl_monitor]: AMCL vs GT: gt=(0.999, -4.848) amcl=(1.012, -4.775) error=0.074 m / 0.001 rad; current_map=(1.007, -4.801, -1.742) error=0.048 m / 0.000 rad; odom=(0.925, -4.829, -1.743) error=0.077 m / 0.001 rad; ekf=(0.925, -4.829, -1.743) error=0.077 m / 0.001 rad; RMS=0.056 m / 0.007 rad max=0.191 m / 0.066 rad samples=8446
[component_container-9] [INFO] [1788976563.457678775] [pure_pursuit_node]: Pure Pursuit: pose=(0.949, -5.155, -1.757) cte=-0.003 closest=418 target=438 path_dist=0.003 heading_err=0.000 steer=-0.026 speed=0.496
[gpu_amcl_cpp_node-6] [INFO] [1788976563.459058066] [gpu_amcl_cpp]: AMCL odom delta: at_scan=(8.346, 0.059, -0.185) baseline=(8.321, 0.064, -0.184) delta=(0.026, -0.005, -0.001) moved=true scan_age=0.052s
[gpu_amcl_cpp_node-6] [INFO] [1788976563.462265397] [gpu_amcl_cpp]: AMCL local correction: odom_prediction=(0.954, -5.123, -1.756) scan=(0.946, -5.141, -1.753) correction=0.019 m/0.002 rad cluster_weight=0.943 publish=true
[ground_truth_amcl_monitor-7] [INFO] [1788976563.806089884] [ground_truth_amcl_monitor]: AMCL vs GT: gt=(0.906, -5.353) amcl=(0.924, -5.277) error=0.078 m / 0.000 rad; current_map=(0.919, -5.302, -1.763) error=0.053 m / 0.000 rad; odom=(0.827, -5.359, -1.763) error=0.079 m / 0.000 rad; ekf=(0.827, -5.359, -1.763) error=0.079 m / 0.000 rad; RMS=0.056 m / 0.007 rad max=0.191 m / 0.066 rad samples=8482
[component_container-9] [INFO] [1788976564.527206235] [pure_pursuit_node]: Pure Pursuit: pose=(0.842, -5.703, -1.776) cte=-0.004 closest=446 target=466 path_dist=0.004 heading_err=0.004 steer=-0.018 speed=0.496
[gpu_amcl_cpp_node-6] [INFO] [1788976564.528641711] [gpu_amcl_cpp]: AMCL odom delta: at_scan=(8.873, -0.044, -0.205) baseline=(8.838, -0.036, -0.203) delta=(0.034, -0.007, -0.001) moved=true scan_age=0.052s
[gpu_amcl_cpp_node-6] [INFO] [1788976564.530511921] [gpu_amcl_cpp]: AMCL local correction: odom_prediction=(0.847, -5.671, -1.775) scan=(0.844, -5.673, -1.775) correction=0.003 m/0.001 rad cluster_weight=0.948 publish=true
[ground_truth_amcl_monitor-7] [INFO] [1788976564.808023507] [ground_truth_amcl_monitor]: AMCL vs GT: gt=(0.807, -5.844) amcl=(0.819, -5.793) error=0.053 m / 0.000 rad; current_map=(0.820, -5.813, -1.780) error=0.034 m / 0.000 rad; odom=(0.729, -5.850, -1.780) error=0.079 m / 0.000 rad; ekf=(0.729, -5.850, -1.780) error=0.079 m / 0.000 rad; RMS=0.056 m / 0.007 rad max=0.191 m / 0.066 rad samples=8519
[component_container-9] [INFO] [1788976565.528845905] [pure_pursuit_node]: Pure Pursuit: pose=(0.735, -6.181, -1.779) cte=0.003 closest=471 target=490 path_dist=0.003 heading_err=-0.005 steer=0.001 speed=0.496
[gpu_amcl_cpp_node-6] [INFO] [1788976565.530770426] [gpu_amcl_cpp]: AMCL odom delta: at_scan=(9.364, -0.149, -0.209) baseline=(9.339, -0.143, -0.209) delta=(0.025, -0.005, 0.000) moved=true scan_age=0.052s
[gpu_amcl_cpp_node-6] [INFO] [1788976565.532665862] [gpu_amcl_cpp]: AMCL local correction: odom_prediction=(0.740, -6.152, -1.780) scan=(0.741, -6.159, -1.775) correction=0.006 m/0.004 rad cluster_weight=0.943 publish=true
[gpu_amcl_cpp_node-6] [INFO] [1788976565.706250914] [gpu_amcl_cpp]: Received LiDAR callback #4303 (1081 ranges).
[gpu_amcl_cpp_node-6] [INFO] [1788976565.706314703] [gpu_amcl_cpp]: Starting AMCL scan update #4303 (sampled from 1081 ranges).
[ground_truth_amcl_monitor-7] [INFO] [1788976565.829913040] [ground_truth_amcl_monitor]: AMCL vs GT: gt=(0.700, -6.347) amcl=(0.716, -6.264) error=0.084 m / 0.001 rad; current_map=(0.708, -6.299, -1.779) error=0.049 m / 0.000 rad; odom=(0.621, -6.352, -1.779) error=0.079 m / 0.000 rad; ekf=(0.621, -6.352, -1.779) error=0.079 m / 0.000 rad; RMS=0.056 m / 0.007 rad max=0.191 m / 0.066 rad samples=8554
[gpu_amcl_cpp_node-6] [INFO] [1788976565.830015532] [gpu_amcl_cpp]: AMCL scan update #4305 completed; evaluating pose confidence.
[gpu_amcl_cpp_node-6] [WARN] [1788976565.879694751] [gpu_amcl_cpp]: Queued LiDAR scan until source-time odometry arrives (queued=1).
[component_container-9] [INFO] [1788976566.557743949] [pure_pursuit_node]: Pure Pursuit: pose=(0.623, -6.711, -1.801) cte=-0.003 closest=498 target=518 path_dist=0.003 heading_err=0.005 steer=-0.009 speed=0.497
[gpu_amcl_cpp_node-6] [INFO] [1788976566.559032901] [gpu_amcl_cpp]: AMCL odom delta: at_scan=(9.868, -0.258, -0.229) baseline=(9.843, -0.252, -0.228) delta=(0.025, -0.006, -0.001) moved=true scan_age=0.052s
[gpu_amcl_cpp_node-6] [INFO] [1788976566.562225285] [gpu_amcl_cpp]: AMCL local correction: odom_prediction=(0.629, -6.681, -1.800) scan=(0.630, -6.691, -1.800) correction=0.010 m/0.000 rad cluster_weight=0.959 publish=true
[ground_truth_amcl_monitor-7] [INFO] [1788976566.855780086] [ground_truth_amcl_monitor]: AMCL vs GT: gt=(0.587, -6.849) amcl=(0.602, -6.796) error=0.055 m / 0.001 rad; current_map=(0.597, -6.821, -1.804) error=0.030 m / 0.000 rad; odom=(0.508, -6.854, -1.804) error=0.079 m / 0.000 rad; ekf=(0.508, -6.854, -1.804) error=0.079 m / 0.000 rad; RMS=0.056 m / 0.007 rad max=0.191 m / 0.066 rad samples=8590
[component_container-9] [INFO] [1788976567.578969777] [pure_pursuit_node]: Pure Pursuit: pose=(0.508, -7.194, -1.809) cte=-0.001 closest=523 target=542 path_dist=0.001 heading_err=0.004 steer=-0.002 speed=0.495
[gpu_amcl_cpp_node-6] [INFO] [1788976567.580405774] [gpu_amcl_cpp]: AMCL odom delta: at_scan=(10.365, -0.376, -0.236) baseline=(10.340, -0.370, -0.234) delta=(0.025, -0.006, -0.002) moved=true scan_age=0.052s
[gpu_amcl_cpp_node-6] [INFO] [1788976567.582622852] [gpu_amcl_cpp]: AMCL local correction: odom_prediction=(0.513, -7.164, -1.807) scan=(0.516, -7.177, -1.805) correction=0.013 m/0.001 rad cluster_weight=0.955 publish=true
[ground_truth_amcl_monitor-7] [INFO] [1788976567.857267421] [ground_truth_amcl_monitor]: AMCL vs GT: gt=(0.470, -7.338) amcl=(0.486, -7.289) error=0.051 m / 0.001 rad; current_map=(0.480, -7.314, -1.809) error=0.025 m / 0.000 rad; odom=(0.392, -7.341, -1.809) error=0.078 m / 0.000 rad; ekf=(0.398, -7.316, -1.808) error=0.075 m / 0.001 rad; RMS=0.056 m / 0.007 rad max=0.191 m / 0.066 rad samples=8626
[gpu_amcl_cpp_node-6] [WARN] [1788976568.334633929] [gpu_amcl_cpp]: Queued LiDAR scan until source-time odometry arrives (queued=1).
[component_container-9] [INFO] [1788976568.628094709] [pure_pursuit_node]: Pure Pursuit: pose=(0.379, -7.720, -1.823) cte=0.000 closest=550 target=569 path_dist=0.000 heading_err=0.005 steer=-0.018 speed=0.494
[gpu_amcl_cpp_node-6] [INFO] [1788976568.629632597] [gpu_amcl_cpp]: AMCL odom delta: at_scan=(10.876, -0.502, -0.251) baseline=(10.851, -0.496, -0.249) delta=(0.025, -0.006, -0.002) moved=true scan_age=0.052s
[gpu_amcl_cpp_node-6] [INFO] [1788976568.631552048] [gpu_amcl_cpp]: AMCL local correction: odom_prediction=(0.382, -7.690, -1.822) scan=(0.384, -7.691, -1.816) correction=0.001 m/0.006 rad cluster_weight=0.976 publish=true
[ground_truth_amcl_monitor-7] [INFO] [1788976568.857993351] [ground_truth_amcl_monitor]: AMCL vs GT: gt=(0.348, -7.824) amcl=(0.358, -7.799) error=0.026 m / 0.000 rad; current_map=(0.359, -7.794, -1.827) error=0.032 m / 0.000 rad; odom=(0.270, -7.827, -1.827) error=0.078 m / 0.000 rad; ekf=(0.270, -7.827, -1.827) error=0.078 m / 0.000 rad; RMS=0.056 m / 0.007 rad max=0.191 m / 0.066 rad samples=8661
[component_container-9] [INFO] [1788976569.632390456] [pure_pursuit_node]: Pure Pursuit: pose=(0.244, -8.205, -1.862) cte=0.002 closest=575 target=595 path_dist=0.002 heading_err=0.006 steer=-0.018 speed=0.489
[gpu_amcl_cpp_node-6] [INFO] [1788976569.634061062] [gpu_amcl_cpp]: AMCL odom delta: at_scan=(11.357, -0.634, -0.288) baseline=(11.333, -0.626, -0.286) delta=(0.025, -0.007, -0.003) moved=true scan_age=0.051s
[gpu_amcl_cpp_node-6] [INFO] [1788976569.637210325] [gpu_amcl_cpp]: AMCL local correction: odom_prediction=(0.252, -8.183, -1.859) scan=(0.250, -8.174, -1.853) correction=0.009 m/0.006 rad cluster_weight=0.974 publish=true
[ground_truth_amcl_monitor-7] [INFO] [1788976569.877757114] [ground_truth_amcl_monitor]: AMCL vs GT: gt=(0.212, -8.306) amcl=(0.229, -8.257) error=0.052 m / 0.004 rad; current_map=(0.219, -8.289, -1.868) error=0.019 m / 0.000 rad; odom=(0.133, -8.310, -1.868) error=0.078 m / 0.000 rad; ekf=(0.133, -8.310, -1.868) error=0.078 m / 0.000 rad; RMS=0.056 m / 0.007 rad max=0.191 m / 0.066 rad samples=8696
[component_container-9] [INFO] [1788976570.655271098] [pure_pursuit_node]: Pure Pursuit: pose=(0.099, -8.652, -1.925) cte=0.001 closest=598 target=618 path_dist=0.001 heading_err=0.003 steer=-0.052 speed=0.486
[gpu_amcl_cpp_node-6] [INFO] [1788976570.656674675] [gpu_amcl_cpp]: AMCL odom delta: at_scan=(11.822, -0.785, -0.351) baseline=(11.798, -0.776, -0.347) delta=(0.024, -0.009, -0.004) moved=true scan_age=0.051s
[gpu_amcl_cpp_node-6] [INFO] [1788976570.658247969] [gpu_amcl_cpp]: AMCL local correction: odom_prediction=(0.105, -8.633, -1.922) scan=(0.106, -8.636, -1.916) correction=0.003 m/0.006 rad cluster_weight=0.980 publish=true
[gpu_amcl_cpp_node-6] [INFO] [1788976570.707822845] [gpu_amcl_cpp]: Received LiDAR callback #4393 (1081 ranges).
[gpu_amcl_cpp_node-6] [INFO] [1788976570.707875814] [gpu_amcl_cpp]: Starting AMCL scan update #4393 (sampled from 1081 ranges).
[gpu_amcl_cpp_node-6] [INFO] [1788976570.832679462] [gpu_amcl_cpp]: AMCL scan update #4395 completed; evaluating pose confidence.
[ground_truth_amcl_monitor-7] [INFO] [1788976570.883593564] [ground_truth_amcl_monitor]: AMCL vs GT: gt=(0.056, -8.759) amcl=(0.080, -8.715) error=0.050 m / 0.004 rad; current_map=(0.071, -8.739, -1.938) error=0.025 m / 0.000 rad; odom=(-0.022, -8.765, -1.938) error=0.079 m / 0.000 rad; ekf=(-0.022, -8.765, -1.938) error=0.079 m / 0.000 rad; RMS=0.056 m / 0.007 rad max=0.191 m / 0.066 rad samples=8732
[component_container-9] [INFO] [1788976571.678756872] [pure_pursuit_node]: Pure Pursuit: pose=(-0.089, -9.102, -2.028) cte=-0.000 closest=623 target=642 path_dist=0.000 heading_err=0.006 steer=-0.076 speed=0.469
[gpu_amcl_cpp_node-6] [INFO] [1788976571.680611332] [gpu_amcl_cpp]: AMCL odom delta: at_scan=(12.273, -0.973, -0.451) baseline=(12.251, -0.963, -0.444) delta=(0.022, -0.010, -0.007) moved=true scan_age=0.052s
[gpu_amcl_cpp_node-6] [INFO] [1788976571.682479097] [gpu_amcl_cpp]: AMCL local correction: odom_prediction=(-0.078, -9.081, -2.021) scan=(-0.085, -9.084, -2.016) correction=0.007 m/0.005 rad cluster_weight=0.992 publish=true
[ground_truth_amcl_monitor-7] [INFO] [1788976571.905335197] [ground_truth_amcl_monitor]: AMCL vs GT: gt=(-0.142, -9.203) amcl=(-0.117, -9.153) error=0.057 m / 0.006 rad; current_map=(-0.128, -9.175, -2.045) error=0.032 m / 0.000 rad; odom=(-0.209, -9.189, -2.039) error=0.069 m / 0.006 rad; ekf=(-0.209, -9.189, -2.039) error=0.069 m / 0.006 rad; RMS=0.056 m / 0.007 rad max=0.191 m / 0.066 rad samples=8768
[component_container-9] [INFO] [1788976572.680029038] [pure_pursuit_node]: Pure Pursuit: pose=(-0.322, -9.509, -2.174) cte=0.001 closest=646 target=666 path_dist=0.001 heading_err=0.009 steer=-0.168 speed=0.453
[gpu_amcl_cpp_node-6] [INFO] [1788976572.681147151] [gpu_amcl_cpp]: AMCL odom delta: at_scan=(12.679, -1.202, -0.594) baseline=(12.660, -1.189, -0.584) delta=(0.019, -0.013, -0.010) moved=true scan_age=0.051s
[gpu_amcl_cpp_node-6] [INFO] [1788976572.683066903] [gpu_amcl_cpp]: AMCL local correction: odom_prediction=(-0.309, -9.486, -2.164) scan=(-0.307, -9.483, -2.159) correction=0.004 m/0.006 rad cluster_weight=0.998 publish=true
[ground_truth_amcl_monitor-7] [INFO] [1788976572.906626160] [ground_truth_amcl_monitor]: AMCL vs GT: gt=(-0.380, -9.593) amcl=(-0.350, -9.548) error=0.054 m / 0.010 rad; current_map=(-0.364, -9.567, -2.214) error=0.031 m / 0.000 rad; odom=(-0.460, -9.603, -2.214) error=0.080 m / 0.000 rad; ekf=(-0.460, -9.603, -2.214) error=0.080 m / 0.000 rad; RMS=0.056 m / 0.007 rad max=0.191 m / 0.066 rad samples=8804
[component_container-9] [INFO] [1788976573.727816967] [pure_pursuit_node]: Pure Pursuit: pose=(-0.631, -9.848, -2.458) cte=0.006 closest=669 target=689 path_dist=0.006 heading_err=0.001 steer=-0.275 speed=0.450
[gpu_amcl_cpp_node-6] [INFO] [1788976573.729638906] [gpu_amcl_cpp]: AMCL odom delta: at_scan=(13.030, -1.509, -0.867) baseline=(13.016, -1.492, -0.849) delta=(0.015, -0.017, -0.018) moved=true scan_age=0.052s
[gpu_amcl_cpp_node-6] [INFO] [1788976573.731491924] [gpu_amcl_cpp]: AMCL local correction: odom_prediction=(-0.617, -9.836, -2.438) scan=(-0.613, -9.835, -2.431) correction=0.004 m/0.007 rad cluster_weight=0.999 publish=true
[ground_truth_amcl_monitor-7] [INFO] [1788976573.908551890] [ground_truth_amcl_monitor]: AMCL vs GT: gt=(-0.690, -9.908) amcl=(-0.674, -9.882) error=0.030 m / 0.000 rad; current_map=(-0.676, -9.882, -2.504) error=0.029 m / 0.000 rad; odom=(-0.768, -9.920, -2.504) error=0.080 m / 0.000 rad; ekf=(-0.768, -9.920, -2.504) error=0.080 m / 0.000 rad; RMS=0.056 m / 0.007 rad max=0.191 m / 0.066 rad samples=8841
[component_container-9] [INFO] [1788976574.778602835] [pure_pursuit_node]: Pure Pursuit: pose=(-1.049, -10.069, -2.860) cte=-0.007 closest=693 target=713 path_dist=0.007 heading_err=-0.027 steer=-0.304 speed=0.448
[gpu_amcl_cpp_node-6] [INFO] [1788976574.779941490] [gpu_amcl_cpp]: AMCL odom delta: at_scan=(13.253, -1.915, -1.272) baseline=(13.246, -1.894, -1.253) delta=(0.007, -0.022, -0.018) moved=true scan_age=0.051s
[gpu_amcl_cpp_node-6] [INFO] [1788976574.781817450] [gpu_amcl_cpp]: AMCL local correction: odom_prediction=(-1.024, -10.060, -2.843) scan=(-1.028, -10.056, -2.836) correction=0.005 m/0.006 rad cluster_weight=0.999 publish=true
[ground_truth_amcl_monitor-7] [INFO] [1788976574.933927560] [ground_truth_amcl_monitor]: AMCL vs GT: gt=(-1.098, -10.097) amcl=(-1.064, -10.068) error=0.045 m / 0.020 rad; current_map=(-1.086, -10.073, -2.899) error=0.027 m / 0.000 rad; odom=(-1.180, -10.113, -2.899) error=0.084 m / 0.000 rad; ekf=(-1.180, -10.113, -2.899) error=0.084 m / 0.000 rad; RMS=0.056 m / 0.007 rad max=0.191 m / 0.066 rad samples=8878
[gpu_amcl_cpp_node-6] [INFO] [1788976575.709799868] [gpu_amcl_cpp]: Received LiDAR callback #4483 (1081 ranges).
[gpu_amcl_cpp_node-6] [INFO] [1788976575.709851074] [gpu_amcl_cpp]: Starting AMCL scan update #4483 (sampled from 1081 ranges).
[gpu_amcl_cpp_node-6] [INFO] [1788976575.780155804] [gpu_amcl_cpp]: AMCL odom delta: at_scan=(13.304, -2.354, -1.631) baseline=(13.306, -2.323, -1.606) delta=(-0.001, -0.031, -0.025) moved=true scan_age=0.053s
[gpu_amcl_cpp_node-6] [INFO] [1788976575.782675890] [gpu_amcl_cpp]: AMCL local correction: odom_prediction=(-1.470, -10.103, 3.081) scan=(-1.474, -10.102, 3.083) correction=0.004 m/0.002 rad cluster_weight=0.996 publish=true
[component_container-9] [INFO] [1788976575.835027444] [pure_pursuit_node]: Pure Pursuit: pose=(-1.518, -10.100, 3.044) cte=0.001 closest=717 target=736 path_dist=0.001 heading_err=-0.024 steer=-0.281 speed=0.458
[gpu_amcl_cpp_node-6] [INFO] [1788976575.837814340] [gpu_amcl_cpp]: AMCL scan update #4485 completed; evaluating pose confidence.
