[INFO] [launch]: All log files can be found below /root/.ros/log/2026-09-10-03-42-10-360858-ExternalDrive-866
[INFO] [launch]: Default logging verbosity is set to INFO
[INFO] [launch.user]: controller=pure_pursuit custom_amcl=True rviz=False
[INFO] [autodrive_bridge_40hz-1]: process started with pid [894]
[INFO] [sensor_odometry_node-2]: process started with pid [896]
[INFO] [ekf_localization_node-3]: process started with pid [898]
[INFO] [map_server-4]: process started with pid [900]
[INFO] [lifecycle_manager-5]: process started with pid [902]
[INFO] [gpu_amcl_cpp_node-6]: process started with pid [904]
[INFO] [ground_truth_amcl_monitor-7]: process started with pid [906]
[INFO] [calibration-8]: process started with pid [908]
[INFO] [component_container-9]: process started with pid [910]
[INFO] [actuator_interface-10]: process started with pid [912]
[lifecycle_manager-5] [37;1m2026-09-10 03:42:10.536 [31;1m[[37;1mRTPS_TRANSPORT_SHM[31;1m Error] [37mFailed init_port fastrtps_port7411: open_and_lock_file failed[34;1m -> Function [36mopen_port_internal[m
[gpu_amcl_cpp_node-6] [37;1m2026-09-10 03:42:10.536 [31;1m[[37;1mRTPS_TRANSPORT_SHM[31;1m Error] [37mFailed init_port fastrtps_port7411: open_and_lock_file failed[34;1m -> Function [36mopen_port_internal[m
[ekf_localization_node-3] [37;1m2026-09-10 03:42:10.537 [31;1m[[37;1mRTPS_TRANSPORT_SHM[31;1m Error] [37mFailed init_port fastrtps_port7411: open_and_lock_file failed[34;1m -> Function [36mopen_port_internal[m
[sensor_odometry_node-2] [37;1m2026-09-10 03:42:10.537 [31;1m[[37;1mRTPS_TRANSPORT_SHM[31;1m Error] [37mFailed init_port fastrtps_port7411: open_and_lock_file failed[34;1m -> Function [36mopen_port_internal[m
[component_container-9] [37;1m2026-09-10 03:42:10.538 [31;1m[[37;1mRTPS_TRANSPORT_SHM[31;1m Error] [37mFailed init_port fastrtps_port7411: open_and_lock_file failed[34;1m -> Function [36mopen_port_internal[m
[map_server-4] [37;1m2026-09-10 03:42:10.550 [31;1m[[37;1mRTPS_TRANSPORT_SHM[31;1m Error] [37mFailed init_port fastrtps_port7411: open_and_lock_file failed[34;1m -> Function [36mopen_port_internal[m
[lifecycle_manager-5] [INFO] [1789011730.557067952] [lifecycle_manager_map]: Creating
[lifecycle_manager-5] [INFO] [1789011730.561132618] [lifecycle_manager_map]: [34m[1mCreating and initializing lifecycle service clients[0m[0m
[sensor_odometry_node-2] [INFO] [1789011730.590272126] [sensor_odometry]: Deterministic odometry observer: exact timestamp packets, encoders + IMU only
[map_server-4] [INFO] [1789011730.609354909] [map_server]: 
[map_server-4] 	map_server lifecycle node launched. 
[map_server-4] 	Waiting on external lifecycle transitions to activate
[map_server-4] 	See https://design.ros2.org/articles/node_lifecycle.html for more information.
[map_server-4] [INFO] [1789011730.611653352] [map_server]: Creating
[ekf_localization_node-3] [INFO] [1789011730.629273614] [ekf_localization]: Local odometry trust filter ready: /odom -> /ekf_odom and /ekf_pose in frame odom; reset events=/autodrive/reset_command
[ground_truth_amcl_monitor-7] [37;1m2026-09-10 03:42:10.755 [31;1m[[37;1mRTPS_TRANSPORT_SHM[31;1m Error] [37mFailed init_port fastrtps_port7411: open_and_lock_file failed[34;1m -> Function [36mopen_port_internal[m
[gpu_amcl_cpp_node-6] [INFO] [1789011730.787200820] [gpu_amcl_cpp]: [AMCL] Parameters: update_min_d=0.02000, update_min_a=0.03500, max_scan_age=0.2500, odom_history=1.000s, cloud_publish_rate=1.0 Hz, debug_pre_resample=false, slip_threshold=1.00 rad/s, initial_raceline_heading=false, local_correction_gate=0.00m/0.00rad xy_gain=0.500 cross_track_only=false along_track_gain=0.250 yaw_gain=0.000 association=0.80m recenter_cloud=true
[actuator_interface-10] [37;1m2026-09-10 03:42:10.787 [31;1m[[37;1mRTPS_TRANSPORT_SHM[31;1m Error] [37mFailed init_port fastrtps_port7411: open_and_lock_file failed[34;1m -> Function [36mopen_port_internal[m
[gpu_amcl_cpp_node-6] [INFO] [1789011730.800830506] [gpu_amcl_cpp]: Particle cloud publishing scan-synchronized, max 1.0 Hz
[gpu_amcl_cpp_node-6] [INFO] [1789011730.800883485] [gpu_amcl_cpp]: GPU AMCL C++ node created — waiting for map...
[calibration-8] [37;1m2026-09-10 03:42:10.802 [31;1m[[37;1mRTPS_TRANSPORT_SHM[31;1m Error] [37mFailed init_port fastrtps_port7411: open_and_lock_file failed[34;1m -> Function [36mopen_port_internal[m
[autodrive_bridge_40hz-1] /usr/local/lib/python3.10/dist-packages/numpy/core/getlimits.py:499: UserWarning: The value of the smallest subnormal for <class 'numpy.float64'> type is zero.
[autodrive_bridge_40hz-1]   setattr(self, word, getattr(machar, word).flat[0])
[autodrive_bridge_40hz-1] /usr/local/lib/python3.10/dist-packages/numpy/core/getlimits.py:89: UserWarning: The value of the smallest subnormal for <class 'numpy.float64'> type is zero.
[autodrive_bridge_40hz-1]   return self._float_to_str(self.smallest_subnormal)
[gpu_amcl_cpp_node-6] [INFO] [1789011730.817257774] [gpu_amcl_cpp]: Received first map (349x877 @ 0.025 m/cell) — initialising PF
[lifecycle_manager-5] [INFO] [1789011730.828513876] [lifecycle_manager_map]: [34m[1mStarting managed nodes bringup...[0m[0m
[lifecycle_manager-5] [INFO] [1789011730.828580240] [lifecycle_manager_map]: [34m[1mConfiguring map_server[0m[0m
[ground_truth_amcl_monitor-7] [INFO] [1789011730.832926926] [ground_truth_amcl_monitor]: Absolute map scoring enabled from explicit map start: (0.8006, 3.1583, -1.5708)
[map_server-4] [INFO] [1789011730.836735600] [map_server]: Configuring
[map_server-4] [INFO] [1789011730.836843843] [map_io]: Loading yaml file: /workspace/src/f1tenth_planning/maps/autodrive_track_ftg_commit_20260909_025m.yaml
[map_server-4] [INFO] [1789011730.837172361] [map_io]: resolution: 0.025
[map_server-4] [INFO] [1789011730.837185646] [map_io]: origin[0]: -6.82
[map_server-4] [INFO] [1789011730.837194643] [map_io]: origin[1]: -12.3
[map_server-4] [INFO] [1789011730.837201777] [map_io]: origin[2]: 0
[map_server-4] [INFO] [1789011730.837209481] [map_io]: free_thresh: 0.25
[map_server-4] [INFO] [1789011730.837217787] [map_io]: occupied_thresh: 0.65
[map_server-4] [INFO] [1789011730.837225892] [map_io]: mode: trinary
[map_server-4] [INFO] [1789011730.837233957] [map_io]: negate: 0
[map_server-4] [INFO] [1789011730.837523251] [map_io]: Loading image_file: /workspace/src/f1tenth_planning/maps/autodrive_track_ftg_commit_20260909_025m.pgm
[ground_truth_amcl_monitor-7] [WARN] [1789011730.856445392] [ground_truth_amcl_monitor]: Ground-truth monitor is diagnostics-only; simulator IPS/odom are not controller inputs
[map_server-4] [INFO] [1789011730.885703444] [map_io]: Read map /workspace/src/f1tenth_planning/maps/autodrive_track_ftg_commit_20260909_025m.pgm: 349 X 877 map @ 0.025 m/cell
[lifecycle_manager-5] [INFO] [1789011730.891966394] [lifecycle_manager_map]: [34m[1mActivating map_server[0m[0m
[map_server-4] [INFO] [1789011730.892106898] [map_server]: Activating
[map_server-4] [INFO] [1789011730.892743345] [map_server]: Creating bond (map_server) to lifecycle manager.
[gpu_amcl_cpp_node-6] [INFO] [1789011730.900531894] [gpu_amcl_cpp]: Loaded 2587 global heading points from /workspace/src/f1tenth_planning/trajectories/autodrive_track_ftg_commit_20260909_025m_mintime_raceline.csv
[calibration-8] [INFO] [1789011730.908425351] [allowed_telemetry_recorder]: Calibration mode=sensor_record duration=0.000 s output=/workspace/src/f1tenth_planning/analysis/amcl_tuning_campaign_20260909/acceptance_midpoint_odom_slowfirst_20260910_run25/sensor_record_20260910_034210.csv
[actuator_interface-10] [INFO] [1789011730.918562639] [autodrive_actuator_interface]: Actuator interface ready; no arming state
[gpu_amcl_cpp_node-6] [INFO] [1789011730.919702542] [gpu_amcl_cpp]: Global AMCL startup prior centred at saved map start (0.801, 3.158, -1.571) with covariance (0.500, 0.500, 0.200).
[gpu_amcl_cpp_node-6] [INFO] [1789011730.919772825] [gpu_amcl_cpp]: Particle filter initialised with 2500 particles (global)
[gpu_amcl_cpp_node-6] [INFO] [1789011730.919853346] [gpu_amcl_cpp]: Global particle initialization active; waiting for scans before publishing pose
[actuator_interface-10] [WARN] [1789011730.920003298] [autodrive_actuator_interface]: Neutral output: no command
[gpu_amcl_cpp_node-6] [WARN] [1789011730.920110360] [gpu_amcl_cpp]: Received map update #2 (349x877 @ 0.025 m/cell) — reinitialising PF
[gpu_amcl_cpp_node-6] [INFO] [1789011730.958289040] [gpu_amcl_cpp]: Loaded 2587 global heading points from /workspace/src/f1tenth_planning/trajectories/autodrive_track_ftg_commit_20260909_025m_mintime_raceline.csv
[gpu_amcl_cpp_node-6] [INFO] [1789011730.972182833] [gpu_amcl_cpp]: Global AMCL startup prior centred at saved map start (0.801, 3.158, -1.571) with covariance (0.500, 0.500, 0.200).
[gpu_amcl_cpp_node-6] [INFO] [1789011730.972267342] [gpu_amcl_cpp]: Particle filter initialised with 2500 particles (global)
[gpu_amcl_cpp_node-6] [INFO] [1789011730.972316474] [gpu_amcl_cpp]: Global particle initialization active; waiting for scans before publishing pose
[lifecycle_manager-5] [INFO] [1789011730.997556438] [lifecycle_manager_map]: Server map_server connected with bond.
[lifecycle_manager-5] [INFO] [1789011730.997603436] [lifecycle_manager_map]: [34m[1mManaged nodes are active[0m[0m
[lifecycle_manager-5] [INFO] [1789011730.997614317] [lifecycle_manager_map]: [34m[1mCreating bond timer...[0m[0m
[autodrive_bridge_40hz-1] [autodrive_bridge_40hz] camera decode/publication disabled
[autodrive_bridge_40hz-1] [autodrive_bridge_40hz] bounded request pacing enabled at 40 Hz (max one outstanding request)
[autodrive_bridge_40hz-1] [37;1m2026-09-10 03:42:11.069 [31;1m[[37;1mRTPS_TRANSPORT_SHM[31;1m Error] [37mFailed init_port fastrtps_port7411: open_and_lock_file failed[34;1m -> Function [36mopen_port_internal[m
[autodrive_bridge_40hz-1] Connected!
[autodrive_bridge_40hz-1] [autodrive_bridge_40hz] dropping incomplete startup packet (missing V1 LIDAR Range Array); requesting retry
[gpu_amcl_cpp_node-6] [INFO] [1789011748.647664530] [gpu_amcl_cpp]: Received first odometry sample at (0.00, 0.00, 0.00).
[gpu_amcl_cpp_node-6] [INFO] [1789011748.649405825] [gpu_amcl_cpp]: Received LiDAR callback #1 (1081 ranges).
[gpu_amcl_cpp_node-6] [INFO] [1789011748.649470457] [gpu_amcl_cpp]: AMCL odom delta: at_scan=(0.000, 0.000, 0.000) baseline=(0.000, 0.000, 0.000) delta=(0.000, 0.000, 0.000) moved=false scan_age=0.051s
[gpu_amcl_cpp_node-6] [INFO] [1789011748.649494943] [gpu_amcl_cpp]: Starting AMCL scan update #1 (sampled from 1081 ranges).
[gpu_amcl_cpp_node-6] [INFO] [1789011748.665470361] [gpu_amcl_cpp]: AMCL scan update #1 completed; evaluating pose confidence.
[gpu_amcl_cpp_node-6] [INFO] [1789011748.672123545] [gpu_amcl_cpp]: Startup GPU scan refinement done: refined_particles=2244/2500, beams=180, best_mean_dist=0.004 m, time=6.60 ms
[gpu_amcl_cpp_node-6] [INFO] [1789011748.677762982] [gpu_amcl_cpp]: Global AMCL refining: cluster_weight=0.764, covariance xy=0.013 (max 0.250), yaw=0.000 (max 0.120).
[gpu_amcl_cpp_node-6] [INFO] [1789011748.677796094] [gpu_amcl_cpp]: Global AMCL lock evidence: quality=false stable_scans=1/5 travel=0.000/0.750 m (min_weight=0.500).
[gpu_amcl_cpp_node-6] [INFO] [1789011748.854300561] [gpu_amcl_cpp]: Publishing provisional global AMCL pose for localization ramp; travel=0.000/0.750 m stable_scans=5/5.
[ground_truth_amcl_monitor-7] [INFO] [1789011748.855753483] [ground_truth_amcl_monitor]: Relative GT alignment initialized: yaw=0.000, translation=(-0.000, -0.001)
[ground_truth_amcl_monitor-7] [INFO] [1789011748.856253534] [ground_truth_amcl_monitor]: AMCL vs GT: gt=(0.801, 3.157) amcl=(0.801, 3.158) error=0.001 m / 0.000 rad; current_map=unavailable; odom=(0.801, 3.157, -1.571) error=0.000 m / 0.000 rad; ekf=(0.801, 3.157, -1.571) error=0.000 m / 0.000 rad; RMS=0.001 m / 0.000 rad max=0.001 m / 0.000 rad samples=1
[gpu_amcl_cpp_node-6] [INFO] [1789011749.698630176] [gpu_amcl_cpp]: AMCL odom delta: at_scan=(0.000, 0.000, 0.000) baseline=(0.000, 0.000, 0.000) delta=(0.000, 0.000, 0.000) moved=false scan_age=0.050s
[actuator_interface-10] [INFO] [1789011749.699487368] [autodrive_actuator_interface]: Collision baseline established at cumulative count 0
[ground_truth_amcl_monitor-7] [INFO] [1789011749.897833727] [ground_truth_amcl_monitor]: AMCL vs GT: gt=(0.801, 3.157) amcl=(0.801, 3.158) error=0.001 m / 0.000 rad; current_map=(0.801, 3.158, -1.571) error=0.001 m / 0.000 rad; odom=(0.801, 3.157, -1.571) error=0.000 m / 0.000 rad; ekf=(0.801, 3.157, -1.571) error=0.000 m / 0.000 rad; RMS=0.001 m / 0.000 rad max=0.001 m / 0.000 rad samples=42
[gpu_amcl_cpp_node-6] [INFO] [1789011750.745009636] [gpu_amcl_cpp]: AMCL odom delta: at_scan=(0.000, 0.000, 0.000) baseline=(0.000, 0.000, 0.000) delta=(0.000, 0.000, 0.000) moved=false scan_age=0.047s
[ground_truth_amcl_monitor-7] [INFO] [1789011750.898311721] [ground_truth_amcl_monitor]: AMCL vs GT: gt=(0.801, 3.157) amcl=(0.801, 3.158) error=0.001 m / 0.000 rad; current_map=(0.801, 3.158, -1.571) error=0.001 m / 0.000 rad; odom=(0.801, 3.157, -1.571) error=0.000 m / 0.000 rad; ekf=(0.801, 3.157, -1.571) error=0.000 m / 0.000 rad; RMS=0.001 m / 0.000 rad max=0.001 m / 0.000 rad samples=82
[gpu_amcl_cpp_node-6] [INFO] [1789011750.901723758] [gpu_amcl_cpp]: Publishing provisional global AMCL pose for localization ramp; travel=0.000/0.750 m stable_scans=46/5.
[gpu_amcl_cpp_node-6] [INFO] [1789011751.746172297] [gpu_amcl_cpp]: AMCL odom delta: at_scan=(0.000, 0.000, 0.000) baseline=(0.000, 0.000, 0.000) delta=(0.000, 0.000, 0.000) moved=false scan_age=0.048s
[ground_truth_amcl_monitor-7] [INFO] [1789011751.904042263] [ground_truth_amcl_monitor]: AMCL vs GT: gt=(0.801, 3.157) amcl=(0.801, 3.158) error=0.001 m / 0.000 rad; current_map=(0.801, 3.158, -1.571) error=0.001 m / 0.000 rad; odom=(0.801, 3.157, -1.571) error=0.001 m / 0.000 rad; ekf=(0.801, 3.157, -1.571) error=0.001 m / 0.000 rad; RMS=0.001 m / 0.000 rad max=0.001 m / 0.000 rad samples=122
[gpu_amcl_cpp_node-6] [INFO] [1789011752.772278073] [gpu_amcl_cpp]: AMCL odom delta: at_scan=(0.000, 0.000, 0.000) baseline=(0.000, 0.000, 0.000) delta=(0.000, 0.000, 0.000) moved=false scan_age=0.048s
[ground_truth_amcl_monitor-7] [INFO] [1789011752.922572911] [ground_truth_amcl_monitor]: AMCL vs GT: gt=(0.801, 3.157) amcl=(0.801, 3.158) error=0.001 m / 0.000 rad; current_map=(0.801, 3.158, -1.571) error=0.001 m / 0.000 rad; odom=(0.801, 3.157, -1.571) error=0.001 m / 0.000 rad; ekf=(0.801, 3.157, -1.571) error=0.001 m / 0.000 rad; RMS=0.001 m / 0.000 rad max=0.001 m / 0.000 rad samples=162
[gpu_amcl_cpp_node-6] [INFO] [1789011752.925090036] [gpu_amcl_cpp]: Publishing provisional global AMCL pose for localization ramp; travel=0.000/0.750 m stable_scans=86/5.
[gpu_amcl_cpp_node-6] [INFO] [1789011753.672566961] [gpu_amcl_cpp]: Received LiDAR callback #101 (1081 ranges).
[gpu_amcl_cpp_node-6] [INFO] [1789011753.672641731] [gpu_amcl_cpp]: Starting AMCL scan update #101 (sampled from 1081 ranges).
[gpu_amcl_cpp_node-6] [INFO] [1789011753.673469047] [gpu_amcl_cpp]: AMCL scan update #101 completed; evaluating pose confidence.
[gpu_amcl_cpp_node-6] [INFO] [1789011753.820324397] [gpu_amcl_cpp]: AMCL odom delta: at_scan=(0.000, 0.000, 0.000) baseline=(0.000, 0.000, 0.000) delta=(0.000, 0.000, 0.000) moved=false scan_age=0.047s
[ground_truth_amcl_monitor-7] [INFO] [1789011753.926853947] [ground_truth_amcl_monitor]: AMCL vs GT: gt=(0.801, 3.157) amcl=(0.801, 3.158) error=0.001 m / 0.000 rad; current_map=(0.801, 3.158, -1.571) error=0.001 m / 0.000 rad; odom=(0.801, 3.157, -1.571) error=0.001 m / 0.000 rad; ekf=(0.801, 3.157, -1.571) error=0.001 m / 0.000 rad; RMS=0.001 m / 0.000 rad max=0.001 m / 0.000 rad samples=203
[gpu_amcl_cpp_node-6] [INFO] [1789011754.845994552] [gpu_amcl_cpp]: AMCL odom delta: at_scan=(0.000, 0.000, 0.000) baseline=(0.000, 0.000, 0.000) delta=(0.000, 0.000, 0.000) moved=false scan_age=0.048s
[ground_truth_amcl_monitor-7] [INFO] [1789011754.945715627] [ground_truth_amcl_monitor]: AMCL vs GT: gt=(0.801, 3.157) amcl=(0.801, 3.158) error=0.001 m / 0.000 rad; current_map=(0.801, 3.158, -1.571) error=0.001 m / 0.000 rad; odom=(0.801, 3.157, -1.571) error=0.001 m / 0.000 rad; ekf=(0.801, 3.157, -1.571) error=0.001 m / 0.000 rad; RMS=0.001 m / 0.000 rad max=0.001 m / 0.000 rad samples=242
[gpu_amcl_cpp_node-6] [INFO] [1789011754.949138104] [gpu_amcl_cpp]: Publishing provisional global AMCL pose for localization ramp; travel=0.000/0.750 m stable_scans=126/5.
[gpu_amcl_cpp_node-6] [WARN] [1789011755.246133972] [gpu_amcl_cpp]: Queued LiDAR scan until source-time odometry arrives (queued=1).
[gpu_amcl_cpp_node-6] [INFO] [1789011755.895361018] [gpu_amcl_cpp]: AMCL odom delta: at_scan=(0.000, 0.000, 0.000) baseline=(0.000, 0.000, 0.000) delta=(0.000, 0.000, 0.000) moved=false scan_age=0.047s
[ground_truth_amcl_monitor-7] [INFO] [1789011755.947947107] [ground_truth_amcl_monitor]: AMCL vs GT: gt=(0.801, 3.157) amcl=(0.801, 3.158) error=0.001 m / 0.000 rad; current_map=(0.801, 3.158, -1.571) error=0.001 m / 0.000 rad; odom=(0.801, 3.157, -1.571) error=0.001 m / 0.000 rad; ekf=(0.801, 3.157, -1.571) error=0.001 m / 0.000 rad; RMS=0.001 m / 0.000 rad max=0.001 m / 0.000 rad samples=282
[gpu_amcl_cpp_node-6] [INFO] [1789011756.897353318] [gpu_amcl_cpp]: AMCL odom delta: at_scan=(0.000, 0.000, 0.000) baseline=(0.000, 0.000, 0.000) delta=(0.000, 0.000, 0.000) moved=false scan_age=0.049s
[ground_truth_amcl_monitor-7] [INFO] [1789011756.948303971] [ground_truth_amcl_monitor]: AMCL vs GT: gt=(0.801, 3.157) amcl=(0.801, 3.158) error=0.001 m / 0.000 rad; current_map=(0.801, 3.158, -1.571) error=0.001 m / 0.000 rad; odom=(0.801, 3.157, -1.571) error=0.001 m / 0.000 rad; ekf=(0.801, 3.157, -1.571) error=0.001 m / 0.000 rad; RMS=0.001 m / 0.000 rad max=0.001 m / 0.000 rad samples=322
[gpu_amcl_cpp_node-6] [INFO] [1789011756.950861221] [gpu_amcl_cpp]: Publishing provisional global AMCL pose for localization ramp; travel=0.000/0.750 m stable_scans=166/5.
[gpu_amcl_cpp_node-6] [INFO] [1789011757.898402373] [gpu_amcl_cpp]: AMCL odom delta: at_scan=(0.000, 0.000, 0.000) baseline=(0.000, 0.000, 0.000) delta=(0.000, 0.000, 0.000) moved=false scan_age=0.048s
[ground_truth_amcl_monitor-7] [INFO] [1789011757.952199480] [ground_truth_amcl_monitor]: AMCL vs GT: gt=(0.801, 3.157) amcl=(0.801, 3.158) error=0.001 m / 0.000 rad; current_map=(0.801, 3.158, -1.571) error=0.001 m / 0.000 rad; odom=(0.801, 3.157, -1.571) error=0.001 m / 0.000 rad; ekf=(0.801, 3.157, -1.571) error=0.001 m / 0.000 rad; RMS=0.001 m / 0.000 rad max=0.001 m / 0.000 rad samples=363
[gpu_amcl_cpp_node-6] [INFO] [1789011758.696998857] [gpu_amcl_cpp]: Received LiDAR callback #202 (1081 ranges).
[gpu_amcl_cpp_node-6] [INFO] [1789011758.697063949] [gpu_amcl_cpp]: Starting AMCL scan update #202 (sampled from 1081 ranges).
[gpu_amcl_cpp_node-6] [INFO] [1789011758.698178726] [gpu_amcl_cpp]: AMCL scan update #202 completed; evaluating pose confidence.
[gpu_amcl_cpp_node-6] [INFO] [1789011758.945096502] [gpu_amcl_cpp]: AMCL odom delta: at_scan=(0.000, 0.000, 0.000) baseline=(0.000, 0.000, 0.000) delta=(0.000, 0.000, 0.000) moved=false scan_age=0.047s
[ground_truth_amcl_monitor-7] [INFO] [1789011758.997982955] [ground_truth_amcl_monitor]: AMCL vs GT: gt=(0.801, 3.157) amcl=(0.801, 3.158) error=0.001 m / 0.000 rad; current_map=(0.801, 3.158, -1.571) error=0.001 m / 0.000 rad; odom=(0.801, 3.157, -1.571) error=0.001 m / 0.000 rad; ekf=(0.801, 3.157, -1.571) error=0.001 m / 0.000 rad; RMS=0.001 m / 0.000 rad max=0.001 m / 0.000 rad samples=404
[gpu_amcl_cpp_node-6] [INFO] [1789011759.000434797] [gpu_amcl_cpp]: Publishing provisional global AMCL pose for localization ramp; travel=0.000/0.750 m stable_scans=207/5.
[gpu_amcl_cpp_node-6] [WARN] [1789011759.997276889] [gpu_amcl_cpp]: Queued LiDAR scan until source-time odometry arrives (queued=1).
[gpu_amcl_cpp_node-6] [INFO] [1789011759.998036337] [gpu_amcl_cpp]: AMCL odom delta: at_scan=(0.000, 0.000, 0.000) baseline=(0.000, 0.000, 0.000) delta=(0.000, 0.000, 0.000) moved=false scan_age=0.050s
[ground_truth_amcl_monitor-7] [INFO] [1789011759.999158167] [ground_truth_amcl_monitor]: AMCL vs GT: gt=(0.801, 3.157) amcl=(0.801, 3.158) error=0.001 m / 0.000 rad; current_map=(0.801, 3.158, -1.571) error=0.001 m / 0.000 rad; odom=(0.801, 3.157, -1.571) error=0.001 m / 0.000 rad; ekf=(0.801, 3.157, -1.571) error=0.001 m / 0.000 rad; RMS=0.001 m / 0.000 rad max=0.001 m / 0.000 rad samples=444
[gpu_amcl_cpp_node-6] [INFO] [1789011761.001131119] [gpu_amcl_cpp]: Publishing provisional global AMCL pose for localization ramp; travel=0.000/0.750 m stable_scans=247/5.
[ground_truth_amcl_monitor-7] [INFO] [1789011761.002410065] [ground_truth_amcl_monitor]: AMCL vs GT: gt=(0.801, 3.157) amcl=(0.801, 3.158) error=0.001 m / 0.000 rad; current_map=(0.801, 3.158, -1.571) error=0.001 m / 0.000 rad; odom=(0.801, 3.157, -1.571) error=0.001 m / 0.000 rad; ekf=(0.801, 3.157, -1.571) error=0.001 m / 0.000 rad; RMS=0.001 m / 0.000 rad max=0.001 m / 0.000 rad samples=485
[gpu_amcl_cpp_node-6] [INFO] [1789011761.046292533] [gpu_amcl_cpp]: AMCL odom delta: at_scan=(0.000, 0.000, 0.000) baseline=(0.000, 0.000, 0.000) delta=(0.000, 0.000, 0.000) moved=false scan_age=0.048s
[gpu_amcl_cpp_node-6] [INFO] [1789011762.046447024] [gpu_amcl_cpp]: AMCL odom delta: at_scan=(0.000, 0.000, 0.000) baseline=(0.000, 0.000, 0.000) delta=(0.000, 0.000, 0.000) moved=false scan_age=0.048s
[ground_truth_amcl_monitor-7] [INFO] [1789011762.047325026] [ground_truth_amcl_monitor]: AMCL vs GT: gt=(0.801, 3.157) amcl=(0.801, 3.158) error=0.001 m / 0.000 rad; current_map=(0.801, 3.158, -1.571) error=0.001 m / 0.000 rad; odom=(0.801, 3.157, -1.571) error=0.001 m / 0.000 rad; ekf=(0.801, 3.157, -1.571) error=0.001 m / 0.000 rad; RMS=0.001 m / 0.000 rad max=0.001 m / 0.000 rad samples=526
[gpu_amcl_cpp_node-6] [INFO] [1789011763.047486700] [gpu_amcl_cpp]: AMCL odom delta: at_scan=(0.000, 0.000, 0.000) baseline=(0.000, 0.000, 0.000) delta=(0.000, 0.000, 0.000) moved=false scan_age=0.050s
[ground_truth_amcl_monitor-7] [INFO] [1789011763.049519774] [ground_truth_amcl_monitor]: AMCL vs GT: gt=(0.801, 3.157) amcl=(0.801, 3.158) error=0.001 m / 0.000 rad; current_map=(0.801, 3.158, -1.571) error=0.001 m / 0.000 rad; odom=(0.801, 3.157, -1.571) error=0.001 m / 0.000 rad; ekf=(0.801, 3.157, -1.571) error=0.001 m / 0.000 rad; RMS=0.001 m / 0.000 rad max=0.001 m / 0.000 rad samples=566
[gpu_amcl_cpp_node-6] [INFO] [1789011763.051436088] [gpu_amcl_cpp]: Publishing provisional global AMCL pose for localization ramp; travel=0.000/0.750 m stable_scans=288/5.
[gpu_amcl_cpp_node-6] [INFO] [1789011763.723501319] [gpu_amcl_cpp]: Received LiDAR callback #303 (1081 ranges).
[gpu_amcl_cpp_node-6] [INFO] [1789011763.723599784] [gpu_amcl_cpp]: Starting AMCL scan update #303 (sampled from 1081 ranges).
[gpu_amcl_cpp_node-6] [INFO] [1789011763.724707027] [gpu_amcl_cpp]: AMCL scan update #303 completed; evaluating pose confidence.
[gpu_amcl_cpp_node-6] [INFO] [1789011764.072481593] [gpu_amcl_cpp]: AMCL odom delta: at_scan=(0.000, 0.000, 0.000) baseline=(0.000, 0.000, 0.000) delta=(0.000, 0.000, 0.000) moved=false scan_age=0.050s
[ground_truth_amcl_monitor-7] [INFO] [1789011764.074185547] [ground_truth_amcl_monitor]: AMCL vs GT: gt=(0.801, 3.157) amcl=(0.801, 3.158) error=0.001 m / 0.000 rad; current_map=(0.801, 3.158, -1.571) error=0.001 m / 0.000 rad; odom=(0.801, 3.157, -1.571) error=0.001 m / 0.000 rad; ekf=(0.801, 3.157, -1.571) error=0.001 m / 0.000 rad; RMS=0.001 m / 0.000 rad max=0.001 m / 0.000 rad samples=606
[gpu_amcl_cpp_node-6] [WARN] [1789011764.624572264] [gpu_amcl_cpp]: Queued LiDAR scan until source-time odometry arrives (queued=1).
[gpu_amcl_cpp_node-6] [INFO] [1789011765.055787683] [gpu_amcl_cpp]: Publishing provisional global AMCL pose for localization ramp; travel=0.000/0.750 m stable_scans=327/5.
[gpu_amcl_cpp_node-6] [INFO] [1789011765.102043625] [gpu_amcl_cpp]: AMCL odom delta: at_scan=(0.000, 0.000, 0.000) baseline=(0.000, 0.000, 0.000) delta=(0.000, 0.000, 0.000) moved=false scan_age=0.051s
[ground_truth_amcl_monitor-7] [INFO] [1789011765.102794738] [ground_truth_amcl_monitor]: AMCL vs GT: gt=(0.801, 3.157) amcl=(0.801, 3.158) error=0.002 m / 0.000 rad; current_map=(0.801, 3.158, -1.571) error=0.002 m / 0.000 rad; odom=(0.801, 3.157, -1.571) error=0.001 m / 0.000 rad; ekf=(0.801, 3.157, -1.571) error=0.001 m / 0.000 rad; RMS=0.001 m / 0.000 rad max=0.002 m / 0.000 rad samples=646
[ground_truth_amcl_monitor-7] [INFO] [1789011766.121451458] [ground_truth_amcl_monitor]: AMCL vs GT: gt=(0.801, 3.157) amcl=(0.801, 3.158) error=0.002 m / 0.000 rad; current_map=(0.801, 3.158, -1.571) error=0.002 m / 0.000 rad; odom=(0.801, 3.157, -1.571) error=0.001 m / 0.000 rad; ekf=(0.801, 3.157, -1.571) error=0.001 m / 0.000 rad; RMS=0.001 m / 0.000 rad max=0.002 m / 0.000 rad samples=686
[gpu_amcl_cpp_node-6] [INFO] [1789011766.123088698] [gpu_amcl_cpp]: AMCL odom delta: at_scan=(0.000, 0.000, 0.000) baseline=(0.000, 0.000, 0.000) delta=(0.000, 0.000, 0.000) moved=false scan_age=0.050s
[gpu_amcl_cpp_node-6] [INFO] [1789011767.074479077] [gpu_amcl_cpp]: Publishing provisional global AMCL pose for localization ramp; travel=0.000/0.750 m stable_scans=367/5.
[ground_truth_amcl_monitor-7] [INFO] [1789011767.121984981] [ground_truth_amcl_monitor]: AMCL vs GT: gt=(0.801, 3.157) amcl=(0.801, 3.158) error=0.002 m / 0.000 rad; current_map=(0.801, 3.158, -1.571) error=0.002 m / 0.000 rad; odom=(0.801, 3.157, -1.571) error=0.001 m / 0.000 rad; ekf=(0.801, 3.157, -1.571) error=0.001 m / 0.000 rad; RMS=0.001 m / 0.000 rad max=0.002 m / 0.000 rad samples=726
[gpu_amcl_cpp_node-6] [INFO] [1789011767.172079773] [gpu_amcl_cpp]: AMCL odom delta: at_scan=(0.000, 0.000, 0.000) baseline=(0.000, 0.000, 0.000) delta=(0.000, 0.000, 0.000) moved=false scan_age=0.048s
[gpu_amcl_cpp_node-6] [WARN] [1789011767.921105677] [gpu_amcl_cpp]: Queued LiDAR scan until source-time odometry arrives (queued=1).
[ground_truth_amcl_monitor-7] [INFO] [1789011768.122359333] [ground_truth_amcl_monitor]: AMCL vs GT: gt=(0.801, 3.157) amcl=(0.801, 3.158) error=0.002 m / 0.000 rad; current_map=(0.801, 3.158, -1.571) error=0.002 m / 0.000 rad; odom=(0.801, 3.157, -1.571) error=0.001 m / 0.000 rad; ekf=(0.801, 3.157, -1.571) error=0.001 m / 0.000 rad; RMS=0.001 m / 0.000 rad max=0.002 m / 0.000 rad samples=766
[gpu_amcl_cpp_node-6] [INFO] [1789011768.223683112] [gpu_amcl_cpp]: AMCL odom delta: at_scan=(0.000, 0.000, 0.000) baseline=(0.000, 0.000, 0.000) delta=(0.000, 0.000, 0.000) moved=false scan_age=0.050s
[gpu_amcl_cpp_node-6] [INFO] [1789011768.771275191] [gpu_amcl_cpp]: Received LiDAR callback #405 (1081 ranges).
[gpu_amcl_cpp_node-6] [INFO] [1789011768.771349391] [gpu_amcl_cpp]: Starting AMCL scan update #405 (sampled from 1081 ranges).
[gpu_amcl_cpp_node-6] [INFO] [1789011768.772743443] [gpu_amcl_cpp]: AMCL scan update #405 completed; evaluating pose confidence.
[ground_truth_amcl_monitor-7] [INFO] [1789011769.122455412] [ground_truth_amcl_monitor]: AMCL vs GT: gt=(0.801, 3.157) amcl=(0.801, 3.158) error=0.002 m / 0.000 rad; current_map=(0.801, 3.158, -1.571) error=0.002 m / 0.000 rad; odom=(0.801, 3.157, -1.571) error=0.001 m / 0.000 rad; ekf=(0.801, 3.157, -1.571) error=0.001 m / 0.000 rad; RMS=0.001 m / 0.000 rad max=0.002 m / 0.000 rad samples=806
[gpu_amcl_cpp_node-6] [INFO] [1789011769.124914377] [gpu_amcl_cpp]: Publishing provisional global AMCL pose for localization ramp; travel=0.000/0.750 m stable_scans=408/5.
[gpu_amcl_cpp_node-6] [INFO] [1789011769.273483820] [gpu_amcl_cpp]: AMCL odom delta: at_scan=(0.000, 0.000, 0.000) baseline=(0.000, 0.000, 0.000) delta=(0.000, 0.000, 0.000) moved=false scan_age=0.050s
[ground_truth_amcl_monitor-7] [INFO] [1789011770.126618380] [ground_truth_amcl_monitor]: AMCL vs GT: gt=(0.801, 3.157) amcl=(0.801, 3.158) error=0.002 m / 0.000 rad; current_map=(0.801, 3.158, -1.571) error=0.002 m / 0.000 rad; odom=(0.801, 3.157, -1.571) error=0.001 m / 0.000 rad; ekf=(0.801, 3.157, -1.571) error=0.001 m / 0.000 rad; RMS=0.001 m / 0.000 rad max=0.002 m / 0.000 rad samples=846
[gpu_amcl_cpp_node-6] [INFO] [1789011770.274295694] [gpu_amcl_cpp]: AMCL odom delta: at_scan=(0.000, 0.000, 0.000) baseline=(0.000, 0.000, 0.000) delta=(0.000, 0.000, 0.000) moved=false scan_age=0.049s
[gpu_amcl_cpp_node-6] [WARN] [1789011770.940343014] [gpu_amcl_cpp]: Queued LiDAR scan until source-time odometry arrives (queued=1).
[gpu_amcl_cpp_node-6] [INFO] [1789011771.144332285] [gpu_amcl_cpp]: Publishing provisional global AMCL pose for localization ramp; travel=0.000/0.750 m stable_scans=446/5.
[ground_truth_amcl_monitor-7] [INFO] [1789011771.151062083] [ground_truth_amcl_monitor]: AMCL vs GT: gt=(0.801, 3.157) amcl=(0.801, 3.158) error=0.002 m / 0.000 rad; current_map=(0.801, 3.158, -1.571) error=0.002 m / 0.000 rad; odom=(0.801, 3.157, -1.571) error=0.001 m / 0.000 rad; ekf=(0.801, 3.157, -1.571) error=0.001 m / 0.000 rad; RMS=0.001 m / 0.000 rad max=0.002 m / 0.000 rad samples=882
[gpu_amcl_cpp_node-6] [INFO] [1789011771.330065478] [gpu_amcl_cpp]: AMCL odom delta: at_scan=(0.000, 0.000, 0.000) baseline=(0.000, 0.000, 0.000) delta=(0.000, 0.000, 0.000) moved=false scan_age=0.056s
[ground_truth_amcl_monitor-7] [INFO] [1789011772.182637540] [ground_truth_amcl_monitor]: AMCL vs GT: gt=(0.801, 3.157) amcl=(0.801, 3.158) error=0.002 m / 0.000 rad; current_map=(0.801, 3.158, -1.571) error=0.002 m / 0.000 rad; odom=(0.801, 3.157, -1.571) error=0.001 m / 0.000 rad; ekf=(0.801, 3.157, -1.571) error=0.001 m / 0.000 rad; RMS=0.001 m / 0.000 rad max=0.002 m / 0.000 rad samples=914
[gpu_amcl_cpp_node-6] [INFO] [1789011772.350810965] [gpu_amcl_cpp]: AMCL odom delta: at_scan=(0.000, 0.000, 0.000) baseline=(0.000, 0.000, 0.000) delta=(0.000, 0.000, 0.000) moved=false scan_age=0.051s
[gpu_amcl_cpp_node-6] [WARN] [1789011773.377232788] [gpu_amcl_cpp]: Discarding stale LiDAR scan (age 0.329 s > 0.250 s).
[gpu_amcl_cpp_node-6] [INFO] [1789011773.377964184] [gpu_amcl_cpp]: AMCL odom delta: at_scan=(0.000, 0.000, 0.000) baseline=(0.000, 0.000, 0.000) delta=(0.000, 0.000, 0.000) moved=false scan_age=0.204s
[ground_truth_amcl_monitor-7] [INFO] [1789011773.381054487] [ground_truth_amcl_monitor]: AMCL vs GT: gt=(0.801, 3.157) amcl=(0.801, 3.158) error=0.002 m / 0.000 rad; current_map=(0.801, 3.158, -1.571) error=0.002 m / 0.000 rad; odom=(0.801, 3.157, -1.571) error=0.001 m / 0.000 rad; ekf=(0.801, 3.157, -1.571) error=0.001 m / 0.000 rad; RMS=0.001 m / 0.000 rad max=0.002 m / 0.000 rad samples=946
[gpu_amcl_cpp_node-6] [INFO] [1789011773.382703097] [gpu_amcl_cpp]: Publishing provisional global AMCL pose for localization ramp; travel=0.000/0.750 m stable_scans=478/5.
[gpu_amcl_cpp_node-6] [INFO] [1789011773.796115710] [gpu_amcl_cpp]: Received LiDAR callback #494 (1081 ranges).
[gpu_amcl_cpp_node-6] [INFO] [1789011773.796200359] [gpu_amcl_cpp]: Starting AMCL scan update #494 (sampled from 1081 ranges).
[gpu_amcl_cpp_node-6] [INFO] [1789011773.797083320] [gpu_amcl_cpp]: AMCL scan update #494 completed; evaluating pose confidence.
[gpu_amcl_cpp_node-6] [INFO] [1789011774.405835934] [gpu_amcl_cpp]: AMCL odom delta: at_scan=(0.000, 0.000, 0.000) baseline=(0.000, 0.000, 0.000) delta=(0.000, 0.000, 0.000) moved=false scan_age=0.055s
[ground_truth_amcl_monitor-7] [INFO] [1789011774.407186755] [ground_truth_amcl_monitor]: AMCL vs GT: gt=(0.801, 3.157) amcl=(0.801, 3.158) error=0.002 m / 0.000 rad; current_map=(0.801, 3.158, -1.571) error=0.002 m / 0.000 rad; odom=(0.801, 3.157, -1.571) error=0.001 m / 0.000 rad; ekf=(0.801, 3.157, -1.571) error=0.001 m / 0.000 rad; RMS=0.001 m / 0.000 rad max=0.002 m / 0.000 rad samples=988
[gpu_amcl_cpp_node-6] [INFO] [1789011775.423749924] [gpu_amcl_cpp]: AMCL odom delta: at_scan=(0.000, 0.000, 0.000) baseline=(0.000, 0.000, 0.000) delta=(0.000, 0.000, 0.000) moved=false scan_age=0.050s
[ground_truth_amcl_monitor-7] [INFO] [1789011775.425355013] [ground_truth_amcl_monitor]: AMCL vs GT: gt=(0.802, 3.157) amcl=(0.801, 3.158) error=0.002 m / 0.000 rad; current_map=(0.801, 3.158, -1.571) error=0.002 m / 0.000 rad; odom=(0.801, 3.157, -1.571) error=0.001 m / 0.000 rad; ekf=(0.801, 3.157, -1.571) error=0.001 m / 0.000 rad; RMS=0.001 m / 0.000 rad max=0.002 m / 0.000 rad samples=1024
[gpu_amcl_cpp_node-6] [INFO] [1789011775.427295864] [gpu_amcl_cpp]: Publishing provisional global AMCL pose for localization ramp; travel=0.000/0.750 m stable_scans=516/5.
[gpu_amcl_cpp_node-6] [INFO] [1789011776.449097375] [gpu_amcl_cpp]: AMCL odom delta: at_scan=(0.000, 0.000, 0.000) baseline=(0.000, 0.000, 0.000) delta=(0.000, 0.000, 0.000) moved=false scan_age=0.050s
[ground_truth_amcl_monitor-7] [INFO] [1789011776.449962473] [ground_truth_amcl_monitor]: AMCL vs GT: gt=(0.802, 3.157) amcl=(0.801, 3.158) error=0.002 m / 0.000 rad; current_map=(0.801, 3.158, -1.571) error=0.002 m / 0.000 rad; odom=(0.801, 3.157, -1.571) error=0.001 m / 0.000 rad; ekf=(0.801, 3.157, -1.571) error=0.001 m / 0.000 rad; RMS=0.002 m / 0.000 rad max=0.002 m / 0.000 rad samples=1060
[gpu_amcl_cpp_node-6] [INFO] [1789011777.449738196] [gpu_amcl_cpp]: AMCL odom delta: at_scan=(0.000, 0.000, 0.000) baseline=(0.000, 0.000, 0.000) delta=(0.000, 0.000, 0.000) moved=false scan_age=0.051s
[ground_truth_amcl_monitor-7] [INFO] [1789011777.450549502] [ground_truth_amcl_monitor]: AMCL vs GT: gt=(0.802, 3.157) amcl=(0.801, 3.158) error=0.002 m / 0.000 rad; current_map=(0.801, 3.158, -1.571) error=0.002 m / 0.000 rad; odom=(0.801, 3.157, -1.571) error=0.001 m / 0.000 rad; ekf=(0.801, 3.157, -1.571) error=0.001 m / 0.000 rad; RMS=0.002 m / 0.000 rad max=0.002 m / 0.000 rad samples=1096
[gpu_amcl_cpp_node-6] [INFO] [1789011777.453956741] [gpu_amcl_cpp]: Publishing provisional global AMCL pose for localization ramp; travel=0.000/0.750 m stable_scans=552/5.
[ground_truth_amcl_monitor-7] [INFO] [1789011778.454210062] [ground_truth_amcl_monitor]: AMCL vs GT: gt=(0.802, 3.157) amcl=(0.801, 3.158) error=0.002 m / 0.000 rad; current_map=(0.801, 3.158, -1.571) error=0.002 m / 0.000 rad; odom=(0.801, 3.157, -1.571) error=0.001 m / 0.000 rad; ekf=(0.801, 3.157, -1.571) error=0.001 m / 0.000 rad; RMS=0.002 m / 0.000 rad max=0.002 m / 0.000 rad samples=1131
[gpu_amcl_cpp_node-6] [INFO] [1789011778.499978417] [gpu_amcl_cpp]: AMCL odom delta: at_scan=(0.000, 0.000, 0.000) baseline=(0.000, 0.000, 0.000) delta=(0.000, 0.000, 0.000) moved=false scan_age=0.051s
[gpu_amcl_cpp_node-6] [INFO] [1789011778.828765508] [gpu_amcl_cpp]: Received LiDAR callback #583 (1081 ranges).
[gpu_amcl_cpp_node-6] [INFO] [1789011778.828840619] [gpu_amcl_cpp]: Starting AMCL scan update #583 (sampled from 1081 ranges).
[gpu_amcl_cpp_node-6] [INFO] [1789011778.829533682] [gpu_amcl_cpp]: AMCL scan update #583 completed; evaluating pose confidence.
[gpu_amcl_cpp_node-6] [INFO] [1789011779.501887873] [gpu_amcl_cpp]: AMCL odom delta: at_scan=(0.000, 0.000, 0.000) baseline=(0.000, 0.000, 0.000) delta=(0.000, 0.000, 0.000) moved=false scan_age=0.054s
[ground_truth_amcl_monitor-7] [INFO] [1789011779.503070547] [ground_truth_amcl_monitor]: AMCL vs GT: gt=(0.802, 3.157) amcl=(0.801, 3.158) error=0.002 m / 0.000 rad; current_map=(0.801, 3.158, -1.571) error=0.002 m / 0.000 rad; odom=(0.801, 3.157, -1.571) error=0.001 m / 0.000 rad; ekf=(0.801, 3.157, -1.571) error=0.001 m / 0.000 rad; RMS=0.002 m / 0.000 rad max=0.002 m / 0.000 rad samples=1166
[gpu_amcl_cpp_node-6] [INFO] [1789011779.505992343] [gpu_amcl_cpp]: Publishing provisional global AMCL pose for localization ramp; travel=0.000/0.750 m stable_scans=587/5.
[gpu_amcl_cpp_node-6] [INFO] [1789011780.532053686] [gpu_amcl_cpp]: AMCL odom delta: at_scan=(0.000, 0.000, 0.000) baseline=(0.000, 0.000, 0.000) delta=(0.000, 0.000, 0.000) moved=false scan_age=0.057s
[ground_truth_amcl_monitor-7] [INFO] [1789011780.533325097] [ground_truth_amcl_monitor]: AMCL vs GT: gt=(0.802, 3.157) amcl=(0.801, 3.158) error=0.002 m / 0.000 rad; current_map=(0.801, 3.158, -1.571) error=0.002 m / 0.000 rad; odom=(0.801, 3.157, -1.571) error=0.001 m / 0.000 rad; ekf=(0.801, 3.157, -1.571) error=0.001 m / 0.000 rad; RMS=0.002 m / 0.000 rad max=0.002 m / 0.000 rad samples=1200
[gpu_amcl_cpp_node-6] [INFO] [1789011781.535512846] [gpu_amcl_cpp]: Publishing provisional global AMCL pose for localization ramp; travel=0.000/0.750 m stable_scans=622/5.
[ground_truth_amcl_monitor-7] [INFO] [1789011781.537264831] [ground_truth_amcl_monitor]: AMCL vs GT: gt=(0.802, 3.157) amcl=(0.801, 3.158) error=0.002 m / 0.000 rad; current_map=(0.801, 3.158, -1.571) error=0.002 m / 0.000 rad; odom=(0.801, 3.157, -1.571) error=0.001 m / 0.000 rad; ekf=(0.801, 3.157, -1.571) error=0.001 m / 0.000 rad; RMS=0.002 m / 0.000 rad max=0.002 m / 0.000 rad samples=1237
[gpu_amcl_cpp_node-6] [INFO] [1789011781.598956666] [gpu_amcl_cpp]: AMCL odom delta: at_scan=(0.000, 0.000, 0.000) baseline=(0.000, 0.000, 0.000) delta=(0.000, 0.000, 0.000) moved=false scan_age=0.051s
[gpu_amcl_cpp_node-6] [WARN] [1789011782.048509212] [gpu_amcl_cpp]: Queued LiDAR scan until source-time odometry arrives (queued=1).
[ground_truth_amcl_monitor-7] [INFO] [1789011782.548212085] [ground_truth_amcl_monitor]: AMCL vs GT: gt=(0.802, 3.157) amcl=(0.801, 3.158) error=0.002 m / 0.000 rad; current_map=(0.801, 3.158, -1.571) error=0.002 m / 0.000 rad; odom=(0.801, 3.157, -1.571) error=0.001 m / 0.000 rad; ekf=(0.801, 3.157, -1.571) error=0.001 m / 0.000 rad; RMS=0.002 m / 0.000 rad max=0.002 m / 0.000 rad samples=1272
[gpu_amcl_cpp_node-6] [INFO] [1789011782.599339890] [gpu_amcl_cpp]: AMCL odom delta: at_scan=(0.000, 0.000, 0.000) baseline=(0.000, 0.000, 0.000) delta=(0.000, 0.000, 0.000) moved=false scan_age=0.051s
[ground_truth_amcl_monitor-7] [INFO] [1789011783.549633271] [ground_truth_amcl_monitor]: AMCL vs GT: gt=(0.802, 3.157) amcl=(0.801, 3.158) error=0.002 m / 0.000 rad; current_map=(0.801, 3.158, -1.571) error=0.002 m / 0.000 rad; odom=(0.801, 3.157, -1.571) error=0.001 m / 0.000 rad; ekf=(0.801, 3.157, -1.571) error=0.001 m / 0.000 rad; RMS=0.002 m / 0.000 rad max=0.002 m / 0.000 rad samples=1308
[gpu_amcl_cpp_node-6] [INFO] [1789011783.552709397] [gpu_amcl_cpp]: Publishing provisional global AMCL pose for localization ramp; travel=0.000/0.750 m stable_scans=658/5.
[gpu_amcl_cpp_node-6] [INFO] [1789011783.602661191] [gpu_amcl_cpp]: AMCL odom delta: at_scan=(0.000, 0.000, 0.000) baseline=(0.000, 0.000, 0.000) delta=(0.000, 0.000, 0.000) moved=false scan_age=0.054s
[gpu_amcl_cpp_node-6] [INFO] [1789011783.878945539] [gpu_amcl_cpp]: Received LiDAR callback #672 (1081 ranges).
[gpu_amcl_cpp_node-6] [INFO] [1789011783.879023826] [gpu_amcl_cpp]: Starting AMCL scan update #672 (sampled from 1081 ranges).
[gpu_amcl_cpp_node-6] [INFO] [1789011783.879678518] [gpu_amcl_cpp]: AMCL scan update #672 completed; evaluating pose confidence.
[ground_truth_amcl_monitor-7] [INFO] [1789011784.553949162] [ground_truth_amcl_monitor]: AMCL vs GT: gt=(0.802, 3.157) amcl=(0.801, 3.158) error=0.002 m / 0.000 rad; current_map=(0.801, 3.158, -1.571) error=0.002 m / 0.000 rad; odom=(0.801, 3.157, -1.571) error=0.001 m / 0.000 rad; ekf=(0.801, 3.157, -1.571) error=0.001 m / 0.000 rad; RMS=0.002 m / 0.000 rad max=0.002 m / 0.000 rad samples=1344
[gpu_amcl_cpp_node-6] [INFO] [1789011784.605385177] [gpu_amcl_cpp]: AMCL odom delta: at_scan=(0.000, 0.000, 0.000) baseline=(0.000, 0.000, 0.000) delta=(0.000, 0.000, 0.000) moved=false scan_age=0.052s
[ground_truth_amcl_monitor-7] [INFO] [1789011785.555731597] [ground_truth_amcl_monitor]: AMCL vs GT: gt=(0.802, 3.157) amcl=(0.801, 3.158) error=0.002 m / 0.000 rad; current_map=(0.801, 3.158, -1.571) error=0.002 m / 0.000 rad; odom=(0.801, 3.157, -1.571) error=0.001 m / 0.000 rad; ekf=(0.801, 3.157, -1.571) error=0.001 m / 0.000 rad; RMS=0.002 m / 0.000 rad max=0.002 m / 0.000 rad samples=1380
[gpu_amcl_cpp_node-6] [INFO] [1789011785.558738052] [gpu_amcl_cpp]: Publishing provisional global AMCL pose for localization ramp; travel=0.000/0.750 m stable_scans=694/5.
[gpu_amcl_cpp_node-6] [INFO] [1789011785.623301207] [gpu_amcl_cpp]: AMCL odom delta: at_scan=(0.000, 0.000, 0.000) baseline=(0.000, 0.000, 0.000) delta=(0.000, 0.000, 0.000) moved=false scan_age=0.050s
[ground_truth_amcl_monitor-7] [INFO] [1789011786.555765873] [ground_truth_amcl_monitor]: AMCL vs GT: gt=(0.802, 3.157) amcl=(0.801, 3.158) error=0.002 m / 0.000 rad; current_map=(0.801, 3.158, -1.571) error=0.002 m / 0.000 rad; odom=(0.801, 3.157, -1.571) error=0.001 m / 0.000 rad; ekf=(0.801, 3.157, -1.571) error=0.001 m / 0.000 rad; RMS=0.002 m / 0.000 rad max=0.002 m / 0.000 rad samples=1416
[gpu_amcl_cpp_node-6] [INFO] [1789011786.623476860] [gpu_amcl_cpp]: AMCL odom delta: at_scan=(0.000, 0.000, 0.000) baseline=(0.000, 0.000, 0.000) delta=(0.000, 0.000, 0.000) moved=false scan_age=0.050s
[ground_truth_amcl_monitor-7] [INFO] [1789011787.579847139] [ground_truth_amcl_monitor]: AMCL vs GT: gt=(0.802, 3.157) amcl=(0.801, 3.158) error=0.002 m / 0.000 rad; current_map=(0.801, 3.158, -1.571) error=0.002 m / 0.000 rad; odom=(0.801, 3.157, -1.571) error=0.001 m / 0.000 rad; ekf=(0.801, 3.157, -1.571) error=0.001 m / 0.000 rad; RMS=0.002 m / 0.000 rad max=0.002 m / 0.000 rad samples=1454
[gpu_amcl_cpp_node-6] [INFO] [1789011787.583061134] [gpu_amcl_cpp]: Publishing provisional global AMCL pose for localization ramp; travel=0.000/0.750 m stable_scans=731/5.
[gpu_amcl_cpp_node-6] [INFO] [1789011787.649883870] [gpu_amcl_cpp]: AMCL odom delta: at_scan=(0.000, 0.000, 0.000) baseline=(0.000, 0.000, 0.000) delta=(0.000, 0.000, 0.000) moved=false scan_age=0.052s
[ground_truth_amcl_monitor-7] [INFO] [1789011788.625567305] [ground_truth_amcl_monitor]: AMCL vs GT: gt=(0.802, 3.157) amcl=(0.801, 3.158) error=0.002 m / 0.000 rad; current_map=(0.801, 3.158, -1.571) error=0.002 m / 0.000 rad; odom=(0.801, 3.157, -1.571) error=0.002 m / 0.000 rad; ekf=(0.801, 3.157, -1.571) error=0.002 m / 0.000 rad; RMS=0.002 m / 0.000 rad max=0.002 m / 0.000 rad samples=1490
[gpu_amcl_cpp_node-6] [INFO] [1789011788.677012427] [gpu_amcl_cpp]: AMCL odom delta: at_scan=(0.000, 0.000, 0.000) baseline=(0.000, 0.000, 0.000) delta=(0.000, 0.000, 0.000) moved=false scan_age=0.053s
[gpu_amcl_cpp_node-6] [INFO] [1789011788.898596571] [gpu_amcl_cpp]: Received LiDAR callback #762 (1081 ranges).
[gpu_amcl_cpp_node-6] [INFO] [1789011788.898676962] [gpu_amcl_cpp]: Starting AMCL scan update #762 (sampled from 1081 ranges).
[gpu_amcl_cpp_node-6] [INFO] [1789011788.899541017] [gpu_amcl_cpp]: AMCL scan update #762 completed; evaluating pose confidence.
[gpu_amcl_cpp_node-6] [INFO] [1789011789.604349688] [gpu_amcl_cpp]: Publishing provisional global AMCL pose for localization ramp; travel=0.000/0.750 m stable_scans=767/5.
[ground_truth_amcl_monitor-7] [INFO] [1789011789.650944187] [ground_truth_amcl_monitor]: AMCL vs GT: gt=(0.802, 3.157) amcl=(0.801, 3.158) error=0.002 m / 0.000 rad; current_map=(0.801, 3.158, -1.571) error=0.002 m / 0.000 rad; odom=(0.801, 3.157, -1.571) error=0.002 m / 0.000 rad; ekf=(0.801, 3.157, -1.571) error=0.002 m / 0.000 rad; RMS=0.002 m / 0.000 rad max=0.002 m / 0.000 rad samples=1528
[gpu_amcl_cpp_node-6] [INFO] [1789011789.700794279] [gpu_amcl_cpp]: AMCL odom delta: at_scan=(0.000, 0.000, 0.000) baseline=(0.000, 0.000, 0.000) delta=(0.000, 0.000, 0.000) moved=false scan_age=0.051s
[ground_truth_amcl_monitor-7] [INFO] [1789011790.676932098] [ground_truth_amcl_monitor]: AMCL vs GT: gt=(0.802, 3.157) amcl=(0.801, 3.158) error=0.002 m / 0.000 rad; current_map=(0.801, 3.158, -1.571) error=0.002 m / 0.000 rad; odom=(0.801, 3.157, -1.571) error=0.002 m / 0.000 rad; ekf=(0.801, 3.157, -1.571) error=0.002 m / 0.000 rad; RMS=0.002 m / 0.000 rad max=0.002 m / 0.000 rad samples=1564
[gpu_amcl_cpp_node-6] [INFO] [1789011790.730565246] [gpu_amcl_cpp]: AMCL odom delta: at_scan=(0.000, 0.000, 0.000) baseline=(0.000, 0.000, 0.000) delta=(0.000, 0.000, 0.000) moved=false scan_age=0.055s
[gpu_amcl_cpp_node-6] [INFO] [1789011791.653889508] [gpu_amcl_cpp]: Publishing provisional global AMCL pose for localization ramp; travel=0.000/0.750 m stable_scans=803/5.
[ground_truth_amcl_monitor-7] [INFO] [1789011791.702591290] [ground_truth_amcl_monitor]: AMCL vs GT: gt=(0.802, 3.157) amcl=(0.801, 3.158) error=0.002 m / 0.000 rad; current_map=(0.801, 3.158, -1.571) error=0.002 m / 0.000 rad; odom=(0.801, 3.157, -1.571) error=0.002 m / 0.000 rad; ekf=(0.801, 3.157, -1.571) error=0.002 m / 0.000 rad; RMS=0.002 m / 0.000 rad max=0.002 m / 0.000 rad samples=1600
[gpu_amcl_cpp_node-6] [INFO] [1789011791.754361193] [gpu_amcl_cpp]: AMCL odom delta: at_scan=(0.000, 0.000, 0.000) baseline=(0.000, 0.000, 0.000) delta=(0.000, 0.000, 0.000) moved=false scan_age=0.052s
[ground_truth_amcl_monitor-7] [INFO] [1789011792.725603403] [ground_truth_amcl_monitor]: AMCL vs GT: gt=(0.802, 3.157) amcl=(0.801, 3.158) error=0.002 m / 0.000 rad; current_map=(0.801, 3.158, -1.571) error=0.002 m / 0.000 rad; odom=(0.801, 3.157, -1.571) error=0.002 m / 0.000 rad; ekf=(0.801, 3.157, -1.571) error=0.002 m / 0.000 rad; RMS=0.002 m / 0.000 rad max=0.002 m / 0.000 rad samples=1636
[gpu_amcl_cpp_node-6] [INFO] [1789011792.775859519] [gpu_amcl_cpp]: AMCL odom delta: at_scan=(0.000, 0.000, 0.000) baseline=(0.000, 0.000, 0.000) delta=(0.000, 0.000, 0.000) moved=false scan_age=0.051s
[gpu_amcl_cpp_node-6] [INFO] [1789011793.657200355] [gpu_amcl_cpp]: Publishing provisional global AMCL pose for localization ramp; travel=0.000/0.750 m stable_scans=838/5.
[ground_truth_amcl_monitor-7] [INFO] [1789011793.775698015] [ground_truth_amcl_monitor]: AMCL vs GT: gt=(0.802, 3.157) amcl=(0.801, 3.158) error=0.002 m / 0.000 rad; current_map=(0.801, 3.158, -1.571) error=0.002 m / 0.000 rad; odom=(0.801, 3.157, -1.571) error=0.002 m / 0.000 rad; ekf=(0.801, 3.157, -1.571) error=0.002 m / 0.000 rad; RMS=0.002 m / 0.000 rad max=0.002 m / 0.000 rad samples=1672
[gpu_amcl_cpp_node-6] [INFO] [1789011793.828755961] [gpu_amcl_cpp]: AMCL odom delta: at_scan=(0.000, 0.000, 0.000) baseline=(0.000, 0.000, 0.000) delta=(0.000, 0.000, 0.000) moved=false scan_age=0.053s
[gpu_amcl_cpp_node-6] [INFO] [1789011793.898868264] [gpu_amcl_cpp]: Received LiDAR callback #850 (1081 ranges).
[gpu_amcl_cpp_node-6] [INFO] [1789011793.898944357] [gpu_amcl_cpp]: Starting AMCL scan update #850 (sampled from 1081 ranges).
[gpu_amcl_cpp_node-6] [INFO] [1789011793.900046590] [gpu_amcl_cpp]: AMCL scan update #850 completed; evaluating pose confidence.
[ground_truth_amcl_monitor-7] [INFO] [1789011794.779554899] [ground_truth_amcl_monitor]: AMCL vs GT: gt=(0.802, 3.157) amcl=(0.801, 3.158) error=0.002 m / 0.000 rad; current_map=(0.801, 3.158, -1.571) error=0.002 m / 0.000 rad; odom=(0.801, 3.157, -1.571) error=0.002 m / 0.000 rad; ekf=(0.801, 3.157, -1.571) error=0.002 m / 0.000 rad; RMS=0.002 m / 0.000 rad max=0.002 m / 0.000 rad samples=1709
[gpu_amcl_cpp_node-6] [INFO] [1789011794.881642734] [gpu_amcl_cpp]: AMCL odom delta: at_scan=(0.000, 0.000, 0.000) baseline=(0.000, 0.000, 0.000) delta=(0.000, 0.000, 0.000) moved=false scan_age=0.056s
[gpu_amcl_cpp_node-6] [INFO] [1789011795.678356396] [gpu_amcl_cpp]: Publishing provisional global AMCL pose for localization ramp; travel=0.000/0.750 m stable_scans=874/5.
[ground_truth_amcl_monitor-7] [INFO] [1789011795.781114040] [ground_truth_amcl_monitor]: AMCL vs GT: gt=(0.802, 3.157) amcl=(0.801, 3.158) error=0.002 m / 0.000 rad; current_map=(0.801, 3.158, -1.571) error=0.002 m / 0.000 rad; odom=(0.801, 3.157, -1.571) error=0.002 m / 0.000 rad; ekf=(0.801, 3.157, -1.571) error=0.002 m / 0.000 rad; RMS=0.002 m / 0.000 rad max=0.002 m / 0.000 rad samples=1745
[gpu_amcl_cpp_node-6] [INFO] [1789011795.898970324] [gpu_amcl_cpp]: AMCL odom delta: at_scan=(0.000, 0.000, 0.000) baseline=(0.000, 0.000, 0.000) delta=(0.000, 0.000, 0.000) moved=false scan_age=0.050s
[ground_truth_amcl_monitor-7] [INFO] [1789011796.803906118] [ground_truth_amcl_monitor]: AMCL vs GT: gt=(0.802, 3.157) amcl=(0.801, 3.158) error=0.002 m / 0.000 rad; current_map=(0.801, 3.158, -1.571) error=0.002 m / 0.000 rad; odom=(0.801, 3.157, -1.571) error=0.002 m / 0.000 rad; ekf=(0.801, 3.157, -1.571) error=0.002 m / 0.000 rad; RMS=0.002 m / 0.000 rad max=0.002 m / 0.000 rad samples=1780
[gpu_amcl_cpp_node-6] [INFO] [1789011796.922580771] [gpu_amcl_cpp]: AMCL odom delta: at_scan=(0.000, 0.000, 0.000) baseline=(0.000, 0.000, 0.000) delta=(0.000, 0.000, 0.000) moved=false scan_age=0.049s
[gpu_amcl_cpp_node-6] [WARN] [1789011797.423120145] [gpu_amcl_cpp]: Queued LiDAR scan until source-time odometry arrives (queued=1).
[gpu_amcl_cpp_node-6] [INFO] [1789011797.703589463] [gpu_amcl_cpp]: Publishing provisional global AMCL pose for localization ramp; travel=0.000/0.750 m stable_scans=910/5.
[ground_truth_amcl_monitor-7] [INFO] [1789011797.804637883] [ground_truth_amcl_monitor]: AMCL vs GT: gt=(0.802, 3.157) amcl=(0.801, 3.158) error=0.002 m / 0.000 rad; current_map=(0.801, 3.158, -1.571) error=0.002 m / 0.000 rad; odom=(0.801, 3.157, -1.571) error=0.002 m / 0.000 rad; ekf=(0.801, 3.157, -1.571) error=0.002 m / 0.000 rad; RMS=0.002 m / 0.000 rad max=0.002 m / 0.000 rad samples=1817
[gpu_amcl_cpp_node-6] [INFO] [1789011797.975138404] [gpu_amcl_cpp]: AMCL odom delta: at_scan=(0.000, 0.000, 0.000) baseline=(0.000, 0.000, 0.000) delta=(0.000, 0.000, 0.000) moved=false scan_age=0.052s
[ground_truth_amcl_monitor-7] [INFO] [1789011798.851327058] [ground_truth_amcl_monitor]: AMCL vs GT: gt=(0.802, 3.157) amcl=(0.801, 3.158) error=0.002 m / 0.000 rad; current_map=(0.801, 3.158, -1.571) error=0.002 m / 0.000 rad; odom=(0.801, 3.157, -1.571) error=0.002 m / 0.000 rad; ekf=(0.801, 3.157, -1.571) error=0.002 m / 0.000 rad; RMS=0.002 m / 0.000 rad max=0.002 m / 0.000 rad samples=1854
[gpu_amcl_cpp_node-6] [INFO] [1789011798.900098801] [gpu_amcl_cpp]: Received LiDAR callback #942 (1081 ranges).
[gpu_amcl_cpp_node-6] [INFO] [1789011798.900168783] [gpu_amcl_cpp]: Starting AMCL scan update #942 (sampled from 1081 ranges).
[gpu_amcl_cpp_node-6] [INFO] [1789011798.900988535] [gpu_amcl_cpp]: AMCL scan update #942 completed; evaluating pose confidence.
[gpu_amcl_cpp_node-6] [INFO] [1789011798.990922770] [gpu_amcl_cpp]: AMCL odom delta: at_scan=(0.000, 0.000, 0.000) baseline=(0.000, 0.000, 0.000) delta=(0.000, 0.000, 0.000) moved=false scan_age=0.090s
[gpu_amcl_cpp_node-6] [INFO] [1789011799.704718132] [gpu_amcl_cpp]: Publishing provisional global AMCL pose for localization ramp; travel=0.000/0.750 m stable_scans=946/5.
[ground_truth_amcl_monitor-7] [INFO] [1789011799.875803573] [ground_truth_amcl_monitor]: AMCL vs GT: gt=(0.802, 3.157) amcl=(0.801, 3.158) error=0.002 m / 0.000 rad; current_map=(0.801, 3.158, -1.571) error=0.002 m / 0.000 rad; odom=(0.801, 3.157, -1.571) error=0.002 m / 0.000 rad; ekf=(0.801, 3.157, -1.571) error=0.002 m / 0.000 rad; RMS=0.002 m / 0.000 rad max=0.002 m / 0.000 rad samples=1890
[gpu_amcl_cpp_node-6] [INFO] [1789011800.053179605] [gpu_amcl_cpp]: AMCL odom delta: at_scan=(0.000, 0.000, 0.000) baseline=(0.000, 0.000, 0.000) delta=(0.000, 0.000, 0.000) moved=false scan_age=0.054s
[ground_truth_amcl_monitor-7] [INFO] [1789011800.898801837] [ground_truth_amcl_monitor]: AMCL vs GT: gt=(0.802, 3.157) amcl=(0.801, 3.158) error=0.002 m / 0.000 rad; current_map=(0.801, 3.158, -1.571) error=0.002 m / 0.000 rad; odom=(0.801, 3.157, -1.571) error=0.002 m / 0.000 rad; ekf=(0.801, 3.157, -1.571) error=0.002 m / 0.000 rad; RMS=0.002 m / 0.000 rad max=0.002 m / 0.000 rad samples=1926
[gpu_amcl_cpp_node-6] [INFO] [1789011801.100018511] [gpu_amcl_cpp]: AMCL odom delta: at_scan=(0.000, 0.000, 0.000) baseline=(0.000, 0.000, 0.000) delta=(0.000, 0.000, 0.000) moved=false scan_age=0.051s
[gpu_amcl_cpp_node-6] [INFO] [1789011801.732048702] [gpu_amcl_cpp]: Publishing provisional global AMCL pose for localization ramp; travel=0.000/0.750 m stable_scans=983/5.
[ground_truth_amcl_monitor-7] [INFO] [1789011801.900858512] [ground_truth_amcl_monitor]: AMCL vs GT: gt=(0.803, 3.157) amcl=(0.801, 3.158) error=0.002 m / 0.000 rad; current_map=(0.801, 3.158, -1.571) error=0.002 m / 0.000 rad; odom=(0.801, 3.157, -1.571) error=0.002 m / 0.000 rad; ekf=(0.801, 3.157, -1.571) error=0.002 m / 0.000 rad; RMS=0.002 m / 0.000 rad max=0.002 m / 0.000 rad samples=1964
[gpu_amcl_cpp_node-6] [INFO] [1789011802.124319014] [gpu_amcl_cpp]: AMCL odom delta: at_scan=(0.000, 0.000, 0.000) baseline=(0.000, 0.000, 0.000) delta=(0.000, 0.000, 0.000) moved=false scan_age=0.051s
[ground_truth_amcl_monitor-7] [INFO] [1789011802.907698574] [ground_truth_amcl_monitor]: AMCL vs GT: gt=(0.803, 3.157) amcl=(0.801, 3.158) error=0.002 m / 0.000 rad; current_map=(0.801, 3.158, -1.571) error=0.002 m / 0.000 rad; odom=(0.801, 3.157, -1.571) error=0.002 m / 0.000 rad; ekf=(0.801, 3.157, -1.571) error=0.002 m / 0.000 rad; RMS=0.002 m / 0.000 rad max=0.002 m / 0.000 rad samples=2002
[gpu_amcl_cpp_node-6] [INFO] [1789011803.125779378] [gpu_amcl_cpp]: AMCL odom delta: at_scan=(0.000, 0.000, 0.000) baseline=(0.000, 0.000, 0.000) delta=(0.000, 0.000, 0.000) moved=false scan_age=0.051s
[gpu_amcl_cpp_node-6] [INFO] [1789011803.752735545] [gpu_amcl_cpp]: Publishing provisional global AMCL pose for localization ramp; travel=0.000/0.750 m stable_scans=1020/5.
[gpu_amcl_cpp_node-6] [INFO] [1789011803.900283574] [gpu_amcl_cpp]: Received LiDAR callback #1033 (1081 ranges).
[gpu_amcl_cpp_node-6] [INFO] [1789011803.900362803] [gpu_amcl_cpp]: Starting AMCL scan update #1033 (sampled from 1081 ranges).
[gpu_amcl_cpp_node-6] [INFO] [1789011803.901482950] [gpu_amcl_cpp]: AMCL scan update #1033 completed; evaluating pose confidence.
[ground_truth_amcl_monitor-7] [INFO] [1789011803.952756920] [ground_truth_amcl_monitor]: AMCL vs GT: gt=(0.803, 3.157) amcl=(0.801, 3.158) error=0.002 m / 0.000 rad; current_map=(0.801, 3.158, -1.571) error=0.002 m / 0.000 rad; odom=(0.801, 3.157, -1.571) error=0.002 m / 0.000 rad; ekf=(0.801, 3.157, -1.571) error=0.002 m / 0.000 rad; RMS=0.002 m / 0.000 rad max=0.002 m / 0.000 rad samples=2040
[gpu_amcl_cpp_node-6] [INFO] [1789011804.175309925] [gpu_amcl_cpp]: AMCL odom delta: at_scan=(0.000, 0.000, 0.000) baseline=(0.000, 0.000, 0.000) delta=(0.000, 0.000, 0.000) moved=false scan_age=0.050s
[ground_truth_amcl_monitor-7] [INFO] [1789011804.979157953] [ground_truth_amcl_monitor]: AMCL vs GT: gt=(0.803, 3.157) amcl=(0.801, 3.158) error=0.003 m / 0.000 rad; current_map=(0.801, 3.158, -1.571) error=0.003 m / 0.000 rad; odom=(0.801, 3.157, -1.571) error=0.002 m / 0.000 rad; ekf=(0.801, 3.157, -1.571) error=0.002 m / 0.000 rad; RMS=0.002 m / 0.000 rad max=0.003 m / 0.000 rad samples=2078
[gpu_amcl_cpp_node-6] [INFO] [1789011805.223010860] [gpu_amcl_cpp]: AMCL odom delta: at_scan=(0.000, 0.000, 0.000) baseline=(0.000, 0.000, 0.000) delta=(0.000, 0.000, 0.000) moved=false scan_age=0.050s
[gpu_amcl_cpp_node-6] [INFO] [1789011805.804280566] [gpu_amcl_cpp]: Publishing provisional global AMCL pose for localization ramp; travel=0.000/0.750 m stable_scans=1058/5.
[ground_truth_amcl_monitor-7] [INFO] [1789011806.025871892] [ground_truth_amcl_monitor]: AMCL vs GT: gt=(0.803, 3.157) amcl=(0.801, 3.158) error=0.003 m / 0.000 rad; current_map=(0.801, 3.158, -1.571) error=0.003 m / 0.000 rad; odom=(0.801, 3.157, -1.571) error=0.002 m / 0.000 rad; ekf=(0.801, 3.157, -1.571) error=0.002 m / 0.000 rad; RMS=0.002 m / 0.000 rad max=0.003 m / 0.000 rad samples=2116
[gpu_amcl_cpp_node-6] [INFO] [1789011806.255224856] [gpu_amcl_cpp]: AMCL odom delta: at_scan=(0.000, 0.000, 0.000) baseline=(0.000, 0.000, 0.000) delta=(0.000, 0.000, 0.000) moved=false scan_age=0.056s
[ground_truth_amcl_monitor-7] [INFO] [1789011807.052767194] [ground_truth_amcl_monitor]: AMCL vs GT: gt=(0.803, 3.157) amcl=(0.801, 3.158) error=0.003 m / 0.000 rad; current_map=(0.801, 3.158, -1.571) error=0.003 m / 0.000 rad; odom=(0.801, 3.157, -1.571) error=0.002 m / 0.000 rad; ekf=(0.801, 3.157, -1.571) error=0.002 m / 0.000 rad; RMS=0.002 m / 0.000 rad max=0.003 m / 0.000 rad samples=2152
[gpu_amcl_cpp_node-6] [INFO] [1789011807.274345505] [gpu_amcl_cpp]: AMCL odom delta: at_scan=(0.000, 0.000, 0.000) baseline=(0.000, 0.000, 0.000) delta=(0.000, 0.000, 0.000) moved=false scan_age=0.051s
[gpu_amcl_cpp_node-6] [INFO] [1789011807.807414171] [gpu_amcl_cpp]: Publishing provisional global AMCL pose for localization ramp; travel=0.000/0.750 m stable_scans=1094/5.
[ground_truth_amcl_monitor-7] [INFO] [1789011808.098593372] [ground_truth_amcl_monitor]: AMCL vs GT: gt=(0.803, 3.157) amcl=(0.801, 3.158) error=0.003 m / 0.000 rad; current_map=(0.801, 3.158, -1.571) error=0.003 m / 0.000 rad; odom=(0.801, 3.157, -1.571) error=0.002 m / 0.000 rad; ekf=(0.801, 3.157, -1.571) error=0.002 m / 0.000 rad; RMS=0.002 m / 0.000 rad max=0.003 m / 0.000 rad samples=2190
[gpu_amcl_cpp_node-6] [INFO] [1789011808.303385381] [gpu_amcl_cpp]: AMCL odom delta: at_scan=(0.000, 0.000, 0.000) baseline=(0.000, 0.000, 0.000) delta=(0.000, 0.000, 0.000) moved=false scan_age=0.053s
[gpu_amcl_cpp_node-6] [INFO] [1789011808.950302751] [gpu_amcl_cpp]: Received LiDAR callback #1125 (1081 ranges).
[gpu_amcl_cpp_node-6] [INFO] [1789011808.950390015] [gpu_amcl_cpp]: Starting AMCL scan update #1125 (sampled from 1081 ranges).
[gpu_amcl_cpp_node-6] [INFO] [1789011808.951221850] [gpu_amcl_cpp]: AMCL scan update #1125 completed; evaluating pose confidence.
[ground_truth_amcl_monitor-7] [INFO] [1789011809.100739644] [ground_truth_amcl_monitor]: AMCL vs GT: gt=(0.803, 3.157) amcl=(0.801, 3.158) error=0.003 m / 0.000 rad; current_map=(0.801, 3.158, -1.571) error=0.003 m / 0.000 rad; odom=(0.801, 3.157, -1.571) error=0.002 m / 0.000 rad; ekf=(0.801, 3.157, -1.571) error=0.002 m / 0.000 rad; RMS=0.002 m / 0.000 rad max=0.003 m / 0.000 rad samples=2228
[gpu_amcl_cpp_node-6] [WARN] [1789011809.272979616] [gpu_amcl_cpp]: Queued LiDAR scan until source-time odometry arrives (queued=1).
[gpu_amcl_cpp_node-6] [INFO] [1789011809.323417323] [gpu_amcl_cpp]: AMCL odom delta: at_scan=(0.000, 0.000, 0.000) baseline=(0.000, 0.000, 0.000) delta=(0.000, 0.000, 0.000) moved=false scan_age=0.050s
[gpu_amcl_cpp_node-6] [INFO] [1789011809.826157674] [gpu_amcl_cpp]: Publishing provisional global AMCL pose for localization ramp; travel=0.000/0.750 m stable_scans=1131/5.
[ground_truth_amcl_monitor-7] [INFO] [1789011810.150382430] [ground_truth_amcl_monitor]: AMCL vs GT: gt=(0.803, 3.157) amcl=(0.801, 3.158) error=0.003 m / 0.000 rad; current_map=(0.801, 3.158, -1.571) error=0.003 m / 0.000 rad; odom=(0.801, 3.157, -1.571) error=0.002 m / 0.000 rad; ekf=(0.801, 3.157, -1.571) error=0.002 m / 0.000 rad; RMS=0.002 m / 0.000 rad max=0.003 m / 0.000 rad samples=2266
[gpu_amcl_cpp_node-6] [INFO] [1789011810.372549358] [gpu_amcl_cpp]: AMCL odom delta: at_scan=(0.000, 0.000, 0.000) baseline=(0.000, 0.000, 0.000) delta=(0.000, 0.000, 0.000) moved=false scan_age=0.049s
[ground_truth_amcl_monitor-7] [INFO] [1789011811.200619885] [ground_truth_amcl_monitor]: AMCL vs GT: gt=(0.803, 3.157) amcl=(0.801, 3.158) error=0.003 m / 0.000 rad; current_map=(0.801, 3.158, -1.571) error=0.003 m / 0.000 rad; odom=(0.801, 3.157, -1.571) error=0.002 m / 0.000 rad; ekf=(0.801, 3.157, -1.571) error=0.002 m / 0.000 rad; RMS=0.002 m / 0.000 rad max=0.003 m / 0.000 rad samples=2304
[gpu_amcl_cpp_node-6] [INFO] [1789011811.404539542] [gpu_amcl_cpp]: AMCL odom delta: at_scan=(0.000, 0.000, 0.000) baseline=(0.000, 0.000, 0.000) delta=(0.000, 0.000, 0.000) moved=false scan_age=0.052s
[gpu_amcl_cpp_node-6] [INFO] [1789011811.877964605] [gpu_amcl_cpp]: Publishing provisional global AMCL pose for localization ramp; travel=0.000/0.750 m stable_scans=1168/5.
[ground_truth_amcl_monitor-7] [INFO] [1789011812.202921016] [ground_truth_amcl_monitor]: AMCL vs GT: gt=(0.803, 3.157) amcl=(0.801, 3.158) error=0.003 m / 0.000 rad; current_map=(0.801, 3.158, -1.571) error=0.003 m / 0.000 rad; odom=(0.801, 3.157, -1.571) error=0.002 m / 0.000 rad; ekf=(0.801, 3.157, -1.571) error=0.002 m / 0.000 rad; RMS=0.002 m / 0.000 rad max=0.003 m / 0.000 rad samples=2341
[gpu_amcl_cpp_node-6] [INFO] [1789011812.423248965] [gpu_amcl_cpp]: AMCL odom delta: at_scan=(0.000, 0.000, 0.000) baseline=(0.000, 0.000, 0.000) delta=(0.000, 0.000, 0.000) moved=false scan_age=0.050s
[ground_truth_amcl_monitor-7] [INFO] [1789011813.226237706] [ground_truth_amcl_monitor]: AMCL vs GT: gt=(0.803, 3.157) amcl=(0.801, 3.158) error=0.003 m / 0.000 rad; current_map=(0.801, 3.158, -1.571) error=0.003 m / 0.000 rad; odom=(0.801, 3.157, -1.571) error=0.002 m / 0.000 rad; ekf=(0.801, 3.157, -1.571) error=0.002 m / 0.000 rad; RMS=0.002 m / 0.000 rad max=0.003 m / 0.000 rad samples=2378
[gpu_amcl_cpp_node-6] [INFO] [1789011813.475920437] [gpu_amcl_cpp]: AMCL odom delta: at_scan=(0.000, 0.000, 0.000) baseline=(0.000, 0.000, 0.000) delta=(0.000, 0.000, 0.000) moved=false scan_age=0.053s
[gpu_amcl_cpp_node-6] [INFO] [1789011813.903047809] [gpu_amcl_cpp]: Publishing provisional global AMCL pose for localization ramp; travel=0.000/0.750 m stable_scans=1204/5.
[gpu_amcl_cpp_node-6] [INFO] [1789011813.952281893] [gpu_amcl_cpp]: Received LiDAR callback #1217 (1081 ranges).
[gpu_amcl_cpp_node-6] [INFO] [1789011813.952389255] [gpu_amcl_cpp]: Starting AMCL scan update #1217 (sampled from 1081 ranges).
[gpu_amcl_cpp_node-6] [INFO] [1789011813.953014951] [gpu_amcl_cpp]: AMCL scan update #1217 completed; evaluating pose confidence.
[ground_truth_amcl_monitor-7] [INFO] [1789011814.251235216] [ground_truth_amcl_monitor]: AMCL vs GT: gt=(0.803, 3.157) amcl=(0.801, 3.158) error=0.003 m / 0.000 rad; current_map=(0.801, 3.158, -1.571) error=0.003 m / 0.000 rad; odom=(0.801, 3.157, -1.571) error=0.002 m / 0.000 rad; ekf=(0.801, 3.157, -1.571) error=0.002 m / 0.000 rad; RMS=0.002 m / 0.000 rad max=0.003 m / 0.000 rad samples=2412
[gpu_amcl_cpp_node-6] [INFO] [1789011814.530689163] [gpu_amcl_cpp]: AMCL odom delta: at_scan=(0.000, 0.000, 0.000) baseline=(0.000, 0.000, 0.000) delta=(0.000, 0.000, 0.000) moved=false scan_age=0.055s
[ground_truth_amcl_monitor-7] [INFO] [1789011815.280915894] [ground_truth_amcl_monitor]: AMCL vs GT: gt=(0.803, 3.157) amcl=(0.801, 3.158) error=0.003 m / 0.000 rad; current_map=(0.801, 3.158, -1.571) error=0.003 m / 0.000 rad; odom=(0.801, 3.157, -1.571) error=0.002 m / 0.000 rad; ekf=(0.801, 3.157, -1.571) error=0.002 m / 0.000 rad; RMS=0.002 m / 0.000 rad max=0.003 m / 0.000 rad samples=2446
[gpu_amcl_cpp_node-6] [INFO] [1789011815.578075273] [gpu_amcl_cpp]: AMCL odom delta: at_scan=(0.000, 0.000, 0.000) baseline=(0.000, 0.000, 0.000) delta=(0.000, 0.000, 0.000) moved=false scan_age=0.054s
[gpu_amcl_cpp_node-6] [INFO] [1789011815.934074973] [gpu_amcl_cpp]: Publishing provisional global AMCL pose for localization ramp; travel=0.000/0.750 m stable_scans=1238/5.
[ground_truth_amcl_monitor-7] [INFO] [1789011816.299362402] [ground_truth_amcl_monitor]: AMCL vs GT: gt=(0.803, 3.157) amcl=(0.801, 3.158) error=0.003 m / 0.000 rad; current_map=(0.801, 3.158, -1.571) error=0.003 m / 0.000 rad; odom=(0.801, 3.157, -1.571) error=0.002 m / 0.000 rad; ekf=(0.801, 3.157, -1.571) error=0.002 m / 0.000 rad; RMS=0.002 m / 0.000 rad max=0.003 m / 0.000 rad samples=2480
[gpu_amcl_cpp_node-6] [INFO] [1789011816.624537835] [gpu_amcl_cpp]: AMCL odom delta: at_scan=(0.000, 0.000, 0.000) baseline=(0.000, 0.000, 0.000) delta=(0.000, 0.000, 0.000) moved=false scan_age=0.051s
[ground_truth_amcl_monitor-7] [INFO] [1789011817.327031065] [ground_truth_amcl_monitor]: AMCL vs GT: gt=(0.803, 3.157) amcl=(0.801, 3.158) error=0.003 m / 0.000 rad; current_map=(0.801, 3.158, -1.571) error=0.003 m / 0.000 rad; odom=(0.801, 3.157, -1.571) error=0.003 m / 0.000 rad; ekf=(0.801, 3.157, -1.571) error=0.003 m / 0.000 rad; RMS=0.002 m / 0.000 rad max=0.003 m / 0.000 rad samples=2518
[gpu_amcl_cpp_node-6] [INFO] [1789011817.673718400] [gpu_amcl_cpp]: AMCL odom delta: at_scan=(0.000, 0.000, 0.000) baseline=(0.000, 0.000, 0.000) delta=(0.000, 0.000, 0.000) moved=false scan_age=0.051s
[gpu_amcl_cpp_node-6] [INFO] [1789011817.956083873] [gpu_amcl_cpp]: Publishing provisional global AMCL pose for localization ramp; travel=0.000/0.750 m stable_scans=1274/5.
[ground_truth_amcl_monitor-7] [INFO] [1789011818.350842353] [ground_truth_amcl_monitor]: AMCL vs GT: gt=(0.803, 3.157) amcl=(0.801, 3.158) error=0.003 m / 0.000 rad; current_map=(0.801, 3.158, -1.571) error=0.003 m / 0.000 rad; odom=(0.801, 3.157, -1.571) error=0.003 m / 0.000 rad; ekf=(0.801, 3.157, -1.571) error=0.003 m / 0.000 rad; RMS=0.002 m / 0.000 rad max=0.003 m / 0.000 rad samples=2554
[gpu_amcl_cpp_node-6] [WARN] [1789011818.655110733] [gpu_amcl_cpp]: Queued LiDAR scan until source-time odometry arrives (queued=1).
[gpu_amcl_cpp_node-6] [INFO] [1789011818.714794851] [gpu_amcl_cpp]: AMCL odom delta: at_scan=(0.000, 0.000, 0.000) baseline=(0.000, 0.000, 0.000) delta=(0.000, 0.000, 0.000) moved=false scan_age=0.059s
[gpu_amcl_cpp_node-6] [INFO] [1789011819.005630185] [gpu_amcl_cpp]: Received LiDAR callback #1305 (1081 ranges).
[gpu_amcl_cpp_node-6] [INFO] [1789011819.005720354] [gpu_amcl_cpp]: Starting AMCL scan update #1305 (sampled from 1081 ranges).
[gpu_amcl_cpp_node-6] [INFO] [1789011819.006435429] [gpu_amcl_cpp]: AMCL scan update #1305 completed; evaluating pose confidence.
[ground_truth_amcl_monitor-7] [INFO] [1789011819.357444212] [ground_truth_amcl_monitor]: AMCL vs GT: gt=(0.803, 3.157) amcl=(0.801, 3.158) error=0.003 m / 0.000 rad; current_map=(0.801, 3.158, -1.571) error=0.003 m / 0.000 rad; odom=(0.801, 3.157, -1.571) error=0.003 m / 0.000 rad; ekf=(0.801, 3.157, -1.571) error=0.003 m / 0.000 rad; RMS=0.002 m / 0.000 rad max=0.003 m / 0.000 rad samples=2588
[gpu_amcl_cpp_node-6] [INFO] [1789011819.775402998] [gpu_amcl_cpp]: AMCL odom delta: at_scan=(0.000, 0.000, 0.000) baseline=(0.000, 0.000, 0.000) delta=(0.000, 0.000, 0.000) moved=false scan_age=0.052s
[gpu_amcl_cpp_node-6] [INFO] [1789011820.002402054] [gpu_amcl_cpp]: Publishing provisional global AMCL pose for localization ramp; travel=0.000/0.750 m stable_scans=1309/5.
[ground_truth_amcl_monitor-7] [INFO] [1789011820.375964227] [ground_truth_amcl_monitor]: AMCL vs GT: gt=(0.803, 3.157) amcl=(0.801, 3.158) error=0.003 m / 0.000 rad; current_map=(0.801, 3.158, -1.571) error=0.003 m / 0.000 rad; odom=(0.801, 3.157, -1.571) error=0.003 m / 0.000 rad; ekf=(0.801, 3.157, -1.571) error=0.003 m / 0.000 rad; RMS=0.002 m / 0.000 rad max=0.003 m / 0.000 rad samples=2624
[gpu_amcl_cpp_node-6] [INFO] [1789011820.804081780] [gpu_amcl_cpp]: AMCL odom delta: at_scan=(0.000, 0.000, 0.000) baseline=(0.000, 0.000, 0.000) delta=(0.000, 0.000, 0.000) moved=false scan_age=0.052s
[ground_truth_amcl_monitor-7] [INFO] [1789011821.406025439] [ground_truth_amcl_monitor]: AMCL vs GT: gt=(0.803, 3.157) amcl=(0.801, 3.158) error=0.003 m / 0.000 rad; current_map=(0.801, 3.158, -1.571) error=0.003 m / 0.000 rad; odom=(0.801, 3.157, -1.571) error=0.003 m / 0.000 rad; ekf=(0.801, 3.157, -1.571) error=0.003 m / 0.000 rad; RMS=0.002 m / 0.000 rad max=0.003 m / 0.000 rad samples=2662
[gpu_amcl_cpp_node-6] [INFO] [1789011821.849967636] [gpu_amcl_cpp]: AMCL odom delta: at_scan=(0.000, 0.000, 0.000) baseline=(0.000, 0.000, 0.000) delta=(0.000, 0.000, 0.000) moved=false scan_age=0.051s
[gpu_amcl_cpp_node-6] [INFO] [1789011822.004478762] [gpu_amcl_cpp]: Publishing provisional global AMCL pose for localization ramp; travel=0.000/0.750 m stable_scans=1346/5.
[ground_truth_amcl_monitor-7] [INFO] [1789011822.448758504] [ground_truth_amcl_monitor]: AMCL vs GT: gt=(0.803, 3.157) amcl=(0.801, 3.158) error=0.003 m / 0.000 rad; current_map=(0.801, 3.158, -1.571) error=0.003 m / 0.000 rad; odom=(0.801, 3.157, -1.571) error=0.003 m / 0.000 rad; ekf=(0.801, 3.157, -1.571) error=0.003 m / 0.000 rad; RMS=0.002 m / 0.000 rad max=0.003 m / 0.000 rad samples=2700
[gpu_amcl_cpp_node-6] [INFO] [1789011822.854437234] [gpu_amcl_cpp]: AMCL odom delta: at_scan=(0.000, 0.000, 0.000) baseline=(0.000, 0.000, 0.000) delta=(0.000, 0.000, 0.000) moved=false scan_age=0.053s
[ground_truth_amcl_monitor-7] [INFO] [1789011823.478352737] [ground_truth_amcl_monitor]: AMCL vs GT: gt=(0.803, 3.157) amcl=(0.801, 3.158) error=0.003 m / 0.000 rad; current_map=(0.801, 3.158, -1.571) error=0.003 m / 0.000 rad; odom=(0.801, 3.157, -1.571) error=0.003 m / 0.000 rad; ekf=(0.801, 3.157, -1.571) error=0.003 m / 0.000 rad; RMS=0.002 m / 0.000 rad max=0.003 m / 0.000 rad samples=2738
[gpu_amcl_cpp_node-6] [INFO] [1789011823.872867969] [gpu_amcl_cpp]: AMCL odom delta: at_scan=(0.000, 0.000, 0.000) baseline=(0.000, 0.000, 0.000) delta=(0.000, 0.000, 0.000) moved=false scan_age=0.050s
[gpu_amcl_cpp_node-6] [INFO] [1789011824.025346461] [gpu_amcl_cpp]: Received LiDAR callback #1396 (1081 ranges).
[gpu_amcl_cpp_node-6] [INFO] [1789011824.025435779] [gpu_amcl_cpp]: Starting AMCL scan update #1396 (sampled from 1081 ranges).
[gpu_amcl_cpp_node-6] [INFO] [1789011824.026294515] [gpu_amcl_cpp]: AMCL scan update #1396 completed; evaluating pose confidence.
[gpu_amcl_cpp_node-6] [INFO] [1789011824.029543886] [gpu_amcl_cpp]: Publishing provisional global AMCL pose for localization ramp; travel=0.000/0.750 m stable_scans=1383/5.
[ground_truth_amcl_monitor-7] [INFO] [1789011824.480843141] [ground_truth_amcl_monitor]: AMCL vs GT: gt=(0.803, 3.157) amcl=(0.801, 3.158) error=0.003 m / 0.000 rad; current_map=(0.801, 3.158, -1.571) error=0.003 m / 0.000 rad; odom=(0.801, 3.157, -1.571) error=0.003 m / 0.000 rad; ekf=(0.801, 3.157, -1.571) error=0.003 m / 0.000 rad; RMS=0.002 m / 0.000 rad max=0.003 m / 0.000 rad samples=2774
[gpu_amcl_cpp_node-6] [INFO] [1789011824.924503729] [gpu_amcl_cpp]: AMCL odom delta: at_scan=(0.000, 0.000, 0.000) baseline=(0.000, 0.000, 0.000) delta=(0.000, 0.000, 0.000) moved=false scan_age=0.051s
[ground_truth_amcl_monitor-7] [INFO] [1789011825.523606603] [ground_truth_amcl_monitor]: AMCL vs GT: gt=(0.803, 3.157) amcl=(0.801, 3.158) error=0.003 m / 0.000 rad; current_map=(0.801, 3.158, -1.571) error=0.003 m / 0.000 rad; odom=(0.801, 3.157, -1.571) error=0.003 m / 0.000 rad; ekf=(0.801, 3.157, -1.571) error=0.003 m / 0.000 rad; RMS=0.002 m / 0.000 rad max=0.003 m / 0.000 rad samples=2812
[gpu_amcl_cpp_node-6] [INFO] [1789011825.955446618] [gpu_amcl_cpp]: AMCL odom delta: at_scan=(0.000, 0.000, 0.000) baseline=(0.000, 0.000, 0.000) delta=(0.000, 0.000, 0.000) moved=false scan_age=0.052s
[gpu_amcl_cpp_node-6] [INFO] [1789011826.077637102] [gpu_amcl_cpp]: Publishing provisional global AMCL pose for localization ramp; travel=0.000/0.750 m stable_scans=1420/5.
[ground_truth_amcl_monitor-7] [INFO] [1789011826.524630769] [ground_truth_amcl_monitor]: AMCL vs GT: gt=(0.803, 3.157) amcl=(0.801, 3.158) error=0.003 m / 0.000 rad; current_map=(0.801, 3.158, -1.571) error=0.003 m / 0.000 rad; odom=(0.801, 3.157, -1.571) error=0.003 m / 0.000 rad; ekf=(0.801, 3.157, -1.571) error=0.003 m / 0.000 rad; RMS=0.002 m / 0.000 rad max=0.003 m / 0.000 rad samples=2848
[gpu_amcl_cpp_node-6] [INFO] [1789011826.974527005] [gpu_amcl_cpp]: AMCL odom delta: at_scan=(0.000, 0.000, 0.000) baseline=(0.000, 0.000, 0.000) delta=(0.000, 0.000, 0.000) moved=false scan_age=0.052s
[ground_truth_amcl_monitor-7] [INFO] [1789011827.526332278] [ground_truth_amcl_monitor]: AMCL vs GT: gt=(0.803, 3.157) amcl=(0.801, 3.158) error=0.003 m / 0.000 rad; current_map=(0.801, 3.158, -1.571) error=0.003 m / 0.000 rad; odom=(0.801, 3.157, -1.571) error=0.003 m / 0.000 rad; ekf=(0.801, 3.157, -1.571) error=0.003 m / 0.000 rad; RMS=0.002 m / 0.000 rad max=0.003 m / 0.000 rad samples=2884
[gpu_amcl_cpp_node-6] [INFO] [1789011828.022706493] [gpu_amcl_cpp]: AMCL odom delta: at_scan=(0.000, 0.000, 0.000) baseline=(0.000, 0.000, 0.000) delta=(0.000, 0.000, 0.000) moved=false scan_age=0.050s
[gpu_amcl_cpp_node-6] [INFO] [1789011828.129353953] [gpu_amcl_cpp]: Publishing provisional global AMCL pose for localization ramp; travel=0.000/0.750 m stable_scans=1457/5.
[ground_truth_amcl_monitor-7] [INFO] [1789011828.550795228] [ground_truth_amcl_monitor]: AMCL vs GT: gt=(0.803, 3.157) amcl=(0.801, 3.158) error=0.003 m / 0.000 rad; current_map=(0.801, 3.158, -1.571) error=0.003 m / 0.000 rad; odom=(0.801, 3.157, -1.571) error=0.003 m / 0.000 rad; ekf=(0.801, 3.157, -1.571) error=0.003 m / 0.000 rad; RMS=0.002 m / 0.000 rad max=0.003 m / 0.000 rad samples=2922
[gpu_amcl_cpp_node-6] [INFO] [1789011829.049269503] [gpu_amcl_cpp]: Received LiDAR callback #1487 (1081 ranges).
[gpu_amcl_cpp_node-6] [INFO] [1789011829.049345536] [gpu_amcl_cpp]: AMCL odom delta: at_scan=(0.000, 0.000, 0.000) baseline=(0.000, 0.000, 0.000) delta=(0.000, 0.000, 0.000) moved=false scan_age=0.050s
[gpu_amcl_cpp_node-6] [INFO] [1789011829.049397624] [gpu_amcl_cpp]: Starting AMCL scan update #1487 (sampled from 1081 ranges).
[gpu_amcl_cpp_node-6] [INFO] [1789011829.050273150] [gpu_amcl_cpp]: AMCL scan update #1487 completed; evaluating pose confidence.
[gpu_amcl_cpp_node-6] [WARN] [1789011829.252144364] [gpu_amcl_cpp]: Queued LiDAR scan until source-time odometry arrives (queued=1).
[ground_truth_amcl_monitor-7] [INFO] [1789011829.600690262] [ground_truth_amcl_monitor]: AMCL vs GT: gt=(0.803, 3.157) amcl=(0.801, 3.158) error=0.003 m / 0.000 rad; current_map=(0.801, 3.158, -1.571) error=0.003 m / 0.000 rad; odom=(0.801, 3.157, -1.571) error=0.003 m / 0.000 rad; ekf=(0.801, 3.157, -1.571) error=0.003 m / 0.000 rad; RMS=0.002 m / 0.000 rad max=0.003 m / 0.000 rad samples=2960
[gpu_amcl_cpp_node-6] [INFO] [1789011830.074788949] [gpu_amcl_cpp]: AMCL odom delta: at_scan=(0.000, 0.000, 0.000) baseline=(0.000, 0.000, 0.000) delta=(0.000, 0.000, 0.000) moved=false scan_age=0.050s
[gpu_amcl_cpp_node-6] [INFO] [1789011830.181889602] [gpu_amcl_cpp]: Publishing provisional global AMCL pose for localization ramp; travel=0.000/0.750 m stable_scans=1495/5.
[ground_truth_amcl_monitor-7] [INFO] [1789011830.603845224] [ground_truth_amcl_monitor]: AMCL vs GT: gt=(0.804, 3.157) amcl=(0.801, 3.158) error=0.003 m / 0.000 rad; current_map=(0.801, 3.158, -1.571) error=0.003 m / 0.000 rad; odom=(0.801, 3.157, -1.571) error=0.003 m / 0.000 rad; ekf=(0.801, 3.157, -1.571) error=0.003 m / 0.000 rad; RMS=0.002 m / 0.000 rad max=0.003 m / 0.000 rad samples=2997
[gpu_amcl_cpp_node-6] [INFO] [1789011831.080442521] [gpu_amcl_cpp]: AMCL odom delta: at_scan=(0.000, 0.000, 0.000) baseline=(0.000, 0.000, 0.000) delta=(0.000, 0.000, 0.000) moved=false scan_age=0.054s
[ground_truth_amcl_monitor-7] [INFO] [1789011831.626136859] [ground_truth_amcl_monitor]: AMCL vs GT: gt=(0.804, 3.157) amcl=(0.801, 3.158) error=0.003 m / 0.000 rad; current_map=(0.801, 3.158, -1.571) error=0.003 m / 0.000 rad; odom=(0.801, 3.157, -1.571) error=0.003 m / 0.000 rad; ekf=(0.801, 3.157, -1.571) error=0.003 m / 0.000 rad; RMS=0.002 m / 0.000 rad max=0.003 m / 0.000 rad samples=3032
[gpu_amcl_cpp_node-6] [INFO] [1789011832.098856923] [gpu_amcl_cpp]: AMCL odom delta: at_scan=(0.000, 0.000, 0.000) baseline=(0.000, 0.000, 0.000) delta=(0.000, 0.000, 0.000) moved=false scan_age=0.050s
[gpu_amcl_cpp_node-6] [INFO] [1789011832.211436120] [gpu_amcl_cpp]: Publishing provisional global AMCL pose for localization ramp; travel=0.000/0.750 m stable_scans=1530/5.
[ground_truth_amcl_monitor-7] [INFO] [1789011832.649613072] [ground_truth_amcl_monitor]: AMCL vs GT: gt=(0.804, 3.157) amcl=(0.801, 3.158) error=0.003 m / 0.000 rad; current_map=(0.801, 3.158, -1.571) error=0.003 m / 0.000 rad; odom=(0.801, 3.157, -1.571) error=0.003 m / 0.000 rad; ekf=(0.801, 3.157, -1.571) error=0.003 m / 0.000 rad; RMS=0.002 m / 0.000 rad max=0.003 m / 0.000 rad samples=3068
[gpu_amcl_cpp_node-6] [INFO] [1789011833.147506243] [gpu_amcl_cpp]: AMCL odom delta: at_scan=(0.000, 0.000, 0.000) baseline=(0.000, 0.000, 0.000) delta=(0.000, 0.000, 0.000) moved=false scan_age=0.049s
[ground_truth_amcl_monitor-7] [INFO] [1789011833.698232576] [ground_truth_amcl_monitor]: AMCL vs GT: gt=(0.804, 3.157) amcl=(0.801, 3.158) error=0.003 m / 0.000 rad; current_map=(0.801, 3.158, -1.571) error=0.003 m / 0.000 rad; odom=(0.801, 3.157, -1.571) error=0.003 m / 0.000 rad; ekf=(0.801, 3.157, -1.571) error=0.003 m / 0.000 rad; RMS=0.002 m / 0.000 rad max=0.003 m / 0.000 rad samples=3106
[gpu_amcl_cpp_node-6] [INFO] [1789011834.075771777] [gpu_amcl_cpp]: Received LiDAR callback #1579 (1081 ranges).
[gpu_amcl_cpp_node-6] [INFO] [1789011834.075853291] [gpu_amcl_cpp]: Starting AMCL scan update #1579 (sampled from 1081 ranges).
[gpu_amcl_cpp_node-6] [INFO] [1789011834.076735119] [gpu_amcl_cpp]: AMCL scan update #1579 completed; evaluating pose confidence.
[gpu_amcl_cpp_node-6] [INFO] [1789011834.197654703] [gpu_amcl_cpp]: AMCL odom delta: at_scan=(0.000, 0.000, 0.000) baseline=(0.000, 0.000, 0.000) delta=(0.000, 0.000, 0.000) moved=false scan_age=0.050s
[gpu_amcl_cpp_node-6] [INFO] [1789011834.252760119] [gpu_amcl_cpp]: Publishing provisional global AMCL pose for localization ramp; travel=0.000/0.750 m stable_scans=1567/5.
[ground_truth_amcl_monitor-7] [INFO] [1789011834.749141135] [ground_truth_amcl_monitor]: AMCL vs GT: gt=(0.804, 3.157) amcl=(0.801, 3.158) error=0.003 m / 0.000 rad; current_map=(0.801, 3.158, -1.571) error=0.003 m / 0.000 rad; odom=(0.801, 3.157, -1.571) error=0.003 m / 0.000 rad; ekf=(0.801, 3.157, -1.571) error=0.003 m / 0.000 rad; RMS=0.002 m / 0.000 rad max=0.003 m / 0.000 rad samples=3144
[gpu_amcl_cpp_node-6] [INFO] [1789011835.248869988] [gpu_amcl_cpp]: AMCL odom delta: at_scan=(0.000, 0.000, 0.000) baseline=(0.000, 0.000, 0.000) delta=(0.000, 0.000, 0.000) moved=false scan_age=0.050s
[ground_truth_amcl_monitor-7] [INFO] [1789011835.754095670] [ground_truth_amcl_monitor]: AMCL vs GT: gt=(0.804, 3.157) amcl=(0.801, 3.158) error=0.003 m / 0.000 rad; current_map=(0.801, 3.158, -1.571) error=0.003 m / 0.000 rad; odom=(0.801, 3.157, -1.571) error=0.003 m / 0.000 rad; ekf=(0.801, 3.157, -1.571) error=0.003 m / 0.000 rad; RMS=0.002 m / 0.000 rad max=0.003 m / 0.000 rad samples=3180
[gpu_amcl_cpp_node-6] [INFO] [1789011836.274054353] [gpu_amcl_cpp]: AMCL odom delta: at_scan=(0.000, 0.000, 0.000) baseline=(0.000, 0.000, 0.000) delta=(0.000, 0.000, 0.000) moved=false scan_age=0.051s
[gpu_amcl_cpp_node-6] [INFO] [1789011836.277486017] [gpu_amcl_cpp]: Publishing provisional global AMCL pose for localization ramp; travel=0.000/0.750 m stable_scans=1603/5.
[ground_truth_amcl_monitor-7] [INFO] [1789011836.774672819] [ground_truth_amcl_monitor]: AMCL vs GT: gt=(0.804, 3.157) amcl=(0.801, 3.158) error=0.003 m / 0.000 rad; current_map=(0.801, 3.158, -1.571) error=0.003 m / 0.000 rad; odom=(0.801, 3.157, -1.571) error=0.003 m / 0.000 rad; ekf=(0.801, 3.157, -1.571) error=0.003 m / 0.000 rad; RMS=0.002 m / 0.000 rad max=0.003 m / 0.000 rad samples=3216
[gpu_amcl_cpp_node-6] [INFO] [1789011837.280415313] [gpu_amcl_cpp]: AMCL odom delta: at_scan=(0.000, 0.000, 0.000) baseline=(0.000, 0.000, 0.000) delta=(0.000, 0.000, 0.000) moved=false scan_age=0.053s
[ground_truth_amcl_monitor-7] [INFO] [1789011837.807586651] [ground_truth_amcl_monitor]: AMCL vs GT: gt=(0.804, 3.157) amcl=(0.801, 3.158) error=0.003 m / 0.000 rad; current_map=(0.801, 3.158, -1.571) error=0.003 m / 0.000 rad; odom=(0.801, 3.157, -1.571) error=0.003 m / 0.000 rad; ekf=(0.801, 3.157, -1.571) error=0.003 m / 0.000 rad; RMS=0.002 m / 0.000 rad max=0.003 m / 0.000 rad samples=3252
[gpu_amcl_cpp_node-6] [INFO] [1789011838.300487361] [gpu_amcl_cpp]: AMCL odom delta: at_scan=(0.000, 0.000, 0.000) baseline=(0.000, 0.000, 0.000) delta=(0.000, 0.000, 0.000) moved=false scan_age=0.052s
[gpu_amcl_cpp_node-6] [INFO] [1789011838.304774465] [gpu_amcl_cpp]: Publishing provisional global AMCL pose for localization ramp; travel=0.000/0.750 m stable_scans=1638/5.
[ground_truth_amcl_monitor-7] [INFO] [1789011838.824957629] [ground_truth_amcl_monitor]: AMCL vs GT: gt=(0.804, 3.157) amcl=(0.801, 3.158) error=0.004 m / 0.000 rad; current_map=(0.801, 3.158, -1.571) error=0.004 m / 0.000 rad; odom=(0.801, 3.157, -1.571) error=0.003 m / 0.000 rad; ekf=(0.801, 3.157, -1.571) error=0.003 m / 0.000 rad; RMS=0.002 m / 0.000 rad max=0.004 m / 0.000 rad samples=3288
[gpu_amcl_cpp_node-6] [INFO] [1789011839.100068506] [gpu_amcl_cpp]: Received LiDAR callback #1668 (1081 ranges).
[gpu_amcl_cpp_node-6] [INFO] [1789011839.100151562] [gpu_amcl_cpp]: Starting AMCL scan update #1668 (sampled from 1081 ranges).
[gpu_amcl_cpp_node-6] [INFO] [1789011839.100721955] [gpu_amcl_cpp]: AMCL scan update #1668 completed; evaluating pose confidence.
[gpu_amcl_cpp_node-6] [INFO] [1789011839.329396300] [gpu_amcl_cpp]: AMCL odom delta: at_scan=(0.000, 0.000, 0.000) baseline=(0.000, 0.000, 0.000) delta=(0.000, 0.000, 0.000) moved=false scan_age=0.052s
[gpu_amcl_cpp_node-6] [WARN] [1789011839.856487808] [gpu_amcl_cpp]: Discarding stale LiDAR scan (age 0.283 s > 0.250 s).
[ground_truth_amcl_monitor-7] [INFO] [1789011839.856675912] [ground_truth_amcl_monitor]: AMCL vs GT: gt=(0.804, 3.157) amcl=(0.801, 3.158) error=0.004 m / 0.000 rad; current_map=(0.801, 3.158, -1.571) error=0.004 m / 0.000 rad; odom=(0.801, 3.157, -1.571) error=0.003 m / 0.000 rad; ekf=(0.801, 3.157, -1.571) error=0.003 m / 0.000 rad; RMS=0.002 m / 0.000 rad max=0.004 m / 0.000 rad samples=3316
[gpu_amcl_cpp_node-6] [INFO] [1789011840.327465323] [gpu_amcl_cpp]: Publishing provisional global AMCL pose for localization ramp; travel=0.000/0.750 m stable_scans=1670/5.
[gpu_amcl_cpp_node-6] [INFO] [1789011840.373421120] [gpu_amcl_cpp]: AMCL odom delta: at_scan=(0.000, 0.000, 0.000) baseline=(0.000, 0.000, 0.000) delta=(0.000, 0.000, 0.000) moved=false scan_age=0.050s
[ground_truth_amcl_monitor-7] [INFO] [1789011840.873306928] [ground_truth_amcl_monitor]: AMCL vs GT: gt=(0.804, 3.157) amcl=(0.801, 3.158) error=0.004 m / 0.000 rad; current_map=(0.801, 3.158, -1.571) error=0.004 m / 0.000 rad; odom=(0.801, 3.157, -1.571) error=0.003 m / 0.000 rad; ekf=(0.801, 3.157, -1.571) error=0.003 m / 0.000 rad; RMS=0.002 m / 0.000 rad max=0.004 m / 0.000 rad samples=3352
[gpu_amcl_cpp_node-6] [INFO] [1789011841.377199311] [gpu_amcl_cpp]: AMCL odom delta: at_scan=(0.000, 0.000, 0.000) baseline=(0.000, 0.000, 0.000) delta=(0.000, 0.000, 0.000) moved=false scan_age=0.052s
[ground_truth_amcl_monitor-7] [INFO] [1789011841.875540683] [ground_truth_amcl_monitor]: AMCL vs GT: gt=(0.804, 3.157) amcl=(0.801, 3.158) error=0.004 m / 0.000 rad; current_map=(0.801, 3.158, -1.571) error=0.004 m / 0.000 rad; odom=(0.801, 3.157, -1.571) error=0.003 m / 0.000 rad; ekf=(0.801, 3.157, -1.571) error=0.003 m / 0.000 rad; RMS=0.002 m / 0.000 rad max=0.004 m / 0.000 rad samples=3388
[gpu_amcl_cpp_node-6] [INFO] [1789011842.333634716] [gpu_amcl_cpp]: Publishing provisional global AMCL pose for localization ramp; travel=0.000/0.750 m stable_scans=1706/5.
[gpu_amcl_cpp_node-6] [INFO] [1789011842.399658418] [gpu_amcl_cpp]: AMCL odom delta: at_scan=(0.000, 0.000, 0.000) baseline=(0.000, 0.000, 0.000) delta=(0.000, 0.000, 0.000) moved=false scan_age=0.051s
[ground_truth_amcl_monitor-7] [INFO] [1789011843.203289959] [ground_truth_amcl_monitor]: AMCL vs GT: gt=(0.804, 3.157) amcl=(0.801, 3.158) error=0.004 m / 0.000 rad; current_map=(0.801, 3.158, -1.571) error=0.004 m / 0.000 rad; odom=(0.801, 3.157, -1.571) error=0.003 m / 0.000 rad; ekf=(0.801, 3.157, -1.571) error=0.003 m / 0.000 rad; RMS=0.002 m / 0.000 rad max=0.004 m / 0.000 rad samples=3423
[gpu_amcl_cpp_node-6] [INFO] [1789011843.449919887] [gpu_amcl_cpp]: AMCL odom delta: at_scan=(0.000, 0.000, 0.000) baseline=(0.000, 0.000, 0.000) delta=(0.000, 0.000, 0.000) moved=false scan_age=0.052s
[gpu_amcl_cpp_node-6] [INFO] [1789011844.131676528] [gpu_amcl_cpp]: Received LiDAR callback #1754 (1081 ranges).
[gpu_amcl_cpp_node-6] [INFO] [1789011844.131749826] [gpu_amcl_cpp]: Starting AMCL scan update #1754 (sampled from 1081 ranges).
[gpu_amcl_cpp_node-6] [INFO] [1789011844.132305571] [gpu_amcl_cpp]: AMCL scan update #1754 completed; evaluating pose confidence.
[ground_truth_amcl_monitor-7] [INFO] [1789011844.203973589] [ground_truth_amcl_monitor]: AMCL vs GT: gt=(0.804, 3.157) amcl=(0.801, 3.158) error=0.004 m / 0.000 rad; current_map=(0.801, 3.158, -1.571) error=0.004 m / 0.000 rad; odom=(0.801, 3.157, -1.571) error=0.004 m / 0.000 rad; ekf=(0.801, 3.157, -1.571) error=0.004 m / 0.000 rad; RMS=0.002 m / 0.000 rad max=0.004 m / 0.000 rad samples=3471
[gpu_amcl_cpp_node-6] [INFO] [1789011844.355618031] [gpu_amcl_cpp]: Publishing provisional global AMCL pose for localization ramp; travel=0.000/0.750 m stable_scans=1742/5.
[gpu_amcl_cpp_node-6] [INFO] [1789011844.472013575] [gpu_amcl_cpp]: AMCL odom delta: at_scan=(0.000, 0.000, 0.000) baseline=(0.000, 0.000, 0.000) delta=(0.000, 0.000, 0.000) moved=false scan_age=0.049s
[ground_truth_amcl_monitor-7] [INFO] [1789011845.248692092] [ground_truth_amcl_monitor]: AMCL vs GT: gt=(0.804, 3.157) amcl=(0.801, 3.158) error=0.004 m / 0.000 rad; current_map=(0.801, 3.158, -1.571) error=0.004 m / 0.000 rad; odom=(0.801, 3.157, -1.571) error=0.004 m / 0.000 rad; ekf=(0.801, 3.157, -1.571) error=0.004 m / 0.000 rad; RMS=0.002 m / 0.000 rad max=0.004 m / 0.000 rad samples=3508
[gpu_amcl_cpp_node-6] [INFO] [1789011845.501753335] [gpu_amcl_cpp]: AMCL odom delta: at_scan=(0.000, 0.000, 0.000) baseline=(0.000, 0.000, 0.000) delta=(0.000, 0.000, 0.000) moved=false scan_age=0.051s
[ground_truth_amcl_monitor-7] [INFO] [1789011846.275758002] [ground_truth_amcl_monitor]: AMCL vs GT: gt=(0.804, 3.157) amcl=(0.801, 3.158) error=0.004 m / 0.000 rad; current_map=(0.801, 3.158, -1.571) error=0.004 m / 0.000 rad; odom=(0.801, 3.157, -1.571) error=0.004 m / 0.000 rad; ekf=(0.801, 3.157, -1.571) error=0.004 m / 0.000 rad; RMS=0.002 m / 0.000 rad max=0.004 m / 0.000 rad samples=3546
[gpu_amcl_cpp_node-6] [INFO] [1789011846.401703779] [gpu_amcl_cpp]: Publishing provisional global AMCL pose for localization ramp; travel=0.000/0.750 m stable_scans=1779/5.
[gpu_amcl_cpp_node-6] [INFO] [1789011846.554207838] [gpu_amcl_cpp]: AMCL odom delta: at_scan=(0.000, 0.000, 0.000) baseline=(0.000, 0.000, 0.000) delta=(0.000, 0.000, 0.000) moved=false scan_age=0.053s
[ground_truth_amcl_monitor-7] [INFO] [1789011847.284403416] [ground_truth_amcl_monitor]: AMCL vs GT: gt=(0.804, 3.157) amcl=(0.801, 3.158) error=0.004 m / 0.000 rad; current_map=(0.801, 3.158, -1.571) error=0.004 m / 0.000 rad; odom=(0.801, 3.157, -1.571) error=0.004 m / 0.000 rad; ekf=(0.801, 3.157, -1.571) error=0.004 m / 0.000 rad; RMS=0.002 m / 0.000 rad max=0.004 m / 0.000 rad samples=3582
[gpu_amcl_cpp_node-6] [INFO] [1789011847.556660975] [gpu_amcl_cpp]: AMCL odom delta: at_scan=(0.000, 0.000, 0.000) baseline=(0.000, 0.000, 0.000) delta=(0.000, 0.000, 0.000) moved=false scan_age=0.054s
[ground_truth_amcl_monitor-7] [INFO] [1789011848.325525894] [ground_truth_amcl_monitor]: AMCL vs GT: gt=(0.804, 3.157) amcl=(0.801, 3.158) error=0.004 m / 0.000 rad; current_map=(0.801, 3.158, -1.571) error=0.004 m / 0.000 rad; odom=(0.801, 3.157, -1.571) error=0.004 m / 0.000 rad; ekf=(0.801, 3.157, -1.571) error=0.004 m / 0.000 rad; RMS=0.003 m / 0.000 rad max=0.004 m / 0.000 rad samples=3620
[gpu_amcl_cpp_node-6] [INFO] [1789011848.428658662] [gpu_amcl_cpp]: Publishing provisional global AMCL pose for localization ramp; travel=0.000/0.750 m stable_scans=1816/5.
[gpu_amcl_cpp_node-6] [INFO] [1789011848.580180063] [gpu_amcl_cpp]: AMCL odom delta: at_scan=(0.000, 0.000, 0.000) baseline=(0.000, 0.000, 0.000) delta=(0.000, 0.000, 0.000) moved=false scan_age=0.053s
[gpu_amcl_cpp_node-6] [INFO] [1789011849.149562353] [gpu_amcl_cpp]: Received LiDAR callback #1845 (1081 ranges).
[gpu_amcl_cpp_node-6] [INFO] [1789011849.149646351] [gpu_amcl_cpp]: Starting AMCL scan update #1845 (sampled from 1081 ranges).
[gpu_amcl_cpp_node-6] [INFO] [1789011849.150493665] [gpu_amcl_cpp]: AMCL scan update #1845 completed; evaluating pose confidence.
[ground_truth_amcl_monitor-7] [INFO] [1789011849.389283916] [ground_truth_amcl_monitor]: AMCL vs GT: gt=(0.804, 3.157) amcl=(0.801, 3.158) error=0.004 m / 0.000 rad; current_map=(0.801, 3.158, -1.571) error=0.004 m / 0.000 rad; odom=(0.801, 3.157, -1.571) error=0.004 m / 0.000 rad; ekf=(0.801, 3.157, -1.571) error=0.004 m / 0.000 rad; RMS=0.003 m / 0.000 rad max=0.004 m / 0.000 rad samples=3658
[gpu_amcl_cpp_node-6] [INFO] [1789011849.601640650] [gpu_amcl_cpp]: AMCL odom delta: at_scan=(0.000, 0.000, 0.000) baseline=(0.000, 0.000, 0.000) delta=(0.000, 0.000, 0.000) moved=false scan_age=0.052s
[ground_truth_amcl_monitor-7] [INFO] [1789011850.402358470] [ground_truth_amcl_monitor]: AMCL vs GT: gt=(0.804, 3.157) amcl=(0.801, 3.158) error=0.004 m / 0.000 rad; current_map=(0.801, 3.158, -1.571) error=0.004 m / 0.000 rad; odom=(0.801, 3.157, -1.571) error=0.004 m / 0.000 rad; ekf=(0.801, 3.157, -1.571) error=0.004 m / 0.000 rad; RMS=0.003 m / 0.000 rad max=0.004 m / 0.000 rad samples=3694
[gpu_amcl_cpp_node-6] [INFO] [1789011850.451995360] [gpu_amcl_cpp]: Publishing provisional global AMCL pose for localization ramp; travel=0.000/0.750 m stable_scans=1852/5.
[gpu_amcl_cpp_node-6] [INFO] [1789011850.655422738] [gpu_amcl_cpp]: AMCL odom delta: at_scan=(0.000, 0.000, 0.000) baseline=(0.000, 0.000, 0.000) delta=(0.000, 0.000, 0.000) moved=false scan_age=0.055s
[ground_truth_amcl_monitor-7] [INFO] [1789011851.403026127] [ground_truth_amcl_monitor]: AMCL vs GT: gt=(0.804, 3.157) amcl=(0.801, 3.158) error=0.004 m / 0.000 rad; current_map=(0.801, 3.158, -1.571) error=0.004 m / 0.000 rad; odom=(0.801, 3.157, -1.571) error=0.004 m / 0.000 rad; ekf=(0.801, 3.157, -1.571) error=0.004 m / 0.000 rad; RMS=0.003 m / 0.000 rad max=0.004 m / 0.000 rad samples=3731
[gpu_amcl_cpp_node-6] [INFO] [1789011851.673383632] [gpu_amcl_cpp]: AMCL odom delta: at_scan=(0.000, 0.000, 0.000) baseline=(0.000, 0.000, 0.000) delta=(0.000, 0.000, 0.000) moved=false scan_age=0.050s
[ground_truth_amcl_monitor-7] [INFO] [1789011852.427326374] [ground_truth_amcl_monitor]: AMCL vs GT: gt=(0.804, 3.157) amcl=(0.801, 3.158) error=0.004 m / 0.000 rad; current_map=(0.801, 3.158, -1.571) error=0.004 m / 0.000 rad; odom=(0.801, 3.157, -1.571) error=0.004 m / 0.000 rad; ekf=(0.801, 3.157, -1.571) error=0.004 m / 0.000 rad; RMS=0.003 m / 0.000 rad max=0.004 m / 0.000 rad samples=3768
[gpu_amcl_cpp_node-6] [INFO] [1789011852.487773536] [gpu_amcl_cpp]: Publishing provisional global AMCL pose for localization ramp; travel=0.000/0.750 m stable_scans=1889/5.
[gpu_amcl_cpp_node-6] [INFO] [1789011852.724960873] [gpu_amcl_cpp]: AMCL odom delta: at_scan=(0.000, 0.000, 0.000) baseline=(0.000, 0.000, 0.000) delta=(0.000, 0.000, 0.000) moved=false scan_age=0.052s
[ground_truth_amcl_monitor-7] [INFO] [1789011853.429765953] [ground_truth_amcl_monitor]: AMCL vs GT: gt=(0.804, 3.157) amcl=(0.801, 3.158) error=0.004 m / 0.000 rad; current_map=(0.801, 3.158, -1.571) error=0.004 m / 0.000 rad; odom=(0.801, 3.157, -1.571) error=0.004 m / 0.000 rad; ekf=(0.801, 3.157, -1.571) error=0.004 m / 0.000 rad; RMS=0.003 m / 0.000 rad max=0.004 m / 0.000 rad samples=3804
[gpu_amcl_cpp_node-6] [INFO] [1789011853.772819649] [gpu_amcl_cpp]: AMCL odom delta: at_scan=(0.000, 0.000, 0.000) baseline=(0.000, 0.000, 0.000) delta=(0.000, 0.000, 0.000) moved=false scan_age=0.050s
[gpu_amcl_cpp_node-6] [INFO] [1789011854.156748987] [gpu_amcl_cpp]: Received LiDAR callback #1935 (1081 ranges).
[gpu_amcl_cpp_node-6] [INFO] [1789011854.156832875] [gpu_amcl_cpp]: Starting AMCL scan update #1935 (sampled from 1081 ranges).
[gpu_amcl_cpp_node-6] [INFO] [1789011854.157441740] [gpu_amcl_cpp]: AMCL scan update #1935 completed; evaluating pose confidence.
[ground_truth_amcl_monitor-7] [INFO] [1789011854.449661064] [ground_truth_amcl_monitor]: AMCL vs GT: gt=(0.804, 3.157) amcl=(0.801, 3.158) error=0.004 m / 0.000 rad; current_map=(0.801, 3.158, -1.571) error=0.004 m / 0.000 rad; odom=(0.801, 3.157, -1.571) error=0.004 m / 0.000 rad; ekf=(0.801, 3.157, -1.571) error=0.004 m / 0.000 rad; RMS=0.003 m / 0.000 rad max=0.004 m / 0.000 rad samples=3840
[gpu_amcl_cpp_node-6] [INFO] [1789011854.501790772] [gpu_amcl_cpp]: Publishing provisional global AMCL pose for localization ramp; travel=0.000/0.750 m stable_scans=1925/5.
[gpu_amcl_cpp_node-6] [INFO] [1789011854.823218142] [gpu_amcl_cpp]: AMCL odom delta: at_scan=(0.000, 0.000, 0.000) baseline=(0.000, 0.000, 0.000) delta=(0.000, 0.000, 0.000) moved=false scan_age=0.050s
[ground_truth_amcl_monitor-7] [INFO] [1789011855.501771597] [ground_truth_amcl_monitor]: AMCL vs GT: gt=(0.805, 3.157) amcl=(0.801, 3.158) error=0.004 m / 0.000 rad; current_map=(0.801, 3.158, -1.571) error=0.004 m / 0.000 rad; odom=(0.801, 3.157, -1.571) error=0.004 m / 0.000 rad; ekf=(0.801, 3.157, -1.571) error=0.004 m / 0.000 rad; RMS=0.003 m / 0.000 rad max=0.004 m / 0.000 rad samples=3878
[gpu_amcl_cpp_node-6] [INFO] [1789011855.824304776] [gpu_amcl_cpp]: AMCL odom delta: at_scan=(0.000, 0.000, 0.000) baseline=(0.000, 0.000, 0.000) delta=(0.000, 0.000, 0.000) moved=false scan_age=0.051s
[ground_truth_amcl_monitor-7] [INFO] [1789011856.506020098] [ground_truth_amcl_monitor]: AMCL vs GT: gt=(0.805, 3.157) amcl=(0.801, 3.158) error=0.004 m / 0.000 rad; current_map=(0.801, 3.158, -1.571) error=0.004 m / 0.000 rad; odom=(0.801, 3.157, -1.571) error=0.004 m / 0.000 rad; ekf=(0.801, 3.157, -1.571) error=0.004 m / 0.000 rad; RMS=0.003 m / 0.000 rad max=0.004 m / 0.000 rad samples=3914
[gpu_amcl_cpp_node-6] [INFO] [1789011856.509486107] [gpu_amcl_cpp]: Publishing provisional global AMCL pose for localization ramp; travel=0.000/0.750 m stable_scans=1961/5.
[gpu_amcl_cpp_node-6] [INFO] [1789011856.850063736] [gpu_amcl_cpp]: AMCL odom delta: at_scan=(0.000, 0.000, 0.000) baseline=(0.000, 0.000, 0.000) delta=(0.000, 0.000, 0.000) moved=false scan_age=0.052s
[ground_truth_amcl_monitor-7] [INFO] [1789011857.551798119] [ground_truth_amcl_monitor]: AMCL vs GT: gt=(0.805, 3.157) amcl=(0.801, 3.158) error=0.004 m / 0.000 rad; current_map=(0.801, 3.158, -1.571) error=0.004 m / 0.000 rad; odom=(0.801, 3.157, -1.571) error=0.004 m / 0.000 rad; ekf=(0.801, 3.157, -1.571) error=0.004 m / 0.000 rad; RMS=0.003 m / 0.000 rad max=0.004 m / 0.000 rad samples=3952
[gpu_amcl_cpp_node-6] [INFO] [1789011857.873401280] [gpu_amcl_cpp]: AMCL odom delta: at_scan=(0.000, 0.000, 0.000) baseline=(0.000, 0.000, 0.000) delta=(0.000, 0.000, 0.000) moved=false scan_age=0.050s
[gpu_amcl_cpp_node-6] [INFO] [1789011858.535908342] [gpu_amcl_cpp]: Publishing provisional global AMCL pose for localization ramp; travel=0.000/0.750 m stable_scans=1998/5.
[ground_truth_amcl_monitor-7] [INFO] [1789011858.598812126] [ground_truth_amcl_monitor]: AMCL vs GT: gt=(0.805, 3.157) amcl=(0.801, 3.158) error=0.004 m / 0.000 rad; current_map=(0.801, 3.158, -1.571) error=0.004 m / 0.000 rad; odom=(0.801, 3.157, -1.571) error=0.004 m / 0.000 rad; ekf=(0.801, 3.157, -1.571) error=0.004 m / 0.000 rad; RMS=0.003 m / 0.000 rad max=0.004 m / 0.000 rad samples=3990
[gpu_amcl_cpp_node-6] [INFO] [1789011858.873903363] [gpu_amcl_cpp]: AMCL odom delta: at_scan=(0.000, 0.000, 0.000) baseline=(0.000, 0.000, 0.000) delta=(0.000, 0.000, 0.000) moved=false scan_age=0.050s
[gpu_amcl_cpp_node-6] [INFO] [1789011859.180120946] [gpu_amcl_cpp]: Received LiDAR callback #2026 (1081 ranges).
[gpu_amcl_cpp_node-6] [INFO] [1789011859.180197309] [gpu_amcl_cpp]: Starting AMCL scan update #2026 (sampled from 1081 ranges).
[gpu_amcl_cpp_node-6] [INFO] [1789011859.180848314] [gpu_amcl_cpp]: AMCL scan update #2026 completed; evaluating pose confidence.
[ground_truth_amcl_monitor-7] [INFO] [1789011859.626931273] [ground_truth_amcl_monitor]: AMCL vs GT: gt=(0.805, 3.157) amcl=(0.801, 3.158) error=0.004 m / 0.000 rad; current_map=(0.801, 3.158, -1.571) error=0.004 m / 0.000 rad; odom=(0.801, 3.157, -1.571) error=0.004 m / 0.000 rad; ekf=(0.801, 3.157, -1.571) error=0.004 m / 0.000 rad; RMS=0.003 m / 0.000 rad max=0.004 m / 0.000 rad samples=4028
[gpu_amcl_cpp_node-6] [INFO] [1789011859.901417673] [gpu_amcl_cpp]: AMCL odom delta: at_scan=(0.000, 0.000, 0.000) baseline=(0.000, 0.000, 0.000) delta=(0.000, 0.000, 0.000) moved=false scan_age=0.051s
[gpu_amcl_cpp_node-6] [INFO] [1789011860.584184942] [gpu_amcl_cpp]: Publishing provisional global AMCL pose for localization ramp; travel=0.000/0.750 m stable_scans=2035/5.
[ground_truth_amcl_monitor-7] [INFO] [1789011860.652190721] [ground_truth_amcl_monitor]: AMCL vs GT: gt=(0.805, 3.157) amcl=(0.801, 3.158) error=0.004 m / 0.000 rad; current_map=(0.801, 3.158, -1.571) error=0.004 m / 0.000 rad; odom=(0.801, 3.157, -1.571) error=0.004 m / 0.000 rad; ekf=(0.801, 3.157, -1.571) error=0.004 m / 0.000 rad; RMS=0.003 m / 0.000 rad max=0.004 m / 0.000 rad samples=4064
[gpu_amcl_cpp_node-6] [INFO] [1789011860.923685454] [gpu_amcl_cpp]: AMCL odom delta: at_scan=(0.000, 0.000, 0.000) baseline=(0.000, 0.000, 0.000) delta=(0.000, 0.000, 0.000) moved=false scan_age=0.050s
[ground_truth_amcl_monitor-7] [INFO] [1789011861.699822559] [ground_truth_amcl_monitor]: AMCL vs GT: gt=(0.805, 3.157) amcl=(0.801, 3.158) error=0.004 m / 0.000 rad; current_map=(0.801, 3.158, -1.571) error=0.004 m / 0.000 rad; odom=(0.801, 3.157, -1.571) error=0.004 m / 0.000 rad; ekf=(0.801, 3.157, -1.571) error=0.004 m / 0.000 rad; RMS=0.003 m / 0.000 rad max=0.004 m / 0.000 rad samples=4102
[gpu_amcl_cpp_node-6] [INFO] [1789011861.974296165] [gpu_amcl_cpp]: AMCL odom delta: at_scan=(0.000, 0.000, 0.000) baseline=(0.000, 0.000, 0.000) delta=(0.000, 0.000, 0.000) moved=false scan_age=0.051s
[gpu_amcl_cpp_node-6] [INFO] [1789011862.608638332] [gpu_amcl_cpp]: Publishing provisional global AMCL pose for localization ramp; travel=0.000/0.750 m stable_scans=2071/5.
[ground_truth_amcl_monitor-7] [INFO] [1789011862.727330776] [ground_truth_amcl_monitor]: AMCL vs GT: gt=(0.805, 3.157) amcl=(0.801, 3.158) error=0.005 m / 0.000 rad; current_map=(0.801, 3.158, -1.571) error=0.005 m / 0.000 rad; odom=(0.801, 3.157, -1.571) error=0.004 m / 0.000 rad; ekf=(0.801, 3.157, -1.571) error=0.004 m / 0.000 rad; RMS=0.003 m / 0.000 rad max=0.005 m / 0.000 rad samples=4138
[gpu_amcl_cpp_node-6] [INFO] [1789011863.007740857] [gpu_amcl_cpp]: AMCL odom delta: at_scan=(0.000, 0.000, 0.000) baseline=(0.000, 0.000, 0.000) delta=(0.000, 0.000, 0.000) moved=false scan_age=0.055s
[ground_truth_amcl_monitor-7] [INFO] [1789011863.730950412] [ground_truth_amcl_monitor]: AMCL vs GT: gt=(0.805, 3.157) amcl=(0.801, 3.158) error=0.005 m / 0.000 rad; current_map=(0.801, 3.158, -1.571) error=0.005 m / 0.000 rad; odom=(0.801, 3.157, -1.571) error=0.004 m / 0.000 rad; ekf=(0.801, 3.157, -1.571) error=0.004 m / 0.000 rad; RMS=0.003 m / 0.000 rad max=0.005 m / 0.000 rad samples=4174
[gpu_amcl_cpp_node-6] [INFO] [1789011864.053054544] [gpu_amcl_cpp]: AMCL odom delta: at_scan=(0.000, 0.000, 0.000) baseline=(0.000, 0.000, 0.000) delta=(0.000, 0.000, 0.000) moved=false scan_age=0.052s
[gpu_amcl_cpp_node-6] [INFO] [1789011864.224951838] [gpu_amcl_cpp]: Received LiDAR callback #2116 (1081 ranges).
[gpu_amcl_cpp_node-6] [INFO] [1789011864.225033622] [gpu_amcl_cpp]: Starting AMCL scan update #2116 (sampled from 1081 ranges).
[gpu_amcl_cpp_node-6] [INFO] [1789011864.226166533] [gpu_amcl_cpp]: AMCL scan update #2116 completed; evaluating pose confidence.
[gpu_amcl_cpp_node-6] [INFO] [1789011864.630629200] [gpu_amcl_cpp]: Publishing provisional global AMCL pose for localization ramp; travel=0.000/0.750 m stable_scans=2107/5.
[ground_truth_amcl_monitor-7] [INFO] [1789011864.732138775] [ground_truth_amcl_monitor]: AMCL vs GT: gt=(0.805, 3.157) amcl=(0.801, 3.158) error=0.005 m / 0.000 rad; current_map=(0.801, 3.158, -1.571) error=0.005 m / 0.000 rad; odom=(0.801, 3.157, -1.571) error=0.004 m / 0.000 rad; ekf=(0.801, 3.157, -1.571) error=0.004 m / 0.000 rad; RMS=0.003 m / 0.000 rad max=0.005 m / 0.000 rad samples=4210
[gpu_amcl_cpp_node-6] [INFO] [1789011865.097621135] [gpu_amcl_cpp]: AMCL odom delta: at_scan=(0.000, 0.000, 0.000) baseline=(0.000, 0.000, 0.000) delta=(0.000, 0.000, 0.000) moved=false scan_age=0.049s
[ground_truth_amcl_monitor-7] [INFO] [1789011865.777099156] [ground_truth_amcl_monitor]: AMCL vs GT: gt=(0.805, 3.157) amcl=(0.801, 3.158) error=0.005 m / 0.000 rad; current_map=(0.801, 3.158, -1.571) error=0.005 m / 0.000 rad; odom=(0.801, 3.157, -1.571) error=0.004 m / 0.000 rad; ekf=(0.801, 3.157, -1.571) error=0.004 m / 0.000 rad; RMS=0.003 m / 0.000 rad max=0.005 m / 0.000 rad samples=4246
[gpu_amcl_cpp_node-6] [INFO] [1789011866.127057878] [gpu_amcl_cpp]: AMCL odom delta: at_scan=(0.000, 0.000, 0.000) baseline=(0.000, 0.000, 0.000) delta=(0.000, 0.000, 0.000) moved=false scan_age=0.053s
[gpu_amcl_cpp_node-6] [INFO] [1789011866.684762130] [gpu_amcl_cpp]: Publishing provisional global AMCL pose for localization ramp; travel=0.000/0.750 m stable_scans=2143/5.
[ground_truth_amcl_monitor-7] [INFO] [1789011866.801935286] [ground_truth_amcl_monitor]: AMCL vs GT: gt=(0.805, 3.157) amcl=(0.801, 3.158) error=0.005 m / 0.000 rad; current_map=(0.801, 3.158, -1.571) error=0.005 m / 0.000 rad; odom=(0.801, 3.157, -1.571) error=0.005 m / 0.000 rad; ekf=(0.801, 3.157, -1.571) error=0.005 m / 0.000 rad; RMS=0.003 m / 0.000 rad max=0.005 m / 0.000 rad samples=4282
[gpu_amcl_cpp_node-6] [INFO] [1789011867.129716756] [gpu_amcl_cpp]: AMCL odom delta: at_scan=(0.000, 0.000, 0.000) baseline=(0.000, 0.000, 0.000) delta=(0.000, 0.000, 0.000) moved=false scan_age=0.054s
[ground_truth_amcl_monitor-7] [INFO] [1789011867.824398193] [ground_truth_amcl_monitor]: AMCL vs GT: gt=(0.805, 3.157) amcl=(0.801, 3.158) error=0.005 m / 0.000 rad; current_map=(0.801, 3.158, -1.571) error=0.005 m / 0.000 rad; odom=(0.801, 3.157, -1.571) error=0.005 m / 0.000 rad; ekf=(0.801, 3.157, -1.571) error=0.005 m / 0.000 rad; RMS=0.003 m / 0.000 rad max=0.005 m / 0.000 rad samples=4318
[gpu_amcl_cpp_node-6] [INFO] [1789011868.147401135] [gpu_amcl_cpp]: AMCL odom delta: at_scan=(0.000, 0.000, 0.000) baseline=(0.000, 0.000, 0.000) delta=(0.000, 0.000, 0.000) moved=false scan_age=0.049s
[gpu_amcl_cpp_node-6] [INFO] [1789011868.703639580] [gpu_amcl_cpp]: Publishing provisional global AMCL pose for localization ramp; travel=0.000/0.750 m stable_scans=2179/5.
[ground_truth_amcl_monitor-7] [INFO] [1789011868.856905671] [ground_truth_amcl_monitor]: AMCL vs GT: gt=(0.805, 3.157) amcl=(0.801, 3.158) error=0.005 m / 0.000 rad; current_map=(0.801, 3.158, -1.571) error=0.005 m / 0.000 rad; odom=(0.801, 3.157, -1.571) error=0.005 m / 0.000 rad; ekf=(0.801, 3.157, -1.571) error=0.005 m / 0.000 rad; RMS=0.003 m / 0.000 rad max=0.005 m / 0.000 rad samples=4356
[gpu_amcl_cpp_node-6] [INFO] [1789011869.202605924] [gpu_amcl_cpp]: AMCL odom delta: at_scan=(0.000, 0.000, 0.000) baseline=(0.000, 0.000, 0.000) delta=(0.000, 0.000, 0.000) moved=false scan_age=0.054s
[gpu_amcl_cpp_node-6] [INFO] [1789011869.254616648] [gpu_amcl_cpp]: Received LiDAR callback #2205 (1081 ranges).
[gpu_amcl_cpp_node-6] [INFO] [1789011869.254688483] [gpu_amcl_cpp]: Starting AMCL scan update #2205 (sampled from 1081 ranges).
[gpu_amcl_cpp_node-6] [INFO] [1789011869.255320242] [gpu_amcl_cpp]: AMCL scan update #2205 completed; evaluating pose confidence.
[ground_truth_amcl_monitor-7] [INFO] [1789011869.856929923] [ground_truth_amcl_monitor]: AMCL vs GT: gt=(0.805, 3.157) amcl=(0.801, 3.158) error=0.005 m / 0.000 rad; current_map=(0.801, 3.158, -1.571) error=0.005 m / 0.000 rad; odom=(0.801, 3.157, -1.571) error=0.005 m / 0.000 rad; ekf=(0.801, 3.157, -1.571) error=0.005 m / 0.000 rad; RMS=0.003 m / 0.000 rad max=0.005 m / 0.000 rad samples=4393
[gpu_amcl_cpp_node-6] [INFO] [1789011870.249852373] [gpu_amcl_cpp]: AMCL odom delta: at_scan=(0.000, 0.000, 0.000) baseline=(0.000, 0.000, 0.000) delta=(0.000, 0.000, 0.000) moved=false scan_age=0.052s
[gpu_amcl_cpp_node-6] [INFO] [1789011870.753943737] [gpu_amcl_cpp]: Publishing provisional global AMCL pose for localization ramp; travel=0.000/0.750 m stable_scans=2216/5.
[ground_truth_amcl_monitor-7] [INFO] [1789011870.859390296] [ground_truth_amcl_monitor]: AMCL vs GT: gt=(0.805, 3.157) amcl=(0.801, 3.158) error=0.005 m / 0.000 rad; current_map=(0.801, 3.158, -1.571) error=0.005 m / 0.000 rad; odom=(0.801, 3.157, -1.571) error=0.005 m / 0.000 rad; ekf=(0.801, 3.157, -1.571) error=0.005 m / 0.000 rad; RMS=0.003 m / 0.000 rad max=0.005 m / 0.000 rad samples=4429
[gpu_amcl_cpp_node-6] [INFO] [1789011871.256073250] [gpu_amcl_cpp]: AMCL odom delta: at_scan=(0.000, 0.000, 0.000) baseline=(0.000, 0.000, 0.000) delta=(0.000, 0.000, 0.000) moved=false scan_age=0.054s
[ground_truth_amcl_monitor-7] [INFO] [1789011871.898856262] [ground_truth_amcl_monitor]: AMCL vs GT: gt=(0.805, 3.157) amcl=(0.801, 3.158) error=0.005 m / 0.000 rad; current_map=(0.801, 3.158, -1.571) error=0.005 m / 0.000 rad; odom=(0.801, 3.157, -1.571) error=0.005 m / 0.000 rad; ekf=(0.801, 3.157, -1.571) error=0.005 m / 0.000 rad; RMS=0.003 m / 0.000 rad max=0.005 m / 0.000 rad samples=4464
[gpu_amcl_cpp_node-6] [INFO] [1789011872.278068034] [gpu_amcl_cpp]: AMCL odom delta: at_scan=(0.000, 0.000, 0.000) baseline=(0.000, 0.000, 0.000) delta=(0.000, 0.000, 0.000) moved=false scan_age=0.052s
[gpu_amcl_cpp_node-6] [INFO] [1789011872.780441957] [gpu_amcl_cpp]: Publishing provisional global AMCL pose for localization ramp; travel=0.000/0.750 m stable_scans=2252/5.
[ground_truth_amcl_monitor-7] [INFO] [1789011872.901745261] [ground_truth_amcl_monitor]: AMCL vs GT: gt=(0.805, 3.157) amcl=(0.801, 3.158) error=0.005 m / 0.000 rad; current_map=(0.801, 3.158, -1.571) error=0.005 m / 0.000 rad; odom=(0.801, 3.157, -1.571) error=0.005 m / 0.000 rad; ekf=(0.801, 3.157, -1.571) error=0.005 m / 0.000 rad; RMS=0.003 m / 0.000 rad max=0.005 m / 0.000 rad samples=4500
[gpu_amcl_cpp_node-6] [INFO] [1789011873.300872902] [gpu_amcl_cpp]: AMCL odom delta: at_scan=(0.000, 0.000, 0.000) baseline=(0.000, 0.000, 0.000) delta=(0.000, 0.000, 0.000) moved=false scan_age=0.052s
[ground_truth_amcl_monitor-7] [INFO] [1789011873.907506342] [ground_truth_amcl_monitor]: AMCL vs GT: gt=(0.805, 3.157) amcl=(0.801, 3.158) error=0.005 m / 0.000 rad; current_map=(0.801, 3.158, -1.571) error=0.005 m / 0.000 rad; odom=(0.801, 3.157, -1.571) error=0.005 m / 0.000 rad; ekf=(0.801, 3.157, -1.571) error=0.005 m / 0.000 rad; RMS=0.003 m / 0.000 rad max=0.005 m / 0.000 rad samples=4536
[gpu_amcl_cpp_node-6] [INFO] [1789011874.256240189] [gpu_amcl_cpp]: Received LiDAR callback #2294 (1081 ranges).
[gpu_amcl_cpp_node-6] [INFO] [1789011874.256336360] [gpu_amcl_cpp]: Starting AMCL scan update #2294 (sampled from 1081 ranges).
[gpu_amcl_cpp_node-6] [INFO] [1789011874.257035305] [gpu_amcl_cpp]: AMCL scan update #2294 completed; evaluating pose confidence.
[gpu_amcl_cpp_node-6] [INFO] [1789011874.330014087] [gpu_amcl_cpp]: AMCL odom delta: at_scan=(0.000, 0.000, 0.000) baseline=(0.000, 0.000, 0.000) delta=(0.000, 0.000, 0.000) moved=false scan_age=0.056s
[gpu_amcl_cpp_node-6] [INFO] [1789011874.780845255] [gpu_amcl_cpp]: Publishing provisional global AMCL pose for localization ramp; travel=0.000/0.750 m stable_scans=2286/5.
[ground_truth_amcl_monitor-7] [INFO] [1789011874.953362175] [ground_truth_amcl_monitor]: AMCL vs GT: gt=(0.805, 3.157) amcl=(0.801, 3.158) error=0.005 m / 0.000 rad; current_map=(0.801, 3.158, -1.571) error=0.005 m / 0.000 rad; odom=(0.801, 3.157, -1.571) error=0.005 m / 0.000 rad; ekf=(0.801, 3.157, -1.571) error=0.005 m / 0.000 rad; RMS=0.003 m / 0.000 rad max=0.005 m / 0.000 rad samples=4570
[gpu_amcl_cpp_node-6] [INFO] [1789011875.374628575] [gpu_amcl_cpp]: AMCL odom delta: at_scan=(0.000, 0.000, 0.000) baseline=(0.000, 0.000, 0.000) delta=(0.000, 0.000, 0.000) moved=false scan_age=0.051s
[ground_truth_amcl_monitor-7] [INFO] [1789011875.973444651] [ground_truth_amcl_monitor]: AMCL vs GT: gt=(0.805, 3.157) amcl=(0.801, 3.158) error=0.005 m / 0.000 rad; current_map=(0.801, 3.158, -1.571) error=0.005 m / 0.000 rad; odom=(0.801, 3.157, -1.571) error=0.005 m / 0.000 rad; ekf=(0.801, 3.157, -1.571) error=0.005 m / 0.000 rad; RMS=0.003 m / 0.000 rad max=0.005 m / 0.000 rad samples=4604
[gpu_amcl_cpp_node-6] [INFO] [1789011876.401223521] [gpu_amcl_cpp]: AMCL odom delta: at_scan=(0.000, 0.000, 0.000) baseline=(0.000, 0.000, 0.000) delta=(0.000, 0.000, 0.000) moved=false scan_age=0.052s
[gpu_amcl_cpp_node-6] [INFO] [1789011876.805774282] [gpu_amcl_cpp]: Publishing provisional global AMCL pose for localization ramp; travel=0.000/0.750 m stable_scans=2321/5.
[ground_truth_amcl_monitor-7] [INFO] [1789011876.975443154] [ground_truth_amcl_monitor]: AMCL vs GT: gt=(0.805, 3.157) amcl=(0.801, 3.158) error=0.005 m / 0.000 rad; current_map=(0.801, 3.158, -1.571) error=0.005 m / 0.000 rad; odom=(0.801, 3.157, -1.571) error=0.005 m / 0.000 rad; ekf=(0.801, 3.157, -1.571) error=0.005 m / 0.000 rad; RMS=0.003 m / 0.000 rad max=0.005 m / 0.000 rad samples=4640
[gpu_amcl_cpp_node-6] [INFO] [1789011877.423360692] [gpu_amcl_cpp]: AMCL odom delta: at_scan=(0.000, 0.000, 0.000) baseline=(0.000, 0.000, 0.000) delta=(0.000, 0.000, 0.000) moved=false scan_age=0.050s
[ground_truth_amcl_monitor-7] [INFO] [1789011877.977558327] [ground_truth_amcl_monitor]: AMCL vs GT: gt=(0.805, 3.157) amcl=(0.801, 3.158) error=0.005 m / 0.000 rad; current_map=(0.801, 3.158, -1.571) error=0.005 m / 0.000 rad; odom=(0.801, 3.157, -1.571) error=0.005 m / 0.000 rad; ekf=(0.801, 3.157, -1.571) error=0.005 m / 0.000 rad; RMS=0.003 m / 0.000 rad max=0.005 m / 0.000 rad samples=4676
[gpu_amcl_cpp_node-6] [INFO] [1789011878.426255170] [gpu_amcl_cpp]: AMCL odom delta: at_scan=(0.000, 0.000, 0.000) baseline=(0.000, 0.000, 0.000) delta=(0.000, 0.000, 0.000) moved=false scan_age=0.053s
[gpu_amcl_cpp_node-6] [INFO] [1789011878.858117499] [gpu_amcl_cpp]: Publishing provisional global AMCL pose for localization ramp; travel=0.000/0.750 m stable_scans=2358/5.
[ground_truth_amcl_monitor-7] [INFO] [1789011878.979091935] [ground_truth_amcl_monitor]: AMCL vs GT: gt=(0.805, 3.157) amcl=(0.801, 3.158) error=0.005 m / 0.000 rad; current_map=(0.801, 3.158, -1.571) error=0.005 m / 0.000 rad; odom=(0.801, 3.157, -1.571) error=0.005 m / 0.000 rad; ekf=(0.801, 3.157, -1.571) error=0.005 m / 0.000 rad; RMS=0.003 m / 0.000 rad max=0.005 m / 0.000 rad samples=4712
[gpu_amcl_cpp_node-6] [INFO] [1789011879.279125774] [gpu_amcl_cpp]: Received LiDAR callback #2382 (1081 ranges).
[gpu_amcl_cpp_node-6] [INFO] [1789011879.279205134] [gpu_amcl_cpp]: Starting AMCL scan update #2382 (sampled from 1081 ranges).
[gpu_amcl_cpp_node-6] [INFO] [1789011879.279879402] [gpu_amcl_cpp]: AMCL scan update #2382 completed; evaluating pose confidence.
[gpu_amcl_cpp_node-6] [INFO] [1789011879.454498815] [gpu_amcl_cpp]: AMCL odom delta: at_scan=(0.000, 0.000, 0.000) baseline=(0.000, 0.000, 0.000) delta=(0.000, 0.000, 0.000) moved=false scan_age=0.053s
[ground_truth_amcl_monitor-7] [INFO] [1789011879.981880613] [ground_truth_amcl_monitor]: AMCL vs GT: gt=(0.806, 3.157) amcl=(0.801, 3.158) error=0.005 m / 0.000 rad; current_map=(0.801, 3.158, -1.571) error=0.005 m / 0.000 rad; odom=(0.801, 3.157, -1.571) error=0.005 m / 0.000 rad; ekf=(0.801, 3.157, -1.571) error=0.005 m / 0.000 rad; RMS=0.003 m / 0.000 rad max=0.005 m / 0.000 rad samples=4749
[gpu_amcl_cpp_node-6] [INFO] [1789011880.499974872] [gpu_amcl_cpp]: AMCL odom delta: at_scan=(0.000, 0.000, 0.000) baseline=(0.000, 0.000, 0.000) delta=(0.000, 0.000, 0.000) moved=false scan_age=0.050s
[gpu_amcl_cpp_node-6] [INFO] [1789011880.883719129] [gpu_amcl_cpp]: Publishing provisional global AMCL pose for localization ramp; travel=0.000/0.750 m stable_scans=2394/5.
[ground_truth_amcl_monitor-7] [INFO] [1789011881.000336008] [ground_truth_amcl_monitor]: AMCL vs GT: gt=(0.806, 3.157) amcl=(0.801, 3.158) error=0.005 m / 0.000 rad; current_map=(0.801, 3.158, -1.571) error=0.005 m / 0.000 rad; odom=(0.801, 3.157, -1.571) error=0.005 m / 0.000 rad; ekf=(0.801, 3.157, -1.571) error=0.005 m / 0.000 rad; RMS=0.003 m / 0.000 rad max=0.005 m / 0.000 rad samples=4784
[gpu_amcl_cpp_node-6] [INFO] [1789011881.551438601] [gpu_amcl_cpp]: AMCL odom delta: at_scan=(0.000, 0.000, 0.000) baseline=(0.000, 0.000, 0.000) delta=(0.000, 0.000, 0.000) moved=false scan_age=0.053s
[ground_truth_amcl_monitor-7] [INFO] [1789011882.034270346] [ground_truth_amcl_monitor]: AMCL vs GT: gt=(0.806, 3.157) amcl=(0.801, 3.158) error=0.005 m / 0.000 rad; current_map=(0.801, 3.158, -1.571) error=0.005 m / 0.000 rad; odom=(0.801, 3.157, -1.571) error=0.005 m / 0.000 rad; ekf=(0.801, 3.157, -1.571) error=0.005 m / 0.000 rad; RMS=0.003 m / 0.000 rad max=0.005 m / 0.000 rad samples=4820
[gpu_amcl_cpp_node-6] [INFO] [1789011882.599281659] [gpu_amcl_cpp]: AMCL odom delta: at_scan=(0.000, 0.000, 0.000) baseline=(0.000, 0.000, 0.000) delta=(0.000, 0.000, 0.000) moved=false scan_age=0.051s
[gpu_amcl_cpp_node-6] [INFO] [1789011882.893874284] [gpu_amcl_cpp]: Publishing provisional global AMCL pose for localization ramp; travel=0.000/0.750 m stable_scans=2428/5.
[ground_truth_amcl_monitor-7] [INFO] [1789011883.077647415] [ground_truth_amcl_monitor]: AMCL vs GT: gt=(0.806, 3.157) amcl=(0.801, 3.158) error=0.005 m / 0.000 rad; current_map=(0.801, 3.158, -1.571) error=0.005 m / 0.000 rad; odom=(0.801, 3.157, -1.571) error=0.005 m / 0.000 rad; ekf=(0.801, 3.157, -1.571) error=0.005 m / 0.000 rad; RMS=0.003 m / 0.000 rad max=0.005 m / 0.000 rad samples=4854
[gpu_amcl_cpp_node-6] [INFO] [1789011883.601771815] [gpu_amcl_cpp]: AMCL odom delta: at_scan=(0.000, 0.000, 0.000) baseline=(0.000, 0.000, 0.000) delta=(0.000, 0.000, 0.000) moved=false scan_age=0.053s
[ground_truth_amcl_monitor-7] [INFO] [1789011884.106673230] [ground_truth_amcl_monitor]: AMCL vs GT: gt=(0.806, 3.157) amcl=(0.801, 3.158) error=0.005 m / 0.000 rad; current_map=(0.801, 3.158, -1.571) error=0.005 m / 0.000 rad; odom=(0.801, 3.157, -1.571) error=0.005 m / 0.000 rad; ekf=(0.801, 3.157, -1.571) error=0.005 m / 0.000 rad; RMS=0.003 m / 0.000 rad max=0.005 m / 0.000 rad samples=4890
[gpu_amcl_cpp_node-6] [INFO] [1789011884.330905398] [gpu_amcl_cpp]: Received LiDAR callback #2469 (1081 ranges).
[gpu_amcl_cpp_node-6] [INFO] [1789011884.330961082] [gpu_amcl_cpp]: Starting AMCL scan update #2469 (sampled from 1081 ranges).
[gpu_amcl_cpp_node-6] [INFO] [1789011884.331630251] [gpu_amcl_cpp]: AMCL scan update #2469 completed; evaluating pose confidence.
[gpu_amcl_cpp_node-6] [INFO] [1789011884.631673388] [gpu_amcl_cpp]: AMCL odom delta: at_scan=(0.000, 0.000, 0.000) baseline=(0.000, 0.000, 0.000) delta=(0.000, 0.000, 0.000) moved=false scan_age=0.053s
[gpu_amcl_cpp_node-6] [INFO] [1789011884.930227023] [gpu_amcl_cpp]: Publishing provisional global AMCL pose for localization ramp; travel=0.000/0.750 m stable_scans=2463/5.
[ground_truth_amcl_monitor-7] [INFO] [1789011885.156074498] [ground_truth_amcl_monitor]: AMCL vs GT: gt=(0.806, 3.157) amcl=(0.801, 3.158) error=0.005 m / 0.000 rad; current_map=(0.801, 3.158, -1.571) error=0.005 m / 0.000 rad; odom=(0.801, 3.157, -1.571) error=0.005 m / 0.000 rad; ekf=(0.801, 3.157, -1.571) error=0.005 m / 0.000 rad; RMS=0.003 m / 0.000 rad max=0.005 m / 0.000 rad samples=4926
[gpu_amcl_cpp_node-6] [INFO] [1789011885.652780769] [gpu_amcl_cpp]: AMCL odom delta: at_scan=(0.000, 0.000, 0.000) baseline=(0.000, 0.000, 0.000) delta=(0.000, 0.000, 0.000) moved=false scan_age=0.052s
[ground_truth_amcl_monitor-7] [INFO] [1789011886.200418955] [ground_truth_amcl_monitor]: AMCL vs GT: gt=(0.806, 3.157) amcl=(0.801, 3.158) error=0.005 m / 0.000 rad; current_map=(0.801, 3.158, -1.571) error=0.005 m / 0.000 rad; odom=(0.801, 3.157, -1.571) error=0.005 m / 0.000 rad; ekf=(0.801, 3.157, -1.571) error=0.005 m / 0.000 rad; RMS=0.003 m / 0.000 rad max=0.005 m / 0.000 rad samples=4964
[gpu_amcl_cpp_node-6] [INFO] [1789011886.701497900] [gpu_amcl_cpp]: AMCL odom delta: at_scan=(0.000, 0.000, 0.000) baseline=(0.000, 0.000, 0.000) delta=(0.000, 0.000, 0.000) moved=false scan_age=0.052s
[gpu_amcl_cpp_node-6] [INFO] [1789011886.930619203] [gpu_amcl_cpp]: Publishing provisional global AMCL pose for localization ramp; travel=0.000/0.750 m stable_scans=2499/5.
[ground_truth_amcl_monitor-7] [INFO] [1789011887.226784326] [ground_truth_amcl_monitor]: AMCL vs GT: gt=(0.806, 3.157) amcl=(0.801, 3.158) error=0.005 m / 0.000 rad; current_map=(0.801, 3.158, -1.571) error=0.005 m / 0.000 rad; odom=(0.801, 3.157, -1.571) error=0.005 m / 0.000 rad; ekf=(0.801, 3.157, -1.571) error=0.005 m / 0.000 rad; RMS=0.003 m / 0.000 rad max=0.005 m / 0.000 rad samples=5000
[gpu_amcl_cpp_node-6] [INFO] [1789011887.752662374] [gpu_amcl_cpp]: AMCL odom delta: at_scan=(0.000, 0.000, 0.000) baseline=(0.000, 0.000, 0.000) delta=(0.000, 0.000, 0.000) moved=false scan_age=0.052s
[ground_truth_amcl_monitor-7] [INFO] [1789011888.252890248] [ground_truth_amcl_monitor]: AMCL vs GT: gt=(0.806, 3.157) amcl=(0.801, 3.158) error=0.005 m / 0.000 rad; current_map=(0.801, 3.158, -1.571) error=0.005 m / 0.000 rad; odom=(0.801, 3.157, -1.571) error=0.005 m / 0.000 rad; ekf=(0.801, 3.157, -1.571) error=0.005 m / 0.000 rad; RMS=0.003 m / 0.000 rad max=0.005 m / 0.000 rad samples=5036
[gpu_amcl_cpp_node-6] [INFO] [1789011888.780870280] [gpu_amcl_cpp]: AMCL odom delta: at_scan=(0.000, 0.000, 0.000) baseline=(0.000, 0.000, 0.000) delta=(0.000, 0.000, 0.000) moved=false scan_age=0.054s
[gpu_amcl_cpp_node-6] [WARN] [1789011888.848839229] [gpu_amcl_cpp]: Queued LiDAR scan until source-time odometry arrives (queued=1).
[gpu_amcl_cpp_node-6] [INFO] [1789011888.959936928] [gpu_amcl_cpp]: Publishing provisional global AMCL pose for localization ramp; travel=0.000/0.750 m stable_scans=2535/5.
[ground_truth_amcl_monitor-7] [INFO] [1789011889.285288786] [ground_truth_amcl_monitor]: AMCL vs GT: gt=(0.806, 3.157) amcl=(0.801, 3.158) error=0.005 m / 0.000 rad; current_map=(0.801, 3.158, -1.571) error=0.005 m / 0.000 rad; odom=(0.801, 3.157, -1.571) error=0.005 m / 0.000 rad; ekf=(0.801, 3.157, -1.571) error=0.005 m / 0.000 rad; RMS=0.003 m / 0.000 rad max=0.005 m / 0.000 rad samples=5074
[gpu_amcl_cpp_node-6] [INFO] [1789011889.349606578] [gpu_amcl_cpp]: Received LiDAR callback #2559 (1081 ranges).
[gpu_amcl_cpp_node-6] [INFO] [1789011889.349793239] [gpu_amcl_cpp]: Starting AMCL scan update #2559 (sampled from 1081 ranges).
[gpu_amcl_cpp_node-6] [INFO] [1789011889.350473098] [gpu_amcl_cpp]: AMCL scan update #2559 completed; evaluating pose confidence.
[gpu_amcl_cpp_node-6] [INFO] [1789011889.803970108] [gpu_amcl_cpp]: AMCL odom delta: at_scan=(0.000, 0.000, 0.000) baseline=(0.000, 0.000, 0.000) delta=(0.000, 0.000, 0.000) moved=false scan_age=0.053s
[ground_truth_amcl_monitor-7] [INFO] [1789011890.328073909] [ground_truth_amcl_monitor]: AMCL vs GT: gt=(0.806, 3.157) amcl=(0.801, 3.158) error=0.005 m / 0.000 rad; current_map=(0.801, 3.158, -1.571) error=0.005 m / 0.000 rad; odom=(0.801, 3.157, -1.571) error=0.005 m / 0.000 rad; ekf=(0.801, 3.157, -1.571) error=0.005 m / 0.000 rad; RMS=0.003 m / 0.000 rad max=0.005 m / 0.000 rad samples=5110
[gpu_amcl_cpp_node-6] [INFO] [1789011890.857077575] [gpu_amcl_cpp]: AMCL odom delta: at_scan=(0.000, 0.000, 0.000) baseline=(0.000, 0.000, 0.000) delta=(0.000, 0.000, 0.000) moved=false scan_age=0.054s
[gpu_amcl_cpp_node-6] [INFO] [1789011890.986228689] [gpu_amcl_cpp]: Publishing provisional global AMCL pose for localization ramp; travel=0.000/0.750 m stable_scans=2570/5.
[ground_truth_amcl_monitor-7] [INFO] [1789011891.329387550] [ground_truth_amcl_monitor]: AMCL vs GT: gt=(0.806, 3.157) amcl=(0.801, 3.158) error=0.006 m / 0.000 rad; current_map=(0.801, 3.158, -1.571) error=0.006 m / 0.000 rad; odom=(0.801, 3.157, -1.571) error=0.005 m / 0.000 rad; ekf=(0.801, 3.157, -1.571) error=0.005 m / 0.000 rad; RMS=0.003 m / 0.000 rad max=0.006 m / 0.000 rad samples=5145
[gpu_amcl_cpp_node-6] [INFO] [1789011891.902450185] [gpu_amcl_cpp]: AMCL odom delta: at_scan=(0.000, 0.000, 0.000) baseline=(0.000, 0.000, 0.000) delta=(0.000, 0.000, 0.000) moved=false scan_age=0.052s
[ground_truth_amcl_monitor-7] [INFO] [1789011892.356566128] [ground_truth_amcl_monitor]: AMCL vs GT: gt=(0.806, 3.157) amcl=(0.801, 3.158) error=0.006 m / 0.000 rad; current_map=(0.801, 3.158, -1.571) error=0.006 m / 0.000 rad; odom=(0.801, 3.157, -1.571) error=0.005 m / 0.000 rad; ekf=(0.801, 3.157, -1.571) error=0.005 m / 0.000 rad; RMS=0.003 m / 0.000 rad max=0.006 m / 0.000 rad samples=5182
[gpu_amcl_cpp_node-6] [INFO] [1789011892.926268082] [gpu_amcl_cpp]: AMCL odom delta: at_scan=(0.000, 0.000, 0.000) baseline=(0.000, 0.000, 0.000) delta=(0.000, 0.000, 0.000) moved=false scan_age=0.051s
[gpu_amcl_cpp_node-6] [INFO] [1789011893.052302053] [gpu_amcl_cpp]: Publishing provisional global AMCL pose for localization ramp; travel=0.000/0.750 m stable_scans=2607/5.
[ground_truth_amcl_monitor-7] [INFO] [1789011893.378102715] [ground_truth_amcl_monitor]: AMCL vs GT: gt=(0.806, 3.157) amcl=(0.801, 3.158) error=0.006 m / 0.000 rad; current_map=(0.801, 3.158, -1.571) error=0.006 m / 0.000 rad; odom=(0.801, 3.157, -1.571) error=0.006 m / 0.000 rad; ekf=(0.801, 3.157, -1.571) error=0.006 m / 0.000 rad; RMS=0.003 m / 0.000 rad max=0.006 m / 0.000 rad samples=5218
[gpu_amcl_cpp_node-6] [INFO] [1789011893.948179203] [gpu_amcl_cpp]: AMCL odom delta: at_scan=(0.000, 0.000, 0.000) baseline=(0.000, 0.000, 0.000) delta=(0.000, 0.000, 0.000) moved=false scan_age=0.050s
[gpu_amcl_cpp_node-6] [INFO] [1789011894.376138139] [gpu_amcl_cpp]: Received LiDAR callback #2648 (1081 ranges).
[gpu_amcl_cpp_node-6] [INFO] [1789011894.376223049] [gpu_amcl_cpp]: Starting AMCL scan update #2648 (sampled from 1081 ranges).
[gpu_amcl_cpp_node-6] [INFO] [1789011894.377078107] [gpu_amcl_cpp]: AMCL scan update #2648 completed; evaluating pose confidence.
[ground_truth_amcl_monitor-7] [INFO] [1789011894.379028576] [ground_truth_amcl_monitor]: AMCL vs GT: gt=(0.806, 3.157) amcl=(0.801, 3.158) error=0.006 m / 0.000 rad; current_map=(0.801, 3.158, -1.571) error=0.006 m / 0.000 rad; odom=(0.801, 3.157, -1.571) error=0.006 m / 0.000 rad; ekf=(0.801, 3.157, -1.571) error=0.006 m / 0.000 rad; RMS=0.003 m / 0.000 rad max=0.006 m / 0.000 rad samples=5254
[gpu_amcl_cpp_node-6] [INFO] [1789011894.979355861] [gpu_amcl_cpp]: AMCL odom delta: at_scan=(0.000, 0.000, 0.000) baseline=(0.000, 0.000, 0.000) delta=(0.000, 0.000, 0.000) moved=false scan_age=0.054s
[gpu_amcl_cpp_node-6] [INFO] [1789011895.103748835] [gpu_amcl_cpp]: Publishing provisional global AMCL pose for localization ramp; travel=0.000/0.750 m stable_scans=2643/5.
[ground_truth_amcl_monitor-7] [INFO] [1789011895.382172257] [ground_truth_amcl_monitor]: AMCL vs GT: gt=(0.806, 3.157) amcl=(0.801, 3.158) error=0.006 m / 0.000 rad; current_map=(0.801, 3.158, -1.571) error=0.006 m / 0.000 rad; odom=(0.801, 3.157, -1.571) error=0.006 m / 0.000 rad; ekf=(0.801, 3.157, -1.571) error=0.006 m / 0.000 rad; RMS=0.003 m / 0.000 rad max=0.006 m / 0.000 rad samples=5288
[gpu_amcl_cpp_node-6] [INFO] [1789011895.999216044] [gpu_amcl_cpp]: AMCL odom delta: at_scan=(0.000, 0.000, 0.000) baseline=(0.000, 0.000, 0.000) delta=(0.000, 0.000, 0.000) moved=false scan_age=0.050s
[gpu_amcl_cpp_node-6] [WARN] [1789011896.232350935] [gpu_amcl_cpp]: Queued LiDAR scan until source-time odometry arrives (queued=1).
[ground_truth_amcl_monitor-7] [INFO] [1789011896.407562181] [ground_truth_amcl_monitor]: AMCL vs GT: gt=(0.806, 3.157) amcl=(0.801, 3.158) error=0.006 m / 0.000 rad; current_map=(0.801, 3.158, -1.571) error=0.006 m / 0.000 rad; odom=(0.801, 3.157, -1.571) error=0.006 m / 0.000 rad; ekf=(0.801, 3.157, -1.571) error=0.006 m / 0.000 rad; RMS=0.003 m / 0.000 rad max=0.006 m / 0.000 rad samples=5322
[gpu_amcl_cpp_node-6] [INFO] [1789011897.024889610] [gpu_amcl_cpp]: AMCL odom delta: at_scan=(0.000, 0.000, 0.000) baseline=(0.000, 0.000, 0.000) delta=(0.000, 0.000, 0.000) moved=false scan_age=0.051s
[gpu_amcl_cpp_node-6] [INFO] [1789011897.134638271] [gpu_amcl_cpp]: Publishing provisional global AMCL pose for localization ramp; travel=0.000/0.750 m stable_scans=2678/5.
[ground_truth_amcl_monitor-7] [INFO] [1789011897.410368828] [ground_truth_amcl_monitor]: AMCL vs GT: gt=(0.806, 3.157) amcl=(0.801, 3.158) error=0.006 m / 0.000 rad; current_map=(0.801, 3.158, -1.571) error=0.006 m / 0.000 rad; odom=(0.801, 3.157, -1.571) error=0.006 m / 0.000 rad; ekf=(0.801, 3.157, -1.571) error=0.006 m / 0.000 rad; RMS=0.003 m / 0.000 rad max=0.006 m / 0.000 rad samples=5359
[gpu_amcl_cpp_node-6] [INFO] [1789011898.032577359] [gpu_amcl_cpp]: AMCL odom delta: at_scan=(0.000, 0.000, 0.000) baseline=(0.000, 0.000, 0.000) delta=(0.000, 0.000, 0.000) moved=false scan_age=0.054s
[ground_truth_amcl_monitor-7] [INFO] [1789011898.452072206] [ground_truth_amcl_monitor]: AMCL vs GT: gt=(0.806, 3.157) amcl=(0.801, 3.158) error=0.006 m / 0.000 rad; current_map=(0.801, 3.158, -1.571) error=0.006 m / 0.000 rad; odom=(0.801, 3.157, -1.571) error=0.006 m / 0.000 rad; ekf=(0.801, 3.157, -1.571) error=0.006 m / 0.000 rad; RMS=0.003 m / 0.000 rad max=0.006 m / 0.000 rad samples=5394
[gpu_amcl_cpp_node-6] [INFO] [1789011899.075851701] [gpu_amcl_cpp]: AMCL odom delta: at_scan=(0.000, 0.000, 0.000) baseline=(0.000, 0.000, 0.000) delta=(0.000, 0.000, 0.000) moved=false scan_age=0.051s
[gpu_amcl_cpp_node-6] [INFO] [1789011899.179275896] [gpu_amcl_cpp]: Publishing provisional global AMCL pose for localization ramp; travel=0.000/0.750 m stable_scans=2714/5.
[gpu_amcl_cpp_node-6] [INFO] [1789011899.424327851] [gpu_amcl_cpp]: Received LiDAR callback #2736 (1081 ranges).
[gpu_amcl_cpp_node-6] [INFO] [1789011899.424430654] [gpu_amcl_cpp]: Starting AMCL scan update #2736 (sampled from 1081 ranges).
[gpu_amcl_cpp_node-6] [INFO] [1789011899.425028148] [gpu_amcl_cpp]: AMCL scan update #2736 completed; evaluating pose confidence.
[ground_truth_amcl_monitor-7] [INFO] [1789011899.477469041] [ground_truth_amcl_monitor]: AMCL vs GT: gt=(0.806, 3.157) amcl=(0.801, 3.158) error=0.006 m / 0.000 rad; current_map=(0.801, 3.158, -1.571) error=0.006 m / 0.000 rad; odom=(0.801, 3.157, -1.571) error=0.006 m / 0.000 rad; ekf=(0.801, 3.157, -1.571) error=0.006 m / 0.000 rad; RMS=0.004 m / 0.000 rad max=0.006 m / 0.000 rad samples=5430
[gpu_amcl_cpp_node-6] [INFO] [1789011900.080241465] [gpu_amcl_cpp]: AMCL odom delta: at_scan=(0.000, 0.000, 0.000) baseline=(0.000, 0.000, 0.000) delta=(0.000, 0.000, 0.000) moved=false scan_age=0.054s
[ground_truth_amcl_monitor-7] [INFO] [1789011900.502817826] [ground_truth_amcl_monitor]: AMCL vs GT: gt=(0.806, 3.157) amcl=(0.801, 3.158) error=0.006 m / 0.000 rad; current_map=(0.801, 3.158, -1.571) error=0.006 m / 0.000 rad; odom=(0.801, 3.157, -1.571) error=0.006 m / 0.000 rad; ekf=(0.801, 3.157, -1.571) error=0.006 m / 0.000 rad; RMS=0.004 m / 0.000 rad max=0.006 m / 0.000 rad samples=5464
[gpu_amcl_cpp_node-6] [INFO] [1789011901.101874711] [gpu_amcl_cpp]: AMCL odom delta: at_scan=(0.000, 0.000, 0.000) baseline=(0.000, 0.000, 0.000) delta=(0.000, 0.000, 0.000) moved=false scan_age=0.054s
[gpu_amcl_cpp_node-6] [INFO] [1789011901.230220920] [gpu_amcl_cpp]: Publishing provisional global AMCL pose for localization ramp; travel=0.000/0.750 m stable_scans=2748/5.
[gpu_amcl_cpp_node-6] [WARN] [1789011901.450354278] [gpu_amcl_cpp]: Queued LiDAR scan until source-time odometry arrives (queued=1).
[ground_truth_amcl_monitor-7] [INFO] [1789011901.506675459] [ground_truth_amcl_monitor]: AMCL vs GT: gt=(0.806, 3.157) amcl=(0.801, 3.158) error=0.006 m / 0.000 rad; current_map=(0.801, 3.158, -1.571) error=0.006 m / 0.000 rad; odom=(0.801, 3.157, -1.571) error=0.006 m / 0.000 rad; ekf=(0.801, 3.157, -1.571) error=0.006 m / 0.000 rad; RMS=0.004 m / 0.000 rad max=0.006 m / 0.000 rad samples=5498
[gpu_amcl_cpp_node-6] [INFO] [1789011902.156835230] [gpu_amcl_cpp]: AMCL odom delta: at_scan=(0.000, 0.000, 0.000) baseline=(0.000, 0.000, 0.000) delta=(0.000, 0.000, 0.000) moved=false scan_age=0.055s
[ground_truth_amcl_monitor-7] [INFO] [1789011902.550945301] [ground_truth_amcl_monitor]: AMCL vs GT: gt=(0.806, 3.157) amcl=(0.801, 3.158) error=0.006 m / 0.000 rad; current_map=(0.801, 3.158, -1.571) error=0.006 m / 0.000 rad; odom=(0.801, 3.157, -1.571) error=0.006 m / 0.000 rad; ekf=(0.801, 3.157, -1.571) error=0.006 m / 0.000 rad; RMS=0.004 m / 0.000 rad max=0.006 m / 0.000 rad samples=5534
[gpu_amcl_cpp_node-6] [INFO] [1789011903.223967373] [gpu_amcl_cpp]: AMCL odom delta: at_scan=(0.000, 0.000, 0.000) baseline=(0.000, 0.000, 0.000) delta=(0.000, 0.000, 0.000) moved=false scan_age=0.050s
[gpu_amcl_cpp_node-6] [INFO] [1789011903.279787231] [gpu_amcl_cpp]: Publishing provisional global AMCL pose for localization ramp; travel=0.000/0.750 m stable_scans=2784/5.
[ground_truth_amcl_monitor-7] [INFO] [1789011903.551763416] [ground_truth_amcl_monitor]: AMCL vs GT: gt=(0.806, 3.157) amcl=(0.801, 3.158) error=0.006 m / 0.000 rad; current_map=(0.801, 3.158, -1.571) error=0.006 m / 0.000 rad; odom=(0.801, 3.157, -1.571) error=0.006 m / 0.000 rad; ekf=(0.801, 3.157, -1.571) error=0.006 m / 0.000 rad; RMS=0.004 m / 0.000 rad max=0.006 m / 0.000 rad samples=5570
[gpu_amcl_cpp_node-6] [WARN] [1789011903.827517928] [gpu_amcl_cpp]: Queued LiDAR scan until source-time odometry arrives (queued=1).
[gpu_amcl_cpp_node-6] [INFO] [1789011904.225157648] [gpu_amcl_cpp]: AMCL odom delta: at_scan=(0.000, 0.000, 0.000) baseline=(0.000, 0.000, 0.000) delta=(0.000, 0.000, 0.000) moved=false scan_age=0.051s
[gpu_amcl_cpp_node-6] [INFO] [1789011904.450275059] [gpu_amcl_cpp]: Received LiDAR callback #2825 (1081 ranges).
[gpu_amcl_cpp_node-6] [INFO] [1789011904.450544746] [gpu_amcl_cpp]: Starting AMCL scan update #2825 (sampled from 1081 ranges).
[gpu_amcl_cpp_node-6] [INFO] [1789011904.451162198] [gpu_amcl_cpp]: AMCL scan update #2825 completed; evaluating pose confidence.
[ground_truth_amcl_monitor-7] [INFO] [1789011904.561947087] [ground_truth_amcl_monitor]: AMCL vs GT: gt=(0.806, 3.157) amcl=(0.801, 3.158) error=0.006 m / 0.000 rad; current_map=(0.801, 3.158, -1.571) error=0.006 m / 0.000 rad; odom=(0.801, 3.157, -1.571) error=0.006 m / 0.000 rad; ekf=(0.801, 3.157, -1.571) error=0.006 m / 0.000 rad; RMS=0.004 m / 0.000 rad max=0.006 m / 0.000 rad samples=5606
[gpu_amcl_cpp_node-6] [INFO] [1789011905.273605036] [gpu_amcl_cpp]: AMCL odom delta: at_scan=(0.000, 0.000, 0.000) baseline=(0.000, 0.000, 0.000) delta=(0.000, 0.000, 0.000) moved=false scan_age=0.050s
[gpu_amcl_cpp_node-6] [INFO] [1789011905.328885731] [gpu_amcl_cpp]: Publishing provisional global AMCL pose for localization ramp; travel=0.000/0.750 m stable_scans=2820/5.
[ground_truth_amcl_monitor-7] [INFO] [1789011905.600723636] [ground_truth_amcl_monitor]: AMCL vs GT: gt=(0.807, 3.157) amcl=(0.801, 3.158) error=0.006 m / 0.000 rad; current_map=(0.801, 3.158, -1.571) error=0.006 m / 0.000 rad; odom=(0.801, 3.157, -1.571) error=0.006 m / 0.000 rad; ekf=(0.801, 3.157, -1.571) error=0.006 m / 0.000 rad; RMS=0.004 m / 0.000 rad max=0.006 m / 0.000 rad samples=5642
[gpu_amcl_cpp_node-6] [INFO] [1789011906.280457501] [gpu_amcl_cpp]: AMCL odom delta: at_scan=(0.000, 0.000, 0.000) baseline=(0.000, 0.000, 0.000) delta=(0.000, 0.000, 0.000) moved=false scan_age=0.054s
[ground_truth_amcl_monitor-7] [INFO] [1789011906.605982483] [ground_truth_amcl_monitor]: AMCL vs GT: gt=(0.807, 3.157) amcl=(0.801, 3.158) error=0.006 m / 0.000 rad; current_map=(0.801, 3.158, -1.571) error=0.006 m / 0.000 rad; odom=(0.801, 3.157, -1.571) error=0.006 m / 0.000 rad; ekf=(0.801, 3.157, -1.571) error=0.006 m / 0.000 rad; RMS=0.004 m / 0.000 rad max=0.006 m / 0.000 rad samples=5678
[gpu_amcl_cpp_node-6] [INFO] [1789011907.322776913] [gpu_amcl_cpp]: AMCL odom delta: at_scan=(0.000, 0.000, 0.000) baseline=(0.000, 0.000, 0.000) delta=(0.000, 0.000, 0.000) moved=false scan_age=0.050s
[gpu_amcl_cpp_node-6] [INFO] [1789011907.381990284] [gpu_amcl_cpp]: Publishing provisional global AMCL pose for localization ramp; travel=0.000/0.750 m stable_scans=2856/5.
[ground_truth_amcl_monitor-7] [INFO] [1789011907.607075685] [ground_truth_amcl_monitor]: AMCL vs GT: gt=(0.807, 3.157) amcl=(0.801, 3.158) error=0.006 m / 0.000 rad; current_map=(0.801, 3.158, -1.571) error=0.006 m / 0.000 rad; odom=(0.801, 3.157, -1.571) error=0.006 m / 0.000 rad; ekf=(0.801, 3.157, -1.571) error=0.006 m / 0.000 rad; RMS=0.004 m / 0.000 rad max=0.006 m / 0.000 rad samples=5712
[gpu_amcl_cpp_node-6] [INFO] [1789011908.377318914] [gpu_amcl_cpp]: AMCL odom delta: at_scan=(0.000, 0.000, 0.000) baseline=(0.000, 0.000, 0.000) delta=(0.000, 0.000, 0.000) moved=false scan_age=0.053s
[ground_truth_amcl_monitor-7] [INFO] [1789011908.606946027] [ground_truth_amcl_monitor]: AMCL vs GT: gt=(0.807, 3.157) amcl=(0.801, 3.158) error=0.006 m / 0.000 rad; current_map=(0.801, 3.158, -1.571) error=0.006 m / 0.000 rad; odom=(0.801, 3.157, -1.571) error=0.006 m / 0.000 rad; ekf=(0.801, 3.157, -1.571) error=0.006 m / 0.000 rad; RMS=0.004 m / 0.000 rad max=0.006 m / 0.000 rad samples=5747
[gpu_amcl_cpp_node-6] [INFO] [1789011909.378029816] [gpu_amcl_cpp]: AMCL odom delta: at_scan=(0.000, 0.000, 0.000) baseline=(0.000, 0.000, 0.000) delta=(0.000, 0.000, 0.000) moved=false scan_age=0.053s
[gpu_amcl_cpp_node-6] [INFO] [1789011909.435430918] [gpu_amcl_cpp]: Publishing provisional global AMCL pose for localization ramp; travel=0.000/0.750 m stable_scans=2891/5.
[gpu_amcl_cpp_node-6] [INFO] [1789011909.498225756] [gpu_amcl_cpp]: Received LiDAR callback #2912 (1081 ranges).
[gpu_amcl_cpp_node-6] [INFO] [1789011909.498308291] [gpu_amcl_cpp]: Starting AMCL scan update #2912 (sampled from 1081 ranges).
[gpu_amcl_cpp_node-6] [INFO] [1789011909.499156607] [gpu_amcl_cpp]: AMCL scan update #2912 completed; evaluating pose confidence.
[ground_truth_amcl_monitor-7] [INFO] [1789011909.609592089] [ground_truth_amcl_monitor]: AMCL vs GT: gt=(0.807, 3.157) amcl=(0.801, 3.158) error=0.006 m / 0.000 rad; current_map=(0.801, 3.158, -1.571) error=0.006 m / 0.000 rad; odom=(0.801, 3.157, -1.571) error=0.006 m / 0.000 rad; ekf=(0.801, 3.157, -1.571) error=0.006 m / 0.000 rad; RMS=0.004 m / 0.000 rad max=0.006 m / 0.000 rad samples=5781
[gpu_amcl_cpp_node-6] [INFO] [1789011910.407305344] [gpu_amcl_cpp]: AMCL odom delta: at_scan=(0.000, 0.000, 0.000) baseline=(0.000, 0.000, 0.000) delta=(0.000, 0.000, 0.000) moved=false scan_age=0.054s
[ground_truth_amcl_monitor-7] [INFO] [1789011910.651293357] [ground_truth_amcl_monitor]: AMCL vs GT: gt=(0.807, 3.157) amcl=(0.801, 3.158) error=0.006 m / 0.000 rad; current_map=(0.801, 3.158, -1.571) error=0.006 m / 0.000 rad; odom=(0.801, 3.157, -1.571) error=0.006 m / 0.000 rad; ekf=(0.801, 3.157, -1.571) error=0.006 m / 0.000 rad; RMS=0.004 m / 0.000 rad max=0.006 m / 0.000 rad samples=5816
[gpu_amcl_cpp_node-6] [INFO] [1789011911.449926051] [gpu_amcl_cpp]: AMCL odom delta: at_scan=(0.000, 0.000, 0.000) baseline=(0.000, 0.000, 0.000) delta=(0.000, 0.000, 0.000) moved=false scan_age=0.050s
[gpu_amcl_cpp_node-6] [INFO] [1789011911.453731278] [gpu_amcl_cpp]: Publishing provisional global AMCL pose for localization ramp; travel=0.000/0.750 m stable_scans=2926/5.
[ground_truth_amcl_monitor-7] [INFO] [1789011911.677465818] [ground_truth_amcl_monitor]: AMCL vs GT: gt=(0.807, 3.157) amcl=(0.801, 3.158) error=0.006 m / 0.000 rad; current_map=(0.801, 3.158, -1.571) error=0.006 m / 0.000 rad; odom=(0.801, 3.157, -1.571) error=0.006 m / 0.000 rad; ekf=(0.801, 3.157, -1.571) error=0.006 m / 0.000 rad; RMS=0.004 m / 0.000 rad max=0.006 m / 0.000 rad samples=5852
[gpu_amcl_cpp_node-6] [INFO] [1789011912.500728898] [gpu_amcl_cpp]: AMCL odom delta: at_scan=(0.000, 0.000, 0.000) baseline=(0.000, 0.000, 0.000) delta=(0.000, 0.000, 0.000) moved=false scan_age=0.052s
[gpu_amcl_cpp_node-6] [WARN] [1789011912.552566196] [gpu_amcl_cpp]: Queued LiDAR scan until source-time odometry arrives (queued=1).
[ground_truth_amcl_monitor-7] [INFO] [1789011912.680898479] [ground_truth_amcl_monitor]: AMCL vs GT: gt=(0.807, 3.157) amcl=(0.801, 3.158) error=0.006 m / 0.000 rad; current_map=(0.801, 3.158, -1.571) error=0.006 m / 0.000 rad; odom=(0.801, 3.157, -1.571) error=0.006 m / 0.000 rad; ekf=(0.801, 3.157, -1.571) error=0.006 m / 0.000 rad; RMS=0.004 m / 0.000 rad max=0.006 m / 0.000 rad samples=5889
[gpu_amcl_cpp_node-6] [INFO] [1789011913.501999252] [gpu_amcl_cpp]: Publishing provisional global AMCL pose for localization ramp; travel=0.000/0.750 m stable_scans=2963/5.
[gpu_amcl_cpp_node-6] [INFO] [1789011913.551429071] [gpu_amcl_cpp]: AMCL odom delta: at_scan=(0.000, 0.000, 0.000) baseline=(0.000, 0.000, 0.000) delta=(0.000, 0.000, 0.000) moved=false scan_age=0.053s
[ground_truth_amcl_monitor-7] [INFO] [1789011913.724971468] [ground_truth_amcl_monitor]: AMCL vs GT: gt=(0.807, 3.157) amcl=(0.801, 3.158) error=0.006 m / 0.000 rad; current_map=(0.801, 3.158, -1.571) error=0.006 m / 0.000 rad; odom=(0.801, 3.157, -1.571) error=0.006 m / 0.000 rad; ekf=(0.801, 3.157, -1.571) error=0.006 m / 0.000 rad; RMS=0.004 m / 0.000 rad max=0.006 m / 0.000 rad samples=5926
[gpu_amcl_cpp_node-6] [INFO] [1789011914.526892636] [gpu_amcl_cpp]: Received LiDAR callback #3002 (1081 ranges).
[gpu_amcl_cpp_node-6] [INFO] [1789011914.526987384] [gpu_amcl_cpp]: Starting AMCL scan update #3002 (sampled from 1081 ranges).
[gpu_amcl_cpp_node-6] [INFO] [1789011914.527593825] [gpu_amcl_cpp]: AMCL scan update #3002 completed; evaluating pose confidence.
[gpu_amcl_cpp_node-6] [INFO] [1789011914.582900769] [gpu_amcl_cpp]: AMCL odom delta: at_scan=(0.000, 0.000, 0.000) baseline=(0.000, 0.000, 0.000) delta=(0.000, 0.000, 0.000) moved=false scan_age=0.055s
[ground_truth_amcl_monitor-7] [INFO] [1789011914.754182132] [ground_truth_amcl_monitor]: AMCL vs GT: gt=(0.807, 3.157) amcl=(0.801, 3.158) error=0.006 m / 0.000 rad; current_map=(0.801, 3.158, -1.571) error=0.006 m / 0.000 rad; odom=(0.801, 3.157, -1.571) error=0.006 m / 0.000 rad; ekf=(0.801, 3.157, -1.571) error=0.006 m / 0.000 rad; RMS=0.004 m / 0.000 rad max=0.006 m / 0.000 rad samples=5962
[gpu_amcl_cpp_node-6] [INFO] [1789011915.535702600] [gpu_amcl_cpp]: Publishing provisional global AMCL pose for localization ramp; travel=0.000/0.750 m stable_scans=2998/5.
[gpu_amcl_cpp_node-6] [INFO] [1789011915.599670944] [gpu_amcl_cpp]: AMCL odom delta: at_scan=(0.000, 0.000, 0.000) baseline=(0.000, 0.000, 0.000) delta=(0.000, 0.000, 0.000) moved=false scan_age=0.052s
[ground_truth_amcl_monitor-7] [INFO] [1789011915.779428260] [ground_truth_amcl_monitor]: AMCL vs GT: gt=(0.807, 3.157) amcl=(0.801, 3.158) error=0.007 m / 0.000 rad; current_map=(0.801, 3.158, -1.571) error=0.007 m / 0.000 rad; odom=(0.801, 3.157, -1.571) error=0.006 m / 0.000 rad; ekf=(0.801, 3.157, -1.571) error=0.006 m / 0.000 rad; RMS=0.004 m / 0.000 rad max=0.007 m / 0.000 rad samples=5996
[gpu_amcl_cpp_node-6] [INFO] [1789011916.630841324] [gpu_amcl_cpp]: AMCL odom delta: at_scan=(0.000, 0.000, 0.000) baseline=(0.000, 0.000, 0.000) delta=(0.000, 0.000, 0.000) moved=false scan_age=0.054s
[ground_truth_amcl_monitor-7] [INFO] [1789011916.802091579] [ground_truth_amcl_monitor]: AMCL vs GT: gt=(0.807, 3.157) amcl=(0.801, 3.158) error=0.007 m / 0.000 rad; current_map=(0.801, 3.158, -1.571) error=0.007 m / 0.000 rad; odom=(0.801, 3.157, -1.571) error=0.006 m / 0.000 rad; ekf=(0.801, 3.157, -1.571) error=0.006 m / 0.000 rad; RMS=0.004 m / 0.000 rad max=0.007 m / 0.000 rad samples=6032
[gpu_amcl_cpp_node-6] [INFO] [1789011917.552995361] [gpu_amcl_cpp]: Publishing provisional global AMCL pose for localization ramp; travel=0.000/0.750 m stable_scans=3033/5.
[gpu_amcl_cpp_node-6] [INFO] [1789011917.659458462] [gpu_amcl_cpp]: AMCL odom delta: at_scan=(0.000, 0.000, 0.000) baseline=(0.000, 0.000, 0.000) delta=(0.000, 0.000, 0.000) moved=false scan_age=0.057s
[ground_truth_amcl_monitor-7] [INFO] [1789011917.826785848] [ground_truth_amcl_monitor]: AMCL vs GT: gt=(0.807, 3.157) amcl=(0.801, 3.158) error=0.007 m / 0.000 rad; current_map=(0.801, 3.158, -1.571) error=0.007 m / 0.000 rad; odom=(0.801, 3.157, -1.571) error=0.007 m / 0.000 rad; ekf=(0.801, 3.157, -1.571) error=0.007 m / 0.000 rad; RMS=0.004 m / 0.000 rad max=0.007 m / 0.000 rad samples=6068
[gpu_amcl_cpp_node-6] [INFO] [1789011918.675029982] [gpu_amcl_cpp]: AMCL odom delta: at_scan=(0.000, 0.000, 0.000) baseline=(0.000, 0.000, 0.000) delta=(0.000, 0.000, 0.000) moved=false scan_age=0.052s
[ground_truth_amcl_monitor-7] [INFO] [1789011918.827354711] [ground_truth_amcl_monitor]: AMCL vs GT: gt=(0.807, 3.157) amcl=(0.801, 3.158) error=0.007 m / 0.000 rad; current_map=(0.801, 3.158, -1.571) error=0.007 m / 0.000 rad; odom=(0.801, 3.157, -1.571) error=0.007 m / 0.000 rad; ekf=(0.801, 3.157, -1.571) error=0.007 m / 0.000 rad; RMS=0.004 m / 0.000 rad max=0.007 m / 0.000 rad samples=6104
[gpu_amcl_cpp_node-6] [INFO] [1789011919.573744062] [gpu_amcl_cpp]: Received LiDAR callback #3090 (1081 ranges).
[gpu_amcl_cpp_node-6] [INFO] [1789011919.573828310] [gpu_amcl_cpp]: Starting AMCL scan update #3090 (sampled from 1081 ranges).
[gpu_amcl_cpp_node-6] [INFO] [1789011919.574743401] [gpu_amcl_cpp]: AMCL scan update #3090 completed; evaluating pose confidence.
[gpu_amcl_cpp_node-6] [INFO] [1789011919.578122437] [gpu_amcl_cpp]: Publishing provisional global AMCL pose for localization ramp; travel=0.000/0.750 m stable_scans=3069/5.
[gpu_amcl_cpp_node-6] [INFO] [1789011919.724724272] [gpu_amcl_cpp]: AMCL odom delta: at_scan=(0.000, 0.000, 0.000) baseline=(0.000, 0.000, 0.000) delta=(0.000, 0.000, 0.000) moved=false scan_age=0.050s
[ground_truth_amcl_monitor-7] [INFO] [1789011919.832048151] [ground_truth_amcl_monitor]: AMCL vs GT: gt=(0.807, 3.157) amcl=(0.801, 3.158) error=0.007 m / 0.000 rad; current_map=(0.801, 3.158, -1.571) error=0.007 m / 0.000 rad; odom=(0.801, 3.157, -1.571) error=0.007 m / 0.000 rad; ekf=(0.801, 3.157, -1.571) error=0.007 m / 0.000 rad; RMS=0.004 m / 0.000 rad max=0.007 m / 0.000 rad samples=6141
[gpu_amcl_cpp_node-6] [INFO] [1789011920.730180136] [gpu_amcl_cpp]: AMCL odom delta: at_scan=(0.000, 0.000, 0.000) baseline=(0.000, 0.000, 0.000) delta=(0.000, 0.000, 0.000) moved=false scan_age=0.053s
[ground_truth_amcl_monitor-7] [INFO] [1789011920.854034727] [ground_truth_amcl_monitor]: AMCL vs GT: gt=(0.807, 3.157) amcl=(0.801, 3.158) error=0.007 m / 0.000 rad; current_map=(0.801, 3.158, -1.571) error=0.007 m / 0.000 rad; odom=(0.801, 3.157, -1.571) error=0.007 m / 0.000 rad; ekf=(0.801, 3.157, -1.571) error=0.007 m / 0.000 rad; RMS=0.004 m / 0.000 rad max=0.007 m / 0.000 rad samples=6176
[gpu_amcl_cpp_node-6] [INFO] [1789011921.609261479] [gpu_amcl_cpp]: Publishing provisional global AMCL pose for localization ramp; travel=0.000/0.750 m stable_scans=3105/5.
[gpu_amcl_cpp_node-6] [INFO] [1789011921.775563086] [gpu_amcl_cpp]: AMCL odom delta: at_scan=(0.000, 0.000, 0.000) baseline=(0.000, 0.000, 0.000) delta=(0.000, 0.000, 0.000) moved=false scan_age=0.050s
[ground_truth_amcl_monitor-7] [INFO] [1789011921.880428351] [ground_truth_amcl_monitor]: AMCL vs GT: gt=(0.807, 3.157) amcl=(0.801, 3.158) error=0.007 m / 0.000 rad; current_map=(0.801, 3.158, -1.571) error=0.007 m / 0.000 rad; odom=(0.801, 3.157, -1.571) error=0.007 m / 0.000 rad; ekf=(0.801, 3.157, -1.571) error=0.007 m / 0.000 rad; RMS=0.004 m / 0.000 rad max=0.007 m / 0.000 rad samples=6212
[gpu_amcl_cpp_node-6] [WARN] [1789011922.508098860] [gpu_amcl_cpp]: Queued LiDAR scan until source-time odometry arrives (queued=1).
[gpu_amcl_cpp_node-6] [INFO] [1789011922.824711869] [gpu_amcl_cpp]: AMCL odom delta: at_scan=(0.000, 0.000, 0.000) baseline=(0.000, 0.000, 0.000) delta=(0.000, 0.000, 0.000) moved=false scan_age=0.051s
[ground_truth_amcl_monitor-7] [INFO] [1789011922.880228988] [ground_truth_amcl_monitor]: AMCL vs GT: gt=(0.807, 3.157) amcl=(0.801, 3.158) error=0.007 m / 0.000 rad; current_map=(0.801, 3.158, -1.571) error=0.007 m / 0.000 rad; odom=(0.801, 3.157, -1.571) error=0.007 m / 0.000 rad; ekf=(0.801, 3.157, -1.571) error=0.007 m / 0.000 rad; RMS=0.004 m / 0.000 rad max=0.007 m / 0.000 rad samples=6247
[gpu_amcl_cpp_node-6] [INFO] [1789011923.628497622] [gpu_amcl_cpp]: Publishing provisional global AMCL pose for localization ramp; travel=0.000/0.750 m stable_scans=3140/5.
[gpu_amcl_cpp_node-6] [INFO] [1789011923.848741917] [gpu_amcl_cpp]: AMCL odom delta: at_scan=(0.000, 0.000, 0.000) baseline=(0.000, 0.000, 0.000) delta=(0.000, 0.000, 0.000) moved=false scan_age=0.051s
[ground_truth_amcl_monitor-7] [INFO] [1789011923.901611226] [ground_truth_amcl_monitor]: AMCL vs GT: gt=(0.807, 3.157) amcl=(0.801, 3.158) error=0.007 m / 0.000 rad; current_map=(0.801, 3.158, -1.571) error=0.007 m / 0.000 rad; odom=(0.801, 3.157, -1.571) error=0.007 m / 0.000 rad; ekf=(0.801, 3.157, -1.571) error=0.007 m / 0.000 rad; RMS=0.004 m / 0.000 rad max=0.007 m / 0.000 rad samples=6282
[gpu_amcl_cpp_node-6] [INFO] [1789011924.601100815] [gpu_amcl_cpp]: Received LiDAR callback #3180 (1081 ranges).
[gpu_amcl_cpp_node-6] [INFO] [1789011924.601197697] [gpu_amcl_cpp]: Starting AMCL scan update #3180 (sampled from 1081 ranges).
[gpu_amcl_cpp_node-6] [INFO] [1789011924.602025744] [gpu_amcl_cpp]: AMCL scan update #3180 completed; evaluating pose confidence.
[gpu_amcl_cpp_node-6] [INFO] [1789011924.881102694] [gpu_amcl_cpp]: AMCL odom delta: at_scan=(0.000, 0.000, 0.000) baseline=(0.000, 0.000, 0.000) delta=(0.000, 0.000, 0.000) moved=false scan_age=0.053s
[ground_truth_amcl_monitor-7] [INFO] [1789011924.974986204] [ground_truth_amcl_monitor]: AMCL vs GT: gt=(0.807, 3.157) amcl=(0.801, 3.158) error=0.007 m / 0.000 rad; current_map=(0.801, 3.158, -1.571) error=0.007 m / 0.000 rad; odom=(0.801, 3.157, -1.571) error=0.007 m / 0.000 rad; ekf=(0.801, 3.157, -1.571) error=0.007 m / 0.000 rad; RMS=0.004 m / 0.000 rad max=0.007 m / 0.000 rad samples=6318
[gpu_amcl_cpp_node-6] [INFO] [1789011925.653866490] [gpu_amcl_cpp]: Publishing provisional global AMCL pose for localization ramp; travel=0.000/0.750 m stable_scans=3175/5.
[gpu_amcl_cpp_node-6] [INFO] [1789011925.926426211] [gpu_amcl_cpp]: AMCL odom delta: at_scan=(0.000, 0.000, 0.000) baseline=(0.000, 0.000, 0.000) delta=(0.000, 0.000, 0.000) moved=false scan_age=0.053s
[ground_truth_amcl_monitor-7] [INFO] [1789011925.988347996] [ground_truth_amcl_monitor]: AMCL vs GT: gt=(0.807, 3.157) amcl=(0.801, 3.158) error=0.007 m / 0.000 rad; current_map=(0.801, 3.158, -1.571) error=0.007 m / 0.000 rad; odom=(0.801, 3.157, -1.571) error=0.007 m / 0.000 rad; ekf=(0.801, 3.157, -1.571) error=0.007 m / 0.000 rad; RMS=0.004 m / 0.000 rad max=0.007 m / 0.000 rad samples=6354
[gpu_amcl_cpp_node-6] [INFO] [1789011926.933869341] [gpu_amcl_cpp]: AMCL odom delta: at_scan=(0.000, 0.000, 0.000) baseline=(0.000, 0.000, 0.000) delta=(0.000, 0.000, 0.000) moved=false scan_age=0.056s
[ground_truth_amcl_monitor-7] [INFO] [1789011927.003829565] [ground_truth_amcl_monitor]: AMCL vs GT: gt=(0.807, 3.157) amcl=(0.801, 3.158) error=0.007 m / 0.000 rad; current_map=(0.801, 3.158, -1.571) error=0.007 m / 0.000 rad; odom=(0.801, 3.157, -1.571) error=0.007 m / 0.000 rad; ekf=(0.801, 3.157, -1.571) error=0.007 m / 0.000 rad; RMS=0.004 m / 0.000 rad max=0.007 m / 0.000 rad samples=6388
[gpu_amcl_cpp_node-6] [INFO] [1789011927.677749842] [gpu_amcl_cpp]: Publishing provisional global AMCL pose for localization ramp; travel=0.000/0.750 m stable_scans=3210/5.
[gpu_amcl_cpp_node-6] [INFO] [1789011927.951838990] [gpu_amcl_cpp]: AMCL odom delta: at_scan=(0.000, 0.000, 0.000) baseline=(0.000, 0.000, 0.000) delta=(0.000, 0.000, 0.000) moved=false scan_age=0.052s
[ground_truth_amcl_monitor-7] [INFO] [1789011928.006676200] [ground_truth_amcl_monitor]: AMCL vs GT: gt=(0.807, 3.157) amcl=(0.801, 3.158) error=0.007 m / 0.000 rad; current_map=(0.801, 3.158, -1.571) error=0.007 m / 0.000 rad; odom=(0.801, 3.157, -1.571) error=0.007 m / 0.000 rad; ekf=(0.801, 3.157, -1.571) error=0.007 m / 0.000 rad; RMS=0.004 m / 0.000 rad max=0.007 m / 0.000 rad samples=6424
[gpu_amcl_cpp_node-6] [INFO] [1789011928.974730094] [gpu_amcl_cpp]: AMCL odom delta: at_scan=(0.000, 0.000, 0.000) baseline=(0.000, 0.000, 0.000) delta=(0.000, 0.000, 0.000) moved=false scan_age=0.051s
[ground_truth_amcl_monitor-7] [INFO] [1789011929.027041474] [ground_truth_amcl_monitor]: AMCL vs GT: gt=(0.807, 3.157) amcl=(0.801, 3.158) error=0.007 m / 0.000 rad; current_map=(0.801, 3.158, -1.571) error=0.007 m / 0.000 rad; odom=(0.801, 3.157, -1.571) error=0.007 m / 0.000 rad; ekf=(0.801, 3.157, -1.571) error=0.007 m / 0.000 rad; RMS=0.004 m / 0.000 rad max=0.007 m / 0.000 rad samples=6460
[gpu_amcl_cpp_node-6] [INFO] [1789011929.649621036] [gpu_amcl_cpp]: Received LiDAR callback #3268 (1081 ranges).
[gpu_amcl_cpp_node-6] [INFO] [1789011929.649694374] [gpu_amcl_cpp]: Starting AMCL scan update #3268 (sampled from 1081 ranges).
[gpu_amcl_cpp_node-6] [INFO] [1789011929.650271089] [gpu_amcl_cpp]: AMCL scan update #3268 completed; evaluating pose confidence.
[gpu_amcl_cpp_node-6] [INFO] [1789011929.704835185] [gpu_amcl_cpp]: Publishing provisional global AMCL pose for localization ramp; travel=0.000/0.750 m stable_scans=3246/5.
[gpu_amcl_cpp_node-6] [INFO] [1789011929.999351623] [gpu_amcl_cpp]: AMCL odom delta: at_scan=(0.000, 0.000, 0.000) baseline=(0.000, 0.000, 0.000) delta=(0.000, 0.000, 0.000) moved=false scan_age=0.051s
[ground_truth_amcl_monitor-7] [INFO] [1789011930.051616275] [ground_truth_amcl_monitor]: AMCL vs GT: gt=(0.807, 3.157) amcl=(0.801, 3.158) error=0.007 m / 0.000 rad; current_map=(0.801, 3.158, -1.571) error=0.007 m / 0.000 rad; odom=(0.801, 3.157, -1.571) error=0.007 m / 0.000 rad; ekf=(0.801, 3.157, -1.571) error=0.007 m / 0.000 rad; RMS=0.004 m / 0.000 rad max=0.007 m / 0.000 rad samples=6496
[gpu_amcl_cpp_node-6] [INFO] [1789011931.052031215] [gpu_amcl_cpp]: AMCL odom delta: at_scan=(0.000, 0.000, 0.000) baseline=(0.000, 0.000, 0.000) delta=(0.000, 0.000, 0.000) moved=false scan_age=0.053s
[ground_truth_amcl_monitor-7] [INFO] [1789011931.053284182] [ground_truth_amcl_monitor]: AMCL vs GT: gt=(0.808, 3.157) amcl=(0.801, 3.158) error=0.007 m / 0.000 rad; current_map=(0.801, 3.158, -1.571) error=0.007 m / 0.000 rad; odom=(0.801, 3.157, -1.571) error=0.007 m / 0.000 rad; ekf=(0.801, 3.157, -1.571) error=0.007 m / 0.000 rad; RMS=0.004 m / 0.000 rad max=0.007 m / 0.000 rad samples=6530
[gpu_amcl_cpp_node-6] [INFO] [1789011931.705560298] [gpu_amcl_cpp]: Publishing provisional global AMCL pose for localization ramp; travel=0.000/0.750 m stable_scans=3280/5.
[gpu_amcl_cpp_node-6] [INFO] [1789011932.053034030] [gpu_amcl_cpp]: AMCL odom delta: at_scan=(0.000, 0.000, 0.000) baseline=(0.000, 0.000, 0.000) delta=(0.000, 0.000, 0.000) moved=false scan_age=0.052s
[ground_truth_amcl_monitor-7] [INFO] [1789011932.053706445] [ground_truth_amcl_monitor]: AMCL vs GT: gt=(0.808, 3.157) amcl=(0.801, 3.158) error=0.007 m / 0.000 rad; current_map=(0.801, 3.158, -1.571) error=0.007 m / 0.000 rad; odom=(0.801, 3.157, -1.571) error=0.007 m / 0.000 rad; ekf=(0.801, 3.157, -1.571) error=0.007 m / 0.000 rad; RMS=0.004 m / 0.000 rad max=0.007 m / 0.000 rad samples=6564
[gpu_amcl_cpp_node-6] [WARN] [1789011933.023636938] [gpu_amcl_cpp]: Queued LiDAR scan until source-time odometry arrives (queued=1).
[gpu_amcl_cpp_node-6] [INFO] [1789011933.075623567] [gpu_amcl_cpp]: AMCL odom delta: at_scan=(0.000, 0.000, 0.000) baseline=(0.000, 0.000, 0.000) delta=(0.000, 0.000, 0.000) moved=false scan_age=0.052s
[ground_truth_amcl_monitor-7] [INFO] [1789011933.076727433] [ground_truth_amcl_monitor]: AMCL vs GT: gt=(0.808, 3.157) amcl=(0.801, 3.158) error=0.007 m / 0.000 rad; current_map=(0.801, 3.158, -1.571) error=0.007 m / 0.000 rad; odom=(0.801, 3.157, -1.571) error=0.007 m / 0.000 rad; ekf=(0.801, 3.157, -1.571) error=0.007 m / 0.000 rad; RMS=0.004 m / 0.000 rad max=0.007 m / 0.000 rad samples=6600
[gpu_amcl_cpp_node-6] [INFO] [1789011933.753951492] [gpu_amcl_cpp]: Publishing provisional global AMCL pose for localization ramp; travel=0.000/0.750 m stable_scans=3316/5.
[gpu_amcl_cpp_node-6] [INFO] [1789011934.083467930] [gpu_amcl_cpp]: AMCL odom delta: at_scan=(0.000, 0.000, 0.000) baseline=(0.000, 0.000, 0.000) delta=(0.000, 0.000, 0.000) moved=false scan_age=0.056s
[ground_truth_amcl_monitor-7] [INFO] [1789011934.084248017] [ground_truth_amcl_monitor]: AMCL vs GT: gt=(0.808, 3.157) amcl=(0.801, 3.158) error=0.007 m / 0.000 rad; current_map=(0.801, 3.158, -1.571) error=0.007 m / 0.000 rad; odom=(0.801, 3.157, -1.571) error=0.007 m / 0.000 rad; ekf=(0.801, 3.157, -1.571) error=0.007 m / 0.000 rad; RMS=0.004 m / 0.000 rad max=0.007 m / 0.000 rad samples=6636
[gpu_amcl_cpp_node-6] [INFO] [1789011934.679427714] [gpu_amcl_cpp]: Received LiDAR callback #3357 (1081 ranges).
[gpu_amcl_cpp_node-6] [INFO] [1789011934.679504548] [gpu_amcl_cpp]: Starting AMCL scan update #3357 (sampled from 1081 ranges).
[gpu_amcl_cpp_node-6] [INFO] [1789011934.680165842] [gpu_amcl_cpp]: AMCL scan update #3357 completed; evaluating pose confidence.
[gpu_amcl_cpp_node-6] [INFO] [1789011935.125077068] [gpu_amcl_cpp]: AMCL odom delta: at_scan=(0.000, 0.000, 0.000) baseline=(0.000, 0.000, 0.000) delta=(0.000, 0.000, 0.000) moved=false scan_age=0.050s
[ground_truth_amcl_monitor-7] [INFO] [1789011935.128197507] [ground_truth_amcl_monitor]: AMCL vs GT: gt=(0.808, 3.157) amcl=(0.801, 3.158) error=0.007 m / 0.000 rad; current_map=(0.801, 3.158, -1.571) error=0.007 m / 0.000 rad; odom=(0.801, 3.157, -1.571) error=0.007 m / 0.000 rad; ekf=(0.801, 3.157, -1.571) error=0.007 m / 0.000 rad; RMS=0.004 m / 0.000 rad max=0.007 m / 0.000 rad samples=6672
[gpu_amcl_cpp_node-6] [INFO] [1789011935.780587978] [gpu_amcl_cpp]: Publishing provisional global AMCL pose for localization ramp; travel=0.000/0.750 m stable_scans=3352/5.
[ground_truth_amcl_monitor-7] [INFO] [1789011936.128302323] [ground_truth_amcl_monitor]: AMCL vs GT: gt=(0.808, 3.157) amcl=(0.801, 3.158) error=0.007 m / 0.000 rad; current_map=(0.801, 3.158, -1.571) error=0.007 m / 0.000 rad; odom=(0.801, 3.157, -1.571) error=0.007 m / 0.000 rad; ekf=(0.801, 3.157, -1.571) error=0.007 m / 0.000 rad; RMS=0.004 m / 0.000 rad max=0.007 m / 0.000 rad samples=6708
[gpu_amcl_cpp_node-6] [INFO] [1789011936.128611835] [gpu_amcl_cpp]: AMCL odom delta: at_scan=(0.000, 0.000, 0.000) baseline=(0.000, 0.000, 0.000) delta=(0.000, 0.000, 0.000) moved=false scan_age=0.053s
[ground_truth_amcl_monitor-7] [INFO] [1789011937.128396929] [ground_truth_amcl_monitor]: AMCL vs GT: gt=(0.808, 3.157) amcl=(0.801, 3.158) error=0.007 m / 0.000 rad; current_map=(0.801, 3.158, -1.571) error=0.007 m / 0.000 rad; odom=(0.801, 3.157, -1.571) error=0.007 m / 0.000 rad; ekf=(0.801, 3.157, -1.571) error=0.007 m / 0.000 rad; RMS=0.004 m / 0.000 rad max=0.007 m / 0.000 rad samples=6742
[gpu_amcl_cpp_node-6] [INFO] [1789011937.182723999] [gpu_amcl_cpp]: AMCL odom delta: at_scan=(0.000, 0.000, 0.000) baseline=(0.000, 0.000, 0.000) delta=(0.000, 0.000, 0.000) moved=false scan_age=0.055s
[gpu_amcl_cpp_node-6] [INFO] [1789011937.811323433] [gpu_amcl_cpp]: Publishing provisional global AMCL pose for localization ramp; travel=0.000/0.750 m stable_scans=3386/5.
[gpu_amcl_cpp_node-6] [INFO] [1789011938.187423426] [gpu_amcl_cpp]: AMCL odom delta: at_scan=(0.000, 0.000, 0.000) baseline=(0.000, 0.000, 0.000) delta=(0.000, 0.000, 0.000) moved=false scan_age=0.064s
[ground_truth_amcl_monitor-7] [INFO] [1789011938.188361350] [ground_truth_amcl_monitor]: AMCL vs GT: gt=(0.808, 3.157) amcl=(0.801, 3.158) error=0.007 m / 0.000 rad; current_map=(0.801, 3.158, -1.571) error=0.007 m / 0.000 rad; odom=(0.801, 3.157, -1.571) error=0.007 m / 0.000 rad; ekf=(0.801, 3.157, -1.571) error=0.007 m / 0.000 rad; RMS=0.004 m / 0.000 rad max=0.007 m / 0.000 rad samples=6776
[gpu_amcl_cpp_node-6] [INFO] [1789011939.231467093] [gpu_amcl_cpp]: AMCL odom delta: at_scan=(0.000, 0.000, 0.000) baseline=(0.000, 0.000, 0.000) delta=(0.000, 0.000, 0.000) moved=false scan_age=0.055s
[ground_truth_amcl_monitor-7] [INFO] [1789011939.232053956] [ground_truth_amcl_monitor]: AMCL vs GT: gt=(0.808, 3.157) amcl=(0.801, 3.158) error=0.007 m / 0.000 rad; current_map=(0.801, 3.158, -1.571) error=0.007 m / 0.000 rad; odom=(0.801, 3.157, -1.571) error=0.007 m / 0.000 rad; ekf=(0.801, 3.157, -1.571) error=0.007 m / 0.000 rad; RMS=0.004 m / 0.000 rad max=0.007 m / 0.000 rad samples=6812
[gpu_amcl_cpp_node-6] [WARN] [1789011939.408748240] [gpu_amcl_cpp]: Queued LiDAR scan until source-time odometry arrives (queued=1).
[gpu_amcl_cpp_node-6] [INFO] [1789011939.701134441] [gpu_amcl_cpp]: Received LiDAR callback #3445 (1081 ranges).
[gpu_amcl_cpp_node-6] [INFO] [1789011939.701218148] [gpu_amcl_cpp]: Starting AMCL scan update #3445 (sampled from 1081 ranges).
[gpu_amcl_cpp_node-6] [INFO] [1789011939.701834648] [gpu_amcl_cpp]: AMCL scan update #3445 completed; evaluating pose confidence.
[gpu_amcl_cpp_node-6] [INFO] [1789011939.830796283] [gpu_amcl_cpp]: Publishing provisional global AMCL pose for localization ramp; travel=0.000/0.750 m stable_scans=3420/5.
[gpu_amcl_cpp_node-6] [INFO] [1789011940.279848908] [gpu_amcl_cpp]: AMCL odom delta: at_scan=(0.000, 0.000, 0.000) baseline=(0.000, 0.000, 0.000) delta=(0.000, 0.000, 0.000) moved=false scan_age=0.053s
[ground_truth_amcl_monitor-7] [INFO] [1789011940.280433247] [ground_truth_amcl_monitor]: AMCL vs GT: gt=(0.808, 3.157) amcl=(0.801, 3.158) error=0.007 m / 0.000 rad; current_map=(0.801, 3.158, -1.571) error=0.007 m / 0.000 rad; odom=(0.801, 3.157, -1.571) error=0.007 m / 0.000 rad; ekf=(0.801, 3.157, -1.571) error=0.007 m / 0.000 rad; RMS=0.004 m / 0.000 rad max=0.007 m / 0.000 rad samples=6848
[gpu_amcl_cpp_node-6] [INFO] [1789011941.281676553] [gpu_amcl_cpp]: AMCL odom delta: at_scan=(0.000, 0.000, 0.000) baseline=(0.000, 0.000, 0.000) delta=(0.000, 0.000, 0.000) moved=false scan_age=0.055s
[ground_truth_amcl_monitor-7] [INFO] [1789011941.283125198] [ground_truth_amcl_monitor]: AMCL vs GT: gt=(0.808, 3.157) amcl=(0.801, 3.158) error=0.008 m / 0.000 rad; current_map=(0.801, 3.158, -1.571) error=0.008 m / 0.000 rad; odom=(0.801, 3.157, -1.571) error=0.007 m / 0.000 rad; ekf=(0.801, 3.157, -1.571) error=0.007 m / 0.000 rad; RMS=0.004 m / 0.000 rad max=0.008 m / 0.000 rad samples=6884
[gpu_amcl_cpp_node-6] [INFO] [1789011941.858075345] [gpu_amcl_cpp]: Publishing provisional global AMCL pose for localization ramp; travel=0.000/0.750 m stable_scans=3456/5.
[gpu_amcl_cpp_node-6] [INFO] [1789011942.323764951] [gpu_amcl_cpp]: AMCL odom delta: at_scan=(0.000, 0.000, 0.000) baseline=(0.000, 0.000, 0.000) delta=(0.000, 0.000, 0.000) moved=false scan_age=0.050s
[ground_truth_amcl_monitor-7] [INFO] [1789011942.324775452] [ground_truth_amcl_monitor]: AMCL vs GT: gt=(0.808, 3.157) amcl=(0.801, 3.158) error=0.008 m / 0.000 rad; current_map=(0.801, 3.158, -1.571) error=0.008 m / 0.000 rad; odom=(0.801, 3.157, -1.571) error=0.007 m / 0.000 rad; ekf=(0.801, 3.157, -1.571) error=0.007 m / 0.000 rad; RMS=0.004 m / 0.000 rad max=0.008 m / 0.000 rad samples=6920
[gpu_amcl_cpp_node-6] [INFO] [1789011943.326480976] [gpu_amcl_cpp]: AMCL odom delta: at_scan=(0.000, 0.000, 0.000) baseline=(0.000, 0.000, 0.000) delta=(0.000, 0.000, 0.000) moved=false scan_age=0.052s
[ground_truth_amcl_monitor-7] [INFO] [1789011943.327169491] [ground_truth_amcl_monitor]: AMCL vs GT: gt=(0.808, 3.157) amcl=(0.801, 3.158) error=0.008 m / 0.000 rad; current_map=(0.801, 3.158, -1.571) error=0.008 m / 0.000 rad; odom=(0.801, 3.157, -1.571) error=0.007 m / 0.000 rad; ekf=(0.801, 3.157, -1.571) error=0.007 m / 0.000 rad; RMS=0.004 m / 0.000 rad max=0.008 m / 0.000 rad samples=6956
[gpu_amcl_cpp_node-6] [INFO] [1789011943.880514232] [gpu_amcl_cpp]: Publishing provisional global AMCL pose for localization ramp; travel=0.000/0.750 m stable_scans=3492/5.
[ground_truth_amcl_monitor-7] [INFO] [1789011944.327170469] [ground_truth_amcl_monitor]: AMCL vs GT: gt=(0.808, 3.157) amcl=(0.801, 3.158) error=0.008 m / 0.000 rad; current_map=(0.801, 3.158, -1.571) error=0.008 m / 0.000 rad; odom=(0.801, 3.157, -1.571) error=0.008 m / 0.000 rad; ekf=(0.801, 3.157, -1.571) error=0.008 m / 0.000 rad; RMS=0.004 m / 0.000 rad max=0.008 m / 0.000 rad samples=6992
[gpu_amcl_cpp_node-6] [INFO] [1789011944.375003906] [gpu_amcl_cpp]: AMCL odom delta: at_scan=(0.000, 0.000, 0.000) baseline=(0.000, 0.000, 0.000) delta=(0.000, 0.000, 0.000) moved=false scan_age=0.050s
[gpu_amcl_cpp_node-6] [INFO] [1789011944.751410946] [gpu_amcl_cpp]: Received LiDAR callback #3535 (1081 ranges).
[gpu_amcl_cpp_node-6] [INFO] [1789011944.751500344] [gpu_amcl_cpp]: Starting AMCL scan update #3535 (sampled from 1081 ranges).
[gpu_amcl_cpp_node-6] [INFO] [1789011944.752605423] [gpu_amcl_cpp]: AMCL scan update #3535 completed; evaluating pose confidence.
[ground_truth_amcl_monitor-7] [INFO] [1789011945.351022397] [ground_truth_amcl_monitor]: AMCL vs GT: gt=(0.808, 3.157) amcl=(0.801, 3.158) error=0.008 m / 0.000 rad; current_map=(0.801, 3.158, -1.571) error=0.008 m / 0.000 rad; odom=(0.801, 3.157, -1.571) error=0.008 m / 0.000 rad; ekf=(0.801, 3.157, -1.571) error=0.008 m / 0.000 rad; RMS=0.004 m / 0.000 rad max=0.008 m / 0.000 rad samples=7028
[gpu_amcl_cpp_node-6] [INFO] [1789011945.400115823] [gpu_amcl_cpp]: AMCL odom delta: at_scan=(0.000, 0.000, 0.000) baseline=(0.000, 0.000, 0.000) delta=(0.000, 0.000, 0.000) moved=false scan_age=0.050s
[gpu_amcl_cpp_node-6] [INFO] [1789011945.902244185] [gpu_amcl_cpp]: Publishing provisional global AMCL pose for localization ramp; travel=0.000/0.750 m stable_scans=3528/5.
[ground_truth_amcl_monitor-7] [INFO] [1789011946.382136363] [ground_truth_amcl_monitor]: AMCL vs GT: gt=(0.808, 3.157) amcl=(0.801, 3.158) error=0.008 m / 0.000 rad; current_map=(0.801, 3.158, -1.571) error=0.008 m / 0.000 rad; odom=(0.801, 3.157, -1.571) error=0.008 m / 0.000 rad; ekf=(0.801, 3.157, -1.571) error=0.008 m / 0.000 rad; RMS=0.004 m / 0.000 rad max=0.008 m / 0.000 rad samples=7066
[gpu_amcl_cpp_node-6] [INFO] [1789011946.449728983] [gpu_amcl_cpp]: AMCL odom delta: at_scan=(0.000, 0.000, 0.000) baseline=(0.000, 0.000, 0.000) delta=(0.000, 0.000, 0.000) moved=false scan_age=0.051s
[ground_truth_amcl_monitor-7] [INFO] [1789011947.405090281] [ground_truth_amcl_monitor]: AMCL vs GT: gt=(0.808, 3.157) amcl=(0.801, 3.158) error=0.008 m / 0.000 rad; current_map=(0.801, 3.158, -1.571) error=0.008 m / 0.000 rad; odom=(0.801, 3.157, -1.571) error=0.008 m / 0.000 rad; ekf=(0.801, 3.157, -1.571) error=0.008 m / 0.000 rad; RMS=0.005 m / 0.000 rad max=0.008 m / 0.000 rad samples=7102
[gpu_amcl_cpp_node-6] [INFO] [1789011947.454458434] [gpu_amcl_cpp]: AMCL odom delta: at_scan=(0.000, 0.000, 0.000) baseline=(0.000, 0.000, 0.000) delta=(0.000, 0.000, 0.000) moved=false scan_age=0.051s
[gpu_amcl_cpp_node-6] [WARN] [1789011947.524183355] [gpu_amcl_cpp]: Queued LiDAR scan until source-time odometry arrives (queued=1).
[gpu_amcl_cpp_node-6] [INFO] [1789011947.909649113] [gpu_amcl_cpp]: Publishing provisional global AMCL pose for localization ramp; travel=0.000/0.750 m stable_scans=3564/5.
[ground_truth_amcl_monitor-7] [INFO] [1789011948.409150022] [ground_truth_amcl_monitor]: AMCL vs GT: gt=(0.808, 3.157) amcl=(0.801, 3.158) error=0.008 m / 0.000 rad; current_map=(0.801, 3.158, -1.571) error=0.008 m / 0.000 rad; odom=(0.801, 3.157, -1.571) error=0.008 m / 0.000 rad; ekf=(0.801, 3.157, -1.571) error=0.008 m / 0.000 rad; RMS=0.005 m / 0.000 rad max=0.008 m / 0.000 rad samples=7138
[gpu_amcl_cpp_node-6] [INFO] [1789011948.474359330] [gpu_amcl_cpp]: AMCL odom delta: at_scan=(0.000, 0.000, 0.000) baseline=(0.000, 0.000, 0.000) delta=(0.000, 0.000, 0.000) moved=false scan_age=0.051s
[ground_truth_amcl_monitor-7] [INFO] [1789011949.411271798] [ground_truth_amcl_monitor]: AMCL vs GT: gt=(0.808, 3.157) amcl=(0.801, 3.158) error=0.008 m / 0.000 rad; current_map=(0.801, 3.158, -1.571) error=0.008 m / 0.000 rad; odom=(0.801, 3.157, -1.571) error=0.008 m / 0.000 rad; ekf=(0.801, 3.157, -1.571) error=0.008 m / 0.000 rad; RMS=0.005 m / 0.000 rad max=0.008 m / 0.000 rad samples=7173
[gpu_amcl_cpp_node-6] [INFO] [1789011949.474744750] [gpu_amcl_cpp]: AMCL odom delta: at_scan=(0.000, 0.000, 0.000) baseline=(0.000, 0.000, 0.000) delta=(0.000, 0.000, 0.000) moved=false scan_age=0.052s
[gpu_amcl_cpp_node-6] [INFO] [1789011949.755349792] [gpu_amcl_cpp]: Received LiDAR callback #3624 (1081 ranges).
[gpu_amcl_cpp_node-6] [INFO] [1789011949.755439941] [gpu_amcl_cpp]: Starting AMCL scan update #3624 (sampled from 1081 ranges).
[gpu_amcl_cpp_node-6] [INFO] [1789011949.756115311] [gpu_amcl_cpp]: AMCL scan update #3624 completed; evaluating pose confidence.
[gpu_amcl_cpp_node-6] [INFO] [1789011949.934087868] [gpu_amcl_cpp]: Publishing provisional global AMCL pose for localization ramp; travel=0.000/0.750 m stable_scans=3599/5.
[ground_truth_amcl_monitor-7] [INFO] [1789011950.424598388] [ground_truth_amcl_monitor]: AMCL vs GT: gt=(0.808, 3.157) amcl=(0.801, 3.158) error=0.008 m / 0.000 rad; current_map=(0.801, 3.158, -1.571) error=0.008 m / 0.000 rad; odom=(0.801, 3.157, -1.571) error=0.008 m / 0.000 rad; ekf=(0.801, 3.157, -1.571) error=0.008 m / 0.000 rad; RMS=0.005 m / 0.000 rad max=0.008 m / 0.000 rad samples=7206
[gpu_amcl_cpp_node-6] [INFO] [1789011950.526027589] [gpu_amcl_cpp]: AMCL odom delta: at_scan=(0.000, 0.000, 0.000) baseline=(0.000, 0.000, 0.000) delta=(0.000, 0.000, 0.000) moved=false scan_age=0.051s
[ground_truth_amcl_monitor-7] [INFO] [1789011951.428853024] [ground_truth_amcl_monitor]: AMCL vs GT: gt=(0.808, 3.157) amcl=(0.801, 3.158) error=0.008 m / 0.000 rad; current_map=(0.801, 3.158, -1.571) error=0.008 m / 0.000 rad; odom=(0.801, 3.157, -1.571) error=0.008 m / 0.000 rad; ekf=(0.801, 3.157, -1.571) error=0.008 m / 0.000 rad; RMS=0.005 m / 0.000 rad max=0.008 m / 0.000 rad samples=7243
[gpu_amcl_cpp_node-6] [INFO] [1789011951.575453115] [gpu_amcl_cpp]: AMCL odom delta: at_scan=(0.000, 0.000, 0.000) baseline=(0.000, 0.000, 0.000) delta=(0.000, 0.000, 0.000) moved=false scan_age=0.050s
[gpu_amcl_cpp_node-6] [INFO] [1789011951.954334969] [gpu_amcl_cpp]: Publishing provisional global AMCL pose for localization ramp; travel=0.000/0.750 m stable_scans=3635/5.
[gpu_amcl_cpp_node-6] [WARN] [1789011952.182828618] [gpu_amcl_cpp]: Queued LiDAR scan until source-time odometry arrives (queued=1).
[ground_truth_amcl_monitor-7] [INFO] [1789011952.475483433] [ground_truth_amcl_monitor]: AMCL vs GT: gt=(0.808, 3.157) amcl=(0.801, 3.158) error=0.008 m / 0.000 rad; current_map=(0.801, 3.158, -1.571) error=0.008 m / 0.000 rad; odom=(0.801, 3.157, -1.571) error=0.008 m / 0.000 rad; ekf=(0.801, 3.157, -1.571) error=0.008 m / 0.000 rad; RMS=0.005 m / 0.000 rad max=0.008 m / 0.000 rad samples=7280
[gpu_amcl_cpp_node-6] [INFO] [1789011952.575854775] [gpu_amcl_cpp]: AMCL odom delta: at_scan=(0.000, 0.000, 0.000) baseline=(0.000, 0.000, 0.000) delta=(0.000, 0.000, 0.000) moved=false scan_age=0.050s
[ground_truth_amcl_monitor-7] [INFO] [1789011953.499550894] [ground_truth_amcl_monitor]: AMCL vs GT: gt=(0.808, 3.157) amcl=(0.801, 3.158) error=0.008 m / 0.000 rad; current_map=(0.801, 3.158, -1.571) error=0.008 m / 0.000 rad; odom=(0.801, 3.157, -1.571) error=0.008 m / 0.000 rad; ekf=(0.801, 3.157, -1.571) error=0.008 m / 0.000 rad; RMS=0.005 m / 0.000 rad max=0.008 m / 0.000 rad samples=7316
[gpu_amcl_cpp_node-6] [INFO] [1789011953.605545512] [gpu_amcl_cpp]: AMCL odom delta: at_scan=(0.000, 0.000, 0.000) baseline=(0.000, 0.000, 0.000) delta=(0.000, 0.000, 0.000) moved=false scan_age=0.054s
[gpu_amcl_cpp_node-6] [INFO] [1789011954.004748857] [gpu_amcl_cpp]: Publishing provisional global AMCL pose for localization ramp; travel=0.000/0.750 m stable_scans=3671/5.
[ground_truth_amcl_monitor-7] [INFO] [1789011954.525218935] [ground_truth_amcl_monitor]: AMCL vs GT: gt=(0.808, 3.157) amcl=(0.801, 3.158) error=0.008 m / 0.000 rad; current_map=(0.801, 3.158, -1.571) error=0.008 m / 0.000 rad; odom=(0.801, 3.157, -1.571) error=0.008 m / 0.000 rad; ekf=(0.801, 3.157, -1.571) error=0.008 m / 0.000 rad; RMS=0.005 m / 0.000 rad max=0.008 m / 0.000 rad samples=7352
[gpu_amcl_cpp_node-6] [INFO] [1789011954.624998393] [gpu_amcl_cpp]: AMCL odom delta: at_scan=(0.000, 0.000, 0.000) baseline=(0.000, 0.000, 0.000) delta=(0.000, 0.000, 0.000) moved=false scan_age=0.050s
[gpu_amcl_cpp_node-6] [INFO] [1789011954.777023147] [gpu_amcl_cpp]: Received LiDAR callback #3715 (1081 ranges).
[gpu_amcl_cpp_node-6] [INFO] [1789011954.777095934] [gpu_amcl_cpp]: Starting AMCL scan update #3715 (sampled from 1081 ranges).
[gpu_amcl_cpp_node-6] [INFO] [1789011954.777937156] [gpu_amcl_cpp]: AMCL scan update #3715 completed; evaluating pose confidence.
[ground_truth_amcl_monitor-7] [INFO] [1789011955.577614837] [ground_truth_amcl_monitor]: AMCL vs GT: gt=(0.808, 3.157) amcl=(0.801, 3.158) error=0.008 m / 0.000 rad; current_map=(0.801, 3.158, -1.571) error=0.008 m / 0.000 rad; odom=(0.801, 3.157, -1.571) error=0.008 m / 0.000 rad; ekf=(0.801, 3.157, -1.571) error=0.008 m / 0.000 rad; RMS=0.005 m / 0.000 rad max=0.008 m / 0.000 rad samples=7390
[gpu_amcl_cpp_node-6] [INFO] [1789011955.626730024] [gpu_amcl_cpp]: AMCL odom delta: at_scan=(0.000, 0.000, 0.000) baseline=(0.000, 0.000, 0.000) delta=(0.000, 0.000, 0.000) moved=false scan_age=0.051s
[gpu_amcl_cpp_node-6] [WARN] [1789011956.031477717] [gpu_amcl_cpp]: Queued LiDAR scan until source-time odometry arrives (queued=1).
[gpu_amcl_cpp_node-6] [INFO] [1789011956.038005034] [gpu_amcl_cpp]: Publishing provisional global AMCL pose for localization ramp; travel=0.000/0.750 m stable_scans=3707/5.
[ground_truth_amcl_monitor-7] [INFO] [1789011956.577995285] [ground_truth_amcl_monitor]: AMCL vs GT: gt=(0.808, 3.157) amcl=(0.801, 3.158) error=0.008 m / 0.000 rad; current_map=(0.801, 3.158, -1.571) error=0.008 m / 0.000 rad; odom=(0.801, 3.157, -1.571) error=0.008 m / 0.000 rad; ekf=(0.801, 3.157, -1.571) error=0.008 m / 0.000 rad; RMS=0.005 m / 0.000 rad max=0.008 m / 0.000 rad samples=7424
[gpu_amcl_cpp_node-6] [INFO] [1789011956.627918983] [gpu_amcl_cpp]: AMCL odom delta: at_scan=(0.000, 0.000, 0.000) baseline=(0.000, 0.000, 0.000) delta=(0.000, 0.000, 0.000) moved=false scan_age=0.052s
[ground_truth_amcl_monitor-7] [INFO] [1789011957.602020045] [ground_truth_amcl_monitor]: AMCL vs GT: gt=(0.809, 3.157) amcl=(0.801, 3.158) error=0.008 m / 0.000 rad; current_map=(0.801, 3.158, -1.571) error=0.008 m / 0.000 rad; odom=(0.801, 3.157, -1.571) error=0.008 m / 0.000 rad; ekf=(0.801, 3.157, -1.571) error=0.008 m / 0.000 rad; RMS=0.005 m / 0.000 rad max=0.008 m / 0.000 rad samples=7460
[gpu_amcl_cpp_node-6] [INFO] [1789011957.652101199] [gpu_amcl_cpp]: AMCL odom delta: at_scan=(0.000, 0.000, 0.000) baseline=(0.000, 0.000, 0.000) delta=(0.000, 0.000, 0.000) moved=false scan_age=0.050s
[gpu_amcl_cpp_node-6] [INFO] [1789011958.051507285] [gpu_amcl_cpp]: Publishing provisional global AMCL pose for localization ramp; travel=0.000/0.750 m stable_scans=3742/5.
[ground_truth_amcl_monitor-7] [INFO] [1789011958.603198374] [ground_truth_amcl_monitor]: AMCL vs GT: gt=(0.809, 3.157) amcl=(0.801, 3.158) error=0.008 m / 0.000 rad; current_map=(0.801, 3.158, -1.571) error=0.008 m / 0.000 rad; odom=(0.801, 3.157, -1.571) error=0.008 m / 0.000 rad; ekf=(0.801, 3.157, -1.571) error=0.008 m / 0.000 rad; RMS=0.005 m / 0.000 rad max=0.008 m / 0.000 rad samples=7497
[gpu_amcl_cpp_node-6] [INFO] [1789011958.701652410] [gpu_amcl_cpp]: AMCL odom delta: at_scan=(0.000, 0.000, 0.000) baseline=(0.000, 0.000, 0.000) delta=(0.000, 0.000, 0.000) moved=false scan_age=0.051s
[ground_truth_amcl_monitor-7] [INFO] [1789011959.605361525] [ground_truth_amcl_monitor]: AMCL vs GT: gt=(0.809, 3.157) amcl=(0.801, 3.158) error=0.008 m / 0.000 rad; current_map=(0.801, 3.158, -1.571) error=0.008 m / 0.000 rad; odom=(0.801, 3.157, -1.571) error=0.008 m / 0.000 rad; ekf=(0.801, 3.157, -1.571) error=0.008 m / 0.000 rad; RMS=0.005 m / 0.000 rad max=0.008 m / 0.000 rad samples=7532
[gpu_amcl_cpp_node-6] [INFO] [1789011959.724293376] [gpu_amcl_cpp]: AMCL odom delta: at_scan=(0.000, 0.000, 0.000) baseline=(0.000, 0.000, 0.000) delta=(0.000, 0.000, 0.000) moved=false scan_age=0.051s
[gpu_amcl_cpp_node-6] [INFO] [1789011959.824962267] [gpu_amcl_cpp]: Received LiDAR callback #3806 (1081 ranges).
[gpu_amcl_cpp_node-6] [INFO] [1789011959.825037048] [gpu_amcl_cpp]: Starting AMCL scan update #3806 (sampled from 1081 ranges).
[gpu_amcl_cpp_node-6] [INFO] [1789011959.825883139] [gpu_amcl_cpp]: AMCL scan update #3806 completed; evaluating pose confidence.
[gpu_amcl_cpp_node-6] [INFO] [1789011960.083016123] [gpu_amcl_cpp]: Publishing provisional global AMCL pose for localization ramp; travel=0.000/0.750 m stable_scans=3779/5.
[gpu_amcl_cpp_node-6] [WARN] [1789011960.574438046] [gpu_amcl_cpp]: Queued LiDAR scan until source-time odometry arrives (queued=1).
[ground_truth_amcl_monitor-7] [INFO] [1789011960.628148466] [ground_truth_amcl_monitor]: AMCL vs GT: gt=(0.809, 3.157) amcl=(0.801, 3.158) error=0.008 m / 0.000 rad; current_map=(0.801, 3.158, -1.571) error=0.008 m / 0.000 rad; odom=(0.801, 3.157, -1.571) error=0.008 m / 0.000 rad; ekf=(0.801, 3.157, -1.571) error=0.008 m / 0.000 rad; RMS=0.005 m / 0.000 rad max=0.008 m / 0.000 rad samples=7570
[gpu_amcl_cpp_node-6] [INFO] [1789011960.730404102] [gpu_amcl_cpp]: AMCL odom delta: at_scan=(0.000, 0.000, 0.000) baseline=(0.000, 0.000, 0.000) delta=(0.000, 0.000, 0.000) moved=false scan_age=0.054s
[ground_truth_amcl_monitor-7] [INFO] [1789011961.628388960] [ground_truth_amcl_monitor]: AMCL vs GT: gt=(0.809, 3.157) amcl=(0.801, 3.158) error=0.008 m / 0.000 rad; current_map=(0.801, 3.158, -1.571) error=0.008 m / 0.000 rad; odom=(0.801, 3.157, -1.571) error=0.008 m / 0.000 rad; ekf=(0.801, 3.157, -1.571) error=0.008 m / 0.000 rad; RMS=0.005 m / 0.000 rad max=0.008 m / 0.000 rad samples=7607
[gpu_amcl_cpp_node-6] [INFO] [1789011961.776204176] [gpu_amcl_cpp]: AMCL odom delta: at_scan=(0.000, 0.000, 0.000) baseline=(0.000, 0.000, 0.000) delta=(0.000, 0.000, 0.000) moved=false scan_age=0.051s
[gpu_amcl_cpp_node-6] [INFO] [1789011962.105228275] [gpu_amcl_cpp]: Publishing provisional global AMCL pose for localization ramp; travel=0.000/0.750 m stable_scans=3816/5.
[ground_truth_amcl_monitor-7] [INFO] [1789011962.652608916] [ground_truth_amcl_monitor]: AMCL vs GT: gt=(0.809, 3.157) amcl=(0.801, 3.158) error=0.008 m / 0.000 rad; current_map=(0.801, 3.158, -1.571) error=0.008 m / 0.000 rad; odom=(0.801, 3.157, -1.571) error=0.008 m / 0.000 rad; ekf=(0.801, 3.157, -1.571) error=0.008 m / 0.000 rad; RMS=0.005 m / 0.000 rad max=0.008 m / 0.000 rad samples=7644
[gpu_amcl_cpp_node-6] [INFO] [1789011962.806543431] [gpu_amcl_cpp]: AMCL odom delta: at_scan=(0.000, 0.000, 0.000) baseline=(0.000, 0.000, 0.000) delta=(0.000, 0.000, 0.000) moved=false scan_age=0.054s
[ground_truth_amcl_monitor-7] [INFO] [1789011963.699874536] [ground_truth_amcl_monitor]: AMCL vs GT: gt=(0.809, 3.157) amcl=(0.801, 3.158) error=0.008 m / 0.000 rad; current_map=(0.801, 3.158, -1.571) error=0.008 m / 0.000 rad; odom=(0.801, 3.157, -1.571) error=0.008 m / 0.000 rad; ekf=(0.801, 3.157, -1.571) error=0.008 m / 0.000 rad; RMS=0.005 m / 0.000 rad max=0.008 m / 0.000 rad samples=7682
[gpu_amcl_cpp_node-6] [INFO] [1789011963.855707041] [gpu_amcl_cpp]: AMCL odom delta: at_scan=(0.000, 0.000, 0.000) baseline=(0.000, 0.000, 0.000) delta=(0.000, 0.000, 0.000) moved=false scan_age=0.054s
[gpu_amcl_cpp_node-6] [INFO] [1789011964.132986998] [gpu_amcl_cpp]: Publishing provisional global AMCL pose for localization ramp; travel=0.000/0.750 m stable_scans=3853/5.
[ground_truth_amcl_monitor-7] [INFO] [1789011964.700848459] [ground_truth_amcl_monitor]: AMCL vs GT: gt=(0.809, 3.157) amcl=(0.801, 3.158) error=0.008 m / 0.000 rad; current_map=(0.801, 3.158, -1.571) error=0.008 m / 0.000 rad; odom=(0.801, 3.157, -1.571) error=0.008 m / 0.000 rad; ekf=(0.801, 3.157, -1.571) error=0.008 m / 0.000 rad; RMS=0.005 m / 0.000 rad max=0.008 m / 0.000 rad samples=7718
[gpu_amcl_cpp_node-6] [INFO] [1789011964.873913936] [gpu_amcl_cpp]: Received LiDAR callback #3899 (1081 ranges).
[gpu_amcl_cpp_node-6] [INFO] [1789011964.873984890] [gpu_amcl_cpp]: AMCL odom delta: at_scan=(0.000, 0.000, 0.000) baseline=(0.000, 0.000, 0.000) delta=(0.000, 0.000, 0.000) moved=false scan_age=0.051s
[gpu_amcl_cpp_node-6] [INFO] [1789011964.874015527] [gpu_amcl_cpp]: Starting AMCL scan update #3899 (sampled from 1081 ranges).
[gpu_amcl_cpp_node-6] [INFO] [1789011964.874594025] [gpu_amcl_cpp]: AMCL scan update #3899 completed; evaluating pose confidence.
[ground_truth_amcl_monitor-7] [INFO] [1789011965.701978726] [ground_truth_amcl_monitor]: AMCL vs GT: gt=(0.809, 3.157) amcl=(0.801, 3.158) error=0.008 m / 0.000 rad; current_map=(0.801, 3.158, -1.571) error=0.008 m / 0.000 rad; odom=(0.801, 3.157, -1.571) error=0.008 m / 0.000 rad; ekf=(0.801, 3.157, -1.571) error=0.008 m / 0.000 rad; RMS=0.005 m / 0.000 rad max=0.008 m / 0.000 rad samples=7754
[gpu_amcl_cpp_node-6] [WARN] [1789011965.751065380] [gpu_amcl_cpp]: Queued LiDAR scan until source-time odometry arrives (queued=1).
[gpu_amcl_cpp_node-6] [INFO] [1789011965.924273765] [gpu_amcl_cpp]: AMCL odom delta: at_scan=(0.000, 0.000, 0.000) baseline=(0.000, 0.000, 0.000) delta=(0.000, 0.000, 0.000) moved=false scan_age=0.051s
[gpu_amcl_cpp_node-6] [INFO] [1789011966.151744740] [gpu_amcl_cpp]: Publishing provisional global AMCL pose for localization ramp; travel=0.000/0.750 m stable_scans=3889/5.
[ground_truth_amcl_monitor-7] [INFO] [1789011966.702824788] [ground_truth_amcl_monitor]: AMCL vs GT: gt=(0.809, 3.157) amcl=(0.801, 3.158) error=0.009 m / 0.000 rad; current_map=(0.801, 3.158, -1.571) error=0.009 m / 0.000 rad; odom=(0.801, 3.157, -1.571) error=0.008 m / 0.000 rad; ekf=(0.801, 3.157, -1.571) error=0.008 m / 0.000 rad; RMS=0.005 m / 0.000 rad max=0.009 m / 0.000 rad samples=7790
[gpu_amcl_cpp_node-6] [INFO] [1789011966.925805447] [gpu_amcl_cpp]: AMCL odom delta: at_scan=(0.000, 0.000, 0.000) baseline=(0.000, 0.000, 0.000) delta=(0.000, 0.000, 0.000) moved=false scan_age=0.052s
[ground_truth_amcl_monitor-7] [INFO] [1789011967.750843394] [ground_truth_amcl_monitor]: AMCL vs GT: gt=(0.809, 3.157) amcl=(0.801, 3.158) error=0.009 m / 0.000 rad; current_map=(0.801, 3.158, -1.571) error=0.009 m / 0.000 rad; odom=(0.801, 3.157, -1.571) error=0.008 m / 0.000 rad; ekf=(0.801, 3.157, -1.571) error=0.008 m / 0.000 rad; RMS=0.005 m / 0.000 rad max=0.009 m / 0.000 rad samples=7826
[gpu_amcl_cpp_node-6] [INFO] [1789011967.957335150] [gpu_amcl_cpp]: AMCL odom delta: at_scan=(0.000, 0.000, 0.000) baseline=(0.000, 0.000, 0.000) delta=(0.000, 0.000, 0.000) moved=false scan_age=0.055s
[gpu_amcl_cpp_node-6] [INFO] [1789011968.205874731] [gpu_amcl_cpp]: Publishing provisional global AMCL pose for localization ramp; travel=0.000/0.750 m stable_scans=3925/5.
[ground_truth_amcl_monitor-7] [INFO] [1789011968.756416456] [ground_truth_amcl_monitor]: AMCL vs GT: gt=(0.809, 3.157) amcl=(0.801, 3.158) error=0.009 m / 0.000 rad; current_map=(0.801, 3.158, -1.571) error=0.009 m / 0.000 rad; odom=(0.801, 3.157, -1.571) error=0.008 m / 0.000 rad; ekf=(0.801, 3.157, -1.571) error=0.008 m / 0.000 rad; RMS=0.005 m / 0.000 rad max=0.009 m / 0.000 rad samples=7862
[gpu_amcl_cpp_node-6] [INFO] [1789011968.975822772] [gpu_amcl_cpp]: AMCL odom delta: at_scan=(0.000, 0.000, 0.000) baseline=(0.000, 0.000, 0.000) delta=(0.000, 0.000, 0.000) moved=false scan_age=0.050s
[ground_truth_amcl_monitor-7] [INFO] [1789011969.776681472] [ground_truth_amcl_monitor]: AMCL vs GT: gt=(0.809, 3.157) amcl=(0.801, 3.158) error=0.009 m / 0.000 rad; current_map=(0.801, 3.158, -1.571) error=0.009 m / 0.000 rad; odom=(0.801, 3.157, -1.571) error=0.009 m / 0.000 rad; ekf=(0.801, 3.157, -1.571) error=0.009 m / 0.000 rad; RMS=0.005 m / 0.000 rad max=0.009 m / 0.000 rad samples=7900
[gpu_amcl_cpp_node-6] [INFO] [1789011969.877153843] [gpu_amcl_cpp]: Received LiDAR callback #3992 (1081 ranges).
[gpu_amcl_cpp_node-6] [INFO] [1789011969.878051982] [gpu_amcl_cpp]: Starting AMCL scan update #3992 (sampled from 1081 ranges).
[gpu_amcl_cpp_node-6] [INFO] [1789011969.878607116] [gpu_amcl_cpp]: AMCL scan update #3992 completed; evaluating pose confidence.
[gpu_amcl_cpp_node-6] [INFO] [1789011970.000646642] [gpu_amcl_cpp]: AMCL odom delta: at_scan=(0.000, 0.000, 0.000) baseline=(0.000, 0.000, 0.000) delta=(0.000, 0.000, 0.000) moved=false scan_age=0.052s
[gpu_amcl_cpp_node-6] [INFO] [1789011970.229137294] [gpu_amcl_cpp]: Publishing provisional global AMCL pose for localization ramp; travel=0.000/0.750 m stable_scans=3962/5.
[ground_truth_amcl_monitor-7] [INFO] [1789011970.800071995] [ground_truth_amcl_monitor]: AMCL vs GT: gt=(0.809, 3.157) amcl=(0.801, 3.158) error=0.009 m / 0.000 rad; current_map=(0.801, 3.158, -1.571) error=0.009 m / 0.000 rad; odom=(0.801, 3.157, -1.571) error=0.009 m / 0.000 rad; ekf=(0.801, 3.157, -1.571) error=0.009 m / 0.000 rad; RMS=0.005 m / 0.000 rad max=0.009 m / 0.000 rad samples=7936
[gpu_amcl_cpp_node-6] [INFO] [1789011971.025808607] [gpu_amcl_cpp]: AMCL odom delta: at_scan=(0.000, 0.000, 0.000) baseline=(0.000, 0.000, 0.000) delta=(0.000, 0.000, 0.000) moved=false scan_age=0.052s
[ground_truth_amcl_monitor-7] [INFO] [1789011971.802406495] [ground_truth_amcl_monitor]: AMCL vs GT: gt=(0.809, 3.157) amcl=(0.801, 3.158) error=0.009 m / 0.000 rad; current_map=(0.801, 3.158, -1.571) error=0.009 m / 0.000 rad; odom=(0.801, 3.157, -1.571) error=0.009 m / 0.000 rad; ekf=(0.801, 3.157, -1.571) error=0.009 m / 0.000 rad; RMS=0.005 m / 0.000 rad max=0.009 m / 0.000 rad samples=7970
[gpu_amcl_cpp_node-6] [INFO] [1789011972.030170000] [gpu_amcl_cpp]: AMCL odom delta: at_scan=(0.000, 0.000, 0.000) baseline=(0.000, 0.000, 0.000) delta=(0.000, 0.000, 0.000) moved=false scan_age=0.055s
[gpu_amcl_cpp_node-6] [INFO] [1789011972.260846934] [gpu_amcl_cpp]: Publishing provisional global AMCL pose for localization ramp; travel=0.000/0.750 m stable_scans=3997/5.
[ground_truth_amcl_monitor-7] [INFO] [1789011972.827543353] [ground_truth_amcl_monitor]: AMCL vs GT: gt=(0.809, 3.157) amcl=(0.801, 3.158) error=0.009 m / 0.000 rad; current_map=(0.801, 3.158, -1.571) error=0.009 m / 0.000 rad; odom=(0.801, 3.157, -1.571) error=0.009 m / 0.000 rad; ekf=(0.801, 3.157, -1.571) error=0.009 m / 0.000 rad; RMS=0.005 m / 0.000 rad max=0.009 m / 0.000 rad samples=8006
[gpu_amcl_cpp_node-6] [INFO] [1789011973.050651561] [gpu_amcl_cpp]: AMCL odom delta: at_scan=(0.000, 0.000, 0.000) baseline=(0.000, 0.000, 0.000) delta=(0.000, 0.000, 0.000) moved=false scan_age=0.050s
[ground_truth_amcl_monitor-7] [INFO] [1789011973.855964878] [ground_truth_amcl_monitor]: AMCL vs GT: gt=(0.809, 3.157) amcl=(0.801, 3.158) error=0.009 m / 0.000 rad; current_map=(0.801, 3.158, -1.571) error=0.009 m / 0.000 rad; odom=(0.801, 3.157, -1.571) error=0.009 m / 0.000 rad; ekf=(0.801, 3.157, -1.571) error=0.009 m / 0.000 rad; RMS=0.005 m / 0.000 rad max=0.009 m / 0.000 rad samples=8044
[gpu_amcl_cpp_node-6] [INFO] [1789011974.078188363] [gpu_amcl_cpp]: AMCL odom delta: at_scan=(0.000, 0.000, 0.000) baseline=(0.000, 0.000, 0.000) delta=(0.000, 0.000, 0.000) moved=false scan_age=0.052s
[gpu_amcl_cpp_node-6] [INFO] [1789011974.304477945] [gpu_amcl_cpp]: Publishing provisional global AMCL pose for localization ramp; travel=0.000/0.750 m stable_scans=4034/5.
[ground_truth_amcl_monitor-7] [INFO] [1789011974.857536543] [ground_truth_amcl_monitor]: AMCL vs GT: gt=(0.809, 3.157) amcl=(0.801, 3.158) error=0.009 m / 0.000 rad; current_map=(0.801, 3.158, -1.571) error=0.009 m / 0.000 rad; odom=(0.801, 3.157, -1.571) error=0.009 m / 0.000 rad; ekf=(0.801, 3.157, -1.571) error=0.009 m / 0.000 rad; RMS=0.005 m / 0.000 rad max=0.009 m / 0.000 rad samples=8078
[gpu_amcl_cpp_node-6] [INFO] [1789011974.925453764] [gpu_amcl_cpp]: Received LiDAR callback #4080 (1081 ranges).
[gpu_amcl_cpp_node-6] [INFO] [1789011974.925538293] [gpu_amcl_cpp]: Starting AMCL scan update #4080 (sampled from 1081 ranges).
[gpu_amcl_cpp_node-6] [INFO] [1789011974.926451170] [gpu_amcl_cpp]: AMCL scan update #4080 completed; evaluating pose confidence.
[gpu_amcl_cpp_node-6] [INFO] [1789011975.098759603] [gpu_amcl_cpp]: AMCL odom delta: at_scan=(0.000, 0.000, 0.000) baseline=(0.000, 0.000, 0.000) delta=(0.000, 0.000, 0.000) moved=false scan_age=0.050s
[ground_truth_amcl_monitor-7] [INFO] [1789011975.876337563] [ground_truth_amcl_monitor]: AMCL vs GT: gt=(0.809, 3.157) amcl=(0.801, 3.158) error=0.009 m / 0.000 rad; current_map=(0.801, 3.158, -1.571) error=0.009 m / 0.000 rad; odom=(0.801, 3.157, -1.571) error=0.009 m / 0.000 rad; ekf=(0.801, 3.157, -1.571) error=0.009 m / 0.000 rad; RMS=0.005 m / 0.000 rad max=0.009 m / 0.000 rad samples=8114
[gpu_amcl_cpp_node-6] [INFO] [1789011976.148981460] [gpu_amcl_cpp]: AMCL odom delta: at_scan=(0.000, 0.000, 0.000) baseline=(0.000, 0.000, 0.000) delta=(0.000, 0.000, 0.000) moved=false scan_age=0.050s
[gpu_amcl_cpp_node-6] [INFO] [1789011976.309785965] [gpu_amcl_cpp]: Publishing provisional global AMCL pose for localization ramp; travel=0.000/0.750 m stable_scans=4069/5.
[ground_truth_amcl_monitor-7] [INFO] [1789011976.878945086] [ground_truth_amcl_monitor]: AMCL vs GT: gt=(0.809, 3.157) amcl=(0.801, 3.158) error=0.009 m / 0.000 rad; current_map=(0.801, 3.158, -1.571) error=0.009 m / 0.000 rad; odom=(0.801, 3.157, -1.571) error=0.009 m / 0.000 rad; ekf=(0.801, 3.157, -1.571) error=0.009 m / 0.000 rad; RMS=0.005 m / 0.000 rad max=0.009 m / 0.000 rad samples=8151
[gpu_amcl_cpp_node-6] [INFO] [1789011977.149993552] [gpu_amcl_cpp]: AMCL odom delta: at_scan=(0.000, 0.000, 0.000) baseline=(0.000, 0.000, 0.000) delta=(0.000, 0.000, 0.000) moved=false scan_age=0.051s
[gpu_amcl_cpp_node-6] [WARN] [1789011977.429478786] [gpu_amcl_cpp]: Queued LiDAR scan until source-time odometry arrives (queued=1).
[ground_truth_amcl_monitor-7] [INFO] [1789011977.906913067] [ground_truth_amcl_monitor]: AMCL vs GT: gt=(0.809, 3.157) amcl=(0.801, 3.158) error=0.009 m / 0.000 rad; current_map=(0.801, 3.158, -1.571) error=0.009 m / 0.000 rad; odom=(0.801, 3.157, -1.571) error=0.009 m / 0.000 rad; ekf=(0.801, 3.157, -1.571) error=0.009 m / 0.000 rad; RMS=0.005 m / 0.000 rad max=0.009 m / 0.000 rad samples=8186
[gpu_amcl_cpp_node-6] [INFO] [1789011978.198637791] [gpu_amcl_cpp]: AMCL odom delta: at_scan=(0.000, 0.000, 0.000) baseline=(0.000, 0.000, 0.000) delta=(0.000, 0.000, 0.000) moved=false scan_age=0.050s
[gpu_amcl_cpp_node-6] [INFO] [1789011978.311967756] [gpu_amcl_cpp]: Publishing provisional global AMCL pose for localization ramp; travel=0.000/0.750 m stable_scans=4104/5.
[ground_truth_amcl_monitor-7] [INFO] [1789011978.910002015] [ground_truth_amcl_monitor]: AMCL vs GT: gt=(0.809, 3.157) amcl=(0.801, 3.158) error=0.009 m / 0.000 rad; current_map=(0.801, 3.158, -1.571) error=0.009 m / 0.000 rad; odom=(0.801, 3.157, -1.571) error=0.009 m / 0.000 rad; ekf=(0.801, 3.157, -1.571) error=0.009 m / 0.000 rad; RMS=0.005 m / 0.000 rad max=0.009 m / 0.000 rad samples=8221
[gpu_amcl_cpp_node-6] [INFO] [1789011979.226340203] [gpu_amcl_cpp]: AMCL odom delta: at_scan=(0.000, 0.000, 0.000) baseline=(0.000, 0.000, 0.000) delta=(0.000, 0.000, 0.000) moved=false scan_age=0.050s
[gpu_amcl_cpp_node-6] [INFO] [1789011979.948925491] [gpu_amcl_cpp]: Received LiDAR callback #4171 (1081 ranges).
[gpu_amcl_cpp_node-6] [INFO] [1789011979.949003809] [gpu_amcl_cpp]: Starting AMCL scan update #4171 (sampled from 1081 ranges).
[gpu_amcl_cpp_node-6] [INFO] [1789011979.949586705] [gpu_amcl_cpp]: AMCL scan update #4171 completed; evaluating pose confidence.
[ground_truth_amcl_monitor-7] [INFO] [1789011979.950312941] [ground_truth_amcl_monitor]: AMCL vs GT: gt=(0.809, 3.157) amcl=(0.801, 3.158) error=0.009 m / 0.000 rad; current_map=(0.801, 3.158, -1.571) error=0.009 m / 0.000 rad; odom=(0.801, 3.157, -1.571) error=0.009 m / 0.000 rad; ekf=(0.801, 3.157, -1.571) error=0.009 m / 0.000 rad; RMS=0.005 m / 0.000 rad max=0.009 m / 0.000 rad samples=8258
[gpu_amcl_cpp_node-6] [INFO] [1789011980.279168572] [gpu_amcl_cpp]: AMCL odom delta: at_scan=(0.000, 0.000, 0.000) baseline=(0.000, 0.000, 0.000) delta=(0.000, 0.000, 0.000) moved=false scan_age=0.053s
[gpu_amcl_cpp_node-6] [INFO] [1789011980.334673898] [gpu_amcl_cpp]: Publishing provisional global AMCL pose for localization ramp; travel=0.000/0.750 m stable_scans=4140/5.
[ground_truth_amcl_monitor-7] [INFO] [1789011980.953032403] [ground_truth_amcl_monitor]: AMCL vs GT: gt=(0.809, 3.157) amcl=(0.801, 3.158) error=0.009 m / 0.000 rad; current_map=(0.801, 3.158, -1.571) error=0.009 m / 0.000 rad; odom=(0.801, 3.157, -1.571) error=0.009 m / 0.000 rad; ekf=(0.801, 3.157, -1.571) error=0.009 m / 0.000 rad; RMS=0.005 m / 0.000 rad max=0.009 m / 0.000 rad samples=8294
[gpu_amcl_cpp_node-6] [INFO] [1789011981.326816246] [gpu_amcl_cpp]: AMCL odom delta: at_scan=(0.000, 0.000, 0.000) baseline=(0.000, 0.000, 0.000) delta=(0.000, 0.000, 0.000) moved=false scan_age=0.051s
[ground_truth_amcl_monitor-7] [INFO] [1789011981.955107584] [ground_truth_amcl_monitor]: AMCL vs GT: gt=(0.809, 3.157) amcl=(0.801, 3.158) error=0.009 m / 0.000 rad; current_map=(0.801, 3.158, -1.571) error=0.009 m / 0.000 rad; odom=(0.801, 3.157, -1.571) error=0.009 m / 0.000 rad; ekf=(0.801, 3.157, -1.571) error=0.009 m / 0.000 rad; RMS=0.005 m / 0.000 rad max=0.009 m / 0.000 rad samples=8331
[gpu_amcl_cpp_node-6] [INFO] [1789011982.379490975] [gpu_amcl_cpp]: AMCL odom delta: at_scan=(0.000, 0.000, 0.000) baseline=(0.000, 0.000, 0.000) delta=(0.000, 0.000, 0.000) moved=false scan_age=0.054s
[gpu_amcl_cpp_node-6] [INFO] [1789011982.382885019] [gpu_amcl_cpp]: Publishing provisional global AMCL pose for localization ramp; travel=0.000/0.750 m stable_scans=4177/5.
[gpu_amcl_cpp_node-6] [WARN] [1789011982.497878402] [gpu_amcl_cpp]: Queued LiDAR scan until source-time odometry arrives (queued=1).
[ground_truth_amcl_monitor-7] [INFO] [1789011983.007724143] [ground_truth_amcl_monitor]: AMCL vs GT: gt=(0.809, 3.157) amcl=(0.801, 3.158) error=0.009 m / 0.000 rad; current_map=(0.801, 3.158, -1.571) error=0.009 m / 0.000 rad; odom=(0.801, 3.157, -1.571) error=0.009 m / 0.000 rad; ekf=(0.801, 3.157, -1.571) error=0.009 m / 0.000 rad; RMS=0.005 m / 0.000 rad max=0.009 m / 0.000 rad samples=8368
[gpu_amcl_cpp_node-6] [INFO] [1789011983.381005300] [gpu_amcl_cpp]: AMCL odom delta: at_scan=(0.000, 0.000, 0.000) baseline=(0.000, 0.000, 0.000) delta=(0.000, 0.000, 0.000) moved=false scan_age=0.054s
[ground_truth_amcl_monitor-7] [INFO] [1789011984.011288594] [ground_truth_amcl_monitor]: AMCL vs GT: gt=(0.810, 3.157) amcl=(0.801, 3.158) error=0.009 m / 0.000 rad; current_map=(0.801, 3.158, -1.571) error=0.009 m / 0.000 rad; odom=(0.801, 3.157, -1.571) error=0.009 m / 0.000 rad; ekf=(0.801, 3.157, -1.571) error=0.009 m / 0.000 rad; RMS=0.005 m / 0.000 rad max=0.009 m / 0.000 rad samples=8405
[gpu_amcl_cpp_node-6] [INFO] [1789011984.401038206] [gpu_amcl_cpp]: AMCL odom delta: at_scan=(0.000, 0.000, 0.000) baseline=(0.000, 0.000, 0.000) delta=(0.000, 0.000, 0.000) moved=false scan_age=0.052s
[gpu_amcl_cpp_node-6] [INFO] [1789011984.405111356] [gpu_amcl_cpp]: Publishing provisional global AMCL pose for localization ramp; travel=0.000/0.750 m stable_scans=4213/5.
[gpu_amcl_cpp_node-6] [INFO] [1789011984.949609082] [gpu_amcl_cpp]: AMCL scan update #4262 completed; evaluating pose confidence.
[gpu_amcl_cpp_node-6] [INFO] [1789011985.001031860] [gpu_amcl_cpp]: Received LiDAR callback #4263 (1081 ranges).
[gpu_amcl_cpp_node-6] [INFO] [1789011985.001123201] [gpu_amcl_cpp]: Starting AMCL scan update #4263 (sampled from 1081 ranges).
[ground_truth_amcl_monitor-7] [INFO] [1789011985.055024440] [ground_truth_amcl_monitor]: AMCL vs GT: gt=(0.810, 3.157) amcl=(0.801, 3.158) error=0.009 m / 0.000 rad; current_map=(0.801, 3.158, -1.571) error=0.009 m / 0.000 rad; odom=(0.801, 3.157, -1.571) error=0.009 m / 0.000 rad; ekf=(0.801, 3.157, -1.571) error=0.009 m / 0.000 rad; RMS=0.005 m / 0.000 rad max=0.009 m / 0.000 rad samples=8442
[gpu_amcl_cpp_node-6] [INFO] [1789011985.449330081] [gpu_amcl_cpp]: AMCL odom delta: at_scan=(0.000, 0.000, 0.000) baseline=(0.000, 0.000, 0.000) delta=(0.000, 0.000, 0.000) moved=false scan_age=0.051s
[ground_truth_amcl_monitor-7] [INFO] [1789011986.054778855] [ground_truth_amcl_monitor]: AMCL vs GT: gt=(0.810, 3.157) amcl=(0.801, 3.158) error=0.009 m / 0.000 rad; current_map=(0.801, 3.158, -1.571) error=0.009 m / 0.000 rad; odom=(0.801, 3.157, -1.571) error=0.009 m / 0.000 rad; ekf=(0.801, 3.157, -1.571) error=0.009 m / 0.000 rad; RMS=0.005 m / 0.000 rad max=0.009 m / 0.000 rad samples=8478
[gpu_amcl_cpp_node-6] [INFO] [1789011986.452116147] [gpu_amcl_cpp]: AMCL odom delta: at_scan=(0.000, 0.000, 0.000) baseline=(0.000, 0.000, 0.000) delta=(0.000, 0.000, 0.000) moved=false scan_age=0.052s
[gpu_amcl_cpp_node-6] [INFO] [1789011986.456435651] [gpu_amcl_cpp]: Publishing provisional global AMCL pose for localization ramp; travel=0.000/0.750 m stable_scans=4250/5.
[ground_truth_amcl_monitor-7] [INFO] [1789011987.055179344] [ground_truth_amcl_monitor]: AMCL vs GT: gt=(0.810, 3.157) amcl=(0.801, 3.158) error=0.009 m / 0.000 rad; current_map=(0.801, 3.158, -1.571) error=0.009 m / 0.000 rad; odom=(0.801, 3.157, -1.571) error=0.009 m / 0.000 rad; ekf=(0.801, 3.157, -1.571) error=0.009 m / 0.000 rad; RMS=0.005 m / 0.000 rad max=0.009 m / 0.000 rad samples=8513
[gpu_amcl_cpp_node-6] [INFO] [1789011987.500927619] [gpu_amcl_cpp]: AMCL odom delta: at_scan=(0.000, 0.000, 0.000) baseline=(0.000, 0.000, 0.000) delta=(0.000, 0.000, 0.000) moved=false scan_age=0.052s
[ground_truth_amcl_monitor-7] [INFO] [1789011988.076039595] [ground_truth_amcl_monitor]: AMCL vs GT: gt=(0.810, 3.157) amcl=(0.801, 3.158) error=0.009 m / 0.000 rad; current_map=(0.801, 3.158, -1.571) error=0.009 m / 0.000 rad; odom=(0.801, 3.157, -1.571) error=0.009 m / 0.000 rad; ekf=(0.801, 3.157, -1.571) error=0.009 m / 0.000 rad; RMS=0.005 m / 0.000 rad max=0.009 m / 0.000 rad samples=8548
[gpu_amcl_cpp_node-6] [INFO] [1789011988.478419311] [gpu_amcl_cpp]: Publishing provisional global AMCL pose for localization ramp; travel=0.000/0.750 m stable_scans=4285/5.
[gpu_amcl_cpp_node-6] [INFO] [1789011988.525558722] [gpu_amcl_cpp]: AMCL odom delta: at_scan=(0.000, 0.000, 0.000) baseline=(0.000, 0.000, 0.000) delta=(0.000, 0.000, 0.000) moved=false scan_age=0.051s
[ground_truth_amcl_monitor-7] [INFO] [1789011989.102014094] [ground_truth_amcl_monitor]: AMCL vs GT: gt=(0.810, 3.157) amcl=(0.801, 3.158) error=0.009 m / 0.000 rad; current_map=(0.801, 3.158, -1.571) error=0.009 m / 0.000 rad; odom=(0.801, 3.157, -1.571) error=0.009 m / 0.000 rad; ekf=(0.801, 3.157, -1.571) error=0.009 m / 0.000 rad; RMS=0.005 m / 0.000 rad max=0.009 m / 0.000 rad samples=8584
[gpu_amcl_cpp_node-6] [INFO] [1789011989.528278673] [gpu_amcl_cpp]: AMCL odom delta: at_scan=(0.000, 0.000, 0.000) baseline=(0.000, 0.000, 0.000) delta=(0.000, 0.000, 0.000) moved=false scan_age=0.055s
[gpu_amcl_cpp_node-6] [INFO] [1789011989.950628149] [gpu_amcl_cpp]: AMCL scan update #4349 completed; evaluating pose confidence.
[gpu_amcl_cpp_node-6] [INFO] [1789011990.001342043] [gpu_amcl_cpp]: Received LiDAR callback #4350 (1081 ranges).
[gpu_amcl_cpp_node-6] [INFO] [1789011990.001430599] [gpu_amcl_cpp]: Starting AMCL scan update #4350 (sampled from 1081 ranges).
[ground_truth_amcl_monitor-7] [INFO] [1789011990.109750220] [ground_truth_amcl_monitor]: AMCL vs GT: gt=(0.810, 3.157) amcl=(0.801, 3.158) error=0.009 m / 0.000 rad; current_map=(0.801, 3.158, -1.571) error=0.009 m / 0.000 rad; odom=(0.801, 3.157, -1.571) error=0.009 m / 0.000 rad; ekf=(0.801, 3.157, -1.571) error=0.009 m / 0.000 rad; RMS=0.005 m / 0.000 rad max=0.009 m / 0.000 rad samples=8618
[gpu_amcl_cpp_node-6] [INFO] [1789011990.481588412] [gpu_amcl_cpp]: Publishing provisional global AMCL pose for localization ramp; travel=0.000/0.750 m stable_scans=4319/5.
[gpu_amcl_cpp_node-6] [INFO] [1789011990.531643948] [gpu_amcl_cpp]: AMCL odom delta: at_scan=(0.000, 0.000, 0.000) baseline=(0.000, 0.000, 0.000) delta=(0.000, 0.000, 0.000) moved=false scan_age=0.053s
[gpu_amcl_cpp_node-6] [WARN] [1789011990.952401910] [gpu_amcl_cpp]: Queued LiDAR scan until source-time odometry arrives (queued=1).
[ground_truth_amcl_monitor-7] [INFO] [1789011991.127020056] [ground_truth_amcl_monitor]: AMCL vs GT: gt=(0.810, 3.157) amcl=(0.801, 3.158) error=0.009 m / 0.000 rad; current_map=(0.801, 3.158, -1.571) error=0.009 m / 0.000 rad; odom=(0.801, 3.157, -1.571) error=0.009 m / 0.000 rad; ekf=(0.801, 3.157, -1.571) error=0.009 m / 0.000 rad; RMS=0.005 m / 0.000 rad max=0.009 m / 0.000 rad samples=8652
[gpu_amcl_cpp_node-6] [INFO] [1789011991.577680560] [gpu_amcl_cpp]: AMCL odom delta: at_scan=(0.000, 0.000, 0.000) baseline=(0.000, 0.000, 0.000) delta=(0.000, 0.000, 0.000) moved=false scan_age=0.052s
[ground_truth_amcl_monitor-7] [INFO] [1789011992.149794366] [ground_truth_amcl_monitor]: AMCL vs GT: gt=(0.810, 3.157) amcl=(0.801, 3.158) error=0.009 m / 0.000 rad; current_map=(0.801, 3.158, -1.571) error=0.009 m / 0.000 rad; odom=(0.801, 3.157, -1.571) error=0.009 m / 0.000 rad; ekf=(0.801, 3.157, -1.571) error=0.009 m / 0.000 rad; RMS=0.005 m / 0.000 rad max=0.009 m / 0.000 rad samples=8688
[gpu_amcl_cpp_node-6] [INFO] [1789011992.529145529] [gpu_amcl_cpp]: Publishing provisional global AMCL pose for localization ramp; travel=0.000/0.750 m stable_scans=4355/5.
[gpu_amcl_cpp_node-6] [INFO] [1789011992.626952096] [gpu_amcl_cpp]: AMCL odom delta: at_scan=(0.000, 0.000, 0.000) baseline=(0.000, 0.000, 0.000) delta=(0.000, 0.000, 0.000) moved=false scan_age=0.052s
[ground_truth_amcl_monitor-7] [INFO] [1789011993.182524470] [ground_truth_amcl_monitor]: AMCL vs GT: gt=(0.810, 3.157) amcl=(0.801, 3.158) error=0.009 m / 0.000 rad; current_map=(0.801, 3.158, -1.571) error=0.009 m / 0.000 rad; odom=(0.801, 3.157, -1.571) error=0.009 m / 0.000 rad; ekf=(0.801, 3.157, -1.571) error=0.009 m / 0.000 rad; RMS=0.006 m / 0.000 rad max=0.009 m / 0.000 rad samples=8726
[gpu_amcl_cpp_node-6] [INFO] [1789011993.674871288] [gpu_amcl_cpp]: AMCL odom delta: at_scan=(0.000, 0.000, 0.000) baseline=(0.000, 0.000, 0.000) delta=(0.000, 0.000, 0.000) moved=false scan_age=0.050s
[ground_truth_amcl_monitor-7] [INFO] [1789011994.227319246] [ground_truth_amcl_monitor]: AMCL vs GT: gt=(0.810, 3.157) amcl=(0.801, 3.158) error=0.010 m / 0.000 rad; current_map=(0.801, 3.158, -1.571) error=0.010 m / 0.000 rad; odom=(0.801, 3.157, -1.571) error=0.009 m / 0.000 rad; ekf=(0.801, 3.157, -1.571) error=0.009 m / 0.000 rad; RMS=0.006 m / 0.000 rad max=0.010 m / 0.000 rad samples=8764
[gpu_amcl_cpp_node-6] [INFO] [1789011994.554612958] [gpu_amcl_cpp]: Publishing provisional global AMCL pose for localization ramp; travel=0.000/0.750 m stable_scans=4392/5.
[gpu_amcl_cpp_node-6] [INFO] [1789011994.723838812] [gpu_amcl_cpp]: AMCL odom delta: at_scan=(0.000, 0.000, 0.000) baseline=(0.000, 0.000, 0.000) delta=(0.000, 0.000, 0.000) moved=false scan_age=0.051s
[gpu_amcl_cpp_node-6] [INFO] [1789011995.000725818] [gpu_amcl_cpp]: AMCL scan update #4440 completed; evaluating pose confidence.
[gpu_amcl_cpp_node-6] [INFO] [1789011995.050557963] [gpu_amcl_cpp]: Received LiDAR callback #4441 (1081 ranges).
[gpu_amcl_cpp_node-6] [INFO] [1789011995.050628746] [gpu_amcl_cpp]: Starting AMCL scan update #4441 (sampled from 1081 ranges).
[ground_truth_amcl_monitor-7] [INFO] [1789011995.257842409] [ground_truth_amcl_monitor]: AMCL vs GT: gt=(0.810, 3.157) amcl=(0.801, 3.158) error=0.010 m / 0.000 rad; current_map=(0.801, 3.158, -1.571) error=0.010 m / 0.000 rad; odom=(0.801, 3.157, -1.571) error=0.009 m / 0.000 rad; ekf=(0.801, 3.157, -1.571) error=0.009 m / 0.000 rad; RMS=0.006 m / 0.000 rad max=0.010 m / 0.000 rad samples=8802
[gpu_amcl_cpp_node-6] [INFO] [1789011995.752338208] [gpu_amcl_cpp]: AMCL odom delta: at_scan=(0.000, 0.000, 0.000) baseline=(0.000, 0.000, 0.000) delta=(0.000, 0.000, 0.000) moved=false scan_age=0.051s
[ground_truth_amcl_monitor-7] [INFO] [1789011996.301762759] [ground_truth_amcl_monitor]: AMCL vs GT: gt=(0.810, 3.157) amcl=(0.801, 3.158) error=0.010 m / 0.000 rad; current_map=(0.801, 3.158, -1.571) error=0.010 m / 0.000 rad; odom=(0.801, 3.157, -1.571) error=0.010 m / 0.000 rad; ekf=(0.801, 3.157, -1.571) error=0.010 m / 0.000 rad; RMS=0.006 m / 0.000 rad max=0.010 m / 0.000 rad samples=8840
[gpu_amcl_cpp_node-6] [INFO] [1789011996.579018679] [gpu_amcl_cpp]: Publishing provisional global AMCL pose for localization ramp; travel=0.000/0.750 m stable_scans=4429/5.
[gpu_amcl_cpp_node-6] [INFO] [1789011996.800071600] [gpu_amcl_cpp]: AMCL odom delta: at_scan=(0.000, 0.000, 0.000) baseline=(0.000, 0.000, 0.000) delta=(0.000, 0.000, 0.000) moved=false scan_age=0.052s
[ground_truth_amcl_monitor-7] [INFO] [1789011997.304817218] [ground_truth_amcl_monitor]: AMCL vs GT: gt=(0.810, 3.157) amcl=(0.801, 3.158) error=0.010 m / 0.000 rad; current_map=(0.801, 3.158, -1.571) error=0.010 m / 0.000 rad; odom=(0.801, 3.157, -1.571) error=0.010 m / 0.000 rad; ekf=(0.801, 3.157, -1.571) error=0.010 m / 0.000 rad; RMS=0.006 m / 0.000 rad max=0.010 m / 0.000 rad samples=8877
[gpu_amcl_cpp_node-6] [INFO] [1789011997.825054182] [gpu_amcl_cpp]: AMCL odom delta: at_scan=(0.000, 0.000, 0.000) baseline=(0.000, 0.000, 0.000) delta=(0.000, 0.000, 0.000) moved=false scan_age=0.050s
[ground_truth_amcl_monitor-7] [INFO] [1789011998.327574173] [ground_truth_amcl_monitor]: AMCL vs GT: gt=(0.810, 3.157) amcl=(0.801, 3.158) error=0.010 m / 0.000 rad; current_map=(0.801, 3.158, -1.571) error=0.010 m / 0.000 rad; odom=(0.801, 3.157, -1.571) error=0.010 m / 0.000 rad; ekf=(0.801, 3.157, -1.571) error=0.010 m / 0.000 rad; RMS=0.006 m / 0.000 rad max=0.010 m / 0.000 rad samples=8914
[gpu_amcl_cpp_node-6] [INFO] [1789011998.584586889] [gpu_amcl_cpp]: Publishing provisional global AMCL pose for localization ramp; travel=0.000/0.750 m stable_scans=4466/5.
[gpu_amcl_cpp_node-6] [INFO] [1789011998.850638846] [gpu_amcl_cpp]: AMCL odom delta: at_scan=(0.000, 0.000, 0.000) baseline=(0.000, 0.000, 0.000) delta=(0.000, 0.000, 0.000) moved=false scan_age=0.051s
[ground_truth_amcl_monitor-7] [INFO] [1789011999.348826288] [ground_truth_amcl_monitor]: AMCL vs GT: gt=(0.810, 3.157) amcl=(0.801, 3.158) error=0.010 m / 0.000 rad; current_map=(0.801, 3.158, -1.571) error=0.010 m / 0.000 rad; odom=(0.801, 3.157, -1.571) error=0.010 m / 0.000 rad; ekf=(0.801, 3.157, -1.571) error=0.010 m / 0.000 rad; RMS=0.006 m / 0.000 rad max=0.010 m / 0.000 rad samples=8952
[gpu_amcl_cpp_node-6] [INFO] [1789011999.874824057] [gpu_amcl_cpp]: AMCL odom delta: at_scan=(0.000, 0.000, 0.000) baseline=(0.000, 0.000, 0.000) delta=(0.000, 0.000, 0.000) moved=false scan_age=0.049s
[gpu_amcl_cpp_node-6] [INFO] [1789012000.050439068] [gpu_amcl_cpp]: AMCL scan update #4533 completed; evaluating pose confidence.
[gpu_amcl_cpp_node-6] [INFO] [1789012000.100600543] [gpu_amcl_cpp]: Received LiDAR callback #4534 (1081 ranges).
[gpu_amcl_cpp_node-6] [INFO] [1789012000.100681886] [gpu_amcl_cpp]: Starting AMCL scan update #4534 (sampled from 1081 ranges).
[ground_truth_amcl_monitor-7] [INFO] [1789012000.377108235] [ground_truth_amcl_monitor]: AMCL vs GT: gt=(0.810, 3.157) amcl=(0.801, 3.158) error=0.010 m / 0.000 rad; current_map=(0.801, 3.158, -1.571) error=0.010 m / 0.000 rad; odom=(0.801, 3.157, -1.571) error=0.010 m / 0.000 rad; ekf=(0.801, 3.157, -1.571) error=0.010 m / 0.000 rad; RMS=0.006 m / 0.000 rad max=0.010 m / 0.000 rad samples=8990
[gpu_amcl_cpp_node-6] [WARN] [1789012000.592093654] [gpu_amcl_cpp]: Queued LiDAR scan until source-time odometry arrives (queued=1).
[gpu_amcl_cpp_node-6] [INFO] [1789012000.599573603] [gpu_amcl_cpp]: Publishing provisional global AMCL pose for localization ramp; travel=0.000/0.750 m stable_scans=4502/5.
[gpu_amcl_cpp_node-6] [INFO] [1789012000.875940921] [gpu_amcl_cpp]: AMCL odom delta: at_scan=(0.000, 0.000, 0.000) baseline=(0.000, 0.000, 0.000) delta=(0.000, 0.000, 0.000) moved=false scan_age=0.051s
[ground_truth_amcl_monitor-7] [INFO] [1789012001.427553747] [ground_truth_amcl_monitor]: AMCL vs GT: gt=(0.810, 3.157) amcl=(0.801, 3.158) error=0.010 m / 0.000 rad; current_map=(0.801, 3.158, -1.571) error=0.010 m / 0.000 rad; odom=(0.801, 3.157, -1.571) error=0.010 m / 0.000 rad; ekf=(0.801, 3.157, -1.571) error=0.010 m / 0.000 rad; RMS=0.006 m / 0.000 rad max=0.010 m / 0.000 rad samples=9026
[gpu_amcl_cpp_node-6] [INFO] [1789012001.889483655] [gpu_amcl_cpp]: AMCL odom delta: at_scan=(0.000, 0.000, 0.000) baseline=(0.000, 0.000, 0.000) delta=(0.000, 0.000, 0.000) moved=false scan_age=0.063s
[ground_truth_amcl_monitor-7] [INFO] [1789012002.453321364] [ground_truth_amcl_monitor]: AMCL vs GT: gt=(0.810, 3.157) amcl=(0.801, 3.158) error=0.010 m / 0.000 rad; current_map=(0.801, 3.158, -1.571) error=0.010 m / 0.000 rad; odom=(0.801, 3.157, -1.571) error=0.010 m / 0.000 rad; ekf=(0.801, 3.157, -1.571) error=0.010 m / 0.000 rad; RMS=0.006 m / 0.000 rad max=0.010 m / 0.000 rad samples=9062
[gpu_amcl_cpp_node-6] [INFO] [1789012002.631435314] [gpu_amcl_cpp]: Publishing provisional global AMCL pose for localization ramp; travel=0.000/0.750 m stable_scans=4538/5.
[gpu_amcl_cpp_node-6] [INFO] [1789012002.924639920] [gpu_amcl_cpp]: AMCL odom delta: at_scan=(0.000, 0.000, 0.000) baseline=(0.000, 0.000, 0.000) delta=(0.000, 0.000, 0.000) moved=false scan_age=0.051s
[ground_truth_amcl_monitor-7] [INFO] [1789012003.476949987] [ground_truth_amcl_monitor]: AMCL vs GT: gt=(0.810, 3.157) amcl=(0.801, 3.158) error=0.010 m / 0.000 rad; current_map=(0.801, 3.158, -1.571) error=0.010 m / 0.000 rad; odom=(0.801, 3.157, -1.571) error=0.010 m / 0.000 rad; ekf=(0.801, 3.157, -1.571) error=0.010 m / 0.000 rad; RMS=0.006 m / 0.000 rad max=0.010 m / 0.000 rad samples=9098
[gpu_amcl_cpp_node-6] [INFO] [1789012003.951422536] [gpu_amcl_cpp]: AMCL odom delta: at_scan=(0.000, 0.000, 0.000) baseline=(0.000, 0.000, 0.000) delta=(0.000, 0.000, 0.000) moved=false scan_age=0.051s
[ground_truth_amcl_monitor-7] [INFO] [1789012004.506161171] [ground_truth_amcl_monitor]: AMCL vs GT: gt=(0.810, 3.157) amcl=(0.801, 3.158) error=0.010 m / 0.000 rad; current_map=(0.801, 3.158, -1.571) error=0.010 m / 0.000 rad; odom=(0.801, 3.157, -1.571) error=0.010 m / 0.000 rad; ekf=(0.801, 3.157, -1.571) error=0.010 m / 0.000 rad; RMS=0.006 m / 0.000 rad max=0.010 m / 0.000 rad samples=9136
[gpu_amcl_cpp_node-6] [INFO] [1789012004.631888942] [gpu_amcl_cpp]: Publishing provisional global AMCL pose for localization ramp; travel=0.000/0.750 m stable_scans=4574/5.
[gpu_amcl_cpp_node-6] [INFO] [1789012004.977418963] [gpu_amcl_cpp]: AMCL odom delta: at_scan=(0.000, 0.000, 0.000) baseline=(0.000, 0.000, 0.000) delta=(0.000, 0.000, 0.000) moved=false scan_age=0.053s
[gpu_amcl_cpp_node-6] [INFO] [1789012005.100788669] [gpu_amcl_cpp]: Received LiDAR callback #4624 (1081 ranges).
[gpu_amcl_cpp_node-6] [INFO] [1789012005.100869271] [gpu_amcl_cpp]: Starting AMCL scan update #4624 (sampled from 1081 ranges).
[gpu_amcl_cpp_node-6] [INFO] [1789012005.101457557] [gpu_amcl_cpp]: AMCL scan update #4624 completed; evaluating pose confidence.
[ground_truth_amcl_monitor-7] [INFO] [1789012005.507572617] [ground_truth_amcl_monitor]: AMCL vs GT: gt=(0.810, 3.157) amcl=(0.801, 3.158) error=0.010 m / 0.000 rad; current_map=(0.801, 3.158, -1.571) error=0.010 m / 0.000 rad; odom=(0.801, 3.157, -1.571) error=0.010 m / 0.000 rad; ekf=(0.801, 3.157, -1.571) error=0.010 m / 0.000 rad; RMS=0.006 m / 0.000 rad max=0.010 m / 0.000 rad samples=9171
[gpu_amcl_cpp_node-6] [INFO] [1789012006.023021976] [gpu_amcl_cpp]: AMCL odom delta: at_scan=(0.000, 0.000, 0.000) baseline=(0.000, 0.000, 0.000) delta=(0.000, 0.000, 0.000) moved=false scan_age=0.050s
[ground_truth_amcl_monitor-7] [INFO] [1789012006.525877036] [ground_truth_amcl_monitor]: AMCL vs GT: gt=(0.810, 3.157) amcl=(0.801, 3.158) error=0.010 m / 0.000 rad; current_map=(0.801, 3.158, -1.571) error=0.010 m / 0.000 rad; odom=(0.801, 3.157, -1.571) error=0.010 m / 0.000 rad; ekf=(0.801, 3.157, -1.571) error=0.010 m / 0.000 rad; RMS=0.006 m / 0.000 rad max=0.010 m / 0.000 rad samples=9206
[gpu_amcl_cpp_node-6] [INFO] [1789012006.684620465] [gpu_amcl_cpp]: Publishing provisional global AMCL pose for localization ramp; travel=0.000/0.750 m stable_scans=4610/5.
[gpu_amcl_cpp_node-6] [INFO] [1789012007.024164065] [gpu_amcl_cpp]: AMCL odom delta: at_scan=(0.000, 0.000, 0.000) baseline=(0.000, 0.000, 0.000) delta=(0.000, 0.000, 0.000) moved=false scan_age=0.051s
[ground_truth_amcl_monitor-7] [INFO] [1789012007.529351533] [ground_truth_amcl_monitor]: AMCL vs GT: gt=(0.810, 3.157) amcl=(0.801, 3.158) error=0.010 m / 0.000 rad; current_map=(0.801, 3.158, -1.571) error=0.010 m / 0.000 rad; odom=(0.801, 3.157, -1.571) error=0.010 m / 0.000 rad; ekf=(0.801, 3.157, -1.571) error=0.010 m / 0.000 rad; RMS=0.006 m / 0.000 rad max=0.010 m / 0.000 rad samples=9243
[gpu_amcl_cpp_node-6] [INFO] [1789012008.054464296] [gpu_amcl_cpp]: AMCL odom delta: at_scan=(0.000, 0.000, 0.000) baseline=(0.000, 0.000, 0.000) delta=(0.000, 0.000, 0.000) moved=false scan_age=0.053s
[ground_truth_amcl_monitor-7] [INFO] [1789012008.557570158] [ground_truth_amcl_monitor]: AMCL vs GT: gt=(0.810, 3.157) amcl=(0.801, 3.158) error=0.010 m / 0.000 rad; current_map=(0.801, 3.158, -1.571) error=0.010 m / 0.000 rad; odom=(0.801, 3.157, -1.571) error=0.010 m / 0.000 rad; ekf=(0.801, 3.157, -1.571) error=0.010 m / 0.000 rad; RMS=0.006 m / 0.000 rad max=0.010 m / 0.000 rad samples=9280
[gpu_amcl_cpp_node-6] [INFO] [1789012008.726722043] [gpu_amcl_cpp]: Publishing provisional global AMCL pose for localization ramp; travel=0.000/0.750 m stable_scans=4647/5.
[gpu_amcl_cpp_node-6] [INFO] [1789012009.101446773] [gpu_amcl_cpp]: AMCL odom delta: at_scan=(0.000, 0.000, 0.000) baseline=(0.000, 0.000, 0.000) delta=(0.000, 0.000, 0.000) moved=false scan_age=0.053s
[ground_truth_amcl_monitor-7] [INFO] [1789012009.600634065] [ground_truth_amcl_monitor]: AMCL vs GT: gt=(0.810, 3.157) amcl=(0.801, 3.158) error=0.010 m / 0.000 rad; current_map=(0.801, 3.158, -1.571) error=0.010 m / 0.000 rad; odom=(0.801, 3.157, -1.571) error=0.010 m / 0.000 rad; ekf=(0.801, 3.157, -1.571) error=0.010 m / 0.000 rad; RMS=0.006 m / 0.000 rad max=0.010 m / 0.000 rad samples=9318
[gpu_amcl_cpp_node-6] [INFO] [1789012010.131801666] [gpu_amcl_cpp]: Received LiDAR callback #4715 (1081 ranges).
[gpu_amcl_cpp_node-6] [INFO] [1789012010.131860266] [gpu_amcl_cpp]: AMCL odom delta: at_scan=(0.000, 0.000, 0.000) baseline=(0.000, 0.000, 0.000) delta=(0.000, 0.000, 0.000) moved=false scan_age=0.055s
[gpu_amcl_cpp_node-6] [INFO] [1789012010.131893860] [gpu_amcl_cpp]: Starting AMCL scan update #4715 (sampled from 1081 ranges).
[gpu_amcl_cpp_node-6] [INFO] [1789012010.132508005] [gpu_amcl_cpp]: AMCL scan update #4715 completed; evaluating pose confidence.
[gpu_amcl_cpp_node-6] [WARN] [1789012010.477014119] [gpu_amcl_cpp]: Queued LiDAR scan until source-time odometry arrives (queued=1).
[ground_truth_amcl_monitor-7] [INFO] [1789012010.604016107] [ground_truth_amcl_monitor]: AMCL vs GT: gt=(0.811, 3.157) amcl=(0.801, 3.158) error=0.010 m / 0.000 rad; current_map=(0.801, 3.158, -1.571) error=0.010 m / 0.000 rad; odom=(0.801, 3.157, -1.571) error=0.010 m / 0.000 rad; ekf=(0.801, 3.157, -1.571) error=0.010 m / 0.000 rad; RMS=0.006 m / 0.000 rad max=0.010 m / 0.000 rad samples=9355
[gpu_amcl_cpp_node-6] [INFO] [1789012010.757182876] [gpu_amcl_cpp]: Publishing provisional global AMCL pose for localization ramp; travel=0.000/0.750 m stable_scans=4684/5.
[gpu_amcl_cpp_node-6] [INFO] [1789012011.150767338] [gpu_amcl_cpp]: AMCL odom delta: at_scan=(0.000, 0.000, 0.000) baseline=(0.000, 0.000, 0.000) delta=(0.000, 0.000, 0.000) moved=false scan_age=0.050s
[ground_truth_amcl_monitor-7] [INFO] [1789012011.628793309] [ground_truth_amcl_monitor]: AMCL vs GT: gt=(0.811, 3.157) amcl=(0.801, 3.158) error=0.010 m / 0.000 rad; current_map=(0.801, 3.158, -1.571) error=0.010 m / 0.000 rad; odom=(0.801, 3.157, -1.571) error=0.010 m / 0.000 rad; ekf=(0.801, 3.157, -1.571) error=0.010 m / 0.000 rad; RMS=0.006 m / 0.000 rad max=0.010 m / 0.000 rad samples=9392
[gpu_amcl_cpp_node-6] [INFO] [1789012012.176591940] [gpu_amcl_cpp]: AMCL odom delta: at_scan=(0.000, 0.000, 0.000) baseline=(0.000, 0.000, 0.000) delta=(0.000, 0.000, 0.000) moved=false scan_age=0.051s
[ground_truth_amcl_monitor-7] [INFO] [1789012012.630084698] [ground_truth_amcl_monitor]: AMCL vs GT: gt=(0.811, 3.157) amcl=(0.801, 3.158) error=0.010 m / 0.000 rad; current_map=(0.801, 3.158, -1.571) error=0.010 m / 0.000 rad; odom=(0.801, 3.157, -1.571) error=0.010 m / 0.000 rad; ekf=(0.801, 3.157, -1.571) error=0.010 m / 0.000 rad; RMS=0.006 m / 0.000 rad max=0.010 m / 0.000 rad samples=9429
[gpu_amcl_cpp_node-6] [INFO] [1789012012.781009060] [gpu_amcl_cpp]: Publishing provisional global AMCL pose for localization ramp; travel=0.000/0.750 m stable_scans=4721/5.
[gpu_amcl_cpp_node-6] [INFO] [1789012013.183483943] [gpu_amcl_cpp]: AMCL odom delta: at_scan=(0.000, 0.000, 0.000) baseline=(0.000, 0.000, 0.000) delta=(0.000, 0.000, 0.000) moved=false scan_age=0.056s
[ground_truth_amcl_monitor-7] [INFO] [1789012013.632552570] [ground_truth_amcl_monitor]: AMCL vs GT: gt=(0.811, 3.157) amcl=(0.801, 3.158) error=0.010 m / 0.000 rad; current_map=(0.801, 3.158, -1.571) error=0.010 m / 0.000 rad; odom=(0.801, 3.157, -1.571) error=0.010 m / 0.000 rad; ekf=(0.801, 3.157, -1.571) error=0.010 m / 0.000 rad; RMS=0.006 m / 0.000 rad max=0.010 m / 0.000 rad samples=9465
[gpu_amcl_cpp_node-6] [INFO] [1789012014.200593703] [gpu_amcl_cpp]: AMCL odom delta: at_scan=(0.000, 0.000, 0.000) baseline=(0.000, 0.000, 0.000) delta=(0.000, 0.000, 0.000) moved=false scan_age=0.051s
[ground_truth_amcl_monitor-7] [INFO] [1789012014.675691767] [ground_truth_amcl_monitor]: AMCL vs GT: gt=(0.811, 3.157) amcl=(0.801, 3.158) error=0.010 m / 0.000 rad; current_map=(0.801, 3.158, -1.571) error=0.010 m / 0.000 rad; odom=(0.801, 3.157, -1.571) error=0.010 m / 0.000 rad; ekf=(0.801, 3.157, -1.571) error=0.010 m / 0.000 rad; RMS=0.006 m / 0.000 rad max=0.010 m / 0.000 rad samples=9502
[gpu_amcl_cpp_node-6] [WARN] [1789012014.724904097] [gpu_amcl_cpp]: Queued LiDAR scan until source-time odometry arrives (queued=1).
[gpu_amcl_cpp_node-6] [INFO] [1789012014.830216511] [gpu_amcl_cpp]: Publishing provisional global AMCL pose for localization ramp; travel=0.000/0.750 m stable_scans=4758/5.
[gpu_amcl_cpp_node-6] [INFO] [1789012015.156665111] [gpu_amcl_cpp]: Received LiDAR callback #4808 (1081 ranges).
[gpu_amcl_cpp_node-6] [INFO] [1789012015.156726156] [gpu_amcl_cpp]: Starting AMCL scan update #4808 (sampled from 1081 ranges).
[gpu_amcl_cpp_node-6] [INFO] [1789012015.157399162] [gpu_amcl_cpp]: AMCL scan update #4808 completed; evaluating pose confidence.
[gpu_amcl_cpp_node-6] [INFO] [1789012015.223319697] [gpu_amcl_cpp]: AMCL odom delta: at_scan=(0.000, 0.000, 0.000) baseline=(0.000, 0.000, 0.000) delta=(0.000, 0.000, 0.000) moved=false scan_age=0.050s
[ground_truth_amcl_monitor-7] [INFO] [1789012015.678775928] [ground_truth_amcl_monitor]: AMCL vs GT: gt=(0.811, 3.157) amcl=(0.801, 3.158) error=0.010 m / 0.000 rad; current_map=(0.801, 3.158, -1.571) error=0.010 m / 0.000 rad; odom=(0.801, 3.157, -1.571) error=0.010 m / 0.000 rad; ekf=(0.801, 3.157, -1.571) error=0.010 m / 0.000 rad; RMS=0.006 m / 0.000 rad max=0.010 m / 0.000 rad samples=9539
[gpu_amcl_cpp_node-6] [INFO] [1789012016.273221893] [gpu_amcl_cpp]: AMCL odom delta: at_scan=(0.000, 0.000, 0.000) baseline=(0.000, 0.000, 0.000) delta=(0.000, 0.000, 0.000) moved=false scan_age=0.050s
[ground_truth_amcl_monitor-7] [INFO] [1789012016.685671256] [ground_truth_amcl_monitor]: AMCL vs GT: gt=(0.811, 3.157) amcl=(0.801, 3.158) error=0.010 m / 0.000 rad; current_map=(0.801, 3.158, -1.571) error=0.010 m / 0.000 rad; odom=(0.801, 3.157, -1.571) error=0.010 m / 0.000 rad; ekf=(0.801, 3.157, -1.571) error=0.010 m / 0.000 rad; RMS=0.006 m / 0.000 rad max=0.010 m / 0.000 rad samples=9576
[gpu_amcl_cpp_node-6] [INFO] [1789012016.855644135] [gpu_amcl_cpp]: Publishing provisional global AMCL pose for localization ramp; travel=0.000/0.750 m stable_scans=4795/5.
[gpu_amcl_cpp_node-6] [INFO] [1789012017.275164256] [gpu_amcl_cpp]: AMCL odom delta: at_scan=(0.000, 0.000, 0.000) baseline=(0.000, 0.000, 0.000) delta=(0.000, 0.000, 0.000) moved=false scan_age=0.050s
[ground_truth_amcl_monitor-7] [INFO] [1789012017.701563706] [ground_truth_amcl_monitor]: AMCL vs GT: gt=(0.811, 3.157) amcl=(0.801, 3.158) error=0.010 m / 0.000 rad; current_map=(0.801, 3.158, -1.571) error=0.010 m / 0.000 rad; odom=(0.801, 3.157, -1.571) error=0.010 m / 0.000 rad; ekf=(0.801, 3.157, -1.571) error=0.010 m / 0.000 rad; RMS=0.006 m / 0.000 rad max=0.010 m / 0.000 rad samples=9614
[gpu_amcl_cpp_node-6] [INFO] [1789012018.324238355] [gpu_amcl_cpp]: AMCL odom delta: at_scan=(0.000, 0.000, 0.000) baseline=(0.000, 0.000, 0.000) delta=(0.000, 0.000, 0.000) moved=false scan_age=0.051s
[ground_truth_amcl_monitor-7] [INFO] [1789012018.723624268] [ground_truth_amcl_monitor]: AMCL vs GT: gt=(0.811, 3.157) amcl=(0.801, 3.158) error=0.010 m / 0.000 rad; current_map=(0.801, 3.158, -1.571) error=0.010 m / 0.000 rad; odom=(0.801, 3.157, -1.571) error=0.010 m / 0.000 rad; ekf=(0.801, 3.157, -1.571) error=0.010 m / 0.000 rad; RMS=0.006 m / 0.000 rad max=0.010 m / 0.000 rad samples=9650
[gpu_amcl_cpp_node-6] [INFO] [1789012018.881119047] [gpu_amcl_cpp]: Publishing provisional global AMCL pose for localization ramp; travel=0.000/0.750 m stable_scans=4832/5.
[gpu_amcl_cpp_node-6] [INFO] [1789012019.373952848] [gpu_amcl_cpp]: AMCL odom delta: at_scan=(0.000, 0.000, 0.000) baseline=(0.000, 0.000, 0.000) delta=(0.000, 0.000, 0.000) moved=false scan_age=0.050s
[ground_truth_amcl_monitor-7] [INFO] [1789012019.761407951] [ground_truth_amcl_monitor]: AMCL vs GT: gt=(0.811, 3.157) amcl=(0.801, 3.158) error=0.010 m / 0.000 rad; current_map=(0.801, 3.158, -1.571) error=0.010 m / 0.000 rad; odom=(0.801, 3.157, -1.571) error=0.010 m / 0.000 rad; ekf=(0.801, 3.157, -1.571) error=0.010 m / 0.000 rad; RMS=0.006 m / 0.000 rad max=0.010 m / 0.000 rad samples=9688
[gpu_amcl_cpp_node-6] [INFO] [1789012020.205903256] [gpu_amcl_cpp]: Received LiDAR callback #4900 (1081 ranges).
[gpu_amcl_cpp_node-6] [INFO] [1789012020.205987504] [gpu_amcl_cpp]: Starting AMCL scan update #4900 (sampled from 1081 ranges).
[gpu_amcl_cpp_node-6] [INFO] [1789012020.206632918] [gpu_amcl_cpp]: AMCL scan update #4900 completed; evaluating pose confidence.
[gpu_amcl_cpp_node-6] [INFO] [1789012020.381211158] [gpu_amcl_cpp]: AMCL odom delta: at_scan=(0.000, 0.000, 0.000) baseline=(0.000, 0.000, 0.000) delta=(0.000, 0.000, 0.000) moved=false scan_age=0.054s
[ground_truth_amcl_monitor-7] [INFO] [1789012020.801545270] [ground_truth_amcl_monitor]: AMCL vs GT: gt=(0.811, 3.157) amcl=(0.801, 3.158) error=0.010 m / 0.000 rad; current_map=(0.801, 3.158, -1.571) error=0.010 m / 0.000 rad; odom=(0.801, 3.157, -1.571) error=0.010 m / 0.000 rad; ekf=(0.801, 3.157, -1.571) error=0.010 m / 0.000 rad; RMS=0.006 m / 0.000 rad max=0.010 m / 0.000 rad samples=9724
[gpu_amcl_cpp_node-6] [INFO] [1789012020.913610234] [gpu_amcl_cpp]: Publishing provisional global AMCL pose for localization ramp; travel=0.000/0.750 m stable_scans=4868/5.
