run_id,event_index,request_sequence,request_monotonic_ns,packet_sequence,associated_packet_sequence,response_received,bridge_arrival_monotonic_ns,telemetry_sequence,simulation_time_s,simulation_physics_step,simulation_render_frame,sent_throttle_norm,sent_steering_norm,sent_reset,commanded_throttle_norm,commanded_steering_norm,applied_command_sequence,applied_throttle_norm,applied_steering_norm,simulator_angular_velocity_x,simulator_angular_velocity_y,simulator_angular_velocity_z,simulator_encoder_angles_left,simulator_encoder_angles_right,simulator_feedback_steering_norm,simulator_feedback_throttle_norm,simulator_linear_acceleration_x,simulator_linear_acceleration_y,simulator_linear_acceleration_z,simulator_linear_velocity_x,simulator_linear_velocity_y,simulator_linear_velocity_z,simulator_orientation_euler_x,simulator_orientation_euler_y,simulator_orientation_euler_z,simulator_orientation_quaternion_w,simulator_orientation_quaternion_x,simulator_orientation_quaternion_y,simulator_orientation_quaternion_z,simulator_position_x,simulator_position_y,simulator_position_z
60_e1_corner_throttle_40hz_20260913,44,4,12405438767869,1,1,True,12405443585339,5,7.024,7025,15900,0.0,0.0,False,0.0,0.0,3,0.0,0.0,0.0,0.0,0.0,0.0,0.0,0.0,0.0,0.0004,0.0001,-0.0101,0.0,0.0,0.0001,0.0,0.0314,4.7123,0.707,0.0111,0.0111,-0.707,0.8013,3.1584,0.0592
60_e1_corner_throttle_40hz_20260913,53,5,12405463540977,2,2,True,12405466243490,6,7.04800034,7049,15977,0.0,0.0,False,0.0,0.0,4,0.0,0.0,0.0,0.0,0.0,0.0,0.0,0.0,0.0,0.0001,0.0004,0.0139,0.0,0.0,0.0001,0.0,0.0314,4.7123,0.707,0.0111,0.0111,-0.707,0.8013,3.1584,0.0592
60_e1_corner_throttle_40hz_20260913,62,6,12405488128657,3,3,True,12405491017910,7,7.07300043,7074,16061,0.0,0.0,False,0.0,0.0,5,0.0,0.0,0.0,0.0,0.0,0.0,0.0,0.0,0.0,0.0,0.001,-0.0046,0.0,0.0,0.0001,0.0,0.0314,4.7123,0.707,0.0111,0.0111,-0.707,0.8013,3.1584,0.0592
60_e1_corner_throttle_40hz_20260913,71,7,12405513705646,4,4,True,12405516062819,8,7.09800053,7099,16147,0.0,0.0,False,0.0,0.0,6,0.0,0.0,0.0,0.0,0.0,0.0,0.0,0.0,0.0,-0.0003,-0.0001,0.0,0.0,0.0,0.0001,0.0,0.0314,4.7123,0.707,0.0111,0.0111,-0.707,0.8013,3.1584,0.0592
60_e1_corner_throttle_40hz_20260913,80,8,12405538596886,5,5,True,12405541127716,9,7.123,7124,16231,0.0,0.0,False,0.0,0.0,7,0.0,0.0,0.0001,0.0,0.0,0.0,0.0,0.0,0.0,0.0002,-0.0005,-0.0084,0.0,0.0,0.0001,0.0,0.0314,4.7123,0.707,0.0111,0.0111,-0.707,0.8013,3.1584,0.0592
60_e1_corner_throttle_40hz_20260913,88,9,12405563700466,6,6,True,12405566163568,10,7.14800024,7149,16314,0.0,0.0,False,0.0,0.0,8,0.0,0.0,0.0001,0.0,0.0,0.0,0.0,0.0,0.0,-0.0008,0.0002,0.0048,0.0,0.0,0.0001,0.0,0.0314,4.7123,0.707,0.0111,0.0111,-0.707,0.8013,3.1584,0.0592
60_e1_corner_throttle_40hz_20260913,98,10,12405588116412,7,7,True,12405591150849,11,7.17300034,7174,16388,0.0,0.0,False,0.0,0.0,9,0.0,0.0,0.0001,0.0,0.0,0.0,0.0,0.0,0.0,-0.0002,-0.0006,0.0077,0.0,0.0,0.0001,0.0,0.0314,4.7123,0.707,0.0111,0.0111,-0.707,0.8013,3.1584,0.0592
60_e1_corner_throttle_40hz_20260913,106,11,12405613831421,8,8,True,12405616024455,12,7.19800043,7199,16474,0.0,0.0,False,0.0,0.0,10,0.0,0.0,0.0001,0.0,0.0,0.0,0.0,0.0,0.0,0.0001,0.0,0.0035,0.0,0.0,0.0001,0.0,0.0314,4.7123,0.707,0.0111,0.0111,-0.707,0.8013,3.1584,0.0592
60_e1_corner_throttle_40hz_20260913,116,12,12405638351032,9,9,True,12405642486790,13,7.22300053,7224,16555,0.0,0.0,False,0.0,0.0,11,0.0,0.0,0.0001,0.0,0.0,0.0,0.0,0.0,0.0,0.0001,0.0002,-0.0025,0.0,0.0,0.0001,0.0,0.0314,4.7123,0.707,0.0111,0.0111,-0.707,0.8013,3.1584,0.0592
60_e1_corner_throttle_40hz_20260913,125,13,12405663513853,10,10,True,12405666226965,14,7.248,7249,16625,0.0,0.0,False,0.0,0.0,12,0.0,0.0,0.0001,0.0,0.0,0.0,0.0,0.0,0.0,-0.0004,0.0004,0.0123,0.0,0.0,0.0002,0.0,0.0314,4.7123,0.707,0.0111,0.0111,-0.707,0.8013,3.1584,0.0592
60_e1_corner_throttle_40hz_20260913,134,14,12405688090011,11,11,True,12405691120720,15,7.27300024,7274,16706,0.0,0.0,False,0.0,0.0,13,0.0,0.0,0.0001,0.0,0.0,0.0,0.0,0.0,0.0,-0.0007,0.0001,0.0055,0.0,0.0,0.0002,0.0,0.0314,4.7123,0.707,0.0111,0.0111,-0.707,0.8013,3.1584,0.0592
60_e1_corner_throttle_40hz_20260913,143,15,12405712904436,12,12,True,12405716131375,16,7.29800034,7299,16784,0.0,0.0,False,0.0,0.0,14,0.0,0.0,0.0001,0.0,0.0,0.0,0.0,0.0,0.0,-0.0005,-0.0005,0.005,0.0,0.0,0.0001,0.0,0.0314,4.7123,0.707,0.0111,0.0111,-0.707,0.8013,3.1584,0.0592
60_e1_corner_throttle_40hz_20260913,152,16,12405737884624,13,13,True,12405739983120,17,7.3220005,7323,16861,0.0,0.0,False,0.0,0.0,15,0.0,0.0,0.0001,0.0,0.0,0.0,0.0,0.0,0.0,0.0001,0.0002,0.0039,0.0,0.0,0.0001,0.0,0.0314,4.7123,0.707,0.0111,0.0111,-0.707,0.8013,3.1584,0.0592
60_e1_corner_throttle_40hz_20260913,161,17,12405763573073,14,14,True,12405766186267,18,7.34800053,7349,16950,0.0,0.0,False,0.0,0.0,16,0.0,0.0,0.0001,0.0,0.0,0.0,0.0,0.0,0.0,0.0003,0.0,0.0027,0.0,0.0,0.0001,0.0,0.0314,4.7123,0.707,0.0111,0.0111,-0.707,0.8013,3.1584,0.0592
60_e1_corner_throttle_40hz_20260913,170,18,12405788718220,15,15,True,12405791010481,19,7.373,7374,17030,0.0,0.0,False,0.0,0.0,17,0.0,0.0,0.0001,0.0,0.0,0.0,0.0,0.0,0.0,0.0002,0.0004,0.0002,0.0,0.0,0.0002,0.0,0.0314,4.7123,0.707,0.0111,0.0111,-0.707,0.8013,3.1584,0.0592
60_e1_corner_throttle_40hz_20260913,179,19,12405813563334,16,16,True,12405816083052,20,7.39800024,7399,17119,0.0,0.0,False,0.0,0.0,18,0.0,0.0,0.0001,0.0,0.0,0.0,0.0,0.0,0.0,-0.0005,-0.0004,0.0018,0.0,0.0,0.0001,0.0,0.0314,4.7123,0.707,0.0111,0.0111,-0.707,0.8013,3.1584,0.0592
60_e1_corner_throttle_40hz_20260913,187,20,12405838604185,17,17,True,12405841043953,21,7.42300034,7424,17204,0.0,0.0,False,0.0,0.0,19,0.0,0.0,0.0001,0.0,0.0,0.0,0.0,0.0,0.0,-0.0004,-0.0002,0.0039,0.0,0.0,0.0001,0.0,0.0314,4.7123,0.707,0.0111,0.0111,-0.707,0.8013,3.1584,0.0592
60_e1_corner_throttle_40hz_20260913,197,21,12405863601795,18,18,True,12405865968716,22,7.44800043,7449,17288,0.0,0.0,False,0.0,0.0,20,0.0,0.0,0.0001,0.0,0.0,0.0,0.0,0.0,0.0,0.0002,-0.0001,0.0035,0.0,0.0,0.0001,0.0,0.0314,4.7123,0.707,0.0111,0.0111,-0.707,0.8014,3.1584,0.0592
60_e1_corner_throttle_40hz_20260913,206,22,12405888393518,19,19,True,12405891260069,23,7.47300053,7474,17360,0.0,0.0,False,0.0,0.0,21,0.0,0.0,0.0,0.0,0.0,0.0,0.0,0.0,0.0,-0.0006,-0.0001,0.008,0.0,0.0,0.0001,0.0,0.0314,4.7123,0.707,0.0111,0.0111,-0.707,0.8014,3.1584,0.0592
60_e1_corner_throttle_40hz_20260913,215,23,12405913589932,20,20,True,12405915991629,24,7.498,7499,17435,0.0,0.0,False,0.0,0.0,22,0.0,0.0,0.0,0.0,0.0,0.0,0.0,0.0,0.0,0.0002,0.0004,-0.0039,0.0,0.0,0.0001,0.0,0.0314,4.7123,0.707,0.0111,0.0111,-0.707,0.8014,3.1584,0.0592
60_e1_corner_throttle_40hz_20260913,224,24,12405938230040,21,21,True,12405940901644,25,7.52300024,7524,17521,0.0,0.0,False,0.0,0.0,23,0.0,0.0,0.0,0.0,0.0,0.0,0.0,0.0,0.0,-0.0005,0.0,0.0017,0.0,0.0,0.0001,0.0,0.0314,4.7123,0.707,0.0111,0.0111,-0.707,0.8014,3.1584,0.0592
60_e1_corner_throttle_40hz_20260913,233,25,12405963144594,22,22,True,12405966143153,26,7.54800034,7549,17611,0.0,0.0,False,0.0,0.0,24,0.0,0.0,0.0,0.0,0.0,0.0,0.0,0.0,0.0,0.0003,-0.0001,-0.0026,0.0,0.0,0.0001,0.0,0.0314,4.7123,0.707,0.0111,0.0111,-0.707,0.8014,3.1584,0.0592
60_e1_corner_throttle_40hz_20260913,242,26,12405988498053,23,23,True,12405992044513,27,7.57300043,7574,17699,0.0,0.0,False,0.0,0.0,25,0.0,0.0,0.0,0.0,0.0,0.0,0.0,0.0,0.0,-0.0002,-0.0001,0.0035,0.0,0.0,0.0001,0.0,0.0314,4.7123,0.707,0.0111,0.0111,-0.707,0.8014,3.1584,0.0592
60_e1_corner_throttle_40hz_20260913,251,27,12406013416955,24,24,True,12406015996336,28,7.59800053,7599,17783,0.0,0.0,False,0.0,0.0,26,0.0,0.0,0.0,0.0,0.0,0.0,0.0,0.0,0.0,0.0002,-0.0001,-0.003,0.0,0.0,0.0001,0.0,0.0314,4.7123,0.707,0.0111,0.0111,-0.707,0.8014,3.1584,0.0592
60_e1_corner_throttle_40hz_20260913,260,28,12406038550681,25,25,True,12406041592652,29,7.623,7624,17873,0.0,0.0,False,0.0,0.0,27,0.0,0.0,0.0,0.0,0.0,0.0,0.0,0.0,0.0,-0.0007,0.0003,0.006,0.0,0.0,0.0001,0.0,0.0314,4.7123,0.707,0.0111,0.0111,-0.707,0.8014,3.1584,0.0592
60_e1_corner_throttle_40hz_20260913,269,29,12406062896846,26,26,True,12406065293313,30,7.64700031,7648,17947,0.0,0.0,False,0.0,0.0,28,0.0,0.0,0.0,0.0,0.0,0.0,0.0,0.0,0.0,-0.0004,0.0,0.0042,0.0,0.0,0.0001,0.0,0.0314,4.7123,0.707,0.0111,0.0111,-0.707,0.8014,3.1584,0.0592
60_e1_corner_throttle_40hz_20260913,278,30,12406087980879,27,27,True,12406091213027,31,7.67300034,7674,18032,0.0,0.0,False,0.0,0.0,29,0.0,0.0,0.0,0.0,0.0,0.0,0.0,0.0,0.0,-0.0002,-0.0005,0.0,0.0,0.0,0.0001,0.0,0.0314,4.7123,0.707,0.0111,0.0111,-0.707,0.8014,3.1584,0.0592
60_e1_corner_throttle_40hz_20260913,287,31,12406112988568,28,28,True,12406116074632,32,7.69800043,7699,18106,0.0,0.0,False,0.0,0.0,30,0.0,0.0,0.0,0.0,0.0,0.0,0.0,0.0,0.0,0.0006,-0.0004,-0.0096,0.0,0.0,0.0001,0.0,0.0314,4.7123,0.707,0.0111,0.0111,-0.707,0.8014,3.1584,0.0592
60_e1_corner_throttle_40hz_20260913,295,32,12406138813564,29,29,True,12406143278881,33,7.72400045,7725,18189,0.0,0.0,False,0.0,0.0,31,0.0,0.0,0.0,0.0,0.0,0.0,0.0,0.0,0.0,0.0002,-0.0001,-0.0024,0.0,0.0,0.0001,0.0,0.0314,4.7123,0.707,0.0111,0.0111,-0.707,0.8014,3.1584,0.0592
60_e1_corner_throttle_40hz_20260913,304,33,12406163384081,30,30,True,12406166141416,34,7.748,7749,18266,0.0,0.0,False,0.0,0.0,32,0.0,0.0,0.0,0.0,0.0,0.0,0.0,0.0,0.0,-0.0001,0.0001,0.0096,0.0,0.0,0.0001,0.0,0.0314,4.7123,0.707,0.0111,0.0111,-0.707,0.8014,3.1584,0.0592
60_e1_corner_throttle_40hz_20260913,314,34,12406188707985,31,31,True,12406193264313,35,7.774,7775,18341,0.0,0.0,False,0.0,0.0,33,0.0,0.0,0.0,0.0,0.0,0.0,0.0,0.0,0.0,0.0006,-0.0007,-0.0043,0.0,0.0,0.0001,0.0,0.0314,4.7123,0.707,0.0111,0.0111,-0.707,0.8014,3.1584,0.0592
60_e1_corner_throttle_40hz_20260913,323,35,12406213145201,32,32,True,12406216183104,36,7.79800034,7799,18419,0.0,0.0,False,0.0,0.0,34,0.0,0.0,-0.0001,0.0,0.0,0.0,0.0,0.0,0.0,-0.0007,0.0,0.0078,0.0,0.0,0.0001,0.0,0.0314,4.7123,0.707,0.0111,0.0111,-0.707,0.8014,3.1584,0.0592
60_e1_corner_throttle_40hz_20260913,332,36,12406238857114,33,33,True,12406241119439,37,7.82300043,7824,18491,0.0,0.0,False,0.0,0.0,35,0.0,0.0,0.0,0.0,0.0,0.0,0.0,0.0,0.0,-0.0005,-0.0002,0.0065,0.0,0.0,0.0001,0.0,0.0314,4.7123,0.707,0.0111,0.0111,-0.707,0.8014,3.1584,0.0592
60_e1_corner_throttle_40hz_20260913,341,37,12406263187910,34,34,True,12406266205155,38,7.84800053,7849,18570,0.0,0.0,False,0.0,0.0,36,0.0,0.0,0.0,0.0,0.0,0.0,0.0,0.0,0.0,0.0,0.0002,0.0037,0.0,0.0,0.0001,0.0,0.0314,4.7123,0.707,0.0111,0.0111,-0.707,0.8014,3.1584,0.0592
60_e1_corner_throttle_40hz_20260913,350,38,12406288619366,35,35,True,12406291152450,39,7.873,7874,18654,0.0,0.0,False,0.0,0.0,37,0.0,0.0,0.0,0.0,0.0,0.0,0.0,0.0,0.0,-0.0004,-0.0002,0.0138,0.0,0.0,0.0001,0.0,0.0314,4.7123,0.707,0.0111,0.0111,-0.707,0.8014,3.1584,0.0592
60_e1_corner_throttle_40hz_20260913,359,39,12406313775364,36,36,True,12406316070480,40,7.89800024,7899,18739,0.0,0.0,False,0.0,0.0,38,0.0,0.0,0.0,0.0,0.0,0.0,0.0,0.0,0.0,-0.0001,0.0003,-0.0118,0.0,0.0,0.0002,0.0,0.0314,4.7123,0.707,0.0111,0.0111,-0.707,0.8014,3.1584,0.0592
60_e1_corner_throttle_40hz_20260913,368,40,12406338655043,37,37,True,12406341041901,41,7.92300034,7924,18827,0.0,0.0,False,0.0,0.0,39,0.0,0.0,0.0,0.0,0.0,0.0,0.0,0.0,0.0,0.0,-0.0003,-0.0019,0.0,0.0,0.0002,0.0,0.0314,4.7123,0.707,0.0111,0.0111,-0.707,0.8014,3.1584,0.0592
60_e1_corner_throttle_40hz_20260913,377,41,12406363347930,38,38,True,12406366115204,42,7.94800043,7949,18897,0.0,0.0,False,0.0,0.0,40,0.0,0.0,0.0,0.0,0.0,0.0,0.0,0.0,0.0,-0.0004,-0.0001,0.001,0.0,0.0,0.0001,0.0,0.0314,4.7123,0.707,0.0111,0.0111,-0.707,0.8014,3.1584,0.0592
60_e1_corner_throttle_40hz_20260913,386,42,12406388757074,39,39,True,12406391065755,43,7.97300053,7974,18975,0.0,0.0,False,0.0,0.0,41,0.0,0.0,0.0,0.0,0.0,0.0,0.0,0.0,0.0,0.0003,0.0002,-0.0094,0.0,0.0,0.0001,0.0,0.0314,4.7123,0.707,0.0111,0.0111,-0.707,0.8014,3.1584,0.0592
60_e1_corner_throttle_40hz_20260913,394,43,12406413592248,40,40,True,12406415976843,44,7.998,7999,19056,0.0,0.0,False,0.0,0.0,42,0.0,0.0,0.0001,0.0,0.0,0.0,0.0,0.0,0.0,0.0001,-0.0006,0.0049,0.0,0.0,0.0001,0.0,0.0314,4.7123,0.707,0.0111,0.0111,-0.707,0.8014,3.1584,0.0592
60_e1_corner_throttle_40hz_20260913,404,44,12406438487386,41,41,True,12406441046819,45,8.023001,8024,19141,0.0,0.0,False,0.0,0.0,43,0.0,0.0,0.0,0.0,0.0,0.0,0.0,0.0,0.0,-0.0008,0.0003,0.0101,0.0,0.0,0.0002,0.0,0.0314,4.7123,0.707,0.0111,0.0111,-0.707,0.8014,3.1584,0.0592
60_e1_corner_throttle_40hz_20260913,413,45,12406463452334,42,42,True,12406466066951,46,8.048,8049,19222,0.0,0.0,False,0.0,0.0,44,0.0,0.0,0.0001,0.0,0.0,0.0,0.0,0.0,0.0,0.0001,0.0001,-0.0003,0.0,0.0,0.0001,0.0,0.0314,4.7123,0.707,0.0111,0.0111,-0.707,0.8014,3.1584,0.0592
60_e1_corner_throttle_40hz_20260913,422,46,12406488831742,43,43,True,12406490955606,47,8.073,8074,19305,0.0,0.0,False,0.0,0.0,45,0.0,0.0,0.0,0.0,0.0,0.0,0.0,0.0,0.0,0.0002,0.0003,0.0024,0.0,0.0,0.0002,0.0,0.0314,4.7123,0.707,0.0111,0.0111,-0.707,0.8014,3.1584,0.0592
60_e1_corner_throttle_40hz_20260913,431,47,12406513663771,44,44,True,12406516133446,48,8.098001,8099,19390,0.0,0.0,False,0.0,0.0,46,0.0,0.0,0.0001,0.0,0.0,0.0,0.0,0.0,0.0,0.0,0.0,-0.0016,0.0,0.0,0.0001,0.0,0.0314,4.7123,0.707,0.0111,0.0111,-0.707,0.8014,3.1584,0.0592
60_e1_corner_throttle_40hz_20260913,439,48,12406538504286,45,45,True,12406540972357,49,8.123,8124,19465,0.0,0.0,False,0.0,0.0,47,0.0,0.0,0.0,0.0,0.0,0.0,0.0,0.0,0.0,-0.0005,0.0009,0.0034,0.0,0.0,0.0001,0.0,0.0314,4.7123,0.707,0.0111,0.0111,-0.707,0.8015,3.1584,0.0592
60_e1_corner_throttle_40hz_20260913,449,49,12406563244562,46,46,True,12406566022867,50,8.148001,8149,19552,0.0,0.0,False,0.0,0.0,48,0.0,0.0,0.0001,0.0,0.0,0.0,0.0,0.0,0.0,-0.0004,0.0001,0.0078,0.0,0.0,0.0001,0.0,0.0314,4.7123,0.707,0.0111,0.0111,-0.707,0.8015,3.1584,0.0592
60_e1_corner_throttle_40hz_20260913,458,50,12406588687159,47,47,True,12406591115115,51,8.173,8174,19643,0.0,0.0,False,0.0,0.0,49,0.0,0.0,0.0001,0.0,0.0,0.0,0.0,0.0,0.0,0.0,-0.0006,0.0027,0.0,0.0,0.0001,0.0,0.0314,4.7123,0.707,0.0111,0.0111,-0.707,0.8015,3.1584,0.0592
60_e1_corner_throttle_40hz_20260913,466,51,12406613754290,48,48,True,12406618175755,52,8.199,8200,19730,0.0,0.0,False,0.0,0.0,50,0.0,0.0,0.0001,0.0,0.0,0.0,0.0,0.0,0.0,0.0003,0.0005,-0.0047,0.0,0.0,0.0001,0.0,0.0314,4.7123,0.707,0.0111,0.0111,-0.707,0.8015,3.1584,0.0592
60_e1_corner_throttle_40hz_20260913,476,52,12406638689332,49,49,True,12406641059319,53,8.223001,8224,19808,0.0,0.0,False,0.0,0.0,51,0.0,0.0,0.0001,0.0,0.0,0.0,0.0,0.0,0.0,-0.0005,0.0007,0.0169,0.0,0.0,0.0001,0.0,0.0314,4.7123,0.707,0.0111,0.0111,-0.707,0.8015,3.1584,0.0592
60_e1_corner_throttle_40hz_20260913,484,53,12406663782281,50,50,True,12406668664022,54,8.249001,8250,19892,0.0,0.0,False,0.0,0.0,52,0.0,0.0,0.0001,0.0,0.0,0.0,0.0,0.0,0.0,-0.0003,-0.0002,0.0038,0.0,0.0,0.0001,0.0,0.0314,4.7123,0.707,0.0111,0.0111,-0.707,0.8015,3.1584,0.0592
60_e1_corner_throttle_40hz_20260913,493,54,12406688443369,51,51,True,12406691177210,55,8.273001,8274,19955,0.0,0.0,False,0.0,0.0,53,0.0,0.0,0.0001,0.0,0.0,0.0,0.0,0.0,0.0,0.0,0.0,0.0017,0.0,0.0,0.0001,0.0,0.0314,4.7123,0.707,0.0111,0.0111,-0.707,0.8015,3.1584,0.0592
60_e1_corner_throttle_40hz_20260913,502,55,12406713749729,52,52,True,12406718231257,56,8.299001,8300,20026,0.0,0.0,False,0.0,0.0,54,0.0,0.0,0.0001,0.0,0.0,0.0,0.0,0.0,0.0,0.0003,-0.0012,-0.0076,0.0,0.0,0.0001,0.0,0.0314,4.7123,0.707,0.0111,0.0111,-0.707,0.8015,3.1584,0.0592
60_e1_corner_throttle_40hz_20260913,512,56,12406738598650,53,53,True,12406742143166,57,8.323,8324,20099,0.0,0.0,False,0.0,0.0,55,0.0,0.0,0.0001,0.0,0.0,0.0,0.0,0.0,0.0,-0.0001,0.0,-0.0017,0.0,0.0,0.0001,0.0,0.0314,4.7123,0.707,0.0111,0.0111,-0.707,0.8015,3.1584,0.0592
60_e1_corner_throttle_40hz_20260913,521,57,12406763495961,54,54,True,12406766100089,58,8.348001,8349,20178,0.0,0.0,False,0.0,0.0,56,0.0,0.0,0.0001,0.0,0.0,0.0,0.0,0.0,0.0,0.0,0.0006,0.0018,0.0,0.0,0.0001,0.0,0.0314,4.7123,0.707,0.0111,0.0111,-0.707,0.8015,3.1584,0.0592
60_e1_corner_throttle_40hz_20260913,530,58,12406788666396,55,55,True,12406791075387,59,8.373,8374,20262,0.0,0.0,False,0.0,0.0,57,0.0,0.0,0.0001,0.0,0.0,0.0,0.0,0.0,0.0,0.0,0.0002,0.0074,0.0,0.0,0.0001,0.0,0.0314,4.7123,0.707,0.0111,0.0111,-0.707,0.8015,3.1584,0.0592
60_e1_corner_throttle_40hz_20260913,538,59,12406813399008,56,56,True,12406816108183,60,8.398001,8399,20351,0.0,0.0,False,0.0,0.0,58,0.0,0.0,0.0001,0.0,0.0,0.0,0.0,0.0,0.0,0.001,0.0,-0.0151,0.0,0.0,0.0001,0.0,0.0314,4.7123,0.707,0.0111,0.0111,-0.707,0.8015,3.1584,0.0592
60_e1_corner_throttle_40hz_20260913,547,60,12406838569263,57,57,True,12406840982101,61,8.423,8424,20439,0.0,0.0,False,0.0,0.0,59,0.0,0.0,0.0001,0.0,0.0,0.0,0.0,0.0,0.0,-0.0005,0.0,0.001,0.0,0.0,0.0001,0.0,0.0314,4.7123,0.707,0.0111,0.0111,-0.707,0.8015,3.1584,0.0592
60_e1_corner_throttle_40hz_20260913,557,61,12406863667703,58,58,True,12406866568247,62,8.448,8449,20520,0.0,0.0,False,0.0,0.0,60,0.0,0.0,0.0,0.0,0.0,0.0,0.0,0.0,0.0,-0.0002,-0.0001,0.002,0.0,0.0,0.0001,0.0,0.0314,4.7123,0.707,0.0111,0.0111,-0.707,0.8015,3.1584,0.0592
60_e1_corner_throttle_40hz_20260913,565,62,12406888471118,59,59,True,12406890963505,63,8.473001,8474,20601,0.0,0.0,False,0.0,0.0,61,0.0,0.0,0.0,0.0,0.0,0.0,0.0,0.0,0.0,0.0003,-0.0002,-0.0021,0.0,0.0,0.0001,0.0,0.0314,4.7123,0.707,0.0111,0.0111,-0.707,0.8015,3.1584,0.0592
60_e1_corner_throttle_40hz_20260913,575,63,12406912922601,60,60,True,12406914940876,64,8.497001,8498,20678,0.0,0.0,False,0.0,0.0,62,0.0,0.0,0.0,0.0,0.0,0.0,0.0,0.0,0.0,-0.0004,-0.0003,0.0111,0.0,0.0,0.0001,0.0,0.0314,4.7123,0.707,0.0111,0.0111,-0.707,0.8015,3.1584,0.0592
60_e1_corner_throttle_40hz_20260913,584,64,12406938136407,61,61,True,12406940963073,65,8.523001,8524,20768,0.0,0.0,False,0.0,0.0,63,0.0,0.0,0.0,0.0,0.0,0.0,0.0,0.0,0.0,-0.0008,-0.0005,0.0146,0.0,0.0,0.0001,0.0,0.0314,4.7123,0.707,0.0111,0.0111,-0.707,0.8015,3.1584,0.0592
60_e1_corner_throttle_40hz_20260913,593,65,12406963734437,62,62,True,12406966162773,66,8.548,8549,20852,0.0,0.0,False,0.0,0.0,64,0.0,0.0,0.0,0.0,0.0,0.0,0.0,0.0,0.0,-0.0001,0.0001,0.0068,0.0,0.0,0.0001,0.0,0.0314,4.7123,0.707,0.0111,0.0111,-0.707,0.8015,3.1584,0.0592
60_e1_corner_throttle_40hz_20260913,602,66,12406988639222,63,63,True,12406991130437,67,8.573,8574,20934,0.0,0.0,False,0.0,0.0,65,0.0,0.0,0.0,0.0,0.0,0.0,0.0,0.0,0.0,0.0001,-0.0005,-0.0026,0.0,0.0,0.0001,0.0,0.0314,4.7123,0.707,0.0111,0.0111,-0.707,0.8015,3.1584,0.0592
60_e1_corner_throttle_40hz_20260913,610,67,12407013576649,64,64,True,12407015980339,68,8.598001,8599,21015,0.0,0.0,False,0.0,0.0,66,0.0,0.0,0.0,0.0,0.0,0.0,0.0,0.0,0.0,0.0009,0.0004,-0.0116,0.0,0.0,0.0001,0.0,0.0314,4.7123,0.707,0.0111,0.0111,-0.707,0.8015,3.1584,0.0592
60_e1_corner_throttle_40hz_20260913,619,68,12407038568458,65,65,True,12407041112212,69,8.623,8624,21102,0.0,0.0,False,0.0,0.0,67,0.0,0.0,0.0,0.0,0.0,0.0,0.0,0.0,0.0,0.0,0.0,0.0018,0.0,0.0,0.0001,0.0,0.0314,4.7123,0.707,0.0111,0.0111,-0.707,0.8015,3.1584,0.0592
60_e1_corner_throttle_40hz_20260913,628,69,12407063185332,66,66,True,12407066143275,70,8.648001,8649,21188,0.0,0.0,False,0.0,0.0,68,0.0,0.0,0.0,0.0,0.0,0.0,0.0,0.0,0.0,0.0,0.001,0.0034,0.0,0.0,0.0001,0.0,0.0314,4.7123,0.707,0.0111,0.0111,-0.707,0.8015,3.1584,0.0592
60_e1_corner_throttle_40hz_20260913,637,70,12407088517852,67,67,True,12407091218761,71,8.673,8674,21268,0.0,0.0,False,0.0,0.0,69,0.0,0.0,0.0,0.0,0.0,0.0,0.0,0.0,0.0,0.0,-0.001,0.0,0.0,0.0,0.0001,0.0,0.0314,4.7123,0.707,0.0111,0.0111,-0.707,0.8015,3.1584,0.0592
60_e1_corner_throttle_40hz_20260913,647,71,12407113066017,68,68,True,12407116032927,72,8.698,8699,21350,0.0,0.0,False,0.0,0.0,70,0.0,0.0,0.0,0.0,0.0,0.0,0.0,0.0,0.0,0.0009,0.0004,-0.0068,0.0,0.0,0.0001,0.0,0.0314,4.7123,0.707,0.0111,0.0111,-0.707,0.8015,3.1584,0.0592
60_e1_corner_throttle_40hz_20260913,655,72,12407138734749,69,69,True,12407140916402,73,8.723001,8724,21423,0.0,0.0,False,0.0,0.0,71,0.0,0.0,0.0,0.0,0.0,0.0,0.0,0.0,0.0,0.0001,0.0001,-0.0069,0.0,0.0,0.0001,0.0,0.0314,4.7123,0.707,0.0111,0.0111,-0.707,0.8015,3.1584,0.0592
60_e1_corner_throttle_40hz_20260913,664,73,12407163412037,70,70,True,12407166546952,74,8.746,8747,21497,0.0,0.0,False,0.0,0.0,72,0.0,0.0,0.0,0.0,0.0,0.0,0.0,0.0,0.0,0.001,0.0004,-0.0009,0.0,0.0,0.0001,0.0,0.0314,4.7123,0.707,0.0111,0.0111,-0.707,0.8016,3.1584,0.0592
60_e1_corner_throttle_40hz_20260913,673,74,12407187973547,71,71,True,12407190209512,75,8.772,8773,21575,0.0,0.0,False,0.0,0.0,73,0.0,0.0,-0.0001,0.0,0.0,0.0,0.0,0.0,0.0,-0.0002,0.0006,0.0079,0.0,0.0,0.0001,0.0,0.0314,4.7123,0.707,0.0111,0.0111,-0.707,0.8016,3.1584,0.0592
60_e1_corner_throttle_40hz_20260913,683,75,12407213701340,72,72,True,12407216119498,76,8.798,8799,21663,0.0,0.0,False,0.0,0.0,74,0.0,0.0,-0.0001,0.0,0.0,0.0,0.0,0.0,0.0,-0.0001,0.0009,-0.0016,0.0,0.0,0.0001,0.0,0.0314,4.7123,0.707,0.0111,0.0111,-0.707,0.8016,3.1584,0.0592
60_e1_corner_throttle_40hz_20260913,692,76,12407238772669,73,73,True,12407241081230,77,8.823,8824,21752,0.0,0.0,False,0.0,0.0,75,0.0,0.0,-0.0001,0.0,0.0,0.0,0.0,0.0,0.0,0.0012,0.0003,-0.0142,0.0,0.0,0.0001,0.0,0.0314,4.7123,0.707,0.0111,0.0111,-0.707,0.8016,3.1584,0.0592
60_e1_corner_throttle_40hz_20260913,701,77,12407263727458,74,74,True,12407265926234,78,8.848001,8849,21842,0.0,0.0,False,0.0,0.0,76,0.0,0.0,-0.0001,0.0,0.0,0.0,0.0,0.0,0.0,-0.0005,-0.0004,0.0009,0.0,0.0,0.0001,0.0,0.0314,4.7123,0.707,0.0111,0.0111,-0.707,0.8016,3.1584,0.0592
60_e1_corner_throttle_40hz_20260913,710,78,12407288456754,75,75,True,12407291201065,79,8.873,8874,21926,0.0,0.0,False,0.0,0.0,77,0.0,0.0,0.0,0.0,0.0,0.0,0.0,0.0,0.0,0.0004,-0.0003,-0.0025,0.0,0.0,0.0001,0.0,0.0314,4.7123,0.707,0.0111,0.0111,-0.707,0.8016,3.1584,0.0592
60_e1_corner_throttle_40hz_20260913,719,79,12407313841001,76,76,True,12407318177236,80,8.899,8900,22012,0.0,0.0,False,0.0,0.0,78,0.0,0.0,0.0,0.0,0.0,0.0,0.0,0.0,0.0,0.0004,0.0004,-0.0051,0.0,0.0,0.0001,0.0,0.0314,4.7123,0.707,0.0111,0.0111,-0.707,0.8016,3.1584,0.0592
60_e1_corner_throttle_40hz_20260913,728,80,12407338835966,77,77,True,12407342967276,81,8.924001,8925,22097,0.0,0.0,False,0.0,0.0,79,0.0,0.0,0.0,0.0,0.0,0.0,0.0,0.0,0.0,-0.0001,0.0,0.0,0.0,0.0,0.0001,0.0,0.0314,4.7123,0.707,0.0111,0.0111,-0.707,0.8016,3.1584,0.0592
60_e1_corner_throttle_40hz_20260913,737,81,12407363642297,78,78,True,12407365953984,82,8.948,8949,22172,0.0,0.0,False,0.0,0.0,80,0.0,0.0,0.0,0.0,0.0,0.0,0.0,0.0,0.0,-0.0001,-0.0001,-0.0013,0.0,0.0,0.0001,0.0,0.0314,4.7123,0.707,0.0111,0.0111,-0.707,0.8016,3.1584,0.0592
60_e1_corner_throttle_40hz_20260913,746,82,12407388127213,79,79,True,12407391113278,83,8.973001,8974,22263,0.0,0.0,False,0.0,0.0,81,0.0,0.0,0.0,0.0,0.0,0.0,0.0,0.0,0.0,0.0007,0.0007,-0.0093,0.0,0.0,0.0001,0.0,0.0314,4.7123,0.707,0.0111,0.0111,-0.707,0.8016,3.1584,0.0592
60_e1_corner_throttle_40hz_20260913,754,83,12407413514025,80,80,True,12407416115858,84,8.998,8999,22348,0.0,0.0,False,0.0,0.0,82,0.0,0.0,0.0,0.0,0.0,0.0,0.0,0.0,0.0,-0.0003,0.0002,0.0066,0.0,0.0,0.0001,0.0,0.0314,4.7123,0.707,0.0111,0.0111,-0.707,0.8016,3.1584,0.0592
60_e1_corner_throttle_40hz_20260913,764,84,12407438775010,81,81,True,12407441060809,85,9.023001,9024,22438,0.0,0.0,False,0.0,0.0,83,0.0,0.0,0.0,0.0,0.0,0.0,0.0,0.0,0.0,-0.0005,0.0002,0.0109,0.0,0.0,0.0002,0.0,0.0314,4.7123,0.707,0.0111,0.0111,-0.707,0.8016,3.1584,0.0592
60_e1_corner_throttle_40hz_20260913,773,85,12407463594946,82,82,True,12407465867550,86,9.04600048,9047,22521,0.0,0.0,False,0.0,0.0,84,0.0,0.0,0.0,0.0,0.0,0.0,0.0,0.0,0.0,0.0,0.0,0.0014,0.0,0.0,0.0001,0.0,0.0314,4.7123,0.707,0.0111,0.0111,-0.707,0.8016,3.1584,0.0592
60_e1_corner_throttle_40hz_20260913,781,86,12407488453144,83,83,True,12407490992469,87,9.073,9074,22609,0.25,0.0,False,0.25,0.0,85,0.0,0.0,0.0001,0.0,0.0,0.0,0.0,0.0,0.0,0.0006,0.0,0.0045,0.0,0.0,0.0001,0.0,0.0314,4.7123,0.707,0.0111,0.0111,-0.707,0.8016,3.1584,0.0592
60_e1_corner_throttle_40hz_20260913,791,87,12407513645370,84,84,True,12407515964411,88,9.098001,9099,22695,0.25,0.0,False,0.25,0.0,86,0.25,0.0,0.0,-0.104,0.0,2.4904,2.4904,0.0,0.25,5.3412,-0.0001,0.1428,0.1271,0.0,0.003,0.0,0.0295,4.7123,0.707,0.0104,0.0104,-0.707,0.8016,3.1568,0.0589
60_e1_corner_throttle_40hz_20260913,800,88,12407537913959,85,85,True,12407541060807,89,9.123,9124,22782,0.25,0.0,False,0.25,0.0,87,0.25,0.0,-0.0001,-0.1003,0.0,5.1313,5.1313,0.0,0.25,5.3081,-0.0011,0.1354,0.2602,0.0,0.0061,0.0,0.0269,4.7123,0.707,0.0095,0.0095,-0.7071,0.8016,3.1519,0.0585
60_e1_corner_throttle_40hz_20260913,809,89,12407563402602,86,86,True,12407565901953,90,9.148001,9149,22870,0.25,0.0,False,0.25,0.0,88,0.25,0.0,0.0,-0.0893,0.0,7.7722,7.7722,0.0,0.25,5.2766,-0.0004,0.1329,0.3926,0.0,0.0088,0.0,0.0246,4.7123,0.707,0.0087,0.0087,-0.7071,0.8016,3.1436,0.0581
60_e1_corner_throttle_40hz_20260913,817,90,12407588368132,87,87,True,12407591014669,91,9.173,9174,22955,0.25,0.0,False,0.25,0.0,89,0.25,0.0,0.0,-0.079,0.0,10.4131,10.4131,0.0,0.25,5.2372,0.0014,0.1114,0.5241,0.0,0.0111,0.0,0.0225,4.7123,0.707,0.0079,0.0079,-0.7071,0.8016,3.1321,0.0577
60_e1_corner_throttle_40hz_20260913,827,91,12407613422800,88,88,True,12407616537637,92,9.198001,9199,23035,0.25,0.0,False,0.25,0.0,90,0.25,0.0,0.0001,-0.0698,0.0,13.054,13.0573,0.0,0.25,5.2045,-0.001,0.108,0.6547,0.0,0.0128,0.0,0.0206,4.7123,0.707,0.0073,0.0073,-0.7071,0.8016,3.1173,0.0574
60_e1_corner_throttle_40hz_20260913,835,92,12407638046967,89,89,True,12407640997857,93,9.223001,9224,23118,0.25,0.0,False,0.25,0.0,91,0.25,0.0,0.0,-0.0617,0.0,15.6982,15.6982,0.0,0.25,5.1681,0.0012,0.0958,0.7844,0.0,0.0143,0.0,0.019,4.7123,0.7071,0.0067,0.0067,-0.7071,0.8016,3.0992,0.0572
60_e1_corner_throttle_40hz_20260913,845,93,12407663430143,90,90,True,12407666106947,94,9.248,9249,23199,0.25,0.0,False,0.25,0.0,92,0.25,0.0,0.0,-0.0546,0.0,18.3391,18.3391,0.0,0.25,5.1354,-0.0009,0.0935,0.9132,0.0,0.0155,0.0,0.0175,4.7123,0.7071,0.0062,0.0062,-0.7071,0.8016,3.0779,0.0569
60_e1_corner_throttle_40hz_20260913,854,94,12407688733658,91,91,True,12407691143740,95,9.273001,9274,23283,0.25,0.0,False,0.25,0.0,93,0.25,0.0,0.0,-0.0482,0.0,20.98,20.98,0.0,0.25,5.0934,-0.0003,0.0688,1.0411,0.0,0.0164,0.0,0.0162,4.7123,0.7071,0.0057,0.0057,-0.7071,0.8016,3.0534,0.0567
60_e1_corner_throttle_40hz_20260913,863,95,12407712856824,92,92,True,12407715111614,96,9.297001,9298,23359,0.25,0.0,False,0.25,0.0,94,0.25,0.0,0.0,-0.0429,0.0,23.5161,23.5161,0.0,0.25,5.0656,0.0017,0.0756,1.1631,0.0,0.0172,0.0,0.0152,4.7123,0.7071,0.0054,0.0054,-0.7071,0.8016,3.0268,0.0565
60_e1_corner_throttle_40hz_20260913,871,96,12407738429245,93,93,True,12407741115547,97,9.323001,9324,23443,0.25,0.0,False,0.25,0.0,95,0.25,0.0,0.0,-0.0376,0.0,26.265,26.265,0.0,0.25,5.0319,0.0007,0.0751,1.2944,0.0,0.0179,0.0,0.0141,4.7123,0.7071,0.005,0.005,-0.7071,0.8016,2.9948,0.0564
60_e1_corner_throttle_40hz_20260913,881,97,12407763824282,94,94,True,12407767155286,98,9.348001,9349,23527,0.25,0.0,False,0.25,0.0,96,0.25,0.0,0.0,-0.0333,0.0,28.9059,28.9059,0.0,0.25,4.9996,0.001,0.0749,1.4197,0.0,0.0183,0.0,0.0132,4.7123,0.7071,0.0047,0.0047,-0.7071,0.8017,2.9608,0.0562
60_e1_corner_throttle_40hz_20260913,889,98,12407788827723,95,95,True,12407793325913,99,9.374001,9375,23597,0.25,0.0,False,0.25,0.0,97,0.25,0.0,0.0,-0.0293,0.0,31.6516,31.6516,0.0,0.25,4.9627,0.0001,0.0665,1.5492,0.0,0.0189,0.0,0.0124,4.7123,0.7071,0.0044,0.0044,-0.7071,0.8017,2.9221,0.0561
60_e1_corner_throttle_40hz_20260913,899,99,12407812965005,96,96,True,12407816398232,100,9.398001,9399,23673,0.25,0.0,False,0.25,0.0,98,0.25,0.0,0.0,-0.0261,0.0,34.1877,34.1877,0.0,0.25,4.925,-0.0003,0.0502,1.6679,0.0,0.0193,0.0,0.0118,4.7123,0.7071,0.0042,0.0042,-0.7071,0.8017,2.8835,0.056
60_e1_corner_throttle_40hz_20260913,908,100,12407838752641,97,97,True,12407841055201,101,9.423,9424,23748,0.25,0.0,False,0.25,0.0,99,0.25,0.0,0.0,-0.0229,0.0,36.8286,36.8319,0.0,0.25,4.8857,-0.0002,0.0325,1.7906,0.0,0.0197,0.0,0.0111,4.7123,0.7071,0.0039,0.0039,-0.7071,0.8017,2.8401,0.0559
60_e1_corner_throttle_40hz_20260913,916,101,12407863528304,98,98,True,12407866091134,102,9.448001,9449,23829,0.25,0.0,False,0.25,0.0,100,0.25,0.0,0.0,-0.0203,0.0,39.4728,39.4728,0.0,0.25,4.8717,-0.0005,0.0756,1.9126,0.0,0.02,0.0,0.0106,4.7123,0.7071,0.0037,0.0037,-0.7071,0.8017,2.7938,0.0558
60_e1_corner_throttle_40hz_20260913,925,102,12407888544058,99,99,True,12407891347590,103,9.473001,9474,23910,0.25,0.0,False,0.25,0.0,101,0.25,0.0,0.0,-0.018,0.0,42.1137,42.1137,0.0,0.25,4.825,0.0001,0.0396,2.0337,0.0,0.0204,0.0,0.0101,4.7123,0.7071,0.0036,0.0036,-0.7071,0.8017,2.7444,0.0557
60_e1_corner_throttle_40hz_20260913,934,103,12407913379674,100,100,True,12407916508227,104,9.498,9499,23980,0.25,0.0,False,0.25,0.0,102,0.25,0.0,0.0,-0.0159,0.0,44.7546,44.7546,0.0,0.25,4.7958,0.0003,0.0467,2.154,0.0,0.0207,0.0,0.0097,4.7123,0.7071,0.0034,0.0034,-0.7071,0.8017,2.692,0.0556
60_e1_corner_throttle_40hz_20260913,943,104,12407938784590,101,101,True,12407941170777,105,9.523001,9524,24051,0.25,0.0,False,0.25,0.0,103,0.25,0.0,0.0,-0.014,0.0,47.3955,47.3988,0.0,0.25,4.7643,-0.0006,0.0477,2.2735,0.0,0.0211,0.0,0.0093,4.7123,0.7071,0.0033,0.0033,-0.7071,0.8017,2.6366,0.0556
60_e1_corner_throttle_40hz_20260913,953,105,12407963866869,102,102,True,12407965997936,106,9.548,9549,24137,0.25,0.0,False,0.25,0.0,104,0.25,0.0,0.0,-0.0123,0.0,50.0397,50.0397,0.0,0.25,4.7252,-0.0001,0.0288,2.3922,0.0,0.0214,0.0,0.009,4.7123,0.7071,0.0032,0.0032,-0.7071,0.8017,2.5782,0.0555
60_e1_corner_throttle_40hz_20260913,962,106,12407988817891,103,103,True,12407991096747,107,9.573001,9574,24221,0.25,0.0,False,0.25,0.0,105,0.25,0.0,0.0,-0.0109,0.0,52.6806,52.6806,0.0,0.25,4.703,0.0003,0.0511,2.5101,0.0,0.0217,0.0,0.0087,4.7123,0.7071,0.0031,0.0031,-0.7071,0.8017,2.5168,0.0555
60_e1_corner_throttle_40hz_20260913,971,107,12408013016048,104,104,True,12408016133060,108,9.598001,9599,24306,0.25,0.0,False,0.25,0.0,106,0.25,0.0,0.0,-0.0097,0.0,55.3215,55.3215,0.0,0.25,4.662,-0.0001,0.0285,2.6271,0.0,0.0221,0.0001,0.0085,4.7123,0.7071,0.003,0.003,-0.7071,0.8017,2.4525,0.0554
60_e1_corner_throttle_40hz_20260913,980,108,12408038787403,105,105,True,12408041069495,109,9.623,9624,24392,0.25,0.0,False,0.25,0.0,107,0.25,0.0,0.0,-0.0086,0.0,57.9624,57.9624,0.0,0.25,4.6335,-0.0013,0.0345,2.7434,0.0,0.0225,0.0001,0.0082,4.7123,0.7071,0.0029,0.0029,-0.7071,0.8017,2.3854,0.0554
60_e1_corner_throttle_40hz_20260913,989,109,12408063524834,106,106,True,12408065911011,110,9.648001,9649,24473,0.25,0.0,False,0.25,0.0,108,0.25,0.0,0.0,-0.0076,0.0,60.6033,60.6066,0.0,0.25,4.6126,-0.0003,0.0587,2.8589,0.0,0.0229,0.0001,0.008,4.7123,0.7071,0.0028,0.0028,-0.7071,0.8017,2.3153,0.0554
60_e1_corner_throttle_40hz_20260913,998,110,12408088126109,107,107,True,12408091050047,111,9.673,9674,24558,0.25,0.0,False,0.25,0.0,109,0.25,0.0,0.0,-0.0067,0.0,63.2475,63.2475,0.0,0.25,4.5758,-0.0016,0.0448,2.9735,0.0,0.0232,0.0001,0.0079,4.7123,0.7071,0.0028,0.0028,-0.7071,0.8017,2.2423,0.0553
60_e1_corner_throttle_40hz_20260913,1007,111,12408113698540,108,108,True,12408117375384,112,9.698001,9699,24630,0.25,0.0,False,0.25,0.0,110,0.25,0.0,0.0,-0.0059,0.0,65.8884,65.8884,0.0,0.25,4.5427,0.0008,0.0384,3.0874,0.0,0.0236,0.0,0.0077,4.7123,0.7071,0.0027,0.0027,-0.7071,0.8017,2.1665,0.0553
60_e1_corner_throttle_40hz_20260913,1015,112,12408138157397,109,109,True,12408141207262,113,9.723001,9724,24708,0.25,0.0,False,0.25,0.0,111,0.25,0.0,0.0,-0.0052,0.0,68.5293,68.5293,0.0,0.25,4.511,0.0002,0.0361,3.2006,0.0,0.0241,0.0,0.0076,4.7123,0.7071,0.0027,0.0027,-0.7071,0.8017,2.0878,0.0553
60_e1_corner_throttle_40hz_20260913,1025,113,12408162895128,110,110,True,12408165349153,114,9.747001,9748,24775,0.25,0.0,False,0.25,0.0,112,0.25,0.0,0.0,-0.0047,0.0,71.0654,71.0654,0.0,0.25,4.4833,-0.0002,0.04,3.3085,0.0,0.0246,0.0,0.0074,4.7123,0.7071,0.0026,0.0026,-0.7071,0.8017,2.0096,0.0553
60_e1_corner_throttle_40hz_20260913,1034,114,12408188844067,111,111,True,12408193570526,115,9.774,9775,24848,0.25,0.0,False,0.25,0.0,113,0.25,0.0,0.0,-0.0041,0.0,73.9191,73.9191,0.0,0.25,4.4509,-0.0002,0.0389,3.429,0.0,0.025,0.0,0.0073,4.7123,0.7071,0.0026,0.0026,-0.7071,0.8017,1.9186,0.0553
60_e1_corner_throttle_40hz_20260913,1043,115,12408213277146,112,112,True,12408216114472,116,9.798,9799,24920,0.25,0.0,False,0.25,0.0,114,0.25,0.0,0.0,-0.0036,0.0,76.4552,76.4552,0.0,0.25,4.4105,0.0008,0.0126,3.5354,0.0,0.0255,0.0,0.0072,4.7123,0.7071,0.0026,0.0026,-0.7071,0.8017,1.835,0.0552
60_e1_corner_throttle_40hz_20260913,1052,116,12408238547629,113,113,True,12408241387970,117,9.823001,9824,24997,0.25,0.0,False,0.25,0.0,115,0.25,0.0,0.0,-0.0032,0.0,79.0962,79.0962,0.0,0.25,4.3894,-0.0009,0.0335,3.6455,0.0,0.026,0.0001,0.0071,4.7123,0.7071,0.0025,0.0025,-0.7071,0.8017,1.7452,0.0552
60_e1_corner_throttle_40hz_20260913,1061,117,12408263766265,114,114,True,12408266107718,118,9.848001,9849,25075,0.25,0.0,False,0.25,0.0,116,0.25,0.0,0.0,-0.0028,0.0,81.7371,81.7371,0.0,0.25,4.3589,-0.0017,0.0307,3.7548,0.0,0.0265,0.0001,0.0071,4.7123,0.7071,0.0025,0.0025,-0.7071,0.8017,1.6526,0.0552
60_e1_corner_throttle_40hz_20260913,1069,118,12408288784433,115,115,True,12408290959704,119,9.873,9874,25153,0.25,0.0,False,0.25,0.0,117,0.25,0.0,0.0,-0.0024,0.0,84.3779,84.3812,0.0,0.25,4.3319,-0.0023,0.0371,3.8634,0.0,0.027,0.0001,0.007,4.7123,0.7071,0.0025,0.0025,-0.7071,0.8017,1.5573,0.0552
60_e1_corner_throttle_40hz_20260913,1079,119,12408313323952,116,116,True,12408316157230,120,9.898001,9899,25234,0.25,0.0,False,0.25,0.0,118,0.25,0.0,0.0,-0.0022,0.0,87.0221,87.0221,0.0,0.25,4.2958,0.0014,0.0199,3.9712,0.0,0.0275,0.0,0.0069,4.7123,0.7071,0.0025,0.0025,-0.7071,0.8017,1.4593,0.0552
60_e1_corner_throttle_40hz_20260913,1088,120,12408337875473,117,117,True,12408341197030,121,9.923,9924,25312,0.25,0.0,False,0.25,0.0,119,0.25,0.0,0.0,-0.0019,0.0,89.663,89.663,0.0,0.25,4.2737,-0.0003,0.0374,4.0783,0.0,0.0281,0.0,0.0069,4.7123,0.7071,0.0024,0.0024,-0.7071,0.8017,1.3587,0.0552
60_e1_corner_throttle_40hz_20260913,1097,121,12408363643262,118,118,True,12408366216571,122,9.948001,9949,25391,0.25,0.0,False,0.25,0.0,120,0.25,0.0,0.0,-0.0017,0.0,92.3039,92.3039,0.0,0.25,4.2418,0.0016,0.0296,4.1847,0.0,0.0286,0.0,0.0068,4.7123,0.7071,0.0024,0.0024,-0.7071,0.8017,1.2553,0.0552
60_e1_corner_throttle_40hz_20260913,1105,122,12408388855946,119,119,True,12408391097492,123,9.973001,9974,25471,0.25,0.0,False,0.25,0.0,121,0.25,0.0,0.0,-0.0015,0.0,94.9448,94.9448,0.0,0.25,4.2142,0.0008,0.0319,4.2904,0.0,0.0292,0.0,0.0068,4.7123,0.7071,0.0024,0.0024,-0.7071,0.8017,1.1493,0.0552
60_e1_corner_throttle_40hz_20260913,1115,123,12408413310816,120,120,True,12408415988161,124,9.998,9999,25543,0.25,0.0,False,0.25,0.0,122,0.25,0.0,0.0,-0.0013,0.0,97.589,97.589,0.0,0.25,4.1785,-0.0013,0.0143,4.3953,0.0,0.0297,0.0001,0.0068,4.7123,0.7071,0.0024,0.0024,-0.7071,0.8017,1.0407,0.0552
60_e1_corner_throttle_40hz_20260913,1124,124,12408438499164,121,121,True,12408441113481,125,10.0230007,10024,25612,0.25,0.0,False,0.25,0.0,123,0.25,0.0,0.0,-0.0011,0.0,100.2299,100.2299,0.0,0.25,4.1494,0.0011,0.0145,4.4995,0.0,0.0302,0.0,0.0067,4.7123,0.7071,0.0024,0.0024,-0.7071,0.8017,0.9295,0.0552
60_e1_corner_throttle_40hz_20260913,1133,125,12408463701289,122,122,True,12408465978151,126,10.048,10049,25693,0.25,0.0,False,0.25,0.0,124,0.25,0.0,0.0,-0.001,0.0,102.8708,102.8708,0.0,0.25,4.126,0.0017,0.0244,4.6031,0.0,0.0308,0.0001,0.0067,4.7123,0.7071,0.0024,0.0024,-0.7071,0.8017,0.8156,0.0552
60_e1_corner_throttle_40hz_20260913,1141,126,12408488110523,123,123,True,12408491687680,127,10.0730009,10074,25767,0.25,0.0,False,0.25,0.0,125,0.25,0.0,0.0,-0.0013,0.0,105.5117,105.5117,0.0,0.25,4.147,-0.0003,0.0274,4.7061,0.0,0.0314,0.0001,0.0067,4.7123,0.7071,0.0024,0.0024,-0.7071,0.8017,0.6992,0.0551
60_e1_corner_throttle_40hz_20260913,1151,127,12408513265409,124,124,True,12408516092044,128,10.0980005,10099,25847,0.25,0.0,False,0.25,0.0,126,0.25,0.0,0.0,-0.0074,0.0,108.1526,108.1526,0.0,0.25,4.5394,0.0014,0.0345,4.8139,0.0,0.0316,0.0,0.0066,4.7123,0.7071,0.0023,0.0023,-0.7071,0.8017,0.5802,0.0551
60_e1_corner_throttle_40hz_20260913,1159,128,12408537913221,125,125,True,12408540046743,129,10.1220007,10123,25923,0.25,0.0,False,0.25,0.0,127,0.25,0.0,0.0,-0.0212,0.0,110.6822,110.6822,0.0,0.25,5.2991,0.0003,0.0214,4.9317,0.0,0.0306,0.0,0.0063,4.7123,0.7071,0.0022,0.0022,-0.7071,0.8016,0.4632,0.0551
60_e1_corner_throttle_40hz_20260913,1168,129,12408563389411,126,126,True,12408565975594,130,10.1480007,10149,26005,0.25,0.0,False,0.25,0.0,128,0.25,0.0,-0.0001,-0.0424,0.0,113.4148,113.4148,0.0,0.25,6.3778,-0.0014,0.0847,5.0837,0.0,0.0272,0.0001,0.0054,4.7123,0.7071,0.0019,0.0019,-0.7071,0.8016,0.333,0.0549
60_e1_corner_throttle_40hz_20260913,1178,130,12408588140598,127,127,True,12408591055980,131,10.173,10174,26088,0.25,0.0,False,0.25,0.0,129,0.25,0.0,-0.0001,-0.0546,0.0,116.0328,116.036,0.0,0.25,6.9098,0.0014,0.0369,5.2516,0.0,0.0213,0.0002,0.0042,4.7123,0.7071,0.0015,0.0015,-0.7071,0.8016,0.2037,0.0547
60_e1_corner_throttle_40hz_20260913,1187,131,12408613465643,128,128,True,12408615986735,132,10.1980009,10199,26169,0.25,0.0,False,0.25,0.0,130,0.25,0.0,-0.0001,-0.0455,0.0,118.654,118.654,0.0,0.25,6.415,-0.004,-0.0316,5.4199,0.0,0.0149,0.0002,0.0029,4.7123,0.7071,0.001,0.001,-0.7071,0.8016,0.0702,0.0545
60_e1_corner_throttle_40hz_20260913,1196,132,12408638259701,129,129,True,12408641033738,133,10.2230005,10224,26249,0.25,0.0,False,0.25,0.0,131,0.25,0.0,0.0,-0.0229,0.0,121.2786,121.2786,0.0,0.25,5.4641,-0.0022,-0.0121,5.5691,0.0,0.0108,0.0003,0.002,4.7123,0.7071,0.0007,0.0007,-0.7071,0.8016,-0.0673,0.0544
60_e1_corner_throttle_40hz_20260913,1205,133,12408663433883,130,130,True,12408666049572,134,10.248,10249,26325,0.25,0.0,False,0.25,0.0,132,0.25,0.0,0.0001,0.0019,0.0,123.9097,123.9129,0.0,0.25,4.4165,0.0003,-0.014,5.6925,0.0,0.0099,0.0003,0.0018,4.7123,0.7071,0.0006,0.0006,-0.7071,0.8016,-0.2082,0.0543
60_e1_corner_throttle_40hz_20260913,1214,134,12408687935290,131,131,True,12408691162709,135,10.2730007,10274,26406,0.25,0.0,False,0.25,0.0,133,0.25,0.0,0.0,0.0225,0.0,126.5506,126.5538,0.0,0.25,3.498,-0.0005,0.0364,5.7907,0.0,0.0122,0.0003,0.0021,4.7123,0.7071,0.0007,0.0007,-0.7071,0.8016,-0.3519,0.0544
60_e1_corner_throttle_40hz_20260913,1223,135,12408713284631,132,132,True,12408716394339,136,10.298,10299,26486,0.25,0.0,False,0.25,0.0,134,0.25,0.0,0.0001,0.0377,0.0,129.198,129.198,0.0,0.25,2.6957,0.0012,-0.0304,5.8674,0.0,0.017,0.0002,0.0029,4.7123,0.7071,0.001,0.001,-0.7071,0.8016,-0.4976,0.0545
60_e1_corner_throttle_40hz_20260913,1232,136,12408738844278,133,133,True,12408741118806,137,10.3230009,10324,26553,0.25,0.0,False,0.25,0.0,135,0.25,0.0,0.0001,0.0474,0.0,131.8487,131.8487,0.0,0.25,2.0989,0.0026,0.0266,5.9269,0.0,0.0237,0.0002,0.0039,4.7123,0.7071,0.0014,0.0014,-0.7071,0.8016,-0.6451,0.0547
60_e1_corner_throttle_40hz_20260913,1241,137,12408763507319,134,134,True,12408765821902,138,10.347,10348,26617,0.25,0.0,False,0.25,0.0,136,0.25,0.0,0.0,0.0528,0.0,134.398,134.398,0.0,0.25,1.6354,-0.0015,0.0264,5.9711,0.0,0.0311,0.0001,0.0051,4.7123,0.7071,0.0018,0.0018,-0.7071,0.8016,-0.7879,0.0549
60_e1_corner_throttle_40hz_20260913,1249,138,12408788466928,135,135,True,12408791105750,139,10.373,10374,26698,0.25,0.0,False,0.25,0.0,137,0.25,0.0,0.0,0.0552,0.0,137.16,137.16,0.0,0.25,1.2496,0.0044,0.0401,6.008,0.0,0.0399,0.0001,0.0066,4.7123,0.7071,0.0023,0.0023,-0.7071,0.8016,-0.9437,0.0551
60_e1_corner_throttle_40hz_20260913,1257,139,12408813667910,136,136,True,12408816270585,140,10.3980007,10399,26776,0.25,0.0,False,0.25,0.0,138,0.25,0.0,0.0,0.0553,0.0,139.8205,139.8205,0.0,0.25,0.9552,-0.0004,-0.0082,6.0351,0.0,0.0484,0.0002,0.0079,4.7123,0.7071,0.0028,0.0028,-0.7071,0.8016,-1.0942,0.0554
60_e1_corner_throttle_40hz_20260913,1267,140,12408838762383,137,137,True,12408841106832,141,10.423,10424,26849,0.25,0.0,False,0.25,0.0,139,0.25,0.0,0.0,0.0539,0.0,142.481,142.481,0.0,0.25,0.7295,-0.0013,-0.0424,6.056,0.0,0.0568,0.0001,0.0093,4.7123,0.7071,0.0033,0.0033,-0.7071,0.8015,-1.2454,0.0556
60_e1_corner_throttle_40hz_20260913,1277,141,12408863685803,138,138,True,12408866056532,142,10.4480009,10449,26924,0.25,0.0,False,0.25,0.0,140,0.25,0.0,0.0,0.0515,0.0,145.1416,145.1416,0.0,0.25,0.5545,-0.0035,-0.0792,6.0721,0.0,0.0649,0.0002,0.0106,4.7123,0.7071,0.0038,0.0038,-0.7071,0.8015,-1.397,0.0558
60_e1_corner_throttle_40hz_20260913,1286,142,12408888640903,139,139,True,12408891053150,143,10.4730005,10474,27008,0.25,0.0,False,0.25,0.0,141,0.25,0.0,0.0,0.0485,0.0,147.8054,147.8054,0.0,0.25,0.4262,-0.0045,-0.0741,6.0845,0.0,0.0725,0.0002,0.0119,4.7123,0.7071,0.0042,0.0042,-0.7071,0.8015,-1.5489,0.056
60_e1_corner_throttle_40hz_20260913,1293,143,12408912874376,140,140,True,12408915609240,144,10.4970007,10498,27083,0.25,0.0,False,0.25,0.0,142,0.25,0.0,0.0,0.0451,0.0,150.3612,150.3612,0.0,0.25,0.3484,0.0012,0.0491,6.0937,0.0,0.0796,0.0002,0.013,4.7123,0.7071,0.0046,0.0046,-0.7071,0.8015,-1.6951,0.0562
60_e1_corner_throttle_40hz_20260913,1304,144,12408938248354,141,141,True,12408941156994,145,10.5230007,10524,27148,0.25,0.0,False,0.25,0.0,143,0.25,0.0,0.0,0.0415,0.0,153.133,153.133,0.0,0.25,0.2638,-0.0004,0.0295,6.1013,0.0,0.0865,0.0002,0.0141,4.7123,0.707,0.005,0.005,-0.7071,0.8015,-1.8536,0.0564
60_e1_corner_throttle_40hz_20260913,1313,145,12408963142520,142,142,True,12408966106354,146,10.548,10549,27219,0.25,0.0,False,0.25,0.0,144,0.25,0.0,0.0,0.038,0.0,155.7968,155.7968,0.0,0.25,0.2019,0.0012,0.02,6.1069,0.0,0.0926,0.0002,0.0151,4.7123,0.707,0.0053,0.0053,-0.7071,0.8015,-2.0062,0.0565
60_e1_corner_throttle_40hz_20260913,1322,146,12408988803618,143,143,True,12408993799994,147,10.574,10575,27292,0.25,0.0,False,0.25,0.0,145,0.25,0.0,-0.0001,0.0345,0.0,158.5686,158.5686,0.0,0.25,0.1495,-0.002,-0.0145,6.1113,0.0,0.0984,0.0002,0.0161,4.7123,0.707,0.0057,0.0057,-0.7071,0.8015,-2.1651,0.0567
60_e1_corner_throttle_40hz_20260913,1330,147,12409013553582,144,144,True,12409016111392,148,10.5980005,10599,27363,0.25,0.0,False,0.25,0.0,146,0.25,0.0,0.0001,0.0314,0.0,161.1244,161.1277,0.0,0.25,0.1191,0.002,0.0103,6.1144,0.0,0.1032,0.0002,0.0168,4.7123,0.707,0.006,0.006,-0.7071,0.8015,-2.3118,0.0568
60_e1_corner_throttle_40hz_20260913,1339,148,12409038755426,145,145,True,12409041250689,149,10.623,10624,27440,0.25,0.0,False,0.25,0.0,147,0.25,0.0,0.0,0.0284,0.0,163.7915,163.7915,0.0,0.25,0.0888,0.0,-0.0046,6.1169,0.0,0.1078,0.0002,0.0176,4.7123,0.707,0.0062,0.0062,-0.7071,0.8014,-2.4647,0.0569
60_e1_corner_throttle_40hz_20260913,1349,149,12409062917034,146,146,True,12409065159211,150,10.647,10648,27520,0.25,0.0,False,0.25,0.0,148,0.25,0.0,0.0,0.0256,0.0,166.3506,166.3506,0.0,0.25,0.0675,0.0003,-0.0114,6.1187,0.0,0.1117,0.0002,0.0182,4.7123,0.707,0.0064,0.0064,-0.7071,0.8014,-2.6116,0.057
60_e1_corner_throttle_40hz_20260913,1358,150,12409088571459,147,147,True,12409091046784,151,10.673,10674,27601,0.25,0.0,False,0.25,0.0,149,0.25,0.0,0.0,0.0229,0.0,169.1224,169.1224,0.0,0.25,0.0519,-0.0011,0.0025,6.1202,0.0,0.1157,0.0002,0.0189,4.7123,0.707,0.0067,0.0067,-0.7071,0.8014,-2.7707,0.0572
60_e1_corner_throttle_40hz_20260913,1366,151,12409113626838,148,148,True,12409116198985,152,10.6980009,10699,27661,0.25,0.0,False,0.25,0.0,150,0.25,0.0,0.0001,0.0205,0.0,171.7862,171.7862,0.0,0.25,0.0395,0.0014,0.0029,6.1212,0.0,0.1189,0.0002,0.0194,4.7123,0.707,0.0069,0.0069,-0.7071,0.8014,-2.9237,0.0572
60_e1_corner_throttle_40hz_20260913,1376,152,12409138234725,149,149,True,12409141302384,153,10.7230005,10724,27726,0.25,0.0,False,0.25,0.0,151,0.25,0.0,0.0,0.0183,0.0,174.4533,174.4533,0.0,0.25,0.0322,-0.0002,0.0337,6.122,0.0,0.1219,0.0002,0.0199,4.7123,0.707,0.007,0.007,-0.7071,0.8014,-3.0768,0.0573
60_e1_corner_throttle_40hz_20260913,1384,153,12409163019906,150,150,True,12409166381888,154,10.748,10749,27790,0.25,0.0,False,0.25,0.0,152,0.25,0.0,0.0,0.0164,0.0,177.1171,177.1204,0.0,0.25,0.0191,-0.0015,-0.0222,6.1226,0.0,0.1245,0.0002,0.0203,4.7123,0.707,0.0072,0.0072,-0.7071,0.8014,-3.2299,0.0574
60_e1_corner_throttle_40hz_20260913,1393,154,12409188539267,151,151,True,12409191504524,155,10.7730007,10774,27842,0.25,0.0,False,0.25,0.0,153,0.25,0.0,0.0,0.0146,0.0,179.7842,179.7842,0.0,0.25,0.0149,-0.0026,-0.0063,6.123,0.0,0.1269,0.0002,0.0207,4.7123,0.707,0.0073,0.0073,-0.7071,0.8014,-3.383,0.0575
60_e1_corner_throttle_40hz_20260913,1402,155,12409213339306,152,152,True,12409216256962,156,10.798,10799,27903,0.25,0.0,False,0.25,0.0,154,0.25,0.0,0.0,0.013,0.0,182.448,182.4513,0.0,0.25,0.0045,-0.0024,-0.0563,6.1233,0.0,0.129,0.0002,0.021,4.7123,0.707,0.0074,0.0074,-0.7071,0.8013,-3.5361,0.0575
60_e1_corner_throttle_40hz_20260913,1412,156,12409238333249,153,153,True,12409241222602,157,10.8230009,10824,27969,0.25,0.0,False,0.25,0.0,155,0.25,0.0,0.0,0.0115,0.0,185.1151,185.1151,0.0,0.25,0.0076,0.0034,-0.0007,6.1235,0.0,0.1309,0.0002,0.0214,4.7123,0.707,0.0075,0.0076,-0.7071,0.8013,-3.6892,0.0576
60_e1_corner_throttle_40hz_20260913,1421,157,12409262874932,154,154,True,12409265098223,158,10.847,10848,28036,0.25,0.0,False,0.25,0.0,156,0.25,0.0,0.0,0.0103,0.0,187.6742,187.6742,0.0,0.25,0.0062,-0.0012,0.0003,6.1236,0.0,0.1324,0.0001,0.0216,4.7123,0.707,0.0076,0.0076,-0.7071,0.8013,-3.8362,0.0576
60_e1_corner_throttle_40hz_20260913,1430,158,12409288511002,155,155,True,12409291167648,159,10.873,10874,28115,0.25,0.0,False,0.25,0.0,157,0.25,0.0,0.0001,0.0091,0.0,190.446,190.446,0.0,0.25,-0.0003,0.0024,-0.0301,6.1237,0.0,0.134,0.0001,0.0219,4.7123,0.707,0.0077,0.0077,-0.7071,0.8013,-3.9954,0.0576
60_e1_corner_throttle_40hz_20260913,1439,159,12409313215080,156,156,True,12409316298549,160,10.8980007,10899,28193,0.25,0.0,False,0.25,0.0,158,0.25,0.0,0.0,0.0081,0.0,193.1098,193.1131,0.0,0.25,0.0003,-0.0032,-0.0151,6.1237,0.0,0.1353,0.0001,0.0221,4.7123,0.707,0.0078,0.0078,-0.7071,0.8013,-4.1486,0.0577
60_e1_corner_throttle_40hz_20260913,1448,160,12409338656275,157,157,True,12409341373565,161,10.923,10924,28253,0.25,0.0,False,0.25,0.0,159,0.25,0.0,0.0,0.0072,0.0,195.7769,195.7769,0.0,0.25,-0.0031,0.0038,-0.0331,6.1237,0.0,0.1364,0.0001,0.0223,4.7123,0.707,0.0079,0.0079,-0.7071,0.8013,-4.3017,0.0577
60_e1_corner_throttle_40hz_20260913,1457,161,12409363398234,158,158,True,12409366279202,162,10.9480009,10949,28328,0.25,0.0,False,0.25,0.0,160,0.25,0.0,0.0,0.0063,0.0,198.4407,198.4439,0.0,0.25,-0.0004,-0.0015,-0.0043,6.1237,0.0,0.1374,0.0001,0.0224,4.7123,0.707,0.0079,0.0079,-0.7071,0.8012,-4.4548,0.0577
60_e1_corner_throttle_40hz_20260913,1466,162,12409388129243,159,159,True,12409391175161,163,10.9730005,10974,28405,0.25,0.0,False,0.25,0.0,161,0.25,0.0,0.0,0.0056,0.0,201.1077,201.1077,0.0,0.25,-0.0064,0.0005,-0.0536,6.1237,0.0,0.1383,0.0,0.0226,4.7123,0.707,0.008,0.008,-0.7071,0.8012,-4.6079,0.0578
60_e1_corner_throttle_40hz_20260913,1475,163,12409413780562,160,160,True,12409416137194,164,10.998,10999,28475,0.25,0.0,False,0.25,0.0,162,0.25,0.0,0.0001,0.0049,0.0,203.7748,203.7748,0.0,0.25,0.0027,0.0028,0.0285,6.1236,0.0,0.1392,0.0,0.0227,4.7123,0.707,0.008,0.008,-0.7071,0.8012,-4.7611,0.0578
60_e1_corner_throttle_40hz_20260913,1484,164,12409438334207,161,161,True,12409441132089,165,11.0230007,11024,28551,0.25,0.0,False,0.25,0.0,163,0.25,0.0,0.0,0.0043,0.0,206.4386,206.4419,0.0,0.25,-0.0033,-0.0019,-0.0233,6.1236,0.0,0.1398,0.0,0.0228,4.7123,0.707,0.0081,0.0081,-0.7071,0.8012,-4.9142,0.0578
60_e1_corner_throttle_40hz_20260913,1493,165,12409463583861,162,162,True,12409466145288,166,11.048,11049,28626,0.25,0.0,False,0.25,0.0,164,0.25,0.0,0.0,0.0038,0.0,209.1057,209.1057,0.0,0.25,0.0011,0.0022,0.0156,6.1236,0.0,0.1405,0.0001,0.0229,4.7123,0.707,0.0081,0.0081,-0.7071,0.8012,-5.0673,0.0578
60_e1_corner_throttle_40hz_20260913,1501,166,12409488834267,163,163,True,12409491102693,167,11.0730009,11074,28692,0.25,0.0,False,0.25,0.0,165,0.25,0.0,0.0,0.0034,0.0,211.7728,211.7728,0.0,0.25,-0.0041,-0.0008,-0.0295,6.1235,0.0,0.141,0.0001,0.023,4.7123,0.707,0.0081,0.0081,-0.7071,0.8012,-5.2205,0.0578
60_e1_corner_throttle_40hz_20260913,1511,167,12409513622914,164,164,True,12409516168862,168,11.0980005,11099,28773,0.25,0.0,False,0.25,0.0,166,0.25,0.0,0.0001,0.003,0.0,214.4366,214.4399,0.0,0.25,-0.0006,0.0028,0.004,6.1235,0.0,0.1415,0.0001,0.0231,4.7123,0.707,0.0082,0.0082,-0.7071,0.8012,-5.3736,0.0578
60_e1_corner_throttle_40hz_20260913,1520,168,12409538608351,165,165,True,12409541215765,169,11.123,11124,28849,0.25,0.0,False,0.25,0.0,167,0.25,0.0,0.0,0.0027,0.0,217.1037,217.1037,0.0,0.25,-0.0026,0.0001,-0.0132,6.1235,0.0,0.1419,0.0,0.0232,4.7123,0.707,0.0082,0.0082,-0.7071,0.8011,-5.5267,0.0579
60_e1_corner_throttle_40hz_20260913,1528,169,12409562948194,166,166,True,12409565240946,170,11.147,11148,28927,0.25,0.0,False,0.25,0.0,168,0.25,0.0,0.0001,0.0023,0.0,219.6628,219.6628,0.0,0.25,0.0003,0.0011,0.0095,6.1234,0.0,0.1423,0.0,0.0232,4.7123,0.707,0.0082,0.0082,-0.7071,0.8011,-5.6737,0.0579
60_e1_corner_throttle_40hz_20260913,1538,170,12409587940174,167,167,True,12409591375103,171,11.173,11174,29008,0.25,0.0,False,0.25,0.0,169,0.25,0.0,0.0001,0.0021,0.0,222.4346,222.4379,0.0,0.25,-0.0022,0.001,-0.009,6.1234,0.0,0.1427,0.0,0.0233,4.7123,0.707,0.0082,0.0082,-0.7071,0.8011,-5.833,0.0579
60_e1_corner_throttle_40hz_20260913,1547,171,12409612888711,168,168,True,12409615059875,172,11.1970005,11198,29082,0.25,0.0,False,0.25,0.0,170,0.25,0.0,0.0,0.0019,0.0,224.9937,224.9969,0.0,0.25,0.003,0.0029,0.0355,6.1234,0.0,0.1429,0.0,0.0233,4.7123,0.707,0.0083,0.0083,-0.7071,0.8011,-5.98,0.0579
60_e1_corner_throttle_40hz_20260913,1556,172,12409638534761,169,169,True,12409641344535,173,11.2230005,11224,29164,0.25,0.0,False,0.25,0.0,171,0.25,0.0,0.0,0.0016,0.0,227.7655,227.7688,0.0,0.25,0.0034,0.0029,0.0372,6.1233,0.0,0.1432,0.0,0.0234,4.7123,0.707,0.0083,0.0083,-0.7071,0.8011,-6.1392,0.0579
60_e1_corner_throttle_40hz_20260913,1565,173,12409663230563,170,170,True,12409666414170,174,11.248,11249,29246,0.25,0.0,False,0.25,0.0,172,0.25,0.0,0.0,0.0014,0.0,230.4326,230.4326,0.0,0.25,-0.0048,-0.0002,-0.0376,6.1233,0.0,0.1434,-0.0001,0.0234,4.7123,0.707,0.0083,0.0083,-0.7071,0.8011,-6.2923,0.0579
60_e1_corner_throttle_40hz_20260913,1574,174,12409688572782,171,171,True,12409691417281,175,11.2730007,11274,29323,0.25,0.0,False,0.25,0.0,173,0.25,0.0,0.0,0.0012,0.0,233.0996,233.0996,0.0,0.25,0.0033,0.0031,0.0432,6.1233,0.0,0.1437,-0.0001,0.0235,4.7123,0.707,0.0083,0.0083,-0.7071,0.8011,-6.4454,0.0579
60_e1_corner_throttle_40hz_20260913,1583,175,12409712931400,172,172,True,12409715205577,176,11.2970009,11298,29401,0.25,0.0,False,0.25,0.0,174,0.25,0.0,0.0,0.0012,0.0,235.6587,235.6587,0.0,0.25,0.0003,-0.0014,0.0057,6.1233,0.0,0.1438,0.0,0.0235,4.7123,0.707,0.0083,0.0083,-0.7071,0.8011,-6.5924,0.0579
60_e1_corner_throttle_40hz_20260913,1591,176,12409738700130,173,173,True,12409741236400,177,11.3230009,11324,29476,0.25,0.0,False,0.25,0.0,175,0.25,0.0,0.0,0.0009,0.0,238.4305,238.4305,0.0,0.25,0.0031,0.0002,0.0313,6.1233,0.0,0.144,0.0,0.0235,4.7123,0.707,0.0083,0.0083,-0.7071,0.801,-6.7517,0.0579
60_e1_corner_throttle_40hz_20260913,1601,177,12409763878410,174,174,True,12409766230814,178,11.3480005,11349,29551,0.25,0.0,False,0.25,0.0,176,0.25,0.0,0.0,0.0008,0.0,241.0976,241.0976,0.0,0.25,0.0016,-0.0013,0.0146,6.1233,0.0,0.1441,0.0001,0.0235,4.7123,0.707,0.0083,0.0083,-0.7071,0.801,-6.9048,0.0579
60_e1_corner_throttle_40hz_20260913,1609,178,12409788801931,175,175,True,12409793207446,179,11.3740005,11375,29632,0.25,0.0,False,0.25,0.0,177,0.25,0.0,0.0,0.0008,0.0,243.8694,243.8694,0.0,0.25,-0.0044,-0.0004,-0.0355,6.1233,0.0,0.1442,0.0001,0.0236,4.7123,0.707,0.0083,0.0083,-0.7071,0.801,-7.0641,0.0579
60_e1_corner_throttle_40hz_20260913,1619,179,12409813617318,176,176,True,12409816068247,180,11.3980007,11399,29698,0.25,0.0,False,0.25,0.0,178,0.25,0.0,0.0,0.0007,0.0,246.4285,246.4285,0.0,0.25,0.0023,0.0012,0.0245,6.1232,0.0,0.1444,0.0001,0.0236,4.7123,0.707,0.0083,0.0083,-0.7071,0.801,-7.2111,0.0579
60_e1_corner_throttle_40hz_20260913,1628,180,12409838685431,177,177,True,12409841388524,181,11.423,11424,29776,0.25,0.0,False,0.25,0.0,179,0.25,0.0,0.0,0.0006,0.0,249.0923,249.0956,0.0,0.25,-0.004,0.0001,-0.0328,6.1232,0.0,0.1444,0.0001,0.0236,4.7123,0.707,0.0083,0.0083,-0.7071,0.801,-7.3642,0.0579
60_e1_corner_throttle_40hz_20260913,1637,181,12409863172331,178,178,True,12409866150311,182,11.4480009,11449,29839,0.25,0.0,False,0.25,0.0,180,0.25,0.0,0.0001,0.0005,0.0,251.7594,251.7627,0.0,0.25,0.0004,0.0004,0.0042,6.1232,0.0,0.1445,0.0,0.0236,4.7123,0.707,0.0083,0.0083,-0.7071,0.801,-7.5173,0.0579
60_e1_corner_throttle_40hz_20260913,1645,182,12409888702963,179,179,True,12409891217331,183,11.4730005,11474,29911,0.25,0.0,False,0.25,0.0,181,0.25,0.0,0.0,0.0004,0.0,254.4265,254.4265,0.0,0.25,0.0,0.0013,0.0014,6.1232,0.0,0.1446,0.0,0.0236,4.7123,0.707,0.0083,0.0083,-0.7071,0.8009,-7.6704,0.0579
60_e1_corner_throttle_40hz_20260913,1654,183,12409913780183,180,180,True,12409916289041,184,11.498,11499,29985,0.25,0.0,False,0.25,0.0,182,0.25,0.0,0.0,0.0004,0.0,257.0903,257.0936,0.0,0.25,-0.004,-0.001,-0.0338,6.1232,0.0,0.1446,0.0,0.0236,4.7123,0.707,0.0084,0.0084,-0.7071,0.8009,-7.8236,0.0579
60_e1_corner_throttle_40hz_20260913,1663,184,12409938181181,181,181,True,12409941524739,185,11.5230007,11524,30059,0.25,0.0,False,0.25,0.0,183,0.25,0.0,0.0,0.0003,0.0,259.7574,259.7574,0.0,0.25,0.0007,0.0019,0.0119,6.1232,0.0,0.1447,0.0001,0.0236,4.7123,0.707,0.0084,0.0084,-0.7071,0.8009,-7.9767,0.0579
60_e1_corner_throttle_40hz_20260913,1673,185,12409963445993,182,182,True,12409966104483,186,11.548,11549,30128,0.25,0.0,False,0.25,0.0,184,0.25,0.0,0.0001,0.0003,0.0,262.4244,262.4244,0.0,0.25,0.0015,-0.0019,0.016,6.1232,0.0,0.1448,0.0001,0.0236,4.7123,0.707,0.0084,0.0084,-0.7071,0.8009,-8.1298,0.0579
60_e1_corner_throttle_40hz_20260913,1682,186,12409988706919,183,183,True,12409991563481,187,11.5730009,11574,30189,0.25,0.0,False,0.25,0.0,185,0.25,0.0,0.0,0.0003,0.0,265.0883,265.0915,0.0,0.25,0.0,-0.0006,0.0001,6.1232,0.0,0.1448,0.0001,0.0237,4.7123,0.707,0.0084,0.0084,-0.7071,0.8009,-8.2829,0.0579
60_e1_corner_throttle_40hz_20260913,1691,187,12410013527756,184,184,True,12410016246579,188,11.5980005,11599,30266,0.25,0.0,False,0.25,0.0,186,0.25,0.0,0.0,0.0002,0.0,267.7553,267.7553,0.0,0.25,-0.0004,-0.0004,-0.0029,6.1232,0.0,0.1449,0.0,0.0237,4.7123,0.707,0.0084,0.0084,-0.7071,0.8009,-8.436,0.0579
60_e1_corner_throttle_40hz_20260913,1700,188,12410037930768,185,185,True,12410041166413,189,11.623,11624,30340,0.25,0.0,False,0.25,0.0,187,0.25,0.0,0.0,0.0002,0.0,270.4224,270.4224,0.0,0.25,0.0011,0.0005,0.0141,6.1232,0.0,0.1449,0.0,0.0237,4.7123,0.707,0.0084,0.0084,-0.7071,0.8009,-8.5891,0.0579
60_e1_corner_throttle_40hz_20260913,1709,189,12410063820727,186,186,True,12410066073232,190,11.6480007,11649,30411,0.25,0.0,False,0.25,0.0,188,0.25,0.0,0.0,0.0002,0.0,273.0862,273.0895,0.0,0.25,-0.0033,0.0021,-0.0226,6.1232,0.0,0.145,0.0,0.0237,4.7123,0.707,0.0084,0.0084,-0.7071,0.8008,-8.7422,0.0579
60_e1_corner_throttle_40hz_20260913,1718,190,12410088467577,187,187,True,12410091101310,191,11.673,11674,30488,0.25,0.0,False,0.25,0.0,189,0.25,0.0,0.0,0.0001,0.0,275.7533,275.7533,0.0,0.25,0.0063,0.0035,0.0547,6.1232,0.0,0.145,0.0,0.0237,4.7123,0.707,0.0084,0.0084,-0.7071,0.8008,-8.8953,0.0579
60_e1_corner_throttle_40hz_20260913,1727,191,12410112989593,188,188,True,12410116224196,192,11.6980009,11699,30568,0.25,0.0,False,0.25,0.0,190,0.25,0.0,0.0,0.0001,0.0,278.4171,278.4204,0.0,0.25,-0.0004,-0.0029,-0.0022,6.1232,0.0,0.145,-0.0001,0.0237,4.7123,0.707,0.0084,0.0084,-0.7071,0.8008,-9.0485,0.0579
60_e1_corner_throttle_40hz_20260913,1735,192,12410138839225,189,189,True,12410141628651,193,11.7230005,11724,30638,0.25,0.0,False,0.25,0.0,191,0.25,0.0,0.0,0.0001,0.0,281.0842,281.0875,0.0,0.25,-0.0017,0.0006,-0.0103,6.1232,0.0,0.145,-0.0001,0.0237,4.7123,0.707,0.0084,0.0084,-0.7071,0.8008,-9.2016,0.0579
60_e1_corner_throttle_40hz_20260913,1745,193,12410163253638,190,190,True,12410166161647,194,11.748,11749,30708,0.25,0.0,False,0.25,0.0,192,0.25,0.0,0.0,0.0001,0.0,283.7513,283.7513,0.0,0.25,-0.0047,-0.0011,-0.0432,6.1232,0.0,0.145,-0.0001,0.0237,4.7123,0.707,0.0084,0.0084,-0.7071,0.8008,-9.3547,0.0579
60_e1_corner_throttle_40hz_20260913,1753,194,12410187909456,191,191,True,12410190360675,195,11.772,11773,30768,0.25,0.0,False,0.25,0.0,193,0.25,0.0,0.0,0.0001,0.0,286.3104,286.3104,0.0,0.25,0.0,-0.0003,-0.0012,6.1232,0.0,0.1451,-0.0001,0.0237,4.7123,0.707,0.0084,0.0084,-0.7071,0.8008,-9.5017,0.0579
60_e1_corner_throttle_40hz_20260913,1762,195,12410213784566,192,192,True,12410215945520,196,11.798,11799,30848,0.25,0.0,False,0.25,0.0,194,0.25,0.0,0.0,0.0001,0.0,289.0822,289.0822,0.0,0.25,0.0005,0.0001,-0.0007,6.1232,0.0,0.145,-0.0001,0.0237,4.7123,0.707,0.0084,0.0084,-0.7071,0.8008,-9.6609,0.0579
60_e1_corner_throttle_40hz_20260913,1772,196,12410238454710,193,193,True,12410241214119,197,11.8230009,11824,30926,0.25,0.0,False,0.25,0.0,195,0.25,0.0,0.0,0.0001,0.0,291.7492,291.7492,0.0,0.25,-0.0063,-0.0042,-0.0549,6.1232,0.0,0.145,-0.0002,0.0237,4.7123,0.707,0.0084,0.0084,-0.7071,0.8007,-9.814,0.0579
60_e1_corner_throttle_40hz_20260913,1781,197,12410263753497,194,194,True,12410266068751,198,11.8480005,11849,31004,0.25,0.0,False,0.25,0.0,196,0.25,0.0,0.0,0.0,0.0,294.4131,294.4164,0.0,0.25,0.0079,0.0042,0.0708,6.1232,0.0,0.1451,-0.0002,0.0237,4.7123,0.707,0.0084,0.0084,-0.7071,0.8007,-9.9671,0.0579
60_e1_corner_throttle_40hz_20260913,1789,198,12410288718435,195,195,True,12410291494265,199,11.873,11874,31082,0.25,0.0,False,0.25,0.0,197,0.25,0.0,0.0,0.0001,0.0,297.0801,297.0801,0.0,0.25,0.0015,0.0005,0.0154,6.1232,0.0,0.1451,-0.0002,0.0237,4.7123,0.707,0.0084,0.0084,-0.7071,0.8007,-10.1202,0.0579
60_e1_corner_throttle_40hz_20260913,1798,199,12410313508916,196,196,True,12410316260891,200,11.8980007,11899,31149,0.25,0.0,False,0.25,0.0,198,0.25,0.0,0.0,0.0,0.0,299.7472,299.7472,0.0,0.25,-0.002,-0.0007,-0.0151,6.1232,0.0,0.1451,-0.0001,0.0237,4.7123,0.707,0.0084,0.0084,-0.7071,0.8007,-10.2734,0.0579
60_e1_corner_throttle_40hz_20260913,1808,200,12410338148543,197,197,True,12410341796453,201,11.923,11924,31219,0.25,0.0,False,0.25,0.0,199,0.25,0.0,0.0,0.0,0.0,302.411,302.4143,0.0,0.25,0.0007,-0.0013,0.0087,6.1232,0.0,0.1452,-0.0001,0.0237,4.7123,0.707,0.0084,0.0084,-0.7071,0.8007,-10.4265,0.0579
60_e1_corner_throttle_40hz_20260913,1817,201,12410363762382,198,198,True,12410367382209,202,11.9480009,11949,31287,0.25,0.0,False,0.25,0.0,200,0.25,0.0,0.0001,0.0,0.0,305.0781,305.0781,0.0,0.25,0.0015,0.0023,0.016,6.1232,0.0,0.1452,-0.0001,0.0237,4.7123,0.707,0.0084,0.0084,-0.7071,0.8007,-10.5796,0.0579
60_e1_corner_throttle_40hz_20260913,1826,202,12410388465748,199,199,True,12410391421647,203,11.9730005,11974,31359,0.25,0.0,False,0.25,0.0,201,0.25,0.0,0.0,0.0001,0.0,307.7419,307.7452,0.0,0.25,0.0008,-0.0011,0.0058,6.1232,0.0,0.1451,0.0,0.0237,4.7123,0.707,0.0084,0.0084,-0.7071,0.8007,-10.7327,0.0579
60_e1_corner_throttle_40hz_20260913,1835,203,12410413808407,200,200,True,12410416285516,204,11.998,11999,31430,0.25,0.0,False,0.25,0.0,202,0.25,0.0,-0.0001,0.0,0.0,310.409,310.4123,0.0,0.25,-0.0016,-0.0006,-0.013,6.1232,0.0,0.1451,0.0,0.0237,4.7123,0.707,0.0084,0.0084,-0.7071,0.8006,-10.8858,0.0579
60_e1_corner_throttle_40hz_20260913,1844,204,12410438965688,201,201,True,12410443622054,205,12.024,12025,31486,0.25,0.0,False,0.25,0.0,203,0.25,0.0,0.0,0.0,0.0,313.1808,313.1841,0.0,0.25,0.0039,0.003,0.0363,6.1232,0.0,0.1452,0.0,0.0237,4.7123,0.707,0.0084,0.0084,-0.7071,0.8006,-11.045,0.0579
60_e1_corner_throttle_40hz_20260913,1853,205,12410463581279,202,202,True,12410466151603,206,12.048,12049,31543,0.25,0.0,False,0.25,0.0,204,0.25,0.0,0.0001,0.0,0.0,315.7399,315.7432,0.0,0.25,-0.0043,0.0002,-0.0393,6.1232,0.0,0.1451,0.0,0.0237,4.7123,0.707,0.0084,0.0084,-0.7071,0.8006,-11.192,0.0579
60_e1_corner_throttle_40hz_20260913,1861,206,12410488452011,203,203,True,12410491594370,207,12.0730009,12074,31615,0.25,0.0,False,0.25,0.0,205,0.25,0.0,0.0,0.0,0.0,318.407,318.407,0.0,0.25,0.0015,0.0041,0.016,6.1232,0.0,0.1452,0.0,0.0237,4.7123,0.707,0.0084,0.0084,-0.7071,0.8006,-11.3451,0.0579
60_e1_corner_throttle_40hz_20260913,1870,207,12410513383486,204,204,True,12410516244016,208,12.0980005,12099,31689,0.25,0.0,False,0.25,0.0,206,0.25,0.0,-0.0001,0.0,0.0,321.0741,321.0741,0.0,0.25,-0.0041,-0.0006,-0.0302,6.1232,0.0,0.1451,0.0,0.0237,4.7123,0.707,0.0084,0.0084,-0.7071,0.8006,-11.4983,0.0579
60_e1_corner_throttle_40hz_20260913,1880,208,12410538468471,205,205,True,12410541041109,209,12.123,12124,31758,0.25,0.0,False,0.25,0.0,207,0.25,0.0,0.0,0.0,0.0,323.7379,323.7411,0.0,0.25,0.0032,0.0018,0.0276,6.1232,0.0,0.1452,-0.0001,0.0237,4.7123,0.707,0.0084,0.0084,-0.7071,0.8006,-11.6514,0.0579
60_e1_corner_throttle_40hz_20260913,1889,209,12410563410797,206,206,True,12410566052244,210,12.1480007,12149,31833,0.25,0.0,False,0.25,0.0,208,0.25,0.0,0.0,0.0,0.0,326.4049,326.4049,0.0,0.25,-0.0036,-0.0003,-0.0311,6.1232,0.0,0.1451,-0.0001,0.0237,4.7123,0.707,0.0084,0.0084,-0.7071,0.8006,-11.8045,0.0579
60_e1_corner_throttle_40hz_20260913,1898,210,12410588524996,207,207,True,12410591422445,211,12.173,12174,31906,0.25,0.0,False,0.25,0.0,209,0.25,0.0,0.0001,0.0,0.0,329.0721,329.0721,0.0,0.25,0.0044,-0.0005,0.0353,6.1232,0.0,0.1451,-0.0001,0.0237,4.7123,0.707,0.0084,0.0084,-0.7071,0.8005,-11.9576,0.0579
60_e1_corner_throttle_40hz_20260913,1907,211,12410613425173,208,208,True,12410616476572,212,12.1980009,12199,31981,0.25,0.0,False,0.25,0.0,210,0.25,0.0,0.0,0.0,0.0,331.7358,331.7391,0.0,0.25,0.0028,-0.0008,0.0247,6.1232,0.0,0.1451,-0.0002,0.0237,4.7123,0.707,0.0084,0.0084,-0.7071,0.8005,-12.1107,0.0579
60_e1_corner_throttle_40hz_20260913,1916,212,12410638707549,209,209,True,12410641185679,213,12.2230005,12224,32058,0.25,0.0,False,0.25,0.0,211,0.25,0.0,0.0,0.0,0.0,334.4029,334.4029,0.0,0.25,-0.0011,-0.0034,-0.0125,6.1232,0.0,0.1451,-0.0002,0.0237,4.7123,0.707,0.0084,0.0084,-0.7071,0.8005,-12.2638,0.0579
60_e1_corner_throttle_40hz_20260913,1924,213,12410663368676,210,210,True,12410666141070,214,12.248,12249,32138,0.25,0.0,False,0.25,0.0,212,0.25,0.0,0.0,0.0,0.0,337.0667,337.07,0.0,0.25,0.0055,0.0036,0.0478,6.1232,0.0,0.1452,-0.0001,0.0237,4.7123,0.707,0.0084,0.0084,-0.7071,0.8005,-12.4169,0.0579
60_e1_corner_throttle_40hz_20260913,1933,214,12410688660109,211,211,True,12410691298360,215,12.2730007,12274,32214,0.25,0.0,False,0.25,0.0,213,0.25,0.0,-0.0001,0.0,0.0,339.7338,339.7371,0.0,0.25,0.0015,0.0032,0.016,6.1232,0.0,0.1452,-0.0002,0.0237,4.7123,0.707,0.0084,0.0084,-0.7071,0.8005,-12.57,0.0579
60_e1_corner_throttle_40hz_20260913,1944,215,12410713765562,212,212,True,12410716096545,216,12.298,12299,32285,0.25,0.0,False,0.25,0.0,214,0.25,0.0,0.0001,0.0001,0.0,342.4009,342.4009,0.0,0.25,-0.0027,-0.0047,-0.0267,6.1232,0.0,0.1451,-0.0002,0.0237,4.7123,0.707,0.0084,0.0084,-0.7071,0.8005,-12.7232,0.0579
60_e1_corner_throttle_40hz_20260913,1952,216,12410738638567,213,213,True,12410742297749,217,12.3230009,12324,32369,0.25,0.0,False,0.25,0.0,215,0.25,0.0,0.0,0.0,0.0,345.0647,345.068,0.0,0.25,0.0032,-0.0027,0.0266,6.1232,0.0,0.1451,-0.0002,0.0237,4.7123,0.707,0.0084,0.0084,-0.7071,0.8005,-12.8763,0.0579
60_e1_corner_throttle_40hz_20260913,1961,217,12410763723151,214,214,True,12410766140106,218,12.3480005,12349,32436,0.25,0.0,False,0.25,0.0,216,0.25,0.0,0.0,0.0,0.0,347.7318,347.7318,0.0,0.25,-0.002,-0.0002,-0.0181,6.1232,0.0,0.1451,-0.0001,0.0237,4.7123,0.707,0.0084,0.0084,-0.7071,0.8005,-13.0294,0.0579
60_e1_corner_throttle_40hz_20260913,1969,218,12410788712896,215,215,True,12410791200915,219,12.373,12374,32515,0.25,0.0,False,0.25,0.0,217,0.25,0.0,-0.0001,0.0,0.0,350.3989,350.3989,0.0,0.25,0.006,0.0016,0.0499,6.1232,0.0,0.1452,-0.0001,0.0237,4.7123,0.707,0.0084,0.0084,-0.7071,0.8005,-13.1825,0.0579
60_e1_corner_throttle_40hz_20260913,1977,219,12410813305114,216,216,True,12410815981317,220,12.3980007,12399,32590,0.25,0.0,False,0.25,0.0,218,0.25,0.0,0.0,0.0,0.0,353.0627,353.0659,0.0,0.25,0.0,-0.0007,0.0009,6.1232,0.0,0.1452,-0.0001,0.0237,4.7123,0.707,0.0084,0.0084,-0.7071,0.8005,-13.3356,0.0579
60_e1_corner_throttle_40hz_20260913,1988,220,12410838512258,217,217,True,12410841313937,221,12.423,12424,32670,0.25,0.0,False,0.25,0.0,219,0.25,0.0,0.0,0.0,0.0,355.7298,355.7298,0.0,0.25,0.0012,-0.0009,0.008,6.1232,0.0,0.1451,-0.0001,0.0237,4.7123,0.707,0.0084,0.0084,-0.7071,0.8004,-13.4887,0.0579
60_e1_corner_throttle_40hz_20260913,1997,221,12410863316003,218,218,True,12410866210136,222,12.4480009,12449,32746,0.25,0.0,False,0.25,0.0,220,0.25,0.0,0.0,0.0001,0.0,358.3969,358.3969,0.0,0.25,-0.0055,0.0007,-0.0495,6.1232,0.0,0.1452,-0.0001,0.0237,4.7123,0.707,0.0084,0.0084,-0.7071,0.8004,-13.6418,0.0579
60_e1_corner_throttle_40hz_20260913,2006,222,12410888748542,219,219,True,12410891093722,223,12.4730005,12474,32810,0.25,0.0,False,0.25,0.0,221,0.25,0.0,0.0,0.0001,0.0,361.0606,361.0639,0.0,0.25,-0.0011,-0.0008,-0.0126,6.1232,0.0,0.1451,-0.0001,0.0237,4.7123,0.707,0.0084,0.0084,-0.7071,0.8004,-13.7949,0.0579
60_e1_corner_throttle_40hz_20260913,2014,223,12410913578126,220,220,True,12410916137529,224,12.498,12499,32890,0.25,0.0,False,0.25,0.0,222,0.25,0.0,-0.0001,0.0,0.0,363.7277,363.7277,0.0,0.25,-0.0068,0.0002,-0.0561,6.1232,0.0,0.1451,0.0,0.0237,4.7123,0.707,0.0084,0.0084,-0.7071,0.8004,-13.9481,0.0579
60_e1_corner_throttle_40hz_20260913,2024,224,12410938725928,221,221,True,12410941139417,225,12.5230007,12524,32974,0.25,0.0,False,0.25,0.0,223,0.25,0.0,0.0,0.0,0.0,366.3915,366.3948,0.0,0.25,-0.0036,-0.0008,-0.0292,6.1232,0.0,0.1452,0.0,0.0237,4.7123,0.707,0.0084,0.0084,-0.7071,0.8004,-14.1012,0.0579
60_e1_corner_throttle_40hz_20260913,2033,225,12410963470893,222,222,True,12410966573818,226,12.548,12549,33050,0.25,0.0,False,0.25,0.0,224,0.25,0.0,0.0,0.0,0.0,369.0586,369.0619,0.0,0.25,-0.0024,-0.0011,-0.0175,6.1232,0.0,0.1452,0.0,0.0237,4.7123,0.707,0.0084,0.0084,-0.7071,0.8004,-14.2543,0.0579
60_e1_corner_throttle_40hz_20260913,2042,226,12410988682485,223,223,True,12410991304657,227,12.5730009,12574,33120,0.25,0.0,False,0.25,0.0,225,0.25,0.0,0.0,0.0,0.0,371.7257,371.7257,0.0,0.25,0.0087,0.001,0.0746,6.1232,0.0,0.1452,0.0001,0.0237,4.7123,0.707,0.0084,0.0084,-0.7071,0.8004,-14.4074,0.0579
60_e1_corner_throttle_40hz_20260913,2051,227,12411012925396,224,224,True,12411015227846,228,12.597,12598,33193,0.25,0.0,False,0.25,0.0,226,0.25,0.0,0.0,0.0,0.0,374.2848,374.2848,0.0,0.25,0.0,-0.0001,-0.0016,6.1232,0.0,0.1452,0.0,0.0237,4.7123,0.707,0.0084,0.0084,-0.7071,0.8004,-14.5544,0.0579
60_e1_corner_throttle_40hz_20260913,2059,228,12411038707361,225,225,True,12411041114578,229,12.623,12624,33276,0.25,0.0,False,0.25,0.0,227,0.25,0.0,0.0,0.0,0.0,377.0566,377.0566,0.0,0.25,-0.0027,-0.0002,-0.0277,6.1232,0.0,0.1451,0.0,0.0237,4.7123,0.707,0.0084,0.0084,-0.7071,0.8004,-14.7136,0.0579
60_e1_corner_throttle_40hz_20260913,2069,229,12411063765515,226,226,True,12411066164797,230,12.6480007,12649,33358,0.25,0.0,False,0.25,0.0,228,0.25,0.0,0.0,0.0,0.0,379.7237,379.7237,0.0,0.25,0.0028,0.0017,0.024,6.1232,0.0,0.1451,0.0,0.0237,4.7123,0.707,0.0084,0.0084,-0.7071,0.8004,-14.8667,0.0579
60_e1_corner_throttle_40hz_20260913,2077,230,12411088156575,227,227,True,12411091584401,231,12.673,12674,33440,0.25,0.0,False,0.25,0.0,229,0.25,0.0,0.0,0.0,0.0,382.3875,382.3907,0.0,0.25,0.0031,-0.001,0.0297,6.1232,0.0,0.1452,0.0,0.0237,4.7123,0.707,0.0084,0.0084,-0.7071,0.8003,-15.0198,0.0579
60_e1_corner_throttle_40hz_20260913,2087,231,12411112976410,228,228,True,12411116513412,232,12.6970005,12698,33517,0.25,0.0,False,0.25,0.0,230,0.25,0.0,-0.0001,0.0,0.0,384.9466,384.9498,0.0,0.25,0.0033,-0.0001,0.0236,6.1232,0.0,0.1451,0.0001,0.0237,4.7123,0.707,0.0084,0.0084,-0.7071,0.8003,-15.1668,0.0579
60_e1_corner_throttle_40hz_20260913,2096,232,12411138241023,229,229,True,12411141237818,233,12.7230005,12724,33592,0.25,0.0,False,0.25,0.0,231,0.25,0.0,0.0,0.0001,0.0,387.7216,387.7216,0.0,0.25,0.0009,0.0006,0.0038,6.1232,0.0,0.1451,0.0001,0.0237,4.7123,0.707,0.0084,0.0084,-0.7071,0.8003,-15.3261,0.0579
60_e1_corner_throttle_40hz_20260913,2105,233,12411163705922,230,230,True,12411166323374,234,12.748,12749,33669,0.25,0.0,False,0.25,0.0,232,0.25,0.0,-0.0001,0.0,0.0,390.3854,390.3887,0.0,0.25,-0.0019,0.0009,-0.0196,6.1232,0.0,0.1451,0.0001,0.0237,4.7123,0.707,0.0084,0.0084,-0.7071,0.8003,-15.4792,0.0579
60_e1_corner_throttle_40hz_20260913,2113,234,12411188795635,231,231,True,12411191149972,235,12.7730007,12774,33742,0.25,0.0,False,0.25,0.0,233,0.25,0.0,0.0,0.0,0.0,393.0525,393.0525,0.0,0.25,-0.0051,-0.0003,-0.045,6.1232,0.0,0.1451,0.0001,0.0237,4.7123,0.707,0.0084,0.0084,-0.7071,0.8003,-15.6323,0.0579
60_e1_corner_throttle_40hz_20260913,2122,235,12411213055027,232,232,True,12411216100844,236,12.798,12799,33808,0.25,0.0,False,0.25,0.0,234,0.25,0.0,0.0,0.0,0.0,395.7163,395.7196,0.0,0.25,0.004,-0.0007,0.0336,6.1232,0.0,0.1451,0.0001,0.0237,4.7123,0.707,0.0084,0.0084,-0.7071,0.8003,-15.7854,0.0579
60_e1_corner_throttle_40hz_20260913,2131,236,12411238859474,233,233,True,12411241058369,237,12.8230009,12824,33893,0.25,0.0,False,0.25,0.0,235,0.25,0.0,0.0,0.0,0.0,398.3834,398.3867,0.0,0.25,0.0048,0.0015,0.0387,6.1232,0.0,0.1451,0.0001,0.0237,4.7123,0.707,0.0084,0.0084,-0.7071,0.8003,-15.9385,0.0579
60_e1_corner_throttle_40hz_20260913,2141,237,12411263434970,234,234,True,12411266093700,238,12.8480005,12849,33980,0.25,0.0,False,0.25,0.0,236,0.25,0.0,0.0,0.0,0.0,401.0505,401.0505,0.0,0.25,0.0,-0.0051,-0.0015,6.1232,0.0,0.1451,0.0001,0.0237,4.7123,0.707,0.0084,0.0084,-0.7071,0.8003,-16.0916,0.0579
60_e1_corner_throttle_40hz_20260913,2149,238,12411288554099,235,235,True,12411291114013,239,12.873,12874,34064,0.25,0.0,False,0.25,0.0,237,0.25,0.0,0.0,0.0,0.0,403.7143,403.7176,0.0,0.25,-0.002,-0.0025,-0.0169,6.1232,0.0,0.1451,0.0001,0.0237,4.7123,0.707,0.0084,0.0084,-0.7071,0.8003,-16.2447,0.0579
60_e1_corner_throttle_40hz_20260913,2158,239,12411313064433,236,236,True,12411316133354,240,12.8980007,12899,34142,0.25,0.0,False,0.25,0.0,238,0.25,0.0,0.0,0.0,0.0,406.3814,406.3814,0.0,0.25,0.0032,-0.0012,0.0271,6.1232,0.0,0.1451,0.0001,0.0237,4.7123,0.707,0.0084,0.0084,-0.7071,0.8002,-16.3979,0.0579
60_e1_corner_throttle_40hz_20260913,2168,240,12411338487433,237,237,True,12411341201477,241,12.923,12924,34225,0.25,0.0,False,0.25,0.0,239,0.25,0.0,0.0,0.0,0.0,409.0452,409.0485,0.0,0.25,-0.0012,-0.0027,-0.0107,6.1232,0.0,0.1452,0.0,0.0237,4.7123,0.707,0.0084,0.0084,-0.7071,0.8002,-16.551,0.0579
60_e1_corner_throttle_40hz_20260913,2177,241,12411363410773,238,238,True,12411366055106,242,12.9480009,12949,34309,0.25,0.0,False,0.25,0.0,240,0.25,0.0,-0.0001,0.0,0.0,411.7123,411.7123,0.0,0.25,0.0011,-0.0002,0.0132,6.1232,0.0,0.1452,0.0001,0.0237,4.7123,0.707,0.0084,0.0084,-0.7071,0.8002,-16.7041,0.0579
60_e1_corner_throttle_40hz_20260913,2186,242,12411388551101,239,239,True,12411391093903,243,12.9730005,12974,34377,0.25,0.0,False,0.25,0.0,241,0.25,0.0,0.0,0.0,0.0,414.3761,414.3761,0.0,0.25,0.0042,0.003,0.0428,6.1232,0.0,0.1452,0.0001,0.0237,4.7123,0.707,0.0084,0.0084,-0.7071,0.8002,-16.8572,0.0579
60_e1_corner_throttle_40hz_20260913,2195,243,12411413411303,240,240,True,12411416150074,244,12.998,12999,34448,0.25,0.0,False,0.25,0.0,242,0.25,0.0,0.0,0.0,0.0,417.0432,417.0432,0.0,0.25,-0.0048,-0.0047,-0.0405,6.1232,0.0,0.1451,0.0002,0.0237,4.7123,0.707,0.0084,0.0084,-0.7071,0.8002,-17.0103,0.0579
60_e1_corner_throttle_40hz_20260913,2203,244,12411438854651,241,241,True,12411441184753,245,13.0230007,13024,34523,0.25,0.0,False,0.25,0.0,243,0.25,0.0,0.0,0.0,0.0,419.707,419.707,0.0,0.25,0.0048,0.0003,0.0403,6.1232,0.0,0.1452,0.0002,0.0237,4.7123,0.707,0.0084,0.0084,-0.7071,0.8002,-17.1634,0.0579
60_e1_corner_throttle_40hz_20260913,2212,245,12411463585680,242,242,True,12411466238018,246,13.048,13049,34602,0.25,0.0,False,0.25,0.0,244,0.25,0.0,0.0,0.0,0.0,422.3708,422.3741,0.0,0.25,-0.0009,-0.0012,-0.0042,6.1232,0.0,0.1452,0.0002,0.0237,4.7123,0.707,0.0084,0.0084,-0.7071,0.8002,-17.3165,0.0579
60_e1_corner_throttle_40hz_20260913,2222,246,12411487860541,243,243,True,12411491260515,247,13.0720005,13073,34681,0.25,0.1,False,0.25,0.1,245,0.25,0.0,-0.0001,0.0,0.0,424.9299,424.9331,0.0,0.25,0.0036,-0.0014,0.0294,6.1232,0.0,0.1452,0.0002,0.0237,4.7123,0.707,0.0084,0.0084,-0.7071,0.8002,-17.4635,0.0579
60_e1_corner_throttle_40hz_20260913,2231,247,12411513054881,244,244,True,12411515252674,248,13.0970011,13098,34758,0.25,0.1,False,0.25,0.1,246,0.25,0.0524,0.2257,0.0083,0.6517,427.597,427.597,0.0524,0.25,-0.398,6.4265,-0.0361,6.1179,0.0715,0.1451,0.0041,0.0238,4.7206,0.7099,0.0098,0.007,-0.7042,0.8003,-17.6166,0.058
60_e1_corner_throttle_40hz_20260913,2240,248,12411538731197,245,245,True,12411541044227,249,13.1230011,13124,34830,0.25,0.1,False,0.25,0.1,247,0.25,0.0524,0.2022,0.0153,0.9507,430.3655,430.3753,0.0524,0.25,-0.3078,6.0357,-0.0902,6.1096,0.1067,0.145,0.0107,0.0239,4.743,0.7177,0.0122,0.0049,-0.6962,0.8024,-17.7755,0.058
60_e1_corner_throttle_40hz_20260913,2249,249,12411563656572,246,246,True,12411566099646,250,13.1480007,13149,34917,0.25,0.1,False,0.25,0.1,248,0.25,0.0524,0.1673,0.0181,0.9523,433.0293,433.0456,0.0524,0.25,-0.2448,5.8597,-0.1067,6.1054,0.1098,0.1449,0.0158,0.024,4.7668,0.726,0.014,0.0033,-0.6876,0.808,-17.9282,0.058
60_e1_corner_throttle_40hz_20260913,2257,250,12411588387260,247,247,True,12411591531833,251,13.173,13174,34999,0.25,0.1,False,0.25,0.1,249,0.25,0.0524,0.1455,0.0214,0.9511,435.6931,435.7127,0.0524,0.25,-0.2104,5.8411,-0.1253,6.1022,0.1113,0.1447,0.0202,0.0241,4.7906,0.7341,0.0156,0.002,-0.6789,0.8172,-18.0805,0.058
60_e1_corner_throttle_40hz_20260913,2267,251,12411613447949,248,248,True,12411616085438,252,13.1980009,13199,35080,0.25,0.1,False,0.25,0.1,250,0.25,0.0524,0.1267,0.0246,0.9501,438.3536,438.3831,0.0524,0.25,-0.1925,5.7948,-0.2009,6.0998,0.1126,0.1443,0.0242,0.0241,4.8144,0.742,0.0171,0.0009,-0.6701,0.8301,-18.2325,0.058
60_e1_corner_throttle_40hz_20260913,2276,252,12411638673297,249,249,True,12411641158951,253,13.2230005,13224,35162,0.25,0.1,False,0.25,0.1,251,0.25,0.0524,0.1108,0.0274,0.9494,441.0142,441.0502,0.0524,0.25,-0.1621,5.8365,-0.1347,6.098,0.1137,0.1441,0.0277,0.0242,4.8382,0.7499,0.0184,-0.0001,-0.6613,0.8466,-18.3841,0.058
60_e1_corner_throttle_40hz_20260913,2285,253,12411663722454,250,250,True,12411666041405,254,13.2480011,13249,35241,0.25,0.1,False,0.25,0.1,252,0.25,0.0524,0.0961,0.0302,0.9486,443.678,443.7205,0.0524,0.25,-0.1493,5.8155,-0.1727,6.0965,0.1147,0.1439,0.0309,0.0242,4.8619,0.7577,0.0196,-0.0009,-0.6523,0.8667,-18.5353,0.058
60_e1_corner_throttle_40hz_20260913,2294,254,12411687919969,251,251,True,12411691260341,255,13.2730007,13274,35323,0.25,0.1,False,0.25,0.1,253,0.25,0.0524,0.083,0.0326,0.9481,446.3385,446.3909,0.0524,0.25,-0.1414,5.7908,-0.2121,6.0955,0.1156,0.1436,0.0337,0.0242,4.8857,0.7653,0.0207,-0.0016,-0.6433,0.8904,-18.6858,0.058
60_e1_corner_throttle_40hz_20260913,2303,255,12411713155156,252,252,True,12411716358170,256,13.298,13299,35403,0.25,0.1,False,0.25,0.1,254,0.25,0.0524,0.0715,0.0348,0.9476,448.9991,449.058,0.0524,0.25,-0.1268,5.8143,-0.1843,6.0947,0.1164,0.1434,0.0362,0.0242,4.9094,0.7729,0.0217,-0.0021,-0.6342,0.9177,-18.8358,0.058
60_e1_corner_throttle_40hz_20260913,2312,256,12411738811996,253,253,True,12411741130165,257,13.3230009,13324,35484,0.25,0.1,False,0.25,0.1,255,0.25,0.0524,0.0613,0.0368,0.9472,451.6629,451.7283,0.0524,0.25,-0.1203,5.8086,-0.1981,6.0941,0.1171,0.1432,0.0384,0.0243,4.9331,0.7803,0.0226,-0.0025,-0.625,0.9485,-18.985,0.058
60_e1_corner_throttle_40hz_20260913,2321,257,12411763407770,254,254,True,12411766185785,258,13.3480005,13349,35560,0.25,0.1,False,0.25,0.1,256,0.25,0.0524,0.0521,0.0386,0.9468,454.3234,454.3954,0.0524,0.25,-0.1169,5.7952,-0.2222,6.0936,0.1177,0.143,0.0404,0.0243,4.9568,0.7877,0.0234,-0.0029,-0.6157,0.9829,-19.1335,0.058
60_e1_corner_throttle_40hz_20260913,2329,258,12411788362770,255,255,True,12411791550585,259,13.3730011,13374,35631,0.25,0.1,False,0.25,0.1,257,0.25,0.0524,0.0438,0.0403,0.9465,456.9839,457.0658,0.0524,0.25,-0.1151,5.7847,-0.246,6.0933,0.1182,0.1429,0.0421,0.0243,4.9805,0.7949,0.0241,-0.0031,-0.6063,1.0207,-19.2811,0.058
60_e1_corner_throttle_40hz_20260913,2339,259,12411813444939,256,256,True,12411816594011,260,13.3980007,13399,35703,0.25,0.1,False,0.25,0.1,258,0.25,0.0524,0.0369,0.0417,0.9462,459.6478,459.7328,0.0524,0.25,-0.1076,5.7953,-0.2231,6.093,0.1188,0.1428,0.0437,0.0243,5.0042,0.802,0.0248,-0.0033,-0.5968,1.0621,-19.4277,0.058
60_e1_corner_throttle_40hz_20260913,2347,260,12411838510026,257,257,True,12411841178725,261,13.423,13424,35771,0.25,0.1,False,0.25,0.1,259,0.25,0.0524,0.0302,0.043,0.946,462.3083,462.4032,0.0524,0.25,-0.1081,5.78,-0.2494,6.0929,0.1192,0.1427,0.0451,0.0243,5.0278,0.809,0.0254,-0.0034,-0.5873,1.1069,-19.5733,0.058
60_e1_corner_throttle_40hz_20260913,2355,261,12411863607675,258,258,True,12411867966041,262,13.4460011,13447,35833,0.25,0.1,False,0.25,0.1,260,0.25,0.0524,0.0247,0.0442,0.9457,464.7561,464.8575,0.0524,0.25,-0.1084,5.7755,-0.2754,6.0927,0.1195,0.1425,0.0463,0.0243,5.0496,0.8153,0.0259,-0.0035,-0.5784,1.1511,-19.7063,0.058
60_e1_corner_throttle_40hz_20260913,2366,262,12411888713368,259,259,True,12411891881666,263,13.4730005,13474,35892,0.25,0.1,False,0.25,0.1,261,0.25,0.0524,0.0191,0.0453,0.9456,467.6326,467.7406,0.0524,0.25,-0.1074,5.7718,-0.2848,6.0926,0.1199,0.1424,0.0475,0.0243,5.0752,0.8226,0.0264,-0.0035,-0.568,1.2068,-19.8611,0.058
60_e1_corner_throttle_40hz_20260913,2375,263,12411913752476,260,260,True,12411916338579,264,13.4980011,13499,35950,0.25,0.1,False,0.25,0.1,262,0.25,0.0524,0.0148,0.0462,0.9454,470.2932,470.411,0.0524,0.25,-0.1028,5.7839,-0.2584,6.0926,0.1203,0.1424,0.0485,0.0243,5.0989,0.8293,0.0269,-0.0034,-0.5582,1.2618,-20.0032,0.058
60_e1_corner_throttle_40hz_20260913,2384,264,12411937974628,261,261,True,12411940529813,265,13.522,13523,35995,0.25,0.1,False,0.25,0.1,263,0.25,0.0524,0.0108,0.047,0.9452,472.849,472.9701,0.0524,0.25,-0.1056,5.7658,-0.2858,6.0926,0.1205,0.1424,0.0493,0.0243,5.1216,0.8355,0.0273,-0.0034,-0.5487,1.3178,-20.1383,0.058
60_e1_corner_throttle_40hz_20260913,2393,265,12411963438444,262,262,True,12411966250974,266,13.548,13549,36062,0.25,0.1,False,0.25,0.1,264,0.25,0.0524,0.0068,0.0478,0.9451,475.6175,475.7484,0.0524,0.25,-0.1081,5.7503,-0.3132,6.0925,0.1208,0.1423,0.0502,0.0243,5.1462,0.8422,0.0277,-0.0033,-0.5384,1.3819,-20.2832,0.058
60_e1_corner_throttle_40hz_20260913,2402,266,12411988165746,263,263,True,12411991227354,267,13.5730009,13574,36129,0.25,0.1,False,0.25,0.1,265,0.25,0.0524,0.0038,0.0485,0.945,478.278,478.4155,0.0524,0.25,-0.1053,5.7606,-0.2975,6.0925,0.121,0.1423,0.0509,0.0243,5.1698,0.8485,0.028,-0.0031,-0.5284,1.4469,-20.421,0.058
60_e1_corner_throttle_40hz_20260913,2410,267,12412013860948,264,264,True,12412018184259,268,13.5990009,13600,36195,0.25,0.1,False,0.25,0.1,266,0.25,0.0524,0.0008,0.049,0.9449,481.0466,481.1906,0.0524,0.25,-0.1047,5.7619,-0.2969,6.0925,0.1212,0.1423,0.0515,0.0244,5.1945,0.8549,0.0283,-0.0029,-0.5179,1.5179,-20.5626,0.058
60_e1_corner_throttle_40hz_20260913,2419,268,12412038082188,265,265,True,12412041425425,269,13.6230011,13624,36258,0.25,0.1,False,0.25,0.1,267,0.25,0.0524,-0.0019,0.0496,0.9448,483.6024,483.7529,0.0524,0.25,-0.108,5.7502,-0.3305,6.0925,0.1213,0.1422,0.0521,0.0244,5.2172,0.8608,0.0286,-0.0027,-0.5082,1.5865,-20.6918,0.058
60_e1_corner_throttle_40hz_20260913,2429,269,12412063832013,266,266,True,12412066374614,270,13.6480007,13649,36328,0.25,0.1,False,0.25,0.1,268,0.25,0.0524,-0.0039,0.05,0.9448,486.2629,486.4233,0.0524,0.25,-0.1017,5.773,-0.2859,6.0925,0.1215,0.1422,0.0526,0.0244,5.2408,0.8667,0.0289,-0.0025,-0.498,1.6611,-20.8246,0.058
60_e1_corner_throttle_40hz_20260913,2438,270,12412088245294,267,267,True,12412091637363,271,13.673,13674,36396,0.25,0.1,False,0.25,0.1,269,0.25,0.0524,-0.0061,0.0504,0.9447,488.9267,489.0904,0.0524,0.25,-0.1041,5.7626,-0.3052,6.0926,0.1217,0.1422,0.053,0.0244,5.2645,0.8725,0.0291,-0.0023,-0.4877,1.7388,-20.9556,0.058
60_e1_corner_throttle_40hz_20260913,2447,271,12412113705945,268,268,True,12412116244669,272,13.6980009,13699,36461,0.25,0.1,False,0.25,0.1,270,0.25,0.0524,-0.0079,0.0508,0.9446,491.5873,491.7607,0.0524,0.25,-0.105,5.7614,-0.3113,6.0926,0.1218,0.1422,0.0534,0.0244,5.2882,0.8782,0.0293,-0.002,-0.4773,1.8196,-21.0848,0.058
60_e1_corner_throttle_40hz_20260913,2456,272,12412138105761,269,269,True,12412141409143,273,13.7230005,13724,36517,0.25,0.1,False,0.25,0.1,271,0.25,0.0524,-0.0098,0.0511,0.9446,494.2478,494.4278,0.0524,0.25,-0.1128,5.7211,-0.3668,6.0926,0.1219,0.1422,0.0538,0.0244,5.3118,0.8838,0.0295,-0.0018,-0.4669,1.9034,-21.212,0.058
60_e1_corner_throttle_40hz_20260913,2465,273,12412163276026,270,270,True,12412166125214,274,13.7480011,13749,36579,0.25,0.1,False,0.25,0.1,272,0.25,0.0524,-0.0112,0.0514,0.9445,496.9116,497.0981,0.0524,0.25,-0.1055,5.7561,-0.3222,6.0926,0.122,0.1423,0.0541,0.0244,5.3355,0.8893,0.0296,-0.0015,-0.4564,1.9902,-21.3372,0.058
60_e1_corner_throttle_40hz_20260913,2473,274,12412188784106,271,271,True,12412191732711,275,13.7730007,13774,36644,0.25,0.1,False,0.25,0.1,273,0.25,0.0524,-0.0122,0.0517,0.9445,499.5721,499.7685,0.0524,0.25,-0.1007,5.7797,-0.2864,6.0926,0.1221,0.1422,0.0544,0.0244,5.3591,0.8946,0.0298,-0.0012,-0.4459,2.08,-21.4603,0.058
60_e1_corner_throttle_40hz_20260913,2483,275,12412213100745,272,272,True,12412216042848,276,13.798,13799,36705,0.25,0.1,False,0.25,0.1,274,0.25,0.0524,-0.0135,0.0519,0.9444,502.2327,502.4356,0.0524,0.25,-0.105,5.7564,-0.3167,6.0926,0.1222,0.1423,0.0546,0.0244,5.3828,0.8998,0.0299,-0.0009,-0.4353,2.1726,-21.5812,0.058
60_e1_corner_throttle_40hz_20260913,2492,276,12412238601652,273,273,True,12412241367864,277,13.8230009,13824,36764,0.25,0.1,False,0.25,0.1,275,0.25,0.0524,-0.0145,0.0521,0.9444,504.8965,505.1059,0.0524,0.25,-0.1032,5.7685,-0.3079,6.0926,0.1222,0.1423,0.0549,0.0244,5.4064,0.9049,0.03,-0.0006,-0.4246,2.2681,-21.6999,0.058
60_e1_corner_throttle_40hz_20260913,2501,277,12412262958226,274,274,True,12412267872919,278,13.8480005,13849,36831,0.25,0.1,False,0.25,0.1,276,0.25,0.0524,-0.0153,0.0523,0.9444,507.557,507.773,0.0524,0.25,-0.1018,5.7719,-0.2968,6.0927,0.1223,0.1423,0.0551,0.0244,5.4301,0.9098,0.0301,-0.0003,-0.4139,2.3663,-21.8164,0.058
60_e1_corner_throttle_40hz_20260913,2510,278,12412288706358,275,275,True,12412291268837,279,13.8730011,13874,36879,0.25,0.1,False,0.25,0.1,277,0.25,0.0524,-0.0163,0.0524,0.9443,510.2176,510.4434,0.0524,0.25,-0.1045,5.7605,-0.3205,6.0927,0.1224,0.1423,0.0552,0.0244,5.4537,0.9147,0.0302,0.0,-0.4031,2.4673,-21.9304,0.058
60_e1_corner_throttle_40hz_20260913,2518,279,12412312876702,276,276,True,12412315215600,280,13.897,13898,36950,0.25,0.1,False,0.25,0.1,278,0.25,0.0524,-0.0168,0.0525,0.9443,512.7734,513.0057,0.0524,0.25,-0.1031,5.7664,-0.3072,6.0927,0.1224,0.1423,0.0554,0.0244,5.4764,0.9192,0.0303,0.0004,-0.3927,2.5668,-22.0377,0.058
60_e1_corner_throttle_40hz_20260913,2528,280,12412338577464,277,277,True,12412341281970,281,13.923,13924,37028,0.25,0.1,False,0.25,0.1,279,0.25,0.0524,-0.0177,0.0527,0.9443,515.5419,515.7808,0.0524,0.25,-0.1044,5.7603,-0.3185,6.0927,0.1224,0.1423,0.0556,0.0244,5.501,0.9239,0.0303,0.0007,-0.3813,2.6772,-22.1512,0.058
60_e1_corner_throttle_40hz_20260913,2537,281,12412363866793,278,278,True,12412366222413,282,13.9480009,13949,37098,0.25,0.1,False,0.25,0.1,280,0.25,0.0524,-0.0182,0.0528,0.9443,518.2057,518.4479,0.0524,0.25,-0.101,5.7767,-0.2982,6.0927,0.1225,0.1423,0.0557,0.0244,5.5247,0.9284,0.0304,0.001,-0.3704,2.786,-22.2579,0.058
60_e1_corner_throttle_40hz_20260913,2546,282,12412388040454,279,279,True,12412391079268,283,13.9730005,13974,37172,0.25,0.1,False,0.25,0.1,281,0.25,0.0524,-0.0188,0.0529,0.9443,520.8663,521.1182,0.0524,0.25,-0.1066,5.7456,-0.332,6.0927,0.1225,0.1423,0.0558,0.0245,5.5483,0.9327,0.0304,0.0014,-0.3594,2.8974,-22.3619,0.058
60_e1_corner_throttle_40hz_20260913,2554,283,12412413412538,280,280,True,12412416284308,284,13.9980011,13999,37236,0.25,0.1,False,0.25,0.1,282,0.25,0.0524,-0.019,0.053,0.9442,523.5268,523.7886,0.0524,0.25,-0.0987,5.7888,-0.2754,6.0927,0.1226,0.1424,0.0559,0.0245,5.572,0.9369,0.0304,0.0017,-0.3483,3.0111,-22.4632,0.058
60_e1_corner_throttle_40hz_20260913,2564,284,12412438135271,281,281,True,12412441329488,285,14.0230007,14024,37309,0.25,0.1,False,0.25,0.1,283,0.25,0.0524,-0.0196,0.0531,0.9442,526.1906,526.4557,0.0524,0.25,-0.1025,5.7723,-0.3058,6.0927,0.1226,0.1423,0.056,0.0245,5.5956,0.9409,0.0305,0.0021,-0.3372,3.1272,-22.5619,0.058
60_e1_corner_throttle_40hz_20260913,2573,285,12412462934929,282,282,True,12412465156416,286,14.0470009,14048,37378,0.25,0.1,False,0.25,0.1,284,0.25,0.0524,-0.0202,0.0532,0.9442,528.7432,529.018,0.0524,0.25,-0.1084,5.7429,-0.3491,6.0927,0.1226,0.1423,0.0561,0.0245,5.6183,0.9447,0.0305,0.0024,-0.3265,3.2408,-22.654,0.058
60_e1_corner_throttle_40hz_20260913,2582,286,12412488030343,283,283,True,12412491303608,287,14.0730009,14074,37455,0.25,0.1,False,0.25,0.1,285,0.25,0.0524,-0.0204,0.0532,0.9442,531.5117,531.7931,0.0524,0.25,-0.1067,5.75,-0.3324,6.0927,0.1226,0.1424,0.0561,0.0245,5.6429,0.9486,0.0305,0.0028,-0.3149,3.3662,-22.7508,0.058
60_e1_corner_throttle_40hz_20260913,2591,287,12412513623383,284,284,True,12412516087016,288,14.0980005,14099,37532,0.25,0.1,False,0.25,0.1,286,0.25,0.0524,-0.0205,0.0532,0.9442,534.1755,534.4635,0.0524,0.25,-0.1008,5.7797,-0.2966,6.0927,0.1226,0.1424,0.0562,0.0245,5.6666,0.9523,0.0305,0.0031,-0.3036,3.489,-22.841,0.058
60_e1_corner_throttle_40hz_20260913,2600,288,12412538709639,285,285,True,12412541217756,289,14.1230011,14124,37614,0.25,0.1,False,0.25,0.1,287,0.25,0.0524,-0.0211,0.0533,0.9442,536.8361,537.1306,0.0524,0.25,-0.1075,5.7477,-0.3471,6.0927,0.1226,0.1424,0.0563,0.0245,5.6902,0.9558,0.0305,0.0035,-0.2923,3.6139,-22.9282,0.058
60_e1_corner_throttle_40hz_20260913,2609,289,12412563750521,286,286,True,12412566168779,290,14.1480007,14149,37694,0.25,0.1,False,0.25,0.1,288,0.25,0.0524,-0.0213,0.0534,0.9442,539.4965,539.8009,0.0524,0.25,-0.1088,5.7386,-0.3532,6.0927,0.1227,0.1424,0.0563,0.0245,5.7139,0.9592,0.0305,0.0038,-0.281,3.7409,-23.0124,0.058
60_e1_corner_throttle_40hz_20260913,2618,290,12412588789719,287,287,True,12412590960081,291,14.173,14174,37770,0.25,0.1,False,0.25,0.1,289,0.25,0.0524,-0.0213,0.0533,0.9442,542.1603,542.468,0.0524,0.25,-0.1028,5.7651,-0.3104,6.0927,0.1227,0.1424,0.0564,0.0245,5.7375,0.9625,0.0304,0.0042,-0.2697,3.8697,-23.0937,0.058
60_e1_corner_throttle_40hz_20260913,2625,291,12412613476194,288,288,True,12412616306156,292,14.1980009,14199,37844,0.25,0.1,False,0.25,0.1,290,0.25,0.0524,-0.0216,0.0534,0.9442,544.8209,545.1384,0.0524,0.25,-0.1056,5.7554,-0.3287,6.0927,0.1227,0.1424,0.0564,0.0245,5.7612,0.9656,0.0304,0.0045,-0.2583,4.0005,-23.1718,0.058
60_e1_corner_throttle_40hz_20260913,2636,292,12412638834012,289,289,True,12412641196825,293,14.2230005,14224,37907,0.25,0.1,False,0.25,0.1,291,0.25,0.0524,-0.0219,0.0534,0.9442,547.4814,547.8087,0.0524,0.25,-0.1069,5.7516,-0.3412,6.0927,0.1227,0.1424,0.0564,0.0245,5.7848,0.9686,0.0304,0.0049,-0.2468,4.1331,-23.2469,0.058
60_e1_corner_throttle_40hz_20260913,2645,293,12412663526037,290,290,True,12412666046717,294,14.2480011,14249,37964,0.25,0.1,False,0.25,0.1,292,0.25,0.0524,-0.0218,0.0535,0.9442,550.1453,550.4758,0.0524,0.25,-0.1042,5.7634,-0.3188,6.0927,0.1227,0.1425,0.0565,0.0245,5.8085,0.9714,0.0303,0.0053,-0.2354,4.2674,-23.3188,0.058
60_e1_corner_throttle_40hz_20260913,2654,294,12412688715057,291,291,True,12412691162179,295,14.2730007,14274,38048,0.25,0.1,False,0.25,0.1,293,0.25,0.0524,-0.0221,0.0534,0.9442,552.8058,553.1461,0.0524,0.25,-0.1081,5.7434,-0.3467,6.0927,0.1227,0.1425,0.0565,0.0245,5.8321,0.9741,0.0303,0.0056,-0.2239,4.4034,-23.3874,0.058
60_e1_corner_throttle_40hz_20260913,2663,295,12412713045011,292,292,True,12412716444544,296,14.298,14299,38132,0.25,0.1,False,0.25,0.1,294,0.25,0.0524,-0.0221,0.0535,0.9442,555.4664,555.8132,0.0524,0.25,-0.103,5.7685,-0.3131,6.0927,0.1227,0.1424,0.0565,0.0245,5.8558,0.9767,0.0302,0.006,-0.2123,4.541,-23.4529,0.058
60_e1_corner_throttle_40hz_20260913,2672,296,12412738324812,293,293,True,12412741157619,297,14.3230009,14324,38207,0.25,0.1,False,0.25,0.1,295,0.25,0.0524,-0.0223,0.0535,0.9441,558.1301,558.4835,0.0524,0.25,-0.1058,5.7536,-0.3311,6.0927,0.1228,0.1425,0.0565,0.0245,5.8794,0.9792,0.0301,0.0063,-0.2008,4.68,-23.5151,0.058
60_e1_corner_throttle_40hz_20260913,2681,297,12412763673132,294,294,True,12412766082342,298,14.3480005,14349,38288,0.25,0.1,False,0.25,0.1,296,0.25,0.0524,-0.0226,0.0535,0.9442,560.7907,561.1506,0.0524,0.25,-0.1075,5.7502,-0.3494,6.0927,0.1227,0.1424,0.0566,0.0245,5.9031,0.9815,0.0301,0.0067,-0.1892,4.8206,-23.5739,0.058
60_e1_corner_throttle_40hz_20260913,2689,298,12412788765660,295,295,True,12412791128864,299,14.3730011,14374,38370,0.25,0.1,False,0.25,0.1,297,0.25,0.0524,-0.0223,0.0535,0.9442,563.4545,563.821,0.0524,0.25,-0.1047,5.7567,-0.3183,6.0927,0.1228,0.1425,0.0566,0.0245,5.9267,0.9836,0.03,0.007,-0.1775,4.9624,-23.6295,0.058
60_e1_corner_throttle_40hz_20260913,2699,299,12412813391832,296,296,True,12412816358010,300,14.3980007,14399,38443,0.25,0.1,False,0.25,0.1,298,0.25,0.0524,-0.0228,0.0536,0.9441,566.1151,566.4881,0.0524,0.25,-0.1105,5.736,-0.3674,6.0927,0.1227,0.1424,0.0566,0.0245,5.9504,0.9857,0.0299,0.0074,-0.1659,5.1056,-23.6816,0.058
60_e1_corner_throttle_40hz_20260913,2708,300,12412838193924,297,297,True,12412841142169,301,14.423,14424,38520,0.25,0.1,False,0.25,0.1,299,0.25,0.0524,-0.0225,0.0535,0.9441,568.7755,569.1584,0.0524,0.25,-0.1025,5.7726,-0.3033,6.0927,0.1228,0.1425,0.0566,0.0245,5.974,0.9876,0.0298,0.0077,-0.1542,5.2499,-23.7304,0.058
60_e1_corner_throttle_40hz_20260913,2716,301,12412863538366,298,298,True,12412866126153,302,14.4480009,14449,38599,0.25,0.1,False,0.25,0.1,300,0.25,0.0524,-0.0225,0.0536,0.9441,571.4394,571.8255,0.0524,0.25,-0.1027,5.7678,-0.3102,6.0927,0.1228,0.1425,0.0566,0.0245,5.9977,0.9893,0.0298,0.0081,-0.1425,5.3953,-23.7758,0.058
60_e1_corner_throttle_40hz_20260913,2726,302,12412888695988,299,299,True,12412891282532,303,14.4730005,14474,38678,0.25,0.1,False,0.25,0.1,301,0.25,0.0524,-0.0227,0.0535,0.9442,574.0999,574.4958,0.0524,0.25,-0.1078,5.7421,-0.3411,6.0927,0.1228,0.1425,0.0566,0.0245,6.0213,0.9909,0.0297,0.0084,-0.1308,5.5418,-23.8177,0.058
60_e1_corner_throttle_40hz_20260913,2735,303,12412913660726,300,300,True,12412916123417,304,14.4980011,14499,38753,0.25,0.1,False,0.25,0.1,302,0.25,0.0524,-0.0226,0.0535,0.9441,576.7604,577.1662,0.0524,0.25,-0.1031,5.7654,-0.3119,6.0927,0.1228,0.1425,0.0567,0.0245,6.045,0.9924,0.0296,0.0088,-0.1191,5.6892,-23.8561,0.058
60_e1_corner_throttle_40hz_20260913,2743,304,12412938662654,301,301,True,12412941264437,305,14.5230007,14524,38827,0.25,0.1,False,0.25,0.1,303,0.25,0.0524,-0.0227,0.0535,0.9442,579.4242,579.8333,0.0524,0.25,-0.1048,5.7562,-0.3212,6.0927,0.1228,0.1425,0.0567,0.0245,6.0686,0.9937,0.0295,0.0091,-0.1074,5.8375,-23.891,0.058
60_e1_corner_throttle_40hz_20260913,2753,305,12412963753068,302,302,True,12412968434442,306,14.548,14549,38905,0.25,0.1,False,0.25,0.1,304,0.25,0.0524,-0.0228,0.0536,0.9441,582.0848,582.5037,0.0524,0.25,-0.1052,5.7566,-0.3271,6.0927,0.1228,0.1425,0.0567,0.0245,6.0923,0.9949,0.0294,0.0095,-0.0956,5.9866,-23.9224,0.058
60_e1_corner_throttle_40hz_20260913,2762,306,12412988146162,303,303,True,12412991156984,307,14.5730009,14574,38979,0.25,0.1,False,0.25,0.1,305,0.25,0.0524,-0.0229,0.0536,0.9442,584.7453,585.1707,0.0524,0.25,-0.1081,5.7394,-0.3468,6.0927,0.1228,0.1425,0.0567,0.0245,6.1159,0.996,0.0293,0.0098,-0.0838,6.1364,-23.9503,0.058
60_e1_corner_throttle_40hz_20260913,2771,307,12413013858696,304,304,True,12413018193498,308,14.5980005,14599,39052,0.25,0.1,False,0.25,0.1,306,0.25,0.0524,-0.0228,0.0535,0.9442,587.4091,587.8411,0.0524,0.25,-0.1044,5.7584,-0.3171,6.0928,0.1228,0.1425,0.0567,0.0245,6.1396,0.9969,0.0291,0.0102,-0.0721,6.2868,-23.9746,0.058
60_e1_corner_throttle_40hz_20260913,2780,308,12413038164926,305,305,True,12413041101118,309,14.6230011,14624,39118,0.25,0.1,False,0.25,0.1,307,0.25,0.0524,-0.0229,0.0536,0.9441,590.0696,590.5081,0.0524,0.25,-0.1064,5.7501,-0.332,6.0927,0.1228,0.1425,0.0567,0.0245,6.1632,0.9977,0.029,0.0105,-0.0603,6.4377,-23.9954,0.058
60_e1_corner_throttle_40hz_20260913,2789,309,12413063504249,306,306,True,12413066234573,310,14.6480007,14649,39193,0.25,0.1,False,0.25,0.1,308,0.25,0.0524,-0.023,0.0536,0.9441,592.7302,593.1785,0.0524,0.25,-0.1031,5.7693,-0.3149,6.0927,0.1228,0.1425,0.0567,0.0245,6.1869,0.9983,0.0289,0.0109,-0.0485,6.5891,-24.0126,0.058
60_e1_corner_throttle_40hz_20260913,2798,310,12413088108649,307,307,True,12413091214340,311,14.673,14674,39268,0.25,0.1,False,0.25,0.1,309,0.25,0.0524,-0.0231,0.0536,0.9441,595.394,595.8456,0.0524,0.25,-0.1071,5.7529,-0.34,6.0927,0.1228,0.1425,0.0567,0.0245,6.2105,0.9989,0.0288,0.0112,-0.0367,6.7408,-24.0262,0.058
60_e1_corner_throttle_40hz_20260913,2806,311,12413113761361,308,308,True,12413116157057,312,14.6980009,14699,39340,0.25,0.1,False,0.25,0.1,310,0.25,0.0524,-0.0232,0.0536,0.9441,598.0546,598.5159,0.0524,0.25,-0.1081,5.7471,-0.353,6.0927,0.1228,0.1425,0.0567,0.0245,6.2342,0.9992,0.0286,0.0115,-0.0248,6.8928,-24.0362,0.058
60_e1_corner_throttle_40hz_20260913,2816,312,12413138086757,309,309,True,12413141606016,313,14.7220011,14723,39407,0.25,0.1,False,0.25,0.1,311,0.25,0.0524,-0.0229,0.0536,0.9441,600.6104,601.0783,0.0524,0.25,-0.1026,5.7691,-0.3056,6.0927,0.1228,0.1425,0.0567,0.0245,6.2569,0.9994,0.0285,0.0119,-0.0135,7.039,-24.0424,0.058
60_e1_corner_throttle_40hz_20260913,2825,313,12413163877038,310,310,True,12413168772725,314,14.7490005,14750,39479,0.25,0.1,False,0.25,0.1,312,0.25,0.0524,-0.0233,0.0536,0.9441,603.4836,603.9614,0.0524,0.25,-0.1137,5.7205,-0.3866,6.0927,0.1228,0.1424,0.0567,0.0245,6.2824,0.9995,0.0284,0.0122,-0.0007,7.2035,-24.0454,0.058
60_e1_corner_throttle_40hz_20260913,2833,314,12413188049316,311,311,True,12413191270103,315,14.7730007,14774,39543,0.25,0.1,False,0.25,0.1,313,0.25,0.0524,-0.0231,0.0536,0.9441,606.0394,606.5237,0.0524,0.25,-0.1095,5.7339,-0.3531,6.0927,0.1228,0.1425,0.0567,0.0245,0.0219,0.9995,0.0282,0.0126,0.0106,7.3497,-24.0446,0.058
60_e1_corner_throttle_40hz_20260913,2842,315,12413213132186,312,312,True,12413216402306,316,14.798,14799,39610,0.25,0.1,False,0.25,0.1,314,0.25,0.0524,-0.0229,0.0536,0.9441,608.7032,609.1908,0.0524,0.25,-0.1023,5.7681,-0.3066,6.0928,0.1228,0.1425,0.0567,0.0245,0.0456,0.9993,0.0281,0.0129,0.0224,7.502,-24.0402,0.058
60_e1_corner_throttle_40hz_20260913,2852,316,12413238217992,313,313,True,12413241361925,317,14.8230009,14824,39681,0.25,0.1,False,0.25,0.1,315,0.25,0.0524,-0.0229,0.0536,0.9441,611.3637,611.8612,0.0524,0.25,-0.1005,5.7799,-0.2968,6.0927,0.1228,0.1425,0.0567,0.0245,0.0692,0.9989,0.0279,0.0132,0.0342,7.6541,-24.0322,0.058
60_e1_corner_throttle_40hz_20260913,2861,317,12413263128338,314,314,True,12413266174837,318,14.8480005,14849,39755,0.25,0.1,False,0.25,0.1,316,0.25,0.0524,-0.023,0.0536,0.9441,614.0243,614.5283,0.0524,0.25,-0.1006,5.7814,-0.2955,6.0927,0.1228,0.1425,0.0567,0.0245,0.0929,0.9985,0.0278,0.0135,0.046,7.8061,-24.0206,0.058
60_e1_corner_throttle_40hz_20260913,2870,318,12413288151516,315,315,True,12413291072029,319,14.8730011,14874,39817,0.25,0.1,False,0.25,0.1,317,0.25,0.0524,-0.0232,0.0536,0.9441,616.6881,617.1986,0.0524,0.25,-0.1072,5.7515,-0.3469,6.0927,0.1228,0.1425,0.0567,0.0245,0.1165,0.9978,0.0276,0.0139,0.0578,7.9576,-24.0054,0.058
60_e1_corner_throttle_40hz_20260913,2878,319,12413313677520,316,316,True,12413316086020,320,14.8980007,14899,39891,0.25,0.1,False,0.25,0.1,318,0.25,0.0524,-0.023,0.0536,0.9441,619.3486,619.8657,0.0524,0.25,-0.1045,5.7615,-0.3173,6.0927,0.1228,0.1425,0.0567,0.0245,0.1402,0.9971,0.0274,0.0142,0.0696,8.1088,-23.9866,0.058
60_e1_corner_throttle_40hz_20260913,2888,320,12413338684758,317,317,True,12413341112043,321,14.923,14924,39952,0.25,0.1,False,0.25,0.1,319,0.25,0.0524,-0.0229,0.0536,0.9441,622.0092,622.5361,0.0524,0.25,-0.1048,5.7539,-0.3171,6.0927,0.1228,0.1425,0.0567,0.0245,0.1638,0.9962,0.0273,0.0145,0.0814,8.2595,-23.9643,0.058
60_e1_corner_throttle_40hz_20260913,2896,321,12413362942868,318,318,True,12413365271156,322,14.9470005,14948,40026,0.25,0.1,False,0.25,0.1,320,0.25,0.0524,-0.0231,0.0536,0.9441,624.565,625.0984,0.0524,0.25,-0.1024,5.7694,-0.3108,6.0927,0.1228,0.1425,0.0567,0.0245,0.1865,0.9952,0.0271,0.0148,0.0927,8.4037,-23.9395,0.058
60_e1_corner_throttle_40hz_20260913,2906,322,12413388698002,319,319,True,12413392146908,323,14.9730005,14974,40110,0.25,0.1,False,0.25,0.1,321,0.25,0.0524,-0.0232,0.0536,0.9441,627.3336,627.8735,0.0524,0.25,-0.1074,5.7495,-0.3436,6.0927,0.1228,0.1425,0.0567,0.0245,0.2111,0.994,0.0269,0.0152,0.105,8.5591,-23.909,0.058
60_e1_corner_throttle_40hz_20260913,2915,323,12413413022006,320,320,True,12413416301713,324,14.9980011,14999,40179,0.25,0.1,False,0.25,0.1,322,0.25,0.0524,-0.0232,0.0536,0.9441,629.9941,630.5438,0.0524,0.25,-0.1075,5.7459,-0.3458,6.0927,0.1228,0.1425,0.0567,0.0245,0.2348,0.9927,0.0267,0.0155,0.1167,8.7079,-23.8761,0.058
60_e1_corner_throttle_40hz_20260913,2924,324,12413438846811,321,321,True,12413441256884,325,15.0230007,15024,40252,0.25,0.1,False,0.25,0.1,323,0.25,0.0524,-0.0231,0.0536,0.9441,632.6579,633.2109,0.0524,0.25,-0.1051,5.7549,-0.3263,6.0928,0.1228,0.1425,0.0567,0.0245,0.2584,0.9912,0.0265,0.0158,0.1284,8.8558,-23.8396,0.058
60_e1_corner_throttle_40hz_20260913,2933,325,12413462901849,322,322,True,12413466421448,326,15.048,15049,40329,0.25,0.1,False,0.25,0.1,324,0.25,0.0524,-0.0233,0.0536,0.9441,635.3184,635.8812,0.0524,0.25,-0.1067,5.7545,-0.338,6.0927,0.1228,0.1425,0.0567,0.0245,0.282,0.9896,0.0264,0.0161,0.1401,9.0028,-23.7996,0.058
60_e1_corner_throttle_40hz_20260913,2942,326,12413488385162,323,323,True,12413491438003,327,15.0730009,15074,40403,0.25,0.1,False,0.25,0.1,325,0.25,0.0524,-0.023,0.0536,0.9441,637.9789,638.5484,0.0524,0.25,-0.1006,5.7796,-0.2943,6.0927,0.1228,0.1425,0.0567,0.0245,0.3057,0.9879,0.0262,0.0164,0.1518,9.1488,-23.7562,0.058
60_e1_corner_throttle_40hz_20260913,2951,327,12413513168579,324,324,True,12413516175655,328,15.0980005,15099,40474,0.25,0.1,False,0.25,0.1,326,0.25,0.0524,-0.0231,0.0536,0.9441,640.6428,641.2187,0.0524,0.25,-0.1064,5.7515,-0.334,6.0927,0.1228,0.1425,0.0567,0.0245,0.3293,0.9861,0.026,0.0167,0.1635,9.2938,-23.7094,0.058
60_e1_corner_throttle_40hz_20260913,2960,328,12413538045392,325,325,True,12413541188984,329,15.1230011,15124,40552,0.25,0.1,False,0.25,0.1,327,0.25,0.0524,-0.0231,0.0537,0.9441,643.3033,643.8858,0.0524,0.25,-0.1021,5.7766,-0.3085,6.0927,0.1228,0.1425,0.0567,0.0245,0.353,0.9841,0.0258,0.017,0.1752,9.4376,-23.6591,0.058
60_e1_corner_throttle_40hz_20260913,2969,329,12413563345421,326,326,True,12413566297873,330,15.1480007,15149,40631,0.25,0.1,False,0.25,0.1,328,0.25,0.0524,-0.0232,0.0536,0.9441,645.9671,646.5561,0.0524,0.25,-0.1059,5.7546,-0.3338,6.0927,0.1228,0.1425,0.0567,0.0245,0.3766,0.9819,0.0256,0.0173,0.1868,9.5802,-23.6054,0.058
60_e1_corner_throttle_40hz_20260913,2978,330,12413587879550,327,327,True,12413590351318,331,15.1720009,15173,40704,0.25,0.1,False,0.25,0.1,329,0.25,0.0524,-0.023,0.0536,0.9441,648.5197,649.1185,0.0524,0.25,-0.1035,5.7616,-0.3117,6.0927,0.1228,0.1425,0.0567,0.0245,0.3993,0.9797,0.0254,0.0176,0.1979,9.7158,-23.5508,0.058
60_e1_corner_throttle_40hz_20260913,2986,331,12413613734762,328,328,True,12413616194849,332,15.1980009,15199,40763,0.25,0.1,False,0.25,0.1,330,0.25,0.0524,-0.023,0.0536,0.9441,651.2881,651.8936,0.0524,0.25,-0.1029,5.7673,-0.3077,6.0928,0.1228,0.1425,0.0567,0.0245,0.4239,0.9772,0.0252,0.0179,0.2099,9.8613,-23.4881,0.058
60_e1_corner_throttle_40hz_20260913,2996,332,12413637920025,329,329,True,12413640263041,333,15.2220011,15223,40838,0.25,0.1,False,0.25,0.1,331,0.25,0.0524,-0.0233,0.0537,0.9441,653.844,654.4559,0.0524,0.25,-0.1051,5.7608,-0.332,6.0927,0.1228,0.1425,0.0567,0.0245,0.4466,0.9748,0.0249,0.0182,0.221,9.9943,-23.4271,0.058
60_e1_corner_throttle_40hz_20260913,3005,333,12413663820393,330,330,True,12413666649944,334,15.2480011,15249,40917,0.25,0.1,False,0.25,0.1,332,0.25,0.0524,-0.0229,0.0536,0.9441,656.6125,657.231,0.0524,0.25,-0.1019,5.7668,-0.3011,6.0928,0.1228,0.1425,0.0567,0.0245,0.4712,0.972,0.0247,0.0185,0.233,10.1367,-23.3576,0.058
60_e1_corner_throttle_40hz_20260913,3013,334,12413688481690,331,331,True,12413691461915,335,15.2730007,15274,40975,0.25,0.1,False,0.25,0.1,333,0.25,0.0524,-0.0233,0.0536,0.9441,659.2731,659.9014,0.0524,0.25,-0.1065,5.7563,-0.3377,6.0927,0.1228,0.1425,0.0567,0.0245,0.4949,0.9692,0.0245,0.0188,0.2445,10.2719,-23.2875,0.058
60_e1_corner_throttle_40hz_20260913,3022,335,12413713625595,332,332,True,12413716412066,336,15.298,15299,41046,0.25,0.1,False,0.25,0.1,334,0.25,0.0524,-0.0234,0.0536,0.9441,661.9368,662.5684,0.0524,0.25,-0.1083,5.7501,-0.3531,6.0927,0.1228,0.1425,0.0567,0.0245,0.5185,0.9662,0.0243,0.0191,0.2559,10.4055,-23.2142,0.058
60_e1_corner_throttle_40hz_20260913,3032,336,12413738435252,333,333,True,12413741082480,337,15.3230009,15324,41123,0.25,0.1,False,0.25,0.1,335,0.25,0.0524,-0.023,0.0536,0.9441,664.5974,665.2388,0.0524,0.25,-0.101,5.7774,-0.2962,6.0928,0.1228,0.1425,0.0567,0.0245,0.5422,0.9631,0.024,0.0194,0.2673,10.5373,-23.1378,0.058
60_e1_corner_throttle_40hz_20260913,3040,337,12413763793651,334,334,True,12413768569843,338,15.3490009,15350,41201,0.25,0.1,False,0.25,0.1,336,0.25,0.0524,-0.0234,0.0536,0.9441,667.366,668.0139,0.0524,0.25,-0.1114,5.7305,-0.3726,6.0927,0.1228,0.1425,0.0567,0.0245,0.5668,0.9598,0.0238,0.0197,0.2791,10.6724,-23.055,0.058
60_e1_corner_throttle_40hz_20260913,3050,338,12413788243010,335,335,True,12413791446905,339,15.3730011,15374,41276,0.25,0.1,False,0.25,0.1,337,0.25,0.0524,-0.0232,0.0536,0.9441,669.9218,670.5762,0.0524,0.25,-0.1048,5.7647,-0.325,6.0927,0.1228,0.1425,0.0567,0.0245,0.5895,0.9565,0.0236,0.02,0.29,10.7953,-22.9757,0.058
60_e1_corner_throttle_40hz_20260913,3059,339,12413813631234,336,336,True,12413816276359,340,15.3980007,15399,41348,0.25,0.1,False,0.25,0.1,338,0.25,0.0524,-0.0232,0.0536,0.9441,672.5823,673.2433,0.0524,0.25,-0.1072,5.7514,-0.3402,6.0927,0.1228,0.1425,0.0567,0.0245,0.6131,0.953,0.0233,0.0202,0.3013,10.9213,-22.8901,0.058
60_e1_corner_throttle_40hz_20260913,3067,340,12413837934298,337,337,True,12413841166747,341,15.423,15424,41421,0.25,0.1,False,0.25,0.1,339,0.25,0.0524,-0.0231,0.0536,0.9441,675.2429,675.9137,0.0524,0.25,-0.1031,5.7669,-0.3129,6.0927,0.1228,0.1425,0.0567,0.0245,0.6368,0.9494,0.0231,0.0205,0.3126,11.0453,-22.8016,0.058
60_e1_corner_throttle_40hz_20260913,3077,341,12413863822593,338,338,True,12413866202369,342,15.4480009,15449,41496,0.25,0.1,False,0.25,0.1,340,0.25,0.0524,-0.0234,0.0536,0.9441,677.9066,678.584,0.0524,0.25,-0.111,5.7368,-0.3695,6.0927,0.1228,0.1425,0.0567,0.0245,0.6604,0.9456,0.0229,0.0208,0.3238,11.1672,-22.7102,0.058
60_e1_corner_throttle_40hz_20260913,3085,342,12413888642669,339,339,True,12413891278566,343,15.4730005,15474,41572,0.25,0.1,False,0.25,0.1,341,0.25,0.0524,-0.0233,0.0536,0.9441,680.5672,681.2511,0.0524,0.25,-0.1079,5.7472,-0.3494,6.0927,0.1228,0.1425,0.0567,0.0245,0.6841,0.9417,0.0226,0.021,0.3349,11.2868,-22.6159,0.058
60_e1_corner_throttle_40hz_20260913,3094,343,12413912987482,340,340,True,12413916296054,344,15.4980011,15499,41633,0.25,0.1,False,0.25,0.1,342,0.25,0.0524,-0.0231,0.0537,0.9441,683.2277,683.9215,0.0524,0.25,-0.1032,5.7663,-0.314,6.0928,0.1228,0.1425,0.0567,0.0245,0.7077,0.9377,0.0224,0.0213,0.346,11.4042,-22.5188,0.058
60_e1_corner_throttle_40hz_20260913,3103,344,12413938548211,341,341,True,12413941610149,345,15.5230007,15524,41699,0.25,0.1,False,0.25,0.1,343,0.25,0.0524,-0.0232,0.0537,0.9441,685.8915,686.5886,0.0524,0.25,-0.1054,5.7605,-0.3268,6.0927,0.1228,0.1425,0.0567,0.0245,0.7314,0.9336,0.0221,0.0216,0.3571,11.5193,-22.419,0.058
60_e1_corner_throttle_40hz_20260913,3112,345,12413963622595,342,342,True,12413966175326,346,15.548,15549,41759,0.25,0.1,False,0.25,0.1,344,0.25,0.0524,-0.0232,0.0536,0.9441,688.552,689.2589,0.0524,0.25,-0.1086,5.7428,-0.3465,6.0927,0.1228,0.1425,0.0567,0.0245,0.755,0.9293,0.0219,0.0218,0.3681,11.632,-22.3164,0.058
60_e1_corner_throttle_40hz_20260913,3122,346,12413988180037,343,343,True,12413991335852,347,15.5730009,15574,41821,0.25,0.1,False,0.25,0.1,345,0.25,0.0524,-0.0231,0.0536,0.9441,691.2159,691.926,0.0524,0.25,-0.1027,5.7682,-0.3121,6.0927,0.1228,0.1425,0.0567,0.0245,0.7787,0.9249,0.0216,0.0221,0.3791,11.7422,-22.2113,0.058
60_e1_corner_throttle_40hz_20260913,3131,347,12414013501266,344,344,True,12414016387063,348,15.5980005,15599,41887,0.25,0.1,False,0.25,0.1,346,0.25,0.0524,-0.0233,0.0537,0.9441,693.8763,694.5964,0.0524,0.25,-0.1091,5.7387,-0.3531,6.0927,0.1228,0.1425,0.0567,0.0245,0.8023,0.9203,0.0213,0.0223,0.39,11.8499,-22.1035,0.058
60_e1_corner_throttle_40hz_20260913,3139,348,12414038114373,345,345,True,12414041607883,349,15.6230011,15624,41953,0.25,0.1,False,0.25,0.1,347,0.25,0.0524,-0.0233,0.0537,0.9441,696.5369,697.2634,0.0524,0.25,-0.1077,5.7465,-0.347,6.0927,0.1228,0.1425,0.0567,0.0245,0.826,0.9156,0.0211,0.0226,0.4008,11.955,-21.9932,0.058
60_e1_corner_throttle_40hz_20260913,3148,349,12414063622173,346,346,True,12414066164774,350,15.6480007,15649,42018,0.25,0.1,False,0.25,0.1,348,0.25,0.0524,-0.0232,0.0536,0.9441,699.2007,699.9338,0.0524,0.25,-0.1026,5.7682,-0.3147,6.0927,0.1228,0.1425,0.0567,0.0245,0.8496,0.9108,0.0208,0.0228,0.4116,12.0575,-21.8805,0.058
60_e1_corner_throttle_40hz_20260913,3158,350,12414088856548,347,347,True,12414091178635,351,15.673,15674,42090,0.25,0.1,False,0.25,0.1,349,0.25,0.0524,-0.0231,0.0536,0.9441,701.8613,702.6041,0.0524,0.25,-0.1055,5.7532,-0.3285,6.0927,0.1228,0.1425,0.0567,0.0245,0.8733,0.9059,0.0205,0.0231,0.4224,12.1573,-21.7654,0.058
60_e1_corner_throttle_40hz_20260913,3167,351,12414113597115,348,348,True,12414116222502,352,15.6980009,15699,42163,0.25,0.1,False,0.25,0.1,350,0.25,0.0524,-0.0232,0.0536,0.9441,704.5218,705.2712,0.0524,0.25,-0.1041,5.7597,-0.3229,6.0927,0.1228,0.1425,0.0567,0.0245,0.8969,0.9008,0.0203,0.0233,0.4331,12.2543,-21.6479,0.058
60_e1_corner_throttle_40hz_20260913,3176,352,12414138669996,349,349,True,12414141223278,353,15.7230005,15724,42233,0.25,0.1,False,0.25,0.1,351,0.25,0.0524,-0.0231,0.0536,0.9441,707.1856,707.9415,0.0524,0.25,-0.1032,5.7633,-0.3114,6.0927,0.1228,0.1425,0.0567,0.0245,0.9206,0.8957,0.02,0.0236,0.4437,12.3486,-21.5282,0.058
60_e1_corner_throttle_40hz_20260913,3185,353,12414163074691,350,350,True,12414166790870,354,15.7480011,15749,42309,0.25,0.1,False,0.25,0.1,352,0.25,0.0524,-0.0232,0.0536,0.9441,709.8461,710.6086,0.0524,0.25,-0.106,5.7569,-0.3332,6.0927,0.1228,0.1425,0.0567,0.0245,0.9442,0.8903,0.0197,0.0238,0.4542,12.44,-21.4063,0.058
60_e1_corner_throttle_40hz_20260913,3193,354,12414188615252,351,351,True,12414191219680,355,15.7730007,15774,42376,0.25,0.1,False,0.25,0.1,353,0.25,0.0524,-0.0234,0.0536,0.9441,712.5067,713.279,0.0524,0.25,-0.111,5.7346,-0.3676,6.0927,0.1228,0.1425,0.0567,0.0245,0.9679,0.8849,0.0194,0.024,0.4647,12.5285,-21.2823,0.058
60_e1_corner_throttle_40hz_20260913,3202,355,12414212856129,352,352,True,12414215386117,356,15.7970009,15798,42443,0.25,0.1,False,0.25,0.1,354,0.25,0.0524,-0.0232,0.0536,0.9441,715.0625,715.8414,0.0524,0.25,-0.1059,5.7544,-0.333,6.0927,0.1228,0.1425,0.0567,0.0245,0.9906,0.8796,0.0191,0.0243,0.4747,12.6106,-21.1613,0.058
60_e1_corner_throttle_40hz_20260913,3211,356,12414238063364,353,353,True,12414241545943,357,15.8230009,15824,42508,0.25,0.1,False,0.25,0.1,355,0.25,0.0524,-0.0231,0.0536,0.9441,717.8311,718.6164,0.0524,0.25,-0.1021,5.7727,-0.3042,6.0927,0.1228,0.1425,0.0567,0.0245,1.0152,0.8737,0.0188,0.0245,0.4855,12.6965,-21.0282,0.058
60_e1_corner_throttle_40hz_20260913,3221,357,12414263133480,354,354,True,12414266254139,358,15.8480005,15849,42573,0.25,0.1,False,0.25,0.1,356,0.25,0.0524,-0.023,0.0536,0.9441,720.4916,721.2835,0.0524,0.25,-0.1033,5.7643,-0.3106,6.0928,0.1228,0.1425,0.0567,0.0245,1.0388,0.8679,0.0185,0.0247,0.4958,12.776,-20.8982,0.058
60_e1_corner_throttle_40hz_20260913,3230,358,12414288864930,355,355,True,12414291147172,359,15.8730011,15874,42644,0.25,0.1,False,0.25,0.1,357,0.25,0.0524,-0.023,0.0536,0.9441,723.1554,723.9539,0.0524,0.25,-0.1005,5.78,-0.2974,6.0927,0.1228,0.1425,0.0567,0.0245,1.0625,0.862,0.0183,0.0249,0.506,12.8523,-20.7664,0.058
60_e1_corner_throttle_40hz_20260913,3239,359,12414313748085,356,356,True,12414316113553,360,15.8980007,15899,42722,0.25,0.1,False,0.25,0.1,358,0.25,0.0524,-0.0232,0.0536,0.9441,725.8159,726.621,0.0524,0.25,-0.1056,5.7605,-0.3272,6.0927,0.1228,0.1425,0.0567,0.0245,1.0861,0.8559,0.018,0.0251,0.5162,12.9256,-20.6328,0.058
60_e1_corner_throttle_40hz_20260913,3248,360,12414338685402,357,357,True,12414341409935,361,15.923,15924,42796,0.25,0.1,False,0.25,0.1,359,0.25,0.0524,-0.0232,0.0537,0.9441,728.4797,729.2913,0.0524,0.25,-0.1062,5.7521,-0.3346,6.0927,0.1228,0.1425,0.0567,0.0245,1.1098,0.8497,0.0177,0.0253,0.5263,12.9956,-20.4975,0.058
60_e1_corner_throttle_40hz_20260913,3256,361,12414363239297,358,358,True,12414366161873,362,15.9480009,15949,42868,0.25,0.1,False,0.25,0.1,360,0.25,0.0524,-0.0233,0.0536,0.9441,731.1403,731.9617,0.0524,0.25,-0.1118,5.7275,-0.3715,6.0927,0.1228,0.1425,0.0567,0.0245,1.1334,0.8435,0.0174,0.0256,0.5363,13.0624,-20.3606,0.058
60_e1_corner_throttle_40hz_20260913,3266,362,12414388533495,359,359,True,12414391680122,363,15.9730005,15974,42940,0.25,0.1,False,0.25,0.1,361,0.25,0.0524,-0.0231,0.0536,0.9441,733.8008,734.6287,0.0524,0.25,-0.1034,5.7686,-0.3135,6.0927,0.1228,0.1425,0.0567,0.0245,1.1571,0.8371,0.0171,0.0258,0.5462,13.126,-20.2221,0.058
60_e1_corner_throttle_40hz_20260913,3275,363,12414413853672,360,360,True,12414416450655,364,15.996,15997,43001,0.25,0.1,False,0.25,0.1,362,0.25,0.0524,-0.0232,0.0537,0.9441,736.2519,737.0831,0.0524,0.25,-0.1059,5.7552,-0.336,6.0927,0.1228,0.1425,0.0567,0.0245,1.1788,0.8311,0.0168,0.0259,0.5553,13.1816,-20.0935,0.058
60_e1_corner_throttle_40hz_20260913,3284,364,12414437963242,361,361,True,12414440383263,365,16.0220013,16023,43064,0.25,0.1,False,0.25,0.1,363,0.25,0.0524,-0.0232,0.0536,0.9441,739.0172,739.8615,0.0524,0.25,-0.1077,5.7509,-0.3427,6.0927,0.1228,0.1425,0.0567,0.0245,1.2034,0.8242,0.0165,0.0261,0.5655,13.2411,-19.9466,0.058
60_e1_corner_throttle_40hz_20260913,3293,365,12414463591548,362,362,True,12414466247483,366,16.048,16049,43131,0.25,0.1,False,0.25,0.1,364,0.25,0.0524,-0.0232,0.0536,0.9441,741.7857,742.6365,0.0524,0.25,-0.1066,5.7529,-0.3389,6.0927,0.1228,0.1425,0.0567,0.0245,1.228,0.8172,0.0161,0.0263,0.5756,13.2969,-19.7983,0.058
60_e1_corner_throttle_40hz_20260913,3301,366,12414488438184,363,363,True,12414491594940,367,16.073,16074,43203,0.25,0.1,False,0.25,0.1,365,0.25,0.0524,-0.0233,0.0536,0.9441,744.4495,745.3036,0.0524,0.25,-0.1066,5.7543,-0.3399,6.0927,0.1228,0.1425,0.0567,0.0245,1.2517,0.8103,0.0158,0.0265,0.5852,13.3471,-19.6545,0.058
60_e1_corner_throttle_40hz_20260913,3311,367,12414513125741,364,364,True,12414515806312,368,16.097,16098,43253,0.25,0.1,False,0.25,0.1,366,0.25,0.0524,-0.0232,0.0536,0.9441,747.002,747.866,0.0524,0.25,-0.1062,5.7529,-0.3319,6.0927,0.1228,0.1425,0.0567,0.0245,1.2744,0.8036,0.0155,0.0267,0.5944,13.3921,-19.5153,0.058
60_e1_corner_throttle_40hz_20260913,3320,368,12414538079158,365,365,True,12414541257876,369,16.1230011,16124,43320,0.25,0.1,False,0.25,0.1,367,0.25,0.0524,-0.0232,0.0536,0.9441,749.7706,750.641,0.0524,0.25,-0.1071,5.7511,-0.3414,6.0927,0.1228,0.1425,0.0567,0.0245,1.299,0.7962,0.0152,0.0269,0.6042,13.4372,-19.3635,0.058
60_e1_corner_throttle_40hz_20260913,3329,369,12414562908051,366,366,True,12414565094022,370,16.1470013,16148,43394,0.25,0.1,False,0.25,0.1,368,0.25,0.0524,-0.0232,0.0536,0.9441,752.3264,753.2034,0.0524,0.25,-0.107,5.7512,-0.3354,6.0927,0.1228,0.1425,0.0567,0.0245,1.3217,0.7893,0.0149,0.0271,0.6132,13.4756,-19.2223,0.058
60_e1_corner_throttle_40hz_20260913,3338,370,12414588746051,367,367,True,12414591043131,371,16.173,16174,43479,0.25,0.1,False,0.25,0.1,369,0.25,0.0524,-0.0231,0.0536,0.9441,755.0949,755.9818,0.0524,0.25,-0.1035,5.765,-0.3163,6.0927,0.1228,0.1425,0.0567,0.0245,1.3463,0.7817,0.0145,0.0273,0.6229,13.5135,-19.0685,0.058
60_e1_corner_throttle_40hz_20260913,3347,371,12414612877843,368,368,True,12414615611834,372,16.197,16198,43553,0.25,0.1,False,0.25,0.1,370,0.25,0.0524,-0.0233,0.0536,0.9441,757.6507,758.5408,0.0524,0.25,-0.1082,5.7467,-0.3493,6.0927,0.1228,0.1425,0.0567,0.0245,1.369,0.7746,0.0142,0.0274,0.6317,13.5452,-18.9257,0.058
60_e1_corner_throttle_40hz_20260913,3356,372,12414637972135,369,369,True,12414641186169,373,16.2230015,16224,43632,0.25,0.1,False,0.25,0.1,371,0.25,0.0524,-0.0232,0.0537,0.9441,760.4193,761.3192,0.0524,0.25,-0.1039,5.7651,-0.319,6.0927,0.1228,0.1425,0.0567,0.0245,1.3936,0.7668,0.0139,0.0276,0.6412,13.5758,-18.7703,0.058
60_e1_corner_throttle_40hz_20260913,3365,373,12414663059443,370,370,True,12414665292192,374,16.2470016,16248,43705,0.25,0.1,False,0.25,0.1,372,0.25,0.0524,-0.0233,0.0536,0.9441,762.975,763.8816,0.0524,0.25,-0.1076,5.7511,-0.3449,6.0927,0.1228,0.1425,0.0567,0.0245,1.4163,0.7594,0.0136,0.0277,0.6498,13.6006,-18.6261,0.058
60_e1_corner_throttle_40hz_20260913,3374,374,12414688099463,371,371,True,12414691303609,375,16.273,16274,43787,0.25,0.1,False,0.25,0.1,373,0.25,0.0524,-0.0232,0.0536,0.9441,765.7403,766.6566,0.0524,0.25,-0.1034,5.7662,-0.3142,6.0927,0.1228,0.1425,0.0567,0.0245,1.4409,0.7514,0.0132,0.0279,0.6591,13.6239,-18.4694,0.058
60_e1_corner_throttle_40hz_20260913,3383,375,12414713863775,372,372,True,12414716420553,376,16.298,16299,43866,0.25,0.1,False,0.25,0.1,374,0.25,0.0524,-0.0232,0.0536,0.9441,768.4041,769.3237,0.0524,0.25,-0.1011,5.7783,-0.3033,6.0927,0.1228,0.1425,0.0567,0.0245,1.4645,0.7435,0.0129,0.0281,0.668,13.6426,-18.3182,0.058
60_e1_corner_throttle_40hz_20260913,3392,376,12414738134849,373,373,True,12414741307676,377,16.323,16324,43938,0.25,0.1,False,0.25,0.1,375,0.25,0.0524,-0.0234,0.0537,0.9441,771.0646,771.9941,0.0524,0.25,-0.1094,5.7423,-0.3568,6.0927,0.1228,0.1425,0.0567,0.0245,1.4881,0.7356,0.0126,0.0282,0.6767,13.6577,-18.1666,0.058
60_e1_corner_throttle_40hz_20260913,3401,377,12414763674428,374,374,True,12414766028906,378,16.3480015,16349,44020,0.25,0.1,False,0.25,0.1,376,0.25,0.0524,-0.0231,0.0537,0.9441,773.7285,774.6611,0.0524,0.25,-0.1058,5.7522,-0.3302,6.0927,0.1228,0.1425,0.0567,0.0245,1.5118,0.7275,0.0122,0.0284,0.6854,13.6692,-18.0147,0.058
60_e1_corner_throttle_40hz_20260913,3410,378,12414787991088,375,375,True,12414791329466,379,16.3730011,16374,44082,0.25,0.1,False,0.25,0.1,377,0.25,0.0524,-0.0231,0.0536,0.9441,776.389,777.3315,0.0524,0.25,-0.1033,5.7603,-0.3133,6.0928,0.1228,0.1425,0.0567,0.0245,1.5354,0.7194,0.0119,0.0285,0.6939,13.6772,-17.8626,0.058
60_e1_corner_throttle_40hz_20260913,3419,379,12414812962579,376,376,True,12414815199776,380,16.3970013,16398,44164,0.25,0.1,False,0.25,0.1,378,0.25,0.0524,-0.0231,0.0537,0.9441,778.9449,779.8939,0.0524,0.25,-0.1023,5.7711,-0.3051,6.0927,0.1228,0.1425,0.0567,0.0245,1.5581,0.7115,0.0116,0.0286,0.702,13.6814,-17.7164,0.058
60_e1_corner_throttle_40hz_20260913,3428,380,12414838854130,377,377,True,12414841130751,381,16.423,16424,44234,0.25,0.1,False,0.25,0.1,379,0.25,0.0524,-0.0231,0.0536,0.9441,781.7133,782.6689,0.0524,0.25,-0.1039,5.7664,-0.3194,6.0928,0.1228,0.1425,0.0567,0.0245,1.5827,0.7028,0.0112,0.0288,0.7107,13.6822,-17.5579,0.058
60_e1_corner_throttle_40hz_20260913,3437,381,12414863667343,378,378,True,12414866160782,382,16.448,16449,44305,0.25,0.1,False,0.25,0.1,380,0.25,0.0524,-0.023,0.0536,0.9441,784.3739,785.3392,0.0524,0.25,-0.1005,5.7723,-0.2954,6.0928,0.1228,0.1425,0.0567,0.0245,1.6064,0.6943,0.0109,0.0289,0.719,13.6793,-17.4056,0.058
60_e1_corner_throttle_40hz_20260913,3446,382,12414888388734,379,379,True,12414891361554,383,16.4730015,16474,44372,0.25,0.1,False,0.25,0.1,381,0.25,0.0524,-0.0231,0.0536,0.9441,787.0344,788.0064,0.0524,0.25,-0.1041,5.7577,-0.3157,6.0928,0.1228,0.1425,0.0567,0.0245,1.63,0.6858,0.0105,0.029,0.7271,13.6729,-17.2534,0.058
60_e1_corner_throttle_40hz_20260913,3455,383,12414913589456,380,380,True,12414916180128,384,16.4980011,16499,44447,0.25,0.1,False,0.25,0.1,382,0.25,0.0524,-0.0231,0.0536,0.9441,789.6982,790.6767,0.0524,0.25,-0.106,5.7583,-0.3315,6.0927,0.1228,0.1425,0.0567,0.0245,1.6537,0.6771,0.0102,0.0292,0.7352,13.6628,-17.1014,0.058
60_e1_corner_throttle_40hz_20260913,3464,384,12414937986987,381,381,True,12414941281623,385,16.523,16524,44527,0.25,0.1,False,0.25,0.1,383,0.25,0.0524,-0.0233,0.0536,0.9441,792.3588,793.3438,0.0524,0.25,-0.1058,5.7576,-0.3363,6.0927,0.1228,0.1425,0.0567,0.0245,1.6773,0.6684,0.0099,0.0293,0.7432,13.6491,-16.9497,0.058
60_e1_corner_throttle_40hz_20260913,3473,385,12414963095476,382,382,True,12414966296706,386,16.548,16549,44597,0.25,0.1,False,0.25,0.1,384,0.25,0.0524,-0.0233,0.0536,0.9441,795.0193,796.0141,0.0524,0.25,-0.1055,5.7589,-0.3345,6.0927,0.1228,0.1425,0.0567,0.0245,1.701,0.6596,0.0095,0.0294,0.751,13.6319,-16.7983,0.058
60_e1_corner_throttle_40hz_20260913,3481,386,12414988366230,383,383,True,12414991419972,387,16.573,16574,44665,0.25,0.1,False,0.25,0.1,385,0.25,0.0524,-0.0231,0.0536,0.9441,797.6832,798.6813,0.0524,0.25,-0.1064,5.7431,-0.3313,6.0928,0.1228,0.1425,0.0567,0.0245,1.7246,0.6506,0.0092,0.0295,0.7588,13.6111,-16.6474,0.058
60_e1_corner_throttle_40hz_20260913,3490,387,12415013470841,384,384,True,12415016275495,388,16.5980015,16599,44721,0.25,0.1,False,0.25,0.1,386,0.25,0.0524,-0.0232,0.0536,0.9441,800.3437,801.3516,0.0524,0.25,-0.1074,5.7475,-0.3411,6.0928,0.1228,0.1425,0.0567,0.0245,1.7483,0.6416,0.0088,0.0296,0.7664,13.5867,-16.497,0.058
60_e1_corner_throttle_40hz_20260913,3500,388,12415038761272,385,385,True,12415041891158,389,16.6230011,16624,44779,0.25,0.1,False,0.25,0.1,387,0.25,0.0524,-0.0232,0.0536,0.9441,803.0042,804.0187,0.0524,0.25,-0.1062,5.7585,-0.3336,6.0927,0.1228,0.1425,0.0567,0.0245,1.7719,0.6325,0.0085,0.0297,0.7739,13.5588,-16.3473,0.058
60_e1_corner_throttle_40hz_20260913,3509,389,12415063221681,386,386,True,12415066686577,390,16.648,16649,44837,0.25,0.1,False,0.25,0.1,388,0.25,0.0524,-0.023,0.0536,0.9441,805.668,806.689,0.0524,0.25,-0.101,5.7761,-0.2948,6.0928,0.1228,0.1425,0.0567,0.0245,1.7956,0.6233,0.0081,0.0298,0.7814,13.5273,-16.1982,0.058
60_e1_corner_throttle_40hz_20260913,3517,390,12415088063839,387,387,True,12415091427835,391,16.673,16674,44896,0.25,0.1,False,0.25,0.1,389,0.25,0.0524,-0.0232,0.0536,0.9441,808.3318,809.3561,0.0524,0.25,-0.107,5.7514,-0.341,6.0927,0.1228,0.1425,0.0567,0.0245,1.8192,0.614,0.0078,0.0299,0.7887,13.4923,-16.0499,0.058
60_e1_corner_throttle_40hz_20260913,3527,391,12415113047884,388,388,True,12415116491209,392,16.698,16699,44956,0.25,0.1,False,0.25,0.1,390,0.25,0.0524,-0.0234,0.0537,0.9441,810.9923,812.0232,0.0524,0.25,-0.1091,5.742,-0.3578,6.0927,0.1228,0.1425,0.0567,0.0245,1.8429,0.6047,0.0074,0.03,0.7959,13.4538,-15.9025,0.058
60_e1_corner_throttle_40hz_20260913,3536,392,12415138124352,389,389,True,12415141347634,393,16.7230015,16724,45016,0.25,0.1,False,0.25,0.1,391,0.25,0.0524,-0.0231,0.0536,0.9441,813.6562,814.6902,0.0524,0.25,-0.1041,5.7589,-0.3158,6.0928,0.1228,0.1426,0.0567,0.0245,1.8665,0.5952,0.007,0.0301,0.803,13.4119,-15.7561,0.058
60_e1_corner_throttle_40hz_20260913,3545,393,12415162914021,390,390,True,12415165923020,394,16.7470016,16748,45074,0.25,0.1,False,0.25,0.1,392,0.25,0.0524,-0.0231,0.0536,0.9441,816.212,817.2526,0.0524,0.25,-0.105,5.7564,-0.3235,6.0928,0.1228,0.1425,0.0567,0.0245,1.8892,0.5861,0.0067,0.0302,0.8097,13.3683,-15.6164,0.058
60_e1_corner_throttle_40hz_20260913,3554,394,12415188531276,391,391,True,12415191235492,395,16.773,16774,45142,0.25,0.1,False,0.25,0.1,393,0.25,0.0524,-0.0231,0.0536,0.9441,818.9838,820.0276,0.0524,0.25,-0.1029,5.7645,-0.3105,6.0928,0.1228,0.1425,0.0567,0.0245,1.9138,0.5761,0.0063,0.0302,0.8168,13.3176,-15.4663,0.058
60_e1_corner_throttle_40hz_20260913,3563,395,12415213854348,392,392,True,12415216141510,396,16.798,16799,45210,0.25,0.1,False,0.25,0.1,394,0.25,0.0524,-0.0233,0.0536,0.9441,821.6443,822.6948,0.0524,0.25,-0.1072,5.7475,-0.3403,6.0928,0.1228,0.1425,0.0567,0.0245,1.9374,0.5664,0.006,0.0303,0.8236,13.2654,-15.3232,0.058
60_e1_corner_throttle_40hz_20260913,3571,396,12415238449251,393,393,True,12415241322214,397,16.823,16824,45272,0.25,0.1,False,0.25,0.1,395,0.25,0.0524,-0.0232,0.0536,0.9441,824.3082,825.3619,0.0524,0.25,-0.1054,5.7599,-0.3332,6.0927,0.1228,0.1425,0.0567,0.0245,1.9611,0.5566,0.0056,0.0304,0.8302,13.2098,-15.1814,0.058
60_e1_corner_throttle_40hz_20260913,3581,397,12415263171052,394,394,True,12415267138333,398,16.8480015,16849,45333,0.25,0.1,False,0.25,0.1,396,0.25,0.0524,-0.0232,0.0536,0.9441,826.9719,828.029,0.0524,0.25,-0.1071,5.749,-0.3407,6.0928,0.1228,0.1425,0.0567,0.0245,1.9847,0.5467,0.0053,0.0304,0.8367,13.1509,-15.0409,0.058
60_e1_corner_throttle_40hz_20260913,3590,398,12415288238875,395,395,True,12415291381675,399,16.8730011,16874,45399,0.25,0.1,False,0.25,0.1,397,0.25,0.0524,-0.0232,0.0536,0.9441,829.6325,830.696,0.0524,0.25,-0.1053,5.7531,-0.3285,6.0927,0.1228,0.1425,0.0567,0.0245,2.0084,0.5368,0.0049,0.0305,0.8431,13.0886,-14.9018,0.058
60_e1_corner_throttle_40hz_20260913,3599,399,12415313566074,396,396,True,12415316220857,400,16.898,16899,45462,0.25,0.1,False,0.25,0.1,398,0.25,0.0524,-0.023,0.0536,0.9441,832.2963,833.3664,0.0524,0.25,-0.1035,5.7613,-0.3147,6.0928,0.1228,0.1425,0.0567,0.0245,2.032,0.5268,0.0045,0.0306,0.8494,13.0231,-14.7643,0.058
60_e1_corner_throttle_40hz_20260913,3608,400,12415338816440,397,397,True,12415341187659,401,16.923,16924,45525,0.25,0.1,False,0.25,0.1,399,0.25,0.0524,-0.023,0.0536,0.9441,834.9601,836.0334,0.0524,0.25,-0.0995,5.7804,-0.2891,6.0928,0.1228,0.1425,0.0567,0.0245,2.0557,0.5167,0.0042,0.0306,0.8556,12.9544,-14.6284,0.058
60_e1_corner_throttle_40hz_20260913,3617,401,12415363632478,398,398,True,12415366265270,402,16.948,16949,45599,0.25,0.1,False,0.25,0.1,400,0.25,0.0524,-0.0232,0.0536,0.9441,837.6239,838.7005,0.0524,0.25,-0.1097,5.7378,-0.3539,6.0927,0.1228,0.1425,0.0567,0.0245,2.0793,0.5066,0.0038,0.0307,0.8616,12.8825,-14.4941,0.058
60_e1_corner_throttle_40hz_20260913,3626,402,12415388086366,399,399,True,12415391536584,403,16.9730015,16974,45662,0.25,0.1,False,0.25,0.1,401,0.25,0.0524,-0.0233,0.0536,0.9441,840.2844,841.3676,0.0524,0.25,-0.1063,5.7553,-0.3351,6.0928,0.1228,0.1425,0.0567,0.0245,2.103,0.4963,0.0034,0.0307,0.8676,12.8074,-14.3615,0.058
60_e1_corner_throttle_40hz_20260913,3635,403,12415413334768,400,400,True,12415416297750,404,16.9980011,16999,45726,0.25,0.1,False,0.25,0.1,402,0.25,0.0524,-0.0231,0.0536,0.9441,842.9482,844.0347,0.0524,0.25,-0.106,5.7541,-0.3335,6.0927,0.1228,0.1425,0.0567,0.0245,2.1266,0.4861,0.0031,0.0307,0.8734,12.7292,-14.2308,0.058
60_e1_corner_throttle_40hz_20260913,3644,404,12415438504071,401,401,True,12415441561360,405,17.023,17024,45801,0.25,0.1,False,0.25,0.1,403,0.25,0.0524,-0.023,0.0536,0.9441,845.6121,846.7018,0.0524,0.25,-0.1021,5.7708,-0.3032,6.0928,0.1228,0.1425,0.0567,0.0245,2.1503,0.4757,0.0027,0.0308,0.8791,12.6479,-14.1019,0.058
60_e1_corner_throttle_40hz_20260913,3652,405,12415463681469,402,402,True,12415466101229,406,17.048,17049,45869,0.25,0.1,False,0.25,0.1,404,0.25,0.0524,-0.0232,0.0536,0.9441,848.2758,849.3721,0.0524,0.25,-0.1051,5.7615,-0.3264,6.0928,0.1228,0.1425,0.0567,0.0245,2.1739,0.4653,0.0024,0.0308,0.8846,12.5636,-13.975,0.058
60_e1_corner_throttle_40hz_20260913,3662,406,12415488553262,403,403,True,12415491337198,407,17.073,17074,45940,0.5,0.1,False,0.5,0.1,405,0.25,0.0524,-0.0232,0.0536,0.9441,850.9364,852.0392,0.0524,0.25,-0.1064,5.7508,-0.3376,6.0927,0.1228,0.1425,0.0567,0.0245,2.1976,0.4548,0.002,0.0308,0.8901,12.4763,-13.8502,0.058
60_e1_corner_throttle_40hz_20260913,3671,407,12415513120693,404,404,True,12415516183203,408,17.0980015,17099,46014,0.5,0.1,False,0.5,0.1,406,0.5,0.0524,-0.0085,-0.0212,0.9846,856.0775,857.1639,0.0524,0.5,3.5718,6.0769,-0.3009,6.1779,0.1224,0.1358,0.0569,0.0232,2.2219,0.4439,0.0023,0.0306,0.8956,12.3855,-13.7265,0.0578
60_e1_corner_throttle_40hz_20260913,3680,408,12415538835502,405,405,True,12415541268357,409,17.1230011,17124,46082,0.5,0.1,False,0.5,0.1,407,0.5,0.0524,0.0002,-0.0167,0.9961,861.4018,862.4687,0.0524,0.5,3.5815,6.2907,-0.223,6.2701,0.1229,0.1257,0.0574,0.0213,2.2466,0.4328,0.0028,0.0305,0.901,12.2903,-13.6033,0.0575
60_e1_corner_throttle_40hz_20260913,3689,409,12415562988584,406,406,True,12415566231532,410,17.148,17149,46160,0.5,0.1,False,0.5,0.1,408,0.5,0.0524,0.0069,-0.007,1.01,866.7294,867.7766,0.0524,0.5,3.5102,6.4036,-0.3503,6.3617,0.1233,0.1165,0.058,0.0195,2.2716,0.4214,0.0034,0.0304,0.9063,12.1907,-13.4807,0.0572
60_e1_corner_throttle_40hz_20260913,3697,410,12415588466838,407,407,True,12415591074692,411,17.173,17174,46243,0.5,0.1,False,0.5,0.1,409,0.5,0.0524,0.0141,0.0019,1.0239,872.0538,873.0813,0.0524,0.5,3.5083,6.6286,-0.3074,6.4527,0.1238,0.1083,0.0587,0.018,2.297,0.4099,0.0038,0.0305,0.9116,12.0865,-13.359,0.0569
60_e1_corner_throttle_40hz_20260913,3707,411,12415613431326,408,408,True,12415616058606,412,17.198,17199,46321,0.5,0.1,False,0.5,0.1,410,0.5,0.0524,0.0202,0.0102,1.0378,877.3781,878.3893,0.0524,0.5,3.4722,6.796,-0.3485,6.5429,0.1242,0.1008,0.0596,0.0166,2.3228,0.3981,0.0042,0.0306,0.9168,11.9778,-13.2382,0.0567
60_e1_corner_throttle_40hz_20260913,3715,412,12415638608924,409,409,True,12415642921174,413,17.2230015,17224,46394,0.5,0.1,False,0.5,0.1,411,0.5,0.0524,0.0257,0.0179,1.0516,882.7057,883.6973,0.0524,0.5,3.4398,6.979,-0.3821,6.6325,0.1246,0.0941,0.0606,0.0154,2.3489,0.3861,0.0046,0.0309,0.9219,11.8644,-13.1187,0.0565
60_e1_corner_throttle_40hz_20260913,3725,413,12415663798195,410,410,True,12415666051342,414,17.2480011,17249,46462,0.5,0.1,False,0.5,0.1,412,0.5,0.0524,0.031,0.025,1.0653,888.0301,889.002,0.0524,0.5,3.424,7.1757,-0.378,6.7214,0.125,0.0881,0.0617,0.0143,2.3753,0.3738,0.0049,0.0313,0.927,11.7464,-13.0006,0.0563
60_e1_corner_throttle_40hz_20260913,3734,414,12415688542859,411,411,True,12415691167244,415,17.273,17274,46539,0.5,0.1,False,0.5,0.1,413,0.5,0.0524,0.0358,0.0317,1.0788,893.3577,894.3067,0.0524,0.5,3.3953,7.3589,-0.4047,6.8097,0.1254,0.0827,0.0629,0.0134,2.4021,0.3614,0.0051,0.0317,0.9319,11.6236,-12.8841,0.0561
60_e1_corner_throttle_40hz_20260913,3743,415,12415713876621,412,412,True,12415718408113,416,17.2990017,17300,46622,0.5,0.1,False,0.5,0.1,414,0.5,0.0524,0.0402,0.0382,1.0928,898.8948,899.8242,0.0524,0.5,3.3677,7.5589,-0.4277,6.9009,0.1258,0.0777,0.0643,0.0125,2.4304,0.3482,0.0053,0.0323,0.9369,11.491,-12.765,0.056
60_e1_corner_throttle_40hz_20260913,3752,416,12415738353672,413,413,True,12415741218670,417,17.323,17324,46697,0.5,0.1,False,0.5,0.1,415,0.5,0.0524,0.0439,0.0439,1.1056,904.0097,904.9161,0.0524,0.5,3.3433,7.7441,-0.4497,6.9843,0.1261,0.0735,0.0656,0.0118,2.4568,0.3358,0.0055,0.0329,0.9414,11.364,-12.657,0.0559
60_e1_corner_throttle_40hz_20260913,3761,417,12415762995213,414,414,True,12415765255333,418,17.347,17348,46776,0.5,0.1,False,0.5,0.1,416,0.5,0.0524,0.0472,0.0493,1.1184,909.1279,910.0081,0.0524,0.5,3.3069,7.9014,-0.5003,7.0672,0.1263,0.0696,0.067,0.0111,2.4835,0.3231,0.0056,0.0335,0.9457,11.2327,-12.5512,0.0558
60_e1_corner_throttle_40hz_20260913,3769,418,12415788595175,415,415,True,12415791285124,419,17.3730011,17374,46861,0.5,0.1,False,0.5,0.1,417,0.5,0.0524,0.0509,0.0548,1.1321,914.6682,915.5223,0.0524,0.5,3.289,8.1133,-0.5054,7.1564,0.1266,0.066,0.0686,0.0105,2.5128,0.3092,0.0056,0.0342,0.9504,11.0855,-12.4392,0.0556
60_e1_corner_throttle_40hz_20260913,3779,419,12415813691191,416,416,True,12415816080694,420,17.398,17399,46941,0.5,0.1,False,0.5,0.1,418,0.5,0.0524,0.0537,0.06,1.1451,919.9958,920.827,0.0524,0.5,3.2672,8.3256,-0.5224,7.2415,0.1268,0.0627,0.0702,0.0099,2.5413,0.2957,0.0056,0.035,0.9546,10.9392,-12.3344,0.0556
60_e1_corner_throttle_40hz_20260913,3788,420,12415838573995,417,417,True,12415841156271,421,17.423,17424,47022,0.5,0.1,False,0.5,0.1,419,0.5,0.0524,0.0563,0.065,1.158,925.3234,926.1317,0.0524,0.5,3.2189,8.4624,-0.6027,7.326,0.127,0.0598,0.0718,0.0095,2.5701,0.2818,0.0056,0.0358,0.9588,10.7882,-12.2326,0.0555
60_e1_corner_throttle_40hz_20260913,3797,421,12415863734130,418,418,True,12415867927566,422,17.447,17448,47097,0.5,0.1,False,0.5,0.1,420,0.5,0.0524,0.0592,0.0696,1.1702,930.4384,931.2237,0.0524,0.5,3.2138,8.6935,-0.5767,7.4065,0.1271,0.0573,0.0735,0.009,2.5981,0.2684,0.0055,0.0366,0.9626,10.6388,-12.138,0.0554
60_e1_corner_throttle_40hz_20260913,3806,422,12415888715811,419,419,True,12415891042376,423,17.4730015,17474,47169,0.5,0.1,False,0.5,0.1,421,0.5,0.0524,0.0616,0.0746,1.1836,935.9819,936.7379,0.0524,0.5,3.1683,8.8706,-0.6212,7.4928,0.127,0.0548,0.0753,0.0086,2.6288,0.2536,0.0054,0.0375,0.9666,10.4722,-12.0391,0.0553
60_e1_corner_throttle_40hz_20260913,3815,423,12415913387618,420,420,True,12415916470395,424,17.4980011,17499,47244,0.5,0.1,False,0.5,0.1,422,0.5,0.0524,0.0623,0.0802,1.1952,941.3096,942.0393,0.0524,0.5,3.0566,8.9804,-0.6958,7.5744,0.1265,0.0528,0.0771,0.0083,2.6586,0.2391,0.0052,0.0384,0.9702,10.3074,-11.9479,0.0553
60_e1_corner_throttle_40hz_20260913,3823,424,12415938825997,421,421,True,12415941204730,425,17.523,17524,47317,0.5,0.1,False,0.5,0.1,423,0.5,0.0524,0.0622,0.087,1.2054,946.6404,947.3408,0.0524,0.5,2.9197,9.1707,-0.6732,7.6526,0.125,0.0514,0.0789,0.0081,2.6887,0.2245,0.0049,0.0394,0.9737,10.1382,-11.8607,0.0552
60_e1_corner_throttle_40hz_20260913,3833,425,12415963847171,422,422,True,12415966490793,426,17.548,17549,47389,0.5,0.1,False,0.5,0.1,424,0.5,0.0524,0.0622,0.0938,1.2154,951.9714,952.6454,0.0524,0.5,2.7564,9.3037,-0.7131,7.7268,0.1229,0.0508,0.0807,0.0079,2.719,0.2097,0.0046,0.0403,0.9769,9.9648,-11.7778,0.0552
60_e1_corner_throttle_40hz_20260913,3841,426,12415988161256,423,423,True,12415991203236,427,17.573,17574,47462,0.5,0.1,False,0.5,0.1,425,0.5,0.0524,0.0614,0.1003,1.2247,957.3055,957.9502,0.0524,0.5,2.5881,9.4175,-0.7674,7.7969,0.1203,0.0509,0.0825,0.0078,2.7496,0.1947,0.0042,0.0412,0.98,9.7873,-11.6994,0.0552
60_e1_corner_throttle_40hz_20260913,3850,427,12416013745068,424,424,True,12416016258926,428,17.5980015,17599,47523,0.5,0.1,False,0.5,0.1,426,0.5,0.0524,0.0603,0.1062,1.2333,962.6364,963.2581,0.0524,0.5,2.4402,9.5425,-0.7935,7.8631,0.1171,0.0516,0.0843,0.0078,2.7805,0.1796,0.0037,0.0421,0.9828,9.6059,-11.6257,0.0551
60_e1_corner_throttle_40hz_20260913,3860,428,12416038665433,425,425,True,12416041151558,429,17.6230011,17624,47602,0.5,0.1,False,0.5,0.1,427,0.5,0.0524,0.0582,0.1114,1.241,967.9705,968.5629,0.0524,0.5,2.3086,9.6543,-0.8139,7.9256,0.113,0.0529,0.086,0.0079,2.8115,0.1643,0.0032,0.0431,0.9855,9.4209,-11.557,0.0552
60_e1_corner_throttle_40hz_20260913,3869,429,12416063604814,426,426,True,12416066045754,430,17.648,17649,47675,0.5,0.1,False,0.5,0.1,428,0.5,0.0524,0.0555,0.1156,1.2474,973.3047,973.8741,0.0524,0.5,2.2044,9.7299,-0.8393,7.9851,0.1081,0.0547,0.0877,0.0081,2.8427,0.1489,0.0025,0.0439,0.9879,9.2324,-11.4936,0.0552
60_e1_corner_throttle_40hz_20260913,3878,430,12416088498188,427,427,True,12416091215277,431,17.673,17674,47744,0.5,0.1,False,0.5,0.1,429,0.5,0.0524,0.0511,0.1185,1.2522,978.6389,979.1821,0.0524,0.5,2.1621,9.7976,-0.8234,8.0424,0.1017,0.0569,0.0893,0.0082,2.8741,0.1334,0.0019,0.0448,0.9901,9.0406,-11.4354,0.0552
60_e1_corner_throttle_40hz_20260913,3887,431,12416112915737,428,428,True,12416116221604,432,17.698,17699,47813,0.5,0.1,False,0.5,0.1,430,0.5,0.0524,0.0444,0.1202,1.2564,983.9763,984.4901,0.0524,0.5,2.1315,9.7632,-0.8769,8.0986,0.0929,0.0593,0.0907,0.0084,2.9056,0.1178,0.0012,0.0455,0.992,8.8459,-11.3828,0.0552
60_e1_corner_throttle_40hz_20260913,3896,432,12416138657857,429,429,True,12416141101683,433,17.7230015,17724,47887,0.5,0.1,False,0.5,0.1,431,0.5,0.0524,0.0389,0.1214,1.2606,989.3105,989.8014,0.0524,0.5,2.1147,9.7513,-0.9017,8.1542,0.0816,0.0619,0.092,0.0085,2.9372,0.1021,0.0005,0.0462,0.9937,8.6482,-11.3358,0.0552
60_e1_corner_throttle_40hz_20260913,3905,433,12416163609450,430,430,True,12416166305811,434,17.7480011,17749,47959,0.5,0.1,False,0.5,0.1,432,0.5,0.0524,0.034,0.1225,1.2647,994.6446,995.1093,0.0524,0.5,2.1251,9.7972,-0.8615,8.2092,0.0676,0.0646,0.0932,0.0086,2.969,0.0863,-0.0003,0.0468,0.9952,8.4479,-11.2944,0.0552
60_e1_corner_throttle_40hz_20260913,3914,434,12416187911693,431,431,True,12416190035717,435,17.7720013,17773,48035,0.5,0.1,False,0.5,0.1,433,0.5,0.0524,0.0292,0.1234,1.2685,999.7693,1000.205,0.0524,0.5,2.11,9.7623,-0.9022,8.2613,0.0516,0.0672,0.0942,0.0087,2.9995,0.0711,-0.001,0.0473,0.9963,8.2533,-11.2602,0.0552
60_e1_corner_throttle_40hz_20260913,3923,435,12416213149925,432,432,True,12416216196695,436,17.798,17799,48102,0.5,0.1,False,0.5,0.1,434,0.5,0.0524,0.0241,0.1242,1.2724,1005.316,1005.729,0.0524,0.5,2.1093,9.7439,-0.9192,8.3172,0.0316,0.0703,0.0952,0.0088,3.0327,0.0546,-0.0018,0.0478,0.9974,8.04,-11.2291,0.0553
60_e1_corner_throttle_40hz_20260913,3931,436,12416238468619,433,433,True,12416241059672,437,17.823,17824,48165,0.5,0.1,False,0.5,0.1,435,0.5,0.0524,0.0192,0.1248,1.2761,1010.654,1011.036,0.0524,0.5,2.1219,9.7356,-0.9173,8.3704,0.0094,0.0734,0.096,0.0089,3.0647,0.0386,-0.0026,0.0481,0.9981,7.8327,-11.2053,0.0553
60_e1_corner_throttle_40hz_20260913,3940,437,12416263921215,434,434,True,12416268335687,438,17.849,17850,48241,0.5,0.1,False,0.5,0.1,436,0.5,0.0524,0.0145,0.1251,1.2796,1016.201,1016.557,0.0524,0.5,2.1381,9.6969,-0.9366,8.4253,-0.0168,0.0767,0.0968,0.0089,3.0981,0.0219,-0.0034,0.0485,0.9986,7.6151,-11.1869,0.0553
60_e1_corner_throttle_40hz_20260913,3949,438,12416288137305,435,435,True,12416291328186,439,17.8730011,17874,48311,0.5,0.1,False,0.5,0.1,437,0.5,0.0524,0.0098,0.1252,1.2827,1021.322,1021.656,0.0524,0.5,2.1469,9.6115,-0.9953,8.4757,-0.0439,0.0799,0.0973,0.0089,3.129,0.0065,-0.0041,0.0487,0.9988,7.4125,-11.1756,0.0553
60_e1_corner_throttle_40hz_20260913,3959,439,12416313717541,436,436,True,12416316322309,440,17.898,17899,48384,0.5,0.1,False,0.5,0.1,438,0.5,0.0524,0.0058,0.1247,1.2857,1026.656,1026.96,0.0524,0.5,2.2132,9.6147,-0.9427,8.5284,-0.0754,0.0834,0.0978,0.0089,3.1613,-0.0096,-0.0049,0.0489,0.9987,7.2,-11.1698,0.0553
60_e1_corner_throttle_40hz_20260913,3968,440,12416338840647,437,437,True,12416341030134,441,17.923,17924,48455,0.5,0.1,False,0.5,0.1,439,0.5,0.0524,0.0006,0.124,1.2884,1031.987,1032.268,0.0524,0.5,2.2832,9.5703,-0.9209,8.5812,-0.1107,0.087,0.0982,0.0088,3.1936,-0.0257,-0.0057,0.0489,0.9985,6.986,-11.17,0.0552
60_e1_corner_throttle_40hz_20260913,3977,441,12416363408639,438,438,True,12416366051890,442,17.948,17949,48534,0.5,0.1,False,0.5,0.1,440,0.5,0.0524,-0.0046,0.1229,1.2908,1037.321,1037.576,0.0524,0.5,2.3704,9.4932,-0.9088,8.6347,-0.15,0.0905,0.0984,0.0087,3.226,-0.0419,-0.0064,0.049,0.9979,6.7707,-11.1764,0.0552
60_e1_corner_throttle_40hz_20260913,3986,442,12416388447617,439,439,True,12416391771097,443,17.9730015,17974,48600,0.5,0.1,False,0.5,0.1,441,0.5,0.0524,-0.0109,0.1212,1.2928,1042.655,1042.881,0.0524,0.5,2.4777,9.3867,-0.8971,8.6893,-0.1939,0.0941,0.0985,0.0086,3.2584,-0.0581,-0.0072,0.0489,0.9971,6.5544,-11.1888,0.0552
60_e1_corner_throttle_40hz_20260913,3994,443,12416413383571,440,440,True,12416416268546,444,17.9980011,17999,48662,0.5,0.1,False,0.5,0.1,442,0.5,0.0524,-0.0179,0.1188,1.2943,1047.986,1048.186,0.0524,0.5,2.6169,9.2533,-0.8738,8.7454,-0.2431,0.0978,0.0984,0.0084,3.2909,-0.0743,-0.0079,0.0487,0.996,6.337,-11.2072,0.0552
60_e1_corner_throttle_40hz_20260913,4004,444,12416438849872,441,441,True,12416441330488,445,18.023,18024,48729,0.5,0.1,False,0.5,0.1,443,0.5,0.0524,-0.0264,0.1158,1.295,1053.317,1053.491,0.0524,0.5,2.7636,9.0289,-0.8864,8.8035,-0.2984,0.1014,0.0982,0.0081,3.3234,-0.0905,-0.0085,0.0485,0.9947,6.1187,-11.2316,0.0551
60_e1_corner_throttle_40hz_20260913,4012,445,12416463147977,442,442,True,12416466656305,446,18.048,18049,48791,0.5,0.1,False,0.5,0.1,444,0.5,0.0524,-0.047,0.1133,1.2852,1058.645,1058.792,0.0524,0.5,2.8277,8.5481,-0.7936,8.8628,-0.3631,0.1053,0.0975,0.0078,3.3558,-0.1066,-0.0091,0.048,0.9931,5.8995,-11.2619,0.0551
60_e1_corner_throttle_40hz_20260913,4021,446,12416488631781,443,443,True,12416491958057,447,18.073,18074,48852,0.5,0.1,False,0.5,0.1,445,0.5,0.0524,-0.0779,0.1122,1.2699,1063.976,1064.094,0.0524,0.5,2.8107,7.8091,-0.7454,8.92,-0.4428,0.1106,0.0962,0.0075,3.3879,-0.1225,-0.0096,0.0473,0.9913,5.6796,-11.2979,0.055
60_e1_corner_throttle_40hz_20260913,4031,447,12416513936499,444,444,True,12416519099799,448,18.099,18100,48900,0.5,0.1,False,0.5,0.1,446,0.5,0.0524,-0.1099,0.1101,1.2536,1069.516,1069.611,0.0524,0.5,2.8118,7.0167,-0.6489,8.9767,-0.5439,0.1176,0.094,0.0073,3.4208,-0.1388,-0.0102,0.046,0.9892,5.4503,-11.3409,0.055
60_e1_corner_throttle_40hz_20260913,4040,448,12416538629606,445,445,True,12416541954900,449,18.1230011,18124,48948,0.5,0.1,False,0.5,0.1,447,0.5,0.0524,-0.1319,0.1075,1.2429,1074.628,1074.703,0.0524,0.5,2.8217,6.4133,-0.5382,9.026,-0.6533,0.1251,0.0913,0.0071,3.4508,-0.1537,-0.0105,0.0445,0.9871,5.238,-11.3852,0.055
60_e1_corner_throttle_40hz_20260913,4049,449,12416563796866,446,446,True,12416567105057,450,18.148,18149,48985,0.5,0.1,False,0.5,0.1,448,0.5,0.0524,-0.1376,0.1051,1.2435,1079.955,1080.011,0.0524,0.5,2.8082,6.1147,-0.5019,9.0735,-0.7795,0.1333,0.0881,0.007,3.482,-0.1691,-0.0109,0.0428,0.9846,5.0162,-11.4356,0.055
60_e1_corner_throttle_40hz_20260913,4057,450,12416588904993,447,447,True,12416594394186,451,18.1740017,18175,49026,0.5,0.1,False,0.5,0.1,449,0.5,0.0524,-0.1256,0.1028,1.2528,1085.492,1085.528,0.0524,0.5,2.7791,6.1171,-0.521,9.1181,-0.9163,0.1417,0.0849,0.0069,3.5146,-0.1851,-0.0112,0.041,0.9818,4.7851,-11.4927,0.055
60_e1_corner_throttle_40hz_20260913,4067,451,12416613175546,448,448,True,12416617840809,452,18.198,18199,49057,0.5,0.1,False,0.5,0.1,450,0.5,0.0524,-0.1138,0.1007,1.2616,1090.604,1090.624,0.0524,0.5,2.7644,6.1463,-0.5201,9.1548,-1.0449,0.1492,0.0822,0.0068,3.5448,-0.2,-0.0116,0.0396,0.9789,4.5713,-11.5493,0.055
60_e1_corner_throttle_40hz_20260913,4076,452,12416637997897,449,449,True,12416642509762,453,18.2230015,18224,49083,0.5,0.1,False,0.5,0.1,451,0.5,0.0524,-0.1026,0.0987,1.2709,1095.932,1095.928,0.0524,0.5,2.7627,6.1951,-0.4901,9.1884,-1.1811,0.1569,0.0797,0.0067,3.5766,-0.2155,-0.0119,0.0382,0.9757,4.3485,-11.6126,0.055
60_e1_corner_throttle_40hz_20260913,4085,453,12416663775093,450,450,True,12416666971654,454,18.2480011,18249,49117,0.5,0.1,False,0.5,0.1,452,0.5,0.0524,-0.0926,0.097,1.2803,1101.256,1101.236,0.0524,0.5,2.7585,6.2394,-0.4701,9.2171,-1.3195,0.1645,0.0775,0.0067,3.6086,-0.2311,-0.0122,0.0369,0.9722,4.1255,-11.6801,0.055
60_e1_corner_throttle_40hz_20260913,4094,454,12416688659029,451,451,True,12416691897469,455,18.273,18274,49148,0.5,0.1,False,0.5,0.1,453,0.5,0.0524,-0.0838,0.0955,1.2899,1106.583,1106.541,0.0524,0.5,2.7526,6.2781,-0.4615,9.2408,-1.4598,0.172,0.0755,0.0066,3.6408,-0.2467,-0.0125,0.0358,0.9683,3.9027,-11.7519,0.055
60_e1_corner_throttle_40hz_20260913,4101,455,12416713568984,452,452,True,12416716738495,456,18.298,18299,49184,0.5,0.1,False,0.5,0.1,454,0.5,0.0524,-0.0759,0.0941,1.2996,1111.908,1111.849,0.0524,0.5,2.757,6.326,-0.4379,9.2595,-1.6021,0.1795,0.0737,0.0066,3.6733,-0.2624,-0.0128,0.0347,0.9642,3.68,-11.8281,0.055
60_e1_corner_throttle_40hz_20260913,4112,456,12416738865737,453,453,True,12416741667516,457,18.323,18324,49234,0.5,0.1,False,0.5,0.1,455,0.5,0.0524,-0.0688,0.093,1.3097,1117.235,1117.157,0.0524,0.5,2.7629,6.3749,-0.4149,9.2732,-1.7462,0.187,0.0722,0.0065,3.706,-0.2782,-0.0132,0.0337,0.9599,3.4577,-11.9086,0.055
60_e1_corner_throttle_40hz_20260913,4121,457,12416763572570,454,454,True,12416766537135,458,18.3480015,18349,49295,0.5,0.1,False,0.5,0.1,456,0.5,0.0524,-0.0624,0.092,1.3199,1122.56,1122.462,0.0524,0.5,2.7503,6.4006,-0.4363,9.2816,-1.892,0.1945,0.0707,0.0065,3.7389,-0.294,-0.0135,0.0328,0.9552,3.236,-11.9935,0.055
60_e1_corner_throttle_40hz_20260913,4130,458,12416788257372,455,455,True,12416791605819,459,18.3730011,18374,49348,0.5,0.1,False,0.5,0.1,457,0.5,0.0524,-0.0567,0.0912,1.3304,1127.887,1127.77,0.0524,0.5,2.7569,6.4487,-0.4174,9.2847,-2.0393,0.2019,0.0695,0.0064,3.7721,-0.3098,-0.0138,0.032,0.9502,3.0149,-12.0826,0.055
60_e1_corner_throttle_40hz_20260913,4139,459,12416813844070,456,456,True,12416816657621,460,18.398,18399,49414,0.5,0.1,False,0.5,0.1,458,0.5,0.0524,-0.0518,0.0906,1.3408,1133.212,1133.074,0.0524,0.5,2.7491,6.4788,-0.4326,9.2823,-2.188,0.2094,0.0683,0.0064,3.8056,-0.3257,-0.0142,0.0312,0.9449,2.7946,-12.1762,0.055
60_e1_corner_throttle_40hz_20260913,4148,460,12416838816252,457,457,True,12416841243206,461,18.423,18424,49477,0.5,0.1,False,0.5,0.1,459,0.5,0.0524,-0.0473,0.0901,1.3513,1138.536,1138.382,0.0524,0.5,2.7454,6.5147,-0.4384,9.2743,-2.3379,0.2169,0.0673,0.0064,3.8394,-0.3415,-0.0145,0.0305,0.9393,2.5754,-12.274,0.055
60_e1_corner_throttle_40hz_20260913,4157,461,12416862887971,458,458,True,12416865262366,462,18.447,18448,49542,0.5,0.1,False,0.5,0.1,460,0.5,0.0524,-0.0432,0.0897,1.3612,1143.651,1143.478,0.0524,0.5,2.758,6.5691,-0.4088,9.2614,-2.4828,0.2242,0.0664,0.0063,3.872,-0.3568,-0.0148,0.0299,0.9336,2.366,-12.3721,0.055
60_e1_corner_throttle_40hz_20260913,4166,462,12416888806342,459,459,True,12416891194093,463,18.4730015,18474,49614,0.5,0.1,False,0.5,0.1,461,0.5,0.0524,-0.0397,0.0895,1.3717,1149.188,1148.995,0.0524,0.5,2.7416,6.5888,-0.4495,9.2413,-2.6406,0.2321,0.0656,0.0063,3.9076,-0.3734,-0.0152,0.0292,0.9271,2.1405,-12.4827,0.055
60_e1_corner_throttle_40hz_20260913,4174,463,12416913234451,460,460,True,12416916730526,464,18.4980011,18499,49686,0.5,0.1,False,0.5,0.1,462,0.5,0.0524,-0.0361,0.0892,1.3817,1154.516,1154.303,0.0524,0.5,2.773,6.6648,-0.3855,9.2161,-2.7927,0.2398,0.0648,0.0063,3.9421,-0.3893,-0.0155,0.0286,0.9205,1.9251,-12.5935,0.055
60_e1_corner_throttle_40hz_20260913,4182,464,12416937909725,461,461,True,12416940214449,465,18.5220013,18523,49757,0.5,0.1,False,0.5,0.1,463,0.5,0.0524,-0.0338,0.0891,1.3913,1159.627,1159.395,0.0524,0.5,2.7583,6.6757,-0.4363,9.1864,-2.9391,0.2471,0.0642,0.0063,3.9754,-0.4046,-0.0159,0.0281,0.9139,1.72,-12.7038,0.055
60_e1_corner_throttle_40hz_20260913,4192,465,12416963774526,462,462,True,12416966195679,466,18.548,18549,49833,0.5,0.1,False,0.5,0.1,464,0.5,0.0524,-0.0308,0.0889,1.4017,1165.168,1164.916,0.0524,0.5,2.7884,6.7454,-0.3877,9.1482,-3.0976,0.2551,0.0636,0.0063,4.0118,-0.4212,-0.0163,0.0275,0.9064,1.4996,-12.8277,0.055
60_e1_corner_throttle_40hz_20260913,4202,466,12416988126211,463,463,True,12416991430355,467,18.573,18574,49907,0.5,0.1,False,0.5,0.1,465,0.5,0.0524,-0.0286,0.0889,1.4116,1170.492,1170.22,0.0524,0.5,2.8015,6.788,-0.3846,9.1055,-3.25,0.2628,0.0631,0.0063,4.0471,-0.4371,-0.0166,0.027,0.8988,1.2896,-12.951,0.055
60_e1_corner_throttle_40hz_20260913,4211,467,12417013160100,464,464,True,12417016173637,468,18.5980015,18599,49985,0.5,0.1,False,0.5,0.1,466,0.5,0.0524,-0.0265,0.0889,1.4216,1175.82,1175.528,0.0524,0.5,2.8163,6.8326,-0.379,9.0569,-3.4019,0.2704,0.0626,0.0063,4.0826,-0.453,-0.017,0.0265,0.891,1.0818,-13.0785,0.055
60_e1_corner_throttle_40hz_20260913,4219,468,12417038549967,465,465,True,12417041254804,469,18.6230011,18624,50064,0.5,0.1,False,0.5,0.1,467,0.5,0.0524,-0.0248,0.089,1.4316,1181.144,1180.836,0.0524,0.5,2.8263,6.8671,-0.391,9.0024,-3.5532,0.278,0.0622,0.0063,4.1183,-0.4689,-0.0174,0.026,0.8827,0.8762,-13.2101,0.055
60_e1_corner_throttle_40hz_20260913,4228,469,12417063805462,466,466,True,12417066058219,470,18.648,18649,50139,0.5,0.1,False,0.5,0.1,468,0.5,0.0524,-0.0232,0.0891,1.4416,1186.468,1186.141,0.0524,0.5,2.842,6.9067,-0.394,8.9419,-3.7037,0.2855,0.0618,0.0063,4.1543,-0.4847,-0.0177,0.0255,0.8741,0.6731,-13.3456,0.055
60_e1_corner_throttle_40hz_20260913,4238,470,12417088632832,467,467,True,12417091145658,471,18.673,18674,50201,0.5,0.1,False,0.5,0.1,469,0.5,0.0524,-0.0218,0.0893,1.4515,1191.796,1191.449,0.0524,0.5,2.8434,6.9262,-0.4335,8.8757,-3.853,0.293,0.0615,0.0063,4.1905,-0.5004,-0.0181,0.025,0.8652,0.4726,-13.4851,0.055
60_e1_corner_throttle_40hz_20260913,4246,471,12417113784131,468,468,True,12417116188333,472,18.698,18699,50277,0.5,0.1,False,0.5,0.1,470,0.5,0.0524,-0.0204,0.0894,1.4615,1197.12,1196.754,0.0524,0.5,2.8753,6.9817,-0.4054,8.8034,-4.001,0.3004,0.0612,0.0063,4.227,-0.5161,-0.0185,0.0246,0.856,0.2748,-13.6285,0.055
60_e1_corner_throttle_40hz_20260913,4255,472,12417138091093,469,469,True,12417141230406,473,18.7230015,18724,50342,0.5,0.1,False,0.5,0.1,471,0.5,0.0524,-0.0196,0.0897,1.4714,1202.448,1202.062,0.0524,0.5,2.881,7.0015,-0.4427,8.7253,-4.1475,0.3077,0.0609,0.0063,4.2637,-0.5318,-0.0189,0.0241,0.8463,0.08,-13.7756,0.055
60_e1_corner_throttle_40hz_20260913,4265,473,12417162991690,470,470,True,12417167389911,474,18.7480011,18749,50414,0.5,0.1,False,0.5,0.1,472,0.5,0.0524,-0.0182,0.0899,1.4813,1207.772,1207.37,0.0524,0.5,2.9233,7.0667,-0.3972,8.6414,-4.2921,0.315,0.0607,0.0063,4.3007,-0.5473,-0.0192,0.0237,0.8364,-0.1119,-13.9265,0.055
60_e1_corner_throttle_40hz_20260913,4274,474,12417188527603,471,471,True,12417191345141,475,18.773,18774,50477,0.5,0.1,False,0.5,0.1,473,0.5,0.0524,-0.0173,0.0902,1.4913,1213.1,1212.674,0.0524,0.5,2.9444,7.1014,-0.4055,8.5516,-4.4347,0.3221,0.0605,0.0063,4.338,-0.5628,-0.0196,0.0232,0.826,-0.3005,-14.0809,0.055
60_e1_corner_throttle_40hz_20260913,4283,475,12417213813395,472,472,True,12417216516217,476,18.798,18799,50538,0.5,0.1,False,0.5,0.1,474,0.5,0.0524,-0.0168,0.0906,1.5012,1218.424,1217.982,0.0524,0.5,2.964,7.1307,-0.4227,8.4561,-4.575,0.3291,0.0603,0.0063,4.3754,-0.5782,-0.02,0.0228,0.8153,-0.4858,-14.2389,0.055
60_e1_corner_throttle_40hz_20260913,4292,476,12417238471937,473,473,True,12417241202843,477,18.823,18824,50602,0.5,0.1,False,0.5,0.1,475,0.5,0.0524,-0.016,0.0909,1.5111,1223.752,1223.287,0.0524,0.5,2.989,7.1647,-0.4304,8.3549,-4.7127,0.336,0.0601,0.0062,4.4132,-0.5935,-0.0204,0.0223,0.8043,-0.6675,-14.4003,0.055
60_e1_corner_throttle_40hz_20260913,4301,477,12417263259682,474,474,True,12417266239206,478,18.8480015,18849,50670,0.5,0.1,False,0.5,0.1,476,0.5,0.0524,-0.0152,0.0913,1.5209,1229.076,1228.595,0.0524,0.5,3.0363,7.2246,-0.388,8.2481,-4.8477,0.3427,0.06,0.0062,4.4511,-0.6086,-0.0207,0.0219,0.7929,-0.8456,-14.565,0.055
60_e1_corner_throttle_40hz_20260913,4309,478,12417288368421,475,475,True,12417291607773,479,18.8730011,18874,50744,0.5,0.1,False,0.5,0.1,477,0.5,0.0524,-0.0149,0.0917,1.5308,1234.401,1233.9,0.0524,0.5,3.0498,7.2386,-0.4304,8.1357,-4.9795,0.3492,0.0598,0.0062,4.4894,-0.6237,-0.0211,0.0214,0.7811,-1.02,-14.7329,0.055
60_e1_corner_throttle_40hz_20260913,4319,479,12417313116993,476,476,True,12417316153103,480,18.898,18899,50812,0.5,0.1,False,0.5,0.1,478,0.5,0.0524,-0.0144,0.0921,1.5406,1239.728,1239.208,0.0524,0.5,3.0832,7.2755,-0.4284,8.0179,-5.1081,0.3555,0.0597,0.0062,4.5278,-0.6386,-0.0215,0.021,0.769,-1.1904,-14.9039,0.055
60_e1_corner_throttle_40hz_20260913,4328,480,12417338661231,477,477,True,12417341148899,481,18.923,18924,50865,0.5,0.1,False,0.5,0.1,479,0.5,0.0524,-0.0139,0.0925,1.5504,1245.052,1244.516,0.0524,0.5,3.1202,7.3136,-0.4214,7.8947,-5.2331,0.3617,0.0596,0.0062,4.5665,-0.6533,-0.0218,0.0205,0.7565,-1.3568,-15.0779,0.055
60_e1_corner_throttle_40hz_20260913,4335,481,12417363765051,478,478,True,12417366056951,482,18.948,18949,50938,0.5,0.1,False,0.5,0.1,480,0.5,0.0524,-0.0133,0.0929,1.5602,1250.38,1249.82,0.0524,0.5,3.1507,7.3405,-0.4335,7.7664,-5.3543,0.3676,0.0595,0.0062,4.6055,-0.668,-0.0222,0.02,0.7436,-1.519,-15.2546,0.055
60_e1_corner_throttle_40hz_20260913,4346,482,12417388433612,479,479,True,12417391204072,483,18.9730015,18974,51016,0.5,0.1,False,0.5,0.1,481,0.5,0.0524,-0.0132,0.0934,1.57,1255.704,1255.129,0.0524,0.5,3.1944,7.3824,-0.4168,7.6329,-5.4716,0.3732,0.0594,0.0062,4.6447,-0.6824,-0.0226,0.0196,0.7304,-1.6769,-15.434,0.055
60_e1_corner_throttle_40hz_20260913,4355,483,12417413795277,480,480,True,12417416190281,484,18.9980011,18999,51096,0.5,0.1,False,0.5,0.1,482,0.5,0.0524,-0.0128,0.0938,1.5797,1261.032,1260.433,0.0524,0.5,3.246,7.431,-0.3853,7.4945,-5.5846,0.3786,0.0593,0.0062,4.6841,-0.6967,-0.0229,0.0191,0.7168,-1.8303,-15.616,0.055
60_e1_corner_throttle_40hz_20260913,4364,484,12417438013140,481,481,True,12417441165469,485,19.023,19024,51176,0.5,0.1,False,0.5,0.1,483,0.5,0.0524,-0.0126,0.0943,1.5894,1266.356,1265.741,0.0524,0.5,3.2645,7.4339,-0.4347,7.3513,-5.6931,0.3838,0.0593,0.0062,4.7238,-0.7108,-0.0233,0.0186,0.7028,-1.9793,-15.8003,0.055
60_e1_corner_throttle_40hz_20260913,4373,485,12417463713733,482,482,True,12417466216699,486,19.048,19049,51246,0.5,0.1,False,0.5,0.1,484,0.5,0.0524,-0.0123,0.0948,1.5991,1271.681,1271.049,0.0524,0.5,3.32,7.4821,-0.3997,7.2036,-5.7968,0.3886,0.0592,0.0062,4.7638,-0.7246,-0.0236,0.0181,0.6885,-2.1236,-15.9869,0.055
60_e1_corner_throttle_40hz_20260913,4382,486,12417488167690,483,483,True,12417491157453,487,19.073,19074,51328,0.5,0.1,False,0.5,0.1,485,0.5,0.0524,-0.0122,0.0953,1.6088,1277.008,1276.354,0.0524,0.5,3.3489,7.4914,-0.4327,7.0513,-5.8956,0.3932,0.0592,0.0062,4.8039,-0.7383,-0.0239,0.0176,0.6738,-2.2631,-16.1755,0.055
60_e1_corner_throttle_40hz_20260913,4391,487,12417513522121,484,484,True,12417516145304,488,19.0980015,19099,51407,0.5,0.1,False,0.5,0.1,486,0.5,0.0524,-0.0121,0.0958,1.6185,1282.333,1281.662,0.0524,0.5,3.3904,7.5155,-0.4362,6.8948,-5.9892,0.3974,0.0591,0.0062,4.8443,-0.7518,-0.0243,0.0171,0.6587,-2.3978,-16.3661,0.055
60_e1_corner_throttle_40hz_20260913,4399,488,12417538667840,485,485,True,12417542730480,489,19.1230011,19124,51481,0.5,0.1,False,0.5,0.1,487,0.5,0.0524,-0.0118,0.0962,1.6281,1287.66,1286.967,0.0524,0.5,3.4398,7.5467,-0.424,6.7343,-6.0775,0.4014,0.0591,0.0062,4.885,-0.765,-0.0246,0.0166,0.6433,-2.5275,-16.5584,0.055
60_e1_corner_throttle_40hz_20260913,4408,489,12417563704112,486,486,True,12417566208101,490,19.148,19149,51550,0.5,0.1,False,0.5,0.1,488,0.5,0.0524,-0.0117,0.0967,1.6377,1292.985,1292.275,0.0524,0.5,3.4961,7.5843,-0.3976,6.5699,-6.1602,0.405,0.059,0.0062,4.9259,-0.778,-0.0249,0.0161,0.6275,-2.6522,-16.7522,0.055
60_e1_corner_throttle_40hz_20260913,4417,490,12417587914612,487,487,True,12417590716381,491,19.172,19173,51618,0.5,0.1,False,0.5,0.1,489,0.5,0.0524,-0.0117,0.0972,1.647,1298.1,1297.37,0.0524,0.5,3.5395,7.6039,-0.3987,6.4086,-6.2341,0.4082,0.059,0.0062,4.9654,-0.7903,-0.0252,0.0156,0.612,-2.7671,-16.9396,0.055
60_e1_corner_throttle_40hz_20260913,4426,491,12417613036556,488,488,True,12417615232556,492,19.197,19198,51687,0.5,0.1,False,0.5,0.1,490,0.5,0.0524,-0.0115,0.0977,1.6565,1303.424,1302.674,0.0524,0.5,3.5839,7.62,-0.4055,6.2374,-6.3053,0.4111,0.059,0.0062,5.0068,-0.8028,-0.0255,0.0151,0.5956,-2.8817,-17.136,0.055
60_e1_corner_throttle_40hz_20260913,4436,492,12417638737759,489,489,True,12417641184871,493,19.2230015,19224,51760,0.5,0.1,False,0.5,0.1,491,0.5,0.0524,-0.0115,0.0983,1.6664,1308.961,1308.195,0.0524,0.5,3.6238,7.6264,-0.429,6.0559,-6.3728,0.4138,0.0589,0.0062,5.05,-0.8155,-0.0258,0.0145,0.5781,-2.9953,-17.3413,0.055
60_e1_corner_throttle_40hz_20260913,4445,493,12417663655339,490,490,True,12417665970142,494,19.2480011,19249,51830,0.5,0.1,False,0.5,0.1,492,0.5,0.0524,-0.0116,0.0989,1.6759,1314.289,1313.5,0.0524,0.5,3.6729,7.6422,-0.4288,5.8784,-6.4313,0.4159,0.0589,0.0062,5.0919,-0.8274,-0.0261,0.0139,0.5609,-3.0992,-17.5395,0.055
60_e1_corner_throttle_40hz_20260913,4453,494,12417688439387,491,491,True,12417691484975,495,19.273,19274,51903,0.5,0.1,False,0.5,0.1,493,0.5,0.0524,-0.0115,0.0994,1.6854,1319.613,1318.808,0.0524,0.5,3.7218,7.6563,-0.429,5.6984,-6.4833,0.4177,0.0589,0.0062,5.134,-0.839,-0.0264,0.0134,0.5433,-3.1977,-17.7384,0.055
60_e1_corner_throttle_40hz_20260913,4463,495,12417713831028,492,492,True,12417716124261,496,19.298,19299,51976,0.5,0.1,False,0.5,0.1,494,0.5,0.0524,-0.0116,0.0999,1.6949,1324.941,1324.113,0.0524,0.5,3.7575,7.6499,-0.464,5.5159,-6.5288,0.4191,0.0589,0.0062,5.1763,-0.8503,-0.0267,0.0128,0.5255,-3.2907,-17.9377,0.055
60_e1_corner_throttle_40hz_20260913,4471,496,12417738314902,493,493,True,12417741405434,497,19.3230019,19324,52052,0.5,0.1,False,0.5,0.1,495,0.5,0.0524,-0.0114,0.1004,1.7044,1330.265,1329.421,0.0524,0.5,3.8153,7.6703,-0.4456,5.3314,-6.5674,0.4201,0.0588,0.0062,5.2189,-0.8613,-0.0269,0.0122,0.5072,-3.3784,-18.1372,0.055
60_e1_corner_throttle_40hz_20260913,4481,497,12417763793437,494,494,True,12417766170567,498,19.3480015,19349,52123,0.5,0.1,False,0.5,0.1,496,0.5,0.0524,-0.0114,0.1009,1.7138,1335.593,1334.729,0.0524,0.5,3.8691,7.6825,-0.4394,5.145,-6.5991,0.4207,0.0588,0.0062,5.2617,-0.872,-0.0272,0.0117,0.4887,-3.4605,-18.3367,0.055
60_e1_corner_throttle_40hz_20260913,4490,498,12417788676060,495,495,True,12417791167265,499,19.3730011,19374,52201,0.5,0.1,False,0.5,0.1,497,0.5,0.0524,-0.0118,0.1017,1.7231,1340.917,1340.033,0.0524,0.5,3.9312,7.7113,-0.4053,4.9571,-6.6241,0.4206,0.0588,0.0062,5.3047,-0.8823,-0.0274,0.0111,0.4698,-3.5372,-18.536,0.055
60_e1_corner_throttle_40hz_20260913,4499,499,12417813664073,496,496,True,12417816189271,500,19.398,19399,52268,0.5,0.1,False,0.5,0.1,498,0.5,0.0524,-0.0113,0.1019,1.7326,1346.241,1345.341,0.0524,0.5,3.9754,7.7062,-0.4232,4.7681,-6.6415,0.4206,0.0588,0.0062,5.348,-0.8922,-0.0276,0.0105,0.4506,-3.6084,-18.735,0.055
60_e1_corner_throttle_40hz_20260913,4507,500,12417838744318,497,497,True,12417841187873,501,19.423,19424,52347,0.5,0.1,False,0.5,0.1,499,0.5,0.0524,-0.0115,0.1025,1.7419,1351.569,1350.649,0.0524,0.5,4.0235,7.7044,-0.4315,4.5781,-6.6519,0.42,0.0588,0.0062,5.3915,-0.9018,-0.0279,0.0099,0.4311,-3.6741,-18.9333,0.055
60_e1_corner_throttle_40hz_20260913,4517,501,12417863627483,498,498,True,12417866209268,502,19.4480019,19449,52430,0.5,0.1,False,0.5,0.1,500,0.5,0.0524,-0.0114,0.1031,1.7512,1356.893,1355.957,0.0524,0.5,4.0789,7.7094,-0.4238,4.3876,-6.655,0.4189,0.0588,0.0062,5.4353,-0.911,-0.0281,0.0092,0.4113,-3.7343,-19.1307,0.055
60_e1_corner_throttle_40hz_20260913,4525,502,12417888796315,499,499,True,12417891140403,503,19.4730015,19474,52513,0.5,0.1,False,0.5,0.1,501,0.5,0.0524,-0.0113,0.1035,1.7605,1362.221,1361.268,0.0524,0.5,4.1305,7.7076,-0.4242,4.1969,-6.6508,0.4174,0.0588,0.0062,5.4792,-0.9199,-0.0283,0.0086,0.3911,-3.789,-19.3272,0.055
60_e1_corner_throttle_40hz_20260913,4535,503,12417913717381,500,500,True,12417917239444,504,19.4980011,19499,52590,0.5,0.1,False,0.5,0.1,502,0.5,0.0524,-0.0114,0.1041,1.7697,1367.545,1366.576,0.0524,0.5,4.1808,7.7027,-0.4271,4.0062,-6.6392,0.4155,0.0587,0.0062,5.5235,-0.9283,-0.0284,0.008,0.3707,-3.8383,-19.5224,0.055
60_e1_corner_throttle_40hz_20260913,4544,504,12417938696376,501,501,True,12417941365015,505,19.523,19524,52656,0.5,0.1,False,0.5,0.1,503,0.5,0.0524,-0.0114,0.1046,1.7789,1372.873,1371.885,0.0524,0.5,4.232,7.696,-0.4289,3.816,-6.6202,0.4131,0.0587,0.0062,5.5679,-0.9363,-0.0286,0.0074,0.35,-3.8822,-19.7161,0.055
60_e1_corner_throttle_40hz_20260913,4552,505,12417962932975,502,502,True,12417965362874,506,19.547,19548,52725,0.5,0.1,False,0.5,0.1,504,0.5,0.0524,-0.0115,0.1051,1.7878,1377.984,1376.983,0.0524,0.5,4.2814,7.6891,-0.4283,3.6342,-6.595,0.4105,0.0587,0.0062,5.6108,-0.9436,-0.0287,0.0067,0.3298,-3.9193,-19.9005,0.055
60_e1_corner_throttle_40hz_20260913,4561,506,12417988865864,503,503,True,12417991540183,507,19.5730019,19574,52805,0.5,0.1,False,0.5,0.1,505,0.5,0.0524,-0.0114,0.1056,1.7973,1383.525,1382.504,0.0524,0.5,4.338,7.6824,-0.4211,3.4383,-6.56,0.4071,0.0587,0.0062,5.6575,-0.951,-0.0289,0.0061,0.3077,-3.954,-20.0983,0.055
60_e1_corner_throttle_40hz_20260913,4571,507,12418013785086,504,504,True,12418016200489,508,19.5980015,19599,52881,0.5,0.1,False,0.5,0.1,506,0.5,0.0524,-0.0115,0.1062,1.8065,1388.849,1387.812,0.0524,0.5,4.3882,7.6713,-0.421,3.2515,-6.5189,0.4035,0.0587,0.0062,5.7026,-0.9577,-0.029,0.0054,0.2862,-3.9819,-20.2863,0.055
60_e1_corner_throttle_40hz_20260913,4580,508,12418038824355,505,505,True,12418041235669,509,19.6230011,19624,52957,0.5,0.1,False,0.5,0.1,507,0.5,0.0524,-0.0115,0.1067,1.8157,1394.173,1393.12,0.0524,0.5,4.4446,7.6663,-0.4053,3.0665,-6.4703,0.3995,0.0587,0.0062,5.748,-0.964,-0.0291,0.0048,0.2644,-4.0047,-20.4721,0.055
60_e1_corner_throttle_40hz_20260913,4589,509,12418063260649,506,506,True,12418066094188,510,19.648,19649,53032,0.5,0.1,False,0.5,0.1,508,0.5,0.0524,-0.0116,0.1072,1.8248,1399.501,1398.431,0.0524,0.5,4.4923,7.647,-0.4104,2.8836,-6.4145,0.395,0.0587,0.0062,5.7936,-0.9697,-0.0292,0.0041,0.2424,-4.0225,-20.6553,0.055
60_e1_corner_throttle_40hz_20260913,4598,510,12418088463585,507,507,True,12418091180855,511,19.673,19674,53102,0.5,0.1,False,0.5,0.1,509,0.5,0.0524,-0.0116,0.1078,1.8339,1404.825,1403.739,0.0524,0.5,4.5392,7.627,-0.4145,2.7033,-6.3515,0.3902,0.0587,0.0062,5.8394,-0.975,-0.0293,0.0034,0.2201,-4.0352,-20.8358,0.055
60_e1_corner_throttle_40hz_20260913,4607,511,12418112917723,508,508,True,12418115241684,512,19.697,19698,53171,0.5,0.1,False,0.5,0.1,510,0.5,0.0524,-0.0117,0.1083,1.8426,1409.94,1408.834,0.0524,0.5,4.5876,7.6107,-0.4089,2.5328,-6.2842,0.3851,0.0587,0.0062,5.8836,-0.9797,-0.0294,0.0028,0.1985,-4.0428,-21.0063,0.055
60_e1_corner_throttle_40hz_20260913,4616,512,12418138967031,509,509,True,12418143910528,513,19.722,19723,53241,0.5,0.1,False,0.5,0.1,511,0.5,0.0524,-0.0116,0.1088,1.8516,1415.265,1414.145,0.0524,0.5,4.6334,7.5879,-0.4115,2.3583,-6.2073,0.3795,0.0587,0.0062,5.9298,-0.984,-0.0294,0.0021,0.1758,-4.0461,-21.1809,0.055
60_e1_corner_throttle_40hz_20260913,4625,513,12418163965783,510,510,True,12418166704193,514,19.7480011,19749,53297,0.5,0.1,False,0.5,0.1,512,0.5,0.0524,-0.0118,0.1094,1.861,1420.805,1419.666,0.0524,0.5,4.6764,7.5558,-0.4236,2.1806,-6.1199,0.3733,0.0587,0.0062,5.9782,-0.988,-0.0295,0.0014,0.1519,-4.0446,-21.3589,0.055
60_e1_corner_throttle_40hz_20260913,4634,514,12418188334130,511,511,True,12418191209197,515,19.773,19774,53365,0.5,0.1,False,0.5,0.1,513,0.5,0.0524,-0.0117,0.1099,1.87,1426.129,1424.974,0.0524,0.5,4.7296,7.5413,-0.4036,2.0137,-6.029,0.3668,0.0587,0.0062,6.0249,-0.9912,-0.0295,0.0007,0.1288,-4.0385,-21.5265,0.055
60_e1_corner_throttle_40hz_20260913,4642,515,12418213696215,512,512,True,12418216081912,516,19.798,19799,53437,0.5,0.1,False,0.5,0.1,514,0.5,0.0524,-0.0118,0.1104,1.879,1431.457,1430.282,0.0524,0.5,4.7734,7.5132,-0.4034,1.8509,-5.9315,0.3601,0.0587,0.0062,6.0719,-0.994,-0.0295,0.0,0.1055,-4.028,-21.6904,0.055
60_e1_corner_throttle_40hz_20260913,4652,516,12418238788754,513,513,True,12418241257988,517,19.8230019,19824,53510,0.5,0.1,False,0.5,0.1,515,0.5,0.0524,-0.0119,0.111,1.8879,1436.781,1435.593,0.0524,0.5,4.813,7.4808,-0.4099,1.6926,-5.8276,0.353,0.0587,0.0062,6.119,-0.9962,-0.0295,-0.0007,0.082,-4.0133,-21.8505,0.055
60_e1_corner_throttle_40hz_20260913,4661,517,12418263831679,514,514,True,12418266048668,518,19.8480015,19849,53585,0.5,0.1,False,0.5,0.1,516,0.5,0.0524,-0.0119,0.1114,1.8969,1442.106,1440.901,0.0524,0.5,4.8497,7.4436,-0.4204,1.5392,-5.7174,0.3455,0.0587,0.0062,6.1664,-0.9979,-0.0295,-0.0014,0.0584,-3.9946,-22.0065,0.055
60_e1_corner_throttle_40hz_20260913,4670,518,12418288694305,515,515,True,12418291090061,519,19.8730011,19874,53657,0.5,0.1,False,0.5,0.1,517,0.5,0.0524,-0.0121,0.112,1.9058,1447.433,1446.209,0.0524,0.5,4.893,7.4154,-0.4117,1.3909,-5.6012,0.3377,0.0587,0.0062,6.214,-0.999,-0.0294,-0.0021,0.0346,-3.972,-22.1583,0.055
60_e1_corner_throttle_40hz_20260913,4679,519,12418312996097,516,516,True,12418316063425,520,19.898,19899,53717,0.5,0.1,False,0.5,0.1,518,0.5,0.0524,-0.012,0.1125,1.9147,1452.758,1451.517,0.0524,0.5,4.9413,7.3939,-0.3873,1.2481,-5.4791,0.3297,0.0587,0.0062,6.2619,-0.9995,-0.0294,-0.0028,0.0107,-3.9456,-22.3058,0.055
60_e1_corner_throttle_40hz_20260913,4688,520,12418338550805,517,517,True,12418341309152,521,19.923,19924,53792,0.5,0.1,False,0.5,0.1,519,0.5,0.0524,-0.0119,0.113,1.9235,1458.085,1456.825,0.0524,0.5,4.981,7.3617,-0.3803,1.111,-5.3514,0.3213,0.0587,0.0062,0.0268,-0.9995,-0.0293,-0.0035,-0.0133,-3.9157,-22.4487,0.055
60_e1_corner_throttle_40hz_20260913,4697,521,12418363128545,518,518,True,12418366603290,522,19.9480019,19949,53860,0.5,0.1,False,0.5,0.1,520,0.5,0.0524,-0.0121,0.1136,1.9324,1463.41,1462.137,0.0524,0.5,5.0115,7.3183,-0.3902,0.9799,-5.2185,0.3127,0.0587,0.0062,0.0751,-0.9989,-0.0292,-0.0042,-0.0374,-3.8825,-22.587,0.055
60_e1_corner_throttle_40hz_20260913,4706,522,12418388616467,519,519,True,12418391299523,523,19.9730015,19974,53917,0.5,0.1,False,0.5,0.1,521,0.5,0.0524,-0.0122,0.114,1.9412,1468.737,1467.445,0.0524,0.5,5.0395,7.273,-0.4024,0.8552,-5.0805,0.3039,0.0587,0.0062,0.1236,-0.9977,-0.0291,-0.0049,-0.0616,-3.8462,-22.7205,0.055
60_e1_corner_throttle_40hz_20260913,4715,523,12418412946171,520,520,True,12418415354861,524,19.9970016,19998,53982,0.5,0.1,False,0.5,0.1,522,0.5,0.0524,-0.0122,0.1146,1.9497,1473.849,1472.54,0.0524,0.5,5.0733,7.2389,-0.3935,0.7415,-4.9435,0.2951,0.0587,0.0062,0.1703,-0.9959,-0.029,-0.0056,-0.0849,-3.8085,-22.844,0.055
60_e1_corner_throttle_40hz_20260913,4723,524,12418438811523,521,521,True,12418441154940,525,20.023,20024,54054,0.5,0.1,False,0.5,0.1,523,0.5,0.0524,-0.0123,0.1151,1.9588,1479.386,1478.06,0.0524,0.5,5.1053,7.1978,-0.3896,0.6255,-4.7906,0.2853,0.0587,0.0062,0.2213,-0.9935,-0.0288,-0.0063,-0.1103,-3.7649,-22.9726,0.055
60_e1_corner_throttle_40hz_20260913,4733,525,12418463775830,522,522,True,12418466176064,526,20.048,20049,54133,0.5,0.1,False,0.5,0.1,524,0.5,0.0524,-0.0123,0.1156,1.9676,1484.713,1483.372,0.0524,0.5,5.1257,7.1457,-0.4066,0.5211,-4.6392,0.2758,0.0587,0.0062,0.2704,-0.9905,-0.0286,-0.007,-0.1346,-3.7204,-23.0909,0.055
60_e1_corner_throttle_40hz_20260913,4742,526,12418488394728,523,523,True,12418491312806,527,20.0730019,20074,54209,0.5,0.1,False,0.5,0.1,525,0.5,0.0524,-0.0124,0.1161,1.9763,1490.038,1488.68,0.0524,0.5,5.1575,7.1103,-0.3915,0.4239,-4.4841,0.2661,0.0587,0.0062,0.3198,-0.9868,-0.0285,-0.0077,-0.1591,-3.6737,-23.2041,0.055
60_e1_corner_throttle_40hz_20260913,4750,527,12418513515720,524,524,True,12418516087928,528,20.096,20097,54265,0.5,0.1,False,0.5,0.1,526,0.5,0.0524,-0.0124,0.1166,1.9843,1494.94,1493.562,0.0524,0.5,5.1858,7.0778,-0.3758,0.341,-4.3383,0.257,0.0587,0.0062,0.3654,-0.9829,-0.0283,-0.0084,-0.1815,-3.6289,-23.3034,0.055
60_e1_corner_throttle_40hz_20260913,4760,528,12418538747962,525,525,True,12418541302946,529,20.1230011,20124,54321,0.5,0.1,False,0.5,0.1,527,0.5,0.0524,-0.0125,0.1172,1.9937,1500.69,1499.296,0.0524,0.5,5.205,7.0233,-0.3851,0.252,-4.1638,0.2462,0.0587,0.0062,0.4192,-0.9777,-0.028,-0.0092,-0.2079,-3.5744,-23.4143,0.055
60_e1_corner_throttle_40hz_20260913,4769,529,12418563194555,526,526,True,12418566553302,530,20.148,20149,54381,0.5,0.1,False,0.5,0.1,528,0.5,0.0524,-0.0125,0.1177,2.0024,1506.017,1504.607,0.0524,0.5,5.231,6.9856,-0.3688,0.1776,-3.9994,0.236,0.0587,0.0062,0.4693,-0.9722,-0.0278,-0.0099,-0.2323,-3.5223,-23.5112,0.055
60_e1_corner_throttle_40hz_20260913,4778,530,12418588476470,527,527,True,12418591587190,531,20.173,20174,54442,0.5,0.1,False,0.5,0.1,529,0.5,0.0524,-0.0126,0.1182,2.011,1511.342,1509.915,0.0524,0.5,5.2438,6.9332,-0.3789,0.1112,-3.8326,0.2258,0.0587,0.0062,0.5195,-0.9661,-0.0276,-0.0105,-0.2567,-3.4689,-23.6026,0.055
60_e1_corner_throttle_40hz_20260913,4786,531,12418613244248,528,528,True,12418616362642,532,20.1980019,20199,54493,0.5,0.1,False,0.5,0.1,530,0.5,0.0524,-0.0127,0.1186,2.0197,1516.669,1515.223,0.0524,0.5,5.2617,6.8893,-0.3722,0.0529,-3.6639,0.2156,0.0587,0.0062,0.57,-0.9593,-0.0273,-0.0112,-0.281,-3.4145,-23.6885,0.055
60_e1_corner_throttle_40hz_20260913,4795,532,12418637921395,529,529,True,12418640547724,533,20.222,20223,54559,0.5,0.1,False,0.5,0.1,531,0.5,0.0524,-0.0128,0.1191,2.0279,1521.781,1520.322,0.0524,0.5,5.2654,6.8328,-0.3914,0.0045,-3.5004,0.2056,0.0587,0.0062,0.6187,-0.9521,-0.027,-0.0119,-0.3042,-3.3615,-23.7656,0.055
60_e1_corner_throttle_40hz_20260913,4805,533,12418663182561,530,530,True,12418666463962,534,20.2480011,20249,54643,0.5,0.1,False,0.5,0.1,532,0.5,0.0524,-0.0128,0.1197,2.0368,1527.318,1525.842,0.0524,0.5,5.2849,6.7935,-0.3705,-0.0392,-3.3221,0.1949,0.0587,0.0062,0.6716,-0.9438,-0.0267,-0.0126,-0.3293,-3.3036,-23.8434,0.055
60_e1_corner_throttle_40hz_20260913,4814,534,12418688044917,531,531,True,12418692377765,535,20.273,20274,54712,0.5,0.1,False,0.5,0.1,533,0.5,0.0524,-0.0128,0.1202,2.0454,1532.646,1531.15,0.0524,0.5,5.2916,6.7432,-0.3734,-0.0728,-3.1498,0.1846,0.0587,0.0062,0.7227,-0.935,-0.0263,-0.0133,-0.3533,-3.2476,-23.9124,0.055
60_e1_corner_throttle_40hz_20260913,4823,535,12418712899738,532,532,True,12418715445215,536,20.297,20298,54777,0.5,0.1,False,0.5,0.1,534,0.5,0.0524,-0.0129,0.1207,2.0536,1537.757,1536.249,0.0524,0.5,5.3055,6.7075,-0.3534,-0.0972,-2.9841,0.1746,0.0587,0.0062,0.772,-0.9261,-0.026,-0.0139,-0.3762,-3.1938,-23.9735,0.055
60_e1_corner_throttle_40hz_20260913,4831,536,12418738443505,533,533,True,12418741285139,537,20.3230019,20324,54846,0.5,0.1,False,0.5,0.1,535,0.5,0.0524,-0.0129,0.1212,2.0624,1543.298,1541.769,0.0524,0.5,5.3036,6.6496,-0.367,-0.1148,-2.8047,0.164,0.0587,0.0062,0.8256,-0.9156,-0.0256,-0.0146,-0.4009,-3.1359,-24.0338,0.055
60_e1_corner_throttle_40hz_20260913,4841,537,12418763494265,534,534,True,12418766500639,538,20.3480015,20349,54916,0.5,0.1,False,0.5,0.1,536,0.5,0.0524,-0.0129,0.1217,2.0709,1548.622,1547.077,0.0524,0.5,5.3159,6.6155,-0.3404,-0.1232,-2.6326,0.1539,0.0587,0.0062,0.8774,-0.905,-0.0252,-0.0153,-0.4245,-3.0806,-24.0861,0.055
60_e1_corner_throttle_40hz_20260913,4849,538,12418788497496,535,535,True,12418791496055,539,20.3730011,20374,54989,0.5,0.1,False,0.5,0.1,537,0.5,0.0524,-0.013,0.1221,2.0794,1553.95,1552.385,0.0524,0.5,5.3116,6.5632,-0.3482,-0.1232,-2.4615,0.1438,0.0587,0.0062,0.9294,-0.8936,-0.0248,-0.0159,-0.4479,-3.0262,-24.133,0.055
60_e1_corner_throttle_40hz_20260913,4859,539,12418812923160,536,536,True,12418816355204,540,20.398,20399,55061,0.5,0.1,False,0.5,0.1,538,0.5,0.0524,-0.0131,0.1226,2.0879,1559.274,1557.693,0.0524,0.5,5.3029,6.5083,-0.3608,-0.1149,-2.2918,0.1339,0.0587,0.0062,0.9815,-0.8816,-0.0244,-0.0166,-0.471,-2.9727,-24.1744,0.055
60_e1_corner_throttle_40hz_20260913,4868,540,12418838678455,537,537,True,12418841214965,541,20.423,20424,55142,0.5,0.1,False,0.5,0.1,539,0.5,0.0524,-0.013,0.1231,2.0963,1564.602,1563.005,0.0524,0.5,5.3071,6.4738,-0.3373,-0.0983,-2.1238,0.1241,0.0587,0.0062,1.0339,-0.869,-0.024,-0.0172,-0.494,-2.9206,-24.2105,0.055
60_e1_corner_throttle_40hz_20260913,4877,541,12418863852988,538,538,True,12418866083803,542,20.4480019,20449,55222,0.5,0.1,False,0.5,0.1,540,0.5,0.0524,-0.0131,0.1236,2.1047,1569.926,1568.313,0.0524,0.5,5.291,6.4165,-0.3567,-0.0735,-1.958,0.1145,0.0587,0.0062,1.0865,-0.8557,-0.0235,-0.0178,-0.5166,-2.87,-24.2413,0.055
60_e1_corner_throttle_40hz_20260913,4885,542,12418888339347,539,539,True,12418890798551,543,20.471,20472,55289,0.5,0.1,False,0.5,0.1,541,0.5,0.0524,-0.0131,0.1241,2.1124,1574.825,1573.195,0.0524,0.5,5.293,6.3885,-0.3302,-0.0436,-1.8078,0.1059,0.0587,0.0062,1.1351,-0.8429,-0.0231,-0.0184,-0.5373,-2.825,-24.265,0.055
60_e1_corner_throttle_40hz_20260913,4895,543,12418913080454,540,540,True,12418916227132,544,20.4980011,20499,55376,0.5,0.1,False,0.5,0.1,542,0.5,0.0524,-0.0133,0.1247,2.1214,1580.578,1578.928,0.0524,0.5,5.2804,6.3403,-0.3293,0.0001,-1.6348,0.096,0.0587,0.0062,1.1924,-0.8272,-0.0225,-0.019,-0.5612,-2.7744,-24.2875,0.055
60_e1_corner_throttle_40hz_20260913,4904,544,12418938552046,541,541,True,12418941086181,545,20.523,20524,55459,0.5,0.1,False,0.5,0.1,543,0.5,0.0524,-0.0133,0.1251,2.1298,1585.902,1584.24,0.0524,0.5,5.2636,6.2932,-0.3353,0.0487,-1.4781,0.0871,0.0587,0.0062,1.2456,-0.8119,-0.022,-0.0196,-0.583,-2.73,-24.3032,0.055
60_e1_corner_throttle_40hz_20260913,4913,545,12418963712141,542,542,True,12418966452685,546,20.548,20549,55544,0.5,0.1,False,0.5,0.1,544,0.5,0.0524,-0.0133,0.1256,2.1381,1591.23,1589.548,0.0524,0.5,5.251,6.2547,-0.3266,0.1049,-1.3253,0.0785,0.0587,0.0062,1.2991,-0.7961,-0.0215,-0.0202,-0.6045,-2.688,-24.3141,0.055
60_e1_corner_throttle_40hz_20260913,4922,546,12418987977705,543,543,True,12418990171109,547,20.572,20573,55612,0.5,0.1,False,0.5,0.1,545,0.5,0.0524,-0.0134,0.1261,2.1461,1596.341,1594.643,0.0524,0.5,5.2283,6.2077,-0.3389,0.1658,-1.1826,0.0705,0.0587,0.0062,1.3506,-0.7802,-0.0209,-0.0208,-0.6248,-2.6503,-24.3202,0.055
60_e1_corner_throttle_40hz_20260913,4931,547,12419013599889,544,544,True,12419016772956,548,20.5980015,20599,55696,0.5,0.1,False,0.5,0.1,546,0.5,0.0524,-0.0134,0.1266,2.1547,1601.882,1600.167,0.0524,0.5,5.2095,6.1685,-0.3336,0.2393,-1.0328,0.0621,0.0587,0.0062,1.4066,-0.7624,-0.0204,-0.0213,-0.6464,-2.6125,-24.3222,0.055
60_e1_corner_throttle_40hz_20260913,4940,548,12419038190905,545,545,True,12419041368250,549,20.6230011,20624,55771,0.5,0.1,False,0.5,0.1,547,0.5,0.0524,-0.0136,0.1271,2.163,1607.206,1605.475,0.0524,0.5,5.186,6.1276,-0.3371,0.3169,-0.894,0.0544,0.0587,0.0062,1.4607,-0.7447,-0.0198,-0.0219,-0.6668,-2.5794,-24.3198,0.055
60_e1_corner_throttle_40hz_20260913,4949,549,12419063083708,546,546,True,12419067865761,550,20.648,20649,55837,0.5,0.1,False,0.5,0.1,548,0.5,0.0524,-0.0135,0.1275,2.1712,1612.534,1610.783,0.0524,0.5,5.1669,6.0961,-0.3258,0.4013,-0.7604,0.0471,0.0587,0.0062,1.5149,-0.7263,-0.0192,-0.0224,-0.6867,-2.5497,-24.3132,0.055
60_e1_corner_throttle_40hz_20260913,4958,550,12419088324675,547,547,True,12419091513853,551,20.673,20674,55896,0.5,0.1,False,0.5,0.1,549,0.5,0.0524,-0.0136,0.1281,2.1794,1617.858,1616.088,0.0524,0.5,5.1457,6.0657,-0.3156,0.492,-0.6326,0.0402,0.0587,0.0062,1.5694,-0.7074,-0.0186,-0.0229,-0.7062,-2.5236,-24.3028,0.055
60_e1_corner_throttle_40hz_20260913,4966,551,12419112970704,548,548,True,12419116842716,552,20.6980019,20699,55955,0.5,0.1,False,0.5,0.1,550,0.5,0.0524,-0.0136,0.1285,2.1877,1623.182,1621.396,0.0524,0.5,5.1185,6.0429,-0.3149,0.5887,-0.5109,0.0336,0.0587,0.0062,1.6241,-0.6878,-0.0179,-0.0234,-0.7253,-2.5012,-24.2887,0.055
60_e1_corner_throttle_40hz_20260913,4976,552,12419138807773,549,549,True,12419141593021,553,20.7230015,20724,56004,0.5,0.1,False,0.5,0.1,551,0.5,0.0524,0.0238,0.1414,2.3183,1628.51,1626.704,0.0524,0.5,4.8468,5.9529,-0.3329,0.6876,-0.3774,0.0266,0.0593,0.0063,1.6802,-0.6672,-0.0175,-0.0242,-0.7443,-2.4828,-24.2712,0.055
60_e1_corner_throttle_40hz_20260913,4985,553,12419163523222,550,550,True,12419167037751,554,20.7480011,20749,56059,0.5,0.1,False,0.5,0.1,552,0.5,0.0524,-0.0822,0.1214,2.0545,1633.834,1632.012,0.0524,0.5,5.0455,4.0233,-0.2092,0.7947,-0.3095,0.0233,0.0583,0.0063,1.7353,-0.6464,-0.0164,-0.0243,-0.7624,-2.4685,-24.2505,0.055
60_e1_corner_throttle_40hz_20260913,4993,554,12419188758830,551,551,True,12419193906781,555,20.774,20775,56116,0.5,0.1,False,0.5,0.1,553,0.5,0.0524,-0.0741,0.0971,1.7145,1639.368,1637.536,0.0524,0.5,5.1222,4.0393,-0.2024,0.913,-0.2463,0.02,0.0566,0.0063,1.7842,-0.6276,-0.0153,-0.024,-0.778,-2.4581,-24.2259,0.055
60_e1_corner_throttle_40hz_20260913,5002,555,12419213806263,552,552,True,12419216787931,556,20.798,20799,56174,0.5,0.1,False,0.5,0.1,554,0.5,0.0524,-0.0687,0.0763,1.3978,1644.477,1642.634,0.0524,0.5,5.0931,3.9954,-0.1898,1.0274,-0.1856,0.017,0.0551,0.0063,1.8215,-0.613,-0.0144,-0.0237,-0.7896,-2.4528,-24.2007,0.055
60_e1_corner_throttle_40hz_20260913,5012,556,12419238138392,553,553,True,12419241562501,557,20.8230019,20824,56230,0.5,0.1,False,0.5,0.1,555,0.5,0.0524,-0.0662,0.0558,1.0584,1649.798,1647.945,0.0524,0.5,5.0606,3.8882,-0.1838,1.1496,-0.1201,0.0139,0.0536,0.0063,1.8521,-0.6008,-0.0136,-0.0233,-0.7989,-2.4517,-24.1722,0.055
60_e1_corner_throttle_40hz_20260913,5021,557,12419263459530,554,554,True,12419266748175,558,20.8480015,20849,56284,0.5,0.1,False,0.5,0.1,556,0.5,0.0524,-0.0439,0.0341,0.6785,1655.119,1653.257,0.0524,0.5,5.0411,4.5038,-0.2101,1.2738,-0.0477,0.0106,0.0522,0.0063,1.8739,-0.5921,-0.0129,-0.0229,-0.8054,-2.4552,-24.1415,0.055
60_e1_corner_throttle_40hz_20260913,5030,558,12419288863555,555,555,True,12419294047574,559,20.874,20875,56325,0.5,0.1,False,0.5,0.1,557,0.5,0.0524,-0.148,0.0121,0.2231,1660.656,1658.781,0.0524,0.5,4.9998,1.1809,0.0115,1.4006,0.0426,0.0069,0.0513,0.0063,1.8836,-0.5882,-0.0126,-0.0226,-0.8083,-2.4646,-24.108,0.055
60_e1_corner_throttle_40hz_20260913,5039,559,12419313288849,556,556,True,12419316674195,560,20.898,20899,56382,0.5,0.1,False,0.5,0.1,558,0.5,0.0524,-0.1966,0.0123,0.2393,1665.761,1663.886,0.0524,0.5,4.9567,0.4644,0.0066,1.5204,0.0501,0.0078,0.0468,0.0063,1.8891,-0.586,-0.0112,-0.0208,-0.81,-2.4757,-24.0747,0.055
60_e1_corner_throttle_40hz_20260913,5047,560,12419337942041,557,557,True,12419340508117,561,20.922,20923,56442,0.5,0.1,False,0.5,0.1,559,0.5,0.0524,-0.1777,0.0122,0.2582,1670.863,1668.988,0.0524,0.5,4.9253,0.4775,0.0118,1.6392,0.0516,0.0087,0.0424,0.0063,1.8951,-0.5836,-0.0098,-0.019,-0.8118,-2.4879,-24.0387,0.055
60_e1_corner_throttle_40hz_20260913,5057,561,12419363409655,558,558,True,12419366661640,562,20.9480019,20949,56503,0.5,0.1,False,0.5,0.1,560,0.5,0.0524,-0.155,0.0118,0.2787,1676.393,1674.518,0.0524,0.5,4.8802,0.5465,-0.0103,1.7671,0.053,0.0096,0.0381,0.0064,1.9021,-0.5808,-0.0085,-0.0174,-0.8138,-2.5024,-23.9968,0.0551
60_e1_corner_throttle_40hz_20260913,5066,562,12419388588506,559,559,True,12419391224112,563,20.9730015,20974,56571,0.5,0.1,False,0.5,0.1,561,0.5,0.0524,-0.1352,0.0113,0.2983,1681.708,1679.833,0.0524,0.5,4.8551,0.6228,0.012,1.8892,0.0545,0.0105,0.0345,0.0064,1.9093,-0.5778,-0.0074,-0.0159,-0.816,-2.5175,-23.9536,0.0551
60_e1_corner_throttle_40hz_20260913,5075,563,12419413103238,560,560,True,12419416165927,564,20.9980011,20999,56650,0.5,0.1,False,0.5,0.1,562,0.5,0.0524,-0.1173,0.0109,0.3177,1687.026,1685.15,0.0524,0.5,4.8119,0.6998,-0.0088,2.0105,0.056,0.0113,0.0314,0.0064,1.917,-0.5747,-0.0064,-0.0147,-0.8182,-2.5341,-23.9077,0.0551
60_e1_corner_throttle_40hz_20260913,5084,564,12419437909448,561,561,True,12419440190237,565,21.0220013,21023,56724,0.5,0.1,False,0.5,0.1,563,0.5,0.0524,-0.102,0.0105,0.3362,1692.127,1690.252,0.0524,0.5,4.7925,0.7818,0.023,2.1261,0.0576,0.0122,0.0289,0.0064,1.9249,-0.5715,-0.0056,-0.0137,-0.8205,-2.5512,-23.8611,0.0551
60_e1_corner_throttle_40hz_20260913,5093,565,12419463570876,562,562,True,12419466667890,566,21.048,21049,56802,0.5,0.1,False,0.5,0.1,564,0.5,0.0524,-0.087,0.0102,0.3561,1697.658,1695.783,0.0524,0.5,4.7435,0.8677,-0.0091,2.2506,0.0593,0.0131,0.0265,0.0064,1.9339,-0.5678,-0.0049,-0.0127,-0.8231,-2.5713,-23.8077,0.0551
60_e1_corner_throttle_40hz_20260913,5102,566,12419488078975,563,563,True,12419490451497,567,21.072,21073,56872,0.5,0.1,False,0.5,0.1,565,0.5,0.0524,-0.0745,0.0099,0.3744,1702.76,1700.885,0.0524,0.5,4.7153,0.9561,0.0012,2.3647,0.061,0.0139,0.0246,0.0065,1.9427,-0.5642,-0.0043,-0.012,-0.8256,-2.5912,-23.756,0.0551
60_e1_corner_throttle_40hz_20260913,5111,567,12419513115910,564,564,True,12419515281031,568,21.097,21098,56957,0.5,0.1,False,0.5,0.1,566,0.5,0.0524,-0.0628,0.0095,0.3933,1708.078,1706.202,0.0524,0.5,4.6818,1.0469,0.002,2.4828,0.0628,0.0147,0.023,0.0065,1.9523,-0.5602,-0.0038,-0.0113,-0.8283,-2.6136,-23.6996,0.0551
60_e1_corner_throttle_40hz_20260913,5119,568,12419538754084,565,565,True,12419541158065,569,21.1230011,21124,57041,0.5,0.1,False,0.5,0.1,567,0.5,0.0524,-0.0519,0.0095,0.4127,1713.605,1711.73,0.0524,0.5,4.6397,1.1446,-0.0155,2.6047,0.0646,0.0155,0.0216,0.0065,1.9628,-0.5559,-0.0033,-0.0108,-0.8312,-2.6385,-23.6383,0.0551
60_e1_corner_throttle_40hz_20260913,5129,569,12419563475014,566,566,True,12419566151116,570,21.148,21149,57122,0.5,0.1,False,0.5,0.1,568,0.5,0.0524,-0.0423,0.0093,0.4313,1718.922,1717.047,0.0524,0.5,4.6155,1.2459,0.0055,2.7212,0.0665,0.0163,0.0205,0.0065,1.9734,-0.5515,-0.0029,-0.0103,-0.8341,-2.6643,-23.5769,0.0551
60_e1_corner_throttle_40hz_20260913,5137,570,12419588598841,567,567,True,12419591162412,571,21.173,21174,57206,0.5,0.1,False,0.5,0.1,569,0.5,0.0524,-0.0338,0.0092,0.4498,1724.24,1722.362,0.0524,0.5,4.5809,1.3493,0.0019,2.8369,0.0683,0.0171,0.0196,0.0065,1.9844,-0.5469,-0.0026,-0.01,-0.8372,-2.6918,-23.5131,0.0551
60_e1_corner_throttle_40hz_20260913,5148,571,12419613644271,568,568,True,12419616165603,572,21.1980019,21199,57288,0.5,0.1,False,0.5,0.1,570,0.5,0.0524,-0.026,0.0092,0.4681,1729.561,1727.68,0.0524,0.5,4.5455,1.4546,-0.0036,2.9517,0.0702,0.0179,0.0189,0.0065,1.9959,-0.542,-0.0024,-0.0097,-0.8403,-2.7213,-23.4469,0.0551
60_e1_corner_throttle_40hz_20260913,5156,572,12419638495296,569,569,True,12419641143025,573,21.2230015,21224,57359,0.5,0.1,False,0.5,0.1,571,0.5,0.0524,-0.019,0.0093,0.4862,1734.882,1732.997,0.0524,0.5,4.5119,1.5634,-0.0064,3.0658,0.0721,0.0187,0.0184,0.0065,2.0078,-0.537,-0.0022,-0.0095,-0.8435,-2.7527,-23.3785,0.0551
60_e1_corner_throttle_40hz_20260913,5165,573,12419663733298,570,570,True,12419666366389,574,21.2480011,21249,57442,0.5,0.1,False,0.5,0.1,572,0.5,0.0524,-0.0126,0.0094,0.5043,1740.203,1738.312,0.0524,0.5,4.4874,1.6762,0.0127,3.1792,0.074,0.0194,0.0181,0.0065,2.0202,-0.5318,-0.0021,-0.0094,-0.8468,-2.7861,-23.3079,0.0551
60_e1_corner_throttle_40hz_20260913,5174,574,12419688056109,571,571,True,12419691041403,575,21.273,21274,57528,0.5,0.1,False,0.5,0.1,573,0.5,0.0524,-0.0068,0.0096,0.5222,1745.525,1743.63,0.0524,0.5,4.4464,1.7925,-0.0083,3.2917,0.0759,0.0202,0.018,0.0065,2.0331,-0.5263,-0.0019,-0.0094,-0.8502,-2.8216,-23.2351,0.0551
60_e1_corner_throttle_40hz_20260913,5183,575,12419713499267,572,572,True,12419716150032,576,21.298,21299,57610,0.5,0.1,False,0.5,0.1,574,0.5,0.0524,-0.0015,0.0099,0.54,1750.846,1748.944,0.0524,0.5,4.4142,1.9106,-0.0097,3.4035,0.0777,0.0209,0.018,0.0066,2.0463,-0.5207,-0.0019,-0.0094,-0.8537,-2.8593,-23.1604,0.0551
60_e1_corner_throttle_40hz_20260913,5191,576,12419738556579,573,573,True,12419741620220,577,21.3230019,21324,57679,0.5,0.1,False,0.5,0.1,575,0.5,0.0524,0.0033,0.0103,0.5577,1756.167,1754.259,0.0524,0.5,4.3812,2.0283,-0.0134,3.5146,0.0796,0.0216,0.0181,0.0066,2.0601,-0.5148,-0.0018,-0.0094,-0.8573,-2.8993,-23.0836,0.0551
60_e1_corner_throttle_40hz_20260913,5201,577,12419763500258,574,574,True,12419766176530,578,21.3480015,21349,57749,0.5,0.1,False,0.5,0.1,576,0.5,0.0524,0.0077,0.0107,0.5752,1761.488,1759.57,0.0524,0.5,4.3519,2.1557,-0.0079,3.6248,0.0814,0.0222,0.0183,0.0066,2.0742,-0.5087,-0.0018,-0.0096,-0.8609,-2.9417,-23.005,0.0551
60_e1_corner_throttle_40hz_20260913,5210,578,12419787869676,575,575,True,12419790125218,579,21.3720016,21373,57823,0.5,0.1,False,0.5,0.1,577,0.5,0.0524,0.0117,0.0112,0.5919,1766.596,1764.669,0.0524,0.5,4.3182,2.2768,-0.0172,3.73,0.0832,0.0228,0.0186,0.0066,2.0883,-0.5027,-0.0018,-0.0097,-0.8644,-2.9847,-22.9279,0.0551
60_e1_corner_throttle_40hz_20260913,5219,579,12419813549048,576,576,True,12419816136975,580,21.398,21399,57902,0.5,0.1,False,0.5,0.1,578,0.5,0.0524,0.0155,0.0118,0.6099,1772.13,1770.193,0.0524,0.5,4.2819,2.4105,-0.0281,3.8431,0.085,0.0236,0.0191,0.0066,2.1039,-0.4959,-0.0019,-0.0099,-0.8683,-3.0339,-22.8426,0.0551
60_e1_corner_throttle_40hz_20260913,5228,580,12419838578298,577,577,True,12419842942455,581,21.423,21424,57978,0.5,0.1,False,0.5,0.1,579,0.5,0.0524,0.0189,0.0124,0.627,1777.451,1775.504,0.0524,0.5,4.257,2.5456,-0.0154,3.9512,0.0868,0.0242,0.0196,0.0066,2.1194,-0.4891,-0.0019,-0.0102,-0.8721,-3.0839,-22.7589,0.0551
60_e1_corner_throttle_40hz_20260913,5237,581,12419862923060,578,578,True,12419866122637,582,21.4480019,21449,58039,0.5,0.1,False,0.5,0.1,580,0.5,0.0524,0.0221,0.0132,0.644,1782.772,1780.815,0.0524,0.5,4.2205,2.6793,-0.0307,4.0585,0.0886,0.0248,0.0202,0.0066,2.1353,-0.4822,-0.002,-0.0105,-0.876,-3.1366,-22.6737,0.0551
60_e1_corner_throttle_40hz_20260913,5246,582,12419888027381,579,579,True,12419892260492,583,21.4730015,21474,58114,0.5,0.1,False,0.5,0.1,581,0.5,0.0524,0.025,0.0139,0.661,1788.093,1786.126,0.0524,0.5,4.19,2.8181,-0.0323,4.165,0.0903,0.0254,0.0209,0.0066,2.1516,-0.475,-0.0021,-0.0108,-0.8799,-3.1921,-22.5871,0.0551
60_e1_corner_throttle_40hz_20260913,5255,583,12419913350884,580,580,True,12419916024361,584,21.4980011,21499,58185,0.5,0.1,False,0.5,0.1,582,0.5,0.0524,0.0277,0.0147,0.6778,1793.414,1791.438,0.0524,0.5,4.1626,2.9607,-0.0273,4.2709,0.092,0.026,0.0217,0.0066,2.1684,-0.4676,-0.0022,-0.0111,-0.8838,-3.2504,-22.4992,0.0551
60_e1_corner_throttle_40hz_20260913,5264,584,12419938266209,581,581,True,12419941164409,585,21.523,21524,58259,0.5,0.1,False,0.5,0.1,583,0.5,0.0524,0.0301,0.0157,0.6944,1798.735,1796.749,0.0524,0.5,4.1246,3.101,-0.0495,4.376,0.0937,0.0266,0.0226,0.0066,2.1855,-0.46,-0.0023,-0.0115,-0.8878,-3.3118,-22.4102,0.0551
60_e1_corner_throttle_40hz_20260913,5273,585,12419963627062,582,582,True,12419966034870,586,21.548,21549,58341,0.5,0.1,False,0.5,0.1,584,0.5,0.0524,0.0325,0.0167,0.711,1804.056,1802.06,0.0524,0.5,4.0967,3.2485,-0.0483,4.4804,0.0953,0.0271,0.0235,0.0066,2.2031,-0.4522,-0.0024,-0.0119,-0.8918,-3.3762,-22.3201,0.0551
60_e1_corner_throttle_40hz_20260913,5282,586,12419988726975,583,583,True,12419991035756,587,21.5730019,21574,58414,0.5,0.1,False,0.5,0.1,585,0.5,0.0524,0.0347,0.0177,0.7274,1809.377,1807.371,0.0524,0.5,4.0613,3.3904,-0.0653,4.5841,0.0969,0.0277,0.0244,0.0066,2.2211,-0.4442,-0.0025,-0.0124,-0.8959,-3.4437,-22.229,0.0551
60_e1_corner_throttle_40hz_20260913,5291,587,12420013361822,584,584,True,12420016268869,588,21.5980015,21599,58497,0.5,0.1,False,0.5,0.1,586,0.5,0.0524,0.0367,0.0188,0.7437,1814.695,1812.683,0.0524,0.5,4.0395,3.5476,-0.0511,4.6871,0.0985,0.0282,0.0254,0.0066,2.2395,-0.4359,-0.0026,-0.0129,-0.8999,-3.5144,-22.1371,0.0551
60_e1_corner_throttle_40hz_20260913,5300,588,12420038197278,585,585,True,12420041461636,589,21.6230011,21624,58570,0.5,0.1,False,0.5,0.1,587,0.5,0.0524,0.0387,0.0201,0.7599,1820.016,1817.997,0.0524,0.5,4.0007,3.6947,-0.0784,4.7893,0.1,0.0287,0.0265,0.0066,2.2583,-0.4274,-0.0027,-0.0134,-0.9039,-3.5884,-22.0446,0.0551
60_e1_corner_throttle_40hz_20260913,5308,589,12420063421464,586,586,True,12420067605332,590,21.6470013,21648,58631,0.5,0.1,False,0.5,0.1,588,0.5,0.0524,0.0404,0.0212,0.7753,1825.125,1823.096,0.0524,0.5,3.9807,3.8485,-0.0626,4.8869,0.1015,0.0292,0.0276,0.0066,2.2767,-0.4191,-0.0028,-0.0139,-0.9078,-3.6627,-21.9553,0.0551
60_e1_corner_throttle_40hz_20260913,5318,590,12420088353070,587,587,True,12420091385492,591,21.673,21674,58696,0.5,0.1,False,0.5,0.1,589,0.5,0.0524,0.0421,0.0227,0.7919,1830.658,1828.62,0.0524,0.5,3.9411,4.0091,-0.092,4.9918,0.103,0.0297,0.0288,0.0066,2.2971,-0.4098,-0.0029,-0.0145,-0.9121,-3.7467,-21.858,0.0551
60_e1_corner_throttle_40hz_20260913,5327,591,12420113824701,588,588,True,12420116278405,592,21.6980019,21699,58775,0.5,0.1,False,0.5,0.1,590,0.5,0.0524,0.0442,0.0241,0.8077,1835.98,1833.931,0.0524,0.5,3.912,4.1712,-0.1016,5.092,0.1045,0.0302,0.03,0.0066,2.3171,-0.4007,-0.003,-0.0151,-0.9161,-3.831,-21.7643,0.0551
60_e1_corner_throttle_40hz_20260913,5336,592,12420138846036,589,589,True,12420141108090,593,21.7230015,21724,58852,0.5,0.1,False,0.5,0.1,591,0.5,0.0524,0.0453,0.0256,0.8234,1841.301,1839.242,0.0524,0.5,3.8741,4.3142,-0.1313,5.1915,0.1059,0.0306,0.0313,0.0066,2.3375,-0.3913,-0.0031,-0.0157,-0.9201,-3.9189,-21.6705,0.0551
60_e1_corner_throttle_40hz_20260913,5343,593,12420162984821,590,590,True,12420165286669,594,21.7470016,21748,58921,0.5,0.1,False,0.5,0.1,592,0.5,0.0524,0.0467,0.027,0.8384,1846.409,1844.341,0.0524,0.5,3.847,4.4692,-0.1378,5.2864,0.1073,0.031,0.0325,0.0066,2.3575,-0.3821,-0.0032,-0.0163,-0.924,-4.0067,-21.5804,0.0551
60_e1_corner_throttle_40hz_20260913,5354,594,12420188086887,591,591,True,12420191482493,595,21.773,21774,58982,0.5,0.1,False,0.5,0.1,593,0.5,0.0524,0.0482,0.0286,0.8545,1851.943,1849.865,0.0524,0.5,3.8271,4.6547,-0.1231,5.3885,0.1086,0.0315,0.0339,0.0065,2.3795,-0.3719,-0.0033,-0.0169,-0.9281,-4.1056,-21.4831,0.0551
60_e1_corner_throttle_40hz_20260913,5362,595,12420212978808,592,592,True,12420218661044,596,21.797,21798,59044,0.5,0.1,False,0.5,0.1,594,0.5,0.0524,0.0494,0.0303,0.8692,1857.051,1854.963,0.0524,0.5,3.792,4.8075,-0.1515,5.4821,0.1099,0.0319,0.0352,0.0065,2.4002,-0.3622,-0.0033,-0.0176,-0.9319,-4.2006,-21.3935,0.0551
60_e1_corner_throttle_40hz_20260913,5372,596,12420238560767,593,593,True,12420241223685,597,21.8230019,21824,59080,0.5,0.1,False,0.5,0.1,595,0.5,0.0524,0.0509,0.032,0.8851,1862.585,1860.484,0.0524,0.5,3.7703,4.9901,-0.1438,5.5828,0.1112,0.0323,0.0367,0.0065,2.4231,-0.3516,-0.0034,-0.0183,-0.936,-4.3074,-21.2971,0.0551
60_e1_corner_throttle_40hz_20260913,5381,597,12420263169516,594,594,True,12420266380064,598,21.8480015,21849,59146,0.5,0.1,False,0.5,0.1,596,0.5,0.0524,0.0522,0.0338,0.9002,1867.906,1865.789,0.0524,0.5,3.7435,5.1626,-0.1512,5.6789,0.1124,0.0326,0.0381,0.0065,2.4454,-0.3411,-0.0034,-0.019,-0.9398,-4.414,-21.2052,0.0551
60_e1_corner_throttle_40hz_20260913,5389,598,12420288074041,595,595,True,12420294037456,599,21.874,21875,59221,0.5,0.1,False,0.5,0.1,597,0.5,0.0524,0.0533,0.0358,0.9158,1873.443,1871.309,0.0524,0.5,3.7065,5.3359,-0.1831,5.7781,0.1135,0.033,0.0396,0.0065,2.469,-0.33,-0.0035,-0.0198,-0.9438,-4.529,-21.1105,0.0551
60_e1_corner_throttle_40hz_20260913,5398,599,12420313796083,596,596,True,12420316368120,600,21.898,21899,59285,0.5,0.1,False,0.5,0.1,598,0.5,0.0524,0.0544,0.0377,0.9302,1878.558,1876.405,0.0524,0.5,3.6688,5.486,-0.2208,5.8691,0.1146,0.0333,0.041,0.0065,2.4912,-0.3195,-0.0035,-0.0205,-0.9474,-4.6389,-21.0241,0.0551
60_e1_corner_throttle_40hz_20260913,5408,600,12420338162977,597,597,True,12420341502407,601,21.923,21924,59351,0.5,0.1,False,0.5,0.1,599,0.5,0.0524,0.0555,0.0396,0.9449,1883.882,1881.709,0.0524,0.5,3.6427,5.665,-0.2309,5.9633,0.1157,0.0336,0.0426,0.0065,2.5147,-0.3083,-0.0035,-0.0213,-0.951,-4.7573,-20.9353,0.0551
60_e1_corner_throttle_40hz_20260913,5417,601,12420363168212,598,598,True,12420366314098,602,21.9480019,21949,59410,0.5,0.1,False,0.5,0.1,600,0.5,0.0524,0.0566,0.0418,0.9596,1889.21,1887.017,0.0524,0.5,3.612,5.8395,-0.2521,6.0568,0.1167,0.0339,0.0441,0.0065,2.5385,-0.297,-0.0035,-0.022,-0.9546,-4.8796,-20.848,0.0551
60_e1_corner_throttle_40hz_20260913,5426,602,12420388599577,599,599,True,12420391161014,603,21.9730015,21974,59477,0.5,0.1,False,0.5,0.1,601,0.5,0.0524,0.0579,0.0439,0.9742,1894.534,1892.322,0.0524,0.5,3.5941,6.0286,-0.2453,6.1496,0.1177,0.0341,0.0457,0.0065,2.5627,-0.2854,-0.0034,-0.0228,-0.9581,-5.0059,-20.7623,0.0551
60_e1_corner_throttle_40hz_20260913,5435,603,12420413045820,600,600,True,12420415526986,604,21.9970016,21998,59543,0.5,0.1,False,0.5,0.1,602,0.5,0.0524,0.0589,0.046,0.9881,1899.646,1897.417,0.0524,0.5,3.5699,6.2022,-0.2551,6.2381,0.1186,0.0344,0.0473,0.0064,2.5863,-0.2741,-0.0034,-0.0236,-0.9614,-5.1309,-20.6818,0.055
60_e1_corner_throttle_40hz_20260913,5443,604,12420438594777,601,601,True,12420441333548,605,22.023,22024,59615,0.5,0.1,False,0.5,0.1,603,0.5,0.0524,0.0599,0.0483,1.003,1905.186,1902.938,0.0524,0.5,3.5386,6.3896,-0.2804,6.3333,0.1195,0.0346,0.049,0.0064,2.6122,-0.2616,-0.0033,-0.0245,-0.9649,-5.2704,-20.5967,0.055
60_e1_corner_throttle_40hz_20260913,5452,605,12420462890497,602,602,True,12420465664704,606,22.047,22048,59688,0.5,0.1,False,0.5,0.1,604,0.5,0.0524,0.0609,0.0506,1.0166,1910.298,1908.03,0.0524,0.5,3.5112,6.5636,-0.3008,6.4206,0.1203,0.0348,0.0506,0.0064,2.6365,-0.2499,-0.0032,-0.0253,-0.9679,-5.403,-20.5202,0.055
60_e1_corner_throttle_40hz_20260913,5461,606,12420488517992,603,603,True,12420491306296,607,22.0730019,22074,59766,0.25,0.1,False,0.25,0.1,605,0.5,0.0524,0.0617,0.0532,1.0313,1915.838,1913.551,0.0524,0.5,3.463,6.7223,-0.3683,6.5145,0.1211,0.035,0.0524,0.0064,2.6631,-0.2369,-0.0031,-0.0262,-0.9712,-5.5508,-20.44,0.055
60_e1_corner_throttle_40hz_20260913,5471,607,12420513679079,604,604,True,12420516061900,608,22.0980015,22099,59849,0.25,0.1,False,0.25,0.1,606,0.25,0.0524,0.0356,0.1969,0.9907,1918.695,1916.417,0.0524,0.25,-3.4489,6.4223,-0.3288,6.4589,0.123,0.0494,0.0538,0.0085,2.6882,-0.2248,-0.0019,-0.0271,-0.974,-5.6956,-20.3663,0.0554
60_e1_corner_throttle_40hz_20260913,5479,608,12420538035293,605,605,True,12420540274644,609,22.1220016,22123,59929,0.25,0.1,False,0.25,0.1,607,0.25,0.0524,0.0234,0.1814,0.9895,1921.264,1918.996,0.0524,0.25,-2.7917,6.3135,-0.3836,6.3872,0.1228,0.07,0.0547,0.0118,2.7123,-0.2131,0.0,-0.028,-0.9766,-5.8345,-20.2998,0.0559
60_e1_corner_throttle_40hz_20260913,5489,609,12420563754731,606,606,True,12420566245074,610,22.148,22149,60016,0.25,0.1,False,0.25,0.1,608,0.25,0.0524,0.0127,0.1544,0.9811,1924.042,1921.787,0.0524,0.25,-2.2293,6.2213,-0.3657,6.3252,0.1229,0.0875,0.0555,0.0148,2.7381,-0.2005,0.0017,-0.0287,-0.9793,-5.9852,-20.2322,0.0564
60_e1_corner_throttle_40hz_20260913,5498,610,12420588479037,607,607,True,12420592044612,611,22.173,22174,60096,0.25,0.1,False,0.25,0.1,609,0.25,0.0524,0.0035,0.1332,0.974,1926.713,1924.468,0.0524,0.25,-1.7985,6.1132,-0.403,6.2779,0.123,0.1003,0.0561,0.017,2.7627,-0.1885,0.003,-0.0291,-0.9816,-6.1304,-20.1715,0.0568
60_e1_corner_throttle_40hz_20260913,5507,611,12420613650293,608,608,True,12420616060476,612,22.1980019,22199,60175,0.25,0.1,False,0.25,0.1,610,0.25,0.0524,-0.0032,0.1164,0.968,1929.383,1927.148,0.0524,0.25,-1.4572,6.0679,-0.3368,6.2401,0.1231,0.1104,0.0565,0.0187,2.7871,-0.1765,0.0042,-0.0295,-0.9838,-6.2762,-20.1146,0.057
60_e1_corner_throttle_40hz_20260913,5516,612,12420638680575,609,609,True,12420641568225,613,22.2230015,22224,60259,0.25,0.1,False,0.25,0.1,611,0.25,0.0524,-0.0088,0.1031,0.9631,1932.05,1929.822,0.0524,0.25,-1.1883,5.9894,-0.3582,6.2099,0.1231,0.1182,0.0568,0.0201,2.8113,-0.1646,0.0052,-0.0297,-0.9859,-6.4225,-20.0617,0.0573
60_e1_corner_throttle_40hz_20260913,5524,613,12420663367581,610,610,True,12420666293122,614,22.2480011,22249,60335,0.25,0.1,False,0.25,0.1,612,0.25,0.0524,-0.0132,0.0926,0.9591,1934.717,1932.498,0.0524,0.25,-0.9754,5.9274,-0.3833,6.1856,0.1231,0.1241,0.057,0.0211,2.8355,-0.1527,0.0061,-0.0298,-0.9878,-6.5694,-20.0125,0.0574
60_e1_corner_throttle_40hz_20260913,5534,614,12420688826037,611,611,True,12420692678903,615,22.2720013,22273,60409,0.25,0.1,False,0.25,0.1,613,0.25,0.0524,-0.016,0.0845,0.956,1937.276,1935.064,0.0524,0.25,-0.8046,5.8954,-0.3465,6.1669,0.1232,0.1287,0.0572,0.0219,2.8585,-0.1413,0.0068,-0.0298,-0.9895,-6.711,-19.9687,0.0576
60_e1_corner_throttle_40hz_20260913,5543,615,12420713229290,612,612,True,12420716279456,616,22.298,22299,60482,0.25,0.1,False,0.25,0.1,614,0.25,0.0524,-0.0187,0.0776,0.9534,1940.048,1937.846,0.0524,0.25,-0.6569,5.8662,-0.3593,6.1508,0.1231,0.1322,0.0573,0.0226,2.8834,-0.129,0.0075,-0.0299,-0.9912,-6.8651,-19.9251,0.0577
60_e1_corner_throttle_40hz_20260913,5551,616,12420738251716,613,613,True,12420741260104,617,22.3230019,22324,60560,0.25,0.1,False,0.25,0.1,615,0.25,0.0524,-0.0206,0.0722,0.9514,1942.712,1940.513,0.0524,0.25,-0.5427,5.8405,-0.3557,6.1385,0.1231,0.1351,0.0573,0.0231,2.9073,-0.1171,0.0081,-0.0298,-0.9926,-7.0139,-19.887,0.0578
60_e1_corner_throttle_40hz_20260913,5561,617,12420763570540,614,614,True,12420766125255,618,22.3480015,22349,60642,0.25,0.1,False,0.25,0.1,616,0.25,0.0524,-0.0219,0.0681,0.9499,1945.379,1943.183,0.0524,0.25,-0.4509,5.831,-0.3473,6.1288,0.1231,0.1371,0.0574,0.0235,2.9311,-0.1053,0.0087,-0.0298,-0.994,-7.1633,-19.8524,0.0578
60_e1_corner_throttle_40hz_20260913,5570,618,12420788148652,615,615,True,12420791106885,619,22.3730011,22374,60718,0.25,0.1,False,0.25,0.1,617,0.25,0.0524,-0.0228,0.0648,0.9486,1948.043,1945.854,0.0524,0.25,-0.3777,5.8162,-0.3392,6.1211,0.1231,0.1388,0.0574,0.0238,2.9549,-0.0935,0.0092,-0.0297,-0.9951,-7.3132,-19.8215,0.0579
60_e1_corner_throttle_40hz_20260913,5579,619,12420813354984,616,616,True,12420816187200,620,22.398,22399,60801,0.25,0.1,False,0.25,0.1,618,0.25,0.0524,-0.0233,0.0622,0.9477,1950.707,1948.524,0.0524,0.25,-0.3205,5.8004,-0.3294,6.1151,0.1231,0.1399,0.0574,0.024,2.9787,-0.0817,0.0096,-0.0296,-0.9962,-7.4637,-19.7941,0.0579
60_e1_corner_throttle_40hz_20260913,5588,620,12420838741335,617,617,True,12420841490024,621,22.423,22424,60883,0.25,0.1,False,0.25,0.1,619,0.25,0.0524,-0.0239,0.0601,0.9469,1953.37,1951.194,0.0524,0.25,-0.2732,5.7969,-0.3261,6.1103,0.1231,0.1409,0.0573,0.0242,3.0024,-0.0698,0.0101,-0.0294,-0.9971,-7.6147,-19.7704,0.0579
60_e1_corner_throttle_40hz_20260913,5597,621,12420863474488,618,618,True,12420867159247,622,22.4480019,22449,60956,0.25,0.1,False,0.25,0.1,620,0.25,0.0524,-0.0243,0.0586,0.9463,1956.031,1953.865,0.0524,0.25,-0.2411,5.7727,-0.3502,6.1065,0.123,0.1415,0.0573,0.0243,3.0262,-0.058,0.0105,-0.0293,-0.9978,-7.7661,-19.7503,0.058
60_e1_corner_throttle_40hz_20260913,5606,622,12420888854597,619,619,True,12420891105280,623,22.4730015,22474,61020,0.25,0.1,False,0.25,0.1,621,0.25,0.0524,-0.0244,0.0574,0.9458,1958.691,1956.535,0.0524,0.25,-0.2085,5.7865,-0.3144,6.1036,0.123,0.1421,0.0573,0.0244,3.0499,-0.0462,0.0109,-0.0292,-0.9984,-7.9178,-19.7337,0.058
60_e1_corner_throttle_40hz_20260913,5614,623,12420912973174,620,620,True,12420915331299,624,22.4970016,22498,61090,0.25,0.1,False,0.25,0.1,622,0.25,0.0524,-0.0246,0.0565,0.9455,1961.247,1959.097,0.0524,0.25,-0.1897,5.7679,-0.3406,6.1013,0.123,0.1424,0.0572,0.0245,3.0726,-0.0348,0.0112,-0.029,-0.9989,-8.0638,-19.7212,0.058
60_e1_corner_throttle_40hz_20260913,5624,624,12420937868862,621,621,True,12420940051848,625,22.5220013,22523,61163,0.25,0.1,False,0.25,0.1,623,0.25,0.0524,-0.0247,0.0558,0.9452,1963.908,1961.768,0.0524,0.25,-0.1739,5.7526,-0.3536,6.0995,0.123,0.1426,0.0572,0.0245,3.0963,-0.023,0.0116,-0.0289,-0.9993,-8.216,-19.7118,0.058
60_e1_corner_throttle_40hz_20260913,5633,625,12420963446173,622,622,True,12420966112156,626,22.548,22549,61239,0.25,0.1,False,0.25,0.1,624,0.25,0.0524,-0.0248,0.0552,0.9449,1966.673,1964.546,0.0524,0.25,-0.1571,5.7681,-0.3384,6.098,0.123,0.1428,0.0572,0.0245,3.1209,-0.0107,0.012,-0.0287,-0.9995,-8.3745,-19.7058,0.058
60_e1_corner_throttle_40hz_20260913,5642,626,12420988374523,623,623,True,12420991369284,627,22.5730019,22574,61315,0.25,0.1,False,0.25,0.1,625,0.25,0.0524,-0.0245,0.0548,0.9448,1969.334,1967.216,0.0524,0.25,-0.1413,5.7856,-0.3041,6.0968,0.123,0.1429,0.0571,0.0246,3.1446,0.0011,0.0123,-0.0285,-0.9995,-8.5269,-19.7037,0.058
60_e1_corner_throttle_40hz_20260913,5650,627,12421013638383,624,624,True,12421016137483,628,22.5980015,22599,61395,0.25,0.1,False,0.25,0.1,626,0.25,0.0524,-0.0248,0.0544,0.9446,1971.994,1969.887,0.0524,0.25,-0.1419,5.7434,-0.3688,6.0959,0.1229,0.1429,0.0571,0.0246,3.1682,0.013,0.0127,-0.0284,-0.9994,-8.6794,-19.7052,0.058
60_e1_corner_throttle_40hz_20260913,5660,628,12421038699262,625,625,True,12421041464022,629,22.6230011,22624,61464,0.25,0.1,False,0.25,0.1,627,0.25,0.0524,-0.0245,0.0542,0.9445,1974.655,1972.554,0.0524,0.25,-0.1286,5.7691,-0.3201,6.0953,0.1229,0.143,0.0571,0.0246,3.1919,0.0248,0.013,-0.0282,-0.9992,-8.8317,-19.7103,0.058
60_e1_corner_throttle_40hz_20260913,5669,629,12421063426143,626,626,True,12421066172508,630,22.648,22649,61538,0.25,0.1,False,0.25,0.1,628,0.25,0.0524,-0.024,0.054,0.9444,1977.315,1975.224,0.0524,0.25,-0.1161,5.8002,-0.2642,6.0947,0.1229,0.1431,0.057,0.0246,3.2156,0.0366,0.0133,-0.028,-0.9988,-8.9838,-19.719,0.058
60_e1_corner_throttle_40hz_20260913,5677,630,12421088749185,627,627,True,12421091483597,631,22.673,22674,61618,0.25,0.1,False,0.25,0.1,629,0.25,0.0524,-0.0243,0.0539,0.9444,1979.976,1977.894,0.0524,0.25,-0.1212,5.7535,-0.3337,6.0943,0.1229,0.143,0.057,0.0246,3.2392,0.0484,0.0137,-0.0279,-0.9983,-9.1357,-19.7313,0.058
60_e1_corner_throttle_40hz_20260913,5687,631,12421113179528,628,628,True,12421116311078,632,22.6980019,22699,61700,0.25,0.1,False,0.25,0.1,630,0.25,0.0524,-0.0242,0.0538,0.9443,1982.636,1980.565,0.0524,0.25,-0.1152,5.7702,-0.3135,6.0939,0.1229,0.143,0.057,0.0246,3.2629,0.0602,0.014,-0.0277,-0.9977,-9.2873,-19.7472,0.058
60_e1_corner_throttle_40hz_20260913,5696,632,12421138253612,629,629,True,12421141265236,633,22.7230015,22724,61778,0.25,0.1,False,0.25,0.1,631,0.25,0.0524,-0.0241,0.0537,0.9443,1985.297,1983.235,0.0524,0.25,-0.1152,5.7593,-0.3285,6.0937,0.1229,0.143,0.057,0.0246,3.2865,0.072,0.0143,-0.0275,-0.9969,-9.4384,-19.7667,0.058
60_e1_corner_throttle_40hz_20260913,5705,633,12421163417755,630,630,True,12421166098427,634,22.7480011,22749,61859,0.25,0.1,False,0.25,0.1,632,0.25,0.0524,-0.0242,0.0537,0.9442,1987.957,1985.906,0.0524,0.25,-0.1169,5.7405,-0.3605,6.0935,0.1229,0.1429,0.0569,0.0246,3.3102,0.0838,0.0146,-0.0273,-0.996,-9.589,-19.7897,0.058
60_e1_corner_throttle_40hz_20260913,5714,634,12421188720509,631,631,True,12421191311612,635,22.773,22774,61935,0.25,0.1,False,0.25,0.1,633,0.25,0.0524,-0.0243,0.0536,0.9442,1990.618,1988.576,0.0524,0.25,-0.1169,5.7371,-0.3712,6.0933,0.1228,0.1429,0.0569,0.0246,3.3338,0.0956,0.015,-0.0271,-0.9949,-9.739,-19.8163,0.058
60_e1_corner_throttle_40hz_20260913,5722,635,12421213040816,632,632,True,12421215586813,636,22.797,22798,62009,0.25,0.1,False,0.25,0.1,634,0.25,0.0524,-0.0239,0.0536,0.9442,1993.17,1991.138,0.0524,0.25,-0.1082,5.7705,-0.3187,6.0932,0.1229,0.1429,0.0569,0.0246,3.3565,0.1069,0.0153,-0.027,-0.9938,-9.8824,-19.8452,0.058
60_e1_corner_throttle_40hz_20260913,5732,636,12421238514391,633,633,True,12421241230969,637,22.8230019,22824,62068,0.25,0.1,False,0.25,0.1,635,0.25,0.0524,-0.0237,0.0536,0.9442,1995.939,1993.917,0.0524,0.25,-0.1071,5.7649,-0.3151,6.0931,0.1229,0.1429,0.0569,0.0246,3.3811,0.1191,0.0156,-0.0268,-0.9924,-10.0369,-19.8801,0.058
60_e1_corner_throttle_40hz_20260913,5740,637,12421263691027,634,634,True,12421266650112,638,22.8480015,22849,62132,0.25,0.1,False,0.25,0.1,636,0.25,0.0524,-0.0236,0.0535,0.9442,1998.599,1996.587,0.0524,0.25,-0.1085,5.7529,-0.3251,6.093,0.1229,0.1428,0.0569,0.0246,3.4048,0.1308,0.0159,-0.0266,-0.9909,-10.1847,-19.9173,0.058
60_e1_corner_throttle_40hz_20260913,5750,638,12421288558452,635,635,True,12421291181495,639,22.8730011,22874,62195,0.25,0.1,False,0.25,0.1,637,0.25,0.0524,-0.0238,0.0535,0.9442,2001.26,1999.257,0.0524,0.25,-0.1095,5.7477,-0.3427,6.093,0.1228,0.1428,0.0569,0.0245,3.4284,0.1425,0.0162,-0.0264,-0.9893,-10.3315,-19.9579,0.058
60_e1_corner_throttle_40hz_20260913,5758,639,12421313658896,636,636,True,12421316137848,640,22.898,22899,62264,0.25,0.1,False,0.25,0.1,638,0.25,0.0524,-0.0235,0.0535,0.9442,2003.921,2001.928,0.0524,0.25,-0.1056,5.7601,-0.3134,6.0929,0.1229,0.1428,0.0568,0.0245,3.4521,0.1542,0.0165,-0.0262,-0.9876,-10.4773,-20.0021,0.058
60_e1_corner_throttle_40hz_20260913,5768,640,12421338757376,637,637,True,12421341189640,641,22.923,22924,62331,0.25,0.1,False,0.25,0.1,639,0.25,0.0524,-0.0237,0.0536,0.9441,2006.581,2004.598,0.0524,0.25,-0.1093,5.7474,-0.343,6.0929,0.1228,0.1428,0.0568,0.0245,3.4757,0.1659,0.0168,-0.026,-0.9857,-10.622,-20.0496,0.058
60_e1_corner_throttle_40hz_20260913,5776,641,12421363756899,638,638,True,12421366253174,642,22.9480019,22949,62403,0.25,0.1,False,0.25,0.1,640,0.25,0.0524,-0.0235,0.0536,0.9441,2009.242,2007.265,0.0524,0.25,-0.1081,5.7459,-0.3395,6.0928,0.1228,0.1427,0.0568,0.0245,3.4994,0.1775,0.0171,-0.0258,-0.9836,-10.7656,-20.1006,0.058
60_e1_corner_throttle_40hz_20260913,5786,642,12421387924769,639,639,True,12421390387590,643,22.972002,22973,62466,0.25,0.1,False,0.25,0.1,641,0.25,0.0524,-0.0236,0.0535,0.9441,2011.794,2009.831,0.0524,0.25,-0.1091,5.7413,-0.3496,6.0928,0.1228,0.1427,0.0568,0.0245,3.5221,0.1887,0.0174,-0.0256,-0.9816,-10.9023,-20.1527,0.058
60_e1_corner_throttle_40hz_20260913,5795,643,12421413100865,640,640,True,12421416265416,644,22.9980011,22999,62550,0.25,0.1,False,0.25,0.1,642,0.25,0.0524,-0.0234,0.0536,0.9441,2014.563,2012.606,0.0524,0.25,-0.1033,5.7703,-0.3113,6.0928,0.1228,0.1426,0.0568,0.0245,3.5467,0.2007,0.0177,-0.0254,-0.9792,-11.0489,-20.2126,0.058
60_e1_corner_throttle_40hz_20260913,5804,644,12421438815353,641,641,True,12421441249060,645,23.023,23024,62630,0.25,0.1,False,0.25,0.1,643,0.25,0.0524,-0.0234,0.0535,0.9441,2017.223,2015.276,0.0524,0.25,-0.1079,5.7411,-0.3385,6.0928,0.1228,0.1427,0.0568,0.0245,3.5703,0.2123,0.018,-0.0251,-0.9767,-11.1885,-20.2736,0.058
60_e1_corner_throttle_40hz_20260913,5812,645,12421463905146,642,642,True,12421466531395,646,23.048,23049,62710,0.25,0.1,False,0.25,0.1,644,0.25,0.0524,-0.0234,0.0535,0.9441,2019.884,2017.947,0.0524,0.25,-0.105,5.7579,-0.3217,6.0928,0.1228,0.1427,0.0568,0.0245,3.594,0.2238,0.0183,-0.0249,-0.9741,-11.3266,-20.3379,0.058
60_e1_corner_throttle_40hz_20260913,5821,646,12421488484349,643,643,True,12421491474513,647,23.0730019,23074,62781,0.25,0.1,False,0.25,0.1,645,0.25,0.0524,-0.0233,0.0536,0.9441,2022.544,2020.617,0.0524,0.25,-0.1057,5.7536,-0.3257,6.0928,0.1228,0.1427,0.0568,0.0245,3.6176,0.2353,0.0186,-0.0247,-0.9714,-11.4632,-20.4054,0.058
60_e1_corner_throttle_40hz_20260913,5831,647,12421513390668,644,644,True,12421516157521,648,23.0980015,23099,62853,0.25,0.1,False,0.25,0.1,646,0.25,0.0524,-0.0234,0.0536,0.9441,2025.205,2023.287,0.0524,0.25,-0.1047,5.7609,-0.3229,6.0928,0.1228,0.1426,0.0568,0.0245,3.6413,0.2468,0.0189,-0.0245,-0.9686,-11.5981,-20.4762,0.058
60_e1_corner_throttle_40hz_20260913,5840,648,12421538570951,645,645,True,12421541167614,649,23.1230011,23124,62931,0.25,0.1,False,0.25,0.1,647,0.25,0.0524,-0.0234,0.0536,0.9441,2027.865,2025.958,0.0524,0.25,-0.1046,5.7628,-0.3225,6.0928,0.1228,0.1426,0.0568,0.0245,3.6649,0.2582,0.0192,-0.0242,-0.9656,-11.7313,-20.5501,0.058
60_e1_corner_throttle_40hz_20260913,5849,649,12421562982068,646,646,True,12421565286632,650,23.1470013,23148,63011,0.25,0.1,False,0.25,0.1,648,0.25,0.0524,-0.0234,0.0536,0.9441,2030.418,2028.52,0.0524,0.25,-0.1079,5.7462,-0.3448,6.0928,0.1228,0.1426,0.0568,0.0245,3.6876,0.2692,0.0194,-0.024,-0.9626,-11.8575,-20.624,0.058
60_e1_corner_throttle_40hz_20260913,5858,650,12421588673533,647,647,True,12421591435778,651,23.173,23174,63093,0.25,0.1,False,0.25,0.1,649,0.25,0.0524,-0.0235,0.0536,0.9442,2033.186,2031.298,0.0524,0.25,-0.11,5.7365,-0.3577,6.0927,0.1228,0.1425,0.0568,0.0245,3.7122,0.281,0.0197,-0.0238,-0.9592,-11.9923,-20.7073,0.058
60_e1_corner_throttle_40hz_20260913,5866,651,12421613700388,648,648,True,12421616244142,652,23.1980019,23199,63168,0.25,0.1,False,0.25,0.1,650,0.25,0.0524,-0.0232,0.0535,0.9442,2035.847,2033.969,0.0524,0.25,-0.1053,5.7534,-0.323,6.0928,0.1228,0.1426,0.0568,0.0245,3.7358,0.2923,0.02,-0.0235,-0.9558,-12.1199,-20.7904,0.058
60_e1_corner_throttle_40hz_20260913,5876,652,12421638715351,649,649,True,12421641138638,653,23.2230015,23224,63253,0.25,0.1,False,0.25,0.1,651,0.25,0.0524,-0.0232,0.0536,0.9441,2038.508,2036.639,0.0524,0.25,-0.1032,5.7673,-0.3126,6.0928,0.1228,0.1426,0.0568,0.0245,3.7595,0.3036,0.0203,-0.0233,-0.9523,-12.2455,-20.8766,0.058
60_e1_corner_throttle_40hz_20260913,5884,653,12421663720735,650,650,True,12421666257566,654,23.2480011,23249,63336,0.25,0.1,False,0.25,0.1,652,0.25,0.0524,-0.0234,0.0536,0.9441,2041.168,2039.306,0.0524,0.25,-0.1106,5.7327,-0.3611,6.0927,0.1228,0.1426,0.0568,0.0245,3.7831,0.3148,0.0206,-0.0231,-0.9486,-12.3691,-20.9657,0.058
60_e1_corner_throttle_40hz_20260913,5894,654,12421688559918,651,651,True,12421692165628,655,23.273,23274,63417,0.25,0.1,False,0.25,0.1,653,0.25,0.0524,-0.0234,0.0536,0.9441,2043.829,2041.976,0.0524,0.25,-0.1066,5.7538,-0.3396,6.0927,0.1228,0.1425,0.0568,0.0245,3.8068,0.326,0.0208,-0.0228,-0.9449,-12.4905,-21.0577,0.058
60_e1_corner_throttle_40hz_20260913,5902,655,12421713844537,652,652,True,12421716289455,656,23.2960014,23297,63481,0.25,0.1,False,0.25,0.1,654,0.25,0.0524,-0.0233,0.0536,0.9441,2046.276,2044.434,0.0524,0.25,-0.1042,5.7698,-0.3263,6.0927,0.1228,0.1425,0.0568,0.0245,3.8286,0.3363,0.0211,-0.0226,-0.9413,-12.6003,-21.1448,0.058
60_e1_corner_throttle_40hz_20260913,5912,656,12421738606274,653,653,True,12421741185795,657,23.3230019,23324,63556,0.25,0.1,False,0.25,0.1,655,0.25,0.0524,-0.0234,0.0536,0.9441,2049.15,2047.317,0.0524,0.25,-0.1064,5.7553,-0.3374,6.0927,0.1228,0.1425,0.0568,0.0245,3.8541,0.3483,0.0214,-0.0223,-0.9369,-12.7266,-21.2502,0.058
60_e1_corner_throttle_40hz_20260913,5921,657,12421763544712,654,654,True,12421766298521,658,23.3480015,23349,63634,0.25,0.1,False,0.25,0.1,656,0.25,0.0524,-0.023,0.0536,0.9441,2051.81,2049.988,0.0524,0.25,-0.0976,5.7962,-0.2741,6.0927,0.1228,0.1426,0.0568,0.0245,3.8777,0.3593,0.0216,-0.0221,-0.9327,-12.8412,-21.3506,0.058
60_e1_corner_throttle_40hz_20260913,5930,658,12421788151317,655,655,True,12421791363728,659,23.3730011,23374,63716,0.25,0.1,False,0.25,0.1,657,0.25,0.0524,-0.0232,0.0536,0.9441,2054.471,2052.658,0.0524,0.25,-0.1042,5.7648,-0.3208,6.0927,0.1228,0.1425,0.0568,0.0245,3.9014,0.3703,0.0219,-0.0218,-0.9284,-12.9534,-21.4536,0.058
60_e1_corner_throttle_40hz_20260913,5938,659,12421813136013,656,656,True,12421815998496,660,23.3970013,23398,63785,0.25,0.1,False,0.25,0.1,658,0.25,0.0524,-0.0232,0.0536,0.9441,2057.023,2055.22,0.0524,0.25,-0.1066,5.7486,-0.3341,6.0927,0.1228,0.1425,0.0568,0.0245,3.9241,0.3808,0.0221,-0.0216,-0.9241,-13.0588,-21.5551,0.058
60_e1_corner_throttle_40hz_20260913,5948,660,12421838137190,657,657,True,12421841284068,661,23.423,23424,63859,0.25,0.1,False,0.25,0.1,659,0.25,0.0524,-0.0233,0.0536,0.9441,2059.792,2057.999,0.0524,0.25,-0.1049,5.758,-0.3275,6.0927,0.1228,0.1425,0.0568,0.0245,3.9487,0.3922,0.0224,-0.0213,-0.9194,-13.1703,-21.6676,0.058
60_e1_corner_throttle_40hz_20260913,5957,661,12421862919866,658,658,True,12421865125644,662,23.447,23448,63932,0.25,0.1,False,0.25,0.1,660,0.25,0.0524,-0.0233,0.0536,0.9441,2062.344,2060.561,0.0524,0.25,-0.1101,5.7351,-0.3604,6.0927,0.1228,0.1425,0.0568,0.0245,3.9714,0.4026,0.0226,-0.021,-0.9149,-13.2707,-21.7739,0.058
60_e1_corner_throttle_40hz_20260913,5965,662,12421887889393,659,659,True,12421890531231,663,23.472002,23473,64004,0.25,0.1,False,0.25,0.1,661,0.25,0.0524,-0.0231,0.0536,0.9441,2065.005,2063.231,0.0524,0.25,-0.1038,5.7661,-0.3198,6.0927,0.1228,0.1425,0.0568,0.0245,3.995,0.4134,0.0229,-0.0208,-0.91,-13.3728,-21.887,0.058
60_e1_corner_throttle_40hz_20260913,5975,663,12421912973155,660,660,True,12421915203289,664,23.4970016,23498,64074,0.25,0.1,False,0.25,0.1,662,0.25,0.0524,-0.0231,0.0536,0.9441,2067.666,2065.902,0.0524,0.25,-0.1063,5.7475,-0.3338,6.0927,0.1228,0.1425,0.0567,0.0245,4.0187,0.4241,0.0231,-0.0205,-0.9051,-13.4721,-22.0025,0.058
60_e1_corner_throttle_40hz_20260913,5983,664,12421938492836,661,661,True,12421941301308,665,23.523,23524,64152,0.25,0.1,False,0.25,0.1,663,0.25,0.0524,-0.023,0.0536,0.9441,2070.434,2068.68,0.0524,0.25,-0.1018,5.7718,-0.3027,6.0928,0.1228,0.1426,0.0567,0.0245,4.0433,0.4352,0.0234,-0.0202,-0.8998,-13.5725,-22.1251,0.058
60_e1_corner_throttle_40hz_20260913,5992,665,12421963316179,662,662,True,12421966120703,666,23.548,23549,64227,0.25,0.1,False,0.25,0.1,664,0.25,0.0524,-0.0232,0.0536,0.9441,2073.094,2071.347,0.0524,0.25,-0.1055,5.753,-0.3325,6.0927,0.1228,0.1425,0.0567,0.0245,4.0669,0.4458,0.0236,-0.0199,-0.8946,-13.6662,-22.2452,0.058
60_e1_corner_throttle_40hz_20260913,6002,666,12421988851059,663,663,True,12421991124895,667,23.5730019,23574,64306,0.25,0.1,False,0.25,0.1,665,0.25,0.0524,-0.0231,0.0536,0.9441,2075.755,2074.017,0.0524,0.25,-0.1049,5.7593,-0.3204,6.0927,0.1228,0.1425,0.0567,0.0245,4.0906,0.4564,0.0239,-0.0196,-0.8893,-13.757,-22.3675,0.058
60_e1_corner_throttle_40hz_20260913,6011,667,12422013502809,664,664,True,12422016102117,668,23.5980015,23599,64378,0.25,0.1,False,0.25,0.1,666,0.25,0.0524,-0.0232,0.0536,0.9441,2078.416,2076.688,0.0524,0.25,-0.1051,5.7582,-0.325,6.0927,0.1228,0.1425,0.0567,0.0245,4.1142,0.4668,0.0241,-0.0194,-0.8838,-13.8449,-22.492,0.058
60_e1_corner_throttle_40hz_20260913,6019,668,12422038816854,665,665,True,12422041220444,669,23.6230011,23624,64458,0.25,0.1,False,0.25,0.1,667,0.25,0.0524,-0.0234,0.0537,0.9441,2081.076,2079.358,0.0524,0.25,-0.1099,5.7362,-0.3614,6.0927,0.1228,0.1425,0.0567,0.0245,4.1379,0.4773,0.0243,-0.0191,-0.8782,-13.9298,-22.6184,0.058
60_e1_corner_throttle_40hz_20260913,6029,669,12422062953395,666,666,True,12422066714187,670,23.6470013,23648,64515,0.25,0.1,False,0.25,0.1,668,0.25,0.0524,-0.0231,0.0536,0.9441,2083.629,2081.92,0.0524,0.25,-0.104,5.7593,-0.3203,6.0928,0.1228,0.1425,0.0567,0.0245,4.1606,0.4872,0.0245,-0.0188,-0.8727,-14.0084,-22.7417,0.058
60_e1_corner_throttle_40hz_20260913,6037,670,12422088709301,667,667,True,12422091475673,671,23.673,23674,64575,0.25,0.1,False,0.25,0.1,669,0.25,0.0524,-0.0231,0.0537,0.9441,2086.397,2084.699,0.0524,0.25,-0.1064,5.7527,-0.3341,6.0928,0.1228,0.1425,0.0567,0.0245,4.1852,0.4979,0.0248,-0.0185,-0.8667,-14.0905,-22.8773,0.058
60_e1_corner_throttle_40hz_20260913,6047,671,12422113486416,668,668,True,12422116305357,672,23.6980019,23699,64644,0.25,0.1,False,0.25,0.1,670,0.25,0.0524,-0.0233,0.0537,0.9441,2089.058,2087.369,0.0524,0.25,-0.1071,5.7513,-0.3381,6.0927,0.1228,0.1425,0.0567,0.0245,4.2088,0.5081,0.025,-0.0182,-0.8607,-14.1662,-23.0094,0.058
60_e1_corner_throttle_40hz_20260913,6055,672,12422138677380,669,669,True,12422141147856,673,23.7230015,23724,64722,0.25,0.1,False,0.25,0.1,671,0.25,0.0524,-0.0232,0.0536,0.9441,2091.718,2090.04,0.0524,0.25,-0.1038,5.7641,-0.3247,6.0928,0.1228,0.1425,0.0567,0.0245,4.2325,0.5183,0.0252,-0.0179,-0.8547,-14.2388,-23.1434,0.058
60_e1_corner_throttle_40hz_20260913,6065,673,12422163787191,670,670,True,12422166095462,674,23.7480011,23749,64801,0.25,0.1,False,0.25,0.1,672,0.25,0.0524,-0.0231,0.0536,0.9441,2094.379,2092.71,0.0524,0.25,-0.1087,5.7435,-0.3475,6.0927,0.1228,0.1425,0.0567,0.0245,4.2561,0.5283,0.0254,-0.0176,-0.8485,-14.3082,-23.279,0.058
60_e1_corner_throttle_40hz_20260913,6073,674,12422188526916,671,671,True,12422191220621,675,23.773,23774,64877,0.25,0.1,False,0.25,0.1,673,0.25,0.0524,-0.0232,0.0536,0.9441,2097.039,2095.38,0.0524,0.25,-0.1047,5.7633,-0.325,6.0927,0.1228,0.1425,0.0567,0.0245,4.2798,0.5383,0.0256,-0.0173,-0.8422,-14.3744,-23.4162,0.058
60_e1_corner_throttle_40hz_20260913,6083,675,12422212900272,672,672,True,12422215322246,676,23.797,23798,64950,0.25,0.1,False,0.25,0.1,674,0.25,0.0524,-0.0231,0.0536,0.9441,2099.592,2097.943,0.0524,0.25,-0.1024,5.7709,-0.3098,6.0927,0.1228,0.1425,0.0567,0.0245,4.3025,0.5478,0.0258,-0.017,-0.836,-14.4348,-23.5494,0.058
60_e1_corner_throttle_40hz_20260913,6092,676,12422238607536,673,673,True,12422241282226,677,23.8230019,23824,65031,0.25,0.1,False,0.25,0.1,675,0.25,0.0524,-0.0232,0.0537,0.9441,2102.357,2100.721,0.0524,0.25,-0.1093,5.7411,-0.3507,6.0927,0.1228,0.1425,0.0567,0.0245,4.3271,0.5581,0.026,-0.0167,-0.8292,-14.4969,-23.6952,0.058
60_e1_corner_throttle_40hz_20260913,6101,677,12422263862260,674,674,True,12422266582726,678,23.8480015,23849,65088,0.25,0.1,False,0.25,0.1,676,0.25,0.0524,-0.0232,0.0536,0.9441,2105.018,2103.388,0.0524,0.25,-0.1045,5.7611,-0.319,6.0927,0.1228,0.1425,0.0567,0.0245,4.3507,0.5678,0.0262,-0.0164,-0.8226,-14.5531,-23.8367,0.058
60_e1_corner_throttle_40hz_20260913,6109,678,12422288463124,675,675,True,12422291697797,679,23.8730011,23874,65155,0.25,0.1,False,0.25,0.1,677,0.25,0.0524,-0.0231,0.0536,0.9441,2107.678,2106.058,0.0524,0.25,-0.1044,5.7616,-0.3217,6.0927,0.1228,0.1425,0.0567,0.0245,4.3744,0.5775,0.0264,-0.0161,-0.8158,-14.6061,-23.9796,0.058
60_e1_corner_throttle_40hz_20260913,6118,679,12422313428092,676,676,True,12422316429617,680,23.898,23899,65217,0.25,0.1,False,0.25,0.1,678,0.25,0.0524,-0.0231,0.0536,0.9441,2110.339,2108.729,0.0524,0.25,-0.1053,5.7595,-0.3262,6.0927,0.1228,0.1425,0.0567,0.0245,4.398,0.5871,0.0266,-0.0158,-0.8089,-14.6556,-24.1237,0.058
60_e1_corner_throttle_40hz_20260913,6128,680,12422338352535,677,677,True,12422341327039,681,23.923,23924,65278,0.25,0.1,False,0.25,0.1,679,0.25,0.0524,-0.0233,0.0536,0.9441,2112.999,2111.399,0.0524,0.25,-0.1039,5.7643,-0.3236,6.0927,0.1228,0.1425,0.0567,0.0245,4.4217,0.5967,0.0268,-0.0154,-0.8019,-14.7017,-24.2689,0.058
60_e1_corner_throttle_40hz_20260913,6137,681,12422363297235,678,678,True,12422366336481,682,23.9480019,23949,65331,0.25,0.1,False,0.25,0.1,680,0.25,0.0524,-0.0234,0.0536,0.9441,2115.66,2114.069,0.0524,0.25,-0.1107,5.7338,-0.3632,6.0927,0.1228,0.1425,0.0567,0.0245,4.4453,0.6061,0.0269,-0.0151,-0.7948,-14.7443,-24.4151,0.058
60_e1_corner_throttle_40hz_20260913,6146,682,12422388373463,679,679,True,12422391243040,683,23.9730015,23974,65396,0.25,0.1,False,0.25,0.1,681,0.25,0.0524,-0.0231,0.0536,0.9441,2118.32,2116.74,0.0524,0.25,-0.105,5.7586,-0.3219,6.0927,0.1228,0.1425,0.0567,0.0245,4.469,0.6155,0.0271,-0.0148,-0.7876,-14.7835,-24.5623,0.058
60_e1_corner_throttle_40hz_20260913,6155,683,12422413804027,680,680,True,12422416216604,684,23.9980011,23999,65469,0.25,0.1,False,0.25,0.1,682,0.25,0.0524,-0.0232,0.0536,0.9441,2120.981,2119.41,0.0524,0.25,-0.1046,5.7628,-0.327,6.0927,0.1228,0.1425,0.0567,0.0245,4.4926,0.6247,0.0273,-0.0145,-0.7802,-14.8192,-24.7104,0.058
60_e1_corner_throttle_40hz_20260913,6164,684,12422438572977,681,681,True,12422442635708,685,24.0210018,24022,65529,0.25,0.1,False,0.25,0.1,683,0.25,0.0524,-0.0233,0.0536,0.9441,2123.429,2121.868,0.0524,0.25,-0.1091,5.7378,-0.3543,6.0927,0.1228,0.1425,0.0567,0.0245,4.5144,0.6332,0.0274,-0.0142,-0.7734,-14.8489,-24.8474,0.058
60_e1_corner_throttle_40hz_20260913,6173,685,12422462919072,682,682,True,12422466383307,686,24.047,24048,65597,0.25,0.1,False,0.25,0.1,684,0.25,0.0524,-0.0232,0.0536,0.9441,2126.197,2124.643,0.0524,0.25,-0.1072,5.7435,-0.3388,6.0927,0.1228,0.1425,0.0567,0.0245,4.539,0.6426,0.0276,-0.0138,-0.7655,-14.8789,-25.003,0.058
60_e1_corner_throttle_40hz_20260913,6181,686,12422488392186,683,683,True,12422491506082,687,24.0730019,24074,65663,0.25,0.1,False,0.25,0.1,685,0.25,0.0524,-0.0231,0.0536,0.9441,2128.962,2127.421,0.0524,0.25,-0.1054,5.7587,-0.3263,6.0927,0.1228,0.1425,0.0567,0.0245,4.5636,0.652,0.0278,-0.0135,-0.7576,-14.9051,-25.1592,0.058
60_e1_corner_throttle_40hz_20260913,6191,687,12422513102927,684,684,True,12422517926869,688,24.0980015,24099,65717,0.25,0.1,False,0.25,0.1,686,0.25,0.0524,-0.0231,0.0537,0.9441,2131.623,2130.092,0.0524,0.25,-0.1052,5.757,-0.3261,6.0927,0.1228,0.1425,0.0567,0.0245,4.5872,0.6609,0.0279,-0.0132,-0.7498,-14.9267,-25.31,0.058
60_e1_corner_throttle_40hz_20260913,6200,688,12422538865916,685,685,True,12422541354436,689,24.1230011,24124,65778,0.25,0.1,False,0.25,0.1,687,0.25,0.0524,-0.0233,0.0536,0.9441,2134.284,2132.762,0.0524,0.25,-0.1067,5.7531,-0.3364,6.0927,0.1228,0.1425,0.0567,0.0245,4.6109,0.6697,0.0281,-0.0128,-0.742,-14.9446,-25.4613,0.058
60_e1_corner_throttle_40hz_20260913,6209,689,12422563806850,686,686,True,12422566332109,690,24.148,24149,65848,0.25,0.1,False,0.25,0.1,688,0.25,0.0524,-0.0231,0.0536,0.9441,2136.944,2135.429,0.0524,0.25,-0.1047,5.7626,-0.3254,6.0927,0.1228,0.1425,0.0567,0.0245,4.6345,0.6785,0.0282,-0.0125,-0.734,-14.959,-25.613,0.058
60_e1_corner_throttle_40hz_20260913,6218,690,12422588452778,687,687,True,12422591101169,691,24.173,24174,65927,0.25,0.1,False,0.25,0.1,689,0.25,0.0524,-0.0232,0.0537,0.9441,2139.605,2138.099,0.0524,0.25,-0.1055,5.7593,-0.3246,6.0927,0.1228,0.1425,0.0567,0.0245,4.6582,0.6871,0.0284,-0.0122,-0.7259,-14.9698,-25.7649,0.058
60_e1_corner_throttle_40hz_20260913,6227,691,12422613459866,688,688,True,12422616382202,692,24.1980019,24199,66007,0.25,0.1,False,0.25,0.1,690,0.25,0.0524,-0.0233,0.0537,0.9441,2142.265,2140.77,0.0524,0.25,-0.1072,5.7507,-0.3419,6.0927,0.1228,0.1425,0.0567,0.0245,4.6818,0.6956,0.0285,-0.0118,-0.7177,-14.977,-25.9171,0.058
60_e1_corner_throttle_40hz_20260913,6236,692,12422638667752,689,689,True,12422641033260,693,24.2230015,24224,66086,0.25,0.1,False,0.25,0.1,691,0.25,0.0524,-0.0231,0.0536,0.9441,2144.926,2143.44,0.0524,0.25,-0.1057,5.7551,-0.3316,6.0927,0.1228,0.1425,0.0567,0.0245,4.7055,0.7041,0.0287,-0.0115,-0.7095,-14.9806,-26.0694,0.058
60_e1_corner_throttle_40hz_20260913,6244,693,12422663787932,690,690,True,12422666473823,694,24.2480011,24249,66157,0.25,0.1,False,0.25,0.1,692,0.25,0.0524,-0.0231,0.0536,0.9441,2147.586,2146.11,0.0524,0.25,-0.104,5.7658,-0.3171,6.0927,0.1228,0.1425,0.0567,0.0245,4.7291,0.7124,0.0288,-0.0112,-0.7011,-14.9806,-26.2218,0.058
60_e1_corner_throttle_40hz_20260913,6254,694,12422688508091,691,691,True,12422691222335,695,24.273,24274,66229,0.25,0.1,False,0.25,0.1,693,0.25,0.0524,-0.023,0.0537,0.9441,2150.247,2148.781,0.0524,0.25,-0.1037,5.7654,-0.3127,6.0928,0.1228,0.1425,0.0567,0.0245,4.7528,0.7206,0.0289,-0.0108,-0.6926,-14.977,-26.3741,0.058
60_e1_corner_throttle_40hz_20260913,6263,695,12422713707851,692,692,True,12422716146968,696,24.298,24299,66306,0.25,0.1,False,0.25,0.1,694,0.25,0.0524,-0.0232,0.0536,0.9441,2152.907,2151.451,0.0524,0.25,-0.1053,5.7595,-0.3246,6.0927,0.1228,0.1425,0.0567,0.0245,4.7764,0.7288,0.0291,-0.0105,-0.684,-14.9698,-26.5262,0.058
60_e1_corner_throttle_40hz_20260913,6271,696,12422738566369,693,693,True,12422741252931,697,24.3230019,24324,66384,0.25,0.1,False,0.25,0.1,695,0.25,0.0524,-0.0231,0.0536,0.9441,2155.568,2154.122,0.0524,0.25,-0.1018,5.7741,-0.3039,6.0927,0.1228,0.1425,0.0567,0.0245,4.8001,0.7368,0.0292,-0.0101,-0.6754,-14.959,-26.6782,0.058
60_e1_corner_throttle_40hz_20260913,6281,697,12422763852201,694,694,True,12422766141897,698,24.3480015,24349,66456,0.25,0.1,False,0.25,0.1,696,0.25,0.0524,-0.0229,0.0537,0.9441,2158.228,2156.792,0.0524,0.25,-0.1013,5.7756,-0.2998,6.0928,0.1228,0.1426,0.0567,0.0245,4.8237,0.7448,0.0293,-0.0098,-0.6666,-14.9446,-26.8298,0.058
60_e1_corner_throttle_40hz_20260913,6290,698,12422787969245,695,695,True,12422790556310,699,24.3720016,24373,66529,0.25,0.1,False,0.25,0.1,697,0.25,0.0524,-0.0233,0.0537,0.9441,2160.784,2159.354,0.0524,0.25,-0.1094,5.7358,-0.3552,6.0927,0.1228,0.1425,0.0567,0.0245,4.8464,0.7523,0.0294,-0.0095,-0.6581,-14.9274,-26.9751,0.058
60_e1_corner_throttle_40hz_20260913,6299,699,12422813752773,696,696,True,12422817087054,700,24.398,24399,66596,0.25,0.1,False,0.25,0.1,698,0.25,0.0524,-0.0232,0.0536,0.9441,2163.55,2162.132,0.0524,0.25,-0.1064,5.7549,-0.3346,6.0928,0.1228,0.1425,0.0567,0.0245,4.871,0.7603,0.0295,-0.0091,-0.6488,-14.9051,-27.1319,0.058
60_e1_corner_throttle_40hz_20260913,6307,700,12422838377271,697,697,True,12422841162199,701,24.423,24424,66658,0.25,0.1,False,0.25,0.1,699,0.25,0.0524,-0.0231,0.0536,0.9441,2166.21,2164.803,0.0524,0.25,-0.102,5.7739,-0.3061,6.0927,0.1228,0.1425,0.0567,0.0245,4.8946,0.7679,0.0296,-0.0087,-0.6398,-14.88,-27.2822,0.058
60_e1_corner_throttle_40hz_20260913,6316,701,12422863700794,698,698,True,12422866069749,702,24.4480019,24449,66736,0.25,0.1,False,0.25,0.1,700,0.25,0.0524,-0.0231,0.0536,0.9441,2168.871,2167.473,0.0524,0.25,-0.1061,5.7534,-0.3326,6.0927,0.1228,0.1425,0.0567,0.0245,4.9183,0.7754,0.0297,-0.0084,-0.6307,-14.8513,-27.4318,0.058
60_e1_corner_throttle_40hz_20260913,6326,702,12422888495733,699,699,True,12422891295769,703,24.4730015,24474,66810,0.25,0.1,False,0.25,0.1,701,0.25,0.0524,-0.0234,0.0536,0.9441,2171.531,2170.14,0.0524,0.25,-0.113,5.7186,-0.378,6.0927,0.1228,0.1425,0.0567,0.0245,4.9419,0.7828,0.0298,-0.008,-0.6214,-14.8191,-27.5807,0.058
60_e1_corner_throttle_40hz_20260913,6335,703,12422913698239,700,700,True,12422916295393,704,24.4980011,24499,66881,0.25,0.1,False,0.25,0.1,702,0.25,0.0524,-0.023,0.0537,0.9441,2174.192,2172.811,0.0524,0.25,-0.1023,5.772,-0.3068,6.0928,0.1228,0.1425,0.0567,0.0245,4.9656,0.7901,0.0299,-0.0077,-0.6121,-14.7834,-27.7288,0.058
60_e1_corner_throttle_40hz_20260913,6344,704,12422938031539,701,701,True,12422940365108,705,24.5220013,24523,66952,0.25,0.1,False,0.25,0.1,703,0.25,0.0524,-0.0231,0.0536,0.9441,2176.747,2175.376,0.0524,0.25,-0.106,5.7562,-0.3313,6.0928,0.1228,0.1425,0.0567,0.0245,4.9883,0.797,0.03,-0.0073,-0.6031,-14.7459,-27.8701,0.058
60_e1_corner_throttle_40hz_20260913,6353,705,12422963096296,702,702,True,12422965249304,706,24.547,24548,67026,0.25,0.1,False,0.25,0.1,704,0.25,0.0524,-0.0233,0.0536,0.9441,2179.408,2178.047,0.0524,0.25,-0.1057,5.7542,-0.3334,6.0928,0.1228,0.1425,0.0567,0.0245,5.0119,0.8041,0.0301,-0.007,-0.5937,-14.7034,-28.0164,0.058
60_e1_corner_throttle_40hz_20260913,6361,706,12422988603604,703,703,True,12422991275529,707,24.5730019,24574,67108,0.25,0.1,False,0.25,0.1,705,0.25,0.0524,-0.0231,0.0536,0.9441,2182.173,2180.822,0.0524,0.25,-0.1032,5.7638,-0.3154,6.0928,0.1228,0.1425,0.0567,0.0245,5.0365,0.8113,0.0302,-0.0066,-0.5837,-14.6555,-28.1675,0.058
60_e1_corner_throttle_40hz_20260913,6370,707,12423013135599,704,704,True,12423015317372,708,24.597002,24598,67188,0.25,0.1,False,0.25,0.1,706,0.25,0.0524,-0.0234,0.0536,0.9441,2184.729,2183.384,0.0524,0.25,-0.1105,5.7344,-0.3654,6.0928,0.1228,0.1425,0.0567,0.0245,5.0592,0.8179,0.0302,-0.0063,-0.5745,-14.608,-28.3058,0.058
60_e1_corner_throttle_40hz_20260913,6380,708,12423038416341,705,705,True,12423041262003,709,24.6230011,24624,67274,0.25,0.1,False,0.25,0.1,707,0.25,0.0524,-0.0232,0.0536,0.9441,2187.494,2186.163,0.0524,0.25,-0.1052,5.7574,-0.3279,6.0928,0.1228,0.1425,0.0567,0.0245,5.0838,0.8249,0.0303,-0.0059,-0.5644,-14.553,-28.4544,0.058
60_e1_corner_throttle_40hz_20260913,6389,709,12423063608527,706,706,True,12423066079644,710,24.648,24649,67359,0.25,0.1,False,0.25,0.1,708,0.25,0.0524,-0.0233,0.0536,0.9441,2190.155,2188.833,0.0524,0.25,-0.1073,5.749,-0.3425,6.0928,0.1228,0.1425,0.0567,0.0245,5.1075,0.8315,0.0304,-0.0055,-0.5546,-14.4968,-28.596,0.058
60_e1_corner_throttle_40hz_20260913,6398,710,12423088225832,707,707,True,12423091318828,711,24.673,24674,67438,0.25,0.1,False,0.25,0.1,709,0.25,0.0524,-0.0233,0.0537,0.9441,2192.815,2191.503,0.0524,0.25,-0.1093,5.736,-0.3539,6.0928,0.1228,0.1425,0.0567,0.0245,5.1311,0.838,0.0305,-0.0052,-0.5447,-14.4371,-28.7361,0.058
60_e1_corner_throttle_40hz_20260913,6407,711,12423113465096,708,708,True,12423116253280,712,24.6980019,24699,67519,0.25,0.1,False,0.25,0.1,710,0.25,0.0524,-0.0231,0.0536,0.9441,2195.476,2194.173,0.0524,0.25,-0.104,5.7647,-0.3206,6.0927,0.1228,0.1425,0.0567,0.0245,5.1548,0.8444,0.0305,-0.0048,-0.5348,-14.3742,-28.8749,0.058
60_e1_corner_throttle_40hz_20260913,6416,712,12423138120022,709,709,True,12423141213459,713,24.7230015,24724,67587,0.25,0.1,False,0.25,0.1,711,0.25,0.0524,-0.0229,0.0536,0.9441,2198.136,2196.844,0.0524,0.25,-0.1002,5.7763,-0.2913,6.0928,0.1228,0.1425,0.0567,0.0245,5.1784,0.8507,0.0306,-0.0045,-0.5248,-14.3081,-29.0121,0.058
60_e1_corner_throttle_40hz_20260913,6425,713,12423163756804,710,710,True,12423166456731,714,24.7480011,24749,67667,0.25,0.1,False,0.25,0.1,712,0.25,0.0524,-0.0232,0.0536,0.9441,2200.797,2199.514,0.0524,0.25,-0.1046,5.7621,-0.3258,6.0927,0.1228,0.1425,0.0567,0.0245,5.2021,0.8568,0.0306,-0.0041,-0.5147,-14.2387,-29.1477,0.058
60_e1_corner_throttle_40hz_20260913,6434,714,12423188050991,711,711,True,12423192234208,715,24.773,24774,67749,0.25,0.1,False,0.25,0.1,713,0.25,0.0524,-0.023,0.0536,0.9441,2203.458,2202.181,0.0524,0.25,-0.1048,5.7579,-0.3202,6.0927,0.1228,0.1425,0.0567,0.0245,5.2257,0.8629,0.0307,-0.0037,-0.5045,-14.1661,-29.2817,0.058
60_e1_corner_throttle_40hz_20260913,6443,715,12423213643420,712,712,True,12423216202382,716,24.798,24799,67823,0.25,0.1,False,0.25,0.1,714,0.25,0.0524,-0.023,0.0536,0.9441,2206.118,2204.852,0.0524,0.25,-0.1063,5.7505,-0.3327,6.0927,0.1228,0.1425,0.0567,0.0245,5.2494,0.8688,0.0307,-0.0034,-0.4943,-14.0904,-29.4139,0.058
60_e1_corner_throttle_40hz_20260913,6452,716,12423238651790,713,713,True,12423241475200,717,24.8230019,24824,67901,0.25,0.1,False,0.25,0.1,715,0.25,0.0524,-0.0231,0.0536,0.9441,2208.779,2207.522,0.0524,0.25,-0.105,5.7598,-0.3242,6.0927,0.1228,0.1425,0.0567,0.0245,5.273,0.8745,0.0307,-0.003,-0.484,-14.0115,-29.5442,0.058
60_e1_corner_throttle_40hz_20260913,6460,717,12423263453702,714,714,True,12423266437804,718,24.8480015,24849,67977,0.25,0.1,False,0.25,0.1,716,0.25,0.0524,-0.0232,0.0536,0.9441,2211.439,2210.192,0.0524,0.25,-0.1059,5.7534,-0.3333,6.0927,0.1228,0.1425,0.0567,0.0245,5.2967,0.8802,0.0308,-0.0026,-0.4736,-13.9296,-29.6727,0.058
60_e1_corner_throttle_40hz_20260913,6470,718,12423288470738,715,715,True,12423291425525,719,24.8730011,24874,68046,0.25,0.1,False,0.25,0.1,717,0.25,0.0524,-0.023,0.0536,0.9441,2214.1,2212.863,0.0524,0.25,-0.1022,5.771,-0.3048,6.0928,0.1228,0.1425,0.0567,0.0245,5.3203,0.8857,0.0308,-0.0023,-0.4631,-13.8447,-29.7992,0.058
60_e1_corner_throttle_40hz_20260913,6478,719,12423313101709,716,716,True,12423316419648,720,24.898,24899,68120,0.25,0.1,False,0.25,0.1,718,0.25,0.0524,-0.0232,0.0536,0.9441,2216.76,2215.533,0.0524,0.25,-0.1088,5.7403,-0.3529,6.0927,0.1228,0.1425,0.0567,0.0245,5.3439,0.8912,0.0308,-0.0019,-0.4526,-13.7568,-29.9236,0.058
60_e1_corner_throttle_40hz_20260913,6488,720,12423338500393,717,717,True,12423341093981,721,24.923,24924,68196,0.25,0.1,False,0.25,0.1,719,0.25,0.0524,-0.0232,0.0536,0.9441,2219.421,2218.203,0.0524,0.25,-0.1046,5.759,-0.3286,6.0927,0.1228,0.1425,0.0567,0.0245,5.3676,0.8964,0.0309,-0.0016,-0.4421,-13.666,-30.0459,0.058
60_e1_corner_throttle_40hz_20260913,6497,721,12423362930215,718,718,True,12423365254166,722,24.947,24948,68270,0.25,0.1,False,0.25,0.1,720,0.25,0.0524,-0.023,0.0536,0.9441,2221.973,2220.766,0.0524,0.25,-0.1036,5.7678,-0.3143,6.0928,0.1228,0.1425,0.0567,0.0245,5.3903,0.9014,0.0309,-0.0012,-0.4319,-13.5762,-30.1613,0.058
60_e1_corner_throttle_40hz_20260913,6506,722,12423388653560,719,719,True,12423391390147,723,24.9730015,24974,68350,0.25,0.1,False,0.25,0.1,721,0.25,0.0524,-0.0233,0.0536,0.9441,2224.742,2223.544,0.0524,0.25,-0.1105,5.7308,-0.3626,6.0928,0.1228,0.1425,0.0567,0.0245,5.4149,0.9066,0.0309,-0.0008,-0.4208,-13.4759,-30.284,0.058
60_e1_corner_throttle_40hz_20260913,6515,723,12423413204250,720,720,True,12423416435046,724,24.9980011,24999,68421,0.25,0.1,False,0.25,0.1,722,0.25,0.0524,-0.0231,0.0536,0.9441,2227.402,2226.214,0.0524,0.25,-0.1025,5.7701,-0.3066,6.0928,0.1228,0.1425,0.0567,0.0245,5.4385,0.9116,0.0309,-0.0005,-0.41,-13.3766,-30.3996,0.058
60_e1_corner_throttle_40hz_20260913,6524,724,12423438499580,721,721,True,12423441420182,725,25.023,25024,68491,0.25,0.1,False,0.25,0.1,723,0.25,0.0524,-0.0231,0.0536,0.9441,2230.063,2228.885,0.0524,0.25,-0.1044,5.76,-0.3227,6.0928,0.1228,0.1425,0.0567,0.0245,5.4622,0.9163,0.0309,-0.0001,-0.3992,-13.2747,-30.5128,0.058
60_e1_corner_throttle_40hz_20260913,6533,725,12423463473295,722,722,True,12423466198500,726,25.048,25049,68564,0.25,0.1,False,0.25,0.1,724,0.25,0.0524,-0.0234,0.0537,0.9441,2232.723,2231.555,0.0524,0.25,-0.1069,5.7524,-0.3459,6.0927,0.1228,0.1425,0.0567,0.0245,5.4858,0.921,0.0309,0.0003,-0.3883,-13.1701,-30.6235,0.058
60_e1_corner_throttle_40hz_20260913,6542,726,12423488860337,723,723,True,12423491330853,727,25.0730019,25074,68623,0.25,0.1,False,0.25,0.1,725,0.25,0.0524,-0.0235,0.0537,0.9441,2235.384,2234.222,0.0524,0.25,-0.1126,5.7262,-0.3836,6.0927,0.1228,0.1425,0.0567,0.0245,5.5095,0.9255,0.0309,0.0006,-0.3774,-13.0629,-30.7318,0.058
60_e1_corner_throttle_40hz_20260913,6551,727,12423513090694,724,724,True,12423516320528,728,25.0980015,25099,68696,0.25,0.1,False,0.25,0.1,726,0.25,0.0524,-0.0232,0.0537,0.9441,2238.044,2236.892,0.0524,0.25,-0.1054,5.7571,-0.3306,6.0927,0.1228,0.1425,0.0567,0.0245,5.5331,0.9299,0.0309,0.001,-0.3664,-12.9532,-30.8375,0.058
60_e1_corner_throttle_40hz_20260913,6560,728,12423538279444,725,725,True,12423541378472,729,25.1230011,25124,68764,0.25,0.1,False,0.25,0.1,727,0.25,0.0524,-0.0233,0.0536,0.9441,2240.705,2239.563,0.0524,0.25,-0.1037,5.7671,-0.3203,6.0927,0.1228,0.1425,0.0567,0.0245,5.5568,0.9342,0.0309,0.0014,-0.3554,-12.841,-30.9406,0.058
60_e1_corner_throttle_40hz_20260913,6569,729,12423563165374,726,726,True,12423567189501,730,25.148,25149,68827,0.25,0.1,False,0.25,0.1,728,0.25,0.0524,-0.0232,0.0536,0.9441,2243.366,2242.233,0.0524,0.25,-0.1088,5.7388,-0.3518,6.0928,0.1228,0.1425,0.0567,0.0245,5.5804,0.9383,0.0308,0.0017,-0.3444,-12.7264,-31.041,0.058
60_e1_corner_throttle_40hz_20260913,6578,730,12423588679475,727,727,True,12423591228058,731,25.173,25174,68896,0.25,0.1,False,0.25,0.1,729,0.25,0.0524,-0.0229,0.0536,0.9441,2246.026,2244.904,0.0524,0.25,-0.1011,5.7771,-0.2973,6.0928,0.1228,0.1426,0.0567,0.0245,5.6041,0.9423,0.0308,0.0021,-0.3332,-12.6095,-31.1386,0.058
60_e1_corner_throttle_40hz_20260913,6586,731,12423613740775,728,728,True,12423616228724,732,25.1980019,25199,68971,0.25,0.1,False,0.25,0.1,730,0.25,0.0524,-0.0231,0.0536,0.9441,2248.687,2247.574,0.0524,0.25,-0.1065,5.7515,-0.333,6.0928,0.1228,0.1425,0.0567,0.0245,5.6277,0.9462,0.0308,0.0025,-0.3221,-12.4903,-31.2335,0.058
60_e1_corner_throttle_40hz_20260913,6596,732,12423638603241,729,729,True,12423641343644,733,25.2230015,25224,69044,0.25,0.1,False,0.25,0.1,731,0.25,0.0524,-0.023,0.0536,0.9441,2251.347,2250.244,0.0524,0.25,-0.101,5.7777,-0.2968,6.0927,0.1228,0.1425,0.0567,0.0245,5.6514,0.95,0.0308,0.0028,-0.3109,-12.3689,-31.3255,0.058
60_e1_corner_throttle_40hz_20260913,6605,733,12423663460777,730,730,True,12423666519950,734,25.2480011,25249,69117,0.25,0.1,False,0.25,0.1,732,0.25,0.0524,-0.0234,0.0537,0.9441,2254.008,2252.915,0.0524,0.25,-0.1099,5.741,-0.3648,6.0927,0.1228,0.1424,0.0567,0.0245,5.675,0.9536,0.0307,0.0032,-0.2996,-12.2453,-31.4146,0.058
60_e1_corner_throttle_40hz_20260913,6613,734,12423688769392,731,731,True,12423691774764,735,25.273,25274,69169,0.25,0.1,False,0.25,0.1,733,0.25,0.0524,-0.0228,0.0536,0.9441,2256.668,2255.585,0.0524,0.25,-0.0997,5.7817,-0.2839,6.0928,0.1228,0.1425,0.0567,0.0245,5.6987,0.957,0.0307,0.0036,-0.2883,-12.1197,-31.5008,0.058
60_e1_corner_throttle_40hz_20260913,6623,735,12423713510951,732,732,True,12423716481086,736,25.298,25299,69233,0.25,0.1,False,0.25,0.1,734,0.25,0.0524,-0.023,0.0536,0.9441,2259.329,2258.255,0.0524,0.25,-0.1004,5.7834,-0.2936,6.0927,0.1228,0.1425,0.0567,0.0245,5.7223,0.9604,0.0306,0.0039,-0.277,-11.9921,-31.584,0.058
60_e1_corner_throttle_40hz_20260913,6632,736,12423738390358,733,733,True,12423741337491,737,25.3230019,25324,69301,0.25,0.1,False,0.25,0.1,735,0.25,0.0524,-0.0232,0.0536,0.9441,2261.989,2260.926,0.0524,0.25,-0.103,5.7675,-0.3143,6.0927,0.1228,0.1425,0.0567,0.0245,5.746,0.9636,0.0306,0.0043,-0.2656,-11.8625,-31.6641,0.058
60_e1_corner_throttle_40hz_20260913,6641,737,12423763387027,734,734,True,12423766587245,738,25.3480015,25349,69373,0.25,0.1,False,0.25,0.1,736,0.25,0.0524,-0.0232,0.0536,0.9441,2264.65,2263.596,0.0524,0.25,-0.107,5.7504,-0.3362,6.0927,0.1228,0.1425,0.0567,0.0245,5.7696,0.9667,0.0305,0.0046,-0.2542,-11.7311,-31.7411,0.058
60_e1_corner_throttle_40hz_20260913,6650,738,12423788321368,735,735,True,12423791281154,739,25.3730011,25374,69447,0.25,0.1,False,0.25,0.1,737,0.25,0.0524,-0.0232,0.0536,0.9441,2267.31,2266.263,0.0524,0.25,-0.105,5.7599,-0.329,6.0927,0.1228,0.1425,0.0567,0.0245,5.7933,0.9696,0.0305,0.005,-0.2427,-11.5979,-31.8151,0.058
60_e1_corner_throttle_40hz_20260913,6659,739,12423813840869,736,736,True,12423816027040,740,25.398,25399,69519,0.25,0.1,False,0.25,0.1,738,0.25,0.0524,-0.0229,0.0536,0.9441,2269.971,2268.934,0.0524,0.25,-0.1017,5.772,-0.3015,6.0928,0.1228,0.1425,0.0567,0.0245,5.8169,0.9724,0.0304,0.0054,-0.2313,-11.4629,-31.8858,0.058
60_e1_corner_throttle_40hz_20260913,6668,740,12423838211710,737,737,True,12423841451132,741,25.423,25424,69598,0.25,0.1,False,0.25,0.1,739,0.25,0.0524,-0.0233,0.0537,0.9441,2272.632,2271.604,0.0524,0.25,-0.1068,5.7534,-0.3421,6.0927,0.1228,0.1425,0.0567,0.0245,5.8406,0.9751,0.0304,0.0057,-0.2197,-11.3264,-31.9534,0.058
60_e1_corner_throttle_40hz_20260913,6677,741,12423863057805,738,738,True,12423866283692,742,25.4480019,25449,69661,0.25,0.1,False,0.25,0.1,740,0.25,0.0524,-0.0233,0.0536,0.9441,2275.292,2274.274,0.0524,0.25,-0.1071,5.7505,-0.3436,6.0927,0.1228,0.1425,0.0567,0.0245,5.8642,0.9776,0.0303,0.0061,-0.2082,-11.1883,-32.0177,0.058
60_e1_corner_throttle_40hz_20260913,6685,742,12423888124135,739,739,True,12423891550328,743,25.4730015,25474,69739,0.25,0.1,False,0.25,0.1,741,0.25,0.0524,-0.0231,0.0536,0.9441,2277.953,2276.945,0.0524,0.25,-0.1046,5.76,-0.325,6.0927,0.1228,0.1425,0.0567,0.0245,5.8879,0.98,0.0302,0.0064,-0.1966,-11.0487,-32.0787,0.058
60_e1_corner_throttle_40hz_20260913,6695,743,12423913100916,740,740,True,12423916370294,744,25.4980011,25499,69809,0.25,0.1,False,0.25,0.1,742,0.25,0.0524,-0.0231,0.0536,0.9441,2280.613,2279.615,0.0524,0.25,-0.1043,5.7608,-0.3198,6.0928,0.1228,0.1425,0.0567,0.0245,5.9115,0.9822,0.0301,0.0068,-0.185,-10.9077,-32.1364,0.058
60_e1_corner_throttle_40hz_20260913,6704,744,12423937974232,741,741,True,12423940343888,745,25.5220013,25523,69876,0.25,0.1,False,0.25,0.1,743,0.25,0.0524,-0.0231,0.0536,0.9441,2283.166,2282.177,0.0524,0.25,-0.1029,5.769,-0.3107,6.0928,0.1228,0.1426,0.0567,0.0245,5.9342,0.9843,0.0301,0.0071,-0.1739,-10.7711,-32.1886,0.058
60_e1_corner_throttle_40hz_20260913,6713,745,12423963777817,742,742,True,12423966159887,746,25.548,25549,69941,0.25,0.1,False,0.25,0.1,744,0.25,0.0524,-0.0233,0.0537,0.9441,2285.934,2284.956,0.0524,0.25,-0.1064,5.7545,-0.3402,6.0927,0.1228,0.1425,0.0567,0.0245,5.9588,0.9863,0.03,0.0075,-0.1617,-10.6218,-32.2417,0.058
60_e1_corner_throttle_40hz_20260913,6722,746,12423988650953,743,743,True,12423991093266,747,25.5730019,25574,70017,0.25,0.1,False,0.25,0.1,745,0.25,0.0524,-0.0231,0.0536,0.9441,2288.595,2287.626,0.0524,0.25,-0.1041,5.7621,-0.32,6.0927,0.1228,0.1425,0.0567,0.0245,5.9824,0.9882,0.0299,0.0079,-0.1501,-10.477,-32.2892,0.058
60_e1_corner_throttle_40hz_20260913,6731,747,12424013589472,744,744,True,12424016442427,748,25.5980015,25599,70092,0.25,0.1,False,0.25,0.1,746,0.25,0.0524,-0.0233,0.0536,0.9441,2291.255,2290.296,0.0524,0.25,-0.108,5.7466,-0.3498,6.0927,0.1228,0.1425,0.0567,0.0245,6.0061,0.9899,0.0298,0.0082,-0.1384,-10.3312,-32.3333,0.058
60_e1_corner_throttle_40hz_20260913,6740,748,12424038361989,745,745,True,12424041177354,749,25.6230011,25624,70171,0.25,0.1,False,0.25,0.1,747,0.25,0.0524,-0.0231,0.0536,0.9441,2293.916,2292.967,0.0524,0.25,-0.104,5.7622,-0.3186,6.0928,0.1228,0.1425,0.0567,0.0245,6.0297,0.9915,0.0297,0.0086,-0.1267,-10.1844,-32.374,0.058
60_e1_corner_throttle_40hz_20260913,6749,749,12424063518758,746,746,True,12424066093570,750,25.648,25649,70250,0.25,0.1,False,0.25,0.1,748,0.25,0.0524,-0.0234,0.0536,0.9441,2296.576,2295.637,0.0524,0.25,-0.1109,5.7338,-0.3685,6.0927,0.1228,0.1425,0.0567,0.0245,6.0534,0.9929,0.0296,0.0089,-0.1149,-10.0366,-32.4112,0.058
60_e1_corner_throttle_40hz_20260913,6757,750,12424088685446,747,747,True,12424091243547,751,25.673,25674,70327,0.25,0.1,False,0.25,0.1,749,0.25,0.0524,-0.0231,0.0536,0.9441,2299.237,2298.304,0.0524,0.25,-0.1024,5.7718,-0.308,6.0927,0.1228,0.1425,0.0567,0.0245,6.077,0.9942,0.0295,0.0093,-0.1032,-9.8881,-32.4448,0.058
60_e1_corner_throttle_40hz_20260913,6767,751,12424113780470,748,748,True,12424116527035,752,25.6980019,25699,70392,0.25,0.1,False,0.25,0.1,750,0.25,0.0524,-0.0231,0.0536,0.9441,2301.897,2300.974,0.0524,0.25,-0.1032,5.7667,-0.3168,6.0927,0.1228,0.1425,0.0567,0.0245,6.1007,0.9953,0.0294,0.0096,-0.0914,-9.7387,-32.475,0.058
60_e1_corner_throttle_40hz_20260913,6776,752,12424138068084,749,749,True,12424141351208,753,25.7230015,25724,70455,0.25,0.1,False,0.25,0.1,751,0.25,0.0524,-0.0233,0.0537,0.9441,2304.558,2303.645,0.0524,0.25,-0.11,5.7356,-0.3585,6.0927,0.1228,0.1425,0.0567,0.0245,6.1243,0.9963,0.0292,0.01,-0.0797,-9.5887,-32.5016,0.058
60_e1_corner_throttle_40hz_20260913,6784,753,12424163060565,750,750,True,12424166198315,754,25.7480011,25749,70527,0.25,0.1,False,0.25,0.1,752,0.25,0.0524,-0.0233,0.0536,0.9441,2307.219,2306.315,0.0524,0.25,-0.107,5.7492,-0.3412,6.0927,0.1228,0.1425,0.0567,0.0245,6.148,0.9972,0.0291,0.0103,-0.0679,-9.4381,-32.5246,0.058
60_e1_corner_throttle_40hz_20260913,6794,754,12424188563565,751,751,True,12424191425207,755,25.773,25774,70603,0.25,0.1,False,0.25,0.1,753,0.25,0.0524,-0.0231,0.0536,0.9441,2309.879,2308.986,0.0524,0.25,-0.1067,5.7497,-0.3328,6.0927,0.1228,0.1425,0.0567,0.0245,6.1716,0.9979,0.029,0.0106,-0.0561,-9.287,-32.5441,0.058
60_e1_corner_throttle_40hz_20260913,6803,755,12424213839168,752,752,True,12424216276121,756,25.798,25799,70657,0.25,0.1,False,0.25,0.1,754,0.25,0.0524,-0.0232,0.0536,0.9441,2312.54,2311.656,0.0524,0.25,-0.1051,5.7562,-0.3274,6.0927,0.1228,0.1425,0.0567,0.0245,6.1953,0.9985,0.0289,0.011,-0.0443,-9.1355,-32.56,0.058
60_e1_corner_throttle_40hz_20260913,6811,756,12424237993181,753,753,True,12424240291844,757,25.822,25823,70718,0.25,0.1,False,0.25,0.1,755,0.25,0.0524,-0.0233,0.0536,0.9441,2315.092,2314.218,0.0524,0.25,-0.1082,5.7446,-0.348,6.0927,0.1228,0.1425,0.0567,0.0245,6.218,0.999,0.0287,0.0113,-0.0329,-8.9898,-32.5719,0.058
60_e1_corner_throttle_40hz_20260913,6821,757,12424262949995,754,754,True,12424266252896,758,25.8480015,25849,70790,0.25,0.1,False,0.25,0.1,756,0.25,0.0524,-0.0231,0.0537,0.9441,2317.861,2316.997,0.0524,0.25,-0.1078,5.7417,-0.342,6.0928,0.1228,0.1425,0.0567,0.0245,6.2426,0.9993,0.0286,0.0117,-0.0206,-8.8316,-32.5811,0.058
60_e1_corner_throttle_40hz_20260913,6829,758,12424288424852,755,755,True,12424291301572,759,25.8730011,25874,70861,0.25,0.1,False,0.25,0.1,757,0.25,0.0524,-0.0232,0.0536,0.9441,2320.521,2319.667,0.0524,0.25,-0.1051,5.7633,-0.3293,6.0927,0.1228,0.1425,0.0567,0.0245,6.2662,0.9995,0.0285,0.012,-0.0088,-8.6793,-32.5862,0.058
60_e1_corner_throttle_40hz_20260913,6838,759,12424313087532,756,756,True,12424316519416,760,25.898,25899,70923,0.25,0.1,False,0.25,0.1,758,0.25,0.0524,-0.0232,0.0537,0.9441,2323.182,2322.337,0.0524,0.25,-0.105,5.7592,-0.3264,6.0927,0.1228,0.1425,0.0567,0.0245,0.0067,0.9995,0.0283,0.0123,0.003,-8.527,-32.5877,0.058
60_e1_corner_throttle_40hz_20260913,6848,760,12424338319824,757,757,True,12424341903954,761,25.923,25924,70981,0.25,0.1,False,0.25,0.1,759,0.25,0.0524,-0.0232,0.0536,0.9441,2325.839,2325.008,0.0524,0.25,-0.1065,5.75,-0.3352,6.0927,0.1228,0.1425,0.0567,0.0245,0.0303,0.9994,0.0282,0.0127,0.0148,-8.3747,-32.5856,0.058
60_e1_corner_throttle_40hz_20260913,6857,761,12424363180025,758,758,True,12424366298590,762,25.9480019,25949,71038,0.25,0.1,False,0.25,0.1,760,0.25,0.0524,-0.0233,0.0536,0.9441,2328.5,2327.678,0.0524,0.25,-0.1071,5.7518,-0.3432,6.0927,0.1228,0.1425,0.0567,0.0245,0.054,0.9992,0.028,0.013,0.0266,-8.2224,-32.58,0.058
60_e1_corner_throttle_40hz_20260913,6865,762,12424388176072,759,759,True,12424391496687,763,25.9730015,25974,71103,0.25,0.1,False,0.25,0.1,761,0.25,0.0524,-0.023,0.0536,0.9441,2331.16,2330.348,0.0524,0.25,-0.1004,5.7765,-0.2958,6.0928,0.1228,0.1425,0.0567,0.0245,0.0776,0.9988,0.0279,0.0133,0.0384,-8.0704,-32.5707,0.058
60_e1_corner_throttle_40hz_20260913,6875,763,12424413148064,760,760,True,12424416403416,764,25.9980011,25999,71162,0.25,0.1,False,0.25,0.1,762,0.25,0.0524,-0.0232,0.0536,0.9441,2333.821,2333.015,0.0524,0.25,-0.104,5.7657,-0.3206,6.0928,0.1228,0.1425,0.0567,0.0245,0.1013,0.9983,0.0277,0.0137,0.0502,-7.9186,-32.5578,0.058
60_e1_corner_throttle_40hz_20260913,6883,764,12424438094297,761,761,True,12424440655053,765,26.0220013,26023,71225,0.25,0.1,False,0.25,0.1,763,0.25,0.0524,-0.0231,0.0536,0.9441,2336.376,2335.581,0.0524,0.25,-0.1047,5.761,-0.3222,6.0927,0.1228,0.1425,0.0567,0.0245,0.124,0.9976,0.0276,0.014,0.0616,-7.7732,-32.5421,0.058
60_e1_corner_throttle_40hz_20260913,6893,765,12424463589994,762,762,True,12424466454241,766,26.048,26049,71295,0.25,0.1,False,0.25,0.1,764,0.25,0.0524,-0.0231,0.0536,0.9441,2339.142,2338.356,0.0524,0.25,-0.1054,5.7549,-0.326,6.0928,0.1228,0.1425,0.0567,0.0245,0.1486,0.9968,0.0274,0.0143,0.0738,-7.6161,-32.5214,0.058
60_e1_corner_throttle_40hz_20260913,6901,766,12424487937572,763,763,True,12424490666404,767,26.072,26073,71352,0.0,0.1,False,0.0,0.1,765,0.25,0.0524,-0.0233,0.0536,0.9441,2341.698,2340.922,0.0524,0.25,-0.1112,5.7299,-0.3665,6.0927,0.1228,0.1425,0.0567,0.0245,0.1713,0.9959,0.0272,0.0146,0.0851,-7.4716,-32.4988,0.058
60_e1_corner_throttle_40hz_20260913,6911,767,12424513161127,764,764,True,12424516322442,768,26.097002,26098,71415,0.0,0.1,False,0.0,0.1,766,0.0,0.0524,-0.0385,0.1941,0.9274,2341.802,2341.027,0.0524,0.0,-7.1616,5.4142,-0.4779,5.9292,0.1214,0.1541,0.0566,0.0269,0.1947,0.9948,0.0268,0.0161,0.0968,-7.3236,-32.4722,0.0584
60_e1_corner_throttle_40hz_20260913,6920,768,12424538432912,765,765,True,12424541161143,769,26.1230011,26124,71483,0.0,0.1,False,0.0,0.1,767,0.0,0.0524,-0.0507,0.1838,0.9031,2341.802,2341.027,0.0524,0.0,-7.0858,5.1433,-0.5158,5.746,0.1194,0.1703,0.0561,0.0306,0.2188,0.9936,0.0262,0.0182,0.1087,-7.175,-32.4418,0.059
60_e1_corner_throttle_40hz_20260913,6929,769,12424563378074,766,766,True,12424566306421,770,26.148,26149,71558,0.0,0.1,False,0.0,0.1,768,0.0,0.0524,-0.0632,0.1663,0.876,2341.802,2341.027,0.0524,0.0,-7.0337,4.844,-0.5052,5.5714,0.118,0.1825,0.0554,0.0337,0.2413,0.9923,0.0255,0.02,0.1198,-7.0371,-32.4102,0.0595
60_e1_corner_throttle_40hz_20260913,6938,770,12424588082392,767,767,True,12424591460685,771,26.173,26174,71634,0.0,0.1,False,0.0,0.1,769,0.0,0.0524,-0.0742,0.1501,0.8488,2341.802,2341.027,0.0524,0.0,-6.9825,4.5463,-0.4911,5.398,0.1164,0.1917,0.0544,0.0364,0.263,0.9909,0.0246,0.0216,0.1306,-6.9042,-32.3767,0.0599
60_e1_corner_throttle_40hz_20260913,6946,771,12424613553813,768,768,True,12424616601475,772,26.1980019,26199,71685,0.0,0.1,False,0.0,0.1,770,0.0,0.0524,-0.0833,0.1354,0.8218,2341.802,2341.027,0.0524,0.0,-6.9252,4.2423,-0.4871,5.2261,0.1147,0.1983,0.0532,0.0389,0.284,0.9895,0.0236,0.023,0.141,-6.7762,-32.3414,0.0603
60_e1_corner_throttle_40hz_20260913,6956,772,12424638675987,769,769,True,12424641391684,773,26.2230015,26224,71750,0.0,0.1,False,0.0,0.1,771,0.0,0.0524,-0.0908,0.122,0.795,2341.802,2341.027,0.0524,0.0,-6.859,3.9504,-0.5035,5.0554,0.1126,0.2026,0.0519,0.041,0.3044,0.988,0.0225,0.0242,0.151,-6.6531,-32.3047,0.0607
60_e1_corner_throttle_40hz_20260913,6965,773,12424663047971,770,770,True,12424665253519,774,26.2470016,26248,71815,0.0,0.1,False,0.0,0.1,772,0.0,0.0524,-0.0953,0.1091,0.7693,2341.802,2341.027,0.0524,0.0,-6.8249,3.7095,-0.4619,4.8928,0.1103,0.2047,0.0504,0.0428,0.3233,0.9865,0.0214,0.0252,0.1603,-6.5394,-32.2683,0.061
60_e1_corner_throttle_40hz_20260913,6973,774,12424688618588,771,771,True,12424691272810,775,26.273,26274,71894,0.0,0.1,False,0.0,0.1,773,0.0,0.0524,-0.1009,0.0989,0.742,2341.802,2341.027,0.0524,0.0,-6.7583,3.43,-0.4733,4.7179,0.1079,0.2057,0.0487,0.0445,0.3431,0.9849,0.0202,0.0261,0.1701,-6.4211,-32.2279,0.0613
60_e1_corner_throttle_40hz_20260913,6983,775,12424713731094,772,772,True,12424717314824,776,26.298,26299,71965,0.0,0.1,False,0.0,0.1,774,0.0,0.0524,-0.1042,0.0889,0.7158,2341.802,2341.027,0.0524,0.0,-6.7081,3.1822,-0.458,4.551,0.1054,0.2052,0.047,0.046,0.3614,0.9833,0.019,0.0268,0.1791,-6.3122,-32.1883,0.0615
60_e1_corner_throttle_40hz_20260913,6991,776,12424738018990,773,773,True,12424740351907,777,26.322,26323,72030,0.0,0.1,False,0.0,0.1,775,0.0,0.0524,-0.1064,0.0801,0.6908,2341.802,2341.027,0.0524,0.0,-6.656,2.9523,-0.4531,4.392,0.1029,0.2035,0.0453,0.0472,0.3783,0.9817,0.0178,0.0274,0.1874,-6.212,-32.1499,0.0617
60_e1_corner_throttle_40hz_20260913,7001,777,12424763302067,774,774,True,12424766187212,778,26.3480015,26349,72112,0.0,0.1,False,0.0,0.1,776,0.0,0.0524,-0.1078,0.0714,0.6639,2341.802,2341.027,0.0524,0.0,-6.6073,2.7179,-0.4337,4.221,0.1001,0.2007,0.0433,0.0484,0.396,0.98,0.0165,0.028,0.1961,-6.1082,-32.1079,0.0619
60_e1_corner_throttle_40hz_20260913,7010,778,12424788742129,775,775,True,12424791196574,779,26.3730011,26374,72194,0.0,0.1,False,0.0,0.1,777,0.0,0.0524,-0.1084,0.0639,0.6382,2341.802,2341.027,0.0524,0.0,-6.56,2.5008,-0.4165,4.0578,0.0972,0.1971,0.0414,0.0494,0.4124,0.9784,0.0152,0.0284,0.2041,-6.0129,-32.0675,0.0621
60_e1_corner_throttle_40hz_20260913,7019,779,12424813765908,776,776,True,12424816099056,780,26.398,26399,72277,0.0,0.1,False,0.0,0.1,778,0.0,0.0524,-0.1083,0.057,0.6127,2341.802,2341.027,0.0524,0.0,-6.5071,2.2947,-0.4126,3.8958,0.0943,0.1927,0.0395,0.0503,0.4281,0.9768,0.0139,0.0287,0.2118,-5.922,-32.0271,0.0622
60_e1_corner_throttle_40hz_20260913,7028,780,12424838573330,777,777,True,12424841402521,781,26.423,26424,72353,0.0,0.1,False,0.0,0.1,779,0.0,0.0524,-0.1076,0.0508,0.5873,2341.802,2341.027,0.0524,0.0,-6.45,2.0921,-0.4185,3.7349,0.0912,0.1878,0.0375,0.051,0.4431,0.9752,0.0127,0.029,0.2192,-5.8354,-31.9871,0.0624
60_e1_corner_throttle_40hz_20260913,7037,781,12424863768452,778,778,True,12424866287840,782,26.4480019,26449,72429,0.0,0.1,False,0.0,0.1,780,0.0,0.0524,-0.1063,0.0452,0.5622,2341.802,2341.027,0.0524,0.0,-6.4028,1.9045,-0.4068,3.5753,0.0881,0.1823,0.0356,0.0517,0.4575,0.9736,0.0115,0.0292,0.2262,-5.753,-31.9474,0.0625
60_e1_corner_throttle_40hz_20260913,7045,782,12424888089920,779,779,True,12424890268187,783,26.472002,26473,72502,0.0,0.1,False,0.0,0.1,781,0.0,0.0524,-0.1047,0.0403,0.5382,2341.802,2341.027,0.0524,0.0,-6.3606,1.7353,-0.3901,3.4231,0.085,0.1765,0.0338,0.0523,0.4707,0.9721,0.0103,0.0293,0.2327,-5.6778,-31.91,0.0626
60_e1_corner_throttle_40hz_20260913,7055,783,12424913780954,780,780,True,12424916406362,784,26.4980011,26499,72583,0.0,0.1,False,0.0,0.1,782,0.0,0.0524,-0.1025,0.0355,0.5124,2341.802,2341.027,0.0524,0.0,-6.3111,1.5587,-0.3811,3.2593,0.0816,0.1699,0.0318,0.0528,0.4844,0.9704,0.0091,0.0294,0.2393,-5.6006,-31.8701,0.0626
60_e1_corner_throttle_40hz_20260913,7063,784,12424937865938,781,781,True,12424940269749,785,26.5220013,26523,72651,0.0,0.1,False,0.0,0.1,783,0.0,0.0524,-0.1002,0.0315,0.4888,2341.802,2341.027,0.0524,0.0,-6.2605,1.4046,-0.3853,3.1093,0.0784,0.1635,0.03,0.0532,0.4965,0.969,0.008,0.0295,0.2452,-5.5331,-31.8342,0.0627
60_e1_corner_throttle_40hz_20260913,7073,785,12424963695633,782,782,True,12424966152613,786,26.548,26549,72723,0.0,0.1,False,0.0,0.1,784,0.0,0.0524,-0.0974,0.0276,0.4634,2341.802,2341.027,0.0524,0.0,-6.2199,1.25,-0.3621,2.9479,0.0749,0.1563,0.0281,0.0536,0.5089,0.9675,0.0068,0.0295,0.2512,-5.4641,-31.7963,0.0628
60_e1_corner_throttle_40hz_20260913,7082,786,12424988526058,783,783,True,12424991284636,787,26.5730019,26574,72806,0.0,0.1,False,0.0,0.1,785,0.0,0.0524,-0.0944,0.0243,0.4391,2341.802,2341.027,0.0524,0.0,-6.1746,1.1068,-0.3548,2.7938,0.0715,0.1492,0.0263,0.054,0.5202,0.966,0.0058,0.0295,0.2567,-5.4015,-31.761,0.0628
60_e1_corner_throttle_40hz_20260913,7092,787,12425012897120,784,784,True,12425015143435,788,26.597002,26598,72884,0.0,0.1,False,0.0,0.1,786,0.0,0.0524,-0.0914,0.0214,0.416,2341.802,2341.027,0.0524,0.0,-6.1295,0.9776,-0.3512,2.6469,0.0682,0.1422,0.0246,0.0542,0.5304,0.9647,0.0048,0.0294,0.2617,-5.345,-31.7283,0.0629
60_e1_corner_throttle_40hz_20260913,7099,788,12425038522010,785,785,True,12425041133080,789,26.6230011,26624,72974,0.0,0.1,False,0.0,0.1,787,0.0,0.0524,-0.0879,0.0185,0.3911,2341.802,2341.027,0.0524,0.0,-6.0841,0.847,-0.3432,2.4889,0.0646,0.1345,0.0229,0.0545,0.541,0.9633,0.0037,0.0293,0.2668,-5.2876,-31.6942,0.0629
60_e1_corner_throttle_40hz_20260913,7108,789,12425063748721,786,786,True,12425066477853,790,26.648,26649,73058,0.0,0.1,False,0.0,0.1,788,0.0,0.0524,-0.0845,0.0161,0.3673,2341.802,2341.027,0.0524,0.0,-6.0351,0.7306,-0.3473,2.338,0.061,0.127,0.0212,0.0547,0.5504,0.962,0.0028,0.0292,0.2714,-5.236,-31.6629,0.063
60_e1_corner_throttle_40hz_20260913,7118,790,12425088068626,787,787,True,12425091484270,791,26.672,26673,73140,0.0,0.1,False,0.0,0.1,789,0.0,0.0524,-0.0811,0.0141,0.3446,2341.802,2341.027,0.0524,0.0,-5.9948,0.6246,-0.3389,2.1941,0.0576,0.1196,0.0197,0.0549,0.559,0.9609,0.0019,0.0291,0.2755,-5.1898,-31.6342,0.063
60_e1_corner_throttle_40hz_20260913,7127,791,12425113302440,788,788,True,12425116751186,792,26.6980019,26699,73219,0.0,0.1,False,0.0,0.1,790,0.0,0.0524,-0.0772,0.0121,0.3202,2341.802,2341.027,0.0524,0.0,-5.9484,0.5201,-0.3374,2.0393,0.0539,0.1116,0.0181,0.0551,0.5676,0.9597,0.001,0.029,0.2797,-5.1433,-31.6048,0.063
60_e1_corner_throttle_40hz_20260913,7136,792,12425137948740,789,789,True,12425140270706,793,26.722002,26723,73288,0.0,0.1,False,0.0,0.1,791,0.0,0.0524,-0.0737,0.0105,0.2979,2341.802,2341.027,0.0524,0.0,-5.9155,0.4309,-0.316,1.8974,0.0505,0.1042,0.0167,0.0552,0.5751,0.9586,0.0002,0.0289,0.2832,-5.1036,-31.5792,0.0631
60_e1_corner_throttle_40hz_20260913,7144,793,12425163767354,790,790,True,12425166262356,794,26.7480011,26749,73371,0.0,0.1,False,0.0,0.1,792,0.0,0.0524,-0.0697,0.0089,0.2738,2341.802,2341.027,0.0524,0.0,-5.8636,0.3415,-0.328,1.7448,0.0467,0.0961,0.0153,0.0554,0.5825,0.9576,-0.0006,0.0287,0.2868,-5.0639,-31.5533,0.0631
60_e1_corner_throttle_40hz_20260913,7153,794,12425188187919,791,791,True,12425191255097,795,26.773,26774,73454,0.0,0.1,False,0.0,0.1,793,0.0,0.0524,-0.0659,0.0076,0.2509,2341.802,2341.027,0.0524,0.0,-5.8225,0.2631,-0.3229,1.5991,0.0431,0.0883,0.014,0.0555,0.5891,0.9566,-0.0014,0.0286,0.29,-5.0291,-31.5302,0.0631
60_e1_corner_throttle_40hz_20260913,7163,795,12425213667515,792,792,True,12425216338869,796,26.798,26799,73535,0.0,0.1,False,0.0,0.1,794,0.0,0.0524,-0.062,0.0064,0.228,2341.802,2341.027,0.0524,0.0,-5.7757,0.1926,-0.3305,1.4544,0.0394,0.0804,0.0127,0.0556,0.595,0.9557,-0.0021,0.0284,0.2929,-4.9975,-31.5088,0.0631
60_e1_corner_throttle_40hz_20260913,7171,796,12425237885308,793,793,True,12425240197998,797,26.822,26823,73608,0.0,0.1,False,0.0,0.1,795,0.0,0.0524,-0.0583,0.0054,0.2063,2341.802,2341.027,0.0524,0.0,-5.7468,0.1316,-0.3068,1.3163,0.0359,0.073,0.0115,0.0557,0.6002,0.955,-0.0027,0.0283,0.2954,-4.9701,-31.4901,0.0631
60_e1_corner_throttle_40hz_20260913,7180,797,12425263375986,794,794,True,12425266267363,798,26.8480015,26849,73692,0.0,0.1,False,0.0,0.1,796,0.0,0.0524,-0.0543,0.0045,0.1829,2341.802,2341.027,0.0524,0.0,-5.6987,0.0733,-0.3156,1.1679,0.0321,0.0648,0.0104,0.0557,0.6053,0.9542,-0.0034,0.0281,0.2978,-4.9435,-31.4717,0.0632
60_e1_corner_throttle_40hz_20260913,7190,798,12425288106093,795,795,True,12425291187798,799,26.8730011,26874,73761,0.0,0.1,False,0.0,0.1,797,0.0,0.0524,-0.0504,0.0038,0.1606,2341.802,2341.027,0.0524,0.0,-5.6594,0.0223,-0.3112,1.0261,0.0285,0.057,0.0093,0.0558,0.6096,0.9536,-0.0039,0.028,0.2999,-4.9211,-31.456,0.0632
60_e1_corner_throttle_40hz_20260913,7199,799,12425313800142,796,796,True,12425316895503,800,26.898,26899,73834,0.0,0.1,False,0.0,0.1,798,0.0,0.0524,-0.0465,0.0031,0.1384,2341.802,2341.027,0.0524,0.0,-5.6241,-0.02,-0.3001,0.8853,0.0248,0.0493,0.0083,0.0558,0.6133,0.953,-0.0045,0.0279,0.3016,-4.9016,-31.4423,0.0632
60_e1_corner_throttle_40hz_20260913,7208,800,12425338730035,797,797,True,12425341191774,801,26.923,26924,73908,0.0,0.1,False,0.0,0.1,799,0.0,0.0524,-0.0426,0.0026,0.1163,2341.802,2341.027,0.0524,0.0,-5.5778,-0.0571,-0.312,0.7454,0.0212,0.0416,0.0074,0.0559,0.6165,0.9525,-0.005,0.0277,0.3032,-4.885,-31.4305,0.0632
60_e1_corner_throttle_40hz_20260913,7216,801,12425362954741,798,798,True,12425365234048,802,26.947,26948,73978,0.0,0.1,False,0.0,0.1,800,0.0,0.0524,-0.0389,0.0021,0.0953,2341.802,2341.027,0.0524,0.0,-5.5445,-0.0851,-0.302,0.6121,0.0177,0.0342,0.0065,0.0559,0.619,0.9521,-0.0054,0.0276,0.3044,-4.8718,-31.4211,0.0632
60_e1_corner_throttle_40hz_20260913,7226,802,12425388637310,799,799,True,12425391584422,803,26.9730015,26974,74059,0.0,0.1,False,0.0,0.1,801,0.0,0.0524,-0.035,0.0017,0.0727,2341.802,2341.027,0.0524,0.0,-5.5001,-0.11,-0.3088,0.4686,0.0139,0.0261,0.0057,0.056,0.6212,0.9518,-0.0058,0.0275,0.3054,-4.8604,-31.4129,0.0632
60_e1_corner_throttle_40hz_20260913,7235,803,12425412949561,800,800,True,12425415452898,804,26.9970016,26998,74122,0.0,0.1,False,0.0,0.1,802,0.0,0.0524,-0.0313,0.0014,0.0519,2341.802,2341.027,0.0524,0.0,-5.4635,-0.1266,-0.3073,0.337,0.0104,0.0188,0.005,0.056,0.6227,0.9516,-0.0062,0.0274,0.3062,-4.8526,-31.4072,0.0632
60_e1_corner_throttle_40hz_20260913,7244,804,12425438163057,801,801,True,12425441369046,805,27.023,27024,74194,0.0,0.1,False,0.0,0.1,803,0.0,0.0524,-0.3316,0.1809,0.38,2341.802,2341.027,0.0524,0.0,-77.3047,-2.048,-4.3546,0.1246,0.0047,0.0069,0.004,0.0562,0.6241,0.9513,-0.0067,0.0274,0.3068,-4.8471,-31.4033,0.0632
60_e1_corner_throttle_40hz_20260913,7253,805,12425463143735,802,802,True,12425466700984,806,27.048,27049,74271,0.0,0.1,False,0.0,0.1,804,0.0,0.0524,-0.0152,-0.0773,-0.0008,2341.802,2341.027,0.0524,0.0,-0.3469,-0.0049,-0.0569,-0.0051,0.001,-0.0004,0.0034,0.0579,0.6243,0.9513,-0.0073,0.0281,0.3069,-4.8469,-31.4032,0.0635
60_e1_corner_throttle_40hz_20260913,7262,806,12425488164959,803,803,True,12425491370457,807,27.0730019,27074,74344,0.0,0.1,False,0.0,0.1,805,0.0,0.0524,-0.0136,-0.1132,-0.0007,2341.802,2341.027,0.0524,0.0,-0.0008,-0.0035,0.0061,-0.0077,0.0009,-0.0011,0.003,0.0552,0.6243,0.9513,-0.007,0.0268,0.3069,-4.8471,-31.4033,0.0631
60_e1_corner_throttle_40hz_20260913,7271,807,12425512873956,804,804,True,12425515332861,808,27.097002,27098,74418,0.0,0.1,False,0.0,0.1,806,0.0,0.0524,-0.0127,-0.1052,-0.0003,2341.802,2341.027,0.0524,0.0,0.0318,-0.0041,-0.0011,-0.0072,0.0009,-0.0011,0.0027,0.0526,0.6242,0.9514,-0.0068,0.0255,0.3069,-4.8472,-31.4034,0.0627
60_e1_corner_throttle_40hz_20260913,7280,808,12425538278862,805,805,True,12425541736294,809,27.1230011,27124,74485,0.0,0.1,False,0.0,0.1,807,0.0,0.0524,-0.0113,-0.0933,-0.0003,2341.802,2341.027,0.0524,0.0,0.0316,-0.0033,-0.006,-0.0064,0.0008,-0.001,0.0024,0.05,0.6242,0.9514,-0.0065,0.0242,0.3069,-4.8473,-31.4035,0.0622
60_e1_corner_throttle_40hz_20260913,7289,809,12425563690030,806,806,True,12425566743512,810,27.148,27149,74550,0.0,0.1,False,0.0,0.1,808,0.0,0.0524,-0.0101,-0.0826,-0.0003,2341.802,2341.027,0.0524,0.0,0.0271,-0.0034,0.0067,-0.0057,0.0007,-0.0009,0.0021,0.0479,0.6242,0.9514,-0.0063,0.0231,0.307,-4.8475,-31.4035,0.0619
60_e1_corner_throttle_40hz_20260913,7298,810,12425588191868,807,807,True,12425591431400,811,27.1730022,27174,74618,0.0,0.1,False,0.0,0.1,809,0.0,0.0524,-0.009,-0.073,-0.0002,2341.802,2341.027,0.0524,0.0,0.0255,-0.0031,-0.0011,-0.005,0.0006,-0.0008,0.0019,0.0459,0.6242,0.9514,-0.0061,0.0221,0.307,-4.8476,-31.4036,0.0616
60_e1_corner_throttle_40hz_20260913,7307,811,12425613361281,808,808,True,12425616459998,812,27.1980019,27199,74685,0.0,0.1,False,0.0,0.1,810,0.0,0.0524,-0.008,-0.0645,-0.0002,2341.802,2341.027,0.0524,0.0,0.0223,-0.0025,0.0107,-0.0044,0.0006,-0.0007,0.0017,0.0442,0.6242,0.9515,-0.006,0.0213,0.307,-4.8477,-31.4036,0.0613
60_e1_corner_throttle_40hz_20260913,7315,812,12425638421839,809,809,True,12425641350757,813,27.2200012,27221,74745,0.0,0.1,False,0.0,0.1,811,0.0,0.0524,-0.0072,-0.0578,-0.0002,2341.802,2341.027,0.0524,0.0,0.0188,-0.0022,0.0095,-0.004,0.0005,-0.0006,0.0015,0.0429,0.6242,0.9515,-0.0059,0.0206,0.307,-4.8477,-31.4037,0.0611
60_e1_corner_throttle_40hz_20260913,7324,813,12425663269968,810,810,True,12425666425122,814,27.2480011,27249,74810,0.0,0.1,False,0.0,0.1,812,0.0,0.0524,-0.0063,-0.0503,-0.0002,2341.802,2341.027,0.0524,0.0,0.0178,-0.0025,-0.0018,-0.0034,0.0004,-0.0005,0.0013,0.0414,0.6242,0.9515,-0.0057,0.0199,0.307,-4.8478,-31.4037,0.0608
60_e1_corner_throttle_40hz_20260913,7334,814,12425688454690,811,811,True,12425691149798,815,27.273,27274,74880,0.0,0.1,False,0.0,0.1,813,0.0,0.0524,-0.0056,-0.0444,-0.0002,2341.802,2341.027,0.0524,0.0,0.016,-0.0016,-0.0016,-0.003,0.0004,-0.0005,0.0012,0.0402,0.6242,0.9515,-0.0056,0.0193,0.307,-4.8479,-31.4038,0.0606
60_e1_corner_throttle_40hz_20260913,7343,815,12425713768585,812,812,True,12425716269849,816,27.2980022,27299,74956,0.0,0.1,False,0.0,0.1,814,0.0,0.0524,-0.005,-0.0392,-0.0001,2341.802,2341.027,0.0524,0.0,0.0127,-0.0021,0.0051,-0.0027,0.0003,-0.0004,0.0011,0.0391,0.6242,0.9515,-0.0055,0.0188,0.307,-4.8479,-31.4038,0.0605
60_e1_corner_throttle_40hz_20260913,7352,816,12425738629798,813,813,True,12425741204310,817,27.3230019,27324,75034,0.0,0.1,False,0.0,0.1,815,0.0,0.0524,-0.0044,-0.0346,-0.0001,2341.802,2341.027,0.0524,0.0,0.0117,-0.0014,0.0151,-0.0024,0.0003,-0.0004,0.0009,0.0382,0.6242,0.9515,-0.0054,0.0183,0.307,-4.848,-31.4038,0.0603
60_e1_corner_throttle_40hz_20260913,7361,817,12425762973168,814,814,True,12425765438254,818,27.347002,27348,75110,0.0,0.1,False,0.0,0.1,816,0.0,0.0524,-0.004,-0.0307,-0.0001,2341.802,2341.027,0.0524,0.0,0.0107,-0.0013,0.002,-0.0021,0.0003,-0.0003,0.0008,0.0374,0.6242,0.9515,-0.0053,0.0179,0.307,-4.848,-31.4039,0.0602
60_e1_corner_throttle_40hz_20260913,7370,818,12425787983832,815,815,True,12425791633596,819,27.3730011,27374,75188,0.0,0.1,False,0.0,0.1,817,0.0,0.0524,-0.0035,-0.0269,-0.0001,2341.802,2341.027,0.0524,0.0,0.0084,-0.0011,0.0222,-0.0018,0.0002,-0.0003,0.0007,0.0367,0.6242,0.9515,-0.0053,0.0176,0.307,-4.848,-31.4039,0.0601
60_e1_corner_throttle_40hz_20260913,7378,819,12425813821422,816,816,True,12425816639582,820,27.398,27399,75260,0.0,0.1,False,0.0,0.1,818,0.0,0.0524,-0.0031,-0.0238,-0.0001,2341.802,2341.027,0.0524,0.0,0.0088,-0.001,-0.0148,-0.0016,0.0002,-0.0003,0.0007,0.0361,0.6242,0.9515,-0.0052,0.0173,0.307,-4.8481,-31.4039,0.06
60_e1_corner_throttle_40hz_20260913,7388,820,12425838621771,817,817,True,12425841235867,821,27.4230022,27424,75337,0.0,0.1,False,0.0,0.1,819,0.0,0.0524,-0.0028,-0.0209,-0.0001,2341.802,2341.027,0.0524,0.0,0.0086,-0.0012,-0.0007,-0.0014,0.0002,-0.0003,0.0006,0.0355,0.6241,0.9516,-0.0052,0.017,0.307,-4.8481,-31.4039,0.0599
60_e1_corner_throttle_40hz_20260913,7397,821,12425863764604,818,818,True,12425866346480,822,27.4480019,27449,75412,0.0,0.1,False,0.0,0.1,820,0.0,0.0524,-0.0025,-0.0185,-0.0001,2341.802,2341.027,0.0524,0.0,0.0069,-0.0005,-0.0157,-0.0013,0.0002,-0.0002,0.0005,0.035,0.6241,0.9516,-0.0051,0.0167,0.307,-4.8481,-31.4039,0.0598
60_e1_corner_throttle_40hz_20260913,7406,822,12425887962380,819,819,True,12425890283405,823,27.472002,27473,75489,0.0,0.1,False,0.0,0.1,821,0.0,0.0524,-0.0022,-0.0164,-0.0001,2341.802,2341.027,0.0524,0.0,0.0051,-0.0006,-0.002,-0.0011,0.0002,-0.0002,0.0005,0.0346,0.6241,0.9516,-0.0051,0.0165,0.307,-4.8481,-31.4039,0.0597
60_e1_corner_throttle_40hz_20260913,7414,823,12425912878557,820,820,True,12425915234407,824,27.4970016,27498,75571,0.0,0.1,False,0.0,0.1,822,0.0,0.0524,-0.0019,-0.0144,-0.0001,2341.802,2341.027,0.0524,0.0,0.0051,-0.0005,-0.0019,-0.001,0.0001,-0.0002,0.0004,0.0342,0.6241,0.9516,-0.0051,0.0163,0.307,-4.8481,-31.4039,0.0597
60_e1_corner_throttle_40hz_20260913,7424,824,12425938681632,821,821,True,12425941532102,825,27.523,27524,75655,0.0,0.1,False,0.0,0.1,823,0.0,0.0524,-0.0017,-0.0127,-0.0001,2341.802,2341.027,0.0524,0.0,0.0048,-0.0006,-0.0042,-0.0009,0.0001,-0.0001,0.0004,0.0339,0.6241,0.9516,-0.005,0.0162,0.307,-4.8482,-31.4039,0.0596
60_e1_corner_throttle_40hz_20260913,7433,825,12425963747911,822,822,True,12425966214910,826,27.5480022,27549,75727,0.0,0.1,False,0.0,0.1,824,0.0,0.0524,-0.0016,-0.0112,0.0,2341.802,2341.027,0.0524,0.0,0.0045,-0.0008,-0.001,-0.0008,0.0001,-0.0001,0.0003,0.0336,0.6241,0.9516,-0.005,0.016,0.307,-4.8482,-31.4039,0.0596
60_e1_corner_throttle_40hz_20260913,7441,826,12425988547899,823,823,True,12425991431302,827,27.5730019,27574,75793,0.0,0.1,False,0.0,0.1,825,0.0,0.0524,-0.0014,-0.0098,0.0,2341.802,2341.027,0.0524,0.0,0.0038,-0.0001,-0.0037,-0.0007,0.0001,-0.0001,0.0003,0.0333,0.6241,0.9516,-0.005,0.0159,0.307,-4.8482,-31.4039,0.0595
60_e1_corner_throttle_40hz_20260913,7451,827,12426012976099,824,824,True,12426015307793,828,27.597002,27598,75864,0.0,0.1,False,0.0,0.1,826,0.0,0.0524,-0.0012,-0.0087,0.0,2341.802,2341.027,0.0524,0.0,0.0025,-0.0008,-0.0031,-0.0006,0.0001,-0.0002,0.0003,0.0331,0.6241,0.9516,-0.005,0.0158,0.307,-4.8482,-31.4039,0.0595
60_e1_corner_throttle_40hz_20260913,7460,828,12426038749487,825,825,True,12426041236304,829,27.6230011,27624,75949,0.0,0.1,False,0.0,0.1,827,0.0,0.0524,-0.0011,-0.0076,0.0,2341.802,2341.027,0.0524,0.0,0.0027,-0.0003,0.0075,-0.0005,0.0001,-0.0001,0.0002,0.0329,0.6241,0.9516,-0.0049,0.0157,0.307,-4.8482,-31.4039,0.0594
60_e1_corner_throttle_40hz_20260913,7469,829,12426063775962,826,826,True,12426066070016,830,27.648,27649,76029,0.0,0.1,False,0.0,0.1,828,0.0,0.0524,-0.0009,-0.0068,0.0,2341.802,2341.027,0.0524,0.0,0.0012,-0.0008,-0.0015,-0.0005,0.0001,-0.0001,0.0002,0.0327,0.6241,0.9516,-0.0049,0.0156,0.307,-4.8482,-31.4039,0.0594
60_e1_corner_throttle_40hz_20260913,7477,830,12426088579397,827,827,True,12426091307527,831,27.6730022,27674,76114,0.0,0.1,False,0.0,0.1,829,0.0,0.0524,-0.0009,-0.006,0.0,2341.802,2341.027,0.0524,0.0,0.0006,-0.0004,0.0228,-0.0004,0.0001,-0.0001,0.0002,0.0325,0.6241,0.9516,-0.0049,0.0155,0.307,-4.8482,-31.4039,0.0594
60_e1_corner_throttle_40hz_20260913,7487,831,12426112866330,828,828,True,12426115233742,832,27.697,27698,76193,0.0,0.1,False,0.0,0.1,830,0.0,0.0524,-0.0008,-0.0053,0.0,2341.802,2341.027,0.0524,0.0,0.0016,-0.0006,-0.0033,-0.0004,0.0001,0.0,0.0002,0.0324,0.6241,0.9516,-0.0049,0.0154,0.307,-4.8482,-31.4039,0.0594
60_e1_corner_throttle_40hz_20260913,7496,832,12426138566241,829,829,True,12426141434515,833,27.7230015,27724,76274,0.0,0.1,False,0.0,0.1,831,0.0,0.0524,-0.0007,-0.0046,0.0,2341.802,2341.027,0.0524,0.0,0.0023,0.0,-0.0112,-0.0003,0.0,-0.0002,0.0001,0.0323,0.6241,0.9516,-0.0049,0.0154,0.307,-4.8482,-31.4039,0.0593
60_e1_corner_throttle_40hz_20260913,7505,833,12426163497746,830,830,True,12426166466640,834,27.7480011,27749,76349,0.0,0.1,False,0.0,0.1,832,0.0,0.0524,-0.0006,-0.0041,0.0,2341.802,2341.027,0.0524,0.0,0.0004,0.0005,0.007,-0.0003,0.0,-0.0001,0.0001,0.0322,0.6241,0.9516,-0.0049,0.0153,0.307,-4.8482,-31.4039,0.0593
60_e1_corner_throttle_40hz_20260913,7514,834,12426188122726,831,831,True,12426191451496,835,27.773,27774,76418,0.0,0.1,False,0.0,0.1,833,0.0,0.0524,-0.0005,-0.0036,0.0,2341.802,2341.027,0.0524,0.0,0.0023,-0.0006,0.0027,-0.0002,0.0,0.0,0.0001,0.0321,0.6241,0.9516,-0.0049,0.0153,0.307,-4.8482,-31.4039,0.0593
60_e1_corner_throttle_40hz_20260913,7523,835,12426212958822,832,832,True,12426215153209,836,27.797,27798,76487,0.0,0.1,False,0.0,0.1,834,0.0,0.0524,-0.0004,-0.0032,0.0,2341.802,2341.027,0.0524,0.0,0.0016,-0.0007,0.002,-0.0002,0.0,0.0,0.0001,0.032,0.6241,0.9516,-0.0049,0.0152,0.307,-4.8482,-31.4039,0.0593
60_e1_corner_throttle_40hz_20260913,7532,836,12426238219897,833,833,True,12426242166780,837,27.8230019,27824,76565,0.0,0.1,False,0.0,0.1,835,0.0,0.0524,-0.0004,-0.0028,0.0,2341.802,2341.027,0.0524,0.0,0.0014,-0.0003,-0.015,-0.0002,0.0,0.0,6.2833,0.0319,0.6241,0.9516,-0.0049,0.0152,0.307,-4.8482,-31.4039,0.0593
60_e1_corner_throttle_40hz_20260913,7541,837,12426263513434,834,834,True,12426266367291,838,27.8480015,27849,76642,0.0,0.1,False,0.0,0.1,836,0.0,0.0524,-0.0004,-0.0025,0.0,2341.802,2341.027,0.0524,0.0,0.0006,-0.0002,0.0004,-0.0002,0.0,-0.0001,-0.0045,0.0318,0.6241,0.9516,-0.0048,0.0152,0.307,-4.8482,-31.4039,0.0593
60_e1_corner_throttle_40hz_20260913,7549,838,12426287880528,835,835,True,12426290423280,839,27.8720016,27873,76718,0.0,0.1,False,0.0,0.1,837,0.0,0.0524,-0.0003,-0.0022,0.0,2341.802,2341.027,0.0524,0.0,0.0007,0.0004,0.0196,-0.0001,0.0,-0.0001,-0.0041,0.0318,0.6241,0.9516,-0.0048,0.0151,0.307,-4.8482,-31.4039,0.0593
60_e1_corner_throttle_40hz_20260913,7559,839,12426312899318,836,836,True,12426316620245,840,27.8960018,27897,76793,0.0,0.1,False,0.0,0.1,838,0.0,0.0524,-0.0003,-0.0019,0.0,2341.802,2341.027,0.0524,0.0,0.0011,-0.0008,0.0113,-0.0001,0.0,-0.0001,-0.0036,0.0317,0.6241,0.9516,-0.0048,0.0151,0.307,-4.8482,-31.4039,0.0593
60_e1_corner_throttle_40hz_20260913,7568,840,12426337978782,837,837,True,12426340211340,841,27.922,27923,76872,0.0,0.1,False,0.0,0.1,839,0.0,0.0524,-0.0003,-0.0017,0.0,2341.802,2341.027,0.0524,0.0,-0.0009,0.0001,0.0151,-0.0001,0.0,-0.0001,-0.0032,0.0317,0.6241,0.9516,-0.0048,0.0151,0.307,-4.8482,-31.4039,0.0592
60_e1_corner_throttle_40hz_20260913,7577,841,12426363551263,838,838,True,12426366333084,842,27.9480019,27949,76946,0.0,0.1,False,0.0,0.1,840,0.0,0.0524,-0.0003,-0.0015,0.0,2341.802,2341.027,0.0524,0.0,0.0017,0.0003,-0.0101,-0.0001,0.0,-0.0001,-0.0028,0.0316,0.6241,0.9516,-0.0048,0.0151,0.307,-4.8482,-31.4039,0.0592
60_e1_corner_throttle_40hz_20260913,7585,842,12426387918457,839,839,True,12426390472631,843,27.972002,27973,77017,0.0,0.1,False,0.0,0.1,841,0.0,0.0524,-0.0002,-0.0012,0.0,2341.802,2341.027,0.0524,0.0,0.0005,0.0004,-0.0054,-0.0001,0.0,-0.0001,-0.0025,0.0316,0.6241,0.9516,-0.0048,0.015,0.307,-4.8482,-31.4039,0.0592
60_e1_corner_throttle_40hz_20260913,7595,843,12426413139978,840,840,True,12426416424074,844,27.9980011,27999,77098,0.0,0.1,False,0.0,0.1,842,0.0,0.0524,-0.0002,-0.0011,0.0,2341.802,2341.027,0.0524,0.0,-0.0004,0.0001,0.0032,-0.0001,0.0,-0.0001,-0.0022,0.0316,0.6241,0.9516,-0.0048,0.015,0.307,-4.8482,-31.4039,0.0592
60_e1_corner_throttle_40hz_20260913,7604,844,12426438709684,841,841,True,12426441210998,845,28.023,28024,77176,0.0,0.1,False,0.0,0.1,843,0.0,0.0524,-0.0002,-0.001,0.0,2341.802,2341.027,0.0524,0.0,-0.0003,-0.0002,-0.0001,-0.0001,0.0,-0.0001,-0.002,0.0316,0.6241,0.9516,-0.0048,0.015,0.307,-4.8482,-31.4039,0.0592
60_e1_corner_throttle_40hz_20260913,7613,845,12426463605162,842,842,True,12426466171999,846,28.0480022,28049,77253,0.0,0.1,False,0.0,0.1,844,0.0,0.0524,-0.0001,-0.0008,0.0,2341.802,2341.027,0.0524,0.0,0.0003,-0.0003,-0.0003,-0.0001,0.0,-0.0001,-0.0018,0.0315,0.6241,0.9516,-0.0048,0.015,0.307,-4.8482,-31.4039,0.0592
60_e1_corner_throttle_40hz_20260913,7622,846,12426488464853,843,843,True,12426491325773,847,28.0730019,28074,77329,0.0,0.1,False,0.0,0.1,845,0.0,0.0524,-0.0001,-0.0008,0.0,2341.802,2341.027,0.0524,0.0,0.0006,0.0001,0.023,-0.0001,0.0,0.0,-0.0016,0.0315,0.6241,0.9516,-0.0048,0.015,0.307,-4.8482,-31.4039,0.0592
60_e1_corner_throttle_40hz_20260913,7631,847,12426513021935,844,844,True,12426515316480,848,28.097002,28098,77402,0.0,0.1,False,0.0,0.1,846,0.0,0.0524,-0.0001,-0.0007,0.0,2341.802,2341.027,0.0524,0.0,-0.0003,0.0004,-0.0014,0.0,0.0,-0.0001,-0.0014,0.0315,0.6241,0.9516,-0.0048,0.015,0.307,-4.8482,-31.4039,0.0592
60_e1_corner_throttle_40hz_20260913,7640,848,12426538288480,845,845,True,12426541222929,849,28.1230011,28124,77493,0.0,0.1,False,0.0,0.1,847,0.0,0.0524,-0.0001,-0.0007,0.0,2341.802,2341.027,0.0524,0.0,0.0004,-0.0007,0.0032,0.0,0.0,-0.0001,-0.0012,0.0315,0.6241,0.9516,-0.0048,0.015,0.307,-4.8482,-31.4039,0.0592
60_e1_corner_throttle_40hz_20260913,7649,849,12426563912037,846,846,True,12426566511786,850,28.148,28149,77570,0.0,0.1,False,0.0,0.1,848,0.0,0.0524,-0.0001,-0.0006,0.0,2341.802,2341.027,0.0524,0.0,-0.0002,0.0,-0.0006,0.0,0.0,-0.0001,-0.0011,0.0315,0.6241,0.9516,-0.0048,0.015,0.307,-4.8482,-31.4039,0.0592
60_e1_corner_throttle_40hz_20260913,7658,850,12426588075549,847,847,True,12426591443743,851,28.1730022,28174,77651,0.0,0.1,False,0.0,0.1,849,0.0,0.0524,-0.0001,-0.0004,0.0,2341.802,2341.027,0.0524,0.0,-0.0004,-0.0006,0.0013,0.0,0.0,-0.0002,-0.001,0.0314,0.6241,0.9516,-0.0048,0.015,0.307,-4.8481,-31.4039,0.0592
60_e1_corner_throttle_40hz_20260913,7667,851,12426613071586,848,848,True,12426616391649,852,28.197,28198,77725,0.0,0.1,False,0.0,0.1,850,0.0,0.0524,0.0,-0.0004,0.0,2341.802,2341.027,0.0524,0.0,0.0,-0.0004,0.0075,0.0,0.0,-0.0001,-0.0009,0.0314,0.6241,0.9516,-0.0048,0.015,0.307,-4.8481,-31.4039,0.0592
60_e1_corner_throttle_40hz_20260913,7676,852,12426638024291,849,849,True,12426641302516,853,28.2230015,28224,77807,0.0,0.1,False,0.0,0.1,851,0.0,0.0524,-0.0001,-0.0004,0.0,2341.802,2341.027,0.0524,0.0,-0.0006,0.0005,0.009,0.0,0.0,-0.0001,-0.0008,0.0314,0.6241,0.9516,-0.0048,0.015,0.307,-4.8481,-31.4039,0.0592
60_e1_corner_throttle_40hz_20260913,7685,853,12426662895924,850,850,True,12426665202833,854,28.2470016,28248,77875,0.0,0.1,False,0.0,0.1,852,0.0,0.0524,-0.0001,-0.0003,0.0,2341.802,2341.027,0.0524,0.0,-0.0002,0.0002,-0.0064,0.0,0.0,-0.0001,-0.0007,0.0314,0.6241,0.9516,-0.0048,0.015,0.307,-4.8481,-31.4039,0.0592
60_e1_corner_throttle_40hz_20260913,7694,854,12426688500556,851,851,True,12426691615123,855,28.273,28274,77963,0.0,0.1,False,0.0,0.1,853,0.0,0.0524,0.0,-0.0003,0.0,2341.802,2341.027,0.0524,0.0,0.0006,0.0006,-0.0142,0.0,0.0,-0.0001,-0.0006,0.0314,0.6241,0.9516,-0.0048,0.0149,0.307,-4.8481,-31.4039,0.0592
60_e1_corner_throttle_40hz_20260913,7703,855,12426713734961,852,852,True,12426716444016,856,28.2980022,28299,78043,0.0,0.1,False,0.0,0.1,854,0.0,0.0524,0.0,-0.0002,0.0,2341.802,2341.027,0.0524,0.0,-0.0006,-0.0006,-0.0042,0.0,0.0,-0.0001,-0.0005,0.0314,0.6241,0.9516,-0.0048,0.0149,0.307,-4.8481,-31.4039,0.0592
60_e1_corner_throttle_40hz_20260913,7712,856,12426738017296,853,853,True,12426740422880,857,28.322,28323,78119,0.0,0.1,False,0.0,0.1,855,0.0,0.0524,0.0,-0.0002,0.0,2341.802,2341.027,0.0524,0.0,0.0007,-0.0003,0.0032,0.0,0.0,-0.0001,-0.0005,0.0314,0.6241,0.9516,-0.0048,0.0149,0.307,-4.8481,-31.4039,0.0592
60_e1_corner_throttle_40hz_20260913,7721,857,12426763798600,854,854,True,12426766351070,858,28.3480015,28349,78184,0.0,0.1,False,0.0,0.1,856,0.0,0.0524,0.0,-0.0002,0.0,2341.802,2341.027,0.0524,0.0,0.0011,-0.0003,-0.0081,0.0,0.0,0.0,-0.0004,0.0314,0.6241,0.9516,-0.0048,0.0149,0.307,-4.8481,-31.4039,0.0592
60_e1_corner_throttle_40hz_20260913,7729,858,12426788684410,855,855,True,12426791175815,859,28.3730011,28374,78251,0.0,0.1,False,0.0,0.1,857,0.0,0.0524,0.0,0.0,0.0,2341.802,2341.027,0.0524,0.0,0.0011,-0.0005,0.0029,0.0,0.0,0.0001,-0.0004,0.0314,0.6241,0.9516,-0.0048,0.0149,0.307,-4.8481,-31.4039,0.0592
60_e1_corner_throttle_40hz_20260913,7739,859,12426813069488,856,856,True,12426816276990,860,28.398,28399,78332,0.0,0.1,False,0.0,0.1,858,0.0,0.0524,0.0,-0.0001,0.0,2341.802,2341.027,0.0524,0.0,0.0001,0.0003,0.0067,0.0,0.0,0.0001,-0.0003,0.0314,0.6241,0.9516,-0.0048,0.0149,0.307,-4.8481,-31.4039,0.0592
60_e1_corner_throttle_40hz_20260913,7748,860,12426838408920,857,857,True,12426841142341,861,28.4230022,28424,78415,0.0,0.1,False,0.0,0.1,859,0.0,0.0524,0.0,-0.0001,0.0,2341.802,2341.027,0.0524,0.0,0.0,-0.0003,-0.0026,0.0,0.0,0.0001,-0.0003,0.0314,0.6241,0.9516,-0.0048,0.0149,0.307,-4.8481,-31.4039,0.0592
60_e1_corner_throttle_40hz_20260913,7757,861,12426863280724,858,858,True,12426866168014,862,28.4480019,28449,78487,0.0,0.1,False,0.0,0.1,860,0.0,0.0524,0.0,-0.0001,0.0,2341.802,2341.027,0.0524,0.0,0.0002,-0.0005,0.0086,0.0,0.0,0.0001,-0.0003,0.0314,0.6241,0.9516,-0.0048,0.0149,0.307,-4.8481,-31.4039,0.0592
60_e1_corner_throttle_40hz_20260913,7766,862,12426888326515,859,859,True,12426891345522,863,28.4730015,28474,78570,0.0,0.1,False,0.0,0.1,861,0.0,0.0524,0.0,-0.0001,0.0,2341.802,2341.027,0.0524,0.0,-0.0003,0.0,0.0158,0.0,0.0,0.0001,-0.0002,0.0314,0.6241,0.9516,-0.0048,0.0149,0.307,-4.8481,-31.4039,0.0592
60_e1_corner_throttle_40hz_20260913,7775,863,12426912965861,860,860,True,12426915379720,864,28.4970016,28498,78648,0.0,0.1,False,0.0,0.1,862,0.0,0.0524,0.0,-0.0001,0.0,2341.802,2341.027,0.0524,0.0,-0.0002,0.0006,-0.0049,0.0,0.0,0.0,-0.0002,0.0314,0.6241,0.9516,-0.0048,0.0149,0.307,-4.8481,-31.4039,0.0592
60_e1_corner_throttle_40hz_20260913,7783,864,12426938769587,861,861,True,12426941174890,865,28.523,28524,78733,0.0,0.1,False,0.0,0.1,863,0.0,0.0524,0.0,-0.0001,0.0,2341.802,2341.027,0.0524,0.0,-0.0002,0.0002,-0.0098,0.0,0.0,0.0,-0.0002,0.0314,0.6241,0.9516,-0.0048,0.0149,0.307,-4.8481,-31.4039,0.0592
60_e1_corner_throttle_40hz_20260913,7793,865,12426963554276,862,862,True,12426966340927,866,28.5480022,28549,78806,0.0,0.1,False,0.0,0.1,864,0.0,0.0524,0.0,-0.0001,0.0,2341.802,2341.027,0.0524,0.0,-0.0005,0.0,0.0051,0.0,0.0,0.0,-0.0002,0.0314,0.6241,0.9516,-0.0048,0.0149,0.307,-4.8481,-31.4039,0.0592
60_e1_corner_throttle_40hz_20260913,7802,866,12426988037399,863,863,True,12426991229061,867,28.5730019,28574,78873,0.0,0.1,False,0.0,0.1,865,0.0,0.0524,0.0,0.0,0.0,2341.802,2341.027,0.0524,0.0,-0.0002,0.0003,-0.0031,0.0,0.0,0.0,-0.0002,0.0314,0.6241,0.9516,-0.0048,0.0149,0.307,-4.8481,-31.4039,0.0592
60_e1_corner_throttle_40hz_20260913,7811,867,12427013505624,864,864,True,12427016087379,868,28.5980015,28599,78949,0.0,0.1,False,0.0,0.1,866,0.0,0.0524,0.0,-0.0001,0.0,2341.802,2341.027,0.0524,0.0,-0.0005,-0.0001,0.0105,0.0,0.0,0.0,-0.0001,0.0314,0.6241,0.9516,-0.0048,0.0149,0.307,-4.8481,-31.4039,0.0592
60_e1_corner_throttle_40hz_20260913,7820,868,12427038606899,865,865,True,12427041260259,869,28.6230011,28624,79035,0.0,0.1,False,0.0,0.1,867,0.0,0.0524,0.0,-0.0001,0.0,2341.802,2341.027,0.0524,0.0,0.0002,0.0001,-0.0098,0.0,0.0,-0.0001,-0.0001,0.0314,0.6241,0.9516,-0.0048,0.0149,0.307,-4.8481,-31.4039,0.0592
60_e1_corner_throttle_40hz_20260913,7829,869,12427063711159,866,866,True,12427066192155,870,28.648,28649,79122,0.0,0.1,False,0.0,0.1,868,0.0,0.0524,0.0,-0.0001,0.0,2341.802,2341.027,0.0524,0.0,-0.0002,-0.0002,0.0018,0.0,0.0,-0.0001,-0.0001,0.0314,0.6241,0.9516,-0.0048,0.0149,0.307,-4.8481,-31.4039,0.0592
60_e1_corner_throttle_40hz_20260913,7838,870,12427088037617,867,867,True,12427090365916,871,28.672,28673,79201,0.0,0.1,False,0.0,0.1,869,0.0,0.0524,0.0,-0.0001,0.0,2341.802,2341.027,0.0524,0.0,-0.0003,0.0001,-0.0046,0.0,0.0,-0.0001,-0.0001,0.0314,0.6241,0.9516,-0.0048,0.0149,0.307,-4.848,-31.4039,0.0592
60_e1_corner_throttle_40hz_20260913,7847,871,12427113849899,868,868,True,12427116250624,872,28.6980019,28699,79286,0.0,0.1,False,0.0,0.1,870,0.0,0.0524,0.0,-0.0001,0.0,2341.802,2341.027,0.0524,0.0,0.0,-0.0001,0.0094,0.0,0.0,0.0,-0.0001,0.0314,0.6241,0.9516,-0.0048,0.0149,0.307,-4.848,-31.4039,0.0592
60_e1_corner_throttle_40hz_20260913,7856,872,12427138030312,869,869,True,12427141150620,873,28.7230015,28724,79369,0.0,0.1,False,0.0,0.1,871,0.0,0.0524,0.0,-0.0001,0.0,2341.802,2341.027,0.0524,0.0,0.0006,0.0002,0.0026,0.0,0.0,0.0,-0.0001,0.0314,0.6241,0.9516,-0.0048,0.0149,0.307,-4.848,-31.4039,0.0592
60_e1_corner_throttle_40hz_20260913,7865,873,12427163136256,870,870,True,12427166363866,874,28.7480011,28749,79449,0.0,0.1,False,0.0,0.1,872,0.0,0.0524,0.0,-0.0001,0.0,2341.802,2341.027,0.0524,0.0,0.0003,-0.0002,-0.0004,0.0,0.0,0.0,-0.0001,0.0314,0.6241,0.9516,-0.0048,0.0149,0.307,-4.848,-31.4039,0.0592
60_e1_corner_throttle_40hz_20260913,7874,874,12427188160346,871,871,True,12427191407442,875,28.773,28774,79529,0.0,0.1,False,0.0,0.1,873,0.0,0.0524,0.0,-0.0001,0.0,2341.802,2341.027,0.0524,0.0,0.0002,-0.0001,-0.0125,0.0,0.0,0.0,-0.0001,0.0314,0.6241,0.9516,-0.0048,0.0149,0.307,-4.848,-31.4039,0.0592
60_e1_corner_throttle_40hz_20260913,7882,875,12427213067105,872,872,True,12427216293022,876,28.7980022,28799,79606,0.0,0.1,False,0.0,0.1,874,0.0,0.0524,0.0,0.0001,0.0,2341.802,2341.027,0.0524,0.0,0.0008,0.0003,-0.008,0.0,0.0,0.0001,-0.0001,0.0314,0.6241,0.9516,-0.0048,0.0149,0.307,-4.848,-31.4039,0.0592
60_e1_corner_throttle_40hz_20260913,7892,876,12427237891619,873,873,True,12427240184592,877,28.822,28823,79684,0.0,0.1,False,0.0,0.1,875,0.0,0.0524,0.0,0.0,0.0,2341.802,2341.027,0.0524,0.0,0.0007,0.0,-0.015,0.0,0.0,0.0001,-0.0001,0.0314,0.6241,0.9516,-0.0048,0.0149,0.307,-4.848,-31.4039,0.0592
60_e1_corner_throttle_40hz_20260913,7901,877,12427263418805,874,874,True,12427266550024,878,28.8480015,28849,79765,0.0,0.1,False,0.0,0.1,876,0.0,0.0524,0.0,0.0,0.0,2341.802,2341.027,0.0524,0.0,0.0003,-0.0004,-0.0092,0.0,0.0,0.0,0.0,0.0314,0.6241,0.9516,-0.0048,0.0149,0.307,-4.848,-31.4039,0.0592
60_e1_corner_throttle_40hz_20260913,7910,878,12427288739042,875,875,True,12427291256566,879,28.8730011,28874,79842,0.0,0.1,False,0.0,0.1,877,0.0,0.0524,0.0,0.0,0.0,2341.802,2341.027,0.0524,0.0,0.0,0.0005,-0.0129,0.0,0.0,0.0,-0.0001,0.0314,0.6241,0.9516,-0.0048,0.0149,0.307,-4.848,-31.4039,0.0592
60_e1_corner_throttle_40hz_20260913,7919,879,12427313686999,876,876,True,12427316121988,880,28.898,28899,79921,0.0,0.1,False,0.0,0.1,878,0.0,0.0524,0.0,0.0,0.0,2341.802,2341.027,0.0524,0.0,-0.0001,0.0001,-0.001,0.0,0.0,0.0,0.0,0.0314,0.6241,0.9516,-0.0048,0.0149,0.307,-4.848,-31.4039,0.0592
60_e1_corner_throttle_40hz_20260913,7927,880,12427338602033,877,877,True,12427341216811,881,28.9230022,28924,80013,0.0,0.1,False,0.0,0.1,879,0.0,0.0524,0.0,0.0,0.0,2341.802,2341.027,0.0524,0.0,0.0013,-0.0002,0.0004,0.0,0.0,0.0,0.0,0.0314,0.6241,0.9516,-0.0048,0.0149,0.307,-4.848,-31.4039,0.0592
60_e1_corner_throttle_40hz_20260913,7937,881,12427363851367,878,878,True,12427366777530,882,28.9480019,28949,80102,0.0,0.1,False,0.0,0.1,880,0.0,0.0524,0.0,0.0,0.0,2341.802,2341.027,0.0524,0.0,0.0001,0.0,0.0128,0.0,0.0,0.0,0.0,0.0314,0.6241,0.9516,-0.0048,0.0149,0.307,-4.848,-31.4039,0.0592
60_e1_corner_throttle_40hz_20260913,7946,882,12427388630606,879,879,True,12427391244161,883,28.9730015,28974,80177,0.0,0.1,False,0.0,0.1,881,0.0,0.0524,0.0,0.0,0.0,2341.802,2341.027,0.0524,0.0,-0.0001,0.0001,0.0018,0.0,0.0,-0.0001,0.0,0.0314,0.6241,0.9516,-0.0048,0.0149,0.307,-4.848,-31.4039,0.0592
60_e1_corner_throttle_40hz_20260913,7955,883,12427413675966,880,880,True,12427416212857,884,28.9980011,28999,80263,0.0,0.1,False,0.0,0.1,882,0.0,0.0524,0.0,0.0,0.0,2341.802,2341.027,0.0524,0.0,0.0004,-0.0005,-0.0073,0.0,0.0,-0.0001,0.0,0.0314,0.6241,0.9516,-0.0048,0.0149,0.307,-4.848,-31.4039,0.0592
60_e1_corner_throttle_40hz_20260913,7964,884,12427438074369,881,881,True,12427441284005,885,29.023,29024,80350,0.0,0.1,False,0.0,0.1,883,0.0,0.0524,0.0,0.0,0.0,2341.802,2341.027,0.0524,0.0,0.0012,-0.0001,-0.0049,0.0,0.0,0.0,0.0,0.0314,0.6241,0.9516,-0.0048,0.0149,0.307,-4.848,-31.4039,0.0592
60_e1_corner_throttle_40hz_20260913,7973,885,12427462991949,882,882,True,12427465327050,886,29.047,29048,80433,0.0,0.1,False,0.0,0.1,884,0.0,0.0524,0.0,0.0,0.0,2341.802,2341.027,0.0524,0.0,0.0,-0.0001,-0.0118,0.0,0.0,0.0,0.0,0.0314,0.6241,0.9516,-0.0048,0.0149,0.307,-4.848,-31.4039,0.0592
60_e1_corner_throttle_40hz_20260913,7982,886,12427488820130,883,883,True,12427491125897,887,29.0730019,29074,80517,0.0,0.1,False,0.0,0.1,885,0.0,0.0524,0.0,0.0,0.0,2341.802,2341.027,0.0524,0.0,-0.0003,-0.0002,-0.0011,0.0,0.0,0.0,0.0,0.0314,0.6241,0.9516,-0.0048,0.0149,0.307,-4.848,-31.4039,0.0592
60_e1_corner_throttle_40hz_20260913,7991,887,12427513524048,884,884,True,12427516384097,888,29.0980015,29099,80599,0.0,0.1,False,0.0,0.1,886,0.0,0.0524,0.0,0.0,0.0,2341.802,2341.027,0.0524,0.0,0.0002,0.0004,-0.0054,0.0,0.0,0.0,0.0,0.0314,0.6241,0.9516,-0.0048,0.0149,0.307,-4.8479,-31.4039,0.0592
60_e1_corner_throttle_40hz_20260913,7999,888,12427538759636,885,885,True,12427541156383,889,29.1230011,29124,80682,0.0,0.1,False,0.0,0.1,887,0.0,0.0524,0.0,0.0001,0.0,2341.802,2341.027,0.0524,0.0,-0.0001,0.0,-0.0033,0.0,0.0,0.0,0.0,0.0314,0.6241,0.9516,-0.0048,0.0149,0.307,-4.8479,-31.4039,0.0592
60_e1_corner_throttle_40hz_20260913,8008,889,12427563854729,886,886,True,12427566526954,890,29.148,29149,80765,0.0,0.1,False,0.0,0.1,888,0.0,0.0524,0.0,0.0001,0.0,2341.802,2341.027,0.0524,0.0,-0.0001,-0.0004,0.007,0.0,0.0,0.0,0.0,0.0314,0.6241,0.9516,-0.0048,0.0149,0.307,-4.8479,-31.4039,0.0592
60_e1_corner_throttle_40hz_20260913,8017,890,12427588360033,887,887,True,12427591182170,891,29.1730022,29174,80838,0.0,0.1,False,0.0,0.1,889,0.0,0.0524,0.0,0.0001,0.0,2341.802,2341.027,0.0524,0.0,0.0003,0.0001,-0.0027,0.0,0.0,0.0001,0.0,0.0314,0.6241,0.9516,-0.0048,0.0149,0.307,-4.8479,-31.4039,0.0592
60_e1_corner_throttle_40hz_20260913,8026,891,12427613847464,888,888,True,12427616344991,892,29.1980019,29199,80904,0.0,0.1,False,0.0,0.1,890,0.0,0.0524,0.0,0.0001,0.0,2341.802,2341.027,0.0524,0.0,-0.0001,0.0,-0.0042,0.0,0.0,0.0,0.0,0.0314,0.6241,0.9516,-0.0048,0.0149,0.307,-4.8479,-31.4039,0.0592
60_e1_corner_throttle_40hz_20260913,8036,892,12427638073844,889,889,True,12427640310961,893,29.222002,29223,80984,0.0,0.1,False,0.0,0.1,891,0.0,0.0524,0.0,0.0001,0.0,2341.802,2341.027,0.0524,0.0,0.0003,0.0,-0.0005,0.0,0.0,0.0001,0.0,0.0314,0.6241,0.9516,-0.0048,0.0149,0.307,-4.8479,-31.4039,0.0592
60_e1_corner_throttle_40hz_20260913,8044,893,12427663873262,890,890,True,12427666222319,894,29.2480011,29249,81072,0.0,0.1,False,0.0,0.1,892,0.0,0.0524,0.0,0.0001,0.0,2341.802,2341.027,0.0524,0.0,-0.0001,-0.0003,0.0005,0.0,0.0,0.0,0.0,0.0314,0.6241,0.9516,-0.0048,0.0149,0.307,-4.8479,-31.4039,0.0592
60_e1_corner_throttle_40hz_20260913,8053,894,12427688732842,891,891,True,12427691258762,895,29.273,29274,81158,0.0,0.1,False,0.0,0.1,893,0.0,0.0524,0.0,0.0001,0.0,2341.802,2341.027,0.0524,0.0,0.0002,-0.0005,-0.001,0.0,0.0,0.0,0.0,0.0314,0.624,0.9516,-0.0048,0.0149,0.3069,-4.8479,-31.4039,0.0592
60_e1_corner_throttle_40hz_20260913,8062,895,12427713876547,892,892,True,12427716252175,896,29.2980022,29299,81239,0.0,0.1,False,0.0,0.1,894,0.0,0.0524,0.0,0.0001,0.0,2341.802,2341.027,0.0524,0.0,-0.0002,0.0,-0.0017,0.0,0.0,0.0,0.0,0.0314,0.624,0.9516,-0.0048,0.0149,0.3069,-4.8479,-31.4039,0.0592
60_e1_corner_throttle_40hz_20260913,8071,896,12427737940401,893,893,True,12427740270463,897,29.322,29323,81317,0.0,0.1,False,0.0,0.1,895,0.0,0.0524,0.0,0.0,0.0,2341.802,2341.027,0.0524,0.0,-0.0001,0.0005,-0.003,0.0,0.0,0.0,0.0,0.0314,0.624,0.9516,-0.0048,0.0149,0.3069,-4.8479,-31.4039,0.0592
60_e1_corner_throttle_40hz_20260913,8080,897,12427763851198,894,894,True,12427766635494,898,29.3480015,29349,81385,0.0,0.1,False,0.0,0.1,896,0.0,0.0524,0.0,0.0,0.0,2341.802,2341.027,0.0524,0.0,0.0003,-0.0005,-0.0095,0.0,0.0,0.0,0.0,0.0314,0.624,0.9516,-0.0048,0.0149,0.3069,-4.8479,-31.4039,0.0592
60_e1_corner_throttle_40hz_20260913,8090,898,12427788410614,895,895,True,12427791294958,899,29.3730011,29374,81459,0.0,0.1,False,0.0,0.1,897,0.0,0.0524,0.0,0.0,0.0,2341.802,2341.027,0.0524,0.0,-0.0004,-0.0002,-0.0023,0.0,0.0,0.0,0.0,0.0314,0.624,0.9516,-0.0048,0.0149,0.3069,-4.8479,-31.4039,0.0592
60_e1_corner_throttle_40hz_20260913,8098,899,12427812927680,896,896,True,12427815492143,900,29.3970013,29398,81540,0.0,0.1,False,0.0,0.1,898,0.0,0.0524,0.0,0.0,0.0,2341.802,2341.027,0.0524,0.0,-0.0004,-0.0001,0.0063,0.0,0.0,0.0,0.0,0.0314,0.624,0.9516,-0.0048,0.0149,0.3069,-4.8479,-31.4039,0.0592
60_e1_corner_throttle_40hz_20260913,8108,900,12427838042000,897,897,True,12427840100661,901,29.422,29423,81627,0.0,0.1,False,0.0,0.1,899,0.0,0.0524,0.0,0.0,0.0,2341.802,2341.027,0.0524,0.0,-0.0009,0.0005,0.0034,0.0,0.0,0.0,0.0,0.0314,0.624,0.9516,-0.0048,0.0149,0.3069,-4.8479,-31.4039,0.0592
60_e1_corner_throttle_40hz_20260913,8116,901,12427863637775,898,898,True,12427866209271,902,29.4480019,29449,81718,0.0,0.1,False,0.0,0.1,900,0.0,0.0524,0.0,0.0,0.0,2341.802,2341.027,0.0524,0.0,-0.0004,0.0001,0.0024,0.0,0.0,0.0,0.0,0.0314,0.624,0.9516,-0.0048,0.0149,0.3069,-4.8479,-31.4039,0.0592
60_e1_corner_throttle_40hz_20260913,8126,902,12427888590951,899,899,True,12427891162677,903,29.4730015,29474,81804,0.0,0.1,False,0.0,0.1,901,0.0,0.0524,0.0,0.0,0.0,2341.802,2341.027,0.0524,0.0,0.0005,-0.0006,0.009,0.0,0.0,0.0,0.0,0.0314,0.624,0.9516,-0.0048,0.0149,0.3069,-4.8479,-31.4039,0.0592
60_e1_corner_throttle_40hz_20260913,8135,903,12427913747290,900,900,True,12427916194181,904,29.4980011,29499,81893,0.0,0.1,False,0.0,0.1,902,0.0,0.0524,0.0,0.0,0.0,2341.802,2341.027,0.0524,0.0,-0.0005,0.0001,0.0043,0.0,0.0,0.0,0.0,0.0314,0.624,0.9516,-0.0048,0.0149,0.3069,-4.8479,-31.4039,0.0592
60_e1_corner_throttle_40hz_20260913,8143,904,12427938670710,901,901,True,12427941251624,905,29.523,29524,81971,0.0,0.1,False,0.0,0.1,903,0.0,0.0524,0.0,0.0,0.0,2341.802,2341.027,0.0524,0.0,0.0002,-0.0003,-0.0048,0.0,0.0,0.0,0.0,0.0314,0.624,0.9516,-0.0048,0.0149,0.3069,-4.8479,-31.4039,0.0592
60_e1_corner_throttle_40hz_20260913,8152,905,12427963034288,902,902,True,12427966609030,906,29.5480022,29549,82053,0.0,0.1,False,0.0,0.1,904,0.0,0.0524,0.0,0.0001,0.0,2341.802,2341.027,0.0524,0.0,0.0006,-0.0005,-0.0026,0.0,0.0,0.0,0.0,0.0313,0.624,0.9516,-0.0048,0.0149,0.3069,-4.8479,-31.4039,0.0592
60_e1_corner_throttle_40hz_20260913,8162,906,12427988254737,903,903,True,12427991249429,907,29.5730019,29574,82126,0.0,0.1,False,0.0,0.1,905,0.0,0.0524,0.0,0.0001,0.0,2341.802,2341.027,0.0524,0.0,0.0006,-0.0004,-0.0033,0.0,0.0,0.0,0.0,0.0314,0.624,0.9516,-0.0048,0.0149,0.3069,-4.8479,-31.4039,0.0592
60_e1_corner_throttle_40hz_20260913,8171,907,12428012924701,904,904,True,12428015211070,908,29.597002,29598,82198,0.0,0.1,False,0.0,0.1,906,0.0,0.0524,0.0,0.0,0.0,2341.802,2341.027,0.0524,0.0,-0.0005,0.0001,-0.0025,0.0,0.0,0.0,0.0,0.0314,0.624,0.9516,-0.0048,0.0149,0.3069,-4.8479,-31.4039,0.0592
60_e1_corner_throttle_40hz_20260913,8180,908,12428038786155,905,905,True,12428041319690,909,29.6230011,29624,82278,0.0,0.1,False,0.0,0.1,907,0.0,0.0524,0.0,0.0,0.0,2341.802,2341.027,0.0524,0.0,0.0004,0.0,-0.0026,0.0,0.0,0.0,0.0,0.0314,0.624,0.9516,-0.0048,0.0149,0.3069,-4.8479,-31.4039,0.0592
60_e1_corner_throttle_40hz_20260913,8189,909,12428062962180,906,906,True,12428065153581,910,29.6470013,29648,82353,0.0,0.1,False,0.0,0.1,908,0.0,0.0524,0.0,0.0,0.0,2341.802,2341.027,0.0524,0.0,-0.0001,0.0007,-0.009,0.0,0.0,0.0,0.0,0.0314,0.624,0.9516,-0.0048,0.0149,0.3069,-4.8479,-31.4039,0.0592
60_e1_corner_throttle_40hz_20260913,8198,910,12428088764493,907,907,True,12428091196166,911,29.6730022,29674,82439,0.0,0.1,False,0.0,0.1,909,0.0,0.0524,0.0,0.0,0.0,2341.802,2341.027,0.0524,0.0,-0.0006,-0.0001,-0.0099,0.0,0.0,0.0,0.0,0.0314,0.624,0.9516,-0.0048,0.0149,0.3069,-4.8479,-31.4039,0.0592
60_e1_corner_throttle_40hz_20260913,8207,911,12428113022432,908,908,True,12428116573991,912,29.697,29698,82516,0.0,0.1,False,0.0,0.1,910,0.0,0.0524,0.0,-0.0001,0.0,2341.802,2341.027,0.0524,0.0,-0.0005,-0.0003,0.0028,0.0,0.0,0.0,0.0,0.0314,0.624,0.9516,-0.0048,0.0149,0.3069,-4.8479,-31.4039,0.0592
60_e1_corner_throttle_40hz_20260913,8215,912,12428138102878,909,909,True,12428140395971,913,29.722002,29723,82592,0.0,0.1,False,0.0,0.1,911,0.0,0.0524,0.0,-0.0001,0.0,2341.802,2341.027,0.0524,0.0,-0.0003,0.0,-0.0053,0.0,0.0,0.0,0.0,0.0314,0.624,0.9516,-0.0048,0.0149,0.3069,-4.8479,-31.4039,0.0592
60_e1_corner_throttle_40hz_20260913,8225,913,12428162941609,910,910,True,12428165984091,914,29.7470016,29748,82676,0.0,0.1,False,0.0,0.1,912,0.0,0.0524,0.0,-0.0001,0.0,2341.802,2341.027,0.0524,0.0,0.0001,-0.0002,0.0045,0.0,0.0,-0.0001,0.0,0.0314,0.624,0.9516,-0.0048,0.0149,0.3069,-4.8479,-31.4039,0.0592
60_e1_corner_throttle_40hz_20260913,8234,914,12428188587929,911,911,True,12428191304839,915,29.773,29774,82746,0.0,0.1,False,0.0,0.1,913,0.0,0.0524,0.0,-0.0001,0.0,2341.802,2341.027,0.0524,0.0,0.0004,-0.0003,-0.0126,0.0,0.0,0.0,0.0,0.0314,0.624,0.9516,-0.0048,0.0149,0.3069,-4.8479,-31.4039,0.0592
60_e1_corner_throttle_40hz_20260913,8243,915,12428213861198,912,912,True,12428216245962,916,29.7980022,29799,82820,0.0,0.1,False,0.0,0.1,914,0.0,0.0524,0.0,0.0,0.0,2341.802,2341.027,0.0524,0.0,0.0012,-0.0005,0.0009,0.0,0.0,0.0,0.0,0.0314,0.624,0.9516,-0.0048,0.0149,0.3069,-4.8479,-31.4039,0.0592
60_e1_corner_throttle_40hz_20260913,8252,916,12428238180452,913,913,True,12428241222833,917,29.8230019,29824,82891,0.0,0.1,False,0.0,0.1,915,0.0,0.0524,0.0,0.0,0.0,2341.802,2341.027,0.0524,0.0,0.0002,-0.0007,-0.0012,0.0,0.0,0.0,0.0,0.0314,0.624,0.9516,-0.0048,0.0149,0.3069,-4.8479,-31.4039,0.0592
60_e1_corner_throttle_40hz_20260913,8261,917,12428263472596,914,914,True,12428266271489,918,29.8480015,29849,82955,0.0,0.1,False,0.0,0.1,916,0.0,0.0524,0.0,0.0,0.0,2341.802,2341.027,0.0524,0.0,0.0006,0.0002,-0.0048,0.0,0.0,0.0,0.0,0.0314,0.624,0.9516,-0.0048,0.0149,0.3069,-4.8479,-31.4039,0.0592
60_e1_corner_throttle_40hz_20260913,8270,918,12428288568972,915,915,True,12428291335114,919,29.8730011,29874,83034,0.0,0.1,False,0.0,0.1,917,0.0,0.0524,0.0,0.0001,0.0,2341.802,2341.027,0.0524,0.0,-0.0009,0.0008,0.0061,0.0,0.0,0.0,0.0,0.0313,0.624,0.9516,-0.0048,0.0149,0.3069,-4.8479,-31.4039,0.0592
60_e1_corner_throttle_40hz_20260913,8278,919,12428313139298,916,916,True,12428316236412,920,29.898,29899,83115,0.0,0.1,False,0.0,0.1,918,0.0,0.0524,0.0,0.0,0.0,2341.802,2341.027,0.0524,0.0,0.0002,-0.0002,-0.0016,0.0,0.0,0.0,0.0,0.0314,0.6241,0.9516,-0.0048,0.0149,0.3069,-4.8479,-31.4039,0.0592
60_e1_corner_throttle_40hz_20260913,8288,920,12428338613124,917,917,True,12428341140306,921,29.9230022,29924,83204,0.0,0.1,False,0.0,0.1,919,0.0,0.0524,0.0,0.0,0.0,2341.802,2341.027,0.0524,0.0,0.0004,0.0004,-0.0145,0.0,0.0,0.0,0.0,0.0314,0.624,0.9516,-0.0048,0.0149,0.3069,-4.8479,-31.4039,0.0592
60_e1_corner_throttle_40hz_20260913,8297,921,12428363166839,918,918,True,12428366252582,922,29.9480019,29949,83287,0.0,0.1,False,0.0,0.1,920,0.0,0.0524,0.0,0.0,0.0,2341.802,2341.027,0.0524,0.0,-0.0004,0.0002,0.009,0.0,0.0,0.0,0.0,0.0314,0.624,0.9516,-0.0048,0.0149,0.3069,-4.8479,-31.4039,0.0592
60_e1_corner_throttle_40hz_20260913,8306,922,12428388485763,919,919,True,12428391472610,923,29.9730015,29974,83371,0.0,0.1,False,0.0,0.1,921,0.0,0.0524,0.0,-0.0001,0.0,2341.802,2341.027,0.0524,0.0,-0.0012,0.0008,-0.0049,0.0,0.0,0.0,0.0,0.0314,0.624,0.9516,-0.0048,0.0149,0.3069,-4.8479,-31.4039,0.0592
60_e1_corner_throttle_40hz_20260913,8315,923,12428413222212,920,920,True,12428416292937,924,29.9980011,29999,83451,0.0,0.1,False,0.0,0.1,922,0.0,0.0524,0.0,-0.0001,0.0,2341.802,2341.027,0.0524,0.0,0.0002,-0.0001,0.0017,0.0,0.0,0.0,0.0,0.0314,0.624,0.9516,-0.0048,0.0149,0.3069,-4.8479,-31.4039,0.0592
60_e1_corner_throttle_40hz_20260913,8324,924,12428438780827,921,921,True,12428441274025,925,30.023,30024,83530,0.0,0.1,False,0.0,0.1,923,0.0,0.0524,0.0,-0.0001,0.0,2341.802,2341.027,0.0524,0.0,0.0003,-0.0001,-0.0085,0.0,0.0,0.0,0.0,0.0314,0.624,0.9516,-0.0048,0.0149,0.3069,-4.8479,-31.4039,0.0592
60_e1_corner_throttle_40hz_20260913,8333,925,12428463565005,922,922,True,12428466321620,926,30.0480022,30049,83612,0.0,0.1,False,0.0,0.1,924,0.0,0.0524,0.0,-0.0001,0.0,2341.802,2341.027,0.0524,0.0,0.0002,-0.0005,-0.0008,0.0,0.0,0.0,0.0,0.0314,0.624,0.9516,-0.0048,0.0149,0.3069,-4.8479,-31.4039,0.0592
60_e1_corner_throttle_40hz_20260913,8342,926,12428488683192,923,923,True,12428491271770,927,30.0730019,30074,83689,0.0,0.0,False,0.0,0.0,925,0.0,0.0524,0.0,0.0,0.0,2341.802,2341.027,0.0524,0.0,0.0001,-0.0003,-0.003,0.0,0.0,0.0,0.0,0.0314,0.624,0.9516,-0.0048,0.0149,0.3069,-4.8479,-31.4039,0.0592
60_e1_corner_throttle_40hz_20260913,8351,927,12428513630708,924,924,True,12428516072109,928,30.0980015,30099,83773,0.0,0.0,False,0.0,0.0,926,0.0,0.0,0.0,0.0,0.0,2341.802,2341.027,0.0,0.0,-0.0002,0.0002,0.0012,0.0,0.0,0.0,0.0,0.0313,0.624,0.9516,-0.0048,0.0149,0.3069,-4.8479,-31.4039,0.0592
60_e1_corner_throttle_40hz_20260913,8360,928,12428538264173,925,925,True,12428541403146,929,30.1230011,30124,83855,0.0,0.0,False,0.0,0.0,927,0.0,0.0,0.0,0.0,0.0,2341.802,2341.027,0.0,0.0,-0.0004,0.0001,0.0072,0.0,0.0,0.0,0.0,0.0314,0.624,0.9516,-0.0048,0.0149,0.3069,-4.8479,-31.4039,0.0592
60_e1_corner_throttle_40hz_20260913,8369,929,12428563869887,926,926,True,12428566256295,930,30.148,30149,83942,0.0,0.0,False,0.0,0.0,928,0.0,0.0,0.0,-0.0001,0.0,2341.802,2341.027,0.0,0.0,-0.0008,0.0005,0.0138,0.0,0.0,0.0,0.0,0.0314,0.624,0.9516,-0.0048,0.0149,0.3069,-4.8479,-31.4039,0.0592
60_e1_corner_throttle_40hz_20260913,8378,930,12428588264282,927,927,True,12428591376305,931,30.1730022,30174,84014,0.0,0.0,False,0.0,0.0,929,0.0,0.0,0.0,-0.0001,0.0,2341.802,2341.027,0.0,0.0,0.0004,-0.001,-0.0042,0.0,0.0,0.0,0.0,0.0314,0.624,0.9516,-0.0048,0.0149,0.3069,-4.8479,-31.4039,0.0592
60_e1_corner_throttle_40hz_20260913,8387,931,12428613020168,928,928,True,12428615233059,932,30.197,30198,84092,0.0,0.0,False,0.0,0.0,930,0.0,0.0,0.0,-0.0001,0.0,2341.802,2341.027,0.0,0.0,0.0001,0.0008,-0.008,0.0,0.0,0.0,0.0,0.0314,0.6241,0.9516,-0.0048,0.0149,0.307,-4.8479,-31.4039,0.0592
60_e1_corner_throttle_40hz_20260913,8394,932,12428638076448,929,929,True,12428640323173,933,30.222002,30223,84176,0.0,0.0,False,0.0,0.0,931,0.0,0.0,0.0,-0.0001,0.0,2341.802,2341.027,0.0,0.0,-0.0004,0.0001,0.0058,0.0,0.0,0.0001,0.0,0.0314,0.6241,0.9516,-0.0048,0.0149,0.307,-4.8479,-31.4039,0.0592
60_e1_corner_throttle_40hz_20260913,8405,933,12428662914157,930,930,True,12428665243107,934,30.2470016,30248,84253,0.0,0.0,False,0.0,0.0,932,0.0,0.0,0.0,0.0,0.0,2341.802,2341.027,0.0,0.0,-0.0001,0.0,0.0111,0.0,0.0,0.0001,0.0,0.0313,0.6241,0.9516,-0.0048,0.0149,0.307,-4.8479,-31.4039,0.0592
60_e1_corner_throttle_40hz_20260913,8413,934,12428688838029,931,931,True,12428691307483,935,30.273,30274,84339,0.0,0.0,False,0.0,0.0,933,0.0,0.0,0.0,0.0,0.0,2341.802,2341.027,0.0,0.0,0.0006,0.0002,-0.0053,0.0,0.0,0.0001,0.0,0.0313,0.6241,0.9516,-0.0048,0.0149,0.307,-4.8479,-31.4039,0.0592
60_e1_corner_throttle_40hz_20260913,8423,935,12428713581441,932,932,True,12428716225283,936,30.2980022,30299,84416,0.0,0.0,False,0.0,0.0,934,0.0,0.0,0.0,0.0,0.0,2341.802,2341.027,0.0,0.0,-0.0002,-0.0004,0.0062,0.0,0.0,0.0001,0.0,0.0313,0.6241,0.9516,-0.0048,0.0149,0.307,-4.8479,-31.4039,0.0592
60_e1_corner_throttle_40hz_20260913,8432,936,12428738584752,933,933,True,12428741209378,937,30.3230019,30324,84492,0.0,0.0,False,0.0,0.0,935,0.0,0.0,0.0,0.0,0.0,2341.802,2341.027,0.0,0.0,-0.0011,0.0001,0.0104,0.0,0.0,0.0001,0.0,0.0314,0.6241,0.9516,-0.0048,0.0149,0.307,-4.8479,-31.4039,0.0592
60_e1_corner_throttle_40hz_20260913,8441,937,12428763808818,934,934,True,12428766475964,938,30.3480015,30349,84570,0.0,0.0,False,0.0,0.0,936,0.0,0.0,0.0,0.0,0.0,2341.802,2341.027,0.0,0.0,-0.0001,-0.0005,0.0006,0.0,0.0,0.0001,0.0,0.0313,0.6241,0.9516,-0.0048,0.0149,0.307,-4.8479,-31.4039,0.0592
60_e1_corner_throttle_40hz_20260913,8450,938,12428788031250,935,935,True,12428792108317,939,30.3730011,30374,84643,0.0,0.0,False,0.0,0.0,937,0.0,0.0,0.0,0.0,0.0,2341.802,2341.027,0.0,0.0,-0.0003,-0.0002,0.0021,0.0,0.0,0.0,0.0,0.0313,0.6241,0.9516,-0.0048,0.0149,0.307,-4.8479,-31.4039,0.0592
60_e1_corner_throttle_40hz_20260913,8459,939,12428813078894,936,936,True,12428815406732,940,30.3970013,30398,84711,0.0,0.0,False,0.0,0.0,938,0.0,0.0,0.0,0.0,0.0,2341.802,2341.027,0.0,0.0,0.0004,-0.0002,0.0093,0.0,0.0,0.0001,0.0,0.0313,0.6241,0.9516,-0.0048,0.0149,0.307,-4.8479,-31.4039,0.0592
60_e1_corner_throttle_40hz_20260913,8468,940,12428838694506,937,937,True,12428842514831,941,30.4230022,30424,84789,0.0,0.0,False,0.0,0.0,939,0.0,0.0,0.0,0.0,0.0,2341.802,2341.027,0.0,0.0,0.0004,0.0007,-0.002,0.0,0.0,0.0001,0.0,0.0314,0.6241,0.9516,-0.0048,0.0149,0.307,-4.8479,-31.4039,0.0592
60_e1_corner_throttle_40hz_20260913,8475,941,12428863440774,938,938,True,12428866374992,942,30.4480019,30449,84858,0.0,0.0,False,0.0,0.0,940,0.0,0.0,0.0,0.0,0.0,2341.802,2341.027,0.0,0.0,-0.0004,-0.0003,0.0092,0.0,0.0,0.0001,0.0,0.0314,0.6241,0.9516,-0.0048,0.0149,0.307,-4.8479,-31.4039,0.0592
60_e1_corner_throttle_40hz_20260913,8486,942,12428888252063,939,939,True,12428891264218,943,30.4730015,30474,84936,0.0,0.0,False,0.0,0.0,941,0.0,0.0,0.0,0.0,0.0,2341.802,2341.027,0.0,0.0,0.0013,0.0003,-0.0093,0.0,0.0,0.0001,0.0,0.0314,0.6241,0.9516,-0.0048,0.0149,0.307,-4.8479,-31.4039,0.0592
60_e1_corner_throttle_40hz_20260913,8494,943,12428913802473,940,940,True,12428916213617,944,30.4980011,30499,85003,0.0,0.0,False,0.0,0.0,942,0.0,0.0,0.0,0.0,0.0,2341.802,2341.027,0.0,0.0,0.0004,0.0,-0.0034,0.0,0.0,0.0001,0.0,0.0314,0.6241,0.9516,-0.0048,0.0149,0.307,-4.8479,-31.4039,0.0592
60_e1_corner_throttle_40hz_20260913,8504,944,12428938746322,941,941,True,12428941144321,945,30.523,30524,85085,0.0,0.0,False,0.0,0.0,943,0.0,0.0,0.0,0.0,0.0,2341.802,2341.027,0.0,0.0,0.0002,-0.0001,0.0071,0.0,0.0,0.0001,0.0,0.0314,0.6241,0.9516,-0.0048,0.0149,0.307,-4.8479,-31.4039,0.0592
60_e1_corner_throttle_40hz_20260913,8513,945,12428963163710,942,942,True,12428965389105,946,30.547,30548,85160,0.0,0.0,False,0.0,0.0,944,0.0,0.0,0.0,0.0,0.0,2341.802,2341.027,0.0,0.0,-0.0002,0.0,-0.0007,0.0,0.0,0.0001,0.0,0.0314,0.6241,0.9516,-0.0048,0.0149,0.307,-4.8479,-31.4039,0.0592
60_e1_corner_throttle_40hz_20260913,8522,946,12428988793509,943,943,True,12428991782310,947,30.5730019,30574,85239,0.0,0.0,False,0.0,0.0,945,0.0,0.0,0.0,0.0,0.0,2341.802,2341.027,0.0,0.0,-0.0004,-0.0001,0.0145,0.0,0.0,0.0001,0.0,0.0314,0.6241,0.9516,-0.0048,0.0149,0.307,-4.8479,-31.4039,0.0592
60_e1_corner_throttle_40hz_20260913,8530,947,12429013635176,944,944,True,12429016252709,948,30.5980015,30599,85296,0.0,0.0,False,0.0,0.0,946,0.0,0.0,0.0,0.0,0.0,2341.802,2341.027,0.0,0.0,-0.0006,0.0,0.0033,0.0,0.0,0.0,0.0,0.0314,0.6241,0.9516,-0.0048,0.0149,0.307,-4.8479,-31.4039,0.0592
60_e1_corner_throttle_40hz_20260913,8540,948,12429038046283,945,945,True,12429040559048,949,30.6220016,30623,85360,0.0,0.0,False,0.0,0.0,947,0.0,0.0,0.0,0.0,0.0,2341.802,2341.027,0.0,0.0,0.0,0.0003,0.011,0.0,0.0,0.0,0.0,0.0314,0.6241,0.9516,-0.0048,0.0149,0.307,-4.8479,-31.4039,0.0592
60_e1_corner_throttle_40hz_20260913,8549,949,12429063287842,946,946,True,12429066383503,950,30.648,30649,85436,0.0,0.0,False,0.0,0.0,948,0.0,0.0,0.0,0.0,0.0,2341.802,2341.027,0.0,0.0,-0.0003,0.0002,0.0056,0.0,0.0,0.0001,0.0,0.0314,0.6241,0.9516,-0.0048,0.0149,0.307,-4.8479,-31.4039,0.0592
60_e1_corner_throttle_40hz_20260913,8558,950,12429088831959,947,947,True,12429091368460,951,30.6730022,30674,85509,0.0,0.0,False,0.0,0.0,949,0.0,0.0,0.0001,0.0,0.0,2341.802,2341.027,0.0,0.0,-0.0006,-0.0002,-0.0017,0.0,0.0,0.0001,0.0,0.0314,0.6241,0.9516,-0.0048,0.0149,0.307,-4.8479,-31.4039,0.0592
60_e1_corner_throttle_40hz_20260913,8567,951,12429113013114,948,948,True,12429116305636,952,30.6980019,30699,85585,0.0,0.0,False,0.0,0.0,950,0.0,0.0,0.0001,0.0,0.0,2341.802,2341.027,0.0,0.0,-0.0002,0.0002,0.003,0.0,0.0,0.0,0.0,0.0314,0.6241,0.9516,-0.0048,0.0149,0.307,-4.8479,-31.4039,0.0592
60_e1_corner_throttle_40hz_20260913,8576,952,12429138729686,949,949,True,12429141377185,953,30.7230015,30724,85662,0.0,0.0,False,0.0,0.0,951,0.0,0.0,0.0,0.0,0.0,2341.802,2341.027,0.0,0.0,-0.0002,0.0004,-0.0016,0.0,0.0,0.0001,0.0,0.0314,0.6241,0.9516,-0.0048,0.0149,0.307,-4.8479,-31.4039,0.0592
60_e1_corner_throttle_40hz_20260913,8584,953,12429163031548,950,950,True,12429165372550,954,30.7470016,30748,85732,0.0,0.0,False,0.0,0.0,952,0.0,0.0,0.0,0.0,0.0,2341.802,2341.027,0.0,0.0,0.0001,0.0002,0.0031,0.0,0.0,0.0001,0.0,0.0313,0.6241,0.9516,-0.0048,0.0149,0.307,-4.8479,-31.4039,0.0592
60_e1_corner_throttle_40hz_20260913,8594,954,12429188734254,951,951,True,12429191312021,955,30.773,30774,85809,0.0,0.0,False,0.0,0.0,953,0.0,0.0,0.0,0.0,0.0,2341.802,2341.027,0.0,0.0,-0.0005,-0.0003,0.0124,0.0,0.0,0.0001,0.0,0.0314,0.6241,0.9516,-0.0048,0.0149,0.307,-4.8479,-31.4039,0.0592
60_e1_corner_throttle_40hz_20260913,8603,955,12429213740390,952,952,True,12429217600008,956,30.7980022,30799,85872,0.0,0.0,False,0.0,0.0,954,0.0,0.0,0.0,0.0001,0.0,2341.802,2341.027,0.0,0.0,0.0006,0.0004,-0.0085,0.0,0.0,0.0001,0.0,0.0313,0.6241,0.9516,-0.0048,0.0149,0.307,-4.8479,-31.4039,0.0592
60_e1_corner_throttle_40hz_20260913,8611,956,12429238155294,953,953,True,12429241744834,957,30.8230019,30824,85939,0.0,0.0,False,0.0,0.0,955,0.0,0.0,0.0,0.0,0.0,2341.802,2341.027,0.0,0.0,-0.0014,0.0005,-0.0034,0.0,0.0,0.0001,0.0,0.0314,0.6241,0.9516,-0.0048,0.0149,0.307,-4.8479,-31.4039,0.0592
60_e1_corner_throttle_40hz_20260913,8621,957,12429263170627,954,954,True,12429266582654,958,30.8480015,30849,85998,0.0,0.0,False,0.0,0.0,956,0.0,0.0,0.0,0.0,0.0,2341.802,2341.027,0.0,0.0,0.0004,-0.0006,0.0021,0.0,0.0,0.0,0.0,0.0314,0.6241,0.9516,-0.0048,0.0149,0.307,-4.8479,-31.4039,0.0592
60_e1_corner_throttle_40hz_20260913,8629,958,12429288946661,955,955,True,12429291388443,959,30.8730011,30874,86058,0.0,0.0,False,0.0,0.0,957,0.0,0.0,0.0,0.0,0.0,2341.802,2341.027,0.0,0.0,-0.0001,0.0,0.0033,0.0,0.0,0.0,0.0,0.0314,0.6241,0.9516,-0.0048,0.0149,0.307,-4.8479,-31.4039,0.0592
60_e1_corner_throttle_40hz_20260913,8639,959,12429313148514,956,956,True,12429316350646,960,30.898,30899,86135,0.0,0.0,False,0.0,0.0,958,0.0,0.0,0.0,0.0,0.0,2341.802,2341.027,0.0,0.0,-0.0001,0.0002,0.0072,0.0,0.0,0.0,0.0,0.0314,0.6241,0.9516,-0.0048,0.0149,0.307,-4.8479,-31.4039,0.0592
60_e1_corner_throttle_40hz_20260913,8648,960,12429338823128,957,957,True,12429341224954,961,30.9230022,30924,86211,0.0,0.0,False,0.0,0.0,959,0.0,0.0,0.0,0.0,0.0,2341.802,2341.027,0.0,0.0,0.0,-0.0003,0.0012,0.0,0.0,0.0,0.0,0.0314,0.6241,0.9516,-0.0048,0.0149,0.307,-4.8479,-31.4039,0.0592
60_e1_corner_throttle_40hz_20260913,8656,961,12429363587138,958,958,True,12429366280483,962,30.9480019,30949,86294,0.0,0.0,False,0.0,0.0,960,0.0,0.0,0.0,0.0,0.0,2341.802,2341.027,0.0,0.0,-0.0002,0.0,0.0077,0.0,0.0,0.0,0.0,0.0314,0.6241,0.9516,-0.0048,0.0149,0.307,-4.8479,-31.4039,0.0592
60_e1_corner_throttle_40hz_20260913,8666,962,12429387965333,959,959,True,12429390482026,963,30.972002,30973,86372,0.0,0.0,False,0.0,0.0,961,0.0,0.0,0.0,0.0001,0.0,2341.802,2341.027,0.0,0.0,0.0,-0.0003,0.0022,0.0,0.0,0.0001,0.0,0.0313,0.6241,0.9516,-0.0048,0.0149,0.307,-4.8479,-31.4039,0.0592
60_e1_corner_throttle_40hz_20260913,8675,963,12429413240565,960,960,True,12429416439241,964,30.9980011,30999,86446,0.0,0.0,False,0.0,0.0,962,0.0,0.0,0.0,0.0001,0.0,2341.802,2341.027,0.0,0.0,-0.0006,-0.0003,0.0022,0.0,0.0,0.0001,0.0,0.0313,0.6241,0.9516,-0.0048,0.0149,0.307,-4.8479,-31.4039,0.0592
60_e1_corner_throttle_40hz_20260913,8684,964,12429438601739,961,961,True,12429441394601,965,31.023,31024,86519,0.0,0.0,False,0.0,0.0,963,0.0,0.0,0.0,0.0001,0.0,2341.802,2341.027,0.0,0.0,-0.0003,-0.0002,-0.0098,0.0,0.0,0.0001,0.0,0.0313,0.6241,0.9516,-0.0048,0.0149,0.307,-4.8479,-31.4039,0.0592
60_e1_corner_throttle_40hz_20260913,8693,965,12429463488100,962,962,True,12429466512998,966,31.0480022,31049,86597,0.0,0.0,False,0.0,0.0,964,0.0,0.0,0.0,0.0001,0.0,2341.802,2341.027,0.0,0.0,-0.0001,0.0,-0.0069,0.0,0.0,0.0,0.0,0.0313,0.6241,0.9516,-0.0048,0.0149,0.307,-4.8479,-31.4039,0.0592
60_e1_corner_throttle_40hz_20260913,8702,966,12429488498113,963,963,True,12429492263875,967,31.0720024,31073,86663,0.0,0.0,False,0.0,0.0,965,0.0,0.0,0.0,0.0001,0.0,2341.802,2341.027,0.0,0.0,0.0004,0.0002,0.0016,0.0,0.0,0.0001,0.0,0.0313,0.6241,0.9516,-0.0048,0.0149,0.307,-4.8479,-31.4039,0.0592
60_e1_corner_throttle_40hz_20260913,8711,967,12429513847845,964,964,True,12429516136980,968,31.0980015,31099,86734,0.0,0.0,False,0.0,0.0,966,0.0,0.0,0.0,0.0001,0.0,2341.802,2341.027,0.0,0.0,-0.0007,0.0,0.0017,0.0,0.0,0.0,0.0,0.0314,0.6241,0.9516,-0.0048,0.0149,0.307,-4.8479,-31.4039,0.0592
60_e1_corner_throttle_40hz_20260913,8720,968,12429538714499,965,965,True,12429541225541,969,31.1230011,31124,86817,0.0,0.0,False,0.0,0.0,967,0.0,0.0,0.0,0.0001,0.0,2341.802,2341.027,0.0,0.0,0.0,0.0005,0.0068,0.0,0.0,0.0,0.0,0.0313,0.6241,0.9516,-0.0048,0.0149,0.307,-4.8479,-31.4039,0.0592
60_e1_corner_throttle_40hz_20260913,8728,969,12429563698784,966,966,True,12429566099429,970,31.148,31149,86903,0.0,0.0,False,0.0,0.0,968,0.0,0.0,0.0,0.0001,0.0,2341.802,2341.027,0.0,0.0,-0.0006,-0.0002,-0.0021,0.0,0.0,0.0,0.0,0.0313,0.6241,0.9516,-0.0048,0.0149,0.307,-4.8479,-31.4039,0.0592
60_e1_corner_throttle_40hz_20260913,8738,970,12429588462013,967,967,True,12429591739016,971,31.1730022,31174,86988,0.0,0.0,False,0.0,0.0,969,0.0,0.0,0.0,0.0001,0.0,2341.802,2341.027,0.0,0.0,0.0004,-0.0004,-0.0034,0.0,0.0,0.0,0.0,0.0313,0.6241,0.9516,-0.0048,0.0149,0.307,-4.8479,-31.4039,0.0592
60_e1_corner_throttle_40hz_20260913,8747,971,12429613770989,968,968,True,12429616334670,972,31.1980019,31199,87057,0.0,0.0,False,0.0,0.0,970,0.0,0.0,0.0,0.0001,0.0,2341.802,2341.027,0.0,0.0,-0.0013,0.0002,0.0098,0.0,0.0,0.0,0.0,0.0314,0.6241,0.9516,-0.0048,0.0149,0.307,-4.8479,-31.4039,0.0592
60_e1_corner_throttle_40hz_20260913,8756,972,12429638091646,969,969,True,12429641399657,973,31.2230015,31224,87135,0.0,0.0,False,0.0,0.0,971,0.0,0.0,0.0,0.0,0.0,2341.802,2341.027,0.0,0.0,0.0003,-0.0002,0.0019,0.0,0.0,0.0,0.0,0.0314,0.6241,0.9516,-0.0048,0.0149,0.307,-4.8479,-31.4039,0.0592
60_e1_corner_throttle_40hz_20260913,8765,973,12429663430207,970,970,True,12429665854746,974,31.2470016,31248,87209,0.0,0.0,False,0.0,0.0,972,0.0,0.0,0.0,0.0,0.0,2341.802,2341.027,0.0,0.0,0.0011,-0.0005,-0.012,0.0,0.0,0.0,0.0,0.0314,0.6241,0.9516,-0.0048,0.0149,0.307,-4.8479,-31.4039,0.0592
60_e1_corner_throttle_40hz_20260913,8774,974,12429688307410,971,971,True,12429691387603,975,31.273,31274,87295,0.0,0.0,False,0.0,0.0,973,0.0,0.0,0.0,0.0,0.0,2341.802,2341.027,0.0,0.0,-0.0005,0.0002,0.0005,0.0,0.0,0.0001,0.0,0.0314,0.6241,0.9516,-0.0048,0.0149,0.307,-4.8479,-31.4039,0.0592
60_e1_corner_throttle_40hz_20260913,8783,975,12429713521798,972,972,True,12429716274034,976,31.2980022,31299,87381,0.0,0.0,False,0.0,0.0,974,0.0,0.0,0.0,0.0,0.0,2341.802,2341.027,0.0,0.0,-0.0003,0.0,0.0038,0.0,0.0,0.0,0.0,0.0314,0.6241,0.9516,-0.0048,0.0149,0.307,-4.8479,-31.4039,0.0592
60_e1_corner_throttle_40hz_20260913,8791,976,12429738714936,973,973,True,12429741271383,977,31.3230019,31324,87468,0.0,0.0,False,0.0,0.0,975,0.0,0.0,0.0,0.0,0.0,2341.802,2341.027,0.0,0.0,-0.0001,-0.0003,0.0019,0.0,0.0,0.0,0.0,0.0314,0.6241,0.9516,-0.0048,0.0149,0.307,-4.848,-31.4039,0.0592
60_e1_corner_throttle_40hz_20260913,8801,977,12429763318044,974,974,True,12429766263994,978,31.3480015,31349,87551,0.0,0.0,False,0.0,0.0,976,0.0,0.0,0.0,0.0,0.0,2341.802,2341.027,0.0,0.0,-0.0001,0.0001,0.0032,0.0,0.0,0.0,0.0,0.0314,0.6241,0.9516,-0.0048,0.0149,0.307,-4.848,-31.4039,0.0592
60_e1_corner_throttle_40hz_20260913,8809,978,12429787896065,975,975,True,12429790442253,979,31.3720016,31373,87632,0.0,0.0,False,0.0,0.0,977,0.0,0.0,0.0,0.0,0.0,2341.802,2341.027,0.0,0.0,-0.0003,0.0,-0.0002,0.0,0.0,0.0,0.0,0.0314,0.6241,0.9516,-0.0048,0.0149,0.307,-4.848,-31.4039,0.0592
60_e1_corner_throttle_40hz_20260913,8819,979,12429812866794,976,976,True,12429815446656,980,31.3970013,31398,87716,0.0,0.0,False,0.0,0.0,978,0.0,0.0,0.0,0.0,0.0,2341.802,2341.027,0.0,0.0,-0.0004,0.0008,0.0045,0.0,0.0,0.0,0.0,0.0314,0.6241,0.9516,-0.0048,0.0149,0.307,-4.848,-31.4039,0.0592
60_e1_corner_throttle_40hz_20260913,8828,980,12429838127058,977,977,True,12429841536660,981,31.4230022,31424,87801,0.0,0.0,False,0.0,0.0,979,0.0,0.0,0.0,0.0,0.0,2341.802,2341.027,0.0,0.0,-0.0009,-0.0002,0.008,0.0,0.0,0.0,0.0,0.0314,0.6241,0.9516,-0.0048,0.0149,0.307,-4.848,-31.4039,0.0592
60_e1_corner_throttle_40hz_20260913,8837,981,12429862869638,978,978,True,12429865279410,982,31.4470024,31448,87878,0.0,0.0,False,0.0,0.0,980,0.0,0.0,0.0,0.0,0.0,2341.802,2341.027,0.0,0.0,0.0002,-0.0004,0.0094,0.0,0.0,0.0,0.0,0.0314,0.6241,0.9516,-0.0048,0.0149,0.307,-4.848,-31.4039,0.0592
60_e1_corner_throttle_40hz_20260913,8846,982,12429888701928,979,979,True,12429891304102,983,31.4730015,31474,87963,0.0,0.0,False,0.0,0.0,981,0.0,0.0,0.0,0.0001,0.0,2341.802,2341.027,0.0,0.0,-0.0002,0.0002,-0.0029,0.0,0.0,0.0,0.0,0.0313,0.6241,0.9516,-0.0048,0.0149,0.307,-4.848,-31.4039,0.0592
60_e1_corner_throttle_40hz_20260913,8855,983,12429913571978,980,980,True,12429916190152,984,31.4980011,31499,88045,0.0,0.0,False,0.0,0.0,982,0.0,0.0,0.0,0.0001,0.0,2341.802,2341.027,0.0,0.0,-0.0003,0.0,0.0055,0.0,0.0,0.0,0.0,0.0313,0.6241,0.9516,-0.0048,0.0149,0.307,-4.848,-31.4039,0.0592
60_e1_corner_throttle_40hz_20260913,8863,984,12429938218628,981,981,True,12429941268474,985,31.523,31524,88122,0.0,0.0,False,0.0,0.0,983,0.0,0.0,0.0,0.0001,0.0,2341.802,2341.027,0.0,0.0,-0.0004,0.0007,0.0064,0.0,0.0,0.0,0.0,0.0313,0.6241,0.9516,-0.0048,0.0149,0.307,-4.848,-31.4039,0.0592
60_e1_corner_throttle_40hz_20260913,8873,985,12429963549505,982,982,True,12429966468875,986,31.5480022,31549,88206,0.0,0.0,False,0.0,0.0,984,0.0,0.0,0.0,0.0001,0.0,2341.802,2341.027,0.0,0.0,0.0,0.0003,0.0009,0.0,0.0,0.0,0.0,0.0313,0.6241,0.9516,-0.0048,0.0149,0.307,-4.848,-31.4039,0.0592
60_e1_corner_throttle_40hz_20260913,8882,986,12429988071470,983,983,True,12429990461064,987,31.5720024,31573,88293,0.0,0.0,False,0.0,0.0,985,0.0,0.0,0.0,0.0001,0.0,2341.802,2341.027,0.0,0.0,-0.0002,-0.0002,0.006,0.0,0.0,0.0,0.0,0.0313,0.6241,0.9516,-0.0048,0.0149,0.307,-4.848,-31.4039,0.0592
60_e1_corner_throttle_40hz_20260913,8890,987,12430012961849,984,984,True,12430015080152,988,31.597002,31598,88382,0.0,0.0,False,0.0,0.0,986,0.0,0.0,0.0,0.0001,0.0,2341.802,2341.027,0.0,0.0,-0.0006,0.0003,0.0056,0.0,0.0,0.0,0.0,0.0313,0.6241,0.9516,-0.0048,0.0149,0.307,-4.848,-31.4039,0.0592
60_e1_corner_throttle_40hz_20260913,8900,988,12430038062312,985,985,True,12430040284802,989,31.6220016,31623,88465,0.0,0.0,False,0.0,0.0,987,0.0,0.0,0.0,0.0001,0.0,2341.802,2341.027,0.0,0.0,-0.0002,0.0005,-0.0024,0.0,0.0,0.0,0.0,0.0313,0.6241,0.9516,-0.0048,0.0149,0.307,-4.848,-31.4039,0.0592
60_e1_corner_throttle_40hz_20260913,8909,989,12430063875776,986,986,True,12430066400494,990,31.648,31649,88547,0.0,0.0,False,0.0,0.0,988,0.0,0.0,0.0,0.0001,0.0,2341.802,2341.027,0.0,0.0,-0.0004,-0.0002,0.003,0.0,0.0,0.0,0.0,0.0313,0.6241,0.9516,-0.0048,0.0149,0.307,-4.848,-31.4039,0.0592
60_e1_corner_throttle_40hz_20260913,8917,990,12430088089222,987,987,True,12430090314246,991,31.672,31673,88622,0.0,0.0,False,0.0,0.0,989,0.0,0.0,0.0,0.0001,0.0,2341.802,2341.027,0.0,0.0,0.0011,0.0,-0.0095,0.0,0.0,0.0,0.0,0.0313,0.6241,0.9516,-0.0048,0.0149,0.307,-4.848,-31.4039,0.0592
60_e1_corner_throttle_40hz_20260913,8927,991,12430113752523,988,988,True,12430116157767,992,31.6980019,31699,88701,0.0,0.0,False,0.0,0.0,990,0.0,0.0,0.0,0.0001,0.0,2341.802,2341.027,0.0,0.0,0.0004,-0.0002,0.0041,0.0,0.0,0.0001,0.0,0.0313,0.6241,0.9516,-0.0048,0.0149,0.307,-4.848,-31.4039,0.0592
60_e1_corner_throttle_40hz_20260913,8936,992,12430138660665,989,989,True,12430141199289,993,31.7230015,31724,88781,0.0,0.0,False,0.0,0.0,991,0.0,0.0,0.0,0.0001,0.0,2341.802,2341.027,0.0,0.0,0.0002,0.0,-0.0048,0.0,0.0,0.0001,0.0,0.0314,0.6241,0.9516,-0.0048,0.0149,0.307,-4.848,-31.4039,0.0592
60_e1_corner_throttle_40hz_20260913,8945,993,12430163744167,990,990,True,12430166274876,994,31.7480011,31749,88866,0.0,0.0,False,0.0,0.0,992,0.0,0.0,0.0,0.0001,0.0,2341.802,2341.027,0.0,0.0,-0.0004,0.0,-0.0001,0.0,0.0,0.0,0.0,0.0313,0.6241,0.9516,-0.0048,0.0149,0.307,-4.848,-31.4039,0.0592
60_e1_corner_throttle_40hz_20260913,8954,994,12430188771873,991,991,True,12430191211912,995,31.773,31774,88950,0.0,0.0,False,0.0,0.0,993,0.0,0.0,0.0,0.0001,0.0,2341.802,2341.027,0.0,0.0,-0.0001,-0.0001,-0.0006,0.0,0.0,0.0001,0.0,0.0313,0.6241,0.9516,-0.0048,0.0149,0.307,-4.848,-31.4039,0.0592
60_e1_corner_throttle_40hz_20260913,8963,995,12430213654277,992,992,True,12430216279473,996,31.7980022,31799,89034,0.0,0.0,False,0.0,0.0,994,0.0,0.0,0.0,0.0001,0.0,2341.802,2341.027,0.0,0.0,0.0,-0.0003,0.0065,0.0,0.0,0.0,0.0,0.0313,0.6241,0.9516,-0.0048,0.0149,0.307,-4.848,-31.4039,0.0592
60_e1_corner_throttle_40hz_20260913,8972,996,12430238161224,993,993,True,12430241401507,997,31.8230019,31824,89097,0.0,0.0,False,0.0,0.0,995,0.0,0.0,0.0,0.0001,0.0,2341.802,2341.027,0.0,0.0,-0.0004,-0.0004,-0.0034,0.0,0.0,0.0,0.0,0.0314,0.6241,0.9516,-0.0048,0.0149,0.307,-4.848,-31.4039,0.0592
60_e1_corner_throttle_40hz_20260913,8980,997,12430263737522,994,994,True,12430266457147,998,31.8480015,31849,89155,0.0,0.0,False,0.0,0.0,996,0.0,0.0,0.0,0.0001,0.0,2341.802,2341.027,0.0,0.0,0.001,-0.0007,-0.0194,0.0,0.0,0.0,0.0,0.0314,0.6241,0.9516,-0.0048,0.0149,0.307,-4.848,-31.4039,0.0592
60_e1_corner_throttle_40hz_20260913,8990,998,12430288379944,995,995,True,12430291440850,999,31.8730011,31874,89220,0.0,0.0,False,0.0,0.0,997,0.0,0.0,0.0,0.0001,0.0,2341.802,2341.027,0.0,0.0,-0.0002,-0.0002,0.0073,0.0,0.0,0.0,0.0,0.0314,0.6241,0.9516,-0.0048,0.0149,0.307,-4.848,-31.4039,0.0592
60_e1_corner_throttle_40hz_20260913,8999,999,12430313423811,996,996,True,12430317830188,1000,31.898,31899,89287,0.0,0.0,False,0.0,0.0,998,0.0,0.0,0.0,0.0001,0.0,2341.802,2341.027,0.0,0.0,-0.0007,-0.0002,0.0069,0.0,0.0,0.0,0.0,0.0314,0.6241,0.9516,-0.0048,0.0149,0.307,-4.848,-31.4039,0.0592
60_e1_corner_throttle_40hz_20260913,9007,1000,12430337965624,997,997,True,12430340525257,1001,31.922,31923,89349,0.0,0.0,False,0.0,0.0,999,0.0,0.0,0.0,0.0001,0.0,2341.802,2341.027,0.0,0.0,0.0,0.0,-0.0017,0.0,0.0,0.0,0.0,0.0314,0.6241,0.9516,-0.0048,0.0149,0.307,-4.848,-31.4039,0.0592
60_e1_corner_throttle_40hz_20260913,9016,1001,12430363824674,998,998,True,12430366289579,1002,31.9480019,31949,89422,0.0,0.0,False,0.0,0.0,1000,0.0,0.0,0.0,0.0001,0.0,2341.802,2341.027,0.0,0.0,0.0008,0.0,-0.0018,0.0,0.0,0.0,0.0,0.0314,0.6241,0.9516,-0.0048,0.0149,0.307,-4.848,-31.4039,0.0592
60_e1_corner_throttle_40hz_20260913,9026,1002,12430388614243,999,999,True,12430391424828,1003,31.9730015,31974,89494,0.0,0.0,False,0.0,0.0,1001,0.0,0.0,0.0,0.0,0.0,2341.802,2341.027,0.0,0.0,-0.0005,0.0001,0.0097,0.0,0.0,0.0,0.0,0.0314,0.6241,0.9516,-0.0048,0.0149,0.307,-4.848,-31.4039,0.0592
60_e1_corner_throttle_40hz_20260913,9035,1003,12430412921775,1000,1000,True,12430416405937,1004,31.9980011,31999,89563,0.0,0.0,False,0.0,0.0,1002,0.0,0.0,0.0,0.0,0.0,2341.802,2341.027,0.0,0.0,-0.0009,-0.0003,0.0153,0.0,0.0,0.0,0.0,0.0314,0.6241,0.9516,-0.0048,0.0149,0.307,-4.848,-31.4039,0.0592
60_e1_corner_throttle_40hz_20260913,9044,1004,12430438167401,1001,1001,True,12430441564710,1005,32.0230026,32024,89637,0.0,0.0,False,0.0,0.0,1003,0.0,0.0,0.0,0.0001,0.0,2341.802,2341.027,0.0,0.0,0.0005,0.0002,0.0023,0.0,0.0,0.0,0.0,0.0314,0.6241,0.9516,-0.0048,0.0149,0.307,-4.848,-31.4039,0.0592
