run_id,event_index,request_sequence,request_monotonic_ns,packet_sequence,associated_packet_sequence,response_received,bridge_arrival_monotonic_ns,telemetry_sequence,simulation_time_s,simulation_physics_step,simulation_render_frame,sent_throttle_norm,sent_steering_norm,sent_reset,commanded_throttle_norm,commanded_steering_norm,applied_command_sequence,applied_throttle_norm,applied_steering_norm,simulator_angular_velocity_x,simulator_angular_velocity_y,simulator_angular_velocity_z,simulator_encoder_angles_left,simulator_encoder_angles_right,simulator_feedback_steering_norm,simulator_feedback_throttle_norm,simulator_linear_acceleration_x,simulator_linear_acceleration_y,simulator_linear_acceleration_z,simulator_linear_velocity_x,simulator_linear_velocity_y,simulator_linear_velocity_z,simulator_orientation_euler_x,simulator_orientation_euler_y,simulator_orientation_euler_z,simulator_orientation_quaternion_w,simulator_orientation_quaternion_x,simulator_orientation_quaternion_y,simulator_orientation_quaternion_z,simulator_position_x,simulator_position_y,simulator_position_z
open_plane_static_repeat_1_retry_20260913,2,5,5375669379899,1,1,True,5375671747079,6,0.129000008,130,520,0.0,0.0,False,0.0,0.0,4,0.0,0.0,-0.0022,0.8892,-0.0001,0.0,0.0,0.0,0.0,18.0941,0.0393,44.6363,0.0506,0.0001,-1.0648,0.0003,0.0019,4.7124,0.7071,0.0007,0.0007,-0.7071,0.8068,3.1609,0.0807
open_plane_static_repeat_1_retry_20260913,11,6,5375693963928,2,2,True,5375696668443,7,0.154000014,155,658,0.0,0.0,False,0.0,0.0,5,0.0,0.0,-0.0009,0.2471,0.0,0.0,0.0,0.0,0.0,-1.999,-0.0096,10.9043,0.0216,0.0001,-0.1596,0.0033,0.0244,4.7124,0.7071,0.0086,0.0087,-0.7071,0.8068,3.1597,0.0717
open_plane_static_repeat_1_retry_20260913,20,7,5375718497182,3,3,True,5375720937871,8,0.178,179,790,0.0,0.0,False,0.0,0.0,6,0.0,0.0,0.0001,0.0407,0.0,0.0,0.0,0.0,0.0,-0.1863,-0.0016,1.0946,0.0046,0.0,-0.066,0.0036,0.0269,4.7124,0.707,0.0095,0.0095,-0.707,0.8068,3.1595,0.0698
open_plane_static_repeat_1_retry_20260913,29,8,5375743900252,4,4,True,5375745893419,9,0.203000009,204,917,0.0,0.0,False,0.0,0.0,7,0.0,0.0,0.0002,0.0201,0.0,0.0,0.0,0.0,0.0,-0.0288,0.0011,0.3467,0.0028,0.0,-0.0523,0.0033,0.0275,4.7124,0.707,0.0097,0.0098,-0.707,0.8068,3.1595,0.0685
open_plane_static_repeat_1_retry_20260913,38,9,5375768916053,5,5,True,5375771719524,10,0.229000017,230,1037,0.0,0.0,False,0.0,0.0,8,0.0,0.0,0.0002,0.0163,0.0,0.0,0.0,0.0,0.0,-0.0143,-0.0002,0.2485,0.0024,0.0,-0.0452,0.0029,0.028,4.7124,0.707,0.0099,0.0099,-0.707,0.8069,3.1595,0.0673
open_plane_static_repeat_1_retry_20260913,46,10,5375794057250,6,6,True,5375796568321,11,0.254,255,1165,0.0,0.0,False,0.0,0.0,9,0.0,0.0,0.0002,0.0144,0.0,0.0,0.0,0.0,0.0,-0.0124,0.0001,0.2187,0.0021,0.0,-0.0397,0.0026,0.0284,4.7124,0.707,0.01,0.0101,-0.707,0.8069,3.1594,0.0663
open_plane_static_repeat_1_retry_20260913,55,11,5375819458546,7,7,True,5375821513440,12,0.279,280,1283,0.0,0.0,False,0.0,0.0,10,0.0,0.0,0.0002,0.0127,0.0,0.0,0.0,0.0,0.0,-0.0107,0.0002,0.1876,0.0019,0.0,-0.0348,0.0023,0.0287,4.7124,0.707,0.0101,0.0102,-0.707,0.8069,3.1594,0.0654
open_plane_static_repeat_1_retry_20260913,64,12,5375843482603,8,8,True,5375845687479,13,0.303,304,1411,0.0,0.0,False,0.0,0.0,11,0.0,0.0,0.0002,0.0114,0.0,0.0,0.0,0.0,0.0,-0.0088,0.0015,0.1659,0.0017,0.0,-0.0308,0.0021,0.029,4.7124,0.707,0.0102,0.0103,-0.707,0.8069,3.1594,0.0647
open_plane_static_repeat_1_retry_20260913,73,13,5375868961265,9,9,True,5375870728066,14,0.328,329,1547,0.0,0.0,False,0.0,0.0,12,0.0,0.0,0.0002,0.01,0.0,0.0,0.0,0.0,0.0,-0.0077,0.0004,0.1522,0.0015,0.0,-0.027,0.0019,0.0293,4.7124,0.707,0.0103,0.0104,-0.707,0.8069,3.1594,0.064
open_plane_static_repeat_1_retry_20260913,83,14,5375894114525,10,10,True,5375896674367,15,0.354,355,1687,0.0,0.0,False,0.0,0.0,13,0.0,0.0,0.0001,0.0089,0.0,0.0,0.0,0.0,0.0,-0.0073,-0.0004,0.1205,0.0013,0.0,-0.0236,0.0016,0.0295,4.7124,0.707,0.0104,0.0104,-0.707,0.8069,3.1594,0.0634
open_plane_static_repeat_1_retry_20260913,91,15,5375918498558,11,11,True,5375920612242,16,0.378000021,379,1814,0.0,0.0,False,0.0,0.0,14,0.0,0.0,0.0001,0.0079,0.0,0.0,0.0,0.0,0.0,-0.0059,0.0012,0.1029,0.0012,0.0,-0.0209,0.0015,0.0297,4.7124,0.707,0.0105,0.0105,-0.707,0.8069,3.1594,0.0629
open_plane_static_repeat_1_retry_20260913,100,16,5375943570615,12,12,True,5375945590122,17,0.403000027,404,1948,0.0,0.0,False,0.0,0.0,15,0.0,0.0,0.0002,0.0069,0.0,0.0,0.0,0.0,0.0,-0.0063,-0.0011,0.1046,0.001,0.0,-0.0184,0.0013,0.0299,4.7124,0.707,0.0106,0.0106,-0.707,0.807,3.1594,0.0624
open_plane_static_repeat_1_retry_20260913,110,17,5375969427819,13,13,True,5375971596816,18,0.42900002,430,2077,0.0,0.0,False,0.0,0.0,16,0.0,0.0,0.0001,0.0062,0.0,0.0,0.0,0.0,0.0,-0.0047,-0.0016,0.0817,0.0009,0.0,-0.0161,0.0012,0.0301,4.7124,0.707,0.0106,0.0106,-0.707,0.807,3.1594,0.062
open_plane_static_repeat_1_retry_20260913,118,18,5375993541694,14,14,True,5375995548648,19,0.453,454,2213,0.0,0.0,False,0.0,0.0,17,0.0,0.0,0.0001,0.0055,0.0,0.0,0.0,0.0,0.0,-0.0052,-0.0001,0.1132,0.0008,0.0,-0.0142,0.001,0.0302,4.7124,0.707,0.0107,0.0107,-0.707,0.807,3.1594,0.0617
open_plane_static_repeat_1_retry_20260913,127,19,5376018535544,15,15,True,5376020651282,20,0.478000015,479,2349,0.0,0.0,False,0.0,0.0,18,0.0,0.0,0.0001,0.0049,0.0,0.0,0.0,0.0,0.0,-0.0037,0.0005,0.0649,0.0007,0.0,-0.0125,0.0009,0.0304,4.7124,0.707,0.0107,0.0107,-0.707,0.807,3.1594,0.0614
open_plane_static_repeat_1_retry_20260913,137,20,5376043764747,16,16,True,5376045513785,21,0.503,504,2484,0.0,0.0,False,0.0,0.0,19,0.0,0.0,0.0001,0.0044,0.0,0.0,0.0,0.0,0.0,-0.002,0.0011,0.0657,0.0006,0.0,-0.011,0.0009,0.0305,4.7123,0.707,0.0108,0.0108,-0.707,0.807,3.1594,0.0611
open_plane_static_repeat_1_retry_20260913,145,21,5376068548362,17,17,True,5376070625467,22,0.528,529,2622,0.0,0.0,False,0.0,0.0,20,0.0,0.0,0.0001,0.0038,0.0,0.0,0.0,0.0,0.0,-0.0025,-0.0005,0.023,0.0006,0.0,-0.0096,0.0007,0.0306,4.7123,0.707,0.0108,0.0108,-0.707,0.807,3.1593,0.0609
open_plane_static_repeat_1_retry_20260913,154,22,5376093457733,18,18,True,5376095711631,23,0.553000033,554,2770,0.0,0.0,False,0.0,0.0,21,0.0,0.0,0.0001,0.0034,0.0,0.0,0.0,0.0,0.0,-0.0046,0.0003,0.0699,0.0005,0.0,-0.0083,0.0007,0.0307,4.7123,0.707,0.0108,0.0108,-0.707,0.8071,3.1593,0.0607
open_plane_static_repeat_1_retry_20260913,164,23,5376118588180,19,19,True,5376120540771,24,0.578,579,2910,0.0,0.0,False,0.0,0.0,22,0.0,0.0,0.0,0.003,0.0,0.0,0.0,0.0,0.0,-0.0034,0.0001,0.057,0.0004,0.0,-0.0075,0.0006,0.0307,4.7124,0.707,0.0109,0.0109,-0.707,0.8071,3.1593,0.0605
open_plane_static_repeat_1_retry_20260913,173,24,5376144338843,20,20,True,5376148471152,25,0.604000032,605,3065,0.0,0.0,False,0.0,0.0,23,0.0,0.0,0.0001,0.0026,0.0,0.0,0.0,0.0,0.0,0.0001,-0.0018,0.0129,0.0004,0.0,-0.0064,0.0005,0.0308,4.7123,0.707,0.0109,0.0109,-0.707,0.8071,3.1593,0.0603
open_plane_static_repeat_1_retry_20260913,181,25,5376169228838,21,21,True,5376171627327,26,0.629,630,3201,0.0,0.0,False,0.0,0.0,24,0.0,0.0,0.0,0.0023,0.0,0.0,0.0,0.0,0.0,0.0004,0.0021,0.0122,0.0003,0.0,-0.0058,0.0005,0.0309,4.7124,0.707,0.0109,0.0109,-0.707,0.8071,3.1593,0.0602
open_plane_static_repeat_1_retry_20260913,190,26,5376194388900,22,22,True,5376196746202,27,0.654000044,655,3352,0.0,0.0,False,0.0,0.0,25,0.0,0.0,0.0001,0.0021,0.0,0.0,0.0,0.0,0.0,-0.0022,-0.0001,0.0276,0.0003,0.0,-0.005,0.0004,0.0309,4.7123,0.707,0.0109,0.0109,-0.707,0.8071,3.1593,0.0601
open_plane_static_repeat_1_retry_20260913,200,27,5376218737297,23,23,True,5376220616229,28,0.678000033,679,3485,0.0,0.0,False,0.0,0.0,26,0.0,0.0,0.0,0.0019,0.0,0.0,0.0,0.0,0.0,-0.0035,-0.0005,0.0311,0.0003,0.0,-0.0046,0.0004,0.031,4.7124,0.707,0.0109,0.011,-0.707,0.8072,3.1593,0.06
open_plane_static_repeat_1_retry_20260913,208,28,5376243617133,24,24,True,5376245645115,29,0.703,704,3633,0.0,0.0,False,0.0,0.0,27,0.0,0.0,0.0,0.0017,0.0,0.0,0.0,0.0,0.0,-0.0029,0.0014,0.046,0.0002,0.0,-0.0039,0.0003,0.031,4.7124,0.707,0.011,0.011,-0.707,0.8072,3.1593,0.0599
open_plane_static_repeat_1_retry_20260913,218,29,5376268602597,25,25,True,5376270580065,30,0.728000045,729,3780,0.0,0.0,False,0.0,0.0,28,0.0,0.0,0.0001,0.0015,0.0,0.0,0.0,0.0,0.0,-0.0005,0.0012,0.0075,0.0002,0.0,-0.0034,0.0003,0.0311,4.7123,0.707,0.011,0.011,-0.707,0.8072,3.1593,0.0598
open_plane_static_repeat_1_retry_20260913,226,30,5376294422189,26,26,True,5376296549309,31,0.754,755,3930,0.0,0.0,False,0.0,0.0,29,0.0,0.0,0.0001,0.0013,0.0,0.0,0.0,0.0,0.0,0.0007,-0.0018,-0.0097,0.0002,0.0,-0.0031,0.0003,0.0311,4.7123,0.707,0.011,0.011,-0.707,0.8072,3.1593,0.0597
open_plane_static_repeat_1_retry_20260913,235,31,5376318827172,27,27,True,5376321718398,32,0.779000044,780,4076,0.0,0.0,False,0.0,0.0,30,0.0,0.0,0.0,0.001,0.0,0.0,0.0,0.0,0.0,-0.0008,0.0002,-0.0195,0.0002,0.0,-0.0028,0.0002,0.0311,4.7123,0.707,0.011,0.011,-0.707,0.8072,3.1593,0.0596
open_plane_static_repeat_1_retry_20260913,244,32,5376343613292,28,28,True,5376345572996,33,0.803000033,804,4199,0.0,0.0,False,0.0,0.0,31,0.0,0.0,0.0,0.001,0.0,0.0,0.0,0.0,0.0,0.0006,-0.0005,0.0218,0.0001,0.0,-0.0024,0.0002,0.0311,4.7123,0.707,0.011,0.011,-0.707,0.8072,3.1593,0.0596
open_plane_static_repeat_1_retry_20260913,254,33,5376369415442,29,29,True,5376371498538,34,0.829000056,830,4354,0.0,0.0,False,0.0,0.0,32,0.0,0.0,0.0,0.0009,0.0,0.0,0.0,0.0,0.0,-0.0009,0.002,0.0226,0.0001,0.0,-0.002,0.0002,0.0312,4.7123,0.707,0.011,0.011,-0.707,0.8073,3.1593,0.0595
open_plane_static_repeat_1_retry_20260913,263,34,5376394191342,30,30,True,5376396629636,35,0.854000032,855,4503,0.0,0.0,False,0.0,0.0,33,0.0,0.0,0.0,0.0008,0.0,0.0,0.0,0.0,0.0,-0.0022,-0.0005,0.0153,0.0001,0.0,-0.0018,0.0002,0.0312,4.7123,0.707,0.011,0.011,-0.707,0.8073,3.1594,0.0595
open_plane_static_repeat_1_retry_20260913,272,35,5376418567451,31,31,True,5376420667960,36,0.878,879,4641,0.0,0.0,False,0.0,0.0,34,0.0,0.0,0.0,0.0007,0.0,0.0,0.0,0.0,0.0,-0.002,-0.0002,0.0007,0.0001,0.0,-0.0016,0.0002,0.0312,4.7123,0.707,0.011,0.011,-0.707,0.8073,3.1594,0.0595
open_plane_static_repeat_1_retry_20260913,280,36,5376443532196,32,32,True,5376445837791,37,0.903000057,904,4790,0.0,0.0,False,0.0,0.0,35,0.0,0.0,0.0,0.0007,0.0,0.0,0.0,0.0,0.0,0.0008,-0.0021,0.0017,0.0001,0.0,-0.0015,0.0001,0.0312,4.7123,0.707,0.011,0.011,-0.707,0.8073,3.1594,0.0594
open_plane_static_repeat_1_retry_20260913,290,37,5376468992173,33,33,True,5376471565020,38,0.929,930,4936,0.0,0.0,False,0.0,0.0,36,0.0,0.0,0.0,0.0006,0.0,0.0,0.0,0.0,0.0,0.001,0.0005,-0.0175,0.0001,0.0,-0.0014,0.0001,0.0312,4.7123,0.707,0.011,0.011,-0.707,0.8073,3.1594,0.0594
open_plane_static_repeat_1_retry_20260913,299,38,5376494390283,34,34,True,5376496597272,39,0.954000056,955,5077,0.0,0.0,False,0.0,0.0,37,0.0,0.0,-0.0001,0.0005,0.0,0.0,0.0,0.0,0.0,-0.0004,0.0016,0.0006,0.0001,0.0,-0.0012,0.0001,0.0313,4.7123,0.707,0.011,0.011,-0.707,0.8073,3.1594,0.0594
open_plane_static_repeat_1_retry_20260913,308,39,5376518470074,35,35,True,5376520656605,40,0.978000045,979,5196,0.0,0.0,False,0.0,0.0,38,0.0,0.0,0.0,0.0004,0.0,0.0,0.0,0.0,0.0,0.0011,-0.0003,-0.0247,0.0001,0.0,-0.0011,0.0001,0.0313,4.7123,0.707,0.0111,0.0111,-0.707,0.8074,3.1594,0.0594
open_plane_static_repeat_1_retry_20260913,317,40,5376543776111,36,36,True,5376545626290,41,1.003,1004,5335,0.0,0.0,False,0.0,0.0,39,0.0,0.0,0.0,0.0004,0.0,0.0,0.0,0.0,0.0,0.0,0.0009,0.001,0.0001,0.0,-0.0009,0.0001,0.0313,4.7123,0.707,0.0111,0.0111,-0.707,0.8074,3.1594,0.0593
open_plane_static_repeat_1_retry_20260913,326,41,5376568916878,37,37,True,5376571649135,42,1.029,1030,5480,0.0,0.0,False,0.0,0.0,40,0.0,0.0,0.0,0.0004,0.0,0.0,0.0,0.0,0.0,-0.0008,-0.0001,0.0002,0.0001,0.0,-0.0008,0.0001,0.0313,4.7123,0.707,0.0111,0.0111,-0.707,0.8074,3.1594,0.0593
open_plane_static_repeat_1_retry_20260913,335,42,5376593984617,38,38,True,5376596575558,43,1.054,1055,5619,0.0,0.0,False,0.0,0.0,41,0.0,0.0,0.0,0.0003,0.0,0.0,0.0,0.0,0.0,-0.0021,-0.0005,0.0321,0.0,0.0,-0.0006,0.0,0.0313,4.7123,0.707,0.0111,0.0111,-0.707,0.8074,3.1594,0.0593
open_plane_static_repeat_1_retry_20260913,344,43,5376619260988,39,39,True,5376621662864,44,1.079,1080,5762,0.0,0.0,False,0.0,0.0,42,0.0,0.0,0.0,0.0003,0.0,0.0,0.0,0.0,0.0,-0.001,-0.0012,0.0101,0.0,0.0,-0.0006,0.0001,0.0313,4.7123,0.707,0.0111,0.0111,-0.7071,0.8074,3.1594,0.0593
open_plane_static_repeat_1_retry_20260913,353,44,5376643779675,40,40,True,5376645613472,45,1.103,1104,5895,0.0,0.0,False,0.0,0.0,43,0.0,0.0,0.0001,0.0003,0.0,0.0,0.0,0.0,0.0,0.0,0.0008,0.0105,0.0,0.0,-0.0006,0.0001,0.0313,4.7123,0.707,0.0111,0.0111,-0.7071,0.8074,3.1594,0.0593
open_plane_static_repeat_1_retry_20260913,362,45,5376668976376,41,41,True,5376671656014,46,1.12900007,1130,6035,0.0,0.0,False,0.0,0.0,44,0.0,0.0,0.0,0.0003,0.0,0.0,0.0,0.0,0.0,-0.0005,0.0,-0.0062,0.0,0.0,-0.0005,0.0,0.0313,4.7123,0.707,0.0111,0.0111,-0.7071,0.8074,3.1594,0.0593
open_plane_static_repeat_1_retry_20260913,371,46,5376693804605,42,42,True,5376695619357,47,1.153,1154,6147,0.0,0.0,False,0.0,0.0,45,0.0,0.0,0.0001,0.0002,0.0,0.0,0.0,0.0,0.0,-0.0006,0.0017,-0.003,0.0,0.0,-0.0004,0.0001,0.0313,4.7123,0.707,0.0111,0.0111,-0.7071,0.8075,3.1594,0.0593
open_plane_static_repeat_1_retry_20260913,379,47,5376718522316,43,43,True,5376722610853,48,1.18000007,1181,6292,0.0,0.0,False,0.0,0.0,46,0.0,0.0,0.0001,0.0002,0.0,0.0,0.0,0.0,0.0,-0.0002,0.0005,0.0043,0.0,0.0,-0.0003,0.0,0.0313,4.7123,0.707,0.0111,0.0111,-0.7071,0.8075,3.1594,0.0592
open_plane_static_repeat_1_retry_20260913,388,48,5376743454600,44,44,True,5376745548146,49,1.20300007,1204,6420,0.0,0.0,False,0.0,0.0,47,0.0,0.0,0.0002,0.0002,0.0,0.0,0.0,0.0,0.0,0.0001,0.0005,0.005,0.0,0.0,-0.0004,0.0001,0.0313,4.7122,0.707,0.0111,0.0111,-0.7071,0.8075,3.1594,0.0592
open_plane_static_repeat_1_retry_20260913,397,49,5376769435326,45,45,True,5376771835388,50,1.22900009,1230,6562,0.0,0.0,False,0.0,0.0,48,0.0,0.0,0.0,0.0002,0.0,0.0,0.0,0.0,0.0,0.0007,-0.0005,-0.0089,0.0,0.0,-0.0001,0.0,0.0313,4.7122,0.707,0.0111,0.0111,-0.7071,0.8075,3.1594,0.0592
open_plane_static_repeat_1_retry_20260913,406,50,5376793826743,46,46,True,5376795509757,51,1.253,1254,6679,0.0,0.0,False,0.0,0.0,49,0.0,0.0,-0.0001,0.0001,0.0,0.0,0.0,0.0,0.0,-0.002,0.0014,0.0336,0.0,0.0,-0.0001,0.0,0.0313,4.7122,0.707,0.0111,0.0111,-0.7071,0.8075,3.1594,0.0592
open_plane_static_repeat_1_retry_20260913,416,51,5376818708893,47,47,True,5376820641727,52,1.27800012,1279,6818,0.0,0.0,False,0.0,0.0,50,0.0,0.0,-0.0001,0.0003,0.0,0.0,0.0,0.0,0.0,0.0003,-0.0002,0.0148,0.0,0.0,-0.0001,0.0,0.0313,4.7122,0.707,0.0111,0.0111,-0.7071,0.8075,3.1594,0.0592
open_plane_static_repeat_1_retry_20260913,425,52,5376844407308,48,48,True,5376846627753,53,1.304,1305,6965,0.0,0.0,False,0.0,0.0,51,0.0,0.0,0.0,0.0004,0.0,0.0,0.0,0.0,0.0,-0.0001,-0.0003,-0.005,0.0,0.0,-0.0001,0.0,0.0313,4.7122,0.707,0.0111,0.0111,-0.7071,0.8075,3.1594,0.0592
open_plane_static_repeat_1_retry_20260913,433,53,5376868511906,49,49,True,5376870632313,54,1.32800007,1329,7095,0.0,0.0,False,0.0,0.0,52,0.0,0.0,-0.0001,0.0001,0.0,0.0,0.0,0.0,0.0,0.0,-0.0009,-0.0179,0.0,0.0,-0.0001,0.0,0.0313,4.7122,0.707,0.0111,0.0111,-0.7071,0.8075,3.1594,0.0592
open_plane_static_repeat_1_retry_20260913,443,54,5376893660898,50,50,True,5376895570158,55,1.353,1354,7219,0.0,0.0,False,0.0,0.0,53,0.0,0.0,0.0,0.0002,0.0,0.0,0.0,0.0,0.0,0.0008,0.0,-0.0034,0.0,0.0,-0.0003,0.0,0.0313,4.7122,0.707,0.0111,0.0111,-0.7071,0.8075,3.1594,0.0592
open_plane_static_repeat_1_retry_20260913,452,55,5376919425858,51,51,True,5376921555502,56,1.37900007,1380,7371,0.0,0.0,False,0.0,0.0,54,0.0,0.0,0.0,0.0002,0.0,0.0,0.0,0.0,0.0,-0.0023,0.0007,0.0357,0.0,0.0,-0.0002,0.0,0.0313,4.7123,0.707,0.0111,0.0111,-0.7071,0.8075,3.1594,0.0592
open_plane_static_repeat_1_retry_20260913,461,56,5376943713050,52,52,True,5376945483829,57,1.40300012,1404,7502,0.0,0.0,False,0.0,0.0,55,0.0,0.0,-0.0001,0.0001,0.0,0.0,0.0,0.0,0.0,-0.0021,-0.0002,-0.0065,0.0,0.0,-0.0001,0.0,0.0313,4.7123,0.707,0.0111,0.0111,-0.7071,0.8076,3.1594,0.0592
open_plane_static_repeat_1_retry_20260913,470,57,5376968769137,53,53,True,5376970712210,58,1.42800009,1429,7645,0.0,0.0,False,0.0,0.0,56,0.0,0.0,0.0001,0.0,0.0,0.0,0.0,0.0,0.0,0.0012,-0.0002,-0.0104,0.0,0.0,-0.0002,0.0001,0.0313,4.7123,0.707,0.0111,0.0111,-0.7071,0.8076,3.1594,0.0592
open_plane_static_repeat_1_retry_20260913,478,58,5376993511965,54,54,True,5376995536972,59,1.45300007,1454,7778,0.0,0.0,False,0.0,0.0,57,0.0,0.0,0.0001,0.0,0.0,0.0,0.0,0.0,0.0,-0.0009,0.0005,0.0188,0.0,0.0,0.0,0.0,0.0313,4.7123,0.707,0.0111,0.0111,-0.7071,0.8076,3.1594,0.0592
open_plane_static_repeat_1_retry_20260913,488,59,5377019413952,55,55,True,5377022269210,60,1.47900009,1480,7914,0.0,0.0,False,0.0,0.0,58,0.0,0.0,0.0002,0.0,0.0,0.0,0.0,0.0,0.0,-0.0008,-0.0005,0.0142,0.0,0.0,0.0,0.0001,0.0313,4.7122,0.707,0.0111,0.0111,-0.7071,0.8076,3.1594,0.0592
open_plane_static_repeat_1_retry_20260913,496,60,5377044082711,56,56,True,5377046583934,61,1.50400007,1505,8044,0.0,0.0,False,0.0,0.0,59,0.0,0.0,0.0001,0.0,0.0,0.0,0.0,0.0,0.0,0.0006,-0.0004,-0.0065,0.0,0.0,0.0,0.0001,0.0313,4.7122,0.707,0.0111,0.0111,-0.7071,0.8076,3.1594,0.0592
open_plane_static_repeat_1_retry_20260913,506,61,5377068596649,57,57,True,5377070824447,62,1.52800012,1529,8170,0.0,0.0,False,0.0,0.0,60,0.0,0.0,0.0001,0.0001,0.0,0.0,0.0,0.0,0.0,0.0006,0.0002,0.0013,0.0,0.0,0.0,0.0,0.0313,4.7122,0.707,0.0111,0.0111,-0.7071,0.8076,3.1594,0.0592
open_plane_static_repeat_1_retry_20260913,514,62,5377094116408,58,58,True,5377096697260,63,1.554,1555,8291,0.0,0.0,False,0.0,0.0,61,0.0,0.0,0.0,0.0001,0.0,0.0,0.0,0.0,0.0,0.0004,0.0,0.006,0.0,0.0,-0.0002,0.0,0.0313,4.7122,0.707,0.0111,0.0111,-0.7071,0.8076,3.1594,0.0592
open_plane_static_repeat_1_retry_20260913,523,63,5377118476537,59,59,True,5377120735103,64,1.57800007,1579,8435,0.0,0.0,False,0.0,0.0,62,0.0,0.0,0.0001,0.0002,0.0,0.0,0.0,0.0,0.0,0.0008,-0.0001,-0.0043,0.0,0.0,-0.0003,0.0,0.0313,4.7122,0.707,0.0111,0.0111,-0.7071,0.8076,3.1594,0.0592
open_plane_static_repeat_1_retry_20260913,532,64,5377143831716,60,60,True,5377145591905,65,1.603,1604,8581,0.0,0.0,False,0.0,0.0,63,0.0,0.0,0.0001,0.0001,0.0,0.0,0.0,0.0,0.0,0.0005,-0.0008,0.0025,0.0,0.0,-0.0001,0.0,0.0313,4.7122,0.707,0.0111,0.0111,-0.7071,0.8076,3.1594,0.0592
open_plane_static_repeat_1_retry_20260913,542,65,5377169416717,61,61,True,5377171600273,66,1.62900007,1630,8724,0.0,0.0,False,0.0,0.0,64,0.0,0.0,0.0001,0.0001,0.0,0.0,0.0,0.0,0.0,0.0007,0.0,-0.0094,0.0,0.0,-0.0001,0.0,0.0313,4.7122,0.707,0.0111,0.0111,-0.7071,0.8076,3.1594,0.0592
open_plane_static_repeat_1_retry_20260913,551,66,5377194349803,62,62,True,5377196696335,67,1.654,1655,8867,0.0,0.0,False,0.0,0.0,65,0.0,0.0,0.0,0.0001,0.0,0.0,0.0,0.0,0.0,0.0011,0.0015,-0.0196,0.0,0.0,-0.0001,0.0,0.0313,4.7122,0.707,0.0111,0.0111,-0.7071,0.8077,3.1594,0.0592
open_plane_static_repeat_1_retry_20260913,559,67,5377218768001,63,63,True,5377220645200,68,1.67800009,1679,9002,0.0,0.0,False,0.0,0.0,66,0.0,0.0,0.0001,0.0002,0.0,0.0,0.0,0.0,0.0,-0.001,-0.0002,0.0095,0.0,0.0,-0.0002,0.0,0.0313,4.7122,0.7069,0.0111,0.0111,-0.7071,0.8077,3.1594,0.0592
open_plane_static_repeat_1_retry_20260913,568,68,5377244439956,64,64,True,5377246644150,69,1.70400012,1705,9150,0.0,0.0,False,0.0,0.0,67,0.0,0.0,0.0001,0.0002,0.0,0.0,0.0,0.0,0.0,0.0007,-0.0002,-0.0064,0.0,0.0,-0.0002,0.0,0.0313,4.7122,0.7069,0.0111,0.0111,-0.7071,0.8077,3.1594,0.0592
open_plane_static_repeat_1_retry_20260913,577,69,5377268508637,65,65,True,5377270631167,70,1.728,1729,9271,0.0,0.0,False,0.0,0.0,68,0.0,0.0,0.0001,0.0002,0.0,0.0,0.0,0.0,0.0,0.0007,-0.0001,-0.0032,0.0,0.0,-0.0001,0.0,0.0313,4.7121,0.7069,0.0111,0.0111,-0.7071,0.8077,3.1594,0.0592
open_plane_static_repeat_1_retry_20260913,586,70,5377293662227,66,66,True,5377295667006,71,1.75300014,1754,9397,0.0,0.0,False,0.0,0.0,69,0.0,0.0,0.0001,0.0001,0.0,0.0,0.0,0.0,0.0,0.0024,0.0001,-0.0315,0.0,0.0,0.0,0.0,0.0313,4.7121,0.7069,0.0111,0.0111,-0.7071,0.8077,3.1594,0.0592
open_plane_static_repeat_1_retry_20260913,596,71,5377318734385,67,67,True,5377320584042,72,1.77800012,1779,9544,0.0,0.0,False,0.0,0.0,70,0.0,0.0,0.0001,0.0001,0.0,0.0,0.0,0.0,0.0,-0.0018,0.0012,0.0236,0.0,0.0,-0.0001,0.0,0.0313,4.7121,0.7069,0.0111,0.0111,-0.7071,0.8078,3.1594,0.0592
open_plane_static_repeat_1_retry_20260913,605,72,5377343633356,68,68,True,5377345533298,73,1.80300009,1804,9666,0.0,0.0,False,0.0,0.0,71,0.0,0.0,0.0001,-0.0001,0.0,0.0,0.0,0.0,0.0,0.0003,0.0032,-0.0167,0.0,0.0,-0.0001,0.0,0.0314,4.7121,0.7069,0.0111,0.0111,-0.7071,0.8078,3.1594,0.0592
open_plane_static_repeat_1_retry_20260913,614,73,5377369430036,69,69,True,5377371661371,74,1.82900012,1830,9808,0.0,0.0,False,0.0,0.0,72,0.0,0.0,0.0,0.0001,0.0,0.0,0.0,0.0,0.0,0.0,0.0,-0.0013,0.0,0.0,0.0,0.0,0.0313,4.7121,0.7069,0.0111,0.0111,-0.7071,0.8078,3.1594,0.0592
open_plane_static_repeat_1_retry_20260913,622,74,5377394409028,70,70,True,5377396590940,75,1.85400009,1855,9938,0.0,0.0,False,0.0,0.0,73,0.0,0.0,0.0002,0.0,0.0,0.0,0.0,0.0,0.0,-0.0016,-0.0011,0.0126,0.0,0.0,-0.0001,0.0001,0.0314,4.712,0.7069,0.0111,0.0111,-0.7071,0.8078,3.1594,0.0592
open_plane_static_repeat_1_retry_20260913,632,75,5377418596682,71,71,True,5377420649211,76,1.87800014,1879,10081,0.0,0.0,False,0.0,0.0,74,0.0,0.0,0.0002,0.0,0.0,0.0,0.0,0.0,0.0,-0.0001,-0.0005,0.0071,0.0,0.0,0.0002,0.0001,0.0313,4.712,0.7069,0.0111,0.0111,-0.7071,0.8078,3.1594,0.0592
open_plane_static_repeat_1_retry_20260913,641,76,5377443469896,72,72,True,5377445690931,77,1.90300012,1904,10222,0.0,0.0,False,0.0,0.0,75,0.0,0.0,0.0003,0.0,0.0,0.0,0.0,0.0,0.0,0.0006,0.0002,-0.0032,0.0,0.0,0.0,0.0001,0.0313,4.712,0.7069,0.0111,0.0111,-0.7071,0.8078,3.1594,0.0592
open_plane_static_repeat_1_retry_20260913,649,77,5377469439280,73,73,True,5377471665756,78,1.92900014,1930,10350,0.0,0.0,False,0.0,0.0,76,0.0,0.0,0.0001,0.0001,0.0,0.0,0.0,0.0,0.0,0.0014,0.0021,-0.0161,0.0,0.0,0.0,0.0,0.0313,4.712,0.7069,0.0111,0.0111,-0.7072,0.8078,3.1594,0.0592
open_plane_static_repeat_1_retry_20260913,659,78,5377494439432,74,74,True,5377496650028,79,1.95400012,1955,10492,0.0,0.0,False,0.0,0.0,77,0.0,0.0,0.0,0.0001,0.0,0.0,0.0,0.0,0.0,0.0008,0.0001,-0.013,0.0,0.0,-0.0001,0.0,0.0313,4.712,0.7069,0.0111,0.0111,-0.7072,0.8078,3.1594,0.0592
open_plane_static_repeat_1_retry_20260913,668,79,5377518644649,75,75,True,5377520552556,80,1.978,1979,10631,0.0,0.0,False,0.0,0.0,78,0.0,0.0,0.0,0.0001,0.0,0.0,0.0,0.0,0.0,-0.0008,0.0007,0.0108,0.0,0.0,-0.0001,0.0,0.0313,4.712,0.7069,0.0111,0.0111,-0.7072,0.8078,3.1594,0.0592
open_plane_static_repeat_1_retry_20260913,677,80,5377543610386,76,76,True,5377545660401,81,2.003,2004,10778,0.0,0.0,False,0.0,0.0,79,0.0,0.0,0.0,0.0002,0.0,0.0,0.0,0.0,0.0,0.0017,0.0009,-0.0032,0.0,0.0,-0.0001,0.0,0.0313,4.712,0.7069,0.0111,0.0111,-0.7072,0.8079,3.1594,0.0592
open_plane_static_repeat_1_retry_20260913,686,81,5377568653088,77,77,True,5377570721597,82,2.028,2029,10920,0.0,0.0,False,0.0,0.0,80,0.0,0.0,-0.0001,0.0002,0.0,0.0,0.0,0.0,0.0,0.0,0.001,0.0057,0.0,0.0,0.0,-0.0001,0.0313,4.712,0.7069,0.0111,0.0111,-0.7072,0.8079,3.1594,0.0592
open_plane_static_repeat_1_retry_20260913,694,82,5377593598207,78,78,True,5377595681283,83,2.05300021,2054,11062,0.0,0.0,False,0.0,0.0,81,0.0,0.0,-0.0001,0.0002,0.0,0.0,0.0,0.0,0.0,0.0009,0.0,-0.0089,0.0,0.0,0.0,-0.0001,0.0313,4.712,0.7069,0.0111,0.0111,-0.7072,0.8079,3.1594,0.0592
open_plane_static_repeat_1_retry_20260913,704,83,5377618530201,79,79,True,5377620767307,84,2.078,2079,11203,0.0,0.0,False,0.0,0.0,82,0.0,0.0,-0.0001,0.0002,0.0,0.0,0.0,0.0,0.0,-0.0003,-0.0003,0.0006,0.0,0.0,0.0,-0.0001,0.0313,4.712,0.7069,0.0111,0.0111,-0.7072,0.8079,3.1594,0.0592
open_plane_static_repeat_1_retry_20260913,713,84,5377643651941,80,80,True,5377645802024,85,2.10300016,2104,11323,0.0,0.0,False,0.0,0.0,83,0.0,0.0,0.0,0.0002,0.0,0.0,0.0,0.0,0.0,0.0013,-0.0008,-0.0264,0.0,0.0,0.0,0.0,0.0313,4.712,0.7069,0.0111,0.0111,-0.7072,0.8079,3.1594,0.0592
open_plane_static_repeat_1_retry_20260913,722,85,5377668701887,81,81,True,5377670686358,86,2.128,2129,11451,0.0,0.0,False,0.0,0.0,84,0.0,0.0,0.0,0.0002,0.0,0.0,0.0,0.0,0.0,0.0009,0.0001,-0.0209,0.0,0.0,-0.0001,0.0,0.0313,4.712,0.7069,0.0111,0.0111,-0.7072,0.8079,3.1594,0.0592
open_plane_static_repeat_1_retry_20260913,730,86,5377693683504,82,82,True,5377695783262,87,2.153,2154,11588,0.0,0.0,False,0.0,0.0,85,0.0,0.0,0.0,0.0002,0.0,0.0,0.0,0.0,0.0,0.0015,-0.001,-0.0336,0.0,0.0,-0.0001,0.0,0.0313,4.712,0.7069,0.0111,0.0111,-0.7072,0.8079,3.1594,0.0592
open_plane_static_repeat_1_retry_20260913,739,87,5377718564412,83,83,True,5377720851822,88,2.17800021,2179,11733,0.0,0.0,False,0.0,0.0,86,0.0,0.0,0.0,0.0003,0.0,0.0,0.0,0.0,0.0,0.0009,-0.0005,0.0067,0.0,0.0,-0.0002,0.0,0.0313,4.712,0.7069,0.0111,0.0111,-0.7072,0.808,3.1594,0.0592
open_plane_static_repeat_1_retry_20260913,748,88,5377743742027,84,84,True,5377745687465,89,2.203,2204,11883,0.0,0.0,False,0.0,0.0,87,0.0,0.0,0.0,0.0003,0.0,0.0,0.0,0.0,0.0,0.0,-0.0003,0.0052,0.0,0.0,-0.0002,0.0,0.0313,4.712,0.7069,0.0111,0.0111,-0.7072,0.808,3.1594,0.0592
open_plane_static_repeat_1_retry_20260913,758,89,5377768609219,85,85,True,5377770494414,90,2.22800016,2229,12017,0.0,0.0,False,0.0,0.0,88,0.0,0.0,0.0,0.0003,0.0,0.0,0.0,0.0,0.0,0.0007,-0.0007,0.0039,0.0,0.0,-0.0002,0.0,0.0313,4.712,0.7069,0.0111,0.0111,-0.7072,0.808,3.1594,0.0592
open_plane_static_repeat_1_retry_20260913,767,90,5377793469348,86,86,True,5377795819567,91,2.253,2254,12159,0.0,0.0,False,0.0,0.0,89,0.0,0.0,0.0,0.0003,0.0,0.0,0.0,0.0,0.0,-0.0006,-0.0007,0.019,0.0,0.0,-0.0002,0.0,0.0313,4.712,0.7069,0.0111,0.0111,-0.7072,0.8081,3.1594,0.0592
open_plane_static_repeat_1_retry_20260913,775,91,5377818621896,87,87,True,5377820599264,92,2.278,2279,12282,0.0,0.0,False,0.0,0.0,90,0.0,0.0,0.0,0.0002,0.0,0.0,0.0,0.0,0.0,-0.0025,0.0003,0.0255,0.0,0.0,-0.0002,0.0,0.0314,4.712,0.7069,0.0111,0.0111,-0.7072,0.8081,3.1594,0.0592
open_plane_static_repeat_1_retry_20260913,784,92,5377843464743,88,88,True,5377845650652,93,2.30300021,2304,12426,0.0,0.0,False,0.0,0.0,91,0.0,0.0,0.0,0.0002,0.0,0.0,0.0,0.0,0.0,-0.0005,-0.0003,0.0131,0.0,0.0,-0.0001,0.0,0.0314,4.712,0.7069,0.0111,0.0111,-0.7072,0.8081,3.1594,0.0592
open_plane_static_repeat_1_retry_20260913,793,93,5377868540166,89,89,True,5377870695178,94,2.328,2329,12569,0.0,0.0,False,0.0,0.0,92,0.0,0.0,0.0001,0.0001,0.0,0.0,0.0,0.0,0.0,-0.0003,0.0,0.0146,0.0,0.0,-0.0001,0.0,0.0314,4.712,0.7069,0.0111,0.0111,-0.7072,0.8081,3.1594,0.0592
open_plane_static_repeat_1_retry_20260913,802,94,5377893575965,90,90,True,5377895521844,95,2.35300016,2354,12706,0.0,0.0,False,0.0,0.0,93,0.0,0.0,0.0,0.0001,0.0,0.0,0.0,0.0,0.0,-0.0006,0.0001,0.0022,0.0,0.0,-0.0001,0.0,0.0314,4.712,0.7069,0.0111,0.0111,-0.7072,0.8082,3.1594,0.0592
open_plane_static_repeat_1_retry_20260913,812,95,5377918503721,91,91,True,5377920839152,96,2.378,2379,12847,0.0,0.0,False,0.0,0.0,94,0.0,0.0,0.0,0.0002,0.0,0.0,0.0,0.0,0.0,0.001,-0.0002,-0.0133,0.0,0.0,-0.0001,0.0,0.0314,4.712,0.7069,0.0111,0.0111,-0.7072,0.8082,3.1594,0.0592
open_plane_static_repeat_1_retry_20260913,820,96,5377943631172,92,92,True,5377946271456,97,2.403,2404,12989,0.0,0.0,False,0.0,0.0,95,0.0,0.0,0.0,0.0001,0.0,0.0,0.0,0.0,0.0,0.0002,0.0006,-0.0003,0.0,0.0,-0.0001,0.0,0.0314,4.712,0.7069,0.0111,0.0111,-0.7072,0.8082,3.1594,0.0592
open_plane_static_repeat_1_retry_20260913,829,97,5377968957107,93,93,True,5377971600677,98,2.42900014,2430,13132,0.0,0.0,False,0.0,0.0,96,0.0,0.0,0.0,0.0001,0.0,0.0,0.0,0.0,0.0,-0.0003,0.0004,-0.0035,0.0,0.0,-0.0001,0.0,0.0314,4.712,0.7069,0.0111,0.0111,-0.7072,0.8083,3.1594,0.0592
open_plane_static_repeat_1_retry_20260913,838,98,5377993496071,94,94,True,5377995625064,99,2.453,2454,13271,0.0,0.0,False,0.0,0.0,97,0.0,0.0,0.0,0.0001,0.0,0.0,0.0,0.0,0.0,0.0,0.0003,-0.0048,0.0,0.0,-0.0001,0.0,0.0314,4.712,0.7069,0.0111,0.0111,-0.7072,0.8083,3.1594,0.0592
open_plane_static_repeat_1_retry_20260913,847,99,5378018627480,95,95,True,5378020892148,100,2.47800016,2479,13394,0.0,0.0,False,0.0,0.0,98,0.0,0.0,0.0001,0.0001,0.0,0.0,0.0,0.0,0.0,0.0001,0.0,-0.0077,0.0,0.0,-0.0001,0.0,0.0314,4.712,0.7069,0.0111,0.0111,-0.7072,0.8083,3.1594,0.0592
open_plane_static_repeat_1_retry_20260913,856,100,5378043811859,96,96,True,5378045630388,101,2.503,2504,13532,0.0,0.0,False,0.0,0.0,99,0.0,0.0,0.0,0.0001,0.0,0.0,0.0,0.0,0.0,0.0006,0.0,-0.0143,0.0,0.0,-0.0001,0.0,0.0314,4.712,0.7069,0.0111,0.0111,-0.7072,0.8084,3.1594,0.0592
open_plane_static_repeat_1_retry_20260913,865,101,5378068484745,97,97,True,5378070619589,102,2.528,2529,13678,0.0,0.0,False,0.0,0.0,100,0.0,0.0,0.0,0.0001,0.0,0.0,0.0,0.0,0.0,0.0003,0.0,-0.0189,0.0,0.0,-0.0001,0.0,0.0314,4.712,0.7069,0.0111,0.0111,-0.7072,0.8084,3.1594,0.0592
open_plane_static_repeat_1_retry_20260913,875,102,5378093514803,98,98,True,5378095826560,103,2.55300021,2554,13818,0.0,0.0,False,0.0,0.0,101,0.0,0.0,0.0,0.0001,0.0,0.0,0.0,0.0,0.0,-0.0001,0.0003,-0.009,0.0,0.0,-0.0001,0.0,0.0314,4.712,0.7069,0.0111,0.0111,-0.7072,0.8084,3.1594,0.0592
open_plane_static_repeat_1_retry_20260913,883,103,5378118710483,99,99,True,5378120657023,104,2.578,2579,13961,0.0,0.0,False,0.0,0.0,102,0.0,0.0,0.0,0.0001,0.0,0.0,0.0,0.0,0.0,0.0002,-0.0001,0.0082,0.0,0.0,-0.0001,0.0,0.0314,4.712,0.7069,0.0111,0.0111,-0.7072,0.8085,3.1594,0.0592
open_plane_static_repeat_1_retry_20260913,893,104,5378143552798,100,100,True,5378145701588,105,2.60300016,2604,14104,0.0,0.0,False,0.0,0.0,103,0.0,0.0,0.0,0.0001,0.0,0.0,0.0,0.0,0.0,0.0001,0.0005,-0.0002,0.0,0.0,-0.0002,0.0,0.0314,4.712,0.7069,0.0111,0.0111,-0.7072,0.8085,3.1594,0.0592
open_plane_static_repeat_1_retry_20260913,901,105,5378168504940,101,101,True,5378170627490,106,2.628,2629,14246,0.0,0.0,False,0.0,0.0,104,0.0,0.0,0.0,0.0001,0.0,0.0,0.0,0.0,0.0,0.0002,-0.0008,0.0093,0.0,0.0,-0.0002,0.0,0.0314,4.712,0.7069,0.0111,0.0111,-0.7072,0.8085,3.1594,0.0592
open_plane_static_repeat_1_retry_20260913,910,106,5378193597385,102,102,True,5378195619587,107,2.653,2654,14364,0.0,0.0,False,0.0,0.0,105,0.0,0.0,0.0,0.0001,0.0,0.0,0.0,0.0,0.0,0.0005,-0.0003,0.0073,0.0,0.0,0.0,0.0,0.0314,4.712,0.7069,0.0111,0.0111,-0.7072,0.8085,3.1594,0.0592
open_plane_static_repeat_1_retry_20260913,920,107,5378218461391,103,103,True,5378220535341,108,2.67800021,2679,14507,0.0,0.0,False,0.0,0.0,106,0.0,0.0,0.0,0.0001,0.0,0.0,0.0,0.0,0.0,0.0008,-0.0001,-0.0036,0.0,0.0,-0.0002,0.0,0.0314,4.712,0.7069,0.0111,0.0111,-0.7072,0.8086,3.1594,0.0592
open_plane_static_repeat_1_retry_20260913,929,108,5378243611916,104,104,True,5378245572282,109,2.703,2704,14649,0.0,0.0,False,0.0,0.0,107,0.0,0.0,0.0,0.0001,0.0,0.0,0.0,0.0,0.0,-0.0006,0.0005,0.0065,0.0,0.0,-0.0001,0.0,0.0314,4.712,0.7069,0.0111,0.0111,-0.7072,0.8086,3.1594,0.0592
open_plane_static_repeat_1_retry_20260913,938,109,5378268454863,105,105,True,5378270545443,110,2.72800016,2729,14786,0.0,0.0,False,0.0,0.0,108,0.0,0.0,0.0,0.0001,0.0,0.0,0.0,0.0,0.0,0.0003,0.0,-0.0194,0.0,0.0,-0.0002,0.0,0.0314,4.712,0.7069,0.0111,0.0111,-0.7072,0.8086,3.1594,0.0592
open_plane_static_repeat_1_retry_20260913,945,110,5378294430068,106,106,True,5378297018504,111,2.75400019,2755,14921,0.0,0.0,False,0.0,0.0,109,0.0,0.0,0.0,0.0001,0.0,0.0,0.0,0.0,0.0,-0.0004,0.0001,0.0145,0.0,0.0,-0.0001,0.0,0.0314,4.712,0.7069,0.0111,0.0111,-0.7072,0.8087,3.1594,0.0592
open_plane_static_repeat_1_retry_20260913,956,111,5378318707200,107,107,True,5378321573940,112,2.779,2780,15043,0.0,0.0,False,0.0,0.0,110,0.0,0.0,0.0001,0.0001,0.0,0.0,0.0,0.0,0.0,0.0004,-0.0001,-0.0104,0.0,0.0,-0.0002,0.0,0.0314,4.712,0.7069,0.0111,0.0111,-0.7072,0.8087,3.1594,0.0592
open_plane_static_repeat_1_retry_20260913,964,112,5378343483862,108,108,True,5378345734073,113,2.80300021,2804,15182,0.0,0.0,False,0.0,0.0,111,0.0,0.0,0.0,0.0001,0.0,0.0,0.0,0.0,0.0,-0.0007,-0.0002,0.0076,0.0,0.0,-0.0002,0.0,0.0314,4.712,0.7069,0.0111,0.0111,-0.7072,0.8087,3.1594,0.0592
open_plane_static_repeat_1_retry_20260913,973,113,5378368755414,109,109,True,5378370767116,114,2.828,2829,15317,0.0,0.0,False,0.0,0.0,112,0.0,0.0,0.0001,0.0001,0.0,0.0,0.0,0.0,0.0,0.0013,-0.0004,-0.0223,0.0,0.0,-0.0002,0.0,0.0314,4.712,0.7069,0.0111,0.0111,-0.7072,0.8087,3.1594,0.0592
open_plane_static_repeat_1_retry_20260913,983,114,5378393631603,110,110,True,5378395696796,115,2.85300016,2854,15447,0.0,0.0,False,0.0,0.0,113,0.0,0.0,0.0,0.0001,0.0,0.0,0.0,0.0,0.0,0.0004,0.0001,-0.012,0.0,0.0,-0.0001,0.0,0.0314,4.712,0.7069,0.0111,0.0111,-0.7072,0.8088,3.1594,0.0592
open_plane_static_repeat_1_retry_20260913,992,115,5378418915338,111,111,True,5378420588754,116,2.878,2879,15593,0.0,0.0,False,0.0,0.0,114,0.0,0.0,0.0001,0.0001,0.0,0.0,0.0,0.0,0.0,-0.0002,-0.0009,0.0099,0.0,0.0,-0.0001,0.0,0.0314,4.712,0.7069,0.0111,0.0111,-0.7072,0.8088,3.1594,0.0592
open_plane_static_repeat_1_retry_20260913,1001,116,5378444395813,112,112,True,5378446666662,117,2.904,2905,15737,0.0,0.0,False,0.0,0.0,115,0.0,0.0,0.0,0.0001,0.0,0.0,0.0,0.0,0.0,-0.0001,0.0006,0.0028,0.0,0.0,-0.0001,0.0,0.0314,4.712,0.7069,0.0111,0.0111,-0.7072,0.8088,3.1594,0.0592
open_plane_static_repeat_1_retry_20260913,1009,117,5378468550816,113,113,True,5378470653229,118,2.92800021,2929,15874,0.0,0.0,False,0.0,0.0,116,0.0,0.0,0.0001,0.0001,0.0,0.0,0.0,0.0,0.0,-0.0004,-0.0004,0.0095,0.0,0.0,-0.0001,0.0,0.0314,4.712,0.7069,0.0111,0.0111,-0.7072,0.8089,3.1594,0.0592
open_plane_static_repeat_1_retry_20260913,1019,118,5378493491757,114,114,True,5378495633293,119,2.953,2954,16013,0.0,0.0,False,0.0,0.0,117,0.0,0.0,0.0001,0.0001,0.0,0.0,0.0,0.0,0.0,-0.0001,0.0001,-0.0031,0.0,0.0,-0.0001,0.0,0.0314,4.712,0.7069,0.0111,0.0111,-0.7072,0.8089,3.1594,0.0592
open_plane_static_repeat_1_retry_20260913,1027,119,5378518684401,115,115,True,5378520600253,120,2.97800016,2979,16149,0.0,0.0,False,0.0,0.0,118,0.0,0.0,0.0,0.0001,0.0,0.0,0.0,0.0,0.0,0.0012,0.0,-0.0153,0.0,0.0,-0.0001,0.0,0.0314,4.712,0.7069,0.0111,0.0111,-0.7072,0.8089,3.1594,0.0592
open_plane_static_repeat_1_retry_20260913,1036,120,5378543478335,116,116,True,5378545627576,121,3.00300026,3004,16282,0.0,0.0,False,0.0,0.0,119,0.0,0.0,0.0001,0.0001,0.0,0.0,0.0,0.0,0.0,0.0,-0.001,0.0036,0.0,0.0,-0.0001,0.0,0.0314,4.712,0.7069,0.0111,0.0111,-0.7072,0.8089,3.1594,0.0592
open_plane_static_repeat_1_retry_20260913,1046,121,5378568469941,117,117,True,5378570813437,122,3.028,3029,16392,0.0,0.0,False,0.0,0.0,120,0.0,0.0,0.0,0.0001,0.0,0.0,0.0,0.0,0.0,0.0006,-0.0004,-0.0209,0.0,0.0,-0.0001,0.0,0.0314,4.712,0.7069,0.0111,0.0111,-0.7072,0.809,3.1594,0.0592
open_plane_static_repeat_1_retry_20260913,1054,122,5378593801997,118,118,True,5378595642206,123,3.05300021,3054,16526,0.0,0.0,False,0.0,0.0,121,0.0,0.0,0.0,0.0002,0.0,0.0,0.0,0.0,0.0,0.0001,0.0001,-0.0102,0.0,0.0,-0.0001,0.0,0.0313,4.712,0.7069,0.0111,0.0111,-0.7072,0.809,3.1594,0.0592
open_plane_static_repeat_1_retry_20260913,1064,123,5378618563089,119,119,True,5378621030057,124,3.078,3079,16655,0.0,0.0,False,0.0,0.0,122,0.0,0.0,-0.0001,0.0003,0.0,0.0,0.0,0.0,0.0,-0.0001,-0.0002,0.0058,0.0,0.0,-0.0001,0.0,0.0313,4.712,0.7069,0.0111,0.0111,-0.7072,0.809,3.1594,0.0592
open_plane_static_repeat_1_retry_20260913,1072,124,5378643921355,120,120,True,5378645740925,125,3.10300016,3104,16797,0.0,0.0,False,0.0,0.0,123,0.0,0.0,0.0,0.0002,0.0,0.0,0.0,0.0,0.0,0.0007,-0.001,-0.0151,0.0,0.0,-0.0001,0.0,0.0313,4.712,0.7069,0.0111,0.0111,-0.7072,0.809,3.1594,0.0592
open_plane_static_repeat_1_retry_20260913,1081,125,5378668537985,121,121,True,5378670720579,126,3.12800026,3129,16915,0.0,0.0,False,0.0,0.0,124,0.0,0.0,0.0,0.0002,0.0,0.0,0.0,0.0,0.0,-0.0007,0.0006,0.0205,0.0,0.0,-0.0001,0.0,0.0313,4.712,0.7069,0.0111,0.0111,-0.7072,0.8091,3.1594,0.0592
open_plane_static_repeat_1_retry_20260913,1090,126,5378693691155,122,122,True,5378695667992,127,3.153,3154,17043,0.0,0.0,False,0.0,0.0,125,0.0,0.0,0.0,0.0003,0.0,0.0,0.0,0.0,0.0,-0.0002,0.0007,0.0088,0.0,0.0,-0.0001,0.0,0.0313,4.712,0.7069,0.0111,0.0111,-0.7072,0.8091,3.1594,0.0592
open_plane_static_repeat_1_retry_20260913,1099,127,5378719049130,123,123,True,5378721692129,128,3.17900014,3180,17185,0.0,0.0,False,0.0,0.0,126,0.0,0.0,0.0,0.0003,0.0,0.0,0.0,0.0,0.0,0.0006,0.0001,0.0032,0.0,0.0,-0.0001,0.0,0.0313,4.712,0.7069,0.0111,0.0111,-0.7072,0.8091,3.1594,0.0592
open_plane_static_repeat_1_retry_20260913,1109,128,5378743698111,124,124,True,5378745745360,129,3.203,3204,17310,0.0,0.0,False,0.0,0.0,127,0.0,0.0,0.0,0.0003,0.0,0.0,0.0,0.0,0.0,0.0004,0.0005,0.0078,0.0,0.0,-0.0001,0.0,0.0313,4.712,0.7069,0.0111,0.0111,-0.7072,0.8091,3.1594,0.0592
open_plane_static_repeat_1_retry_20260913,1117,129,5378768819862,125,125,True,5378770671984,130,3.22800016,3229,17431,0.0,0.0,False,0.0,0.0,128,0.0,0.0,0.0,0.0002,0.0,0.0,0.0,0.0,0.0,-0.0008,-0.0001,0.0119,0.0,0.0,-0.0001,0.0,0.0314,4.712,0.7069,0.0111,0.0111,-0.7072,0.8092,3.1594,0.0592
open_plane_static_repeat_1_retry_20260913,1127,130,5378793508037,126,126,True,5378795598117,131,3.25300026,3254,17578,0.0,0.0,False,0.0,0.0,129,0.0,0.0,0.0,0.0002,0.0,0.0,0.0,0.0,0.0,0.0002,-0.0006,-0.0061,0.0,0.0,-0.0001,0.0,0.0314,4.712,0.7069,0.0111,0.0111,-0.7072,0.8092,3.1594,0.0592
open_plane_static_repeat_1_retry_20260913,1136,131,5378818554366,127,127,True,5378820721020,132,3.278,3279,17717,0.0,0.0,False,0.0,0.0,130,0.0,0.0,0.0,0.0002,0.0,0.0,0.0,0.0,0.0,0.0018,0.0005,-0.0202,0.0,0.0,-0.0001,0.0,0.0314,4.712,0.7069,0.0111,0.0111,-0.7072,0.8092,3.1594,0.0592
open_plane_static_repeat_1_retry_20260913,1145,132,5378843554668,128,128,True,5378845553817,133,3.30300021,3304,17841,0.0,0.0,False,0.0,0.0,131,0.0,0.0,0.0,0.0002,0.0,0.0,0.0,0.0,0.0,0.0,0.0,-0.0054,0.0,0.0,-0.0002,0.0,0.0314,4.712,0.7069,0.0111,0.0111,-0.7072,0.8092,3.1594,0.0592
open_plane_static_repeat_1_retry_20260913,1154,133,5378868534071,129,129,True,5378870756370,134,3.328,3329,17975,0.0,0.0,False,0.0,0.0,132,0.0,0.0,0.0,0.0002,0.0,0.0,0.0,0.0,0.0,0.0001,0.0003,0.0016,0.0,0.0,-0.0001,0.0,0.0314,4.712,0.7069,0.0111,0.0111,-0.7072,0.8093,3.1594,0.0592
open_plane_static_repeat_1_retry_20260913,1163,134,5378894035035,130,130,True,5378896720364,135,3.354,3355,18121,0.0,0.0,False,0.0,0.0,133,0.0,0.0,0.0,0.0001,0.0,0.0,0.0,0.0,0.0,0.0011,0.0006,-0.0177,0.0,0.0,-0.0001,0.0,0.0314,4.712,0.7069,0.0111,0.0111,-0.7072,0.8093,3.1594,0.0592
open_plane_static_repeat_1_retry_20260913,1172,135,5378918552048,131,131,True,5378920671153,136,3.37800026,3379,18261,0.0,0.0,False,0.0,0.0,134,0.0,0.0,0.0,0.0002,0.0,0.0,0.0,0.0,0.0,0.0007,0.0005,0.0027,0.0,0.0,-0.0001,0.0,0.0314,4.712,0.7069,0.0111,0.0111,-0.7072,0.8093,3.1594,0.0592
open_plane_static_repeat_1_retry_20260913,1180,136,5378943768217,132,132,True,5378945530830,137,3.403,3404,18397,0.0,0.0,False,0.0,0.0,135,0.0,0.0,0.0,0.0001,0.0,0.0,0.0,0.0,0.0,0.0004,-0.0002,-0.0098,0.0,0.0,-0.0001,0.0,0.0314,4.712,0.7069,0.0111,0.0111,-0.7072,0.8094,3.1594,0.0592
open_plane_static_repeat_1_retry_20260913,1189,137,5378969364149,133,133,True,5378971615662,138,3.42900014,3430,18529,0.0,0.0,False,0.0,0.0,136,0.0,0.0,0.0,0.0001,0.0,0.0,0.0,0.0,0.0,0.0009,-0.0008,-0.0172,0.0,0.0,-0.0001,0.0,0.0314,4.712,0.7069,0.0111,0.0111,-0.7072,0.8094,3.1595,0.0592
open_plane_static_repeat_1_retry_20260913,1198,138,5378993645700,134,134,True,5378995812173,139,3.453,3454,18666,0.0,0.0,False,0.0,0.0,137,0.0,0.0,0.0,0.0001,0.0,0.0,0.0,0.0,0.0,0.0002,0.0001,0.0019,0.0,0.0,-0.0001,0.0,0.0314,4.712,0.7069,0.0111,0.0111,-0.7072,0.8094,3.1595,0.0592
open_plane_static_repeat_1_retry_20260913,1207,139,5379018752302,135,135,True,5379020549731,140,3.47800016,3479,18802,0.0,0.0,False,0.0,0.0,138,0.0,0.0,0.0,0.0001,0.0,0.0,0.0,0.0,0.0,0.0002,0.0001,0.0013,0.0,0.0,-0.0001,0.0,0.0314,4.712,0.7069,0.0111,0.0111,-0.7072,0.8095,3.1595,0.0592
open_plane_static_repeat_1_retry_20260913,1217,140,5379043468941,136,136,True,5379045642627,141,3.50300026,3504,18943,0.0,0.0,False,0.0,0.0,139,0.0,0.0,0.0,0.0001,0.0,0.0,0.0,0.0,0.0,0.0002,-0.0002,0.0014,0.0,0.0,-0.0001,0.0,0.0314,4.712,0.7069,0.0111,0.0111,-0.7072,0.8095,3.1595,0.0592
open_plane_static_repeat_1_retry_20260913,1226,141,5379068519948,137,137,True,5379070652067,142,3.528,3529,19087,0.0,0.0,False,0.0,0.0,140,0.0,0.0,0.0,0.0001,0.0,0.0,0.0,0.0,0.0,0.0,-0.0005,-0.001,0.0,0.0,-0.0001,0.0,0.0314,4.712,0.7069,0.0111,0.0111,-0.7072,0.8095,3.1595,0.0592
open_plane_static_repeat_1_retry_20260913,1235,142,5379093933908,138,138,True,5379096649233,143,3.55400014,3555,19231,0.0,0.0,False,0.0,0.0,141,0.0,0.0,0.0,0.0002,0.0,0.0,0.0,0.0,0.0,0.0005,0.0,-0.0099,0.0,0.0,-0.0001,0.0,0.0314,4.712,0.7069,0.0111,0.0111,-0.7072,0.8096,3.1595,0.0592
open_plane_static_repeat_1_retry_20260913,1243,143,5379118519701,139,139,True,5379120645388,144,3.578,3579,19367,0.0,0.0,False,0.0,0.0,142,0.0,0.0,0.0,0.0001,0.0,0.0,0.0,0.0,0.0,0.0008,0.0002,-0.0111,0.0,0.0,-0.0001,0.0,0.0314,4.712,0.7069,0.0111,0.0111,-0.7072,0.8096,3.1595,0.0592
open_plane_static_repeat_1_retry_20260913,1253,144,5379143500567,140,140,True,5379145732403,145,3.60300016,3604,19482,0.0,0.0,False,0.0,0.0,143,0.0,0.0,0.0,0.0001,0.0,0.0,0.0,0.0,0.0,0.0001,-0.0005,0.0112,0.0,0.0,0.0,0.0,0.0314,4.712,0.7069,0.0111,0.0111,-0.7072,0.8096,3.1595,0.0592
open_plane_static_repeat_1_retry_20260913,1261,145,5379168777038,141,141,True,5379170502973,146,3.62800026,3629,19606,0.0,0.0,False,0.0,0.0,144,0.0,0.0,0.0,0.0001,0.0,0.0,0.0,0.0,0.0,0.0002,-0.0002,0.0075,0.0,0.0,-0.0001,0.0,0.0314,4.712,0.7069,0.0111,0.0111,-0.7072,0.8096,3.1595,0.0592
open_plane_static_repeat_1_retry_20260913,1270,146,5379194135053,142,142,True,5379196619504,147,3.65400028,3655,19738,0.0,0.0,False,0.0,0.0,145,0.0,0.0,0.0,0.0001,0.0,0.0,0.0,0.0,0.0,0.0001,0.0005,-0.0087,0.0,0.0,-0.0001,0.0,0.0314,4.712,0.7069,0.0111,0.0111,-0.7072,0.8097,3.1595,0.0592
open_plane_static_repeat_1_retry_20260913,1280,147,5379218707551,143,143,True,5379220606822,148,3.67800021,3679,19883,0.0,0.0,False,0.0,0.0,146,0.0,0.0,0.0,0.0001,0.0,0.0,0.0,0.0,0.0,-0.0008,-0.0002,0.0113,0.0,0.0,-0.0002,0.0,0.0314,4.712,0.7069,0.0111,0.0111,-0.7072,0.8097,3.1595,0.0592
open_plane_static_repeat_1_retry_20260913,1288,148,5379243592867,144,144,True,5379245604820,149,3.703,3704,20027,0.0,0.0,False,0.0,0.0,147,0.0,0.0,0.0,0.0001,0.0,0.0,0.0,0.0,0.0,-0.0003,0.0003,-0.0083,0.0,0.0,-0.0001,0.0,0.0314,4.712,0.7069,0.0111,0.0111,-0.7072,0.8097,3.1595,0.0592
open_plane_static_repeat_1_retry_20260913,1298,149,5379269358378,145,145,True,5379271633335,150,3.729,3730,20172,0.0,0.0,False,0.0,0.0,148,0.0,0.0,0.0,0.0001,0.0,0.0,0.0,0.0,0.0,0.0005,0.0004,0.0005,0.0,0.0,-0.0001,0.0,0.0314,4.712,0.7069,0.0111,0.0111,-0.7072,0.8097,3.1595,0.0592
open_plane_static_repeat_1_retry_20260913,1306,150,5379293539951,146,146,True,5379295664886,151,3.75300026,3754,20309,0.0,0.0,False,0.0,0.0,149,0.0,0.0,0.0,0.0001,0.0,0.0,0.0,0.0,0.0,0.0006,0.0001,-0.0182,0.0,0.0,-0.0002,0.0,0.0314,4.712,0.7069,0.0111,0.0111,-0.7072,0.8098,3.1595,0.0592
open_plane_static_repeat_1_retry_20260913,1316,151,5379318425988,147,147,True,5379320582052,152,3.778,3779,20453,0.0,0.0,False,0.0,0.0,150,0.0,0.0,0.0,0.0001,0.0,0.0,0.0,0.0,0.0,-0.0005,-0.0002,-0.0001,0.0,0.0,-0.0001,0.0,0.0314,4.712,0.7069,0.0111,0.0111,-0.7072,0.8098,3.1595,0.0592
open_plane_static_repeat_1_retry_20260913,1325,152,5379343598524,148,148,True,5379346829348,153,3.80400014,3805,20580,0.0,0.0,False,0.0,0.0,151,0.0,0.0,0.0,0.0001,0.0,0.0,0.0,0.0,0.0,0.0001,-0.0006,0.0005,0.0,0.0,-0.0001,0.0,0.0314,4.712,0.7069,0.0111,0.0111,-0.7072,0.8098,3.1595,0.0592
open_plane_static_repeat_1_retry_20260913,1333,153,5379368761953,149,149,True,5379370571826,154,3.828,3829,20704,0.0,0.0,False,0.0,0.0,152,0.0,0.0,0.0,0.0001,0.0,0.0,0.0,0.0,0.0,-0.0003,0.0,-0.0018,0.0,0.0,-0.0001,0.0,0.0314,4.712,0.7069,0.0111,0.0111,-0.7072,0.8099,3.1595,0.0592
open_plane_static_repeat_1_retry_20260913,1343,154,5379393591945,150,150,True,5379395531622,155,3.85300016,3854,20843,0.0,0.0,False,0.0,0.0,153,0.0,0.0,0.0,0.0001,0.0,0.0,0.0,0.0,0.0,0.0008,-0.0007,-0.0138,0.0,0.0,-0.0001,0.0,0.0314,4.712,0.7069,0.0111,0.0111,-0.7072,0.8099,3.1595,0.0592
open_plane_static_repeat_1_retry_20260913,1352,155,5379418667299,151,151,True,5379420625160,156,3.87800026,3879,20984,0.0,0.0,False,0.0,0.0,154,0.0,0.0,0.0,0.0001,0.0,0.0,0.0,0.0,0.0,0.0007,0.0001,-0.0052,0.0,0.0,-0.0001,0.0,0.0314,4.712,0.7069,0.0111,0.0111,-0.7072,0.8099,3.1595,0.0592
open_plane_static_repeat_1_retry_20260913,1361,156,5379443511798,152,152,True,5379445746700,157,3.903,3904,21129,0.0,0.0,False,0.0,0.0,155,0.0,0.0,0.0,0.0002,0.0,0.0,0.0,0.0,0.0,0.0004,-0.0005,-0.0123,0.0,0.0,-0.0001,0.0,0.0313,4.712,0.7069,0.0111,0.0111,-0.7072,0.8099,3.1595,0.0592
open_plane_static_repeat_1_retry_20260913,1369,157,5379468625273,153,153,True,5379470823305,158,3.92800021,3929,21268,0.0,0.0,False,0.0,0.0,156,0.0,0.0,0.0,0.0002,0.0,0.0,0.0,0.0,0.0,0.0,-0.0005,0.0087,0.0,0.0,-0.0001,0.0,0.0313,4.712,0.7069,0.0111,0.0111,-0.7072,0.81,3.1595,0.0592
open_plane_static_repeat_1_retry_20260913,1379,158,5379493775968,154,154,True,5379496310914,159,3.953,3954,21407,0.0,0.0,False,0.0,0.0,157,0.0,0.0,0.0,0.0003,0.0,0.0,0.0,0.0,0.0,0.0015,-0.0004,-0.0372,0.0,0.0,-0.0002,0.0,0.0313,4.712,0.7069,0.0111,0.0111,-0.7072,0.81,3.1595,0.0592
open_plane_static_repeat_1_retry_20260913,1388,159,5379518508998,155,155,True,5379520680300,160,3.97800016,3979,21528,0.0,0.0,False,0.0,0.0,158,0.0,0.0,0.0,0.0003,0.0,0.0,0.0,0.0,0.0,0.0006,0.0003,-0.0061,0.0,0.0,-0.0002,0.0,0.0313,4.712,0.7069,0.0111,0.0111,-0.7072,0.81,3.1595,0.0592
open_plane_static_repeat_1_retry_20260913,1396,160,5379543631009,156,156,True,5379545698907,161,4.00300026,4004,21668,0.0,0.0,False,0.0,0.0,159,0.0,0.0,0.0,0.0003,0.0,0.0,0.0,0.0,0.0,-0.0002,0.001,0.0111,0.0,0.0,-0.0001,0.0,0.0313,4.712,0.7069,0.0111,0.0111,-0.7072,0.8101,3.1595,0.0592
open_plane_static_repeat_1_retry_20260913,1405,161,5379569208025,157,157,True,5379571770122,162,4.02900028,4030,21805,0.0,0.0,False,0.0,0.0,160,0.0,0.0,0.0,0.0003,0.0,0.0,0.0,0.0,0.0,-0.0002,-0.0001,0.0003,0.0,0.0,-0.0001,0.0,0.0313,4.712,0.7069,0.0111,0.0111,-0.7072,0.8101,3.1595,0.0592
open_plane_static_repeat_1_retry_20260913,1414,162,5379593562032,158,158,True,5379595968427,163,4.053,4054,21939,0.0,0.0,False,0.0,0.0,161,0.0,0.0,0.0,0.0003,0.0,0.0,0.0,0.0,0.0,0.0009,0.0001,-0.0206,0.0,0.0,-0.0001,0.0,0.0313,4.712,0.7069,0.0111,0.0111,-0.7072,0.8101,3.1595,0.0592
open_plane_static_repeat_1_retry_20260913,1424,163,5379618998374,159,159,True,5379621580539,164,4.079,4080,22086,0.0,0.0,False,0.0,0.0,162,0.0,0.0,0.0,0.0003,0.0,0.0,0.0,0.0,0.0,-0.0004,0.0002,0.0076,0.0,0.0,-0.0002,0.0,0.0313,4.712,0.7069,0.0111,0.0111,-0.7072,0.8101,3.1595,0.0592
open_plane_static_repeat_1_retry_20260913,1432,164,5379643623652,160,160,True,5379645788422,165,4.103,4104,22220,0.0,0.0,False,0.0,0.0,163,0.0,0.0,0.0,0.0003,0.0,0.0,0.0,0.0,0.0,0.0004,-0.0004,-0.0051,0.0,0.0,-0.0002,0.0,0.0313,4.712,0.7069,0.0111,0.0111,-0.7072,0.8102,3.1595,0.0592
open_plane_static_repeat_1_retry_20260913,1441,165,5379668944016,161,161,True,5379671604017,166,4.129,4130,22356,0.0,0.0,False,0.0,0.0,164,0.0,0.0,0.0,0.0003,0.0,0.0,0.0,0.0,0.0,-0.0002,0.0,0.0074,0.0,0.0,-0.0001,0.0,0.0313,4.712,0.7069,0.0111,0.0111,-0.7072,0.8102,3.1595,0.0592
open_plane_static_repeat_1_retry_20260913,1450,166,5379694418169,162,162,True,5379696580063,167,4.15400028,4155,22490,0.0,0.0,False,0.0,0.0,165,0.0,0.0,0.0,0.0002,0.0,0.0,0.0,0.0,0.0,-0.0002,0.0003,-0.0013,0.0,0.0,-0.0001,0.0,0.0314,4.712,0.7069,0.0111,0.0111,-0.7072,0.8102,3.1595,0.0592
open_plane_static_repeat_1_retry_20260913,1460,167,5379718471931,163,163,True,5379720573102,168,4.178,4179,22598,0.0,0.0,False,0.0,0.0,166,0.0,0.0,0.0,0.0002,0.0,0.0,0.0,0.0,0.0,0.0,0.0006,-0.009,0.0,0.0,-0.0001,0.0,0.0314,4.712,0.7069,0.0111,0.0111,-0.7072,0.8103,3.1595,0.0592
open_plane_static_repeat_1_retry_20260913,1468,168,5379744326360,164,164,True,5379746648615,169,4.204,4205,22744,0.0,0.0,False,0.0,0.0,167,0.0,0.0,0.0,0.0002,0.0,0.0,0.0,0.0,0.0,0.0002,0.0002,0.0082,0.0,0.0,-0.0001,0.0,0.0314,4.712,0.7069,0.0111,0.0111,-0.7072,0.8103,3.1595,0.0592
open_plane_static_repeat_1_retry_20260913,1476,169,5379768887145,165,165,True,5379770630473,170,4.228,4229,22877,0.0,0.0,False,0.0,0.0,168,0.0,0.0,0.0,0.0002,0.0,0.0,0.0,0.0,0.0,-0.0007,0.0002,-0.0073,0.0,0.0,-0.0001,0.0,0.0314,4.712,0.7069,0.0111,0.0111,-0.7072,0.8103,3.1595,0.0592
open_plane_static_repeat_1_retry_20260913,1486,170,5379794449364,166,166,True,5379796558680,171,4.254,4255,23024,0.0,0.0,False,0.0,0.0,169,0.0,0.0,0.0,0.0002,0.0,0.0,0.0,0.0,0.0,0.0001,0.0002,-0.0005,0.0,0.0,-0.0001,0.0,0.0314,4.712,0.7069,0.0111,0.0111,-0.7072,0.8103,3.1595,0.0592
open_plane_static_repeat_1_retry_20260913,1495,171,5379819230845,167,167,True,5379821693335,172,4.27900028,4280,23156,0.0,0.0,False,0.0,0.0,170,0.0,0.0,0.0,0.0002,0.0,0.0,0.0,0.0,0.0,0.0009,-0.0002,-0.0175,0.0,0.0,-0.0001,0.0,0.0314,4.712,0.7069,0.0111,0.0111,-0.7072,0.8104,3.1595,0.0592
open_plane_static_repeat_1_retry_20260913,1504,172,5379843477330,168,168,True,5379845684229,173,4.303,4304,23290,0.0,0.0,False,0.0,0.0,171,0.0,0.0,0.0,0.0002,0.0,0.0,0.0,0.0,0.0,-0.0004,-0.0007,0.0064,0.0,0.0,-0.0001,0.0,0.0314,4.712,0.7069,0.0111,0.0111,-0.7072,0.8104,3.1595,0.0592
open_plane_static_repeat_1_retry_20260913,1514,173,5379869467433,169,169,True,5379871775262,174,4.329,4330,23434,0.0,0.0,False,0.0,0.0,172,0.0,0.0,0.0,0.0002,0.0,0.0,0.0,0.0,0.0,0.0008,0.0007,-0.0177,0.0,0.0,-0.0001,0.0,0.0314,4.712,0.7069,0.0111,0.0111,-0.7072,0.8104,3.1595,0.0592
open_plane_static_repeat_1_retry_20260913,1522,174,5379893978896,170,170,True,5379896655559,175,4.354,4355,23565,0.0,0.0,False,0.0,0.0,173,0.0,0.0,0.0,0.0001,0.0,0.0,0.0,0.0,0.0,0.0006,0.0002,0.0095,0.0,0.0,-0.0001,0.0,0.0314,4.712,0.7069,0.0111,0.0111,-0.7072,0.8105,3.1595,0.0592
open_plane_static_repeat_1_retry_20260913,1531,175,5379919435106,171,171,True,5379921547537,176,4.379,4380,23707,0.0,0.0,False,0.0,0.0,174,0.0,0.0,0.0,0.0001,0.0,0.0,0.0,0.0,0.0,0.0,0.0003,-0.0124,0.0,0.0,-0.0001,0.0,0.0314,4.712,0.7069,0.0111,0.0111,-0.7072,0.8105,3.1595,0.0592
open_plane_static_repeat_1_retry_20260913,1541,176,5379944410691,172,172,True,5379946730803,177,4.40400028,4405,23853,0.0,0.0,False,0.0,0.0,175,0.0,0.0,0.0,0.0002,0.0,0.0,0.0,0.0,0.0,0.0003,0.0001,-0.0055,0.0,0.0,-0.0001,0.0,0.0314,4.712,0.7069,0.0111,0.0111,-0.7072,0.8105,3.1595,0.0592
open_plane_static_repeat_1_retry_20260913,1549,177,5379968508577,173,173,True,5379970724243,178,4.428,4429,23979,0.0,0.0,False,0.0,0.0,176,0.0,0.0,0.0,0.0002,0.0,0.0,0.0,0.0,0.0,-0.0001,0.0003,0.0155,0.0,0.0,-0.0001,0.0,0.0314,4.712,0.7069,0.0111,0.0111,-0.7072,0.8106,3.1595,0.0592
open_plane_static_repeat_1_retry_20260913,1558,178,5379993873805,174,174,True,5379995730666,179,4.453,4454,24117,0.0,0.0,False,0.0,0.0,177,0.0,0.0,0.0,0.0001,0.0,0.0,0.0,0.0,0.0,-0.0002,0.0,-0.0128,0.0,0.0,-0.0001,0.0,0.0314,4.712,0.7069,0.0111,0.0111,-0.7072,0.8106,3.1595,0.0592
open_plane_static_repeat_1_retry_20260913,1567,179,5380018705260,175,175,True,5380020697686,180,4.478,4479,24257,0.0,0.0,False,0.0,0.0,178,0.0,0.0,0.0,0.0001,0.0,0.0,0.0,0.0,0.0,-0.0006,0.0006,0.0039,0.0,0.0,-0.0001,0.0,0.0314,4.712,0.7069,0.0111,0.0111,-0.7072,0.8106,3.1595,0.0592
open_plane_static_repeat_1_retry_20260913,1576,180,5380043455031,176,176,True,5380045735809,181,4.50300026,4504,24395,0.0,0.0,False,0.0,0.0,179,0.0,0.0,0.0,0.0001,0.0,0.0,0.0,0.0,0.0,-0.0001,0.0,0.005,0.0,0.0,-0.0002,0.0,0.0314,4.712,0.7069,0.0111,0.0111,-0.7072,0.8106,3.1595,0.0592
open_plane_static_repeat_1_retry_20260913,1584,181,5380069043930,177,177,True,5380071689254,182,4.52900028,4530,24543,0.0,0.0,False,0.0,0.0,180,0.0,0.0,0.0,0.0001,0.0,0.0,0.0,0.0,0.0,0.0006,0.0002,-0.0176,0.0,0.0,-0.0001,0.0,0.0314,4.712,0.7069,0.0111,0.0111,-0.7072,0.8107,3.1595,0.0592
open_plane_static_repeat_1_retry_20260913,1595,182,5380093614004,178,178,True,5380095938674,183,4.55300045,4554,24658,0.0,0.0,False,0.0,0.0,181,0.0,0.0,0.0,0.0001,0.0,0.0,0.0,0.0,0.0,-0.0002,-0.0003,0.006,0.0,0.0,-0.0001,0.0,0.0314,4.712,0.7069,0.0111,0.0111,-0.7072,0.8107,3.1595,0.0592
open_plane_static_repeat_1_retry_20260913,1604,183,5380119138241,179,179,True,5380122417186,184,4.579,4580,24810,0.0,0.0,False,0.0,0.0,182,0.0,0.0,0.0,0.0001,0.0,0.0,0.0,0.0,0.0,-0.0004,0.0004,-0.0008,0.0,0.0,-0.0001,0.0,0.0314,4.712,0.7069,0.0111,0.0111,-0.7072,0.8107,3.1595,0.0592
open_plane_static_repeat_1_retry_20260913,1613,184,5380144375929,180,180,True,5380146597426,185,4.604,4605,24949,0.0,0.0,False,0.0,0.0,183,0.0,0.0,0.0,0.0001,0.0,0.0,0.0,0.0,0.0,0.0003,0.0008,-0.0099,0.0,0.0,-0.0001,0.0,0.0314,4.712,0.7069,0.0111,0.0111,-0.7072,0.8108,3.1595,0.0592
open_plane_static_repeat_1_retry_20260913,1622,185,5380168542294,181,181,True,5380170793176,186,4.62800026,4629,25091,0.0,0.0,False,0.0,0.0,184,0.0,0.0,0.0,0.0001,0.0,0.0,0.0,0.0,0.0,-0.0003,-0.0001,-0.001,0.0,0.0,-0.0002,0.0,0.0314,4.712,0.7069,0.0111,0.0111,-0.7072,0.8108,3.1595,0.0592
open_plane_static_repeat_1_retry_20260913,1631,186,5380193443530,182,182,True,5380195604723,187,4.65300035,4654,25222,0.0,0.0,False,0.0,0.0,185,0.0,0.0,0.0,0.0001,0.0,0.0,0.0,0.0,0.0,0.0008,0.0,-0.0103,0.0,0.0,-0.0001,0.0,0.0314,4.712,0.7069,0.0111,0.0111,-0.7072,0.8108,3.1595,0.0592
open_plane_static_repeat_1_retry_20260913,1640,187,5380218815601,183,183,True,5380220588484,188,4.67800045,4679,25360,0.0,0.0,False,0.0,0.0,186,0.0,0.0,0.0,0.0001,0.0,0.0,0.0,0.0,0.0,0.0001,-0.0003,0.0035,0.0,0.0,-0.0001,0.0,0.0314,4.712,0.7069,0.0111,0.0111,-0.7072,0.8109,3.1595,0.0592
open_plane_static_repeat_1_retry_20260913,1648,188,5380243550294,184,184,True,5380245769085,189,4.703,4704,25497,0.0,0.0,False,0.0,0.0,187,0.0,0.0,0.0,0.0001,0.0,0.0,0.0,0.0,0.0,0.0008,-0.0004,-0.0166,0.0,0.0,-0.0001,0.0,0.0314,4.712,0.7069,0.0111,0.0111,-0.7072,0.8109,3.1595,0.0592
open_plane_static_repeat_1_retry_20260913,1658,189,5380268613965,185,185,True,5380270868624,190,4.728,4729,25616,0.0,0.0,False,0.0,0.0,188,0.0,0.0,0.0,0.0001,0.0,0.0,0.0,0.0,0.0,0.0012,0.0002,-0.0115,0.0,0.0,-0.0001,0.0,0.0314,4.712,0.7069,0.0111,0.0111,-0.7072,0.8109,3.1595,0.0592
open_plane_static_repeat_1_retry_20260913,1667,190,5380294040529,186,186,True,5380296635077,191,4.754,4755,25748,0.0,0.0,False,0.0,0.0,189,0.0,0.0,0.0,0.0001,0.0,0.0,0.0,0.0,0.0,0.0001,-0.0001,-0.0059,0.0,0.0,-0.0001,0.0,0.0314,4.712,0.7069,0.0111,0.0111,-0.7072,0.8109,3.1595,0.0592
open_plane_static_repeat_1_retry_20260913,1675,191,5380319015163,187,187,True,5380321595384,192,4.77900028,4780,25884,0.0,0.0,False,0.0,0.0,190,0.0,0.0,0.0,0.0001,0.0,0.0,0.0,0.0,0.0,-0.0004,0.0,0.0043,0.0,0.0,-0.0001,0.0,0.0314,4.712,0.7069,0.0111,0.0111,-0.7072,0.811,3.1595,0.0592
open_plane_static_repeat_1_retry_20260913,1685,192,5380343831660,188,188,True,5380345699121,193,4.80300045,4804,26012,0.0,0.0,False,0.0,0.0,191,0.0,0.0,0.0001,0.0001,0.0,0.0,0.0,0.0,0.0,-0.0008,-0.0003,0.0081,0.0,0.0,-0.0001,0.0,0.0314,4.712,0.7069,0.0111,0.0111,-0.7072,0.811,3.1595,0.0592
open_plane_static_repeat_1_retry_20260913,1694,193,5380368945115,189,189,True,5380370762632,194,4.828,4829,26150,0.0,0.0,False,0.0,0.0,192,0.0,0.0,0.0001,0.0002,0.0,0.0,0.0,0.0,0.0,0.0003,-0.0007,0.0027,0.0,0.0,-0.0001,0.0,0.0313,4.712,0.7069,0.0111,0.0111,-0.7072,0.811,3.1595,0.0592
open_plane_static_repeat_1_retry_20260913,1703,194,5380393524846,190,190,True,5380395715435,195,4.853,4854,26260,0.0,0.0,False,0.0,0.0,193,0.0,0.0,0.0,0.0001,0.0,0.0,0.0,0.0,0.0,-0.0007,-0.0001,-0.0081,0.0,0.0,0.0,0.0,0.0314,4.712,0.7069,0.0111,0.0111,-0.7072,0.811,3.1595,0.0592
open_plane_static_repeat_1_retry_20260913,1712,195,5380419395735,191,191,True,5380421725445,196,4.879,4880,26381,0.0,0.0,False,0.0,0.0,194,0.0,0.0,0.0,0.0001,0.0,0.0,0.0,0.0,0.0,0.0004,0.0001,-0.0046,0.0,0.0,0.0,0.0,0.0314,4.712,0.7069,0.0111,0.0111,-0.7072,0.8111,3.1595,0.0592
open_plane_static_repeat_1_retry_20260913,1721,196,5380443637411,192,192,True,5380446386660,197,4.90300035,4904,26512,0.0,0.0,False,0.0,0.0,195,0.0,0.0,0.0,0.0002,0.0,0.0,0.0,0.0,0.0,0.0009,0.0007,-0.0095,0.0,0.0,0.0,0.0,0.0313,4.712,0.7069,0.0111,0.0111,-0.7072,0.8111,3.1595,0.0592
open_plane_static_repeat_1_retry_20260913,1730,197,5380468622244,193,193,True,5380470925925,198,4.92800045,4929,26628,0.0,0.0,False,0.0,0.0,196,0.0,0.0,0.0,0.0002,0.0,0.0,0.0,0.0,0.0,-0.0002,-0.0003,0.0041,0.0,0.0,0.0,0.0,0.0313,4.712,0.7069,0.0111,0.0111,-0.7072,0.8111,3.1595,0.0592
open_plane_static_repeat_1_retry_20260913,1739,198,5380493856606,194,194,True,5380495871354,199,4.953,4954,26764,0.0,0.0,False,0.0,0.0,197,0.0,0.0,0.0,0.0003,0.0,0.0,0.0,0.0,0.0,0.0003,-0.0008,0.0078,0.0,0.0,-0.0001,0.0,0.0313,4.712,0.7069,0.0111,0.0111,-0.7072,0.8111,3.1595,0.0592
open_plane_static_repeat_1_retry_20260913,1748,199,5380519425257,195,195,True,5380521923153,200,4.979,4980,26875,0.0,0.0,False,0.0,0.0,198,0.0,0.0,0.0,0.0003,0.0,0.0,0.0,0.0,0.0,0.0005,-0.0007,-0.0059,0.0,0.0,-0.0001,0.0,0.0313,4.712,0.7069,0.0111,0.0111,-0.7072,0.8111,3.1595,0.0592
open_plane_static_repeat_1_retry_20260913,1757,200,5380544122229,196,196,True,5380546599587,201,5.004,5005,26988,0.0,0.0,False,0.0,0.0,199,0.0,0.0,0.0,0.0003,0.0,0.0,0.0,0.0,0.0,0.0006,-0.0002,-0.0081,0.0,0.0,-0.0001,0.0,0.0313,4.712,0.7069,0.0111,0.0111,-0.7072,0.8112,3.1595,0.0592
open_plane_static_repeat_1_retry_20260913,1766,201,5380568481927,197,197,True,5380570625978,202,5.02800035,5029,27097,0.0,0.0,False,0.0,0.0,200,0.0,0.0,0.0,0.0003,0.0,0.0,0.0,0.0,0.0,-0.0005,-0.0002,0.0097,0.0,0.0,0.0,0.0,0.0313,4.712,0.7069,0.0111,0.0111,-0.7072,0.8112,3.1595,0.0592
open_plane_static_repeat_1_retry_20260913,1775,202,5380594441853,198,198,True,5380596710629,203,5.05400038,5055,27226,0.0,0.0,False,0.0,0.0,201,0.0,0.0,0.0,0.0003,0.0,0.0,0.0,0.0,0.0,0.0004,-0.0004,0.0093,0.0,0.0,-0.0001,0.0,0.0313,4.712,0.7069,0.0111,0.0111,-0.7072,0.8112,3.1595,0.0592
open_plane_static_repeat_1_retry_20260913,1784,203,5380618654284,199,199,True,5380620520132,204,5.078,5079,27348,0.0,0.0,False,0.0,0.0,202,0.0,0.0,0.0,0.0003,0.0,0.0,0.0,0.0,0.0,0.0002,-0.0004,0.0024,0.0,0.0,-0.0001,0.0,0.0313,4.712,0.7069,0.0111,0.0111,-0.7072,0.8112,3.1595,0.0592
open_plane_static_repeat_1_retry_20260913,1793,204,5380643518421,200,200,True,5380645719389,205,5.103,5104,27488,0.0,0.0,False,0.0,0.0,203,0.0,0.0,0.0001,0.0003,0.0,0.0,0.0,0.0,0.0,-0.0001,-0.0022,0.0009,0.0,0.0,-0.0002,0.0,0.0313,4.712,0.7069,0.0111,0.0111,-0.7072,0.8113,3.1595,0.0592
open_plane_static_repeat_1_retry_20260913,1802,205,5380668580198,201,201,True,5380670663205,206,5.12800026,5129,27625,0.0,0.0,False,0.0,0.0,204,0.0,0.0,0.0,0.0002,0.0,0.0,0.0,0.0,0.0,0.001,-0.0009,0.0025,0.0,0.0,-0.0001,0.0,0.0314,4.712,0.7069,0.0111,0.0111,-0.7072,0.8113,3.1595,0.0592
open_plane_static_repeat_1_retry_20260913,1811,206,5380693584408,202,202,True,5380695871658,207,5.15300035,5154,27741,0.0,0.0,False,0.0,0.0,205,0.0,0.0,0.0,0.0002,0.0,0.0,0.0,0.0,0.0,0.0,-0.0006,0.0022,0.0,0.0,-0.0001,0.0,0.0314,4.712,0.7069,0.0111,0.0111,-0.7072,0.8113,3.1595,0.0592
open_plane_static_repeat_1_retry_20260913,1819,207,5380718690950,203,203,True,5380720639153,208,5.17800045,5179,27874,0.0,0.0,False,0.0,0.0,206,0.0,0.0,0.0,0.0002,0.0,0.0,0.0,0.0,0.0,0.0002,-0.0008,-0.0158,0.0,0.0,-0.0001,0.0,0.0314,4.712,0.7069,0.0111,0.0111,-0.7072,0.8114,3.1595,0.0592
open_plane_static_repeat_1_retry_20260913,1828,208,5380743599189,204,204,True,5380745736387,209,5.203,5204,27996,0.0,0.0,False,0.0,0.0,207,0.0,0.0,0.0,0.0002,0.0,0.0,0.0,0.0,0.0,0.0006,0.0,-0.0051,0.0,0.0,-0.0001,0.0,0.0314,4.712,0.7069,0.0111,0.0111,-0.7072,0.8114,3.1595,0.0592
open_plane_static_repeat_1_retry_20260913,1838,209,5380768785982,205,205,True,5380771485978,210,5.228,5229,28126,0.0,0.0,False,0.0,0.0,208,0.0,0.0,0.0,0.0001,0.0,0.0,0.0,0.0,0.0,0.0004,-0.0001,-0.0219,0.0,0.0,-0.0001,0.0,0.0314,4.712,0.7069,0.0111,0.0111,-0.7072,0.8114,3.1595,0.0592
open_plane_static_repeat_1_retry_20260913,1845,210,5380794323545,206,206,True,5380797024372,211,5.254,5255,28255,0.0,0.0,False,0.0,0.0,209,0.0,0.0,0.0,0.0002,0.0,0.0,0.0,0.0,0.0,0.0002,-0.0001,0.0026,0.0,0.0,-0.0001,0.0,0.0314,4.712,0.7069,0.0111,0.0111,-0.7072,0.8114,3.1595,0.0592
open_plane_static_repeat_1_retry_20260913,1855,211,5380818526267,207,207,True,5380820683283,212,5.27800035,5279,28374,0.0,0.0,False,0.0,0.0,210,0.0,0.0,0.0,0.0002,0.0,0.0,0.0,0.0,0.0,0.0006,-0.0001,0.0013,0.0,0.0,-0.0001,0.0,0.0314,4.712,0.7069,0.0111,0.0111,-0.7072,0.8115,3.1595,0.0592
open_plane_static_repeat_1_retry_20260913,1864,212,5380843579709,208,208,True,5380845677854,213,5.30300045,5304,28521,0.0,0.0,False,0.0,0.0,211,0.0,0.0,0.0,0.0002,0.0,0.0,0.0,0.0,0.0,0.0002,0.0,-0.0122,0.0,0.0,-0.0001,0.0,0.0314,4.712,0.7069,0.0111,0.0111,-0.7072,0.8115,3.1595,0.0592
open_plane_static_repeat_1_retry_20260913,1874,213,5380869405944,209,209,True,5380872050176,214,5.327,5328,28665,0.0,0.0,False,0.0,0.0,212,0.0,0.0,0.0,0.0002,0.0,0.0,0.0,0.0,0.0,0.0012,0.0003,-0.0091,0.0,0.0,-0.0001,0.0,0.0314,4.712,0.7069,0.0111,0.0111,-0.7072,0.8115,3.1595,0.0592
open_plane_static_repeat_1_retry_20260913,1883,214,5380893866171,210,210,True,5380895640607,215,5.353,5354,28794,0.0,0.0,False,0.0,0.0,213,0.0,0.0,0.0001,0.0001,0.0,0.0,0.0,0.0,0.0,-0.0003,-0.0008,0.0107,0.0,0.0,-0.0001,0.0,0.0314,4.712,0.7069,0.0111,0.0111,-0.7072,0.8116,3.1595,0.0592
open_plane_static_repeat_1_retry_20260913,1892,215,5380918495476,211,211,True,5380920775603,216,5.37800026,5379,28926,0.0,0.0,False,0.0,0.0,214,0.0,0.0,0.0,0.0002,0.0,0.0,0.0,0.0,0.0,0.0004,0.0,-0.0132,0.0,0.0,-0.0002,0.0,0.0314,4.712,0.7069,0.0111,0.0111,-0.7072,0.8116,3.1595,0.0592
open_plane_static_repeat_1_retry_20260913,1901,216,5380943702056,212,212,True,5380945623919,217,5.40300035,5404,29061,0.0,0.0,False,0.0,0.0,215,0.0,0.0,0.0,0.0002,0.0,0.0,0.0,0.0,0.0,-0.0004,-0.0001,0.0085,0.0,0.0,-0.0001,0.0,0.0314,4.712,0.7069,0.0111,0.0111,-0.7072,0.8116,3.1595,0.0592
open_plane_static_repeat_1_retry_20260913,1909,217,5380968663355,213,213,True,5380970640682,218,5.42800045,5429,29195,0.0,0.0,False,0.0,0.0,216,0.0,0.0,0.0,0.0002,0.0,0.0,0.0,0.0,0.0,-0.0002,-0.0002,0.003,0.0,0.0,-0.0001,0.0,0.0314,4.712,0.7069,0.0111,0.0111,-0.7072,0.8116,3.1595,0.0592
open_plane_static_repeat_1_retry_20260913,1919,218,5380993490492,214,214,True,5380995569460,219,5.453,5454,29335,0.0,0.0,False,0.0,0.0,217,0.0,0.0,0.0,0.0002,0.0,0.0,0.0,0.0,0.0,0.0004,-0.0005,-0.0014,0.0,0.0,-0.0002,0.0,0.0314,4.712,0.7069,0.0111,0.0111,-0.7072,0.8117,3.1595,0.0592
open_plane_static_repeat_1_retry_20260913,1927,219,5381019396477,215,215,True,5381021660684,220,5.479,5480,29470,0.0,0.0,False,0.0,0.0,218,0.0,0.0,0.0,0.0001,0.0,0.0,0.0,0.0,0.0,-0.0001,-0.0001,-0.0017,0.0,0.0,-0.0001,0.0,0.0314,4.712,0.7069,0.0111,0.0111,-0.7072,0.8117,3.1595,0.0592
open_plane_static_repeat_1_retry_20260913,1937,220,5381043590343,216,216,True,5381045626090,221,5.50300026,5504,29587,0.0,0.0,False,0.0,0.0,219,0.0,0.0,0.0,0.0001,0.0,0.0,0.0,0.0,0.0,0.0002,-0.0004,0.0009,0.0,0.0,-0.0001,0.0,0.0314,4.712,0.7069,0.0111,0.0111,-0.7072,0.8117,3.1595,0.0592
open_plane_static_repeat_1_retry_20260913,1945,221,5381068917119,217,217,True,5381070763109,222,5.52800035,5529,29695,0.0,0.0,False,0.0,0.0,220,0.0,0.0,0.0,0.0001,0.0,0.0,0.0,0.0,0.0,-0.0011,0.0002,0.0108,0.0,0.0,-0.0001,0.0,0.0314,4.712,0.7069,0.0111,0.0111,-0.7072,0.8118,3.1595,0.0592
open_plane_static_repeat_1_retry_20260913,1955,222,5381093994035,218,218,True,5381095890551,223,5.551,5552,29804,0.0,0.0,False,0.0,0.0,221,0.0,0.0,0.0,0.0001,0.0,0.0,0.0,0.0,0.0,-0.0009,0.0004,0.0248,0.0,0.0,-0.0001,0.0,0.0314,4.712,0.7069,0.0111,0.0111,-0.7072,0.8118,3.1595,0.0592
open_plane_static_repeat_1_retry_20260913,1964,223,5381118884661,219,219,True,5381120597732,224,5.578,5579,29932,0.0,0.0,False,0.0,0.0,222,0.0,0.0,0.0,0.0001,0.0,0.0,0.0,0.0,0.0,0.001,0.0,-0.0206,0.0,0.0,-0.0001,0.0,0.0314,4.712,0.7069,0.0111,0.0111,-0.7072,0.8118,3.1595,0.0592
open_plane_static_repeat_1_retry_20260913,1973,224,5381143511401,220,220,True,5381145654220,225,5.603,5604,30066,0.0,0.0,False,0.0,0.0,223,0.0,0.0,0.0,0.0001,0.0,0.0,0.0,0.0,0.0,-0.0002,0.0005,-0.0146,0.0,0.0,-0.0001,0.0,0.0314,4.712,0.7069,0.0111,0.0111,-0.7072,0.8118,3.1595,0.0592
open_plane_static_repeat_1_retry_20260913,1982,225,5381168568891,221,221,True,5381170612894,226,5.62800026,5629,30201,0.0,0.0,False,0.0,0.0,224,0.0,0.0,0.0001,0.0001,0.0,0.0,0.0,0.0,0.0,0.0,-0.0007,0.0055,0.0,0.0,-0.0001,0.0,0.0314,4.712,0.7069,0.0111,0.0111,-0.7072,0.8119,3.1595,0.0592
open_plane_static_repeat_1_retry_20260913,1991,226,5381194329392,222,222,True,5381196735837,227,5.65400028,5655,30327,0.0,0.0,False,0.0,0.0,225,0.0,0.0,0.0,0.0001,0.0,0.0,0.0,0.0,0.0,0.0006,-0.0001,-0.0099,0.0,0.0,-0.0001,0.0,0.0314,4.712,0.7069,0.0111,0.0111,-0.7072,0.8119,3.1595,0.0592
open_plane_static_repeat_1_retry_20260913,2000,227,5381219135109,223,223,True,5381221592629,228,5.67900038,5680,30462,0.0,0.0,False,0.0,0.0,226,0.0,0.0,0.0,0.0001,0.0,0.0,0.0,0.0,0.0,0.0001,0.0001,0.0057,0.0,0.0,-0.0001,0.0,0.0314,4.712,0.7069,0.0111,0.0111,-0.7072,0.8119,3.1595,0.0592
open_plane_static_repeat_1_retry_20260913,2009,228,5381244353291,224,224,True,5381246619291,229,5.70400047,5705,30598,0.0,0.0,False,0.0,0.0,227,0.0,0.0,0.0,0.0001,0.0,0.0,0.0,0.0,0.0,0.0006,0.0003,-0.0059,0.0,0.0,-0.0001,0.0,0.0314,4.712,0.7069,0.0111,0.0111,-0.7072,0.812,3.1595,0.0592
open_plane_static_repeat_1_retry_20260913,2017,229,5381268799511,225,225,True,5381270782740,230,5.728,5729,30717,0.0,0.0,False,0.0,0.0,228,0.0,0.0,0.0,0.0001,0.0,0.0,0.0,0.0,0.0,-0.0011,0.0008,0.0125,0.0,0.0,-0.0001,0.0,0.0314,4.712,0.7069,0.0111,0.0111,-0.7072,0.812,3.1595,0.0592
open_plane_static_repeat_1_retry_20260913,2026,230,5381293666713,226,226,True,5381295980152,231,5.75300026,5754,30851,0.0,0.0,False,0.0,0.0,229,0.0,0.0,0.0001,0.0001,0.0,0.0,0.0,0.0,0.0,0.0001,-0.0005,0.0001,0.0,0.0,-0.0001,0.0,0.0314,4.712,0.7069,0.0111,0.0111,-0.7072,0.812,3.1595,0.0592
open_plane_static_repeat_1_retry_20260913,2036,231,5381318854879,227,227,True,5381320605460,232,5.77800035,5779,30985,0.0,0.0,False,0.0,0.0,230,0.0,0.0,0.0,0.0001,0.0,0.0,0.0,0.0,0.0,0.0008,0.0004,0.0025,0.0,0.0,-0.0001,0.0,0.0314,4.712,0.7069,0.0111,0.0111,-0.7072,0.812,3.1595,0.0592
open_plane_static_repeat_1_retry_20260913,2045,232,5381343561218,228,228,True,5381345844671,233,5.80300045,5804,31116,0.0,0.0,False,0.0,0.0,231,0.0,0.0,0.0,0.0001,0.0,0.0,0.0,0.0,0.0,-0.0001,0.0004,-0.0034,0.0,0.0,-0.0001,0.0,0.0314,4.712,0.7069,0.0111,0.0111,-0.7072,0.8121,3.1595,0.0592
open_plane_static_repeat_1_retry_20260913,2054,233,5381368885730,229,229,True,5381370682458,234,5.828,5829,31233,0.0,0.0,False,0.0,0.0,232,0.0,0.0,0.0,0.0001,0.0,0.0,0.0,0.0,0.0,0.0007,0.0002,-0.0159,0.0,0.0,-0.0001,0.0,0.0314,4.712,0.7069,0.0111,0.0111,-0.7072,0.8121,3.1595,0.0592
open_plane_static_repeat_1_retry_20260913,2062,234,5381394461805,230,230,True,5381397313706,235,5.854,5855,31383,0.0,0.0,False,0.0,0.0,233,0.0,0.0,0.0,0.0001,0.0,0.0,0.0,0.0,0.0,0.0006,0.0002,-0.0024,0.0,0.0,-0.0002,0.0,0.0314,4.712,0.7069,0.0111,0.0111,-0.7072,0.8121,3.1595,0.0592
open_plane_static_repeat_1_retry_20260913,2071,235,5381419402415,231,231,True,5381421693141,236,5.879,5880,31507,0.0,0.0,False,0.0,0.0,234,0.0,0.0,0.0,0.0001,0.0,0.0,0.0,0.0,0.0,-0.0002,-0.0003,0.0024,0.0,0.0,-0.0001,0.0,0.0314,4.712,0.7069,0.0111,0.0111,-0.7072,0.8122,3.1595,0.0592
open_plane_static_repeat_1_retry_20260913,2081,236,5381443839899,232,232,True,5381445763956,237,5.90300035,5904,31628,0.0,0.0,False,0.0,0.0,235,0.0,0.0,0.0,0.0001,0.0,0.0,0.0,0.0,0.0,0.0002,-0.0004,0.0,0.0,0.0,-0.0001,0.0,0.0314,4.712,0.7069,0.0111,0.0111,-0.7072,0.8122,3.1595,0.0592
open_plane_static_repeat_1_retry_20260913,2089,237,5381468680711,233,233,True,5381470461459,238,5.926,5927,31737,0.0,0.0,False,0.0,0.0,236,0.0,0.0,0.0001,0.0001,0.0,0.0,0.0,0.0,0.0,-0.001,0.0,0.0207,0.0,0.0,-0.0001,0.0,0.0314,4.712,0.7069,0.0111,0.0111,-0.7072,0.8122,3.1595,0.0592
open_plane_static_repeat_1_retry_20260913,2098,238,5381493539778,234,234,True,5381495770552,239,5.953,5954,31863,0.0,0.0,False,0.0,0.0,237,0.0,0.0,0.0,0.0001,0.0,0.0,0.0,0.0,0.0,0.0,0.0006,-0.0021,0.0,0.0,0.0,0.0,0.0314,4.712,0.7069,0.0111,0.0111,-0.7072,0.8122,3.1595,0.0592
open_plane_static_repeat_1_retry_20260913,2108,239,5381518710671,235,235,True,5381520748923,240,5.978,5979,31987,0.0,0.0,False,0.0,0.0,238,0.0,0.0,0.0,0.0001,0.0,0.0,0.0,0.0,0.0,0.0003,-0.0002,0.0046,0.0,0.0,-0.0001,0.0,0.0314,4.712,0.7069,0.0111,0.0111,-0.7072,0.8122,3.1595,0.0592
open_plane_static_repeat_1_retry_20260913,2117,240,5381543838994,236,236,True,5381545666099,241,6.00300026,6004,32113,0.0,0.0,False,0.0,0.0,239,0.0,0.0,0.0,0.0001,0.0,0.0,0.0,0.0,0.0,0.0006,0.0001,-0.0034,0.0,0.0,-0.0001,0.0,0.0314,4.712,0.7069,0.0111,0.0111,-0.7072,0.8123,3.1595,0.0592
open_plane_static_repeat_1_retry_20260913,2126,241,5381568752072,237,237,True,5381570624923,242,6.02800035,6029,32243,0.0,0.0,False,0.0,0.0,240,0.0,0.0,0.0,0.0001,0.0,0.0,0.0,0.0,0.0,0.001,0.0,-0.0155,0.0,0.0,-0.0001,0.0,0.0314,4.712,0.7069,0.0111,0.0111,-0.7072,0.8123,3.1595,0.0592
open_plane_static_repeat_1_retry_20260913,2135,242,5381593823218,238,238,True,5381595752815,243,6.05300045,6054,32372,0.0,0.0,False,0.0,0.0,241,0.0,0.0,0.0001,0.0001,0.0,0.0,0.0,0.0,0.0,0.0008,-0.0004,-0.0036,0.0,0.0,-0.0002,0.0,0.0314,4.712,0.7069,0.0111,0.0111,-0.7072,0.8123,3.1595,0.0592
open_plane_static_repeat_1_retry_20260913,2143,243,5381618722840,239,239,True,5381620748829,244,6.078,6079,32496,0.0,0.0,False,0.0,0.0,242,0.0,0.0,0.0,0.0001,0.0,0.0,0.0,0.0,0.0,0.0003,0.0003,-0.0049,0.0,0.0,-0.0002,0.0,0.0314,4.712,0.7069,0.0111,0.0111,-0.7072,0.8124,3.1595,0.0592
open_plane_static_repeat_1_retry_20260913,2153,244,5381643686273,240,240,True,5381645621632,245,6.103,6104,32631,0.0,0.0,False,0.0,0.0,243,0.0,0.0,0.0001,0.0001,0.0,0.0,0.0,0.0,0.0,0.0005,-0.0008,-0.0099,0.0,0.0,-0.0001,0.0,0.0314,4.712,0.7069,0.0111,0.0111,-0.7072,0.8124,3.1595,0.0592
open_plane_static_repeat_1_retry_20260913,2161,245,5381668602998,241,241,True,5381670582199,246,6.12800026,6129,32757,0.0,0.0,False,0.0,0.0,244,0.0,0.0,0.0,0.0001,0.0,0.0,0.0,0.0,0.0,0.0002,-0.0003,-0.006,0.0,0.0,-0.0001,0.0,0.0314,4.712,0.7069,0.0111,0.0111,-0.7072,0.8124,3.1595,0.0592
open_plane_static_repeat_1_retry_20260913,2170,246,5381694082812,242,242,True,5381696525324,247,6.15400028,6155,32874,0.0,0.0,False,0.0,0.0,245,0.0,0.0,0.0,0.0001,0.0,0.0,0.0,0.0,0.0,0.0001,-0.0006,0.0011,0.0,0.0,-0.0001,0.0,0.0314,4.712,0.7069,0.0111,0.0111,-0.7072,0.8124,3.1595,0.0592
open_plane_static_repeat_1_retry_20260913,2179,247,5381718531387,243,243,True,5381720838034,248,6.17800045,6179,32998,0.0,0.0,False,0.0,0.0,246,0.0,0.0,0.0,0.0001,0.0,0.0,0.0,0.0,0.0,0.0007,0.0002,-0.021,0.0,0.0,-0.0001,0.0,0.0314,4.712,0.7069,0.0111,0.0111,-0.7072,0.8125,3.1595,0.0592
open_plane_static_repeat_1_retry_20260913,2188,248,5381743658277,244,244,True,5381745879864,249,6.203,6204,33123,0.0,0.0,False,0.0,0.0,247,0.0,0.0,0.0001,0.0001,0.0,0.0,0.0,0.0,0.0,0.0003,-0.0004,-0.0077,0.0,0.0,-0.0001,0.0,0.0314,4.712,0.7069,0.0111,0.0111,-0.7072,0.8125,3.1595,0.0592
open_plane_static_repeat_1_retry_20260913,2197,249,5381768756043,245,245,True,5381770899773,250,6.228,6229,33255,0.0,0.0,False,0.0,0.0,248,0.0,0.0,0.0,0.0001,0.0,0.0,0.0,0.0,0.0,0.0005,-0.0004,-0.0096,0.0,0.0,-0.0002,0.0,0.0314,4.712,0.7069,0.0111,0.0111,-0.7072,0.8125,3.1595,0.0592
open_plane_static_repeat_1_retry_20260913,2207,250,5381793647791,246,246,True,5381795842057,251,6.25300026,6254,33395,0.0,0.0,False,0.0,0.0,249,0.0,0.0,0.0,0.0001,0.0,0.0,0.0,0.0,0.0,-0.0003,0.0002,-0.0004,0.0,0.0,-0.0001,0.0,0.0314,4.712,0.7069,0.0111,0.0111,-0.7072,0.8125,3.1595,0.0592
open_plane_static_repeat_1_retry_20260913,2215,251,5381818929382,247,247,True,5381820655818,252,6.27800035,6279,33527,0.0,0.0,False,0.0,0.0,250,0.0,0.0,0.0,0.0002,0.0,0.0,0.0,0.0,0.0,0.0005,0.0002,-0.0135,0.0,0.0,-0.0001,0.0,0.0313,4.712,0.7069,0.0111,0.0111,-0.7072,0.8126,3.1595,0.0592
open_plane_static_repeat_1_retry_20260913,2224,252,5381843839264,248,248,True,5381845633508,253,6.30300045,6304,33660,0.0,0.0,False,0.0,0.0,251,0.0,0.0,-0.0001,0.0003,0.0,0.0,0.0,0.0,0.0,0.0014,-0.0005,-0.0336,0.0,0.0,-0.0001,0.0,0.0313,4.712,0.7069,0.0111,0.0111,-0.7072,0.8126,3.1595,0.0592
open_plane_static_repeat_1_retry_20260913,2234,253,5381868961095,249,249,True,5381871823857,254,6.327,6328,33785,0.0,0.0,False,0.0,0.0,252,0.0,0.0,0.0,0.0003,0.0,0.0,0.0,0.0,0.0,0.0007,0.0002,0.0004,0.0,0.0,-0.0001,0.0,0.0313,4.712,0.7069,0.0111,0.0111,-0.7072,0.8126,3.1595,0.0592
open_plane_static_repeat_1_retry_20260913,2242,254,5381893472128,250,250,True,5381895530828,255,6.353,6354,33916,0.0,0.0,False,0.0,0.0,253,0.0,0.0,0.0,0.0002,0.0,0.0,0.0,0.0,0.0,0.0,-0.0009,-0.0053,0.0,0.0,-0.0002,0.0,0.0313,4.712,0.7069,0.0111,0.0111,-0.7072,0.8126,3.1595,0.0592
open_plane_static_repeat_1_retry_20260913,2252,255,5381919397930,251,251,True,5381921593097,256,6.379,6380,34052,0.0,0.0,False,0.0,0.0,254,0.0,0.0,0.0,0.0003,0.0,0.0,0.0,0.0,0.0,0.0,0.0001,0.0031,0.0,0.0,-0.0001,0.0,0.0313,4.712,0.7069,0.0111,0.0111,-0.7072,0.8127,3.1595,0.0592
open_plane_static_repeat_1_retry_20260913,2261,256,5381944461491,252,252,True,5381946578030,257,6.40400028,6405,34182,0.0,0.0,False,0.0,0.0,255,0.0,0.0,0.0,0.0003,0.0,0.0,0.0,0.0,0.0,0.0,-0.0005,0.0002,0.0,0.0,-0.0001,0.0,0.0313,4.712,0.7069,0.0111,0.0111,-0.7072,0.8127,3.1595,0.0592
open_plane_static_repeat_1_retry_20260913,2270,257,5381969478915,253,253,True,5381971573974,258,6.42900038,6430,34307,0.0,0.0,False,0.0,0.0,256,0.0,0.0,0.0,0.0003,0.0,0.0,0.0,0.0,0.0,0.0002,0.0011,-0.0058,0.0,0.0,-0.0001,0.0,0.0313,4.712,0.7069,0.0111,0.0111,-0.7072,0.8127,3.1595,0.0592
open_plane_static_repeat_1_retry_20260913,2279,258,5381993818986,254,254,True,5381995667151,259,6.453,6454,34436,0.0,0.0,False,0.0,0.0,257,0.0,0.0,0.0,0.0003,0.0,0.0,0.0,0.0,0.0,0.0009,0.0007,-0.0055,0.0,0.0,-0.0001,0.0,0.0313,4.712,0.7069,0.0111,0.0111,-0.7072,0.8127,3.1595,0.0592
open_plane_static_repeat_1_retry_20260913,2288,259,5382018859384,255,255,True,5382021390984,260,6.478,6479,34571,0.0,0.0,False,0.0,0.0,258,0.0,0.0,0.0,0.0003,0.0,0.0,0.0,0.0,0.0,0.0007,-0.0005,-0.0208,0.0,0.0,-0.0002,0.0,0.0313,4.712,0.7069,0.0111,0.0111,-0.7072,0.8128,3.1595,0.0592
open_plane_static_repeat_1_retry_20260913,2296,260,5382044220174,256,256,True,5382046764828,261,6.504,6505,34702,0.0,0.0,False,0.0,0.0,259,0.0,0.0,0.0,0.0001,0.0,0.0,0.0,0.0,0.0,0.0005,-0.0001,0.0022,0.0,0.0,-0.0001,0.0,0.0314,4.712,0.7069,0.0111,0.0111,-0.7072,0.8128,3.1595,0.0592
open_plane_static_repeat_1_retry_20260913,2306,261,5382069112002,257,257,True,5382071584080,262,6.52900028,6530,34823,0.0,0.0,False,0.0,0.0,260,0.0,0.0,0.0,0.0002,0.0,0.0,0.0,0.0,0.0,0.0013,0.0002,-0.0192,0.0,0.0,-0.0001,0.0,0.0314,4.712,0.7069,0.0111,0.0111,-0.7072,0.8128,3.1595,0.0592
open_plane_static_repeat_1_retry_20260913,2314,262,5382093626431,258,258,True,5382095696954,263,6.55300045,6554,34955,0.0,0.0,False,0.0,0.0,261,0.0,0.0,0.0,0.0001,0.0,0.0,0.0,0.0,0.0,0.0006,0.0003,-0.007,0.0,0.0,-0.0001,0.0,0.0314,4.712,0.7069,0.0111,0.0111,-0.7072,0.8128,3.1595,0.0592
open_plane_static_repeat_1_retry_20260913,2323,263,5382118551842,259,259,True,5382120667180,264,6.57800055,6579,35098,0.0,0.0,False,0.0,0.0,262,0.0,0.0,0.0001,0.0002,0.0,0.0,0.0,0.0,0.0,0.0001,-0.0008,0.002,0.0,0.0,-0.0001,0.0,0.0314,4.712,0.7069,0.0111,0.0111,-0.7072,0.8129,3.1595,0.0592
open_plane_static_repeat_1_retry_20260913,2331,264,5382143486431,260,260,True,5382145662583,265,6.603,6604,35236,0.0,0.0,False,0.0,0.0,263,0.0,0.0,0.0,0.0001,0.0,0.0,0.0,0.0,0.0,-0.0003,0.0003,-0.0141,0.0,0.0,-0.0001,0.0,0.0314,4.712,0.7069,0.0111,0.0111,-0.7072,0.8129,3.1595,0.0592
open_plane_static_repeat_1_retry_20260913,2341,265,5382168593013,261,261,True,5382170644510,266,6.62800026,6629,35371,0.0,0.0,False,0.0,0.0,264,0.0,0.0,0.0,0.0001,0.0,0.0,0.0,0.0,0.0,-0.0003,-0.0001,-0.0043,0.0,0.0,-0.0001,0.0,0.0314,4.712,0.7069,0.0111,0.0111,-0.7072,0.8129,3.1595,0.0592
open_plane_static_repeat_1_retry_20260913,2351,266,5382193538493,262,262,True,5382195757895,267,6.65300035,6654,35502,0.0,0.0,False,0.0,0.0,265,0.0,0.0,0.0,0.0002,0.0,0.0,0.0,0.0,0.0,0.0004,-0.0006,-0.0132,0.0,0.0,-0.0001,0.0,0.0314,4.712,0.7069,0.0111,0.0111,-0.7072,0.813,3.1595,0.0592
open_plane_static_repeat_1_retry_20260913,2359,267,5382218736907,263,263,True,5382220721949,268,6.67800045,6679,35637,0.0,0.0,False,0.0,0.0,266,0.0,0.0,0.0,0.0001,0.0,0.0,0.0,0.0,0.0,-0.0004,-0.0002,0.0043,0.0,0.0,-0.0001,0.0,0.0314,4.712,0.7069,0.0111,0.0111,-0.7072,0.813,3.1595,0.0592
open_plane_static_repeat_1_retry_20260913,2369,268,5382243743992,264,264,True,5382245779669,269,6.70300055,6704,35763,0.0,0.0,False,0.0,0.0,267,0.0,0.0,0.0,0.0001,0.0,0.0,0.0,0.0,0.0,0.0007,-0.0003,0.0012,0.0,0.0,0.0,0.0,0.0314,4.712,0.7069,0.0111,0.0111,-0.7072,0.813,3.1595,0.0592
open_plane_static_repeat_1_retry_20260913,2377,269,5382268670365,265,265,True,5382270664535,270,6.728,6729,35891,0.0,0.0,False,0.0,0.0,268,0.0,0.0,0.0001,0.0001,0.0,0.0,0.0,0.0,0.0,0.0002,-0.0005,0.0017,0.0,0.0,-0.0001,0.0,0.0314,4.712,0.7069,0.0111,0.0111,-0.7072,0.8131,3.1595,0.0592
open_plane_static_repeat_1_retry_20260913,2386,270,5382293470121,266,266,True,5382295650971,271,6.75300026,6754,36030,0.0,0.0,False,0.0,0.0,269,0.0,0.0,0.0,0.0001,0.0,0.0,0.0,0.0,0.0,0.0005,0.0,-0.0065,0.0,0.0,-0.0001,0.0,0.0314,4.712,0.7069,0.0111,0.0111,-0.7072,0.8131,3.1595,0.0592
open_plane_static_repeat_1_retry_20260913,2395,271,5382318581101,267,267,True,5382320566223,272,6.77800035,6779,36164,0.0,0.0,False,0.0,0.0,270,0.0,0.0,0.0,0.0001,0.0,0.0,0.0,0.0,0.0,-0.0003,0.0,0.0029,0.0,0.0,-0.0001,0.0,0.0314,4.712,0.7069,0.0111,0.0111,-0.7072,0.8131,3.1595,0.0592
open_plane_static_repeat_1_retry_20260913,2404,272,5382343521681,268,268,True,5382345612071,273,6.80300045,6804,36291,0.0,0.0,False,0.0,0.0,271,0.0,0.0,0.0,0.0001,0.0,0.0,0.0,0.0,0.0,0.001,-0.0004,-0.0189,0.0,0.0,-0.0001,0.0,0.0314,4.712,0.7069,0.0111,0.0111,-0.7072,0.8131,3.1595,0.0592
open_plane_static_repeat_1_retry_20260913,2413,273,5382368448435,269,269,True,5382370618214,274,6.82800055,6829,36429,0.0,0.0,False,0.0,0.0,272,0.0,0.0,0.0,0.0001,0.0,0.0,0.0,0.0,0.0,0.0,-0.0004,0.0019,0.0,0.0,-0.0001,0.0,0.0314,4.712,0.7069,0.0111,0.0111,-0.7072,0.8132,3.1595,0.0592
open_plane_static_repeat_1_retry_20260913,2423,274,5382394452264,270,270,True,5382396745125,275,6.854,6855,36576,0.0,0.0,False,0.0,0.0,273,0.0,0.0,0.0,0.0001,0.0,0.0,0.0,0.0,0.0,0.0009,0.0006,-0.0079,0.0,0.0,-0.0001,0.0,0.0314,4.712,0.7069,0.0111,0.0111,-0.7072,0.8132,3.1595,0.0592
open_plane_static_repeat_1_retry_20260913,2431,275,5382418919514,271,271,True,5382420679453,276,6.87800026,6879,36691,0.0,0.0,False,0.0,0.0,274,0.0,0.0,0.0,0.0001,0.0,0.0,0.0,0.0,0.0,0.0008,-0.0002,-0.0166,0.0,0.0,-0.0001,0.0,0.0314,4.712,0.7069,0.0111,0.0111,-0.7072,0.8132,3.1595,0.0592
open_plane_static_repeat_1_retry_20260913,2441,276,5382444136564,272,272,True,5382446759225,277,6.90400028,6905,36825,0.0,0.0,False,0.0,0.0,275,0.0,0.0,0.0,0.0001,0.0,0.0,0.0,0.0,0.0,0.001,0.0,-0.024,0.0,0.0,-0.0001,0.0,0.0314,4.712,0.7069,0.0111,0.0111,-0.7072,0.8133,3.1595,0.0592
open_plane_static_repeat_1_retry_20260913,2450,277,5382469116618,273,273,True,5382471690728,278,6.92900038,6930,36946,0.0,0.0,False,0.0,0.0,276,0.0,0.0,0.0,0.0001,0.0,0.0,0.0,0.0,0.0,0.0006,0.0002,-0.0185,0.0,0.0,-0.0001,0.0,0.0314,4.712,0.7069,0.0111,0.0111,-0.7072,0.8133,3.1595,0.0592
open_plane_static_repeat_1_retry_20260913,2459,278,5382493534064,274,274,True,5382495679187,279,6.95300055,6954,37063,0.0,0.0,False,0.0,0.0,277,0.0,0.0,0.0,0.0001,0.0,0.0,0.0,0.0,0.0,0.0001,0.0006,0.0031,0.0,0.0,-0.0001,0.0,0.0314,4.712,0.7069,0.0111,0.0111,-0.7072,0.8133,3.1595,0.0592
open_plane_static_repeat_1_retry_20260913,2467,279,5382518490554,275,275,True,5382520677496,280,6.978,6979,37204,0.0,0.0,False,0.0,0.0,278,0.0,0.0,0.0,0.0001,0.0,0.0,0.0,0.0,0.0,0.0002,0.0009,-0.007,0.0,0.0,-0.0001,0.0,0.0314,4.712,0.7069,0.0111,0.0111,-0.7072,0.8133,3.1595,0.0592
open_plane_static_repeat_1_retry_20260913,2476,280,5382543518519,276,276,True,5382545742941,281,7.00300026,7004,37344,0.0,0.0,False,0.0,0.0,279,0.0,0.0,0.0,0.0001,0.0,0.0,0.0,0.0,0.0,-0.0005,0.0001,0.0074,0.0,0.0,-0.0001,0.0,0.0314,4.712,0.7069,0.0111,0.0111,-0.7072,0.8134,3.1595,0.0592
open_plane_static_repeat_1_retry_20260913,2486,281,5382568535162,277,277,True,5382570662972,282,7.02800035,7029,37482,0.0,0.0,False,0.0,0.0,280,0.0,0.0,0.0,0.0001,0.0,0.0,0.0,0.0,0.0,0.0004,0.0002,-0.0146,0.0,0.0,-0.0001,0.0,0.0314,4.712,0.7069,0.0111,0.0111,-0.7072,0.8134,3.1595,0.0592
open_plane_static_repeat_1_retry_20260913,2495,282,5382593634591,278,278,True,5382595599535,283,7.05300045,7054,37613,0.0,0.0,False,0.0,0.0,281,0.0,0.0,0.0,0.0003,0.0,0.0,0.0,0.0,0.0,0.0003,-0.0008,0.0079,0.0,0.0,-0.0001,0.0,0.0313,4.712,0.7069,0.0111,0.0111,-0.7072,0.8134,3.1595,0.0592
open_plane_static_repeat_1_retry_20260913,2503,283,5382618871818,279,279,True,5382620766901,284,7.07800055,7079,37756,0.0,0.0,False,0.0,0.0,282,0.0,0.0,0.0,0.0003,0.0,0.0,0.0,0.0,0.0,0.0011,-0.0005,-0.0217,0.0,0.0,-0.0001,0.0,0.0313,4.712,0.7069,0.0111,0.0111,-0.7072,0.8135,3.1595,0.0592
open_plane_static_repeat_1_retry_20260913,2513,284,5382643729463,280,280,True,5382647686091,285,7.102,7103,37881,0.0,0.0,False,0.0,0.0,283,0.0,0.0,0.0,0.0003,0.0,0.0,0.0,0.0,0.0,-0.0007,0.0001,0.0079,0.0,0.0,-0.0001,0.0,0.0313,4.712,0.7069,0.0111,0.0111,-0.7072,0.8135,3.1595,0.0592
open_plane_static_repeat_1_retry_20260913,2522,285,5382668986477,281,281,True,5382670652580,286,7.12800026,7129,37997,0.0,0.0,False,0.0,0.0,284,0.0,0.0,0.0,0.0002,0.0,0.0,0.0,0.0,0.0,0.0006,-0.0008,-0.0076,0.0,0.0,-0.0001,0.0,0.0314,4.712,0.7069,0.0111,0.0111,-0.7072,0.8135,3.1595,0.0592
open_plane_static_repeat_1_retry_20260913,2531,286,5382693722703,282,282,True,5382695736038,287,7.15300035,7154,38126,0.0,0.0,False,0.0,0.0,285,0.0,0.0,0.0,0.0001,0.0,0.0,0.0,0.0,0.0,-0.0004,0.0001,-0.0082,0.0,0.0,-0.0001,0.0,0.0314,4.712,0.7069,0.0111,0.0111,-0.7072,0.8135,3.1595,0.0592
open_plane_static_repeat_1_retry_20260913,2538,287,5382718977454,283,283,True,5382721595797,288,7.17900038,7180,38263,0.0,0.0,False,0.0,0.0,286,0.0,0.0,0.0,0.0001,0.0,0.0,0.0,0.0,0.0,-0.0001,0.0002,0.0038,0.0,0.0,-0.0001,0.0,0.0314,4.712,0.7069,0.0111,0.0111,-0.7072,0.8136,3.1595,0.0592
open_plane_static_repeat_1_retry_20260913,2548,288,5382743654448,284,284,True,5382745844145,289,7.20300055,7204,38384,0.0,0.0,False,0.0,0.0,287,0.0,0.0,0.0,0.0001,0.0,0.0,0.0,0.0,0.0,-0.0004,-0.0001,0.007,0.0,0.0,-0.0001,0.0,0.0314,4.712,0.7069,0.0111,0.0111,-0.7072,0.8136,3.1595,0.0592
open_plane_static_repeat_1_retry_20260913,2557,289,5382768845259,285,285,True,5382770843245,290,7.228,7229,38505,0.0,0.0,False,0.0,0.0,288,0.0,0.0,0.0,0.0001,0.0,0.0,0.0,0.0,0.0,-0.0002,0.0,-0.0067,0.0,0.0,0.0,0.0,0.0314,4.712,0.7069,0.0111,0.0111,-0.7072,0.8136,3.1595,0.0592
open_plane_static_repeat_1_retry_20260913,2567,290,5382793743439,286,286,True,5382795565224,291,7.25300026,7254,38642,0.0,0.0,False,0.0,0.0,289,0.0,0.0,0.0,0.0001,0.0,0.0,0.0,0.0,0.0,-0.0001,-0.0003,-0.0091,0.0,0.0,-0.0001,0.0,0.0314,4.712,0.7069,0.0111,0.0111,-0.7072,0.8136,3.1595,0.0592
open_plane_static_repeat_1_retry_20260913,2575,291,5382819339341,287,287,True,5382821561719,292,7.27900028,7280,38785,0.0,0.0,False,0.0,0.0,290,0.0,0.0,0.0,0.0001,0.0,0.0,0.0,0.0,0.0,0.0002,0.0003,0.0059,0.0,0.0,-0.0001,0.0,0.0314,4.712,0.7069,0.0111,0.0111,-0.7072,0.8137,3.1595,0.0592
open_plane_static_repeat_1_retry_20260913,2585,292,5382843499163,288,288,True,5382847080726,293,7.30200052,7303,38905,0.0,0.0,False,0.0,0.0,291,0.0,0.0,0.0,0.0001,0.0,0.0,0.0,0.0,0.0,0.0001,-0.0006,-0.0022,0.0,0.0,-0.0001,0.0,0.0314,4.712,0.7069,0.0111,0.0111,-0.7072,0.8137,3.1595,0.0592
open_plane_static_repeat_1_retry_20260913,2594,293,5382869102068,289,289,True,5382871886603,294,7.32900047,7330,39015,0.0,0.0,False,0.0,0.0,292,0.0,0.0,0.0,0.0001,0.0,0.0,0.0,0.0,0.0,0.0007,0.0004,-0.0034,0.0,0.0,-0.0001,0.0,0.0314,4.712,0.7069,0.0111,0.0111,-0.7072,0.8137,3.1595,0.0592
open_plane_static_repeat_1_retry_20260913,2603,294,5382893919266,290,290,True,5382896638869,295,7.35400057,7355,39137,0.0,0.0,False,0.0,0.0,293,0.0,0.0,0.0,0.0001,0.0,0.0,0.0,0.0,0.0,0.0003,-0.0003,-0.0034,0.0,0.0,-0.0001,0.0,0.0314,4.712,0.7069,0.0111,0.0111,-0.7072,0.8137,3.1595,0.0592
open_plane_static_repeat_1_retry_20260913,2612,295,5382918870456,291,291,True,5382920739369,296,7.37800026,7379,39250,0.0,0.0,False,0.0,0.0,294,0.0,0.0,0.0,0.0001,0.0,0.0,0.0,0.0,0.0,0.0005,0.0006,-0.0059,0.0,0.0,-0.0001,0.0,0.0314,4.712,0.7069,0.0111,0.0111,-0.7072,0.8138,3.1595,0.0592
open_plane_static_repeat_1_retry_20260913,2621,296,5382943739982,292,292,True,5382945587335,297,7.40300035,7404,39381,0.0,0.0,False,0.0,0.0,295,0.0,0.0,0.0,0.0001,0.0,0.0,0.0,0.0,0.0,0.0,0.0003,0.0081,0.0,0.0,-0.0001,0.0,0.0314,4.712,0.7069,0.0111,0.0111,-0.7072,0.8138,3.1595,0.0592
open_plane_static_repeat_1_retry_20260913,2629,297,5382968545548,293,293,True,5382970701041,298,7.42800045,7429,39511,0.0,0.0,False,0.0,0.0,296,0.0,0.0,0.0,0.0001,0.0,0.0,0.0,0.0,0.0,-0.0015,0.0013,0.0116,0.0,0.0,-0.0001,0.0,0.0314,4.712,0.7069,0.0111,0.0111,-0.7072,0.8138,3.1595,0.0592
open_plane_static_repeat_1_retry_20260913,2639,298,5382993608618,294,294,True,5382995677588,299,7.45300055,7454,39645,0.0,0.0,False,0.0,0.0,297,0.0,0.0,0.0,0.0001,0.0,0.0,0.0,0.0,0.0,0.0005,-0.0002,-0.0058,0.0,0.0,0.0,0.0,0.0314,4.712,0.7069,0.0111,0.0111,-0.7072,0.8139,3.1595,0.0592
open_plane_static_repeat_1_retry_20260913,2648,299,5383018717104,295,295,True,5383020638286,300,7.478,7479,39781,0.0,0.0,False,0.0,0.0,298,0.0,0.0,0.0,0.0003,0.0,0.0,0.0,0.0,0.0,0.0011,0.0001,-0.0112,0.0,0.0,0.0,0.0,0.0313,4.712,0.7069,0.0111,0.0111,-0.7072,0.8139,3.1595,0.0592
open_plane_static_repeat_1_retry_20260913,2656,300,5383043915829,296,296,True,5383046944073,301,7.504,7505,39917,0.0,0.0,False,0.0,0.0,299,0.0,0.0,0.0,0.0003,0.0,0.0,0.0,0.0,0.0,0.0008,-0.0001,-0.0161,0.0,0.0,0.0,0.0,0.0313,4.712,0.7069,0.0111,0.0111,-0.7072,0.8139,3.1595,0.0592
open_plane_static_repeat_1_retry_20260913,2665,301,5383068942231,297,297,True,5383071037510,302,7.52800035,7529,40023,0.0,0.0,False,0.0,0.0,300,0.0,0.0,0.0,0.0003,0.0,0.0,0.0,0.0,0.0,0.0006,-0.0004,-0.0127,0.0,0.0,0.0,0.0,0.0313,4.712,0.7069,0.0111,0.0111,-0.7072,0.8139,3.1595,0.0592
open_plane_static_repeat_1_retry_20260913,2675,302,5383094188786,298,298,True,5383096665913,303,7.55400038,7555,40145,0.0,0.0,False,0.0,0.0,301,0.0,0.0,0.0,0.0003,0.0,0.0,0.0,0.0,0.0,0.0002,-0.0004,0.004,0.0,0.0,0.0,0.0,0.0313,4.712,0.7069,0.0111,0.0111,-0.7072,0.8139,3.1595,0.0592
open_plane_static_repeat_1_retry_20260913,2684,303,5383118735726,299,299,True,5383120655045,304,7.57800055,7579,40254,0.0,0.0,False,0.0,0.0,302,0.0,0.0,0.0,0.0003,0.0,0.0,0.0,0.0,0.0,0.0001,0.0003,0.0014,0.0,0.0,0.0,0.0,0.0313,4.712,0.7069,0.0111,0.0111,-0.7072,0.814,3.1595,0.0592
open_plane_static_repeat_1_retry_20260913,2692,304,5383143635219,300,300,True,5383145762558,305,7.603,7604,40379,0.0,0.0,False,0.0,0.0,303,0.0,0.0,0.0,0.0003,0.0,0.0,0.0,0.0,0.0,-0.0003,0.0003,0.005,0.0,0.0,0.0,0.0,0.0313,4.712,0.7069,0.0111,0.0111,-0.7072,0.814,3.1595,0.0592
open_plane_static_repeat_1_retry_20260913,2701,305,5383168651180,301,301,True,5383170662051,306,7.62800026,7629,40506,0.0,0.0,False,0.0,0.0,304,0.0,0.0,0.0,0.0003,0.0,0.0,0.0,0.0,0.0,-0.0004,-0.0001,-0.011,0.0,0.0,-0.0001,0.0,0.0314,4.712,0.7069,0.0111,0.0111,-0.7072,0.814,3.1595,0.0592
open_plane_static_repeat_1_retry_20260913,2710,306,5383193807356,302,302,True,5383195963610,307,7.65300035,7654,40634,0.0,0.0,False,0.0,0.0,305,0.0,0.0,0.0,0.0002,0.0,0.0,0.0,0.0,0.0,-0.0006,0.0001,0.0229,0.0,0.0,-0.0001,0.0,0.0314,4.712,0.7069,0.0111,0.0111,-0.7072,0.814,3.1595,0.0592
open_plane_static_repeat_1_retry_20260913,2719,307,5383219066745,303,303,True,5383221639212,308,7.67900038,7680,40763,0.0,0.0,False,0.0,0.0,306,0.0,0.0,0.0,0.0002,0.0,0.0,0.0,0.0,0.0,0.0006,0.0003,-0.0113,0.0,0.0,-0.0001,0.0,0.0314,4.712,0.7069,0.0111,0.0111,-0.7072,0.8141,3.1596,0.0592
open_plane_static_repeat_1_retry_20260913,2729,308,5383244367212,304,304,True,5383246600440,309,7.70400047,7705,40906,0.0,0.0,False,0.0,0.0,307,0.0,0.0,0.0,0.0002,0.0,0.0,0.0,0.0,0.0,0.0,-0.0005,-0.0045,0.0,0.0,-0.0001,0.0,0.0314,4.712,0.7069,0.0111,0.0111,-0.7072,0.8141,3.1596,0.0592
open_plane_static_repeat_1_retry_20260913,2737,309,5383268858186,305,305,True,5383270840213,310,7.728,7729,41028,0.0,0.0,False,0.0,0.0,308,0.0,0.0,0.0,0.0002,0.0,0.0,0.0,0.0,0.0,0.0001,-0.0004,0.0008,0.0,0.0,-0.0001,0.0,0.0314,4.712,0.7069,0.0111,0.0111,-0.7072,0.8141,3.1596,0.0592
open_plane_static_repeat_1_retry_20260913,2746,310,5383293829574,306,306,True,5383295651109,311,7.75300026,7754,41160,0.0,0.0,False,0.0,0.0,309,0.0,0.0,0.0,0.0002,0.0,0.0,0.0,0.0,0.0,0.0002,0.0003,-0.0101,0.0,0.0,-0.0001,0.0,0.0314,4.712,0.7069,0.0111,0.0111,-0.7072,0.8141,3.1596,0.0592
open_plane_static_repeat_1_retry_20260913,2756,311,5383318480479,307,307,True,5383320583554,312,7.77800035,7779,41298,0.0,0.0,False,0.0,0.0,310,0.0,0.0,0.0,0.0002,0.0,0.0,0.0,0.0,0.0,0.0003,-0.0003,0.0046,0.0,0.0,-0.0001,0.0,0.0314,4.712,0.7069,0.0111,0.0111,-0.7072,0.8142,3.1596,0.0592
open_plane_static_repeat_1_retry_20260913,2765,312,5383343685136,308,308,True,5383345700876,313,7.80300045,7804,41435,0.0,0.0,False,0.0,0.0,311,0.0,0.0,0.0,0.0002,0.0,0.0,0.0,0.0,0.0,0.0008,-0.0004,-0.0061,0.0,0.0,-0.0001,0.0,0.0314,4.712,0.7069,0.0111,0.0111,-0.7072,0.8142,3.1596,0.0592
open_plane_static_repeat_1_retry_20260913,2774,313,5383368675219,309,309,True,5383370730884,314,7.82800055,7829,41577,0.0,0.0,False,0.0,0.0,312,0.0,0.0,0.0,0.0002,0.0,0.0,0.0,0.0,0.0,-0.0003,-0.0004,0.0034,0.0,0.0,-0.0001,0.0,0.0314,4.712,0.7069,0.0111,0.0111,-0.7072,0.8142,3.1596,0.0592
open_plane_static_repeat_1_retry_20260913,2782,314,5383393681453,310,310,True,5383395660163,315,7.853,7854,41715,0.0,0.0,False,0.0,0.0,313,0.0,0.0,0.0,0.0002,0.0,0.0,0.0,0.0,0.0,-0.0001,-0.0006,0.006,0.0,0.0,-0.0001,0.0,0.0314,4.712,0.7069,0.0111,0.0111,-0.7072,0.8143,3.1596,0.0592
open_plane_static_repeat_1_retry_20260913,2791,315,5383418629838,311,311,True,5383420742219,316,7.87800026,7879,41841,0.0,0.0,False,0.0,0.0,314,0.0,0.0,0.0,0.0001,0.0,0.0,0.0,0.0,0.0,0.0002,-0.0002,-0.0003,0.0,0.0,-0.0001,0.0,0.0314,4.712,0.7069,0.0111,0.0111,-0.7072,0.8143,3.1596,0.0592
open_plane_static_repeat_1_retry_20260913,2799,316,5383443654636,312,312,True,5383446747290,317,7.90200043,7903,41977,0.0,0.0,False,0.0,0.0,315,0.0,0.0,0.0,0.0001,0.0,0.0,0.0,0.0,0.0,0.0005,0.0,-0.007,0.0,0.0,-0.0001,0.0,0.0314,4.712,0.7069,0.0111,0.0111,-0.7072,0.8143,3.1596,0.0592
open_plane_static_repeat_1_retry_20260913,2809,317,5383468787557,313,313,True,5383470759825,318,7.92800045,7929,42114,0.0,0.0,False,0.0,0.0,316,0.0,0.0,0.0,0.0001,0.0,0.0,0.0,0.0,0.0,0.0002,0.0007,-0.0109,0.0,0.0,-0.0001,0.0,0.0314,4.712,0.7069,0.0111,0.0111,-0.7072,0.8144,3.1596,0.0592
open_plane_static_repeat_1_retry_20260913,2819,318,5383494166291,314,314,True,5383496705134,319,7.95400047,7955,42257,0.0,0.0,False,0.0,0.0,317,0.0,0.0,0.0,0.0001,0.0,0.0,0.0,0.0,0.0,-0.0005,0.0003,0.0132,0.0,0.0,-0.0001,0.0,0.0314,4.712,0.7069,0.0111,0.0111,-0.7072,0.8144,3.1596,0.0592
open_plane_static_repeat_1_retry_20260913,2827,319,5383518604957,315,315,True,5383520796508,320,7.978,7979,42386,0.0,0.0,False,0.0,0.0,318,0.0,0.0,0.0,0.0001,0.0,0.0,0.0,0.0,0.0,0.0002,0.0,0.0006,0.0,0.0,-0.0001,0.0,0.0314,4.712,0.7069,0.0111,0.0111,-0.7072,0.8144,3.1596,0.0592
open_plane_static_repeat_1_retry_20260913,2837,320,5383543599579,316,316,True,5383545749651,321,8.003,8004,42521,0.0,0.0,False,0.0,0.0,319,0.0,0.0,0.0,0.0001,0.0,0.0,0.0,0.0,0.0,-0.0006,0.0002,0.0031,0.0,0.0,-0.0001,0.0,0.0314,4.712,0.7069,0.0111,0.0111,-0.7072,0.8144,3.1596,0.0592
open_plane_static_repeat_1_retry_20260913,2845,321,5383568632132,317,317,True,5383570611944,322,8.028001,8029,42652,0.0,0.0,False,0.0,0.0,320,0.0,0.0,0.0,0.0003,0.0,0.0,0.0,0.0,0.0,0.0011,0.0002,-0.022,0.0,0.0,0.0,0.0,0.0313,4.712,0.7069,0.0111,0.0111,-0.7072,0.8145,3.1596,0.0592
open_plane_static_repeat_1_retry_20260913,2853,322,5383593568755,318,318,True,5383595758241,323,8.053,8054,42776,0.0,0.0,False,0.0,0.0,321,0.0,0.0,0.0,0.0002,0.0,0.0,0.0,0.0,0.0,0.0003,-0.0001,-0.0053,0.0,0.0,0.0,0.0,0.0313,4.712,0.7069,0.0111,0.0111,-0.7072,0.8145,3.1596,0.0592
open_plane_static_repeat_1_retry_20260913,2863,323,5383618719329,319,319,True,5383620674134,324,8.078,8079,42899,0.0,0.0,False,0.0,0.0,322,0.0,0.0,0.0,0.0003,0.0,0.0,0.0,0.0,0.0,-0.0001,0.0002,0.0075,0.0,0.0,0.0,0.0,0.0313,4.712,0.7069,0.0111,0.0111,-0.7072,0.8145,3.1596,0.0592
open_plane_static_repeat_1_retry_20260913,2872,324,5383643766580,320,320,True,5383645852231,325,8.103001,8104,43020,0.0,0.0,False,0.0,0.0,323,0.0,0.0,0.0,0.0002,0.0,0.0,0.0,0.0,0.0,0.0,-0.0002,-0.013,0.0,0.0,-0.0001,0.0,0.0314,4.712,0.7069,0.0111,0.0111,-0.7072,0.8145,3.1596,0.0592
open_plane_static_repeat_1_retry_20260913,2881,325,5383668720926,321,321,True,5383670618323,326,8.128,8129,43153,0.0,0.0,False,0.0,0.0,324,0.0,0.0,0.0,0.0002,0.0,0.0,0.0,0.0,0.0,0.0007,-0.0004,-0.0069,0.0,0.0,-0.0001,0.0,0.0314,4.712,0.7069,0.0111,0.0111,-0.7072,0.8146,3.1596,0.0592
open_plane_static_repeat_1_retry_20260913,2891,326,5383693544456,322,322,True,5383695770070,327,8.153001,8154,43292,0.0,0.0,False,0.0,0.0,325,0.0,0.0,0.0,0.0002,0.0,0.0,0.0,0.0,0.0,0.0008,0.0002,-0.0062,0.0,0.0,-0.0001,0.0,0.0314,4.712,0.7069,0.0111,0.0111,-0.7072,0.8146,3.1596,0.0592
open_plane_static_repeat_1_retry_20260913,2899,327,5383718727481,323,323,True,5383720794167,328,8.178,8179,43423,0.0,0.0,False,0.0,0.0,326,0.0,0.0,0.0,0.0002,0.0,0.0,0.0,0.0,0.0,0.0004,0.0002,0.0039,0.0,0.0,-0.0001,0.0,0.0314,4.712,0.7069,0.0111,0.0111,-0.7072,0.8146,3.1596,0.0592
open_plane_static_repeat_1_retry_20260913,2909,328,5383743680805,324,324,True,5383745639197,329,8.203,8204,43560,0.0,0.0,False,0.0,0.0,327,0.0,0.0,0.0,0.0002,0.0,0.0,0.0,0.0,0.0,0.0006,-0.0006,-0.0035,0.0,0.0,-0.0001,0.0,0.0314,4.712,0.7069,0.0111,0.0111,-0.7072,0.8147,3.1596,0.0592
open_plane_static_repeat_1_retry_20260913,2918,329,5383768461354,325,325,True,5383770738035,330,8.228001,8229,43693,0.0,0.0,False,0.0,0.0,328,0.0,0.0,0.0,0.0002,0.0,0.0,0.0,0.0,0.0,0.0003,0.0007,-0.0073,0.0,0.0,-0.0001,0.0,0.0314,4.712,0.7069,0.0111,0.0111,-0.7072,0.8147,3.1596,0.0592
open_plane_static_repeat_1_retry_20260913,2927,330,5383793698592,326,326,True,5383795839267,331,8.253,8254,43830,0.0,0.0,False,0.0,0.0,329,0.0,0.0,0.0,0.0002,0.0,0.0,0.0,0.0,0.0,0.001,-0.0006,-0.0185,0.0,0.0,-0.0001,0.0,0.0314,4.712,0.7069,0.0111,0.0111,-0.7072,0.8147,3.1596,0.0592
open_plane_static_repeat_1_retry_20260913,2935,331,5383818733339,327,327,True,5383820689307,332,8.278001,8279,43966,0.0,0.0,False,0.0,0.0,330,0.0,0.0,0.0,0.0002,0.0,0.0,0.0,0.0,0.0,0.0,-0.0001,0.0034,0.0,0.0,-0.0001,0.0,0.0314,4.712,0.7069,0.0111,0.0111,-0.7072,0.8147,3.1596,0.0592
open_plane_static_repeat_1_retry_20260913,2945,332,5383843834221,328,328,True,5383845697313,333,8.303,8304,44086,0.0,0.0,False,0.0,0.0,331,0.0,0.0,0.0,0.0001,0.0,0.0,0.0,0.0,0.0,0.0002,0.0002,0.0014,0.0,0.0,-0.0001,0.0,0.0314,4.712,0.7069,0.0111,0.0111,-0.7072,0.8148,3.1596,0.0592
open_plane_static_repeat_1_retry_20260913,2954,333,5383868502619,329,329,True,5383870706542,334,8.328,8329,44222,0.0,0.0,False,0.0,0.0,332,0.0,0.0,0.0,0.0001,0.0,0.0,0.0,0.0,0.0,0.001,-0.0007,-0.0132,0.0,0.0,-0.0001,0.0,0.0314,4.712,0.7069,0.0111,0.0111,-0.7072,0.8148,3.1596,0.0592
open_plane_static_repeat_1_retry_20260913,2963,334,5383893497261,330,330,True,5383895739706,335,8.353001,8354,44356,0.0,0.0,False,0.0,0.0,333,0.0,0.0,0.0,0.0001,0.0,0.0,0.0,0.0,0.0,0.0003,-0.0005,-0.0009,0.0,0.0,-0.0001,0.0,0.0314,4.712,0.7069,0.0111,0.0111,-0.7072,0.8148,3.1596,0.0592
open_plane_static_repeat_1_retry_20260913,2972,335,5383918595777,331,331,True,5383920799270,336,8.378,8379,44484,0.0,0.0,False,0.0,0.0,334,0.0,0.0,0.0,0.0003,0.0,0.0,0.0,0.0,0.0,0.0013,-0.0005,-0.0201,0.0,0.0,-0.0001,0.0,0.0313,4.712,0.7069,0.0111,0.0111,-0.7072,0.8149,3.1596,0.0592
open_plane_static_repeat_1_retry_20260913,2980,336,5383943677853,332,332,True,5383945632408,337,8.403001,8404,44622,0.0,0.0,False,0.0,0.0,335,0.0,0.0,0.0,0.0003,0.0,0.0,0.0,0.0,0.0,0.0009,0.0001,-0.0141,0.0,0.0,-0.0001,0.0,0.0313,4.712,0.7069,0.0111,0.0111,-0.7072,0.8149,3.1596,0.0592
open_plane_static_repeat_1_retry_20260913,2990,337,5383968458703,333,333,True,5383970684307,338,8.428,8429,44762,0.0,0.0,False,0.0,0.0,336,0.0,0.0,0.0,0.0003,0.0,0.0,0.0,0.0,0.0,-0.0006,0.0001,0.0087,0.0,0.0,-0.0002,0.0,0.0313,4.712,0.7069,0.0111,0.0111,-0.7072,0.8149,3.1596,0.0592
open_plane_static_repeat_1_retry_20260913,2999,338,5383993673899,334,334,True,5383995653070,339,8.453,8454,44903,0.0,0.0,False,0.0,0.0,337,0.0,0.0,0.0,0.0003,0.0,0.0,0.0,0.0,0.0,-0.0001,-0.0002,-0.0013,0.0,0.0,-0.0002,0.0,0.0313,4.712,0.7069,0.0111,0.0111,-0.7072,0.8149,3.1596,0.0592
open_plane_static_repeat_1_retry_20260913,3007,339,5384018676556,335,335,True,5384020721200,340,8.478001,8479,45041,0.0,0.0,False,0.0,0.0,338,0.0,0.0,0.0,0.0003,0.0,0.0,0.0,0.0,0.0,0.0008,-0.0004,-0.0069,0.0,0.0,-0.0001,0.0,0.0313,4.712,0.7069,0.0111,0.0111,-0.7072,0.815,3.1596,0.0592
open_plane_static_repeat_1_retry_20260913,3017,340,5384043953308,336,336,True,5384045704120,341,8.503,8504,45161,0.0,0.0,False,0.0,0.0,339,0.0,0.0,0.0,0.0002,0.0,0.0,0.0,0.0,0.0,0.0002,0.0,-0.0243,0.0,0.0,-0.0001,0.0,0.0314,4.712,0.7069,0.0111,0.0111,-0.7072,0.815,3.1596,0.0592
open_plane_static_repeat_1_retry_20260913,3025,341,5384068725742,337,337,True,5384070533190,342,8.528001,8529,45289,0.0,0.0,False,0.0,0.0,340,0.0,0.0,0.0,0.0002,0.0,0.0,0.0,0.0,0.0,0.0004,-0.0007,-0.0123,0.0,0.0,-0.0001,0.0,0.0314,4.712,0.7069,0.0111,0.0111,-0.7072,0.815,3.1596,0.0592
open_plane_static_repeat_1_retry_20260913,3035,342,5384093511421,338,338,True,5384095961176,343,8.553,8554,45423,0.0,0.0,False,0.0,0.0,341,0.0,0.0,0.0,0.0002,0.0,0.0,0.0,0.0,0.0,-0.0001,-0.0004,-0.0021,0.0,0.0,-0.0001,0.0,0.0314,4.712,0.7069,0.0111,0.0111,-0.7072,0.8151,3.1596,0.0592
open_plane_static_repeat_1_retry_20260913,3043,343,5384118928436,339,339,True,5384121780578,344,8.579,8580,45565,0.0,0.0,False,0.0,0.0,342,0.0,0.0,0.0,0.0002,0.0,0.0,0.0,0.0,0.0,0.0004,-0.0006,0.0044,0.0,0.0,-0.0001,0.0,0.0314,4.712,0.7069,0.0111,0.0111,-0.7072,0.8151,3.1596,0.0592
open_plane_static_repeat_1_retry_20260913,3052,344,5384143563572,340,340,True,5384145771443,345,8.603001,8604,45705,0.0,0.0,False,0.0,0.0,343,0.0,0.0,0.0,0.0002,0.0,0.0,0.0,0.0,0.0,0.0009,0.0002,-0.0108,0.0,0.0,-0.0001,0.0,0.0314,4.712,0.7069,0.0111,0.0111,-0.7072,0.8151,3.1596,0.0592
open_plane_static_repeat_1_retry_20260913,3061,345,5384168493943,341,341,True,5384170989114,346,8.628,8629,45854,0.0,0.0,False,0.0,0.0,344,0.0,0.0,0.0,0.0002,0.0,0.0,0.0,0.0,0.0,-0.0004,-0.0002,0.014,0.0,0.0,-0.0001,0.0,0.0314,4.712,0.7069,0.0111,0.0111,-0.7072,0.8152,3.1596,0.0592
open_plane_static_repeat_1_retry_20260913,3070,346,5384193971823,342,342,True,5384196860745,347,8.654,8655,45996,0.0,0.0,False,0.0,0.0,345,0.0,0.0,0.0,0.0002,0.0,0.0,0.0,0.0,0.0,-0.0005,0.0002,0.0111,0.0,0.0,-0.0001,0.0,0.0314,4.712,0.7069,0.0111,0.0111,-0.7072,0.8152,3.1596,0.0592
open_plane_static_repeat_1_retry_20260913,3079,347,5384218844095,343,343,True,5384220551094,348,8.678,8679,46098,0.0,0.0,False,0.0,0.0,346,0.0,0.0,0.0,0.0001,0.0,0.0,0.0,0.0,0.0,0.0011,0.0008,-0.017,0.0,0.0,-0.0001,0.0,0.0314,4.712,0.7069,0.0111,0.0111,-0.7072,0.8152,3.1596,0.0592
open_plane_static_repeat_1_retry_20260913,3088,348,5384243612351,344,344,True,5384245616198,349,8.703,8704,46235,0.0,0.0,False,0.0,0.0,347,0.0,0.0,0.0,0.0001,0.0,0.0,0.0,0.0,0.0,0.0006,0.0005,-0.0033,0.0,0.0,-0.0001,0.0,0.0314,4.712,0.7069,0.0111,0.0111,-0.7072,0.8152,3.1596,0.0592
open_plane_static_repeat_1_retry_20260913,3097,349,5384269420812,345,345,True,5384271654181,350,8.729,8730,46376,0.0,0.0,False,0.0,0.0,348,0.0,0.0,0.0,0.0002,0.0,0.0,0.0,0.0,0.0,-0.0007,0.0,0.0087,0.0,0.0,-0.0001,0.0,0.0314,4.712,0.7069,0.0111,0.0111,-0.7072,0.8153,3.1596,0.0592
open_plane_static_repeat_1_retry_20260913,3106,350,5384294275841,346,346,True,5384296662278,351,8.754001,8755,46518,0.0,0.0,False,0.0,0.0,349,0.0,0.0,0.0,0.0002,0.0,0.0,0.0,0.0,0.0,0.0006,-0.0004,0.0081,0.0,0.0,-0.0001,0.0,0.0314,4.712,0.7069,0.0111,0.0111,-0.7072,0.8153,3.1596,0.0592
open_plane_static_repeat_1_retry_20260913,3115,351,5384318802473,347,347,True,5384320745556,352,8.778001,8779,46645,0.0,0.0,False,0.0,0.0,350,0.0,0.0,0.0,0.0001,0.0,0.0,0.0,0.0,0.0,0.0004,0.0004,-0.0096,0.0,0.0,-0.0001,0.0,0.0314,4.712,0.7069,0.0111,0.0111,-0.7072,0.8153,3.1596,0.0592
open_plane_static_repeat_1_retry_20260913,3124,352,5384343910207,348,348,True,5384345635501,353,8.803,8804,46777,0.0,0.0,False,0.0,0.0,351,0.0,0.0,0.0,0.0001,0.0,0.0,0.0,0.0,0.0,0.0,-0.0002,-0.0013,0.0,0.0,-0.0001,0.0,0.0314,4.712,0.7069,0.0111,0.0111,-0.7072,0.8153,3.1596,0.0592
open_plane_static_repeat_1_retry_20260913,3134,353,5384369410550,349,349,True,5384371655480,354,8.829,8830,46917,0.0,0.0,False,0.0,0.0,352,0.0,0.0,0.0,0.0001,0.0,0.0,0.0,0.0,0.0,0.0004,0.0001,0.0091,0.0,0.0,-0.0001,0.0,0.0314,4.712,0.7069,0.0111,0.0111,-0.7072,0.8154,3.1596,0.0592
open_plane_static_repeat_1_retry_20260913,3143,354,5384393607011,350,350,True,5384395891546,355,8.853001,8854,47044,0.0,0.0,False,0.0,0.0,353,0.0,0.0,0.0,0.0001,0.0,0.0,0.0,0.0,0.0,0.0001,0.0005,0.0031,0.0,0.0,-0.0001,0.0,0.0314,4.712,0.7069,0.0111,0.0111,-0.7072,0.8154,3.1596,0.0592
open_plane_static_repeat_1_retry_20260913,3152,355,5384418822237,351,351,True,5384420712441,356,8.878,8879,47166,0.0,0.0,False,0.0,0.0,354,0.0,0.0,0.0,0.0001,0.0,0.0,0.0,0.0,0.0,0.0006,0.0003,-0.015,0.0,0.0,-0.0001,0.0,0.0314,4.712,0.7069,0.0111,0.0111,-0.7072,0.8154,3.1596,0.0592
open_plane_static_repeat_1_retry_20260913,3160,356,5384443671235,352,352,True,5384445673399,357,8.903001,8904,47297,0.0,0.0,False,0.0,0.0,355,0.0,0.0,0.0,0.0001,0.0,0.0,0.0,0.0,0.0,0.0007,-0.0004,-0.0103,0.0,0.0,-0.0001,0.0,0.0314,4.712,0.7069,0.0111,0.0111,-0.7072,0.8155,3.1596,0.0592
open_plane_static_repeat_1_retry_20260913,3170,357,5384468498622,353,353,True,5384470817802,358,8.928,8929,47430,0.0,0.0,False,0.0,0.0,356,0.0,0.0,0.0,0.0001,0.0,0.0,0.0,0.0,0.0,0.0003,0.0003,0.0049,0.0,0.0,-0.0001,0.0,0.0314,4.712,0.7069,0.0111,0.0111,-0.7072,0.8155,3.1596,0.0592
open_plane_static_repeat_1_retry_20260913,3179,358,5384493896311,354,354,True,5384495631033,359,8.953,8954,47560,0.0,0.0,False,0.0,0.0,357,0.0,0.0,0.0,0.0001,0.0,0.0,0.0,0.0,0.0,0.0005,-0.0002,0.0004,0.0,0.0,-0.0001,0.0,0.0314,4.712,0.7069,0.0111,0.0111,-0.7072,0.8155,3.1596,0.0592
open_plane_static_repeat_1_retry_20260913,3188,359,5384519459813,355,355,True,5384521609384,360,8.979,8980,47698,0.0,0.0,False,0.0,0.0,358,0.0,0.0,0.0,0.0001,0.0,0.0,0.0,0.0,0.0,0.0005,0.0004,-0.0009,0.0,0.0,-0.0001,0.0,0.0314,4.712,0.7069,0.0111,0.0111,-0.7072,0.8155,3.1596,0.0592
open_plane_static_repeat_1_retry_20260913,3197,360,5384543592614,356,356,True,5384545979261,361,9.003,9004,47805,0.0,0.0,False,0.0,0.0,359,0.0,0.0,0.0,0.0001,0.0,0.0,0.0,0.0,0.0,0.0008,-0.0002,-0.0261,0.0,0.0,-0.0001,0.0,0.0314,4.712,0.7069,0.0111,0.0111,-0.7072,0.8156,3.1596,0.0592
open_plane_static_repeat_1_retry_20260913,3206,361,5384568948254,357,357,True,5384570827106,362,9.028001,9029,47938,0.0,0.0,False,0.0,0.0,360,0.0,0.0,0.0,0.0002,0.0,0.0,0.0,0.0,0.0,0.0,0.0008,0.0041,0.0,0.0,-0.0001,0.0,0.0314,4.712,0.7069,0.0111,0.0111,-0.7072,0.8156,3.1596,0.0592
open_plane_static_repeat_1_retry_20260913,3214,362,5384593862134,358,358,True,5384595807682,363,9.053,9054,48071,0.0,0.0,False,0.0,0.0,361,0.0,0.0,0.0,0.0001,0.0,0.0,0.0,0.0,0.0,-0.0001,0.0004,-0.0007,0.0,0.0,-0.0001,0.0,0.0314,4.712,0.7069,0.0111,0.0111,-0.7072,0.8156,3.1596,0.0592
open_plane_static_repeat_1_retry_20260913,3224,363,5384619136411,359,359,True,5384621669333,364,9.079,9080,48199,0.0,0.0,False,0.0,0.0,362,0.0,0.0,0.0,0.0001,0.0,0.0,0.0,0.0,0.0,0.0003,0.0005,0.0105,0.0,0.0,-0.0001,0.0,0.0314,4.712,0.7069,0.0111,0.0111,-0.7072,0.8156,3.1596,0.0592
open_plane_static_repeat_1_retry_20260913,3233,364,5384644458679,360,360,True,5384646725250,365,9.104,9105,48335,0.0,0.0,False,0.0,0.0,363,0.0,0.0,0.0,0.0001,0.0,0.0,0.0,0.0,0.0,0.0004,0.0003,-0.0034,0.0,0.0,-0.0001,0.0,0.0314,4.712,0.7069,0.0111,0.0111,-0.7072,0.8157,3.1596,0.0592
open_plane_static_repeat_1_retry_20260913,3242,365,5384668877087,361,361,True,5384670885754,366,9.128,9129,48468,0.0,0.0,False,0.0,0.0,364,0.0,0.0,0.0,0.0001,0.0,0.0,0.0,0.0,0.0,0.0006,0.0001,-0.0172,0.0,0.0,-0.0001,0.0,0.0314,4.712,0.7069,0.0111,0.0111,-0.7072,0.8157,3.1596,0.0592
open_plane_static_repeat_1_retry_20260913,3250,366,5384693655372,362,362,True,5384695605418,367,9.153001,9154,48605,0.0,0.0,False,0.0,0.0,365,0.0,0.0,0.0,0.0001,0.0,0.0,0.0,0.0,0.0,0.0013,0.0001,-0.0274,0.0,0.0,-0.0001,0.0,0.0314,4.712,0.7069,0.0111,0.0111,-0.7072,0.8157,3.1596,0.0592
open_plane_static_repeat_1_retry_20260913,3259,367,5384718503498,363,363,True,5384720710367,368,9.178,9179,48743,0.0,0.0,False,0.0,0.0,366,0.0,0.0,0.0,0.0001,0.0,0.0,0.0,0.0,0.0,0.0003,-0.0002,0.0011,0.0,0.0,-0.0001,0.0,0.0314,4.712,0.7069,0.0111,0.0111,-0.7072,0.8158,3.1596,0.0592
