[INFO] [launch]: All log files can be found below /root/.ros/log/2026-09-10-01-42-07-820437-ExternalDrive-14756
[INFO] [launch]: Default logging verbosity is set to INFO
[INFO] [launch.user]: controller=pure_pursuit custom_amcl=True rviz=False
[INFO] [autodrive_bridge_40hz-1]: process started with pid [14784]
[INFO] [sensor_odometry_node-2]: process started with pid [14786]
[INFO] [ekf_localization_node-3]: process started with pid [14788]
[INFO] [map_server-4]: process started with pid [14790]
[INFO] [lifecycle_manager-5]: process started with pid [14792]
[INFO] [gpu_amcl_cpp_node-6]: process started with pid [14794]
[INFO] [ground_truth_amcl_monitor-7]: process started with pid [14796]
[INFO] [calibration-8]: process started with pid [14798]
[INFO] [component_container-9]: process started with pid [14800]
[INFO] [actuator_interface-10]: process started with pid [14802]
[lifecycle_manager-5] [INFO] [1789004528.033430404] [lifecycle_manager_map]: Creating
[ekf_localization_node-3] [INFO] [1789004528.038227418] [ekf_localization]: Local odometry trust filter ready: /odom -> /ekf_odom and /ekf_pose in frame odom; reset events=/autodrive/reset_command
[lifecycle_manager-5] [INFO] [1789004528.038876679] [lifecycle_manager_map]: [34m[1mCreating and initializing lifecycle service clients[0m[0m
[sensor_odometry_node-2] [INFO] [1789004528.045448752] [sensor_odometry]: Deterministic odometry observer: exact timestamp packets, encoders + IMU only
[map_server-4] [INFO] [1789004528.051017908] [map_server]: 
[map_server-4] 	map_server lifecycle node launched. 
[map_server-4] 	Waiting on external lifecycle transitions to activate
[map_server-4] 	See https://design.ros2.org/articles/node_lifecycle.html for more information.
[map_server-4] [INFO] [1789004528.052148354] [map_server]: Creating
[lifecycle_manager-5] [INFO] [1789004528.120458131] [lifecycle_manager_map]: [34m[1mStarting managed nodes bringup...[0m[0m
[lifecycle_manager-5] [INFO] [1789004528.120531298] [lifecycle_manager_map]: [34m[1mConfiguring map_server[0m[0m
[gpu_amcl_cpp_node-6] [INFO] [1789004528.247023972] [gpu_amcl_cpp]: [AMCL] Parameters: update_min_d=0.02000, update_min_a=0.03500, max_scan_age=0.2500, odom_history=1.000s, cloud_publish_rate=1.0 Hz, debug_pre_resample=false, slip_threshold=1.00 rad/s, initial_raceline_heading=false, local_correction_gate=0.00m/0.00rad xy_gain=0.500 cross_track_only=false yaw_gain=0.000 association=0.80m recenter_cloud=true
[component_container-9] [INFO] [1789004528.249728720] [controller_container]: Load Library: /workspace/install/lib/libpure_pursuit_node.so
[component_container-9] [INFO] [1789004528.256605235] [controller_container]: Found class: rclcpp_components::NodeFactoryTemplate<f1tenth_control::PurePursuitNode>
[component_container-9] [INFO] [1789004528.256659387] [controller_container]: Instantiate class: rclcpp_components::NodeFactoryTemplate<f1tenth_control::PurePursuitNode>
[map_server-4] [INFO] [1789004528.271581747] [map_server]: Configuring
[map_server-4] [INFO] [1789004528.271665525] [map_io]: Loading yaml file: /workspace/src/f1tenth_planning/maps/autodrive_track_ftg_commit_20260909_025m.yaml
[map_server-4] [INFO] [1789004528.272250435] [map_io]: resolution: 0.025
[map_server-4] [INFO] [1789004528.272264271] [map_io]: origin[0]: -6.82
[map_server-4] [INFO] [1789004528.272273418] [map_io]: origin[1]: -12.3
[map_server-4] [INFO] [1789004528.272280812] [map_io]: origin[2]: 0
[map_server-4] [INFO] [1789004528.272288266] [map_io]: free_thresh: 0.25
[map_server-4] [INFO] [1789004528.272295590] [map_io]: occupied_thresh: 0.65
[map_server-4] [INFO] [1789004528.272303234] [map_io]: mode: trinary
[map_server-4] [INFO] [1789004528.272310658] [map_io]: negate: 0
[map_server-4] [INFO] [1789004528.275713870] [map_io]: Loading image_file: /workspace/src/f1tenth_planning/maps/autodrive_track_ftg_commit_20260909_025m.pgm
[gpu_amcl_cpp_node-6] [INFO] [1789004528.278429859] [gpu_amcl_cpp]: Particle cloud publishing scan-synchronized, max 1.0 Hz
[gpu_amcl_cpp_node-6] [INFO] [1789004528.278476096] [gpu_amcl_cpp]: GPU AMCL C++ node created — waiting for map...
[component_container-9] [INFO] [1789004528.288111751] [pure_pursuit_node]: Initializing Pure Pursuit Node
[component_container-9] [INFO] [1789004528.303823386] [pure_pursuit_node]: Loaded trajectory with 2586 waypoints (51.7 m)
[component_container-9] [INFO] [1789004528.313430909] [pure_pursuit_node]: Pure Pursuit Node initialized
[component_container-9] [INFO] [1789004528.313474711] [pure_pursuit_node]:   Trajectory: /workspace/src/f1tenth_planning/trajectories/autodrive_track_ftg_commit_20260909_025m_mintime_raceline.csv (2586 points)
[INFO] [launch_ros.actions.load_composable_nodes]: Loaded node '/pure_pursuit_node' in container '/controller_container'
[component_container-9] [INFO] [1789004528.313484830] [pure_pursuit_node]:   Lookahead: 0.75 - 1.10 m (gain: 0.05)
[component_container-9] [INFO] [1789004528.313498877] [pure_pursuit_node]:   Max speed cap: 10.25 m/s
[component_container-9] [INFO] [1789004528.313508324] [pure_pursuit_node]:   Lookahead adapt: cte_weight=1.00 cte_gain=0.042 curvature_gain=1.900
[component_container-9] [INFO] [1789004528.313519295] [pure_pursuit_node]:   Speed adapt: curvature_factor=0.102 floor_ratio=0.52
[component_container-9] [INFO] [1789004528.313529003] [pure_pursuit_node]:   Speed adapt (CTE): factor=1.500 floor_ratio=0.55
[component_container-9] [INFO] [1789004528.313538120] [pure_pursuit_node]:   Speed limits: max_lat_accel=6.50 min_reg_speed=0.00
[component_container-9] [INFO] [1789004528.313547168] [pure_pursuit_node]:   Yaw-rate damping: 0.000 s
[component_container-9] [INFO] [1789004528.313557026] [pure_pursuit_node]:   Target-heading turn-in gain: 0.000
[component_container-9] [INFO] [1789004528.313565432] [pure_pursuit_node]:   Command shaping: steer_rate=3.20 accel=3.00 decel=8.00
[component_container-9] [INFO] [1789004528.313576493] [pure_pursuit_node]:   Pose: /current_map_pose (map frame)
[component_container-9] [INFO] [1789004528.313592132] [pure_pursuit_node]:   Odom: /odom
[component_container-9] [INFO] [1789004528.313600889] [pure_pursuit_node]:   Control trigger: /odom (one command per odometry update; nominal 40.0 Hz)
[component_container-9] [INFO] [1789004528.313610416] [pure_pursuit_node]:   Steering feedback: /autodrive/roboracer_1/steering (lead gain 0.25)
[component_container-9] [INFO] [1789004528.313619494] [pure_pursuit_node]:   Startup path gate: distance <= 0.80 m, heading <= 0.75 rad
[component_container-9] [INFO] [1789004528.313628230] [pure_pursuit_node]:   Command: /cmd/speed
[ground_truth_amcl_monitor-7] [INFO] [1789004528.322179926] [ground_truth_amcl_monitor]: Absolute map scoring enabled from explicit map start: (0.8006, 3.1583, -1.5708)
[map_server-4] [INFO] [1789004528.326239904] [map_io]: Read map /workspace/src/f1tenth_planning/maps/autodrive_track_ftg_commit_20260909_025m.pgm: 349 X 877 map @ 0.025 m/cell
[lifecycle_manager-5] [INFO] [1789004528.332467909] [lifecycle_manager_map]: [34m[1mActivating map_server[0m[0m
[map_server-4] [INFO] [1789004528.332875265] [map_server]: Activating
[ground_truth_amcl_monitor-7] [WARN] [1789004528.333108454] [ground_truth_amcl_monitor]: Ground-truth monitor is diagnostics-only; simulator IPS/odom are not controller inputs
[map_server-4] [INFO] [1789004528.333595560] [map_server]: Creating bond (map_server) to lifecycle manager.
[gpu_amcl_cpp_node-6] [INFO] [1789004528.334699507] [gpu_amcl_cpp]: Received first map (349x877 @ 0.025 m/cell) — initialising PF
[gpu_amcl_cpp_node-6] [INFO] [1789004528.347952978] [gpu_amcl_cpp]: Loaded 2587 global heading points from /workspace/src/f1tenth_planning/trajectories/autodrive_track_ftg_commit_20260909_025m_mintime_raceline.csv
[gpu_amcl_cpp_node-6] [INFO] [1789004528.362102534] [gpu_amcl_cpp]: Global AMCL startup prior centred at saved map start (0.801, 3.158, -1.571) with covariance (0.500, 0.500, 0.200).
[gpu_amcl_cpp_node-6] [INFO] [1789004528.362172566] [gpu_amcl_cpp]: Particle filter initialised with 2500 particles (global)
[gpu_amcl_cpp_node-6] [INFO] [1789004528.362214154] [gpu_amcl_cpp]: Global particle initialization active; waiting for scans before publishing pose
[autodrive_bridge_40hz-1] /usr/local/lib/python3.10/dist-packages/numpy/core/getlimits.py:499: UserWarning: The value of the smallest subnormal for <class 'numpy.float64'> type is zero.
[autodrive_bridge_40hz-1]   setattr(self, word, getattr(machar, word).flat[0])
[autodrive_bridge_40hz-1] /usr/local/lib/python3.10/dist-packages/numpy/core/getlimits.py:89: UserWarning: The value of the smallest subnormal for <class 'numpy.float64'> type is zero.
[autodrive_bridge_40hz-1]   return self._float_to_str(self.smallest_subnormal)
[actuator_interface-10] [INFO] [1789004528.368613392] [autodrive_actuator_interface]: Actuator interface ready; no arming state
[actuator_interface-10] [WARN] [1789004528.369741233] [autodrive_actuator_interface]: Neutral output: no command
[calibration-8] [INFO] [1789004528.416456729] [allowed_telemetry_recorder]: Calibration mode=sensor_record duration=0.000 s output=/workspace/src/f1tenth_planning/analysis/amcl_tuning_campaign_20260909/acceptance_full_raceline_10p248_feedback_lead_burstfix_20260910_run13/telemetry/sensor_record_20260910_014208.csv
[lifecycle_manager-5] [INFO] [1789004528.437899455] [lifecycle_manager_map]: Server map_server connected with bond.
[lifecycle_manager-5] [INFO] [1789004528.437949869] [lifecycle_manager_map]: [34m[1mManaged nodes are active[0m[0m
[lifecycle_manager-5] [INFO] [1789004528.437960229] [lifecycle_manager_map]: [34m[1mCreating bond timer...[0m[0m
[autodrive_bridge_40hz-1] [autodrive_bridge_40hz] camera decode/publication disabled
[autodrive_bridge_40hz-1] [autodrive_bridge_40hz] bounded request pacing enabled at 40 Hz (max one outstanding request)
[autodrive_bridge_40hz-1] Connected!
[component_container-9] [WARN] [1789004528.720448764] [pure_pursuit_node]: No pose received on /current_map_pose yet
[gpu_amcl_cpp_node-6] [INFO] [1789004528.720641076] [gpu_amcl_cpp]: Received first odometry sample at (0.00, 0.00, 0.00).
[gpu_amcl_cpp_node-6] [INFO] [1789004528.721638832] [gpu_amcl_cpp]: Received LiDAR callback #1 (1081 ranges).
[gpu_amcl_cpp_node-6] [INFO] [1789004528.721679218] [gpu_amcl_cpp]: AMCL odom delta: at_scan=(0.000, 0.000, 0.000) baseline=(0.000, 0.000, 0.000) delta=(0.000, 0.000, 0.000) moved=false scan_age=0.053s
[gpu_amcl_cpp_node-6] [INFO] [1789004528.721721758] [gpu_amcl_cpp]: Starting AMCL scan update #1 (sampled from 1081 ranges).
[gpu_amcl_cpp_node-6] [INFO] [1789004528.724795100] [gpu_amcl_cpp]: AMCL scan update #1 completed; evaluating pose confidence.
[gpu_amcl_cpp_node-6] [INFO] [1789004528.731685190] [gpu_amcl_cpp]: Startup GPU scan refinement done: refined_particles=2232/2500, beams=180, best_mean_dist=0.000 m, time=6.86 ms
[gpu_amcl_cpp_node-6] [INFO] [1789004528.735723186] [gpu_amcl_cpp]: Global AMCL refining: cluster_weight=0.927, covariance xy=0.009 (max 0.250), yaw=0.000 (max 0.120).
[gpu_amcl_cpp_node-6] [INFO] [1789004528.735755116] [gpu_amcl_cpp]: Global AMCL lock evidence: quality=false stable_scans=1/5 travel=0.000/0.750 m (min_weight=0.500).
[gpu_amcl_cpp_node-6] [INFO] [1789004528.968695306] [gpu_amcl_cpp]: Publishing provisional global AMCL pose for localization ramp; travel=0.000/0.750 m stable_scans=5/5.
[ground_truth_amcl_monitor-7] [INFO] [1789004528.969669930] [ground_truth_amcl_monitor]: Relative GT alignment initialized: yaw=0.000, translation=(0.000, -0.000)
[ground_truth_amcl_monitor-7] [INFO] [1789004528.970075753] [ground_truth_amcl_monitor]: AMCL vs GT: gt=(0.801, 3.158) amcl=(0.801, 3.158) error=0.000 m / 0.000 rad; current_map=unavailable; odom=(0.801, 3.158, -1.571) error=0.000 m / 0.000 rad; ekf=(0.801, 3.158, -1.571) error=0.000 m / 0.000 rad; RMS=0.000 m / 0.000 rad max=0.000 m / 0.000 rad samples=1
[component_container-9] [INFO] [1789004529.266869297] [pure_pursuit_node]: Aligned closed trajectory seam to startup pose at original waypoint 1090
[component_container-9] [INFO] [1789004529.266983822] [pure_pursuit_node]: Startup path gate passed: path_distance=0.166 m heading_error=0.302 rad
[component_container-9] [INFO] [1789004529.267012627] [pure_pursuit_node]: Pure Pursuit: pose=(0.801, 3.158, -1.571) cte=-0.166 closest=0 target=38 path_dist=0.166 heading_err=0.302 steer=0.003 speed=0.003
[gpu_amcl_cpp_node-6] [INFO] [1789004529.770709272] [gpu_amcl_cpp]: AMCL odom delta: at_scan=(0.159, 0.003, 0.035) baseline=(0.110, 0.002, 0.025) delta=(0.049, 0.001, 0.010) moved=true scan_age=0.051s
[actuator_interface-10] [INFO] [1789004529.771441880] [autodrive_actuator_interface]: Collision baseline established at cumulative count 0
[ground_truth_amcl_monitor-7] [INFO] [1789004529.971231091] [ground_truth_amcl_monitor]: AMCL vs GT: gt=(0.821, 2.693) amcl=(0.820, 2.744) error=0.051 m / 0.000 rad; current_map=(0.820, 2.744, -1.478) error=0.051 m / 0.000 rad; odom=(0.820, 2.744, -1.478) error=0.051 m / 0.000 rad; ekf=(0.820, 2.744, -1.478) error=0.051 m / 0.000 rad; RMS=0.044 m / 0.005 rad max=0.123 m / 0.017 rad samples=41
[gpu_amcl_cpp_node-6] [INFO] [1789004530.170742068] [gpu_amcl_cpp]: Global AMCL lock accepted at (0.868, 2.377, -1.407); continuing with local tracking.
[gpu_amcl_cpp_node-6] [INFO] [1789004530.220624471] [gpu_amcl_cpp]: AMCL local correction: odom_prediction=(0.887, 2.267, -1.390) scan=(0.885, 2.215, -1.399) correction=0.052 m/0.009 rad cluster_weight=0.908 publish=true
[component_container-9] [INFO] [1789004530.317151907] [pure_pursuit_node]: Pure Pursuit: pose=(0.959, 1.879, -1.356) cte=0.022 closest=63 target=108 path_dist=0.022 heading_err=0.013 steer=0.004 speed=3.153
[gpu_amcl_cpp_node-6] [INFO] [1789004530.820031236] [gpu_amcl_cpp]: AMCL odom delta: at_scan=(2.783, 0.458, 0.141) baseline=(2.581, 0.428, 0.156) delta=(0.202, 0.030, -0.015) moved=true scan_age=0.050s
[gpu_amcl_cpp_node-6] [WARN] [1789004530.870143691] [gpu_amcl_cpp]: No local AMCL cluster near odometry prediction; using causal odometry pose.
[ground_truth_amcl_monitor-7] [INFO] [1789004530.972202633] [ground_truth_amcl_monitor]: AMCL vs GT: gt=(1.342, -0.311) amcl=(1.309, -0.215) error=0.101 m / 0.000 rad; current_map=(1.309, -0.215, -1.461) error=0.101 m / 0.000 rad; odom=(1.340, -0.270, -1.461) error=0.040 m / 0.000 rad; ekf=(1.340, -0.270, -1.461) error=0.040 m / 0.000 rad; RMS=0.127 m / 0.007 rad max=0.358 m / 0.019 rad samples=81
[gpu_amcl_cpp_node-6] [INFO] [1789004531.269379458] [gpu_amcl_cpp]: AMCL local correction: odom_prediction=(1.387, -1.792, -1.603) scan=(1.395, -1.798, -1.606) correction=0.010 m/0.004 rad cluster_weight=0.931 publish=true
[component_container-9] [INFO] [1789004531.364864854] [pure_pursuit_node]: Pure Pursuit: pose=(1.345, -2.625, -1.655) cte=-0.039 closest=290 target=343 path_dist=0.039 heading_err=0.000 steer=-0.044 speed=6.297
[gpu_amcl_cpp_node-6] [INFO] [1789004531.868041221] [gpu_amcl_cpp]: AMCL odom delta: at_scan=(8.613, 0.143, -0.187) baseline=(8.327, 0.190, -0.138) delta=(0.286, -0.047, -0.049) moved=true scan_age=0.049s
[ground_truth_amcl_monitor-7] [INFO] [1789004532.019039501] [ground_truth_amcl_monitor]: AMCL vs GT: gt=(0.786, -6.122) amcl=(0.857, -5.878) error=0.254 m / 0.005 rad; current_map=(0.795, -6.120, -1.820) error=0.009 m / 0.000 rad; odom=(0.760, -6.229, -1.820) error=0.110 m / 0.000 rad; ekf=(0.760, -6.229, -1.820) error=0.110 m / 0.000 rad; RMS=0.156 m / 0.015 rad max=0.358 m / 0.059 rad samples=122
[gpu_amcl_cpp_node-6] [INFO] [1789004532.270090940] [gpu_amcl_cpp]: AMCL local correction: odom_prediction=(0.544, -7.113, -1.850) scan=(0.558, -7.087, -1.853) correction=0.029 m/0.003 rad cluster_weight=0.970 publish=true
[component_container-9] [INFO] [1789004532.367894868] [pure_pursuit_node]: Pure Pursuit: pose=(0.392, -7.657, -1.846) cte=0.003 closest=546 target=595 path_dist=0.003 heading_err=0.032 steer=-0.004 speed=3.835
[gpu_amcl_cpp_node-6] [INFO] [1789004532.919152770] [gpu_amcl_cpp]: AMCL odom delta: at_scan=(12.441, -0.958, -0.455) baseline=(12.333, -0.907, -0.427) delta=(0.108, -0.051, -0.029) moved=true scan_age=0.050s
[ground_truth_amcl_monitor-7] [INFO] [1789004533.019779938] [ground_truth_amcl_monitor]: AMCL vs GT: gt=(-0.246, -9.378) amcl=(-0.173, -9.253) error=0.145 m / 0.042 rad; current_map=(-0.235, -9.361, -2.114) error=0.021 m / 0.000 rad; odom=(-0.277, -9.501, -2.114) error=0.127 m / 0.000 rad; ekf=(-0.277, -9.501, -2.114) error=0.127 m / 0.000 rad; RMS=0.149 m / 0.015 rad max=0.358 m / 0.059 rad samples=162
[gpu_amcl_cpp_node-6] [WARN] [1789004533.215827220] [gpu_amcl_cpp]: Queued LiDAR scan until source-time odometry arrives (queued=1).
[gpu_amcl_cpp_node-6] [INFO] [1789004533.318672260] [gpu_amcl_cpp]: AMCL local correction: odom_prediction=(-0.727, -9.898, -2.561) scan=(-0.730, -9.896, -2.556) correction=0.003 m/0.006 rad cluster_weight=1.000 publish=true
[component_container-9] [INFO] [1789004533.414914790] [pure_pursuit_node]: Pure Pursuit: pose=(-1.050, -10.051, -2.822) cte=0.010 closest=693 target=738 path_dist=0.010 heading_err=-0.062 steer=-0.289 speed=2.519
[gpu_amcl_cpp_node-6] [INFO] [1789004533.765657997] [gpu_amcl_cpp]: Received LiDAR callback #103 (1081 ranges).
[gpu_amcl_cpp_node-6] [INFO] [1789004533.765703132] [gpu_amcl_cpp]: Starting AMCL scan update #103 (sampled from 1081 ranges).
[gpu_amcl_cpp_node-6] [INFO] [1789004533.767072819] [gpu_amcl_cpp]: AMCL scan update #103 completed; evaluating pose confidence.
[gpu_amcl_cpp_node-6] [INFO] [1789004533.919489417] [gpu_amcl_cpp]: AMCL odom delta: at_scan=(13.192, -2.989, -2.173) baseline=(13.261, -2.879, -2.081) delta=(-0.069, -0.110, -0.092) moved=true scan_age=0.050s
[ground_truth_amcl_monitor-7] [INFO] [1789004534.020380231] [ground_truth_amcl_monitor]: AMCL vs GT: gt=(-2.307, -9.749) amcl=(-2.337, -9.699) error=0.059 m / 0.000 rad; current_map=(-2.337, -9.702, 2.365) error=0.056 m / 0.000 rad; odom=(-2.389, -9.868, 2.365) error=0.144 m / 0.000 rad; ekf=(-2.389, -9.868, 2.365) error=0.144 m / 0.000 rad; RMS=0.139 m / 0.032 rad max=0.358 m / 0.106 rad samples=203
[gpu_amcl_cpp_node-6] [INFO] [1789004534.321278727] [gpu_amcl_cpp]: AMCL local correction: odom_prediction=(-2.804, -8.963, 1.987) scan=(-2.803, -8.963, 1.990) correction=0.001 m/0.002 rad cluster_weight=0.967 publish=true
[component_container-9] [INFO] [1789004534.418966205] [pure_pursuit_node]: Pure Pursuit: pose=(-2.990, -8.451, 1.860) cte=-0.019 closest=833 target=881 path_dist=0.019 heading_err=0.008 steer=-0.092 speed=4.187
[gpu_amcl_cpp_node-6] [INFO] [1789004534.920219014] [gpu_amcl_cpp]: AMCL odom delta: at_scan=(9.836, -4.044, 3.100) baseline=(10.082, -4.050, 3.138) delta=(-0.247, 0.006, -0.038) moved=true scan_age=0.051s
[ground_truth_amcl_monitor-7] [INFO] [1789004535.022761194] [ground_truth_amcl_monitor]: AMCL vs GT: gt=(-3.111, -6.128) amcl=(-3.097, -6.095) error=0.036 m / 0.000 rad; current_map=(-3.094, -6.086, 1.430) error=0.046 m / 0.000 rad; odom=(-3.196, -6.173, 1.430) error=0.097 m / 0.000 rad; ekf=(-3.196, -6.173, 1.430) error=0.097 m / 0.000 rad; RMS=0.135 m / 0.032 rad max=0.358 m / 0.106 rad samples=243
[gpu_amcl_cpp_node-6] [INFO] [1789004535.321499115] [gpu_amcl_cpp]: AMCL local correction: odom_prediction=(-2.794, -4.626, 1.297) scan=(-2.832, -4.680, 1.285) correction=0.066 m/0.012 rad cluster_weight=0.962 publish=true
[component_container-9] [INFO] [1789004535.469081911] [pure_pursuit_node]: Pure Pursuit: pose=(-2.471, -3.642, 1.269) cte=0.011 closest=1079 target=1131 path_dist=0.011 heading_err=0.029 steer=0.028 speed=5.663
[gpu_amcl_cpp_node-6] [INFO] [1789004535.968958140] [gpu_amcl_cpp]: AMCL odom delta: at_scan=(4.292, -2.669, 2.862) baseline=(4.572, -2.748, 2.870) delta=(-0.280, 0.079, -0.008) moved=true scan_age=0.050s
[ground_truth_amcl_monitor-7] [INFO] [1789004536.023610366] [ground_truth_amcl_monitor]: AMCL vs GT: gt=(-1.733, -0.920) amcl=(-1.712, -0.856) error=0.067 m / 0.000 rad; current_map=(-1.710, -0.858, 1.296) error=0.066 m / 0.000 rad; odom=(-1.794, -0.874, 1.296) error=0.076 m / 0.000 rad; ekf=(-1.794, -0.874, 1.296) error=0.076 m / 0.000 rad; RMS=0.139 m / 0.031 rad max=0.358 m / 0.106 rad samples=283
[gpu_amcl_cpp_node-6] [INFO] [1789004536.369468965] [gpu_amcl_cpp]: AMCL local correction: odom_prediction=(-1.374, 0.531, 1.427) scan=(-1.372, 0.572, 1.420) correction=0.041 m/0.007 rad cluster_weight=0.953 publish=true
[component_container-9] [INFO] [1789004536.518895248] [pure_pursuit_node]: Pure Pursuit: pose=(-1.314, 1.237, 1.551) cte=0.023 closest=1329 target=1376 path_dist=0.023 heading_err=-0.121 steer=-0.054 speed=3.342
[gpu_amcl_cpp_node-6] [INFO] [1789004537.017853811] [gpu_amcl_cpp]: AMCL odom delta: at_scan=(0.619, -2.142, -3.028) baseline=(0.729, -2.133, -3.088) delta=(-0.110, -0.009, 0.061) moved=true scan_age=0.049s
[ground_truth_amcl_monitor-7] [INFO] [1789004537.069394343] [ground_truth_amcl_monitor]: AMCL vs GT: gt=(-1.285, 2.639) amcl=(-1.256, 2.576) error=0.070 m / 0.050 rad; current_map=(-1.269, 2.672, 1.735) error=0.036 m / 0.000 rad; odom=(-1.355, 2.635, 1.735) error=0.071 m / 0.000 rad; ekf=(-1.355, 2.635, 1.735) error=0.071 m / 0.000 rad; RMS=0.135 m / 0.029 rad max=0.358 m / 0.106 rad samples=324
[gpu_amcl_cpp_node-6] [INFO] [1789004537.369682490] [gpu_amcl_cpp]: AMCL local correction: odom_prediction=(-1.436, 3.200, 1.995) scan=(-1.438, 3.192, 1.997) correction=0.008 m/0.001 rad cluster_weight=0.985 publish=true
[component_container-9] [INFO] [1789004537.519404520] [pure_pursuit_node]: Pure Pursuit: pose=(-1.637, 3.508, 2.285) cte=-0.021 closest=1447 target=1490 path_dist=0.021 heading_err=-0.105 steer=0.319 speed=1.838
[gpu_amcl_cpp_node-6] [INFO] [1789004538.019666434] [gpu_amcl_cpp]: AMCL odom delta: at_scan=(-0.662, -3.234, -1.526) baseline=(-0.661, -3.142, -1.641) delta=(-0.001, -0.092, 0.115) moved=true scan_age=0.051s
[ground_truth_amcl_monitor-7] [INFO] [1789004538.071791636] [ground_truth_amcl_monitor]: AMCL vs GT: gt=(-2.403, 3.799) amcl=(-2.432, 3.853) error=0.061 m / 0.000 rad; current_map=(-2.444, 3.858, -2.982) error=0.072 m / 0.000 rad; odom=(-2.526, 3.811, -2.982) error=0.124 m / 0.000 rad; ekf=(-2.526, 3.811, -2.982) error=0.124 m / 0.000 rad; RMS=0.128 m / 0.034 rad max=0.358 m / 0.115 rad samples=365
[gpu_amcl_cpp_node-6] [INFO] [1789004538.371243490] [gpu_amcl_cpp]: AMCL local correction: odom_prediction=(-2.862, 3.550, -2.319) scan=(-2.849, 3.535, -2.302) correction=0.020 m/0.017 rad cluster_weight=0.969 publish=true
[component_container-9] [INFO] [1789004538.568156861] [pure_pursuit_node]: Pure Pursuit: pose=(-3.100, 3.075, -1.887) cte=0.022 closest=1547 target=1591 path_dist=0.022 heading_err=0.128 steer=0.135 speed=2.695
[gpu_amcl_cpp_node-6] [INFO] [1789004538.766803923] [gpu_amcl_cpp]: Received LiDAR callback #203 (1081 ranges).
[gpu_amcl_cpp_node-6] [INFO] [1789004538.766854618] [gpu_amcl_cpp]: Starting AMCL scan update #203 (sampled from 1081 ranges).
[gpu_amcl_cpp_node-6] [INFO] [1789004538.767655244] [gpu_amcl_cpp]: AMCL scan update #203 completed; evaluating pose confidence.
[gpu_amcl_cpp_node-6] [INFO] [1789004539.066219999] [gpu_amcl_cpp]: AMCL odom delta: at_scan=(1.395, -4.262, -0.087) baseline=(1.223, -4.247, -0.087) delta=(0.173, -0.015, -0.001) moved=true scan_age=0.047s
[ground_truth_amcl_monitor-7] [INFO] [1789004539.117141006] [ground_truth_amcl_monitor]: AMCL vs GT: gt=(-3.299, 1.621) amcl=(-3.274, 1.755) error=0.136 m / 0.007 rad; current_map=(-3.289, 1.585, -1.665) error=0.037 m / 0.000 rad; odom=(-3.477, 1.593, -1.665) error=0.180 m / 0.000 rad; ekf=(-3.477, 1.593, -1.665) error=0.180 m / 0.000 rad; RMS=0.124 m / 0.036 rad max=0.358 m / 0.119 rad samples=406
[gpu_amcl_cpp_node-6] [INFO] [1789004539.419788591] [gpu_amcl_cpp]: AMCL local correction: odom_prediction=(-3.432, 0.728, -1.860) scan=(-3.431, 0.720, -1.853) correction=0.009 m/0.006 rad cluster_weight=0.983 publish=true
[component_container-9] [INFO] [1789004539.617872033] [pure_pursuit_node]: Pure Pursuit: pose=(-3.648, 0.213, -2.069) cte=0.037 closest=1694 target=1739 path_dist=0.037 heading_err=-0.048 steer=-0.249 speed=1.970
[gpu_amcl_cpp_node-6] [INFO] [1789004540.070471470] [gpu_amcl_cpp]: AMCL odom delta: at_scan=(3.510, -5.174, -1.068) baseline=(3.462, -5.093, -0.996) delta=(0.048, -0.081, -0.072) moved=true scan_age=0.051s
[ground_truth_amcl_monitor-7] [INFO] [1789004540.120575741] [ground_truth_amcl_monitor]: AMCL vs GT: gt=(-4.280, -0.382) amcl=(-4.177, -0.348) error=0.109 m / 0.084 rad; current_map=(-4.267, -0.393, -2.723) error=0.017 m / 0.000 rad; odom=(-4.373, -0.352, -2.639) error=0.098 m / 0.084 rad; ekf=(-4.373, -0.352, -2.639) error=0.098 m / 0.084 rad; RMS=0.121 m / 0.037 rad max=0.358 m / 0.119 rad samples=446
[gpu_amcl_cpp_node-6] [INFO] [1789004540.421088440] [gpu_amcl_cpp]: AMCL local correction: odom_prediction=(-4.815, -0.478, 2.984) scan=(-4.810, -0.472, 2.986) correction=0.007 m/0.002 rad cluster_weight=0.983 publish=true
[component_container-9] [INFO] [1789004540.665625074] [pure_pursuit_node]: Pure Pursuit: pose=(-5.325, -0.211, 2.413) cte=-0.016 closest=1796 target=1840 path_dist=0.016 heading_err=-0.089 steer=-0.233 speed=2.376
[gpu_amcl_cpp_node-6] [WARN] [1789004540.665757974] [gpu_amcl_cpp]: Queued LiDAR scan until source-time odometry arrives (queued=1).
[gpu_amcl_cpp_node-6] [INFO] [1789004541.116421710] [gpu_amcl_cpp]: AMCL odom delta: at_scan=(2.477, -6.878, -2.843) baseline=(2.625, -6.829, -2.800) delta=(-0.148, -0.049, -0.043) moved=true scan_age=0.048s
[ground_truth_amcl_monitor-7] [INFO] [1789004541.120904713] [ground_truth_amcl_monitor]: AMCL vs GT: gt=(-5.844, 0.682) amcl=(-5.839, 0.687) error=0.007 m / 0.000 rad; current_map=(-5.840, 0.685, 1.869) error=0.005 m / 0.000 rad; odom=(-6.077, 0.682, 1.869) error=0.233 m / 0.000 rad; ekf=(-6.077, 0.682, 1.869) error=0.233 m / 0.000 rad; RMS=0.118 m / 0.039 rad max=0.358 m / 0.119 rad samples=487
[gpu_amcl_cpp_node-6] [INFO] [1789004541.471095170] [gpu_amcl_cpp]: AMCL local correction: odom_prediction=(-6.088, 1.954, 1.681) scan=(-6.083, 1.919, 1.679) correction=0.035 m/0.003 rad cluster_weight=0.957 publish=true
[component_container-9] [INFO] [1789004541.667022276] [pure_pursuit_node]: Pure Pursuit: pose=(-6.166, 3.077, 1.578) cte=-0.004 closest=1968 target=2019 path_dist=0.004 heading_err=0.007 steer=-0.032 speed=4.841
[gpu_amcl_cpp_node-6] [INFO] [1789004542.117154953] [gpu_amcl_cpp]: AMCL odom delta: at_scan=(-1.839, -7.023, 2.887) baseline=(-1.624, -7.073, 2.943) delta=(-0.215, 0.050, -0.056) moved=true scan_age=0.049s
[ground_truth_amcl_monitor-7] [INFO] [1789004542.121432669] [ground_truth_amcl_monitor]: AMCL vs GT: gt=(-5.993, 4.951) amcl=(-5.978, 4.942) error=0.017 m / 0.000 rad; current_map=(-5.976, 4.942, 1.316) error=0.019 m / 0.000 rad; odom=(-6.223, 4.997, 1.316) error=0.235 m / 0.000 rad; ekf=(-6.223, 4.997, 1.316) error=0.235 m / 0.000 rad; RMS=0.122 m / 0.038 rad max=0.358 m / 0.119 rad samples=527
[gpu_amcl_cpp_node-6] [INFO] [1789004542.521579960] [gpu_amcl_cpp]: AMCL local correction: odom_prediction=(-5.438, 6.326, 1.024) scan=(-5.424, 6.338, 1.030) correction=0.018 m/0.007 rad cluster_weight=0.994 publish=true
[component_container-9] [INFO] [1789004542.667834627] [pure_pursuit_node]: Pure Pursuit: pose=(-5.121, 6.763, 0.859) cte=0.000 closest=2163 target=2209 path_dist=0.000 heading_err=0.009 steer=-0.146 speed=2.856
[gpu_amcl_cpp_node-6] [INFO] [1789004543.119152714] [gpu_amcl_cpp]: AMCL odom delta: at_scan=(-4.308, -5.200, 1.945) baseline=(-4.243, -5.353, 2.004) delta=(-0.065, 0.153, -0.059) moved=true scan_age=0.050s
[ground_truth_amcl_monitor-7] [INFO] [1789004543.122728050] [ground_truth_amcl_monitor]: AMCL vs GT: gt=(-4.171, 7.457) amcl=(-4.165, 7.439) error=0.018 m / 0.000 rad; current_map=(-4.163, 7.438, 0.375) error=0.020 m / 0.000 rad; odom=(-4.400, 7.466, 0.375) error=0.229 m / 0.000 rad; ekf=(-4.400, 7.466, 0.375) error=0.229 m / 0.000 rad; RMS=0.121 m / 0.038 rad max=0.358 m / 0.119 rad samples=567
[gpu_amcl_cpp_node-6] [INFO] [1789004543.569582180] [gpu_amcl_cpp]: AMCL local correction: odom_prediction=(-2.664, 7.547, -0.258) scan=(-2.679, 7.553, -0.257) correction=0.016 m/0.001 rad cluster_weight=0.964 publish=true
[component_container-9] [INFO] [1789004543.667917216] [pure_pursuit_node]: Pure Pursuit: pose=(-2.185, 7.371, -0.456) cte=-0.024 closest=2324 target=2371 path_dist=0.024 heading_err=0.024 steer=-0.093 speed=3.988
[gpu_amcl_cpp_node-6] [INFO] [1789004543.768102603] [gpu_amcl_cpp]: Received LiDAR callback #304 (1081 ranges).
[gpu_amcl_cpp_node-6] [INFO] [1789004543.768148109] [gpu_amcl_cpp]: Starting AMCL scan update #304 (sampled from 1081 ranges).
[gpu_amcl_cpp_node-6] [INFO] [1789004543.768652177] [gpu_amcl_cpp]: AMCL scan update #304 completed; evaluating pose confidence.
[gpu_amcl_cpp_node-6] [INFO] [1789004544.169505555] [gpu_amcl_cpp]: AMCL odom delta: at_scan=(-2.981, -1.777, 0.622) baseline=(-3.165, -1.916, 0.672) delta=(0.184, 0.139, -0.050) moved=true scan_age=0.050s
[ground_truth_amcl_monitor-7] [INFO] [1789004544.170158934] [ground_truth_amcl_monitor]: AMCL vs GT: gt=(-0.795, 6.169) amcl=(-0.925, 6.353) error=0.225 m / 0.050 rad; current_map=(-0.786, 6.169, -0.949) error=0.009 m / 0.000 rad; odom=(-1.115, 6.324, -0.899) error=0.356 m / 0.050 rad; ekf=(-1.115, 6.324, -0.899) error=0.356 m / 0.050 rad; RMS=0.122 m / 0.039 rad max=0.358 m / 0.119 rad samples=608
[gpu_amcl_cpp_node-6] [INFO] [1789004544.572177906] [gpu_amcl_cpp]: AMCL local correction: odom_prediction=(0.204, 4.424, -1.158) scan=(0.205, 4.422, -1.165) correction=0.002 m/0.007 rad cluster_weight=0.940 publish=true
[component_container-9] [INFO] [1789004544.714802234] [pure_pursuit_node]: Pure Pursuit: pose=(0.545, 3.589, -1.188) cte=-0.057 closest=2562 target=26 path_dist=0.057 heading_err=-0.050 steer=-0.111 speed=4.895
[gpu_amcl_cpp_node-6] [WARN] [1789004544.718798932] [gpu_amcl_cpp]: No local AMCL cluster near odometry prediction; using causal odometry pose.
[gpu_amcl_cpp_node-6] [INFO] [1789004544.921525848] [gpu_amcl_cpp]: AMCL recovery candidate: pose=(0.751, 2.903, -1.282) weight=0.887 stable_scans=1/3 odom_prediction=(0.763, 2.897).
[ground_truth_amcl_monitor-7] [INFO] [1789004545.173278806] [ground_truth_amcl_monitor]: AMCL vs GT: gt=(1.062, 1.743) amcl=(1.058, 1.738) error=0.006 m / 0.000 rad; current_map=(1.061, 1.757, -1.356) error=0.014 m / 0.000 rad; odom=(0.899, 1.654, -1.356) error=0.185 m / 0.000 rad; ekf=(0.899, 1.654, -1.356) error=0.185 m / 0.000 rad; RMS=0.124 m / 0.037 rad max=0.358 m / 0.119 rad samples=649
[gpu_amcl_cpp_node-6] [INFO] [1789004545.219462873] [gpu_amcl_cpp]: AMCL odom delta: at_scan=(1.736, 0.148, 0.207) baseline=(1.505, 0.098, 0.215) delta=(0.231, 0.049, -0.009) moved=true scan_age=0.050s
[gpu_amcl_cpp_node-6] [INFO] [1789004545.573179483] [gpu_amcl_cpp]: AMCL local correction: odom_prediction=(1.333, 0.049, -1.459) scan=(1.321, 0.038, -1.448) correction=0.016 m/0.011 rad cluster_weight=0.908 publish=true
[component_container-9] [INFO] [1789004545.717909342] [pure_pursuit_node]: Pure Pursuit: pose=(1.408, -0.834, -1.482) cte=-0.051 closest=201 target=250 path_dist=0.051 heading_err=-0.054 steer=-0.120 speed=4.708
[ground_truth_amcl_monitor-7] [INFO] [1789004546.177993999] [ground_truth_amcl_monitor]: AMCL vs GT: gt=(1.383, -2.697) amcl=(1.383, -2.730) error=0.033 m / 0.000 rad; current_map=(1.381, -2.734, -1.709) error=0.037 m / 0.000 rad; odom=(1.219, -2.827, -1.709) error=0.209 m / 0.000 rad; ekf=(1.219, -2.827, -1.709) error=0.209 m / 0.000 rad; RMS=0.127 m / 0.037 rad max=0.358 m / 0.119 rad samples=689
[gpu_amcl_cpp_node-6] [INFO] [1789004546.222253195] [gpu_amcl_cpp]: AMCL odom delta: at_scan=(6.216, 0.385, -0.153) baseline=(5.985, 0.419, -0.138) delta=(0.230, -0.034, -0.015) moved=true scan_age=0.050s
[gpu_amcl_cpp_node-6] [INFO] [1789004546.575595380] [gpu_amcl_cpp]: AMCL local correction: odom_prediction=(1.039, -4.658, -1.768) scan=(1.044, -4.639, -1.763) correction=0.020 m/0.005 rad cluster_weight=0.945 publish=true
[component_container-9] [INFO] [1789004546.720125103] [pure_pursuit_node]: Pure Pursuit: pose=(0.829, -5.805, -1.712) cte=-0.011 closest=451 target=504 path_dist=0.011 heading_err=-0.063 steer=-0.085 speed=4.703
[gpu_amcl_cpp_node-6] [INFO] [1789004547.222675702] [gpu_amcl_cpp]: AMCL odom delta: at_scan=(11.036, -0.556, -0.191) baseline=(10.840, -0.518, -0.183) delta=(0.197, -0.037, -0.009) moved=true scan_age=0.049s
[ground_truth_amcl_monitor-7] [INFO] [1789004547.223932647] [ground_truth_amcl_monitor]: AMCL vs GT: gt=(0.428, -7.645) amcl=(0.472, -7.450) error=0.201 m / 0.009 rad; current_map=(0.434, -7.647, -1.762) error=0.007 m / 0.000 rad; odom=(0.245, -7.878, -1.762) error=0.296 m / 0.000 rad; ekf=(0.245, -7.878, -1.762) error=0.296 m / 0.000 rad; RMS=0.129 m / 0.036 rad max=0.358 m / 0.119 rad samples=730
[gpu_amcl_cpp_node-6] [INFO] [1789004547.625298369] [gpu_amcl_cpp]: AMCL local correction: odom_prediction=(0.056, -8.890, -2.008) scan=(0.051, -8.897, -2.005) correction=0.009 m/0.002 rad cluster_weight=0.992 publish=true
[component_container-9] [INFO] [1789004547.770119099] [pure_pursuit_node]: Pure Pursuit: pose=(-0.171, -9.301, -2.148) cte=-0.019 closest=633 target=678 path_dist=0.019 heading_err=0.071 steer=-0.131 speed=2.526
[ground_truth_amcl_monitor-7] [INFO] [1789004548.225975533] [ground_truth_amcl_monitor]: AMCL vs GT: gt=(-0.874, -10.010) amcl=(-0.855, -9.984) error=0.032 m / 0.000 rad; current_map=(-0.857, -9.983, -2.683) error=0.032 m / 0.000 rad; odom=(-1.064, -10.215, -2.683) error=0.280 m / 0.000 rad; ekf=(-1.064, -10.215, -2.683) error=0.280 m / 0.000 rad; RMS=0.129 m / 0.036 rad max=0.358 m / 0.119 rad samples=771
[gpu_amcl_cpp_node-6] [INFO] [1789004548.270766077] [gpu_amcl_cpp]: AMCL odom delta: at_scan=(13.423, -1.978, -1.205) baseline=(13.373, -1.865, -1.112) delta=(0.050, -0.113, -0.093) moved=true scan_age=0.049s
[gpu_amcl_cpp_node-6] [INFO] [1789004548.625537852] [gpu_amcl_cpp]: AMCL local correction: odom_prediction=(-1.824, -10.048, 2.814) scan=(-1.827, -10.039, 2.817) correction=0.009 m/0.003 rad cluster_weight=0.994 publish=true
[component_container-9] [INFO] [1789004548.770261169] [pure_pursuit_node]: Pure Pursuit: pose=(-2.261, -9.789, 2.416) cte=-0.033 closest=757 target=802 path_dist=0.033 heading_err=-0.030 steer=-0.184 speed=2.703
[gpu_amcl_cpp_node-6] [INFO] [1789004548.772025939] [gpu_amcl_cpp]: Received LiDAR callback #404 (1081 ranges).
[gpu_amcl_cpp_node-6] [INFO] [1789004548.772072727] [gpu_amcl_cpp]: Starting AMCL scan update #404 (sampled from 1081 ranges).
[gpu_amcl_cpp_node-6] [INFO] [1789004548.772865829] [gpu_amcl_cpp]: AMCL scan update #404 completed; evaluating pose confidence.
[ground_truth_amcl_monitor-7] [INFO] [1789004549.247944661] [ground_truth_amcl_monitor]: AMCL vs GT: gt=(-2.883, -8.773) amcl=(-2.840, -8.890) error=0.125 m / 0.043 rad; current_map=(-2.904, -8.717, 1.903) error=0.059 m / 0.000 rad; odom=(-3.121, -8.953, 1.903) error=0.299 m / 0.000 rad; ekf=(-3.121, -8.953, 1.903) error=0.299 m / 0.000 rad; RMS=0.127 m / 0.037 rad max=0.358 m / 0.119 rad samples=810
[gpu_amcl_cpp_node-6] [INFO] [1789004549.296060461] [gpu_amcl_cpp]: AMCL odom delta: at_scan=(11.940, -3.978, -2.843) baseline=(12.111, -3.922, -2.809) delta=(-0.171, -0.056, -0.033) moved=true scan_age=0.049s
[gpu_amcl_cpp_node-6] [INFO] [1789004549.649484160] [gpu_amcl_cpp]: AMCL local correction: odom_prediction=(-3.147, -7.156, 1.619) scan=(-3.145, -7.177, 1.622) correction=0.021 m/0.003 rad cluster_weight=0.994 publish=true
[component_container-9] [INFO] [1789004549.795590929] [pure_pursuit_node]: Pure Pursuit: pose=(-3.106, -6.205, 1.428) cte=0.008 closest=946 target=997 path_dist=0.008 heading_err=0.034 steer=-0.005 speed=5.010
[ground_truth_amcl_monitor-7] [INFO] [1789004550.250945389] [ground_truth_amcl_monitor]: AMCL vs GT: gt=(-2.662, -4.267) amcl=(-2.646, -4.249) error=0.024 m / 0.000 rad; current_map=(-2.650, -4.250, 1.237) error=0.020 m / 0.000 rad; odom=(-2.888, -4.357, 1.237) error=0.244 m / 0.000 rad; ekf=(-2.888, -4.357, 1.237) error=0.244 m / 0.000 rad; RMS=0.128 m / 0.037 rad max=0.358 m / 0.119 rad samples=851
[gpu_amcl_cpp_node-6] [INFO] [1789004550.347284781] [gpu_amcl_cpp]: AMCL odom delta: at_scan=(7.003, -3.542, 2.925) baseline=(7.265, -3.609, 2.857) delta=(-0.262, 0.067, 0.068) moved=true scan_age=0.051s
[gpu_amcl_cpp_node-6] [INFO] [1789004550.699226563] [gpu_amcl_cpp]: AMCL local correction: odom_prediction=(-1.991, -1.832, 1.353) scan=(-1.981, -1.820, 1.340) correction=0.016 m/0.012 rad cluster_weight=0.949 publish=true
[component_container-9] [INFO] [1789004550.844907521] [pure_pursuit_node]: Pure Pursuit: pose=(-1.729, -0.745, 1.243) cte=-0.006 closest=1228 target=1280 path_dist=0.006 heading_err=0.098 steer=0.116 speed=4.684
[ground_truth_amcl_monitor-7] [INFO] [1789004551.252390891] [ground_truth_amcl_monitor]: AMCL vs GT: gt=(-1.436, 0.639) amcl=(-1.422, 0.655) error=0.022 m / 0.000 rad; current_map=(-1.423, 0.648, 1.345) error=0.016 m / 0.000 rad; odom=(-1.661, 0.561, 1.345) error=0.237 m / 0.000 rad; ekf=(-1.661, 0.561, 1.345) error=0.237 m / 0.000 rad; RMS=0.130 m / 0.037 rad max=0.358 m / 0.119 rad samples=891
[gpu_amcl_cpp_node-6] [INFO] [1789004551.347524114] [gpu_amcl_cpp]: AMCL odom delta: at_scan=(2.215, -2.381, 2.975) baseline=(2.403, -2.418, 2.925) delta=(-0.188, 0.036, 0.051) moved=true scan_age=0.049s
[gpu_amcl_cpp_node-6] [INFO] [1789004551.701120618] [gpu_amcl_cpp]: AMCL local correction: odom_prediction=(-1.253, 2.247, 1.558) scan=(-1.252, 2.261, 1.555) correction=0.014 m/0.003 rad cluster_weight=0.967 publish=true
[component_container-9] [INFO] [1789004551.846746533] [pure_pursuit_node]: Pure Pursuit: pose=(-1.306, 2.738, 1.790) cte=0.007 closest=1405 target=1449 path_dist=0.007 heading_err=-0.027 steer=0.129 speed=1.967
[ground_truth_amcl_monitor-7] [INFO] [1789004552.296987122] [ground_truth_amcl_monitor]: AMCL vs GT: gt=(-1.576, 3.368) amcl=(-1.518, 3.309) error=0.083 m / 0.073 rad; current_map=(-1.567, 3.390, 2.149) error=0.024 m / 0.000 rad; odom=(-1.760, 3.181, 2.076) error=0.262 m / 0.073 rad; ekf=(-1.760, 3.181, 2.076) error=0.262 m / 0.073 rad; RMS=0.128 m / 0.036 rad max=0.358 m / 0.119 rad samples=932
[gpu_amcl_cpp_node-6] [INFO] [1789004552.397539810] [gpu_amcl_cpp]: AMCL odom delta: at_scan=(-0.251, -2.724, -2.392) baseline=(-0.180, -2.664, -2.482) delta=(-0.071, -0.060, 0.090) moved=true scan_age=0.051s
[gpu_amcl_cpp_node-6] [INFO] [1789004552.749102900] [gpu_amcl_cpp]: AMCL local correction: odom_prediction=(-2.213, 3.833, 2.994) scan=(-2.213, 3.851, 2.984) correction=0.018 m/0.010 rad cluster_weight=0.977 publish=true
[component_container-9] [INFO] [1789004552.894934571] [pure_pursuit_node]: Pure Pursuit: pose=(-2.561, 3.813, -2.849) cte=0.006 closest=1500 target=1543 path_dist=0.006 heading_err=0.097 steer=0.431 speed=1.899
[ground_truth_amcl_monitor-7] [INFO] [1789004553.298323719] [ground_truth_amcl_monitor]: AMCL vs GT: gt=(-2.987, 3.369) amcl=(-2.936, 3.425) error=0.076 m / 0.091 rad; current_map=(-2.992, 3.337, -2.093) error=0.033 m / 0.000 rad; odom=(-3.330, 3.244, -2.093) error=0.365 m / 0.000 rad; ekf=(-3.330, 3.244, -2.093) error=0.365 m / 0.000 rad; RMS=0.126 m / 0.039 rad max=0.358 m / 0.125 rad samples=972
[gpu_amcl_cpp_node-6] [INFO] [1789004553.446395915] [gpu_amcl_cpp]: AMCL odom delta: at_scan=(0.222, -4.260, -0.286) baseline=(0.116, -4.225, -0.357) delta=(0.106, -0.035, 0.071) moved=true scan_age=0.050s
[gpu_amcl_cpp_node-6] [INFO] [1789004553.750895003] [gpu_amcl_cpp]: AMCL local correction: odom_prediction=(-3.235, 2.177, -1.672) scan=(-3.236, 2.200, -1.664) correction=0.023 m/0.009 rad cluster_weight=0.957 publish=true
[gpu_amcl_cpp_node-6] [INFO] [1789004553.796435819] [gpu_amcl_cpp]: Received LiDAR callback #504 (1081 ranges).
[gpu_amcl_cpp_node-6] [INFO] [1789004553.796496764] [gpu_amcl_cpp]: Starting AMCL scan update #504 (sampled from 1081 ranges).
[gpu_amcl_cpp_node-6] [INFO] [1789004553.797044204] [gpu_amcl_cpp]: AMCL scan update #504 completed; evaluating pose confidence.
[component_container-9] [INFO] [1789004553.895356858] [pure_pursuit_node]: Pure Pursuit: pose=(-3.296, 1.521, -1.652) cte=0.021 closest=1625 target=1672 path_dist=0.021 heading_err=-0.032 steer=-0.058 speed=3.274
[ground_truth_amcl_monitor-7] [INFO] [1789004554.301440895] [ground_truth_amcl_monitor]: AMCL vs GT: gt=(-3.483, 0.544) amcl=(-3.470, 0.574) error=0.033 m / 0.000 rad; current_map=(-3.473, 0.574, -1.918) error=0.032 m / 0.000 rad; odom=(-3.834, 0.412, -1.918) error=0.375 m / 0.000 rad; ekf=(-3.834, 0.412, -1.918) error=0.375 m / 0.000 rad; RMS=0.125 m / 0.038 rad max=0.358 m / 0.125 rad samples=1011
[gpu_amcl_cpp_node-6] [INFO] [1789004554.446857566] [gpu_amcl_cpp]: AMCL odom delta: at_scan=(2.993, -4.744, -0.472) baseline=(2.908, -4.702, -0.437) delta=(0.084, -0.041, -0.034) moved=true scan_age=0.050s
[gpu_amcl_cpp_node-6] [INFO] [1789004554.798937327] [gpu_amcl_cpp]: AMCL local correction: odom_prediction=(-3.983, -0.221, -2.478) scan=(-3.983, -0.239, -2.472) correction=0.019 m/0.006 rad cluster_weight=0.986 publish=true
[component_container-9] [INFO] [1789004554.944448977] [pure_pursuit_node]: Pure Pursuit: pose=(-4.317, -0.416, -2.783) cte=-0.020 closest=1742 target=1785 path_dist=0.020 heading_err=-0.023 steer=-0.331 speed=1.970
[ground_truth_amcl_monitor-7] [INFO] [1789004555.302351441] [ground_truth_amcl_monitor]: AMCL vs GT: gt=(-4.883, -0.439) amcl=(-4.871, -0.443) error=0.012 m / 0.000 rad; current_map=(-4.876, -0.456, 2.913) error=0.018 m / 0.000 rad; odom=(-5.269, -0.592, 2.913) error=0.416 m / 0.000 rad; ekf=(-5.269, -0.592, 2.913) error=0.416 m / 0.000 rad; RMS=0.124 m / 0.039 rad max=0.358 m / 0.125 rad samples=1051
[gpu_amcl_cpp_node-6] [INFO] [1789004555.495905913] [gpu_amcl_cpp]: AMCL odom delta: at_scan=(3.589, -6.430, -2.179) baseline=(3.643, -6.344, -2.085) delta=(-0.054, -0.085, -0.093) moved=true scan_age=0.050s
[gpu_amcl_cpp_node-6] [INFO] [1789004555.800245070] [gpu_amcl_cpp]: AMCL local correction: odom_prediction=(-5.659, 0.239, 2.046) scan=(-5.659, 0.239, 2.048) correction=0.000 m/0.002 rad cluster_weight=0.960 publish=true
[component_container-9] [INFO] [1789004555.945254314] [pure_pursuit_node]: Pure Pursuit: pose=(-5.871, 0.784, 1.850) cte=-0.047 closest=1853 target=1899 path_dist=0.047 heading_err=0.017 steer=-0.066 speed=3.727
[ground_truth_amcl_monitor-7] [INFO] [1789004556.347021010] [ground_truth_amcl_monitor]: AMCL vs GT: gt=(-6.118, 2.115) amcl=(-6.083, 1.886) error=0.231 m / 0.009 rad; current_map=(-6.108, 2.099, 1.683) error=0.019 m / 0.000 rad; odom=(-6.533, 1.998, 1.683) error=0.431 m / 0.000 rad; ekf=(-6.533, 1.998, 1.683) error=0.431 m / 0.000 rad; RMS=0.123 m / 0.039 rad max=0.358 m / 0.125 rad samples=1092
[gpu_amcl_cpp_node-6] [INFO] [1789004556.496908681] [gpu_amcl_cpp]: AMCL odom delta: at_scan=(0.471, -7.391, -3.106) baseline=(0.712, -7.377, -3.067) delta=(-0.241, -0.013, -0.040) moved=true scan_age=0.051s
[gpu_amcl_cpp_node-6] [INFO] [1789004556.848981670] [gpu_amcl_cpp]: AMCL local correction: odom_prediction=(-6.079, 4.434, 1.429) scan=(-6.082, 4.445, 1.434) correction=0.011 m/0.005 rad cluster_weight=0.988 publish=true
[component_container-9] [INFO] [1789004556.995148291] [pure_pursuit_node]: Pure Pursuit: pose=(-5.870, 5.298, 1.267) cte=0.002 closest=2081 target=2130 path_dist=0.002 heading_err=0.003 steer=-0.070 speed=3.718
[gpu_amcl_cpp_node-6] [WARN] [1789004557.196110468] [gpu_amcl_cpp]: Queued LiDAR scan until source-time odometry arrives (queued=1).
[ground_truth_amcl_monitor-7] [INFO] [1789004557.350729719] [ground_truth_amcl_monitor]: AMCL vs GT: gt=(-5.475, 6.315) amcl=(-5.455, 6.304) error=0.023 m / 0.000 rad; current_map=(-5.457, 6.296, 1.014) error=0.026 m / 0.000 rad; odom=(-5.892, 6.195, 1.014) error=0.433 m / 0.000 rad; ekf=(-5.892, 6.195, 1.014) error=0.433 m / 0.000 rad; RMS=0.125 m / 0.039 rad max=0.358 m / 0.125 rad samples=1133
[gpu_amcl_cpp_node-6] [INFO] [1789004557.546608603] [gpu_amcl_cpp]: AMCL odom delta: at_scan=(-3.479, -6.378, 2.433) baseline=(-3.368, -6.467, 2.492) delta=(-0.110, 0.089, -0.059) moved=true scan_age=0.050s
[gpu_amcl_cpp_node-6] [INFO] [1789004557.849016267] [gpu_amcl_cpp]: AMCL local correction: odom_prediction=(-4.496, 7.267, 0.522) scan=(-4.503, 7.265, 0.534) correction=0.007 m/0.012 rad cluster_weight=0.994 publish=true
[component_container-9] [INFO] [1789004557.995388465] [pure_pursuit_node]: Pure Pursuit: pose=(-3.877, 7.525, 0.258) cte=-0.002 closest=2237 target=2285 path_dist=0.002 heading_err=-0.019 steer=-0.143 speed=3.471
[ground_truth_amcl_monitor-7] [INFO] [1789004558.351612462] [ground_truth_amcl_monitor]: AMCL vs GT: gt=(-2.872, 7.590) amcl=(-2.868, 7.586) error=0.006 m / 0.000 rad; current_map=(-2.868, 7.582, -0.176) error=0.009 m / 0.000 rad; odom=(-3.258, 7.482, -0.176) error=0.401 m / 0.000 rad; ekf=(-3.258, 7.482, -0.176) error=0.401 m / 0.000 rad; RMS=0.125 m / 0.039 rad max=0.358 m / 0.125 rad samples=1173
[gpu_amcl_cpp_node-6] [INFO] [1789004558.595994645] [gpu_amcl_cpp]: AMCL odom delta: at_scan=(-4.027, -3.223, 1.082) baseline=(-4.110, -3.390, 1.142) delta=(0.083, 0.167, -0.060) moved=true scan_age=0.050s
[gpu_amcl_cpp_node-6] [INFO] [1789004558.846002380] [gpu_amcl_cpp]: Received LiDAR callback #605 (1081 ranges).
[gpu_amcl_cpp_node-6] [INFO] [1789004558.846058025] [gpu_amcl_cpp]: Starting AMCL scan update #605 (sampled from 1081 ranges).
[gpu_amcl_cpp_node-6] [INFO] [1789004558.846604503] [gpu_amcl_cpp]: AMCL scan update #605 completed; evaluating pose confidence.
[gpu_amcl_cpp_node-6] [INFO] [1789004558.898928148] [gpu_amcl_cpp]: AMCL local correction: odom_prediction=(-1.075, 6.524, -0.834) scan=(-1.085, 6.537, -0.836) correction=0.017 m/0.002 rad cluster_weight=0.979 publish=true
[component_container-9] [INFO] [1789004559.047021584] [pure_pursuit_node]: Pure Pursuit: pose=(-0.500, 5.756, -1.030) cte=-0.014 closest=2441 target=2492 path_dist=0.014 heading_err=0.031 steer=-0.028 speed=5.385
[ground_truth_amcl_monitor-7] [INFO] [1789004559.397165813] [ground_truth_amcl_monitor]: AMCL vs GT: gt=(0.223, 4.336) amcl=(0.112, 4.577) error=0.266 m / 0.038 rad; current_map=(0.235, 4.316, -1.150) error=0.023 m / 0.000 rad; odom=(-0.100, 4.135, -1.150) error=0.381 m / 0.000 rad; ekf=(-0.100, 4.135, -1.150) error=0.381 m / 0.000 rad; RMS=0.126 m / 0.039 rad max=0.358 m / 0.125 rad samples=1214
[gpu_amcl_cpp_node-6] [INFO] [1789004559.596269143] [gpu_amcl_cpp]: AMCL odom delta: at_scan=(0.095, -0.551, 0.283) baseline=(-0.169, -0.625, 0.265) delta=(0.264, 0.074, 0.019) moved=true scan_age=0.050s
[gpu_amcl_cpp_node-6] [INFO] [1789004559.946493725] [gpu_amcl_cpp]: AMCL local correction: odom_prediction=(1.163, 1.390, -1.407) scan=(1.159, 1.424, -1.419) correction=0.034 m/0.012 rad cluster_weight=0.948 publish=true
[component_container-9] [INFO] [1789004560.095202107] [pure_pursuit_node]: Pure Pursuit: pose=(1.275, 0.401, -1.472) cte=-0.022 closest=139 target=191 path_dist=0.022 heading_err=0.033 steer=-0.021 speed=5.819
[gpu_amcl_cpp_node-6] [WARN] [1789004560.098912136] [gpu_amcl_cpp]: No local AMCL cluster near odometry prediction; using causal odometry pose.
[ground_truth_amcl_monitor-7] [INFO] [1789004560.397306310] [ground_truth_amcl_monitor]: AMCL vs GT: gt=(1.381, -1.004) amcl=(1.346, -0.838) error=0.170 m / 0.029 rad; current_map=(1.350, -1.142, -1.573) error=0.141 m / 0.000 rad; odom=(1.071, -1.345, -1.573) error=0.460 m / 0.000 rad; ekf=(1.071, -1.345, -1.573) error=0.460 m / 0.000 rad; RMS=0.128 m / 0.039 rad max=0.358 m / 0.125 rad samples=1254
[gpu_amcl_cpp_node-6] [INFO] [1789004560.596320221] [gpu_amcl_cpp]: AMCL odom delta: at_scan=(5.823, 0.273, -0.006) baseline=(5.493, 0.272, 0.011) delta=(0.331, 0.001, -0.017) moved=true scan_age=0.049s
[gpu_amcl_cpp_node-6] [INFO] [1789004560.949045787] [gpu_amcl_cpp]: AMCL local correction: odom_prediction=(1.095, -4.382, -1.762) scan=(1.099, -4.354, -1.768) correction=0.029 m/0.005 rad cluster_weight=0.932 publish=true
[component_container-9] [INFO] [1789004561.095210435] [pure_pursuit_node]: Pure Pursuit: pose=(0.866, -5.561, -1.820) cte=0.002 closest=439 target=493 path_dist=0.002 heading_err=0.051 steer=0.038 speed=5.027
[ground_truth_amcl_monitor-7] [INFO] [1789004561.397321300] [ground_truth_amcl_monitor]: AMCL vs GT: gt=(0.578, -6.745) amcl=(0.640, -6.474) error=0.278 m / 0.006 rad; current_map=(0.596, -6.690, -1.772) error=0.058 m / 0.000 rad; odom=(0.306, -6.937, -1.778) error=0.333 m / 0.006 rad; ekf=(0.306, -6.937, -1.778) error=0.333 m / 0.006 rad; RMS=0.130 m / 0.038 rad max=0.358 m / 0.125 rad samples=1294
[gpu_amcl_cpp_node-6] [INFO] [1789004561.596614136] [gpu_amcl_cpp]: AMCL odom delta: at_scan=(11.069, -0.696, -0.217) baseline=(10.874, -0.654, -0.204) delta=(0.196, -0.042, -0.014) moved=true scan_age=0.050s
[gpu_amcl_cpp_node-6] [INFO] [1789004561.949865120] [gpu_amcl_cpp]: AMCL local correction: odom_prediction=(0.102, -8.718, -1.912) scan=(0.102, -8.723, -1.908) correction=0.005 m/0.004 rad cluster_weight=0.989 publish=true
[component_container-9] [INFO] [1789004562.145170335] [pure_pursuit_node]: Pure Pursuit: pose=(-0.147, -9.272, -2.056) cte=-0.027 closest=632 target=676 path_dist=0.027 heading_err=-0.010 steer=-0.209 speed=2.500
[ground_truth_amcl_monitor-7] [INFO] [1789004562.400950369] [ground_truth_amcl_monitor]: AMCL vs GT: gt=(-0.458, -9.720) amcl=(-0.441, -9.692) error=0.033 m / 0.000 rad; current_map=(-0.442, -9.694, -2.310) error=0.031 m / 0.000 rad; odom=(-0.772, -10.102, -2.310) error=0.494 m / 0.000 rad; ekf=(-0.772, -10.102, -2.310) error=0.494 m / 0.000 rad; RMS=0.130 m / 0.038 rad max=0.358 m / 0.125 rad samples=1335
[gpu_amcl_cpp_node-6] [INFO] [1789004562.646151221] [gpu_amcl_cpp]: AMCL odom delta: at_scan=(13.614, -2.068, -1.184) baseline=(13.562, -1.958, -1.083) delta=(0.052, -0.110, -0.101) moved=true scan_age=0.050s
[gpu_amcl_cpp_node-6] [INFO] [1789004562.951205904] [gpu_amcl_cpp]: AMCL local correction: odom_prediction=(-1.667, -10.097, 2.916) scan=(-1.662, -10.096, 2.920) correction=0.005 m/0.004 rad cluster_weight=0.995 publish=true
[component_container-9] [INFO] [1789004563.195481176] [pure_pursuit_node]: Pure Pursuit: pose=(-2.307, -9.727, 2.379) cte=-0.021 closest=761 target=806 path_dist=0.021 heading_err=-0.041 steer=-0.182 speed=2.838
[ground_truth_amcl_monitor-7] [INFO] [1789004563.402215270] [ground_truth_amcl_monitor]: AMCL vs GT: gt=(-2.546, -9.458) amcl=(-2.558, -9.421) error=0.038 m / 0.000 rad; current_map=(-2.563, -9.418, 2.158) error=0.043 m / 0.000 rad; odom=(-2.912, -9.834, 2.158) error=0.526 m / 0.000 rad; ekf=(-2.912, -9.834, 2.158) error=0.526 m / 0.000 rad; RMS=0.129 m / 0.039 rad max=0.358 m / 0.125 rad samples=1375
[gpu_amcl_cpp_node-6] [INFO] [1789004563.646469562] [gpu_amcl_cpp]: AMCL odom delta: at_scan=(12.265, -4.069, -2.792) baseline=(12.436, -4.003, -2.749) delta=(-0.171, -0.067, -0.043) moved=true scan_age=0.050s
[gpu_amcl_cpp_node-6] [INFO] [1789004563.846171808] [gpu_amcl_cpp]: Received LiDAR callback #705 (1081 ranges).
[gpu_amcl_cpp_node-6] [INFO] [1789004563.846230900] [gpu_amcl_cpp]: Starting AMCL scan update #705 (sampled from 1081 ranges).
[gpu_amcl_cpp_node-6] [INFO] [1789004563.846760616] [gpu_amcl_cpp]: AMCL scan update #705 completed; evaluating pose confidence.
[gpu_amcl_cpp_node-6] [INFO] [1789004563.999414561] [gpu_amcl_cpp]: AMCL local correction: odom_prediction=(-3.156, -7.323, 1.638) scan=(-3.150, -7.344, 1.644) correction=0.022 m/0.006 rad cluster_weight=0.988 publish=true
[component_container-9] [INFO] [1789004564.244873329] [pure_pursuit_node]: Pure Pursuit: pose=(-3.067, -5.910, 1.442) cte=0.008 closest=961 target=1013 path_dist=0.008 heading_err=-0.020 steer=-0.065 speed=5.010
[ground_truth_amcl_monitor-7] [INFO] [1789004564.447038027] [ground_truth_amcl_monitor]: AMCL vs GT: gt=(-2.957, -5.179) amcl=(-2.984, -5.401) error=0.224 m / 0.061 rad; current_map=(-2.937, -5.157, 1.350) error=0.030 m / 0.000 rad; odom=(-3.368, -5.733, 1.411) error=0.689 m / 0.061 rad; ekf=(-3.368, -5.733, 1.411) error=0.689 m / 0.061 rad; RMS=0.129 m / 0.039 rad max=0.358 m / 0.125 rad samples=1416
[gpu_amcl_cpp_node-6] [INFO] [1789004564.697191877] [gpu_amcl_cpp]: AMCL odom delta: at_scan=(7.473, -3.761, 2.875) baseline=(7.718, -3.832, 2.845) delta=(-0.244, 0.071, 0.029) moved=true scan_age=0.051s
[gpu_amcl_cpp_node-6] [INFO] [1789004565.048590276] [gpu_amcl_cpp]: AMCL local correction: odom_prediction=(-2.023, -2.119, 1.329) scan=(-2.025, -2.140, 1.319) correction=0.021 m/0.010 rad cluster_weight=0.963 publish=true
[component_container-9] [INFO] [1789004565.245101139] [pure_pursuit_node]: Pure Pursuit: pose=(-1.737, -0.840, 1.315) cte=0.008 closest=1223 target=1274 path_dist=0.008 heading_err=0.023 steer=0.044 speed=4.774
[ground_truth_amcl_monitor-7] [INFO] [1789004565.447145501] [ground_truth_amcl_monitor]: AMCL vs GT: gt=(-1.589, -0.183) amcl=(-1.621, -0.362) error=0.182 m / 0.051 rad; current_map=(-1.580, -0.158, 1.398) error=0.027 m / 0.000 rad; odom=(-1.980, -0.643, 1.347) error=0.604 m / 0.051 rad; ekf=(-1.980, -0.643, 1.347) error=0.604 m / 0.051 rad; RMS=0.130 m / 0.038 rad max=0.358 m / 0.125 rad samples=1456
[gpu_amcl_cpp_node-6] [INFO] [1789004565.721284038] [gpu_amcl_cpp]: AMCL odom delta: at_scan=(2.573, -2.550, 2.922) baseline=(2.762, -2.592, 2.933) delta=(-0.190, 0.041, -0.010) moved=true scan_age=0.050s
[gpu_amcl_cpp_node-6] [INFO] [1789004566.075414797] [gpu_amcl_cpp]: AMCL local correction: odom_prediction=(-1.250, 2.088, 1.554) scan=(-1.251, 2.075, 1.538) correction=0.013 m/0.016 rad cluster_weight=0.965 publish=true
[component_container-9] [INFO] [1789004566.271269365] [pure_pursuit_node]: Pure Pursuit: pose=(-1.296, 2.734, 1.792) cte=0.016 closest=1404 target=1448 path_dist=0.016 heading_err=-0.032 steer=0.112 speed=1.967
[ground_truth_amcl_monitor-7] [INFO] [1789004566.471899867] [ground_truth_amcl_monitor]: AMCL vs GT: gt=(-1.372, 2.973) amcl=(-1.332, 2.900) error=0.083 m / 0.048 rad; current_map=(-1.359, 2.991, 1.875) error=0.022 m / 0.000 rad; odom=(-1.695, 2.597, 1.828) error=0.496 m / 0.048 rad; ekf=(-1.695, 2.597, 1.828) error=0.496 m / 0.048 rad; RMS=0.129 m / 0.038 rad max=0.358 m / 0.125 rad samples=1496
[gpu_amcl_cpp_node-6] [INFO] [1789004566.721314817] [gpu_amcl_cpp]: AMCL odom delta: at_scan=(0.037, -2.721, -2.546) baseline=(0.121, -2.669, -2.627) delta=(-0.084, -0.052, 0.081) moved=true scan_age=0.049s
[gpu_amcl_cpp_node-6] [INFO] [1789004567.075682902] [gpu_amcl_cpp]: AMCL local correction: odom_prediction=(-2.055, 3.825, 2.817) scan=(-2.051, 3.822, 2.807) correction=0.005 m/0.010 rad cluster_weight=0.976 publish=true
[component_container-9] [INFO] [1789004567.273600031] [pure_pursuit_node]: Pure Pursuit: pose=(-2.509, 3.849, -2.896) cte=0.022 closest=1497 target=1540 path_dist=0.022 heading_err=0.046 steer=0.426 speed=1.845
[ground_truth_amcl_monitor-7] [INFO] [1789004567.497269662] [ground_truth_amcl_monitor]: AMCL vs GT: gt=(-2.720, 3.677) amcl=(-2.665, 3.739) error=0.083 m / 0.107 rad; current_map=(-2.743, 3.688, -2.515) error=0.026 m / 0.000 rad; odom=(-3.156, 3.396, -2.515) error=0.519 m / 0.000 rad; ekf=(-3.156, 3.396, -2.515) error=0.519 m / 0.000 rad; RMS=0.128 m / 0.039 rad max=0.358 m / 0.155 rad samples=1536
[gpu_amcl_cpp_node-6] [INFO] [1789004567.746230297] [gpu_amcl_cpp]: AMCL odom delta: at_scan=(0.146, -4.273, -0.465) baseline=(0.055, -4.222, -0.548) delta=(0.091, -0.050, 0.084) moved=true scan_age=0.050s
[gpu_amcl_cpp_node-6] [INFO] [1789004568.099552254] [gpu_amcl_cpp]: AMCL local correction: odom_prediction=(-3.213, 2.420, -1.682) scan=(-3.209, 2.428, -1.672) correction=0.008 m/0.010 rad cluster_weight=0.941 publish=true
[component_container-9] [INFO] [1789004568.295311002] [pure_pursuit_node]: Pure Pursuit: pose=(-3.288, 1.591, -1.657) cte=0.021 closest=1622 target=1669 path_dist=0.021 heading_err=-0.029 steer=-0.042 speed=3.297
[ground_truth_amcl_monitor-7] [INFO] [1789004568.498166861] [ground_truth_amcl_monitor]: AMCL vs GT: gt=(-3.352, 1.130) amcl=(-3.322, 1.282) error=0.155 m / 0.036 rad; current_map=(-3.343, 1.120, -1.721) error=0.014 m / 0.000 rad; odom=(-3.813, 0.816, -1.721) error=0.558 m / 0.000 rad; ekf=(-3.813, 0.816, -1.721) error=0.558 m / 0.000 rad; RMS=0.127 m / 0.039 rad max=0.358 m / 0.155 rad samples=1576
[gpu_amcl_cpp_node-6] [INFO] [1789004568.797254138] [gpu_amcl_cpp]: AMCL odom delta: at_scan=(3.042, -4.811, -0.406) baseline=(2.940, -4.770, -0.365) delta=(0.103, -0.042, -0.041) moved=true scan_age=0.051s
[gpu_amcl_cpp_node-6] [INFO] [1789004568.846866433] [gpu_amcl_cpp]: Received LiDAR callback #804 (1081 ranges).
[gpu_amcl_cpp_node-6] [INFO] [1789004568.846925935] [gpu_amcl_cpp]: Starting AMCL scan update #804 (sampled from 1081 ranges).
[gpu_amcl_cpp_node-6] [INFO] [1789004568.847471611] [gpu_amcl_cpp]: AMCL scan update #804 completed; evaluating pose confidence.
[gpu_amcl_cpp_node-6] [INFO] [1789004569.100960254] [gpu_amcl_cpp]: AMCL local correction: odom_prediction=(-3.859, -0.108, -2.341) scan=(-3.857, -0.100, -2.339) correction=0.009 m/0.002 rad cluster_weight=0.989 publish=true
[component_container-9] [INFO] [1789004569.297204395] [pure_pursuit_node]: Pure Pursuit: pose=(-4.254, -0.399, -2.717) cte=-0.025 closest=1738 target=1782 path_dist=0.025 heading_err=-0.060 steer=-0.329 speed=1.970
[ground_truth_amcl_monitor-7] [INFO] [1789004569.501889405] [ground_truth_amcl_monitor]: AMCL vs GT: gt=(-4.531, -0.462) amcl=(-4.515, -0.472) error=0.019 m / 0.000 rad; current_map=(-4.519, -0.480, -3.000) error=0.022 m / 0.000 rad; odom=(-5.012, -0.768, -3.000) error=0.570 m / 0.000 rad; ekf=(-5.012, -0.768, -3.000) error=0.570 m / 0.000 rad; RMS=0.126 m / 0.040 rad max=0.358 m / 0.155 rad samples=1617
[gpu_amcl_cpp_node-6] [INFO] [1789004569.846203026] [gpu_amcl_cpp]: AMCL odom delta: at_scan=(3.795, -6.465, -2.099) baseline=(3.842, -6.376, -2.009) delta=(-0.047, -0.089, -0.090) moved=true scan_age=0.049s
[gpu_amcl_cpp_node-6] [INFO] [1789004570.149151648] [gpu_amcl_cpp]: AMCL local correction: odom_prediction=(-5.604, 0.151, 2.113) scan=(-5.609, 0.165, 2.111) correction=0.015 m/0.002 rad cluster_weight=0.959 publish=true
[component_container-9] [INFO] [1789004570.345432788] [pure_pursuit_node]: Pure Pursuit: pose=(-5.883, 0.827, 1.835) cte=-0.047 closest=1855 target=1901 path_dist=0.047 heading_err=0.026 steer=-0.057 speed=3.727
[ground_truth_amcl_monitor-7] [INFO] [1789004570.502494043] [ground_truth_amcl_monitor]: AMCL vs GT: gt=(-5.969, 1.141) amcl=(-5.963, 1.144) error=0.006 m / 0.000 rad; current_map=(-5.963, 1.143, 1.771) error=0.006 m / 0.000 rad; odom=(-6.488, 0.862, 1.771) error=0.590 m / 0.000 rad; ekf=(-6.488, 0.862, 1.771) error=0.590 m / 0.000 rad; RMS=0.125 m / 0.040 rad max=0.358 m / 0.155 rad samples=1657
[gpu_amcl_cpp_node-6] [INFO] [1789004570.846211874] [gpu_amcl_cpp]: AMCL odom delta: at_scan=(0.834, -7.475, -3.102) baseline=(1.057, -7.464, -3.079) delta=(-0.223, -0.011, -0.023) moved=true scan_age=0.050s
[gpu_amcl_cpp_node-6] [INFO] [1789004571.149344281] [gpu_amcl_cpp]: AMCL local correction: odom_prediction=(-6.142, 4.002, 1.457) scan=(-6.147, 3.999, 1.464) correction=0.006 m/0.006 rad cluster_weight=0.980 publish=true
[component_container-9] [INFO] [1789004571.394884292] [pure_pursuit_node]: Pure Pursuit: pose=(-5.890, 5.277, 1.334) cte=-0.011 closest=2079 target=2128 path_dist=0.011 heading_err=-0.060 steer=-0.134 speed=3.717
[ground_truth_amcl_monitor-7] [INFO] [1789004571.547877095] [ground_truth_amcl_monitor]: AMCL vs GT: gt=(-5.777, 5.696) amcl=(-5.824, 5.512) error=0.191 m / 0.078 rad; current_map=(-5.762, 5.683, 1.182) error=0.021 m / 0.000 rad; odom=(-6.295, 5.439, 1.182) error=0.579 m / 0.000 rad; ekf=(-6.295, 5.439, 1.182) error=0.579 m / 0.000 rad; RMS=0.127 m / 0.040 rad max=0.358 m / 0.155 rad samples=1698
[gpu_amcl_cpp_node-6] [INFO] [1789004571.895727580] [gpu_amcl_cpp]: AMCL odom delta: at_scan=(-3.156, -6.609, 2.498) baseline=(-3.042, -6.689, 2.560) delta=(-0.114, 0.080, -0.062) moved=true scan_age=0.050s
[gpu_amcl_cpp_node-6] [INFO] [1789004572.198725864] [gpu_amcl_cpp]: AMCL local correction: odom_prediction=(-4.661, 7.173, 0.598) scan=(-4.666, 7.172, 0.614) correction=0.005 m/0.016 rad cluster_weight=0.996 publish=true
[component_container-9] [INFO] [1789004572.395470838] [pure_pursuit_node]: Pure Pursuit: pose=(-3.923, 7.520, 0.279) cte=-0.010 closest=2235 target=2282 path_dist=0.010 heading_err=-0.021 steer=-0.155 speed=3.471
[ground_truth_amcl_monitor-7] [INFO] [1789004572.551156848] [ground_truth_amcl_monitor]: AMCL vs GT: gt=(-3.590, 7.613) amcl=(-3.597, 7.601) error=0.015 m / 0.000 rad; current_map=(-3.583, 7.599, 0.124) error=0.016 m / 0.000 rad; odom=(-4.106, 7.321, 0.124) error=0.593 m / 0.000 rad; ekf=(-4.106, 7.321, 0.124) error=0.593 m / 0.000 rad; RMS=0.126 m / 0.040 rad max=0.358 m / 0.155 rad samples=1739
[gpu_amcl_cpp_node-6] [INFO] [1789004572.895911532] [gpu_amcl_cpp]: AMCL odom delta: at_scan=(-4.013, -3.718, 1.215) baseline=(-4.068, -3.881, 1.280) delta=(0.055, 0.164, -0.065) moved=true scan_age=0.049s
[gpu_amcl_cpp_node-6] [INFO] [1789004573.199305597] [gpu_amcl_cpp]: AMCL local correction: odom_prediction=(-1.412, 6.862, -0.722) scan=(-1.409, 6.855, -0.723) correction=0.008 m/0.001 rad cluster_weight=0.969 publish=true
[component_container-9] [INFO] [1789004573.447040254] [pure_pursuit_node]: Pure Pursuit: pose=(-0.515, 5.778, -1.011) cte=-0.013 closest=2440 target=2491 path_dist=0.013 heading_err=0.015 steer=-0.045 speed=5.385
[ground_truth_amcl_monitor-7] [INFO] [1789004573.551421918] [ground_truth_amcl_monitor]: AMCL vs GT: gt=(-0.417, 5.591) amcl=(-0.405, 5.587) error=0.013 m / 0.000 rad; current_map=(-0.398, 5.573, -1.040) error=0.027 m / 0.000 rad; odom=(-0.883, 5.243, -1.040) error=0.582 m / 0.000 rad; ekf=(-0.883, 5.243, -1.040) error=0.582 m / 0.000 rad; RMS=0.127 m / 0.040 rad max=0.358 m / 0.155 rad samples=1779
[gpu_amcl_cpp_node-6] [INFO] [1789004573.846913744] [gpu_amcl_cpp]: Received LiDAR callback #904 (1081 ranges).
[gpu_amcl_cpp_node-6] [INFO] [1789004573.846957877] [gpu_amcl_cpp]: Starting AMCL scan update #904 (sampled from 1081 ranges).
[gpu_amcl_cpp_node-6] [INFO] [1789004573.896223730] [gpu_amcl_cpp]: AMCL scan update #905 completed; evaluating pose confidence.
[gpu_amcl_cpp_node-6] [INFO] [1789004573.946338989] [gpu_amcl_cpp]: AMCL odom delta: at_scan=(0.014, -0.745, 0.348) baseline=(-0.274, -0.853, 0.372) delta=(0.288, 0.108, -0.024) moved=true scan_age=0.051s
[gpu_amcl_cpp_node-6] [WARN] [1789004574.048103238] [gpu_amcl_cpp]: No local AMCL cluster near odometry prediction; using causal odometry pose.
[gpu_amcl_cpp_node-6] [INFO] [1789004574.249020110] [gpu_amcl_cpp]: AMCL local correction: odom_prediction=(1.048, 1.561, -1.269) scan=(1.023, 1.524, -1.289) correction=0.046 m/0.020 rad cluster_weight=0.912 publish=true
[component_container-9] [INFO] [1789004574.494907017] [pure_pursuit_node]: Pure Pursuit: pose=(1.417, -0.329, -1.531) cte=-0.087 closest=176 target=230 path_dist=0.087 heading_err=0.035 steer=-0.043 speed=5.225
[ground_truth_amcl_monitor-7] [INFO] [1789004574.597449798] [ground_truth_amcl_monitor]: AMCL vs GT: gt=(1.456, -0.586) amcl=(1.419, -0.429) error=0.162 m / 0.068 rad; current_map=(1.420, -0.703, -1.599) error=0.123 m / 0.000 rad; odom=(1.017, -0.799, -1.532) error=0.489 m / 0.068 rad; ekf=(1.017, -0.799, -1.532) error=0.489 m / 0.068 rad; RMS=0.129 m / 0.040 rad max=0.358 m / 0.155 rad samples=1820
[gpu_amcl_cpp_node-6] [INFO] [1789004574.996080747] [gpu_amcl_cpp]: AMCL odom delta: at_scan=(6.405, 0.106, -0.162) baseline=(6.138, 0.141, -0.092) delta=(0.268, -0.034, -0.070) moved=true scan_age=0.050s
[gpu_amcl_cpp_node-6] [WARN] [1789004575.056783321] [gpu_amcl_cpp]: No local AMCL cluster near odometry prediction; using causal odometry pose.
[gpu_amcl_cpp_node-6] [INFO] [1789004575.273178948] [gpu_amcl_cpp]: AMCL local correction: odom_prediction=(1.119, -4.244, -1.687) scan=(1.120, -4.217, -1.688) correction=0.028 m/0.001 rad cluster_weight=0.953 publish=true
[component_container-9] [INFO] [1789004575.520634242] [pure_pursuit_node]: Pure Pursuit: pose=(0.779, -5.859, -1.772) cte=0.027 closest=454 target=507 path_dist=0.027 heading_err=-0.004 steer=-0.002 speed=4.577
[ground_truth_amcl_monitor-7] [INFO] [1789004575.622086766] [ground_truth_amcl_monitor]: AMCL vs GT: gt=(0.724, -6.060) amcl=(0.777, -5.812) error=0.254 m / 0.014 rad; current_map=(0.734, -6.046, -1.744) error=0.017 m / 0.000 rad; odom=(0.277, -6.671, -1.744) error=0.756 m / 0.000 rad; ekf=(0.277, -6.671, -1.744) error=0.756 m / 0.000 rad; RMS=0.130 m / 0.039 rad max=0.358 m / 0.155 rad samples=1860
[gpu_amcl_cpp_node-6] [INFO] [1789004575.996716997] [gpu_amcl_cpp]: AMCL odom delta: at_scan=(11.176, -0.808, -0.176) baseline=(10.966, -0.768, -0.207) delta=(0.210, -0.041, 0.031) moved=true scan_age=0.050s
[gpu_amcl_cpp_node-6] [INFO] [1789004576.298819564] [gpu_amcl_cpp]: AMCL local correction: odom_prediction=(0.157, -8.598, -1.906) scan=(0.153, -8.603, -1.899) correction=0.007 m/0.007 rad cluster_weight=0.986 publish=true
[component_container-9] [INFO] [1789004576.545119059] [pure_pursuit_node]: Pure Pursuit: pose=(-0.155, -9.299, -2.141) cte=-0.032 closest=633 target=677 path_dist=0.032 heading_err=0.067 steer=-0.121 speed=2.479
[ground_truth_amcl_monitor-7] [INFO] [1789004576.646820570] [ground_truth_amcl_monitor]: AMCL vs GT: gt=(-0.238, -9.432) amcl=(-0.164, -9.320) error=0.134 m / 0.046 rad; current_map=(-0.225, -9.416, -2.160) error=0.020 m / 0.000 rad; odom=(-0.582, -9.737, -2.114) error=0.460 m / 0.046 rad; ekf=(-0.582, -9.737, -2.114) error=0.460 m / 0.046 rad; RMS=0.131 m / 0.039 rad max=0.534 m / 0.155 rad samples=1900
[gpu_amcl_cpp_node-6] [INFO] [1789004577.046497648] [gpu_amcl_cpp]: AMCL odom delta: at_scan=(13.629, -2.186, -1.204) baseline=(13.579, -2.074, -1.106) delta=(0.050, -0.113, -0.097) moved=true scan_age=0.050s
[gpu_amcl_cpp_node-6] [INFO] [1789004577.348985260] [gpu_amcl_cpp]: AMCL local correction: odom_prediction=(-1.688, -10.091, 2.911) scan=(-1.684, -10.087, 2.919) correction=0.006 m/0.008 rad cluster_weight=0.994 publish=true
[component_container-9] [INFO] [1789004577.545309329] [pure_pursuit_node]: Pure Pursuit: pose=(-2.248, -9.790, 2.431) cte=-0.025 closest=757 target=802 path_dist=0.025 heading_err=-0.039 steer=-0.189 speed=2.735
[ground_truth_amcl_monitor-7] [INFO] [1789004577.647174679] [ground_truth_amcl_monitor]: AMCL vs GT: gt=(-2.309, -9.752) amcl=(-2.243, -9.793) error=0.077 m / 0.082 rad; current_map=(-2.336, -9.707, 2.355) error=0.053 m / 0.000 rad; odom=(-2.673, -10.234, 2.437) error=0.605 m / 0.082 rad; ekf=(-2.673, -10.234, 2.437) error=0.605 m / 0.082 rad; RMS=0.131 m / 0.040 rad max=0.534 m / 0.155 rad samples=1940
[gpu_amcl_cpp_node-6] [INFO] [1789004578.096175291] [gpu_amcl_cpp]: AMCL odom delta: at_scan=(12.070, -4.228, -2.863) baseline=(12.249, -4.172, -2.813) delta=(-0.179, -0.056, -0.050) moved=true scan_age=0.050s
[gpu_amcl_cpp_node-6] [INFO] [1789004578.349130349] [gpu_amcl_cpp]: AMCL local correction: odom_prediction=(-3.133, -7.515, 1.656) scan=(-3.131, -7.521, 1.666) correction=0.006 m/0.010 rad cluster_weight=0.991 publish=true
[component_container-9] [INFO] [1789004578.594901063] [pure_pursuit_node]: Pure Pursuit: pose=(-3.101, -6.124, 1.455) cte=0.003 closest=950 target=1001 path_dist=0.003 heading_err=-0.004 steer=-0.050 speed=5.010
[ground_truth_amcl_monitor-7] [INFO] [1789004578.650752697] [ground_truth_amcl_monitor]: AMCL vs GT: gt=(-3.113, -6.160) amcl=(-3.097, -6.134) error=0.030 m / 0.000 rad; current_map=(-3.096, -6.133, 1.457) error=0.031 m / 0.000 rad; odom=(-3.574, -6.479, 1.457) error=0.561 m / 0.000 rad; ekf=(-3.574, -6.479, 1.457) error=0.561 m / 0.000 rad; RMS=0.130 m / 0.040 rad max=0.534 m / 0.155 rad samples=1981
[gpu_amcl_cpp_node-6] [INFO] [1789004578.895348153] [gpu_amcl_cpp]: Received LiDAR callback #1004 (1081 ranges).
[gpu_amcl_cpp_node-6] [INFO] [1789004578.895409649] [gpu_amcl_cpp]: Starting AMCL scan update #1004 (sampled from 1081 ranges).
[gpu_amcl_cpp_node-6] [INFO] [1789004578.946508145] [gpu_amcl_cpp]: AMCL scan update #1005 completed; evaluating pose confidence.
[gpu_amcl_cpp_node-6] [INFO] [1789004579.096838046] [gpu_amcl_cpp]: AMCL odom delta: at_scan=(7.398, -3.843, 2.880) baseline=(7.664, -3.916, 2.873) delta=(-0.265, 0.072, 0.008) moved=true scan_age=0.050s
[gpu_amcl_cpp_node-6] [INFO] [1789004579.350074604] [gpu_amcl_cpp]: AMCL local correction: odom_prediction=(-2.156, -2.550, 1.239) scan=(-2.153, -2.563, 1.225) correction=0.014 m/0.014 rad cluster_weight=0.959 publish=true
[component_container-9] [INFO] [1789004579.595283283] [pure_pursuit_node]: Pure Pursuit: pose=(-1.745, -0.901, 1.281) cte=0.014 closest=1220 target=1272 path_dist=0.014 heading_err=0.056 steer=0.087 speed=4.792
[ground_truth_amcl_monitor-7] [INFO] [1789004579.650882393] [ground_truth_amcl_monitor]: AMCL vs GT: gt=(-1.785, -0.955) amcl=(-1.759, -0.901) error=0.059 m / 0.000 rad; current_map=(-1.753, -0.902, 1.291) error=0.061 m / 0.000 rad; odom=(-2.219, -1.222, 1.291) error=0.510 m / 0.000 rad; ekf=(-2.219, -1.222, 1.291) error=0.510 m / 0.000 rad; RMS=0.132 m / 0.039 rad max=0.534 m / 0.155 rad samples=2019
[gpu_amcl_cpp_node-6] [INFO] [1789004580.145933416] [gpu_amcl_cpp]: AMCL odom delta: at_scan=(2.399, -2.600, 2.987) baseline=(2.584, -2.634, 2.929) delta=(-0.186, 0.034, 0.057) moved=true scan_age=0.050s
[gpu_amcl_cpp_node-6] [INFO] [1789004580.398881603] [gpu_amcl_cpp]: AMCL local correction: odom_prediction=(-1.276, 1.904, 1.505) scan=(-1.274, 1.908, 1.500) correction=0.005 m/0.005 rad cluster_weight=0.958 publish=true
[component_container-9] [INFO] [1789004580.595504385] [pure_pursuit_node]: Pure Pursuit: pose=(-1.306, 2.608, 1.741) cte=-0.014 closest=1398 target=1443 path_dist=0.014 heading_err=-0.027 steer=0.098 speed=1.967
[ground_truth_amcl_monitor-7] [INFO] [1789004580.653771367] [ground_truth_amcl_monitor]: AMCL vs GT: gt=(-1.318, 2.545) amcl=(-1.301, 2.596) error=0.054 m / 0.000 rad; current_map=(-1.302, 2.598, 1.736) error=0.056 m / 0.000 rad; odom=(-1.760, 2.282, 1.736) error=0.514 m / 0.000 rad; ekf=(-1.760, 2.282, 1.736) error=0.514 m / 0.000 rad; RMS=0.131 m / 0.039 rad max=0.534 m / 0.155 rad samples=2059
[gpu_amcl_cpp_node-6] [INFO] [1789004581.146163057] [gpu_amcl_cpp]: AMCL odom delta: at_scan=(0.017, -2.865, -2.531) baseline=(0.097, -2.814, -2.614) delta=(-0.080, -0.051, 0.083) moved=true scan_age=0.049s
[gpu_amcl_cpp_node-6] [INFO] [1789004581.399700192] [gpu_amcl_cpp]: AMCL local correction: odom_prediction=(-1.925, 3.716, 2.596) scan=(-1.930, 3.729, 2.588) correction=0.013 m/0.008 rad cluster_weight=0.980 publish=true
[component_container-9] [INFO] [1789004581.644553897] [pure_pursuit_node]: Pure Pursuit: pose=(-2.426, 3.838, -3.040) cte=-0.007 closest=1493 target=1536 path_dist=0.007 heading_err=0.064 steer=0.447 speed=1.875
[ground_truth_amcl_monitor-7] [INFO] [1789004581.696472555] [ground_truth_amcl_monitor]: AMCL vs GT: gt=(-2.381, 3.787) amcl=(-2.330, 3.840) error=0.073 m / 0.109 rad; current_map=(-2.420, 3.836, -3.044) error=0.063 m / 0.000 rad; odom=(-2.884, 3.557, -3.044) error=0.553 m / 0.000 rad; ekf=(-2.884, 3.557, -3.044) error=0.553 m / 0.000 rad; RMS=0.130 m / 0.039 rad max=0.534 m / 0.155 rad samples=2100
[gpu_amcl_cpp_node-6] [INFO] [1789004582.148137130] [gpu_amcl_cpp]: AMCL odom delta: at_scan=(0.100, -4.367, -0.485) baseline=(0.007, -4.312, -0.579) delta=(0.092, -0.054, 0.094) moved=true scan_age=0.050s
[gpu_amcl_cpp_node-6] [INFO] [1789004582.401050584] [gpu_amcl_cpp]: AMCL local correction: odom_prediction=(-3.173, 2.727, -1.749) scan=(-3.168, 2.736, -1.745) correction=0.011 m/0.004 rad cluster_weight=0.943 publish=true
[component_container-9] [INFO] [1789004582.645119586] [pure_pursuit_node]: Pure Pursuit: pose=(-3.272, 1.816, -1.643) cte=0.031 closest=1611 target=1657 path_dist=0.031 heading_err=-0.048 steer=-0.021 speed=3.338
[ground_truth_amcl_monitor-7] [INFO] [1789004582.697394394] [ground_truth_amcl_monitor]: AMCL vs GT: gt=(-3.282, 1.832) amcl=(-3.260, 1.979) error=0.149 m / 0.001 rad; current_map=(-3.273, 1.813, -1.648) error=0.021 m / 0.000 rad; odom=(-3.847, 1.555, -1.648) error=0.629 m / 0.000 rad; ekf=(-3.847, 1.555, -1.648) error=0.629 m / 0.000 rad; RMS=0.130 m / 0.040 rad max=0.534 m / 0.155 rad samples=2140
[gpu_amcl_cpp_node-6] [INFO] [1789004583.196691138] [gpu_amcl_cpp]: AMCL odom delta: at_scan=(2.974, -4.897, -0.405) baseline=(2.898, -4.866, -0.369) delta=(0.077, -0.031, -0.037) moved=true scan_age=0.049s
[gpu_amcl_cpp_node-6] [INFO] [1789004583.449095868] [gpu_amcl_cpp]: AMCL local correction: odom_prediction=(-3.761, 0.009, -2.226) scan=(-3.760, 0.008, -2.227) correction=0.001 m/0.001 rad cluster_weight=0.972 publish=true
[component_container-9] [INFO] [1789004583.694812997] [pure_pursuit_node]: Pure Pursuit: pose=(-4.202, -0.376, -2.670) cte=-0.023 closest=1736 target=1779 path_dist=0.023 heading_err=-0.066 steer=-0.329 speed=1.970
[ground_truth_amcl_monitor-7] [INFO] [1789004583.700465614] [ground_truth_amcl_monitor]: AMCL vs GT: gt=(-4.132, -0.312) amcl=(-4.119, -0.333) error=0.024 m / 0.000 rad; current_map=(-4.120, -0.330, -2.597) error=0.021 m / 0.000 rad; odom=(-4.702, -0.567, -2.597) error=0.624 m / 0.000 rad; ekf=(-4.702, -0.567, -2.597) error=0.624 m / 0.000 rad; RMS=0.129 m / 0.040 rad max=0.534 m / 0.155 rad samples=2181
[gpu_amcl_cpp_node-6] [INFO] [1789004583.896171057] [gpu_amcl_cpp]: Received LiDAR callback #1103 (1081 ranges).
[gpu_amcl_cpp_node-6] [INFO] [1789004583.896232953] [gpu_amcl_cpp]: Starting AMCL scan update #1103 (sampled from 1081 ranges).
[gpu_amcl_cpp_node-6] [INFO] [1789004583.947971272] [gpu_amcl_cpp]: AMCL scan update #1104 completed; evaluating pose confidence.
[gpu_amcl_cpp_node-6] [INFO] [1789004584.246041116] [gpu_amcl_cpp]: AMCL odom delta: at_scan=(3.769, -6.518, -2.052) baseline=(3.810, -6.429, -1.961) delta=(-0.041, -0.088, -0.090) moved=true scan_age=0.049s
[gpu_amcl_cpp_node-6] [INFO] [1789004584.498654409] [gpu_amcl_cpp]: AMCL local correction: odom_prediction=(-5.502, -0.006, 2.225) scan=(-5.501, -0.003, 2.227) correction=0.003 m/0.002 rad cluster_weight=0.942 publish=true
[component_container-9] [INFO] [1789004584.699052056] [pure_pursuit_node]: Pure Pursuit: pose=(-5.808, 0.614, 1.887) cte=-0.040 closest=1844 target=1889 path_dist=0.040 heading_err=0.013 steer=-0.058 speed=3.479
[ground_truth_amcl_monitor-7] [INFO] [1789004584.701425484] [ground_truth_amcl_monitor]: AMCL vs GT: gt=(-5.764, 0.449) amcl=(-5.699, 0.335) error=0.131 m / 0.060 rad; current_map=(-5.758, 0.472, 1.947) error=0.024 m / 0.000 rad; odom=(-6.382, 0.215, 1.947) error=0.661 m / 0.000 rad; ekf=(-6.382, 0.215, 1.947) error=0.661 m / 0.000 rad; RMS=0.128 m / 0.040 rad max=0.534 m / 0.155 rad samples=2220
[gpu_amcl_cpp_node-6] [INFO] [1789004585.272564485] [gpu_amcl_cpp]: AMCL odom delta: at_scan=(0.791, -7.580, -3.077) baseline=(1.012, -7.564, -3.064) delta=(-0.222, -0.016, -0.013) moved=true scan_age=0.050s
[gpu_amcl_cpp_node-6] [INFO] [1789004585.524321932] [gpu_amcl_cpp]: AMCL local correction: odom_prediction=(-6.149, 3.739, 1.498) scan=(-6.152, 3.731, 1.499) correction=0.008 m/0.001 rad cluster_weight=0.964 publish=true
[component_container-9] [INFO] [1789004585.720122865] [pure_pursuit_node]: Pure Pursuit: pose=(-5.983, 4.875, 1.341) cte=0.003 closest=2059 target=2109 path_dist=0.003 heading_err=0.004 steer=-0.057 speed=4.244
[ground_truth_amcl_monitor-7] [INFO] [1789004585.721946000] [ground_truth_amcl_monitor]: AMCL vs GT: gt=(-6.046, 4.670) amcl=(-6.072, 4.427) error=0.245 m / 0.038 rad; current_map=(-6.033, 4.654, 1.381) error=0.021 m / 0.000 rad; odom=(-6.703, 4.283, 1.419) error=0.763 m / 0.038 rad; ekf=(-6.703, 4.283, 1.419) error=0.763 m / 0.038 rad; RMS=0.129 m / 0.040 rad max=0.534 m / 0.155 rad samples=2260
[gpu_amcl_cpp_node-6] [INFO] [1789004586.320248084] [gpu_amcl_cpp]: AMCL odom delta: at_scan=(-3.239, -6.712, 2.540) baseline=(-3.125, -6.786, 2.587) delta=(-0.114, 0.075, -0.047) moved=true scan_age=0.050s
[gpu_amcl_cpp_node-6] [INFO] [1789004586.573671781] [gpu_amcl_cpp]: AMCL local correction: odom_prediction=(-4.813, 7.051, 0.685) scan=(-4.811, 7.054, 0.695) correction=0.004 m/0.011 rad cluster_weight=0.995 publish=true
[component_container-9] [INFO] [1789004586.720420941] [pure_pursuit_node]: Pure Pursuit: pose=(-4.274, 7.389, 0.430) cte=-0.005 closest=2216 target=2263 path_dist=0.005 heading_err=0.007 steer=-0.145 speed=3.354
[ground_truth_amcl_monitor-7] [INFO] [1789004586.722358741] [ground_truth_amcl_monitor]: AMCL vs GT: gt=(-4.427, 7.334) amcl=(-4.566, 7.229) error=0.174 m / 0.067 rad; current_map=(-4.424, 7.312, 0.496) error=0.023 m / 0.000 rad; odom=(-5.172, 7.102, 0.563) error=0.781 m / 0.067 rad; ekf=(-5.172, 7.102, 0.563) error=0.781 m / 0.067 rad; RMS=0.129 m / 0.040 rad max=0.534 m / 0.155 rad samples=2300
[gpu_amcl_cpp_node-6] [INFO] [1789004587.350746859] [gpu_amcl_cpp]: AMCL odom delta: at_scan=(-4.136, -3.749, 1.197) baseline=(-4.196, -3.917, 1.259) delta=(0.060, 0.168, -0.062) moved=true scan_age=0.051s
[gpu_amcl_cpp_node-6] [INFO] [1789004587.574684404] [gpu_amcl_cpp]: AMCL local correction: odom_prediction=(-1.641, 7.045, -0.647) scan=(-1.649, 7.052, -0.643) correction=0.011 m/0.004 rad cluster_weight=0.956 publish=true
[ground_truth_amcl_monitor-7] [INFO] [1789004587.725584712] [ground_truth_amcl_monitor]: AMCL vs GT: gt=(-1.176, 6.620) amcl=(-1.162, 6.613) error=0.016 m / 0.000 rad; current_map=(-1.164, 6.615, -0.814) error=0.012 m / 0.000 rad; odom=(-1.721, 6.438, -0.814) error=0.575 m / 0.000 rad; ekf=(-1.721, 6.438, -0.814) error=0.575 m / 0.000 rad; RMS=0.129 m / 0.040 rad max=0.534 m / 0.155 rad samples=2339
[component_container-9] [INFO] [1789004587.770096920] [pure_pursuit_node]: Pure Pursuit: pose=(-0.872, 6.275, -0.908) cte=-0.009 closest=2410 target=2459 path_dist=0.009 heading_err=0.004 steer=-0.055 speed=5.163
[gpu_amcl_cpp_node-6] [INFO] [1789004588.371482822] [gpu_amcl_cpp]: AMCL odom delta: at_scan=(-0.197, -0.834, 0.314) baseline=(-0.499, -0.940, 0.360) delta=(0.302, 0.106, -0.046) moved=true scan_age=0.050s
[gpu_amcl_cpp_node-6] [INFO] [1789004588.624031118] [gpu_amcl_cpp]: AMCL local correction: odom_prediction=(0.967, 1.941, -1.250) scan=(0.953, 1.996, -1.264) correction=0.056 m/0.013 rad cluster_weight=0.933 publish=true
[gpu_amcl_cpp_node-6] [WARN] [1789004588.676121590] [gpu_amcl_cpp]: No local AMCL cluster near odometry prediction; using causal odometry pose.
[ground_truth_amcl_monitor-7] [INFO] [1789004588.727853640] [ground_truth_amcl_monitor]: AMCL vs GT: gt=(1.159, 1.384) amcl=(1.150, 1.354) error=0.032 m / 0.000 rad; current_map=(1.157, 1.300, -1.331) error=0.084 m / 0.000 rad; odom=(0.670, 1.043, -1.331) error=0.596 m / 0.000 rad; ekf=(0.670, 1.043, -1.331) error=0.596 m / 0.000 rad; RMS=0.130 m / 0.040 rad max=0.534 m / 0.155 rad samples=2379
[component_container-9] [INFO] [1789004588.770333540] [pure_pursuit_node]: Pure Pursuit: pose=(1.268, 0.700, -1.446) cte=-0.057 closest=124 target=178 path_dist=0.057 heading_err=0.027 steer=-0.018 speed=5.864
[gpu_amcl_cpp_node-6] [INFO] [1789004588.920460947] [gpu_amcl_cpp]: Received LiDAR callback #1202 (1081 ranges).
[gpu_amcl_cpp_node-6] [INFO] [1789004588.920518255] [gpu_amcl_cpp]: Starting AMCL scan update #1202 (sampled from 1081 ranges).
[gpu_amcl_cpp_node-6] [INFO] [1789004588.972060467] [gpu_amcl_cpp]: AMCL scan update #1203 completed; evaluating pose confidence.
[gpu_amcl_cpp_node-6] [INFO] [1789004589.373931280] [gpu_amcl_cpp]: AMCL odom delta: at_scan=(6.169, 0.028, -0.039) baseline=(5.811, 0.048, -0.075) delta=(0.358, -0.020, 0.035) moved=true scan_age=0.052s
[gpu_amcl_cpp_node-6] [INFO] [1789004589.624036428] [gpu_amcl_cpp]: AMCL local correction: odom_prediction=(1.181, -4.232, -1.770) scan=(1.195, -4.229, -1.770) correction=0.014 m/0.000 rad cluster_weight=0.912 publish=true
[gpu_amcl_cpp_node-6] [WARN] [1789004589.723379306] [gpu_amcl_cpp]: No local AMCL cluster near odometry prediction; using causal odometry pose.
[ground_truth_amcl_monitor-7] [INFO] [1789004589.772228250] [ground_truth_amcl_monitor]: AMCL vs GT: gt=(1.012, -4.901) amcl=(1.064, -4.791) error=0.122 m / 0.012 rad; current_map=(1.003, -5.056, -1.790) error=0.156 m / 0.000 rad; odom=(0.486, -5.587, -1.790) error=0.864 m / 0.000 rad; ekf=(0.486, -5.587, -1.790) error=0.864 m / 0.000 rad; RMS=0.131 m / 0.040 rad max=0.534 m / 0.155 rad samples=2420
[component_container-9] [INFO] [1789004589.819775609] [pure_pursuit_node]: Pure Pursuit: pose=(0.903, -5.552, -1.753) cte=-0.033 closest=438 target=489 path_dist=0.033 heading_err=-0.015 steer=-0.046 speed=4.830
[gpu_amcl_cpp_node-6] [INFO] [1789004590.422629565] [gpu_amcl_cpp]: AMCL odom delta: at_scan=(11.594, -0.981, -0.300) baseline=(11.403, -0.923, -0.288) delta=(0.191, -0.058, -0.012) moved=true scan_age=0.049s
[gpu_amcl_cpp_node-6] [INFO] [1789004590.628741370] [gpu_amcl_cpp]: AMCL local correction: odom_prediction=(0.179, -8.378, -1.826) scan=(0.182, -8.374, -1.818) correction=0.004 m/0.007 rad cluster_weight=0.984 publish=true
[ground_truth_amcl_monitor-7] [INFO] [1789004590.801156533] [ground_truth_amcl_monitor]: AMCL vs GT: gt=(-0.005, -8.909) amcl=(0.068, -8.731) error=0.192 m / 0.049 rad; current_map=(0.016, -8.853, -1.999) error=0.060 m / 0.000 rad; odom=(-0.532, -9.607, -1.999) error=0.875 m / 0.000 rad; ekf=(-0.532, -9.607, -1.999) error=0.875 m / 0.000 rad; RMS=0.131 m / 0.039 rad max=0.534 m / 0.155 rad samples=2460
[component_container-9] [INFO] [1789004590.847929127] [pure_pursuit_node]: Pure Pursuit: pose=(-0.077, -9.053, -2.008) cte=0.009 closest=620 target=664 path_dist=0.009 heading_err=-0.003 steer=-0.122 speed=2.549
[gpu_amcl_cpp_node-6] [INFO] [1789004591.447600267] [gpu_amcl_cpp]: AMCL odom delta: at_scan=(13.923, -2.323, -1.197) baseline=(13.874, -2.212, -1.109) delta=(0.050, -0.112, -0.088) moved=true scan_age=0.050s
[gpu_amcl_cpp_node-6] [INFO] [1789004591.652594935] [gpu_amcl_cpp]: AMCL local correction: odom_prediction=(-1.451, -10.115, 3.110) scan=(-1.447, -10.109, 3.122) correction=0.008 m/0.011 rad cluster_weight=0.998 publish=true
[ground_truth_amcl_monitor-7] [INFO] [1789004591.822804856] [ground_truth_amcl_monitor]: AMCL vs GT: gt=(-1.855, -10.056) amcl=(-1.747, -10.063) error=0.108 m / 0.110 rad; current_map=(-1.871, -10.021, 2.763) error=0.038 m / 0.000 rad; odom=(-2.305, -10.804, 2.872) error=0.873 m / 0.110 rad; ekf=(-2.305, -10.804, 2.872) error=0.873 m / 0.110 rad; RMS=0.130 m / 0.040 rad max=0.534 m / 0.155 rad samples=2500
[component_container-9] [INFO] [1789004591.872565913] [pure_pursuit_node]: Pure Pursuit: pose=(-2.104, -9.901, 2.566) cte=-0.020 closest=748 target=793 path_dist=0.020 heading_err=-0.036 steer=-0.227 speed=2.632
[gpu_amcl_cpp_node-6] [INFO] [1789004592.470709117] [gpu_amcl_cpp]: AMCL odom delta: at_scan=(12.445, -4.341, -2.838) baseline=(12.622, -4.281, -2.793) delta=(-0.177, -0.060, -0.045) moved=true scan_age=0.050s
[gpu_amcl_cpp_node-6] [INFO] [1789004592.675150907] [gpu_amcl_cpp]: AMCL local correction: odom_prediction=(-3.116, -7.773, 1.685) scan=(-3.109, -7.811, 1.697) correction=0.038 m/0.011 rad cluster_weight=0.986 publish=true
[ground_truth_amcl_monitor-7] [INFO] [1789004592.826803682] [ground_truth_amcl_monitor]: AMCL vs GT: gt=(-3.158, -7.163) amcl=(-3.154, -7.145) error=0.019 m / 0.000 rad; current_map=(-3.156, -7.141, 1.597) error=0.023 m / 0.000 rad; odom=(-3.749, -7.823, 1.597) error=0.885 m / 0.000 rad; ekf=(-3.749, -7.823, 1.597) error=0.885 m / 0.000 rad; RMS=0.130 m / 0.040 rad max=0.534 m / 0.155 rad samples=2541
[component_container-9] [INFO] [1789004592.920760304] [pure_pursuit_node]: Pure Pursuit: pose=(-3.136, -6.434, 1.486) cte=-0.000 closest=935 target=986 path_dist=0.000 heading_err=0.004 steer=-0.037 speed=5.010
[gpu_amcl_cpp_node-6] [INFO] [1789004593.498669093] [gpu_amcl_cpp]: AMCL odom delta: at_scan=(7.648, -3.926, 2.862) baseline=(7.921, -4.010, 2.828) delta=(-0.274, 0.084, 0.034) moved=true scan_age=0.052s
[gpu_amcl_cpp_node-6] [INFO] [1789004593.728598529] [gpu_amcl_cpp]: AMCL local correction: odom_prediction=(-2.230, -2.596, 1.295) scan=(-2.229, -2.584, 1.288) correction=0.013 m/0.007 rad cluster_weight=0.919 publish=true
[ground_truth_amcl_monitor-7] [INFO] [1789004593.848538538] [ground_truth_amcl_monitor]: AMCL vs GT: gt=(-2.023, -1.969) amcl=(-2.134, -2.285) error=0.335 m / 0.005 rad; current_map=(-1.996, -1.912, 1.215) error=0.063 m / 0.000 rad; odom=(-2.722, -2.896, 1.220) error=1.162 m / 0.005 rad; ekf=(-2.722, -2.896, 1.220) error=1.162 m / 0.005 rad; RMS=0.131 m / 0.040 rad max=0.534 m / 0.155 rad samples=2578
[component_container-9] [INFO] [1789004593.948302318] [pure_pursuit_node]: Pure Pursuit: pose=(-1.750, -1.043, 1.387) cte=0.043 closest=1213 target=1266 path_dist=0.043 heading_err=-0.053 steer=-0.032 speed=4.740
[gpu_amcl_cpp_node-6] [INFO] [1789004593.950122487] [gpu_amcl_cpp]: Received LiDAR callback #1300 (1081 ranges).
[gpu_amcl_cpp_node-6] [INFO] [1789004593.950181257] [gpu_amcl_cpp]: Starting AMCL scan update #1300 (sampled from 1081 ranges).
[gpu_amcl_cpp_node-6] [INFO] [1789004594.000826797] [gpu_amcl_cpp]: AMCL scan update #1301 completed; evaluating pose confidence.
[gpu_amcl_cpp_node-6] [INFO] [1789004594.524005317] [gpu_amcl_cpp]: AMCL odom delta: at_scan=(2.727, -2.760, 2.984) baseline=(2.913, -2.786, 3.021) delta=(-0.186, 0.026, -0.037) moved=true scan_age=0.051s
[gpu_amcl_cpp_node-6] [INFO] [1789004594.750018087] [gpu_amcl_cpp]: AMCL local correction: odom_prediction=(-1.274, 1.773, 1.532) scan=(-1.270, 1.785, 1.519) correction=0.013 m/0.013 rad cluster_weight=0.938 publish=true
[ground_truth_amcl_monitor-7] [INFO] [1789004594.851136632] [ground_truth_amcl_monitor]: AMCL vs GT: gt=(-1.285, 2.105) amcl=(-1.267, 1.957) error=0.149 m / 0.020 rad; current_map=(-1.272, 2.132, 1.611) error=0.031 m / 0.000 rad; odom=(-1.853, 1.556, 1.611) error=0.789 m / 0.000 rad; ekf=(-1.853, 1.556, 1.611) error=0.789 m / 0.000 rad; RMS=0.131 m / 0.040 rad max=0.534 m / 0.155 rad samples=2616
[component_container-9] [INFO] [1789004594.969670951] [pure_pursuit_node]: Pure Pursuit: pose=(-1.299, 2.624, 1.655) cte=-0.005 closest=1399 target=1444 path_dist=0.005 heading_err=0.063 steer=0.204 speed=1.967
[gpu_amcl_cpp_node-6] [INFO] [1789004595.570910429] [gpu_amcl_cpp]: AMCL odom delta: at_scan=(0.200, -3.066, -2.371) baseline=(0.272, -3.001, -2.465) delta=(-0.073, -0.064, 0.094) moved=true scan_age=0.049s
[gpu_amcl_cpp_node-6] [INFO] [1789004595.773457904] [gpu_amcl_cpp]: AMCL local correction: odom_prediction=(-1.970, 3.762, 2.694) scan=(-1.972, 3.776, 2.685) correction=0.014 m/0.009 rad cluster_weight=0.976 publish=true
[ground_truth_amcl_monitor-7] [INFO] [1789004595.872424598] [ground_truth_amcl_monitor]: AMCL vs GT: gt=(-2.123, 3.781) amcl=(-2.054, 3.805) error=0.073 m / 0.110 rad; current_map=(-2.142, 3.831, 2.907) error=0.054 m / 0.000 rad; odom=(-2.631, 3.200, 2.797) error=0.772 m / 0.110 rad; ekf=(-2.631, 3.200, 2.797) error=0.772 m / 0.110 rad; RMS=0.130 m / 0.040 rad max=0.534 m / 0.155 rad samples=2656
[component_container-9] [INFO] [1789004595.970415058] [pure_pursuit_node]: Pure Pursuit: pose=(-2.409, 3.845, -3.043) cte=-0.003 closest=1492 target=1535 path_dist=0.003 heading_err=0.039 steer=0.439 speed=1.888
[gpu_amcl_cpp_node-6] [INFO] [1789004596.572072013] [gpu_amcl_cpp]: AMCL odom delta: at_scan=(0.600, -4.566, -0.350) baseline=(0.499, -4.525, -0.417) delta=(0.101, -0.041, 0.067) moved=true scan_age=0.051s
[gpu_amcl_cpp_node-6] [INFO] [1789004596.774179223] [gpu_amcl_cpp]: AMCL local correction: odom_prediction=(-3.188, 2.616, -1.713) scan=(-3.183, 2.606, -1.706) correction=0.011 m/0.008 rad cluster_weight=0.953 publish=true
[ground_truth_amcl_monitor-7] [INFO] [1789004596.875482867] [ground_truth_amcl_monitor]: AMCL vs GT: gt=(-3.232, 2.358) amcl=(-3.221, 2.311) error=0.048 m / 0.000 rad; current_map=(-3.221, 2.308, -1.681) error=0.051 m / 0.000 rad; odom=(-3.919, 1.760, -1.681) error=0.911 m / 0.000 rad; ekf=(-3.919, 1.760, -1.681) error=0.911 m / 0.000 rad; RMS=0.130 m / 0.040 rad max=0.534 m / 0.155 rad samples=2697
[component_container-9] [INFO] [1789004597.020622220] [pure_pursuit_node]: Pure Pursuit: pose=(-3.282, 1.637, -1.640) cte=0.020 closest=1620 target=1667 path_dist=0.020 heading_err=-0.047 steer=-0.055 speed=3.314
[gpu_amcl_cpp_node-6] [INFO] [1789004597.596277257] [gpu_amcl_cpp]: AMCL odom delta: at_scan=(3.433, -5.084, -0.445) baseline=(3.285, -5.018, -0.387) delta=(0.148, -0.065, -0.057) moved=true scan_age=0.052s
[gpu_amcl_cpp_node-6] [INFO] [1789004597.799826526] [gpu_amcl_cpp]: AMCL local correction: odom_prediction=(-3.800, -0.031, -2.261) scan=(-3.788, -0.034, -2.250) correction=0.013 m/0.011 rad cluster_weight=0.971 publish=true
[ground_truth_amcl_monitor-7] [INFO] [1789004597.897094229] [ground_truth_amcl_monitor]: AMCL vs GT: gt=(-3.941, -0.176) amcl=(-3.858, -0.111) error=0.106 m / 0.072 rad; current_map=(-3.926, -0.177, -2.409) error=0.015 m / 0.000 rad; odom=(-4.565, -0.700, -2.338) error=0.814 m / 0.072 rad; ekf=(-4.565, -0.700, -2.338) error=0.814 m / 0.072 rad; RMS=0.129 m / 0.040 rad max=0.534 m / 0.155 rad samples=2736
[component_container-9] [INFO] [1789004598.045423776] [pure_pursuit_node]: Pure Pursuit: pose=(-4.241, -0.391, -2.703) cte=-0.022 closest=1738 target=1781 path_dist=0.022 heading_err=-0.061 steer=-0.333 speed=1.970
[gpu_amcl_cpp_node-6] [INFO] [1789004598.596770766] [gpu_amcl_cpp]: AMCL odom delta: at_scan=(4.088, -6.686, -2.101) baseline=(4.134, -6.597, -2.009) delta=(-0.046, -0.088, -0.092) moved=true scan_age=0.050s
[gpu_amcl_cpp_node-6] [INFO] [1789004598.800498321] [gpu_amcl_cpp]: AMCL local correction: odom_prediction=(-5.462, -0.077, 2.268) scan=(-5.464, -0.069, 2.263) correction=0.008 m/0.005 rad cluster_weight=0.952 publish=true
[ground_truth_amcl_monitor-7] [INFO] [1789004598.898420705] [ground_truth_amcl_monitor]: AMCL vs GT: gt=(-5.610, 0.129) amcl=(-5.536, 0.028) error=0.125 m / 0.070 rad; current_map=(-5.609, 0.140, 2.111) error=0.011 m / 0.000 rad; odom=(-6.281, -0.553, 2.182) error=0.956 m / 0.070 rad; ekf=(-6.281, -0.553, 2.182) error=0.956 m / 0.070 rad; RMS=0.129 m / 0.041 rad max=0.534 m / 0.155 rad samples=2776
[gpu_amcl_cpp_node-6] [INFO] [1789004598.996945320] [gpu_amcl_cpp]: Received LiDAR callback #1399 (1081 ranges).
[gpu_amcl_cpp_node-6] [INFO] [1789004598.997012656] [gpu_amcl_cpp]: Starting AMCL scan update #1399 (sampled from 1081 ranges).
[component_container-9] [INFO] [1789004599.045521674] [pure_pursuit_node]: Pure Pursuit: pose=(-5.824, 0.636, 1.868) cte=-0.048 closest=1845 target=1891 path_dist=0.048 heading_err=0.027 steer=-0.062 speed=3.563
[gpu_amcl_cpp_node-6] [INFO] [1789004599.047866038] [gpu_amcl_cpp]: AMCL scan update #1400 completed; evaluating pose confidence.
[gpu_amcl_cpp_node-6] [INFO] [1789004599.598334059] [gpu_amcl_cpp]: AMCL odom delta: at_scan=(1.122, -7.703, -3.077) baseline=(1.367, -7.684, -3.057) delta=(-0.245, -0.018, -0.020) moved=true scan_age=0.048s
[gpu_amcl_cpp_node-6] [INFO] [1789004599.849173769] [gpu_amcl_cpp]: AMCL local correction: odom_prediction=(-6.151, 3.758, 1.501) scan=(-6.150, 3.739, 1.502) correction=0.019 m/0.002 rad cluster_weight=0.969 publish=true
[ground_truth_amcl_monitor-7] [INFO] [1789004599.900550574] [ground_truth_amcl_monitor]: AMCL vs GT: gt=(-6.140, 4.008) amcl=(-6.129, 3.977) error=0.033 m / 0.000 rad; current_map=(-6.130, 3.986, 1.469) error=0.025 m / 0.000 rad; odom=(-6.883, 3.485, 1.469) error=0.908 m / 0.000 rad; ekf=(-6.883, 3.485, 1.469) error=0.908 m / 0.000 rad; RMS=0.129 m / 0.040 rad max=0.534 m / 0.155 rad samples=2817
[component_container-9] [INFO] [1789004600.094878684] [pure_pursuit_node]: Pure Pursuit: pose=(-5.927, 5.087, 1.309) cte=0.006 closest=2070 target=2119 path_dist=0.006 heading_err=-0.001 steer=-0.062 speed=4.132
[gpu_amcl_cpp_node-6] [INFO] [1789004600.622477802] [gpu_amcl_cpp]: AMCL odom delta: at_scan=(-2.842, -6.848, 2.534) baseline=(-2.719, -6.930, 2.574) delta=(-0.123, 0.082, -0.040) moved=true scan_age=0.050s
[gpu_amcl_cpp_node-6] [INFO] [1789004600.852246944] [gpu_amcl_cpp]: AMCL local correction: odom_prediction=(-4.875, 7.013, 0.702) scan=(-4.882, 7.010, 0.714) correction=0.008 m/0.012 rad cluster_weight=0.995 publish=true
[ground_truth_amcl_monitor-7] [INFO] [1789004600.903587861] [ground_truth_amcl_monitor]: AMCL vs GT: gt=(-4.763, 7.127) amcl=(-4.762, 7.108) error=0.019 m / 0.000 rad; current_map=(-4.756, 7.108, 0.634) error=0.020 m / 0.000 rad; odom=(-5.508, 6.561, 0.634) error=0.935 m / 0.000 rad; ekf=(-5.508, 6.561, 0.634) error=0.935 m / 0.000 rad; RMS=0.129 m / 0.040 rad max=0.534 m / 0.155 rad samples=2855
[component_container-9] [INFO] [1789004601.101152181] [pure_pursuit_node]: Pure Pursuit: pose=(-4.056, 7.480, 0.327) cte=-0.008 closest=2228 target=2275 path_dist=0.008 heading_err=-0.006 steer=-0.146 speed=3.471
[gpu_amcl_cpp_node-6] [INFO] [1789004601.623652004] [gpu_amcl_cpp]: AMCL odom delta: at_scan=(-3.772, -4.003, 1.237) baseline=(-3.823, -4.168, 1.308) delta=(0.051, 0.165, -0.071) moved=true scan_age=0.052s
[gpu_amcl_cpp_node-6] [INFO] [1789004601.874241485] [gpu_amcl_cpp]: AMCL local correction: odom_prediction=(-1.661, 7.072, -0.622) scan=(-1.658, 7.072, -0.622) correction=0.003 m/0.000 rad cluster_weight=0.967 publish=true
[ground_truth_amcl_monitor-7] [INFO] [1789004601.922881239] [ground_truth_amcl_monitor]: AMCL vs GT: gt=(-1.512, 6.948) amcl=(-1.660, 7.072) error=0.193 m / 0.069 rad; current_map=(-1.494, 6.944, -0.692) error=0.018 m / 0.000 rad; odom=(-2.374, 6.494, -0.622) error=0.974 m / 0.069 rad; ekf=(-2.374, 6.494, -0.622) error=0.974 m / 0.069 rad; RMS=0.129 m / 0.040 rad max=0.534 m / 0.155 rad samples=2894
[component_container-9] [INFO] [1789004602.119979074] [pure_pursuit_node]: Pure Pursuit: pose=(-0.764, 6.144, -0.926) cte=-0.016 closest=2418 target=2468 path_dist=0.016 heading_err=-0.009 steer=-0.072 speed=5.190
[gpu_amcl_cpp_node-6] [INFO] [1789004602.670757627] [gpu_amcl_cpp]: AMCL odom delta: at_scan=(0.075, -1.002, 0.341) baseline=(-0.201, -1.109, 0.401) delta=(0.276, 0.107, -0.060) moved=true scan_age=0.049s
[gpu_amcl_cpp_node-6] [WARN] [1789004602.823802243] [gpu_amcl_cpp]: No local AMCL cluster near odometry prediction; using causal odometry pose.
[gpu_amcl_cpp_node-6] [INFO] [1789004602.874487850] [gpu_amcl_cpp]: AMCL local correction: odom_prediction=(0.790, 2.569, -1.260) scan=(0.773, 2.596, -1.273) correction=0.032 m/0.013 rad cluster_weight=0.935 publish=true
[ground_truth_amcl_monitor-7] [INFO] [1789004602.922968766] [ground_truth_amcl_monitor]: AMCL vs GT: gt=(0.864, 2.363) amcl=(0.781, 2.582) error=0.235 m / 0.032 rad; current_map=(0.880, 2.291, -1.228) error=0.073 m / 0.000 rad; odom=(0.229, 1.640, -1.228) error=0.963 m / 0.000 rad; ekf=(0.229, 1.640, -1.228) error=0.963 m / 0.000 rad; RMS=0.130 m / 0.040 rad max=0.534 m / 0.155 rad samples=2934
[component_container-9] [INFO] [1789004603.169853571] [pure_pursuit_node]: Pure Pursuit: pose=(1.276, 0.655, -1.499) cte=-0.059 closest=126 target=178 path_dist=0.059 heading_err=0.077 steer=0.005 speed=5.296
[gpu_amcl_cpp_node-6] [INFO] [1789004603.223790515] [gpu_amcl_cpp]: AMCL recovery candidate: pose=(1.262, 0.718, -1.491) weight=0.848 stable_scans=1/3 odom_prediction=(1.276, 0.665).
[gpu_amcl_cpp_node-6] [INFO] [1789004603.674410564] [gpu_amcl_cpp]: AMCL odom delta: at_scan=(5.722, -0.084, -0.060) baseline=(5.420, -0.067, -0.051) delta=(0.302, -0.017, -0.009) moved=true scan_age=0.054s
[gpu_amcl_cpp_node-6] [INFO] [1789004603.875200205] [gpu_amcl_cpp]: AMCL local correction: odom_prediction=(1.307, -3.150, -1.624) scan=(1.319, -3.094, -1.619) correction=0.057 m/0.005 rad cluster_weight=0.928 publish=true
[ground_truth_amcl_monitor-7] [INFO] [1789004603.925460543] [ground_truth_amcl_monitor]: AMCL vs GT: gt=(1.296, -3.326) amcl=(1.313, -3.122) error=0.205 m / 0.053 rad; current_map=(1.289, -3.424, -1.676) error=0.098 m / 0.000 rad; odom=(0.669, -3.934, -1.624) error=0.873 m / 0.053 rad; ekf=(0.669, -3.934, -1.624) error=0.873 m / 0.053 rad; RMS=0.130 m / 0.040 rad max=0.534 m / 0.155 rad samples=2974
[gpu_amcl_cpp_node-6] [INFO] [1789004604.044991829] [gpu_amcl_cpp]: Received LiDAR callback #1498 (1081 ranges).
[gpu_amcl_cpp_node-6] [INFO] [1789004604.045051271] [gpu_amcl_cpp]: Starting AMCL scan update #1498 (sampled from 1081 ranges).
[gpu_amcl_cpp_node-6] [INFO] [1789004604.095081688] [gpu_amcl_cpp]: AMCL scan update #1499 completed; evaluating pose confidence.
[component_container-9] [INFO] [1789004604.195050558] [pure_pursuit_node]: Pure Pursuit: pose=(0.940, -5.202, -1.682) cte=-0.003 closest=421 target=475 path_dist=0.003 heading_err=-0.076 steer=-0.089 speed=5.457
[gpu_amcl_cpp_node-6] [INFO] [1789004604.696124992] [gpu_amcl_cpp]: AMCL odom delta: at_scan=(11.357, -1.054, -0.154) baseline=(11.185, -1.024, -0.194) delta=(0.172, -0.030, 0.040) moved=true scan_age=0.050s
[gpu_amcl_cpp_node-6] [INFO] [1789004604.899888901] [gpu_amcl_cpp]: AMCL local correction: odom_prediction=(0.310, -7.888, -1.837) scan=(0.312, -7.880, -1.842) correction=0.008 m/0.005 rad cluster_weight=0.981 publish=true
[ground_truth_amcl_monitor-7] [INFO] [1789004604.947095443] [ground_truth_amcl_monitor]: AMCL vs GT: gt=(0.255, -8.057) amcl=(0.311, -7.884) error=0.182 m / 0.010 rad; current_map=(0.262, -8.066, -1.827) error=0.012 m / 0.000 rad; odom=(-0.398, -8.889, -1.837) error=1.057 m / 0.010 rad; ekf=(-0.398, -8.889, -1.837) error=1.057 m / 0.010 rad; RMS=0.131 m / 0.040 rad max=0.534 m / 0.155 rad samples=3012
[component_container-9] [INFO] [1789004605.242525107] [pure_pursuit_node]: Pure Pursuit: pose=(-0.062, -9.039, -2.020) cte=0.002 closest=619 target=664 path_dist=0.002 heading_err=0.013 steer=-0.100 speed=2.549
[gpu_amcl_cpp_node-6] [INFO] [1789004605.741633400] [gpu_amcl_cpp]: AMCL odom delta: at_scan=(14.073, -2.222, -0.960) baseline=(14.000, -2.125, -0.884) delta=(0.074, -0.097, -0.077) moved=true scan_age=0.048s
[gpu_amcl_cpp_node-6] [INFO] [1789004605.944253561] [gpu_amcl_cpp]: AMCL local correction: odom_prediction=(-1.128, -10.061, -2.889) scan=(-1.124, -10.063, -2.884) correction=0.004 m/0.005 rad cluster_weight=0.999 publish=true
[ground_truth_amcl_monitor-7] [INFO] [1789004605.992585948] [ground_truth_amcl_monitor]: AMCL vs GT: gt=(-1.248, -10.104) amcl=(-1.126, -10.062) error=0.129 m / 0.101 rad; current_map=(-1.246, -10.086, -2.990) error=0.018 m / 0.000 rad; odom=(-1.863, -11.121, -2.889) error=1.189 m / 0.101 rad; ekf=(-1.863, -11.121, -2.889) error=1.189 m / 0.101 rad; RMS=0.131 m / 0.040 rad max=0.534 m / 0.155 rad samples=3054
[component_container-9] [INFO] [1789004606.265674308] [pure_pursuit_node]: Pure Pursuit: pose=(-2.024, -9.941, 2.640) cte=-0.011 closest=743 target=788 path_dist=0.011 heading_err=-0.036 steer=-0.235 speed=2.664
[gpu_amcl_cpp_node-6] [INFO] [1789004606.768196957] [gpu_amcl_cpp]: AMCL odom delta: at_scan=(13.182, -4.369, -2.730) baseline=(13.334, -4.298, -2.681) delta=(-0.152, -0.071, -0.049) moved=true scan_age=0.049s
[gpu_amcl_cpp_node-6] [INFO] [1789004606.971656175] [gpu_amcl_cpp]: AMCL local correction: odom_prediction=(-3.034, -8.253, 1.796) scan=(-3.029, -8.261, 1.801) correction=0.010 m/0.005 rad cluster_weight=0.980 publish=true
[ground_truth_amcl_monitor-7] [INFO] [1789004607.019584393] [ground_truth_amcl_monitor]: AMCL vs GT: gt=(-3.059, -8.124) amcl=(-3.032, -8.257) error=0.135 m / 0.049 rad; current_map=(-3.072, -8.058, 1.747) error=0.068 m / 0.000 rad; odom=(-3.839, -9.123, 1.747) error=1.267 m / 0.000 rad; ekf=(-3.839, -9.123, 1.747) error=1.267 m / 0.000 rad; RMS=0.130 m / 0.040 rad max=0.534 m / 0.155 rad samples=3094
[component_container-9] [INFO] [1789004607.267122781] [pure_pursuit_node]: Pure Pursuit: pose=(-3.152, -6.806, 1.558) cte=0.004 closest=916 target=966 path_dist=0.004 heading_err=-0.018 steer=-0.053 speed=5.143
[gpu_amcl_cpp_node-6] [INFO] [1789004607.817918989] [gpu_amcl_cpp]: AMCL odom delta: at_scan=(8.513, -4.280, 2.842) baseline=(8.755, -4.356, 2.834) delta=(-0.242, 0.076, 0.008) moved=true scan_age=0.049s
[gpu_amcl_cpp_node-6] [WARN] [1789004608.018577006] [gpu_amcl_cpp]: Queued LiDAR scan until source-time odometry arrives (queued=1).
[ground_truth_amcl_monitor-7] [INFO] [1789004608.020044693] [ground_truth_amcl_monitor]: AMCL vs GT: gt=(-2.450, -3.375) amcl=(-2.491, -3.606) error=0.234 m / 0.018 rad; current_map=(-2.427, -3.331, 1.332) error=0.049 m / 0.000 rad; odom=(-3.215, -4.301, 1.332) error=1.201 m / 0.000 rad; ekf=(-3.215, -4.301, 1.332) error=1.201 m / 0.000 rad; RMS=0.131 m / 0.040 rad max=0.534 m / 0.155 rad samples=3134
[gpu_amcl_cpp_node-6] [INFO] [1789004608.021029052] [gpu_amcl_cpp]: AMCL local correction: odom_prediction=(-2.427, -3.331, 1.332) scan=(-2.424, -3.333, 1.325) correction=0.003 m/0.007 rad cluster_weight=0.938 publish=true
[component_container-9] [INFO] [1789004608.316928873] [pure_pursuit_node]: Pure Pursuit: pose=(-1.841, -1.322, 1.393) cte=0.020 closest=1199 target=1253 path_dist=0.020 heading_err=-0.065 steer=-0.037 speed=5.149
[gpu_amcl_cpp_node-6] [INFO] [1789004608.818690337] [gpu_amcl_cpp]: AMCL odom delta: at_scan=(3.518, -3.031, 2.946) baseline=(3.709, -3.065, 2.994) delta=(-0.191, 0.033, -0.047) moved=true scan_age=0.049s
[ground_truth_amcl_monitor-7] [INFO] [1789004609.021824376] [ground_truth_amcl_monitor]: AMCL vs GT: gt=(-1.338, 1.241) amcl=(-1.326, 1.326) error=0.085 m / 0.000 rad; current_map=(-1.328, 1.328, 1.459) error=0.087 m / 0.000 rad; odom=(-2.092, 0.374, 1.459) error=1.149 m / 0.000 rad; ekf=(-2.092, 0.374, 1.459) error=1.149 m / 0.000 rad; RMS=0.131 m / 0.040 rad max=0.534 m / 0.155 rad samples=3175
[gpu_amcl_cpp_node-6] [INFO] [1789004609.068802661] [gpu_amcl_cpp]: Received LiDAR callback #1601 (1081 ranges).
[gpu_amcl_cpp_node-6] [INFO] [1789004609.068854819] [gpu_amcl_cpp]: Starting AMCL scan update #1601 (sampled from 1081 ranges).
[gpu_amcl_cpp_node-6] [INFO] [1789004609.070756521] [gpu_amcl_cpp]: AMCL local correction: odom_prediction=(-1.310, 1.506, 1.500) scan=(-1.306, 1.493, 1.491) correction=0.013 m/0.009 rad cluster_weight=0.950 publish=true
[gpu_amcl_cpp_node-6] [INFO] [1789004609.118000224] [gpu_amcl_cpp]: AMCL scan update #1602 completed; evaluating pose confidence.
[component_container-9] [INFO] [1789004609.317456766] [pure_pursuit_node]: Pure Pursuit: pose=(-1.270, 2.371, 1.641) cte=-0.002 closest=1386 target=1432 path_dist=0.002 heading_err=-0.009 steer=0.103 speed=2.286
[gpu_amcl_cpp_node-6] [INFO] [1789004609.818930472] [gpu_amcl_cpp]: AMCL odom delta: at_scan=(0.855, -3.048, -2.715) baseline=(0.943, -3.010, -2.761) delta=(-0.088, -0.037, 0.046) moved=true scan_age=0.050s
[ground_truth_amcl_monitor-7] [INFO] [1789004610.067239279] [ground_truth_amcl_monitor]: AMCL vs GT: gt=(-1.751, 3.571) amcl=(-1.687, 3.539) error=0.072 m / 0.091 rad; current_map=(-1.750, 3.604, 2.394) error=0.033 m / 0.000 rad; odom=(-2.449, 2.620, 2.304) error=1.180 m / 0.091 rad; ekf=(-2.449, 2.620, 2.304) error=1.180 m / 0.091 rad; RMS=0.130 m / 0.040 rad max=0.534 m / 0.155 rad samples=3216
[gpu_amcl_cpp_node-6] [INFO] [1789004610.120824575] [gpu_amcl_cpp]: AMCL local correction: odom_prediction=(-1.818, 3.665, 2.483) scan=(-1.821, 3.674, 2.478) correction=0.010 m/0.005 rad cluster_weight=0.984 publish=true
[component_container-9] [INFO] [1789004610.366749104] [pure_pursuit_node]: Pure Pursuit: pose=(-2.300, 3.844, 3.105) cte=-0.011 closest=1487 target=1530 path_dist=0.011 heading_err=0.048 steer=0.432 speed=1.868
[gpu_amcl_cpp_node-6] [WARN] [1789004610.668721174] [gpu_amcl_cpp]: Queued LiDAR scan until source-time odometry arrives (queued=1).
[gpu_amcl_cpp_node-6] [INFO] [1789004610.866817833] [gpu_amcl_cpp]: AMCL odom delta: at_scan=(0.623, -4.596, -0.608) baseline=(0.540, -4.533, -0.706) delta=(0.082, -0.063, 0.098) moved=true scan_age=0.048s
[ground_truth_amcl_monitor-7] [INFO] [1789004611.068899176] [ground_truth_amcl_monitor]: AMCL vs GT: gt=(-3.114, 3.051) amcl=(-3.077, 3.114) error=0.074 m / 0.068 rad; current_map=(-3.114, 3.002, -1.855) error=0.048 m / 0.000 rad; odom=(-3.981, 2.134, -1.855) error=1.261 m / 0.000 rad; ekf=(-3.981, 2.134, -1.855) error=1.261 m / 0.000 rad; RMS=0.129 m / 0.041 rad max=0.534 m / 0.155 rad samples=3256
[gpu_amcl_cpp_node-6] [INFO] [1789004611.170364651] [gpu_amcl_cpp]: AMCL local correction: odom_prediction=(-3.166, 2.761, -1.752) scan=(-3.160, 2.743, -1.745) correction=0.018 m/0.007 rad cluster_weight=0.934 publish=true
[component_container-9] [INFO] [1789004611.418041002] [pure_pursuit_node]: Pure Pursuit: pose=(-3.268, 1.814, -1.652) cte=0.027 closest=1611 target=1658 path_dist=0.027 heading_err=-0.039 steer=-0.019 speed=3.359
[gpu_amcl_cpp_node-6] [INFO] [1789004611.920526744] [gpu_amcl_cpp]: AMCL odom delta: at_scan=(3.457, -5.157, -0.351) baseline=(3.375, -5.128, -0.319) delta=(0.083, -0.029, -0.032) moved=true scan_age=0.051s
[ground_truth_amcl_monitor-7] [INFO] [1789004612.071256779] [ground_truth_amcl_monitor]: AMCL vs GT: gt=(-3.618, 0.288) amcl=(-3.610, 0.304) error=0.018 m / 0.000 rad; current_map=(-3.610, 0.307, -2.017) error=0.021 m / 0.000 rad; odom=(-4.483, -0.601, -2.017) error=1.241 m / 0.000 rad; ekf=(-4.483, -0.601, -2.017) error=1.241 m / 0.000 rad; RMS=0.129 m / 0.040 rad max=0.534 m / 0.155 rad samples=3297
[gpu_amcl_cpp_node-6] [INFO] [1789004612.220110550] [gpu_amcl_cpp]: AMCL local correction: odom_prediction=(-3.761, 0.035, -2.205) scan=(-3.759, 0.022, -2.204) correction=0.013 m/0.001 rad cluster_weight=0.980 publish=true
[component_container-9] [INFO] [1789004612.466845383] [pure_pursuit_node]: Pure Pursuit: pose=(-4.182, -0.373, -2.632) cte=-0.028 closest=1735 target=1778 path_dist=0.028 heading_err=-0.091 steer=-0.347 speed=1.963
[gpu_amcl_cpp_node-6] [INFO] [1789004612.968489155] [gpu_amcl_cpp]: AMCL odom delta: at_scan=(4.455, -6.707, -1.943) baseline=(4.486, -6.615, -1.846) delta=(-0.031, -0.092, -0.097) moved=true scan_age=0.050s
[ground_truth_amcl_monitor-7] [INFO] [1789004613.071866853] [ground_truth_amcl_monitor]: AMCL vs GT: gt=(-5.177, -0.312) amcl=(-5.173, -0.306) error=0.007 m / 0.000 rad; current_map=(-5.173, -0.314, 2.586) error=0.005 m / 0.000 rad; odom=(-6.082, -1.209, 2.586) error=1.274 m / 0.000 rad; ekf=(-6.082, -1.209, 2.586) error=1.274 m / 0.000 rad; RMS=0.128 m / 0.041 rad max=0.534 m / 0.155 rad samples=3337
[gpu_amcl_cpp_node-6] [INFO] [1789004613.220250542] [gpu_amcl_cpp]: AMCL local correction: odom_prediction=(-5.417, -0.107, 2.325) scan=(-5.411, -0.112, 2.324) correction=0.007 m/0.001 rad cluster_weight=0.958 publish=true
[component_container-9] [INFO] [1789004613.467004202] [pure_pursuit_node]: Pure Pursuit: pose=(-5.801, 0.564, 1.907) cte=-0.049 closest=1841 target=1887 path_dist=0.049 heading_err=0.003 steer=-0.078 speed=3.490
[gpu_amcl_cpp_node-6] [INFO] [1789004614.018166453] [gpu_amcl_cpp]: AMCL odom delta: at_scan=(1.563, -7.868, -3.072) baseline=(1.792, -7.849, -3.046) delta=(-0.229, -0.019, -0.026) moved=true scan_age=0.049s
[gpu_amcl_cpp_node-6] [INFO] [1789004614.117952765] [gpu_amcl_cpp]: Received LiDAR callback #1703 (1081 ranges).
[gpu_amcl_cpp_node-6] [INFO] [1789004614.118007749] [gpu_amcl_cpp]: Starting AMCL scan update #1703 (sampled from 1081 ranges).
[gpu_amcl_cpp_node-6] [INFO] [1789004614.119039877] [gpu_amcl_cpp]: AMCL scan update #1703 completed; evaluating pose confidence.
[ground_truth_amcl_monitor-7] [INFO] [1789004614.118857695] [ground_truth_amcl_monitor]: AMCL vs GT: gt=(-6.167, 2.906) amcl=(-6.151, 2.686) error=0.220 m / 0.026 rad; current_map=(-6.159, 2.926, 1.590) error=0.022 m / 0.000 rad; odom=(-7.089, 2.072, 1.590) error=1.243 m / 0.000 rad; ekf=(-7.089, 2.072, 1.590) error=1.243 m / 0.000 rad; RMS=0.128 m / 0.041 rad max=0.534 m / 0.155 rad samples=3378
[gpu_amcl_cpp_node-6] [INFO] [1789004614.269075410] [gpu_amcl_cpp]: AMCL local correction: odom_prediction=(-6.155, 3.653, 1.533) scan=(-6.155, 3.655, 1.529) correction=0.002 m/0.003 rad cluster_weight=0.975 publish=true
[component_container-9] [INFO] [1789004614.467229520] [pure_pursuit_node]: Pure Pursuit: pose=(-5.995, 4.781, 1.334) cte=0.011 closest=2054 target=2104 path_dist=0.011 heading_err=0.026 steer=-0.025 speed=4.225
[gpu_amcl_cpp_node-6] [INFO] [1789004615.069088424] [gpu_amcl_cpp]: AMCL odom delta: at_scan=(-2.525, -7.028, 2.541) baseline=(-2.408, -7.105, 2.579) delta=(-0.117, 0.077, -0.037) moved=true scan_age=0.050s
[ground_truth_amcl_monitor-7] [INFO] [1789004615.121117438] [ground_truth_amcl_monitor]: AMCL vs GT: gt=(-5.223, 6.660) amcl=(-5.200, 6.657) error=0.024 m / 0.000 rad; current_map=(-5.195, 6.662, 0.915) error=0.028 m / 0.000 rad; odom=(-6.145, 5.797, 0.915) error=1.263 m / 0.000 rad; ekf=(-6.145, 5.797, 0.915) error=1.263 m / 0.000 rad; RMS=0.128 m / 0.041 rad max=0.534 m / 0.155 rad samples=3419
[gpu_amcl_cpp_node-6] [INFO] [1789004615.270273478] [gpu_amcl_cpp]: AMCL local correction: odom_prediction=(-4.923, 6.956, 0.735) scan=(-4.931, 6.944, 0.752) correction=0.015 m/0.018 rad cluster_weight=0.995 publish=true
[component_container-9] [INFO] [1789004615.518204001] [pure_pursuit_node]: Pure Pursuit: pose=(-4.140, 7.444, 0.364) cte=-0.003 closest=2224 target=2270 path_dist=0.003 heading_err=0.003 steer=-0.137 speed=3.452
[gpu_amcl_cpp_node-6] [INFO] [1789004616.118103949] [gpu_amcl_cpp]: AMCL odom delta: at_scan=(-3.404, -4.011, 1.169) baseline=(-3.467, -4.175, 1.233) delta=(0.063, 0.163, -0.064) moved=true scan_age=0.049s
[ground_truth_amcl_monitor-7] [INFO] [1789004616.121644420] [ground_truth_amcl_monitor]: AMCL vs GT: gt=(-2.324, 7.425) amcl=(-2.310, 7.423) error=0.014 m / 0.000 rad; current_map=(-2.305, 7.422, -0.401) error=0.019 m / 0.000 rad; odom=(-3.211, 6.562, -0.401) error=1.237 m / 0.000 rad; ekf=(-3.211, 6.562, -0.401) error=1.237 m / 0.000 rad; RMS=0.128 m / 0.041 rad max=0.534 m / 0.155 rad samples=3459
[gpu_amcl_cpp_node-6] [INFO] [1789004616.270349624] [gpu_amcl_cpp]: AMCL local correction: odom_prediction=(-1.813, 7.160, -0.576) scan=(-1.840, 7.179, -0.570) correction=0.033 m/0.006 rad cluster_weight=0.961 publish=true
[component_container-9] [INFO] [1789004616.566799028] [pure_pursuit_node]: Pure Pursuit: pose=(-0.727, 6.109, -0.911) cte=-0.025 closest=2420 target=2471 path_dist=0.025 heading_err=-0.033 steer=-0.094 speed=4.959
[gpu_amcl_cpp_node-6] [INFO] [1789004617.119529263] [gpu_amcl_cpp]: AMCL odom delta: at_scan=(0.302, -1.197, 0.386) baseline=(0.055, -1.300, 0.410) delta=(0.247, 0.104, -0.024) moved=true scan_age=0.050s
[ground_truth_amcl_monitor-7] [INFO] [1789004617.123386028] [ground_truth_amcl_monitor]: AMCL vs GT: gt=(0.441, 3.797) amcl=(0.453, 3.754) error=0.045 m / 0.000 rad; current_map=(0.454, 3.755, -1.185) error=0.043 m / 0.000 rad; odom=(-0.396, 2.856, -1.185) error=1.260 m / 0.000 rad; ekf=(-0.396, 2.856, -1.185) error=1.260 m / 0.000 rad; RMS=0.129 m / 0.041 rad max=0.534 m / 0.155 rad samples=3499
[gpu_amcl_cpp_node-6] [INFO] [1789004617.319768983] [gpu_amcl_cpp]: AMCL local correction: odom_prediction=(0.795, 2.834, -1.267) scan=(0.801, 2.826, -1.274) correction=0.010 m/0.007 rad cluster_weight=0.928 publish=true
[gpu_amcl_cpp_node-6] [WARN] [1789004617.418968955] [gpu_amcl_cpp]: Queued LiDAR scan until source-time odometry arrives (queued=1).
[component_container-9] [INFO] [1789004617.617199061] [pure_pursuit_node]: Pure Pursuit: pose=(1.128, 1.232, -1.472) cte=-0.009 closest=97 target=148 path_dist=0.009 heading_err=0.089 steer=0.057 speed=5.745
[gpu_amcl_cpp_node-6] [WARN] [1789004617.769906144] [gpu_amcl_cpp]: No local AMCL cluster near odometry prediction; using causal odometry pose.
[gpu_amcl_cpp_node-6] [INFO] [1789004618.167772036] [gpu_amcl_cpp]: AMCL odom delta: at_scan=(5.584, -0.149, -0.009) baseline=(5.336, -0.153, 0.038) delta=(0.248, 0.004, -0.047) moved=true scan_age=0.049s
[ground_truth_amcl_monitor-7] [INFO] [1789004618.168747017] [ground_truth_amcl_monitor]: AMCL vs GT: gt=(1.468, -1.280) amcl=(1.442, -1.247) error=0.042 m / 0.047 rad; current_map=(1.445, -1.496, -1.580) error=0.217 m / 0.000 rad; odom=(0.651, -2.426, -1.580) error=1.407 m / 0.000 rad; ekf=(0.648, -2.177, -1.533) error=1.215 m / 0.047 rad; RMS=0.129 m / 0.040 rad max=0.534 m / 0.155 rad samples=3540
[gpu_amcl_cpp_node-6] [INFO] [1789004618.319831973] [gpu_amcl_cpp]: AMCL local correction: odom_prediction=(1.408, -2.144, -1.705) scan=(1.409, -2.134, -1.707) correction=0.010 m/0.002 rad cluster_weight=0.929 publish=true
[component_container-9] [INFO] [1789004618.667221088] [pure_pursuit_node]: Pure Pursuit: pose=(1.139, -4.270, -1.652) cte=-0.039 closest=373 target=427 path_dist=0.039 heading_err=-0.076 steer=-0.114 speed=5.634
[gpu_amcl_cpp_node-6] [INFO] [1789004619.118740237] [gpu_amcl_cpp]: Received LiDAR callback #1804 (1081 ranges).
[gpu_amcl_cpp_node-6] [INFO] [1789004619.118797655] [gpu_amcl_cpp]: Starting AMCL scan update #1804 (sampled from 1081 ranges).
[gpu_amcl_cpp_node-6] [INFO] [1789004619.119290841] [gpu_amcl_cpp]: AMCL scan update #1804 completed; evaluating pose confidence.
[gpu_amcl_cpp_node-6] [INFO] [1789004619.168525226] [gpu_amcl_cpp]: AMCL odom delta: at_scan=(10.801, -0.864, -0.250) baseline=(10.608, -0.817, -0.227) delta=(0.193, -0.047, -0.023) moved=true scan_age=0.050s
[ground_truth_amcl_monitor-7] [INFO] [1789004619.169172853] [ground_truth_amcl_monitor]: AMCL vs GT: gt=(0.757, -6.494) amcl=(0.817, -6.260) error=0.242 m / 0.023 rad; current_map=(0.771, -6.453, -1.821) error=0.044 m / 0.000 rad; odom=(-0.016, -7.450, -1.798) error=1.229 m / 0.023 rad; ekf=(-0.016, -7.450, -1.798) error=1.229 m / 0.023 rad; RMS=0.129 m / 0.040 rad max=0.534 m / 0.155 rad samples=3580
[gpu_amcl_cpp_node-6] [INFO] [1789004619.320499063] [gpu_amcl_cpp]: AMCL local correction: odom_prediction=(0.613, -6.987, -1.887) scan=(0.612, -6.988, -1.884) correction=0.002 m/0.003 rad cluster_weight=0.971 publish=true
[component_container-9] [INFO] [1789004619.668214242] [pure_pursuit_node]: Pure Pursuit: pose=(0.171, -8.442, -1.795) cte=0.002 closest=587 target=635 path_dist=0.002 heading_err=-0.091 steer=-0.128 speed=2.836
[ground_truth_amcl_monitor-7] [INFO] [1789004620.171514602] [ground_truth_amcl_monitor]: AMCL vs GT: gt=(-0.300, -9.541) amcl=(-0.287, -9.522) error=0.023 m / 0.000 rad; current_map=(-0.288, -9.521, -2.174) error=0.023 m / 0.000 rad; odom=(-1.114, -10.658, -2.174) error=1.382 m / 0.000 rad; ekf=(-1.114, -10.658, -2.174) error=1.382 m / 0.000 rad; RMS=0.129 m / 0.040 rad max=0.534 m / 0.155 rad samples=3621
[gpu_amcl_cpp_node-6] [INFO] [1789004620.218904291] [gpu_amcl_cpp]: AMCL odom delta: at_scan=(13.916, -1.989, -0.674) baseline=(13.816, -1.915, -0.603) delta=(0.100, -0.074, -0.071) moved=true scan_age=0.049s
[gpu_amcl_cpp_node-6] [INFO] [1789004620.320610753] [gpu_amcl_cpp]: AMCL local correction: odom_prediction=(-0.525, -9.795, -2.410) scan=(-0.522, -9.791, -2.401) correction=0.005 m/0.008 rad cluster_weight=0.999 publish=true
[component_container-9] [INFO] [1789004620.718326999] [pure_pursuit_node]: Pure Pursuit: pose=(-1.531, -10.122, 3.017) cte=-0.023 closest=717 target=762 path_dist=0.023 heading_err=-0.006 steer=-0.258 speed=2.501
[ground_truth_amcl_monitor-7] [INFO] [1789004621.218825458] [ground_truth_amcl_monitor]: AMCL vs GT: gt=(-2.459, -9.577) amcl=(-2.397, -9.637) error=0.087 m / 0.072 rad; current_map=(-2.481, -9.535, 2.227) error=0.048 m / 0.000 rad; odom=(-3.325, -10.692, 2.227) error=1.411 m / 0.000 rad; ekf=(-3.325, -10.692, 2.227) error=1.411 m / 0.000 rad; RMS=0.129 m / 0.040 rad max=0.534 m / 0.155 rad samples=3662
[gpu_amcl_cpp_node-6] [INFO] [1789004621.267802620] [gpu_amcl_cpp]: AMCL odom delta: at_scan=(13.735, -4.208, -2.549) baseline=(13.850, -4.125, -2.485) delta=(-0.116, -0.083, -0.064) moved=true scan_age=0.048s
[gpu_amcl_cpp_node-6] [INFO] [1789004621.370028749] [gpu_amcl_cpp]: AMCL local correction: odom_prediction=(-2.713, -9.158, 2.054) scan=(-2.711, -9.160, 2.054) correction=0.003 m/0.000 rad cluster_weight=0.978 publish=true
[component_container-9] [INFO] [1789004621.768104712] [pure_pursuit_node]: Pure Pursuit: pose=(-3.141, -7.542, 1.664) cte=-0.003 closest=879 target=928 path_dist=0.003 heading_err=-0.006 steer=-0.060 speed=4.705
[ground_truth_amcl_monitor-7] [INFO] [1789004622.218832921] [ground_truth_amcl_monitor]: AMCL vs GT: gt=(-3.044, -5.689) amcl=(-3.062, -5.904) error=0.216 m / 0.035 rad; current_map=(-3.023, -5.655, 1.400) error=0.040 m / 0.000 rad; odom=(-3.948, -6.994, 1.435) error=1.588 m / 0.035 rad; ekf=(-3.948, -6.994, 1.435) error=1.588 m / 0.035 rad; RMS=0.129 m / 0.040 rad max=0.534 m / 0.155 rad samples=3702
[gpu_amcl_cpp_node-6] [INFO] [1789004622.267861190] [gpu_amcl_cpp]: AMCL odom delta: at_scan=(9.656, -4.663, 2.942) baseline=(9.903, -4.710, 2.971) delta=(-0.247, 0.046, -0.029) moved=true scan_age=0.048s
[gpu_amcl_cpp_node-6] [INFO] [1789004622.421436456] [gpu_amcl_cpp]: AMCL local correction: odom_prediction=(-2.786, -4.677, 1.267) scan=(-2.770, -4.664, 1.263) correction=0.021 m/0.004 rad cluster_weight=0.959 publish=true
[component_container-9] [INFO] [1789004622.818706558] [pure_pursuit_node]: Pure Pursuit: pose=(-2.096, -2.242, 1.239) cte=0.004 closest=1151 target=1205 path_dist=0.004 heading_err=0.073 steer=0.075 speed=6.270
[ground_truth_amcl_monitor-7] [INFO] [1789004623.220181869] [ground_truth_amcl_monitor]: AMCL vs GT: gt=(-1.608, -0.434) amcl=(-1.648, -0.581) error=0.153 m / 0.002 rad; current_map=(-1.576, -0.341, 1.282) error=0.098 m / 0.000 rad; odom=(-2.502, -1.579, 1.280) error=1.453 m / 0.002 rad; ekf=(-2.502, -1.579, 1.280) error=1.453 m / 0.002 rad; RMS=0.129 m / 0.040 rad max=0.534 m / 0.155 rad samples=3742
[gpu_amcl_cpp_node-6] [INFO] [1789004623.316425571] [gpu_amcl_cpp]: AMCL odom delta: at_scan=(4.069, -3.114, 2.898) baseline=(4.273, -3.167, 2.876) delta=(-0.204, 0.053, 0.022) moved=true scan_age=0.048s
[gpu_amcl_cpp_node-6] [INFO] [1789004623.469956044] [gpu_amcl_cpp]: AMCL local correction: odom_prediction=(-1.377, 0.586, 1.440) scan=(-1.379, 0.596, 1.438) correction=0.010 m/0.002 rad cluster_weight=0.957 publish=true
[component_container-9] [INFO] [1789004623.866412799] [pure_pursuit_node]: Pure Pursuit: pose=(-1.285, 2.018, 1.594) cte=-0.022 closest=1368 target=1415 path_dist=0.022 heading_err=-0.055 steer=0.025 speed=2.941
[gpu_amcl_cpp_node-6] [INFO] [1789004624.118835891] [gpu_amcl_cpp]: Received LiDAR callback #1904 (1081 ranges).
[gpu_amcl_cpp_node-6] [INFO] [1789004624.118895122] [gpu_amcl_cpp]: Starting AMCL scan update #1904 (sampled from 1081 ranges).
[gpu_amcl_cpp_node-6] [INFO] [1789004624.119434265] [gpu_amcl_cpp]: AMCL scan update #1904 completed; evaluating pose confidence.
[ground_truth_amcl_monitor-7] [INFO] [1789004624.221453606] [ground_truth_amcl_monitor]: AMCL vs GT: gt=(-1.306, 2.693) amcl=(-1.289, 2.735) error=0.045 m / 0.000 rad; current_map=(-1.286, 2.740, 1.748) error=0.051 m / 0.000 rad; odom=(-2.115, 1.864, 1.748) error=1.159 m / 0.000 rad; ekf=(-2.115, 1.864, 1.748) error=1.159 m / 0.000 rad; RMS=0.129 m / 0.040 rad max=0.534 m / 0.155 rad samples=3783
[gpu_amcl_cpp_node-6] [INFO] [1789004624.317990559] [gpu_amcl_cpp]: AMCL odom delta: at_scan=(1.128, -2.954, -2.880) baseline=(1.217, -2.932, -2.913) delta=(-0.089, -0.022, 0.034) moved=true scan_age=0.049s
[gpu_amcl_cpp_node-6] [INFO] [1789004624.470683500] [gpu_amcl_cpp]: AMCL local correction: odom_prediction=(-1.425, 3.164, 1.974) scan=(-1.428, 3.155, 1.973) correction=0.009 m/0.000 rad cluster_weight=0.976 publish=true
[component_container-9] [INFO] [1789004624.866932566] [pure_pursuit_node]: Pure Pursuit: pose=(-1.968, 3.759, 2.686) cte=-0.045 closest=1469 target=1512 path_dist=0.045 heading_err=0.085 steer=0.415 speed=1.843
[ground_truth_amcl_monitor-7] [INFO] [1789004625.223082458] [ground_truth_amcl_monitor]: AMCL vs GT: gt=(-2.446, 3.784) amcl=(-2.468, 3.825) error=0.047 m / 0.000 rad; current_map=(-2.480, 3.826, -2.926) error=0.054 m / 0.000 rad; odom=(-3.314, 2.973, -2.926) error=1.188 m / 0.000 rad; ekf=(-3.314, 2.973, -2.926) error=1.188 m / 0.000 rad; RMS=0.128 m / 0.040 rad max=0.534 m / 0.155 rad samples=3823
[gpu_amcl_cpp_node-6] [INFO] [1789004625.368586065] [gpu_amcl_cpp]: AMCL odom delta: at_scan=(0.290, -4.370, -1.011) baseline=(0.246, -4.290, -1.123) delta=(0.044, -0.080, 0.112) moved=true scan_age=0.050s
[gpu_amcl_cpp_node-6] [INFO] [1789004625.520165765] [gpu_amcl_cpp]: AMCL local correction: odom_prediction=(-2.901, 3.510, -2.266) scan=(-2.885, 3.497, -2.253) correction=0.020 m/0.013 rad cluster_weight=0.978 publish=true
[component_container-9] [INFO] [1789004625.868141102] [pure_pursuit_node]: Pure Pursuit: pose=(-3.190, 2.625, -1.709) cte=0.047 closest=1570 target=1615 path_dist=0.047 heading_err=0.021 steer=0.036 speed=3.175
[ground_truth_amcl_monitor-7] [INFO] [1789004626.223292710] [ground_truth_amcl_monitor]: AMCL vs GT: gt=(-3.289, 1.708) amcl=(-3.281, 1.675) error=0.034 m / 0.000 rad; current_map=(-3.281, 1.672, -1.651) error=0.037 m / 0.000 rad; odom=(-4.208, 0.853, -1.651) error=1.255 m / 0.000 rad; ekf=(-4.208, 0.853, -1.651) error=1.255 m / 0.000 rad; RMS=0.128 m / 0.040 rad max=0.534 m / 0.155 rad samples=3863
[gpu_amcl_cpp_node-6] [INFO] [1789004626.369627418] [gpu_amcl_cpp]: AMCL odom delta: at_scan=(2.804, -5.058, -0.133) baseline=(2.639, -5.038, -0.101) delta=(0.165, -0.019, -0.032) moved=true scan_age=0.051s
[gpu_amcl_cpp_node-6] [INFO] [1789004626.569783209] [gpu_amcl_cpp]: AMCL local correction: odom_prediction=(-3.449, 0.660, -1.896) scan=(-3.454, 0.673, -1.886) correction=0.014 m/0.010 rad cluster_weight=0.988 publish=true
[component_container-9] [INFO] [1789004626.916213926] [pure_pursuit_node]: Pure Pursuit: pose=(-3.839, -0.080, -2.308) cte=0.014 closest=1712 target=1756 path_dist=0.014 heading_err=-0.016 steer=-0.261 speed=1.966
[ground_truth_amcl_monitor-7] [INFO] [1789004627.223327106] [ground_truth_amcl_monitor]: AMCL vs GT: gt=(-4.237, -0.361) amcl=(-4.226, -0.374) error=0.017 m / 0.000 rad; current_map=(-4.229, -0.369, -2.695) error=0.011 m / 0.000 rad; odom=(-5.158, -1.187, -2.695) error=1.238 m / 0.000 rad; ekf=(-5.158, -1.187, -2.695) error=1.238 m / 0.000 rad; RMS=0.127 m / 0.040 rad max=0.534 m / 0.155 rad samples=3903
[gpu_amcl_cpp_node-6] [INFO] [1789004627.419207456] [gpu_amcl_cpp]: AMCL odom delta: at_scan=(4.445, -6.331, -1.497) baseline=(4.434, -6.234, -1.404) delta=(0.012, -0.097, -0.093) moved=true scan_age=0.050s
[gpu_amcl_cpp_node-6] [INFO] [1789004627.571263172] [gpu_amcl_cpp]: AMCL local correction: odom_prediction=(-4.875, -0.439, 2.919) scan=(-4.864, -0.432, 2.924) correction=0.013 m/0.005 rad cluster_weight=0.985 publish=true
[component_container-9] [INFO] [1789004627.917205964] [pure_pursuit_node]: Pure Pursuit: pose=(-5.519, 0.020, 2.212) cte=-0.025 closest=1811 target=1855 path_dist=0.025 heading_err=-0.061 steer=-0.183 speed=2.825
[gpu_amcl_cpp_node-6] [WARN] [1789004628.068835639] [gpu_amcl_cpp]: Queued LiDAR scan until source-time odometry arrives (queued=1).
[ground_truth_amcl_monitor-7] [INFO] [1789004628.267725364] [ground_truth_amcl_monitor]: AMCL vs GT: gt=(-5.884, 0.790) amcl=(-5.832, 0.645) error=0.154 m / 0.043 rad; current_map=(-5.880, 0.800, 1.847) error=0.011 m / 0.000 rad; odom=(-6.850, -0.016, 1.847) error=1.259 m / 0.000 rad; ekf=(-6.850, -0.016, 1.847) error=1.259 m / 0.000 rad; RMS=0.127 m / 0.041 rad max=0.534 m / 0.155 rad samples=3944
[gpu_amcl_cpp_node-6] [INFO] [1789004628.468026900] [gpu_amcl_cpp]: AMCL odom delta: at_scan=(2.461, -7.804, -2.981) baseline=(2.651, -7.771, -2.959) delta=(-0.190, -0.033, -0.023) moved=true scan_age=0.049s
[gpu_amcl_cpp_node-6] [INFO] [1789004628.620833517] [gpu_amcl_cpp]: AMCL local correction: odom_prediction=(-6.107, 2.094, 1.679) scan=(-6.105, 2.098, 1.676) correction=0.005 m/0.003 rad cluster_weight=0.952 publish=true
[component_container-9] [INFO] [1789004628.917923691] [pure_pursuit_node]: Pure Pursuit: pose=(-6.146, 3.755, 1.518) cte=0.000 closest=2002 target=2053 path_dist=0.000 heading_err=-0.012 steer=-0.058 speed=4.642
[gpu_amcl_cpp_node-6] [INFO] [1789004629.168619042] [gpu_amcl_cpp]: Received LiDAR callback #2007 (1081 ranges).
[gpu_amcl_cpp_node-6] [INFO] [1789004629.168667583] [gpu_amcl_cpp]: Starting AMCL scan update #2007 (sampled from 1081 ranges).
[gpu_amcl_cpp_node-6] [INFO] [1789004629.169155861] [gpu_amcl_cpp]: AMCL scan update #2007 completed; evaluating pose confidence.
[ground_truth_amcl_monitor-7] [INFO] [1789004629.269307997] [ground_truth_amcl_monitor]: AMCL vs GT: gt=(-5.935, 5.127) amcl=(-5.978, 4.904) error=0.227 m / 0.023 rad; current_map=(-5.923, 5.120, 1.310) error=0.014 m / 0.000 rad; odom=(-6.900, 4.346, 1.310) error=1.241 m / 0.000 rad; ekf=(-6.900, 4.346, 1.310) error=1.241 m / 0.000 rad; RMS=0.127 m / 0.040 rad max=0.534 m / 0.155 rad samples=3984
[gpu_amcl_cpp_node-6] [INFO] [1789004629.474245092] [gpu_amcl_cpp]: AMCL odom delta: at_scan=(-1.944, -7.442, 2.704) baseline=(-1.777, -7.514, 2.767) delta=(-0.167, 0.072, -0.064) moved=true scan_age=0.055s
[gpu_amcl_cpp_node-6] [INFO] [1789004629.670659016] [gpu_amcl_cpp]: AMCL local correction: odom_prediction=(-5.363, 6.399, 1.013) scan=(-5.359, 6.403, 1.022) correction=0.006 m/0.009 rad cluster_weight=0.995 publish=true
[component_container-9] [INFO] [1789004629.918280754] [pure_pursuit_node]: Pure Pursuit: pose=(-4.882, 7.007, 0.723) cte=-0.003 closest=2180 target=2226 path_dist=0.003 heading_err=-0.027 steer=-0.139 speed=3.158
[ground_truth_amcl_monitor-7] [INFO] [1789004630.270681992] [ground_truth_amcl_monitor]: AMCL vs GT: gt=(-4.115, 7.479) amcl=(-4.259, 7.398) error=0.165 m / 0.070 rad; current_map=(-4.102, 7.464, 0.364) error=0.020 m / 0.000 rad; odom=(-5.216, 6.612, 0.434) error=1.401 m / 0.070 rad; ekf=(-5.216, 6.612, 0.434) error=1.401 m / 0.070 rad; RMS=0.127 m / 0.040 rad max=0.534 m / 0.155 rad samples=4022
[gpu_amcl_cpp_node-6] [INFO] [1789004630.521064277] [gpu_amcl_cpp]: AMCL odom delta: at_scan=(-3.663, -5.013, 1.571) baseline=(-3.658, -5.184, 1.623) delta=(-0.004, 0.171, -0.052) moved=true scan_age=0.049s
[gpu_amcl_cpp_node-6] [INFO] [1789004630.674330439] [gpu_amcl_cpp]: AMCL local correction: odom_prediction=(-2.742, 7.558, -0.231) scan=(-2.762, 7.569, -0.226) correction=0.023 m/0.005 rad cluster_weight=0.947 publish=true
[component_container-9] [INFO] [1789004630.921528573] [pure_pursuit_node]: Pure Pursuit: pose=(-1.759, 7.132, -0.572) cte=-0.023 closest=2348 target=2396 path_dist=0.023 heading_err=-0.012 steer=-0.121 speed=4.219
[ground_truth_amcl_monitor-7] [INFO] [1789004631.306644958] [ground_truth_amcl_monitor]: AMCL vs GT: gt=(-0.785, 6.149) amcl=(-0.925, 6.339) error=0.236 m / 0.027 rad; current_map=(-0.769, 6.146, -0.908) error=0.016 m / 0.000 rad; odom=(-1.670, 5.304, -0.908) error=1.224 m / 0.000 rad; ekf=(-1.825, 5.497, -0.881) error=1.227 m / 0.027 rad; RMS=0.127 m / 0.040 rad max=0.534 m / 0.155 rad samples=4062
[gpu_amcl_cpp_node-6] [INFO] [1789004631.523466149] [gpu_amcl_cpp]: AMCL odom delta: at_scan=(-1.219, -1.883, 0.426) baseline=(-1.439, -1.992, 0.498) delta=(0.220, 0.110, -0.072) moved=true scan_age=0.050s
[gpu_amcl_cpp_node-6] [INFO] [1789004631.676202206] [gpu_amcl_cpp]: AMCL local correction: odom_prediction=(0.099, 4.552, -1.138) scan=(0.092, 4.566, -1.148) correction=0.015 m/0.011 rad cluster_weight=0.938 publish=true
[gpu_amcl_cpp_node-6] [WARN] [1789004631.924523019] [gpu_amcl_cpp]: No local AMCL cluster near odometry prediction; using causal odometry pose.
[component_container-9] [INFO] [1789004631.970296385] [pure_pursuit_node]: Pure Pursuit: pose=(0.726, 2.798, -1.306) cte=0.010 closest=16 target=68 path_dist=0.010 heading_err=0.025 steer=-0.000 speed=6.008
[ground_truth_amcl_monitor-7] [INFO] [1789004632.322003643] [ground_truth_amcl_monitor]: AMCL vs GT: gt=(1.201, 1.165) amcl=(1.148, 1.330) error=0.173 m / 0.059 rad; current_map=(1.199, 1.065, -1.413) error=0.101 m / 0.000 rad; odom=(0.303, 0.459, -1.354) error=1.142 m / 0.059 rad; ekf=(0.303, 0.459, -1.354) error=1.142 m / 0.059 rad; RMS=0.128 m / 0.040 rad max=0.534 m / 0.155 rad samples=4102
[gpu_amcl_cpp_node-6] [INFO] [1789004632.572984044] [gpu_amcl_cpp]: AMCL odom delta: at_scan=(4.323, -0.304, 0.106) baseline=(4.028, -0.336, 0.109) delta=(0.295, 0.032, -0.003) moved=true scan_age=0.051s
[gpu_amcl_cpp_node-6] [INFO] [1789004632.724987805] [gpu_amcl_cpp]: AMCL local correction: odom_prediction=(1.368, -1.163, -1.556) scan=(1.383, -1.160, -1.552) correction=0.015 m/0.005 rad cluster_weight=0.909 publish=true
[component_container-9] [INFO] [1789004632.971407589] [pure_pursuit_node]: Pure Pursuit: pose=(1.305, -2.908, -1.659) cte=-0.025 closest=305 target=359 path_dist=0.025 heading_err=-0.013 steer=-0.040 speed=6.315
[gpu_amcl_cpp_node-6] [WARN] [1789004633.076342631] [gpu_amcl_cpp]: No local AMCL cluster near odometry prediction; using causal odometry pose.
[ground_truth_amcl_monitor-7] [INFO] [1789004633.324733709] [ground_truth_amcl_monitor]: AMCL vs GT: gt=(1.030, -4.598) amcl=(1.101, -4.348) error=0.260 m / 0.024 rad; current_map=(1.038, -4.663, -1.756) error=0.066 m / 0.000 rad; odom=(0.240, -5.408, -1.779) error=1.131 m / 0.024 rad; ekf=(0.240, -5.408, -1.779) error=1.131 m / 0.024 rad; RMS=0.128 m / 0.040 rad max=0.534 m / 0.155 rad samples=4142
[gpu_amcl_cpp_node-6] [INFO] [1789004633.596559900] [gpu_amcl_cpp]: AMCL odom delta: at_scan=(10.435, -0.899, -0.191) baseline=(10.186, -0.853, -0.172) delta=(0.248, -0.046, -0.019) moved=true scan_age=0.050s
[gpu_amcl_cpp_node-6] [INFO] [1789004633.750577436] [gpu_amcl_cpp]: AMCL local correction: odom_prediction=(0.632, -6.807, -1.784) scan=(0.624, -6.828, -1.782) correction=0.023 m/0.001 rad cluster_weight=0.971 publish=true
[component_container-9] [INFO] [1789004633.995173554] [pure_pursuit_node]: Pure Pursuit: pose=(0.339, -7.901, -1.908) cte=-0.007 closest=559 target=607 path_dist=0.007 heading_err=0.072 steer=0.043 speed=3.691
[gpu_amcl_cpp_node-6] [INFO] [1789004634.196661985] [gpu_amcl_cpp]: Received LiDAR callback #2107 (1081 ranges).
[gpu_amcl_cpp_node-6] [INFO] [1789004634.196712180] [gpu_amcl_cpp]: Starting AMCL scan update #2107 (sampled from 1081 ranges).
[gpu_amcl_cpp_node-6] [INFO] [1789004634.197212750] [gpu_amcl_cpp]: AMCL scan update #2107 completed; evaluating pose confidence.
[ground_truth_amcl_monitor-7] [INFO] [1789004634.347134642] [ground_truth_amcl_monitor]: AMCL vs GT: gt=(0.041, -8.916) amcl=(0.106, -8.758) error=0.171 m / 0.028 rad; current_map=(0.057, -8.887, -1.944) error=0.034 m / 0.000 rad; odom=(-0.753, -9.851, -1.916) error=1.226 m / 0.028 rad; ekf=(-0.753, -9.851, -1.916) error=1.226 m / 0.028 rad; RMS=0.129 m / 0.040 rad max=0.534 m / 0.155 rad samples=4182
[gpu_amcl_cpp_node-6] [INFO] [1789004634.647400960] [gpu_amcl_cpp]: AMCL odom delta: at_scan=(13.751, -1.944, -0.645) baseline=(13.653, -1.874, -0.601) delta=(0.098, -0.070, -0.045) moved=true scan_age=0.051s
[gpu_amcl_cpp_node-6] [INFO] [1789004634.799272845] [gpu_amcl_cpp]: AMCL local correction: odom_prediction=(-0.525, -9.772, -2.423) scan=(-0.522, -9.770, -2.418) correction=0.004 m/0.005 rad cluster_weight=0.999 publish=true
[component_container-9] [INFO] [1789004634.995290499] [pure_pursuit_node]: Pure Pursuit: pose=(-1.059, -10.060, -2.866) cte=0.004 closest=693 target=738 path_dist=0.004 heading_err=-0.026 steer=-0.262 speed=2.519
[ground_truth_amcl_monitor-7] [INFO] [1789004635.348039098] [ground_truth_amcl_monitor]: AMCL vs GT: gt=(-1.783, -10.071) amcl=(-1.676, -10.072) error=0.107 m / 0.108 rad; current_map=(-1.796, -10.041, 2.832) error=0.033 m / 0.000 rad; odom=(-2.663, -11.152, 2.832) error=1.395 m / 0.000 rad; ekf=(-2.663, -11.152, 2.832) error=1.395 m / 0.000 rad; RMS=0.128 m / 0.040 rad max=0.534 m / 0.155 rad samples=4222
[gpu_amcl_cpp_node-6] [INFO] [1789004635.696947803] [gpu_amcl_cpp]: AMCL odom delta: at_scan=(13.762, -4.191, -2.500) baseline=(13.865, -4.108, -2.430) delta=(-0.104, -0.083, -0.069) moved=true scan_age=0.050s
[gpu_amcl_cpp_node-6] [INFO] [1789004635.848874412] [gpu_amcl_cpp]: AMCL local correction: odom_prediction=(-2.740, -9.106, 2.028) scan=(-2.735, -9.108, 2.032) correction=0.005 m/0.004 rad cluster_weight=0.974 publish=true
[component_container-9] [INFO] [1789004635.996945377] [pure_pursuit_node]: Pure Pursuit: pose=(-2.994, -8.430, 1.847) cte=-0.017 closest=834 target=882 path_dist=0.017 heading_err=0.016 steer=-0.080 speed=4.198
[ground_truth_amcl_monitor-7] [INFO] [1789004636.351049614] [ground_truth_amcl_monitor]: AMCL vs GT: gt=(-3.150, -7.282) amcl=(-3.145, -7.267) error=0.016 m / 0.000 rad; current_map=(-3.147, -7.249, 1.611) error=0.033 m / 0.000 rad; odom=(-4.053, -8.313, 1.611) error=1.370 m / 0.000 rad; ekf=(-4.053, -8.313, 1.611) error=1.370 m / 0.000 rad; RMS=0.128 m / 0.040 rad max=0.534 m / 0.155 rad samples=4263
[gpu_amcl_cpp_node-6] [INFO] [1789004636.746159431] [gpu_amcl_cpp]: AMCL odom delta: at_scan=(9.514, -4.671, 2.919) baseline=(9.754, -4.722, 2.949) delta=(-0.240, 0.050, -0.030) moved=true scan_age=0.049s
[gpu_amcl_cpp_node-6] [INFO] [1789004636.898854133] [gpu_amcl_cpp]: AMCL local correction: odom_prediction=(-2.770, -4.626, 1.283) scan=(-2.793, -4.654, 1.270) correction=0.036 m/0.014 rad cluster_weight=0.929 publish=true
[component_container-9] [INFO] [1789004637.049783309] [pure_pursuit_node]: Pure Pursuit: pose=(-2.492, -3.619, 1.322) cte=-0.015 closest=1079 target=1131 path_dist=0.015 heading_err=-0.023 steer=-0.031 speed=5.925
[ground_truth_amcl_monitor-7] [INFO] [1789004637.371830918] [ground_truth_amcl_monitor]: AMCL vs GT: gt=(-2.044, -2.123) amcl=(-2.100, -2.342) error=0.226 m / 0.049 rad; current_map=(-2.016, -2.042, 1.321) error=0.085 m / 0.000 rad; odom=(-3.000, -3.323, 1.272) error=1.535 m / 0.049 rad; ekf=(-3.000, -3.323, 1.272) error=1.535 m / 0.049 rad; RMS=0.129 m / 0.040 rad max=0.534 m / 0.155 rad samples=4302
[gpu_amcl_cpp_node-6] [INFO] [1789004637.771644192] [gpu_amcl_cpp]: AMCL odom delta: at_scan=(4.189, -3.258, 2.948) baseline=(4.377, -3.300, 2.901) delta=(-0.189, 0.042, 0.046) moved=true scan_age=0.050s
[gpu_amcl_cpp_node-6] [INFO] [1789004637.924863019] [gpu_amcl_cpp]: AMCL local correction: odom_prediction=(-1.476, 0.479, 1.379) scan=(-1.480, 0.487, 1.374) correction=0.009 m/0.005 rad cluster_weight=0.913 publish=true
[component_container-9] [INFO] [1789004638.070347678] [pure_pursuit_node]: Pure Pursuit: pose=(-1.333, 1.239, 1.435) cte=0.004 closest=1329 target=1377 path_dist=0.004 heading_err=-0.005 steer=0.032 speed=3.437
[ground_truth_amcl_monitor-7] [INFO] [1789004638.375347213] [ground_truth_amcl_monitor]: AMCL vs GT: gt=(-1.274, 2.017) amcl=(-1.262, 2.076) error=0.060 m / 0.000 rad; current_map=(-1.262, 2.074, 1.520) error=0.058 m / 0.000 rad; odom=(-2.144, 1.125, 1.520) error=1.246 m / 0.000 rad; ekf=(-2.144, 1.125, 1.520) error=1.246 m / 0.000 rad; RMS=0.129 m / 0.040 rad max=0.534 m / 0.155 rad samples=4343
[gpu_amcl_cpp_node-6] [INFO] [1789004638.774130223] [gpu_amcl_cpp]: AMCL odom delta: at_scan=(1.174, -3.049, -2.861) baseline=(1.269, -3.023, -2.899) delta=(-0.095, -0.025, 0.038) moved=true scan_age=0.051s
[gpu_amcl_cpp_node-6] [INFO] [1789004638.925147426] [gpu_amcl_cpp]: AMCL local correction: odom_prediction=(-1.469, 3.209, 2.001) scan=(-1.466, 3.196, 1.997) correction=0.014 m/0.004 rad cluster_weight=0.982 publish=true
[component_container-9] [INFO] [1789004639.073316648] [pure_pursuit_node]: Pure Pursuit: pose=(-1.673, 3.528, 2.292) cte=-0.039 closest=1449 target=1492 path_dist=0.039 heading_err=-0.080 steer=0.339 speed=1.792
[gpu_amcl_cpp_node-6] [INFO] [1789004639.227327204] [gpu_amcl_cpp]: Received LiDAR callback #2207 (1081 ranges).
[gpu_amcl_cpp_node-6] [INFO] [1789004639.227403858] [gpu_amcl_cpp]: Starting AMCL scan update #2207 (sampled from 1081 ranges).
[gpu_amcl_cpp_node-6] [INFO] [1789004639.228198611] [gpu_amcl_cpp]: AMCL scan update #2207 completed; evaluating pose confidence.
[ground_truth_amcl_monitor-7] [INFO] [1789004639.399443002] [ground_truth_amcl_monitor]: AMCL vs GT: gt=(-2.059, 3.757) amcl=(-1.986, 3.773) error=0.075 m / 0.099 rad; current_map=(-2.068, 3.807, 2.801) error=0.051 m / 0.000 rad; odom=(-2.865, 2.817, 2.702) error=1.239 m / 0.099 rad; ekf=(-2.865, 2.817, 2.702) error=1.239 m / 0.099 rad; RMS=0.128 m / 0.040 rad max=0.534 m / 0.155 rad samples=4382
[gpu_amcl_cpp_node-6] [INFO] [1789004639.799695585] [gpu_amcl_cpp]: AMCL odom delta: at_scan=(0.392, -4.455, -0.997) baseline=(0.347, -4.376, -1.103) delta=(0.045, -0.079, 0.106) moved=true scan_age=0.051s
[gpu_amcl_cpp_node-6] [INFO] [1789004639.925263390] [gpu_amcl_cpp]: AMCL local correction: odom_prediction=(-2.878, 3.546, -2.309) scan=(-2.861, 3.528, -2.295) correction=0.025 m/0.013 rad cluster_weight=0.974 publish=true
[component_container-9] [INFO] [1789004640.122727766] [pure_pursuit_node]: Pure Pursuit: pose=(-3.104, 3.067, -1.857) cte=0.024 closest=1548 target=1591 path_dist=0.024 heading_err=0.099 steer=0.111 speed=2.699
[ground_truth_amcl_monitor-7] [INFO] [1789004640.401801410] [ground_truth_amcl_monitor]: AMCL vs GT: gt=(-3.216, 2.507) amcl=(-3.206, 2.458) error=0.050 m / 0.000 rad; current_map=(-3.206, 2.457, -1.683) error=0.051 m / 0.000 rad; odom=(-4.203, 1.553, -1.683) error=1.373 m / 0.000 rad; ekf=(-4.203, 1.553, -1.683) error=1.373 m / 0.000 rad; RMS=0.128 m / 0.041 rad max=0.534 m / 0.155 rad samples=4421
[gpu_amcl_cpp_node-6] [INFO] [1789004640.846299402] [gpu_amcl_cpp]: AMCL odom delta: at_scan=(3.078, -5.158, -0.166) baseline=(2.931, -5.136, -0.132) delta=(0.147, -0.022, -0.035) moved=true scan_age=0.050s
[gpu_amcl_cpp_node-6] [INFO] [1789004640.949532280] [gpu_amcl_cpp]: AMCL local correction: odom_prediction=(-3.415, 0.782, -1.840) scan=(-3.415, 0.781, -1.830) correction=0.001 m/0.011 rad cluster_weight=0.983 publish=true
[component_container-9] [INFO] [1789004641.144599364] [pure_pursuit_node]: Pure Pursuit: pose=(-3.605, 0.295, -2.026) cte=0.041 closest=1690 target=1733 path_dist=0.041 heading_err=-0.038 steer=-0.227 speed=1.996
[ground_truth_amcl_monitor-7] [INFO] [1789004641.447517593] [ground_truth_amcl_monitor]: AMCL vs GT: gt=(-3.897, -0.117) amcl=(-3.817, -0.043) error=0.110 m / 0.068 rad; current_map=(-3.883, -0.113, -2.360) error=0.015 m / 0.000 rad; odom=(-4.889, -1.065, -2.360) error=1.372 m / 0.000 rad; ekf=(-4.889, -1.065, -2.360) error=1.372 m / 0.000 rad; RMS=0.128 m / 0.040 rad max=0.534 m / 0.155 rad samples=4462
[gpu_amcl_cpp_node-6] [INFO] [1789004641.847008689] [gpu_amcl_cpp]: AMCL odom delta: at_scan=(4.572, -6.360, -1.447) baseline=(4.556, -6.265, -1.350) delta=(0.017, -0.095, -0.097) moved=true scan_age=0.051s
[gpu_amcl_cpp_node-6] [INFO] [1789004641.950933468] [gpu_amcl_cpp]: AMCL local correction: odom_prediction=(-4.731, -0.478, 3.067) scan=(-4.722, -0.481, 3.079) correction=0.009 m/0.013 rad cluster_weight=0.982 publish=true
[component_container-9] [INFO] [1789004642.145543814] [pure_pursuit_node]: Pure Pursuit: pose=(-5.174, -0.332, 2.581) cte=-0.004 closest=1786 target=1830 path_dist=0.004 heading_err=-0.065 steer=-0.272 speed=2.226
[ground_truth_amcl_monitor-7] [INFO] [1789004642.451466729] [ground_truth_amcl_monitor]: AMCL vs GT: gt=(-5.565, 0.059) amcl=(-5.557, 0.065) error=0.010 m / 0.000 rad; current_map=(-5.556, 0.064, 2.172) error=0.010 m / 0.000 rad; odom=(-6.602, -0.886, 2.172) error=1.404 m / 0.000 rad; ekf=(-6.602, -0.886, 2.172) error=1.404 m / 0.000 rad; RMS=0.127 m / 0.041 rad max=0.534 m / 0.155 rad samples=4503
[gpu_amcl_cpp_node-6] [INFO] [1789004642.847665492] [gpu_amcl_cpp]: AMCL odom delta: at_scan=(2.895, -7.822, -2.947) baseline=(3.068, -7.785, -2.922) delta=(-0.173, -0.036, -0.024) moved=true scan_age=0.051s
[gpu_amcl_cpp_node-6] [INFO] [1789004643.001064511] [gpu_amcl_cpp]: AMCL local correction: odom_prediction=(-6.058, 1.727, 1.709) scan=(-6.062, 1.732, 1.706) correction=0.006 m/0.004 rad cluster_weight=0.958 publish=true
[component_container-9] [INFO] [1789004643.146905081] [pure_pursuit_node]: Pure Pursuit: pose=(-6.146, 2.608, 1.630) cte=-0.002 closest=1945 target=1994 path_dist=0.002 heading_err=0.005 steer=-0.034 speed=5.063
[ground_truth_amcl_monitor-7] [INFO] [1789004643.471875118] [ground_truth_amcl_monitor]: AMCL vs GT: gt=(-6.150, 3.937) amcl=(-6.156, 3.678) error=0.259 m / 0.031 rad; current_map=(-6.139, 3.926, 1.485) error=0.015 m / 0.000 rad; odom=(-7.211, 2.813, 1.516) error=1.546 m / 0.031 rad; ekf=(-7.211, 2.813, 1.516) error=1.546 m / 0.031 rad; RMS=0.128 m / 0.041 rad max=0.534 m / 0.155 rad samples=4542
[gpu_amcl_cpp_node-6] [INFO] [1789004643.871150292] [gpu_amcl_cpp]: AMCL odom delta: at_scan=(-1.588, -7.612, 2.762) baseline=(-1.414, -7.678, 2.794) delta=(-0.174, 0.066, -0.032) moved=true scan_age=0.050s
[gpu_amcl_cpp_node-6] [INFO] [1789004644.025734308] [gpu_amcl_cpp]: AMCL local correction: odom_prediction=(-5.558, 6.069, 1.113) scan=(-5.555, 6.086, 1.110) correction=0.017 m/0.003 rad cluster_weight=0.994 publish=true
[component_container-9] [INFO] [1789004644.170325032] [pure_pursuit_node]: Pure Pursuit: pose=(-5.303, 6.512, 0.967) cte=0.004 closest=2148 target=2193 path_dist=0.004 heading_err=0.034 steer=-0.121 speed=2.856
[gpu_amcl_cpp_node-6] [INFO] [1789004644.272206132] [gpu_amcl_cpp]: Received LiDAR callback #2306 (1081 ranges).
[gpu_amcl_cpp_node-6] [INFO] [1789004644.272276615] [gpu_amcl_cpp]: Starting AMCL scan update #2306 (sampled from 1081 ranges).
[gpu_amcl_cpp_node-6] [INFO] [1789004644.273092257] [gpu_amcl_cpp]: AMCL scan update #2306 completed; evaluating pose confidence.
[ground_truth_amcl_monitor-7] [INFO] [1789004644.472424716] [ground_truth_amcl_monitor]: AMCL vs GT: gt=(-4.873, 7.014) amcl=(-4.972, 6.903) error=0.149 m / 0.061 rad; current_map=(-4.868, 6.996, 0.695) error=0.019 m / 0.000 rad; odom=(-5.998, 6.052, 0.757) error=1.481 m / 0.061 rad; ekf=(-5.998, 6.052, 0.757) error=1.481 m / 0.061 rad; RMS=0.128 m / 0.040 rad max=0.534 m / 0.155 rad samples=4582
[gpu_amcl_cpp_node-6] [INFO] [1789004644.871354473] [gpu_amcl_cpp]: AMCL odom delta: at_scan=(-3.551, -5.561, 1.757) baseline=(-3.514, -5.726, 1.834) delta=(-0.038, 0.165, -0.077) moved=true scan_age=0.050s
[gpu_amcl_cpp_node-6] [INFO] [1789004645.074226342] [gpu_amcl_cpp]: AMCL local correction: odom_prediction=(-3.084, 7.607, -0.081) scan=(-3.062, 7.610, -0.076) correction=0.022 m/0.005 rad cluster_weight=0.966 publish=true
[component_container-9] [INFO] [1789004645.170424387] [pure_pursuit_node]: Pure Pursuit: pose=(-2.572, 7.510, -0.303) cte=-0.017 closest=2303 target=2350 path_dist=0.017 heading_err=0.013 steer=-0.108 speed=3.704
[ground_truth_amcl_monitor-7] [INFO] [1789004645.472681759] [ground_truth_amcl_monitor]: AMCL vs GT: gt=(-1.750, 7.125) amcl=(-1.906, 7.229) error=0.187 m / 0.069 rad; current_map=(-1.743, 7.125, -0.602) error=0.008 m / 0.000 rad; odom=(-2.890, 6.348, -0.533) error=1.379 m / 0.069 rad; ekf=(-2.890, 6.348, -0.533) error=1.379 m / 0.069 rad; RMS=0.128 m / 0.041 rad max=0.534 m / 0.155 rad samples=4622
[gpu_amcl_cpp_node-6] [INFO] [1789004645.875514179] [gpu_amcl_cpp]: AMCL odom delta: at_scan=(-1.729, -2.289, 0.555) baseline=(-1.957, -2.437, 0.603) delta=(0.228, 0.149, -0.048) moved=true scan_age=0.051s
[gpu_amcl_cpp_node-6] [INFO] [1789004646.100813961] [gpu_amcl_cpp]: AMCL local correction: odom_prediction=(0.020, 4.740, -1.118) scan=(0.008, 4.778, -1.126) correction=0.039 m/0.008 rad cluster_weight=0.945 publish=true
[component_container-9] [INFO] [1789004646.195583363] [pure_pursuit_node]: Pure Pursuit: pose=(0.368, 3.973, -1.196) cte=-0.021 closest=2541 target=8 path_dist=0.021 heading_err=-0.011 steer=-0.043 speed=5.953
[ground_truth_amcl_monitor-7] [INFO] [1789004646.473659009] [ground_truth_amcl_monitor]: AMCL vs GT: gt=(0.720, 2.721) amcl=(0.647, 2.979) error=0.268 m / 0.047 rad; current_map=(0.733, 2.673, -1.272) error=0.050 m / 0.000 rad; odom=(-0.197, 1.718, -1.272) error=1.359 m / 0.000 rad; ekf=(-0.197, 1.718, -1.272) error=1.359 m / 0.000 rad; RMS=0.128 m / 0.040 rad max=0.534 m / 0.155 rad samples=4660
[gpu_amcl_cpp_node-6] [INFO] [1789004646.920182658] [gpu_amcl_cpp]: AMCL odom delta: at_scan=(3.681, -0.430, 0.075) baseline=(3.423, -0.450, 0.083) delta=(0.258, 0.020, -0.008) moved=true scan_age=0.049s
[gpu_amcl_cpp_node-6] [WARN] [1789004646.973986923] [gpu_amcl_cpp]: No local AMCL cluster near odometry prediction; using causal odometry pose.
[gpu_amcl_cpp_node-6] [INFO] [1789004647.122469509] [gpu_amcl_cpp]: AMCL local correction: odom_prediction=(1.350, -0.581, -1.511) scan=(1.349, -0.616, -1.506) correction=0.035 m/0.005 rad cluster_weight=0.914 publish=true
[component_container-9] [INFO] [1789004647.219845268] [pure_pursuit_node]: Pure Pursuit: pose=(1.351, -1.430, -1.622) cte=0.013 closest=231 target=283 path_dist=0.013 heading_err=0.040 steer=0.026 speed=6.281
[ground_truth_amcl_monitor-7] [INFO] [1789004647.477599670] [ground_truth_amcl_monitor]: AMCL vs GT: gt=(1.359, -2.578) amcl=(1.354, -2.677) error=0.099 m / 0.000 rad; current_map=(1.352, -2.684, -1.581) error=0.106 m / 0.000 rad; odom=(0.430, -3.684, -1.581) error=1.445 m / 0.000 rad; ekf=(0.430, -3.684, -1.581) error=1.445 m / 0.000 rad; RMS=0.128 m / 0.040 rad max=0.534 m / 0.155 rad samples=4701
[gpu_amcl_cpp_node-6] [INFO] [1789004647.922200529] [gpu_amcl_cpp]: AMCL odom delta: at_scan=(9.410, -0.781, -0.197) baseline=(9.117, -0.726, -0.175) delta=(0.294, -0.055, -0.022) moved=true scan_age=0.051s
[gpu_amcl_cpp_node-6] [INFO] [1789004648.123531776] [gpu_amcl_cpp]: AMCL local correction: odom_prediction=(0.721, -6.095, -1.800) scan=(0.721, -6.094, -1.798) correction=0.001 m/0.002 rad cluster_weight=0.970 publish=true
[component_container-9] [INFO] [1789004648.220215725] [pure_pursuit_node]: Pure Pursuit: pose=(0.607, -6.735, -1.729) cte=0.008 closest=499 target=548 path_dist=0.008 heading_err=-0.067 steer=-0.059 speed=4.183
[ground_truth_amcl_monitor-7] [INFO] [1789004648.522709084] [ground_truth_amcl_monitor]: AMCL vs GT: gt=(0.375, -7.704) amcl=(0.433, -7.510) error=0.202 m / 0.011 rad; current_map=(0.382, -7.706, -1.819) error=0.007 m / 0.000 rad; odom=(-0.576, -8.897, -1.819) error=1.526 m / 0.000 rad; ekf=(-0.576, -8.897, -1.819) error=1.526 m / 0.000 rad; RMS=0.129 m / 0.040 rad max=0.534 m / 0.155 rad samples=4742
[gpu_amcl_cpp_node-6] [INFO] [1789004648.923308835] [gpu_amcl_cpp]: AMCL odom delta: at_scan=(13.347, -1.793, -0.448) baseline=(13.232, -1.740, -0.415) delta=(0.114, -0.053, -0.034) moved=true scan_age=0.051s
[gpu_amcl_cpp_node-6] [INFO] [1789004649.124741233] [gpu_amcl_cpp]: AMCL local correction: odom_prediction=(-0.240, -9.375, -2.144) scan=(-0.228, -9.369, -2.148) correction=0.013 m/0.004 rad cluster_weight=0.997 publish=true
[component_container-9] [INFO] [1789004649.221556078] [pure_pursuit_node]: Pure Pursuit: pose=(-0.457, -9.667, -2.313) cte=0.012 closest=657 target=701 path_dist=0.012 heading_err=0.025 steer=-0.235 speed=2.507
[gpu_amcl_cpp_node-6] [INFO] [1789004649.273232487] [gpu_amcl_cpp]: Received LiDAR callback #2405 (1081 ranges).
[gpu_amcl_cpp_node-6] [INFO] [1789004649.273305534] [gpu_amcl_cpp]: Starting AMCL scan update #2405 (sampled from 1081 ranges).
[gpu_amcl_cpp_node-6] [INFO] [1789004649.273863262] [gpu_amcl_cpp]: AMCL scan update #2405 completed; evaluating pose confidence.
[ground_truth_amcl_monitor-7] [INFO] [1789004649.525846836] [ground_truth_amcl_monitor]: AMCL vs GT: gt=(-0.950, -10.021) amcl=(-0.823, -9.947) error=0.147 m / 0.080 rad; current_map=(-0.929, -9.998, -2.731) error=0.030 m / 0.000 rad; odom=(-1.930, -11.234, -2.731) error=1.560 m / 0.000 rad; ekf=(-1.824, -11.182, -2.650) error=1.454 m / 0.080 rad; RMS=0.129 m / 0.040 rad max=0.534 m / 0.155 rad samples=4782
[gpu_amcl_cpp_node-6] [INFO] [1789004649.947643909] [gpu_amcl_cpp]: AMCL odom delta: at_scan=(14.384, -3.744, -2.008) baseline=(14.431, -3.627, -1.894) delta=(-0.047, -0.117, -0.114) moved=true scan_age=0.052s
[gpu_amcl_cpp_node-6] [INFO] [1789004650.149940261] [gpu_amcl_cpp]: AMCL local correction: odom_prediction=(-2.376, -9.661, 2.336) scan=(-2.367, -9.669, 2.339) correction=0.012 m/0.002 rad cluster_weight=0.960 publish=true
[component_container-9] [INFO] [1789004650.245448182] [pure_pursuit_node]: Pure Pursuit: pose=(-2.616, -9.349, 2.126) cte=-0.040 closest=785 target=830 path_dist=0.040 heading_err=-0.012 steer=-0.115 speed=3.331
[ground_truth_amcl_monitor-7] [INFO] [1789004650.572221426] [ground_truth_amcl_monitor]: AMCL vs GT: gt=(-2.954, -8.557) amcl=(-2.910, -8.684) error=0.134 m / 0.050 rad; current_map=(-2.967, -8.505, 1.850) error=0.053 m / 0.000 rad; odom=(-3.929, -9.918, 1.900) error=1.674 m / 0.050 rad; ekf=(-3.929, -9.918, 1.900) error=1.674 m / 0.050 rad; RMS=0.129 m / 0.040 rad max=0.534 m / 0.155 rad samples=4822
[gpu_amcl_cpp_node-6] [INFO] [1789004650.972674444] [gpu_amcl_cpp]: AMCL odom delta: at_scan=(11.184, -4.990, 3.119) baseline=(11.428, -4.992, -3.135) delta=(-0.244, 0.002, -0.029) moved=true scan_age=0.051s
[gpu_amcl_cpp_node-6] [INFO] [1789004651.174259070] [gpu_amcl_cpp]: AMCL local correction: odom_prediction=(-3.063, -5.893, 1.416) scan=(-3.059, -5.891, 1.412) correction=0.004 m/0.004 rad cluster_weight=0.972 publish=true
[component_container-9] [INFO] [1789004651.269658217] [pure_pursuit_node]: Pure Pursuit: pose=(-2.899, -5.157, 1.300) cte=0.017 closest=1000 target=1051 path_dist=0.017 heading_err=0.023 steer=0.017 speed=5.010
[ground_truth_amcl_monitor-7] [INFO] [1789004651.572446163] [ground_truth_amcl_monitor]: AMCL vs GT: gt=(-2.608, -3.952) amcl=(-2.672, -4.196) error=0.253 m / 0.049 rad; current_map=(-2.591, -3.926, 1.257) error=0.030 m / 0.000 rad; odom=(-3.710, -5.315, 1.306) error=1.753 m / 0.049 rad; ekf=(-3.710, -5.315, 1.306) error=1.753 m / 0.049 rad; RMS=0.129 m / 0.040 rad max=0.534 m / 0.155 rad samples=4862
[gpu_amcl_cpp_node-6] [INFO] [1789004651.974347765] [gpu_amcl_cpp]: AMCL odom delta: at_scan=(5.961, -3.804, 2.860) baseline=(6.252, -3.878, 2.925) delta=(-0.291, 0.074, -0.065) moved=true scan_age=0.051s
[gpu_amcl_cpp_node-6] [INFO] [1789004652.174894061] [gpu_amcl_cpp]: AMCL local correction: odom_prediction=(-1.675, -0.674, 1.388) scan=(-1.672, -0.661, 1.373) correction=0.013 m/0.015 rad cluster_weight=0.926 publish=true
[component_container-9] [INFO] [1789004652.271619570] [pure_pursuit_node]: Pure Pursuit: pose=(-1.562, -0.017, 1.383) cte=-0.001 closest=1266 target=1315 path_dist=0.001 heading_err=-0.018 steer=0.009 speed=4.026
[ground_truth_amcl_monitor-7] [INFO] [1789004652.576048160] [ground_truth_amcl_monitor]: AMCL vs GT: gt=(-1.392, 0.870) amcl=(-1.379, 0.891) error=0.025 m / 0.000 rad; current_map=(-1.381, 0.880, 1.454) error=0.015 m / 0.000 rad; odom=(-2.401, -0.170, 1.454) error=1.449 m / 0.000 rad; ekf=(-2.401, -0.170, 1.454) error=1.449 m / 0.000 rad; RMS=0.129 m / 0.040 rad max=0.534 m / 0.155 rad samples=4903
[gpu_amcl_cpp_node-6] [INFO] [1789004653.021286104] [gpu_amcl_cpp]: AMCL odom delta: at_scan=(1.813, -3.097, -3.058) baseline=(1.956, -3.087, -3.079) delta=(-0.143, -0.010, 0.021) moved=true scan_age=0.050s
[gpu_amcl_cpp_node-6] [INFO] [1789004653.223527797] [gpu_amcl_cpp]: AMCL local correction: odom_prediction=(-1.340, 2.862, 1.831) scan=(-1.341, 2.862, 1.830) correction=0.001 m/0.002 rad cluster_weight=0.979 publish=true
[component_container-9] [INFO] [1789004653.320251052] [pure_pursuit_node]: Pure Pursuit: pose=(-1.429, 3.133, 1.938) cte=-0.003 closest=1425 target=1469 path_dist=0.003 heading_err=-0.006 steer=0.239 speed=1.967
[ground_truth_amcl_monitor-7] [INFO] [1789004653.576566788] [ground_truth_amcl_monitor]: AMCL vs GT: gt=(-1.626, 3.432) amcl=(-1.619, 3.449) error=0.018 m / 0.000 rad; current_map=(-1.622, 3.457, 2.229) error=0.026 m / 0.000 rad; odom=(-2.640, 2.365, 2.229) error=1.471 m / 0.000 rad; ekf=(-2.640, 2.365, 2.229) error=1.471 m / 0.000 rad; RMS=0.129 m / 0.040 rad max=0.534 m / 0.155 rad samples=4943
[gpu_amcl_cpp_node-6] [INFO] [1789004654.021512756] [gpu_amcl_cpp]: AMCL odom delta: at_scan=(0.413, -4.121, -1.622) baseline=(0.423, -4.029, -1.735) delta=(-0.010, -0.092, 0.112) moved=true scan_age=0.048s
[gpu_amcl_cpp_node-6] [INFO] [1789004654.224160191] [gpu_amcl_cpp]: AMCL local correction: odom_prediction=(-2.614, 3.776, -2.738) scan=(-2.589, 3.752, -2.737) correction=0.034 m/0.001 rad cluster_weight=0.977 publish=true
[gpu_amcl_cpp_node-6] [INFO] [1789004654.321590094] [gpu_amcl_cpp]: Received LiDAR callback #2505 (1081 ranges).
[gpu_amcl_cpp_node-6] [INFO] [1789004654.321656799] [gpu_amcl_cpp]: Starting AMCL scan update #2505 (sampled from 1081 ranges).
[gpu_amcl_cpp_node-6] [INFO] [1789004654.322589181] [gpu_amcl_cpp]: AMCL scan update #2505 completed; evaluating pose confidence.
[component_container-9] [INFO] [1789004654.369774554] [pure_pursuit_node]: Pure Pursuit: pose=(-2.897, 3.537, -2.295) cte=-0.000 closest=1522 target=1565 path_dist=0.000 heading_err=0.093 steer=0.299 speed=2.221
[ground_truth_amcl_monitor-7] [INFO] [1789004654.622421519] [ground_truth_amcl_monitor]: AMCL vs GT: gt=(-3.067, 3.192) amcl=(-3.028, 3.260) error=0.079 m / 0.071 rad; current_map=(-3.070, 3.163, -1.945) error=0.029 m / 0.000 rad; odom=(-4.198, 2.097, -1.945) error=1.574 m / 0.000 rad; ekf=(-4.198, 2.097, -1.945) error=1.574 m / 0.000 rad; RMS=0.128 m / 0.041 rad max=0.534 m / 0.155 rad samples=4984
[gpu_amcl_cpp_node-6] [INFO] [1789004655.022721076] [gpu_amcl_cpp]: AMCL odom delta: at_scan=(2.134, -5.164, -0.083) baseline=(1.978, -5.152, -0.066) delta=(0.156, -0.012, -0.017) moved=true scan_age=0.051s
[gpu_amcl_cpp_node-6] [INFO] [1789004655.273028156] [gpu_amcl_cpp]: AMCL local correction: odom_prediction=(-3.322, 1.234, -1.689) scan=(-3.327, 1.257, -1.680) correction=0.023 m/0.009 rad cluster_weight=0.974 publish=true
[component_container-9] [INFO] [1789004655.370355587] [pure_pursuit_node]: Pure Pursuit: pose=(-3.407, 0.799, -1.835) cte=0.026 closest=1662 target=1708 path_dist=0.026 heading_err=0.045 steer=-0.103 speed=2.292
[ground_truth_amcl_monitor-7] [INFO] [1789004655.622899098] [ground_truth_amcl_monitor]: AMCL vs GT: gt=(-3.566, 0.387) amcl=(-3.516, 0.515) error=0.137 m / 0.038 rad; current_map=(-3.557, 0.418, -1.989) error=0.032 m / 0.000 rad; odom=(-4.694, -0.703, -1.989) error=1.569 m / 0.000 rad; ekf=(-4.694, -0.703, -1.989) error=1.569 m / 0.000 rad; RMS=0.128 m / 0.041 rad max=0.534 m / 0.155 rad samples=5022
[gpu_amcl_cpp_node-6] [INFO] [1789004656.023045739] [gpu_amcl_cpp]: AMCL odom delta: at_scan=(4.494, -5.971, -0.923) baseline=(4.431, -5.894, -0.850) delta=(0.062, -0.076, -0.073) moved=true scan_age=0.050s
[gpu_amcl_cpp_node-6] [INFO] [1789004656.273394118] [gpu_amcl_cpp]: AMCL local correction: odom_prediction=(-4.440, -0.454, -2.901) scan=(-4.436, -0.457, -2.892) correction=0.005 m/0.008 rad cluster_weight=0.974 publish=true
[component_container-9] [INFO] [1789004656.419751528] [pure_pursuit_node]: Pure Pursuit: pose=(-4.817, -0.468, 2.986) cte=0.011 closest=1767 target=1810 path_dist=0.011 heading_err=0.006 steer=-0.336 speed=1.994
[ground_truth_amcl_monitor-7] [INFO] [1789004656.625018176] [ground_truth_amcl_monitor]: AMCL vs GT: gt=(-5.093, -0.375) amcl=(-4.992, -0.423) error=0.112 m / 0.096 rad; current_map=(-5.084, -0.382, 2.680) error=0.012 m / 0.000 rad; odom=(-6.263, -1.467, 2.680) error=1.601 m / 0.000 rad; ekf=(-6.263, -1.467, 2.680) error=1.601 m / 0.000 rad; RMS=0.128 m / 0.041 rad max=0.534 m / 0.155 rad samples=5062
[gpu_amcl_cpp_node-6] [INFO] [1789004657.071604241] [gpu_amcl_cpp]: AMCL odom delta: at_scan=(3.847, -7.730, -2.743) baseline=(3.980, -7.668, -2.676) delta=(-0.133, -0.061, -0.067) moved=true scan_age=0.049s
[gpu_amcl_cpp_node-6] [INFO] [1789004657.273815680] [gpu_amcl_cpp]: AMCL local correction: odom_prediction=(-5.928, 0.992, 1.809) scan=(-5.931, 1.000, 1.803) correction=0.008 m/0.006 rad cluster_weight=0.958 publish=true
[component_container-9] [INFO] [1789004657.470097208] [pure_pursuit_node]: Pure Pursuit: pose=(-6.089, 1.914, 1.683) cte=-0.017 closest=1910 target=1958 path_dist=0.017 heading_err=0.032 steer=-0.025 speed=4.624
[ground_truth_amcl_monitor-7] [INFO] [1789004657.625630136] [ground_truth_amcl_monitor]: AMCL vs GT: gt=(-6.141, 2.368) amcl=(-6.132, 2.352) error=0.019 m / 0.000 rad; current_map=(-6.132, 2.369, 1.652) error=0.009 m / 0.000 rad; odom=(-7.326, 1.317, 1.652) error=1.584 m / 0.000 rad; ekf=(-7.326, 1.317, 1.652) error=1.584 m / 0.000 rad; RMS=0.128 m / 0.041 rad max=0.534 m / 0.155 rad samples=5103
[gpu_amcl_cpp_node-6] [INFO] [1789004658.071612749] [gpu_amcl_cpp]: AMCL odom delta: at_scan=(-0.300, -8.056, 2.968) baseline=(-0.074, -8.091, 3.007) delta=(-0.227, 0.035, -0.039) moved=true scan_age=0.051s
[gpu_amcl_cpp_node-6] [INFO] [1789004658.323492016] [gpu_amcl_cpp]: AMCL local correction: odom_prediction=(-5.786, 5.547, 1.227) scan=(-5.783, 5.555, 1.229) correction=0.008 m/0.003 rad cluster_weight=0.992 publish=true
[component_container-9] [INFO] [1789004658.520571655] [pure_pursuit_node]: Pure Pursuit: pose=(-5.422, 6.327, 1.041) cte=-0.003 closest=2137 target=2183 path_dist=0.003 heading_err=0.005 steer=-0.119 speed=2.856
[ground_truth_amcl_monitor-7] [INFO] [1789004658.625748403] [ground_truth_amcl_monitor]: AMCL vs GT: gt=(-5.374, 6.450) amcl=(-5.356, 6.438) error=0.021 m / 0.000 rad; current_map=(-5.357, 6.434, 1.000) error=0.023 m / 0.000 rad; odom=(-6.568, 5.366, 1.000) error=1.613 m / 0.000 rad; ekf=(-6.568, 5.366, 1.000) error=1.613 m / 0.000 rad; RMS=0.128 m / 0.041 rad max=0.534 m / 0.155 rad samples=5143
[gpu_amcl_cpp_node-6] [INFO] [1789004659.121252080] [gpu_amcl_cpp]: AMCL odom delta: at_scan=(-3.176, -6.277, 2.017) baseline=(-3.101, -6.422, 2.082) delta=(-0.075, 0.145, -0.065) moved=true scan_age=0.050s
[gpu_amcl_cpp_node-6] [INFO] [1789004659.369971531] [gpu_amcl_cpp]: Received LiDAR callback #2605 (1081 ranges).
[gpu_amcl_cpp_node-6] [INFO] [1789004659.370023349] [gpu_amcl_cpp]: Starting AMCL scan update #2605 (sampled from 1081 ranges).
[gpu_amcl_cpp_node-6] [INFO] [1789004659.370640047] [gpu_amcl_cpp]: AMCL scan update #2605 completed; evaluating pose confidence.
[gpu_amcl_cpp_node-6] [INFO] [1789004659.372536560] [gpu_amcl_cpp]: AMCL local correction: odom_prediction=(-3.513, 7.601, 0.091) scan=(-3.502, 7.603, 0.094) correction=0.011 m/0.003 rad cluster_weight=0.972 publish=true
[component_container-9] [INFO] [1789004659.571987164] [pure_pursuit_node]: Pure Pursuit: pose=(-2.657, 7.538, -0.263) cte=-0.020 closest=2299 target=2346 path_dist=0.020 heading_err=0.009 steer=-0.117 speed=3.630
[ground_truth_amcl_monitor-7] [INFO] [1789004659.626928519] [ground_truth_amcl_monitor]: AMCL vs GT: gt=(-2.651, 7.543) amcl=(-2.830, 7.582) error=0.183 m / 0.081 rad; current_map=(-2.650, 7.541, -0.267) error=0.003 m / 0.000 rad; odom=(-3.814, 6.478, -0.267) error=1.577 m / 0.000 rad; ekf=(-3.814, 6.478, -0.267) error=1.577 m / 0.000 rad; RMS=0.128 m / 0.041 rad max=0.534 m / 0.155 rad samples=5182
[gpu_amcl_cpp_node-6] [INFO] [1789004660.146362664] [gpu_amcl_cpp]: AMCL odom delta: at_scan=(-2.141, -2.912, 0.676) baseline=(-2.312, -3.055, 0.715) delta=(0.171, 0.142, -0.039) moved=true scan_age=0.050s
[gpu_amcl_cpp_node-6] [INFO] [1789004660.399315720] [gpu_amcl_cpp]: AMCL local correction: odom_prediction=(-0.284, 5.386, -1.080) scan=(-0.286, 5.389, -1.083) correction=0.004 m/0.003 rad cluster_weight=0.968 publish=true
[component_container-9] [INFO] [1789004660.595317767] [pure_pursuit_node]: Pure Pursuit: pose=(0.302, 4.113, -1.105) cte=-0.010 closest=2533 target=0 path_dist=0.010 heading_err=-0.090 steer=-0.109 speed=5.882
[ground_truth_amcl_monitor-7] [INFO] [1789004660.647872538] [ground_truth_amcl_monitor]: AMCL vs GT: gt=(0.279, 4.135) amcl=(0.166, 4.391) error=0.279 m / 0.011 rad; current_map=(0.295, 4.115, -1.128) error=0.026 m / 0.000 rad; odom=(-0.806, 2.959, -1.128) error=1.600 m / 0.000 rad; ekf=(-0.806, 2.959, -1.128) error=1.600 m / 0.000 rad; RMS=0.128 m / 0.041 rad max=0.534 m / 0.155 rad samples=5222
[gpu_amcl_cpp_node-6] [WARN] [1789004660.847666588] [gpu_amcl_cpp]: No local AMCL cluster near odometry prediction; using causal odometry pose.
[gpu_amcl_cpp_node-6] [INFO] [1789004661.196150492] [gpu_amcl_cpp]: AMCL odom delta: at_scan=(3.347, -0.683, 0.136) baseline=(3.061, -0.731, 0.201) delta=(0.286, 0.049, -0.065) moved=true scan_age=0.050s
[gpu_amcl_cpp_node-6] [INFO] [1789004661.448603671] [gpu_amcl_cpp]: AMCL local correction: odom_prediction=(1.322, -0.371, -1.421) scan=(1.315, -0.507, -1.419) correction=0.137 m/0.002 rad cluster_weight=0.921 publish=true
[component_container-9] [INFO] [1789004661.645346890] [pure_pursuit_node]: Pure Pursuit: pose=(1.377, -1.822, -1.638) cte=-0.022 closest=250 target=301 path_dist=0.022 heading_err=0.030 steer=-0.008 speed=5.733
[ground_truth_amcl_monitor-7] [INFO] [1789004661.651692571] [ground_truth_amcl_monitor]: AMCL vs GT: gt=(1.421, -1.442) amcl=(1.413, -1.544) error=0.103 m / 0.000 rad; current_map=(1.403, -1.554, -1.619) error=0.114 m / 0.000 rad; odom=(0.355, -2.792, -1.619) error=1.720 m / 0.000 rad; ekf=(0.355, -2.792, -1.619) error=1.720 m / 0.000 rad; RMS=0.129 m / 0.041 rad max=0.534 m / 0.155 rad samples=5263
[gpu_amcl_cpp_node-6] [INFO] [1789004662.196291136] [gpu_amcl_cpp]: AMCL odom delta: at_scan=(9.034, -0.809, -0.062) baseline=(8.751, -0.788, -0.085) delta=(0.284, -0.021, 0.023) moved=true scan_age=0.049s
[gpu_amcl_cpp_node-6] [INFO] [1789004662.448973686] [gpu_amcl_cpp]: AMCL local correction: odom_prediction=(0.862, -5.748, -1.805) scan=(0.861, -5.723, -1.803) correction=0.025 m/0.001 rad cluster_weight=0.972 publish=true
[component_container-9] [INFO] [1789004662.645446849] [pure_pursuit_node]: Pure Pursuit: pose=(0.607, -6.774, -1.868) cte=-0.001 closest=501 target=550 path_dist=0.001 heading_err=0.071 steer=0.066 speed=4.211
[ground_truth_amcl_monitor-7] [INFO] [1789004662.651509138] [ground_truth_amcl_monitor]: AMCL vs GT: gt=(0.649, -6.633) amcl=(0.662, -6.597) error=0.038 m / 0.000 rad; current_map=(0.660, -6.587, -1.829) error=0.047 m / 0.000 rad; odom=(-0.421, -8.033, -1.829) error=1.762 m / 0.000 rad; ekf=(-0.421, -8.033, -1.829) error=1.762 m / 0.000 rad; RMS=0.129 m / 0.040 rad max=0.534 m / 0.155 rad samples=5303
[gpu_amcl_cpp_node-6] [INFO] [1789004663.246418471] [gpu_amcl_cpp]: AMCL odom delta: at_scan=(13.332, -1.828, -0.377) baseline=(13.217, -1.783, -0.363) delta=(0.116, -0.045, -0.013) moved=true scan_age=0.051s
[gpu_amcl_cpp_node-6] [INFO] [1789004663.449556415] [gpu_amcl_cpp]: AMCL local correction: odom_prediction=(-0.145, -9.203, -2.063) scan=(-0.135, -9.190, -2.059) correction=0.016 m/0.004 rad cluster_weight=0.994 publish=true
[component_container-9] [INFO] [1789004663.695234578] [pure_pursuit_node]: Pure Pursuit: pose=(-0.579, -9.784, -2.438) cte=0.020 closest=665 target=710 path_dist=0.020 heading_err=0.047 steer=-0.232 speed=2.480
[ground_truth_amcl_monitor-7] [INFO] [1789004663.697592117] [ground_truth_amcl_monitor]: AMCL vs GT: gt=(-0.508, -9.724) amcl=(-0.406, -9.606) error=0.155 m / 0.084 rad; current_map=(-0.490, -9.697, -2.358) error=0.032 m / 0.000 rad; odom=(-1.487, -11.003, -2.274) error=1.611 m / 0.084 rad; ekf=(-1.487, -11.003, -2.274) error=1.611 m / 0.084 rad; RMS=0.129 m / 0.040 rad max=0.534 m / 0.155 rad samples=5344
[gpu_amcl_cpp_node-6] [INFO] [1789004664.271030677] [gpu_amcl_cpp]: AMCL odom delta: at_scan=(14.608, -3.672, -1.870) baseline=(14.640, -3.545, -1.759) delta=(-0.032, -0.127, -0.111) moved=true scan_age=0.050s
[gpu_amcl_cpp_node-6] [INFO] [1789004664.372782102] [gpu_amcl_cpp]: Received LiDAR callback #2704 (1081 ranges).
[gpu_amcl_cpp_node-6] [INFO] [1789004664.372839750] [gpu_amcl_cpp]: Starting AMCL scan update #2704 (sampled from 1081 ranges).
[gpu_amcl_cpp_node-6] [INFO] [1789004664.373746424] [gpu_amcl_cpp]: AMCL scan update #2704 completed; evaluating pose confidence.
[gpu_amcl_cpp_node-6] [INFO] [1789004664.474972552] [gpu_amcl_cpp]: AMCL local correction: odom_prediction=(-2.240, -9.789, 2.441) scan=(-2.229, -9.802, 2.446) correction=0.017 m/0.005 rad cluster_weight=0.976 publish=true
[component_container-9] [INFO] [1789004664.719777114] [pure_pursuit_node]: Pure Pursuit: pose=(-2.731, -9.135, 2.032) cte=-0.036 closest=797 target=843 path_dist=0.036 heading_err=0.014 steer=-0.087 speed=3.559
[ground_truth_amcl_monitor-7] [INFO] [1789004664.722102413] [ground_truth_amcl_monitor]: AMCL vs GT: gt=(-2.638, -9.317) amcl=(-2.582, -9.392) error=0.094 m / 0.059 rad; current_map=(-2.661, -9.265, 2.097) error=0.057 m / 0.000 rad; odom=(-3.754, -10.672, 2.097) error=1.756 m / 0.000 rad; ekf=(-3.754, -10.672, 2.097) error=1.756 m / 0.000 rad; RMS=0.129 m / 0.041 rad max=0.534 m / 0.155 rad samples=5384
[gpu_amcl_cpp_node-6] [INFO] [1789004665.271049634] [gpu_amcl_cpp]: AMCL odom delta: at_scan=(11.805, -5.071, -3.091) baseline=(12.021, -5.057, -3.067) delta=(-0.216, -0.014, -0.025) moved=true scan_age=0.050s
[gpu_amcl_cpp_node-6] [INFO] [1789004665.524384282] [gpu_amcl_cpp]: AMCL local correction: odom_prediction=(-3.101, -6.122, 1.437) scan=(-3.096, -6.118, 1.430) correction=0.006 m/0.007 rad cluster_weight=0.981 publish=true
[component_container-9] [INFO] [1789004665.720418714] [pure_pursuit_node]: Pure Pursuit: pose=(-2.855, -4.890, 1.315) cte=-0.010 closest=1013 target=1064 path_dist=0.010 heading_err=-0.032 steer=-0.021 speed=5.160
[ground_truth_amcl_monitor-7] [INFO] [1789004665.722497359] [ground_truth_amcl_monitor]: AMCL vs GT: gt=(-2.934, -5.157) amcl=(-2.967, -5.374) error=0.219 m / 0.028 rad; current_map=(-2.914, -5.129, 1.346) error=0.035 m / 0.000 rad; odom=(-4.098, -6.689, 1.374) error=1.923 m / 0.028 rad; ekf=(-4.098, -6.689, 1.374) error=1.923 m / 0.028 rad; RMS=0.129 m / 0.041 rad max=0.534 m / 0.155 rad samples=5424
[gpu_amcl_cpp_node-6] [INFO] [1789004666.272694480] [gpu_amcl_cpp]: AMCL odom delta: at_scan=(6.718, -4.033, 2.823) baseline=(7.004, -4.127, 2.824) delta=(-0.286, 0.094, -0.001) moved=true scan_age=0.050s
[gpu_amcl_cpp_node-6] [INFO] [1789004666.574226907] [gpu_amcl_cpp]: AMCL local correction: odom_prediction=(-1.720, -0.651, 1.267) scan=(-1.732, -0.642, 1.269) correction=0.015 m/0.002 rad cluster_weight=0.945 publish=true
[ground_truth_amcl_monitor-7] [INFO] [1789004666.726029773] [ground_truth_amcl_monitor]: AMCL vs GT: gt=(-1.558, -0.084) amcl=(-1.549, -0.095) error=0.014 m / 0.000 rad; current_map=(-1.548, -0.043, 1.359) error=0.042 m / 0.000 rad; odom=(-2.660, -1.326, 1.359) error=1.661 m / 0.000 rad; ekf=(-2.660, -1.326, 1.359) error=1.661 m / 0.000 rad; RMS=0.129 m / 0.040 rad max=0.534 m / 0.155 rad samples=5465
[component_container-9] [INFO] [1789004666.770289291] [pure_pursuit_node]: Pure Pursuit: pose=(-1.490, 0.296, 1.443) cte=0.007 closest=1282 target=1329 path_dist=0.007 heading_err=-0.065 steer=-0.032 speed=3.852
[gpu_amcl_cpp_node-6] [INFO] [1789004667.321318178] [gpu_amcl_cpp]: AMCL odom delta: at_scan=(2.341, -3.181, 3.085) baseline=(2.503, -3.191, 3.067) delta=(-0.162, 0.011, 0.017) moved=true scan_age=0.050s
[gpu_amcl_cpp_node-6] [INFO] [1789004667.574343667] [gpu_amcl_cpp]: AMCL local correction: odom_prediction=(-1.312, 2.754, 1.780) scan=(-1.310, 2.758, 1.780) correction=0.005 m/0.000 rad cluster_weight=0.984 publish=true
[ground_truth_amcl_monitor-7] [INFO] [1789004667.726249998] [ground_truth_amcl_monitor]: AMCL vs GT: gt=(-1.395, 2.971) amcl=(-1.382, 3.004) error=0.036 m / 0.000 rad; current_map=(-1.385, 3.014, 1.896) error=0.044 m / 0.000 rad; odom=(-2.504, 1.742, 1.896) error=1.655 m / 0.000 rad; ekf=(-2.504, 1.742, 1.896) error=1.655 m / 0.000 rad; RMS=0.129 m / 0.040 rad max=0.534 m / 0.155 rad samples=5505
[component_container-9] [INFO] [1789004667.819063914] [pure_pursuit_node]: Pure Pursuit: pose=(-1.494, 3.264, 2.062) cte=-0.013 closest=1433 target=1476 path_dist=0.013 heading_err=-0.068 steer=0.236 speed=1.918
[gpu_amcl_cpp_node-6] [INFO] [1789004668.370909437] [gpu_amcl_cpp]: AMCL odom delta: at_scan=(0.594, -4.088, -1.784) baseline=(0.619, -4.000, -1.893) delta=(-0.024, -0.088, 0.110) moved=true scan_age=0.050s
[gpu_amcl_cpp_node-6] [INFO] [1789004668.574680686] [gpu_amcl_cpp]: AMCL local correction: odom_prediction=(-2.505, 3.807, -2.902) scan=(-2.484, 3.792, -2.902) correction=0.025 m/0.000 rad cluster_weight=0.977 publish=true
[ground_truth_amcl_monitor-7] [INFO] [1789004668.772170383] [ground_truth_amcl_monitor]: AMCL vs GT: gt=(-2.767, 3.625) amcl=(-2.713, 3.685) error=0.081 m / 0.105 rad; current_map=(-2.788, 3.630, -2.455) error=0.021 m / 0.000 rad; odom=(-3.895, 2.452, -2.559) error=1.627 m / 0.105 rad; ekf=(-3.895, 2.452, -2.559) error=1.627 m / 0.105 rad; RMS=0.129 m / 0.041 rad max=0.534 m / 0.155 rad samples=5546
[component_container-9] [INFO] [1789004668.819572766] [pure_pursuit_node]: Pure Pursuit: pose=(-2.928, 3.488, -2.244) cte=-0.002 closest=1525 target=1568 path_dist=0.002 heading_err=0.107 steer=0.295 speed=2.255
[gpu_amcl_cpp_node-6] [INFO] [1789004669.398941980] [gpu_amcl_cpp]: Received LiDAR callback #2804 (1081 ranges).
[gpu_amcl_cpp_node-6] [INFO] [1789004669.399000500] [gpu_amcl_cpp]: AMCL odom delta: at_scan=(2.175, -5.257, -0.087) baseline=(2.017, -5.243, -0.089) delta=(0.158, -0.014, 0.002) moved=true scan_age=0.052s
[gpu_amcl_cpp_node-6] [INFO] [1789004669.399021880] [gpu_amcl_cpp]: Starting AMCL scan update #2804 (sampled from 1081 ranges).
[gpu_amcl_cpp_node-6] [INFO] [1789004669.400079186] [gpu_amcl_cpp]: AMCL scan update #2804 completed; evaluating pose confidence.
[gpu_amcl_cpp_node-6] [INFO] [1789004669.599838909] [gpu_amcl_cpp]: AMCL local correction: odom_prediction=(-3.285, 1.515, -1.656) scan=(-3.279, 1.524, -1.649) correction=0.011 m/0.008 rad cluster_weight=0.960 publish=true
[ground_truth_amcl_monitor-7] [INFO] [1789004669.797421682] [ground_truth_amcl_monitor]: AMCL vs GT: gt=(-3.380, 0.924) amcl=(-3.339, 1.072) error=0.154 m / 0.059 rad; current_map=(-3.366, 0.931, -1.793) error=0.016 m / 0.000 rad; odom=(-4.578, -0.195, -1.734) error=1.639 m / 0.059 rad; ekf=(-4.578, -0.195, -1.734) error=1.639 m / 0.059 rad; RMS=0.128 m / 0.041 rad max=0.534 m / 0.155 rad samples=5586
[component_container-9] [INFO] [1789004669.845770965] [pure_pursuit_node]: Pure Pursuit: pose=(-3.439, 0.684, -1.918) cte=0.030 closest=1668 target=1713 path_dist=0.030 heading_err=0.077 steer=-0.072 speed=2.292
[gpu_amcl_cpp_node-6] [INFO] [1789004670.446236975] [gpu_amcl_cpp]: AMCL odom delta: at_scan=(4.630, -6.035, -0.886) baseline=(4.567, -5.963, -0.818) delta=(0.062, -0.071, -0.068) moved=true scan_age=0.050s
[gpu_amcl_cpp_node-6] [INFO] [1789004670.649420661] [gpu_amcl_cpp]: AMCL local correction: odom_prediction=(-4.321, -0.425, -2.785) scan=(-4.310, -0.433, -2.776) correction=0.013 m/0.009 rad cluster_weight=0.983 publish=true
[ground_truth_amcl_monitor-7] [INFO] [1789004670.798144765] [ground_truth_amcl_monitor]: AMCL vs GT: gt=(-4.597, -0.479) amcl=(-4.496, -0.464) error=0.102 m / 0.090 rad; current_map=(-4.588, -0.476, -3.064) error=0.010 m / 0.000 rad; odom=(-5.752, -1.716, -2.974) error=1.692 m / 0.090 rad; ekf=(-5.752, -1.716, -2.974) error=1.692 m / 0.090 rad; RMS=0.128 m / 0.041 rad max=0.534 m / 0.155 rad samples=5626
[component_container-9] [INFO] [1789004670.848141332] [pure_pursuit_node]: Pure Pursuit: pose=(-4.784, -0.471, 3.014) cte=0.012 closest=1765 target=1809 path_dist=0.012 heading_err=0.031 steer=-0.336 speed=1.976
[gpu_amcl_cpp_node-6] [INFO] [1789004671.447995806] [gpu_amcl_cpp]: AMCL odom delta: at_scan=(4.178, -7.743, -2.655) baseline=(4.299, -7.673, -2.583) delta=(-0.121, -0.070, -0.072) moved=true scan_age=0.052s
[gpu_amcl_cpp_node-6] [INFO] [1789004671.649723538] [gpu_amcl_cpp]: AMCL local correction: odom_prediction=(-5.875, 0.793, 1.845) scan=(-5.877, 0.798, 1.839) correction=0.005 m/0.006 rad cluster_weight=0.946 publish=true
[ground_truth_amcl_monitor-7] [INFO] [1789004671.801138167] [ground_truth_amcl_monitor]: AMCL vs GT: gt=(-5.997, 1.286) amcl=(-5.989, 1.289) error=0.008 m / 0.000 rad; current_map=(-5.992, 1.297, 1.751) error=0.012 m / 0.000 rad; odom=(-7.280, 0.069, 1.751) error=1.768 m / 0.000 rad; ekf=(-7.280, 0.069, 1.751) error=1.768 m / 0.000 rad; RMS=0.128 m / 0.041 rad max=0.534 m / 0.155 rad samples=5667
[component_container-9] [INFO] [1789004671.895313302] [pure_pursuit_node]: Pure Pursuit: pose=(-6.079, 1.863, 1.700) cte=-0.015 closest=1907 target=1956 path_dist=0.015 heading_err=0.021 steer=-0.036 speed=4.587
[gpu_amcl_cpp_node-6] [INFO] [1789004672.496578398] [gpu_amcl_cpp]: AMCL odom delta: at_scan=(-0.101, -8.166, 2.986) baseline=(0.132, -8.199, 3.018) delta=(-0.234, 0.033, -0.032) moved=true scan_age=0.050s
[gpu_amcl_cpp_node-6] [INFO] [1789004672.699224115] [gpu_amcl_cpp]: AMCL local correction: odom_prediction=(-5.883, 5.287, 1.279) scan=(-5.878, 5.286, 1.280) correction=0.005 m/0.000 rad cluster_weight=0.989 publish=true
[ground_truth_amcl_monitor-7] [INFO] [1789004672.801456217] [ground_truth_amcl_monitor]: AMCL vs GT: gt=(-5.764, 5.672) amcl=(-5.748, 5.656) error=0.023 m / 0.000 rad; current_map=(-5.754, 5.646, 1.187) error=0.029 m / 0.000 rad; odom=(-7.050, 4.476, 1.187) error=1.756 m / 0.000 rad; ekf=(-7.050, 4.476, 1.187) error=1.756 m / 0.000 rad; RMS=0.128 m / 0.041 rad max=0.534 m / 0.155 rad samples=5707
[component_container-9] [INFO] [1789004672.946148779] [pure_pursuit_node]: Pure Pursuit: pose=(-5.499, 6.172, 1.076) cte=0.006 closest=2128 target=2173 path_dist=0.006 heading_err=0.002 steer=-0.088 speed=2.856
[gpu_amcl_cpp_node-6] [INFO] [1789004673.544749382] [gpu_amcl_cpp]: AMCL odom delta: at_scan=(-2.959, -6.497, 2.046) baseline=(-2.884, -6.633, 2.110) delta=(-0.075, 0.136, -0.063) moved=true scan_age=0.049s
[gpu_amcl_cpp_node-6] [INFO] [1789004673.699994919] [gpu_amcl_cpp]: AMCL local correction: odom_prediction=(-3.933, 7.519, 0.272) scan=(-3.936, 7.525, 0.282) correction=0.006 m/0.009 rad cluster_weight=0.984 publish=true
[ground_truth_amcl_monitor-7] [INFO] [1789004673.802393474] [ground_truth_amcl_monitor]: AMCL vs GT: gt=(-3.603, 7.607) amcl=(-3.601, 7.594) error=0.013 m / 0.000 rad; current_map=(-3.598, 7.593, 0.139) error=0.015 m / 0.000 rad; odom=(-4.896, 6.370, 0.139) error=1.790 m / 0.000 rad; ekf=(-4.896, 6.370, 0.139) error=1.790 m / 0.000 rad; RMS=0.128 m / 0.041 rad max=0.534 m / 0.155 rad samples=5747
[component_container-9] [INFO] [1789004673.995306347] [pure_pursuit_node]: Pure Pursuit: pose=(-2.759, 7.558, -0.223) cte=-0.017 closest=2294 target=2341 path_dist=0.017 heading_err=0.019 steer=-0.120 speed=3.554
[gpu_amcl_cpp_node-6] [INFO] [1789004674.447300304] [gpu_amcl_cpp]: Received LiDAR callback #2905 (1081 ranges).
[gpu_amcl_cpp_node-6] [INFO] [1789004674.447361609] [gpu_amcl_cpp]: Starting AMCL scan update #2905 (sampled from 1081 ranges).
[gpu_amcl_cpp_node-6] [INFO] [1789004674.447914207] [gpu_amcl_cpp]: AMCL scan update #2905 completed; evaluating pose confidence.
[gpu_amcl_cpp_node-6] [INFO] [1789004674.546472598] [gpu_amcl_cpp]: AMCL odom delta: at_scan=(-2.157, -3.196, 0.750) baseline=(-2.316, -3.350, 0.797) delta=(0.158, 0.154, -0.047) moved=true scan_age=0.050s
[gpu_amcl_cpp_node-6] [INFO] [1789004674.749449920] [gpu_amcl_cpp]: AMCL local correction: odom_prediction=(-0.547, 5.820, -1.007) scan=(-0.556, 5.833, -1.009) correction=0.016 m/0.002 rad cluster_weight=0.971 publish=true
[ground_truth_amcl_monitor-7] [INFO] [1789004674.847529231] [ground_truth_amcl_monitor]: AMCL vs GT: gt=(-0.307, 5.396) amcl=(-0.419, 5.608) error=0.240 m / 0.032 rad; current_map=(-0.287, 5.374, -1.075) error=0.029 m / 0.000 rad; odom=(-1.538, 4.091, -1.075) error=1.794 m / 0.000 rad; ekf=(-1.538, 4.091, -1.075) error=1.794 m / 0.000 rad; RMS=0.128 m / 0.041 rad max=0.534 m / 0.155 rad samples=5788
[component_container-9] [INFO] [1789004675.043762493] [pure_pursuit_node]: Pure Pursuit: pose=(0.277, 4.136, -1.221) cte=0.005 closest=2531 target=2584 path_dist=0.005 heading_err=0.027 steer=0.006 speed=6.431
[gpu_amcl_cpp_node-6] [WARN] [1789004675.198084086] [gpu_amcl_cpp]: No local AMCL cluster near odometry prediction; using causal odometry pose.
[gpu_amcl_cpp_node-6] [INFO] [1789004675.596682230] [gpu_amcl_cpp]: AMCL odom delta: at_scan=(3.369, -0.903, 0.234) baseline=(3.091, -0.962, 0.182) delta=(0.278, 0.059, 0.052) moved=true scan_age=0.051s
[gpu_amcl_cpp_node-6] [INFO] [1789004675.798541682] [gpu_amcl_cpp]: AMCL local correction: odom_prediction=(1.323, 0.051, -1.429) scan=(1.319, 0.011, -1.425) correction=0.040 m/0.004 rad cluster_weight=0.922 publish=true
[ground_truth_amcl_monitor-7] [INFO] [1789004675.850053988] [ground_truth_amcl_monitor]: AMCL vs GT: gt=(1.384, -0.189) amcl=(1.349, -0.258) error=0.077 m / 0.000 rad; current_map=(1.350, -0.231, -1.497) error=0.055 m / 0.000 rad; odom=(0.181, -1.614, -1.497) error=1.865 m / 0.000 rad; ekf=(0.181, -1.614, -1.497) error=1.865 m / 0.000 rad; RMS=0.129 m / 0.041 rad max=0.534 m / 0.155 rad samples=5829
[component_container-9] [INFO] [1789004676.046009008] [pure_pursuit_node]: Pure Pursuit: pose=(1.386, -1.654, -1.539) cte=-0.026 closest=242 target=294 path_dist=0.026 heading_err=-0.058 steer=-0.094 speed=5.444
[gpu_amcl_cpp_node-6] [WARN] [1789004676.450177860] [gpu_amcl_cpp]: No local AMCL cluster near odometry prediction; using causal odometry pose.
[gpu_amcl_cpp_node-6] [INFO] [1789004676.646190228] [gpu_amcl_cpp]: AMCL odom delta: at_scan=(9.260, -0.919, -0.213) baseline=(8.997, -0.870, -0.155) delta=(0.264, -0.049, -0.057) moved=true scan_age=0.050s
[gpu_amcl_cpp_node-6] [INFO] [1789004676.799256183] [gpu_amcl_cpp]: AMCL local correction: odom_prediction=(0.918, -5.426, -1.767) scan=(0.922, -5.389, -1.774) correction=0.037 m/0.007 rad cluster_weight=0.955 publish=true
[ground_truth_amcl_monitor-7] [INFO] [1789004676.850933710] [ground_truth_amcl_monitor]: AMCL vs GT: gt=(0.860, -5.606) amcl=(0.868, -5.657) error=0.051 m / 0.000 rad; current_map=(0.868, -5.678, -1.754) error=0.072 m / 0.000 rad; odom=(-0.361, -7.213, -1.754) error=2.018 m / 0.000 rad; ekf=(-0.361, -7.213, -1.754) error=2.018 m / 0.000 rad; RMS=0.129 m / 0.041 rad max=0.534 m / 0.155 rad samples=5869
[component_container-9] [INFO] [1789004677.095141573] [pure_pursuit_node]: Pure Pursuit: pose=(0.550, -6.926, -1.792) cte=0.020 closest=509 target=557 path_dist=0.020 heading_err=-0.009 steer=-0.013 speed=4.032
[gpu_amcl_cpp_node-6] [INFO] [1789004677.647784535] [gpu_amcl_cpp]: AMCL odom delta: at_scan=(13.444, -1.942, -0.342) baseline=(13.305, -1.897, -0.290) delta=(0.138, -0.045, -0.052) moved=true scan_age=0.050s
[gpu_amcl_cpp_node-6] [INFO] [1789004677.848806165] [gpu_amcl_cpp]: AMCL local correction: odom_prediction=(-0.095, -9.090, -2.023) scan=(-0.087, -9.086, -2.020) correction=0.009 m/0.003 rad cluster_weight=0.991 publish=true
[ground_truth_amcl_monitor-7] [INFO] [1789004677.850676178] [ground_truth_amcl_monitor]: AMCL vs GT: gt=(-0.105, -9.112) amcl=(-0.091, -9.088) error=0.028 m / 0.000 rad; current_map=(-0.095, -9.090, -2.023) error=0.024 m / 0.000 rad; odom=(-1.322, -10.697, -2.023) error=1.998 m / 0.000 rad; ekf=(-1.322, -10.697, -2.023) error=1.998 m / 0.000 rad; RMS=0.129 m / 0.040 rad max=0.534 m / 0.155 rad samples=5909
[component_container-9] [INFO] [1789004678.120450374] [pure_pursuit_node]: Pure Pursuit: pose=(-0.530, -9.741, -2.392) cte=0.016 closest=662 target=707 path_dist=0.016 heading_err=0.053 steer=-0.231 speed=2.492
[gpu_amcl_cpp_node-6] [INFO] [1789004678.672162991] [gpu_amcl_cpp]: AMCL odom delta: at_scan=(14.859, -3.722, -1.783) baseline=(14.880, -3.594, -1.674) delta=(-0.020, -0.128, -0.110) moved=true scan_age=0.051s
[ground_truth_amcl_monitor-7] [INFO] [1789004678.872254143] [ground_truth_amcl_monitor]: AMCL vs GT: gt=(-2.113, -9.902) amcl=(-2.033, -9.924) error=0.083 m / 0.093 rad; current_map=(-2.140, -9.857, 2.532) error=0.053 m / 0.000 rad; odom=(-3.389, -11.496, 2.532) error=2.042 m / 0.000 rad; ekf=(-3.389, -11.496, 2.532) error=2.042 m / 0.000 rad; RMS=0.129 m / 0.041 rad max=0.534 m / 0.155 rad samples=5948
[gpu_amcl_cpp_node-6] [INFO] [1789004678.873454529] [gpu_amcl_cpp]: AMCL local correction: odom_prediction=(-2.140, -9.857, 2.532) scan=(-2.134, -9.863, 2.534) correction=0.008 m/0.002 rad cluster_weight=0.973 publish=true
[component_container-9] [INFO] [1789004679.120548957] [pure_pursuit_node]: Pure Pursuit: pose=(-2.666, -9.249, 2.089) cte=-0.033 closest=790 target=836 path_dist=0.033 heading_err=-0.008 steer=-0.104 speed=3.476
[gpu_amcl_cpp_node-6] [INFO] [1789004679.471348177] [gpu_amcl_cpp]: Received LiDAR callback #3005 (1081 ranges).
[gpu_amcl_cpp_node-6] [INFO] [1789004679.471414963] [gpu_amcl_cpp]: Starting AMCL scan update #3005 (sampled from 1081 ranges).
[gpu_amcl_cpp_node-6] [INFO] [1789004679.472020711] [gpu_amcl_cpp]: AMCL scan update #3005 completed; evaluating pose confidence.
[gpu_amcl_cpp_node-6] [INFO] [1789004679.674054224] [gpu_amcl_cpp]: AMCL odom delta: at_scan=(12.182, -5.234, -3.070) baseline=(12.406, -5.215, -3.042) delta=(-0.223, -0.019, -0.028) moved=true scan_age=0.050s
[ground_truth_amcl_monitor-7] [INFO] [1789004679.874755042] [ground_truth_amcl_monitor]: AMCL vs GT: gt=(-3.151, -6.569) amcl=(-3.151, -6.793) error=0.224 m / 0.045 rad; current_map=(-3.138, -6.547, 1.498) error=0.026 m / 0.000 rad; odom=(-4.438, -8.098, 1.498) error=1.999 m / 0.000 rad; ekf=(-4.438, -8.098, 1.498) error=1.999 m / 0.000 rad; RMS=0.128 m / 0.041 rad max=0.534 m / 0.155 rad samples=5988
[gpu_amcl_cpp_node-6] [INFO] [1789004679.876340761] [gpu_amcl_cpp]: AMCL local correction: odom_prediction=(-3.138, -6.547, 1.498) scan=(-3.128, -6.561, 1.500) correction=0.017 m/0.002 rad cluster_weight=0.985 publish=true
[component_container-9] [INFO] [1789004680.170809704] [pure_pursuit_node]: Pure Pursuit: pose=(-2.826, -4.764, 1.320) cte=-0.018 closest=1020 target=1072 path_dist=0.018 heading_err=-0.041 steer=-0.030 speed=5.259
[gpu_amcl_cpp_node-6] [INFO] [1789004680.721896229] [gpu_amcl_cpp]: AMCL odom delta: at_scan=(6.786, -4.196, 2.811) baseline=(7.074, -4.290, 2.843) delta=(-0.288, 0.094, -0.032) moved=true scan_age=0.049s
[ground_truth_amcl_monitor-7] [INFO] [1789004680.875386143] [ground_truth_amcl_monitor]: AMCL vs GT: gt=(-1.897, -1.405) amcl=(-1.861, -1.319) error=0.093 m / 0.000 rad; current_map=(-1.862, -1.321, 1.351) error=0.091 m / 0.000 rad; odom=(-3.148, -2.797, 1.351) error=1.871 m / 0.000 rad; ekf=(-3.148, -2.797, 1.351) error=1.871 m / 0.000 rad; RMS=0.129 m / 0.041 rad max=0.534 m / 0.155 rad samples=6027
[gpu_amcl_cpp_node-6] [INFO] [1789004680.924367875] [gpu_amcl_cpp]: AMCL local correction: odom_prediction=(-1.807, -1.064, 1.374) scan=(-1.808, -1.059, 1.369) correction=0.005 m/0.005 rad cluster_weight=0.965 publish=true
[component_container-9] [INFO] [1789004681.220575836] [pure_pursuit_node]: Pure Pursuit: pose=(-1.487, 0.382, 1.447) cte=-0.005 closest=1286 target=1335 path_dist=0.005 heading_err=-0.065 steer=-0.061 speed=3.834
[gpu_amcl_cpp_node-6] [INFO] [1789004681.748710323] [gpu_amcl_cpp]: AMCL odom delta: at_scan=(2.533, -3.328, 3.116) baseline=(2.707, -3.332, 3.124) delta=(-0.174, 0.004, -0.008) moved=true scan_age=0.051s
[ground_truth_amcl_monitor-7] [INFO] [1789004681.898561851] [ground_truth_amcl_monitor]: AMCL vs GT: gt=(-1.281, 2.473) amcl=(-1.262, 2.377) error=0.097 m / 0.054 rad; current_map=(-1.268, 2.510, 1.643) error=0.039 m / 0.000 rad; odom=(-2.531, 1.078, 1.643) error=1.873 m / 0.000 rad; ekf=(-2.531, 1.078, 1.643) error=1.873 m / 0.000 rad; RMS=0.129 m / 0.041 rad max=0.534 m / 0.155 rad samples=6066
[gpu_amcl_cpp_node-6] [INFO] [1789004681.949724261] [gpu_amcl_cpp]: AMCL local correction: odom_prediction=(-1.279, 2.642, 1.717) scan=(-1.280, 2.641, 1.710) correction=0.001 m/0.007 rad cluster_weight=0.972 publish=true
[component_container-9] [INFO] [1789004682.245008839] [pure_pursuit_node]: Pure Pursuit: pose=(-1.476, 3.257, 2.031) cte=0.001 closest=1432 target=1475 path_dist=0.001 heading_err=-0.043 steer=0.267 speed=1.928
[gpu_amcl_cpp_node-6] [INFO] [1789004682.749601429] [gpu_amcl_cpp]: AMCL odom delta: at_scan=(0.794, -4.125, -1.904) baseline=(0.829, -4.040, -2.010) delta=(-0.035, -0.085, 0.106) moved=true scan_age=0.052s
[ground_truth_amcl_monitor-7] [INFO] [1789004682.902000284] [ground_truth_amcl_monitor]: AMCL vs GT: gt=(-2.302, 3.801) amcl=(-2.324, 3.851) error=0.055 m / 0.000 rad; current_map=(-2.333, 3.853, -3.135) error=0.060 m / 0.000 rad; odom=(-3.595, 2.410, -3.135) error=1.899 m / 0.000 rad; ekf=(-3.595, 2.410, -3.135) error=1.899 m / 0.000 rad; RMS=0.128 m / 0.041 rad max=0.534 m / 0.155 rad samples=6107
[gpu_amcl_cpp_node-6] [INFO] [1789004682.999004137] [gpu_amcl_cpp]: AMCL local correction: odom_prediction=(-2.492, 3.827, -2.911) scan=(-2.473, 3.808, -2.909) correction=0.027 m/0.002 rad cluster_weight=0.982 publish=true
[component_container-9] [INFO] [1789004683.295198485] [pure_pursuit_node]: Pure Pursuit: pose=(-2.985, 3.409, -2.159) cte=0.009 closest=1530 target=1573 path_dist=0.009 heading_err=0.136 steer=0.275 speed=2.237
[gpu_amcl_cpp_node-6] [INFO] [1789004683.796207024] [gpu_amcl_cpp]: AMCL odom delta: at_scan=(2.261, -5.402, -0.097) baseline=(2.110, -5.386, -0.118) delta=(0.151, -0.016, 0.021) moved=true scan_age=0.050s
[ground_truth_amcl_monitor-7] [INFO] [1789004683.947364958] [ground_truth_amcl_monitor]: AMCL vs GT: gt=(-3.275, 1.841) amcl=(-3.250, 1.967) error=0.128 m / 0.001 rad; current_map=(-3.263, 1.795, -1.648) error=0.047 m / 0.000 rad; odom=(-4.629, 0.569, -1.647) error=1.858 m / 0.001 rad; ekf=(-4.629, 0.569, -1.647) error=1.858 m / 0.001 rad; RMS=0.128 m / 0.041 rad max=0.534 m / 0.155 rad samples=6148
[gpu_amcl_cpp_node-6] [INFO] [1789004684.057743109] [gpu_amcl_cpp]: AMCL local correction: odom_prediction=(-3.295, 1.465, -1.674) scan=(-3.293, 1.470, -1.662) correction=0.006 m/0.011 rad cluster_weight=0.964 publish=true
[component_container-9] [INFO] [1789004684.320750318] [pure_pursuit_node]: Pure Pursuit: pose=(-3.465, 0.615, -1.907) cte=0.035 closest=1672 target=1716 path_dist=0.035 heading_err=0.032 steer=-0.117 speed=2.292
[gpu_amcl_cpp_node-6] [INFO] [1789004684.472025744] [gpu_amcl_cpp]: Received LiDAR callback #3103 (1081 ranges).
[gpu_amcl_cpp_node-6] [INFO] [1789004684.472092820] [gpu_amcl_cpp]: Starting AMCL scan update #3103 (sampled from 1081 ranges).
[gpu_amcl_cpp_node-6] [INFO] [1789004684.472907661] [gpu_amcl_cpp]: AMCL scan update #3103 completed; evaluating pose confidence.
[gpu_amcl_cpp_node-6] [INFO] [1789004684.823003226] [gpu_amcl_cpp]: AMCL odom delta: at_scan=(4.725, -6.096, -0.827) baseline=(4.662, -6.031, -0.765) delta=(0.064, -0.065, -0.062) moved=true scan_age=0.050s
[ground_truth_amcl_monitor-7] [INFO] [1789004684.973586602] [ground_truth_amcl_monitor]: AMCL vs GT: gt=(-4.142, -0.320) amcl=(-4.044, -0.282) error=0.104 m / 0.082 rad; current_map=(-4.128, -0.333, -2.637) error=0.019 m / 0.000 rad; odom=(-5.448, -1.687, -2.555) error=1.891 m / 0.082 rad; ekf=(-5.448, -1.687, -2.555) error=1.891 m / 0.082 rad; RMS=0.128 m / 0.041 rad max=0.534 m / 0.155 rad samples=6188
[gpu_amcl_cpp_node-6] [INFO] [1789004685.076083296] [gpu_amcl_cpp]: AMCL local correction: odom_prediction=(-4.297, -0.409, -2.804) scan=(-4.295, -0.424, -2.795) correction=0.015 m/0.010 rad cluster_weight=0.981 publish=true
[component_container-9] [INFO] [1789004685.370909947] [pure_pursuit_node]: Pure Pursuit: pose=(-4.943, -0.433, 2.836) cte=0.014 closest=1774 target=1817 path_dist=0.014 heading_err=-0.035 steer=-0.312 speed=2.026
[gpu_amcl_cpp_node-6] [INFO] [1789004685.871601583] [gpu_amcl_cpp]: AMCL odom delta: at_scan=(4.348, -7.889, -2.641) baseline=(4.464, -7.820, -2.569) delta=(-0.116, -0.069, -0.072) moved=true scan_age=0.049s
[ground_truth_amcl_monitor-7] [INFO] [1789004685.977914177] [ground_truth_amcl_monitor]: AMCL vs GT: gt=(-5.772, 0.465) amcl=(-5.764, 0.455) error=0.013 m / 0.000 rad; current_map=(-5.765, 0.463, 1.947) error=0.007 m / 0.000 rad; odom=(-7.208, -0.935, 1.947) error=2.005 m / 0.000 rad; ekf=(-7.208, -0.935, 1.947) error=2.005 m / 0.000 rad; RMS=0.128 m / 0.041 rad max=0.534 m / 0.155 rad samples=6229
[gpu_amcl_cpp_node-6] [INFO] [1789004686.123804877] [gpu_amcl_cpp]: AMCL local correction: odom_prediction=(-5.906, 0.910, 1.811) scan=(-5.902, 0.898, 1.808) correction=0.013 m/0.003 rad cluster_weight=0.955 publish=true
[component_container-9] [INFO] [1789004686.371460207] [pure_pursuit_node]: Pure Pursuit: pose=(-6.103, 2.029, 1.691) cte=-0.015 closest=1916 target=1964 path_dist=0.015 heading_err=0.009 steer=-0.044 speed=4.708
[gpu_amcl_cpp_node-6] [INFO] [1789004686.871817698] [gpu_amcl_cpp]: AMCL odom delta: at_scan=(0.337, -8.367, 3.000) baseline=(0.570, -8.395, 3.045) delta=(-0.233, 0.028, -0.045) moved=true scan_age=0.050s
[ground_truth_amcl_monitor-7] [INFO] [1789004686.981451080] [ground_truth_amcl_monitor]: AMCL vs GT: gt=(-6.053, 4.607) amcl=(-6.043, 4.586) error=0.024 m / 0.000 rad; current_map=(-6.040, 4.606, 1.397) error=0.014 m / 0.000 rad; odom=(-7.486, 3.296, 1.397) error=1.942 m / 0.000 rad; ekf=(-7.486, 3.296, 1.397) error=1.942 m / 0.000 rad; RMS=0.128 m / 0.041 rad max=0.534 m / 0.155 rad samples=6269
[gpu_amcl_cpp_node-6] [INFO] [1789004687.152183342] [gpu_amcl_cpp]: AMCL local correction: odom_prediction=(-5.881, 5.322, 1.283) scan=(-5.886, 5.331, 1.292) correction=0.010 m/0.009 rad cluster_weight=0.989 publish=true
[component_container-9] [INFO] [1789004687.424039830] [pure_pursuit_node]: Pure Pursuit: pose=(-5.479, 6.241, 1.109) cte=-0.010 closest=2132 target=2176 path_dist=0.010 heading_err=-0.044 steer=-0.168 speed=2.856
[gpu_amcl_cpp_node-6] [INFO] [1789004687.923183002] [gpu_amcl_cpp]: AMCL odom delta: at_scan=(-2.665, -6.916, 2.137) baseline=(-2.545, -7.088, 2.229) delta=(-0.120, 0.171, -0.093) moved=true scan_age=0.054s
[ground_truth_amcl_monitor-7] [INFO] [1789004688.025434756] [ground_truth_amcl_monitor]: AMCL vs GT: gt=(-4.375, 7.375) amcl=(-4.532, 7.272) error=0.187 m / 0.063 rad; current_map=(-4.383, 7.347, 0.436) error=0.029 m / 0.000 rad; odom=(-5.969, 5.910, 0.499) error=2.165 m / 0.063 rad; ekf=(-5.969, 5.910, 0.499) error=2.165 m / 0.063 rad; RMS=0.128 m / 0.041 rad max=0.534 m / 0.155 rad samples=6306
[gpu_amcl_cpp_node-6] [INFO] [1789004688.200948131] [gpu_amcl_cpp]: AMCL local correction: odom_prediction=(-3.845, 7.547, 0.242) scan=(-3.867, 7.549, 0.258) correction=0.022 m/0.015 rad cluster_weight=0.980 publish=true
[component_container-9] [INFO] [1789004688.471653238] [pure_pursuit_node]: Pure Pursuit: pose=(-2.761, 7.556, -0.223) cte=-0.015 closest=2293 target=2341 path_dist=0.015 heading_err=0.019 steer=-0.119 speed=3.471
[gpu_amcl_cpp_node-6] [INFO] [1789004688.945125983] [gpu_amcl_cpp]: AMCL odom delta: at_scan=(-2.275, -3.599, 0.841) baseline=(-2.461, -3.823, 0.917) delta=(0.186, 0.224, -0.076) moved=true scan_age=0.051s
[ground_truth_amcl_monitor-7] [INFO] [1789004689.047392526] [ground_truth_amcl_monitor]: AMCL vs GT: gt=(-1.077, 6.530) amcl=(-1.226, 6.699) error=0.225 m / 0.062 rad; current_map=(-1.066, 6.528, -0.850) error=0.011 m / 0.000 rad; odom=(-2.641, 5.284, -0.788) error=1.999 m / 0.062 rad; ekf=(-2.641, 5.284, -0.788) error=1.999 m / 0.062 rad; RMS=0.128 m / 0.041 rad max=0.534 m / 0.155 rad samples=6344
[gpu_amcl_cpp_node-6] [INFO] [1789004689.249217334] [gpu_amcl_cpp]: AMCL local correction: odom_prediction=(-0.525, 5.787, -1.013) scan=(-0.526, 5.785, -1.014) correction=0.002 m/0.001 rad cluster_weight=0.967 publish=true
[component_container-9] [INFO] [1789004689.495192650] [pure_pursuit_node]: Pure Pursuit: pose=(0.216, 4.314, -1.195) cte=-0.006 closest=2522 target=2575 path_dist=0.006 heading_err=0.016 steer=-0.016 speed=6.285
[gpu_amcl_cpp_node-6] [INFO] [1789004689.497103811] [gpu_amcl_cpp]: Received LiDAR callback #3200 (1081 ranges).
[gpu_amcl_cpp_node-6] [INFO] [1789004689.497154336] [gpu_amcl_cpp]: Starting AMCL scan update #3200 (sampled from 1081 ranges).
[gpu_amcl_cpp_node-6] [INFO] [1789004689.498047434] [gpu_amcl_cpp]: AMCL scan update #3200 completed; evaluating pose confidence.
[gpu_amcl_cpp_node-6] [WARN] [1789004689.700304875] [gpu_amcl_cpp]: Queued LiDAR scan until source-time odometry arrives (queued=1).
[gpu_amcl_cpp_node-6] [INFO] [1789004689.972100621] [gpu_amcl_cpp]: AMCL odom delta: at_scan=(2.968, -1.113, 0.228) baseline=(2.625, -1.199, 0.264) delta=(0.343, 0.086, -0.037) moved=true scan_age=0.050s
[ground_truth_amcl_monitor-7] [INFO] [1789004690.071942179] [ground_truth_amcl_monitor]: AMCL vs GT: gt=(1.161, 1.097) amcl=(1.103, 1.352) error=0.262 m / 0.011 rad; current_map=(1.164, 1.003, -1.405) error=0.094 m / 0.000 rad; odom=(-0.240, -0.162, -1.394) error=1.883 m / 0.011 rad; ekf=(-0.240, -0.162, -1.394) error=1.883 m / 0.011 rad; RMS=0.129 m / 0.041 rad max=0.534 m / 0.155 rad samples=6384
[gpu_amcl_cpp_node-6] [WARN] [1789004690.123337919] [gpu_amcl_cpp]: No local AMCL cluster near odometry prediction; using causal odometry pose.
[gpu_amcl_cpp_node-6] [INFO] [1789004690.327827915] [gpu_amcl_cpp]: AMCL local correction: odom_prediction=(1.342, -0.594, -1.498) scan=(1.349, -0.687, -1.492) correction=0.093 m/0.006 rad cluster_weight=0.952 publish=true
[component_container-9] [INFO] [1789004690.520797107] [pure_pursuit_node]: Pure Pursuit: pose=(1.379, -2.208, -1.636) cte=-0.043 closest=269 target=323 path_dist=0.043 heading_err=0.006 steer=-0.053 speed=6.002
[gpu_amcl_cpp_node-6] [INFO] [1789004690.976736806] [gpu_amcl_cpp]: AMCL odom delta: at_scan=(9.040, -1.069, -0.223) baseline=(8.750, -0.998, -0.257) delta=(0.290, -0.071, 0.034) moved=true scan_age=0.052s
[ground_truth_amcl_monitor-7] [INFO] [1789004691.098506301] [ground_truth_amcl_monitor]: AMCL vs GT: gt=(0.977, -4.896) amcl=(1.017, -4.703) error=0.197 m / 0.049 rad; current_map=(0.982, -5.012, -1.659) error=0.117 m / 0.000 rad; odom=(-0.378, -6.597, -1.659) error=2.175 m / 0.000 rad; ekf=(-0.378, -6.597, -1.659) error=2.175 m / 0.000 rad; RMS=0.129 m / 0.041 rad max=0.534 m / 0.155 rad samples=6424
[gpu_amcl_cpp_node-6] [INFO] [1789004691.380972025] [gpu_amcl_cpp]: AMCL local correction: odom_prediction=(0.746, -6.407, -1.859) scan=(0.748, -6.384, -1.856) correction=0.022 m/0.002 rad cluster_weight=0.948 publish=true
[component_container-9] [INFO] [1789004691.522538054] [pure_pursuit_node]: Pure Pursuit: pose=(0.523, -7.152, -1.834) cte=-0.005 closest=520 target=569 path_dist=0.005 heading_err=0.030 steer=0.001 speed=4.030
[gpu_amcl_cpp_node-6] [INFO] [1789004691.996979655] [gpu_amcl_cpp]: AMCL odom delta: at_scan=(13.500, -2.077, -0.320) baseline=(13.335, -2.024, -0.310) delta=(0.164, -0.054, -0.010) moved=true scan_age=0.050s
[ground_truth_amcl_monitor-7] [INFO] [1789004692.099283930] [ground_truth_amcl_monitor]: AMCL vs GT: gt=(0.003, -8.864) amcl=(0.066, -8.702) error=0.173 m / 0.036 rad; current_map=(0.019, -8.830, -1.941) error=0.037 m / 0.000 rad; odom=(-1.372, -10.612, -1.941) error=2.224 m / 0.000 rad; ekf=(-1.372, -10.612, -1.941) error=2.224 m / 0.000 rad; RMS=0.129 m / 0.041 rad max=0.534 m / 0.155 rad samples=6460
[gpu_amcl_cpp_node-6] [INFO] [1789004692.404820320] [gpu_amcl_cpp]: AMCL local correction: odom_prediction=(-0.313, -9.479, -2.156) scan=(-0.310, -9.475, -2.151) correction=0.005 m/0.005 rad cluster_weight=0.997 publish=true
[component_container-9] [INFO] [1789004692.570450380] [pure_pursuit_node]: Pure Pursuit: pose=(-0.690, -9.881, -2.521) cte=0.015 closest=673 target=717 path_dist=0.015 heading_err=0.000 steer=-0.261 speed=2.498
[gpu_amcl_cpp_node-6] [INFO] [1789004693.021706262] [gpu_amcl_cpp]: AMCL odom delta: at_scan=(15.024, -3.821, -1.731) baseline=(15.038, -3.698, -1.640) delta=(-0.014, -0.122, -0.091) moved=true scan_age=0.050s
[ground_truth_amcl_monitor-7] [INFO] [1789004693.122069321] [ground_truth_amcl_monitor]: AMCL vs GT: gt=(-1.845, -10.054) amcl=(-1.747, -10.060) error=0.098 m / 0.109 rad; current_map=(-1.870, -10.020, 2.771) error=0.042 m / 0.000 rad; odom=(-3.141, -11.840, 2.880) error=2.206 m / 0.109 rad; ekf=(-3.141, -11.840, 2.880) error=2.206 m / 0.109 rad; RMS=0.129 m / 0.041 rad max=0.534 m / 0.155 rad samples=6500
[gpu_amcl_cpp_node-6] [INFO] [1789004693.424266939] [gpu_amcl_cpp]: AMCL local correction: odom_prediction=(-2.468, -9.547, 2.240) scan=(-2.457, -9.556, 2.247) correction=0.014 m/0.007 rad cluster_weight=0.973 publish=true
[component_container-9] [INFO] [1789004693.620560959] [pure_pursuit_node]: Pure Pursuit: pose=(-2.838, -8.882, 1.957) cte=-0.026 closest=811 target=857 path_dist=0.026 heading_err=0.020 steer=-0.080 speed=3.820
[gpu_amcl_cpp_node-6] [INFO] [1789004694.021988758] [gpu_amcl_cpp]: AMCL odom delta: at_scan=(12.460, -5.374, -3.053) baseline=(12.680, -5.350, -3.019) delta=(-0.221, -0.023, -0.034) moved=true scan_age=0.049s
[ground_truth_amcl_monitor-7] [INFO] [1789004694.123156008] [ground_truth_amcl_monitor]: AMCL vs GT: gt=(-3.158, -7.165) amcl=(-3.141, -7.363) error=0.199 m / 0.034 rad; current_map=(-3.152, -7.137, 1.600) error=0.029 m / 0.000 rad; odom=(-4.590, -9.083, 1.634) error=2.393 m / 0.034 rad; ekf=(-4.590, -9.083, 1.634) error=2.393 m / 0.034 rad; RMS=0.129 m / 0.041 rad max=0.534 m / 0.155 rad samples=6540
[gpu_amcl_cpp_node-6] [INFO] [1789004694.448460029] [gpu_amcl_cpp]: AMCL local correction: odom_prediction=(-3.009, -5.580, 1.398) scan=(-3.012, -5.578, 1.389) correction=0.004 m/0.009 rad cluster_weight=0.962 publish=true
[gpu_amcl_cpp_node-6] [INFO] [1789004694.497722973] [gpu_amcl_cpp]: Received LiDAR callback #3297 (1081 ranges).
[gpu_amcl_cpp_node-6] [INFO] [1789004694.497805087] [gpu_amcl_cpp]: Starting AMCL scan update #3297 (sampled from 1081 ranges).
[gpu_amcl_cpp_node-6] [INFO] [1789004694.498434260] [gpu_amcl_cpp]: AMCL scan update #3297 completed; evaluating pose confidence.
[component_container-9] [INFO] [1789004694.670326946] [pure_pursuit_node]: Pure Pursuit: pose=(-2.641, -4.249, 1.209) cte=0.013 closest=1047 target=1098 path_dist=0.013 heading_err=0.081 steer=0.091 speed=5.532
[gpu_amcl_cpp_node-6] [INFO] [1789004695.027249452] [gpu_amcl_cpp]: AMCL odom delta: at_scan=(7.430, -4.472, 2.820) baseline=(7.701, -4.551, 2.890) delta=(-0.270, 0.080, -0.070) moved=true scan_age=0.052s
[ground_truth_amcl_monitor-7] [INFO] [1789004695.148108098] [ground_truth_amcl_monitor]: AMCL vs GT: gt=(-2.021, -2.031) amcl=(-2.109, -2.287) error=0.271 m / 0.020 rad; current_map=(-2.007, -2.007, 1.231) error=0.028 m / 0.000 rad; odom=(-3.543, -3.911, 1.212) error=2.420 m / 0.020 rad; ekf=(-3.543, -3.911, 1.212) error=2.420 m / 0.020 rad; RMS=0.129 m / 0.041 rad max=0.534 m / 0.155 rad samples=6578
[gpu_amcl_cpp_node-6] [WARN] [1789004695.199492136] [gpu_amcl_cpp]: Queued LiDAR scan until source-time odometry arrives (queued=1).
[gpu_amcl_cpp_node-6] [INFO] [1789004695.475724354] [gpu_amcl_cpp]: AMCL local correction: odom_prediction=(-1.629, -0.386, 1.328) scan=(-1.633, -0.375, 1.327) correction=0.012 m/0.002 rad cluster_weight=0.941 publish=true
[component_container-9] [INFO] [1789004695.671138723] [pure_pursuit_node]: Pure Pursuit: pose=(-1.443, 0.625, 1.478) cte=-0.006 closest=1298 target=1346 path_dist=0.006 heading_err=-0.085 steer=-0.071 speed=3.719
[gpu_amcl_cpp_node-6] [INFO] [1789004696.049008605] [gpu_amcl_cpp]: AMCL odom delta: at_scan=(3.038, -3.511, 3.076) baseline=(3.212, -3.525, 3.042) delta=(-0.173, 0.014, 0.034) moved=true scan_age=0.051s
[ground_truth_amcl_monitor-7] [INFO] [1789004696.151568152] [ground_truth_amcl_monitor]: AMCL vs GT: gt=(-1.267, 2.056) amcl=(-1.254, 2.101) error=0.048 m / 0.000 rad; current_map=(-1.254, 2.097, 1.561) error=0.043 m / 0.000 rad; odom=(-2.701, 0.426, 1.561) error=2.171 m / 0.000 rad; ekf=(-2.701, 0.426, 1.561) error=2.171 m / 0.000 rad; RMS=0.129 m / 0.041 rad max=0.534 m / 0.155 rad samples=6617
[gpu_amcl_cpp_node-6] [INFO] [1789004696.499259687] [gpu_amcl_cpp]: AMCL local correction: odom_prediction=(-1.335, 2.898, 1.819) scan=(-1.340, 2.897, 1.814) correction=0.006 m/0.005 rad cluster_weight=0.988 publish=true
[component_container-9] [INFO] [1789004696.695326342] [pure_pursuit_node]: Pure Pursuit: pose=(-1.510, 3.343, 2.098) cte=0.005 closest=1437 target=1480 path_dist=0.005 heading_err=-0.067 steer=0.298 speed=1.911
[gpu_amcl_cpp_node-6] [INFO] [1789004697.097164287] [gpu_amcl_cpp]: AMCL odom delta: at_scan=(1.097, -4.217, -2.007) baseline=(1.139, -4.138, -2.103) delta=(-0.042, -0.080, 0.096) moved=true scan_age=0.051s
[ground_truth_amcl_monitor-7] [INFO] [1789004697.197138586] [ground_truth_amcl_monitor]: AMCL vs GT: gt=(-2.128, 3.789) amcl=(-2.058, 3.821) error=0.077 m / 0.107 rad; current_map=(-2.143, 3.845, 2.915) error=0.058 m / 0.000 rad; odom=(-3.500, 2.095, 2.809) error=2.180 m / 0.107 rad; ekf=(-3.500, 2.095, 2.809) error=2.180 m / 0.107 rad; RMS=0.129 m / 0.041 rad max=0.534 m / 0.155 rad samples=6658
[gpu_amcl_cpp_node-6] [INFO] [1789004697.499905379] [gpu_amcl_cpp]: AMCL local correction: odom_prediction=(-2.643, 3.759, -2.678) scan=(-2.622, 3.758, -2.671) correction=0.021 m/0.007 rad cluster_weight=0.977 publish=true
[component_container-9] [INFO] [1789004697.696143277] [pure_pursuit_node]: Pure Pursuit: pose=(-2.970, 3.420, -2.153) cte=0.000 closest=1529 target=1572 path_dist=0.000 heading_err=0.111 steer=0.253 speed=2.263
[gpu_amcl_cpp_node-6] [INFO] [1789004698.098804349] [gpu_amcl_cpp]: AMCL odom delta: at_scan=(2.220, -5.544, -0.137) baseline=(2.083, -5.522, -0.175) delta=(0.136, -0.021, 0.038) moved=true scan_age=0.051s
[ground_truth_amcl_monitor-7] [INFO] [1789004698.198707836] [ground_truth_amcl_monitor]: AMCL vs GT: gt=(-3.232, 2.345) amcl=(-3.208, 2.462) error=0.119 m / 0.014 rad; current_map=(-3.224, 2.307, -1.668) error=0.039 m / 0.000 rad; odom=(-4.778, 0.633, -1.668) error=2.307 m / 0.000 rad; ekf=(-4.778, 0.633, -1.668) error=2.307 m / 0.000 rad; RMS=0.129 m / 0.041 rad max=0.534 m / 0.155 rad samples=6698
[gpu_amcl_cpp_node-6] [INFO] [1789004698.548774286] [gpu_amcl_cpp]: AMCL local correction: odom_prediction=(-3.330, 1.159, -1.706) scan=(-3.329, 1.179, -1.697) correction=0.020 m/0.009 rad cluster_weight=0.979 publish=true
[component_container-9] [INFO] [1789004698.745167767] [pure_pursuit_node]: Pure Pursuit: pose=(-3.482, 0.560, -1.929) cte=0.034 closest=1675 target=1719 path_dist=0.034 heading_err=0.025 steer=-0.131 speed=2.269
[gpu_amcl_cpp_node-6] [INFO] [1789004699.146247841] [gpu_amcl_cpp]: AMCL odom delta: at_scan=(4.907, -6.183, -0.724) baseline=(4.834, -6.122, -0.661) delta=(0.074, -0.061, -0.063) moved=true scan_age=0.050s
[ground_truth_amcl_monitor-7] [INFO] [1789004699.201509586] [ground_truth_amcl_monitor]: AMCL vs GT: gt=(-3.892, -0.101) amcl=(-3.877, -0.107) error=0.017 m / 0.000 rad; current_map=(-3.879, -0.096, -2.356) error=0.014 m / 0.000 rad; odom=(-5.448, -1.819, -2.356) error=2.317 m / 0.000 rad; ekf=(-5.448, -1.819, -2.356) error=2.317 m / 0.000 rad; RMS=0.128 m / 0.041 rad max=0.534 m / 0.155 rad samples=6739
[gpu_amcl_cpp_node-6] [INFO] [1789004699.546396686] [gpu_amcl_cpp]: Received LiDAR callback #3397 (1081 ranges).
[gpu_amcl_cpp_node-6] [INFO] [1789004699.546460225] [gpu_amcl_cpp]: Starting AMCL scan update #3397 (sampled from 1081 ranges).
[gpu_amcl_cpp_node-6] [INFO] [1789004699.547019075] [gpu_amcl_cpp]: AMCL scan update #3397 completed; evaluating pose confidence.
[gpu_amcl_cpp_node-6] [INFO] [1789004699.549040022] [gpu_amcl_cpp]: AMCL local correction: odom_prediction=(-4.437, -0.446, -2.893) scan=(-4.428, -0.448, -2.886) correction=0.009 m/0.007 rad cluster_weight=0.979 publish=true
[component_container-9] [INFO] [1789004699.745458260] [pure_pursuit_node]: Pure Pursuit: pose=(-4.905, -0.437, 2.888) cte=0.022 closest=1772 target=1815 path_dist=0.022 heading_err=-0.036 steer=-0.322 speed=1.994
[gpu_amcl_cpp_node-6] [INFO] [1789004700.146911236] [gpu_amcl_cpp]: AMCL odom delta: at_scan=(4.916, -7.891, -2.453) baseline=(5.003, -7.814, -2.371) delta=(-0.087, -0.078, -0.081) moved=true scan_age=0.050s
[ground_truth_amcl_monitor-7] [INFO] [1789004700.246729484] [ground_truth_amcl_monitor]: AMCL vs GT: gt=(-5.622, 0.148) amcl=(-5.550, 0.066) error=0.109 m / 0.073 rad; current_map=(-5.618, 0.172, 2.106) error=0.024 m / 0.000 rad; odom=(-7.165, -1.660, 2.180) error=2.377 m / 0.073 rad; ekf=(-7.165, -1.660, 2.180) error=2.377 m / 0.073 rad; RMS=0.128 m / 0.041 rad max=0.534 m / 0.155 rad samples=6780
[gpu_amcl_cpp_node-6] [INFO] [1789004700.598567605] [gpu_amcl_cpp]: AMCL local correction: odom_prediction=(-5.964, 1.175, 1.776) scan=(-5.965, 1.173, 1.773) correction=0.002 m/0.003 rad cluster_weight=0.965 publish=true
[component_container-9] [INFO] [1789004700.746331673] [pure_pursuit_node]: Pure Pursuit: pose=(-6.090, 1.965, 1.686) cte=-0.011 closest=1912 target=1961 path_dist=0.011 heading_err=0.023 steer=-0.029 speed=4.663
[gpu_amcl_cpp_node-6] [INFO] [1789004701.196821130] [gpu_amcl_cpp]: AMCL odom delta: at_scan=(0.973, -8.562, 3.061) baseline=(1.215, -8.578, 3.088) delta=(-0.242, 0.016, -0.027) moved=true scan_age=0.050s
[ground_truth_amcl_monitor-7] [INFO] [1789004701.248638283] [ground_truth_amcl_monitor]: AMCL vs GT: gt=(-6.128, 4.070) amcl=(-6.141, 3.829) error=0.242 m / 0.021 rad; current_map=(-6.119, 4.064, 1.468) error=0.011 m / 0.000 rad; odom=(-7.740, 2.420, 1.468) error=2.307 m / 0.000 rad; ekf=(-7.740, 2.420, 1.468) error=2.307 m / 0.000 rad; RMS=0.128 m / 0.041 rad max=0.534 m / 0.155 rad samples=6820
[gpu_amcl_cpp_node-6] [INFO] [1789004701.622979855] [gpu_amcl_cpp]: AMCL local correction: odom_prediction=(-5.746, 5.655, 1.224) scan=(-5.736, 5.680, 1.224) correction=0.027 m/0.000 rad cluster_weight=0.991 publish=true
[WARNING] [launch]: user interrupted with ctrl-c (SIGINT)
[INFO] [actuator_interface-10]: sending signal 'SIGINT' to process[actuator_interface-10]
[INFO] [component_container-9]: sending signal 'SIGINT' to process[component_container-9]
[INFO] [calibration-8]: sending signal 'SIGINT' to process[calibration-8]
[INFO] [ground_truth_amcl_monitor-7]: sending signal 'SIGINT' to process[ground_truth_amcl_monitor-7]
[INFO] [gpu_amcl_cpp_node-6]: sending signal 'SIGINT' to process[gpu_amcl_cpp_node-6]
[INFO] [lifecycle_manager-5]: sending signal 'SIGINT' to process[lifecycle_manager-5]
[INFO] [map_server-4]: sending signal 'SIGINT' to process[map_server-4]
[INFO] [ekf_localization_node-3]: sending signal 'SIGINT' to process[ekf_localization_node-3]
[INFO] [sensor_odometry_node-2]: sending signal 'SIGINT' to process[sensor_odometry_node-2]
[INFO] [autodrive_bridge_40hz-1]: sending signal 'SIGINT' to process[autodrive_bridge_40hz-1]
[component_container-9] [INFO] [1789004701.774603835] [pure_pursuit_node]: Pure Pursuit: pose=(-5.448, 6.303, 1.025) cte=-0.012 closest=2135 target=2181 path_dist=0.012 heading_err=0.028 steer=-0.090 speed=2.856
[gpu_amcl_cpp_node-6] [INFO] [1789004702.246084733] [gpu_amcl_cpp]: AMCL odom delta: at_scan=(-2.306, -7.139, 2.177) baseline=(-2.217, -7.258, 2.250) delta=(-0.089, 0.119, -0.073) moved=true scan_age=0.050s
[ground_truth_amcl_monitor-7] [INFO] [1789004702.250506340] [ground_truth_amcl_monitor]: AMCL vs GT: gt=(-4.730, 7.154) amcl=(-4.728, 7.134) error=0.020 m / 0.000 rad; current_map=(-4.726, 7.137, 0.607) error=0.017 m / 0.000 rad; odom=(-6.339, 5.464, 0.607) error=2.333 m / 0.000 rad; ekf=(-6.339, 5.464, 0.607) error=2.333 m / 0.000 rad; RMS=0.128 m / 0.041 rad max=0.534 m / 0.155 rad samples=6859
[component_container-9] [INFO] [1789004702.395327711] [rclcpp]: signal_handler(SIGINT/SIGTERM)
[gpu_amcl_cpp_node-6] [INFO] [1789004702.400543340] [rclcpp]: signal_handler(SIGINT/SIGTERM)
[lifecycle_manager-5] [INFO] [1789004702.402538909] [rclcpp]: signal_handler(SIGINT/SIGTERM)
[lifecycle_manager-5] [INFO] [1789004702.402643946] [lifecycle_manager_map]: Running Nav2 LifecycleManager rcl preshutdown (lifecycle_manager_map)
[lifecycle_manager-5] [INFO] [1789004702.402696195] [lifecycle_manager_map]: [34m[1mTerminating bond timer...[0m[0m
[map_server-4] [INFO] [1789004702.404578832] [rclcpp]: signal_handler(SIGINT/SIGTERM)
[map_server-4] [INFO] [1789004702.404713985] [map_server]: Running Nav2 LifecycleNode rcl preshutdown (map_server)
[map_server-4] [INFO] [1789004702.404796260] [map_server]: Deactivating
[map_server-4] [INFO] [1789004702.404829102] [map_server]: Destroying bond (map_server) to lifecycle manager.
[ekf_localization_node-3] [INFO] [1789004702.406665322] [rclcpp]: signal_handler(SIGINT/SIGTERM)
[sensor_odometry_node-2] [INFO] [1789004702.409426058] [rclcpp]: signal_handler(SIGINT/SIGTERM)
[autodrive_bridge_40hz-1] KeyboardInterrupt
[autodrive_bridge_40hz-1] 2026-09-10T01:45:02Z
[map_server-4] [INFO] [1789004702.415168107] [map_server]: Cleaning up
[map_server-4] [INFO] [1789004702.415496674] [map_server]: Destroying bond (map_server) to lifecycle manager.
[lifecycle_manager-5] [INFO] [1789004702.417682801] [lifecycle_manager_map]: Destroying lifecycle_manager_map
[autodrive_bridge_40hz-1] Traceback (most recent call last):
[autodrive_bridge_40hz-1]   File "/workspace/install/lib/sdu_apex_autodrive/autodrive_bridge_40hz", line 33, in <module>
[autodrive_bridge_40hz-1]     sys.exit(load_entry_point('sdu-apex-autodrive', 'console_scripts', 'autodrive_bridge_40hz')())
[autodrive_bridge_40hz-1]   File "/workspace/build/sdu_apex_autodrive/sdu_apex_autodrive/bridge_40hz.py", line 443, in main
[autodrive_bridge_40hz-1]     official_bridge.main()
[autodrive_bridge_40hz-1]   File "/home/autodrive_devkit/install/autodrive_roboracer/lib/python3.10/site-packages/autodrive_roboracer/autodrive_bridge.py", line 442, in main
[autodrive_bridge_40hz-1]     pywsgi.WSGIServer(('', 4567), app, handler_class=WebSocketHandler).serve_forever() # Deploy as a gevent WSGI server
[autodrive_bridge_40hz-1]   File "/usr/local/lib/python3.10/dist-packages/gevent/baseserver.py", line 400, in serve_forever
[autodrive_bridge_40hz-1]     self._stop_event.wait()
[autodrive_bridge_40hz-1]   File "src/gevent/event.py", line 163, in gevent._gevent_cevent.Event.wait
[autodrive_bridge_40hz-1]   File "src/gevent/_abstract_linkable.py", line 521, in gevent._gevent_c_abstract_linkable.AbstractLinkable._wait
[autodrive_bridge_40hz-1]   File "src/gevent/_abstract_linkable.py", line 487, in gevent._gevent_c_abstract_linkable.AbstractLinkable._wait_core
[autodrive_bridge_40hz-1]   File "src/gevent/_abstract_linkable.py", line 490, in gevent._gevent_c_abstract_linkable.AbstractLinkable._wait_core
[autodrive_bridge_40hz-1]   File "src/gevent/_abstract_linkable.py", line 442, in gevent._gevent_c_abstract_linkable.AbstractLinkable._AbstractLinkable__wait_to_be_notified
[autodrive_bridge_40hz-1]   File "src/gevent/_abstract_linkable.py", line 451, in gevent._gevent_c_abstract_linkable.AbstractLinkable._switch_to_hub
[autodrive_bridge_40hz-1]   File "src/gevent/_greenlet_primitives.py", line 61, in gevent._gevent_c_greenlet_primitives.SwitchOutGreenletWithLoop.switch
[autodrive_bridge_40hz-1]   File "src/gevent/_greenlet_primitives.py", line 65, in gevent._gevent_c_greenlet_primitives.SwitchOutGreenletWithLoop.switch
[autodrive_bridge_40hz-1]   File "src/gevent/_gevent_c_greenlet_primitives.pxd", line 35, in gevent._gevent_c_greenlet_primitives._greenlet_switch
[autodrive_bridge_40hz-1]   File "/usr/local/lib/python3.10/dist-packages/socketio/client.py", line 25, in signal_handler
[map_server-4] [INFO] [1789004702.421115100] [map_server]: Destroying
[autodrive_bridge_40hz-1]     return original_signal_handler(sig, frame)
[autodrive_bridge_40hz-1] KeyboardInterrupt
[INFO] [component_container-9]: process has finished cleanly [pid 14800]
[INFO] [ekf_localization_node-3]: process has finished cleanly [pid 14788]
[INFO] [sensor_odometry_node-2]: process has finished cleanly [pid 14786]
[INFO] [lifecycle_manager-5]: process has finished cleanly [pid 14792]
[INFO] [map_server-4]: process has finished cleanly [pid 14790]
[ERROR] [autodrive_bridge_40hz-1]: process has died [pid 14784, exit code -2, cmd '/workspace/install/lib/sdu_apex_autodrive/autodrive_bridge_40hz --ros-args -r __node:=autodrive_bridge'].
[INFO] [ground_truth_amcl_monitor-7]: process has finished cleanly [pid 14796]
[INFO] [actuator_interface-10]: process has finished cleanly [pid 14802]
[INFO] [calibration-8]: process has finished cleanly [pid 14798]
[INFO] [gpu_amcl_cpp_node-6]: process has finished cleanly [pid 14794]
