[INFO] [launch]: All log files can be found below /root/.ros/log/2026-09-09-21-56-01-477456-ExternalDrive-5156
[INFO] [launch]: Default logging verbosity is set to INFO
[INFO] [launch.user]: controller=pure_pursuit custom_amcl=True rviz=False
[INFO] [autodrive_bridge_40hz-1]: process started with pid [5210]
[INFO] [sensor_odometry_node-2]: process started with pid [5212]
[INFO] [ekf_localization_node-3]: process started with pid [5214]
[INFO] [map_server-4]: process started with pid [5216]
[INFO] [lifecycle_manager-5]: process started with pid [5218]
[INFO] [gpu_amcl_cpp_node-6]: process started with pid [5220]
[INFO] [ground_truth_amcl_monitor-7]: process started with pid [5222]
[INFO] [calibration-8]: process started with pid [5224]
[INFO] [component_container-9]: process started with pid [5226]
[INFO] [actuator_interface-10]: process started with pid [5228]
[lifecycle_manager-5] [INFO] [1788990961.706193098] [lifecycle_manager_map]: Creating
[lifecycle_manager-5] [INFO] [1788990961.720794273] [lifecycle_manager_map]: [34m[1mCreating and initializing lifecycle service clients[0m[0m
[ekf_localization_node-3] [INFO] [1788990961.721704186] [ekf_localization]: Local odometry trust filter ready: /odom -> /ekf_odom and /ekf_pose in frame odom; reset events=/autodrive/reset_command
[sensor_odometry_node-2] [INFO] [1788990961.724726955] [sensor_odometry]: Deterministic odometry observer: exact timestamp packets, encoders + IMU only
[lifecycle_manager-5] [INFO] [1788990961.727108508] [lifecycle_manager_map]: [34m[1mStarting managed nodes bringup...[0m[0m
[lifecycle_manager-5] [INFO] [1788990961.727190873] [lifecycle_manager_map]: [34m[1mConfiguring map_server[0m[0m
[map_server-4] [INFO] [1788990961.728994468] [map_server]: 
[map_server-4] 	map_server lifecycle node launched. 
[map_server-4] 	Waiting on external lifecycle transitions to activate
[map_server-4] 	See https://design.ros2.org/articles/node_lifecycle.html for more information.
[map_server-4] [INFO] [1788990961.729171662] [map_server]: Creating
[map_server-4] [INFO] [1788990961.729797209] [map_server]: Configuring
[map_server-4] [INFO] [1788990961.729863394] [map_io]: Loading yaml file: /workspace/src/f1tenth_planning/maps/autodrive_track_ftg_commit_20260909_025m.yaml
[map_server-4] [INFO] [1788990961.730219063] [map_io]: resolution: 0.025
[map_server-4] [INFO] [1788990961.730232288] [map_io]: origin[0]: -6.82
[map_server-4] [INFO] [1788990961.730241927] [map_io]: origin[1]: -12.3
[map_server-4] [INFO] [1788990961.730249781] [map_io]: origin[2]: 0
[map_server-4] [INFO] [1788990961.730257526] [map_io]: free_thresh: 0.25
[map_server-4] [INFO] [1788990961.730264960] [map_io]: occupied_thresh: 0.65
[map_server-4] [INFO] [1788990961.730273025] [map_io]: mode: trinary
[map_server-4] [INFO] [1788990961.730279938] [map_io]: negate: 0
[map_server-4] [INFO] [1788990961.730536461] [map_io]: Loading image_file: /workspace/src/f1tenth_planning/maps/autodrive_track_ftg_commit_20260909_025m.pgm
[map_server-4] [INFO] [1788990961.764469896] [map_io]: Read map /workspace/src/f1tenth_planning/maps/autodrive_track_ftg_commit_20260909_025m.pgm: 349 X 877 map @ 0.025 m/cell
[lifecycle_manager-5] [INFO] [1788990961.779771328] [lifecycle_manager_map]: [34m[1mActivating map_server[0m[0m
[map_server-4] [INFO] [1788990961.780003836] [map_server]: Activating
[map_server-4] [INFO] [1788990961.780938355] [map_server]: Creating bond (map_server) to lifecycle manager.
[lifecycle_manager-5] [INFO] [1788990961.885573245] [lifecycle_manager_map]: Server map_server connected with bond.
[lifecycle_manager-5] [INFO] [1788990961.885639079] [lifecycle_manager_map]: [34m[1mManaged nodes are active[0m[0m
[lifecycle_manager-5] [INFO] [1788990961.885655159] [lifecycle_manager_map]: [34m[1mCreating bond timer...[0m[0m
[component_container-9] [INFO] [1788990961.903457560] [controller_container]: Load Library: /workspace/install/lib/libpure_pursuit_node.so
[component_container-9] [INFO] [1788990961.907220713] [controller_container]: Found class: rclcpp_components::NodeFactoryTemplate<f1tenth_control::PurePursuitNode>
[component_container-9] [INFO] [1788990961.908044604] [controller_container]: Instantiate class: rclcpp_components::NodeFactoryTemplate<f1tenth_control::PurePursuitNode>
[component_container-9] [INFO] [1788990961.923460442] [pure_pursuit_node]: Initializing Pure Pursuit Node
[gpu_amcl_cpp_node-6] [INFO] [1788990961.930863928] [gpu_amcl_cpp]: [AMCL] Parameters: update_min_d=0.02000, update_min_a=0.03500, max_scan_age=0.2500, odom_history=1.000s, cloud_publish_rate=1.0 Hz, debug_pre_resample=false, slip_threshold=1.00 rad/s, initial_raceline_heading=false, local_correction_gate=0.00m/0.00rad xy_gain=0.500 cross_track_only=false yaw_gain=0.000 association=0.80m recenter_cloud=true
[component_container-9] [INFO] [1788990961.935139026] [pure_pursuit_node]: Loaded trajectory with 2586 waypoints (51.7 m)
[component_container-9] [INFO] [1788990961.941715615] [pure_pursuit_node]: Pure Pursuit Node initialized
[component_container-9] [INFO] [1788990961.941766581] [pure_pursuit_node]:   Trajectory: /workspace/src/f1tenth_planning/trajectories/autodrive_track_ftg_commit_20260909_025m_mintime_raceline.csv (2586 points)
[component_container-9] [INFO] [1788990961.941778543] [pure_pursuit_node]:   Lookahead: 0.75 - 1.10 m (gain: 0.05)
[INFO] [launch_ros.actions.load_composable_nodes]: Loaded node '/pure_pursuit_node' in container '/controller_container'
[component_container-9] [INFO] [1788990961.941795375] [pure_pursuit_node]:   Max speed cap: 1.50 m/s
[component_container-9] [INFO] [1788990961.941812057] [pure_pursuit_node]:   Lookahead adapt: cte_weight=1.00 cte_gain=0.042 curvature_gain=1.900
[component_container-9] [INFO] [1788990961.941823829] [pure_pursuit_node]:   Speed adapt: curvature_factor=0.102 floor_ratio=0.52
[component_container-9] [INFO] [1788990961.941835350] [pure_pursuit_node]:   Speed adapt (CTE): factor=1.500 floor_ratio=0.55
[component_container-9] [INFO] [1788990961.941845179] [pure_pursuit_node]:   Speed limits: max_lat_accel=6.50 min_reg_speed=0.00
[component_container-9] [INFO] [1788990961.941856450] [pure_pursuit_node]:   Yaw-rate damping: 0.000 s
[component_container-9] [INFO] [1788990961.941865237] [pure_pursuit_node]:   Target-heading turn-in gain: 0.000
[component_container-9] [INFO] [1788990961.941875195] [pure_pursuit_node]:   Command shaping: steer_rate=3.20 accel=3.00 decel=8.00
[component_container-9] [INFO] [1788990961.941886867] [pure_pursuit_node]:   Pose: /current_map_pose (map frame)
[component_container-9] [INFO] [1788990961.941896355] [pure_pursuit_node]:   Odom: /odom
[component_container-9] [INFO] [1788990961.941905502] [pure_pursuit_node]:   Control trigger: /odom (one command per odometry update; nominal 40.0 Hz)
[component_container-9] [INFO] [1788990961.941917044] [pure_pursuit_node]:   Steering feedback: /autodrive/roboracer_1/steering (lead gain 0.25)
[component_container-9] [INFO] [1788990961.941928175] [pure_pursuit_node]:   Startup path gate: distance <= 0.80 m, heading <= 0.75 rad
[component_container-9] [INFO] [1788990961.941939376] [pure_pursuit_node]:   Command: /cmd/speed
[autodrive_bridge_40hz-1] /usr/local/lib/python3.10/dist-packages/numpy/core/getlimits.py:499: UserWarning: The value of the smallest subnormal for <class 'numpy.float64'> type is zero.
[autodrive_bridge_40hz-1]   setattr(self, word, getattr(machar, word).flat[0])
[autodrive_bridge_40hz-1] /usr/local/lib/python3.10/dist-packages/numpy/core/getlimits.py:89: UserWarning: The value of the smallest subnormal for <class 'numpy.float64'> type is zero.
[autodrive_bridge_40hz-1]   return self._float_to_str(self.smallest_subnormal)
[gpu_amcl_cpp_node-6] [INFO] [1788990961.946624245] [gpu_amcl_cpp]: Particle cloud publishing scan-synchronized, max 1.0 Hz
[gpu_amcl_cpp_node-6] [INFO] [1788990961.946687915] [gpu_amcl_cpp]: GPU AMCL C++ node created — waiting for map...
[gpu_amcl_cpp_node-6] [INFO] [1788990961.957981623] [gpu_amcl_cpp]: Received first map (349x877 @ 0.025 m/cell) — initialising PF
[gpu_amcl_cpp_node-6] [INFO] [1788990961.973276223] [gpu_amcl_cpp]: Loaded 2587 global heading points from /workspace/src/f1tenth_planning/trajectories/autodrive_track_ftg_commit_20260909_025m_mintime_raceline.csv
[gpu_amcl_cpp_node-6] [INFO] [1788990961.989990626] [gpu_amcl_cpp]: Global AMCL startup prior centred at saved map start (0.801, 3.158, -1.571) with covariance (0.500, 0.500, 0.200).
[gpu_amcl_cpp_node-6] [INFO] [1788990961.990060858] [gpu_amcl_cpp]: Particle filter initialised with 2500 particles (global)
[gpu_amcl_cpp_node-6] [INFO] [1788990961.990110181] [gpu_amcl_cpp]: Global particle initialization active; waiting for scans before publishing pose
[calibration-8] [INFO] [1788990962.005812999] [allowed_telemetry_recorder]: Calibration mode=sensor_record duration=200.000 s output=/workspace/src/f1tenth_planning/analysis/amcl_tuning_campaign_20260909/acceptance_single_sim_ramp_15_to_4mps_20260909_run03/telemetry/sensor_record_20260909_215601.csv
[ground_truth_amcl_monitor-7] [INFO] [1788990962.007344161] [ground_truth_amcl_monitor]: Absolute map scoring enabled from explicit map start: (0.8006, 3.1583, -1.5708)
[ground_truth_amcl_monitor-7] [WARN] [1788990962.022336011] [ground_truth_amcl_monitor]: Ground-truth monitor is diagnostics-only; simulator IPS/odom are not controller inputs
[actuator_interface-10] [INFO] [1788990962.072991562] [autodrive_actuator_interface]: Actuator interface ready; no arming state
[actuator_interface-10] [WARN] [1788990962.074593688] [autodrive_actuator_interface]: Neutral output: no command
[autodrive_bridge_40hz-1] [autodrive_bridge_40hz] camera decode/publication disabled
[autodrive_bridge_40hz-1] [autodrive_bridge_40hz] bounded request pacing enabled at 40 Hz (max one outstanding request)
[autodrive_bridge_40hz-1] Connected!
[component_container-9] [WARN] [1788990962.354344827] [pure_pursuit_node]: No pose received on /current_map_pose yet
[gpu_amcl_cpp_node-6] [INFO] [1788990962.354572255] [gpu_amcl_cpp]: Received first odometry sample at (0.00, 0.00, 0.00).
[gpu_amcl_cpp_node-6] [INFO] [1788990962.355533335] [gpu_amcl_cpp]: Received LiDAR callback #1 (1081 ranges).
[gpu_amcl_cpp_node-6] [INFO] [1788990962.355566848] [gpu_amcl_cpp]: AMCL odom delta: at_scan=(0.000, 0.000, 0.000) baseline=(0.000, 0.000, 0.000) delta=(0.000, 0.000, 0.000) moved=false scan_age=0.068s
[gpu_amcl_cpp_node-6] [INFO] [1788990962.355581375] [gpu_amcl_cpp]: Starting AMCL scan update #1 (sampled from 1081 ranges).
[gpu_amcl_cpp_node-6] [INFO] [1788990962.358896325] [gpu_amcl_cpp]: AMCL scan update #1 completed; evaluating pose confidence.
[gpu_amcl_cpp_node-6] [INFO] [1788990962.365788338] [gpu_amcl_cpp]: Startup GPU scan refinement done: refined_particles=2237/2500, beams=180, best_mean_dist=0.000 m, time=6.84 ms
[gpu_amcl_cpp_node-6] [INFO] [1788990962.369529019] [gpu_amcl_cpp]: Global AMCL refining: cluster_weight=0.928, covariance xy=0.009 (max 0.250), yaw=0.000 (max 0.120).
[gpu_amcl_cpp_node-6] [INFO] [1788990962.369567221] [gpu_amcl_cpp]: Global AMCL lock evidence: quality=false stable_scans=1/5 travel=0.000/0.750 m (min_weight=0.500).
[gpu_amcl_cpp_node-6] [INFO] [1788990962.565589814] [gpu_amcl_cpp]: Publishing provisional global AMCL pose for localization ramp; travel=0.000/0.750 m stable_scans=5/5.
[component_container-9] [INFO] [1788990962.861262203] [pure_pursuit_node]: Aligned closed trajectory seam to startup pose at original waypoint 1090
[component_container-9] [INFO] [1788990962.861358504] [pure_pursuit_node]: Startup path gate passed: path_distance=0.166 m heading_error=0.302 rad
[component_container-9] [INFO] [1788990962.861386787] [pure_pursuit_node]: Pure Pursuit: pose=(0.801, 3.158, -1.571) cte=-0.166 closest=0 target=38 path_dist=0.166 heading_err=0.302 steer=0.003 speed=0.003
[ground_truth_amcl_monitor-7] [INFO] [1788990962.964078008] [ground_truth_amcl_monitor]: Relative GT alignment initialized: yaw=-0.000, translation=(-0.000, 0.000)
[ground_truth_amcl_monitor-7] [INFO] [1788990962.964751315] [ground_truth_amcl_monitor]: AMCL vs GT: gt=(0.801, 3.158) amcl=(0.801, 3.158) error=0.000 m / 0.000 rad; current_map=(0.801, 3.158, -1.571) error=0.000 m / 0.000 rad; odom=(0.801, 3.158, -1.571) error=0.000 m / 0.000 rad; ekf=(0.801, 3.158, -1.571) error=0.000 m / 0.000 rad; RMS=0.000 m / 0.000 rad max=0.000 m / 0.000 rad samples=1
[gpu_amcl_cpp_node-6] [INFO] [1788990963.362977644] [gpu_amcl_cpp]: AMCL odom delta: at_scan=(0.139, 0.003, 0.034) baseline=(0.096, 0.001, 0.026) delta=(0.043, 0.001, 0.009) moved=true scan_age=0.049s
[actuator_interface-10] [INFO] [1788990963.363775065] [autodrive_actuator_interface]: Collision baseline established at cumulative count 0
[component_container-9] [INFO] [1788990963.864027030] [pure_pursuit_node]: Pure Pursuit: pose=(0.883, 2.291, -1.397) cte=-0.002 closest=42 target=85 path_dist=0.002 heading_err=0.080 steer=0.041 speed=1.484
[gpu_amcl_cpp_node-6] [INFO] [1788990963.868438845] [gpu_amcl_cpp]: Global AMCL lock accepted at (0.870, 2.363, -1.408); continuing with local tracking.
[gpu_amcl_cpp_node-6] [INFO] [1788990963.918661481] [gpu_amcl_cpp]: AMCL local correction: odom_prediction=(0.883, 2.289, -1.397) scan=(0.879, 2.285, -1.410) correction=0.006 m/0.013 rad cluster_weight=0.908 publish=true
[ground_truth_amcl_monitor-7] [INFO] [1788990963.966286547] [ground_truth_amcl_monitor]: AMCL vs GT: gt=(0.894, 2.172) amcl=(0.881, 2.287) error=0.116 m / 0.010 rad; current_map=(0.894, 2.212, -1.387) error=0.041 m / 0.000 rad; odom=(0.896, 2.215, -1.387) error=0.043 m / 0.000 rad; ekf=(0.883, 2.289, -1.397) error=0.118 m / 0.010 rad; RMS=0.082 m / 0.007 rad max=0.138 m / 0.014 rad samples=41
[gpu_amcl_cpp_node-6] [WARN] [1788990963.968746057] [gpu_amcl_cpp]: No local AMCL cluster near odometry prediction; using causal odometry pose.
[gpu_amcl_cpp_node-6] [INFO] [1788990964.363424044] [gpu_amcl_cpp]: AMCL odom delta: at_scan=(1.527, 0.219, 0.221) baseline=(1.453, 0.202, 0.220) delta=(0.074, 0.017, 0.002) moved=true scan_age=0.049s
[component_container-9] [INFO] [1788990964.912899281] [pure_pursuit_node]: Pure Pursuit: pose=(1.171, 0.836, -1.382) cte=0.017 closest=117 target=159 path_dist=0.017 heading_err=-0.026 steer=-0.029 speed=1.452
[gpu_amcl_cpp_node-6] [INFO] [1788990964.967418855] [gpu_amcl_cpp]: AMCL local correction: odom_prediction=(1.167, 0.855, -1.383) scan=(1.161, 0.883, -1.383) correction=0.029 m/0.000 rad cluster_weight=0.921 publish=true
[ground_truth_amcl_monitor-7] [INFO] [1788990964.969171143] [ground_truth_amcl_monitor]: AMCL vs GT: gt=(1.193, 0.766) amcl=(1.164, 0.869) error=0.107 m / 0.000 rad; current_map=(1.167, 0.855, -1.383) error=0.093 m / 0.000 rad; odom=(1.207, 0.752, -1.383) error=0.020 m / 0.000 rad; ekf=(1.207, 0.752, -1.383) error=0.020 m / 0.000 rad; RMS=0.088 m / 0.005 rad max=0.169 m / 0.014 rad samples=82
[gpu_amcl_cpp_node-6] [INFO] [1788990965.363459905] [gpu_amcl_cpp]: AMCL odom delta: at_scan=(2.994, 0.504, 0.141) baseline=(2.920, 0.493, 0.147) delta=(0.074, 0.011, -0.006) moved=true scan_age=0.051s
[gpu_amcl_cpp_node-6] [WARN] [1788990965.465149018] [gpu_amcl_cpp]: No local AMCL cluster near odometry prediction; using causal odometry pose.
[component_container-9] [INFO] [1788990965.913454647] [pure_pursuit_node]: Pure Pursuit: pose=(1.344, -0.659, -1.509) cte=0.006 closest=192 target=234 path_dist=0.006 heading_err=-0.013 steer=-0.031 speed=1.474
[ground_truth_amcl_monitor-7] [INFO] [1788990965.969184388] [ground_truth_amcl_monitor]: AMCL vs GT: gt=(1.377, -0.685) amcl=(1.347, -0.767) error=0.086 m / 0.000 rad; current_map=(1.348, -0.748, -1.509) error=0.069 m / 0.000 rad; odom=(1.395, -0.733, -1.509) error=0.051 m / 0.000 rad; ekf=(1.395, -0.733, -1.509) error=0.051 m / 0.000 rad; RMS=0.129 m / 0.005 rad max=0.283 m / 0.014 rad samples=122
[gpu_amcl_cpp_node-6] [INFO] [1788990966.017484225] [gpu_amcl_cpp]: AMCL local correction: odom_prediction=(1.352, -0.841, -1.516) scan=(1.360, -0.863, -1.511) correction=0.023 m/0.005 rad cluster_weight=0.943 publish=true
[gpu_amcl_cpp_node-6] [INFO] [1788990966.366590486] [gpu_amcl_cpp]: AMCL odom delta: at_scan=(4.490, 0.614, -0.002) baseline=(4.412, 0.614, 0.007) delta=(0.078, 0.000, -0.009) moved=true scan_age=0.051s
[component_container-9] [INFO] [1788990966.963390105] [pure_pursuit_node]: Pure Pursuit: pose=(1.350, -2.255, -1.660) cte=-0.017 closest=272 target=314 path_dist=0.017 heading_err=0.028 steer=-0.014 speed=1.454
[ground_truth_amcl_monitor-7] [INFO] [1788990966.969627927] [ground_truth_amcl_monitor]: AMCL vs GT: gt=(1.354, -2.135) amcl=(1.356, -2.168) error=0.033 m / 0.000 rad; current_map=(1.357, -2.178, -1.655) error=0.044 m / 0.000 rad; odom=(1.371, -2.227, -1.655) error=0.094 m / 0.000 rad; ekf=(1.371, -2.227, -1.655) error=0.094 m / 0.000 rad; RMS=0.115 m / 0.005 rad max=0.283 m / 0.014 rad samples=162
[gpu_amcl_cpp_node-6] [INFO] [1788990967.067494193] [gpu_amcl_cpp]: AMCL local correction: odom_prediction=(1.345, -2.310, -1.663) scan=(1.342, -2.290, -1.662) correction=0.020 m/0.002 rad cluster_weight=0.931 publish=true
[gpu_amcl_cpp_node-6] [INFO] [1788990967.364476287] [gpu_amcl_cpp]: Received LiDAR callback #101 (1081 ranges).
[gpu_amcl_cpp_node-6] [INFO] [1788990967.364531030] [gpu_amcl_cpp]: Starting AMCL scan update #101 (sampled from 1081 ranges).
[gpu_amcl_cpp_node-6] [INFO] [1788990967.365332569] [gpu_amcl_cpp]: AMCL scan update #101 completed; evaluating pose confidence.
[gpu_amcl_cpp_node-6] [INFO] [1788990967.414145280] [gpu_amcl_cpp]: AMCL odom delta: at_scan=(6.056, 0.505, -0.108) baseline=(5.983, 0.512, -0.106) delta=(0.073, -0.008, -0.002) moved=true scan_age=0.050s
[component_container-9] [INFO] [1788990967.964866101] [pure_pursuit_node]: Pure Pursuit: pose=(1.195, -3.623, -1.706) cte=-0.000 closest=341 target=383 path_dist=0.000 heading_err=0.001 steer=-0.011 speed=1.493
[ground_truth_amcl_monitor-7] [INFO] [1788990967.971792008] [ground_truth_amcl_monitor]: AMCL vs GT: gt=(1.191, -3.607) amcl=(1.201, -3.554) error=0.054 m / 0.000 rad; current_map=(1.204, -3.548, -1.703) error=0.060 m / 0.000 rad; odom=(1.207, -3.718, -1.703) error=0.112 m / 0.000 rad; ekf=(1.207, -3.718, -1.703) error=0.112 m / 0.000 rad; RMS=0.107 m / 0.005 rad max=0.283 m / 0.014 rad samples=202
[gpu_amcl_cpp_node-6] [INFO] [1788990968.072667417] [gpu_amcl_cpp]: AMCL local correction: odom_prediction=(1.182, -3.720, -1.709) scan=(1.188, -3.705, -1.708) correction=0.016 m/0.001 rad cluster_weight=0.926 publish=true
[gpu_amcl_cpp_node-6] [INFO] [1788990968.439160902] [gpu_amcl_cpp]: AMCL odom delta: at_scan=(7.578, 0.304, -0.157) baseline=(7.506, 0.316, -0.155) delta=(0.071, -0.011, -0.002) moved=true scan_age=0.050s
[component_container-9] [INFO] [1788990968.991196355] [pure_pursuit_node]: Pure Pursuit: pose=(0.946, -5.156, -1.759) cte=-0.001 closest=418 target=461 path_dist=0.001 heading_err=0.003 steer=-0.007 speed=1.494
[ground_truth_amcl_monitor-7] [INFO] [1788990968.994091344] [ground_truth_amcl_monitor]: AMCL vs GT: gt=(0.950, -5.118) amcl=(0.976, -5.006) error=0.115 m / 0.003 rad; current_map=(0.962, -5.083, -1.756) error=0.037 m / 0.000 rad; odom=(0.965, -5.232, -1.756) error=0.115 m / 0.000 rad; ekf=(0.965, -5.232, -1.756) error=0.115 m / 0.000 rad; RMS=0.106 m / 0.004 rad max=0.283 m / 0.014 rad samples=241
[gpu_amcl_cpp_node-6] [INFO] [1788990969.118144620] [gpu_amcl_cpp]: AMCL local correction: odom_prediction=(0.926, -5.256, -1.761) scan=(0.924, -5.266, -1.758) correction=0.010 m/0.003 rad cluster_weight=0.934 publish=true
[gpu_amcl_cpp_node-6] [INFO] [1788990969.446314305] [gpu_amcl_cpp]: AMCL odom delta: at_scan=(9.058, 0.033, -0.203) baseline=(8.979, 0.049, -0.200) delta=(0.079, -0.016, -0.002) moved=true scan_age=0.052s
[gpu_amcl_cpp_node-6] [WARN] [1788990969.919623287] [gpu_amcl_cpp]: Queued LiDAR scan until source-time odometry arrives (queued=1).
[ground_truth_amcl_monitor-7] [INFO] [1788990969.995802380] [ground_truth_amcl_monitor]: AMCL vs GT: gt=(0.646, -6.578) amcl=(0.660, -6.548) error=0.033 m / 0.000 rad; current_map=(0.659, -6.548, -1.794) error=0.033 m / 0.000 rad; odom=(0.662, -6.694, -1.794) error=0.117 m / 0.000 rad; ekf=(0.662, -6.694, -1.794) error=0.117 m / 0.000 rad; RMS=0.105 m / 0.004 rad max=0.283 m / 0.014 rad samples=276
[component_container-9] [INFO] [1788990970.041421398] [pure_pursuit_node]: Pure Pursuit: pose=(0.624, -6.699, -1.797) cte=-0.001 closest=497 target=539 path_dist=0.001 heading_err=0.002 steer=-0.006 speed=1.479
[gpu_amcl_cpp_node-6] [INFO] [1788990970.169704065] [gpu_amcl_cpp]: AMCL local correction: odom_prediction=(0.604, -6.798, -1.799) scan=(0.609, -6.781, -1.795) correction=0.017 m/0.004 rad cluster_weight=0.979 publish=true
[gpu_amcl_cpp_node-6] [INFO] [1788990970.494909378] [gpu_amcl_cpp]: AMCL odom delta: at_scan=(10.590, -0.312, -0.240) baseline=(10.515, -0.294, -0.237) delta=(0.074, -0.018, -0.003) moved=true scan_age=0.052s
[ground_truth_amcl_monitor-7] [INFO] [1788990971.017308940] [ground_truth_amcl_monitor]: AMCL vs GT: gt=(0.283, -8.046) amcl=(0.321, -7.936) error=0.116 m / 0.009 rad; current_map=(0.293, -8.036, -1.848) error=0.014 m / 0.000 rad; odom=(0.293, -8.185, -1.848) error=0.139 m / 0.000 rad; ekf=(0.293, -8.185, -1.848) error=0.139 m / 0.000 rad; RMS=0.103 m / 0.004 rad max=0.283 m / 0.014 rad samples=311
[component_container-9] [INFO] [1788990971.067339162] [pure_pursuit_node]: Pure Pursuit: pose=(0.249, -8.185, -1.861) cte=0.002 closest=574 target=616 path_dist=0.002 heading_err=0.006 steer=-0.042 speed=1.444
[gpu_amcl_cpp_node-6] [INFO] [1788990971.195855287] [gpu_amcl_cpp]: AMCL local correction: odom_prediction=(0.226, -8.272, -1.872) scan=(0.230, -8.256, -1.870) correction=0.017 m/0.002 rad cluster_weight=0.991 publish=true
[gpu_amcl_cpp_node-6] [INFO] [1788990971.540597753] [gpu_amcl_cpp]: AMCL odom delta: at_scan=(12.088, -0.754, -0.374) baseline=(11.990, -0.717, -0.358) delta=(0.097, -0.037, -0.016) moved=true scan_age=0.053s
[ground_truth_amcl_monitor-7] [INFO] [1788990972.051867783] [ground_truth_amcl_monitor]: AMCL vs GT: gt=(-0.250, -9.369) amcl=(-0.197, -9.293) error=0.093 m / 0.026 rad; current_map=(-0.235, -9.357, -2.125) error=0.019 m / 0.000 rad; odom=(-0.275, -9.592, -2.125) error=0.224 m / 0.000 rad; ekf=(-0.275, -9.592, -2.125) error=0.224 m / 0.000 rad; RMS=0.101 m / 0.005 rad max=0.283 m / 0.029 rad samples=347
[component_container-9] [INFO] [1788990972.113518297] [pure_pursuit_node]: Pure Pursuit: pose=(-0.332, -9.502, -2.192) cte=0.014 closest=646 target=688 path_dist=0.014 heading_err=0.027 steer=-0.197 speed=1.332
[gpu_amcl_cpp_node-6] [INFO] [1788990972.219665015] [gpu_amcl_cpp]: AMCL local correction: odom_prediction=(-0.368, -9.543, -2.234) scan=(-0.360, -9.536, -2.228) correction=0.010 m/0.006 rad cluster_weight=0.998 publish=true
[gpu_amcl_cpp_node-6] [INFO] [1788990972.388890937] [gpu_amcl_cpp]: Received LiDAR callback #194 (1081 ranges).
[gpu_amcl_cpp_node-6] [INFO] [1788990972.388967481] [gpu_amcl_cpp]: Starting AMCL scan update #194 (sampled from 1081 ranges).
[gpu_amcl_cpp_node-6] [INFO] [1788990972.390069104] [gpu_amcl_cpp]: AMCL scan update #194 completed; evaluating pose confidence.
[gpu_amcl_cpp_node-6] [INFO] [1788990972.545185829] [gpu_amcl_cpp]: AMCL odom delta: at_scan=(13.280, -1.546, -0.932) baseline=(13.236, -1.490, -0.885) delta=(0.044, -0.056, -0.047) moved=true scan_age=0.054s
[ground_truth_amcl_monitor-7] [INFO] [1788990973.115955199] [ground_truth_amcl_monitor]: AMCL vs GT: gt=(-1.352, -10.109) amcl=(-1.251, -10.071) error=0.108 m / 0.073 rad; current_map=(-1.348, -10.082, -3.066) error=0.027 m / 0.000 rad; odom=(-1.464, -10.395, -3.066) error=0.307 m / 0.000 rad; ekf=(-1.464, -10.395, -3.066) error=0.307 m / 0.000 rad; RMS=0.099 m / 0.012 rad max=0.283 m / 0.073 rad samples=385
[component_container-9] [INFO] [1788990973.164854161] [pure_pursuit_node]: Pure Pursuit: pose=(-1.490, -10.085, 3.108) cte=0.019 closest=715 target=757 path_dist=0.019 heading_err=-0.064 steer=-0.283 speed=1.322
[gpu_amcl_cpp_node-6] [INFO] [1788990973.222147323] [gpu_amcl_cpp]: AMCL local correction: odom_prediction=(-1.488, -10.084, 3.105) scan=(-1.477, -10.084, 3.121) correction=0.012 m/0.016 rad cluster_weight=0.996 publish=true
[gpu_amcl_cpp_node-6] [INFO] [1788990973.567883024] [gpu_amcl_cpp]: AMCL odom delta: at_scan=(13.443, -2.887, -1.996) baseline=(13.472, -2.818, -1.938) delta=(-0.029, -0.069, -0.058) moved=true scan_age=0.054s
[ground_truth_amcl_monitor-7] [INFO] [1788990974.117161089] [ground_truth_amcl_monitor]: AMCL vs GT: gt=(-2.484, -9.534) amcl=(-2.456, -9.546) error=0.031 m / 0.050 rad; current_map=(-2.519, -9.464, 2.209) error=0.078 m / 0.000 rad; odom=(-2.697, -9.772, 2.209) error=0.319 m / 0.000 rad; ekf=(-2.697, -9.772, 2.209) error=0.319 m / 0.000 rad; RMS=0.096 m / 0.017 rad max=0.283 m / 0.078 rad samples=419
[component_container-9] [INFO] [1788990974.165990790] [pure_pursuit_node]: Pure Pursuit: pose=(-2.604, -9.342, 2.143) cte=-0.026 closest=785 target=827 path_dist=0.026 heading_err=-0.028 steer=-0.132 speed=1.395
[gpu_amcl_cpp_node-6] [INFO] [1788990974.224930751] [gpu_amcl_cpp]: AMCL local correction: odom_prediction=(-2.593, -9.345, 2.143) scan=(-2.585, -9.357, 2.152) correction=0.015 m/0.008 rad cluster_weight=0.965 publish=true
[gpu_amcl_cpp_node-6] [INFO] [1788990974.618268050] [gpu_amcl_cpp]: AMCL odom delta: at_scan=(12.278, -3.853, -2.755) baseline=(12.349, -3.823, -2.735) delta=(-0.071, -0.030, -0.020) moved=true scan_age=0.053s
[ground_truth_amcl_monitor-7] [INFO] [1788990975.121670731] [ground_truth_amcl_monitor]: AMCL vs GT: gt=(-3.023, -8.245) amcl=(-3.008, -8.278) error=0.036 m / 0.014 rad; current_map=(-3.025, -8.202, 1.791) error=0.043 m / 0.000 rad; odom=(-3.273, -8.402, 1.791) error=0.296 m / 0.000 rad; ekf=(-3.273, -8.402, 1.791) error=0.296 m / 0.000 rad; RMS=0.093 m / 0.017 rad max=0.283 m / 0.078 rad samples=455
[component_container-9] [INFO] [1788990975.188541750] [pure_pursuit_node]: Pure Pursuit: pose=(-3.062, -8.026, 1.760) cte=0.012 closest=855 target=897 path_dist=0.012 heading_err=-0.016 steer=-0.057 speed=1.432
[gpu_amcl_cpp_node-6] [INFO] [1788990975.249906325] [gpu_amcl_cpp]: AMCL local correction: odom_prediction=(-3.059, -8.033, 1.759) scan=(-3.048, -8.052, 1.773) correction=0.021 m/0.013 rad cluster_weight=0.979 publish=true
[gpu_amcl_cpp_node-6] [INFO] [1788990975.644236851] [gpu_amcl_cpp]: AMCL odom delta: at_scan=(10.784, -4.195, -3.049) baseline=(10.862, -4.187, -3.037) delta=(-0.078, -0.008, -0.011) moved=true scan_age=0.052s
[ground_truth_amcl_monitor-7] [INFO] [1788990976.167057669] [ground_truth_amcl_monitor]: AMCL vs GT: gt=(-3.162, -6.747) amcl=(-3.153, -6.821) error=0.074 m / 0.011 rad; current_map=(-3.151, -6.745, 1.543) error=0.011 m / 0.000 rad; odom=(-3.419, -6.846, 1.543) error=0.276 m / 0.000 rad; ekf=(-3.419, -6.846, 1.543) error=0.276 m / 0.000 rad; RMS=0.091 m / 0.017 rad max=0.283 m / 0.078 rad samples=491
[component_container-9] [INFO] [1788990976.215637188] [pure_pursuit_node]: Pure Pursuit: pose=(-3.145, -6.592, 1.520) cte=0.002 closest=927 target=969 path_dist=0.002 heading_err=-0.010 steer=-0.048 speed=1.471
[gpu_amcl_cpp_node-6] [INFO] [1788990976.273900685] [gpu_amcl_cpp]: AMCL local correction: odom_prediction=(-3.143, -6.596, 1.520) scan=(-3.141, -6.598, 1.521) correction=0.003 m/0.001 rad cluster_weight=0.988 publish=true
[gpu_amcl_cpp_node-6] [INFO] [1788990976.668079583] [gpu_amcl_cpp]: AMCL odom delta: at_scan=(9.255, -4.159, 3.011) baseline=(9.334, -4.169, 3.022) delta=(-0.079, 0.010, -0.011) moved=true scan_age=0.052s
[ground_truth_amcl_monitor-7] [INFO] [1788990977.192335830] [ground_truth_amcl_monitor]: AMCL vs GT: gt=(-2.963, -5.268) amcl=(-2.946, -5.305) error=0.041 m / 0.009 rad; current_map=(-2.928, -5.229, 1.337) error=0.052 m / 0.000 rad; odom=(-3.215, -5.326, 1.337) error=0.258 m / 0.000 rad; ekf=(-3.215, -5.326, 1.337) error=0.258 m / 0.000 rad; RMS=0.089 m / 0.016 rad max=0.283 m / 0.078 rad samples=527
[component_container-9] [INFO] [1788990977.243871613] [pure_pursuit_node]: Pure Pursuit: pose=(-2.891, -5.078, 1.321) cte=0.006 closest=1004 target=1046 path_dist=0.006 heading_err=-0.000 steer=-0.022 speed=1.449
[gpu_amcl_cpp_node-6] [INFO] [1788990977.317562739] [gpu_amcl_cpp]: AMCL local correction: odom_prediction=(-2.880, -5.048, 1.320) scan=(-2.902, -5.078, 1.314) correction=0.037 m/0.006 rad cluster_weight=0.935 publish=true
[gpu_amcl_cpp_node-6] [INFO] [1788990977.417864823] [gpu_amcl_cpp]: Received LiDAR callback #282 (1081 ranges).
[gpu_amcl_cpp_node-6] [INFO] [1788990977.417926129] [gpu_amcl_cpp]: Starting AMCL scan update #282 (sampled from 1081 ranges).
[gpu_amcl_cpp_node-6] [INFO] [1788990977.419042710] [gpu_amcl_cpp]: AMCL scan update #282 completed; evaluating pose confidence.
[gpu_amcl_cpp_node-6] [INFO] [1788990977.716675822] [gpu_amcl_cpp]: AMCL odom delta: at_scan=(7.726, -3.812, 2.859) baseline=(7.800, -3.833, 2.862) delta=(-0.074, 0.021, -0.003) moved=true scan_age=0.052s
[ground_truth_amcl_monitor-7] [INFO] [1788990978.221405211] [ground_truth_amcl_monitor]: AMCL vs GT: gt=(-2.562, -3.811) amcl=(-2.549, -3.847) error=0.038 m / 0.001 rad; current_map=(-2.529, -3.774, 1.300) error=0.050 m / 0.000 rad; odom=(-2.807, -3.844, 1.300) error=0.247 m / 0.000 rad; ekf=(-2.807, -3.844, 1.300) error=0.247 m / 0.000 rad; RMS=0.087 m / 0.016 rad max=0.283 m / 0.078 rad samples=563
[component_container-9] [INFO] [1788990978.289690871] [pure_pursuit_node]: Pure Pursuit: pose=(-2.481, -3.600, 1.298) cte=-0.009 closest=1081 target=1123 path_dist=0.009 heading_err=0.001 steer=-0.007 speed=1.478
[gpu_amcl_cpp_node-6] [INFO] [1788990978.346774196] [gpu_amcl_cpp]: AMCL local correction: odom_prediction=(-2.482, -3.594, 1.298) scan=(-2.474, -3.584, 1.292) correction=0.013 m/0.006 rad cluster_weight=0.953 publish=true
[gpu_amcl_cpp_node-6] [INFO] [1788990978.718045913] [gpu_amcl_cpp]: AMCL odom delta: at_scan=(6.284, -3.404, 2.863) baseline=(6.360, -3.426, 2.862) delta=(-0.075, 0.022, 0.001) moved=true scan_age=0.053s
[ground_truth_amcl_monitor-7] [INFO] [1788990979.244276950] [ground_truth_amcl_monitor]: AMCL vs GT: gt=(-2.149, -2.361) amcl=(-2.152, -2.411) error=0.049 m / 0.002 rad; current_map=(-2.131, -2.335, 1.299) error=0.032 m / 0.000 rad; odom=(-2.387, -2.370, 1.299) error=0.238 m / 0.000 rad; ekf=(-2.387, -2.370, 1.299) error=0.238 m / 0.000 rad; RMS=0.085 m / 0.015 rad max=0.283 m / 0.078 rad samples=597
[component_container-9] [INFO] [1788990979.296284270] [pure_pursuit_node]: Pure Pursuit: pose=(-2.088, -2.183, 1.302) cte=-0.004 closest=1154 target=1196 path_dist=0.004 heading_err=0.011 steer=0.008 speed=1.485
[gpu_amcl_cpp_node-6] [INFO] [1788990979.368609003] [gpu_amcl_cpp]: AMCL local correction: odom_prediction=(-2.080, -2.160, 1.303) scan=(-2.086, -2.185, 1.294) correction=0.026 m/0.009 rad cluster_weight=0.953 publish=true
[gpu_amcl_cpp_node-6] [INFO] [1788990979.769210162] [gpu_amcl_cpp]: AMCL odom delta: at_scan=(4.768, -2.984, 2.891) baseline=(4.844, -3.004, 2.888) delta=(-0.076, 0.020, 0.002) moved=true scan_age=0.053s
[ground_truth_amcl_monitor-7] [INFO] [1788990980.245403873] [ground_truth_amcl_monitor]: AMCL vs GT: gt=(-1.778, -0.925) amcl=(-1.763, -0.899) error=0.030 m / 0.000 rad; current_map=(-1.764, -0.909, 1.335) error=0.022 m / 0.000 rad; odom=(-2.013, -0.924, 1.335) error=0.236 m / 0.000 rad; ekf=(-2.013, -0.924, 1.335) error=0.236 m / 0.000 rad; RMS=0.084 m / 0.015 rad max=0.283 m / 0.078 rad samples=632
[component_container-9] [INFO] [1788990980.346062307] [pure_pursuit_node]: Pure Pursuit: pose=(-1.708, -0.668, 1.343) cte=-0.003 closest=1232 target=1274 path_dist=0.003 heading_err=0.000 steer=0.008 speed=1.485
[gpu_amcl_cpp_node-6] [INFO] [1788990980.418038232] [gpu_amcl_cpp]: AMCL local correction: odom_prediction=(-1.702, -0.642, 1.344) scan=(-1.708, -0.661, 1.332) correction=0.019 m/0.011 rad cluster_weight=0.954 publish=true
[gpu_amcl_cpp_node-6] [INFO] [1788990980.776405775] [gpu_amcl_cpp]: AMCL odom delta: at_scan=(3.306, -2.637, 2.929) baseline=(3.389, -2.655, 2.926) delta=(-0.082, 0.018, 0.003) moved=true scan_age=0.057s
[ground_truth_amcl_monitor-7] [INFO] [1788990981.272319281] [ground_truth_amcl_monitor]: AMCL vs GT: gt=(-1.458, 0.563) amcl=(-1.461, 0.509) error=0.054 m / 0.004 rad; current_map=(-1.447, 0.586, 1.392) error=0.025 m / 0.000 rad; odom=(-1.690, 0.583, 1.392) error=0.232 m / 0.000 rad; ekf=(-1.690, 0.583, 1.392) error=0.232 m / 0.000 rad; RMS=0.083 m / 0.014 rad max=0.283 m / 0.078 rad samples=667
[component_container-9] [INFO] [1788990981.391225390] [pure_pursuit_node]: Pure Pursuit: pose=(-1.403, 0.858, 1.404) cte=-0.007 closest=1310 target=1352 path_dist=0.007 heading_err=0.002 steer=0.018 speed=1.447
[gpu_amcl_cpp_node-6] [INFO] [1788990981.448035600] [gpu_amcl_cpp]: AMCL local correction: odom_prediction=(-1.403, 0.871, 1.405) scan=(-1.403, 0.832, 1.394) correction=0.039 m/0.011 rad cluster_weight=0.921 publish=true
[gpu_amcl_cpp_node-6] [INFO] [1788990981.788185421] [gpu_amcl_cpp]: AMCL odom delta: at_scan=(1.806, -2.368, 3.013) baseline=(1.909, -2.382, 3.002) delta=(-0.103, 0.014, 0.011) moved=true scan_age=0.051s
[ground_truth_amcl_monitor-7] [INFO] [1788990982.293738748] [ground_truth_amcl_monitor]: AMCL vs GT: gt=(-1.284, 2.025) amcl=(-1.271, 2.005) error=0.023 m / 0.017 rad; current_map=(-1.269, 2.083, 1.559) error=0.060 m / 0.000 rad; odom=(-1.509, 2.102, 1.559) error=0.238 m / 0.000 rad; ekf=(-1.511, 2.024, 1.542) error=0.227 m / 0.017 rad; RMS=0.081 m / 0.014 rad max=0.283 m / 0.078 rad samples=703
[component_container-9] [INFO] [1788990982.412671326] [pure_pursuit_node]: Pure Pursuit: pose=(-1.275, 2.340, 1.624) cte=-0.009 closest=1385 target=1427 path_dist=0.009 heading_err=-0.001 steer=0.111 speed=1.341
[gpu_amcl_cpp_node-6] [INFO] [1788990982.466775331] [gpu_amcl_cpp]: Received LiDAR callback #369 (1081 ranges).
[gpu_amcl_cpp_node-6] [INFO] [1788990982.466839592] [gpu_amcl_cpp]: Starting AMCL scan update #369 (sampled from 1081 ranges).
[gpu_amcl_cpp_node-6] [INFO] [1788990982.468191818] [gpu_amcl_cpp]: AMCL scan update #369 completed; evaluating pose confidence.
[gpu_amcl_cpp_node-6] [INFO] [1788990982.470074081] [gpu_amcl_cpp]: AMCL local correction: odom_prediction=(-1.273, 2.337, 1.626) scan=(-1.274, 2.339, 1.622) correction=0.002 m/0.005 rad cluster_weight=0.980 publish=true
[gpu_amcl_cpp_node-6] [INFO] [1788990982.791983867] [gpu_amcl_cpp]: AMCL odom delta: at_scan=(0.583, -2.336, -2.992) baseline=(0.640, -2.328, -3.023) delta=(-0.057, -0.008, 0.031) moved=true scan_age=0.050s
[ground_truth_amcl_monitor-7] [INFO] [1788990983.296966307] [ground_truth_amcl_monitor]: AMCL vs GT: gt=(-1.474, 3.147) amcl=(-1.460, 3.171) error=0.027 m / 0.000 rad; current_map=(-1.460, 3.175, 1.969) error=0.032 m / 0.000 rad; odom=(-1.703, 3.222, 1.969) error=0.241 m / 0.000 rad; ekf=(-1.703, 3.222, 1.969) error=0.241 m / 0.000 rad; RMS=0.080 m / 0.014 rad max=0.283 m / 0.078 rad samples=740
[component_container-9] [INFO] [1788990983.462295082] [pure_pursuit_node]: Pure Pursuit: pose=(-1.595, 3.422, 2.161) cte=-0.032 closest=1442 target=1484 path_dist=0.032 heading_err=-0.063 steer=0.319 speed=1.216
[gpu_amcl_cpp_node-6] [INFO] [1788990983.518292772] [gpu_amcl_cpp]: AMCL local correction: odom_prediction=(-1.591, 3.411, 2.166) scan=(-1.594, 3.398, 2.152) correction=0.013 m/0.014 rad cluster_weight=0.987 publish=true
[gpu_amcl_cpp_node-6] [INFO] [1788990983.792148468] [gpu_amcl_cpp]: AMCL odom delta: at_scan=(-0.574, -2.877, -2.230) baseline=(-0.534, -2.828, -2.290) delta=(-0.040, -0.049, 0.060) moved=true scan_age=0.053s
[ground_truth_amcl_monitor-7] [INFO] [1788990984.317964197] [ground_truth_amcl_monitor]: AMCL vs GT: gt=(-2.368, 3.793) amcl=(-2.318, 3.841) error=0.069 m / 0.082 rad; current_map=(-2.383, 3.839, -3.062) error=0.048 m / 0.000 rad; odom=(-2.665, 3.919, -3.062) error=0.322 m / 0.000 rad; ekf=(-2.665, 3.919, -3.062) error=0.322 m / 0.000 rad; RMS=0.079 m / 0.018 rad max=0.283 m / 0.106 rad samples=775
[component_container-9] [INFO] [1788990984.489400377] [pure_pursuit_node]: Pure Pursuit: pose=(-2.641, 3.759, -2.707) cte=-0.007 closest=1505 target=1547 path_dist=0.007 heading_err=0.091 steer=0.410 speed=1.302
[gpu_amcl_cpp_node-6] [INFO] [1788990984.549851930] [gpu_amcl_cpp]: AMCL local correction: odom_prediction=(-2.628, 3.756, -2.701) scan=(-2.618, 3.760, -2.711) correction=0.011 m/0.010 rad cluster_weight=0.986 publish=true
[gpu_amcl_cpp_node-6] [INFO] [1788990984.817765430] [gpu_amcl_cpp]: AMCL odom delta: at_scan=(-0.465, -4.034, -0.719) baseline=(-0.514, -3.987, -0.789) delta=(0.050, -0.047, 0.070) moved=true scan_age=0.051s
[ground_truth_amcl_monitor-7] [INFO] [1788990985.340805922] [ground_truth_amcl_monitor]: AMCL vs GT: gt=(-3.159, 2.902) amcl=(-3.123, 2.944) error=0.055 m / 0.041 rad; current_map=(-3.147, 2.842, -1.779) error=0.062 m / 0.000 rad; odom=(-3.535, 2.953, -1.779) error=0.380 m / 0.000 rad; ekf=(-3.535, 2.953, -1.779) error=0.380 m / 0.000 rad; RMS=0.078 m / 0.021 rad max=0.283 m / 0.113 rad samples=811
[component_container-9] [INFO] [1788990985.512147012] [pure_pursuit_node]: Pure Pursuit: pose=(-3.192, 2.504, -1.690) cte=0.035 closest=1576 target=1618 path_dist=0.035 heading_err=0.002 steer=0.032 speed=1.400
[gpu_amcl_cpp_node-6] [INFO] [1788990985.569294465] [gpu_amcl_cpp]: AMCL local correction: odom_prediction=(-3.195, 2.526, -1.692) scan=(-3.201, 2.582, -1.683) correction=0.056 m/0.009 rad cluster_weight=0.941 publish=true
[gpu_amcl_cpp_node-6] [INFO] [1788990985.842778589] [gpu_amcl_cpp]: AMCL odom delta: at_scan=(0.951, -4.431, -0.087) baseline=(0.876, -4.425, -0.091) delta=(0.075, -0.007, 0.004) moved=true scan_age=0.051s
[ground_truth_amcl_monitor-7] [INFO] [1788990986.365991452] [ground_truth_amcl_monitor]: AMCL vs GT: gt=(-3.309, 1.491) amcl=(-3.286, 1.514) error=0.033 m / 0.009 rad; current_map=(-3.294, 1.440, -1.679) error=0.053 m / 0.000 rad; odom=(-3.698, 1.437, -1.679) error=0.393 m / 0.000 rad; ekf=(-3.698, 1.437, -1.679) error=0.393 m / 0.000 rad; RMS=0.077 m / 0.020 rad max=0.283 m / 0.113 rad samples=847
[component_container-9] [INFO] [1788990986.536629939] [pure_pursuit_node]: Pure Pursuit: pose=(-3.337, 1.125, -1.728) cte=0.015 closest=1645 target=1688 path_dist=0.015 heading_err=0.018 steer=-0.078 speed=1.370
[gpu_amcl_cpp_node-6] [INFO] [1788990986.594834211] [gpu_amcl_cpp]: AMCL local correction: odom_prediction=(-3.335, 1.144, -1.729) scan=(-3.337, 1.183, -1.718) correction=0.039 m/0.011 rad cluster_weight=0.982 publish=true
[gpu_amcl_cpp_node-6] [INFO] [1788990986.863798977] [gpu_amcl_cpp]: AMCL odom delta: at_scan=(2.388, -4.608, -0.244) baseline=(2.359, -4.601, -0.230) delta=(0.029, -0.007, -0.014) moved=true scan_age=0.050s
[ground_truth_amcl_monitor-7] [INFO] [1788990987.368026803] [ground_truth_amcl_monitor]: AMCL vs GT: gt=(-3.590, 0.312) amcl=(-3.572, 0.343) error=0.036 m / 0.000 rad; current_map=(-3.573, 0.341, -1.991) error=0.034 m / 0.000 rad; odom=(-3.973, 0.273, -1.991) error=0.385 m / 0.000 rad; ekf=(-3.973, 0.273, -1.991) error=0.385 m / 0.000 rad; RMS=0.076 m / 0.020 rad max=0.283 m / 0.113 rad samples=884
[gpu_amcl_cpp_node-6] [INFO] [1788990987.516122118] [gpu_amcl_cpp]: Received LiDAR callback #459 (1081 ranges).
[gpu_amcl_cpp_node-6] [INFO] [1788990987.516183744] [gpu_amcl_cpp]: Starting AMCL scan update #459 (sampled from 1081 ranges).
[gpu_amcl_cpp_node-6] [INFO] [1788990987.517313420] [gpu_amcl_cpp]: AMCL scan update #459 completed; evaluating pose confidence.
[component_container-9] [INFO] [1788990987.605258049] [pure_pursuit_node]: Pure Pursuit: pose=(-3.731, 0.049, -2.187) cte=0.013 closest=1704 target=1746 path_dist=0.013 heading_err=-0.032 steer=-0.270 speed=1.257
[gpu_amcl_cpp_node-6] [INFO] [1788990987.610225228] [gpu_amcl_cpp]: AMCL local correction: odom_prediction=(-3.679, 0.129, -2.165) scan=(-3.707, 0.090, -2.157) correction=0.047 m/0.007 rad cluster_weight=0.985 publish=true
[gpu_amcl_cpp_node-6] [INFO] [1788990987.869831949] [gpu_amcl_cpp]: AMCL odom delta: at_scan=(3.346, -5.104, -0.823) baseline=(3.298, -5.056, -0.764) delta=(0.047, -0.048, -0.059) moved=true scan_age=0.052s
[ground_truth_amcl_monitor-7] [INFO] [1788990988.388515461] [ground_truth_amcl_monitor]: AMCL vs GT: gt=(-4.483, -0.456) amcl=(-4.379, -0.452) error=0.104 m / 0.080 rad; current_map=(-4.465, -0.471, -2.966) error=0.024 m / 0.000 rad; odom=(-4.898, -0.491, -2.966) error=0.417 m / 0.000 rad; ekf=(-4.898, -0.491, -2.966) error=0.417 m / 0.000 rad; RMS=0.076 m / 0.021 rad max=0.283 m / 0.113 rad samples=919
[component_container-9] [INFO] [1788990988.611721727] [pure_pursuit_node]: Pure Pursuit: pose=(-4.799, -0.475, 2.980) cte=0.007 closest=1766 target=1808 path_dist=0.007 heading_err=0.043 steer=-0.332 speed=1.278
[gpu_amcl_cpp_node-6] [INFO] [1788990988.616711960] [gpu_amcl_cpp]: AMCL local correction: odom_prediction=(-4.731, -0.486, 3.041) scan=(-4.722, -0.484, 3.056) correction=0.009 m/0.015 rad cluster_weight=0.978 publish=true
[gpu_amcl_cpp_node-6] [INFO] [1788990988.889833496] [gpu_amcl_cpp]: AMCL odom delta: at_scan=(3.562, -6.332, -2.013) baseline=(3.598, -6.247, -1.928) delta=(-0.036, -0.085, -0.084) moved=true scan_age=0.052s
[ground_truth_amcl_monitor-7] [INFO] [1788990989.394241746] [ground_truth_amcl_monitor]: AMCL vs GT: gt=(-5.554, 0.054) amcl=(-5.499, -0.000) error=0.078 m / 0.045 rad; current_map=(-5.542, 0.060, 2.173) error=0.013 m / 0.000 rad; odom=(-6.053, 0.055, 2.173) error=0.499 m / 0.000 rad; ekf=(-6.053, 0.055, 2.173) error=0.499 m / 0.000 rad; RMS=0.076 m / 0.023 rad max=0.283 m / 0.113 rad samples=955
[component_container-9] [INFO] [1788990989.619283687] [pure_pursuit_node]: Pure Pursuit: pose=(-5.730, 0.411, 1.976) cte=-0.037 closest=1833 target=1875 path_dist=0.037 heading_err=-0.026 steer=-0.118 speed=1.379
[gpu_amcl_cpp_node-6] [INFO] [1788990989.624886011] [gpu_amcl_cpp]: AMCL local correction: odom_prediction=(-5.695, 0.339, 2.010) scan=(-5.687, 0.324, 2.013) correction=0.017 m/0.004 rad cluster_weight=0.970 publish=true
[gpu_amcl_cpp_node-6] [INFO] [1788990989.915688465] [gpu_amcl_cpp]: AMCL odom delta: at_scan=(2.406, -7.170, -2.847) baseline=(2.478, -7.148, -2.828) delta=(-0.072, -0.023, -0.019) moved=true scan_age=0.052s
[ground_truth_amcl_monitor-7] [INFO] [1788990990.420060253] [ground_truth_amcl_monitor]: AMCL vs GT: gt=(-6.006, 1.390) amcl=(-5.980, 1.312) error=0.082 m / 0.008 rad; current_map=(-5.994, 1.389, 1.749) error=0.011 m / 0.000 rad; odom=(-6.540, 1.486, 1.749) error=0.543 m / 0.000 rad; ekf=(-6.526, 1.409, 1.757) error=0.521 m / 0.008 rad; RMS=0.075 m / 0.022 rad max=0.283 m / 0.113 rad samples=991
[component_container-9] [INFO] [1788990990.640487436] [pure_pursuit_node]: Pure Pursuit: pose=(-6.059, 1.776, 1.714) cte=-0.008 closest=1903 target=1945 path_dist=0.008 heading_err=0.019 steer=-0.032 speed=1.464
[gpu_amcl_cpp_node-6] [INFO] [1788990990.645992919] [gpu_amcl_cpp]: AMCL local correction: odom_prediction=(-6.046, 1.697, 1.720) scan=(-6.045, 1.693, 1.716) correction=0.004 m/0.004 rad cluster_weight=0.948 publish=true
[gpu_amcl_cpp_node-6] [INFO] [1788990990.920713281] [gpu_amcl_cpp]: AMCL odom delta: at_scan=(0.930, -7.450, -3.030) baseline=(1.007, -7.441, -3.022) delta=(-0.077, -0.009, -0.007) moved=true scan_age=0.052s
[ground_truth_amcl_monitor-7] [INFO] [1788990991.440695388] [ground_truth_amcl_monitor]: AMCL vs GT: gt=(-6.170, 2.875) amcl=(-6.151, 2.771) error=0.106 m / 0.008 rad; current_map=(-6.154, 2.848, 1.611) error=0.032 m / 0.000 rad; odom=(-6.709, 3.005, 1.611) error=0.555 m / 0.000 rad; ekf=(-6.709, 3.005, 1.611) error=0.555 m / 0.000 rad; RMS=0.075 m / 0.022 rad max=0.283 m / 0.113 rad samples=1027
[component_container-9] [INFO] [1788990991.664261788] [pure_pursuit_node]: Pure Pursuit: pose=(-6.165, 3.255, 1.568) cte=-0.002 closest=1977 target=2019 path_dist=0.002 heading_err=-0.003 steer=-0.044 speed=1.473
[gpu_amcl_cpp_node-6] [INFO] [1788990991.668637354] [gpu_amcl_cpp]: AMCL local correction: odom_prediction=(-6.166, 3.179, 1.575) scan=(-6.165, 3.192, 1.572) correction=0.012 m/0.003 rad cluster_weight=0.964 publish=true
[gpu_amcl_cpp_node-6] [INFO] [1788990991.941765348] [gpu_amcl_cpp]: AMCL odom delta: at_scan=(-0.598, -7.509, 3.095) baseline=(-0.522, -7.512, 3.106) delta=(-0.076, 0.003, -0.010) moved=true scan_age=0.051s
[ground_truth_amcl_monitor-7] [INFO] [1788990992.445983360] [ground_truth_amcl_monitor]: AMCL vs GT: gt=(-6.100, 4.350) amcl=(-6.101, 4.259) error=0.091 m / 0.012 rad; current_map=(-6.091, 4.335, 1.426) error=0.018 m / 0.000 rad; odom=(-6.639, 4.504, 1.426) error=0.560 m / 0.000 rad; ekf=(-6.639, 4.504, 1.426) error=0.560 m / 0.000 rad; RMS=0.076 m / 0.022 rad max=0.283 m / 0.113 rad samples=1063
[gpu_amcl_cpp_node-6] [INFO] [1788990992.565657557] [gpu_amcl_cpp]: Received LiDAR callback #548 (1081 ranges).
[gpu_amcl_cpp_node-6] [INFO] [1788990992.565716698] [gpu_amcl_cpp]: Starting AMCL scan update #548 (sampled from 1081 ranges).
[gpu_amcl_cpp_node-6] [INFO] [1788990992.566214626] [gpu_amcl_cpp]: AMCL scan update #548 completed; evaluating pose confidence.
[component_container-9] [INFO] [1788990992.667427615] [pure_pursuit_node]: Pure Pursuit: pose=(-6.016, 4.733, 1.365) cte=0.000 closest=2051 target=2094 path_dist=0.000 heading_err=0.003 steer=-0.052 speed=1.467
[gpu_amcl_cpp_node-6] [INFO] [1788990992.672995375] [gpu_amcl_cpp]: AMCL local correction: odom_prediction=(-6.032, 4.656, 1.376) scan=(-6.034, 4.654, 1.376) correction=0.002 m/0.000 rad cluster_weight=0.985 publish=true
[gpu_amcl_cpp_node-6] [INFO] [1788990992.964467013] [gpu_amcl_cpp]: AMCL odom delta: at_scan=(-2.109, -7.282, 2.878) baseline=(-2.007, -7.309, 2.895) delta=(-0.102, 0.027, -0.016) moved=true scan_age=0.051s
[ground_truth_amcl_monitor-7] [INFO] [1788990993.470302817] [ground_truth_amcl_monitor]: AMCL vs GT: gt=(-5.714, 5.779) amcl=(-5.723, 5.699) error=0.080 m / 0.015 rad; current_map=(-5.694, 5.769, 1.173) error=0.022 m / 0.000 rad; odom=(-6.239, 5.979, 1.173) error=0.562 m / 0.000 rad; ekf=(-6.239, 5.979, 1.173) error=0.562 m / 0.000 rad; RMS=0.075 m / 0.021 rad max=0.283 m / 0.113 rad samples=1099
[component_container-9] [INFO] [1788990993.712405003] [pure_pursuit_node]: Pure Pursuit: pose=(-5.512, 6.153, 1.093) cte=0.004 closest=2127 target=2169 path_dist=0.004 heading_err=-0.011 steer=-0.090 speed=1.380
[gpu_amcl_cpp_node-6] [INFO] [1788990993.717161024] [gpu_amcl_cpp]: AMCL local correction: odom_prediction=(-5.548, 6.090, 1.106) scan=(-5.551, 6.067, 1.111) correction=0.023 m/0.005 rad cluster_weight=0.994 publish=true
[gpu_amcl_cpp_node-6] [INFO] [1788990993.971171092] [gpu_amcl_cpp]: AMCL odom delta: at_scan=(-3.487, -6.701, 2.584) baseline=(-3.420, -6.742, 2.604) delta=(-0.067, 0.041, -0.020) moved=true scan_age=0.051s
[ground_truth_amcl_monitor-7] [INFO] [1788990994.492516334] [ground_truth_amcl_monitor]: AMCL vs GT: gt=(-4.956, 6.941) amcl=(-4.998, 6.876) error=0.077 m / 0.028 rad; current_map=(-4.944, 6.927, 0.753) error=0.018 m / 0.000 rad; odom=(-5.421, 7.238, 0.753) error=0.551 m / 0.000 rad; ekf=(-5.421, 7.238, 0.753) error=0.551 m / 0.000 rad; RMS=0.075 m / 0.021 rad max=0.283 m / 0.113 rad samples=1135
[component_container-9] [INFO] [1788990994.714302540] [pure_pursuit_node]: Pure Pursuit: pose=(-4.645, 7.166, 0.609) cte=0.010 closest=2195 target=2237 path_dist=0.010 heading_err=-0.028 steer=-0.132 speed=1.397
[gpu_amcl_cpp_node-6] [INFO] [1788990994.719186393] [gpu_amcl_cpp]: AMCL local correction: odom_prediction=(-4.712, 7.118, 0.635) scan=(-4.730, 7.111, 0.648) correction=0.019 m/0.013 rad cluster_weight=0.996 publish=true
[gpu_amcl_cpp_node-6] [INFO] [1788990994.992805045] [gpu_amcl_cpp]: AMCL odom delta: at_scan=(-4.511, -5.617, 2.054) baseline=(-4.474, -5.685, 2.084) delta=(-0.037, 0.068, -0.030) moved=true scan_age=0.052s
[ground_truth_amcl_monitor-7] [INFO] [1788990995.515138284] [ground_truth_amcl_monitor]: AMCL vs GT: gt=(-3.704, 7.578) amcl=(-3.801, 7.542) error=0.104 m / 0.042 rad; current_map=(-3.695, 7.563, 0.175) error=0.017 m / 0.000 rad; odom=(-4.080, 7.922, 0.175) error=0.510 m / 0.000 rad; ekf=(-4.080, 7.922, 0.175) error=0.510 m / 0.000 rad; RMS=0.075 m / 0.021 rad max=0.283 m / 0.113 rad samples=1171
[component_container-9] [INFO] [1788990995.740269414] [pure_pursuit_node]: Pure Pursuit: pose=(-3.298, 7.602, 0.016) cte=-0.008 closest=2267 target=2309 path_dist=0.008 heading_err=-0.011 steer=-0.143 speed=1.406
[gpu_amcl_cpp_node-6] [INFO] [1788990995.745016139] [gpu_amcl_cpp]: AMCL local correction: odom_prediction=(-3.373, 7.599, 0.044) scan=(-3.383, 7.600, 0.053) correction=0.010 m/0.009 rad cluster_weight=0.960 publish=true
[gpu_amcl_cpp_node-6] [INFO] [1788990996.018319195] [gpu_amcl_cpp]: AMCL odom delta: at_scan=(-4.785, -4.132, 1.452) baseline=(-4.794, -4.210, 1.483) delta=(0.008, 0.078, -0.031) moved=true scan_age=0.053s
[ground_truth_amcl_monitor-7] [INFO] [1788990996.520590101] [ground_truth_amcl_monitor]: AMCL vs GT: gt=(-2.328, 7.416) amcl=(-2.378, 7.440) error=0.055 m / 0.028 rad; current_map=(-2.305, 7.411, -0.399) error=0.024 m / 0.000 rad; odom=(-2.607, 7.751, -0.399) error=0.436 m / 0.000 rad; ekf=(-2.607, 7.751, -0.399) error=0.436 m / 0.000 rad; RMS=0.074 m / 0.021 rad max=0.283 m / 0.113 rad samples=1207
[component_container-9] [INFO] [1788990996.763114777] [pure_pursuit_node]: Pure Pursuit: pose=(-1.921, 7.215, -0.535) cte=-0.008 closest=2339 target=2381 path_dist=0.008 heading_err=0.008 steer=-0.100 speed=1.437
[gpu_amcl_cpp_node-6] [INFO] [1788990996.767762946] [gpu_amcl_cpp]: AMCL local correction: odom_prediction=(-1.992, 7.254, -0.514) scan=(-1.993, 7.255, -0.516) correction=0.002 m/0.003 rad cluster_weight=0.973 publish=true
[gpu_amcl_cpp_node-6] [INFO] [1788990997.041826011] [gpu_amcl_cpp]: AMCL odom delta: at_scan=(-4.206, -2.731, 0.941) baseline=(-4.251, -2.793, 0.962) delta=(0.045, 0.063, -0.021) moved=true scan_age=0.052s
[ground_truth_amcl_monitor-7] [INFO] [1788990997.545880421] [ground_truth_amcl_monitor]: AMCL vs GT: gt=(-1.141, 6.566) amcl=(-1.181, 6.614) error=0.063 m / 0.018 rad; current_map=(-1.125, 6.557, -0.812) error=0.018 m / 0.000 rad; odom=(-1.366, 6.866, -0.812) error=0.376 m / 0.000 rad; ekf=(-1.366, 6.866, -0.812) error=0.376 m / 0.000 rad; RMS=0.074 m / 0.021 rad max=0.283 m / 0.113 rad samples=1243
[gpu_amcl_cpp_node-6] [INFO] [1788990997.613727899] [gpu_amcl_cpp]: Received LiDAR callback #637 (1081 ranges).
[gpu_amcl_cpp_node-6] [INFO] [1788990997.613787151] [gpu_amcl_cpp]: Starting AMCL scan update #637 (sampled from 1081 ranges).
[gpu_amcl_cpp_node-6] [INFO] [1788990997.614595512] [gpu_amcl_cpp]: AMCL scan update #637 completed; evaluating pose confidence.
[component_container-9] [INFO] [1788990997.768045686] [pure_pursuit_node]: Pure Pursuit: pose=(-0.868, 6.261, -0.899) cte=-0.003 closest=2410 target=2452 path_dist=0.003 heading_err=-0.008 steer=-0.061 speed=1.459
[gpu_amcl_cpp_node-6] [INFO] [1788990997.774436425] [gpu_amcl_cpp]: AMCL local correction: odom_prediction=(-0.919, 6.326, -0.884) scan=(-0.921, 6.329, -0.884) correction=0.003 m/0.000 rad cluster_weight=0.978 publish=true
[gpu_amcl_cpp_node-6] [INFO] [1788990998.069687627] [gpu_amcl_cpp]: AMCL odom delta: at_scan=(-3.097, -1.674, 0.607) baseline=(-3.162, -1.720, 0.621) delta=(0.065, 0.046, -0.014) moved=true scan_age=0.052s
[ground_truth_amcl_monitor-7] [INFO] [1788990998.568842152] [ground_truth_amcl_monitor]: AMCL vs GT: gt=(-0.282, 5.354) amcl=(-0.315, 5.419) error=0.073 m / 0.010 rad; current_map=(-0.278, 5.352, -1.070) error=0.004 m / 0.000 rad; odom=(-0.482, 5.619, -1.070) error=0.333 m / 0.000 rad; ekf=(-0.520, 5.686, -1.060) error=0.409 m / 0.010 rad; RMS=0.073 m / 0.021 rad max=0.283 m / 0.113 rad samples=1279
[component_container-9] [INFO] [1788990998.792156338] [pure_pursuit_node]: Pure Pursuit: pose=(-0.090, 4.987, -1.114) cte=-0.002 closest=2485 target=2527 path_dist=0.002 heading_err=-0.002 steer=-0.032 speed=1.480
[gpu_amcl_cpp_node-6] [INFO] [1788990998.799030977] [gpu_amcl_cpp]: AMCL local correction: odom_prediction=(-0.125, 5.062, -1.107) scan=(-0.123, 5.055, -1.111) correction=0.007 m/0.004 rad cluster_weight=0.953 publish=true
[gpu_amcl_cpp_node-6] [INFO] [1788990999.090558931] [gpu_amcl_cpp]: AMCL odom delta: at_scan=(-1.759, -0.936, 0.422) baseline=(-1.829, -0.968, 0.429) delta=(0.070, 0.032, -0.007) moved=true scan_age=0.051s
[ground_truth_amcl_monitor-7] [INFO] [1788990999.593527481] [ground_truth_amcl_monitor]: AMCL vs GT: gt=(0.341, 3.980) amcl=(0.317, 4.041) error=0.065 m / 0.005 rad; current_map=(0.345, 3.969, -1.203) error=0.012 m / 0.000 rad; odom=(0.151, 4.224, -1.203) error=0.309 m / 0.000 rad; ekf=(0.151, 4.224, -1.203) error=0.309 m / 0.000 rad; RMS=0.073 m / 0.021 rad max=0.283 m / 0.113 rad samples=1315
[component_container-9] [INFO] [1788990999.817094913] [pure_pursuit_node]: Pure Pursuit: pose=(0.482, 3.607, -1.235) cte=-0.003 closest=2560 target=16 path_dist=0.003 heading_err=-0.000 steer=-0.024 speed=1.475
[gpu_amcl_cpp_node-6] [INFO] [1788990999.821942877] [gpu_amcl_cpp]: AMCL local correction: odom_prediction=(0.458, 3.664, -1.230) scan=(0.461, 3.654, -1.236) correction=0.011 m/0.006 rad cluster_weight=0.919 publish=true
[gpu_amcl_cpp_node-6] [INFO] [1788991000.114513191] [gpu_amcl_cpp]: AMCL odom delta: at_scan=(-0.328, -0.390, 0.313) baseline=(-0.430, -0.423, 0.319) delta=(0.102, 0.033, -0.006) moved=true scan_age=0.051s
[ground_truth_amcl_monitor-7] [INFO] [1788991000.616875497] [ground_truth_amcl_monitor]: AMCL vs GT: gt=(0.809, 2.546) amcl=(0.787, 2.662) error=0.118 m / 0.005 rad; current_map=(0.808, 2.587, -1.303) error=0.041 m / 0.000 rad; odom=(0.626, 2.767, -1.303) error=0.287 m / 0.000 rad; ekf=(0.626, 2.767, -1.303) error=0.287 m / 0.000 rad; RMS=0.073 m / 0.021 rad max=0.283 m / 0.113 rad samples=1351
[component_container-9] [INFO] [1788991000.839165944] [pure_pursuit_node]: Pure Pursuit: pose=(0.909, 2.197, -1.328) cte=-0.005 closest=47 target=90 path_dist=0.005 heading_err=0.005 steer=-0.020 speed=1.479
[gpu_amcl_cpp_node-6] [INFO] [1788991000.843895385] [gpu_amcl_cpp]: AMCL local correction: odom_prediction=(0.889, 2.256, -1.323) scan=(0.887, 2.277, -1.332) correction=0.021 m/0.008 rad cluster_weight=0.913 publish=true
[gpu_amcl_cpp_node-6] [INFO] [1788991001.115348432] [gpu_amcl_cpp]: AMCL odom delta: at_scan=(1.116, 0.007, 0.225) baseline=(1.043, -0.010, 0.228) delta=(0.073, 0.017, -0.003) moved=true scan_age=0.052s
[ground_truth_amcl_monitor-7] [INFO] [1788991001.617187119] [ground_truth_amcl_monitor]: AMCL vs GT: gt=(1.138, 1.107) amcl=(1.102, 1.305) error=0.202 m / 0.004 rad; current_map=(1.116, 1.230, -1.388) error=0.125 m / 0.000 rad; odom=(0.960, 1.308, -1.388) error=0.269 m / 0.000 rad; ekf=(0.960, 1.308, -1.388) error=0.269 m / 0.000 rad; RMS=0.074 m / 0.020 rad max=0.283 m / 0.113 rad samples=1387
[component_container-9] [INFO] [1788991001.840408698] [pure_pursuit_node]: Pure Pursuit: pose=(1.179, 0.863, -1.408) cte=0.005 closest=115 target=158 path_dist=0.005 heading_err=0.001 steer=-0.018 speed=1.478
[gpu_amcl_cpp_node-6] [INFO] [1788991001.845177533] [gpu_amcl_cpp]: AMCL local correction: odom_prediction=(1.166, 0.931, -1.404) scan=(1.161, 0.919, -1.401) correction=0.013 m/0.003 rad cluster_weight=0.944 publish=true
[gpu_amcl_cpp_node-6] [WARN] [1788991002.071061101] [gpu_amcl_cpp]: No local AMCL cluster near odometry prediction; using causal odometry pose.
[gpu_amcl_cpp_node-6] [INFO] [1788991002.118839095] [gpu_amcl_cpp]: AMCL odom delta: at_scan=(2.594, 0.283, 0.146) baseline=(2.518, 0.272, 0.150) delta=(0.076, 0.011, -0.004) moved=true scan_age=0.051s
[gpu_amcl_cpp_node-6] [INFO] [1788991002.639500987] [gpu_amcl_cpp]: Received LiDAR callback #726 (1081 ranges).
[gpu_amcl_cpp_node-6] [INFO] [1788991002.639558204] [gpu_amcl_cpp]: Starting AMCL scan update #726 (sampled from 1081 ranges).
[ground_truth_amcl_monitor-7] [INFO] [1788991002.639874289] [ground_truth_amcl_monitor]: AMCL vs GT: gt=(1.352, -0.385) amcl=(1.305, -0.139) error=0.251 m / 0.007 rad; current_map=(1.315, -0.242, -1.477) error=0.147 m / 0.000 rad; odom=(1.178, -0.208, -1.477) error=0.248 m / 0.000 rad; ekf=(1.168, -0.104, -1.469) error=0.336 m / 0.007 rad; RMS=0.080 m / 0.020 rad max=0.283 m / 0.113 rad samples=1423
[gpu_amcl_cpp_node-6] [INFO] [1788991002.640629911] [gpu_amcl_cpp]: AMCL scan update #726 completed; evaluating pose confidence.
[component_container-9] [INFO] [1788991002.864088364] [pure_pursuit_node]: Pure Pursuit: pose=(1.350, -0.823, -1.512) cte=0.007 closest=200 target=242 path_dist=0.007 heading_err=-0.022 steer=-0.038 speed=1.471
[gpu_amcl_cpp_node-6] [INFO] [1788991002.869051175] [gpu_amcl_cpp]: AMCL local correction: odom_prediction=(1.347, -0.772, -1.506) scan=(1.354, -0.791, -1.500) correction=0.020 m/0.006 rad cluster_weight=0.949 publish=true
[gpu_amcl_cpp_node-6] [INFO] [1788991003.165894736] [gpu_amcl_cpp]: AMCL odom delta: at_scan=(4.154, 0.423, 0.015) baseline=(4.077, 0.421, 0.025) delta=(0.078, 0.002, -0.010) moved=true scan_age=0.051s
[ground_truth_amcl_monitor-7] [INFO] [1788991003.668966488] [ground_truth_amcl_monitor]: AMCL vs GT: gt=(1.375, -1.886) amcl=(1.384, -1.853) error=0.035 m / 0.007 rad; current_map=(1.379, -1.930, -1.640) error=0.045 m / 0.000 rad; odom=(1.201, -1.746, -1.640) error=0.223 m / 0.000 rad; ekf=(1.201, -1.746, -1.640) error=0.223 m / 0.000 rad; RMS=0.080 m / 0.020 rad max=0.283 m / 0.113 rad samples=1459
[component_container-9] [INFO] [1788991003.891275316] [pure_pursuit_node]: Pure Pursuit: pose=(1.343, -2.335, -1.667) cte=-0.015 closest=276 target=318 path_dist=0.015 heading_err=0.029 steer=-0.010 speed=1.458
[gpu_amcl_cpp_node-6] [INFO] [1788991003.895989008] [gpu_amcl_cpp]: AMCL local correction: odom_prediction=(1.349, -2.256, -1.663) scan=(1.350, -2.233, -1.659) correction=0.023 m/0.003 rad cluster_weight=0.955 publish=true
[gpu_amcl_cpp_node-6] [INFO] [1788991004.170948629] [gpu_amcl_cpp]: AMCL odom delta: at_scan=(5.653, 0.332, -0.105) baseline=(5.575, 0.340, -0.103) delta=(0.078, -0.008, -0.002) moved=true scan_age=0.052s
[ground_truth_amcl_monitor-7] [INFO] [1788991004.690456783] [ground_truth_amcl_monitor]: AMCL vs GT: gt=(1.222, -3.371) amcl=(1.245, -3.243) error=0.131 m / 0.004 rad; current_map=(1.233, -3.348, -1.694) error=0.026 m / 0.000 rad; odom=(1.045, -3.268, -1.694) error=0.205 m / 0.000 rad; ekf=(1.045, -3.268, -1.694) error=0.205 m / 0.000 rad; RMS=0.079 m / 0.020 rad max=0.283 m / 0.113 rad samples=1495
[component_container-9] [INFO] [1788991004.912871369] [pure_pursuit_node]: Pure Pursuit: pose=(1.178, -3.754, -1.710) cte=-0.001 closest=347 target=390 path_dist=0.001 heading_err=0.001 steer=-0.013 speed=1.491
[gpu_amcl_cpp_node-6] [INFO] [1788991004.917049643] [gpu_amcl_cpp]: AMCL local correction: odom_prediction=(1.193, -3.666, -1.707) scan=(1.194, -3.665, -1.707) correction=0.001 m/0.000 rad cluster_weight=0.941 publish=true
[gpu_amcl_cpp_node-6] [INFO] [1788991005.192628598] [gpu_amcl_cpp]: AMCL odom delta: at_scan=(7.170, 0.141, -0.153) baseline=(7.094, 0.153, -0.150) delta=(0.076, -0.012, -0.003) moved=true scan_age=0.052s
[ground_truth_amcl_monitor-7] [INFO] [1788991005.718795773] [ground_truth_amcl_monitor]: AMCL vs GT: gt=(0.990, -4.887) amcl=(1.018, -4.753) error=0.137 m / 0.002 rad; current_map=(1.004, -4.831, -1.748) error=0.058 m / 0.000 rad; odom=(0.812, -4.789, -1.748) error=0.203 m / 0.000 rad; ekf=(0.812, -4.789, -1.748) error=0.203 m / 0.000 rad; RMS=0.080 m / 0.019 rad max=0.283 m / 0.113 rad samples=1531
[component_container-9] [INFO] [1788991005.940606451] [pure_pursuit_node]: Pure Pursuit: pose=(0.930, -5.240, -1.759) cte=-0.000 closest=423 target=465 path_dist=0.000 heading_err=-0.000 steer=-0.010 speed=1.495
[gpu_amcl_cpp_node-6] [INFO] [1788991005.945206669] [gpu_amcl_cpp]: AMCL local correction: odom_prediction=(0.944, -5.153, -1.757) scan=(0.944, -5.175, -1.758) correction=0.023 m/0.001 rad cluster_weight=0.928 publish=true
[gpu_amcl_cpp_node-6] [INFO] [1788991006.241852301] [gpu_amcl_cpp]: AMCL odom delta: at_scan=(8.715, -0.135, -0.198) baseline=(8.612, -0.114, -0.196) delta=(0.103, -0.021, -0.002) moved=true scan_age=0.053s
[ground_truth_amcl_monitor-7] [INFO] [1788991006.741825163] [ground_truth_amcl_monitor]: AMCL vs GT: gt=(0.688, -6.386) amcl=(0.721, -6.279) error=0.112 m / 0.001 rad; current_map=(0.704, -6.355, -1.790) error=0.035 m / 0.000 rad; odom=(0.510, -6.291, -1.790) error=0.202 m / 0.000 rad; ekf=(0.527, -6.216, -1.789) error=0.235 m / 0.001 rad; RMS=0.080 m / 0.019 rad max=0.283 m / 0.113 rad samples=1567
[component_container-9] [INFO] [1788991006.963365070] [pure_pursuit_node]: Pure Pursuit: pose=(0.613, -6.748, -1.801) cte=-0.001 closest=500 target=542 path_dist=0.001 heading_err=0.005 steer=-0.004 speed=1.479
[gpu_amcl_cpp_node-6] [INFO] [1788991006.967912809] [gpu_amcl_cpp]: AMCL local correction: odom_prediction=(0.629, -6.676, -1.799) scan=(0.626, -6.676, -1.796) correction=0.003 m/0.003 rad cluster_weight=0.962 publish=true
[gpu_amcl_cpp_node-6] [INFO] [1788991007.244170187] [gpu_amcl_cpp]: AMCL odom delta: at_scan=(10.179, -0.459, -0.233) baseline=(10.103, -0.441, -0.233) delta=(0.076, -0.018, -0.000) moved=true scan_age=0.054s
[gpu_amcl_cpp_node-6] [INFO] [1788991007.641505624] [gpu_amcl_cpp]: Received LiDAR callback #814 (1081 ranges).
[gpu_amcl_cpp_node-6] [INFO] [1788991007.641565527] [gpu_amcl_cpp]: Starting AMCL scan update #814 (sampled from 1081 ranges).
[gpu_amcl_cpp_node-6] [INFO] [1788991007.642629359] [gpu_amcl_cpp]: AMCL scan update #814 completed; evaluating pose confidence.
[ground_truth_amcl_monitor-7] [INFO] [1788991007.765629084] [ground_truth_amcl_monitor]: AMCL vs GT: gt=(0.335, -7.855) amcl=(0.374, -7.727) error=0.134 m / 0.004 rad; current_map=(0.346, -7.831, -1.832) error=0.027 m / 0.000 rad; odom=(0.151, -7.781, -1.832) error=0.198 m / 0.000 rad; ekf=(0.151, -7.781, -1.832) error=0.198 m / 0.000 rad; RMS=0.080 m / 0.019 rad max=0.283 m / 0.113 rad samples=1603
[component_container-9] [INFO] [1788991007.988465941] [pure_pursuit_node]: Pure Pursuit: pose=(0.238, -8.221, -1.864) cte=0.004 closest=576 target=618 path_dist=0.004 heading_err=0.006 steer=-0.042 speed=1.438
[gpu_amcl_cpp_node-6] [INFO] [1788991007.992914464] [gpu_amcl_cpp]: AMCL local correction: odom_prediction=(0.260, -8.149, -1.856) scan=(0.266, -8.125, -1.848) correction=0.024 m/0.008 rad cluster_weight=0.987 publish=true
[gpu_amcl_cpp_node-6] [INFO] [1788991008.268140499] [gpu_amcl_cpp]: AMCL odom delta: at_scan=(11.658, -0.865, -0.335) baseline=(11.585, -0.840, -0.325) delta=(0.073, -0.025, -0.010) moved=true scan_age=0.053s
[ground_truth_amcl_monitor-7] [INFO] [1788991008.769607327] [ground_truth_amcl_monitor]: AMCL vs GT: gt=(-0.142, -9.181) amcl=(-0.091, -9.095) error=0.100 m / 0.022 rad; current_map=(-0.126, -9.162, -2.055) error=0.025 m / 0.000 rad; odom=(-0.354, -9.184, -2.055) error=0.212 m / 0.000 rad; ekf=(-0.354, -9.184, -2.055) error=0.212 m / 0.000 rad; RMS=0.080 m / 0.019 rad max=0.283 m / 0.113 rad samples=1639
[component_container-9] [INFO] [1788991009.013503928] [pure_pursuit_node]: Pure Pursuit: pose=(-0.343, -9.510, -2.200) cte=0.018 closest=647 target=689 path_dist=0.018 heading_err=0.029 steer=-0.194 speed=1.324
[gpu_amcl_cpp_node-6] [INFO] [1788991009.018061606] [gpu_amcl_cpp]: AMCL local correction: odom_prediction=(-0.296, -9.440, -2.171) scan=(-0.292, -9.430, -2.164) correction=0.010 m/0.008 rad cluster_weight=0.997 publish=true
[gpu_amcl_cpp_node-6] [INFO] [1788991009.290519019] [gpu_amcl_cpp]: AMCL odom delta: at_scan=(12.947, -1.588, -0.803) baseline=(12.896, -1.537, -0.762) delta=(0.051, -0.051, -0.041) moved=true scan_age=0.051s
[ground_truth_amcl_monitor-7] [INFO] [1788991009.815441188] [ground_truth_amcl_monitor]: AMCL vs GT: gt=(-1.111, -10.071) amcl=(-1.006, -10.021) error=0.116 m / 0.076 rad; current_map=(-1.101, -10.051, -2.869) error=0.022 m / 0.000 rad; odom=(-1.398, -10.147, -2.869) error=0.297 m / 0.000 rad; ekf=(-1.398, -10.147, -2.869) error=0.297 m / 0.000 rad; RMS=0.080 m / 0.019 rad max=0.283 m / 0.113 rad samples=1675
[component_container-9] [INFO] [1788991010.037169276] [pure_pursuit_node]: Pure Pursuit: pose=(-1.466, -10.091, 3.120) cte=0.015 closest=714 target=756 path_dist=0.015 heading_err=-0.052 steer=-0.280 speed=1.329
[gpu_amcl_cpp_node-6] [INFO] [1788991010.041726062] [gpu_amcl_cpp]: AMCL local correction: odom_prediction=(-1.391, -10.089, -3.110) scan=(-1.383, -10.092, -3.099) correction=0.008 m/0.011 rad cluster_weight=0.997 publish=true
[gpu_amcl_cpp_node-6] [INFO] [1788991010.314349045] [gpu_amcl_cpp]: AMCL odom delta: at_scan=(13.306, -2.890, -1.842) baseline=(13.329, -2.792, -1.762) delta=(-0.023, -0.098, -0.079) moved=true scan_age=0.051s
[ground_truth_amcl_monitor-7] [INFO] [1788991010.818382598] [ground_truth_amcl_monitor]: AMCL vs GT: gt=(-2.315, -9.730) amcl=(-2.338, -9.675) error=0.060 m / 0.000 rad; current_map=(-2.343, -9.675, 2.361) error=0.062 m / 0.000 rad; odom=(-2.707, -9.780, 2.361) error=0.395 m / 0.000 rad; ekf=(-2.707, -9.780, 2.361) error=0.395 m / 0.000 rad; RMS=0.080 m / 0.020 rad max=0.283 m / 0.113 rad samples=1712
[component_container-9] [INFO] [1788991011.038198435] [pure_pursuit_node]: Pure Pursuit: pose=(-2.587, -9.367, 2.158) cte=-0.025 closest=783 target=826 path_dist=0.025 heading_err=-0.034 steer=-0.136 speed=1.399
[gpu_amcl_cpp_node-6] [INFO] [1788991011.043126469] [gpu_amcl_cpp]: AMCL local correction: odom_prediction=(-2.542, -9.429, 2.191) scan=(-2.540, -9.420, 2.195) correction=0.009 m/0.004 rad cluster_weight=0.972 publish=true
[gpu_amcl_cpp_node-6] [INFO] [1788991011.319561957] [gpu_amcl_cpp]: AMCL odom delta: at_scan=(12.327, -3.935, -2.679) baseline=(12.396, -3.899, -2.654) delta=(-0.069, -0.036, -0.025) moved=true scan_age=0.051s
[ground_truth_amcl_monitor-7] [INFO] [1788991011.842029470] [ground_truth_amcl_monitor]: AMCL vs GT: gt=(-2.967, -8.481) amcl=(-2.953, -8.502) error=0.025 m / 0.015 rad; current_map=(-2.974, -8.428, 1.844) error=0.053 m / 0.000 rad; odom=(-3.410, -8.442, 1.844) error=0.444 m / 0.000 rad; ekf=(-3.410, -8.442, 1.844) error=0.444 m / 0.000 rad; RMS=0.079 m / 0.020 rad max=0.283 m / 0.113 rad samples=1747
[component_container-9] [INFO] [1788991012.063557077] [pure_pursuit_node]: Pure Pursuit: pose=(-3.063, -8.044, 1.766) cte=0.007 closest=854 target=896 path_dist=0.007 heading_err=-0.017 steer=-0.065 speed=1.434
[gpu_amcl_cpp_node-6] [INFO] [1788991012.068719353] [gpu_amcl_cpp]: AMCL local correction: odom_prediction=(-3.044, -8.127, 1.781) scan=(-3.042, -8.135, 1.790) correction=0.008 m/0.009 rad cluster_weight=0.986 publish=true
[gpu_amcl_cpp_node-6] [INFO] [1788991012.340173073] [gpu_amcl_cpp]: AMCL odom delta: at_scan=(10.868, -4.361, -3.006) baseline=(10.943, -4.351, -2.992) delta=(-0.075, -0.011, -0.013) moved=true scan_age=0.051s
[gpu_amcl_cpp_node-6] [INFO] [1788991012.688680050] [gpu_amcl_cpp]: Received LiDAR callback #903 (1081 ranges).
[gpu_amcl_cpp_node-6] [INFO] [1788991012.688763077] [gpu_amcl_cpp]: Starting AMCL scan update #903 (sampled from 1081 ranges).
[gpu_amcl_cpp_node-6] [INFO] [1788991012.689571709] [gpu_amcl_cpp]: AMCL scan update #903 completed; evaluating pose confidence.
[ground_truth_amcl_monitor-7] [INFO] [1788991012.889695291] [ground_truth_amcl_monitor]: AMCL vs GT: gt=(-3.167, -6.984) amcl=(-3.153, -7.082) error=0.099 m / 0.014 rad; current_map=(-3.155, -6.936, 1.576) error=0.050 m / 0.000 rad; odom=(-3.618, -6.875, 1.576) error=0.464 m / 0.000 rad; ekf=(-3.618, -6.875, 1.576) error=0.464 m / 0.000 rad; RMS=0.079 m / 0.020 rad max=0.283 m / 0.113 rad samples=1783
[component_container-9] [INFO] [1788991013.098667988] [pure_pursuit_node]: Pure Pursuit: pose=(-3.144, -6.698, 1.520) cte=0.008 closest=922 target=962 path_dist=0.008 heading_err=0.005 steer=-0.030 speed=1.457
[gpu_amcl_cpp_node-6] [INFO] [1788991013.103717712] [gpu_amcl_cpp]: AMCL local correction: odom_prediction=(-3.148, -6.735, 1.532) scan=(-3.147, -6.710, 1.537) correction=0.026 m/0.004 rad cluster_weight=0.994 publish=true
[gpu_amcl_cpp_node-6] [INFO] [1788991013.390653227] [gpu_amcl_cpp]: AMCL odom delta: at_scan=(9.379, -4.388, 3.054) baseline=(9.458, -4.394, 3.065) delta=(-0.078, 0.006, -0.011) moved=true scan_age=0.051s
[ground_truth_amcl_monitor-7] [INFO] [1788991013.896238161] [ground_truth_amcl_monitor]: AMCL vs GT: gt=(-3.026, -5.551) amcl=(-3.013, -5.603) error=0.053 m / 0.010 rad; current_map=(-2.997, -5.525, 1.368) error=0.039 m / 0.000 rad; odom=(-3.475, -5.476, 1.368) error=0.455 m / 0.000 rad; ekf=(-3.475, -5.476, 1.368) error=0.455 m / 0.000 rad; RMS=0.078 m / 0.020 rad max=0.283 m / 0.113 rad samples=1819
[component_container-9] [INFO] [1788991014.116498430] [pure_pursuit_node]: Pure Pursuit: pose=(-2.915, -5.140, 1.325) cte=-0.003 closest=1001 target=1043 path_dist=0.003 heading_err=-0.000 steer=-0.031 speed=1.456
[gpu_amcl_cpp_node-6] [INFO] [1788991014.121127152] [gpu_amcl_cpp]: AMCL local correction: odom_prediction=(-2.942, -5.222, 1.331) scan=(-2.935, -5.224, 1.326) correction=0.008 m/0.005 rad cluster_weight=0.919 publish=true
[gpu_amcl_cpp_node-6] [INFO] [1788991014.417864593] [gpu_amcl_cpp]: AMCL odom delta: at_scan=(7.874, -4.087, 2.863) baseline=(7.951, -4.109, 2.869) delta=(-0.077, 0.022, -0.006) moved=true scan_age=0.051s
[ground_truth_amcl_monitor-7] [INFO] [1788991014.898304941] [ground_truth_amcl_monitor]: AMCL vs GT: gt=(-2.646, -4.144) amcl=(-2.612, -4.103) error=0.054 m / 0.000 rad; current_map=(-2.612, -4.104, 1.293) error=0.052 m / 0.000 rad; odom=(-3.087, -4.035, 1.293) error=0.454 m / 0.000 rad; ekf=(-3.087, -4.035, 1.293) error=0.454 m / 0.000 rad; RMS=0.078 m / 0.019 rad max=0.283 m / 0.113 rad samples=1854
[component_container-9] [INFO] [1788991015.166541863] [pure_pursuit_node]: Pure Pursuit: pose=(-2.483, -3.644, 1.299) cte=0.000 closest=1078 target=1121 path_dist=0.000 heading_err=-0.000 steer=0.002 speed=1.497
[gpu_amcl_cpp_node-6] [INFO] [1788991015.171300348] [gpu_amcl_cpp]: AMCL local correction: odom_prediction=(-2.502, -3.712, 1.299) scan=(-2.507, -3.715, 1.291) correction=0.005 m/0.008 rad cluster_weight=0.921 publish=true
[gpu_amcl_cpp_node-6] [INFO] [1788991015.443060029] [gpu_amcl_cpp]: AMCL odom delta: at_scan=(6.399, -3.666, 2.871) baseline=(6.473, -3.686, 2.871) delta=(-0.074, 0.020, 0.000) moved=true scan_age=0.052s
[ground_truth_amcl_monitor-7] [INFO] [1788991015.940848284] [ground_truth_amcl_monitor]: AMCL vs GT: gt=(-2.225, -2.642) amcl=(-2.237, -2.726) error=0.084 m / 0.005 rad; current_map=(-2.208, -2.622, 1.302) error=0.027 m / 0.000 rad; odom=(-2.663, -2.524, 1.302) error=0.454 m / 0.000 rad; ekf=(-2.663, -2.524, 1.302) error=0.454 m / 0.000 rad; RMS=0.078 m / 0.019 rad max=0.283 m / 0.113 rad samples=1889
[component_container-9] [INFO] [1788991016.214511746] [pure_pursuit_node]: Pure Pursuit: pose=(-2.081, -2.163, 1.306) cte=-0.002 closest=1155 target=1197 path_dist=0.002 heading_err=0.007 steer=0.009 speed=1.489
[gpu_amcl_cpp_node-6] [INFO] [1788991016.219302703] [gpu_amcl_cpp]: AMCL local correction: odom_prediction=(-2.101, -2.233, 1.305) scan=(-2.096, -2.225, 1.297) correction=0.009 m/0.008 rad cluster_weight=0.960 publish=true
[gpu_amcl_cpp_node-6] [INFO] [1788991016.490854301] [gpu_amcl_cpp]: AMCL odom delta: at_scan=(4.886, -3.248, 2.885) baseline=(4.961, -3.268, 2.883) delta=(-0.075, 0.020, 0.002) moved=true scan_age=0.051s
[ground_truth_amcl_monitor-7] [INFO] [1788991016.944626934] [ground_truth_amcl_monitor]: AMCL vs GT: gt=(-1.846, -1.205) amcl=(-1.823, -1.162) error=0.049 m / 0.000 rad; current_map=(-1.823, -1.169, 1.328) error=0.043 m / 0.000 rad; odom=(-2.282, -1.077, 1.328) error=0.454 m / 0.000 rad; ekf=(-2.282, -1.077, 1.328) error=0.454 m / 0.000 rad; RMS=0.077 m / 0.019 rad max=0.283 m / 0.113 rad samples=1926
[component_container-9] [INFO] [1788991017.263322887] [pure_pursuit_node]: Pure Pursuit: pose=(-1.698, -0.627, 1.345) cte=-0.003 closest=1234 target=1277 path_dist=0.003 heading_err=-0.001 steer=0.008 speed=1.487
[gpu_amcl_cpp_node-6] [INFO] [1788991017.268102342] [gpu_amcl_cpp]: AMCL local correction: odom_prediction=(-1.715, -0.695, 1.343) scan=(-1.718, -0.691, 1.335) correction=0.005 m/0.008 rad cluster_weight=0.961 publish=true
[gpu_amcl_cpp_node-6] [INFO] [1788991017.492089571] [gpu_amcl_cpp]: AMCL odom delta: at_scan=(3.430, -2.893, 2.921) baseline=(3.506, -2.910, 2.920) delta=(-0.076, 0.017, 0.002) moved=true scan_age=0.052s
[gpu_amcl_cpp_node-6] [INFO] [1788991017.720024350] [gpu_amcl_cpp]: Received LiDAR callback #991 (1081 ranges).
[gpu_amcl_cpp_node-6] [INFO] [1788991017.720088200] [gpu_amcl_cpp]: Starting AMCL scan update #991 (sampled from 1081 ranges).
[gpu_amcl_cpp_node-6] [INFO] [1788991017.721451696] [gpu_amcl_cpp]: AMCL scan update #991 completed; evaluating pose confidence.
[ground_truth_amcl_monitor-7] [INFO] [1788991017.946129094] [ground_truth_amcl_monitor]: AMCL vs GT: gt=(-1.518, 0.250) amcl=(-1.523, 0.195) error=0.056 m / 0.003 rad; current_map=(-1.507, 0.270, 1.371) error=0.023 m / 0.000 rad; odom=(-1.950, 0.390, 1.371) error=0.455 m / 0.000 rad; ekf=(-1.950, 0.390, 1.371) error=0.455 m / 0.000 rad; RMS=0.077 m / 0.019 rad max=0.283 m / 0.113 rad samples=1961
[component_container-9] [INFO] [1788991018.290164335] [pure_pursuit_node]: Pure Pursuit: pose=(-1.397, 0.853, 1.404) cte=-0.000 closest=1310 target=1352 path_dist=0.000 heading_err=0.002 steer=0.024 speed=1.460
[gpu_amcl_cpp_node-6] [INFO] [1788991018.294630189] [gpu_amcl_cpp]: AMCL local correction: odom_prediction=(-1.411, 0.789, 1.399) scan=(-1.412, 0.794, 1.389) correction=0.005 m/0.010 rad cluster_weight=0.941 publish=true
[gpu_amcl_cpp_node-6] [INFO] [1788991018.516939028] [gpu_amcl_cpp]: AMCL odom delta: at_scan=(1.925, -2.601, 2.993) baseline=(2.001, -2.612, 2.987) delta=(-0.076, 0.012, 0.006) moved=true scan_age=0.052s
[ground_truth_amcl_monitor-7] [INFO] [1788991018.969003862] [ground_truth_amcl_monitor]: AMCL vs GT: gt=(-1.296, 1.718) amcl=(-1.291, 1.728) error=0.010 m / 0.012 rad; current_map=(-1.285, 1.805, 1.497) error=0.087 m / 0.000 rad; odom=(-1.722, 1.903, 1.497) error=0.465 m / 0.000 rad; ekf=(-1.722, 1.903, 1.497) error=0.465 m / 0.000 rad; RMS=0.076 m / 0.019 rad max=0.283 m / 0.113 rad samples=1997
[component_container-9] [INFO] [1788991019.316555378] [pure_pursuit_node]: Pure Pursuit: pose=(-1.275, 2.383, 1.634) cte=-0.006 closest=1387 target=1429 path_dist=0.006 heading_err=0.002 steer=0.120 speed=1.317
[gpu_amcl_cpp_node-6] [INFO] [1788991019.321501287] [gpu_amcl_cpp]: AMCL local correction: odom_prediction=(-1.269, 2.303, 1.614) scan=(-1.269, 2.280, 1.608) correction=0.023 m/0.006 rad cluster_weight=0.975 publish=true
[gpu_amcl_cpp_node-6] [INFO] [1788991019.564708145] [gpu_amcl_cpp]: AMCL odom delta: at_scan=(0.465, -2.535, -2.999) baseline=(0.502, -2.531, -3.021) delta=(-0.037, -0.005, 0.022) moved=true scan_age=0.052s
[ground_truth_amcl_monitor-7] [INFO] [1788991019.991911186] [ground_truth_amcl_monitor]: AMCL vs GT: gt=(-1.400, 2.921) amcl=(-1.359, 2.855) error=0.077 m / 0.030 rad; current_map=(-1.383, 2.950, 1.833) error=0.034 m / 0.000 rad; odom=(-1.819, 3.095, 1.833) error=0.455 m / 0.000 rad; ekf=(-1.819, 3.095, 1.833) error=0.455 m / 0.000 rad; RMS=0.076 m / 0.019 rad max=0.283 m / 0.113 rad samples=2031
[component_container-9] [INFO] [1788991020.343325189] [pure_pursuit_node]: Pure Pursuit: pose=(-1.561, 3.361, 2.094) cte=-0.031 closest=1439 target=1480 path_dist=0.031 heading_err=-0.041 steer=0.318 speed=1.216
[gpu_amcl_cpp_node-6] [INFO] [1788991020.347763111] [gpu_amcl_cpp]: AMCL local correction: odom_prediction=(-1.533, 3.312, 2.063) scan=(-1.536, 3.312, 2.053) correction=0.002 m/0.010 rad cluster_weight=0.985 publish=true
[gpu_amcl_cpp_node-6] [INFO] [1788991020.574978742] [gpu_amcl_cpp]: AMCL odom delta: at_scan=(-0.531, -2.921, -2.429) baseline=(-0.477, -2.878, -2.498) delta=(-0.053, -0.043, 0.070) moved=true scan_age=0.054s
[ground_truth_amcl_monitor-7] [INFO] [1788991021.019543997] [ground_truth_amcl_monitor]: AMCL vs GT: gt=(-2.126, 3.793) amcl=(-2.075, 3.824) error=0.059 m / 0.078 rad; current_map=(-2.137, 3.841, 2.911) error=0.049 m / 0.000 rad; odom=(-2.578, 3.970, 2.911) error=0.485 m / 0.000 rad; ekf=(-2.578, 3.970, 2.911) error=0.485 m / 0.000 rad; RMS=0.076 m / 0.019 rad max=0.283 m / 0.113 rad samples=2067
[component_container-9] [INFO] [1788991021.366774775] [pure_pursuit_node]: Pure Pursuit: pose=(-2.672, 3.758, -2.630) cte=0.009 closest=1506 target=1549 path_dist=0.009 heading_err=0.047 steer=0.384 speed=1.986
[gpu_amcl_cpp_node-6] [INFO] [1788991021.372059110] [gpu_amcl_cpp]: AMCL local correction: odom_prediction=(-2.581, 3.790, -2.745) scan=(-2.566, 3.778, -2.757) correction=0.020 m/0.013 rad cluster_weight=0.982 publish=true
[gpu_amcl_cpp_node-6] [INFO] [1788991021.615004664] [gpu_amcl_cpp]: AMCL odom delta: at_scan=(-0.473, -4.244, -0.638) baseline=(-0.580, -4.151, -0.788) delta=(0.107, -0.093, 0.151) moved=true scan_age=0.052s
[ground_truth_amcl_monitor-7] [INFO] [1788991022.040249705] [ground_truth_amcl_monitor]: AMCL vs GT: gt=(-3.182, 2.558) amcl=(-3.142, 2.728) error=0.175 m / 0.031 rad; current_map=(-3.163, 2.549, -1.671) error=0.021 m / 0.000 rad; odom=(-3.714, 2.718, -1.671) error=0.555 m / 0.000 rad; ekf=(-3.714, 2.718, -1.671) error=0.555 m / 0.000 rad; RMS=0.076 m / 0.021 rad max=0.283 m / 0.152 rad samples=2101
[component_container-9] [INFO] [1788991022.369327497] [pure_pursuit_node]: Pure Pursuit: pose=(-3.312, 1.259, -1.700) cte=0.007 closest=1639 target=1686 path_dist=0.007 heading_err=0.013 steer=-0.092 speed=2.953
[gpu_amcl_cpp_node-6] [INFO] [1788991022.375339011] [gpu_amcl_cpp]: AMCL local correction: odom_prediction=(-3.286, 1.446, -1.698) scan=(-3.282, 1.482, -1.687) correction=0.036 m/0.011 rad cluster_weight=0.962 publish=true
[gpu_amcl_cpp_node-6] [INFO] [1788991022.616811551] [gpu_amcl_cpp]: AMCL odom delta: at_scan=(2.107, -4.722, -0.268) baseline=(2.058, -4.710, -0.210) delta=(0.049, -0.012, -0.058) moved=true scan_age=0.052s
[gpu_amcl_cpp_node-6] [INFO] [1788991022.753979420] [gpu_amcl_cpp]: Received LiDAR callback #1077 (1081 ranges).
[gpu_amcl_cpp_node-6] [INFO] [1788991022.754120526] [gpu_amcl_cpp]: Starting AMCL scan update #1077 (sampled from 1081 ranges).
[gpu_amcl_cpp_node-6] [INFO] [1788991022.754822287] [gpu_amcl_cpp]: AMCL scan update #1077 completed; evaluating pose confidence.
[ground_truth_amcl_monitor-7] [INFO] [1788991023.043958910] [ground_truth_amcl_monitor]: AMCL vs GT: gt=(-3.771, -0.198) amcl=(-3.687, -0.018) error=0.198 m / 0.080 rad; current_map=(-3.744, -0.129, -2.081) error=0.074 m / 0.000 rad; odom=(-4.211, 0.319, -2.081) error=0.679 m / 0.000 rad; ekf=(-4.211, 0.319, -2.081) error=0.679 m / 0.000 rad; RMS=0.079 m / 0.022 rad max=0.374 m / 0.152 rad samples=2135
[component_container-9] [INFO] [1788991023.389664204] [pure_pursuit_node]: Pure Pursuit: pose=(-4.137, -0.504, -2.774) cte=-0.167 closest=1735 target=1777 path_dist=0.167 heading_err=0.043 steer=-0.322 speed=1.627
[gpu_amcl_cpp_node-6] [INFO] [1788991023.394844082] [gpu_amcl_cpp]: AMCL local correction: odom_prediction=(-4.085, -0.489, -2.693) scan=(-4.099, -0.531, -2.670) correction=0.044 m/0.024 rad cluster_weight=0.978 publish=true
[gpu_amcl_cpp_node-6] [INFO] [1788991023.616906932] [gpu_amcl_cpp]: AMCL odom delta: at_scan=(3.151, -5.599, -1.470) baseline=(3.139, -5.520, -1.381) delta=(0.012, -0.080, -0.089) moved=true scan_age=0.052s
[ground_truth_amcl_monitor-7] [INFO] [1788991024.044273601] [ground_truth_amcl_monitor]: AMCL vs GT: gt=(-5.117, -0.468) amcl=(-4.975, -0.560) error=0.169 m / 0.108 rad; current_map=(-5.077, -0.501, 2.571) error=0.052 m / 0.000 rad; odom=(-5.414, 0.165, 2.571) error=0.698 m / 0.000 rad; ekf=(-5.414, 0.165, 2.571) error=0.698 m / 0.000 rad; RMS=0.079 m / 0.023 rad max=0.374 m / 0.156 rad samples=2169
[component_container-9] [INFO] [1788991024.390481339] [pure_pursuit_node]: Pure Pursuit: pose=(-5.585, 0.067, 2.044) cte=-0.057 closest=1815 target=1858 path_dist=0.057 heading_err=0.067 steer=-0.119 speed=2.748
[gpu_amcl_cpp_node-6] [INFO] [1788991024.395102526] [gpu_amcl_cpp]: AMCL local correction: odom_prediction=(-5.541, -0.010, 2.107) scan=(-5.544, -0.018, 2.119) correction=0.009 m/0.012 rad cluster_weight=0.960 publish=true
[gpu_amcl_cpp_node-6] [INFO] [1788991024.639442840] [gpu_amcl_cpp]: AMCL odom delta: at_scan=(1.958, -6.900, -2.846) baseline=(2.138, -6.840, -2.789) delta=(-0.180, -0.061, -0.057) moved=true scan_age=0.052s
[ground_truth_amcl_monitor-7] [INFO] [1788991025.091273267] [ground_truth_amcl_monitor]: AMCL vs GT: gt=(-6.122, 2.149) amcl=(-6.081, 1.895) error=0.257 m / 0.029 rad; current_map=(-6.103, 2.084, 1.673) error=0.068 m / 0.000 rad; odom=(-6.412, 2.769, 1.673) error=0.684 m / 0.000 rad; ekf=(-6.412, 2.769, 1.673) error=0.684 m / 0.000 rad; RMS=0.081 m / 0.023 rad max=0.374 m / 0.156 rad samples=2205
[component_container-9] [INFO] [1788991025.438325191] [pure_pursuit_node]: Pure Pursuit: pose=(-6.166, 3.589, 1.528) cte=-0.011 closest=1994 target=2041 path_dist=0.011 heading_err=-0.001 steer=-0.052 speed=3.869
[gpu_amcl_cpp_node-6] [INFO] [1788991025.443136616] [gpu_amcl_cpp]: AMCL local correction: odom_prediction=(-6.166, 3.408, 1.557) scan=(-6.163, 3.420, 1.570) correction=0.012 m/0.012 rad cluster_weight=0.968 publish=true
[gpu_amcl_cpp_node-6] [INFO] [1788991025.664013602] [gpu_amcl_cpp]: AMCL odom delta: at_scan=(-1.736, -7.196, 2.992) baseline=(-1.478, -7.231, 3.018) delta=(-0.258, 0.035, -0.027) moved=true scan_age=0.051s
[ground_truth_amcl_monitor-7] [INFO] [1788991026.118294378] [ground_truth_amcl_monitor]: AMCL vs GT: gt=(-5.645, 6.004) amcl=(-5.735, 5.760) error=0.261 m / 0.029 rad; current_map=(-5.706, 5.816, 1.088) error=0.198 m / 0.000 rad; odom=(-6.017, 6.297, 1.088) error=0.473 m / 0.000 rad; ekf=(-6.017, 6.297, 1.088) error=0.473 m / 0.000 rad; RMS=0.085 m / 0.023 rad max=0.374 m / 0.156 rad samples=2241
[component_container-9] [INFO] [1788991026.444513583] [pure_pursuit_node]: Pure Pursuit: pose=(-5.108, 6.834, 0.957) cte=-0.035 closest=2166 target=2212 path_dist=0.035 heading_err=-0.107 steer=-0.288 speed=2.856
[gpu_amcl_cpp_node-6] [INFO] [1788991026.450220133] [gpu_amcl_cpp]: AMCL local correction: odom_prediction=(-5.188, 6.735, 1.003) scan=(-5.186, 6.769, 1.018) correction=0.034 m/0.015 rad cluster_weight=0.997 publish=true
[gpu_amcl_cpp_node-6] [INFO] [1788991026.689315765] [gpu_amcl_cpp]: AMCL odom delta: at_scan=(-4.232, -5.994, 2.140) baseline=(-4.113, -6.154, 2.281) delta=(-0.119, 0.160, -0.141) moved=true scan_age=0.051s
[ground_truth_amcl_monitor-7] [INFO] [1788991027.143786595] [ground_truth_amcl_monitor]: AMCL vs GT: gt=(-3.405, 7.640) amcl=(-3.586, 7.618) error=0.183 m / 0.056 rad; current_map=(-3.403, 7.623, -0.002) error=0.017 m / 0.000 rad; odom=(-3.843, 7.719, -0.002) error=0.445 m / 0.000 rad; ekf=(-4.026, 7.714, 0.054) error=0.626 m / 0.056 rad; RMS=0.087 m / 0.024 rad max=0.374 m / 0.156 rad samples=2277
[component_container-9] [INFO] [1788991027.488704490] [pure_pursuit_node]: Pure Pursuit: pose=(-2.025, 7.284, -0.515) cte=-0.017 closest=2333 target=2380 path_dist=0.017 heading_err=0.027 steer=-0.093 speed=3.778
[gpu_amcl_cpp_node-6] [INFO] [1788991027.493239254] [gpu_amcl_cpp]: AMCL local correction: odom_prediction=(-2.181, 7.366, -0.448) scan=(-2.220, 7.387, -0.448) correction=0.045 m/0.001 rad cluster_weight=0.958 publish=true
[gpu_amcl_cpp_node-6] [INFO] [1788991027.715875698] [gpu_amcl_cpp]: AMCL odom delta: at_scan=(-3.835, -2.691, 0.875) baseline=(-3.954, -2.842, 0.929) delta=(0.119, 0.150, -0.053) moved=true scan_age=0.051s
[gpu_amcl_cpp_node-6] [INFO] [1788991027.767168369] [gpu_amcl_cpp]: Received LiDAR callback #1164 (1081 ranges).
[gpu_amcl_cpp_node-6] [INFO] [1788991027.767238852] [gpu_amcl_cpp]: Starting AMCL scan update #1164 (sampled from 1081 ranges).
[gpu_amcl_cpp_node-6] [INFO] [1788991027.768065117] [gpu_amcl_cpp]: AMCL scan update #1164 completed; evaluating pose confidence.
[ground_truth_amcl_monitor-7] [INFO] [1788991028.170026444] [ground_truth_amcl_monitor]: AMCL vs GT: gt=(-0.441, 5.632) amcl=(-0.571, 5.841) error=0.246 m / 0.035 rad; current_map=(-0.465, 5.677, -1.014) error=0.051 m / 0.000 rad; odom=(-0.813, 5.724, -1.014) error=0.383 m / 0.000 rad; ekf=(-0.813, 5.724, -1.014) error=0.383 m / 0.000 rad; RMS=0.089 m / 0.025 rad max=0.374 m / 0.156 rad samples=2313
[component_container-9] [INFO] [1788991028.520642650] [pure_pursuit_node]: Pure Pursuit: pose=(0.219, 4.336, -1.180) cte=-0.017 closest=2521 target=2569 path_dist=0.017 heading_err=0.002 steer=-0.038 speed=3.869
[gpu_amcl_cpp_node-6] [INFO] [1788991028.526198847] [gpu_amcl_cpp]: AMCL local correction: odom_prediction=(0.151, 4.500, -1.166) scan=(0.170, 4.443, -1.169) correction=0.060 m/0.002 rad cluster_weight=0.949 publish=true
[gpu_amcl_cpp_node-6] [INFO] [1788991028.773019925] [gpu_amcl_cpp]: AMCL odom delta: at_scan=(-0.551, -0.702, 0.316) baseline=(-0.798, -0.786, 0.342) delta=(0.247, 0.084, -0.026) moved=true scan_age=0.060s
[ground_truth_amcl_monitor-7] [INFO] [1788991029.191392515] [ground_truth_amcl_monitor]: AMCL vs GT: gt=(0.969, 1.928) amcl=(0.885, 2.378) error=0.458 m / 0.032 rad; current_map=(0.947, 2.123, -1.347) error=0.197 m / 0.000 rad; odom=(0.527, 2.192, -1.347) error=0.515 m / 0.000 rad; ekf=(0.464, 2.447, -1.315) error=0.724 m / 0.032 rad; RMS=0.093 m / 0.024 rad max=0.458 m / 0.156 rad samples=2347
[component_container-9] [INFO] [1788991029.542174471] [pure_pursuit_node]: Pure Pursuit: pose=(1.210, 0.654, -1.395) cte=0.007 closest=126 target=174 path_dist=0.007 heading_err=-0.026 steer=-0.046 speed=3.927
[gpu_amcl_cpp_node-6] [INFO] [1788991029.546607925] [gpu_amcl_cpp]: AMCL local correction: odom_prediction=(1.173, 0.848, -1.394) scan=(1.164, 0.873, -1.388) correction=0.027 m/0.006 rad cluster_weight=0.919 publish=true
[gpu_amcl_cpp_node-6] [WARN] [1788991029.600244286] [gpu_amcl_cpp]: No local AMCL cluster near odometry prediction; using causal odometry pose.
[gpu_amcl_cpp_node-6] [INFO] [1788991029.790030285] [gpu_amcl_cpp]: AMCL odom delta: at_scan=(3.163, 0.088, 0.085) baseline=(2.902, 0.061, 0.120) delta=(0.261, 0.027, -0.035) moved=true scan_age=0.052s
[ground_truth_amcl_monitor-7] [INFO] [1788991030.194755359] [ground_truth_amcl_monitor]: AMCL vs GT: gt=(1.416, -1.944) amcl=(1.423, -1.475) error=0.469 m / 0.060 rad; current_map=(1.418, -1.729, -1.621) error=0.215 m / 0.000 rad; odom=(0.948, -1.485, -1.621) error=0.655 m / 0.000 rad; ekf=(0.948, -1.485, -1.621) error=0.655 m / 0.000 rad; RMS=0.104 m / 0.024 rad max=0.606 m / 0.156 rad samples=2381
[component_container-9] [INFO] [1788991030.591243089] [pure_pursuit_node]: Pure Pursuit: pose=(1.233, -3.465, -1.668) cte=-0.017 closest=333 target=380 path_dist=0.017 heading_err=-0.030 steer=-0.046 speed=3.881
[gpu_amcl_cpp_node-6] [INFO] [1788991030.595823008] [gpu_amcl_cpp]: AMCL local correction: odom_prediction=(1.252, -3.297, -1.668) scan=(1.254, -3.309, -1.671) correction=0.013 m/0.003 rad cluster_weight=0.950 publish=true
[gpu_amcl_cpp_node-6] [INFO] [1788991030.818195372] [gpu_amcl_cpp]: AMCL odom delta: at_scan=(6.954, -0.155, -0.194) baseline=(6.762, -0.119, -0.177) delta=(0.193, -0.036, -0.017) moved=true scan_age=0.052s
[ground_truth_amcl_monitor-7] [INFO] [1788991031.194893859] [ground_truth_amcl_monitor]: AMCL vs GT: gt=(0.837, -5.772) amcl=(0.904, -5.419) error=0.359 m / 0.014 rad; current_map=(0.868, -5.604, -1.772) error=0.171 m / 0.000 rad; odom=(0.392, -5.165, -1.772) error=0.752 m / 0.000 rad; ekf=(0.392, -5.165, -1.772) error=0.752 m / 0.000 rad; RMS=0.109 m / 0.024 rad max=0.606 m / 0.156 rad samples=2417
[component_container-9] [INFO] [1788991031.591309582] [pure_pursuit_node]: Pure Pursuit: pose=(0.480, -7.326, -1.813) cte=-0.004 closest=529 target=577 path_dist=0.004 heading_err=0.006 steer=-0.013 speed=3.897
[gpu_amcl_cpp_node-6] [INFO] [1788991031.596426361] [gpu_amcl_cpp]: AMCL local correction: odom_prediction=(0.519, -7.173, -1.807) scan=(0.515, -7.201, -1.797) correction=0.028 m/0.009 rad cluster_weight=0.966 publish=true
[gpu_amcl_cpp_node-6] [INFO] [1788991031.869023093] [gpu_amcl_cpp]: AMCL odom delta: at_scan=(10.758, -0.995, -0.291) baseline=(10.577, -0.942, -0.273) delta=(0.182, -0.053, -0.018) moved=true scan_age=0.052s
[ground_truth_amcl_monitor-7] [INFO] [1788991032.221542314] [ground_truth_amcl_monitor]: AMCL vs GT: gt=(-0.195, -9.363) amcl=(-0.050, -9.055) error=0.341 m / 0.018 rad; current_map=(-0.086, -9.125, -2.065) error=0.262 m / 0.000 rad; odom=(-0.434, -8.220, -2.065) error=1.168 m / 0.000 rad; ekf=(-0.434, -8.220, -2.065) error=1.168 m / 0.000 rad; RMS=0.113 m / 0.024 rad max=0.606 m / 0.156 rad samples=2453
[component_container-9] [INFO] [1788991032.612791301] [pure_pursuit_node]: Pure Pursuit: pose=(-0.826, -10.209, -2.499) cte=-0.209 closest=685 target=730 path_dist=0.209 heading_err=-0.265 steer=-0.475 speed=1.974
[gpu_amcl_cpp_node-6] [INFO] [1788991032.617422427] [gpu_amcl_cpp]: AMCL local correction: odom_prediction=(-0.734, -10.141, -2.427) scan=(-0.733, -10.141, -2.410) correction=0.001 m/0.018 rad cluster_weight=0.999 publish=true
[gpu_amcl_cpp_node-6] [INFO] [1788991032.789303927] [gpu_amcl_cpp]: Received LiDAR callback #1251 (1081 ranges).
[gpu_amcl_cpp_node-6] [INFO] [1788991032.789353671] [gpu_amcl_cpp]: Starting AMCL scan update #1251 (sampled from 1081 ranges).
[gpu_amcl_cpp_node-6] [INFO] [1788991032.790444093] [gpu_amcl_cpp]: AMCL scan update #1251 completed; evaluating pose confidence.
[gpu_amcl_cpp_node-6] [INFO] [1788991032.891153262] [gpu_amcl_cpp]: AMCL odom delta: at_scan=(12.337, -2.039, -1.292) baseline=(12.328, -2.014, -1.200) delta=(0.008, -0.025, -0.092) moved=true scan_age=0.051s
[ground_truth_amcl_monitor-7] [INFO] [1788991033.239582523] [ground_truth_amcl_monitor]: AMCL vs GT: gt=(-1.709, -10.362) amcl=(-1.594, -10.373) error=0.115 m / 0.124 rad; current_map=(-1.717, -10.331, 2.751) error=0.033 m / 0.000 rad; odom=(-1.738, -9.169, 2.875) error=1.193 m / 0.124 rad; ekf=(-1.738, -9.169, 2.875) error=1.193 m / 0.124 rad; RMS=0.114 m / 0.025 rad max=0.606 m / 0.156 rad samples=2489
[component_container-9] [INFO] [1788991033.616596088] [pure_pursuit_node]: Pure Pursuit: pose=(-2.327, -9.812, 2.187) cte=-0.095 closest=759 target=802 path_dist=0.095 heading_err=0.179 steer=-0.094 speed=2.521
[gpu_amcl_cpp_node-6] [INFO] [1788991033.620848791] [gpu_amcl_cpp]: AMCL local correction: odom_prediction=(-2.270, -9.892, 2.239) scan=(-2.265, -9.889, 2.256) correction=0.005 m/0.016 rad cluster_weight=0.980 publish=true
[gpu_amcl_cpp_node-6] [INFO] [1788991033.893294196] [gpu_amcl_cpp]: AMCL odom delta: at_scan=(11.279, -3.573, -2.669) baseline=(11.396, -3.512, -2.640) delta=(-0.117, -0.062, -0.029) moved=true scan_age=0.051s
[ground_truth_amcl_monitor-7] [INFO] [1788991034.289984770] [ground_truth_amcl_monitor]: AMCL vs GT: gt=(-3.072, -8.098) amcl=(-3.013, -8.331) error=0.240 m / 0.074 rad; current_map=(-3.069, -8.084, 1.759) error=0.014 m / 0.000 rad; odom=(-3.238, -6.834, 1.759) error=1.275 m / 0.000 rad; ekf=(-3.181, -7.081, 1.833) error=1.023 m / 0.074 rad; RMS=0.113 m / 0.025 rad max=0.606 m / 0.156 rad samples=2527
[component_container-9] [INFO] [1788991034.618019768] [pure_pursuit_node]: Pure Pursuit: pose=(-3.150, -6.700, 1.552) cte=0.003 closest=922 target=969 path_dist=0.003 heading_err=-0.027 steer=-0.065 speed=3.918
[gpu_amcl_cpp_node-6] [INFO] [1788991034.622871128] [gpu_amcl_cpp]: AMCL local correction: odom_prediction=(-3.151, -6.892, 1.570) scan=(-3.151, -6.884, 1.575) correction=0.008 m/0.005 rad cluster_weight=0.994 publish=true
[gpu_amcl_cpp_node-6] [WARN] [1788991034.675922307] [gpu_amcl_cpp]: Queued LiDAR scan until source-time odometry arrives (queued=1).
[gpu_amcl_cpp_node-6] [INFO] [1788991034.916244005] [gpu_amcl_cpp]: AMCL odom delta: at_scan=(7.685, -4.027, 2.958) baseline=(7.947, -4.070, 2.996) delta=(-0.262, 0.044, -0.038) moved=true scan_age=0.053s
[ground_truth_amcl_monitor-7] [INFO] [1788991035.316968578] [ground_truth_amcl_monitor]: AMCL vs GT: gt=(-2.659, -4.199) amcl=(-2.755, -4.460) error=0.278 m / 0.005 rad; current_map=(-2.694, -4.279, 1.239) error=0.087 m / 0.000 rad; odom=(-2.838, -3.090, 1.239) error=1.124 m / 0.000 rad; ekf=(-2.838, -3.090, 1.239) error=1.124 m / 0.000 rad; RMS=0.115 m / 0.025 rad max=0.606 m / 0.156 rad samples=2563
[component_container-9] [INFO] [1788991035.642274159] [pure_pursuit_node]: Pure Pursuit: pose=(-2.268, -2.897, 1.298) cte=0.008 closest=1117 target=1165 path_dist=0.008 heading_err=0.006 steer=0.017 speed=3.935
[gpu_amcl_cpp_node-6] [INFO] [1788991035.646821476] [gpu_amcl_cpp]: AMCL local correction: odom_prediction=(-2.313, -3.067, 1.298) scan=(-2.302, -3.042, 1.282) correction=0.028 m/0.016 rad cluster_weight=0.957 publish=true
[gpu_amcl_cpp_node-6] [INFO] [1788991035.939207013] [gpu_amcl_cpp]: AMCL odom delta: at_scan=(4.025, -3.008, 2.909) baseline=(4.283, -3.071, 2.897) delta=(-0.258, 0.063, 0.011) moved=true scan_age=0.051s
[ground_truth_amcl_monitor-7] [INFO] [1788991036.340637453] [ground_truth_amcl_monitor]: AMCL vs GT: gt=(-1.626, -0.323) amcl=(-1.696, -0.663) error=0.347 m / 0.015 rad; current_map=(-1.638, -0.409, 1.353) error=0.087 m / 0.000 rad; odom=(-1.862, 0.577, 1.353) error=0.930 m / 0.000 rad; ekf=(-1.862, 0.577, 1.353) error=0.930 m / 0.000 rad; RMS=0.117 m / 0.025 rad max=0.606 m / 0.156 rad samples=2599
[component_container-9] [INFO] [1788991036.666840080] [pure_pursuit_node]: Pure Pursuit: pose=(-1.359, 1.009, 1.403) cte=0.012 closest=1318 target=1366 path_dist=0.012 heading_err=0.012 steer=0.057 speed=3.501
[gpu_amcl_cpp_node-6] [INFO] [1788991036.671666262] [gpu_amcl_cpp]: AMCL local correction: odom_prediction=(-1.385, 0.839, 1.399) scan=(-1.383, 0.891, 1.385) correction=0.052 m/0.013 rad cluster_weight=0.948 publish=true
[gpu_amcl_cpp_node-6] [INFO] [1788991036.965624998] [gpu_amcl_cpp]: AMCL odom delta: at_scan=(0.289, -2.322, 3.116) baseline=(0.551, -2.334, 3.078) delta=(-0.262, 0.012, 0.038) moved=true scan_age=0.052s
[ground_truth_amcl_monitor-7] [INFO] [1788991037.370062695] [ground_truth_amcl_monitor]: AMCL vs GT: gt=(-1.379, 3.034) amcl=(-1.315, 2.769) error=0.272 m / 0.012 rad; current_map=(-1.343, 2.896, 1.794) error=0.142 m / 0.000 rad; odom=(-1.593, 3.487, 1.794) error=0.501 m / 0.000 rad; ekf=(-1.593, 3.487, 1.794) error=0.501 m / 0.000 rad; RMS=0.119 m / 0.025 rad max=0.606 m / 0.156 rad samples=2635
[component_container-9] [INFO] [1788991037.715411421] [pure_pursuit_node]: Pure Pursuit: pose=(-1.520, 3.504, 2.314) cte=0.075 closest=1444 target=1483 path_dist=0.075 heading_err=-0.192 steer=0.287 speed=1.718
[gpu_amcl_cpp_node-6] [INFO] [1788991037.719968838] [gpu_amcl_cpp]: AMCL local correction: odom_prediction=(-1.523, 3.523, 2.213) scan=(-1.565, 3.597, 2.184) correction=0.085 m/0.029 rad cluster_weight=0.987 publish=true
[gpu_amcl_cpp_node-6] [INFO] [1788991037.839238793] [gpu_amcl_cpp]: Received LiDAR callback #1341 (1081 ranges).
[gpu_amcl_cpp_node-6] [INFO] [1788991037.839305138] [gpu_amcl_cpp]: Starting AMCL scan update #1341 (sampled from 1081 ranges).
[gpu_amcl_cpp_node-6] [INFO] [1788991037.840145830] [gpu_amcl_cpp]: AMCL scan update #1341 completed; evaluating pose confidence.
[gpu_amcl_cpp_node-6] [INFO] [1788991038.033036744] [gpu_amcl_cpp]: AMCL odom delta: at_scan=(-1.064, -2.887, -1.960) baseline=(-1.014, -2.792, -2.140) delta=(-0.049, -0.095, 0.180) moved=true scan_age=0.091s
[ground_truth_amcl_monitor-7] [INFO] [1788991038.373154214] [ground_truth_amcl_monitor]: AMCL vs GT: gt=(-2.445, 3.946) amcl=(-2.433, 3.997) error=0.053 m / 0.000 rad; current_map=(-2.423, 4.008, -2.852) error=0.066 m / 0.000 rad; odom=(-2.595, 4.277, -2.852) error=0.363 m / 0.000 rad; ekf=(-2.595, 4.277, -2.852) error=0.363 m / 0.000 rad; RMS=0.118 m / 0.026 rad max=0.606 m / 0.180 rad samples=2670
[component_container-9] [INFO] [1788991038.762650089] [pure_pursuit_node]: Pure Pursuit: pose=(-2.948, 3.565, -2.122) cte=0.058 closest=1522 target=1565 path_dist=0.058 heading_err=-0.073 steer=0.248 speed=2.045
[gpu_amcl_cpp_node-6] [INFO] [1788991038.767172870] [gpu_amcl_cpp]: AMCL local correction: odom_prediction=(-2.905, 3.627, -2.210) scan=(-2.901, 3.581, -2.215) correction=0.046 m/0.005 rad cluster_weight=0.982 publish=true
[gpu_amcl_cpp_node-6] [INFO] [1788991039.038796420] [gpu_amcl_cpp]: AMCL odom delta: at_scan=(-0.303, -4.067, -0.245) baseline=(-0.436, -4.027, -0.329) delta=(0.133, -0.039, 0.084) moved=true scan_age=0.051s
[ground_truth_amcl_monitor-7] [INFO] [1788991039.377838765] [ground_truth_amcl_monitor]: AMCL vs GT: gt=(-3.226, 2.267) amcl=(-3.210, 2.260) error=0.017 m / 0.000 rad; current_map=(-3.210, 2.256, -1.636) error=0.019 m / 0.000 rad; odom=(-3.362, 2.625, -1.636) error=0.384 m / 0.000 rad; ekf=(-3.362, 2.625, -1.636) error=0.384 m / 0.000 rad; RMS=0.118 m / 0.027 rad max=0.606 m / 0.180 rad samples=2706
[component_container-9] [INFO] [1788991039.765646170] [pure_pursuit_node]: Pure Pursuit: pose=(-3.385, 0.820, -1.822) cte=0.009 closest=1661 target=1706 path_dist=0.009 heading_err=0.041 steer=-0.126 speed=2.292
[gpu_amcl_cpp_node-6] [INFO] [1788991039.770075155] [gpu_amcl_cpp]: AMCL local correction: odom_prediction=(-3.355, 0.971, -1.779) scan=(-3.356, 0.982, -1.760) correction=0.011 m/0.019 rad cluster_weight=0.980 publish=true
[gpu_amcl_cpp_node-6] [INFO] [1788991040.043824725] [gpu_amcl_cpp]: AMCL odom delta: at_scan=(2.193, -4.420, -0.410) baseline=(2.122, -4.388, -0.413) delta=(0.071, -0.031, 0.003) moved=true scan_age=0.051s
[ground_truth_amcl_monitor-7] [INFO] [1788991040.390419611] [ground_truth_amcl_monitor]: AMCL vs GT: gt=(-3.905, -0.317) amcl=(-3.814, -0.159) error=0.183 m / 0.095 rad; current_map=(-3.826, -0.174, -2.270) error=0.163 m / 0.000 rad; odom=(-3.860, 0.443, -2.270) error=0.762 m / 0.000 rad; ekf=(-3.860, 0.443, -2.270) error=0.762 m / 0.000 rad; RMS=0.119 m / 0.027 rad max=0.606 m / 0.180 rad samples=2741
[component_container-9] [INFO] [1788991040.789231373] [pure_pursuit_node]: Pure Pursuit: pose=(-4.504, -0.645, -3.047) cte=-0.186 closest=1753 target=1794 path_dist=0.186 heading_err=0.110 steer=-0.385 speed=1.572
[gpu_amcl_cpp_node-6] [INFO] [1788991040.794317565] [gpu_amcl_cpp]: AMCL local correction: odom_prediction=(-4.435, -0.632, -2.962) scan=(-4.437, -0.640, -2.936) correction=0.008 m/0.025 rad cluster_weight=0.963 publish=true
[gpu_amcl_cpp_node-6] [INFO] [1788991041.066760885] [gpu_amcl_cpp]: AMCL odom delta: at_scan=(3.008, -5.441, -1.769) baseline=(3.020, -5.366, -1.692) delta=(-0.012, -0.075, -0.077) moved=true scan_age=0.052s
[ground_truth_amcl_monitor-7] [INFO] [1788991041.414339760] [ground_truth_amcl_monitor]: AMCL vs GT: gt=(-5.275, -0.385) amcl=(-5.149, -0.463) error=0.148 m / 0.106 rad; current_map=(-5.246, -0.387, 2.420) error=0.029 m / 0.000 rad; odom=(-5.034, 0.320, 2.525) error=0.745 m / 0.106 rad; ekf=(-5.034, 0.320, 2.525) error=0.745 m / 0.106 rad; RMS=0.119 m / 0.028 rad max=0.606 m / 0.180 rad samples=2777
[component_container-9] [INFO] [1788991041.812573793] [pure_pursuit_node]: Pure Pursuit: pose=(-5.750, 0.443, 1.881) cte=-0.044 closest=1835 target=1879 path_dist=0.044 heading_err=0.059 steer=-0.054 speed=3.218
[gpu_amcl_cpp_node-6] [INFO] [1788991041.817296190] [gpu_amcl_cpp]: AMCL local correction: odom_prediction=(-5.708, 0.308, 1.930) scan=(-5.716, 0.308, 1.931) correction=0.009 m/0.001 rad cluster_weight=0.973 publish=true
[gpu_amcl_cpp_node-6] [INFO] [1788991042.092475297] [gpu_amcl_cpp]: AMCL odom delta: at_scan=(1.222, -6.616, -2.931) baseline=(1.409, -6.574, -2.912) delta=(-0.187, -0.042, -0.019) moved=true scan_age=0.052s
[ground_truth_amcl_monitor-7] [INFO] [1788991042.439896835] [ground_truth_amcl_monitor]: AMCL vs GT: gt=(-6.149, 2.442) amcl=(-6.109, 2.117) error=0.327 m / 0.028 rad; current_map=(-6.131, 2.375, 1.645) error=0.069 m / 0.000 rad; odom=(-5.979, 2.954, 1.673) error=0.540 m / 0.028 rad; ekf=(-5.979, 2.954, 1.673) error=0.540 m / 0.028 rad; RMS=0.119 m / 0.028 rad max=0.606 m / 0.180 rad samples=2813
[component_container-9] [INFO] [1788991042.818625388] [pure_pursuit_node]: Pure Pursuit: pose=(-6.130, 4.000, 1.465) cte=-0.004 closest=2014 target=2062 path_dist=0.004 heading_err=0.009 steer=-0.042 speed=3.899
[gpu_amcl_cpp_node-6] [INFO] [1788991042.824244152] [gpu_amcl_cpp]: AMCL local correction: odom_prediction=(-6.150, 3.824, 1.495) scan=(-6.151, 3.836, 1.509) correction=0.012 m/0.013 rad cluster_weight=0.976 publish=true
[gpu_amcl_cpp_node-6] [INFO] [1788991042.889936468] [gpu_amcl_cpp]: Received LiDAR callback #1430 (1081 ranges).
[gpu_amcl_cpp_node-6] [INFO] [1788991042.889994537] [gpu_amcl_cpp]: Starting AMCL scan update #1430 (sampled from 1081 ranges).
[gpu_amcl_cpp_node-6] [INFO] [1788991042.890534503] [gpu_amcl_cpp]: AMCL scan update #1430 completed; evaluating pose confidence.
[gpu_amcl_cpp_node-6] [INFO] [1788991043.094766384] [gpu_amcl_cpp]: AMCL odom delta: at_scan=(-2.469, -6.659, 2.918) baseline=(-2.284, -6.698, 2.944) delta=(-0.185, 0.039, -0.026) moved=true scan_age=0.051s
[ground_truth_amcl_monitor-7] [INFO] [1788991043.442238054] [ground_truth_amcl_monitor]: AMCL vs GT: gt=(-5.582, 6.153) amcl=(-5.680, 5.856) error=0.312 m / 0.031 rad; current_map=(-5.659, 5.899, 1.086) error=0.265 m / 0.000 rad; odom=(-5.572, 6.485, 1.086) error=0.333 m / 0.000 rad; ekf=(-5.572, 6.485, 1.086) error=0.333 m / 0.000 rad; RMS=0.121 m / 0.028 rad max=0.606 m / 0.180 rad samples=2849
[gpu_amcl_cpp_node-6] [INFO] [1788991043.824380961] [gpu_amcl_cpp]: AMCL local correction: odom_prediction=(-5.015, 7.026, 0.868) scan=(-5.036, 7.031, 0.903) correction=0.022 m/0.035 rad cluster_weight=0.996 publish=true
[component_container-9] [INFO] [1788991043.888242601] [pure_pursuit_node]: Pure Pursuit: pose=(-4.781, 7.257, 0.690) cte=-0.142 closest=2192 target=2237 path_dist=0.142 heading_err=-0.087 steer=-0.272 speed=2.746
[gpu_amcl_cpp_node-6] [INFO] [1788991044.113705535] [gpu_amcl_cpp]: AMCL odom delta: at_scan=(-4.585, -5.230, 1.900) baseline=(-4.516, -5.396, 2.035) delta=(-0.069, 0.165, -0.135) moved=true scan_age=0.051s
[ground_truth_amcl_monitor-7] [INFO] [1788991044.443249616] [ground_truth_amcl_monitor]: AMCL vs GT: gt=(-3.432, 7.657) amcl=(-3.617, 7.644) error=0.186 m / 0.040 rad; current_map=(-3.448, 7.644, -0.020) error=0.021 m / 0.000 rad; odom=(-3.491, 7.855, -0.020) error=0.206 m / 0.000 rad; ekf=(-3.491, 7.855, -0.020) error=0.206 m / 0.000 rad; RMS=0.122 m / 0.028 rad max=0.606 m / 0.180 rad samples=2885
[gpu_amcl_cpp_node-6] [INFO] [1788991044.844283703] [gpu_amcl_cpp]: AMCL local correction: odom_prediction=(-2.088, 7.318, -0.495) scan=(-2.107, 7.325, -0.493) correction=0.020 m/0.002 rad cluster_weight=0.964 publish=true
[component_container-9] [INFO] [1788991044.890440454] [pure_pursuit_node]: Pure Pursuit: pose=(-1.767, 7.120, -0.611) cte=-0.008 closest=2348 target=2396 path_dist=0.008 heading_err=0.028 steer=-0.081 speed=3.827
[gpu_amcl_cpp_node-6] [INFO] [1788991045.119395478] [gpu_amcl_cpp]: AMCL odom delta: at_scan=(-3.733, -2.064, 0.800) baseline=(-3.862, -2.204, 0.847) delta=(0.129, 0.139, -0.047) moved=true scan_age=0.053s
[ground_truth_amcl_monitor-7] [INFO] [1788991045.468983056] [ground_truth_amcl_monitor]: AMCL vs GT: gt=(-0.462, 5.666) amcl=(-0.610, 5.901) error=0.277 m / 0.025 rad; current_map=(-0.503, 5.740, -0.998) error=0.085 m / 0.000 rad; odom=(-0.460, 5.880, -0.998) error=0.214 m / 0.000 rad; ekf=(-0.460, 5.880, -0.998) error=0.214 m / 0.000 rad; RMS=0.122 m / 0.028 rad max=0.606 m / 0.180 rad samples=2921
[gpu_amcl_cpp_node-6] [INFO] [1788991045.868133976] [gpu_amcl_cpp]: AMCL local correction: odom_prediction=(0.201, 4.390, -1.185) scan=(0.217, 4.393, -1.184) correction=0.016 m/0.001 rad cluster_weight=0.936 publish=true
[component_container-9] [INFO] [1788991045.916396380] [pure_pursuit_node]: Pure Pursuit: pose=(0.342, 4.032, -1.208) cte=-0.018 closest=2537 target=2585 path_dist=0.018 heading_err=0.006 steer=-0.036 speed=3.849
[gpu_amcl_cpp_node-6] [INFO] [1788991046.143668425] [gpu_amcl_cpp]: AMCL odom delta: at_scan=(-0.429, -0.250, 0.289) baseline=(-0.614, -0.307, 0.311) delta=(0.185, 0.057, -0.023) moved=true scan_age=0.051s
[gpu_amcl_cpp_node-6] [WARN] [1788991046.216831689] [gpu_amcl_cpp]: No local AMCL cluster near odometry prediction; using causal odometry pose.
[ground_truth_amcl_monitor-7] [INFO] [1788991046.493317868] [ground_truth_amcl_monitor]: AMCL vs GT: gt=(0.954, 1.972) amcl=(0.884, 2.312) error=0.347 m / 0.010 rad; current_map=(0.932, 2.127, -1.320) error=0.156 m / 0.000 rad; odom=(0.891, 2.344, -1.320) error=0.377 m / 0.000 rad; ekf=(0.891, 2.344, -1.320) error=0.377 m / 0.000 rad; RMS=0.125 m / 0.028 rad max=0.606 m / 0.180 rad samples=2957
[component_container-9] [INFO] [1788991046.939132742] [pure_pursuit_node]: Pure Pursuit: pose=(1.259, 0.362, -1.424) cte=-0.001 closest=141 target=189 path_dist=0.001 heading_err=-0.018 steer=-0.045 speed=3.957
[gpu_amcl_cpp_node-6] [INFO] [1788991046.997037982] [gpu_amcl_cpp]: AMCL local correction: odom_prediction=(1.260, 0.354, -1.432) scan=(1.261, 0.376, -1.417) correction=0.023 m/0.016 rad cluster_weight=0.920 publish=true
[gpu_amcl_cpp_node-6] [INFO] [1788991047.166052273] [gpu_amcl_cpp]: AMCL odom delta: at_scan=(3.285, 0.481, 0.057) baseline=(3.092, 0.468, 0.078) delta=(0.192, 0.013, -0.021) moved=true scan_age=0.051s
[ground_truth_amcl_monitor-7] [INFO] [1788991047.494014672] [ground_truth_amcl_monitor]: AMCL vs GT: gt=(1.412, -1.932) amcl=(1.419, -1.484) error=0.448 m / 0.039 rad; current_map=(1.417, -1.674, -1.600) error=0.258 m / 0.000 rad; odom=(1.319, -1.336, -1.600) error=0.603 m / 0.000 rad; ekf=(1.319, -1.336, -1.600) error=0.603 m / 0.000 rad; RMS=0.131 m / 0.028 rad max=0.639 m / 0.180 rad samples=2993
[gpu_amcl_cpp_node-6] [INFO] [1788991047.890989533] [gpu_amcl_cpp]: Received LiDAR callback #1519 (1081 ranges).
[gpu_amcl_cpp_node-6] [INFO] [1788991047.891053222] [gpu_amcl_cpp]: Starting AMCL scan update #1519 (sampled from 1081 ranges).
[gpu_amcl_cpp_node-6] [INFO] [1788991047.891604410] [gpu_amcl_cpp]: AMCL scan update #1519 completed; evaluating pose confidence.
[component_container-9] [INFO] [1788991047.941364752] [pure_pursuit_node]: Pure Pursuit: pose=(1.218, -3.612, -1.696) cte=-0.021 closest=340 target=388 path_dist=0.021 heading_err=-0.007 steer=-0.038 speed=3.861
[gpu_amcl_cpp_node-6] [INFO] [1788991048.001300813] [gpu_amcl_cpp]: AMCL local correction: odom_prediction=(1.213, -3.644, -1.706) scan=(1.209, -3.697, -1.698) correction=0.053 m/0.008 rad cluster_weight=0.919 publish=true
[gpu_amcl_cpp_node-6] [INFO] [1788991048.189173592] [gpu_amcl_cpp]: AMCL odom delta: at_scan=(7.056, 0.175, -0.203) baseline=(6.786, 0.229, -0.188) delta=(0.270, -0.054, -0.015) moved=true scan_age=0.051s
[ground_truth_amcl_monitor-7] [INFO] [1788991048.517136941] [ground_truth_amcl_monitor]: AMCL vs GT: gt=(0.824, -5.830) amcl=(0.888, -5.477) error=0.358 m / 0.012 rad; current_map=(0.854, -5.663, -1.759) error=0.169 m / 0.000 rad; odom=(0.754, -5.085, -1.759) error=0.748 m / 0.000 rad; ekf=(0.754, -5.085, -1.759) error=0.748 m / 0.000 rad; RMS=0.135 m / 0.028 rad max=0.639 m / 0.180 rad samples=3029
[component_container-9] [INFO] [1788991048.967102270] [pure_pursuit_node]: Pure Pursuit: pose=(0.418, -7.613, -1.804) cte=-0.012 closest=544 target=592 path_dist=0.012 heading_err=-0.009 steer=-0.047 speed=3.800
[gpu_amcl_cpp_node-6] [INFO] [1788991049.042190014] [gpu_amcl_cpp]: AMCL local correction: odom_prediction=(0.393, -7.717, -1.815) scan=(0.391, -7.774, -1.808) correction=0.057 m/0.007 rad cluster_weight=0.981 publish=true
[gpu_amcl_cpp_node-6] [INFO] [1788991049.194985222] [gpu_amcl_cpp]: AMCL odom delta: at_scan=(10.689, -0.638, -0.319) baseline=(10.506, -0.581, -0.291) delta=(0.183, -0.058, -0.028) moved=true scan_age=0.053s
[ground_truth_amcl_monitor-7] [INFO] [1788991049.540728408] [ground_truth_amcl_monitor]: AMCL vs GT: gt=(-0.207, -9.385) amcl=(-0.044, -9.037) error=0.384 m / 0.026 rad; current_map=(-0.106, -9.156, -2.065) error=0.251 m / 0.000 rad; odom=(-0.079, -8.116, -2.065) error=1.276 m / 0.000 rad; ekf=(-0.079, -8.116, -2.065) error=1.276 m / 0.000 rad; RMS=0.137 m / 0.028 rad max=0.639 m / 0.180 rad samples=3065
[component_container-9] [INFO] [1788991049.988853492] [pure_pursuit_node]: Pure Pursuit: pose=(-0.965, -10.294, -2.614) cte=-0.246 closest=692 target=736 path_dist=0.246 heading_err=-0.259 steer=-0.477 speed=1.883
[gpu_amcl_cpp_node-6] [INFO] [1788991050.047066820] [gpu_amcl_cpp]: AMCL local correction: odom_prediction=(-0.949, -10.290, -2.616) scan=(-0.939, -10.292, -2.597) correction=0.010 m/0.019 rad cluster_weight=1.000 publish=true
[gpu_amcl_cpp_node-6] [INFO] [1788991050.215390449] [gpu_amcl_cpp]: AMCL odom delta: at_scan=(12.259, -1.780, -1.313) baseline=(12.253, -1.763, -1.227) delta=(0.005, -0.017, -0.086) moved=true scan_age=0.051s
[ground_truth_amcl_monitor-7] [INFO] [1788991050.542162202] [ground_truth_amcl_monitor]: AMCL vs GT: gt=(-1.703, -10.394) amcl=(-1.619, -10.391) error=0.085 m / 0.091 rad; current_map=(-1.709, -10.363, 2.791) error=0.032 m / 0.000 rad; odom=(-1.473, -9.054, 2.791) error=1.359 m / 0.000 rad; ekf=(-1.383, -9.083, 2.883) error=1.350 m / 0.091 rad; RMS=0.137 m / 0.028 rad max=0.639 m / 0.180 rad samples=3101
[component_container-9] [INFO] [1788991050.992878329] [pure_pursuit_node]: Pure Pursuit: pose=(-2.401, -9.742, 2.126) cte=-0.100 closest=763 target=807 path_dist=0.100 heading_err=0.184 steer=-0.081 speed=2.603
[gpu_amcl_cpp_node-6] [WARN] [1788991051.063487775] [gpu_amcl_cpp]: Queued LiDAR scan until source-time odometry arrives (queued=1).
[gpu_amcl_cpp_node-6] [INFO] [1788991051.068101126] [gpu_amcl_cpp]: AMCL local correction: odom_prediction=(-2.419, -9.708, 2.117) scan=(-2.426, -9.702, 2.127) correction=0.009 m/0.010 rad cluster_weight=0.969 publish=true
[gpu_amcl_cpp_node-6] [INFO] [1788991051.217964605] [gpu_amcl_cpp]: AMCL odom delta: at_scan=(11.210, -3.183, -2.685) baseline=(11.327, -3.124, -2.661) delta=(-0.117, -0.059, -0.024) moved=true scan_age=0.051s
[ground_truth_amcl_monitor-7] [INFO] [1788991051.565576294] [ground_truth_amcl_monitor]: AMCL vs GT: gt=(-3.014, -8.336) amcl=(-2.959, -8.489) error=0.162 m / 0.042 rad; current_map=(-3.012, -8.307, 1.833) error=0.030 m / 0.000 rad; odom=(-2.799, -6.973, 1.833) error=1.380 m / 0.000 rad; ekf=(-2.799, -6.973, 1.833) error=1.380 m / 0.000 rad; RMS=0.137 m / 0.029 rad max=0.639 m / 0.180 rad samples=3137
[component_container-9] [INFO] [1788991051.995385004] [pure_pursuit_node]: Pure Pursuit: pose=(-3.145, -6.566, 1.529) cte=0.000 closest=928 target=976 path_dist=0.000 heading_err=-0.022 steer=-0.064 speed=3.921
[gpu_amcl_cpp_node-6] [INFO] [1788991052.069645000] [gpu_amcl_cpp]: AMCL local correction: odom_prediction=(-3.142, -6.501, 1.514) scan=(-3.146, -6.484, 1.518) correction=0.018 m/0.003 rad cluster_weight=0.986 publish=true
[gpu_amcl_cpp_node-6] [INFO] [1788991052.240121027] [gpu_amcl_cpp]: AMCL odom delta: at_scan=(7.647, -3.653, 2.962) baseline=(7.906, -3.693, 3.012) delta=(-0.259, 0.040, -0.050) moved=true scan_age=0.052s
[ground_truth_amcl_monitor-7] [INFO] [1788991052.590023535] [ground_truth_amcl_monitor]: AMCL vs GT: gt=(-2.741, -4.438) amcl=(-2.827, -4.752) error=0.325 m / 0.019 rad; current_map=(-2.752, -4.501, 1.273) error=0.064 m / 0.000 rad; odom=(-2.536, -3.232, 1.273) error=1.223 m / 0.000 rad; ekf=(-2.536, -3.232, 1.273) error=1.223 m / 0.000 rad; RMS=0.137 m / 0.029 rad max=0.639 m / 0.180 rad samples=3173
[gpu_amcl_cpp_node-6] [INFO] [1788991052.917007544] [gpu_amcl_cpp]: Received LiDAR callback #1609 (1081 ranges).
[gpu_amcl_cpp_node-6] [INFO] [1788991052.917065323] [gpu_amcl_cpp]: Starting AMCL scan update #1609 (sampled from 1081 ranges).
[gpu_amcl_cpp_node-6] [INFO] [1788991052.917621229] [gpu_amcl_cpp]: AMCL scan update #1609 completed; evaluating pose confidence.
[component_container-9] [INFO] [1788991053.038751816] [pure_pursuit_node]: Pure Pursuit: pose=(-2.219, -2.687, 1.295) cte=0.001 closest=1128 target=1176 path_dist=0.001 heading_err=0.011 steer=0.012 speed=3.978
[gpu_amcl_cpp_node-6] [INFO] [1788991053.096196688] [gpu_amcl_cpp]: AMCL local correction: odom_prediction=(-2.206, -2.649, 1.299) scan=(-2.202, -2.627, 1.280) correction=0.022 m/0.018 rad cluster_weight=0.945 publish=true
[gpu_amcl_cpp_node-6] [INFO] [1788991053.266358783] [gpu_amcl_cpp]: AMCL odom delta: at_scan=(3.983, -2.638, 2.890) baseline=(4.164, -2.685, 2.880) delta=(-0.181, 0.047, 0.010) moved=true scan_age=0.053s
[gpu_amcl_cpp_node-6] [WARN] [1788991053.489774393] [gpu_amcl_cpp]: Queued LiDAR scan until source-time odometry arrives (queued=1).
[ground_truth_amcl_monitor-7] [INFO] [1788991053.592546673] [ground_truth_amcl_monitor]: AMCL vs GT: gt=(-1.698, -0.637) amcl=(-1.757, -0.917) error=0.286 m / 0.003 rad; current_map=(-1.713, -0.733, 1.337) error=0.096 m / 0.000 rad; odom=(-1.597, 0.171, 1.334) error=0.814 m / 0.003 rad; ekf=(-1.597, 0.171, 1.334) error=0.814 m / 0.003 rad; RMS=0.138 m / 0.028 rad max=0.639 m / 0.180 rad samples=3209
[component_container-9] [INFO] [1788991054.040451112] [pure_pursuit_node]: Pure Pursuit: pose=(-1.335, 1.176, 1.428) cte=0.011 closest=1326 target=1374 path_dist=0.011 heading_err=-0.003 steer=0.050 speed=3.431
[gpu_amcl_cpp_node-6] [INFO] [1788991054.096242090] [gpu_amcl_cpp]: AMCL local correction: odom_prediction=(-1.327, 1.201, 1.435) scan=(-1.322, 1.225, 1.418) correction=0.024 m/0.017 rad cluster_weight=0.956 publish=true
[gpu_amcl_cpp_node-6] [INFO] [1788991054.317969151] [gpu_amcl_cpp]: AMCL odom delta: at_scan=(0.212, -1.945, 3.122) baseline=(0.342, -1.949, 3.094) delta=(-0.130, 0.004, 0.029) moved=true scan_age=0.052s
[ground_truth_amcl_monitor-7] [INFO] [1788991054.615830103] [ground_truth_amcl_monitor]: AMCL vs GT: gt=(-1.337, 2.866) amcl=(-1.274, 2.473) error=0.397 m / 0.013 rad; current_map=(-1.305, 2.675, 1.725) error=0.193 m / 0.000 rad; odom=(-1.191, 3.383, 1.725) error=0.537 m / 0.000 rad; ekf=(-1.191, 3.383, 1.725) error=0.537 m / 0.000 rad; RMS=0.140 m / 0.028 rad max=0.639 m / 0.180 rad samples=3245
[component_container-9] [INFO] [1788991055.066138012] [pure_pursuit_node]: Pure Pursuit: pose=(-1.582, 3.620, 2.352) cte=0.090 closest=1450 target=1491 path_dist=0.090 heading_err=-0.127 steer=0.402 speed=1.670
[gpu_amcl_cpp_node-6] [INFO] [1788991055.122366824] [gpu_amcl_cpp]: AMCL local correction: odom_prediction=(-1.657, 3.742, 2.357) scan=(-1.682, 3.804, 2.330) correction=0.067 m/0.027 rad cluster_weight=0.982 publish=true
[gpu_amcl_cpp_node-6] [INFO] [1788991055.341582137] [gpu_amcl_cpp]: AMCL odom delta: at_scan=(-1.079, -2.536, -1.950) baseline=(-1.045, -2.462, -2.064) delta=(-0.034, -0.074, 0.114) moved=true scan_age=0.051s
[ground_truth_amcl_monitor-7] [INFO] [1788991055.616723633] [ground_truth_amcl_monitor]: AMCL vs GT: gt=(-2.274, 4.065) amcl=(-2.191, 4.107) error=0.094 m / 0.082 rad; current_map=(-2.238, 4.107, -3.097) error=0.055 m / 0.000 rad; odom=(-1.916, 4.267, -3.097) error=0.412 m / 0.000 rad; ekf=(-1.916, 4.267, -3.097) error=0.412 m / 0.000 rad; RMS=0.140 m / 0.029 rad max=0.639 m / 0.180 rad samples=3281
[component_container-9] [INFO] [1788991056.068154674] [pure_pursuit_node]: Pure Pursuit: pose=(-2.875, 3.782, -2.270) cte=0.149 closest=1513 target=1555 path_dist=0.149 heading_err=-0.152 steer=0.304 speed=1.732
[gpu_amcl_cpp_node-6] [INFO] [1788991056.141707787] [gpu_amcl_cpp]: AMCL local correction: odom_prediction=(-2.876, 3.752, -2.240) scan=(-2.865, 3.743, -2.246) correction=0.015 m/0.006 rad cluster_weight=0.985 publish=true
[gpu_amcl_cpp_node-6] [INFO] [1788991056.343182845] [gpu_amcl_cpp]: AMCL odom delta: at_scan=(-0.477, -3.550, -0.379) baseline=(-0.559, -3.514, -0.443) delta=(0.082, -0.036, 0.064) moved=true scan_age=0.051s
[ground_truth_amcl_monitor-7] [INFO] [1788991056.640749921] [ground_truth_amcl_monitor]: AMCL vs GT: gt=(-3.177, 2.849) amcl=(-3.137, 2.996) error=0.152 m / 0.045 rad; current_map=(-3.160, 2.822, -1.683) error=0.032 m / 0.000 rad; odom=(-2.887, 3.032, -1.683) error=0.343 m / 0.000 rad; ekf=(-2.887, 3.032, -1.683) error=0.343 m / 0.000 rad; RMS=0.139 m / 0.029 rad max=0.639 m / 0.180 rad samples=3317
[component_container-9] [INFO] [1788991057.117950031] [pure_pursuit_node]: Pure Pursuit: pose=(-3.324, 1.132, -1.705) cte=0.003 closest=1645 target=1693 path_dist=0.003 heading_err=-0.002 steer=-0.127 speed=2.652
[gpu_amcl_cpp_node-6] [INFO] [1788991057.192139241] [gpu_amcl_cpp]: AMCL local correction: odom_prediction=(-3.332, 1.093, -1.726) scan=(-3.325, 1.134, -1.714) correction=0.042 m/0.012 rad cluster_weight=0.978 publish=true
[gpu_amcl_cpp_node-6] [INFO] [1788991057.344013879] [gpu_amcl_cpp]: AMCL odom delta: at_scan=(2.172, -3.922, -0.318) baseline=(2.113, -3.905, -0.249) delta=(0.059, -0.017, -0.069) moved=true scan_age=0.051s
[ground_truth_amcl_monitor-7] [INFO] [1788991057.689983247] [ground_truth_amcl_monitor]: AMCL vs GT: gt=(-3.738, -0.033) amcl=(-3.643, 0.196) error=0.249 m / 0.030 rad; current_map=(-3.711, 0.037, -1.991) error=0.075 m / 0.000 rad; odom=(-3.347, 0.443, -1.991) error=0.616 m / 0.000 rad; ekf=(-3.347, 0.443, -1.991) error=0.616 m / 0.000 rad; RMS=0.139 m / 0.029 rad max=0.639 m / 0.180 rad samples=3355
[gpu_amcl_cpp_node-6] [INFO] [1788991057.965507340] [gpu_amcl_cpp]: Received LiDAR callback #1701 (1081 ranges).
[gpu_amcl_cpp_node-6] [INFO] [1788991057.965569036] [gpu_amcl_cpp]: Starting AMCL scan update #1701 (sampled from 1081 ranges).
[gpu_amcl_cpp_node-6] [INFO] [1788991057.966700285] [gpu_amcl_cpp]: AMCL scan update #1701 completed; evaluating pose confidence.
[component_container-9] [INFO] [1788991058.137603170] [pure_pursuit_node]: Pure Pursuit: pose=(-4.285, -0.530, -2.817) cte=-0.139 closest=1742 target=1785 path_dist=0.139 heading_err=0.015 steer=-0.384 speed=1.720
[gpu_amcl_cpp_node-6] [INFO] [1788991058.195780228] [gpu_amcl_cpp]: AMCL local correction: odom_prediction=(-4.292, -0.573, -2.817) scan=(-4.286, -0.573, -2.796) correction=0.006 m/0.021 rad cluster_weight=0.978 publish=true
[gpu_amcl_cpp_node-6] [INFO] [1788991058.364760355] [gpu_amcl_cpp]: AMCL odom delta: at_scan=(3.196, -4.936, -1.574) baseline=(3.192, -4.852, -1.474) delta=(0.004, -0.084, -0.100) moved=true scan_age=0.051s
[ground_truth_amcl_monitor-7] [INFO] [1788991058.694586993] [ground_truth_amcl_monitor]: AMCL vs GT: gt=(-5.094, -0.471) amcl=(-4.985, -0.527) error=0.122 m / 0.079 rad; current_map=(-5.060, -0.486, 2.598) error=0.037 m / 0.000 rad; odom=(-4.620, 0.104, 2.598) error=0.746 m / 0.000 rad; ekf=(-4.620, 0.104, 2.598) error=0.746 m / 0.000 rad; RMS=0.139 m / 0.030 rad max=0.639 m / 0.180 rad samples=3391
[component_container-9] [INFO] [1788991059.141395197] [pure_pursuit_node]: Pure Pursuit: pose=(-5.696, 0.311, 1.942) cte=-0.044 closest=1828 target=1872 path_dist=0.044 heading_err=0.044 steer=-0.079 speed=3.108
[gpu_amcl_cpp_node-6] [INFO] [1788991059.199476154] [gpu_amcl_cpp]: AMCL local correction: odom_prediction=(-5.703, 0.331, 1.952) scan=(-5.696, 0.301, 1.963) correction=0.031 m/0.011 rad cluster_weight=0.969 publish=true
[gpu_amcl_cpp_node-6] [INFO] [1788991059.365799160] [gpu_amcl_cpp]: AMCL odom delta: at_scan=(1.769, -6.204, -2.886) baseline=(1.928, -6.159, -2.855) delta=(-0.159, -0.044, -0.031) moved=true scan_age=0.050s
[ground_truth_amcl_monitor-7] [INFO] [1788991059.695445637] [ground_truth_amcl_monitor]: AMCL vs GT: gt=(-6.107, 1.988) amcl=(-6.063, 1.752) error=0.240 m / 0.028 rad; current_map=(-6.088, 1.943, 1.689) error=0.049 m / 0.000 rad; odom=(-5.606, 2.382, 1.717) error=0.637 m / 0.028 rad; ekf=(-5.606, 2.382, 1.717) error=0.637 m / 0.028 rad; RMS=0.139 m / 0.030 rad max=0.639 m / 0.180 rad samples=3427
[component_container-9] [INFO] [1788991060.144200291] [pure_pursuit_node]: Pure Pursuit: pose=(-6.145, 3.814, 1.489) cte=-0.003 closest=2005 target=2053 path_dist=0.003 heading_err=0.010 steer=-0.040 speed=3.910
[gpu_amcl_cpp_node-6] [INFO] [1788991060.217019312] [gpu_amcl_cpp]: AMCL local correction: odom_prediction=(-6.145, 3.903, 1.476) scan=(-6.143, 3.941, 1.485) correction=0.038 m/0.009 rad cluster_weight=0.975 publish=true
[gpu_amcl_cpp_node-6] [INFO] [1788991060.369159959] [gpu_amcl_cpp]: AMCL odom delta: at_scan=(-1.907, -6.401, 2.971) baseline=(-1.717, -6.432, 2.991) delta=(-0.190, 0.031, -0.020) moved=true scan_age=0.052s
[ground_truth_amcl_monitor-7] [INFO] [1788991060.715076772] [ground_truth_amcl_monitor]: AMCL vs GT: gt=(-5.716, 5.877) amcl=(-5.816, 5.576) error=0.317 m / 0.067 rad; current_map=(-5.748, 5.735, 1.137) error=0.146 m / 0.000 rad; odom=(-5.279, 6.214, 1.137) error=0.552 m / 0.000 rad; ekf=(-5.279, 6.214, 1.137) error=0.552 m / 0.000 rad; RMS=0.140 m / 0.030 rad max=0.639 m / 0.180 rad samples=3463
[component_container-9] [INFO] [1788991061.162914518] [pure_pursuit_node]: Pure Pursuit: pose=(-4.959, 7.024, 0.796) cte=-0.066 closest=2178 target=2224 path_dist=0.066 heading_err=-0.079 steer=-0.233 speed=3.036
[gpu_amcl_cpp_node-6] [INFO] [1788991061.219049031] [gpu_amcl_cpp]: AMCL local correction: odom_prediction=(-4.964, 7.060, 0.802) scan=(-4.977, 7.071, 0.838) correction=0.017 m/0.036 rad cluster_weight=0.995 publish=true
[gpu_amcl_cpp_node-6] [INFO] [1788991061.388722811] [gpu_amcl_cpp]: AMCL odom delta: at_scan=(-4.272, -5.081, 2.035) baseline=(-4.169, -5.259, 2.164) delta=(-0.104, 0.178, -0.130) moved=true scan_age=0.051s
[ground_truth_amcl_monitor-7] [INFO] [1788991061.717987146] [ground_truth_amcl_monitor]: AMCL vs GT: gt=(-3.631, 7.636) amcl=(-3.806, 7.602) error=0.178 m / 0.051 rad; current_map=(-3.638, 7.617, 0.061) error=0.020 m / 0.000 rad; odom=(-3.326, 7.662, 0.061) error=0.306 m / 0.000 rad; ekf=(-3.326, 7.662, 0.061) error=0.306 m / 0.000 rad; RMS=0.141 m / 0.030 rad max=0.639 m / 0.180 rad samples=3499
[component_container-9] [INFO] [1788991062.165533953] [pure_pursuit_node]: Pure Pursuit: pose=(-1.926, 7.217, -0.558) cte=-0.007 closest=2339 target=2386 path_dist=0.007 heading_err=0.033 steer=-0.081 speed=3.836
[gpu_amcl_cpp_node-6] [INFO] [1788991062.221868883] [gpu_amcl_cpp]: AMCL local correction: odom_prediction=(-1.944, 7.228, -0.547) scan=(-1.975, 7.245, -0.548) correction=0.035 m/0.001 rad cluster_weight=0.972 publish=true
[gpu_amcl_cpp_node-6] [INFO] [1788991062.391185069] [gpu_amcl_cpp]: AMCL odom delta: at_scan=(-3.704, -1.836, 0.860) baseline=(-3.823, -1.982, 0.914) delta=(0.118, 0.145, -0.054) moved=true scan_age=0.052s
[ground_truth_amcl_monitor-7] [INFO] [1788991062.742010085] [ground_truth_amcl_monitor]: AMCL vs GT: gt=(-0.572, 5.842) amcl=(-0.760, 6.111) error=0.328 m / 0.038 rad; current_map=(-0.605, 5.895, -0.968) error=0.063 m / 0.000 rad; odom=(-0.190, 5.884, -0.968) error=0.385 m / 0.000 rad; ekf=(-0.190, 5.884, -0.968) error=0.385 m / 0.000 rad; RMS=0.141 m / 0.030 rad max=0.639 m / 0.180 rad samples=3535
[gpu_amcl_cpp_node-6] [INFO] [1788991063.017048677] [gpu_amcl_cpp]: Received LiDAR callback #1791 (1081 ranges).
[gpu_amcl_cpp_node-6] [INFO] [1788991063.017138015] [gpu_amcl_cpp]: Starting AMCL scan update #1791 (sampled from 1081 ranges).
[gpu_amcl_cpp_node-6] [INFO] [1788991063.017952929] [gpu_amcl_cpp]: AMCL scan update #1791 completed; evaluating pose confidence.
[component_container-9] [INFO] [1788991063.229353707] [pure_pursuit_node]: Pure Pursuit: pose=(0.347, 4.006, -1.195) cte=-0.014 closest=2539 target=3 path_dist=0.014 heading_err=-0.010 steer=-0.044 speed=3.875
[gpu_amcl_cpp_node-6] [INFO] [1788991063.234260030] [gpu_amcl_cpp]: AMCL local correction: odom_prediction=(0.226, 4.311, -1.189) scan=(0.264, 4.303, -1.189) correction=0.038 m/0.001 rad cluster_weight=0.953 publish=true
[gpu_amcl_cpp_node-6] [INFO] [1788991063.392504390] [gpu_amcl_cpp]: AMCL odom delta: at_scan=(-0.566, 0.033, 0.333) baseline=(-0.668, -0.004, 0.358) delta=(0.102, 0.037, -0.025) moved=true scan_age=0.051s
[gpu_amcl_cpp_node-6] [WARN] [1788991063.445896873] [gpu_amcl_cpp]: Queued LiDAR scan until source-time odometry arrives (queued=1).
[ground_truth_amcl_monitor-7] [INFO] [1788991063.745461336] [ground_truth_amcl_monitor]: AMCL vs GT: gt=(0.870, 2.288) amcl=(0.851, 2.528) error=0.240 m / 0.000 rad; current_map=(0.849, 2.536, -1.282) error=0.248 m / 0.000 rad; odom=(1.144, 2.629, -1.282) error=0.437 m / 0.000 rad; ekf=(1.144, 2.629, -1.282) error=0.437 m / 0.000 rad; RMS=0.142 m / 0.030 rad max=0.639 m / 0.180 rad samples=3570
[component_container-9] [INFO] [1788991064.238391209] [pure_pursuit_node]: Pure Pursuit: pose=(1.226, 0.571, -1.364) cte=0.003 closest=130 target=178 path_dist=0.003 heading_err=-0.063 steer=-0.065 speed=3.945
[gpu_amcl_cpp_node-6] [INFO] [1788991064.243561368] [gpu_amcl_cpp]: AMCL local correction: odom_prediction=(1.183, 0.782, -1.384) scan=(1.179, 0.788, -1.379) correction=0.007 m/0.005 rad cluster_weight=0.928 publish=true
[gpu_amcl_cpp_node-6] [INFO] [1788991064.394454815] [gpu_amcl_cpp]: AMCL odom delta: at_scan=(2.914, 0.782, 0.134) baseline=(2.728, 0.754, 0.168) delta=(0.187, 0.028, -0.034) moved=true scan_age=0.051s
[ground_truth_amcl_monitor-7] [INFO] [1788991064.746503499] [ground_truth_amcl_monitor]: AMCL vs GT: gt=(1.408, -1.546) amcl=(1.414, -1.254) error=0.292 m / 0.000 rad; current_map=(1.408, -1.222, -1.532) error=0.324 m / 0.000 rad; odom=(1.657, -1.037, -1.532) error=0.566 m / 0.000 rad; ekf=(1.657, -1.037, -1.532) error=0.566 m / 0.000 rad; RMS=0.149 m / 0.030 rad max=0.711 m / 0.180 rad samples=3606
[component_container-9] [INFO] [1788991065.240596348] [pure_pursuit_node]: Pure Pursuit: pose=(1.237, -3.460, -1.664) cte=-0.021 closest=332 target=380 path_dist=0.021 heading_err=-0.034 steer=-0.051 speed=3.864
[gpu_amcl_cpp_node-6] [INFO] [1788991065.245229326] [gpu_amcl_cpp]: AMCL local correction: odom_prediction=(1.256, -3.290, -1.674) scan=(1.258, -3.312, -1.680) correction=0.022 m/0.006 rad cluster_weight=0.938 publish=true
[gpu_amcl_cpp_node-6] [INFO] [1788991065.415202786] [gpu_amcl_cpp]: AMCL odom delta: at_scan=(6.678, 0.601, -0.173) baseline=(6.422, 0.640, -0.133) delta=(0.256, -0.040, -0.041) moved=true scan_age=0.052s
[ground_truth_amcl_monitor-7] [INFO] [1788991065.751094796] [ground_truth_amcl_monitor]: AMCL vs GT: gt=(0.907, -5.358) amcl=(0.933, -5.222) error=0.138 m / 0.000 rad; current_map=(0.934, -5.211, -1.738) error=0.149 m / 0.000 rad; odom=(1.170, -4.722, -1.738) error=0.688 m / 0.000 rad; ekf=(1.170, -4.722, -1.738) error=0.688 m / 0.000 rad; RMS=0.151 m / 0.030 rad max=0.711 m / 0.180 rad samples=3642
[component_container-9] [INFO] [1788991066.243817634] [pure_pursuit_node]: Pure Pursuit: pose=(0.480, -7.332, -1.808) cte=-0.006 closest=530 target=577 path_dist=0.006 heading_err=0.001 steer=-0.019 speed=3.890
[gpu_amcl_cpp_node-6] [INFO] [1788991066.248473445] [gpu_amcl_cpp]: AMCL local correction: odom_prediction=(0.523, -7.161, -1.801) scan=(0.517, -7.193, -1.795) correction=0.032 m/0.005 rad cluster_weight=0.969 publish=true
[gpu_amcl_cpp_node-6] [INFO] [1788991066.417438156] [gpu_amcl_cpp]: AMCL odom delta: at_scan=(10.308, -0.178, -0.272) baseline=(10.126, -0.129, -0.261) delta=(0.181, -0.050, -0.012) moved=true scan_age=0.054s
[ground_truth_amcl_monitor-7] [INFO] [1788991066.814437604] [ground_truth_amcl_monitor]: AMCL vs GT: gt=(-0.117, -9.221) amcl=(0.028, -8.884) error=0.367 m / 0.047 rad; current_map=(-0.004, -8.952, -2.037) error=0.292 m / 0.000 rad; odom=(0.315, -8.087, -2.037) error=1.213 m / 0.000 rad; ekf=(0.315, -8.087, -2.037) error=1.213 m / 0.000 rad; RMS=0.152 m / 0.030 rad max=0.711 m / 0.180 rad samples=3679
[gpu_amcl_cpp_node-6] [INFO] [1788991067.248522076] [gpu_amcl_cpp]: AMCL local correction: odom_prediction=(-0.700, -10.073, -2.465) scan=(-0.692, -10.083, -2.442) correction=0.013 m/0.023 rad cluster_weight=0.999 publish=true
[component_container-9] [INFO] [1788991067.312204461] [pure_pursuit_node]: Pure Pursuit: pose=(-0.851, -10.170, -2.671) cte=-0.164 closest=686 target=728 path_dist=0.164 heading_err=-0.098 steer=-0.401 speed=2.080
[gpu_amcl_cpp_node-6] [INFO] [1788991067.420631013] [gpu_amcl_cpp]: AMCL odom delta: at_scan=(12.178, -1.219, -1.201) baseline=(12.168, -1.198, -1.105) delta=(0.010, -0.021, -0.095) moved=true scan_age=0.054s
[ground_truth_amcl_monitor-7] [INFO] [1788991067.840507718] [ground_truth_amcl_monitor]: AMCL vs GT: gt=(-1.741, -10.255) amcl=(-1.596, -10.272) error=0.145 m / 0.124 rad; current_map=(-1.736, -10.227, 2.772) error=0.028 m / 0.000 rad; odom=(-1.140, -8.985, 2.772) error=1.405 m / 0.000 rad; ekf=(-1.140, -8.985, 2.772) error=1.405 m / 0.000 rad; RMS=0.153 m / 0.031 rad max=0.711 m / 0.180 rad samples=3715
[gpu_amcl_cpp_node-6] [INFO] [1788991068.068242779] [gpu_amcl_cpp]: Received LiDAR callback #1881 (1081 ranges).
[gpu_amcl_cpp_node-6] [INFO] [1788991068.068304335] [gpu_amcl_cpp]: Starting AMCL scan update #1881 (sampled from 1081 ranges).
[gpu_amcl_cpp_node-6] [INFO] [1788991068.069117626] [gpu_amcl_cpp]: AMCL scan update #1881 completed; evaluating pose confidence.
[gpu_amcl_cpp_node-6] [INFO] [1788991068.295283483] [gpu_amcl_cpp]: AMCL local correction: odom_prediction=(-2.483, -9.567, 2.158) scan=(-2.472, -9.581, 2.170) correction=0.018 m/0.013 rad cluster_weight=0.974 publish=true
[component_container-9] [INFO] [1788991068.341887631] [pure_pursuit_node]: Pure Pursuit: pose=(-2.613, -9.352, 2.068) cte=-0.039 closest=785 target=829 path_dist=0.039 heading_err=0.048 steer=-0.083 speed=3.194
[gpu_amcl_cpp_node-6] [INFO] [1788991068.464973077] [gpu_amcl_cpp]: AMCL odom delta: at_scan=(11.096, -2.892, -2.704) baseline=(11.273, -2.802, -2.645) delta=(-0.178, -0.090, -0.060) moved=true scan_age=0.052s
[ground_truth_amcl_monitor-7] [INFO] [1788991068.864450434] [ground_truth_amcl_monitor]: AMCL vs GT: gt=(-3.108, -7.864) amcl=(-3.064, -8.114) error=0.254 m / 0.082 rad; current_map=(-3.108, -7.846, 1.693) error=0.018 m / 0.000 rad; odom=(-2.508, -6.568, 1.693) error=1.428 m / 0.000 rad; ekf=(-2.508, -6.568, 1.693) error=1.428 m / 0.000 rad; RMS=0.152 m / 0.031 rad max=0.711 m / 0.180 rad samples=3751
[gpu_amcl_cpp_node-6] [INFO] [1788991069.317690246] [gpu_amcl_cpp]: AMCL local correction: odom_prediction=(-3.113, -6.195, 1.464) scan=(-3.121, -6.182, 1.469) correction=0.015 m/0.005 rad cluster_weight=0.973 publish=true
[component_container-9] [INFO] [1788991069.364272813] [pure_pursuit_node]: Pure Pursuit: pose=(-3.053, -5.823, 1.362) cte=0.009 closest=966 target=1013 path_dist=0.009 heading_err=0.047 steer=-0.007 speed=3.848
[gpu_amcl_cpp_node-6] [INFO] [1788991069.469221870] [gpu_amcl_cpp]: AMCL odom delta: at_scan=(7.496, -3.227, 2.931) baseline=(7.682, -3.265, 2.949) delta=(-0.187, 0.038, -0.019) moved=true scan_age=0.052s
[ground_truth_amcl_monitor-7] [INFO] [1788991069.893842558] [ground_truth_amcl_monitor]: AMCL vs GT: gt=(-2.588, -3.982) amcl=(-2.657, -4.207) error=0.235 m / 0.007 rad; current_map=(-2.593, -4.023, 1.238) error=0.041 m / 0.000 rad; odom=(-2.006, -2.827, 1.238) error=1.294 m / 0.000 rad; ekf=(-2.006, -2.827, 1.238) error=1.294 m / 0.000 rad; RMS=0.152 m / 0.031 rad max=0.711 m / 0.180 rad samples=3787
[gpu_amcl_cpp_node-6] [INFO] [1788991070.348475149] [gpu_amcl_cpp]: AMCL local correction: odom_prediction=(-2.143, -2.375, 1.272) scan=(-2.137, -2.355, 1.258) correction=0.021 m/0.014 rad cluster_weight=0.956 publish=true
[component_container-9] [INFO] [1788991070.412732154] [pure_pursuit_node]: Pure Pursuit: pose=(-2.014, -1.949, 1.281) cte=0.009 closest=1166 target=1214 path_dist=0.009 heading_err=0.035 steer=0.043 speed=3.931
[gpu_amcl_cpp_node-6] [INFO] [1788991070.517994781] [gpu_amcl_cpp]: AMCL odom delta: at_scan=(3.753, -2.182, 2.885) baseline=(3.935, -2.232, 2.863) delta=(-0.182, 0.050, 0.022) moved=true scan_age=0.053s
[ground_truth_amcl_monitor-7] [INFO] [1788991070.918365976] [ground_truth_amcl_monitor]: AMCL vs GT: gt=(-1.571, -0.077) amcl=(-1.628, -0.384) error=0.312 m / 0.007 rad; current_map=(-1.583, -0.194, 1.344) error=0.118 m / 0.000 rad; odom=(-1.049, 0.852, 1.344) error=1.065 m / 0.000 rad; ekf=(-1.049, 0.852, 1.344) error=1.065 m / 0.000 rad; RMS=0.153 m / 0.031 rad max=0.711 m / 0.180 rad samples=3823
[gpu_amcl_cpp_node-6] [INFO] [1788991071.371349331] [gpu_amcl_cpp]: AMCL local correction: odom_prediction=(-1.285, 1.567, 1.460) scan=(-1.283, 1.613, 1.443) correction=0.046 m/0.017 rad cluster_weight=0.964 publish=true
[component_container-9] [INFO] [1788991071.418956355] [pure_pursuit_node]: Pure Pursuit: pose=(-1.255, 1.943, 1.519) cte=0.012 closest=1365 target=1413 path_dist=0.012 heading_err=0.005 steer=0.112 speed=3.027
[gpu_amcl_cpp_node-6] [INFO] [1788991071.540602550] [gpu_amcl_cpp]: AMCL odom delta: at_scan=(0.272, -1.560, -3.120) baseline=(0.326, -1.560, 3.117) delta=(-0.054, 0.000, 0.046) moved=true scan_age=0.050s
[ground_truth_amcl_monitor-7] [INFO] [1788991071.941218163] [ground_truth_amcl_monitor]: AMCL vs GT: gt=(-1.390, 3.267) amcl=(-1.335, 3.029) error=0.243 m / 0.094 rad; current_map=(-1.356, 3.131, 1.826) error=0.140 m / 0.000 rad; odom=(-0.862, 3.696, 1.826) error=0.681 m / 0.000 rad; ekf=(-0.840, 3.595, 1.732) error=0.640 m / 0.094 rad; RMS=0.154 m / 0.031 rad max=0.711 m / 0.180 rad samples=3859
[gpu_amcl_cpp_node-6] [INFO] [1788991072.374457653] [gpu_amcl_cpp]: AMCL local correction: odom_prediction=(-1.787, 3.877, 2.492) scan=(-1.782, 3.905, 2.457) correction=0.028 m/0.035 rad cluster_weight=0.982 publish=true
[component_container-9] [INFO] [1788991072.436897097] [pure_pursuit_node]: Pure Pursuit: pose=(-1.954, 3.972, 2.761) cte=0.160 closest=1471 target=1514 path_dist=0.160 heading_err=0.091 steer=0.459 speed=1.586
[gpu_amcl_cpp_node-6] [INFO] [1788991072.541041168] [gpu_amcl_cpp]: AMCL odom delta: at_scan=(-1.080, -2.211, -1.860) baseline=(-1.060, -2.154, -1.963) delta=(-0.020, -0.057, 0.102) moved=true scan_age=0.051s
[ground_truth_amcl_monitor-7] [INFO] [1788991072.944695156] [ground_truth_amcl_monitor]: AMCL vs GT: gt=(-2.546, 3.939) amcl=(-2.549, 3.980) error=0.042 m / 0.000 rad; current_map=(-2.559, 3.981, -2.703) error=0.045 m / 0.000 rad; odom=(-1.970, 4.182, -2.703) error=0.625 m / 0.000 rad; ekf=(-1.970, 4.182, -2.703) error=0.625 m / 0.000 rad; RMS=0.154 m / 0.031 rad max=0.711 m / 0.180 rad samples=3896
[gpu_amcl_cpp_node-6] [INFO] [1788991073.094441017] [gpu_amcl_cpp]: Received LiDAR callback #1970 (1081 ranges).
[gpu_amcl_cpp_node-6] [INFO] [1788991073.094509075] [gpu_amcl_cpp]: Starting AMCL scan update #1970 (sampled from 1081 ranges).
[gpu_amcl_cpp_node-6] [INFO] [1788991073.095322446] [gpu_amcl_cpp]: AMCL scan update #1970 completed; evaluating pose confidence.
[gpu_amcl_cpp_node-6] [INFO] [1788991073.417433630] [gpu_amcl_cpp]: AMCL local correction: odom_prediction=(-3.020, 3.380, -1.960) scan=(-3.017, 3.349, -1.963) correction=0.031 m/0.003 rad cluster_weight=0.966 publish=true
[component_container-9] [INFO] [1788991073.463312602] [pure_pursuit_node]: Pure Pursuit: pose=(-3.084, 3.191, -1.833) cte=0.030 closest=1541 target=1585 path_dist=0.030 heading_err=0.019 steer=0.116 speed=2.446
[gpu_amcl_cpp_node-6] [INFO] [1788991073.570250199] [gpu_amcl_cpp]: AMCL odom delta: at_scan=(-0.181, -3.353, -0.217) baseline=(-0.284, -3.327, -0.267) delta=(0.102, -0.025, 0.051) moved=true scan_age=0.052s
[ground_truth_amcl_monitor-7] [INFO] [1788991073.971253968] [ground_truth_amcl_monitor]: AMCL vs GT: gt=(-3.252, 1.968) amcl=(-3.220, 2.133) error=0.169 m / 0.004 rad; current_map=(-3.238, 1.944, -1.667) error=0.028 m / 0.000 rad; odom=(-2.683, 2.210, -1.667) error=0.618 m / 0.000 rad; ekf=(-2.683, 2.210, -1.667) error=0.618 m / 0.000 rad; RMS=0.153 m / 0.031 rad max=0.711 m / 0.180 rad samples=3931
[gpu_amcl_cpp_node-6] [INFO] [1788991074.443515933] [gpu_amcl_cpp]: AMCL local correction: odom_prediction=(-3.430, 0.755, -1.965) scan=(-3.470, 0.651, -1.945) correction=0.111 m/0.020 rad cluster_weight=0.982 publish=true
[component_container-9] [INFO] [1788991074.489744622] [pure_pursuit_node]: Pure Pursuit: pose=(-3.456, 0.695, -1.992) cte=0.049 closest=1668 target=1708 path_dist=0.049 heading_err=0.154 steer=0.013 speed=2.292
[gpu_amcl_cpp_node-6] [INFO] [1788991074.613998604] [gpu_amcl_cpp]: AMCL odom delta: at_scan=(2.423, -3.771, -0.386) baseline=(2.259, -3.703, -0.404) delta=(0.164, -0.069, 0.018) moved=true scan_age=0.051s
[ground_truth_amcl_monitor-7] [INFO] [1788991074.993697000] [ground_truth_amcl_monitor]: AMCL vs GT: gt=(-3.975, -0.390) amcl=(-3.878, -0.298) error=0.134 m / 0.077 rad; current_map=(-3.896, -0.314, -2.442) error=0.109 m / 0.000 rad; odom=(-3.207, 0.262, -2.442) error=1.008 m / 0.000 rad; ekf=(-3.207, 0.262, -2.442) error=1.008 m / 0.000 rad; RMS=0.153 m / 0.031 rad max=0.711 m / 0.180 rad samples=3967
[gpu_amcl_cpp_node-6] [INFO] [1788991075.445729166] [gpu_amcl_cpp]: AMCL local correction: odom_prediction=(-4.619, -0.628, 3.069) scan=(-4.615, -0.632, 3.096) correction=0.005 m/0.026 rad cluster_weight=0.976 publish=true
[component_container-9] [INFO] [1788991075.491426906] [pure_pursuit_node]: Pure Pursuit: pose=(-4.768, -0.605, 2.899) cte=-0.120 closest=1764 target=1806 path_dist=0.120 heading_err=0.185 steer=-0.314 speed=1.702
[gpu_amcl_cpp_node-6] [INFO] [1788991075.666105802] [gpu_amcl_cpp]: AMCL odom delta: at_scan=(3.045, -5.019, -2.002) baseline=(3.075, -4.947, -1.925) delta=(-0.030, -0.072, -0.077) moved=true scan_age=0.052s
[ground_truth_amcl_monitor-7] [INFO] [1788991075.994790623] [ground_truth_amcl_monitor]: AMCL vs GT: gt=(-5.442, -0.163) amcl=(-5.352, -0.247) error=0.123 m / 0.069 rad; current_map=(-5.419, -0.170, 2.247) error=0.025 m / 0.000 rad; odom=(-4.679, 0.485, 2.247) error=1.001 m / 0.000 rad; ekf=(-4.679, 0.485, 2.247) error=1.001 m / 0.000 rad; RMS=0.153 m / 0.032 rad max=0.711 m / 0.180 rad samples=4003
[gpu_amcl_cpp_node-6] [WARN] [1788991076.114483120] [gpu_amcl_cpp]: Queued LiDAR scan until source-time odometry arrives (queued=1).
[gpu_amcl_cpp_node-6] [INFO] [1788991076.474471122] [gpu_amcl_cpp]: AMCL local correction: odom_prediction=(-5.915, 1.015, 1.790) scan=(-5.910, 0.983, 1.790) correction=0.032 m/0.000 rad cluster_weight=0.964 publish=true
[component_container-9] [INFO] [1788991076.539474250] [pure_pursuit_node]: Pure Pursuit: pose=(-6.005, 1.451, 1.756) cte=-0.014 closest=1886 target=1934 path_dist=0.014 heading_err=0.018 steer=-0.041 speed=3.870
[gpu_amcl_cpp_node-6] [INFO] [1788991076.718742310] [gpu_amcl_cpp]: AMCL odom delta: at_scan=(0.566, -6.136, -3.000) baseline=(0.759, -6.106, -2.976) delta=(-0.193, -0.030, -0.024) moved=true scan_age=0.053s
[ground_truth_amcl_monitor-7] [INFO] [1788991077.030362398] [ground_truth_amcl_monitor]: AMCL vs GT: gt=(-6.173, 3.103) amcl=(-6.147, 2.788) error=0.316 m / 0.003 rad; current_map=(-6.152, 3.000, 1.592) error=0.105 m / 0.000 rad; odom=(-5.407, 3.718, 1.592) error=0.983 m / 0.000 rad; ekf=(-5.402, 3.506, 1.596) error=0.870 m / 0.003 rad; RMS=0.153 m / 0.032 rad max=0.711 m / 0.180 rad samples=4037
[gpu_amcl_cpp_node-6] [INFO] [1788991077.522071019] [gpu_amcl_cpp]: AMCL local correction: odom_prediction=(-5.993, 4.936, 1.310) scan=(-5.996, 4.958, 1.311) correction=0.022 m/0.001 rad cluster_weight=0.985 publish=true
[component_container-9] [INFO] [1788991077.572273846] [pure_pursuit_node]: Pure Pursuit: pose=(-5.884, 5.312, 1.265) cte=-0.016 closest=2081 target=2129 path_dist=0.016 heading_err=0.002 steer=-0.084 speed=3.384
[gpu_amcl_cpp_node-6] [INFO] [1788991077.743668961] [gpu_amcl_cpp]: AMCL odom delta: at_scan=(-3.130, -5.794, 2.749) baseline=(-3.006, -5.842, 2.797) delta=(-0.124, 0.048, -0.048) moved=true scan_age=0.051s
[ground_truth_amcl_monitor-7] [INFO] [1788991078.053148350] [ground_truth_amcl_monitor]: AMCL vs GT: gt=(-5.301, 6.613) amcl=(-5.421, 6.328) error=0.310 m / 0.004 rad; current_map=(-5.340, 6.459, 1.016) error=0.159 m / 0.000 rad; odom=(-4.758, 6.694, 1.016) error=0.548 m / 0.000 rad; ekf=(-4.840, 6.563, 1.012) error=0.463 m / 0.004 rad; RMS=0.154 m / 0.032 rad max=0.711 m / 0.180 rad samples=4071
[gpu_amcl_cpp_node-6] [INFO] [1788991078.112947564] [gpu_amcl_cpp]: Received LiDAR callback #2058 (1081 ranges).
[gpu_amcl_cpp_node-6] [INFO] [1788991078.113010803] [gpu_amcl_cpp]: Starting AMCL scan update #2058 (sampled from 1081 ranges).
[gpu_amcl_cpp_node-6] [INFO] [1788991078.114085896] [gpu_amcl_cpp]: AMCL scan update #2058 completed; evaluating pose confidence.
[gpu_amcl_cpp_node-6] [INFO] [1788991078.567009933] [gpu_amcl_cpp]: AMCL local correction: odom_prediction=(-4.433, 7.499, 0.315) scan=(-4.401, 7.533, 0.345) correction=0.047 m/0.030 rad cluster_weight=0.992 publish=true
[component_container-9] [INFO] [1788991078.613363337] [pure_pursuit_node]: Pure Pursuit: pose=(-4.185, 7.560, 0.172) cte=-0.128 closest=2224 target=2268 path_dist=0.128 heading_err=0.195 steer=-0.096 speed=3.039
[gpu_amcl_cpp_node-6] [INFO] [1788991078.772385939] [gpu_amcl_cpp]: AMCL odom delta: at_scan=(-4.508, -4.178, 1.672) baseline=(-4.489, -4.329, 1.715) delta=(-0.019, 0.151, -0.043) moved=true scan_age=0.054s
[ground_truth_amcl_monitor-7] [INFO] [1788991079.067570708] [ground_truth_amcl_monitor]: AMCL vs GT: gt=(-2.869, 7.614) amcl=(-3.114, 7.652) error=0.248 m / 0.081 rad; current_map=(-2.866, 7.605, -0.230) error=0.009 m / 0.000 rad; odom=(-2.392, 7.602, -0.230) error=0.478 m / 0.000 rad; ekf=(-2.392, 7.602, -0.230) error=0.478 m / 0.000 rad; RMS=0.154 m / 0.032 rad max=0.711 m / 0.180 rad samples=4107
[gpu_amcl_cpp_node-6] [INFO] [1788991079.568713366] [gpu_amcl_cpp]: AMCL local correction: odom_prediction=(-1.326, 6.764, -0.770) scan=(-1.321, 6.763, -0.769) correction=0.004 m/0.001 rad cluster_weight=0.972 publish=true
[component_container-9] [INFO] [1788991079.615442616] [pure_pursuit_node]: Pure Pursuit: pose=(-1.064, 6.489, -0.850) cte=0.001 closest=2395 target=2443 path_dist=0.001 heading_err=0.007 steer=-0.056 speed=3.904
[gpu_amcl_cpp_node-6] [INFO] [1788991079.790936001] [gpu_amcl_cpp]: AMCL odom delta: at_scan=(-2.922, -1.039, 0.643) baseline=(-3.074, -1.157, 0.676) delta=(0.152, 0.118, -0.033) moved=true scan_age=0.051s
[ground_truth_amcl_monitor-7] [INFO] [1788991080.070920256] [ground_truth_amcl_monitor]: AMCL vs GT: gt=(-0.180, 5.195) amcl=(-0.208, 5.271) error=0.081 m / 0.000 rad; current_map=(-0.214, 5.279, -1.087) error=0.091 m / 0.000 rad; odom=(0.301, 5.221, -1.087) error=0.482 m / 0.000 rad; ekf=(0.301, 5.221, -1.087) error=0.482 m / 0.000 rad; RMS=0.154 m / 0.032 rad max=0.711 m / 0.180 rad samples=4144
[gpu_amcl_cpp_node-6] [INFO] [1788991080.570331653] [gpu_amcl_cpp]: AMCL local correction: odom_prediction=(0.534, 3.523, -1.259) scan=(0.543, 3.437, -1.263) correction=0.086 m/0.004 rad cluster_weight=0.931 publish=true
[component_container-9] [INFO] [1788991080.618195398] [pure_pursuit_node]: Pure Pursuit: pose=(0.645, 3.163, -1.286) cte=-0.018 closest=2583 target=45 path_dist=0.018 heading_err=0.020 steer=-0.015 speed=3.850
[gpu_amcl_cpp_node-6] [INFO] [1788991080.791167668] [gpu_amcl_cpp]: AMCL odom delta: at_scan=(0.460, 0.437, 0.263) baseline=(0.278, 0.387, 0.272) delta=(0.182, 0.050, -0.009) moved=true scan_age=0.051s
[gpu_amcl_cpp_node-6] [WARN] [1788991080.793969561] [gpu_amcl_cpp]: No local AMCL cluster near odometry prediction; using causal odometry pose.
[ground_truth_amcl_monitor-7] [INFO] [1788991081.074076375] [ground_truth_amcl_monitor]: AMCL vs GT: gt=(1.059, 1.520) amcl=(1.037, 1.710) error=0.191 m / 0.000 rad; current_map=(1.037, 1.707, -1.361) error=0.188 m / 0.000 rad; odom=(1.484, 1.709, -1.361) error=0.464 m / 0.000 rad; ekf=(1.484, 1.709, -1.361) error=0.464 m / 0.000 rad; RMS=0.155 m / 0.032 rad max=0.711 m / 0.180 rad samples=4180
[gpu_amcl_cpp_node-6] [INFO] [1788991081.573676966] [gpu_amcl_cpp]: AMCL local correction: odom_prediction=(1.315, -0.155, -1.477) scan=(1.321, -0.239, -1.460) correction=0.085 m/0.017 rad cluster_weight=0.928 publish=true
[component_container-9] [INFO] [1788991081.636332924] [pure_pursuit_node]: Pure Pursuit: pose=(1.347, -0.590, -1.518) cte=-0.001 closest=189 target=236 path_dist=0.001 heading_err=0.002 steer=-0.025 speed=3.961
[gpu_amcl_cpp_node-6] [INFO] [1788991081.793198716] [gpu_amcl_cpp]: AMCL odom delta: at_scan=(4.118, 1.007, 0.021) baseline=(3.925, 1.002, 0.036) delta=(0.193, 0.006, -0.015) moved=true scan_age=0.052s
[ground_truth_amcl_monitor-7] [INFO] [1788991082.078302241] [ground_truth_amcl_monitor]: AMCL vs GT: gt=(1.367, -2.392) amcl=(1.378, -2.248) error=0.144 m / 0.000 rad; current_map=(1.378, -2.230, -1.681) error=0.163 m / 0.000 rad; odom=(1.769, -1.990, -1.681) error=0.569 m / 0.000 rad; ekf=(1.769, -1.990, -1.681) error=0.569 m / 0.000 rad; RMS=0.158 m / 0.032 rad max=0.711 m / 0.180 rad samples=4216
[gpu_amcl_cpp_node-6] [INFO] [1788991082.596564214] [gpu_amcl_cpp]: AMCL local correction: odom_prediction=(1.117, -4.234, -1.754) scan=(1.118, -4.254, -1.749) correction=0.020 m/0.005 rad cluster_weight=0.924 publish=true
[component_container-9] [INFO] [1788991082.644428059] [pure_pursuit_node]: Pure Pursuit: pose=(1.046, -4.609, -1.762) cte=-0.002 closest=391 target=438 path_dist=0.002 heading_err=0.022 steer=0.005 speed=3.978
[gpu_amcl_cpp_node-6] [INFO] [1788991082.819134180] [gpu_amcl_cpp]: AMCL odom delta: at_scan=(7.892, 0.550, -0.176) baseline=(7.697, 0.585, -0.179) delta=(0.195, -0.035, 0.003) moved=true scan_age=0.052s
[gpu_amcl_cpp_node-6] [INFO] [1788991083.117330600] [gpu_amcl_cpp]: Received LiDAR callback #2147 (1081 ranges).
[gpu_amcl_cpp_node-6] [INFO] [1788991083.117390422] [gpu_amcl_cpp]: Starting AMCL scan update #2147 (sampled from 1081 ranges).
[gpu_amcl_cpp_node-6] [INFO] [1788991083.117903067] [gpu_amcl_cpp]: AMCL scan update #2147 completed; evaluating pose confidence.
[ground_truth_amcl_monitor-7] [INFO] [1788991083.118248687] [ground_truth_amcl_monitor]: AMCL vs GT: gt=(0.696, -6.408) amcl=(0.767, -6.071) error=0.344 m / 0.009 rad; current_map=(0.723, -6.259, -1.805) error=0.152 m / 0.000 rad; odom=(1.130, -5.816, -1.805) error=0.734 m / 0.000 rad; ekf=(1.130, -5.816, -1.805) error=0.734 m / 0.000 rad; RMS=0.159 m / 0.032 rad max=0.711 m / 0.180 rad samples=4251
[gpu_amcl_cpp_node-6] [INFO] [1788991083.620412847] [gpu_amcl_cpp]: AMCL local correction: odom_prediction=(0.255, -8.226, -1.877) scan=(0.256, -8.238, -1.868) correction=0.012 m/0.009 rad cluster_weight=0.984 publish=true
[component_container-9] [INFO] [1788991083.666979911] [pure_pursuit_node]: Pure Pursuit: pose=(0.136, -8.581, -1.913) cte=-0.009 closest=594 target=642 path_dist=0.009 heading_err=0.004 steer=-0.080 speed=2.758
[gpu_amcl_cpp_node-6] [INFO] [1788991083.844446917] [gpu_amcl_cpp]: AMCL odom delta: at_scan=(11.195, -0.260, -0.415) baseline=(11.154, -0.243, -0.380) delta=(0.041, -0.017, -0.035) moved=true scan_age=0.053s
[ground_truth_amcl_monitor-7] [INFO] [1788991084.145123742] [ground_truth_amcl_monitor]: AMCL vs GT: gt=(-0.406, -9.763) amcl=(-0.290, -9.539) error=0.251 m / 0.023 rad; current_map=(-0.357, -9.662, -2.077) error=0.112 m / 0.000 rad; odom=(0.237, -8.622, -2.077) error=1.309 m / 0.000 rad; ekf=(0.237, -8.622, -2.077) error=1.309 m / 0.000 rad; RMS=0.160 m / 0.032 rad max=0.711 m / 0.180 rad samples=4287
[gpu_amcl_cpp_node-6] [INFO] [1788991084.666457831] [gpu_amcl_cpp]: AMCL local correction: odom_prediction=(-1.186, -10.297, -3.046) scan=(-1.213, -10.306, -3.027) correction=0.028 m/0.019 rad cluster_weight=0.999 publish=true
[component_container-9] [INFO] [1788991084.713322615] [pure_pursuit_node]: Pure Pursuit: pose=(-1.385, -10.298, 3.052) cte=-0.189 closest=710 target=753 path_dist=0.189 heading_err=0.097 steer=-0.301 speed=1.990
[gpu_amcl_cpp_node-6] [INFO] [1788991084.889819494] [gpu_amcl_cpp]: AMCL odom delta: at_scan=(12.123, -1.640, -1.891) baseline=(12.158, -1.504, -1.766) delta=(-0.036, -0.136, -0.125) moved=true scan_age=0.052s
[ground_truth_amcl_monitor-7] [INFO] [1788991085.168623721] [ground_truth_amcl_monitor]: AMCL vs GT: gt=(-2.147, -9.987) amcl=(-2.061, -10.038) error=0.100 m / 0.075 rad; current_map=(-2.143, -9.967, 2.392) error=0.021 m / 0.000 rad; odom=(-1.314, -8.678, 2.392) error=1.552 m / 0.000 rad; ekf=(-1.232, -8.749, 2.466) error=1.540 m / 0.075 rad; RMS=0.160 m / 0.032 rad max=0.711 m / 0.180 rad samples=4323
[gpu_amcl_cpp_node-6] [INFO] [1788991085.693830945] [gpu_amcl_cpp]: AMCL local correction: odom_prediction=(-2.874, -8.748, 1.921) scan=(-2.871, -8.759, 1.928) correction=0.012 m/0.008 rad cluster_weight=0.967 publish=true
[component_container-9] [INFO] [1788991085.741230996] [pure_pursuit_node]: Pure Pursuit: pose=(-2.995, -8.386, 1.863) cte=-0.005 closest=837 target=884 path_dist=0.005 heading_err=-0.011 steer=-0.100 speed=3.828
[gpu_amcl_cpp_node-6] [INFO] [1788991085.917545681] [gpu_amcl_cpp]: AMCL odom delta: at_scan=(9.799, -3.072, -2.980) baseline=(9.994, -3.034, -2.921) delta=(-0.195, -0.038, -0.058) moved=true scan_age=0.051s
[ground_truth_amcl_monitor-7] [INFO] [1788991086.194699301] [ground_truth_amcl_monitor]: AMCL vs GT: gt=(-3.154, -6.929) amcl=(-3.141, -7.157) error=0.229 m / 0.011 rad; current_map=(-3.143, -6.968, 1.579) error=0.041 m / 0.000 rad; odom=(-2.333, -5.623, 1.579) error=1.542 m / 0.000 rad; ekf=(-2.333, -5.623, 1.579) error=1.542 m / 0.000 rad; RMS=0.160 m / 0.032 rad max=0.711 m / 0.180 rad samples=4359
[gpu_amcl_cpp_node-6] [INFO] [1788991086.718518591] [gpu_amcl_cpp]: AMCL local correction: odom_prediction=(-2.880, -4.977, 1.314) scan=(-2.890, -4.977, 1.306) correction=0.010 m/0.008 rad cluster_weight=0.950 publish=true
[component_container-9] [INFO] [1788991086.764033865] [pure_pursuit_node]: Pure Pursuit: pose=(-2.779, -4.617, 1.280) cte=-0.016 closest=1028 target=1075 path_dist=0.016 heading_err=-0.000 steer=-0.005 speed=3.894
[gpu_amcl_cpp_node-6] [INFO] [1788991086.940329714] [gpu_amcl_cpp]: AMCL odom delta: at_scan=(6.073, -2.640, 2.838) baseline=(6.318, -2.716, 2.843) delta=(-0.246, 0.076, -0.004) moved=true scan_age=0.053s
[ground_truth_amcl_monitor-7] [INFO] [1788991087.220263173] [ground_truth_amcl_monitor]: AMCL vs GT: gt=(-2.329, -3.058) amcl=(-2.403, -3.324) error=0.276 m / 0.004 rad; current_map=(-2.350, -3.136, 1.297) error=0.080 m / 0.000 rad; odom=(-1.544, -1.924, 1.297) error=1.379 m / 0.000 rad; ekf=(-1.597, -2.113, 1.293) error=1.195 m / 0.004 rad; RMS=0.160 m / 0.032 rad max=0.711 m / 0.180 rad samples=4395
[gpu_amcl_cpp_node-6] [INFO] [1788991087.745952239] [gpu_amcl_cpp]: AMCL local correction: odom_prediction=(-1.813, -1.146, 1.342) scan=(-1.796, -1.101, 1.329) correction=0.048 m/0.013 rad cluster_weight=0.960 publish=true
[component_container-9] [INFO] [1788991087.793438922] [pure_pursuit_node]: Pure Pursuit: pose=(-1.725, -0.774, 1.338) cte=0.004 closest=1227 target=1275 path_dist=0.004 heading_err=0.002 steer=0.014 speed=3.955
[gpu_amcl_cpp_node-6] [INFO] [1788991087.988801948] [gpu_amcl_cpp]: AMCL odom delta: at_scan=(2.309, -1.639, 2.924) baseline=(2.576, -1.700, 2.912) delta=(-0.267, 0.061, 0.012) moved=true scan_age=0.051s
[gpu_amcl_cpp_node-6] [INFO] [1788991088.144992975] [gpu_amcl_cpp]: Received LiDAR callback #2235 (1081 ranges).
[gpu_amcl_cpp_node-6] [INFO] [1788991088.145064009] [gpu_amcl_cpp]: Starting AMCL scan update #2235 (sampled from 1081 ranges).
[gpu_amcl_cpp_node-6] [INFO] [1788991088.146223130] [gpu_amcl_cpp]: AMCL scan update #2235 completed; evaluating pose confidence.
[ground_truth_amcl_monitor-7] [INFO] [1788991088.266598825] [ground_truth_amcl_monitor]: AMCL vs GT: gt=(-1.384, 0.960) amcl=(-1.409, 0.665) error=0.296 m / 0.005 rad; current_map=(-1.380, 0.854, 1.420) error=0.107 m / 0.000 rad; odom=(-0.686, 1.671, 1.415) error=0.996 m / 0.005 rad; ekf=(-0.686, 1.671, 1.415) error=0.996 m / 0.005 rad; RMS=0.161 m / 0.032 rad max=0.711 m / 0.180 rad samples=4431
[gpu_amcl_cpp_node-6] [INFO] [1788991088.800093706] [gpu_amcl_cpp]: AMCL local correction: odom_prediction=(-1.273, 2.409, 1.731) scan=(-1.281, 2.519, 1.709) correction=0.110 m/0.022 rad cluster_weight=0.964 publish=true
[component_container-9] [INFO] [1788991088.863052833] [pure_pursuit_node]: Pure Pursuit: pose=(-1.329, 2.768, 1.715) cte=-0.009 closest=1406 target=1452 path_dist=0.009 heading_err=0.061 steer=0.179 speed=1.967
[gpu_amcl_cpp_node-6] [INFO] [1788991089.020082899] [gpu_amcl_cpp]: AMCL odom delta: at_scan=(-0.643, -1.456, -2.931) baseline=(-0.546, -1.437, -2.973) delta=(-0.097, -0.019, 0.042) moved=true scan_age=0.052s
[ground_truth_amcl_monitor-7] [INFO] [1788991089.268900295] [ground_truth_amcl_monitor]: AMCL vs GT: gt=(-1.576, 3.671) amcl=(-1.475, 3.481) error=0.215 m / 0.071 rad; current_map=(-1.490, 3.503, 2.209) error=0.188 m / 0.000 rad; odom=(-0.692, 3.893, 2.209) error=0.911 m / 0.000 rad; ekf=(-0.692, 3.893, 2.209) error=0.911 m / 0.000 rad; RMS=0.161 m / 0.032 rad max=0.711 m / 0.180 rad samples=4465
[gpu_amcl_cpp_node-6] [INFO] [1788991089.848681147] [gpu_amcl_cpp]: AMCL local correction: odom_prediction=(-2.173, 4.110, 3.099) scan=(-2.212, 4.127, 3.089) correction=0.043 m/0.010 rad cluster_weight=0.981 publish=true
[component_container-9] [INFO] [1788991089.912146447] [pure_pursuit_node]: Pure Pursuit: pose=(-2.278, 4.104, -2.992) cte=0.249 closest=1486 target=1526 path_dist=0.249 heading_err=-0.153 steer=0.391 speed=1.384
[gpu_amcl_cpp_node-6] [INFO] [1788991090.069544333] [gpu_amcl_cpp]: AMCL odom delta: at_scan=(-1.083, -2.339, -1.258) baseline=(-1.104, -2.261, -1.346) delta=(0.021, -0.078, 0.088) moved=true scan_age=0.051s
[ground_truth_amcl_monitor-7] [INFO] [1788991090.295060103] [ground_truth_amcl_monitor]: AMCL vs GT: gt=(-2.727, 3.905) amcl=(-2.680, 3.982) error=0.091 m / 0.084 rad; current_map=(-2.744, 3.935, -2.468) error=0.035 m / 0.000 rad; odom=(-1.827, 4.086, -2.468) error=0.919 m / 0.000 rad; ekf=(-1.827, 4.086, -2.468) error=0.919 m / 0.000 rad; RMS=0.161 m / 0.033 rad max=0.711 m / 0.180 rad samples=4501
[gpu_amcl_cpp_node-6] [INFO] [1788991090.869221519] [gpu_amcl_cpp]: AMCL local correction: odom_prediction=(-3.129, 3.044, -1.737) scan=(-3.130, 3.044, -1.736) correction=0.002 m/0.001 rad cluster_weight=0.969 publish=true
[component_container-9] [INFO] [1788991090.916770709] [pure_pursuit_node]: Pure Pursuit: pose=(-3.157, 2.828, -1.663) cte=0.038 closest=1560 target=1603 path_dist=0.038 heading_err=-0.035 steer=0.013 speed=2.907
[gpu_amcl_cpp_node-6] [INFO] [1788991091.090754614] [gpu_amcl_cpp]: AMCL odom delta: at_scan=(0.464, -3.107, -0.075) baseline=(0.328, -3.097, -0.081) delta=(0.136, -0.011, 0.006) moved=true scan_age=0.051s
[ground_truth_amcl_monitor-7] [INFO] [1788991091.316319054] [ground_truth_amcl_monitor]: AMCL vs GT: gt=(-3.266, 1.764) amcl=(-3.226, 2.000) error=0.239 m / 0.016 rad; current_map=(-3.252, 1.745, -1.679) error=0.024 m / 0.000 rad; odom=(-2.346, 2.205, -1.663) error=1.020 m / 0.016 rad; ekf=(-2.346, 2.205, -1.663) error=1.020 m / 0.016 rad; RMS=0.160 m / 0.033 rad max=0.711 m / 0.180 rad samples=4537
[component_container-9] [INFO] [1788991091.918542229] [pure_pursuit_node]: Pure Pursuit: pose=(-3.702, 0.122, -2.012) cte=0.033 closest=1700 target=1745 path_dist=0.033 heading_err=-0.164 steer=-0.321 speed=1.970
[gpu_amcl_cpp_node-6] [INFO] [1788991091.924616529] [gpu_amcl_cpp]: AMCL local correction: odom_prediction=(-3.652, 0.205, -2.018) scan=(-3.662, 0.148, -2.015) correction=0.058 m/0.004 rad cluster_weight=0.986 publish=true
[gpu_amcl_cpp_node-6] [INFO] [1788991092.093318294] [gpu_amcl_cpp]: AMCL odom delta: at_scan=(2.970, -3.686, -0.596) baseline=(2.904, -3.646, -0.512) delta=(0.065, -0.040, -0.084) moved=true scan_age=0.052s
[ground_truth_amcl_monitor-7] [INFO] [1788991092.318683438] [ground_truth_amcl_monitor]: AMCL vs GT: gt=(-4.076, -0.431) amcl=(-3.960, -0.326) error=0.156 m / 0.080 rad; current_map=(-4.004, -0.358, -2.551) error=0.102 m / 0.000 rad; odom=(-2.987, 0.094, -2.551) error=1.209 m / 0.000 rad; ekf=(-2.987, 0.094, -2.551) error=1.209 m / 0.000 rad; RMS=0.160 m / 0.033 rad max=0.711 m / 0.180 rad samples=4573
[component_container-9] [INFO] [1788991092.942288873] [pure_pursuit_node]: Pure Pursuit: pose=(-5.006, -0.515, 2.683) cte=-0.085 closest=1775 target=1818 path_dist=0.085 heading_err=0.080 steer=-0.302 speed=1.838
[gpu_amcl_cpp_node-6] [INFO] [1788991092.945880522] [gpu_amcl_cpp]: AMCL local correction: odom_prediction=(-4.944, -0.554, 2.749) scan=(-4.953, -0.543, 2.773) correction=0.014 m/0.023 rad cluster_weight=0.976 publish=true
[gpu_amcl_cpp_node-6] [INFO] [1788991093.116267617] [gpu_amcl_cpp]: AMCL odom delta: at_scan=(3.047, -4.898, -2.213) baseline=(3.101, -4.819, -2.131) delta=(-0.054, -0.078, -0.082) moved=true scan_age=0.052s
[gpu_amcl_cpp_node-6] [INFO] [1788991093.167812365] [gpu_amcl_cpp]: Received LiDAR callback #2323 (1081 ranges).
[gpu_amcl_cpp_node-6] [INFO] [1788991093.167875353] [gpu_amcl_cpp]: Starting AMCL scan update #2323 (sampled from 1081 ranges).
[gpu_amcl_cpp_node-6] [INFO] [1788991093.168986404] [gpu_amcl_cpp]: AMCL scan update #2323 completed; evaluating pose confidence.
[ground_truth_amcl_monitor-7] [INFO] [1788991093.343057651] [ground_truth_amcl_monitor]: AMCL vs GT: gt=(-5.544, -0.076) amcl=(-5.465, -0.154) error=0.111 m / 0.073 rad; current_map=(-5.523, -0.071, 2.146) error=0.022 m / 0.000 rad; odom=(-4.396, 0.436, 2.146) error=1.256 m / 0.000 rad; ekf=(-4.396, 0.436, 2.146) error=1.256 m / 0.000 rad; RMS=0.160 m / 0.033 rad max=0.711 m / 0.180 rad samples=4609
[component_container-9] [INFO] [1788991093.965585185] [pure_pursuit_node]: Pure Pursuit: pose=(-6.075, 1.911, 1.697) cte=-0.004 closest=1910 target=1957 path_dist=0.004 heading_err=0.019 steer=-0.027 speed=3.927
[gpu_amcl_cpp_node-6] [INFO] [1788991093.970734585] [gpu_amcl_cpp]: AMCL local correction: odom_prediction=(-6.051, 1.717, 1.717) scan=(-6.047, 1.685, 1.717) correction=0.032 m/0.000 rad cluster_weight=0.950 publish=true
[gpu_amcl_cpp_node-6] [INFO] [1788991094.141418848] [gpu_amcl_cpp]: AMCL odom delta: at_scan=(0.240, -5.797, -3.055) baseline=(0.428, -5.780, -3.040) delta=(-0.189, -0.018, -0.016) moved=true scan_age=0.052s
[ground_truth_amcl_monitor-7] [INFO] [1788991094.369671763] [ground_truth_amcl_monitor]: AMCL vs GT: gt=(-6.185, 3.291) amcl=(-6.163, 2.991) error=0.301 m / 0.022 rad; current_map=(-6.166, 3.183, 1.575) error=0.110 m / 0.000 rad; odom=(-5.037, 3.763, 1.575) error=1.241 m / 0.000 rad; ekf=(-5.037, 3.763, 1.575) error=1.241 m / 0.000 rad; RMS=0.160 m / 0.033 rad max=0.711 m / 0.180 rad samples=4645
[component_container-9] [INFO] [1788991094.991070441] [pure_pursuit_node]: Pure Pursuit: pose=(-5.729, 5.753, 1.171) cte=-0.020 closest=2104 target=2152 path_dist=0.020 heading_err=0.004 steer=-0.081 speed=2.856
[gpu_amcl_cpp_node-6] [INFO] [1788991094.995570668] [gpu_amcl_cpp]: AMCL local correction: odom_prediction=(-5.799, 5.603, 1.206) scan=(-5.795, 5.614, 1.218) correction=0.012 m/0.012 rad cluster_weight=0.993 publish=true
[gpu_amcl_cpp_node-6] [INFO] [1788991095.164469221] [gpu_amcl_cpp]: AMCL odom delta: at_scan=(-3.113, -5.356, 2.645) baseline=(-3.072, -5.377, 2.681) delta=(-0.041, 0.021, -0.036) moved=true scan_age=0.051s
[ground_truth_amcl_monitor-7] [INFO] [1788991095.389777495] [ground_truth_amcl_monitor]: AMCL vs GT: gt=(-5.235, 6.741) amcl=(-5.362, 6.455) error=0.313 m / 0.000 rad; current_map=(-5.253, 6.636, 1.029) error=0.107 m / 0.000 rad; odom=(-4.299, 6.702, 1.029) error=0.937 m / 0.000 rad; ekf=(-4.299, 6.702, 1.029) error=0.937 m / 0.000 rad; RMS=0.161 m / 0.033 rad max=0.711 m / 0.180 rad samples=4681
[component_container-9] [INFO] [1788991096.015609481] [pure_pursuit_node]: Pure Pursuit: pose=(-3.799, 7.634, 0.012) cte=-0.093 closest=2242 target=2287 path_dist=0.093 heading_err=0.188 steer=-0.063 speed=3.255
[gpu_amcl_cpp_node-6] [INFO] [1788991096.021227582] [gpu_amcl_cpp]: AMCL local correction: odom_prediction=(-3.927, 7.636, 0.067) scan=(-3.926, 7.649, 0.088) correction=0.014 m/0.022 rad cluster_weight=0.988 publish=true
[gpu_amcl_cpp_node-6] [INFO] [1788991096.190732995] [gpu_amcl_cpp]: AMCL odom delta: at_scan=(-4.457, -3.239, 1.525) baseline=(-4.462, -3.407, 1.555) delta=(0.005, 0.169, -0.030) moved=true scan_age=0.051s
[ground_truth_amcl_monitor-7] [INFO] [1788991096.418615301] [ground_truth_amcl_monitor]: AMCL vs GT: gt=(-2.625, 7.545) amcl=(-2.790, 7.589) error=0.171 m / 0.077 rad; current_map=(-2.601, 7.536, -0.310) error=0.025 m / 0.000 rad; odom=(-1.634, 7.481, -0.310) error=0.993 m / 0.000 rad; ekf=(-1.634, 7.481, -0.310) error=0.993 m / 0.000 rad; RMS=0.161 m / 0.033 rad max=0.711 m / 0.180 rad samples=4717
[component_container-9] [INFO] [1788991097.064078923] [pure_pursuit_node]: Pure Pursuit: pose=(-0.669, 5.985, -0.953) cte=-0.001 closest=2427 target=2475 path_dist=0.001 heading_err=-0.012 steer=-0.057 speed=3.907
[gpu_amcl_cpp_node-6] [INFO] [1788991097.068685681] [gpu_amcl_cpp]: AMCL local correction: odom_prediction=(-0.778, 6.133, -0.926) scan=(-0.778, 6.133, -0.921) correction=0.001 m/0.005 rad cluster_weight=0.982 publish=true
[gpu_amcl_cpp_node-6] [INFO] [1788991097.238151930] [gpu_amcl_cpp]: AMCL odom delta: at_scan=(-2.347, -0.200, 0.541) baseline=(-2.566, -0.338, 0.586) delta=(0.219, 0.138, -0.046) moved=true scan_age=0.050s
[ground_truth_amcl_monitor-7] [INFO] [1788991097.445734479] [ground_truth_amcl_monitor]: AMCL vs GT: gt=(-0.010, 4.830) amcl=(-0.116, 5.076) error=0.267 m / 0.017 rad; current_map=(-0.033, 4.902, -1.134) error=0.076 m / 0.000 rad; odom=(0.953, 4.832, -1.134) error=0.962 m / 0.000 rad; ekf=(0.953, 4.832, -1.134) error=0.962 m / 0.000 rad; RMS=0.161 m / 0.033 rad max=0.711 m / 0.180 rad samples=4753
[gpu_amcl_cpp_node-6] [WARN] [1788991097.816890679] [gpu_amcl_cpp]: No local AMCL cluster near odometry prediction; using causal odometry pose.
[component_container-9] [INFO] [1788991098.087437331] [pure_pursuit_node]: Pure Pursuit: pose=(0.852, 2.417, -1.303) cte=-0.005 closest=36 target=84 path_dist=0.005 heading_err=-0.004 steer=-0.031 speed=3.936
[gpu_amcl_cpp_node-6] [INFO] [1788991098.092628889] [gpu_amcl_cpp]: AMCL local correction: odom_prediction=(0.806, 2.605, -1.295) scan=(0.822, 2.610, -1.306) correction=0.016 m/0.011 rad cluster_weight=0.930 publish=true
[gpu_amcl_cpp_node-6] [INFO] [1788991098.193532219] [gpu_amcl_cpp]: Received LiDAR callback #2411 (1081 ranges).
[gpu_amcl_cpp_node-6] [INFO] [1788991098.193600849] [gpu_amcl_cpp]: Starting AMCL scan update #2411 (sampled from 1081 ranges).
[gpu_amcl_cpp_node-6] [INFO] [1788991098.194955558] [gpu_amcl_cpp]: AMCL scan update #2411 completed; evaluating pose confidence.
[gpu_amcl_cpp_node-6] [INFO] [1788991098.246408371] [gpu_amcl_cpp]: AMCL odom delta: at_scan=(1.140, 1.091, 0.224) baseline=(0.953, 1.047, 0.242) delta=(0.187, 0.044, -0.019) moved=true scan_age=0.053s
[ground_truth_amcl_monitor-7] [INFO] [1788991098.471172217] [ground_truth_amcl_monitor]: AMCL vs GT: gt=(1.150, 1.023) amcl=(1.087, 1.419) error=0.401 m / 0.008 rad; current_map=(1.121, 1.233, -1.394) error=0.211 m / 0.000 rad; odom=(2.054, 1.205, -1.394) error=0.923 m / 0.000 rad; ekf=(2.054, 1.205, -1.394) error=0.923 m / 0.000 rad; RMS=0.162 m / 0.033 rad max=0.711 m / 0.180 rad samples=4789
[component_container-9] [INFO] [1788991099.092945868] [pure_pursuit_node]: Pure Pursuit: pose=(1.393, -1.402, -1.583) cte=-0.029 closest=229 target=277 path_dist=0.029 heading_err=0.002 steer=-0.040 speed=3.808
[gpu_amcl_cpp_node-6] [INFO] [1788991099.098539563] [gpu_amcl_cpp]: AMCL local correction: odom_prediction=(1.404, -1.226, -1.555) scan=(1.418, -1.247, -1.544) correction=0.026 m/0.011 rad cluster_weight=0.961 publish=true
[gpu_amcl_cpp_node-6] [INFO] [1788991099.268953323] [gpu_amcl_cpp]: AMCL odom delta: at_scan=(4.905, 1.476, -0.084) baseline=(4.709, 1.490, -0.059) delta=(0.196, -0.014, -0.025) moved=true scan_age=0.052s
[ground_truth_amcl_monitor-7] [INFO] [1788991099.497875973] [ground_truth_amcl_monitor]: AMCL vs GT: gt=(1.299, -2.957) amcl=(1.340, -2.605) error=0.354 m / 0.003 rad; current_map=(1.318, -2.794, -1.686) error=0.164 m / 0.000 rad; odom=(2.189, -2.580, -1.686) error=0.966 m / 0.000 rad; ekf=(2.189, -2.580, -1.686) error=0.966 m / 0.000 rad; RMS=0.164 m / 0.033 rad max=0.711 m / 0.180 rad samples=4825
[component_container-9] [INFO] [1788991100.118066201] [pure_pursuit_node]: Pure Pursuit: pose=(0.907, -5.379, -1.775) cte=-0.004 closest=430 target=477 path_dist=0.004 heading_err=0.012 steer=-0.003 speed=3.968
[gpu_amcl_cpp_node-6] [INFO] [1788991100.124617498] [gpu_amcl_cpp]: AMCL local correction: odom_prediction=(0.942, -5.214, -1.762) scan=(0.942, -5.225, -1.755) correction=0.011 m/0.008 rad cluster_weight=0.954 publish=true
[gpu_amcl_cpp_node-6] [INFO] [1788991100.292404144] [gpu_amcl_cpp]: AMCL odom delta: at_scan=(8.650, 0.890, -0.220) baseline=(8.463, 0.931, -0.218) delta=(0.187, -0.042, -0.002) moved=true scan_age=0.053s
[ground_truth_amcl_monitor-7] [INFO] [1788991100.517173579] [ground_truth_amcl_monitor]: AMCL vs GT: gt=(0.587, -6.886) amcl=(0.656, -6.555) error=0.338 m / 0.003 rad; current_map=(0.616, -6.742, -1.783) error=0.147 m / 0.000 rad; odom=(1.514, -6.306, -1.783) error=1.094 m / 0.000 rad; ekf=(1.514, -6.306, -1.783) error=1.094 m / 0.000 rad; RMS=0.165 m / 0.033 rad max=0.711 m / 0.180 rad samples=4861
[component_container-9] [INFO] [1788991101.162244118] [pure_pursuit_node]: Pure Pursuit: pose=(0.046, -8.829, -2.077) cte=-0.013 closest=608 target=648 path_dist=0.013 heading_err=0.119 steer=0.009 speed=2.640
[gpu_amcl_cpp_node-6] [INFO] [1788991101.167700034] [gpu_amcl_cpp]: AMCL local correction: odom_prediction=(0.037, -8.863, -2.045) scan=(-0.040, -9.024, -2.012) correction=0.178 m/0.033 rad cluster_weight=0.979 publish=true
[gpu_amcl_cpp_node-6] [INFO] [1788991101.318398006] [gpu_amcl_cpp]: AMCL odom delta: at_scan=(11.548, 0.073, -0.500) baseline=(11.435, 0.135, -0.503) delta=(0.113, -0.062, 0.003) moved=true scan_age=0.051s
[ground_truth_amcl_monitor-7] [INFO] [1788991101.545946368] [ground_truth_amcl_monitor]: AMCL vs GT: gt=(-0.587, -10.017) amcl=(-0.471, -9.843) error=0.209 m / 0.089 rad; current_map=(-0.547, -9.946, -2.252) error=0.082 m / 0.000 rad; odom=(0.652, -8.773, -2.163) error=1.755 m / 0.089 rad; ekf=(0.652, -8.773, -2.163) error=1.755 m / 0.089 rad; RMS=0.166 m / 0.033 rad max=0.711 m / 0.180 rad samples=4897
[component_container-9] [INFO] [1788991102.165945210] [pure_pursuit_node]: Pure Pursuit: pose=(-1.580, -10.412, 2.895) cte=-0.317 closest=717 target=760 path_dist=0.317 heading_err=0.110 steer=-0.329 speed=1.753
[gpu_amcl_cpp_node-6] [INFO] [1788991102.170608835] [gpu_amcl_cpp]: AMCL local correction: odom_prediction=(-1.491, -10.434, 2.995) scan=(-1.487, -10.438, 3.015) correction=0.006 m/0.020 rad cluster_weight=0.997 publish=true
[gpu_amcl_cpp_node-6] [INFO] [1788991102.341187593] [gpu_amcl_cpp]: AMCL odom delta: at_scan=(12.357, -1.335, -2.023) baseline=(12.392, -1.255, -1.936) delta=(-0.035, -0.080, -0.087) moved=true scan_age=0.051s
[ground_truth_amcl_monitor-7] [INFO] [1788991102.567163275] [ground_truth_amcl_monitor]: AMCL vs GT: gt=(-2.092, -10.142) amcl=(-2.032, -10.176) error=0.069 m / 0.066 rad; current_map=(-2.105, -10.109, 2.366) error=0.035 m / 0.000 rad; odom=(-0.867, -8.959, 2.366) error=1.703 m / 0.000 rad; ekf=(-0.867, -8.959, 2.366) error=1.703 m / 0.000 rad; RMS=0.165 m / 0.033 rad max=0.711 m / 0.180 rad samples=4933
[component_container-9] [INFO] [1788991103.212986033] [pure_pursuit_node]: Pure Pursuit: pose=(-2.949, -8.529, 1.897) cte=-0.004 closest=829 target=877 path_dist=0.004 heading_err=-0.008 steer=-0.099 speed=3.837
[gpu_amcl_cpp_node-6] [INFO] [1788991103.214836184] [gpu_amcl_cpp]: Received LiDAR callback #2499 (1081 ranges).
[gpu_amcl_cpp_node-6] [INFO] [1788991103.214898732] [gpu_amcl_cpp]: Starting AMCL scan update #2499 (sampled from 1081 ranges).
[gpu_amcl_cpp_node-6] [INFO] [1788991103.215989545] [gpu_amcl_cpp]: AMCL scan update #2499 completed; evaluating pose confidence.
[gpu_amcl_cpp_node-6] [INFO] [1788991103.217943742] [gpu_amcl_cpp]: AMCL local correction: odom_prediction=(-2.891, -8.690, 1.925) scan=(-2.892, -8.693, 1.934) correction=0.003 m/0.009 rad cluster_weight=0.968 publish=true
[gpu_amcl_cpp_node-6] [INFO] [1788991103.370434876] [gpu_amcl_cpp]: AMCL odom delta: at_scan=(10.155, -2.624, -2.918) baseline=(10.344, -2.576, -2.863) delta=(-0.189, -0.048, -0.055) moved=true scan_age=0.052s
[ground_truth_amcl_monitor-7] [INFO] [1788991103.593239440] [ground_truth_amcl_monitor]: AMCL vs GT: gt=(-3.151, -7.346) amcl=(-3.131, -7.558) error=0.214 m / 0.025 rad; current_map=(-3.138, -7.369, 1.598) error=0.026 m / 0.000 rad; odom=(-1.914, -6.182, 1.598) error=1.698 m / 0.000 rad; ekf=(-1.914, -6.182, 1.598) error=1.698 m / 0.000 rad; RMS=0.165 m / 0.033 rad max=0.711 m / 0.180 rad samples=4969
[component_container-9] [INFO] [1788991104.217394746] [pure_pursuit_node]: Pure Pursuit: pose=(-2.851, -4.842, 1.322) cte=-0.020 closest=1016 target=1063 path_dist=0.020 heading_err=-0.040 steer=-0.048 speed=3.870
[gpu_amcl_cpp_node-6] [INFO] [1788991104.222525320] [gpu_amcl_cpp]: AMCL local correction: odom_prediction=(-2.893, -5.013, 1.326) scan=(-2.907, -5.025, 1.313) correction=0.018 m/0.013 rad cluster_weight=0.945 publish=true
[gpu_amcl_cpp_node-6] [WARN] [1788991104.294029811] [gpu_amcl_cpp]: No local AMCL cluster near odometry prediction; using causal odometry pose.
[gpu_amcl_cpp_node-6] [INFO] [1788991104.393625638] [gpu_amcl_cpp]: AMCL odom delta: at_scan=(6.413, -2.275, 2.819) baseline=(6.598, -2.334, 2.847) delta=(-0.185, 0.059, -0.028) moved=true scan_age=0.051s
[ground_truth_amcl_monitor-7] [INFO] [1788991104.641150033] [ground_truth_amcl_monitor]: AMCL vs GT: gt=(-2.403, -3.396) amcl=(-2.501, -3.721) error=0.339 m / 0.031 rad; current_map=(-2.427, -3.469, 1.301) error=0.076 m / 0.000 rad; odom=(-1.270, -2.642, 1.269) error=1.362 m / 0.031 rad; ekf=(-1.270, -2.642, 1.269) error=1.362 m / 0.031 rad; RMS=0.165 m / 0.033 rad max=0.711 m / 0.180 rad samples=5005
[component_container-9] [INFO] [1788991105.266250044] [pure_pursuit_node]: Pure Pursuit: pose=(-1.751, -0.885, 1.365) cte=0.005 closest=1221 target=1269 path_dist=0.005 heading_err=-0.028 steer=-0.006 speed=3.951
[gpu_amcl_cpp_node-6] [INFO] [1788991105.271765782] [gpu_amcl_cpp]: AMCL local correction: odom_prediction=(-1.780, -1.039, 1.359) scan=(-1.779, -1.030, 1.349) correction=0.009 m/0.011 rad cluster_weight=0.966 publish=true
[gpu_amcl_cpp_node-6] [INFO] [1788991105.393768528] [gpu_amcl_cpp]: AMCL odom delta: at_scan=(2.850, -1.318, 2.920) baseline=(3.104, -1.374, 2.926) delta=(-0.255, 0.057, -0.005) moved=true scan_age=0.056s
[ground_truth_amcl_monitor-7] [INFO] [1788991105.692606843] [ground_truth_amcl_monitor]: AMCL vs GT: gt=(-1.436, 0.631) amcl=(-1.485, 0.302) error=0.332 m / 0.025 rad; current_map=(-1.438, 0.558, 1.404) error=0.073 m / 0.000 rad; odom=(-0.287, 1.396, 1.404) error=1.380 m / 0.000 rad; ekf=(-0.287, 1.396, 1.404) error=1.380 m / 0.000 rad; RMS=0.166 m / 0.033 rad max=0.711 m / 0.180 rad samples=5041
[component_container-9] [INFO] [1788991106.316944126] [pure_pursuit_node]: Pure Pursuit: pose=(-1.283, 2.483, 1.762) cte=-0.006 closest=1392 target=1434 path_dist=0.006 heading_err=-0.093 steer=0.047 speed=2.267
[gpu_amcl_cpp_node-6] [INFO] [1788991106.321596489] [gpu_amcl_cpp]: AMCL local correction: odom_prediction=(-1.272, 2.467, 1.741) scan=(-1.282, 2.587, 1.724) correction=0.120 m/0.016 rad cluster_weight=0.960 publish=true
[gpu_amcl_cpp_node-6] [INFO] [1788991106.438711339] [gpu_amcl_cpp]: AMCL odom delta: at_scan=(-0.233, -0.997, -2.958) baseline=(-0.050, -0.964, -2.962) delta=(-0.183, -0.034, 0.004) moved=true scan_age=0.051s
[ground_truth_amcl_monitor-7] [INFO] [1788991106.718546216] [ground_truth_amcl_monitor]: AMCL vs GT: gt=(-1.525, 3.528) amcl=(-1.446, 3.361) error=0.185 m / 0.081 rad; current_map=(-1.446, 3.361, 2.110) error=0.185 m / 0.000 rad; odom=(-0.262, 3.671, 2.110) error=1.271 m / 0.000 rad; ekf=(-0.262, 3.671, 2.110) error=1.271 m / 0.000 rad; RMS=0.166 m / 0.033 rad max=0.711 m / 0.180 rad samples=5077
[gpu_amcl_cpp_node-6] [WARN] [1788991106.838745559] [gpu_amcl_cpp]: Queued LiDAR scan until source-time odometry arrives (queued=1).
[component_container-9] [INFO] [1788991107.318137123] [pure_pursuit_node]: Pure Pursuit: pose=(-2.149, 4.061, 3.136) cte=0.212 closest=1480 target=1520 path_dist=0.212 heading_err=-0.102 steer=0.403 speed=1.452
[gpu_amcl_cpp_node-6] [INFO] [1788991107.324803607] [gpu_amcl_cpp]: AMCL local correction: odom_prediction=(-2.148, 4.061, 3.049) scan=(-2.192, 4.075, 3.033) correction=0.046 m/0.017 rad cluster_weight=0.981 publish=true
[gpu_amcl_cpp_node-6] [INFO] [1788991107.441251170] [gpu_amcl_cpp]: AMCL odom delta: at_scan=(-0.971, -1.793, -1.454) baseline=(-0.977, -1.717, -1.546) delta=(0.005, -0.076, 0.092) moved=true scan_age=0.052s
[ground_truth_amcl_monitor-7] [INFO] [1788991107.720949659] [ground_truth_amcl_monitor]: AMCL vs GT: gt=(-2.685, 3.901) amcl=(-2.688, 3.933) error=0.033 m / 0.000 rad; current_map=(-2.690, 3.931, -2.553) error=0.030 m / 0.000 rad; odom=(-1.376, 3.988, -2.553) error=1.312 m / 0.000 rad; ekf=(-1.376, 3.988, -2.553) error=1.312 m / 0.000 rad; RMS=0.166 m / 0.033 rad max=0.711 m / 0.180 rad samples=5114
[gpu_amcl_cpp_node-6] [INFO] [1788991108.265802561] [gpu_amcl_cpp]: Received LiDAR callback #2589 (1081 ranges).
[gpu_amcl_cpp_node-6] [INFO] [1788991108.265943156] [gpu_amcl_cpp]: Starting AMCL scan update #2589 (sampled from 1081 ranges).
[gpu_amcl_cpp_node-6] [INFO] [1788991108.266804987] [gpu_amcl_cpp]: AMCL scan update #2589 completed; evaluating pose confidence.
[component_container-9] [INFO] [1788991108.389514452] [pure_pursuit_node]: Pure Pursuit: pose=(-3.175, 2.697, -1.647) cte=0.041 closest=1566 target=1611 path_dist=0.041 heading_err=-0.042 steer=0.002 speed=2.998
[gpu_amcl_cpp_node-6] [INFO] [1788991108.393547701] [gpu_amcl_cpp]: AMCL local correction: odom_prediction=(-3.167, 2.820, -1.680) scan=(-3.164, 2.809, -1.680) correction=0.011 m/0.000 rad cluster_weight=0.948 publish=true
[gpu_amcl_cpp_node-6] [INFO] [1788991108.441274311] [gpu_amcl_cpp]: AMCL odom delta: at_scan=(0.360, -2.691, -0.084) baseline=(0.231, -2.679, -0.109) delta=(0.129, -0.013, 0.026) moved=true scan_age=0.051s
[ground_truth_amcl_monitor-7] [INFO] [1788991108.723009141] [ground_truth_amcl_monitor]: AMCL vs GT: gt=(-3.255, 1.885) amcl=(-3.235, 1.849) error=0.041 m / 0.000 rad; current_map=(-3.239, 1.847, -1.665) error=0.041 m / 0.000 rad; odom=(-1.955, 1.964, -1.665) error=1.302 m / 0.000 rad; ekf=(-1.955, 1.964, -1.665) error=1.302 m / 0.000 rad; RMS=0.165 m / 0.033 rad max=0.711 m / 0.180 rad samples=5150
[component_container-9] [INFO] [1788991109.391492587] [pure_pursuit_node]: Pure Pursuit: pose=(-3.704, 0.100, -1.949) cte=0.022 closest=1701 target=1745 path_dist=0.022 heading_err=-0.238 steer=-0.450 speed=1.970
[gpu_amcl_cpp_node-6] [INFO] [1788991109.396194013] [gpu_amcl_cpp]: AMCL local correction: odom_prediction=(-3.668, 0.175, -1.947) scan=(-3.681, 0.121, -1.940) correction=0.056 m/0.006 rad cluster_weight=0.985 publish=true
[gpu_amcl_cpp_node-6] [INFO] [1788991109.444509752] [gpu_amcl_cpp]: AMCL odom delta: at_scan=(2.777, -3.120, -0.403) baseline=(2.657, -3.070, -0.376) delta=(0.120, -0.049, -0.027) moved=true scan_age=0.051s
[ground_truth_amcl_monitor-7] [INFO] [1788991109.723611465] [ground_truth_amcl_monitor]: AMCL vs GT: gt=(-4.000, -0.424) amcl=(-3.903, -0.339) error=0.129 m / 0.083 rad; current_map=(-3.925, -0.359, -2.463) error=0.099 m / 0.000 rad; odom=(-2.487, 0.114, -2.463) error=1.606 m / 0.000 rad; ekf=(-2.487, 0.114, -2.463) error=1.606 m / 0.000 rad; RMS=0.165 m / 0.034 rad max=0.711 m / 0.180 rad samples=5185
[component_container-9] [INFO] [1788991110.392039976] [pure_pursuit_node]: Pure Pursuit: pose=(-5.031, -0.514, 2.615) cte=-0.093 closest=1776 target=1818 path_dist=0.093 heading_err=0.123 steer=-0.265 speed=1.824
[gpu_amcl_cpp_node-6] [INFO] [1788991110.397544132] [gpu_amcl_cpp]: AMCL local correction: odom_prediction=(-4.965, -0.550, 2.694) scan=(-4.969, -0.547, 2.715) correction=0.005 m/0.020 rad cluster_weight=0.976 publish=true
[gpu_amcl_cpp_node-6] [INFO] [1788991110.448170578] [gpu_amcl_cpp]: AMCL odom delta: at_scan=(3.112, -4.347, -2.100) baseline=(3.153, -4.270, -2.018) delta=(-0.041, -0.077, -0.082) moved=true scan_age=0.054s
[ground_truth_amcl_monitor-7] [INFO] [1788991110.726578315] [ground_truth_amcl_monitor]: AMCL vs GT: gt=(-5.456, -0.157) amcl=(-5.431, -0.161) error=0.026 m / 0.000 rad; current_map=(-5.433, -0.155, 2.232) error=0.023 m / 0.000 rad; odom=(-3.924, 0.384, 2.232) error=1.625 m / 0.000 rad; ekf=(-3.924, 0.384, 2.232) error=1.625 m / 0.000 rad; RMS=0.165 m / 0.034 rad max=0.711 m / 0.180 rad samples=5220
[component_container-9] [INFO] [1788991111.439252301] [pure_pursuit_node]: Pure Pursuit: pose=(-6.094, 2.053, 1.683) cte=-0.003 closest=1917 target=1965 path_dist=0.003 heading_err=0.015 steer=-0.029 speed=3.930
[gpu_amcl_cpp_node-6] [INFO] [1788991111.443818793] [gpu_amcl_cpp]: AMCL local correction: odom_prediction=(-6.071, 1.851, 1.703) scan=(-6.074, 1.849, 1.705) correction=0.004 m/0.002 rad cluster_weight=0.946 publish=true
[gpu_amcl_cpp_node-6] [INFO] [1788991111.492998146] [gpu_amcl_cpp]: AMCL odom delta: at_scan=(0.519, -5.377, -3.032) baseline=(0.715, -5.353, -3.010) delta=(-0.196, -0.024, -0.022) moved=true scan_age=0.052s
[ground_truth_amcl_monitor-7] [INFO] [1788991111.791131697] [ground_truth_amcl_monitor]: AMCL vs GT: gt=(-6.184, 3.256) amcl=(-6.158, 2.881) error=0.375 m / 0.026 rad; current_map=(-6.164, 3.143, 1.582) error=0.114 m / 0.000 rad; odom=(-4.641, 3.739, 1.582) error=1.616 m / 0.000 rad; ekf=(-4.635, 3.477, 1.607) error=1.564 m / 0.026 rad; RMS=0.165 m / 0.034 rad max=0.711 m / 0.180 rad samples=5255
[component_container-9] [INFO] [1788991112.490167078] [pure_pursuit_node]: Pure Pursuit: pose=(-5.680, 5.874, 1.098) cte=-0.024 closest=2111 target=2156 path_dist=0.024 heading_err=0.048 steer=-0.049 speed=2.856
[gpu_amcl_cpp_node-6] [INFO] [1788991112.495720046] [gpu_amcl_cpp]: AMCL local correction: odom_prediction=(-5.737, 5.762, 1.133) scan=(-5.694, 5.833, 1.151) correction=0.083 m/0.018 rad cluster_weight=0.987 publish=true
[gpu_amcl_cpp_node-6] [INFO] [1788991112.544702018] [gpu_amcl_cpp]: AMCL odom delta: at_scan=(-3.097, -4.976, 2.669) baseline=(-3.037, -5.005, 2.703) delta=(-0.059, 0.029, -0.034) moved=true scan_age=0.053s
[ground_truth_amcl_monitor-7] [INFO] [1788991112.792593144] [ground_truth_amcl_monitor]: AMCL vs GT: gt=(-5.290, 6.644) amcl=(-5.435, 6.310) error=0.364 m / 0.004 rad; current_map=(-5.332, 6.479, 1.025) error=0.170 m / 0.000 rad; odom=(-3.982, 6.585, 1.025) error=1.310 m / 0.000 rad; ekf=(-3.982, 6.585, 1.025) error=1.310 m / 0.000 rad; RMS=0.165 m / 0.034 rad max=0.711 m / 0.180 rad samples=5289
[gpu_amcl_cpp_node-6] [INFO] [1788991113.269484381] [gpu_amcl_cpp]: Received LiDAR callback #2675 (1081 ranges).
[gpu_amcl_cpp_node-6] [INFO] [1788991113.269689437] [gpu_amcl_cpp]: Starting AMCL scan update #2675 (sampled from 1081 ranges).
[gpu_amcl_cpp_node-6] [INFO] [1788991113.270618845] [gpu_amcl_cpp]: AMCL scan update #2675 completed; evaluating pose confidence.
[component_container-9] [INFO] [1788991113.513798135] [pure_pursuit_node]: Pure Pursuit: pose=(-3.784, 7.640, 0.091) cte=-0.095 closest=2243 target=2288 path_dist=0.095 heading_err=0.102 steer=-0.133 speed=3.243
[gpu_amcl_cpp_node-6] [INFO] [1788991113.518905675] [gpu_amcl_cpp]: AMCL local correction: odom_prediction=(-3.922, 7.634, 0.133) scan=(-3.907, 7.650, 0.152) correction=0.022 m/0.019 rad cluster_weight=0.988 publish=true
[gpu_amcl_cpp_node-6] [INFO] [1788991113.610536702] [gpu_amcl_cpp]: AMCL odom delta: at_scan=(-4.331, -3.369, 1.635) baseline=(-4.312, -3.562, 1.703) delta=(-0.019, 0.193, -0.068) moved=true scan_age=0.095s
[ground_truth_amcl_monitor-7] [INFO] [1788991113.841341188] [ground_truth_amcl_monitor]: AMCL vs GT: gt=(-2.858, 7.641) amcl=(-3.116, 7.674) error=0.260 m / 0.083 rad; current_map=(-2.877, 7.630, -0.223) error=0.022 m / 0.000 rad; odom=(-1.758, 7.440, -0.223) error=1.118 m / 0.000 rad; ekf=(-1.758, 7.440, -0.223) error=1.118 m / 0.000 rad; RMS=0.166 m / 0.034 rad max=0.711 m / 0.180 rad samples=5323
[component_container-9] [INFO] [1788991114.544318088] [pure_pursuit_node]: Pure Pursuit: pose=(-0.741, 6.091, -0.920) cte=-0.003 closest=2421 target=2469 path_dist=0.003 heading_err=-0.025 steer=-0.075 speed=3.895
[gpu_amcl_cpp_node-6] [INFO] [1788991114.549885263] [gpu_amcl_cpp]: AMCL local correction: odom_prediction=(-0.865, 6.248, -0.901) scan=(-0.870, 6.255, -0.898) correction=0.009 m/0.003 rad cluster_weight=0.984 publish=true
[gpu_amcl_cpp_node-6] [INFO] [1788991114.615802208] [gpu_amcl_cpp]: AMCL odom delta: at_scan=(-2.609, -0.312, 0.619) baseline=(-2.816, -0.468, 0.670) delta=(0.207, 0.156, -0.051) moved=true scan_age=0.053s
[ground_truth_amcl_monitor-7] [INFO] [1788991114.848665937] [ground_truth_amcl_monitor]: AMCL vs GT: gt=(-0.221, 5.237) amcl=(-0.342, 5.482) error=0.274 m / 0.026 rad; current_map=(-0.251, 5.311, -1.093) error=0.080 m / 0.000 rad; odom=(0.931, 5.035, -1.093) error=1.169 m / 0.000 rad; ekf=(0.931, 5.035, -1.093) error=1.169 m / 0.000 rad; RMS=0.166 m / 0.034 rad max=0.711 m / 0.180 rad samples=5357
[gpu_amcl_cpp_node-6] [WARN] [1788991115.393658032] [gpu_amcl_cpp]: No local AMCL cluster near odometry prediction; using causal odometry pose.
[component_container-9] [INFO] [1788991115.594274827] [pure_pursuit_node]: Pure Pursuit: pose=(0.854, 2.488, -1.307) cte=-0.026 closest=33 target=80 path_dist=0.026 heading_err=0.005 steer=-0.037 speed=3.818
[gpu_amcl_cpp_node-6] [INFO] [1788991115.599759427] [gpu_amcl_cpp]: AMCL local correction: odom_prediction=(0.807, 2.659, -1.285) scan=(0.815, 2.622, -1.289) correction=0.037 m/0.004 rad cluster_weight=0.920 publish=true
[gpu_amcl_cpp_node-6] [INFO] [1788991115.664779814] [gpu_amcl_cpp]: AMCL odom delta: at_scan=(0.964, 1.191, 0.239) baseline=(0.715, 1.124, 0.285) delta=(0.249, 0.067, -0.046) moved=true scan_age=0.052s
[ground_truth_amcl_monitor-7] [INFO] [1788991115.870913299] [ground_truth_amcl_monitor]: AMCL vs GT: gt=(1.060, 1.470) amcl=(1.004, 1.848) error=0.381 m / 0.000 rad; current_map=(1.041, 1.658, -1.379) error=0.188 m / 0.000 rad; odom=(2.146, 1.446, -1.379) error=1.086 m / 0.000 rad; ekf=(2.146, 1.446, -1.379) error=1.086 m / 0.000 rad; RMS=0.166 m / 0.034 rad max=0.711 m / 0.180 rad samples=5393
[component_container-9] [INFO] [1788991116.614425892] [pure_pursuit_node]: Pure Pursuit: pose=(1.391, -1.393, -1.603) cte=-0.026 closest=229 target=276 path_dist=0.026 heading_err=0.024 steer=-0.023 speed=3.821
[gpu_amcl_cpp_node-6] [INFO] [1788991116.619684686] [gpu_amcl_cpp]: AMCL local correction: odom_prediction=(1.400, -1.235, -1.567) scan=(1.424, -1.246, -1.559) correction=0.026 m/0.008 rad cluster_weight=0.930 publish=true
[gpu_amcl_cpp_node-6] [INFO] [1788991116.669301351] [gpu_amcl_cpp]: AMCL odom delta: at_scan=(4.645, 1.674, -0.035) baseline=(4.449, 1.677, 0.004) delta=(0.196, -0.003, -0.039) moved=true scan_age=0.053s
[gpu_amcl_cpp_node-6] [WARN] [1788991116.847909676] [gpu_amcl_cpp]: No local AMCL cluster near odometry prediction; using causal odometry pose.
[ground_truth_amcl_monitor-7] [INFO] [1788991116.914671990] [ground_truth_amcl_monitor]: AMCL vs GT: gt=(1.337, -2.581) amcl=(1.374, -2.140) error=0.443 m / 0.001 rad; current_map=(1.350, -2.400, -1.663) error=0.182 m / 0.000 rad; odom=(2.402, -2.399, -1.663) error=1.081 m / 0.000 rad; ekf=(2.402, -2.399, -1.663) error=1.081 m / 0.000 rad; RMS=0.168 m / 0.034 rad max=0.711 m / 0.180 rad samples=5429
[component_container-9] [INFO] [1788991117.638379255] [pure_pursuit_node]: Pure Pursuit: pose=(0.903, -5.376, -1.790) cte=0.000 closest=430 target=477 path_dist=0.000 heading_err=0.027 steer=0.011 speed=3.986
[gpu_amcl_cpp_node-6] [INFO] [1788991117.643503106] [gpu_amcl_cpp]: AMCL local correction: odom_prediction=(0.944, -5.197, -1.773) scan=(0.938, -5.229, -1.763) correction=0.032 m/0.010 rad cluster_weight=0.941 publish=true
[gpu_amcl_cpp_node-6] [INFO] [1788991117.692005564] [gpu_amcl_cpp]: AMCL odom delta: at_scan=(8.405, 1.156, -0.215) baseline=(8.215, 1.196, -0.202) delta=(0.189, -0.040, -0.013) moved=true scan_age=0.052s
[ground_truth_amcl_monitor-7] [INFO] [1788991117.918051061] [ground_truth_amcl_monitor]: AMCL vs GT: gt=(0.682, -6.439) amcl=(0.747, -6.124) error=0.322 m / 0.008 rad; current_map=(0.710, -6.308, -1.768) error=0.134 m / 0.000 rad; odom=(1.781, -6.065, -1.768) error=1.160 m / 0.000 rad; ekf=(1.781, -6.065, -1.768) error=1.160 m / 0.000 rad; RMS=0.169 m / 0.034 rad max=0.711 m / 0.180 rad samples=5465
[gpu_amcl_cpp_node-6] [INFO] [1788991118.318460906] [gpu_amcl_cpp]: Received LiDAR callback #2762 (1081 ranges).
[gpu_amcl_cpp_node-6] [INFO] [1788991118.318547790] [gpu_amcl_cpp]: Starting AMCL scan update #2762 (sampled from 1081 ranges).
[gpu_amcl_cpp_node-6] [INFO] [1788991118.319415282] [gpu_amcl_cpp]: AMCL scan update #2762 completed; evaluating pose confidence.
[component_container-9] [INFO] [1788991118.663447912] [pure_pursuit_node]: Pure Pursuit: pose=(0.046, -8.828, -2.081) cte=-0.013 closest=607 target=648 path_dist=0.013 heading_err=0.123 steer=0.011 speed=2.649
[gpu_amcl_cpp_node-6] [INFO] [1788991118.668487013] [gpu_amcl_cpp]: AMCL local correction: odom_prediction=(0.037, -8.856, -2.044) scan=(-0.030, -9.006, -2.018) correction=0.164 m/0.026 rad cluster_weight=0.980 publish=true
[gpu_amcl_cpp_node-6] [INFO] [1788991118.717237187] [gpu_amcl_cpp]: AMCL odom delta: at_scan=(11.548, 0.348, -0.498) baseline=(11.515, 0.366, -0.473) delta=(0.033, -0.018, -0.024) moved=true scan_age=0.052s
[ground_truth_amcl_monitor-7] [INFO] [1788991118.944634798] [ground_truth_amcl_monitor]: AMCL vs GT: gt=(-0.432, -9.774) amcl=(-0.315, -9.549) error=0.254 m / 0.025 rad; current_map=(-0.379, -9.663, -2.096) error=0.123 m / 0.000 rad; odom=(0.888, -8.861, -2.096) error=1.605 m / 0.000 rad; ekf=(0.888, -8.861, -2.096) error=1.605 m / 0.000 rad; RMS=0.170 m / 0.034 rad max=0.711 m / 0.180 rad samples=5501
[component_container-9] [INFO] [1788991119.691120053] [pure_pursuit_node]: Pure Pursuit: pose=(-1.615, -10.392, 2.860) cte=-0.302 closest=719 target=762 path_dist=0.302 heading_err=0.117 steer=-0.318 speed=1.790
[gpu_amcl_cpp_node-6] [INFO] [1788991119.695749744] [gpu_amcl_cpp]: AMCL local correction: odom_prediction=(-1.532, -10.416, 2.958) scan=(-1.538, -10.416, 2.979) correction=0.007 m/0.021 rad cluster_weight=0.996 publish=true
[gpu_amcl_cpp_node-6] [INFO] [1788991119.744640041] [gpu_amcl_cpp]: AMCL odom delta: at_scan=(12.634, -1.024, -1.847) baseline=(12.656, -0.930, -1.754) delta=(-0.022, -0.095, -0.092) moved=true scan_age=0.052s
[ground_truth_amcl_monitor-7] [INFO] [1788991119.969782588] [ground_truth_amcl_monitor]: AMCL vs GT: gt=(-1.972, -10.249) amcl=(-1.907, -10.268) error=0.067 m / 0.079 rad; current_map=(-1.987, -10.213, 2.498) error=0.039 m / 0.000 rad; odom=(-0.585, -9.294, 2.498) error=1.683 m / 0.000 rad; ekf=(-0.585, -9.294, 2.498) error=1.683 m / 0.000 rad; RMS=0.170 m / 0.034 rad max=0.711 m / 0.180 rad samples=5537
[component_container-9] [INFO] [1788991120.717291806] [pure_pursuit_node]: Pure Pursuit: pose=(-2.967, -8.470, 1.885) cte=-0.003 closest=832 target=880 path_dist=0.003 heading_err=-0.011 steer=-0.100 speed=3.840
[gpu_amcl_cpp_node-6] [INFO] [1788991120.722318363] [gpu_amcl_cpp]: AMCL local correction: odom_prediction=(-2.907, -8.652, 1.912) scan=(-2.900, -8.660, 1.923) correction=0.011 m/0.011 rad cluster_weight=0.978 publish=true
[gpu_amcl_cpp_node-6] [INFO] [1788991120.791609464] [gpu_amcl_cpp]: AMCL odom delta: at_scan=(10.638, -2.398, -2.850) baseline=(10.888, -2.316, -2.801) delta=(-0.250, -0.082, -0.049) moved=true scan_age=0.054s
[ground_truth_amcl_monitor-7] [INFO] [1788991120.971479480] [ground_truth_amcl_monitor]: AMCL vs GT: gt=(-3.122, -7.784) amcl=(-3.083, -7.985) error=0.205 m / 0.058 rad; current_map=(-3.111, -7.788, 1.680) error=0.012 m / 0.000 rad; odom=(-1.732, -6.831, 1.680) error=1.685 m / 0.000 rad; ekf=(-1.732, -6.831, 1.680) error=1.685 m / 0.000 rad; RMS=0.169 m / 0.034 rad max=0.711 m / 0.180 rad samples=5571
[component_container-9] [INFO] [1788991121.740728628] [pure_pursuit_node]: Pure Pursuit: pose=(-2.801, -4.727, 1.308) cte=-0.005 closest=1022 target=1070 path_dist=0.005 heading_err=-0.028 steer=-0.017 speed=3.956
[gpu_amcl_cpp_node-6] [WARN] [1788991121.744383976] [gpu_amcl_cpp]: No local AMCL cluster near odometry prediction; using causal odometry pose.
[gpu_amcl_cpp_node-6] [INFO] [1788991121.794667454] [gpu_amcl_cpp]: AMCL odom delta: at_scan=(6.972, -2.212, 2.882) baseline=(7.156, -2.262, 2.873) delta=(-0.184, 0.050, 0.009) moved=true scan_age=0.053s
[gpu_amcl_cpp_node-6] [INFO] [1788991121.798748813] [gpu_amcl_cpp]: AMCL local correction: odom_prediction=(-2.813, -4.734, 1.311) scan=(-2.838, -4.754, 1.292) correction=0.032 m/0.019 rad cluster_weight=0.930 publish=true
[ground_truth_amcl_monitor-7] [INFO] [1788991121.973074666] [ground_truth_amcl_monitor]: AMCL vs GT: gt=(-2.606, -3.995) amcl=(-2.700, -4.282) error=0.302 m / 0.021 rad; current_map=(-2.644, -4.094, 1.272) error=0.106 m / 0.000 rad; odom=(-1.234, -3.182, 1.272) error=1.595 m / 0.000 rad; ekf=(-1.234, -3.182, 1.272) error=1.595 m / 0.000 rad; RMS=0.169 m / 0.034 rad max=0.711 m / 0.180 rad samples=5605
[component_container-9] [INFO] [1788991122.788757646] [pure_pursuit_node]: Pure Pursuit: pose=(-1.735, -0.837, 1.362) cte=0.009 closest=1224 target=1271 path_dist=0.009 heading_err=-0.023 steer=0.000 speed=3.928
[gpu_amcl_cpp_node-6] [INFO] [1788991122.840222436] [gpu_amcl_cpp]: AMCL odom delta: at_scan=(3.219, -1.187, 2.931) baseline=(3.408, -1.229, 2.924) delta=(-0.189, 0.041, 0.007) moved=true scan_age=0.050s
[gpu_amcl_cpp_node-6] [INFO] [1788991122.842930201] [gpu_amcl_cpp]: AMCL local correction: odom_prediction=(-1.723, -0.797, 1.360) scan=(-1.712, -0.761, 1.343) correction=0.038 m/0.017 rad cluster_weight=0.951 publish=true
[ground_truth_amcl_monitor-7] [INFO] [1788991122.999775424] [ground_truth_amcl_monitor]: AMCL vs GT: gt=(-1.584, -0.107) amcl=(-1.633, -0.393) error=0.290 m / 0.000 rad; current_map=(-1.593, -0.202, 1.361) error=0.095 m / 0.000 rad; odom=(-0.268, 0.498, 1.361) error=1.449 m / 0.000 rad; ekf=(-0.268, 0.498, 1.361) error=1.449 m / 0.000 rad; RMS=0.170 m / 0.034 rad max=0.711 m / 0.180 rad samples=5641
[gpu_amcl_cpp_node-6] [WARN] [1788991123.238859357] [gpu_amcl_cpp]: Queued LiDAR scan until source-time odometry arrives (queued=1).
[gpu_amcl_cpp_node-6] [INFO] [1788991123.341074172] [gpu_amcl_cpp]: Received LiDAR callback #2850 (1081 ranges).
[gpu_amcl_cpp_node-6] [INFO] [1788991123.341127653] [gpu_amcl_cpp]: Starting AMCL scan update #2850 (sampled from 1081 ranges).
[gpu_amcl_cpp_node-6] [INFO] [1788991123.341935012] [gpu_amcl_cpp]: AMCL scan update #2850 completed; evaluating pose confidence.
[component_container-9] [INFO] [1788991123.815266769] [pure_pursuit_node]: Pure Pursuit: pose=(-1.282, 2.481, 1.732) cte=-0.005 closest=1392 target=1435 path_dist=0.005 heading_err=-0.064 steer=0.081 speed=2.279
[gpu_amcl_cpp_node-6] [INFO] [1788991123.867320096] [gpu_amcl_cpp]: AMCL odom delta: at_scan=(0.175, -0.810, -2.990) baseline=(0.330, -0.787, -2.993) delta=(-0.155, -0.023, 0.003) moved=true scan_age=0.050s
[gpu_amcl_cpp_node-6] [INFO] [1788991123.870271860] [gpu_amcl_cpp]: AMCL local correction: odom_prediction=(-1.300, 2.672, 1.722) scan=(-1.309, 2.771, 1.715) correction=0.099 m/0.007 rad cluster_weight=0.975 publish=true
[ground_truth_amcl_monitor-7] [INFO] [1788991124.052582855] [ground_truth_amcl_monitor]: AMCL vs GT: gt=(-1.409, 3.307) amcl=(-1.358, 3.116) error=0.197 m / 0.058 rad; current_map=(-1.379, 3.214, 1.810) error=0.097 m / 0.000 rad; odom=(-0.084, 3.419, 1.810) error=1.329 m / 0.000 rad; ekf=(-0.084, 3.419, 1.810) error=1.329 m / 0.000 rad; RMS=0.170 m / 0.034 rad max=0.711 m / 0.180 rad samples=5677
[component_container-9] [INFO] [1788991124.839334704] [pure_pursuit_node]: Pure Pursuit: pose=(-2.390, 4.046, -2.916) cte=0.195 closest=1490 target=1532 path_dist=0.195 heading_err=-0.139 steer=0.393 speed=1.467
[gpu_amcl_cpp_node-6] [INFO] [1788991124.891852956] [gpu_amcl_cpp]: AMCL odom delta: at_scan=(-0.775, -1.815, -1.344) baseline=(-0.789, -1.739, -1.434) delta=(0.014, -0.076, 0.091) moved=true scan_age=0.051s
[gpu_amcl_cpp_node-6] [INFO] [1788991124.894937770] [gpu_amcl_cpp]: AMCL local correction: odom_prediction=(-2.389, 4.044, -2.914) scan=(-2.368, 4.032, -2.929) correction=0.024 m/0.014 rad cluster_weight=0.984 publish=true
[ground_truth_amcl_monitor-7] [INFO] [1788991125.067499271] [ground_truth_amcl_monitor]: AMCL vs GT: gt=(-2.591, 3.905) amcl=(-2.507, 3.984) error=0.116 m / 0.117 rad; current_map=(-2.601, 3.937, -2.623) error=0.034 m / 0.000 rad; odom=(-1.254, 3.840, -2.623) error=1.339 m / 0.000 rad; ekf=(-1.254, 3.840, -2.623) error=1.339 m / 0.000 rad; RMS=0.170 m / 0.034 rad max=0.711 m / 0.180 rad samples=5713
[component_container-9] [INFO] [1788991125.864177152] [pure_pursuit_node]: Pure Pursuit: pose=(-3.192, 2.379, -1.650) cte=0.020 closest=1582 target=1627 path_dist=0.020 heading_err=-0.040 steer=-0.013 speed=3.442
[gpu_amcl_cpp_node-6] [INFO] [1788991125.918176530] [gpu_amcl_cpp]: AMCL odom delta: at_scan=(0.827, -2.678, -0.086) baseline=(0.677, -2.665, -0.091) delta=(0.150, -0.013, 0.006) moved=true scan_age=0.052s
[gpu_amcl_cpp_node-6] [INFO] [1788991125.921545469] [gpu_amcl_cpp]: AMCL local correction: odom_prediction=(-3.198, 2.365, -1.656) scan=(-3.202, 2.372, -1.647) correction=0.008 m/0.010 rad cluster_weight=0.941 publish=true
[ground_truth_amcl_monitor-7] [INFO] [1788991126.095015388] [ground_truth_amcl_monitor]: AMCL vs GT: gt=(-3.268, 1.785) amcl=(-3.236, 1.975) error=0.193 m / 0.007 rad; current_map=(-3.256, 1.776, -1.676) error=0.016 m / 0.000 rad; odom=(-1.936, 1.717, -1.676) error=1.334 m / 0.000 rad; ekf=(-1.936, 1.717, -1.676) error=1.334 m / 0.000 rad; RMS=0.170 m / 0.034 rad max=0.711 m / 0.180 rad samples=5749
[component_container-9] [INFO] [1788991126.892485265] [pure_pursuit_node]: Pure Pursuit: pose=(-3.819, -0.236, -2.202) cte=-0.111 closest=1717 target=1759 path_dist=0.111 heading_err=-0.191 steer=-0.449 speed=1.720
[gpu_amcl_cpp_node-6] [INFO] [1788991126.965585040] [gpu_amcl_cpp]: AMCL odom delta: at_scan=(3.062, -3.159, -0.681) baseline=(3.026, -3.134, -0.524) delta=(0.036, -0.025, -0.157) moved=true scan_age=0.052s
[gpu_amcl_cpp_node-6] [INFO] [1788991126.968958307] [gpu_amcl_cpp]: AMCL local correction: odom_prediction=(-3.803, -0.253, -2.251) scan=(-3.838, -0.319, -2.224) correction=0.075 m/0.028 rad cluster_weight=0.985 publish=true
[ground_truth_amcl_monitor-7] [INFO] [1788991127.140804791] [ground_truth_amcl_monitor]: AMCL vs GT: gt=(-4.039, -0.511) amcl=(-3.901, -0.380) error=0.190 m / 0.123 rad; current_map=(-3.970, -0.432, -2.562) error=0.105 m / 0.000 rad; odom=(-2.457, 0.016, -2.562) error=1.668 m / 0.000 rad; ekf=(-2.457, 0.016, -2.562) error=1.668 m / 0.000 rad; RMS=0.170 m / 0.034 rad max=0.711 m / 0.180 rad samples=5785
[component_container-9] [INFO] [1788991127.938348514] [pure_pursuit_node]: Pure Pursuit: pose=(-5.222, -0.384, 2.401) cte=-0.074 closest=1787 target=1829 path_dist=0.074 heading_err=0.107 steer=-0.212 speed=2.035
[gpu_amcl_cpp_node-6] [INFO] [1788991127.992136263] [gpu_amcl_cpp]: AMCL odom delta: at_scan=(3.012, -4.480, -2.310) baseline=(3.070, -4.411, -2.243) delta=(-0.059, -0.069, -0.067) moved=true scan_age=0.052s
[gpu_amcl_cpp_node-6] [INFO] [1788991127.995234052] [gpu_amcl_cpp]: AMCL local correction: odom_prediction=(-5.239, -0.368, 2.403) scan=(-5.244, -0.364, 2.419) correction=0.006 m/0.017 rad cluster_weight=0.977 publish=true
[ground_truth_amcl_monitor-7] [INFO] [1788991128.166826777] [ground_truth_amcl_monitor]: AMCL vs GT: gt=(-5.490, -0.119) amcl=(-5.380, -0.216) error=0.147 m / 0.084 rad; current_map=(-5.465, -0.106, 2.187) error=0.028 m / 0.000 rad; odom=(-3.903, 0.401, 2.187) error=1.670 m / 0.000 rad; ekf=(-3.903, 0.401, 2.187) error=1.670 m / 0.000 rad; RMS=0.169 m / 0.035 rad max=0.711 m / 0.180 rad samples=5821
[gpu_amcl_cpp_node-6] [INFO] [1788991128.369303029] [gpu_amcl_cpp]: Received LiDAR callback #2938 (1081 ranges).
[gpu_amcl_cpp_node-6] [INFO] [1788991128.369366438] [gpu_amcl_cpp]: Starting AMCL scan update #2938 (sampled from 1081 ranges).
[gpu_amcl_cpp_node-6] [INFO] [1788991128.370481285] [gpu_amcl_cpp]: AMCL scan update #2938 completed; evaluating pose confidence.
[component_container-9] [INFO] [1788991128.939970458] [pure_pursuit_node]: Pure Pursuit: pose=(-6.127, 2.341, 1.646) cte=-0.004 closest=1931 target=1979 path_dist=0.004 heading_err=0.018 steer=-0.026 speed=3.921
[gpu_amcl_cpp_node-6] [INFO] [1788991128.992727709] [gpu_amcl_cpp]: AMCL odom delta: at_scan=(0.254, -5.350, -3.066) baseline=(0.442, -5.334, -3.046) delta=(-0.188, -0.016, -0.020) moved=true scan_age=0.051s
[gpu_amcl_cpp_node-6] [INFO] [1788991128.995255645] [gpu_amcl_cpp]: AMCL local correction: odom_prediction=(-6.128, 2.346, 1.647) scan=(-6.128, 2.328, 1.647) correction=0.018 m/0.001 rad cluster_weight=0.961 publish=true
[ground_truth_amcl_monitor-7] [INFO] [1788991129.170987147] [ground_truth_amcl_monitor]: AMCL vs GT: gt=(-6.178, 3.063) amcl=(-6.159, 2.978) error=0.087 m / 0.000 rad; current_map=(-6.160, 2.974, 1.596) error=0.091 m / 0.000 rad; odom=(-4.581, 3.543, 1.596) error=1.667 m / 0.000 rad; ekf=(-4.581, 3.543, 1.596) error=1.667 m / 0.000 rad; RMS=0.169 m / 0.035 rad max=0.711 m / 0.180 rad samples=5858
[component_container-9] [INFO] [1788991129.967736147] [pure_pursuit_node]: Pure Pursuit: pose=(-5.642, 5.934, 1.104) cte=-0.014 closest=2114 target=2157 path_dist=0.014 heading_err=0.027 steer=-0.059 speed=2.856
[gpu_amcl_cpp_node-6] [INFO] [1788991130.038724448] [gpu_amcl_cpp]: AMCL odom delta: at_scan=(-3.189, -4.863, 2.659) baseline=(-3.121, -4.897, 2.695) delta=(-0.068, 0.034, -0.036) moved=true scan_age=0.051s
[gpu_amcl_cpp_node-6] [INFO] [1788991130.042095371] [gpu_amcl_cpp]: AMCL local correction: odom_prediction=(-5.606, 6.010, 1.088) scan=(-5.518, 6.169, 1.117) correction=0.182 m/0.028 rad cluster_weight=0.991 publish=true
[gpu_amcl_cpp_node-6] [WARN] [1788991130.214571476] [gpu_amcl_cpp]: Queued LiDAR scan until source-time odometry arrives (queued=1).
[ground_truth_amcl_monitor-7] [INFO] [1788991130.216562042] [ground_truth_amcl_monitor]: AMCL vs GT: gt=(-5.273, 6.692) amcl=(-5.419, 6.358) error=0.365 m / 0.025 rad; current_map=(-5.314, 6.530, 1.009) error=0.166 m / 0.000 rad; odom=(-3.894, 6.630, 1.009) error=1.380 m / 0.000 rad; ekf=(-4.000, 6.457, 1.035) error=1.294 m / 0.025 rad; RMS=0.170 m / 0.035 rad max=0.711 m / 0.180 rad samples=5893
[component_container-9] [INFO] [1788991131.037697851] [pure_pursuit_node]: Pure Pursuit: pose=(-3.138, 7.641, -0.104) cte=-0.051 closest=2274 target=2321 path_dist=0.051 heading_err=0.046 steer=-0.134 speed=3.470
[gpu_amcl_cpp_node-6] [INFO] [1788991131.039283784] [gpu_amcl_cpp]: AMCL odom delta: at_scan=(-4.395, -2.798, 1.526) baseline=(-4.397, -3.039, 1.602) delta=(0.002, 0.241, -0.077) moved=true scan_age=0.051s
[gpu_amcl_cpp_node-6] [INFO] [1788991131.042747241] [gpu_amcl_cpp]: AMCL local correction: odom_prediction=(-3.316, 7.658, -0.045) scan=(-3.321, 7.659, -0.032) correction=0.005 m/0.013 rad cluster_weight=0.962 publish=true
[ground_truth_amcl_monitor-7] [INFO] [1788991131.219037382] [ground_truth_amcl_monitor]: AMCL vs GT: gt=(-2.744, 7.582) amcl=(-2.702, 7.570) error=0.043 m / 0.000 rad; current_map=(-2.697, 7.566, -0.276) error=0.049 m / 0.000 rad; odom=(-1.372, 7.452, -0.276) error=1.378 m / 0.000 rad; ekf=(-1.372, 7.452, -0.276) error=1.378 m / 0.000 rad; RMS=0.170 m / 0.035 rad max=0.711 m / 0.180 rad samples=5928
[component_container-9] [INFO] [1788991132.042445011] [pure_pursuit_node]: Pure Pursuit: pose=(-0.382, 5.539, -1.055) cte=-0.002 closest=2454 target=2501 path_dist=0.002 heading_err=0.008 steer=-0.032 speed=3.926
[gpu_amcl_cpp_node-6] [INFO] [1788991132.044462948] [gpu_amcl_cpp]: AMCL odom delta: at_scan=(-2.369, 0.141, 0.557) baseline=(-2.531, 0.036, 0.599) delta=(0.161, 0.105, -0.042) moved=true scan_age=0.052s
[gpu_amcl_cpp_node-6] [INFO] [1788991132.047882732] [gpu_amcl_cpp]: AMCL local correction: odom_prediction=(-0.474, 5.698, -1.014) scan=(-0.465, 5.700, -1.006) correction=0.009 m/0.009 rad cluster_weight=0.979 publish=true
[ground_truth_amcl_monitor-7] [INFO] [1788991132.220736798] [ground_truth_amcl_monitor]: AMCL vs GT: gt=(-0.116, 5.047) amcl=(-0.229, 5.292) error=0.270 m / 0.021 rad; current_map=(-0.142, 5.117, -1.116) error=0.075 m / 0.000 rad; odom=(1.253, 4.957, -1.116) error=1.371 m / 0.000 rad; ekf=(1.253, 4.957, -1.116) error=1.371 m / 0.000 rad; RMS=0.170 m / 0.035 rad max=0.711 m / 0.180 rad samples=5963
[component_container-9] [INFO] [1788991133.066165144] [pure_pursuit_node]: Pure Pursuit: pose=(0.987, 1.893, -1.384) cte=-0.008 closest=63 target=111 path_dist=0.008 heading_err=0.042 steer=0.003 speed=3.922
[gpu_amcl_cpp_node-6] [INFO] [1788991133.067770504] [gpu_amcl_cpp]: AMCL odom delta: at_scan=(1.169, 1.483, 0.207) baseline=(0.977, 1.440, 0.229) delta=(0.192, 0.042, -0.022) moved=true scan_age=0.052s
[gpu_amcl_cpp_node-6] [INFO] [1788991133.071263436] [gpu_amcl_cpp]: AMCL local correction: odom_prediction=(0.954, 2.062, -1.364) scan=(0.958, 2.050, -1.367) correction=0.013 m/0.003 rad cluster_weight=0.932 publish=true
[ground_truth_amcl_monitor-7] [INFO] [1788991133.242724851] [ground_truth_amcl_monitor]: AMCL vs GT: gt=(1.100, 1.262) amcl=(1.041, 1.630) error=0.373 m / 0.002 rad; current_map=(1.077, 1.441, -1.381) error=0.180 m / 0.000 rad; odom=(2.406, 1.355, -1.381) error=1.309 m / 0.000 rad; ekf=(2.406, 1.355, -1.381) error=1.309 m / 0.000 rad; RMS=0.170 m / 0.035 rad max=0.711 m / 0.180 rad samples=5999
[gpu_amcl_cpp_node-6] [INFO] [1788991133.414796674] [gpu_amcl_cpp]: Received LiDAR callback #3027 (1081 ranges).
[gpu_amcl_cpp_node-6] [INFO] [1788991133.414860043] [gpu_amcl_cpp]: Starting AMCL scan update #3027 (sampled from 1081 ranges).
[gpu_amcl_cpp_node-6] [INFO] [1788991133.415648456] [gpu_amcl_cpp]: AMCL scan update #3027 completed; evaluating pose confidence.
[component_container-9] [INFO] [1788991134.090294923] [pure_pursuit_node]: Pure Pursuit: pose=(1.374, -2.073, -1.705) cte=-0.031 closest=263 target=310 path_dist=0.031 heading_err=0.083 steer=0.016 speed=3.800
[gpu_amcl_cpp_node-6] [INFO] [1788991134.091882079] [gpu_amcl_cpp]: AMCL odom delta: at_scan=(4.934, 1.879, -0.101) baseline=(4.743, 1.895, -0.064) delta=(0.190, -0.016, -0.036) moved=true scan_age=0.052s
[gpu_amcl_cpp_node-6] [INFO] [1788991134.095040612] [gpu_amcl_cpp]: AMCL local correction: odom_prediction=(1.403, -1.886, -1.671) scan=(1.406, -1.900, -1.660) correction=0.014 m/0.012 rad cluster_weight=0.956 publish=true
[ground_truth_amcl_monitor-7] [INFO] [1788991134.265147016] [ground_truth_amcl_monitor]: AMCL vs GT: gt=(1.318, -2.708) amcl=(1.362, -2.306) error=0.404 m / 0.012 rad; current_map=(1.332, -2.563, -1.680) error=0.145 m / 0.000 rad; odom=(2.605, -2.414, -1.680) error=1.320 m / 0.000 rad; ekf=(2.605, -2.414, -1.680) error=1.320 m / 0.000 rad; RMS=0.172 m / 0.035 rad max=0.711 m / 0.180 rad samples=6035
[component_container-9] [INFO] [1788991135.115830272] [pure_pursuit_node]: Pure Pursuit: pose=(0.772, -6.010, -1.803) cte=0.003 closest=462 target=510 path_dist=0.003 heading_err=0.023 steer=0.011 speed=3.975
[gpu_amcl_cpp_node-6] [INFO] [1788991135.117342336] [gpu_amcl_cpp]: AMCL odom delta: at_scan=(8.686, 1.295, -0.227) baseline=(8.501, 1.337, -0.220) delta=(0.185, -0.042, -0.006) moved=true scan_age=0.053s
[gpu_amcl_cpp_node-6] [INFO] [1788991135.120555592] [gpu_amcl_cpp]: AMCL local correction: odom_prediction=(0.812, -5.834, -1.797) scan=(0.812, -5.864, -1.796) correction=0.030 m/0.001 rad cluster_weight=0.935 publish=true
[ground_truth_amcl_monitor-7] [INFO] [1788991135.293930214] [ground_truth_amcl_monitor]: AMCL vs GT: gt=(0.630, -6.664) amcl=(0.703, -6.347) error=0.325 m / 0.007 rad; current_map=(0.663, -6.537, -1.778) error=0.131 m / 0.000 rad; odom=(1.953, -6.167, -1.778) error=1.413 m / 0.000 rad; ekf=(1.953, -6.167, -1.778) error=1.413 m / 0.000 rad; RMS=0.173 m / 0.034 rad max=0.711 m / 0.180 rad samples=6071
[component_container-9] [INFO] [1788991136.139182488] [pure_pursuit_node]: Pure Pursuit: pose=(-0.216, -9.348, -2.060) cte=-0.004 closest=637 target=681 path_dist=0.004 heading_err=-0.035 steer=-0.249 speed=2.549
[gpu_amcl_cpp_node-6] [INFO] [1788991136.140800192] [gpu_amcl_cpp]: AMCL odom delta: at_scan=(11.662, 0.447, -0.489) baseline=(11.547, 0.508, -0.488) delta=(0.115, -0.061, -0.001) moved=true scan_age=0.051s
[gpu_amcl_cpp_node-6] [INFO] [1788991136.143778846] [gpu_amcl_cpp]: AMCL local correction: odom_prediction=(-0.191, -9.313, -2.060) scan=(-0.229, -9.411, -2.052) correction=0.105 m/0.008 rad cluster_weight=0.991 publish=true
[ground_truth_amcl_monitor-7] [INFO] [1788991136.295404679] [ground_truth_amcl_monitor]: AMCL vs GT: gt=(-0.465, -9.843) amcl=(-0.353, -9.650) error=0.223 m / 0.066 rad; current_map=(-0.419, -9.758, -2.158) error=0.097 m / 0.000 rad; odom=(1.056, -8.843, -2.158) error=1.820 m / 0.000 rad; ekf=(1.056, -8.843, -2.158) error=1.820 m / 0.000 rad; RMS=0.173 m / 0.034 rad max=0.711 m / 0.180 rad samples=6107
[component_container-9] [INFO] [1788991137.143420528] [pure_pursuit_node]: Pure Pursuit: pose=(-1.902, -10.221, 2.578) cte=-0.212 closest=733 target=775 path_dist=0.212 heading_err=0.205 steer=-0.233 speed=2.046
[gpu_amcl_cpp_node-6] [INFO] [1788991137.144905853] [gpu_amcl_cpp]: AMCL odom delta: at_scan=(12.407, -1.031, -2.051) baseline=(12.448, -0.943, -1.965) delta=(-0.041, -0.088, -0.086) moved=true scan_age=0.052s
[gpu_amcl_cpp_node-6] [INFO] [1788991137.149962246] [gpu_amcl_cpp]: AMCL local correction: odom_prediction=(-1.819, -10.267, 2.661) scan=(-1.812, -10.268, 2.679) correction=0.007 m/0.018 rad cluster_weight=0.990 publish=true
[ground_truth_amcl_monitor-7] [INFO] [1788991137.319982586] [ground_truth_amcl_monitor]: AMCL vs GT: gt=(-2.075, -10.108) amcl=(-2.008, -10.140) error=0.074 m / 0.072 rad; current_map=(-2.088, -10.073, 2.402) error=0.037 m / 0.000 rad; odom=(-0.429, -9.120, 2.474) error=1.920 m / 0.072 rad; ekf=(-0.429, -9.120, 2.474) error=1.920 m / 0.072 rad; RMS=0.173 m / 0.035 rad max=0.711 m / 0.180 rad samples=6143
[component_container-9] [INFO] [1788991138.194073870] [pure_pursuit_node]: Pure Pursuit: pose=(-3.125, -7.636, 1.631) cte=0.004 closest=875 target=922 path_dist=0.004 heading_err=0.044 steer=-0.021 speed=3.899
[gpu_amcl_cpp_node-6] [INFO] [1788991138.195847187] [gpu_amcl_cpp]: AMCL odom delta: at_scan=(9.920, -2.342, -3.026) baseline=(10.110, -2.314, -2.968) delta=(-0.191, -0.028, -0.058) moved=true scan_age=0.052s
[gpu_amcl_cpp_node-6] [INFO] [1788991138.199982276] [gpu_amcl_cpp]: AMCL local correction: odom_prediction=(-3.105, -7.828, 1.687) scan=(-3.104, -7.846, 1.711) correction=0.018 m/0.025 rad cluster_weight=0.989 publish=true
[ground_truth_amcl_monitor-7] [INFO] [1788991138.321975336] [ground_truth_amcl_monitor]: AMCL vs GT: gt=(-3.148, -7.358) amcl=(-3.140, -7.380) error=0.023 m / 0.000 rad; current_map=(-3.138, -7.380, 1.602) error=0.025 m / 0.000 rad; odom=(-1.572, -6.311, 1.602) error=1.892 m / 0.000 rad; ekf=(-1.572, -6.311, 1.602) error=1.892 m / 0.000 rad; RMS=0.172 m / 0.035 rad max=0.711 m / 0.180 rad samples=6178
[gpu_amcl_cpp_node-6] [INFO] [1788991138.419443174] [gpu_amcl_cpp]: Received LiDAR callback #3115 (1081 ranges).
[gpu_amcl_cpp_node-6] [INFO] [1788991138.419515350] [gpu_amcl_cpp]: Starting AMCL scan update #3115 (sampled from 1081 ranges).
[gpu_amcl_cpp_node-6] [INFO] [1788991138.420341765] [gpu_amcl_cpp]: AMCL scan update #3115 completed; evaluating pose confidence.
[component_container-9] [INFO] [1788991139.212160546] [pure_pursuit_node]: Pure Pursuit: pose=(-2.610, -3.992, 1.273) cte=-0.028 closest=1060 target=1108 path_dist=0.028 heading_err=0.022 steer=-0.003 speed=3.836
[gpu_amcl_cpp_node-6] [INFO] [1788991139.213725420] [gpu_amcl_cpp]: AMCL odom delta: at_scan=(6.357, -1.876, 2.849) baseline=(6.614, -1.953, 2.855) delta=(-0.258, 0.077, -0.006) moved=true scan_age=0.051s
[gpu_amcl_cpp_node-6] [INFO] [1788991139.216899091] [gpu_amcl_cpp]: AMCL local correction: odom_prediction=(-2.663, -4.146, 1.278) scan=(-2.652, -4.104, 1.257) correction=0.043 m/0.021 rad cluster_weight=0.952 publish=true
[ground_truth_amcl_monitor-7] [INFO] [1788991139.322780848] [ground_truth_amcl_monitor]: AMCL vs GT: gt=(-2.473, -3.579) amcl=(-2.520, -3.695) error=0.125 m / 0.000 rad; current_map=(-2.535, -3.731, 1.278) error=0.164 m / 0.000 rad; odom=(-0.966, -2.833, 1.278) error=1.682 m / 0.000 rad; ekf=(-0.966, -2.833, 1.278) error=1.682 m / 0.000 rad; RMS=0.173 m / 0.035 rad max=0.711 m / 0.180 rad samples=6212
[gpu_amcl_cpp_node-6] [WARN] [1788991139.543252387] [gpu_amcl_cpp]: Queued LiDAR scan until source-time odometry arrives (queued=1).
[component_container-9] [INFO] [1788991140.239978255] [pure_pursuit_node]: Pure Pursuit: pose=(-1.552, 0.024, 1.404) cte=0.000 closest=1268 target=1315 path_dist=0.000 heading_err=-0.037 steer=-0.011 speed=3.943
[gpu_amcl_cpp_node-6] [INFO] [1788991140.241646684] [gpu_amcl_cpp]: AMCL odom delta: at_scan=(2.676, -0.918, 2.959) baseline=(2.932, -0.968, 2.936) delta=(-0.256, 0.050, 0.023) moved=true scan_age=0.053s
[gpu_amcl_cpp_node-6] [INFO] [1788991140.244836285] [gpu_amcl_cpp]: AMCL local correction: odom_prediction=(-1.583, -0.160, 1.388) scan=(-1.578, -0.187, 1.369) correction=0.027 m/0.019 rad cluster_weight=0.955 publish=true
[ground_truth_amcl_monitor-7] [INFO] [1788991140.365534087] [ground_truth_amcl_monitor]: AMCL vs GT: gt=(-1.495, 0.384) amcl=(-1.543, 0.020) error=0.367 m / 0.000 rad; current_map=(-1.497, 0.281, 1.396) error=0.103 m / 0.000 rad; odom=(-0.036, 0.937, 1.396) error=1.560 m / 0.000 rad; ekf=(-0.036, 0.937, 1.396) error=1.560 m / 0.000 rad; RMS=0.173 m / 0.035 rad max=0.711 m / 0.180 rad samples=6247
[component_container-9] [INFO] [1788991141.288314684] [pure_pursuit_node]: Pure Pursuit: pose=(-1.394, 3.292, 1.947) cte=0.090 closest=1432 target=1474 path_dist=0.090 heading_err=0.041 steer=0.384 speed=1.735
[gpu_amcl_cpp_node-6] [INFO] [1788991141.289923721] [gpu_amcl_cpp]: AMCL odom delta: at_scan=(-0.277, -0.736, -2.870) baseline=(-0.166, -0.711, -2.972) delta=(-0.111, -0.025, 0.102) moved=true scan_age=0.052s
[gpu_amcl_cpp_node-6] [INFO] [1788991141.293143830] [gpu_amcl_cpp]: AMCL local correction: odom_prediction=(-1.369, 3.242, 1.842) scan=(-1.375, 3.328, 1.821) correction=0.086 m/0.021 rad cluster_weight=0.980 publish=true
[ground_truth_amcl_monitor-7] [INFO] [1788991141.393616189] [ground_truth_amcl_monitor]: AMCL vs GT: gt=(-1.473, 3.553) amcl=(-1.395, 3.368) error=0.201 m / 0.127 rad; current_map=(-1.405, 3.388, 2.072) error=0.179 m / 0.000 rad; odom=(0.043, 3.492, 2.072) error=1.518 m / 0.000 rad; ekf=(0.043, 3.492, 2.072) error=1.518 m / 0.000 rad; RMS=0.173 m / 0.035 rad max=0.711 m / 0.180 rad samples=6283
[component_container-9] [INFO] [1788991142.291579240] [pure_pursuit_node]: Pure Pursuit: pose=(-2.669, 3.946, -2.556) cte=0.171 closest=1502 target=1544 path_dist=0.171 heading_err=-0.138 steer=0.352 speed=1.546
[gpu_amcl_cpp_node-6] [INFO] [1788991142.293073681] [gpu_amcl_cpp]: AMCL odom delta: at_scan=(-0.603, -1.846, -1.067) baseline=(-0.638, -1.778, -1.152) delta=(0.034, -0.069, 0.086) moved=true scan_age=0.052s
[gpu_amcl_cpp_node-6] [INFO] [1788991142.296960273] [gpu_amcl_cpp]: AMCL local correction: odom_prediction=(-2.596, 3.982, -2.638) scan=(-2.578, 3.986, -2.648) correction=0.019 m/0.010 rad cluster_weight=0.981 publish=true
[ground_truth_amcl_monitor-7] [INFO] [1788991142.416049137] [ground_truth_amcl_monitor]: AMCL vs GT: gt=(-2.718, 3.855) amcl=(-2.646, 3.949) error=0.119 m / 0.111 rad; current_map=(-2.729, 3.887, -2.442) error=0.034 m / 0.000 rad; odom=(-1.196, 3.659, -2.442) error=1.535 m / 0.000 rad; ekf=(-1.196, 3.659, -2.442) error=1.535 m / 0.000 rad; RMS=0.173 m / 0.035 rad max=0.711 m / 0.180 rad samples=6319
[component_container-9] [INFO] [1788991143.313908639] [pure_pursuit_node]: Pure Pursuit: pose=(-3.252, 1.791, -1.668) cte=0.009 closest=1612 target=1659 path_dist=0.009 heading_err=-0.023 steer=-0.020 speed=3.433
[gpu_amcl_cpp_node-6] [INFO] [1788991143.315832349] [gpu_amcl_cpp]: AMCL odom delta: at_scan=(1.363, -2.528, -0.093) baseline=(1.118, -2.506, -0.089) delta=(0.245, -0.022, -0.004) moved=true scan_age=0.052s
[gpu_amcl_cpp_node-6] [INFO] [1788991143.318958300] [gpu_amcl_cpp]: AMCL local correction: odom_prediction=(-3.237, 1.971, -1.664) scan=(-3.230, 1.974, -1.655) correction=0.008 m/0.009 rad cluster_weight=0.961 publish=true
[ground_truth_amcl_monitor-7] [INFO] [1788991143.419660671] [ground_truth_amcl_monitor]: AMCL vs GT: gt=(-3.285, 1.617) amcl=(-3.252, 1.786) error=0.172 m / 0.007 rad; current_map=(-3.271, 1.596, -1.674) error=0.025 m / 0.000 rad; odom=(-1.765, 1.411, -1.674) error=1.534 m / 0.000 rad; ekf=(-1.765, 1.411, -1.674) error=1.534 m / 0.000 rad; RMS=0.173 m / 0.035 rad max=0.711 m / 0.180 rad samples=6355
[gpu_amcl_cpp_node-6] [INFO] [1788991143.490367719] [gpu_amcl_cpp]: Received LiDAR callback #3205 (1081 ranges).
[gpu_amcl_cpp_node-6] [INFO] [1788991143.490440115] [gpu_amcl_cpp]: Starting AMCL scan update #3205 (sampled from 1081 ranges).
[gpu_amcl_cpp_node-6] [INFO] [1788991143.491258785] [gpu_amcl_cpp]: AMCL scan update #3205 completed; evaluating pose confidence.
[component_container-9] [INFO] [1788991144.318752257] [pure_pursuit_node]: Pure Pursuit: pose=(-3.854, -0.294, -2.509) cte=-0.131 closest=1720 target=1759 path_dist=0.131 heading_err=0.063 steer=-0.302 speed=1.678
[gpu_amcl_cpp_node-6] [INFO] [1788991144.320390960] [gpu_amcl_cpp]: AMCL odom delta: at_scan=(3.228, -3.001, -0.848) baseline=(3.208, -2.980, -0.772) delta=(0.020, -0.021, -0.076) moved=true scan_age=0.051s
[gpu_amcl_cpp_node-6] [INFO] [1788991144.324884354] [gpu_amcl_cpp]: AMCL local correction: odom_prediction=(-3.857, -0.311, -2.418) scan=(-3.894, -0.366, -2.389) correction=0.067 m/0.029 rad cluster_weight=0.981 publish=true
[ground_truth_amcl_monitor-7] [INFO] [1788991144.441348338] [ground_truth_amcl_monitor]: AMCL vs GT: gt=(-4.075, -0.496) amcl=(-3.961, -0.411) error=0.142 m / 0.085 rad; current_map=(-4.031, -0.456, -2.617) error=0.059 m / 0.000 rad; odom=(-2.337, -0.166, -2.617) error=1.769 m / 0.000 rad; ekf=(-2.337, -0.166, -2.617) error=1.769 m / 0.000 rad; RMS=0.173 m / 0.035 rad max=0.711 m / 0.180 rad samples=6391
[component_container-9] [INFO] [1788991145.366269706] [pure_pursuit_node]: Pure Pursuit: pose=(-5.479, -0.077, 2.179) cte=-0.048 closest=1806 target=1849 path_dist=0.048 heading_err=0.029 steer=-0.167 speed=2.604
[gpu_amcl_cpp_node-6] [INFO] [1788991145.367284585] [gpu_amcl_cpp]: AMCL odom delta: at_scan=(2.993, -4.496, -2.464) baseline=(3.073, -4.427, -2.394) delta=(-0.080, -0.069, -0.070) moved=true scan_age=0.051s
[gpu_amcl_cpp_node-6] [INFO] [1788991145.370888345] [gpu_amcl_cpp]: AMCL local correction: odom_prediction=(-5.422, -0.136, 2.249) scan=(-5.423, -0.127, 2.261) correction=0.009 m/0.012 rad cluster_weight=0.961 publish=true
[ground_truth_amcl_monitor-7] [INFO] [1788991145.471765244] [ground_truth_amcl_monitor]: AMCL vs GT: gt=(-5.576, 0.028) amcl=(-5.485, -0.073) error=0.137 m / 0.067 rad; current_map=(-5.549, 0.026, 2.112) error=0.028 m / 0.000 rad; odom=(-3.821, 0.346, 2.112) error=1.784 m / 0.000 rad; ekf=(-3.821, 0.346, 2.112) error=1.784 m / 0.000 rad; RMS=0.173 m / 0.035 rad max=0.711 m / 0.180 rad samples=6427
[component_container-9] [INFO] [1788991146.388443569] [pure_pursuit_node]: Pure Pursuit: pose=(-6.164, 3.174, 1.577) cte=-0.001 closest=1973 target=2021 path_dist=0.001 heading_err=-0.004 steer=-0.045 speed=3.934
[gpu_amcl_cpp_node-6] [INFO] [1788991146.389832132] [gpu_amcl_cpp]: AMCL odom delta: at_scan=(-0.231, -5.224, -3.121) baseline=(0.035, -5.216, -3.100) delta=(-0.266, -0.008, -0.022) moved=true scan_age=0.052s
[gpu_amcl_cpp_node-6] [INFO] [1788991146.392684709] [gpu_amcl_cpp]: AMCL local correction: odom_prediction=(-6.162, 3.002, 1.591) scan=(-6.164, 3.023, 1.594) correction=0.021 m/0.003 rad cluster_weight=0.952 publish=true
[ground_truth_amcl_monitor-7] [INFO] [1788991146.515058971] [ground_truth_amcl_monitor]: AMCL vs GT: gt=(-6.180, 3.588) amcl=(-6.168, 3.221) error=0.367 m / 0.026 rad; current_map=(-6.165, 3.492, 1.546) error=0.097 m / 0.000 rad; odom=(-4.422, 3.853, 1.546) error=1.777 m / 0.000 rad; ekf=(-4.422, 3.853, 1.546) error=1.777 m / 0.000 rad; RMS=0.173 m / 0.035 rad max=0.711 m / 0.180 rad samples=6463
[gpu_amcl_cpp_node-6] [INFO] [1788991147.390653168] [gpu_amcl_cpp]: AMCL odom delta: at_scan=(-3.177, -4.600, 2.578) baseline=(-3.057, -4.675, 2.589) delta=(-0.120, 0.075, -0.011) moved=true scan_age=0.052s
[gpu_amcl_cpp_node-6] [INFO] [1788991147.393831157] [gpu_amcl_cpp]: AMCL local correction: odom_prediction=(-5.406, 6.348, 1.007) scan=(-5.326, 6.495, 1.032) correction=0.167 m/0.024 rad cluster_weight=0.994 publish=true
[component_container-9] [INFO] [1788991147.441210475] [pure_pursuit_node]: Pure Pursuit: pose=(-5.249, 6.597, 1.008) cte=0.002 closest=2153 target=2199 path_dist=0.002 heading_err=-0.038 steer=-0.226 speed=2.856
[ground_truth_amcl_monitor-7] [INFO] [1788991147.565470676] [ground_truth_amcl_monitor]: AMCL vs GT: gt=(-5.042, 7.014) amcl=(-5.178, 6.738) error=0.307 m / 0.044 rad; current_map=(-5.060, 6.915, 0.961) error=0.100 m / 0.000 rad; odom=(-3.518, 6.769, 0.961) error=1.543 m / 0.000 rad; ekf=(-3.518, 6.769, 0.961) error=1.543 m / 0.000 rad; RMS=0.173 m / 0.035 rad max=0.711 m / 0.180 rad samples=6499
[gpu_amcl_cpp_node-6] [INFO] [1788991148.414078026] [gpu_amcl_cpp]: AMCL odom delta: at_scan=(-4.160, -2.393, 1.376) baseline=(-4.196, -2.628, 1.459) delta=(0.036, 0.235, -0.083) moved=true scan_age=0.051s
[gpu_amcl_cpp_node-6] [INFO] [1788991148.417177397] [gpu_amcl_cpp]: AMCL local correction: odom_prediction=(-2.981, 7.646, -0.194) scan=(-2.986, 7.653, -0.185) correction=0.009 m/0.009 rad cluster_weight=0.958 publish=true
[component_container-9] [INFO] [1788991148.463325428] [pure_pursuit_node]: Pure Pursuit: pose=(-2.644, 7.557, -0.323) cte=-0.042 closest=2299 target=2346 path_dist=0.042 heading_err=0.066 steer=-0.098 speed=3.602
[gpu_amcl_cpp_node-6] [INFO] [1788991148.515861168] [gpu_amcl_cpp]: Received LiDAR callback #3293 (1081 ranges).
[gpu_amcl_cpp_node-6] [INFO] [1788991148.515944835] [gpu_amcl_cpp]: Starting AMCL scan update #3293 (sampled from 1081 ranges).
[gpu_amcl_cpp_node-6] [INFO] [1788991148.517293312] [gpu_amcl_cpp]: AMCL scan update #3293 completed; evaluating pose confidence.
[ground_truth_amcl_monitor-7] [INFO] [1788991148.567858865] [ground_truth_amcl_monitor]: AMCL vs GT: gt=(-2.500, 7.514) amcl=(-2.626, 7.565) error=0.137 m / 0.056 rad; current_map=(-2.448, 7.500, -0.374) error=0.053 m / 0.000 rad; odom=(-1.066, 7.162, -0.374) error=1.476 m / 0.000 rad; ekf=(-1.066, 7.162, -0.374) error=1.476 m / 0.000 rad; RMS=0.173 m / 0.035 rad max=0.711 m / 0.180 rad samples=6535
[gpu_amcl_cpp_node-6] [INFO] [1788991149.418338985] [gpu_amcl_cpp]: AMCL odom delta: at_scan=(-1.853, 0.360, 0.503) baseline=(-2.016, 0.266, 0.538) delta=(0.164, 0.094, -0.035) moved=true scan_age=0.052s
[gpu_amcl_cpp_node-6] [INFO] [1788991149.421475055] [gpu_amcl_cpp]: AMCL local correction: odom_prediction=(-0.289, 5.389, -1.068) scan=(-0.285, 5.389, -1.065) correction=0.003 m/0.003 rad cluster_weight=0.974 publish=true
[component_container-9] [INFO] [1788991149.467953167] [pure_pursuit_node]: Pure Pursuit: pose=(-0.118, 5.055, -1.128) cte=-0.007 closest=2481 target=2529 path_dist=0.007 heading_err=0.019 steer=-0.021 speed=3.919
[ground_truth_amcl_monitor-7] [INFO] [1788991149.592105053] [ground_truth_amcl_monitor]: AMCL vs GT: gt=(0.028, 4.742) amcl=(-0.075, 4.976) error=0.256 m / 0.016 rad; current_map=(0.006, 4.804, -1.141) error=0.066 m / 0.000 rad; odom=(1.445, 4.439, -1.141) error=1.449 m / 0.000 rad; ekf=(1.445, 4.439, -1.141) error=1.449 m / 0.000 rad; RMS=0.173 m / 0.035 rad max=0.711 m / 0.180 rad samples=6571
[gpu_amcl_cpp_node-6] [WARN] [1788991150.223993027] [gpu_amcl_cpp]: No local AMCL cluster near odometry prediction; using causal odometry pose.
[gpu_amcl_cpp_node-6] [INFO] [1788991150.464679757] [gpu_amcl_cpp]: AMCL odom delta: at_scan=(1.804, 1.623, 0.191) baseline=(1.554, 1.573, 0.207) delta=(0.250, 0.050, -0.016) moved=true scan_age=0.052s
[gpu_amcl_cpp_node-6] [INFO] [1788991150.467682747] [gpu_amcl_cpp]: AMCL local correction: odom_prediction=(1.039, 1.691, -1.380) scan=(1.042, 1.722, -1.392) correction=0.031 m/0.012 rad cluster_weight=0.944 publish=true
[component_container-9] [INFO] [1788991150.514541074] [pure_pursuit_node]: Pure Pursuit: pose=(1.108, 1.321, -1.397) cte=-0.007 closest=92 target=140 path_dist=0.007 heading_err=0.020 steer=-0.012 speed=3.929
[ground_truth_amcl_monitor-7] [INFO] [1788991150.641142558] [ground_truth_amcl_monitor]: AMCL vs GT: gt=(1.183, 0.829) amcl=(1.104, 1.347) error=0.524 m / 0.008 rad; current_map=(1.150, 1.086, -1.400) error=0.259 m / 0.000 rad; odom=(2.539, 0.718, -1.401) error=1.361 m / 0.000 rad; ekf=(2.539, 0.718, -1.401) error=1.361 m / 0.000 rad; RMS=0.173 m / 0.035 rad max=0.711 m / 0.180 rad samples=6607
[gpu_amcl_cpp_node-6] [INFO] [1788991151.467476643] [gpu_amcl_cpp]: AMCL odom delta: at_scan=(5.500, 1.906, -0.105) baseline=(5.310, 1.926, -0.096) delta=(0.190, -0.019, -0.009) moved=true scan_age=0.051s
[gpu_amcl_cpp_node-6] [INFO] [1788991151.470793603] [gpu_amcl_cpp]: AMCL local correction: odom_prediction=(1.379, -2.179, -1.676) scan=(1.387, -2.191, -1.671) correction=0.014 m/0.005 rad cluster_weight=0.938 publish=true
[component_container-9] [INFO] [1788991151.520815192] [pure_pursuit_node]: Pure Pursuit: pose=(1.338, -2.564, -1.681) cte=-0.027 closest=287 target=335 path_dist=0.027 heading_err=0.030 steer=-0.020 speed=3.823
[ground_truth_amcl_monitor-7] [INFO] [1788991151.643682249] [ground_truth_amcl_monitor]: AMCL vs GT: gt=(1.295, -3.046) amcl=(1.334, -2.697) error=0.351 m / 0.005 rad; current_map=(1.313, -2.890, -1.684) error=0.158 m / 0.000 rad; odom=(2.637, -2.982, -1.684) error=1.344 m / 0.000 rad; ekf=(2.637, -2.982, -1.684) error=1.344 m / 0.000 rad; RMS=0.175 m / 0.035 rad max=0.711 m / 0.180 rad samples=6643
[gpu_amcl_cpp_node-6] [INFO] [1788991152.519755187] [gpu_amcl_cpp]: AMCL odom delta: at_scan=(9.342, 1.260, -0.220) baseline=(9.157, 1.302, -0.225) delta=(0.186, -0.042, 0.005) moved=true scan_age=0.053s
[gpu_amcl_cpp_node-6] [INFO] [1788991152.523253378] [gpu_amcl_cpp]: AMCL local correction: odom_prediction=(0.717, -6.275, -1.791) scan=(0.715, -6.299, -1.787) correction=0.024 m/0.003 rad cluster_weight=0.954 publish=true
[component_container-9] [INFO] [1788991152.588175089] [pure_pursuit_node]: Pure Pursuit: pose=(0.622, -6.711, -1.778) cte=-0.002 closest=498 target=546 path_dist=0.002 heading_err=-0.017 steer=-0.020 speed=3.939
[ground_truth_amcl_monitor-7] [INFO] [1788991152.647083587] [ground_truth_amcl_monitor]: AMCL vs GT: gt=(0.584, -6.891) amcl=(0.611, -6.763) error=0.131 m / 0.000 rad; current_map=(0.615, -6.746, -1.779) error=0.148 m / 0.000 rad; odom=(1.964, -6.628, -1.779) error=1.405 m / 0.000 rad; ekf=(1.964, -6.628, -1.779) error=1.405 m / 0.000 rad; RMS=0.176 m / 0.035 rad max=0.711 m / 0.180 rad samples=6678
[gpu_amcl_cpp_node-6] [WARN] [1788991153.240591556] [gpu_amcl_cpp]: Queued LiDAR scan until source-time odometry arrives (queued=1).
[gpu_amcl_cpp_node-6] [INFO] [1788991153.538846829] [gpu_amcl_cpp]: Received LiDAR callback #3381 (1081 ranges).
[gpu_amcl_cpp_node-6] [INFO] [1788991153.538906732] [gpu_amcl_cpp]: AMCL odom delta: at_scan=(12.106, 0.400, -0.572) baseline=(11.957, 0.494, -0.555) delta=(0.149, -0.094, -0.017) moved=true scan_age=0.051s
[gpu_amcl_cpp_node-6] [INFO] [1788991153.538938602] [gpu_amcl_cpp]: Starting AMCL scan update #3381 (sampled from 1081 ranges).
[gpu_amcl_cpp_node-6] [INFO] [1788991153.539572344] [gpu_amcl_cpp]: AMCL scan update #3381 completed; evaluating pose confidence.
[gpu_amcl_cpp_node-6] [INFO] [1788991153.541591002] [gpu_amcl_cpp]: AMCL local correction: odom_prediction=(-0.325, -9.562, -2.142) scan=(-0.367, -9.658, -2.128) correction=0.105 m/0.014 rad cluster_weight=0.997 publish=true
[component_container-9] [INFO] [1788991153.589273850] [pure_pursuit_node]: Pure Pursuit: pose=(-0.467, -9.770, -2.192) cte=-0.050 closest=661 target=705 path_dist=0.050 heading_err=-0.131 steer=-0.454 speed=2.311
[ground_truth_amcl_monitor-7] [INFO] [1788991153.648686657] [ground_truth_amcl_monitor]: AMCL vs GT: gt=(-0.554, -9.946) amcl=(-0.512, -9.871) error=0.086 m / 0.000 rad; current_map=(-0.506, -9.851, -2.219) error=0.107 m / 0.000 rad; odom=(1.055, -9.160, -2.219) error=1.791 m / 0.000 rad; ekf=(1.055, -9.160, -2.219) error=1.791 m / 0.000 rad; RMS=0.176 m / 0.035 rad max=0.711 m / 0.180 rad samples=6712
[gpu_amcl_cpp_node-6] [INFO] [1788991154.545051212] [gpu_amcl_cpp]: AMCL odom delta: at_scan=(12.406, -1.101, -2.243) baseline=(12.468, -1.017, -2.168) delta=(-0.062, -0.084, -0.075) moved=true scan_age=0.053s
[gpu_amcl_cpp_node-6] [INFO] [1788991154.550446323] [gpu_amcl_cpp]: AMCL local correction: odom_prediction=(-2.032, -10.099, 2.470) scan=(-2.022, -10.103, 2.481) correction=0.011 m/0.012 rad cluster_weight=0.987 publish=true
[component_container-9] [INFO] [1788991154.613317014] [pure_pursuit_node]: Pure Pursuit: pose=(-2.206, -9.935, 2.309) cte=-0.109 closest=751 target=794 path_dist=0.109 heading_err=0.174 steer=-0.140 speed=2.340
[ground_truth_amcl_monitor-7] [INFO] [1788991154.666629083] [ground_truth_amcl_monitor]: AMCL vs GT: gt=(-2.196, -9.966) amcl=(-2.126, -10.012) error=0.083 m / 0.062 rad; current_map=(-2.199, -9.938, 2.312) error=0.028 m / 0.000 rad; odom=(-0.480, -9.080, 2.312) error=1.931 m / 0.000 rad; ekf=(-0.480, -9.080, 2.312) error=1.931 m / 0.000 rad; RMS=0.176 m / 0.035 rad max=0.711 m / 0.180 rad samples=6747
[gpu_amcl_cpp_node-6] [INFO] [1788991155.589937235] [gpu_amcl_cpp]: AMCL odom delta: at_scan=(9.544, -2.234, -3.118) baseline=(9.733, -2.227, -3.094) delta=(-0.189, -0.007, -0.023) moved=true scan_age=0.051s
[gpu_amcl_cpp_node-6] [INFO] [1788991155.593188431] [gpu_amcl_cpp]: AMCL local correction: odom_prediction=(-3.143, -7.287, 1.595) scan=(-3.141, -7.282, 1.600) correction=0.005 m/0.005 rad cluster_weight=0.992 publish=true
[component_container-9] [INFO] [1788991155.640785227] [pure_pursuit_node]: Pure Pursuit: pose=(-3.146, -6.909, 1.567) cte=0.013 closest=911 target=959 path_dist=0.013 heading_err=-0.012 steer=-0.047 speed=3.860
[ground_truth_amcl_monitor-7] [INFO] [1788991155.695754984] [ground_truth_amcl_monitor]: AMCL vs GT: gt=(-3.154, -6.867) amcl=(-3.144, -7.097) error=0.230 m / 0.013 rad; current_map=(-3.145, -6.903, 1.567) error=0.036 m / 0.000 rad; odom=(-1.437, -6.002, 1.567) error=1.923 m / 0.000 rad; ekf=(-1.437, -6.002, 1.567) error=1.923 m / 0.000 rad; RMS=0.176 m / 0.035 rad max=0.711 m / 0.180 rad samples=6783
[gpu_amcl_cpp_node-6] [INFO] [1788991156.591069176] [gpu_amcl_cpp]: AMCL odom delta: at_scan=(5.926, -1.551, 2.852) baseline=(6.175, -1.629, 2.828) delta=(-0.250, 0.078, 0.024) moved=true scan_age=0.053s
[gpu_amcl_cpp_node-6] [INFO] [1788991156.594211488] [gpu_amcl_cpp]: AMCL local correction: odom_prediction=(-2.465, -3.569, 1.282) scan=(-2.470, -3.577, 1.258) correction=0.009 m/0.023 rad cluster_weight=0.937 publish=true
[component_container-9] [INFO] [1788991156.643515706] [pure_pursuit_node]: Pure Pursuit: pose=(-2.361, -3.193, 1.323) cte=-0.003 closest=1102 target=1150 path_dist=0.003 heading_err=-0.021 steer=-0.014 speed=3.975
[ground_truth_amcl_monitor-7] [INFO] [1788991156.716181455] [ground_truth_amcl_monitor]: AMCL vs GT: gt=(-2.309, -3.019) amcl=(-2.398, -3.356) error=0.349 m / 0.022 rad; current_map=(-2.330, -3.100, 1.324) error=0.084 m / 0.000 rad; odom=(-0.629, -2.322, 1.324) error=1.819 m / 0.000 rad; ekf=(-0.629, -2.322, 1.324) error=1.819 m / 0.000 rad; RMS=0.176 m / 0.035 rad max=0.711 m / 0.180 rad samples=6817
[gpu_amcl_cpp_node-6] [INFO] [1788991157.594039221] [gpu_amcl_cpp]: AMCL odom delta: at_scan=(2.313, -0.655, 2.955) baseline=(2.499, -0.691, 2.937) delta=(-0.186, 0.037, 0.018) moved=true scan_age=0.052s
[gpu_amcl_cpp_node-6] [INFO] [1788991157.597297180] [gpu_amcl_cpp]: AMCL local correction: odom_prediction=(-1.488, 0.252, 1.385) scan=(-1.480, 0.258, 1.368) correction=0.009 m/0.017 rad cluster_weight=0.939 publish=true
[component_container-9] [INFO] [1788991157.645313054] [pure_pursuit_node]: Pure Pursuit: pose=(-1.423, 0.630, 1.421) cte=0.012 closest=1299 target=1346 path_dist=0.012 heading_err=-0.027 steer=0.009 speed=3.681
[ground_truth_amcl_monitor-7] [INFO] [1788991157.750971703] [ground_truth_amcl_monitor]: AMCL vs GT: gt=(-1.405, 0.816) amcl=(-1.400, 0.720) error=0.096 m / 0.000 rad; current_map=(-1.405, 0.694, 1.419) error=0.121 m / 0.000 rad; odom=(0.221, 1.289, 1.419) error=1.693 m / 0.000 rad; ekf=(0.221, 1.289, 1.419) error=1.693 m / 0.000 rad; RMS=0.176 m / 0.035 rad max=0.711 m / 0.180 rad samples=6854
[gpu_amcl_cpp_node-6] [INFO] [1788991158.546939554] [gpu_amcl_cpp]: Received LiDAR callback #3469 (1081 ranges).
[gpu_amcl_cpp_node-6] [INFO] [1788991158.547000318] [gpu_amcl_cpp]: Starting AMCL scan update #3469 (sampled from 1081 ranges).
[gpu_amcl_cpp_node-6] [INFO] [1788991158.547894681] [gpu_amcl_cpp]: AMCL scan update #3469 completed; evaluating pose confidence.
[gpu_amcl_cpp_node-6] [INFO] [1788991158.614967036] [gpu_amcl_cpp]: AMCL odom delta: at_scan=(-0.214, -0.568, -2.619) baseline=(-0.185, -0.554, -2.744) delta=(-0.029, -0.014, 0.125) moved=true scan_age=0.052s
[gpu_amcl_cpp_node-6] [INFO] [1788991158.618045688] [gpu_amcl_cpp]: AMCL local correction: odom_prediction=(-1.377, 3.302, 2.094) scan=(-1.428, 3.429, 2.070) correction=0.137 m/0.024 rad cluster_weight=0.974 publish=true
[component_container-9] [INFO] [1788991158.664232821] [pure_pursuit_node]: Pure Pursuit: pose=(-1.405, 3.344, 2.222) cte=0.101 closest=1434 target=1474 path_dist=0.101 heading_err=-0.211 steer=0.210 speed=1.709
[ground_truth_amcl_monitor-7] [INFO] [1788991158.770281975] [ground_truth_amcl_monitor]: AMCL vs GT: gt=(-1.609, 3.688) amcl=(-1.498, 3.530) error=0.193 m / 0.054 rad; current_map=(-1.553, 3.600, 2.263) error=0.105 m / 0.000 rad; odom=(0.190, 3.435, 2.210) error=1.816 m / 0.054 rad; ekf=(0.190, 3.435, 2.210) error=1.816 m / 0.054 rad; RMS=0.177 m / 0.035 rad max=0.711 m / 0.180 rad samples=6891
[gpu_amcl_cpp_node-6] [INFO] [1788991159.620655847] [gpu_amcl_cpp]: AMCL odom delta: at_scan=(-0.508, -1.841, -0.904) baseline=(-0.554, -1.777, -0.991) delta=(0.046, -0.064, 0.086) moved=true scan_age=0.053s
[gpu_amcl_cpp_node-6] [INFO] [1788991159.624090749] [gpu_amcl_cpp]: AMCL local correction: odom_prediction=(-2.713, 3.879, -2.475) scan=(-2.701, 3.884, -2.481) correction=0.013 m/0.006 rad cluster_weight=0.977 publish=true
[component_container-9] [INFO] [1788991159.689016396] [pure_pursuit_node]: Pure Pursuit: pose=(-2.843, 3.755, -2.280) cte=0.107 closest=1513 target=1555 path_dist=0.107 heading_err=-0.149 steer=0.289 speed=1.826
[ground_truth_amcl_monitor-7] [INFO] [1788991159.797173244] [ground_truth_amcl_monitor]: AMCL vs GT: gt=(-2.886, 3.655) amcl=(-2.833, 3.739) error=0.099 m / 0.081 rad; current_map=(-2.882, 3.677, -2.197) error=0.023 m / 0.000 rad; odom=(-1.222, 3.477, -2.197) error=1.673 m / 0.000 rad; ekf=(-1.222, 3.477, -2.197) error=1.673 m / 0.000 rad; RMS=0.176 m / 0.035 rad max=0.711 m / 0.180 rad samples=6927
[gpu_amcl_cpp_node-6] [INFO] [1788991160.670223364] [gpu_amcl_cpp]: AMCL odom delta: at_scan=(1.892, -2.444, -0.125) baseline=(1.692, -2.419, -0.123) delta=(0.200, -0.025, -0.002) moved=true scan_age=0.053s
[gpu_amcl_cpp_node-6] [INFO] [1788991160.673999649] [gpu_amcl_cpp]: AMCL local correction: odom_prediction=(-3.286, 1.416, -1.696) scan=(-3.280, 1.467, -1.690) correction=0.051 m/0.006 rad cluster_weight=0.969 publish=true
[component_container-9] [INFO] [1788991160.740028190] [pure_pursuit_node]: Pure Pursuit: pose=(-3.345, 0.975, -1.713) cte=-0.001 closest=1653 target=1701 path_dist=0.001 heading_err=-0.034 steer=-0.184 speed=2.337
[ground_truth_amcl_monitor-7] [INFO] [1788991160.799687298] [ground_truth_amcl_monitor]: AMCL vs GT: gt=(-3.361, 1.043) amcl=(-3.343, 1.028) error=0.023 m / 0.000 rad; current_map=(-3.346, 1.010, -1.727) error=0.035 m / 0.000 rad; odom=(-1.707, 0.808, -1.727) error=1.671 m / 0.000 rad; ekf=(-1.707, 0.808, -1.727) error=1.671 m / 0.000 rad; RMS=0.176 m / 0.035 rad max=0.711 m / 0.180 rad samples=6960
[gpu_amcl_cpp_node-6] [INFO] [1788991161.689674478] [gpu_amcl_cpp]: AMCL odom delta: at_scan=(3.410, -3.115, -1.084) baseline=(3.340, -3.000, -0.964) delta=(0.070, -0.115, -0.121) moved=true scan_age=0.051s
[gpu_amcl_cpp_node-6] [INFO] [1788991161.692589242] [gpu_amcl_cpp]: AMCL local correction: odom_prediction=(-4.163, -0.544, -2.655) scan=(-4.153, -0.560, -2.635) correction=0.019 m/0.020 rad cluster_weight=0.983 publish=true
[component_container-9] [INFO] [1788991161.790419241] [pure_pursuit_node]: Pure Pursuit: pose=(-4.413, -0.645, -2.936) cte=-0.207 closest=1749 target=1792 path_dist=0.207 heading_err=0.046 steer=-0.401 speed=1.550
[ground_truth_amcl_monitor-7] [INFO] [1788991161.844355172] [ground_truth_amcl_monitor]: AMCL vs GT: gt=(-4.425, -0.650) amcl=(-4.322, -0.641) error=0.104 m / 0.102 rad; current_map=(-4.400, -0.661, -2.944) error=0.027 m / 0.000 rad; odom=(-2.564, -0.343, -2.944) error=1.887 m / 0.000 rad; ekf=(-2.485, -0.323, -2.842) error=1.968 m / 0.102 rad; RMS=0.176 m / 0.036 rad max=0.711 m / 0.180 rad samples=6997
[calibration-8] [INFO] [1788991161.995184269] [allowed_telemetry_recorder]: Finished (recording duration reached); Data: /workspace/src/f1tenth_planning/analysis/amcl_tuning_campaign_20260909/acceptance_single_sim_ramp_15_to_4mps_20260909_run03/telemetry/sensor_record_20260909_215601.csv
[INFO] [calibration-8]: process has finished cleanly [pid 5224]
[gpu_amcl_cpp_node-6] [INFO] [1788991162.691598273] [gpu_amcl_cpp]: AMCL odom delta: at_scan=(3.044, -4.273, -2.517) baseline=(3.123, -4.211, -2.445) delta=(-0.079, -0.061, -0.072) moved=true scan_age=0.050s
[gpu_amcl_cpp_node-6] [INFO] [1788991162.694404973] [gpu_amcl_cpp]: AMCL local correction: odom_prediction=(-5.466, -0.164, 2.196) scan=(-5.469, -0.175, 2.208) correction=0.011 m/0.012 rad cluster_weight=0.967 publish=true
[component_container-9] [INFO] [1788991162.812748244] [pure_pursuit_node]: Pure Pursuit: pose=(-5.636, 0.126, 1.981) cte=-0.071 closest=1818 target=1862 path_dist=0.071 heading_err=0.090 steer=-0.100 speed=2.817
[ground_truth_amcl_monitor-7] [INFO] [1788991162.869039175] [ground_truth_amcl_monitor]: AMCL vs GT: gt=(-5.670, 0.138) amcl=(-5.595, 0.017) error=0.142 m / 0.060 rad; current_map=(-5.650, 0.133, 1.985) error=0.020 m / 0.000 rad; odom=(-3.598, 0.321, 2.045) error=2.079 m / 0.060 rad; ekf=(-3.598, 0.321, 2.045) error=2.079 m / 0.060 rad; RMS=0.176 m / 0.036 rad max=0.711 m / 0.180 rad samples=7033
[gpu_amcl_cpp_node-6] [INFO] [1788991163.564507918] [gpu_amcl_cpp]: Received LiDAR callback #3556 (1081 ranges).
[gpu_amcl_cpp_node-6] [INFO] [1788991163.564566288] [gpu_amcl_cpp]: Starting AMCL scan update #3556 (sampled from 1081 ranges).
[gpu_amcl_cpp_node-6] [INFO] [1788991163.565649896] [gpu_amcl_cpp]: AMCL scan update #3556 completed; evaluating pose confidence.
[gpu_amcl_cpp_node-6] [INFO] [1788991163.721241903] [gpu_amcl_cpp]: AMCL odom delta: at_scan=(-0.108, -4.954, -3.110) baseline=(0.082, -4.947, -3.099) delta=(-0.190, -0.007, -0.011) moved=true scan_age=0.054s
[gpu_amcl_cpp_node-6] [INFO] [1788991163.726064727] [gpu_amcl_cpp]: AMCL local correction: odom_prediction=(-6.157, 2.926, 1.602) scan=(-6.159, 2.951, 1.604) correction=0.025 m/0.001 rad cluster_weight=0.965 publish=true
[component_container-9] [INFO] [1788991163.841526195] [pure_pursuit_node]: Pure Pursuit: pose=(-6.160, 3.586, 1.539) cte=-0.005 closest=1994 target=2041 path_dist=0.005 heading_err=-0.011 steer=-0.059 speed=3.900
[ground_truth_amcl_monitor-7] [INFO] [1788991163.897384462] [ground_truth_amcl_monitor]: AMCL vs GT: gt=(-6.179, 3.716) amcl=(-6.167, 3.418) error=0.299 m / 0.031 rad; current_map=(-6.162, 3.616, 1.531) error=0.102 m / 0.000 rad; odom=(-4.155, 3.923, 1.531) error=2.035 m / 0.000 rad; ekf=(-4.155, 3.923, 1.531) error=2.035 m / 0.000 rad; RMS=0.176 m / 0.036 rad max=0.711 m / 0.180 rad samples=7069
[component_container-9] [WARN] [1788991163.997470325] [pure_pursuit_node]: Pose timeout 0.102s > 0.100s; issuing stop for fail-safe
[gpu_amcl_cpp_node-6] [INFO] [1788991164.770475033] [gpu_amcl_cpp]: AMCL odom delta: at_scan=(-3.171, -4.308, 2.504) baseline=(-3.136, -4.333, 2.559) delta=(-0.035, 0.024, -0.055) moved=true scan_age=0.052s
[gpu_amcl_cpp_node-6] [INFO] [1788991164.774994786] [gpu_amcl_cpp]: AMCL local correction: odom_prediction=(-5.409, 6.450, 0.933) scan=(-5.329, 6.588, 0.967) correction=0.159 m/0.034 rad cluster_weight=0.992 publish=true
[component_container-9] [INFO] [1788991164.892042599] [pure_pursuit_node]: Pure Pursuit: pose=(-5.091, 6.837, 0.807) cte=-0.025 closest=2167 target=2213 path_dist=0.025 heading_err=0.033 steer=-0.168 speed=2.856
[ground_truth_amcl_monitor-7] [INFO] [1788991164.900710195] [ground_truth_amcl_monitor]: AMCL vs GT: gt=(-5.089, 6.933) amcl=(-5.135, 6.826) error=0.117 m / 0.000 rad; current_map=(-5.148, 6.803, 0.830) error=0.143 m / 0.000 rad; odom=(-3.327, 6.543, 0.830) error=1.804 m / 0.000 rad; ekf=(-3.327, 6.543, 0.830) error=1.804 m / 0.000 rad; RMS=0.176 m / 0.036 rad max=0.711 m / 0.180 rad samples=7102
[gpu_amcl_cpp_node-6] [INFO] [1788991165.771986860] [gpu_amcl_cpp]: AMCL odom delta: at_scan=(-4.024, -1.707, 1.325) baseline=(-4.068, -1.903, 1.372) delta=(0.044, 0.196, -0.048) moved=true scan_age=0.055s
[gpu_amcl_cpp_node-6] [INFO] [1788991165.776480574] [gpu_amcl_cpp]: AMCL local correction: odom_prediction=(-2.716, 7.562, -0.246) scan=(-2.746, 7.574, -0.244) correction=0.033 m/0.003 rad cluster_weight=0.972 publish=true
[component_container-9] [INFO] [1788991165.893520902] [pure_pursuit_node]: Pure Pursuit: pose=(-2.119, 7.340, -0.475) cte=-0.025 closest=2327 target=2375 path_dist=0.025 heading_err=0.021 steer=-0.104 speed=3.737
[ground_truth_amcl_monitor-7] [INFO] [1788991165.966930949] [ground_truth_amcl_monitor]: AMCL vs GT: gt=(-2.113, 7.330) amcl=(-2.317, 7.437) error=0.230 m / 0.110 rad; current_map=(-2.079, 7.320, -0.511) error=0.035 m / 0.000 rad; odom=(-0.231, 6.920, -0.511) error=1.926 m / 0.000 rad; ekf=(-0.231, 6.920, -0.511) error=1.926 m / 0.000 rad; RMS=0.176 m / 0.036 rad max=0.711 m / 0.180 rad samples=7137
[gpu_amcl_cpp_node-6] [INFO] [1788991166.822768273] [gpu_amcl_cpp]: AMCL odom delta: at_scan=(-1.384, 0.996, 0.480) baseline=(-1.565, 0.901, 0.488) delta=(0.181, 0.095, -0.008) moved=true scan_age=0.054s
[gpu_amcl_cpp_node-6] [INFO] [1788991166.826947586] [gpu_amcl_cpp]: AMCL local correction: odom_prediction=(-0.065, 4.943, -1.091) scan=(-0.057, 4.936, -1.094) correction=0.010 m/0.002 rad cluster_weight=0.956 publish=true
[component_container-9] [INFO] [1788991166.943305540] [pure_pursuit_node]: Pure Pursuit: pose=(0.213, 4.351, -1.196) cte=-0.017 closest=2520 target=2568 path_dist=0.017 heading_err=0.020 steer=-0.023 speed=3.870
[ground_truth_amcl_monitor-7] [INFO] [1788991167.017216518] [ground_truth_amcl_monitor]: AMCL vs GT: gt=(0.278, 4.197) amcl=(0.154, 4.509) error=0.336 m / 0.060 rad; current_map=(0.254, 4.266, -1.213) error=0.074 m / 0.000 rad; odom=(2.097, 3.887, -1.213) error=1.845 m / 0.000 rad; ekf=(2.097, 3.887, -1.213) error=1.845 m / 0.000 rad; RMS=0.176 m / 0.036 rad max=0.711 m / 0.180 rad samples=7171
[gpu_amcl_cpp_node-6] [WARN] [1788991167.794940806] [gpu_amcl_cpp]: No local AMCL cluster near odometry prediction; using causal odometry pose.
[gpu_amcl_cpp_node-6] [INFO] [1788991167.845160764] [gpu_amcl_cpp]: AMCL odom delta: at_scan=(2.232, 2.112, 0.218) baseline=(2.038, 2.070, 0.207) delta=(0.194, 0.042, 0.011) moved=true scan_age=0.053s
[gpu_amcl_cpp_node-6] [INFO] [1788991167.848649538] [gpu_amcl_cpp]: AMCL local correction: odom_prediction=(1.111, 1.275, -1.353) scan=(1.099, 1.320, -1.362) correction=0.047 m/0.009 rad cluster_weight=0.940 publish=true
[component_container-9] [INFO] [1788991167.964037276] [pure_pursuit_node]: Pure Pursuit: pose=(1.225, 0.671, -1.420) cte=-0.011 closest=125 target=173 path_dist=0.011 heading_err=-0.000 steer=-0.031 speed=3.902
[ground_truth_amcl_monitor-7] [INFO] [1788991168.019703440] [ground_truth_amcl_monitor]: AMCL vs GT: gt=(1.265, 0.416) amcl=(1.191, 0.865) error=0.455 m / 0.037 rad; current_map=(1.223, 0.669, -1.430) error=0.257 m / 0.000 rad; odom=(3.034, 0.289, -1.430) error=1.774 m / 0.000 rad; ekf=(3.034, 0.289, -1.430) error=1.774 m / 0.000 rad; RMS=0.177 m / 0.036 rad max=0.711 m / 0.180 rad samples=7205
[gpu_amcl_cpp_node-6] [INFO] [1788991168.616331400] [gpu_amcl_cpp]: Received LiDAR callback #3640 (1081 ranges).
[gpu_amcl_cpp_node-6] [INFO] [1788991168.616401301] [gpu_amcl_cpp]: Starting AMCL scan update #3640 (sampled from 1081 ranges).
[gpu_amcl_cpp_node-6] [INFO] [1788991168.617234078] [gpu_amcl_cpp]: AMCL scan update #3640 completed; evaluating pose confidence.
[gpu_amcl_cpp_node-6] [INFO] [1788991168.896924056] [gpu_amcl_cpp]: AMCL odom delta: at_scan=(6.111, 2.261, -0.106) baseline=(5.915, 2.282, -0.108) delta=(0.196, -0.021, 0.002) moved=true scan_age=0.053s
[gpu_amcl_cpp_node-6] [INFO] [1788991168.901071859] [gpu_amcl_cpp]: AMCL local correction: odom_prediction=(1.317, -2.808, -1.677) scan=(1.320, -2.837, -1.677) correction=0.029 m/0.000 rad cluster_weight=0.939 publish=true
[component_container-9] [INFO] [1788991168.965655730] [pure_pursuit_node]: Pure Pursuit: pose=(1.265, -3.250, -1.698) cte=-0.022 closest=322 target=369 path_dist=0.022 heading_err=0.009 steer=-0.025 speed=3.852
[ground_truth_amcl_monitor-7] [INFO] [1788991169.022014477] [ground_truth_amcl_monitor]: AMCL vs GT: gt=(1.245, -3.444) amcl=(1.291, -3.097) error=0.350 m / 0.016 rad; current_map=(1.266, -3.299, -1.704) error=0.147 m / 0.000 rad; odom=(3.007, -3.410, -1.704) error=1.763 m / 0.000 rad; ekf=(3.007, -3.410, -1.704) error=1.763 m / 0.000 rad; RMS=0.178 m / 0.036 rad max=0.711 m / 0.180 rad samples=7239
[gpu_amcl_cpp_node-6] [INFO] [1788991169.965620659] [gpu_amcl_cpp]: AMCL odom delta: at_scan=(10.008, 1.539, -0.221) baseline=(9.753, 1.597, -0.227) delta=(0.255, -0.058, 0.005) moved=true scan_age=0.053s
[gpu_amcl_cpp_node-6] [INFO] [1788991169.968466273] [gpu_amcl_cpp]: AMCL local correction: odom_prediction=(0.570, -6.926, -1.792) scan=(0.562, -6.982, -1.786) correction=0.057 m/0.006 rad cluster_weight=0.959 publish=true
[component_container-9] [INFO] [1788991170.016692119] [pure_pursuit_node]: Pure Pursuit: pose=(0.487, -7.301, -1.788) cte=-0.005 closest=528 target=576 path_dist=0.005 heading_err=-0.018 steer=-0.030 speed=3.894
[ground_truth_amcl_monitor-7] [INFO] [1788991170.025236844] [ground_truth_amcl_monitor]: AMCL vs GT: gt=(0.492, -7.287) amcl=(0.519, -7.166) error=0.124 m / 0.000 rad; current_map=(0.523, -7.146, -1.790) error=0.145 m / 0.000 rad; odom=(2.297, -7.041, -1.790) error=1.821 m / 0.000 rad; ekf=(2.297, -7.041, -1.790) error=1.821 m / 0.000 rad; RMS=0.179 m / 0.036 rad max=0.711 m / 0.180 rad samples=7272
[gpu_amcl_cpp_node-6] [INFO] [1788991170.990629268] [gpu_amcl_cpp]: AMCL odom delta: at_scan=(12.488, 0.565, -0.746) baseline=(12.353, 0.676, -0.630) delta=(0.136, -0.112, -0.117) moved=true scan_age=0.052s
[gpu_amcl_cpp_node-6] [INFO] [1788991170.993688253] [gpu_amcl_cpp]: AMCL local correction: odom_prediction=(-0.617, -10.025, -2.317) scan=(-0.628, -10.054, -2.295) correction=0.032 m/0.022 rad cluster_weight=0.999 publish=true
[component_container-9] [INFO] [1788991171.041189396] [pure_pursuit_node]: Pure Pursuit: pose=(-0.805, -10.199, -2.466) cte=-0.208 closest=684 target=729 path_dist=0.208 heading_err=-0.281 steer=-0.470 speed=1.975
[ground_truth_amcl_monitor-7] [INFO] [1788991171.044063122] [ground_truth_amcl_monitor]: AMCL vs GT: gt=(-0.750, -10.186) amcl=(-0.623, -10.040) error=0.194 m / 0.079 rad; current_map=(-0.716, -10.132, -2.396) error=0.064 m / 0.000 rad; odom=(1.273, -9.423, -2.396) error=2.162 m / 0.000 rad; ekf=(1.273, -9.423, -2.396) error=2.162 m / 0.000 rad; RMS=0.179 m / 0.035 rad max=0.711 m / 0.180 rad samples=7305
[gpu_amcl_cpp_node-6] [INFO] [1788991171.990929320] [gpu_amcl_cpp]: AMCL odom delta: at_scan=(12.439, -0.877, -2.414) baseline=(12.535, -0.784, -2.335) delta=(-0.096, -0.093, -0.079) moved=true scan_age=0.053s
[gpu_amcl_cpp_node-6] [INFO] [1788991171.993919525] [gpu_amcl_cpp]: AMCL local correction: odom_prediction=(-2.166, -10.072, 2.299) scan=(-2.164, -10.074, 2.311) correction=0.003 m/0.012 rad cluster_weight=0.984 publish=true
[component_container-9] [INFO] [1788991172.042573917] [pure_pursuit_node]: Pure Pursuit: pose=(-2.296, -9.909, 2.189) cte=-0.146 closest=754 target=798 path_dist=0.146 heading_err=0.234 steer=-0.107 speed=2.272
[ground_truth_amcl_monitor-7] [INFO] [1788991172.045219144] [ground_truth_amcl_monitor]: AMCL vs GT: gt=(-2.232, -10.014) amcl=(-2.165, -10.073) error=0.089 m / 0.057 rad; current_map=(-2.233, -9.992, 2.242) error=0.022 m / 0.000 rad; odom=(-0.144, -9.200, 2.242) error=2.240 m / 0.000 rad; ekf=(-0.144, -9.200, 2.242) error=2.240 m / 0.000 rad; RMS=0.179 m / 0.036 rad max=0.711 m / 0.180 rad samples=7339
[gpu_amcl_cpp_node-6] [INFO] [1788991173.000352430] [gpu_amcl_cpp]: AMCL odom delta: at_scan=(9.666, -1.854, -3.129) baseline=(9.869, -1.849, -3.100) delta=(-0.203, -0.005, -0.029) moved=true scan_age=0.054s
[gpu_amcl_cpp_node-6] [INFO] [1788991173.004013367] [gpu_amcl_cpp]: AMCL local correction: odom_prediction=(-3.141, -7.327, 1.583) scan=(-3.145, -7.327, 1.594) correction=0.005 m/0.011 rad cluster_weight=0.992 publish=true
[component_container-9] [INFO] [1788991173.064243526] [pure_pursuit_node]: Pure Pursuit: pose=(-3.144, -6.889, 1.575) cte=0.014 closest=912 target=960 path_dist=0.014 heading_err=-0.023 steer=-0.059 speed=3.849
[ground_truth_amcl_monitor-7] [INFO] [1788991173.066348827] [ground_truth_amcl_monitor]: AMCL vs GT: gt=(-3.153, -7.045) amcl=(-3.143, -7.327) error=0.282 m / 0.007 rad; current_map=(-3.145, -7.080, 1.576) error=0.035 m / 0.000 rad; odom=(-1.054, -6.507, 1.583) error=2.167 m / 0.007 rad; ekf=(-1.054, -6.507, 1.583) error=2.167 m / 0.007 rad; RMS=0.179 m / 0.036 rad max=0.711 m / 0.180 rad samples=7373
[gpu_amcl_cpp_node-6] [INFO] [1788991173.646830438] [gpu_amcl_cpp]: Received LiDAR callback #3724 (1081 ranges).
[gpu_amcl_cpp_node-6] [INFO] [1788991173.646879280] [gpu_amcl_cpp]: Starting AMCL scan update #3724 (sampled from 1081 ranges).
[gpu_amcl_cpp_node-6] [INFO] [1788991173.647693802] [gpu_amcl_cpp]: AMCL scan update #3724 completed; evaluating pose confidence.
[gpu_amcl_cpp_node-6] [INFO] [1788991174.016023149] [gpu_amcl_cpp]: AMCL odom delta: at_scan=(5.989, -1.147, 2.842) baseline=(6.230, -1.227, 2.801) delta=(-0.241, 0.080, 0.041) moved=true scan_age=0.053s
[gpu_amcl_cpp_node-6] [INFO] [1788991174.019418005] [gpu_amcl_cpp]: AMCL local correction: odom_prediction=(-2.446, -3.560, 1.271) scan=(-2.437, -3.542, 1.248) correction=0.020 m/0.024 rad cluster_weight=0.933 publish=true
[component_container-9] [INFO] [1788991174.068603436] [pure_pursuit_node]: Pure Pursuit: pose=(-2.344, -3.183, 1.341) cte=0.011 closest=1102 target=1150 path_dist=0.011 heading_err=-0.039 steer=-0.016 speed=3.929
[ground_truth_amcl_monitor-7] [INFO] [1788991174.071481220] [ground_truth_amcl_monitor]: AMCL vs GT: gt=(-2.358, -3.278) amcl=(-2.441, -3.551) error=0.286 m / 0.036 rad; current_map=(-2.387, -3.362, 1.307) error=0.089 m / 0.000 rad; odom=(-0.291, -2.642, 1.307) error=2.162 m / 0.000 rad; ekf=(-0.291, -2.642, 1.307) error=2.162 m / 0.000 rad; RMS=0.179 m / 0.036 rad max=0.711 m / 0.180 rad samples=7407
[gpu_amcl_cpp_node-6] [INFO] [1788991175.022678634] [gpu_amcl_cpp]: AMCL odom delta: at_scan=(2.366, -0.260, 2.925) baseline=(2.558, -0.305, 2.905) delta=(-0.192, 0.044, 0.020) moved=true scan_age=0.054s
[gpu_amcl_cpp_node-6] [INFO] [1788991175.027069334] [gpu_amcl_cpp]: AMCL local correction: odom_prediction=(-1.480, 0.264, 1.354) scan=(-1.475, 0.303, 1.338) correction=0.039 m/0.016 rad cluster_weight=0.954 publish=true
[component_container-9] [INFO] [1788991175.089781452] [pure_pursuit_node]: Pure Pursuit: pose=(-1.403, 0.702, 1.439) cte=0.019 closest=1302 target=1350 path_dist=0.019 heading_err=-0.042 steer=0.006 speed=3.614
[ground_truth_amcl_monitor-7] [INFO] [1788991175.092080907] [ground_truth_amcl_monitor]: AMCL vs GT: gt=(-1.421, 0.635) amcl=(-1.478, 0.283) error=0.356 m / 0.047 rad; current_map=(-1.428, 0.534, 1.401) error=0.101 m / 0.000 rad; odom=(0.589, 1.044, 1.401) error=2.051 m / 0.000 rad; ekf=(0.589, 1.044, 1.401) error=2.051 m / 0.000 rad; RMS=0.179 m / 0.036 rad max=0.711 m / 0.180 rad samples=7441
[gpu_amcl_cpp_node-6] [INFO] [1788991176.045842922] [gpu_amcl_cpp]: AMCL odom delta: at_scan=(-0.233, -0.214, -2.803) baseline=(-0.132, -0.180, -2.835) delta=(-0.101, -0.034, 0.032) moved=true scan_age=0.055s
[gpu_amcl_cpp_node-6] [INFO] [1788991176.050551239] [gpu_amcl_cpp]: AMCL local correction: odom_prediction=(-1.461, 3.303, 1.909) scan=(-1.469, 3.356, 1.898) correction=0.054 m/0.011 rad cluster_weight=0.986 publish=true
[component_container-9] [INFO] [1788991176.114688117] [pure_pursuit_node]: Pure Pursuit: pose=(-1.561, 3.520, 2.090) cte=0.049 closest=1445 target=1489 path_dist=0.049 heading_err=0.062 steer=0.480 speed=1.767
[ground_truth_amcl_monitor-7] [INFO] [1788991176.117720462] [ground_truth_amcl_monitor]: AMCL vs GT: gt=(-1.544, 3.517) amcl=(-1.465, 3.329) error=0.204 m / 0.093 rad; current_map=(-1.519, 3.463, 2.002) error=0.060 m / 0.000 rad; odom=(0.533, 3.525, 2.002) error=2.077 m / 0.000 rad; ekf=(0.533, 3.525, 2.002) error=2.077 m / 0.000 rad; RMS=0.179 m / 0.036 rad max=0.711 m / 0.180 rad samples=7475
[gpu_amcl_cpp_node-6] [INFO] [1788991177.067165010] [gpu_amcl_cpp]: AMCL odom delta: at_scan=(-0.598, -1.370, -0.953) baseline=(-0.652, -1.282, -1.074) delta=(0.055, -0.088, 0.121) moved=true scan_age=0.054s
[gpu_amcl_cpp_node-6] [INFO] [1788991177.070905106] [gpu_amcl_cpp]: AMCL local correction: odom_prediction=(-2.694, 3.862, -2.524) scan=(-2.694, 3.848, -2.532) correction=0.014 m/0.008 rad cluster_weight=0.981 publish=true
[component_container-9] [INFO] [1788991177.119608770] [pure_pursuit_node]: Pure Pursuit: pose=(-2.815, 3.758, -2.342) cte=0.092 closest=1512 target=1554 path_dist=0.092 heading_err=-0.114 steer=0.309 speed=1.858
[ground_truth_amcl_monitor-7] [INFO] [1788991177.122578026] [ground_truth_amcl_monitor]: AMCL vs GT: gt=(-2.762, 3.778) amcl=(-2.694, 3.855) error=0.102 m / 0.092 rad; current_map=(-2.758, 3.805, -2.432) error=0.027 m / 0.000 rad; odom=(-0.633, 3.706, -2.432) error=2.130 m / 0.000 rad; ekf=(-0.633, 3.706, -2.432) error=2.130 m / 0.000 rad; RMS=0.179 m / 0.036 rad max=0.711 m / 0.180 rad samples=7509
[gpu_amcl_cpp_node-6] [INFO] [1788991178.091614357] [gpu_amcl_cpp]: AMCL odom delta: at_scan=(1.707, -1.959, -0.118) baseline=(1.443, -1.930, -0.100) delta=(0.264, -0.029, -0.018) moved=true scan_age=0.053s
[gpu_amcl_cpp_node-6] [INFO] [1788991178.095083273] [gpu_amcl_cpp]: AMCL local correction: odom_prediction=(-3.274, 1.493, -1.689) scan=(-3.274, 1.520, -1.677) correction=0.027 m/0.012 rad cluster_weight=0.958 publish=true
[component_container-9] [INFO] [1788991178.143593683] [pure_pursuit_node]: Pure Pursuit: pose=(-3.325, 1.105, -1.711) cte=0.000 closest=1646 target=1694 path_dist=0.000 heading_err=-0.005 steer=-0.135 speed=2.631
[ground_truth_amcl_monitor-7] [INFO] [1788991178.147033153] [ground_truth_amcl_monitor]: AMCL vs GT: gt=(-3.313, 1.337) amcl=(-3.274, 1.507) error=0.174 m / 0.012 rad; current_map=(-3.299, 1.308, -1.700) error=0.032 m / 0.000 rad; odom=(-1.183, 1.253, -1.700) error=2.131 m / 0.000 rad; ekf=(-1.183, 1.253, -1.700) error=2.131 m / 0.000 rad; RMS=0.178 m / 0.036 rad max=0.711 m / 0.180 rad samples=7543
[gpu_amcl_cpp_node-6] [INFO] [1788991178.693843639] [gpu_amcl_cpp]: Received LiDAR callback #3808 (1081 ranges).
[gpu_amcl_cpp_node-6] [INFO] [1788991178.693905726] [gpu_amcl_cpp]: Starting AMCL scan update #3808 (sampled from 1081 ranges).
[gpu_amcl_cpp_node-6] [INFO] [1788991178.694707444] [gpu_amcl_cpp]: AMCL scan update #3808 completed; evaluating pose confidence.
[gpu_amcl_cpp_node-6] [INFO] [1788991179.116392668] [gpu_amcl_cpp]: AMCL odom delta: at_scan=(3.241, -2.569, -1.057) baseline=(3.176, -2.468, -0.941) delta=(0.065, -0.101, -0.116) moved=true scan_age=0.054s
[gpu_amcl_cpp_node-6] [INFO] [1788991179.119827460] [gpu_amcl_cpp]: AMCL local correction: odom_prediction=(-4.089, -0.480, -2.628) scan=(-4.112, -0.529, -2.608) correction=0.054 m/0.020 rad cluster_weight=0.991 publish=true
[component_container-9] [INFO] [1788991179.167948898] [pure_pursuit_node]: Pure Pursuit: pose=(-4.265, -0.561, -2.791) cte=-0.174 closest=1742 target=1784 path_dist=0.174 heading_err=-0.015 steer=-0.405 speed=1.648
[ground_truth_amcl_monitor-7] [INFO] [1788991179.170751280] [ground_truth_amcl_monitor]: AMCL vs GT: gt=(-4.226, -0.586) amcl=(-4.101, -0.505) error=0.149 m / 0.084 rad; current_map=(-4.189, -0.550, -2.712) error=0.052 m / 0.000 rad; odom=(-1.857, -0.128, -2.712) error=2.414 m / 0.000 rad; ekf=(-1.857, -0.128, -2.712) error=2.414 m / 0.000 rad; RMS=0.179 m / 0.036 rad max=0.711 m / 0.180 rad samples=7577
[gpu_amcl_cpp_node-6] [INFO] [1788991180.156705670] [gpu_amcl_cpp]: AMCL odom delta: at_scan=(2.804, -3.872, -2.571) baseline=(2.900, -3.806, -2.500) delta=(-0.096, -0.066, -0.071) moved=true scan_age=0.060s
[gpu_amcl_cpp_node-6] [INFO] [1788991180.159482003] [gpu_amcl_cpp]: AMCL local correction: odom_prediction=(-5.510, -0.079, 2.141) scan=(-5.511, -0.073, 2.157) correction=0.007 m/0.015 rad cluster_weight=0.965 publish=true
[component_container-9] [INFO] [1788991180.215831670] [pure_pursuit_node]: Pure Pursuit: pose=(-5.623, 0.129, 1.998) cte=-0.059 closest=1818 target=1861 path_dist=0.059 heading_err=0.076 steer=-0.101 speed=2.820
[ground_truth_amcl_monitor-7] [INFO] [1788991180.218672765] [ground_truth_amcl_monitor]: AMCL vs GT: gt=(-5.606, 0.037) amcl=(-5.510, -0.076) error=0.148 m / 0.081 rad; current_map=(-5.577, 0.039, 2.060) error=0.029 m / 0.000 rad; odom=(-3.139, 0.469, 2.060) error=2.505 m / 0.000 rad; ekf=(-3.139, 0.469, 2.060) error=2.505 m / 0.000 rad; RMS=0.178 m / 0.036 rad max=0.711 m / 0.180 rad samples=7611
[gpu_amcl_cpp_node-6] [INFO] [1788991181.192024852] [gpu_amcl_cpp]: AMCL odom delta: at_scan=(-0.499, -4.507, -3.131) baseline=(-0.242, -4.503, -3.116) delta=(-0.257, -0.005, -0.015) moved=true scan_age=0.054s
[gpu_amcl_cpp_node-6] [INFO] [1788991181.195156754] [gpu_amcl_cpp]: AMCL local correction: odom_prediction=(-6.165, 3.192, 1.581) scan=(-6.167, 3.223, 1.583) correction=0.030 m/0.002 rad cluster_weight=0.957 publish=true
[component_container-9] [INFO] [1788991181.244051928] [pure_pursuit_node]: Pure Pursuit: pose=(-6.162, 3.584, 1.547) cte=-0.007 closest=1993 target=2041 path_dist=0.007 heading_err=-0.019 steer=-0.069 speed=3.890
[ground_truth_amcl_monitor-7] [INFO] [1788991181.246638634] [ground_truth_amcl_monitor]: AMCL vs GT: gt=(-6.182, 3.506) amcl=(-6.166, 3.207) error=0.299 m / 0.017 rad; current_map=(-6.166, 3.408, 1.564) error=0.099 m / 0.000 rad; odom=(-3.707, 3.857, 1.564) error=2.500 m / 0.000 rad; ekf=(-3.707, 3.857, 1.564) error=2.500 m / 0.000 rad; RMS=0.178 m / 0.036 rad max=0.711 m / 0.180 rad samples=7645
[gpu_amcl_cpp_node-6] [INFO] [1788991182.243043155] [gpu_amcl_cpp]: AMCL odom delta: at_scan=(-3.536, -3.710, 2.561) baseline=(-3.408, -3.793, 2.577) delta=(-0.128, 0.083, -0.015) moved=true scan_age=0.051s
[gpu_amcl_cpp_node-6] [INFO] [1788991182.246159136] [gpu_amcl_cpp]: AMCL local correction: odom_prediction=(-5.176, 6.734, 0.990) scan=(-5.156, 6.789, 1.005) correction=0.058 m/0.014 rad cluster_weight=0.997 publish=true
[ground_truth_amcl_monitor-7] [INFO] [1788991182.248452741] [ground_truth_amcl_monitor]: AMCL vs GT: gt=(-5.151, 6.844) amcl=(-5.166, 6.762) error=0.084 m / 0.000 rad; current_map=(-5.176, 6.734, 0.990) error=0.113 m / 0.000 rad; odom=(-2.910, 6.695, 0.990) error=2.247 m / 0.000 rad; ekf=(-2.910, 6.695, 0.990) error=2.247 m / 0.000 rad; RMS=0.179 m / 0.036 rad max=0.711 m / 0.180 rad samples=7680
[component_container-9] [INFO] [1788991182.292469838] [pure_pursuit_node]: Pure Pursuit: pose=(-5.000, 6.974, 0.883) cte=-0.056 closest=2175 target=2221 path_dist=0.056 heading_err=-0.134 steer=-0.291 speed=2.827
[gpu_amcl_cpp_node-6] [INFO] [1788991183.294405249] [gpu_amcl_cpp]: AMCL odom delta: at_scan=(-4.060, -0.665, 1.104) baseline=(-4.139, -0.837, 1.171) delta=(0.079, 0.172, -0.066) moved=true scan_age=0.052s
[ground_truth_amcl_monitor-7] [INFO] [1788991183.295004947] [ground_truth_amcl_monitor]: AMCL vs GT: gt=(-2.243, 7.384) amcl=(-2.360, 7.447) error=0.134 m / 0.066 rad; current_map=(-2.188, 7.368, -0.466) error=0.057 m / 0.000 rad; odom=(0.136, 7.218, -0.467) error=2.384 m / 0.000 rad; ekf=(0.136, 7.218, -0.467) error=2.384 m / 0.000 rad; RMS=0.178 m / 0.036 rad max=0.711 m / 0.180 rad samples=7717
[gpu_amcl_cpp_node-6] [INFO] [1788991183.299274269] [gpu_amcl_cpp]: AMCL local correction: odom_prediction=(-2.188, 7.368, -0.466) scan=(-2.236, 7.389, -0.459) correction=0.052 m/0.008 rad cluster_weight=0.977 publish=true
[component_container-9] [INFO] [1788991183.362269647] [pure_pursuit_node]: Pure Pursuit: pose=(-1.807, 7.142, -0.602) cte=-0.005 closest=2346 target=2393 path_dist=0.005 heading_err=0.033 steer=-0.077 speed=3.845
[gpu_amcl_cpp_node-6] [INFO] [1788991183.742036044] [gpu_amcl_cpp]: Received LiDAR callback #3894 (1081 ranges).
[gpu_amcl_cpp_node-6] [INFO] [1788991183.742105405] [gpu_amcl_cpp]: Starting AMCL scan update #3894 (sampled from 1081 ranges).
[gpu_amcl_cpp_node-6] [INFO] [1788991183.742903296] [gpu_amcl_cpp]: AMCL scan update #3894 completed; evaluating pose confidence.
[gpu_amcl_cpp_node-6] [INFO] [1788991184.295472182] [gpu_amcl_cpp]: AMCL odom delta: at_scan=(-1.262, 1.658, 0.403) baseline=(-1.437, 1.581, 0.424) delta=(0.175, 0.077, -0.021) moved=true scan_age=0.052s
[ground_truth_amcl_monitor-7] [INFO] [1788991184.295809998] [ground_truth_amcl_monitor]: AMCL vs GT: gt=(0.149, 4.488) amcl=(0.051, 4.723) error=0.255 m / 0.021 rad; current_map=(0.128, 4.548, -1.168) error=0.064 m / 0.000 rad; odom=(2.381, 4.595, -1.147) error=2.234 m / 0.021 rad; ekf=(2.381, 4.595, -1.147) error=2.234 m / 0.021 rad; RMS=0.178 m / 0.036 rad max=0.711 m / 0.180 rad samples=7753
[gpu_amcl_cpp_node-6] [INFO] [1788991184.299339578] [gpu_amcl_cpp]: AMCL local correction: odom_prediction=(0.128, 4.548, -1.168) scan=(0.138, 4.539, -1.169) correction=0.014 m/0.001 rad cluster_weight=0.954 publish=true
[component_container-9] [INFO] [1788991184.363016298] [pure_pursuit_node]: Pure Pursuit: pose=(0.293, 4.136, -1.212) cte=-0.010 closest=2532 target=2579 path_dist=0.010 heading_err=0.018 steer=-0.019 speed=3.910
[gpu_amcl_cpp_node-6] [INFO] [1788991185.317098889] [gpu_amcl_cpp]: AMCL odom delta: at_scan=(2.385, 2.665, 0.153) baseline=(2.194, 2.635, 0.165) delta=(0.191, 0.031, -0.012) moved=true scan_age=0.051s
[ground_truth_amcl_monitor-7] [INFO] [1788991185.318148183] [ground_truth_amcl_monitor]: AMCL vs GT: gt=(1.206, 0.674) amcl=(1.140, 1.148) error=0.479 m / 0.012 rad; current_map=(1.171, 0.957, -1.418) error=0.285 m / 0.000 rad; odom=(3.466, 0.773, -1.418) error=2.262 m / 0.000 rad; ekf=(3.466, 0.773, -1.418) error=2.262 m / 0.000 rad; RMS=0.179 m / 0.036 rad max=0.711 m / 0.180 rad samples=7789
[gpu_amcl_cpp_node-6] [INFO] [1788991185.320096318] [gpu_amcl_cpp]: AMCL local correction: odom_prediction=(1.171, 0.957, -1.418) scan=(1.166, 0.991, -1.414) correction=0.034 m/0.004 rad cluster_weight=0.924 publish=true
[component_container-9] [INFO] [1788991185.366346795] [pure_pursuit_node]: Pure Pursuit: pose=(1.224, 0.588, -1.437) cte=0.002 closest=129 target=177 path_dist=0.002 heading_err=0.011 steer=-0.014 speed=3.952
[gpu_amcl_cpp_node-6] [WARN] [1788991185.371114675] [gpu_amcl_cpp]: No local AMCL cluster near odometry prediction; using causal odometry pose.
[ground_truth_amcl_monitor-7] [INFO] [1788991186.319287113] [ground_truth_amcl_monitor]: AMCL vs GT: gt=(1.270, -3.178) amcl=(1.290, -3.056) error=0.123 m / 0.000 rad; current_map=(1.291, -3.040, -1.695) error=0.139 m / 0.000 rad; odom=(3.518, -2.906, -1.695) error=2.265 m / 0.000 rad; ekf=(3.518, -2.906, -1.695) error=2.265 m / 0.000 rad; RMS=0.181 m / 0.036 rad max=0.711 m / 0.180 rad samples=7826
[gpu_amcl_cpp_node-6] [INFO] [1788991186.364760950] [gpu_amcl_cpp]: AMCL odom delta: at_scan=(6.254, 2.694, -0.121) baseline=(6.065, 2.717, -0.124) delta=(0.189, -0.023, 0.003) moved=true scan_age=0.051s
[gpu_amcl_cpp_node-6] [INFO] [1788991186.368101824] [gpu_amcl_cpp]: AMCL local correction: odom_prediction=(1.267, -3.245, -1.692) scan=(1.269, -3.270, -1.693) correction=0.024 m/0.001 rad cluster_weight=0.928 publish=true
[component_container-9] [INFO] [1788991186.416688967] [pure_pursuit_node]: Pure Pursuit: pose=(1.219, -3.623, -1.701) cte=-0.024 closest=341 target=388 path_dist=0.024 heading_err=-0.003 steer=-0.038 speed=3.845
[ground_truth_amcl_monitor-7] [INFO] [1788991187.343070790] [ground_truth_amcl_monitor]: AMCL vs GT: gt=(0.528, -7.127) amcl=(0.604, -6.808) error=0.328 m / 0.003 rad; current_map=(0.561, -6.993, -1.796) error=0.138 m / 0.000 rad; odom=(2.815, -6.650, -1.796) error=2.336 m / 0.000 rad; ekf=(2.815, -6.650, -1.796) error=2.336 m / 0.000 rad; RMS=0.181 m / 0.036 rad max=0.711 m / 0.180 rad samples=7861
[gpu_amcl_cpp_node-6] [INFO] [1788991187.393801184] [gpu_amcl_cpp]: AMCL odom delta: at_scan=(9.998, 1.971, -0.228) baseline=(9.808, 2.014, -0.226) delta=(0.190, -0.044, -0.003) moved=true scan_age=0.052s
[gpu_amcl_cpp_node-6] [INFO] [1788991187.397158600] [gpu_amcl_cpp]: AMCL local correction: odom_prediction=(0.511, -7.196, -1.799) scan=(0.510, -7.225, -1.796) correction=0.030 m/0.003 rad cluster_weight=0.964 publish=true
[component_container-9] [INFO] [1788991187.463324562] [pure_pursuit_node]: Pure Pursuit: pose=(0.407, -7.629, -1.816) cte=-0.005 closest=545 target=593 path_dist=0.005 heading_err=0.002 steer=-0.031 speed=3.831
[ground_truth_amcl_monitor-7] [INFO] [1788991188.369291426] [ground_truth_amcl_monitor]: AMCL vs GT: gt=(-0.686, -10.129) amcl=(-0.565, -9.978) error=0.193 m / 0.078 rad; current_map=(-0.653, -10.076, -2.341) error=0.063 m / 0.000 rad; odom=(1.807, -9.153, -2.341) error=2.677 m / 0.000 rad; ekf=(1.807, -9.153, -2.341) error=2.677 m / 0.000 rad; RMS=0.181 m / 0.036 rad max=0.711 m / 0.180 rad samples=7897
[gpu_amcl_cpp_node-6] [INFO] [1788991188.420279816] [gpu_amcl_cpp]: AMCL odom delta: at_scan=(12.402, 0.912, -0.844) baseline=(12.312, 1.006, -0.770) delta=(0.090, -0.094, -0.074) moved=true scan_age=0.052s
[gpu_amcl_cpp_node-6] [INFO] [1788991188.425063204] [gpu_amcl_cpp]: AMCL local correction: odom_prediction=(-0.745, -10.170, -2.415) scan=(-0.739, -10.174, -2.400) correction=0.008 m/0.015 rad cluster_weight=0.999 publish=true
[component_container-9] [INFO] [1788991188.488593438] [pure_pursuit_node]: Pure Pursuit: pose=(-0.950, -10.323, -2.586) cte=-0.278 closest=692 target=735 path_dist=0.278 heading_err=-0.282 steer=-0.492 speed=1.820
[gpu_amcl_cpp_node-6] [INFO] [1788991188.769764018] [gpu_amcl_cpp]: Received LiDAR callback #3983 (1081 ranges).
[gpu_amcl_cpp_node-6] [INFO] [1788991188.769828670] [gpu_amcl_cpp]: Starting AMCL scan update #3983 (sampled from 1081 ranges).
[gpu_amcl_cpp_node-6] [INFO] [1788991188.770355130] [gpu_amcl_cpp]: AMCL scan update #3983 completed; evaluating pose confidence.
[ground_truth_amcl_monitor-7] [INFO] [1788991189.417334971] [ground_truth_amcl_monitor]: AMCL vs GT: gt=(-2.214, -10.070) amcl=(-2.144, -10.135) error=0.097 m / 0.084 rad; current_map=(-2.211, -10.055, 2.229) error=0.015 m / 0.000 rad; odom=(0.420, -9.146, 2.313) error=2.792 m / 0.084 rad; ekf=(0.420, -9.146, 2.313) error=2.792 m / 0.084 rad; RMS=0.181 m / 0.036 rad max=0.711 m / 0.180 rad samples=7931
[gpu_amcl_cpp_node-6] [INFO] [1788991189.469064695] [gpu_amcl_cpp]: AMCL odom delta: at_scan=(12.141, -0.509, -2.528) baseline=(12.225, -0.447, -2.483) delta=(-0.084, -0.062, -0.045) moved=true scan_age=0.054s
[gpu_amcl_cpp_node-6] [INFO] [1788991189.473259477] [gpu_amcl_cpp]: AMCL local correction: odom_prediction=(-2.274, -9.970, 2.184) scan=(-2.278, -9.962, 2.192) correction=0.009 m/0.008 rad cluster_weight=0.984 publish=true
[component_container-9] [INFO] [1788991189.537749265] [pure_pursuit_node]: Pure Pursuit: pose=(-2.401, -9.768, 2.080) cte=-0.118 closest=763 target=806 path_dist=0.118 heading_err=0.240 steer=-0.056 speed=2.505
[ground_truth_amcl_monitor-7] [INFO] [1788991190.441567219] [ground_truth_amcl_monitor]: AMCL vs GT: gt=(-3.165, -7.156) amcl=(-3.145, -7.383) error=0.228 m / 0.023 rad; current_map=(-3.152, -7.192, 1.597) error=0.039 m / 0.000 rad; odom=(-0.594, -6.173, 1.597) error=2.753 m / 0.000 rad; ekf=(-0.594, -6.173, 1.597) error=2.753 m / 0.000 rad; RMS=0.181 m / 0.036 rad max=0.711 m / 0.180 rad samples=7967
[gpu_amcl_cpp_node-6] [INFO] [1788991190.491237098] [gpu_amcl_cpp]: AMCL odom delta: at_scan=(9.141, -1.398, -3.133) baseline=(9.331, -1.394, -3.115) delta=(-0.190, -0.003, -0.019) moved=true scan_age=0.051s
[gpu_amcl_cpp_node-6] [INFO] [1788991190.494332260] [gpu_amcl_cpp]: AMCL local correction: odom_prediction=(-3.155, -6.998, 1.579) scan=(-3.152, -6.990, 1.586) correction=0.008 m/0.007 rad cluster_weight=0.994 publish=true
[component_container-9] [INFO] [1788991190.540288202] [pure_pursuit_node]: Pure Pursuit: pose=(-3.149, -6.628, 1.534) cte=-0.000 closest=925 target=973 path_dist=0.000 heading_err=-0.019 steer=-0.059 speed=3.920
[ground_truth_amcl_monitor-7] [INFO] [1788991191.445187777] [ground_truth_amcl_monitor]: AMCL vs GT: gt=(-2.410, -3.382) amcl=(-2.412, -3.417) error=0.035 m / 0.000 rad; current_map=(-2.430, -3.439, 1.295) error=0.060 m / 0.000 rad; odom=(0.134, -2.560, 1.295) error=2.674 m / 0.000 rad; ekf=(0.134, -2.560, 1.295) error=2.674 m / 0.000 rad; RMS=0.181 m / 0.036 rad max=0.711 m / 0.180 rad samples=8004
[component_container-9] [INFO] [1788991191.540817796] [pure_pursuit_node]: Pure Pursuit: pose=(-2.268, -2.872, 1.324) cte=0.002 closest=1118 target=1166 path_dist=0.002 heading_err=-0.020 steer=-0.008 speed=3.970
[gpu_amcl_cpp_node-6] [INFO] [1788991191.542798722] [gpu_amcl_cpp]: AMCL odom delta: at_scan=(5.352, -0.568, 2.888) baseline=(5.536, -0.616, 2.880) delta=(-0.183, 0.048, 0.008) moved=true scan_age=0.052s
[gpu_amcl_cpp_node-6] [INFO] [1788991191.545927528] [gpu_amcl_cpp]: AMCL local correction: odom_prediction=(-2.312, -3.045, 1.317) scan=(-2.310, -3.034, 1.300) correction=0.011 m/0.018 rad cluster_weight=0.950 publish=true
[ground_truth_amcl_monitor-7] [INFO] [1788991192.445783451] [ground_truth_amcl_monitor]: AMCL vs GT: gt=(-1.468, 0.461) amcl=(-1.464, 0.366) error=0.095 m / 0.000 rad; current_map=(-1.471, 0.344, 1.404) error=0.117 m / 0.000 rad; odom=(1.015, 1.042, 1.404) error=2.550 m / 0.000 rad; ekf=(1.015, 1.042, 1.404) error=2.550 m / 0.000 rad; RMS=0.181 m / 0.036 rad max=0.711 m / 0.180 rad samples=8040
[component_container-9] [INFO] [1788991192.541169841] [pure_pursuit_node]: Pure Pursuit: pose=(-1.374, 0.924, 1.412) cte=0.011 closest=1314 target=1361 path_dist=0.011 heading_err=-0.002 steer=0.042 speed=3.544
[gpu_amcl_cpp_node-6] [INFO] [1788991192.593865672] [gpu_amcl_cpp]: AMCL odom delta: at_scan=(1.553, 0.305, 2.986) baseline=(1.739, 0.275, 2.984) delta=(-0.186, 0.029, 0.002) moved=true scan_age=0.051s
[gpu_amcl_cpp_node-6] [INFO] [1788991192.596715684] [gpu_amcl_cpp]: AMCL local correction: odom_prediction=(-1.368, 0.965, 1.415) scan=(-1.366, 1.008, 1.405) correction=0.043 m/0.010 rad cluster_weight=0.948 publish=true
[ground_truth_amcl_monitor-7] [INFO] [1788991193.447967389] [ground_truth_amcl_monitor]: AMCL vs GT: gt=(-1.486, 3.426) amcl=(-1.442, 3.319) error=0.116 m / 0.000 rad; current_map=(-1.423, 3.270, 2.028) error=0.168 m / 0.000 rad; odom=(1.066, 3.509, 2.028) error=2.554 m / 0.000 rad; ekf=(1.066, 3.509, 2.028) error=2.554 m / 0.000 rad; RMS=0.181 m / 0.036 rad max=0.711 m / 0.180 rad samples=8076
[component_container-9] [INFO] [1788991193.543029819] [pure_pursuit_node]: Pure Pursuit: pose=(-1.527, 3.448, 2.235) cte=0.040 closest=1442 target=1483 path_dist=0.040 heading_err=-0.144 steer=0.303 speed=1.804
[gpu_amcl_cpp_node-6] [INFO] [1788991193.613881765] [gpu_amcl_cpp]: AMCL odom delta: at_scan=(-0.535, 0.138, -2.465) baseline=(-0.430, 0.217, -2.537) delta=(-0.106, -0.079, 0.072) moved=true scan_age=0.051s
[gpu_amcl_cpp_node-6] [INFO] [1788991193.617251915] [gpu_amcl_cpp]: AMCL local correction: odom_prediction=(-1.606, 3.598, 2.247) scan=(-1.625, 3.655, 2.227) correction=0.060 m/0.021 rad cluster_weight=0.981 publish=true
[gpu_amcl_cpp_node-6] [INFO] [1788991193.817984430] [gpu_amcl_cpp]: Received LiDAR callback #4072 (1081 ranges).
[gpu_amcl_cpp_node-6] [INFO] [1788991193.818055133] [gpu_amcl_cpp]: Starting AMCL scan update #4072 (sampled from 1081 ranges).
[gpu_amcl_cpp_node-6] [INFO] [1788991193.818891356] [gpu_amcl_cpp]: AMCL scan update #4072 completed; evaluating pose confidence.
[ground_truth_amcl_monitor-7] [INFO] [1788991194.496468925] [ground_truth_amcl_monitor]: AMCL vs GT: gt=(-2.705, 3.871) amcl=(-2.653, 3.950) error=0.094 m / 0.089 rad; current_map=(-2.718, 3.907, -2.521) error=0.038 m / 0.000 rad; odom=(-0.073, 3.849, -2.521) error=2.632 m / 0.000 rad; ekf=(-0.073, 3.849, -2.521) error=2.632 m / 0.000 rad; RMS=0.181 m / 0.036 rad max=0.711 m / 0.180 rad samples=8113
[WARNING] [launch]: user interrupted with ctrl-c (SIGINT)
[INFO] [actuator_interface-10]: sending signal 'SIGINT' to process[actuator_interface-10]
[INFO] [component_container-9]: sending signal 'SIGINT' to process[component_container-9]
[INFO] [ground_truth_amcl_monitor-7]: sending signal 'SIGINT' to process[ground_truth_amcl_monitor-7]
[INFO] [gpu_amcl_cpp_node-6]: sending signal 'SIGINT' to process[gpu_amcl_cpp_node-6]
[INFO] [lifecycle_manager-5]: sending signal 'SIGINT' to process[lifecycle_manager-5]
[INFO] [map_server-4]: sending signal 'SIGINT' to process[map_server-4]
[INFO] [ekf_localization_node-3]: sending signal 'SIGINT' to process[ekf_localization_node-3]
[INFO] [sensor_odometry_node-2]: sending signal 'SIGINT' to process[sensor_odometry_node-2]
[INFO] [autodrive_bridge_40hz-1]: sending signal 'SIGINT' to process[autodrive_bridge_40hz-1]
[component_container-9] [INFO] [1788991194.545444337] [pure_pursuit_node]: Pure Pursuit: pose=(-2.836, 3.806, -2.347) cte=0.143 closest=1511 target=1553 path_dist=0.143 heading_err=-0.122 steer=0.328 speed=1.730
[gpu_amcl_cpp_node-6] [INFO] [1788991194.665762677] [gpu_amcl_cpp]: AMCL odom delta: at_scan=(-0.514, -1.059, -0.665) baseline=(-0.571, -1.010, -0.749) delta=(0.058, -0.049, 0.084) moved=true scan_age=0.052s
[gpu_amcl_cpp_node-6] [INFO] [1788991194.669199723] [gpu_amcl_cpp]: AMCL local correction: odom_prediction=(-2.882, 3.725, -2.236) scan=(-2.877, 3.702, -2.239) correction=0.023 m/0.003 rad cluster_weight=0.975 publish=true
[component_container-9] [INFO] [1788991195.025068958] [rclcpp]: signal_handler(SIGINT/SIGTERM)
[gpu_amcl_cpp_node-6] [INFO] [1788991195.028644715] [rclcpp]: signal_handler(SIGINT/SIGTERM)
[lifecycle_manager-5] [INFO] [1788991195.030364330] [rclcpp]: signal_handler(SIGINT/SIGTERM)
[lifecycle_manager-5] [INFO] [1788991195.030509353] [lifecycle_manager_map]: Running Nav2 LifecycleManager rcl preshutdown (lifecycle_manager_map)
[lifecycle_manager-5] [INFO] [1788991195.030565669] [lifecycle_manager_map]: [34m[1mTerminating bond timer...[0m[0m
[map_server-4] [INFO] [1788991195.032288500] [rclcpp]: signal_handler(SIGINT/SIGTERM)
[map_server-4] [INFO] [1788991195.032392054] [map_server]: Running Nav2 LifecycleNode rcl preshutdown (map_server)
[map_server-4] [INFO] [1788991195.032466995] [map_server]: Deactivating
[map_server-4] [INFO] [1788991195.032494898] [map_server]: Destroying bond (map_server) to lifecycle manager.
[ekf_localization_node-3] [INFO] [1788991195.034581473] [rclcpp]: signal_handler(SIGINT/SIGTERM)
[sensor_odometry_node-2] [INFO] [1788991195.036057179] [rclcpp]: signal_handler(SIGINT/SIGTERM)
[autodrive_bridge_40hz-1] Traceback (most recent call last):
[autodrive_bridge_40hz-1]   File "/usr/local/lib/python3.10/dist-packages/gevent/pywsgi.py", line 999, in handle_one_response
[autodrive_bridge_40hz-1]     self.run_application()
[autodrive_bridge_40hz-1]   File "/usr/local/lib/python3.10/dist-packages/geventwebsocket/handler.py", line 75, in run_application
[autodrive_bridge_40hz-1]     self.run_websocket()
[autodrive_bridge_40hz-1]   File "/usr/local/lib/python3.10/dist-packages/geventwebsocket/handler.py", line 52, in run_websocket
[autodrive_bridge_40hz-1]     list(self.application(self.environ, lambda s, h, e=None: []))
[autodrive_bridge_40hz-1]   File "/usr/local/lib/python3.10/dist-packages/engineio/middleware.py", line 60, in __call__
[autodrive_bridge_40hz-1]     return self.engineio_app.handle_request(environ, start_response)
[autodrive_bridge_40hz-1]   File "/usr/local/lib/python3.10/dist-packages/socketio/server.py", line 526, in handle_request
[autodrive_bridge_40hz-1]     return self.eio.handle_request(environ, start_response)
[autodrive_bridge_40hz-1]   File "/usr/local/lib/python3.10/dist-packages/engineio/server.py", line 367, in handle_request
[autodrive_bridge_40hz-1]     r = self._handle_connect(environ, start_response,
[autodrive_bridge_40hz-1]   File "/usr/local/lib/python3.10/dist-packages/engineio/server.py", line 515, in _handle_connect
[autodrive_bridge_40hz-1]     ret = s.handle_get_request(environ, start_response)
[autodrive_bridge_40hz-1]   File "/usr/local/lib/python3.10/dist-packages/engineio/socket.py", line 107, in handle_get_request
[autodrive_bridge_40hz-1]     return getattr(self, '_upgrade_' + transport)(environ,
[autodrive_bridge_40hz-1]   File "/usr/local/lib/python3.10/dist-packages/engineio/socket.py", line 152, in _upgrade_websocket
[autodrive_bridge_40hz-1]     return ws(environ, start_response)
[autodrive_bridge_40hz-1]   File "/usr/local/lib/python3.10/dist-packages/engineio/async_drivers/gevent.py", line 44, in __call__
[autodrive_bridge_40hz-1]     return self.app(self)
[autodrive_bridge_40hz-1]   File "/usr/local/lib/python3.10/dist-packages/engineio/socket.py", line 218, in _websocket_handler
[autodrive_bridge_40hz-1]     p = ws.wait()
[autodrive_bridge_40hz-1]   File "/usr/local/lib/python3.10/dist-packages/engineio/async_drivers/gevent.py", line 53, in wait
[autodrive_bridge_40hz-1]     return self._sock.receive()
[autodrive_bridge_40hz-1]   File "/usr/local/lib/python3.10/dist-packages/geventwebsocket/websocket.py", line 301, in receive
[autodrive_bridge_40hz-1]     return self.read_message()
[autodrive_bridge_40hz-1]   File "/usr/local/lib/python3.10/dist-packages/geventwebsocket/websocket.py", line 241, in read_message
[autodrive_bridge_40hz-1]     header, payload = self.read_frame()
[autodrive_bridge_40hz-1]   File "/usr/local/lib/python3.10/dist-packages/geventwebsocket/websocket.py", line 217, in read_frame
[autodrive_bridge_40hz-1]     payload = header.unmask_payload(payload)
[autodrive_bridge_40hz-1]   File "/usr/local/lib/python3.10/dist-packages/geventwebsocket/websocket.py", line 421, in mask_payload
[autodrive_bridge_40hz-1]     payload[i] ^= mask[i % 4]
[autodrive_bridge_40hz-1]   File "/usr/local/lib/python3.10/dist-packages/socketio/client.py", line 25, in signal_handler
[autodrive_bridge_40hz-1]     return original_signal_handler(sig, frame)
[autodrive_bridge_40hz-1] KeyboardInterrupt
[autodrive_bridge_40hz-1] 2026-09-09T21:59:55Z {'REMOTE_ADDR': '::ffff:127.0.0.1', 'REMOTE_PORT': '33704', 'HTTP_HOST': '127.0.0.1:4567', (hidden keys: 24)} failed with KeyboardInterrupt
[autodrive_bridge_40hz-1] 
[autodrive_bridge_40hz-1] Traceback (most recent call last):
[autodrive_bridge_40hz-1]   File "/workspace/install/lib/sdu_apex_autodrive/autodrive_bridge_40hz", line 33, in <module>
[autodrive_bridge_40hz-1]     sys.exit(load_entry_point('sdu-apex-autodrive', 'console_scripts', 'autodrive_bridge_40hz')())
[autodrive_bridge_40hz-1]   File "/workspace/build/sdu_apex_autodrive/sdu_apex_autodrive/bridge_40hz.py", line 443, in main
[autodrive_bridge_40hz-1]     official_bridge.main()
[autodrive_bridge_40hz-1]   File "/home/autodrive_devkit/install/autodrive_roboracer/lib/python3.10/site-packages/autodrive_roboracer/autodrive_bridge.py", line 442, in main
[autodrive_bridge_40hz-1]     pywsgi.WSGIServer(('', 4567), app, handler_class=WebSocketHandler).serve_forever() # Deploy as a gevent WSGI server
[autodrive_bridge_40hz-1]   File "/usr/local/lib/python3.10/dist-packages/gevent/baseserver.py", line 400, in serve_forever
[autodrive_bridge_40hz-1]     self._stop_event.wait()
[autodrive_bridge_40hz-1]   File "src/gevent/event.py", line 163, in gevent._gevent_cevent.Event.wait
[map_server-4] [INFO] [1788991195.042823147] [map_server]: Cleaning up
[map_server-4] [INFO] [1788991195.042962610] [map_server]: Destroying bond (map_server) to lifecycle manager.
[autodrive_bridge_40hz-1]   File "src/gevent/_abstract_linkable.py", line 521, in gevent._gevent_c_abstract_linkable.AbstractLinkable._wait
[autodrive_bridge_40hz-1]   File "src/gevent/_abstract_linkable.py", line 487, in gevent._gevent_c_abstract_linkable.AbstractLinkable._wait_core
[autodrive_bridge_40hz-1]   File "src/gevent/_abstract_linkable.py", line 490, in gevent._gevent_c_abstract_linkable.AbstractLinkable._wait_core
[autodrive_bridge_40hz-1]   File "src/gevent/_abstract_linkable.py", line 442, in gevent._gevent_c_abstract_linkable.AbstractLinkable._AbstractLinkable__wait_to_be_notified
[autodrive_bridge_40hz-1]   File "src/gevent/_abstract_linkable.py", line 451, in gevent._gevent_c_abstract_linkable.AbstractLinkable._switch_to_hub
[autodrive_bridge_40hz-1]   File "src/gevent/_greenlet_primitives.py", line 61, in gevent._gevent_c_greenlet_primitives.SwitchOutGreenletWithLoop.switch
[autodrive_bridge_40hz-1]   File "src/gevent/_greenlet_primitives.py", line 65, in gevent._gevent_c_greenlet_primitives.SwitchOutGreenletWithLoop.switch
[autodrive_bridge_40hz-1]   File "src/gevent/_gevent_c_greenlet_primitives.pxd", line 35, in gevent._gevent_c_greenlet_primitives._greenlet_switch
[autodrive_bridge_40hz-1]   File "/usr/local/lib/python3.10/dist-packages/gevent/pywsgi.py", line 999, in handle_one_response
[autodrive_bridge_40hz-1]     self.run_application()
[autodrive_bridge_40hz-1]   File "/usr/local/lib/python3.10/dist-packages/geventwebsocket/handler.py", line 75, in run_application
[autodrive_bridge_40hz-1]     self.run_websocket()
[autodrive_bridge_40hz-1]   File "/usr/local/lib/python3.10/dist-packages/geventwebsocket/handler.py", line 52, in run_websocket
[autodrive_bridge_40hz-1]     list(self.application(self.environ, lambda s, h, e=None: []))
[autodrive_bridge_40hz-1]   File "/usr/local/lib/python3.10/dist-packages/engineio/middleware.py", line 60, in __call__
[autodrive_bridge_40hz-1]     return self.engineio_app.handle_request(environ, start_response)
[autodrive_bridge_40hz-1]   File "/usr/local/lib/python3.10/dist-packages/socketio/server.py", line 526, in handle_request
[autodrive_bridge_40hz-1]     return self.eio.handle_request(environ, start_response)
[autodrive_bridge_40hz-1]   File "/usr/local/lib/python3.10/dist-packages/engineio/server.py", line 367, in handle_request
[autodrive_bridge_40hz-1]     r = self._handle_connect(environ, start_response,
[autodrive_bridge_40hz-1]   File "/usr/local/lib/python3.10/dist-packages/engineio/server.py", line 515, in _handle_connect
[autodrive_bridge_40hz-1]     ret = s.handle_get_request(environ, start_response)
[autodrive_bridge_40hz-1]   File "/usr/local/lib/python3.10/dist-packages/engineio/socket.py", line 107, in handle_get_request
[autodrive_bridge_40hz-1]     return getattr(self, '_upgrade_' + transport)(environ,
[autodrive_bridge_40hz-1]   File "/usr/local/lib/python3.10/dist-packages/engineio/socket.py", line 152, in _upgrade_websocket
[autodrive_bridge_40hz-1]     return ws(environ, start_response)
[autodrive_bridge_40hz-1]   File "/usr/local/lib/python3.10/dist-packages/engineio/async_drivers/gevent.py", line 44, in __call__
[autodrive_bridge_40hz-1]     return self.app(self)
[autodrive_bridge_40hz-1]   File "/usr/local/lib/python3.10/dist-packages/engineio/socket.py", line 218, in _websocket_handler
[autodrive_bridge_40hz-1]     p = ws.wait()
[autodrive_bridge_40hz-1]   File "/usr/local/lib/python3.10/dist-packages/engineio/async_drivers/gevent.py", line 53, in wait
[autodrive_bridge_40hz-1]     return self._sock.receive()
[autodrive_bridge_40hz-1]   File "/usr/local/lib/python3.10/dist-packages/geventwebsocket/websocket.py", line 301, in receive
[autodrive_bridge_40hz-1]     return self.read_message()
[autodrive_bridge_40hz-1]   File "/usr/local/lib/python3.10/dist-packages/geventwebsocket/websocket.py", line 241, in read_message
[autodrive_bridge_40hz-1]     header, payload = self.read_frame()
[autodrive_bridge_40hz-1]   File "/usr/local/lib/python3.10/dist-packages/geventwebsocket/websocket.py", line 217, in read_frame
[autodrive_bridge_40hz-1]     payload = header.unmask_payload(payload)
[autodrive_bridge_40hz-1]   File "/usr/local/lib/python3.10/dist-packages/geventwebsocket/websocket.py", line 421, in mask_payload
[lifecycle_manager-5] [INFO] [1788991195.045231718] [lifecycle_manager_map]: Destroying lifecycle_manager_map
[autodrive_bridge_40hz-1]     payload[i] ^= mask[i % 4]
[autodrive_bridge_40hz-1]   File "/usr/local/lib/python3.10/dist-packages/socketio/client.py", line 25, in signal_handler
[autodrive_bridge_40hz-1]     return original_signal_handler(sig, frame)
[autodrive_bridge_40hz-1] KeyboardInterrupt
[map_server-4] [INFO] [1788991195.048462516] [map_server]: Destroying
[INFO] [component_container-9]: process has finished cleanly [pid 5226]
[INFO] [ekf_localization_node-3]: process has finished cleanly [pid 5214]
[INFO] [sensor_odometry_node-2]: process has finished cleanly [pid 5212]
[INFO] [lifecycle_manager-5]: process has finished cleanly [pid 5218]
[INFO] [map_server-4]: process has finished cleanly [pid 5216]
[ERROR] [autodrive_bridge_40hz-1]: process has died [pid 5210, exit code -2, cmd '/workspace/install/lib/sdu_apex_autodrive/autodrive_bridge_40hz --ros-args -r __node:=autodrive_bridge'].
[INFO] [actuator_interface-10]: process has finished cleanly [pid 5228]
[INFO] [ground_truth_amcl_monitor-7]: process has finished cleanly [pid 5222]
[INFO] [gpu_amcl_cpp_node-6]: process has finished cleanly [pid 5220]
