[INFO] [launch]: All log files can be found below /root/.ros/log/2026-09-10-00-56-52-785869-ExternalDrive-12552
[INFO] [launch]: Default logging verbosity is set to INFO
[INFO] [launch.user]: controller=pure_pursuit custom_amcl=True rviz=False
[INFO] [autodrive_bridge_40hz-1]: process started with pid [12605]
[INFO] [sensor_odometry_node-2]: process started with pid [12607]
[INFO] [ekf_localization_node-3]: process started with pid [12609]
[INFO] [map_server-4]: process started with pid [12611]
[INFO] [lifecycle_manager-5]: process started with pid [12613]
[INFO] [gpu_amcl_cpp_node-6]: process started with pid [12615]
[INFO] [ground_truth_amcl_monitor-7]: process started with pid [12617]
[INFO] [calibration-8]: process started with pid [12619]
[INFO] [component_container-9]: process started with pid [12621]
[INFO] [actuator_interface-10]: process started with pid [12623]
[sensor_odometry_node-2] [INFO] [1789001813.018080789] [sensor_odometry]: Deterministic odometry observer: exact timestamp packets, encoders + IMU only
[lifecycle_manager-5] [INFO] [1789001813.020223099] [lifecycle_manager_map]: Creating
[lifecycle_manager-5] [INFO] [1789001813.023176122] [lifecycle_manager_map]: [34m[1mCreating and initializing lifecycle service clients[0m[0m
[lifecycle_manager-5] [INFO] [1789001813.032488817] [lifecycle_manager_map]: [34m[1mStarting managed nodes bringup...[0m[0m
[lifecycle_manager-5] [INFO] [1789001813.032565341] [lifecycle_manager_map]: [34m[1mConfiguring map_server[0m[0m
[map_server-4] [INFO] [1789001813.034286899] [map_server]: 
[map_server-4] 	map_server lifecycle node launched. 
[map_server-4] 	Waiting on external lifecycle transitions to activate
[map_server-4] 	See https://design.ros2.org/articles/node_lifecycle.html for more information.
[map_server-4] [INFO] [1789001813.034491003] [map_server]: Creating
[map_server-4] [INFO] [1789001813.035081744] [map_server]: Configuring
[map_server-4] [INFO] [1789001813.035149171] [map_io]: Loading yaml file: /workspace/src/f1tenth_planning/maps/autodrive_track_ftg_commit_20260909_025m.yaml
[map_server-4] [INFO] [1789001813.035559633] [map_io]: resolution: 0.025
[map_server-4] [INFO] [1789001813.035575462] [map_io]: origin[0]: -6.82
[map_server-4] [INFO] [1789001813.035585110] [map_io]: origin[1]: -12.3
[map_server-4] [INFO] [1789001813.035593677] [map_io]: origin[2]: 0
[map_server-4] [INFO] [1789001813.035601611] [map_io]: free_thresh: 0.25
[map_server-4] [INFO] [1789001813.035609887] [map_io]: occupied_thresh: 0.65
[map_server-4] [INFO] [1789001813.035618974] [map_io]: mode: trinary
[map_server-4] [INFO] [1789001813.035628011] [map_io]: negate: 0
[map_server-4] [INFO] [1789001813.036068700] [map_io]: Loading image_file: /workspace/src/f1tenth_planning/maps/autodrive_track_ftg_commit_20260909_025m.pgm
[ekf_localization_node-3] [INFO] [1789001813.038144564] [ekf_localization]: Local odometry trust filter ready: /odom -> /ekf_odom and /ekf_pose in frame odom; reset events=/autodrive/reset_command
[map_server-4] [INFO] [1789001813.083858039] [map_io]: Read map /workspace/src/f1tenth_planning/maps/autodrive_track_ftg_commit_20260909_025m.pgm: 349 X 877 map @ 0.025 m/cell
[lifecycle_manager-5] [INFO] [1789001813.094590163] [lifecycle_manager_map]: [34m[1mActivating map_server[0m[0m
[map_server-4] [INFO] [1789001813.094810337] [map_server]: Activating
[map_server-4] [INFO] [1789001813.095536864] [map_server]: Creating bond (map_server) to lifecycle manager.
[lifecycle_manager-5] [INFO] [1789001813.205539409] [lifecycle_manager_map]: Server map_server connected with bond.
[lifecycle_manager-5] [INFO] [1789001813.205606094] [lifecycle_manager_map]: [34m[1mManaged nodes are active[0m[0m
[lifecycle_manager-5] [INFO] [1789001813.205631672] [lifecycle_manager_map]: [34m[1mCreating bond timer...[0m[0m
[component_container-9] [INFO] [1789001813.215791891] [controller_container]: Load Library: /workspace/install/lib/libpure_pursuit_node.so
[component_container-9] [INFO] [1789001813.220288087] [controller_container]: Found class: rclcpp_components::NodeFactoryTemplate<f1tenth_control::PurePursuitNode>
[component_container-9] [INFO] [1789001813.221094133] [controller_container]: Instantiate class: rclcpp_components::NodeFactoryTemplate<f1tenth_control::PurePursuitNode>
[component_container-9] [INFO] [1789001813.233478705] [pure_pursuit_node]: Initializing Pure Pursuit Node
[gpu_amcl_cpp_node-6] [INFO] [1789001813.236553969] [gpu_amcl_cpp]: [AMCL] Parameters: update_min_d=0.02000, update_min_a=0.03500, max_scan_age=0.2500, odom_history=1.000s, cloud_publish_rate=1.0 Hz, debug_pre_resample=false, slip_threshold=1.00 rad/s, initial_raceline_heading=false, local_correction_gate=0.00m/0.00rad xy_gain=0.500 cross_track_only=false yaw_gain=0.000 association=0.80m recenter_cloud=true
[component_container-9] [INFO] [1789001813.242214535] [pure_pursuit_node]: Loaded trajectory with 2586 waypoints (51.7 m)
[component_container-9] [INFO] [1789001813.247249765] [pure_pursuit_node]: Pure Pursuit Node initialized
[INFO] [launch_ros.actions.load_composable_nodes]: Loaded node '/pure_pursuit_node' in container '/controller_container'
[component_container-9] [INFO] [1789001813.247293958] [pure_pursuit_node]:   Trajectory: /workspace/src/f1tenth_planning/trajectories/autodrive_track_ftg_commit_20260909_025m_mintime_raceline.csv (2586 points)
[component_container-9] [INFO] [1789001813.247304989] [pure_pursuit_node]:   Lookahead: 0.75 - 1.10 m (gain: 0.05)
[component_container-9] [INFO] [1789001813.247320708] [pure_pursuit_node]:   Max speed cap: 10.25 m/s
[component_container-9] [INFO] [1789001813.247332049] [pure_pursuit_node]:   Lookahead adapt: cte_weight=1.00 cte_gain=0.042 curvature_gain=1.900
[component_container-9] [INFO] [1789001813.247343391] [pure_pursuit_node]:   Speed adapt: curvature_factor=0.102 floor_ratio=0.52
[component_container-9] [INFO] [1789001813.247354422] [pure_pursuit_node]:   Speed adapt (CTE): factor=1.500 floor_ratio=0.55
[component_container-9] [INFO] [1789001813.247364691] [pure_pursuit_node]:   Speed limits: max_lat_accel=6.50 min_reg_speed=0.00
[component_container-9] [INFO] [1789001813.247382825] [pure_pursuit_node]:   Yaw-rate damping: 0.000 s
[component_container-9] [INFO] [1789001813.247392764] [pure_pursuit_node]:   Target-heading turn-in gain: 0.000
[component_container-9] [INFO] [1789001813.247402161] [pure_pursuit_node]:   Command shaping: steer_rate=3.20 accel=3.00 decel=8.00
[component_container-9] [INFO] [1789001813.247418632] [pure_pursuit_node]:   Pose: /current_map_pose (map frame)
[component_container-9] [INFO] [1789001813.247427429] [pure_pursuit_node]:   Odom: /odom
[component_container-9] [INFO] [1789001813.247435714] [pure_pursuit_node]:   Control trigger: /odom (one command per odometry update; nominal 40.0 Hz)
[component_container-9] [INFO] [1789001813.247446785] [pure_pursuit_node]:   Steering feedback: /autodrive/roboracer_1/steering (lead gain 0.25)
[component_container-9] [INFO] [1789001813.247457696] [pure_pursuit_node]:   Startup path gate: distance <= 0.80 m, heading <= 0.75 rad
[component_container-9] [INFO] [1789001813.247470109] [pure_pursuit_node]:   Command: /cmd/speed
[gpu_amcl_cpp_node-6] [INFO] [1789001813.247527697] [gpu_amcl_cpp]: Particle cloud publishing scan-synchronized, max 1.0 Hz
[gpu_amcl_cpp_node-6] [INFO] [1789001813.247570107] [gpu_amcl_cpp]: GPU AMCL C++ node created — waiting for map...
[autodrive_bridge_40hz-1] /usr/local/lib/python3.10/dist-packages/numpy/core/getlimits.py:499: UserWarning: The value of the smallest subnormal for <class 'numpy.float64'> type is zero.
[autodrive_bridge_40hz-1]   setattr(self, word, getattr(machar, word).flat[0])
[autodrive_bridge_40hz-1] /usr/local/lib/python3.10/dist-packages/numpy/core/getlimits.py:89: UserWarning: The value of the smallest subnormal for <class 'numpy.float64'> type is zero.
[autodrive_bridge_40hz-1]   return self._float_to_str(self.smallest_subnormal)
[gpu_amcl_cpp_node-6] [INFO] [1789001813.259516525] [gpu_amcl_cpp]: Received first map (349x877 @ 0.025 m/cell) — initialising PF
[gpu_amcl_cpp_node-6] [INFO] [1789001813.281513015] [gpu_amcl_cpp]: Loaded 2587 global heading points from /workspace/src/f1tenth_planning/trajectories/autodrive_track_ftg_commit_20260909_025m_mintime_raceline.csv
[gpu_amcl_cpp_node-6] [INFO] [1789001813.297320554] [gpu_amcl_cpp]: Global AMCL startup prior centred at saved map start (0.801, 3.158, -1.571) with covariance (0.500, 0.500, 0.200).
[gpu_amcl_cpp_node-6] [INFO] [1789001813.297396487] [gpu_amcl_cpp]: Particle filter initialised with 2500 particles (global)
[gpu_amcl_cpp_node-6] [INFO] [1789001813.297439638] [gpu_amcl_cpp]: Global particle initialization active; waiting for scans before publishing pose
[ground_truth_amcl_monitor-7] [INFO] [1789001813.333417964] [ground_truth_amcl_monitor]: Absolute map scoring enabled from explicit map start: (0.8006, 3.1583, -1.5708)
[calibration-8] [INFO] [1789001813.338854769] [allowed_telemetry_recorder]: Calibration mode=sensor_record duration=0.000 s output=/workspace/src/f1tenth_planning/analysis/amcl_tuning_campaign_20260909/acceptance_full_raceline_10p248_feedback_lead_burstfix_20260910_run10/telemetry/sensor_record_20260910_005653.csv
[ground_truth_amcl_monitor-7] [WARN] [1789001813.342946024] [ground_truth_amcl_monitor]: Ground-truth monitor is diagnostics-only; simulator IPS/odom are not controller inputs
[actuator_interface-10] [INFO] [1789001813.353159783] [autodrive_actuator_interface]: Actuator interface ready; no arming state
[actuator_interface-10] [WARN] [1789001813.354552743] [autodrive_actuator_interface]: Neutral output: no command
[autodrive_bridge_40hz-1] [autodrive_bridge_40hz] camera decode/publication disabled
[autodrive_bridge_40hz-1] [autodrive_bridge_40hz] bounded request pacing enabled at 40 Hz (max one outstanding request)
[autodrive_bridge_40hz-1] Connected!
[component_container-9] [WARN] [1789001813.616494475] [pure_pursuit_node]: No pose received on /current_map_pose yet
[gpu_amcl_cpp_node-6] [INFO] [1789001813.616694691] [gpu_amcl_cpp]: Received first odometry sample at (0.00, 0.00, 0.00).
[gpu_amcl_cpp_node-6] [INFO] [1789001813.617609642] [gpu_amcl_cpp]: Received LiDAR callback #1 (1081 ranges).
[gpu_amcl_cpp_node-6] [INFO] [1789001813.617658093] [gpu_amcl_cpp]: AMCL odom delta: at_scan=(0.000, 0.000, 0.000) baseline=(0.000, 0.000, 0.000) delta=(0.000, 0.000, 0.000) moved=false scan_age=0.014s
[gpu_amcl_cpp_node-6] [INFO] [1789001813.617675797] [gpu_amcl_cpp]: Starting AMCL scan update #1 (sampled from 1081 ranges).
[gpu_amcl_cpp_node-6] [INFO] [1789001813.621808008] [gpu_amcl_cpp]: AMCL scan update #1 completed; evaluating pose confidence.
[gpu_amcl_cpp_node-6] [INFO] [1789001813.628401970] [gpu_amcl_cpp]: Startup GPU scan refinement done: refined_particles=2232/2500, beams=180, best_mean_dist=0.000 m, time=6.56 ms
[gpu_amcl_cpp_node-6] [INFO] [1789001813.632368560] [gpu_amcl_cpp]: Global AMCL refining: cluster_weight=0.928, covariance xy=0.009 (max 0.250), yaw=0.000 (max 0.120).
[gpu_amcl_cpp_node-6] [INFO] [1789001813.632415648] [gpu_amcl_cpp]: Global AMCL lock evidence: quality=false stable_scans=1/5 travel=0.000/0.750 m (min_weight=0.500).
[gpu_amcl_cpp_node-6] [INFO] [1789001813.831495794] [gpu_amcl_cpp]: Publishing provisional global AMCL pose for localization ramp; travel=0.000/0.750 m stable_scans=5/5.
[ground_truth_amcl_monitor-7] [INFO] [1789001813.832618576] [ground_truth_amcl_monitor]: Relative GT alignment initialized: yaw=0.000, translation=(0.000, -0.000)
[ground_truth_amcl_monitor-7] [INFO] [1789001813.833161157] [ground_truth_amcl_monitor]: AMCL vs GT: gt=(0.801, 3.158) amcl=(0.801, 3.158) error=0.000 m / 0.000 rad; current_map=unavailable; odom=(0.801, 3.158, -1.571) error=0.000 m / 0.000 rad; ekf=(0.801, 3.158, -1.571) error=0.000 m / 0.000 rad; RMS=0.000 m / 0.000 rad max=0.000 m / 0.000 rad samples=1
[component_container-9] [INFO] [1789001814.128626387] [pure_pursuit_node]: Aligned closed trajectory seam to startup pose at original waypoint 1090
[component_container-9] [INFO] [1789001814.128713812] [pure_pursuit_node]: Startup path gate passed: path_distance=0.166 m heading_error=0.302 rad
[component_container-9] [INFO] [1789001814.128728850] [pure_pursuit_node]: Pure Pursuit: pose=(0.801, 3.158, -1.571) cte=-0.166 closest=0 target=38 path_dist=0.166 heading_err=0.302 steer=0.003 speed=0.003
[gpu_amcl_cpp_node-6] [INFO] [1789001814.628914575] [gpu_amcl_cpp]: AMCL odom delta: at_scan=(0.142, 0.003, 0.034) baseline=(0.102, 0.001, 0.025) delta=(0.040, 0.001, 0.009) moved=true scan_age=0.050s
[actuator_interface-10] [INFO] [1789001814.629690684] [autodrive_actuator_interface]: Collision baseline established at cumulative count 0
[ground_truth_amcl_monitor-7] [INFO] [1789001814.879155931] [ground_truth_amcl_monitor]: AMCL vs GT: gt=(0.829, 2.606) amcl=(0.818, 2.771) error=0.165 m / 0.017 rad; current_map=(0.826, 2.694, -1.464) error=0.088 m / 0.000 rad; odom=(0.826, 2.694, -1.464) error=0.088 m / 0.000 rad; ekf=(0.826, 2.694, -1.464) error=0.088 m / 0.000 rad; RMS=0.059 m / 0.006 rad max=0.165 m / 0.017 rad samples=42
[gpu_amcl_cpp_node-6] [INFO] [1789001815.031888651] [gpu_amcl_cpp]: Global AMCL candidate rejected: start-anchor distance 0.759 m > 0.750 m.
[component_container-9] [INFO] [1789001815.176860413] [pure_pursuit_node]: Pure Pursuit: pose=(0.950, 1.964, -1.361) cte=0.011 closest=59 target=104 path_dist=0.011 heading_err=0.024 steer=0.003 speed=3.147
[gpu_amcl_cpp_node-6] [INFO] [1789001815.282518798] [gpu_amcl_cpp]: Global AMCL lock accepted at (0.982, 1.812, -1.359); continuing with local tracking.
[gpu_amcl_cpp_node-6] [WARN] [1789001815.331364624] [gpu_amcl_cpp]: No local AMCL cluster near odometry prediction; using causal odometry pose.
[gpu_amcl_cpp_node-6] [INFO] [1789001815.383269984] [gpu_amcl_cpp]: AMCL local correction: odom_prediction=(1.046, 1.515, -1.359) scan=(1.037, 1.494, -1.370) correction=0.023 m/0.011 rad cluster_weight=0.950 publish=true
[gpu_amcl_cpp_node-6] [INFO] [1789001815.679022124] [gpu_amcl_cpp]: AMCL odom delta: at_scan=(2.700, 0.441, 0.152) baseline=(2.507, 0.411, 0.162) delta=(0.194, 0.031, -0.010) moved=true scan_age=0.050s
[ground_truth_amcl_monitor-7] [INFO] [1789001815.879949775] [ground_truth_amcl_monitor]: AMCL vs GT: gt=(1.368, -0.558) amcl=(1.306, -0.170) error=0.393 m / 0.025 rad; current_map=(1.329, -0.397, -1.483) error=0.166 m / 0.000 rad; odom=(1.351, -0.406, -1.483) error=0.153 m / 0.000 rad; ekf=(1.351, -0.406, -1.483) error=0.153 m / 0.000 rad; RMS=0.207 m / 0.014 rad max=0.701 m / 0.065 rad samples=76
[component_container-9] [INFO] [1789001816.181883171] [pure_pursuit_node]: Pure Pursuit: pose=(1.376, -2.359, -1.645) cte=-0.050 closest=277 target=329 path_dist=0.050 heading_err=0.006 steer=-0.047 speed=6.001
[gpu_amcl_cpp_node-6] [INFO] [1789001816.410245679] [gpu_amcl_cpp]: AMCL local correction: odom_prediction=(1.225, -3.347, -1.782) scan=(1.237, -3.312, -1.784) correction=0.037 m/0.002 rad cluster_weight=0.955 publish=true
[gpu_amcl_cpp_node-6] [INFO] [1789001816.729365918] [gpu_amcl_cpp]: AMCL odom delta: at_scan=(8.291, 0.138, -0.213) baseline=(7.925, 0.200, -0.126) delta=(0.366, -0.063, -0.087) moved=true scan_age=0.049s
[ground_truth_amcl_monitor-7] [INFO] [1789001816.884129126] [ground_truth_amcl_monitor]: AMCL vs GT: gt=(0.789, -5.956) amcl=(0.869, -5.670) error=0.297 m / 0.032 rad; current_map=(0.809, -5.924, -1.787) error=0.038 m / 0.000 rad; odom=(0.746, -5.927, -1.787) error=0.052 m / 0.000 rad; ekf=(0.746, -5.927, -1.787) error=0.052 m / 0.000 rad; RMS=0.218 m / 0.020 rad max=0.701 m / 0.087 rad samples=114
[component_container-9] [INFO] [1789001817.230689393] [pure_pursuit_node]: Pure Pursuit: pose=(0.421, -7.504, -1.812) cte=0.011 closest=539 target=587 path_dist=0.011 heading_err=0.002 steer=-0.026 speed=3.845
[gpu_amcl_cpp_node-6] [INFO] [1789001817.433705000] [gpu_amcl_cpp]: AMCL local correction: odom_prediction=(0.288, -8.089, -1.844) scan=(0.294, -8.076, -1.830) correction=0.013 m/0.014 rad cluster_weight=0.983 publish=true
[gpu_amcl_cpp_node-6] [INFO] [1789001817.732175433] [gpu_amcl_cpp]: AMCL odom delta: at_scan=(12.177, -0.908, -0.432) baseline=(12.064, -0.858, -0.389) delta=(0.113, -0.049, -0.043) moved=true scan_age=0.050s
[ground_truth_amcl_monitor-7] [INFO] [1789001817.887292005] [ground_truth_amcl_monitor]: AMCL vs GT: gt=(-0.219, -9.352) amcl=(-0.194, -9.313) error=0.046 m / 0.000 rad; current_map=(-0.197, -9.316, -2.098) error=0.042 m / 0.000 rad; odom=(-0.269, -9.327, -2.098) error=0.056 m / 0.000 rad; ekf=(-0.269, -9.327, -2.098) error=0.056 m / 0.000 rad; RMS=0.207 m / 0.020 rad max=0.701 m / 0.087 rad samples=155
[component_container-9] [INFO] [1789001818.279988462] [pure_pursuit_node]: Pure Pursuit: pose=(-0.987, -10.053, -2.790) cte=-0.009 closest=690 target=735 path_dist=0.009 heading_err=-0.052 steer=-0.294 speed=2.519
[gpu_amcl_cpp_node-6] [INFO] [1789001818.436902525] [gpu_amcl_cpp]: AMCL local correction: odom_prediction=(-1.225, -10.115, -3.005) scan=(-1.221, -10.121, -2.981) correction=0.007 m/0.023 rad cluster_weight=0.998 publish=true
[gpu_amcl_cpp_node-6] [INFO] [1789001818.631011341] [gpu_amcl_cpp]: Received LiDAR callback #100 (1081 ranges).
[gpu_amcl_cpp_node-6] [INFO] [1789001818.631067547] [gpu_amcl_cpp]: Starting AMCL scan update #100 (sampled from 1081 ranges).
[gpu_amcl_cpp_node-6] [INFO] [1789001818.632145204] [gpu_amcl_cpp]: AMCL scan update #100 completed; evaluating pose confidence.
[gpu_amcl_cpp_node-6] [INFO] [1789001818.781201388] [gpu_amcl_cpp]: AMCL odom delta: at_scan=(13.113, -2.954, -2.115) baseline=(13.172, -2.844, -2.020) delta=(-0.059, -0.109, -0.094) moved=true scan_age=0.050s
[ground_truth_amcl_monitor-7] [INFO] [1789001818.931618542] [ground_truth_amcl_monitor]: AMCL vs GT: gt=(-2.348, -9.737) amcl=(-2.264, -9.795) error=0.102 m / 0.083 rad; current_map=(-2.357, -9.705, 2.338) error=0.033 m / 0.000 rad; odom=(-2.451, -9.714, 2.338) error=0.106 m / 0.000 rad; ekf=(-2.451, -9.714, 2.338) error=0.106 m / 0.000 rad; RMS=0.190 m / 0.034 rad max=0.701 m / 0.105 rad samples=196
[component_container-9] [INFO] [1789001819.331473401] [pure_pursuit_node]: Pure Pursuit: pose=(-2.985, -8.492, 1.837) cte=-0.027 closest=831 target=879 path_dist=0.027 heading_err=0.041 steer=-0.069 speed=4.128
[gpu_amcl_cpp_node-6] [INFO] [1789001819.486167840] [gpu_amcl_cpp]: AMCL local correction: odom_prediction=(-3.067, -8.126, 1.753) scan=(-3.060, -8.142, 1.771) correction=0.018 m/0.017 rad cluster_weight=0.980 publish=true
[gpu_amcl_cpp_node-6] [INFO] [1789001819.783014027] [gpu_amcl_cpp]: AMCL odom delta: at_scan=(9.983, -4.071, 3.118) baseline=(10.227, -4.072, -3.127) delta=(-0.244, 0.001, -0.038) moved=true scan_age=0.050s
[ground_truth_amcl_monitor-7] [INFO] [1789001819.933328168] [ground_truth_amcl_monitor]: AMCL vs GT: gt=(-3.118, -6.125) amcl=(-3.133, -6.398) error=0.273 m / 0.028 rad; current_map=(-3.106, -6.148, 1.449) error=0.025 m / 0.000 rad; odom=(-3.213, -6.087, 1.449) error=0.102 m / 0.000 rad; ekf=(-3.213, -6.087, 1.449) error=0.102 m / 0.000 rad; RMS=0.182 m / 0.034 rad max=0.701 m / 0.105 rad samples=236
[component_container-9] [INFO] [1789001820.379893467] [pure_pursuit_node]: Pure Pursuit: pose=(-2.524, -3.682, 1.408) cte=-0.029 closest=1076 target=1128 path_dist=0.029 heading_err=-0.110 steer=-0.125 speed=5.358
[gpu_amcl_cpp_node-6] [INFO] [1789001820.535281630] [gpu_amcl_cpp]: AMCL local correction: odom_prediction=(-2.379, -3.136, 1.280) scan=(-2.384, -3.119, 1.283) correction=0.017 m/0.003 rad cluster_weight=0.914 publish=true
[gpu_amcl_cpp_node-6] [INFO] [1789001820.832644129] [gpu_amcl_cpp]: AMCL odom delta: at_scan=(4.558, -2.803, 2.913) baseline=(4.859, -2.874, 2.909) delta=(-0.301, 0.071, 0.004) moved=true scan_age=0.050s
[ground_truth_amcl_monitor-7] [INFO] [1789001820.937119599] [ground_truth_amcl_monitor]: AMCL vs GT: gt=(-1.789, -0.932) amcl=(-1.783, -0.947) error=0.016 m / 0.000 rad; current_map=(-1.780, -0.945, 1.312) error=0.016 m / 0.000 rad; odom=(-1.866, -0.833, 1.312) error=0.125 m / 0.000 rad; ekf=(-1.866, -0.833, 1.312) error=0.125 m / 0.000 rad; RMS=0.184 m / 0.033 rad max=0.701 m / 0.105 rad samples=277
[component_container-9] [INFO] [1789001821.429841486] [pure_pursuit_node]: Pure Pursuit: pose=(-1.289, 1.264, 1.377) cte=0.044 closest=1331 target=1378 path_dist=0.044 heading_err=0.055 steer=0.139 speed=3.225
[gpu_amcl_cpp_node-6] [INFO] [1789001821.535661314] [gpu_amcl_cpp]: AMCL local correction: odom_prediction=(-1.273, 1.443, 1.448) scan=(-1.276, 1.449, 1.442) correction=0.006 m/0.006 rad cluster_weight=0.964 publish=true
[gpu_amcl_cpp_node-6] [INFO] [1789001821.881008188] [gpu_amcl_cpp]: AMCL odom delta: at_scan=(0.580, -2.123, -3.034) baseline=(0.700, -2.113, -3.090) delta=(-0.119, -0.010, 0.055) moved=true scan_age=0.049s
[ground_truth_amcl_monitor-7] [INFO] [1789001821.981691056] [ground_truth_amcl_monitor]: AMCL vs GT: gt=(-1.271, 2.685) amcl=(-1.235, 2.617) error=0.077 m / 0.052 rad; current_map=(-1.251, 2.706, 1.774) error=0.030 m / 0.000 rad; odom=(-1.335, 2.681, 1.722) error=0.064 m / 0.052 rad; ekf=(-1.335, 2.681, 1.722) error=0.064 m / 0.052 rad; RMS=0.178 m / 0.031 rad max=0.701 m / 0.105 rad samples=318
[component_container-9] [INFO] [1789001822.437933655] [pure_pursuit_node]: Pure Pursuit: pose=(-1.600, 3.483, 2.263) cte=-0.004 closest=1445 target=1488 path_dist=0.004 heading_err=-0.120 steer=0.317 speed=1.889
[gpu_amcl_cpp_node-6] [INFO] [1789001822.561886767] [gpu_amcl_cpp]: AMCL local correction: odom_prediction=(-1.689, 3.568, 2.382) scan=(-1.685, 3.573, 2.368) correction=0.006 m/0.014 rad cluster_weight=0.985 publish=true
[gpu_amcl_cpp_node-6] [WARN] [1789001822.608998271] [gpu_amcl_cpp]: Queued LiDAR scan until source-time odometry arrives (queued=1).
[gpu_amcl_cpp_node-6] [INFO] [1789001822.883900849] [gpu_amcl_cpp]: AMCL odom delta: at_scan=(-0.764, -3.105, -1.723) baseline=(-0.745, -3.016, -1.831) delta=(-0.019, -0.089, 0.108) moved=true scan_age=0.052s
[ground_truth_amcl_monitor-7] [INFO] [1789001822.985833557] [ground_truth_amcl_monitor]: AMCL vs GT: gt=(-2.364, 3.808) amcl=(-2.283, 3.855) error=0.093 m / 0.111 rad; current_map=(-2.375, 3.854, -3.067) error=0.047 m / 0.000 rad; odom=(-2.491, 3.930, -3.067) error=0.176 m / 0.000 rad; ekf=(-2.400, 3.931, 3.105) error=0.128 m / 0.111 rad; RMS=0.169 m / 0.035 rad max=0.701 m / 0.128 rad samples=356
[component_container-9] [INFO] [1789001823.454580152] [pure_pursuit_node]: Pure Pursuit: pose=(-3.062, 3.253, -1.973) cte=0.026 closest=1538 target=1582 path_dist=0.026 heading_err=0.114 steer=0.182 speed=2.383
[gpu_amcl_cpp_node-6] [INFO] [1789001823.609073392] [gpu_amcl_cpp]: AMCL local correction: odom_prediction=(-3.121, 3.004, -1.845) scan=(-3.121, 3.019, -1.845) correction=0.015 m/0.001 rad cluster_weight=0.960 publish=true
[gpu_amcl_cpp_node-6] [INFO] [1789001823.655749758] [gpu_amcl_cpp]: Received LiDAR callback #200 (1081 ranges).
[gpu_amcl_cpp_node-6] [INFO] [1789001823.655810863] [gpu_amcl_cpp]: Starting AMCL scan update #200 (sampled from 1081 ranges).
[gpu_amcl_cpp_node-6] [INFO] [1789001823.656919408] [gpu_amcl_cpp]: AMCL scan update #200 completed; evaluating pose confidence.
[gpu_amcl_cpp_node-6] [INFO] [1789001823.905549133] [gpu_amcl_cpp]: AMCL odom delta: at_scan=(0.816, -4.235, -0.086) baseline=(0.663, -4.221, -0.098) delta=(0.153, -0.014, 0.012) moved=true scan_age=0.050s
[ground_truth_amcl_monitor-7] [INFO] [1789001824.006739885] [ground_truth_amcl_monitor]: AMCL vs GT: gt=(-3.284, 1.885) amcl=(-3.257, 2.048) error=0.166 m / 0.004 rad; current_map=(-3.270, 1.878, -1.645) error=0.015 m / 0.000 rad; odom=(-3.461, 2.012, -1.645) error=0.218 m / 0.000 rad; ekf=(-3.461, 2.012, -1.645) error=0.218 m / 0.000 rad; RMS=0.163 m / 0.038 rad max=0.701 m / 0.160 rad samples=396
[component_container-9] [INFO] [1789001824.454592044] [pure_pursuit_node]: Pure Pursuit: pose=(-3.505, 0.499, -1.956) cte=0.035 closest=1678 target=1722 path_dist=0.035 heading_err=0.017 steer=-0.142 speed=1.996
[gpu_amcl_cpp_node-6] [INFO] [1789001824.609501758] [gpu_amcl_cpp]: AMCL local correction: odom_prediction=(-3.600, 0.283, -2.047) scan=(-3.596, 0.261, -2.033) correction=0.022 m/0.013 rad cluster_weight=0.983 publish=true
[gpu_amcl_cpp_node-6] [INFO] [1789001824.908211901] [gpu_amcl_cpp]: AMCL odom delta: at_scan=(3.231, -4.962, -0.887) baseline=(3.166, -4.889, -0.812) delta=(0.065, -0.074, -0.075) moved=true scan_age=0.051s
[ground_truth_amcl_monitor-7] [INFO] [1789001825.009245427] [ground_truth_amcl_monitor]: AMCL vs GT: gt=(-4.138, -0.323) amcl=(-4.030, -0.278) error=0.117 m / 0.067 rad; current_map=(-4.112, -0.332, -2.595) error=0.028 m / 0.000 rad; odom=(-4.322, -0.186, -2.595) error=0.229 m / 0.000 rad; ekf=(-4.322, -0.186, -2.595) error=0.229 m / 0.000 rad; RMS=0.158 m / 0.038 rad max=0.701 m / 0.160 rad samples=436
[component_container-9] [INFO] [1789001825.505877278] [pure_pursuit_node]: Pure Pursuit: pose=(-5.097, -0.369, 2.669) cte=0.007 closest=1782 target=1825 path_dist=0.007 heading_err=-0.051 steer=-0.287 speed=2.217
[gpu_amcl_cpp_node-6] [INFO] [1789001825.611204510] [gpu_amcl_cpp]: AMCL local correction: odom_prediction=(-5.183, -0.314, 2.577) scan=(-5.180, -0.338, 2.597) correction=0.024 m/0.020 rad cluster_weight=0.977 publish=true
[gpu_amcl_cpp_node-6] [INFO] [1789001825.956234848] [gpu_amcl_cpp]: AMCL odom delta: at_scan=(2.749, -6.728, -2.690) baseline=(2.863, -6.668, -2.623) delta=(-0.114, -0.060, -0.067) moved=true scan_age=0.050s
[ground_truth_amcl_monitor-7] [INFO] [1789001826.012207728] [ground_truth_amcl_monitor]: AMCL vs GT: gt=(-5.769, 0.406) amcl=(-5.753, 0.392) error=0.021 m / 0.000 rad; current_map=(-5.752, 0.398, 1.963) error=0.019 m / 0.000 rad; odom=(-5.984, 0.534, 1.963) error=0.251 m / 0.000 rad; ekf=(-5.984, 0.534, 1.963) error=0.251 m / 0.000 rad; RMS=0.154 m / 0.041 rad max=0.701 m / 0.160 rad samples=477
[component_container-9] [INFO] [1789001826.530339293] [pure_pursuit_node]: Pure Pursuit: pose=(-6.142, 2.463, 1.642) cte=-0.009 closest=1937 target=1987 path_dist=0.009 heading_err=0.009 steer=-0.037 speed=5.021
[gpu_amcl_cpp_node-6] [INFO] [1789001826.635273647] [gpu_amcl_cpp]: AMCL local correction: odom_prediction=(-6.160, 2.691, 1.617) scan=(-6.162, 2.694, 1.619) correction=0.004 m/0.002 rad cluster_weight=0.966 publish=true
[gpu_amcl_cpp_node-6] [INFO] [1789001826.982437478] [gpu_amcl_cpp]: AMCL odom delta: at_scan=(-1.412, -7.105, 2.991) baseline=(-1.177, -7.137, 3.025) delta=(-0.235, 0.032, -0.034) moved=true scan_age=0.050s
[ground_truth_amcl_monitor-7] [INFO] [1789001827.034406548] [ground_truth_amcl_monitor]: AMCL vs GT: gt=(-6.057, 4.646) amcl=(-6.087, 4.361) error=0.286 m / 0.035 rad; current_map=(-6.048, 4.590, 1.385) error=0.056 m / 0.000 rad; odom=(-6.266, 4.799, 1.385) error=0.259 m / 0.000 rad; ekf=(-6.266, 4.799, 1.385) error=0.259 m / 0.000 rad; RMS=0.157 m / 0.039 rad max=0.701 m / 0.160 rad samples=516
[component_container-9] [INFO] [1789001827.579056306] [pure_pursuit_node]: Pure Pursuit: pose=(-5.290, 6.532, 0.966) cte=0.004 closest=2149 target=2193 path_dist=0.004 heading_err=0.029 steer=-0.133 speed=2.856
[gpu_amcl_cpp_node-6] [INFO] [1789001827.683817253] [gpu_amcl_cpp]: AMCL local correction: odom_prediction=(-5.187, 6.682, 0.900) scan=(-5.206, 6.674, 0.907) correction=0.021 m/0.007 rad cluster_weight=0.996 publish=true
[gpu_amcl_cpp_node-6] [INFO] [1789001828.030517923] [gpu_amcl_cpp]: AMCL odom delta: at_scan=(-4.326, -5.429, 2.056) baseline=(-4.249, -5.566, 2.114) delta=(-0.078, 0.138, -0.058) moved=true scan_age=0.049s
[ground_truth_amcl_monitor-7] [INFO] [1789001828.035810998] [ground_truth_amcl_monitor]: AMCL vs GT: gt=(-4.435, 7.334) amcl=(-4.457, 7.301) error=0.040 m / 0.000 rad; current_map=(-4.451, 7.302, 0.486) error=0.035 m / 0.000 rad; odom=(-4.628, 7.485, 0.486) error=0.245 m / 0.000 rad; ekf=(-4.628, 7.485, 0.486) error=0.245 m / 0.000 rad; RMS=0.155 m / 0.039 rad max=0.701 m / 0.160 rad samples=557
[gpu_amcl_cpp_node-6] [WARN] [1789001828.480289542] [gpu_amcl_cpp]: Queued LiDAR scan until source-time odometry arrives (queued=1).
[component_container-9] [INFO] [1789001828.579877730] [pure_pursuit_node]: Pure Pursuit: pose=(-2.487, 7.500, -0.336) cte=-0.033 closest=2307 target=2354 path_dist=0.033 heading_err=0.014 steer=-0.113 speed=3.774
[gpu_amcl_cpp_node-6] [INFO] [1789001828.680774941] [gpu_amcl_cpp]: Received LiDAR callback #301 (1081 ranges).
[gpu_amcl_cpp_node-6] [INFO] [1789001828.680825796] [gpu_amcl_cpp]: Starting AMCL scan update #301 (sampled from 1081 ranges).
[gpu_amcl_cpp_node-6] [INFO] [1789001828.681631231] [gpu_amcl_cpp]: AMCL scan update #301 completed; evaluating pose confidence.
[gpu_amcl_cpp_node-6] [INFO] [1789001828.734083059] [gpu_amcl_cpp]: AMCL local correction: odom_prediction=(-2.150, 7.374, -0.465) scan=(-2.147, 7.376, -0.462) correction=0.003 m/0.003 rad cluster_weight=0.963 publish=true
[gpu_amcl_cpp_node-6] [INFO] [1789001829.032795306] [gpu_amcl_cpp]: AMCL odom delta: at_scan=(-3.639, -2.186, 0.754) baseline=(-3.796, -2.342, 0.807) delta=(0.157, 0.156, -0.052) moved=true scan_age=0.050s
[ground_truth_amcl_monitor-7] [INFO] [1789001829.039179362] [ground_truth_amcl_monitor]: AMCL vs GT: gt=(-1.206, 6.663) amcl=(-1.219, 6.684) error=0.024 m / 0.000 rad; current_map=(-1.210, 6.674, -0.816) error=0.012 m / 0.000 rad; odom=(-1.386, 6.797, -0.816) error=0.224 m / 0.000 rad; ekf=(-1.386, 6.797, -0.816) error=0.224 m / 0.000 rad; RMS=0.154 m / 0.040 rad max=0.701 m / 0.160 rad samples=597
[component_container-9] [INFO] [1789001829.630974509] [pure_pursuit_node]: Pure Pursuit: pose=(0.441, 3.863, -1.130) cte=-0.052 closest=2547 target=14 path_dist=0.052 heading_err=-0.087 steer=-0.132 speed=4.444
[gpu_amcl_cpp_node-6] [INFO] [1789001829.738578082] [gpu_amcl_cpp]: AMCL local correction: odom_prediction=(0.529, 3.602, -1.223) scan=(0.531, 3.621, -1.217) correction=0.019 m/0.006 rad cluster_weight=0.917 publish=true
[gpu_amcl_cpp_node-6] [INFO] [1789001830.060174818] [gpu_amcl_cpp]: AMCL odom delta: at_scan=(0.968, -0.013, 0.293) baseline=(0.715, -0.089, 0.287) delta=(0.253, 0.076, 0.007) moved=true scan_age=0.051s
[ground_truth_amcl_monitor-7] [INFO] [1789001830.061223450] [ground_truth_amcl_monitor]: AMCL vs GT: gt=(0.932, 2.163) amcl=(0.857, 2.397) error=0.245 m / 0.007 rad; current_map=(0.933, 2.143, -1.277) error=0.020 m / 0.000 rad; odom=(0.787, 2.190, -1.277) error=0.147 m / 0.000 rad; ekf=(0.787, 2.190, -1.277) error=0.147 m / 0.000 rad; RMS=0.158 m / 0.039 rad max=0.701 m / 0.160 rad samples=634
[gpu_amcl_cpp_node-6] [WARN] [1789001830.537291776] [gpu_amcl_cpp]: No local AMCL cluster near odometry prediction; using causal odometry pose.
[component_container-9] [INFO] [1789001830.633863150] [pure_pursuit_node]: Pure Pursuit: pose=(1.372, -1.007, -1.564) cte=-0.010 closest=209 target=261 path_dist=0.010 heading_err=0.013 steer=-0.010 speed=5.641
[gpu_amcl_cpp_node-6] [INFO] [1789001830.760075111] [gpu_amcl_cpp]: AMCL local correction: odom_prediction=(1.403, -1.463, -1.563) scan=(1.424, -1.481, -1.565) correction=0.028 m/0.002 rad cluster_weight=0.908 publish=true
[gpu_amcl_cpp_node-6] [INFO] [1789001831.081566168] [gpu_amcl_cpp]: AMCL odom delta: at_scan=(6.394, 0.296, -0.244) baseline=(6.119, 0.363, -0.233) delta=(0.275, -0.067, -0.011) moved=true scan_age=0.050s
[ground_truth_amcl_monitor-7] [INFO] [1789001831.082552624] [ground_truth_amcl_monitor]: AMCL vs GT: gt=(1.245, -3.169) amcl=(1.319, -2.971) error=0.212 m / 0.011 rad; current_map=(1.252, -3.246, -1.815) error=0.077 m / 0.000 rad; odom=(1.096, -3.236, -1.815) error=0.163 m / 0.000 rad; ekf=(1.096, -3.236, -1.815) error=0.163 m / 0.000 rad; RMS=0.160 m / 0.039 rad max=0.701 m / 0.160 rad samples=672
[component_container-9] [INFO] [1789001831.658257428] [pure_pursuit_node]: Pure Pursuit: pose=(0.686, -6.333, -1.721) cte=0.018 closest=479 target=528 path_dist=0.018 heading_err=-0.066 steer=-0.047 speed=4.251
[gpu_amcl_cpp_node-6] [INFO] [1789001831.784144958] [gpu_amcl_cpp]: AMCL local correction: odom_prediction=(0.638, -6.595, -1.787) scan=(0.638, -6.612, -1.769) correction=0.018 m/0.018 rad cluster_weight=0.962 publish=true
[ground_truth_amcl_monitor-7] [INFO] [1789001832.085318053] [ground_truth_amcl_monitor]: AMCL vs GT: gt=(0.353, -7.843) amcl=(0.369, -7.812) error=0.035 m / 0.000 rad; current_map=(0.368, -7.802, -1.773) error=0.044 m / 0.000 rad; odom=(0.202, -7.919, -1.773) error=0.168 m / 0.000 rad; ekf=(0.202, -7.919, -1.773) error=0.168 m / 0.000 rad; RMS=0.163 m / 0.038 rad max=0.701 m / 0.160 rad samples=711
[gpu_amcl_cpp_node-6] [INFO] [1789001832.130788471] [gpu_amcl_cpp]: AMCL odom delta: at_scan=(11.268, -0.643, -0.258) baseline=(11.077, -0.598, -0.202) delta=(0.191, -0.045, -0.056) moved=true scan_age=0.050s
[component_container-9] [INFO] [1789001832.681019045] [pure_pursuit_node]: Pure Pursuit: pose=(-0.336, -9.532, -2.201) cte=-0.000 closest=648 target=692 path_dist=0.000 heading_err=0.022 steer=-0.231 speed=2.519
[gpu_amcl_cpp_node-6] [INFO] [1789001832.784635440] [gpu_amcl_cpp]: AMCL local correction: odom_prediction=(-0.400, -9.618, -2.266) scan=(-0.398, -9.619, -2.248) correction=0.002 m/0.019 rad cluster_weight=0.999 publish=true
[ground_truth_amcl_monitor-7] [INFO] [1789001833.085713947] [ground_truth_amcl_monitor]: AMCL vs GT: gt=(-1.015, -10.071) amcl=(-0.990, -10.045) error=0.036 m / 0.000 rad; current_map=(-0.990, -10.042, -2.791) error=0.039 m / 0.000 rad; odom=(-1.190, -10.162, -2.791) error=0.197 m / 0.000 rad; ekf=(-1.190, -10.162, -2.791) error=0.197 m / 0.000 rad; RMS=0.162 m / 0.039 rad max=0.701 m / 0.160 rad samples=751
[gpu_amcl_cpp_node-6] [INFO] [1789001833.130911230] [gpu_amcl_cpp]: AMCL odom delta: at_scan=(13.357, -2.108, -1.317) baseline=(13.321, -1.990, -1.220) delta=(0.037, -0.118, -0.098) moved=true scan_age=0.050s
[component_container-9] [INFO] [1789001833.729483242] [pure_pursuit_node]: Pure Pursuit: pose=(-2.529, -9.495, 2.190) cte=-0.046 closest=777 target=821 path_dist=0.046 heading_err=-0.016 steer=-0.134 speed=3.118
[gpu_amcl_cpp_node-6] [INFO] [1789001833.730907190] [gpu_amcl_cpp]: Received LiDAR callback #398 (1081 ranges).
[gpu_amcl_cpp_node-6] [INFO] [1789001833.730952665] [gpu_amcl_cpp]: Starting AMCL scan update #398 (sampled from 1081 ranges).
[gpu_amcl_cpp_node-6] [INFO] [1789001833.732303606] [gpu_amcl_cpp]: AMCL scan update #398 completed; evaluating pose confidence.
[gpu_amcl_cpp_node-6] [INFO] [1789001833.784712844] [gpu_amcl_cpp]: AMCL local correction: odom_prediction=(-2.532, -9.488, 2.191) scan=(-2.535, -9.478, 2.202) correction=0.010 m/0.011 rad cluster_weight=0.972 publish=true
[ground_truth_amcl_monitor-7] [INFO] [1789001834.090195333] [ground_truth_amcl_monitor]: AMCL vs GT: gt=(-2.938, -8.657) amcl=(-2.938, -8.642) error=0.015 m / 0.000 rad; current_map=(-2.939, -8.638, 1.880) error=0.019 m / 0.000 rad; odom=(-3.143, -8.745, 1.880) error=0.223 m / 0.000 rad; ekf=(-3.143, -8.745, 1.880) error=0.223 m / 0.000 rad; RMS=0.159 m / 0.040 rad max=0.701 m / 0.160 rad samples=791
[gpu_amcl_cpp_node-6] [INFO] [1789001834.133348513] [gpu_amcl_cpp]: AMCL odom delta: at_scan=(11.728, -3.996, -2.875) baseline=(11.903, -3.944, -2.832) delta=(-0.175, -0.052, -0.043) moved=true scan_age=0.049s
[component_container-9] [INFO] [1789001834.779538280] [pure_pursuit_node]: Pure Pursuit: pose=(-2.978, -5.372, 1.407) cte=-0.007 closest=989 target=1040 path_dist=0.007 heading_err=-0.072 steer=-0.095 speed=5.010
[gpu_amcl_cpp_node-6] [INFO] [1789001834.833571702] [gpu_amcl_cpp]: AMCL local correction: odom_prediction=(-2.975, -5.375, 1.379) scan=(-2.976, -5.373, 1.376) correction=0.002 m/0.003 rad cluster_weight=0.947 publish=true
[ground_truth_amcl_monitor-7] [INFO] [1789001835.132877225] [ground_truth_amcl_monitor]: AMCL vs GT: gt=(-2.563, -3.898) amcl=(-2.650, -4.159) error=0.275 m / 0.026 rad; current_map=(-2.563, -3.913, 1.246) error=0.015 m / 0.000 rad; odom=(-2.752, -3.947, 1.246) error=0.195 m / 0.000 rad; ekf=(-2.752, -3.947, 1.246) error=0.195 m / 0.000 rad; RMS=0.160 m / 0.039 rad max=0.701 m / 0.160 rad samples=830
[gpu_amcl_cpp_node-6] [INFO] [1789001835.180796478] [gpu_amcl_cpp]: AMCL odom delta: at_scan=(6.851, -3.473, 2.863) baseline=(7.105, -3.553, 2.817) delta=(-0.254, 0.079, 0.046) moved=true scan_age=0.049s
[gpu_amcl_cpp_node-6] [WARN] [1789001835.780852610] [gpu_amcl_cpp]: Queued LiDAR scan until source-time odometry arrives (queued=1).
[component_container-9] [INFO] [1789001835.781764816] [pure_pursuit_node]: Pure Pursuit: pose=(-1.540, -0.199, 1.387) cte=0.058 closest=1257 target=1307 path_dist=0.058 heading_err=-0.028 steer=0.009 speed=3.788
[gpu_amcl_cpp_node-6] [INFO] [1789001835.834591168] [gpu_amcl_cpp]: AMCL local correction: odom_prediction=(-1.538, -0.222, 1.324) scan=(-1.542, -0.208, 1.315) correction=0.015 m/0.009 rad cluster_weight=0.947 publish=true
[ground_truth_amcl_monitor-7] [INFO] [1789001836.133490917] [ground_truth_amcl_monitor]: AMCL vs GT: gt=(-1.351, 0.832) amcl=(-1.362, 0.682) error=0.151 m / 0.010 rad; current_map=(-1.341, 0.854, 1.453) error=0.024 m / 0.000 rad; odom=(-1.541, 0.793, 1.453) error=0.194 m / 0.000 rad; ekf=(-1.541, 0.793, 1.453) error=0.194 m / 0.000 rad; RMS=0.161 m / 0.038 rad max=0.701 m / 0.160 rad samples=870
[gpu_amcl_cpp_node-6] [INFO] [1789001836.182851270] [gpu_amcl_cpp]: AMCL odom delta: at_scan=(2.194, -2.322, 3.035) baseline=(2.366, -2.342, 3.024) delta=(-0.172, 0.019, 0.011) moved=true scan_age=0.050s
[component_container-9] [INFO] [1789001836.782521828] [pure_pursuit_node]: Pure Pursuit: pose=(-1.304, 2.908, 1.866) cte=0.047 closest=1413 target=1456 path_dist=0.047 heading_err=-0.036 steer=0.149 speed=1.855
[gpu_amcl_cpp_node-6] [INFO] [1789001836.835653013] [gpu_amcl_cpp]: AMCL local correction: odom_prediction=(-1.297, 2.877, 1.840) scan=(-1.302, 2.880, 1.832) correction=0.005 m/0.008 rad cluster_weight=0.979 publish=true
[ground_truth_amcl_monitor-7] [INFO] [1789001837.136910015] [ground_truth_amcl_monitor]: AMCL vs GT: gt=(-1.503, 3.293) amcl=(-1.487, 3.311) error=0.024 m / 0.000 rad; current_map=(-1.486, 3.316, 2.115) error=0.028 m / 0.000 rad; odom=(-1.706, 3.296, 2.115) error=0.203 m / 0.000 rad; ekf=(-1.706, 3.296, 2.115) error=0.203 m / 0.000 rad; RMS=0.158 m / 0.038 rad max=0.701 m / 0.160 rad samples=911
[gpu_amcl_cpp_node-6] [INFO] [1789001837.230294476] [gpu_amcl_cpp]: AMCL odom delta: at_scan=(-0.286, -2.612, -2.451) baseline=(-0.213, -2.556, -2.526) delta=(-0.073, -0.056, 0.075) moved=true scan_age=0.050s
[component_container-9] [INFO] [1789001837.831472679] [pure_pursuit_node]: Pure Pursuit: pose=(-2.632, 3.781, -2.733) cte=0.007 closest=1504 target=1547 path_dist=0.007 heading_err=0.093 steer=0.412 speed=1.946
[gpu_amcl_cpp_node-6] [INFO] [1789001837.835783366] [gpu_amcl_cpp]: AMCL local correction: odom_prediction=(-2.538, 3.815, -2.844) scan=(-2.518, 3.820, -2.859) correction=0.020 m/0.015 rad cluster_weight=0.979 publish=true
[ground_truth_amcl_monitor-7] [INFO] [1789001838.157031516] [ground_truth_amcl_monitor]: AMCL vs GT: gt=(-2.961, 3.428) amcl=(-2.903, 3.505) error=0.096 m / 0.100 rad; current_map=(-2.963, 3.421, -2.148) error=0.008 m / 0.000 rad; odom=(-3.258, 3.413, -2.148) error=0.297 m / 0.000 rad; ekf=(-3.197, 3.497, -2.248) error=0.246 m / 0.100 rad; RMS=0.155 m / 0.040 rad max=0.701 m / 0.160 rad samples=950
[gpu_amcl_cpp_node-6] [INFO] [1789001838.256762022] [gpu_amcl_cpp]: AMCL odom delta: at_scan=(-0.071, -4.156, -0.406) baseline=(-0.167, -4.111, -0.487) delta=(0.095, -0.046, 0.080) moved=true scan_age=0.051s
[gpu_amcl_cpp_node-6] [INFO] [1789001838.758256727] [gpu_amcl_cpp]: Received LiDAR callback #498 (1081 ranges).
[gpu_amcl_cpp_node-6] [INFO] [1789001838.758320477] [gpu_amcl_cpp]: Starting AMCL scan update #498 (sampled from 1081 ranges).
[gpu_amcl_cpp_node-6] [INFO] [1789001838.759229607] [gpu_amcl_cpp]: AMCL scan update #498 completed; evaluating pose confidence.
[component_container-9] [INFO] [1789001838.856745698] [pure_pursuit_node]: Pure Pursuit: pose=(-3.309, 1.384, -1.645) cte=0.018 closest=1632 target=1679 path_dist=0.018 heading_err=-0.039 steer=-0.093 speed=3.226
[gpu_amcl_cpp_node-6] [INFO] [1789001838.862990223] [gpu_amcl_cpp]: AMCL local correction: odom_prediction=(-3.295, 1.546, -1.640) scan=(-3.299, 1.572, -1.628) correction=0.026 m/0.012 rad cluster_weight=0.961 publish=true
[ground_truth_amcl_monitor-7] [INFO] [1789001839.157540762] [ground_truth_amcl_monitor]: AMCL vs GT: gt=(-3.442, 0.601) amcl=(-3.390, 0.756) error=0.163 m / 0.057 rad; current_map=(-3.425, 0.628, -1.865) error=0.032 m / 0.000 rad; odom=(-3.710, 0.710, -1.809) error=0.290 m / 0.057 rad; ekf=(-3.710, 0.710, -1.809) error=0.290 m / 0.057 rad; RMS=0.154 m / 0.040 rad max=0.701 m / 0.160 rad samples=988
[gpu_amcl_cpp_node-6] [INFO] [1789001839.256782869] [gpu_amcl_cpp]: AMCL odom delta: at_scan=(2.778, -4.621, -0.420) baseline=(2.686, -4.583, -0.365) delta=(0.092, -0.038, -0.055) moved=true scan_age=0.050s
[component_container-9] [INFO] [1789001839.879414249] [pure_pursuit_node]: Pure Pursuit: pose=(-4.400, -0.462, -2.883) cte=-0.034 closest=1746 target=1790 path_dist=0.034 heading_err=0.073 steer=-0.346 speed=1.936
[gpu_amcl_cpp_node-6] [INFO] [1789001839.884235186] [gpu_amcl_cpp]: AMCL local correction: odom_prediction=(-4.306, -0.436, -2.803) scan=(-4.306, -0.433, -2.787) correction=0.002 m/0.015 rad cluster_weight=0.970 publish=true
[ground_truth_amcl_monitor-7] [INFO] [1789001840.181656655] [ground_truth_amcl_monitor]: AMCL vs GT: gt=(-4.884, -0.469) amcl=(-4.771, -0.482) error=0.114 m / 0.097 rad; current_map=(-4.866, -0.464, 2.911) error=0.019 m / 0.000 rad; odom=(-5.212, -0.477, 2.911) error=0.328 m / 0.000 rad; ekf=(-5.212, -0.477, 2.911) error=0.328 m / 0.000 rad; RMS=0.152 m / 0.041 rad max=0.701 m / 0.160 rad samples=1028
[gpu_amcl_cpp_node-6] [INFO] [1789001840.280711701] [gpu_amcl_cpp]: AMCL odom delta: at_scan=(3.573, -6.194, -1.994) baseline=(3.609, -6.104, -1.899) delta=(-0.036, -0.090, -0.095) moved=true scan_age=0.050s
[component_container-9] [INFO] [1789001840.879549531] [pure_pursuit_node]: Pure Pursuit: pose=(-5.902, 0.849, 1.819) cte=-0.058 closest=1856 target=1902 path_dist=0.058 heading_err=0.037 steer=-0.059 speed=3.765
[gpu_amcl_cpp_node-6] [INFO] [1789001840.885419922] [gpu_amcl_cpp]: AMCL local correction: odom_prediction=(-5.860, 0.699, 1.857) scan=(-5.865, 0.702, 1.856) correction=0.006 m/0.001 rad cluster_weight=0.972 publish=true
[ground_truth_amcl_monitor-7] [INFO] [1789001841.181934415] [ground_truth_amcl_monitor]: AMCL vs GT: gt=(-6.089, 1.813) amcl=(-6.047, 1.578) error=0.239 m / 0.013 rad; current_map=(-6.073, 1.773, 1.698) error=0.043 m / 0.000 rad; odom=(-6.421, 1.793, 1.698) error=0.332 m / 0.000 rad; ekf=(-6.421, 1.793, 1.698) error=0.332 m / 0.000 rad; RMS=0.151 m / 0.041 rad max=0.701 m / 0.160 rad samples=1068
[gpu_amcl_cpp_node-6] [INFO] [1789001841.280725664] [gpu_amcl_cpp]: AMCL odom delta: at_scan=(0.946, -7.270, -3.041) baseline=(1.161, -7.247, -3.026) delta=(-0.215, -0.023, -0.015) moved=true scan_age=0.050s
[component_container-9] [INFO] [1789001841.904780411] [pure_pursuit_node]: Pure Pursuit: pose=(-5.873, 5.265, 1.247) cte=0.009 closest=2079 target=2129 path_dist=0.009 heading_err=0.028 steer=-0.038 speed=3.745
[gpu_amcl_cpp_node-6] [INFO] [1789001841.908929685] [gpu_amcl_cpp]: AMCL local correction: odom_prediction=(-5.938, 5.067, 1.275) scan=(-5.937, 5.065, 1.282) correction=0.002 m/0.007 rad cluster_weight=0.989 publish=true
[ground_truth_amcl_monitor-7] [INFO] [1789001842.206640177] [ground_truth_amcl_monitor]: AMCL vs GT: gt=(-5.539, 6.215) amcl=(-5.603, 6.034) error=0.192 m / 0.066 rad; current_map=(-5.532, 6.170, 1.058) error=0.046 m / 0.000 rad; odom=(-5.937, 6.059, 1.124) error=0.427 m / 0.066 rad; ekf=(-5.937, 6.059, 1.124) error=0.427 m / 0.066 rad; RMS=0.153 m / 0.040 rad max=0.701 m / 0.160 rad samples=1108
[gpu_amcl_cpp_node-6] [INFO] [1789001842.305528880] [gpu_amcl_cpp]: AMCL odom delta: at_scan=(-3.257, -6.531, 2.553) baseline=(-3.154, -6.597, 2.584) delta=(-0.103, 0.066, -0.031) moved=true scan_age=0.050s
[component_container-9] [INFO] [1789001842.904882631] [pure_pursuit_node]: Pure Pursuit: pose=(-3.909, 7.533, 0.237) cte=-0.018 closest=2236 target=2283 path_dist=0.018 heading_err=0.014 steer=-0.122 speed=3.471
[gpu_amcl_cpp_node-6] [INFO] [1789001842.909133536] [gpu_amcl_cpp]: AMCL local correction: odom_prediction=(-4.068, 7.493, 0.321) scan=(-4.058, 7.493, 0.347) correction=0.009 m/0.026 rad cluster_weight=0.992 publish=true
[ground_truth_amcl_monitor-7] [INFO] [1789001843.207969565] [ground_truth_amcl_monitor]: AMCL vs GT: gt=(-3.041, 7.634) amcl=(-3.207, 7.628) error=0.166 m / 0.072 rad; current_map=(-3.035, 7.618, -0.091) error=0.016 m / 0.000 rad; odom=(-3.355, 7.612, -0.091) error=0.314 m / 0.000 rad; ekf=(-3.355, 7.612, -0.091) error=0.314 m / 0.000 rad; RMS=0.153 m / 0.040 rad max=0.701 m / 0.160 rad samples=1148
[gpu_amcl_cpp_node-6] [INFO] [1789001843.305952243] [gpu_amcl_cpp]: AMCL odom delta: at_scan=(-4.395, -3.813, 1.317) baseline=(-4.431, -3.981, 1.402) delta=(0.036, 0.168, -0.085) moved=true scan_age=0.049s
[gpu_amcl_cpp_node-6] [INFO] [1789001843.805461935] [gpu_amcl_cpp]: Received LiDAR callback #597 (1081 ranges).
[gpu_amcl_cpp_node-6] [INFO] [1789001843.805523010] [gpu_amcl_cpp]: Starting AMCL scan update #597 (sampled from 1081 ranges).
[gpu_amcl_cpp_node-6] [INFO] [1789001843.806352370] [gpu_amcl_cpp]: AMCL scan update #597 completed; evaluating pose confidence.
[component_container-9] [INFO] [1789001843.954315418] [pure_pursuit_node]: Pure Pursuit: pose=(-0.552, 5.848, -0.981) cte=-0.021 closest=2436 target=2487 path_dist=0.021 heading_err=-0.006 steer=-0.069 speed=5.385
[gpu_amcl_cpp_node-6] [INFO] [1789001843.958942189] [gpu_amcl_cpp]: AMCL local correction: odom_prediction=(-0.683, 6.040, -0.948) scan=(-0.696, 6.060, -0.943) correction=0.023 m/0.005 rad cluster_weight=0.979 publish=true
[ground_truth_amcl_monitor-7] [INFO] [1789001844.210752065] [ground_truth_amcl_monitor]: AMCL vs GT: gt=(-0.045, 4.898) amcl=(-0.055, 4.934) error=0.038 m / 0.000 rad; current_map=(-0.046, 4.907, -1.132) error=0.009 m / 0.000 rad; odom=(-0.338, 4.837, -1.132) error=0.300 m / 0.000 rad; ekf=(-0.338, 4.837, -1.132) error=0.300 m / 0.000 rad; RMS=0.153 m / 0.040 rad max=0.701 m / 0.160 rad samples=1189
[gpu_amcl_cpp_node-6] [INFO] [1789001844.355601898] [gpu_amcl_cpp]: AMCL odom delta: at_scan=(-0.897, -0.778, 0.404) baseline=(-1.169, -0.898, 0.431) delta=(0.272, 0.121, -0.028) moved=true scan_age=0.050s
[gpu_amcl_cpp_node-6] [WARN] [1789001844.558165365] [gpu_amcl_cpp]: No local AMCL cluster near odometry prediction; using causal odometry pose.
[component_container-9] [INFO] [1789001844.956410886] [pure_pursuit_node]: Pure Pursuit: pose=(1.337, 0.491, -1.402) cte=-0.095 closest=135 target=187 path_dist=0.095 heading_err=-0.031 steer=-0.117 speed=4.741
[gpu_amcl_cpp_node-6] [INFO] [1789001844.960827783] [gpu_amcl_cpp]: AMCL local correction: odom_prediction=(1.286, 0.767, -1.375) scan=(1.275, 0.795, -1.371) correction=0.030 m/0.004 rad cluster_weight=0.951 publish=true
[gpu_amcl_cpp_node-6] [WARN] [1789001845.110599763] [gpu_amcl_cpp]: Queued LiDAR scan until source-time odometry arrives (queued=1).
[ground_truth_amcl_monitor-7] [INFO] [1789001845.231570446] [ground_truth_amcl_monitor]: AMCL vs GT: gt=(1.422, -0.678) amcl=(1.392, -0.249) error=0.430 m / 0.043 rad; current_map=(1.386, -0.587, -1.610) error=0.098 m / 0.000 rad; odom=(1.120, -0.730, -1.610) error=0.306 m / 0.000 rad; ekf=(1.120, -0.730, -1.610) error=0.306 m / 0.000 rad; RMS=0.158 m / 0.040 rad max=0.701 m / 0.160 rad samples=1228
[gpu_amcl_cpp_node-6] [INFO] [1789001845.380538674] [gpu_amcl_cpp]: AMCL odom delta: at_scan=(4.684, 0.305, 0.018) baseline=(4.418, 0.305, -0.014) delta=(0.266, 0.001, 0.032) moved=true scan_age=0.050s
[component_container-9] [INFO] [1789001845.982384362] [pure_pursuit_node]: Pure Pursuit: pose=(1.010, -5.008, -1.706) cte=-0.036 closest=410 target=465 path_dist=0.036 heading_err=-0.046 steer=-0.075 speed=5.598
[gpu_amcl_cpp_node-6] [INFO] [1789001845.988538426] [gpu_amcl_cpp]: AMCL local correction: odom_prediction=(1.056, -4.690, -1.729) scan=(1.068, -4.659, -1.735) correction=0.033 m/0.006 rad cluster_weight=0.936 publish=true
[ground_truth_amcl_monitor-7] [INFO] [1789001846.261774608] [ground_truth_amcl_monitor]: AMCL vs GT: gt=(0.743, -6.202) amcl=(0.820, -5.913) error=0.299 m / 0.009 rad; current_map=(0.760, -6.174, -1.805) error=0.033 m / 0.000 rad; odom=(0.464, -6.214, -1.795) error=0.280 m / 0.009 rad; ekf=(0.464, -6.214, -1.795) error=0.280 m / 0.009 rad; RMS=0.160 m / 0.039 rad max=0.701 m / 0.160 rad samples=1268
[gpu_amcl_cpp_node-6] [INFO] [1789001846.381728840] [gpu_amcl_cpp]: AMCL odom delta: at_scan=(10.175, -0.519, -0.212) baseline=(9.958, -0.472, -0.216) delta=(0.217, -0.047, 0.004) moved=true scan_age=0.050s
[component_container-9] [INFO] [1789001847.029713091] [pure_pursuit_node]: Pure Pursuit: pose=(-0.001, -9.019, -1.966) cte=-0.045 closest=617 target=662 path_dist=0.045 heading_err=-0.031 steer=-0.185 speed=2.549
[gpu_amcl_cpp_node-6] [INFO] [1789001847.034999423] [gpu_amcl_cpp]: AMCL local correction: odom_prediction=(0.040, -8.920, -1.960) scan=(0.035, -8.924, -1.950) correction=0.007 m/0.010 rad cluster_weight=0.995 publish=true
[ground_truth_amcl_monitor-7] [INFO] [1789001847.302783712] [ground_truth_amcl_monitor]: AMCL vs GT: gt=(-0.168, -9.342) amcl=(-0.150, -9.319) error=0.029 m / 0.000 rad; current_map=(-0.153, -9.326, -2.100) error=0.021 m / 0.000 rad; odom=(-0.514, -9.622, -2.100) error=0.445 m / 0.000 rad; ekf=(-0.514, -9.622, -2.100) error=0.445 m / 0.000 rad; RMS=0.160 m / 0.039 rad max=0.701 m / 0.160 rad samples=1307
[gpu_amcl_cpp_node-6] [INFO] [1789001847.382993866] [gpu_amcl_cpp]: AMCL odom delta: at_scan=(13.078, -1.520, -0.692) baseline=(12.982, -1.446, -0.626) delta=(0.096, -0.074, -0.066) moved=true scan_age=0.052s
[component_container-9] [INFO] [1789001848.029727214] [pure_pursuit_node]: Pure Pursuit: pose=(-1.865, -10.040, 2.757) cte=-0.030 closest=734 target=779 path_dist=0.030 heading_err=0.002 steer=-0.256 speed=2.584
[gpu_amcl_cpp_node-6] [INFO] [1789001848.083687629] [gpu_amcl_cpp]: AMCL local correction: odom_prediction=(-1.881, -10.031, 2.749) scan=(-1.886, -10.032, 2.764) correction=0.005 m/0.015 rad cluster_weight=0.988 publish=true
[ground_truth_amcl_monitor-7] [INFO] [1789001848.331589214] [ground_truth_amcl_monitor]: AMCL vs GT: gt=(-2.377, -9.709) amcl=(-2.296, -9.764) error=0.098 m / 0.077 rad; current_map=(-2.386, -9.673, 2.311) error=0.037 m / 0.000 rad; odom=(-2.770, -9.988, 2.311) error=0.483 m / 0.000 rad; ekf=(-2.770, -9.988, 2.311) error=0.483 m / 0.000 rad; RMS=0.158 m / 0.040 rad max=0.701 m / 0.160 rad samples=1350
[gpu_amcl_cpp_node-6] [INFO] [1789001848.430571052] [gpu_amcl_cpp]: AMCL odom delta: at_scan=(12.938, -3.735, -2.539) baseline=(13.048, -3.654, -2.475) delta=(-0.110, -0.081, -0.065) moved=true scan_age=0.049s
[gpu_amcl_cpp_node-6] [INFO] [1789001848.830247003] [gpu_amcl_cpp]: Received LiDAR callback #697 (1081 ranges).
[gpu_amcl_cpp_node-6] [INFO] [1789001848.830305353] [gpu_amcl_cpp]: Starting AMCL scan update #697 (sampled from 1081 ranges).
[gpu_amcl_cpp_node-6] [INFO] [1789001848.831663297] [gpu_amcl_cpp]: AMCL scan update #697 completed; evaluating pose confidence.
[component_container-9] [INFO] [1789001849.079341001] [pure_pursuit_node]: Pure Pursuit: pose=(-3.164, -7.027, 1.538) cte=-0.004 closest=905 target=955 path_dist=0.004 heading_err=0.035 steer=-0.011 speed=4.999
[gpu_amcl_cpp_node-6] [INFO] [1789001849.083819604] [gpu_amcl_cpp]: AMCL local correction: odom_prediction=(-3.166, -7.247, 1.588) scan=(-3.174, -7.257, 1.600) correction=0.013 m/0.012 rad cluster_weight=0.994 publish=true
[ground_truth_amcl_monitor-7] [INFO] [1789001849.332391259] [ground_truth_amcl_monitor]: AMCL vs GT: gt=(-3.121, -6.060) amcl=(-3.122, -6.318) error=0.258 m / 0.026 rad; current_map=(-3.101, -6.072, 1.469) error=0.024 m / 0.000 rad; odom=(-3.501, -6.345, 1.469) error=0.475 m / 0.000 rad; ekf=(-3.501, -6.345, 1.469) error=0.475 m / 0.000 rad; RMS=0.158 m / 0.040 rad max=0.701 m / 0.160 rad samples=1390
[gpu_amcl_cpp_node-6] [INFO] [1789001849.480689427] [gpu_amcl_cpp]: AMCL odom delta: at_scan=(8.756, -4.163, 2.867) baseline=(8.997, -4.223, 2.927) delta=(-0.241, 0.060, -0.060) moved=true scan_age=0.050s
[component_container-9] [INFO] [1789001850.129386669] [pure_pursuit_node]: Pure Pursuit: pose=(-1.980, -1.673, 1.315) cte=-0.028 closest=1180 target=1234 path_dist=0.028 heading_err=0.002 steer=0.000 speed=5.472
[gpu_amcl_cpp_node-6] [INFO] [1789001850.134128818] [gpu_amcl_cpp]: AMCL local correction: odom_prediction=(-2.055, -1.976, 1.348) scan=(-2.058, -1.977, 1.345) correction=0.003 m/0.003 rad cluster_weight=0.945 publish=true
[ground_truth_amcl_monitor-7] [INFO] [1789001850.336813262] [ground_truth_amcl_monitor]: AMCL vs GT: gt=(-1.772, -0.887) amcl=(-1.762, -0.884) error=0.010 m / 0.000 rad; current_map=(-1.758, -0.869, 1.316) error=0.022 m / 0.000 rad; odom=(-2.135, -1.109, 1.316) error=0.426 m / 0.000 rad; ekf=(-2.135, -1.109, 1.316) error=0.426 m / 0.000 rad; RMS=0.159 m / 0.039 rad max=0.701 m / 0.160 rad samples=1431
[gpu_amcl_cpp_node-6] [INFO] [1789001850.530874398] [gpu_amcl_cpp]: AMCL odom delta: at_scan=(3.380, -2.748, 2.941) baseline=(3.578, -2.787, 2.953) delta=(-0.198, 0.039, -0.012) moved=true scan_age=0.050s
[component_container-9] [INFO] [1789001851.179355533] [pure_pursuit_node]: Pure Pursuit: pose=(-1.231, 2.483, 1.599) cte=0.045 closest=1392 target=1437 path_dist=0.045 heading_err=0.068 steer=0.240 speed=1.982
[gpu_amcl_cpp_node-6] [INFO] [1789001851.183700104] [gpu_amcl_cpp]: AMCL local correction: odom_prediction=(-1.227, 2.334, 1.581) scan=(-1.223, 2.335, 1.578) correction=0.005 m/0.004 rad cluster_weight=0.976 publish=true
[ground_truth_amcl_monitor-7] [INFO] [1789001851.338952191] [ground_truth_amcl_monitor]: AMCL vs GT: gt=(-1.270, 2.652) amcl=(-1.251, 2.682) error=0.037 m / 0.000 rad; current_map=(-1.249, 2.679, 1.741) error=0.035 m / 0.000 rad; odom=(-1.637, 2.427, 1.741) error=0.430 m / 0.000 rad; ekf=(-1.637, 2.427, 1.741) error=0.430 m / 0.000 rad; RMS=0.158 m / 0.039 rad max=0.701 m / 0.160 rad samples=1471
[gpu_amcl_cpp_node-6] [INFO] [1789001851.580586799] [gpu_amcl_cpp]: AMCL odom delta: at_scan=(0.314, -2.554, -2.770) baseline=(0.401, -2.522, -2.812) delta=(-0.087, -0.032, 0.042) moved=true scan_age=0.050s
[component_container-9] [INFO] [1789001852.179562940] [pure_pursuit_node]: Pure Pursuit: pose=(-2.200, 3.843, 2.990) cte=-0.010 closest=1482 target=1525 path_dist=0.010 heading_err=0.080 steer=0.432 speed=1.885
[gpu_amcl_cpp_node-6] [INFO] [1789001852.184466973] [gpu_amcl_cpp]: AMCL local correction: odom_prediction=(-2.113, 3.828, 2.886) scan=(-2.112, 3.830, 2.866) correction=0.002 m/0.020 rad cluster_weight=0.977 publish=true
[ground_truth_amcl_monitor-7] [INFO] [1789001852.381496030] [ground_truth_amcl_monitor]: AMCL vs GT: gt=(-2.442, 3.797) amcl=(-2.368, 3.857) error=0.095 m / 0.111 rad; current_map=(-2.457, 3.844, -2.947) error=0.049 m / 0.000 rad; odom=(-2.864, 3.600, -2.947) error=0.466 m / 0.000 rad; ekf=(-2.864, 3.600, -2.947) error=0.466 m / 0.000 rad; RMS=0.156 m / 0.040 rad max=0.701 m / 0.160 rad samples=1512
[gpu_amcl_cpp_node-6] [INFO] [1789001852.630688984] [gpu_amcl_cpp]: AMCL odom delta: at_scan=(-0.231, -4.071, -0.821) baseline=(-0.292, -3.999, -0.928) delta=(0.060, -0.072, 0.107) moved=true scan_age=0.050s
[component_container-9] [INFO] [1789001853.180629772] [pure_pursuit_node]: Pure Pursuit: pose=(-3.238, 2.239, -1.657) cte=0.049 closest=1589 target=1635 path_dist=0.049 heading_err=-0.036 steer=0.010 speed=3.468
[gpu_amcl_cpp_node-6] [INFO] [1789001853.184909661] [gpu_amcl_cpp]: AMCL local correction: odom_prediction=(-3.224, 2.381, -1.672) scan=(-3.222, 2.380, -1.667) correction=0.003 m/0.006 rad cluster_weight=0.946 publish=true
[ground_truth_amcl_monitor-7] [INFO] [1789001853.381675955] [ground_truth_amcl_monitor]: AMCL vs GT: gt=(-3.296, 1.753) amcl=(-3.269, 1.913) error=0.163 m / 0.004 rad; current_map=(-3.282, 1.745, -1.648) error=0.016 m / 0.000 rad; odom=(-3.746, 1.724, -1.652) error=0.451 m / 0.004 rad; ekf=(-3.746, 1.724, -1.652) error=0.451 m / 0.004 rad; RMS=0.154 m / 0.040 rad max=0.701 m / 0.160 rad samples=1552
[gpu_amcl_cpp_node-6] [INFO] [1789001853.680483991] [gpu_amcl_cpp]: AMCL odom delta: at_scan=(2.543, -4.681, -0.243) baseline=(2.416, -4.652, -0.198) delta=(0.127, -0.029, -0.045) moved=true scan_age=0.050s
[gpu_amcl_cpp_node-6] [INFO] [1789001853.831110067] [gpu_amcl_cpp]: Received LiDAR callback #797 (1081 ranges).
[gpu_amcl_cpp_node-6] [INFO] [1789001853.831165702] [gpu_amcl_cpp]: Starting AMCL scan update #797 (sampled from 1081 ranges).
[gpu_amcl_cpp_node-6] [INFO] [1789001853.832284165] [gpu_amcl_cpp]: AMCL scan update #797 completed; evaluating pose confidence.
[gpu_amcl_cpp_node-6] [INFO] [1789001854.185139780] [gpu_amcl_cpp]: AMCL local correction: odom_prediction=(-3.863, -0.127, -2.357) scan=(-3.864, -0.143, -2.343) correction=0.015 m/0.014 rad cluster_weight=0.986 publish=true
[component_container-9] [INFO] [1789001854.228801115] [pure_pursuit_node]: Pure Pursuit: pose=(-4.007, -0.251, -2.509) cte=-0.005 closest=1724 target=1768 path_dist=0.005 heading_err=-0.041 steer=-0.262 speed=1.970
[ground_truth_amcl_monitor-7] [INFO] [1789001854.386647000] [ground_truth_amcl_monitor]: AMCL vs GT: gt=(-4.195, -0.359) amcl=(-4.166, -0.366) error=0.030 m / 0.000 rad; current_map=(-4.165, -0.366, -2.658) error=0.030 m / 0.000 rad; odom=(-4.668, -0.550, -2.658) error=0.510 m / 0.000 rad; ekf=(-4.668, -0.550, -2.658) error=0.510 m / 0.000 rad; RMS=0.153 m / 0.040 rad max=0.701 m / 0.160 rad samples=1593
[gpu_amcl_cpp_node-6] [INFO] [1789001854.681180066] [gpu_amcl_cpp]: AMCL odom delta: at_scan=(3.830, -6.027, -1.642) baseline=(3.832, -5.931, -1.546) delta=(-0.002, -0.096, -0.095) moved=true scan_age=0.050s
[gpu_amcl_cpp_node-6] [INFO] [1789001855.185412699] [gpu_amcl_cpp]: AMCL local correction: odom_prediction=(-5.539, 0.020, 2.179) scan=(-5.542, 0.039, 2.191) correction=0.019 m/0.012 rad cluster_weight=0.973 publish=true
[component_container-9] [INFO] [1789001855.231670567] [pure_pursuit_node]: Pure Pursuit: pose=(-5.662, 0.228, 2.028) cte=-0.047 closest=1823 target=1868 path_dist=0.047 heading_err=-0.005 steer=-0.114 speed=3.132
[ground_truth_amcl_monitor-7] [INFO] [1789001855.387366529] [ground_truth_amcl_monitor]: AMCL vs GT: gt=(-5.806, 0.518) amcl=(-5.791, 0.515) error=0.016 m / 0.000 rad; current_map=(-5.787, 0.512, 1.925) error=0.020 m / 0.000 rad; odom=(-6.311, 0.325, 1.925) error=0.541 m / 0.000 rad; ekf=(-6.311, 0.325, 1.925) error=0.541 m / 0.000 rad; RMS=0.152 m / 0.041 rad max=0.701 m / 0.160 rad samples=1633
[gpu_amcl_cpp_node-6] [INFO] [1789001855.681678118] [gpu_amcl_cpp]: AMCL odom delta: at_scan=(1.822, -7.356, -2.991) baseline=(2.018, -7.324, -2.967) delta=(-0.196, -0.032, -0.024) moved=true scan_age=0.050s
[gpu_amcl_cpp_node-6] [INFO] [1789001856.233565587] [gpu_amcl_cpp]: AMCL local correction: odom_prediction=(-6.139, 3.997, 1.495) scan=(-6.133, 3.959, 1.503) correction=0.038 m/0.009 rad cluster_weight=0.979 publish=true
[component_container-9] [INFO] [1789001856.279205824] [pure_pursuit_node]: Pure Pursuit: pose=(-6.082, 4.457, 1.398) cte=-0.014 closest=2037 target=2088 path_dist=0.014 heading_err=0.013 steer=-0.048 speed=4.312
[ground_truth_amcl_monitor-7] [INFO] [1789001856.431474549] [ground_truth_amcl_monitor]: AMCL vs GT: gt=(-5.997, 4.918) amcl=(-6.041, 4.658) error=0.263 m / 0.032 rad; current_map=(-5.991, 4.855, 1.305) error=0.063 m / 0.000 rad; odom=(-6.492, 4.727, 1.305) error=0.531 m / 0.000 rad; ekf=(-6.492, 4.727, 1.305) error=0.531 m / 0.000 rad; RMS=0.153 m / 0.040 rad max=0.701 m / 0.160 rad samples=1674
[gpu_amcl_cpp_node-6] [INFO] [1789001856.730232631] [gpu_amcl_cpp]: AMCL odom delta: at_scan=(-2.667, -6.937, 2.670) baseline=(-2.521, -7.005, 2.749) delta=(-0.145, 0.067, -0.079) moved=true scan_age=0.050s
[gpu_amcl_cpp_node-6] [INFO] [1789001857.233662755] [gpu_amcl_cpp]: AMCL local correction: odom_prediction=(-4.794, 7.096, 0.641) scan=(-4.802, 7.087, 0.662) correction=0.011 m/0.021 rad cluster_weight=0.997 publish=true
[component_container-9] [INFO] [1789001857.279354068] [pure_pursuit_node]: Pure Pursuit: pose=(-4.552, 7.260, 0.554) cte=-0.022 closest=2201 target=2247 path_dist=0.022 heading_err=-0.018 steer=-0.168 speed=3.288
[ground_truth_amcl_monitor-7] [INFO] [1789001857.432254512] [ground_truth_amcl_monitor]: AMCL vs GT: gt=(-4.241, 7.447) amcl=(-4.419, 7.340) error=0.208 m / 0.081 rad; current_map=(-4.266, 7.411, 0.395) error=0.043 m / 0.000 rad; odom=(-4.892, 7.163, 0.476) error=0.710 m / 0.081 rad; ekf=(-4.892, 7.163, 0.476) error=0.710 m / 0.081 rad; RMS=0.153 m / 0.040 rad max=0.701 m / 0.160 rad samples=1714
[gpu_amcl_cpp_node-6] [INFO] [1789001857.731005080] [gpu_amcl_cpp]: AMCL odom delta: at_scan=(-4.273, -4.562, 1.578) baseline=(-4.265, -4.734, 1.653) delta=(-0.008, 0.171, -0.075) moved=true scan_age=0.050s
[gpu_amcl_cpp_node-6] [INFO] [1789001858.234553496] [gpu_amcl_cpp]: AMCL local correction: odom_prediction=(-1.632, 7.058, -0.674) scan=(-1.633, 7.069, -0.666) correction=0.011 m/0.008 rad cluster_weight=0.972 publish=true
[component_container-9] [INFO] [1789001858.279409397] [pure_pursuit_node]: Pure Pursuit: pose=(-1.331, 6.796, -0.760) cte=-0.023 closest=2375 target=2423 path_dist=0.023 heading_err=0.015 steer=-0.083 speed=4.622
[ground_truth_amcl_monitor-7] [INFO] [1789001858.436226658] [ground_truth_amcl_monitor]: AMCL vs GT: gt=(-1.027, 6.475) amcl=(-1.025, 6.482) error=0.008 m / 0.000 rad; current_map=(-1.040, 6.498, -0.845) error=0.027 m / 0.000 rad; odom=(-1.507, 6.245, -0.845) error=0.532 m / 0.000 rad; ekf=(-1.507, 6.245, -0.845) error=0.532 m / 0.000 rad; RMS=0.152 m / 0.040 rad max=0.701 m / 0.160 rad samples=1755
[gpu_amcl_cpp_node-6] [INFO] [1789001858.780902027] [gpu_amcl_cpp]: AMCL odom delta: at_scan=(-1.631, -1.372, 0.497) baseline=(-1.870, -1.504, 0.513) delta=(0.239, 0.132, -0.017) moved=true scan_age=0.050s
[gpu_amcl_cpp_node-6] [INFO] [1789001858.880608197] [gpu_amcl_cpp]: Received LiDAR callback #898 (1081 ranges).
[gpu_amcl_cpp_node-6] [INFO] [1789001858.880670825] [gpu_amcl_cpp]: Starting AMCL scan update #898 (sampled from 1081 ranges).
[gpu_amcl_cpp_node-6] [INFO] [1789001858.881291372] [gpu_amcl_cpp]: AMCL scan update #898 completed; evaluating pose confidence.
[gpu_amcl_cpp_node-6] [INFO] [1789001859.283304028] [gpu_amcl_cpp]: AMCL local correction: odom_prediction=(0.866, 2.382, -1.303) scan=(0.864, 2.445, -1.304) correction=0.063 m/0.001 rad cluster_weight=0.944 publish=true
[component_container-9] [INFO] [1789001859.329915180] [pure_pursuit_node]: Pure Pursuit: pose=(0.983, 1.817, -1.428) cte=0.012 closest=67 target=120 path_dist=0.012 heading_err=0.082 steer=0.067 speed=6.230
[ground_truth_amcl_monitor-7] [INFO] [1789001859.436757311] [ground_truth_amcl_monitor]: AMCL vs GT: gt=(1.056, 1.601) amcl=(1.047, 1.606) error=0.011 m / 0.000 rad; current_map=(1.051, 1.573, -1.380) error=0.029 m / 0.000 rad; odom=(0.594, 1.303, -1.380) error=0.550 m / 0.000 rad; ekf=(0.594, 1.303, -1.380) error=0.550 m / 0.000 rad; RMS=0.153 m / 0.040 rad max=0.701 m / 0.160 rad samples=1795
[gpu_amcl_cpp_node-6] [WARN] [1789001859.584128526] [gpu_amcl_cpp]: No local AMCL cluster near odometry prediction; using causal odometry pose.
[gpu_amcl_cpp_node-6] [INFO] [1789001859.685169646] [gpu_amcl_cpp]: AMCL recovery candidate: pose=(1.312, 0.089, -1.413) weight=0.879 stable_scans=1/3 odom_prediction=(1.331, 0.112).
[gpu_amcl_cpp_node-6] [INFO] [1789001859.831098378] [gpu_amcl_cpp]: AMCL odom delta: at_scan=(4.262, 0.178, 0.040) baseline=(3.981, 0.161, 0.082) delta=(0.281, 0.017, -0.043) moved=true scan_age=0.050s
[gpu_amcl_cpp_node-6] [INFO] [1789001860.283677715] [gpu_amcl_cpp]: AMCL local correction: odom_prediction=(1.307, -3.285, -1.677) scan=(1.309, -3.258, -1.682) correction=0.026 m/0.004 rad cluster_weight=0.920 publish=true
[component_container-9] [INFO] [1789001860.379274176] [pure_pursuit_node]: Pure Pursuit: pose=(1.224, -4.021, -1.667) cte=-0.085 closest=360 target=411 path_dist=0.085 heading_err=-0.052 steer=-0.128 speed=4.615
[ground_truth_amcl_monitor-7] [INFO] [1789001860.480823873] [ground_truth_amcl_monitor]: AMCL vs GT: gt=(1.169, -4.281) amcl=(1.223, -3.939) error=0.346 m / 0.006 rad; current_map=(1.188, -4.180, -1.720) error=0.103 m / 0.000 rad; odom=(0.736, -4.348, -1.715) error=0.438 m / 0.006 rad; ekf=(0.736, -4.348, -1.715) error=0.438 m / 0.006 rad; RMS=0.155 m / 0.040 rad max=0.701 m / 0.160 rad samples=1836
[gpu_amcl_cpp_node-6] [INFO] [1789001860.880209187] [gpu_amcl_cpp]: AMCL odom delta: at_scan=(9.609, -0.503, -0.238) baseline=(9.363, -0.443, -0.239) delta=(0.246, -0.060, 0.001) moved=true scan_age=0.049s
[gpu_amcl_cpp_node-6] [INFO] [1789001861.286715403] [gpu_amcl_cpp]: AMCL local correction: odom_prediction=(0.461, -7.470, -1.803) scan=(0.471, -7.434, -1.807) correction=0.036 m/0.003 rad cluster_weight=0.978 publish=true
[component_container-9] [INFO] [1789001861.382590969] [pure_pursuit_node]: Pure Pursuit: pose=(0.336, -8.019, -1.775) cte=-0.035 closest=565 target=613 path_dist=0.035 heading_err=-0.069 steer=-0.142 speed=3.479
[ground_truth_amcl_monitor-7] [INFO] [1789001861.483499580] [ground_truth_amcl_monitor]: AMCL vs GT: gt=(0.278, -8.185) amcl=(0.342, -7.980) error=0.215 m / 0.011 rad; current_map=(0.296, -8.154, -1.836) error=0.036 m / 0.000 rad; odom=(-0.199, -8.538, -1.826) error=0.594 m / 0.011 rad; ekf=(-0.199, -8.538, -1.826) error=0.594 m / 0.011 rad; RMS=0.155 m / 0.039 rad max=0.701 m / 0.160 rad samples=1876
[gpu_amcl_cpp_node-6] [INFO] [1789001861.880479951] [gpu_amcl_cpp]: AMCL odom delta: at_scan=(12.932, -1.444, -0.490) baseline=(12.823, -1.387, -0.461) delta=(0.109, -0.056, -0.029) moved=true scan_age=0.049s
[gpu_amcl_cpp_node-6] [INFO] [1789001862.333555652] [gpu_amcl_cpp]: AMCL local correction: odom_prediction=(-0.803, -9.987, -2.669) scan=(-0.795, -9.991, -2.648) correction=0.009 m/0.021 rad cluster_weight=1.000 publish=true
[component_container-9] [INFO] [1789001862.429420908] [pure_pursuit_node]: Pure Pursuit: pose=(-1.142, -10.107, -2.960) cte=-0.024 closest=698 target=743 path_dist=0.024 heading_err=0.006 steer=-0.258 speed=2.468
[ground_truth_amcl_monitor-7] [INFO] [1789001862.486212928] [ground_truth_amcl_monitor]: AMCL vs GT: gt=(-1.169, -10.136) amcl=(-1.145, -10.112) error=0.034 m / 0.000 rad; current_map=(-1.141, -10.111, -2.943) error=0.038 m / 0.000 rad; odom=(-1.720, -10.681, -2.943) error=0.775 m / 0.000 rad; ekf=(-1.720, -10.681, -2.943) error=0.775 m / 0.000 rad; RMS=0.155 m / 0.039 rad max=0.701 m / 0.160 rad samples=1917
[gpu_amcl_cpp_node-6] [INFO] [1789001862.930435168] [gpu_amcl_cpp]: AMCL odom delta: at_scan=(13.583, -3.564, -2.238) baseline=(13.656, -3.463, -2.148) delta=(-0.072, -0.101, -0.090) moved=true scan_age=0.050s
[gpu_amcl_cpp_node-6] [INFO] [1789001863.334575395] [gpu_amcl_cpp]: AMCL local correction: odom_prediction=(-2.819, -8.964, 1.970) scan=(-2.827, -8.955, 1.977) correction=0.012 m/0.008 rad cluster_weight=0.976 publish=true
[component_container-9] [INFO] [1789001863.431505253] [pure_pursuit_node]: Pure Pursuit: pose=(-2.992, -8.469, 1.833) cte=-0.027 closest=833 target=880 path_dist=0.027 heading_err=0.039 steer=-0.069 speed=4.163
[ground_truth_amcl_monitor-7] [INFO] [1789001863.487438318] [ground_truth_amcl_monitor]: AMCL vs GT: gt=(-2.999, -8.464) amcl=(-2.999, -8.450) error=0.014 m / 0.000 rad; current_map=(-2.997, -8.449, 1.839) error=0.015 m / 0.000 rad; odom=(-3.571, -9.011, 1.839) error=0.791 m / 0.000 rad; ekf=(-3.571, -9.011, 1.839) error=0.791 m / 0.000 rad; RMS=0.154 m / 0.040 rad max=0.701 m / 0.160 rad samples=1957
[gpu_amcl_cpp_node-6] [INFO] [1789001863.880673735] [gpu_amcl_cpp]: Received LiDAR callback #998 (1081 ranges).
[gpu_amcl_cpp_node-6] [INFO] [1789001863.880734399] [gpu_amcl_cpp]: Starting AMCL scan update #998 (sampled from 1081 ranges).
[gpu_amcl_cpp_node-6] [INFO] [1789001863.881293871] [gpu_amcl_cpp]: AMCL scan update #998 completed; evaluating pose confidence.
[gpu_amcl_cpp_node-6] [INFO] [1789001863.931690694] [gpu_amcl_cpp]: AMCL odom delta: at_scan=(10.264, -4.529, 3.067) baseline=(10.505, -4.542, 3.109) delta=(-0.241, 0.013, -0.042) moved=true scan_age=0.051s
[gpu_amcl_cpp_node-6] [INFO] [1789001864.383594961] [gpu_amcl_cpp]: AMCL local correction: odom_prediction=(-2.718, -4.364, 1.244) scan=(-2.719, -4.371, 1.244) correction=0.007 m/0.000 rad cluster_weight=0.952 publish=true
[component_container-9] [INFO] [1789001864.479078119] [pure_pursuit_node]: Pure Pursuit: pose=(-2.450, -3.641, 1.179) cte=0.031 closest=1079 target=1130 path_dist=0.031 heading_err=0.119 steer=0.131 speed=4.890
[ground_truth_amcl_monitor-7] [INFO] [1789001864.531802319] [ground_truth_amcl_monitor]: AMCL vs GT: gt=(-2.475, -3.637) amcl=(-2.542, -3.874) error=0.246 m / 0.012 rad; current_map=(-2.452, -3.620, 1.236) error=0.028 m / 0.000 rad; odom=(-3.028, -4.147, 1.236) error=0.752 m / 0.000 rad; ekf=(-3.028, -4.147, 1.236) error=0.752 m / 0.000 rad; RMS=0.154 m / 0.039 rad max=0.701 m / 0.160 rad samples=1996
[gpu_amcl_cpp_node-6] [INFO] [1789001864.980191896] [gpu_amcl_cpp]: AMCL odom delta: at_scan=(5.195, -3.216, 2.916) baseline=(5.434, -3.271, 2.913) delta=(-0.240, 0.055, 0.003) moved=true scan_age=0.050s
[gpu_amcl_cpp_node-6] [INFO] [1789001865.385782089] [gpu_amcl_cpp]: AMCL local correction: odom_prediction=(-1.478, 0.193, 1.370) scan=(-1.479, 0.201, 1.365) correction=0.008 m/0.005 rad cluster_weight=0.931 publish=true
[component_container-9] [INFO] [1789001865.481125574] [pure_pursuit_node]: Pure Pursuit: pose=(-1.364, 0.742, 1.339) cte=0.051 closest=1305 target=1352 path_dist=0.051 heading_err=0.062 steer=0.130 speed=3.427
[ground_truth_amcl_monitor-7] [INFO] [1789001865.532522438] [ground_truth_amcl_monitor]: AMCL vs GT: gt=(-1.382, 0.749) amcl=(-1.409, 0.582) error=0.169 m / 0.016 rad; current_map=(-1.376, 0.767, 1.401) error=0.019 m / 0.000 rad; odom=(-1.942, 0.225, 1.401) error=0.767 m / 0.000 rad; ekf=(-1.942, 0.225, 1.401) error=0.767 m / 0.000 rad; RMS=0.155 m / 0.039 rad max=0.701 m / 0.160 rad samples=2036
[gpu_amcl_cpp_node-6] [INFO] [1789001865.980385314] [gpu_amcl_cpp]: AMCL odom delta: at_scan=(1.428, -2.589, -3.129) baseline=(1.582, -2.590, 3.119) delta=(-0.154, 0.001, 0.034) moved=true scan_age=0.050s
[gpu_amcl_cpp_node-6] [INFO] [1789001866.433600116] [gpu_amcl_cpp]: AMCL local correction: odom_prediction=(-1.396, 3.157, 1.991) scan=(-1.393, 3.148, 1.984) correction=0.009 m/0.007 rad cluster_weight=0.981 publish=true
[component_container-9] [INFO] [1789001866.529117208] [pure_pursuit_node]: Pure Pursuit: pose=(-1.527, 3.391, 2.178) cte=0.013 closest=1439 target=1482 path_dist=0.013 heading_err=-0.120 steer=0.276 speed=1.878
[ground_truth_amcl_monitor-7] [INFO] [1789001866.535888553] [ground_truth_amcl_monitor]: AMCL vs GT: gt=(-1.494, 3.294) amcl=(-1.481, 3.305) error=0.017 m / 0.000 rad; current_map=(-1.479, 3.309, 2.103) error=0.021 m / 0.000 rad; odom=(-2.056, 2.767, 2.103) error=0.770 m / 0.000 rad; ekf=(-2.056, 2.767, 2.103) error=0.770 m / 0.000 rad; RMS=0.154 m / 0.039 rad max=0.701 m / 0.160 rad samples=2077
[gpu_amcl_cpp_node-6] [INFO] [1789001866.980551631] [gpu_amcl_cpp]: AMCL odom delta: at_scan=(-0.116, -3.476, -1.843) baseline=(-0.088, -3.392, -1.946) delta=(-0.028, -0.084, 0.104) moved=true scan_age=0.050s
[gpu_amcl_cpp_node-6] [INFO] [1789001867.434072669] [gpu_amcl_cpp]: AMCL local correction: odom_prediction=(-2.818, 3.631, -2.403) scan=(-2.797, 3.629, -2.410) correction=0.021 m/0.007 rad cluster_weight=0.986 publish=true
[component_container-9] [INFO] [1789001867.529509700] [pure_pursuit_node]: Pure Pursuit: pose=(-2.988, 3.408, -2.108) cte=0.011 closest=1530 target=1573 path_dist=0.011 heading_err=0.089 steer=0.234 speed=2.229
[ground_truth_amcl_monitor-7] [INFO] [1789001867.536822363] [ground_truth_amcl_monitor]: AMCL vs GT: gt=(-2.926, 3.479) amcl=(-2.920, 3.484) error=0.008 m / 0.000 rad; current_map=(-2.928, 3.484, -2.203) error=0.006 m / 0.000 rad; odom=(-3.583, 2.939, -2.203) error=0.850 m / 0.000 rad; ekf=(-3.583, 2.939, -2.203) error=0.850 m / 0.000 rad; RMS=0.152 m / 0.040 rad max=0.701 m / 0.160 rad samples=2117
[gpu_amcl_cpp_node-6] [INFO] [1789001868.030177959] [gpu_amcl_cpp]: AMCL odom delta: at_scan=(1.369, -4.704, -0.091) baseline=(1.219, -4.689, -0.110) delta=(0.150, -0.015, 0.019) moved=true scan_age=0.050s
[gpu_amcl_cpp_node-6] [INFO] [1789001868.434085307] [gpu_amcl_cpp]: AMCL local correction: odom_prediction=(-3.358, 1.007, -1.743) scan=(-3.357, 1.023, -1.728) correction=0.017 m/0.015 rad cluster_weight=0.984 publish=true
[component_container-9] [INFO] [1789001868.578613294] [pure_pursuit_node]: Pure Pursuit: pose=(-3.488, 0.525, -1.936) cte=0.028 closest=1677 target=1721 path_dist=0.028 heading_err=0.014 steer=-0.150 speed=1.996
[ground_truth_amcl_monitor-7] [INFO] [1789001868.581197855] [ground_truth_amcl_monitor]: AMCL vs GT: gt=(-3.472, 0.589) amcl=(-3.418, 0.748) error=0.167 m / 0.049 rad; current_map=(-3.452, 0.637, -1.895) error=0.052 m / 0.000 rad; odom=(-4.125, 0.092, -1.895) error=0.821 m / 0.000 rad; ekf=(-4.125, 0.092, -1.895) error=0.821 m / 0.000 rad; RMS=0.152 m / 0.040 rad max=0.701 m / 0.160 rad samples=2158
[gpu_amcl_cpp_node-6] [INFO] [1789001868.881674459] [gpu_amcl_cpp]: AMCL scan update #1097 completed; evaluating pose confidence.
[gpu_amcl_cpp_node-6] [INFO] [1789001868.930346658] [gpu_amcl_cpp]: Received LiDAR callback #1098 (1081 ranges).
[gpu_amcl_cpp_node-6] [INFO] [1789001868.930413574] [gpu_amcl_cpp]: Starting AMCL scan update #1098 (sampled from 1081 ranges).
[gpu_amcl_cpp_node-6] [INFO] [1789001869.080862727] [gpu_amcl_cpp]: AMCL odom delta: at_scan=(3.851, -5.406, -0.841) baseline=(3.786, -5.338, -0.770) delta=(0.065, -0.068, -0.071) moved=true scan_age=0.051s
[gpu_amcl_cpp_node-6] [INFO] [1789001869.485730311] [gpu_amcl_cpp]: AMCL local correction: odom_prediction=(-4.603, -0.482, -3.100) scan=(-4.597, -0.485, -3.079) correction=0.007 m/0.021 rad cluster_weight=0.984 publish=true
[component_container-9] [INFO] [1789001869.579309157] [pure_pursuit_node]: Pure Pursuit: pose=(-4.885, -0.456, 2.905) cte=0.009 closest=1771 target=1814 path_dist=0.009 heading_err=-0.018 steer=-0.333 speed=2.023
[ground_truth_amcl_monitor-7] [INFO] [1789001869.581551354] [ground_truth_amcl_monitor]: AMCL vs GT: gt=(-4.812, -0.468) amcl=(-4.693, -0.492) error=0.122 m / 0.092 rad; current_map=(-4.786, -0.482, 2.995) error=0.030 m / 0.000 rad; odom=(-5.499, -0.984, 2.995) error=0.859 m / 0.000 rad; ekf=(-5.499, -0.984, 2.995) error=0.859 m / 0.000 rad; RMS=0.151 m / 0.040 rad max=0.701 m / 0.160 rad samples=2198
[gpu_amcl_cpp_node-6] [INFO] [1789001870.130105243] [gpu_amcl_cpp]: AMCL odom delta: at_scan=(3.442, -7.182, -2.665) baseline=(3.552, -7.120, -2.595) delta=(-0.111, -0.062, -0.070) moved=true scan_age=0.050s
[gpu_amcl_cpp_node-6] [INFO] [1789001870.532711965] [gpu_amcl_cpp]: AMCL local correction: odom_prediction=(-6.034, 1.478, 1.728) scan=(-6.032, 1.466, 1.726) correction=0.012 m/0.001 rad cluster_weight=0.930 publish=true
[ground_truth_amcl_monitor-7] [INFO] [1789001870.585506867] [ground_truth_amcl_monitor]: AMCL vs GT: gt=(-6.074, 1.680) amcl=(-6.062, 1.654) error=0.029 m / 0.000 rad; current_map=(-6.060, 1.659, 1.704) error=0.025 m / 0.000 rad; odom=(-6.767, 1.151, 1.704) error=0.871 m / 0.000 rad; ekf=(-6.767, 1.151, 1.704) error=0.871 m / 0.000 rad; RMS=0.150 m / 0.040 rad max=0.701 m / 0.160 rad samples=2239
[component_container-9] [INFO] [1789001870.630486341] [pure_pursuit_node]: Pure Pursuit: pose=(-6.107, 2.059, 1.672) cte=-0.015 closest=1917 target=1966 path_dist=0.015 heading_err=0.025 steer=-0.031 speed=4.716
[gpu_amcl_cpp_node-6] [INFO] [1789001871.131869805] [gpu_amcl_cpp]: AMCL odom delta: at_scan=(-0.551, -7.615, 3.036) baseline=(-0.307, -7.637, 3.065) delta=(-0.244, 0.022, -0.030) moved=true scan_age=0.050s
[gpu_amcl_cpp_node-6] [INFO] [1789001871.533134854] [gpu_amcl_cpp]: AMCL local correction: odom_prediction=(-5.718, 5.742, 1.189) scan=(-5.716, 5.750, 1.197) correction=0.008 m/0.008 rad cluster_weight=0.994 publish=true
[ground_truth_amcl_monitor-7] [INFO] [1789001871.586342953] [ground_truth_amcl_monitor]: AMCL vs GT: gt=(-5.663, 5.930) amcl=(-5.654, 5.891) error=0.040 m / 0.000 rad; current_map=(-5.658, 5.882, 1.137) error=0.048 m / 0.000 rad; odom=(-6.351, 5.399, 1.137) error=0.869 m / 0.000 rad; ekf=(-6.351, 5.399, 1.137) error=0.869 m / 0.000 rad; RMS=0.151 m / 0.040 rad max=0.701 m / 0.160 rad samples=2279
[component_container-9] [INFO] [1789001871.630845490] [pure_pursuit_node]: Pure Pursuit: pose=(-5.536, 6.119, 1.052) cte=-0.002 closest=2125 target=2170 path_dist=0.002 heading_err=0.037 steer=-0.042 speed=2.856
[gpu_amcl_cpp_node-6] [INFO] [1789001872.180629352] [gpu_amcl_cpp]: AMCL odom delta: at_scan=(-3.529, -6.119, 2.160) baseline=(-3.445, -6.238, 2.209) delta=(-0.084, 0.119, -0.049) moved=true scan_age=0.049s
[gpu_amcl_cpp_node-6] [INFO] [1789001872.535342710] [gpu_amcl_cpp]: AMCL local correction: odom_prediction=(-3.569, 7.603, 0.131) scan=(-3.583, 7.610, 0.146) correction=0.016 m/0.015 rad cluster_weight=0.979 publish=true
[ground_truth_amcl_monitor-7] [INFO] [1789001872.587239193] [ground_truth_amcl_monitor]: AMCL vs GT: gt=(-3.396, 7.640) amcl=(-3.415, 7.625) error=0.025 m / 0.000 rad; current_map=(-3.404, 7.623, 0.064) error=0.019 m / 0.000 rad; odom=(-4.083, 7.086, 0.064) error=0.883 m / 0.000 rad; ekf=(-4.083, 7.086, 0.064) error=0.883 m / 0.000 rad; RMS=0.150 m / 0.040 rad max=0.701 m / 0.160 rad samples=2319
[component_container-9] [INFO] [1789001872.631111274] [pure_pursuit_node]: Pure Pursuit: pose=(-3.068, 7.617, -0.102) cte=-0.032 closest=2278 target=2325 path_dist=0.032 heading_err=0.018 steer=-0.129 speed=3.471
[gpu_amcl_cpp_node-6] [INFO] [1789001873.180664121] [gpu_amcl_cpp]: AMCL odom delta: at_scan=(-3.155, -2.906, 0.831) baseline=(-3.291, -3.062, 0.876) delta=(0.136, 0.156, -0.045) moved=true scan_age=0.049s
[gpu_amcl_cpp_node-6] [INFO] [1789001873.536343185] [gpu_amcl_cpp]: AMCL local correction: odom_prediction=(-0.443, 5.672, -1.071) scan=(-0.441, 5.677, -1.069) correction=0.005 m/0.003 rad cluster_weight=0.973 publish=true
[ground_truth_amcl_monitor-7] [INFO] [1789001873.587688792] [ground_truth_amcl_monitor]: AMCL vs GT: gt=(-0.318, 5.430) amcl=(-0.333, 5.469) error=0.042 m / 0.000 rad; current_map=(-0.324, 5.457, -1.078) error=0.028 m / 0.000 rad; odom=(-0.989, 4.849, -1.078) error=0.887 m / 0.000 rad; ekf=(-0.989, 4.849, -1.078) error=0.887 m / 0.000 rad; RMS=0.151 m / 0.040 rad max=0.701 m / 0.160 rad samples=2359
[component_container-9] [INFO] [1789001873.631247924] [pure_pursuit_node]: Pure Pursuit: pose=(-0.088, 5.037, -1.040) cte=-0.026 closest=2483 target=2534 path_dist=0.026 heading_err=-0.071 steer=-0.120 speed=5.139
[gpu_amcl_cpp_node-6] [INFO] [1789001873.930452776] [gpu_amcl_cpp]: Received LiDAR callback #1198 (1081 ranges).
[gpu_amcl_cpp_node-6] [INFO] [1789001873.930514322] [gpu_amcl_cpp]: Starting AMCL scan update #1198 (sampled from 1081 ranges).
[gpu_amcl_cpp_node-6] [INFO] [1789001873.931577591] [gpu_amcl_cpp]: AMCL scan update #1198 completed; evaluating pose confidence.
[gpu_amcl_cpp_node-6] [INFO] [1789001874.230503528] [gpu_amcl_cpp]: AMCL odom delta: at_scan=(1.496, -0.522, 0.222) baseline=(1.254, -0.585, 0.288) delta=(0.242, 0.063, -0.067) moved=true scan_age=0.051s
[gpu_amcl_cpp_node-6] [WARN] [1789001874.333568535] [gpu_amcl_cpp]: No local AMCL cluster near odometry prediction; using causal odometry pose.
[gpu_amcl_cpp_node-6] [INFO] [1789001874.583787558] [gpu_amcl_cpp]: AMCL local correction: odom_prediction=(1.261, 0.474, -1.471) scan=(1.252, 0.493, -1.458) correction=0.021 m/0.013 rad cluster_weight=0.915 publish=true
[ground_truth_amcl_monitor-7] [INFO] [1789001874.631075133] [ground_truth_amcl_monitor]: AMCL vs GT: gt=(1.310, 0.150) amcl=(1.257, 0.483) error=0.337 m / 0.065 rad; current_map=(1.276, 0.199, -1.536) error=0.059 m / 0.000 rad; odom=(0.649, -0.521, -1.536) error=0.943 m / 0.000 rad; ekf=(0.649, -0.521, -1.536) error=0.943 m / 0.000 rad; RMS=0.152 m / 0.040 rad max=0.701 m / 0.160 rad samples=2400
[component_container-9] [INFO] [1789001874.679343352] [pure_pursuit_node]: Pure Pursuit: pose=(1.301, -0.363, -1.516) cte=0.031 closest=177 target=230 path_dist=0.031 heading_err=0.019 steer=0.002 speed=5.741
[gpu_amcl_cpp_node-6] [INFO] [1789001875.234945245] [gpu_amcl_cpp]: AMCL odom delta: at_scan=(6.970, -0.158, -0.143) baseline=(6.697, -0.120, -0.138) delta=(0.273, -0.039, -0.004) moved=true scan_age=0.050s
[gpu_amcl_cpp_node-6] [WARN] [1789001875.605793628] [gpu_amcl_cpp]: Queued LiDAR scan until source-time odometry arrives (queued=1).
[gpu_amcl_cpp_node-6] [INFO] [1789001875.614056980] [gpu_amcl_cpp]: AMCL local correction: odom_prediction=(0.922, -5.217, -1.687) scan=(0.916, -5.209, -1.688) correction=0.009 m/0.000 rad cluster_weight=0.941 publish=true
[ground_truth_amcl_monitor-7] [INFO] [1789001875.656673469] [ground_truth_amcl_monitor]: AMCL vs GT: gt=(0.869, -5.524) amcl=(0.919, -5.213) error=0.315 m / 0.020 rad; current_map=(0.882, -5.505, -1.708) error=0.023 m / 0.000 rad; odom=(0.192, -6.297, -1.708) error=1.028 m / 0.000 rad; ekf=(0.192, -6.297, -1.708) error=1.028 m / 0.000 rad; RMS=0.153 m / 0.040 rad max=0.701 m / 0.160 rad samples=2440
[component_container-9] [INFO] [1789001875.704359133] [pure_pursuit_node]: Pure Pursuit: pose=(0.779, -6.038, -1.814) cte=-0.010 closest=463 target=515 path_dist=0.010 heading_err=0.034 steer=0.044 speed=4.470
[gpu_amcl_cpp_node-6] [INFO] [1789001876.255648175] [gpu_amcl_cpp]: AMCL odom delta: at_scan=(12.003, -1.203, -0.269) baseline=(11.814, -1.149, -0.286) delta=(0.189, -0.054, 0.017) moved=true scan_age=0.051s
[ground_truth_amcl_monitor-7] [INFO] [1789001876.659642877] [ground_truth_amcl_monitor]: AMCL vs GT: gt=(-0.126, -9.215) amcl=(-0.049, -9.060) error=0.173 m / 0.019 rad; current_map=(-0.102, -9.167, -2.037) error=0.053 m / 0.000 rad; odom=(-0.802, -9.979, -2.037) error=1.021 m / 0.000 rad; ekf=(-0.802, -9.979, -2.037) error=1.021 m / 0.000 rad; RMS=0.153 m / 0.039 rad max=0.701 m / 0.160 rad samples=2480
[gpu_amcl_cpp_node-6] [INFO] [1789001876.661634783] [gpu_amcl_cpp]: AMCL local correction: odom_prediction=(-0.102, -9.167, -2.037) scan=(-0.100, -9.174, -2.036) correction=0.007 m/0.001 rad cluster_weight=0.994 publish=true
[component_container-9] [INFO] [1789001876.708162409] [pure_pursuit_node]: Pure Pursuit: pose=(-0.226, -9.382, -2.156) cte=-0.012 closest=638 target=683 path_dist=0.012 heading_err=0.050 steer=-0.151 speed=2.549
[gpu_amcl_cpp_node-6] [INFO] [1789001877.284216467] [gpu_amcl_cpp]: AMCL odom delta: at_scan=(14.092, -2.753, -1.433) baseline=(14.068, -2.628, -1.332) delta=(0.024, -0.125, -0.100) moved=true scan_age=0.049s
[ground_truth_amcl_monitor-7] [INFO] [1789001877.661024969] [ground_truth_amcl_monitor]: AMCL vs GT: gt=(-2.087, -9.962) amcl=(-2.094, -9.929) error=0.033 m / 0.000 rad; current_map=(-2.094, -9.928, 2.559) error=0.035 m / 0.000 rad; odom=(-2.813, -10.735, 2.559) error=1.061 m / 0.000 rad; ekf=(-2.813, -10.735, 2.559) error=1.061 m / 0.000 rad; RMS=0.153 m / 0.040 rad max=0.701 m / 0.160 rad samples=2519
[gpu_amcl_cpp_node-6] [INFO] [1789001877.707965171] [gpu_amcl_cpp]: AMCL local correction: odom_prediction=(-2.194, -9.857, 2.475) scan=(-2.200, -9.850, 2.485) correction=0.009 m/0.010 rad cluster_weight=0.983 publish=true
[component_container-9] [INFO] [1789001877.754185008] [pure_pursuit_node]: Pure Pursuit: pose=(-2.376, -9.686, 2.305) cte=-0.045 closest=765 target=809 path_dist=0.045 heading_err=-0.006 steer=-0.156 speed=2.845
[gpu_amcl_cpp_node-6] [INFO] [1789001878.305368281] [gpu_amcl_cpp]: AMCL odom delta: at_scan=(12.230, -4.561, -2.922) baseline=(12.419, -4.514, -2.878) delta=(-0.189, -0.047, -0.044) moved=true scan_age=0.049s
[ground_truth_amcl_monitor-7] [INFO] [1789001878.661960321] [ground_truth_amcl_monitor]: AMCL vs GT: gt=(-3.178, -6.816) amcl=(-3.169, -6.830) error=0.016 m / 0.000 rad; current_map=(-3.166, -6.831, 1.530) error=0.019 m / 0.000 rad; odom=(-3.898, -7.593, 1.530) error=1.060 m / 0.000 rad; ekf=(-3.898, -7.593, 1.530) error=1.060 m / 0.000 rad; RMS=0.152 m / 0.040 rad max=0.701 m / 0.160 rad samples=2559
[gpu_amcl_cpp_node-6] [INFO] [1789001878.708884573] [gpu_amcl_cpp]: AMCL local correction: odom_prediction=(-3.155, -6.590, 1.494) scan=(-3.159, -6.602, 1.498) correction=0.013 m/0.004 rad cluster_weight=0.990 publish=true
[component_container-9] [INFO] [1789001878.754330745] [pure_pursuit_node]: Pure Pursuit: pose=(-3.101, -6.103, 1.428) cte=0.001 closest=951 target=1002 path_dist=0.001 heading_err=0.021 steer=-0.030 speed=5.010
[gpu_amcl_cpp_node-6] [INFO] [1789001878.955580740] [gpu_amcl_cpp]: Received LiDAR callback #1298 (1081 ranges).
[gpu_amcl_cpp_node-6] [INFO] [1789001878.955642887] [gpu_amcl_cpp]: Starting AMCL scan update #1298 (sampled from 1081 ranges).
[gpu_amcl_cpp_node-6] [INFO] [1789001878.956489509] [gpu_amcl_cpp]: AMCL scan update #1298 completed; evaluating pose confidence.
[gpu_amcl_cpp_node-6] [INFO] [1789001879.355010607] [gpu_amcl_cpp]: AMCL odom delta: at_scan=(7.276, -3.940, 2.866) baseline=(7.544, -4.012, 2.890) delta=(-0.267, 0.072, -0.024) moved=true scan_age=0.050s
[ground_truth_amcl_monitor-7] [INFO] [1789001879.707069111] [ground_truth_amcl_monitor]: AMCL vs GT: gt=(-1.878, -1.370) amcl=(-1.928, -1.672) error=0.306 m / 0.002 rad; current_map=(-1.868, -1.389, 1.364) error=0.021 m / 0.000 rad; odom=(-2.640, -2.363, 1.363) error=1.252 m / 0.002 rad; ekf=(-2.640, -2.363, 1.363) error=1.252 m / 0.002 rad; RMS=0.153 m / 0.040 rad max=0.701 m / 0.160 rad samples=2600
[gpu_amcl_cpp_node-6] [INFO] [1789001879.709497368] [gpu_amcl_cpp]: AMCL local correction: odom_prediction=(-1.868, -1.389, 1.364) scan=(-1.867, -1.380, 1.354) correction=0.009 m/0.011 rad cluster_weight=0.958 publish=true
[component_container-9] [INFO] [1789001879.806468905] [pure_pursuit_node]: Pure Pursuit: pose=(-1.689, -0.599, 1.356) cte=-0.000 closest=1236 target=1287 path_dist=0.000 heading_err=-0.011 steer=0.002 speed=4.581
[gpu_amcl_cpp_node-6] [INFO] [1789001880.355800826] [gpu_amcl_cpp]: AMCL odom delta: at_scan=(2.570, -2.820, 2.984) baseline=(2.752, -2.850, 2.976) delta=(-0.181, 0.030, 0.008) moved=true scan_age=0.050s
[gpu_amcl_cpp_node-6] [WARN] [1789001880.505926150] [gpu_amcl_cpp]: Queued LiDAR scan until source-time odometry arrives (queued=1).
[ground_truth_amcl_monitor-7] [INFO] [1789001880.706946724] [ground_truth_amcl_monitor]: AMCL vs GT: gt=(-1.227, 2.397) amcl=(-1.208, 2.300) error=0.098 m / 0.065 rad; current_map=(-1.214, 2.427, 1.652) error=0.033 m / 0.000 rad; odom=(-1.932, 1.704, 1.652) error=0.988 m / 0.000 rad; ekf=(-1.932, 1.704, 1.652) error=0.988 m / 0.000 rad; RMS=0.153 m / 0.039 rad max=0.701 m / 0.160 rad samples=2640
[gpu_amcl_cpp_node-6] [INFO] [1789001880.758410553] [gpu_amcl_cpp]: AMCL local correction: odom_prediction=(-1.223, 2.537, 1.702) scan=(-1.221, 2.546, 1.692) correction=0.010 m/0.010 rad cluster_weight=0.975 publish=true
[component_container-9] [INFO] [1789001880.853807879] [pure_pursuit_node]: Pure Pursuit: pose=(-1.271, 2.800, 1.802) cte=0.054 closest=1407 target=1450 path_dist=0.054 heading_err=-0.017 steer=0.192 speed=1.967
[gpu_amcl_cpp_node-6] [INFO] [1789001881.406072075] [gpu_amcl_cpp]: AMCL odom delta: at_scan=(0.286, -3.222, -2.326) baseline=(0.352, -3.157, -2.407) delta=(-0.066, -0.065, 0.080) moved=true scan_age=0.050s
[ground_truth_amcl_monitor-7] [INFO] [1789001881.711641256] [ground_truth_amcl_monitor]: AMCL vs GT: gt=(-2.150, 3.785) amcl=(-2.155, 3.827) error=0.042 m / 0.000 rad; current_map=(-2.156, 3.823, 2.926) error=0.038 m / 0.000 rad; odom=(-2.885, 3.127, 2.926) error=0.986 m / 0.000 rad; ekf=(-2.885, 3.127, 2.926) error=0.986 m / 0.000 rad; RMS=0.152 m / 0.039 rad max=0.701 m / 0.160 rad samples=2681
[gpu_amcl_cpp_node-6] [INFO] [1789001881.809296578] [gpu_amcl_cpp]: AMCL local correction: odom_prediction=(-2.328, 3.850, -3.133) scan=(-2.309, 3.838, 3.136) correction=0.022 m/0.014 rad cluster_weight=0.977 publish=true
[component_container-9] [INFO] [1789001881.854461090] [pure_pursuit_node]: Pure Pursuit: pose=(-2.505, 3.829, -2.913) cte=0.002 closest=1497 target=1540 path_dist=0.002 heading_err=0.068 steer=0.434 speed=1.901
[gpu_amcl_cpp_node-6] [INFO] [1789001882.406241095] [gpu_amcl_cpp]: AMCL odom delta: at_scan=(0.700, -4.709, -0.341) baseline=(0.600, -4.669, -0.415) delta=(0.100, -0.040, 0.074) moved=true scan_age=0.051s
[ground_truth_amcl_monitor-7] [INFO] [1789001882.756472152] [ground_truth_amcl_monitor]: AMCL vs GT: gt=(-3.259, 2.202) amcl=(-3.233, 2.346) error=0.146 m / 0.010 rad; current_map=(-3.248, 2.191, -1.659) error=0.016 m / 0.000 rad; odom=(-4.065, 1.537, -1.659) error=1.045 m / 0.000 rad; ekf=(-4.065, 1.537, -1.659) error=1.045 m / 0.000 rad; RMS=0.151 m / 0.040 rad max=0.701 m / 0.160 rad samples=2722
[component_container-9] [INFO] [1789001882.854580858] [pure_pursuit_node]: Pure Pursuit: pose=(-3.287, 1.704, -1.640) cte=0.033 closest=1616 target=1663 path_dist=0.033 heading_err=-0.049 steer=-0.033 speed=3.287
[gpu_amcl_cpp_node-6] [INFO] [1789001882.858992144] [gpu_amcl_cpp]: AMCL local correction: odom_prediction=(-3.275, 1.869, -1.645) scan=(-3.276, 1.880, -1.635) correction=0.010 m/0.010 rad cluster_weight=0.954 publish=true
[gpu_amcl_cpp_node-6] [INFO] [1789001883.456211057] [gpu_amcl_cpp]: AMCL odom delta: at_scan=(3.566, -5.224, -0.482) baseline=(3.469, -5.177, -0.434) delta=(0.097, -0.048, -0.048) moved=true scan_age=0.051s
[ground_truth_amcl_monitor-7] [INFO] [1789001883.760432403] [ground_truth_amcl_monitor]: AMCL vs GT: gt=(-3.937, -0.179) amcl=(-3.917, -0.194) error=0.025 m / 0.000 rad; current_map=(-3.919, -0.190, -2.420) error=0.021 m / 0.000 rad; odom=(-4.760, -0.844, -2.420) error=1.058 m / 0.000 rad; ekf=(-4.760, -0.844, -2.420) error=1.058 m / 0.000 rad; RMS=0.151 m / 0.040 rad max=0.701 m / 0.160 rad samples=2763
[component_container-9] [INFO] [1789001883.906184833] [pure_pursuit_node]: Pure Pursuit: pose=(-4.240, -0.402, -2.726) cte=-0.033 closest=1738 target=1781 path_dist=0.033 heading_err=-0.041 steer=-0.322 speed=1.970
[gpu_amcl_cpp_node-6] [INFO] [1789001883.910523873] [gpu_amcl_cpp]: AMCL local correction: odom_prediction=(-4.152, -0.361, -2.644) scan=(-4.141, -0.364, -2.628) correction=0.012 m/0.016 rad cluster_weight=0.973 publish=true
[gpu_amcl_cpp_node-6] [INFO] [1789001883.957359057] [gpu_amcl_cpp]: Received LiDAR callback #1399 (1081 ranges).
[gpu_amcl_cpp_node-6] [INFO] [1789001883.957432375] [gpu_amcl_cpp]: Starting AMCL scan update #1399 (sampled from 1081 ranges).
[gpu_amcl_cpp_node-6] [INFO] [1789001883.958551790] [gpu_amcl_cpp]: AMCL scan update #1399 completed; evaluating pose confidence.
[gpu_amcl_cpp_node-6] [INFO] [1789001884.456737209] [gpu_amcl_cpp]: AMCL odom delta: at_scan=(4.163, -6.812, -2.088) baseline=(4.207, -6.725, -1.997) delta=(-0.044, -0.087, -0.091) moved=true scan_age=0.050s
[ground_truth_amcl_monitor-7] [INFO] [1789001884.763995717] [ground_truth_amcl_monitor]: AMCL vs GT: gt=(-5.620, 0.127) amcl=(-5.599, 0.129) error=0.021 m / 0.000 rad; current_map=(-5.597, 0.118, 2.121) error=0.025 m / 0.000 rad; odom=(-6.480, -0.534, 2.121) error=1.084 m / 0.000 rad; ekf=(-6.480, -0.534, 2.121) error=1.084 m / 0.000 rad; RMS=0.150 m / 0.040 rad max=0.701 m / 0.160 rad samples=2803
[component_container-9] [INFO] [1789001884.954707202] [pure_pursuit_node]: Pure Pursuit: pose=(-5.868, 0.750, 1.842) cte=-0.055 closest=1851 target=1897 path_dist=0.055 heading_err=0.031 steer=-0.058 speed=3.714
[gpu_amcl_cpp_node-6] [INFO] [1789001884.959116495] [gpu_amcl_cpp]: AMCL local correction: odom_prediction=(-5.830, 0.616, 1.890) scan=(-5.836, 0.622, 1.893) correction=0.009 m/0.003 rad cluster_weight=0.960 publish=true
[gpu_amcl_cpp_node-6] [INFO] [1789001885.456800911] [gpu_amcl_cpp]: AMCL odom delta: at_scan=(1.292, -7.815, -3.080) baseline=(1.519, -7.799, -3.061) delta=(-0.227, -0.016, -0.018) moved=true scan_age=0.051s
[ground_truth_amcl_monitor-7] [INFO] [1789001885.807347792] [ground_truth_amcl_monitor]: AMCL vs GT: gt=(-6.121, 4.251) amcl=(-6.136, 3.951) error=0.301 m / 0.019 rad; current_map=(-6.110, 4.185, 1.451) error=0.066 m / 0.000 rad; odom=(-6.968, 3.575, 1.451) error=1.083 m / 0.000 rad; ekf=(-6.968, 3.575, 1.451) error=1.083 m / 0.000 rad; RMS=0.150 m / 0.040 rad max=0.701 m / 0.160 rad samples=2844
[gpu_amcl_cpp_node-6] [INFO] [1789001885.962468721] [gpu_amcl_cpp]: AMCL local correction: odom_prediction=(-6.005, 4.873, 1.350) scan=(-6.007, 4.882, 1.356) correction=0.010 m/0.007 rad cluster_weight=0.985 publish=true
[component_container-9] [INFO] [1789001886.005626299] [pure_pursuit_node]: Pure Pursuit: pose=(-5.886, 5.298, 1.248) cte=-0.014 closest=2080 target=2130 path_dist=0.014 heading_err=0.023 steer=-0.054 speed=3.698
[gpu_amcl_cpp_node-6] [INFO] [1789001886.505269128] [gpu_amcl_cpp]: AMCL odom delta: at_scan=(-2.726, -6.948, 2.522) baseline=(-2.609, -7.028, 2.559) delta=(-0.116, 0.080, -0.037) moved=true scan_age=0.049s
[ground_truth_amcl_monitor-7] [INFO] [1789001886.810727620] [ground_truth_amcl_monitor]: AMCL vs GT: gt=(-4.715, 7.158) amcl=(-4.727, 7.125) error=0.034 m / 0.000 rad; current_map=(-4.728, 7.125, 0.600) error=0.035 m / 0.000 rad; odom=(-5.547, 6.482, 0.600) error=1.072 m / 0.000 rad; ekf=(-5.547, 6.482, 0.600) error=1.072 m / 0.000 rad; RMS=0.150 m / 0.040 rad max=0.701 m / 0.160 rad samples=2885
[gpu_amcl_cpp_node-6] [INFO] [1789001887.008178080] [gpu_amcl_cpp]: AMCL local correction: odom_prediction=(-4.170, 7.442, 0.392) scan=(-4.169, 7.448, 0.413) correction=0.005 m/0.020 rad cluster_weight=0.993 publish=true
[component_container-9] [INFO] [1789001887.054230932] [pure_pursuit_node]: Pure Pursuit: pose=(-3.856, 7.543, 0.226) cte=-0.015 closest=2239 target=2286 path_dist=0.015 heading_err=0.003 steer=-0.128 speed=3.471
[gpu_amcl_cpp_node-6] [INFO] [1789001887.505792614] [gpu_amcl_cpp]: AMCL odom delta: at_scan=(-3.669, -4.111, 1.230) baseline=(-3.721, -4.276, 1.302) delta=(0.052, 0.166, -0.072) moved=true scan_age=0.050s
[ground_truth_amcl_monitor-7] [INFO] [1789001887.812709319] [ground_truth_amcl_monitor]: AMCL vs GT: gt=(-1.515, 6.966) amcl=(-1.513, 6.973) error=0.008 m / 0.000 rad; current_map=(-1.519, 6.971, -0.688) error=0.006 m / 0.000 rad; odom=(-2.325, 6.272, -0.688) error=1.066 m / 0.000 rad; ekf=(-2.325, 6.272, -0.688) error=1.066 m / 0.000 rad; RMS=0.150 m / 0.040 rad max=0.701 m / 0.160 rad samples=2925
[gpu_amcl_cpp_node-6] [INFO] [1789001888.009351679] [gpu_amcl_cpp]: AMCL local correction: odom_prediction=(-0.931, 6.372, -0.881) scan=(-0.927, 6.374, -0.882) correction=0.004 m/0.001 rad cluster_weight=0.971 publish=true
[component_container-9] [INFO] [1789001888.054555224] [pure_pursuit_node]: Pure Pursuit: pose=(-0.652, 6.001, -0.969) cte=-0.024 closest=2427 target=2477 path_dist=0.024 heading_err=0.005 steer=-0.058 speed=5.140
[gpu_amcl_cpp_node-6] [INFO] [1789001888.555754711] [gpu_amcl_cpp]: AMCL odom delta: at_scan=(0.051, -1.168, 0.372) baseline=(-0.217, -1.278, 0.410) delta=(0.268, 0.110, -0.037) moved=true scan_age=0.051s
[gpu_amcl_cpp_node-6] [WARN] [1789001888.708786471] [gpu_amcl_cpp]: No local AMCL cluster near odometry prediction; using causal odometry pose.
[ground_truth_amcl_monitor-7] [INFO] [1789001888.856453181] [ground_truth_amcl_monitor]: AMCL vs GT: gt=(0.937, 2.244) amcl=(0.854, 2.522) error=0.289 m / 0.014 rad; current_map=(0.928, 2.250, -1.313) error=0.010 m / 0.000 rad; odom=(0.141, 1.494, -1.313) error=1.094 m / 0.000 rad; ekf=(0.141, 1.494, -1.313) error=1.094 m / 0.000 rad; RMS=0.151 m / 0.040 rad max=0.701 m / 0.160 rad samples=2966
[gpu_amcl_cpp_node-6] [INFO] [1789001889.005407823] [gpu_amcl_cpp]: Received LiDAR callback #1500 (1081 ranges).
[gpu_amcl_cpp_node-6] [INFO] [1789001889.005463758] [gpu_amcl_cpp]: Starting AMCL scan update #1500 (sampled from 1081 ranges).
[gpu_amcl_cpp_node-6] [INFO] [1789001889.006539952] [gpu_amcl_cpp]: AMCL scan update #1500 completed; evaluating pose confidence.
[component_container-9] [INFO] [1789001889.054600491] [pure_pursuit_node]: Pure Pursuit: pose=(1.211, 1.059, -1.414) cte=-0.060 closest=106 target=156 path_dist=0.060 heading_err=0.019 steer=-0.026 speed=4.919
[gpu_amcl_cpp_node-6] [INFO] [1789001889.059445042] [gpu_amcl_cpp]: AMCL local correction: odom_prediction=(1.173, 1.279, -1.350) scan=(1.175, 1.304, -1.354) correction=0.025 m/0.004 rad cluster_weight=0.915 publish=true
[gpu_amcl_cpp_node-6] [INFO] [1789001889.605952050] [gpu_amcl_cpp]: AMCL odom delta: at_scan=(5.330, -0.214, -0.039) baseline=(5.058, -0.204, -0.028) delta=(0.272, -0.009, -0.011) moved=true scan_age=0.050s
[ground_truth_amcl_monitor-7] [INFO] [1789001889.857169369] [ground_truth_amcl_monitor]: AMCL vs GT: gt=(1.359, -2.850) amcl=(1.375, -2.498) error=0.352 m / 0.003 rad; current_map=(1.365, -2.791, -1.605) error=0.059 m / 0.000 rad; odom=(0.537, -3.623, -1.605) error=1.129 m / 0.000 rad; ekf=(0.537, -3.623, -1.605) error=1.129 m / 0.000 rad; RMS=0.153 m / 0.040 rad max=0.701 m / 0.160 rad samples=3004
[component_container-9] [INFO] [1789001890.104054211] [pure_pursuit_node]: Pure Pursuit: pose=(1.178, -4.262, -1.868) cte=-0.075 closest=372 target=423 path_dist=0.075 heading_err=0.140 steer=0.069 speed=5.315
[gpu_amcl_cpp_node-6] [INFO] [1789001890.108280820] [gpu_amcl_cpp]: AMCL local correction: odom_prediction=(1.242, -4.040, -1.789) scan=(1.242, -4.053, -1.772) correction=0.013 m/0.016 rad cluster_weight=0.958 publish=true
[gpu_amcl_cpp_node-6] [INFO] [1789001890.606084650] [gpu_amcl_cpp]: AMCL odom delta: at_scan=(10.528, -1.017, -0.204) baseline=(10.302, -0.969, -0.211) delta=(0.226, -0.048, 0.007) moved=true scan_age=0.051s
[ground_truth_amcl_monitor-7] [INFO] [1789001890.861149476] [ground_truth_amcl_monitor]: AMCL vs GT: gt=(0.441, -7.444) amcl=(0.455, -7.424) error=0.024 m / 0.000 rad; current_map=(0.452, -7.437, -1.754) error=0.013 m / 0.000 rad; odom=(-0.416, -8.342, -1.754) error=1.241 m / 0.000 rad; ekf=(-0.416, -8.342, -1.754) error=1.241 m / 0.000 rad; RMS=0.154 m / 0.039 rad max=0.701 m / 0.160 rad samples=3045
[component_container-9] [INFO] [1789001891.153627937] [pure_pursuit_node]: Pure Pursuit: pose=(0.158, -8.661, -1.908) cte=-0.057 closest=598 target=645 path_dist=0.057 heading_err=-0.013 steer=-0.139 speed=2.625
[gpu_amcl_cpp_node-6] [INFO] [1789001891.158452230] [gpu_amcl_cpp]: AMCL local correction: odom_prediction=(0.212, -8.501, -1.897) scan=(0.219, -8.491, -1.890) correction=0.012 m/0.007 rad cluster_weight=0.983 publish=true
[gpu_amcl_cpp_node-6] [INFO] [1789001891.655465343] [gpu_amcl_cpp]: AMCL odom delta: at_scan=(13.671, -2.031, -0.668) baseline=(13.574, -1.958, -0.616) delta=(0.097, -0.072, -0.052) moved=true scan_age=0.050s
[ground_truth_amcl_monitor-7] [INFO] [1789001891.905066603] [ground_truth_amcl_monitor]: AMCL vs GT: gt=(-0.799, -9.972) amcl=(-0.667, -9.874) error=0.164 m / 0.083 rad; current_map=(-0.771, -9.940, -2.615) error=0.042 m / 0.000 rad; odom=(-1.589, -10.852, -2.532) error=1.183 m / 0.083 rad; ekf=(-1.589, -10.852, -2.532) error=1.183 m / 0.083 rad; RMS=0.153 m / 0.039 rad max=0.701 m / 0.160 rad samples=3086
[component_container-9] [INFO] [1789001892.154457107] [pure_pursuit_node]: Pure Pursuit: pose=(-1.481, -10.127, 3.098) cte=-0.022 closest=715 target=759 path_dist=0.022 heading_err=-0.041 steer=-0.298 speed=2.474
[gpu_amcl_cpp_node-6] [INFO] [1789001892.158829470] [gpu_amcl_cpp]: AMCL local correction: odom_prediction=(-1.360, -10.128, -3.092) scan=(-1.358, -10.127, -3.076) correction=0.002 m/0.016 rad cluster_weight=0.998 publish=true
[gpu_amcl_cpp_node-6] [INFO] [1789001892.658824571] [gpu_amcl_cpp]: AMCL odom delta: at_scan=(13.725, -4.179, -2.456) baseline=(13.823, -4.093, -2.385) delta=(-0.098, -0.086, -0.071) moved=true scan_age=0.051s
[gpu_amcl_cpp_node-6] [WARN] [1789001892.859348411] [gpu_amcl_cpp]: Queued LiDAR scan until source-time odometry arrives (queued=1).
[ground_truth_amcl_monitor-7] [INFO] [1789001892.909584801] [ground_truth_amcl_monitor]: AMCL vs GT: gt=(-2.810, -8.994) amcl=(-2.755, -9.100) error=0.120 m / 0.042 rad; current_map=(-2.820, -8.955, 1.974) error=0.040 m / 0.000 rad; odom=(-3.747, -9.930, 1.974) error=1.325 m / 0.000 rad; ekf=(-3.747, -9.930, 1.974) error=1.325 m / 0.000 rad; RMS=0.153 m / 0.040 rad max=0.701 m / 0.160 rad samples=3126
[component_container-9] [INFO] [1789001893.179202217] [pure_pursuit_node]: Pure Pursuit: pose=(-3.110, -7.812, 1.667) cte=-0.002 closest=866 target=914 path_dist=0.002 heading_err=0.042 steer=-0.017 speed=4.456
[gpu_amcl_cpp_node-6] [INFO] [1789001893.183678496] [gpu_amcl_cpp]: AMCL local correction: odom_prediction=(-3.084, -8.019, 1.718) scan=(-3.081, -8.023, 1.736) correction=0.005 m/0.019 rad cluster_weight=0.972 publish=true
[gpu_amcl_cpp_node-6] [INFO] [1789001893.680432181] [gpu_amcl_cpp]: AMCL odom delta: at_scan=(9.833, -4.787, 2.972) baseline=(10.084, -4.831, 2.967) delta=(-0.251, 0.044, 0.005) moved=true scan_age=0.050s
[ground_truth_amcl_monitor-7] [INFO] [1789001893.931415841] [ground_truth_amcl_monitor]: AMCL vs GT: gt=(-2.803, -4.563) amcl=(-2.875, -4.817) error=0.264 m / 0.062 rad; current_map=(-2.801, -4.593, 1.222) error=0.029 m / 0.000 rad; odom=(-3.800, -5.708, 1.284) error=1.518 m / 0.062 rad; ekf=(-3.800, -5.708, 1.284) error=1.518 m / 0.062 rad; RMS=0.153 m / 0.040 rad max=0.701 m / 0.160 rad samples=3166
[gpu_amcl_cpp_node-6] [INFO] [1789001894.030755030] [gpu_amcl_cpp]: Received LiDAR callback #1600 (1081 ranges).
[gpu_amcl_cpp_node-6] [INFO] [1789001894.030822227] [gpu_amcl_cpp]: Starting AMCL scan update #1600 (sampled from 1081 ranges).
[gpu_amcl_cpp_node-6] [INFO] [1789001894.031936512] [gpu_amcl_cpp]: AMCL scan update #1600 completed; evaluating pose confidence.
[component_container-9] [INFO] [1789001894.179361407] [pure_pursuit_node]: Pure Pursuit: pose=(-2.345, -3.116, 1.284) cte=-0.008 closest=1106 target=1158 path_dist=0.008 heading_err=0.018 steer=0.022 speed=5.965
[gpu_amcl_cpp_node-6] [INFO] [1789001894.183879544] [gpu_amcl_cpp]: AMCL local correction: odom_prediction=(-2.426, -3.383, 1.336) scan=(-2.432, -3.404, 1.331) correction=0.022 m/0.005 rad cluster_weight=0.939 publish=true
[gpu_amcl_cpp_node-6] [INFO] [1789001894.730676537] [gpu_amcl_cpp]: AMCL odom delta: at_scan=(4.497, -3.343, 2.905) baseline=(4.718, -3.400, 2.869) delta=(-0.220, 0.057, 0.036) moved=true scan_age=0.051s
[ground_truth_amcl_monitor-7] [INFO] [1789001894.931314912] [ground_truth_amcl_monitor]: AMCL vs GT: gt=(-1.513, 0.300) amcl=(-1.525, 0.126) error=0.175 m / 0.039 rad; current_map=(-1.500, 0.318, 1.421) error=0.023 m / 0.000 rad; odom=(-2.427, -0.570, 1.421) error=1.262 m / 0.000 rad; ekf=(-2.427, -0.570, 1.421) error=1.262 m / 0.000 rad; RMS=0.153 m / 0.039 rad max=0.701 m / 0.160 rad samples=3206
[component_container-9] [INFO] [1789001895.228920765] [pure_pursuit_node]: Pure Pursuit: pose=(-1.307, 1.574, 1.506) cte=-0.012 closest=1346 target=1393 path_dist=0.012 heading_err=-0.042 steer=0.022 speed=3.256
[gpu_amcl_cpp_node-6] [INFO] [1789001895.233496250] [gpu_amcl_cpp]: AMCL local correction: odom_prediction=(-1.319, 1.423, 1.502) scan=(-1.312, 1.433, 1.492) correction=0.013 m/0.010 rad cluster_weight=0.953 publish=true
[gpu_amcl_cpp_node-6] [INFO] [1789001895.730862447] [gpu_amcl_cpp]: AMCL odom delta: at_scan=(1.206, -3.070, -2.911) baseline=(1.306, -3.049, -2.949) delta=(-0.100, -0.022, 0.039) moved=true scan_age=0.050s
[ground_truth_amcl_monitor-7] [INFO] [1789001895.932076575] [ground_truth_amcl_monitor]: AMCL vs GT: gt=(-1.461, 3.123) amcl=(-1.412, 3.073) error=0.070 m / 0.042 rad; current_map=(-1.447, 3.159, 1.981) error=0.038 m / 0.000 rad; odom=(-2.380, 2.284, 1.981) error=1.244 m / 0.000 rad; ekf=(-2.380, 2.284, 1.981) error=1.244 m / 0.000 rad; RMS=0.153 m / 0.039 rad max=0.701 m / 0.160 rad samples=3246
[component_container-9] [INFO] [1789001896.228944451] [pure_pursuit_node]: Pure Pursuit: pose=(-1.821, 3.648, 2.493) cte=-0.066 closest=1459 target=1502 path_dist=0.066 heading_err=-0.046 steer=0.353 speed=1.724
[gpu_amcl_cpp_node-6] [INFO] [1789001896.234023914] [gpu_amcl_cpp]: AMCL local correction: odom_prediction=(-1.752, 3.596, 2.408) scan=(-1.755, 3.604, 2.389) correction=0.009 m/0.019 rad cluster_weight=0.980 publish=true
[gpu_amcl_cpp_node-6] [INFO] [1789001896.781090954] [gpu_amcl_cpp]: AMCL odom delta: at_scan=(0.240, -4.401, -1.148) baseline=(0.207, -4.316, -1.264) delta=(0.033, -0.086, 0.116) moved=true scan_age=0.051s
[ground_truth_amcl_monitor-7] [INFO] [1789001896.936466843] [ground_truth_amcl_monitor]: AMCL vs GT: gt=(-2.817, 3.598) amcl=(-2.817, 3.593) error=0.005 m / 0.000 rad; current_map=(-2.827, 3.599, -2.389) error=0.011 m / 0.000 rad; odom=(-3.832, 2.763, -2.389) error=1.315 m / 0.000 rad; ekf=(-3.832, 2.763, -2.389) error=1.315 m / 0.000 rad; RMS=0.152 m / 0.040 rad max=0.701 m / 0.160 rad samples=3287
[component_container-9] [INFO] [1789001897.229081419] [pure_pursuit_node]: Pure Pursuit: pose=(-3.144, 2.924, -1.805) cte=0.039 closest=1555 target=1599 path_dist=0.039 heading_err=0.079 steer=0.098 speed=2.863
[gpu_amcl_cpp_node-6] [INFO] [1789001897.282923882] [gpu_amcl_cpp]: AMCL local correction: odom_prediction=(-3.141, 2.918, -1.813) scan=(-3.140, 2.900, -1.815) correction=0.018 m/0.002 rad cluster_weight=0.960 publish=true
[gpu_amcl_cpp_node-6] [INFO] [1789001897.830266741] [gpu_amcl_cpp]: AMCL odom delta: at_scan=(2.744, -5.165, -0.107) baseline=(2.578, -5.148, -0.089) delta=(0.166, -0.016, -0.018) moved=true scan_age=0.049s
[ground_truth_amcl_monitor-7] [INFO] [1789001897.937432760] [ground_truth_amcl_monitor]: AMCL vs GT: gt=(-3.386, 0.924) amcl=(-3.373, 0.966) error=0.044 m / 0.000 rad; current_map=(-3.372, 0.962, -1.759) error=0.040 m / 0.000 rad; odom=(-4.408, 0.108, -1.759) error=1.308 m / 0.000 rad; ekf=(-4.408, 0.108, -1.759) error=1.308 m / 0.000 rad; RMS=0.151 m / 0.040 rad max=0.701 m / 0.160 rad samples=3327
[component_container-9] [INFO] [1789001898.229160829] [pure_pursuit_node]: Pure Pursuit: pose=(-3.625, 0.231, -2.063) cte=0.027 closest=1693 target=1737 path_dist=0.027 heading_err=-0.039 steer=-0.243 speed=1.996
[gpu_amcl_cpp_node-6] [INFO] [1789001898.285336981] [gpu_amcl_cpp]: AMCL local correction: odom_prediction=(-3.618, 0.240, -2.064) scan=(-3.615, 0.236, -2.046) correction=0.005 m/0.017 rad cluster_weight=0.981 publish=true
[gpu_amcl_cpp_node-6] [INFO] [1789001898.830716748] [gpu_amcl_cpp]: AMCL odom delta: at_scan=(4.433, -6.272, -1.320) baseline=(4.405, -6.180, -1.228) delta=(0.028, -0.092, -0.091) moved=true scan_age=0.050s
[ground_truth_amcl_monitor-7] [INFO] [1789001898.981274024] [ground_truth_amcl_monitor]: AMCL vs GT: gt=(-4.710, -0.479) amcl=(-4.589, -0.480) error=0.121 m / 0.098 rad; current_map=(-4.687, -0.481, 3.106) error=0.023 m / 0.000 rad; odom=(-5.760, -1.307, 3.106) error=1.337 m / 0.000 rad; ekf=(-5.760, -1.307, 3.106) error=1.337 m / 0.000 rad; RMS=0.151 m / 0.040 rad max=0.701 m / 0.160 rad samples=3368
[gpu_amcl_cpp_node-6] [INFO] [1789001899.080052158] [gpu_amcl_cpp]: Received LiDAR callback #1701 (1081 ranges).
[gpu_amcl_cpp_node-6] [INFO] [1789001899.080110728] [gpu_amcl_cpp]: Starting AMCL scan update #1701 (sampled from 1081 ranges).
[gpu_amcl_cpp_node-6] [INFO] [1789001899.080937132] [gpu_amcl_cpp]: AMCL scan update #1701 completed; evaluating pose confidence.
[component_container-9] [INFO] [1789001899.229390552] [pure_pursuit_node]: Pure Pursuit: pose=(-5.222, -0.300, 2.534) cte=-0.008 closest=1789 target=1833 path_dist=0.008 heading_err=-0.091 steer=-0.266 speed=2.226
[gpu_amcl_cpp_node-6] [INFO] [1789001899.334016313] [gpu_amcl_cpp]: AMCL local correction: odom_prediction=(-5.302, -0.237, 2.444) scan=(-5.295, -0.244, 2.462) correction=0.009 m/0.018 rad cluster_weight=0.957 publish=true
[gpu_amcl_cpp_node-6] [INFO] [1789001899.880063906] [gpu_amcl_cpp]: AMCL odom delta: at_scan=(2.885, -7.837, -2.929) baseline=(3.052, -7.799, -2.900) delta=(-0.166, -0.038, -0.029) moved=true scan_age=0.050s
[ground_truth_amcl_monitor-7] [INFO] [1789001899.981883711] [ground_truth_amcl_monitor]: AMCL vs GT: gt=(-6.045, 1.479) amcl=(-5.999, 1.270) error=0.214 m / 0.025 rad; current_map=(-6.032, 1.460, 1.731) error=0.023 m / 0.000 rad; odom=(-7.105, 0.638, 1.731) error=1.353 m / 0.000 rad; ekf=(-7.105, 0.638, 1.731) error=1.353 m / 0.000 rad; RMS=0.150 m / 0.040 rad max=0.701 m / 0.160 rad samples=3408
[component_container-9] [INFO] [1789001900.280624869] [pure_pursuit_node]: Pure Pursuit: pose=(-6.165, 2.955, 1.596) cte=-0.005 closest=1962 target=2012 path_dist=0.005 heading_err=0.003 steer=-0.041 speed=4.868
[gpu_amcl_cpp_node-6] [INFO] [1789001900.382490250] [gpu_amcl_cpp]: AMCL local correction: odom_prediction=(-6.170, 3.195, 1.564) scan=(-6.173, 3.190, 1.568) correction=0.006 m/0.004 rad cluster_weight=0.964 publish=true
[gpu_amcl_cpp_node-6] [INFO] [1789001900.880897444] [gpu_amcl_cpp]: AMCL odom delta: at_scan=(-1.509, -7.692, 2.791) baseline=(-1.327, -7.755, 2.831) delta=(-0.182, 0.063, -0.040) moved=true scan_age=0.050s
[ground_truth_amcl_monitor-7] [INFO] [1789001900.985034136] [ground_truth_amcl_monitor]: AMCL vs GT: gt=(-5.711, 5.815) amcl=(-5.704, 5.773) error=0.042 m / 0.000 rad; current_map=(-5.707, 5.767, 1.169) error=0.047 m / 0.000 rad; odom=(-6.770, 4.975, 1.169) error=1.351 m / 0.000 rad; ekf=(-6.770, 4.975, 1.169) error=1.351 m / 0.000 rad; RMS=0.151 m / 0.040 rad max=0.701 m / 0.160 rad samples=3449
[component_container-9] [INFO] [1789001901.329618172] [pure_pursuit_node]: Pure Pursuit: pose=(-5.135, 6.747, 0.873) cte=0.000 closest=2162 target=2208 path_dist=0.000 heading_err=-0.001 steer=-0.154 speed=2.856
[gpu_amcl_cpp_node-6] [INFO] [1789001901.383312516] [gpu_amcl_cpp]: AMCL local correction: odom_prediction=(-5.139, 6.745, 0.863) scan=(-5.149, 6.735, 0.881) correction=0.014 m/0.018 rad cluster_weight=0.996 publish=true
[gpu_amcl_cpp_node-6] [INFO] [1789001901.931194900] [gpu_amcl_cpp]: AMCL odom delta: at_scan=(-3.602, -5.555, 1.736) baseline=(-3.569, -5.719, 1.807) delta=(-0.033, 0.164, -0.071) moved=true scan_age=0.051s
[ground_truth_amcl_monitor-7] [INFO] [1789001901.987656969] [ground_truth_amcl_monitor]: AMCL vs GT: gt=(-3.537, 7.625) amcl=(-3.557, 7.611) error=0.024 m / 0.000 rad; current_map=(-3.557, 7.607, 0.098) error=0.026 m / 0.000 rad; odom=(-4.583, 6.783, 0.098) error=1.342 m / 0.000 rad; ekf=(-4.583, 6.783, 0.098) error=1.342 m / 0.000 rad; RMS=0.151 m / 0.040 rad max=0.701 m / 0.160 rad samples=3489
[component_container-9] [INFO] [1789001902.378949120] [pure_pursuit_node]: Pure Pursuit: pose=(-2.050, 7.314, -0.499) cte=-0.033 closest=2331 target=2378 path_dist=0.033 heading_err=0.021 steer=-0.110 speed=4.026
[gpu_amcl_cpp_node-6] [INFO] [1789001902.383496933] [gpu_amcl_cpp]: AMCL local correction: odom_prediction=(-2.202, 7.395, -0.444) scan=(-2.197, 7.397, -0.439) correction=0.005 m/0.006 rad cluster_weight=0.968 publish=true
[gpu_amcl_cpp_node-6] [INFO] [1789001902.981443754] [gpu_amcl_cpp]: AMCL odom delta: at_scan=(-1.559, -2.218, 0.513) baseline=(-1.780, -2.352, 0.575) delta=(0.221, 0.134, -0.062) moved=true scan_age=0.051s
[ground_truth_amcl_monitor-7] [INFO] [1789001902.987597768] [ground_truth_amcl_monitor]: AMCL vs GT: gt=(-0.387, 5.588) amcl=(-0.394, 5.605) error=0.018 m / 0.000 rad; current_map=(-0.388, 5.587, -1.058) error=0.002 m / 0.000 rad; odom=(-1.417, 4.717, -1.058) error=1.350 m / 0.000 rad; ekf=(-1.417, 4.717, -1.058) error=1.350 m / 0.000 rad; RMS=0.151 m / 0.040 rad max=0.701 m / 0.160 rad samples=3529
[component_container-9] [INFO] [1789001903.379245397] [pure_pursuit_node]: Pure Pursuit: pose=(0.598, 3.315, -1.345) cte=-0.020 closest=2575 target=42 path_dist=0.020 heading_err=0.088 steer=0.060 speed=5.789
[gpu_amcl_cpp_node-6] [INFO] [1789001903.384614505] [gpu_amcl_cpp]: AMCL local correction: odom_prediction=(0.528, 3.588, -1.269) scan=(0.536, 3.600, -1.267) correction=0.014 m/0.002 rad cluster_weight=0.915 publish=true
[gpu_amcl_cpp_node-6] [WARN] [1789001903.783179925] [gpu_amcl_cpp]: No local AMCL cluster near odometry prediction; using causal odometry pose.
[gpu_amcl_cpp_node-6] [INFO] [1789001904.031131863] [gpu_amcl_cpp]: AMCL odom delta: at_scan=(3.950, -0.495, 0.134) baseline=(3.678, -0.532, 0.138) delta=(0.272, 0.037, -0.004) moved=true scan_age=0.051s
[ground_truth_amcl_monitor-7] [INFO] [1789001904.032167872] [ground_truth_amcl_monitor]: AMCL vs GT: gt=(1.322, 0.160) amcl=(1.258, 0.513) error=0.359 m / 0.004 rad; current_map=(1.295, 0.241, -1.437) error=0.085 m / 0.000 rad; odom=(0.306, -0.792, -1.437) error=1.393 m / 0.000 rad; ekf=(0.306, -0.792, -1.437) error=1.393 m / 0.000 rad; RMS=0.152 m / 0.040 rad max=0.701 m / 0.160 rad samples=3570
[gpu_amcl_cpp_node-6] [INFO] [1789001904.080310264] [gpu_amcl_cpp]: Received LiDAR callback #1801 (1081 ranges).
[gpu_amcl_cpp_node-6] [INFO] [1789001904.080381959] [gpu_amcl_cpp]: Starting AMCL scan update #1801 (sampled from 1081 ranges).
[gpu_amcl_cpp_node-6] [INFO] [1789001904.080940860] [gpu_amcl_cpp]: AMCL scan update #1801 completed; evaluating pose confidence.
[component_container-9] [INFO] [1789001904.379954050] [pure_pursuit_node]: Pure Pursuit: pose=(1.363, -2.109, -1.595) cte=-0.022 closest=265 target=318 path_dist=0.022 heading_err=-0.029 steer=-0.052 speed=6.060
[gpu_amcl_cpp_node-6] [INFO] [1789001904.433979306] [gpu_amcl_cpp]: AMCL local correction: odom_prediction=(1.386, -2.122, -1.564) scan=(1.390, -2.107, -1.561) correction=0.015 m/0.003 rad cluster_weight=0.931 publish=true
[gpu_amcl_cpp_node-6] [INFO] [1789001905.031297595] [gpu_amcl_cpp]: AMCL odom delta: at_scan=(9.827, -0.954, -0.190) baseline=(9.549, -0.901, -0.187) delta=(0.278, -0.053, -0.002) moved=true scan_age=0.050s
[ground_truth_amcl_monitor-7] [INFO] [1789001905.037133390] [ground_truth_amcl_monitor]: AMCL vs GT: gt=(0.876, -5.632) amcl=(0.896, -5.570) error=0.065 m / 0.000 rad; current_map=(0.896, -5.576, -1.760) error=0.060 m / 0.000 rad; odom=(-0.153, -6.669, -1.760) error=1.461 m / 0.000 rad; ekf=(-0.153, -6.669, -1.760) error=1.461 m / 0.000 rad; RMS=0.153 m / 0.040 rad max=0.701 m / 0.160 rad samples=3611
[component_container-9] [INFO] [1789001905.428735865] [pure_pursuit_node]: Pure Pursuit: pose=(0.481, -7.477, -1.760) cte=-0.041 closest=537 target=585 path_dist=0.041 heading_err=-0.050 steer=-0.111 speed=3.698
[gpu_amcl_cpp_node-6] [INFO] [1789001905.482954084] [gpu_amcl_cpp]: AMCL local correction: odom_prediction=(0.470, -7.473, -1.818) scan=(0.475, -7.463, -1.802) correction=0.011 m/0.016 rad cluster_weight=0.977 publish=true
[gpu_amcl_cpp_node-6] [INFO] [1789001906.081406926] [gpu_amcl_cpp]: AMCL odom delta: at_scan=(13.476, -1.958, -0.521) baseline=(13.369, -1.900, -0.470) delta=(0.108, -0.058, -0.051) moved=true scan_age=0.051s
[ground_truth_amcl_monitor-7] [INFO] [1789001906.082059473] [ground_truth_amcl_monitor]: AMCL vs GT: gt=(-0.135, -9.324) amcl=(-0.056, -9.176) error=0.167 m / 0.051 rad; current_map=(-0.115, -9.283, -2.092) error=0.045 m / 0.000 rad; odom=(-1.158, -10.318, -2.092) error=1.426 m / 0.000 rad; ekf=(-1.158, -10.318, -2.092) error=1.426 m / 0.000 rad; RMS=0.153 m / 0.040 rad max=0.701 m / 0.160 rad samples=3652
[component_container-9] [INFO] [1789001906.428762845] [pure_pursuit_node]: Pure Pursuit: pose=(-0.745, -9.962, -2.625) cte=-0.023 closest=677 target=722 path_dist=0.023 heading_err=0.017 steer=-0.275 speed=2.509
[gpu_amcl_cpp_node-6] [INFO] [1789001906.483749900] [gpu_amcl_cpp]: AMCL local correction: odom_prediction=(-0.748, -9.972, -2.640) scan=(-0.745, -9.976, -2.621) correction=0.005 m/0.019 rad cluster_weight=0.999 publish=true
[ground_truth_amcl_monitor-7] [INFO] [1789001907.086585675] [ground_truth_amcl_monitor]: AMCL vs GT: gt=(-2.123, -9.927) amcl=(-2.131, -9.898) error=0.031 m / 0.000 rad; current_map=(-2.135, -9.891, 2.518) error=0.038 m / 0.000 rad; odom=(-3.192, -10.925, 2.518) error=1.462 m / 0.000 rad; ekf=(-3.192, -10.925, 2.518) error=1.462 m / 0.000 rad; RMS=0.153 m / 0.040 rad max=0.701 m / 0.160 rad samples=3693
[gpu_amcl_cpp_node-6] [INFO] [1789001907.131037226] [gpu_amcl_cpp]: AMCL odom delta: at_scan=(14.006, -4.090, -2.275) baseline=(14.083, -3.992, -2.194) delta=(-0.077, -0.098, -0.081) moved=true scan_age=0.051s
[component_container-9] [INFO] [1789001907.429355870] [pure_pursuit_node]: Pure Pursuit: pose=(-2.783, -9.036, 1.991) cte=-0.039 closest=803 target=848 path_dist=0.039 heading_err=0.026 steer=-0.085 speed=3.644
[gpu_amcl_cpp_node-6] [INFO] [1789001907.533742352] [gpu_amcl_cpp]: AMCL local correction: odom_prediction=(-2.853, -8.871, 1.952) scan=(-2.851, -8.875, 1.959) correction=0.005 m/0.007 rad cluster_weight=0.976 publish=true
[ground_truth_amcl_monitor-7] [INFO] [1789001908.086740195] [ground_truth_amcl_monitor]: AMCL vs GT: gt=(-3.167, -6.674) amcl=(-3.154, -6.691) error=0.021 m / 0.000 rad; current_map=(-3.156, -6.690, 1.526) error=0.019 m / 0.000 rad; odom=(-4.226, -7.679, 1.526) error=1.459 m / 0.000 rad; ekf=(-4.226, -7.679, 1.526) error=1.459 m / 0.000 rad; RMS=0.152 m / 0.040 rad max=0.701 m / 0.160 rad samples=3733
[gpu_amcl_cpp_node-6] [INFO] [1789001908.180623043] [gpu_amcl_cpp]: AMCL odom delta: at_scan=(10.332, -4.983, 3.014) baseline=(10.587, -5.010, 3.056) delta=(-0.254, 0.027, -0.042) moved=true scan_age=0.050s
[component_container-9] [INFO] [1789001908.430350470] [pure_pursuit_node]: Pure Pursuit: pose=(-2.806, -4.715, 1.282) cte=-0.014 closest=1022 target=1074 path_dist=0.014 heading_err=-0.003 steer=0.006 speed=5.314
[gpu_amcl_cpp_node-6] [INFO] [1789001908.583344569] [gpu_amcl_cpp]: AMCL local correction: odom_prediction=(-2.653, -4.224, 1.252) scan=(-2.662, -4.240, 1.244) correction=0.018 m/0.008 rad cluster_weight=0.941 publish=true
[gpu_amcl_cpp_node-6] [INFO] [1789001909.080696638] [gpu_amcl_cpp]: Received LiDAR callback #1901 (1081 ranges).
[gpu_amcl_cpp_node-6] [INFO] [1789001909.080765698] [gpu_amcl_cpp]: Starting AMCL scan update #1901 (sampled from 1081 ranges).
[gpu_amcl_cpp_node-6] [INFO] [1789001909.081595098] [gpu_amcl_cpp]: AMCL scan update #1901 completed; evaluating pose confidence.
[ground_truth_amcl_monitor-7] [INFO] [1789001909.131356035] [ground_truth_amcl_monitor]: AMCL vs GT: gt=(-1.816, -1.271) amcl=(-1.864, -1.529) error=0.262 m / 0.020 rad; current_map=(-1.812, -1.289, 1.367) error=0.018 m / 0.000 rad; odom=(-2.915, -2.465, 1.347) error=1.622 m / 0.020 rad; ekf=(-2.915, -2.465, 1.347) error=1.622 m / 0.020 rad; RMS=0.153 m / 0.040 rad max=0.701 m / 0.160 rad samples=3774
[gpu_amcl_cpp_node-6] [INFO] [1789001909.231149308] [gpu_amcl_cpp]: AMCL odom delta: at_scan=(4.926, -3.564, 2.916) baseline=(5.156, -3.615, 2.928) delta=(-0.230, 0.051, -0.012) moved=true scan_age=0.051s
[component_container-9] [INFO] [1789001909.479287366] [pure_pursuit_node]: Pure Pursuit: pose=(-1.473, 0.482, 1.429) cte=-0.010 closest=1291 target=1339 path_dist=0.010 heading_err=-0.043 steer=-0.022 speed=3.764
[gpu_amcl_cpp_node-6] [INFO] [1789001909.585381890] [gpu_amcl_cpp]: AMCL local correction: odom_prediction=(-1.443, 0.637, 1.387) scan=(-1.444, 0.671, 1.387) correction=0.034 m/0.001 rad cluster_weight=0.930 publish=true
[ground_truth_amcl_monitor-7] [INFO] [1789001910.131596045] [ground_truth_amcl_monitor]: AMCL vs GT: gt=(-1.285, 2.405) amcl=(-1.262, 2.310) error=0.098 m / 0.067 rad; current_map=(-1.271, 2.444, 1.667) error=0.041 m / 0.000 rad; odom=(-2.332, 1.476, 1.667) error=1.400 m / 0.000 rad; ekf=(-2.332, 1.476, 1.667) error=1.400 m / 0.000 rad; RMS=0.153 m / 0.039 rad max=0.701 m / 0.160 rad samples=3814
[gpu_amcl_cpp_node-6] [INFO] [1789001910.280058932] [gpu_amcl_cpp]: AMCL odom delta: at_scan=(1.357, -3.183, -2.933) baseline=(1.450, -3.165, -2.958) delta=(-0.093, -0.019, 0.025) moved=true scan_age=0.050s
[component_container-9] [INFO] [1789001910.528593306] [pure_pursuit_node]: Pure Pursuit: pose=(-1.482, 3.260, 2.011) cte=-0.004 closest=1432 target=1475 path_dist=0.004 heading_err=-0.020 steer=0.290 speed=1.928
[gpu_amcl_cpp_node-6] [INFO] [1789001910.634501419] [gpu_amcl_cpp]: AMCL local correction: odom_prediction=(-1.526, 3.327, 2.082) scan=(-1.525, 3.335, 2.073) correction=0.008 m/0.009 rad cluster_weight=0.986 publish=true
[ground_truth_amcl_monitor-7] [INFO] [1789001911.135871555] [ground_truth_amcl_monitor]: AMCL vs GT: gt=(-2.218, 3.797) amcl=(-2.225, 3.833) error=0.037 m / 0.000 rad; current_map=(-2.229, 3.836, 3.028) error=0.041 m / 0.000 rad; odom=(-3.305, 2.893, 3.028) error=1.414 m / 0.000 rad; ekf=(-3.305, 2.893, 3.028) error=1.414 m / 0.000 rad; RMS=0.152 m / 0.040 rad max=0.701 m / 0.160 rad samples=3855
[gpu_amcl_cpp_node-6] [INFO] [1789001911.330009144] [gpu_amcl_cpp]: AMCL odom delta: at_scan=(0.305, -4.465, -1.236) baseline=(0.280, -4.379, -1.347) delta=(0.025, -0.086, 0.111) moved=true scan_age=0.050s
[component_container-9] [INFO] [1789001911.529260119] [pure_pursuit_node]: Pure Pursuit: pose=(-2.912, 3.514, -2.260) cte=-0.001 closest=1523 target=1567 path_dist=0.001 heading_err=0.087 steer=0.290 speed=2.241
[gpu_amcl_cpp_node-6] [INFO] [1789001911.683041308] [gpu_amcl_cpp]: AMCL local correction: odom_prediction=(-3.010, 3.330, -2.075) scan=(-2.999, 3.324, -2.077) correction=0.012 m/0.002 rad cluster_weight=0.970 publish=true
[ground_truth_amcl_monitor-7] [INFO] [1789001912.136763572] [ground_truth_amcl_monitor]: AMCL vs GT: gt=(-3.259, 2.210) amcl=(-3.243, 2.174) error=0.040 m / 0.000 rad; current_map=(-3.244, 2.179, -1.654) error=0.034 m / 0.000 rad; odom=(-4.411, 1.295, -1.654) error=1.471 m / 0.000 rad; ekf=(-4.411, 1.295, -1.654) error=1.471 m / 0.000 rad; RMS=0.151 m / 0.040 rad max=0.701 m / 0.160 rad samples=3895
[gpu_amcl_cpp_node-6] [INFO] [1789001912.330862848] [gpu_amcl_cpp]: AMCL odom delta: at_scan=(2.535, -5.264, -0.085) baseline=(2.366, -5.251, -0.077) delta=(0.169, -0.014, -0.008) moved=true scan_age=0.050s
[component_container-9] [INFO] [1789001912.530288301] [pure_pursuit_node]: Pure Pursuit: pose=(-3.417, 0.778, -1.820) cte=0.032 closest=1663 target=1709 path_dist=0.032 heading_err=0.021 steer=-0.131 speed=2.292
[gpu_amcl_cpp_node-6] [INFO] [1789001912.683558630] [gpu_amcl_cpp]: AMCL local correction: odom_prediction=(-3.478, 0.595, -1.912) scan=(-3.482, 0.586, -1.898) correction=0.010 m/0.015 rad cluster_weight=0.985 publish=true
[ground_truth_amcl_monitor-7] [INFO] [1789001913.182063818] [ground_truth_amcl_monitor]: AMCL vs GT: gt=(-4.024, -0.250) amcl=(-3.925, -0.182) error=0.120 m / 0.071 rad; current_map=(-4.000, -0.243, -2.490) error=0.025 m / 0.000 rad; odom=(-5.181, -1.150, -2.490) error=1.466 m / 0.000 rad; ekf=(-5.181, -1.150, -2.490) error=1.466 m / 0.000 rad; RMS=0.151 m / 0.040 rad max=0.701 m / 0.160 rad samples=3936
[gpu_amcl_cpp_node-6] [INFO] [1789001913.332603100] [gpu_amcl_cpp]: AMCL odom delta: at_scan=(4.458, -6.233, -1.151) baseline=(4.414, -6.143, -1.066) delta=(0.044, -0.089, -0.085) moved=true scan_age=0.051s
[component_container-9] [INFO] [1789001913.579346455] [pure_pursuit_node]: Pure Pursuit: pose=(-4.796, -0.484, 2.994) cte=-0.002 closest=1766 target=1809 path_dist=0.002 heading_err=0.035 steer=-0.339 speed=2.016
[gpu_amcl_cpp_node-6] [INFO] [1789001913.733112035] [gpu_amcl_cpp]: AMCL local correction: odom_prediction=(-4.971, -0.442, 2.793) scan=(-4.963, -0.458, 2.811) correction=0.018 m/0.018 rad cluster_weight=0.970 publish=true
[gpu_amcl_cpp_node-6] [INFO] [1789001914.080781383] [gpu_amcl_cpp]: Received LiDAR callback #2001 (1081 ranges).
[gpu_amcl_cpp_node-6] [INFO] [1789001914.080846195] [gpu_amcl_cpp]: Starting AMCL scan update #2001 (sampled from 1081 ranges).
[gpu_amcl_cpp_node-6] [INFO] [1789001914.081912831] [gpu_amcl_cpp]: AMCL scan update #2001 completed; evaluating pose confidence.
[ground_truth_amcl_monitor-7] [INFO] [1789001914.182670107] [ground_truth_amcl_monitor]: AMCL vs GT: gt=(-5.677, 0.226) amcl=(-5.597, 0.112) error=0.140 m / 0.068 rad; current_map=(-5.657, 0.219, 2.046) error=0.021 m / 0.000 rad; odom=(-6.869, -0.677, 2.046) error=1.495 m / 0.000 rad; ekf=(-6.869, -0.677, 2.046) error=1.495 m / 0.000 rad; RMS=0.150 m / 0.040 rad max=0.701 m / 0.160 rad samples=3976
[gpu_amcl_cpp_node-6] [INFO] [1789001914.334366896] [gpu_amcl_cpp]: AMCL odom delta: at_scan=(3.445, -7.829, -2.822) baseline=(3.588, -7.779, -2.780) delta=(-0.143, -0.051, -0.042) moved=true scan_age=0.053s
[component_container-9] [INFO] [1789001914.629115996] [pure_pursuit_node]: Pure Pursuit: pose=(-6.029, 1.537, 1.664) cte=-0.021 closest=1891 target=1935 path_dist=0.021 heading_err=0.099 steer=0.033 speed=4.545
[gpu_amcl_cpp_node-6] [INFO] [1789001914.733561769] [gpu_amcl_cpp]: AMCL local correction: odom_prediction=(-6.059, 1.731, 1.684) scan=(-6.067, 1.798, 1.686) correction=0.068 m/0.002 rad cluster_weight=0.930 publish=true
[gpu_amcl_cpp_node-6] [WARN] [1789001914.833483644] [gpu_amcl_cpp]: No local AMCL cluster near odometry prediction; using causal odometry pose.
[ground_truth_amcl_monitor-7] [INFO] [1789001915.205849740] [ground_truth_amcl_monitor]: AMCL vs GT: gt=(-6.275, 4.395) amcl=(-6.119, 2.852) error=1.551 m / 0.027 rad; current_map=(-6.129, 2.966, 1.676) error=1.436 m / 0.000 rad; odom=(-7.318, 1.840, 1.676) error=2.759 m / 0.000 rad; ekf=(-7.318, 1.840, 1.676) error=2.759 m / 0.000 rad; RMS=0.163 m / 0.040 rad max=1.551 m / 0.160 rad samples=4014
[gpu_amcl_cpp_node-6] [INFO] [1789001915.355545826] [gpu_amcl_cpp]: AMCL odom delta: at_scan=(0.973, -8.138, 3.117) baseline=(1.089, -8.137, -3.104) delta=(-0.115, -0.001, -0.063) moved=true scan_age=0.050s
[gpu_amcl_cpp_node-6] [INFO] [1789001915.459857427] [gpu_amcl_cpp]: AMCL recovery candidate: pose=(-6.121, 3.482, 1.530) weight=0.891 stable_scans=1/3 odom_prediction=(-6.138, 3.562).
[component_container-9] [INFO] [1789001915.654092549] [pure_pursuit_node]: Pure Pursuit: pose=(-6.100, 4.099, 1.425) cte=0.015 closest=2019 target=2064 path_dist=0.015 heading_err=0.035 steer=0.040 speed=4.432
[gpu_amcl_cpp_node-6] [INFO] [1789001915.758527071] [gpu_amcl_cpp]: AMCL local correction: odom_prediction=(-6.104, 4.188, 1.376) scan=(-6.155, 4.201, 1.440) correction=0.053 m/0.064 rad cluster_weight=0.924 publish=true
[gpu_amcl_cpp_node-6] [WARN] [1789001915.858101332] [gpu_amcl_cpp]: No local AMCL cluster near odometry prediction; using causal odometry pose.
[actuator_interface-10] [ERROR] [1789001916.031498563] [autodrive_actuator_interface]: Collision count increased to 1; terminal stop latched, no simulator reset published
[ground_truth_amcl_monitor-7] [INFO] [1789001916.032041314] [ground_truth_amcl_monitor]: Collision epoch changed; discarding localization comparison; waiting for fresh AMCL alignment
[actuator_interface-10] [WARN] [1789001916.049661122] [autodrive_actuator_interface]: Neutral output: external stop
[gpu_amcl_cpp_node-6] [WARN] [1789001916.134425199] [gpu_amcl_cpp]: AMCL accepted confirmed lost-track recovery after 3 scans.
[gpu_amcl_cpp_node-6] [INFO] [1789001916.380558056] [gpu_amcl_cpp]: AMCL odom delta: at_scan=(-1.145, -7.908, 2.984) baseline=(-1.145, -7.908, 2.984) delta=(0.000, 0.000, -0.000) moved=false scan_age=0.051s
[component_container-9] [INFO] [1789001916.679388682] [pure_pursuit_node]: Pure Pursuit: pose=(-5.923, 5.423, 1.407) cte=-0.086 closest=2086 target=2124 path_dist=0.086 heading_err=-0.157 steer=-0.352 speed=2.696
[gpu_amcl_cpp_node-6] [INFO] [1789001917.430426092] [gpu_amcl_cpp]: AMCL odom delta: at_scan=(-1.145, -7.908, 2.985) baseline=(-1.145, -7.908, 2.984) delta=(0.000, 0.000, 0.000) moved=false scan_age=0.050s
[component_container-9] [INFO] [1789001917.729613048] [pure_pursuit_node]: Pure Pursuit: pose=(-5.923, 5.423, 1.407) cte=-0.086 closest=2086 target=2124 path_dist=0.086 heading_err=-0.157 steer=-0.352 speed=2.697
[gpu_amcl_cpp_node-6] [INFO] [1789001918.430643599] [gpu_amcl_cpp]: AMCL odom delta: at_scan=(-1.145, -7.908, 2.985) baseline=(-1.145, -7.908, 2.984) delta=(0.000, 0.000, 0.000) moved=false scan_age=0.049s
[component_container-9] [INFO] [1789001918.779023854] [pure_pursuit_node]: Pure Pursuit: pose=(-5.923, 5.423, 1.407) cte=-0.086 closest=2086 target=2124 path_dist=0.086 heading_err=-0.157 steer=-0.352 speed=2.697
[gpu_amcl_cpp_node-6] [INFO] [1789001919.130241786] [gpu_amcl_cpp]: Received LiDAR callback #2100 (1081 ranges).
[gpu_amcl_cpp_node-6] [INFO] [1789001919.479766454] [gpu_amcl_cpp]: AMCL odom delta: at_scan=(-1.145, -7.908, 2.985) baseline=(-1.145, -7.908, 2.984) delta=(0.000, 0.000, 0.000) moved=false scan_age=0.050s
[gpu_amcl_cpp_node-6] [WARN] [1789001919.680778911] [gpu_amcl_cpp]: Queued LiDAR scan until source-time odometry arrives (queued=1).
[component_container-9] [INFO] [1789001919.779090307] [pure_pursuit_node]: Pure Pursuit: pose=(-5.923, 5.423, 1.407) cte=-0.086 closest=2086 target=2124 path_dist=0.086 heading_err=-0.157 steer=-0.352 speed=2.697
[gpu_amcl_cpp_node-6] [INFO] [1789001920.480571516] [gpu_amcl_cpp]: AMCL odom delta: at_scan=(-1.145, -7.908, 2.985) baseline=(-1.145, -7.908, 2.984) delta=(0.000, 0.000, 0.000) moved=false scan_age=0.050s
[component_container-9] [INFO] [1789001920.828817639] [pure_pursuit_node]: Pure Pursuit: pose=(-5.923, 5.423, 1.407) cte=-0.086 closest=2086 target=2124 path_dist=0.086 heading_err=-0.157 steer=-0.352 speed=2.697
[gpu_amcl_cpp_node-6] [INFO] [1789001921.482099998] [gpu_amcl_cpp]: AMCL odom delta: at_scan=(-1.145, -7.908, 2.985) baseline=(-1.145, -7.908, 2.984) delta=(0.000, 0.000, 0.000) moved=false scan_age=0.052s
[component_container-9] [INFO] [1789001921.831183536] [pure_pursuit_node]: Pure Pursuit: pose=(-5.923, 5.423, 1.407) cte=-0.086 closest=2086 target=2124 path_dist=0.086 heading_err=-0.157 steer=-0.352 speed=2.697
[gpu_amcl_cpp_node-6] [INFO] [1789001922.530747138] [gpu_amcl_cpp]: AMCL odom delta: at_scan=(-1.145, -7.908, 2.985) baseline=(-1.145, -7.908, 2.984) delta=(0.000, 0.000, 0.000) moved=false scan_age=0.050s
[component_container-9] [INFO] [1789001922.879260734] [pure_pursuit_node]: Pure Pursuit: pose=(-5.923, 5.423, 1.407) cte=-0.086 closest=2086 target=2124 path_dist=0.086 heading_err=-0.157 steer=-0.352 speed=2.697
[gpu_amcl_cpp_node-6] [INFO] [1789001923.559837396] [gpu_amcl_cpp]: AMCL odom delta: at_scan=(-1.145, -7.908, 2.985) baseline=(-1.145, -7.908, 2.984) delta=(0.000, 0.000, 0.000) moved=false scan_age=0.050s
[component_container-9] [INFO] [1789001923.881758308] [pure_pursuit_node]: Pure Pursuit: pose=(-5.923, 5.423, 1.407) cte=-0.086 closest=2086 target=2124 path_dist=0.086 heading_err=-0.157 steer=-0.352 speed=2.697
[gpu_amcl_cpp_node-6] [INFO] [1789001924.131579892] [gpu_amcl_cpp]: Received LiDAR callback #2200 (1081 ranges).
[gpu_amcl_cpp_node-6] [WARN] [1789001924.481344541] [gpu_amcl_cpp]: Queued LiDAR scan until source-time odometry arrives (queued=1).
[gpu_amcl_cpp_node-6] [INFO] [1789001924.581547915] [gpu_amcl_cpp]: AMCL odom delta: at_scan=(-1.145, -7.908, 2.985) baseline=(-1.145, -7.908, 2.984) delta=(0.000, 0.000, 0.000) moved=false scan_age=0.050s
[component_container-9] [INFO] [1789001924.929429242] [pure_pursuit_node]: Pure Pursuit: pose=(-5.923, 5.423, 1.407) cte=-0.086 closest=2086 target=2124 path_dist=0.086 heading_err=-0.157 steer=-0.352 speed=2.697
[gpu_amcl_cpp_node-6] [INFO] [1789001925.630946237] [gpu_amcl_cpp]: AMCL odom delta: at_scan=(-1.145, -7.908, 2.985) baseline=(-1.145, -7.908, 2.984) delta=(0.000, 0.000, 0.000) moved=false scan_age=0.050s
[component_container-9] [INFO] [1789001925.929822449] [pure_pursuit_node]: Pure Pursuit: pose=(-5.923, 5.423, 1.407) cte=-0.086 closest=2086 target=2124 path_dist=0.086 heading_err=-0.157 steer=-0.352 speed=2.697
[gpu_amcl_cpp_node-6] [INFO] [1789001926.632912743] [gpu_amcl_cpp]: AMCL odom delta: at_scan=(-1.145, -7.908, 2.985) baseline=(-1.145, -7.908, 2.984) delta=(0.000, 0.000, 0.000) moved=false scan_age=0.051s
[component_container-9] [INFO] [1789001926.954737594] [pure_pursuit_node]: Pure Pursuit: pose=(-5.923, 5.423, 1.407) cte=-0.086 closest=2086 target=2124 path_dist=0.086 heading_err=-0.157 steer=-0.352 speed=2.697
[gpu_amcl_cpp_node-6] [INFO] [1789001927.656169369] [gpu_amcl_cpp]: AMCL odom delta: at_scan=(-1.145, -7.908, 2.985) baseline=(-1.145, -7.908, 2.984) delta=(0.000, 0.000, 0.000) moved=false scan_age=0.051s
[component_container-9] [INFO] [1789001928.004059091] [pure_pursuit_node]: Pure Pursuit: pose=(-5.923, 5.423, 1.407) cte=-0.086 closest=2086 target=2124 path_dist=0.086 heading_err=-0.157 steer=-0.352 speed=2.697
[gpu_amcl_cpp_node-6] [INFO] [1789001928.705437275] [gpu_amcl_cpp]: AMCL odom delta: at_scan=(-1.145, -7.908, 2.985) baseline=(-1.145, -7.908, 2.984) delta=(0.000, 0.000, 0.000) moved=false scan_age=0.050s
[component_container-9] [INFO] [1789001929.054570396] [pure_pursuit_node]: Pure Pursuit: pose=(-5.923, 5.423, 1.407) cte=-0.086 closest=2086 target=2124 path_dist=0.086 heading_err=-0.157 steer=-0.352 speed=2.697
[gpu_amcl_cpp_node-6] [INFO] [1789001929.155646462] [gpu_amcl_cpp]: Received LiDAR callback #2301 (1081 ranges).
[gpu_amcl_cpp_node-6] [INFO] [1789001929.707094008] [gpu_amcl_cpp]: AMCL odom delta: at_scan=(-1.145, -7.908, 2.985) baseline=(-1.145, -7.908, 2.984) delta=(0.000, 0.000, 0.000) moved=false scan_age=0.052s
[component_container-9] [INFO] [1789001930.083199536] [pure_pursuit_node]: Pure Pursuit: pose=(-5.923, 5.423, 1.407) cte=-0.086 closest=2086 target=2124 path_dist=0.086 heading_err=-0.157 steer=-0.352 speed=2.697
[gpu_amcl_cpp_node-6] [INFO] [1789001930.755876521] [gpu_amcl_cpp]: AMCL odom delta: at_scan=(-1.145, -7.908, 2.985) baseline=(-1.145, -7.908, 2.984) delta=(0.000, 0.000, 0.000) moved=false scan_age=0.050s
[component_container-9] [INFO] [1789001931.104785941] [pure_pursuit_node]: Pure Pursuit: pose=(-5.923, 5.423, 1.407) cte=-0.086 closest=2086 target=2124 path_dist=0.086 heading_err=-0.157 steer=-0.352 speed=2.697
[gpu_amcl_cpp_node-6] [INFO] [1789001931.805209540] [gpu_amcl_cpp]: AMCL odom delta: at_scan=(-1.145, -7.908, 2.985) baseline=(-1.145, -7.908, 2.984) delta=(0.000, 0.000, 0.000) moved=false scan_age=0.050s
[component_container-9] [INFO] [1789001932.107242879] [pure_pursuit_node]: Pure Pursuit: pose=(-5.923, 5.423, 1.407) cte=-0.086 closest=2086 target=2124 path_dist=0.086 heading_err=-0.157 steer=-0.352 speed=2.697
[gpu_amcl_cpp_node-6] [WARN] [1789001932.305680153] [gpu_amcl_cpp]: Queued LiDAR scan until source-time odometry arrives (queued=1).
[gpu_amcl_cpp_node-6] [INFO] [1789001932.855477136] [gpu_amcl_cpp]: AMCL odom delta: at_scan=(-1.145, -7.908, 2.985) baseline=(-1.145, -7.908, 2.984) delta=(0.000, 0.000, 0.000) moved=false scan_age=0.050s
[component_container-9] [INFO] [1789001933.154984073] [pure_pursuit_node]: Pure Pursuit: pose=(-5.923, 5.423, 1.407) cte=-0.086 closest=2086 target=2124 path_dist=0.086 heading_err=-0.157 steer=-0.352 speed=2.697
[gpu_amcl_cpp_node-6] [INFO] [1789001933.860067966] [gpu_amcl_cpp]: AMCL odom delta: at_scan=(-1.145, -7.908, 2.985) baseline=(-1.145, -7.908, 2.984) delta=(0.000, 0.000, 0.000) moved=false scan_age=0.050s
[component_container-9] [INFO] [1789001934.181952329] [pure_pursuit_node]: Pure Pursuit: pose=(-5.923, 5.423, 1.407) cte=-0.086 closest=2086 target=2124 path_dist=0.086 heading_err=-0.157 steer=-0.352 speed=2.697
[gpu_amcl_cpp_node-6] [INFO] [1789001934.183271140] [gpu_amcl_cpp]: Received LiDAR callback #2402 (1081 ranges).
[gpu_amcl_cpp_node-6] [WARN] [1789001934.483598861] [gpu_amcl_cpp]: Queued LiDAR scan until source-time odometry arrives (queued=1).
[gpu_amcl_cpp_node-6] [INFO] [1789001934.860807283] [gpu_amcl_cpp]: AMCL odom delta: at_scan=(-1.145, -7.908, 2.985) baseline=(-1.145, -7.908, 2.984) delta=(0.000, 0.000, 0.000) moved=false scan_age=0.053s
[component_container-9] [INFO] [1789001935.228523814] [pure_pursuit_node]: Pure Pursuit: pose=(-5.923, 5.423, 1.407) cte=-0.086 closest=2086 target=2124 path_dist=0.086 heading_err=-0.157 steer=-0.352 speed=2.697
[gpu_amcl_cpp_node-6] [INFO] [1789001935.880476562] [gpu_amcl_cpp]: AMCL odom delta: at_scan=(-1.145, -7.908, 2.985) baseline=(-1.145, -7.908, 2.984) delta=(0.000, 0.000, 0.000) moved=false scan_age=0.050s
[component_container-9] [INFO] [1789001936.228526926] [pure_pursuit_node]: Pure Pursuit: pose=(-5.923, 5.423, 1.407) cte=-0.086 closest=2086 target=2124 path_dist=0.086 heading_err=-0.157 steer=-0.352 speed=2.697
[gpu_amcl_cpp_node-6] [INFO] [1789001936.930012591] [gpu_amcl_cpp]: AMCL odom delta: at_scan=(-1.145, -7.908, 2.985) baseline=(-1.145, -7.908, 2.984) delta=(0.000, 0.000, 0.000) moved=false scan_age=0.050s
[component_container-9] [INFO] [1789001937.228705197] [pure_pursuit_node]: Pure Pursuit: pose=(-5.923, 5.423, 1.407) cte=-0.086 closest=2086 target=2124 path_dist=0.086 heading_err=-0.157 steer=-0.352 speed=2.697
[gpu_amcl_cpp_node-6] [INFO] [1789001937.980299343] [gpu_amcl_cpp]: AMCL odom delta: at_scan=(-1.145, -7.908, 2.985) baseline=(-1.145, -7.908, 2.984) delta=(0.000, 0.000, 0.000) moved=false scan_age=0.050s
[component_container-9] [INFO] [1789001938.228869984] [pure_pursuit_node]: Pure Pursuit: pose=(-5.923, 5.423, 1.407) cte=-0.086 closest=2086 target=2124 path_dist=0.086 heading_err=-0.157 steer=-0.352 speed=2.697
[gpu_amcl_cpp_node-6] [INFO] [1789001938.981044480] [gpu_amcl_cpp]: AMCL odom delta: at_scan=(-1.145, -7.908, 2.985) baseline=(-1.145, -7.908, 2.984) delta=(0.000, 0.000, 0.000) moved=false scan_age=0.050s
[gpu_amcl_cpp_node-6] [INFO] [1789001939.229795580] [gpu_amcl_cpp]: Received LiDAR callback #2503 (1081 ranges).
[component_container-9] [INFO] [1789001939.278269857] [pure_pursuit_node]: Pure Pursuit: pose=(-5.923, 5.423, 1.407) cte=-0.086 closest=2086 target=2124 path_dist=0.086 heading_err=-0.157 steer=-0.352 speed=2.697
[gpu_amcl_cpp_node-6] [INFO] [1789001940.029868620] [gpu_amcl_cpp]: AMCL odom delta: at_scan=(-1.145, -7.908, 2.985) baseline=(-1.145, -7.908, 2.984) delta=(0.000, 0.000, 0.000) moved=false scan_age=0.050s
[component_container-9] [INFO] [1789001940.278450011] [pure_pursuit_node]: Pure Pursuit: pose=(-5.923, 5.423, 1.407) cte=-0.086 closest=2086 target=2124 path_dist=0.086 heading_err=-0.157 steer=-0.352 speed=2.697
[gpu_amcl_cpp_node-6] [INFO] [1789001941.030664714] [gpu_amcl_cpp]: AMCL odom delta: at_scan=(-1.145, -7.908, 2.985) baseline=(-1.145, -7.908, 2.984) delta=(0.000, 0.000, 0.000) moved=false scan_age=0.050s
[component_container-9] [INFO] [1789001941.329223939] [pure_pursuit_node]: Pure Pursuit: pose=(-5.923, 5.423, 1.407) cte=-0.086 closest=2086 target=2124 path_dist=0.086 heading_err=-0.157 steer=-0.352 speed=2.697
[gpu_amcl_cpp_node-6] [INFO] [1789001942.079925805] [gpu_amcl_cpp]: AMCL odom delta: at_scan=(-1.145, -7.908, 2.985) baseline=(-1.145, -7.908, 2.984) delta=(0.000, 0.000, 0.000) moved=false scan_age=0.050s
[component_container-9] [INFO] [1789001942.378179957] [pure_pursuit_node]: Pure Pursuit: pose=(-5.923, 5.423, 1.407) cte=-0.086 closest=2086 target=2124 path_dist=0.086 heading_err=-0.157 steer=-0.352 speed=2.697
[gpu_amcl_cpp_node-6] [WARN] [1789001942.782942289] [gpu_amcl_cpp]: Queued LiDAR scan until source-time odometry arrives (queued=1).
[gpu_amcl_cpp_node-6] [INFO] [1789001943.108211669] [gpu_amcl_cpp]: AMCL odom delta: at_scan=(-1.145, -7.908, 2.985) baseline=(-1.145, -7.908, 2.984) delta=(0.000, 0.000, 0.000) moved=false scan_age=0.052s
[component_container-9] [INFO] [1789001943.407527677] [pure_pursuit_node]: Pure Pursuit: pose=(-5.923, 5.423, 1.407) cte=-0.086 closest=2086 target=2124 path_dist=0.086 heading_err=-0.157 steer=-0.352 speed=2.697
[gpu_amcl_cpp_node-6] [INFO] [1789001944.130990004] [gpu_amcl_cpp]: AMCL odom delta: at_scan=(-1.145, -7.908, 2.985) baseline=(-1.145, -7.908, 2.984) delta=(0.000, 0.000, 0.000) moved=false scan_age=0.049s
[gpu_amcl_cpp_node-6] [INFO] [1789001944.231017667] [gpu_amcl_cpp]: Received LiDAR callback #2602 (1081 ranges).
[component_container-9] [INFO] [1789001944.428993494] [pure_pursuit_node]: Pure Pursuit: pose=(-5.923, 5.423, 1.407) cte=-0.086 closest=2086 target=2124 path_dist=0.086 heading_err=-0.157 steer=-0.352 speed=2.697
[gpu_amcl_cpp_node-6] [INFO] [1789001945.180919833] [gpu_amcl_cpp]: AMCL odom delta: at_scan=(-1.145, -7.908, 2.985) baseline=(-1.145, -7.908, 2.984) delta=(0.000, 0.000, 0.000) moved=false scan_age=0.050s
[component_container-9] [INFO] [1789001945.479433041] [pure_pursuit_node]: Pure Pursuit: pose=(-5.923, 5.423, 1.407) cte=-0.086 closest=2086 target=2124 path_dist=0.086 heading_err=-0.157 steer=-0.352 speed=2.697
[gpu_amcl_cpp_node-6] [INFO] [1789001946.230316630] [gpu_amcl_cpp]: AMCL odom delta: at_scan=(-1.145, -7.908, 2.985) baseline=(-1.145, -7.908, 2.984) delta=(0.000, 0.000, 0.000) moved=false scan_age=0.049s
[component_container-9] [INFO] [1789001946.529110937] [pure_pursuit_node]: Pure Pursuit: pose=(-5.923, 5.423, 1.407) cte=-0.086 closest=2086 target=2124 path_dist=0.086 heading_err=-0.157 steer=-0.352 speed=2.697
[gpu_amcl_cpp_node-6] [WARN] [1789001947.080035779] [gpu_amcl_cpp]: Queued LiDAR scan until source-time odometry arrives (queued=1).
[gpu_amcl_cpp_node-6] [INFO] [1789001947.279664314] [gpu_amcl_cpp]: AMCL odom delta: at_scan=(-1.145, -7.908, 2.985) baseline=(-1.145, -7.908, 2.984) delta=(0.000, 0.000, 0.000) moved=false scan_age=0.050s
[component_container-9] [INFO] [1789001947.579525908] [pure_pursuit_node]: Pure Pursuit: pose=(-5.923, 5.423, 1.407) cte=-0.086 closest=2086 target=2124 path_dist=0.086 heading_err=-0.157 steer=-0.352 speed=2.697
[gpu_amcl_cpp_node-6] [INFO] [1789001948.280612282] [gpu_amcl_cpp]: AMCL odom delta: at_scan=(-1.145, -7.908, 2.985) baseline=(-1.145, -7.908, 2.984) delta=(0.000, 0.000, 0.000) moved=false scan_age=0.050s
[component_container-9] [INFO] [1789001948.580877024] [pure_pursuit_node]: Pure Pursuit: pose=(-5.923, 5.423, 1.407) cte=-0.086 closest=2086 target=2124 path_dist=0.086 heading_err=-0.157 steer=-0.352 speed=2.697
[WARNING] [launch]: user interrupted with ctrl-c (SIGINT)
[INFO] [actuator_interface-10]: sending signal 'SIGINT' to process[actuator_interface-10]
[INFO] [component_container-9]: sending signal 'SIGINT' to process[component_container-9]
[INFO] [calibration-8]: sending signal 'SIGINT' to process[calibration-8]
[INFO] [ground_truth_amcl_monitor-7]: sending signal 'SIGINT' to process[ground_truth_amcl_monitor-7]
[INFO] [gpu_amcl_cpp_node-6]: sending signal 'SIGINT' to process[gpu_amcl_cpp_node-6]
[INFO] [lifecycle_manager-5]: sending signal 'SIGINT' to process[lifecycle_manager-5]
[INFO] [map_server-4]: sending signal 'SIGINT' to process[map_server-4]
[INFO] [ekf_localization_node-3]: sending signal 'SIGINT' to process[ekf_localization_node-3]
[INFO] [sensor_odometry_node-2]: sending signal 'SIGINT' to process[sensor_odometry_node-2]
[INFO] [autodrive_bridge_40hz-1]: sending signal 'SIGINT' to process[autodrive_bridge_40hz-1]
[gpu_amcl_cpp_node-6] [INFO] [1789001949.232557600] [gpu_amcl_cpp]: Received LiDAR callback #2704 (1081 ranges).
[gpu_amcl_cpp_node-6] [INFO] [1789001949.281877847] [gpu_amcl_cpp]: AMCL odom delta: at_scan=(-1.145, -7.908, 2.985) baseline=(-1.145, -7.908, 2.984) delta=(0.000, 0.000, 0.000) moved=false scan_age=0.049s
[actuator_interface-10] Traceback (most recent call last):
[actuator_interface-10]   File "/workspace/install/lib/sdu_apex_autodrive/actuator_interface", line 33, in <module>
[actuator_interface-10]     sys.exit(load_entry_point('sdu-apex-autodrive', 'console_scripts', 'actuator_interface')())
[actuator_interface-10]   File "/workspace/build/sdu_apex_autodrive/sdu_apex_autodrive/actuator_interface.py", line 615, in main
[actuator_interface-10]     node._publish(0.0, 0.0)
[actuator_interface-10]   File "/workspace/build/sdu_apex_autodrive/sdu_apex_autodrive/actuator_interface.py", line 592, in _publish
[actuator_interface-10]     self.steering_pub.publish(Float32(data=float(steering)))
[actuator_interface-10]   File "/opt/ros/humble/local/lib/python3.10/dist-packages/rclpy/publisher.py", line 70, in publish
[actuator_interface-10]     self.__publisher.publish(msg)
[actuator_interface-10] rclpy._rclpy_pybind11.RCLError: Failed to publish: publisher's context is invalid, at ./src/rcl/publisher.c:389
[component_container-9] [INFO] [1789001949.299774475] [rclcpp]: signal_handler(SIGINT/SIGTERM)
[gpu_amcl_cpp_node-6] [INFO] [1789001949.304264460] [rclcpp]: signal_handler(SIGINT/SIGTERM)
[lifecycle_manager-5] [INFO] [1789001949.306236879] [rclcpp]: signal_handler(SIGINT/SIGTERM)
[lifecycle_manager-5] [INFO] [1789001949.306355853] [lifecycle_manager_map]: Running Nav2 LifecycleManager rcl preshutdown (lifecycle_manager_map)
[lifecycle_manager-5] [INFO] [1789001949.306418852] [lifecycle_manager_map]: [34m[1mTerminating bond timer...[0m[0m
[map_server-4] [INFO] [1789001949.308669795] [rclcpp]: signal_handler(SIGINT/SIGTERM)
[map_server-4] [INFO] [1789001949.308814878] [map_server]: Running Nav2 LifecycleNode rcl preshutdown (map_server)
[map_server-4] [INFO] [1789001949.308907532] [map_server]: Deactivating
[map_server-4] [INFO] [1789001949.308941476] [map_server]: Destroying bond (map_server) to lifecycle manager.
[ekf_localization_node-3] [INFO] [1789001949.310359953] [rclcpp]: signal_handler(SIGINT/SIGTERM)
[sensor_odometry_node-2] [INFO] [1789001949.312758064] [rclcpp]: signal_handler(SIGINT/SIGTERM)
[autodrive_bridge_40hz-1] KeyboardInterrupt
[autodrive_bridge_40hz-1] 2026-09-10T00:59:09Z
[map_server-4] [INFO] [1789001949.319255674] [map_server]: Cleaning up
[map_server-4] [INFO] [1789001949.319417689] [map_server]: Destroying bond (map_server) to lifecycle manager.
[lifecycle_manager-5] [INFO] [1789001949.322686286] [lifecycle_manager_map]: Destroying lifecycle_manager_map
[map_server-4] [INFO] [1789001949.327182592] [map_server]: Destroying
[autodrive_bridge_40hz-1] Traceback (most recent call last):
[autodrive_bridge_40hz-1]   File "src/gevent/greenlet.py", line 906, in gevent._gevent_cgreenlet.Greenlet.run
[autodrive_bridge_40hz-1]   File "/usr/local/lib/python3.10/dist-packages/socketio/server.py", line 640, in _handle_event_internal
[autodrive_bridge_40hz-1]     r = server._trigger_event(data[0], namespace, sid, *data[1:])
[autodrive_bridge_40hz-1]   File "/usr/local/lib/python3.10/dist-packages/socketio/server.py", line 669, in _trigger_event
[autodrive_bridge_40hz-1]     return self.handlers[namespace][event](*args)
[autodrive_bridge_40hz-1]   File "/workspace/build/sdu_apex_autodrive/sdu_apex_autodrive/bridge_40hz.py", line 368, in packet_handler
[autodrive_bridge_40hz-1]     result = original_handler(sid, data)
[autodrive_bridge_40hz-1]   File "/home/autodrive_devkit/install/autodrive_roboracer/lib/python3.10/site-packages/autodrive_roboracer/autodrive_bridge.py", line 345, in bridge
[autodrive_bridge_40hz-1]     publish_actuator_feedbacks(autodrive.throttle, autodrive.steering)
[autodrive_bridge_40hz-1]   File "/home/autodrive_devkit/install/autodrive_roboracer/lib/python3.10/site-packages/autodrive_roboracer/autodrive_bridge.py", line 241, in publish_actuator_feedbacks
[autodrive_bridge_40hz-1]     publishers['pub_throttle'].publish(create_float_msg(msg_float32, throttle))
[autodrive_bridge_40hz-1]   File "/opt/ros/humble/local/lib/python3.10/dist-packages/rclpy/publisher.py", line 70, in publish
[autodrive_bridge_40hz-1]     self.__publisher.publish(msg)
[autodrive_bridge_40hz-1] rclpy._rclpy_pybind11.RCLError: Failed to publish: publisher's context is invalid, at ./src/rcl/publisher.c:389
[autodrive_bridge_40hz-1] 2026-09-10T00:59:09Z <Thread at 0x73684ddb96c0: <bound method Server._handle_event_internal of <socketio.server.Server object at 0x736895dbeef0>>(<socketio.server.Server object at 0x736895dbeef0>, '2db21132f785444991e449ff5300276f', ['Bridge', {'V1 Throttle': '0.0000', 'V1 Steering', '/', None)> failed with RCLError
[autodrive_bridge_40hz-1] 
[autodrive_bridge_40hz-1] Traceback (most recent call last):
[autodrive_bridge_40hz-1]   File "/workspace/install/lib/sdu_apex_autodrive/autodrive_bridge_40hz", line 33, in <module>
[autodrive_bridge_40hz-1]     sys.exit(load_entry_point('sdu-apex-autodrive', 'console_scripts', 'autodrive_bridge_40hz')())
[autodrive_bridge_40hz-1]   File "/workspace/build/sdu_apex_autodrive/sdu_apex_autodrive/bridge_40hz.py", line 443, in main
[autodrive_bridge_40hz-1]     official_bridge.main()
[autodrive_bridge_40hz-1]   File "/home/autodrive_devkit/install/autodrive_roboracer/lib/python3.10/site-packages/autodrive_roboracer/autodrive_bridge.py", line 442, in main
[autodrive_bridge_40hz-1]     pywsgi.WSGIServer(('', 4567), app, handler_class=WebSocketHandler).serve_forever() # Deploy as a gevent WSGI server
[autodrive_bridge_40hz-1]   File "/usr/local/lib/python3.10/dist-packages/gevent/baseserver.py", line 400, in serve_forever
[autodrive_bridge_40hz-1]     self._stop_event.wait()
[autodrive_bridge_40hz-1]   File "src/gevent/event.py", line 163, in gevent._gevent_cevent.Event.wait
[autodrive_bridge_40hz-1]   File "src/gevent/_abstract_linkable.py", line 521, in gevent._gevent_c_abstract_linkable.AbstractLinkable._wait
[autodrive_bridge_40hz-1]   File "src/gevent/_abstract_linkable.py", line 487, in gevent._gevent_c_abstract_linkable.AbstractLinkable._wait_core
[autodrive_bridge_40hz-1]   File "src/gevent/_abstract_linkable.py", line 490, in gevent._gevent_c_abstract_linkable.AbstractLinkable._wait_core
[autodrive_bridge_40hz-1]   File "src/gevent/_abstract_linkable.py", line 442, in gevent._gevent_c_abstract_linkable.AbstractLinkable._AbstractLinkable__wait_to_be_notified
[autodrive_bridge_40hz-1]   File "src/gevent/_abstract_linkable.py", line 451, in gevent._gevent_c_abstract_linkable.AbstractLinkable._switch_to_hub
[autodrive_bridge_40hz-1]   File "src/gevent/_greenlet_primitives.py", line 61, in gevent._gevent_c_greenlet_primitives.SwitchOutGreenletWithLoop.switch
[autodrive_bridge_40hz-1]   File "src/gevent/_greenlet_primitives.py", line 65, in gevent._gevent_c_greenlet_primitives.SwitchOutGreenletWithLoop.switch
[autodrive_bridge_40hz-1]   File "src/gevent/_gevent_c_greenlet_primitives.pxd", line 35, in gevent._gevent_c_greenlet_primitives._greenlet_switch
[autodrive_bridge_40hz-1]   File "/usr/local/lib/python3.10/dist-packages/socketio/client.py", line 25, in signal_handler
[autodrive_bridge_40hz-1]     return original_signal_handler(sig, frame)
[autodrive_bridge_40hz-1] KeyboardInterrupt
[INFO] [component_container-9]: process has finished cleanly [pid 12621]
[INFO] [ekf_localization_node-3]: process has finished cleanly [pid 12609]
[INFO] [sensor_odometry_node-2]: process has finished cleanly [pid 12607]
[INFO] [lifecycle_manager-5]: process has finished cleanly [pid 12613]
[INFO] [map_server-4]: process has finished cleanly [pid 12611]
[ERROR] [autodrive_bridge_40hz-1]: process has died [pid 12605, exit code -2, cmd '/workspace/install/lib/sdu_apex_autodrive/autodrive_bridge_40hz --ros-args -r __node:=autodrive_bridge'].
[ERROR] [actuator_interface-10]: process has died [pid 12623, exit code 1, cmd '/workspace/install/lib/sdu_apex_autodrive/actuator_interface --ros-args -r __node:=autodrive_actuator_interface --params-file /workspace/install/share/sdu_apex_autodrive/config/actuator_interface.yaml --params-file /tmp/launch_params_ahjyew_7'].
[INFO] [ground_truth_amcl_monitor-7]: process has finished cleanly [pid 12617]
[INFO] [calibration-8]: process has finished cleanly [pid 12619]
[INFO] [gpu_amcl_cpp_node-6]: process has finished cleanly [pid 12615]
