event_index,arrival_monotonic_ns,topic,message_type,header_stamp_ns,simulation_time_s,payload_json
423,7820912317505,/autodrive/roboracer_1/imu,Imu,1789296565839565225,,"{""angular_velocity_x_radps"":-0.0019,""angular_velocity_y_radps"":0.5325,""ax_mps2"":-4.6357,""ay_mps2"":-0.0091,""az_mps2"":25.5868,""orientation_w"":0.7071,""orientation_x"":0.0076,""orientation_y"":0.0077,""orientation_z"":-0.7071,""yaw_rate_radps"":0.0}"
431,7820932471168,/autodrive/roboracer_1/imu,Imu,1789296565863892588,,"{""angular_velocity_x_radps"":0.0,""angular_velocity_y_radps"":0.066,""ax_mps2"":-0.4023,""ay_mps2"":-0.0028,""az_mps2"":2.1708,""orientation_w"":0.707,""orientation_x"":0.0093,""orientation_y"":0.0094,""orientation_z"":-0.707,""yaw_rate_radps"":0.0}"
441,7820957990473,/autodrive/roboracer_1/imu,Imu,1789296565889342131,,"{""angular_velocity_x_radps"":0.0002,""angular_velocity_y_radps"":0.0228,""ax_mps2"":-0.0451,""ay_mps2"":-0.0012,""az_mps2"":0.4005,""orientation_w"":0.707,""orientation_x"":0.0097,""orientation_y"":0.0097,""orientation_z"":-0.707,""yaw_rate_radps"":0.0}"
450,7820982278582,/autodrive/roboracer_1/imu,Imu,1789296565913604763,,"{""angular_velocity_x_radps"":0.0003,""angular_velocity_y_radps"":0.0172,""ax_mps2"":-0.0151,""ay_mps2"":-0.0002,""az_mps2"":0.2612,""orientation_w"":0.707,""orientation_x"":0.0098,""orientation_y"":0.0099,""orientation_z"":-0.707,""yaw_rate_radps"":0.0}"
459,7821007732354,/autodrive/roboracer_1/imu,Imu,1789296565938598820,,"{""angular_velocity_x_radps"":0.0002,""angular_velocity_y_radps"":0.015,""ax_mps2"":-0.0117,""ay_mps2"":0.0,""az_mps2"":0.2222,""orientation_w"":0.707,""orientation_x"":0.01,""orientation_y"":0.01,""orientation_z"":-0.707,""yaw_rate_radps"":0.0}"
468,7821032720029,/autodrive/roboracer_1/imu,Imu,1789296565964190210,,"{""angular_velocity_x_radps"":0.0002,""angular_velocity_y_radps"":0.0133,""ax_mps2"":-0.0101,""ay_mps2"":0.0,""az_mps2"":0.1966,""orientation_w"":0.707,""orientation_x"":0.0101,""orientation_y"":0.0101,""orientation_z"":-0.707,""yaw_rate_radps"":0.0}"
477,7821057984003,/autodrive/roboracer_1/imu,Imu,1789296565989354617,,"{""angular_velocity_x_radps"":0.0002,""angular_velocity_y_radps"":0.0118,""ax_mps2"":-0.009,""ay_mps2"":-0.0005,""az_mps2"":0.1718,""orientation_w"":0.707,""orientation_x"":0.0102,""orientation_y"":0.0102,""orientation_z"":-0.707,""yaw_rate_radps"":0.0}"
486,7821085604079,/autodrive/roboracer_1/imu,Imu,1789296566014464823,,"{""angular_velocity_x_radps"":0.0001,""angular_velocity_y_radps"":0.0104,""ax_mps2"":-0.0074,""ay_mps2"":-0.0001,""az_mps2"":0.1406,""orientation_w"":0.707,""orientation_x"":0.0103,""orientation_y"":0.0103,""orientation_z"":-0.707,""yaw_rate_radps"":0.0}"
494,7821106859685,/autodrive/roboracer_1/imu,Imu,1789296566038969019,,"{""angular_velocity_x_radps"":0.0001,""angular_velocity_y_radps"":0.0092,""ax_mps2"":-0.0062,""ay_mps2"":0.0,""az_mps2"":0.1283,""orientation_w"":0.707,""orientation_x"":0.0104,""orientation_y"":0.0104,""orientation_z"":-0.707,""yaw_rate_radps"":0.0}"
506,7821132927632,/autodrive/roboracer_1/imu,Imu,1789296566063792304,,"{""angular_velocity_x_radps"":0.0001,""angular_velocity_y_radps"":0.0082,""ax_mps2"":-0.0056,""ay_mps2"":-0.0005,""az_mps2"":0.1052,""orientation_w"":0.707,""orientation_x"":0.0105,""orientation_y"":0.0105,""orientation_z"":-0.707,""yaw_rate_radps"":0.0}"
513,7821157989076,/autodrive/roboracer_1/imu,Imu,1789296566088945851,,"{""angular_velocity_x_radps"":0.0001,""angular_velocity_y_radps"":0.0072,""ax_mps2"":-0.0049,""ay_mps2"":0.0,""az_mps2"":0.0983,""orientation_w"":0.707,""orientation_x"":0.0105,""orientation_y"":0.0106,""orientation_z"":-0.707,""yaw_rate_radps"":0.0}"
522,7821182900147,/autodrive/roboracer_1/imu,Imu,1789296566113650815,,"{""angular_velocity_x_radps"":0.0001,""angular_velocity_y_radps"":0.0064,""ax_mps2"":-0.0047,""ay_mps2"":0.0003,""az_mps2"":0.0858,""orientation_w"":0.707,""orientation_x"":0.0106,""orientation_y"":0.0106,""orientation_z"":-0.707,""yaw_rate_radps"":0.0}"
531,7821208136700,/autodrive/roboracer_1/imu,Imu,1789296566138988798,,"{""angular_velocity_x_radps"":0.0001,""angular_velocity_y_radps"":0.0057,""ax_mps2"":-0.0051,""ay_mps2"":0.0005,""az_mps2"":0.0826,""orientation_w"":0.707,""orientation_x"":0.0107,""orientation_y"":0.0107,""orientation_z"":-0.707,""yaw_rate_radps"":0.0}"
540,7821233092665,/autodrive/roboracer_1/imu,Imu,1789296566164445075,,"{""angular_velocity_x_radps"":0.0001,""angular_velocity_y_radps"":0.005,""ax_mps2"":-0.0032,""ay_mps2"":0.0002,""az_mps2"":0.0646,""orientation_w"":0.707,""orientation_x"":0.0107,""orientation_y"":0.0107,""orientation_z"":-0.707,""yaw_rate_radps"":0.0}"
549,7821258095388,/autodrive/roboracer_1/imu,Imu,1789296566188619400,,"{""angular_velocity_x_radps"":0.0001,""angular_velocity_y_radps"":0.0045,""ax_mps2"":-0.0033,""ay_mps2"":0.0,""az_mps2"":0.0548,""orientation_w"":0.707,""orientation_x"":0.0108,""orientation_y"":0.0108,""orientation_z"":-0.707,""yaw_rate_radps"":0.0}"
560,7821282850666,/autodrive/roboracer_1/imu,Imu,1789296566213903723,,"{""angular_velocity_x_radps"":0.0001,""angular_velocity_y_radps"":0.004,""ax_mps2"":-0.0026,""ay_mps2"":-0.0002,""az_mps2"":0.0494,""orientation_w"":0.707,""orientation_x"":0.0108,""orientation_y"":0.0108,""orientation_z"":-0.707,""yaw_rate_radps"":0.0}"
566,7821306926676,/autodrive/roboracer_1/imu,Imu,1789296566239240044,,"{""angular_velocity_x_radps"":0.0001,""angular_velocity_y_radps"":0.0035,""ax_mps2"":-0.0031,""ay_mps2"":-0.001,""az_mps2"":0.0479,""orientation_w"":0.707,""orientation_x"":0.0108,""orientation_y"":0.0108,""orientation_z"":-0.707,""yaw_rate_radps"":0.0}"
576,7821332586215,/autodrive/roboracer_1/imu,Imu,1789296566263893670,,"{""angular_velocity_x_radps"":0.0001,""angular_velocity_y_radps"":0.0031,""ax_mps2"":-0.0022,""ay_mps2"":0.0003,""az_mps2"":0.0398,""orientation_w"":0.707,""orientation_x"":0.0109,""orientation_y"":0.0109,""orientation_z"":-0.707,""yaw_rate_radps"":0.0}"
585,7821361438819,/autodrive/roboracer_1/imu,Imu,1789296566289450395,,"{""angular_velocity_x_radps"":0.0,""angular_velocity_y_radps"":0.0027,""ax_mps2"":-0.0022,""ay_mps2"":0.0001,""az_mps2"":0.041,""orientation_w"":0.707,""orientation_x"":0.0109,""orientation_y"":0.0109,""orientation_z"":-0.707,""yaw_rate_radps"":0.0}"
594,7821382608313,/autodrive/roboracer_1/imu,Imu,1789296566313846969,,"{""angular_velocity_x_radps"":0.0,""angular_velocity_y_radps"":0.0024,""ax_mps2"":-0.0019,""ay_mps2"":-0.0001,""az_mps2"":0.0258,""orientation_w"":0.707,""orientation_x"":0.0109,""orientation_y"":0.0109,""orientation_z"":-0.707,""yaw_rate_radps"":0.0}"
602,7821406762250,/autodrive/roboracer_1/imu,Imu,1789296566339123948,,"{""angular_velocity_x_radps"":0.0,""angular_velocity_y_radps"":0.0022,""ax_mps2"":-0.001,""ay_mps2"":0.0,""az_mps2"":0.0235,""orientation_w"":0.707,""orientation_x"":0.0109,""orientation_y"":0.0109,""orientation_z"":-0.707,""yaw_rate_radps"":0.0}"
611,7821431906680,/autodrive/roboracer_1/imu,Imu,1789296566363899524,,"{""angular_velocity_x_radps"":0.0,""angular_velocity_y_radps"":0.0019,""ax_mps2"":-0.0009,""ay_mps2"":-0.0002,""az_mps2"":0.0161,""orientation_w"":0.707,""orientation_x"":0.0109,""orientation_y"":0.0109,""orientation_z"":-0.707,""yaw_rate_radps"":0.0}"
621,7821457580004,/autodrive/roboracer_1/imu,Imu,1789296566389123814,,"{""angular_velocity_x_radps"":0.0,""angular_velocity_y_radps"":0.0017,""ax_mps2"":-0.0012,""ay_mps2"":-0.0008,""az_mps2"":0.0219,""orientation_w"":0.707,""orientation_x"":0.011,""orientation_y"":0.011,""orientation_z"":-0.707,""yaw_rate_radps"":0.0}"
630,7821482457642,/autodrive/roboracer_1/imu,Imu,1789296566414017632,,"{""angular_velocity_x_radps"":0.0,""angular_velocity_y_radps"":0.0015,""ax_mps2"":-0.0012,""ay_mps2"":0.0,""az_mps2"":0.0202,""orientation_w"":0.707,""orientation_x"":0.011,""orientation_y"":0.011,""orientation_z"":-0.707,""yaw_rate_radps"":0.0}"
639,7821508362202,/autodrive/roboracer_1/imu,Imu,1789296566439225041,,"{""angular_velocity_x_radps"":0.0,""angular_velocity_y_radps"":0.0013,""ax_mps2"":-0.0007,""ay_mps2"":0.0,""az_mps2"":0.0143,""orientation_w"":0.707,""orientation_x"":0.011,""orientation_y"":0.011,""orientation_z"":-0.707,""yaw_rate_radps"":0.0}"
647,7821532203140,/autodrive/roboracer_1/imu,Imu,1789296566464040021,,"{""angular_velocity_x_radps"":0.0,""angular_velocity_y_radps"":0.0012,""ax_mps2"":-0.0014,""ay_mps2"":-0.0002,""az_mps2"":0.0231,""orientation_w"":0.707,""orientation_x"":0.011,""orientation_y"":0.011,""orientation_z"":-0.707,""yaw_rate_radps"":0.0}"
659,7821558376054,/autodrive/roboracer_1/imu,Imu,1789296566489078201,,"{""angular_velocity_x_radps"":0.0,""angular_velocity_y_radps"":0.001,""ax_mps2"":-0.0004,""ay_mps2"":0.0007,""az_mps2"":0.0029,""orientation_w"":0.707,""orientation_x"":0.011,""orientation_y"":0.011,""orientation_z"":-0.707,""yaw_rate_radps"":0.0}"
666,7821585763472,/autodrive/roboracer_1/imu,Imu,1789296566514215647,,"{""angular_velocity_x_radps"":0.0,""angular_velocity_y_radps"":0.0009,""ax_mps2"":-0.001,""ay_mps2"":-0.0002,""az_mps2"":0.0081,""orientation_w"":0.707,""orientation_x"":0.011,""orientation_y"":0.011,""orientation_z"":-0.707,""yaw_rate_radps"":0.0}"
675,7821607583600,/autodrive/roboracer_1/imu,Imu,1789296566539497957,,"{""angular_velocity_x_radps"":0.0,""angular_velocity_y_radps"":0.0008,""ax_mps2"":0.0001,""ay_mps2"":0.0004,""az_mps2"":0.0096,""orientation_w"":0.707,""orientation_x"":0.011,""orientation_y"":0.011,""orientation_z"":-0.707,""yaw_rate_radps"":0.0}"
684,7821632054934,/autodrive/roboracer_1/imu,Imu,1789296566564169106,,"{""angular_velocity_x_radps"":0.0,""angular_velocity_y_radps"":0.0007,""ax_mps2"":-0.0001,""ay_mps2"":-0.0003,""az_mps2"":0.0005,""orientation_w"":0.707,""orientation_x"":0.011,""orientation_y"":0.011,""orientation_z"":-0.707,""yaw_rate_radps"":0.0}"
695,7821658187853,/autodrive/roboracer_1/imu,Imu,1789296566589502021,,"{""angular_velocity_x_radps"":0.0,""angular_velocity_y_radps"":0.0006,""ax_mps2"":0.0,""ay_mps2"":0.0009,""az_mps2"":-0.0092,""orientation_w"":0.707,""orientation_x"":0.011,""orientation_y"":0.011,""orientation_z"":-0.707,""yaw_rate_radps"":0.0}"
702,7821683034022,/autodrive/roboracer_1/imu,Imu,1789296566614384698,,"{""angular_velocity_x_radps"":0.0,""angular_velocity_y_radps"":0.0006,""ax_mps2"":-0.0009,""ay_mps2"":0.0,""az_mps2"":0.0092,""orientation_w"":0.707,""orientation_x"":0.011,""orientation_y"":0.011,""orientation_z"":-0.707,""yaw_rate_radps"":0.0}"
713,7821712831923,/autodrive/roboracer_1/imu,Imu,1789296566639542583,,"{""angular_velocity_x_radps"":0.0,""angular_velocity_y_radps"":0.0005,""ax_mps2"":-0.0004,""ay_mps2"":0.0001,""az_mps2"":0.011,""orientation_w"":0.707,""orientation_x"":0.011,""orientation_y"":0.011,""orientation_z"":-0.707,""yaw_rate_radps"":0.0}"
720,7821732973113,/autodrive/roboracer_1/imu,Imu,1789296566664219534,,"{""angular_velocity_x_radps"":0.0,""angular_velocity_y_radps"":0.0005,""ax_mps2"":-0.0001,""ay_mps2"":0.0003,""az_mps2"":0.0042,""orientation_w"":0.707,""orientation_x"":0.0111,""orientation_y"":0.0111,""orientation_z"":-0.707,""yaw_rate_radps"":0.0}"
731,7821758359248,/autodrive/roboracer_1/imu,Imu,1789296566688678494,,"{""angular_velocity_x_radps"":0.0,""angular_velocity_y_radps"":0.0004,""ax_mps2"":-0.0002,""ay_mps2"":-0.0011,""az_mps2"":-0.0004,""orientation_w"":0.707,""orientation_x"":0.0111,""orientation_y"":0.0111,""orientation_z"":-0.707,""yaw_rate_radps"":0.0}"
738,7821782672665,/autodrive/roboracer_1/imu,Imu,1789296566714253865,,"{""angular_velocity_x_radps"":0.0,""angular_velocity_y_radps"":0.0004,""ax_mps2"":0.0002,""ay_mps2"":0.0002,""az_mps2"":-0.0015,""orientation_w"":0.707,""orientation_x"":0.0111,""orientation_y"":0.0111,""orientation_z"":-0.707,""yaw_rate_radps"":0.0}"
749,7821807773032,/autodrive/roboracer_1/imu,Imu,1789296566739181186,,"{""angular_velocity_x_radps"":0.0,""angular_velocity_y_radps"":0.0003,""ax_mps2"":0.0008,""ay_mps2"":0.0,""az_mps2"":-0.0095,""orientation_w"":0.707,""orientation_x"":0.0111,""orientation_y"":0.0111,""orientation_z"":-0.707,""yaw_rate_radps"":0.0}"
756,7821833993846,/autodrive/roboracer_1/imu,Imu,1789296566764203476,,"{""angular_velocity_x_radps"":0.0,""angular_velocity_y_radps"":0.0003,""ax_mps2"":-0.0002,""ay_mps2"":0.0001,""az_mps2"":0.0059,""orientation_w"":0.707,""orientation_x"":0.0111,""orientation_y"":0.0111,""orientation_z"":-0.707,""yaw_rate_radps"":0.0}"
765,7821857389106,/autodrive/roboracer_1/imu,Imu,1789296566788833288,,"{""angular_velocity_x_radps"":0.0,""angular_velocity_y_radps"":0.0003,""ax_mps2"":-0.0004,""ay_mps2"":0.0,""az_mps2"":0.0068,""orientation_w"":0.707,""orientation_x"":0.0111,""orientation_y"":0.0111,""orientation_z"":-0.707,""yaw_rate_radps"":0.0}"
774,7821882144504,/autodrive/roboracer_1/imu,Imu,1789296566813910842,,"{""angular_velocity_x_radps"":0.0,""angular_velocity_y_radps"":0.0002,""ax_mps2"":0.0007,""ay_mps2"":-0.0001,""az_mps2"":0.0016,""orientation_w"":0.707,""orientation_x"":0.0111,""orientation_y"":0.0111,""orientation_z"":-0.707,""yaw_rate_radps"":0.0}"
783,7821907466909,/autodrive/roboracer_1/imu,Imu,1789296566838977376,,"{""angular_velocity_x_radps"":0.0,""angular_velocity_y_radps"":0.0002,""ax_mps2"":-0.001,""ay_mps2"":-0.0008,""az_mps2"":0.0056,""orientation_w"":0.707,""orientation_x"":0.0111,""orientation_y"":0.0111,""orientation_z"":-0.707,""yaw_rate_radps"":0.0}"
792,7821932151273,/autodrive/roboracer_1/imu,Imu,1789296566864083253,,"{""angular_velocity_x_radps"":0.0,""angular_velocity_y_radps"":0.0001,""ax_mps2"":-0.0006,""ay_mps2"":-0.0003,""az_mps2"":-0.0038,""orientation_w"":0.707,""orientation_x"":0.0111,""orientation_y"":0.0111,""orientation_z"":-0.707,""yaw_rate_radps"":0.0}"
803,7821958623280,/autodrive/roboracer_1/imu,Imu,1789296566888937617,,"{""angular_velocity_x_radps"":0.0,""angular_velocity_y_radps"":0.0001,""ax_mps2"":-0.0005,""ay_mps2"":0.0,""az_mps2"":0.0029,""orientation_w"":0.707,""orientation_x"":0.0111,""orientation_y"":0.0111,""orientation_z"":-0.707,""yaw_rate_radps"":0.0}"
810,7821982700362,/autodrive/roboracer_1/imu,Imu,1789296566913785279,,"{""angular_velocity_x_radps"":0.0,""angular_velocity_y_radps"":0.0002,""ax_mps2"":0.0002,""ay_mps2"":0.0,""az_mps2"":0.0018,""orientation_w"":0.707,""orientation_x"":0.0111,""orientation_y"":0.0111,""orientation_z"":-0.707,""yaw_rate_radps"":0.0}"
821,7822008659043,/autodrive/roboracer_1/imu,Imu,1789296566939129685,,"{""angular_velocity_x_radps"":0.0,""angular_velocity_y_radps"":-0.1039,""ax_mps2"":5.3407,""ay_mps2"":0.0004,""az_mps2"":0.1416,""orientation_w"":0.707,""orientation_x"":0.0104,""orientation_y"":0.0104,""orientation_z"":-0.707,""yaw_rate_radps"":0.0}"
827,7822032607133,/autodrive/roboracer_1/imu,Imu,1789296566964403027,,"{""angular_velocity_x_radps"":0.0,""angular_velocity_y_radps"":-0.1003,""ax_mps2"":5.312,""ay_mps2"":-0.0002,""az_mps2"":0.1452,""orientation_w"":0.707,""orientation_x"":0.0095,""orientation_y"":0.0095,""orientation_z"":-0.707,""yaw_rate_radps"":0.0}"
837,7822057629143,/autodrive/roboracer_1/imu,Imu,1789296566988626434,,"{""angular_velocity_x_radps"":0.0,""angular_velocity_y_radps"":-0.0892,""ax_mps2"":5.2772,""ay_mps2"":-0.0004,""az_mps2"":0.1342,""orientation_w"":0.7071,""orientation_x"":0.0087,""orientation_y"":0.0087,""orientation_z"":-0.7071,""yaw_rate_radps"":0.0}"
846,7822082759015,/autodrive/roboracer_1/imu,Imu,1789296567014123507,,"{""angular_velocity_x_radps"":0.0,""angular_velocity_y_radps"":-0.0789,""ax_mps2"":5.2372,""ay_mps2"":0.0002,""az_mps2"":0.1115,""orientation_w"":0.7071,""orientation_x"":0.0079,""orientation_y"":0.0079,""orientation_z"":-0.7071,""yaw_rate_radps"":0.0}"
854,7822107280143,/autodrive/roboracer_1/imu,Imu,1789296567039124127,,"{""angular_velocity_x_radps"":0.0,""angular_velocity_y_radps"":-0.0698,""ax_mps2"":5.208,""ay_mps2"":0.0003,""az_mps2"":0.1167,""orientation_w"":0.7071,""orientation_x"":0.0073,""orientation_y"":0.0073,""orientation_z"":-0.7071,""yaw_rate_radps"":0.0}"
864,7822133060839,/autodrive/roboracer_1/imu,Imu,1789296567063974433,,"{""angular_velocity_x_radps"":0.0,""angular_velocity_y_radps"":-0.0617,""ax_mps2"":5.1701,""ay_mps2"":0.0001,""az_mps2"":0.1008,""orientation_w"":0.7071,""orientation_x"":0.0067,""orientation_y"":0.0067,""orientation_z"":-0.7071,""yaw_rate_radps"":0.0}"
873,7822157971349,/autodrive/roboracer_1/imu,Imu,1789296567089204594,,"{""angular_velocity_x_radps"":0.0,""angular_velocity_y_radps"":-0.0545,""ax_mps2"":5.1341,""ay_mps2"":-0.0004,""az_mps2"":0.0903,""orientation_w"":0.7071,""orientation_x"":0.0062,""orientation_y"":0.0062,""orientation_z"":-0.7071,""yaw_rate_radps"":0.0}"
882,7822187453837,/autodrive/roboracer_1/imu,Imu,1789296567114526909,,"{""angular_velocity_x_radps"":0.0,""angular_velocity_y_radps"":-0.0479,""ax_mps2"":5.0984,""ay_mps2"":0.0,""az_mps2"":0.0838,""orientation_w"":0.7071,""orientation_x"":0.0057,""orientation_y"":0.0057,""orientation_z"":-0.7071,""yaw_rate_radps"":0.0}"
891,7822207428033,/autodrive/roboracer_1/imu,Imu,1789296567138874119,,"{""angular_velocity_x_radps"":0.0,""angular_velocity_y_radps"":-0.0426,""ax_mps2"":5.0639,""ay_mps2"":0.0004,""az_mps2"":0.0749,""orientation_w"":0.7071,""orientation_x"":0.0053,""orientation_y"":0.0053,""orientation_z"":-0.7071,""yaw_rate_radps"":0.0}"
902,7822233222476,/autodrive/roboracer_1/imu,Imu,1789296567164182738,,"{""angular_velocity_x_radps"":0.0,""angular_velocity_y_radps"":-0.0376,""ax_mps2"":5.0294,""ay_mps2"":-0.0004,""az_mps2"":0.0693,""orientation_w"":0.7071,""orientation_x"":0.005,""orientation_y"":0.005,""orientation_z"":-0.7071,""yaw_rate_radps"":0.0}"
909,7822257105363,/autodrive/roboracer_1/imu,Imu,1789296567189095271,,"{""angular_velocity_x_radps"":0.0,""angular_velocity_y_radps"":-0.0333,""ax_mps2"":4.9956,""ay_mps2"":-0.0002,""az_mps2"":0.0652,""orientation_w"":0.7071,""orientation_x"":0.0047,""orientation_y"":0.0047,""orientation_z"":-0.7071,""yaw_rate_radps"":0.0}"
918,7822282438848,/autodrive/roboracer_1/imu,Imu,1789296567213731055,,"{""angular_velocity_x_radps"":0.0,""angular_velocity_y_radps"":-0.0294,""ax_mps2"":4.9607,""ay_mps2"":0.0,""az_mps2"":0.0584,""orientation_w"":0.7071,""orientation_x"":0.0044,""orientation_y"":0.0044,""orientation_z"":-0.7071,""yaw_rate_radps"":0.0}"
927,7822308936012,/autodrive/roboracer_1/imu,Imu,1789296567239474251,,"{""angular_velocity_x_radps"":0.0,""angular_velocity_y_radps"":-0.0258,""ax_mps2"":4.9196,""ay_mps2"":0.0005,""az_mps2"":0.0401,""orientation_w"":0.7071,""orientation_x"":0.0041,""orientation_y"":0.0041,""orientation_z"":-0.7071,""yaw_rate_radps"":0.0}"
936,7822332748687,/autodrive/roboracer_1/imu,Imu,1789296567264079727,,"{""angular_velocity_x_radps"":0.0,""angular_velocity_y_radps"":-0.0229,""ax_mps2"":4.8983,""ay_mps2"":-0.0002,""az_mps2"":0.0625,""orientation_w"":0.7071,""orientation_x"":0.0039,""orientation_y"":0.0039,""orientation_z"":-0.7071,""yaw_rate_radps"":0.0}"
945,7822358333555,/autodrive/roboracer_1/imu,Imu,1789296567289047284,,"{""angular_velocity_x_radps"":0.0,""angular_velocity_y_radps"":-0.0203,""ax_mps2"":4.8619,""ay_mps2"":0.0005,""az_mps2"":0.0524,""orientation_w"":0.7071,""orientation_x"":0.0037,""orientation_y"":0.0037,""orientation_z"":-0.7071,""yaw_rate_radps"":0.0}"
954,7822382704440,/autodrive/roboracer_1/imu,Imu,1789296567313807621,,"{""angular_velocity_x_radps"":0.0,""angular_velocity_y_radps"":-0.018,""ax_mps2"":4.8282,""ay_mps2"":0.0003,""az_mps2"":0.0486,""orientation_w"":0.7071,""orientation_x"":0.0036,""orientation_y"":0.0036,""orientation_z"":-0.7071,""yaw_rate_radps"":0.0}"
963,7822413713860,/autodrive/roboracer_1/imu,Imu,1789296567339408039,,"{""angular_velocity_x_radps"":0.0,""angular_velocity_y_radps"":-0.0158,""ax_mps2"":4.7969,""ay_mps2"":0.0002,""az_mps2"":0.0527,""orientation_w"":0.7071,""orientation_x"":0.0034,""orientation_y"":0.0034,""orientation_z"":-0.7071,""yaw_rate_radps"":0.0}"
972,7822432146678,/autodrive/roboracer_1/imu,Imu,1789296567363837394,,"{""angular_velocity_x_radps"":0.0,""angular_velocity_y_radps"":-0.014,""ax_mps2"":4.7627,""ay_mps2"":-0.0002,""az_mps2"":0.0432,""orientation_w"":0.7071,""orientation_x"":0.0033,""orientation_y"":0.0033,""orientation_z"":-0.7071,""yaw_rate_radps"":0.0}"
981,7822458536069,/autodrive/roboracer_1/imu,Imu,1789296567389533070,,"{""angular_velocity_x_radps"":0.0,""angular_velocity_y_radps"":-0.0123,""ax_mps2"":4.7296,""ay_mps2"":0.0003,""az_mps2"":0.0429,""orientation_w"":0.7071,""orientation_x"":0.0032,""orientation_y"":0.0032,""orientation_z"":-0.7071,""yaw_rate_radps"":0.0}"
990,7822482244748,/autodrive/roboracer_1/imu,Imu,1789296567413988925,,"{""angular_velocity_x_radps"":0.0,""angular_velocity_y_radps"":-0.011,""ax_mps2"":4.6958,""ay_mps2"":0.0001,""az_mps2"":0.0344,""orientation_w"":0.7071,""orientation_x"":0.0031,""orientation_y"":0.0031,""orientation_z"":-0.7071,""yaw_rate_radps"":0.0}"
999,7822507348752,/autodrive/roboracer_1/imu,Imu,1789296567439100803,,"{""angular_velocity_x_radps"":0.0,""angular_velocity_y_radps"":-0.0097,""ax_mps2"":4.668,""ay_mps2"":0.0,""az_mps2"":0.0434,""orientation_w"":0.7071,""orientation_x"":0.003,""orientation_y"":0.003,""orientation_z"":-0.7071,""yaw_rate_radps"":0.0}"
1008,7822533743043,/autodrive/roboracer_1/imu,Imu,1789296567464332688,,"{""angular_velocity_x_radps"":0.0,""angular_velocity_y_radps"":-0.0086,""ax_mps2"":4.6326,""ay_mps2"":0.0007,""az_mps2"":0.0324,""orientation_w"":0.7071,""orientation_x"":0.0029,""orientation_y"":0.0029,""orientation_z"":-0.7071,""yaw_rate_radps"":0.0}"
1019,7822558150156,/autodrive/roboracer_1/imu,Imu,1789296567489064321,,"{""angular_velocity_x_radps"":0.0,""angular_velocity_y_radps"":-0.0076,""ax_mps2"":4.6049,""ay_mps2"":0.0004,""az_mps2"":0.0408,""orientation_w"":0.7071,""orientation_x"":0.0028,""orientation_y"":0.0028,""orientation_z"":-0.7071,""yaw_rate_radps"":0.0}"
1026,7822582394432,/autodrive/roboracer_1/imu,Imu,1789296567514107440,,"{""angular_velocity_x_radps"":0.0,""angular_velocity_y_radps"":-0.0067,""ax_mps2"":4.5746,""ay_mps2"":0.0002,""az_mps2"":0.042,""orientation_w"":0.7071,""orientation_x"":0.0028,""orientation_y"":0.0028,""orientation_z"":-0.7071,""yaw_rate_radps"":0.0}"
1034,7822607658938,/autodrive/roboracer_1/imu,Imu,1789296567538914546,,"{""angular_velocity_x_radps"":0.0,""angular_velocity_y_radps"":-0.0059,""ax_mps2"":4.5401,""ay_mps2"":0.0003,""az_mps2"":0.0326,""orientation_w"":0.7071,""orientation_x"":0.0027,""orientation_y"":0.0027,""orientation_z"":-0.7071,""yaw_rate_radps"":0.0}"
1046,7822634076643,/autodrive/roboracer_1/imu,Imu,1789296567564523419,,"{""angular_velocity_x_radps"":0.0,""angular_velocity_y_radps"":-0.0052,""ax_mps2"":4.511,""ay_mps2"":-0.0004,""az_mps2"":0.0392,""orientation_w"":0.7071,""orientation_x"":0.0027,""orientation_y"":0.0027,""orientation_z"":-0.7071,""yaw_rate_radps"":0.0}"
1053,7822657516887,/autodrive/roboracer_1/imu,Imu,1789296567589104379,,"{""angular_velocity_x_radps"":0.0,""angular_velocity_y_radps"":-0.0046,""ax_mps2"":4.4762,""ay_mps2"":0.0005,""az_mps2"":0.0264,""orientation_w"":0.7071,""orientation_x"":0.0026,""orientation_y"":0.0026,""orientation_z"":-0.7071,""yaw_rate_radps"":0.0}"
1062,7822682405917,/autodrive/roboracer_1/imu,Imu,1789296567613996534,,"{""angular_velocity_x_radps"":0.0,""angular_velocity_y_radps"":-0.0041,""ax_mps2"":4.4474,""ay_mps2"":0.0004,""az_mps2"":0.0288,""orientation_w"":0.7071,""orientation_x"":0.0026,""orientation_y"":0.0026,""orientation_z"":-0.7071,""yaw_rate_radps"":0.0}"
1073,7822709685141,/autodrive/roboracer_1/imu,Imu,1789296567639221556,,"{""angular_velocity_x_radps"":0.0,""angular_velocity_y_radps"":-0.0036,""ax_mps2"":4.4187,""ay_mps2"":0.0003,""az_mps2"":0.0342,""orientation_w"":0.7071,""orientation_x"":0.0026,""orientation_y"":0.0026,""orientation_z"":-0.7071,""yaw_rate_radps"":0.0}"
1080,7822732830121,/autodrive/roboracer_1/imu,Imu,1789296567663873479,,"{""angular_velocity_x_radps"":0.0,""angular_velocity_y_radps"":-0.0032,""ax_mps2"":4.3873,""ay_mps2"":-0.0009,""az_mps2"":0.0276,""orientation_w"":0.7071,""orientation_x"":0.0025,""orientation_y"":0.0025,""orientation_z"":-0.7071,""yaw_rate_radps"":0.0}"
1091,7822758071082,/autodrive/roboracer_1/imu,Imu,1789296567688710120,,"{""angular_velocity_x_radps"":0.0,""angular_velocity_y_radps"":-0.0033,""ax_mps2"":4.423,""ay_mps2"":0.0007,""az_mps2"":0.0341,""orientation_w"":0.7071,""orientation_x"":0.0025,""orientation_y"":0.0025,""orientation_z"":-0.7071,""yaw_rate_radps"":0.0}"
1098,7822783415999,/autodrive/roboracer_1/imu,Imu,1789296567714018458,,"{""angular_velocity_x_radps"":0.0,""angular_velocity_y_radps"":-0.0131,""ax_mps2"":5.0825,""ay_mps2"":0.0,""az_mps2"":0.0287,""orientation_w"":0.7071,""orientation_x"":0.0024,""orientation_y"":0.0024,""orientation_z"":-0.7071,""yaw_rate_radps"":0.0}"
1107,7822806769400,/autodrive/roboracer_1/imu,Imu,1789296567738845201,,"{""angular_velocity_x_radps"":0.0,""angular_velocity_y_radps"":-0.0369,""ax_mps2"":6.3943,""ay_mps2"":0.0008,""az_mps2"":0.036,""orientation_w"":0.7071,""orientation_x"":0.0022,""orientation_y"":0.0022,""orientation_z"":-0.7071,""yaw_rate_radps"":0.0}"
1116,7822832611873,/autodrive/roboracer_1/imu,Imu,1789296567764511452,,"{""angular_velocity_x_radps"":0.0,""angular_velocity_y_radps"":-0.0572,""ax_mps2"":7.1811,""ay_mps2"":-0.0002,""az_mps2"":0.0277,""orientation_w"":0.7071,""orientation_x"":0.0018,""orientation_y"":0.0018,""orientation_z"":-0.7071,""yaw_rate_radps"":0.0}"
1125,7822857484351,/autodrive/roboracer_1/imu,Imu,1789296567788881465,,"{""angular_velocity_x_radps"":0.0,""angular_velocity_y_radps"":-0.0451,""ax_mps2"":6.412,""ay_mps2"":-0.0003,""az_mps2"":0.0271,""orientation_w"":0.7071,""orientation_x"":0.0013,""orientation_y"":0.0013,""orientation_z"":-0.7071,""yaw_rate_radps"":0.0}"
1133,7822882535676,/autodrive/roboracer_1/imu,Imu,1789296567813559528,,"{""angular_velocity_x_radps"":0.0,""angular_velocity_y_radps"":-0.0149,""ax_mps2"":5.0921,""ay_mps2"":0.0003,""az_mps2"":0.0283,""orientation_w"":0.7071,""orientation_x"":0.001,""orientation_y"":0.001,""orientation_z"":-0.7071,""yaw_rate_radps"":0.0}"
1142,7822906718367,/autodrive/roboracer_1/imu,Imu,1789296567839002880,,"{""angular_velocity_x_radps"":0.0,""angular_velocity_y_radps"":0.0144,""ax_mps2"":3.8418,""ay_mps2"":0.0001,""az_mps2"":0.0201,""orientation_w"":0.7071,""orientation_x"":0.0011,""orientation_y"":0.0011,""orientation_z"":-0.7071,""yaw_rate_radps"":0.0}"
1152,7822932215700,/autodrive/roboracer_1/imu,Imu,1789296567863830283,,"{""angular_velocity_x_radps"":0.0,""angular_velocity_y_radps"":0.036,""ax_mps2"":2.8395,""ay_mps2"":0.0001,""az_mps2"":0.0178,""orientation_w"":0.7071,""orientation_x"":0.0013,""orientation_y"":0.0013,""orientation_z"":-0.7071,""yaw_rate_radps"":0.0}"
1161,7822957368606,/autodrive/roboracer_1/imu,Imu,1789296567889041048,,"{""angular_velocity_x_radps"":0.0,""angular_velocity_y_radps"":0.0496,""ax_mps2"":2.0809,""ay_mps2"":-0.0003,""az_mps2"":0.0095,""orientation_w"":0.7071,""orientation_x"":0.0017,""orientation_y"":0.0017,""orientation_z"":-0.7071,""yaw_rate_radps"":0.0}"
1170,7822986411378,/autodrive/roboracer_1/imu,Imu,1789296567914208060,,"{""angular_velocity_x_radps"":0.0,""angular_velocity_y_radps"":0.0569,""ax_mps2"":1.543,""ay_mps2"":0.0011,""az_mps2"":0.0066,""orientation_w"":0.7071,""orientation_x"":0.0021,""orientation_y"":0.0021,""orientation_z"":-0.7071,""yaw_rate_radps"":0.0}"
1179,7823007358163,/autodrive/roboracer_1/imu,Imu,1789296567939125583,,"{""angular_velocity_x_radps"":0.0,""angular_velocity_y_radps"":0.0601,""ax_mps2"":1.1168,""ay_mps2"":-0.001,""az_mps2"":0.0,""orientation_w"":0.7071,""orientation_x"":0.0027,""orientation_y"":0.0027,""orientation_z"":-0.7071,""yaw_rate_radps"":0.0}"
1188,7823034286077,/autodrive/roboracer_1/imu,Imu,1789296567964478605,,"{""angular_velocity_x_radps"":0.0,""angular_velocity_y_radps"":0.0601,""ax_mps2"":0.811,""ay_mps2"":0.0011,""az_mps2"":0.0102,""orientation_w"":0.7071,""orientation_x"":0.0032,""orientation_y"":0.0032,""orientation_z"":-0.7071,""yaw_rate_radps"":0.0}"
1197,7823057613139,/autodrive/roboracer_1/imu,Imu,1789296567989287534,,"{""angular_velocity_x_radps"":0.0,""angular_velocity_y_radps"":0.0582,""ax_mps2"":0.6032,""ay_mps2"":0.0005,""az_mps2"":0.0072,""orientation_w"":0.7071,""orientation_x"":0.0037,""orientation_y"":0.0037,""orientation_z"":-0.7071,""yaw_rate_radps"":0.0}"
1206,7823082268990,/autodrive/roboracer_1/imu,Imu,1789296568013901075,,"{""angular_velocity_x_radps"":0.0,""angular_velocity_y_radps"":0.0552,""ax_mps2"":0.443,""ay_mps2"":0.0011,""az_mps2"":0.0002,""orientation_w"":0.7071,""orientation_x"":0.0042,""orientation_y"":0.0042,""orientation_z"":-0.7071,""yaw_rate_radps"":0.0}"
1215,7823109535420,/autodrive/roboracer_1/imu,Imu,1789296568038691890,,"{""angular_velocity_x_radps"":0.0,""angular_velocity_y_radps"":0.0515,""ax_mps2"":0.3252,""ay_mps2"":0.0005,""az_mps2"":0.0011,""orientation_w"":0.7071,""orientation_x"":0.0047,""orientation_y"":0.0047,""orientation_z"":-0.7071,""yaw_rate_radps"":0.0}"
1224,7823132200036,/autodrive/roboracer_1/imu,Imu,1789296568064064199,,"{""angular_velocity_x_radps"":0.0,""angular_velocity_y_radps"":0.0475,""ax_mps2"":0.2388,""ay_mps2"":-0.0001,""az_mps2"":0.0068,""orientation_w"":0.7071,""orientation_x"":0.0051,""orientation_y"":0.0051,""orientation_z"":-0.7071,""yaw_rate_radps"":0.0}"
1235,7823158763495,/autodrive/roboracer_1/imu,Imu,1789296568089544360,,"{""angular_velocity_x_radps"":0.0,""angular_velocity_y_radps"":0.0432,""ax_mps2"":0.1729,""ay_mps2"":-0.0003,""az_mps2"":0.0109,""orientation_w"":0.7071,""orientation_x"":0.0056,""orientation_y"":0.0055,""orientation_z"":-0.7071,""yaw_rate_radps"":0.0}"
1241,7823182315520,/autodrive/roboracer_1/imu,Imu,1789296568113943097,,"{""angular_velocity_x_radps"":0.0,""angular_velocity_y_radps"":0.0394,""ax_mps2"":0.126,""ay_mps2"":-0.0006,""az_mps2"":-0.0063,""orientation_w"":0.7071,""orientation_x"":0.0059,""orientation_y"":0.0059,""orientation_z"":-0.7071,""yaw_rate_radps"":0.0}"
1253,7823211540253,/autodrive/roboracer_1/imu,Imu,1789296568139398291,,"{""angular_velocity_x_radps"":0.0,""angular_velocity_y_radps"":0.0355,""ax_mps2"":0.091,""ay_mps2"":0.0009,""az_mps2"":0.0056,""orientation_w"":0.7071,""orientation_x"":0.0062,""orientation_y"":0.0062,""orientation_z"":-0.7071,""yaw_rate_radps"":0.0}"
1260,7823232745915,/autodrive/roboracer_1/imu,Imu,1789296568164394863,,"{""angular_velocity_x_radps"":0.0,""angular_velocity_y_radps"":0.0321,""ax_mps2"":0.0658,""ay_mps2"":0.0,""az_mps2"":-0.0018,""orientation_w"":0.7071,""orientation_x"":0.0065,""orientation_y"":0.0065,""orientation_z"":-0.7071,""yaw_rate_radps"":0.0}"
1269,7823257295757,/autodrive/roboracer_1/imu,Imu,1789296568189328757,,"{""angular_velocity_x_radps"":0.0,""angular_velocity_y_radps"":0.0287,""ax_mps2"":0.0461,""ay_mps2"":-0.0006,""az_mps2"":-0.0139,""orientation_w"":0.7071,""orientation_x"":0.0068,""orientation_y"":0.0068,""orientation_z"":-0.7071,""yaw_rate_radps"":0.0}"
1278,7823282530066,/autodrive/roboracer_1/imu,Imu,1789296568213671178,,"{""angular_velocity_x_radps"":0.0,""angular_velocity_y_radps"":0.0257,""ax_mps2"":0.0325,""ay_mps2"":0.0005,""az_mps2"":-0.004,""orientation_w"":0.7071,""orientation_x"":0.007,""orientation_y"":0.007,""orientation_z"":-0.7071,""yaw_rate_radps"":0.0}"
1286,7823306806072,/autodrive/roboracer_1/imu,Imu,1789296568239396521,,"{""angular_velocity_x_radps"":0.0,""angular_velocity_y_radps"":0.0229,""ax_mps2"":0.0233,""ay_mps2"":-0.0007,""az_mps2"":0.0034,""orientation_w"":0.7071,""orientation_x"":0.0073,""orientation_y"":0.0073,""orientation_z"":-0.7071,""yaw_rate_radps"":0.0}"
1296,7823332732152,/autodrive/roboracer_1/imu,Imu,1789296568263976128,,"{""angular_velocity_x_radps"":0.0,""angular_velocity_y_radps"":0.0204,""ax_mps2"":0.0157,""ay_mps2"":-0.0008,""az_mps2"":0.002,""orientation_w"":0.7071,""orientation_x"":0.0074,""orientation_y"":0.0074,""orientation_z"":-0.7071,""yaw_rate_radps"":0.0}"
1305,7823357429862,/autodrive/roboracer_1/imu,Imu,1789296568289105720,,"{""angular_velocity_x_radps"":0.0,""angular_velocity_y_radps"":0.0182,""ax_mps2"":0.0097,""ay_mps2"":0.0003,""az_mps2"":-0.0072,""orientation_w"":0.7071,""orientation_x"":0.0076,""orientation_y"":0.0076,""orientation_z"":-0.7071,""yaw_rate_radps"":0.0}"
1313,7823382602946,/autodrive/roboracer_1/imu,Imu,1789296568314036718,,"{""angular_velocity_x_radps"":0.0,""angular_velocity_y_radps"":0.0161,""ax_mps2"":0.006,""ay_mps2"":0.0001,""az_mps2"":0.0081,""orientation_w"":0.7071,""orientation_x"":0.0078,""orientation_y"":0.0078,""orientation_z"":-0.7071,""yaw_rate_radps"":0.0}"
1323,7823407109195,/autodrive/roboracer_1/imu,Imu,1789296568339168945,,"{""angular_velocity_x_radps"":0.0,""angular_velocity_y_radps"":0.0143,""ax_mps2"":0.0025,""ay_mps2"":0.0006,""az_mps2"":-0.0044,""orientation_w"":0.7071,""orientation_x"":0.0079,""orientation_y"":0.0079,""orientation_z"":-0.7071,""yaw_rate_radps"":0.0}"
1332,7823433032379,/autodrive/roboracer_1/imu,Imu,1789296568363588001,,"{""angular_velocity_x_radps"":0.0,""angular_velocity_y_radps"":0.0127,""ax_mps2"":0.0014,""ay_mps2"":-0.0003,""az_mps2"":0.0025,""orientation_w"":0.7071,""orientation_x"":0.008,""orientation_y"":0.008,""orientation_z"":-0.7071,""yaw_rate_radps"":0.0}"
1341,7823457706936,/autodrive/roboracer_1/imu,Imu,1789296568389163411,,"{""angular_velocity_x_radps"":0.0,""angular_velocity_y_radps"":0.0112,""ax_mps2"":-0.0004,""ay_mps2"":-0.0007,""az_mps2"":-0.0049,""orientation_w"":0.7071,""orientation_x"":0.0081,""orientation_y"":0.0081,""orientation_z"":-0.7071,""yaw_rate_radps"":0.0}"
1352,7823483063875,/autodrive/roboracer_1/imu,Imu,1789296568413968242,,"{""angular_velocity_x_radps"":0.0,""angular_velocity_y_radps"":0.0099,""ax_mps2"":-0.0014,""ay_mps2"":0.0002,""az_mps2"":0.0007,""orientation_w"":0.7071,""orientation_x"":0.0082,""orientation_y"":0.0082,""orientation_z"":-0.7071,""yaw_rate_radps"":0.0}"
1359,7823513217566,/autodrive/roboracer_1/imu,Imu,1789296568439404000,,"{""angular_velocity_x_radps"":0.0,""angular_velocity_y_radps"":0.0088,""ax_mps2"":-0.0014,""ay_mps2"":-0.0004,""az_mps2"":-0.0001,""orientation_w"":0.7071,""orientation_x"":0.0083,""orientation_y"":0.0083,""orientation_z"":-0.7071,""yaw_rate_radps"":0.0}"
1368,7823532749300,/autodrive/roboracer_1/imu,Imu,1789296568463704683,,"{""angular_velocity_x_radps"":0.0,""angular_velocity_y_radps"":0.0078,""ax_mps2"":-0.0023,""ay_mps2"":-0.0005,""az_mps2"":-0.0036,""orientation_w"":0.7071,""orientation_x"":0.0084,""orientation_y"":0.0084,""orientation_z"":-0.7071,""yaw_rate_radps"":0.0}"
1377,7823557553980,/autodrive/roboracer_1/imu,Imu,1789296568489028460,,"{""angular_velocity_x_radps"":0.0,""angular_velocity_y_radps"":0.0068,""ax_mps2"":-0.0022,""ay_mps2"":0.0001,""az_mps2"":-0.0065,""orientation_w"":0.7071,""orientation_x"":0.0084,""orientation_y"":0.0084,""orientation_z"":-0.7071,""yaw_rate_radps"":0.0}"
1385,7823582510026,/autodrive/roboracer_1/imu,Imu,1789296568514400758,,"{""angular_velocity_x_radps"":0.0,""angular_velocity_y_radps"":0.006,""ax_mps2"":-0.002,""ay_mps2"":-0.0004,""az_mps2"":0.0034,""orientation_w"":0.7071,""orientation_x"":0.0085,""orientation_y"":0.0085,""orientation_z"":-0.7071,""yaw_rate_radps"":0.0}"
1397,7823608302875,/autodrive/roboracer_1/imu,Imu,1789296568539164261,,"{""angular_velocity_x_radps"":0.0,""angular_velocity_y_radps"":0.0053,""ax_mps2"":-0.0015,""ay_mps2"":0.0002,""az_mps2"":0.0038,""orientation_w"":0.7071,""orientation_x"":0.0085,""orientation_y"":0.0085,""orientation_z"":-0.7071,""yaw_rate_radps"":0.0}"
1404,7823633122224,/autodrive/roboracer_1/imu,Imu,1789296568564459285,,"{""angular_velocity_x_radps"":0.0,""angular_velocity_y_radps"":0.0047,""ax_mps2"":-0.0014,""ay_mps2"":0.0001,""az_mps2"":-0.0005,""orientation_w"":0.7071,""orientation_x"":0.0086,""orientation_y"":0.0086,""orientation_z"":-0.7071,""yaw_rate_radps"":0.0}"
1415,7823658950099,/autodrive/roboracer_1/imu,Imu,1789296568588657615,,"{""angular_velocity_x_radps"":0.0,""angular_velocity_y_radps"":0.0041,""ax_mps2"":-0.0008,""ay_mps2"":0.0007,""az_mps2"":0.0116,""orientation_w"":0.7071,""orientation_x"":0.0086,""orientation_y"":0.0086,""orientation_z"":-0.7071,""yaw_rate_radps"":0.0}"
1420,7823682902747,/autodrive/roboracer_1/imu,Imu,1789296568613619682,,"{""angular_velocity_x_radps"":0.0,""angular_velocity_y_radps"":0.0037,""ax_mps2"":-0.0018,""ay_mps2"":-0.0002,""az_mps2"":-0.0051,""orientation_w"":0.707,""orientation_x"":0.0087,""orientation_y"":0.0087,""orientation_z"":-0.7071,""yaw_rate_radps"":0.0}"
1431,7823707485631,/autodrive/roboracer_1/imu,Imu,1789296568638673541,,"{""angular_velocity_x_radps"":0.0,""angular_velocity_y_radps"":0.0032,""ax_mps2"":-0.0002,""ay_mps2"":-0.0003,""az_mps2"":0.0099,""orientation_w"":0.707,""orientation_x"":0.0087,""orientation_y"":0.0087,""orientation_z"":-0.7071,""yaw_rate_radps"":0.0}"
1439,7823732122296,/autodrive/roboracer_1/imu,Imu,1789296568663904444,,"{""angular_velocity_x_radps"":0.0,""angular_velocity_y_radps"":0.0028,""ax_mps2"":-0.0011,""ay_mps2"":0.0005,""az_mps2"":0.004,""orientation_w"":0.707,""orientation_x"":0.0087,""orientation_y"":0.0087,""orientation_z"":-0.7071,""yaw_rate_radps"":0.0}"
1449,7823757575246,/autodrive/roboracer_1/imu,Imu,1789296568689110169,,"{""angular_velocity_x_radps"":0.0,""angular_velocity_y_radps"":0.0025,""ax_mps2"":-0.0004,""ay_mps2"":0.0004,""az_mps2"":0.0149,""orientation_w"":0.707,""orientation_x"":0.0087,""orientation_y"":0.0087,""orientation_z"":-0.7071,""yaw_rate_radps"":0.0}"
1458,7823782050096,/autodrive/roboracer_1/imu,Imu,1789296568714243918,,"{""angular_velocity_x_radps"":0.0,""angular_velocity_y_radps"":0.0022,""ax_mps2"":-0.0018,""ay_mps2"":-0.0009,""az_mps2"":-0.0062,""orientation_w"":0.707,""orientation_x"":0.0088,""orientation_y"":0.0088,""orientation_z"":-0.7071,""yaw_rate_radps"":0.0}"
1467,7823807299393,/autodrive/roboracer_1/imu,Imu,1789296568738704222,,"{""angular_velocity_x_radps"":0.0,""angular_velocity_y_radps"":0.0019,""ax_mps2"":-0.0011,""ay_mps2"":0.0002,""az_mps2"":0.0054,""orientation_w"":0.707,""orientation_x"":0.0088,""orientation_y"":0.0088,""orientation_z"":-0.7071,""yaw_rate_radps"":0.0}"
1476,7823832633169,/autodrive/roboracer_1/imu,Imu,1789296568764256088,,"{""angular_velocity_x_radps"":0.0,""angular_velocity_y_radps"":0.0017,""ax_mps2"":-0.0008,""ay_mps2"":0.0002,""az_mps2"":-0.0046,""orientation_w"":0.707,""orientation_x"":0.0088,""orientation_y"":0.0088,""orientation_z"":-0.7071,""yaw_rate_radps"":0.0}"
1484,7823857233295,/autodrive/roboracer_1/imu,Imu,1789296568789128125,,"{""angular_velocity_x_radps"":0.0,""angular_velocity_y_radps"":0.0015,""ax_mps2"":-0.0017,""ay_mps2"":-0.0014,""az_mps2"":-0.0088,""orientation_w"":0.707,""orientation_x"":0.0088,""orientation_y"":0.0088,""orientation_z"":-0.7071,""yaw_rate_radps"":0.0}"
1493,7823882697256,/autodrive/roboracer_1/imu,Imu,1789296568814118876,,"{""angular_velocity_x_radps"":0.0,""angular_velocity_y_radps"":0.0014,""ax_mps2"":-0.0008,""ay_mps2"":0.0,""az_mps2"":-0.0072,""orientation_w"":0.707,""orientation_x"":0.0088,""orientation_y"":0.0088,""orientation_z"":-0.7071,""yaw_rate_radps"":0.0}"
1503,7823907142951,/autodrive/roboracer_1/imu,Imu,1789296568839063149,,"{""angular_velocity_x_radps"":0.0,""angular_velocity_y_radps"":0.0012,""ax_mps2"":-0.0002,""ay_mps2"":-0.0013,""az_mps2"":0.0076,""orientation_w"":0.707,""orientation_x"":0.0088,""orientation_y"":0.0088,""orientation_z"":-0.7071,""yaw_rate_radps"":0.0}"
1512,7823932706770,/autodrive/roboracer_1/imu,Imu,1789296568864141895,,"{""angular_velocity_x_radps"":0.0,""angular_velocity_y_radps"":0.0011,""ax_mps2"":-0.0011,""ay_mps2"":-0.0009,""az_mps2"":-0.013,""orientation_w"":0.707,""orientation_x"":0.0088,""orientation_y"":0.0088,""orientation_z"":-0.7071,""yaw_rate_radps"":0.0}"
1520,7823956266009,/autodrive/roboracer_1/imu,Imu,1789296568889387385,,"{""angular_velocity_x_radps"":0.0001,""angular_velocity_y_radps"":0.0009,""ax_mps2"":-0.0015,""ay_mps2"":0.0008,""az_mps2"":-0.0148,""orientation_w"":0.707,""orientation_x"":0.0088,""orientation_y"":0.0088,""orientation_z"":-0.7071,""yaw_rate_radps"":0.0}"
1530,7823981579576,/autodrive/roboracer_1/imu,Imu,1789296568913930464,,"{""angular_velocity_x_radps"":0.0,""angular_velocity_y_radps"":0.0008,""ax_mps2"":-0.0016,""ay_mps2"":0.0005,""az_mps2"":-0.0127,""orientation_w"":0.707,""orientation_x"":0.0089,""orientation_y"":0.0089,""orientation_z"":-0.7071,""yaw_rate_radps"":0.0}"
1538,7824006390499,/autodrive/roboracer_1/imu,Imu,1789296568938732450,,"{""angular_velocity_x_radps"":-0.0001,""angular_velocity_y_radps"":0.0007,""ax_mps2"":-0.0004,""ay_mps2"":-0.0002,""az_mps2"":-0.0023,""orientation_w"":0.707,""orientation_x"":0.0089,""orientation_y"":0.0089,""orientation_z"":-0.7071,""yaw_rate_radps"":0.0}"
1548,7824031317851,/autodrive/roboracer_1/imu,Imu,1789296568963759970,,"{""angular_velocity_x_radps"":0.0,""angular_velocity_y_radps"":0.0006,""ax_mps2"":-0.0004,""ay_mps2"":-0.0013,""az_mps2"":-0.0016,""orientation_w"":0.707,""orientation_x"":0.0089,""orientation_y"":0.0089,""orientation_z"":-0.7071,""yaw_rate_radps"":0.0}"
1556,7824056798653,/autodrive/roboracer_1/imu,Imu,1789296568989341572,,"{""angular_velocity_x_radps"":0.0,""angular_velocity_y_radps"":0.0005,""ax_mps2"":0.0008,""ay_mps2"":-0.0001,""az_mps2"":0.0073,""orientation_w"":0.707,""orientation_x"":0.0089,""orientation_y"":0.0089,""orientation_z"":-0.7071,""yaw_rate_radps"":0.0}"
1566,7824080380424,/autodrive/roboracer_1/imu,Imu,1789296569013602390,,"{""angular_velocity_x_radps"":0.0,""angular_velocity_y_radps"":0.0005,""ax_mps2"":-0.0011,""ay_mps2"":-0.0003,""az_mps2"":-0.0142,""orientation_w"":0.707,""orientation_x"":0.0089,""orientation_y"":0.0089,""orientation_z"":-0.7071,""yaw_rate_radps"":0.0}"
1575,7824105344294,/autodrive/roboracer_1/imu,Imu,1789296569038666198,,"{""angular_velocity_x_radps"":0.0,""angular_velocity_y_radps"":0.0005,""ax_mps2"":0.0,""ay_mps2"":0.0003,""az_mps2"":-0.0001,""orientation_w"":0.707,""orientation_x"":0.0089,""orientation_y"":0.0089,""orientation_z"":-0.7071,""yaw_rate_radps"":0.0}"
1584,7824131451865,/autodrive/roboracer_1/imu,Imu,1789296569063721380,,"{""angular_velocity_x_radps"":0.0,""angular_velocity_y_radps"":0.0004,""ax_mps2"":0.0,""ay_mps2"":-0.0002,""az_mps2"":0.0014,""orientation_w"":0.707,""orientation_x"":0.0089,""orientation_y"":0.0089,""orientation_z"":-0.7071,""yaw_rate_radps"":0.0}"
1595,7824156818904,/autodrive/roboracer_1/imu,Imu,1789296569089068951,,"{""angular_velocity_x_radps"":0.0,""angular_velocity_y_radps"":0.0004,""ax_mps2"":-0.0011,""ay_mps2"":-0.0001,""az_mps2"":-0.0117,""orientation_w"":0.707,""orientation_x"":0.0089,""orientation_y"":0.0089,""orientation_z"":-0.7071,""yaw_rate_radps"":0.0}"
1602,7824181303442,/autodrive/roboracer_1/imu,Imu,1789296569114330071,,"{""angular_velocity_x_radps"":0.0,""angular_velocity_y_radps"":0.0003,""ax_mps2"":-0.0019,""ay_mps2"":0.0006,""az_mps2"":-0.0185,""orientation_w"":0.707,""orientation_x"":0.0089,""orientation_y"":0.0089,""orientation_z"":-0.7071,""yaw_rate_radps"":0.0}"
1611,7824205996122,/autodrive/roboracer_1/imu,Imu,1789296569139210995,,"{""angular_velocity_x_radps"":0.0,""angular_velocity_y_radps"":0.0002,""ax_mps2"":0.0002,""ay_mps2"":0.0006,""az_mps2"":0.0095,""orientation_w"":0.707,""orientation_x"":0.0089,""orientation_y"":0.0089,""orientation_z"":-0.7071,""yaw_rate_radps"":0.0}"
1619,7824230907864,/autodrive/roboracer_1/imu,Imu,1789296569163759885,,"{""angular_velocity_x_radps"":0.0,""angular_velocity_y_radps"":0.0002,""ax_mps2"":0.0008,""ay_mps2"":-0.0002,""az_mps2"":0.0073,""orientation_w"":0.707,""orientation_x"":0.0089,""orientation_y"":0.0089,""orientation_z"":-0.7071,""yaw_rate_radps"":0.0}"
1629,7824256285784,/autodrive/roboracer_1/imu,Imu,1789296569188686715,,"{""angular_velocity_x_radps"":0.0,""angular_velocity_y_radps"":0.0002,""ax_mps2"":-0.0008,""ay_mps2"":0.0008,""az_mps2"":-0.0062,""orientation_w"":0.707,""orientation_x"":0.0089,""orientation_y"":0.0089,""orientation_z"":-0.7071,""yaw_rate_radps"":0.0}"
1637,7824281068924,/autodrive/roboracer_1/imu,Imu,1789296569213607745,,"{""angular_velocity_x_radps"":0.0,""angular_velocity_y_radps"":0.0002,""ax_mps2"":0.0,""ay_mps2"":-0.0007,""az_mps2"":0.0,""orientation_w"":0.707,""orientation_x"":0.0089,""orientation_y"":0.0089,""orientation_z"":-0.7071,""yaw_rate_radps"":0.0}"
1646,7824304574010,/autodrive/roboracer_1/imu,Imu,1789296569238452701,,"{""angular_velocity_x_radps"":0.0,""angular_velocity_y_radps"":0.0001,""ax_mps2"":-0.0015,""ay_mps2"":0.0016,""az_mps2"":-0.016,""orientation_w"":0.707,""orientation_x"":0.0089,""orientation_y"":0.0089,""orientation_z"":-0.7071,""yaw_rate_radps"":0.0}"
1656,7824331031830,/autodrive/roboracer_1/imu,Imu,1789296569263662003,,"{""angular_velocity_x_radps"":0.0,""angular_velocity_y_radps"":0.0001,""ax_mps2"":0.0002,""ay_mps2"":0.0026,""az_mps2"":0.0093,""orientation_w"":0.707,""orientation_x"":0.0089,""orientation_y"":0.0089,""orientation_z"":-0.7071,""yaw_rate_radps"":0.0}"
1665,7824356264536,/autodrive/roboracer_1/imu,Imu,1789296569289454331,,"{""angular_velocity_x_radps"":0.0,""angular_velocity_y_radps"":0.0001,""ax_mps2"":0.0001,""ay_mps2"":0.0011,""az_mps2"":-0.0031,""orientation_w"":0.707,""orientation_x"":0.0089,""orientation_y"":0.0089,""orientation_z"":-0.7071,""yaw_rate_radps"":0.0}"
1674,7824381121906,/autodrive/roboracer_1/imu,Imu,1789296569314139327,,"{""angular_velocity_x_radps"":0.0001,""angular_velocity_y_radps"":0.0001,""ax_mps2"":-0.0007,""ay_mps2"":0.0014,""az_mps2"":-0.0092,""orientation_w"":0.707,""orientation_x"":0.0089,""orientation_y"":0.0089,""orientation_z"":-0.7071,""yaw_rate_radps"":0.0}"
1683,7824406103570,/autodrive/roboracer_1/imu,Imu,1789296569339311629,,"{""angular_velocity_x_radps"":0.0,""angular_velocity_y_radps"":0.0001,""ax_mps2"":0.0007,""ay_mps2"":0.0014,""az_mps2"":0.0093,""orientation_w"":0.707,""orientation_x"":0.0089,""orientation_y"":0.0089,""orientation_z"":-0.7071,""yaw_rate_radps"":0.0}"
1691,7824430922267,/autodrive/roboracer_1/imu,Imu,1789296569364142850,,"{""angular_velocity_x_radps"":0.0,""angular_velocity_y_radps"":0.0001,""ax_mps2"":0.0003,""ay_mps2"":-0.0018,""az_mps2"":0.0068,""orientation_w"":0.707,""orientation_x"":0.0089,""orientation_y"":0.0089,""orientation_z"":-0.7071,""yaw_rate_radps"":0.0}"
1700,7824455734752,/autodrive/roboracer_1/imu,Imu,1789296569388949134,,"{""angular_velocity_x_radps"":0.0,""angular_velocity_y_radps"":0.0001,""ax_mps2"":0.0004,""ay_mps2"":-0.001,""az_mps2"":0.0044,""orientation_w"":0.707,""orientation_x"":0.0089,""orientation_y"":0.0089,""orientation_z"":-0.7071,""yaw_rate_radps"":0.0}"
1710,7824480766700,/autodrive/roboracer_1/imu,Imu,1789296569413953650,,"{""angular_velocity_x_radps"":0.0,""angular_velocity_y_radps"":0.0001,""ax_mps2"":-0.0004,""ay_mps2"":0.0016,""az_mps2"":-0.0026,""orientation_w"":0.707,""orientation_x"":0.0089,""orientation_y"":0.0089,""orientation_z"":-0.7071,""yaw_rate_radps"":0.0}"
1721,7824507192470,/autodrive/roboracer_1/imu,Imu,1789296569439099313,,"{""angular_velocity_x_radps"":0.2122,""angular_velocity_y_radps"":0.0083,""ax_mps2"":-0.4076,""ay_mps2"":6.0845,""az_mps2"":-0.0528,""orientation_w"":0.7099,""orientation_x"":0.0102,""orientation_y"":0.0076,""orientation_z"":-0.7042,""yaw_rate_radps"":0.6581}"
1727,7824530950362,/autodrive/roboracer_1/imu,Imu,1789296569463628455,,"{""angular_velocity_x_radps"":0.1206,""angular_velocity_y_radps"":0.009,""ax_mps2"":-0.1554,""ay_mps2"":3.899,""az_mps2"":-0.033,""orientation_w"":0.7165,""orientation_x"":0.0118,""orientation_y"":0.0062,""orientation_z"":-0.6975,""yaw_rate_radps"":0.7665}"
1737,7824555676726,/autodrive/roboracer_1/imu,Imu,1789296569488843648,,"{""angular_velocity_x_radps"":0.098,""angular_velocity_y_radps"":0.0102,""ax_mps2"":-0.1262,""ay_mps2"":3.7939,""az_mps2"":-0.044,""orientation_w"":0.7231,""orientation_x"":0.0129,""orientation_y"":0.0053,""orientation_z"":-0.6906,""yaw_rate_radps"":0.7655}"
1745,7824580966098,/autodrive/roboracer_1/imu,Imu,1789296569513649571,,"{""angular_velocity_x_radps"":0.0844,""angular_velocity_y_radps"":0.0119,""ax_mps2"":-0.1107,""ay_mps2"":3.781,""az_mps2"":-0.0463,""orientation_w"":0.7296,""orientation_x"":0.0139,""orientation_y"":0.0045,""orientation_z"":-0.6837,""yaw_rate_radps"":0.7648}"
1755,7824605828718,/autodrive/roboracer_1/imu,Imu,1789296569538809280,,"{""angular_velocity_x_radps"":0.0728,""angular_velocity_y_radps"":0.0135,""ax_mps2"":-0.1014,""ay_mps2"":3.7742,""az_mps2"":-0.0658,""orientation_w"":0.7361,""orientation_x"":0.0147,""orientation_y"":0.0038,""orientation_z"":-0.6767,""yaw_rate_radps"":0.7644}"
1763,7824630612720,/autodrive/roboracer_1/imu,Imu,1789296569563967586,,"{""angular_velocity_x_radps"":0.0626,""angular_velocity_y_radps"":0.0151,""ax_mps2"":-0.0939,""ay_mps2"":3.7663,""az_mps2"":-0.0768,""orientation_w"":0.7426,""orientation_x"":0.0155,""orientation_y"":0.0032,""orientation_z"":-0.6696,""yaw_rate_radps"":0.7639}"
1773,7824655525023,/autodrive/roboracer_1/imu,Imu,1789296569589280342,,"{""angular_velocity_x_radps"":0.0535,""angular_velocity_y_radps"":0.0164,""ax_mps2"":-0.0868,""ay_mps2"":3.7666,""az_mps2"":-0.0662,""orientation_w"":0.7489,""orientation_x"":0.0162,""orientation_y"":0.0027,""orientation_z"":-0.6625,""yaw_rate_radps"":0.7636}"
1781,7824679564575,/autodrive/roboracer_1/imu,Imu,1789296569613652529,,"{""angular_velocity_x_radps"":0.0457,""angular_velocity_y_radps"":0.0176,""ax_mps2"":-0.0849,""ay_mps2"":3.7603,""az_mps2"":-0.0994,""orientation_w"":0.7549,""orientation_x"":0.0168,""orientation_y"":0.0023,""orientation_z"":-0.6556,""yaw_rate_radps"":0.7633}"
1793,7824705309604,/autodrive/roboracer_1/imu,Imu,1789296569638512434,,"{""angular_velocity_x_radps"":0.0384,""angular_velocity_y_radps"":0.0187,""ax_mps2"":-0.0836,""ay_mps2"":3.7527,""az_mps2"":-0.1182,""orientation_w"":0.7611,""orientation_x"":0.0174,""orientation_y"":0.002,""orientation_z"":-0.6483,""yaw_rate_radps"":0.7631}"
1802,7824731296999,/autodrive/roboracer_1/imu,Imu,1789296569664273433,,"{""angular_velocity_x_radps"":0.0318,""angular_velocity_y_radps"":0.0198,""ax_mps2"":-0.0803,""ay_mps2"":3.7486,""az_mps2"":-0.1195,""orientation_w"":0.7675,""orientation_x"":0.0179,""orientation_y"":0.0017,""orientation_z"":-0.6408,""yaw_rate_radps"":0.7628}"
1809,7824755364233,/autodrive/roboracer_1/imu,Imu,1789296569689446617,,"{""angular_velocity_x_radps"":0.0262,""angular_velocity_y_radps"":0.0206,""ax_mps2"":-0.0779,""ay_mps2"":3.7512,""az_mps2"":-0.1088,""orientation_w"":0.7736,""orientation_x"":0.0183,""orientation_y"":0.0015,""orientation_z"":-0.6334,""yaw_rate_radps"":0.7626}"
1818,7824780476543,/autodrive/roboracer_1/imu,Imu,1789296569713807744,,"{""angular_velocity_x_radps"":0.021,""angular_velocity_y_radps"":0.0215,""ax_mps2"":-0.078,""ay_mps2"":3.7527,""az_mps2"":-0.1255,""orientation_w"":0.7796,""orientation_x"":0.0187,""orientation_y"":0.0014,""orientation_z"":-0.626,""yaw_rate_radps"":0.7625}"
1827,7824804274660,/autodrive/roboracer_1/imu,Imu,1789296569738441693,,"{""angular_velocity_x_radps"":0.0168,""angular_velocity_y_radps"":0.0222,""ax_mps2"":-0.0767,""ay_mps2"":3.746,""az_mps2"":-0.1299,""orientation_w"":0.7853,""orientation_x"":0.0191,""orientation_y"":0.0012,""orientation_z"":-0.6188,""yaw_rate_radps"":0.7623}"
1835,7824832068182,/autodrive/roboracer_1/imu,Imu,1789296569764338659,,"{""angular_velocity_x_radps"":0.0127,""angular_velocity_y_radps"":0.0228,""ax_mps2"":-0.0764,""ay_mps2"":3.751,""az_mps2"":-0.122,""orientation_w"":0.7911,""orientation_x"":0.0194,""orientation_y"":0.0012,""orientation_z"":-0.6113,""yaw_rate_radps"":0.7622}"
1845,7824855330643,/autodrive/roboracer_1/imu,Imu,1789296569789036879,,"{""angular_velocity_x_radps"":0.0091,""angular_velocity_y_radps"":0.0234,""ax_mps2"":-0.0736,""ay_mps2"":3.7493,""az_mps2"":-0.105,""orientation_w"":0.7972,""orientation_x"":0.0197,""orientation_y"":0.0011,""orientation_z"":-0.6034,""yaw_rate_radps"":0.7621}"
1854,7824880383751,/autodrive/roboracer_1/imu,Imu,1789296569813835869,,"{""angular_velocity_x_radps"":0.0059,""angular_velocity_y_radps"":0.0239,""ax_mps2"":-0.0771,""ay_mps2"":3.7417,""az_mps2"":-0.1428,""orientation_w"":0.8029,""orientation_x"":0.02,""orientation_y"":0.0011,""orientation_z"":-0.5958,""yaw_rate_radps"":0.762}"
1863,7824904516377,/autodrive/roboracer_1/imu,Imu,1789296569838441566,,"{""angular_velocity_x_radps"":0.0032,""angular_velocity_y_radps"":0.0243,""ax_mps2"":-0.0744,""ay_mps2"":3.7452,""az_mps2"":-0.1155,""orientation_w"":0.8083,""orientation_x"":0.0202,""orientation_y"":0.0011,""orientation_z"":-0.5884,""yaw_rate_radps"":0.7619}"
1872,7824930396982,/autodrive/roboracer_1/imu,Imu,1789296569864317622,,"{""angular_velocity_x_radps"":0.0006,""angular_velocity_y_radps"":0.0247,""ax_mps2"":-0.073,""ay_mps2"":3.7465,""az_mps2"":-0.1045,""orientation_w"":0.8141,""orientation_x"":0.0204,""orientation_y"":0.0012,""orientation_z"":-0.5804,""yaw_rate_radps"":0.7618}"
1880,7824955188638,/autodrive/roboracer_1/imu,Imu,1789296569889419371,,"{""angular_velocity_x_radps"":-0.0016,""angular_velocity_y_radps"":0.0251,""ax_mps2"":-0.0738,""ay_mps2"":3.7458,""az_mps2"":-0.1155,""orientation_w"":0.8196,""orientation_x"":0.0206,""orientation_y"":0.0012,""orientation_z"":-0.5726,""yaw_rate_radps"":0.7618}"
1890,7824980366611,/autodrive/roboracer_1/imu,Imu,1789296569913702301,,"{""angular_velocity_x_radps"":-0.0036,""angular_velocity_y_radps"":0.0253,""ax_mps2"":-0.0741,""ay_mps2"":3.7453,""az_mps2"":-0.1141,""orientation_w"":0.825,""orientation_x"":0.0208,""orientation_y"":0.0013,""orientation_z"":-0.5648,""yaw_rate_radps"":0.7617}"
1898,7825005095038,/autodrive/roboracer_1/imu,Imu,1789296569939411372,,"{""angular_velocity_x_radps"":-0.0054,""angular_velocity_y_radps"":0.0256,""ax_mps2"":-0.0753,""ay_mps2"":3.7359,""az_mps2"":-0.1429,""orientation_w"":0.8303,""orientation_x"":0.0209,""orientation_y"":0.0014,""orientation_z"":-0.5569,""yaw_rate_radps"":0.7616}"
1907,7825030464111,/autodrive/roboracer_1/imu,Imu,1789296569964218598,,"{""angular_velocity_x_radps"":-0.0069,""angular_velocity_y_radps"":0.0259,""ax_mps2"":-0.0751,""ay_mps2"":3.7371,""az_mps2"":-0.1402,""orientation_w"":0.8356,""orientation_x"":0.0211,""orientation_y"":0.0015,""orientation_z"":-0.549,""yaw_rate_radps"":0.7616}"
1916,7825055242933,/autodrive/roboracer_1/imu,Imu,1789296569989165476,,"{""angular_velocity_x_radps"":-0.0083,""angular_velocity_y_radps"":0.0261,""ax_mps2"":-0.0757,""ay_mps2"":3.7417,""az_mps2"":-0.136,""orientation_w"":0.8408,""orientation_x"":0.0212,""orientation_y"":0.0017,""orientation_z"":-0.541,""yaw_rate_radps"":0.7616}"
1926,7825080530291,/autodrive/roboracer_1/imu,Imu,1789296570014428880,,"{""angular_velocity_x_radps"":-0.0096,""angular_velocity_y_radps"":0.0262,""ax_mps2"":-0.0764,""ay_mps2"":3.7396,""az_mps2"":-0.1385,""orientation_w"":0.8459,""orientation_x"":0.0213,""orientation_y"":0.0018,""orientation_z"":-0.5329,""yaw_rate_radps"":0.7615}"
1934,7825105305998,/autodrive/roboracer_1/imu,Imu,1789296570039262104,,"{""angular_velocity_x_radps"":-0.0106,""angular_velocity_y_radps"":0.0264,""ax_mps2"":-0.0752,""ay_mps2"":3.7372,""az_mps2"":-0.1361,""orientation_w"":0.8509,""orientation_x"":0.0214,""orientation_y"":0.0019,""orientation_z"":-0.5249,""yaw_rate_radps"":0.7615}"
1943,7825130169188,/autodrive/roboracer_1/imu,Imu,1789296570064402997,,"{""angular_velocity_x_radps"":-0.0116,""angular_velocity_y_radps"":0.0265,""ax_mps2"":-0.0743,""ay_mps2"":3.7442,""az_mps2"":-0.1155,""orientation_w"":0.8559,""orientation_x"":0.0214,""orientation_y"":0.0021,""orientation_z"":-0.5167,""yaw_rate_radps"":0.7615}"
1952,7825155388639,/autodrive/roboracer_1/imu,Imu,1789296570089220352,,"{""angular_velocity_x_radps"":-0.0126,""angular_velocity_y_radps"":0.0267,""ax_mps2"":-0.0757,""ay_mps2"":3.7406,""az_mps2"":-0.137,""orientation_w"":0.8608,""orientation_x"":0.0215,""orientation_y"":0.0022,""orientation_z"":-0.5085,""yaw_rate_radps"":0.7614}"
1962,7825180193550,/autodrive/roboracer_1/imu,Imu,1789296570114383858,,"{""angular_velocity_x_radps"":-0.0133,""angular_velocity_y_radps"":0.0269,""ax_mps2"":-0.0755,""ay_mps2"":3.7394,""az_mps2"":-0.1349,""orientation_w"":0.8656,""orientation_x"":0.0215,""orientation_y"":0.0024,""orientation_z"":-0.5003,""yaw_rate_radps"":0.7614}"
1970,7825204305739,/autodrive/roboracer_1/imu,Imu,1789296570138637592,,"{""angular_velocity_x_radps"":-0.014,""angular_velocity_y_radps"":0.027,""ax_mps2"":-0.0757,""ay_mps2"":3.74,""az_mps2"":-0.1338,""orientation_w"":0.8701,""orientation_x"":0.0216,""orientation_y"":0.0026,""orientation_z"":-0.4924,""yaw_rate_radps"":0.7614}"
1980,7825230369418,/autodrive/roboracer_1/imu,Imu,1789296570163822017,,"{""angular_velocity_x_radps"":-0.0146,""angular_velocity_y_radps"":0.027,""ax_mps2"":-0.0744,""ay_mps2"":3.7391,""az_mps2"":-0.1274,""orientation_w"":0.8749,""orientation_x"":0.0216,""orientation_y"":0.0028,""orientation_z"":-0.4837,""yaw_rate_radps"":0.7614}"
1988,7825255093136,/autodrive/roboracer_1/imu,Imu,1789296570189201479,,"{""angular_velocity_x_radps"":-0.0153,""angular_velocity_y_radps"":0.0271,""ax_mps2"":-0.0768,""ay_mps2"":3.7323,""az_mps2"":-0.1555,""orientation_w"":0.8795,""orientation_x"":0.0216,""orientation_y"":0.0029,""orientation_z"":-0.4754,""yaw_rate_radps"":0.7614}"
1998,7825280369294,/autodrive/roboracer_1/imu,Imu,1789296570213676069,,"{""angular_velocity_x_radps"":-0.0156,""angular_velocity_y_radps"":0.0271,""ax_mps2"":-0.0726,""ay_mps2"":3.751,""az_mps2"":-0.0963,""orientation_w"":0.884,""orientation_x"":0.0217,""orientation_y"":0.0031,""orientation_z"":-0.467,""yaw_rate_radps"":0.7614}"
2006,7825306090819,/autodrive/roboracer_1/imu,Imu,1789296570239185866,,"{""angular_velocity_x_radps"":-0.0161,""angular_velocity_y_radps"":0.0272,""ax_mps2"":-0.0736,""ay_mps2"":3.7445,""az_mps2"":-0.1109,""orientation_w"":0.8884,""orientation_x"":0.0217,""orientation_y"":0.0033,""orientation_z"":-0.4585,""yaw_rate_radps"":0.7613}"
2016,7825330396070,/autodrive/roboracer_1/imu,Imu,1789296570264400157,,"{""angular_velocity_x_radps"":-0.0165,""angular_velocity_y_radps"":0.0272,""ax_mps2"":-0.0747,""ay_mps2"":3.7435,""az_mps2"":-0.1226,""orientation_w"":0.8927,""orientation_x"":0.0217,""orientation_y"":0.0035,""orientation_z"":-0.4501,""yaw_rate_radps"":0.7613}"
2025,7825355199719,/autodrive/roboracer_1/imu,Imu,1789296570289387201,,"{""angular_velocity_x_radps"":-0.0169,""angular_velocity_y_radps"":0.0274,""ax_mps2"":-0.0766,""ay_mps2"":3.7356,""az_mps2"":-0.1431,""orientation_w"":0.897,""orientation_x"":0.0217,""orientation_y"":0.0037,""orientation_z"":-0.4415,""yaw_rate_radps"":0.7613}"
2034,7825380401897,/autodrive/roboracer_1/imu,Imu,1789296570314227539,,"{""angular_velocity_x_radps"":-0.0173,""angular_velocity_y_radps"":0.0274,""ax_mps2"":-0.0771,""ay_mps2"":3.7348,""az_mps2"":-0.152,""orientation_w"":0.9011,""orientation_x"":0.0217,""orientation_y"":0.0039,""orientation_z"":-0.433,""yaw_rate_radps"":0.7613}"
2042,7825404153888,/autodrive/roboracer_1/imu,Imu,1789296570338533411,,"{""angular_velocity_x_radps"":-0.0175,""angular_velocity_y_radps"":0.0274,""ax_mps2"":-0.0792,""ay_mps2"":3.7321,""az_mps2"":-0.1786,""orientation_w"":0.9051,""orientation_x"":0.0217,""orientation_y"":0.0041,""orientation_z"":-0.4247,""yaw_rate_radps"":0.7613}"
2051,7825430283170,/autodrive/roboracer_1/imu,Imu,1789296570364260056,,"{""angular_velocity_x_radps"":-0.0177,""angular_velocity_y_radps"":0.0274,""ax_mps2"":-0.0755,""ay_mps2"":3.74,""az_mps2"":-0.1327,""orientation_w"":0.9092,""orientation_x"":0.0216,""orientation_y"":0.0043,""orientation_z"":-0.4157,""yaw_rate_radps"":0.7613}"
2060,7825455185194,/autodrive/roboracer_1/imu,Imu,1789296570389380190,,"{""angular_velocity_x_radps"":-0.0178,""angular_velocity_y_radps"":0.0274,""ax_mps2"":-0.0752,""ay_mps2"":3.7396,""az_mps2"":-0.1265,""orientation_w"":0.9131,""orientation_x"":0.0216,""orientation_y"":0.0045,""orientation_z"":-0.407,""yaw_rate_radps"":0.7613}"
2069,7825480254192,/autodrive/roboracer_1/imu,Imu,1789296570414449579,,"{""angular_velocity_x_radps"":-0.0181,""angular_velocity_y_radps"":0.0275,""ax_mps2"":-0.0771,""ay_mps2"":3.7347,""az_mps2"":-0.1532,""orientation_w"":0.917,""orientation_x"":0.0216,""orientation_y"":0.0047,""orientation_z"":-0.3983,""yaw_rate_radps"":0.7613}"
2079,7825505355962,/autodrive/roboracer_1/imu,Imu,1789296570439240734,,"{""angular_velocity_x_radps"":-0.0183,""angular_velocity_y_radps"":0.0275,""ax_mps2"":-0.0757,""ay_mps2"":3.74,""az_mps2"":-0.1351,""orientation_w"":0.9207,""orientation_x"":0.0216,""orientation_y"":0.0049,""orientation_z"":-0.3896,""yaw_rate_radps"":0.7613}"
2088,7825529330972,/autodrive/roboracer_1/imu,Imu,1789296570463468229,,"{""angular_velocity_x_radps"":-0.0184,""angular_velocity_y_radps"":0.0275,""ax_mps2"":-0.0739,""ay_mps2"":3.7448,""az_mps2"":-0.1136,""orientation_w"":0.9243,""orientation_x"":0.0215,""orientation_y"":0.0051,""orientation_z"":-0.3811,""yaw_rate_radps"":0.7613}"
2097,7825555398077,/autodrive/roboracer_1/imu,Imu,1789296570489351960,,"{""angular_velocity_x_radps"":-0.0185,""angular_velocity_y_radps"":0.0275,""ax_mps2"":-0.0765,""ay_mps2"":3.7339,""az_mps2"":-0.1407,""orientation_w"":0.928,""orientation_x"":0.0215,""orientation_y"":0.0053,""orientation_z"":-0.372,""yaw_rate_radps"":0.7613}"
2106,7825580205914,/autodrive/roboracer_1/imu,Imu,1789296570514220571,,"{""angular_velocity_x_radps"":-0.0187,""angular_velocity_y_radps"":0.0276,""ax_mps2"":-0.0749,""ay_mps2"":3.7429,""az_mps2"":-0.1306,""orientation_w"":0.9315,""orientation_x"":0.0215,""orientation_y"":0.0055,""orientation_z"":-0.3631,""yaw_rate_radps"":0.7612}"
2115,7825605200001,/autodrive/roboracer_1/imu,Imu,1789296570539197716,,"{""angular_velocity_x_radps"":-0.0188,""angular_velocity_y_radps"":0.0275,""ax_mps2"":-0.0758,""ay_mps2"":3.7396,""az_mps2"":-0.141,""orientation_w"":0.9349,""orientation_x"":0.0214,""orientation_y"":0.0057,""orientation_z"":-0.3542,""yaw_rate_radps"":0.7612}"
2124,7825629196332,/autodrive/roboracer_1/imu,Imu,1789296570563514629,,"{""angular_velocity_x_radps"":-0.0189,""angular_velocity_y_radps"":0.0275,""ax_mps2"":-0.0741,""ay_mps2"":3.7413,""az_mps2"":-0.1165,""orientation_w"":0.9381,""orientation_x"":0.0214,""orientation_y"":0.0059,""orientation_z"":-0.3457,""yaw_rate_radps"":0.7613}"
2132,7825655136578,/autodrive/roboracer_1/imu,Imu,1789296570589253196,,"{""angular_velocity_x_radps"":-0.019,""angular_velocity_y_radps"":0.0276,""ax_mps2"":-0.075,""ay_mps2"":3.7403,""az_mps2"":-0.1334,""orientation_w"":0.9415,""orientation_x"":0.0213,""orientation_y"":0.0061,""orientation_z"":-0.3364,""yaw_rate_radps"":0.7612}"
2142,7825679250630,/autodrive/roboracer_1/imu,Imu,1789296570613595908,,"{""angular_velocity_x_radps"":-0.0191,""angular_velocity_y_radps"":0.0275,""ax_mps2"":-0.0767,""ay_mps2"":3.7341,""az_mps2"":-0.1433,""orientation_w"":0.9445,""orientation_x"":0.0213,""orientation_y"":0.0063,""orientation_z"":-0.3277,""yaw_rate_radps"":0.7612}"
2151,7825705308097,/autodrive/roboracer_1/imu,Imu,1789296570639199341,,"{""angular_velocity_x_radps"":-0.0191,""angular_velocity_y_radps"":0.0275,""ax_mps2"":-0.0758,""ay_mps2"":3.737,""az_mps2"":-0.1374,""orientation_w"":0.9477,""orientation_x"":0.0212,""orientation_y"":0.0065,""orientation_z"":-0.3184,""yaw_rate_radps"":0.7612}"
2160,7825730274662,/autodrive/roboracer_1/imu,Imu,1789296570663615692,,"{""angular_velocity_x_radps"":-0.0192,""angular_velocity_y_radps"":0.0276,""ax_mps2"":-0.0774,""ay_mps2"":3.7326,""az_mps2"":-0.159,""orientation_w"":0.9507,""orientation_x"":0.0212,""orientation_y"":0.0067,""orientation_z"":-0.3093,""yaw_rate_radps"":0.7612}"
2168,7825755368387,/autodrive/roboracer_1/imu,Imu,1789296570689352796,,"{""angular_velocity_x_radps"":-0.0192,""angular_velocity_y_radps"":0.0276,""ax_mps2"":-0.077,""ay_mps2"":3.7366,""az_mps2"":-0.1478,""orientation_w"":0.9536,""orientation_x"":0.0211,""orientation_y"":0.0069,""orientation_z"":-0.3002,""yaw_rate_radps"":0.7612}"
2177,7825780298203,/autodrive/roboracer_1/imu,Imu,1789296570714389213,,"{""angular_velocity_x_radps"":-0.0192,""angular_velocity_y_radps"":0.0276,""ax_mps2"":-0.075,""ay_mps2"":3.7405,""az_mps2"":-0.1339,""orientation_w"":0.9564,""orientation_x"":0.021,""orientation_y"":0.0071,""orientation_z"":-0.2912,""yaw_rate_radps"":0.7612}"
2187,7825805458903,/autodrive/roboracer_1/imu,Imu,1789296570738843845,,"{""angular_velocity_x_radps"":-0.0193,""angular_velocity_y_radps"":0.0275,""ax_mps2"":-0.0763,""ay_mps2"":3.7385,""az_mps2"":-0.1384,""orientation_w"":0.9591,""orientation_x"":0.021,""orientation_y"":0.0073,""orientation_z"":-0.282,""yaw_rate_radps"":0.7612}"
2196,7825830501551,/autodrive/roboracer_1/imu,Imu,1789296570763600346,,"{""angular_velocity_x_radps"":-0.0193,""angular_velocity_y_radps"":0.0276,""ax_mps2"":-0.0735,""ay_mps2"":3.743,""az_mps2"":-0.108,""orientation_w"":0.9618,""orientation_x"":0.0209,""orientation_y"":0.0075,""orientation_z"":-0.2729,""yaw_rate_radps"":0.7612}"
2205,7825855580248,/autodrive/roboracer_1/imu,Imu,1789296570788829124,,"{""angular_velocity_x_radps"":-0.0193,""angular_velocity_y_radps"":0.0276,""ax_mps2"":-0.0752,""ay_mps2"":3.74,""az_mps2"":-0.1249,""orientation_w"":0.9643,""orientation_x"":0.0208,""orientation_y"":0.0077,""orientation_z"":-0.2637,""yaw_rate_radps"":0.7612}"
2213,7825880173451,/autodrive/roboracer_1/imu,Imu,1789296570814424292,,"{""angular_velocity_x_radps"":-0.0195,""angular_velocity_y_radps"":0.0276,""ax_mps2"":-0.0757,""ay_mps2"":3.7408,""az_mps2"":-0.1349,""orientation_w"":0.9668,""orientation_x"":0.0208,""orientation_y"":0.0079,""orientation_z"":-0.2545,""yaw_rate_radps"":0.7612}"
2222,7825905316758,/autodrive/roboracer_1/imu,Imu,1789296570839454346,,"{""angular_velocity_x_radps"":-0.0194,""angular_velocity_y_radps"":0.0276,""ax_mps2"":-0.0773,""ay_mps2"":3.7305,""az_mps2"":-0.1534,""orientation_w"":0.9692,""orientation_x"":0.0207,""orientation_y"":0.0081,""orientation_z"":-0.2453,""yaw_rate_radps"":0.7612}"
2232,7825929422655,/autodrive/roboracer_1/imu,Imu,1789296570863560834,,"{""angular_velocity_x_radps"":-0.0194,""angular_velocity_y_radps"":0.0276,""ax_mps2"":-0.0746,""ay_mps2"":3.7454,""az_mps2"":-0.117,""orientation_w"":0.9714,""orientation_x"":0.0206,""orientation_y"":0.0083,""orientation_z"":-0.2364,""yaw_rate_radps"":0.7612}"
2241,7825955368792,/autodrive/roboracer_1/imu,Imu,1789296570888799270,,"{""angular_velocity_x_radps"":-0.0196,""angular_velocity_y_radps"":0.0276,""ax_mps2"":-0.078,""ay_mps2"":3.7297,""az_mps2"":-0.1654,""orientation_w"":0.9737,""orientation_x"":0.0205,""orientation_y"":0.0085,""orientation_z"":-0.2268,""yaw_rate_radps"":0.7612}"
2249,7825980643718,/autodrive/roboracer_1/imu,Imu,1789296570914449572,,"{""angular_velocity_x_radps"":-0.0195,""angular_velocity_y_radps"":0.0276,""ax_mps2"":-0.0739,""ay_mps2"":3.7423,""az_mps2"":-0.1171,""orientation_w"":0.9758,""orientation_x"":0.0205,""orientation_y"":0.0087,""orientation_z"":-0.2175,""yaw_rate_radps"":0.7612}"
2259,7826005307553,/autodrive/roboracer_1/imu,Imu,1789296570938892552,,"{""angular_velocity_x_radps"":-0.0195,""angular_velocity_y_radps"":0.0276,""ax_mps2"":-0.0752,""ay_mps2"":3.7389,""az_mps2"":-0.1311,""orientation_w"":0.9778,""orientation_x"":0.0204,""orientation_y"":0.0088,""orientation_z"":-0.2082,""yaw_rate_radps"":0.7612}"
2270,7826031170114,/autodrive/roboracer_1/imu,Imu,1789296570963779598,,"{""angular_velocity_x_radps"":-0.0195,""angular_velocity_y_radps"":0.0276,""ax_mps2"":-0.0743,""ay_mps2"":3.7441,""az_mps2"":-0.12,""orientation_w"":0.9798,""orientation_x"":0.0203,""orientation_y"":0.009,""orientation_z"":-0.1989,""yaw_rate_radps"":0.7612}"
2277,7826055651637,/autodrive/roboracer_1/imu,Imu,1789296570988866570,,"{""angular_velocity_x_radps"":-0.0196,""angular_velocity_y_radps"":0.0276,""ax_mps2"":-0.0756,""ay_mps2"":3.7384,""az_mps2"":-0.1376,""orientation_w"":0.9816,""orientation_x"":0.0202,""orientation_y"":0.0092,""orientation_z"":-0.1895,""yaw_rate_radps"":0.7612}"
2285,7826080483779,/autodrive/roboracer_1/imu,Imu,1789296571014125134,,"{""angular_velocity_x_radps"":-0.0196,""angular_velocity_y_radps"":0.0276,""ax_mps2"":-0.0762,""ay_mps2"":3.7377,""az_mps2"":-0.143,""orientation_w"":0.9834,""orientation_x"":0.0201,""orientation_y"":0.0094,""orientation_z"":-0.1802,""yaw_rate_radps"":0.7612}"
2295,7826104226413,/autodrive/roboracer_1/imu,Imu,1789296571038544821,,"{""angular_velocity_x_radps"":-0.0196,""angular_velocity_y_radps"":0.0276,""ax_mps2"":-0.0749,""ay_mps2"":3.7419,""az_mps2"":-0.1251,""orientation_w"":0.9849,""orientation_x"":0.02,""orientation_y"":0.0096,""orientation_z"":-0.1716,""yaw_rate_radps"":0.7612}"
2303,7826130571370,/autodrive/roboracer_1/imu,Imu,1789296571064446324,,"{""angular_velocity_x_radps"":-0.0196,""angular_velocity_y_radps"":0.0276,""ax_mps2"":-0.0771,""ay_mps2"":3.7328,""az_mps2"":-0.1595,""orientation_w"":0.9866,""orientation_x"":0.0199,""orientation_y"":0.0098,""orientation_z"":-0.1614,""yaw_rate_radps"":0.7612}"
2313,7826155241799,/autodrive/roboracer_1/imu,Imu,1789296571088959747,,"{""angular_velocity_x_radps"":-0.0195,""angular_velocity_y_radps"":0.0276,""ax_mps2"":-0.0754,""ay_mps2"":3.7371,""az_mps2"":-0.1293,""orientation_w"":0.9881,""orientation_x"":0.0199,""orientation_y"":0.01,""orientation_z"":-0.152,""yaw_rate_radps"":0.7612}"
2321,7826180469415,/autodrive/roboracer_1/imu,Imu,1789296571114247647,,"{""angular_velocity_x_radps"":-0.0196,""angular_velocity_y_radps"":0.0276,""ax_mps2"":-0.0765,""ay_mps2"":3.7344,""az_mps2"":-0.145,""orientation_w"":0.9895,""orientation_x"":0.0198,""orientation_y"":0.0102,""orientation_z"":-0.1426,""yaw_rate_radps"":0.7612}"
2331,7826204192271,/autodrive/roboracer_1/imu,Imu,1789296571138535886,,"{""angular_velocity_x_radps"":-0.0196,""angular_velocity_y_radps"":0.0276,""ax_mps2"":-0.0761,""ay_mps2"":3.7377,""az_mps2"":-0.141,""orientation_w"":0.9908,""orientation_x"":0.0197,""orientation_y"":0.0104,""orientation_z"":-0.1335,""yaw_rate_radps"":0.7612}"
2339,7826230234830,/autodrive/roboracer_1/imu,Imu,1789296571164293499,,"{""angular_velocity_x_radps"":-0.0196,""angular_velocity_y_radps"":0.0276,""ax_mps2"":-0.0752,""ay_mps2"":3.738,""az_mps2"":-0.1348,""orientation_w"":0.9921,""orientation_x"":0.0196,""orientation_y"":0.0106,""orientation_z"":-0.1237,""yaw_rate_radps"":0.7612}"
2349,7826255329165,/autodrive/roboracer_1/imu,Imu,1789296571189225840,,"{""angular_velocity_x_radps"":-0.0196,""angular_velocity_y_radps"":0.0276,""ax_mps2"":-0.075,""ay_mps2"":3.7425,""az_mps2"":-0.1262,""orientation_w"":0.9932,""orientation_x"":0.0195,""orientation_y"":0.0107,""orientation_z"":-0.1143,""yaw_rate_radps"":0.7612}"
2358,7826280583021,/autodrive/roboracer_1/imu,Imu,1789296571214258269,,"{""angular_velocity_x_radps"":-0.0196,""angular_velocity_y_radps"":0.0275,""ax_mps2"":-0.0741,""ay_mps2"":3.7438,""az_mps2"":-0.1183,""orientation_w"":0.9942,""orientation_x"":0.0194,""orientation_y"":0.0109,""orientation_z"":-0.1048,""yaw_rate_radps"":0.7612}"
2367,7826304366090,/autodrive/roboracer_1/imu,Imu,1789296571238647839,,"{""angular_velocity_x_radps"":-0.0196,""angular_velocity_y_radps"":0.0276,""ax_mps2"":-0.0762,""ay_mps2"":3.7375,""az_mps2"":-0.143,""orientation_w"":0.9952,""orientation_x"":0.0193,""orientation_y"":0.0111,""orientation_z"":-0.0957,""yaw_rate_radps"":0.7612}"
2376,7826329294945,/autodrive/roboracer_1/imu,Imu,1789296571263451378,,"{""angular_velocity_x_radps"":-0.0196,""angular_velocity_y_radps"":0.0276,""ax_mps2"":-0.0776,""ay_mps2"":3.7318,""az_mps2"":-0.1561,""orientation_w"":0.996,""orientation_x"":0.0192,""orientation_y"":0.0113,""orientation_z"":-0.0862,""yaw_rate_radps"":0.7612}"
2385,7826354379061,/autodrive/roboracer_1/imu,Imu,1789296571288613581,,"{""angular_velocity_x_radps"":-0.0196,""angular_velocity_y_radps"":0.0276,""ax_mps2"":-0.0737,""ay_mps2"":3.7434,""az_mps2"":-0.1095,""orientation_w"":0.9968,""orientation_x"":0.019,""orientation_y"":0.0115,""orientation_z"":-0.0767,""yaw_rate_radps"":0.7612}"
2394,7826379352169,/autodrive/roboracer_1/imu,Imu,1789296571313472855,,"{""angular_velocity_x_radps"":-0.0196,""angular_velocity_y_radps"":0.0276,""ax_mps2"":-0.0763,""ay_mps2"":3.7346,""az_mps2"":-0.1457,""orientation_w"":0.9975,""orientation_x"":0.0189,""orientation_y"":0.0117,""orientation_z"":-0.0672,""yaw_rate_radps"":0.7612}"
2403,7826405426397,/autodrive/roboracer_1/imu,Imu,1789296571339437808,,"{""angular_velocity_x_radps"":-0.0197,""angular_velocity_y_radps"":0.0276,""ax_mps2"":-0.0767,""ay_mps2"":3.7357,""az_mps2"":-0.1447,""orientation_w"":0.9981,""orientation_x"":0.0188,""orientation_y"":0.0118,""orientation_z"":-0.0573,""yaw_rate_radps"":0.7612}"
2411,7826429200540,/autodrive/roboracer_1/imu,Imu,1789296571363526091,,"{""angular_velocity_x_radps"":-0.0196,""angular_velocity_y_radps"":0.0276,""ax_mps2"":-0.0758,""ay_mps2"":3.7387,""az_mps2"":-0.1361,""orientation_w"":0.9986,""orientation_x"":0.0187,""orientation_y"":0.012,""orientation_z"":-0.0482,""yaw_rate_radps"":0.7612}"
2420,7826455747267,/autodrive/roboracer_1/imu,Imu,1789296571388731215,,"{""angular_velocity_x_radps"":-0.0196,""angular_velocity_y_radps"":0.0277,""ax_mps2"":-0.0742,""ay_mps2"":3.7449,""az_mps2"":-0.1215,""orientation_w"":0.999,""orientation_x"":0.0186,""orientation_y"":0.0122,""orientation_z"":-0.0383,""yaw_rate_radps"":0.7612}"
2430,7826480513114,/autodrive/roboracer_1/imu,Imu,1789296571414459824,,"{""angular_velocity_x_radps"":-0.0197,""angular_velocity_y_radps"":0.0276,""ax_mps2"":-0.0774,""ay_mps2"":3.7341,""az_mps2"":-0.152,""orientation_w"":0.9993,""orientation_x"":0.0185,""orientation_y"":0.0124,""orientation_z"":-0.0288,""yaw_rate_radps"":0.7612}"
2439,7826505385974,/autodrive/roboracer_1/imu,Imu,1789296571439440435,,"{""angular_velocity_x_radps"":-0.0197,""angular_velocity_y_radps"":0.0276,""ax_mps2"":-0.076,""ay_mps2"":3.7396,""az_mps2"":-0.1319,""orientation_w"":0.9996,""orientation_x"":0.0184,""orientation_y"":0.0125,""orientation_z"":-0.0193,""yaw_rate_radps"":0.7612}"
2448,7826530074225,/autodrive/roboracer_1/imu,Imu,1789296571463572771,,"{""angular_velocity_x_radps"":-0.0197,""angular_velocity_y_radps"":0.0276,""ax_mps2"":-0.0799,""ay_mps2"":3.7239,""az_mps2"":-0.1807,""orientation_w"":0.9997,""orientation_x"":0.0182,""orientation_y"":0.0127,""orientation_z"":-0.0101,""yaw_rate_radps"":0.7612}"
2456,7826555289879,/autodrive/roboracer_1/imu,Imu,1789296571488983592,,"{""angular_velocity_x_radps"":-0.0196,""angular_velocity_y_radps"":0.0276,""ax_mps2"":-0.073,""ay_mps2"":3.7464,""az_mps2"":-0.0997,""orientation_w"":0.9998,""orientation_x"":0.0181,""orientation_y"":0.0129,""orientation_z"":-0.0002,""yaw_rate_radps"":0.7612}"
2466,7826579352835,/autodrive/roboracer_1/imu,Imu,1789296571513543923,,"{""angular_velocity_x_radps"":-0.0197,""angular_velocity_y_radps"":0.0277,""ax_mps2"":-0.0772,""ay_mps2"":3.7344,""az_mps2"":-0.1547,""orientation_w"":0.9997,""orientation_x"":0.018,""orientation_y"":0.0131,""orientation_z"":0.0089,""yaw_rate_radps"":0.7612}"
2475,7826605322497,/autodrive/roboracer_1/imu,Imu,1789296571539093846,,"{""angular_velocity_x_radps"":-0.0197,""angular_velocity_y_radps"":0.0276,""ax_mps2"":-0.0763,""ay_mps2"":3.7397,""az_mps2"":-0.1422,""orientation_w"":0.9996,""orientation_x"":0.0179,""orientation_y"":0.0132,""orientation_z"":0.0188,""yaw_rate_radps"":0.7612}"
2484,7826629445886,/autodrive/roboracer_1/imu,Imu,1789296571563578374,,"{""angular_velocity_x_radps"":-0.0196,""angular_velocity_y_radps"":0.0275,""ax_mps2"":-0.0749,""ay_mps2"":3.7401,""az_mps2"":-0.1202,""orientation_w"":0.9994,""orientation_x"":0.0177,""orientation_y"":0.0134,""orientation_z"":0.0279,""yaw_rate_radps"":0.7612}"
2492,7826654238214,/autodrive/roboracer_1/imu,Imu,1789296571588679563,,"{""angular_velocity_x_radps"":-0.0196,""angular_velocity_y_radps"":0.0276,""ax_mps2"":-0.0761,""ay_mps2"":3.7359,""az_mps2"":-0.1389,""orientation_w"":0.9991,""orientation_x"":0.0176,""orientation_y"":0.0136,""orientation_z"":0.0375,""yaw_rate_radps"":0.7612}"
2501,7826680315939,/autodrive/roboracer_1/imu,Imu,1789296571614282074,,"{""angular_velocity_x_radps"":-0.0197,""angular_velocity_y_radps"":0.0276,""ax_mps2"":-0.0766,""ay_mps2"":3.7353,""az_mps2"":-0.149,""orientation_w"":0.9986,""orientation_x"":0.0175,""orientation_y"":0.0137,""orientation_z"":0.0474,""yaw_rate_radps"":0.7612}"
2510,7826705125038,/autodrive/roboracer_1/imu,Imu,1789296571639439518,,"{""angular_velocity_x_radps"":-0.0196,""angular_velocity_y_radps"":0.0276,""ax_mps2"":-0.0735,""ay_mps2"":3.7458,""az_mps2"":-0.1126,""orientation_w"":0.9981,""orientation_x"":0.0173,""orientation_y"":0.0139,""orientation_z"":0.0569,""yaw_rate_radps"":0.7612}"
2520,7826729286128,/autodrive/roboracer_1/imu,Imu,1789296571663520668,,"{""angular_velocity_x_radps"":-0.0197,""angular_velocity_y_radps"":0.0276,""ax_mps2"":-0.0781,""ay_mps2"":3.7317,""az_mps2"":-0.1619,""orientation_w"":0.9976,""orientation_x"":0.0172,""orientation_y"":0.0141,""orientation_z"":0.066,""yaw_rate_radps"":0.7612}"
2528,7826755293872,/autodrive/roboracer_1/imu,Imu,1789296571689306224,,"{""angular_velocity_x_radps"":-0.0197,""angular_velocity_y_radps"":0.0277,""ax_mps2"":-0.0764,""ay_mps2"":3.7359,""az_mps2"":-0.1444,""orientation_w"":0.9969,""orientation_x"":0.0171,""orientation_y"":0.0142,""orientation_z"":0.0759,""yaw_rate_radps"":0.7612}"
2538,7826780403426,/autodrive/roboracer_1/imu,Imu,1789296571714351097,,"{""angular_velocity_x_radps"":-0.0196,""angular_velocity_y_radps"":0.0276,""ax_mps2"":-0.0755,""ay_mps2"":3.7388,""az_mps2"":-0.1292,""orientation_w"":0.9961,""orientation_x"":0.0169,""orientation_y"":0.0144,""orientation_z"":0.0854,""yaw_rate_radps"":0.7612}"
2547,7826805605905,/autodrive/roboracer_1/imu,Imu,1789296571739283037,,"{""angular_velocity_x_radps"":-0.0196,""angular_velocity_y_radps"":0.0276,""ax_mps2"":-0.075,""ay_mps2"":3.7425,""az_mps2"":-0.1317,""orientation_w"":0.9952,""orientation_x"":0.0168,""orientation_y"":0.0146,""orientation_z"":0.0948,""yaw_rate_radps"":0.7612}"
2555,7826829177456,/autodrive/roboracer_1/imu,Imu,1789296571763460448,,"{""angular_velocity_x_radps"":-0.0196,""angular_velocity_y_radps"":0.0277,""ax_mps2"":-0.0773,""ay_mps2"":3.7331,""az_mps2"":-0.1481,""orientation_w"":0.9943,""orientation_x"":0.0167,""orientation_y"":0.0147,""orientation_z"":0.1039,""yaw_rate_radps"":0.7612}"
2564,7826855382150,/autodrive/roboracer_1/imu,Imu,1789296571789338898,,"{""angular_velocity_x_radps"":-0.0198,""angular_velocity_y_radps"":0.0276,""ax_mps2"":-0.0777,""ay_mps2"":3.7363,""az_mps2"":-0.1587,""orientation_w"":0.9933,""orientation_x"":0.0165,""orientation_y"":0.0149,""orientation_z"":0.1138,""yaw_rate_radps"":0.7612}"
2573,7826880441039,/autodrive/roboracer_1/imu,Imu,1789296571814458972,,"{""angular_velocity_x_radps"":-0.0196,""angular_velocity_y_radps"":0.0276,""ax_mps2"":-0.0745,""ay_mps2"":3.7413,""az_mps2"":-0.1247,""orientation_w"":0.9921,""orientation_x"":0.0164,""orientation_y"":0.015,""orientation_z"":0.1232,""yaw_rate_radps"":0.7612}"
2582,7826905227616,/autodrive/roboracer_1/imu,Imu,1789296571839438762,,"{""angular_velocity_x_radps"":-0.0196,""angular_velocity_y_radps"":0.0276,""ax_mps2"":-0.0772,""ay_mps2"":3.7317,""az_mps2"":-0.153,""orientation_w"":0.9909,""orientation_x"":0.0162,""orientation_y"":0.0152,""orientation_z"":0.1327,""yaw_rate_radps"":0.7612}"
2592,7826929531084,/autodrive/roboracer_1/imu,Imu,1789296571863656749,,"{""angular_velocity_x_radps"":-0.0196,""angular_velocity_y_radps"":0.0276,""ax_mps2"":-0.0753,""ay_mps2"":3.741,""az_mps2"":-0.1296,""orientation_w"":0.9897,""orientation_x"":0.0161,""orientation_y"":0.0153,""orientation_z"":0.1417,""yaw_rate_radps"":0.7612}"
2600,7826955408552,/autodrive/roboracer_1/imu,Imu,1789296571888649724,,"{""angular_velocity_x_radps"":-0.0197,""angular_velocity_y_radps"":0.0277,""ax_mps2"":-0.0762,""ay_mps2"":3.737,""az_mps2"":-0.1409,""orientation_w"":0.9882,""orientation_x"":0.0159,""orientation_y"":0.0155,""orientation_z"":0.1515,""yaw_rate_radps"":0.7612}"
2610,7826979294615,/autodrive/roboracer_1/imu,Imu,1789296571913647759,,"{""angular_velocity_x_radps"":-0.0196,""angular_velocity_y_radps"":0.0277,""ax_mps2"":-0.0758,""ay_mps2"":3.739,""az_mps2"":-0.1387,""orientation_w"":0.9868,""orientation_x"":0.0158,""orientation_y"":0.0156,""orientation_z"":0.1606,""yaw_rate_radps"":0.7612}"
2618,7827005291719,/autodrive/roboracer_1/imu,Imu,1789296571939321764,,"{""angular_velocity_x_radps"":-0.003,""angular_velocity_y_radps"":-0.06,""ax_mps2"":4.1239,""ay_mps2"":4.272,""az_mps2"":0.4399,""orientation_w"":0.9851,""orientation_x"":0.0159,""orientation_y"":0.0151,""orientation_z"":0.1707,""yaw_rate_radps"":0.8008}"
2627,7827029092301,/autodrive/roboracer_1/imu,Imu,1789296571963605786,,"{""angular_velocity_x_radps"":-0.0005,""angular_velocity_y_radps"":-0.048,""ax_mps2"":3.9202,""ay_mps2"":4.2084,""az_mps2"":-0.0405,""orientation_w"":0.9834,""orientation_x"":0.0161,""orientation_y"":0.0143,""orientation_z"":0.1802,""yaw_rate_radps"":0.812}"
2636,7827055460743,/autodrive/roboracer_1/imu,Imu,1789296571989450653,,"{""angular_velocity_x_radps"":0.0059,""angular_velocity_y_radps"":-0.0377,""ax_mps2"":3.8732,""ay_mps2"":4.3386,""az_mps2"":-0.0962,""orientation_w"":0.9814,""orientation_x"":0.0164,""orientation_y"":0.0136,""orientation_z"":0.1906,""yaw_rate_radps"":0.8281}"
2648,7827080820167,/autodrive/roboracer_1/imu,Imu,1789296572014369338,,"{""angular_velocity_x_radps"":0.0117,""angular_velocity_y_radps"":-0.0287,""ax_mps2"":3.8474,""ay_mps2"":4.5094,""az_mps2"":-0.1023,""orientation_w"":0.9794,""orientation_x"":0.0167,""orientation_y"":0.013,""orientation_z"":0.2009,""yaw_rate_radps"":0.8435}"
2654,7827104189318,/autodrive/roboracer_1/imu,Imu,1789296572038587416,,"{""angular_velocity_x_radps"":0.0167,""angular_velocity_y_radps"":-0.0209,""ax_mps2"":3.8168,""ay_mps2"":4.6673,""az_mps2"":-0.1223,""orientation_w"":0.9773,""orientation_x"":0.0171,""orientation_y"":0.0126,""orientation_z"":0.2109,""yaw_rate_radps"":0.8582}"
2663,7827130317999,/autodrive/roboracer_1/imu,Imu,1789296572064441280,,"{""angular_velocity_x_radps"":0.0219,""angular_velocity_y_radps"":-0.013,""ax_mps2"":3.7992,""ay_mps2"":4.8596,""az_mps2"":-0.1069,""orientation_w"":0.9748,""orientation_x"":0.0175,""orientation_y"":0.0122,""orientation_z"":0.2218,""yaw_rate_radps"":0.874}"
2673,7827155574690,/autodrive/roboracer_1/imu,Imu,1789296572089167523,,"{""angular_velocity_x_radps"":0.026,""angular_velocity_y_radps"":-0.0062,""ax_mps2"":3.7438,""ay_mps2"":4.9898,""az_mps2"":-0.1871,""orientation_w"":0.9723,""orientation_x"":0.0179,""orientation_y"":0.012,""orientation_z"":0.2326,""yaw_rate_radps"":0.8891}"
2681,7827180090047,/autodrive/roboracer_1/imu,Imu,1789296572114218387,,"{""angular_velocity_x_radps"":0.0303,""angular_velocity_y_radps"":0.0001,""ax_mps2"":3.7418,""ay_mps2"":5.1865,""az_mps2"":-0.1358,""orientation_w"":0.9697,""orientation_x"":0.0184,""orientation_y"":0.0118,""orientation_z"":0.2435,""yaw_rate_radps"":0.9041}"
2691,7827205309547,/autodrive/roboracer_1/imu,Imu,1789296572139030131,,"{""angular_velocity_x_radps"":0.0337,""angular_velocity_y_radps"":0.006,""ax_mps2"":3.7024,""ay_mps2"":5.3639,""az_mps2"":-0.1781,""orientation_w"":0.9668,""orientation_x"":0.0189,""orientation_y"":0.0118,""orientation_z"":0.2545,""yaw_rate_radps"":0.919}"
2700,7827230997790,/autodrive/roboracer_1/imu,Imu,1789296572164459086,,"{""angular_velocity_x_radps"":0.0368,""angular_velocity_y_radps"":0.0115,""ax_mps2"":3.6454,""ay_mps2"":5.488,""az_mps2"":-0.263,""orientation_w"":0.9638,""orientation_x"":0.0195,""orientation_y"":0.0118,""orientation_z"":0.2657,""yaw_rate_radps"":0.9338}"
2708,7827255834701,/autodrive/roboracer_1/imu,Imu,1789296572189190298,,"{""angular_velocity_x_radps"":0.0398,""angular_velocity_y_radps"":0.0167,""ax_mps2"":3.6296,""ay_mps2"":5.6925,""az_mps2"":-0.249,""orientation_w"":0.9606,""orientation_x"":0.02,""orientation_y"":0.0118,""orientation_z"":0.277,""yaw_rate_radps"":0.9484}"
2718,7827280422895,/autodrive/roboracer_1/imu,Imu,1789296572213697620,,"{""angular_velocity_x_radps"":0.043,""angular_velocity_y_radps"":0.0214,""ax_mps2"":3.619,""ay_mps2"":5.8887,""az_mps2"":-0.2231,""orientation_w"":0.9572,""orientation_x"":0.0206,""orientation_y"":0.012,""orientation_z"":0.2884,""yaw_rate_radps"":0.963}"
2727,7827304370484,/autodrive/roboracer_1/imu,Imu,1789296572238706966,,"{""angular_velocity_x_radps"":0.0459,""angular_velocity_y_radps"":0.0257,""ax_mps2"":3.6099,""ay_mps2"":6.0699,""az_mps2"":-0.198,""orientation_w"":0.9538,""orientation_x"":0.0212,""orientation_y"":0.0122,""orientation_z"":0.2996,""yaw_rate_radps"":0.9769}"
2735,7827329194230,/autodrive/roboracer_1/imu,Imu,1789296572263682478,,"{""angular_velocity_x_radps"":0.0478,""angular_velocity_y_radps"":0.0303,""ax_mps2"":3.5477,""ay_mps2"":6.2095,""az_mps2"":-0.2986,""orientation_w"":0.95,""orientation_x"":0.0218,""orientation_y"":0.0124,""orientation_z"":0.3113,""yaw_rate_radps"":0.9912}"
2744,7827355250004,/autodrive/roboracer_1/imu,Imu,1789296572288770842,,"{""angular_velocity_x_radps"":0.0502,""angular_velocity_y_radps"":0.0346,""ax_mps2"":3.5252,""ay_mps2"":6.4043,""az_mps2"":-0.3031,""orientation_w"":0.9458,""orientation_x"":0.0224,""orientation_y"":0.0127,""orientation_z"":0.3236,""yaw_rate_radps"":1.0061}"
2754,7827379329782,/autodrive/roboracer_1/imu,Imu,1789296572313520570,,"{""angular_velocity_x_radps"":0.0525,""angular_velocity_y_radps"":0.0384,""ax_mps2"":3.5181,""ay_mps2"":6.6069,""az_mps2"":-0.2757,""orientation_w"":0.9418,""orientation_x"":0.023,""orientation_y"":0.0131,""orientation_z"":0.3351,""yaw_rate_radps"":1.0196}"
2763,7827404526500,/autodrive/roboracer_1/imu,Imu,1789296572338595819,,"{""angular_velocity_x_radps"":0.0543,""angular_velocity_y_radps"":0.0423,""ax_mps2"":3.4653,""ay_mps2"":6.7457,""az_mps2"":-0.3576,""orientation_w"":0.9374,""orientation_x"":0.0236,""orientation_y"":0.0135,""orientation_z"":0.3471,""yaw_rate_radps"":1.0337}"
2772,7827430503114,/autodrive/roboracer_1/imu,Imu,1789296572363994056,,"{""angular_velocity_x_radps"":0.0562,""angular_velocity_y_radps"":0.0463,""ax_mps2"":3.4464,""ay_mps2"":6.9647,""az_mps2"":-0.3569,""orientation_w"":0.9326,""orientation_x"":0.0243,""orientation_y"":0.0139,""orientation_z"":0.3598,""yaw_rate_radps"":1.0481}"
2780,7827455428833,/autodrive/roboracer_1/imu,Imu,1789296572389458007,,"{""angular_velocity_x_radps"":0.0582,""angular_velocity_y_radps"":0.0499,""ax_mps2"":3.4345,""ay_mps2"":7.1726,""az_mps2"":-0.3427,""orientation_w"":0.9278,""orientation_x"":0.0249,""orientation_y"":0.0144,""orientation_z"":0.3721,""yaw_rate_radps"":1.062}"
2789,7827479171236,/autodrive/roboracer_1/imu,Imu,1789296572413458626,,"{""angular_velocity_x_radps"":0.0595,""angular_velocity_y_radps"":0.0535,""ax_mps2"":3.384,""ay_mps2"":7.304,""az_mps2"":-0.4231,""orientation_w"":0.9229,""orientation_x"":0.0255,""orientation_y"":0.015,""orientation_z"":0.3839,""yaw_rate_radps"":1.0751}"
2799,7827505297392,/autodrive/roboracer_1/imu,Imu,1789296572439257586,,"{""angular_velocity_x_radps"":0.0613,""angular_velocity_y_radps"":0.0572,""ax_mps2"":3.363,""ay_mps2"":7.5045,""az_mps2"":-0.4321,""orientation_w"":0.9174,""orientation_x"":0.0262,""orientation_y"":0.0156,""orientation_z"":0.3969,""yaw_rate_radps"":1.0893}"
2807,7827530472309,/autodrive/roboracer_1/imu,Imu,1789296572463993077,,"{""angular_velocity_x_radps"":0.0628,""angular_velocity_y_radps"":0.0608,""ax_mps2"":3.3328,""ay_mps2"":7.6912,""az_mps2"":-0.4645,""orientation_w"":0.9118,""orientation_x"":0.0268,""orientation_y"":0.0162,""orientation_z"":0.4094,""yaw_rate_radps"":1.1027}"
2816,7827554135693,/autodrive/roboracer_1/imu,Imu,1789296572488590789,,"{""angular_velocity_x_radps"":0.0645,""angular_velocity_y_radps"":0.0641,""ax_mps2"":3.3218,""ay_mps2"":7.8945,""az_mps2"":-0.4566,""orientation_w"":0.9062,""orientation_x"":0.0274,""orientation_y"":0.0168,""orientation_z"":0.4215,""yaw_rate_radps"":1.1155}"
2826,7827580242313,/autodrive/roboracer_1/imu,Imu,1789296572514274953,,"{""angular_velocity_x_radps"":0.0653,""angular_velocity_y_radps"":0.0679,""ax_mps2"":3.2729,""ay_mps2"":8.0621,""az_mps2"":-0.5355,""orientation_w"":0.8999,""orientation_x"":0.028,""orientation_y"":0.0176,""orientation_z"":0.4347,""yaw_rate_radps"":1.1293}"
2834,7827605102838,/autodrive/roboracer_1/imu,Imu,1789296572539116654,,"{""angular_velocity_x_radps"":0.0673,""angular_velocity_y_radps"":0.0713,""ax_mps2"":3.2744,""ay_mps2"":8.2972,""az_mps2"":-0.4985,""orientation_w"":0.8936,""orientation_x"":0.0287,""orientation_y"":0.0183,""orientation_z"":0.4475,""yaw_rate_radps"":1.1424}"
2843,7827630370700,/autodrive/roboracer_1/imu,Imu,1789296572564061368,,"{""angular_velocity_x_radps"":0.068,""angular_velocity_y_radps"":0.075,""ax_mps2"":3.2223,""ay_mps2"":8.4441,""az_mps2"":-0.5885,""orientation_w"":0.8871,""orientation_x"":0.0293,""orientation_y"":0.0191,""orientation_z"":0.4603,""yaw_rate_radps"":1.1554}"
2852,7827655250442,/autodrive/roboracer_1/imu,Imu,1789296572588827436,,"{""angular_velocity_x_radps"":0.0699,""angular_velocity_y_radps"":0.0782,""ax_mps2"":3.231,""ay_mps2"":8.6569,""az_mps2"":-0.5737,""orientation_w"":0.8803,""orientation_x"":0.0299,""orientation_y"":0.0199,""orientation_z"":0.4731,""yaw_rate_radps"":1.1685}"
2862,7827679350879,/autodrive/roboracer_1/imu,Imu,1789296572613609945,,"{""angular_velocity_x_radps"":0.0711,""angular_velocity_y_radps"":0.0803,""ax_mps2"":3.2738,""ay_mps2"":8.8358,""az_mps2"":-0.5994,""orientation_w"":0.8735,""orientation_x"":0.0304,""orientation_y"":0.0207,""orientation_z"":0.4855,""yaw_rate_radps"":1.1827}"
2870,7827705405079,/autodrive/roboracer_1/imu,Imu,1789296572639460974,,"{""angular_velocity_x_radps"":0.068,""angular_velocity_y_radps"":0.0855,""ax_mps2"":3.1296,""ay_mps2"":8.9084,""az_mps2"":-0.6744,""orientation_w"":0.8658,""orientation_x"":0.031,""orientation_y"":0.0216,""orientation_z"":0.499,""yaw_rate_radps"":1.1976}"
2880,7827730192247,/autodrive/roboracer_1/imu,Imu,1789296572664272918,,"{""angular_velocity_x_radps"":0.0668,""angular_velocity_y_radps"":0.0917,""ax_mps2"":3.0038,""ay_mps2"":9.0798,""az_mps2"":-0.657,""orientation_w"":0.8581,""orientation_x"":0.0315,""orientation_y"":0.0225,""orientation_z"":0.512,""yaw_rate_radps"":1.2126}"
2889,7827755407120,/autodrive/roboracer_1/imu,Imu,1789296572689048063,,"{""angular_velocity_x_radps"":0.0648,""angular_velocity_y_radps"":0.0979,""ax_mps2"":2.8657,""ay_mps2"":9.2038,""az_mps2"":-0.6827,""orientation_w"":0.8501,""orientation_x"":0.032,""orientation_y"":0.0235,""orientation_z"":0.525,""yaw_rate_radps"":1.2291}"
2897,7827780300237,/autodrive/roboracer_1/imu,Imu,1789296572714354318,,"{""angular_velocity_x_radps"":0.0602,""angular_velocity_y_radps"":0.103,""ax_mps2"":2.7933,""ay_mps2"":9.2494,""az_mps2"":-0.7086,""orientation_w"":0.8419,""orientation_x"":0.0323,""orientation_y"":0.0245,""orientation_z"":0.5382,""yaw_rate_radps"":1.2486}"
2906,7827805127770,/autodrive/roboracer_1/imu,Imu,1789296572739205265,,"{""angular_velocity_x_radps"":0.048,""angular_velocity_y_radps"":0.1053,""ax_mps2"":2.8846,""ay_mps2"":9.1157,""az_mps2"":-0.727,""orientation_w"":0.8332,""orientation_x"":0.0326,""orientation_y"":0.0254,""orientation_z"":0.5514,""yaw_rate_radps"":1.2761}"
2916,7827830519425,/autodrive/roboracer_1/imu,Imu,1789296572764183943,,"{""angular_velocity_x_radps"":0.0333,""angular_velocity_y_radps"":0.1062,""ax_mps2"":3.0118,""ay_mps2"":8.9224,""az_mps2"":-0.7526,""orientation_w"":0.8241,""orientation_x"":0.0327,""orientation_y"":0.0263,""orientation_z"":0.5648,""yaw_rate_radps"":1.3079}"
2924,7827855226613,/autodrive/roboracer_1/imu,Imu,1789296572789321079,,"{""angular_velocity_x_radps"":0.0198,""angular_velocity_y_radps"":0.1067,""ax_mps2"":3.1895,""ay_mps2"":8.7626,""az_mps2"":-0.6999,""orientation_w"":0.8146,""orientation_x"":0.0326,""orientation_y"":0.027,""orientation_z"":0.5784,""yaw_rate_radps"":1.3415}"
2934,7827881088482,/autodrive/roboracer_1/imu,Imu,1789296572814240726,,"{""angular_velocity_x_radps"":0.0051,""angular_velocity_y_radps"":0.1067,""ax_mps2"":3.3919,""ay_mps2"":8.5354,""az_mps2"":-0.6621,""orientation_w"":0.8046,""orientation_x"":0.0324,""orientation_y"":0.0276,""orientation_z"":0.5922,""yaw_rate_radps"":1.3766}"
2942,7827905415454,/autodrive/roboracer_1/imu,Imu,1789296572839128534,,"{""angular_velocity_x_radps"":-0.0118,""angular_velocity_y_radps"":0.106,""ax_mps2"":3.6191,""ay_mps2"":8.1845,""az_mps2"":-0.6667,""orientation_w"":0.7941,""orientation_x"":0.0321,""orientation_y"":0.0281,""orientation_z"":0.6062,""yaw_rate_radps"":1.4132}"
2952,7827930412246,/autodrive/roboracer_1/imu,Imu,1789296572864415982,,"{""angular_velocity_x_radps"":-0.0323,""angular_velocity_y_radps"":0.1042,""ax_mps2"":3.9081,""ay_mps2"":7.7176,""az_mps2"":-0.6546,""orientation_w"":0.7831,""orientation_x"":0.0316,""orientation_y"":0.0284,""orientation_z"":0.6204,""yaw_rate_radps"":1.4514}"
2961,7827954266760,/autodrive/roboracer_1/imu,Imu,1789296572888645361,,"{""angular_velocity_x_radps"":-0.0564,""angular_velocity_y_radps"":0.1009,""ax_mps2"":4.289,""ay_mps2"":7.1752,""az_mps2"":-0.5421,""orientation_w"":0.772,""orientation_x"":0.0309,""orientation_y"":0.0285,""orientation_z"":0.6342,""yaw_rate_radps"":1.4895}"
2969,7827980679265,/autodrive/roboracer_1/imu,Imu,1789296572914127907,,"{""angular_velocity_x_radps"":-0.0876,""angular_velocity_y_radps"":0.0963,""ax_mps2"":4.6841,""ay_mps2"":6.3688,""az_mps2"":-0.4866,""orientation_w"":0.7594,""orientation_x"":0.0299,""orientation_y"":0.0282,""orientation_z"":0.6493,""yaw_rate_radps"":1.5304}"
2979,7828005253943,/autodrive/roboracer_1/imu,Imu,1789296572939054807,,"{""angular_velocity_x_radps"":-0.1089,""angular_velocity_y_radps"":0.0922,""ax_mps2"":4.933,""ay_mps2"":5.7668,""az_mps2"":-0.4408,""orientation_w"":0.7467,""orientation_x"":0.0287,""orientation_y"":0.0277,""orientation_z"":0.6639,""yaw_rate_radps"":1.5602}"
2987,7828030257678,/autodrive/roboracer_1/imu,Imu,1789296572964196131,,"{""angular_velocity_x_radps"":-0.0993,""angular_velocity_y_radps"":0.0912,""ax_mps2"":4.9238,""ay_mps2"":5.8224,""az_mps2"":-0.4148,""orientation_w"":0.7336,""orientation_x"":0.0275,""orientation_y"":0.0271,""orientation_z"":0.6785,""yaw_rate_radps"":1.5654}"
2997,7828055487638,/autodrive/roboracer_1/imu,Imu,1789296572989293643,,"{""angular_velocity_x_radps"":-0.084,""angular_velocity_y_radps"":0.0928,""ax_mps2"":4.7732,""ay_mps2"":5.9493,""az_mps2"":-0.4301,""orientation_w"":0.7202,""orientation_x"":0.0264,""orientation_y"":0.0267,""orientation_z"":0.6927,""yaw_rate_radps"":1.5599}"
3006,7828080398820,/autodrive/roboracer_1/imu,Imu,1789296573014457719,,"{""angular_velocity_x_radps"":-0.0724,""angular_velocity_y_radps"":0.096,""ax_mps2"":4.5641,""ay_mps2"":6.0337,""az_mps2"":-0.4647,""orientation_w"":0.7066,""orientation_x"":0.0254,""orientation_y"":0.0263,""orientation_z"":0.7067,""yaw_rate_radps"":1.5498}"
3014,7828105215673,/autodrive/roboracer_1/imu,Imu,1789296573039194943,,"{""angular_velocity_x_radps"":-0.0637,""angular_velocity_y_radps"":0.0987,""ax_mps2"":4.3699,""ay_mps2"":6.1118,""az_mps2"":-0.4433,""orientation_w"":0.6929,""orientation_x"":0.0245,""orientation_y"":0.0261,""orientation_z"":0.7202,""yaw_rate_radps"":1.5311}"
3024,7828130294109,/autodrive/roboracer_1/imu,Imu,1789296573064448058,,"{""angular_velocity_x_radps"":-0.0557,""angular_velocity_y_radps"":0.0996,""ax_mps2"":4.2052,""ay_mps2"":6.1872,""az_mps2"":-0.4308,""orientation_w"":0.6791,""orientation_x"":0.0235,""orientation_y"":0.026,""orientation_z"":0.7332,""yaw_rate_radps"":1.5014}"
3032,7828155448067,/autodrive/roboracer_1/imu,Imu,1789296573089214076,,"{""angular_velocity_x_radps"":-0.049,""angular_velocity_y_radps"":0.0989,""ax_mps2"":4.0892,""ay_mps2"":6.2759,""az_mps2"":-0.3927,""orientation_w"":0.6653,""orientation_x"":0.0227,""orientation_y"":0.0259,""orientation_z"":0.7457,""yaw_rate_radps"":1.4633}"
3042,7828179447864,/autodrive/roboracer_1/imu,Imu,1789296573113582476,,"{""angular_velocity_x_radps"":-0.0436,""angular_velocity_y_radps"":0.0972,""ax_mps2"":3.9718,""ay_mps2"":6.3269,""az_mps2"":-0.4145,""orientation_w"":0.6523,""orientation_x"":0.0219,""orientation_y"":0.0259,""orientation_z"":0.7572,""yaw_rate_radps"":1.4205}"
3051,7828205279776,/autodrive/roboracer_1/imu,Imu,1789296573138758745,,"{""angular_velocity_x_radps"":-0.0384,""angular_velocity_y_radps"":0.0943,""ax_mps2"":3.8959,""ay_mps2"":6.3984,""az_mps2"":-0.3973,""orientation_w"":0.639,""orientation_x"":0.0211,""orientation_y"":0.0259,""orientation_z"":0.7685,""yaw_rate_radps"":1.371}"
3060,7828230391615,/autodrive/roboracer_1/imu,Imu,1789296573164435647,,"{""angular_velocity_x_radps"":-0.0337,""angular_velocity_y_radps"":0.0907,""ax_mps2"":3.8176,""ay_mps2"":6.4494,""az_mps2"":-0.4145,""orientation_w"":0.6255,""orientation_x"":0.0203,""orientation_y"":0.0259,""orientation_z"":0.7796,""yaw_rate_radps"":1.3156}"
3068,7828255140621,/autodrive/roboracer_1/imu,Imu,1789296573189190213,,"{""angular_velocity_x_radps"":-0.0295,""angular_velocity_y_radps"":0.0868,""ax_mps2"":3.7698,""ay_mps2"":6.5121,""az_mps2"":-0.3996,""orientation_w"":0.6128,""orientation_x"":0.0196,""orientation_y"":0.026,""orientation_z"":0.7895,""yaw_rate_radps"":1.2594}"
3077,7828280317031,/autodrive/roboracer_1/imu,Imu,1789296573214213996,,"{""angular_velocity_x_radps"":-0.0261,""angular_velocity_y_radps"":0.0827,""ax_mps2"":3.708,""ay_mps2"":6.5505,""az_mps2"":-0.4152,""orientation_w"":0.6006,""orientation_x"":0.0189,""orientation_y"":0.026,""orientation_z"":0.7989,""yaw_rate_radps"":1.201}"
3086,7828305189208,/autodrive/roboracer_1/imu,Imu,1789296573239209165,,"{""angular_velocity_x_radps"":-0.0234,""angular_velocity_y_radps"":0.079,""ax_mps2"":3.6381,""ay_mps2"":6.5773,""az_mps2"":-0.422,""orientation_w"":0.5888,""orientation_x"":0.0183,""orientation_y"":0.0261,""orientation_z"":0.8076,""yaw_rate_radps"":1.1437}"
3096,7828330300516,/autodrive/roboracer_1/imu,Imu,1789296573263647787,,"{""angular_velocity_x_radps"":-0.0212,""angular_velocity_y_radps"":0.0756,""ax_mps2"":3.5757,""ay_mps2"":6.6039,""az_mps2"":-0.4219,""orientation_w"":0.5775,""orientation_x"":0.0178,""orientation_y"":0.0262,""orientation_z"":0.8158,""yaw_rate_radps"":1.0887}"
3105,7828355264907,/autodrive/roboracer_1/imu,Imu,1789296573289445616,,"{""angular_velocity_x_radps"":-0.0191,""angular_velocity_y_radps"":0.0723,""ax_mps2"":3.5054,""ay_mps2"":6.6237,""az_mps2"":-0.4298,""orientation_w"":0.5666,""orientation_x"":0.0172,""orientation_y"":0.0263,""orientation_z"":0.8234,""yaw_rate_radps"":1.0361}"
3114,7828380535274,/autodrive/roboracer_1/imu,Imu,1789296573314248944,,"{""angular_velocity_x_radps"":-0.0171,""angular_velocity_y_radps"":0.0693,""ax_mps2"":3.4623,""ay_mps2"":6.67,""az_mps2"":-0.3828,""orientation_w"":0.5561,""orientation_x"":0.0167,""orientation_y"":0.0264,""orientation_z"":0.8305,""yaw_rate_radps"":0.9858}"
3122,7828405326820,/autodrive/roboracer_1/imu,Imu,1789296573338724937,,"{""angular_velocity_x_radps"":-0.0157,""angular_velocity_y_radps"":0.0666,""ax_mps2"":3.3906,""ay_mps2"":6.6883,""az_mps2"":-0.3828,""orientation_w"":0.5461,""orientation_x"":0.0162,""orientation_y"":0.0265,""orientation_z"":0.8371,""yaw_rate_radps"":0.9378}"
3132,7828430453546,/autodrive/roboracer_1/imu,Imu,1789296573364447023,,"{""angular_velocity_x_radps"":-0.0144,""angular_velocity_y_radps"":0.064,""ax_mps2"":3.2952,""ay_mps2"":6.6843,""az_mps2"":-0.4188,""orientation_w"":0.5365,""orientation_x"":0.0157,""orientation_y"":0.0266,""orientation_z"":0.8433,""yaw_rate_radps"":0.8919}"
3141,7828455194287,/autodrive/roboracer_1/imu,Imu,1789296573389269417,,"{""angular_velocity_x_radps"":-0.0133,""angular_velocity_y_radps"":0.0619,""ax_mps2"":3.192,""ay_mps2"":6.674,""az_mps2"":-0.4616,""orientation_w"":0.5273,""orientation_x"":0.0152,""orientation_y"":0.0267,""orientation_z"":0.8491,""yaw_rate_radps"":0.848}"
3150,7828480317156,/autodrive/roboracer_1/imu,Imu,1789296573414165349,,"{""angular_velocity_x_radps"":-0.0116,""angular_velocity_y_radps"":0.0596,""ax_mps2"":3.1477,""ay_mps2"":6.7311,""az_mps2"":-0.3775,""orientation_w"":0.5185,""orientation_x"":0.0148,""orientation_y"":0.0268,""orientation_z"":0.8545,""yaw_rate_radps"":0.8063}"
3159,7828504255026,/autodrive/roboracer_1/imu,Imu,1789296573438450473,,"{""angular_velocity_x_radps"":-0.0107,""angular_velocity_y_radps"":0.0579,""ax_mps2"":3.0502,""ay_mps2"":6.732,""az_mps2"":-0.3899,""orientation_w"":0.5104,""orientation_x"":0.0143,""orientation_y"":0.0269,""orientation_z"":0.8594,""yaw_rate_radps"":0.7681}"
3167,7828530362026,/autodrive/roboracer_1/imu,Imu,1789296573464325186,,"{""angular_velocity_x_radps"":-0.0097,""angular_velocity_y_radps"":0.0561,""ax_mps2"":2.9517,""ay_mps2"":6.7421,""az_mps2"":-0.3695,""orientation_w"":0.502,""orientation_x"":0.0139,""orientation_y"":0.027,""orientation_z"":0.8643,""yaw_rate_radps"":0.7285}"
3179,7828556210080,/autodrive/roboracer_1/imu,Imu,1789296573489346505,,"{""angular_velocity_x_radps"":-0.0096,""angular_velocity_y_radps"":0.0548,""ax_mps2"":2.8425,""ay_mps2"":6.7364,""az_mps2"":-0.3756,""orientation_w"":0.4943,""orientation_x"":0.0135,""orientation_y"":0.0271,""orientation_z"":0.8688,""yaw_rate_radps"":0.6921}"
3186,7828580628774,/autodrive/roboracer_1/imu,Imu,1789296573513725234,,"{""angular_velocity_x_radps"":-0.0088,""angular_velocity_y_radps"":0.0533,""ax_mps2"":2.7266,""ay_mps2"":6.7273,""az_mps2"":-0.3818,""orientation_w"":0.4869,""orientation_x"":0.0131,""orientation_y"":0.0273,""orientation_z"":0.8729,""yaw_rate_radps"":0.6575}"
3195,7828605342224,/autodrive/roboracer_1/imu,Imu,1789296573538814200,,"{""angular_velocity_x_radps"":-0.0088,""angular_velocity_y_radps"":0.0521,""ax_mps2"":2.615,""ay_mps2"":6.7183,""az_mps2"":-0.3836,""orientation_w"":0.4799,""orientation_x"":0.0127,""orientation_y"":0.0274,""orientation_z"":0.8768,""yaw_rate_radps"":0.6243}"
3204,7828630718209,/autodrive/roboracer_1/imu,Imu,1789296573564434013,,"{""angular_velocity_x_radps"":-0.0084,""angular_velocity_y_radps"":0.0509,""ax_mps2"":2.4779,""ay_mps2"":6.6825,""az_mps2"":-0.432,""orientation_w"":0.4732,""orientation_x"":0.0122,""orientation_y"":0.0275,""orientation_z"":0.8804,""yaw_rate_radps"":0.5927}"
3213,7828655313345,/autodrive/roboracer_1/imu,Imu,1789296573589372426,,"{""angular_velocity_x_radps"":-0.0079,""angular_velocity_y_radps"":0.0496,""ax_mps2"":2.3835,""ay_mps2"":6.6974,""az_mps2"":-0.3839,""orientation_w"":0.4668,""orientation_x"":0.0118,""orientation_y"":0.0276,""orientation_z"":0.8838,""yaw_rate_radps"":0.5627}"
3222,7828680224126,/autodrive/roboracer_1/imu,Imu,1789296573614241027,,"{""angular_velocity_x_radps"":-0.0077,""angular_velocity_y_radps"":0.0485,""ax_mps2"":2.2686,""ay_mps2"":6.6868,""az_mps2"":-0.379,""orientation_w"":0.4608,""orientation_x"":0.0114,""orientation_y"":0.0277,""orientation_z"":0.887,""yaw_rate_radps"":0.534}"
3231,7828705385377,/autodrive/roboracer_1/imu,Imu,1789296573639380307,,"{""angular_velocity_x_radps"":-0.0073,""angular_velocity_y_radps"":0.0473,""ax_mps2"":2.1527,""ay_mps2"":6.6738,""az_mps2"":-0.3755,""orientation_w"":0.455,""orientation_x"":0.0111,""orientation_y"":0.0279,""orientation_z"":0.89,""yaw_rate_radps"":0.5067}"
3239,7828730388431,/autodrive/roboracer_1/imu,Imu,1789296573663779976,,"{""angular_velocity_x_radps"":-0.007,""angular_velocity_y_radps"":0.0461,""ax_mps2"":2.0299,""ay_mps2"":6.6488,""az_mps2"":-0.3913,""orientation_w"":0.4495,""orientation_x"":0.0107,""orientation_y"":0.028,""orientation_z"":0.8928,""yaw_rate_radps"":0.4808}"
3248,7828755312396,/autodrive/roboracer_1/imu,Imu,1789296573688697599,,"{""angular_velocity_x_radps"":-0.007,""angular_velocity_y_radps"":0.0451,""ax_mps2"":1.899,""ay_mps2"":6.6082,""az_mps2"":-0.4327,""orientation_w"":0.4442,""orientation_x"":0.0103,""orientation_y"":0.0281,""orientation_z"":0.8954,""yaw_rate_radps"":0.4562}"
3258,7828780356828,/autodrive/roboracer_1/imu,Imu,1789296573714421629,,"{""angular_velocity_x_radps"":-0.0071,""angular_velocity_y_radps"":0.044,""ax_mps2"":1.7936,""ay_mps2"":6.5949,""az_mps2"":-0.4205,""orientation_w"":0.4392,""orientation_x"":0.0099,""orientation_y"":0.0282,""orientation_z"":0.8979,""yaw_rate_radps"":0.4328}"
3266,7828805257579,/autodrive/roboracer_1/imu,Imu,1789296573739094181,,"{""angular_velocity_x_radps"":-0.0067,""angular_velocity_y_radps"":0.0428,""ax_mps2"":1.6888,""ay_mps2"":6.584,""az_mps2"":-0.4032,""orientation_w"":0.4345,""orientation_x"":0.0095,""orientation_y"":0.0283,""orientation_z"":0.9002,""yaw_rate_radps"":0.4106}"
3276,7828830167929,/autodrive/roboracer_1/imu,Imu,1789296573764279378,,"{""angular_velocity_x_radps"":-0.0061,""angular_velocity_y_radps"":0.0416,""ax_mps2"":1.6125,""ay_mps2"":6.6125,""az_mps2"":-0.3117,""orientation_w"":0.43,""orientation_x"":0.0092,""orientation_y"":0.0284,""orientation_z"":0.9023,""yaw_rate_radps"":0.3895}"
3284,7828855252656,/autodrive/roboracer_1/imu,Imu,1789296573789138791,,"{""angular_velocity_x_radps"":-0.0062,""angular_velocity_y_radps"":0.0405,""ax_mps2"":1.4726,""ay_mps2"":6.5347,""az_mps2"":-0.4112,""orientation_w"":0.4257,""orientation_x"":0.0088,""orientation_y"":0.0285,""orientation_z"":0.9044,""yaw_rate_radps"":0.3695}"
3294,7828879642647,/autodrive/roboracer_1/imu,Imu,1789296573813526438,,"{""angular_velocity_x_radps"":-0.0061,""angular_velocity_y_radps"":0.0394,""ax_mps2"":1.3838,""ay_mps2"":6.5251,""az_mps2"":-0.3869,""orientation_w"":0.4218,""orientation_x"":0.0085,""orientation_y"":0.0286,""orientation_z"":0.9062,""yaw_rate_radps"":0.3514}"
3303,7828905437911,/autodrive/roboracer_1/imu,Imu,1789296573839294420,,"{""angular_velocity_x_radps"":-0.0057,""angular_velocity_y_radps"":0.0382,""ax_mps2"":1.2962,""ay_mps2"":6.5244,""az_mps2"":-0.34,""orientation_w"":0.4177,""orientation_x"":0.0081,""orientation_y"":0.0287,""orientation_z"":0.9081,""yaw_rate_radps"":0.3326}"
3312,7828930916329,/autodrive/roboracer_1/imu,Imu,1789296573864148704,,"{""angular_velocity_x_radps"":-0.0058,""angular_velocity_y_radps"":0.037,""ax_mps2"":1.1986,""ay_mps2"":6.4906,""az_mps2"":-0.3545,""orientation_w"":0.414,""orientation_x"":0.0078,""orientation_y"":0.0288,""orientation_z"":0.9098,""yaw_rate_radps"":0.3156}"
3320,7828955191694,/autodrive/roboracer_1/imu,Imu,1789296573888858647,,"{""angular_velocity_x_radps"":-0.0058,""angular_velocity_y_radps"":0.0359,""ax_mps2"":1.098,""ay_mps2"":6.4467,""az_mps2"":-0.386,""orientation_w"":0.4105,""orientation_x"":0.0074,""orientation_y"":0.0289,""orientation_z"":0.9114,""yaw_rate_radps"":0.2995}"
3330,7828980373003,/autodrive/roboracer_1/imu,Imu,1789296573914366390,,"{""angular_velocity_x_radps"":-0.0056,""angular_velocity_y_radps"":0.0346,""ax_mps2"":1.0178,""ay_mps2"":6.4324,""az_mps2"":-0.3619,""orientation_w"":0.4072,""orientation_x"":0.0071,""orientation_y"":0.029,""orientation_z"":0.9129,""yaw_rate_radps"":0.2842}"
3338,7829004486354,/autodrive/roboracer_1/imu,Imu,1789296573938631025,,"{""angular_velocity_x_radps"":-0.0054,""angular_velocity_y_radps"":0.0335,""ax_mps2"":0.9366,""ay_mps2"":6.4002,""az_mps2"":-0.3703,""orientation_w"":0.4041,""orientation_x"":0.0068,""orientation_y"":0.0291,""orientation_z"":0.9142,""yaw_rate_radps"":0.2703}"
3348,7829030268543,/autodrive/roboracer_1/imu,Imu,1789296573964307886,,"{""angular_velocity_x_radps"":-0.0053,""angular_velocity_y_radps"":0.0322,""ax_mps2"":0.8568,""ay_mps2"":6.3739,""az_mps2"":-0.3628,""orientation_w"":0.401,""orientation_x"":0.0065,""orientation_y"":0.0292,""orientation_z"":0.9156,""yaw_rate_radps"":0.256}"
3356,7829055206304,/autodrive/roboracer_1/imu,Imu,1789296573989254474,,"{""angular_velocity_x_radps"":-0.0052,""angular_velocity_y_radps"":0.0311,""ax_mps2"":0.775,""ay_mps2"":6.3329,""az_mps2"":-0.3844,""orientation_w"":0.3981,""orientation_x"":0.0062,""orientation_y"":0.0293,""orientation_z"":0.9168,""yaw_rate_radps"":0.2429}"
3365,7829080500906,/autodrive/roboracer_1/imu,Imu,1789296574014196673,,"{""angular_velocity_x_radps"":-0.005,""angular_velocity_y_radps"":0.0299,""ax_mps2"":0.7072,""ay_mps2"":6.3091,""az_mps2"":-0.3715,""orientation_w"":0.3954,""orientation_x"":0.0059,""orientation_y"":0.0293,""orientation_z"":0.918,""yaw_rate_radps"":0.2305}"
3374,7829105249942,/autodrive/roboracer_1/imu,Imu,1789296574039151707,,"{""angular_velocity_x_radps"":-0.0047,""angular_velocity_y_radps"":0.0287,""ax_mps2"":0.649,""ay_mps2"":6.2961,""az_mps2"":-0.3395,""orientation_w"":0.3928,""orientation_x"":0.0056,""orientation_y"":0.0294,""orientation_z"":0.9191,""yaw_rate_radps"":0.2188}"
3383,7829130560805,/autodrive/roboracer_1/imu,Imu,1789296574064287600,,"{""angular_velocity_x_radps"":-0.0044,""angular_velocity_y_radps"":0.0275,""ax_mps2"":0.5875,""ay_mps2"":6.2717,""az_mps2"":-0.3268,""orientation_w"":0.3904,""orientation_x"":0.0053,""orientation_y"":0.0295,""orientation_z"":0.9202,""yaw_rate_radps"":0.2076}"
3393,7829155087293,/autodrive/roboracer_1/imu,Imu,1789296574088546475,,"{""angular_velocity_x_radps"":-0.0045,""angular_velocity_y_radps"":0.0264,""ax_mps2"":0.5145,""ay_mps2"":6.2093,""az_mps2"":-0.3862,""orientation_w"":0.3881,""orientation_x"":0.0051,""orientation_y"":0.0295,""orientation_z"":0.9211,""yaw_rate_radps"":0.1975}"
3401,7829180363610,/autodrive/roboracer_1/imu,Imu,1789296574114101286,,"{""angular_velocity_x_radps"":-0.0046,""angular_velocity_y_radps"":0.0254,""ax_mps2"":0.4579,""ay_mps2"":6.1776,""az_mps2"":-0.3822,""orientation_w"":0.3858,""orientation_x"":0.0048,""orientation_y"":0.0296,""orientation_z"":0.9221,""yaw_rate_radps"":0.1869}"
3411,7829204340915,/autodrive/roboracer_1/imu,Imu,1789296574138523608,,"{""angular_velocity_x_radps"":-0.004,""angular_velocity_y_radps"":0.0241,""ax_mps2"":0.4085,""ay_mps2"":6.1534,""az_mps2"":-0.371,""orientation_w"":0.3838,""orientation_x"":0.0046,""orientation_y"":0.0297,""orientation_z"":0.9229,""yaw_rate_radps"":0.1778}"
3420,7829229358056,/autodrive/roboracer_1/imu,Imu,1789296574163515451,,"{""angular_velocity_x_radps"":-0.0033,""angular_velocity_y_radps"":0.0231,""ax_mps2"":0.3627,""ay_mps2"":6.156,""az_mps2"":-0.3607,""orientation_w"":0.3818,""orientation_x"":0.0044,""orientation_y"":0.0297,""orientation_z"":0.9238,""yaw_rate_radps"":0.1679}"
3428,7829255627852,/autodrive/roboracer_1/imu,Imu,1789296574189418397,,"{""angular_velocity_x_radps"":0.0088,""angular_velocity_y_radps"":0.0208,""ax_mps2"":0.3142,""ay_mps2"":6.4058,""az_mps2"":-0.3728,""orientation_w"":0.3799,""orientation_x"":0.0042,""orientation_y"":0.0298,""orientation_z"":0.9245,""yaw_rate_radps"":0.14}"
3440,7829281192812,/autodrive/roboracer_1/imu,Imu,1789296574213872047,,"{""angular_velocity_x_radps"":0.0354,""angular_velocity_y_radps"":0.0154,""ax_mps2"":0.2654,""ay_mps2"":6.9779,""az_mps2"":-0.4339,""orientation_w"":0.3787,""orientation_x"":0.0041,""orientation_y"":0.0302,""orientation_z"":0.925,""yaw_rate_radps"":0.0612}"
3447,7829305360906,/autodrive/roboracer_1/imu,Imu,1789296574239432239,,"{""angular_velocity_x_radps"":0.0841,""angular_velocity_y_radps"":0.0035,""ax_mps2"":0.2298,""ay_mps2"":8.037,""az_mps2"":-0.5216,""orientation_w"":0.3789,""orientation_x"":0.0043,""orientation_y"":0.0309,""orientation_z"":0.9249,""yaw_rate_radps"":-0.1158}"
3456,7829330576790,/autodrive/roboracer_1/imu,Imu,1789296574264230989,,"{""angular_velocity_x_radps"":0.1444,""angular_velocity_y_radps"":-0.0156,""ax_mps2"":0.1565,""ay_mps2"":9.3611,""az_mps2"":-0.5196,""orientation_w"":0.3819,""orientation_x"":0.0048,""orientation_y"":0.0323,""orientation_z"":0.9236,""yaw_rate_radps"":-0.3994}"
3465,7829354280129,/autodrive/roboracer_1/imu,Imu,1789296574288671715,,"{""angular_velocity_x_radps"":-0.1271,""angular_velocity_y_radps"":0.0034,""ax_mps2"":0.0384,""ay_mps2"":3.6403,""az_mps2"":-0.1619,""orientation_w"":0.3859,""orientation_x"":0.0049,""orientation_y"":0.0325,""orientation_z"":0.922,""yaw_rate_radps"":-0.1387}"
3474,7829379310665,/autodrive/roboracer_1/imu,Imu,1789296574313620928,,"{""angular_velocity_x_radps"":-0.0449,""angular_velocity_y_radps"":0.0469,""ax_mps2"":-0.1467,""ay_mps2"":6.0256,""az_mps2"":-0.451,""orientation_w"":0.3835,""orientation_x"":0.0042,""orientation_y"":0.0314,""orientation_z"":0.923,""yaw_rate_radps"":0.4946}"
3483,7829404918116,/autodrive/roboracer_1/imu,Imu,1789296574338617199,,"{""angular_velocity_x_radps"":0.0799,""angular_velocity_y_radps"":0.0706,""ax_mps2"":-0.3171,""ay_mps2"":8.5676,""az_mps2"":-0.5832,""orientation_w"":0.3754,""orientation_x"":0.0039,""orientation_y"":0.032,""orientation_z"":0.9263,""yaw_rate_radps"":0.852}"
3490,7829430431409,/autodrive/roboracer_1/imu,Imu,1789296574363522208,,"{""angular_velocity_x_radps"":0.1322,""angular_velocity_y_radps"":0.0825,""ax_mps2"":-0.3761,""ay_mps2"":9.8283,""az_mps2"":-0.6054,""orientation_w"":0.3644,""orientation_x"":0.0039,""orientation_y"":0.0336,""orientation_z"":0.9306,""yaw_rate_radps"":1.0082}"
3501,7829455634359,/autodrive/roboracer_1/imu,Imu,1789296574389266967,,"{""angular_velocity_x_radps"":0.1442,""angular_velocity_y_radps"":0.0889,""ax_mps2"":-0.3871,""ay_mps2"":10.3113,""az_mps2"":-0.7068,""orientation_w"":0.3516,""orientation_x"":0.004,""orientation_y"":0.0356,""orientation_z"":0.9355,""yaw_rate_radps"":1.0712}"
3510,7829480319174,/autodrive/roboracer_1/imu,Imu,1789296574413582207,,"{""angular_velocity_x_radps"":0.1384,""angular_velocity_y_radps"":0.0923,""ax_mps2"":-0.3712,""ay_mps2"":10.4613,""az_mps2"":-0.7958,""orientation_w"":0.3394,""orientation_x"":0.004,""orientation_y"":0.0375,""orientation_z"":0.9399,""yaw_rate_radps"":1.0915}"
3518,7829505122442,/autodrive/roboracer_1/imu,Imu,1789296574439262465,,"{""angular_velocity_x_radps"":-0.3275,""angular_velocity_y_radps"":0.0072,""ax_mps2"":0.2063,""ay_mps2"":-1.4505,""az_mps2"":0.1298,""orientation_w"":0.3306,""orientation_x"":0.0032,""orientation_y"":0.0366,""orientation_z"":0.9431,""yaw_rate_radps"":0.1015}"
3527,7829529311145,/autodrive/roboracer_1/imu,Imu,1789296574463540816,,"{""angular_velocity_x_radps"":-0.5157,""angular_velocity_y_radps"":-0.0345,""ax_mps2"":-0.0302,""ay_mps2"":-6.4384,""az_mps2"":0.3735,""orientation_w"":0.3342,""orientation_x"":0.0016,""orientation_y"":0.0315,""orientation_z"":0.942,""yaw_rate_radps"":-0.6015}"
3536,7829555289663,/autodrive/roboracer_1/imu,Imu,1789296574489182060,,"{""angular_velocity_x_radps"":-0.5707,""angular_velocity_y_radps"":-0.0363,""ax_mps2"":-0.2069,""ay_mps2"":-9.0161,""az_mps2"":0.4241,""orientation_w"":0.3438,""orientation_x"":-0.0007,""orientation_y"":0.0246,""orientation_z"":0.9387,""yaw_rate_radps"":-0.9048}"
3546,7829580464750,/autodrive/roboracer_1/imu,Imu,1789296574514405027,,"{""angular_velocity_x_radps"":-0.55,""angular_velocity_y_radps"":-0.0259,""ax_mps2"":-0.2599,""ay_mps2"":-9.9045,""az_mps2"":0.3316,""orientation_w"":0.3551,""orientation_x"":-0.003,""orientation_y"":0.0179,""orientation_z"":0.9346,""yaw_rate_radps"":-1.0157}"
3554,7829605277005,/autodrive/roboracer_1/imu,Imu,1789296574539440873,,"{""angular_velocity_x_radps"":-0.5076,""angular_velocity_y_radps"":-0.013,""ax_mps2"":-0.269,""ay_mps2"":-10.2295,""az_mps2"":0.158,""orientation_w"":0.3672,""orientation_x"":-0.0054,""orientation_y"":0.0115,""orientation_z"":0.93,""yaw_rate_radps"":-1.0581}"
3564,7829629385246,/autodrive/roboracer_1/imu,Imu,1789296574563634003,,"{""angular_velocity_x_radps"":-0.4624,""angular_velocity_y_radps"":-0.0011,""ax_mps2"":-0.2549,""ay_mps2"":-10.3496,""az_mps2"":0.0206,""orientation_w"":0.3791,""orientation_x"":-0.0076,""orientation_y"":0.006,""orientation_z"":0.9253,""yaw_rate_radps"":-1.0737}"
3572,7829654037941,/autodrive/roboracer_1/imu,Imu,1789296574588572937,,"{""angular_velocity_x_radps"":-0.4164,""angular_velocity_y_radps"":0.0103,""ax_mps2"":-0.2381,""ay_mps2"":-10.3828,""az_mps2"":-0.1188,""orientation_w"":0.3915,""orientation_x"":-0.0098,""orientation_y"":0.0009,""orientation_z"":0.9201,""yaw_rate_radps"":-1.0798}"
3581,7829680364945,/autodrive/roboracer_1/imu,Imu,1789296574614121056,,"{""angular_velocity_x_radps"":-0.372,""angular_velocity_y_radps"":0.0212,""ax_mps2"":-0.2145,""ay_mps2"":-10.4073,""az_mps2"":-0.2193,""orientation_w"":0.4043,""orientation_x"":-0.012,""orientation_y"":-0.0039,""orientation_z"":0.9145,""yaw_rate_radps"":-1.0828}"
3591,7829705591139,/autodrive/roboracer_1/imu,Imu,1789296574639451255,,"{""angular_velocity_x_radps"":-0.3335,""angular_velocity_y_radps"":0.0307,""ax_mps2"":-0.185,""ay_mps2"":-10.4718,""az_mps2"":-0.2529,""orientation_w"":0.4166,""orientation_x"":-0.014,""orientation_y"":-0.0079,""orientation_z"":0.9089,""yaw_rate_radps"":-1.0848}"
3599,7829729450532,/autodrive/roboracer_1/imu,Imu,1789296574663693017,,"{""angular_velocity_x_radps"":-0.2992,""angular_velocity_y_radps"":0.0391,""ax_mps2"":-0.1893,""ay_mps2"":-10.4062,""az_mps2"":-0.4175,""orientation_w"":0.4283,""orientation_x"":-0.0159,""orientation_y"":-0.0114,""orientation_z"":0.9034,""yaw_rate_radps"":-1.0866}"
3609,7829755014570,/autodrive/roboracer_1/imu,Imu,1789296574688609708,,"{""angular_velocity_x_radps"":-0.2682,""angular_velocity_y_radps"":0.047,""ax_mps2"":-0.1576,""ay_mps2"":-10.4967,""az_mps2"":-0.408,""orientation_w"":0.4405,""orientation_x"":-0.0177,""orientation_y"":-0.0145,""orientation_z"":0.8974,""yaw_rate_radps"":-1.0882}"
3618,7829780275259,/autodrive/roboracer_1/imu,Imu,1789296574714407567,,"{""angular_velocity_x_radps"":-0.2393,""angular_velocity_y_radps"":0.0544,""ax_mps2"":-0.1405,""ay_mps2"":-10.5283,""az_mps2"":-0.455,""orientation_w"":0.4531,""orientation_x"":-0.0196,""orientation_y"":-0.0175,""orientation_z"":0.8911,""yaw_rate_radps"":-1.0895}"
3627,7829804983498,/autodrive/roboracer_1/imu,Imu,1789296574738519144,,"{""angular_velocity_x_radps"":-0.2148,""angular_velocity_y_radps"":0.0607,""ax_mps2"":-0.1508,""ay_mps2"":-10.4542,""az_mps2"":-0.5947,""orientation_w"":0.4647,""orientation_x"":-0.0212,""orientation_y"":-0.0198,""orientation_z"":0.885,""yaw_rate_radps"":-1.0908}"
3636,7829830522480,/autodrive/roboracer_1/imu,Imu,1789296574764402924,,"{""angular_velocity_x_radps"":-0.1913,""angular_velocity_y_radps"":0.0668,""ax_mps2"":-0.1332,""ay_mps2"":-10.5002,""az_mps2"":-0.614,""orientation_w"":0.4772,""orientation_x"":-0.0229,""orientation_y"":-0.0221,""orientation_z"":0.8782,""yaw_rate_radps"":-1.0919}"
3644,7829854175896,/autodrive/roboracer_1/imu,Imu,1789296574788598620,,"{""angular_velocity_x_radps"":-0.1717,""angular_velocity_y_radps"":0.072,""ax_mps2"":-0.1229,""ay_mps2"":-10.5176,""az_mps2"":-0.6516,""orientation_w"":0.4886,""orientation_x"":-0.0243,""orientation_y"":-0.0239,""orientation_z"":0.8718,""yaw_rate_radps"":-1.0927}"
3653,7829880426125,/autodrive/roboracer_1/imu,Imu,1789296574814279478,,"{""angular_velocity_x_radps"":-0.1526,""angular_velocity_y_radps"":0.0771,""ax_mps2"":-0.1196,""ay_mps2"":-10.5078,""az_mps2"":-0.7153,""orientation_w"":0.5009,""orientation_x"":-0.0259,""orientation_y"":-0.0256,""orientation_z"":0.8647,""yaw_rate_radps"":-1.0933}"
3662,7829905256975,/autodrive/roboracer_1/imu,Imu,1789296574839323640,,"{""angular_velocity_x_radps"":-0.1358,""angular_velocity_y_radps"":0.0815,""ax_mps2"":-0.1245,""ay_mps2"":-10.4668,""az_mps2"":-0.7992,""orientation_w"":0.5127,""orientation_x"":-0.0273,""orientation_y"":-0.027,""orientation_z"":0.8577,""yaw_rate_radps"":-1.0939}"
3672,7829930470094,/autodrive/roboracer_1/imu,Imu,1789296574864351550,,"{""angular_velocity_x_radps"":-0.1206,""angular_velocity_y_radps"":0.0855,""ax_mps2"":-0.1217,""ay_mps2"":-10.4614,""az_mps2"":-0.8451,""orientation_w"":0.5244,""orientation_x"":-0.0286,""orientation_y"":-0.0282,""orientation_z"":0.8506,""yaw_rate_radps"":-1.0945}"
3681,7829957862902,/autodrive/roboracer_1/imu,Imu,1789296574888743495,,"{""angular_velocity_x_radps"":-0.1072,""angular_velocity_y_radps"":0.0892,""ax_mps2"":-0.0991,""ay_mps2"":-10.5424,""az_mps2"":-0.8079,""orientation_w"":0.5359,""orientation_x"":-0.0299,""orientation_y"":-0.0292,""orientation_z"":0.8432,""yaw_rate_radps"":-1.0951}"
3690,7829980379650,/autodrive/roboracer_1/imu,Imu,1789296574914485418,,"{""angular_velocity_x_radps"":-0.095,""angular_velocity_y_radps"":0.0925,""ax_mps2"":-0.105,""ay_mps2"":-10.5037,""az_mps2"":-0.8787,""orientation_w"":0.5474,""orientation_x"":-0.0311,""orientation_y"":-0.03,""orientation_z"":0.8357,""yaw_rate_radps"":-1.0956}"
3699,7830005467143,/autodrive/roboracer_1/imu,Imu,1789296574938849410,,"{""angular_velocity_x_radps"":-0.0845,""angular_velocity_y_radps"":0.0955,""ax_mps2"":-0.0915,""ay_mps2"":-10.5445,""az_mps2"":-0.8679,""orientation_w"":0.5588,""orientation_x"":-0.0323,""orientation_y"":-0.0308,""orientation_z"":0.8281,""yaw_rate_radps"":-1.0959}"
3708,7830030373164,/autodrive/roboracer_1/imu,Imu,1789296574964414451,,"{""angular_velocity_x_radps"":-0.0739,""angular_velocity_y_radps"":0.0982,""ax_mps2"":-0.1118,""ay_mps2"":-10.4528,""az_mps2"":-0.9838,""orientation_w"":0.5701,""orientation_x"":-0.0334,""orientation_y"":-0.0313,""orientation_z"":0.8203,""yaw_rate_radps"":-1.0963}"
3716,7830055343256,/autodrive/roboracer_1/imu,Imu,1789296574989433304,,"{""angular_velocity_x_radps"":-0.0652,""angular_velocity_y_radps"":0.1007,""ax_mps2"":-0.0957,""ay_mps2"":-10.5108,""az_mps2"":-0.9539,""orientation_w"":0.5813,""orientation_x"":-0.0345,""orientation_y"":-0.0318,""orientation_z"":0.8123,""yaw_rate_radps"":-1.0966}"
3726,7830079687982,/autodrive/roboracer_1/imu,Imu,1789296575013594846,,"{""angular_velocity_x_radps"":-0.0571,""angular_velocity_y_radps"":0.1029,""ax_mps2"":-0.1011,""ay_mps2"":-10.4806,""az_mps2"":-1.0076,""orientation_w"":0.592,""orientation_x"":-0.0355,""orientation_y"":-0.0321,""orientation_z"":0.8045,""yaw_rate_radps"":-1.0968}"
3735,7830105767119,/autodrive/roboracer_1/imu,Imu,1789296575039303727,,"{""angular_velocity_x_radps"":-0.0496,""angular_velocity_y_radps"":0.1051,""ax_mps2"":-0.0957,""ay_mps2"":-10.4958,""az_mps2"":-1.0147,""orientation_w"":0.6034,""orientation_x"":-0.0365,""orientation_y"":-0.0324,""orientation_z"":0.7959,""yaw_rate_radps"":-1.0969}"
3744,7830130544549,/autodrive/roboracer_1/imu,Imu,1789296575063498080,,"{""angular_velocity_x_radps"":-0.0433,""angular_velocity_y_radps"":0.1068,""ax_mps2"":-0.0992,""ay_mps2"":-10.4739,""az_mps2"":-1.0498,""orientation_w"":0.6138,""orientation_x"":-0.0375,""orientation_y"":-0.0325,""orientation_z"":0.7879,""yaw_rate_radps"":-1.0971}"
3752,7830155454427,/autodrive/roboracer_1/imu,Imu,1789296575089113556,,"{""angular_velocity_x_radps"":-0.0369,""angular_velocity_y_radps"":0.1086,""ax_mps2"":-0.0845,""ay_mps2"":-10.5242,""az_mps2"":-1.0224,""orientation_w"":0.625,""orientation_x"":-0.0384,""orientation_y"":-0.0326,""orientation_z"":0.779,""yaw_rate_radps"":-1.0974}"
3762,7830180396036,/autodrive/roboracer_1/imu,Imu,1789296575114351531,,"{""angular_velocity_x_radps"":-0.0317,""angular_velocity_y_radps"":0.1101,""ax_mps2"":-0.0787,""ay_mps2"":-10.5474,""az_mps2"":-1.0167,""orientation_w"":0.6357,""orientation_x"":-0.0393,""orientation_y"":-0.0326,""orientation_z"":0.7703,""yaw_rate_radps"":-1.0974}"
3771,7830204294442,/autodrive/roboracer_1/imu,Imu,1789296575138455274,,"{""angular_velocity_x_radps"":-0.0264,""angular_velocity_y_radps"":0.1115,""ax_mps2"":-0.0934,""ay_mps2"":-10.478,""az_mps2"":-1.0939,""orientation_w"":0.6458,""orientation_x"":-0.0401,""orientation_y"":-0.0325,""orientation_z"":0.7618,""yaw_rate_radps"":-1.0977}"
3780,7830231396403,/autodrive/roboracer_1/imu,Imu,1789296575164490839,,"{""angular_velocity_x_radps"":-0.0221,""angular_velocity_y_radps"":0.1128,""ax_mps2"":-0.0852,""ay_mps2"":-10.5067,""az_mps2"":-1.0778,""orientation_w"":0.6566,""orientation_x"":-0.041,""orientation_y"":-0.0324,""orientation_z"":0.7524,""yaw_rate_radps"":-1.098}"
3789,7830256067793,/autodrive/roboracer_1/imu,Imu,1789296575188724065,,"{""angular_velocity_x_radps"":-0.0183,""angular_velocity_y_radps"":0.114,""ax_mps2"":-0.0878,""ay_mps2"":-10.4926,""az_mps2"":-1.103,""orientation_w"":0.6669,""orientation_x"":-0.0417,""orientation_y"":-0.0322,""orientation_z"":0.7432,""yaw_rate_radps"":-1.0981}"
3798,7830280465839,/autodrive/roboracer_1/imu,Imu,1789296575214243981,,"{""angular_velocity_x_radps"":-0.0143,""angular_velocity_y_radps"":0.1151,""ax_mps2"":-0.0916,""ay_mps2"":-10.4743,""az_mps2"":-1.1338,""orientation_w"":0.6771,""orientation_x"":-0.0425,""orientation_y"":-0.032,""orientation_z"":0.7339,""yaw_rate_radps"":-1.098}"
3807,7830305382601,/autodrive/roboracer_1/imu,Imu,1789296575239262915,,"{""angular_velocity_x_radps"":-0.0114,""angular_velocity_y_radps"":0.116,""ax_mps2"":-0.0873,""ay_mps2"":-10.4879,""az_mps2"":-1.128,""orientation_w"":0.6872,""orientation_x"":-0.0432,""orientation_y"":-0.0317,""orientation_z"":0.7245,""yaw_rate_radps"":-1.0979}"
3816,7830329266510,/autodrive/roboracer_1/imu,Imu,1789296575263539152,,"{""angular_velocity_x_radps"":-0.0085,""angular_velocity_y_radps"":0.1168,""ax_mps2"":-0.0742,""ay_mps2"":-10.5405,""az_mps2"":-1.0884,""orientation_w"":0.6967,""orientation_x"":-0.0439,""orientation_y"":-0.0314,""orientation_z"":0.7153,""yaw_rate_radps"":-1.098}"
3825,7830355241672,/autodrive/roboracer_1/imu,Imu,1789296575289192098,,"{""angular_velocity_x_radps"":-0.0049,""angular_velocity_y_radps"":0.1178,""ax_mps2"":-0.0918,""ay_mps2"":-10.4614,""az_mps2"":-1.1717,""orientation_w"":0.7069,""orientation_x"":-0.0446,""orientation_y"":-0.031,""orientation_z"":0.7052,""yaw_rate_radps"":-1.0981}"
3833,7830380334375,/autodrive/roboracer_1/imu,Imu,1789296575314269973,,"{""angular_velocity_x_radps"":-0.0029,""angular_velocity_y_radps"":0.1184,""ax_mps2"":-0.0872,""ay_mps2"":-10.4776,""az_mps2"":-1.1608,""orientation_w"":0.7165,""orientation_x"":-0.0452,""orientation_y"":-0.0306,""orientation_z"":0.6954,""yaw_rate_radps"":-1.0984}"
3843,7830405305348,/autodrive/roboracer_1/imu,Imu,1789296575339313312,,"{""angular_velocity_x_radps"":-0.0008,""angular_velocity_y_radps"":0.1191,""ax_mps2"":-0.0773,""ay_mps2"":-10.516,""az_mps2"":-1.1326,""orientation_w"":0.7261,""orientation_x"":-0.0459,""orientation_y"":-0.0302,""orientation_z"":0.6854,""yaw_rate_radps"":-1.0984}"
3852,7830430758368,/autodrive/roboracer_1/imu,Imu,1789296575364194928,,"{""angular_velocity_x_radps"":0.0014,""angular_velocity_y_radps"":0.1197,""ax_mps2"":-0.0869,""ay_mps2"":-10.4764,""az_mps2"":-1.1734,""orientation_w"":0.7354,""orientation_x"":-0.0465,""orientation_y"":-0.0297,""orientation_z"":0.6753,""yaw_rate_radps"":-1.0984}"
3860,7830455309873,/autodrive/roboracer_1/imu,Imu,1789296575388555433,,"{""angular_velocity_x_radps"":0.0033,""angular_velocity_y_radps"":0.1202,""ax_mps2"":-0.0858,""ay_mps2"":-10.4819,""az_mps2"":-1.1757,""orientation_w"":0.7443,""orientation_x"":-0.047,""orientation_y"":-0.0293,""orientation_z"":0.6655,""yaw_rate_radps"":-1.0985}"
3870,7830480419187,/autodrive/roboracer_1/imu,Imu,1789296575414400851,,"{""angular_velocity_x_radps"":0.0052,""angular_velocity_y_radps"":0.1208,""ax_mps2"":-0.093,""ay_mps2"":-10.4502,""az_mps2"":-1.2104,""orientation_w"":0.7538,""orientation_x"":-0.0476,""orientation_y"":-0.0288,""orientation_z"":0.6547,""yaw_rate_radps"":-1.0984}"
3878,7830505393987,/autodrive/roboracer_1/imu,Imu,1789296575439405658,,"{""angular_velocity_x_radps"":0.0063,""angular_velocity_y_radps"":0.1211,""ax_mps2"":-0.0883,""ay_mps2"":-10.4664,""az_mps2"":-1.1959,""orientation_w"":0.7628,""orientation_x"":-0.0481,""orientation_y"":-0.0282,""orientation_z"":0.6443,""yaw_rate_radps"":-1.0984}"
3888,7830529461361,/autodrive/roboracer_1/imu,Imu,1789296575463588860,,"{""angular_velocity_x_radps"":0.0074,""angular_velocity_y_radps"":0.1216,""ax_mps2"":-0.0827,""ay_mps2"":-10.4848,""az_mps2"":-1.1814,""orientation_w"":0.7712,""orientation_x"":-0.0486,""orientation_y"":-0.0277,""orientation_z"":0.6341,""yaw_rate_radps"":-1.0985}"
3896,7830554260301,/autodrive/roboracer_1/imu,Imu,1789296575488451590,,"{""angular_velocity_x_radps"":0.009,""angular_velocity_y_radps"":0.1219,""ax_mps2"":-0.0783,""ay_mps2"":-10.504,""az_mps2"":-1.1716,""orientation_w"":0.7799,""orientation_x"":-0.0491,""orientation_y"":-0.0271,""orientation_z"":0.6234,""yaw_rate_radps"":-1.0987}"
3906,7830580709735,/autodrive/roboracer_1/imu,Imu,1789296575514371258,,"{""angular_velocity_x_radps"":0.0096,""angular_velocity_y_radps"":0.1222,""ax_mps2"":-0.0699,""ay_mps2"":-10.5384,""az_mps2"":-1.1422,""orientation_w"":0.7888,""orientation_x"":-0.0496,""orientation_y"":-0.0265,""orientation_z"":0.6121,""yaw_rate_radps"":-1.0987}"
3914,7830605420820,/autodrive/roboracer_1/imu,Imu,1789296575539321783,,"{""angular_velocity_x_radps"":0.0113,""angular_velocity_y_radps"":0.1226,""ax_mps2"":-0.0922,""ay_mps2"":-10.4479,""az_mps2"":-1.2298,""orientation_w"":0.7972,""orientation_x"":-0.0501,""orientation_y"":-0.0259,""orientation_z"":0.6011,""yaw_rate_radps"":-1.0986}"
3923,7830629152162,/autodrive/roboracer_1/imu,Imu,1789296575563472414,,"{""angular_velocity_x_radps"":0.0121,""angular_velocity_y_radps"":0.1228,""ax_mps2"":-0.0793,""ay_mps2"":-10.4918,""az_mps2"":-1.189,""orientation_w"":0.8051,""orientation_x"":-0.0505,""orientation_y"":-0.0253,""orientation_z"":0.5905,""yaw_rate_radps"":-1.0987}"
3933,7830655841718,/autodrive/roboracer_1/imu,Imu,1789296575589294257,,"{""angular_velocity_x_radps"":0.0128,""angular_velocity_y_radps"":0.1231,""ax_mps2"":-0.0785,""ay_mps2"":-10.4962,""az_mps2"":-1.1885,""orientation_w"":0.8135,""orientation_x"":-0.051,""orientation_y"":-0.0246,""orientation_z"":0.5788,""yaw_rate_radps"":-1.0987}"
3942,7830680306900,/autodrive/roboracer_1/imu,Imu,1789296575614382051,,"{""angular_velocity_x_radps"":0.0131,""angular_velocity_y_radps"":0.1233,""ax_mps2"":-0.0725,""ay_mps2"":-10.5191,""az_mps2"":-1.1659,""orientation_w"":0.8214,""orientation_x"":-0.0514,""orientation_y"":-0.024,""orientation_z"":0.5675,""yaw_rate_radps"":-1.0988}"
3951,7830705818330,/autodrive/roboracer_1/imu,Imu,1789296575639269767,,"{""angular_velocity_x_radps"":0.0137,""angular_velocity_y_radps"":0.1236,""ax_mps2"":-0.0681,""ay_mps2"":-10.5408,""az_mps2"":-1.1523,""orientation_w"":0.8291,""orientation_x"":-0.0518,""orientation_y"":-0.0233,""orientation_z"":0.5561,""yaw_rate_radps"":-1.0988}"
3960,7830729727066,/autodrive/roboracer_1/imu,Imu,1789296575663522440,,"{""angular_velocity_x_radps"":0.0146,""angular_velocity_y_radps"":0.1237,""ax_mps2"":-0.0821,""ay_mps2"":-10.4819,""az_mps2"":-1.2071,""orientation_w"":0.8365,""orientation_x"":-0.0522,""orientation_y"":-0.0227,""orientation_z"":0.5451,""yaw_rate_radps"":-1.0988}"
3969,7830755888568,/autodrive/roboracer_1/imu,Imu,1789296575689403656,,"{""angular_velocity_x_radps"":0.0152,""angular_velocity_y_radps"":0.1239,""ax_mps2"":-0.0744,""ay_mps2"":-10.5136,""az_mps2"":-1.1798,""orientation_w"":0.8442,""orientation_x"":-0.0526,""orientation_y"":-0.022,""orientation_z"":0.533,""yaw_rate_radps"":-1.0987}"
3977,7830781216754,/autodrive/roboracer_1/imu,Imu,1789296575714378757,,"{""angular_velocity_x_radps"":0.0161,""angular_velocity_y_radps"":0.1241,""ax_mps2"":-0.0835,""ay_mps2"":-10.4759,""az_mps2"":-1.2144,""orientation_w"":0.8515,""orientation_x"":-0.0529,""orientation_y"":-0.0213,""orientation_z"":0.5213,""yaw_rate_radps"":-1.0988}"
3987,7830805246657,/autodrive/roboracer_1/imu,Imu,1789296575739262847,,"{""angular_velocity_x_radps"":0.0166,""angular_velocity_y_radps"":0.1242,""ax_mps2"":-0.0778,""ay_mps2"":-10.4987,""az_mps2"":-1.1985,""orientation_w"":0.8586,""orientation_x"":-0.0532,""orientation_y"":-0.0206,""orientation_z"":0.5094,""yaw_rate_radps"":-1.0989}"
3996,7830830431673,/autodrive/roboracer_1/imu,Imu,1789296575764418388,,"{""angular_velocity_x_radps"":0.0166,""angular_velocity_y_radps"":0.1244,""ax_mps2"":-0.067,""ay_mps2"":-10.5426,""az_mps2"":-1.1612,""orientation_w"":0.8656,""orientation_x"":-0.0536,""orientation_y"":-0.0199,""orientation_z"":0.4975,""yaw_rate_radps"":-1.0988}"
4003,7830854544252,/autodrive/roboracer_1/imu,Imu,1789296575788603062,,"{""angular_velocity_x_radps"":0.0175,""angular_velocity_y_radps"":0.1245,""ax_mps2"":-0.0836,""ay_mps2"":-10.4719,""az_mps2"":-1.2237,""orientation_w"":0.8721,""orientation_x"":-0.0539,""orientation_y"":-0.0192,""orientation_z"":0.486,""yaw_rate_radps"":-1.0988}"
4014,7830880740080,/autodrive/roboracer_1/imu,Imu,1789296575813876074,,"{""angular_velocity_x_radps"":0.0175,""angular_velocity_y_radps"":0.1246,""ax_mps2"":-0.0697,""ay_mps2"":-10.5288,""az_mps2"":-1.1719,""orientation_w"":0.879,""orientation_x"":-0.0542,""orientation_y"":-0.0184,""orientation_z"":0.4734,""yaw_rate_radps"":-1.0988}"
4022,7830905462706,/autodrive/roboracer_1/imu,Imu,1789296575839337840,,"{""angular_velocity_x_radps"":0.0177,""angular_velocity_y_radps"":0.1246,""ax_mps2"":-0.069,""ay_mps2"":-10.532,""az_mps2"":-1.17,""orientation_w"":0.8854,""orientation_x"":-0.0545,""orientation_y"":-0.0177,""orientation_z"":0.4612,""yaw_rate_radps"":-1.0989}"
4031,7830930282626,/autodrive/roboracer_1/imu,Imu,1789296575864441213,,"{""angular_velocity_x_radps"":0.0181,""angular_velocity_y_radps"":0.1248,""ax_mps2"":-0.0768,""ay_mps2"":-10.5019,""az_mps2"":-1.2002,""orientation_w"":0.8917,""orientation_x"":-0.0547,""orientation_y"":-0.0169,""orientation_z"":0.4489,""yaw_rate_radps"":-1.0989}"
4041,7830955413109,/autodrive/roboracer_1/imu,Imu,1789296575889218833,,"{""angular_velocity_x_radps"":0.0187,""angular_velocity_y_radps"":0.1249,""ax_mps2"":-0.0729,""ay_mps2"":-10.5177,""az_mps2"":-1.1885,""orientation_w"":0.8979,""orientation_x"":-0.055,""orientation_y"":-0.0162,""orientation_z"":0.4365,""yaw_rate_radps"":-1.0988}"
4050,7830980681762,/autodrive/roboracer_1/imu,Imu,1789296575914348314,,"{""angular_velocity_x_radps"":0.0185,""angular_velocity_y_radps"":0.1249,""ax_mps2"":-0.0763,""ay_mps2"":-10.5031,""az_mps2"":-1.1975,""orientation_w"":0.9038,""orientation_x"":-0.0552,""orientation_y"":-0.0155,""orientation_z"":0.4241,""yaw_rate_radps"":-1.0989}"
4059,7831004267771,/autodrive/roboracer_1/imu,Imu,1789296575938439934,,"{""angular_velocity_x_radps"":0.0189,""angular_velocity_y_radps"":0.125,""ax_mps2"":-0.0753,""ay_mps2"":-10.5038,""az_mps2"":-1.1986,""orientation_w"":0.9094,""orientation_x"":-0.0555,""orientation_y"":-0.0147,""orientation_z"":0.4121,""yaw_rate_radps"":-1.099}"
4068,7831029613560,/autodrive/roboracer_1/imu,Imu,1789296575963636111,,"{""angular_velocity_x_radps"":0.0189,""angular_velocity_y_radps"":0.1251,""ax_mps2"":-0.0705,""ay_mps2"":-10.5263,""az_mps2"":-1.1801,""orientation_w"":0.915,""orientation_x"":-0.0557,""orientation_y"":-0.014,""orientation_z"":0.3994,""yaw_rate_radps"":-1.0989}"
4077,7831055589373,/autodrive/roboracer_1/imu,Imu,1789296575988729635,,"{""angular_velocity_x_radps"":0.0189,""angular_velocity_y_radps"":0.1251,""ax_mps2"":-0.0683,""ay_mps2"":-10.5341,""az_mps2"":-1.1707,""orientation_w"":0.9206,""orientation_x"":-0.0559,""orientation_y"":-0.0132,""orientation_z"":0.3862,""yaw_rate_radps"":-1.0989}"
4086,7831080338088,/autodrive/roboracer_1/imu,Imu,1789296576013887610,,"{""angular_velocity_x_radps"":0.0192,""angular_velocity_y_radps"":0.1251,""ax_mps2"":-0.0732,""ay_mps2"":-10.5145,""az_mps2"":-1.1906,""orientation_w"":0.9259,""orientation_x"":-0.0561,""orientation_y"":-0.0124,""orientation_z"":0.3735,""yaw_rate_radps"":-1.0989}"
4095,7831105634855,/autodrive/roboracer_1/imu,Imu,1789296576039300956,,"{""angular_velocity_x_radps"":0.0196,""angular_velocity_y_radps"":0.1252,""ax_mps2"":-0.0762,""ay_mps2"":-10.4995,""az_mps2"":-1.204,""orientation_w"":0.9309,""orientation_x"":-0.0563,""orientation_y"":-0.0116,""orientation_z"":0.3606,""yaw_rate_radps"":-1.0991}"
4103,7831130636957,/autodrive/roboracer_1/imu,Imu,1789296576064469461,,"{""angular_velocity_x_radps"":0.0194,""angular_velocity_y_radps"":0.1252,""ax_mps2"":-0.0677,""ay_mps2"":-10.536,""az_mps2"":-1.171,""orientation_w"":0.9358,""orientation_x"":-0.0565,""orientation_y"":-0.0109,""orientation_z"":0.3477,""yaw_rate_radps"":-1.0991}"
4115,7831156213349,/autodrive/roboracer_1/imu,Imu,1789296576088996499,,"{""angular_velocity_x_radps"":0.0197,""angular_velocity_y_radps"":0.1253,""ax_mps2"":-0.0766,""ay_mps2"":-10.4992,""az_mps2"":-1.2053,""orientation_w"":0.9405,""orientation_x"":-0.0566,""orientation_y"":-0.0101,""orientation_z"":0.3348,""yaw_rate_radps"":-1.0991}"
4122,7831179737752,/autodrive/roboracer_1/imu,Imu,1789296576113542884,,"{""angular_velocity_x_radps"":0.0201,""angular_velocity_y_radps"":0.1253,""ax_mps2"":-0.0787,""ay_mps2"":-10.4909,""az_mps2"":-1.2148,""orientation_w"":0.9449,""orientation_x"":-0.0568,""orientation_y"":-0.0093,""orientation_z"":0.3222,""yaw_rate_radps"":-1.0991}"
4131,7831205597367,/autodrive/roboracer_1/imu,Imu,1789296576139408320,,"{""angular_velocity_x_radps"":0.0198,""angular_velocity_y_radps"":0.1253,""ax_mps2"":-0.0843,""ay_mps2"":-10.467,""az_mps2"":-1.233,""orientation_w"":0.9494,""orientation_x"":-0.0569,""orientation_y"":-0.0085,""orientation_z"":0.3086,""yaw_rate_radps"":-1.099}"
4140,7831230532933,/autodrive/roboracer_1/imu,Imu,1789296576164410472,,"{""angular_velocity_x_radps"":0.0197,""angular_velocity_y_radps"":0.1254,""ax_mps2"":-0.0633,""ay_mps2"":-10.5535,""az_mps2"":-1.1562,""orientation_w"":0.9536,""orientation_x"":-0.057,""orientation_y"":-0.0078,""orientation_z"":0.2955,""yaw_rate_radps"":-1.099}"
4148,7831254395302,/autodrive/roboracer_1/imu,Imu,1789296576188621747,,"{""angular_velocity_x_radps"":0.02,""angular_velocity_y_radps"":0.1254,""ax_mps2"":-0.0756,""ay_mps2"":-10.5055,""az_mps2"":-1.2006,""orientation_w"":0.9575,""orientation_x"":-0.0571,""orientation_y"":-0.007,""orientation_z"":0.2828,""yaw_rate_radps"":-1.0991}"
4158,7831280937130,/autodrive/roboracer_1/imu,Imu,1789296576214420828,,"{""angular_velocity_x_radps"":0.0201,""angular_velocity_y_radps"":0.1255,""ax_mps2"":-0.0637,""ay_mps2"":-10.5531,""az_mps2"":-1.1597,""orientation_w"":0.9614,""orientation_x"":-0.0572,""orientation_y"":-0.0062,""orientation_z"":0.269,""yaw_rate_radps"":-1.099}"
4166,7831305572943,/autodrive/roboracer_1/imu,Imu,1789296576238836036,,"{""angular_velocity_x_radps"":0.0203,""angular_velocity_y_radps"":0.1255,""ax_mps2"":-0.0765,""ay_mps2"":-10.5032,""az_mps2"":-1.2057,""orientation_w"":0.9651,""orientation_x"":-0.0573,""orientation_y"":-0.0054,""orientation_z"":0.2556,""yaw_rate_radps"":-1.099}"
4175,7831330268408,/autodrive/roboracer_1/imu,Imu,1789296576263943907,,"{""angular_velocity_x_radps"":0.0206,""angular_velocity_y_radps"":0.1254,""ax_mps2"":-0.0813,""ay_mps2"":-10.4817,""az_mps2"":-1.2236,""orientation_w"":0.9685,""orientation_x"":-0.0574,""orientation_y"":-0.0046,""orientation_z"":0.2423,""yaw_rate_radps"":-1.0991}"
4185,7831356093258,/autodrive/roboracer_1/imu,Imu,1789296576289393481,,"{""angular_velocity_x_radps"":0.0201,""angular_velocity_y_radps"":0.1255,""ax_mps2"":-0.0788,""ay_mps2"":-10.4909,""az_mps2"":-1.2123,""orientation_w"":0.9718,""orientation_x"":-0.0575,""orientation_y"":-0.0038,""orientation_z"":0.2289,""yaw_rate_radps"":-1.0989}"
4194,7831380276540,/autodrive/roboracer_1/imu,Imu,1789296576314390433,,"{""angular_velocity_x_radps"":0.0204,""angular_velocity_y_radps"":0.1255,""ax_mps2"":-0.0659,""ay_mps2"":-10.5435,""az_mps2"":-1.1695,""orientation_w"":0.9748,""orientation_x"":-0.0575,""orientation_y"":-0.003,""orientation_z"":0.2154,""yaw_rate_radps"":-1.0989}"
4202,7831405506070,/autodrive/roboracer_1/imu,Imu,1789296576339318296,,"{""angular_velocity_x_radps"":0.0207,""angular_velocity_y_radps"":0.1255,""ax_mps2"":-0.0791,""ay_mps2"":-10.4851,""az_mps2"":-1.2215,""orientation_w"":0.9777,""orientation_x"":-0.0576,""orientation_y"":-0.0022,""orientation_z"":0.2019,""yaw_rate_radps"":-1.099}"
4211,7831429302344,/autodrive/roboracer_1/imu,Imu,1789296576363684502,,"{""angular_velocity_x_radps"":0.0204,""angular_velocity_y_radps"":0.1255,""ax_mps2"":-0.0732,""ay_mps2"":-10.5115,""az_mps2"":-1.1966,""orientation_w"":0.9803,""orientation_x"":-0.0576,""orientation_y"":-0.0015,""orientation_z"":0.1889,""yaw_rate_radps"":-1.0989}"
4221,7831455211943,/autodrive/roboracer_1/imu,Imu,1789296576389305448,,"{""angular_velocity_x_radps"":0.021,""angular_velocity_y_radps"":0.1256,""ax_mps2"":-0.0823,""ay_mps2"":-10.4725,""az_mps2"":-1.2342,""orientation_w"":0.9829,""orientation_x"":-0.0576,""orientation_y"":-0.0006,""orientation_z"":0.1748,""yaw_rate_radps"":-1.0991}"
4230,7831480445470,/autodrive/roboracer_1/imu,Imu,1789296576414389013,,"{""angular_velocity_x_radps"":0.0207,""angular_velocity_y_radps"":0.1257,""ax_mps2"":-0.0763,""ay_mps2"":-10.4994,""az_mps2"":-1.2091,""orientation_w"":0.9852,""orientation_x"":-0.0576,""orientation_y"":0.0002,""orientation_z"":0.1612,""yaw_rate_radps"":-1.099}"
4239,7831505347614,/autodrive/roboracer_1/imu,Imu,1789296576438964142,,"{""angular_velocity_x_radps"":0.0202,""angular_velocity_y_radps"":0.1256,""ax_mps2"":-0.0649,""ay_mps2"":-10.5482,""az_mps2"":-1.1625,""orientation_w"":0.9874,""orientation_x"":-0.0576,""orientation_y"":0.001,""orientation_z"":0.1475,""yaw_rate_radps"":-1.099}"
4248,7831530614364,/autodrive/roboracer_1/imu,Imu,1789296576464389630,,"{""angular_velocity_x_radps"":0.02,""angular_velocity_y_radps"":0.1255,""ax_mps2"":-0.0584,""ay_mps2"":-10.5729,""az_mps2"":-1.1393,""orientation_w"":0.9893,""orientation_x"":-0.0576,""orientation_y"":0.0018,""orientation_z"":0.1339,""yaw_rate_radps"":-1.099}"
4256,7831555664596,/autodrive/roboracer_1/imu,Imu,1789296576489083402,,"{""angular_velocity_x_radps"":0.0208,""angular_velocity_y_radps"":0.1256,""ax_mps2"":-0.0759,""ay_mps2"":-10.5013,""az_mps2"":-1.2086,""orientation_w"":0.9911,""orientation_x"":-0.0576,""orientation_y"":0.0026,""orientation_z"":0.1202,""yaw_rate_radps"":-1.0989}"
4265,7831579404414,/autodrive/roboracer_1/imu,Imu,1789296576513697725,,"{""angular_velocity_x_radps"":0.0204,""angular_velocity_y_radps"":0.1256,""ax_mps2"":-0.0684,""ay_mps2"":-10.5316,""az_mps2"":-1.1773,""orientation_w"":0.9926,""orientation_x"":-0.0575,""orientation_y"":0.0033,""orientation_z"":0.107,""yaw_rate_radps"":-1.099}"
4277,7831605919241,/autodrive/roboracer_1/imu,Imu,1789296576539430692,,"{""angular_velocity_x_radps"":0.0209,""angular_velocity_y_radps"":0.1256,""ax_mps2"":-0.0833,""ay_mps2"":-10.4688,""az_mps2"":-1.2368,""orientation_w"":0.994,""orientation_x"":-0.0575,""orientation_y"":0.0041,""orientation_z"":0.0927,""yaw_rate_radps"":-1.099}"
4284,7831630253958,/autodrive/roboracer_1/imu,Imu,1789296576563966847,,"{""angular_velocity_x_radps"":0.0209,""angular_velocity_y_radps"":0.1257,""ax_mps2"":-0.0781,""ay_mps2"":-10.4885,""az_mps2"":-1.2189,""orientation_w"":0.9952,""orientation_x"":-0.0574,""orientation_y"":0.0049,""orientation_z"":0.079,""yaw_rate_radps"":-1.099}"
4293,7831655703161,/autodrive/roboracer_1/imu,Imu,1789296576589301204,,"{""angular_velocity_x_radps"":0.0213,""angular_velocity_y_radps"":0.1257,""ax_mps2"":-0.0914,""ay_mps2"":-10.4409,""az_mps2"":-1.2648,""orientation_w"":0.9962,""orientation_x"":-0.0574,""orientation_y"":0.0057,""orientation_z"":0.0652,""yaw_rate_radps"":-1.099}"
4301,7831680367909,/autodrive/roboracer_1/imu,Imu,1789296576614270284,,"{""angular_velocity_x_radps"":0.0213,""angular_velocity_y_radps"":0.1257,""ax_mps2"":-0.0873,""ay_mps2"":-10.4586,""az_mps2"":-1.2494,""orientation_w"":0.997,""orientation_x"":-0.0573,""orientation_y"":0.0065,""orientation_z"":0.0514,""yaw_rate_radps"":-1.0989}"
4311,7831705390519,/autodrive/roboracer_1/imu,Imu,1789296576638996387,,"{""angular_velocity_x_radps"":0.0206,""angular_velocity_y_radps"":0.1256,""ax_mps2"":-0.0676,""ay_mps2"":-10.5351,""az_mps2"":-1.1764,""orientation_w"":0.9976,""orientation_x"":-0.0572,""orientation_y"":0.0073,""orientation_z"":0.0376,""yaw_rate_radps"":-1.0989}"
4320,7831730288145,/autodrive/roboracer_1/imu,Imu,1789296576664436203,,"{""angular_velocity_x_radps"":0.0201,""angular_velocity_y_radps"":0.1255,""ax_mps2"":-0.0638,""ay_mps2"":-10.5493,""az_mps2"":-1.1586,""orientation_w"":0.9981,""orientation_x"":-0.0571,""orientation_y"":0.0081,""orientation_z"":0.0238,""yaw_rate_radps"":-1.099}"
4329,7831755290998,/autodrive/roboracer_1/imu,Imu,1789296576689261863,,"{""angular_velocity_x_radps"":0.021,""angular_velocity_y_radps"":0.1256,""ax_mps2"":-0.0749,""ay_mps2"":-10.508,""az_mps2"":-1.2031,""orientation_w"":0.9983,""orientation_x"":-0.057,""orientation_y"":0.0089,""orientation_z"":0.01,""yaw_rate_radps"":-1.099}"
4337,7831780694425,/autodrive/roboracer_1/imu,Imu,1789296576714320802,,"{""angular_velocity_x_radps"":0.021,""angular_velocity_y_radps"":0.1255,""ax_mps2"":-0.0842,""ay_mps2"":-10.4681,""az_mps2"":-1.2374,""orientation_w"":0.9983,""orientation_x"":-0.0568,""orientation_y"":0.0097,""orientation_z"":-0.0038,""yaw_rate_radps"":-1.0991}"
4346,7831805124301,/autodrive/roboracer_1/imu,Imu,1789296576738614381,,"{""angular_velocity_x_radps"":0.0208,""angular_velocity_y_radps"":0.1256,""ax_mps2"":-0.0749,""ay_mps2"":-10.5012,""az_mps2"":-1.2064,""orientation_w"":0.9982,""orientation_x"":-0.0567,""orientation_y"":0.0104,""orientation_z"":-0.017,""yaw_rate_radps"":-1.099}"
4356,7831829506718,/autodrive/roboracer_1/imu,Imu,1789296576763446383,,"{""angular_velocity_x_radps"":0.02,""angular_velocity_y_radps"":0.1255,""ax_mps2"":-0.0625,""ay_mps2"":-10.5526,""az_mps2"":-1.1554,""orientation_w"":0.9979,""orientation_x"":-0.0566,""orientation_y"":0.0112,""orientation_z"":-0.0308,""yaw_rate_radps"":-1.0991}"
4364,7831855316829,/autodrive/roboracer_1/imu,Imu,1789296576788812530,,"{""angular_velocity_x_radps"":0.0207,""angular_velocity_y_radps"":0.1256,""ax_mps2"":-0.0699,""ay_mps2"":-10.5224,""az_mps2"":-1.1886,""orientation_w"":0.9973,""orientation_x"":-0.0564,""orientation_y"":0.012,""orientation_z"":-0.0452,""yaw_rate_radps"":-1.099}"
4374,7831880321276,/autodrive/roboracer_1/imu,Imu,1789296576814351832,,"{""angular_velocity_x_radps"":0.0208,""angular_velocity_y_radps"":0.1257,""ax_mps2"":-0.0708,""ay_mps2"":-10.5206,""az_mps2"":-1.1914,""orientation_w"":0.9966,""orientation_x"":-0.0562,""orientation_y"":0.0128,""orientation_z"":-0.059,""yaw_rate_radps"":-1.0989}"
4382,7831904218801,/autodrive/roboracer_1/imu,Imu,1789296576838666081,,"{""angular_velocity_x_radps"":0.0213,""angular_velocity_y_radps"":0.1257,""ax_mps2"":-0.0782,""ay_mps2"":-10.4898,""az_mps2"":-1.22,""orientation_w"":0.9957,""orientation_x"":-0.056,""orientation_y"":0.0136,""orientation_z"":-0.0722,""yaw_rate_radps"":-1.0989}"
4391,7831930390061,/autodrive/roboracer_1/imu,Imu,1789296576864265356,,"{""angular_velocity_x_radps"":0.0209,""angular_velocity_y_radps"":0.1257,""ax_mps2"":-0.0755,""ay_mps2"":-10.5032,""az_mps2"":-1.2038,""orientation_w"":0.9946,""orientation_x"":-0.0558,""orientation_y"":0.0144,""orientation_z"":-0.0865,""yaw_rate_radps"":-1.099}"
4400,7831954074565,/autodrive/roboracer_1/imu,Imu,1789296576888716021,,"{""angular_velocity_x_radps"":0.0213,""angular_velocity_y_radps"":0.1257,""ax_mps2"":-0.0793,""ay_mps2"":-10.4859,""az_mps2"":-1.2237,""orientation_w"":0.9933,""orientation_x"":-0.0556,""orientation_y"":0.0151,""orientation_z"":-0.0997,""yaw_rate_radps"":-1.099}"
4409,7831980405937,/autodrive/roboracer_1/imu,Imu,1789296576914183087,,"{""angular_velocity_x_radps"":0.0215,""angular_velocity_y_radps"":0.1257,""ax_mps2"":-0.086,""ay_mps2"":-10.4584,""az_mps2"":-1.2492,""orientation_w"":0.9918,""orientation_x"":-0.0554,""orientation_y"":0.0159,""orientation_z"":-0.114,""yaw_rate_radps"":-1.099}"
4419,7832005258268,/autodrive/roboracer_1/imu,Imu,1789296576939473522,,"{""angular_velocity_x_radps"":0.0863,""angular_velocity_y_radps"":0.2743,""ax_mps2"":-7.6385,""ay_mps2"":-9.2804,""az_mps2"":-1.1837,""orientation_w"":0.9903,""orientation_x"":-0.0544,""orientation_y"":0.0179,""orientation_z"":-0.1267,""yaw_rate_radps"":-0.976}"
4428,7832030673106,/autodrive/roboracer_1/imu,Imu,1789296576964091872,,"{""angular_velocity_x_radps"":0.0851,""angular_velocity_y_radps"":0.2663,""ax_mps2"":-7.5,""ay_mps2"":-9.2602,""az_mps2"":-1.2797,""orientation_w"":0.9886,""orientation_x"":-0.0532,""orientation_y"":0.0205,""orientation_z"":-0.1391,""yaw_rate_radps"":-1.002}"
4436,7832054263423,/autodrive/roboracer_1/imu,Imu,1789296576988565510,,"{""angular_velocity_x_radps"":0.0807,""angular_velocity_y_radps"":0.2496,""ax_mps2"":-7.4036,""ay_mps2"":-9.3274,""az_mps2"":-1.2804,""orientation_w"":0.9869,""orientation_x"":-0.052,""orientation_y"":0.0228,""orientation_z"":-0.1513,""yaw_rate_radps"":-1.0273}"
4445,7832080368039,/autodrive/roboracer_1/imu,Imu,1789296577014216924,,"{""angular_velocity_x_radps"":0.0771,""angular_velocity_y_radps"":0.2332,""ax_mps2"":-7.3121,""ay_mps2"":-9.3443,""az_mps2"":-1.307,""orientation_w"":0.9847,""orientation_x"":-0.0508,""orientation_y"":0.025,""orientation_z"":-0.1648,""yaw_rate_radps"":-1.0475}"
4457,7832105163422,/autodrive/roboracer_1/imu,Imu,1789296577038703426,,"{""angular_velocity_x_radps"":0.0751,""angular_velocity_y_radps"":0.2201,""ax_mps2"":-7.2781,""ay_mps2"":-9.4009,""az_mps2"":-1.264,""orientation_w"":0.9825,""orientation_x"":-0.0498,""orientation_y"":0.0269,""orientation_z"":-0.1774,""yaw_rate_radps"":-1.0627}"
4464,7832130562330,/autodrive/roboracer_1/imu,Imu,1789296577064106342,,"{""angular_velocity_x_radps"":0.0747,""angular_velocity_y_radps"":0.2082,""ax_mps2"":-7.2282,""ay_mps2"":-9.3715,""az_mps2"":-1.2897,""orientation_w"":0.9799,""orientation_x"":-0.0487,""orientation_y"":0.0287,""orientation_z"":-0.1913,""yaw_rate_radps"":-1.0787}"
4473,7832155866941,/autodrive/roboracer_1/imu,Imu,1789296577088786679,,"{""angular_velocity_x_radps"":0.0751,""angular_velocity_y_radps"":0.1989,""ax_mps2"":-7.2053,""ay_mps2"":-9.3645,""az_mps2"":-1.2789,""orientation_w"":0.9772,""orientation_x"":-0.0477,""orientation_y"":0.0304,""orientation_z"":-0.2047,""yaw_rate_radps"":-1.0963}"
4481,7832180532580,/autodrive/roboracer_1/imu,Imu,1789296577114452840,,"{""angular_velocity_x_radps"":0.0755,""angular_velocity_y_radps"":0.1912,""ax_mps2"":-7.1894,""ay_mps2"":-9.3654,""az_mps2"":-1.256,""orientation_w"":0.9742,""orientation_x"":-0.0467,""orientation_y"":0.0319,""orientation_z"":-0.2184,""yaw_rate_radps"":-1.1172}"
4490,7832205210934,/autodrive/roboracer_1/imu,Imu,1789296577139325558,,"{""angular_velocity_x_radps"":0.0769,""angular_velocity_y_radps"":0.1848,""ax_mps2"":-7.1226,""ay_mps2"":-9.2777,""az_mps2"":-1.3295,""orientation_w"":0.971,""orientation_x"":-0.0457,""orientation_y"":0.0333,""orientation_z"":-0.2322,""yaw_rate_radps"":-1.1408}"
4500,7832230530843,/autodrive/roboracer_1/imu,Imu,1789296577164488803,,"{""angular_velocity_x_radps"":0.0782,""angular_velocity_y_radps"":0.1797,""ax_mps2"":-7.1506,""ay_mps2"":-9.258,""az_mps2"":-1.2874,""orientation_w"":0.9675,""orientation_x"":-0.0447,""orientation_y"":0.0346,""orientation_z"":-0.2463,""yaw_rate_radps"":-1.1639}"
4508,7832255315096,/autodrive/roboracer_1/imu,Imu,1789296577189407939,,"{""angular_velocity_x_radps"":0.0866,""angular_velocity_y_radps"":0.1765,""ax_mps2"":-7.3064,""ay_mps2"":-9.0592,""az_mps2"":-1.2629,""orientation_w"":0.9638,""orientation_x"":-0.0437,""orientation_y"":0.0359,""orientation_z"":-0.2606,""yaw_rate_radps"":-1.1702}"
4518,7832279448293,/autodrive/roboracer_1/imu,Imu,1789296577213600739,,"{""angular_velocity_x_radps"":0.0983,""angular_velocity_y_radps"":0.1735,""ax_mps2"":-7.5155,""ay_mps2"":-8.7408,""az_mps2"":-1.2573,""orientation_w"":0.96,""orientation_x"":-0.0426,""orientation_y"":0.037,""orientation_z"":-0.2741,""yaw_rate_radps"":-1.1568}"
4526,7832305206618,/autodrive/roboracer_1/imu,Imu,1789296577239352261,,"{""angular_velocity_x_radps"":0.1192,""angular_velocity_y_radps"":0.1658,""ax_mps2"":-7.5638,""ay_mps2"":-8.268,""az_mps2"":-1.1607,""orientation_w"":0.9558,""orientation_x"":-0.0411,""orientation_y"":0.0381,""orientation_z"":-0.2885,""yaw_rate_radps"":-1.1311}"
4536,7832330784202,/autodrive/roboracer_1/imu,Imu,1789296577264271958,,"{""angular_velocity_x_radps"":0.1347,""angular_velocity_y_radps"":0.1545,""ax_mps2"":-7.4789,""ay_mps2"":-7.7843,""az_mps2"":-1.1561,""orientation_w"":0.9517,""orientation_x"":-0.0396,""orientation_y"":0.039,""orientation_z"":-0.302,""yaw_rate_radps"":-1.102}"
4544,7832355328824,/autodrive/roboracer_1/imu,Imu,1789296577289356575,,"{""angular_velocity_x_radps"":0.1465,""angular_velocity_y_radps"":0.1433,""ax_mps2"":-7.4249,""ay_mps2"":-7.3823,""az_mps2"":-1.0918,""orientation_w"":0.9475,""orientation_x"":-0.0378,""orientation_y"":0.0397,""orientation_z"":-0.315,""yaw_rate_radps"":-1.0728}"
4554,7832379555868,/autodrive/roboracer_1/imu,Imu,1789296577313736687,,"{""angular_velocity_x_radps"":0.1553,""angular_velocity_y_radps"":0.1331,""ax_mps2"":-7.3895,""ay_mps2"":-7.0325,""az_mps2"":-1.0028,""orientation_w"":0.9434,""orientation_x"":-0.0361,""orientation_y"":0.0402,""orientation_z"":-0.3272,""yaw_rate_radps"":-1.0451}"
4562,7832404248839,/autodrive/roboracer_1/imu,Imu,1789296577338714764,,"{""angular_velocity_x_radps"":0.1629,""angular_velocity_y_radps"":0.123,""ax_mps2"":-7.3108,""ay_mps2"":-6.6111,""az_mps2"":-0.9868,""orientation_w"":0.9391,""orientation_x"":-0.0342,""orientation_y"":0.0406,""orientation_z"":-0.3394,""yaw_rate_radps"":-1.0164}"
4572,7832430756192,/autodrive/roboracer_1/imu,Imu,1789296577364374213,,"{""angular_velocity_x_radps"":0.1685,""angular_velocity_y_radps"":0.1131,""ax_mps2"":-7.2464,""ay_mps2"":-6.2157,""az_mps2"":-0.9432,""orientation_w"":0.9346,""orientation_x"":-0.0322,""orientation_y"":0.0408,""orientation_z"":-0.3518,""yaw_rate_radps"":-0.987}"
4581,7832454163835,/autodrive/roboracer_1/imu,Imu,1789296577388703599,,"{""angular_velocity_x_radps"":0.1721,""angular_velocity_y_radps"":0.1045,""ax_mps2"":-7.1843,""ay_mps2"":-5.853,""az_mps2"":-0.9098,""orientation_w"":0.9305,""orientation_x"":-0.0303,""orientation_y"":0.0409,""orientation_z"":-0.3628,""yaw_rate_radps"":-0.9601}"
4590,7832479863950,/autodrive/roboracer_1/imu,Imu,1789296577413540952,,"{""angular_velocity_x_radps"":0.1745,""angular_velocity_y_radps"":0.096,""ax_mps2"":-7.1411,""ay_mps2"":-5.5366,""az_mps2"":-0.8405,""orientation_w"":0.9261,""orientation_x"":-0.0283,""orientation_y"":0.0409,""orientation_z"":-0.3739,""yaw_rate_radps"":-0.9323}"
4598,7832504348819,/autodrive/roboracer_1/imu,Imu,1789296577438618996,,"{""angular_velocity_x_radps"":0.1758,""angular_velocity_y_radps"":0.088,""ax_mps2"":-7.0696,""ay_mps2"":-5.1834,""az_mps2"":-0.827,""orientation_w"":0.9218,""orientation_x"":-0.0263,""orientation_y"":0.0409,""orientation_z"":-0.3846,""yaw_rate_radps"":-0.9048}"
4607,7832530349089,/autodrive/roboracer_1/imu,Imu,1789296577464297350,,"{""angular_velocity_x_radps"":0.1758,""angular_velocity_y_radps"":0.0804,""ax_mps2"":-7.0215,""ay_mps2"":-4.8606,""az_mps2"":-0.7671,""orientation_w"":0.9173,""orientation_x"":-0.0243,""orientation_y"":0.0407,""orientation_z"":-0.3954,""yaw_rate_radps"":-0.8763}"
4616,7832555324130,/autodrive/roboracer_1/imu,Imu,1789296577488706377,,"{""angular_velocity_x_radps"":0.1748,""angular_velocity_y_radps"":0.0734,""ax_mps2"":-6.9846,""ay_mps2"":-4.5835,""az_mps2"":-0.6958,""orientation_w"":0.913,""orientation_x"":-0.0223,""orientation_y"":0.0404,""orientation_z"":-0.4053,""yaw_rate_radps"":-0.8493}"
4626,7832579711696,/autodrive/roboracer_1/imu,Imu,1789296577513572543,,"{""angular_velocity_x_radps"":0.1737,""angular_velocity_y_radps"":0.0671,""ax_mps2"":-6.8844,""ay_mps2"":-4.2442,""az_mps2"":-0.7532,""orientation_w"":0.9089,""orientation_x"":-0.0205,""orientation_y"":0.0401,""orientation_z"":-0.4146,""yaw_rate_radps"":-0.8235}"
4635,7832605524944,/autodrive/roboracer_1/imu,Imu,1789296577538886742,,"{""angular_velocity_x_radps"":0.1712,""angular_velocity_y_radps"":0.061,""ax_mps2"":-6.849,""ay_mps2"":-3.9652,""az_mps2"":-0.6795,""orientation_w"":0.9045,""orientation_x"":-0.0185,""orientation_y"":0.0397,""orientation_z"":-0.4242,""yaw_rate_radps"":-0.7957}"
4644,7832629888805,/autodrive/roboracer_1/imu,Imu,1789296577563739263,,"{""angular_velocity_x_radps"":0.1663,""angular_velocity_y_radps"":0.0555,""ax_mps2"":-6.8146,""ay_mps2"":-3.7392,""az_mps2"":-0.6241,""orientation_w"":0.9005,""orientation_x"":-0.0168,""orientation_y"":0.0393,""orientation_z"":-0.4328,""yaw_rate_radps"":-0.7704}"
4653,7832654548513,/autodrive/roboracer_1/imu,Imu,1789296577588521712,,"{""angular_velocity_x_radps"":0.1651,""angular_velocity_y_radps"":0.0505,""ax_mps2"":-6.7618,""ay_mps2"":-3.4634,""az_mps2"":-0.5932,""orientation_w"":0.8964,""orientation_x"":-0.015,""orientation_y"":0.0389,""orientation_z"":-0.4414,""yaw_rate_radps"":-0.7441}"
4662,7832680356170,/autodrive/roboracer_1/imu,Imu,1789296577614107231,,"{""angular_velocity_x_radps"":0.1615,""angular_velocity_y_radps"":0.0455,""ax_mps2"":-6.7104,""ay_mps2"":-3.2045,""az_mps2"":-0.5598,""orientation_w"":0.8921,""orientation_x"":-0.0132,""orientation_y"":0.0384,""orientation_z"":-0.4499,""yaw_rate_radps"":-0.7169}"
4669,7832705944615,/autodrive/roboracer_1/imu,Imu,1789296577639205083,,"{""angular_velocity_x_radps"":0.1575,""angular_velocity_y_radps"":0.041,""ax_mps2"":-6.6602,""ay_mps2"":-2.9644,""az_mps2"":-0.5334,""orientation_w"":0.8881,""orientation_x"":-0.0115,""orientation_y"":0.0378,""orientation_z"":-0.4579,""yaw_rate_radps"":-0.691}"
4680,7832730962036,/autodrive/roboracer_1/imu,Imu,1789296577663965501,,"{""angular_velocity_x_radps"":0.1533,""angular_velocity_y_radps"":0.0368,""ax_mps2"":-6.6026,""ay_mps2"":-2.7347,""az_mps2"":-0.525,""orientation_w"":0.8842,""orientation_x"":-0.0099,""orientation_y"":0.0373,""orientation_z"":-0.4654,""yaw_rate_radps"":-0.6653}"
4688,7832755625421,/autodrive/roboracer_1/imu,Imu,1789296577689309767,,"{""angular_velocity_x_radps"":0.1489,""angular_velocity_y_radps"":0.0331,""ax_mps2"":-6.5546,""ay_mps2"":-2.5157,""az_mps2"":-0.4993,""orientation_w"":0.8804,""orientation_x"":-0.0083,""orientation_y"":0.0367,""orientation_z"":-0.4727,""yaw_rate_radps"":-0.6397}"
4698,7832780560196,/autodrive/roboracer_1/imu,Imu,1789296577714152649,,"{""angular_velocity_x_radps"":0.1444,""angular_velocity_y_radps"":0.0295,""ax_mps2"":-6.5104,""ay_mps2"":-2.3103,""az_mps2"":-0.4698,""orientation_w"":0.8767,""orientation_x"":-0.0068,""orientation_y"":0.0361,""orientation_z"":-0.4797,""yaw_rate_radps"":-0.6143}"
4707,7832804412827,/autodrive/roboracer_1/imu,Imu,1789296577738603084,,"{""angular_velocity_x_radps"":0.1399,""angular_velocity_y_radps"":0.0264,""ax_mps2"":-6.4479,""ay_mps2"":-2.1148,""az_mps2"":-0.4849,""orientation_w"":0.8732,""orientation_x"":-0.0054,""orientation_y"":0.0355,""orientation_z"":-0.486,""yaw_rate_radps"":-0.5901}"
4716,7832830398959,/autodrive/roboracer_1/imu,Imu,1789296577763664417,,"{""angular_velocity_x_radps"":0.135,""angular_velocity_y_radps"":0.0235,""ax_mps2"":-6.4054,""ay_mps2"":-1.9286,""az_mps2"":-0.457,""orientation_w"":0.8697,""orientation_x"":-0.004,""orientation_y"":0.0349,""orientation_z"":-0.4924,""yaw_rate_radps"":-0.565}"
4724,7832855440015,/autodrive/roboracer_1/imu,Imu,1789296577789327382,,"{""angular_velocity_x_radps"":0.1305,""angular_velocity_y_radps"":0.0224,""ax_mps2"":-6.5299,""ay_mps2"":-1.7378,""az_mps2"":-0.4476,""orientation_w"":0.8661,""orientation_x"":-0.0026,""orientation_y"":0.0343,""orientation_z"":-0.4987,""yaw_rate_radps"":-0.5407}"
4734,7832881028389,/autodrive/roboracer_1/imu,Imu,1789296577814331818,,"{""angular_velocity_x_radps"":0.1275,""angular_velocity_y_radps"":0.0411,""ax_mps2"":-7.969,""ay_mps2"":-1.5344,""az_mps2"":-0.5006,""orientation_w"":0.8628,""orientation_x"":-0.0013,""orientation_y"":0.0338,""orientation_z"":-0.5045,""yaw_rate_radps"":-0.5178}"
4743,7832904911226,/autodrive/roboracer_1/imu,Imu,1789296577838658250,,"{""angular_velocity_x_radps"":0.1233,""angular_velocity_y_radps"":0.069,""ax_mps2"":-8.957,""ay_mps2"":-1.3073,""az_mps2"":-0.5425,""orientation_w"":0.8597,""orientation_x"":0.0002,""orientation_y"":0.0336,""orientation_z"":-0.5096,""yaw_rate_radps"":-0.4741}"
4752,7832930754951,/autodrive/roboracer_1/imu,Imu,1789296577863826995,,"{""angular_velocity_x_radps"":0.1185,""angular_velocity_y_radps"":0.0328,""ax_mps2"":-6.7128,""ay_mps2"":-1.1191,""az_mps2"":-0.4435,""orientation_w"":0.8567,""orientation_x"":0.0017,""orientation_y"":0.0334,""orientation_z"":-0.5147,""yaw_rate_radps"":-0.4363}"
4760,7832955629433,/autodrive/roboracer_1/imu,Imu,1789296577889448252,,"{""angular_velocity_x_radps"":0.1114,""angular_velocity_y_radps"":-0.0217,""ax_mps2"":-4.3855,""ay_mps2"":-1.0314,""az_mps2"":-0.291,""orientation_w"":0.8539,""orientation_x"":0.0028,""orientation_y"":0.0328,""orientation_z"":-0.5193,""yaw_rate_radps"":-0.4155}"
4770,7832980997033,/autodrive/roboracer_1/imu,Imu,1789296577913858911,,"{""angular_velocity_x_radps"":0.103,""angular_velocity_y_radps"":-0.059,""ax_mps2"":-2.7588,""ay_mps2"":-0.9908,""az_mps2"":-0.1996,""orientation_w"":0.8513,""orientation_x"":0.0035,""orientation_y"":0.0316,""orientation_z"":-0.5237,""yaw_rate_radps"":-0.4034}"
4779,7833004728034,/autodrive/roboracer_1/imu,Imu,1789296577938594272,,"{""angular_velocity_x_radps"":0.0947,""angular_velocity_y_radps"":-0.0772,""ax_mps2"":-1.7797,""ay_mps2"":-0.9701,""az_mps2"":-0.1215,""orientation_w"":0.8488,""orientation_x"":0.0039,""orientation_y"":0.0303,""orientation_z"":-0.5278,""yaw_rate_radps"":-0.3966}"
4788,7833029610832,/autodrive/roboracer_1/imu,Imu,1789296577963661436,,"{""angular_velocity_x_radps"":0.0864,""angular_velocity_y_radps"":-0.0843,""ax_mps2"":-1.1346,""ay_mps2"":-0.9616,""az_mps2"":-0.067,""orientation_w"":0.8462,""orientation_x"":0.0042,""orientation_y"":0.0289,""orientation_z"":-0.5321,""yaw_rate_radps"":-0.3921}"
4796,7833055438396,/autodrive/roboracer_1/imu,Imu,1789296577988828709,,"{""angular_velocity_x_radps"":0.0783,""angular_velocity_y_radps"":-0.0845,""ax_mps2"":-0.7015,""ay_mps2"":-0.9508,""az_mps2"":-0.066,""orientation_w"":0.8435,""orientation_x"":0.0043,""orientation_y"":0.0274,""orientation_z"":-0.5364,""yaw_rate_radps"":-0.389}"
4806,7833079782040,/autodrive/roboracer_1/imu,Imu,1789296578013704854,,"{""angular_velocity_x_radps"":0.0716,""angular_velocity_y_radps"":-0.081,""ax_mps2"":-0.4496,""ay_mps2"":-0.948,""az_mps2"":-0.039,""orientation_w"":0.841,""orientation_x"":0.0044,""orientation_y"":0.0261,""orientation_z"":-0.5403,""yaw_rate_radps"":-0.3871}"
4815,7833105609084,/autodrive/roboracer_1/imu,Imu,1789296578038784532,,"{""angular_velocity_x_radps"":0.0648,""angular_velocity_y_radps"":-0.0751,""ax_mps2"":-0.2771,""ay_mps2"":-0.946,""az_mps2"":-0.0223,""orientation_w"":0.8383,""orientation_x"":0.0045,""orientation_y"":0.0248,""orientation_z"":-0.5446,""yaw_rate_radps"":-0.3859}"
4823,7833130746009,/autodrive/roboracer_1/imu,Imu,1789296578064434643,,"{""angular_velocity_x_radps"":0.0591,""angular_velocity_y_radps"":-0.0685,""ax_mps2"":-0.174,""ay_mps2"":-0.9454,""az_mps2"":-0.0291,""orientation_w"":0.8357,""orientation_x"":0.0045,""orientation_y"":0.0236,""orientation_z"":-0.5486,""yaw_rate_radps"":-0.3851}"
4832,7833155287755,/autodrive/roboracer_1/imu,Imu,1789296578089007908,,"{""angular_velocity_x_radps"":0.0539,""angular_velocity_y_radps"":-0.0618,""ax_mps2"":-0.1106,""ay_mps2"":-0.9467,""az_mps2"":-0.0071,""orientation_w"":0.8331,""orientation_x"":0.0046,""orientation_y"":0.0226,""orientation_z"":-0.5527,""yaw_rate_radps"":-0.3847}"
4842,7833180928428,/autodrive/roboracer_1/imu,Imu,1789296578114363295,,"{""angular_velocity_x_radps"":0.0491,""angular_velocity_y_radps"":-0.0551,""ax_mps2"":-0.0705,""ay_mps2"":-0.945,""az_mps2"":-0.0194,""orientation_w"":0.8304,""orientation_x"":0.0046,""orientation_y"":0.0216,""orientation_z"":-0.5567,""yaw_rate_radps"":-0.3845}"
4850,7833204457730,/autodrive/roboracer_1/imu,Imu,1789296578138546477,,"{""angular_velocity_x_radps"":0.0451,""angular_velocity_y_radps"":-0.0491,""ax_mps2"":-0.047,""ay_mps2"":-0.9452,""az_mps2"":-0.0103,""orientation_w"":0.8279,""orientation_x"":0.0046,""orientation_y"":0.0208,""orientation_z"":-0.5605,""yaw_rate_radps"":-0.3843}"
4860,7833230734139,/autodrive/roboracer_1/imu,Imu,1789296578164070520,,"{""angular_velocity_x_radps"":0.0413,""angular_velocity_y_radps"":-0.0431,""ax_mps2"":-0.0316,""ay_mps2"":-0.9472,""az_mps2"":-0.0207,""orientation_w"":0.8251,""orientation_x"":0.0046,""orientation_y"":0.02,""orientation_z"":-0.5647,""yaw_rate_radps"":-0.3843}"
4869,7833255692549,/autodrive/roboracer_1/imu,Imu,1789296578189183220,,"{""angular_velocity_x_radps"":0.038,""angular_velocity_y_radps"":-0.0379,""ax_mps2"":-0.0228,""ay_mps2"":-0.9484,""az_mps2"":-0.0084,""orientation_w"":0.8224,""orientation_x"":0.0047,""orientation_y"":0.0194,""orientation_z"":-0.5686,""yaw_rate_radps"":-0.3843}"
4878,7833280789469,/autodrive/roboracer_1/imu,Imu,1789296578214280451,,"{""angular_velocity_x_radps"":0.035,""angular_velocity_y_radps"":-0.0332,""ax_mps2"":-0.0183,""ay_mps2"":-0.9488,""az_mps2"":-0.0229,""orientation_w"":0.8196,""orientation_x"":0.0047,""orientation_y"":0.0188,""orientation_z"":-0.5726,""yaw_rate_radps"":-0.3843}"
4887,7833304457883,/autodrive/roboracer_1/imu,Imu,1789296578238729353,,"{""angular_velocity_x_radps"":0.0324,""angular_velocity_y_radps"":-0.0292,""ax_mps2"":-0.0159,""ay_mps2"":-0.9491,""az_mps2"":-0.0174,""orientation_w"":0.817,""orientation_x"":0.0047,""orientation_y"":0.0182,""orientation_z"":-0.5764,""yaw_rate_radps"":-0.3843}"
4896,7833330281300,/autodrive/roboracer_1/imu,Imu,1789296578263615066,,"{""angular_velocity_x_radps"":0.03,""angular_velocity_y_radps"":-0.0253,""ax_mps2"":-0.0142,""ay_mps2"":-0.9492,""az_mps2"":-0.022,""orientation_w"":0.8142,""orientation_x"":0.0048,""orientation_y"":0.0178,""orientation_z"":-0.5803,""yaw_rate_radps"":-0.3844}"
4905,7833355599697,/autodrive/roboracer_1/imu,Imu,1789296578288746241,,"{""angular_velocity_x_radps"":0.0278,""angular_velocity_y_radps"":-0.0218,""ax_mps2"":-0.0139,""ay_mps2"":-0.9506,""az_mps2"":-0.0135,""orientation_w"":0.8113,""orientation_x"":0.0048,""orientation_y"":0.0173,""orientation_z"":-0.5844,""yaw_rate_radps"":-0.3844}"
4913,7833379434974,/autodrive/roboracer_1/imu,Imu,1789296578313699581,,"{""angular_velocity_x_radps"":0.0261,""angular_velocity_y_radps"":-0.019,""ax_mps2"":-0.0148,""ay_mps2"":-0.9489,""az_mps2"":-0.0324,""orientation_w"":0.8086,""orientation_x"":0.0048,""orientation_y"":0.017,""orientation_z"":-0.5881,""yaw_rate_radps"":-0.3844}"
4923,7833405586568,/autodrive/roboracer_1/imu,Imu,1789296578338998101,,"{""angular_velocity_x_radps"":0.0243,""angular_velocity_y_radps"":-0.0163,""ax_mps2"":-0.0144,""ay_mps2"":-0.954,""az_mps2"":0.0044,""orientation_w"":0.8056,""orientation_x"":0.0049,""orientation_y"":0.0166,""orientation_z"":-0.5921,""yaw_rate_radps"":-0.3845}"
4931,7833429773347,/autodrive/roboracer_1/imu,Imu,1789296578363534697,,"{""angular_velocity_x_radps"":0.0229,""angular_velocity_y_radps"":-0.014,""ax_mps2"":-0.0152,""ay_mps2"":-0.9546,""az_mps2"":-0.0045,""orientation_w"":0.8029,""orientation_x"":0.0049,""orientation_y"":0.0163,""orientation_z"":-0.5959,""yaw_rate_radps"":-0.3845}"
4941,7833455636017,/autodrive/roboracer_1/imu,Imu,1789296578388713121,,"{""angular_velocity_x_radps"":0.0216,""angular_velocity_y_radps"":-0.0119,""ax_mps2"":-0.0157,""ay_mps2"":-0.954,""az_mps2"":0.0069,""orientation_w"":0.7999,""orientation_x"":0.005,""orientation_y"":0.016,""orientation_z"":-0.5999,""yaw_rate_radps"":-0.3846}"
4950,7833479520327,/autodrive/roboracer_1/imu,Imu,1789296578413571272,,"{""angular_velocity_x_radps"":0.0204,""angular_velocity_y_radps"":-0.0101,""ax_mps2"":-0.0165,""ay_mps2"":-0.9544,""az_mps2"":0.0108,""orientation_w"":0.7971,""orientation_x"":0.005,""orientation_y"":0.0158,""orientation_z"":-0.6036,""yaw_rate_radps"":-0.3846}"
4959,7833504644589,/autodrive/roboracer_1/imu,Imu,1789296578438673482,,"{""angular_velocity_x_radps"":0.0194,""angular_velocity_y_radps"":-0.0085,""ax_mps2"":-0.0169,""ay_mps2"":-0.9542,""az_mps2"":-0.0031,""orientation_w"":0.7942,""orientation_x"":0.0051,""orientation_y"":0.0156,""orientation_z"":-0.6074,""yaw_rate_radps"":-0.3846}"
4967,7833530672210,/autodrive/roboracer_1/imu,Imu,1789296578464410356,,"{""angular_velocity_x_radps"":0.0184,""angular_velocity_y_radps"":-0.007,""ax_mps2"":-0.0177,""ay_mps2"":-0.9533,""az_mps2"":-0.0201,""orientation_w"":0.7912,""orientation_x"":0.0051,""orientation_y"":0.0154,""orientation_z"":-0.6114,""yaw_rate_radps"":-0.3846}"
4977,7833554716460,/autodrive/roboracer_1/imu,Imu,1789296578488754060,,"{""angular_velocity_x_radps"":0.0176,""angular_velocity_y_radps"":-0.0058,""ax_mps2"":-0.0179,""ay_mps2"":-0.9556,""az_mps2"":-0.0008,""orientation_w"":0.7884,""orientation_x"":0.0052,""orientation_y"":0.0152,""orientation_z"":-0.615,""yaw_rate_radps"":-0.3847}"
4985,7833579508617,/autodrive/roboracer_1/imu,Imu,1789296578513746484,,"{""angular_velocity_x_radps"":0.0169,""angular_velocity_y_radps"":-0.0047,""ax_mps2"":-0.0186,""ay_mps2"":-0.9555,""az_mps2"":-0.0114,""orientation_w"":0.7854,""orientation_x"":0.0053,""orientation_y"":0.0151,""orientation_z"":-0.6188,""yaw_rate_radps"":-0.3847}"
4995,7833604416823,/autodrive/roboracer_1/imu,Imu,1789296578538445636,,"{""angular_velocity_x_radps"":0.0162,""angular_velocity_y_radps"":-0.0037,""ax_mps2"":-0.0187,""ay_mps2"":-0.9567,""az_mps2"":0.0046,""orientation_w"":0.7824,""orientation_x"":0.0053,""orientation_y"":0.0149,""orientation_z"":-0.6226,""yaw_rate_radps"":-0.3847}"
5004,7833630721775,/autodrive/roboracer_1/imu,Imu,1789296578564447539,,"{""angular_velocity_x_radps"":0.0156,""angular_velocity_y_radps"":-0.0028,""ax_mps2"":-0.0195,""ay_mps2"":-0.9557,""az_mps2"":-0.0076,""orientation_w"":0.7793,""orientation_x"":0.0054,""orientation_y"":0.0148,""orientation_z"":-0.6265,""yaw_rate_radps"":-0.3847}"
5013,7833655519884,/autodrive/roboracer_1/imu,Imu,1789296578589383376,,"{""angular_velocity_x_radps"":0.0151,""angular_velocity_y_radps"":-0.002,""ax_mps2"":-0.02,""ay_mps2"":-0.9543,""az_mps2"":-0.0226,""orientation_w"":0.7763,""orientation_x"":0.0054,""orientation_y"":0.0147,""orientation_z"":-0.6302,""yaw_rate_radps"":-0.3847}"
5021,7833679456532,/autodrive/roboracer_1/imu,Imu,1789296578613603307,,"{""angular_velocity_x_radps"":0.0147,""angular_velocity_y_radps"":-0.0014,""ax_mps2"":-0.0203,""ay_mps2"":-0.9553,""az_mps2"":-0.0253,""orientation_w"":0.7733,""orientation_x"":0.0055,""orientation_y"":0.0145,""orientation_z"":-0.6338,""yaw_rate_radps"":-0.3847}"
5030,7833704298523,/autodrive/roboracer_1/imu,Imu,1789296578638521752,,"{""angular_velocity_x_radps"":0.0142,""angular_velocity_y_radps"":-0.0009,""ax_mps2"":-0.0198,""ay_mps2"":-0.9537,""az_mps2"":0.0027,""orientation_w"":0.7703,""orientation_x"":0.0055,""orientation_y"":0.0145,""orientation_z"":-0.6375,""yaw_rate_radps"":-0.3847}"
5040,7833730549644,/autodrive/roboracer_1/imu,Imu,1789296578664428044,,"{""angular_velocity_x_radps"":0.0139,""angular_velocity_y_radps"":-0.0003,""ax_mps2"":-0.0207,""ay_mps2"":-0.9566,""az_mps2"":-0.0063,""orientation_w"":0.7671,""orientation_x"":0.0056,""orientation_y"":0.0144,""orientation_z"":-0.6414,""yaw_rate_radps"":-0.3848}"
5048,7833755795284,/autodrive/roboracer_1/imu,Imu,1789296578689056934,,"{""angular_velocity_x_radps"":0.0136,""angular_velocity_y_radps"":0.0001,""ax_mps2"":-0.0206,""ay_mps2"":-0.9559,""az_mps2"":-0.0113,""orientation_w"":0.764,""orientation_x"":0.0057,""orientation_y"":0.0143,""orientation_z"":-0.6451,""yaw_rate_radps"":-0.3848}"
5058,7833780502511,/autodrive/roboracer_1/imu,Imu,1789296578713800079,,"{""angular_velocity_x_radps"":0.0133,""angular_velocity_y_radps"":0.0005,""ax_mps2"":-0.0211,""ay_mps2"":-0.9582,""az_mps2"":0.0028,""orientation_w"":0.7609,""orientation_x"":0.0057,""orientation_y"":0.0142,""orientation_z"":-0.6487,""yaw_rate_radps"":-0.3848}"
5066,7833805651149,/autodrive/roboracer_1/imu,Imu,1789296578739011495,,"{""angular_velocity_x_radps"":0.013,""angular_velocity_y_radps"":0.0009,""ax_mps2"":-0.0212,""ay_mps2"":-0.9581,""az_mps2"":-0.008,""orientation_w"":0.7577,""orientation_x"":0.0058,""orientation_y"":0.0141,""orientation_z"":-0.6524,""yaw_rate_radps"":-0.3848}"
5075,7833829588769,/autodrive/roboracer_1/imu,Imu,1789296578763537832,,"{""angular_velocity_x_radps"":0.0127,""angular_velocity_y_radps"":0.0012,""ax_mps2"":-0.0217,""ay_mps2"":-0.9545,""az_mps2"":-0.017,""orientation_w"":0.7547,""orientation_x"":0.0059,""orientation_y"":0.0141,""orientation_z"":-0.6559,""yaw_rate_radps"":-0.3848}"
5085,7833854470334,/autodrive/roboracer_1/imu,Imu,1789296578788654139,,"{""angular_velocity_x_radps"":0.0126,""angular_velocity_y_radps"":0.0015,""ax_mps2"":-0.0213,""ay_mps2"":-0.9555,""az_mps2"":-0.0043,""orientation_w"":0.7516,""orientation_x"":0.0059,""orientation_y"":0.014,""orientation_z"":-0.6595,""yaw_rate_radps"":-0.3848}"
5094,7833880842473,/autodrive/roboracer_1/imu,Imu,1789296578814466375,,"{""angular_velocity_x_radps"":0.0124,""angular_velocity_y_radps"":0.0017,""ax_mps2"":-0.0217,""ay_mps2"":-0.9547,""az_mps2"":-0.0068,""orientation_w"":0.7482,""orientation_x"":0.006,""orientation_y"":0.0139,""orientation_z"":-0.6633,""yaw_rate_radps"":-0.3848}"
5103,7833905610835,/autodrive/roboracer_1/imu,Imu,1789296578839426358,,"{""angular_velocity_x_radps"":0.0122,""angular_velocity_y_radps"":0.002,""ax_mps2"":-0.0219,""ay_mps2"":-0.9599,""az_mps2"":-0.0162,""orientation_w"":0.745,""orientation_x"":0.0061,""orientation_y"":0.0139,""orientation_z"":-0.6668,""yaw_rate_radps"":-0.3848}"
5111,7833929575206,/autodrive/roboracer_1/imu,Imu,1789296578863519220,,"{""angular_velocity_x_radps"":0.0121,""angular_velocity_y_radps"":0.0021,""ax_mps2"":-0.0218,""ay_mps2"":-0.956,""az_mps2"":-0.0154,""orientation_w"":0.742,""orientation_x"":0.0061,""orientation_y"":0.0138,""orientation_z"":-0.6703,""yaw_rate_radps"":-0.3848}"
5120,7833955591726,/autodrive/roboracer_1/imu,Imu,1789296578889152399,,"{""angular_velocity_x_radps"":0.012,""angular_velocity_y_radps"":0.0022,""ax_mps2"":-0.0215,""ay_mps2"":-0.9553,""az_mps2"":0.0138,""orientation_w"":0.7386,""orientation_x"":0.0062,""orientation_y"":0.0138,""orientation_z"":-0.674,""yaw_rate_radps"":-0.3848}"
5130,7833979421864,/autodrive/roboracer_1/imu,Imu,1789296578913567086,,"{""angular_velocity_x_radps"":0.0119,""angular_velocity_y_radps"":0.0025,""ax_mps2"":-0.0222,""ay_mps2"":-0.9566,""az_mps2"":-0.0253,""orientation_w"":0.7355,""orientation_x"":0.0062,""orientation_y"":0.0137,""orientation_z"":-0.6774,""yaw_rate_radps"":-0.3848}"
5139,7834005462980,/autodrive/roboracer_1/imu,Imu,1789296578939334788,,"{""angular_velocity_x_radps"":0.0118,""angular_velocity_y_radps"":0.0026,""ax_mps2"":-0.0224,""ay_mps2"":-0.9539,""az_mps2"":-0.0366,""orientation_w"":0.7321,""orientation_x"":0.0063,""orientation_y"":0.0137,""orientation_z"":-0.6811,""yaw_rate_radps"":-0.3848}"
5147,7834030493315,/autodrive/roboracer_1/imu,Imu,1789296578964409977,,"{""angular_velocity_x_radps"":0.0116,""angular_velocity_y_radps"":0.0027,""ax_mps2"":-0.0218,""ay_mps2"":-0.9536,""az_mps2"":-0.0186,""orientation_w"":0.7288,""orientation_x"":0.0064,""orientation_y"":0.0136,""orientation_z"":-0.6846,""yaw_rate_radps"":-0.3848}"
5157,7834054413091,/autodrive/roboracer_1/imu,Imu,1789296578988677027,,"{""angular_velocity_x_radps"":0.0115,""angular_velocity_y_radps"":0.0028,""ax_mps2"":-0.0219,""ay_mps2"":-0.9568,""az_mps2"":0.0016,""orientation_w"":0.7256,""orientation_x"":0.0064,""orientation_y"":0.0136,""orientation_z"":-0.6879,""yaw_rate_radps"":-0.3848}"
5165,7834080540149,/autodrive/roboracer_1/imu,Imu,1789296579014326637,,"{""angular_velocity_x_radps"":0.0115,""angular_velocity_y_radps"":0.0029,""ax_mps2"":-0.0227,""ay_mps2"":-0.9552,""az_mps2"":-0.0245,""orientation_w"":0.7222,""orientation_x"":0.0065,""orientation_y"":0.0135,""orientation_z"":-0.6916,""yaw_rate_radps"":-0.3848}"
5175,7834105526872,/autodrive/roboracer_1/imu,Imu,1789296579038860198,,"{""angular_velocity_x_radps"":0.0114,""angular_velocity_y_radps"":0.003,""ax_mps2"":-0.0222,""ay_mps2"":-0.9553,""az_mps2"":-0.0206,""orientation_w"":0.7188,""orientation_x"":0.0066,""orientation_y"":0.0135,""orientation_z"":-0.695,""yaw_rate_radps"":-0.3848}"
5182,7834131076704,/autodrive/roboracer_1/imu,Imu,1789296579063987575,,"{""angular_velocity_x_radps"":0.0114,""angular_velocity_y_radps"":0.003,""ax_mps2"":-0.0218,""ay_mps2"":-0.9553,""az_mps2"":-0.0133,""orientation_w"":0.7155,""orientation_x"":0.0066,""orientation_y"":0.0135,""orientation_z"":-0.6985,""yaw_rate_radps"":-0.3848}"
5193,7834154642074,/autodrive/roboracer_1/imu,Imu,1789296579088510726,,"{""angular_velocity_x_radps"":0.0113,""angular_velocity_y_radps"":0.0031,""ax_mps2"":-0.0221,""ay_mps2"":-0.9579,""az_mps2"":-0.0026,""orientation_w"":0.7122,""orientation_x"":0.0067,""orientation_y"":0.0134,""orientation_z"":-0.7018,""yaw_rate_radps"":-0.3848}"
5201,7834180374610,/autodrive/roboracer_1/imu,Imu,1789296579113787976,,"{""angular_velocity_x_radps"":0.0113,""angular_velocity_y_radps"":0.0032,""ax_mps2"":-0.0224,""ay_mps2"":-0.9543,""az_mps2"":-0.0311,""orientation_w"":0.7087,""orientation_x"":0.0068,""orientation_y"":0.0134,""orientation_z"":-0.7053,""yaw_rate_radps"":-0.3848}"
5211,7834205502779,/autodrive/roboracer_1/imu,Imu,1789296579139446462,,"{""angular_velocity_x_radps"":0.0113,""angular_velocity_y_radps"":0.0032,""ax_mps2"":-0.0223,""ay_mps2"":-0.9569,""az_mps2"":-0.0132,""orientation_w"":0.7053,""orientation_x"":0.0068,""orientation_y"":0.0133,""orientation_z"":-0.7087,""yaw_rate_radps"":-0.3848}"
5219,7834231483802,/autodrive/roboracer_1/imu,Imu,1789296579164364616,,"{""angular_velocity_x_radps"":0.0112,""angular_velocity_y_radps"":0.0032,""ax_mps2"":-0.0224,""ay_mps2"":-0.9569,""az_mps2"":-0.0065,""orientation_w"":0.7019,""orientation_x"":0.0069,""orientation_y"":0.0133,""orientation_z"":-0.7121,""yaw_rate_radps"":-0.3848}"
5229,7834254625876,/autodrive/roboracer_1/imu,Imu,1789296579188626597,,"{""angular_velocity_x_radps"":0.0112,""angular_velocity_y_radps"":0.0033,""ax_mps2"":-0.0224,""ay_mps2"":-0.9571,""az_mps2"":-0.0144,""orientation_w"":0.6986,""orientation_x"":0.0069,""orientation_y"":0.0133,""orientation_z"":-0.7154,""yaw_rate_radps"":-0.3848}"
5237,7834279446888,/autodrive/roboracer_1/imu,Imu,1789296579213714189,,"{""angular_velocity_x_radps"":0.0111,""angular_velocity_y_radps"":0.0034,""ax_mps2"":-0.0228,""ay_mps2"":-0.9516,""az_mps2"":-0.0428,""orientation_w"":0.6952,""orientation_x"":0.007,""orientation_y"":0.0132,""orientation_z"":-0.7187,""yaw_rate_radps"":-0.3848}"
5247,7834304433030,/autodrive/roboracer_1/imu,Imu,1789296579238571960,,"{""angular_velocity_x_radps"":0.0111,""angular_velocity_y_radps"":0.0033,""ax_mps2"":-0.0223,""ay_mps2"":-0.9574,""az_mps2"":0.0086,""orientation_w"":0.6917,""orientation_x"":0.0071,""orientation_y"":0.0132,""orientation_z"":-0.722,""yaw_rate_radps"":-0.3848}"
5256,7834330481950,/autodrive/roboracer_1/imu,Imu,1789296579264448657,,"{""angular_velocity_x_radps"":0.0111,""angular_velocity_y_radps"":0.0034,""ax_mps2"":-0.0222,""ay_mps2"":-0.9608,""az_mps2"":0.0064,""orientation_w"":0.6881,""orientation_x"":0.0071,""orientation_y"":0.0132,""orientation_z"":-0.7255,""yaw_rate_radps"":-0.3848}"
5264,7834355303443,/autodrive/roboracer_1/imu,Imu,1789296579289392459,,"{""angular_velocity_x_radps"":0.0111,""angular_velocity_y_radps"":0.0033,""ax_mps2"":-0.0224,""ay_mps2"":-0.9555,""az_mps2"":-0.0168,""orientation_w"":0.6846,""orientation_x"":0.0072,""orientation_y"":0.0131,""orientation_z"":-0.7288,""yaw_rate_radps"":-0.3848}"
5273,7834380602563,/autodrive/roboracer_1/imu,Imu,1789296579314454264,,"{""angular_velocity_x_radps"":0.0111,""angular_velocity_y_radps"":0.0034,""ax_mps2"":-0.0219,""ay_mps2"":-0.9604,""az_mps2"":0.0042,""orientation_w"":0.6811,""orientation_x"":0.0073,""orientation_y"":0.0131,""orientation_z"":-0.7321,""yaw_rate_radps"":-0.3848}"
5282,7834404624742,/autodrive/roboracer_1/imu,Imu,1789296579338747082,,"{""angular_velocity_x_radps"":0.0111,""angular_velocity_y_radps"":0.0034,""ax_mps2"":-0.0223,""ay_mps2"":-0.9555,""az_mps2"":-0.0121,""orientation_w"":0.6777,""orientation_x"":0.0073,""orientation_y"":0.013,""orientation_z"":-0.7352,""yaw_rate_radps"":-0.3848}"
5292,7834429527688,/autodrive/roboracer_1/imu,Imu,1789296579363582500,,"{""angular_velocity_x_radps"":0.011,""angular_velocity_y_radps"":0.0035,""ax_mps2"":-0.022,""ay_mps2"":-0.9585,""az_mps2"":-0.0019,""orientation_w"":0.6741,""orientation_x"":0.0074,""orientation_y"":0.013,""orientation_z"":-0.7385,""yaw_rate_radps"":-0.3848}"
5300,7834454316138,/autodrive/roboracer_1/imu,Imu,1789296579388454237,,"{""angular_velocity_x_radps"":0.011,""angular_velocity_y_radps"":0.0035,""ax_mps2"":-0.0218,""ay_mps2"":-0.9563,""az_mps2"":0.0048,""orientation_w"":0.6706,""orientation_x"":0.0074,""orientation_y"":0.013,""orientation_z"":-0.7417,""yaw_rate_radps"":-0.3848}"
5309,7834480289848,/autodrive/roboracer_1/imu,Imu,1789296579414366301,,"{""angular_velocity_x_radps"":0.011,""angular_velocity_y_radps"":0.0034,""ax_mps2"":-0.0225,""ay_mps2"":-0.9564,""az_mps2"":-0.0129,""orientation_w"":0.6668,""orientation_x"":0.0075,""orientation_y"":0.0129,""orientation_z"":-0.7451,""yaw_rate_radps"":-0.3848}"
5319,7834505384924,/autodrive/roboracer_1/imu,Imu,1789296579439155552,,"{""angular_velocity_x_radps"":0.1666,""angular_velocity_y_radps"":-0.0013,""ax_mps2"":-0.1201,""ay_mps2"":3.7122,""az_mps2"":0.0003,""orientation_w"":0.6655,""orientation_x"":0.0084,""orientation_y"":0.0119,""orientation_z"":-0.7463,""yaw_rate_radps"":0.1373}"
5328,7834529560201,/autodrive/roboracer_1/imu,Imu,1789296579463541225,,"{""angular_velocity_x_radps"":0.1988,""angular_velocity_y_radps"":0.006,""ax_mps2"":-0.6031,""ay_mps2"":5.1516,""az_mps2"":-0.0236,""orientation_w"":0.6693,""orientation_x"":0.01,""orientation_y"":0.0102,""orientation_z"":-0.7428,""yaw_rate_radps"":0.6988}"
5336,7834554643817,/autodrive/roboracer_1/imu,Imu,1789296579488572392,,"{""angular_velocity_x_radps"":0.0932,""angular_velocity_y_radps"":0.0072,""ax_mps2"":-0.1841,""ay_mps2"":2.6982,""az_mps2"":-0.0366,""orientation_w"":0.6777,""orientation_x"":0.0115,""orientation_y"":0.0087,""orientation_z"":-0.7352,""yaw_rate_radps"":0.966}"
5345,7834579532335,/autodrive/roboracer_1/imu,Imu,1789296579513685282,,"{""angular_velocity_x_radps"":0.0578,""angular_velocity_y_radps"":0.0056,""ax_mps2"":-0.1256,""ay_mps2"":2.4207,""az_mps2"":-0.0297,""orientation_w"":0.6865,""orientation_x"":0.0123,""orientation_y"":0.008,""orientation_z"":-0.727,""yaw_rate_radps"":0.9643}"
5355,7834604933448,/autodrive/roboracer_1/imu,Imu,1789296579538529237,,"{""angular_velocity_x_radps"":0.0468,""angular_velocity_y_radps"":0.0073,""ax_mps2"":-0.1269,""ay_mps2"":2.4025,""az_mps2"":-0.0344,""orientation_w"":0.6952,""orientation_x"":0.0129,""orientation_y"":0.0074,""orientation_z"":-0.7187,""yaw_rate_radps"":0.964}"
5364,7834630641437,/autodrive/roboracer_1/imu,Imu,1789296579563740622,,"{""angular_velocity_x_radps"":0.0382,""angular_velocity_y_radps"":0.0092,""ax_mps2"":-0.128,""ay_mps2"":2.3989,""az_mps2"":-0.0257,""orientation_w"":0.7041,""orientation_x"":0.0134,""orientation_y"":0.0069,""orientation_z"":-0.7099,""yaw_rate_radps"":0.9638}"
5372,7834655582124,/autodrive/roboracer_1/imu,Imu,1789296579589220503,,"{""angular_velocity_x_radps"":0.0308,""angular_velocity_y_radps"":0.0109,""ax_mps2"":-0.1305,""ay_mps2"":2.3947,""az_mps2"":-0.0327,""orientation_w"":0.7126,""orientation_x"":0.0139,""orientation_y"":0.0065,""orientation_z"":-0.7014,""yaw_rate_radps"":0.9636}"
5382,7834680657934,/autodrive/roboracer_1/imu,Imu,1789296579614266387,,"{""angular_velocity_x_radps"":0.0242,""angular_velocity_y_radps"":0.0124,""ax_mps2"":-0.132,""ay_mps2"":2.3935,""az_mps2"":-0.0374,""orientation_w"":0.721,""orientation_x"":0.0143,""orientation_y"":0.0062,""orientation_z"":-0.6927,""yaw_rate_radps"":0.9634}"
5391,7834704894897,/autodrive/roboracer_1/imu,Imu,1789296579638564746,,"{""angular_velocity_x_radps"":0.0187,""angular_velocity_y_radps"":0.0136,""ax_mps2"":-0.133,""ay_mps2"":2.3934,""az_mps2"":-0.03,""orientation_w"":0.729,""orientation_x"":0.0147,""orientation_y"":0.006,""orientation_z"":-0.6844,""yaw_rate_radps"":0.9632}"
5399,7834730657951,/autodrive/roboracer_1/imu,Imu,1789296579663706180,,"{""angular_velocity_x_radps"":0.0133,""angular_velocity_y_radps"":0.0147,""ax_mps2"":-0.1343,""ay_mps2"":2.3909,""az_mps2"":-0.0394,""orientation_w"":0.7375,""orientation_x"":0.015,""orientation_y"":0.0058,""orientation_z"":-0.6752,""yaw_rate_radps"":0.9631}"
5408,7834755403921,/autodrive/roboracer_1/imu,Imu,1789296579688895193,,"{""angular_velocity_x_radps"":0.0087,""angular_velocity_y_radps"":0.0156,""ax_mps2"":-0.135,""ay_mps2"":2.3865,""az_mps2"":-0.0486,""orientation_w"":0.7455,""orientation_x"":0.0153,""orientation_y"":0.0057,""orientation_z"":-0.6663,""yaw_rate_radps"":0.9629}"
5417,7834780658788,/autodrive/roboracer_1/imu,Imu,1789296579714437501,,"{""angular_velocity_x_radps"":0.0046,""angular_velocity_y_radps"":0.0165,""ax_mps2"":-0.1366,""ay_mps2"":2.3832,""az_mps2"":-0.0627,""orientation_w"":0.7535,""orientation_x"":0.0156,""orientation_y"":0.0056,""orientation_z"":-0.6572,""yaw_rate_radps"":0.9628}"
5426,7834806033361,/autodrive/roboracer_1/imu,Imu,1789296579738866185,,"{""angular_velocity_x_radps"":0.001,""angular_velocity_y_radps"":0.0172,""ax_mps2"":-0.1359,""ay_mps2"":2.3887,""az_mps2"":-0.0214,""orientation_w"":0.7614,""orientation_x"":0.0158,""orientation_y"":0.0055,""orientation_z"":-0.6481,""yaw_rate_radps"":0.9627}"
5435,7834830461423,/autodrive/roboracer_1/imu,Imu,1789296579764255635,,"{""angular_velocity_x_radps"":-0.0023,""angular_velocity_y_radps"":0.0179,""ax_mps2"":-0.1373,""ay_mps2"":2.383,""az_mps2"":-0.0616,""orientation_w"":0.7691,""orientation_x"":0.016,""orientation_y"":0.0055,""orientation_z"":-0.6389,""yaw_rate_radps"":0.9626}"
5444,7834854435582,/autodrive/roboracer_1/imu,Imu,1789296579788580864,,"{""angular_velocity_x_radps"":-0.0051,""angular_velocity_y_radps"":0.0184,""ax_mps2"":-0.1379,""ay_mps2"":2.3846,""az_mps2"":-0.0495,""orientation_w"":0.7764,""orientation_x"":0.0162,""orientation_y"":0.0055,""orientation_z"":-0.63,""yaw_rate_radps"":0.9625}"
5454,7834879437644,/autodrive/roboracer_1/imu,Imu,1789296579813669890,,"{""angular_velocity_x_radps"":-0.0076,""angular_velocity_y_radps"":0.0189,""ax_mps2"":-0.1379,""ay_mps2"":2.3814,""az_mps2"":-0.0581,""orientation_w"":0.7839,""orientation_x"":0.0163,""orientation_y"":0.0056,""orientation_z"":-0.6206,""yaw_rate_radps"":0.9624}"
5463,7834906344398,/autodrive/roboracer_1/imu,Imu,1789296579839420550,,"{""angular_velocity_x_radps"":-0.01,""angular_velocity_y_radps"":0.0193,""ax_mps2"":-0.1385,""ay_mps2"":2.3791,""az_mps2"":-0.0733,""orientation_w"":0.7916,""orientation_x"":0.0164,""orientation_y"":0.0056,""orientation_z"":-0.6107,""yaw_rate_radps"":0.9624}"
5471,7834930553118,/autodrive/roboracer_1/imu,Imu,1789296579864431528,,"{""angular_velocity_x_radps"":-0.012,""angular_velocity_y_radps"":0.0197,""ax_mps2"":-0.1383,""ay_mps2"":2.3836,""az_mps2"":-0.0508,""orientation_w"":0.7989,""orientation_x"":0.0166,""orientation_y"":0.0057,""orientation_z"":-0.6012,""yaw_rate_radps"":0.9623}"
5480,7834954651310,/autodrive/roboracer_1/imu,Imu,1789296579888624489,,"{""angular_velocity_x_radps"":-0.0138,""angular_velocity_y_radps"":0.02,""ax_mps2"":-0.1395,""ay_mps2"":2.3798,""az_mps2"":-0.0748,""orientation_w"":0.8058,""orientation_x"":0.0166,""orientation_y"":0.0058,""orientation_z"":-0.5919,""yaw_rate_radps"":0.9623}"
5490,7834980737691,/autodrive/roboracer_1/imu,Imu,1789296579914457423,,"{""angular_velocity_x_radps"":-0.0153,""angular_velocity_y_radps"":0.0202,""ax_mps2"":-0.1376,""ay_mps2"":2.3814,""az_mps2"":-0.038,""orientation_w"":0.8132,""orientation_x"":0.0167,""orientation_y"":0.0059,""orientation_z"":-0.5818,""yaw_rate_radps"":0.9622}"
5498,7835005424080,/autodrive/roboracer_1/imu,Imu,1789296579938765741,,"{""angular_velocity_x_radps"":-0.0168,""angular_velocity_y_radps"":0.0205,""ax_mps2"":-0.14,""ay_mps2"":2.3779,""az_mps2"":-0.084,""orientation_w"":0.8201,""orientation_x"":0.0168,""orientation_y"":0.006,""orientation_z"":-0.5719,""yaw_rate_radps"":0.9622}"
5508,7835029314130,/autodrive/roboracer_1/imu,Imu,1789296579963624012,,"{""angular_velocity_x_radps"":-0.018,""angular_velocity_y_radps"":0.0207,""ax_mps2"":-0.1393,""ay_mps2"":2.3776,""az_mps2"":-0.0691,""orientation_w"":0.8267,""orientation_x"":0.0168,""orientation_y"":0.0062,""orientation_z"":-0.5624,""yaw_rate_radps"":0.9621}"
5517,7835058818680,/autodrive/roboracer_1/imu,Imu,1789296579989295433,,"{""angular_velocity_x_radps"":-0.0192,""angular_velocity_y_radps"":0.0209,""ax_mps2"":-0.1407,""ay_mps2"":2.3757,""az_mps2"":-0.0978,""orientation_w"":0.8336,""orientation_x"":0.0168,""orientation_y"":0.0063,""orientation_z"":-0.552,""yaw_rate_radps"":0.9621}"
5526,7835079455943,/autodrive/roboracer_1/imu,Imu,1789296580013813855,,"{""angular_velocity_x_radps"":-0.0202,""angular_velocity_y_radps"":0.021,""ax_mps2"":-0.1394,""ay_mps2"":2.3809,""az_mps2"":-0.0592,""orientation_w"":0.8399,""orientation_x"":0.0168,""orientation_y"":0.0065,""orientation_z"":-0.5424,""yaw_rate_radps"":0.9621}"
5534,7835105765744,/autodrive/roboracer_1/imu,Imu,1789296580038903402,,"{""angular_velocity_x_radps"":-0.021,""angular_velocity_y_radps"":0.0211,""ax_mps2"":-0.1402,""ay_mps2"":2.3751,""az_mps2"":-0.0771,""orientation_w"":0.8467,""orientation_x"":0.0168,""orientation_y"":0.0066,""orientation_z"":-0.5318,""yaw_rate_radps"":0.962}"
5544,7835130647630,/autodrive/roboracer_1/imu,Imu,1789296580063938546,,"{""angular_velocity_x_radps"":-0.0219,""angular_velocity_y_radps"":0.0213,""ax_mps2"":-0.1401,""ay_mps2"":2.3793,""az_mps2"":-0.0617,""orientation_w"":0.853,""orientation_x"":0.0168,""orientation_y"":0.0068,""orientation_z"":-0.5216,""yaw_rate_radps"":0.962}"
5552,7835155393200,/autodrive/roboracer_1/imu,Imu,1789296580089458302,,"{""angular_velocity_x_radps"":-0.0225,""angular_velocity_y_radps"":0.0215,""ax_mps2"":-0.1391,""ay_mps2"":2.3798,""az_mps2"":-0.0547,""orientation_w"":0.8592,""orientation_x"":0.0168,""orientation_y"":0.007,""orientation_z"":-0.5113,""yaw_rate_radps"":0.962}"
5561,7835179618461,/autodrive/roboracer_1/imu,Imu,1789296580113610455,,"{""angular_velocity_x_radps"":-0.0232,""angular_velocity_y_radps"":0.0215,""ax_mps2"":-0.1406,""ay_mps2"":2.3749,""az_mps2"":-0.0823,""orientation_w"":0.8651,""orientation_x"":0.0168,""orientation_y"":0.0071,""orientation_z"":-0.5013,""yaw_rate_radps"":0.962}"
5571,7835205618199,/autodrive/roboracer_1/imu,Imu,1789296580138964779,,"{""angular_velocity_x_radps"":-0.0237,""angular_velocity_y_radps"":0.0216,""ax_mps2"":-0.1397,""ay_mps2"":2.3792,""az_mps2"":-0.0449,""orientation_w"":0.8713,""orientation_x"":0.0168,""orientation_y"":0.0073,""orientation_z"":-0.4905,""yaw_rate_radps"":0.9619}"
5582,7835230880501,/autodrive/roboracer_1/imu,Imu,1789296580163522897,,"{""angular_velocity_x_radps"":-0.0242,""angular_velocity_y_radps"":0.0217,""ax_mps2"":-0.1401,""ay_mps2"":2.3768,""az_mps2"":-0.0754,""orientation_w"":0.8769,""orientation_x"":0.0167,""orientation_y"":0.0075,""orientation_z"":-0.4804,""yaw_rate_radps"":0.9619}"
5588,7835255344250,/autodrive/roboracer_1/imu,Imu,1789296580188993930,,"{""angular_velocity_x_radps"":-0.0246,""angular_velocity_y_radps"":0.0217,""ax_mps2"":-0.1396,""ay_mps2"":2.3788,""az_mps2"":-0.0531,""orientation_w"":0.8828,""orientation_x"":0.0167,""orientation_y"":0.0077,""orientation_z"":-0.4694,""yaw_rate_radps"":0.9619}"
5598,7835279685920,/autodrive/roboracer_1/imu,Imu,1789296580213556175,,"{""angular_velocity_x_radps"":-0.025,""angular_velocity_y_radps"":0.0217,""ax_mps2"":-0.1395,""ay_mps2"":2.3775,""az_mps2"":-0.048,""orientation_w"":0.8882,""orientation_x"":0.0166,""orientation_y"":0.0078,""orientation_z"":-0.4591,""yaw_rate_radps"":0.9619}"
5606,7835304502173,/autodrive/roboracer_1/imu,Imu,1789296580238665870,,"{""angular_velocity_x_radps"":-0.0254,""angular_velocity_y_radps"":0.0218,""ax_mps2"":-0.1398,""ay_mps2"":2.3783,""az_mps2"":-0.0586,""orientation_w"":0.8936,""orientation_x"":0.0166,""orientation_y"":0.008,""orientation_z"":-0.4484,""yaw_rate_radps"":0.9619}"
5616,7835329620704,/autodrive/roboracer_1/imu,Imu,1789296580263574756,,"{""angular_velocity_x_radps"":-0.0257,""angular_velocity_y_radps"":0.0219,""ax_mps2"":-0.1401,""ay_mps2"":2.3754,""az_mps2"":-0.0656,""orientation_w"":0.899,""orientation_x"":0.0165,""orientation_y"":0.0082,""orientation_z"":-0.4376,""yaw_rate_radps"":0.9619}"
5623,7835356830027,/autodrive/roboracer_1/imu,Imu,1789296580288798104,,"{""angular_velocity_x_radps"":-0.026,""angular_velocity_y_radps"":0.022,""ax_mps2"":-0.1402,""ay_mps2"":2.3777,""az_mps2"":-0.0676,""orientation_w"":0.9044,""orientation_x"":0.0164,""orientation_y"":0.0084,""orientation_z"":-0.4264,""yaw_rate_radps"":0.9619}"
5634,7835379818552,/autodrive/roboracer_1/imu,Imu,1789296580313543664,,"{""angular_velocity_x_radps"":-0.0263,""angular_velocity_y_radps"":0.022,""ax_mps2"":-0.1406,""ay_mps2"":2.3766,""az_mps2"":-0.0704,""orientation_w"":0.9092,""orientation_x"":0.0163,""orientation_y"":0.0086,""orientation_z"":-0.4159,""yaw_rate_radps"":0.9619}"
5642,7835405453364,/autodrive/roboracer_1/imu,Imu,1789296580338916323,,"{""angular_velocity_x_radps"":-0.0264,""angular_velocity_y_radps"":0.0219,""ax_mps2"":-0.1403,""ay_mps2"":2.3771,""az_mps2"":-0.0541,""orientation_w"":0.9144,""orientation_x"":0.0163,""orientation_y"":0.0088,""orientation_z"":-0.4045,""yaw_rate_radps"":0.9619}"
5651,7835430425449,/autodrive/roboracer_1/imu,Imu,1789296580364453080,,"{""angular_velocity_x_radps"":-0.0266,""angular_velocity_y_radps"":0.022,""ax_mps2"":-0.1405,""ay_mps2"":2.3772,""az_mps2"":-0.0744,""orientation_w"":0.9192,""orientation_x"":0.0162,""orientation_y"":0.009,""orientation_z"":-0.3934,""yaw_rate_radps"":0.9618}"
5661,7835454406521,/autodrive/roboracer_1/imu,Imu,1789296580388543728,,"{""angular_velocity_x_radps"":-0.0268,""angular_velocity_y_radps"":0.022,""ax_mps2"":-0.1401,""ay_mps2"":2.3766,""az_mps2"":-0.0571,""orientation_w"":0.9236,""orientation_x"":0.0161,""orientation_y"":0.0092,""orientation_z"":-0.3828,""yaw_rate_radps"":0.9618}"
5670,7835479704309,/autodrive/roboracer_1/imu,Imu,1789296580413727161,,"{""angular_velocity_x_radps"":-0.027,""angular_velocity_y_radps"":0.022,""ax_mps2"":-0.1408,""ay_mps2"":2.3744,""az_mps2"":-0.0853,""orientation_w"":0.9282,""orientation_x"":0.016,""orientation_y"":0.0094,""orientation_z"":-0.3717,""yaw_rate_radps"":0.9618}"
5678,7835505344381,/autodrive/roboracer_1/imu,Imu,1789296580439006425,,"{""angular_velocity_x_radps"":-0.0271,""angular_velocity_y_radps"":0.022,""ax_mps2"":-0.1403,""ay_mps2"":2.3756,""az_mps2"":-0.065,""orientation_w"":0.9328,""orientation_x"":0.0159,""orientation_y"":0.0095,""orientation_z"":-0.36,""yaw_rate_radps"":0.9618}"
5687,7835529446681,/autodrive/roboracer_1/imu,Imu,1789296580463536258,,"{""angular_velocity_x_radps"":-0.0272,""angular_velocity_y_radps"":0.022,""ax_mps2"":-0.1392,""ay_mps2"":2.3866,""az_mps2"":-0.0264,""orientation_w"":0.9369,""orientation_x"":0.0158,""orientation_y"":0.0097,""orientation_z"":-0.3492,""yaw_rate_radps"":0.9618}"
5697,7835555569721,/autodrive/roboracer_1/imu,Imu,1789296580488809510,,"{""angular_velocity_x_radps"":-0.0273,""angular_velocity_y_radps"":0.022,""ax_mps2"":-0.14,""ay_mps2"":2.3765,""az_mps2"":-0.051,""orientation_w"":0.9412,""orientation_x"":0.0157,""orientation_y"":0.0099,""orientation_z"":-0.3375,""yaw_rate_radps"":0.9618}"
5706,7835581717388,/autodrive/roboracer_1/imu,Imu,1789296580514397675,,"{""angular_velocity_x_radps"":-0.0274,""angular_velocity_y_radps"":0.0221,""ax_mps2"":-0.1405,""ay_mps2"":2.3769,""az_mps2"":-0.0619,""orientation_w"":0.9451,""orientation_x"":0.0156,""orientation_y"":0.0101,""orientation_z"":-0.3261,""yaw_rate_radps"":0.9618}"
5714,7835605688651,/autodrive/roboracer_1/imu,Imu,1789296580539125341,,"{""angular_velocity_x_radps"":-0.0275,""angular_velocity_y_radps"":0.022,""ax_mps2"":-0.1396,""ay_mps2"":2.3796,""az_mps2"":-0.0416,""orientation_w"":0.949,""orientation_x"":0.0154,""orientation_y"":0.0103,""orientation_z"":-0.3147,""yaw_rate_radps"":0.9618}"
5724,7835629337999,/autodrive/roboracer_1/imu,Imu,1789296580563658641,,"{""angular_velocity_x_radps"":-0.0276,""angular_velocity_y_radps"":0.0221,""ax_mps2"":-0.1406,""ay_mps2"":2.376,""az_mps2"":-0.0787,""orientation_w"":0.9526,""orientation_x"":0.0153,""orientation_y"":0.0105,""orientation_z"":-0.3037,""yaw_rate_radps"":0.9618}"
5733,7835655361331,/autodrive/roboracer_1/imu,Imu,1789296580589309713,,"{""angular_velocity_x_radps"":-0.0276,""angular_velocity_y_radps"":0.022,""ax_mps2"":-0.1403,""ay_mps2"":2.3782,""az_mps2"":-0.049,""orientation_w"":0.9563,""orientation_x"":0.0152,""orientation_y"":0.0107,""orientation_z"":-0.2918,""yaw_rate_radps"":0.9618}"
5741,7835680421923,/autodrive/roboracer_1/imu,Imu,1789296580614421812,,"{""angular_velocity_x_radps"":-0.0277,""angular_velocity_y_radps"":0.0221,""ax_mps2"":-0.14,""ay_mps2"":2.3768,""az_mps2"":-0.0517,""orientation_w"":0.9597,""orientation_x"":0.0151,""orientation_y"":0.0108,""orientation_z"":-0.2803,""yaw_rate_radps"":0.9618}"
5750,7835704422562,/autodrive/roboracer_1/imu,Imu,1789296580638537287,,"{""angular_velocity_x_radps"":-0.0277,""angular_velocity_y_radps"":0.022,""ax_mps2"":-0.1402,""ay_mps2"":2.3761,""az_mps2"":-0.0546,""orientation_w"":0.9629,""orientation_x"":0.015,""orientation_y"":0.011,""orientation_z"":-0.2692,""yaw_rate_radps"":0.9618}"
5760,7835730838723,/autodrive/roboracer_1/imu,Imu,1789296580664444782,,"{""angular_velocity_x_radps"":-0.0278,""angular_velocity_y_radps"":0.0221,""ax_mps2"":-0.1408,""ay_mps2"":2.372,""az_mps2"":-0.0832,""orientation_w"":0.9662,""orientation_x"":0.0148,""orientation_y"":0.0112,""orientation_z"":-0.2571,""yaw_rate_radps"":0.9618}"
5768,7835754657350,/autodrive/roboracer_1/imu,Imu,1789296580688744112,,"{""angular_velocity_x_radps"":-0.0278,""angular_velocity_y_radps"":0.0221,""ax_mps2"":-0.1403,""ay_mps2"":2.3752,""az_mps2"":-0.0641,""orientation_w"":0.9691,""orientation_x"":0.0147,""orientation_y"":0.0114,""orientation_z"":-0.2459,""yaw_rate_radps"":0.9618}"
5777,7835779771021,/autodrive/roboracer_1/imu,Imu,1789296580713536389,,"{""angular_velocity_x_radps"":-0.0279,""angular_velocity_y_radps"":0.022,""ax_mps2"":-0.1402,""ay_mps2"":2.377,""az_mps2"":-0.0634,""orientation_w"":0.972,""orientation_x"":0.0146,""orientation_y"":0.0115,""orientation_z"":-0.2343,""yaw_rate_radps"":0.9618}"
5787,7835804728409,/autodrive/roboracer_1/imu,Imu,1789296580738523864,,"{""angular_velocity_x_radps"":-0.0279,""angular_velocity_y_radps"":0.0221,""ax_mps2"":-0.1408,""ay_mps2"":2.3753,""az_mps2"":-0.0703,""orientation_w"":0.9747,""orientation_x"":0.0144,""orientation_y"":0.0117,""orientation_z"":-0.2225,""yaw_rate_radps"":0.9618}"
5795,7835829339426,/autodrive/roboracer_1/imu,Imu,1789296580763599735,,"{""angular_velocity_x_radps"":-0.0279,""angular_velocity_y_radps"":0.022,""ax_mps2"":-0.1405,""ay_mps2"":2.3757,""az_mps2"":-0.0639,""orientation_w"":0.9774,""orientation_x"":0.0143,""orientation_y"":0.0119,""orientation_z"":-0.2108,""yaw_rate_radps"":0.9618}"
5804,7835854467435,/autodrive/roboracer_1/imu,Imu,1789296580788581208,,"{""angular_velocity_x_radps"":-0.028,""angular_velocity_y_radps"":0.022,""ax_mps2"":-0.1401,""ay_mps2"":2.3765,""az_mps2"":-0.0691,""orientation_w"":0.9798,""orientation_x"":0.0141,""orientation_y"":0.0121,""orientation_z"":-0.199,""yaw_rate_radps"":0.9618}"
5814,7835879358548,/autodrive/roboracer_1/imu,Imu,1789296580813611212,,"{""angular_velocity_x_radps"":-0.0279,""angular_velocity_y_radps"":0.0221,""ax_mps2"":-0.14,""ay_mps2"":2.3789,""az_mps2"":-0.0516,""orientation_w"":0.9821,""orientation_x"":0.014,""orientation_y"":0.0122,""orientation_z"":-0.1872,""yaw_rate_radps"":0.9618}"
5823,7835904323400,/autodrive/roboracer_1/imu,Imu,1789296580838675431,,"{""angular_velocity_x_radps"":-0.028,""angular_velocity_y_radps"":0.0221,""ax_mps2"":-0.14,""ay_mps2"":2.3787,""az_mps2"":-0.0563,""orientation_w"":0.9843,""orientation_x"":0.0139,""orientation_y"":0.0124,""orientation_z"":-0.1754,""yaw_rate_radps"":0.9618}"
5831,7835929252855,/autodrive/roboracer_1/imu,Imu,1789296580863440447,,"{""angular_velocity_x_radps"":-0.028,""angular_velocity_y_radps"":0.022,""ax_mps2"":-0.1397,""ay_mps2"":2.38,""az_mps2"":-0.0437,""orientation_w"":0.9864,""orientation_x"":0.0137,""orientation_y"":0.0126,""orientation_z"":-0.1635,""yaw_rate_radps"":0.9618}"
5841,7835955554562,/autodrive/roboracer_1/imu,Imu,1789296580889428504,,"{""angular_velocity_x_radps"":-0.0281,""angular_velocity_y_radps"":0.0222,""ax_mps2"":-0.1402,""ay_mps2"":2.3765,""az_mps2"":-0.073,""orientation_w"":0.9883,""orientation_x"":0.0136,""orientation_y"":0.0127,""orientation_z"":-0.1512,""yaw_rate_radps"":0.9618}"
5850,7835979667812,/autodrive/roboracer_1/imu,Imu,1789296580913578293,,"{""angular_velocity_x_radps"":-0.0281,""angular_velocity_y_radps"":0.0221,""ax_mps2"":-0.1407,""ay_mps2"":2.3773,""az_mps2"":-0.0673,""orientation_w"":0.99,""orientation_x"":0.0134,""orientation_y"":0.0129,""orientation_z"":-0.1398,""yaw_rate_radps"":0.9618}"
5859,7836005384087,/autodrive/roboracer_1/imu,Imu,1789296580939438448,,"{""angular_velocity_x_radps"":-0.0281,""angular_velocity_y_radps"":0.0221,""ax_mps2"":-0.1404,""ay_mps2"":2.3766,""az_mps2"":-0.0645,""orientation_w"":0.9917,""orientation_x"":0.0132,""orientation_y"":0.0131,""orientation_z"":-0.1274,""yaw_rate_radps"":0.9618}"
5868,7836031102567,/autodrive/roboracer_1/imu,Imu,1789296580964385788,,"{""angular_velocity_x_radps"":-0.0281,""angular_velocity_y_radps"":0.022,""ax_mps2"":-0.1402,""ay_mps2"":2.3764,""az_mps2"":-0.0565,""orientation_w"":0.9931,""orientation_x"":0.0131,""orientation_y"":0.0132,""orientation_z"":-0.1154,""yaw_rate_radps"":0.9618}"
5876,7836055401216,/autodrive/roboracer_1/imu,Imu,1789296580989376739,,"{""angular_velocity_x_radps"":-0.0281,""angular_velocity_y_radps"":0.0221,""ax_mps2"":-0.1407,""ay_mps2"":2.3749,""az_mps2"":-0.0718,""orientation_w"":0.9945,""orientation_x"":0.0129,""orientation_y"":0.0134,""orientation_z"":-0.1035,""yaw_rate_radps"":0.9618}"
5885,7836079389170,/autodrive/roboracer_1/imu,Imu,1789296581013671390,,"{""angular_velocity_x_radps"":-0.0281,""angular_velocity_y_radps"":0.022,""ax_mps2"":-0.1402,""ay_mps2"":2.3789,""az_mps2"":-0.0497,""orientation_w"":0.9956,""orientation_x"":0.0128,""orientation_y"":0.0135,""orientation_z"":-0.092,""yaw_rate_radps"":0.9618}"
5894,7836104331490,/autodrive/roboracer_1/imu,Imu,1789296581038576911,,"{""angular_velocity_x_radps"":-0.0281,""angular_velocity_y_radps"":0.0221,""ax_mps2"":-0.1399,""ay_mps2"":2.3759,""az_mps2"":-0.0601,""orientation_w"":0.9966,""orientation_x"":0.0126,""orientation_y"":0.0137,""orientation_z"":-0.08,""yaw_rate_radps"":0.9618}"
5904,7836130582691,/autodrive/roboracer_1/imu,Imu,1789296581063987932,,"{""angular_velocity_x_radps"":-0.0281,""angular_velocity_y_radps"":0.0221,""ax_mps2"":-0.1402,""ay_mps2"":2.3757,""az_mps2"":-0.0682,""orientation_w"":0.9975,""orientation_x"":0.0124,""orientation_y"":0.0138,""orientation_z"":-0.0675,""yaw_rate_radps"":0.9618}"
5913,7836155440612,/autodrive/roboracer_1/imu,Imu,1789296581089283836,,"{""angular_velocity_x_radps"":-0.0281,""angular_velocity_y_radps"":0.0221,""ax_mps2"":-0.14,""ay_mps2"":2.3782,""az_mps2"":-0.0505,""orientation_w"":0.9983,""orientation_x"":0.0123,""orientation_y"":0.014,""orientation_z"":-0.0555,""yaw_rate_radps"":0.9618}"
5921,7836180396327,/autodrive/roboracer_1/imu,Imu,1789296581114041458,,"{""angular_velocity_x_radps"":-0.0282,""angular_velocity_y_radps"":0.022,""ax_mps2"":-0.1412,""ay_mps2"":2.371,""az_mps2"":-0.0967,""orientation_w"":0.9989,""orientation_x"":0.0121,""orientation_y"":0.0141,""orientation_z"":-0.0435,""yaw_rate_radps"":0.9618}"
5930,7836205223660,/autodrive/roboracer_1/imu,Imu,1789296581138826252,,"{""angular_velocity_x_radps"":-0.0282,""angular_velocity_y_radps"":0.0221,""ax_mps2"":-0.1409,""ay_mps2"":2.3724,""az_mps2"":-0.0931,""orientation_w"":0.9993,""orientation_x"":0.0119,""orientation_y"":0.0143,""orientation_z"":-0.0315,""yaw_rate_radps"":0.9618}"
5940,7836230358522,/autodrive/roboracer_1/imu,Imu,1789296581163901071,,"{""angular_velocity_x_radps"":-0.0281,""angular_velocity_y_radps"":0.0221,""ax_mps2"":-0.1396,""ay_mps2"":2.3802,""az_mps2"":-0.0345,""orientation_w"":0.9996,""orientation_x"":0.0118,""orientation_y"":0.0144,""orientation_z"":-0.0195,""yaw_rate_radps"":0.9618}"
5948,7836256835437,/autodrive/roboracer_1/imu,Imu,1789296581189318474,,"{""angular_velocity_x_radps"":-0.0282,""angular_velocity_y_radps"":0.0221,""ax_mps2"":-0.141,""ay_mps2"":2.3741,""az_mps2"":-0.0777,""orientation_w"":0.9998,""orientation_x"":0.0116,""orientation_y"":0.0146,""orientation_z"":-0.0074,""yaw_rate_radps"":0.9618}"
5957,7836280481990,/autodrive/roboracer_1/imu,Imu,1789296581213966369,,"{""angular_velocity_x_radps"":-0.0282,""angular_velocity_y_radps"":0.0222,""ax_mps2"":-0.1404,""ay_mps2"":2.3761,""az_mps2"":-0.0744,""orientation_w"":0.9998,""orientation_x"":0.0114,""orientation_y"":0.0147,""orientation_z"":0.0046,""yaw_rate_radps"":0.9618}"
5967,7836304441591,/autodrive/roboracer_1/imu,Imu,1789296581238643009,,"{""angular_velocity_x_radps"":-0.0281,""angular_velocity_y_radps"":0.0221,""ax_mps2"":-0.1403,""ay_mps2"":2.3766,""az_mps2"":-0.0533,""orientation_w"":0.9997,""orientation_x"":0.0112,""orientation_y"":0.0148,""orientation_z"":0.0161,""yaw_rate_radps"":0.9618}"
5976,7836329517142,/autodrive/roboracer_1/imu,Imu,1789296581263448612,,"{""angular_velocity_x_radps"":-0.0281,""angular_velocity_y_radps"":0.022,""ax_mps2"":-0.1396,""ay_mps2"":2.378,""az_mps2"":-0.0414,""orientation_w"":0.9994,""orientation_x"":0.0111,""orientation_y"":0.015,""orientation_z"":0.0282,""yaw_rate_radps"":0.9618}"
5984,7836355597922,/autodrive/roboracer_1/imu,Imu,1789296581288983566,,"{""angular_velocity_x_radps"":-0.0281,""angular_velocity_y_radps"":0.0221,""ax_mps2"":-0.1399,""ay_mps2"":2.3788,""az_mps2"":-0.0468,""orientation_w"":0.999,""orientation_x"":0.0109,""orientation_y"":0.0151,""orientation_z"":0.0407,""yaw_rate_radps"":0.9618}"
5994,7836380531125,/autodrive/roboracer_1/imu,Imu,1789296581314126984,,"{""angular_velocity_x_radps"":-0.0281,""angular_velocity_y_radps"":0.022,""ax_mps2"":-0.14,""ay_mps2"":2.38,""az_mps2"":-0.0474,""orientation_w"":0.9984,""orientation_x"":0.0107,""orientation_y"":0.0152,""orientation_z"":0.0527,""yaw_rate_radps"":0.9618}"
6003,7836406509964,/autodrive/roboracer_1/imu,Imu,1789296581338877002,,"{""angular_velocity_x_radps"":-0.0282,""angular_velocity_y_radps"":0.0221,""ax_mps2"":-0.1401,""ay_mps2"":2.374,""az_mps2"":-0.0768,""orientation_w"":0.9977,""orientation_x"":0.0105,""orientation_y"":0.0154,""orientation_z"":0.0647,""yaw_rate_radps"":0.9618}"
6012,7836430064293,/autodrive/roboracer_1/imu,Imu,1789296581363608735,,"{""angular_velocity_x_radps"":-0.0282,""angular_velocity_y_radps"":0.0221,""ax_mps2"":-0.1403,""ay_mps2"":2.3742,""az_mps2"":-0.0705,""orientation_w"":0.9969,""orientation_x"":0.0103,""orientation_y"":0.0155,""orientation_z"":0.0762,""yaw_rate_radps"":0.9618}"
6020,7836454364745,/autodrive/roboracer_1/imu,Imu,1789296581388716586,,"{""angular_velocity_x_radps"":-0.0281,""angular_velocity_y_radps"":0.0221,""ax_mps2"":-0.1406,""ay_mps2"":2.3762,""az_mps2"":-0.0573,""orientation_w"":0.9959,""orientation_x"":0.0101,""orientation_y"":0.0156,""orientation_z"":0.0882,""yaw_rate_radps"":0.9618}"
6030,7836479262170,/autodrive/roboracer_1/imu,Imu,1789296581413452247,,"{""angular_velocity_x_radps"":-0.0282,""angular_velocity_y_radps"":0.0222,""ax_mps2"":-0.1405,""ay_mps2"":2.3701,""az_mps2"":-0.0966,""orientation_w"":0.9948,""orientation_x"":0.01,""orientation_y"":0.0157,""orientation_z"":0.1002,""yaw_rate_radps"":0.9618}"
6039,7836505495057,/autodrive/roboracer_1/imu,Imu,1789296581439436065,,"{""angular_velocity_x_radps"":-0.0282,""angular_velocity_y_radps"":0.0221,""ax_mps2"":-0.1401,""ay_mps2"":2.3772,""az_mps2"":-0.0547,""orientation_w"":0.9935,""orientation_x"":0.0098,""orientation_y"":0.0158,""orientation_z"":0.1126,""yaw_rate_radps"":0.9618}"
6047,7836529569034,/autodrive/roboracer_1/imu,Imu,1789296581463513428,,"{""angular_velocity_x_radps"":-0.0282,""angular_velocity_y_radps"":0.0221,""ax_mps2"":-0.1402,""ay_mps2"":2.3738,""az_mps2"":-0.0842,""orientation_w"":0.9921,""orientation_x"":0.0096,""orientation_y"":0.016,""orientation_z"":0.1241,""yaw_rate_radps"":0.9618}"
6057,7836554348036,/autodrive/roboracer_1/imu,Imu,1789296581488636347,,"{""angular_velocity_x_radps"":-0.0282,""angular_velocity_y_radps"":0.0221,""ax_mps2"":-0.1406,""ay_mps2"":2.3741,""az_mps2"":-0.0778,""orientation_w"":0.9905,""orientation_x"":0.0094,""orientation_y"":0.0161,""orientation_z"":0.136,""yaw_rate_radps"":0.9618}"
6066,7836579361449,/autodrive/roboracer_1/imu,Imu,1789296581513596360,,"{""angular_velocity_x_radps"":-0.0282,""angular_velocity_y_radps"":0.0221,""ax_mps2"":-0.1399,""ay_mps2"":2.3786,""az_mps2"":-0.0525,""orientation_w"":0.9888,""orientation_x"":0.0092,""orientation_y"":0.0162,""orientation_z"":0.1479,""yaw_rate_radps"":0.9618}"
6074,7836604425849,/autodrive/roboracer_1/imu,Imu,1789296581538444833,,"{""angular_velocity_x_radps"":-0.0282,""angular_velocity_y_radps"":0.0221,""ax_mps2"":-0.1404,""ay_mps2"":2.3799,""az_mps2"":-0.0522,""orientation_w"":0.987,""orientation_x"":0.009,""orientation_y"":0.0163,""orientation_z"":0.1598,""yaw_rate_radps"":0.9618}"
6083,7836629535743,/autodrive/roboracer_1/imu,Imu,1789296581563710361,,"{""angular_velocity_x_radps"":-0.0282,""angular_velocity_y_radps"":0.0221,""ax_mps2"":-0.1397,""ay_mps2"":2.3783,""az_mps2"":-0.0491,""orientation_w"":0.985,""orientation_x"":0.0088,""orientation_y"":0.0164,""orientation_z"":0.1717,""yaw_rate_radps"":0.9618}"
6092,7836654462694,/autodrive/roboracer_1/imu,Imu,1789296581588690051,,"{""angular_velocity_x_radps"":-0.0282,""angular_velocity_y_radps"":0.0221,""ax_mps2"":-0.1404,""ay_mps2"":2.3743,""az_mps2"":-0.0726,""orientation_w"":0.9828,""orientation_x"":0.0086,""orientation_y"":0.0165,""orientation_z"":0.1835,""yaw_rate_radps"":0.9618}"
6102,7836680752838,/autodrive/roboracer_1/imu,Imu,1789296581614448094,,"{""angular_velocity_x_radps"":-0.0282,""angular_velocity_y_radps"":0.0221,""ax_mps2"":-0.1409,""ay_mps2"":2.3734,""az_mps2"":-0.0835,""orientation_w"":0.9805,""orientation_x"":0.0084,""orientation_y"":0.0166,""orientation_z"":0.1958,""yaw_rate_radps"":0.9618}"
6110,7836704723200,/autodrive/roboracer_1/imu,Imu,1789296581638651033,,"{""angular_velocity_x_radps"":-0.0282,""angular_velocity_y_radps"":0.0221,""ax_mps2"":-0.1399,""ay_mps2"":2.3759,""az_mps2"":-0.0615,""orientation_w"":0.9781,""orientation_x"":0.0082,""orientation_y"":0.0167,""orientation_z"":0.2071,""yaw_rate_radps"":0.9618}"
6120,7836729756901,/autodrive/roboracer_1/imu,Imu,1789296581663540894,,"{""angular_velocity_x_radps"":-0.0282,""angular_velocity_y_radps"":0.0222,""ax_mps2"":-0.1399,""ay_mps2"":2.3743,""az_mps2"":-0.0729,""orientation_w"":0.9756,""orientation_x"":0.008,""orientation_y"":0.0168,""orientation_z"":0.2188,""yaw_rate_radps"":0.9618}"
6128,7836754305911,/autodrive/roboracer_1/imu,Imu,1789296581688778038,,"{""angular_velocity_x_radps"":-0.0282,""angular_velocity_y_radps"":0.0222,""ax_mps2"":-0.1406,""ay_mps2"":2.3791,""az_mps2"":-0.0552,""orientation_w"":0.9729,""orientation_x"":0.0078,""orientation_y"":0.0169,""orientation_z"":0.2306,""yaw_rate_radps"":0.9618}"
6137,7836779402611,/autodrive/roboracer_1/imu,Imu,1789296581713615992,,"{""angular_velocity_x_radps"":-0.0282,""angular_velocity_y_radps"":0.0221,""ax_mps2"":-0.1405,""ay_mps2"":2.3794,""az_mps2"":-0.0612,""orientation_w"":0.97,""orientation_x"":0.0076,""orientation_y"":0.017,""orientation_z"":0.2423,""yaw_rate_radps"":0.9618}"
6146,7836805319564,/autodrive/roboracer_1/imu,Imu,1789296581739436813,,"{""angular_velocity_x_radps"":-0.0282,""angular_velocity_y_radps"":0.0221,""ax_mps2"":-0.1402,""ay_mps2"":2.3799,""az_mps2"":-0.05,""orientation_w"":0.9669,""orientation_x"":0.0074,""orientation_y"":0.0171,""orientation_z"":0.2544,""yaw_rate_radps"":0.9618}"
6155,7836830353856,/autodrive/roboracer_1/imu,Imu,1789296581763798822,,"{""angular_velocity_x_radps"":-0.0282,""angular_velocity_y_radps"":0.0221,""ax_mps2"":-0.1407,""ay_mps2"":2.3778,""az_mps2"":-0.063,""orientation_w"":0.9638,""orientation_x"":0.0072,""orientation_y"":0.0172,""orientation_z"":0.266,""yaw_rate_radps"":0.9618}"
6164,7836855502384,/autodrive/roboracer_1/imu,Imu,1789296581789457418,,"{""angular_velocity_x_radps"":-0.0282,""angular_velocity_y_radps"":0.022,""ax_mps2"":-0.1403,""ay_mps2"":2.3751,""az_mps2"":-0.0644,""orientation_w"":0.9605,""orientation_x"":0.007,""orientation_y"":0.0173,""orientation_z"":0.2776,""yaw_rate_radps"":0.9618}"
6173,7836880322774,/autodrive/roboracer_1/imu,Imu,1789296581813725770,,"{""angular_velocity_x_radps"":-0.0282,""angular_velocity_y_radps"":0.0221,""ax_mps2"":-0.1396,""ay_mps2"":2.3822,""az_mps2"":-0.0412,""orientation_w"":0.9571,""orientation_x"":0.0068,""orientation_y"":0.0173,""orientation_z"":0.2891,""yaw_rate_radps"":0.9618}"
6182,7836904412210,/autodrive/roboracer_1/imu,Imu,1789296581838528828,,"{""angular_velocity_x_radps"":-0.0282,""angular_velocity_y_radps"":0.0221,""ax_mps2"":-0.1403,""ay_mps2"":2.3782,""az_mps2"":-0.0622,""orientation_w"":0.9537,""orientation_x"":0.0066,""orientation_y"":0.0174,""orientation_z"":0.3001,""yaw_rate_radps"":0.9618}"
6192,7836930449829,/autodrive/roboracer_1/imu,Imu,1789296581863614668,,"{""angular_velocity_x_radps"":-0.0282,""angular_velocity_y_radps"":0.0221,""ax_mps2"":-0.14,""ay_mps2"":2.3804,""az_mps2"":-0.0392,""orientation_w"":0.95,""orientation_x"":0.0064,""orientation_y"":0.0175,""orientation_z"":0.3116,""yaw_rate_radps"":0.9618}"
6200,7836954208973,/autodrive/roboracer_1/imu,Imu,1789296581888647227,,"{""angular_velocity_x_radps"":-0.0282,""angular_velocity_y_radps"":0.0221,""ax_mps2"":-0.1402,""ay_mps2"":2.3758,""az_mps2"":-0.0655,""orientation_w"":0.9462,""orientation_x"":0.0061,""orientation_y"":0.0176,""orientation_z"":0.323,""yaw_rate_radps"":0.9618}"
6210,7836979265869,/autodrive/roboracer_1/imu,Imu,1789296581913773512,,"{""angular_velocity_x_radps"":-0.0282,""angular_velocity_y_radps"":0.0221,""ax_mps2"":-0.1401,""ay_mps2"":2.3759,""az_mps2"":-0.0683,""orientation_w"":0.9423,""orientation_x"":0.0059,""orientation_y"":0.0176,""orientation_z"":0.3344,""yaw_rate_radps"":0.9618}"
6218,7837005316573,/autodrive/roboracer_1/imu,Imu,1789296581939320058,,"{""angular_velocity_x_radps"":-0.0091,""angular_velocity_y_radps"":-0.0695,""ax_mps2"":4.5172,""ay_mps2"":2.8945,""az_mps2"":0.0385,""orientation_w"":0.9378,""orientation_x"":0.0061,""orientation_y"":0.017,""orientation_z"":0.3467,""yaw_rate_radps"":1.0347}"
6227,7837030472935,/autodrive/roboracer_1/imu,Imu,1789296581963872835,,"{""angular_velocity_x_radps"":0.0007,""angular_velocity_y_radps"":-0.0636,""ax_mps2"":4.4813,""ay_mps2"":3.1402,""az_mps2"":0.0405,""orientation_w"":0.9332,""orientation_x"":0.0066,""orientation_y"":0.0161,""orientation_z"":0.3591,""yaw_rate_radps"":1.0805}"
6236,7837054416897,/autodrive/roboracer_1/imu,Imu,1789296581988521312,,"{""angular_velocity_x_radps"":0.0094,""angular_velocity_y_radps"":-0.0522,""ax_mps2"":4.4438,""ay_mps2"":3.3819,""az_mps2"":0.0325,""orientation_w"":0.9283,""orientation_x"":0.0071,""orientation_y"":0.0154,""orientation_z"":0.3714,""yaw_rate_radps"":1.1244}"
6245,7837079379665,/autodrive/roboracer_1/imu,Imu,1789296582013602283,,"{""angular_velocity_x_radps"":0.0178,""angular_velocity_y_radps"":-0.0406,""ax_mps2"":4.391,""ay_mps2"":3.6369,""az_mps2"":-0.0097,""orientation_w"":0.9229,""orientation_x"":0.0077,""orientation_y"":0.0148,""orientation_z"":0.3847,""yaw_rate_radps"":1.1699}"
6255,7837104666603,/autodrive/roboracer_1/imu,Imu,1789296582038544983,,"{""angular_velocity_x_radps"":0.0257,""angular_velocity_y_radps"":-0.0298,""ax_mps2"":4.3449,""ay_mps2"":3.9024,""az_mps2"":-0.0341,""orientation_w"":0.9171,""orientation_x"":0.0084,""orientation_y"":0.0144,""orientation_z"":0.3984,""yaw_rate_radps"":1.215}"
6264,7837129625543,/autodrive/roboracer_1/imu,Imu,1789296582063736812,,"{""angular_velocity_x_radps"":0.0333,""angular_velocity_y_radps"":-0.0196,""ax_mps2"":4.3037,""ay_mps2"":4.1817,""az_mps2"":-0.0463,""orientation_w"":0.9108,""orientation_x"":0.009,""orientation_y"":0.0141,""orientation_z"":0.4125,""yaw_rate_radps"":1.2598}"
6272,7837154083151,/autodrive/roboracer_1/imu,Imu,1789296582088542124,,"{""angular_velocity_x_radps"":0.0403,""angular_velocity_y_radps"":-0.0099,""ax_mps2"":4.2522,""ay_mps2"":4.4621,""az_mps2"":-0.0853,""orientation_w"":0.9041,""orientation_x"":0.0098,""orientation_y"":0.014,""orientation_z"":0.4271,""yaw_rate_radps"":1.3043}"
6281,7837180500715,/autodrive/roboracer_1/imu,Imu,1789296582114215919,,"{""angular_velocity_x_radps"":0.0474,""angular_velocity_y_radps"":-0.0005,""ax_mps2"":4.217,""ay_mps2"":4.7706,""az_mps2"":-0.0803,""orientation_w"":0.8966,""orientation_x"":0.0106,""orientation_y"":0.014,""orientation_z"":0.4426,""yaw_rate_radps"":1.3503}"
6290,7837204575203,/autodrive/roboracer_1/imu,Imu,1789296582138575132,,"{""angular_velocity_x_radps"":0.0535,""angular_velocity_y_radps"":0.0081,""ax_mps2"":4.1727,""ay_mps2"":5.0607,""az_mps2"":-0.1059,""orientation_w"":0.8891,""orientation_x"":0.0113,""orientation_y"":0.0141,""orientation_z"":0.4573,""yaw_rate_radps"":1.3923}"
6299,7837229415020,/autodrive/roboracer_1/imu,Imu,1789296582163756481,,"{""angular_velocity_x_radps"":0.0597,""angular_velocity_y_radps"":0.0167,""ax_mps2"":4.1253,""ay_mps2"":5.3584,""az_mps2"":-0.1381,""orientation_w"":0.8809,""orientation_x"":0.0121,""orientation_y"":0.0144,""orientation_z"":0.4729,""yaw_rate_radps"":1.4358}"
6309,7837255595348,/autodrive/roboracer_1/imu,Imu,1789296582188949732,,"{""angular_velocity_x_radps"":0.0656,""angular_velocity_y_radps"":0.0255,""ax_mps2"":4.0833,""ay_mps2"":5.694,""az_mps2"":-0.1531,""orientation_w"":0.8718,""orientation_x"":0.013,""orientation_y"":0.0148,""orientation_z"":0.4895,""yaw_rate_radps"":1.4807}"
6318,7837279520103,/autodrive/roboracer_1/imu,Imu,1789296582213695422,,"{""angular_velocity_x_radps"":0.0711,""angular_velocity_y_radps"":0.0335,""ax_mps2"":4.0425,""ay_mps2"":6.0083,""az_mps2"":-0.1734,""orientation_w"":0.8628,""orientation_x"":0.0138,""orientation_y"":0.0153,""orientation_z"":0.5052,""yaw_rate_radps"":1.5218}"
6327,7837305448658,/autodrive/roboracer_1/imu,Imu,1789296582238823682,,"{""angular_velocity_x_radps"":0.0766,""angular_velocity_y_radps"":0.0421,""ax_mps2"":3.9963,""ay_mps2"":6.3471,""az_mps2"":-0.2037,""orientation_w"":0.8524,""orientation_x"":0.0147,""orientation_y"":0.0159,""orientation_z"":0.5224,""yaw_rate_radps"":1.566}"
6336,7837330429219,/autodrive/roboracer_1/imu,Imu,1789296582264419059,,"{""angular_velocity_x_radps"":0.0817,""angular_velocity_y_radps"":0.0504,""ax_mps2"":3.9419,""ay_mps2"":6.6669,""az_mps2"":-0.261,""orientation_w"":0.8419,""orientation_x"":0.0155,""orientation_y"":0.0166,""orientation_z"":0.5392,""yaw_rate_radps"":1.6081}"
6344,7837355527753,/autodrive/roboracer_1/imu,Imu,1789296582289433234,,"{""angular_velocity_x_radps"":0.0867,""angular_velocity_y_radps"":0.0587,""ax_mps2"":3.8922,""ay_mps2"":7.0045,""az_mps2"":-0.3063,""orientation_w"":0.8307,""orientation_x"":0.0164,""orientation_y"":0.0174,""orientation_z"":0.5562,""yaw_rate_radps"":1.6498}"
6352,7837381369123,/autodrive/roboracer_1/imu,Imu,1789296582313710062,,"{""angular_velocity_x_radps"":0.0915,""angular_velocity_y_radps"":0.0669,""ax_mps2"":3.8576,""ay_mps2"":7.3421,""az_mps2"":-0.3228,""orientation_w"":0.8193,""orientation_x"":0.0172,""orientation_y"":0.0183,""orientation_z"":0.5728,""yaw_rate_radps"":1.6895}"
6362,7837405367938,/autodrive/roboracer_1/imu,Imu,1789296582338905187,,"{""angular_velocity_x_radps"":0.0964,""angular_velocity_y_radps"":0.0757,""ax_mps2"":3.8105,""ay_mps2"":7.7109,""az_mps2"":-0.3622,""orientation_w"":0.8064,""orientation_x"":0.0181,""orientation_y"":0.0194,""orientation_z"":0.5908,""yaw_rate_radps"":1.7322}"
6372,7837430672820,/autodrive/roboracer_1/imu,Imu,1789296582364448938,,"{""angular_velocity_x_radps"":0.1011,""angular_velocity_y_radps"":0.0846,""ax_mps2"":3.7644,""ay_mps2"":8.0666,""az_mps2"":-0.4053,""orientation_w"":0.7932,""orientation_x"":0.0189,""orientation_y"":0.0205,""orientation_z"":0.6084,""yaw_rate_radps"":1.7727}"
6381,7837454930672,/autodrive/roboracer_1/imu,Imu,1789296582388729252,,"{""angular_velocity_x_radps"":0.1055,""angular_velocity_y_radps"":0.0934,""ax_mps2"":3.7123,""ay_mps2"":8.4127,""az_mps2"":-0.4458,""orientation_w"":0.7799,""orientation_x"":0.0197,""orientation_y"":0.0217,""orientation_z"":0.6253,""yaw_rate_radps"":1.8108}"
6390,7837480884544,/autodrive/roboracer_1/imu,Imu,1789296582413778854,,"{""angular_velocity_x_radps"":0.1102,""angular_velocity_y_radps"":0.1032,""ax_mps2"":3.6454,""ay_mps2"":8.7798,""az_mps2"":-0.4985,""orientation_w"":0.7647,""orientation_x"":0.0205,""orientation_y"":0.0231,""orientation_z"":0.6437,""yaw_rate_radps"":1.8519}"
6399,7837506137638,/autodrive/roboracer_1/imu,Imu,1789296582438872327,,"{""angular_velocity_x_radps"":0.114,""angular_velocity_y_radps"":0.1136,""ax_mps2"":3.5273,""ay_mps2"":9.1063,""az_mps2"":-0.5673,""orientation_w"":0.7493,""orientation_x"":0.0212,""orientation_y"":0.0246,""orientation_z"":0.6614,""yaw_rate_radps"":1.891}"
6408,7837530795843,/autodrive/roboracer_1/imu,Imu,1789296582464281395,,"{""angular_velocity_x_radps"":0.1136,""angular_velocity_y_radps"":0.127,""ax_mps2"":3.2526,""ay_mps2"":9.3709,""az_mps2"":-0.6067,""orientation_w"":0.7333,""orientation_x"":0.0218,""orientation_y"":0.0261,""orientation_z"":0.6791,""yaw_rate_radps"":1.9238}"
6417,7837555684813,/autodrive/roboracer_1/imu,Imu,1789296582488930373,,"{""angular_velocity_x_radps"":0.112,""angular_velocity_y_radps"":0.1413,""ax_mps2"":2.9591,""ay_mps2"":9.6067,""az_mps2"":-0.6667,""orientation_w"":0.7165,""orientation_x"":0.0224,""orientation_y"":0.0278,""orientation_z"":0.6966,""yaw_rate_radps"":1.953}"
6426,7837581158031,/autodrive/roboracer_1/imu,Imu,1789296582513901096,,"{""angular_velocity_x_radps"":0.1077,""angular_velocity_y_radps"":0.1544,""ax_mps2"":2.7219,""ay_mps2"":9.7579,""az_mps2"":-0.738,""orientation_w"":0.6991,""orientation_x"":0.0228,""orientation_y"":0.0296,""orientation_z"":0.714,""yaw_rate_radps"":1.9766}"
6434,7837605898711,/autodrive/roboracer_1/imu,Imu,1789296582538887097,,"{""angular_velocity_x_radps"":0.0993,""angular_velocity_y_radps"":0.1628,""ax_mps2"":2.6534,""ay_mps2"":9.8603,""az_mps2"":-0.7209,""orientation_w"":0.6826,""orientation_x"":0.023,""orientation_y"":0.0312,""orientation_z"":0.7298,""yaw_rate_radps"":1.9919}"
6444,7837631187813,/autodrive/roboracer_1/imu,Imu,1789296582564207909,,"{""angular_velocity_x_radps"":0.0864,""angular_velocity_y_radps"":0.1693,""ax_mps2"":2.6347,""ay_mps2"":9.8483,""az_mps2"":-0.7589,""orientation_w"":0.6625,""orientation_x"":0.023,""orientation_y"":0.033,""orientation_z"":0.748,""yaw_rate_radps"":2.0091}"
6453,7837655763363,/autodrive/roboracer_1/imu,Imu,1789296582589179704,,"{""angular_velocity_x_radps"":0.0745,""angular_velocity_y_radps"":0.1743,""ax_mps2"":2.6324,""ay_mps2"":9.8263,""az_mps2"":-0.7909,""orientation_w"":0.6433,""orientation_x"":0.0229,""orientation_y"":0.0346,""orientation_z"":0.7645,""yaw_rate_radps"":2.0249}"
6462,7837680963697,/autodrive/roboracer_1/imu,Imu,1789296582613873246,,"{""angular_velocity_x_radps"":0.0636,""angular_velocity_y_radps"":0.1783,""ax_mps2"":2.6605,""ay_mps2"":9.8021,""az_mps2"":-0.8018,""orientation_w"":0.6236,""orientation_x"":0.0226,""orientation_y"":0.036,""orientation_z"":0.7806,""yaw_rate_radps"":2.0404}"
6471,7837705879086,/autodrive/roboracer_1/imu,Imu,1789296582638978221,,"{""angular_velocity_x_radps"":0.0523,""angular_velocity_y_radps"":0.1814,""ax_mps2"":2.7297,""ay_mps2"":9.7665,""az_mps2"":-0.7899,""orientation_w"":0.6033,""orientation_x"":0.0222,""orientation_y"":0.0374,""orientation_z"":0.7963,""yaw_rate_radps"":2.0552}"
6480,7837730975205,/autodrive/roboracer_1/imu,Imu,1789296582664225444,,"{""angular_velocity_x_radps"":0.0396,""angular_velocity_y_radps"":0.1832,""ax_mps2"":2.8212,""ay_mps2"":9.6081,""az_mps2"":-0.8563,""orientation_w"":0.5825,""orientation_x"":0.0217,""orientation_y"":0.0387,""orientation_z"":0.8116,""yaw_rate_radps"":2.0694}"
6489,7837756174157,/autodrive/roboracer_1/imu,Imu,1789296582689009586,,"{""angular_velocity_x_radps"":0.0254,""angular_velocity_y_radps"":0.1832,""ax_mps2"":3.0106,""ay_mps2"":9.4597,""az_mps2"":-0.8312,""orientation_w"":0.5611,""orientation_x"":0.0211,""orientation_y"":0.0397,""orientation_z"":0.8265,""yaw_rate_radps"":2.0826}"
6498,7837781396874,/autodrive/roboracer_1/imu,Imu,1789296582714260045,,"{""angular_velocity_x_radps"":0.0083,""angular_velocity_y_radps"":0.1808,""ax_mps2"":3.2907,""ay_mps2"":9.2025,""az_mps2"":-0.7794,""orientation_w"":0.5393,""orientation_x"":0.0204,""orientation_y"":0.0406,""orientation_z"":0.8409,""yaw_rate_radps"":2.0943}"
6506,7837805270955,/autodrive/roboracer_1/imu,Imu,1789296582738580135,,"{""angular_velocity_x_radps"":-0.0275,""angular_velocity_y_radps"":0.177,""ax_mps2"":3.4561,""ay_mps2"":8.4001,""az_mps2"":-0.7122,""orientation_w"":0.5179,""orientation_x"":0.0195,""orientation_y"":0.0412,""orientation_z"":0.8542,""yaw_rate_radps"":2.0879}"
6515,7837830096815,/autodrive/roboracer_1/imu,Imu,1789296582763761544,,"{""angular_velocity_x_radps"":-0.0891,""angular_velocity_y_radps"":0.1749,""ax_mps2"":3.5062,""ay_mps2"":7.0971,""az_mps2"":-0.556,""orientation_w"":0.4954,""orientation_x"":0.0183,""orientation_y"":0.0412,""orientation_z"":0.8675,""yaw_rate_radps"":2.0708}"
6525,7837856586846,/autodrive/roboracer_1/imu,Imu,1789296582789265600,,"{""angular_velocity_x_radps"":-0.1318,""angular_velocity_y_radps"":0.173,""ax_mps2"":3.4803,""ay_mps2"":6.1582,""az_mps2"":-0.5293,""orientation_w"":0.4719,""orientation_x"":0.0167,""orientation_y"":0.0405,""orientation_z"":0.8806,""yaw_rate_radps"":2.0767}"
6534,7837881384653,/autodrive/roboracer_1/imu,Imu,1789296582814222136,,"{""angular_velocity_x_radps"":-0.1264,""angular_velocity_y_radps"":0.1714,""ax_mps2"":3.4754,""ay_mps2"":6.1566,""az_mps2"":-0.476,""orientation_w"":0.4486,""orientation_x"":0.0151,""orientation_y"":0.0396,""orientation_z"":0.8927,""yaw_rate_radps"":2.108}"
6543,7837906797458,/autodrive/roboracer_1/imu,Imu,1789296582838804689,,"{""angular_velocity_x_radps"":-0.1151,""angular_velocity_y_radps"":0.1695,""ax_mps2"":3.4598,""ay_mps2"":6.202,""az_mps2"":-0.4651,""orientation_w"":0.4247,""orientation_x"":0.0136,""orientation_y"":0.0388,""orientation_z"":0.9044,""yaw_rate_radps"":2.1399}"
6552,7837931904507,/autodrive/roboracer_1/imu,Imu,1789296582863913362,,"{""angular_velocity_x_radps"":-0.1051,""angular_velocity_y_radps"":0.1679,""ax_mps2"":3.4345,""ay_mps2"":6.231,""az_mps2"":-0.4868,""orientation_w"":0.4001,""orientation_x"":0.0121,""orientation_y"":0.0381,""orientation_z"":0.9156,""yaw_rate_radps"":2.1719}"
6559,7837956223665,/autodrive/roboracer_1/imu,Imu,1789296582889199197,,"{""angular_velocity_x_radps"":-0.0959,""angular_velocity_y_radps"":0.1664,""ax_mps2"":3.4348,""ay_mps2"":6.2958,""az_mps2"":-0.4522,""orientation_w"":0.3748,""orientation_x"":0.0108,""orientation_y"":0.0374,""orientation_z"":0.9263,""yaw_rate_radps"":2.2038}"
6570,7837982039237,/autodrive/roboracer_1/imu,Imu,1789296582914171864,,"{""angular_velocity_x_radps"":-0.0876,""angular_velocity_y_radps"":0.1653,""ax_mps2"":3.4196,""ay_mps2"":6.333,""az_mps2"":-0.4666,""orientation_w"":0.3489,""orientation_x"":0.0095,""orientation_y"":0.0368,""orientation_z"":0.9364,""yaw_rate_radps"":2.2357}"
6578,7838005901475,/autodrive/roboracer_1/imu,Imu,1789296582939191018,,"{""angular_velocity_x_radps"":-0.0805,""angular_velocity_y_radps"":0.1645,""ax_mps2"":3.41,""ay_mps2"":6.3762,""az_mps2"":-0.4747,""orientation_w"":0.3223,""orientation_x"":0.0082,""orientation_y"":0.0363,""orientation_z"":0.9459,""yaw_rate_radps"":2.2676}"
6588,7838031166301,/autodrive/roboracer_1/imu,Imu,1789296582964285594,,"{""angular_velocity_x_radps"":-0.0739,""angular_velocity_y_radps"":0.1638,""ax_mps2"":3.4086,""ay_mps2"":6.4274,""az_mps2"":-0.4716,""orientation_w"":0.2951,""orientation_x"":0.007,""orientation_y"":0.0358,""orientation_z"":0.9548,""yaw_rate_radps"":2.2994}"
6596,7838055930826,/autodrive/roboracer_1/imu,Imu,1789296582989160076,,"{""angular_velocity_x_radps"":-0.068,""angular_velocity_y_radps"":0.1634,""ax_mps2"":3.4175,""ay_mps2"":6.4891,""az_mps2"":-0.4528,""orientation_w"":0.2673,""orientation_x"":0.0058,""orientation_y"":0.0353,""orientation_z"":0.9629,""yaw_rate_radps"":2.3312}"
6605,7838079827028,/autodrive/roboracer_1/imu,Imu,1789296583013558823,,"{""angular_velocity_x_radps"":-0.0631,""angular_velocity_y_radps"":0.1632,""ax_mps2"":3.4205,""ay_mps2"":6.5359,""az_mps2"":-0.4578,""orientation_w"":0.24,""orientation_x"":0.0047,""orientation_y"":0.0349,""orientation_z"":0.9701,""yaw_rate_radps"":2.3616}"
6614,7838105809524,/autodrive/roboracer_1/imu,Imu,1789296583039135616,,"{""angular_velocity_x_radps"":-0.0582,""angular_velocity_y_radps"":0.1631,""ax_mps2"":3.4345,""ay_mps2"":6.5981,""az_mps2"":-0.4446,""orientation_w"":0.2098,""orientation_x"":0.0035,""orientation_y"":0.0345,""orientation_z"":0.9771,""yaw_rate_radps"":2.3946}"
6623,7838131035036,/autodrive/roboracer_1/imu,Imu,1789296583064052748,,"{""angular_velocity_x_radps"":-0.0542,""angular_velocity_y_radps"":0.1633,""ax_mps2"":3.4391,""ay_mps2"":6.6396,""az_mps2"":-0.4648,""orientation_w"":0.1802,""orientation_x"":0.0024,""orientation_y"":0.0341,""orientation_z"":0.983,""yaw_rate_radps"":2.4261}"
6632,7838155644300,/autodrive/roboracer_1/imu,Imu,1789296583089037848,,"{""angular_velocity_x_radps"":-0.0503,""angular_velocity_y_radps"":0.1635,""ax_mps2"":3.4749,""ay_mps2"":6.7193,""az_mps2"":-0.4185,""orientation_w"":0.1501,""orientation_x"":0.0013,""orientation_y"":0.0338,""orientation_z"":0.9881,""yaw_rate_radps"":2.4577}"
6641,7838180996680,/autodrive/roboracer_1/imu,Imu,1789296583113860954,,"{""angular_velocity_x_radps"":-0.047,""angular_velocity_y_radps"":0.164,""ax_mps2"":3.503,""ay_mps2"":6.7836,""az_mps2"":-0.399,""orientation_w"":0.1194,""orientation_x"":0.0003,""orientation_y"":0.0334,""orientation_z"":0.9923,""yaw_rate_radps"":2.4891}"
6651,7838205737391,/autodrive/roboracer_1/imu,Imu,1789296583139302973,,"{""angular_velocity_x_radps"":-0.0442,""angular_velocity_y_radps"":0.1645,""ax_mps2"":3.5259,""ay_mps2"":6.8344,""az_mps2"":-0.4031,""orientation_w"":0.0882,""orientation_x"":-0.0008,""orientation_y"":0.0331,""orientation_z"":0.9956,""yaw_rate_radps"":2.5205}"
6660,7838230870108,/autodrive/roboracer_1/imu,Imu,1789296583164444256,,"{""angular_velocity_x_radps"":-0.0417,""angular_velocity_y_radps"":0.1652,""ax_mps2"":3.54,""ay_mps2"":6.8666,""az_mps2"":-0.4383,""orientation_w"":0.0565,""orientation_x"":-0.0018,""orientation_y"":0.0327,""orientation_z"":0.9979,""yaw_rate_radps"":2.5518}"
6668,7838254818208,/autodrive/roboracer_1/imu,Imu,1789296583188734880,,"{""angular_velocity_x_radps"":-0.0398,""angular_velocity_y_radps"":0.166,""ax_mps2"":3.5525,""ay_mps2"":6.8904,""az_mps2"":-0.4838,""orientation_w"":0.0257,""orientation_x"":-0.0028,""orientation_y"":0.0324,""orientation_z"":0.9991,""yaw_rate_radps"":2.5818}"
6677,7838280790895,/autodrive/roboracer_1/imu,Imu,1789296583214060821,,"{""angular_velocity_x_radps"":-0.0375,""angular_velocity_y_radps"":0.1669,""ax_mps2"":3.6143,""ay_mps2"":6.9764,""az_mps2"":-0.4239,""orientation_w"":-0.0082,""orientation_x"":-0.0039,""orientation_y"":0.032,""orientation_z"":0.9994,""yaw_rate_radps"":2.6142}"
6686,7838306218508,/autodrive/roboracer_1/imu,Imu,1789296583239324926,,"{""angular_velocity_x_radps"":-0.0357,""angular_velocity_y_radps"":0.1678,""ax_mps2"":3.6449,""ay_mps2"":7.0114,""az_mps2"":-0.4471,""orientation_w"":-0.0411,""orientation_x"":-0.0049,""orientation_y"":0.0317,""orientation_z"":0.9986,""yaw_rate_radps"":2.6452}"
6696,7838330265784,/autodrive/roboracer_1/imu,Imu,1789296583263806980,,"{""angular_velocity_x_radps"":-0.0341,""angular_velocity_y_radps"":0.1688,""ax_mps2"":3.6898,""ay_mps2"":7.0608,""az_mps2"":-0.4392,""orientation_w"":-0.073,""orientation_x"":-0.0059,""orientation_y"":0.0313,""orientation_z"":0.9968,""yaw_rate_radps"":2.675}"
6704,7838356469015,/autodrive/roboracer_1/imu,Imu,1789296583288997116,,"{""angular_velocity_x_radps"":-0.0324,""angular_velocity_y_radps"":0.1701,""ax_mps2"":3.7453,""ay_mps2"":7.13,""az_mps2"":-0.408,""orientation_w"":-0.1079,""orientation_x"":-0.007,""orientation_y"":0.0309,""orientation_z"":0.9937,""yaw_rate_radps"":2.707}"
6714,7838381233099,/autodrive/roboracer_1/imu,Imu,1789296583314098675,,"{""angular_velocity_x_radps"":-0.0315,""angular_velocity_y_radps"":0.171,""ax_mps2"":3.7872,""ay_mps2"":7.1583,""az_mps2"":-0.4315,""orientation_w"":-0.1417,""orientation_x"":-0.008,""orientation_y"":0.0305,""orientation_z"":0.9894,""yaw_rate_radps"":2.738}"
6723,7838406165059,/autodrive/roboracer_1/imu,Imu,1789296583339353372,,"{""angular_velocity_x_radps"":-0.0306,""angular_velocity_y_radps"":0.1723,""ax_mps2"":3.8389,""ay_mps2"":7.1952,""az_mps2"":-0.4354,""orientation_w"":-0.1758,""orientation_x"":-0.009,""orientation_y"":0.0301,""orientation_z"":0.9839,""yaw_rate_radps"":2.7686}"
6731,7838431058928,/autodrive/roboracer_1/imu,Imu,1789296583363839453,,"{""angular_velocity_x_radps"":-0.0295,""angular_velocity_y_radps"":0.1736,""ax_mps2"":3.8979,""ay_mps2"":7.2321,""az_mps2"":-0.433,""orientation_w"":-0.21,""orientation_x"":-0.01,""orientation_y"":0.0296,""orientation_z"":0.9772,""yaw_rate_radps"":2.7993}"
6743,7838456958468,/autodrive/roboracer_1/imu,Imu,1789296583389384296,,"{""angular_velocity_x_radps"":-0.0288,""angular_velocity_y_radps"":0.175,""ax_mps2"":3.9552,""ay_mps2"":7.2609,""az_mps2"":-0.4387,""orientation_w"":-0.2443,""orientation_x"":-0.011,""orientation_y"":0.0291,""orientation_z"":0.9692,""yaw_rate_radps"":2.8298}"
6750,7838480248480,/autodrive/roboracer_1/imu,Imu,1789296583413736115,,"{""angular_velocity_x_radps"":-0.0282,""angular_velocity_y_radps"":0.1762,""ax_mps2"":4.0108,""ay_mps2"":7.2821,""az_mps2"":-0.4504,""orientation_w"":-0.2773,""orientation_x"":-0.012,""orientation_y"":0.0287,""orientation_z"":0.9603,""yaw_rate_radps"":2.859}"
6759,7838504820242,/autodrive/roboracer_1/imu,Imu,1789296583438580561,,"{""angular_velocity_x_radps"":-0.0275,""angular_velocity_y_radps"":0.1776,""ax_mps2"":4.0827,""ay_mps2"":7.3156,""az_mps2"":-0.4339,""orientation_w"":-0.3117,""orientation_x"":-0.013,""orientation_y"":0.0281,""orientation_z"":0.9497,""yaw_rate_radps"":2.8894}"
6767,7838530976034,/autodrive/roboracer_1/imu,Imu,1789296583464042087,,"{""angular_velocity_x_radps"":-0.027,""angular_velocity_y_radps"":0.1792,""ax_mps2"":4.1479,""ay_mps2"":7.3319,""az_mps2"":-0.4438,""orientation_w"":-0.3474,""orientation_x"":-0.014,""orientation_y"":0.0275,""orientation_z"":0.9372,""yaw_rate_radps"":2.9209}"
6778,7838555730811,/autodrive/roboracer_1/imu,Imu,1789296583488573143,,"{""angular_velocity_x_radps"":-0.0264,""angular_velocity_y_radps"":0.1805,""ax_mps2"":4.2242,""ay_mps2"":7.3609,""az_mps2"":-0.419,""orientation_w"":-0.3803,""orientation_x"":-0.0149,""orientation_y"":0.027,""orientation_z"":0.9244,""yaw_rate_radps"":2.95}"
6786,7838581152653,/autodrive/roboracer_1/imu,Imu,1789296583514467443,,"{""angular_velocity_x_radps"":-0.026,""angular_velocity_y_radps"":0.1821,""ax_mps2"":4.3065,""ay_mps2"":7.3848,""az_mps2"":-0.3968,""orientation_w"":-0.4157,""orientation_x"":-0.0159,""orientation_y"":0.0263,""orientation_z"":0.909,""yaw_rate_radps"":2.9813}"
6795,7838606018328,/autodrive/roboracer_1/imu,Imu,1789296583539284998,,"{""angular_velocity_x_radps"":-0.0257,""angular_velocity_y_radps"":0.1836,""ax_mps2"":4.3741,""ay_mps2"":7.387,""az_mps2"":-0.4051,""orientation_w"":-0.4495,""orientation_x"":-0.0169,""orientation_y"":0.0256,""orientation_z"":0.8928,""yaw_rate_radps"":3.0114}"
6803,7838630916585,/autodrive/roboracer_1/imu,Imu,1789296583564164990,,"{""angular_velocity_x_radps"":-0.0255,""angular_velocity_y_radps"":0.1852,""ax_mps2"":4.4422,""ay_mps2"":7.3808,""az_mps2"":-0.4168,""orientation_w"":-0.483,""orientation_x"":-0.0178,""orientation_y"":0.0249,""orientation_z"":0.8751,""yaw_rate_radps"":3.0414}"
6813,7838655955656,/autodrive/roboracer_1/imu,Imu,1789296583588966195,,"{""angular_velocity_x_radps"":-0.0254,""angular_velocity_y_radps"":0.1868,""ax_mps2"":4.519,""ay_mps2"":7.3832,""az_mps2"":-0.4061,""orientation_w"":-0.5161,""orientation_x"":-0.0187,""orientation_y"":0.0242,""orientation_z"":0.856,""yaw_rate_radps"":3.0712}"
6821,7838680661291,/autodrive/roboracer_1/imu,Imu,1789296583614190976,,"{""angular_velocity_x_radps"":-0.0251,""angular_velocity_y_radps"":0.1883,""ax_mps2"":4.584,""ay_mps2"":7.3636,""az_mps2"":-0.4248,""orientation_w"":-0.5488,""orientation_x"":-0.0196,""orientation_y"":0.0234,""orientation_z"":0.8354,""yaw_rate_radps"":3.1011}"
6831,7838705984748,/autodrive/roboracer_1/imu,Imu,1789296583638906449,,"{""angular_velocity_x_radps"":-0.0251,""angular_velocity_y_radps"":0.19,""ax_mps2"":4.6618,""ay_mps2"":7.3558,""az_mps2"":-0.4113,""orientation_w"":-0.581,""orientation_x"":-0.0205,""orientation_y"":0.0226,""orientation_z"":0.8133,""yaw_rate_radps"":3.1308}"
6842,7838731494063,/autodrive/roboracer_1/imu,Imu,1789296583664458605,,"{""angular_velocity_x_radps"":-0.0249,""angular_velocity_y_radps"":0.1915,""ax_mps2"":4.7309,""ay_mps2"":7.3329,""az_mps2"":-0.4167,""orientation_w"":-0.6126,""orientation_x"":-0.0214,""orientation_y"":0.0218,""orientation_z"":0.7898,""yaw_rate_radps"":3.1605}"
6849,7838755824292,/autodrive/roboracer_1/imu,Imu,1789296583689179448,,"{""angular_velocity_x_radps"":-0.0249,""angular_velocity_y_radps"":0.1932,""ax_mps2"":4.8047,""ay_mps2"":7.3126,""az_mps2"":-0.4073,""orientation_w"":-0.6435,""orientation_x"":-0.0222,""orientation_y"":0.0209,""orientation_z"":0.7648,""yaw_rate_radps"":3.1901}"
6858,7838780953593,/autodrive/roboracer_1/imu,Imu,1789296583714050574,,"{""angular_velocity_x_radps"":-0.0247,""angular_velocity_y_radps"":0.1948,""ax_mps2"":4.8815,""ay_mps2"":7.2929,""az_mps2"":-0.3862,""orientation_w"":-0.6737,""orientation_x"":-0.023,""orientation_y"":0.0199,""orientation_z"":0.7384,""yaw_rate_radps"":3.2196}"
6867,7838805827504,/autodrive/roboracer_1/imu,Imu,1789296583739354924,,"{""angular_velocity_x_radps"":-0.0247,""angular_velocity_y_radps"":0.1965,""ax_mps2"":4.944,""ay_mps2"":7.2533,""az_mps2"":-0.3947,""orientation_w"":-0.7031,""orientation_x"":-0.0238,""orientation_y"":0.019,""orientation_z"":0.7105,""yaw_rate_radps"":3.2491}"
6876,7838831245558,/autodrive/roboracer_1/imu,Imu,1789296583763989214,,"{""angular_velocity_x_radps"":-0.0247,""angular_velocity_y_radps"":0.1981,""ax_mps2"":5.0135,""ay_mps2"":7.2201,""az_mps2"":-0.3787,""orientation_w"":-0.7315,""orientation_x"":-0.0245,""orientation_y"":0.018,""orientation_z"":0.6812,""yaw_rate_radps"":3.2785}"
6885,7838856014581,/autodrive/roboracer_1/imu,Imu,1789296583788999301,,"{""angular_velocity_x_radps"":-0.0249,""angular_velocity_y_radps"":0.1998,""ax_mps2"":5.0652,""ay_mps2"":7.1624,""az_mps2"":-0.4,""orientation_w"":-0.759,""orientation_x"":-0.0252,""orientation_y"":0.0169,""orientation_z"":0.6504,""yaw_rate_radps"":3.3077}"
6894,7838881283616,/autodrive/roboracer_1/imu,Imu,1789296583814150714,,"{""angular_velocity_x_radps"":-0.025,""angular_velocity_y_radps"":0.2014,""ax_mps2"":5.1214,""ay_mps2"":7.1108,""az_mps2"":-0.4014,""orientation_w"":-0.7854,""orientation_x"":-0.0259,""orientation_y"":0.0159,""orientation_z"":0.6183,""yaw_rate_radps"":3.337}"
6903,7838905982999,/autodrive/roboracer_1/imu,Imu,1789296583839307878,,"{""angular_velocity_x_radps"":-0.0249,""angular_velocity_y_radps"":0.2031,""ax_mps2"":5.1826,""ay_mps2"":7.0671,""az_mps2"":-0.3807,""orientation_w"":-0.8106,""orientation_x"":-0.0265,""orientation_y"":0.0148,""orientation_z"":0.5848,""yaw_rate_radps"":3.3661}"
6911,7838930784022,/autodrive/roboracer_1/imu,Imu,1789296583864235790,,"{""angular_velocity_x_radps"":-0.0251,""angular_velocity_y_radps"":0.2048,""ax_mps2"":5.2261,""ay_mps2"":7.0007,""az_mps2"":-0.3926,""orientation_w"":-0.8347,""orientation_x"":-0.0271,""orientation_y"":0.0136,""orientation_z"":0.5499,""yaw_rate_radps"":3.3952}"
6921,7838956090226,/autodrive/roboracer_1/imu,Imu,1789296583889131111,,"{""angular_velocity_x_radps"":-0.0251,""angular_velocity_y_radps"":0.2065,""ax_mps2"":5.2727,""ay_mps2"":6.9413,""az_mps2"":-0.3855,""orientation_w"":-0.8574,""orientation_x"":-0.0276,""orientation_y"":0.0124,""orientation_z"":0.5138,""yaw_rate_radps"":3.4242}"
6930,7838979811319,/autodrive/roboracer_1/imu,Imu,1789296583913720738,,"{""angular_velocity_x_radps"":-0.0253,""angular_velocity_y_radps"":0.2081,""ax_mps2"":5.3126,""ay_mps2"":6.8812,""az_mps2"":-0.379,""orientation_w"":-0.8779,""orientation_x"":-0.0281,""orientation_y"":0.0113,""orientation_z"":0.4779,""yaw_rate_radps"":3.452}"
6939,7839006342036,/autodrive/roboracer_1/imu,Imu,1789296583939198865,,"{""angular_velocity_x_radps"":-0.0254,""angular_velocity_y_radps"":0.2098,""ax_mps2"":5.3481,""ay_mps2"":6.8101,""az_mps2"":-0.3766,""orientation_w"":-0.8986,""orientation_x"":-0.0286,""orientation_y"":0.01,""orientation_z"":0.4378,""yaw_rate_radps"":3.4819}"
6948,7839029855047,/autodrive/roboracer_1/imu,Imu,1789296583963744689,,"{""angular_velocity_x_radps"":-0.0255,""angular_velocity_y_radps"":0.2114,""ax_mps2"":5.377,""ay_mps2"":6.7438,""az_mps2"":-0.3705,""orientation_w"":-0.9162,""orientation_x"":-0.029,""orientation_y"":0.0088,""orientation_z"":0.3997,""yaw_rate_radps"":3.5096}"
6957,7839056307598,/autodrive/roboracer_1/imu,Imu,1789296583989164727,,"{""angular_velocity_x_radps"":-0.0256,""angular_velocity_y_radps"":0.2132,""ax_mps2"":5.4021,""ay_mps2"":6.6698,""az_mps2"":-0.3644,""orientation_w"":-0.9335,""orientation_x"":-0.0294,""orientation_y"":0.0075,""orientation_z"":0.3572,""yaw_rate_radps"":3.5394}"
6965,7839082239909,/autodrive/roboracer_1/imu,Imu,1789296584013980799,,"{""angular_velocity_x_radps"":-0.0257,""angular_velocity_y_radps"":0.2148,""ax_mps2"":5.4181,""ay_mps2"":6.5944,""az_mps2"":-0.3633,""orientation_w"":-0.9485,""orientation_x"":-0.0296,""orientation_y"":0.0061,""orientation_z"":0.3153,""yaw_rate_radps"":3.5681}"
6974,7839105920486,/autodrive/roboracer_1/imu,Imu,1789296584039418020,,"{""angular_velocity_x_radps"":-0.0259,""angular_velocity_y_radps"":0.2165,""ax_mps2"":5.4287,""ay_mps2"":6.5197,""az_mps2"":-0.3596,""orientation_w"":-0.9617,""orientation_x"":-0.0299,""orientation_y"":0.0048,""orientation_z"":0.2724,""yaw_rate_radps"":3.5966}"
6983,7839131200450,/autodrive/roboracer_1/imu,Imu,1789296584064249471,,"{""angular_velocity_x_radps"":-0.0262,""angular_velocity_y_radps"":0.2182,""ax_mps2"":5.433,""ay_mps2"":6.444,""az_mps2"":-0.3561,""orientation_w"":-0.973,""orientation_x"":-0.0301,""orientation_y"":0.0034,""orientation_z"":0.2287,""yaw_rate_radps"":3.6251}"
6993,7839156015070,/autodrive/roboracer_1/imu,Imu,1789296584088933625,,"{""angular_velocity_x_radps"":-0.0261,""angular_velocity_y_radps"":0.2198,""ax_mps2"":5.435,""ay_mps2"":6.3749,""az_mps2"":-0.3418,""orientation_w"":-0.9824,""orientation_x"":-0.0302,""orientation_y"":0.0021,""orientation_z"":0.1841,""yaw_rate_radps"":3.6535}"
7002,7839180097662,/autodrive/roboracer_1/imu,Imu,1789296584113638428,,"{""angular_velocity_x_radps"":-0.019,""angular_velocity_y_radps"":0.2225,""ax_mps2"":5.3725,""ay_mps2"":6.6279,""az_mps2"":-0.3752,""orientation_w"":-0.9896,""orientation_x"":-0.0303,""orientation_y"":0.0007,""orientation_z"":0.1406,""yaw_rate_radps"":3.6924}"
7011,7839205852530,/autodrive/roboracer_1/imu,Imu,1789296584138955632,,"{""angular_velocity_x_radps"":-0.0469,""angular_velocity_y_radps"":0.2224,""ax_mps2"":5.3246,""ay_mps2"":5.4089,""az_mps2"":-0.2948,""orientation_w"":-0.9952,""orientation_x"":-0.0302,""orientation_y"":-0.0007,""orientation_z"":0.0927,""yaw_rate_radps"":3.6569}"
7020,7839230905528,/autodrive/roboracer_1/imu,Imu,1789296584164095343,,"{""angular_velocity_x_radps"":-0.1876,""angular_velocity_y_radps"":0.1636,""ax_mps2"":5.8969,""ay_mps2"":1.8686,""az_mps2"":-0.075,""orientation_w"":-0.9983,""orientation_x"":-0.0284,""orientation_y"":-0.002,""orientation_z"":0.0511,""yaw_rate_radps"":2.9771}"
7029,7839256031783,/autodrive/roboracer_1/imu,Imu,1789296584189098006,,"{""angular_velocity_x_radps"":-0.1456,""angular_velocity_y_radps"":0.1171,""ax_mps2"":5.7733,""ay_mps2"":2.3335,""az_mps2"":-0.095,""orientation_w"":-0.9995,""orientation_x"":-0.0265,""orientation_y"":-0.0029,""orientation_z"":0.0185,""yaw_rate_radps"":2.291}"
7037,7839280851633,/autodrive/roboracer_1/imu,Imu,1789296584214203142,,"{""angular_velocity_x_radps"":-0.1088,""angular_velocity_y_radps"":0.0811,""ax_mps2"":5.6688,""ay_mps2"":2.73,""az_mps2"":-0.096,""orientation_w"":-0.9997,""orientation_x"":-0.025,""orientation_y"":-0.0035,""orientation_z"":-0.0062,""yaw_rate_radps"":1.6864}"
7046,7839306490081,/autodrive/roboracer_1/imu,Imu,1789296584239090989,,"{""angular_velocity_x_radps"":-0.0802,""angular_velocity_y_radps"":0.0526,""ax_mps2"":5.5763,""ay_mps2"":3.0329,""az_mps2"":-0.1045,""orientation_w"":-0.9994,""orientation_x"":-0.0239,""orientation_y"":-0.0039,""orientation_z"":-0.0237,""yaw_rate_radps"":1.1483}"
7056,7839331412053,/autodrive/roboracer_1/imu,Imu,1789296584263943410,,"{""angular_velocity_x_radps"":-0.0586,""angular_velocity_y_radps"":0.0288,""ax_mps2"":5.4969,""ay_mps2"":3.2433,""az_mps2"":-0.119,""orientation_w"":-0.9991,""orientation_x"":-0.0231,""orientation_y"":-0.0041,""orientation_z"":-0.0349,""yaw_rate_radps"":0.6595}"
7064,7839356078794,/autodrive/roboracer_1/imu,Imu,1789296584289283988,,"{""angular_velocity_x_radps"":-0.0388,""angular_velocity_y_radps"":0.007,""ax_mps2"":5.5497,""ay_mps2"":3.6419,""az_mps2"":-0.1335,""orientation_w"":-0.9989,""orientation_x"":-0.0225,""orientation_y"":-0.0042,""orientation_z"":-0.0401,""yaw_rate_radps"":0.2044}"
7074,7839381127303,/autodrive/roboracer_1/imu,Imu,1789296584314404112,,"{""angular_velocity_x_radps"":-0.1418,""angular_velocity_y_radps"":-0.0058,""ax_mps2"":5.4367,""ay_mps2"":0.8371,""az_mps2"":0.0358,""orientation_w"":-0.999,""orientation_x"":-0.022,""orientation_y"":-0.0042,""orientation_z"":-0.0396,""yaw_rate_radps"":-0.1162}"
7083,7839406345051,/autodrive/roboracer_1/imu,Imu,1789296584338972960,,"{""angular_velocity_x_radps"":-0.1713,""angular_velocity_y_radps"":-0.0027,""ax_mps2"":5.4084,""ay_mps2"":0.3187,""az_mps2"":0.0394,""orientation_w"":-0.9991,""orientation_x"":-0.0199,""orientation_y"":-0.004,""orientation_z"":-0.0385,""yaw_rate_radps"":-0.0633}"
7092,7839431095019,/autodrive/roboracer_1/imu,Imu,1789296584364207980,,"{""angular_velocity_x_radps"":-0.1554,""angular_velocity_y_radps"":-0.0003,""ax_mps2"":5.3621,""ay_mps2"":0.2844,""az_mps2"":0.0156,""orientation_w"":-0.9991,""orientation_x"":-0.0178,""orientation_y"":-0.004,""orientation_z"":-0.0381,""yaw_rate_radps"":-0.0095}"
7103,7839458236404,/autodrive/roboracer_1/imu,Imu,1789296584389482454,,"{""angular_velocity_x_radps"":-0.1387,""angular_velocity_y_radps"":0.0016,""ax_mps2"":5.3241,""ay_mps2"":0.2887,""az_mps2"":0.0126,""orientation_w"":-0.9991,""orientation_x"":-0.016,""orientation_y"":-0.0039,""orientation_z"":-0.0383,""yaw_rate_radps"":0.0438}"
7110,7839481312734,/autodrive/roboracer_1/imu,Imu,1789296584413980257,,"{""angular_velocity_x_radps"":-0.123,""angular_velocity_y_radps"":0.003,""ax_mps2"":5.2884,""ay_mps2"":0.308,""az_mps2"":0.0161,""orientation_w"":-0.9991,""orientation_x"":-0.0144,""orientation_y"":-0.0038,""orientation_z"":-0.0392,""yaw_rate_radps"":0.0968}"
7118,7839504804135,/autodrive/roboracer_1/imu,Imu,1789296584438548844,,"{""angular_velocity_x_radps"":-0.133,""angular_velocity_y_radps"":0.001,""ax_mps2"":5.3094,""ay_mps2"":-0.368,""az_mps2"":0.0519,""orientation_w"":-0.9991,""orientation_x"":-0.0128,""orientation_y"":-0.0038,""orientation_z"":-0.0403,""yaw_rate_radps"":0.0663}"
7127,7839530939759,/autodrive/roboracer_1/imu,Imu,1789296584464118784,,"{""angular_velocity_x_radps"":-0.1352,""angular_velocity_y_radps"":-0.001,""ax_mps2"":5.2261,""ay_mps2"":-0.8217,""az_mps2"":0.0551,""orientation_w"":-0.9991,""orientation_x"":-0.0111,""orientation_y"":-0.0037,""orientation_z"":-0.0405,""yaw_rate_radps"":-0.0373}"
7137,7839555892228,/autodrive/roboracer_1/imu,Imu,1789296584488919457,,"{""angular_velocity_x_radps"":-0.1387,""angular_velocity_y_radps"":-0.0025,""ax_mps2"":5.0938,""ay_mps2"":-1.3152,""az_mps2"":0.0584,""orientation_w"":-0.9992,""orientation_x"":-0.0094,""orientation_y"":-0.0036,""orientation_z"":-0.039,""yaw_rate_radps"":-0.2018}"
7146,7839580935367,/autodrive/roboracer_1/imu,Imu,1789296584514274874,,"{""angular_velocity_x_radps"":-0.1016,""angular_velocity_y_radps"":-0.0044,""ax_mps2"":5.1341,""ay_mps2"":-0.6248,""az_mps2"":0.0354,""orientation_w"":-0.9993,""orientation_x"":-0.0078,""orientation_y"":-0.0036,""orientation_z"":-0.0356,""yaw_rate_radps"":-0.3071}"
7155,7839606347309,/autodrive/roboracer_1/imu,Imu,1789296584539054728,,"{""angular_velocity_x_radps"":-0.0888,""angular_velocity_y_radps"":-0.0047,""ax_mps2"":5.0973,""ay_mps2"":-0.6507,""az_mps2"":0.0351,""orientation_w"":-0.9995,""orientation_x"":-0.0066,""orientation_y"":-0.0035,""orientation_z"":-0.0315,""yaw_rate_radps"":-0.3581}"
7164,7839630912129,/autodrive/roboracer_1/imu,Imu,1789296584564127693,,"{""angular_velocity_x_radps"":-0.0821,""angular_velocity_y_radps"":-0.0044,""ax_mps2"":5.0684,""ay_mps2"":-0.7394,""az_mps2"":0.0595,""orientation_w"":-0.9996,""orientation_x"":-0.0055,""orientation_y"":-0.0034,""orientation_z"":-0.0267,""yaw_rate_radps"":-0.4089}"
7173,7839656339682,/autodrive/roboracer_1/imu,Imu,1789296584589126349,,"{""angular_velocity_x_radps"":-0.0768,""angular_velocity_y_radps"":-0.004,""ax_mps2"":5.0174,""ay_mps2"":-0.8404,""az_mps2"":0.0318,""orientation_w"":-0.9998,""orientation_x"":-0.0045,""orientation_y"":-0.0034,""orientation_z"":-0.0212,""yaw_rate_radps"":-0.4594}"
7182,7839681130176,/autodrive/roboracer_1/imu,Imu,1789296584614013334,,"{""angular_velocity_x_radps"":-0.0726,""angular_velocity_y_radps"":-0.0035,""ax_mps2"":4.9796,""ay_mps2"":-0.9559,""az_mps2"":0.0367,""orientation_w"":-0.9999,""orientation_x"":-0.0036,""orientation_y"":-0.0034,""orientation_z"":-0.0152,""yaw_rate_radps"":-0.5095}"
7191,7839705955004,/autodrive/roboracer_1/imu,Imu,1789296584639337763,,"{""angular_velocity_x_radps"":-0.0693,""angular_velocity_y_radps"":-0.0027,""ax_mps2"":4.9424,""ay_mps2"":-1.0838,""az_mps2"":0.0437,""orientation_w"":-1.0,""orientation_x"":-0.0027,""orientation_y"":-0.0033,""orientation_z"":-0.0085,""yaw_rate_radps"":-0.5593}"
7199,7839731043379,/autodrive/roboracer_1/imu,Imu,1789296584663843912,,"{""angular_velocity_x_radps"":-0.0668,""angular_velocity_y_radps"":-0.0018,""ax_mps2"":4.8964,""ay_mps2"":-1.2228,""az_mps2"":0.0298,""orientation_w"":-1.0,""orientation_x"":-0.0018,""orientation_y"":-0.0033,""orientation_z"":-0.0012,""yaw_rate_radps"":-0.6088}"
7208,7839756255906,/autodrive/roboracer_1/imu,Imu,1789296584689375009,,"{""angular_velocity_x_radps"":-0.0651,""angular_velocity_y_radps"":-0.0007,""ax_mps2"":4.8591,""ay_mps2"":-1.3715,""az_mps2"":0.0369,""orientation_w"":-1.0,""orientation_x"":-0.001,""orientation_y"":-0.0033,""orientation_z"":0.0068,""yaw_rate_radps"":-0.6579}"
7218,7839780136610,/autodrive/roboracer_1/imu,Imu,1789296584713484522,,"{""angular_velocity_x_radps"":-0.064,""angular_velocity_y_radps"":0.0004,""ax_mps2"":4.8165,""ay_mps2"":-1.5262,""az_mps2"":0.028,""orientation_w"":-0.9999,""orientation_x"":-0.0002,""orientation_y"":-0.0033,""orientation_z"":0.015,""yaw_rate_radps"":-0.7048}"
7227,7839806082426,/autodrive/roboracer_1/imu,Imu,1789296584739216126,,"{""angular_velocity_x_radps"":-0.0634,""angular_velocity_y_radps"":0.0017,""ax_mps2"":4.7751,""ay_mps2"":-1.7044,""az_mps2"":0.0295,""orientation_w"":-0.9997,""orientation_x"":0.0007,""orientation_y"":-0.0034,""orientation_z"":0.0245,""yaw_rate_radps"":-0.7553}"
7235,7839829854896,/autodrive/roboracer_1/imu,Imu,1789296584763707648,,"{""angular_velocity_x_radps"":-0.0633,""angular_velocity_y_radps"":0.0033,""ax_mps2"":4.7399,""ay_mps2"":-1.8844,""az_mps2"":0.0393,""orientation_w"":-0.9994,""orientation_x"":0.0015,""orientation_y"":-0.0034,""orientation_z"":0.0338,""yaw_rate_radps"":-0.8015}"
7245,7839855993225,/autodrive/roboracer_1/imu,Imu,1789296584789094564,,"{""angular_velocity_x_radps"":-0.0637,""angular_velocity_y_radps"":0.005,""ax_mps2"":4.6866,""ay_mps2"":-2.0814,""az_mps2"":0.0119,""orientation_w"":-0.999,""orientation_x"":0.0024,""orientation_y"":-0.0035,""orientation_z"":0.0445,""yaw_rate_radps"":-0.8513}"
7253,7839880814577,/autodrive/roboracer_1/imu,Imu,1789296584814159885,,"{""angular_velocity_x_radps"":-0.0644,""angular_velocity_y_radps"":0.0068,""ax_mps2"":4.651,""ay_mps2"":-2.2875,""az_mps2"":0.0248,""orientation_w"":-0.9984,""orientation_x"":0.0032,""orientation_y"":-0.0035,""orientation_z"":0.0555,""yaw_rate_radps"":-0.8988}"
7263,7839905994563,/autodrive/roboracer_1/imu,Imu,1789296584839159472,,"{""angular_velocity_x_radps"":-0.0654,""angular_velocity_y_radps"":0.0088,""ax_mps2"":4.6069,""ay_mps2"":-2.4993,""az_mps2"":0.0151,""orientation_w"":-0.9977,""orientation_x"":0.004,""orientation_y"":-0.0037,""orientation_z"":0.067,""yaw_rate_radps"":-0.946}"
7272,7839929881879,/autodrive/roboracer_1/imu,Imu,1789296584863923747,,"{""angular_velocity_x_radps"":-0.0666,""angular_velocity_y_radps"":0.011,""ax_mps2"":4.5606,""ay_mps2"":-2.7114,""az_mps2"":-0.0033,""orientation_w"":-0.9969,""orientation_x"":0.0049,""orientation_y"":-0.0038,""orientation_z"":0.0786,""yaw_rate_radps"":-0.991}"
7280,7839956130325,/autodrive/roboracer_1/imu,Imu,1789296584889377639,,"{""angular_velocity_x_radps"":-0.0682,""angular_velocity_y_radps"":0.0135,""ax_mps2"":4.5176,""ay_mps2"":-2.9537,""az_mps2"":-0.0061,""orientation_w"":-0.9958,""orientation_x"":0.0058,""orientation_y"":-0.0039,""orientation_z"":0.0918,""yaw_rate_radps"":-1.0394}"
7289,7839980054991,/autodrive/roboracer_1/imu,Imu,1789296584913486200,,"{""angular_velocity_x_radps"":-0.0699,""angular_velocity_y_radps"":0.016,""ax_mps2"":4.4675,""ay_mps2"":-3.1837,""az_mps2"":-0.0345,""orientation_w"":-0.9945,""orientation_x"":0.0066,""orientation_y"":-0.0041,""orientation_z"":0.1044,""yaw_rate_radps"":-1.0838}"
7298,7840006111866,/autodrive/roboracer_1/imu,Imu,1789296584939294398,,"{""angular_velocity_x_radps"":-0.0719,""angular_velocity_y_radps"":0.0191,""ax_mps2"":4.4267,""ay_mps2"":-3.4454,""az_mps2"":-0.0339,""orientation_w"":-0.9929,""orientation_x"":0.0076,""orientation_y"":-0.0043,""orientation_z"":0.1188,""yaw_rate_radps"":-1.1315}"
7307,7840030977161,/autodrive/roboracer_1/imu,Imu,1789296584964354359,,"{""angular_velocity_x_radps"":-0.074,""angular_velocity_y_radps"":0.0221,""ax_mps2"":4.3914,""ay_mps2"":-3.7108,""az_mps2"":-0.0248,""orientation_w"":-0.9911,""orientation_x"":0.0085,""orientation_y"":-0.0046,""orientation_z"":0.1331,""yaw_rate_radps"":-1.1771}"
7316,7840055847996,/autodrive/roboracer_1/imu,Imu,1789296584989165422,,"{""angular_velocity_x_radps"":-0.0762,""angular_velocity_y_radps"":0.0254,""ax_mps2"":4.345,""ay_mps2"":-3.9761,""az_mps2"":-0.0429,""orientation_w"":-0.9889,""orientation_x"":0.0095,""orientation_y"":-0.0049,""orientation_z"":0.1479,""yaw_rate_radps"":-1.2223}"
7325,7840081094929,/autodrive/roboracer_1/imu,Imu,1789296585014181190,,"{""angular_velocity_x_radps"":-0.0786,""angular_velocity_y_radps"":0.0291,""ax_mps2"":4.2963,""ay_mps2"":-4.2505,""az_mps2"":-0.0688,""orientation_w"":-0.9865,""orientation_x"":0.0105,""orientation_y"":-0.0052,""orientation_z"":0.1633,""yaw_rate_radps"":-1.2672}"
7335,7840105885934,/autodrive/roboracer_1/imu,Imu,1789296585039301193,,"{""angular_velocity_x_radps"":-0.0811,""angular_velocity_y_radps"":0.033,""ax_mps2"":4.2589,""ay_mps2"":-4.5405,""az_mps2"":-0.067,""orientation_w"":-0.9837,""orientation_x"":0.0115,""orientation_y"":-0.0056,""orientation_z"":0.1792,""yaw_rate_radps"":-1.3118}"
7344,7840130883397,/autodrive/roboracer_1/imu,Imu,1789296585064072521,,"{""angular_velocity_x_radps"":-0.0836,""angular_velocity_y_radps"":0.0371,""ax_mps2"":4.2078,""ay_mps2"":-4.8293,""az_mps2"":-0.1006,""orientation_w"":-0.9806,""orientation_x"":0.0125,""orientation_y"":-0.006,""orientation_z"":0.1956,""yaw_rate_radps"":-1.356}"
7353,7840156044228,/autodrive/roboracer_1/imu,Imu,1789296585088978763,,"{""angular_velocity_x_radps"":-0.0862,""angular_velocity_y_radps"":0.0415,""ax_mps2"":4.1624,""ay_mps2"":-5.1258,""az_mps2"":-0.1234,""orientation_w"":-0.9771,""orientation_x"":0.0135,""orientation_y"":-0.0065,""orientation_z"":0.2125,""yaw_rate_radps"":-1.3999}"
7362,7840181157759,/autodrive/roboracer_1/imu,Imu,1789296585114143300,,"{""angular_velocity_x_radps"":-0.0889,""angular_velocity_y_radps"":0.0464,""ax_mps2"":4.1202,""ay_mps2"":-5.4385,""az_mps2"":-0.1389,""orientation_w"":-0.9731,""orientation_x"":0.0146,""orientation_y"":-0.007,""orientation_z"":0.2298,""yaw_rate_radps"":-1.4434}"
7370,7840205911464,/autodrive/roboracer_1/imu,Imu,1789296585139282210,,"{""angular_velocity_x_radps"":-0.0916,""angular_velocity_y_radps"":0.0514,""ax_mps2"":4.0639,""ay_mps2"":-5.7385,""az_mps2"":-0.192,""orientation_w"":-0.9687,""orientation_x"":0.0157,""orientation_y"":-0.0076,""orientation_z"":0.2476,""yaw_rate_radps"":-1.4866}"
7379,7840230808849,/autodrive/roboracer_1/imu,Imu,1789296585164138177,,"{""angular_velocity_x_radps"":-0.0945,""angular_velocity_y_radps"":0.0567,""ax_mps2"":4.0274,""ay_mps2"":-6.0709,""az_mps2"":-0.1968,""orientation_w"":-0.9638,""orientation_x"":0.0168,""orientation_y"":-0.0083,""orientation_z"":0.2658,""yaw_rate_radps"":-1.5295}"
7389,7840255214229,/autodrive/roboracer_1/imu,Imu,1789296585188577420,,"{""angular_velocity_x_radps"":-0.0974,""angular_velocity_y_radps"":0.0622,""ax_mps2"":3.9867,""ay_mps2"":-6.3888,""az_mps2"":-0.218,""orientation_w"":-0.9587,""orientation_x"":0.0179,""orientation_y"":-0.0089,""orientation_z"":0.2837,""yaw_rate_radps"":-1.5703}"
7398,7840282106996,/autodrive/roboracer_1/imu,Imu,1789296585214210108,,"{""angular_velocity_x_radps"":-0.1005,""angular_velocity_y_radps"":0.0684,""ax_mps2"":3.9375,""ay_mps2"":-6.7355,""az_mps2"":-0.2578,""orientation_w"":-0.9526,""orientation_x"":0.019,""orientation_y"":-0.0098,""orientation_z"":0.3035,""yaw_rate_radps"":-1.6141}"
7406,7840305908390,/autodrive/roboracer_1/imu,Imu,1789296585239442884,,"{""angular_velocity_x_radps"":-0.1036,""angular_velocity_y_radps"":0.0747,""ax_mps2"":3.8948,""ay_mps2"":-7.0787,""az_mps2"":-0.2863,""orientation_w"":-0.9461,""orientation_x"":0.0202,""orientation_y"":-0.0106,""orientation_z"":0.3229,""yaw_rate_radps"":-1.6559}"
7416,7840330776600,/autodrive/roboracer_1/imu,Imu,1789296585264013715,,"{""angular_velocity_x_radps"":-0.1068,""angular_velocity_y_radps"":0.0814,""ax_mps2"":3.8506,""ay_mps2"":-7.4249,""az_mps2"":-0.3218,""orientation_w"":-0.9391,""orientation_x"":0.0213,""orientation_y"":-0.0115,""orientation_z"":0.3427,""yaw_rate_radps"":-1.6972}"
7425,7840355095167,/autodrive/roboracer_1/imu,Imu,1789296585288620573,,"{""angular_velocity_x_radps"":-0.1098,""angular_velocity_y_radps"":0.0883,""ax_mps2"":3.8007,""ay_mps2"":-7.7538,""az_mps2"":-0.376,""orientation_w"":-0.9318,""orientation_x"":0.0224,""orientation_y"":-0.0125,""orientation_z"":0.362,""yaw_rate_radps"":-1.7366}"
7434,7840382336570,/autodrive/roboracer_1/imu,Imu,1789296585313964739,,"{""angular_velocity_x_radps"":-0.113,""angular_velocity_y_radps"":0.0957,""ax_mps2"":3.7499,""ay_mps2"":-8.0989,""az_mps2"":-0.429,""orientation_w"":-0.9236,""orientation_x"":0.0236,""orientation_y"":-0.0136,""orientation_z"":0.3824,""yaw_rate_radps"":-1.7772}"
7442,7840405780652,/autodrive/roboracer_1/imu,Imu,1789296585339402450,,"{""angular_velocity_x_radps"":-0.1164,""angular_velocity_y_radps"":0.1041,""ax_mps2"":3.6894,""ay_mps2"":-8.4681,""az_mps2"":-0.4833,""orientation_w"":-0.9144,""orientation_x"":0.0248,""orientation_y"":-0.0148,""orientation_z"":0.4039,""yaw_rate_radps"":-1.8184}"
7451,7840431182175,/autodrive/roboracer_1/imu,Imu,1789296585364046088,,"{""angular_velocity_x_radps"":-0.1199,""angular_velocity_y_radps"":0.1126,""ax_mps2"":3.6228,""ay_mps2"":-8.8279,""az_mps2"":-0.5249,""orientation_w"":-0.9048,""orientation_x"":0.0259,""orientation_y"":-0.016,""orientation_z"":0.4248,""yaw_rate_radps"":-1.8581}"
7463,7840456656155,/autodrive/roboracer_1/imu,Imu,1789296585389239740,,"{""angular_velocity_x_radps"":-0.1221,""angular_velocity_y_radps"":0.1223,""ax_mps2"":3.4874,""ay_mps2"":-9.1464,""az_mps2"":-0.5769,""orientation_w"":-0.8945,""orientation_x"":0.027,""orientation_y"":-0.0174,""orientation_z"":0.4459,""yaw_rate_radps"":-1.8964}"
7469,7840480158707,/autodrive/roboracer_1/imu,Imu,1789296585413811673,,"{""angular_velocity_x_radps"":-0.1205,""angular_velocity_y_radps"":0.1348,""ax_mps2"":3.2098,""ay_mps2"":-9.4093,""az_mps2"":-0.6109,""orientation_w"":-0.8839,""orientation_x"":0.028,""orientation_y"":-0.0188,""orientation_z"":0.4664,""yaw_rate_radps"":-1.9276}"
7478,7840504944362,/autodrive/roboracer_1/imu,Imu,1789296585438822231,,"{""angular_velocity_x_radps"":-0.1181,""angular_velocity_y_radps"":0.1483,""ax_mps2"":2.9216,""ay_mps2"":-9.6292,""az_mps2"":-0.6775,""orientation_w"":-0.8723,""orientation_x"":0.029,""orientation_y"":-0.0204,""orientation_z"":0.4877,""yaw_rate_radps"":-1.9564}"
7488,7840531326810,/autodrive/roboracer_1/imu,Imu,1789296585463991127,,"{""angular_velocity_x_radps"":-0.1124,""angular_velocity_y_radps"":0.161,""ax_mps2"":2.7131,""ay_mps2"":-9.8314,""az_mps2"":-0.6836,""orientation_w"":-0.8594,""orientation_x"":0.0298,""orientation_y"":-0.0222,""orientation_z"":0.5099,""yaw_rate_radps"":-1.98}"
7496,7840557023598,/autodrive/roboracer_1/imu,Imu,1789296585489407057,,"{""angular_velocity_x_radps"":-0.1015,""angular_velocity_y_radps"":0.1686,""ax_mps2"":2.6494,""ay_mps2"":-9.8671,""az_mps2"":-0.7183,""orientation_w"":-0.8464,""orientation_x"":0.0305,""orientation_y"":-0.0239,""orientation_z"":0.5312,""yaw_rate_radps"":-1.9965}"
7506,7840580933957,/autodrive/roboracer_1/imu,Imu,1789296585514305474,,"{""angular_velocity_x_radps"":-0.0889,""angular_velocity_y_radps"":0.1738,""ax_mps2"":2.6356,""ay_mps2"":-9.8559,""az_mps2"":-0.7506,""orientation_w"":-0.8327,""orientation_x"":0.0309,""orientation_y"":-0.0255,""orientation_z"":0.5522,""yaw_rate_radps"":-2.0131}"
7515,7840606141095,/autodrive/roboracer_1/imu,Imu,1789296585539146433,,"{""angular_velocity_x_radps"":-0.0765,""angular_velocity_y_radps"":0.1782,""ax_mps2"":2.6348,""ay_mps2"":-9.822,""az_mps2"":-0.7919,""orientation_w"":-0.8184,""orientation_x"":0.0312,""orientation_y"":-0.0271,""orientation_z"":0.5731,""yaw_rate_radps"":-2.0293}"
7526,7840632203401,/autodrive/roboracer_1/imu,Imu,1789296585564218096,,"{""angular_velocity_x_radps"":-0.065,""angular_velocity_y_radps"":0.1818,""ax_mps2"":2.6784,""ay_mps2"":-9.8195,""az_mps2"":-0.7739,""orientation_w"":-0.8035,""orientation_x"":0.0313,""orientation_y"":-0.0287,""orientation_z"":0.5938,""yaw_rate_radps"":-2.0451}"
7535,7840657229818,/autodrive/roboracer_1/imu,Imu,1789296585588746627,,"{""angular_velocity_x_radps"":-0.0529,""angular_velocity_y_radps"":0.1844,""ax_mps2"":2.7331,""ay_mps2"":-9.7085,""az_mps2"":-0.8337,""orientation_w"":-0.7879,""orientation_x"":0.0313,""orientation_y"":-0.0302,""orientation_z"":0.6143,""yaw_rate_radps"":-2.0603}"
7542,7840681054736,/autodrive/roboracer_1/imu,Imu,1789296585614125057,,"{""angular_velocity_x_radps"":-0.0397,""angular_velocity_y_radps"":0.1856,""ax_mps2"":2.8582,""ay_mps2"":-9.5931,""az_mps2"":-0.8392,""orientation_w"":-0.7716,""orientation_x"":0.0311,""orientation_y"":-0.0315,""orientation_z"":0.6345,""yaw_rate_radps"":-2.0748}"
7551,7840706049464,/autodrive/roboracer_1/imu,Imu,1789296585639017703,,"{""angular_velocity_x_radps"":-0.0251,""angular_velocity_y_radps"":0.1848,""ax_mps2"":3.063,""ay_mps2"":-9.417,""az_mps2"":-0.8215,""orientation_w"":-0.7548,""orientation_x"":0.0307,""orientation_y"":-0.0327,""orientation_z"":0.6544,""yaw_rate_radps"":-2.0884}"
7560,7840731202871,/autodrive/roboracer_1/imu,Imu,1789296585664327935,,"{""angular_velocity_x_radps"":-0.0055,""angular_velocity_y_radps"":0.1818,""ax_mps2"":3.3508,""ay_mps2"":-9.0908,""az_mps2"":-0.7677,""orientation_w"":-0.7373,""orientation_x"":0.0302,""orientation_y"":-0.0338,""orientation_z"":0.674,""yaw_rate_radps"":-2.0996}"
7569,7840755406281,/autodrive/roboracer_1/imu,Imu,1789296585688716934,,"{""angular_velocity_x_radps"":0.0387,""angular_velocity_y_radps"":0.1784,""ax_mps2"":3.4685,""ay_mps2"":-8.1165,""az_mps2"":-0.6761,""orientation_w"":-0.7201,""orientation_x"":0.0295,""orientation_y"":-0.0345,""orientation_z"":0.6924,""yaw_rate_radps"":-2.0897}"
7578,7840781228956,/autodrive/roboracer_1/imu,Imu,1789296585714235737,,"{""angular_velocity_x_radps"":0.1029,""angular_velocity_y_radps"":0.1761,""ax_mps2"":3.488,""ay_mps2"":-6.7185,""az_mps2"":-0.5839,""orientation_w"":-0.701,""orientation_x"":0.0281,""orientation_y"":-0.0347,""orientation_z"":0.7118,""yaw_rate_radps"":-2.0768}"
7587,7840806158652,/autodrive/roboracer_1/imu,Imu,1789296585739420493,,"{""angular_velocity_x_radps"":0.1318,""angular_velocity_y_radps"":0.1746,""ax_mps2"":3.4855,""ay_mps2"":-6.1266,""az_mps2"":-0.4987,""orientation_w"":-0.6822,""orientation_x"":0.0264,""orientation_y"":-0.0344,""orientation_z"":0.7299,""yaw_rate_radps"":-2.0931}"
7596,7840831163279,/autodrive/roboracer_1/imu,Imu,1789296585764248648,,"{""angular_velocity_x_radps"":0.1224,""angular_velocity_y_radps"":0.1727,""ax_mps2"":3.4677,""ay_mps2"":-6.1602,""az_mps2"":-0.4859,""orientation_w"":-0.6627,""orientation_x"":0.0246,""orientation_y"":-0.034,""orientation_z"":0.7477,""yaw_rate_radps"":-2.1251}"
7605,7840856184076,/autodrive/roboracer_1/imu,Imu,1789296585789425128,,"{""angular_velocity_x_radps"":0.1113,""angular_velocity_y_radps"":0.1707,""ax_mps2"":3.4524,""ay_mps2"":-6.2066,""az_mps2"":-0.4755,""orientation_w"":-0.6424,""orientation_x"":0.023,""orientation_y"":-0.0336,""orientation_z"":0.7653,""yaw_rate_radps"":-2.1571}"
7614,7840881161241,/autodrive/roboracer_1/imu,Imu,1789296585814137625,,"{""angular_velocity_x_radps"":0.1012,""angular_velocity_y_radps"":0.1689,""ax_mps2"":3.4523,""ay_mps2"":-6.2707,""az_mps2"":-0.4384,""orientation_w"":-0.6213,""orientation_x"":0.0214,""orientation_y"":-0.0333,""orientation_z"":0.7826,""yaw_rate_radps"":-2.1891}"
7623,7840906244586,/autodrive/roboracer_1/imu,Imu,1789296585839397782,,"{""angular_velocity_x_radps"":0.0924,""angular_velocity_y_radps"":0.1674,""ax_mps2"":3.4447,""ay_mps2"":-6.323,""az_mps2"":-0.4256,""orientation_w"":-0.5995,""orientation_x"":0.0199,""orientation_y"":-0.0331,""orientation_z"":0.7995,""yaw_rate_radps"":-2.2212}"
7632,7840936214851,/autodrive/roboracer_1/imu,Imu,1789296585864026923,,"{""angular_velocity_x_radps"":0.0849,""angular_velocity_y_radps"":0.1663,""ax_mps2"":3.4182,""ay_mps2"":-6.3436,""az_mps2"":-0.4703,""orientation_w"":-0.5768,""orientation_x"":0.0185,""orientation_y"":-0.0329,""orientation_z"":0.816,""yaw_rate_radps"":-2.2531}"
7641,7840956170372,/autodrive/roboracer_1/imu,Imu,1789296585889454625,,"{""angular_velocity_x_radps"":0.078,""angular_velocity_y_radps"":0.1654,""ax_mps2"":3.405,""ay_mps2"":-6.3808,""az_mps2"":-0.4901,""orientation_w"":-0.5534,""orientation_x"":0.0171,""orientation_y"":-0.0327,""orientation_z"":0.8321,""yaw_rate_radps"":-2.285}"
7652,7840982053150,/autodrive/roboracer_1/imu,Imu,1789296585914338214,,"{""angular_velocity_x_radps"":0.0716,""angular_velocity_y_radps"":0.1647,""ax_mps2"":3.4166,""ay_mps2"":-6.4496,""az_mps2"":-0.4575,""orientation_w"":-0.5292,""orientation_x"":0.0158,""orientation_y"":-0.0326,""orientation_z"":0.8477,""yaw_rate_radps"":-2.3169}"
7659,7841006270056,/autodrive/roboracer_1/imu,Imu,1789296585938946586,,"{""angular_velocity_x_radps"":0.0659,""angular_velocity_y_radps"":0.1643,""ax_mps2"":3.4352,""ay_mps2"":-6.5242,""az_mps2"":-0.4174,""orientation_w"":-0.5042,""orientation_x"":0.0146,""orientation_y"":-0.0325,""orientation_z"":0.8629,""yaw_rate_radps"":-2.3487}"
7668,7841031311141,/autodrive/roboracer_1/imu,Imu,1789296585964286473,,"{""angular_velocity_x_radps"":0.0611,""angular_velocity_y_radps"":0.1641,""ax_mps2"":3.438,""ay_mps2"":-6.5718,""az_mps2"":-0.4254,""orientation_w"":-0.4784,""orientation_x"":0.0134,""orientation_y"":-0.0324,""orientation_z"":0.8775,""yaw_rate_radps"":-2.3804}"
7676,7841056148974,/autodrive/roboracer_1/imu,Imu,1789296585989337828,,"{""angular_velocity_x_radps"":0.0566,""angular_velocity_y_radps"":0.1641,""ax_mps2"":3.4522,""ay_mps2"":-6.631,""az_mps2"":-0.4147,""orientation_w"":-0.4518,""orientation_x"":0.0122,""orientation_y"":-0.0323,""orientation_z"":0.8914,""yaw_rate_radps"":-2.4121}"
7686,7841080867783,/autodrive/roboracer_1/imu,Imu,1789296586014119375,,"{""angular_velocity_x_radps"":0.0526,""angular_velocity_y_radps"":0.1642,""ax_mps2"":3.4595,""ay_mps2"":-6.674,""az_mps2"":-0.4323,""orientation_w"":-0.4245,""orientation_x"":0.011,""orientation_y"":-0.0322,""orientation_z"":0.9048,""yaw_rate_radps"":-2.4437}"
7694,7841105811225,/autodrive/roboracer_1/imu,Imu,1789296586039044893,,"{""angular_velocity_x_radps"":0.0495,""angular_velocity_y_radps"":0.1645,""ax_mps2"":3.4743,""ay_mps2"":-6.7236,""az_mps2"":-0.4394,""orientation_w"":-0.3964,""orientation_x"":0.0099,""orientation_y"":-0.0322,""orientation_z"":0.9174,""yaw_rate_radps"":-2.4752}"
7703,7841130976153,/autodrive/roboracer_1/imu,Imu,1789296586064040994,,"{""angular_velocity_x_radps"":0.0462,""angular_velocity_y_radps"":0.1649,""ax_mps2"":3.5002,""ay_mps2"":-6.7828,""az_mps2"":-0.4293,""orientation_w"":-0.3676,""orientation_x"":0.0087,""orientation_y"":-0.0321,""orientation_z"":0.9294,""yaw_rate_radps"":-2.5066}"
7713,7841155833623,/autodrive/roboracer_1/imu,Imu,1789296586089212544,,"{""angular_velocity_x_radps"":0.0432,""angular_velocity_y_radps"":0.1654,""ax_mps2"":3.5436,""ay_mps2"":-6.8594,""az_mps2"":-0.3872,""orientation_w"":-0.3381,""orientation_x"":0.0076,""orientation_y"":-0.0321,""orientation_z"":0.9405,""yaw_rate_radps"":-2.538}"
7721,7841180976239,/autodrive/roboracer_1/imu,Imu,1789296586114212151,,"{""angular_velocity_x_radps"":0.0409,""angular_velocity_y_radps"":0.1661,""ax_mps2"":3.5575,""ay_mps2"":-6.8891,""az_mps2"":-0.4263,""orientation_w"":-0.3078,""orientation_x"":0.0065,""orientation_y"":-0.032,""orientation_z"":0.9509,""yaw_rate_radps"":-2.5693}"
7731,7841205844039,/autodrive/roboracer_1/imu,Imu,1789296586138765259,,"{""angular_velocity_x_radps"":0.0386,""angular_velocity_y_radps"":0.1669,""ax_mps2"":3.5828,""ay_mps2"":-6.9298,""az_mps2"":-0.4458,""orientation_w"":-0.2768,""orientation_x"":0.0054,""orientation_y"":-0.032,""orientation_z"":0.9604,""yaw_rate_radps"":-2.6005}"
7739,7841231091121,/autodrive/roboracer_1/imu,Imu,1789296586164147766,,"{""angular_velocity_x_radps"":0.0371,""angular_velocity_y_radps"":0.1678,""ax_mps2"":3.6023,""ay_mps2"":-6.9533,""az_mps2"":-0.4912,""orientation_w"":-0.2452,""orientation_x"":0.0043,""orientation_y"":-0.0319,""orientation_z"":0.9689,""yaw_rate_radps"":-2.6316}"
7748,7841255117158,/autodrive/roboracer_1/imu,Imu,1789296586188756048,,"{""angular_velocity_x_radps"":0.0349,""angular_velocity_y_radps"":0.1686,""ax_mps2"":3.6747,""ay_mps2"":-7.0453,""az_mps2"":-0.4099,""orientation_w"":-0.2143,""orientation_x"":0.0033,""orientation_y"":-0.0318,""orientation_z"":0.9763,""yaw_rate_radps"":-2.6614}"
7760,7841281515947,/autodrive/roboracer_1/imu,Imu,1789296586213645999,,"{""angular_velocity_x_radps"":0.0334,""angular_velocity_y_radps"":0.1697,""ax_mps2"":3.7255,""ay_mps2"":-7.0984,""az_mps2"":-0.4004,""orientation_w"":-0.1801,""orientation_x"":0.0021,""orientation_y"":-0.0317,""orientation_z"":0.9831,""yaw_rate_radps"":-2.6936}"
7769,7841305991228,/autodrive/roboracer_1/imu,Imu,1789296586238641538,,"{""angular_velocity_x_radps"":0.032,""angular_velocity_y_radps"":0.1708,""ax_mps2"":3.7594,""ay_mps2"":-7.1373,""az_mps2"":-0.4168,""orientation_w"":-0.148,""orientation_x"":0.0011,""orientation_y"":-0.0316,""orientation_z"":0.9885,""yaw_rate_radps"":-2.7232}"
7775,7841330781091,/autodrive/roboracer_1/imu,Imu,1789296586263893701,,"{""angular_velocity_x_radps"":0.0314,""angular_velocity_y_radps"":0.1721,""ax_mps2"":3.8063,""ay_mps2"":-7.169,""az_mps2"":-0.4342,""orientation_w"":-0.1126,""orientation_x"":-0.0001,""orientation_y"":-0.0315,""orientation_z"":0.9931,""yaw_rate_radps"":-2.7552}"
7785,7841356359326,/autodrive/roboracer_1/imu,Imu,1789296586288918375,,"{""angular_velocity_x_radps"":0.0302,""angular_velocity_y_radps"":0.1733,""ax_mps2"":3.8503,""ay_mps2"":-7.1919,""az_mps2"":-0.4618,""orientation_w"":-0.0781,""orientation_x"":-0.0011,""orientation_y"":-0.0313,""orientation_z"":0.9965,""yaw_rate_radps"":-2.7859}"
7794,7841381216746,/autodrive/roboracer_1/imu,Imu,1789296586314458679,,"{""angular_velocity_x_radps"":0.0293,""angular_velocity_y_radps"":0.1746,""ax_mps2"":3.9264,""ay_mps2"":-7.2529,""az_mps2"":-0.4166,""orientation_w"":-0.0431,""orientation_x"":-0.0022,""orientation_y"":-0.0312,""orientation_z"":0.9986,""yaw_rate_radps"":-2.8165}"
7803,7841406202818,/autodrive/roboracer_1/imu,Imu,1789296586339323373,,"{""angular_velocity_x_radps"":0.0286,""angular_velocity_y_radps"":0.1759,""ax_mps2"":3.9775,""ay_mps2"":-7.2684,""az_mps2"":-0.4424,""orientation_w"":-0.0076,""orientation_x"":-0.0033,""orientation_y"":-0.0309,""orientation_z"":0.9995,""yaw_rate_radps"":-2.847}"
7812,7841430398834,/autodrive/roboracer_1/imu,Imu,1789296586363630588,,"{""angular_velocity_x_radps"":0.028,""angular_velocity_y_radps"":0.1773,""ax_mps2"":4.0515,""ay_mps2"":-7.312,""az_mps2"":-0.4104,""orientation_w"":0.0268,""orientation_x"":-0.0044,""orientation_y"":-0.0307,""orientation_z"":0.9992,""yaw_rate_radps"":-2.8762}"
7821,7841456332788,/autodrive/roboracer_1/imu,Imu,1789296586389468181,,"{""angular_velocity_x_radps"":0.0275,""angular_velocity_y_radps"":0.1787,""ax_mps2"":4.1126,""ay_mps2"":-7.3262,""az_mps2"":-0.4292,""orientation_w"":0.0644,""orientation_x"":-0.0055,""orientation_y"":-0.0304,""orientation_z"":0.9974,""yaw_rate_radps"":-2.9078}"
7829,7841480969323,/autodrive/roboracer_1/imu,Imu,1789296586414248737,,"{""angular_velocity_x_radps"":0.0269,""angular_velocity_y_radps"":0.1801,""ax_mps2"":4.1757,""ay_mps2"":-7.3395,""az_mps2"":-0.4391,""orientation_w"":0.1009,""orientation_x"":-0.0066,""orientation_y"":-0.0301,""orientation_z"":0.9944,""yaw_rate_radps"":-2.938}"
7838,7841506228228,/autodrive/roboracer_1/imu,Imu,1789296586439379390,,"{""angular_velocity_x_radps"":0.0264,""angular_velocity_y_radps"":0.1816,""ax_mps2"":4.2561,""ay_mps2"":-7.3674,""az_mps2"":-0.4143,""orientation_w"":0.1376,""orientation_x"":-0.0077,""orientation_y"":-0.0298,""orientation_z"":0.99,""yaw_rate_radps"":-2.9682}"
7847,7841530260616,/autodrive/roboracer_1/imu,Imu,1789296586463572871,,"{""angular_velocity_x_radps"":0.026,""angular_velocity_y_radps"":0.1831,""ax_mps2"":4.3257,""ay_mps2"":-7.3779,""az_mps2"":-0.4117,""orientation_w"":0.173,""orientation_x"":-0.0088,""orientation_y"":-0.0295,""orientation_z"":0.9844,""yaw_rate_radps"":-2.9971}"
7857,7841556097708,/autodrive/roboracer_1/imu,Imu,1789296586489471940,,"{""angular_velocity_x_radps"":0.0257,""angular_velocity_y_radps"":0.1847,""ax_mps2"":4.4017,""ay_mps2"":-7.3842,""az_mps2"":-0.4081,""orientation_w"":0.2115,""orientation_x"":-0.0099,""orientation_y"":-0.029,""orientation_z"":0.9769,""yaw_rate_radps"":-3.0283}"
7866,7841581263969,/autodrive/roboracer_1/imu,Imu,1789296586514271391,,"{""angular_velocity_x_radps"":0.0254,""angular_velocity_y_radps"":0.1861,""ax_mps2"":4.4666,""ay_mps2"":-7.3729,""az_mps2"":-0.4272,""orientation_w"":0.2486,""orientation_x"":-0.011,""orientation_y"":-0.0286,""orientation_z"":0.9681,""yaw_rate_radps"":-3.0583}"
7874,7841604784184,/autodrive/roboracer_1/imu,Imu,1789296586538526989,,"{""angular_velocity_x_radps"":0.0253,""angular_velocity_y_radps"":0.1877,""ax_mps2"":4.5393,""ay_mps2"":-7.3714,""az_mps2"":-0.4197,""orientation_w"":0.2841,""orientation_x"":-0.012,""orientation_y"":-0.0281,""orientation_z"":0.9583,""yaw_rate_radps"":-3.0869}"
7883,7841631112650,/autodrive/roboracer_1/imu,Imu,1789296586563979308,,"{""angular_velocity_x_radps"":0.0251,""angular_velocity_y_radps"":0.1893,""ax_mps2"":4.6237,""ay_mps2"":-7.3725,""az_mps2"":-0.3975,""orientation_w"":0.3226,""orientation_x"":-0.0132,""orientation_y"":-0.0276,""orientation_z"":0.946,""yaw_rate_radps"":-3.1179}"
7893,7841657299350,/autodrive/roboracer_1/imu,Imu,1789296586589421287,,"{""angular_velocity_x_radps"":0.025,""angular_velocity_y_radps"":0.1909,""ax_mps2"":4.6917,""ay_mps2"":-7.3496,""az_mps2"":-0.4076,""orientation_w"":0.3595,""orientation_x"":-0.0142,""orientation_y"":-0.027,""orientation_z"":0.9326,""yaw_rate_radps"":-3.1477}"
7901,7841680671998,/autodrive/roboracer_1/imu,Imu,1789296586613878424,,"{""angular_velocity_x_radps"":0.0249,""angular_velocity_y_radps"":0.1925,""ax_mps2"":4.7603,""ay_mps2"":-7.3299,""az_mps2"":-0.4055,""orientation_w"":0.3947,""orientation_x"":-0.0152,""orientation_y"":-0.0264,""orientation_z"":0.9183,""yaw_rate_radps"":-3.1761}"
7910,7841706080123,/autodrive/roboracer_1/imu,Imu,1789296586639111891,,"{""angular_velocity_x_radps"":0.0249,""angular_velocity_y_radps"":0.1942,""ax_mps2"":4.8382,""ay_mps2"":-7.3078,""az_mps2"":-0.3929,""orientation_w"":0.4325,""orientation_x"":-0.0163,""orientation_y"":-0.0257,""orientation_z"":0.9011,""yaw_rate_radps"":-3.2069}"
7920,7841732078519,/autodrive/roboracer_1/imu,Imu,1789296586664385324,,"{""angular_velocity_x_radps"":0.0248,""angular_velocity_y_radps"":0.1958,""ax_mps2"":4.8994,""ay_mps2"":-7.2678,""az_mps2"":-0.4069,""orientation_w"":0.4685,""orientation_x"":-0.0173,""orientation_y"":-0.025,""orientation_z"":0.8829,""yaw_rate_radps"":-3.2363}"
7933,7841763373576,/autodrive/roboracer_1/imu,Imu,1789296586689078254,,"{""angular_velocity_x_radps"":0.0247,""angular_velocity_y_radps"":0.1974,""ax_mps2"":4.9686,""ay_mps2"":-7.2355,""az_mps2"":-0.3968,""orientation_w"":0.5041,""orientation_x"":-0.0183,""orientation_y"":-0.0243,""orientation_z"":0.8631,""yaw_rate_radps"":-3.2658}"
7937,7841784744068,/autodrive/roboracer_1/imu,Imu,1789296586714326479,,"{""angular_velocity_x_radps"":0.0249,""angular_velocity_y_radps"":0.1992,""ax_mps2"":5.0317,""ay_mps2"":-7.1876,""az_mps2"":-0.4013,""orientation_w"":0.5405,""orientation_x"":-0.0193,""orientation_y"":-0.0235,""orientation_z"":0.8408,""yaw_rate_radps"":-3.2963}"
7947,7841808789691,/autodrive/roboracer_1/imu,Imu,1789296586739335815,,"{""angular_velocity_x_radps"":0.0249,""angular_velocity_y_radps"":0.2008,""ax_mps2"":5.0907,""ay_mps2"":-7.1454,""az_mps2"":-0.3946,""orientation_w"":0.5735,""orientation_x"":-0.0202,""orientation_y"":-0.0227,""orientation_z"":0.8186,""yaw_rate_radps"":-3.3243}"
7956,7841832431675,/autodrive/roboracer_1/imu,Imu,1789296586764100109,,"{""angular_velocity_x_radps"":0.025,""angular_velocity_y_radps"":0.2024,""ax_mps2"":5.1445,""ay_mps2"":-7.0906,""az_mps2"":-0.3984,""orientation_w"":0.6072,""orientation_x"":-0.0211,""orientation_y"":-0.0218,""orientation_z"":0.7939,""yaw_rate_radps"":-3.3535}"
7965,7841856966158,/autodrive/roboracer_1/imu,Imu,1789296586789102832,,"{""angular_velocity_x_radps"":0.0251,""angular_velocity_y_radps"":0.2041,""ax_mps2"":5.1969,""ay_mps2"":-7.0349,""az_mps2"":-0.3954,""orientation_w"":0.6402,""orientation_x"":-0.022,""orientation_y"":-0.0209,""orientation_z"":0.7676,""yaw_rate_radps"":-3.3826}"
7974,7841880466605,/autodrive/roboracer_1/imu,Imu,1789296586813698149,,"{""angular_velocity_x_radps"":0.0251,""angular_velocity_y_radps"":0.2057,""ax_mps2"":5.2452,""ay_mps2"":-6.9811,""az_mps2"":-0.387,""orientation_w"":0.671,""orientation_x"":-0.0228,""orientation_y"":-0.02,""orientation_z"":0.7408,""yaw_rate_radps"":-3.4105}"
7982,7841906813136,/autodrive/roboracer_1/imu,Imu,1789296586839267528,,"{""angular_velocity_x_radps"":0.0252,""angular_velocity_y_radps"":0.2074,""ax_mps2"":5.289,""ay_mps2"":-6.9139,""az_mps2"":-0.3864,""orientation_w"":0.7034,""orientation_x"":-0.0237,""orientation_y"":-0.0189,""orientation_z"":0.7102,""yaw_rate_radps"":-3.4406}"
7991,7841931467955,/autodrive/roboracer_1/imu,Imu,1789296586864520693,,"{""angular_velocity_x_radps"":0.0254,""angular_velocity_y_radps"":0.2091,""ax_mps2"":5.3303,""ay_mps2"":-6.8527,""az_mps2"":-0.3745,""orientation_w"":0.7334,""orientation_x"":-0.0245,""orientation_y"":-0.0179,""orientation_z"":0.6791,""yaw_rate_radps"":-3.4695}"
8000,7841956055978,/autodrive/roboracer_1/imu,Imu,1789296586889416404,,"{""angular_velocity_x_radps"":0.0255,""angular_velocity_y_radps"":0.2108,""ax_mps2"":5.3622,""ay_mps2"":-6.7827,""az_mps2"":-0.3721,""orientation_w"":0.7624,""orientation_x"":-0.0252,""orientation_y"":-0.0168,""orientation_z"":0.6464,""yaw_rate_radps"":-3.4983}"
8010,7841981431683,/autodrive/roboracer_1/imu,Imu,1789296586914078697,,"{""angular_velocity_x_radps"":0.0256,""angular_velocity_y_radps"":0.2125,""ax_mps2"":5.3873,""ay_mps2"":-6.7095,""az_mps2"":-0.3729,""orientation_w"":0.7901,""orientation_x"":-0.0259,""orientation_y"":-0.0156,""orientation_z"":0.6123,""yaw_rate_radps"":-3.5271}"
8019,7842006729821,/autodrive/roboracer_1/imu,Imu,1789296586938836860,,"{""angular_velocity_x_radps"":0.035,""angular_velocity_y_radps"":0.2058,""ax_mps2"":5.7122,""ay_mps2"":-6.3959,""az_mps2"":-0.342,""orientation_w"":0.8163,""orientation_x"":-0.0265,""orientation_y"":-0.0145,""orientation_z"":0.5768,""yaw_rate_radps"":-3.5202}"
8027,7842031261950,/autodrive/roboracer_1/imu,Imu,1789296586964102458,,"{""angular_velocity_x_radps"":0.0333,""angular_velocity_y_radps"":0.2044,""ax_mps2"":5.721,""ay_mps2"":-6.3207,""az_mps2"":-0.3439,""orientation_w"":0.8409,""orientation_x"":-0.027,""orientation_y"":-0.0133,""orientation_z"":0.5404,""yaw_rate_radps"":-3.508}"
8037,7842055539559,/autodrive/roboracer_1/imu,Imu,1789296586988668831,,"{""angular_velocity_x_radps"":0.0319,""angular_velocity_y_radps"":0.2035,""ax_mps2"":5.729,""ay_mps2"":-6.2553,""az_mps2"":-0.3332,""orientation_w"":0.8629,""orientation_x"":-0.0274,""orientation_y"":-0.0121,""orientation_z"":0.5045,""yaw_rate_radps"":-3.4961}"
8045,7842080383133,/autodrive/roboracer_1/imu,Imu,1789296587013560234,,"{""angular_velocity_x_radps"":0.0304,""angular_velocity_y_radps"":0.2026,""ax_mps2"":5.7293,""ay_mps2"":-6.1852,""az_mps2"":-0.3264,""orientation_w"":0.8841,""orientation_x"":-0.0278,""orientation_y"":-0.0109,""orientation_z"":0.4663,""yaw_rate_radps"":-3.4838}"
8055,7842105492206,/autodrive/roboracer_1/imu,Imu,1789296587038788351,,"{""angular_velocity_x_radps"":0.0293,""angular_velocity_y_radps"":0.2018,""ax_mps2"":5.7266,""ay_mps2"":-6.1203,""az_mps2"":-0.3117,""orientation_w"":0.9036,""orientation_x"":-0.0281,""orientation_y"":-0.0097,""orientation_z"":0.4274,""yaw_rate_radps"":-3.4715}"
8063,7842131401744,/autodrive/roboracer_1/imu,Imu,1789296587063897905,,"{""angular_velocity_x_radps"":0.028,""angular_velocity_y_radps"":0.2009,""ax_mps2"":5.7051,""ay_mps2"":-6.0391,""az_mps2"":-0.3252,""orientation_w"":0.9219,""orientation_x"":-0.0284,""orientation_y"":-0.0084,""orientation_z"":0.3862,""yaw_rate_radps"":-3.4588}"
8072,7842156235370,/autodrive/roboracer_1/imu,Imu,1789296587088963637,,"{""angular_velocity_x_radps"":0.009,""angular_velocity_y_radps"":0.2016,""ax_mps2"":5.6563,""ay_mps2"":-6.8275,""az_mps2"":-0.3798,""orientation_w"":0.9378,""orientation_x"":-0.0287,""orientation_y"":-0.0072,""orientation_z"":0.346,""yaw_rate_radps"":-3.4695}"
8081,7842181667180,/autodrive/roboracer_1/imu,Imu,1789296587114467883,,"{""angular_velocity_x_radps"":0.1824,""angular_velocity_y_radps"":0.1797,""ax_mps2"":5.6659,""ay_mps2"":-1.9448,""az_mps2"":-0.0456,""orientation_w"":0.9516,""orientation_x"":-0.0282,""orientation_y"":-0.0058,""orientation_z"":0.3059,""yaw_rate_radps"":-3.114}"
8091,7842205143873,/autodrive/roboracer_1/imu,Imu,1789296587138657197,,"{""angular_velocity_x_radps"":0.1585,""angular_velocity_y_radps"":0.134,""ax_mps2"":5.6267,""ay_mps2"":-2.2337,""az_mps2"":-0.0795,""orientation_w"":0.9613,""orientation_x"":-0.0266,""orientation_y"":-0.0043,""orientation_z"":0.2741,""yaw_rate_radps"":-2.4612}"
8100,7842231540498,/autodrive/roboracer_1/imu,Imu,1789296587164201899,,"{""angular_velocity_x_radps"":0.1228,""angular_velocity_y_radps"":0.0925,""ax_mps2"":5.5866,""ay_mps2"":-2.5797,""az_mps2"":-0.1026,""orientation_w"":0.9686,""orientation_x"":-0.0251,""orientation_y"":-0.0031,""orientation_z"":0.2474,""yaw_rate_radps"":-1.8235}"
8111,7842257843606,/autodrive/roboracer_1/imu,Imu,1789296587189482485,,"{""angular_velocity_x_radps"":0.0952,""angular_velocity_y_radps"":0.0604,""ax_mps2"":5.5479,""ay_mps2"":-2.8364,""az_mps2"":-0.1156,""orientation_w"":0.9732,""orientation_x"":-0.024,""orientation_y"":-0.0024,""orientation_z"":0.2288,""yaw_rate_radps"":-1.2681}"
8118,7842281757692,/autodrive/roboracer_1/imu,Imu,1789296587213939081,,"{""angular_velocity_x_radps"":0.0736,""angular_velocity_y_radps"":0.0339,""ax_mps2"":5.5122,""ay_mps2"":-3.0206,""az_mps2"":-0.115,""orientation_w"":0.976,""orientation_x"":-0.0231,""orientation_y"":-0.0019,""orientation_z"":0.2166,""yaw_rate_radps"":-0.7557}"
8127,7842306519622,/autodrive/roboracer_1/imu,Imu,1789296587238898423,,"{""angular_velocity_x_radps"":0.035,""angular_velocity_y_radps"":0.01,""ax_mps2"":5.4857,""ay_mps2"":-4.15,""az_mps2"":-0.1344,""orientation_w"":0.9773,""orientation_x"":-0.0224,""orientation_y"":-0.0016,""orientation_z"":0.2105,""yaw_rate_radps"":-0.2525}"
8135,7842331653482,/autodrive/roboracer_1/imu,Imu,1789296587264003318,,"{""angular_velocity_x_radps"":0.173,""angular_velocity_y_radps"":0.0001,""ax_mps2"":5.4462,""ay_mps2"":-0.2192,""az_mps2"":0.038,""orientation_w"":0.9775,""orientation_x"":-0.0214,""orientation_y"":-0.0014,""orientation_z"":0.21,""yaw_rate_radps"":0.0009}"
8145,7842356834961,/autodrive/roboracer_1/imu,Imu,1789296587288961658,,"{""angular_velocity_x_radps"":0.1778,""angular_velocity_y_radps"":0.0605,""ax_mps2"":0.4804,""ay_mps2"":0.0172,""az_mps2"":0.0946,""orientation_w"":0.9775,""orientation_x"":-0.019,""orientation_y"":-0.0018,""orientation_z"":0.2101,""yaw_rate_radps"":0.0016}"
8154,7842381542259,/autodrive/roboracer_1/imu,Imu,1789296587314227045,,"{""angular_velocity_x_radps"":0.1631,""angular_velocity_y_radps"":0.1136,""ax_mps2"":0.013,""ay_mps2"":0.0492,""az_mps2"":-0.0036,""orientation_w"":0.9775,""orientation_x"":-0.0172,""orientation_y"":-0.0001,""orientation_z"":0.2101,""yaw_rate_radps"":0.0025}"
8163,7842405379951,/autodrive/roboracer_1/imu,Imu,1789296587338620862,,"{""angular_velocity_x_radps"":0.1455,""angular_velocity_y_radps"":0.1073,""ax_mps2"":-0.0287,""ay_mps2"":0.0477,""az_mps2"":0.0055,""orientation_w"":0.9776,""orientation_x"":-0.0156,""orientation_y"":0.0016,""orientation_z"":0.2101,""yaw_rate_radps"":0.0025}"
8172,7842431261497,/autodrive/roboracer_1/imu,Imu,1789296587363855702,,"{""angular_velocity_x_radps"":0.128,""angular_velocity_y_radps"":0.0952,""ax_mps2"":-0.0314,""ay_mps2"":0.0438,""az_mps2"":-0.02,""orientation_w"":0.9776,""orientation_x"":-0.0142,""orientation_y"":0.0032,""orientation_z"":0.2101,""yaw_rate_radps"":0.0024}"
8181,7842456514160,/autodrive/roboracer_1/imu,Imu,1789296587388629435,,"{""angular_velocity_x_radps"":0.1132,""angular_velocity_y_radps"":0.0844,""ax_mps2"":-0.0289,""ay_mps2"":0.0378,""az_mps2"":0.0086,""orientation_w"":0.9776,""orientation_x"":-0.013,""orientation_y"":0.0046,""orientation_z"":0.2101,""yaw_rate_radps"":0.0023}"
8190,7842481362062,/autodrive/roboracer_1/imu,Imu,1789296587413833777,,"{""angular_velocity_x_radps"":0.1001,""angular_velocity_y_radps"":0.0747,""ax_mps2"":-0.0256,""ay_mps2"":0.0333,""az_mps2"":0.0053,""orientation_w"":0.9776,""orientation_x"":-0.0119,""orientation_y"":0.0059,""orientation_z"":0.2101,""yaw_rate_radps"":0.0022}"
8198,7842505440176,/autodrive/roboracer_1/imu,Imu,1789296587438530705,,"{""angular_velocity_x_radps"":0.089,""angular_velocity_y_radps"":0.0663,""ax_mps2"":-0.0228,""ay_mps2"":0.0294,""az_mps2"":0.0041,""orientation_w"":0.9776,""orientation_x"":-0.0109,""orientation_y"":0.0069,""orientation_z"":0.2101,""yaw_rate_radps"":0.002}"
8208,7842531391554,/autodrive/roboracer_1/imu,Imu,1789296587463896741,,"{""angular_velocity_x_radps"":0.0784,""angular_velocity_y_radps"":0.0582,""ax_mps2"":-0.0199,""ay_mps2"":0.0259,""az_mps2"":-0.003,""orientation_w"":0.9776,""orientation_x"":-0.01,""orientation_y"":0.0079,""orientation_z"":0.2101,""yaw_rate_radps"":0.0019}"
8217,7842557106256,/autodrive/roboracer_1/imu,Imu,1789296587488893934,,"{""angular_velocity_x_radps"":0.0694,""angular_velocity_y_radps"":0.0514,""ax_mps2"":-0.0185,""ay_mps2"":0.0236,""az_mps2"":0.005,""orientation_w"":0.9776,""orientation_x"":-0.0093,""orientation_y"":0.0088,""orientation_z"":0.2101,""yaw_rate_radps"":0.0017}"
8226,7842580917258,/autodrive/roboracer_1/imu,Imu,1789296587513613405,,"{""angular_velocity_x_radps"":0.0618,""angular_velocity_y_radps"":0.0456,""ax_mps2"":-0.0157,""ay_mps2"":0.0209,""az_mps2"":-0.0037,""orientation_w"":0.9776,""orientation_x"":-0.0086,""orientation_y"":0.0095,""orientation_z"":0.2101,""yaw_rate_radps"":0.0016}"
8235,7842606423458,/autodrive/roboracer_1/imu,Imu,1789296587539183795,,"{""angular_velocity_x_radps"":0.0545,""angular_velocity_y_radps"":0.04,""ax_mps2"":-0.0149,""ay_mps2"":0.0178,""az_mps2"":-0.0076,""orientation_w"":0.9776,""orientation_x"":-0.008,""orientation_y"":0.0102,""orientation_z"":0.2102,""yaw_rate_radps"":0.0014}"
8243,7842630587313,/autodrive/roboracer_1/imu,Imu,1789296587563832994,,"{""angular_velocity_x_radps"":0.0486,""angular_velocity_y_radps"":0.0355,""ax_mps2"":-0.0116,""ay_mps2"":0.016,""az_mps2"":0.004,""orientation_w"":0.9776,""orientation_x"":-0.0075,""orientation_y"":0.0108,""orientation_z"":0.2102,""yaw_rate_radps"":0.0013}"
8253,7842655454692,/autodrive/roboracer_1/imu,Imu,1789296587588832070,,"{""angular_velocity_x_radps"":0.0431,""angular_velocity_y_radps"":0.0314,""ax_mps2"":-0.0113,""ay_mps2"":0.0146,""az_mps2"":0.0058,""orientation_w"":0.9776,""orientation_x"":-0.007,""orientation_y"":0.0113,""orientation_z"":0.2102,""yaw_rate_radps"":0.0012}"
8262,7842681545221,/autodrive/roboracer_1/imu,Imu,1789296587613769290,,"{""angular_velocity_x_radps"":0.038,""angular_velocity_y_radps"":0.0275,""ax_mps2"":-0.0095,""ay_mps2"":0.0122,""az_mps2"":-0.0042,""orientation_w"":0.9776,""orientation_x"":-0.0066,""orientation_y"":0.0118,""orientation_z"":0.2102,""yaw_rate_radps"":0.0011}"
8271,7842704898281,/autodrive/roboracer_1/imu,Imu,1789296587638627972,,"{""angular_velocity_x_radps"":0.0339,""angular_velocity_y_radps"":0.0244,""ax_mps2"":-0.0093,""ay_mps2"":0.011,""az_mps2"":0.0092,""orientation_w"":0.9776,""orientation_x"":-0.0063,""orientation_y"":0.0122,""orientation_z"":0.2102,""yaw_rate_radps"":0.001}"
8280,7842731185070,/autodrive/roboracer_1/imu,Imu,1789296587664321685,,"{""angular_velocity_x_radps"":0.0299,""angular_velocity_y_radps"":0.0214,""ax_mps2"":-0.0085,""ay_mps2"":0.0098,""az_mps2"":0.0069,""orientation_w"":0.9776,""orientation_x"":-0.0059,""orientation_y"":0.0126,""orientation_z"":0.2102,""yaw_rate_radps"":0.0009}"
8288,7842754836511,/autodrive/roboracer_1/imu,Imu,1789296587688841460,,"{""angular_velocity_x_radps"":0.0267,""angular_velocity_y_radps"":0.019,""ax_mps2"":-0.0069,""ay_mps2"":0.0083,""az_mps2"":-0.0003,""orientation_w"":0.9776,""orientation_x"":-0.0056,""orientation_y"":0.0129,""orientation_z"":0.2102,""yaw_rate_radps"":0.0008}"
8298,7842780264474,/autodrive/roboracer_1/imu,Imu,1789296587713628347,,"{""angular_velocity_x_radps"":0.0237,""angular_velocity_y_radps"":0.0167,""ax_mps2"":-0.0052,""ay_mps2"":0.0079,""az_mps2"":-0.0043,""orientation_w"":0.9776,""orientation_x"":-0.0054,""orientation_y"":0.0132,""orientation_z"":0.2102,""yaw_rate_radps"":0.0007}"
8307,7842806343361,/autodrive/roboracer_1/imu,Imu,1789296587739333060,,"{""angular_velocity_x_radps"":0.0209,""angular_velocity_y_radps"":0.0147,""ax_mps2"":-0.0057,""ay_mps2"":0.007,""az_mps2"":0.0103,""orientation_w"":0.9776,""orientation_x"":-0.0051,""orientation_y"":0.0134,""orientation_z"":0.2102,""yaw_rate_radps"":0.0006}"
8316,7842834844143,/autodrive/roboracer_1/imu,Imu,1789296587764478863,,"{""angular_velocity_x_radps"":0.0186,""angular_velocity_y_radps"":0.013,""ax_mps2"":-0.0027,""ay_mps2"":0.0061,""az_mps2"":-0.0091,""orientation_w"":0.9776,""orientation_x"":-0.0049,""orientation_y"":0.0137,""orientation_z"":0.2102,""yaw_rate_radps"":0.0006}"
8325,7842856110119,/autodrive/roboracer_1/imu,Imu,1789296587789201920,,"{""angular_velocity_x_radps"":0.0165,""angular_velocity_y_radps"":0.0114,""ax_mps2"":-0.0032,""ay_mps2"":0.0051,""az_mps2"":-0.0137,""orientation_w"":0.9775,""orientation_x"":-0.0048,""orientation_y"":0.0139,""orientation_z"":0.2102,""yaw_rate_radps"":0.0005}"
8334,7842881323799,/autodrive/roboracer_1/imu,Imu,1789296587814281898,,"{""angular_velocity_x_radps"":0.0146,""angular_velocity_y_radps"":0.01,""ax_mps2"":-0.0028,""ay_mps2"":0.0048,""az_mps2"":0.0073,""orientation_w"":0.9775,""orientation_x"":-0.0046,""orientation_y"":0.014,""orientation_z"":0.2102,""yaw_rate_radps"":0.0004}"
8343,7842906417693,/autodrive/roboracer_1/imu,Imu,1789296587839431678,,"{""angular_velocity_x_radps"":0.013,""angular_velocity_y_radps"":0.0089,""ax_mps2"":-0.0023,""ay_mps2"":0.0039,""az_mps2"":-0.0125,""orientation_w"":0.9775,""orientation_x"":-0.0044,""orientation_y"":0.0142,""orientation_z"":0.2102,""yaw_rate_radps"":0.0004}"
8352,7842931216092,/autodrive/roboracer_1/imu,Imu,1789296587864076448,,"{""angular_velocity_x_radps"":0.0115,""angular_velocity_y_radps"":0.0078,""ax_mps2"":-0.0041,""ay_mps2"":0.0042,""az_mps2"":0.0115,""orientation_w"":0.9775,""orientation_x"":-0.0043,""orientation_y"":0.0143,""orientation_z"":0.2102,""yaw_rate_radps"":0.0004}"
8360,7842956084052,/autodrive/roboracer_1/imu,Imu,1789296587888904653,,"{""angular_velocity_x_radps"":0.0102,""angular_velocity_y_radps"":0.0068,""ax_mps2"":-0.0019,""ay_mps2"":0.0023,""az_mps2"":-0.0034,""orientation_w"":0.9775,""orientation_x"":-0.0042,""orientation_y"":0.0144,""orientation_z"":0.2102,""yaw_rate_radps"":0.0003}"
8369,7842981223873,/autodrive/roboracer_1/imu,Imu,1789296587914471827,,"{""angular_velocity_x_radps"":0.0091,""angular_velocity_y_radps"":0.0061,""ax_mps2"":-0.0022,""ay_mps2"":0.0034,""az_mps2"":-0.0131,""orientation_w"":0.9775,""orientation_x"":-0.0041,""orientation_y"":0.0145,""orientation_z"":0.2102,""yaw_rate_radps"":0.0003}"
8379,7843005134452,/autodrive/roboracer_1/imu,Imu,1789296587938633238,,"{""angular_velocity_x_radps"":0.0081,""angular_velocity_y_radps"":0.0054,""ax_mps2"":-0.0007,""ay_mps2"":0.0023,""az_mps2"":-0.0127,""orientation_w"":0.9775,""orientation_x"":-0.004,""orientation_y"":0.0146,""orientation_z"":0.2102,""yaw_rate_radps"":0.0002}"
8388,7843030977205,/autodrive/roboracer_1/imu,Imu,1789296587964321090,,"{""angular_velocity_x_radps"":0.0072,""angular_velocity_y_radps"":0.0047,""ax_mps2"":-0.0018,""ay_mps2"":0.0026,""az_mps2"":-0.014,""orientation_w"":0.9775,""orientation_x"":-0.0039,""orientation_y"":0.0147,""orientation_z"":0.2102,""yaw_rate_radps"":0.0002}"
8397,7843056441727,/autodrive/roboracer_1/imu,Imu,1789296587989215269,,"{""angular_velocity_x_radps"":0.0064,""angular_velocity_y_radps"":0.0041,""ax_mps2"":-0.0006,""ay_mps2"":0.0026,""az_mps2"":-0.0076,""orientation_w"":0.9775,""orientation_x"":-0.0039,""orientation_y"":0.0148,""orientation_z"":0.2102,""yaw_rate_radps"":0.0002}"
8406,7843080146669,/autodrive/roboracer_1/imu,Imu,1789296588013569613,,"{""angular_velocity_x_radps"":0.0057,""angular_velocity_y_radps"":0.0037,""ax_mps2"":-0.0017,""ay_mps2"":0.0021,""az_mps2"":0.0005,""orientation_w"":0.9775,""orientation_x"":-0.0038,""orientation_y"":0.0148,""orientation_z"":0.2102,""yaw_rate_radps"":0.0002}"
8415,7843106297501,/autodrive/roboracer_1/imu,Imu,1789296588039276871,,"{""angular_velocity_x_radps"":0.005,""angular_velocity_y_radps"":0.0031,""ax_mps2"":-0.0022,""ay_mps2"":0.0022,""az_mps2"":0.0165,""orientation_w"":0.9775,""orientation_x"":-0.0037,""orientation_y"":0.0149,""orientation_z"":0.2102,""yaw_rate_radps"":0.0002}"
8424,7843130325010,/autodrive/roboracer_1/imu,Imu,1789296588063620154,,"{""angular_velocity_x_radps"":0.0045,""angular_velocity_y_radps"":0.0029,""ax_mps2"":0.0005,""ay_mps2"":0.002,""az_mps2"":-0.0197,""orientation_w"":0.9775,""orientation_x"":-0.0037,""orientation_y"":0.0149,""orientation_z"":0.2102,""yaw_rate_radps"":0.0001}"
8433,7843157540074,/autodrive/roboracer_1/imu,Imu,1789296588089167601,,"{""angular_velocity_x_radps"":0.004,""angular_velocity_y_radps"":0.0025,""ax_mps2"":-0.0015,""ay_mps2"":0.0015,""az_mps2"":0.0029,""orientation_w"":0.9775,""orientation_x"":-0.0037,""orientation_y"":0.015,""orientation_z"":0.2102,""yaw_rate_radps"":0.0001}"
8441,7843180162441,/autodrive/roboracer_1/imu,Imu,1789296588113462423,,"{""angular_velocity_x_radps"":0.0035,""angular_velocity_y_radps"":0.0022,""ax_mps2"":-0.0018,""ay_mps2"":0.0007,""az_mps2"":0.0128,""orientation_w"":0.9775,""orientation_x"":-0.0036,""orientation_y"":0.015,""orientation_z"":0.2102,""yaw_rate_radps"":0.0001}"
8451,7843204916376,/autodrive/roboracer_1/imu,Imu,1789296588138507676,,"{""angular_velocity_x_radps"":0.0031,""angular_velocity_y_radps"":0.0019,""ax_mps2"":0.0002,""ay_mps2"":0.0008,""az_mps2"":-0.0017,""orientation_w"":0.9775,""orientation_x"":-0.0036,""orientation_y"":0.0151,""orientation_z"":0.2102,""yaw_rate_radps"":0.0001}"
8460,7843230103806,/autodrive/roboracer_1/imu,Imu,1789296588163502374,,"{""angular_velocity_x_radps"":0.0028,""angular_velocity_y_radps"":0.0018,""ax_mps2"":-0.0024,""ay_mps2"":0.0009,""az_mps2"":0.0148,""orientation_w"":0.9775,""orientation_x"":-0.0035,""orientation_y"":0.0151,""orientation_z"":0.2102,""yaw_rate_radps"":0.0001}"
8468,7843255941269,/autodrive/roboracer_1/imu,Imu,1789296588189098664,,"{""angular_velocity_x_radps"":0.0025,""angular_velocity_y_radps"":0.0016,""ax_mps2"":0.0002,""ay_mps2"":0.0008,""az_mps2"":-0.0091,""orientation_w"":0.9775,""orientation_x"":-0.0035,""orientation_y"":0.0151,""orientation_z"":0.2102,""yaw_rate_radps"":0.0001}"
8477,7843281076371,/autodrive/roboracer_1/imu,Imu,1789296588214211093,,"{""angular_velocity_x_radps"":0.0022,""angular_velocity_y_radps"":0.0014,""ax_mps2"":-0.0005,""ay_mps2"":0.0005,""az_mps2"":-0.0139,""orientation_w"":0.9775,""orientation_x"":-0.0035,""orientation_y"":0.0151,""orientation_z"":0.2102,""yaw_rate_radps"":0.0001}"
8487,7843306168272,/autodrive/roboracer_1/imu,Imu,1789296588239428029,,"{""angular_velocity_x_radps"":0.0019,""angular_velocity_y_radps"":0.0011,""ax_mps2"":-0.0007,""ay_mps2"":0.0009,""az_mps2"":0.0,""orientation_w"":0.9775,""orientation_x"":-0.0035,""orientation_y"":0.0152,""orientation_z"":0.2102,""yaw_rate_radps"":0.0001}"
8496,7843330485627,/autodrive/roboracer_1/imu,Imu,1789296588263552160,,"{""angular_velocity_x_radps"":0.0017,""angular_velocity_y_radps"":0.001,""ax_mps2"":-0.0013,""ay_mps2"":0.0004,""az_mps2"":0.0091,""orientation_w"":0.9775,""orientation_x"":-0.0035,""orientation_y"":0.0152,""orientation_z"":0.2102,""yaw_rate_radps"":0.0001}"
8504,7843355129234,/autodrive/roboracer_1/imu,Imu,1789296588288647507,,"{""angular_velocity_x_radps"":0.0016,""angular_velocity_y_radps"":0.0009,""ax_mps2"":0.0001,""ay_mps2"":0.0007,""az_mps2"":-0.0095,""orientation_w"":0.9775,""orientation_x"":-0.0034,""orientation_y"":0.0152,""orientation_z"":0.2102,""yaw_rate_radps"":0.0}"
8513,7843380054642,/autodrive/roboracer_1/imu,Imu,1789296588313654659,,"{""angular_velocity_x_radps"":0.0014,""angular_velocity_y_radps"":0.0008,""ax_mps2"":-0.0003,""ay_mps2"":0.0002,""az_mps2"":0.0005,""orientation_w"":0.9775,""orientation_x"":-0.0034,""orientation_y"":0.0152,""orientation_z"":0.2102,""yaw_rate_radps"":0.0}"
8522,7843405786416,/autodrive/roboracer_1/imu,Imu,1789296588339028660,,"{""angular_velocity_x_radps"":0.0012,""angular_velocity_y_radps"":0.0008,""ax_mps2"":-0.0012,""ay_mps2"":0.0005,""az_mps2"":0.0116,""orientation_w"":0.9775,""orientation_x"":-0.0034,""orientation_y"":0.0152,""orientation_z"":0.2102,""yaw_rate_radps"":0.0}"
8532,7843431420347,/autodrive/roboracer_1/imu,Imu,1789296588364090475,,"{""angular_velocity_x_radps"":0.0011,""angular_velocity_y_radps"":0.0007,""ax_mps2"":-0.0002,""ay_mps2"":0.0006,""az_mps2"":0.0,""orientation_w"":0.9775,""orientation_x"":-0.0034,""orientation_y"":0.0152,""orientation_z"":0.2102,""yaw_rate_radps"":0.0}"
8541,7843454945471,/autodrive/roboracer_1/imu,Imu,1789296588388618395,,"{""angular_velocity_x_radps"":0.0009,""angular_velocity_y_radps"":0.0005,""ax_mps2"":-0.0026,""ay_mps2"":0.0013,""az_mps2"":0.0092,""orientation_w"":0.9775,""orientation_x"":-0.0034,""orientation_y"":0.0152,""orientation_z"":0.2102,""yaw_rate_radps"":0.0}"
8550,7843481679119,/autodrive/roboracer_1/imu,Imu,1789296588414086744,,"{""angular_velocity_x_radps"":0.0008,""angular_velocity_y_radps"":0.0005,""ax_mps2"":-0.0002,""ay_mps2"":0.0004,""az_mps2"":-0.0037,""orientation_w"":0.9775,""orientation_x"":-0.0034,""orientation_y"":0.0153,""orientation_z"":0.2102,""yaw_rate_radps"":0.0}"
8559,7843505130355,/autodrive/roboracer_1/imu,Imu,1789296588438589146,,"{""angular_velocity_x_radps"":0.0008,""angular_velocity_y_radps"":0.0005,""ax_mps2"":0.0001,""ay_mps2"":0.0001,""az_mps2"":-0.0013,""orientation_w"":0.9775,""orientation_x"":-0.0034,""orientation_y"":0.0153,""orientation_z"":0.2102,""yaw_rate_radps"":0.0}"
8568,7843531157084,/autodrive/roboracer_1/imu,Imu,1789296588464452247,,"{""angular_velocity_x_radps"":0.0007,""angular_velocity_y_radps"":0.0004,""ax_mps2"":0.0008,""ay_mps2"":0.0003,""az_mps2"":-0.0253,""orientation_w"":0.9775,""orientation_x"":-0.0034,""orientation_y"":0.0153,""orientation_z"":0.2102,""yaw_rate_radps"":0.0}"
8577,7843555893516,/autodrive/roboracer_1/imu,Imu,1789296588489338451,,"{""angular_velocity_x_radps"":0.0006,""angular_velocity_y_radps"":0.0003,""ax_mps2"":-0.0016,""ay_mps2"":0.0005,""az_mps2"":0.0117,""orientation_w"":0.9775,""orientation_x"":-0.0034,""orientation_y"":0.0153,""orientation_z"":0.2102,""yaw_rate_radps"":0.0}"
8585,7843581017096,/autodrive/roboracer_1/imu,Imu,1789296588514037774,,"{""angular_velocity_x_radps"":0.0005,""angular_velocity_y_radps"":0.0003,""ax_mps2"":0.0014,""ay_mps2"":0.0001,""az_mps2"":-0.002,""orientation_w"":0.9775,""orientation_x"":-0.0033,""orientation_y"":0.0153,""orientation_z"":0.2102,""yaw_rate_radps"":0.0}"
8595,7843606074683,/autodrive/roboracer_1/imu,Imu,1789296588539339188,,"{""angular_velocity_x_radps"":0.0005,""angular_velocity_y_radps"":0.0002,""ax_mps2"":-0.001,""ay_mps2"":0.0002,""az_mps2"":-0.0003,""orientation_w"":0.9775,""orientation_x"":-0.0033,""orientation_y"":0.0153,""orientation_z"":0.2102,""yaw_rate_radps"":0.0}"
8604,7843630049513,/autodrive/roboracer_1/imu,Imu,1789296588563447970,,"{""angular_velocity_x_radps"":0.0004,""angular_velocity_y_radps"":0.0002,""ax_mps2"":0.0018,""ay_mps2"":-0.0001,""az_mps2"":-0.0055,""orientation_w"":0.9775,""orientation_x"":-0.0033,""orientation_y"":0.0153,""orientation_z"":0.2102,""yaw_rate_radps"":0.0}"
8612,7843656209292,/autodrive/roboracer_1/imu,Imu,1789296588589129430,,"{""angular_velocity_x_radps"":0.0004,""angular_velocity_y_radps"":0.0002,""ax_mps2"":-0.0006,""ay_mps2"":0.0001,""az_mps2"":-0.0019,""orientation_w"":0.9775,""orientation_x"":-0.0033,""orientation_y"":0.0153,""orientation_z"":0.2102,""yaw_rate_radps"":0.0}"
8622,7843681348852,/autodrive/roboracer_1/imu,Imu,1789296588614432308,,"{""angular_velocity_x_radps"":0.0003,""angular_velocity_y_radps"":0.0002,""ax_mps2"":-0.0009,""ay_mps2"":0.0003,""az_mps2"":0.0039,""orientation_w"":0.9775,""orientation_x"":-0.0033,""orientation_y"":0.0153,""orientation_z"":0.2102,""yaw_rate_radps"":0.0}"
8630,7843706051671,/autodrive/roboracer_1/imu,Imu,1789296588639464085,,"{""angular_velocity_x_radps"":0.0003,""angular_velocity_y_radps"":0.0002,""ax_mps2"":-0.0001,""ay_mps2"":-0.0001,""az_mps2"":-0.0136,""orientation_w"":0.9775,""orientation_x"":-0.0033,""orientation_y"":0.0153,""orientation_z"":0.2102,""yaw_rate_radps"":0.0}"
8640,7843730031170,/autodrive/roboracer_1/imu,Imu,1789296588663648550,,"{""angular_velocity_x_radps"":0.0003,""angular_velocity_y_radps"":0.0001,""ax_mps2"":0.0009,""ay_mps2"":0.0007,""az_mps2"":-0.0058,""orientation_w"":0.9775,""orientation_x"":-0.0033,""orientation_y"":0.0153,""orientation_z"":0.2102,""yaw_rate_radps"":0.0}"
8649,7843756146806,/autodrive/roboracer_1/imu,Imu,1789296588689009326,,"{""angular_velocity_x_radps"":0.0002,""angular_velocity_y_radps"":0.0001,""ax_mps2"":-0.0002,""ay_mps2"":0.0,""az_mps2"":-0.0021,""orientation_w"":0.9775,""orientation_x"":-0.0033,""orientation_y"":0.0153,""orientation_z"":0.2102,""yaw_rate_radps"":0.0}"
8658,7843780324127,/autodrive/roboracer_1/imu,Imu,1789296588713797466,,"{""angular_velocity_x_radps"":0.0002,""angular_velocity_y_radps"":0.0001,""ax_mps2"":0.0004,""ay_mps2"":0.0006,""az_mps2"":0.0007,""orientation_w"":0.9775,""orientation_x"":-0.0033,""orientation_y"":0.0153,""orientation_z"":0.2102,""yaw_rate_radps"":0.0}"
8666,7843806293007,/autodrive/roboracer_1/imu,Imu,1789296588738973605,,"{""angular_velocity_x_radps"":0.0002,""angular_velocity_y_radps"":0.0001,""ax_mps2"":-0.0004,""ay_mps2"":0.0001,""az_mps2"":-0.0022,""orientation_w"":0.9775,""orientation_x"":-0.0033,""orientation_y"":0.0153,""orientation_z"":0.2102,""yaw_rate_radps"":0.0}"
8676,7843830450371,/autodrive/roboracer_1/imu,Imu,1789296588763688357,,"{""angular_velocity_x_radps"":0.0001,""angular_velocity_y_radps"":0.0,""ax_mps2"":-0.0004,""ay_mps2"":0.0,""az_mps2"":0.0055,""orientation_w"":0.9775,""orientation_x"":-0.0033,""orientation_y"":0.0153,""orientation_z"":0.2102,""yaw_rate_radps"":0.0}"
8684,7843856020381,/autodrive/roboracer_1/imu,Imu,1789296588789414150,,"{""angular_velocity_x_radps"":0.0002,""angular_velocity_y_radps"":0.0002,""ax_mps2"":0.0002,""ay_mps2"":-0.0002,""az_mps2"":0.015,""orientation_w"":0.9775,""orientation_x"":-0.0033,""orientation_y"":0.0153,""orientation_z"":0.2102,""yaw_rate_radps"":0.0}"
8694,7843881599177,/autodrive/roboracer_1/imu,Imu,1789296588814286948,,"{""angular_velocity_x_radps"":0.0002,""angular_velocity_y_radps"":0.0001,""ax_mps2"":0.0025,""ay_mps2"":-0.0004,""az_mps2"":-0.0122,""orientation_w"":0.9775,""orientation_x"":-0.0033,""orientation_y"":0.0153,""orientation_z"":0.2102,""yaw_rate_radps"":0.0}"
8703,7843905935146,/autodrive/roboracer_1/imu,Imu,1789296588839450284,,"{""angular_velocity_x_radps"":0.0001,""angular_velocity_y_radps"":0.0001,""ax_mps2"":-0.0005,""ay_mps2"":0.0005,""az_mps2"":-0.0026,""orientation_w"":0.9775,""orientation_x"":-0.0033,""orientation_y"":0.0153,""orientation_z"":0.2102,""yaw_rate_radps"":0.0}"
8712,7843931265415,/autodrive/roboracer_1/imu,Imu,1789296588864162570,,"{""angular_velocity_x_radps"":0.0001,""angular_velocity_y_radps"":0.0,""ax_mps2"":0.0004,""ay_mps2"":0.0006,""az_mps2"":-0.0071,""orientation_w"":0.9775,""orientation_x"":-0.0033,""orientation_y"":0.0153,""orientation_z"":0.2102,""yaw_rate_radps"":0.0}"
8720,7843954937496,/autodrive/roboracer_1/imu,Imu,1789296588888582898,,"{""angular_velocity_x_radps"":0.0001,""angular_velocity_y_radps"":0.0,""ax_mps2"":0.0004,""ay_mps2"":0.0001,""az_mps2"":-0.0035,""orientation_w"":0.9775,""orientation_x"":-0.0033,""orientation_y"":0.0153,""orientation_z"":0.2102,""yaw_rate_radps"":0.0}"
8730,7843981075224,/autodrive/roboracer_1/imu,Imu,1789296588914422916,,"{""angular_velocity_x_radps"":0.0001,""angular_velocity_y_radps"":0.0002,""ax_mps2"":0.0001,""ay_mps2"":0.0001,""az_mps2"":-0.0131,""orientation_w"":0.9775,""orientation_x"":-0.0033,""orientation_y"":0.0153,""orientation_z"":0.2102,""yaw_rate_radps"":0.0}"
8738,7844004851220,/autodrive/roboracer_1/imu,Imu,1789296588938579979,,"{""angular_velocity_x_radps"":0.0001,""angular_velocity_y_radps"":0.0001,""ax_mps2"":-0.001,""ay_mps2"":0.0003,""az_mps2"":-0.0004,""orientation_w"":0.9775,""orientation_x"":-0.0033,""orientation_y"":0.0153,""orientation_z"":0.2102,""yaw_rate_radps"":0.0}"
8747,7844030930808,/autodrive/roboracer_1/imu,Imu,1789296588964418133,,"{""angular_velocity_x_radps"":0.0001,""angular_velocity_y_radps"":0.0,""ax_mps2"":0.0012,""ay_mps2"":-0.0003,""az_mps2"":-0.013,""orientation_w"":0.9775,""orientation_x"":-0.0033,""orientation_y"":0.0153,""orientation_z"":0.2102,""yaw_rate_radps"":0.0}"
8757,7844056194683,/autodrive/roboracer_1/imu,Imu,1789296588988912230,,"{""angular_velocity_x_radps"":0.0001,""angular_velocity_y_radps"":-0.0002,""ax_mps2"":-0.0004,""ay_mps2"":-0.0002,""az_mps2"":0.0059,""orientation_w"":0.9775,""orientation_x"":-0.0033,""orientation_y"":0.0153,""orientation_z"":0.2102,""yaw_rate_radps"":0.0}"
8766,7844080940543,/autodrive/roboracer_1/imu,Imu,1789296589014339662,,"{""angular_velocity_x_radps"":0.0001,""angular_velocity_y_radps"":0.0,""ax_mps2"":-0.0001,""ay_mps2"":0.0002,""az_mps2"":0.0023,""orientation_w"":0.9775,""orientation_x"":-0.0033,""orientation_y"":0.0153,""orientation_z"":0.2102,""yaw_rate_radps"":0.0}"
8774,7844105982620,/autodrive/roboracer_1/imu,Imu,1789296589039099007,,"{""angular_velocity_x_radps"":0.0001,""angular_velocity_y_radps"":0.0001,""ax_mps2"":-0.0001,""ay_mps2"":-0.0006,""az_mps2"":0.0043,""orientation_w"":0.9775,""orientation_x"":-0.0033,""orientation_y"":0.0153,""orientation_z"":0.2102,""yaw_rate_radps"":0.0}"
8783,7844130961067,/autodrive/roboracer_1/imu,Imu,1789296589064449795,,"{""angular_velocity_x_radps"":0.0,""angular_velocity_y_radps"":0.0,""ax_mps2"":0.0001,""ay_mps2"":0.0,""az_mps2"":-0.0013,""orientation_w"":0.9775,""orientation_x"":-0.0033,""orientation_y"":0.0153,""orientation_z"":0.2102,""yaw_rate_radps"":0.0}"
8791,7844155969541,/autodrive/roboracer_1/imu,Imu,1789296589088525214,,"{""angular_velocity_x_radps"":0.0,""angular_velocity_y_radps"":0.0,""ax_mps2"":-0.0006,""ay_mps2"":0.0003,""az_mps2"":-0.0046,""orientation_w"":0.9775,""orientation_x"":-0.0033,""orientation_y"":0.0153,""orientation_z"":0.2102,""yaw_rate_radps"":0.0}"
8801,7844181154617,/autodrive/roboracer_1/imu,Imu,1789296589114035692,,"{""angular_velocity_x_radps"":0.0,""angular_velocity_y_radps"":-0.0001,""ax_mps2"":-0.0001,""ay_mps2"":0.0,""az_mps2"":-0.0102,""orientation_w"":0.9775,""orientation_x"":-0.0033,""orientation_y"":0.0153,""orientation_z"":0.2102,""yaw_rate_radps"":0.0}"
8810,7844205832099,/autodrive/roboracer_1/imu,Imu,1789296589139412849,,"{""angular_velocity_x_radps"":0.0,""angular_velocity_y_radps"":-0.0002,""ax_mps2"":-0.0003,""ay_mps2"":-0.0001,""az_mps2"":-0.0064,""orientation_w"":0.9775,""orientation_x"":-0.0033,""orientation_y"":0.0153,""orientation_z"":0.2102,""yaw_rate_radps"":0.0}"
8819,7844230968834,/autodrive/roboracer_1/imu,Imu,1789296589163974443,,"{""angular_velocity_x_radps"":0.0,""angular_velocity_y_radps"":-0.0002,""ax_mps2"":0.0004,""ay_mps2"":0.0,""az_mps2"":0.0004,""orientation_w"":0.9775,""orientation_x"":-0.0033,""orientation_y"":0.0153,""orientation_z"":0.2102,""yaw_rate_radps"":0.0}"
8828,7844257290257,/autodrive/roboracer_1/imu,Imu,1789296589189465645,,"{""angular_velocity_x_radps"":0.0,""angular_velocity_y_radps"":-0.0002,""ax_mps2"":-0.0023,""ay_mps2"":0.0003,""az_mps2"":0.0094,""orientation_w"":0.9775,""orientation_x"":-0.0033,""orientation_y"":0.0153,""orientation_z"":0.2102,""yaw_rate_radps"":0.0}"
8838,7844281130374,/autodrive/roboracer_1/imu,Imu,1789296589214287057,,"{""angular_velocity_x_radps"":0.0,""angular_velocity_y_radps"":-0.0002,""ax_mps2"":0.001,""ay_mps2"":0.0004,""az_mps2"":-0.0107,""orientation_w"":0.9775,""orientation_x"":-0.0033,""orientation_y"":0.0153,""orientation_z"":0.2102,""yaw_rate_radps"":0.0}"
8847,7844306148586,/autodrive/roboracer_1/imu,Imu,1789296589239261557,,"{""angular_velocity_x_radps"":0.0001,""angular_velocity_y_radps"":0.0001,""ax_mps2"":0.0012,""ay_mps2"":-0.0004,""az_mps2"":0.0012,""orientation_w"":0.9775,""orientation_x"":-0.0033,""orientation_y"":0.0153,""orientation_z"":0.2102,""yaw_rate_radps"":0.0}"
8855,7844330777306,/autodrive/roboracer_1/imu,Imu,1789296589264448847,,"{""angular_velocity_x_radps"":0.0,""angular_velocity_y_radps"":0.0001,""ax_mps2"":0.0008,""ay_mps2"":-0.0003,""az_mps2"":-0.0049,""orientation_w"":0.9775,""orientation_x"":-0.0033,""orientation_y"":0.0153,""orientation_z"":0.2102,""yaw_rate_radps"":0.0}"
8865,7844355830544,/autodrive/roboracer_1/imu,Imu,1789296589289047480,,"{""angular_velocity_x_radps"":0.0,""angular_velocity_y_radps"":0.0001,""ax_mps2"":0.0006,""ay_mps2"":0.0006,""az_mps2"":-0.0091,""orientation_w"":0.9775,""orientation_x"":-0.0033,""orientation_y"":0.0153,""orientation_z"":0.2102,""yaw_rate_radps"":0.0}"
8874,7844381297230,/autodrive/roboracer_1/imu,Imu,1789296589313848163,,"{""angular_velocity_x_radps"":0.0001,""angular_velocity_y_radps"":0.0001,""ax_mps2"":-0.0003,""ay_mps2"":-0.0002,""az_mps2"":0.0058,""orientation_w"":0.9775,""orientation_x"":-0.0033,""orientation_y"":0.0153,""orientation_z"":0.2102,""yaw_rate_radps"":0.0}"
8883,7844406013544,/autodrive/roboracer_1/imu,Imu,1789296589339453219,,"{""angular_velocity_x_radps"":0.0,""angular_velocity_y_radps"":0.0001,""ax_mps2"":-0.0002,""ay_mps2"":0.0004,""az_mps2"":-0.006,""orientation_w"":0.9775,""orientation_x"":-0.0033,""orientation_y"":0.0153,""orientation_z"":0.2102,""yaw_rate_radps"":0.0}"
8891,7844430997161,/autodrive/roboracer_1/imu,Imu,1789296589363609290,,"{""angular_velocity_x_radps"":0.0,""angular_velocity_y_radps"":0.0,""ax_mps2"":-0.0003,""ay_mps2"":0.0001,""az_mps2"":0.0013,""orientation_w"":0.9775,""orientation_x"":-0.0033,""orientation_y"":0.0153,""orientation_z"":0.2102,""yaw_rate_radps"":0.0}"
8901,7844455128115,/autodrive/roboracer_1/imu,Imu,1789296589388564754,,"{""angular_velocity_x_radps"":0.0,""angular_velocity_y_radps"":0.0,""ax_mps2"":0.0002,""ay_mps2"":-0.0003,""az_mps2"":0.0053,""orientation_w"":0.9775,""orientation_x"":-0.0033,""orientation_y"":0.0153,""orientation_z"":0.2102,""yaw_rate_radps"":0.0}"
8909,7844481254231,/autodrive/roboracer_1/imu,Imu,1789296589414206299,,"{""angular_velocity_x_radps"":0.0,""angular_velocity_y_radps"":0.0,""ax_mps2"":0.0011,""ay_mps2"":0.0,""az_mps2"":-0.0078,""orientation_w"":0.9775,""orientation_x"":-0.0033,""orientation_y"":0.0153,""orientation_z"":0.2102,""yaw_rate_radps"":0.0}"
8919,7844506328959,/autodrive/roboracer_1/imu,Imu,1789296589439312086,,"{""angular_velocity_x_radps"":0.0,""angular_velocity_y_radps"":0.0,""ax_mps2"":-0.0003,""ay_mps2"":0.0003,""az_mps2"":-0.0019,""orientation_w"":0.9775,""orientation_x"":-0.0033,""orientation_y"":0.0153,""orientation_z"":0.2102,""yaw_rate_radps"":0.0}"
8928,7844531116027,/autodrive/roboracer_1/imu,Imu,1789296589463766307,,"{""angular_velocity_x_radps"":0.0,""angular_velocity_y_radps"":0.0,""ax_mps2"":0.0,""ay_mps2"":0.0004,""az_mps2"":0.0075,""orientation_w"":0.9775,""orientation_x"":-0.0033,""orientation_y"":0.0153,""orientation_z"":0.2102,""yaw_rate_radps"":0.0}"
8937,7844556433151,/autodrive/roboracer_1/imu,Imu,1789296589489186666,,"{""angular_velocity_x_radps"":0.0,""angular_velocity_y_radps"":0.0,""ax_mps2"":0.0001,""ay_mps2"":-0.0001,""az_mps2"":-0.0046,""orientation_w"":0.9775,""orientation_x"":-0.0033,""orientation_y"":0.0153,""orientation_z"":0.2102,""yaw_rate_radps"":0.0}"
8946,7844581082229,/autodrive/roboracer_1/imu,Imu,1789296589514030170,,"{""angular_velocity_x_radps"":0.0,""angular_velocity_y_radps"":0.0,""ax_mps2"":0.0002,""ay_mps2"":0.0,""az_mps2"":0.0034,""orientation_w"":0.9775,""orientation_x"":-0.0033,""orientation_y"":0.0153,""orientation_z"":0.2102,""yaw_rate_radps"":0.0}"
8954,7844606385257,/autodrive/roboracer_1/imu,Imu,1789296589539378603,,"{""angular_velocity_x_radps"":0.0,""angular_velocity_y_radps"":0.0,""ax_mps2"":0.0001,""ay_mps2"":0.0001,""az_mps2"":-0.0114,""orientation_w"":0.9775,""orientation_x"":-0.0033,""orientation_y"":0.0153,""orientation_z"":0.2102,""yaw_rate_radps"":0.0}"
8964,7844630404751,/autodrive/roboracer_1/imu,Imu,1789296589563535255,,"{""angular_velocity_x_radps"":0.0,""angular_velocity_y_radps"":0.0,""ax_mps2"":-0.0004,""ay_mps2"":0.0002,""az_mps2"":-0.0071,""orientation_w"":0.9775,""orientation_x"":-0.0033,""orientation_y"":0.0153,""orientation_z"":0.2102,""yaw_rate_radps"":0.0}"
8973,7844655224250,/autodrive/roboracer_1/imu,Imu,1789296589588749185,,"{""angular_velocity_x_radps"":0.0,""angular_velocity_y_radps"":0.0,""ax_mps2"":0.0003,""ay_mps2"":-0.0004,""az_mps2"":0.0033,""orientation_w"":0.9775,""orientation_x"":-0.0033,""orientation_y"":0.0153,""orientation_z"":0.2102,""yaw_rate_radps"":0.0}"
8981,7844680962506,/autodrive/roboracer_1/imu,Imu,1789296589613928831,,"{""angular_velocity_x_radps"":0.0,""angular_velocity_y_radps"":0.0,""ax_mps2"":0.0006,""ay_mps2"":0.0,""az_mps2"":-0.0035,""orientation_w"":0.9775,""orientation_x"":-0.0033,""orientation_y"":0.0153,""orientation_z"":0.2102,""yaw_rate_radps"":0.0}"
8991,7844706073292,/autodrive/roboracer_1/imu,Imu,1789296589639291361,,"{""angular_velocity_x_radps"":0.0,""angular_velocity_y_radps"":0.0,""ax_mps2"":0.0002,""ay_mps2"":0.0,""az_mps2"":-0.0025,""orientation_w"":0.9775,""orientation_x"":-0.0033,""orientation_y"":0.0153,""orientation_z"":0.2102,""yaw_rate_radps"":0.0}"
8999,7844729957532,/autodrive/roboracer_1/imu,Imu,1789296589663558070,,"{""angular_velocity_x_radps"":0.0,""angular_velocity_y_radps"":0.0,""ax_mps2"":-0.0005,""ay_mps2"":0.0003,""az_mps2"":0.015,""orientation_w"":0.9775,""orientation_x"":-0.0033,""orientation_y"":0.0153,""orientation_z"":0.2102,""yaw_rate_radps"":0.0}"
9009,7844756639203,/autodrive/roboracer_1/imu,Imu,1789296589689113022,,"{""angular_velocity_x_radps"":0.0,""angular_velocity_y_radps"":0.0001,""ax_mps2"":-0.0006,""ay_mps2"":-0.0005,""az_mps2"":0.0069,""orientation_w"":0.9775,""orientation_x"":-0.0033,""orientation_y"":0.0153,""orientation_z"":0.2102,""yaw_rate_radps"":0.0}"
9018,7844781171441,/autodrive/roboracer_1/imu,Imu,1789296589713827272,,"{""angular_velocity_x_radps"":0.0,""angular_velocity_y_radps"":0.0001,""ax_mps2"":0.0,""ay_mps2"":0.0001,""az_mps2"":0.0019,""orientation_w"":0.9775,""orientation_x"":-0.0033,""orientation_y"":0.0153,""orientation_z"":0.2102,""yaw_rate_radps"":0.0}"
9026,7844805827623,/autodrive/roboracer_1/imu,Imu,1789296589739468166,,"{""angular_velocity_x_radps"":0.0,""angular_velocity_y_radps"":0.0001,""ax_mps2"":0.0003,""ay_mps2"":-0.0001,""az_mps2"":-0.0032,""orientation_w"":0.9775,""orientation_x"":-0.0033,""orientation_y"":0.0153,""orientation_z"":0.2102,""yaw_rate_radps"":0.0}"
9036,7844831276334,/autodrive/roboracer_1/imu,Imu,1789296589764062420,,"{""angular_velocity_x_radps"":0.0,""angular_velocity_y_radps"":0.0001,""ax_mps2"":-0.0004,""ay_mps2"":0.0002,""az_mps2"":0.0039,""orientation_w"":0.9775,""orientation_x"":-0.0033,""orientation_y"":0.0153,""orientation_z"":0.2102,""yaw_rate_radps"":0.0}"
9045,7844855960288,/autodrive/roboracer_1/imu,Imu,1789296589789169109,,"{""angular_velocity_x_radps"":0.0,""angular_velocity_y_radps"":0.0001,""ax_mps2"":0.0002,""ay_mps2"":0.0004,""az_mps2"":-0.0007,""orientation_w"":0.9775,""orientation_x"":-0.0033,""orientation_y"":0.0153,""orientation_z"":0.2102,""yaw_rate_radps"":0.0}"
9055,7844882020770,/autodrive/roboracer_1/imu,Imu,1789296589814286859,,"{""angular_velocity_x_radps"":0.0,""angular_velocity_y_radps"":0.0001,""ax_mps2"":0.0003,""ay_mps2"":-0.0001,""az_mps2"":-0.0095,""orientation_w"":0.9775,""orientation_x"":-0.0033,""orientation_y"":0.0153,""orientation_z"":0.2102,""yaw_rate_radps"":0.0}"
9063,7844906258264,/autodrive/roboracer_1/imu,Imu,1789296589839106417,,"{""angular_velocity_x_radps"":0.0,""angular_velocity_y_radps"":0.0001,""ax_mps2"":-0.0001,""ay_mps2"":0.0001,""az_mps2"":0.0005,""orientation_w"":0.9775,""orientation_x"":-0.0033,""orientation_y"":0.0153,""orientation_z"":0.2102,""yaw_rate_radps"":0.0}"
9072,7844930107238,/autodrive/roboracer_1/imu,Imu,1789296589863580456,,"{""angular_velocity_x_radps"":0.0,""angular_velocity_y_radps"":0.0001,""ax_mps2"":0.0,""ay_mps2"":0.0002,""az_mps2"":-0.0021,""orientation_w"":0.9775,""orientation_x"":-0.0033,""orientation_y"":0.0153,""orientation_z"":0.2102,""yaw_rate_radps"":0.0}"
9080,7844955988333,/autodrive/roboracer_1/imu,Imu,1789296589889316759,,"{""angular_velocity_x_radps"":0.0,""angular_velocity_y_radps"":0.0,""ax_mps2"":-0.0003,""ay_mps2"":0.0004,""az_mps2"":0.0008,""orientation_w"":0.9775,""orientation_x"":-0.0033,""orientation_y"":0.0153,""orientation_z"":0.2102,""yaw_rate_radps"":0.0}"
9089,7844980983321,/autodrive/roboracer_1/imu,Imu,1789296589914313601,,"{""angular_velocity_x_radps"":0.0,""angular_velocity_y_radps"":-0.0001,""ax_mps2"":0.0004,""ay_mps2"":-0.0004,""az_mps2"":-0.0113,""orientation_w"":0.9775,""orientation_x"":-0.0033,""orientation_y"":0.0153,""orientation_z"":0.2102,""yaw_rate_radps"":0.0}"
9099,7845006244721,/autodrive/roboracer_1/imu,Imu,1789296589939336742,,"{""angular_velocity_x_radps"":0.0,""angular_velocity_y_radps"":-0.0001,""ax_mps2"":0.0003,""ay_mps2"":-0.0002,""az_mps2"":-0.0004,""orientation_w"":0.9775,""orientation_x"":-0.0033,""orientation_y"":0.0153,""orientation_z"":0.2102,""yaw_rate_radps"":0.0}"
9107,7845030454904,/autodrive/roboracer_1/imu,Imu,1789296589963595076,,"{""angular_velocity_x_radps"":0.0,""angular_velocity_y_radps"":0.0,""ax_mps2"":0.0013,""ay_mps2"":-0.0003,""az_mps2"":-0.0158,""orientation_w"":0.9775,""orientation_x"":-0.0033,""orientation_y"":0.0153,""orientation_z"":0.2102,""yaw_rate_radps"":0.0}"
9119,7845056792347,/autodrive/roboracer_1/imu,Imu,1789296589988726441,,"{""angular_velocity_x_radps"":0.0,""angular_velocity_y_radps"":0.0,""ax_mps2"":0.0002,""ay_mps2"":0.0005,""az_mps2"":-0.0086,""orientation_w"":0.9775,""orientation_x"":-0.0033,""orientation_y"":0.0153,""orientation_z"":0.2102,""yaw_rate_radps"":0.0}"
9125,7845081170896,/autodrive/roboracer_1/imu,Imu,1789296590013841074,,"{""angular_velocity_x_radps"":0.0,""angular_velocity_y_radps"":0.0,""ax_mps2"":0.0002,""ay_mps2"":0.0001,""az_mps2"":-0.0001,""orientation_w"":0.9775,""orientation_x"":-0.0033,""orientation_y"":0.0153,""orientation_z"":0.2102,""yaw_rate_radps"":0.0}"
9135,7845109028929,/autodrive/roboracer_1/imu,Imu,1789296590038527432,,"{""angular_velocity_x_radps"":0.0,""angular_velocity_y_radps"":0.0,""ax_mps2"":0.0004,""ay_mps2"":-0.0003,""az_mps2"":-0.0109,""orientation_w"":0.9775,""orientation_x"":-0.0033,""orientation_y"":0.0153,""orientation_z"":0.2102,""yaw_rate_radps"":0.0}"
9143,7845131108024,/autodrive/roboracer_1/imu,Imu,1789296590064103113,,"{""angular_velocity_x_radps"":0.0,""angular_velocity_y_radps"":-0.0001,""ax_mps2"":-0.0002,""ay_mps2"":0.0,""az_mps2"":-0.0001,""orientation_w"":0.9775,""orientation_x"":-0.0033,""orientation_y"":0.0153,""orientation_z"":0.2102,""yaw_rate_radps"":0.0}"
9153,7845156354275,/autodrive/roboracer_1/imu,Imu,1789296590089304860,,"{""angular_velocity_x_radps"":0.0,""angular_velocity_y_radps"":-0.0001,""ax_mps2"":0.0,""ay_mps2"":-0.0003,""az_mps2"":-0.0014,""orientation_w"":0.9775,""orientation_x"":-0.0033,""orientation_y"":0.0153,""orientation_z"":0.2102,""yaw_rate_radps"":0.0}"
9161,7845180998995,/autodrive/roboracer_1/imu,Imu,1789296590114375351,,"{""angular_velocity_x_radps"":0.0,""angular_velocity_y_radps"":-0.0001,""ax_mps2"":-0.0004,""ay_mps2"":0.0,""az_mps2"":0.0043,""orientation_w"":0.9775,""orientation_x"":-0.0033,""orientation_y"":0.0153,""orientation_z"":0.2102,""yaw_rate_radps"":0.0}"
9171,7845206099572,/autodrive/roboracer_1/imu,Imu,1789296590139018087,,"{""angular_velocity_x_radps"":0.0,""angular_velocity_y_radps"":-0.0001,""ax_mps2"":-0.0001,""ay_mps2"":-0.0006,""az_mps2"":-0.0033,""orientation_w"":0.9775,""orientation_x"":-0.0033,""orientation_y"":0.0153,""orientation_z"":0.2102,""yaw_rate_radps"":0.0}"
9179,7845230954908,/autodrive/roboracer_1/imu,Imu,1789296590164346683,,"{""angular_velocity_x_radps"":0.0,""angular_velocity_y_radps"":0.0,""ax_mps2"":0.0011,""ay_mps2"":-0.0007,""az_mps2"":-0.0084,""orientation_w"":0.9775,""orientation_x"":-0.0033,""orientation_y"":0.0153,""orientation_z"":0.2102,""yaw_rate_radps"":0.0}"
9189,7845256113414,/autodrive/roboracer_1/imu,Imu,1789296590189467058,,"{""angular_velocity_x_radps"":0.0,""angular_velocity_y_radps"":0.0,""ax_mps2"":0.0,""ay_mps2"":0.0005,""az_mps2"":-0.0037,""orientation_w"":0.9775,""orientation_x"":-0.0033,""orientation_y"":0.0153,""orientation_z"":0.2102,""yaw_rate_radps"":0.0}"
9197,7845280967989,/autodrive/roboracer_1/imu,Imu,1789296590214138959,,"{""angular_velocity_x_radps"":0.0,""angular_velocity_y_radps"":0.0,""ax_mps2"":-0.0003,""ay_mps2"":-0.0001,""az_mps2"":0.0016,""orientation_w"":0.9775,""orientation_x"":-0.0033,""orientation_y"":0.0153,""orientation_z"":0.2102,""yaw_rate_radps"":0.0}"
9206,7845305989337,/autodrive/roboracer_1/imu,Imu,1789296590239220189,,"{""angular_velocity_x_radps"":0.0,""angular_velocity_y_radps"":0.0,""ax_mps2"":-0.0002,""ay_mps2"":0.0008,""az_mps2"":-0.0164,""orientation_w"":0.9775,""orientation_x"":-0.0033,""orientation_y"":0.0153,""orientation_z"":0.2102,""yaw_rate_radps"":0.0}"
9216,7845331376022,/autodrive/roboracer_1/imu,Imu,1789296590264353087,,"{""angular_velocity_x_radps"":0.0,""angular_velocity_y_radps"":0.0,""ax_mps2"":0.0006,""ay_mps2"":-0.0002,""az_mps2"":-0.0032,""orientation_w"":0.9775,""orientation_x"":-0.0033,""orientation_y"":0.0153,""orientation_z"":0.2102,""yaw_rate_radps"":0.0}"
9224,7845357289117,/autodrive/roboracer_1/imu,Imu,1789296590289421775,,"{""angular_velocity_x_radps"":0.0,""angular_velocity_y_radps"":0.0,""ax_mps2"":0.0005,""ay_mps2"":0.0005,""az_mps2"":-0.0069,""orientation_w"":0.9775,""orientation_x"":-0.0033,""orientation_y"":0.0153,""orientation_z"":0.2102,""yaw_rate_radps"":0.0}"
9234,7845381179438,/autodrive/roboracer_1/imu,Imu,1789296590314452360,,"{""angular_velocity_x_radps"":0.0,""angular_velocity_y_radps"":0.0,""ax_mps2"":-0.0008,""ay_mps2"":0.0005,""az_mps2"":-0.0026,""orientation_w"":0.9775,""orientation_x"":-0.0033,""orientation_y"":0.0153,""orientation_z"":0.2102,""yaw_rate_radps"":0.0}"
9242,7845406114234,/autodrive/roboracer_1/imu,Imu,1789296590339157363,,"{""angular_velocity_x_radps"":0.0,""angular_velocity_y_radps"":0.0,""ax_mps2"":-0.0002,""ay_mps2"":0.0004,""az_mps2"":0.0069,""orientation_w"":0.9775,""orientation_x"":-0.0033,""orientation_y"":0.0153,""orientation_z"":0.2102,""yaw_rate_radps"":0.0}"
